entry_signal,drop_level,exit_signal,buy_pct,alloc_base,alloc_x2,alloc_x3,cagr,worst_ann_ret,passed
1.01,0.005,0.95,0.1,0.0,0.0,1.0,19.25,-35.78,True
1.01,0.005,0.95,0.1,0.0,0.25,0.75,18.48,-33.1,True
1.01,0.005,0.95,0.1,0.0,0.5,0.5,17.61,-30.27,True
1.01,0.005,0.95,0.1,0.0,0.75,0.25,16.62,-27.24,True
1.01,0.005,0.95,0.1,0.0,1.0,0.0,15.51,-24.0,True
1.01,0.005,0.95,0.1,0.1,0.0,1.0,18.94,-38.71,True
1.01,0.005,0.95,0.1,0.1,0.25,0.75,18.26,-36.08,True
1.01,0.005,0.95,0.1,0.1,0.5,0.5,17.49,-33.4,True
1.01,0.005,0.95,0.1,0.1,0.75,0.25,16.62,-30.66,True
1.01,0.005,0.95,0.1,0.1,1.0,0.0,15.64,-27.85,True
1.01,0.005,0.95,0.1,0.2,0.0,1.0,18.46,-42.8,True
1.01,0.005,0.95,0.1,0.2,0.25,0.75,17.89,-40.28,True
1.01,0.005,0.95,0.1,0.2,0.5,0.5,17.25,-37.59,True
1.01,0.005,0.95,0.1,0.2,0.75,0.25,16.51,-34.85,True
1.01,0.005,0.95,0.1,0.2,1.0,0.0,15.67,-32.06,True
1.01,0.005,0.95,0.1,0.3,0.0,1.0,18.16,-43.31,True
1.01,0.005,0.95,0.1,0.3,0.25,0.75,17.66,-41.25,True
1.01,0.005,0.95,0.1,0.3,0.5,0.5,17.08,-39.09,True
1.01,0.005,0.95,0.1,0.3,0.75,0.25,16.43,-36.81,True
1.01,0.005,0.95,0.1,0.3,1.0,0.0,15.7,-34.42,True
1.01,0.005,0.95,0.2,0.0,0.0,1.0,19.41,-45.32,True
1.01,0.005,0.95,0.2,0.0,0.25,0.75,18.76,-41.8,True
1.01,0.005,0.95,0.2,0.0,0.5,0.5,17.98,-38.18,True
1.01,0.005,0.95,0.2,0.0,0.75,0.25,17.06,-34.47,True
1.01,0.005,0.95,0.2,0.0,1.0,0.0,15.99,-30.65,True
1.01,0.005,0.95,0.2,0.1,0.0,1.0,19.47,-44.85,True
1.01,0.005,0.95,0.2,0.1,0.25,0.75,18.82,-41.88,True
1.01,0.005,0.95,0.2,0.1,0.5,0.5,18.06,-38.8,True
1.01,0.005,0.95,0.2,0.1,0.75,0.25,17.19,-35.61,True
1.01,0.005,0.95,0.2,0.1,1.0,0.0,16.19,-32.3,True
1.01,0.005,0.95,0.2,0.2,0.0,1.0,19.32,-44.38,True
1.01,0.005,0.95,0.2,0.2,0.25,0.75,18.71,-41.86,True
1.01,0.005,0.95,0.2,0.2,0.5,0.5,18.0,-39.25,True
1.01,0.005,0.95,0.2,0.2,0.75,0.25,17.2,-36.54,True
1.01,0.005,0.95,0.2,0.2,1.0,0.0,16.3,-33.72,True
1.01,0.005,0.95,0.2,0.3,0.0,1.0,19.0,-43.91,True
1.01,0.005,0.95,0.2,0.3,0.25,0.75,18.48,-41.81,True
1.01,0.005,0.95,0.2,0.3,0.5,0.5,17.86,-39.61,True
1.01,0.005,0.95,0.2,0.3,0.75,0.25,17.14,-37.31,True
1.01,0.005,0.95,0.2,0.3,1.0,0.0,16.32,-34.93,True
1.01,0.005,0.95,0.3,0.0,0.0,1.0,19.93,-45.85,True
1.01,0.005,0.95,0.3,0.0,0.25,0.75,19.26,-42.33,True
1.01,0.005,0.95,0.3,0.0,0.5,0.5,18.46,-38.71,True
1.01,0.005,0.95,0.3,0.0,0.75,0.25,17.53,-35.0,True
1.01,0.005,0.95,0.3,0.0,1.0,0.0,16.43,-31.18,True
1.01,0.005,0.95,0.3,0.1,0.0,1.0,19.56,-45.23,True
1.01,0.005,0.95,0.3,0.1,0.25,0.75,18.95,-42.24,True
1.01,0.005,0.95,0.3,0.1,0.5,0.5,18.22,-39.14,True
1.01,0.005,0.95,0.3,0.1,0.75,0.25,17.37,-35.93,True
1.01,0.005,0.95,0.3,0.1,1.0,0.0,16.38,-32.62,True
1.01,0.005,0.95,0.3,0.2,0.0,1.0,18.89,-44.6,True
1.01,0.005,0.95,0.3,0.2,0.25,0.75,18.37,-42.07,True
1.01,0.005,0.95,0.3,0.2,0.5,0.5,17.75,-39.43,True
1.01,0.005,0.95,0.3,0.2,0.75,0.25,17.0,-36.7,True
1.01,0.005,0.95,0.3,0.2,1.0,0.0,16.15,-33.86,True
1.01,0.005,0.95,0.3,0.3,0.0,1.0,18.13,-44.03,True
1.01,0.005,0.95,0.3,0.3,0.25,0.75,17.72,-41.92,True
1.01,0.005,0.95,0.3,0.3,0.5,0.5,17.21,-39.71,True
1.01,0.005,0.95,0.3,0.3,0.75,0.25,16.6,-37.4,True
1.01,0.005,0.95,0.3,0.3,1.0,0.0,15.9,-34.99,True
1.01,0.005,0.95,0.4,0.0,0.0,1.0,19.46,-46.06,True
1.01,0.005,0.95,0.4,0.0,0.25,0.75,18.86,-42.53,True
1.01,0.005,0.95,0.4,0.0,0.5,0.5,18.13,-38.9,True
1.01,0.005,0.95,0.4,0.0,0.75,0.25,17.25,-35.17,True
1.01,0.005,0.95,0.4,0.0,1.0,0.0,16.21,-31.34,True
1.01,0.005,0.95,0.4,0.1,0.0,1.0,18.77,-45.35,True
1.01,0.005,0.95,0.4,0.1,0.25,0.75,18.27,-42.34,True
1.01,0.005,0.95,0.4,0.1,0.5,0.5,17.64,-39.23,True
1.01,0.005,0.95,0.4,0.1,0.75,0.25,16.88,-36.01,True
1.01,0.005,0.95,0.4,0.1,1.0,0.0,15.97,-32.69,True
1.01,0.005,0.95,0.4,0.2,0.0,1.0,18.26,-44.72,True
1.01,0.005,0.95,0.4,0.2,0.25,0.75,17.81,-42.19,True
1.01,0.005,0.95,0.4,0.2,0.5,0.5,17.26,-39.54,True
1.01,0.005,0.95,0.4,0.2,0.75,0.25,16.59,-36.8,True
1.01,0.005,0.95,0.4,0.2,1.0,0.0,15.81,-33.94,True
1.01,0.005,0.95,0.4,0.3,0.0,1.0,18.12,-44.17,True
1.01,0.005,0.95,0.4,0.3,0.25,0.75,17.71,-42.05,True
1.01,0.005,0.95,0.4,0.3,0.5,0.5,17.19,-39.84,True
1.01,0.005,0.95,0.4,0.3,0.75,0.25,16.56,-37.52,True
1.01,0.005,0.95,0.4,0.3,1.0,0.0,15.84,-35.1,True
1.01,0.005,0.97,0.1,0.0,0.0,1.0,13.57,-29.73,True
1.01,0.005,0.97,0.1,0.0,0.25,0.75,13.16,-27.47,True
1.01,0.005,0.97,0.1,0.0,0.5,0.5,12.67,-25.17,True
1.01,0.005,0.97,0.1,0.0,0.75,0.25,12.09,-22.83,True
1.01,0.005,0.97,0.1,0.0,1.0,0.0,11.4,-20.46,True
1.01,0.005,0.97,0.1,0.1,0.0,1.0,14.21,-33.09,True
1.01,0.005,0.97,0.1,0.1,0.25,0.75,13.86,-30.92,True
1.01,0.005,0.97,0.1,0.1,0.5,0.5,13.45,-28.74,True
1.01,0.005,0.97,0.1,0.1,0.75,0.25,12.95,-26.55,True
1.01,0.005,0.97,0.1,0.1,1.0,0.0,12.38,-24.35,True
1.01,0.005,0.97,0.1,0.2,0.0,1.0,14.53,-37.39,True
1.01,0.005,0.97,0.1,0.2,0.25,0.75,14.26,-35.26,True
1.01,0.005,0.97,0.1,0.2,0.5,0.5,13.92,-33.12,True
1.01,0.005,0.97,0.1,0.2,0.75,0.25,13.53,-30.97,True
1.01,0.005,0.97,0.1,0.2,1.0,0.0,13.07,-28.8,True
1.01,0.005,0.97,0.1,0.3,0.0,1.0,15.07,-39.59,True
1.01,0.005,0.97,0.1,0.3,0.25,0.75,14.78,-37.87,True
1.01,0.005,0.97,0.1,0.3,0.5,0.5,14.45,-36.1,True
1.01,0.005,0.97,0.1,0.3,0.75,0.25,14.07,-34.27,True
1.01,0.005,0.97,0.1,0.3,1.0,0.0,13.65,-32.37,True
1.01,0.005,0.97,0.2,0.0,0.0,1.0,14.77,-38.7,True
1.01,0.005,0.97,0.2,0.0,0.25,0.75,14.36,-35.84,True
1.01,0.005,0.97,0.2,0.0,0.5,0.5,13.86,-32.94,True
1.01,0.005,0.97,0.2,0.0,0.75,0.25,13.24,-29.99,True
1.01,0.005,0.97,0.2,0.0,1.0,0.0,12.5,-26.99,True
1.01,0.005,0.97,0.2,0.1,0.0,1.0,15.73,-39.67,True
1.01,0.005,0.97,0.2,0.1,0.25,0.75,15.3,-37.21,True
1.01,0.005,0.97,0.2,0.1,0.5,0.5,14.79,-34.69,True
1.01,0.005,0.97,0.2,0.1,0.75,0.25,14.19,-32.11,True
1.01,0.005,0.97,0.2,0.1,1.0,0.0,13.49,-29.45,True
1.01,0.005,0.97,0.2,0.2,0.0,1.0,16.16,-40.4,True
1.01,0.005,0.97,0.2,0.2,0.25,0.75,15.75,-38.27,True
1.01,0.005,0.97,0.2,0.2,0.5,0.5,15.28,-36.09,True
1.01,0.005,0.97,0.2,0.2,0.75,0.25,14.74,-33.86,True
1.01,0.005,0.97,0.2,0.2,1.0,0.0,14.13,-31.56,True
1.01,0.005,0.97,0.2,0.3,0.0,1.0,16.34,-40.99,True
1.01,0.005,0.97,0.2,0.3,0.25,0.75,15.96,-39.16,True
1.01,0.005,0.97,0.2,0.3,0.5,0.5,15.53,-37.29,True
1.01,0.005,0.97,0.2,0.3,0.75,0.25,15.04,-35.36,True
1.01,0.005,0.97,0.2,0.3,1.0,0.0,14.51,-33.39,True
1.01,0.005,0.97,0.3,0.0,0.0,1.0,16.24,-40.12,True
1.01,0.005,0.97,0.3,0.0,0.25,0.75,15.73,-37.23,True
1.01,0.005,0.97,0.3,0.0,0.5,0.5,15.13,-34.29,True
1.01,0.005,0.97,0.3,0.0,0.75,0.25,14.41,-31.3,True
1.01,0.005,0.97,0.3,0.0,1.0,0.0,13.56,-28.25,True
1.01,0.005,0.97,0.3,0.1,0.0,1.0,16.45,-40.92,True
1.01,0.005,0.97,0.3,0.1,0.25,0.75,15.98,-38.39,True
1.01,0.005,0.97,0.3,0.1,0.5,0.5,15.43,-35.81,True
1.01,0.005,0.97,0.3,0.1,0.75,0.25,14.79,-33.16,True
1.01,0.005,0.97,0.3,0.1,1.0,0.0,14.06,-30.46,True
1.01,0.005,0.97,0.3,0.2,0.0,1.0,16.43,-41.54,True
1.01,0.005,0.97,0.3,0.2,0.25,0.75,16.01,-39.33,True
1.01,0.005,0.97,0.3,0.2,0.5,0.5,15.52,-37.07,True
1.01,0.005,0.97,0.3,0.2,0.75,0.25,14.97,-34.75,True
1.01,0.005,0.97,0.3,0.2,1.0,0.0,14.36,-32.39,True
1.01,0.005,0.97,0.3,0.3,0.0,1.0,16.54,-42.08,True
1.01,0.005,0.97,0.3,0.3,0.25,0.75,16.15,-40.17,True
1.01,0.005,0.97,0.3,0.3,0.5,0.5,15.71,-38.2,True
1.01,0.005,0.97,0.3,0.3,0.75,0.25,15.22,-36.19,True
1.01,0.005,0.97,0.3,0.3,1.0,0.0,14.68,-34.13,True
1.01,0.005,0.97,0.4,0.0,0.0,1.0,16.5,-41.18,True
1.01,0.005,0.97,0.4,0.0,0.25,0.75,15.99,-38.25,True
1.01,0.005,0.97,0.4,0.0,0.5,0.5,15.38,-35.27,True
1.01,0.005,0.97,0.4,0.0,0.75,0.25,14.65,-32.21,True
1.01,0.005,0.97,0.4,0.0,1.0,0.0,13.8,-29.1,True
1.01,0.005,0.97,0.4,0.1,0.0,1.0,16.5,-41.93,True
1.01,0.005,0.97,0.4,0.1,0.25,0.75,16.04,-39.34,True
1.01,0.005,0.97,0.4,0.1,0.5,0.5,15.49,-36.7,True
1.01,0.005,0.97,0.4,0.1,0.75,0.25,14.85,-33.99,True
1.01,0.005,0.97,0.4,0.1,1.0,0.0,14.12,-31.22,True
1.01,0.005,0.97,0.4,0.2,0.0,1.0,16.6,-42.59,True
1.01,0.005,0.97,0.4,0.2,0.25,0.75,16.17,-40.33,True
1.01,0.005,0.97,0.4,0.2,0.5,0.5,15.68,-38.0,True
1.01,0.005,0.97,0.4,0.2,0.75,0.25,15.1,-35.61,True
1.01,0.005,0.97,0.4,0.2,1.0,0.0,14.44,-33.17,True
1.01,0.005,0.97,0.4,0.3,0.0,1.0,16.89,-43.21,True
1.01,0.005,0.97,0.4,0.3,0.25,0.75,16.44,-41.23,True
1.01,0.005,0.97,0.4,0.3,0.5,0.5,15.95,-39.2,True
1.01,0.005,0.97,0.4,0.3,0.75,0.25,15.4,-37.12,True
1.01,0.005,0.97,0.4,0.3,1.0,0.0,14.81,-34.99,True
1.01,0.005,0.99,0.1,0.0,0.0,1.0,6.83,-29.17,True
1.01,0.005,0.99,0.1,0.0,0.25,0.75,6.79,-26.9,True
1.01,0.005,0.99,0.1,0.0,0.5,0.5,6.69,-24.59,True
1.01,0.005,0.99,0.1,0.0,0.75,0.25,6.53,-22.22,True
1.01,0.005,0.99,0.1,0.0,1.0,0.0,6.3,-19.81,True
1.01,0.005,0.99,0.1,0.1,0.0,1.0,9.63,-27.26,True
1.01,0.005,0.99,0.1,0.1,0.25,0.75,9.57,-25.41,True
1.01,0.005,0.99,0.1,0.1,0.5,0.5,9.47,-23.58,True
1.01,0.005,0.99,0.1,0.1,0.75,0.25,9.33,-21.75,True
1.01,0.005,0.99,0.1,0.1,1.0,0.0,9.15,-19.93,True
1.01,0.005,0.99,0.1,0.2,0.0,1.0,11.31,-33.84,True
1.01,0.005,0.99,0.1,0.2,0.25,0.75,11.22,-31.87,True
1.01,0.005,0.99,0.1,0.2,0.5,0.5,11.12,-29.91,True
1.01,0.005,0.99,0.1,0.2,0.75,0.25,11.0,-27.96,True
1.01,0.005,0.99,0.1,0.2,1.0,0.0,10.84,-26.02,True
1.01,0.005,0.99,0.1,0.3,0.0,1.0,12.72,-36.4,True
1.01,0.005,0.99,0.1,0.3,0.25,0.75,12.6,-34.92,True
1.01,0.005,0.99,0.1,0.3,0.5,0.5,12.45,-33.37,True
1.01,0.005,0.99,0.1,0.3,0.75,0.25,12.29,-31.77,True
1.01,0.005,0.99,0.1,0.3,1.0,0.0,12.12,-30.12,True
1.01,0.005,0.99,0.2,0.0,0.0,1.0,9.21,-32.78,True
1.01,0.005,0.99,0.2,0.0,0.25,0.75,9.08,-30.23,True
1.01,0.005,0.99,0.2,0.0,0.5,0.5,8.88,-27.59,True
1.01,0.005,0.99,0.2,0.0,0.75,0.25,8.59,-24.9,True
1.01,0.005,0.99,0.2,0.0,1.0,0.0,8.22,-22.21,True
1.01,0.005,0.99,0.2,0.1,0.0,1.0,11.91,-35.08,True
1.01,0.005,0.99,0.2,0.1,0.25,0.75,11.68,-32.89,True
1.01,0.005,0.99,0.2,0.1,0.5,0.5,11.41,-30.64,True
1.01,0.005,0.99,0.2,0.1,0.75,0.25,11.09,-28.33,True
1.01,0.005,0.99,0.2,0.1,1.0,0.0,10.71,-25.96,True
1.01,0.005,0.99,0.2,0.2,0.0,1.0,13.18,-37.65,True
1.01,0.005,0.99,0.2,0.2,0.25,0.75,12.95,-35.73,True
1.01,0.005,0.99,0.2,0.2,0.5,0.5,12.69,-33.75,True
1.01,0.005,0.99,0.2,0.2,0.75,0.25,12.39,-31.73,True
1.01,0.005,0.99,0.2,0.2,1.0,0.0,12.06,-29.64,True
1.01,0.005,0.99,0.2,0.3,0.0,1.0,14.07,-39.02,True
1.01,0.005,0.99,0.2,0.3,0.25,0.75,13.86,-37.43,True
1.01,0.005,0.99,0.2,0.3,0.5,0.5,13.62,-35.78,True
1.01,0.005,0.99,0.2,0.3,0.75,0.25,13.36,-34.08,True
1.01,0.005,0.99,0.2,0.3,1.0,0.0,13.07,-32.33,True
1.01,0.005,0.99,0.3,0.0,0.0,1.0,11.81,-35.38,True
1.01,0.005,0.99,0.3,0.0,0.25,0.75,11.51,-32.69,True
1.01,0.005,0.99,0.3,0.0,0.5,0.5,11.13,-29.96,True
1.01,0.005,0.99,0.3,0.0,0.75,0.25,10.67,-27.18,True
1.01,0.005,0.99,0.3,0.0,1.0,0.0,10.11,-24.36,True
1.01,0.005,0.99,0.3,0.1,0.0,1.0,13.31,-37.81,True
1.01,0.005,0.99,0.3,0.1,0.25,0.75,13.0,-35.46,True
1.01,0.005,0.99,0.3,0.1,0.5,0.5,12.63,-33.06,True
1.01,0.005,0.99,0.3,0.1,0.75,0.25,12.21,-30.61,True
1.01,0.005,0.99,0.3,0.1,1.0,0.0,11.73,-28.1,True
1.01,0.005,0.99,0.3,0.2,0.0,1.0,14.25,-38.83,True
1.01,0.005,0.99,0.3,0.2,0.25,0.75,13.95,-36.86,True
1.01,0.005,0.99,0.3,0.2,0.5,0.5,13.61,-34.82,True
1.01,0.005,0.99,0.3,0.2,0.75,0.25,13.23,-32.72,True
1.01,0.005,0.99,0.3,0.2,1.0,0.0,12.81,-30.58,True
1.01,0.005,0.99,0.3,0.3,0.0,1.0,14.87,-39.69,True
1.01,0.005,0.99,0.3,0.3,0.25,0.75,14.59,-38.03,True
1.01,0.005,0.99,0.3,0.3,0.5,0.5,14.27,-36.31,True
1.01,0.005,0.99,0.3,0.3,0.75,0.25,13.89,-34.54,True
1.01,0.005,0.99,0.3,0.3,1.0,0.0,13.47,-32.72,True
1.01,0.005,0.99,0.4,0.0,0.0,1.0,13.08,-37.17,True
1.01,0.005,0.99,0.4,0.0,0.25,0.75,12.7,-34.37,True
1.01,0.005,0.99,0.4,0.0,0.5,0.5,12.23,-31.51,True
1.01,0.005,0.99,0.4,0.0,0.75,0.25,11.68,-28.61,True
1.01,0.005,0.99,0.4,0.0,1.0,0.0,11.02,-25.66,True
1.01,0.005,0.99,0.4,0.1,0.0,1.0,14.23,-38.46,True
1.01,0.005,0.99,0.4,0.1,0.25,0.75,13.86,-36.08,True
1.01,0.005,0.99,0.4,0.1,0.5,0.5,13.42,-33.63,True
1.01,0.005,0.99,0.4,0.1,0.75,0.25,12.92,-31.13,True
1.01,0.005,0.99,0.4,0.1,1.0,0.0,12.34,-28.58,True
1.01,0.005,0.99,0.4,0.2,0.0,1.0,14.67,-39.55,True
1.01,0.005,0.99,0.4,0.2,0.25,0.75,14.31,-37.54,True
1.01,0.005,0.99,0.4,0.2,0.5,0.5,13.9,-35.46,True
1.01,0.005,0.99,0.4,0.2,0.75,0.25,13.45,-33.32,True
1.01,0.005,0.99,0.4,0.2,1.0,0.0,12.95,-31.12,True
1.01,0.005,0.99,0.4,0.3,0.0,1.0,15.1,-40.47,True
1.01,0.005,0.99,0.4,0.3,0.25,0.75,14.76,-38.78,True
1.01,0.005,0.99,0.4,0.3,0.5,0.5,14.39,-37.02,True
1.01,0.005,0.99,0.4,0.3,0.75,0.25,13.99,-35.21,True
1.01,0.005,0.99,0.4,0.3,1.0,0.0,13.56,-33.34,True
1.01,0.005,1.0,0.1,0.0,0.0,1.0,2.27,-27.84,True
1.01,0.005,1.0,0.1,0.0,0.25,0.75,2.49,-25.7,True
1.01,0.005,1.0,0.1,0.0,0.5,0.5,2.69,-23.52,True
1.01,0.005,1.0,0.1,0.0,0.75,0.25,2.85,-21.28,True
1.01,0.005,1.0,0.1,0.0,1.0,0.0,2.97,-19.01,True
1.01,0.005,1.0,0.1,0.1,0.0,1.0,7.92,-26.12,True
1.01,0.005,1.0,0.1,0.1,0.25,0.75,7.9,-24.07,True
1.01,0.005,1.0,0.1,0.1,0.5,0.5,7.89,-23.15,True
1.01,0.005,1.0,0.1,0.1,0.75,0.25,7.86,-22.46,True
1.01,0.005,1.0,0.1,0.1,1.0,0.0,7.82,-21.8,True
1.01,0.005,1.0,0.1,0.2,0.0,1.0,10.16,-29.22,True
1.01,0.005,1.0,0.1,0.2,0.25,0.75,10.13,-27.64,True
1.01,0.005,1.0,0.1,0.2,0.5,0.5,10.09,-26.21,True
1.01,0.005,1.0,0.1,0.2,0.75,0.25,10.04,-25.78,True
1.01,0.005,1.0,0.1,0.2,1.0,0.0,9.98,-25.36,True
1.01,0.005,1.0,0.1,0.3,0.0,1.0,11.66,-32.62,True
1.01,0.005,1.0,0.1,0.3,0.25,0.75,11.61,-31.41,True
1.01,0.005,1.0,0.1,0.3,0.5,0.5,11.55,-30.14,True
1.01,0.005,1.0,0.1,0.3,0.75,0.25,11.49,-28.85,True
1.01,0.005,1.0,0.1,0.3,1.0,0.0,11.42,-27.52,True
1.01,0.005,1.0,0.2,0.0,0.0,1.0,4.88,-34.72,True
1.01,0.005,1.0,0.2,0.0,0.25,0.75,5.01,-32.19,True
1.01,0.005,1.0,0.2,0.0,0.5,0.5,5.09,-29.58,True
1.01,0.005,1.0,0.2,0.0,0.75,0.25,5.12,-26.88,True
1.01,0.005,1.0,0.2,0.0,1.0,0.0,5.1,-24.1,True
1.01,0.005,1.0,0.2,0.1,0.0,1.0,9.36,-31.88,True
1.01,0.005,1.0,0.2,0.1,0.25,0.75,9.3,-29.5,True
1.01,0.005,1.0,0.2,0.1,0.5,0.5,9.22,-27.04,True
1.01,0.005,1.0,0.2,0.1,0.75,0.25,9.1,-24.51,True
1.01,0.005,1.0,0.2,0.1,1.0,0.0,8.95,-21.92,True
1.01,0.005,1.0,0.2,0.2,0.0,1.0,11.21,-31.04,True
1.01,0.005,1.0,0.2,0.2,0.25,0.75,11.13,-29.6,True
1.01,0.005,1.0,0.2,0.2,0.5,0.5,11.04,-28.12,True
1.01,0.005,1.0,0.2,0.2,0.75,0.25,10.93,-26.62,True
1.01,0.005,1.0,0.2,0.2,1.0,0.0,10.8,-25.07,True
1.01,0.005,1.0,0.2,0.3,0.0,1.0,12.37,-33.44,True
1.01,0.005,1.0,0.2,0.3,0.25,0.75,12.3,-32.23,True
1.01,0.005,1.0,0.2,0.3,0.5,0.5,12.21,-30.99,True
1.01,0.005,1.0,0.2,0.3,0.75,0.25,12.11,-29.73,True
1.01,0.005,1.0,0.2,0.3,1.0,0.0,11.98,-28.43,True
1.01,0.005,1.0,0.3,0.0,0.0,1.0,7.44,-37.53,True
1.01,0.005,1.0,0.3,0.0,0.25,0.75,7.4,-34.86,True
1.01,0.005,1.0,0.3,0.0,0.5,0.5,7.31,-32.09,True
1.01,0.005,1.0,0.3,0.0,0.75,0.25,7.16,-29.21,True
1.01,0.005,1.0,0.3,0.0,1.0,0.0,6.95,-26.21,True
1.01,0.005,1.0,0.3,0.1,0.0,1.0,10.24,-34.33,True
1.01,0.005,1.0,0.3,0.1,0.25,0.75,10.14,-31.83,True
1.01,0.005,1.0,0.3,0.1,0.5,0.5,10.02,-29.23,True
1.01,0.005,1.0,0.3,0.1,0.75,0.25,9.86,-26.54,True
1.01,0.005,1.0,0.3,0.1,1.0,0.0,9.66,-23.74,True
1.01,0.005,1.0,0.3,0.2,0.0,1.0,11.56,-31.81,True
1.01,0.005,1.0,0.3,0.2,0.25,0.75,11.47,-30.33,True
1.01,0.005,1.0,0.3,0.2,0.5,0.5,11.36,-28.82,True
1.01,0.005,1.0,0.3,0.2,0.75,0.25,11.22,-27.28,True
1.01,0.005,1.0,0.3,0.2,1.0,0.0,11.05,-25.71,True
1.01,0.005,1.0,0.3,0.3,0.0,1.0,12.31,-34.36,True
1.01,0.005,1.0,0.3,0.3,0.25,0.75,12.27,-33.12,True
1.01,0.005,1.0,0.3,0.3,0.5,0.5,12.2,-31.85,True
1.01,0.005,1.0,0.3,0.3,0.75,0.25,12.11,-30.54,True
1.01,0.005,1.0,0.3,0.3,1.0,0.0,12.0,-29.2,True
1.01,0.005,1.0,0.4,0.0,0.0,1.0,8.49,-39.03,True
1.01,0.005,1.0,0.4,0.0,0.25,0.75,8.39,-36.28,True
1.01,0.005,1.0,0.4,0.0,0.5,0.5,8.23,-33.42,True
1.01,0.005,1.0,0.4,0.0,0.75,0.25,8.01,-30.44,True
1.01,0.005,1.0,0.4,0.0,1.0,0.0,7.72,-27.33,True
1.01,0.005,1.0,0.4,0.1,0.0,1.0,10.5,-35.41,True
1.01,0.005,1.0,0.4,0.1,0.25,0.75,10.4,-32.86,True
1.01,0.005,1.0,0.4,0.1,0.5,0.5,10.25,-30.2,True
1.01,0.005,1.0,0.4,0.1,0.75,0.25,10.07,-27.44,True
1.01,0.005,1.0,0.4,0.1,1.0,0.0,9.84,-24.56,True
1.01,0.005,1.0,0.4,0.2,0.0,1.0,11.41,-32.6,True
1.01,0.005,1.0,0.4,0.2,0.25,0.75,11.37,-31.1,True
1.01,0.005,1.0,0.4,0.2,0.5,0.5,11.28,-29.56,True
1.01,0.005,1.0,0.4,0.2,0.75,0.25,11.16,-27.99,True
1.01,0.005,1.0,0.4,0.2,1.0,0.0,11.02,-26.4,True
1.01,0.005,1.0,0.4,0.3,0.0,1.0,12.22,-35.12,True
1.01,0.005,1.0,0.4,0.3,0.25,0.75,12.19,-33.89,True
1.01,0.005,1.0,0.4,0.3,0.5,0.5,12.13,-32.59,True
1.01,0.005,1.0,0.4,0.3,0.75,0.25,12.05,-31.26,True
1.01,0.005,1.0,0.4,0.3,1.0,0.0,11.94,-29.88,True
1.01,0.005,1.01,0.1,0.0,0.0,1.0,5.77,-23.22,True
1.01,0.005,1.01,0.1,0.0,0.25,0.75,5.67,-21.4,True
1.01,0.005,1.01,0.1,0.0,0.5,0.5,5.54,-19.55,True
1.01,0.005,1.01,0.1,0.0,0.75,0.25,5.38,-17.67,True
1.01,0.005,1.01,0.1,0.0,1.0,0.0,5.19,-15.76,True
1.01,0.005,1.01,0.1,0.1,0.0,1.0,8.95,-22.11,True
1.01,0.005,1.01,0.1,0.1,0.25,0.75,8.86,-20.34,True
1.01,0.005,1.01,0.1,0.1,0.5,0.5,8.75,-18.54,True
1.01,0.005,1.01,0.1,0.1,0.75,0.25,8.63,-16.91,True
1.01,0.005,1.01,0.1,0.1,1.0,0.0,8.49,-16.83,True
1.01,0.005,1.01,0.1,0.2,0.0,1.0,10.82,-26.32,True
1.01,0.005,1.01,0.1,0.2,0.25,0.75,10.73,-25.0,True
1.01,0.005,1.01,0.1,0.2,0.5,0.5,10.62,-23.7,True
1.01,0.005,1.01,0.1,0.2,0.75,0.25,10.5,-22.41,True
1.01,0.005,1.01,0.1,0.2,1.0,0.0,10.37,-22.35,True
1.01,0.005,1.01,0.1,0.3,0.0,1.0,12.08,-30.88,True
1.01,0.005,1.01,0.1,0.3,0.25,0.75,11.97,-29.67,True
1.01,0.005,1.01,0.1,0.3,0.5,0.5,11.86,-28.45,True
1.01,0.005,1.01,0.1,0.3,0.75,0.25,11.75,-27.23,True
1.01,0.005,1.01,0.1,0.3,1.0,0.0,11.63,-25.99,True
1.01,0.005,1.01,0.2,0.0,0.0,1.0,7.15,-31.45,True
1.01,0.005,1.01,0.2,0.0,0.25,0.75,7.04,-29.1,True
1.01,0.005,1.01,0.2,0.0,0.5,0.5,6.89,-26.7,True
1.01,0.005,1.01,0.2,0.0,0.75,0.25,6.7,-24.23,True
1.01,0.005,1.01,0.2,0.0,1.0,0.0,6.45,-21.69,True
1.01,0.005,1.01,0.2,0.1,0.0,1.0,10.15,-28.91,True
1.01,0.005,1.01,0.2,0.1,0.25,0.75,10.0,-26.69,True
1.01,0.005,1.01,0.2,0.1,0.5,0.5,9.82,-24.42,True
1.01,0.005,1.01,0.2,0.1,0.75,0.25,9.61,-22.11,True
1.01,0.005,1.01,0.2,0.1,1.0,0.0,9.36,-19.95,True
1.01,0.005,1.01,0.2,0.2,0.0,1.0,11.57,-29.94,True
1.01,0.005,1.01,0.2,0.2,0.25,0.75,11.45,-28.47,True
1.01,0.005,1.01,0.2,0.2,0.5,0.5,11.32,-26.98,True
1.01,0.005,1.01,0.2,0.2,0.75,0.25,11.16,-25.48,True
1.01,0.005,1.01,0.2,0.2,1.0,0.0,10.98,-23.95,True
1.01,0.005,1.01,0.2,0.3,0.0,1.0,12.6,-32.41,True
1.01,0.005,1.01,0.2,0.3,0.25,0.75,12.5,-31.16,True
1.01,0.005,1.01,0.2,0.3,0.5,0.5,12.38,-29.9,True
1.01,0.005,1.01,0.2,0.3,0.75,0.25,12.24,-28.62,True
1.01,0.005,1.01,0.2,0.3,1.0,0.0,12.09,-27.33,True
1.01,0.005,1.01,0.3,0.0,0.0,1.0,8.62,-34.36,True
1.01,0.005,1.01,0.3,0.0,0.25,0.75,8.44,-31.85,True
1.01,0.005,1.01,0.3,0.0,0.5,0.5,8.22,-29.26,True
1.01,0.005,1.01,0.3,0.0,0.75,0.25,7.93,-26.59,True
1.01,0.005,1.01,0.3,0.0,1.0,0.0,7.59,-23.84,True
1.01,0.005,1.01,0.3,0.1,0.0,1.0,10.75,-31.36,True
1.01,0.005,1.01,0.3,0.1,0.25,0.75,10.58,-29.02,True
1.01,0.005,1.01,0.3,0.1,0.5,0.5,10.39,-26.6,True
1.01,0.005,1.01,0.3,0.1,0.75,0.25,10.16,-24.12,True
1.01,0.005,1.01,0.3,0.1,1.0,0.0,9.9,-21.56,True
1.01,0.005,1.01,0.3,0.2,0.0,1.0,11.95,-30.79,True
1.01,0.005,1.01,0.3,0.2,0.25,0.75,11.8,-29.26,True
1.01,0.005,1.01,0.3,0.2,0.5,0.5,11.63,-27.7,True
1.01,0.005,1.01,0.3,0.2,0.75,0.25,11.43,-26.14,True
1.01,0.005,1.01,0.3,0.2,1.0,0.0,11.22,-24.56,True
1.01,0.005,1.01,0.3,0.3,0.0,1.0,12.79,-33.28,True
1.01,0.005,1.01,0.3,0.3,0.25,0.75,12.66,-31.98,True
1.01,0.005,1.01,0.3,0.3,0.5,0.5,12.52,-30.65,True
1.01,0.005,1.01,0.3,0.3,0.75,0.25,12.37,-29.31,True
1.01,0.005,1.01,0.3,0.3,1.0,0.0,12.2,-27.95,True
1.01,0.005,1.01,0.4,0.0,0.0,1.0,9.38,-36.06,True
1.01,0.005,1.01,0.4,0.0,0.25,0.75,9.17,-33.46,True
1.01,0.005,1.01,0.4,0.0,0.5,0.5,8.91,-30.76,True
1.01,0.005,1.01,0.4,0.0,0.75,0.25,8.58,-27.98,True
1.01,0.005,1.01,0.4,0.0,1.0,0.0,8.19,-25.11,True
1.01,0.005,1.01,0.4,0.1,0.0,1.0,11.05,-32.74,True
1.01,0.005,1.01,0.4,0.1,0.25,0.75,10.87,-30.33,True
1.01,0.005,1.01,0.4,0.1,0.5,0.5,10.66,-27.83,True
1.01,0.005,1.01,0.4,0.1,0.75,0.25,10.4,-25.25,True
1.01,0.005,1.01,0.4,0.1,1.0,0.0,10.11,-22.59,True
1.01,0.005,1.01,0.4,0.2,0.0,1.0,12.08,-31.47,True
1.01,0.005,1.01,0.4,0.2,0.25,0.75,11.93,-29.89,True
1.01,0.005,1.01,0.4,0.2,0.5,0.5,11.75,-28.3,True
1.01,0.005,1.01,0.4,0.2,0.75,0.25,11.55,-26.69,True
1.01,0.005,1.01,0.4,0.2,1.0,0.0,11.33,-25.05,True
1.01,0.005,1.01,0.4,0.3,0.0,1.0,12.97,-33.93,True
1.01,0.005,1.01,0.4,0.3,0.25,0.75,12.84,-32.6,True
1.01,0.005,1.01,0.4,0.3,0.5,0.5,12.69,-31.23,True
1.01,0.005,1.01,0.4,0.3,0.75,0.25,12.52,-29.84,True
1.01,0.005,1.01,0.4,0.3,1.0,0.0,12.33,-28.44,True
1.01,0.005,1.02,0.1,0.0,0.0,1.0,4.18,-22.18,True
1.01,0.005,1.02,0.1,0.0,0.25,0.75,4.15,-20.43,True
1.01,0.005,1.02,0.1,0.0,0.5,0.5,4.1,-18.65,True
1.01,0.005,1.02,0.1,0.0,0.75,0.25,4.02,-16.84,True
1.01,0.005,1.02,0.1,0.0,1.0,0.0,3.92,-15.01,True
1.01,0.005,1.02,0.1,0.1,0.0,1.0,8.41,-20.97,True
1.01,0.005,1.02,0.1,0.1,0.25,0.75,8.34,-19.27,True
1.01,0.005,1.02,0.1,0.1,0.5,0.5,8.26,-18.05,True
1.01,0.005,1.02,0.1,0.1,0.75,0.25,8.17,-17.88,True
1.01,0.005,1.02,0.1,0.1,1.0,0.0,8.07,-17.74,True
1.01,0.005,1.02,0.1,0.2,0.0,1.0,10.51,-23.46,True
1.01,0.005,1.02,0.1,0.2,0.25,0.75,10.43,-23.33,True
1.01,0.005,1.02,0.1,0.2,0.5,0.5,10.34,-23.23,True
1.01,0.005,1.02,0.1,0.2,0.75,0.25,10.24,-23.15,True
1.01,0.005,1.02,0.1,0.2,1.0,0.0,10.13,-23.1,True
1.01,0.005,1.02,0.1,0.3,0.0,1.0,11.96,-27.38,True
1.01,0.005,1.02,0.1,0.3,0.25,0.75,11.87,-26.44,True
1.01,0.005,1.02,0.1,0.3,0.5,0.5,11.76,-25.78,True
1.01,0.005,1.02,0.1,0.3,0.75,0.25,11.66,-25.78,True
1.01,0.005,1.02,0.1,0.3,1.0,0.0,11.54,-25.76,True
1.01,0.005,1.02,0.2,0.0,0.0,1.0,6.64,-29.56,True
1.01,0.005,1.02,0.2,0.0,0.25,0.75,6.51,-27.33,True
1.01,0.005,1.02,0.2,0.0,0.5,0.5,6.35,-25.03,True
1.01,0.005,1.02,0.2,0.0,0.75,0.25,6.15,-22.69,True
1.01,0.005,1.02,0.2,0.0,1.0,0.0,5.92,-20.29,True
1.01,0.005,1.02,0.2,0.1,0.0,1.0,9.99,-27.21,True
1.01,0.005,1.02,0.2,0.1,0.25,0.75,9.82,-25.07,True
1.01,0.005,1.02,0.2,0.1,0.5,0.5,9.63,-22.9,True
1.01,0.005,1.02,0.2,0.1,0.75,0.25,9.42,-20.69,True
1.01,0.005,1.02,0.2,0.1,1.0,0.0,9.19,-18.44,True
1.01,0.005,1.02,0.2,0.2,0.0,1.0,11.54,-24.84,True
1.01,0.005,1.02,0.2,0.2,0.25,0.75,11.39,-23.73,True
1.01,0.005,1.02,0.2,0.2,0.5,0.5,11.24,-22.62,True
1.01,0.005,1.02,0.2,0.2,0.75,0.25,11.07,-22.02,True
1.01,0.005,1.02,0.2,0.2,1.0,0.0,10.89,-21.92,True
1.01,0.005,1.02,0.2,0.3,0.0,1.0,12.61,-28.04,True
1.01,0.005,1.02,0.2,0.3,0.25,0.75,12.49,-27.09,True
1.01,0.005,1.02,0.2,0.3,0.5,0.5,12.34,-26.13,True
1.01,0.005,1.02,0.2,0.3,0.75,0.25,12.18,-25.17,True
1.01,0.005,1.02,0.2,0.3,1.0,0.0,12.02,-24.61,True
1.01,0.005,1.02,0.3,0.0,0.0,1.0,8.21,-31.6,True
1.01,0.005,1.02,0.3,0.0,0.25,0.75,7.99,-29.24,True
1.01,0.005,1.02,0.3,0.0,0.5,0.5,7.74,-26.82,True
1.01,0.005,1.02,0.3,0.0,0.75,0.25,7.44,-24.33,True
1.01,0.005,1.02,0.3,0.0,1.0,0.0,7.11,-21.77,True
1.01,0.005,1.02,0.3,0.1,0.0,1.0,10.66,-28.93,True
1.01,0.005,1.02,0.3,0.1,0.25,0.75,10.46,-26.69,True
1.01,0.005,1.02,0.3,0.1,0.5,0.5,10.24,-24.4,True
1.01,0.005,1.02,0.3,0.1,0.75,0.25,10.0,-22.05,True
1.01,0.005,1.02,0.3,0.1,1.0,0.0,9.73,-19.66,True
1.01,0.005,1.02,0.3,0.2,0.0,1.0,11.96,-26.23,True
1.01,0.005,1.02,0.3,0.2,0.25,0.75,11.78,-24.26,True
1.01,0.005,1.02,0.3,0.2,0.5,0.5,11.57,-23.09,True
1.01,0.005,1.02,0.3,0.2,0.75,0.25,11.36,-21.91,True
1.01,0.005,1.02,0.3,0.2,1.0,0.0,11.14,-21.3,True
1.01,0.005,1.02,0.3,0.3,0.0,1.0,12.9,-28.55,True
1.01,0.005,1.02,0.3,0.3,0.25,0.75,12.74,-27.54,True
1.01,0.005,1.02,0.3,0.3,0.5,0.5,12.57,-26.53,True
1.01,0.005,1.02,0.3,0.3,0.75,0.25,12.39,-25.5,True
1.01,0.005,1.02,0.3,0.3,1.0,0.0,12.2,-24.47,True
1.01,0.005,1.02,0.4,0.0,0.0,1.0,9.02,-33.03,True
1.01,0.005,1.02,0.4,0.0,0.25,0.75,8.78,-30.59,True
1.01,0.005,1.02,0.4,0.0,0.5,0.5,8.49,-28.12,True
1.01,0.005,1.02,0.4,0.0,0.75,0.25,8.15,-25.7,True
1.01,0.005,1.02,0.4,0.0,1.0,0.0,7.77,-23.21,True
1.01,0.005,1.02,0.4,0.1,0.0,1.0,11.01,-30.41,True
1.01,0.005,1.02,0.4,0.1,0.25,0.75,10.78,-28.09,True
1.01,0.005,1.02,0.4,0.1,0.5,0.5,10.53,-25.7,True
1.01,0.005,1.02,0.4,0.1,0.75,0.25,10.25,-23.26,True
1.01,0.005,1.02,0.4,0.1,1.0,0.0,9.95,-20.75,True
1.01,0.005,1.02,0.4,0.2,0.0,1.0,12.2,-27.67,True
1.01,0.005,1.02,0.4,0.2,0.25,0.75,12.0,-25.47,True
1.01,0.005,1.02,0.4,0.2,0.5,0.5,11.78,-23.48,True
1.01,0.005,1.02,0.4,0.2,0.75,0.25,11.55,-22.27,True
1.01,0.005,1.02,0.4,0.2,1.0,0.0,11.31,-21.05,True
1.01,0.005,1.02,0.4,0.3,0.0,1.0,12.94,-29.03,True
1.01,0.005,1.02,0.4,0.3,0.25,0.75,12.8,-27.99,True
1.01,0.005,1.02,0.4,0.3,0.5,0.5,12.65,-26.94,True
1.01,0.005,1.02,0.4,0.3,0.75,0.25,12.48,-25.89,True
1.01,0.005,1.02,0.4,0.3,1.0,0.0,12.28,-24.83,True
1.01,0.01,0.95,0.1,0.0,0.0,1.0,17.76,-29.05,True
1.01,0.01,0.95,0.1,0.0,0.25,0.75,17.01,-26.82,True
1.01,0.01,0.95,0.1,0.0,0.5,0.5,16.16,-24.45,True
1.01,0.01,0.95,0.1,0.0,0.75,0.25,15.22,-22.21,True
1.01,0.01,0.95,0.1,0.0,1.0,0.0,14.15,-19.3,True
1.01,0.01,0.95,0.1,0.1,0.0,1.0,18.19,-27.88,True
1.01,0.01,0.95,0.1,0.1,0.25,0.75,17.46,-26.53,True
1.01,0.01,0.95,0.1,0.1,0.5,0.5,16.66,-24.91,True
1.01,0.01,0.95,0.1,0.1,0.75,0.25,15.79,-22.92,True
1.01,0.01,0.95,0.1,0.1,1.0,0.0,14.83,-20.43,True
1.01,0.01,0.95,0.1,0.2,0.0,1.0,18.48,-28.81,True
1.01,0.01,0.95,0.1,0.2,0.25,0.75,17.79,-27.33,True
1.01,0.01,0.95,0.1,0.2,0.5,0.5,17.04,-25.82,True
1.01,0.01,0.95,0.1,0.2,0.75,0.25,16.23,-24.27,True
1.01,0.01,0.95,0.1,0.2,1.0,0.0,15.37,-22.69,True
1.01,0.01,0.95,0.1,0.3,0.0,1.0,18.73,-32.08,True
1.01,0.01,0.95,0.1,0.3,0.25,0.75,18.09,-30.67,True
1.01,0.01,0.95,0.1,0.3,0.5,0.5,17.39,-29.23,True
1.01,0.01,0.95,0.1,0.3,0.75,0.25,16.64,-27.76,True
1.01,0.01,0.95,0.1,0.3,1.0,0.0,15.84,-26.27,True
1.01,0.01,0.95,0.2,0.0,0.0,1.0,20.98,-37.73,True
1.01,0.01,0.95,0.2,0.0,0.25,0.75,20.08,-34.88,True
1.01,0.01,0.95,0.2,0.0,0.5,0.5,19.07,-31.86,True
1.01,0.01,0.95,0.2,0.0,0.75,0.25,17.94,-28.64,True
1.01,0.01,0.95,0.2,0.0,1.0,0.0,16.67,-25.19,True
1.01,0.01,0.95,0.2,0.1,0.0,1.0,20.38,-35.07,True
1.01,0.01,0.95,0.2,0.1,0.25,0.75,19.58,-32.26,True
1.01,0.01,0.95,0.2,0.1,0.5,0.5,18.67,-29.65,True
1.01,0.01,0.95,0.2,0.1,0.75,0.25,17.66,-27.3,True
1.01,0.01,0.95,0.2,0.1,1.0,0.0,16.53,-24.89,True
1.01,0.01,0.95,0.2,0.2,0.0,1.0,19.74,-38.11,True
1.01,0.01,0.95,0.2,0.2,0.25,0.75,19.04,-35.89,True
1.01,0.01,0.95,0.2,0.2,0.5,0.5,18.25,-33.63,True
1.01,0.01,0.95,0.2,0.2,0.75,0.25,17.36,-31.32,True
1.01,0.01,0.95,0.2,0.2,1.0,0.0,16.39,-28.95,True
1.01,0.01,0.95,0.2,0.3,0.0,1.0,19.28,-41.26,True
1.01,0.01,0.95,0.2,0.3,0.25,0.75,18.66,-39.26,True
1.01,0.01,0.95,0.2,0.3,0.5,0.5,17.98,-37.05,True
1.01,0.01,0.95,0.2,0.3,0.75,0.25,17.21,-34.81,True
1.01,0.01,0.95,0.2,0.3,1.0,0.0,16.36,-32.52,True
1.01,0.01,0.95,0.3,0.0,0.0,1.0,20.71,-38.38,True
1.01,0.01,0.95,0.3,0.0,0.25,0.75,19.89,-35.4,True
1.01,0.01,0.95,0.3,0.0,0.5,0.5,18.96,-32.25,True
1.01,0.01,0.95,0.3,0.0,0.75,0.25,17.89,-29.21,True
1.01,0.01,0.95,0.3,0.0,1.0,0.0,16.68,-26.14,True
1.01,0.01,0.95,0.3,0.1,0.0,1.0,20.26,-41.64,True
1.01,0.01,0.95,0.3,0.1,0.25,0.75,19.52,-38.88,True
1.01,0.01,0.95,0.3,0.1,0.5,0.5,18.68,-36.03,True
1.01,0.01,0.95,0.3,0.1,0.75,0.25,17.72,-33.1,True
1.01,0.01,0.95,0.3,0.1,1.0,0.0,16.62,-30.08,True
1.01,0.01,0.95,0.3,0.2,0.0,1.0,19.95,-42.59,True
1.01,0.01,0.95,0.3,0.2,0.25,0.75,19.24,-40.1,True
1.01,0.01,0.95,0.3,0.2,0.5,0.5,18.45,-37.53,True
1.01,0.01,0.95,0.3,0.2,0.75,0.25,17.55,-34.86,True
1.01,0.01,0.95,0.3,0.2,1.0,0.0,16.56,-32.11,True
1.01,0.01,0.95,0.3,0.3,0.0,1.0,19.56,-43.26,True
1.01,0.01,0.95,0.3,0.3,0.25,0.75,18.92,-41.11,True
1.01,0.01,0.95,0.3,0.3,0.5,0.5,18.19,-38.87,True
1.01,0.01,0.95,0.3,0.3,0.75,0.25,17.38,-36.51,True
1.01,0.01,0.95,0.3,0.3,1.0,0.0,16.5,-34.01,True
1.01,0.01,0.95,0.4,0.0,0.0,1.0,20.56,-42.66,True
1.01,0.01,0.95,0.4,0.0,0.25,0.75,19.81,-39.38,True
1.01,0.01,0.95,0.4,0.0,0.5,0.5,18.93,-36.02,True
1.01,0.01,0.95,0.4,0.0,0.75,0.25,17.91,-32.56,True
1.01,0.01,0.95,0.4,0.0,1.0,0.0,16.74,-29.0,True
1.01,0.01,0.95,0.4,0.1,0.0,1.0,20.23,-43.76,True
1.01,0.01,0.95,0.4,0.1,0.25,0.75,19.52,-40.76,True
1.01,0.01,0.95,0.4,0.1,0.5,0.5,18.69,-37.67,True
1.01,0.01,0.95,0.4,0.1,0.75,0.25,17.75,-34.5,True
1.01,0.01,0.95,0.4,0.1,1.0,0.0,16.68,-31.22,True
1.01,0.01,0.95,0.4,0.2,0.0,1.0,19.82,-43.8,True
1.01,0.01,0.95,0.4,0.2,0.25,0.75,19.16,-41.23,True
1.01,0.01,0.95,0.4,0.2,0.5,0.5,18.41,-38.58,True
1.01,0.01,0.95,0.4,0.2,0.75,0.25,17.56,-35.82,True
1.01,0.01,0.95,0.4,0.2,1.0,0.0,16.61,-32.97,True
1.01,0.01,0.95,0.4,0.3,0.0,1.0,19.51,-43.43,True
1.01,0.01,0.95,0.4,0.3,0.25,0.75,18.9,-41.28,True
1.01,0.01,0.95,0.4,0.3,0.5,0.5,18.2,-39.04,True
1.01,0.01,0.95,0.4,0.3,0.75,0.25,17.42,-36.71,True
1.01,0.01,0.95,0.4,0.3,1.0,0.0,16.56,-34.29,True
1.01,0.01,0.97,0.1,0.0,0.0,1.0,11.96,-25.53,True
1.01,0.01,0.97,0.1,0.0,0.25,0.75,11.57,-23.59,True
1.01,0.01,0.97,0.1,0.0,0.5,0.5,11.12,-21.62,True
1.01,0.01,0.97,0.1,0.0,0.75,0.25,10.58,-19.63,True
1.01,0.01,0.97,0.1,0.0,1.0,0.0,9.95,-17.61,True
1.01,0.01,0.97,0.1,0.1,0.0,1.0,13.29,-23.46,True
1.01,0.01,0.97,0.1,0.1,0.25,0.75,12.96,-22.55,True
1.01,0.01,0.97,0.1,0.1,0.5,0.5,12.56,-21.47,True
1.01,0.01,0.97,0.1,0.1,0.75,0.25,12.11,-20.17,True
1.01,0.01,0.97,0.1,0.1,1.0,0.0,11.6,-18.57,True
1.01,0.01,0.97,0.1,0.2,0.0,1.0,14.08,-26.99,True
1.01,0.01,0.97,0.1,0.2,0.25,0.75,13.79,-25.64,True
1.01,0.01,0.97,0.1,0.2,0.5,0.5,13.45,-24.29,True
1.01,0.01,0.97,0.1,0.2,0.75,0.25,13.07,-22.95,True
1.01,0.01,0.97,0.1,0.2,1.0,0.0,12.64,-21.62,True
1.01,0.01,0.97,0.1,0.3,0.0,1.0,14.81,-30.28,True
1.01,0.01,0.97,0.1,0.3,0.25,0.75,14.54,-29.03,True
1.01,0.01,0.97,0.1,0.3,0.5,0.5,14.23,-27.79,True
1.01,0.01,0.97,0.1,0.3,0.75,0.25,13.88,-26.55,True
1.01,0.01,0.97,0.1,0.3,1.0,0.0,13.48,-25.32,True
1.01,0.01,0.97,0.2,0.0,0.0,1.0,14.61,-31.4,True
1.01,0.01,0.97,0.2,0.0,0.25,0.75,14.13,-28.94,True
1.01,0.01,0.97,0.2,0.0,0.5,0.5,13.57,-26.47,True
1.01,0.01,0.97,0.2,0.0,0.75,0.25,12.9,-24.05,True
1.01,0.01,0.97,0.2,0.0,1.0,0.0,12.11,-21.59,True
1.01,0.01,0.97,0.2,0.1,0.0,1.0,14.72,-28.89,True
1.01,0.01,0.97,0.2,0.1,0.25,0.75,14.34,-26.82,True
1.01,0.01,0.97,0.2,0.1,0.5,0.5,13.88,-24.97,True
1.01,0.01,0.97,0.2,0.1,0.75,0.25,13.34,-23.11,True
1.01,0.01,0.97,0.2,0.1,1.0,0.0,12.71,-21.26,True
1.01,0.01,0.97,0.2,0.2,0.0,1.0,14.91,-32.57,True
1.01,0.01,0.97,0.2,0.2,0.25,0.75,14.58,-30.8,True
1.01,0.01,0.97,0.2,0.2,0.5,0.5,14.19,-29.02,True
1.01,0.01,0.97,0.2,0.2,0.75,0.25,13.74,-27.23,True
1.01,0.01,0.97,0.2,0.2,1.0,0.0,13.24,-25.43,True
1.01,0.01,0.97,0.2,0.3,0.0,1.0,15.28,-35.6,True
1.01,0.01,0.97,0.2,0.3,0.25,0.75,14.97,-33.94,True
1.01,0.01,0.97,0.2,0.3,0.5,0.5,14.63,-32.28,True
1.01,0.01,0.97,0.2,0.3,0.75,0.25,14.24,-30.59,True
1.01,0.01,0.97,0.2,0.3,1.0,0.0,13.8,-28.9,True
1.01,0.01,0.97,0.3,0.0,0.0,1.0,14.99,-35.63,True
1.01,0.01,0.97,0.3,0.0,0.25,0.75,14.53,-32.9,True
1.01,0.01,0.97,0.3,0.0,0.5,0.5,13.98,-30.1,True
1.01,0.01,0.97,0.3,0.0,0.75,0.25,13.31,-27.22,True
1.01,0.01,0.97,0.3,0.0,1.0,0.0,12.53,-24.26,True
1.01,0.01,0.97,0.3,0.1,0.0,1.0,15.21,-33.92,True
1.01,0.01,0.97,0.3,0.1,0.25,0.75,14.81,-31.72,True
1.01,0.01,0.97,0.3,0.1,0.5,0.5,14.34,-29.5,True
1.01,0.01,0.97,0.3,0.1,0.75,0.25,13.78,-27.24,True
1.01,0.01,0.97,0.3,0.1,1.0,0.0,13.13,-24.97,True
1.01,0.01,0.97,0.3,0.2,0.0,1.0,15.4,-37.78,True
1.01,0.01,0.97,0.3,0.2,0.25,0.75,15.04,-35.68,True
1.01,0.01,0.97,0.3,0.2,0.5,0.5,14.62,-33.5,True
1.01,0.01,0.97,0.3,0.2,0.75,0.25,14.14,-31.29,True
1.01,0.01,0.97,0.3,0.2,1.0,0.0,13.6,-29.06,True
1.01,0.01,0.97,0.3,0.3,0.0,1.0,15.67,-41.11,True
1.01,0.01,0.97,0.3,0.3,0.25,0.75,15.36,-39.18,True
1.01,0.01,0.97,0.3,0.3,0.5,0.5,15.01,-37.14,True
1.01,0.01,0.97,0.3,0.3,0.75,0.25,14.6,-35.04,True
1.01,0.01,0.97,0.3,0.3,1.0,0.0,14.14,-32.87,True
1.01,0.01,0.97,0.4,0.0,0.0,1.0,15.26,-36.51,True
1.01,0.01,0.97,0.4,0.0,0.25,0.75,14.81,-33.72,True
1.01,0.01,0.97,0.4,0.0,0.5,0.5,14.26,-30.85,True
1.01,0.01,0.97,0.4,0.0,0.75,0.25,13.6,-27.9,True
1.01,0.01,0.97,0.4,0.0,1.0,0.0,12.82,-24.86,True
1.01,0.01,0.97,0.4,0.1,0.0,1.0,15.44,-39.44,True
1.01,0.01,0.97,0.4,0.1,0.25,0.75,15.04,-36.9,True
1.01,0.01,0.97,0.4,0.1,0.5,0.5,14.56,-34.33,True
1.01,0.01,0.97,0.4,0.1,0.75,0.25,14.0,-31.71,True
1.01,0.01,0.97,0.4,0.1,1.0,0.0,13.34,-29.0,True
1.01,0.01,0.97,0.4,0.2,0.0,1.0,15.77,-41.47,True
1.01,0.01,0.97,0.4,0.2,0.25,0.75,15.4,-39.22,True
1.01,0.01,0.97,0.4,0.2,0.5,0.5,14.97,-36.92,True
1.01,0.01,0.97,0.4,0.2,0.75,0.25,14.47,-34.56,True
1.01,0.01,0.97,0.4,0.2,1.0,0.0,13.91,-32.16,True
1.01,0.01,0.97,0.4,0.3,0.0,1.0,16.08,-42.23,True
1.01,0.01,0.97,0.4,0.3,0.25,0.75,15.73,-40.26,True
1.01,0.01,0.97,0.4,0.3,0.5,0.5,15.33,-38.25,True
1.01,0.01,0.97,0.4,0.3,0.75,0.25,14.88,-36.19,True
1.01,0.01,0.97,0.4,0.3,1.0,0.0,14.39,-34.09,True
1.01,0.01,0.99,0.1,0.0,0.0,1.0,6.0,-28.56,True
1.01,0.01,0.99,0.1,0.0,0.25,0.75,5.91,-26.49,True
1.01,0.01,0.99,0.1,0.0,0.5,0.5,5.76,-24.39,True
1.01,0.01,0.99,0.1,0.0,0.75,0.25,5.57,-22.26,True
1.01,0.01,0.99,0.1,0.0,1.0,0.0,5.32,-20.11,True
1.01,0.01,0.99,0.1,0.1,0.0,1.0,8.87,-22.88,True
1.01,0.01,0.99,0.1,0.1,0.25,0.75,8.81,-22.09,True
1.01,0.01,0.99,0.1,0.1,0.5,0.5,8.72,-21.36,True
1.01,0.01,0.99,0.1,0.1,0.75,0.25,8.6,-20.71,True
1.01,0.01,0.99,0.1,0.1,1.0,0.0,8.44,-20.16,True
1.01,0.01,0.99,0.1,0.2,0.0,1.0,10.37,-26.23,True
1.01,0.01,0.99,0.1,0.2,0.25,0.75,10.34,-25.69,True
1.01,0.01,0.99,0.1,0.2,0.5,0.5,10.29,-25.21,True
1.01,0.01,0.99,0.1,0.2,0.75,0.25,10.22,-24.81,True
1.01,0.01,0.99,0.1,0.2,1.0,0.0,10.12,-24.5,True
1.01,0.01,0.99,0.1,0.3,0.0,1.0,11.58,-28.33,True
1.01,0.01,0.99,0.1,0.3,0.25,0.75,11.57,-27.87,True
1.01,0.01,0.99,0.1,0.3,0.5,0.5,11.54,-27.48,True
1.01,0.01,0.99,0.1,0.3,0.75,0.25,11.49,-27.17,True
1.01,0.01,0.99,0.1,0.3,1.0,0.0,11.42,-26.95,True
1.01,0.01,0.99,0.2,0.0,0.0,1.0,6.4,-29.8,True
1.01,0.01,0.99,0.2,0.0,0.25,0.75,6.4,-27.46,True
1.01,0.01,0.99,0.2,0.0,0.5,0.5,6.34,-25.04,True
1.01,0.01,0.99,0.2,0.0,0.75,0.25,6.21,-22.55,True
1.01,0.01,0.99,0.2,0.0,1.0,0.0,6.0,-19.98,True
1.01,0.01,0.99,0.2,0.1,0.0,1.0,8.9,-26.39,True
1.01,0.01,0.99,0.2,0.1,0.25,0.75,8.91,-24.37,True
1.01,0.01,0.99,0.2,0.1,0.5,0.5,8.88,-22.25,True
1.01,0.01,0.99,0.2,0.1,0.75,0.25,8.81,-21.24,True
1.01,0.01,0.99,0.2,0.1,1.0,0.0,8.69,-20.54,True
1.01,0.01,0.99,0.2,0.2,0.0,1.0,10.71,-30.82,True
1.01,0.01,0.99,0.2,0.2,0.25,0.75,10.69,-29.16,True
1.01,0.01,0.99,0.2,0.2,0.5,0.5,10.64,-27.5,True
1.01,0.01,0.99,0.2,0.2,0.75,0.25,10.56,-25.85,True
1.01,0.01,0.99,0.2,0.2,1.0,0.0,10.46,-24.44,True
1.01,0.01,0.99,0.2,0.3,0.0,1.0,12.04,-35.21,True
1.01,0.01,0.99,0.2,0.3,0.25,0.75,11.99,-33.61,True
1.01,0.01,0.99,0.2,0.3,0.5,0.5,11.92,-32.01,True
1.01,0.01,0.99,0.2,0.3,0.75,0.25,11.84,-30.41,True
1.01,0.01,0.99,0.2,0.3,1.0,0.0,11.74,-28.81,True
1.01,0.01,0.99,0.3,0.0,0.0,1.0,6.71,-32.7,True
1.01,0.01,0.99,0.3,0.0,0.25,0.75,6.74,-30.17,True
1.01,0.01,0.99,0.3,0.0,0.5,0.5,6.71,-27.55,True
1.01,0.01,0.99,0.3,0.0,0.75,0.25,6.6,-24.84,True
1.01,0.01,0.99,0.3,0.0,1.0,0.0,6.4,-22.03,True
1.01,0.01,0.99,0.3,0.1,0.0,1.0,9.6,-31.92,True
1.01,0.01,0.99,0.3,0.1,0.25,0.75,9.57,-29.81,True
1.01,0.01,0.99,0.3,0.1,0.5,0.5,9.49,-27.69,True
1.01,0.01,0.99,0.3,0.1,0.75,0.25,9.37,-25.55,True
1.01,0.01,0.99,0.3,0.1,1.0,0.0,9.21,-23.4,True
1.01,0.01,0.99,0.3,0.2,0.0,1.0,11.29,-36.3,True
1.01,0.01,0.99,0.3,0.2,0.25,0.75,11.24,-34.29,True
1.01,0.01,0.99,0.3,0.2,0.5,0.5,11.14,-32.22,True
1.01,0.01,0.99,0.3,0.2,0.75,0.25,11.02,-30.13,True
1.01,0.01,0.99,0.3,0.2,1.0,0.0,10.87,-28.02,True
1.01,0.01,0.99,0.3,0.3,0.0,1.0,12.56,-38.66,True
1.01,0.01,0.99,0.3,0.3,0.25,0.75,12.49,-36.99,True
1.01,0.01,0.99,0.3,0.3,0.5,0.5,12.4,-35.28,True
1.01,0.01,0.99,0.3,0.3,0.75,0.25,12.28,-33.52,True
1.01,0.01,0.99,0.3,0.3,1.0,0.0,12.13,-31.68,True
1.01,0.01,0.99,0.4,0.0,0.0,1.0,7.37,-33.36,True
1.01,0.01,0.99,0.4,0.0,0.25,0.75,7.39,-30.78,True
1.01,0.01,0.99,0.4,0.0,0.5,0.5,7.33,-28.12,True
1.01,0.01,0.99,0.4,0.0,0.75,0.25,7.2,-25.35,True
1.01,0.01,0.99,0.4,0.0,1.0,0.0,6.97,-22.49,True
1.01,0.01,0.99,0.4,0.1,0.0,1.0,10.08,-36.66,True
1.01,0.01,0.99,0.4,0.1,0.25,0.75,10.03,-34.23,True
1.01,0.01,0.99,0.4,0.1,0.5,0.5,9.94,-31.78,True
1.01,0.01,0.99,0.4,0.1,0.75,0.25,9.8,-29.3,True
1.01,0.01,0.99,0.4,0.1,1.0,0.0,9.6,-26.75,True
1.01,0.01,0.99,0.4,0.2,0.0,1.0,11.83,-38.29,True
1.01,0.01,0.99,0.4,0.2,0.25,0.75,11.73,-36.27,True
1.01,0.01,0.99,0.4,0.2,0.5,0.5,11.61,-34.2,True
1.01,0.01,0.99,0.4,0.2,0.75,0.25,11.47,-32.09,True
1.01,0.01,0.99,0.4,0.2,1.0,0.0,11.29,-29.94,True
1.01,0.01,0.99,0.4,0.3,0.0,1.0,13.03,-39.32,True
1.01,0.01,0.99,0.4,0.3,0.25,0.75,12.94,-37.6,True
1.01,0.01,0.99,0.4,0.3,0.5,0.5,12.81,-35.84,True
1.01,0.01,0.99,0.4,0.3,0.75,0.25,12.67,-34.05,True
1.01,0.01,0.99,0.4,0.3,1.0,0.0,12.5,-32.22,True
1.01,0.01,1.0,0.1,0.0,0.0,1.0,1.63,-24.03,True
1.01,0.01,1.0,0.1,0.0,0.25,0.75,1.78,-22.12,True
1.01,0.01,1.0,0.1,0.0,0.5,0.5,1.92,-20.13,True
1.01,0.01,1.0,0.1,0.0,0.75,0.25,2.04,-18.04,True
1.01,0.01,1.0,0.1,0.0,1.0,0.0,2.14,-15.84,True
1.01,0.01,1.0,0.1,0.1,0.0,1.0,7.15,-25.33,True
1.01,0.01,1.0,0.1,0.1,0.25,0.75,7.17,-24.67,True
1.01,0.01,1.0,0.1,0.1,0.5,0.5,7.19,-24.01,True
1.01,0.01,1.0,0.1,0.1,0.75,0.25,7.2,-23.37,True
1.01,0.01,1.0,0.1,0.1,1.0,0.0,7.2,-22.74,True
1.01,0.01,1.0,0.1,0.2,0.0,1.0,9.57,-27.86,True
1.01,0.01,1.0,0.1,0.2,0.25,0.75,9.57,-27.44,True
1.01,0.01,1.0,0.1,0.2,0.5,0.5,9.56,-27.02,True
1.01,0.01,1.0,0.1,0.2,0.75,0.25,9.55,-26.62,True
1.01,0.01,1.0,0.1,0.2,1.0,0.0,9.53,-26.25,True
1.01,0.01,1.0,0.1,0.3,0.0,1.0,11.22,-28.97,True
1.01,0.01,1.0,0.1,0.3,0.25,0.75,11.2,-28.68,True
1.01,0.01,1.0,0.1,0.3,0.5,0.5,11.17,-28.41,True
1.01,0.01,1.0,0.1,0.3,0.75,0.25,11.14,-28.16,True
1.01,0.01,1.0,0.1,0.3,1.0,0.0,11.11,-27.93,True
1.01,0.01,1.0,0.2,0.0,0.0,1.0,3.48,-26.05,True
1.01,0.01,1.0,0.2,0.0,0.25,0.75,3.61,-23.95,True
1.01,0.01,1.0,0.2,0.0,0.5,0.5,3.7,-21.75,True
1.01,0.01,1.0,0.2,0.0,0.75,0.25,3.76,-19.45,True
1.01,0.01,1.0,0.2,0.0,1.0,0.0,3.79,-17.02,True
1.01,0.01,1.0,0.2,0.1,0.0,1.0,8.05,-24.16,True
1.01,0.01,1.0,0.2,0.1,0.25,0.75,8.04,-23.42,True
1.01,0.01,1.0,0.2,0.1,0.5,0.5,8.02,-22.71,True
1.01,0.01,1.0,0.2,0.1,0.75,0.25,7.99,-22.01,True
1.01,0.01,1.0,0.2,0.1,1.0,0.0,7.94,-21.36,True
1.01,0.01,1.0,0.2,0.2,0.0,1.0,10.29,-26.77,True
1.01,0.01,1.0,0.2,0.2,0.25,0.75,10.26,-26.27,True
1.01,0.01,1.0,0.2,0.2,0.5,0.5,10.21,-25.8,True
1.01,0.01,1.0,0.2,0.2,0.75,0.25,10.16,-25.36,True
1.01,0.01,1.0,0.2,0.2,1.0,0.0,10.09,-24.97,True
1.01,0.01,1.0,0.2,0.3,0.0,1.0,11.76,-28.13,True
1.01,0.01,1.0,0.2,0.3,0.25,0.75,11.71,-27.79,True
1.01,0.01,1.0,0.2,0.3,0.5,0.5,11.65,-27.47,True
1.01,0.01,1.0,0.2,0.3,0.75,0.25,11.58,-27.19,True
1.01,0.01,1.0,0.2,0.3,1.0,0.0,11.51,-26.95,True
1.01,0.01,1.0,0.3,0.0,0.0,1.0,4.6,-26.41,True
1.01,0.01,1.0,0.3,0.0,0.25,0.75,4.69,-24.27,True
1.01,0.01,1.0,0.3,0.0,0.5,0.5,4.74,-22.07,True
1.01,0.01,1.0,0.3,0.0,0.75,0.25,4.75,-19.8,True
1.01,0.01,1.0,0.3,0.0,1.0,0.0,4.72,-17.66,True
1.01,0.01,1.0,0.3,0.1,0.0,1.0,8.83,-23.73,True
1.01,0.01,1.0,0.3,0.1,0.25,0.75,8.8,-22.64,True
1.01,0.01,1.0,0.3,0.1,0.5,0.5,8.74,-21.87,True
1.01,0.01,1.0,0.3,0.1,0.75,0.25,8.66,-21.14,True
1.01,0.01,1.0,0.3,0.1,1.0,0.0,8.56,-20.46,True
1.01,0.01,1.0,0.3,0.2,0.0,1.0,10.8,-26.92,True
1.01,0.01,1.0,0.3,0.2,0.25,0.75,10.75,-25.64,True
1.01,0.01,1.0,0.3,0.2,0.5,0.5,10.67,-25.07,True
1.01,0.01,1.0,0.3,0.2,0.75,0.25,10.58,-24.62,True
1.01,0.01,1.0,0.3,0.2,1.0,0.0,10.47,-24.23,True
1.01,0.01,1.0,0.3,0.3,0.0,1.0,12.16,-31.52,True
1.01,0.01,1.0,0.3,0.3,0.25,0.75,12.11,-30.33,True
1.01,0.01,1.0,0.3,0.3,0.5,0.5,12.05,-29.14,True
1.01,0.01,1.0,0.3,0.3,0.75,0.25,11.97,-27.93,True
1.01,0.01,1.0,0.3,0.3,1.0,0.0,11.85,-26.67,True
1.01,0.01,1.0,0.4,0.0,0.0,1.0,5.56,-27.61,True
1.01,0.01,1.0,0.4,0.0,0.25,0.75,5.62,-25.52,True
1.01,0.01,1.0,0.4,0.0,0.5,0.5,5.63,-23.37,True
1.01,0.01,1.0,0.4,0.0,0.75,0.25,5.59,-21.16,True
1.01,0.01,1.0,0.4,0.0,1.0,0.0,5.5,-18.89,True
1.01,0.01,1.0,0.4,0.1,0.0,1.0,9.25,-25.87,True
1.01,0.01,1.0,0.4,0.1,0.25,0.75,9.2,-24.23,True
1.01,0.01,1.0,0.4,0.1,0.5,0.5,9.14,-22.6,True
1.01,0.01,1.0,0.4,0.1,0.75,0.25,9.05,-20.98,True
1.01,0.01,1.0,0.4,0.1,1.0,0.0,8.92,-20.08,True
1.01,0.01,1.0,0.4,0.2,0.0,1.0,11.26,-29.55,True
1.01,0.01,1.0,0.4,0.2,0.25,0.75,11.19,-28.12,True
1.01,0.01,1.0,0.4,0.2,0.5,0.5,11.1,-26.69,True
1.01,0.01,1.0,0.4,0.2,0.75,0.25,10.99,-25.26,True
1.01,0.01,1.0,0.4,0.2,1.0,0.0,10.87,-23.83,True
1.01,0.01,1.0,0.4,0.3,0.0,1.0,12.47,-31.83,True
1.01,0.01,1.0,0.4,0.3,0.25,0.75,12.39,-30.63,True
1.01,0.01,1.0,0.4,0.3,0.5,0.5,12.29,-29.43,True
1.01,0.01,1.0,0.4,0.3,0.75,0.25,12.17,-28.24,True
1.01,0.01,1.0,0.4,0.3,1.0,0.0,12.03,-27.05,True
1.01,0.01,1.01,0.1,0.0,0.0,1.0,5.42,-17.54,True
1.01,0.01,1.01,0.1,0.0,0.25,0.75,5.23,-15.96,True
1.01,0.01,1.01,0.1,0.0,0.5,0.5,5.03,-14.36,True
1.01,0.01,1.01,0.1,0.0,0.75,0.25,4.81,-12.74,True
1.01,0.01,1.01,0.1,0.0,1.0,0.0,4.56,-11.09,True
1.01,0.01,1.01,0.1,0.1,0.0,1.0,8.85,-15.01,True
1.01,0.01,1.01,0.1,0.1,0.25,0.75,8.72,-15.14,True
1.01,0.01,1.01,0.1,0.1,0.5,0.5,8.57,-15.31,True
1.01,0.01,1.01,0.1,0.1,0.75,0.25,8.42,-15.53,True
1.01,0.01,1.01,0.1,0.1,1.0,0.0,8.25,-15.79,True
1.01,0.01,1.01,0.1,0.2,0.0,1.0,10.4,-21.55,True
1.01,0.01,1.01,0.1,0.2,0.25,0.75,10.31,-21.65,True
1.01,0.01,1.01,0.1,0.2,0.5,0.5,10.21,-21.79,True
1.01,0.01,1.01,0.1,0.2,0.75,0.25,10.11,-21.96,True
1.01,0.01,1.01,0.1,0.2,1.0,0.0,10.01,-22.17,True
1.01,0.01,1.01,0.1,0.3,0.0,1.0,11.68,-24.78,True
1.01,0.01,1.01,0.1,0.3,0.25,0.75,11.62,-24.83,True
1.01,0.01,1.01,0.1,0.3,0.5,0.5,11.54,-24.93,True
1.01,0.01,1.01,0.1,0.3,0.75,0.25,11.46,-25.06,True
1.01,0.01,1.01,0.1,0.3,1.0,0.0,11.38,-25.24,True
1.01,0.01,1.01,0.2,0.0,0.0,1.0,7.1,-17.57,True
1.01,0.01,1.01,0.2,0.0,0.25,0.75,6.91,-16.1,True
1.01,0.01,1.01,0.2,0.0,0.5,0.5,6.69,-14.62,True
1.01,0.01,1.01,0.2,0.0,0.75,0.25,6.42,-13.14,True
1.01,0.01,1.01,0.2,0.0,1.0,0.0,6.11,-11.64,True
1.01,0.01,1.01,0.2,0.1,0.0,1.0,9.33,-15.86,True
1.01,0.01,1.01,0.2,0.1,0.25,0.75,9.21,-15.33,True
1.01,0.01,1.01,0.2,0.1,0.5,0.5,9.07,-15.3,True
1.01,0.01,1.01,0.2,0.1,0.75,0.25,8.91,-15.34,True
1.01,0.01,1.01,0.2,0.1,1.0,0.0,8.74,-15.44,True
1.01,0.01,1.01,0.2,0.2,0.0,1.0,11.0,-21.06,True
1.01,0.01,1.01,0.2,0.2,0.25,0.75,10.9,-21.01,True
1.01,0.01,1.01,0.2,0.2,0.5,0.5,10.78,-21.02,True
1.01,0.01,1.01,0.2,0.2,0.75,0.25,10.65,-21.09,True
1.01,0.01,1.01,0.2,0.2,1.0,0.0,10.51,-21.24,True
1.01,0.01,1.01,0.2,0.3,0.0,1.0,12.19,-24.28,True
1.01,0.01,1.01,0.2,0.3,0.25,0.75,12.1,-24.24,True
1.01,0.01,1.01,0.2,0.3,0.5,0.5,11.99,-24.27,True
1.01,0.01,1.01,0.2,0.3,0.75,0.25,11.88,-24.36,True
1.01,0.01,1.01,0.2,0.3,1.0,0.0,11.75,-24.51,True
1.01,0.01,1.01,0.3,0.0,0.0,1.0,7.7,-20.69,True
1.01,0.01,1.01,0.3,0.0,0.25,0.75,7.51,-19.04,True
1.01,0.01,1.01,0.3,0.0,0.5,0.5,7.28,-17.37,True
1.01,0.01,1.01,0.3,0.0,0.75,0.25,7.0,-15.68,True
1.01,0.01,1.01,0.3,0.0,1.0,0.0,6.67,-13.97,True
1.01,0.01,1.01,0.3,0.1,0.0,1.0,10.04,-19.41,True
1.01,0.01,1.01,0.3,0.1,0.25,0.75,9.9,-18.15,True
1.01,0.01,1.01,0.3,0.1,0.5,0.5,9.72,-16.96,True
1.01,0.01,1.01,0.3,0.1,0.75,0.25,9.52,-15.77,True
1.01,0.01,1.01,0.3,0.1,1.0,0.0,9.3,-14.93,True
1.01,0.01,1.01,0.3,0.2,0.0,1.0,11.41,-24.37,True
1.01,0.01,1.01,0.3,0.2,0.25,0.75,11.3,-23.24,True
1.01,0.01,1.01,0.3,0.2,0.5,0.5,11.17,-22.06,True
1.01,0.01,1.01,0.3,0.2,0.75,0.25,11.01,-20.9,True
1.01,0.01,1.01,0.3,0.2,1.0,0.0,10.83,-20.88,True
1.01,0.01,1.01,0.3,0.3,0.0,1.0,12.45,-29.18,True
1.01,0.01,1.01,0.3,0.3,0.25,0.75,12.37,-28.05,True
1.01,0.01,1.01,0.3,0.3,0.5,0.5,12.26,-26.94,True
1.01,0.01,1.01,0.3,0.3,0.75,0.25,12.14,-25.8,True
1.01,0.01,1.01,0.3,0.3,1.0,0.0,11.99,-24.63,True
1.01,0.01,1.01,0.4,0.0,0.0,1.0,8.27,-22.72,True
1.01,0.01,1.01,0.4,0.0,0.25,0.75,8.08,-20.93,True
1.01,0.01,1.01,0.4,0.0,0.5,0.5,7.84,-19.11,True
1.01,0.01,1.01,0.4,0.0,0.75,0.25,7.55,-17.27,True
1.01,0.01,1.01,0.4,0.0,1.0,0.0,7.2,-15.4,True
1.01,0.01,1.01,0.4,0.1,0.0,1.0,10.28,-24.16,True
1.01,0.01,1.01,0.4,0.1,0.25,0.75,10.14,-22.58,True
1.01,0.01,1.01,0.4,0.1,0.5,0.5,9.98,-20.99,True
1.01,0.01,1.01,0.4,0.1,0.75,0.25,9.78,-19.41,True
1.01,0.01,1.01,0.4,0.1,1.0,0.0,9.54,-17.8,True
1.01,0.01,1.01,0.4,0.2,0.0,1.0,11.69,-28.18,True
1.01,0.01,1.01,0.4,0.2,0.25,0.75,11.58,-26.68,True
1.01,0.01,1.01,0.4,0.2,0.5,0.5,11.44,-25.19,True
1.01,0.01,1.01,0.4,0.2,0.75,0.25,11.29,-23.71,True
1.01,0.01,1.01,0.4,0.2,1.0,0.0,11.11,-22.26,True
1.01,0.01,1.01,0.4,0.3,0.0,1.0,12.85,-30.31,True
1.01,0.01,1.01,0.4,0.3,0.25,0.75,12.74,-29.03,True
1.01,0.01,1.01,0.4,0.3,0.5,0.5,12.61,-27.77,True
1.01,0.01,1.01,0.4,0.3,0.75,0.25,12.47,-26.53,True
1.01,0.01,1.01,0.4,0.3,1.0,0.0,12.29,-25.32,True
1.01,0.01,1.02,0.1,0.0,0.0,1.0,3.13,-14.17,True
1.01,0.01,1.02,0.1,0.0,0.25,0.75,3.08,-13.02,True
1.01,0.01,1.02,0.1,0.0,0.5,0.5,3.01,-11.83,True
1.01,0.01,1.02,0.1,0.0,0.75,0.25,2.94,-10.61,True
1.01,0.01,1.02,0.1,0.0,1.0,0.0,2.85,-9.35,True
1.01,0.01,1.02,0.1,0.1,0.0,1.0,7.63,-16.26,True
1.01,0.01,1.02,0.1,0.1,0.25,0.75,7.58,-16.37,True
1.01,0.01,1.02,0.1,0.1,0.5,0.5,7.52,-16.5,True
1.01,0.01,1.02,0.1,0.1,0.75,0.25,7.45,-16.65,True
1.01,0.01,1.02,0.1,0.1,1.0,0.0,7.39,-16.83,True
1.01,0.01,1.02,0.1,0.2,0.0,1.0,9.8,-22.3,True
1.01,0.01,1.02,0.1,0.2,0.25,0.75,9.76,-22.38,True
1.01,0.01,1.02,0.1,0.2,0.5,0.5,9.71,-22.48,True
1.01,0.01,1.02,0.1,0.2,0.75,0.25,9.66,-22.61,True
1.01,0.01,1.02,0.1,0.2,1.0,0.0,9.61,-22.76,True
1.01,0.01,1.02,0.1,0.3,0.0,1.0,11.37,-24.97,True
1.01,0.01,1.02,0.1,0.3,0.25,0.75,11.33,-25.06,True
1.01,0.01,1.02,0.1,0.3,0.5,0.5,11.28,-25.18,True
1.01,0.01,1.02,0.1,0.3,0.75,0.25,11.22,-25.31,True
1.01,0.01,1.02,0.1,0.3,1.0,0.0,11.17,-25.47,True
1.01,0.01,1.02,0.2,0.0,0.0,1.0,4.93,-19.06,True
1.01,0.01,1.02,0.2,0.0,0.25,0.75,4.84,-17.62,True
1.01,0.01,1.02,0.2,0.0,0.5,0.5,4.72,-16.12,True
1.01,0.01,1.02,0.2,0.0,0.75,0.25,4.58,-14.55,True
1.01,0.01,1.02,0.2,0.0,1.0,0.0,4.41,-12.9,True
1.01,0.01,1.02,0.2,0.1,0.0,1.0,8.69,-15.41,True
1.01,0.01,1.02,0.2,0.1,0.25,0.75,8.6,-15.25,True
1.01,0.01,1.02,0.2,0.1,0.5,0.5,8.49,-15.31,True
1.01,0.01,1.02,0.2,0.1,0.75,0.25,8.38,-15.41,True
1.01,0.01,1.02,0.2,0.1,1.0,0.0,8.24,-15.56,True
1.01,0.01,1.02,0.2,0.2,0.0,1.0,10.76,-20.54,True
1.01,0.01,1.02,0.2,0.2,0.25,0.75,10.66,-20.62,True
1.01,0.01,1.02,0.2,0.2,0.5,0.5,10.55,-20.74,True
1.01,0.01,1.02,0.2,0.2,0.75,0.25,10.44,-20.9,True
1.01,0.01,1.02,0.2,0.2,1.0,0.0,10.31,-21.1,True
1.01,0.01,1.02,0.2,0.3,0.0,1.0,12.14,-23.37,True
1.01,0.01,1.02,0.2,0.3,0.25,0.75,12.03,-23.51,True
1.01,0.01,1.02,0.2,0.3,0.5,0.5,11.92,-23.67,True
1.01,0.01,1.02,0.2,0.3,0.75,0.25,11.81,-23.87,True
1.01,0.01,1.02,0.2,0.3,1.0,0.0,11.68,-24.11,True
1.01,0.01,1.02,0.3,0.0,0.0,1.0,6.06,-21.39,True
1.01,0.01,1.02,0.3,0.0,0.25,0.75,5.93,-19.78,True
1.01,0.01,1.02,0.3,0.0,0.5,0.5,5.76,-18.09,True
1.01,0.01,1.02,0.3,0.0,0.75,0.25,5.57,-16.33,True
1.01,0.01,1.02,0.3,0.0,1.0,0.0,5.34,-14.49,True
1.01,0.01,1.02,0.3,0.1,0.0,1.0,9.66,-17.26,True
1.01,0.01,1.02,0.3,0.1,0.25,0.75,9.51,-15.81,True
1.01,0.01,1.02,0.3,0.1,0.5,0.5,9.34,-14.73,True
1.01,0.01,1.02,0.3,0.1,0.75,0.25,9.15,-14.79,True
1.01,0.01,1.02,0.3,0.1,1.0,0.0,8.95,-14.91,True
1.01,0.01,1.02,0.3,0.2,0.0,1.0,11.4,-20.25,True
1.01,0.01,1.02,0.3,0.2,0.25,0.75,11.26,-19.88,True
1.01,0.01,1.02,0.3,0.2,0.5,0.5,11.1,-20.0,True
1.01,0.01,1.02,0.3,0.2,0.75,0.25,10.93,-20.17,True
1.01,0.01,1.02,0.3,0.2,1.0,0.0,10.75,-20.38,True
1.01,0.01,1.02,0.3,0.3,0.0,1.0,12.58,-24.73,True
1.01,0.01,1.02,0.3,0.3,0.25,0.75,12.46,-23.99,True
1.01,0.01,1.02,0.3,0.3,0.5,0.5,12.33,-23.26,True
1.01,0.01,1.02,0.3,0.3,0.75,0.25,12.19,-23.35,True
1.01,0.01,1.02,0.3,0.3,1.0,0.0,12.03,-23.57,True
1.01,0.01,1.02,0.4,0.0,0.0,1.0,7.37,-23.44,True
1.01,0.01,1.02,0.4,0.0,0.25,0.75,7.16,-21.68,True
1.01,0.01,1.02,0.4,0.0,0.5,0.5,6.93,-19.85,True
1.01,0.01,1.02,0.4,0.0,0.75,0.25,6.65,-17.94,True
1.01,0.01,1.02,0.4,0.0,1.0,0.0,6.34,-15.93,True
1.01,0.01,1.02,0.4,0.1,0.0,1.0,10.3,-19.78,True
1.01,0.01,1.02,0.4,0.1,0.25,0.75,10.11,-17.98,True
1.01,0.01,1.02,0.4,0.1,0.5,0.5,9.91,-16.16,True
1.01,0.01,1.02,0.4,0.1,0.75,0.25,9.68,-15.07,True
1.01,0.01,1.02,0.4,0.1,1.0,0.0,9.42,-14.64,True
1.01,0.01,1.02,0.4,0.2,0.0,1.0,11.87,-22.61,True
1.01,0.01,1.02,0.4,0.2,0.25,0.75,11.71,-21.58,True
1.01,0.01,1.02,0.4,0.2,0.5,0.5,11.53,-20.56,True
1.01,0.01,1.02,0.4,0.2,0.75,0.25,11.35,-19.69,True
1.01,0.01,1.02,0.4,0.2,1.0,0.0,11.14,-19.92,True
1.01,0.01,1.02,0.4,0.3,0.0,1.0,13.05,-25.53,True
1.01,0.01,1.02,0.4,0.3,0.25,0.75,12.9,-24.67,True
1.01,0.01,1.02,0.4,0.3,0.5,0.5,12.73,-23.84,True
1.01,0.01,1.02,0.4,0.3,0.75,0.25,12.56,-23.02,True
1.01,0.01,1.02,0.4,0.3,1.0,0.0,12.36,-22.94,True
1.01,0.015,0.95,0.1,0.0,0.0,1.0,14.66,-27.68,True
1.01,0.015,0.95,0.1,0.0,0.25,0.75,14.03,-26.18,True
1.01,0.015,0.95,0.1,0.0,0.5,0.5,13.32,-24.36,True
1.01,0.015,0.95,0.1,0.0,0.75,0.25,12.56,-22.13,True
1.01,0.015,0.95,0.1,0.0,1.0,0.0,11.71,-19.3,True
1.01,0.015,0.95,0.1,0.1,0.0,1.0,15.59,-27.95,True
1.01,0.015,0.95,0.1,0.1,0.25,0.75,15.02,-26.6,True
1.01,0.015,0.95,0.1,0.1,0.5,0.5,14.41,-24.99,True
1.01,0.015,0.95,0.1,0.1,0.75,0.25,13.73,-23.08,True
1.01,0.015,0.95,0.1,0.1,1.0,0.0,13.0,-20.75,True
1.01,0.015,0.95,0.1,0.2,0.0,1.0,16.29,-28.18,True
1.01,0.015,0.95,0.1,0.2,0.25,0.75,15.75,-26.95,True
1.01,0.015,0.95,0.1,0.2,0.5,0.5,15.17,-25.53,True
1.01,0.015,0.95,0.1,0.2,0.75,0.25,14.56,-23.87,True
1.01,0.015,0.95,0.1,0.2,1.0,0.0,13.91,-21.92,True
1.01,0.015,0.95,0.1,0.3,0.0,1.0,16.81,-28.4,True
1.01,0.015,0.95,0.1,0.3,0.25,0.75,16.31,-27.28,True
1.01,0.015,0.95,0.1,0.3,0.5,0.5,15.77,-26.01,True
1.01,0.015,0.95,0.1,0.3,0.75,0.25,15.2,-24.57,True
1.01,0.015,0.95,0.1,0.3,1.0,0.0,14.58,-22.95,True
1.01,0.015,0.95,0.2,0.0,0.0,1.0,18.77,-28.58,True
1.01,0.015,0.95,0.2,0.0,0.25,0.75,17.97,-26.39,True
1.01,0.015,0.95,0.2,0.0,0.5,0.5,17.08,-24.47,True
1.01,0.015,0.95,0.2,0.0,0.75,0.25,16.08,-22.23,True
1.01,0.015,0.95,0.2,0.0,1.0,0.0,14.96,-19.3,True
1.01,0.015,0.95,0.2,0.1,0.0,1.0,18.71,-27.85,True
1.01,0.015,0.95,0.2,0.1,0.25,0.75,17.98,-26.5,True
1.01,0.015,0.95,0.2,0.1,0.5,0.5,17.16,-24.87,True
1.01,0.015,0.95,0.2,0.1,0.75,0.25,16.26,-22.84,True
1.01,0.015,0.95,0.2,0.1,1.0,0.0,15.26,-20.29,True
1.01,0.015,0.95,0.2,0.2,0.0,1.0,18.58,-28.04,True
1.01,0.015,0.95,0.2,0.2,0.25,0.75,17.91,-26.78,True
1.01,0.015,0.95,0.2,0.2,0.5,0.5,17.16,-25.29,True
1.01,0.015,0.95,0.2,0.2,0.75,0.25,16.34,-23.5,True
1.01,0.015,0.95,0.2,0.2,1.0,0.0,15.45,-21.4,True
1.01,0.015,0.95,0.2,0.3,0.0,1.0,18.31,-30.67,True
1.01,0.015,0.95,0.2,0.3,0.25,0.75,17.72,-29.33,True
1.01,0.015,0.95,0.2,0.3,0.5,0.5,17.06,-27.97,True
1.01,0.015,0.95,0.2,0.3,0.75,0.25,16.35,-26.6,True
1.01,0.015,0.95,0.2,0.3,1.0,0.0,15.59,-25.2,True
1.01,0.015,0.95,0.3,0.0,0.0,1.0,19.24,-31.74,True
1.01,0.015,0.95,0.3,0.0,0.25,0.75,18.47,-29.32,True
1.01,0.015,0.95,0.3,0.0,0.5,0.5,17.59,-26.75,True
1.01,0.015,0.95,0.3,0.0,0.75,0.25,16.6,-23.99,True
1.01,0.015,0.95,0.3,0.0,1.0,0.0,15.46,-21.01,True
1.01,0.015,0.95,0.3,0.1,0.0,1.0,19.0,-29.26,True
1.01,0.015,0.95,0.3,0.1,0.25,0.75,18.3,-26.88,True
1.01,0.015,0.95,0.3,0.1,0.5,0.5,17.5,-24.89,True
1.01,0.015,0.95,0.3,0.1,0.75,0.25,16.6,-22.85,True
1.01,0.015,0.95,0.3,0.1,1.0,0.0,15.59,-20.25,True
1.01,0.015,0.95,0.3,0.2,0.0,1.0,18.65,-30.73,True
1.01,0.015,0.95,0.3,0.2,0.25,0.75,18.02,-29.01,True
1.01,0.015,0.95,0.3,0.2,0.5,0.5,17.31,-27.27,True
1.01,0.015,0.95,0.3,0.2,0.75,0.25,16.52,-25.5,True
1.01,0.015,0.95,0.3,0.2,1.0,0.0,15.65,-23.71,True
1.01,0.015,0.95,0.3,0.3,0.0,1.0,18.29,-34.2,True
1.01,0.015,0.95,0.3,0.3,0.25,0.75,17.75,-32.56,True
1.01,0.015,0.95,0.3,0.3,0.5,0.5,17.14,-30.89,True
1.01,0.015,0.95,0.3,0.3,0.75,0.25,16.46,-29.2,True
1.01,0.015,0.95,0.3,0.3,1.0,0.0,15.71,-27.48,True
1.01,0.015,0.95,0.4,0.0,0.0,1.0,19.42,-32.5,True
1.01,0.015,0.95,0.4,0.0,0.25,0.75,18.66,-30.01,True
1.01,0.015,0.95,0.4,0.0,0.5,0.5,17.8,-27.37,True
1.01,0.015,0.95,0.4,0.0,0.75,0.25,16.81,-24.54,True
1.01,0.015,0.95,0.4,0.0,1.0,0.0,15.68,-21.49,True
1.01,0.015,0.95,0.4,0.1,0.0,1.0,19.07,-30.07,True
1.01,0.015,0.95,0.4,0.1,0.25,0.75,18.39,-28.03,True
1.01,0.015,0.95,0.4,0.1,0.5,0.5,17.61,-25.96,True
1.01,0.015,0.95,0.4,0.1,0.75,0.25,16.73,-23.85,True
1.01,0.015,0.95,0.4,0.1,1.0,0.0,15.73,-21.7,True
1.01,0.015,0.95,0.4,0.2,0.0,1.0,18.7,-33.94,True
1.01,0.015,0.95,0.4,0.2,0.25,0.75,18.1,-31.95,True
1.01,0.015,0.95,0.4,0.2,0.5,0.5,17.42,-29.92,True
1.01,0.015,0.95,0.4,0.2,0.75,0.25,16.66,-27.86,True
1.01,0.015,0.95,0.4,0.2,1.0,0.0,15.8,-25.77,True
1.01,0.015,0.95,0.4,0.3,0.0,1.0,18.33,-37.45,True
1.01,0.015,0.95,0.4,0.3,0.25,0.75,17.83,-35.51,True
1.01,0.015,0.95,0.4,0.3,0.5,0.5,17.25,-33.55,True
1.01,0.015,0.95,0.4,0.3,0.75,0.25,16.58,-31.56,True
1.01,0.015,0.95,0.4,0.3,1.0,0.0,15.83,-29.54,True
1.01,0.015,0.97,0.1,0.0,0.0,1.0,8.56,-22.06,True
1.01,0.015,0.97,0.1,0.0,0.25,0.75,8.31,-20.82,True
1.01,0.015,0.97,0.1,0.0,0.5,0.5,8.01,-19.33,True
1.01,0.015,0.97,0.1,0.0,0.75,0.25,7.65,-17.48,True
1.01,0.015,0.97,0.1,0.0,1.0,0.0,7.23,-15.15,True
1.01,0.015,0.97,0.1,0.1,0.0,1.0,11.17,-23.78,True
1.01,0.015,0.97,0.1,0.1,0.25,0.75,10.95,-22.92,True
1.01,0.015,0.97,0.1,0.1,0.5,0.5,10.69,-21.91,True
1.01,0.015,0.97,0.1,0.1,0.75,0.25,10.4,-20.71,True
1.01,0.015,0.97,0.1,0.1,1.0,0.0,10.06,-19.27,True
1.01,0.015,0.97,0.1,0.2,0.0,1.0,12.66,-24.89,True
1.01,0.015,0.97,0.1,0.2,0.25,0.75,12.45,-24.25,True
1.01,0.015,0.97,0.1,0.2,0.5,0.5,12.21,-23.52,True
1.01,0.015,0.97,0.1,0.2,0.75,0.25,11.95,-22.68,True
1.01,0.015,0.97,0.1,0.2,1.0,0.0,11.67,-21.71,True
1.01,0.015,0.97,0.1,0.3,0.0,1.0,13.72,-27.16,True
1.01,0.015,0.97,0.1,0.3,0.25,0.75,13.53,-26.18,True
1.01,0.015,0.97,0.1,0.3,0.5,0.5,13.32,-25.21,True
1.01,0.015,0.97,0.1,0.3,0.75,0.25,13.08,-24.26,True
1.01,0.015,0.97,0.1,0.3,1.0,0.0,12.8,-23.49,True
1.01,0.015,0.97,0.2,0.0,0.0,1.0,12.0,-30.12,True
1.01,0.015,0.97,0.2,0.0,0.25,0.75,11.65,-27.77,True
1.01,0.015,0.97,0.2,0.0,0.5,0.5,11.22,-25.36,True
1.01,0.015,0.97,0.2,0.0,0.75,0.25,10.7,-22.91,True
1.01,0.015,0.97,0.2,0.0,1.0,0.0,10.08,-20.41,True
1.01,0.015,0.97,0.2,0.1,0.0,1.0,13.36,-26.72,True
1.01,0.015,0.97,0.2,0.1,0.25,0.75,13.03,-24.63,True
1.01,0.015,0.97,0.2,0.1,0.5,0.5,12.64,-22.48,True
1.01,0.015,0.97,0.2,0.1,0.75,0.25,12.19,-20.28,True
1.01,0.015,0.97,0.2,0.1,1.0,0.0,11.66,-18.3,True
1.01,0.015,0.97,0.2,0.2,0.0,1.0,14.06,-26.07,True
1.01,0.015,0.97,0.2,0.2,0.25,0.75,13.79,-24.76,True
1.01,0.015,0.97,0.2,0.2,0.5,0.5,13.47,-23.46,True
1.01,0.015,0.97,0.2,0.2,0.75,0.25,13.1,-22.17,True
1.01,0.015,0.97,0.2,0.2,1.0,0.0,12.68,-20.88,True
1.01,0.015,0.97,0.2,0.3,0.0,1.0,14.47,-29.58,True
1.01,0.015,0.97,0.2,0.3,0.25,0.75,14.24,-28.38,True
1.01,0.015,0.97,0.2,0.3,0.5,0.5,13.98,-27.18,True
1.01,0.015,0.97,0.2,0.3,0.75,0.25,13.68,-25.98,True
1.01,0.015,0.97,0.2,0.3,1.0,0.0,13.32,-24.78,True
1.01,0.015,0.97,0.3,0.0,0.0,1.0,13.33,-32.11,True
1.01,0.015,0.97,0.3,0.0,0.25,0.75,12.95,-29.59,True
1.01,0.015,0.97,0.3,0.0,0.5,0.5,12.47,-27.02,True
1.01,0.015,0.97,0.3,0.0,0.75,0.25,11.89,-24.39,True
1.01,0.015,0.97,0.3,0.0,1.0,0.0,11.19,-21.7,True
1.01,0.015,0.97,0.3,0.1,0.0,1.0,14.04,-28.95,True
1.01,0.015,0.97,0.3,0.1,0.25,0.75,13.71,-26.69,True
1.01,0.015,0.97,0.3,0.1,0.5,0.5,13.3,-24.37,True
1.01,0.015,0.97,0.3,0.1,0.75,0.25,12.81,-21.99,True
1.01,0.015,0.97,0.3,0.1,1.0,0.0,12.23,-19.54,True
1.01,0.015,0.97,0.3,0.2,0.0,1.0,14.46,-28.1,True
1.01,0.015,0.97,0.3,0.2,0.25,0.75,14.17,-26.63,True
1.01,0.015,0.97,0.3,0.2,0.5,0.5,13.82,-25.16,True
1.01,0.015,0.97,0.3,0.2,0.75,0.25,13.41,-23.68,True
1.01,0.015,0.97,0.3,0.2,1.0,0.0,12.94,-22.19,True
1.01,0.015,0.97,0.3,0.3,0.0,1.0,14.84,-31.32,True
1.01,0.015,0.97,0.3,0.3,0.25,0.75,14.6,-29.95,True
1.01,0.015,0.97,0.3,0.3,0.5,0.5,14.31,-28.57,True
1.01,0.015,0.97,0.3,0.3,0.75,0.25,13.96,-27.18,True
1.01,0.015,0.97,0.3,0.3,1.0,0.0,13.56,-25.79,True
1.01,0.015,0.97,0.4,0.0,0.0,1.0,13.99,-34.68,True
1.01,0.015,0.97,0.4,0.0,0.25,0.75,13.57,-32.01,True
1.01,0.015,0.97,0.4,0.0,0.5,0.5,13.07,-29.27,True
1.01,0.015,0.97,0.4,0.0,0.75,0.25,12.45,-26.47,True
1.01,0.015,0.97,0.4,0.0,1.0,0.0,11.72,-23.58,True
1.01,0.015,0.97,0.4,0.1,0.0,1.0,14.39,-32.06,True
1.01,0.015,0.97,0.4,0.1,0.25,0.75,14.04,-29.6,True
1.01,0.015,0.97,0.4,0.1,0.5,0.5,13.61,-27.08,True
1.01,0.015,0.97,0.4,0.1,0.75,0.25,13.11,-24.48,True
1.01,0.015,0.97,0.4,0.1,1.0,0.0,12.52,-21.81,True
1.01,0.015,0.97,0.4,0.2,0.0,1.0,14.67,-30.06,True
1.01,0.015,0.97,0.4,0.2,0.25,0.75,14.38,-28.42,True
1.01,0.015,0.97,0.4,0.2,0.5,0.5,14.03,-26.76,True
1.01,0.015,0.97,0.4,0.2,0.75,0.25,13.61,-25.1,True
1.01,0.015,0.97,0.4,0.2,1.0,0.0,13.13,-23.43,True
1.01,0.015,0.97,0.4,0.3,0.0,1.0,14.91,-33.41,True
1.01,0.015,0.97,0.4,0.3,0.25,0.75,14.68,-31.86,True
1.01,0.015,0.97,0.4,0.3,0.5,0.5,14.38,-30.31,True
1.01,0.015,0.97,0.4,0.3,0.75,0.25,14.04,-28.75,True
1.01,0.015,0.97,0.4,0.3,1.0,0.0,13.65,-27.17,True
1.01,0.015,0.99,0.1,0.0,0.0,1.0,6.52,-25.96,True
1.01,0.015,0.99,0.1,0.0,0.25,0.75,6.27,-24.14,True
1.01,0.015,0.99,0.1,0.0,0.5,0.5,5.98,-22.18,True
1.01,0.015,0.99,0.1,0.0,0.75,0.25,5.67,-20.04,True
1.01,0.015,0.99,0.1,0.0,1.0,0.0,5.32,-17.71,True
1.01,0.015,0.99,0.1,0.1,0.0,1.0,8.92,-22.38,True
1.01,0.015,0.99,0.1,0.1,0.25,0.75,8.8,-20.62,True
1.01,0.015,0.99,0.1,0.1,0.5,0.5,8.66,-18.72,True
1.01,0.015,0.99,0.1,0.1,0.75,0.25,8.5,-16.85,True
1.01,0.015,0.99,0.1,0.1,1.0,0.0,8.33,-16.93,True
1.01,0.015,0.99,0.1,0.2,0.0,1.0,10.46,-23.03,True
1.01,0.015,0.99,0.1,0.2,0.25,0.75,10.38,-22.98,True
1.01,0.015,0.99,0.1,0.2,0.5,0.5,10.29,-23.0,True
1.01,0.015,0.99,0.1,0.2,0.75,0.25,10.19,-23.03,True
1.01,0.015,0.99,0.1,0.2,1.0,0.0,10.07,-23.13,True
1.01,0.015,0.99,0.1,0.3,0.0,1.0,11.61,-26.82,True
1.01,0.015,0.99,0.1,0.3,0.25,0.75,11.56,-26.57,True
1.01,0.015,0.99,0.1,0.3,0.5,0.5,11.51,-26.34,True
1.01,0.015,0.99,0.1,0.3,0.75,0.25,11.44,-26.21,True
1.01,0.015,0.99,0.1,0.3,1.0,0.0,11.36,-26.17,True
1.01,0.015,0.99,0.2,0.0,0.0,1.0,6.32,-29.43,True
1.01,0.015,0.99,0.2,0.0,0.25,0.75,6.26,-27.43,True
1.01,0.015,0.99,0.2,0.0,0.5,0.5,6.14,-25.26,True
1.01,0.015,0.99,0.2,0.0,0.75,0.25,5.95,-22.9,True
1.01,0.015,0.99,0.2,0.0,1.0,0.0,5.7,-20.31,True
1.01,0.015,0.99,0.2,0.1,0.0,1.0,8.79,-25.92,True
1.01,0.015,0.99,0.2,0.1,0.25,0.75,8.77,-23.98,True
1.01,0.015,0.99,0.2,0.1,0.5,0.5,8.71,-21.88,True
1.01,0.015,0.99,0.2,0.1,0.75,0.25,8.62,-20.14,True
1.01,0.015,0.99,0.2,0.1,1.0,0.0,8.49,-19.55,True
1.01,0.015,0.99,0.2,0.2,0.0,1.0,10.38,-25.65,True
1.01,0.015,0.99,0.2,0.2,0.25,0.75,10.38,-25.04,True
1.01,0.015,0.99,0.2,0.2,0.5,0.5,10.35,-24.51,True
1.01,0.015,0.99,0.2,0.2,0.75,0.25,10.3,-24.07,True
1.01,0.015,0.99,0.2,0.2,1.0,0.0,10.22,-23.74,True
1.01,0.015,0.99,0.2,0.3,0.0,1.0,11.57,-27.87,True
1.01,0.015,0.99,0.2,0.3,0.25,0.75,11.58,-27.39,True
1.01,0.015,0.99,0.2,0.3,0.5,0.5,11.56,-26.99,True
1.01,0.015,0.99,0.2,0.3,0.75,0.25,11.53,-26.67,True
1.01,0.015,0.99,0.2,0.3,1.0,0.0,11.47,-26.47,True
1.01,0.015,0.99,0.3,0.0,0.0,1.0,6.01,-32.29,True
1.01,0.015,0.99,0.3,0.0,0.25,0.75,6.06,-30.07,True
1.01,0.015,0.99,0.3,0.0,0.5,0.5,6.03,-27.69,True
1.01,0.015,0.99,0.3,0.0,0.75,0.25,5.93,-25.13,True
1.01,0.015,0.99,0.3,0.0,1.0,0.0,5.75,-22.35,True
1.01,0.015,0.99,0.3,0.1,0.0,1.0,8.76,-28.38,True
1.01,0.015,0.99,0.3,0.1,0.25,0.75,8.78,-26.24,True
1.01,0.015,0.99,0.3,0.1,0.5,0.5,8.76,-23.97,True
1.01,0.015,0.99,0.3,0.1,0.75,0.25,8.7,-21.52,True
1.01,0.015,0.99,0.3,0.1,1.0,0.0,8.6,-19.9,True
1.01,0.015,0.99,0.3,0.2,0.0,1.0,10.4,-26.27,True
1.01,0.015,0.99,0.3,0.2,0.25,0.75,10.42,-25.6,True
1.01,0.015,0.99,0.3,0.2,0.5,0.5,10.42,-25.0,True
1.01,0.015,0.99,0.3,0.2,0.75,0.25,10.38,-24.48,True
1.01,0.015,0.99,0.3,0.2,1.0,0.0,10.31,-24.08,True
1.01,0.015,0.99,0.3,0.3,0.0,1.0,11.62,-28.41,True
1.01,0.015,0.99,0.3,0.3,0.25,0.75,11.64,-27.89,True
1.01,0.015,0.99,0.3,0.3,0.5,0.5,11.63,-27.44,True
1.01,0.015,0.99,0.3,0.3,0.75,0.25,11.61,-27.08,True
1.01,0.015,0.99,0.3,0.3,1.0,0.0,11.55,-26.81,True
1.01,0.015,0.99,0.4,0.0,0.0,1.0,6.18,-34.04,True
1.01,0.015,0.99,0.4,0.0,0.25,0.75,6.24,-31.71,True
1.01,0.015,0.99,0.4,0.0,0.5,0.5,6.24,-29.23,True
1.01,0.015,0.99,0.4,0.0,0.75,0.25,6.15,-26.56,True
1.01,0.015,0.99,0.4,0.0,1.0,0.0,5.97,-23.67,True
1.01,0.015,0.99,0.4,0.1,0.0,1.0,8.82,-30.23,True
1.01,0.015,0.99,0.4,0.1,0.25,0.75,8.86,-28.01,True
1.01,0.015,0.99,0.4,0.1,0.5,0.5,8.86,-25.63,True
1.01,0.015,0.99,0.4,0.1,0.75,0.25,8.81,-23.07,True
1.01,0.015,0.99,0.4,0.1,1.0,0.0,8.71,-20.3,True
1.01,0.015,0.99,0.4,0.2,0.0,1.0,10.47,-26.71,True
1.01,0.015,0.99,0.4,0.2,0.25,0.75,10.49,-25.99,True
1.01,0.015,0.99,0.4,0.2,0.5,0.5,10.49,-25.35,True
1.01,0.015,0.99,0.4,0.2,0.75,0.25,10.46,-24.79,True
1.01,0.015,0.99,0.4,0.2,1.0,0.0,10.4,-24.36,True
1.01,0.015,0.99,0.4,0.3,0.0,1.0,11.51,-31.03,True
1.01,0.015,0.99,0.4,0.3,0.25,0.75,11.55,-29.68,True
1.01,0.015,0.99,0.4,0.3,0.5,0.5,11.56,-28.33,True
1.01,0.015,0.99,0.4,0.3,0.75,0.25,11.55,-27.33,True
1.01,0.015,0.99,0.4,0.3,1.0,0.0,11.52,-27.0,True
1.01,0.015,1.0,0.1,0.0,0.0,1.0,2.4,-25.58,True
1.01,0.015,1.0,0.1,0.0,0.25,0.75,2.43,-23.79,True
1.01,0.015,1.0,0.1,0.0,0.5,0.5,2.44,-21.85,True
1.01,0.015,1.0,0.1,0.0,0.75,0.25,2.44,-19.74,True
1.01,0.015,1.0,0.1,0.0,1.0,0.0,2.43,-17.43,True
1.01,0.015,1.0,0.1,0.1,0.0,1.0,7.08,-22.57,True
1.01,0.015,1.0,0.1,0.1,0.25,0.75,7.1,-22.13,True
1.01,0.015,1.0,0.1,0.1,0.5,0.5,7.11,-21.71,True
1.01,0.015,1.0,0.1,0.1,0.75,0.25,7.11,-21.31,True
1.01,0.015,1.0,0.1,0.1,1.0,0.0,7.11,-20.94,True
1.01,0.015,1.0,0.1,0.2,0.0,1.0,9.34,-27.31,True
1.01,0.015,1.0,0.1,0.2,0.25,0.75,9.35,-26.92,True
1.01,0.015,1.0,0.1,0.2,0.5,0.5,9.36,-26.55,True
1.01,0.015,1.0,0.1,0.2,0.75,0.25,9.37,-26.2,True
1.01,0.015,1.0,0.1,0.2,1.0,0.0,9.37,-25.88,True
1.01,0.015,1.0,0.1,0.3,0.0,1.0,10.87,-29.02,True
1.01,0.015,1.0,0.1,0.3,0.25,0.75,10.88,-28.75,True
1.01,0.015,1.0,0.1,0.3,0.5,0.5,10.88,-28.5,True
1.01,0.015,1.0,0.1,0.3,0.75,0.25,10.88,-28.27,True
1.01,0.015,1.0,0.1,0.3,1.0,0.0,10.88,-28.07,True
1.01,0.015,1.0,0.2,0.0,0.0,1.0,2.65,-28.71,True
1.01,0.015,1.0,0.2,0.0,0.25,0.75,2.78,-26.75,True
1.01,0.015,1.0,0.2,0.0,0.5,0.5,2.88,-24.62,True
1.01,0.015,1.0,0.2,0.0,0.75,0.25,2.96,-22.3,True
1.01,0.015,1.0,0.2,0.0,1.0,0.0,3.0,-19.77,True
1.01,0.015,1.0,0.2,0.1,0.0,1.0,7.3,-25.27,True
1.01,0.015,1.0,0.2,0.1,0.25,0.75,7.34,-23.34,True
1.01,0.015,1.0,0.2,0.1,0.5,0.5,7.37,-22.48,True
1.01,0.015,1.0,0.2,0.1,0.75,0.25,7.39,-21.82,True
1.01,0.015,1.0,0.2,0.1,1.0,0.0,7.4,-21.21,True
1.01,0.015,1.0,0.2,0.2,0.0,1.0,9.46,-27.09,True
1.01,0.015,1.0,0.2,0.2,0.25,0.75,9.48,-26.61,True
1.01,0.015,1.0,0.2,0.2,0.5,0.5,9.5,-26.16,True
1.01,0.015,1.0,0.2,0.2,0.75,0.25,9.52,-25.74,True
1.01,0.015,1.0,0.2,0.2,1.0,0.0,9.52,-25.36,True
1.01,0.015,1.0,0.2,0.3,0.0,1.0,10.94,-28.83,True
1.01,0.015,1.0,0.2,0.3,0.25,0.75,10.96,-28.49,True
1.01,0.015,1.0,0.2,0.3,0.5,0.5,10.97,-28.17,True
1.01,0.015,1.0,0.2,0.3,0.75,0.25,10.98,-27.89,True
1.01,0.015,1.0,0.2,0.3,1.0,0.0,10.98,-27.64,True
1.01,0.015,1.0,0.3,0.0,0.0,1.0,2.95,-31.24,True
1.01,0.015,1.0,0.3,0.0,0.25,0.75,3.13,-29.07,True
1.01,0.015,1.0,0.3,0.0,0.5,0.5,3.27,-26.75,True
1.01,0.015,1.0,0.3,0.0,0.75,0.25,3.37,-24.25,True
1.01,0.015,1.0,0.3,0.0,1.0,0.0,3.44,-21.54,True
1.01,0.015,1.0,0.3,0.1,0.0,1.0,7.39,-27.61,True
1.01,0.015,1.0,0.3,0.1,0.25,0.75,7.45,-25.47,True
1.01,0.015,1.0,0.3,0.1,0.5,0.5,7.5,-23.2,True
1.01,0.015,1.0,0.3,0.1,0.75,0.25,7.53,-21.61,True
1.01,0.015,1.0,0.3,0.1,1.0,0.0,7.55,-20.94,True
1.01,0.015,1.0,0.3,0.2,0.0,1.0,9.51,-26.93,True
1.01,0.015,1.0,0.3,0.2,0.25,0.75,9.56,-26.41,True
1.01,0.015,1.0,0.3,0.2,0.5,0.5,9.59,-25.94,True
1.01,0.015,1.0,0.3,0.2,0.75,0.25,9.61,-25.48,True
1.01,0.015,1.0,0.3,0.2,1.0,0.0,9.61,-25.07,True
1.01,0.015,1.0,0.3,0.3,0.0,1.0,10.94,-28.73,True
1.01,0.015,1.0,0.3,0.3,0.25,0.75,10.98,-28.35,True
1.01,0.015,1.0,0.3,0.3,0.5,0.5,11.01,-27.99,True
1.01,0.015,1.0,0.3,0.3,0.75,0.25,11.03,-27.67,True
1.01,0.015,1.0,0.3,0.3,1.0,0.0,11.04,-27.38,True
1.01,0.015,1.0,0.4,0.0,0.0,1.0,3.31,-32.65,True
1.01,0.015,1.0,0.4,0.0,0.25,0.75,3.49,-30.4,True
1.01,0.015,1.0,0.4,0.0,0.5,0.5,3.63,-27.99,True
1.01,0.015,1.0,0.4,0.0,0.75,0.25,3.74,-25.4,True
1.01,0.015,1.0,0.4,0.0,1.0,0.0,3.8,-22.6,True
1.01,0.015,1.0,0.4,0.1,0.0,1.0,7.44,-29.1,True
1.01,0.015,1.0,0.4,0.1,0.25,0.75,7.51,-26.89,True
1.01,0.015,1.0,0.4,0.1,0.5,0.5,7.57,-24.54,True
1.01,0.015,1.0,0.4,0.1,0.75,0.25,7.62,-22.01,True
1.01,0.015,1.0,0.4,0.1,1.0,0.0,7.64,-20.79,True
1.01,0.015,1.0,0.4,0.2,0.0,1.0,9.48,-26.96,True
1.01,0.015,1.0,0.4,0.2,0.25,0.75,9.54,-26.4,True
1.01,0.015,1.0,0.4,0.2,0.5,0.5,9.59,-25.87,True
1.01,0.015,1.0,0.4,0.2,0.75,0.25,9.62,-25.38,True
1.01,0.015,1.0,0.4,0.2,1.0,0.0,9.65,-24.94,True
1.01,0.015,1.0,0.4,0.3,0.0,1.0,10.87,-28.84,True
1.01,0.015,1.0,0.4,0.3,0.25,0.75,10.92,-28.42,True
1.01,0.015,1.0,0.4,0.3,0.5,0.5,10.96,-28.03,True
1.01,0.015,1.0,0.4,0.3,0.75,0.25,10.99,-27.68,True
1.01,0.015,1.0,0.4,0.3,1.0,0.0,11.02,-27.38,True
1.01,0.015,1.01,0.1,0.0,0.0,1.0,4.59,-17.93,True
1.01,0.015,1.01,0.1,0.0,0.25,0.75,4.42,-16.57,True
1.01,0.015,1.01,0.1,0.0,0.5,0.5,4.23,-15.08,True
1.01,0.015,1.01,0.1,0.0,0.75,0.25,4.04,-13.46,True
1.01,0.015,1.01,0.1,0.0,1.0,0.0,3.83,-11.68,True
1.01,0.015,1.01,0.1,0.1,0.0,1.0,8.25,-15.1,True
1.01,0.015,1.01,0.1,0.1,0.25,0.75,8.16,-13.76,True
1.01,0.015,1.01,0.1,0.1,0.5,0.5,8.06,-14.1,True
1.01,0.015,1.01,0.1,0.1,0.75,0.25,7.95,-14.47,True
1.01,0.015,1.01,0.1,0.1,1.0,0.0,7.84,-14.86,True
1.01,0.015,1.01,0.1,0.2,0.0,1.0,10.12,-19.68,True
1.01,0.015,1.01,0.1,0.2,0.25,0.75,10.06,-19.99,True
1.01,0.015,1.01,0.1,0.2,0.5,0.5,9.99,-20.32,True
1.01,0.015,1.01,0.1,0.2,0.75,0.25,9.91,-20.67,True
1.01,0.015,1.01,0.1,0.2,1.0,0.0,9.83,-21.04,True
1.01,0.015,1.01,0.1,0.3,0.0,1.0,11.44,-23.22,True
1.01,0.015,1.01,0.1,0.3,0.25,0.75,11.4,-23.47,True
1.01,0.015,1.01,0.1,0.3,0.5,0.5,11.35,-23.74,True
1.01,0.015,1.01,0.1,0.3,0.75,0.25,11.29,-24.04,True
1.01,0.015,1.01,0.1,0.3,1.0,0.0,11.24,-24.37,True
1.01,0.015,1.01,0.2,0.0,0.0,1.0,6.01,-17.68,True
1.01,0.015,1.01,0.2,0.0,0.25,0.75,5.84,-16.32,True
1.01,0.015,1.01,0.2,0.0,0.5,0.5,5.64,-14.84,True
1.01,0.015,1.01,0.2,0.0,0.75,0.25,5.42,-13.2,True
1.01,0.015,1.01,0.2,0.0,1.0,0.0,5.17,-11.38,True
1.01,0.015,1.01,0.2,0.1,0.0,1.0,8.81,-15.05,True
1.01,0.015,1.01,0.2,0.1,0.25,0.75,8.71,-13.74,True
1.01,0.015,1.01,0.2,0.1,0.5,0.5,8.6,-12.95,True
1.01,0.015,1.01,0.2,0.1,0.75,0.25,8.48,-13.26,True
1.01,0.015,1.01,0.2,0.1,1.0,0.0,8.34,-13.63,True
1.01,0.015,1.01,0.2,0.2,0.0,1.0,10.51,-18.4,True
1.01,0.015,1.01,0.2,0.2,0.25,0.75,10.44,-18.66,True
1.01,0.015,1.01,0.2,0.2,0.5,0.5,10.36,-18.96,True
1.01,0.015,1.01,0.2,0.2,0.75,0.25,10.27,-19.31,True
1.01,0.015,1.01,0.2,0.2,1.0,0.0,10.17,-19.69,True
1.01,0.015,1.01,0.2,0.3,0.0,1.0,11.72,-22.02,True
1.01,0.015,1.01,0.2,0.3,0.25,0.75,11.66,-22.25,True
1.01,0.015,1.01,0.2,0.3,0.5,0.5,11.6,-22.55,True
1.01,0.015,1.01,0.2,0.3,0.75,0.25,11.52,-22.9,True
1.01,0.015,1.01,0.2,0.3,1.0,0.0,11.44,-23.29,True
1.01,0.015,1.01,0.3,0.0,0.0,1.0,6.56,-19.38,True
1.01,0.015,1.01,0.3,0.0,0.25,0.75,6.4,-17.79,True
1.01,0.015,1.01,0.3,0.0,0.5,0.5,6.22,-16.14,True
1.01,0.015,1.01,0.3,0.0,0.75,0.25,6.0,-14.41,True
1.01,0.015,1.01,0.3,0.0,1.0,0.0,5.75,-12.59,True
1.01,0.015,1.01,0.3,0.1,0.0,1.0,9.2,-16.5,True
1.01,0.015,1.01,0.3,0.1,0.25,0.75,9.1,-15.04,True
1.01,0.015,1.01,0.3,0.1,0.5,0.5,8.98,-13.53,True
1.01,0.015,1.01,0.3,0.1,0.75,0.25,8.84,-12.52,True
1.01,0.015,1.01,0.3,0.1,1.0,0.0,8.68,-12.86,True
1.01,0.015,1.01,0.3,0.2,0.0,1.0,10.65,-17.9,True
1.01,0.015,1.01,0.3,0.2,0.25,0.75,10.58,-18.14,True
1.01,0.015,1.01,0.3,0.2,0.5,0.5,10.51,-18.43,True
1.01,0.015,1.01,0.3,0.2,0.75,0.25,10.41,-18.75,True
1.01,0.015,1.01,0.3,0.2,1.0,0.0,10.31,-19.14,True
1.01,0.015,1.01,0.3,0.3,0.0,1.0,11.71,-22.04,True
1.01,0.015,1.01,0.3,0.3,0.25,0.75,11.67,-22.22,True
1.01,0.015,1.01,0.3,0.3,0.5,0.5,11.63,-22.46,True
1.01,0.015,1.01,0.3,0.3,0.75,0.25,11.57,-22.75,True
1.01,0.015,1.01,0.3,0.3,1.0,0.0,11.5,-23.07,True
1.01,0.015,1.01,0.4,0.0,0.0,1.0,7.01,-19.82,True
1.01,0.015,1.01,0.4,0.0,0.25,0.75,6.86,-18.19,True
1.01,0.015,1.01,0.4,0.0,0.5,0.5,6.67,-16.48,True
1.01,0.015,1.01,0.4,0.0,0.75,0.25,6.45,-14.69,True
1.01,0.015,1.01,0.4,0.0,1.0,0.0,6.19,-12.82,True
1.01,0.015,1.01,0.4,0.1,0.0,1.0,9.27,-16.15,True
1.01,0.015,1.01,0.4,0.1,0.25,0.75,9.18,-14.79,True
1.01,0.015,1.01,0.4,0.1,0.5,0.5,9.07,-13.42,True
1.01,0.015,1.01,0.4,0.1,0.75,0.25,8.95,-12.32,True
1.01,0.015,1.01,0.4,0.1,1.0,0.0,8.79,-12.64,True
1.01,0.015,1.01,0.4,0.2,0.0,1.0,10.61,-18.31,True
1.01,0.015,1.01,0.4,0.2,0.25,0.75,10.57,-18.19,True
1.01,0.015,1.01,0.4,0.2,0.5,0.5,10.51,-18.4,True
1.01,0.015,1.01,0.4,0.2,0.75,0.25,10.44,-18.69,True
1.01,0.015,1.01,0.4,0.2,1.0,0.0,10.35,-19.04,True
1.01,0.015,1.01,0.4,0.3,0.0,1.0,11.63,-22.85,True
1.01,0.015,1.01,0.4,0.3,0.25,0.75,11.61,-22.31,True
1.01,0.015,1.01,0.4,0.3,0.5,0.5,11.59,-22.46,True
1.01,0.015,1.01,0.4,0.3,0.75,0.25,11.56,-22.65,True
1.01,0.015,1.01,0.4,0.3,1.0,0.0,11.51,-22.92,True
1.01,0.015,1.02,0.1,0.0,0.0,1.0,2.16,-14.83,True
1.01,0.015,1.02,0.1,0.0,0.25,0.75,2.14,-13.69,True
1.01,0.015,1.02,0.1,0.0,0.5,0.5,2.11,-12.46,True
1.01,0.015,1.02,0.1,0.0,0.75,0.25,2.08,-11.11,True
1.01,0.015,1.02,0.1,0.0,1.0,0.0,2.03,-9.64,True
1.01,0.015,1.02,0.1,0.1,0.0,1.0,6.81,-16.39,True
1.01,0.015,1.02,0.1,0.1,0.25,0.75,6.81,-16.55,True
1.01,0.015,1.02,0.1,0.1,0.5,0.5,6.82,-16.73,True
1.01,0.015,1.02,0.1,0.1,0.75,0.25,6.81,-16.92,True
1.01,0.015,1.02,0.1,0.1,1.0,0.0,6.81,-17.12,True
1.01,0.015,1.02,0.1,0.2,0.0,1.0,9.22,-22.3,True
1.01,0.015,1.02,0.1,0.2,0.25,0.75,9.22,-22.44,True
1.01,0.015,1.02,0.1,0.2,0.5,0.5,9.22,-22.59,True
1.01,0.015,1.02,0.1,0.2,0.75,0.25,9.21,-22.76,True
1.01,0.015,1.02,0.1,0.2,1.0,0.0,9.21,-22.95,True
1.01,0.015,1.02,0.1,0.3,0.0,1.0,10.83,-25.35,True
1.01,0.015,1.02,0.1,0.3,0.25,0.75,10.83,-25.47,True
1.01,0.015,1.02,0.1,0.3,0.5,0.5,10.83,-25.61,True
1.01,0.015,1.02,0.1,0.3,0.75,0.25,10.82,-25.76,True
1.01,0.015,1.02,0.1,0.3,1.0,0.0,10.82,-25.92,True
1.01,0.015,1.02,0.2,0.0,0.0,1.0,2.32,-15.29,True
1.01,0.015,1.02,0.2,0.0,0.25,0.75,2.37,-14.11,True
1.01,0.015,1.02,0.2,0.0,0.5,0.5,2.42,-12.82,True
1.01,0.015,1.02,0.2,0.0,0.75,0.25,2.44,-11.4,True
1.01,0.015,1.02,0.2,0.0,1.0,0.0,2.45,-9.85,True
1.01,0.015,1.02,0.2,0.1,0.0,1.0,7.23,-15.16,True
1.01,0.015,1.02,0.2,0.1,0.25,0.75,7.23,-15.27,True
1.01,0.015,1.02,0.2,0.1,0.5,0.5,7.23,-15.41,True
1.01,0.015,1.02,0.2,0.1,0.75,0.25,7.22,-15.58,True
1.01,0.015,1.02,0.2,0.1,1.0,0.0,7.21,-15.78,True
1.01,0.015,1.02,0.2,0.2,0.0,1.0,9.61,-20.74,True
1.01,0.015,1.02,0.2,0.2,0.25,0.75,9.6,-20.88,True
1.01,0.015,1.02,0.2,0.2,0.5,0.5,9.59,-21.04,True
1.01,0.015,1.02,0.2,0.2,0.75,0.25,9.58,-21.22,True
1.01,0.015,1.02,0.2,0.2,1.0,0.0,9.55,-21.44,True
1.01,0.015,1.02,0.2,0.3,0.0,1.0,11.17,-23.86,True
1.01,0.015,1.02,0.2,0.3,0.25,0.75,11.15,-24.0,True
1.01,0.015,1.02,0.2,0.3,0.5,0.5,11.14,-24.17,True
1.01,0.015,1.02,0.2,0.3,0.75,0.25,11.12,-24.36,True
1.01,0.015,1.02,0.2,0.3,1.0,0.0,11.09,-24.58,True
1.01,0.015,1.02,0.3,0.0,0.0,1.0,3.02,-16.61,True
1.01,0.015,1.02,0.3,0.0,0.25,0.75,3.07,-15.35,True
1.01,0.015,1.02,0.3,0.0,0.5,0.5,3.1,-14.03,True
1.01,0.015,1.02,0.3,0.0,0.75,0.25,3.12,-12.65,True
1.01,0.015,1.02,0.3,0.0,1.0,0.0,3.1,-11.2,True
1.01,0.015,1.02,0.3,0.1,0.0,1.0,7.8,-14.6,True
1.01,0.015,1.02,0.3,0.1,0.25,0.75,7.79,-13.81,True
1.01,0.015,1.02,0.3,0.1,0.5,0.5,7.77,-13.97,True
1.01,0.015,1.02,0.3,0.1,0.75,0.25,7.73,-14.17,True
1.01,0.015,1.02,0.3,0.1,1.0,0.0,7.69,-14.41,True
1.01,0.015,1.02,0.3,0.2,0.0,1.0,10.0,-19.27,True
1.01,0.015,1.02,0.3,0.2,0.25,0.75,9.97,-19.44,True
1.01,0.015,1.02,0.3,0.2,0.5,0.5,9.95,-19.64,True
1.01,0.015,1.02,0.3,0.2,0.75,0.25,9.91,-19.89,True
1.01,0.015,1.02,0.3,0.2,1.0,0.0,9.86,-20.17,True
1.01,0.015,1.02,0.3,0.3,0.0,1.0,11.49,-22.28,True
1.01,0.015,1.02,0.3,0.3,0.25,0.75,11.46,-22.47,True
1.01,0.015,1.02,0.3,0.3,0.5,0.5,11.42,-22.7,True
1.01,0.015,1.02,0.3,0.3,0.75,0.25,11.38,-22.97,True
1.01,0.015,1.02,0.3,0.3,1.0,0.0,11.34,-23.27,True
1.01,0.015,1.02,0.4,0.0,0.0,1.0,4.15,-18.23,True
1.01,0.015,1.02,0.4,0.0,0.25,0.75,4.15,-16.86,True
1.01,0.015,1.02,0.4,0.0,0.5,0.5,4.13,-15.42,True
1.01,0.015,1.02,0.4,0.0,0.75,0.25,4.08,-13.91,True
1.01,0.015,1.02,0.4,0.0,1.0,0.0,4.0,-12.33,True
1.01,0.015,1.02,0.4,0.1,0.0,1.0,8.28,-16.19,True
1.01,0.015,1.02,0.4,0.1,0.25,0.75,8.24,-14.82,True
1.01,0.015,1.02,0.4,0.1,0.5,0.5,8.2,-13.45,True
1.01,0.015,1.02,0.4,0.1,0.75,0.25,8.14,-13.22,True
1.01,0.015,1.02,0.4,0.1,1.0,0.0,8.07,-13.49,True
1.01,0.015,1.02,0.4,0.2,0.0,1.0,10.39,-17.95,True
1.01,0.015,1.02,0.4,0.2,0.25,0.75,10.35,-18.16,True
1.01,0.015,1.02,0.4,0.2,0.5,0.5,10.29,-18.41,True
1.01,0.015,1.02,0.4,0.2,0.75,0.25,10.22,-18.7,True
1.01,0.015,1.02,0.4,0.2,1.0,0.0,10.15,-19.05,True
1.01,0.015,1.02,0.4,0.3,0.0,1.0,11.74,-21.26,True
1.01,0.015,1.02,0.4,0.3,0.25,0.75,11.7,-21.49,True
1.01,0.015,1.02,0.4,0.3,0.5,0.5,11.65,-21.72,True
1.01,0.015,1.02,0.4,0.3,0.75,0.25,11.59,-21.98,True
1.01,0.015,1.02,0.4,0.3,1.0,0.0,11.53,-22.31,True
1.01,0.02,0.95,0.1,0.0,0.0,1.0,8.56,-27.68,True
1.01,0.02,0.95,0.1,0.0,0.25,0.75,8.22,-26.15,True
1.01,0.02,0.95,0.1,0.0,0.5,0.5,7.84,-24.32,True
1.01,0.02,0.95,0.1,0.0,0.75,0.25,7.43,-22.08,True
1.01,0.02,0.95,0.1,0.0,1.0,0.0,6.98,-19.3,True
1.01,0.02,0.95,0.1,0.1,0.0,1.0,10.9,-28.32,True
1.01,0.02,0.95,0.1,0.1,0.25,0.75,10.62,-27.1,True
1.01,0.02,0.95,0.1,0.1,0.5,0.5,10.32,-25.67,True
1.01,0.02,0.95,0.1,0.1,0.75,0.25,10.0,-23.99,True
1.01,0.02,0.95,0.1,0.1,1.0,0.0,9.67,-21.99,True
1.01,0.02,0.95,0.1,0.2,0.0,1.0,12.45,-28.69,True
1.01,0.02,0.95,0.1,0.2,0.25,0.75,12.19,-27.64,True
1.01,0.02,0.95,0.1,0.2,0.5,0.5,11.91,-26.44,True
1.01,0.02,0.95,0.1,0.2,0.75,0.25,11.62,-25.06,True
1.01,0.02,0.95,0.1,0.2,1.0,0.0,11.32,-23.48,True
1.01,0.02,0.95,0.1,0.3,0.0,1.0,13.54,-28.96,True
1.01,0.02,0.95,0.1,0.3,0.25,0.75,13.3,-28.02,True
1.01,0.02,0.95,0.1,0.3,0.5,0.5,13.05,-26.97,True
1.01,0.02,0.95,0.1,0.3,0.75,0.25,12.8,-25.8,True
1.01,0.02,0.95,0.1,0.3,1.0,0.0,12.54,-24.49,True
1.01,0.02,0.95,0.2,0.0,0.0,1.0,13.0,-27.68,True
1.01,0.02,0.95,0.2,0.0,0.25,0.75,12.47,-26.22,True
1.01,0.02,0.95,0.2,0.0,0.5,0.5,11.89,-24.43,True
1.01,0.02,0.95,0.2,0.0,0.75,0.25,11.24,-22.19,True
1.01,0.02,0.95,0.2,0.0,1.0,0.0,10.52,-19.3,True
1.01,0.02,0.95,0.2,0.1,0.0,1.0,13.65,-27.97,True
1.01,0.02,0.95,0.2,0.1,0.25,0.75,13.21,-26.66,True
1.01,0.02,0.95,0.2,0.1,0.5,0.5,12.73,-25.1,True
1.01,0.02,0.95,0.2,0.1,0.75,0.25,12.2,-23.2,True
1.01,0.02,0.95,0.2,0.1,1.0,0.0,11.64,-20.84,True
1.01,0.02,0.95,0.2,0.2,0.0,1.0,14.18,-28.25,True
1.01,0.02,0.95,0.2,0.2,0.25,0.75,13.81,-27.08,True
1.01,0.02,0.95,0.2,0.2,0.5,0.5,13.4,-25.72,True
1.01,0.02,0.95,0.2,0.2,0.75,0.25,12.97,-24.1,True
1.01,0.02,0.95,0.2,0.2,1.0,0.0,12.5,-22.18,True
1.01,0.02,0.95,0.2,0.3,0.0,1.0,14.67,-28.53,True
1.01,0.02,0.95,0.2,0.3,0.25,0.75,14.35,-27.49,True
1.01,0.02,0.95,0.2,0.3,0.5,0.5,14.0,-26.3,True
1.01,0.02,0.95,0.2,0.3,0.75,0.25,13.64,-24.93,True
1.01,0.02,0.95,0.2,0.3,1.0,0.0,13.26,-23.47,True
1.01,0.02,0.95,0.3,0.0,0.0,1.0,14.0,-27.68,True
1.01,0.02,0.95,0.3,0.0,0.25,0.75,13.45,-26.25,True
1.01,0.02,0.95,0.3,0.0,0.5,0.5,12.82,-24.48,True
1.01,0.02,0.95,0.3,0.0,0.75,0.25,12.12,-22.24,True
1.01,0.02,0.95,0.3,0.0,1.0,0.0,11.34,-19.3,True
1.01,0.02,0.95,0.3,0.1,0.0,1.0,14.56,-27.92,True
1.01,0.02,0.95,0.3,0.1,0.25,0.75,14.08,-26.61,True
1.01,0.02,0.95,0.3,0.1,0.5,0.5,13.56,-25.03,True
1.01,0.02,0.95,0.3,0.1,0.75,0.25,12.98,-23.08,True
1.01,0.02,0.95,0.3,0.1,1.0,0.0,12.34,-20.62,True
1.01,0.02,0.95,0.3,0.2,0.0,1.0,14.97,-28.23,True
1.01,0.02,0.95,0.3,0.2,0.25,0.75,14.56,-26.98,True
1.01,0.02,0.95,0.3,0.2,0.5,0.5,14.11,-25.58,True
1.01,0.02,0.95,0.3,0.2,0.75,0.25,13.63,-23.9,True
1.01,0.02,0.95,0.3,0.2,1.0,0.0,13.1,-22.01,True
1.01,0.02,0.95,0.3,0.3,0.0,1.0,15.23,-30.98,True
1.01,0.02,0.95,0.3,0.3,0.25,0.75,14.9,-29.57,True
1.01,0.02,0.95,0.3,0.3,0.5,0.5,14.54,-28.14,True
1.01,0.02,0.95,0.3,0.3,0.75,0.25,14.15,-26.71,True
1.01,0.02,0.95,0.3,0.3,1.0,0.0,13.72,-25.26,True
1.01,0.02,0.95,0.4,0.0,0.0,1.0,14.82,-27.68,True
1.01,0.02,0.95,0.4,0.0,0.25,0.75,14.23,-26.27,True
1.01,0.02,0.95,0.4,0.0,0.5,0.5,13.57,-24.51,True
1.01,0.02,0.95,0.4,0.0,0.75,0.25,12.82,-22.26,True
1.01,0.02,0.95,0.4,0.0,1.0,0.0,11.98,-19.3,True
1.01,0.02,0.95,0.4,0.1,0.0,1.0,15.17,-28.52,True
1.01,0.02,0.95,0.4,0.1,0.25,0.75,14.67,-26.61,True
1.01,0.02,0.95,0.4,0.1,0.5,0.5,14.11,-25.03,True
1.01,0.02,0.95,0.4,0.1,0.75,0.25,13.49,-23.07,True
1.01,0.02,0.95,0.4,0.1,1.0,0.0,12.81,-20.66,True
1.01,0.02,0.95,0.4,0.2,0.0,1.0,15.33,-31.31,True
1.01,0.02,0.95,0.4,0.2,0.25,0.75,14.93,-29.52,True
1.01,0.02,0.95,0.4,0.2,0.5,0.5,14.47,-27.7,True
1.01,0.02,0.95,0.4,0.2,0.75,0.25,13.97,-25.86,True
1.01,0.02,0.95,0.4,0.2,1.0,0.0,13.43,-23.98,True
1.01,0.02,0.95,0.4,0.3,0.0,1.0,15.52,-34.33,True
1.01,0.02,0.95,0.4,0.3,0.25,0.75,15.19,-32.64,True
1.01,0.02,0.95,0.4,0.3,0.5,0.5,14.82,-30.92,True
1.01,0.02,0.95,0.4,0.3,0.75,0.25,14.41,-29.19,True
1.01,0.02,0.95,0.4,0.3,1.0,0.0,13.97,-27.43,True
1.01,0.02,0.97,0.1,0.0,0.0,1.0,6.38,-22.06,True
1.01,0.02,0.97,0.1,0.0,0.25,0.75,6.14,-20.8,True
1.01,0.02,0.97,0.1,0.0,0.5,0.5,5.87,-19.29,True
1.01,0.02,0.97,0.1,0.0,0.75,0.25,5.56,-17.45,True
1.01,0.02,0.97,0.1,0.0,1.0,0.0,5.22,-15.15,True
1.01,0.02,0.97,0.1,0.1,0.0,1.0,9.21,-24.18,True
1.01,0.02,0.97,0.1,0.1,0.25,0.75,9.06,-23.38,True
1.01,0.02,0.97,0.1,0.1,0.5,0.5,8.89,-22.46,True
1.01,0.02,0.97,0.1,0.1,0.75,0.25,8.69,-21.38,True
1.01,0.02,0.97,0.1,0.1,1.0,0.0,8.48,-20.09,True
1.01,0.02,0.97,0.1,0.2,0.0,1.0,10.97,-25.39,True
1.01,0.02,0.97,0.1,0.2,0.25,0.75,10.85,-24.82,True
1.01,0.02,0.97,0.1,0.2,0.5,0.5,10.72,-24.19,True
1.01,0.02,0.97,0.1,0.2,0.75,0.25,10.57,-23.47,True
1.01,0.02,0.97,0.1,0.2,1.0,0.0,10.41,-22.65,True
1.01,0.02,0.97,0.1,0.3,0.0,1.0,12.26,-26.25,True
1.01,0.02,0.97,0.1,0.3,0.25,0.75,12.16,-25.84,True
1.01,0.02,0.97,0.1,0.3,0.5,0.5,12.04,-25.39,True
1.01,0.02,0.97,0.1,0.3,0.75,0.25,11.91,-24.89,True
1.01,0.02,0.97,0.1,0.3,1.0,0.0,11.76,-24.35,True
1.01,0.02,0.97,0.2,0.0,0.0,1.0,8.79,-22.06,True
1.01,0.02,0.97,0.2,0.0,0.25,0.75,8.52,-20.85,True
1.01,0.02,0.97,0.2,0.0,0.5,0.5,8.19,-19.38,True
1.01,0.02,0.97,0.2,0.0,0.75,0.25,7.81,-17.53,True
1.01,0.02,0.97,0.2,0.0,1.0,0.0,7.36,-15.15,True
1.01,0.02,0.97,0.2,0.1,0.0,1.0,10.84,-23.42,True
1.01,0.02,0.97,0.2,0.1,0.25,0.75,10.62,-22.54,True
1.01,0.02,0.97,0.2,0.1,0.5,0.5,10.37,-21.5,True
1.01,0.02,0.97,0.2,0.1,0.75,0.25,10.08,-20.24,True
1.01,0.02,0.97,0.2,0.1,1.0,0.0,9.76,-18.69,True
1.01,0.02,0.97,0.2,0.2,0.0,1.0,12.19,-24.66,True
1.01,0.02,0.97,0.2,0.2,0.25,0.75,11.99,-23.73,True
1.01,0.02,0.97,0.2,0.2,0.5,0.5,11.78,-22.97,True
1.01,0.02,0.97,0.2,0.2,0.75,0.25,11.54,-22.09,True
1.01,0.02,0.97,0.2,0.2,1.0,0.0,11.27,-21.06,True
1.01,0.02,0.97,0.2,0.3,0.0,1.0,13.13,-28.14,True
1.01,0.02,0.97,0.2,0.3,0.25,0.75,12.97,-27.05,True
1.01,0.02,0.97,0.2,0.3,0.5,0.5,12.8,-25.97,True
1.01,0.02,0.97,0.2,0.3,0.75,0.25,12.6,-24.92,True
1.01,0.02,0.97,0.2,0.3,1.0,0.0,12.39,-23.88,True
1.01,0.02,0.97,0.3,0.0,0.0,1.0,10.18,-22.06,True
1.01,0.02,0.97,0.3,0.0,0.25,0.75,9.86,-20.88,True
1.01,0.02,0.97,0.3,0.0,0.5,0.5,9.48,-19.42,True
1.01,0.02,0.97,0.3,0.0,0.75,0.25,9.03,-17.57,True
1.01,0.02,0.97,0.3,0.0,1.0,0.0,8.5,-15.15,True
1.01,0.02,0.97,0.3,0.1,0.0,1.0,11.87,-23.35,True
1.01,0.02,0.97,0.3,0.1,0.25,0.75,11.6,-22.28,True
1.01,0.02,0.97,0.3,0.1,0.5,0.5,11.28,-21.2,True
1.01,0.02,0.97,0.3,0.1,0.75,0.25,10.93,-19.88,True
1.01,0.02,0.97,0.3,0.1,1.0,0.0,10.52,-18.24,True
1.01,0.02,0.97,0.3,0.2,0.0,1.0,12.99,-27.1,True
1.01,0.02,0.97,0.3,0.2,0.25,0.75,12.76,-25.7,True
1.01,0.02,0.97,0.3,0.2,0.5,0.5,12.49,-24.32,True
1.01,0.02,0.97,0.3,0.2,0.75,0.25,12.19,-22.94,True
1.01,0.02,0.97,0.3,0.2,1.0,0.0,11.86,-21.58,True
1.01,0.02,0.97,0.3,0.3,0.0,1.0,13.72,-30.54,True
1.01,0.02,0.97,0.3,0.3,0.25,0.75,13.54,-29.24,True
1.01,0.02,0.97,0.3,0.3,0.5,0.5,13.33,-27.95,True
1.01,0.02,0.97,0.3,0.3,0.75,0.25,13.08,-26.67,True
1.01,0.02,0.97,0.3,0.3,1.0,0.0,12.81,-25.4,True
1.01,0.02,0.97,0.4,0.0,0.0,1.0,11.29,-22.06,True
1.01,0.02,0.97,0.4,0.0,0.25,0.75,10.91,-20.89,True
1.01,0.02,0.97,0.4,0.0,0.5,0.5,10.47,-19.44,True
1.01,0.02,0.97,0.4,0.0,0.75,0.25,9.95,-17.59,True
1.01,0.02,0.97,0.4,0.0,1.0,0.0,9.34,-15.15,True
1.01,0.02,0.97,0.4,0.1,0.0,1.0,12.58,-25.74,True
1.01,0.02,0.97,0.4,0.1,0.25,0.75,12.28,-24.06,True
1.01,0.02,0.97,0.4,0.1,0.5,0.5,11.94,-22.38,True
1.01,0.02,0.97,0.4,0.1,0.75,0.25,11.54,-20.71,True
1.01,0.02,0.97,0.4,0.1,1.0,0.0,11.08,-19.04,True
1.01,0.02,0.97,0.4,0.2,0.0,1.0,13.48,-29.59,True
1.01,0.02,0.97,0.4,0.2,0.25,0.75,13.21,-27.99,True
1.01,0.02,0.97,0.4,0.2,0.5,0.5,12.91,-26.4,True
1.01,0.02,0.97,0.4,0.2,0.75,0.25,12.58,-24.81,True
1.01,0.02,0.97,0.4,0.2,1.0,0.0,12.21,-23.23,True
1.01,0.02,0.97,0.4,0.3,0.0,1.0,14.25,-33.06,True
1.01,0.02,0.97,0.4,0.3,0.25,0.75,14.03,-31.56,True
1.01,0.02,0.97,0.4,0.3,0.5,0.5,13.76,-30.06,True
1.01,0.02,0.97,0.4,0.3,0.75,0.25,13.47,-28.56,True
1.01,0.02,0.97,0.4,0.3,1.0,0.0,13.16,-27.06,True
1.01,0.02,0.99,0.1,0.0,0.0,1.0,4.75,-26.24,True
1.01,0.02,0.99,0.1,0.0,0.25,0.75,4.5,-24.33,True
1.01,0.02,0.99,0.1,0.0,0.5,0.5,4.25,-22.28,True
1.01,0.02,0.99,0.1,0.0,0.75,0.25,3.98,-20.08,True
1.01,0.02,0.99,0.1,0.0,1.0,0.0,3.7,-17.7,True
1.01,0.02,0.99,0.1,0.1,0.0,1.0,8.14,-22.79,True
1.01,0.02,0.99,0.1,0.1,0.25,0.75,8.01,-20.94,True
1.01,0.02,0.99,0.1,0.1,0.5,0.5,7.88,-18.96,True
1.01,0.02,0.99,0.1,0.1,0.75,0.25,7.75,-16.82,True
1.01,0.02,0.99,0.1,0.1,1.0,0.0,7.61,-14.95,True
1.01,0.02,0.99,0.1,0.2,0.0,1.0,10.01,-19.31,True
1.01,0.02,0.99,0.1,0.2,0.25,0.75,9.93,-19.13,True
1.01,0.02,0.99,0.1,0.2,0.5,0.5,9.85,-19.61,True
1.01,0.02,0.99,0.1,0.2,0.75,0.25,9.76,-20.13,True
1.01,0.02,0.99,0.1,0.2,1.0,0.0,9.67,-20.69,True
1.01,0.02,0.99,0.1,0.3,0.0,1.0,11.33,-22.32,True
1.01,0.02,0.99,0.1,0.3,0.25,0.75,11.27,-22.79,True
1.01,0.02,0.99,0.1,0.3,0.5,0.5,11.22,-23.28,True
1.01,0.02,0.99,0.1,0.3,0.75,0.25,11.16,-23.79,True
1.01,0.02,0.99,0.1,0.3,1.0,0.0,11.1,-24.33,True
1.01,0.02,0.99,0.2,0.0,0.0,1.0,6.16,-29.72,True
1.01,0.02,0.99,0.2,0.0,0.25,0.75,5.94,-27.7,True
1.01,0.02,0.99,0.2,0.0,0.5,0.5,5.69,-25.5,True
1.01,0.02,0.99,0.2,0.0,0.75,0.25,5.4,-23.11,True
1.01,0.02,0.99,0.2,0.0,1.0,0.0,5.09,-20.47,True
1.01,0.02,0.99,0.2,0.1,0.0,1.0,8.56,-26.57,True
1.01,0.02,0.99,0.2,0.1,0.25,0.75,8.45,-24.56,True
1.01,0.02,0.99,0.2,0.1,0.5,0.5,8.33,-22.38,True
1.01,0.02,0.99,0.2,0.1,0.75,0.25,8.2,-20.01,True
1.01,0.02,0.99,0.2,0.1,1.0,0.0,8.05,-17.44,True
1.01,0.02,0.99,0.2,0.2,0.0,1.0,10.31,-23.2,True
1.01,0.02,0.99,0.2,0.2,0.25,0.75,10.25,-21.22,True
1.01,0.02,0.99,0.2,0.2,0.5,0.5,10.18,-20.5,True
1.01,0.02,0.99,0.2,0.2,0.75,0.25,10.09,-20.83,True
1.01,0.02,0.99,0.2,0.2,1.0,0.0,10.0,-21.23,True
1.01,0.02,0.99,0.2,0.3,0.0,1.0,11.66,-23.97,True
1.01,0.02,0.99,0.2,0.3,0.25,0.75,11.6,-24.19,True
1.01,0.02,0.99,0.2,0.3,0.5,0.5,11.54,-24.44,True
1.01,0.02,0.99,0.2,0.3,0.75,0.25,11.47,-24.68,True
1.01,0.02,0.99,0.2,0.3,1.0,0.0,11.4,-24.96,True
1.01,0.02,0.99,0.3,0.0,0.0,1.0,6.18,-33.14,True
1.01,0.02,0.99,0.3,0.0,0.25,0.75,6.0,-30.91,True
1.01,0.02,0.99,0.3,0.0,0.5,0.5,5.79,-28.5,True
1.01,0.02,0.99,0.3,0.0,0.75,0.25,5.54,-25.89,True
1.01,0.02,0.99,0.3,0.0,1.0,0.0,5.25,-23.04,True
1.01,0.02,0.99,0.3,0.1,0.0,1.0,8.9,-30.08,True
1.01,0.02,0.99,0.3,0.1,0.25,0.75,8.8,-27.85,True
1.01,0.02,0.99,0.3,0.1,0.5,0.5,8.68,-25.46,True
1.01,0.02,0.99,0.3,0.1,0.75,0.25,8.54,-22.89,True
1.01,0.02,0.99,0.3,0.1,1.0,0.0,8.38,-20.09,True
1.01,0.02,0.99,0.3,0.2,0.0,1.0,10.71,-26.5,True
1.01,0.02,0.99,0.3,0.2,0.25,0.75,10.64,-24.3,True
1.01,0.02,0.99,0.3,0.2,0.5,0.5,10.55,-21.94,True
1.01,0.02,0.99,0.3,0.2,0.75,0.25,10.45,-21.71,True
1.01,0.02,0.99,0.3,0.2,1.0,0.0,10.34,-21.82,True
1.01,0.02,0.99,0.3,0.3,0.0,1.0,12.02,-24.99,True
1.01,0.02,0.99,0.3,0.3,0.25,0.75,11.97,-24.9,True
1.01,0.02,0.99,0.3,0.3,0.5,0.5,11.9,-24.88,True
1.01,0.02,0.99,0.3,0.3,0.75,0.25,11.83,-24.95,True
1.01,0.02,0.99,0.3,0.3,1.0,0.0,11.73,-25.09,True
1.01,0.02,0.99,0.4,0.0,0.0,1.0,6.68,-35.69,True
1.01,0.02,0.99,0.4,0.0,0.25,0.75,6.5,-33.29,True
1.01,0.02,0.99,0.4,0.0,0.5,0.5,6.29,-30.72,True
1.01,0.02,0.99,0.4,0.0,0.75,0.25,6.02,-27.94,True
1.01,0.02,0.99,0.4,0.0,1.0,0.0,5.71,-24.93,True
1.01,0.02,0.99,0.4,0.1,0.0,1.0,9.36,-32.24,True
1.01,0.02,0.99,0.4,0.1,0.25,0.75,9.26,-29.86,True
1.01,0.02,0.99,0.4,0.1,0.5,0.5,9.14,-27.32,True
1.01,0.02,0.99,0.4,0.1,0.75,0.25,8.99,-24.59,True
1.01,0.02,0.99,0.4,0.1,1.0,0.0,8.8,-21.66,True
1.01,0.02,0.99,0.4,0.2,0.0,1.0,11.13,-28.66,True
1.01,0.02,0.99,0.4,0.2,0.25,0.75,11.05,-26.33,True
1.01,0.02,0.99,0.4,0.2,0.5,0.5,10.95,-23.85,True
1.01,0.02,0.99,0.4,0.2,0.75,0.25,10.83,-22.15,True
1.01,0.02,0.99,0.4,0.2,1.0,0.0,10.69,-22.16,True
1.01,0.02,0.99,0.4,0.3,0.0,1.0,12.45,-25.45,True
1.01,0.02,0.99,0.4,0.3,0.25,0.75,12.38,-25.26,True
1.01,0.02,0.99,0.4,0.3,0.5,0.5,12.29,-25.15,True
1.01,0.02,0.99,0.4,0.3,0.75,0.25,12.17,-25.13,True
1.01,0.02,0.99,0.4,0.3,1.0,0.0,12.05,-25.23,True
1.01,0.02,1.0,0.1,0.0,0.0,1.0,2.14,-26.24,True
1.01,0.02,1.0,0.1,0.0,0.25,0.75,2.08,-24.33,True
1.01,0.02,1.0,0.1,0.0,0.5,0.5,2.02,-22.28,True
1.01,0.02,1.0,0.1,0.0,0.75,0.25,1.96,-20.08,True
1.01,0.02,1.0,0.1,0.0,1.0,0.0,1.89,-17.7,True
1.01,0.02,1.0,0.1,0.1,0.0,1.0,6.75,-22.57,True
1.01,0.02,1.0,0.1,0.1,0.25,0.75,6.75,-20.73,True
1.01,0.02,1.0,0.1,0.1,0.5,0.5,6.75,-18.76,True
1.01,0.02,1.0,0.1,0.1,0.75,0.25,6.74,-18.27,True
1.01,0.02,1.0,0.1,0.1,1.0,0.0,6.74,-18.36,True
1.01,0.02,1.0,0.1,0.2,0.0,1.0,9.14,-23.56,True
1.01,0.02,1.0,0.1,0.2,0.25,0.75,9.14,-23.62,True
1.01,0.02,1.0,0.1,0.2,0.5,0.5,9.14,-23.68,True
1.01,0.02,1.0,0.1,0.2,0.75,0.25,9.14,-23.77,True
1.01,0.02,1.0,0.1,0.2,1.0,0.0,9.14,-23.88,True
1.01,0.02,1.0,0.1,0.3,0.0,1.0,10.76,-26.68,True
1.01,0.02,1.0,0.1,0.3,0.25,0.75,10.76,-26.72,True
1.01,0.02,1.0,0.1,0.3,0.5,0.5,10.76,-26.77,True
1.01,0.02,1.0,0.1,0.3,0.75,0.25,10.75,-26.82,True
1.01,0.02,1.0,0.1,0.3,1.0,0.0,10.75,-26.88,True
1.01,0.02,1.0,0.2,0.0,0.0,1.0,2.7,-29.72,True
1.01,0.02,1.0,0.2,0.0,0.25,0.75,2.7,-27.7,True
1.01,0.02,1.0,0.2,0.0,0.5,0.5,2.69,-25.5,True
1.01,0.02,1.0,0.2,0.0,0.75,0.25,2.66,-23.11,True
1.01,0.02,1.0,0.2,0.0,1.0,0.0,2.61,-20.47,True
1.01,0.02,1.0,0.2,0.1,0.0,1.0,7.02,-26.43,True
1.01,0.02,1.0,0.2,0.1,0.25,0.75,7.03,-24.42,True
1.01,0.02,1.0,0.2,0.1,0.5,0.5,7.04,-22.24,True
1.01,0.02,1.0,0.2,0.1,0.75,0.25,7.04,-19.88,True
1.01,0.02,1.0,0.2,0.1,1.0,0.0,7.04,-18.06,True
1.01,0.02,1.0,0.2,0.2,0.0,1.0,9.36,-24.54,True
1.01,0.02,1.0,0.2,0.2,0.25,0.75,9.37,-24.35,True
1.01,0.02,1.0,0.2,0.2,0.5,0.5,9.37,-24.2,True
1.01,0.02,1.0,0.2,0.2,0.75,0.25,9.37,-24.07,True
1.01,0.02,1.0,0.2,0.2,1.0,0.0,9.37,-23.98,True
1.01,0.02,1.0,0.2,0.3,0.0,1.0,10.95,-27.71,True
1.01,0.02,1.0,0.2,0.3,0.25,0.75,10.95,-27.54,True
1.01,0.02,1.0,0.2,0.3,0.5,0.5,10.94,-27.4,True
1.01,0.02,1.0,0.2,0.3,0.75,0.25,10.94,-27.28,True
1.01,0.02,1.0,0.2,0.3,1.0,0.0,10.93,-27.2,True
1.01,0.02,1.0,0.3,0.0,0.0,1.0,2.44,-33.14,True
1.01,0.02,1.0,0.3,0.0,0.25,0.75,2.52,-30.91,True
1.01,0.02,1.0,0.3,0.0,0.5,0.5,2.57,-28.5,True
1.01,0.02,1.0,0.3,0.0,0.75,0.25,2.61,-25.89,True
1.01,0.02,1.0,0.3,0.0,1.0,0.0,2.62,-23.04,True
1.01,0.02,1.0,0.3,0.1,0.0,1.0,7.15,-29.86,True
1.01,0.02,1.0,0.3,0.1,0.25,0.75,7.19,-27.64,True
1.01,0.02,1.0,0.3,0.1,0.5,0.5,7.2,-25.26,True
1.01,0.02,1.0,0.3,0.1,0.75,0.25,7.21,-22.69,True
1.01,0.02,1.0,0.3,0.1,1.0,0.0,7.21,-19.91,True
1.01,0.02,1.0,0.3,0.2,0.0,1.0,9.53,-26.01,True
1.01,0.02,1.0,0.3,0.2,0.25,0.75,9.55,-25.3,True
1.01,0.02,1.0,0.3,0.2,0.5,0.5,9.56,-25.03,True
1.01,0.02,1.0,0.3,0.2,0.75,0.25,9.55,-24.78,True
1.01,0.02,1.0,0.3,0.2,1.0,0.0,9.53,-24.56,True
1.01,0.02,1.0,0.3,0.3,0.0,1.0,11.08,-28.36,True
1.01,0.02,1.0,0.3,0.3,0.25,0.75,11.09,-28.04,True
1.01,0.02,1.0,0.3,0.3,0.5,0.5,11.09,-27.75,True
1.01,0.02,1.0,0.3,0.3,0.75,0.25,11.09,-27.5,True
1.01,0.02,1.0,0.3,0.3,1.0,0.0,11.08,-27.27,True
1.01,0.02,1.0,0.4,0.0,0.0,1.0,2.6,-35.69,True
1.01,0.02,1.0,0.4,0.0,0.25,0.75,2.7,-33.29,True
1.01,0.02,1.0,0.4,0.0,0.5,0.5,2.77,-30.72,True
1.01,0.02,1.0,0.4,0.0,0.75,0.25,2.82,-27.94,True
1.01,0.02,1.0,0.4,0.0,1.0,0.0,2.84,-24.93,True
1.01,0.02,1.0,0.4,0.1,0.0,1.0,7.38,-31.96,True
1.01,0.02,1.0,0.4,0.1,0.25,0.75,7.41,-29.59,True
1.01,0.02,1.0,0.4,0.1,0.5,0.5,7.43,-27.06,True
1.01,0.02,1.0,0.4,0.1,0.75,0.25,7.44,-24.34,True
1.01,0.02,1.0,0.4,0.1,1.0,0.0,7.43,-21.42,True
1.01,0.02,1.0,0.4,0.2,0.0,1.0,9.71,-28.07,True
1.01,0.02,1.0,0.4,0.2,0.25,0.75,9.72,-25.81,True
1.01,0.02,1.0,0.4,0.2,0.5,0.5,9.73,-25.44,True
1.01,0.02,1.0,0.4,0.2,0.75,0.25,9.72,-25.08,True
1.01,0.02,1.0,0.4,0.2,1.0,0.0,9.71,-24.72,True
1.01,0.02,1.0,0.4,0.3,0.0,1.0,11.15,-28.08,True
1.01,0.02,1.0,0.4,0.3,0.25,0.75,11.15,-27.75,True
1.01,0.02,1.0,0.4,0.3,0.5,0.5,11.15,-27.46,True
1.01,0.02,1.0,0.4,0.3,0.75,0.25,11.14,-27.21,True
1.01,0.02,1.0,0.4,0.3,1.0,0.0,11.12,-27.0,True
1.01,0.02,1.01,0.1,0.0,0.0,1.0,3.31,-19.85,True
1.01,0.02,1.01,0.1,0.0,0.25,0.75,3.17,-18.3,True
1.01,0.02,1.01,0.1,0.0,0.5,0.5,3.01,-16.64,True
1.01,0.02,1.01,0.1,0.0,0.75,0.25,2.86,-14.85,True
1.01,0.02,1.01,0.1,0.0,1.0,0.0,2.7,-12.92,True
1.01,0.02,1.01,0.1,0.1,0.0,1.0,7.38,-16.89,True
1.01,0.02,1.01,0.1,0.1,0.25,0.75,7.32,-15.37,True
1.01,0.02,1.01,0.1,0.1,0.5,0.5,7.26,-15.22,True
1.01,0.02,1.01,0.1,0.1,0.75,0.25,7.2,-15.59,True
1.01,0.02,1.01,0.1,0.1,1.0,0.0,7.14,-15.97,True
1.01,0.02,1.01,0.1,0.2,0.0,1.0,9.54,-20.1,True
1.01,0.02,1.01,0.1,0.2,0.25,0.75,9.5,-20.45,True
1.01,0.02,1.01,0.1,0.2,0.5,0.5,9.47,-20.82,True
1.01,0.02,1.01,0.1,0.2,0.75,0.25,9.43,-21.2,True
1.01,0.02,1.01,0.1,0.2,1.0,0.0,9.4,-21.59,True
1.01,0.02,1.01,0.1,0.3,0.0,1.0,11.07,-23.11,True
1.01,0.02,1.01,0.1,0.3,0.25,0.75,11.04,-23.44,True
1.01,0.02,1.01,0.1,0.3,0.5,0.5,11.01,-23.79,True
1.01,0.02,1.01,0.1,0.3,0.75,0.25,10.99,-24.15,True
1.01,0.02,1.01,0.1,0.3,1.0,0.0,10.96,-24.53,True
1.01,0.02,1.01,0.2,0.0,0.0,1.0,4.94,-21.33,True
1.01,0.02,1.01,0.2,0.0,0.25,0.75,4.74,-19.76,True
1.01,0.02,1.01,0.2,0.0,0.5,0.5,4.54,-18.05,True
1.01,0.02,1.01,0.2,0.0,0.75,0.25,4.32,-16.18,True
1.01,0.02,1.01,0.2,0.0,1.0,0.0,4.09,-14.11,True
1.01,0.02,1.01,0.2,0.1,0.0,1.0,8.08,-18.78,True
1.01,0.02,1.01,0.2,0.1,0.25,0.75,7.99,-17.18,True
1.01,0.02,1.01,0.2,0.1,0.5,0.5,7.9,-15.44,True
1.01,0.02,1.01,0.2,0.1,0.75,0.25,7.81,-13.56,True
1.01,0.02,1.01,0.2,0.1,1.0,0.0,7.71,-13.58,True
1.01,0.02,1.01,0.2,0.2,0.0,1.0,10.04,-17.84,True
1.01,0.02,1.01,0.2,0.2,0.25,0.75,9.98,-18.25,True
1.01,0.02,1.01,0.2,0.2,0.5,0.5,9.92,-18.69,True
1.01,0.02,1.01,0.2,0.2,0.75,0.25,9.86,-19.15,True
1.01,0.02,1.01,0.2,0.2,1.0,0.0,9.79,-19.65,True
1.01,0.02,1.01,0.2,0.3,0.0,1.0,11.45,-21.52,True
1.01,0.02,1.01,0.2,0.3,0.25,0.75,11.41,-21.89,True
1.01,0.02,1.01,0.2,0.3,0.5,0.5,11.36,-22.31,True
1.01,0.02,1.01,0.2,0.3,0.75,0.25,11.31,-22.76,True
1.01,0.02,1.01,0.2,0.3,1.0,0.0,11.26,-23.24,True
1.01,0.02,1.01,0.3,0.0,0.0,1.0,5.26,-22.8,True
1.01,0.02,1.01,0.3,0.0,0.25,0.75,5.08,-21.11,True
1.01,0.02,1.01,0.3,0.0,0.5,0.5,4.89,-19.28,True
1.01,0.02,1.01,0.3,0.0,0.75,0.25,4.68,-17.3,True
1.01,0.02,1.01,0.3,0.0,1.0,0.0,4.45,-15.12,True
1.01,0.02,1.01,0.3,0.1,0.0,1.0,8.46,-20.26,True
1.01,0.02,1.01,0.3,0.1,0.25,0.75,8.37,-18.55,True
1.01,0.02,1.01,0.3,0.1,0.5,0.5,8.27,-16.71,True
1.01,0.02,1.01,0.3,0.1,0.75,0.25,8.16,-14.71,True
1.01,0.02,1.01,0.3,0.1,1.0,0.0,8.04,-12.98,True
1.01,0.02,1.01,0.3,0.2,0.0,1.0,10.41,-17.65,True
1.01,0.02,1.01,0.3,0.2,0.25,0.75,10.34,-17.4,True
1.01,0.02,1.01,0.3,0.2,0.5,0.5,10.27,-17.88,True
1.01,0.02,1.01,0.3,0.2,0.75,0.25,10.19,-18.36,True
1.01,0.02,1.01,0.3,0.2,1.0,0.0,10.09,-18.88,True
1.01,0.02,1.01,0.3,0.3,0.0,1.0,11.8,-21.12,True
1.01,0.02,1.01,0.3,0.3,0.25,0.75,11.74,-20.85,True
1.01,0.02,1.01,0.3,0.3,0.5,0.5,11.68,-21.31,True
1.01,0.02,1.01,0.3,0.3,0.75,0.25,11.62,-21.8,True
1.01,0.02,1.01,0.3,0.3,1.0,0.0,11.54,-22.3,True
1.01,0.02,1.01,0.4,0.0,0.0,1.0,5.86,-24.3,True
1.01,0.02,1.01,0.4,0.0,0.25,0.75,5.66,-22.49,True
1.01,0.02,1.01,0.4,0.0,0.5,0.5,5.45,-20.55,True
1.01,0.02,1.01,0.4,0.0,0.75,0.25,5.22,-18.45,True
1.01,0.02,1.01,0.4,0.0,1.0,0.0,4.96,-16.16,True
1.01,0.02,1.01,0.4,0.1,0.0,1.0,8.92,-21.91,True
1.01,0.02,1.01,0.4,0.1,0.25,0.75,8.82,-20.07,True
1.01,0.02,1.01,0.4,0.1,0.5,0.5,8.7,-18.1,True
1.01,0.02,1.01,0.4,0.1,0.75,0.25,8.57,-15.98,True
1.01,0.02,1.01,0.4,0.1,1.0,0.0,8.42,-13.69,True
1.01,0.02,1.01,0.4,0.2,0.0,1.0,10.8,-19.43,True
1.01,0.02,1.01,0.4,0.2,0.25,0.75,10.71,-17.65,True
1.01,0.02,1.01,0.4,0.2,0.5,0.5,10.62,-17.01,True
1.01,0.02,1.01,0.4,0.2,0.75,0.25,10.52,-17.51,True
1.01,0.02,1.01,0.4,0.2,1.0,0.0,10.41,-18.07,True
1.01,0.02,1.01,0.4,0.3,0.0,1.0,12.17,-22.54,True
1.01,0.02,1.01,0.4,0.3,0.25,0.75,12.08,-21.94,True
1.01,0.02,1.01,0.4,0.3,0.5,0.5,11.99,-21.36,True
1.01,0.02,1.01,0.4,0.3,0.75,0.25,11.88,-20.78,True
1.01,0.02,1.01,0.4,0.3,1.0,0.0,11.78,-21.35,True
1.01,0.02,1.02,0.1,0.0,0.0,1.0,2.57,-16.55,True
1.01,0.02,1.02,0.1,0.0,0.25,0.75,2.45,-15.24,True
1.01,0.02,1.02,0.1,0.0,0.5,0.5,2.33,-13.84,True
1.01,0.02,1.02,0.1,0.0,0.75,0.25,2.21,-12.34,True
1.01,0.02,1.02,0.1,0.0,1.0,0.0,2.08,-10.72,True
1.01,0.02,1.02,0.1,0.1,0.0,1.0,7.05,-15.51,True
1.01,0.02,1.02,0.1,0.1,0.25,0.75,7.01,-15.82,True
1.01,0.02,1.02,0.1,0.1,0.5,0.5,6.97,-16.14,True
1.01,0.02,1.02,0.1,0.1,0.75,0.25,6.92,-16.47,True
1.01,0.02,1.02,0.1,0.1,1.0,0.0,6.88,-16.83,True
1.01,0.02,1.02,0.1,0.2,0.0,1.0,9.28,-21.11,True
1.01,0.02,1.02,0.1,0.2,0.25,0.75,9.26,-21.42,True
1.01,0.02,1.02,0.1,0.2,0.5,0.5,9.24,-21.75,True
1.01,0.02,1.02,0.1,0.2,0.75,0.25,9.22,-22.09,True
1.01,0.02,1.02,0.1,0.2,1.0,0.0,9.19,-22.45,True
1.01,0.02,1.02,0.1,0.3,0.0,1.0,10.82,-24.21,True
1.01,0.02,1.02,0.1,0.3,0.25,0.75,10.81,-24.51,True
1.01,0.02,1.02,0.1,0.3,0.5,0.5,10.79,-24.82,True
1.01,0.02,1.02,0.1,0.3,0.75,0.25,10.78,-25.12,True
1.01,0.02,1.02,0.1,0.3,1.0,0.0,10.76,-25.43,True
1.01,0.02,1.02,0.2,0.0,0.0,1.0,3.93,-18.53,True
1.01,0.02,1.02,0.2,0.0,0.25,0.75,3.78,-17.15,True
1.01,0.02,1.02,0.2,0.0,0.5,0.5,3.62,-15.66,True
1.01,0.02,1.02,0.2,0.0,0.75,0.25,3.45,-14.04,True
1.01,0.02,1.02,0.2,0.0,1.0,0.0,3.26,-12.26,True
1.01,0.02,1.02,0.2,0.1,0.0,1.0,7.41,-16.06,True
1.01,0.02,1.02,0.2,0.1,0.25,0.75,7.36,-14.65,True
1.01,0.02,1.02,0.2,0.1,0.5,0.5,7.31,-13.9,True
1.01,0.02,1.02,0.2,0.1,0.75,0.25,7.25,-14.32,True
1.01,0.02,1.02,0.2,0.1,1.0,0.0,7.19,-14.76,True
1.01,0.02,1.02,0.2,0.2,0.0,1.0,9.53,-19.01,True
1.01,0.02,1.02,0.2,0.2,0.25,0.75,9.51,-19.38,True
1.01,0.02,1.02,0.2,0.2,0.5,0.5,9.49,-19.77,True
1.01,0.02,1.02,0.2,0.2,0.75,0.25,9.46,-20.18,True
1.01,0.02,1.02,0.2,0.2,1.0,0.0,9.43,-20.62,True
1.01,0.02,1.02,0.2,0.3,0.0,1.0,11.05,-22.59,True
1.01,0.02,1.02,0.2,0.3,0.25,0.75,11.03,-22.94,True
1.01,0.02,1.02,0.2,0.3,0.5,0.5,11.0,-23.3,True
1.01,0.02,1.02,0.2,0.3,0.75,0.25,10.98,-23.69,True
1.01,0.02,1.02,0.2,0.3,1.0,0.0,10.95,-24.09,True
1.01,0.02,1.02,0.3,0.0,0.0,1.0,3.78,-20.47,True
1.01,0.02,1.02,0.3,0.0,0.25,0.75,3.69,-18.94,True
1.01,0.02,1.02,0.3,0.0,0.5,0.5,3.58,-17.3,True
1.01,0.02,1.02,0.3,0.0,0.75,0.25,3.45,-15.53,True
1.01,0.02,1.02,0.3,0.0,1.0,0.0,3.31,-13.61,True
1.01,0.02,1.02,0.3,0.1,0.0,1.0,7.5,-18.0,True
1.01,0.02,1.02,0.3,0.1,0.25,0.75,7.47,-16.45,True
1.01,0.02,1.02,0.3,0.1,0.5,0.5,7.43,-14.79,True
1.01,0.02,1.02,0.3,0.1,0.75,0.25,7.39,-13.65,True
1.01,0.02,1.02,0.3,0.1,1.0,0.0,7.34,-14.06,True
1.01,0.02,1.02,0.3,0.2,0.0,1.0,9.73,-18.3,True
1.01,0.02,1.02,0.3,0.2,0.25,0.75,9.7,-18.66,True
1.01,0.02,1.02,0.3,0.2,0.5,0.5,9.66,-19.06,True
1.01,0.02,1.02,0.3,0.2,0.75,0.25,9.62,-19.49,True
1.01,0.02,1.02,0.3,0.2,1.0,0.0,9.58,-19.95,True
1.01,0.02,1.02,0.3,0.3,0.0,1.0,11.17,-21.52,True
1.01,0.02,1.02,0.3,0.3,0.25,0.75,11.14,-21.89,True
1.01,0.02,1.02,0.3,0.3,0.5,0.5,11.11,-22.28,True
1.01,0.02,1.02,0.3,0.3,0.75,0.25,11.08,-22.7,True
1.01,0.02,1.02,0.3,0.3,1.0,0.0,11.05,-23.15,True
1.01,0.02,1.02,0.4,0.0,0.0,1.0,3.78,-22.43,True
1.01,0.02,1.02,0.4,0.0,0.25,0.75,3.72,-20.76,True
1.01,0.02,1.02,0.4,0.0,0.5,0.5,3.64,-18.97,True
1.01,0.02,1.02,0.4,0.0,0.75,0.25,3.54,-17.04,True
1.01,0.02,1.02,0.4,0.0,1.0,0.0,3.43,-14.97,True
1.01,0.02,1.02,0.4,0.1,0.0,1.0,7.74,-20.05,True
1.01,0.02,1.02,0.4,0.1,0.25,0.75,7.71,-18.35,True
1.01,0.02,1.02,0.4,0.1,0.5,0.5,7.67,-16.54,True
1.01,0.02,1.02,0.4,0.1,0.75,0.25,7.61,-14.61,True
1.01,0.02,1.02,0.4,0.1,1.0,0.0,7.55,-13.51,True
1.01,0.02,1.02,0.4,0.2,0.0,1.0,9.89,-17.63,True
1.01,0.02,1.02,0.4,0.2,0.25,0.75,9.86,-17.65,True
1.01,0.02,1.02,0.4,0.2,0.5,0.5,9.81,-18.07,True
1.01,0.02,1.02,0.4,0.2,0.75,0.25,9.77,-18.52,True
1.01,0.02,1.02,0.4,0.2,1.0,0.0,9.71,-19.01,True
1.01,0.02,1.02,0.4,0.3,0.0,1.0,11.33,-21.12,True
1.01,0.02,1.02,0.4,0.3,0.25,0.75,11.29,-20.7,True
1.01,0.02,1.02,0.4,0.3,0.5,0.5,11.26,-21.16,True
1.01,0.02,1.02,0.4,0.3,0.75,0.25,11.21,-21.65,True
1.01,0.02,1.02,0.4,0.3,1.0,0.0,11.16,-22.17,True
1.01,0.025,0.95,0.1,0.0,0.0,1.0,5.52,-27.68,True
1.01,0.025,0.95,0.1,0.0,0.25,0.75,5.31,-26.11,True
1.01,0.025,0.95,0.1,0.0,0.5,0.5,5.07,-24.26,True
1.01,0.025,0.95,0.1,0.0,0.75,0.25,4.81,-22.03,True
1.01,0.025,0.95,0.1,0.0,1.0,0.0,4.52,-19.3,True
1.01,0.025,0.95,0.1,0.1,0.0,1.0,8.91,-28.85,True
1.01,0.025,0.95,0.1,0.1,0.25,0.75,8.74,-27.76,True
1.01,0.025,0.95,0.1,0.1,0.5,0.5,8.55,-26.5,True
1.01,0.025,0.95,0.1,0.1,0.75,0.25,8.36,-25.06,True
1.01,0.025,0.95,0.1,0.1,1.0,0.0,8.15,-23.36,True
1.01,0.025,0.95,0.1,0.2,0.0,1.0,11.11,-29.4,True
1.01,0.025,0.95,0.1,0.2,0.25,0.75,10.94,-28.52,True
1.01,0.025,0.95,0.1,0.2,0.5,0.5,10.75,-27.55,True
1.01,0.025,0.95,0.1,0.2,0.75,0.25,10.55,-26.44,True
1.01,0.025,0.95,0.1,0.2,1.0,0.0,10.34,-25.19,True
1.01,0.025,0.95,0.1,0.3,0.0,1.0,12.54,-29.71,True
1.01,0.025,0.95,0.1,0.3,0.25,0.75,12.39,-28.98,True
1.01,0.025,0.95,0.1,0.3,0.5,0.5,12.22,-28.17,True
1.01,0.025,0.95,0.1,0.3,0.75,0.25,12.04,-27.28,True
1.01,0.025,0.95,0.1,0.3,1.0,0.0,11.84,-26.29,True
1.01,0.025,0.95,0.2,0.0,0.0,1.0,9.55,-27.68,True
1.01,0.025,0.95,0.2,0.0,0.25,0.75,9.12,-26.18,True
1.01,0.025,0.95,0.2,0.0,0.5,0.5,8.66,-24.37,True
1.01,0.025,0.95,0.2,0.0,0.75,0.25,8.16,-22.13,True
1.01,0.025,0.95,0.2,0.0,1.0,0.0,7.62,-19.3,True
1.01,0.025,0.95,0.2,0.1,0.0,1.0,11.82,-28.25,True
1.01,0.025,0.95,0.2,0.1,0.25,0.75,11.44,-27.04,True
1.01,0.025,0.95,0.2,0.1,0.5,0.5,11.04,-25.6,True
1.01,0.025,0.95,0.2,0.1,0.75,0.25,10.62,-23.89,True
1.01,0.025,0.95,0.2,0.1,1.0,0.0,10.18,-21.8,True
1.01,0.025,0.95,0.2,0.2,0.0,1.0,13.07,-28.64,True
1.01,0.025,0.95,0.2,0.2,0.25,0.75,12.74,-27.61,True
1.01,0.025,0.95,0.2,0.2,0.5,0.5,12.39,-26.41,True
1.01,0.025,0.95,0.2,0.2,0.75,0.25,12.02,-25.02,True
1.01,0.025,0.95,0.2,0.2,1.0,0.0,11.65,-23.38,True
1.01,0.025,0.95,0.2,0.3,0.0,1.0,13.94,-29.17,True
1.01,0.025,0.95,0.2,0.3,0.25,0.75,13.64,-28.08,True
1.01,0.025,0.95,0.2,0.3,0.5,0.5,13.33,-27.07,True
1.01,0.025,0.95,0.2,0.3,0.75,0.25,13.0,-25.93,True
1.01,0.025,0.95,0.2,0.3,1.0,0.0,12.66,-24.63,True
1.01,0.025,0.95,0.3,0.0,0.0,1.0,12.0,-27.68,True
1.01,0.025,0.95,0.3,0.0,0.25,0.75,11.47,-26.24,True
1.01,0.025,0.95,0.3,0.0,0.5,0.5,10.9,-24.46,True
1.01,0.025,0.95,0.3,0.0,0.75,0.25,10.27,-22.22,True
1.01,0.025,0.95,0.3,0.0,1.0,0.0,9.58,-19.3,True
1.01,0.025,0.95,0.3,0.1,0.0,1.0,13.21,-28.08,True
1.01,0.025,0.95,0.3,0.1,0.25,0.75,12.75,-26.83,True
1.01,0.025,0.95,0.3,0.1,0.5,0.5,12.26,-25.34,True
1.01,0.025,0.95,0.3,0.1,0.75,0.25,11.73,-23.51,True
1.01,0.025,0.95,0.3,0.1,1.0,0.0,11.16,-21.23,True
1.01,0.025,0.95,0.3,0.2,0.0,1.0,14.09,-28.96,True
1.01,0.025,0.95,0.3,0.2,0.25,0.75,13.66,-27.38,True
1.01,0.025,0.95,0.3,0.2,0.5,0.5,13.22,-26.01,True
1.01,0.025,0.95,0.3,0.2,0.75,0.25,12.75,-24.48,True
1.01,0.025,0.95,0.3,0.2,1.0,0.0,12.27,-22.64,True
1.01,0.025,0.95,0.3,0.3,0.0,1.0,14.6,-31.85,True
1.01,0.025,0.95,0.3,0.3,0.25,0.75,14.22,-30.38,True
1.01,0.025,0.95,0.3,0.3,0.5,0.5,13.82,-28.91,True
1.01,0.025,0.95,0.3,0.3,0.75,0.25,13.42,-27.44,True
1.01,0.025,0.95,0.3,0.3,1.0,0.0,13.01,-25.97,True
1.01,0.025,0.95,0.4,0.0,0.0,1.0,13.0,-27.68,True
1.01,0.025,0.95,0.4,0.0,0.25,0.75,12.44,-26.26,True
1.01,0.025,0.95,0.4,0.0,0.5,0.5,11.83,-24.5,True
1.01,0.025,0.95,0.4,0.0,0.75,0.25,11.15,-22.25,True
1.01,0.025,0.95,0.4,0.0,1.0,0.0,10.41,-19.3,True
1.01,0.025,0.95,0.4,0.1,0.0,1.0,13.94,-28.88,True
1.01,0.025,0.95,0.4,0.1,0.25,0.75,13.45,-26.92,True
1.01,0.025,0.95,0.4,0.1,0.5,0.5,12.91,-25.21,True
1.01,0.025,0.95,0.4,0.1,0.75,0.25,12.33,-23.32,True
1.01,0.025,0.95,0.4,0.1,1.0,0.0,11.71,-20.96,True
1.01,0.025,0.95,0.4,0.2,0.0,1.0,14.34,-31.82,True
1.01,0.025,0.95,0.4,0.2,0.25,0.75,13.91,-29.98,True
1.01,0.025,0.95,0.4,0.2,0.5,0.5,13.46,-28.13,True
1.01,0.025,0.95,0.4,0.2,0.75,0.25,13.0,-26.26,True
1.01,0.025,0.95,0.4,0.2,1.0,0.0,12.5,-24.39,True
1.01,0.025,0.95,0.4,0.3,0.0,1.0,14.65,-34.7,True
1.01,0.025,0.95,0.4,0.3,0.25,0.75,14.31,-32.96,True
1.01,0.025,0.95,0.4,0.3,0.5,0.5,13.95,-31.22,True
1.01,0.025,0.95,0.4,0.3,0.75,0.25,13.57,-29.47,True
1.01,0.025,0.95,0.4,0.3,1.0,0.0,13.17,-27.7,True
1.01,0.025,0.97,0.1,0.0,0.0,1.0,5.48,-22.06,True
1.01,0.025,0.97,0.1,0.0,0.25,0.75,5.21,-20.77,True
1.01,0.025,0.97,0.1,0.0,0.5,0.5,4.93,-19.24,True
1.01,0.025,0.97,0.1,0.0,0.75,0.25,4.61,-17.4,True
1.01,0.025,0.97,0.1,0.0,1.0,0.0,4.27,-15.15,True
1.01,0.025,0.97,0.1,0.1,0.0,1.0,8.73,-24.84,True
1.01,0.025,0.97,0.1,0.1,0.25,0.75,8.53,-24.11,True
1.01,0.025,0.97,0.1,0.1,0.5,0.5,8.31,-23.26,True
1.01,0.025,0.97,0.1,0.1,0.75,0.25,8.09,-22.27,True
1.01,0.025,0.97,0.1,0.1,1.0,0.0,7.86,-21.12,True
1.01,0.025,0.97,0.1,0.2,0.0,1.0,10.82,-26.0,True
1.01,0.025,0.97,0.1,0.2,0.25,0.75,10.67,-25.52,True
1.01,0.025,0.97,0.1,0.2,0.5,0.5,10.51,-24.98,True
1.01,0.025,0.97,0.1,0.2,0.75,0.25,10.32,-24.36,True
1.01,0.025,0.97,0.1,0.2,1.0,0.0,10.1,-23.63,True
1.01,0.025,0.97,0.1,0.3,0.0,1.0,12.25,-26.74,True
1.01,0.025,0.97,0.1,0.3,0.25,0.75,12.1,-26.39,True
1.01,0.025,0.97,0.1,0.3,0.5,0.5,11.96,-26.01,True
1.01,0.025,0.97,0.1,0.3,0.75,0.25,11.8,-25.59,True
1.01,0.025,0.97,0.1,0.3,1.0,0.0,11.65,-25.15,True
1.01,0.025,0.97,0.2,0.0,0.0,1.0,8.26,-22.06,True
1.01,0.025,0.97,0.2,0.0,0.25,0.75,7.86,-20.83,True
1.01,0.025,0.97,0.2,0.0,0.5,0.5,7.44,-19.33,True
1.01,0.025,0.97,0.2,0.0,0.75,0.25,6.97,-17.49,True
1.01,0.025,0.97,0.2,0.0,1.0,0.0,6.47,-15.15,True
1.01,0.025,0.97,0.2,0.1,0.0,1.0,10.96,-23.58,True
1.01,0.025,0.97,0.2,0.1,0.25,0.75,10.63,-22.74,True
1.01,0.025,0.97,0.2,0.1,0.5,0.5,10.29,-21.75,True
1.01,0.025,0.97,0.2,0.1,0.75,0.25,9.93,-20.57,True
1.01,0.025,0.97,0.2,0.1,1.0,0.0,9.55,-19.14,True
1.01,0.025,0.97,0.2,0.2,0.0,1.0,12.48,-24.52,True
1.01,0.025,0.97,0.2,0.2,0.25,0.75,12.18,-23.9,True
1.01,0.025,0.97,0.2,0.2,0.5,0.5,11.87,-23.19,True
1.01,0.025,0.97,0.2,0.2,0.75,0.25,11.54,-22.38,True
1.01,0.025,0.97,0.2,0.2,1.0,0.0,11.19,-21.45,True
1.01,0.025,0.97,0.2,0.3,0.0,1.0,13.36,-26.1,True
1.01,0.025,0.97,0.2,0.3,0.25,0.75,13.09,-25.23,True
1.01,0.025,0.97,0.2,0.3,0.5,0.5,12.82,-24.46,True
1.01,0.025,0.97,0.2,0.3,0.75,0.25,12.54,-23.91,True
1.01,0.025,0.97,0.2,0.3,1.0,0.0,12.26,-23.31,True
1.01,0.025,0.97,0.3,0.0,0.0,1.0,10.65,-22.06,True
1.01,0.025,0.97,0.3,0.0,0.25,0.75,10.15,-20.87,True
1.01,0.025,0.97,0.3,0.0,0.5,0.5,9.61,-19.4,True
1.01,0.025,0.97,0.3,0.0,0.75,0.25,9.02,-17.55,True
1.01,0.025,0.97,0.3,0.0,1.0,0.0,8.36,-15.15,True
1.01,0.025,0.97,0.3,0.1,0.0,1.0,12.11,-23.21,True
1.01,0.025,0.97,0.3,0.1,0.25,0.75,11.71,-22.33,True
1.01,0.025,0.97,0.3,0.1,0.5,0.5,11.28,-21.27,True
1.01,0.025,0.97,0.3,0.1,0.75,0.25,10.82,-19.99,True
1.01,0.025,0.97,0.3,0.1,1.0,0.0,10.32,-18.41,True
1.01,0.025,0.97,0.3,0.2,0.0,1.0,12.99,-26.02,True
1.01,0.025,0.97,0.3,0.2,0.25,0.75,12.65,-24.69,True
1.01,0.025,0.97,0.3,0.2,0.5,0.5,12.29,-23.38,True
1.01,0.025,0.97,0.3,0.2,0.75,0.25,11.92,-22.08,True
1.01,0.025,0.97,0.3,0.2,1.0,0.0,11.51,-20.8,True
1.01,0.025,0.97,0.3,0.3,0.0,1.0,13.62,-29.28,True
1.01,0.025,0.97,0.3,0.3,0.25,0.75,13.32,-28.06,True
1.01,0.025,0.97,0.3,0.3,0.5,0.5,13.01,-26.85,True
1.01,0.025,0.97,0.3,0.3,0.75,0.25,12.71,-25.66,True
1.01,0.025,0.97,0.3,0.3,1.0,0.0,12.4,-24.49,True
1.01,0.025,0.97,0.4,0.0,0.0,1.0,11.33,-22.06,True
1.01,0.025,0.97,0.4,0.0,0.25,0.75,10.84,-20.89,True
1.01,0.025,0.97,0.4,0.0,0.5,0.5,10.3,-19.43,True
1.01,0.025,0.97,0.4,0.0,0.75,0.25,9.69,-17.59,True
1.01,0.025,0.97,0.4,0.0,1.0,0.0,9.01,-15.15,True
1.01,0.025,0.97,0.4,0.1,0.0,1.0,12.38,-25.07,True
1.01,0.025,0.97,0.4,0.1,0.25,0.75,11.98,-23.43,True
1.01,0.025,0.97,0.4,0.1,0.5,0.5,11.54,-21.79,True
1.01,0.025,0.97,0.4,0.1,0.75,0.25,11.07,-20.17,True
1.01,0.025,0.97,0.4,0.1,1.0,0.0,10.54,-18.55,True
1.01,0.025,0.97,0.4,0.2,0.0,1.0,13.05,-28.51,True
1.01,0.025,0.97,0.4,0.2,0.25,0.75,12.74,-26.96,True
1.01,0.025,0.97,0.4,0.2,0.5,0.5,12.39,-25.43,True
1.01,0.025,0.97,0.4,0.2,0.75,0.25,12.02,-23.92,True
1.01,0.025,0.97,0.4,0.2,1.0,0.0,11.62,-22.42,True
1.01,0.025,0.97,0.4,0.3,0.0,1.0,13.66,-31.93,True
1.01,0.025,0.97,0.4,0.3,0.25,0.75,13.4,-30.47,True
1.01,0.025,0.97,0.4,0.3,0.5,0.5,13.11,-29.04,True
1.01,0.025,0.97,0.4,0.3,0.75,0.25,12.81,-27.61,True
1.01,0.025,0.97,0.4,0.3,1.0,0.0,12.49,-26.2,True
1.01,0.025,0.99,0.1,0.0,0.0,1.0,2.9,-15.6,True
1.01,0.025,0.99,0.1,0.0,0.25,0.75,2.74,-14.26,True
1.01,0.025,0.99,0.1,0.0,0.5,0.5,2.57,-12.87,True
1.01,0.025,0.99,0.1,0.0,0.75,0.25,2.4,-11.44,True
1.01,0.025,0.99,0.1,0.0,1.0,0.0,2.21,-9.96,True
1.01,0.025,0.99,0.1,0.1,0.0,1.0,7.28,-16.78,True
1.01,0.025,0.99,0.1,0.1,0.25,0.75,7.21,-17.04,True
1.01,0.025,0.99,0.1,0.1,0.5,0.5,7.13,-17.32,True
1.01,0.025,0.99,0.1,0.1,0.75,0.25,7.05,-17.61,True
1.01,0.025,0.99,0.1,0.1,1.0,0.0,6.97,-17.94,True
1.01,0.025,0.99,0.1,0.2,0.0,1.0,9.56,-21.57,True
1.01,0.025,0.99,0.1,0.2,0.25,0.75,9.5,-21.91,True
1.01,0.025,0.99,0.1,0.2,0.5,0.5,9.44,-22.26,True
1.01,0.025,0.99,0.1,0.2,0.75,0.25,9.38,-22.64,True
1.01,0.025,0.99,0.1,0.2,1.0,0.0,9.32,-23.04,True
1.01,0.025,0.99,0.1,0.3,0.0,1.0,11.09,-24.24,True
1.01,0.025,0.99,0.1,0.3,0.25,0.75,11.04,-24.61,True
1.01,0.025,0.99,0.1,0.3,0.5,0.5,10.98,-25.0,True
1.01,0.025,0.99,0.1,0.3,0.75,0.25,10.93,-25.41,True
1.01,0.025,0.99,0.1,0.3,1.0,0.0,10.88,-25.83,True
1.01,0.025,0.99,0.2,0.0,0.0,1.0,4.56,-25.18,True
1.01,0.025,0.99,0.2,0.0,0.25,0.75,4.32,-23.28,True
1.01,0.025,0.99,0.2,0.0,0.5,0.5,4.07,-21.27,True
1.01,0.025,0.99,0.2,0.0,0.75,0.25,3.81,-19.15,True
1.01,0.025,0.99,0.2,0.0,1.0,0.0,3.53,-16.89,True
1.01,0.025,0.99,0.2,0.1,0.0,1.0,8.16,-22.34,True
1.01,0.025,0.99,0.2,0.1,0.25,0.75,8.03,-20.44,True
1.01,0.025,0.99,0.2,0.1,0.5,0.5,7.9,-18.43,True
1.01,0.025,0.99,0.2,0.1,0.75,0.25,7.76,-16.3,True
1.01,0.025,0.99,0.2,0.1,1.0,0.0,7.61,-16.11,True
1.01,0.025,0.99,0.2,0.2,0.0,1.0,9.98,-20.53,True
1.01,0.025,0.99,0.2,0.2,0.25,0.75,9.9,-20.82,True
1.01,0.025,0.99,0.2,0.2,0.5,0.5,9.81,-21.15,True
1.01,0.025,0.99,0.2,0.2,0.75,0.25,9.72,-21.54,True
1.01,0.025,0.99,0.2,0.2,1.0,0.0,9.64,-21.97,True
1.01,0.025,0.99,0.2,0.3,0.0,1.0,11.28,-24.36,True
1.01,0.025,0.99,0.2,0.3,0.25,0.75,11.23,-24.56,True
1.01,0.025,0.99,0.2,0.3,0.5,0.5,11.17,-24.79,True
1.01,0.025,0.99,0.2,0.3,0.75,0.25,11.12,-25.06,True
1.01,0.025,0.99,0.2,0.3,1.0,0.0,11.06,-25.37,True
1.01,0.025,0.99,0.3,0.0,0.0,1.0,5.58,-28.02,True
1.01,0.025,0.99,0.3,0.0,0.25,0.75,5.34,-26.03,True
1.01,0.025,0.99,0.3,0.0,0.5,0.5,5.08,-23.91,True
1.01,0.025,0.99,0.3,0.0,0.75,0.25,4.79,-21.63,True
1.01,0.025,0.99,0.3,0.0,1.0,0.0,4.47,-19.17,True
1.01,0.025,0.99,0.3,0.1,0.0,1.0,8.3,-24.41,True
1.01,0.025,0.99,0.3,0.1,0.25,0.75,8.19,-22.45,True
1.01,0.025,0.99,0.3,0.1,0.5,0.5,8.06,-20.37,True
1.01,0.025,0.99,0.3,0.1,0.75,0.25,7.92,-18.14,True
1.01,0.025,0.99,0.3,0.1,1.0,0.0,7.78,-16.7,True
1.01,0.025,0.99,0.3,0.2,0.0,1.0,10.0,-21.87,True
1.01,0.025,0.99,0.3,0.2,0.25,0.75,9.95,-21.89,True
1.01,0.025,0.99,0.3,0.2,0.5,0.5,9.89,-21.97,True
1.01,0.025,0.99,0.3,0.2,0.75,0.25,9.81,-22.11,True
1.01,0.025,0.99,0.3,0.2,1.0,0.0,9.73,-22.33,True
1.01,0.025,0.99,0.3,0.3,0.0,1.0,11.31,-24.96,True
1.01,0.025,0.99,0.3,0.3,0.25,0.75,11.26,-25.03,True
1.01,0.025,0.99,0.3,0.3,0.5,0.5,11.22,-25.16,True
1.01,0.025,0.99,0.3,0.3,0.75,0.25,11.17,-25.36,True
1.01,0.025,0.99,0.3,0.3,1.0,0.0,11.11,-25.6,True
1.01,0.025,0.99,0.4,0.0,0.0,1.0,5.48,-29.74,True
1.01,0.025,0.99,0.4,0.0,0.25,0.75,5.29,-27.67,True
1.01,0.025,0.99,0.4,0.0,0.5,0.5,5.07,-25.45,True
1.01,0.025,0.99,0.4,0.0,0.75,0.25,4.83,-23.06,True
1.01,0.025,0.99,0.4,0.0,1.0,0.0,4.54,-20.47,True
1.01,0.025,0.99,0.4,0.1,0.0,1.0,8.2,-26.18,True
1.01,0.025,0.99,0.4,0.1,0.25,0.75,8.13,-24.15,True
1.01,0.025,0.99,0.4,0.1,0.5,0.5,8.04,-21.96,True
1.01,0.025,0.99,0.4,0.1,0.75,0.25,7.94,-19.62,True
1.01,0.025,0.99,0.4,0.1,1.0,0.0,7.82,-17.49,True
1.01,0.025,0.99,0.4,0.2,0.0,1.0,10.04,-22.58,True
1.01,0.025,0.99,0.4,0.2,0.25,0.75,9.99,-22.48,True
1.01,0.025,0.99,0.4,0.2,0.5,0.5,9.92,-22.46,True
1.01,0.025,0.99,0.4,0.2,0.75,0.25,9.85,-22.52,True
1.01,0.025,0.99,0.4,0.2,1.0,0.0,9.77,-22.67,True
1.01,0.025,0.99,0.4,0.3,0.0,1.0,11.29,-26.09,True
1.01,0.025,0.99,0.4,0.3,0.25,0.75,11.27,-25.57,True
1.01,0.025,0.99,0.4,0.3,0.5,0.5,11.24,-25.56,True
1.01,0.025,0.99,0.4,0.3,0.75,0.25,11.2,-25.48,True
1.01,0.025,0.99,0.4,0.3,1.0,0.0,11.16,-25.49,True
1.01,0.025,1.0,0.1,0.0,0.0,1.0,1.01,-15.6,True
1.01,0.025,1.0,0.1,0.0,0.25,0.75,0.99,-14.26,True
1.01,0.025,1.0,0.1,0.0,0.5,0.5,0.96,-12.87,True
1.01,0.025,1.0,0.1,0.0,0.75,0.25,0.93,-11.44,True
1.01,0.025,1.0,0.1,0.0,1.0,0.0,0.9,-9.96,True
1.01,0.025,1.0,0.1,0.1,0.0,1.0,6.49,-20.44,True
1.01,0.025,1.0,0.1,0.1,0.25,0.75,6.48,-20.44,True
1.01,0.025,1.0,0.1,0.1,0.5,0.5,6.48,-20.46,True
1.01,0.025,1.0,0.1,0.1,0.75,0.25,6.47,-20.47,True
1.01,0.025,1.0,0.1,0.1,1.0,0.0,6.46,-20.49,True
1.01,0.025,1.0,0.1,0.2,0.0,1.0,9.0,-25.37,True
1.01,0.025,1.0,0.1,0.2,0.25,0.75,9.0,-25.39,True
1.01,0.025,1.0,0.1,0.2,0.5,0.5,8.99,-25.42,True
1.01,0.025,1.0,0.1,0.2,0.75,0.25,8.99,-25.46,True
1.01,0.025,1.0,0.1,0.2,1.0,0.0,8.98,-25.5,True
1.01,0.025,1.0,0.1,0.3,0.0,1.0,10.63,-28.0,True
1.01,0.025,1.0,0.1,0.3,0.25,0.75,10.63,-28.0,True
1.01,0.025,1.0,0.1,0.3,0.5,0.5,10.63,-28.01,True
1.01,0.025,1.0,0.1,0.3,0.75,0.25,10.63,-28.02,True
1.01,0.025,1.0,0.1,0.3,1.0,0.0,10.63,-28.03,True
1.01,0.025,1.0,0.2,0.0,0.0,1.0,2.06,-25.18,True
1.01,0.025,1.0,0.2,0.0,0.25,0.75,2.0,-23.28,True
1.01,0.025,1.0,0.2,0.0,0.5,0.5,1.94,-21.27,True
1.01,0.025,1.0,0.2,0.0,0.75,0.25,1.88,-19.15,True
1.01,0.025,1.0,0.2,0.0,1.0,0.0,1.81,-16.89,True
1.01,0.025,1.0,0.2,0.1,0.0,1.0,6.86,-22.39,True
1.01,0.025,1.0,0.2,0.1,0.25,0.75,6.85,-20.49,True
1.01,0.025,1.0,0.2,0.1,0.5,0.5,6.84,-19.24,True
1.01,0.025,1.0,0.2,0.1,0.75,0.25,6.83,-19.19,True
1.01,0.025,1.0,0.2,0.1,1.0,0.0,6.81,-19.17,True
1.01,0.025,1.0,0.2,0.2,0.0,1.0,9.24,-24.63,True
1.01,0.025,1.0,0.2,0.2,0.25,0.75,9.23,-24.57,True
1.01,0.025,1.0,0.2,0.2,0.5,0.5,9.22,-24.53,True
1.01,0.025,1.0,0.2,0.2,0.75,0.25,9.21,-24.51,True
1.01,0.025,1.0,0.2,0.2,1.0,0.0,9.2,-24.5,True
1.01,0.025,1.0,0.2,0.3,0.0,1.0,10.8,-27.47,True
1.01,0.025,1.0,0.2,0.3,0.25,0.75,10.8,-27.39,True
1.01,0.025,1.0,0.2,0.3,0.5,0.5,10.79,-27.34,True
1.01,0.025,1.0,0.2,0.3,0.75,0.25,10.78,-27.31,True
1.01,0.025,1.0,0.2,0.3,1.0,0.0,10.77,-27.3,True
1.01,0.025,1.0,0.3,0.0,0.0,1.0,2.58,-28.02,True
1.01,0.025,1.0,0.3,0.0,0.25,0.75,2.56,-26.03,True
1.01,0.025,1.0,0.3,0.0,0.5,0.5,2.52,-23.91,True
1.01,0.025,1.0,0.3,0.0,0.75,0.25,2.47,-21.63,True
1.01,0.025,1.0,0.3,0.0,1.0,0.0,2.41,-19.17,True
1.01,0.025,1.0,0.3,0.1,0.0,1.0,7.06,-24.51,True
1.01,0.025,1.0,0.3,0.1,0.25,0.75,7.07,-22.54,True
1.01,0.025,1.0,0.3,0.1,0.5,0.5,7.05,-20.46,True
1.01,0.025,1.0,0.3,0.1,0.75,0.25,7.04,-19.12,True
1.01,0.025,1.0,0.3,0.1,1.0,0.0,7.02,-18.98,True
1.01,0.025,1.0,0.3,0.2,0.0,1.0,9.28,-25.1,True
1.01,0.025,1.0,0.3,0.2,0.25,0.75,9.29,-24.94,True
1.01,0.025,1.0,0.3,0.2,0.5,0.5,9.3,-24.8,True
1.01,0.025,1.0,0.3,0.2,0.75,0.25,9.29,-24.66,True
1.01,0.025,1.0,0.3,0.2,1.0,0.0,9.28,-24.56,True
1.01,0.025,1.0,0.3,0.3,0.0,1.0,10.77,-27.95,True
1.01,0.025,1.0,0.3,0.3,0.25,0.75,10.78,-27.76,True
1.01,0.025,1.0,0.3,0.3,0.5,0.5,10.79,-27.59,True
1.01,0.025,1.0,0.3,0.3,0.75,0.25,10.8,-27.46,True
1.01,0.025,1.0,0.3,0.3,1.0,0.0,10.79,-27.35,True
1.01,0.025,1.0,0.4,0.0,0.0,1.0,2.67,-29.74,True
1.01,0.025,1.0,0.4,0.0,0.25,0.75,2.67,-27.67,True
1.01,0.025,1.0,0.4,0.0,0.5,0.5,2.67,-25.45,True
1.01,0.025,1.0,0.4,0.0,0.75,0.25,2.64,-23.06,True
1.01,0.025,1.0,0.4,0.0,1.0,0.0,2.6,-20.47,True
1.01,0.025,1.0,0.4,0.1,0.0,1.0,7.04,-26.32,True
1.01,0.025,1.0,0.4,0.1,0.25,0.75,7.06,-24.27,True
1.01,0.025,1.0,0.4,0.1,0.5,0.5,7.07,-22.08,True
1.01,0.025,1.0,0.4,0.1,0.75,0.25,7.08,-19.72,True
1.01,0.025,1.0,0.4,0.1,1.0,0.0,7.07,-19.43,True
1.01,0.025,1.0,0.4,0.2,0.0,1.0,9.24,-25.76,True
1.01,0.025,1.0,0.4,0.2,0.25,0.75,9.27,-25.44,True
1.01,0.025,1.0,0.4,0.2,0.5,0.5,9.28,-25.15,True
1.01,0.025,1.0,0.4,0.2,0.75,0.25,9.3,-24.89,True
1.01,0.025,1.0,0.4,0.2,1.0,0.0,9.3,-24.68,True
1.01,0.025,1.0,0.4,0.3,0.0,1.0,10.73,-27.87,True
1.01,0.025,1.0,0.4,0.3,0.25,0.75,10.75,-27.65,True
1.01,0.025,1.0,0.4,0.3,0.5,0.5,10.77,-27.47,True
1.01,0.025,1.0,0.4,0.3,0.75,0.25,10.79,-27.31,True
1.01,0.025,1.0,0.4,0.3,1.0,0.0,10.79,-27.2,True
1.01,0.025,1.01,0.1,0.0,0.0,1.0,1.5,-11.19,True
1.01,0.025,1.01,0.1,0.0,0.25,0.75,1.43,-10.16,True
1.01,0.025,1.01,0.1,0.0,0.5,0.5,1.36,-9.11,True
1.01,0.025,1.01,0.1,0.0,0.75,0.25,1.29,-8.02,True
1.01,0.025,1.01,0.1,0.0,1.0,0.0,1.22,-6.89,True
1.01,0.025,1.01,0.1,0.1,0.0,1.0,6.67,-18.6,True
1.01,0.025,1.01,0.1,0.1,0.25,0.75,6.65,-18.76,True
1.01,0.025,1.01,0.1,0.1,0.5,0.5,6.63,-18.92,True
1.01,0.025,1.01,0.1,0.1,0.75,0.25,6.61,-19.09,True
1.01,0.025,1.01,0.1,0.1,1.0,0.0,6.59,-19.26,True
1.01,0.025,1.01,0.1,0.2,0.0,1.0,9.13,-23.71,True
1.01,0.025,1.01,0.1,0.2,0.25,0.75,9.12,-23.88,True
1.01,0.025,1.01,0.1,0.2,0.5,0.5,9.1,-24.05,True
1.01,0.025,1.01,0.1,0.2,0.75,0.25,9.09,-24.22,True
1.01,0.025,1.01,0.1,0.2,1.0,0.0,9.07,-24.4,True
1.01,0.025,1.01,0.1,0.3,0.0,1.0,10.77,-26.13,True
1.01,0.025,1.01,0.1,0.3,0.25,0.75,10.75,-26.3,True
1.01,0.025,1.01,0.1,0.3,0.5,0.5,10.74,-26.47,True
1.01,0.025,1.01,0.1,0.3,0.75,0.25,10.72,-26.65,True
1.01,0.025,1.01,0.1,0.3,1.0,0.0,10.71,-26.83,True
1.01,0.025,1.01,0.2,0.0,0.0,1.0,2.78,-18.75,True
1.01,0.025,1.01,0.2,0.0,0.25,0.75,2.66,-17.24,True
1.01,0.025,1.01,0.2,0.0,0.5,0.5,2.55,-15.64,True
1.01,0.025,1.01,0.2,0.0,0.75,0.25,2.43,-13.95,True
1.01,0.025,1.01,0.2,0.0,1.0,0.0,2.3,-12.16,True
1.01,0.025,1.01,0.2,0.1,0.0,1.0,7.33,-16.61,True
1.01,0.025,1.01,0.2,0.1,0.25,0.75,7.27,-15.32,True
1.01,0.025,1.01,0.2,0.1,0.5,0.5,7.21,-15.65,True
1.01,0.025,1.01,0.2,0.1,0.75,0.25,7.15,-15.98,True
1.01,0.025,1.01,0.2,0.1,1.0,0.0,7.1,-16.32,True
1.01,0.025,1.01,0.2,0.2,0.0,1.0,9.58,-20.43,True
1.01,0.025,1.01,0.2,0.2,0.25,0.75,9.54,-20.75,True
1.01,0.025,1.01,0.2,0.2,0.5,0.5,9.5,-21.08,True
1.01,0.025,1.01,0.2,0.2,0.75,0.25,9.46,-21.43,True
1.01,0.025,1.01,0.2,0.2,1.0,0.0,9.42,-21.79,True
1.01,0.025,1.01,0.2,0.3,0.0,1.0,11.1,-23.41,True
1.01,0.025,1.01,0.2,0.3,0.25,0.75,11.07,-23.71,True
1.01,0.025,1.01,0.2,0.3,0.5,0.5,11.04,-24.02,True
1.01,0.025,1.01,0.2,0.3,0.75,0.25,11.0,-24.35,True
1.01,0.025,1.01,0.2,0.3,1.0,0.0,10.96,-24.69,True
1.01,0.025,1.01,0.3,0.0,0.0,1.0,3.88,-20.68,True
1.01,0.025,1.01,0.3,0.0,0.25,0.75,3.74,-19.13,True
1.01,0.025,1.01,0.3,0.0,0.5,0.5,3.58,-17.46,True
1.01,0.025,1.01,0.3,0.0,0.75,0.25,3.41,-15.68,True
1.01,0.025,1.01,0.3,0.0,1.0,0.0,3.23,-13.75,True
1.01,0.025,1.01,0.3,0.1,0.0,1.0,7.76,-17.86,True
1.01,0.025,1.01,0.3,0.1,0.25,0.75,7.69,-16.29,True
1.01,0.025,1.01,0.3,0.1,0.5,0.5,7.61,-14.63,True
1.01,0.025,1.01,0.3,0.1,0.75,0.25,7.53,-14.22,True
1.01,0.025,1.01,0.3,0.1,1.0,0.0,7.45,-14.64,True
1.01,0.025,1.01,0.3,0.2,0.0,1.0,9.81,-18.88,True
1.01,0.025,1.01,0.3,0.2,0.25,0.75,9.77,-19.26,True
1.01,0.025,1.01,0.3,0.2,0.5,0.5,9.73,-19.66,True
1.01,0.025,1.01,0.3,0.2,0.75,0.25,9.67,-20.06,True
1.01,0.025,1.01,0.3,0.2,1.0,0.0,9.62,-20.49,True
1.01,0.025,1.01,0.3,0.3,0.0,1.0,11.21,-22.26,True
1.01,0.025,1.01,0.3,0.3,0.25,0.75,11.18,-22.61,True
1.01,0.025,1.01,0.3,0.3,0.5,0.5,11.15,-22.98,True
1.01,0.025,1.01,0.3,0.3,0.75,0.25,11.12,-23.37,True
1.01,0.025,1.01,0.3,0.3,1.0,0.0,11.07,-23.76,True
1.01,0.025,1.01,0.4,0.0,0.0,1.0,4.42,-21.41,True
1.01,0.025,1.01,0.4,0.0,0.25,0.75,4.26,-19.83,True
1.01,0.025,1.01,0.4,0.0,0.5,0.5,4.09,-18.13,True
1.01,0.025,1.01,0.4,0.0,0.75,0.25,3.91,-16.29,True
1.01,0.025,1.01,0.4,0.0,1.0,0.0,3.72,-14.29,True
1.01,0.025,1.01,0.4,0.1,0.0,1.0,7.95,-18.71,True
1.01,0.025,1.01,0.4,0.1,0.25,0.75,7.89,-17.11,True
1.01,0.025,1.01,0.4,0.1,0.5,0.5,7.82,-15.4,True
1.01,0.025,1.01,0.4,0.1,0.75,0.25,7.74,-13.56,True
1.01,0.025,1.01,0.4,0.1,1.0,0.0,7.65,-13.8,True
1.01,0.025,1.01,0.4,0.2,0.0,1.0,9.93,-18.33,True
1.01,0.025,1.01,0.4,0.2,0.25,0.75,9.88,-18.32,True
1.01,0.025,1.01,0.4,0.2,0.5,0.5,9.84,-18.74,True
1.01,0.025,1.01,0.4,0.2,0.75,0.25,9.78,-19.19,True
1.01,0.025,1.01,0.4,0.2,1.0,0.0,9.73,-19.68,True
1.01,0.025,1.01,0.4,0.3,0.0,1.0,11.27,-22.73,True
1.01,0.025,1.01,0.4,0.3,0.25,0.75,11.24,-22.1,True
1.01,0.025,1.01,0.4,0.3,0.5,0.5,11.2,-22.28,True
1.01,0.025,1.01,0.4,0.3,0.75,0.25,11.16,-22.76,True
1.01,0.025,1.01,0.4,0.3,1.0,0.0,11.12,-23.27,True
1.01,0.025,1.02,0.1,0.0,0.0,1.0,1.18,-9.23,True
1.01,0.025,1.02,0.1,0.0,0.25,0.75,1.13,-8.39,True
1.01,0.025,1.02,0.1,0.0,0.5,0.5,1.07,-7.52,True
1.01,0.025,1.02,0.1,0.0,0.75,0.25,1.01,-6.63,True
1.01,0.025,1.02,0.1,0.0,1.0,0.0,0.95,-5.71,True
1.01,0.025,1.02,0.1,0.1,0.0,1.0,6.56,-19.17,True
1.01,0.025,1.02,0.1,0.1,0.25,0.75,6.54,-19.3,True
1.01,0.025,1.02,0.1,0.1,0.5,0.5,6.53,-19.44,True
1.01,0.025,1.02,0.1,0.1,0.75,0.25,6.51,-19.58,True
1.01,0.025,1.02,0.1,0.1,1.0,0.0,6.49,-19.73,True
1.01,0.025,1.02,0.1,0.2,0.0,1.0,9.07,-24.12,True
1.01,0.025,1.02,0.1,0.2,0.25,0.75,9.05,-24.28,True
1.01,0.025,1.02,0.1,0.2,0.5,0.5,9.04,-24.44,True
1.01,0.025,1.02,0.1,0.2,0.75,0.25,9.02,-24.61,True
1.01,0.025,1.02,0.1,0.2,1.0,0.0,9.0,-24.78,True
1.01,0.025,1.02,0.1,0.3,0.0,1.0,10.68,-26.67,True
1.01,0.025,1.02,0.1,0.3,0.25,0.75,10.67,-26.82,True
1.01,0.025,1.02,0.1,0.3,0.5,0.5,10.66,-26.97,True
1.01,0.025,1.02,0.1,0.3,0.75,0.25,10.65,-27.13,True
1.01,0.025,1.02,0.1,0.3,1.0,0.0,10.64,-27.29,True
1.01,0.025,1.02,0.2,0.0,0.0,1.0,2.19,-15.85,True
1.01,0.025,1.02,0.2,0.0,0.25,0.75,2.1,-14.56,True
1.01,0.025,1.02,0.2,0.0,0.5,0.5,2.0,-13.21,True
1.01,0.025,1.02,0.2,0.0,0.75,0.25,1.9,-11.78,True
1.01,0.025,1.02,0.2,0.0,1.0,0.0,1.8,-10.27,True
1.01,0.025,1.02,0.2,0.1,0.0,1.0,7.03,-16.23,True
1.01,0.025,1.02,0.2,0.1,0.25,0.75,6.99,-16.49,True
1.01,0.025,1.02,0.2,0.1,0.5,0.5,6.95,-16.77,True
1.01,0.025,1.02,0.2,0.1,0.75,0.25,6.9,-17.05,True
1.01,0.025,1.02,0.2,0.1,1.0,0.0,6.86,-17.35,True
1.01,0.025,1.02,0.2,0.2,0.0,1.0,9.3,-22.02,True
1.01,0.025,1.02,0.2,0.2,0.25,0.75,9.28,-22.25,True
1.01,0.025,1.02,0.2,0.2,0.5,0.5,9.25,-22.49,True
1.01,0.025,1.02,0.2,0.2,0.75,0.25,9.23,-22.75,True
1.01,0.025,1.02,0.2,0.2,1.0,0.0,9.2,-23.01,True
1.01,0.025,1.02,0.2,0.3,0.0,1.0,10.85,-24.88,True
1.01,0.025,1.02,0.2,0.3,0.25,0.75,10.83,-25.09,True
1.01,0.025,1.02,0.2,0.3,0.5,0.5,10.82,-25.31,True
1.01,0.025,1.02,0.2,0.3,0.75,0.25,10.8,-25.55,True
1.01,0.025,1.02,0.2,0.3,1.0,0.0,10.78,-25.8,True
1.01,0.025,1.02,0.3,0.0,0.0,1.0,3.14,-18.29,True
1.01,0.025,1.02,0.3,0.0,0.25,0.75,3.01,-16.92,True
1.01,0.025,1.02,0.3,0.0,0.5,0.5,2.87,-15.45,True
1.01,0.025,1.02,0.3,0.0,0.75,0.25,2.73,-13.89,True
1.01,0.025,1.02,0.3,0.0,1.0,0.0,2.57,-12.21,True
1.01,0.025,1.02,0.3,0.1,0.0,1.0,7.26,-15.56,True
1.01,0.025,1.02,0.3,0.1,0.25,0.75,7.21,-15.2,True
1.01,0.025,1.02,0.3,0.1,0.5,0.5,7.16,-15.5,True
1.01,0.025,1.02,0.3,0.1,0.75,0.25,7.11,-15.82,True
1.01,0.025,1.02,0.3,0.1,1.0,0.0,7.06,-16.16,True
1.01,0.025,1.02,0.3,0.2,0.0,1.0,9.45,-20.65,True
1.01,0.025,1.02,0.3,0.2,0.25,0.75,9.43,-20.92,True
1.01,0.025,1.02,0.3,0.2,0.5,0.5,9.4,-21.22,True
1.01,0.025,1.02,0.3,0.2,0.75,0.25,9.36,-21.53,True
1.01,0.025,1.02,0.3,0.2,1.0,0.0,9.33,-21.87,True
1.01,0.025,1.02,0.3,0.3,0.0,1.0,10.97,-23.69,True
1.01,0.025,1.02,0.3,0.3,0.25,0.75,10.95,-23.96,True
1.01,0.025,1.02,0.3,0.3,0.5,0.5,10.93,-24.25,True
1.01,0.025,1.02,0.3,0.3,0.75,0.25,10.9,-24.57,True
1.01,0.025,1.02,0.3,0.3,1.0,0.0,10.87,-24.91,True
1.01,0.025,1.02,0.4,0.0,0.0,1.0,3.41,-19.48,True
1.01,0.025,1.02,0.4,0.0,0.25,0.75,3.29,-18.04,True
1.01,0.025,1.02,0.4,0.0,0.5,0.5,3.16,-16.5,True
1.01,0.025,1.02,0.4,0.0,0.75,0.25,3.02,-14.86,True
1.01,0.025,1.02,0.4,0.0,1.0,0.0,2.87,-13.08,True
1.01,0.025,1.02,0.4,0.1,0.0,1.0,7.4,-16.9,True
1.01,0.025,1.02,0.4,0.1,0.25,0.75,7.35,-15.45,True
1.01,0.025,1.02,0.4,0.1,0.5,0.5,7.31,-14.67,True
1.01,0.025,1.02,0.4,0.1,0.75,0.25,7.25,-14.99,True
1.01,0.025,1.02,0.4,0.1,1.0,0.0,7.19,-15.35,True
1.01,0.025,1.02,0.4,0.2,0.0,1.0,9.6,-19.51,True
1.01,0.025,1.02,0.4,0.2,0.25,0.75,9.57,-19.82,True
1.01,0.025,1.02,0.4,0.2,0.5,0.5,9.53,-20.17,True
1.01,0.025,1.02,0.4,0.2,0.75,0.25,9.49,-20.54,True
1.01,0.025,1.02,0.4,0.2,1.0,0.0,9.45,-20.95,True
1.01,0.025,1.02,0.4,0.3,0.0,1.0,11.02,-23.27,True
1.01,0.025,1.02,0.4,0.3,0.25,0.75,11.0,-23.57,True
1.01,0.025,1.02,0.4,0.3,0.5,0.5,10.97,-23.89,True
1.01,0.025,1.02,0.4,0.3,0.75,0.25,10.94,-24.23,True
1.01,0.025,1.02,0.4,0.3,1.0,0.0,10.91,-24.59,True
1.01,0.03,0.95,0.1,0.0,0.0,1.0,3.54,-27.55,True
1.01,0.03,0.95,0.1,0.0,0.25,0.75,3.37,-25.87,True
1.01,0.03,0.95,0.1,0.0,0.5,0.5,3.19,-23.92,True
1.01,0.03,0.95,0.1,0.0,0.75,0.25,2.99,-21.64,True
1.01,0.03,0.95,0.1,0.0,1.0,0.0,2.78,-18.95,True
1.01,0.03,0.95,0.1,0.1,0.0,1.0,7.62,-29.44,True
1.01,0.03,0.95,0.1,0.1,0.25,0.75,7.52,-28.47,True
1.01,0.03,0.95,0.1,0.1,0.5,0.5,7.42,-27.37,True
1.01,0.03,0.95,0.1,0.1,0.75,0.25,7.3,-26.11,True
1.01,0.03,0.95,0.1,0.1,1.0,0.0,7.18,-24.66,True
1.01,0.03,0.95,0.1,0.2,0.0,1.0,9.81,-30.27,True
1.01,0.03,0.95,0.1,0.2,0.25,0.75,9.73,-29.59,True
1.01,0.03,0.95,0.1,0.2,0.5,0.5,9.63,-28.83,True
1.01,0.03,0.95,0.1,0.2,0.75,0.25,9.54,-27.98,True
1.01,0.03,0.95,0.1,0.2,1.0,0.0,9.43,-27.02,True
1.01,0.03,0.95,0.1,0.3,0.0,1.0,11.37,-30.63,True
1.01,0.03,0.95,0.1,0.3,0.25,0.75,11.31,-30.1,True
1.01,0.03,0.95,0.1,0.3,0.5,0.5,11.24,-29.52,True
1.01,0.03,0.95,0.1,0.3,0.75,0.25,11.18,-28.88,True
1.01,0.03,0.95,0.1,0.3,1.0,0.0,11.11,-28.17,True
1.01,0.03,0.95,0.2,0.0,0.0,1.0,4.96,-27.68,True
1.01,0.03,0.95,0.2,0.0,0.25,0.75,4.82,-26.12,True
1.01,0.03,0.95,0.2,0.0,0.5,0.5,4.65,-24.28,True
1.01,0.03,0.95,0.2,0.0,0.75,0.25,4.46,-22.05,True
1.01,0.03,0.95,0.2,0.0,1.0,0.0,4.24,-19.3,True
1.01,0.03,0.95,0.2,0.1,0.0,1.0,8.57,-28.95,True
1.01,0.03,0.95,0.2,0.1,0.25,0.75,8.45,-27.9,True
1.01,0.03,0.95,0.2,0.1,0.5,0.5,8.32,-26.69,True
1.01,0.03,0.95,0.2,0.1,0.75,0.25,8.18,-25.28,True
1.01,0.03,0.95,0.2,0.1,1.0,0.0,8.04,-23.62,True
1.01,0.03,0.95,0.2,0.2,0.0,1.0,10.58,-29.59,True
1.01,0.03,0.95,0.2,0.2,0.25,0.75,10.49,-28.79,True
1.01,0.03,0.95,0.2,0.2,0.5,0.5,10.39,-27.89,True
1.01,0.03,0.95,0.2,0.2,0.75,0.25,10.28,-26.85,True
1.01,0.03,0.95,0.2,0.2,1.0,0.0,10.16,-25.65,True
1.01,0.03,0.95,0.2,0.3,0.0,1.0,11.84,-30.16,True
1.01,0.03,0.95,0.2,0.3,0.25,0.75,11.77,-29.55,True
1.01,0.03,0.95,0.2,0.3,0.5,0.5,11.68,-28.86,True
1.01,0.03,0.95,0.2,0.3,0.75,0.25,11.58,-28.09,True
1.01,0.03,0.95,0.2,0.3,1.0,0.0,11.46,-27.22,True
1.01,0.03,0.95,0.3,0.0,0.0,1.0,6.0,-27.68,True
1.01,0.03,0.95,0.3,0.0,0.25,0.75,5.84,-26.17,True
1.01,0.03,0.95,0.3,0.0,0.5,0.5,5.64,-24.34,True
1.01,0.03,0.95,0.3,0.0,0.75,0.25,5.41,-22.11,True
1.01,0.03,0.95,0.3,0.0,1.0,0.0,5.15,-19.3,True
1.01,0.03,0.95,0.3,0.1,0.0,1.0,9.36,-28.7,True
1.01,0.03,0.95,0.3,0.1,0.25,0.75,9.23,-27.62,True
1.01,0.03,0.95,0.3,0.1,0.5,0.5,9.07,-26.34,True
1.01,0.03,0.95,0.3,0.1,0.75,0.25,8.9,-24.81,True
1.01,0.03,0.95,0.3,0.1,1.0,0.0,8.7,-22.95,True
1.01,0.03,0.95,0.3,0.2,0.0,1.0,10.95,-29.41,True
1.01,0.03,0.95,0.3,0.2,0.25,0.75,10.82,-28.59,True
1.01,0.03,0.95,0.3,0.2,0.5,0.5,10.69,-27.63,True
1.01,0.03,0.95,0.3,0.2,0.75,0.25,10.54,-26.52,True
1.01,0.03,0.95,0.3,0.2,1.0,0.0,10.38,-25.21,True
1.01,0.03,0.95,0.3,0.3,0.0,1.0,12.05,-31.43,True
1.01,0.03,0.95,0.3,0.3,0.25,0.75,11.95,-29.98,True
1.01,0.03,0.95,0.3,0.3,0.5,0.5,11.84,-28.58,True
1.01,0.03,0.95,0.3,0.3,0.75,0.25,11.73,-27.74,True
1.01,0.03,0.95,0.3,0.3,1.0,0.0,11.6,-26.77,True
1.01,0.03,0.95,0.4,0.0,0.0,1.0,7.12,-27.68,True
1.01,0.03,0.95,0.4,0.0,0.25,0.75,6.91,-26.21,True
1.01,0.03,0.95,0.4,0.0,0.5,0.5,6.66,-24.41,True
1.01,0.03,0.95,0.4,0.0,0.75,0.25,6.38,-22.17,True
1.01,0.03,0.95,0.4,0.0,1.0,0.0,6.05,-19.3,True
1.01,0.03,0.95,0.4,0.1,0.0,1.0,9.67,-28.68,True
1.01,0.03,0.95,0.4,0.1,0.25,0.75,9.51,-27.55,True
1.01,0.03,0.95,0.4,0.1,0.5,0.5,9.33,-26.25,True
1.01,0.03,0.95,0.4,0.1,0.75,0.25,9.13,-24.69,True
1.01,0.03,0.95,0.4,0.1,1.0,0.0,8.9,-22.76,True
1.01,0.03,0.95,0.4,0.2,0.0,1.0,11.11,-31.44,True
1.01,0.03,0.95,0.4,0.2,0.25,0.75,10.99,-29.62,True
1.01,0.03,0.95,0.4,0.2,0.5,0.5,10.85,-27.8,True
1.01,0.03,0.95,0.4,0.2,0.75,0.25,10.69,-26.29,True
1.01,0.03,0.95,0.4,0.2,1.0,0.0,10.52,-24.91,True
1.01,0.03,0.95,0.4,0.3,0.0,1.0,12.15,-34.16,True
1.01,0.03,0.95,0.4,0.3,0.25,0.75,12.05,-32.46,True
1.01,0.03,0.95,0.4,0.3,0.5,0.5,11.95,-30.75,True
1.01,0.03,0.95,0.4,0.3,0.75,0.25,11.83,-29.03,True
1.01,0.03,0.95,0.4,0.3,1.0,0.0,11.7,-27.31,True
1.01,0.03,0.97,0.1,0.0,0.0,1.0,3.6,-21.92,True
1.01,0.03,0.97,0.1,0.0,0.25,0.75,3.4,-20.52,True
1.01,0.03,0.97,0.1,0.0,0.5,0.5,3.19,-18.9,True
1.01,0.03,0.97,0.1,0.0,0.75,0.25,2.96,-17.01,True
1.01,0.03,0.97,0.1,0.0,1.0,0.0,2.72,-14.78,True
1.01,0.03,0.97,0.1,0.1,0.0,1.0,7.57,-26.09,True
1.01,0.03,0.97,0.1,0.1,0.25,0.75,7.47,-25.43,True
1.01,0.03,0.97,0.1,0.1,0.5,0.5,7.35,-24.66,True
1.01,0.03,0.97,0.1,0.1,0.75,0.25,7.23,-23.79,True
1.01,0.03,0.97,0.1,0.1,1.0,0.0,7.09,-22.78,True
1.01,0.03,0.97,0.1,0.2,0.0,1.0,9.74,-27.82,True
1.01,0.03,0.97,0.1,0.2,0.25,0.75,9.67,-27.45,True
1.01,0.03,0.97,0.1,0.2,0.5,0.5,9.6,-27.04,True
1.01,0.03,0.97,0.1,0.2,0.75,0.25,9.5,-26.56,True
1.01,0.03,0.97,0.1,0.2,1.0,0.0,9.38,-25.99,True
1.01,0.03,0.97,0.1,0.3,0.0,1.0,11.31,-28.6,True
1.01,0.03,0.97,0.1,0.3,0.25,0.75,11.24,-28.37,True
1.01,0.03,0.97,0.1,0.3,0.5,0.5,11.17,-28.11,True
1.01,0.03,0.97,0.1,0.3,0.75,0.25,11.1,-27.83,True
1.01,0.03,0.97,0.1,0.3,1.0,0.0,11.02,-27.51,True
1.01,0.03,0.97,0.2,0.0,0.0,1.0,4.44,-22.06,True
1.01,0.03,0.97,0.2,0.0,0.25,0.75,4.3,-20.78,True
1.01,0.03,0.97,0.2,0.0,0.5,0.5,4.13,-19.25,True
1.01,0.03,0.97,0.2,0.0,0.75,0.25,3.93,-17.42,True
1.01,0.03,0.97,0.2,0.0,1.0,0.0,3.7,-15.15,True
1.01,0.03,0.97,0.2,0.1,0.0,1.0,8.21,-25.27,True
1.01,0.03,0.97,0.2,0.1,0.25,0.75,8.09,-24.61,True
1.01,0.03,0.97,0.2,0.1,0.5,0.5,7.96,-23.83,True
1.01,0.03,0.97,0.2,0.1,0.75,0.25,7.82,-22.92,True
1.01,0.03,0.97,0.2,0.1,1.0,0.0,7.67,-21.85,True
1.01,0.03,0.97,0.2,0.2,0.0,1.0,10.24,-26.75,True
1.01,0.03,0.97,0.2,0.2,0.25,0.75,10.15,-26.31,True
1.01,0.03,0.97,0.2,0.2,0.5,0.5,10.05,-25.81,True
1.01,0.03,0.97,0.2,0.2,0.75,0.25,9.95,-25.24,True
1.01,0.03,0.97,0.2,0.2,1.0,0.0,9.84,-24.57,True
1.01,0.03,0.97,0.2,0.3,0.0,1.0,11.45,-28.14,True
1.01,0.03,0.97,0.2,0.3,0.25,0.75,11.4,-27.86,True
1.01,0.03,0.97,0.2,0.3,0.5,0.5,11.34,-27.55,True
1.01,0.03,0.97,0.2,0.3,0.75,0.25,11.27,-27.19,True
1.01,0.03,0.97,0.2,0.3,1.0,0.0,11.19,-26.79,True
1.01,0.03,0.97,0.3,0.0,0.0,1.0,4.81,-22.06,True
1.01,0.03,0.97,0.3,0.0,0.25,0.75,4.66,-20.81,True
1.01,0.03,0.97,0.3,0.0,0.5,0.5,4.49,-19.31,True
1.01,0.03,0.97,0.3,0.0,0.75,0.25,4.29,-17.46,True
1.01,0.03,0.97,0.3,0.0,1.0,0.0,4.05,-15.15,True
1.01,0.03,0.97,0.3,0.1,0.0,1.0,8.63,-24.81,True
1.01,0.03,0.97,0.3,0.1,0.25,0.75,8.52,-24.1,True
1.01,0.03,0.97,0.3,0.1,0.5,0.5,8.39,-23.25,True
1.01,0.03,0.97,0.3,0.1,0.75,0.25,8.25,-22.24,True
1.01,0.03,0.97,0.3,0.1,1.0,0.0,8.08,-21.02,True
1.01,0.03,0.97,0.3,0.2,0.0,1.0,10.22,-26.77,True
1.01,0.03,0.97,0.3,0.2,0.25,0.75,10.16,-26.33,True
1.01,0.03,0.97,0.3,0.2,0.5,0.5,10.08,-25.81,True
1.01,0.03,0.97,0.3,0.2,0.75,0.25,9.99,-25.21,True
1.01,0.03,0.97,0.3,0.2,1.0,0.0,9.89,-24.5,True
1.01,0.03,0.97,0.3,0.3,0.0,1.0,11.29,-28.57,True
1.01,0.03,0.97,0.3,0.3,0.25,0.75,11.26,-28.26,True
1.01,0.03,0.97,0.3,0.3,0.5,0.5,11.23,-27.9,True
1.01,0.03,0.97,0.3,0.3,0.75,0.25,11.19,-27.5,True
1.01,0.03,0.97,0.3,0.3,1.0,0.0,11.13,-27.05,True
1.01,0.03,0.97,0.4,0.0,0.0,1.0,5.32,-22.06,True
1.01,0.03,0.97,0.4,0.0,0.25,0.75,5.19,-20.85,True
1.01,0.03,0.97,0.4,0.0,0.5,0.5,5.02,-19.37,True
1.01,0.03,0.97,0.4,0.0,0.75,0.25,4.81,-17.52,True
1.01,0.03,0.97,0.4,0.0,1.0,0.0,4.54,-15.15,True
1.01,0.03,0.97,0.4,0.1,0.0,1.0,8.45,-24.97,True
1.01,0.03,0.97,0.4,0.1,0.25,0.75,8.38,-24.26,True
1.01,0.03,0.97,0.4,0.1,0.5,0.5,8.29,-23.42,True
1.01,0.03,0.97,0.4,0.1,0.75,0.25,8.17,-22.41,True
1.01,0.03,0.97,0.4,0.1,1.0,0.0,8.03,-21.16,True
1.01,0.03,0.97,0.4,0.2,0.0,1.0,9.98,-28.19,True
1.01,0.03,0.97,0.4,0.2,0.25,0.75,9.96,-26.74,True
1.01,0.03,0.97,0.4,0.2,0.5,0.5,9.93,-26.2,True
1.01,0.03,0.97,0.4,0.2,0.75,0.25,9.87,-25.56,True
1.01,0.03,0.97,0.4,0.2,1.0,0.0,9.8,-24.8,True
1.01,0.03,0.97,0.4,0.3,0.0,1.0,11.15,-31.51,True
1.01,0.03,0.97,0.4,0.3,0.25,0.75,11.15,-30.09,True
1.01,0.03,0.97,0.4,0.3,0.5,0.5,11.14,-28.69,True
1.01,0.03,0.97,0.4,0.3,0.75,0.25,11.12,-27.78,True
1.01,0.03,0.97,0.4,0.3,1.0,0.0,11.08,-27.3,True
1.01,0.03,0.99,0.1,0.0,0.0,1.0,1.25,-10.22,True
1.01,0.03,0.99,0.1,0.0,0.25,0.75,1.19,-9.19,True
1.01,0.03,0.99,0.1,0.0,0.5,0.5,1.13,-8.1,True
1.01,0.03,0.99,0.1,0.0,0.75,0.25,1.06,-6.95,True
1.01,0.03,0.99,0.1,0.0,1.0,0.0,1.0,-5.74,True
1.01,0.03,0.99,0.1,0.1,0.0,1.0,6.65,-18.8,True
1.01,0.03,0.99,0.1,0.1,0.25,0.75,6.63,-18.95,True
1.01,0.03,0.99,0.1,0.1,0.5,0.5,6.61,-19.11,True
1.01,0.03,0.99,0.1,0.1,0.75,0.25,6.59,-19.29,True
1.01,0.03,0.99,0.1,0.1,1.0,0.0,6.56,-19.47,True
1.01,0.03,0.99,0.1,0.2,0.0,1.0,9.08,-24.05,True
1.01,0.03,0.99,0.1,0.2,0.25,0.75,9.06,-24.24,True
1.01,0.03,0.99,0.1,0.2,0.5,0.5,9.04,-24.43,True
1.01,0.03,0.99,0.1,0.2,0.75,0.25,9.03,-24.63,True
1.01,0.03,0.99,0.1,0.2,1.0,0.0,9.01,-24.84,True
1.01,0.03,0.99,0.1,0.3,0.0,1.0,10.69,-26.58,True
1.01,0.03,0.99,0.1,0.3,0.25,0.75,10.68,-26.73,True
1.01,0.03,0.99,0.1,0.3,0.5,0.5,10.66,-26.9,True
1.01,0.03,0.99,0.1,0.3,0.75,0.25,10.65,-27.08,True
1.01,0.03,0.99,0.1,0.3,1.0,0.0,10.64,-27.26,True
1.01,0.03,0.99,0.2,0.0,0.0,1.0,1.94,-11.29,True
1.01,0.03,0.99,0.2,0.0,0.25,0.75,1.88,-10.28,True
1.01,0.03,0.99,0.2,0.0,0.5,0.5,1.82,-9.17,True
1.01,0.03,0.99,0.2,0.0,0.75,0.25,1.75,-7.95,True
1.01,0.03,0.99,0.2,0.0,1.0,0.0,1.67,-6.61,True
1.01,0.03,0.99,0.2,0.1,0.0,1.0,6.9,-17.35,True
1.01,0.03,0.99,0.2,0.1,0.25,0.75,6.87,-17.55,True
1.01,0.03,0.99,0.2,0.1,0.5,0.5,6.83,-17.78,True
1.01,0.03,0.99,0.2,0.1,0.75,0.25,6.8,-18.02,True
1.01,0.03,0.99,0.2,0.1,1.0,0.0,6.76,-18.28,True
1.01,0.03,0.99,0.2,0.2,0.0,1.0,9.14,-23.2,True
1.01,0.03,0.99,0.2,0.2,0.25,0.75,9.13,-23.35,True
1.01,0.03,0.99,0.2,0.2,0.5,0.5,9.12,-23.53,True
1.01,0.03,0.99,0.2,0.2,0.75,0.25,9.11,-23.73,True
1.01,0.03,0.99,0.2,0.2,1.0,0.0,9.09,-23.95,True
1.01,0.03,0.99,0.2,0.3,0.0,1.0,10.62,-26.98,True
1.01,0.03,0.99,0.2,0.3,0.25,0.75,10.62,-27.0,True
1.01,0.03,0.99,0.2,0.3,0.5,0.5,10.63,-27.04,True
1.01,0.03,0.99,0.2,0.3,0.75,0.25,10.64,-27.11,True
1.01,0.03,0.99,0.2,0.3,1.0,0.0,10.64,-27.21,True
1.01,0.03,0.99,0.3,0.0,0.0,1.0,2.16,-10.99,True
1.01,0.03,0.99,0.3,0.0,0.25,0.75,2.1,-10.02,True
1.01,0.03,0.99,0.3,0.0,0.5,0.5,2.04,-8.94,True
1.01,0.03,0.99,0.3,0.0,0.75,0.25,1.97,-7.72,True
1.01,0.03,0.99,0.3,0.0,1.0,0.0,1.89,-6.36,True
1.01,0.03,0.99,0.3,0.1,0.0,1.0,6.85,-17.46,True
1.01,0.03,0.99,0.3,0.1,0.25,0.75,6.85,-17.58,True
1.01,0.03,0.99,0.3,0.1,0.5,0.5,6.83,-17.7,True
1.01,0.03,0.99,0.3,0.1,0.75,0.25,6.82,-17.86,True
1.01,0.03,0.99,0.3,0.1,1.0,0.0,6.79,-18.05,True
1.01,0.03,0.99,0.3,0.2,0.0,1.0,8.96,-24.44,True
1.01,0.03,0.99,0.3,0.2,0.25,0.75,8.99,-24.41,True
1.01,0.03,0.99,0.3,0.2,0.5,0.5,9.01,-24.42,True
1.01,0.03,0.99,0.3,0.2,0.75,0.25,9.02,-24.44,True
1.01,0.03,0.99,0.3,0.2,1.0,0.0,9.03,-24.5,True
1.01,0.03,0.99,0.3,0.3,0.0,1.0,10.5,-27.87,True
1.01,0.03,0.99,0.3,0.3,0.25,0.75,10.53,-27.8,True
1.01,0.03,0.99,0.3,0.3,0.5,0.5,10.55,-27.76,True
1.01,0.03,0.99,0.3,0.3,0.75,0.25,10.57,-27.75,True
1.01,0.03,0.99,0.3,0.3,1.0,0.0,10.58,-27.75,True
1.01,0.03,0.99,0.4,0.0,0.0,1.0,2.14,-11.6,True
1.01,0.03,0.99,0.4,0.0,0.25,0.75,2.12,-10.51,True
1.01,0.03,0.99,0.4,0.0,0.5,0.5,2.09,-9.43,True
1.01,0.03,0.99,0.4,0.0,0.75,0.25,2.04,-8.33,True
1.01,0.03,0.99,0.4,0.0,1.0,0.0,1.98,-7.23,True
1.01,0.03,0.99,0.4,0.1,0.0,1.0,6.54,-18.67,True
1.01,0.03,0.99,0.4,0.1,0.25,0.75,6.58,-18.65,True
1.01,0.03,0.99,0.4,0.1,0.5,0.5,6.61,-18.67,True
1.01,0.03,0.99,0.4,0.1,0.75,0.25,6.63,-18.73,True
1.01,0.03,0.99,0.4,0.1,1.0,0.0,6.64,-18.81,True
1.01,0.03,0.99,0.4,0.2,0.0,1.0,8.82,-25.27,True
1.01,0.03,0.99,0.4,0.2,0.25,0.75,8.87,-25.15,True
1.01,0.03,0.99,0.4,0.2,0.5,0.5,8.9,-25.06,True
1.01,0.03,0.99,0.4,0.2,0.75,0.25,8.94,-25.01,True
1.01,0.03,0.99,0.4,0.2,1.0,0.0,8.97,-25.01,True
1.01,0.03,0.99,0.4,0.3,0.0,1.0,10.42,-28.15,True
1.01,0.03,0.99,0.4,0.3,0.25,0.75,10.46,-28.05,True
1.01,0.03,0.99,0.4,0.3,0.5,0.5,10.49,-27.98,True
1.01,0.03,0.99,0.4,0.3,0.75,0.25,10.52,-27.93,True
1.01,0.03,0.99,0.4,0.3,1.0,0.0,10.55,-27.91,True
1.01,0.03,1.0,0.1,0.0,0.0,1.0,0.45,-3.77,True
1.01,0.03,1.0,0.1,0.0,0.25,0.75,0.45,-3.34,True
1.01,0.03,1.0,0.1,0.0,0.5,0.5,0.44,-2.9,True
1.01,0.03,1.0,0.1,0.0,0.75,0.25,0.44,-2.45,True
1.01,0.03,1.0,0.1,0.0,1.0,0.0,0.43,-1.99,True
1.01,0.03,1.0,0.1,0.1,0.0,1.0,6.29,-20.95,True
1.01,0.03,1.0,0.1,0.1,0.25,0.75,6.29,-20.96,True
1.01,0.03,1.0,0.1,0.1,0.5,0.5,6.29,-20.98,True
1.01,0.03,1.0,0.1,0.1,0.75,0.25,6.3,-21.0,True
1.01,0.03,1.0,0.1,0.1,1.0,0.0,6.3,-21.03,True
1.01,0.03,1.0,0.1,0.2,0.0,1.0,8.85,-25.81,True
1.01,0.03,1.0,0.1,0.2,0.25,0.75,8.85,-25.88,True
1.01,0.03,1.0,0.1,0.2,0.5,0.5,8.85,-25.94,True
1.01,0.03,1.0,0.1,0.2,0.75,0.25,8.85,-26.0,True
1.01,0.03,1.0,0.1,0.2,1.0,0.0,8.85,-26.07,True
1.01,0.03,1.0,0.1,0.3,0.0,1.0,10.52,-28.03,True
1.01,0.03,1.0,0.1,0.3,0.25,0.75,10.52,-28.08,True
1.01,0.03,1.0,0.1,0.3,0.5,0.5,10.52,-28.14,True
1.01,0.03,1.0,0.1,0.3,0.75,0.25,10.52,-28.19,True
1.01,0.03,1.0,0.1,0.3,1.0,0.0,10.52,-28.26,True
1.01,0.03,1.0,0.2,0.0,0.0,1.0,0.74,-6.59,True
1.01,0.03,1.0,0.2,0.0,0.25,0.75,0.75,-5.88,True
1.01,0.03,1.0,0.2,0.0,0.5,0.5,0.76,-5.14,True
1.01,0.03,1.0,0.2,0.0,0.75,0.25,0.77,-4.38,True
1.01,0.03,1.0,0.2,0.0,1.0,0.0,0.78,-3.59,True
1.01,0.03,1.0,0.2,0.1,0.0,1.0,6.45,-19.53,True
1.01,0.03,1.0,0.2,0.1,0.25,0.75,6.45,-19.61,True
1.01,0.03,1.0,0.2,0.1,0.5,0.5,6.45,-19.69,True
1.01,0.03,1.0,0.2,0.1,0.75,0.25,6.45,-19.78,True
1.01,0.03,1.0,0.2,0.1,1.0,0.0,6.44,-19.87,True
1.01,0.03,1.0,0.2,0.2,0.0,1.0,8.87,-25.16,True
1.01,0.03,1.0,0.2,0.2,0.25,0.75,8.88,-25.18,True
1.01,0.03,1.0,0.2,0.2,0.5,0.5,8.89,-25.22,True
1.01,0.03,1.0,0.2,0.2,0.75,0.25,8.89,-25.26,True
1.01,0.03,1.0,0.2,0.2,1.0,0.0,8.9,-25.32,True
1.01,0.03,1.0,0.2,0.3,0.0,1.0,10.49,-28.27,True
1.01,0.03,1.0,0.2,0.3,0.25,0.75,10.5,-28.21,True
1.01,0.03,1.0,0.2,0.3,0.5,0.5,10.51,-28.16,True
1.01,0.03,1.0,0.2,0.3,0.75,0.25,10.52,-28.13,True
1.01,0.03,1.0,0.2,0.3,1.0,0.0,10.53,-28.12,True
1.01,0.03,1.0,0.3,0.0,0.0,1.0,0.93,-7.43,True
1.01,0.03,1.0,0.3,0.0,0.25,0.75,0.94,-6.83,True
1.01,0.03,1.0,0.3,0.0,0.5,0.5,0.96,-6.22,True
1.01,0.03,1.0,0.3,0.0,0.75,0.25,0.97,-5.61,True
1.01,0.03,1.0,0.3,0.0,1.0,0.0,0.97,-5.0,True
1.01,0.03,1.0,0.3,0.1,0.0,1.0,6.36,-19.65,True
1.01,0.03,1.0,0.3,0.1,0.25,0.75,6.39,-19.64,True
1.01,0.03,1.0,0.3,0.1,0.5,0.5,6.41,-19.62,True
1.01,0.03,1.0,0.3,0.1,0.75,0.25,6.43,-19.63,True
1.01,0.03,1.0,0.3,0.1,1.0,0.0,6.45,-19.65,True
1.01,0.03,1.0,0.3,0.2,0.0,1.0,8.77,-25.95,True
1.01,0.03,1.0,0.3,0.2,0.25,0.75,8.81,-25.84,True
1.01,0.03,1.0,0.3,0.2,0.5,0.5,8.84,-25.76,True
1.01,0.03,1.0,0.3,0.2,0.75,0.25,8.86,-25.67,True
1.01,0.03,1.0,0.3,0.2,1.0,0.0,8.88,-25.6,True
1.01,0.03,1.0,0.3,0.3,0.0,1.0,10.4,-28.87,True
1.01,0.03,1.0,0.3,0.3,0.25,0.75,10.42,-28.77,True
1.01,0.03,1.0,0.3,0.3,0.5,0.5,10.45,-28.68,True
1.01,0.03,1.0,0.3,0.3,0.75,0.25,10.48,-28.6,True
1.01,0.03,1.0,0.3,0.3,1.0,0.0,10.5,-28.53,True
1.01,0.03,1.0,0.4,0.0,0.0,1.0,0.89,-9.87,True
1.01,0.03,1.0,0.4,0.0,0.25,0.75,0.94,-9.07,True
1.01,0.03,1.0,0.4,0.0,0.5,0.5,0.98,-8.27,True
1.01,0.03,1.0,0.4,0.0,0.75,0.25,1.01,-7.46,True
1.01,0.03,1.0,0.4,0.0,1.0,0.0,1.04,-6.66,True
1.01,0.03,1.0,0.4,0.1,0.0,1.0,6.17,-20.62,True
1.01,0.03,1.0,0.4,0.1,0.25,0.75,6.22,-20.5,True
1.01,0.03,1.0,0.4,0.1,0.5,0.5,6.27,-20.4,True
1.01,0.03,1.0,0.4,0.1,0.75,0.25,6.32,-20.32,True
1.01,0.03,1.0,0.4,0.1,1.0,0.0,6.35,-20.24,True
1.01,0.03,1.0,0.4,0.2,0.0,1.0,8.67,-26.56,True
1.01,0.03,1.0,0.4,0.2,0.25,0.75,8.71,-26.39,True
1.01,0.03,1.0,0.4,0.2,0.5,0.5,8.75,-26.24,True
1.01,0.03,1.0,0.4,0.2,0.75,0.25,8.79,-26.12,True
1.01,0.03,1.0,0.4,0.2,1.0,0.0,8.83,-26.01,True
1.01,0.03,1.0,0.4,0.3,0.0,1.0,10.33,-29.06,True
1.01,0.03,1.0,0.4,0.3,0.25,0.75,10.37,-28.93,True
1.01,0.03,1.0,0.4,0.3,0.5,0.5,10.4,-28.82,True
1.01,0.03,1.0,0.4,0.3,0.75,0.25,10.43,-28.72,True
1.01,0.03,1.0,0.4,0.3,1.0,0.0,10.47,-28.63,True
1.01,0.03,1.01,0.1,0.0,0.0,1.0,0.49,-2.09,True
1.01,0.03,1.01,0.1,0.0,0.25,0.75,0.48,-1.89,True
1.01,0.03,1.01,0.1,0.0,0.5,0.5,0.47,-1.7,True
1.01,0.03,1.01,0.1,0.0,0.75,0.25,0.46,-1.5,True
1.01,0.03,1.01,0.1,0.0,1.0,0.0,0.45,-1.3,True
1.01,0.03,1.01,0.1,0.1,0.0,1.0,6.29,-21.05,True
1.01,0.03,1.01,0.1,0.1,0.25,0.75,6.29,-21.06,True
1.01,0.03,1.01,0.1,0.1,0.5,0.5,6.29,-21.07,True
1.01,0.03,1.01,0.1,0.1,0.75,0.25,6.3,-21.08,True
1.01,0.03,1.01,0.1,0.1,1.0,0.0,6.3,-21.1,True
1.01,0.03,1.01,0.1,0.2,0.0,1.0,8.8,-26.48,True
1.01,0.03,1.01,0.1,0.2,0.25,0.75,8.81,-26.47,True
1.01,0.03,1.01,0.1,0.2,0.5,0.5,8.81,-26.46,True
1.01,0.03,1.01,0.1,0.2,0.75,0.25,8.82,-26.46,True
1.01,0.03,1.01,0.1,0.2,1.0,0.0,8.82,-26.45,True
1.01,0.03,1.01,0.1,0.3,0.0,1.0,10.47,-28.8,True
1.01,0.03,1.01,0.1,0.3,0.25,0.75,10.47,-28.8,True
1.01,0.03,1.01,0.1,0.3,0.5,0.5,10.48,-28.8,True
1.01,0.03,1.01,0.1,0.3,0.75,0.25,10.48,-28.8,True
1.01,0.03,1.01,0.1,0.3,1.0,0.0,10.49,-28.8,True
1.01,0.03,1.01,0.2,0.0,0.0,1.0,0.86,-4.17,True
1.01,0.03,1.01,0.2,0.0,0.25,0.75,0.86,-3.78,True
1.01,0.03,1.01,0.2,0.0,0.5,0.5,0.86,-3.39,True
1.01,0.03,1.01,0.2,0.0,0.75,0.25,0.85,-3.0,True
1.01,0.03,1.01,0.2,0.0,1.0,0.0,0.84,-2.61,True
1.01,0.03,1.01,0.2,0.1,0.0,1.0,6.33,-20.43,True
1.01,0.03,1.01,0.2,0.1,0.25,0.75,6.34,-20.42,True
1.01,0.03,1.01,0.2,0.1,0.5,0.5,6.35,-20.41,True
1.01,0.03,1.01,0.2,0.1,0.75,0.25,6.36,-20.41,True
1.01,0.03,1.01,0.2,0.1,1.0,0.0,6.37,-20.41,True
1.01,0.03,1.01,0.2,0.2,0.0,1.0,8.86,-25.59,True
1.01,0.03,1.01,0.2,0.2,0.25,0.75,8.87,-25.61,True
1.01,0.03,1.01,0.2,0.2,0.5,0.5,8.88,-25.63,True
1.01,0.03,1.01,0.2,0.2,0.75,0.25,8.88,-25.65,True
1.01,0.03,1.01,0.2,0.2,1.0,0.0,8.89,-25.67,True
1.01,0.03,1.01,0.2,0.3,0.0,1.0,10.55,-27.87,True
1.01,0.03,1.01,0.2,0.3,0.25,0.75,10.55,-27.9,True
1.01,0.03,1.01,0.2,0.3,0.5,0.5,10.55,-27.94,True
1.01,0.03,1.01,0.2,0.3,0.75,0.25,10.56,-27.98,True
1.01,0.03,1.01,0.2,0.3,1.0,0.0,10.56,-28.02,True
1.01,0.03,1.01,0.3,0.0,0.0,1.0,0.89,-6.26,True
1.01,0.03,1.01,0.3,0.0,0.25,0.75,0.92,-5.68,True
1.01,0.03,1.01,0.3,0.0,0.5,0.5,0.94,-5.09,True
1.01,0.03,1.01,0.3,0.0,0.75,0.25,0.96,-4.5,True
1.01,0.03,1.01,0.3,0.0,1.0,0.0,0.98,-3.91,True
1.01,0.03,1.01,0.3,0.1,0.0,1.0,6.34,-19.97,True
1.01,0.03,1.01,0.3,0.1,0.25,0.75,6.37,-19.98,True
1.01,0.03,1.01,0.3,0.1,0.5,0.5,6.38,-19.97,True
1.01,0.03,1.01,0.3,0.1,0.75,0.25,6.4,-19.97,True
1.01,0.03,1.01,0.3,0.1,1.0,0.0,6.41,-19.97,True
1.01,0.03,1.01,0.3,0.2,0.0,1.0,8.88,-25.16,True
1.01,0.03,1.01,0.3,0.2,0.25,0.75,8.9,-25.17,True
1.01,0.03,1.01,0.3,0.2,0.5,0.5,8.92,-25.21,True
1.01,0.03,1.01,0.3,0.2,0.75,0.25,8.93,-25.23,True
1.01,0.03,1.01,0.3,0.2,1.0,0.0,8.93,-25.26,True
1.01,0.03,1.01,0.3,0.3,0.0,1.0,10.46,-28.37,True
1.01,0.03,1.01,0.3,0.3,0.25,0.75,10.48,-28.33,True
1.01,0.03,1.01,0.3,0.3,0.5,0.5,10.5,-28.3,True
1.01,0.03,1.01,0.3,0.3,0.75,0.25,10.53,-28.28,True
1.01,0.03,1.01,0.3,0.3,1.0,0.0,10.54,-28.24,True
1.01,0.03,1.01,0.4,0.0,0.0,1.0,0.62,-8.35,True
1.01,0.03,1.01,0.4,0.0,0.25,0.75,0.69,-7.57,True
1.01,0.03,1.01,0.4,0.0,0.5,0.5,0.75,-6.78,True
1.01,0.03,1.01,0.4,0.0,0.75,0.25,0.81,-6.0,True
1.01,0.03,1.01,0.4,0.0,1.0,0.0,0.86,-5.22,True
1.01,0.03,1.01,0.4,0.1,0.0,1.0,6.3,-19.91,True
1.01,0.03,1.01,0.4,0.1,0.25,0.75,6.33,-19.89,True
1.01,0.03,1.01,0.4,0.1,0.5,0.5,6.36,-19.88,True
1.01,0.03,1.01,0.4,0.1,0.75,0.25,6.4,-19.88,True
1.01,0.03,1.01,0.4,0.1,1.0,0.0,6.42,-19.86,True
1.01,0.03,1.01,0.4,0.2,0.0,1.0,8.77,-25.76,True
1.01,0.03,1.01,0.4,0.2,0.25,0.75,8.8,-25.69,True
1.01,0.03,1.01,0.4,0.2,0.5,0.5,8.84,-25.63,True
1.01,0.03,1.01,0.4,0.2,0.75,0.25,8.87,-25.59,True
1.01,0.03,1.01,0.4,0.2,1.0,0.0,8.9,-25.55,True
1.01,0.03,1.01,0.4,0.3,0.0,1.0,10.4,-28.54,True
1.01,0.03,1.01,0.4,0.3,0.25,0.75,10.43,-28.48,True
1.01,0.03,1.01,0.4,0.3,0.5,0.5,10.45,-28.42,True
1.01,0.03,1.01,0.4,0.3,0.75,0.25,10.48,-28.38,True
1.01,0.03,1.01,0.4,0.3,1.0,0.0,10.51,-28.34,True
1.01,0.03,1.02,0.1,0.0,0.0,1.0,0.26,-1.4,True
1.01,0.03,1.02,0.1,0.0,0.25,0.75,0.27,-1.26,True
1.01,0.03,1.02,0.1,0.0,0.5,0.5,0.27,-1.12,True
1.01,0.03,1.02,0.1,0.0,0.75,0.25,0.27,-0.98,True
1.01,0.03,1.02,0.1,0.0,1.0,0.0,0.28,-0.84,True
1.01,0.03,1.02,0.1,0.1,0.0,1.0,6.24,-21.45,True
1.01,0.03,1.02,0.1,0.1,0.25,0.75,6.24,-21.44,True
1.01,0.03,1.02,0.1,0.1,0.5,0.5,6.25,-21.43,True
1.01,0.03,1.02,0.1,0.1,0.75,0.25,6.25,-21.41,True
1.01,0.03,1.02,0.1,0.1,1.0,0.0,6.26,-21.4,True
1.01,0.03,1.02,0.1,0.2,0.0,1.0,8.78,-26.74,True
1.01,0.03,1.02,0.1,0.2,0.25,0.75,8.79,-26.72,True
1.01,0.03,1.02,0.1,0.2,0.5,0.5,8.79,-26.7,True
1.01,0.03,1.02,0.1,0.2,0.75,0.25,8.8,-26.68,True
1.01,0.03,1.02,0.1,0.2,1.0,0.0,8.8,-26.66,True
1.01,0.03,1.02,0.1,0.3,0.0,1.0,10.46,-28.93,True
1.01,0.03,1.02,0.1,0.3,0.25,0.75,10.46,-28.93,True
1.01,0.03,1.02,0.1,0.3,0.5,0.5,10.47,-28.93,True
1.01,0.03,1.02,0.1,0.3,0.75,0.25,10.47,-28.92,True
1.01,0.03,1.02,0.1,0.3,1.0,0.0,10.48,-28.92,True
1.01,0.03,1.02,0.2,0.0,0.0,1.0,0.47,-2.8,True
1.01,0.03,1.02,0.2,0.0,0.25,0.75,0.49,-2.52,True
1.01,0.03,1.02,0.2,0.0,0.5,0.5,0.5,-2.24,True
1.01,0.03,1.02,0.2,0.0,0.75,0.25,0.52,-1.96,True
1.01,0.03,1.02,0.2,0.0,1.0,0.0,0.53,-1.68,True
1.01,0.03,1.02,0.2,0.1,0.0,1.0,6.25,-21.13,True
1.01,0.03,1.02,0.2,0.1,0.25,0.75,6.26,-21.09,True
1.01,0.03,1.02,0.2,0.1,0.5,0.5,6.28,-21.05,True
1.01,0.03,1.02,0.2,0.1,0.75,0.25,6.29,-21.02,True
1.01,0.03,1.02,0.2,0.1,1.0,0.0,6.3,-20.98,True
1.01,0.03,1.02,0.2,0.2,0.0,1.0,8.84,-25.9,True
1.01,0.03,1.02,0.2,0.2,0.25,0.75,8.85,-25.92,True
1.01,0.03,1.02,0.2,0.2,0.5,0.5,8.85,-25.93,True
1.01,0.03,1.02,0.2,0.2,0.75,0.25,8.86,-25.94,True
1.01,0.03,1.02,0.2,0.2,1.0,0.0,8.86,-25.96,True
1.01,0.03,1.02,0.2,0.3,0.0,1.0,10.53,-28.16,True
1.01,0.03,1.02,0.2,0.3,0.25,0.75,10.53,-28.15,True
1.01,0.03,1.02,0.2,0.3,0.5,0.5,10.54,-28.16,True
1.01,0.03,1.02,0.2,0.3,0.75,0.25,10.54,-28.17,True
1.01,0.03,1.02,0.2,0.3,1.0,0.0,10.54,-28.19,True
1.01,0.03,1.02,0.3,0.0,0.0,1.0,0.55,-4.2,True
1.01,0.03,1.02,0.3,0.0,0.25,0.75,0.59,-3.78,True
1.01,0.03,1.02,0.3,0.0,0.5,0.5,0.62,-3.36,True
1.01,0.03,1.02,0.3,0.0,0.75,0.25,0.65,-2.94,True
1.01,0.03,1.02,0.3,0.0,1.0,0.0,0.68,-2.52,True
1.01,0.03,1.02,0.3,0.1,0.0,1.0,6.33,-20.36,True
1.01,0.03,1.02,0.3,0.1,0.25,0.75,6.34,-20.36,True
1.01,0.03,1.02,0.3,0.1,0.5,0.5,6.35,-20.35,True
1.01,0.03,1.02,0.3,0.1,0.75,0.25,6.36,-20.35,True
1.01,0.03,1.02,0.3,0.1,1.0,0.0,6.37,-20.34,True
1.01,0.03,1.02,0.3,0.2,0.0,1.0,8.89,-25.47,True
1.01,0.03,1.02,0.3,0.2,0.25,0.75,8.9,-25.44,True
1.01,0.03,1.02,0.3,0.2,0.5,0.5,8.91,-25.42,True
1.01,0.03,1.02,0.3,0.2,0.75,0.25,8.92,-25.42,True
1.01,0.03,1.02,0.3,0.2,1.0,0.0,8.92,-25.42,True
1.01,0.03,1.02,0.3,0.3,0.0,1.0,10.5,-28.48,True
1.01,0.03,1.02,0.3,0.3,0.25,0.75,10.51,-28.43,True
1.01,0.03,1.02,0.3,0.3,0.5,0.5,10.52,-28.4,True
1.01,0.03,1.02,0.3,0.3,0.75,0.25,10.52,-28.36,True
1.01,0.03,1.02,0.3,0.3,1.0,0.0,10.53,-28.34,True
1.01,0.03,1.02,0.4,0.0,0.0,1.0,0.42,-5.61,True
1.01,0.03,1.02,0.4,0.0,0.25,0.75,0.48,-5.05,True
1.01,0.03,1.02,0.4,0.0,0.5,0.5,0.54,-4.48,True
1.01,0.03,1.02,0.4,0.0,0.75,0.25,0.59,-3.92,True
1.01,0.03,1.02,0.4,0.0,1.0,0.0,0.64,-3.36,True
1.01,0.03,1.02,0.4,0.1,0.0,1.0,6.36,-20.09,True
1.01,0.03,1.02,0.4,0.1,0.25,0.75,6.37,-20.07,True
1.01,0.03,1.02,0.4,0.1,0.5,0.5,6.39,-20.06,True
1.01,0.03,1.02,0.4,0.1,0.75,0.25,6.4,-20.05,True
1.01,0.03,1.02,0.4,0.1,1.0,0.0,6.41,-20.04,True
1.01,0.03,1.02,0.4,0.2,0.0,1.0,8.85,-25.88,True
1.01,0.03,1.02,0.4,0.2,0.25,0.75,8.86,-25.81,True
1.01,0.03,1.02,0.4,0.2,0.5,0.5,8.87,-25.75,True
1.01,0.03,1.02,0.4,0.2,0.75,0.25,8.89,-25.69,True
1.01,0.03,1.02,0.4,0.2,1.0,0.0,8.9,-25.65,True
1.01,0.03,1.02,0.4,0.3,0.0,1.0,10.49,-28.6,True
1.01,0.03,1.02,0.4,0.3,0.25,0.75,10.5,-28.54,True
1.01,0.03,1.02,0.4,0.3,0.5,0.5,10.51,-28.48,True
1.01,0.03,1.02,0.4,0.3,0.75,0.25,10.52,-28.43,True
1.01,0.03,1.02,0.4,0.3,1.0,0.0,10.53,-28.38,True
1.02,0.005,0.95,0.1,0.0,0.0,1.0,19.48,-31.34,True
1.02,0.005,0.95,0.1,0.0,0.25,0.75,18.62,-29.0,True
1.02,0.005,0.95,0.1,0.0,0.5,0.5,17.67,-26.5,True
1.02,0.005,0.95,0.1,0.0,0.75,0.25,16.62,-23.82,True
1.02,0.005,0.95,0.1,0.0,1.0,0.0,15.46,-20.94,True
1.02,0.005,0.95,0.1,0.1,0.0,1.0,19.25,-29.5,True
1.02,0.005,0.95,0.1,0.1,0.25,0.75,18.46,-27.17,True
1.02,0.005,0.95,0.1,0.1,0.5,0.5,17.6,-24.97,True
1.02,0.005,0.95,0.1,0.1,0.75,0.25,16.66,-22.99,True
1.02,0.005,0.95,0.1,0.1,1.0,0.0,15.63,-20.52,True
1.02,0.005,0.95,0.1,0.2,0.0,1.0,19.14,-30.92,True
1.02,0.005,0.95,0.1,0.2,0.25,0.75,18.42,-29.24,True
1.02,0.005,0.95,0.1,0.2,0.5,0.5,17.63,-27.53,True
1.02,0.005,0.95,0.1,0.2,0.75,0.25,16.77,-25.79,True
1.02,0.005,0.95,0.1,0.2,1.0,0.0,15.84,-24.0,True
1.02,0.005,0.95,0.1,0.3,0.0,1.0,18.78,-34.55,True
1.02,0.005,0.95,0.1,0.3,0.25,0.75,18.14,-32.92,True
1.02,0.005,0.95,0.1,0.3,0.5,0.5,17.44,-31.27,True
1.02,0.005,0.95,0.1,0.3,0.75,0.25,16.68,-29.58,True
1.02,0.005,0.95,0.1,0.3,1.0,0.0,15.85,-27.86,True
1.02,0.005,0.95,0.2,0.0,0.0,1.0,19.45,-41.27,True
1.02,0.005,0.95,0.2,0.0,0.25,0.75,18.7,-38.28,True
1.02,0.005,0.95,0.2,0.0,0.5,0.5,17.85,-35.11,True
1.02,0.005,0.95,0.2,0.0,0.75,0.25,16.88,-31.73,True
1.02,0.005,0.95,0.2,0.0,1.0,0.0,15.77,-28.13,True
1.02,0.005,0.95,0.2,0.1,0.0,1.0,19.0,-38.65,True
1.02,0.005,0.95,0.2,0.1,0.25,0.75,18.35,-35.68,True
1.02,0.005,0.95,0.2,0.1,0.5,0.5,17.6,-32.63,True
1.02,0.005,0.95,0.2,0.1,0.75,0.25,16.73,-29.93,True
1.02,0.005,0.95,0.2,0.1,1.0,0.0,15.75,-27.16,True
1.02,0.005,0.95,0.2,0.2,0.0,1.0,18.26,-42.32,True
1.02,0.005,0.95,0.2,0.2,0.25,0.75,17.77,-39.69,True
1.02,0.005,0.95,0.2,0.2,0.5,0.5,17.17,-37.03,True
1.02,0.005,0.95,0.2,0.2,0.75,0.25,16.47,-34.31,True
1.02,0.005,0.95,0.2,0.2,1.0,0.0,15.66,-31.54,True
1.02,0.005,0.95,0.2,0.3,0.0,1.0,17.87,-43.74,True
1.02,0.005,0.95,0.2,0.3,0.25,0.75,17.42,-41.77,True
1.02,0.005,0.95,0.2,0.3,0.5,0.5,16.89,-39.67,True
1.02,0.005,0.95,0.2,0.3,0.75,0.25,16.28,-37.44,True
1.02,0.005,0.95,0.2,0.3,1.0,0.0,15.59,-35.08,True
1.02,0.005,0.95,0.3,0.0,0.0,1.0,18.84,-43.87,True
1.02,0.005,0.95,0.3,0.0,0.25,0.75,18.21,-40.7,True
1.02,0.005,0.95,0.3,0.0,0.5,0.5,17.46,-37.34,True
1.02,0.005,0.95,0.3,0.0,0.75,0.25,16.58,-33.77,True
1.02,0.005,0.95,0.3,0.0,1.0,0.0,15.54,-29.98,True
1.02,0.005,0.95,0.3,0.1,0.0,1.0,18.34,-45.13,True
1.02,0.005,0.95,0.3,0.1,0.25,0.75,17.81,-42.21,True
1.02,0.005,0.95,0.3,0.1,0.5,0.5,17.16,-39.17,True
1.02,0.005,0.95,0.3,0.1,0.75,0.25,16.39,-36.01,True
1.02,0.005,0.95,0.3,0.1,1.0,0.0,15.5,-32.71,True
1.02,0.005,0.95,0.3,0.2,0.0,1.0,18.12,-44.45,True
1.02,0.005,0.95,0.3,0.2,0.25,0.75,17.65,-42.03,True
1.02,0.005,0.95,0.3,0.2,0.5,0.5,17.07,-39.49,True
1.02,0.005,0.95,0.3,0.2,0.75,0.25,16.39,-36.82,True
1.02,0.005,0.95,0.3,0.2,1.0,0.0,15.61,-34.01,True
1.02,0.005,0.95,0.3,0.3,0.0,1.0,17.82,-43.88,True
1.02,0.005,0.95,0.3,0.3,0.25,0.75,17.41,-41.88,True
1.02,0.005,0.95,0.3,0.3,0.5,0.5,16.91,-39.77,True
1.02,0.005,0.95,0.3,0.3,0.75,0.25,16.33,-37.55,True
1.02,0.005,0.95,0.3,0.3,1.0,0.0,15.68,-35.17,True
1.02,0.005,0.95,0.4,0.0,0.0,1.0,18.65,-46.06,True
1.02,0.005,0.95,0.4,0.0,0.25,0.75,18.07,-42.53,True
1.02,0.005,0.95,0.4,0.0,0.5,0.5,17.36,-38.9,True
1.02,0.005,0.95,0.4,0.0,0.75,0.25,16.51,-35.17,True
1.02,0.005,0.95,0.4,0.0,1.0,0.0,15.51,-31.34,True
1.02,0.005,0.95,0.4,0.1,0.0,1.0,18.41,-45.27,True
1.02,0.005,0.95,0.4,0.1,0.25,0.75,17.9,-42.32,True
1.02,0.005,0.95,0.4,0.1,0.5,0.5,17.26,-39.26,True
1.02,0.005,0.95,0.4,0.1,0.75,0.25,16.51,-36.09,True
1.02,0.005,0.95,0.4,0.1,1.0,0.0,15.62,-32.79,True
1.02,0.005,0.95,0.4,0.2,0.0,1.0,18.06,-44.59,True
1.02,0.005,0.95,0.4,0.2,0.25,0.75,17.61,-42.16,True
1.02,0.005,0.95,0.4,0.2,0.5,0.5,17.05,-39.6,True
1.02,0.005,0.95,0.4,0.2,0.75,0.25,16.39,-36.93,True
1.02,0.005,0.95,0.4,0.2,1.0,0.0,15.62,-34.13,True
1.02,0.005,0.95,0.4,0.3,0.0,1.0,17.62,-43.99,True
1.02,0.005,0.95,0.4,0.3,0.25,0.75,17.24,-42.01,True
1.02,0.005,0.95,0.4,0.3,0.5,0.5,16.76,-39.91,True
1.02,0.005,0.95,0.4,0.3,0.75,0.25,16.19,-37.7,True
1.02,0.005,0.95,0.4,0.3,1.0,0.0,15.53,-35.36,True
1.02,0.005,0.97,0.1,0.0,0.0,1.0,14.24,-29.73,True
1.02,0.005,0.97,0.1,0.0,0.25,0.75,13.74,-27.47,True
1.02,0.005,0.97,0.1,0.0,0.5,0.5,13.16,-25.17,True
1.02,0.005,0.97,0.1,0.0,0.75,0.25,12.49,-22.83,True
1.02,0.005,0.97,0.1,0.0,1.0,0.0,11.72,-20.46,True
1.02,0.005,0.97,0.1,0.1,0.0,1.0,14.97,-24.74,True
1.02,0.005,0.97,0.1,0.1,0.25,0.75,14.51,-23.16,True
1.02,0.005,0.97,0.1,0.1,0.5,0.5,13.98,-21.6,True
1.02,0.005,0.97,0.1,0.1,0.75,0.25,13.39,-20.04,True
1.02,0.005,0.97,0.1,0.1,1.0,0.0,12.73,-18.49,True
1.02,0.005,0.97,0.1,0.2,0.0,1.0,15.63,-28.74,True
1.02,0.005,0.97,0.1,0.2,0.25,0.75,15.18,-27.24,True
1.02,0.005,0.97,0.1,0.2,0.5,0.5,14.68,-25.74,True
1.02,0.005,0.97,0.1,0.2,0.75,0.25,14.13,-24.24,True
1.02,0.005,0.97,0.1,0.2,1.0,0.0,13.53,-22.75,True
1.02,0.005,0.97,0.1,0.3,0.0,1.0,15.76,-32.21,True
1.02,0.005,0.97,0.1,0.3,0.25,0.75,15.38,-30.81,True
1.02,0.005,0.97,0.1,0.3,0.5,0.5,14.97,-29.41,True
1.02,0.005,0.97,0.1,0.3,0.75,0.25,14.51,-28.0,True
1.02,0.005,0.97,0.1,0.3,1.0,0.0,14.01,-26.59,True
1.02,0.005,0.97,0.2,0.0,0.0,1.0,15.54,-37.49,True
1.02,0.005,0.97,0.2,0.0,0.25,0.75,15.03,-34.7,True
1.02,0.005,0.97,0.2,0.0,0.5,0.5,14.42,-31.82,True
1.02,0.005,0.97,0.2,0.0,0.75,0.25,13.7,-28.86,True
1.02,0.005,0.97,0.2,0.0,1.0,0.0,12.87,-25.81,True
1.02,0.005,0.97,0.2,0.1,0.0,1.0,15.97,-32.57,True
1.02,0.005,0.97,0.2,0.1,0.25,0.75,15.5,-30.32,True
1.02,0.005,0.97,0.2,0.1,0.5,0.5,14.94,-28.19,True
1.02,0.005,0.97,0.2,0.1,0.75,0.25,14.3,-26.03,True
1.02,0.005,0.97,0.2,0.1,1.0,0.0,13.57,-23.86,True
1.02,0.005,0.97,0.2,0.2,0.0,1.0,15.95,-36.83,True
1.02,0.005,0.97,0.2,0.2,0.25,0.75,15.57,-34.71,True
1.02,0.005,0.97,0.2,0.2,0.5,0.5,15.11,-32.58,True
1.02,0.005,0.97,0.2,0.2,0.75,0.25,14.58,-30.44,True
1.02,0.005,0.97,0.2,0.2,1.0,0.0,13.97,-28.29,True
1.02,0.005,0.97,0.2,0.3,0.0,1.0,15.93,-39.1,True
1.02,0.005,0.97,0.2,0.3,0.25,0.75,15.58,-37.43,True
1.02,0.005,0.97,0.2,0.3,0.5,0.5,15.18,-35.69,True
1.02,0.005,0.97,0.2,0.3,0.75,0.25,14.73,-33.89,True
1.02,0.005,0.97,0.2,0.3,1.0,0.0,14.23,-32.03,True
1.02,0.005,0.97,0.3,0.0,0.0,1.0,15.96,-37.36,True
1.02,0.005,0.97,0.3,0.0,0.25,0.75,15.44,-34.54,True
1.02,0.005,0.97,0.3,0.0,0.5,0.5,14.83,-31.64,True
1.02,0.005,0.97,0.3,0.0,0.75,0.25,14.1,-28.66,True
1.02,0.005,0.97,0.3,0.0,1.0,0.0,13.25,-25.59,True
1.02,0.005,0.97,0.3,0.1,0.0,1.0,15.93,-38.32,True
1.02,0.005,0.97,0.3,0.1,0.25,0.75,15.49,-35.94,True
1.02,0.005,0.97,0.3,0.1,0.5,0.5,14.96,-33.49,True
1.02,0.005,0.97,0.3,0.1,0.75,0.25,14.35,-30.98,True
1.02,0.005,0.97,0.3,0.1,1.0,0.0,13.64,-28.41,True
1.02,0.005,0.97,0.3,0.2,0.0,1.0,16.17,-38.8,True
1.02,0.005,0.97,0.3,0.2,0.25,0.75,15.74,-36.79,True
1.02,0.005,0.97,0.3,0.2,0.5,0.5,15.26,-34.7,True
1.02,0.005,0.97,0.3,0.2,0.75,0.25,14.72,-32.55,True
1.02,0.005,0.97,0.3,0.2,1.0,0.0,14.11,-30.33,True
1.02,0.005,0.97,0.3,0.3,0.0,1.0,16.31,-39.2,True
1.02,0.005,0.97,0.3,0.3,0.25,0.75,15.94,-37.5,True
1.02,0.005,0.97,0.3,0.3,0.5,0.5,15.52,-35.75,True
1.02,0.005,0.97,0.3,0.3,0.75,0.25,15.04,-33.93,True
1.02,0.005,0.97,0.3,0.3,1.0,0.0,14.5,-32.03,True
1.02,0.005,0.97,0.4,0.0,0.0,1.0,16.11,-37.88,True
1.02,0.005,0.97,0.4,0.0,0.25,0.75,15.6,-35.05,True
1.02,0.005,0.97,0.4,0.0,0.5,0.5,14.99,-32.18,True
1.02,0.005,0.97,0.4,0.0,0.75,0.25,14.27,-29.27,True
1.02,0.005,0.97,0.4,0.0,1.0,0.0,13.42,-26.32,True
1.02,0.005,0.97,0.4,0.1,0.0,1.0,16.35,-38.43,True
1.02,0.005,0.97,0.4,0.1,0.25,0.75,15.88,-36.03,True
1.02,0.005,0.97,0.4,0.1,0.5,0.5,15.32,-33.56,True
1.02,0.005,0.97,0.4,0.1,0.75,0.25,14.67,-31.04,True
1.02,0.005,0.97,0.4,0.1,1.0,0.0,13.94,-28.46,True
1.02,0.005,0.97,0.4,0.2,0.0,1.0,16.37,-38.92,True
1.02,0.005,0.97,0.4,0.2,0.25,0.75,15.95,-36.88,True
1.02,0.005,0.97,0.4,0.2,0.5,0.5,15.44,-34.78,True
1.02,0.005,0.97,0.4,0.2,0.75,0.25,14.87,-32.63,True
1.02,0.005,0.97,0.4,0.2,1.0,0.0,14.23,-30.42,True
1.02,0.005,0.97,0.4,0.3,0.0,1.0,16.21,-39.36,True
1.02,0.005,0.97,0.4,0.3,0.25,0.75,15.85,-37.66,True
1.02,0.005,0.97,0.4,0.3,0.5,0.5,15.43,-35.9,True
1.02,0.005,0.97,0.4,0.3,0.75,0.25,14.95,-34.09,True
1.02,0.005,0.97,0.4,0.3,1.0,0.0,14.42,-32.23,True
1.02,0.005,0.99,0.1,0.0,0.0,1.0,7.23,-28.67,True
1.02,0.005,0.99,0.1,0.0,0.25,0.75,7.12,-26.46,True
1.02,0.005,0.99,0.1,0.0,0.5,0.5,6.96,-24.2,True
1.02,0.005,0.99,0.1,0.0,0.75,0.25,6.74,-21.9,True
1.02,0.005,0.99,0.1,0.0,1.0,0.0,6.45,-19.55,True
1.02,0.005,0.99,0.1,0.1,0.0,1.0,10.03,-26.72,True
1.02,0.005,0.99,0.1,0.1,0.25,0.75,9.9,-24.6,True
1.02,0.005,0.99,0.1,0.1,0.5,0.5,9.75,-22.45,True
1.02,0.005,0.99,0.1,0.1,0.75,0.25,9.56,-20.27,True
1.02,0.005,0.99,0.1,0.1,1.0,0.0,9.33,-19.31,True
1.02,0.005,0.99,0.1,0.2,0.0,1.0,11.63,-26.28,True
1.02,0.005,0.99,0.1,0.2,0.25,0.75,11.52,-24.95,True
1.02,0.005,0.99,0.1,0.2,0.5,0.5,11.38,-23.62,True
1.02,0.005,0.99,0.1,0.2,0.75,0.25,11.21,-23.14,True
1.02,0.005,0.99,0.1,0.2,1.0,0.0,11.01,-22.81,True
1.02,0.005,0.99,0.1,0.3,0.0,1.0,12.8,-31.41,True
1.02,0.005,0.99,0.1,0.3,0.25,0.75,12.67,-30.08,True
1.02,0.005,0.99,0.1,0.3,0.5,0.5,12.52,-28.76,True
1.02,0.005,0.99,0.1,0.3,0.75,0.25,12.36,-27.44,True
1.02,0.005,0.99,0.1,0.3,1.0,0.0,12.17,-26.13,True
1.02,0.005,0.99,0.2,0.0,0.0,1.0,9.65,-33.62,True
1.02,0.005,0.99,0.2,0.0,0.25,0.75,9.45,-31.09,True
1.02,0.005,0.99,0.2,0.0,0.5,0.5,9.17,-28.5,True
1.02,0.005,0.99,0.2,0.0,0.75,0.25,8.82,-25.84,True
1.02,0.005,0.99,0.2,0.0,1.0,0.0,8.39,-23.11,True
1.02,0.005,0.99,0.2,0.1,0.0,1.0,11.86,-30.25,True
1.02,0.005,0.99,0.2,0.1,0.25,0.75,11.63,-28.07,True
1.02,0.005,0.99,0.2,0.1,0.5,0.5,11.34,-26.04,True
1.02,0.005,0.99,0.2,0.1,0.75,0.25,11.0,-24.01,True
1.02,0.005,0.99,0.2,0.1,1.0,0.0,10.61,-21.98,True
1.02,0.005,0.99,0.2,0.2,0.0,1.0,12.89,-36.8,True
1.02,0.005,0.99,0.2,0.2,0.25,0.75,12.69,-34.62,True
1.02,0.005,0.99,0.2,0.2,0.5,0.5,12.44,-32.44,True
1.02,0.005,0.99,0.2,0.2,0.75,0.25,12.16,-30.28,True
1.02,0.005,0.99,0.2,0.2,1.0,0.0,11.85,-28.12,True
1.02,0.005,0.99,0.2,0.3,0.0,1.0,13.92,-38.03,True
1.02,0.005,0.99,0.2,0.3,0.25,0.75,13.7,-36.55,True
1.02,0.005,0.99,0.2,0.3,0.5,0.5,13.45,-34.99,True
1.02,0.005,0.99,0.2,0.3,0.75,0.25,13.19,-33.36,True
1.02,0.005,0.99,0.2,0.3,1.0,0.0,12.9,-31.66,True
1.02,0.005,0.99,0.3,0.0,0.0,1.0,11.34,-33.55,True
1.02,0.005,0.99,0.3,0.0,0.25,0.75,11.05,-31.01,True
1.02,0.005,0.99,0.3,0.0,0.5,0.5,10.68,-28.4,True
1.02,0.005,0.99,0.3,0.0,0.75,0.25,10.22,-25.72,True
1.02,0.005,0.99,0.3,0.0,1.0,0.0,9.68,-22.96,True
1.02,0.005,0.99,0.3,0.1,0.0,1.0,12.94,-36.39,True
1.02,0.005,0.99,0.3,0.1,0.25,0.75,12.63,-34.15,True
1.02,0.005,0.99,0.3,0.1,0.5,0.5,12.27,-31.84,True
1.02,0.005,0.99,0.3,0.1,0.75,0.25,11.86,-29.46,True
1.02,0.005,0.99,0.3,0.1,1.0,0.0,11.39,-27.03,True
1.02,0.005,0.99,0.3,0.2,0.0,1.0,14.17,-37.35,True
1.02,0.005,0.99,0.3,0.2,0.25,0.75,13.87,-35.52,True
1.02,0.005,0.99,0.3,0.2,0.5,0.5,13.52,-33.59,True
1.02,0.005,0.99,0.3,0.2,0.75,0.25,13.12,-31.6,True
1.02,0.005,0.99,0.3,0.2,1.0,0.0,12.68,-29.53,True
1.02,0.005,0.99,0.3,0.3,0.0,1.0,14.79,-38.12,True
1.02,0.005,0.99,0.3,0.3,0.25,0.75,14.5,-36.61,True
1.02,0.005,0.99,0.3,0.3,0.5,0.5,14.16,-35.04,True
1.02,0.005,0.99,0.3,0.3,0.75,0.25,13.78,-33.39,True
1.02,0.005,0.99,0.3,0.3,1.0,0.0,13.36,-31.65,True
1.02,0.005,0.99,0.4,0.0,0.0,1.0,12.63,-35.27,True
1.02,0.005,0.99,0.4,0.0,0.25,0.75,12.26,-32.53,True
1.02,0.005,0.99,0.4,0.0,0.5,0.5,11.8,-29.76,True
1.02,0.005,0.99,0.4,0.0,0.75,0.25,11.26,-26.94,True
1.02,0.005,0.99,0.4,0.0,1.0,0.0,10.61,-24.09,True
1.02,0.005,0.99,0.4,0.1,0.0,1.0,14.14,-36.5,True
1.02,0.005,0.99,0.4,0.1,0.25,0.75,13.76,-34.24,True
1.02,0.005,0.99,0.4,0.1,0.5,0.5,13.31,-31.92,True
1.02,0.005,0.99,0.4,0.1,0.75,0.25,12.8,-29.54,True
1.02,0.005,0.99,0.4,0.1,1.0,0.0,12.2,-27.09,True
1.02,0.005,0.99,0.4,0.2,0.0,1.0,14.58,-37.49,True
1.02,0.005,0.99,0.4,0.2,0.25,0.75,14.22,-35.64,True
1.02,0.005,0.99,0.4,0.2,0.5,0.5,13.82,-33.71,True
1.02,0.005,0.99,0.4,0.2,0.75,0.25,13.36,-31.73,True
1.02,0.005,0.99,0.4,0.2,1.0,0.0,12.87,-29.69,True
1.02,0.005,0.99,0.4,0.3,0.0,1.0,14.8,-38.34,True
1.02,0.005,0.99,0.4,0.3,0.25,0.75,14.5,-36.85,True
1.02,0.005,0.99,0.4,0.3,0.5,0.5,14.16,-35.28,True
1.02,0.005,0.99,0.4,0.3,0.75,0.25,13.79,-33.65,True
1.02,0.005,0.99,0.4,0.3,1.0,0.0,13.39,-31.95,True
1.02,0.005,1.0,0.1,0.0,0.0,1.0,2.38,-26.93,True
1.02,0.005,1.0,0.1,0.0,0.25,0.75,2.57,-24.86,True
1.02,0.005,1.0,0.1,0.0,0.5,0.5,2.73,-22.75,True
1.02,0.005,1.0,0.1,0.0,0.75,0.25,2.86,-20.6,True
1.02,0.005,1.0,0.1,0.0,1.0,0.0,2.97,-18.41,True
1.02,0.005,1.0,0.1,0.1,0.0,1.0,7.99,-25.3,True
1.02,0.005,1.0,0.1,0.1,0.25,0.75,7.97,-23.32,True
1.02,0.005,1.0,0.1,0.1,0.5,0.5,7.94,-22.67,True
1.02,0.005,1.0,0.1,0.1,0.75,0.25,7.9,-22.05,True
1.02,0.005,1.0,0.1,0.1,1.0,0.0,7.85,-21.44,True
1.02,0.005,1.0,0.1,0.2,0.0,1.0,10.23,-26.51,True
1.02,0.005,1.0,0.1,0.2,0.25,0.75,10.2,-26.06,True
1.02,0.005,1.0,0.1,0.2,0.5,0.5,10.15,-25.63,True
1.02,0.005,1.0,0.1,0.2,0.75,0.25,10.1,-25.24,True
1.02,0.005,1.0,0.1,0.2,1.0,0.0,10.03,-24.89,True
1.02,0.005,1.0,0.1,0.3,0.0,1.0,11.68,-27.92,True
1.02,0.005,1.0,0.1,0.3,0.25,0.75,11.63,-27.58,True
1.02,0.005,1.0,0.1,0.3,0.5,0.5,11.57,-27.31,True
1.02,0.005,1.0,0.1,0.3,0.75,0.25,11.5,-27.09,True
1.02,0.005,1.0,0.1,0.3,1.0,0.0,11.42,-26.91,True
1.02,0.005,1.0,0.2,0.0,0.0,1.0,5.19,-34.13,True
1.02,0.005,1.0,0.2,0.0,0.25,0.75,5.27,-31.63,True
1.02,0.005,1.0,0.2,0.0,0.5,0.5,5.3,-29.05,True
1.02,0.005,1.0,0.2,0.0,0.75,0.25,5.28,-26.39,True
1.02,0.005,1.0,0.2,0.0,1.0,0.0,5.22,-23.67,True
1.02,0.005,1.0,0.2,0.1,0.0,1.0,9.34,-31.21,True
1.02,0.005,1.0,0.2,0.1,0.25,0.75,9.26,-28.88,True
1.02,0.005,1.0,0.2,0.1,0.5,0.5,9.16,-26.48,True
1.02,0.005,1.0,0.2,0.1,0.75,0.25,9.03,-24.01,True
1.02,0.005,1.0,0.2,0.1,1.0,0.0,8.88,-21.48,True
1.02,0.005,1.0,0.2,0.2,0.0,1.0,11.19,-30.19,True
1.02,0.005,1.0,0.2,0.2,0.25,0.75,11.08,-28.5,True
1.02,0.005,1.0,0.2,0.2,0.5,0.5,10.97,-26.82,True
1.02,0.005,1.0,0.2,0.2,0.75,0.25,10.84,-25.17,True
1.02,0.005,1.0,0.2,0.2,1.0,0.0,10.7,-23.53,True
1.02,0.005,1.0,0.2,0.3,0.0,1.0,12.37,-32.84,True
1.02,0.005,1.0,0.2,0.3,0.25,0.75,12.28,-31.61,True
1.02,0.005,1.0,0.2,0.3,0.5,0.5,12.17,-30.35,True
1.02,0.005,1.0,0.2,0.3,0.75,0.25,12.05,-29.04,True
1.02,0.005,1.0,0.2,0.3,1.0,0.0,11.91,-27.69,True
1.02,0.005,1.0,0.3,0.0,0.0,1.0,7.14,-36.68,True
1.02,0.005,1.0,0.3,0.0,0.25,0.75,7.11,-34.03,True
1.02,0.005,1.0,0.3,0.0,0.5,0.5,7.02,-31.3,True
1.02,0.005,1.0,0.3,0.0,0.75,0.25,6.87,-28.48,True
1.02,0.005,1.0,0.3,0.0,1.0,0.0,6.67,-25.57,True
1.02,0.005,1.0,0.3,0.1,0.0,1.0,10.24,-33.25,True
1.02,0.005,1.0,0.3,0.1,0.25,0.75,10.11,-30.83,True
1.02,0.005,1.0,0.3,0.1,0.5,0.5,9.95,-28.33,True
1.02,0.005,1.0,0.3,0.1,0.75,0.25,9.76,-25.74,True
1.02,0.005,1.0,0.3,0.1,1.0,0.0,9.55,-23.07,True
1.02,0.005,1.0,0.3,0.2,0.0,1.0,11.58,-30.88,True
1.02,0.005,1.0,0.3,0.2,0.25,0.75,11.49,-29.43,True
1.02,0.005,1.0,0.3,0.2,0.5,0.5,11.36,-27.9,True
1.02,0.005,1.0,0.3,0.2,0.75,0.25,11.2,-26.32,True
1.02,0.005,1.0,0.3,0.2,1.0,0.0,11.02,-24.71,True
1.02,0.005,1.0,0.3,0.3,0.0,1.0,12.36,-33.42,True
1.02,0.005,1.0,0.3,0.3,0.25,0.75,12.31,-32.22,True
1.02,0.005,1.0,0.3,0.3,0.5,0.5,12.24,-30.97,True
1.02,0.005,1.0,0.3,0.3,0.75,0.25,12.14,-29.66,True
1.02,0.005,1.0,0.3,0.3,1.0,0.0,12.01,-28.27,True
1.02,0.005,1.0,0.4,0.0,0.0,1.0,8.21,-38.63,True
1.02,0.005,1.0,0.4,0.0,0.25,0.75,8.11,-35.88,True
1.02,0.005,1.0,0.4,0.0,0.5,0.5,7.95,-33.04,True
1.02,0.005,1.0,0.4,0.0,0.75,0.25,7.74,-30.1,True
1.02,0.005,1.0,0.4,0.0,1.0,0.0,7.46,-27.05,True
1.02,0.005,1.0,0.4,0.1,0.0,1.0,10.51,-35.24,True
1.02,0.005,1.0,0.4,0.1,0.25,0.75,10.39,-32.7,True
1.02,0.005,1.0,0.4,0.1,0.5,0.5,10.25,-30.06,True
1.02,0.005,1.0,0.4,0.1,0.75,0.25,10.06,-27.33,True
1.02,0.005,1.0,0.4,0.1,1.0,0.0,9.81,-24.53,True
1.02,0.005,1.0,0.4,0.2,0.0,1.0,11.51,-31.47,True
1.02,0.005,1.0,0.4,0.2,0.25,0.75,11.44,-29.82,True
1.02,0.005,1.0,0.4,0.2,0.5,0.5,11.35,-28.31,True
1.02,0.005,1.0,0.4,0.2,0.75,0.25,11.23,-26.76,True
1.02,0.005,1.0,0.4,0.2,1.0,0.0,11.08,-25.18,True
1.02,0.005,1.0,0.4,0.3,0.0,1.0,12.26,-33.8,True
1.02,0.005,1.0,0.4,0.3,0.25,0.75,12.21,-32.58,True
1.02,0.005,1.0,0.4,0.3,0.5,0.5,12.13,-31.32,True
1.02,0.005,1.0,0.4,0.3,0.75,0.25,12.04,-30.02,True
1.02,0.005,1.0,0.4,0.3,1.0,0.0,11.92,-28.68,True
1.02,0.005,1.01,0.1,0.0,0.0,1.0,6.02,-22.89,True
1.02,0.005,1.01,0.1,0.0,0.25,0.75,5.88,-21.1,True
1.02,0.005,1.01,0.1,0.0,0.5,0.5,5.71,-19.27,True
1.02,0.005,1.01,0.1,0.0,0.75,0.25,5.51,-17.42,True
1.02,0.005,1.01,0.1,0.0,1.0,0.0,5.28,-15.54,True
1.02,0.005,1.01,0.1,0.1,0.0,1.0,9.15,-22.18,True
1.02,0.005,1.01,0.1,0.1,0.25,0.75,9.03,-20.41,True
1.02,0.005,1.01,0.1,0.1,0.5,0.5,8.9,-18.61,True
1.02,0.005,1.01,0.1,0.1,0.75,0.25,8.75,-16.78,True
1.02,0.005,1.01,0.1,0.1,1.0,0.0,8.58,-16.25,True
1.02,0.005,1.01,0.1,0.2,0.0,1.0,11.03,-21.38,True
1.02,0.005,1.01,0.1,0.2,0.25,0.75,10.91,-21.36,True
1.02,0.005,1.01,0.1,0.2,0.5,0.5,10.78,-21.39,True
1.02,0.005,1.01,0.1,0.2,0.75,0.25,10.63,-21.47,True
1.02,0.005,1.01,0.1,0.2,1.0,0.0,10.47,-21.61,True
1.02,0.005,1.01,0.1,0.3,0.0,1.0,12.21,-24.52,True
1.02,0.005,1.01,0.1,0.3,0.25,0.75,12.1,-24.5,True
1.02,0.005,1.01,0.1,0.3,0.5,0.5,11.97,-24.55,True
1.02,0.005,1.01,0.1,0.3,0.75,0.25,11.84,-24.65,True
1.02,0.005,1.01,0.1,0.3,1.0,0.0,11.71,-24.79,True
1.02,0.005,1.01,0.2,0.0,0.0,1.0,7.91,-30.93,True
1.02,0.005,1.01,0.2,0.0,0.25,0.75,7.71,-28.61,True
1.02,0.005,1.01,0.2,0.0,0.5,0.5,7.47,-26.24,True
1.02,0.005,1.01,0.2,0.0,0.75,0.25,7.19,-23.81,True
1.02,0.005,1.01,0.2,0.0,1.0,0.0,6.87,-21.32,True
1.02,0.005,1.01,0.2,0.1,0.0,1.0,10.42,-28.54,True
1.02,0.005,1.01,0.2,0.1,0.25,0.75,10.21,-26.35,True
1.02,0.005,1.01,0.2,0.1,0.5,0.5,9.99,-24.11,True
1.02,0.005,1.01,0.2,0.1,0.75,0.25,9.75,-21.82,True
1.02,0.005,1.01,0.2,0.1,1.0,0.0,9.48,-19.48,True
1.02,0.005,1.01,0.2,0.2,0.0,1.0,11.76,-27.15,True
1.02,0.005,1.01,0.2,0.2,0.25,0.75,11.6,-25.73,True
1.02,0.005,1.01,0.2,0.2,0.5,0.5,11.42,-24.34,True
1.02,0.005,1.01,0.2,0.2,0.75,0.25,11.23,-22.96,True
1.02,0.005,1.01,0.2,0.2,1.0,0.0,11.02,-21.6,True
1.02,0.005,1.01,0.2,0.3,0.0,1.0,12.79,-31.46,True
1.02,0.005,1.01,0.2,0.3,0.25,0.75,12.65,-30.22,True
1.02,0.005,1.01,0.2,0.3,0.5,0.5,12.49,-28.96,True
1.02,0.005,1.01,0.2,0.3,0.75,0.25,12.31,-27.69,True
1.02,0.005,1.01,0.2,0.3,1.0,0.0,12.13,-26.41,True
1.02,0.005,1.01,0.3,0.0,0.0,1.0,8.86,-33.59,True
1.02,0.005,1.01,0.3,0.0,0.25,0.75,8.64,-31.13,True
1.02,0.005,1.01,0.3,0.0,0.5,0.5,8.37,-28.59,True
1.02,0.005,1.01,0.3,0.0,0.75,0.25,8.04,-25.97,True
1.02,0.005,1.01,0.3,0.0,1.0,0.0,7.67,-23.28,True
1.02,0.005,1.01,0.3,0.1,0.0,1.0,10.98,-30.71,True
1.02,0.005,1.01,0.3,0.1,0.25,0.75,10.77,-28.42,True
1.02,0.005,1.01,0.3,0.1,0.5,0.5,10.53,-26.06,True
1.02,0.005,1.01,0.3,0.1,0.75,0.25,10.26,-23.63,True
1.02,0.005,1.01,0.3,0.1,1.0,0.0,9.95,-21.13,True
1.02,0.005,1.01,0.3,0.2,0.0,1.0,12.25,-29.68,True
1.02,0.005,1.01,0.3,0.2,0.25,0.75,12.07,-28.21,True
1.02,0.005,1.01,0.3,0.2,0.5,0.5,11.85,-26.69,True
1.02,0.005,1.01,0.3,0.2,0.75,0.25,11.61,-25.16,True
1.02,0.005,1.01,0.3,0.2,1.0,0.0,11.35,-23.61,True
1.02,0.005,1.01,0.3,0.3,0.0,1.0,13.08,-32.14,True
1.02,0.005,1.01,0.3,0.3,0.25,0.75,12.93,-30.91,True
1.02,0.005,1.01,0.3,0.3,0.5,0.5,12.75,-29.67,True
1.02,0.005,1.01,0.3,0.3,0.75,0.25,12.56,-28.37,True
1.02,0.005,1.01,0.3,0.3,1.0,0.0,12.34,-27.03,True
1.02,0.005,1.01,0.4,0.0,0.0,1.0,9.57,-35.64,True
1.02,0.005,1.01,0.4,0.0,0.25,0.75,9.33,-33.06,True
1.02,0.005,1.01,0.4,0.0,0.5,0.5,9.02,-30.4,True
1.02,0.005,1.01,0.4,0.0,0.75,0.25,8.67,-27.65,True
1.02,0.005,1.01,0.4,0.0,1.0,0.0,8.25,-24.81,True
1.02,0.005,1.01,0.4,0.1,0.0,1.0,11.46,-32.78,True
1.02,0.005,1.01,0.4,0.1,0.25,0.75,11.23,-30.36,True
1.02,0.005,1.01,0.4,0.1,0.5,0.5,10.97,-27.86,True
1.02,0.005,1.01,0.4,0.1,0.75,0.25,10.66,-25.28,True
1.02,0.005,1.01,0.4,0.1,1.0,0.0,10.32,-22.64,True
1.02,0.005,1.01,0.4,0.2,0.0,1.0,12.51,-30.07,True
1.02,0.005,1.01,0.4,0.2,0.25,0.75,12.31,-28.59,True
1.02,0.005,1.01,0.4,0.2,0.5,0.5,12.08,-27.09,True
1.02,0.005,1.01,0.4,0.2,0.75,0.25,11.83,-25.58,True
1.02,0.005,1.01,0.4,0.2,1.0,0.0,11.57,-24.05,True
1.02,0.005,1.01,0.4,0.3,0.0,1.0,13.3,-32.47,True
1.02,0.005,1.01,0.4,0.3,0.25,0.75,13.14,-31.23,True
1.02,0.005,1.01,0.4,0.3,0.5,0.5,12.95,-29.96,True
1.02,0.005,1.01,0.4,0.3,0.75,0.25,12.74,-28.68,True
1.02,0.005,1.01,0.4,0.3,1.0,0.0,12.51,-27.39,True
1.02,0.005,1.02,0.1,0.0,0.0,1.0,4.21,-22.2,True
1.02,0.005,1.02,0.1,0.0,0.25,0.75,4.16,-20.45,True
1.02,0.005,1.02,0.1,0.0,0.5,0.5,4.09,-18.68,True
1.02,0.005,1.02,0.1,0.0,0.75,0.25,4.0,-16.87,True
1.02,0.005,1.02,0.1,0.0,1.0,0.0,3.89,-15.04,True
1.02,0.005,1.02,0.1,0.1,0.0,1.0,8.4,-21.38,True
1.02,0.005,1.02,0.1,0.1,0.25,0.75,8.32,-19.66,True
1.02,0.005,1.02,0.1,0.1,0.5,0.5,8.24,-17.92,True
1.02,0.005,1.02,0.1,0.1,0.75,0.25,8.14,-17.68,True
1.02,0.005,1.02,0.1,0.1,1.0,0.0,8.03,-17.6,True
1.02,0.005,1.02,0.1,0.2,0.0,1.0,10.52,-22.98,True
1.02,0.005,1.02,0.1,0.2,0.25,0.75,10.43,-22.91,True
1.02,0.005,1.02,0.1,0.2,0.5,0.5,10.34,-22.87,True
1.02,0.005,1.02,0.1,0.2,0.75,0.25,10.23,-22.85,True
1.02,0.005,1.02,0.1,0.2,1.0,0.0,10.12,-22.86,True
1.02,0.005,1.02,0.1,0.3,0.0,1.0,11.95,-25.46,True
1.02,0.005,1.02,0.1,0.3,0.25,0.75,11.86,-25.45,True
1.02,0.005,1.02,0.1,0.3,0.5,0.5,11.75,-25.47,True
1.02,0.005,1.02,0.1,0.3,0.75,0.25,11.65,-25.51,True
1.02,0.005,1.02,0.1,0.3,1.0,0.0,11.53,-25.53,True
1.02,0.005,1.02,0.2,0.0,0.0,1.0,6.87,-29.68,True
1.02,0.005,1.02,0.2,0.0,0.25,0.75,6.7,-27.44,True
1.02,0.005,1.02,0.2,0.0,0.5,0.5,6.51,-25.14,True
1.02,0.005,1.02,0.2,0.0,0.75,0.25,6.28,-22.79,True
1.02,0.005,1.02,0.2,0.0,1.0,0.0,6.01,-20.39,True
1.02,0.005,1.02,0.2,0.1,0.0,1.0,10.0,-27.38,True
1.02,0.005,1.02,0.2,0.1,0.25,0.75,9.81,-25.25,True
1.02,0.005,1.02,0.2,0.1,0.5,0.5,9.61,-23.07,True
1.02,0.005,1.02,0.2,0.1,0.75,0.25,9.39,-20.85,True
1.02,0.005,1.02,0.2,0.1,1.0,0.0,9.15,-18.58,True
1.02,0.005,1.02,0.2,0.2,0.0,1.0,11.59,-24.85,True
1.02,0.005,1.02,0.2,0.2,0.25,0.75,11.42,-22.86,True
1.02,0.005,1.02,0.2,0.2,0.5,0.5,11.25,-21.64,True
1.02,0.005,1.02,0.2,0.2,0.75,0.25,11.06,-21.53,True
1.02,0.005,1.02,0.2,0.2,1.0,0.0,10.86,-21.48,True
1.02,0.005,1.02,0.2,0.3,0.0,1.0,12.64,-27.33,True
1.02,0.005,1.02,0.2,0.3,0.25,0.75,12.48,-26.39,True
1.02,0.005,1.02,0.2,0.3,0.5,0.5,12.32,-25.44,True
1.02,0.005,1.02,0.2,0.3,0.75,0.25,12.15,-24.48,True
1.02,0.005,1.02,0.2,0.3,1.0,0.0,11.98,-24.3,True
1.02,0.005,1.02,0.3,0.0,0.0,1.0,8.0,-31.77,True
1.02,0.005,1.02,0.3,0.0,0.25,0.75,7.78,-29.4,True
1.02,0.005,1.02,0.3,0.0,0.5,0.5,7.53,-26.97,True
1.02,0.005,1.02,0.3,0.0,0.75,0.25,7.24,-24.48,True
1.02,0.005,1.02,0.3,0.0,1.0,0.0,6.9,-21.91,True
1.02,0.005,1.02,0.3,0.1,0.0,1.0,10.67,-29.1,True
1.02,0.005,1.02,0.3,0.1,0.25,0.75,10.44,-26.87,True
1.02,0.005,1.02,0.3,0.1,0.5,0.5,10.2,-24.59,True
1.02,0.005,1.02,0.3,0.1,0.75,0.25,9.94,-22.24,True
1.02,0.005,1.02,0.3,0.1,1.0,0.0,9.66,-19.85,True
1.02,0.005,1.02,0.3,0.2,0.0,1.0,12.04,-26.4,True
1.02,0.005,1.02,0.3,0.2,0.25,0.75,11.84,-24.29,True
1.02,0.005,1.02,0.3,0.2,0.5,0.5,11.61,-22.25,True
1.02,0.005,1.02,0.3,0.2,0.75,0.25,11.38,-21.11,True
1.02,0.005,1.02,0.3,0.2,1.0,0.0,11.13,-20.88,True
1.02,0.005,1.02,0.3,0.3,0.0,1.0,13.0,-27.6,True
1.02,0.005,1.02,0.3,0.3,0.25,0.75,12.84,-26.67,True
1.02,0.005,1.02,0.3,0.3,0.5,0.5,12.66,-25.73,True
1.02,0.005,1.02,0.3,0.3,0.75,0.25,12.46,-24.75,True
1.02,0.005,1.02,0.3,0.3,1.0,0.0,12.25,-23.74,True
1.02,0.005,1.02,0.4,0.0,0.0,1.0,8.83,-33.25,True
1.02,0.005,1.02,0.4,0.0,0.25,0.75,8.58,-30.8,True
1.02,0.005,1.02,0.4,0.0,0.5,0.5,8.29,-28.28,True
1.02,0.005,1.02,0.4,0.0,0.75,0.25,7.95,-25.68,True
1.02,0.005,1.02,0.4,0.0,1.0,0.0,7.57,-23.0,True
1.02,0.005,1.02,0.4,0.1,0.0,1.0,11.11,-30.63,True
1.02,0.005,1.02,0.4,0.1,0.25,0.75,10.86,-28.3,True
1.02,0.005,1.02,0.4,0.1,0.5,0.5,10.6,-25.91,True
1.02,0.005,1.02,0.4,0.1,0.75,0.25,10.3,-23.45,True
1.02,0.005,1.02,0.4,0.1,1.0,0.0,9.98,-20.95,True
1.02,0.005,1.02,0.4,0.2,0.0,1.0,12.37,-27.89,True
1.02,0.005,1.02,0.4,0.2,0.25,0.75,12.15,-25.69,True
1.02,0.005,1.02,0.4,0.2,0.5,0.5,11.91,-23.44,True
1.02,0.005,1.02,0.4,0.2,0.75,0.25,11.67,-21.3,True
1.02,0.005,1.02,0.4,0.2,1.0,0.0,11.41,-20.18,True
1.02,0.005,1.02,0.4,0.3,0.0,1.0,13.07,-27.76,True
1.02,0.005,1.02,0.4,0.3,0.25,0.75,12.91,-26.82,True
1.02,0.005,1.02,0.4,0.3,0.5,0.5,12.74,-25.88,True
1.02,0.005,1.02,0.4,0.3,0.75,0.25,12.54,-24.93,True
1.02,0.005,1.02,0.4,0.3,1.0,0.0,12.32,-23.97,True
1.02,0.01,0.95,0.1,0.0,0.0,1.0,15.92,-27.72,True
1.02,0.01,0.95,0.1,0.0,0.25,0.75,15.26,-26.23,True
1.02,0.01,0.95,0.1,0.0,0.5,0.5,14.52,-24.45,True
1.02,0.01,0.95,0.1,0.0,0.75,0.25,13.69,-22.21,True
1.02,0.01,0.95,0.1,0.0,1.0,0.0,12.76,-19.3,True
1.02,0.01,0.95,0.1,0.1,0.0,1.0,16.76,-27.93,True
1.02,0.01,0.95,0.1,0.1,0.25,0.75,16.13,-26.61,True
1.02,0.01,0.95,0.1,0.1,0.5,0.5,15.44,-25.02,True
1.02,0.01,0.95,0.1,0.1,0.75,0.25,14.68,-23.07,True
1.02,0.01,0.95,0.1,0.1,1.0,0.0,13.85,-20.65,True
1.02,0.01,0.95,0.1,0.2,0.0,1.0,17.4,-28.15,True
1.02,0.01,0.95,0.1,0.2,0.25,0.75,16.79,-26.93,True
1.02,0.01,0.95,0.1,0.2,0.5,0.5,16.14,-25.51,True
1.02,0.01,0.95,0.1,0.2,0.75,0.25,15.44,-23.81,True
1.02,0.01,0.95,0.1,0.2,1.0,0.0,14.69,-21.77,True
1.02,0.01,0.95,0.1,0.3,0.0,1.0,17.78,-28.37,True
1.02,0.01,0.95,0.1,0.3,0.25,0.75,17.21,-27.26,True
1.02,0.01,0.95,0.1,0.3,0.5,0.5,16.59,-25.99,True
1.02,0.01,0.95,0.1,0.3,0.75,0.25,15.92,-24.54,True
1.02,0.01,0.95,0.1,0.3,1.0,0.0,15.23,-22.87,True
1.02,0.01,0.95,0.2,0.0,0.0,1.0,20.07,-36.16,True
1.02,0.01,0.95,0.2,0.0,0.25,0.75,19.19,-33.51,True
1.02,0.01,0.95,0.2,0.0,0.5,0.5,18.2,-30.69,True
1.02,0.01,0.95,0.2,0.0,0.75,0.25,17.1,-27.66,True
1.02,0.01,0.95,0.2,0.0,1.0,0.0,15.87,-24.4,True
1.02,0.01,0.95,0.2,0.1,0.0,1.0,20.15,-33.74,True
1.02,0.01,0.95,0.2,0.1,0.25,0.75,19.29,-31.09,True
1.02,0.01,0.95,0.2,0.1,0.5,0.5,18.34,-28.28,True
1.02,0.01,0.95,0.2,0.1,0.75,0.25,17.3,-25.29,True
1.02,0.01,0.95,0.2,0.1,1.0,0.0,16.17,-22.1,True
1.02,0.01,0.95,0.2,0.2,0.0,1.0,20.02,-30.86,True
1.02,0.01,0.95,0.2,0.2,0.25,0.75,19.22,-28.26,True
1.02,0.01,0.95,0.2,0.2,0.5,0.5,18.34,-25.52,True
1.02,0.01,0.95,0.2,0.2,0.75,0.25,17.39,-23.54,True
1.02,0.01,0.95,0.2,0.2,1.0,0.0,16.36,-21.71,True
1.02,0.01,0.95,0.2,0.3,0.0,1.0,19.6,-30.78,True
1.02,0.01,0.95,0.2,0.3,0.25,0.75,18.88,-29.47,True
1.02,0.01,0.95,0.2,0.3,0.5,0.5,18.11,-28.13,True
1.02,0.01,0.95,0.2,0.3,0.75,0.25,17.26,-26.78,True
1.02,0.01,0.95,0.2,0.3,1.0,0.0,16.36,-25.39,True
1.02,0.01,0.95,0.3,0.0,0.0,1.0,20.83,-39.5,True
1.02,0.01,0.95,0.3,0.0,0.25,0.75,19.93,-36.63,True
1.02,0.01,0.95,0.3,0.0,0.5,0.5,18.92,-33.57,True
1.02,0.01,0.95,0.3,0.0,0.75,0.25,17.79,-30.3,True
1.02,0.01,0.95,0.3,0.0,1.0,0.0,16.53,-26.8,True
1.02,0.01,0.95,0.3,0.1,0.0,1.0,20.35,-37.12,True
1.02,0.01,0.95,0.3,0.1,0.25,0.75,19.52,-34.27,True
1.02,0.01,0.95,0.3,0.1,0.5,0.5,18.6,-31.25,True
1.02,0.01,0.95,0.3,0.1,0.75,0.25,17.58,-28.04,True
1.02,0.01,0.95,0.3,0.1,1.0,0.0,16.45,-24.61,True
1.02,0.01,0.95,0.3,0.2,0.0,1.0,19.79,-34.37,True
1.02,0.01,0.95,0.3,0.2,0.25,0.75,19.04,-31.56,True
1.02,0.01,0.95,0.3,0.2,0.5,0.5,18.21,-28.59,True
1.02,0.01,0.95,0.3,0.2,0.75,0.25,17.29,-25.99,True
1.02,0.01,0.95,0.3,0.2,1.0,0.0,16.29,-24.19,True
1.02,0.01,0.95,0.3,0.3,0.0,1.0,19.12,-34.81,True
1.02,0.01,0.95,0.3,0.3,0.25,0.75,18.48,-33.16,True
1.02,0.01,0.95,0.3,0.3,0.5,0.5,17.76,-31.49,True
1.02,0.01,0.95,0.3,0.3,0.75,0.25,16.97,-29.79,True
1.02,0.01,0.95,0.3,0.3,1.0,0.0,16.13,-28.06,True
1.02,0.01,0.95,0.4,0.0,0.0,1.0,20.44,-42.67,True
1.02,0.01,0.95,0.4,0.0,0.25,0.75,19.6,-39.61,True
1.02,0.01,0.95,0.4,0.0,0.5,0.5,18.65,-36.35,True
1.02,0.01,0.95,0.4,0.0,0.75,0.25,17.58,-32.88,True
1.02,0.01,0.95,0.4,0.0,1.0,0.0,16.37,-29.16,True
1.02,0.01,0.95,0.4,0.1,0.0,1.0,19.84,-40.1,True
1.02,0.01,0.95,0.4,0.1,0.25,0.75,19.08,-37.05,True
1.02,0.01,0.95,0.4,0.1,0.5,0.5,18.22,-33.84,True
1.02,0.01,0.95,0.4,0.1,0.75,0.25,17.27,-30.42,True
1.02,0.01,0.95,0.4,0.1,1.0,0.0,16.2,-26.8,True
1.02,0.01,0.95,0.4,0.2,0.0,1.0,19.2,-37.31,True
1.02,0.01,0.95,0.4,0.2,0.25,0.75,18.55,-34.31,True
1.02,0.01,0.95,0.4,0.2,0.5,0.5,17.81,-31.15,True
1.02,0.01,0.95,0.4,0.2,0.75,0.25,16.99,-28.87,True
1.02,0.01,0.95,0.4,0.2,1.0,0.0,16.08,-26.74,True
1.02,0.01,0.95,0.4,0.3,0.0,1.0,18.86,-38.49,True
1.02,0.01,0.95,0.4,0.3,0.25,0.75,18.29,-36.54,True
1.02,0.01,0.95,0.4,0.3,0.5,0.5,17.63,-34.56,True
1.02,0.01,0.95,0.4,0.3,0.75,0.25,16.9,-32.54,True
1.02,0.01,0.95,0.4,0.3,1.0,0.0,16.1,-30.49,True
1.02,0.01,0.97,0.1,0.0,0.0,1.0,11.25,-25.13,True
1.02,0.01,0.97,0.1,0.0,0.25,0.75,10.89,-23.21,True
1.02,0.01,0.97,0.1,0.0,0.5,0.5,10.46,-21.27,True
1.02,0.01,0.97,0.1,0.0,0.75,0.25,9.95,-19.31,True
1.02,0.01,0.97,0.1,0.0,1.0,0.0,9.35,-17.33,True
1.02,0.01,0.97,0.1,0.1,0.0,1.0,12.95,-23.41,True
1.02,0.01,0.97,0.1,0.1,0.25,0.75,12.62,-22.51,True
1.02,0.01,0.97,0.1,0.1,0.5,0.5,12.25,-21.45,True
1.02,0.01,0.97,0.1,0.1,0.75,0.25,11.82,-20.16,True
1.02,0.01,0.97,0.1,0.1,1.0,0.0,11.33,-18.59,True
1.02,0.01,0.97,0.1,0.2,0.0,1.0,13.88,-24.57,True
1.02,0.01,0.97,0.1,0.2,0.25,0.75,13.6,-23.89,True
1.02,0.01,0.97,0.1,0.2,0.5,0.5,13.27,-23.11,True
1.02,0.01,0.97,0.1,0.2,0.75,0.25,12.91,-22.22,True
1.02,0.01,0.97,0.1,0.2,1.0,0.0,12.5,-21.19,True
1.02,0.01,0.97,0.1,0.3,0.0,1.0,14.78,-26.85,True
1.02,0.01,0.97,0.1,0.3,0.25,0.75,14.5,-25.89,True
1.02,0.01,0.97,0.1,0.3,0.5,0.5,14.18,-24.95,True
1.02,0.01,0.97,0.1,0.3,0.75,0.25,13.84,-24.02,True
1.02,0.01,0.97,0.1,0.3,1.0,0.0,13.46,-23.1,True
1.02,0.01,0.97,0.2,0.0,0.0,1.0,15.11,-31.5,True
1.02,0.01,0.97,0.2,0.0,0.25,0.75,14.55,-29.13,True
1.02,0.01,0.97,0.2,0.0,0.5,0.5,13.91,-26.73,True
1.02,0.01,0.97,0.2,0.0,0.75,0.25,13.16,-24.3,True
1.02,0.01,0.97,0.2,0.0,1.0,0.0,12.3,-21.82,True
1.02,0.01,0.97,0.2,0.1,0.0,1.0,15.74,-26.25,True
1.02,0.01,0.97,0.2,0.1,0.25,0.75,15.22,-24.07,True
1.02,0.01,0.97,0.2,0.1,0.5,0.5,14.63,-21.77,True
1.02,0.01,0.97,0.2,0.1,0.75,0.25,13.96,-19.61,True
1.02,0.01,0.97,0.2,0.1,1.0,0.0,13.22,-17.89,True
1.02,0.01,0.97,0.2,0.2,0.0,1.0,16.08,-25.34,True
1.02,0.01,0.97,0.2,0.2,0.25,0.75,15.61,-24.11,True
1.02,0.01,0.97,0.2,0.2,0.5,0.5,15.09,-22.88,True
1.02,0.01,0.97,0.2,0.2,0.75,0.25,14.5,-21.66,True
1.02,0.01,0.97,0.2,0.2,1.0,0.0,13.86,-20.44,True
1.02,0.01,0.97,0.2,0.3,0.0,1.0,16.23,-28.44,True
1.02,0.01,0.97,0.2,0.3,0.25,0.75,15.8,-27.33,True
1.02,0.01,0.97,0.2,0.3,0.5,0.5,15.33,-26.22,True
1.02,0.01,0.97,0.2,0.3,0.75,0.25,14.82,-25.11,True
1.02,0.01,0.97,0.2,0.3,1.0,0.0,14.28,-24.01,True
1.02,0.01,0.97,0.3,0.0,0.0,1.0,16.15,-34.77,True
1.02,0.01,0.97,0.3,0.0,0.25,0.75,15.54,-32.11,True
1.02,0.01,0.97,0.3,0.0,0.5,0.5,14.85,-29.38,True
1.02,0.01,0.97,0.3,0.0,0.75,0.25,14.05,-26.58,True
1.02,0.01,0.97,0.3,0.0,1.0,0.0,13.13,-23.7,True
1.02,0.01,0.97,0.3,0.1,0.0,1.0,16.17,-34.0,True
1.02,0.01,0.97,0.3,0.1,0.25,0.75,15.64,-31.41,True
1.02,0.01,0.97,0.3,0.1,0.5,0.5,15.04,-28.73,True
1.02,0.01,0.97,0.3,0.1,0.75,0.25,14.35,-25.98,True
1.02,0.01,0.97,0.3,0.1,1.0,0.0,13.57,-23.14,True
1.02,0.01,0.97,0.3,0.2,0.0,1.0,16.19,-29.74,True
1.02,0.01,0.97,0.3,0.2,0.25,0.75,15.71,-27.43,True
1.02,0.01,0.97,0.3,0.2,0.5,0.5,15.17,-25.04,True
1.02,0.01,0.97,0.3,0.2,0.75,0.25,14.57,-23.5,True
1.02,0.01,0.97,0.3,0.2,1.0,0.0,13.93,-22.08,True
1.02,0.01,0.97,0.3,0.3,0.0,1.0,16.29,-31.33,True
1.02,0.01,0.97,0.3,0.3,0.25,0.75,15.88,-29.99,True
1.02,0.01,0.97,0.3,0.3,0.5,0.5,15.42,-28.64,True
1.02,0.01,0.97,0.3,0.3,0.75,0.25,14.91,-27.3,True
1.02,0.01,0.97,0.3,0.3,1.0,0.0,14.37,-25.95,True
1.02,0.01,0.97,0.4,0.0,0.0,1.0,16.15,-37.45,True
1.02,0.01,0.97,0.4,0.0,0.25,0.75,15.57,-34.62,True
1.02,0.01,0.97,0.4,0.0,0.5,0.5,14.9,-31.71,True
1.02,0.01,0.97,0.4,0.0,0.75,0.25,14.13,-28.72,True
1.02,0.01,0.97,0.4,0.0,1.0,0.0,13.23,-25.63,True
1.02,0.01,0.97,0.4,0.1,0.0,1.0,16.18,-33.12,True
1.02,0.01,0.97,0.4,0.1,0.25,0.75,15.66,-30.58,True
1.02,0.01,0.97,0.4,0.1,0.5,0.5,15.06,-27.97,True
1.02,0.01,0.97,0.4,0.1,0.75,0.25,14.39,-25.26,True
1.02,0.01,0.97,0.4,0.1,1.0,0.0,13.63,-22.48,True
1.02,0.01,0.97,0.4,0.2,0.0,1.0,16.33,-30.61,True
1.02,0.01,0.97,0.4,0.2,0.25,0.75,15.86,-28.98,True
1.02,0.01,0.97,0.4,0.2,0.5,0.5,15.33,-27.34,True
1.02,0.01,0.97,0.4,0.2,0.75,0.25,14.74,-25.7,True
1.02,0.01,0.97,0.4,0.2,1.0,0.0,14.1,-24.05,True
1.02,0.01,0.97,0.4,0.3,0.0,1.0,16.56,-33.97,True
1.02,0.01,0.97,0.4,0.3,0.25,0.75,16.13,-32.42,True
1.02,0.01,0.97,0.4,0.3,0.5,0.5,15.65,-30.87,True
1.02,0.01,0.97,0.4,0.3,0.75,0.25,15.13,-29.31,True
1.02,0.01,0.97,0.4,0.3,1.0,0.0,14.56,-27.75,True
1.02,0.01,0.99,0.1,0.0,0.0,1.0,5.62,-28.56,True
1.02,0.01,0.99,0.1,0.0,0.25,0.75,5.52,-26.49,True
1.02,0.01,0.99,0.1,0.0,0.5,0.5,5.38,-24.39,True
1.02,0.01,0.99,0.1,0.0,0.75,0.25,5.19,-22.26,True
1.02,0.01,0.99,0.1,0.0,1.0,0.0,4.96,-20.11,True
1.02,0.01,0.99,0.1,0.1,0.0,1.0,8.92,-22.57,True
1.02,0.01,0.99,0.1,0.1,0.25,0.75,8.85,-21.7,True
1.02,0.01,0.99,0.1,0.1,0.5,0.5,8.74,-21.03,True
1.02,0.01,0.99,0.1,0.1,0.75,0.25,8.61,-20.45,True
1.02,0.01,0.99,0.1,0.1,1.0,0.0,8.46,-19.96,True
1.02,0.01,0.99,0.1,0.2,0.0,1.0,10.52,-25.73,True
1.02,0.01,0.99,0.1,0.2,0.25,0.75,10.48,-25.24,True
1.02,0.01,0.99,0.1,0.2,0.5,0.5,10.42,-24.82,True
1.02,0.01,0.99,0.1,0.2,0.75,0.25,10.33,-24.48,True
1.02,0.01,0.99,0.1,0.2,1.0,0.0,10.23,-24.24,True
1.02,0.01,0.99,0.1,0.3,0.0,1.0,11.8,-27.65,True
1.02,0.01,0.99,0.1,0.3,0.25,0.75,11.76,-27.29,True
1.02,0.01,0.99,0.1,0.3,0.5,0.5,11.71,-26.99,True
1.02,0.01,0.99,0.1,0.3,0.75,0.25,11.65,-26.77,True
1.02,0.01,0.99,0.1,0.3,1.0,0.0,11.56,-26.64,True
1.02,0.01,0.99,0.2,0.0,0.0,1.0,6.84,-26.35,True
1.02,0.01,0.99,0.2,0.0,0.25,0.75,6.77,-24.37,True
1.02,0.01,0.99,0.2,0.0,0.5,0.5,6.65,-22.37,True
1.02,0.01,0.99,0.2,0.0,0.75,0.25,6.45,-20.35,True
1.02,0.01,0.99,0.2,0.0,1.0,0.0,6.18,-18.32,True
1.02,0.01,0.99,0.2,0.1,0.0,1.0,9.41,-23.87,True
1.02,0.01,0.99,0.2,0.1,0.25,0.75,9.36,-21.95,True
1.02,0.01,0.99,0.2,0.1,0.5,0.5,9.27,-20.96,True
1.02,0.01,0.99,0.2,0.1,0.75,0.25,9.15,-20.3,True
1.02,0.01,0.99,0.2,0.1,1.0,0.0,8.98,-19.73,True
1.02,0.01,0.99,0.2,0.2,0.0,1.0,11.01,-25.38,True
1.02,0.01,0.99,0.2,0.2,0.25,0.75,10.96,-24.82,True
1.02,0.01,0.99,0.2,0.2,0.5,0.5,10.89,-24.33,True
1.02,0.01,0.99,0.2,0.2,0.75,0.25,10.8,-23.92,True
1.02,0.01,0.99,0.2,0.2,1.0,0.0,10.68,-23.63,True
1.02,0.01,0.99,0.2,0.3,0.0,1.0,12.2,-29.59,True
1.02,0.01,0.99,0.2,0.3,0.25,0.75,12.15,-28.5,True
1.02,0.01,0.99,0.2,0.3,0.5,0.5,12.08,-27.42,True
1.02,0.01,0.99,0.2,0.3,0.75,0.25,11.99,-26.35,True
1.02,0.01,0.99,0.2,0.3,1.0,0.0,11.88,-25.92,True
1.02,0.01,0.99,0.3,0.0,0.0,1.0,7.34,-32.27,True
1.02,0.01,0.99,0.3,0.0,0.25,0.75,7.28,-29.79,True
1.02,0.01,0.99,0.3,0.0,0.5,0.5,7.16,-27.22,True
1.02,0.01,0.99,0.3,0.0,0.75,0.25,6.96,-24.56,True
1.02,0.01,0.99,0.3,0.0,1.0,0.0,6.68,-21.81,True
1.02,0.01,0.99,0.3,0.1,0.0,1.0,9.84,-28.9,True
1.02,0.01,0.99,0.3,0.1,0.25,0.75,9.77,-26.74,True
1.02,0.01,0.99,0.3,0.1,0.5,0.5,9.67,-24.48,True
1.02,0.01,0.99,0.3,0.1,0.75,0.25,9.52,-22.12,True
1.02,0.01,0.99,0.3,0.1,1.0,0.0,9.33,-19.65,True
1.02,0.01,0.99,0.3,0.2,0.0,1.0,11.46,-28.33,True
1.02,0.01,0.99,0.3,0.2,0.25,0.75,11.37,-26.95,True
1.02,0.01,0.99,0.3,0.2,0.5,0.5,11.26,-25.56,True
1.02,0.01,0.99,0.3,0.2,0.75,0.25,11.13,-24.19,True
1.02,0.01,0.99,0.3,0.2,1.0,0.0,10.96,-22.94,True
1.02,0.01,0.99,0.3,0.3,0.0,1.0,12.7,-32.0,True
1.02,0.01,0.99,0.3,0.3,0.25,0.75,12.6,-30.71,True
1.02,0.01,0.99,0.3,0.3,0.5,0.5,12.49,-29.42,True
1.02,0.01,0.99,0.3,0.3,0.75,0.25,12.35,-28.14,True
1.02,0.01,0.99,0.3,0.3,1.0,0.0,12.2,-26.87,True
1.02,0.01,0.99,0.4,0.0,0.0,1.0,7.83,-34.34,True
1.02,0.01,0.99,0.4,0.0,0.25,0.75,7.77,-31.72,True
1.02,0.01,0.99,0.4,0.0,0.5,0.5,7.64,-29.01,True
1.02,0.01,0.99,0.4,0.0,0.75,0.25,7.43,-26.2,True
1.02,0.01,0.99,0.4,0.0,1.0,0.0,7.13,-23.28,True
1.02,0.01,0.99,0.4,0.1,0.0,1.0,10.35,-28.9,True
1.02,0.01,0.99,0.4,0.1,0.25,0.75,10.25,-26.74,True
1.02,0.01,0.99,0.4,0.1,0.5,0.5,10.1,-24.47,True
1.02,0.01,0.99,0.4,0.1,0.75,0.25,9.92,-22.09,True
1.02,0.01,0.99,0.4,0.1,1.0,0.0,9.68,-19.77,True
1.02,0.01,0.99,0.4,0.2,0.0,1.0,12.01,-30.64,True
1.02,0.01,0.99,0.4,0.2,0.25,0.75,11.88,-29.07,True
1.02,0.01,0.99,0.4,0.2,0.5,0.5,11.72,-27.5,True
1.02,0.01,0.99,0.4,0.2,0.75,0.25,11.54,-25.93,True
1.02,0.01,0.99,0.4,0.2,1.0,0.0,11.33,-24.37,True
1.02,0.01,0.99,0.4,0.3,0.0,1.0,13.28,-34.14,True
1.02,0.01,0.99,0.4,0.3,0.25,0.75,13.14,-32.67,True
1.02,0.01,0.99,0.4,0.3,0.5,0.5,12.98,-31.19,True
1.02,0.01,0.99,0.4,0.3,0.75,0.25,12.8,-29.73,True
1.02,0.01,0.99,0.4,0.3,1.0,0.0,12.59,-28.27,True
1.02,0.01,1.0,0.1,0.0,0.0,1.0,0.98,-24.0,True
1.02,0.01,1.0,0.1,0.0,0.25,0.75,1.16,-22.09,True
1.02,0.01,1.0,0.1,0.0,0.5,0.5,1.33,-20.1,True
1.02,0.01,1.0,0.1,0.0,0.75,0.25,1.48,-18.01,True
1.02,0.01,1.0,0.1,0.0,1.0,0.0,1.61,-15.81,True
1.02,0.01,1.0,0.1,0.1,0.0,1.0,7.16,-25.16,True
1.02,0.01,1.0,0.1,0.1,0.25,0.75,7.18,-24.55,True
1.02,0.01,1.0,0.1,0.1,0.5,0.5,7.2,-23.95,True
1.02,0.01,1.0,0.1,0.1,0.75,0.25,7.2,-23.36,True
1.02,0.01,1.0,0.1,0.1,1.0,0.0,7.2,-22.78,True
1.02,0.01,1.0,0.1,0.2,0.0,1.0,9.67,-27.56,True
1.02,0.01,1.0,0.1,0.2,0.25,0.75,9.66,-27.17,True
1.02,0.01,1.0,0.1,0.2,0.5,0.5,9.65,-26.8,True
1.02,0.01,1.0,0.1,0.2,0.75,0.25,9.63,-26.46,True
1.02,0.01,1.0,0.1,0.2,1.0,0.0,9.61,-26.13,True
1.02,0.01,1.0,0.1,0.3,0.0,1.0,11.33,-28.63,True
1.02,0.01,1.0,0.1,0.3,0.25,0.75,11.3,-28.38,True
1.02,0.01,1.0,0.1,0.3,0.5,0.5,11.27,-28.15,True
1.02,0.01,1.0,0.1,0.3,0.75,0.25,11.24,-27.95,True
1.02,0.01,1.0,0.1,0.3,1.0,0.0,11.2,-27.77,True
1.02,0.01,1.0,0.2,0.0,0.0,1.0,3.62,-25.99,True
1.02,0.01,1.0,0.2,0.0,0.25,0.75,3.71,-23.89,True
1.02,0.01,1.0,0.2,0.0,0.5,0.5,3.77,-21.69,True
1.02,0.01,1.0,0.2,0.0,0.75,0.25,3.8,-19.39,True
1.02,0.01,1.0,0.2,0.0,1.0,0.0,3.8,-16.95,True
1.02,0.01,1.0,0.2,0.1,0.0,1.0,8.25,-23.11,True
1.02,0.01,1.0,0.2,0.1,0.25,0.75,8.24,-22.46,True
1.02,0.01,1.0,0.2,0.1,0.5,0.5,8.21,-21.83,True
1.02,0.01,1.0,0.2,0.1,0.75,0.25,8.17,-21.25,True
1.02,0.01,1.0,0.2,0.1,1.0,0.0,8.1,-20.7,True
1.02,0.01,1.0,0.2,0.2,0.0,1.0,10.45,-25.67,True
1.02,0.01,1.0,0.2,0.2,0.25,0.75,10.42,-25.25,True
1.02,0.01,1.0,0.2,0.2,0.5,0.5,10.37,-24.87,True
1.02,0.01,1.0,0.2,0.2,0.75,0.25,10.32,-24.53,True
1.02,0.01,1.0,0.2,0.2,1.0,0.0,10.24,-24.25,True
1.02,0.01,1.0,0.2,0.3,0.0,1.0,11.85,-27.12,True
1.02,0.01,1.0,0.2,0.3,0.25,0.75,11.81,-26.84,True
1.02,0.01,1.0,0.2,0.3,0.5,0.5,11.76,-26.61,True
1.02,0.01,1.0,0.2,0.3,0.75,0.25,11.69,-26.42,True
1.02,0.01,1.0,0.2,0.3,1.0,0.0,11.62,-26.29,True
1.02,0.01,1.0,0.3,0.0,0.0,1.0,5.06,-26.43,True
1.02,0.01,1.0,0.3,0.0,0.25,0.75,5.09,-24.31,True
1.02,0.01,1.0,0.3,0.0,0.5,0.5,5.08,-22.13,True
1.02,0.01,1.0,0.3,0.0,0.75,0.25,5.03,-19.88,True
1.02,0.01,1.0,0.3,0.0,1.0,0.0,4.93,-17.56,True
1.02,0.01,1.0,0.3,0.1,0.0,1.0,8.98,-24.74,True
1.02,0.01,1.0,0.3,0.1,0.25,0.75,8.94,-22.72,True
1.02,0.01,1.0,0.3,0.1,0.5,0.5,8.87,-20.7,True
1.02,0.01,1.0,0.3,0.1,0.75,0.25,8.79,-20.1,True
1.02,0.01,1.0,0.3,0.1,1.0,0.0,8.68,-19.57,True
1.02,0.01,1.0,0.3,0.2,0.0,1.0,10.91,-24.61,True
1.02,0.01,1.0,0.3,0.2,0.25,0.75,10.84,-24.18,True
1.02,0.01,1.0,0.3,0.2,0.5,0.5,10.76,-23.81,True
1.02,0.01,1.0,0.3,0.2,0.75,0.25,10.67,-23.49,True
1.02,0.01,1.0,0.3,0.2,1.0,0.0,10.56,-23.25,True
1.02,0.01,1.0,0.3,0.3,0.0,1.0,12.29,-25.96,True
1.02,0.01,1.0,0.3,0.3,0.25,0.75,12.21,-25.68,True
1.02,0.01,1.0,0.3,0.3,0.5,0.5,12.13,-25.46,True
1.02,0.01,1.0,0.3,0.3,0.75,0.25,12.03,-25.3,True
1.02,0.01,1.0,0.3,0.3,1.0,0.0,11.92,-25.21,True
1.02,0.01,1.0,0.4,0.0,0.0,1.0,5.99,-28.39,True
1.02,0.01,1.0,0.4,0.0,0.25,0.75,5.98,-26.14,True
1.02,0.01,1.0,0.4,0.0,0.5,0.5,5.93,-23.81,True
1.02,0.01,1.0,0.4,0.0,0.75,0.25,5.83,-21.4,True
1.02,0.01,1.0,0.4,0.0,1.0,0.0,5.68,-18.91,True
1.02,0.01,1.0,0.4,0.1,0.0,1.0,9.46,-24.79,True
1.02,0.01,1.0,0.4,0.1,0.25,0.75,9.39,-22.77,True
1.02,0.01,1.0,0.4,0.1,0.5,0.5,9.29,-20.68,True
1.02,0.01,1.0,0.4,0.1,0.75,0.25,9.16,-19.36,True
1.02,0.01,1.0,0.4,0.1,1.0,0.0,9.02,-18.84,True
1.02,0.01,1.0,0.4,0.2,0.0,1.0,11.41,-23.54,True
1.02,0.01,1.0,0.4,0.2,0.25,0.75,11.31,-23.11,True
1.02,0.01,1.0,0.4,0.2,0.5,0.5,11.19,-22.74,True
1.02,0.01,1.0,0.4,0.2,0.75,0.25,11.06,-22.44,True
1.02,0.01,1.0,0.4,0.2,1.0,0.0,10.91,-22.22,True
1.02,0.01,1.0,0.4,0.3,0.0,1.0,12.77,-26.25,True
1.02,0.01,1.0,0.4,0.3,0.25,0.75,12.67,-25.39,True
1.02,0.01,1.0,0.4,0.3,0.5,0.5,12.55,-24.55,True
1.02,0.01,1.0,0.4,0.3,0.75,0.25,12.4,-24.22,True
1.02,0.01,1.0,0.4,0.3,1.0,0.0,12.21,-24.23,True
1.02,0.01,1.01,0.1,0.0,0.0,1.0,4.95,-17.54,True
1.02,0.01,1.01,0.1,0.0,0.25,0.75,4.78,-15.96,True
1.02,0.01,1.01,0.1,0.0,0.5,0.5,4.59,-14.36,True
1.02,0.01,1.01,0.1,0.0,0.75,0.25,4.39,-12.74,True
1.02,0.01,1.01,0.1,0.0,1.0,0.0,4.17,-11.09,True
1.02,0.01,1.01,0.1,0.1,0.0,1.0,8.81,-14.75,True
1.02,0.01,1.01,0.1,0.1,0.25,0.75,8.68,-14.94,True
1.02,0.01,1.01,0.1,0.1,0.5,0.5,8.54,-15.19,True
1.02,0.01,1.01,0.1,0.1,0.75,0.25,8.39,-15.47,True
1.02,0.01,1.01,0.1,0.1,1.0,0.0,8.23,-15.79,True
1.02,0.01,1.01,0.1,0.2,0.0,1.0,10.48,-21.26,True
1.02,0.01,1.01,0.1,0.2,0.25,0.75,10.38,-21.42,True
1.02,0.01,1.01,0.1,0.2,0.5,0.5,10.28,-21.62,True
1.02,0.01,1.01,0.1,0.2,0.75,0.25,10.18,-21.85,True
1.02,0.01,1.01,0.1,0.2,1.0,0.0,10.08,-22.11,True
1.02,0.01,1.01,0.1,0.3,0.0,1.0,11.79,-24.43,True
1.02,0.01,1.01,0.1,0.3,0.25,0.75,11.72,-24.54,True
1.02,0.01,1.01,0.1,0.3,0.5,0.5,11.64,-24.69,True
1.02,0.01,1.01,0.1,0.3,0.75,0.25,11.56,-24.88,True
1.02,0.01,1.01,0.1,0.3,1.0,0.0,11.47,-25.1,True
1.02,0.01,1.01,0.2,0.0,0.0,1.0,7.39,-17.92,True
1.02,0.01,1.01,0.2,0.0,0.25,0.75,7.15,-16.43,True
1.02,0.01,1.01,0.2,0.0,0.5,0.5,6.88,-14.93,True
1.02,0.01,1.01,0.2,0.0,0.75,0.25,6.57,-13.42,True
1.02,0.01,1.01,0.2,0.0,1.0,0.0,6.22,-11.9,True
1.02,0.01,1.01,0.2,0.1,0.0,1.0,9.67,-15.43,True
1.02,0.01,1.01,0.2,0.1,0.25,0.75,9.52,-14.14,True
1.02,0.01,1.01,0.2,0.1,0.5,0.5,9.35,-14.08,True
1.02,0.01,1.01,0.2,0.1,0.75,0.25,9.16,-14.31,True
1.02,0.01,1.01,0.2,0.1,1.0,0.0,8.95,-14.6,True
1.02,0.01,1.01,0.2,0.2,0.0,1.0,11.28,-19.26,True
1.02,0.01,1.01,0.2,0.2,0.25,0.75,11.16,-19.41,True
1.02,0.01,1.01,0.2,0.2,0.5,0.5,11.03,-19.63,True
1.02,0.01,1.01,0.2,0.2,0.75,0.25,10.87,-19.91,True
1.02,0.01,1.01,0.2,0.2,1.0,0.0,10.71,-20.27,True
1.02,0.01,1.01,0.2,0.3,0.0,1.0,12.44,-22.5,True
1.02,0.01,1.01,0.2,0.3,0.25,0.75,12.33,-22.66,True
1.02,0.01,1.01,0.2,0.3,0.5,0.5,12.21,-22.88,True
1.02,0.01,1.01,0.2,0.3,0.75,0.25,12.07,-23.18,True
1.02,0.01,1.01,0.2,0.3,1.0,0.0,11.93,-23.55,True
1.02,0.01,1.01,0.3,0.0,0.0,1.0,8.43,-20.02,True
1.02,0.01,1.01,0.3,0.0,0.25,0.75,8.15,-18.42,True
1.02,0.01,1.01,0.3,0.0,0.5,0.5,7.83,-16.8,True
1.02,0.01,1.01,0.3,0.0,0.75,0.25,7.47,-15.17,True
1.02,0.01,1.01,0.3,0.0,1.0,0.0,7.06,-13.52,True
1.02,0.01,1.01,0.3,0.1,0.0,1.0,10.45,-18.9,True
1.02,0.01,1.01,0.3,0.1,0.25,0.75,10.26,-17.34,True
1.02,0.01,1.01,0.3,0.1,0.5,0.5,10.04,-15.76,True
1.02,0.01,1.01,0.3,0.1,0.75,0.25,9.8,-14.17,True
1.02,0.01,1.01,0.3,0.1,1.0,0.0,9.53,-13.66,True
1.02,0.01,1.01,0.3,0.2,0.0,1.0,11.75,-18.47,True
1.02,0.01,1.01,0.3,0.2,0.25,0.75,11.59,-18.6,True
1.02,0.01,1.01,0.3,0.2,0.5,0.5,11.42,-18.81,True
1.02,0.01,1.01,0.3,0.2,0.75,0.25,11.23,-19.09,True
1.02,0.01,1.01,0.3,0.2,1.0,0.0,11.03,-19.45,True
1.02,0.01,1.01,0.3,0.3,0.0,1.0,12.75,-21.84,True
1.02,0.01,1.01,0.3,0.3,0.25,0.75,12.62,-21.98,True
1.02,0.01,1.01,0.3,0.3,0.5,0.5,12.48,-22.19,True
1.02,0.01,1.01,0.3,0.3,0.75,0.25,12.32,-22.47,True
1.02,0.01,1.01,0.3,0.3,1.0,0.0,12.16,-22.83,True
1.02,0.01,1.01,0.4,0.0,0.0,1.0,9.12,-21.84,True
1.02,0.01,1.01,0.4,0.0,0.25,0.75,8.83,-20.12,True
1.02,0.01,1.01,0.4,0.0,0.5,0.5,8.49,-18.37,True
1.02,0.01,1.01,0.4,0.0,0.75,0.25,8.1,-16.6,True
1.02,0.01,1.01,0.4,0.0,1.0,0.0,7.65,-14.8,True
1.02,0.01,1.01,0.4,0.1,0.0,1.0,10.88,-20.38,True
1.02,0.01,1.01,0.4,0.1,0.25,0.75,10.67,-18.71,True
1.02,0.01,1.01,0.4,0.1,0.5,0.5,10.42,-17.02,True
1.02,0.01,1.01,0.4,0.1,0.75,0.25,10.15,-15.31,True
1.02,0.01,1.01,0.4,0.1,1.0,0.0,9.85,-13.58,True
1.02,0.01,1.01,0.4,0.2,0.0,1.0,12.12,-18.88,True
1.02,0.01,1.01,0.4,0.2,0.25,0.75,11.95,-18.0,True
1.02,0.01,1.01,0.4,0.2,0.5,0.5,11.75,-18.17,True
1.02,0.01,1.01,0.4,0.2,0.75,0.25,11.54,-18.44,True
1.02,0.01,1.01,0.4,0.2,1.0,0.0,11.31,-18.8,True
1.02,0.01,1.01,0.4,0.3,0.0,1.0,13.23,-22.56,True
1.02,0.01,1.01,0.4,0.3,0.25,0.75,13.07,-21.98,True
1.02,0.01,1.01,0.4,0.3,0.5,0.5,12.89,-21.41,True
1.02,0.01,1.01,0.4,0.3,0.75,0.25,12.7,-21.48,True
1.02,0.01,1.01,0.4,0.3,1.0,0.0,12.49,-21.87,True
1.02,0.01,1.02,0.1,0.0,0.0,1.0,2.95,-14.19,True
1.02,0.01,1.02,0.1,0.0,0.25,0.75,2.9,-13.03,True
1.02,0.01,1.02,0.1,0.0,0.5,0.5,2.83,-11.84,True
1.02,0.01,1.02,0.1,0.0,0.75,0.25,2.76,-10.61,True
1.02,0.01,1.02,0.1,0.0,1.0,0.0,2.67,-9.35,True
1.02,0.01,1.02,0.1,0.1,0.0,1.0,7.64,-16.46,True
1.02,0.01,1.02,0.1,0.1,0.25,0.75,7.58,-16.6,True
1.02,0.01,1.02,0.1,0.1,0.5,0.5,7.53,-16.75,True
1.02,0.01,1.02,0.1,0.1,0.75,0.25,7.46,-16.93,True
1.02,0.01,1.02,0.1,0.1,1.0,0.0,7.4,-17.11,True
1.02,0.01,1.02,0.1,0.2,0.0,1.0,9.84,-22.35,True
1.02,0.01,1.02,0.1,0.2,0.25,0.75,9.8,-22.46,True
1.02,0.01,1.02,0.1,0.2,0.5,0.5,9.76,-22.59,True
1.02,0.01,1.02,0.1,0.2,0.75,0.25,9.71,-22.73,True
1.02,0.01,1.02,0.1,0.2,1.0,0.0,9.66,-22.9,True
1.02,0.01,1.02,0.1,0.3,0.0,1.0,11.44,-24.89,True
1.02,0.01,1.02,0.1,0.3,0.25,0.75,11.4,-25.02,True
1.02,0.01,1.02,0.1,0.3,0.5,0.5,11.35,-25.16,True
1.02,0.01,1.02,0.1,0.3,0.75,0.25,11.3,-25.33,True
1.02,0.01,1.02,0.1,0.3,1.0,0.0,11.24,-25.53,True
1.02,0.01,1.02,0.2,0.0,0.0,1.0,5.01,-19.09,True
1.02,0.01,1.02,0.2,0.0,0.25,0.75,4.89,-17.64,True
1.02,0.01,1.02,0.2,0.0,0.5,0.5,4.75,-16.13,True
1.02,0.01,1.02,0.2,0.0,0.75,0.25,4.59,-14.55,True
1.02,0.01,1.02,0.2,0.0,1.0,0.0,4.39,-12.89,True
1.02,0.01,1.02,0.2,0.1,0.0,1.0,8.81,-15.49,True
1.02,0.01,1.02,0.2,0.1,0.25,0.75,8.7,-14.52,True
1.02,0.01,1.02,0.2,0.1,0.5,0.5,8.59,-14.69,True
1.02,0.01,1.02,0.2,0.1,0.75,0.25,8.46,-14.89,True
1.02,0.01,1.02,0.2,0.1,1.0,0.0,8.32,-15.15,True
1.02,0.01,1.02,0.2,0.2,0.0,1.0,10.9,-19.49,True
1.02,0.01,1.02,0.2,0.2,0.25,0.75,10.8,-19.69,True
1.02,0.01,1.02,0.2,0.2,0.5,0.5,10.69,-19.92,True
1.02,0.01,1.02,0.2,0.2,0.75,0.25,10.56,-20.2,True
1.02,0.01,1.02,0.2,0.2,1.0,0.0,10.42,-20.53,True
1.02,0.01,1.02,0.2,0.3,0.0,1.0,12.29,-22.35,True
1.02,0.01,1.02,0.2,0.3,0.25,0.75,12.17,-22.61,True
1.02,0.01,1.02,0.2,0.3,0.5,0.5,12.05,-22.9,True
1.02,0.01,1.02,0.2,0.3,0.75,0.25,11.92,-23.22,True
1.02,0.01,1.02,0.2,0.3,1.0,0.0,11.79,-23.57,True
1.02,0.01,1.02,0.3,0.0,0.0,1.0,6.34,-21.44,True
1.02,0.01,1.02,0.3,0.0,0.25,0.75,6.16,-19.81,True
1.02,0.01,1.02,0.3,0.0,0.5,0.5,5.96,-18.11,True
1.02,0.01,1.02,0.3,0.0,0.75,0.25,5.72,-16.34,True
1.02,0.01,1.02,0.3,0.0,1.0,0.0,5.45,-14.48,True
1.02,0.01,1.02,0.3,0.1,0.0,1.0,9.81,-17.79,True
1.02,0.01,1.02,0.3,0.1,0.25,0.75,9.64,-16.3,True
1.02,0.01,1.02,0.3,0.1,0.5,0.5,9.46,-14.8,True
1.02,0.01,1.02,0.3,0.1,0.75,0.25,9.25,-13.92,True
1.02,0.01,1.02,0.3,0.1,1.0,0.0,9.03,-14.19,True
1.02,0.01,1.02,0.3,0.2,0.0,1.0,11.57,-18.42,True
1.02,0.01,1.02,0.3,0.2,0.25,0.75,11.4,-18.64,True
1.02,0.01,1.02,0.3,0.2,0.5,0.5,11.23,-18.92,True
1.02,0.01,1.02,0.3,0.2,0.75,0.25,11.04,-19.25,True
1.02,0.01,1.02,0.3,0.2,1.0,0.0,10.85,-19.62,True
1.02,0.01,1.02,0.3,0.3,0.0,1.0,12.77,-21.54,True
1.02,0.01,1.02,0.3,0.3,0.25,0.75,12.62,-21.79,True
1.02,0.01,1.02,0.3,0.3,0.5,0.5,12.46,-22.08,True
1.02,0.01,1.02,0.3,0.3,0.75,0.25,12.3,-22.42,True
1.02,0.01,1.02,0.3,0.3,1.0,0.0,12.13,-22.79,True
1.02,0.01,1.02,0.4,0.0,0.0,1.0,7.67,-23.5,True
1.02,0.01,1.02,0.4,0.0,0.25,0.75,7.42,-21.72,True
1.02,0.01,1.02,0.4,0.0,0.5,0.5,7.13,-19.87,True
1.02,0.01,1.02,0.4,0.0,0.75,0.25,6.81,-17.94,True
1.02,0.01,1.02,0.4,0.0,1.0,0.0,6.45,-15.92,True
1.02,0.01,1.02,0.4,0.1,0.0,1.0,10.56,-19.95,True
1.02,0.01,1.02,0.4,0.1,0.25,0.75,10.33,-18.11,True
1.02,0.01,1.02,0.4,0.1,0.5,0.5,10.08,-16.19,True
1.02,0.01,1.02,0.4,0.1,0.75,0.25,9.81,-14.19,True
1.02,0.01,1.02,0.4,0.1,1.0,0.0,9.53,-13.6,True
1.02,0.01,1.02,0.4,0.2,0.0,1.0,12.12,-17.72,True
1.02,0.01,1.02,0.4,0.2,0.25,0.75,11.92,-17.93,True
1.02,0.01,1.02,0.4,0.2,0.5,0.5,11.7,-18.19,True
1.02,0.01,1.02,0.4,0.2,0.75,0.25,11.48,-18.5,True
1.02,0.01,1.02,0.4,0.2,1.0,0.0,11.24,-18.87,True
1.02,0.01,1.02,0.4,0.3,0.0,1.0,13.32,-20.56,True
1.02,0.01,1.02,0.4,0.3,0.25,0.75,13.13,-20.82,True
1.02,0.01,1.02,0.4,0.3,0.5,0.5,12.93,-21.13,True
1.02,0.01,1.02,0.4,0.3,0.75,0.25,12.72,-21.5,True
1.02,0.01,1.02,0.4,0.3,1.0,0.0,12.48,-21.93,True
1.02,0.015,0.95,0.1,0.0,0.0,1.0,13.61,-27.68,True
1.02,0.015,0.95,0.1,0.0,0.25,0.75,13.04,-26.18,True
1.02,0.015,0.95,0.1,0.0,0.5,0.5,12.4,-24.36,True
1.02,0.015,0.95,0.1,0.0,0.75,0.25,11.7,-22.13,True
1.02,0.015,0.95,0.1,0.0,1.0,0.0,10.92,-19.3,True
1.02,0.015,0.95,0.1,0.1,0.0,1.0,14.64,-27.98,True
1.02,0.015,0.95,0.1,0.1,0.25,0.75,14.14,-26.64,True
1.02,0.015,0.95,0.1,0.1,0.5,0.5,13.58,-25.05,True
1.02,0.015,0.95,0.1,0.1,0.75,0.25,12.97,-23.16,True
1.02,0.015,0.95,0.1,0.1,1.0,0.0,12.32,-20.87,True
1.02,0.015,0.95,0.1,0.2,0.0,1.0,15.31,-28.24,True
1.02,0.015,0.95,0.1,0.2,0.25,0.75,14.85,-27.04,True
1.02,0.015,0.95,0.1,0.2,0.5,0.5,14.35,-25.65,True
1.02,0.015,0.95,0.1,0.2,0.75,0.25,13.81,-24.03,True
1.02,0.015,0.95,0.1,0.2,1.0,0.0,13.23,-22.15,True
1.02,0.015,0.95,0.1,0.3,0.0,1.0,15.83,-28.49,True
1.02,0.015,0.95,0.1,0.3,0.25,0.75,15.39,-27.41,True
1.02,0.015,0.95,0.1,0.3,0.5,0.5,14.93,-26.19,True
1.02,0.015,0.95,0.1,0.3,0.75,0.25,14.43,-24.81,True
1.02,0.015,0.95,0.1,0.3,1.0,0.0,13.94,-23.27,True
1.02,0.015,0.95,0.2,0.0,0.0,1.0,17.71,-27.68,True
1.02,0.015,0.95,0.2,0.0,0.25,0.75,16.95,-26.24,True
1.02,0.015,0.95,0.2,0.0,0.5,0.5,16.1,-24.47,True
1.02,0.015,0.95,0.2,0.0,0.75,0.25,15.15,-22.23,True
1.02,0.015,0.95,0.2,0.0,1.0,0.0,14.09,-19.3,True
1.02,0.015,0.95,0.2,0.1,0.0,1.0,17.9,-27.86,True
1.02,0.015,0.95,0.2,0.1,0.25,0.75,17.2,-26.52,True
1.02,0.015,0.95,0.2,0.1,0.5,0.5,16.43,-24.9,True
1.02,0.015,0.95,0.2,0.1,0.75,0.25,15.58,-22.89,True
1.02,0.015,0.95,0.2,0.1,1.0,0.0,14.65,-20.37,True
1.02,0.015,0.95,0.2,0.2,0.0,1.0,18.11,-28.04,True
1.02,0.015,0.95,0.2,0.2,0.25,0.75,17.46,-26.8,True
1.02,0.015,0.95,0.2,0.2,0.5,0.5,16.74,-25.32,True
1.02,0.015,0.95,0.2,0.2,0.75,0.25,15.96,-23.54,True
1.02,0.015,0.95,0.2,0.2,1.0,0.0,15.13,-21.37,True
1.02,0.015,0.95,0.2,0.3,0.0,1.0,18.15,-28.25,True
1.02,0.015,0.95,0.2,0.3,0.25,0.75,17.55,-27.1,True
1.02,0.015,0.95,0.2,0.3,0.5,0.5,16.91,-25.77,True
1.02,0.015,0.95,0.2,0.3,0.75,0.25,16.22,-24.22,True
1.02,0.015,0.95,0.2,0.3,1.0,0.0,15.48,-22.4,True
1.02,0.015,0.95,0.3,0.0,0.0,1.0,19.11,-30.86,True
1.02,0.015,0.95,0.3,0.0,0.25,0.75,18.3,-28.51,True
1.02,0.015,0.95,0.3,0.0,0.5,0.5,17.39,-26.0,True
1.02,0.015,0.95,0.3,0.0,0.75,0.25,16.37,-23.31,True
1.02,0.015,0.95,0.3,0.0,1.0,0.0,15.23,-20.4,True
1.02,0.015,0.95,0.3,0.1,0.0,1.0,19.0,-29.07,True
1.02,0.015,0.95,0.3,0.1,0.25,0.75,18.25,-26.71,True
1.02,0.015,0.95,0.3,0.1,0.5,0.5,17.42,-24.89,True
1.02,0.015,0.95,0.3,0.1,0.75,0.25,16.49,-22.86,True
1.02,0.015,0.95,0.3,0.1,1.0,0.0,15.46,-20.27,True
1.02,0.015,0.95,0.3,0.2,0.0,1.0,18.63,-28.04,True
1.02,0.015,0.95,0.3,0.2,0.25,0.75,17.96,-26.81,True
1.02,0.015,0.95,0.3,0.2,0.5,0.5,17.22,-25.33,True
1.02,0.015,0.95,0.3,0.2,0.75,0.25,16.41,-23.54,True
1.02,0.015,0.95,0.3,0.2,1.0,0.0,15.52,-21.34,True
1.02,0.015,0.95,0.3,0.3,0.0,1.0,18.3,-28.29,True
1.02,0.015,0.95,0.3,0.3,0.25,0.75,17.71,-27.17,True
1.02,0.015,0.95,0.3,0.3,0.5,0.5,17.05,-25.86,True
1.02,0.015,0.95,0.3,0.3,0.75,0.25,16.34,-24.32,True
1.02,0.015,0.95,0.3,0.3,1.0,0.0,15.58,-22.51,True
1.02,0.015,0.95,0.4,0.0,0.0,1.0,19.3,-33.03,True
1.02,0.015,0.95,0.4,0.0,0.25,0.75,18.51,-30.31,True
1.02,0.015,0.95,0.4,0.0,0.5,0.5,17.62,-27.5,True
1.02,0.015,0.95,0.4,0.0,0.75,0.25,16.61,-24.59,True
1.02,0.015,0.95,0.4,0.0,1.0,0.0,15.46,-21.58,True
1.02,0.015,0.95,0.4,0.1,0.0,1.0,18.97,-30.88,True
1.02,0.015,0.95,0.4,0.1,0.25,0.75,18.25,-28.34,True
1.02,0.015,0.95,0.4,0.1,0.5,0.5,17.44,-25.7,True
1.02,0.015,0.95,0.4,0.1,0.75,0.25,16.53,-22.98,True
1.02,0.015,0.95,0.4,0.1,1.0,0.0,15.52,-20.31,True
1.02,0.015,0.95,0.4,0.2,0.0,1.0,18.67,-28.31,True
1.02,0.015,0.95,0.4,0.2,0.25,0.75,18.02,-26.84,True
1.02,0.015,0.95,0.4,0.2,0.5,0.5,17.29,-25.38,True
1.02,0.015,0.95,0.4,0.2,0.75,0.25,16.49,-23.59,True
1.02,0.015,0.95,0.4,0.2,1.0,0.0,15.62,-21.39,True
1.02,0.015,0.95,0.4,0.3,0.0,1.0,18.5,-28.31,True
1.02,0.015,0.95,0.4,0.3,0.25,0.75,17.91,-27.19,True
1.02,0.015,0.95,0.4,0.3,0.5,0.5,17.25,-25.88,True
1.02,0.015,0.95,0.4,0.3,0.75,0.25,16.52,-24.34,True
1.02,0.015,0.95,0.4,0.3,1.0,0.0,15.73,-22.51,True
1.02,0.015,0.97,0.1,0.0,0.0,1.0,7.95,-22.06,True
1.02,0.015,0.97,0.1,0.0,0.25,0.75,7.73,-20.82,True
1.02,0.015,0.97,0.1,0.0,0.5,0.5,7.46,-19.33,True
1.02,0.015,0.97,0.1,0.0,0.75,0.25,7.14,-17.48,True
1.02,0.015,0.97,0.1,0.0,1.0,0.0,6.75,-15.15,True
1.02,0.015,0.97,0.1,0.1,0.0,1.0,10.7,-23.72,True
1.02,0.015,0.97,0.1,0.1,0.25,0.75,10.5,-22.86,True
1.02,0.015,0.97,0.1,0.1,0.5,0.5,10.27,-21.85,True
1.02,0.015,0.97,0.1,0.1,0.75,0.25,9.99,-20.65,True
1.02,0.015,0.97,0.1,0.1,1.0,0.0,9.68,-19.22,True
1.02,0.015,0.97,0.1,0.2,0.0,1.0,12.2,-24.77,True
1.02,0.015,0.97,0.1,0.2,0.25,0.75,12.02,-24.13,True
1.02,0.015,0.97,0.1,0.2,0.5,0.5,11.83,-23.39,True
1.02,0.015,0.97,0.1,0.2,0.75,0.25,11.61,-22.55,True
1.02,0.015,0.97,0.1,0.2,1.0,0.0,11.37,-21.58,True
1.02,0.015,0.97,0.1,0.3,0.0,1.0,13.4,-25.51,True
1.02,0.015,0.97,0.1,0.3,0.25,0.75,13.24,-25.02,True
1.02,0.015,0.97,0.1,0.3,0.5,0.5,13.05,-24.48,True
1.02,0.015,0.97,0.1,0.3,0.75,0.25,12.85,-23.89,True
1.02,0.015,0.97,0.1,0.3,1.0,0.0,12.62,-23.25,True
1.02,0.015,0.97,0.2,0.0,0.0,1.0,12.27,-23.25,True
1.02,0.015,0.97,0.2,0.0,0.25,0.75,11.86,-21.38,True
1.02,0.015,0.97,0.2,0.0,0.5,0.5,11.37,-19.47,True
1.02,0.015,0.97,0.2,0.0,0.75,0.25,10.8,-17.56,True
1.02,0.015,0.97,0.2,0.0,1.0,0.0,10.14,-15.55,True
1.02,0.015,0.97,0.2,0.1,0.0,1.0,13.63,-23.1,True
1.02,0.015,0.97,0.2,0.1,0.25,0.75,13.26,-22.17,True
1.02,0.015,0.97,0.2,0.1,0.5,0.5,12.84,-21.05,True
1.02,0.015,0.97,0.2,0.1,0.75,0.25,12.36,-19.69,True
1.02,0.015,0.97,0.2,0.1,1.0,0.0,11.81,-18.01,True
1.02,0.015,0.97,0.2,0.2,0.0,1.0,14.37,-24.04,True
1.02,0.015,0.97,0.2,0.2,0.25,0.75,14.07,-23.29,True
1.02,0.015,0.97,0.2,0.2,0.5,0.5,13.72,-22.42,True
1.02,0.015,0.97,0.2,0.2,0.75,0.25,13.29,-21.42,True
1.02,0.015,0.97,0.2,0.2,1.0,0.0,12.82,-20.23,True
1.02,0.015,0.97,0.2,0.3,0.0,1.0,14.66,-25.1,True
1.02,0.015,0.97,0.2,0.3,0.25,0.75,14.4,-24.54,True
1.02,0.015,0.97,0.2,0.3,0.5,0.5,14.1,-23.92,True
1.02,0.015,0.97,0.2,0.3,0.75,0.25,13.77,-23.23,True
1.02,0.015,0.97,0.2,0.3,1.0,0.0,13.4,-22.47,True
1.02,0.015,0.97,0.3,0.0,0.0,1.0,13.72,-31.2,True
1.02,0.015,0.97,0.3,0.0,0.25,0.75,13.27,-28.76,True
1.02,0.015,0.97,0.3,0.0,0.5,0.5,12.73,-26.27,True
1.02,0.015,0.97,0.3,0.0,0.75,0.25,12.1,-23.72,True
1.02,0.015,0.97,0.3,0.0,1.0,0.0,11.35,-21.12,True
1.02,0.015,0.97,0.3,0.1,0.0,1.0,14.21,-30.04,True
1.02,0.015,0.97,0.3,0.1,0.25,0.75,13.83,-27.72,True
1.02,0.015,0.97,0.3,0.1,0.5,0.5,13.39,-25.33,True
1.02,0.015,0.97,0.3,0.1,0.75,0.25,12.87,-22.88,True
1.02,0.015,0.97,0.3,0.1,1.0,0.0,12.27,-20.37,True
1.02,0.015,0.97,0.3,0.2,0.0,1.0,14.71,-27.4,True
1.02,0.015,0.97,0.3,0.2,0.25,0.75,14.38,-25.26,True
1.02,0.015,0.97,0.3,0.2,0.5,0.5,14.0,-23.05,True
1.02,0.015,0.97,0.3,0.2,0.75,0.25,13.55,-21.45,True
1.02,0.015,0.97,0.3,0.2,1.0,0.0,13.06,-20.26,True
1.02,0.015,0.97,0.3,0.3,0.0,1.0,15.15,-25.01,True
1.02,0.015,0.97,0.3,0.3,0.25,0.75,14.87,-24.42,True
1.02,0.015,0.97,0.3,0.3,0.5,0.5,14.55,-23.77,True
1.02,0.015,0.97,0.3,0.3,0.75,0.25,14.18,-23.03,True
1.02,0.015,0.97,0.3,0.3,1.0,0.0,13.75,-22.22,True
1.02,0.015,0.97,0.4,0.0,0.0,1.0,14.29,-35.65,True
1.02,0.015,0.97,0.4,0.0,0.25,0.75,13.83,-32.94,True
1.02,0.015,0.97,0.4,0.0,0.5,0.5,13.27,-30.15,True
1.02,0.015,0.97,0.4,0.0,0.75,0.25,12.61,-27.3,True
1.02,0.015,0.97,0.4,0.0,1.0,0.0,11.83,-24.37,True
1.02,0.015,0.97,0.4,0.1,0.0,1.0,14.82,-32.94,True
1.02,0.015,0.97,0.4,0.1,0.25,0.75,14.41,-30.42,True
1.02,0.015,0.97,0.4,0.1,0.5,0.5,13.92,-27.83,True
1.02,0.015,0.97,0.4,0.1,0.75,0.25,13.37,-25.17,True
1.02,0.015,0.97,0.4,0.1,1.0,0.0,12.73,-22.44,True
1.02,0.015,0.97,0.4,0.2,0.0,1.0,15.23,-30.31,True
1.02,0.015,0.97,0.4,0.2,0.25,0.75,14.87,-27.96,True
1.02,0.015,0.97,0.4,0.2,0.5,0.5,14.44,-25.54,True
1.02,0.015,0.97,0.4,0.2,0.75,0.25,13.94,-23.04,True
1.02,0.015,0.97,0.4,0.2,1.0,0.0,13.38,-20.48,True
1.02,0.015,0.97,0.4,0.3,0.0,1.0,15.56,-26.52,True
1.02,0.015,0.97,0.4,0.3,0.25,0.75,15.22,-24.4,True
1.02,0.015,0.97,0.4,0.3,0.5,0.5,14.83,-23.6,True
1.02,0.015,0.97,0.4,0.3,0.75,0.25,14.4,-22.84,True
1.02,0.015,0.97,0.4,0.3,1.0,0.0,13.92,-21.99,True
1.02,0.015,0.99,0.1,0.0,0.0,1.0,5.98,-25.96,True
1.02,0.015,0.99,0.1,0.0,0.25,0.75,5.76,-24.11,True
1.02,0.015,0.99,0.1,0.0,0.5,0.5,5.5,-22.13,True
1.02,0.015,0.99,0.1,0.0,0.75,0.25,5.22,-20.01,True
1.02,0.015,0.99,0.1,0.0,1.0,0.0,4.9,-17.71,True
1.02,0.015,0.99,0.1,0.1,0.0,1.0,8.52,-22.08,True
1.02,0.015,0.99,0.1,0.1,0.25,0.75,8.42,-20.31,True
1.02,0.015,0.99,0.1,0.1,0.5,0.5,8.31,-18.41,True
1.02,0.015,0.99,0.1,0.1,0.75,0.25,8.18,-16.67,True
1.02,0.015,0.99,0.1,0.1,1.0,0.0,8.03,-16.8,True
1.02,0.015,0.99,0.1,0.2,0.0,1.0,10.29,-22.41,True
1.02,0.015,0.99,0.1,0.2,0.25,0.75,10.23,-22.45,True
1.02,0.015,0.99,0.1,0.2,0.5,0.5,10.16,-22.56,True
1.02,0.015,0.99,0.1,0.2,0.75,0.25,10.08,-22.68,True
1.02,0.015,0.99,0.1,0.2,1.0,0.0,9.98,-22.86,True
1.02,0.015,0.99,0.1,0.3,0.0,1.0,11.63,-26.0,True
1.02,0.015,0.99,0.1,0.3,0.25,0.75,11.58,-25.96,True
1.02,0.015,0.99,0.1,0.3,0.5,0.5,11.53,-25.85,True
1.02,0.015,0.99,0.1,0.3,0.75,0.25,11.47,-25.78,True
1.02,0.015,0.99,0.1,0.3,1.0,0.0,11.39,-25.81,True
1.02,0.015,0.99,0.2,0.0,0.0,1.0,6.54,-29.43,True
1.02,0.015,0.99,0.2,0.0,0.25,0.75,6.42,-27.42,True
1.02,0.015,0.99,0.2,0.0,0.5,0.5,6.25,-25.24,True
1.02,0.015,0.99,0.2,0.0,0.75,0.25,6.03,-22.88,True
1.02,0.015,0.99,0.2,0.0,1.0,0.0,5.74,-20.31,True
1.02,0.015,0.99,0.2,0.1,0.0,1.0,9.1,-25.98,True
1.02,0.015,0.99,0.2,0.1,0.25,0.75,9.04,-24.02,True
1.02,0.015,0.99,0.2,0.1,0.5,0.5,8.94,-21.9,True
1.02,0.015,0.99,0.2,0.1,0.75,0.25,8.81,-19.61,True
1.02,0.015,0.99,0.2,0.1,1.0,0.0,8.65,-18.78,True
1.02,0.015,0.99,0.2,0.2,0.0,1.0,10.59,-24.6,True
1.02,0.015,0.99,0.2,0.2,0.25,0.75,10.57,-24.06,True
1.02,0.015,0.99,0.2,0.2,0.5,0.5,10.51,-23.6,True
1.02,0.015,0.99,0.2,0.2,0.75,0.25,10.43,-23.26,True
1.02,0.015,0.99,0.2,0.2,1.0,0.0,10.32,-23.04,True
1.02,0.015,0.99,0.2,0.3,0.0,1.0,11.68,-26.97,True
1.02,0.015,0.99,0.2,0.3,0.25,0.75,11.67,-26.58,True
1.02,0.015,0.99,0.2,0.3,0.5,0.5,11.64,-26.26,True
1.02,0.015,0.99,0.2,0.3,0.75,0.25,11.59,-26.03,True
1.02,0.015,0.99,0.2,0.3,1.0,0.0,11.52,-25.91,True
1.02,0.015,0.99,0.3,0.0,0.0,1.0,6.46,-32.29,True
1.02,0.015,0.99,0.3,0.0,0.25,0.75,6.45,-30.07,True
1.02,0.015,0.99,0.3,0.0,0.5,0.5,6.36,-27.69,True
1.02,0.015,0.99,0.3,0.0,0.75,0.25,6.2,-25.12,True
1.02,0.015,0.99,0.3,0.0,1.0,0.0,5.96,-22.35,True
1.02,0.015,0.99,0.3,0.1,0.0,1.0,8.95,-28.51,True
1.02,0.015,0.99,0.3,0.1,0.25,0.75,8.95,-26.34,True
1.02,0.015,0.99,0.3,0.1,0.5,0.5,8.9,-24.03,True
1.02,0.015,0.99,0.3,0.1,0.75,0.25,8.81,-21.55,True
1.02,0.015,0.99,0.3,0.1,1.0,0.0,8.68,-19.17,True
1.02,0.015,0.99,0.3,0.2,0.0,1.0,10.55,-25.09,True
1.02,0.015,0.99,0.3,0.2,0.25,0.75,10.55,-24.52,True
1.02,0.015,0.99,0.3,0.2,0.5,0.5,10.52,-24.02,True
1.02,0.015,0.99,0.3,0.2,0.75,0.25,10.46,-23.61,True
1.02,0.015,0.99,0.3,0.2,1.0,0.0,10.37,-23.33,True
1.02,0.015,0.99,0.3,0.3,0.0,1.0,11.76,-27.17,True
1.02,0.015,0.99,0.3,0.3,0.25,0.75,11.76,-26.76,True
1.02,0.015,0.99,0.3,0.3,0.5,0.5,11.74,-26.42,True
1.02,0.015,0.99,0.3,0.3,0.75,0.25,11.69,-26.18,True
1.02,0.015,0.99,0.3,0.3,1.0,0.0,11.62,-26.03,True
1.02,0.015,0.99,0.4,0.0,0.0,1.0,6.51,-34.04,True
1.02,0.015,0.99,0.4,0.0,0.25,0.75,6.53,-31.7,True
1.02,0.015,0.99,0.4,0.0,0.5,0.5,6.47,-29.21,True
1.02,0.015,0.99,0.4,0.0,0.75,0.25,6.33,-26.54,True
1.02,0.015,0.99,0.4,0.0,1.0,0.0,6.11,-23.67,True
1.02,0.015,0.99,0.4,0.1,0.0,1.0,9.05,-30.37,True
1.02,0.015,0.99,0.4,0.1,0.25,0.75,9.05,-28.09,True
1.02,0.015,0.99,0.4,0.1,0.5,0.5,9.01,-25.67,True
1.02,0.015,0.99,0.4,0.1,0.75,0.25,8.94,-23.09,True
1.02,0.015,0.99,0.4,0.1,1.0,0.0,8.81,-20.32,True
1.02,0.015,0.99,0.4,0.2,0.0,1.0,10.67,-26.63,True
1.02,0.015,0.99,0.4,0.2,0.25,0.75,10.67,-24.54,True
1.02,0.015,0.99,0.4,0.2,0.5,0.5,10.64,-24.03,True
1.02,0.015,0.99,0.4,0.2,0.75,0.25,10.58,-23.62,True
1.02,0.015,0.99,0.4,0.2,1.0,0.0,10.5,-23.34,True
1.02,0.015,0.99,0.4,0.3,0.0,1.0,11.77,-27.31,True
1.02,0.015,0.99,0.4,0.3,0.25,0.75,11.77,-26.86,True
1.02,0.015,0.99,0.4,0.3,0.5,0.5,11.75,-26.49,True
1.02,0.015,0.99,0.4,0.3,0.75,0.25,11.7,-26.21,True
1.02,0.015,0.99,0.4,0.3,1.0,0.0,11.63,-26.05,True
1.02,0.015,1.0,0.1,0.0,0.0,1.0,1.7,-25.58,True
1.02,0.015,1.0,0.1,0.0,0.25,0.75,1.76,-23.76,True
1.02,0.015,1.0,0.1,0.0,0.5,0.5,1.82,-21.8,True
1.02,0.015,1.0,0.1,0.0,0.75,0.25,1.87,-19.7,True
1.02,0.015,1.0,0.1,0.0,1.0,0.0,1.9,-17.43,True
1.02,0.015,1.0,0.1,0.1,0.0,1.0,6.82,-22.59,True
1.02,0.015,1.0,0.1,0.1,0.25,0.75,6.85,-22.18,True
1.02,0.015,1.0,0.1,0.1,0.5,0.5,6.87,-21.78,True
1.02,0.015,1.0,0.1,0.1,0.75,0.25,6.89,-21.41,True
1.02,0.015,1.0,0.1,0.1,1.0,0.0,6.9,-21.05,True
1.02,0.015,1.0,0.1,0.2,0.0,1.0,9.31,-27.07,True
1.02,0.015,1.0,0.1,0.2,0.25,0.75,9.32,-26.72,True
1.02,0.015,1.0,0.1,0.2,0.5,0.5,9.33,-26.38,True
1.02,0.015,1.0,0.1,0.2,0.75,0.25,9.33,-26.08,True
1.02,0.015,1.0,0.1,0.2,1.0,0.0,9.33,-25.79,True
1.02,0.015,1.0,0.1,0.3,0.0,1.0,10.88,-28.68,True
1.02,0.015,1.0,0.1,0.3,0.25,0.75,10.88,-28.46,True
1.02,0.015,1.0,0.1,0.3,0.5,0.5,10.88,-28.25,True
1.02,0.015,1.0,0.1,0.3,0.75,0.25,10.88,-28.07,True
1.02,0.015,1.0,0.1,0.3,1.0,0.0,10.87,-27.91,True
1.02,0.015,1.0,0.2,0.0,0.0,1.0,2.45,-28.71,True
1.02,0.015,1.0,0.2,0.0,0.25,0.75,2.57,-26.73,True
1.02,0.015,1.0,0.2,0.0,0.5,0.5,2.66,-24.6,True
1.02,0.015,1.0,0.2,0.0,0.75,0.25,2.73,-22.29,True
1.02,0.015,1.0,0.2,0.0,1.0,0.0,2.78,-19.77,True
1.02,0.015,1.0,0.2,0.1,0.0,1.0,7.43,-25.33,True
1.02,0.015,1.0,0.2,0.1,0.25,0.75,7.45,-23.38,True
1.02,0.015,1.0,0.2,0.1,0.5,0.5,7.47,-21.69,True
1.02,0.015,1.0,0.2,0.1,0.75,0.25,7.47,-21.12,True
1.02,0.015,1.0,0.2,0.1,1.0,0.0,7.46,-20.59,True
1.02,0.015,1.0,0.2,0.2,0.0,1.0,9.52,-26.22,True
1.02,0.015,1.0,0.2,0.2,0.25,0.75,9.54,-25.81,True
1.02,0.015,1.0,0.2,0.2,0.5,0.5,9.55,-25.44,True
1.02,0.015,1.0,0.2,0.2,0.75,0.25,9.56,-25.1,True
1.02,0.015,1.0,0.2,0.2,1.0,0.0,9.55,-24.8,True
1.02,0.015,1.0,0.2,0.3,0.0,1.0,10.96,-28.12,True
1.02,0.015,1.0,0.2,0.3,0.25,0.75,10.98,-27.84,True
1.02,0.015,1.0,0.2,0.3,0.5,0.5,10.99,-27.59,True
1.02,0.015,1.0,0.2,0.3,0.75,0.25,10.99,-27.37,True
1.02,0.015,1.0,0.2,0.3,1.0,0.0,10.98,-27.2,True
1.02,0.015,1.0,0.3,0.0,0.0,1.0,3.15,-31.24,True
1.02,0.015,1.0,0.3,0.0,0.25,0.75,3.29,-29.07,True
1.02,0.015,1.0,0.3,0.0,0.5,0.5,3.39,-26.75,True
1.02,0.015,1.0,0.3,0.0,0.75,0.25,3.46,-24.25,True
1.02,0.015,1.0,0.3,0.0,1.0,0.0,3.5,-21.54,True
1.02,0.015,1.0,0.3,0.1,0.0,1.0,7.44,-27.71,True
1.02,0.015,1.0,0.3,0.1,0.25,0.75,7.49,-25.56,True
1.02,0.015,1.0,0.3,0.1,0.5,0.5,7.53,-23.26,True
1.02,0.015,1.0,0.3,0.1,0.75,0.25,7.55,-20.87,True
1.02,0.015,1.0,0.3,0.1,1.0,0.0,7.55,-20.3,True
1.02,0.015,1.0,0.3,0.2,0.0,1.0,9.54,-25.92,True
1.02,0.015,1.0,0.3,0.2,0.25,0.75,9.57,-25.5,True
1.02,0.015,1.0,0.3,0.2,0.5,0.5,9.6,-25.11,True
1.02,0.015,1.0,0.3,0.2,0.75,0.25,9.61,-24.76,True
1.02,0.015,1.0,0.3,0.2,1.0,0.0,9.61,-24.45,True
1.02,0.015,1.0,0.3,0.3,0.0,1.0,10.97,-27.78,True
1.02,0.015,1.0,0.3,0.3,0.25,0.75,11.0,-27.48,True
1.02,0.015,1.0,0.3,0.3,0.5,0.5,11.02,-27.21,True
1.02,0.015,1.0,0.3,0.3,0.75,0.25,11.04,-26.99,True
1.02,0.015,1.0,0.3,0.3,1.0,0.0,11.04,-26.8,True
1.02,0.015,1.0,0.4,0.0,0.0,1.0,3.42,-32.65,True
1.02,0.015,1.0,0.4,0.0,0.25,0.75,3.58,-30.38,True
1.02,0.015,1.0,0.4,0.0,0.5,0.5,3.69,-27.97,True
1.02,0.015,1.0,0.4,0.0,0.75,0.25,3.77,-25.38,True
1.02,0.015,1.0,0.4,0.0,1.0,0.0,3.8,-22.6,True
1.02,0.015,1.0,0.4,0.1,0.0,1.0,7.48,-29.23,True
1.02,0.015,1.0,0.4,0.1,0.25,0.75,7.54,-26.97,True
1.02,0.015,1.0,0.4,0.1,0.5,0.5,7.59,-24.58,True
1.02,0.015,1.0,0.4,0.1,0.75,0.25,7.62,-22.04,True
1.02,0.015,1.0,0.4,0.1,1.0,0.0,7.63,-19.98,True
1.02,0.015,1.0,0.4,0.2,0.0,1.0,9.53,-25.78,True
1.02,0.015,1.0,0.4,0.2,0.25,0.75,9.57,-25.17,True
1.02,0.015,1.0,0.4,0.2,0.5,0.5,9.61,-24.77,True
1.02,0.015,1.0,0.4,0.2,0.75,0.25,9.64,-24.41,True
1.02,0.015,1.0,0.4,0.2,1.0,0.0,9.66,-24.11,True
1.02,0.015,1.0,0.4,0.3,0.0,1.0,10.94,-27.68,True
1.02,0.015,1.0,0.4,0.3,0.25,0.75,10.98,-27.36,True
1.02,0.015,1.0,0.4,0.3,0.5,0.5,11.01,-27.08,True
1.02,0.015,1.0,0.4,0.3,0.75,0.25,11.03,-26.85,True
1.02,0.015,1.0,0.4,0.3,1.0,0.0,11.04,-26.67,True
1.02,0.015,1.01,0.1,0.0,0.0,1.0,3.8,-17.93,True
1.02,0.015,1.01,0.1,0.0,0.25,0.75,3.68,-16.54,True
1.02,0.015,1.01,0.1,0.0,0.5,0.5,3.55,-15.04,True
1.02,0.015,1.01,0.1,0.0,0.75,0.25,3.4,-13.43,True
1.02,0.015,1.01,0.1,0.0,1.0,0.0,3.25,-11.68,True
1.02,0.015,1.01,0.1,0.1,0.0,1.0,7.77,-14.85,True
1.02,0.015,1.01,0.1,0.1,0.25,0.75,7.72,-13.91,True
1.02,0.015,1.01,0.1,0.1,0.5,0.5,7.66,-14.28,True
1.02,0.015,1.01,0.1,0.1,0.75,0.25,7.59,-14.66,True
1.02,0.015,1.01,0.1,0.1,1.0,0.0,7.52,-15.08,True
1.02,0.015,1.01,0.1,0.2,0.0,1.0,9.93,-19.72,True
1.02,0.015,1.01,0.1,0.2,0.25,0.75,9.89,-20.04,True
1.02,0.015,1.01,0.1,0.2,0.5,0.5,9.84,-20.4,True
1.02,0.015,1.01,0.1,0.2,0.75,0.25,9.79,-20.76,True
1.02,0.015,1.01,0.1,0.2,1.0,0.0,9.73,-21.15,True
1.02,0.015,1.01,0.1,0.3,0.0,1.0,11.4,-23.08,True
1.02,0.015,1.01,0.1,0.3,0.25,0.75,11.35,-23.37,True
1.02,0.015,1.01,0.1,0.3,0.5,0.5,11.31,-23.67,True
1.02,0.015,1.01,0.1,0.3,0.75,0.25,11.25,-24.01,True
1.02,0.015,1.01,0.1,0.3,1.0,0.0,11.2,-24.36,True
1.02,0.015,1.01,0.2,0.0,0.0,1.0,5.67,-17.68,True
1.02,0.015,1.01,0.2,0.0,0.25,0.75,5.49,-16.31,True
1.02,0.015,1.01,0.2,0.0,0.5,0.5,5.3,-14.82,True
1.02,0.015,1.01,0.2,0.0,0.75,0.25,5.08,-13.18,True
1.02,0.015,1.01,0.2,0.0,1.0,0.0,4.84,-11.38,True
1.02,0.015,1.01,0.2,0.1,0.0,1.0,8.88,-15.06,True
1.02,0.015,1.01,0.2,0.1,0.25,0.75,8.77,-13.71,True
1.02,0.015,1.01,0.2,0.1,0.5,0.5,8.64,-12.39,True
1.02,0.015,1.01,0.2,0.1,0.75,0.25,8.51,-12.57,True
1.02,0.015,1.01,0.2,0.1,1.0,0.0,8.36,-13.04,True
1.02,0.015,1.01,0.2,0.2,0.0,1.0,10.63,-17.22,True
1.02,0.015,1.01,0.2,0.2,0.25,0.75,10.54,-17.61,True
1.02,0.015,1.01,0.2,0.2,0.5,0.5,10.44,-18.04,True
1.02,0.015,1.01,0.2,0.2,0.75,0.25,10.34,-18.52,True
1.02,0.015,1.01,0.2,0.2,1.0,0.0,10.22,-19.04,True
1.02,0.015,1.01,0.2,0.3,0.0,1.0,11.79,-20.99,True
1.02,0.015,1.01,0.2,0.3,0.25,0.75,11.72,-21.36,True
1.02,0.015,1.01,0.2,0.3,0.5,0.5,11.64,-21.77,True
1.02,0.015,1.01,0.2,0.3,0.75,0.25,11.55,-22.25,True
1.02,0.015,1.01,0.2,0.3,1.0,0.0,11.46,-22.77,True
1.02,0.015,1.01,0.3,0.0,0.0,1.0,6.69,-19.28,True
1.02,0.015,1.01,0.3,0.0,0.25,0.75,6.5,-17.69,True
1.02,0.015,1.01,0.3,0.0,0.5,0.5,6.29,-16.04,True
1.02,0.015,1.01,0.3,0.0,0.75,0.25,6.04,-14.31,True
1.02,0.015,1.01,0.3,0.0,1.0,0.0,5.75,-12.49,True
1.02,0.015,1.01,0.3,0.1,0.0,1.0,9.25,-16.45,True
1.02,0.015,1.01,0.3,0.1,0.25,0.75,9.14,-14.97,True
1.02,0.015,1.01,0.3,0.1,0.5,0.5,9.01,-13.44,True
1.02,0.015,1.01,0.3,0.1,0.75,0.25,8.85,-11.87,True
1.02,0.015,1.01,0.3,0.1,1.0,0.0,8.68,-12.22,True
1.02,0.015,1.01,0.3,0.2,0.0,1.0,10.68,-16.8,True
1.02,0.015,1.01,0.3,0.2,0.25,0.75,10.6,-17.17,True
1.02,0.015,1.01,0.3,0.2,0.5,0.5,10.51,-17.6,True
1.02,0.015,1.01,0.3,0.2,0.75,0.25,10.41,-18.05,True
1.02,0.015,1.01,0.3,0.2,1.0,0.0,10.29,-18.56,True
1.02,0.015,1.01,0.3,0.3,0.0,1.0,11.73,-20.96,True
1.02,0.015,1.01,0.3,0.3,0.25,0.75,11.68,-21.27,True
1.02,0.015,1.01,0.3,0.3,0.5,0.5,11.63,-21.63,True
1.02,0.015,1.01,0.3,0.3,0.75,0.25,11.57,-22.05,True
1.02,0.015,1.01,0.3,0.3,1.0,0.0,11.49,-22.48,True
1.02,0.015,1.01,0.4,0.0,0.0,1.0,7.07,-19.69,True
1.02,0.015,1.01,0.4,0.0,0.25,0.75,6.89,-18.06,True
1.02,0.015,1.01,0.4,0.0,0.5,0.5,6.68,-16.35,True
1.02,0.015,1.01,0.4,0.0,0.75,0.25,6.43,-14.56,True
1.02,0.015,1.01,0.4,0.0,1.0,0.0,6.14,-12.68,True
1.02,0.015,1.01,0.4,0.1,0.0,1.0,9.29,-16.17,True
1.02,0.015,1.01,0.4,0.1,0.25,0.75,9.19,-14.8,True
1.02,0.015,1.01,0.4,0.1,0.5,0.5,9.06,-13.43,True
1.02,0.015,1.01,0.4,0.1,0.75,0.25,8.92,-12.05,True
1.02,0.015,1.01,0.4,0.1,1.0,0.0,8.76,-11.86,True
1.02,0.015,1.01,0.4,0.2,0.0,1.0,10.64,-16.61,True
1.02,0.015,1.01,0.4,0.2,0.25,0.75,10.58,-16.92,True
1.02,0.015,1.01,0.4,0.2,0.5,0.5,10.51,-17.3,True
1.02,0.015,1.01,0.4,0.2,0.75,0.25,10.43,-17.74,True
1.02,0.015,1.01,0.4,0.2,1.0,0.0,10.33,-18.25,True
1.02,0.015,1.01,0.4,0.3,0.0,1.0,11.68,-20.72,True
1.02,0.015,1.01,0.4,0.3,0.25,0.75,11.65,-20.99,True
1.02,0.015,1.01,0.4,0.3,0.5,0.5,11.62,-21.32,True
1.02,0.015,1.01,0.4,0.3,0.75,0.25,11.57,-21.7,True
1.02,0.015,1.01,0.4,0.3,1.0,0.0,11.52,-22.14,True
1.02,0.015,1.02,0.1,0.0,0.0,1.0,1.84,-14.83,True
1.02,0.015,1.02,0.1,0.0,0.25,0.75,1.83,-13.67,True
1.02,0.015,1.02,0.1,0.0,0.5,0.5,1.82,-12.43,True
1.02,0.015,1.02,0.1,0.0,0.75,0.25,1.8,-11.09,True
1.02,0.015,1.02,0.1,0.0,1.0,0.0,1.78,-9.64,True
1.02,0.015,1.02,0.1,0.1,0.0,1.0,6.72,-16.77,True
1.02,0.015,1.02,0.1,0.1,0.25,0.75,6.72,-16.93,True
1.02,0.015,1.02,0.1,0.1,0.5,0.5,6.73,-17.1,True
1.02,0.015,1.02,0.1,0.1,0.75,0.25,6.73,-17.28,True
1.02,0.015,1.02,0.1,0.1,1.0,0.0,6.73,-17.48,True
1.02,0.015,1.02,0.1,0.2,0.0,1.0,9.18,-22.5,True
1.02,0.015,1.02,0.1,0.2,0.25,0.75,9.18,-22.65,True
1.02,0.015,1.02,0.1,0.2,0.5,0.5,9.18,-22.81,True
1.02,0.015,1.02,0.1,0.2,0.75,0.25,9.17,-22.98,True
1.02,0.015,1.02,0.1,0.2,1.0,0.0,9.17,-23.16,True
1.02,0.015,1.02,0.1,0.3,0.0,1.0,10.81,-25.33,True
1.02,0.015,1.02,0.1,0.3,0.25,0.75,10.81,-25.48,True
1.02,0.015,1.02,0.1,0.3,0.5,0.5,10.8,-25.63,True
1.02,0.015,1.02,0.1,0.3,0.75,0.25,10.8,-25.8,True
1.02,0.015,1.02,0.1,0.3,1.0,0.0,10.79,-25.98,True
1.02,0.015,1.02,0.2,0.0,0.0,1.0,2.36,-15.29,True
1.02,0.015,1.02,0.2,0.0,0.25,0.75,2.4,-14.1,True
1.02,0.015,1.02,0.2,0.0,0.5,0.5,2.42,-12.8,True
1.02,0.015,1.02,0.2,0.0,0.75,0.25,2.42,-11.39,True
1.02,0.015,1.02,0.2,0.0,1.0,0.0,2.41,-9.85,True
1.02,0.015,1.02,0.2,0.1,0.0,1.0,7.26,-14.39,True
1.02,0.015,1.02,0.2,0.1,0.25,0.75,7.25,-14.59,True
1.02,0.015,1.02,0.2,0.1,0.5,0.5,7.24,-14.82,True
1.02,0.015,1.02,0.2,0.1,0.75,0.25,7.22,-15.09,True
1.02,0.015,1.02,0.2,0.1,1.0,0.0,7.2,-15.38,True
1.02,0.015,1.02,0.2,0.2,0.0,1.0,9.64,-19.85,True
1.02,0.015,1.02,0.2,0.2,0.25,0.75,9.63,-20.08,True
1.02,0.015,1.02,0.2,0.2,0.5,0.5,9.61,-20.35,True
1.02,0.015,1.02,0.2,0.2,0.75,0.25,9.59,-20.64,True
1.02,0.015,1.02,0.2,0.2,1.0,0.0,9.56,-20.96,True
1.02,0.015,1.02,0.2,0.3,0.0,1.0,11.18,-23.12,True
1.02,0.015,1.02,0.2,0.3,0.25,0.75,11.16,-23.36,True
1.02,0.015,1.02,0.2,0.3,0.5,0.5,11.14,-23.62,True
1.02,0.015,1.02,0.2,0.3,0.75,0.25,11.11,-23.9,True
1.02,0.015,1.02,0.2,0.3,1.0,0.0,11.09,-24.21,True
1.02,0.015,1.02,0.3,0.0,0.0,1.0,3.13,-16.66,True
1.02,0.015,1.02,0.3,0.0,0.25,0.75,3.15,-15.38,True
1.02,0.015,1.02,0.3,0.0,0.5,0.5,3.15,-14.05,True
1.02,0.015,1.02,0.3,0.0,0.75,0.25,3.14,-12.65,True
1.02,0.015,1.02,0.3,0.0,1.0,0.0,3.1,-11.18,True
1.02,0.015,1.02,0.3,0.1,0.0,1.0,7.8,-14.61,True
1.02,0.015,1.02,0.3,0.1,0.25,0.75,7.78,-13.37,True
1.02,0.015,1.02,0.3,0.1,0.5,0.5,7.75,-13.23,True
1.02,0.015,1.02,0.3,0.1,0.75,0.25,7.71,-13.54,True
1.02,0.015,1.02,0.3,0.1,1.0,0.0,7.65,-13.9,True
1.02,0.015,1.02,0.3,0.2,0.0,1.0,9.98,-18.38,True
1.02,0.015,1.02,0.3,0.2,0.25,0.75,9.96,-18.66,True
1.02,0.015,1.02,0.3,0.2,0.5,0.5,9.92,-18.98,True
1.02,0.015,1.02,0.3,0.2,0.75,0.25,9.88,-19.34,True
1.02,0.015,1.02,0.3,0.2,1.0,0.0,9.83,-19.73,True
1.02,0.015,1.02,0.3,0.3,0.0,1.0,11.46,-21.42,True
1.02,0.015,1.02,0.3,0.3,0.25,0.75,11.43,-21.72,True
1.02,0.015,1.02,0.3,0.3,0.5,0.5,11.4,-22.05,True
1.02,0.015,1.02,0.3,0.3,0.75,0.25,11.35,-22.42,True
1.02,0.015,1.02,0.3,0.3,1.0,0.0,11.31,-22.81,True
1.02,0.015,1.02,0.4,0.0,0.0,1.0,4.1,-18.29,True
1.02,0.015,1.02,0.4,0.0,0.25,0.75,4.08,-16.9,True
1.02,0.015,1.02,0.4,0.0,0.5,0.5,4.04,-15.45,True
1.02,0.015,1.02,0.4,0.0,0.75,0.25,3.97,-13.92,True
1.02,0.015,1.02,0.4,0.0,1.0,0.0,3.88,-12.31,True
1.02,0.015,1.02,0.4,0.1,0.0,1.0,8.24,-16.21,True
1.02,0.015,1.02,0.4,0.1,0.25,0.75,8.19,-14.84,True
1.02,0.015,1.02,0.4,0.1,0.5,0.5,8.14,-13.46,True
1.02,0.015,1.02,0.4,0.1,0.75,0.25,8.08,-12.46,True
1.02,0.015,1.02,0.4,0.1,1.0,0.0,8.0,-12.87,True
1.02,0.015,1.02,0.4,0.2,0.0,1.0,10.35,-16.79,True
1.02,0.015,1.02,0.4,0.2,0.25,0.75,10.3,-17.14,True
1.02,0.015,1.02,0.4,0.2,0.5,0.5,10.24,-17.53,True
1.02,0.015,1.02,0.4,0.2,0.75,0.25,10.17,-17.96,True
1.02,0.015,1.02,0.4,0.2,1.0,0.0,10.1,-18.43,True
1.02,0.015,1.02,0.4,0.3,0.0,1.0,11.73,-20.01,True
1.02,0.015,1.02,0.4,0.3,0.25,0.75,11.68,-20.37,True
1.02,0.015,1.02,0.4,0.3,0.5,0.5,11.63,-20.77,True
1.02,0.015,1.02,0.4,0.3,0.75,0.25,11.57,-21.2,True
1.02,0.015,1.02,0.4,0.3,1.0,0.0,11.5,-21.69,True
1.02,0.02,0.95,0.1,0.0,0.0,1.0,8.05,-27.68,True
1.02,0.02,0.95,0.1,0.0,0.25,0.75,7.73,-26.15,True
1.02,0.02,0.95,0.1,0.0,0.5,0.5,7.38,-24.32,True
1.02,0.02,0.95,0.1,0.0,0.75,0.25,6.99,-22.08,True
1.02,0.02,0.95,0.1,0.0,1.0,0.0,6.57,-19.3,True
1.02,0.02,0.95,0.1,0.1,0.0,1.0,10.66,-28.32,True
1.02,0.02,0.95,0.1,0.1,0.25,0.75,10.4,-27.1,True
1.02,0.02,0.95,0.1,0.1,0.5,0.5,10.11,-25.67,True
1.02,0.02,0.95,0.1,0.1,0.75,0.25,9.82,-24.0,True
1.02,0.02,0.95,0.1,0.1,1.0,0.0,9.5,-22.0,True
1.02,0.02,0.95,0.1,0.2,0.0,1.0,12.27,-28.69,True
1.02,0.02,0.95,0.1,0.2,0.25,0.75,12.03,-27.63,True
1.02,0.02,0.95,0.1,0.2,0.5,0.5,11.77,-26.43,True
1.02,0.02,0.95,0.1,0.2,0.75,0.25,11.5,-25.06,True
1.02,0.02,0.95,0.1,0.2,1.0,0.0,11.22,-23.48,True
1.02,0.02,0.95,0.1,0.3,0.0,1.0,13.41,-28.95,True
1.02,0.02,0.95,0.1,0.3,0.25,0.75,13.19,-28.01,True
1.02,0.02,0.95,0.1,0.3,0.5,0.5,12.95,-26.96,True
1.02,0.02,0.95,0.1,0.3,0.75,0.25,12.71,-25.79,True
1.02,0.02,0.95,0.1,0.3,1.0,0.0,12.45,-24.49,True
1.02,0.02,0.95,0.2,0.0,0.0,1.0,12.92,-27.68,True
1.02,0.02,0.95,0.2,0.0,0.25,0.75,12.37,-26.22,True
1.02,0.02,0.95,0.2,0.0,0.5,0.5,11.77,-24.43,True
1.02,0.02,0.95,0.2,0.0,0.75,0.25,11.1,-22.19,True
1.02,0.02,0.95,0.2,0.0,1.0,0.0,10.37,-19.3,True
1.02,0.02,0.95,0.2,0.1,0.0,1.0,13.68,-27.95,True
1.02,0.02,0.95,0.2,0.1,0.25,0.75,13.21,-26.63,True
1.02,0.02,0.95,0.2,0.1,0.5,0.5,12.7,-25.06,True
1.02,0.02,0.95,0.2,0.1,0.75,0.25,12.15,-23.15,True
1.02,0.02,0.95,0.2,0.1,1.0,0.0,11.56,-20.78,True
1.02,0.02,0.95,0.2,0.2,0.0,1.0,14.3,-28.2,True
1.02,0.02,0.95,0.2,0.2,0.25,0.75,13.88,-27.01,True
1.02,0.02,0.95,0.2,0.2,0.5,0.5,13.43,-25.62,True
1.02,0.02,0.95,0.2,0.2,0.75,0.25,12.96,-23.98,True
1.02,0.02,0.95,0.2,0.2,1.0,0.0,12.46,-22.02,True
1.02,0.02,0.95,0.2,0.3,0.0,1.0,14.76,-28.44,True
1.02,0.02,0.95,0.2,0.3,0.25,0.75,14.39,-27.37,True
1.02,0.02,0.95,0.2,0.3,0.5,0.5,14.0,-26.15,True
1.02,0.02,0.95,0.2,0.3,0.75,0.25,13.61,-24.75,True
1.02,0.02,0.95,0.2,0.3,1.0,0.0,13.21,-23.15,True
1.02,0.02,0.95,0.3,0.0,0.0,1.0,13.9,-27.68,True
1.02,0.02,0.95,0.3,0.0,0.25,0.75,13.34,-26.25,True
1.02,0.02,0.95,0.3,0.0,0.5,0.5,12.7,-24.48,True
1.02,0.02,0.95,0.3,0.0,0.75,0.25,11.99,-22.24,True
1.02,0.02,0.95,0.3,0.0,1.0,0.0,11.19,-19.3,True
1.02,0.02,0.95,0.3,0.1,0.0,1.0,14.4,-27.89,True
1.02,0.02,0.95,0.3,0.1,0.25,0.75,13.92,-26.57,True
1.02,0.02,0.95,0.3,0.1,0.5,0.5,13.38,-24.97,True
1.02,0.02,0.95,0.3,0.1,0.75,0.25,12.78,-23.0,True
1.02,0.02,0.95,0.3,0.1,1.0,0.0,12.14,-20.52,True
1.02,0.02,0.95,0.3,0.2,0.0,1.0,14.81,-28.1,True
1.02,0.02,0.95,0.3,0.2,0.25,0.75,14.39,-26.89,True
1.02,0.02,0.95,0.3,0.2,0.5,0.5,13.93,-25.46,True
1.02,0.02,0.95,0.3,0.2,0.75,0.25,13.43,-23.74,True
1.02,0.02,0.95,0.3,0.2,1.0,0.0,12.9,-21.67,True
1.02,0.02,0.95,0.3,0.3,0.0,1.0,15.17,-28.32,True
1.02,0.02,0.95,0.3,0.3,0.25,0.75,14.82,-27.22,True
1.02,0.02,0.95,0.3,0.3,0.5,0.5,14.43,-25.95,True
1.02,0.02,0.95,0.3,0.3,0.75,0.25,14.01,-24.48,True
1.02,0.02,0.95,0.3,0.3,1.0,0.0,13.57,-22.76,True
1.02,0.02,0.95,0.4,0.0,0.0,1.0,14.41,-27.68,True
1.02,0.02,0.95,0.4,0.0,0.25,0.75,13.84,-26.27,True
1.02,0.02,0.95,0.4,0.0,0.5,0.5,13.19,-24.51,True
1.02,0.02,0.95,0.4,0.0,0.75,0.25,12.45,-22.26,True
1.02,0.02,0.95,0.4,0.0,1.0,0.0,11.62,-19.3,True
1.02,0.02,0.95,0.4,0.1,0.0,1.0,14.83,-27.87,True
1.02,0.02,0.95,0.4,0.1,0.25,0.75,14.34,-26.55,True
1.02,0.02,0.95,0.4,0.1,0.5,0.5,13.78,-24.95,True
1.02,0.02,0.95,0.4,0.1,0.75,0.25,13.17,-22.96,True
1.02,0.02,0.95,0.4,0.1,1.0,0.0,12.48,-20.43,True
1.02,0.02,0.95,0.4,0.2,0.0,1.0,15.07,-28.07,True
1.02,0.02,0.95,0.4,0.2,0.25,0.75,14.65,-26.87,True
1.02,0.02,0.95,0.4,0.2,0.5,0.5,14.19,-25.43,True
1.02,0.02,0.95,0.4,0.2,0.75,0.25,13.68,-23.69,True
1.02,0.02,0.95,0.4,0.2,1.0,0.0,13.13,-21.57,True
1.02,0.02,0.95,0.4,0.3,0.0,1.0,15.19,-28.33,True
1.02,0.02,0.95,0.4,0.3,0.25,0.75,14.85,-27.25,True
1.02,0.02,0.95,0.4,0.3,0.5,0.5,14.48,-25.99,True
1.02,0.02,0.95,0.4,0.3,0.75,0.25,14.09,-24.51,True
1.02,0.02,0.95,0.4,0.3,1.0,0.0,13.66,-22.8,True
1.02,0.02,0.97,0.1,0.0,0.0,1.0,5.9,-22.06,True
1.02,0.02,0.97,0.1,0.0,0.25,0.75,5.69,-20.8,True
1.02,0.02,0.97,0.1,0.0,0.5,0.5,5.44,-19.29,True
1.02,0.02,0.97,0.1,0.0,0.75,0.25,5.16,-17.45,True
1.02,0.02,0.97,0.1,0.0,1.0,0.0,4.85,-15.15,True
1.02,0.02,0.97,0.1,0.1,0.0,1.0,8.87,-24.2,True
1.02,0.02,0.97,0.1,0.1,0.25,0.75,8.73,-23.41,True
1.02,0.02,0.97,0.1,0.1,0.5,0.5,8.57,-22.5,True
1.02,0.02,0.97,0.1,0.1,0.75,0.25,8.4,-21.42,True
1.02,0.02,0.97,0.1,0.1,1.0,0.0,8.21,-20.15,True
1.02,0.02,0.97,0.1,0.2,0.0,1.0,10.67,-25.41,True
1.02,0.02,0.97,0.1,0.2,0.25,0.75,10.58,-24.86,True
1.02,0.02,0.97,0.1,0.2,0.5,0.5,10.47,-24.23,True
1.02,0.02,0.97,0.1,0.2,0.75,0.25,10.34,-23.52,True
1.02,0.02,0.97,0.1,0.2,1.0,0.0,10.2,-22.71,True
1.02,0.02,0.97,0.1,0.3,0.0,1.0,11.98,-26.27,True
1.02,0.02,0.97,0.1,0.3,0.25,0.75,11.89,-25.87,True
1.02,0.02,0.97,0.1,0.3,0.5,0.5,11.8,-25.42,True
1.02,0.02,0.97,0.1,0.3,0.75,0.25,11.69,-24.94,True
1.02,0.02,0.97,0.1,0.3,1.0,0.0,11.57,-24.4,True
1.02,0.02,0.97,0.2,0.0,0.0,1.0,8.05,-22.06,True
1.02,0.02,0.97,0.2,0.0,0.25,0.75,7.82,-20.85,True
1.02,0.02,0.97,0.2,0.0,0.5,0.5,7.54,-19.38,True
1.02,0.02,0.97,0.2,0.0,0.75,0.25,7.2,-17.53,True
1.02,0.02,0.97,0.2,0.0,1.0,0.0,6.8,-15.15,True
1.02,0.02,0.97,0.2,0.1,0.0,1.0,10.31,-23.37,True
1.02,0.02,0.97,0.2,0.1,0.25,0.75,10.13,-22.49,True
1.02,0.02,0.97,0.2,0.1,0.5,0.5,9.91,-21.44,True
1.02,0.02,0.97,0.2,0.1,0.75,0.25,9.66,-20.18,True
1.02,0.02,0.97,0.2,0.1,1.0,0.0,9.37,-18.63,True
1.02,0.02,0.97,0.2,0.2,0.0,1.0,11.81,-24.26,True
1.02,0.02,0.97,0.2,0.2,0.25,0.75,11.65,-23.58,True
1.02,0.02,0.97,0.2,0.2,0.5,0.5,11.46,-22.8,True
1.02,0.02,0.97,0.2,0.2,0.75,0.25,11.24,-21.91,True
1.02,0.02,0.97,0.2,0.2,1.0,0.0,11.0,-20.87,True
1.02,0.02,0.97,0.2,0.3,0.0,1.0,12.76,-25.14,True
1.02,0.02,0.97,0.2,0.3,0.25,0.75,12.63,-24.64,True
1.02,0.02,0.97,0.2,0.3,0.5,0.5,12.47,-24.08,True
1.02,0.02,0.97,0.2,0.3,0.75,0.25,12.3,-23.47,True
1.02,0.02,0.97,0.2,0.3,1.0,0.0,12.11,-22.79,True
1.02,0.02,0.97,0.3,0.0,0.0,1.0,9.35,-22.06,True
1.02,0.02,0.97,0.3,0.0,0.25,0.75,9.09,-20.88,True
1.02,0.02,0.97,0.3,0.0,0.5,0.5,8.76,-19.42,True
1.02,0.02,0.97,0.3,0.0,0.75,0.25,8.37,-17.57,True
1.02,0.02,0.97,0.3,0.0,1.0,0.0,7.89,-15.15,True
1.02,0.02,0.97,0.3,0.1,0.0,1.0,11.09,-23.11,True
1.02,0.02,0.97,0.3,0.1,0.25,0.75,10.87,-22.19,True
1.02,0.02,0.97,0.3,0.1,0.5,0.5,10.62,-21.1,True
1.02,0.02,0.97,0.3,0.1,0.75,0.25,10.32,-19.77,True
1.02,0.02,0.97,0.3,0.1,1.0,0.0,9.97,-18.12,True
1.02,0.02,0.97,0.3,0.2,0.0,1.0,12.31,-23.97,True
1.02,0.02,0.97,0.3,0.2,0.25,0.75,12.12,-23.26,True
1.02,0.02,0.97,0.3,0.2,0.5,0.5,11.91,-22.44,True
1.02,0.02,0.97,0.3,0.2,0.75,0.25,11.66,-21.48,True
1.02,0.02,0.97,0.3,0.2,1.0,0.0,11.38,-20.34,True
1.02,0.02,0.97,0.3,0.3,0.0,1.0,13.16,-24.83,True
1.02,0.02,0.97,0.3,0.3,0.25,0.75,13.01,-24.29,True
1.02,0.02,0.97,0.3,0.3,0.5,0.5,12.83,-23.69,True
1.02,0.02,0.97,0.3,0.3,0.75,0.25,12.63,-23.02,True
1.02,0.02,0.97,0.3,0.3,1.0,0.0,12.42,-22.28,True
1.02,0.02,0.97,0.4,0.0,0.0,1.0,10.06,-22.06,True
1.02,0.02,0.97,0.4,0.0,0.25,0.75,9.77,-20.89,True
1.02,0.02,0.97,0.4,0.0,0.5,0.5,9.42,-19.44,True
1.02,0.02,0.97,0.4,0.0,0.75,0.25,8.98,-17.59,True
1.02,0.02,0.97,0.4,0.0,1.0,0.0,8.47,-15.15,True
1.02,0.02,0.97,0.4,0.1,0.0,1.0,11.59,-23.01,True
1.02,0.02,0.97,0.4,0.1,0.25,0.75,11.36,-22.08,True
1.02,0.02,0.97,0.4,0.1,0.5,0.5,11.08,-20.97,True
1.02,0.02,0.97,0.4,0.1,0.75,0.25,10.74,-19.61,True
1.02,0.02,0.97,0.4,0.1,1.0,0.0,10.36,-17.9,True
1.02,0.02,0.97,0.4,0.2,0.0,1.0,12.58,-23.9,True
1.02,0.02,0.97,0.4,0.2,0.25,0.75,12.39,-23.18,True
1.02,0.02,0.97,0.4,0.2,0.5,0.5,12.18,-22.33,True
1.02,0.02,0.97,0.4,0.2,0.75,0.25,11.92,-21.34,True
1.02,0.02,0.97,0.4,0.2,1.0,0.0,11.63,-20.17,True
1.02,0.02,0.97,0.4,0.3,0.0,1.0,13.49,-24.69,True
1.02,0.02,0.97,0.4,0.3,0.25,0.75,13.33,-24.13,True
1.02,0.02,0.97,0.4,0.3,0.5,0.5,13.14,-23.5,True
1.02,0.02,0.97,0.4,0.3,0.75,0.25,12.92,-22.8,True
1.02,0.02,0.97,0.4,0.3,1.0,0.0,12.67,-22.01,True
1.02,0.02,0.99,0.1,0.0,0.0,1.0,4.35,-25.29,True
1.02,0.02,0.99,0.1,0.0,0.25,0.75,4.12,-23.41,True
1.02,0.02,0.99,0.1,0.0,0.5,0.5,3.89,-21.4,True
1.02,0.02,0.99,0.1,0.0,0.75,0.25,3.64,-19.24,True
1.02,0.02,0.99,0.1,0.0,1.0,0.0,3.39,-16.93,True
1.02,0.02,0.99,0.1,0.1,0.0,1.0,7.92,-22.65,True
1.02,0.02,0.99,0.1,0.1,0.25,0.75,7.81,-20.75,True
1.02,0.02,0.99,0.1,0.1,0.5,0.5,7.69,-18.73,True
1.02,0.02,0.99,0.1,0.1,0.75,0.25,7.58,-16.57,True
1.02,0.02,0.99,0.1,0.1,1.0,0.0,7.46,-14.91,True
1.02,0.02,0.99,0.1,0.2,0.0,1.0,9.84,-19.15,True
1.02,0.02,0.99,0.1,0.2,0.25,0.75,9.77,-19.0,True
1.02,0.02,0.99,0.1,0.2,0.5,0.5,9.7,-19.52,True
1.02,0.02,0.99,0.1,0.2,0.75,0.25,9.63,-20.07,True
1.02,0.02,0.99,0.1,0.2,1.0,0.0,9.56,-20.65,True
1.02,0.02,0.99,0.1,0.3,0.0,1.0,11.19,-22.19,True
1.02,0.02,0.99,0.1,0.3,0.25,0.75,11.14,-22.68,True
1.02,0.02,0.99,0.1,0.3,0.5,0.5,11.1,-23.19,True
1.02,0.02,0.99,0.1,0.3,0.75,0.25,11.05,-23.72,True
1.02,0.02,0.99,0.1,0.3,1.0,0.0,11.0,-24.28,True
1.02,0.02,0.99,0.2,0.0,0.0,1.0,5.7,-29.72,True
1.02,0.02,0.99,0.2,0.0,0.25,0.75,5.5,-27.69,True
1.02,0.02,0.99,0.2,0.0,0.5,0.5,5.27,-25.49,True
1.02,0.02,0.99,0.2,0.0,0.75,0.25,5.01,-23.09,True
1.02,0.02,0.99,0.2,0.0,1.0,0.0,4.72,-20.47,True
1.02,0.02,0.99,0.2,0.1,0.0,1.0,8.3,-26.67,True
1.02,0.02,0.99,0.2,0.1,0.25,0.75,8.21,-24.63,True
1.02,0.02,0.99,0.2,0.1,0.5,0.5,8.1,-22.44,True
1.02,0.02,0.99,0.2,0.1,0.75,0.25,7.98,-20.06,True
1.02,0.02,0.99,0.2,0.1,1.0,0.0,7.85,-17.47,True
1.02,0.02,0.99,0.2,0.2,0.0,1.0,10.11,-23.57,True
1.02,0.02,0.99,0.2,0.2,0.25,0.75,10.05,-21.55,True
1.02,0.02,0.99,0.2,0.2,0.5,0.5,9.98,-19.55,True
1.02,0.02,0.99,0.2,0.2,0.75,0.25,9.9,-19.99,True
1.02,0.02,0.99,0.2,0.2,1.0,0.0,9.82,-20.51,True
1.02,0.02,0.99,0.2,0.3,0.0,1.0,11.43,-22.81,True
1.02,0.02,0.99,0.2,0.3,0.25,0.75,11.38,-23.15,True
1.02,0.02,0.99,0.2,0.3,0.5,0.5,11.33,-23.54,True
1.02,0.02,0.99,0.2,0.3,0.75,0.25,11.27,-23.92,True
1.02,0.02,0.99,0.2,0.3,1.0,0.0,11.21,-24.31,True
1.02,0.02,0.99,0.3,0.0,0.0,1.0,5.69,-33.14,True
1.02,0.02,0.99,0.3,0.0,0.25,0.75,5.54,-30.91,True
1.02,0.02,0.99,0.3,0.0,0.5,0.5,5.36,-28.5,True
1.02,0.02,0.99,0.3,0.0,0.75,0.25,5.14,-25.89,True
1.02,0.02,0.99,0.3,0.0,1.0,0.0,4.88,-23.04,True
1.02,0.02,0.99,0.3,0.1,0.0,1.0,8.43,-30.25,True
1.02,0.02,0.99,0.3,0.1,0.25,0.75,8.36,-28.0,True
1.02,0.02,0.99,0.3,0.1,0.5,0.5,8.27,-25.59,True
1.02,0.02,0.99,0.3,0.1,0.75,0.25,8.16,-22.99,True
1.02,0.02,0.99,0.3,0.1,1.0,0.0,8.03,-20.17,True
1.02,0.02,0.99,0.3,0.2,0.0,1.0,10.27,-26.98,True
1.02,0.02,0.99,0.3,0.2,0.25,0.75,10.23,-24.71,True
1.02,0.02,0.99,0.3,0.2,0.5,0.5,10.18,-22.29,True
1.02,0.02,0.99,0.3,0.2,0.75,0.25,10.1,-20.67,True
1.02,0.02,0.99,0.3,0.2,1.0,0.0,10.02,-20.92,True
1.02,0.02,0.99,0.3,0.3,0.0,1.0,11.63,-23.55,True
1.02,0.02,0.99,0.3,0.3,0.25,0.75,11.6,-23.5,True
1.02,0.02,0.99,0.3,0.3,0.5,0.5,11.56,-23.62,True
1.02,0.02,0.99,0.3,0.3,0.75,0.25,11.51,-23.84,True
1.02,0.02,0.99,0.3,0.3,1.0,0.0,11.43,-24.13,True
1.02,0.02,0.99,0.4,0.0,0.0,1.0,5.8,-35.69,True
1.02,0.02,0.99,0.4,0.0,0.25,0.75,5.68,-33.29,True
1.02,0.02,0.99,0.4,0.0,0.5,0.5,5.53,-30.72,True
1.02,0.02,0.99,0.4,0.0,0.75,0.25,5.32,-27.94,True
1.02,0.02,0.99,0.4,0.0,1.0,0.0,5.07,-24.93,True
1.02,0.02,0.99,0.4,0.1,0.0,1.0,8.68,-32.53,True
1.02,0.02,0.99,0.4,0.1,0.25,0.75,8.62,-30.12,True
1.02,0.02,0.99,0.4,0.1,0.5,0.5,8.54,-27.54,True
1.02,0.02,0.99,0.4,0.1,0.75,0.25,8.44,-24.77,True
1.02,0.02,0.99,0.4,0.1,1.0,0.0,8.31,-21.79,True
1.02,0.02,0.99,0.4,0.2,0.0,1.0,10.54,-29.3,True
1.02,0.02,0.99,0.4,0.2,0.25,0.75,10.5,-26.9,True
1.02,0.02,0.99,0.4,0.2,0.5,0.5,10.44,-24.34,True
1.02,0.02,0.99,0.4,0.2,0.75,0.25,10.36,-21.6,True
1.02,0.02,0.99,0.4,0.2,1.0,0.0,10.26,-20.93,True
1.02,0.02,0.99,0.4,0.3,0.0,1.0,11.86,-25.29,True
1.02,0.02,0.99,0.4,0.3,0.25,0.75,11.81,-23.53,True
1.02,0.02,0.99,0.4,0.3,0.5,0.5,11.74,-23.59,True
1.02,0.02,0.99,0.4,0.3,0.75,0.25,11.65,-23.74,True
1.02,0.02,0.99,0.4,0.3,1.0,0.0,11.56,-24.01,True
1.02,0.02,1.0,0.1,0.0,0.0,1.0,1.69,-25.29,True
1.02,0.02,1.0,0.1,0.0,0.25,0.75,1.66,-23.41,True
1.02,0.02,1.0,0.1,0.0,0.5,0.5,1.63,-21.4,True
1.02,0.02,1.0,0.1,0.0,0.75,0.25,1.59,-19.24,True
1.02,0.02,1.0,0.1,0.0,1.0,0.0,1.55,-16.93,True
1.02,0.02,1.0,0.1,0.1,0.0,1.0,6.55,-22.48,True
1.02,0.02,1.0,0.1,0.1,0.25,0.75,6.56,-20.59,True
1.02,0.02,1.0,0.1,0.1,0.5,0.5,6.57,-18.58,True
1.02,0.02,1.0,0.1,0.1,0.75,0.25,6.58,-18.24,True
1.02,0.02,1.0,0.1,0.1,1.0,0.0,6.59,-18.36,True
1.02,0.02,1.0,0.1,0.2,0.0,1.0,9.0,-23.43,True
1.02,0.02,1.0,0.1,0.2,0.25,0.75,9.01,-23.51,True
1.02,0.02,1.0,0.1,0.2,0.5,0.5,9.02,-23.6,True
1.02,0.02,1.0,0.1,0.2,0.75,0.25,9.03,-23.72,True
1.02,0.02,1.0,0.1,0.2,1.0,0.0,9.03,-23.85,True
1.02,0.02,1.0,0.1,0.3,0.0,1.0,10.61,-26.57,True
1.02,0.02,1.0,0.1,0.3,0.25,0.75,10.62,-26.62,True
1.02,0.02,1.0,0.1,0.3,0.5,0.5,10.63,-26.67,True
1.02,0.02,1.0,0.1,0.3,0.75,0.25,10.64,-26.74,True
1.02,0.02,1.0,0.1,0.3,1.0,0.0,10.64,-26.82,True
1.02,0.02,1.0,0.2,0.0,0.0,1.0,2.15,-29.72,True
1.02,0.02,1.0,0.2,0.0,0.25,0.75,2.18,-27.69,True
1.02,0.02,1.0,0.2,0.0,0.5,0.5,2.19,-25.49,True
1.02,0.02,1.0,0.2,0.0,0.75,0.25,2.19,-23.09,True
1.02,0.02,1.0,0.2,0.0,1.0,0.0,2.18,-20.47,True
1.02,0.02,1.0,0.2,0.1,0.0,1.0,6.74,-26.52,True
1.02,0.02,1.0,0.2,0.1,0.25,0.75,6.77,-24.49,True
1.02,0.02,1.0,0.2,0.1,0.5,0.5,6.79,-22.3,True
1.02,0.02,1.0,0.2,0.1,0.75,0.25,6.81,-19.92,True
1.02,0.02,1.0,0.2,0.1,1.0,0.0,6.82,-17.56,True
1.02,0.02,1.0,0.2,0.2,0.0,1.0,9.11,-23.5,True
1.02,0.02,1.0,0.2,0.2,0.25,0.75,9.13,-23.43,True
1.02,0.02,1.0,0.2,0.2,0.5,0.5,9.14,-23.37,True
1.02,0.02,1.0,0.2,0.2,0.75,0.25,9.16,-23.34,True
1.02,0.02,1.0,0.2,0.2,1.0,0.0,9.17,-23.35,True
1.02,0.02,1.0,0.2,0.3,0.0,1.0,10.67,-26.78,True
1.02,0.02,1.0,0.2,0.3,0.25,0.75,10.68,-26.7,True
1.02,0.02,1.0,0.2,0.3,0.5,0.5,10.7,-26.65,True
1.02,0.02,1.0,0.2,0.3,0.75,0.25,10.71,-26.62,True
1.02,0.02,1.0,0.2,0.3,1.0,0.0,10.72,-26.63,True
1.02,0.02,1.0,0.3,0.0,0.0,1.0,1.85,-33.14,True
1.02,0.02,1.0,0.3,0.0,0.25,0.75,1.96,-30.91,True
1.02,0.02,1.0,0.3,0.0,0.5,0.5,2.05,-28.5,True
1.02,0.02,1.0,0.3,0.0,0.75,0.25,2.12,-25.89,True
1.02,0.02,1.0,0.3,0.0,1.0,0.0,2.17,-23.04,True
1.02,0.02,1.0,0.3,0.1,0.0,1.0,6.68,-30.02,True
1.02,0.02,1.0,0.3,0.1,0.25,0.75,6.74,-27.77,True
1.02,0.02,1.0,0.3,0.1,0.5,0.5,6.78,-25.37,True
1.02,0.02,1.0,0.3,0.1,0.75,0.25,6.82,-22.78,True
1.02,0.02,1.0,0.3,0.1,1.0,0.0,6.85,-19.97,True
1.02,0.02,1.0,0.3,0.2,0.0,1.0,9.08,-26.46,True
1.02,0.02,1.0,0.3,0.2,0.25,0.75,9.12,-24.2,True
1.02,0.02,1.0,0.3,0.2,0.5,0.5,9.16,-23.93,True
1.02,0.02,1.0,0.3,0.2,0.75,0.25,9.18,-23.8,True
1.02,0.02,1.0,0.3,0.2,1.0,0.0,9.19,-23.72,True
1.02,0.02,1.0,0.3,0.3,0.0,1.0,10.68,-27.02,True
1.02,0.02,1.0,0.3,0.3,0.25,0.75,10.71,-26.88,True
1.02,0.02,1.0,0.3,0.3,0.5,0.5,10.73,-26.74,True
1.02,0.02,1.0,0.3,0.3,0.75,0.25,10.76,-26.61,True
1.02,0.02,1.0,0.3,0.3,1.0,0.0,10.77,-26.51,True
1.02,0.02,1.0,0.4,0.0,0.0,1.0,1.63,-35.69,True
1.02,0.02,1.0,0.4,0.0,0.25,0.75,1.79,-33.29,True
1.02,0.02,1.0,0.4,0.0,0.5,0.5,1.92,-30.72,True
1.02,0.02,1.0,0.4,0.0,0.75,0.25,2.04,-27.94,True
1.02,0.02,1.0,0.4,0.0,1.0,0.0,2.13,-24.93,True
1.02,0.02,1.0,0.4,0.1,0.0,1.0,6.74,-32.23,True
1.02,0.02,1.0,0.4,0.1,0.25,0.75,6.81,-29.83,True
1.02,0.02,1.0,0.4,0.1,0.5,0.5,6.87,-27.26,True
1.02,0.02,1.0,0.4,0.1,0.75,0.25,6.91,-24.51,True
1.02,0.02,1.0,0.4,0.1,1.0,0.0,6.95,-21.54,True
1.02,0.02,1.0,0.4,0.2,0.0,1.0,9.12,-28.75,True
1.02,0.02,1.0,0.4,0.2,0.25,0.75,9.16,-26.35,True
1.02,0.02,1.0,0.4,0.2,0.5,0.5,9.2,-23.95,True
1.02,0.02,1.0,0.4,0.2,0.75,0.25,9.23,-23.79,True
1.02,0.02,1.0,0.4,0.2,1.0,0.0,9.26,-23.65,True
1.02,0.02,1.0,0.4,0.3,0.0,1.0,10.69,-26.69,True
1.02,0.02,1.0,0.4,0.3,0.25,0.75,10.72,-26.48,True
1.02,0.02,1.0,0.4,0.3,0.5,0.5,10.75,-26.33,True
1.02,0.02,1.0,0.4,0.3,0.75,0.25,10.77,-26.22,True
1.02,0.02,1.0,0.4,0.3,1.0,0.0,10.79,-26.16,True
1.02,0.02,1.01,0.1,0.0,0.0,1.0,2.84,-18.82,True
1.02,0.02,1.01,0.1,0.0,0.25,0.75,2.72,-17.31,True
1.02,0.02,1.01,0.1,0.0,0.5,0.5,2.6,-15.69,True
1.02,0.02,1.01,0.1,0.0,0.75,0.25,2.47,-13.96,True
1.02,0.02,1.01,0.1,0.0,1.0,0.0,2.34,-12.1,True
1.02,0.02,1.01,0.1,0.1,0.0,1.0,7.15,-16.69,True
1.02,0.02,1.01,0.1,0.1,0.25,0.75,7.1,-15.14,True
1.02,0.02,1.01,0.1,0.1,0.5,0.5,7.06,-15.18,True
1.02,0.02,1.01,0.1,0.1,0.75,0.25,7.02,-15.57,True
1.02,0.02,1.01,0.1,0.1,1.0,0.0,6.97,-15.98,True
1.02,0.02,1.01,0.1,0.2,0.0,1.0,9.36,-20.0,True
1.02,0.02,1.01,0.1,0.2,0.25,0.75,9.34,-20.38,True
1.02,0.02,1.01,0.1,0.2,0.5,0.5,9.32,-20.76,True
1.02,0.02,1.01,0.1,0.2,0.75,0.25,9.29,-21.16,True
1.02,0.02,1.01,0.1,0.2,1.0,0.0,9.27,-21.57,True
1.02,0.02,1.01,0.1,0.3,0.0,1.0,10.91,-22.97,True
1.02,0.02,1.01,0.1,0.3,0.25,0.75,10.9,-23.33,True
1.02,0.02,1.01,0.1,0.3,0.5,0.5,10.88,-23.7,True
1.02,0.02,1.01,0.1,0.3,0.75,0.25,10.86,-24.08,True
1.02,0.02,1.01,0.1,0.3,1.0,0.0,10.84,-24.49,True
1.02,0.02,1.01,0.2,0.0,0.0,1.0,4.34,-21.33,True
1.02,0.02,1.01,0.2,0.0,0.25,0.75,4.18,-19.75,True
1.02,0.02,1.01,0.2,0.0,0.5,0.5,4.01,-18.04,True
1.02,0.02,1.01,0.2,0.0,0.75,0.25,3.83,-16.16,True
1.02,0.02,1.01,0.2,0.0,1.0,0.0,3.63,-14.11,True
1.02,0.02,1.01,0.2,0.1,0.0,1.0,7.74,-18.83,True
1.02,0.02,1.01,0.2,0.1,0.25,0.75,7.67,-17.22,True
1.02,0.02,1.01,0.2,0.1,0.5,0.5,7.6,-15.48,True
1.02,0.02,1.01,0.2,0.1,0.75,0.25,7.53,-13.58,True
1.02,0.02,1.01,0.2,0.1,1.0,0.0,7.45,-13.12,True
1.02,0.02,1.01,0.2,0.2,0.0,1.0,9.72,-16.81,True
1.02,0.02,1.01,0.2,0.2,0.25,0.75,9.69,-17.31,True
1.02,0.02,1.01,0.2,0.2,0.5,0.5,9.66,-17.85,True
1.02,0.02,1.01,0.2,0.2,0.75,0.25,9.62,-18.42,True
1.02,0.02,1.01,0.2,0.2,1.0,0.0,9.57,-19.02,True
1.02,0.02,1.01,0.2,0.3,0.0,1.0,11.14,-20.54,True
1.02,0.02,1.01,0.2,0.3,0.25,0.75,11.13,-21.02,True
1.02,0.02,1.01,0.2,0.3,0.5,0.5,11.1,-21.52,True
1.02,0.02,1.01,0.2,0.3,0.75,0.25,11.07,-22.08,True
1.02,0.02,1.01,0.2,0.3,1.0,0.0,11.04,-22.65,True
1.02,0.02,1.01,0.3,0.0,0.0,1.0,4.61,-22.8,True
1.02,0.02,1.01,0.3,0.0,0.25,0.75,4.48,-21.11,True
1.02,0.02,1.01,0.3,0.0,0.5,0.5,4.33,-19.29,True
1.02,0.02,1.01,0.3,0.0,0.75,0.25,4.16,-17.3,True
1.02,0.02,1.01,0.3,0.0,1.0,0.0,3.97,-15.12,True
1.02,0.02,1.01,0.3,0.1,0.0,1.0,7.85,-20.38,True
1.02,0.02,1.01,0.3,0.1,0.25,0.75,7.81,-18.65,True
1.02,0.02,1.01,0.3,0.1,0.5,0.5,7.75,-16.79,True
1.02,0.02,1.01,0.3,0.1,0.75,0.25,7.68,-14.78,True
1.02,0.02,1.01,0.3,0.1,1.0,0.0,7.61,-12.6,True
1.02,0.02,1.01,0.3,0.2,0.0,1.0,9.88,-17.93,True
1.02,0.02,1.01,0.3,0.2,0.25,0.75,9.86,-16.16,True
1.02,0.02,1.01,0.3,0.2,0.5,0.5,9.82,-16.77,True
1.02,0.02,1.01,0.3,0.2,0.75,0.25,9.77,-17.4,True
1.02,0.02,1.01,0.3,0.2,1.0,0.0,9.72,-18.06,True
1.02,0.02,1.01,0.3,0.3,0.0,1.0,11.27,-19.01,True
1.02,0.02,1.01,0.3,0.3,0.25,0.75,11.25,-19.58,True
1.02,0.02,1.01,0.3,0.3,0.5,0.5,11.22,-20.18,True
1.02,0.02,1.01,0.3,0.3,0.75,0.25,11.2,-20.81,True
1.02,0.02,1.01,0.3,0.3,1.0,0.0,11.15,-21.45,True
1.02,0.02,1.01,0.4,0.0,0.0,1.0,4.8,-24.3,True
1.02,0.02,1.01,0.4,0.0,0.25,0.75,4.68,-22.49,True
1.02,0.02,1.01,0.4,0.0,0.5,0.5,4.54,-20.55,True
1.02,0.02,1.01,0.4,0.0,0.75,0.25,4.38,-18.45,True
1.02,0.02,1.01,0.4,0.0,1.0,0.0,4.2,-16.16,True
1.02,0.02,1.01,0.4,0.1,0.0,1.0,8.11,-22.08,True
1.02,0.02,1.01,0.4,0.1,0.25,0.75,8.06,-20.22,True
1.02,0.02,1.01,0.4,0.1,0.5,0.5,8.0,-18.23,True
1.02,0.02,1.01,0.4,0.1,0.75,0.25,7.93,-16.09,True
1.02,0.02,1.01,0.4,0.1,1.0,0.0,7.85,-13.77,True
1.02,0.02,1.01,0.4,0.2,0.0,1.0,10.06,-19.81,True
1.02,0.02,1.01,0.4,0.2,0.25,0.75,10.02,-17.91,True
1.02,0.02,1.01,0.4,0.2,0.5,0.5,9.98,-15.88,True
1.02,0.02,1.01,0.4,0.2,0.75,0.25,9.93,-16.18,True
1.02,0.02,1.01,0.4,0.2,1.0,0.0,9.87,-16.92,True
1.02,0.02,1.01,0.4,0.3,0.0,1.0,11.41,-17.46,True
1.02,0.02,1.01,0.4,0.3,0.25,0.75,11.38,-18.08,True
1.02,0.02,1.01,0.4,0.3,0.5,0.5,11.35,-18.75,True
1.02,0.02,1.01,0.4,0.3,0.75,0.25,11.31,-19.46,True
1.02,0.02,1.01,0.4,0.3,1.0,0.0,11.27,-20.24,True
1.02,0.02,1.02,0.1,0.0,0.0,1.0,2.35,-15.48,True
1.02,0.02,1.02,0.1,0.0,0.25,0.75,2.25,-14.21,True
1.02,0.02,1.02,0.1,0.0,0.5,0.5,2.14,-12.87,True
1.02,0.02,1.02,0.1,0.0,0.75,0.25,2.02,-11.45,True
1.02,0.02,1.02,0.1,0.0,1.0,0.0,1.91,-9.93,True
1.02,0.02,1.02,0.1,0.1,0.0,1.0,7.01,-15.45,True
1.02,0.02,1.02,0.1,0.1,0.25,0.75,6.97,-15.79,True
1.02,0.02,1.02,0.1,0.1,0.5,0.5,6.92,-16.14,True
1.02,0.02,1.02,0.1,0.1,0.75,0.25,6.88,-16.5,True
1.02,0.02,1.02,0.1,0.1,1.0,0.0,6.83,-16.87,True
1.02,0.02,1.02,0.1,0.2,0.0,1.0,9.25,-21.07,True
1.02,0.02,1.02,0.1,0.2,0.25,0.75,9.23,-21.4,True
1.02,0.02,1.02,0.1,0.2,0.5,0.5,9.21,-21.75,True
1.02,0.02,1.02,0.1,0.2,0.75,0.25,9.19,-22.11,True
1.02,0.02,1.02,0.1,0.2,1.0,0.0,9.16,-22.48,True
1.02,0.02,1.02,0.1,0.3,0.0,1.0,10.8,-24.17,True
1.02,0.02,1.02,0.1,0.3,0.25,0.75,10.79,-24.48,True
1.02,0.02,1.02,0.1,0.3,0.5,0.5,10.78,-24.78,True
1.02,0.02,1.02,0.1,0.3,0.75,0.25,10.76,-25.09,True
1.02,0.02,1.02,0.1,0.3,1.0,0.0,10.75,-25.41,True
1.02,0.02,1.02,0.2,0.0,0.0,1.0,3.83,-18.53,True
1.02,0.02,1.02,0.2,0.0,0.25,0.75,3.68,-17.14,True
1.02,0.02,1.02,0.2,0.0,0.5,0.5,3.51,-15.65,True
1.02,0.02,1.02,0.2,0.0,0.75,0.25,3.34,-14.03,True
1.02,0.02,1.02,0.2,0.0,1.0,0.0,3.15,-12.26,True
1.02,0.02,1.02,0.2,0.1,0.0,1.0,7.44,-16.08,True
1.02,0.02,1.02,0.2,0.1,0.25,0.75,7.38,-14.66,True
1.02,0.02,1.02,0.2,0.1,0.5,0.5,7.32,-13.36,True
1.02,0.02,1.02,0.2,0.1,0.75,0.25,7.26,-13.86,True
1.02,0.02,1.02,0.2,0.1,1.0,0.0,7.19,-14.38,True
1.02,0.02,1.02,0.2,0.2,0.0,1.0,9.58,-18.12,True
1.02,0.02,1.02,0.2,0.2,0.25,0.75,9.55,-18.58,True
1.02,0.02,1.02,0.2,0.2,0.5,0.5,9.52,-19.06,True
1.02,0.02,1.02,0.2,0.2,0.75,0.25,9.49,-19.56,True
1.02,0.02,1.02,0.2,0.2,1.0,0.0,9.45,-20.1,True
1.02,0.02,1.02,0.2,0.3,0.0,1.0,11.08,-21.77,True
1.02,0.02,1.02,0.2,0.3,0.25,0.75,11.05,-22.21,True
1.02,0.02,1.02,0.2,0.3,0.5,0.5,11.02,-22.66,True
1.02,0.02,1.02,0.2,0.3,0.75,0.25,10.99,-23.13,True
1.02,0.02,1.02,0.2,0.3,1.0,0.0,10.96,-23.61,True
1.02,0.02,1.02,0.3,0.0,0.0,1.0,3.94,-20.47,True
1.02,0.02,1.02,0.3,0.0,0.25,0.75,3.82,-18.95,True
1.02,0.02,1.02,0.3,0.0,0.5,0.5,3.68,-17.31,True
1.02,0.02,1.02,0.3,0.0,0.75,0.25,3.53,-15.54,True
1.02,0.02,1.02,0.3,0.0,1.0,0.0,3.37,-13.61,True
1.02,0.02,1.02,0.3,0.1,0.0,1.0,7.55,-18.05,True
1.02,0.02,1.02,0.3,0.1,0.25,0.75,7.51,-16.49,True
1.02,0.02,1.02,0.3,0.1,0.5,0.5,7.47,-14.83,True
1.02,0.02,1.02,0.3,0.1,0.75,0.25,7.42,-13.04,True
1.02,0.02,1.02,0.3,0.1,1.0,0.0,7.36,-13.4,True
1.02,0.02,1.02,0.3,0.2,0.0,1.0,9.77,-17.13,True
1.02,0.02,1.02,0.3,0.2,0.25,0.75,9.74,-17.62,True
1.02,0.02,1.02,0.3,0.2,0.5,0.5,9.7,-18.13,True
1.02,0.02,1.02,0.3,0.2,0.75,0.25,9.65,-18.68,True
1.02,0.02,1.02,0.3,0.2,1.0,0.0,9.6,-19.26,True
1.02,0.02,1.02,0.3,0.3,0.0,1.0,11.22,-20.32,True
1.02,0.02,1.02,0.3,0.3,0.25,0.75,11.19,-20.81,True
1.02,0.02,1.02,0.3,0.3,0.5,0.5,11.15,-21.33,True
1.02,0.02,1.02,0.3,0.3,0.75,0.25,11.11,-21.87,True
1.02,0.02,1.02,0.3,0.3,1.0,0.0,11.07,-22.44,True
1.02,0.02,1.02,0.4,0.0,0.0,1.0,3.97,-22.43,True
1.02,0.02,1.02,0.4,0.0,0.25,0.75,3.87,-20.76,True
1.02,0.02,1.02,0.4,0.0,0.5,0.5,3.76,-18.97,True
1.02,0.02,1.02,0.4,0.0,0.75,0.25,3.64,-17.05,True
1.02,0.02,1.02,0.4,0.0,1.0,0.0,3.49,-14.97,True
1.02,0.02,1.02,0.4,0.1,0.0,1.0,7.84,-20.15,True
1.02,0.02,1.02,0.4,0.1,0.25,0.75,7.79,-18.44,True
1.02,0.02,1.02,0.4,0.1,0.5,0.5,7.73,-16.61,True
1.02,0.02,1.02,0.4,0.1,0.75,0.25,7.67,-14.66,True
1.02,0.02,1.02,0.4,0.1,1.0,0.0,7.59,-12.57,True
1.02,0.02,1.02,0.4,0.2,0.0,1.0,9.98,-17.86,True
1.02,0.02,1.02,0.4,0.2,0.25,0.75,9.93,-16.21,True
1.02,0.02,1.02,0.4,0.2,0.5,0.5,9.87,-16.79,True
1.02,0.02,1.02,0.4,0.2,0.75,0.25,9.81,-17.4,True
1.02,0.02,1.02,0.4,0.2,1.0,0.0,9.75,-18.05,True
1.02,0.02,1.02,0.4,0.3,0.0,1.0,11.41,-18.69,True
1.02,0.02,1.02,0.4,0.3,0.25,0.75,11.36,-19.28,True
1.02,0.02,1.02,0.4,0.3,0.5,0.5,11.31,-19.9,True
1.02,0.02,1.02,0.4,0.3,0.75,0.25,11.26,-20.58,True
1.02,0.02,1.02,0.4,0.3,1.0,0.0,11.2,-21.31,True
1.02,0.025,0.95,0.1,0.0,0.0,1.0,5.59,-27.68,True
1.02,0.025,0.95,0.1,0.0,0.25,0.75,5.36,-26.11,True
1.02,0.025,0.95,0.1,0.0,0.5,0.5,5.11,-24.26,True
1.02,0.025,0.95,0.1,0.0,0.75,0.25,4.83,-22.03,True
1.02,0.025,0.95,0.1,0.0,1.0,0.0,4.53,-19.3,True
1.02,0.025,0.95,0.1,0.1,0.0,1.0,8.73,-28.83,True
1.02,0.025,0.95,0.1,0.1,0.25,0.75,8.56,-27.73,True
1.02,0.025,0.95,0.1,0.1,0.5,0.5,8.38,-26.47,True
1.02,0.025,0.95,0.1,0.1,0.75,0.25,8.19,-25.01,True
1.02,0.025,0.95,0.1,0.1,1.0,0.0,7.98,-23.32,True
1.02,0.025,0.95,0.1,0.2,0.0,1.0,10.89,-29.37,True
1.02,0.025,0.95,0.1,0.2,0.25,0.75,10.74,-28.49,True
1.02,0.025,0.95,0.1,0.2,0.5,0.5,10.57,-27.51,True
1.02,0.025,0.95,0.1,0.2,0.75,0.25,10.4,-26.4,True
1.02,0.025,0.95,0.1,0.2,1.0,0.0,10.21,-25.14,True
1.02,0.025,0.95,0.1,0.3,0.0,1.0,12.35,-29.68,True
1.02,0.025,0.95,0.1,0.3,0.25,0.75,12.23,-28.94,True
1.02,0.025,0.95,0.1,0.3,0.5,0.5,12.09,-28.13,True
1.02,0.025,0.95,0.1,0.3,0.75,0.25,11.96,-27.24,True
1.02,0.025,0.95,0.1,0.3,1.0,0.0,11.79,-26.24,True
1.02,0.025,0.95,0.2,0.0,0.0,1.0,9.26,-27.68,True
1.02,0.025,0.95,0.2,0.0,0.25,0.75,8.84,-26.18,True
1.02,0.025,0.95,0.2,0.0,0.5,0.5,8.39,-24.37,True
1.02,0.025,0.95,0.2,0.0,0.75,0.25,7.91,-22.13,True
1.02,0.025,0.95,0.2,0.0,1.0,0.0,7.38,-19.3,True
1.02,0.025,0.95,0.2,0.1,0.0,1.0,11.7,-28.23,True
1.02,0.025,0.95,0.2,0.1,0.25,0.75,11.34,-27.0,True
1.02,0.025,0.95,0.2,0.1,0.5,0.5,10.97,-25.56,True
1.02,0.025,0.95,0.2,0.1,0.75,0.25,10.57,-23.83,True
1.02,0.025,0.95,0.2,0.1,1.0,0.0,10.14,-21.74,True
1.02,0.025,0.95,0.2,0.2,0.0,1.0,13.05,-28.6,True
1.02,0.025,0.95,0.2,0.2,0.25,0.75,12.73,-27.54,True
1.02,0.025,0.95,0.2,0.2,0.5,0.5,12.38,-26.33,True
1.02,0.025,0.95,0.2,0.2,0.75,0.25,12.02,-24.93,True
1.02,0.025,0.95,0.2,0.2,1.0,0.0,11.65,-23.28,True
1.02,0.025,0.95,0.2,0.3,0.0,1.0,13.96,-28.91,True
1.02,0.025,0.95,0.2,0.3,0.25,0.75,13.65,-28.0,True
1.02,0.025,0.95,0.2,0.3,0.5,0.5,13.34,-26.97,True
1.02,0.025,0.95,0.2,0.3,0.75,0.25,13.02,-25.82,True
1.02,0.025,0.95,0.2,0.3,1.0,0.0,12.69,-24.5,True
1.02,0.025,0.95,0.3,0.0,0.0,1.0,12.16,-27.68,True
1.02,0.025,0.95,0.3,0.0,0.25,0.75,11.61,-26.24,True
1.02,0.025,0.95,0.3,0.0,0.5,0.5,11.0,-24.46,True
1.02,0.025,0.95,0.3,0.0,0.75,0.25,10.35,-22.22,True
1.02,0.025,0.95,0.3,0.0,1.0,0.0,9.63,-19.3,True
1.02,0.025,0.95,0.3,0.1,0.0,1.0,13.37,-28.05,True
1.02,0.025,0.95,0.3,0.1,0.25,0.75,12.89,-26.79,True
1.02,0.025,0.95,0.3,0.1,0.5,0.5,12.37,-25.28,True
1.02,0.025,0.95,0.3,0.1,0.75,0.25,11.82,-23.44,True
1.02,0.025,0.95,0.3,0.1,1.0,0.0,11.24,-21.14,True
1.02,0.025,0.95,0.3,0.2,0.0,1.0,14.26,-28.35,True
1.02,0.025,0.95,0.3,0.2,0.25,0.75,13.81,-27.23,True
1.02,0.025,0.95,0.3,0.2,0.5,0.5,13.35,-25.92,True
1.02,0.025,0.95,0.3,0.2,0.75,0.25,12.87,-24.37,True
1.02,0.025,0.95,0.3,0.2,1.0,0.0,12.38,-22.5,True
1.02,0.025,0.95,0.3,0.3,0.0,1.0,14.88,-28.62,True
1.02,0.025,0.95,0.3,0.3,0.25,0.75,14.48,-27.63,True
1.02,0.025,0.95,0.3,0.3,0.5,0.5,14.06,-26.5,True
1.02,0.025,0.95,0.3,0.3,0.75,0.25,13.62,-25.2,True
1.02,0.025,0.95,0.3,0.3,1.0,0.0,13.18,-23.7,True
1.02,0.025,0.95,0.4,0.0,0.0,1.0,13.43,-27.68,True
1.02,0.025,0.95,0.4,0.0,0.25,0.75,12.81,-26.26,True
1.02,0.025,0.95,0.4,0.0,0.5,0.5,12.15,-24.5,True
1.02,0.025,0.95,0.4,0.0,0.75,0.25,11.42,-22.25,True
1.02,0.025,0.95,0.4,0.0,1.0,0.0,10.62,-19.3,True
1.02,0.025,0.95,0.4,0.1,0.0,1.0,14.37,-27.97,True
1.02,0.025,0.95,0.4,0.1,0.25,0.75,13.82,-26.69,True
1.02,0.025,0.95,0.4,0.1,0.5,0.5,13.24,-25.15,True
1.02,0.025,0.95,0.4,0.1,0.75,0.25,12.61,-23.24,True
1.02,0.025,0.95,0.4,0.1,1.0,0.0,11.95,-20.82,True
1.02,0.025,0.95,0.4,0.2,0.0,1.0,14.87,-28.23,True
1.02,0.025,0.95,0.4,0.2,0.25,0.75,14.38,-27.09,True
1.02,0.025,0.95,0.4,0.2,0.5,0.5,13.86,-25.74,True
1.02,0.025,0.95,0.4,0.2,0.75,0.25,13.32,-24.11,True
1.02,0.025,0.95,0.4,0.2,1.0,0.0,12.76,-22.14,True
1.02,0.025,0.95,0.4,0.3,0.0,1.0,15.19,-28.51,True
1.02,0.025,0.95,0.4,0.3,0.25,0.75,14.77,-27.49,True
1.02,0.025,0.95,0.4,0.3,0.5,0.5,14.32,-26.32,True
1.02,0.025,0.95,0.4,0.3,0.75,0.25,13.87,-24.96,True
1.02,0.025,0.95,0.4,0.3,1.0,0.0,13.4,-23.37,True
1.02,0.025,0.97,0.1,0.0,0.0,1.0,5.49,-22.06,True
1.02,0.025,0.97,0.1,0.0,0.25,0.75,5.22,-20.77,True
1.02,0.025,0.97,0.1,0.0,0.5,0.5,4.93,-19.24,True
1.02,0.025,0.97,0.1,0.0,0.75,0.25,4.61,-17.4,True
1.02,0.025,0.97,0.1,0.0,1.0,0.0,4.26,-15.15,True
1.02,0.025,0.97,0.1,0.1,0.0,1.0,8.7,-24.8,True
1.02,0.025,0.97,0.1,0.1,0.25,0.75,8.5,-24.06,True
1.02,0.025,0.97,0.1,0.1,0.5,0.5,8.28,-23.2,True
1.02,0.025,0.97,0.1,0.1,0.75,0.25,8.06,-22.22,True
1.02,0.025,0.97,0.1,0.1,1.0,0.0,7.82,-21.06,True
1.02,0.025,0.97,0.1,0.2,0.0,1.0,10.77,-25.95,True
1.02,0.025,0.97,0.1,0.2,0.25,0.75,10.61,-25.46,True
1.02,0.025,0.97,0.1,0.2,0.5,0.5,10.45,-24.92,True
1.02,0.025,0.97,0.1,0.2,0.75,0.25,10.26,-24.29,True
1.02,0.025,0.97,0.1,0.2,1.0,0.0,10.04,-23.57,True
1.02,0.025,0.97,0.1,0.3,0.0,1.0,12.16,-26.69,True
1.02,0.025,0.97,0.1,0.3,0.25,0.75,12.02,-26.33,True
1.02,0.025,0.97,0.1,0.3,0.5,0.5,11.87,-25.95,True
1.02,0.025,0.97,0.1,0.3,0.75,0.25,11.73,-25.53,True
1.02,0.025,0.97,0.1,0.3,1.0,0.0,11.57,-25.08,True
1.02,0.025,0.97,0.2,0.0,0.0,1.0,8.23,-22.06,True
1.02,0.025,0.97,0.2,0.0,0.25,0.75,7.84,-20.83,True
1.02,0.025,0.97,0.2,0.0,0.5,0.5,7.41,-19.33,True
1.02,0.025,0.97,0.2,0.0,0.75,0.25,6.94,-17.49,True
1.02,0.025,0.97,0.2,0.0,1.0,0.0,6.43,-15.15,True
1.02,0.025,0.97,0.2,0.1,0.0,1.0,10.79,-23.53,True
1.02,0.025,0.97,0.2,0.1,0.25,0.75,10.48,-22.68,True
1.02,0.025,0.97,0.2,0.1,0.5,0.5,10.15,-21.68,True
1.02,0.025,0.97,0.2,0.1,0.75,0.25,9.8,-20.49,True
1.02,0.025,0.97,0.2,0.1,1.0,0.0,9.42,-19.05,True
1.02,0.025,0.97,0.2,0.2,0.0,1.0,12.33,-24.42,True
1.02,0.025,0.97,0.2,0.2,0.25,0.75,12.04,-23.78,True
1.02,0.025,0.97,0.2,0.2,0.5,0.5,11.74,-23.07,True
1.02,0.025,0.97,0.2,0.2,0.75,0.25,11.42,-22.24,True
1.02,0.025,0.97,0.2,0.2,1.0,0.0,11.1,-21.29,True
1.02,0.025,0.97,0.2,0.3,0.0,1.0,13.23,-25.26,True
1.02,0.025,0.97,0.2,0.3,0.25,0.75,12.99,-24.8,True
1.02,0.025,0.97,0.2,0.3,0.5,0.5,12.73,-24.3,True
1.02,0.025,0.97,0.2,0.3,0.75,0.25,12.47,-23.74,True
1.02,0.025,0.97,0.2,0.3,1.0,0.0,12.21,-23.13,True
1.02,0.025,0.97,0.3,0.0,0.0,1.0,10.5,-22.06,True
1.02,0.025,0.97,0.3,0.0,0.25,0.75,10.01,-20.87,True
1.02,0.025,0.97,0.3,0.0,0.5,0.5,9.47,-19.4,True
1.02,0.025,0.97,0.3,0.0,0.75,0.25,8.89,-17.55,True
1.02,0.025,0.97,0.3,0.0,1.0,0.0,8.23,-15.15,True
1.02,0.025,0.97,0.3,0.1,0.0,1.0,11.99,-23.13,True
1.02,0.025,0.97,0.3,0.1,0.25,0.75,11.59,-22.24,True
1.02,0.025,0.97,0.3,0.1,0.5,0.5,11.17,-21.17,True
1.02,0.025,0.97,0.3,0.1,0.75,0.25,10.73,-19.87,True
1.02,0.025,0.97,0.3,0.1,1.0,0.0,10.25,-18.27,True
1.02,0.025,0.97,0.3,0.2,0.0,1.0,12.95,-24.02,True
1.02,0.025,0.97,0.3,0.2,0.25,0.75,12.62,-23.34,True
1.02,0.025,0.97,0.3,0.2,0.5,0.5,12.27,-22.56,True
1.02,0.025,0.97,0.3,0.2,0.75,0.25,11.9,-21.65,True
1.02,0.025,0.97,0.3,0.2,1.0,0.0,11.5,-20.57,True
1.02,0.025,0.97,0.3,0.3,0.0,1.0,13.63,-24.86,True
1.02,0.025,0.97,0.3,0.3,0.25,0.75,13.34,-24.36,True
1.02,0.025,0.97,0.3,0.3,0.5,0.5,13.03,-23.8,True
1.02,0.025,0.97,0.3,0.3,0.75,0.25,12.74,-23.19,True
1.02,0.025,0.97,0.3,0.3,1.0,0.0,12.43,-22.5,True
1.02,0.025,0.97,0.4,0.0,0.0,1.0,11.32,-22.06,True
1.02,0.025,0.97,0.4,0.0,0.25,0.75,10.82,-20.89,True
1.02,0.025,0.97,0.4,0.0,0.5,0.5,10.27,-19.43,True
1.02,0.025,0.97,0.4,0.0,0.75,0.25,9.65,-17.59,True
1.02,0.025,0.97,0.4,0.0,1.0,0.0,8.96,-15.15,True
1.02,0.025,0.97,0.4,0.1,0.0,1.0,12.44,-23.01,True
1.02,0.025,0.97,0.4,0.1,0.25,0.75,12.03,-22.1,True
1.02,0.025,0.97,0.4,0.1,0.5,0.5,11.59,-21.01,True
1.02,0.025,0.97,0.4,0.1,0.75,0.25,11.09,-19.67,True
1.02,0.025,0.97,0.4,0.1,1.0,0.0,10.56,-18.0,True
1.02,0.025,0.97,0.4,0.2,0.0,1.0,13.15,-23.86,True
1.02,0.025,0.97,0.4,0.2,0.25,0.75,12.83,-23.16,True
1.02,0.025,0.97,0.4,0.2,0.5,0.5,12.48,-22.33,True
1.02,0.025,0.97,0.4,0.2,0.75,0.25,12.1,-21.37,True
1.02,0.025,0.97,0.4,0.2,1.0,0.0,11.7,-20.23,True
1.02,0.025,0.97,0.4,0.3,0.0,1.0,13.82,-24.65,True
1.02,0.025,0.97,0.4,0.3,0.25,0.75,13.54,-24.11,True
1.02,0.025,0.97,0.4,0.3,0.5,0.5,13.25,-23.51,True
1.02,0.025,0.97,0.4,0.3,0.75,0.25,12.94,-22.84,True
1.02,0.025,0.97,0.4,0.3,1.0,0.0,12.61,-22.09,True
1.02,0.025,0.99,0.1,0.0,0.0,1.0,2.99,-15.6,True
1.02,0.025,0.99,0.1,0.0,0.25,0.75,2.82,-14.26,True
1.02,0.025,0.99,0.1,0.0,0.5,0.5,2.64,-12.87,True
1.02,0.025,0.99,0.1,0.0,0.75,0.25,2.45,-11.44,True
1.02,0.025,0.99,0.1,0.0,1.0,0.0,2.26,-9.96,True
1.02,0.025,0.99,0.1,0.1,0.0,1.0,7.31,-16.62,True
1.02,0.025,0.99,0.1,0.1,0.25,0.75,7.23,-16.89,True
1.02,0.025,0.99,0.1,0.1,0.5,0.5,7.15,-17.18,True
1.02,0.025,0.99,0.1,0.1,0.75,0.25,7.07,-17.49,True
1.02,0.025,0.99,0.1,0.1,1.0,0.0,6.99,-17.83,True
1.02,0.025,0.99,0.1,0.2,0.0,1.0,9.58,-21.39,True
1.02,0.025,0.99,0.1,0.2,0.25,0.75,9.52,-21.74,True
1.02,0.025,0.99,0.1,0.2,0.5,0.5,9.45,-22.11,True
1.02,0.025,0.99,0.1,0.2,0.75,0.25,9.4,-22.51,True
1.02,0.025,0.99,0.1,0.2,1.0,0.0,9.33,-22.92,True
1.02,0.025,0.99,0.1,0.3,0.0,1.0,11.1,-24.05,True
1.02,0.025,0.99,0.1,0.3,0.25,0.75,11.05,-24.45,True
1.02,0.025,0.99,0.1,0.3,0.5,0.5,11.0,-24.86,True
1.02,0.025,0.99,0.1,0.3,0.75,0.25,10.94,-25.28,True
1.02,0.025,0.99,0.1,0.3,1.0,0.0,10.89,-25.72,True
1.02,0.025,0.99,0.2,0.0,0.0,1.0,4.73,-25.18,True
1.02,0.025,0.99,0.2,0.0,0.25,0.75,4.48,-23.28,True
1.02,0.025,0.99,0.2,0.0,0.5,0.5,4.21,-21.27,True
1.02,0.025,0.99,0.2,0.0,0.75,0.25,3.93,-19.15,True
1.02,0.025,0.99,0.2,0.0,1.0,0.0,3.64,-16.89,True
1.02,0.025,0.99,0.2,0.1,0.0,1.0,8.24,-22.47,True
1.02,0.025,0.99,0.2,0.1,0.25,0.75,8.1,-20.56,True
1.02,0.025,0.99,0.2,0.1,0.5,0.5,7.96,-18.54,True
1.02,0.025,0.99,0.2,0.1,0.75,0.25,7.81,-16.4,True
1.02,0.025,0.99,0.2,0.1,1.0,0.0,7.66,-15.89,True
1.02,0.025,0.99,0.2,0.2,0.0,1.0,10.05,-20.1,True
1.02,0.025,0.99,0.2,0.2,0.25,0.75,9.96,-20.43,True
1.02,0.025,0.99,0.2,0.2,0.5,0.5,9.86,-20.81,True
1.02,0.025,0.99,0.2,0.2,0.75,0.25,9.77,-21.23,True
1.02,0.025,0.99,0.2,0.2,1.0,0.0,9.67,-21.71,True
1.02,0.025,0.99,0.2,0.3,0.0,1.0,11.33,-23.86,True
1.02,0.025,0.99,0.2,0.3,0.25,0.75,11.27,-24.18,True
1.02,0.025,0.99,0.2,0.3,0.5,0.5,11.21,-24.45,True
1.02,0.025,0.99,0.2,0.3,0.75,0.25,11.15,-24.77,True
1.02,0.025,0.99,0.2,0.3,1.0,0.0,11.08,-25.12,True
1.02,0.025,0.99,0.3,0.0,0.0,1.0,5.85,-28.02,True
1.02,0.025,0.99,0.3,0.0,0.25,0.75,5.58,-26.03,True
1.02,0.025,0.99,0.3,0.0,0.5,0.5,5.29,-23.91,True
1.02,0.025,0.99,0.3,0.0,0.75,0.25,4.98,-21.63,True
1.02,0.025,0.99,0.3,0.0,1.0,0.0,4.63,-19.17,True
1.02,0.025,0.99,0.3,0.1,0.0,1.0,8.45,-24.67,True
1.02,0.025,0.99,0.3,0.1,0.25,0.75,8.32,-22.69,True
1.02,0.025,0.99,0.3,0.1,0.5,0.5,8.17,-20.58,True
1.02,0.025,0.99,0.3,0.1,0.75,0.25,8.02,-18.33,True
1.02,0.025,0.99,0.3,0.1,1.0,0.0,7.85,-16.37,True
1.02,0.025,0.99,0.3,0.2,0.0,1.0,10.1,-21.33,True
1.02,0.025,0.99,0.3,0.2,0.25,0.75,10.04,-21.39,True
1.02,0.025,0.99,0.3,0.2,0.5,0.5,9.96,-21.52,True
1.02,0.025,0.99,0.3,0.2,0.75,0.25,9.87,-21.7,True
1.02,0.025,0.99,0.3,0.2,1.0,0.0,9.78,-21.97,True
1.02,0.025,0.99,0.3,0.3,0.0,1.0,11.38,-24.42,True
1.02,0.025,0.99,0.3,0.3,0.25,0.75,11.33,-24.53,True
1.02,0.025,0.99,0.3,0.3,0.5,0.5,11.27,-24.71,True
1.02,0.025,0.99,0.3,0.3,0.75,0.25,11.21,-24.95,True
1.02,0.025,0.99,0.3,0.3,1.0,0.0,11.14,-25.25,True
1.02,0.025,0.99,0.4,0.0,0.0,1.0,5.84,-29.74,True
1.02,0.025,0.99,0.4,0.0,0.25,0.75,5.62,-27.67,True
1.02,0.025,0.99,0.4,0.0,0.5,0.5,5.36,-25.45,True
1.02,0.025,0.99,0.4,0.0,0.75,0.25,5.08,-23.06,True
1.02,0.025,0.99,0.4,0.0,1.0,0.0,4.76,-20.47,True
1.02,0.025,0.99,0.4,0.1,0.0,1.0,8.39,-26.54,True
1.02,0.025,0.99,0.4,0.1,0.25,0.75,8.3,-24.46,True
1.02,0.025,0.99,0.4,0.1,0.5,0.5,8.19,-22.24,True
1.02,0.025,0.99,0.4,0.1,0.75,0.25,8.06,-19.86,True
1.02,0.025,0.99,0.4,0.1,1.0,0.0,7.92,-17.31,True
1.02,0.025,0.99,0.4,0.2,0.0,1.0,10.17,-23.27,True
1.02,0.025,0.99,0.4,0.2,0.25,0.75,10.11,-21.86,True
1.02,0.025,0.99,0.4,0.2,0.5,0.5,10.03,-21.89,True
1.02,0.025,0.99,0.4,0.2,0.75,0.25,9.94,-22.0,True
1.02,0.025,0.99,0.4,0.2,1.0,0.0,9.84,-22.21,True
1.02,0.025,0.99,0.4,0.3,0.0,1.0,11.45,-24.58,True
1.02,0.025,0.99,0.4,0.3,0.25,0.75,11.41,-24.63,True
1.02,0.025,0.99,0.4,0.3,0.5,0.5,11.35,-24.76,True
1.02,0.025,0.99,0.4,0.3,0.75,0.25,11.29,-24.97,True
1.02,0.025,0.99,0.4,0.3,1.0,0.0,11.22,-25.06,True
1.02,0.025,1.0,0.1,0.0,0.0,1.0,1.07,-15.6,True
1.02,0.025,1.0,0.1,0.0,0.25,0.75,1.04,-14.26,True
1.02,0.025,1.0,0.1,0.0,0.5,0.5,1.0,-12.87,True
1.02,0.025,1.0,0.1,0.0,0.75,0.25,0.97,-11.44,True
1.02,0.025,1.0,0.1,0.0,1.0,0.0,0.93,-9.96,True
1.02,0.025,1.0,0.1,0.1,0.0,1.0,6.49,-20.29,True
1.02,0.025,1.0,0.1,0.1,0.25,0.75,6.49,-20.31,True
1.02,0.025,1.0,0.1,0.1,0.5,0.5,6.48,-20.33,True
1.02,0.025,1.0,0.1,0.1,0.75,0.25,6.47,-20.36,True
1.02,0.025,1.0,0.1,0.1,1.0,0.0,6.46,-20.4,True
1.02,0.025,1.0,0.1,0.2,0.0,1.0,9.0,-25.23,True
1.02,0.025,1.0,0.1,0.2,0.25,0.75,8.99,-25.26,True
1.02,0.025,1.0,0.1,0.2,0.5,0.5,8.99,-25.31,True
1.02,0.025,1.0,0.1,0.2,0.75,0.25,8.98,-25.36,True
1.02,0.025,1.0,0.1,0.2,1.0,0.0,8.98,-25.41,True
1.02,0.025,1.0,0.1,0.3,0.0,1.0,10.63,-27.87,True
1.02,0.025,1.0,0.1,0.3,0.25,0.75,10.63,-27.88,True
1.02,0.025,1.0,0.1,0.3,0.5,0.5,10.63,-27.9,True
1.02,0.025,1.0,0.1,0.3,0.75,0.25,10.62,-27.93,True
1.02,0.025,1.0,0.1,0.3,1.0,0.0,10.62,-27.95,True
1.02,0.025,1.0,0.2,0.0,0.0,1.0,2.17,-25.18,True
1.02,0.025,1.0,0.2,0.0,0.25,0.75,2.1,-23.28,True
1.02,0.025,1.0,0.2,0.0,0.5,0.5,2.03,-21.27,True
1.02,0.025,1.0,0.2,0.0,0.75,0.25,1.96,-19.15,True
1.02,0.025,1.0,0.2,0.0,1.0,0.0,1.87,-16.89,True
1.02,0.025,1.0,0.2,0.1,0.0,1.0,6.88,-22.51,True
1.02,0.025,1.0,0.2,0.1,0.25,0.75,6.87,-20.59,True
1.02,0.025,1.0,0.2,0.1,0.5,0.5,6.86,-18.98,True
1.02,0.025,1.0,0.2,0.1,0.75,0.25,6.84,-18.96,True
1.02,0.025,1.0,0.2,0.1,1.0,0.0,6.82,-18.96,True
1.02,0.025,1.0,0.2,0.2,0.0,1.0,9.24,-24.32,True
1.02,0.025,1.0,0.2,0.2,0.25,0.75,9.24,-24.28,True
1.02,0.025,1.0,0.2,0.2,0.5,0.5,9.23,-24.26,True
1.02,0.025,1.0,0.2,0.2,0.75,0.25,9.21,-24.27,True
1.02,0.025,1.0,0.2,0.2,1.0,0.0,9.2,-24.31,True
1.02,0.025,1.0,0.2,0.3,0.0,1.0,10.8,-27.15,True
1.02,0.025,1.0,0.2,0.3,0.25,0.75,10.8,-27.11,True
1.02,0.025,1.0,0.2,0.3,0.5,0.5,10.79,-27.09,True
1.02,0.025,1.0,0.2,0.3,0.75,0.25,10.78,-27.09,True
1.02,0.025,1.0,0.2,0.3,1.0,0.0,10.77,-27.11,True
1.02,0.025,1.0,0.3,0.0,0.0,1.0,2.76,-28.02,True
1.02,0.025,1.0,0.3,0.0,0.25,0.75,2.71,-26.03,True
1.02,0.025,1.0,0.3,0.0,0.5,0.5,2.65,-23.91,True
1.02,0.025,1.0,0.3,0.0,0.75,0.25,2.59,-21.63,True
1.02,0.025,1.0,0.3,0.0,1.0,0.0,2.51,-19.17,True
1.02,0.025,1.0,0.3,0.1,0.0,1.0,7.11,-24.74,True
1.02,0.025,1.0,0.3,0.1,0.25,0.75,7.1,-22.75,True
1.02,0.025,1.0,0.3,0.1,0.5,0.5,7.09,-20.64,True
1.02,0.025,1.0,0.3,0.1,0.75,0.25,7.07,-18.78,True
1.02,0.025,1.0,0.3,0.1,1.0,0.0,7.04,-18.68,True
1.02,0.025,1.0,0.3,0.2,0.0,1.0,9.3,-24.61,True
1.02,0.025,1.0,0.3,0.2,0.25,0.75,9.31,-24.49,True
1.02,0.025,1.0,0.3,0.2,0.5,0.5,9.31,-24.39,True
1.02,0.025,1.0,0.3,0.2,0.75,0.25,9.3,-24.31,True
1.02,0.025,1.0,0.3,0.2,1.0,0.0,9.28,-24.25,True
1.02,0.025,1.0,0.3,0.3,0.0,1.0,10.78,-27.61,True
1.02,0.025,1.0,0.3,0.3,0.25,0.75,10.79,-27.44,True
1.02,0.025,1.0,0.3,0.3,0.5,0.5,10.8,-27.3,True
1.02,0.025,1.0,0.3,0.3,0.75,0.25,10.81,-27.19,True
1.02,0.025,1.0,0.3,0.3,1.0,0.0,10.8,-27.11,True
1.02,0.025,1.0,0.4,0.0,0.0,1.0,2.91,-29.74,True
1.02,0.025,1.0,0.4,0.0,0.25,0.75,2.89,-27.67,True
1.02,0.025,1.0,0.4,0.0,0.5,0.5,2.85,-25.45,True
1.02,0.025,1.0,0.4,0.0,0.75,0.25,2.8,-23.06,True
1.02,0.025,1.0,0.4,0.0,1.0,0.0,2.74,-20.47,True
1.02,0.025,1.0,0.4,0.1,0.0,1.0,7.1,-26.62,True
1.02,0.025,1.0,0.4,0.1,0.25,0.75,7.11,-24.54,True
1.02,0.025,1.0,0.4,0.1,0.5,0.5,7.12,-22.32,True
1.02,0.025,1.0,0.4,0.1,0.75,0.25,7.12,-19.93,True
1.02,0.025,1.0,0.4,0.1,1.0,0.0,7.1,-19.03,True
1.02,0.025,1.0,0.4,0.2,0.0,1.0,9.28,-25.26,True
1.02,0.025,1.0,0.4,0.2,0.25,0.75,9.3,-25.02,True
1.02,0.025,1.0,0.4,0.2,0.5,0.5,9.31,-24.75,True
1.02,0.025,1.0,0.4,0.2,0.75,0.25,9.32,-24.53,True
1.02,0.025,1.0,0.4,0.2,1.0,0.0,9.32,-24.36,True
1.02,0.025,1.0,0.4,0.3,0.0,1.0,10.78,-27.37,True
1.02,0.025,1.0,0.4,0.3,0.25,0.75,10.79,-27.18,True
1.02,0.025,1.0,0.4,0.3,0.5,0.5,10.8,-27.03,True
1.02,0.025,1.0,0.4,0.3,0.75,0.25,10.81,-26.92,True
1.02,0.025,1.0,0.4,0.3,1.0,0.0,10.82,-26.86,True
1.02,0.025,1.01,0.1,0.0,0.0,1.0,1.55,-11.19,True
1.02,0.025,1.01,0.1,0.0,0.25,0.75,1.48,-10.16,True
1.02,0.025,1.01,0.1,0.0,0.5,0.5,1.4,-9.11,True
1.02,0.025,1.01,0.1,0.0,0.75,0.25,1.33,-8.02,True
1.02,0.025,1.01,0.1,0.0,1.0,0.0,1.25,-6.89,True
1.02,0.025,1.01,0.1,0.1,0.0,1.0,6.68,-18.43,True
1.02,0.025,1.01,0.1,0.1,0.25,0.75,6.66,-18.61,True
1.02,0.025,1.01,0.1,0.1,0.5,0.5,6.64,-18.79,True
1.02,0.025,1.01,0.1,0.1,0.75,0.25,6.61,-18.97,True
1.02,0.025,1.01,0.1,0.1,1.0,0.0,6.59,-19.15,True
1.02,0.025,1.01,0.1,0.2,0.0,1.0,9.13,-23.58,True
1.02,0.025,1.01,0.1,0.2,0.25,0.75,9.12,-23.76,True
1.02,0.025,1.01,0.1,0.2,0.5,0.5,9.1,-23.94,True
1.02,0.025,1.01,0.1,0.2,0.75,0.25,9.08,-24.13,True
1.02,0.025,1.01,0.1,0.2,1.0,0.0,9.07,-24.32,True
1.02,0.025,1.01,0.1,0.3,0.0,1.0,10.76,-26.0,True
1.02,0.025,1.01,0.1,0.3,0.25,0.75,10.75,-26.18,True
1.02,0.025,1.01,0.1,0.3,0.5,0.5,10.73,-26.36,True
1.02,0.025,1.01,0.1,0.3,0.75,0.25,10.72,-26.56,True
1.02,0.025,1.01,0.1,0.3,1.0,0.0,10.7,-26.75,True
1.02,0.025,1.01,0.2,0.0,0.0,1.0,2.89,-18.75,True
1.02,0.025,1.01,0.2,0.0,0.25,0.75,2.77,-17.24,True
1.02,0.025,1.01,0.2,0.0,0.5,0.5,2.64,-15.64,True
1.02,0.025,1.01,0.2,0.0,0.75,0.25,2.5,-13.95,True
1.02,0.025,1.01,0.2,0.0,1.0,0.0,2.37,-12.16,True
1.02,0.025,1.01,0.2,0.1,0.0,1.0,7.35,-16.7,True
1.02,0.025,1.01,0.2,0.1,0.25,0.75,7.29,-15.15,True
1.02,0.025,1.01,0.2,0.1,0.5,0.5,7.23,-15.38,True
1.02,0.025,1.01,0.2,0.1,0.75,0.25,7.17,-15.74,True
1.02,0.025,1.01,0.2,0.1,1.0,0.0,7.11,-16.12,True
1.02,0.025,1.01,0.2,0.2,0.0,1.0,9.58,-20.12,True
1.02,0.025,1.01,0.2,0.2,0.25,0.75,9.54,-20.47,True
1.02,0.025,1.01,0.2,0.2,0.5,0.5,9.5,-20.83,True
1.02,0.025,1.01,0.2,0.2,0.75,0.25,9.46,-21.2,True
1.02,0.025,1.01,0.2,0.2,1.0,0.0,9.41,-21.59,True
1.02,0.025,1.01,0.2,0.3,0.0,1.0,11.1,-23.13,True
1.02,0.025,1.01,0.2,0.3,0.25,0.75,11.07,-23.44,True
1.02,0.025,1.01,0.2,0.3,0.5,0.5,11.03,-23.76,True
1.02,0.025,1.01,0.2,0.3,0.75,0.25,11.0,-24.12,True
1.02,0.025,1.01,0.2,0.3,1.0,0.0,10.96,-24.49,True
1.02,0.025,1.01,0.3,0.0,0.0,1.0,4.06,-20.68,True
1.02,0.025,1.01,0.3,0.0,0.25,0.75,3.9,-19.13,True
1.02,0.025,1.01,0.3,0.0,0.5,0.5,3.72,-17.46,True
1.02,0.025,1.01,0.3,0.0,0.75,0.25,3.53,-15.68,True
1.02,0.025,1.01,0.3,0.0,1.0,0.0,3.33,-13.75,True
1.02,0.025,1.01,0.3,0.1,0.0,1.0,7.81,-18.04,True
1.02,0.025,1.01,0.3,0.1,0.25,0.75,7.73,-16.46,True
1.02,0.025,1.01,0.3,0.1,0.5,0.5,7.65,-14.78,True
1.02,0.025,1.01,0.3,0.1,0.75,0.25,7.56,-13.88,True
1.02,0.025,1.01,0.3,0.1,1.0,0.0,7.47,-14.34,True
1.02,0.025,1.01,0.3,0.2,0.0,1.0,9.83,-18.35,True
1.02,0.025,1.01,0.3,0.2,0.25,0.75,9.79,-18.78,True
1.02,0.025,1.01,0.3,0.2,0.5,0.5,9.74,-19.23,True
1.02,0.025,1.01,0.3,0.2,0.75,0.25,9.68,-19.69,True
1.02,0.025,1.01,0.3,0.2,1.0,0.0,9.62,-20.17,True
1.02,0.025,1.01,0.3,0.3,0.0,1.0,11.22,-21.76,True
1.02,0.025,1.01,0.3,0.3,0.25,0.75,11.19,-22.16,True
1.02,0.025,1.01,0.3,0.3,0.5,0.5,11.16,-22.58,True
1.02,0.025,1.01,0.3,0.3,0.75,0.25,11.12,-23.02,True
1.02,0.025,1.01,0.3,0.3,1.0,0.0,11.07,-23.46,True
1.02,0.025,1.01,0.4,0.0,0.0,1.0,4.66,-21.41,True
1.02,0.025,1.01,0.4,0.0,0.25,0.75,4.48,-19.83,True
1.02,0.025,1.01,0.4,0.0,0.5,0.5,4.28,-18.13,True
1.02,0.025,1.01,0.4,0.0,0.75,0.25,4.08,-16.29,True
1.02,0.025,1.01,0.4,0.0,1.0,0.0,3.86,-14.29,True
1.02,0.025,1.01,0.4,0.1,0.0,1.0,8.04,-18.94,True
1.02,0.025,1.01,0.4,0.1,0.25,0.75,7.96,-17.32,True
1.02,0.025,1.01,0.4,0.1,0.5,0.5,7.88,-15.59,True
1.02,0.025,1.01,0.4,0.1,0.75,0.25,7.79,-13.73,True
1.02,0.025,1.01,0.4,0.1,1.0,0.0,7.69,-13.39,True
1.02,0.025,1.01,0.4,0.2,0.0,1.0,9.97,-17.22,True
1.02,0.025,1.01,0.4,0.2,0.25,0.75,9.92,-17.68,True
1.02,0.025,1.01,0.4,0.2,0.5,0.5,9.86,-18.17,True
1.02,0.025,1.01,0.4,0.2,0.75,0.25,9.8,-18.69,True
1.02,0.025,1.01,0.4,0.2,1.0,0.0,9.74,-19.25,True
1.02,0.025,1.01,0.4,0.3,0.0,1.0,11.32,-20.57,True
1.02,0.025,1.01,0.4,0.3,0.25,0.75,11.28,-21.07,True
1.02,0.025,1.01,0.4,0.3,0.5,0.5,11.24,-21.6,True
1.02,0.025,1.01,0.4,0.3,0.75,0.25,11.19,-22.16,True
1.02,0.025,1.01,0.4,0.3,1.0,0.0,11.15,-22.75,True
1.02,0.025,1.02,0.1,0.0,0.0,1.0,1.21,-9.23,True
1.02,0.025,1.02,0.1,0.0,0.25,0.75,1.15,-8.39,True
1.02,0.025,1.02,0.1,0.0,0.5,0.5,1.09,-7.52,True
1.02,0.025,1.02,0.1,0.0,0.75,0.25,1.03,-6.63,True
1.02,0.025,1.02,0.1,0.0,1.0,0.0,0.96,-5.71,True
1.02,0.025,1.02,0.1,0.1,0.0,1.0,6.56,-19.06,True
1.02,0.025,1.02,0.1,0.1,0.25,0.75,6.54,-19.21,True
1.02,0.025,1.02,0.1,0.1,0.5,0.5,6.52,-19.36,True
1.02,0.025,1.02,0.1,0.1,0.75,0.25,6.51,-19.51,True
1.02,0.025,1.02,0.1,0.1,1.0,0.0,6.49,-19.67,True
1.02,0.025,1.02,0.1,0.2,0.0,1.0,9.06,-24.03,True
1.02,0.025,1.02,0.1,0.2,0.25,0.75,9.04,-24.2,True
1.02,0.025,1.02,0.1,0.2,0.5,0.5,9.03,-24.38,True
1.02,0.025,1.02,0.1,0.2,0.75,0.25,9.01,-24.55,True
1.02,0.025,1.02,0.1,0.2,1.0,0.0,9.0,-24.73,True
1.02,0.025,1.02,0.1,0.3,0.0,1.0,10.67,-26.59,True
1.02,0.025,1.02,0.1,0.3,0.25,0.75,10.66,-26.75,True
1.02,0.025,1.02,0.1,0.3,0.5,0.5,10.65,-26.91,True
1.02,0.025,1.02,0.1,0.3,0.75,0.25,10.64,-27.07,True
1.02,0.025,1.02,0.1,0.3,1.0,0.0,10.63,-27.24,True
1.02,0.025,1.02,0.2,0.0,0.0,1.0,2.24,-15.85,True
1.02,0.025,1.02,0.2,0.0,0.25,0.75,2.14,-14.56,True
1.02,0.025,1.02,0.2,0.0,0.5,0.5,2.04,-13.21,True
1.02,0.025,1.02,0.2,0.0,0.75,0.25,1.93,-11.78,True
1.02,0.025,1.02,0.2,0.0,1.0,0.0,1.82,-10.27,True
1.02,0.025,1.02,0.2,0.1,0.0,1.0,7.03,-16.01,True
1.02,0.025,1.02,0.2,0.1,0.25,0.75,6.99,-16.3,True
1.02,0.025,1.02,0.2,0.1,0.5,0.5,6.94,-16.6,True
1.02,0.025,1.02,0.2,0.1,0.75,0.25,6.9,-16.91,True
1.02,0.025,1.02,0.2,0.1,1.0,0.0,6.85,-17.23,True
1.02,0.025,1.02,0.2,0.2,0.0,1.0,9.29,-21.78,True
1.02,0.025,1.02,0.2,0.2,0.25,0.75,9.26,-22.05,True
1.02,0.025,1.02,0.2,0.2,0.5,0.5,9.24,-22.33,True
1.02,0.025,1.02,0.2,0.2,0.75,0.25,9.22,-22.6,True
1.02,0.025,1.02,0.2,0.2,1.0,0.0,9.19,-22.89,True
1.02,0.025,1.02,0.2,0.3,0.0,1.0,10.83,-24.69,True
1.02,0.025,1.02,0.2,0.3,0.25,0.75,10.82,-24.93,True
1.02,0.025,1.02,0.2,0.3,0.5,0.5,10.8,-25.17,True
1.02,0.025,1.02,0.2,0.3,0.75,0.25,10.78,-25.43,True
1.02,0.025,1.02,0.2,0.3,1.0,0.0,10.76,-25.69,True
1.02,0.025,1.02,0.3,0.0,0.0,1.0,3.21,-18.29,True
1.02,0.025,1.02,0.3,0.0,0.25,0.75,3.08,-16.92,True
1.02,0.025,1.02,0.3,0.0,0.5,0.5,2.93,-15.45,True
1.02,0.025,1.02,0.3,0.0,0.75,0.25,2.77,-13.89,True
1.02,0.025,1.02,0.3,0.0,1.0,0.0,2.61,-12.21,True
1.02,0.025,1.02,0.3,0.1,0.0,1.0,7.27,-15.68,True
1.02,0.025,1.02,0.3,0.1,0.25,0.75,7.22,-14.89,True
1.02,0.025,1.02,0.3,0.1,0.5,0.5,7.16,-15.23,True
1.02,0.025,1.02,0.3,0.1,0.75,0.25,7.11,-15.59,True
1.02,0.025,1.02,0.3,0.1,1.0,0.0,7.05,-15.96,True
1.02,0.025,1.02,0.3,0.2,0.0,1.0,9.44,-20.34,True
1.02,0.025,1.02,0.3,0.2,0.25,0.75,9.41,-20.65,True
1.02,0.025,1.02,0.3,0.2,0.5,0.5,9.38,-20.98,True
1.02,0.025,1.02,0.3,0.2,0.75,0.25,9.35,-21.32,True
1.02,0.025,1.02,0.3,0.2,1.0,0.0,9.31,-21.69,True
1.02,0.025,1.02,0.3,0.3,0.0,1.0,10.96,-23.33,True
1.02,0.025,1.02,0.3,0.3,0.25,0.75,10.94,-23.65,True
1.02,0.025,1.02,0.3,0.3,0.5,0.5,10.92,-23.98,True
1.02,0.025,1.02,0.3,0.3,0.75,0.25,10.9,-24.33,True
1.02,0.025,1.02,0.3,0.3,1.0,0.0,10.87,-24.71,True
1.02,0.025,1.02,0.4,0.0,0.0,1.0,3.52,-19.48,True
1.02,0.025,1.02,0.4,0.0,0.25,0.75,3.38,-18.04,True
1.02,0.025,1.02,0.4,0.0,0.5,0.5,3.24,-16.5,True
1.02,0.025,1.02,0.4,0.0,0.75,0.25,3.09,-14.86,True
1.02,0.025,1.02,0.4,0.0,1.0,0.0,2.92,-13.08,True
1.02,0.025,1.02,0.4,0.1,0.0,1.0,7.4,-17.05,True
1.02,0.025,1.02,0.4,0.1,0.25,0.75,7.36,-15.58,True
1.02,0.025,1.02,0.4,0.1,0.5,0.5,7.3,-14.34,True
1.02,0.025,1.02,0.4,0.1,0.75,0.25,7.25,-14.71,True
1.02,0.025,1.02,0.4,0.1,1.0,0.0,7.19,-15.11,True
1.02,0.025,1.02,0.4,0.2,0.0,1.0,9.59,-19.09,True
1.02,0.025,1.02,0.4,0.2,0.25,0.75,9.55,-19.45,True
1.02,0.025,1.02,0.4,0.2,0.5,0.5,9.52,-19.83,True
1.02,0.025,1.02,0.4,0.2,0.75,0.25,9.48,-20.24,True
1.02,0.025,1.02,0.4,0.2,1.0,0.0,9.44,-20.69,True
1.02,0.025,1.02,0.4,0.3,0.0,1.0,11.03,-22.74,True
1.02,0.025,1.02,0.4,0.3,0.25,0.75,11.0,-23.1,True
1.02,0.025,1.02,0.4,0.3,0.5,0.5,10.98,-23.48,True
1.02,0.025,1.02,0.4,0.3,0.75,0.25,10.94,-23.88,True
1.02,0.025,1.02,0.4,0.3,1.0,0.0,10.91,-24.31,True
1.02,0.03,0.95,0.1,0.0,0.0,1.0,3.7,-27.55,True
1.02,0.03,0.95,0.1,0.0,0.25,0.75,3.51,-25.87,True
1.02,0.03,0.95,0.1,0.0,0.5,0.5,3.32,-23.92,True
1.02,0.03,0.95,0.1,0.0,0.75,0.25,3.1,-21.64,True
1.02,0.03,0.95,0.1,0.0,1.0,0.0,2.88,-18.95,True
1.02,0.03,0.95,0.1,0.1,0.0,1.0,7.7,-29.39,True
1.02,0.03,0.95,0.1,0.1,0.25,0.75,7.59,-28.42,True
1.02,0.03,0.95,0.1,0.1,0.5,0.5,7.48,-27.31,True
1.02,0.03,0.95,0.1,0.1,0.75,0.25,7.36,-26.04,True
1.02,0.03,0.95,0.1,0.1,1.0,0.0,7.23,-24.59,True
1.02,0.03,0.95,0.1,0.2,0.0,1.0,9.86,-30.22,True
1.02,0.03,0.95,0.1,0.2,0.25,0.75,9.77,-29.53,True
1.02,0.03,0.95,0.1,0.2,0.5,0.5,9.67,-28.76,True
1.02,0.03,0.95,0.1,0.2,0.75,0.25,9.57,-27.91,True
1.02,0.03,0.95,0.1,0.2,1.0,0.0,9.46,-26.95,True
1.02,0.03,0.95,0.1,0.3,0.0,1.0,11.41,-30.59,True
1.02,0.03,0.95,0.1,0.3,0.25,0.75,11.34,-30.04,True
1.02,0.03,0.95,0.1,0.3,0.5,0.5,11.28,-29.45,True
1.02,0.03,0.95,0.1,0.3,0.75,0.25,11.21,-28.81,True
1.02,0.03,0.95,0.1,0.3,1.0,0.0,11.13,-28.09,True
1.02,0.03,0.95,0.2,0.0,0.0,1.0,5.29,-27.68,True
1.02,0.03,0.95,0.2,0.0,0.25,0.75,5.12,-26.12,True
1.02,0.03,0.95,0.2,0.0,0.5,0.5,4.92,-24.28,True
1.02,0.03,0.95,0.2,0.0,0.75,0.25,4.69,-22.05,True
1.02,0.03,0.95,0.2,0.0,1.0,0.0,4.44,-19.3,True
1.02,0.03,0.95,0.2,0.1,0.0,1.0,8.73,-28.89,True
1.02,0.03,0.95,0.2,0.1,0.25,0.75,8.59,-27.83,True
1.02,0.03,0.95,0.2,0.1,0.5,0.5,8.44,-26.61,True
1.02,0.03,0.95,0.2,0.1,0.75,0.25,8.29,-25.18,True
1.02,0.03,0.95,0.2,0.1,1.0,0.0,8.13,-23.51,True
1.02,0.03,0.95,0.2,0.2,0.0,1.0,10.7,-29.5,True
1.02,0.03,0.95,0.2,0.2,0.25,0.75,10.6,-28.69,True
1.02,0.03,0.95,0.2,0.2,0.5,0.5,10.48,-27.77,True
1.02,0.03,0.95,0.2,0.2,0.75,0.25,10.36,-26.71,True
1.02,0.03,0.95,0.2,0.2,1.0,0.0,10.22,-25.5,True
1.02,0.03,0.95,0.2,0.3,0.0,1.0,11.97,-30.03,True
1.02,0.03,0.95,0.2,0.3,0.25,0.75,11.88,-29.4,True
1.02,0.03,0.95,0.2,0.3,0.5,0.5,11.78,-28.69,True
1.02,0.03,0.95,0.2,0.3,0.75,0.25,11.67,-27.9,True
1.02,0.03,0.95,0.2,0.3,1.0,0.0,11.54,-27.01,True
1.02,0.03,0.95,0.3,0.0,0.0,1.0,6.51,-27.68,True
1.02,0.03,0.95,0.3,0.0,0.25,0.75,6.29,-26.17,True
1.02,0.03,0.95,0.3,0.0,0.5,0.5,6.05,-24.34,True
1.02,0.03,0.95,0.3,0.0,0.75,0.25,5.77,-22.11,True
1.02,0.03,0.95,0.3,0.0,1.0,0.0,5.45,-19.3,True
1.02,0.03,0.95,0.3,0.1,0.0,1.0,9.67,-28.61,True
1.02,0.03,0.95,0.3,0.1,0.25,0.75,9.49,-27.51,True
1.02,0.03,0.95,0.3,0.1,0.5,0.5,9.3,-26.21,True
1.02,0.03,0.95,0.3,0.1,0.75,0.25,9.09,-24.66,True
1.02,0.03,0.95,0.3,0.1,1.0,0.0,8.86,-22.78,True
1.02,0.03,0.95,0.3,0.2,0.0,1.0,11.22,-29.27,True
1.02,0.03,0.95,0.3,0.2,0.25,0.75,11.07,-28.41,True
1.02,0.03,0.95,0.3,0.2,0.5,0.5,10.9,-27.42,True
1.02,0.03,0.95,0.3,0.2,0.75,0.25,10.72,-26.28,True
1.02,0.03,0.95,0.3,0.2,1.0,0.0,10.53,-24.94,True
1.02,0.03,0.95,0.3,0.3,0.0,1.0,12.29,-29.78,True
1.02,0.03,0.95,0.3,0.3,0.25,0.75,12.16,-29.1,True
1.02,0.03,0.95,0.3,0.3,0.5,0.5,12.02,-28.33,True
1.02,0.03,0.95,0.3,0.3,0.75,0.25,11.87,-27.46,True
1.02,0.03,0.95,0.3,0.3,1.0,0.0,11.72,-26.47,True
1.02,0.03,0.95,0.4,0.0,0.0,1.0,7.82,-27.68,True
1.02,0.03,0.95,0.4,0.0,0.25,0.75,7.54,-26.21,True
1.02,0.03,0.95,0.4,0.0,0.5,0.5,7.22,-24.41,True
1.02,0.03,0.95,0.4,0.0,0.75,0.25,6.86,-22.17,True
1.02,0.03,0.95,0.4,0.0,1.0,0.0,6.47,-19.3,True
1.02,0.03,0.95,0.4,0.1,0.0,1.0,10.16,-28.52,True
1.02,0.03,0.95,0.4,0.1,0.25,0.75,9.95,-27.4,True
1.02,0.03,0.95,0.4,0.1,0.5,0.5,9.71,-26.07,True
1.02,0.03,0.95,0.4,0.1,0.75,0.25,9.45,-24.48,True
1.02,0.03,0.95,0.4,0.1,1.0,0.0,9.17,-22.51,True
1.02,0.03,0.95,0.4,0.2,0.0,1.0,11.49,-29.12,True
1.02,0.03,0.95,0.4,0.2,0.25,0.75,11.32,-28.23,True
1.02,0.03,0.95,0.4,0.2,0.5,0.5,11.13,-27.21,True
1.02,0.03,0.95,0.4,0.2,0.75,0.25,10.93,-26.0,True
1.02,0.03,0.95,0.4,0.2,1.0,0.0,10.71,-24.57,True
1.02,0.03,0.95,0.4,0.3,0.0,1.0,12.53,-29.58,True
1.02,0.03,0.95,0.4,0.3,0.25,0.75,12.37,-28.87,True
1.02,0.03,0.95,0.4,0.3,0.5,0.5,12.21,-28.05,True
1.02,0.03,0.95,0.4,0.3,0.75,0.25,12.04,-27.13,True
1.02,0.03,0.95,0.4,0.3,1.0,0.0,11.87,-26.06,True
1.02,0.03,0.97,0.1,0.0,0.0,1.0,3.72,-21.92,True
1.02,0.03,0.97,0.1,0.0,0.25,0.75,3.51,-20.52,True
1.02,0.03,0.97,0.1,0.0,0.5,0.5,3.29,-18.9,True
1.02,0.03,0.97,0.1,0.0,0.75,0.25,3.05,-17.01,True
1.02,0.03,0.97,0.1,0.0,1.0,0.0,2.79,-14.78,True
1.02,0.03,0.97,0.1,0.1,0.0,1.0,7.63,-26.02,True
1.02,0.03,0.97,0.1,0.1,0.25,0.75,7.52,-25.35,True
1.02,0.03,0.97,0.1,0.1,0.5,0.5,7.4,-24.58,True
1.02,0.03,0.97,0.1,0.1,0.75,0.25,7.27,-23.71,True
1.02,0.03,0.97,0.1,0.1,1.0,0.0,7.12,-22.69,True
1.02,0.03,0.97,0.1,0.2,0.0,1.0,9.77,-27.75,True
1.02,0.03,0.97,0.1,0.2,0.25,0.75,9.7,-27.38,True
1.02,0.03,0.97,0.1,0.2,0.5,0.5,9.63,-26.97,True
1.02,0.03,0.97,0.1,0.2,0.75,0.25,9.52,-26.48,True
1.02,0.03,0.97,0.1,0.2,1.0,0.0,9.4,-25.91,True
1.02,0.03,0.97,0.1,0.3,0.0,1.0,11.33,-28.54,True
1.02,0.03,0.97,0.1,0.3,0.25,0.75,11.26,-28.31,True
1.02,0.03,0.97,0.1,0.3,0.5,0.5,11.19,-28.05,True
1.02,0.03,0.97,0.1,0.3,0.75,0.25,11.11,-27.77,True
1.02,0.03,0.97,0.1,0.3,1.0,0.0,11.04,-27.45,True
1.02,0.03,0.97,0.2,0.0,0.0,1.0,4.69,-22.06,True
1.02,0.03,0.97,0.2,0.0,0.25,0.75,4.52,-20.78,True
1.02,0.03,0.97,0.2,0.0,0.5,0.5,4.33,-19.25,True
1.02,0.03,0.97,0.2,0.0,0.75,0.25,4.11,-17.42,True
1.02,0.03,0.97,0.2,0.0,1.0,0.0,3.85,-15.15,True
1.02,0.03,0.97,0.2,0.1,0.0,1.0,8.31,-25.17,True
1.02,0.03,0.97,0.2,0.1,0.25,0.75,8.18,-24.5,True
1.02,0.03,0.97,0.2,0.1,0.5,0.5,8.05,-23.72,True
1.02,0.03,0.97,0.2,0.1,0.75,0.25,7.9,-22.8,True
1.02,0.03,0.97,0.2,0.1,1.0,0.0,7.74,-21.72,True
1.02,0.03,0.97,0.2,0.2,0.0,1.0,10.36,-26.57,True
1.02,0.03,0.97,0.2,0.2,0.25,0.75,10.26,-26.12,True
1.02,0.03,0.97,0.2,0.2,0.5,0.5,10.15,-25.62,True
1.02,0.03,0.97,0.2,0.2,0.75,0.25,10.03,-25.04,True
1.02,0.03,0.97,0.2,0.2,1.0,0.0,9.9,-24.37,True
1.02,0.03,0.97,0.2,0.3,0.0,1.0,11.55,-27.92,True
1.02,0.03,0.97,0.2,0.3,0.25,0.75,11.48,-27.64,True
1.02,0.03,0.97,0.2,0.3,0.5,0.5,11.41,-27.32,True
1.02,0.03,0.97,0.2,0.3,0.75,0.25,11.33,-26.97,True
1.02,0.03,0.97,0.2,0.3,1.0,0.0,11.24,-26.57,True
1.02,0.03,0.97,0.3,0.0,0.0,1.0,5.18,-22.06,True
1.02,0.03,0.97,0.3,0.0,0.25,0.75,5.0,-20.81,True
1.02,0.03,0.97,0.3,0.0,0.5,0.5,4.79,-19.31,True
1.02,0.03,0.97,0.3,0.0,0.75,0.25,4.56,-17.46,True
1.02,0.03,0.97,0.3,0.0,1.0,0.0,4.28,-15.15,True
1.02,0.03,0.97,0.3,0.1,0.0,1.0,8.87,-24.63,True
1.02,0.03,0.97,0.3,0.1,0.25,0.75,8.73,-23.9,True
1.02,0.03,0.97,0.3,0.1,0.5,0.5,8.57,-23.05,True
1.02,0.03,0.97,0.3,0.1,0.75,0.25,8.4,-22.03,True
1.02,0.03,0.97,0.3,0.1,1.0,0.0,8.21,-20.79,True
1.02,0.03,0.97,0.3,0.2,0.0,1.0,10.39,-26.49,True
1.02,0.03,0.97,0.3,0.2,0.25,0.75,10.31,-26.04,True
1.02,0.03,0.97,0.3,0.2,0.5,0.5,10.22,-25.51,True
1.02,0.03,0.97,0.3,0.2,0.75,0.25,10.11,-24.9,True
1.02,0.03,0.97,0.3,0.2,1.0,0.0,9.98,-24.19,True
1.02,0.03,0.97,0.3,0.3,0.0,1.0,11.45,-28.18,True
1.02,0.03,0.97,0.3,0.3,0.25,0.75,11.42,-27.87,True
1.02,0.03,0.97,0.3,0.3,0.5,0.5,11.37,-27.52,True
1.02,0.03,0.97,0.3,0.3,0.75,0.25,11.3,-27.13,True
1.02,0.03,0.97,0.3,0.3,1.0,0.0,11.22,-26.68,True
1.02,0.03,0.97,0.4,0.0,0.0,1.0,5.83,-22.06,True
1.02,0.03,0.97,0.4,0.0,0.25,0.75,5.65,-20.85,True
1.02,0.03,0.97,0.4,0.0,0.5,0.5,5.43,-19.37,True
1.02,0.03,0.97,0.4,0.0,0.75,0.25,5.17,-17.52,True
1.02,0.03,0.97,0.4,0.0,1.0,0.0,4.87,-15.15,True
1.02,0.03,0.97,0.4,0.1,0.0,1.0,8.76,-24.71,True
1.02,0.03,0.97,0.4,0.1,0.25,0.75,8.66,-23.99,True
1.02,0.03,0.97,0.4,0.1,0.5,0.5,8.53,-23.13,True
1.02,0.03,0.97,0.4,0.1,0.75,0.25,8.38,-22.1,True
1.02,0.03,0.97,0.4,0.1,1.0,0.0,8.21,-20.84,True
1.02,0.03,0.97,0.4,0.2,0.0,1.0,10.22,-26.78,True
1.02,0.03,0.97,0.4,0.2,0.25,0.75,10.18,-26.3,True
1.02,0.03,0.97,0.4,0.2,0.5,0.5,10.13,-25.75,True
1.02,0.03,0.97,0.4,0.2,0.75,0.25,10.05,-25.11,True
1.02,0.03,0.97,0.4,0.2,1.0,0.0,9.95,-24.35,True
1.02,0.03,0.97,0.4,0.3,0.0,1.0,11.35,-28.38,True
1.02,0.03,0.97,0.4,0.3,0.25,0.75,11.33,-28.06,True
1.02,0.03,0.97,0.4,0.3,0.5,0.5,11.29,-27.69,True
1.02,0.03,0.97,0.4,0.3,0.75,0.25,11.25,-27.29,True
1.02,0.03,0.97,0.4,0.3,1.0,0.0,11.19,-26.82,True
1.02,0.03,0.99,0.1,0.0,0.0,1.0,1.35,-10.22,True
1.02,0.03,0.99,0.1,0.0,0.25,0.75,1.28,-9.19,True
1.02,0.03,0.99,0.1,0.0,0.5,0.5,1.21,-8.1,True
1.02,0.03,0.99,0.1,0.0,0.75,0.25,1.14,-6.95,True
1.02,0.03,0.99,0.1,0.0,1.0,0.0,1.06,-5.74,True
1.02,0.03,0.99,0.1,0.1,0.0,1.0,6.69,-18.57,True
1.02,0.03,0.99,0.1,0.1,0.25,0.75,6.67,-18.75,True
1.02,0.03,0.99,0.1,0.1,0.5,0.5,6.64,-18.93,True
1.02,0.03,0.99,0.1,0.1,0.75,0.25,6.61,-19.13,True
1.02,0.03,0.99,0.1,0.1,1.0,0.0,6.59,-19.33,True
1.02,0.03,0.99,0.1,0.2,0.0,1.0,9.1,-23.88,True
1.02,0.03,0.99,0.1,0.2,0.25,0.75,9.08,-24.08,True
1.02,0.03,0.99,0.1,0.2,0.5,0.5,9.06,-24.29,True
1.02,0.03,0.99,0.1,0.2,0.75,0.25,9.04,-24.51,True
1.02,0.03,0.99,0.1,0.2,1.0,0.0,9.02,-24.73,True
1.02,0.03,0.99,0.1,0.3,0.0,1.0,10.71,-26.36,True
1.02,0.03,0.99,0.1,0.3,0.25,0.75,10.7,-26.54,True
1.02,0.03,0.99,0.1,0.3,0.5,0.5,10.68,-26.73,True
1.02,0.03,0.99,0.1,0.3,0.75,0.25,10.67,-26.92,True
1.02,0.03,0.99,0.1,0.3,1.0,0.0,10.65,-27.13,True
1.02,0.03,0.99,0.2,0.0,0.0,1.0,2.15,-11.29,True
1.02,0.03,0.99,0.2,0.0,0.25,0.75,2.08,-10.28,True
1.02,0.03,0.99,0.2,0.0,0.5,0.5,1.99,-9.17,True
1.02,0.03,0.99,0.2,0.0,0.75,0.25,1.9,-7.95,True
1.02,0.03,0.99,0.2,0.0,1.0,0.0,1.8,-6.61,True
1.02,0.03,0.99,0.2,0.1,0.0,1.0,6.98,-16.97,True
1.02,0.03,0.99,0.2,0.1,0.25,0.75,6.94,-17.21,True
1.02,0.03,0.99,0.2,0.1,0.5,0.5,6.89,-17.46,True
1.02,0.03,0.99,0.2,0.1,0.75,0.25,6.85,-17.74,True
1.02,0.03,0.99,0.2,0.1,1.0,0.0,6.8,-18.03,True
1.02,0.03,0.99,0.2,0.2,0.0,1.0,9.21,-22.73,True
1.02,0.03,0.99,0.2,0.2,0.25,0.75,9.19,-22.93,True
1.02,0.03,0.99,0.2,0.2,0.5,0.5,9.17,-23.16,True
1.02,0.03,0.99,0.2,0.2,0.75,0.25,9.15,-23.4,True
1.02,0.03,0.99,0.2,0.2,1.0,0.0,9.13,-23.67,True
1.02,0.03,0.99,0.2,0.3,0.0,1.0,10.67,-26.38,True
1.02,0.03,0.99,0.2,0.3,0.25,0.75,10.67,-26.46,True
1.02,0.03,0.99,0.2,0.3,0.5,0.5,10.67,-26.57,True
1.02,0.03,0.99,0.2,0.3,0.75,0.25,10.67,-26.71,True
1.02,0.03,0.99,0.2,0.3,1.0,0.0,10.66,-26.9,True
1.02,0.03,0.99,0.3,0.0,0.0,1.0,2.48,-10.99,True
1.02,0.03,0.99,0.3,0.0,0.25,0.75,2.39,-10.02,True
1.02,0.03,0.99,0.3,0.0,0.5,0.5,2.3,-8.94,True
1.02,0.03,0.99,0.3,0.0,0.75,0.25,2.2,-7.72,True
1.02,0.03,0.99,0.3,0.0,1.0,0.0,2.08,-6.36,True
1.02,0.03,0.99,0.3,0.1,0.0,1.0,6.99,-16.78,True
1.02,0.03,0.99,0.3,0.1,0.25,0.75,6.97,-16.96,True
1.02,0.03,0.99,0.3,0.1,0.5,0.5,6.95,-17.15,True
1.02,0.03,0.99,0.3,0.1,0.75,0.25,6.91,-17.37,True
1.02,0.03,0.99,0.3,0.1,1.0,0.0,6.88,-17.62,True
1.02,0.03,0.99,0.3,0.2,0.0,1.0,9.05,-23.58,True
1.02,0.03,0.99,0.3,0.2,0.25,0.75,9.07,-23.63,True
1.02,0.03,0.99,0.3,0.2,0.5,0.5,9.09,-23.72,True
1.02,0.03,0.99,0.3,0.2,0.75,0.25,9.09,-23.83,True
1.02,0.03,0.99,0.3,0.2,1.0,0.0,9.09,-23.97,True
1.02,0.03,0.99,0.3,0.3,0.0,1.0,10.56,-27.27,True
1.02,0.03,0.99,0.3,0.3,0.25,0.75,10.58,-27.26,True
1.02,0.03,0.99,0.3,0.3,0.5,0.5,10.6,-27.28,True
1.02,0.03,0.99,0.3,0.3,0.75,0.25,10.62,-27.32,True
1.02,0.03,0.99,0.3,0.3,1.0,0.0,10.62,-27.38,True
1.02,0.03,0.99,0.4,0.0,0.0,1.0,2.57,-11.6,True
1.02,0.03,0.99,0.4,0.0,0.25,0.75,2.51,-10.51,True
1.02,0.03,0.99,0.4,0.0,0.5,0.5,2.44,-9.43,True
1.02,0.03,0.99,0.4,0.0,0.75,0.25,2.35,-8.33,True
1.02,0.03,0.99,0.4,0.0,1.0,0.0,2.24,-7.23,True
1.02,0.03,0.99,0.4,0.1,0.0,1.0,6.72,-17.72,True
1.02,0.03,0.99,0.4,0.1,0.25,0.75,6.74,-17.8,True
1.02,0.03,0.99,0.4,0.1,0.5,0.5,6.75,-17.91,True
1.02,0.03,0.99,0.4,0.1,0.75,0.25,6.76,-18.05,True
1.02,0.03,0.99,0.4,0.1,1.0,0.0,6.75,-18.22,True
1.02,0.03,0.99,0.4,0.2,0.0,1.0,8.92,-24.42,True
1.02,0.03,0.99,0.4,0.2,0.25,0.75,8.95,-24.38,True
1.02,0.03,0.99,0.4,0.2,0.5,0.5,8.98,-24.37,True
1.02,0.03,0.99,0.4,0.2,0.75,0.25,9.01,-24.4,True
1.02,0.03,0.99,0.4,0.2,1.0,0.0,9.03,-24.47,True
1.02,0.03,0.99,0.4,0.3,0.0,1.0,10.5,-27.38,True
1.02,0.03,0.99,0.4,0.3,0.25,0.75,10.53,-27.35,True
1.02,0.03,0.99,0.4,0.3,0.5,0.5,10.55,-27.34,True
1.02,0.03,0.99,0.4,0.3,0.75,0.25,10.58,-27.37,True
1.02,0.03,0.99,0.4,0.3,1.0,0.0,10.6,-27.43,True
1.02,0.03,1.0,0.1,0.0,0.0,1.0,0.54,-3.77,True
1.02,0.03,1.0,0.1,0.0,0.25,0.75,0.53,-3.34,True
1.02,0.03,1.0,0.1,0.0,0.5,0.5,0.52,-2.9,True
1.02,0.03,1.0,0.1,0.0,0.75,0.25,0.5,-2.45,True
1.02,0.03,1.0,0.1,0.0,1.0,0.0,0.49,-1.99,True
1.02,0.03,1.0,0.1,0.1,0.0,1.0,6.32,-20.76,True
1.02,0.03,1.0,0.1,0.1,0.25,0.75,6.32,-20.79,True
1.02,0.03,1.0,0.1,0.1,0.5,0.5,6.32,-20.83,True
1.02,0.03,1.0,0.1,0.1,0.75,0.25,6.32,-20.87,True
1.02,0.03,1.0,0.1,0.1,1.0,0.0,6.32,-20.91,True
1.02,0.03,1.0,0.1,0.2,0.0,1.0,8.87,-25.68,True
1.02,0.03,1.0,0.1,0.2,0.25,0.75,8.86,-25.75,True
1.02,0.03,1.0,0.1,0.2,0.5,0.5,8.86,-25.82,True
1.02,0.03,1.0,0.1,0.2,0.75,0.25,8.86,-25.9,True
1.02,0.03,1.0,0.1,0.2,1.0,0.0,8.86,-25.98,True
1.02,0.03,1.0,0.1,0.3,0.0,1.0,10.53,-27.87,True
1.02,0.03,1.0,0.1,0.3,0.25,0.75,10.53,-27.94,True
1.02,0.03,1.0,0.1,0.3,0.5,0.5,10.53,-28.0,True
1.02,0.03,1.0,0.1,0.3,0.75,0.25,10.53,-28.08,True
1.02,0.03,1.0,0.1,0.3,1.0,0.0,10.53,-28.16,True
1.02,0.03,1.0,0.2,0.0,0.0,1.0,0.92,-6.59,True
1.02,0.03,1.0,0.2,0.0,0.25,0.75,0.92,-5.88,True
1.02,0.03,1.0,0.2,0.0,0.5,0.5,0.91,-5.14,True
1.02,0.03,1.0,0.2,0.0,0.75,0.25,0.9,-4.38,True
1.02,0.03,1.0,0.2,0.0,1.0,0.0,0.89,-3.59,True
1.02,0.03,1.0,0.2,0.1,0.0,1.0,6.51,-19.2,True
1.02,0.03,1.0,0.2,0.1,0.25,0.75,6.5,-19.3,True
1.02,0.03,1.0,0.2,0.1,0.5,0.5,6.49,-19.41,True
1.02,0.03,1.0,0.2,0.1,0.75,0.25,6.49,-19.53,True
1.02,0.03,1.0,0.2,0.1,1.0,0.0,6.48,-19.65,True
1.02,0.03,1.0,0.2,0.2,0.0,1.0,8.91,-24.78,True
1.02,0.03,1.0,0.2,0.2,0.25,0.75,8.91,-24.84,True
1.02,0.03,1.0,0.2,0.2,0.5,0.5,8.92,-24.92,True
1.02,0.03,1.0,0.2,0.2,0.75,0.25,8.92,-25.0,True
1.02,0.03,1.0,0.2,0.2,1.0,0.0,8.93,-25.09,True
1.02,0.03,1.0,0.2,0.3,0.0,1.0,10.52,-27.87,True
1.02,0.03,1.0,0.2,0.3,0.25,0.75,10.53,-27.85,True
1.02,0.03,1.0,0.2,0.3,0.5,0.5,10.54,-27.85,True
1.02,0.03,1.0,0.2,0.3,0.75,0.25,10.55,-27.86,True
1.02,0.03,1.0,0.2,0.3,1.0,0.0,10.55,-27.9,True
1.02,0.03,1.0,0.3,0.0,0.0,1.0,1.21,-7.43,True
1.02,0.03,1.0,0.3,0.0,0.25,0.75,1.2,-6.83,True
1.02,0.03,1.0,0.3,0.0,0.5,0.5,1.18,-6.22,True
1.02,0.03,1.0,0.3,0.0,0.75,0.25,1.16,-5.61,True
1.02,0.03,1.0,0.3,0.0,1.0,0.0,1.14,-5.0,True
1.02,0.03,1.0,0.3,0.1,0.0,1.0,6.47,-19.03,True
1.02,0.03,1.0,0.3,0.1,0.25,0.75,6.49,-19.08,True
1.02,0.03,1.0,0.3,0.1,0.5,0.5,6.5,-19.13,True
1.02,0.03,1.0,0.3,0.1,0.75,0.25,6.51,-19.19,True
1.02,0.03,1.0,0.3,0.1,1.0,0.0,6.51,-19.27,True
1.02,0.03,1.0,0.3,0.2,0.0,1.0,8.83,-25.34,True
1.02,0.03,1.0,0.3,0.2,0.25,0.75,8.86,-25.28,True
1.02,0.03,1.0,0.3,0.2,0.5,0.5,8.89,-25.25,True
1.02,0.03,1.0,0.3,0.2,0.75,0.25,8.91,-25.22,True
1.02,0.03,1.0,0.3,0.2,1.0,0.0,8.92,-25.21,True
1.02,0.03,1.0,0.3,0.3,0.0,1.0,10.43,-28.42,True
1.02,0.03,1.0,0.3,0.3,0.25,0.75,10.46,-28.36,True
1.02,0.03,1.0,0.3,0.3,0.5,0.5,10.48,-28.31,True
1.02,0.03,1.0,0.3,0.3,0.75,0.25,10.51,-28.27,True
1.02,0.03,1.0,0.3,0.3,1.0,0.0,10.52,-28.24,True
1.02,0.03,1.0,0.4,0.0,0.0,1.0,1.27,-9.87,True
1.02,0.03,1.0,0.4,0.0,0.25,0.75,1.28,-9.07,True
1.02,0.03,1.0,0.4,0.0,0.5,0.5,1.28,-8.27,True
1.02,0.03,1.0,0.4,0.0,0.75,0.25,1.28,-7.46,True
1.02,0.03,1.0,0.4,0.0,1.0,0.0,1.27,-6.66,True
1.02,0.03,1.0,0.4,0.1,0.0,1.0,6.28,-19.8,True
1.02,0.03,1.0,0.4,0.1,0.25,0.75,6.32,-19.76,True
1.02,0.03,1.0,0.4,0.1,0.5,0.5,6.36,-19.74,True
1.02,0.03,1.0,0.4,0.1,0.75,0.25,6.4,-19.74,True
1.02,0.03,1.0,0.4,0.1,1.0,0.0,6.43,-19.74,True
1.02,0.03,1.0,0.4,0.2,0.0,1.0,8.73,-25.88,True
1.02,0.03,1.0,0.4,0.2,0.25,0.75,8.77,-25.78,True
1.02,0.03,1.0,0.4,0.2,0.5,0.5,8.81,-25.69,True
1.02,0.03,1.0,0.4,0.2,0.75,0.25,8.84,-25.62,True
1.02,0.03,1.0,0.4,0.2,1.0,0.0,8.87,-25.58,True
1.02,0.03,1.0,0.4,0.3,0.0,1.0,10.38,-28.48,True
1.02,0.03,1.0,0.4,0.3,0.25,0.75,10.41,-28.4,True
1.02,0.03,1.0,0.4,0.3,0.5,0.5,10.44,-28.33,True
1.02,0.03,1.0,0.4,0.3,0.75,0.25,10.47,-28.29,True
1.02,0.03,1.0,0.4,0.3,1.0,0.0,10.5,-28.25,True
1.02,0.03,1.01,0.1,0.0,0.0,1.0,0.58,-1.28,True
1.02,0.03,1.01,0.1,0.0,0.25,0.75,0.56,-1.17,True
1.02,0.03,1.01,0.1,0.0,0.5,0.5,0.55,-1.05,True
1.02,0.03,1.01,0.1,0.0,0.75,0.25,0.53,-0.94,True
1.02,0.03,1.01,0.1,0.0,1.0,0.0,0.51,-0.83,True
1.02,0.03,1.01,0.1,0.1,0.0,1.0,6.31,-20.85,True
1.02,0.03,1.01,0.1,0.1,0.25,0.75,6.32,-20.88,True
1.02,0.03,1.01,0.1,0.1,0.5,0.5,6.32,-20.91,True
1.02,0.03,1.01,0.1,0.1,0.75,0.25,6.32,-20.94,True
1.02,0.03,1.01,0.1,0.1,1.0,0.0,6.32,-20.98,True
1.02,0.03,1.01,0.1,0.2,0.0,1.0,8.82,-26.32,True
1.02,0.03,1.01,0.1,0.2,0.25,0.75,8.82,-26.32,True
1.02,0.03,1.01,0.1,0.2,0.5,0.5,8.83,-26.33,True
1.02,0.03,1.01,0.1,0.2,0.75,0.25,8.83,-26.34,True
1.02,0.03,1.01,0.1,0.2,1.0,0.0,8.83,-26.35,True
1.02,0.03,1.01,0.1,0.3,0.0,1.0,10.48,-28.68,True
1.02,0.03,1.01,0.1,0.3,0.25,0.75,10.48,-28.69,True
1.02,0.03,1.01,0.1,0.3,0.5,0.5,10.49,-28.7,True
1.02,0.03,1.01,0.1,0.3,0.75,0.25,10.49,-28.71,True
1.02,0.03,1.01,0.1,0.3,1.0,0.0,10.49,-28.72,True
1.02,0.03,1.01,0.2,0.0,0.0,1.0,1.05,-2.55,True
1.02,0.03,1.01,0.2,0.0,0.25,0.75,1.03,-2.33,True
1.02,0.03,1.01,0.2,0.0,0.5,0.5,1.01,-2.1,True
1.02,0.03,1.01,0.2,0.0,0.75,0.25,0.98,-1.88,True
1.02,0.03,1.01,0.2,0.0,1.0,0.0,0.96,-1.66,True
1.02,0.03,1.01,0.2,0.1,0.0,1.0,6.39,-20.03,True
1.02,0.03,1.01,0.2,0.1,0.25,0.75,6.4,-20.06,True
1.02,0.03,1.01,0.2,0.1,0.5,0.5,6.4,-20.09,True
1.02,0.03,1.01,0.2,0.1,0.75,0.25,6.41,-20.13,True
1.02,0.03,1.01,0.2,0.1,1.0,0.0,6.41,-20.17,True
1.02,0.03,1.01,0.2,0.2,0.0,1.0,8.89,-25.29,True
1.02,0.03,1.01,0.2,0.2,0.25,0.75,8.9,-25.34,True
1.02,0.03,1.01,0.2,0.2,0.5,0.5,8.9,-25.38,True
1.02,0.03,1.01,0.2,0.2,0.75,0.25,8.91,-25.43,True
1.02,0.03,1.01,0.2,0.2,1.0,0.0,8.91,-25.47,True
1.02,0.03,1.01,0.2,0.3,0.0,1.0,10.57,-27.62,True
1.02,0.03,1.01,0.2,0.3,0.25,0.75,10.57,-27.68,True
1.02,0.03,1.01,0.2,0.3,0.5,0.5,10.57,-27.74,True
1.02,0.03,1.01,0.2,0.3,0.75,0.25,10.57,-27.8,True
1.02,0.03,1.01,0.2,0.3,1.0,0.0,10.57,-27.86,True
1.02,0.03,1.01,0.3,0.0,0.0,1.0,1.17,-3.82,True
1.02,0.03,1.01,0.3,0.0,0.25,0.75,1.17,-3.48,True
1.02,0.03,1.01,0.3,0.0,0.5,0.5,1.17,-3.15,True
1.02,0.03,1.01,0.3,0.0,0.75,0.25,1.16,-2.82,True
1.02,0.03,1.01,0.3,0.0,1.0,0.0,1.15,-2.48,True
1.02,0.03,1.01,0.3,0.1,0.0,1.0,6.43,-19.42,True
1.02,0.03,1.01,0.3,0.1,0.25,0.75,6.45,-19.48,True
1.02,0.03,1.01,0.3,0.1,0.5,0.5,6.45,-19.52,True
1.02,0.03,1.01,0.3,0.1,0.75,0.25,6.46,-19.57,True
1.02,0.03,1.01,0.3,0.1,1.0,0.0,6.47,-19.62,True
1.02,0.03,1.01,0.3,0.2,0.0,1.0,8.93,-24.68,True
1.02,0.03,1.01,0.3,0.2,0.25,0.75,8.95,-24.76,True
1.02,0.03,1.01,0.3,0.2,0.5,0.5,8.96,-24.84,True
1.02,0.03,1.01,0.3,0.2,0.75,0.25,8.96,-24.9,True
1.02,0.03,1.01,0.3,0.2,1.0,0.0,8.96,-24.97,True
1.02,0.03,1.01,0.3,0.3,0.0,1.0,10.51,-27.89,True
1.02,0.03,1.01,0.3,0.3,0.25,0.75,10.52,-27.9,True
1.02,0.03,1.01,0.3,0.3,0.5,0.5,10.54,-27.91,True
1.02,0.03,1.01,0.3,0.3,0.75,0.25,10.56,-27.94,True
1.02,0.03,1.01,0.3,0.3,1.0,0.0,10.56,-27.95,True
1.02,0.03,1.01,0.4,0.0,0.0,1.0,0.99,-5.08,True
1.02,0.03,1.01,0.4,0.0,0.25,0.75,1.03,-4.63,True
1.02,0.03,1.01,0.4,0.0,0.5,0.5,1.05,-4.19,True
1.02,0.03,1.01,0.4,0.0,0.75,0.25,1.07,-3.75,True
1.02,0.03,1.01,0.4,0.0,1.0,0.0,1.09,-3.3,True
1.02,0.03,1.01,0.4,0.1,0.0,1.0,6.4,-19.18,True
1.02,0.03,1.01,0.4,0.1,0.25,0.75,6.43,-19.23,True
1.02,0.03,1.01,0.4,0.1,0.5,0.5,6.45,-19.29,True
1.02,0.03,1.01,0.4,0.1,0.75,0.25,6.48,-19.35,True
1.02,0.03,1.01,0.4,0.1,1.0,0.0,6.49,-19.4,True
1.02,0.03,1.01,0.4,0.2,0.0,1.0,8.85,-24.99,True
1.02,0.03,1.01,0.4,0.2,0.25,0.75,8.88,-25.0,True
1.02,0.03,1.01,0.4,0.2,0.5,0.5,8.9,-25.01,True
1.02,0.03,1.01,0.4,0.2,0.75,0.25,8.93,-25.04,True
1.02,0.03,1.01,0.4,0.2,1.0,0.0,8.95,-25.08,True
1.02,0.03,1.01,0.4,0.3,0.0,1.0,10.45,-27.93,True
1.02,0.03,1.01,0.4,0.3,0.25,0.75,10.48,-27.92,True
1.02,0.03,1.01,0.4,0.3,0.5,0.5,10.5,-27.93,True
1.02,0.03,1.01,0.4,0.3,0.75,0.25,10.52,-27.94,True
1.02,0.03,1.01,0.4,0.3,1.0,0.0,10.54,-27.95,True
1.02,0.03,1.02,0.1,0.0,0.0,1.0,0.32,-1.28,True
1.02,0.03,1.02,0.1,0.0,0.25,0.75,0.32,-1.17,True
1.02,0.03,1.02,0.1,0.0,0.5,0.5,0.32,-1.05,True
1.02,0.03,1.02,0.1,0.0,0.75,0.25,0.32,-0.94,True
1.02,0.03,1.02,0.1,0.0,1.0,0.0,0.31,-0.83,True
1.02,0.03,1.02,0.1,0.1,0.0,1.0,6.26,-21.32,True
1.02,0.03,1.02,0.1,0.1,0.25,0.75,6.26,-21.32,True
1.02,0.03,1.02,0.1,0.1,0.5,0.5,6.26,-21.32,True
1.02,0.03,1.02,0.1,0.1,0.75,0.25,6.27,-21.33,True
1.02,0.03,1.02,0.1,0.1,1.0,0.0,6.27,-21.33,True
1.02,0.03,1.02,0.1,0.2,0.0,1.0,8.79,-26.64,True
1.02,0.03,1.02,0.1,0.2,0.25,0.75,8.8,-26.63,True
1.02,0.03,1.02,0.1,0.2,0.5,0.5,8.8,-26.62,True
1.02,0.03,1.02,0.1,0.2,0.75,0.25,8.81,-26.61,True
1.02,0.03,1.02,0.1,0.2,1.0,0.0,8.81,-26.6,True
1.02,0.03,1.02,0.1,0.3,0.0,1.0,10.47,-28.85,True
1.02,0.03,1.02,0.1,0.3,0.25,0.75,10.47,-28.86,True
1.02,0.03,1.02,0.1,0.3,0.5,0.5,10.47,-28.86,True
1.02,0.03,1.02,0.1,0.3,0.75,0.25,10.48,-28.87,True
1.02,0.03,1.02,0.1,0.3,1.0,0.0,10.48,-28.87,True
1.02,0.03,1.02,0.2,0.0,0.0,1.0,0.6,-2.55,True
1.02,0.03,1.02,0.2,0.0,0.25,0.75,0.6,-2.33,True
1.02,0.03,1.02,0.2,0.0,0.5,0.5,0.6,-2.1,True
1.02,0.03,1.02,0.2,0.0,0.75,0.25,0.6,-1.88,True
1.02,0.03,1.02,0.2,0.0,1.0,0.0,0.6,-1.66,True
1.02,0.03,1.02,0.2,0.1,0.0,1.0,6.29,-20.88,True
1.02,0.03,1.02,0.2,0.1,0.25,0.75,6.3,-20.86,True
1.02,0.03,1.02,0.2,0.1,0.5,0.5,6.31,-20.85,True
1.02,0.03,1.02,0.2,0.1,0.75,0.25,6.31,-20.84,True
1.02,0.03,1.02,0.2,0.1,1.0,0.0,6.32,-20.83,True
1.02,0.03,1.02,0.2,0.2,0.0,1.0,8.86,-25.71,True
1.02,0.03,1.02,0.2,0.2,0.25,0.75,8.87,-25.74,True
1.02,0.03,1.02,0.2,0.2,0.5,0.5,8.87,-25.77,True
1.02,0.03,1.02,0.2,0.2,0.75,0.25,8.87,-25.81,True
1.02,0.03,1.02,0.2,0.2,1.0,0.0,8.88,-25.84,True
1.02,0.03,1.02,0.2,0.3,0.0,1.0,10.55,-27.89,True
1.02,0.03,1.02,0.2,0.3,0.25,0.75,10.56,-27.93,True
1.02,0.03,1.02,0.2,0.3,0.5,0.5,10.56,-27.97,True
1.02,0.03,1.02,0.2,0.3,0.75,0.25,10.56,-28.01,True
1.02,0.03,1.02,0.2,0.3,1.0,0.0,10.56,-28.06,True
1.02,0.03,1.02,0.3,0.0,0.0,1.0,0.74,-3.82,True
1.02,0.03,1.02,0.3,0.0,0.25,0.75,0.75,-3.48,True
1.02,0.03,1.02,0.3,0.0,0.5,0.5,0.77,-3.15,True
1.02,0.03,1.02,0.3,0.0,0.75,0.25,0.78,-2.82,True
1.02,0.03,1.02,0.3,0.0,1.0,0.0,0.79,-2.48,True
1.02,0.03,1.02,0.3,0.1,0.0,1.0,6.38,-20.01,True
1.02,0.03,1.02,0.3,0.1,0.25,0.75,6.39,-20.04,True
1.02,0.03,1.02,0.3,0.1,0.5,0.5,6.4,-20.06,True
1.02,0.03,1.02,0.3,0.1,0.75,0.25,6.4,-20.09,True
1.02,0.03,1.02,0.3,0.1,1.0,0.0,6.41,-20.13,True
1.02,0.03,1.02,0.3,0.2,0.0,1.0,8.94,-25.03,True
1.02,0.03,1.02,0.3,0.2,0.25,0.75,8.94,-25.06,True
1.02,0.03,1.02,0.3,0.2,0.5,0.5,8.94,-25.1,True
1.02,0.03,1.02,0.3,0.2,0.75,0.25,8.95,-25.14,True
1.02,0.03,1.02,0.3,0.2,1.0,0.0,8.95,-25.19,True
1.02,0.03,1.02,0.3,0.3,0.0,1.0,10.53,-28.17,True
1.02,0.03,1.02,0.3,0.3,0.25,0.75,10.53,-28.16,True
1.02,0.03,1.02,0.3,0.3,0.5,0.5,10.54,-28.15,True
1.02,0.03,1.02,0.3,0.3,0.75,0.25,10.54,-28.15,True
1.02,0.03,1.02,0.3,0.3,1.0,0.0,10.55,-28.15,True
1.02,0.03,1.02,0.4,0.0,0.0,1.0,0.67,-5.08,True
1.02,0.03,1.02,0.4,0.0,0.25,0.75,0.7,-4.63,True
1.02,0.03,1.02,0.4,0.0,0.5,0.5,0.73,-4.19,True
1.02,0.03,1.02,0.4,0.0,0.75,0.25,0.76,-3.75,True
1.02,0.03,1.02,0.4,0.0,1.0,0.0,0.79,-3.3,True
1.02,0.03,1.02,0.4,0.1,0.0,1.0,6.43,-19.62,True
1.02,0.03,1.02,0.4,0.1,0.25,0.75,6.43,-19.65,True
1.02,0.03,1.02,0.4,0.1,0.5,0.5,6.44,-19.68,True
1.02,0.03,1.02,0.4,0.1,0.75,0.25,6.45,-19.71,True
1.02,0.03,1.02,0.4,0.1,1.0,0.0,6.46,-19.75,True
1.02,0.03,1.02,0.4,0.2,0.0,1.0,8.9,-25.38,True
1.02,0.03,1.02,0.4,0.2,0.25,0.75,8.91,-25.36,True
1.02,0.03,1.02,0.4,0.2,0.5,0.5,8.92,-25.35,True
1.02,0.03,1.02,0.4,0.2,0.75,0.25,8.92,-25.35,True
1.02,0.03,1.02,0.4,0.2,1.0,0.0,8.93,-25.35,True
1.02,0.03,1.02,0.4,0.3,0.0,1.0,10.52,-28.19,True
1.02,0.03,1.02,0.4,0.3,0.25,0.75,10.53,-28.16,True
1.02,0.03,1.02,0.4,0.3,0.5,0.5,10.54,-28.15,True
1.02,0.03,1.02,0.4,0.3,0.75,0.25,10.54,-28.14,True
1.02,0.03,1.02,0.4,0.3,1.0,0.0,10.55,-28.14,True
1.03,0.005,0.95,0.1,0.0,0.0,1.0,18.47,-27.68,True
1.03,0.005,0.95,0.1,0.0,0.25,0.75,17.66,-26.21,True
1.03,0.005,0.95,0.1,0.0,0.5,0.5,16.78,-24.42,True
1.03,0.005,0.95,0.1,0.0,0.75,0.25,15.8,-22.18,True
1.03,0.005,0.95,0.1,0.0,1.0,0.0,14.72,-19.3,True
1.03,0.005,0.95,0.1,0.1,0.0,1.0,18.6,-27.94,True
1.03,0.005,0.95,0.1,0.1,0.25,0.75,17.84,-26.61,True
1.03,0.005,0.95,0.1,0.1,0.5,0.5,17.01,-25.01,True
1.03,0.005,0.95,0.1,0.1,0.75,0.25,16.1,-23.06,True
1.03,0.005,0.95,0.1,0.1,1.0,0.0,15.12,-20.66,True
1.03,0.005,0.95,0.1,0.2,0.0,1.0,18.54,-28.23,True
1.03,0.005,0.95,0.1,0.2,0.25,0.75,17.84,-27.02,True
1.03,0.005,0.95,0.1,0.2,0.5,0.5,17.09,-25.61,True
1.03,0.005,0.95,0.1,0.2,0.75,0.25,16.28,-23.94,True
1.03,0.005,0.95,0.1,0.2,1.0,0.0,15.41,-21.96,True
1.03,0.005,0.95,0.1,0.3,0.0,1.0,18.57,-28.52,True
1.03,0.005,0.95,0.1,0.3,0.25,0.75,17.92,-27.44,True
1.03,0.005,0.95,0.1,0.3,0.5,0.5,17.22,-26.21,True
1.03,0.005,0.95,0.1,0.3,0.75,0.25,16.48,-24.79,True
1.03,0.005,0.95,0.1,0.3,1.0,0.0,15.69,-23.18,True
1.03,0.005,0.95,0.2,0.0,0.0,1.0,19.67,-35.38,True
1.03,0.005,0.95,0.2,0.0,0.25,0.75,18.85,-32.73,True
1.03,0.005,0.95,0.2,0.0,0.5,0.5,17.93,-29.92,True
1.03,0.005,0.95,0.2,0.0,0.75,0.25,16.9,-26.93,True
1.03,0.005,0.95,0.2,0.0,1.0,0.0,15.75,-23.74,True
1.03,0.005,0.95,0.2,0.1,0.0,1.0,19.83,-33.12,True
1.03,0.005,0.95,0.2,0.1,0.25,0.75,19.02,-30.48,True
1.03,0.005,0.95,0.2,0.1,0.5,0.5,18.13,-27.69,True
1.03,0.005,0.95,0.2,0.1,0.75,0.25,17.15,-24.75,True
1.03,0.005,0.95,0.2,0.1,1.0,0.0,16.07,-21.63,True
1.03,0.005,0.95,0.2,0.2,0.0,1.0,19.68,-30.43,True
1.03,0.005,0.95,0.2,0.2,0.25,0.75,18.93,-27.85,True
1.03,0.005,0.95,0.2,0.2,0.5,0.5,18.11,-25.56,True
1.03,0.005,0.95,0.2,0.2,0.75,0.25,17.21,-23.84,True
1.03,0.005,0.95,0.2,0.2,1.0,0.0,16.24,-22.16,True
1.03,0.005,0.95,0.2,0.3,0.0,1.0,19.39,-31.64,True
1.03,0.005,0.95,0.2,0.3,0.25,0.75,18.71,-30.26,True
1.03,0.005,0.95,0.2,0.3,0.5,0.5,17.96,-28.85,True
1.03,0.005,0.95,0.2,0.3,0.75,0.25,17.14,-27.41,True
1.03,0.005,0.95,0.2,0.3,1.0,0.0,16.27,-25.93,True
1.03,0.005,0.95,0.3,0.0,0.0,1.0,20.59,-38.36,True
1.03,0.005,0.95,0.3,0.0,0.25,0.75,19.72,-35.49,True
1.03,0.005,0.95,0.3,0.0,0.5,0.5,18.75,-32.46,True
1.03,0.005,0.95,0.3,0.0,0.75,0.25,17.66,-29.25,True
1.03,0.005,0.95,0.3,0.0,1.0,0.0,16.44,-25.84,True
1.03,0.005,0.95,0.3,0.1,0.0,1.0,20.3,-35.51,True
1.03,0.005,0.95,0.3,0.1,0.25,0.75,19.48,-32.68,True
1.03,0.005,0.95,0.3,0.1,0.5,0.5,18.58,-29.72,True
1.03,0.005,0.95,0.3,0.1,0.75,0.25,17.58,-26.59,True
1.03,0.005,0.95,0.3,0.1,1.0,0.0,16.47,-23.28,True
1.03,0.005,0.95,0.3,0.2,0.0,1.0,19.98,-32.81,True
1.03,0.005,0.95,0.3,0.2,0.25,0.75,19.22,-30.13,True
1.03,0.005,0.95,0.3,0.2,0.5,0.5,18.39,-28.35,True
1.03,0.005,0.95,0.3,0.2,0.75,0.25,17.48,-26.53,True
1.03,0.005,0.95,0.3,0.2,1.0,0.0,16.49,-24.66,True
1.03,0.005,0.95,0.3,0.3,0.0,1.0,19.62,-35.49,True
1.03,0.005,0.95,0.3,0.3,0.25,0.75,18.94,-33.8,True
1.03,0.005,0.95,0.3,0.3,0.5,0.5,18.19,-32.07,True
1.03,0.005,0.95,0.3,0.3,0.75,0.25,17.37,-30.3,True
1.03,0.005,0.95,0.3,0.3,1.0,0.0,16.5,-28.5,True
1.03,0.005,0.95,0.4,0.0,0.0,1.0,20.81,-41.12,True
1.03,0.005,0.95,0.4,0.0,0.25,0.75,19.94,-38.09,True
1.03,0.005,0.95,0.4,0.0,0.5,0.5,18.96,-34.88,True
1.03,0.005,0.95,0.4,0.0,0.75,0.25,17.87,-31.48,True
1.03,0.005,0.95,0.4,0.0,1.0,0.0,16.64,-27.88,True
1.03,0.005,0.95,0.4,0.1,0.0,1.0,20.49,-38.79,True
1.03,0.005,0.95,0.4,0.1,0.25,0.75,19.68,-35.78,True
1.03,0.005,0.95,0.4,0.1,0.5,0.5,18.78,-32.62,True
1.03,0.005,0.95,0.4,0.1,0.75,0.25,17.78,-29.28,True
1.03,0.005,0.95,0.4,0.1,1.0,0.0,16.66,-25.76,True
1.03,0.005,0.95,0.4,0.2,0.0,1.0,20.05,-36.39,True
1.03,0.005,0.95,0.4,0.2,0.25,0.75,19.32,-33.62,True
1.03,0.005,0.95,0.4,0.2,0.5,0.5,18.5,-31.52,True
1.03,0.005,0.95,0.4,0.2,0.75,0.25,17.6,-29.38,True
1.03,0.005,0.95,0.4,0.2,1.0,0.0,16.6,-27.2,True
1.03,0.005,0.95,0.4,0.3,0.0,1.0,19.59,-39.26,True
1.03,0.005,0.95,0.4,0.3,0.25,0.75,18.94,-37.25,True
1.03,0.005,0.95,0.4,0.3,0.5,0.5,18.22,-35.2,True
1.03,0.005,0.95,0.4,0.3,0.75,0.25,17.39,-33.12,True
1.03,0.005,0.95,0.4,0.3,1.0,0.0,16.5,-31.0,True
1.03,0.005,0.97,0.1,0.0,0.0,1.0,13.82,-33.59,True
1.03,0.005,0.97,0.1,0.0,0.25,0.75,13.33,-31.13,True
1.03,0.005,0.97,0.1,0.0,0.5,0.5,12.76,-28.61,True
1.03,0.005,0.97,0.1,0.0,0.75,0.25,12.12,-26.04,True
1.03,0.005,0.97,0.1,0.0,1.0,0.0,11.38,-23.43,True
1.03,0.005,0.97,0.1,0.1,0.0,1.0,14.62,-26.55,True
1.03,0.005,0.97,0.1,0.1,0.25,0.75,14.18,-24.51,True
1.03,0.005,0.97,0.1,0.1,0.5,0.5,13.68,-22.4,True
1.03,0.005,0.97,0.1,0.1,0.75,0.25,13.12,-20.23,True
1.03,0.005,0.97,0.1,0.1,1.0,0.0,12.5,-18.48,True
1.03,0.005,0.97,0.1,0.2,0.0,1.0,15.42,-24.47,True
1.03,0.005,0.97,0.1,0.2,0.25,0.75,14.99,-23.75,True
1.03,0.005,0.97,0.1,0.2,0.5,0.5,14.51,-22.92,True
1.03,0.005,0.97,0.1,0.2,0.75,0.25,13.99,-21.96,True
1.03,0.005,0.97,0.1,0.2,1.0,0.0,13.42,-20.84,True
1.03,0.005,0.97,0.1,0.3,0.0,1.0,15.97,-26.83,True
1.03,0.005,0.97,0.1,0.3,0.25,0.75,15.56,-25.83,True
1.03,0.005,0.97,0.1,0.3,0.5,0.5,15.11,-24.84,True
1.03,0.005,0.97,0.1,0.3,0.75,0.25,14.62,-23.86,True
1.03,0.005,0.97,0.1,0.3,1.0,0.0,14.11,-22.89,True
1.03,0.005,0.97,0.2,0.0,0.0,1.0,16.4,-28.62,True
1.03,0.005,0.97,0.2,0.0,0.25,0.75,15.77,-26.43,True
1.03,0.005,0.97,0.2,0.0,0.5,0.5,15.06,-24.19,True
1.03,0.005,0.97,0.2,0.0,0.75,0.25,14.25,-21.9,True
1.03,0.005,0.97,0.2,0.0,1.0,0.0,13.34,-19.57,True
1.03,0.005,0.97,0.2,0.1,0.0,1.0,17.01,-25.64,True
1.03,0.005,0.97,0.2,0.1,0.25,0.75,16.38,-23.48,True
1.03,0.005,0.97,0.2,0.1,0.5,0.5,15.7,-21.21,True
1.03,0.005,0.97,0.2,0.1,0.75,0.25,14.94,-19.55,True
1.03,0.005,0.97,0.2,0.1,1.0,0.0,14.1,-17.8,True
1.03,0.005,0.97,0.2,0.2,0.0,1.0,17.19,-25.92,True
1.03,0.005,0.97,0.2,0.2,0.25,0.75,16.64,-24.62,True
1.03,0.005,0.97,0.2,0.2,0.5,0.5,16.02,-23.32,True
1.03,0.005,0.97,0.2,0.2,0.75,0.25,15.34,-22.03,True
1.03,0.005,0.97,0.2,0.2,1.0,0.0,14.58,-20.73,True
1.03,0.005,0.97,0.2,0.3,0.0,1.0,17.16,-29.49,True
1.03,0.005,0.97,0.2,0.3,0.25,0.75,16.65,-28.26,True
1.03,0.005,0.97,0.2,0.3,0.5,0.5,16.08,-27.04,True
1.03,0.005,0.97,0.2,0.3,0.75,0.25,15.48,-25.82,True
1.03,0.005,0.97,0.2,0.3,1.0,0.0,14.84,-24.61,True
1.03,0.005,0.97,0.3,0.0,0.0,1.0,17.55,-29.97,True
1.03,0.005,0.97,0.3,0.0,0.25,0.75,16.85,-27.6,True
1.03,0.005,0.97,0.3,0.0,0.5,0.5,16.06,-25.1,True
1.03,0.005,0.97,0.3,0.0,0.75,0.25,15.17,-22.48,True
1.03,0.005,0.97,0.3,0.0,1.0,0.0,14.18,-19.72,True
1.03,0.005,0.97,0.3,0.1,0.0,1.0,17.52,-27.45,True
1.03,0.005,0.97,0.3,0.1,0.25,0.75,16.88,-25.12,True
1.03,0.005,0.97,0.3,0.1,0.5,0.5,16.16,-22.69,True
1.03,0.005,0.97,0.3,0.1,0.75,0.25,15.37,-20.14,True
1.03,0.005,0.97,0.3,0.1,1.0,0.0,14.5,-18.46,True
1.03,0.005,0.97,0.3,0.2,0.0,1.0,17.5,-28.8,True
1.03,0.005,0.97,0.3,0.2,0.25,0.75,16.92,-27.29,True
1.03,0.005,0.97,0.3,0.2,0.5,0.5,16.28,-25.77,True
1.03,0.005,0.97,0.3,0.2,0.75,0.25,15.58,-24.25,True
1.03,0.005,0.97,0.3,0.2,1.0,0.0,14.83,-22.73,True
1.03,0.005,0.97,0.3,0.3,0.0,1.0,17.35,-32.48,True
1.03,0.005,0.97,0.3,0.3,0.25,0.75,16.84,-31.03,True
1.03,0.005,0.97,0.3,0.3,0.5,0.5,16.29,-29.58,True
1.03,0.005,0.97,0.3,0.3,0.75,0.25,15.68,-28.13,True
1.03,0.005,0.97,0.3,0.3,1.0,0.0,15.03,-26.67,True
1.03,0.005,0.97,0.4,0.0,0.0,1.0,17.78,-32.21,True
1.03,0.005,0.97,0.4,0.0,0.25,0.75,17.07,-29.67,True
1.03,0.005,0.97,0.4,0.0,0.5,0.5,16.28,-27.01,True
1.03,0.005,0.97,0.4,0.0,0.75,0.25,15.38,-24.23,True
1.03,0.005,0.97,0.4,0.0,1.0,0.0,14.38,-21.3,True
1.03,0.005,0.97,0.4,0.1,0.0,1.0,17.78,-30.21,True
1.03,0.005,0.97,0.4,0.1,0.25,0.75,17.13,-27.7,True
1.03,0.005,0.97,0.4,0.1,0.5,0.5,16.41,-25.08,True
1.03,0.005,0.97,0.4,0.1,0.75,0.25,15.61,-22.35,True
1.03,0.005,0.97,0.4,0.1,1.0,0.0,14.73,-20.44,True
1.03,0.005,0.97,0.4,0.2,0.0,1.0,17.45,-31.72,True
1.03,0.005,0.97,0.4,0.2,0.25,0.75,16.9,-29.99,True
1.03,0.005,0.97,0.4,0.2,0.5,0.5,16.29,-28.25,True
1.03,0.005,0.97,0.4,0.2,0.75,0.25,15.59,-26.5,True
1.03,0.005,0.97,0.4,0.2,1.0,0.0,14.82,-24.76,True
1.03,0.005,0.97,0.4,0.3,0.0,1.0,17.07,-35.25,True
1.03,0.005,0.97,0.4,0.3,0.25,0.75,16.61,-33.59,True
1.03,0.005,0.97,0.4,0.3,0.5,0.5,16.09,-31.92,True
1.03,0.005,0.97,0.4,0.3,0.75,0.25,15.51,-30.25,True
1.03,0.005,0.97,0.4,0.3,1.0,0.0,14.89,-28.58,True
1.03,0.005,0.99,0.1,0.0,0.0,1.0,7.36,-28.57,True
1.03,0.005,0.99,0.1,0.0,0.25,0.75,7.22,-26.39,True
1.03,0.005,0.99,0.1,0.0,0.5,0.5,7.03,-24.17,True
1.03,0.005,0.99,0.1,0.0,0.75,0.25,6.79,-21.91,True
1.03,0.005,0.99,0.1,0.0,1.0,0.0,6.49,-19.6,True
1.03,0.005,0.99,0.1,0.1,0.0,1.0,10.09,-27.3,True
1.03,0.005,0.99,0.1,0.1,0.25,0.75,9.95,-25.16,True
1.03,0.005,0.99,0.1,0.1,0.5,0.5,9.78,-22.99,True
1.03,0.005,0.99,0.1,0.1,0.75,0.25,9.58,-20.79,True
1.03,0.005,0.99,0.1,0.1,1.0,0.0,9.35,-19.36,True
1.03,0.005,0.99,0.1,0.2,0.0,1.0,11.78,-25.26,True
1.03,0.005,0.99,0.1,0.2,0.25,0.75,11.65,-23.9,True
1.03,0.005,0.99,0.1,0.2,0.5,0.5,11.49,-23.43,True
1.03,0.005,0.99,0.1,0.2,0.75,0.25,11.3,-23.03,True
1.03,0.005,0.99,0.1,0.2,1.0,0.0,11.09,-22.73,True
1.03,0.005,0.99,0.1,0.3,0.0,1.0,12.96,-26.68,True
1.03,0.005,0.99,0.1,0.3,0.25,0.75,12.83,-25.78,True
1.03,0.005,0.99,0.1,0.3,0.5,0.5,12.68,-25.15,True
1.03,0.005,0.99,0.1,0.3,0.75,0.25,12.51,-24.95,True
1.03,0.005,0.99,0.1,0.3,1.0,0.0,12.3,-24.86,True
1.03,0.005,0.99,0.2,0.0,0.0,1.0,10.44,-34.05,True
1.03,0.005,0.99,0.2,0.0,0.25,0.75,10.14,-31.52,True
1.03,0.005,0.99,0.2,0.0,0.5,0.5,9.78,-28.92,True
1.03,0.005,0.99,0.2,0.0,0.75,0.25,9.35,-26.26,True
1.03,0.005,0.99,0.2,0.0,1.0,0.0,8.84,-23.53,True
1.03,0.005,0.99,0.2,0.1,0.0,1.0,12.55,-31.18,True
1.03,0.005,0.99,0.2,0.1,0.25,0.75,12.24,-28.78,True
1.03,0.005,0.99,0.2,0.1,0.5,0.5,11.87,-26.32,True
1.03,0.005,0.99,0.2,0.1,0.75,0.25,11.46,-23.81,True
1.03,0.005,0.99,0.2,0.1,1.0,0.0,11.01,-21.24,True
1.03,0.005,0.99,0.2,0.2,0.0,1.0,13.42,-28.06,True
1.03,0.005,0.99,0.2,0.2,0.25,0.75,13.15,-25.82,True
1.03,0.005,0.99,0.2,0.2,0.5,0.5,12.85,-23.98,True
1.03,0.005,0.99,0.2,0.2,0.75,0.25,12.51,-22.71,True
1.03,0.005,0.99,0.2,0.2,1.0,0.0,12.14,-21.46,True
1.03,0.005,0.99,0.2,0.3,0.0,1.0,14.18,-30.95,True
1.03,0.005,0.99,0.2,0.3,0.25,0.75,13.94,-29.76,True
1.03,0.005,0.99,0.2,0.3,0.5,0.5,13.67,-28.57,True
1.03,0.005,0.99,0.2,0.3,0.75,0.25,13.38,-27.38,True
1.03,0.005,0.99,0.2,0.3,1.0,0.0,13.07,-26.21,True
1.03,0.005,0.99,0.3,0.0,0.0,1.0,12.61,-34.84,True
1.03,0.005,0.99,0.3,0.0,0.25,0.75,12.17,-32.26,True
1.03,0.005,0.99,0.3,0.0,0.5,0.5,11.66,-29.61,True
1.03,0.005,0.99,0.3,0.0,0.75,0.25,11.07,-26.88,True
1.03,0.005,0.99,0.3,0.0,1.0,0.0,10.4,-24.08,True
1.03,0.005,0.99,0.3,0.1,0.0,1.0,13.64,-31.47,True
1.03,0.005,0.99,0.3,0.1,0.25,0.75,13.26,-29.05,True
1.03,0.005,0.99,0.3,0.1,0.5,0.5,12.82,-26.57,True
1.03,0.005,0.99,0.3,0.1,0.75,0.25,12.33,-24.03,True
1.03,0.005,0.99,0.3,0.1,1.0,0.0,11.79,-21.43,True
1.03,0.005,0.99,0.3,0.2,0.0,1.0,14.45,-29.74,True
1.03,0.005,0.99,0.3,0.2,0.25,0.75,14.1,-28.25,True
1.03,0.005,0.99,0.3,0.2,0.5,0.5,13.72,-26.75,True
1.03,0.005,0.99,0.3,0.2,0.75,0.25,13.3,-25.26,True
1.03,0.005,0.99,0.3,0.2,1.0,0.0,12.85,-23.78,True
1.03,0.005,0.99,0.3,0.3,0.0,1.0,14.89,-33.65,True
1.03,0.005,0.99,0.3,0.3,0.25,0.75,14.59,-32.24,True
1.03,0.005,0.99,0.3,0.3,0.5,0.5,14.24,-30.83,True
1.03,0.005,0.99,0.3,0.3,0.75,0.25,13.84,-29.42,True
1.03,0.005,0.99,0.3,0.3,1.0,0.0,13.41,-28.02,True
1.03,0.005,0.99,0.4,0.0,0.0,1.0,13.68,-34.45,True
1.03,0.005,0.99,0.4,0.0,0.25,0.75,13.17,-31.89,True
1.03,0.005,0.99,0.4,0.0,0.5,0.5,12.59,-29.25,True
1.03,0.005,0.99,0.4,0.0,0.75,0.25,11.92,-26.54,True
1.03,0.005,0.99,0.4,0.0,1.0,0.0,11.17,-23.74,True
1.03,0.005,0.99,0.4,0.1,0.0,1.0,14.59,-30.77,True
1.03,0.005,0.99,0.4,0.1,0.25,0.75,14.15,-28.4,True
1.03,0.005,0.99,0.4,0.1,0.5,0.5,13.64,-25.96,True
1.03,0.005,0.99,0.4,0.1,0.75,0.25,13.06,-23.46,True
1.03,0.005,0.99,0.4,0.1,1.0,0.0,12.42,-20.89,True
1.03,0.005,0.99,0.4,0.2,0.0,1.0,14.72,-32.51,True
1.03,0.005,0.99,0.4,0.2,0.25,0.75,14.34,-30.8,True
1.03,0.005,0.99,0.4,0.2,0.5,0.5,13.9,-29.08,True
1.03,0.005,0.99,0.4,0.2,0.75,0.25,13.43,-27.37,True
1.03,0.005,0.99,0.4,0.2,1.0,0.0,12.91,-25.65,True
1.03,0.005,0.99,0.4,0.3,0.0,1.0,14.63,-36.52,True
1.03,0.005,0.99,0.4,0.3,0.25,0.75,14.39,-34.87,True
1.03,0.005,0.99,0.4,0.3,0.5,0.5,14.08,-33.22,True
1.03,0.005,0.99,0.4,0.3,0.75,0.25,13.73,-31.57,True
1.03,0.005,0.99,0.4,0.3,1.0,0.0,13.34,-29.93,True
1.03,0.005,1.0,0.1,0.0,0.0,1.0,2.44,-25.37,True
1.03,0.005,1.0,0.1,0.0,0.25,0.75,2.61,-23.42,True
1.03,0.005,1.0,0.1,0.0,0.5,0.5,2.76,-21.43,True
1.03,0.005,1.0,0.1,0.0,0.75,0.25,2.88,-19.4,True
1.03,0.005,1.0,0.1,0.0,1.0,0.0,2.98,-17.34,True
1.03,0.005,1.0,0.1,0.1,0.0,1.0,8.02,-24.45,True
1.03,0.005,1.0,0.1,0.1,0.25,0.75,8.0,-23.28,True
1.03,0.005,1.0,0.1,0.1,0.5,0.5,7.97,-22.65,True
1.03,0.005,1.0,0.1,0.1,0.75,0.25,7.92,-22.03,True
1.03,0.005,1.0,0.1,0.1,1.0,0.0,7.87,-21.44,True
1.03,0.005,1.0,0.1,0.2,0.0,1.0,10.29,-26.29,True
1.03,0.005,1.0,0.1,0.2,0.25,0.75,10.26,-25.87,True
1.03,0.005,1.0,0.1,0.2,0.5,0.5,10.22,-25.47,True
1.03,0.005,1.0,0.1,0.2,0.75,0.25,10.15,-25.1,True
1.03,0.005,1.0,0.1,0.2,1.0,0.0,10.08,-24.78,True
1.03,0.005,1.0,0.1,0.3,0.0,1.0,11.75,-27.55,True
1.03,0.005,1.0,0.1,0.3,0.25,0.75,11.7,-27.29,True
1.03,0.005,1.0,0.1,0.3,0.5,0.5,11.64,-27.06,True
1.03,0.005,1.0,0.1,0.3,0.75,0.25,11.57,-26.87,True
1.03,0.005,1.0,0.1,0.3,1.0,0.0,11.49,-26.71,True
1.03,0.005,1.0,0.2,0.0,0.0,1.0,5.96,-32.87,True
1.03,0.005,1.0,0.2,0.0,0.25,0.75,5.96,-30.43,True
1.03,0.005,1.0,0.2,0.0,0.5,0.5,5.92,-27.93,True
1.03,0.005,1.0,0.2,0.0,0.75,0.25,5.83,-25.36,True
1.03,0.005,1.0,0.2,0.0,1.0,0.0,5.7,-22.72,True
1.03,0.005,1.0,0.2,0.1,0.0,1.0,9.65,-30.24,True
1.03,0.005,1.0,0.2,0.1,0.25,0.75,9.55,-27.92,True
1.03,0.005,1.0,0.2,0.1,0.5,0.5,9.44,-25.54,True
1.03,0.005,1.0,0.2,0.1,0.75,0.25,9.29,-23.12,True
1.03,0.005,1.0,0.2,0.1,1.0,0.0,9.13,-20.63,True
1.03,0.005,1.0,0.2,0.2,0.0,1.0,11.36,-27.41,True
1.03,0.005,1.0,0.2,0.2,0.25,0.75,11.26,-25.24,True
1.03,0.005,1.0,0.2,0.2,0.5,0.5,11.14,-23.03,True
1.03,0.005,1.0,0.2,0.2,0.75,0.25,11.01,-22.72,True
1.03,0.005,1.0,0.2,0.2,1.0,0.0,10.86,-22.48,True
1.03,0.005,1.0,0.2,0.3,0.0,1.0,12.58,-25.45,True
1.03,0.005,1.0,0.2,0.3,0.25,0.75,12.48,-25.16,True
1.03,0.005,1.0,0.2,0.3,0.5,0.5,12.36,-24.93,True
1.03,0.005,1.0,0.2,0.3,0.75,0.25,12.22,-24.77,True
1.03,0.005,1.0,0.2,0.3,1.0,0.0,12.07,-24.7,True
1.03,0.005,1.0,0.3,0.0,0.0,1.0,8.38,-34.8,True
1.03,0.005,1.0,0.3,0.0,0.25,0.75,8.22,-32.26,True
1.03,0.005,1.0,0.3,0.0,0.5,0.5,8.01,-29.64,True
1.03,0.005,1.0,0.3,0.0,0.75,0.25,7.75,-26.94,True
1.03,0.005,1.0,0.3,0.0,1.0,0.0,7.43,-24.17,True
1.03,0.005,1.0,0.3,0.1,0.0,1.0,10.72,-31.85,True
1.03,0.005,1.0,0.3,0.1,0.25,0.75,10.56,-29.44,True
1.03,0.005,1.0,0.3,0.1,0.5,0.5,10.36,-26.97,True
1.03,0.005,1.0,0.3,0.1,0.75,0.25,10.14,-24.44,True
1.03,0.005,1.0,0.3,0.1,1.0,0.0,9.88,-21.84,True
1.03,0.005,1.0,0.3,0.2,0.0,1.0,11.96,-28.8,True
1.03,0.005,1.0,0.3,0.2,0.25,0.75,11.82,-26.56,True
1.03,0.005,1.0,0.3,0.2,0.5,0.5,11.64,-24.26,True
1.03,0.005,1.0,0.3,0.2,0.75,0.25,11.44,-21.91,True
1.03,0.005,1.0,0.3,0.2,1.0,0.0,11.22,-21.61,True
1.03,0.005,1.0,0.3,0.3,0.0,1.0,12.61,-27.71,True
1.03,0.005,1.0,0.3,0.3,0.25,0.75,12.51,-26.69,True
1.03,0.005,1.0,0.3,0.3,0.5,0.5,12.39,-25.7,True
1.03,0.005,1.0,0.3,0.3,0.75,0.25,12.26,-24.73,True
1.03,0.005,1.0,0.3,0.3,1.0,0.0,12.11,-24.47,True
1.03,0.005,1.0,0.4,0.0,0.0,1.0,9.43,-36.16,True
1.03,0.005,1.0,0.4,0.0,0.25,0.75,9.2,-33.54,True
1.03,0.005,1.0,0.4,0.0,0.5,0.5,8.92,-30.85,True
1.03,0.005,1.0,0.4,0.0,0.75,0.25,8.59,-28.07,True
1.03,0.005,1.0,0.4,0.0,1.0,0.0,8.2,-25.19,True
1.03,0.005,1.0,0.4,0.1,0.0,1.0,11.15,-33.16,True
1.03,0.005,1.0,0.4,0.1,0.25,0.75,10.95,-30.7,True
1.03,0.005,1.0,0.4,0.1,0.5,0.5,10.72,-28.16,True
1.03,0.005,1.0,0.4,0.1,0.75,0.25,10.45,-25.55,True
1.03,0.005,1.0,0.4,0.1,1.0,0.0,10.15,-22.85,True
1.03,0.005,1.0,0.4,0.2,0.0,1.0,11.84,-29.93,True
1.03,0.005,1.0,0.4,0.2,0.25,0.75,11.72,-27.64,True
1.03,0.005,1.0,0.4,0.2,0.5,0.5,11.57,-25.29,True
1.03,0.005,1.0,0.4,0.2,0.75,0.25,11.4,-22.87,True
1.03,0.005,1.0,0.4,0.2,1.0,0.0,11.2,-21.57,True
1.03,0.005,1.0,0.4,0.3,0.0,1.0,12.35,-30.82,True
1.03,0.005,1.0,0.4,0.3,0.25,0.75,12.29,-29.52,True
1.03,0.005,1.0,0.4,0.3,0.5,0.5,12.21,-28.25,True
1.03,0.005,1.0,0.4,0.3,0.75,0.25,12.11,-27.01,True
1.03,0.005,1.0,0.4,0.3,1.0,0.0,11.99,-25.79,True
1.03,0.005,1.01,0.1,0.0,0.0,1.0,6.47,-21.87,True
1.03,0.005,1.01,0.1,0.0,0.25,0.75,6.28,-20.16,True
1.03,0.005,1.01,0.1,0.0,0.5,0.5,6.07,-18.41,True
1.03,0.005,1.01,0.1,0.0,0.75,0.25,5.82,-16.64,True
1.03,0.005,1.01,0.1,0.0,1.0,0.0,5.55,-14.85,True
1.03,0.005,1.01,0.1,0.1,0.0,1.0,9.37,-21.18,True
1.03,0.005,1.01,0.1,0.1,0.25,0.75,9.23,-19.48,True
1.03,0.005,1.01,0.1,0.1,0.5,0.5,9.07,-17.76,True
1.03,0.005,1.01,0.1,0.1,0.75,0.25,8.9,-16.01,True
1.03,0.005,1.01,0.1,0.1,1.0,0.0,8.71,-15.83,True
1.03,0.005,1.01,0.1,0.2,0.0,1.0,11.19,-20.61,True
1.03,0.005,1.01,0.1,0.2,0.25,0.75,11.06,-20.69,True
1.03,0.005,1.01,0.1,0.2,0.5,0.5,10.92,-20.81,True
1.03,0.005,1.01,0.1,0.2,0.75,0.25,10.75,-20.96,True
1.03,0.005,1.01,0.1,0.2,1.0,0.0,10.58,-21.16,True
1.03,0.005,1.01,0.1,0.3,0.0,1.0,12.32,-23.71,True
1.03,0.005,1.01,0.1,0.3,0.25,0.75,12.21,-23.81,True
1.03,0.005,1.01,0.1,0.3,0.5,0.5,12.09,-23.96,True
1.03,0.005,1.01,0.1,0.3,0.75,0.25,11.95,-24.15,True
1.03,0.005,1.01,0.1,0.3,1.0,0.0,11.8,-24.36,True
1.03,0.005,1.01,0.2,0.0,0.0,1.0,8.79,-29.99,True
1.03,0.005,1.01,0.2,0.0,0.25,0.75,8.5,-27.73,True
1.03,0.005,1.01,0.2,0.0,0.5,0.5,8.18,-25.42,True
1.03,0.005,1.01,0.2,0.0,0.75,0.25,7.81,-23.06,True
1.03,0.005,1.01,0.2,0.0,1.0,0.0,7.4,-20.63,True
1.03,0.005,1.01,0.2,0.1,0.0,1.0,10.79,-27.83,True
1.03,0.005,1.01,0.2,0.1,0.25,0.75,10.55,-25.65,True
1.03,0.005,1.01,0.2,0.1,0.5,0.5,10.3,-23.44,True
1.03,0.005,1.01,0.2,0.1,0.75,0.25,10.02,-21.18,True
1.03,0.005,1.01,0.2,0.1,1.0,0.0,9.72,-18.87,True
1.03,0.005,1.01,0.2,0.2,0.0,1.0,12.03,-25.51,True
1.03,0.005,1.01,0.2,0.2,0.25,0.75,11.83,-23.44,True
1.03,0.005,1.01,0.2,0.2,0.5,0.5,11.63,-21.34,True
1.03,0.005,1.01,0.2,0.2,0.75,0.25,11.41,-19.69,True
1.03,0.005,1.01,0.2,0.2,1.0,0.0,11.17,-19.99,True
1.03,0.005,1.01,0.2,0.3,0.0,1.0,12.95,-22.87,True
1.03,0.005,1.01,0.2,0.3,0.25,0.75,12.79,-22.82,True
1.03,0.005,1.01,0.2,0.3,0.5,0.5,12.62,-22.97,True
1.03,0.005,1.01,0.2,0.3,0.75,0.25,12.44,-23.16,True
1.03,0.005,1.01,0.2,0.3,1.0,0.0,12.24,-23.36,True
1.03,0.005,1.01,0.3,0.0,0.0,1.0,9.95,-32.2,True
1.03,0.005,1.01,0.3,0.0,0.25,0.75,9.61,-29.81,True
1.03,0.005,1.01,0.3,0.0,0.5,0.5,9.23,-27.36,True
1.03,0.005,1.01,0.3,0.0,0.75,0.25,8.79,-24.85,True
1.03,0.005,1.01,0.3,0.0,1.0,0.0,8.31,-22.26,True
1.03,0.005,1.01,0.3,0.1,0.0,1.0,11.49,-29.74,True
1.03,0.005,1.01,0.3,0.1,0.25,0.75,11.22,-27.46,True
1.03,0.005,1.01,0.3,0.1,0.5,0.5,10.92,-25.12,True
1.03,0.005,1.01,0.3,0.1,0.75,0.25,10.6,-22.73,True
1.03,0.005,1.01,0.3,0.1,1.0,0.0,10.25,-20.27,True
1.03,0.005,1.01,0.3,0.2,0.0,1.0,12.53,-27.19,True
1.03,0.005,1.01,0.3,0.2,0.25,0.75,12.3,-25.03,True
1.03,0.005,1.01,0.3,0.2,0.5,0.5,12.04,-22.82,True
1.03,0.005,1.01,0.3,0.2,0.75,0.25,11.77,-20.57,True
1.03,0.005,1.01,0.3,0.2,1.0,0.0,11.48,-19.82,True
1.03,0.005,1.01,0.3,0.3,0.0,1.0,13.14,-25.37,True
1.03,0.005,1.01,0.3,0.3,0.25,0.75,12.95,-24.58,True
1.03,0.005,1.01,0.3,0.3,0.5,0.5,12.75,-23.81,True
1.03,0.005,1.01,0.3,0.3,0.75,0.25,12.54,-23.07,True
1.03,0.005,1.01,0.3,0.3,1.0,0.0,12.33,-23.1,True
1.03,0.005,1.01,0.4,0.0,0.0,1.0,10.59,-33.8,True
1.03,0.005,1.01,0.4,0.0,0.25,0.75,10.23,-31.33,True
1.03,0.005,1.01,0.4,0.0,0.5,0.5,9.81,-28.78,True
1.03,0.005,1.01,0.4,0.0,0.75,0.25,9.35,-26.16,True
1.03,0.005,1.01,0.4,0.0,1.0,0.0,8.82,-23.46,True
1.03,0.005,1.01,0.4,0.1,0.0,1.0,11.9,-31.34,True
1.03,0.005,1.01,0.4,0.1,0.25,0.75,11.61,-28.97,True
1.03,0.005,1.01,0.4,0.1,0.5,0.5,11.28,-26.54,True
1.03,0.005,1.01,0.4,0.1,0.75,0.25,10.91,-24.04,True
1.03,0.005,1.01,0.4,0.1,1.0,0.0,10.51,-21.47,True
1.03,0.005,1.01,0.4,0.2,0.0,1.0,12.57,-28.7,True
1.03,0.005,1.01,0.4,0.2,0.25,0.75,12.35,-26.46,True
1.03,0.005,1.01,0.4,0.2,0.5,0.5,12.1,-24.16,True
1.03,0.005,1.01,0.4,0.2,0.75,0.25,11.83,-21.8,True
1.03,0.005,1.01,0.4,0.2,1.0,0.0,11.54,-19.71,True
1.03,0.005,1.01,0.4,0.3,0.0,1.0,13.16,-28.49,True
1.03,0.005,1.01,0.4,0.3,0.25,0.75,12.99,-27.42,True
1.03,0.005,1.01,0.4,0.3,0.5,0.5,12.81,-26.39,True
1.03,0.005,1.01,0.4,0.3,0.75,0.25,12.61,-25.37,True
1.03,0.005,1.01,0.4,0.3,1.0,0.0,12.38,-24.39,True
1.03,0.005,1.02,0.1,0.0,0.0,1.0,4.39,-21.53,True
1.03,0.005,1.02,0.1,0.0,0.25,0.75,4.32,-19.84,True
1.03,0.005,1.02,0.1,0.0,0.5,0.5,4.24,-18.12,True
1.03,0.005,1.02,0.1,0.0,0.75,0.25,4.13,-16.37,True
1.03,0.005,1.02,0.1,0.0,1.0,0.0,4.0,-14.6,True
1.03,0.005,1.02,0.1,0.1,0.0,1.0,8.44,-20.74,True
1.03,0.005,1.02,0.1,0.1,0.25,0.75,8.36,-19.07,True
1.03,0.005,1.02,0.1,0.1,0.5,0.5,8.27,-17.64,True
1.03,0.005,1.02,0.1,0.1,0.75,0.25,8.17,-17.55,True
1.03,0.005,1.02,0.1,0.1,1.0,0.0,8.06,-17.49,True
1.03,0.005,1.02,0.1,0.2,0.0,1.0,10.53,-22.88,True
1.03,0.005,1.02,0.1,0.2,0.25,0.75,10.44,-22.81,True
1.03,0.005,1.02,0.1,0.2,0.5,0.5,10.35,-22.78,True
1.03,0.005,1.02,0.1,0.2,0.75,0.25,10.25,-22.78,True
1.03,0.005,1.02,0.1,0.2,1.0,0.0,10.14,-22.8,True
1.03,0.005,1.02,0.1,0.3,0.0,1.0,11.95,-25.43,True
1.03,0.005,1.02,0.1,0.3,0.25,0.75,11.85,-25.42,True
1.03,0.005,1.02,0.1,0.3,0.5,0.5,11.76,-25.43,True
1.03,0.005,1.02,0.1,0.3,0.75,0.25,11.65,-25.47,True
1.03,0.005,1.02,0.1,0.3,1.0,0.0,11.54,-25.51,True
1.03,0.005,1.02,0.2,0.0,0.0,1.0,7.09,-29.38,True
1.03,0.005,1.02,0.2,0.0,0.25,0.75,6.91,-27.15,True
1.03,0.005,1.02,0.2,0.0,0.5,0.5,6.69,-24.88,True
1.03,0.005,1.02,0.2,0.0,0.75,0.25,6.44,-22.55,True
1.03,0.005,1.02,0.2,0.0,1.0,0.0,6.16,-20.17,True
1.03,0.005,1.02,0.2,0.1,0.0,1.0,10.04,-27.11,True
1.03,0.005,1.02,0.2,0.1,0.25,0.75,9.86,-24.99,True
1.03,0.005,1.02,0.2,0.1,0.5,0.5,9.65,-22.82,True
1.03,0.005,1.02,0.2,0.1,0.75,0.25,9.43,-20.62,True
1.03,0.005,1.02,0.2,0.1,1.0,0.0,9.19,-18.37,True
1.03,0.005,1.02,0.2,0.2,0.0,1.0,11.61,-24.67,True
1.03,0.005,1.02,0.2,0.2,0.25,0.75,11.45,-22.66,True
1.03,0.005,1.02,0.2,0.2,0.5,0.5,11.28,-21.38,True
1.03,0.005,1.02,0.2,0.2,0.75,0.25,11.09,-21.3,True
1.03,0.005,1.02,0.2,0.2,1.0,0.0,10.88,-21.28,True
1.03,0.005,1.02,0.2,0.3,0.0,1.0,12.63,-24.21,True
1.03,0.005,1.02,0.2,0.3,0.25,0.75,12.49,-24.1,True
1.03,0.005,1.02,0.2,0.3,0.5,0.5,12.33,-24.04,True
1.03,0.005,1.02,0.2,0.3,0.75,0.25,12.17,-24.04,True
1.03,0.005,1.02,0.2,0.3,1.0,0.0,12.0,-24.09,True
1.03,0.005,1.02,0.3,0.0,0.0,1.0,8.37,-31.29,True
1.03,0.005,1.02,0.3,0.0,0.25,0.75,8.12,-28.96,True
1.03,0.005,1.02,0.3,0.0,0.5,0.5,7.83,-26.56,True
1.03,0.005,1.02,0.3,0.0,0.75,0.25,7.5,-24.1,True
1.03,0.005,1.02,0.3,0.0,1.0,0.0,7.14,-21.58,True
1.03,0.005,1.02,0.3,0.1,0.0,1.0,10.74,-28.75,True
1.03,0.005,1.02,0.3,0.1,0.25,0.75,10.52,-26.52,True
1.03,0.005,1.02,0.3,0.1,0.5,0.5,10.27,-24.25,True
1.03,0.005,1.02,0.3,0.1,0.75,0.25,10.01,-21.93,True
1.03,0.005,1.02,0.3,0.1,1.0,0.0,9.73,-19.55,True
1.03,0.005,1.02,0.3,0.2,0.0,1.0,11.95,-26.14,True
1.03,0.005,1.02,0.3,0.2,0.25,0.75,11.76,-24.04,True
1.03,0.005,1.02,0.3,0.2,0.5,0.5,11.55,-21.91,True
1.03,0.005,1.02,0.3,0.2,0.75,0.25,11.33,-20.79,True
1.03,0.005,1.02,0.3,0.2,1.0,0.0,11.1,-20.74,True
1.03,0.005,1.02,0.3,0.3,0.0,1.0,12.83,-23.56,True
1.03,0.005,1.02,0.3,0.3,0.25,0.75,12.67,-23.44,True
1.03,0.005,1.02,0.3,0.3,0.5,0.5,12.5,-23.38,True
1.03,0.005,1.02,0.3,0.3,0.75,0.25,12.32,-23.37,True
1.03,0.005,1.02,0.3,0.3,1.0,0.0,12.14,-23.43,True
1.03,0.005,1.02,0.4,0.0,0.0,1.0,9.13,-32.61,True
1.03,0.005,1.02,0.4,0.0,0.25,0.75,8.85,-30.27,True
1.03,0.005,1.02,0.4,0.0,0.5,0.5,8.53,-27.91,True
1.03,0.005,1.02,0.4,0.0,0.75,0.25,8.16,-25.48,True
1.03,0.005,1.02,0.4,0.0,1.0,0.0,7.75,-22.98,True
1.03,0.005,1.02,0.4,0.1,0.0,1.0,11.05,-30.1,True
1.03,0.005,1.02,0.4,0.1,0.25,0.75,10.8,-27.8,True
1.03,0.005,1.02,0.4,0.1,0.5,0.5,10.53,-25.45,True
1.03,0.005,1.02,0.4,0.1,0.75,0.25,10.24,-23.03,True
1.03,0.005,1.02,0.4,0.1,1.0,0.0,9.93,-20.56,True
1.03,0.005,1.02,0.4,0.2,0.0,1.0,12.14,-27.45,True
1.03,0.005,1.02,0.4,0.2,0.25,0.75,11.94,-25.28,True
1.03,0.005,1.02,0.4,0.2,0.5,0.5,11.72,-23.06,True
1.03,0.005,1.02,0.4,0.2,0.75,0.25,11.49,-20.8,True
1.03,0.005,1.02,0.4,0.2,1.0,0.0,11.25,-20.15,True
1.03,0.005,1.02,0.4,0.3,0.0,1.0,12.8,-25.45,True
1.03,0.005,1.02,0.4,0.3,0.25,0.75,12.67,-24.6,True
1.03,0.005,1.02,0.4,0.3,0.5,0.5,12.51,-23.76,True
1.03,0.005,1.02,0.4,0.3,0.75,0.25,12.33,-23.1,True
1.03,0.005,1.02,0.4,0.3,1.0,0.0,12.15,-23.21,True
1.03,0.01,0.95,0.1,0.0,0.0,1.0,14.67,-29.47,True
1.03,0.01,0.95,0.1,0.0,0.25,0.75,14.07,-27.14,True
1.03,0.01,0.95,0.1,0.0,0.5,0.5,13.41,-24.79,True
1.03,0.01,0.95,0.1,0.0,0.75,0.25,12.67,-22.42,True
1.03,0.01,0.95,0.1,0.0,1.0,0.0,11.84,-20.02,True
1.03,0.01,0.95,0.1,0.1,0.0,1.0,15.55,-27.99,True
1.03,0.01,0.95,0.1,0.1,0.25,0.75,15.01,-26.68,True
1.03,0.01,0.95,0.1,0.1,0.5,0.5,14.41,-25.11,True
1.03,0.01,0.95,0.1,0.1,0.75,0.25,13.76,-23.21,True
1.03,0.01,0.95,0.1,0.1,1.0,0.0,13.05,-20.87,True
1.03,0.01,0.95,0.1,0.2,0.0,1.0,16.23,-28.26,True
1.03,0.01,0.95,0.1,0.2,0.25,0.75,15.71,-27.08,True
1.03,0.01,0.95,0.1,0.2,0.5,0.5,15.16,-25.71,True
1.03,0.01,0.95,0.1,0.2,0.75,0.25,14.56,-24.1,True
1.03,0.01,0.95,0.1,0.2,1.0,0.0,13.92,-22.2,True
1.03,0.01,0.95,0.1,0.3,0.0,1.0,16.61,-28.55,True
1.03,0.01,0.95,0.1,0.3,0.25,0.75,16.15,-27.5,True
1.03,0.01,0.95,0.1,0.3,0.5,0.5,15.66,-26.3,True
1.03,0.01,0.95,0.1,0.3,0.75,0.25,15.14,-24.95,True
1.03,0.01,0.95,0.1,0.3,1.0,0.0,14.58,-23.43,True
1.03,0.01,0.95,0.2,0.0,0.0,1.0,18.38,-31.33,True
1.03,0.01,0.95,0.2,0.0,0.25,0.75,17.6,-28.98,True
1.03,0.01,0.95,0.2,0.0,0.5,0.5,16.73,-26.47,True
1.03,0.01,0.95,0.2,0.0,0.75,0.25,15.76,-23.77,True
1.03,0.01,0.95,0.2,0.0,1.0,0.0,14.67,-20.86,True
1.03,0.01,0.95,0.2,0.1,0.0,1.0,18.55,-29.55,True
1.03,0.01,0.95,0.2,0.1,0.25,0.75,17.8,-27.2,True
1.03,0.01,0.95,0.2,0.1,0.5,0.5,16.98,-25.01,True
1.03,0.01,0.95,0.2,0.1,0.75,0.25,16.09,-23.04,True
1.03,0.01,0.95,0.2,0.1,1.0,0.0,15.1,-20.57,True
1.03,0.01,0.95,0.2,0.2,0.0,1.0,18.65,-28.16,True
1.03,0.01,0.95,0.2,0.2,0.25,0.75,17.94,-26.96,True
1.03,0.01,0.95,0.2,0.2,0.5,0.5,17.16,-25.53,True
1.03,0.01,0.95,0.2,0.2,0.75,0.25,16.33,-23.83,True
1.03,0.01,0.95,0.2,0.2,1.0,0.0,15.44,-21.79,True
1.03,0.01,0.95,0.2,0.3,0.0,1.0,18.52,-28.44,True
1.03,0.01,0.95,0.2,0.3,0.25,0.75,17.87,-27.36,True
1.03,0.01,0.95,0.2,0.3,0.5,0.5,17.17,-26.12,True
1.03,0.01,0.95,0.2,0.3,0.75,0.25,16.42,-24.68,True
1.03,0.01,0.95,0.2,0.3,1.0,0.0,15.63,-23.04,True
1.03,0.01,0.95,0.3,0.0,0.0,1.0,19.32,-35.29,True
1.03,0.01,0.95,0.3,0.0,0.25,0.75,18.51,-32.64,True
1.03,0.01,0.95,0.3,0.0,0.5,0.5,17.59,-29.83,True
1.03,0.01,0.95,0.3,0.0,0.75,0.25,16.56,-26.83,True
1.03,0.01,0.95,0.3,0.0,1.0,0.0,15.42,-23.62,True
1.03,0.01,0.95,0.3,0.1,0.0,1.0,19.22,-32.51,True
1.03,0.01,0.95,0.3,0.1,0.25,0.75,18.45,-29.91,True
1.03,0.01,0.95,0.3,0.1,0.5,0.5,17.59,-27.16,True
1.03,0.01,0.95,0.3,0.1,0.75,0.25,16.65,-24.24,True
1.03,0.01,0.95,0.3,0.1,1.0,0.0,15.62,-21.14,True
1.03,0.01,0.95,0.3,0.2,0.0,1.0,19.27,-29.49,True
1.03,0.01,0.95,0.3,0.2,0.25,0.75,18.52,-26.96,True
1.03,0.01,0.95,0.3,0.2,0.5,0.5,17.7,-25.5,True
1.03,0.01,0.95,0.3,0.2,0.75,0.25,16.82,-23.78,True
1.03,0.01,0.95,0.3,0.2,1.0,0.0,15.87,-21.7,True
1.03,0.01,0.95,0.3,0.3,0.0,1.0,19.27,-28.39,True
1.03,0.01,0.95,0.3,0.3,0.25,0.75,18.55,-27.29,True
1.03,0.01,0.95,0.3,0.3,0.5,0.5,17.78,-26.02,True
1.03,0.01,0.95,0.3,0.3,0.75,0.25,16.96,-24.54,True
1.03,0.01,0.95,0.3,0.3,1.0,0.0,16.09,-22.83,True
1.03,0.01,0.95,0.4,0.0,0.0,1.0,19.89,-36.66,True
1.03,0.01,0.95,0.4,0.0,0.25,0.75,19.04,-33.92,True
1.03,0.01,0.95,0.4,0.0,0.5,0.5,18.1,-31.01,True
1.03,0.01,0.95,0.4,0.0,0.75,0.25,17.04,-27.91,True
1.03,0.01,0.95,0.4,0.0,1.0,0.0,15.86,-24.61,True
1.03,0.01,0.95,0.4,0.1,0.0,1.0,19.94,-33.86,True
1.03,0.01,0.95,0.4,0.1,0.25,0.75,19.11,-31.17,True
1.03,0.01,0.95,0.4,0.1,0.5,0.5,18.2,-28.33,True
1.03,0.01,0.95,0.4,0.1,0.75,0.25,17.2,-25.32,True
1.03,0.01,0.95,0.4,0.1,1.0,0.0,16.11,-22.13,True
1.03,0.01,0.95,0.4,0.2,0.0,1.0,19.83,-31.01,True
1.03,0.01,0.95,0.4,0.2,0.25,0.75,19.05,-28.37,True
1.03,0.01,0.95,0.4,0.2,0.5,0.5,18.2,-25.6,True
1.03,0.01,0.95,0.4,0.2,0.75,0.25,17.28,-23.68,True
1.03,0.01,0.95,0.4,0.2,1.0,0.0,16.29,-21.56,True
1.03,0.01,0.95,0.4,0.3,0.0,1.0,19.71,-28.36,True
1.03,0.01,0.95,0.4,0.3,0.25,0.75,18.97,-27.24,True
1.03,0.01,0.95,0.4,0.3,0.5,0.5,18.17,-25.94,True
1.03,0.01,0.95,0.4,0.3,0.75,0.25,17.31,-24.43,True
1.03,0.01,0.95,0.4,0.3,1.0,0.0,16.4,-22.68,True
1.03,0.01,0.97,0.1,0.0,0.0,1.0,10.27,-25.21,True
1.03,0.01,0.97,0.1,0.0,0.25,0.75,9.95,-23.28,True
1.03,0.01,0.97,0.1,0.0,0.5,0.5,9.57,-21.33,True
1.03,0.01,0.97,0.1,0.0,0.75,0.25,9.12,-19.36,True
1.03,0.01,0.97,0.1,0.0,1.0,0.0,8.6,-17.37,True
1.03,0.01,0.97,0.1,0.1,0.0,1.0,12.21,-23.6,True
1.03,0.01,0.97,0.1,0.1,0.25,0.75,11.95,-22.71,True
1.03,0.01,0.97,0.1,0.1,0.5,0.5,11.63,-21.67,True
1.03,0.01,0.97,0.1,0.1,0.75,0.25,11.26,-20.42,True
1.03,0.01,0.97,0.1,0.1,1.0,0.0,10.84,-18.91,True
1.03,0.01,0.97,0.1,0.2,0.0,1.0,13.22,-24.94,True
1.03,0.01,0.97,0.1,0.2,0.25,0.75,13.0,-24.28,True
1.03,0.01,0.97,0.1,0.2,0.5,0.5,12.74,-23.54,True
1.03,0.01,0.97,0.1,0.2,0.75,0.25,12.44,-22.69,True
1.03,0.01,0.97,0.1,0.2,1.0,0.0,12.1,-21.72,True
1.03,0.01,0.97,0.1,0.3,0.0,1.0,14.21,-25.9,True
1.03,0.01,0.97,0.1,0.3,0.25,0.75,13.98,-25.42,True
1.03,0.01,0.97,0.1,0.3,0.5,0.5,13.72,-24.91,True
1.03,0.01,0.97,0.1,0.3,0.75,0.25,13.43,-24.35,True
1.03,0.01,0.97,0.1,0.3,1.0,0.0,13.1,-23.75,True
1.03,0.01,0.97,0.2,0.0,0.0,1.0,14.11,-31.62,True
1.03,0.01,0.97,0.2,0.0,0.25,0.75,13.6,-29.25,True
1.03,0.01,0.97,0.2,0.0,0.5,0.5,13.01,-26.84,True
1.03,0.01,0.97,0.2,0.0,0.75,0.25,12.33,-24.39,True
1.03,0.01,0.97,0.2,0.0,1.0,0.0,11.54,-21.9,True
1.03,0.01,0.97,0.2,0.1,0.0,1.0,14.77,-24.43,True
1.03,0.01,0.97,0.2,0.1,0.25,0.75,14.31,-22.5,True
1.03,0.01,0.97,0.2,0.1,0.5,0.5,13.79,-21.26,True
1.03,0.01,0.97,0.2,0.1,0.75,0.25,13.2,-19.93,True
1.03,0.01,0.97,0.2,0.1,1.0,0.0,12.55,-18.29,True
1.03,0.01,0.97,0.2,0.2,0.0,1.0,15.21,-24.4,True
1.03,0.01,0.97,0.2,0.2,0.25,0.75,14.8,-23.69,True
1.03,0.01,0.97,0.2,0.2,0.5,0.5,14.34,-22.87,True
1.03,0.01,0.97,0.2,0.2,0.75,0.25,13.84,-21.92,True
1.03,0.01,0.97,0.2,0.2,1.0,0.0,13.29,-20.82,True
1.03,0.01,0.97,0.2,0.3,0.0,1.0,15.66,-25.38,True
1.03,0.01,0.97,0.2,0.3,0.25,0.75,15.29,-24.83,True
1.03,0.01,0.97,0.2,0.3,0.5,0.5,14.88,-24.23,True
1.03,0.01,0.97,0.2,0.3,0.75,0.25,14.44,-23.56,True
1.03,0.01,0.97,0.2,0.3,1.0,0.0,13.96,-22.83,True
1.03,0.01,0.97,0.3,0.0,0.0,1.0,15.19,-29.23,True
1.03,0.01,0.97,0.3,0.0,0.25,0.75,14.64,-26.97,True
1.03,0.01,0.97,0.3,0.0,0.5,0.5,14.0,-24.68,True
1.03,0.01,0.97,0.3,0.0,0.75,0.25,13.26,-22.37,True
1.03,0.01,0.97,0.3,0.0,1.0,0.0,12.41,-20.02,True
1.03,0.01,0.97,0.3,0.1,0.0,1.0,15.65,-25.43,True
1.03,0.01,0.97,0.3,0.1,0.25,0.75,15.14,-23.28,True
1.03,0.01,0.97,0.3,0.1,0.5,0.5,14.56,-21.13,True
1.03,0.01,0.97,0.3,0.1,0.75,0.25,13.9,-19.77,True
1.03,0.01,0.97,0.3,0.1,1.0,0.0,13.18,-18.08,True
1.03,0.01,0.97,0.3,0.2,0.0,1.0,16.15,-24.13,True
1.03,0.01,0.97,0.3,0.2,0.25,0.75,15.65,-23.38,True
1.03,0.01,0.97,0.3,0.2,0.5,0.5,15.1,-22.52,True
1.03,0.01,0.97,0.3,0.2,0.75,0.25,14.51,-21.51,True
1.03,0.01,0.97,0.3,0.2,1.0,0.0,13.86,-20.33,True
1.03,0.01,0.97,0.3,0.3,0.0,1.0,16.58,-24.93,True
1.03,0.01,0.97,0.3,0.3,0.25,0.75,16.11,-24.33,True
1.03,0.01,0.97,0.3,0.3,0.5,0.5,15.61,-23.66,True
1.03,0.01,0.97,0.3,0.3,0.75,0.25,15.06,-22.91,True
1.03,0.01,0.97,0.3,0.3,1.0,0.0,14.49,-22.08,True
1.03,0.01,0.97,0.4,0.0,0.0,1.0,15.97,-28.92,True
1.03,0.01,0.97,0.4,0.0,0.25,0.75,15.37,-26.64,True
1.03,0.01,0.97,0.4,0.0,0.5,0.5,14.68,-24.24,True
1.03,0.01,0.97,0.4,0.0,0.75,0.25,13.9,-21.7,True
1.03,0.01,0.97,0.4,0.0,1.0,0.0,13.01,-19.01,True
1.03,0.01,0.97,0.4,0.1,0.0,1.0,16.52,-26.52,True
1.03,0.01,0.97,0.4,0.1,0.25,0.75,15.94,-24.28,True
1.03,0.01,0.97,0.4,0.1,0.5,0.5,15.29,-21.94,True
1.03,0.01,0.97,0.4,0.1,0.75,0.25,14.57,-19.51,True
1.03,0.01,0.97,0.4,0.1,1.0,0.0,13.77,-17.76,True
1.03,0.01,0.97,0.4,0.2,0.0,1.0,16.78,-24.03,True
1.03,0.01,0.97,0.4,0.2,0.25,0.75,16.24,-23.13,True
1.03,0.01,0.97,0.4,0.2,0.5,0.5,15.64,-22.22,True
1.03,0.01,0.97,0.4,0.2,0.75,0.25,15.0,-21.16,True
1.03,0.01,0.97,0.4,0.2,1.0,0.0,14.3,-19.91,True
1.03,0.01,0.97,0.4,0.3,0.0,1.0,16.8,-24.83,True
1.03,0.01,0.97,0.4,0.3,0.25,0.75,16.33,-24.22,True
1.03,0.01,0.97,0.4,0.3,0.5,0.5,15.81,-23.53,True
1.03,0.01,0.97,0.4,0.3,0.75,0.25,15.25,-22.76,True
1.03,0.01,0.97,0.4,0.3,1.0,0.0,14.65,-21.9,True
1.03,0.01,0.99,0.1,0.0,0.0,1.0,5.19,-29.12,True
1.03,0.01,0.99,0.1,0.0,0.25,0.75,5.11,-27.07,True
1.03,0.01,0.99,0.1,0.0,0.5,0.5,4.98,-24.98,True
1.03,0.01,0.99,0.1,0.0,0.75,0.25,4.82,-22.87,True
1.03,0.01,0.99,0.1,0.0,1.0,0.0,4.61,-20.72,True
1.03,0.01,0.99,0.1,0.1,0.0,1.0,8.7,-24.75,True
1.03,0.01,0.99,0.1,0.1,0.25,0.75,8.64,-22.83,True
1.03,0.01,0.99,0.1,0.1,0.5,0.5,8.56,-21.2,True
1.03,0.01,0.99,0.1,0.1,0.75,0.25,8.45,-20.61,True
1.03,0.01,0.99,0.1,0.1,1.0,0.0,8.32,-20.12,True
1.03,0.01,0.99,0.1,0.2,0.0,1.0,10.4,-25.99,True
1.03,0.01,0.99,0.1,0.2,0.25,0.75,10.36,-25.5,True
1.03,0.01,0.99,0.1,0.2,0.5,0.5,10.31,-25.09,True
1.03,0.01,0.99,0.1,0.2,0.75,0.25,10.24,-24.75,True
1.03,0.01,0.99,0.1,0.2,1.0,0.0,10.15,-24.5,True
1.03,0.01,0.99,0.1,0.3,0.0,1.0,11.69,-27.98,True
1.03,0.01,0.99,0.1,0.3,0.25,0.75,11.65,-27.64,True
1.03,0.01,0.99,0.1,0.3,0.5,0.5,11.61,-27.35,True
1.03,0.01,0.99,0.1,0.3,0.75,0.25,11.55,-27.13,True
1.03,0.01,0.99,0.1,0.3,1.0,0.0,11.48,-26.98,True
1.03,0.01,0.99,0.2,0.0,0.0,1.0,6.45,-28.35,True
1.03,0.01,0.99,0.2,0.0,0.25,0.75,6.39,-26.25,True
1.03,0.01,0.99,0.2,0.0,0.5,0.5,6.28,-24.11,True
1.03,0.01,0.99,0.2,0.0,0.75,0.25,6.1,-21.95,True
1.03,0.01,0.99,0.2,0.0,1.0,0.0,5.85,-19.76,True
1.03,0.01,0.99,0.2,0.1,0.0,1.0,9.21,-22.77,True
1.03,0.01,0.99,0.2,0.1,0.25,0.75,9.17,-21.98,True
1.03,0.01,0.99,0.2,0.1,0.5,0.5,9.09,-21.25,True
1.03,0.01,0.99,0.2,0.1,0.75,0.25,8.98,-20.6,True
1.03,0.01,0.99,0.2,0.1,1.0,0.0,8.82,-20.04,True
1.03,0.01,0.99,0.2,0.2,0.0,1.0,10.95,-25.53,True
1.03,0.01,0.99,0.2,0.2,0.25,0.75,10.9,-24.99,True
1.03,0.01,0.99,0.2,0.2,0.5,0.5,10.83,-24.53,True
1.03,0.01,0.99,0.2,0.2,0.75,0.25,10.73,-24.14,True
1.03,0.01,0.99,0.2,0.2,1.0,0.0,10.61,-23.86,True
1.03,0.01,0.99,0.2,0.3,0.0,1.0,12.18,-27.09,True
1.03,0.01,0.99,0.2,0.3,0.25,0.75,12.13,-26.7,True
1.03,0.01,0.99,0.2,0.3,0.5,0.5,12.06,-26.39,True
1.03,0.01,0.99,0.2,0.3,0.75,0.25,11.96,-26.17,True
1.03,0.01,0.99,0.2,0.3,1.0,0.0,11.85,-26.05,True
1.03,0.01,0.99,0.3,0.0,0.0,1.0,7.04,-29.58,True
1.03,0.01,0.99,0.3,0.0,0.25,0.75,6.98,-27.36,True
1.03,0.01,0.99,0.3,0.0,0.5,0.5,6.86,-25.11,True
1.03,0.01,0.99,0.3,0.0,0.75,0.25,6.67,-22.83,True
1.03,0.01,0.99,0.3,0.0,1.0,0.0,6.41,-20.52,True
1.03,0.01,0.99,0.3,0.1,0.0,1.0,9.78,-23.15,True
1.03,0.01,0.99,0.3,0.1,0.25,0.75,9.7,-21.54,True
1.03,0.01,0.99,0.3,0.1,0.5,0.5,9.59,-20.78,True
1.03,0.01,0.99,0.3,0.1,0.75,0.25,9.44,-20.11,True
1.03,0.01,0.99,0.3,0.1,1.0,0.0,9.25,-19.54,True
1.03,0.01,0.99,0.3,0.2,0.0,1.0,11.42,-24.74,True
1.03,0.01,0.99,0.3,0.2,0.25,0.75,11.34,-24.19,True
1.03,0.01,0.99,0.3,0.2,0.5,0.5,11.23,-23.71,True
1.03,0.01,0.99,0.3,0.2,0.75,0.25,11.09,-23.33,True
1.03,0.01,0.99,0.3,0.2,1.0,0.0,10.93,-23.06,True
1.03,0.01,0.99,0.3,0.3,0.0,1.0,12.65,-26.14,True
1.03,0.01,0.99,0.3,0.3,0.25,0.75,12.55,-25.76,True
1.03,0.01,0.99,0.3,0.3,0.5,0.5,12.44,-25.45,True
1.03,0.01,0.99,0.3,0.3,0.75,0.25,12.31,-25.24,True
1.03,0.01,0.99,0.3,0.3,1.0,0.0,12.16,-25.14,True
1.03,0.01,0.99,0.4,0.0,0.0,1.0,7.71,-29.26,True
1.03,0.01,0.99,0.4,0.0,0.25,0.75,7.63,-27.05,True
1.03,0.01,0.99,0.4,0.0,0.5,0.5,7.48,-24.81,True
1.03,0.01,0.99,0.4,0.0,0.75,0.25,7.26,-22.54,True
1.03,0.01,0.99,0.4,0.0,1.0,0.0,6.95,-20.24,True
1.03,0.01,0.99,0.4,0.1,0.0,1.0,10.31,-24.32,True
1.03,0.01,0.99,0.4,0.1,0.25,0.75,10.2,-22.33,True
1.03,0.01,0.99,0.4,0.1,0.5,0.5,10.05,-20.31,True
1.03,0.01,0.99,0.4,0.1,0.75,0.25,9.86,-19.53,True
1.03,0.01,0.99,0.4,0.1,1.0,0.0,9.62,-18.96,True
1.03,0.01,0.99,0.4,0.2,0.0,1.0,11.9,-24.03,True
1.03,0.01,0.99,0.4,0.2,0.25,0.75,11.78,-23.46,True
1.03,0.01,0.99,0.4,0.2,0.5,0.5,11.63,-22.98,True
1.03,0.01,0.99,0.4,0.2,0.75,0.25,11.45,-22.6,True
1.03,0.01,0.99,0.4,0.2,1.0,0.0,11.25,-22.34,True
1.03,0.01,0.99,0.4,0.3,0.0,1.0,13.06,-25.59,True
1.03,0.01,0.99,0.4,0.3,0.25,0.75,12.95,-25.09,True
1.03,0.01,0.99,0.4,0.3,0.5,0.5,12.8,-24.76,True
1.03,0.01,0.99,0.4,0.3,0.75,0.25,12.64,-24.55,True
1.03,0.01,0.99,0.4,0.3,1.0,0.0,12.44,-24.46,True
1.03,0.01,1.0,0.1,0.0,0.0,1.0,0.72,-24.43,True
1.03,0.01,1.0,0.1,0.0,0.25,0.75,0.91,-22.49,True
1.03,0.01,1.0,0.1,0.0,0.5,0.5,1.09,-20.47,True
1.03,0.01,1.0,0.1,0.0,0.75,0.25,1.26,-18.35,True
1.03,0.01,1.0,0.1,0.0,1.0,0.0,1.4,-16.29,True
1.03,0.01,1.0,0.1,0.1,0.0,1.0,7.04,-25.33,True
1.03,0.01,1.0,0.1,0.1,0.25,0.75,7.06,-24.73,True
1.03,0.01,1.0,0.1,0.1,0.5,0.5,7.08,-24.13,True
1.03,0.01,1.0,0.1,0.1,0.75,0.25,7.1,-23.53,True
1.03,0.01,1.0,0.1,0.1,1.0,0.0,7.11,-22.95,True
1.03,0.01,1.0,0.1,0.2,0.0,1.0,9.53,-27.91,True
1.03,0.01,1.0,0.1,0.2,0.25,0.75,9.53,-27.54,True
1.03,0.01,1.0,0.1,0.2,0.5,0.5,9.53,-27.17,True
1.03,0.01,1.0,0.1,0.2,0.75,0.25,9.52,-26.82,True
1.03,0.01,1.0,0.1,0.2,1.0,0.0,9.51,-26.49,True
1.03,0.01,1.0,0.1,0.3,0.0,1.0,11.2,-28.98,True
1.03,0.01,1.0,0.1,0.3,0.25,0.75,11.19,-28.74,True
1.03,0.01,1.0,0.1,0.3,0.5,0.5,11.16,-28.52,True
1.03,0.01,1.0,0.1,0.3,0.75,0.25,11.14,-28.31,True
1.03,0.01,1.0,0.1,0.3,1.0,0.0,11.11,-28.13,True
1.03,0.01,1.0,0.2,0.0,0.0,1.0,2.89,-26.83,True
1.03,0.01,1.0,0.2,0.0,0.25,0.75,3.04,-24.68,True
1.03,0.01,1.0,0.2,0.0,0.5,0.5,3.15,-22.42,True
1.03,0.01,1.0,0.2,0.0,0.75,0.25,3.22,-20.05,True
1.03,0.01,1.0,0.2,0.0,1.0,0.0,3.26,-17.55,True
1.03,0.01,1.0,0.2,0.1,0.0,1.0,7.96,-23.61,True
1.03,0.01,1.0,0.2,0.1,0.25,0.75,7.96,-22.97,True
1.03,0.01,1.0,0.2,0.1,0.5,0.5,7.95,-22.35,True
1.03,0.01,1.0,0.2,0.1,0.75,0.25,7.92,-21.77,True
1.03,0.01,1.0,0.2,0.1,1.0,0.0,7.88,-21.22,True
1.03,0.01,1.0,0.2,0.2,0.0,1.0,10.25,-26.02,True
1.03,0.01,1.0,0.2,0.2,0.25,0.75,10.23,-25.61,True
1.03,0.01,1.0,0.2,0.2,0.5,0.5,10.2,-25.23,True
1.03,0.01,1.0,0.2,0.2,0.75,0.25,10.15,-24.9,True
1.03,0.01,1.0,0.2,0.2,1.0,0.0,10.09,-24.62,True
1.03,0.01,1.0,0.2,0.3,0.0,1.0,11.71,-27.35,True
1.03,0.01,1.0,0.2,0.3,0.25,0.75,11.67,-27.09,True
1.03,0.01,1.0,0.2,0.3,0.5,0.5,11.62,-26.86,True
1.03,0.01,1.0,0.2,0.3,0.75,0.25,11.57,-26.68,True
1.03,0.01,1.0,0.2,0.3,1.0,0.0,11.51,-26.55,True
1.03,0.01,1.0,0.3,0.0,0.0,1.0,4.34,-26.53,True
1.03,0.01,1.0,0.3,0.0,0.25,0.75,4.42,-24.34,True
1.03,0.01,1.0,0.3,0.0,0.5,0.5,4.45,-22.06,True
1.03,0.01,1.0,0.3,0.0,0.75,0.25,4.45,-19.65,True
1.03,0.01,1.0,0.3,0.0,1.0,0.0,4.4,-17.11,True
1.03,0.01,1.0,0.3,0.1,0.0,1.0,8.69,-22.34,True
1.03,0.01,1.0,0.3,0.1,0.25,0.75,8.66,-21.67,True
1.03,0.01,1.0,0.3,0.1,0.5,0.5,8.61,-21.03,True
1.03,0.01,1.0,0.3,0.1,0.75,0.25,8.54,-20.44,True
1.03,0.01,1.0,0.3,0.1,1.0,0.0,8.45,-19.91,True
1.03,0.01,1.0,0.3,0.2,0.0,1.0,10.73,-24.78,True
1.03,0.01,1.0,0.3,0.2,0.25,0.75,10.67,-24.36,True
1.03,0.01,1.0,0.3,0.2,0.5,0.5,10.6,-24.0,True
1.03,0.01,1.0,0.3,0.2,0.75,0.25,10.52,-23.69,True
1.03,0.01,1.0,0.3,0.2,1.0,0.0,10.43,-23.45,True
1.03,0.01,1.0,0.3,0.3,0.0,1.0,12.13,-26.1,True
1.03,0.01,1.0,0.3,0.3,0.25,0.75,12.07,-25.81,True
1.03,0.01,1.0,0.3,0.3,0.5,0.5,12.0,-25.58,True
1.03,0.01,1.0,0.3,0.3,0.75,0.25,11.91,-25.43,True
1.03,0.01,1.0,0.3,0.3,1.0,0.0,11.82,-25.33,True
1.03,0.01,1.0,0.4,0.0,0.0,1.0,5.5,-25.95,True
1.03,0.01,1.0,0.4,0.0,0.25,0.75,5.51,-23.81,True
1.03,0.01,1.0,0.4,0.0,0.5,0.5,5.48,-21.55,True
1.03,0.01,1.0,0.4,0.0,0.75,0.25,5.41,-19.31,True
1.03,0.01,1.0,0.4,0.0,1.0,0.0,5.29,-17.29,True
1.03,0.01,1.0,0.4,0.1,0.0,1.0,9.24,-23.43,True
1.03,0.01,1.0,0.4,0.1,0.25,0.75,9.17,-21.58,True
1.03,0.01,1.0,0.4,0.1,0.5,0.5,9.09,-20.08,True
1.03,0.01,1.0,0.4,0.1,0.75,0.25,8.98,-19.5,True
1.03,0.01,1.0,0.4,0.1,1.0,0.0,8.85,-18.99,True
1.03,0.01,1.0,0.4,0.2,0.0,1.0,11.2,-23.69,True
1.03,0.01,1.0,0.4,0.2,0.25,0.75,11.11,-23.27,True
1.03,0.01,1.0,0.4,0.2,0.5,0.5,11.0,-22.9,True
1.03,0.01,1.0,0.4,0.2,0.75,0.25,10.89,-22.61,True
1.03,0.01,1.0,0.4,0.2,1.0,0.0,10.76,-22.39,True
1.03,0.01,1.0,0.4,0.3,0.0,1.0,12.47,-25.26,True
1.03,0.01,1.0,0.4,0.3,0.25,0.75,12.38,-24.96,True
1.03,0.01,1.0,0.4,0.3,0.5,0.5,12.27,-24.75,True
1.03,0.01,1.0,0.4,0.3,0.75,0.25,12.14,-24.66,True
1.03,0.01,1.0,0.4,0.3,1.0,0.0,11.98,-24.66,True
1.03,0.01,1.01,0.1,0.0,0.0,1.0,4.69,-17.54,True
1.03,0.01,1.01,0.1,0.0,0.25,0.75,4.53,-15.96,True
1.03,0.01,1.01,0.1,0.0,0.5,0.5,4.35,-14.36,True
1.03,0.01,1.01,0.1,0.0,0.75,0.25,4.16,-12.74,True
1.03,0.01,1.01,0.1,0.0,1.0,0.0,3.96,-11.09,True
1.03,0.01,1.01,0.1,0.1,0.0,1.0,8.63,-14.78,True
1.03,0.01,1.01,0.1,0.1,0.25,0.75,8.51,-14.98,True
1.03,0.01,1.01,0.1,0.1,0.5,0.5,8.39,-15.23,True
1.03,0.01,1.01,0.1,0.1,0.75,0.25,8.25,-15.52,True
1.03,0.01,1.01,0.1,0.1,1.0,0.0,8.11,-15.85,True
1.03,0.01,1.01,0.1,0.2,0.0,1.0,10.35,-21.44,True
1.03,0.01,1.01,0.1,0.2,0.25,0.75,10.27,-21.6,True
1.03,0.01,1.01,0.1,0.2,0.5,0.5,10.18,-21.79,True
1.03,0.01,1.01,0.1,0.2,0.75,0.25,10.09,-22.01,True
1.03,0.01,1.01,0.1,0.2,1.0,0.0,9.99,-22.27,True
1.03,0.01,1.01,0.1,0.3,0.0,1.0,11.67,-24.73,True
1.03,0.01,1.01,0.1,0.3,0.25,0.75,11.61,-24.83,True
1.03,0.01,1.01,0.1,0.3,0.5,0.5,11.54,-24.97,True
1.03,0.01,1.01,0.1,0.3,0.75,0.25,11.47,-25.15,True
1.03,0.01,1.01,0.1,0.3,1.0,0.0,11.39,-25.36,True
1.03,0.01,1.01,0.2,0.0,0.0,1.0,6.95,-19.49,True
1.03,0.01,1.01,0.2,0.0,0.25,0.75,6.74,-17.89,True
1.03,0.01,1.01,0.2,0.0,0.5,0.5,6.49,-16.27,True
1.03,0.01,1.01,0.2,0.0,0.75,0.25,6.2,-14.63,True
1.03,0.01,1.01,0.2,0.0,1.0,0.0,5.88,-12.98,True
1.03,0.01,1.01,0.2,0.1,0.0,1.0,9.36,-16.61,True
1.03,0.01,1.01,0.2,0.1,0.25,0.75,9.23,-15.01,True
1.03,0.01,1.01,0.2,0.1,0.5,0.5,9.09,-14.54,True
1.03,0.01,1.01,0.2,0.1,0.75,0.25,8.92,-14.75,True
1.03,0.01,1.01,0.2,0.1,1.0,0.0,8.73,-15.02,True
1.03,0.01,1.01,0.2,0.2,0.0,1.0,11.03,-19.85,True
1.03,0.01,1.01,0.2,0.2,0.25,0.75,10.92,-19.97,True
1.03,0.01,1.01,0.2,0.2,0.5,0.5,10.81,-20.15,True
1.03,0.01,1.01,0.2,0.2,0.75,0.25,10.68,-20.4,True
1.03,0.01,1.01,0.2,0.2,1.0,0.0,10.54,-20.71,True
1.03,0.01,1.01,0.2,0.3,0.0,1.0,12.2,-23.04,True
1.03,0.01,1.01,0.2,0.3,0.25,0.75,12.11,-23.18,True
1.03,0.01,1.01,0.2,0.3,0.5,0.5,12.0,-23.38,True
1.03,0.01,1.01,0.2,0.3,0.75,0.25,11.89,-23.64,True
1.03,0.01,1.01,0.2,0.3,1.0,0.0,11.77,-23.97,True
1.03,0.01,1.01,0.3,0.0,0.0,1.0,7.83,-20.93,True
1.03,0.01,1.01,0.3,0.0,0.25,0.75,7.59,-19.19,True
1.03,0.01,1.01,0.3,0.0,0.5,0.5,7.31,-17.42,True
1.03,0.01,1.01,0.3,0.0,0.75,0.25,6.98,-15.64,True
1.03,0.01,1.01,0.3,0.0,1.0,0.0,6.61,-13.85,True
1.03,0.01,1.01,0.3,0.1,0.0,1.0,10.05,-19.2,True
1.03,0.01,1.01,0.3,0.1,0.25,0.75,9.88,-17.63,True
1.03,0.01,1.01,0.3,0.1,0.5,0.5,9.7,-16.05,True
1.03,0.01,1.01,0.3,0.1,0.75,0.25,9.48,-14.45,True
1.03,0.01,1.01,0.3,0.1,1.0,0.0,9.25,-14.14,True
1.03,0.01,1.01,0.3,0.2,0.0,1.0,11.43,-18.96,True
1.03,0.01,1.01,0.3,0.2,0.25,0.75,11.3,-19.07,True
1.03,0.01,1.01,0.3,0.2,0.5,0.5,11.15,-19.26,True
1.03,0.01,1.01,0.3,0.2,0.75,0.25,10.99,-19.52,True
1.03,0.01,1.01,0.3,0.2,1.0,0.0,10.81,-19.87,True
1.03,0.01,1.01,0.3,0.3,0.0,1.0,12.47,-22.25,True
1.03,0.01,1.01,0.3,0.3,0.25,0.75,12.36,-22.38,True
1.03,0.01,1.01,0.3,0.3,0.5,0.5,12.24,-22.58,True
1.03,0.01,1.01,0.3,0.3,0.75,0.25,12.11,-22.86,True
1.03,0.01,1.01,0.3,0.3,1.0,0.0,11.97,-23.2,True
1.03,0.01,1.01,0.4,0.0,0.0,1.0,8.55,-22.21,True
1.03,0.01,1.01,0.4,0.0,0.25,0.75,8.28,-20.49,True
1.03,0.01,1.01,0.4,0.0,0.5,0.5,7.97,-18.74,True
1.03,0.01,1.01,0.4,0.0,0.75,0.25,7.61,-16.97,True
1.03,0.01,1.01,0.4,0.0,1.0,0.0,7.2,-15.17,True
1.03,0.01,1.01,0.4,0.1,0.0,1.0,10.46,-20.74,True
1.03,0.01,1.01,0.4,0.1,0.25,0.75,10.27,-19.07,True
1.03,0.01,1.01,0.4,0.1,0.5,0.5,10.06,-17.38,True
1.03,0.01,1.01,0.4,0.1,0.75,0.25,9.81,-15.67,True
1.03,0.01,1.01,0.4,0.1,1.0,0.0,9.54,-13.94,True
1.03,0.01,1.01,0.4,0.2,0.0,1.0,11.74,-19.23,True
1.03,0.01,1.01,0.4,0.2,0.25,0.75,11.59,-18.45,True
1.03,0.01,1.01,0.4,0.2,0.5,0.5,11.42,-18.63,True
1.03,0.01,1.01,0.4,0.2,0.75,0.25,11.23,-18.9,True
1.03,0.01,1.01,0.4,0.2,1.0,0.0,11.03,-19.26,True
1.03,0.01,1.01,0.4,0.3,0.0,1.0,12.81,-21.47,True
1.03,0.01,1.01,0.4,0.3,0.25,0.75,12.68,-21.61,True
1.03,0.01,1.01,0.4,0.3,0.5,0.5,12.53,-21.82,True
1.03,0.01,1.01,0.4,0.3,0.75,0.25,12.36,-22.12,True
1.03,0.01,1.01,0.4,0.3,1.0,0.0,12.18,-22.43,True
1.03,0.01,1.02,0.1,0.0,0.0,1.0,2.76,-14.19,True
1.03,0.01,1.02,0.1,0.0,0.25,0.75,2.72,-13.03,True
1.03,0.01,1.02,0.1,0.0,0.5,0.5,2.67,-11.84,True
1.03,0.01,1.02,0.1,0.0,0.75,0.25,2.61,-10.61,True
1.03,0.01,1.02,0.1,0.0,1.0,0.0,2.55,-9.35,True
1.03,0.01,1.02,0.1,0.1,0.0,1.0,7.51,-16.89,True
1.03,0.01,1.02,0.1,0.1,0.25,0.75,7.47,-16.99,True
1.03,0.01,1.02,0.1,0.1,0.5,0.5,7.43,-17.1,True
1.03,0.01,1.02,0.1,0.1,0.75,0.25,7.38,-17.24,True
1.03,0.01,1.02,0.1,0.1,1.0,0.0,7.33,-17.39,True
1.03,0.01,1.02,0.1,0.2,0.0,1.0,9.75,-22.79,True
1.03,0.01,1.02,0.1,0.2,0.25,0.75,9.72,-22.86,True
1.03,0.01,1.02,0.1,0.2,0.5,0.5,9.68,-22.95,True
1.03,0.01,1.02,0.1,0.2,0.75,0.25,9.64,-23.06,True
1.03,0.01,1.02,0.1,0.2,1.0,0.0,9.6,-23.19,True
1.03,0.01,1.02,0.1,0.3,0.0,1.0,11.33,-25.37,True
1.03,0.01,1.02,0.1,0.3,0.25,0.75,11.29,-25.47,True
1.03,0.01,1.02,0.1,0.3,0.5,0.5,11.25,-25.59,True
1.03,0.01,1.02,0.1,0.3,0.75,0.25,11.21,-25.73,True
1.03,0.01,1.02,0.1,0.3,1.0,0.0,11.16,-25.88,True
1.03,0.01,1.02,0.2,0.0,0.0,1.0,4.63,-19.09,True
1.03,0.01,1.02,0.2,0.0,0.25,0.75,4.54,-17.64,True
1.03,0.01,1.02,0.2,0.0,0.5,0.5,4.43,-16.13,True
1.03,0.01,1.02,0.2,0.0,0.75,0.25,4.3,-14.55,True
1.03,0.01,1.02,0.2,0.0,1.0,0.0,4.14,-12.89,True
1.03,0.01,1.02,0.2,0.1,0.0,1.0,8.5,-15.34,True
1.03,0.01,1.02,0.2,0.1,0.25,0.75,8.42,-15.26,True
1.03,0.01,1.02,0.2,0.1,0.5,0.5,8.33,-15.37,True
1.03,0.01,1.02,0.2,0.1,0.75,0.25,8.23,-15.52,True
1.03,0.01,1.02,0.2,0.1,1.0,0.0,8.11,-15.71,True
1.03,0.01,1.02,0.2,0.2,0.0,1.0,10.62,-20.38,True
1.03,0.01,1.02,0.2,0.2,0.25,0.75,10.54,-20.51,True
1.03,0.01,1.02,0.2,0.2,0.5,0.5,10.44,-20.68,True
1.03,0.01,1.02,0.2,0.2,0.75,0.25,10.34,-20.89,True
1.03,0.01,1.02,0.2,0.2,1.0,0.0,10.23,-21.15,True
1.03,0.01,1.02,0.2,0.3,0.0,1.0,11.98,-23.33,True
1.03,0.01,1.02,0.2,0.3,0.25,0.75,11.9,-23.5,True
1.03,0.01,1.02,0.2,0.3,0.5,0.5,11.81,-23.7,True
1.03,0.01,1.02,0.2,0.3,0.75,0.25,11.71,-23.94,True
1.03,0.01,1.02,0.2,0.3,1.0,0.0,11.61,-24.22,True
1.03,0.01,1.02,0.3,0.0,0.0,1.0,5.61,-21.44,True
1.03,0.01,1.02,0.3,0.0,0.25,0.75,5.49,-19.81,True
1.03,0.01,1.02,0.3,0.0,0.5,0.5,5.35,-18.11,True
1.03,0.01,1.02,0.3,0.0,0.75,0.25,5.17,-16.34,True
1.03,0.01,1.02,0.3,0.0,1.0,0.0,4.96,-14.48,True
1.03,0.01,1.02,0.3,0.1,0.0,1.0,9.3,-18.05,True
1.03,0.01,1.02,0.3,0.1,0.25,0.75,9.18,-16.56,True
1.03,0.01,1.02,0.3,0.1,0.5,0.5,9.03,-15.07,True
1.03,0.01,1.02,0.3,0.1,0.75,0.25,8.87,-14.73,True
1.03,0.01,1.02,0.3,0.1,1.0,0.0,8.7,-14.92,True
1.03,0.01,1.02,0.3,0.2,0.0,1.0,11.05,-19.78,True
1.03,0.01,1.02,0.3,0.2,0.25,0.75,10.94,-19.91,True
1.03,0.01,1.02,0.3,0.2,0.5,0.5,10.81,-20.08,True
1.03,0.01,1.02,0.3,0.2,0.75,0.25,10.67,-20.3,True
1.03,0.01,1.02,0.3,0.2,1.0,0.0,10.53,-20.56,True
1.03,0.01,1.02,0.3,0.3,0.0,1.0,12.28,-23.03,True
1.03,0.01,1.02,0.3,0.3,0.25,0.75,12.18,-23.16,True
1.03,0.01,1.02,0.3,0.3,0.5,0.5,12.07,-23.34,True
1.03,0.01,1.02,0.3,0.3,0.75,0.25,11.95,-23.55,True
1.03,0.01,1.02,0.3,0.3,1.0,0.0,11.83,-23.8,True
1.03,0.01,1.02,0.4,0.0,0.0,1.0,6.59,-23.5,True
1.03,0.01,1.02,0.4,0.0,0.25,0.75,6.43,-21.72,True
1.03,0.01,1.02,0.4,0.0,0.5,0.5,6.24,-19.87,True
1.03,0.01,1.02,0.4,0.0,0.75,0.25,6.01,-17.94,True
1.03,0.01,1.02,0.4,0.0,1.0,0.0,5.74,-15.92,True
1.03,0.01,1.02,0.4,0.1,0.0,1.0,9.74,-19.57,True
1.03,0.01,1.02,0.4,0.1,0.25,0.75,9.58,-17.76,True
1.03,0.01,1.02,0.4,0.1,0.5,0.5,9.41,-16.12,True
1.03,0.01,1.02,0.4,0.1,0.75,0.25,9.22,-14.52,True
1.03,0.01,1.02,0.4,0.1,1.0,0.0,9.01,-14.65,True
1.03,0.01,1.02,0.4,0.2,0.0,1.0,11.39,-19.53,True
1.03,0.01,1.02,0.4,0.2,0.25,0.75,11.26,-19.62,True
1.03,0.01,1.02,0.4,0.2,0.5,0.5,11.11,-19.75,True
1.03,0.01,1.02,0.4,0.2,0.75,0.25,10.96,-19.93,True
1.03,0.01,1.02,0.4,0.2,1.0,0.0,10.79,-20.16,True
1.03,0.01,1.02,0.4,0.3,0.0,1.0,12.53,-22.78,True
1.03,0.01,1.02,0.4,0.3,0.25,0.75,12.4,-22.89,True
1.03,0.01,1.02,0.4,0.3,0.5,0.5,12.25,-23.01,True
1.03,0.01,1.02,0.4,0.3,0.75,0.25,12.1,-23.2,True
1.03,0.01,1.02,0.4,0.3,1.0,0.0,11.94,-23.47,True
1.03,0.015,0.95,0.1,0.0,0.0,1.0,11.42,-27.68,True
1.03,0.015,0.95,0.1,0.0,0.25,0.75,10.98,-26.15,True
1.03,0.015,0.95,0.1,0.0,0.5,0.5,10.49,-24.31,True
1.03,0.015,0.95,0.1,0.0,0.75,0.25,9.96,-22.08,True
1.03,0.015,0.95,0.1,0.0,1.0,0.0,9.36,-19.3,True
1.03,0.015,0.95,0.1,0.1,0.0,1.0,13.05,-28.11,True
1.03,0.015,0.95,0.1,0.1,0.25,0.75,12.67,-26.79,True
1.03,0.015,0.95,0.1,0.1,0.5,0.5,12.25,-25.26,True
1.03,0.015,0.95,0.1,0.1,0.75,0.25,11.8,-23.45,True
1.03,0.015,0.95,0.1,0.1,1.0,0.0,11.31,-21.3,True
1.03,0.015,0.95,0.1,0.2,0.0,1.0,14.15,-28.43,True
1.03,0.015,0.95,0.1,0.2,0.25,0.75,13.8,-27.26,True
1.03,0.015,0.95,0.1,0.2,0.5,0.5,13.42,-25.94,True
1.03,0.015,0.95,0.1,0.2,0.75,0.25,13.01,-24.42,True
1.03,0.015,0.95,0.1,0.2,1.0,0.0,12.57,-22.68,True
1.03,0.015,0.95,0.1,0.3,0.0,1.0,14.97,-28.69,True
1.03,0.015,0.95,0.1,0.3,0.25,0.75,14.6,-27.66,True
1.03,0.015,0.95,0.1,0.3,0.5,0.5,14.22,-26.52,True
1.03,0.015,0.95,0.1,0.3,0.75,0.25,13.84,-25.26,True
1.03,0.015,0.95,0.1,0.3,1.0,0.0,13.45,-23.88,True
1.03,0.015,0.95,0.2,0.0,0.0,1.0,15.78,-27.68,True
1.03,0.015,0.95,0.2,0.0,0.25,0.75,15.13,-26.21,True
1.03,0.015,0.95,0.2,0.0,0.5,0.5,14.4,-24.41,True
1.03,0.015,0.95,0.2,0.0,0.75,0.25,13.6,-22.17,True
1.03,0.015,0.95,0.2,0.0,1.0,0.0,12.7,-19.3,True
1.03,0.015,0.95,0.2,0.1,0.0,1.0,16.11,-27.94,True
1.03,0.015,0.95,0.2,0.1,0.25,0.75,15.54,-26.61,True
1.03,0.015,0.95,0.2,0.1,0.5,0.5,14.92,-25.01,True
1.03,0.015,0.95,0.2,0.1,0.75,0.25,14.23,-23.08,True
1.03,0.015,0.95,0.2,0.1,1.0,0.0,13.47,-20.69,True
1.03,0.015,0.95,0.2,0.2,0.0,1.0,16.44,-28.2,True
1.03,0.015,0.95,0.2,0.2,0.25,0.75,15.93,-27.0,True
1.03,0.015,0.95,0.2,0.2,0.5,0.5,15.38,-25.58,True
1.03,0.015,0.95,0.2,0.2,0.75,0.25,14.78,-23.92,True
1.03,0.015,0.95,0.2,0.2,1.0,0.0,14.13,-21.95,True
1.03,0.015,0.95,0.2,0.3,0.0,1.0,16.67,-28.48,True
1.03,0.015,0.95,0.2,0.3,0.25,0.75,16.23,-27.4,True
1.03,0.015,0.95,0.2,0.3,0.5,0.5,15.75,-26.17,True
1.03,0.015,0.95,0.2,0.3,0.75,0.25,15.2,-24.76,True
1.03,0.015,0.95,0.2,0.3,1.0,0.0,14.61,-23.16,True
1.03,0.015,0.95,0.3,0.0,0.0,1.0,16.99,-28.03,True
1.03,0.015,0.95,0.3,0.0,0.25,0.75,16.3,-26.24,True
1.03,0.015,0.95,0.3,0.0,0.5,0.5,15.53,-24.46,True
1.03,0.015,0.95,0.3,0.0,0.75,0.25,14.67,-22.22,True
1.03,0.015,0.95,0.3,0.0,1.0,0.0,13.7,-19.3,True
1.03,0.015,0.95,0.3,0.1,0.0,1.0,17.11,-27.92,True
1.03,0.015,0.95,0.3,0.1,0.25,0.75,16.49,-26.6,True
1.03,0.015,0.95,0.3,0.1,0.5,0.5,15.8,-25.0,True
1.03,0.015,0.95,0.3,0.1,0.75,0.25,15.03,-23.04,True
1.03,0.015,0.95,0.3,0.1,1.0,0.0,14.18,-20.58,True
1.03,0.015,0.95,0.3,0.2,0.0,1.0,16.97,-28.2,True
1.03,0.015,0.95,0.3,0.2,0.25,0.75,16.42,-27.01,True
1.03,0.015,0.95,0.3,0.2,0.5,0.5,15.81,-25.6,True
1.03,0.015,0.95,0.3,0.2,0.75,0.25,15.14,-23.93,True
1.03,0.015,0.95,0.3,0.2,1.0,0.0,14.42,-21.93,True
1.03,0.015,0.95,0.3,0.3,0.0,1.0,16.72,-28.56,True
1.03,0.015,0.95,0.3,0.3,0.25,0.75,16.26,-27.51,True
1.03,0.015,0.95,0.3,0.3,0.5,0.5,15.76,-26.31,True
1.03,0.015,0.95,0.3,0.3,0.75,0.25,15.21,-24.94,True
1.03,0.015,0.95,0.3,0.3,1.0,0.0,14.62,-23.38,True
1.03,0.015,0.95,0.4,0.0,0.0,1.0,17.1,-31.1,True
1.03,0.015,0.95,0.4,0.0,0.25,0.75,16.44,-28.73,True
1.03,0.015,0.95,0.4,0.0,0.5,0.5,15.69,-26.21,True
1.03,0.015,0.95,0.4,0.0,0.75,0.25,14.84,-23.51,True
1.03,0.015,0.95,0.4,0.0,1.0,0.0,13.87,-20.6,True
1.03,0.015,0.95,0.4,0.1,0.0,1.0,16.9,-29.26,True
1.03,0.015,0.95,0.4,0.1,0.25,0.75,16.33,-26.9,True
1.03,0.015,0.95,0.4,0.1,0.5,0.5,15.68,-25.06,True
1.03,0.015,0.95,0.4,0.1,0.75,0.25,14.95,-23.12,True
1.03,0.015,0.95,0.4,0.1,1.0,0.0,14.12,-20.67,True
1.03,0.015,0.95,0.4,0.2,0.0,1.0,16.78,-28.26,True
1.03,0.015,0.95,0.4,0.2,0.25,0.75,16.28,-27.09,True
1.03,0.015,0.95,0.4,0.2,0.5,0.5,15.72,-25.71,True
1.03,0.015,0.95,0.4,0.2,0.75,0.25,15.09,-24.05,True
1.03,0.015,0.95,0.4,0.2,1.0,0.0,14.39,-22.06,True
1.03,0.015,0.95,0.4,0.3,0.0,1.0,16.93,-28.57,True
1.03,0.015,0.95,0.4,0.3,0.25,0.75,16.45,-27.53,True
1.03,0.015,0.95,0.4,0.3,0.5,0.5,15.93,-26.33,True
1.03,0.015,0.95,0.4,0.3,0.75,0.25,15.36,-24.94,True
1.03,0.015,0.95,0.4,0.3,1.0,0.0,14.75,-23.35,True
1.03,0.015,0.97,0.1,0.0,0.0,1.0,6.36,-22.06,True
1.03,0.015,0.97,0.1,0.0,0.25,0.75,6.23,-20.8,True
1.03,0.015,0.97,0.1,0.0,0.5,0.5,6.07,-19.28,True
1.03,0.015,0.97,0.1,0.0,0.75,0.25,5.86,-17.44,True
1.03,0.015,0.97,0.1,0.0,1.0,0.0,5.6,-15.15,True
1.03,0.015,0.97,0.1,0.1,0.0,1.0,9.68,-24.24,True
1.03,0.015,0.97,0.1,0.1,0.25,0.75,9.54,-23.43,True
1.03,0.015,0.97,0.1,0.1,0.5,0.5,9.37,-22.49,True
1.03,0.015,0.97,0.1,0.1,0.75,0.25,9.18,-21.39,True
1.03,0.015,0.97,0.1,0.1,1.0,0.0,8.97,-20.08,True
1.03,0.015,0.97,0.1,0.2,0.0,1.0,11.51,-25.44,True
1.03,0.015,0.97,0.1,0.2,0.25,0.75,11.39,-24.85,True
1.03,0.015,0.97,0.1,0.2,0.5,0.5,11.25,-24.19,True
1.03,0.015,0.97,0.1,0.2,0.75,0.25,11.09,-23.45,True
1.03,0.015,0.97,0.1,0.2,1.0,0.0,10.92,-22.61,True
1.03,0.015,0.97,0.1,0.3,0.0,1.0,12.84,-26.27,True
1.03,0.015,0.97,0.1,0.3,0.25,0.75,12.73,-25.84,True
1.03,0.015,0.97,0.1,0.3,0.5,0.5,12.6,-25.36,True
1.03,0.015,0.97,0.1,0.3,0.75,0.25,12.44,-24.85,True
1.03,0.015,0.97,0.1,0.3,1.0,0.0,12.26,-24.32,True
1.03,0.015,0.97,0.2,0.0,0.0,1.0,10.19,-22.46,True
1.03,0.015,0.97,0.2,0.0,0.25,0.75,9.9,-20.85,True
1.03,0.015,0.97,0.2,0.0,0.5,0.5,9.55,-19.37,True
1.03,0.015,0.97,0.2,0.0,0.75,0.25,9.13,-17.52,True
1.03,0.015,0.97,0.2,0.0,1.0,0.0,8.63,-15.15,True
1.03,0.015,0.97,0.2,0.1,0.0,1.0,12.24,-23.51,True
1.03,0.015,0.97,0.2,0.1,0.25,0.75,11.97,-22.62,True
1.03,0.015,0.97,0.2,0.1,0.5,0.5,11.65,-21.56,True
1.03,0.015,0.97,0.2,0.1,0.75,0.25,11.28,-20.3,True
1.03,0.015,0.97,0.2,0.1,1.0,0.0,10.86,-18.77,True
1.03,0.015,0.97,0.2,0.2,0.0,1.0,13.23,-24.7,True
1.03,0.015,0.97,0.2,0.2,0.25,0.75,13.0,-24.02,True
1.03,0.015,0.97,0.2,0.2,0.5,0.5,12.72,-23.25,True
1.03,0.015,0.97,0.2,0.2,0.75,0.25,12.41,-22.36,True
1.03,0.015,0.97,0.2,0.2,1.0,0.0,12.06,-21.33,True
1.03,0.015,0.97,0.2,0.3,0.0,1.0,13.83,-25.87,True
1.03,0.015,0.97,0.2,0.3,0.25,0.75,13.65,-25.37,True
1.03,0.015,0.97,0.2,0.3,0.5,0.5,13.43,-24.81,True
1.03,0.015,0.97,0.2,0.3,0.75,0.25,13.18,-24.2,True
1.03,0.015,0.97,0.2,0.3,1.0,0.0,12.91,-23.54,True
1.03,0.015,0.97,0.3,0.0,0.0,1.0,11.95,-23.03,True
1.03,0.015,0.97,0.3,0.0,0.25,0.75,11.6,-21.27,True
1.03,0.015,0.97,0.3,0.0,0.5,0.5,11.16,-19.5,True
1.03,0.015,0.97,0.3,0.0,0.75,0.25,10.65,-17.72,True
1.03,0.015,0.97,0.3,0.0,1.0,0.0,10.03,-15.92,True
1.03,0.015,0.97,0.3,0.1,0.0,1.0,12.89,-23.45,True
1.03,0.015,0.97,0.3,0.1,0.25,0.75,12.61,-22.55,True
1.03,0.015,0.97,0.3,0.1,0.5,0.5,12.26,-21.47,True
1.03,0.015,0.97,0.3,0.1,0.75,0.25,11.86,-20.17,True
1.03,0.015,0.97,0.3,0.1,1.0,0.0,11.39,-18.56,True
1.03,0.015,0.97,0.3,0.2,0.0,1.0,13.58,-24.71,True
1.03,0.015,0.97,0.3,0.2,0.25,0.75,13.35,-24.02,True
1.03,0.015,0.97,0.3,0.2,0.5,0.5,13.07,-23.23,True
1.03,0.015,0.97,0.3,0.2,0.75,0.25,12.75,-22.31,True
1.03,0.015,0.97,0.3,0.2,1.0,0.0,12.37,-21.25,True
1.03,0.015,0.97,0.3,0.3,0.0,1.0,14.09,-25.95,True
1.03,0.015,0.97,0.3,0.3,0.25,0.75,13.89,-25.43,True
1.03,0.015,0.97,0.3,0.3,0.5,0.5,13.66,-24.86,True
1.03,0.015,0.97,0.3,0.3,0.75,0.25,13.37,-24.23,True
1.03,0.015,0.97,0.3,0.3,1.0,0.0,13.04,-23.54,True
1.03,0.015,0.97,0.4,0.0,0.0,1.0,12.37,-26.77,True
1.03,0.015,0.97,0.4,0.0,0.25,0.75,12.02,-24.75,True
1.03,0.015,0.97,0.4,0.0,0.5,0.5,11.58,-22.7,True
1.03,0.015,0.97,0.4,0.0,0.75,0.25,11.05,-20.64,True
1.03,0.015,0.97,0.4,0.0,1.0,0.0,10.42,-18.57,True
1.03,0.015,0.97,0.4,0.1,0.0,1.0,13.16,-25.05,True
1.03,0.015,0.97,0.4,0.1,0.25,0.75,12.88,-23.05,True
1.03,0.015,0.97,0.4,0.1,0.5,0.5,12.53,-21.5,True
1.03,0.015,0.97,0.4,0.1,0.75,0.25,12.11,-20.19,True
1.03,0.015,0.97,0.4,0.1,1.0,0.0,11.62,-18.57,True
1.03,0.015,0.97,0.4,0.2,0.0,1.0,13.69,-24.79,True
1.03,0.015,0.97,0.4,0.2,0.25,0.75,13.44,-24.1,True
1.03,0.015,0.97,0.4,0.2,0.5,0.5,13.14,-23.31,True
1.03,0.015,0.97,0.4,0.2,0.75,0.25,12.79,-22.39,True
1.03,0.015,0.97,0.4,0.2,1.0,0.0,12.39,-21.32,True
1.03,0.015,0.97,0.4,0.3,0.0,1.0,14.21,-25.91,True
1.03,0.015,0.97,0.4,0.3,0.25,0.75,14.0,-25.37,True
1.03,0.015,0.97,0.4,0.3,0.5,0.5,13.74,-24.79,True
1.03,0.015,0.97,0.4,0.3,0.75,0.25,13.45,-24.15,True
1.03,0.015,0.97,0.4,0.3,1.0,0.0,13.12,-23.45,True
1.03,0.015,0.99,0.1,0.0,0.0,1.0,4.88,-25.96,True
1.03,0.015,0.99,0.1,0.0,0.25,0.75,4.72,-24.11,True
1.03,0.015,0.99,0.1,0.0,0.5,0.5,4.54,-22.13,True
1.03,0.015,0.99,0.1,0.0,0.75,0.25,4.34,-20.01,True
1.03,0.015,0.99,0.1,0.0,1.0,0.0,4.12,-17.71,True
1.03,0.015,0.99,0.1,0.1,0.0,1.0,8.0,-22.08,True
1.03,0.015,0.99,0.1,0.1,0.25,0.75,7.94,-20.3,True
1.03,0.015,0.99,0.1,0.1,0.5,0.5,7.87,-18.4,True
1.03,0.015,0.99,0.1,0.1,0.75,0.25,7.79,-18.0,True
1.03,0.015,0.99,0.1,0.1,1.0,0.0,7.7,-18.02,True
1.03,0.015,0.99,0.1,0.2,0.0,1.0,10.01,-24.02,True
1.03,0.015,0.99,0.1,0.2,0.25,0.75,9.97,-23.9,True
1.03,0.015,0.99,0.1,0.2,0.5,0.5,9.92,-23.85,True
1.03,0.015,0.99,0.1,0.2,0.75,0.25,9.87,-23.83,True
1.03,0.015,0.99,0.1,0.2,1.0,0.0,9.8,-23.88,True
1.03,0.015,0.99,0.1,0.3,0.0,1.0,11.44,-27.01,True
1.03,0.015,0.99,0.1,0.3,0.25,0.75,11.4,-26.78,True
1.03,0.015,0.99,0.1,0.3,0.5,0.5,11.36,-26.61,True
1.03,0.015,0.99,0.1,0.3,0.75,0.25,11.3,-26.51,True
1.03,0.015,0.99,0.1,0.3,1.0,0.0,11.24,-26.48,True
1.03,0.015,0.99,0.2,0.0,0.0,1.0,5.41,-32.17,True
1.03,0.015,0.99,0.2,0.0,0.25,0.75,5.36,-29.8,True
1.03,0.015,0.99,0.2,0.0,0.5,0.5,5.26,-27.39,True
1.03,0.015,0.99,0.2,0.0,0.75,0.25,5.12,-24.92,True
1.03,0.015,0.99,0.2,0.0,1.0,0.0,4.92,-22.41,True
1.03,0.015,0.99,0.2,0.1,0.0,1.0,8.57,-26.15,True
1.03,0.015,0.99,0.2,0.1,0.25,0.75,8.53,-24.04,True
1.03,0.015,0.99,0.2,0.1,0.5,0.5,8.46,-21.87,True
1.03,0.015,0.99,0.2,0.1,0.75,0.25,8.37,-20.08,True
1.03,0.015,0.99,0.2,0.1,1.0,0.0,8.25,-19.58,True
1.03,0.015,0.99,0.2,0.2,0.0,1.0,10.27,-25.32,True
1.03,0.015,0.99,0.2,0.2,0.25,0.75,10.26,-24.82,True
1.03,0.015,0.99,0.2,0.2,0.5,0.5,10.22,-24.37,True
1.03,0.015,0.99,0.2,0.2,0.75,0.25,10.17,-24.02,True
1.03,0.015,0.99,0.2,0.2,1.0,0.0,10.09,-23.78,True
1.03,0.015,0.99,0.2,0.3,0.0,1.0,11.45,-27.69,True
1.03,0.015,0.99,0.2,0.3,0.25,0.75,11.45,-27.3,True
1.03,0.015,0.99,0.2,0.3,0.5,0.5,11.43,-26.99,True
1.03,0.015,0.99,0.2,0.3,0.75,0.25,11.4,-26.76,True
1.03,0.015,0.99,0.2,0.3,1.0,0.0,11.35,-26.62,True
1.03,0.015,0.99,0.3,0.0,0.0,1.0,5.53,-32.29,True
1.03,0.015,0.99,0.3,0.0,0.25,0.75,5.55,-30.07,True
1.03,0.015,0.99,0.3,0.0,0.5,0.5,5.52,-27.69,True
1.03,0.015,0.99,0.3,0.0,0.75,0.25,5.41,-25.12,True
1.03,0.015,0.99,0.3,0.0,1.0,0.0,5.24,-22.35,True
1.03,0.015,0.99,0.3,0.1,0.0,1.0,8.48,-28.12,True
1.03,0.015,0.99,0.3,0.1,0.25,0.75,8.5,-25.98,True
1.03,0.015,0.99,0.3,0.1,0.5,0.5,8.47,-23.71,True
1.03,0.015,0.99,0.3,0.1,0.75,0.25,8.42,-21.27,True
1.03,0.015,0.99,0.3,0.1,1.0,0.0,8.32,-19.85,True
1.03,0.015,0.99,0.3,0.2,0.0,1.0,10.13,-26.11,True
1.03,0.015,0.99,0.3,0.2,0.25,0.75,10.15,-25.54,True
1.03,0.015,0.99,0.3,0.2,0.5,0.5,10.16,-25.05,True
1.03,0.015,0.99,0.3,0.2,0.75,0.25,10.13,-24.61,True
1.03,0.015,0.99,0.3,0.2,1.0,0.0,10.08,-24.29,True
1.03,0.015,0.99,0.3,0.3,0.0,1.0,11.36,-28.36,True
1.03,0.015,0.99,0.3,0.3,0.25,0.75,11.39,-27.95,True
1.03,0.015,0.99,0.3,0.3,0.5,0.5,11.39,-27.59,True
1.03,0.015,0.99,0.3,0.3,0.75,0.25,11.38,-27.31,True
1.03,0.015,0.99,0.3,0.3,1.0,0.0,11.35,-27.1,True
1.03,0.015,0.99,0.4,0.0,0.0,1.0,5.5,-34.04,True
1.03,0.015,0.99,0.4,0.0,0.25,0.75,5.56,-31.7,True
1.03,0.015,0.99,0.4,0.0,0.5,0.5,5.56,-29.21,True
1.03,0.015,0.99,0.4,0.0,0.75,0.25,5.48,-26.54,True
1.03,0.015,0.99,0.4,0.0,1.0,0.0,5.33,-23.67,True
1.03,0.015,0.99,0.4,0.1,0.0,1.0,8.36,-29.86,True
1.03,0.015,0.99,0.4,0.1,0.25,0.75,8.4,-27.63,True
1.03,0.015,0.99,0.4,0.1,0.5,0.5,8.41,-25.26,True
1.03,0.015,0.99,0.4,0.1,0.75,0.25,8.38,-22.71,True
1.03,0.015,0.99,0.4,0.1,1.0,0.0,8.31,-20.18,True
1.03,0.015,0.99,0.4,0.2,0.0,1.0,10.11,-26.43,True
1.03,0.015,0.99,0.4,0.2,0.25,0.75,10.14,-25.84,True
1.03,0.015,0.99,0.4,0.2,0.5,0.5,10.15,-25.33,True
1.03,0.015,0.99,0.4,0.2,0.75,0.25,10.14,-24.9,True
1.03,0.015,0.99,0.4,0.2,1.0,0.0,10.1,-24.57,True
1.03,0.015,0.99,0.4,0.3,0.0,1.0,11.24,-28.64,True
1.03,0.015,0.99,0.4,0.3,0.25,0.75,11.28,-28.19,True
1.03,0.015,0.99,0.4,0.3,0.5,0.5,11.3,-27.8,True
1.03,0.015,0.99,0.4,0.3,0.75,0.25,11.31,-27.48,True
1.03,0.015,0.99,0.4,0.3,1.0,0.0,11.29,-27.25,True
1.03,0.015,1.0,0.1,0.0,0.0,1.0,1.3,-25.58,True
1.03,0.015,1.0,0.1,0.0,0.25,0.75,1.39,-23.76,True
1.03,0.015,1.0,0.1,0.0,0.5,0.5,1.47,-21.8,True
1.03,0.015,1.0,0.1,0.0,0.75,0.25,1.54,-19.7,True
1.03,0.015,1.0,0.1,0.0,1.0,0.0,1.6,-17.43,True
1.03,0.015,1.0,0.1,0.1,0.0,1.0,6.7,-23.32,True
1.03,0.015,1.0,0.1,0.1,0.25,0.75,6.73,-22.86,True
1.03,0.015,1.0,0.1,0.1,0.5,0.5,6.76,-22.41,True
1.03,0.015,1.0,0.1,0.1,0.75,0.25,6.78,-21.98,True
1.03,0.015,1.0,0.1,0.1,1.0,0.0,6.81,-21.57,True
1.03,0.015,1.0,0.1,0.2,0.0,1.0,9.22,-27.41,True
1.03,0.015,1.0,0.1,0.2,0.25,0.75,9.23,-27.07,True
1.03,0.015,1.0,0.1,0.2,0.5,0.5,9.24,-26.74,True
1.03,0.015,1.0,0.1,0.2,0.75,0.25,9.25,-26.43,True
1.03,0.015,1.0,0.1,0.2,1.0,0.0,9.26,-26.14,True
1.03,0.015,1.0,0.1,0.3,0.0,1.0,10.77,-29.12,True
1.03,0.015,1.0,0.1,0.3,0.25,0.75,10.78,-28.88,True
1.03,0.015,1.0,0.1,0.3,0.5,0.5,10.79,-28.67,True
1.03,0.015,1.0,0.1,0.3,0.75,0.25,10.79,-28.47,True
1.03,0.015,1.0,0.1,0.3,1.0,0.0,10.79,-28.3,True
1.03,0.015,1.0,0.2,0.0,0.0,1.0,1.61,-28.71,True
1.03,0.015,1.0,0.2,0.0,0.25,0.75,1.79,-26.73,True
1.03,0.015,1.0,0.2,0.0,0.5,0.5,1.94,-24.6,True
1.03,0.015,1.0,0.2,0.0,0.75,0.25,2.07,-22.29,True
1.03,0.015,1.0,0.2,0.0,1.0,0.0,2.18,-19.77,True
1.03,0.015,1.0,0.2,0.1,0.0,1.0,7.06,-24.99,True
1.03,0.015,1.0,0.2,0.1,0.25,0.75,7.11,-23.21,True
1.03,0.015,1.0,0.2,0.1,0.5,0.5,7.14,-22.59,True
1.03,0.015,1.0,0.2,0.1,0.75,0.25,7.17,-22.0,True
1.03,0.015,1.0,0.2,0.1,1.0,0.0,7.18,-21.45,True
1.03,0.015,1.0,0.2,0.2,0.0,1.0,9.27,-27.09,True
1.03,0.015,1.0,0.2,0.2,0.25,0.75,9.31,-26.66,True
1.03,0.015,1.0,0.2,0.2,0.5,0.5,9.33,-26.26,True
1.03,0.015,1.0,0.2,0.2,0.75,0.25,9.36,-25.89,True
1.03,0.015,1.0,0.2,0.2,1.0,0.0,9.37,-25.55,True
1.03,0.015,1.0,0.2,0.3,0.0,1.0,10.74,-29.03,True
1.03,0.015,1.0,0.2,0.3,0.25,0.75,10.77,-28.73,True
1.03,0.015,1.0,0.2,0.3,0.5,0.5,10.79,-28.44,True
1.03,0.015,1.0,0.2,0.3,0.75,0.25,10.81,-28.18,True
1.03,0.015,1.0,0.2,0.3,1.0,0.0,10.83,-27.95,True
1.03,0.015,1.0,0.3,0.0,0.0,1.0,2.15,-31.24,True
1.03,0.015,1.0,0.3,0.0,0.25,0.75,2.35,-29.07,True
1.03,0.015,1.0,0.3,0.0,0.5,0.5,2.52,-26.75,True
1.03,0.015,1.0,0.3,0.0,0.75,0.25,2.66,-24.25,True
1.03,0.015,1.0,0.3,0.0,1.0,0.0,2.77,-21.54,True
1.03,0.015,1.0,0.3,0.1,0.0,1.0,6.97,-27.28,True
1.03,0.015,1.0,0.3,0.1,0.25,0.75,7.05,-25.15,True
1.03,0.015,1.0,0.3,0.1,0.5,0.5,7.12,-22.89,True
1.03,0.015,1.0,0.3,0.1,0.75,0.25,7.17,-21.85,True
1.03,0.015,1.0,0.3,0.1,1.0,0.0,7.21,-21.24,True
1.03,0.015,1.0,0.3,0.2,0.0,1.0,9.14,-27.27,True
1.03,0.015,1.0,0.3,0.2,0.25,0.75,9.2,-26.82,True
1.03,0.015,1.0,0.3,0.2,0.5,0.5,9.26,-26.4,True
1.03,0.015,1.0,0.3,0.2,0.75,0.25,9.29,-25.99,True
1.03,0.015,1.0,0.3,0.2,1.0,0.0,9.32,-25.61,True
1.03,0.015,1.0,0.3,0.3,0.0,1.0,10.68,-29.1,True
1.03,0.015,1.0,0.3,0.3,0.25,0.75,10.73,-28.78,True
1.03,0.015,1.0,0.3,0.3,0.5,0.5,10.77,-28.49,True
1.03,0.015,1.0,0.3,0.3,0.75,0.25,10.8,-28.22,True
1.03,0.015,1.0,0.3,0.3,1.0,0.0,10.82,-27.96,True
1.03,0.015,1.0,0.4,0.0,0.0,1.0,2.15,-32.65,True
1.03,0.015,1.0,0.4,0.0,0.25,0.75,2.39,-30.38,True
1.03,0.015,1.0,0.4,0.0,0.5,0.5,2.59,-27.97,True
1.03,0.015,1.0,0.4,0.0,0.75,0.25,2.76,-25.38,True
1.03,0.015,1.0,0.4,0.0,1.0,0.0,2.89,-22.6,True
1.03,0.015,1.0,0.4,0.1,0.0,1.0,6.79,-28.63,True
1.03,0.015,1.0,0.4,0.1,0.25,0.75,6.9,-26.43,True
1.03,0.015,1.0,0.4,0.1,0.5,0.5,7.0,-24.1,True
1.03,0.015,1.0,0.4,0.1,0.75,0.25,7.08,-21.98,True
1.03,0.015,1.0,0.4,0.1,1.0,0.0,7.14,-21.35,True
1.03,0.015,1.0,0.4,0.2,0.0,1.0,9.1,-27.23,True
1.03,0.015,1.0,0.4,0.2,0.25,0.75,9.17,-26.78,True
1.03,0.015,1.0,0.4,0.2,0.5,0.5,9.23,-26.34,True
1.03,0.015,1.0,0.4,0.2,0.75,0.25,9.28,-25.93,True
1.03,0.015,1.0,0.4,0.2,1.0,0.0,9.33,-25.56,True
1.03,0.015,1.0,0.4,0.3,0.0,1.0,10.61,-29.22,True
1.03,0.015,1.0,0.4,0.3,0.25,0.75,10.67,-28.88,True
1.03,0.015,1.0,0.4,0.3,0.5,0.5,10.72,-28.55,True
1.03,0.015,1.0,0.4,0.3,0.75,0.25,10.76,-28.25,True
1.03,0.015,1.0,0.4,0.3,1.0,0.0,10.8,-27.98,True
1.03,0.015,1.01,0.1,0.0,0.0,1.0,3.7,-17.93,True
1.03,0.015,1.01,0.1,0.0,0.25,0.75,3.58,-16.54,True
1.03,0.015,1.01,0.1,0.0,0.5,0.5,3.46,-15.04,True
1.03,0.015,1.01,0.1,0.0,0.75,0.25,3.32,-13.43,True
1.03,0.015,1.01,0.1,0.0,1.0,0.0,3.16,-11.68,True
1.03,0.015,1.01,0.1,0.1,0.0,1.0,7.71,-14.76,True
1.03,0.015,1.01,0.1,0.1,0.25,0.75,7.65,-14.06,True
1.03,0.015,1.01,0.1,0.1,0.5,0.5,7.6,-14.42,True
1.03,0.015,1.01,0.1,0.1,0.75,0.25,7.53,-14.81,True
1.03,0.015,1.01,0.1,0.1,1.0,0.0,7.47,-15.22,True
1.03,0.015,1.01,0.1,0.2,0.0,1.0,9.88,-19.89,True
1.03,0.015,1.01,0.1,0.2,0.25,0.75,9.83,-20.22,True
1.03,0.015,1.01,0.1,0.2,0.5,0.5,9.79,-20.56,True
1.03,0.015,1.01,0.1,0.2,0.75,0.25,9.74,-20.92,True
1.03,0.015,1.01,0.1,0.2,1.0,0.0,9.69,-21.31,True
1.03,0.015,1.01,0.1,0.3,0.0,1.0,11.32,-23.42,True
1.03,0.015,1.01,0.1,0.3,0.25,0.75,11.28,-23.69,True
1.03,0.015,1.01,0.1,0.3,0.5,0.5,11.24,-23.98,True
1.03,0.015,1.01,0.1,0.3,0.75,0.25,11.19,-24.29,True
1.03,0.015,1.01,0.1,0.3,1.0,0.0,11.15,-24.63,True
1.03,0.015,1.01,0.2,0.0,0.0,1.0,5.24,-18.28,True
1.03,0.015,1.01,0.2,0.0,0.25,0.75,5.09,-16.95,True
1.03,0.015,1.01,0.2,0.0,0.5,0.5,4.93,-15.62,True
1.03,0.015,1.01,0.2,0.0,0.75,0.25,4.74,-14.27,True
1.03,0.015,1.01,0.2,0.0,1.0,0.0,4.53,-12.91,True
1.03,0.015,1.01,0.2,0.1,0.0,1.0,8.58,-15.89,True
1.03,0.015,1.01,0.2,0.1,0.25,0.75,8.5,-14.55,True
1.03,0.015,1.01,0.2,0.1,0.5,0.5,8.39,-13.15,True
1.03,0.015,1.01,0.2,0.1,0.75,0.25,8.28,-13.2,True
1.03,0.015,1.01,0.2,0.1,1.0,0.0,8.15,-13.64,True
1.03,0.015,1.01,0.2,0.2,0.0,1.0,10.36,-18.23,True
1.03,0.015,1.01,0.2,0.2,0.25,0.75,10.29,-18.55,True
1.03,0.015,1.01,0.2,0.2,0.5,0.5,10.21,-18.92,True
1.03,0.015,1.01,0.2,0.2,0.75,0.25,10.12,-19.33,True
1.03,0.015,1.01,0.2,0.2,1.0,0.0,10.02,-19.78,True
1.03,0.015,1.01,0.2,0.3,0.0,1.0,11.51,-22.21,True
1.03,0.015,1.01,0.2,0.3,0.25,0.75,11.46,-22.51,True
1.03,0.015,1.01,0.2,0.3,0.5,0.5,11.4,-22.84,True
1.03,0.015,1.01,0.2,0.3,0.75,0.25,11.34,-23.21,True
1.03,0.015,1.01,0.2,0.3,1.0,0.0,11.28,-23.62,True
1.03,0.015,1.01,0.3,0.0,0.0,1.0,6.08,-20.66,True
1.03,0.015,1.01,0.3,0.0,0.25,0.75,5.93,-18.97,True
1.03,0.015,1.01,0.3,0.0,0.5,0.5,5.75,-17.21,True
1.03,0.015,1.01,0.3,0.0,0.75,0.25,5.54,-15.37,True
1.03,0.015,1.01,0.3,0.0,1.0,0.0,5.29,-13.43,True
1.03,0.015,1.01,0.3,0.1,0.0,1.0,8.79,-17.63,True
1.03,0.015,1.01,0.3,0.1,0.25,0.75,8.71,-16.07,True
1.03,0.015,1.01,0.3,0.1,0.5,0.5,8.6,-14.45,True
1.03,0.015,1.01,0.3,0.1,0.75,0.25,8.48,-12.79,True
1.03,0.015,1.01,0.3,0.1,1.0,0.0,8.34,-13.05,True
1.03,0.015,1.01,0.3,0.2,0.0,1.0,10.18,-18.61,True
1.03,0.015,1.01,0.3,0.2,0.25,0.75,10.14,-18.85,True
1.03,0.015,1.01,0.3,0.2,0.5,0.5,10.1,-19.14,True
1.03,0.015,1.01,0.3,0.2,0.75,0.25,10.04,-19.46,True
1.03,0.015,1.01,0.3,0.2,1.0,0.0,9.97,-19.84,True
1.03,0.015,1.01,0.3,0.3,0.0,1.0,11.24,-23.17,True
1.03,0.015,1.01,0.3,0.3,0.25,0.75,11.24,-23.3,True
1.03,0.015,1.01,0.3,0.3,0.5,0.5,11.23,-23.48,True
1.03,0.015,1.01,0.3,0.3,0.75,0.25,11.22,-23.72,True
1.03,0.015,1.01,0.3,0.3,1.0,0.0,11.19,-23.98,True
1.03,0.015,1.01,0.4,0.0,0.0,1.0,6.12,-21.51,True
1.03,0.015,1.01,0.4,0.0,0.25,0.75,6.01,-19.74,True
1.03,0.015,1.01,0.4,0.0,0.5,0.5,5.86,-17.9,True
1.03,0.015,1.01,0.4,0.0,0.75,0.25,5.67,-15.96,True
1.03,0.015,1.01,0.4,0.0,1.0,0.0,5.45,-13.93,True
1.03,0.015,1.01,0.4,0.1,0.0,1.0,8.49,-17.06,True
1.03,0.015,1.01,0.4,0.1,0.25,0.75,8.45,-15.51,True
1.03,0.015,1.01,0.4,0.1,0.5,0.5,8.39,-13.91,True
1.03,0.015,1.01,0.4,0.1,0.75,0.25,8.32,-12.92,True
1.03,0.015,1.01,0.4,0.1,1.0,0.0,8.22,-13.28,True
1.03,0.015,1.01,0.4,0.2,0.0,1.0,9.94,-19.17,True
1.03,0.015,1.01,0.4,0.2,0.25,0.75,9.94,-19.3,True
1.03,0.015,1.01,0.4,0.2,0.5,0.5,9.93,-19.48,True
1.03,0.015,1.01,0.4,0.2,0.75,0.25,9.91,-19.73,True
1.03,0.015,1.01,0.4,0.2,1.0,0.0,9.88,-20.05,True
1.03,0.015,1.01,0.4,0.3,0.0,1.0,11.19,-23.14,True
1.03,0.015,1.01,0.4,0.3,0.25,0.75,11.21,-23.24,True
1.03,0.015,1.01,0.4,0.3,0.5,0.5,11.21,-23.39,True
1.03,0.015,1.01,0.4,0.3,0.75,0.25,11.2,-23.59,True
1.03,0.015,1.01,0.4,0.3,1.0,0.0,11.19,-23.86,True
1.03,0.015,1.02,0.1,0.0,0.0,1.0,1.64,-14.83,True
1.03,0.015,1.02,0.1,0.0,0.25,0.75,1.65,-13.67,True
1.03,0.015,1.02,0.1,0.0,0.5,0.5,1.65,-12.43,True
1.03,0.015,1.02,0.1,0.0,0.75,0.25,1.65,-11.09,True
1.03,0.015,1.02,0.1,0.0,1.0,0.0,1.64,-9.64,True
1.03,0.015,1.02,0.1,0.1,0.0,1.0,6.62,-17.16,True
1.03,0.015,1.02,0.1,0.1,0.25,0.75,6.63,-17.29,True
1.03,0.015,1.02,0.1,0.1,0.5,0.5,6.64,-17.43,True
1.03,0.015,1.02,0.1,0.1,0.75,0.25,6.65,-17.58,True
1.03,0.015,1.02,0.1,0.1,1.0,0.0,6.66,-17.74,True
1.03,0.015,1.02,0.1,0.2,0.0,1.0,9.1,-22.93,True
1.03,0.015,1.02,0.1,0.2,0.25,0.75,9.11,-23.04,True
1.03,0.015,1.02,0.1,0.2,0.5,0.5,9.11,-23.16,True
1.03,0.015,1.02,0.1,0.2,0.75,0.25,9.12,-23.3,True
1.03,0.015,1.02,0.1,0.2,1.0,0.0,9.12,-23.44,True
1.03,0.015,1.02,0.1,0.3,0.0,1.0,10.74,-25.78,True
1.03,0.015,1.02,0.1,0.3,0.25,0.75,10.74,-25.89,True
1.03,0.015,1.02,0.1,0.3,0.5,0.5,10.74,-26.01,True
1.03,0.015,1.02,0.1,0.3,0.75,0.25,10.74,-26.15,True
1.03,0.015,1.02,0.1,0.3,1.0,0.0,10.74,-26.29,True
1.03,0.015,1.02,0.2,0.0,0.0,1.0,1.96,-17.49,True
1.03,0.015,1.02,0.2,0.0,0.25,0.75,2.03,-15.98,True
1.03,0.015,1.02,0.2,0.0,0.5,0.5,2.08,-14.46,True
1.03,0.015,1.02,0.2,0.0,0.75,0.25,2.12,-12.94,True
1.03,0.015,1.02,0.2,0.0,1.0,0.0,2.15,-11.41,True
1.03,0.015,1.02,0.2,0.1,0.0,1.0,7.03,-15.2,True
1.03,0.015,1.02,0.2,0.1,0.25,0.75,7.05,-15.34,True
1.03,0.015,1.02,0.2,0.1,0.5,0.5,7.05,-15.51,True
1.03,0.015,1.02,0.2,0.1,0.75,0.25,7.06,-15.71,True
1.03,0.015,1.02,0.2,0.1,1.0,0.0,7.05,-15.93,True
1.03,0.015,1.02,0.2,0.2,0.0,1.0,9.46,-20.8,True
1.03,0.015,1.02,0.2,0.2,0.25,0.75,9.46,-20.95,True
1.03,0.015,1.02,0.2,0.2,0.5,0.5,9.45,-21.14,True
1.03,0.015,1.02,0.2,0.2,0.75,0.25,9.45,-21.36,True
1.03,0.015,1.02,0.2,0.2,1.0,0.0,9.43,-21.6,True
1.03,0.015,1.02,0.2,0.3,0.0,1.0,10.99,-24.21,True
1.03,0.015,1.02,0.2,0.3,0.25,0.75,10.99,-24.34,True
1.03,0.015,1.02,0.2,0.3,0.5,0.5,10.98,-24.5,True
1.03,0.015,1.02,0.2,0.3,0.75,0.25,10.97,-24.68,True
1.03,0.015,1.02,0.2,0.3,1.0,0.0,10.96,-24.89,True
1.03,0.015,1.02,0.3,0.0,0.0,1.0,2.49,-19.58,True
1.03,0.015,1.02,0.3,0.0,0.25,0.75,2.57,-17.94,True
1.03,0.015,1.02,0.3,0.0,0.5,0.5,2.63,-16.29,True
1.03,0.015,1.02,0.3,0.0,0.75,0.25,2.66,-14.63,True
1.03,0.015,1.02,0.3,0.0,1.0,0.0,2.68,-12.96,True
1.03,0.015,1.02,0.3,0.1,0.0,1.0,7.44,-14.91,True
1.03,0.015,1.02,0.3,0.1,0.25,0.75,7.45,-14.02,True
1.03,0.015,1.02,0.3,0.1,0.5,0.5,7.44,-14.21,True
1.03,0.015,1.02,0.3,0.1,0.75,0.25,7.43,-14.43,True
1.03,0.015,1.02,0.3,0.1,1.0,0.0,7.41,-14.7,True
1.03,0.015,1.02,0.3,0.2,0.0,1.0,9.66,-19.92,True
1.03,0.015,1.02,0.3,0.2,0.25,0.75,9.66,-20.07,True
1.03,0.015,1.02,0.3,0.2,0.5,0.5,9.65,-20.26,True
1.03,0.015,1.02,0.3,0.2,0.75,0.25,9.64,-20.48,True
1.03,0.015,1.02,0.3,0.2,1.0,0.0,9.62,-20.75,True
1.03,0.015,1.02,0.3,0.3,0.0,1.0,11.15,-23.22,True
1.03,0.015,1.02,0.3,0.3,0.25,0.75,11.15,-23.35,True
1.03,0.015,1.02,0.3,0.3,0.5,0.5,11.14,-23.52,True
1.03,0.015,1.02,0.3,0.3,0.75,0.25,11.13,-23.72,True
1.03,0.015,1.02,0.3,0.3,1.0,0.0,11.11,-23.96,True
1.03,0.015,1.02,0.4,0.0,0.0,1.0,3.18,-19.16,True
1.03,0.015,1.02,0.4,0.0,0.25,0.75,3.24,-17.48,True
1.03,0.015,1.02,0.4,0.0,0.5,0.5,3.27,-15.79,True
1.03,0.015,1.02,0.4,0.0,0.75,0.25,3.28,-14.09,True
1.03,0.015,1.02,0.4,0.0,1.0,0.0,3.27,-12.38,True
1.03,0.015,1.02,0.4,0.1,0.0,1.0,7.68,-15.27,True
1.03,0.015,1.02,0.4,0.1,0.25,0.75,7.69,-13.98,True
1.03,0.015,1.02,0.4,0.1,0.5,0.5,7.68,-13.54,True
1.03,0.015,1.02,0.4,0.1,0.75,0.25,7.66,-13.76,True
1.03,0.015,1.02,0.4,0.1,1.0,0.0,7.63,-14.03,True
1.03,0.015,1.02,0.4,0.2,0.0,1.0,9.84,-18.95,True
1.03,0.015,1.02,0.4,0.2,0.25,0.75,9.84,-19.11,True
1.03,0.015,1.02,0.4,0.2,0.5,0.5,9.83,-19.31,True
1.03,0.015,1.02,0.4,0.2,0.75,0.25,9.81,-19.56,True
1.03,0.015,1.02,0.4,0.2,1.0,0.0,9.79,-19.85,True
1.03,0.015,1.02,0.4,0.3,0.0,1.0,11.29,-22.23,True
1.03,0.015,1.02,0.4,0.3,0.25,0.75,11.28,-22.43,True
1.03,0.015,1.02,0.4,0.3,0.5,0.5,11.26,-22.67,True
1.03,0.015,1.02,0.4,0.3,0.75,0.25,11.24,-22.95,True
1.03,0.015,1.02,0.4,0.3,1.0,0.0,11.2,-23.28,True
1.03,0.02,0.95,0.1,0.0,0.0,1.0,7.22,-27.68,True
1.03,0.02,0.95,0.1,0.0,0.25,0.75,6.96,-26.11,True
1.03,0.02,0.95,0.1,0.0,0.5,0.5,6.67,-24.26,True
1.03,0.02,0.95,0.1,0.0,0.75,0.25,6.34,-22.03,True
1.03,0.02,0.95,0.1,0.0,1.0,0.0,5.99,-19.3,True
1.03,0.02,0.95,0.1,0.1,0.0,1.0,10.0,-28.43,True
1.03,0.02,0.95,0.1,0.1,0.25,0.75,9.78,-27.21,True
1.03,0.02,0.95,0.1,0.1,0.5,0.5,9.54,-25.8,True
1.03,0.02,0.95,0.1,0.1,0.75,0.25,9.28,-24.17,True
1.03,0.02,0.95,0.1,0.1,1.0,0.0,9.01,-22.26,True
1.03,0.02,0.95,0.1,0.2,0.0,1.0,11.65,-28.88,True
1.03,0.02,0.95,0.1,0.2,0.25,0.75,11.47,-27.85,True
1.03,0.02,0.95,0.1,0.2,0.5,0.5,11.28,-26.71,True
1.03,0.02,0.95,0.1,0.2,0.75,0.25,11.06,-25.41,True
1.03,0.02,0.95,0.1,0.2,1.0,0.0,10.82,-23.94,True
1.03,0.02,0.95,0.1,0.3,0.0,1.0,12.94,-29.15,True
1.03,0.02,0.95,0.1,0.3,0.25,0.75,12.77,-28.24,True
1.03,0.02,0.95,0.1,0.3,0.5,0.5,12.58,-27.25,True
1.03,0.02,0.95,0.1,0.3,0.75,0.25,12.38,-26.17,True
1.03,0.02,0.95,0.1,0.3,1.0,0.0,12.17,-25.0,True
1.03,0.02,0.95,0.2,0.0,0.0,1.0,11.9,-27.68,True
1.03,0.02,0.95,0.2,0.0,0.25,0.75,11.41,-26.18,True
1.03,0.02,0.95,0.2,0.0,0.5,0.5,10.88,-24.37,True
1.03,0.02,0.95,0.2,0.0,0.75,0.25,10.28,-22.13,True
1.03,0.02,0.95,0.2,0.0,1.0,0.0,9.63,-19.3,True
1.03,0.02,0.95,0.2,0.1,0.0,1.0,12.97,-28.0,True
1.03,0.02,0.95,0.2,0.1,0.25,0.75,12.56,-26.66,True
1.03,0.02,0.95,0.2,0.1,0.5,0.5,12.12,-25.08,True
1.03,0.02,0.95,0.2,0.1,0.75,0.25,11.64,-23.21,True
1.03,0.02,0.95,0.2,0.1,1.0,0.0,11.13,-20.94,True
1.03,0.02,0.95,0.2,0.2,0.0,1.0,13.84,-28.26,True
1.03,0.02,0.95,0.2,0.2,0.25,0.75,13.45,-27.06,True
1.03,0.02,0.95,0.2,0.2,0.5,0.5,13.05,-25.68,True
1.03,0.02,0.95,0.2,0.2,0.75,0.25,12.62,-24.09,True
1.03,0.02,0.95,0.2,0.2,1.0,0.0,12.17,-22.24,True
1.03,0.02,0.95,0.2,0.3,0.0,1.0,14.41,-28.51,True
1.03,0.02,0.95,0.2,0.3,0.25,0.75,14.07,-27.44,True
1.03,0.02,0.95,0.2,0.3,0.5,0.5,13.72,-26.23,True
1.03,0.02,0.95,0.2,0.3,0.75,0.25,13.38,-24.88,True
1.03,0.02,0.95,0.2,0.3,1.0,0.0,13.02,-23.38,True
1.03,0.02,0.95,0.3,0.0,0.0,1.0,13.42,-27.68,True
1.03,0.02,0.95,0.3,0.0,0.25,0.75,12.87,-26.21,True
1.03,0.02,0.95,0.3,0.0,0.5,0.5,12.25,-24.41,True
1.03,0.02,0.95,0.3,0.0,0.75,0.25,11.57,-22.17,True
1.03,0.02,0.95,0.3,0.0,1.0,0.0,10.81,-19.3,True
1.03,0.02,0.95,0.3,0.1,0.0,1.0,14.05,-27.9,True
1.03,0.02,0.95,0.3,0.1,0.25,0.75,13.58,-26.55,True
1.03,0.02,0.95,0.3,0.1,0.5,0.5,13.06,-24.94,True
1.03,0.02,0.95,0.3,0.1,0.75,0.25,12.49,-22.99,True
1.03,0.02,0.95,0.3,0.1,1.0,0.0,11.88,-20.6,True
1.03,0.02,0.95,0.3,0.2,0.0,1.0,14.6,-28.12,True
1.03,0.02,0.95,0.3,0.2,0.25,0.75,14.18,-26.88,True
1.03,0.02,0.95,0.3,0.2,0.5,0.5,13.74,-25.44,True
1.03,0.02,0.95,0.3,0.2,0.75,0.25,13.27,-23.75,True
1.03,0.02,0.95,0.3,0.2,1.0,0.0,12.77,-21.76,True
1.03,0.02,0.95,0.3,0.3,0.0,1.0,15.09,-28.34,True
1.03,0.02,0.95,0.3,0.3,0.25,0.75,14.74,-27.21,True
1.03,0.02,0.95,0.3,0.3,0.5,0.5,14.36,-25.93,True
1.03,0.02,0.95,0.3,0.3,0.75,0.25,13.95,-24.46,True
1.03,0.02,0.95,0.3,0.3,1.0,0.0,13.53,-22.8,True
1.03,0.02,0.95,0.4,0.0,0.0,1.0,14.28,-27.68,True
1.03,0.02,0.95,0.4,0.0,0.25,0.75,13.69,-26.22,True
1.03,0.02,0.95,0.4,0.0,0.5,0.5,13.03,-24.44,True
1.03,0.02,0.95,0.4,0.0,0.75,0.25,12.29,-22.2,True
1.03,0.02,0.95,0.4,0.0,1.0,0.0,11.47,-19.3,True
1.03,0.02,0.95,0.4,0.1,0.0,1.0,14.85,-27.87,True
1.03,0.02,0.95,0.4,0.1,0.25,0.75,14.33,-26.51,True
1.03,0.02,0.95,0.4,0.1,0.5,0.5,13.76,-24.89,True
1.03,0.02,0.95,0.4,0.1,0.75,0.25,13.14,-22.9,True
1.03,0.02,0.95,0.4,0.1,1.0,0.0,12.46,-20.44,True
1.03,0.02,0.95,0.4,0.2,0.0,1.0,15.22,-28.06,True
1.03,0.02,0.95,0.4,0.2,0.25,0.75,14.79,-26.81,True
1.03,0.02,0.95,0.4,0.2,0.5,0.5,14.3,-25.34,True
1.03,0.02,0.95,0.4,0.2,0.75,0.25,13.77,-23.6,True
1.03,0.02,0.95,0.4,0.2,1.0,0.0,13.2,-21.52,True
1.03,0.02,0.95,0.4,0.3,0.0,1.0,15.41,-28.3,True
1.03,0.02,0.95,0.4,0.3,0.25,0.75,15.03,-27.16,True
1.03,0.02,0.95,0.4,0.3,0.5,0.5,14.63,-25.87,True
1.03,0.02,0.95,0.4,0.3,0.75,0.25,14.21,-24.38,True
1.03,0.02,0.95,0.4,0.3,1.0,0.0,13.76,-22.68,True
1.03,0.02,0.97,0.1,0.0,0.0,1.0,5.29,-22.06,True
1.03,0.02,0.97,0.1,0.0,0.25,0.75,5.11,-20.77,True
1.03,0.02,0.97,0.1,0.0,0.5,0.5,4.91,-19.24,True
1.03,0.02,0.97,0.1,0.0,0.75,0.25,4.67,-17.4,True
1.03,0.02,0.97,0.1,0.0,1.0,0.0,4.4,-15.15,True
1.03,0.02,0.97,0.1,0.1,0.0,1.0,8.46,-24.46,True
1.03,0.02,0.97,0.1,0.1,0.25,0.75,8.35,-23.69,True
1.03,0.02,0.97,0.1,0.1,0.5,0.5,8.22,-22.8,True
1.03,0.02,0.97,0.1,0.1,0.75,0.25,8.08,-21.76,True
1.03,0.02,0.97,0.1,0.1,1.0,0.0,7.9,-20.52,True
1.03,0.02,0.97,0.1,0.2,0.0,1.0,10.39,-25.78,True
1.03,0.02,0.97,0.1,0.2,0.25,0.75,10.31,-25.25,True
1.03,0.02,0.97,0.1,0.2,0.5,0.5,10.22,-24.65,True
1.03,0.02,0.97,0.1,0.2,0.75,0.25,10.11,-24.0,True
1.03,0.02,0.97,0.1,0.2,1.0,0.0,10.0,-23.26,True
1.03,0.02,0.97,0.1,0.3,0.0,1.0,11.72,-26.72,True
1.03,0.02,0.97,0.1,0.3,0.25,0.75,11.65,-26.34,True
1.03,0.02,0.97,0.1,0.3,0.5,0.5,11.57,-25.94,True
1.03,0.02,0.97,0.1,0.3,0.75,0.25,11.49,-25.5,True
1.03,0.02,0.97,0.1,0.3,1.0,0.0,11.4,-25.03,True
1.03,0.02,0.97,0.2,0.0,0.0,1.0,7.08,-22.06,True
1.03,0.02,0.97,0.2,0.0,0.25,0.75,6.89,-20.82,True
1.03,0.02,0.97,0.2,0.0,0.5,0.5,6.66,-19.33,True
1.03,0.02,0.97,0.2,0.0,0.75,0.25,6.38,-17.48,True
1.03,0.02,0.97,0.2,0.0,1.0,0.0,6.05,-15.15,True
1.03,0.02,0.97,0.2,0.1,0.0,1.0,9.63,-23.64,True
1.03,0.02,0.97,0.2,0.1,0.25,0.75,9.49,-22.77,True
1.03,0.02,0.97,0.2,0.1,0.5,0.5,9.32,-21.76,True
1.03,0.02,0.97,0.2,0.1,0.75,0.25,9.13,-20.56,True
1.03,0.02,0.97,0.2,0.1,1.0,0.0,8.9,-19.13,True
1.03,0.02,0.97,0.2,0.2,0.0,1.0,11.24,-24.71,True
1.03,0.02,0.97,0.2,0.2,0.25,0.75,11.12,-24.07,True
1.03,0.02,0.97,0.2,0.2,0.5,0.5,10.98,-23.35,True
1.03,0.02,0.97,0.2,0.2,0.75,0.25,10.82,-22.53,True
1.03,0.02,0.97,0.2,0.2,1.0,0.0,10.64,-21.61,True
1.03,0.02,0.97,0.2,0.3,0.0,1.0,12.28,-25.76,True
1.03,0.02,0.97,0.2,0.3,0.25,0.75,12.19,-25.3,True
1.03,0.02,0.97,0.2,0.3,0.5,0.5,12.08,-24.8,True
1.03,0.02,0.97,0.2,0.3,0.75,0.25,11.97,-24.27,True
1.03,0.02,0.97,0.2,0.3,1.0,0.0,11.83,-23.69,True
1.03,0.02,0.97,0.3,0.0,0.0,1.0,8.23,-26.58,True
1.03,0.02,0.97,0.3,0.0,0.25,0.75,8.03,-24.02,True
1.03,0.02,0.97,0.3,0.0,0.5,0.5,7.77,-21.4,True
1.03,0.02,0.97,0.3,0.0,0.75,0.25,7.44,-18.74,True
1.03,0.02,0.97,0.3,0.0,1.0,0.0,7.05,-16.01,True
1.03,0.02,0.97,0.3,0.1,0.0,1.0,10.19,-24.98,True
1.03,0.02,0.97,0.3,0.1,0.25,0.75,10.05,-22.5,True
1.03,0.02,0.97,0.3,0.1,0.5,0.5,9.86,-21.44,True
1.03,0.02,0.97,0.3,0.1,0.75,0.25,9.64,-20.18,True
1.03,0.02,0.97,0.3,0.1,1.0,0.0,9.38,-18.66,True
1.03,0.02,0.97,0.3,0.2,0.0,1.0,11.53,-24.53,True
1.03,0.02,0.97,0.3,0.2,0.25,0.75,11.41,-23.86,True
1.03,0.02,0.97,0.3,0.2,0.5,0.5,11.27,-23.11,True
1.03,0.02,0.97,0.3,0.2,0.75,0.25,11.1,-22.25,True
1.03,0.02,0.97,0.3,0.2,1.0,0.0,10.9,-21.26,True
1.03,0.02,0.97,0.3,0.3,0.0,1.0,12.53,-25.6,True
1.03,0.02,0.97,0.3,0.3,0.25,0.75,12.43,-25.11,True
1.03,0.02,0.97,0.3,0.3,0.5,0.5,12.32,-24.59,True
1.03,0.02,0.97,0.3,0.3,0.75,0.25,12.2,-24.01,True
1.03,0.02,0.97,0.3,0.3,1.0,0.0,12.05,-23.39,True
1.03,0.02,0.97,0.4,0.0,0.0,1.0,8.66,-31.24,True
1.03,0.02,0.97,0.4,0.0,0.25,0.75,8.46,-28.41,True
1.03,0.02,0.97,0.4,0.0,0.5,0.5,8.2,-25.5,True
1.03,0.02,0.97,0.4,0.0,0.75,0.25,7.88,-22.53,True
1.03,0.02,0.97,0.4,0.0,1.0,0.0,7.47,-19.48,True
1.03,0.02,0.97,0.4,0.1,0.0,1.0,10.47,-27.6,True
1.03,0.02,0.97,0.4,0.1,0.25,0.75,10.32,-24.91,True
1.03,0.02,0.97,0.4,0.1,0.5,0.5,10.14,-22.16,True
1.03,0.02,0.97,0.4,0.1,0.75,0.25,9.91,-20.09,True
1.03,0.02,0.97,0.4,0.1,1.0,0.0,9.63,-18.52,True
1.03,0.02,0.97,0.4,0.2,0.0,1.0,11.79,-24.46,True
1.03,0.02,0.97,0.4,0.2,0.25,0.75,11.67,-23.78,True
1.03,0.02,0.97,0.4,0.2,0.5,0.5,11.53,-23.0,True
1.03,0.02,0.97,0.4,0.2,0.75,0.25,11.35,-22.11,True
1.03,0.02,0.97,0.4,0.2,1.0,0.0,11.14,-21.09,True
1.03,0.02,0.97,0.4,0.3,0.0,1.0,12.86,-25.41,True
1.03,0.02,0.97,0.4,0.3,0.25,0.75,12.75,-24.9,True
1.03,0.02,0.97,0.4,0.3,0.5,0.5,12.62,-24.35,True
1.03,0.02,0.97,0.4,0.3,0.75,0.25,12.47,-23.75,True
1.03,0.02,0.97,0.4,0.3,1.0,0.0,12.29,-23.09,True
1.03,0.02,0.99,0.1,0.0,0.0,1.0,3.96,-25.29,True
1.03,0.02,0.99,0.1,0.0,0.25,0.75,3.77,-23.41,True
1.03,0.02,0.99,0.1,0.0,0.5,0.5,3.57,-21.4,True
1.03,0.02,0.99,0.1,0.0,0.75,0.25,3.37,-19.24,True
1.03,0.02,0.99,0.1,0.0,1.0,0.0,3.15,-16.93,True
1.03,0.02,0.99,0.1,0.1,0.0,1.0,7.71,-22.63,True
1.03,0.02,0.99,0.1,0.1,0.25,0.75,7.62,-20.73,True
1.03,0.02,0.99,0.1,0.1,0.5,0.5,7.52,-18.71,True
1.03,0.02,0.99,0.1,0.1,0.75,0.25,7.43,-16.55,True
1.03,0.02,0.99,0.1,0.1,1.0,0.0,7.34,-15.41,True
1.03,0.02,0.99,0.1,0.2,0.0,1.0,9.72,-19.18,True
1.03,0.02,0.99,0.1,0.2,0.25,0.75,9.66,-19.63,True
1.03,0.02,0.99,0.1,0.2,0.5,0.5,9.6,-20.1,True
1.03,0.02,0.99,0.1,0.2,0.75,0.25,9.54,-20.61,True
1.03,0.02,0.99,0.1,0.2,1.0,0.0,9.48,-21.14,True
1.03,0.02,0.99,0.1,0.3,0.0,1.0,11.11,-22.88,True
1.03,0.02,0.99,0.1,0.3,0.25,0.75,11.07,-23.31,True
1.03,0.02,0.99,0.1,0.3,0.5,0.5,11.04,-23.76,True
1.03,0.02,0.99,0.1,0.3,0.75,0.25,11.0,-24.23,True
1.03,0.02,0.99,0.1,0.3,1.0,0.0,10.96,-24.72,True
1.03,0.02,0.99,0.2,0.0,0.0,1.0,5.37,-29.72,True
1.03,0.02,0.99,0.2,0.0,0.25,0.75,5.18,-27.69,True
1.03,0.02,0.99,0.2,0.0,0.5,0.5,4.97,-25.49,True
1.03,0.02,0.99,0.2,0.0,0.75,0.25,4.74,-23.09,True
1.03,0.02,0.99,0.2,0.0,1.0,0.0,4.48,-20.47,True
1.03,0.02,0.99,0.2,0.1,0.0,1.0,8.07,-26.58,True
1.03,0.02,0.99,0.2,0.1,0.25,0.75,8.0,-24.55,True
1.03,0.02,0.99,0.2,0.1,0.5,0.5,7.91,-22.36,True
1.03,0.02,0.99,0.2,0.1,0.75,0.25,7.82,-19.99,True
1.03,0.02,0.99,0.2,0.1,1.0,0.0,7.71,-17.4,True
1.03,0.02,0.99,0.2,0.2,0.0,1.0,9.95,-23.24,True
1.03,0.02,0.99,0.2,0.2,0.25,0.75,9.91,-21.25,True
1.03,0.02,0.99,0.2,0.2,0.5,0.5,9.85,-20.33,True
1.03,0.02,0.99,0.2,0.2,0.75,0.25,9.79,-20.7,True
1.03,0.02,0.99,0.2,0.2,1.0,0.0,9.72,-21.13,True
1.03,0.02,0.99,0.2,0.3,0.0,1.0,11.3,-23.84,True
1.03,0.02,0.99,0.2,0.3,0.25,0.75,11.27,-24.09,True
1.03,0.02,0.99,0.2,0.3,0.5,0.5,11.23,-24.31,True
1.03,0.02,0.99,0.2,0.3,0.75,0.25,11.19,-24.57,True
1.03,0.02,0.99,0.2,0.3,1.0,0.0,11.15,-24.86,True
1.03,0.02,0.99,0.3,0.0,0.0,1.0,5.07,-33.14,True
1.03,0.02,0.99,0.3,0.0,0.25,0.75,4.97,-30.91,True
1.03,0.02,0.99,0.3,0.0,0.5,0.5,4.83,-28.5,True
1.03,0.02,0.99,0.3,0.0,0.75,0.25,4.66,-25.89,True
1.03,0.02,0.99,0.3,0.0,1.0,0.0,4.45,-23.04,True
1.03,0.02,0.99,0.3,0.1,0.0,1.0,8.1,-30.34,True
1.03,0.02,0.99,0.3,0.1,0.25,0.75,8.06,-27.82,True
1.03,0.02,0.99,0.3,0.1,0.5,0.5,7.99,-25.32,True
1.03,0.02,0.99,0.3,0.1,0.75,0.25,7.91,-22.75,True
1.03,0.02,0.99,0.3,0.1,1.0,0.0,7.82,-19.98,True
1.03,0.02,0.99,0.3,0.2,0.0,1.0,10.05,-26.18,True
1.03,0.02,0.99,0.3,0.2,0.25,0.75,10.04,-23.89,True
1.03,0.02,0.99,0.3,0.2,0.5,0.5,10.01,-21.56,True
1.03,0.02,0.99,0.3,0.2,0.75,0.25,9.95,-21.51,True
1.03,0.02,0.99,0.3,0.2,1.0,0.0,9.89,-21.68,True
1.03,0.02,0.99,0.3,0.3,0.0,1.0,11.45,-24.61,True
1.03,0.02,0.99,0.3,0.3,0.25,0.75,11.44,-24.6,True
1.03,0.02,0.99,0.3,0.3,0.5,0.5,11.41,-24.65,True
1.03,0.02,0.99,0.3,0.3,0.75,0.25,11.37,-24.79,True
1.03,0.02,0.99,0.3,0.3,1.0,0.0,11.3,-24.99,True
1.03,0.02,0.99,0.4,0.0,0.0,1.0,4.96,-37.27,True
1.03,0.02,0.99,0.4,0.0,0.25,0.75,4.91,-34.54,True
1.03,0.02,0.99,0.4,0.0,0.5,0.5,4.82,-31.74,True
1.03,0.02,0.99,0.4,0.0,0.75,0.25,4.68,-28.86,True
1.03,0.02,0.99,0.4,0.0,1.0,0.0,4.5,-25.91,True
1.03,0.02,0.99,0.4,0.1,0.0,1.0,8.25,-33.25,True
1.03,0.02,0.99,0.4,0.1,0.25,0.75,8.23,-30.6,True
1.03,0.02,0.99,0.4,0.1,0.5,0.5,8.19,-27.89,True
1.03,0.02,0.99,0.4,0.1,0.75,0.25,8.12,-25.11,True
1.03,0.02,0.99,0.4,0.1,1.0,0.0,8.03,-22.28,True
1.03,0.02,0.99,0.4,0.2,0.0,1.0,10.26,-28.88,True
1.03,0.02,0.99,0.4,0.2,0.25,0.75,10.23,-26.33,True
1.03,0.02,0.99,0.4,0.2,0.5,0.5,10.19,-23.72,True
1.03,0.02,0.99,0.4,0.2,0.75,0.25,10.13,-21.82,True
1.03,0.02,0.99,0.4,0.2,1.0,0.0,10.06,-21.93,True
1.03,0.02,0.99,0.4,0.3,0.0,1.0,11.58,-24.81,True
1.03,0.02,0.99,0.4,0.3,0.25,0.75,11.55,-24.73,True
1.03,0.02,0.99,0.4,0.3,0.5,0.5,11.51,-24.72,True
1.03,0.02,0.99,0.4,0.3,0.75,0.25,11.45,-24.79,True
1.03,0.02,0.99,0.4,0.3,1.0,0.0,11.38,-24.87,True
1.03,0.02,1.0,0.1,0.0,0.0,1.0,1.25,-25.29,True
1.03,0.02,1.0,0.1,0.0,0.25,0.75,1.26,-23.41,True
1.03,0.02,1.0,0.1,0.0,0.5,0.5,1.27,-21.4,True
1.03,0.02,1.0,0.1,0.0,0.75,0.25,1.27,-19.24,True
1.03,0.02,1.0,0.1,0.0,1.0,0.0,1.27,-16.93,True
1.03,0.02,1.0,0.1,0.1,0.0,1.0,6.41,-22.45,True
1.03,0.02,1.0,0.1,0.1,0.25,0.75,6.43,-20.57,True
1.03,0.02,1.0,0.1,0.1,0.5,0.5,6.45,-18.81,True
1.03,0.02,1.0,0.1,0.1,0.75,0.25,6.47,-18.85,True
1.03,0.02,1.0,0.1,0.1,1.0,0.0,6.49,-18.91,True
1.03,0.02,1.0,0.1,0.2,0.0,1.0,8.92,-24.24,True
1.03,0.02,1.0,0.1,0.2,0.25,0.75,8.93,-24.27,True
1.03,0.02,1.0,0.1,0.2,0.5,0.5,8.95,-24.3,True
1.03,0.02,1.0,0.1,0.2,0.75,0.25,8.96,-24.35,True
1.03,0.02,1.0,0.1,0.2,1.0,0.0,8.97,-24.41,True
1.03,0.02,1.0,0.1,0.3,0.0,1.0,10.57,-27.16,True
1.03,0.02,1.0,0.1,0.3,0.25,0.75,10.58,-27.17,True
1.03,0.02,1.0,0.1,0.3,0.5,0.5,10.59,-27.17,True
1.03,0.02,1.0,0.1,0.3,0.75,0.25,10.6,-27.19,True
1.03,0.02,1.0,0.1,0.3,1.0,0.0,10.61,-27.22,True
1.03,0.02,1.0,0.2,0.0,0.0,1.0,1.7,-29.72,True
1.03,0.02,1.0,0.2,0.0,0.25,0.75,1.75,-27.69,True
1.03,0.02,1.0,0.2,0.0,0.5,0.5,1.8,-25.49,True
1.03,0.02,1.0,0.2,0.0,0.75,0.25,1.84,-23.09,True
1.03,0.02,1.0,0.2,0.0,1.0,0.0,1.86,-20.47,True
1.03,0.02,1.0,0.2,0.1,0.0,1.0,6.56,-26.43,True
1.03,0.02,1.0,0.2,0.1,0.25,0.75,6.6,-24.4,True
1.03,0.02,1.0,0.2,0.1,0.5,0.5,6.63,-22.21,True
1.03,0.02,1.0,0.2,0.1,0.75,0.25,6.66,-19.84,True
1.03,0.02,1.0,0.2,0.1,1.0,0.0,6.68,-18.31,True
1.03,0.02,1.0,0.2,0.2,0.0,1.0,9.0,-24.43,True
1.03,0.02,1.0,0.2,0.2,0.25,0.75,9.03,-24.29,True
1.03,0.02,1.0,0.2,0.2,0.5,0.5,9.06,-24.17,True
1.03,0.02,1.0,0.2,0.2,0.75,0.25,9.08,-24.07,True
1.03,0.02,1.0,0.2,0.2,1.0,0.0,9.1,-24.02,True
1.03,0.02,1.0,0.2,0.3,0.0,1.0,10.58,-27.74,True
1.03,0.02,1.0,0.2,0.3,0.25,0.75,10.6,-27.59,True
1.03,0.02,1.0,0.2,0.3,0.5,0.5,10.62,-27.47,True
1.03,0.02,1.0,0.2,0.3,0.75,0.25,10.64,-27.37,True
1.03,0.02,1.0,0.2,0.3,1.0,0.0,10.65,-27.29,True
1.03,0.02,1.0,0.3,0.0,0.0,1.0,1.07,-33.14,True
1.03,0.02,1.0,0.3,0.0,0.25,0.75,1.23,-30.91,True
1.03,0.02,1.0,0.3,0.0,0.5,0.5,1.38,-28.5,True
1.03,0.02,1.0,0.3,0.0,0.75,0.25,1.51,-25.89,True
1.03,0.02,1.0,0.3,0.0,1.0,0.0,1.63,-23.04,True
1.03,0.02,1.0,0.3,0.1,0.0,1.0,6.45,-29.66,True
1.03,0.02,1.0,0.3,0.1,0.25,0.75,6.51,-27.45,True
1.03,0.02,1.0,0.3,0.1,0.5,0.5,6.57,-25.08,True
1.03,0.02,1.0,0.3,0.1,0.75,0.25,6.62,-22.52,True
1.03,0.02,1.0,0.3,0.1,1.0,0.0,6.66,-19.74,True
1.03,0.02,1.0,0.3,0.2,0.0,1.0,8.92,-25.66,True
1.03,0.02,1.0,0.3,0.2,0.25,0.75,8.97,-25.4,True
1.03,0.02,1.0,0.3,0.2,0.5,0.5,9.01,-25.16,True
1.03,0.02,1.0,0.3,0.2,0.75,0.25,9.04,-24.94,True
1.03,0.02,1.0,0.3,0.2,1.0,0.0,9.07,-24.74,True
1.03,0.02,1.0,0.3,0.3,0.0,1.0,10.55,-28.12,True
1.03,0.02,1.0,0.3,0.3,0.25,0.75,10.58,-27.88,True
1.03,0.02,1.0,0.3,0.3,0.5,0.5,10.62,-27.68,True
1.03,0.02,1.0,0.3,0.3,0.75,0.25,10.65,-27.51,True
1.03,0.02,1.0,0.3,0.3,1.0,0.0,10.66,-27.35,True
1.03,0.02,1.0,0.4,0.0,0.0,1.0,0.58,-35.69,True
1.03,0.02,1.0,0.4,0.0,0.25,0.75,0.82,-33.29,True
1.03,0.02,1.0,0.4,0.0,0.5,0.5,1.04,-30.72,True
1.03,0.02,1.0,0.4,0.0,0.75,0.25,1.24,-27.94,True
1.03,0.02,1.0,0.4,0.0,1.0,0.0,1.41,-24.93,True
1.03,0.02,1.0,0.4,0.1,0.0,1.0,6.39,-31.59,True
1.03,0.02,1.0,0.4,0.1,0.25,0.75,6.48,-29.25,True
1.03,0.02,1.0,0.4,0.1,0.5,0.5,6.55,-26.74,True
1.03,0.02,1.0,0.4,0.1,0.75,0.25,6.63,-24.04,True
1.03,0.02,1.0,0.4,0.1,1.0,0.0,6.68,-21.14,True
1.03,0.02,1.0,0.4,0.2,0.0,1.0,8.91,-27.13,True
1.03,0.02,1.0,0.4,0.2,0.25,0.75,8.96,-25.59,True
1.03,0.02,1.0,0.4,0.2,0.5,0.5,9.01,-25.26,True
1.03,0.02,1.0,0.4,0.2,0.75,0.25,9.06,-24.96,True
1.03,0.02,1.0,0.4,0.2,1.0,0.0,9.1,-24.7,True
1.03,0.02,1.0,0.4,0.3,0.0,1.0,10.52,-27.96,True
1.03,0.02,1.0,0.4,0.3,0.25,0.75,10.56,-27.72,True
1.03,0.02,1.0,0.4,0.3,0.5,0.5,10.6,-27.52,True
1.03,0.02,1.0,0.4,0.3,0.75,0.25,10.63,-27.34,True
1.03,0.02,1.0,0.4,0.3,1.0,0.0,10.66,-27.2,True
1.03,0.02,1.01,0.1,0.0,0.0,1.0,2.67,-18.82,True
1.03,0.02,1.01,0.1,0.0,0.25,0.75,2.56,-17.31,True
1.03,0.02,1.01,0.1,0.0,0.5,0.5,2.45,-15.69,True
1.03,0.02,1.01,0.1,0.0,0.75,0.25,2.33,-13.96,True
1.03,0.02,1.01,0.1,0.0,1.0,0.0,2.21,-12.1,True
1.03,0.02,1.01,0.1,0.1,0.0,1.0,7.06,-16.64,True
1.03,0.02,1.01,0.1,0.1,0.25,0.75,7.02,-15.11,True
1.03,0.02,1.01,0.1,0.1,0.5,0.5,6.99,-15.47,True
1.03,0.02,1.01,0.1,0.1,0.75,0.25,6.95,-15.85,True
1.03,0.02,1.01,0.1,0.1,1.0,0.0,6.91,-16.24,True
1.03,0.02,1.01,0.1,0.2,0.0,1.0,9.29,-20.38,True
1.03,0.02,1.01,0.1,0.2,0.25,0.75,9.28,-20.73,True
1.03,0.02,1.01,0.1,0.2,0.5,0.5,9.26,-21.09,True
1.03,0.02,1.01,0.1,0.2,0.75,0.25,9.24,-21.46,True
1.03,0.02,1.01,0.1,0.2,1.0,0.0,9.22,-21.85,True
1.03,0.02,1.01,0.1,0.3,0.0,1.0,10.86,-23.33,True
1.03,0.02,1.01,0.1,0.3,0.25,0.75,10.84,-23.67,True
1.03,0.02,1.01,0.1,0.3,0.5,0.5,10.83,-24.02,True
1.03,0.02,1.01,0.1,0.3,0.75,0.25,10.81,-24.39,True
1.03,0.02,1.01,0.1,0.3,1.0,0.0,10.79,-24.79,True
1.03,0.02,1.01,0.2,0.0,0.0,1.0,3.99,-21.33,True
1.03,0.02,1.01,0.2,0.0,0.25,0.75,3.85,-19.75,True
1.03,0.02,1.01,0.2,0.0,0.5,0.5,3.7,-18.04,True
1.03,0.02,1.01,0.2,0.0,0.75,0.25,3.54,-16.16,True
1.03,0.02,1.01,0.2,0.0,1.0,0.0,3.37,-14.11,True
1.03,0.02,1.01,0.2,0.1,0.0,1.0,7.54,-18.69,True
1.03,0.02,1.01,0.2,0.1,0.25,0.75,7.49,-17.09,True
1.03,0.02,1.01,0.2,0.1,0.5,0.5,7.44,-15.35,True
1.03,0.02,1.01,0.2,0.1,0.75,0.25,7.38,-13.47,True
1.03,0.02,1.01,0.2,0.1,1.0,0.0,7.31,-13.61,True
1.03,0.02,1.01,0.2,0.2,0.0,1.0,9.57,-17.64,True
1.03,0.02,1.01,0.2,0.2,0.25,0.75,9.55,-18.1,True
1.03,0.02,1.01,0.2,0.2,0.5,0.5,9.52,-18.59,True
1.03,0.02,1.01,0.2,0.2,0.75,0.25,9.5,-19.1,True
1.03,0.02,1.01,0.2,0.2,1.0,0.0,9.46,-19.65,True
1.03,0.02,1.01,0.2,0.3,0.0,1.0,11.0,-21.64,True
1.03,0.02,1.01,0.2,0.3,0.25,0.75,10.98,-22.07,True
1.03,0.02,1.01,0.2,0.3,0.5,0.5,10.96,-22.51,True
1.03,0.02,1.01,0.2,0.3,0.75,0.25,10.94,-22.97,True
1.03,0.02,1.01,0.2,0.3,1.0,0.0,10.92,-23.45,True
1.03,0.02,1.01,0.3,0.0,0.0,1.0,3.96,-22.8,True
1.03,0.02,1.01,0.3,0.0,0.25,0.75,3.88,-21.11,True
1.03,0.02,1.01,0.3,0.0,0.5,0.5,3.78,-19.29,True
1.03,0.02,1.01,0.3,0.0,0.75,0.25,3.66,-17.3,True
1.03,0.02,1.01,0.3,0.0,1.0,0.0,3.52,-15.12,True
1.03,0.02,1.01,0.3,0.1,0.0,1.0,7.47,-20.04,True
1.03,0.02,1.01,0.3,0.1,0.25,0.75,7.46,-18.33,True
1.03,0.02,1.01,0.3,0.1,0.5,0.5,7.43,-16.5,True
1.03,0.02,1.01,0.3,0.1,0.75,0.25,7.4,-14.52,True
1.03,0.02,1.01,0.3,0.1,1.0,0.0,7.35,-13.14,True
1.03,0.02,1.01,0.3,0.2,0.0,1.0,9.57,-17.34,True
1.03,0.02,1.01,0.3,0.2,0.25,0.75,9.56,-17.79,True
1.03,0.02,1.01,0.3,0.2,0.5,0.5,9.56,-18.28,True
1.03,0.02,1.01,0.3,0.2,0.75,0.25,9.53,-18.78,True
1.03,0.02,1.01,0.3,0.2,1.0,0.0,9.5,-19.31,True
1.03,0.02,1.01,0.3,0.3,0.0,1.0,10.99,-20.98,True
1.03,0.02,1.01,0.3,0.3,0.25,0.75,10.99,-21.4,True
1.03,0.02,1.01,0.3,0.3,0.5,0.5,10.99,-21.85,True
1.03,0.02,1.01,0.3,0.3,0.75,0.25,10.98,-22.33,True
1.03,0.02,1.01,0.3,0.3,1.0,0.0,10.96,-22.82,True
1.03,0.02,1.01,0.4,0.0,0.0,1.0,3.74,-24.3,True
1.03,0.02,1.01,0.4,0.0,0.25,0.75,3.7,-22.49,True
1.03,0.02,1.01,0.4,0.0,0.5,0.5,3.65,-20.55,True
1.03,0.02,1.01,0.4,0.0,0.75,0.25,3.57,-18.45,True
1.03,0.02,1.01,0.4,0.0,1.0,0.0,3.47,-16.16,True
1.03,0.02,1.01,0.4,0.1,0.0,1.0,7.52,-21.59,True
1.03,0.02,1.01,0.4,0.1,0.25,0.75,7.52,-19.76,True
1.03,0.02,1.01,0.4,0.1,0.5,0.5,7.5,-17.8,True
1.03,0.02,1.01,0.4,0.1,0.75,0.25,7.48,-15.69,True
1.03,0.02,1.01,0.4,0.1,1.0,0.0,7.45,-13.41,True
1.03,0.02,1.01,0.4,0.2,0.0,1.0,9.58,-18.73,True
1.03,0.02,1.01,0.4,0.2,0.25,0.75,9.59,-17.02,True
1.03,0.02,1.01,0.4,0.2,0.5,0.5,9.59,-17.52,True
1.03,0.02,1.01,0.4,0.2,0.75,0.25,9.58,-18.06,True
1.03,0.02,1.01,0.4,0.2,1.0,0.0,9.56,-18.63,True
1.03,0.02,1.01,0.4,0.3,0.0,1.0,11.02,-20.03,True
1.03,0.02,1.01,0.4,0.3,0.25,0.75,11.03,-20.5,True
1.03,0.02,1.01,0.4,0.3,0.5,0.5,11.03,-21.0,True
1.03,0.02,1.01,0.4,0.3,0.75,0.25,11.02,-21.59,True
1.03,0.02,1.01,0.4,0.3,1.0,0.0,11.01,-22.22,True
1.03,0.02,1.02,0.1,0.0,0.0,1.0,2.16,-15.48,True
1.03,0.02,1.02,0.1,0.0,0.25,0.75,2.07,-14.21,True
1.03,0.02,1.02,0.1,0.0,0.5,0.5,1.98,-12.87,True
1.03,0.02,1.02,0.1,0.0,0.75,0.25,1.88,-11.45,True
1.03,0.02,1.02,0.1,0.0,1.0,0.0,1.78,-9.93,True
1.03,0.02,1.02,0.1,0.1,0.0,1.0,6.91,-15.83,True
1.03,0.02,1.02,0.1,0.1,0.25,0.75,6.88,-16.13,True
1.03,0.02,1.02,0.1,0.1,0.5,0.5,6.85,-16.45,True
1.03,0.02,1.02,0.1,0.1,0.75,0.25,6.81,-16.78,True
1.03,0.02,1.02,0.1,0.1,1.0,0.0,6.77,-17.13,True
1.03,0.02,1.02,0.1,0.2,0.0,1.0,9.18,-21.49,True
1.03,0.02,1.02,0.1,0.2,0.25,0.75,9.17,-21.8,True
1.03,0.02,1.02,0.1,0.2,0.5,0.5,9.15,-22.11,True
1.03,0.02,1.02,0.1,0.2,0.75,0.25,9.14,-22.43,True
1.03,0.02,1.02,0.1,0.2,1.0,0.0,9.12,-22.77,True
1.03,0.02,1.02,0.1,0.3,0.0,1.0,10.75,-24.61,True
1.03,0.02,1.02,0.1,0.3,0.25,0.75,10.74,-24.87,True
1.03,0.02,1.02,0.1,0.3,0.5,0.5,10.73,-25.13,True
1.03,0.02,1.02,0.1,0.3,0.75,0.25,10.72,-25.4,True
1.03,0.02,1.02,0.1,0.3,1.0,0.0,10.71,-25.69,True
1.03,0.02,1.02,0.2,0.0,0.0,1.0,3.45,-18.53,True
1.03,0.02,1.02,0.2,0.0,0.25,0.75,3.32,-17.14,True
1.03,0.02,1.02,0.2,0.0,0.5,0.5,3.19,-15.65,True
1.03,0.02,1.02,0.2,0.0,0.75,0.25,3.05,-14.03,True
1.03,0.02,1.02,0.2,0.0,1.0,0.0,2.9,-12.26,True
1.03,0.02,1.02,0.2,0.1,0.0,1.0,7.22,-15.94,True
1.03,0.02,1.02,0.2,0.1,0.25,0.75,7.19,-14.53,True
1.03,0.02,1.02,0.2,0.1,0.5,0.5,7.15,-14.0,True
1.03,0.02,1.02,0.2,0.1,0.75,0.25,7.11,-14.43,True
1.03,0.02,1.02,0.2,0.1,1.0,0.0,7.06,-14.89,True
1.03,0.02,1.02,0.2,0.2,0.0,1.0,9.44,-18.97,True
1.03,0.02,1.02,0.2,0.2,0.25,0.75,9.42,-19.36,True
1.03,0.02,1.02,0.2,0.2,0.5,0.5,9.4,-19.78,True
1.03,0.02,1.02,0.2,0.2,0.75,0.25,9.38,-20.22,True
1.03,0.02,1.02,0.2,0.2,1.0,0.0,9.35,-20.68,True
1.03,0.02,1.02,0.2,0.3,0.0,1.0,10.92,-22.8,True
1.03,0.02,1.02,0.2,0.3,0.25,0.75,10.91,-23.14,True
1.03,0.02,1.02,0.2,0.3,0.5,0.5,10.9,-23.49,True
1.03,0.02,1.02,0.2,0.3,0.75,0.25,10.88,-23.87,True
1.03,0.02,1.02,0.2,0.3,1.0,0.0,10.86,-24.26,True
1.03,0.02,1.02,0.3,0.0,0.0,1.0,3.36,-20.47,True
1.03,0.02,1.02,0.3,0.0,0.25,0.75,3.29,-18.95,True
1.03,0.02,1.02,0.3,0.0,0.5,0.5,3.21,-17.31,True
1.03,0.02,1.02,0.3,0.0,0.75,0.25,3.1,-15.54,True
1.03,0.02,1.02,0.3,0.0,1.0,0.0,2.99,-13.61,True
1.03,0.02,1.02,0.3,0.1,0.0,1.0,7.27,-17.84,True
1.03,0.02,1.02,0.3,0.1,0.25,0.75,7.25,-16.3,True
1.03,0.02,1.02,0.3,0.1,0.5,0.5,7.23,-14.65,True
1.03,0.02,1.02,0.3,0.1,0.75,0.25,7.21,-13.7,True
1.03,0.02,1.02,0.3,0.1,1.0,0.0,7.17,-14.14,True
1.03,0.02,1.02,0.3,0.2,0.0,1.0,9.52,-18.47,True
1.03,0.02,1.02,0.3,0.2,0.25,0.75,9.5,-18.85,True
1.03,0.02,1.02,0.3,0.2,0.5,0.5,9.48,-19.26,True
1.03,0.02,1.02,0.3,0.2,0.75,0.25,9.46,-19.69,True
1.03,0.02,1.02,0.3,0.2,1.0,0.0,9.43,-20.16,True
1.03,0.02,1.02,0.3,0.3,0.0,1.0,11.0,-21.79,True
1.03,0.02,1.02,0.3,0.3,0.25,0.75,10.99,-22.16,True
1.03,0.02,1.02,0.3,0.3,0.5,0.5,10.97,-22.54,True
1.03,0.02,1.02,0.3,0.3,0.75,0.25,10.96,-22.96,True
1.03,0.02,1.02,0.3,0.3,1.0,0.0,10.93,-23.39,True
1.03,0.02,1.02,0.4,0.0,0.0,1.0,3.2,-22.43,True
1.03,0.02,1.02,0.4,0.0,0.25,0.75,3.17,-20.76,True
1.03,0.02,1.02,0.4,0.0,0.5,0.5,3.13,-18.97,True
1.03,0.02,1.02,0.4,0.0,0.75,0.25,3.06,-17.05,True
1.03,0.02,1.02,0.4,0.0,1.0,0.0,2.98,-14.97,True
1.03,0.02,1.02,0.4,0.1,0.0,1.0,7.45,-19.88,True
1.03,0.02,1.02,0.4,0.1,0.25,0.75,7.43,-18.19,True
1.03,0.02,1.02,0.4,0.1,0.5,0.5,7.41,-16.39,True
1.03,0.02,1.02,0.4,0.1,0.75,0.25,7.37,-14.46,True
1.03,0.02,1.02,0.4,0.1,1.0,0.0,7.33,-13.54,True
1.03,0.02,1.02,0.4,0.2,0.0,1.0,9.63,-17.35,True
1.03,0.02,1.02,0.4,0.2,0.25,0.75,9.62,-17.77,True
1.03,0.02,1.02,0.4,0.2,0.5,0.5,9.6,-18.21,True
1.03,0.02,1.02,0.4,0.2,0.75,0.25,9.57,-18.69,True
1.03,0.02,1.02,0.4,0.2,1.0,0.0,9.54,-19.2,True
1.03,0.02,1.02,0.4,0.3,0.0,1.0,11.1,-20.76,True
1.03,0.02,1.02,0.4,0.3,0.25,0.75,11.08,-21.2,True
1.03,0.02,1.02,0.4,0.3,0.5,0.5,11.06,-21.69,True
1.03,0.02,1.02,0.4,0.3,0.75,0.25,11.04,-22.2,True
1.03,0.02,1.02,0.4,0.3,1.0,0.0,11.01,-22.74,True
1.03,0.025,0.95,0.1,0.0,0.0,1.0,4.86,-27.68,True
1.03,0.025,0.95,0.1,0.0,0.25,0.75,4.65,-26.07,True
1.03,0.025,0.95,0.1,0.0,0.5,0.5,4.42,-24.2,True
1.03,0.025,0.95,0.1,0.0,0.75,0.25,4.17,-21.97,True
1.03,0.025,0.95,0.1,0.0,1.0,0.0,3.9,-19.3,True
1.03,0.025,0.95,0.1,0.1,0.0,1.0,8.0,-28.99,True
1.03,0.025,0.95,0.1,0.1,0.25,0.75,7.87,-27.89,True
1.03,0.025,0.95,0.1,0.1,0.5,0.5,7.73,-26.65,True
1.03,0.025,0.95,0.1,0.1,0.75,0.25,7.59,-25.26,True
1.03,0.025,0.95,0.1,0.1,1.0,0.0,7.45,-23.67,True
1.03,0.025,0.95,0.1,0.2,0.0,1.0,10.1,-29.68,True
1.03,0.025,0.95,0.1,0.2,0.25,0.75,10.0,-28.83,True
1.03,0.025,0.95,0.1,0.2,0.5,0.5,9.89,-27.91,True
1.03,0.025,0.95,0.1,0.2,0.75,0.25,9.78,-26.89,True
1.03,0.025,0.95,0.1,0.2,1.0,0.0,9.66,-25.78,True
1.03,0.025,0.95,0.1,0.3,0.0,1.0,11.69,-30.07,True
1.03,0.025,0.95,0.1,0.3,0.25,0.75,11.6,-29.38,True
1.03,0.025,0.95,0.1,0.3,0.5,0.5,11.49,-28.63,True
1.03,0.025,0.95,0.1,0.3,0.75,0.25,11.38,-27.83,True
1.03,0.025,0.95,0.1,0.3,1.0,0.0,11.26,-26.96,True
1.03,0.025,0.95,0.2,0.0,0.0,1.0,7.45,-27.68,True
1.03,0.025,0.95,0.2,0.0,0.25,0.75,7.15,-26.11,True
1.03,0.025,0.95,0.2,0.0,0.5,0.5,6.83,-24.25,True
1.03,0.025,0.95,0.2,0.0,0.75,0.25,6.48,-22.03,True
1.03,0.025,0.95,0.2,0.0,1.0,0.0,6.1,-19.3,True
1.03,0.025,0.95,0.2,0.1,0.0,1.0,10.47,-28.43,True
1.03,0.025,0.95,0.2,0.1,0.25,0.75,10.21,-27.22,True
1.03,0.025,0.95,0.2,0.1,0.5,0.5,9.94,-25.82,True
1.03,0.025,0.95,0.2,0.1,0.75,0.25,9.65,-24.21,True
1.03,0.025,0.95,0.2,0.1,1.0,0.0,9.35,-22.32,True
1.03,0.025,0.95,0.2,0.2,0.0,1.0,12.16,-28.85,True
1.03,0.025,0.95,0.2,0.2,0.25,0.75,11.93,-27.82,True
1.03,0.025,0.95,0.2,0.2,0.5,0.5,11.69,-26.67,True
1.03,0.025,0.95,0.2,0.2,0.75,0.25,11.43,-25.37,True
1.03,0.025,0.95,0.2,0.2,1.0,0.0,11.16,-23.89,True
1.03,0.025,0.95,0.2,0.3,0.0,1.0,13.24,-29.21,True
1.03,0.025,0.95,0.2,0.3,0.25,0.75,13.01,-28.33,True
1.03,0.025,0.95,0.2,0.3,0.5,0.5,12.77,-27.38,True
1.03,0.025,0.95,0.2,0.3,0.75,0.25,12.52,-26.34,True
1.03,0.025,0.95,0.2,0.3,1.0,0.0,12.28,-25.2,True
1.03,0.025,0.95,0.3,0.0,0.0,1.0,10.29,-27.68,True
1.03,0.025,0.95,0.3,0.0,0.25,0.75,9.85,-26.16,True
1.03,0.025,0.95,0.3,0.0,0.5,0.5,9.38,-24.34,True
1.03,0.025,0.95,0.3,0.0,0.75,0.25,8.86,-22.1,True
1.03,0.025,0.95,0.3,0.0,1.0,0.0,8.28,-19.3,True
1.03,0.025,0.95,0.3,0.1,0.0,1.0,12.07,-28.18,True
1.03,0.025,0.95,0.3,0.1,0.25,0.75,11.68,-26.91,True
1.03,0.025,0.95,0.3,0.1,0.5,0.5,11.28,-25.43,True
1.03,0.025,0.95,0.3,0.1,0.75,0.25,10.85,-23.67,True
1.03,0.025,0.95,0.3,0.1,1.0,0.0,10.4,-21.57,True
1.03,0.025,0.95,0.3,0.2,0.0,1.0,13.25,-28.54,True
1.03,0.025,0.95,0.3,0.2,0.25,0.75,12.9,-27.44,True
1.03,0.025,0.95,0.3,0.2,0.5,0.5,12.54,-26.18,True
1.03,0.025,0.95,0.3,0.2,0.75,0.25,12.17,-24.74,True
1.03,0.025,0.95,0.3,0.2,1.0,0.0,11.78,-23.07,True
1.03,0.025,0.95,0.3,0.3,0.0,1.0,14.0,-28.87,True
1.03,0.025,0.95,0.3,0.3,0.25,0.75,13.68,-27.91,True
1.03,0.025,0.95,0.3,0.3,0.5,0.5,13.36,-26.85,True
1.03,0.025,0.95,0.3,0.3,0.75,0.25,13.03,-25.67,True
1.03,0.025,0.95,0.3,0.3,1.0,0.0,12.71,-24.37,True
1.03,0.025,0.95,0.4,0.0,0.0,1.0,11.85,-27.68,True
1.03,0.025,0.95,0.4,0.0,0.25,0.75,11.32,-26.19,True
1.03,0.025,0.95,0.4,0.0,0.5,0.5,10.76,-24.39,True
1.03,0.025,0.95,0.4,0.0,0.75,0.25,10.14,-22.15,True
1.03,0.025,0.95,0.4,0.0,1.0,0.0,9.48,-19.3,True
1.03,0.025,0.95,0.4,0.1,0.0,1.0,13.18,-28.05,True
1.03,0.025,0.95,0.4,0.1,0.25,0.75,12.71,-26.76,True
1.03,0.025,0.95,0.4,0.1,0.5,0.5,12.22,-25.23,True
1.03,0.025,0.95,0.4,0.1,0.75,0.25,11.7,-23.39,True
1.03,0.025,0.95,0.4,0.1,1.0,0.0,11.15,-21.15,True
1.03,0.025,0.95,0.4,0.2,0.0,1.0,13.85,-28.39,True
1.03,0.025,0.95,0.4,0.2,0.25,0.75,13.46,-27.25,True
1.03,0.025,0.95,0.4,0.2,0.5,0.5,13.05,-25.94,True
1.03,0.025,0.95,0.4,0.2,0.75,0.25,12.62,-24.41,True
1.03,0.025,0.95,0.4,0.2,1.0,0.0,12.17,-22.62,True
1.03,0.025,0.95,0.4,0.3,0.0,1.0,14.41,-28.7,True
1.03,0.025,0.95,0.4,0.3,0.25,0.75,14.07,-27.7,True
1.03,0.025,0.95,0.4,0.3,0.5,0.5,13.72,-26.58,True
1.03,0.025,0.95,0.4,0.3,0.75,0.25,13.36,-25.31,True
1.03,0.025,0.95,0.4,0.3,1.0,0.0,12.98,-23.88,True
1.03,0.025,0.97,0.1,0.0,0.0,1.0,4.7,-22.06,True
1.03,0.025,0.97,0.1,0.0,0.25,0.75,4.46,-20.74,True
1.03,0.025,0.97,0.1,0.0,0.5,0.5,4.21,-19.19,True
1.03,0.025,0.97,0.1,0.0,0.75,0.25,3.94,-17.36,True
1.03,0.025,0.97,0.1,0.0,1.0,0.0,3.65,-15.15,True
1.03,0.025,0.97,0.1,0.1,0.0,1.0,7.96,-25.12,True
1.03,0.025,0.97,0.1,0.1,0.25,0.75,7.81,-24.37,True
1.03,0.025,0.97,0.1,0.1,0.5,0.5,7.65,-23.52,True
1.03,0.025,0.97,0.1,0.1,0.75,0.25,7.49,-22.57,True
1.03,0.025,0.97,0.1,0.1,1.0,0.0,7.32,-21.47,True
1.03,0.025,0.97,0.1,0.2,0.0,1.0,10.08,-26.56,True
1.03,0.025,0.97,0.1,0.2,0.25,0.75,9.95,-26.06,True
1.03,0.025,0.97,0.1,0.2,0.5,0.5,9.81,-25.52,True
1.03,0.025,0.97,0.1,0.2,0.75,0.25,9.66,-24.92,True
1.03,0.025,0.97,0.1,0.2,1.0,0.0,9.52,-24.26,True
1.03,0.025,0.97,0.1,0.3,0.0,1.0,11.68,-27.32,True
1.03,0.025,0.97,0.1,0.3,0.25,0.75,11.55,-26.97,True
1.03,0.025,0.97,0.1,0.3,0.5,0.5,11.42,-26.58,True
1.03,0.025,0.97,0.1,0.3,0.75,0.25,11.29,-26.17,True
1.03,0.025,0.97,0.1,0.3,1.0,0.0,11.15,-25.73,True
1.03,0.025,0.97,0.2,0.0,0.0,1.0,6.77,-22.06,True
1.03,0.025,0.97,0.2,0.0,0.25,0.75,6.47,-20.77,True
1.03,0.025,0.97,0.2,0.0,0.5,0.5,6.14,-19.24,True
1.03,0.025,0.97,0.2,0.0,0.75,0.25,5.79,-17.4,True
1.03,0.025,0.97,0.2,0.0,1.0,0.0,5.4,-15.15,True
1.03,0.025,0.97,0.2,0.1,0.0,1.0,9.9,-23.92,True
1.03,0.025,0.97,0.2,0.1,0.25,0.75,9.65,-23.08,True
1.03,0.025,0.97,0.2,0.1,0.5,0.5,9.39,-22.12,True
1.03,0.025,0.97,0.2,0.1,0.75,0.25,9.12,-21.02,True
1.03,0.025,0.97,0.2,0.1,1.0,0.0,8.84,-19.73,True
1.03,0.025,0.97,0.2,0.2,0.0,1.0,11.55,-25.01,True
1.03,0.025,0.97,0.2,0.2,0.25,0.75,11.34,-24.41,True
1.03,0.025,0.97,0.2,0.2,0.5,0.5,11.12,-23.76,True
1.03,0.025,0.97,0.2,0.2,0.75,0.25,10.89,-23.03,True
1.03,0.025,0.97,0.2,0.2,1.0,0.0,10.65,-22.21,True
1.03,0.025,0.97,0.2,0.3,0.0,1.0,12.6,-25.97,True
1.03,0.025,0.97,0.2,0.3,0.25,0.75,12.42,-25.56,True
1.03,0.025,0.97,0.2,0.3,0.5,0.5,12.23,-25.12,True
1.03,0.025,0.97,0.2,0.3,0.75,0.25,12.04,-24.66,True
1.03,0.025,0.97,0.2,0.3,1.0,0.0,11.83,-24.17,True
1.03,0.025,0.97,0.3,0.0,0.0,1.0,8.82,-22.06,True
1.03,0.025,0.97,0.3,0.0,0.25,0.75,8.43,-20.81,True
1.03,0.025,0.97,0.3,0.0,0.5,0.5,8.0,-19.31,True
1.03,0.025,0.97,0.3,0.0,0.75,0.25,7.53,-17.46,True
1.03,0.025,0.97,0.3,0.0,1.0,0.0,7.0,-15.15,True
1.03,0.025,0.97,0.3,0.1,0.0,1.0,10.8,-23.5,True
1.03,0.025,0.97,0.3,0.1,0.25,0.75,10.49,-22.63,True
1.03,0.025,0.97,0.3,0.1,0.5,0.5,10.17,-21.61,True
1.03,0.025,0.97,0.3,0.1,0.75,0.25,9.83,-20.41,True
1.03,0.025,0.97,0.3,0.1,1.0,0.0,9.47,-18.98,True
1.03,0.025,0.97,0.3,0.2,0.0,1.0,12.02,-24.6,True
1.03,0.025,0.97,0.3,0.2,0.25,0.75,11.77,-23.97,True
1.03,0.025,0.97,0.3,0.2,0.5,0.5,11.5,-23.25,True
1.03,0.025,0.97,0.3,0.2,0.75,0.25,11.22,-22.45,True
1.03,0.025,0.97,0.3,0.2,1.0,0.0,10.94,-21.55,True
1.03,0.025,0.97,0.3,0.3,0.0,1.0,12.88,-25.53,True
1.03,0.025,0.97,0.3,0.3,0.25,0.75,12.69,-25.07,True
1.03,0.025,0.97,0.3,0.3,0.5,0.5,12.49,-24.58,True
1.03,0.025,0.97,0.3,0.3,0.75,0.25,12.27,-24.04,True
1.03,0.025,0.97,0.3,0.3,1.0,0.0,12.05,-23.47,True
1.03,0.025,0.97,0.4,0.0,0.0,1.0,9.73,-22.06,True
1.03,0.025,0.97,0.4,0.0,0.25,0.75,9.31,-20.83,True
1.03,0.025,0.97,0.4,0.0,0.5,0.5,8.84,-19.34,True
1.03,0.025,0.97,0.4,0.0,0.75,0.25,8.33,-17.5,True
1.03,0.025,0.97,0.4,0.0,1.0,0.0,7.77,-15.15,True
1.03,0.025,0.97,0.4,0.1,0.0,1.0,11.25,-23.32,True
1.03,0.025,0.97,0.4,0.1,0.25,0.75,10.92,-22.43,True
1.03,0.025,0.97,0.4,0.1,0.5,0.5,10.57,-21.37,True
1.03,0.025,0.97,0.4,0.1,0.75,0.25,10.2,-20.12,True
1.03,0.025,0.97,0.4,0.1,1.0,0.0,9.81,-18.61,True
1.03,0.025,0.97,0.4,0.2,0.0,1.0,12.28,-24.35,True
1.03,0.025,0.97,0.4,0.2,0.25,0.75,12.04,-23.68,True
1.03,0.025,0.97,0.4,0.2,0.5,0.5,11.78,-22.91,True
1.03,0.025,0.97,0.4,0.2,0.75,0.25,11.5,-22.05,True
1.03,0.025,0.97,0.4,0.2,1.0,0.0,11.2,-21.05,True
1.03,0.025,0.97,0.4,0.3,0.0,1.0,13.18,-25.2,True
1.03,0.025,0.97,0.4,0.3,0.25,0.75,12.97,-24.7,True
1.03,0.025,0.97,0.4,0.3,0.5,0.5,12.75,-24.15,True
1.03,0.025,0.97,0.4,0.3,0.75,0.25,12.51,-23.56,True
1.03,0.025,0.97,0.4,0.3,1.0,0.0,12.26,-22.91,True
1.03,0.025,0.99,0.1,0.0,0.0,1.0,2.6,-15.6,True
1.03,0.025,0.99,0.1,0.0,0.25,0.75,2.45,-14.26,True
1.03,0.025,0.99,0.1,0.0,0.5,0.5,2.29,-12.87,True
1.03,0.025,0.99,0.1,0.0,0.75,0.25,2.13,-11.44,True
1.03,0.025,0.99,0.1,0.0,1.0,0.0,1.97,-9.96,True
1.03,0.025,0.99,0.1,0.1,0.0,1.0,7.05,-17.78,True
1.03,0.025,0.99,0.1,0.1,0.25,0.75,7.0,-17.97,True
1.03,0.025,0.99,0.1,0.1,0.5,0.5,6.94,-18.18,True
1.03,0.025,0.99,0.1,0.1,0.75,0.25,6.89,-18.4,True
1.03,0.025,0.99,0.1,0.1,1.0,0.0,6.83,-18.64,True
1.03,0.025,0.99,0.1,0.2,0.0,1.0,9.34,-22.94,True
1.03,0.025,0.99,0.1,0.2,0.25,0.75,9.31,-23.17,True
1.03,0.025,0.99,0.1,0.2,0.5,0.5,9.27,-23.4,True
1.03,0.025,0.99,0.1,0.2,0.75,0.25,9.24,-23.66,True
1.03,0.025,0.99,0.1,0.2,1.0,0.0,9.2,-23.92,True
1.03,0.025,0.99,0.1,0.3,0.0,1.0,10.93,-25.4,True
1.03,0.025,0.99,0.1,0.3,0.25,0.75,10.9,-25.66,True
1.03,0.025,0.99,0.1,0.3,0.5,0.5,10.87,-25.94,True
1.03,0.025,0.99,0.1,0.3,0.75,0.25,10.83,-26.22,True
1.03,0.025,0.99,0.1,0.3,1.0,0.0,10.8,-26.51,True
1.03,0.025,0.99,0.2,0.0,0.0,1.0,3.86,-25.18,True
1.03,0.025,0.99,0.2,0.0,0.25,0.75,3.68,-23.28,True
1.03,0.025,0.99,0.2,0.0,0.5,0.5,3.49,-21.27,True
1.03,0.025,0.99,0.2,0.0,0.75,0.25,3.29,-19.15,True
1.03,0.025,0.99,0.2,0.0,1.0,0.0,3.08,-16.89,True
1.03,0.025,0.99,0.2,0.1,0.0,1.0,7.81,-22.47,True
1.03,0.025,0.99,0.2,0.1,0.25,0.75,7.71,-20.56,True
1.03,0.025,0.99,0.2,0.1,0.5,0.5,7.6,-18.54,True
1.03,0.025,0.99,0.2,0.1,0.75,0.25,7.5,-16.67,True
1.03,0.025,0.99,0.2,0.1,1.0,0.0,7.39,-16.94,True
1.03,0.025,0.99,0.2,0.2,0.0,1.0,9.79,-21.47,True
1.03,0.025,0.99,0.2,0.2,0.25,0.75,9.73,-21.7,True
1.03,0.025,0.99,0.2,0.2,0.5,0.5,9.66,-21.97,True
1.03,0.025,0.99,0.2,0.2,0.75,0.25,9.6,-22.27,True
1.03,0.025,0.99,0.2,0.2,1.0,0.0,9.53,-22.61,True
1.03,0.025,0.99,0.2,0.3,0.0,1.0,11.18,-24.95,True
1.03,0.025,0.99,0.2,0.3,0.25,0.75,11.13,-25.11,True
1.03,0.025,0.99,0.2,0.3,0.5,0.5,11.09,-25.29,True
1.03,0.025,0.99,0.2,0.3,0.75,0.25,11.05,-25.48,True
1.03,0.025,0.99,0.2,0.3,1.0,0.0,11.0,-25.73,True
1.03,0.025,0.99,0.3,0.0,0.0,1.0,4.99,-28.02,True
1.03,0.025,0.99,0.3,0.0,0.25,0.75,4.78,-26.03,True
1.03,0.025,0.99,0.3,0.0,0.5,0.5,4.56,-23.91,True
1.03,0.025,0.99,0.3,0.0,0.75,0.25,4.31,-21.63,True
1.03,0.025,0.99,0.3,0.0,1.0,0.0,4.03,-19.17,True
1.03,0.025,0.99,0.3,0.1,0.0,1.0,8.05,-24.67,True
1.03,0.025,0.99,0.3,0.1,0.25,0.75,7.96,-22.69,True
1.03,0.025,0.99,0.3,0.1,0.5,0.5,7.85,-20.58,True
1.03,0.025,0.99,0.3,0.1,0.75,0.25,7.74,-18.33,True
1.03,0.025,0.99,0.3,0.1,1.0,0.0,7.62,-17.22,True
1.03,0.025,0.99,0.3,0.2,0.0,1.0,9.89,-22.27,True
1.03,0.025,0.99,0.3,0.2,0.25,0.75,9.85,-22.27,True
1.03,0.025,0.99,0.3,0.2,0.5,0.5,9.8,-22.34,True
1.03,0.025,0.99,0.3,0.2,0.75,0.25,9.73,-22.44,True
1.03,0.025,0.99,0.3,0.2,1.0,0.0,9.66,-22.62,True
1.03,0.025,0.99,0.3,0.3,0.0,1.0,11.25,-25.1,True
1.03,0.025,0.99,0.3,0.3,0.25,0.75,11.22,-25.16,True
1.03,0.025,0.99,0.3,0.3,0.5,0.5,11.18,-25.27,True
1.03,0.025,0.99,0.3,0.3,0.75,0.25,11.14,-25.44,True
1.03,0.025,0.99,0.3,0.3,1.0,0.0,11.09,-25.65,True
1.03,0.025,0.99,0.4,0.0,0.0,1.0,5.07,-29.74,True
1.03,0.025,0.99,0.4,0.0,0.25,0.75,4.89,-27.67,True
1.03,0.025,0.99,0.4,0.0,0.5,0.5,4.69,-25.45,True
1.03,0.025,0.99,0.4,0.0,0.75,0.25,4.46,-23.06,True
1.03,0.025,0.99,0.4,0.0,1.0,0.0,4.21,-20.47,True
1.03,0.025,0.99,0.4,0.1,0.0,1.0,8.06,-26.54,True
1.03,0.025,0.99,0.4,0.1,0.25,0.75,7.99,-24.46,True
1.03,0.025,0.99,0.4,0.1,0.5,0.5,7.91,-22.24,True
1.03,0.025,0.99,0.4,0.1,0.75,0.25,7.83,-19.86,True
1.03,0.025,0.99,0.4,0.1,1.0,0.0,7.72,-17.73,True
1.03,0.025,0.99,0.4,0.2,0.0,1.0,10.0,-23.27,True
1.03,0.025,0.99,0.4,0.2,0.25,0.75,9.95,-22.52,True
1.03,0.025,0.99,0.4,0.2,0.5,0.5,9.89,-22.5,True
1.03,0.025,0.99,0.4,0.2,0.75,0.25,9.82,-22.55,True
1.03,0.025,0.99,0.4,0.2,1.0,0.0,9.75,-22.68,True
1.03,0.025,0.99,0.4,0.3,0.0,1.0,11.37,-25.05,True
1.03,0.025,0.99,0.4,0.3,0.25,0.75,11.33,-25.07,True
1.03,0.025,0.99,0.4,0.3,0.5,0.5,11.29,-25.16,True
1.03,0.025,0.99,0.4,0.3,0.75,0.25,11.23,-25.24,True
1.03,0.025,0.99,0.4,0.3,1.0,0.0,11.18,-25.29,True
1.03,0.025,1.0,0.1,0.0,0.0,1.0,0.67,-15.6,True
1.03,0.025,1.0,0.1,0.0,0.25,0.75,0.67,-14.26,True
1.03,0.025,1.0,0.1,0.0,0.5,0.5,0.67,-12.87,True
1.03,0.025,1.0,0.1,0.0,0.75,0.25,0.67,-11.44,True
1.03,0.025,1.0,0.1,0.0,1.0,0.0,0.67,-9.96,True
1.03,0.025,1.0,0.1,0.1,0.0,1.0,6.26,-21.7,True
1.03,0.025,1.0,0.1,0.1,0.25,0.75,6.28,-21.6,True
1.03,0.025,1.0,0.1,0.1,0.5,0.5,6.29,-21.51,True
1.03,0.025,1.0,0.1,0.1,0.75,0.25,6.31,-21.41,True
1.03,0.025,1.0,0.1,0.1,1.0,0.0,6.32,-21.32,True
1.03,0.025,1.0,0.1,0.2,0.0,1.0,8.86,-26.5,True
1.03,0.025,1.0,0.1,0.2,0.25,0.75,8.86,-26.43,True
1.03,0.025,1.0,0.1,0.2,0.5,0.5,8.87,-26.37,True
1.03,0.025,1.0,0.1,0.2,0.75,0.25,8.88,-26.31,True
1.03,0.025,1.0,0.1,0.2,1.0,0.0,8.88,-26.25,True
1.03,0.025,1.0,0.1,0.3,0.0,1.0,10.55,-28.69,True
1.03,0.025,1.0,0.1,0.3,0.25,0.75,10.56,-28.63,True
1.03,0.025,1.0,0.1,0.3,0.5,0.5,10.56,-28.58,True
1.03,0.025,1.0,0.1,0.3,0.75,0.25,10.56,-28.53,True
1.03,0.025,1.0,0.1,0.3,1.0,0.0,10.57,-28.49,True
1.03,0.025,1.0,0.2,0.0,0.0,1.0,1.29,-25.18,True
1.03,0.025,1.0,0.2,0.0,0.25,0.75,1.3,-23.28,True
1.03,0.025,1.0,0.2,0.0,0.5,0.5,1.31,-21.27,True
1.03,0.025,1.0,0.2,0.0,0.75,0.25,1.31,-19.15,True
1.03,0.025,1.0,0.2,0.0,1.0,0.0,1.31,-16.89,True
1.03,0.025,1.0,0.2,0.1,0.0,1.0,6.59,-22.51,True
1.03,0.025,1.0,0.2,0.1,0.25,0.75,6.6,-20.59,True
1.03,0.025,1.0,0.2,0.1,0.5,0.5,6.61,-20.3,True
1.03,0.025,1.0,0.2,0.1,0.75,0.25,6.62,-20.17,True
1.03,0.025,1.0,0.2,0.1,1.0,0.0,6.62,-20.05,True
1.03,0.025,1.0,0.2,0.2,0.0,1.0,9.09,-25.46,True
1.03,0.025,1.0,0.2,0.2,0.25,0.75,9.1,-25.35,True
1.03,0.025,1.0,0.2,0.2,0.5,0.5,9.1,-25.25,True
1.03,0.025,1.0,0.2,0.2,0.75,0.25,9.1,-25.16,True
1.03,0.025,1.0,0.2,0.2,1.0,0.0,9.1,-25.09,True
1.03,0.025,1.0,0.2,0.3,0.0,1.0,10.71,-27.9,True
1.03,0.025,1.0,0.2,0.3,0.25,0.75,10.71,-27.81,True
1.03,0.025,1.0,0.2,0.3,0.5,0.5,10.71,-27.73,True
1.03,0.025,1.0,0.2,0.3,0.75,0.25,10.71,-27.67,True
1.03,0.025,1.0,0.2,0.3,1.0,0.0,10.71,-27.62,True
1.03,0.025,1.0,0.3,0.0,0.0,1.0,1.88,-28.02,True
1.03,0.025,1.0,0.3,0.0,0.25,0.75,1.89,-26.03,True
1.03,0.025,1.0,0.3,0.0,0.5,0.5,1.9,-23.91,True
1.03,0.025,1.0,0.3,0.0,0.75,0.25,1.9,-21.63,True
1.03,0.025,1.0,0.3,0.0,1.0,0.0,1.89,-19.17,True
1.03,0.025,1.0,0.3,0.1,0.0,1.0,6.83,-24.74,True
1.03,0.025,1.0,0.3,0.1,0.25,0.75,6.84,-22.75,True
1.03,0.025,1.0,0.3,0.1,0.5,0.5,6.85,-20.64,True
1.03,0.025,1.0,0.3,0.1,0.75,0.25,6.85,-19.81,True
1.03,0.025,1.0,0.3,0.1,1.0,0.0,6.85,-19.6,True
1.03,0.025,1.0,0.3,0.2,0.0,1.0,9.17,-25.5,True
1.03,0.025,1.0,0.3,0.2,0.25,0.75,9.18,-25.32,True
1.03,0.025,1.0,0.3,0.2,0.5,0.5,9.2,-25.17,True
1.03,0.025,1.0,0.3,0.2,0.75,0.25,9.2,-25.01,True
1.03,0.025,1.0,0.3,0.2,1.0,0.0,9.2,-24.88,True
1.03,0.025,1.0,0.3,0.3,0.0,1.0,10.72,-27.98,True
1.03,0.025,1.0,0.3,0.3,0.25,0.75,10.74,-27.8,True
1.03,0.025,1.0,0.3,0.3,0.5,0.5,10.75,-27.65,True
1.03,0.025,1.0,0.3,0.3,0.75,0.25,10.76,-27.52,True
1.03,0.025,1.0,0.3,0.3,1.0,0.0,10.76,-27.42,True
1.03,0.025,1.0,0.4,0.0,0.0,1.0,2.09,-29.74,True
1.03,0.025,1.0,0.4,0.0,0.25,0.75,2.12,-27.67,True
1.03,0.025,1.0,0.4,0.0,0.5,0.5,2.14,-25.45,True
1.03,0.025,1.0,0.4,0.0,0.75,0.25,2.16,-23.06,True
1.03,0.025,1.0,0.4,0.0,1.0,0.0,2.16,-20.47,True
1.03,0.025,1.0,0.4,0.1,0.0,1.0,6.86,-26.62,True
1.03,0.025,1.0,0.4,0.1,0.25,0.75,6.89,-24.54,True
1.03,0.025,1.0,0.4,0.1,0.5,0.5,6.92,-22.32,True
1.03,0.025,1.0,0.4,0.1,0.75,0.25,6.93,-20.09,True
1.03,0.025,1.0,0.4,0.1,1.0,0.0,6.94,-19.8,True
1.03,0.025,1.0,0.4,0.2,0.0,1.0,9.19,-25.76,True
1.03,0.025,1.0,0.4,0.2,0.25,0.75,9.21,-25.45,True
1.03,0.025,1.0,0.4,0.2,0.5,0.5,9.23,-25.18,True
1.03,0.025,1.0,0.4,0.2,0.75,0.25,9.24,-24.93,True
1.03,0.025,1.0,0.4,0.2,1.0,0.0,9.26,-24.72,True
1.03,0.025,1.0,0.4,0.3,0.0,1.0,10.71,-27.77,True
1.03,0.025,1.0,0.4,0.3,0.25,0.75,10.73,-27.58,True
1.03,0.025,1.0,0.4,0.3,0.5,0.5,10.75,-27.42,True
1.03,0.025,1.0,0.4,0.3,0.75,0.25,10.76,-27.29,True
1.03,0.025,1.0,0.4,0.3,1.0,0.0,10.77,-27.19,True
1.03,0.025,1.01,0.1,0.0,0.0,1.0,1.45,-11.19,True
1.03,0.025,1.01,0.1,0.0,0.25,0.75,1.38,-10.16,True
1.03,0.025,1.01,0.1,0.0,0.5,0.5,1.31,-9.11,True
1.03,0.025,1.01,0.1,0.0,0.75,0.25,1.24,-8.02,True
1.03,0.025,1.01,0.1,0.0,1.0,0.0,1.17,-6.89,True
1.03,0.025,1.01,0.1,0.1,0.0,1.0,6.63,-18.66,True
1.03,0.025,1.01,0.1,0.1,0.25,0.75,6.61,-18.82,True
1.03,0.025,1.01,0.1,0.1,0.5,0.5,6.59,-18.98,True
1.03,0.025,1.01,0.1,0.1,0.75,0.25,6.57,-19.15,True
1.03,0.025,1.01,0.1,0.1,1.0,0.0,6.55,-19.32,True
1.03,0.025,1.01,0.1,0.2,0.0,1.0,9.09,-23.79,True
1.03,0.025,1.01,0.1,0.2,0.25,0.75,9.08,-23.95,True
1.03,0.025,1.01,0.1,0.2,0.5,0.5,9.06,-24.12,True
1.03,0.025,1.01,0.1,0.2,0.75,0.25,9.05,-24.29,True
1.03,0.025,1.01,0.1,0.2,1.0,0.0,9.04,-24.47,True
1.03,0.025,1.01,0.1,0.3,0.0,1.0,10.72,-26.23,True
1.03,0.025,1.01,0.1,0.3,0.25,0.75,10.71,-26.39,True
1.03,0.025,1.01,0.1,0.3,0.5,0.5,10.7,-26.56,True
1.03,0.025,1.01,0.1,0.3,0.75,0.25,10.69,-26.74,True
1.03,0.025,1.01,0.1,0.3,1.0,0.0,10.68,-26.92,True
1.03,0.025,1.01,0.2,0.0,0.0,1.0,2.68,-18.75,True
1.03,0.025,1.01,0.2,0.0,0.25,0.75,2.57,-17.24,True
1.03,0.025,1.01,0.2,0.0,0.5,0.5,2.45,-15.64,True
1.03,0.025,1.01,0.2,0.0,0.75,0.25,2.34,-13.95,True
1.03,0.025,1.01,0.2,0.0,1.0,0.0,2.21,-12.16,True
1.03,0.025,1.01,0.2,0.1,0.0,1.0,7.23,-16.67,True
1.03,0.025,1.01,0.2,0.1,0.25,0.75,7.18,-15.41,True
1.03,0.025,1.01,0.2,0.1,0.5,0.5,7.13,-15.74,True
1.03,0.025,1.01,0.2,0.1,0.75,0.25,7.08,-16.08,True
1.03,0.025,1.01,0.2,0.1,1.0,0.0,7.02,-16.43,True
1.03,0.025,1.01,0.2,0.2,0.0,1.0,9.49,-20.56,True
1.03,0.025,1.01,0.2,0.2,0.25,0.75,9.45,-20.88,True
1.03,0.025,1.01,0.2,0.2,0.5,0.5,9.42,-21.22,True
1.03,0.025,1.01,0.2,0.2,0.75,0.25,9.38,-21.57,True
1.03,0.025,1.01,0.2,0.2,1.0,0.0,9.35,-21.94,True
1.03,0.025,1.01,0.2,0.3,0.0,1.0,11.0,-23.61,True
1.03,0.025,1.01,0.2,0.3,0.25,0.75,10.98,-23.89,True
1.03,0.025,1.01,0.2,0.3,0.5,0.5,10.96,-24.19,True
1.03,0.025,1.01,0.2,0.3,0.75,0.25,10.93,-24.52,True
1.03,0.025,1.01,0.2,0.3,1.0,0.0,10.89,-24.86,True
1.03,0.025,1.01,0.3,0.0,0.0,1.0,3.74,-20.68,True
1.03,0.025,1.01,0.3,0.0,0.25,0.75,3.6,-19.13,True
1.03,0.025,1.01,0.3,0.0,0.5,0.5,3.44,-17.46,True
1.03,0.025,1.01,0.3,0.0,0.75,0.25,3.28,-15.68,True
1.03,0.025,1.01,0.3,0.0,1.0,0.0,3.1,-13.75,True
1.03,0.025,1.01,0.3,0.1,0.0,1.0,7.61,-17.98,True
1.03,0.025,1.01,0.3,0.1,0.25,0.75,7.56,-16.4,True
1.03,0.025,1.01,0.3,0.1,0.5,0.5,7.49,-14.72,True
1.03,0.025,1.01,0.3,0.1,0.75,0.25,7.41,-14.34,True
1.03,0.025,1.01,0.3,0.1,1.0,0.0,7.34,-14.78,True
1.03,0.025,1.01,0.3,0.2,0.0,1.0,9.67,-19.05,True
1.03,0.025,1.01,0.3,0.2,0.25,0.75,9.64,-19.44,True
1.03,0.025,1.01,0.3,0.2,0.5,0.5,9.61,-19.85,True
1.03,0.025,1.01,0.3,0.2,0.75,0.25,9.56,-20.26,True
1.03,0.025,1.01,0.3,0.2,1.0,0.0,9.51,-20.7,True
1.03,0.025,1.01,0.3,0.3,0.0,1.0,11.08,-22.49,True
1.03,0.025,1.01,0.3,0.3,0.25,0.75,11.06,-22.85,True
1.03,0.025,1.01,0.3,0.3,0.5,0.5,11.04,-23.22,True
1.03,0.025,1.01,0.3,0.3,0.75,0.25,11.02,-23.61,True
1.03,0.025,1.01,0.3,0.3,1.0,0.0,10.98,-24.01,True
1.03,0.025,1.01,0.4,0.0,0.0,1.0,4.24,-21.41,True
1.03,0.025,1.01,0.4,0.0,0.25,0.75,4.08,-19.83,True
1.03,0.025,1.01,0.4,0.0,0.5,0.5,3.91,-18.13,True
1.03,0.025,1.01,0.4,0.0,0.75,0.25,3.74,-16.29,True
1.03,0.025,1.01,0.4,0.0,1.0,0.0,3.55,-14.29,True
1.03,0.025,1.01,0.4,0.1,0.0,1.0,7.77,-18.86,True
1.03,0.025,1.01,0.4,0.1,0.25,0.75,7.71,-17.25,True
1.03,0.025,1.01,0.4,0.1,0.5,0.5,7.65,-15.52,True
1.03,0.025,1.01,0.4,0.1,0.75,0.25,7.58,-13.65,True
1.03,0.025,1.01,0.4,0.1,1.0,0.0,7.5,-13.98,True
1.03,0.025,1.01,0.4,0.2,0.0,1.0,9.74,-18.12,True
1.03,0.025,1.01,0.4,0.2,0.25,0.75,9.71,-18.53,True
1.03,0.025,1.01,0.4,0.2,0.5,0.5,9.68,-18.97,True
1.03,0.025,1.01,0.4,0.2,0.75,0.25,9.64,-19.44,True
1.03,0.025,1.01,0.4,0.2,1.0,0.0,9.6,-19.94,True
1.03,0.025,1.01,0.4,0.3,0.0,1.0,11.12,-21.71,True
1.03,0.025,1.01,0.4,0.3,0.25,0.75,11.1,-22.13,True
1.03,0.025,1.01,0.4,0.3,0.5,0.5,11.08,-22.58,True
1.03,0.025,1.01,0.4,0.3,0.75,0.25,11.05,-23.06,True
1.03,0.025,1.01,0.4,0.3,1.0,0.0,11.02,-23.57,True
1.03,0.025,1.02,0.1,0.0,0.0,1.0,1.07,-9.23,True
1.03,0.025,1.02,0.1,0.0,0.25,0.75,1.02,-8.39,True
1.03,0.025,1.02,0.1,0.0,0.5,0.5,0.97,-7.52,True
1.03,0.025,1.02,0.1,0.0,0.75,0.25,0.92,-6.63,True
1.03,0.025,1.02,0.1,0.0,1.0,0.0,0.87,-5.71,True
1.03,0.025,1.02,0.1,0.1,0.0,1.0,6.49,-19.36,True
1.03,0.025,1.02,0.1,0.1,0.25,0.75,6.48,-19.48,True
1.03,0.025,1.02,0.1,0.1,0.5,0.5,6.47,-19.61,True
1.03,0.025,1.02,0.1,0.1,0.75,0.25,6.46,-19.74,True
1.03,0.025,1.02,0.1,0.1,1.0,0.0,6.44,-19.87,True
1.03,0.025,1.02,0.1,0.2,0.0,1.0,9.01,-24.31,True
1.03,0.025,1.02,0.1,0.2,0.25,0.75,9.0,-24.46,True
1.03,0.025,1.02,0.1,0.2,0.5,0.5,8.98,-24.61,True
1.03,0.025,1.02,0.1,0.2,0.75,0.25,8.97,-24.76,True
1.03,0.025,1.02,0.1,0.2,1.0,0.0,8.96,-24.92,True
1.03,0.025,1.02,0.1,0.3,0.0,1.0,10.62,-26.89,True
1.03,0.025,1.02,0.1,0.3,0.25,0.75,10.62,-27.02,True
1.03,0.025,1.02,0.1,0.3,0.5,0.5,10.61,-27.16,True
1.03,0.025,1.02,0.1,0.3,0.75,0.25,10.6,-27.3,True
1.03,0.025,1.02,0.1,0.3,1.0,0.0,10.6,-27.44,True
1.03,0.025,1.02,0.2,0.0,0.0,1.0,1.96,-15.85,True
1.03,0.025,1.02,0.2,0.0,0.25,0.75,1.89,-14.56,True
1.03,0.025,1.02,0.2,0.0,0.5,0.5,1.81,-13.21,True
1.03,0.025,1.02,0.2,0.0,0.75,0.25,1.72,-11.78,True
1.03,0.025,1.02,0.2,0.0,1.0,0.0,1.64,-10.27,True
1.03,0.025,1.02,0.2,0.1,0.0,1.0,6.89,-16.58,True
1.03,0.025,1.02,0.2,0.1,0.25,0.75,6.86,-16.83,True
1.03,0.025,1.02,0.2,0.1,0.5,0.5,6.82,-17.08,True
1.03,0.025,1.02,0.2,0.1,0.75,0.25,6.79,-17.35,True
1.03,0.025,1.02,0.2,0.1,1.0,0.0,6.76,-17.63,True
1.03,0.025,1.02,0.2,0.2,0.0,1.0,9.17,-22.46,True
1.03,0.025,1.02,0.2,0.2,0.25,0.75,9.15,-22.66,True
1.03,0.025,1.02,0.2,0.2,0.5,0.5,9.14,-22.87,True
1.03,0.025,1.02,0.2,0.2,0.75,0.25,9.13,-23.1,True
1.03,0.025,1.02,0.2,0.2,1.0,0.0,9.11,-23.33,True
1.03,0.025,1.02,0.2,0.3,0.0,1.0,10.73,-25.33,True
1.03,0.025,1.02,0.2,0.3,0.25,0.75,10.73,-25.51,True
1.03,0.025,1.02,0.2,0.3,0.5,0.5,10.72,-25.71,True
1.03,0.025,1.02,0.2,0.3,0.75,0.25,10.71,-25.91,True
1.03,0.025,1.02,0.2,0.3,1.0,0.0,10.7,-26.13,True
1.03,0.025,1.02,0.3,0.0,0.0,1.0,2.8,-18.29,True
1.03,0.025,1.02,0.3,0.0,0.25,0.75,2.69,-16.92,True
1.03,0.025,1.02,0.3,0.0,0.5,0.5,2.58,-15.45,True
1.03,0.025,1.02,0.3,0.0,0.75,0.25,2.46,-13.89,True
1.03,0.025,1.02,0.3,0.0,1.0,0.0,2.33,-12.21,True
1.03,0.025,1.02,0.3,0.1,0.0,1.0,7.02,-15.56,True
1.03,0.025,1.02,0.3,0.1,0.25,0.75,7.0,-15.71,True
1.03,0.025,1.02,0.3,0.1,0.5,0.5,6.97,-15.98,True
1.03,0.025,1.02,0.3,0.1,0.75,0.25,6.94,-16.26,True
1.03,0.025,1.02,0.3,0.1,1.0,0.0,6.9,-16.56,True
1.03,0.025,1.02,0.3,0.2,0.0,1.0,9.26,-21.27,True
1.03,0.025,1.02,0.3,0.2,0.25,0.75,9.25,-21.51,True
1.03,0.025,1.02,0.3,0.2,0.5,0.5,9.24,-21.77,True
1.03,0.025,1.02,0.3,0.2,0.75,0.25,9.22,-22.04,True
1.03,0.025,1.02,0.3,0.2,1.0,0.0,9.2,-22.34,True
1.03,0.025,1.02,0.3,0.3,0.0,1.0,10.81,-24.47,True
1.03,0.025,1.02,0.3,0.3,0.25,0.75,10.8,-24.69,True
1.03,0.025,1.02,0.3,0.3,0.5,0.5,10.79,-24.94,True
1.03,0.025,1.02,0.3,0.3,0.75,0.25,10.78,-25.2,True
1.03,0.025,1.02,0.3,0.3,1.0,0.0,10.77,-25.48,True
1.03,0.025,1.02,0.4,0.0,0.0,1.0,2.96,-19.48,True
1.03,0.025,1.02,0.4,0.0,0.25,0.75,2.87,-18.04,True
1.03,0.025,1.02,0.4,0.0,0.5,0.5,2.77,-16.5,True
1.03,0.025,1.02,0.4,0.0,0.75,0.25,2.66,-14.86,True
1.03,0.025,1.02,0.4,0.0,1.0,0.0,2.55,-13.08,True
1.03,0.025,1.02,0.4,0.1,0.0,1.0,7.09,-16.91,True
1.03,0.025,1.02,0.4,0.1,0.25,0.75,7.07,-15.45,True
1.03,0.025,1.02,0.4,0.1,0.5,0.5,7.05,-15.26,True
1.03,0.025,1.02,0.4,0.1,0.75,0.25,7.02,-15.55,True
1.03,0.025,1.02,0.4,0.1,1.0,0.0,6.98,-15.87,True
1.03,0.025,1.02,0.4,0.2,0.0,1.0,9.35,-20.43,True
1.03,0.025,1.02,0.4,0.2,0.25,0.75,9.34,-20.69,True
1.03,0.025,1.02,0.4,0.2,0.5,0.5,9.33,-20.98,True
1.03,0.025,1.02,0.4,0.2,0.75,0.25,9.31,-21.31,True
1.03,0.025,1.02,0.4,0.2,1.0,0.0,9.28,-21.67,True
1.03,0.025,1.02,0.4,0.3,0.0,1.0,10.84,-24.19,True
1.03,0.025,1.02,0.4,0.3,0.25,0.75,10.83,-24.42,True
1.03,0.025,1.02,0.4,0.3,0.5,0.5,10.82,-24.67,True
1.03,0.025,1.02,0.4,0.3,0.75,0.25,10.81,-24.94,True
1.03,0.025,1.02,0.4,0.3,1.0,0.0,10.79,-25.23,True
1.03,0.03,0.95,0.1,0.0,0.0,1.0,2.32,-26.38,True
1.03,0.03,0.95,0.1,0.0,0.25,0.75,2.24,-24.54,True
1.03,0.03,0.95,0.1,0.0,0.5,0.5,2.15,-22.49,True
1.03,0.03,0.95,0.1,0.0,0.75,0.25,2.05,-20.19,True
1.03,0.03,0.95,0.1,0.0,1.0,0.0,1.94,-17.58,True
1.03,0.03,0.95,0.1,0.1,0.0,1.0,6.89,-29.68,True
1.03,0.03,0.95,0.1,0.1,0.25,0.75,6.84,-28.71,True
1.03,0.03,0.95,0.1,0.1,0.5,0.5,6.79,-27.65,True
1.03,0.03,0.95,0.1,0.1,0.75,0.25,6.73,-26.45,True
1.03,0.03,0.95,0.1,0.1,1.0,0.0,6.67,-25.11,True
1.03,0.03,0.95,0.1,0.2,0.0,1.0,9.09,-30.68,True
1.03,0.03,0.95,0.1,0.2,0.25,0.75,9.06,-30.02,True
1.03,0.03,0.95,0.1,0.2,0.5,0.5,9.02,-29.31,True
1.03,0.03,0.95,0.1,0.2,0.75,0.25,8.99,-28.53,True
1.03,0.03,0.95,0.1,0.2,1.0,0.0,8.95,-27.68,True
1.03,0.03,0.95,0.1,0.3,0.0,1.0,10.74,-31.25,True
1.03,0.03,0.95,0.1,0.3,0.25,0.75,10.71,-30.76,True
1.03,0.03,0.95,0.1,0.3,0.5,0.5,10.69,-30.25,True
1.03,0.03,0.95,0.1,0.3,0.75,0.25,10.65,-29.7,True
1.03,0.03,0.95,0.1,0.3,1.0,0.0,10.62,-29.11,True
1.03,0.03,0.95,0.2,0.0,0.0,1.0,3.69,-27.68,True
1.03,0.03,0.95,0.2,0.0,0.25,0.75,3.61,-26.05,True
1.03,0.03,0.95,0.2,0.0,0.5,0.5,3.51,-24.15,True
1.03,0.03,0.95,0.2,0.0,0.75,0.25,3.4,-21.94,True
1.03,0.03,0.95,0.2,0.0,1.0,0.0,3.27,-19.3,True
1.03,0.03,0.95,0.2,0.1,0.0,1.0,7.52,-29.47,True
1.03,0.03,0.95,0.2,0.1,0.25,0.75,7.5,-28.46,True
1.03,0.03,0.95,0.2,0.1,0.5,0.5,7.46,-27.34,True
1.03,0.03,0.95,0.2,0.1,0.75,0.25,7.43,-26.1,True
1.03,0.03,0.95,0.2,0.1,1.0,0.0,7.38,-24.7,True
1.03,0.03,0.95,0.2,0.2,0.0,1.0,9.86,-30.22,True
1.03,0.03,0.95,0.2,0.2,0.25,0.75,9.82,-29.48,True
1.03,0.03,0.95,0.2,0.2,0.5,0.5,9.78,-28.68,True
1.03,0.03,0.95,0.2,0.2,0.75,0.25,9.73,-27.82,True
1.03,0.03,0.95,0.2,0.2,1.0,0.0,9.67,-26.87,True
1.03,0.03,0.95,0.2,0.3,0.0,1.0,11.31,-30.74,True
1.03,0.03,0.95,0.2,0.3,0.25,0.75,11.27,-30.18,True
1.03,0.03,0.95,0.2,0.3,0.5,0.5,11.22,-29.58,True
1.03,0.03,0.95,0.2,0.3,0.75,0.25,11.18,-28.94,True
1.03,0.03,0.95,0.2,0.3,1.0,0.0,11.13,-28.25,True
1.03,0.03,0.95,0.3,0.0,0.0,1.0,3.89,-27.68,True
1.03,0.03,0.95,0.3,0.0,0.25,0.75,3.86,-26.05,True
1.03,0.03,0.95,0.3,0.0,0.5,0.5,3.81,-24.15,True
1.03,0.03,0.95,0.3,0.0,0.75,0.25,3.75,-21.94,True
1.03,0.03,0.95,0.3,0.0,1.0,0.0,3.66,-19.3,True
1.03,0.03,0.95,0.3,0.1,0.0,1.0,8.15,-29.17,True
1.03,0.03,0.95,0.3,0.1,0.25,0.75,8.1,-28.1,True
1.03,0.03,0.95,0.3,0.1,0.5,0.5,8.03,-26.9,True
1.03,0.03,0.95,0.3,0.1,0.75,0.25,7.95,-25.55,True
1.03,0.03,0.95,0.3,0.1,1.0,0.0,7.86,-24.03,True
1.03,0.03,0.95,0.3,0.2,0.0,1.0,10.18,-29.91,True
1.03,0.03,0.95,0.3,0.2,0.25,0.75,10.12,-29.12,True
1.03,0.03,0.95,0.3,0.2,0.5,0.5,10.05,-28.25,True
1.03,0.03,0.95,0.3,0.2,0.75,0.25,9.98,-27.29,True
1.03,0.03,0.95,0.3,0.2,1.0,0.0,9.9,-26.23,True
1.03,0.03,0.95,0.3,0.3,0.0,1.0,11.57,-30.38,True
1.03,0.03,0.95,0.3,0.3,0.25,0.75,11.51,-29.77,True
1.03,0.03,0.95,0.3,0.3,0.5,0.5,11.45,-29.1,True
1.03,0.03,0.95,0.3,0.3,0.75,0.25,11.39,-28.37,True
1.03,0.03,0.95,0.3,0.3,1.0,0.0,11.32,-27.58,True
1.03,0.03,0.95,0.4,0.0,0.0,1.0,4.93,-27.68,True
1.03,0.03,0.95,0.4,0.0,0.25,0.75,4.85,-26.05,True
1.03,0.03,0.95,0.4,0.0,0.5,0.5,4.74,-24.17,True
1.03,0.03,0.95,0.4,0.0,0.75,0.25,4.61,-21.95,True
1.03,0.03,0.95,0.4,0.0,1.0,0.0,4.46,-19.3,True
1.03,0.03,0.95,0.4,0.1,0.0,1.0,8.62,-28.96,True
1.03,0.03,0.95,0.4,0.1,0.25,0.75,8.53,-27.85,True
1.03,0.03,0.95,0.4,0.1,0.5,0.5,8.42,-26.6,True
1.03,0.03,0.95,0.4,0.1,0.75,0.25,8.31,-25.18,True
1.03,0.03,0.95,0.4,0.1,1.0,0.0,8.18,-23.55,True
1.03,0.03,0.95,0.4,0.2,0.0,1.0,10.49,-29.65,True
1.03,0.03,0.95,0.4,0.2,0.25,0.75,10.4,-28.8,True
1.03,0.03,0.95,0.4,0.2,0.5,0.5,10.32,-27.87,True
1.03,0.03,0.95,0.4,0.2,0.75,0.25,10.22,-26.83,True
1.03,0.03,0.95,0.4,0.2,1.0,0.0,10.12,-25.67,True
1.03,0.03,0.95,0.4,0.3,0.0,1.0,11.74,-30.18,True
1.03,0.03,0.95,0.4,0.3,0.25,0.75,11.67,-29.52,True
1.03,0.03,0.95,0.4,0.3,0.5,0.5,11.6,-28.81,True
1.03,0.03,0.95,0.4,0.3,0.75,0.25,11.52,-28.03,True
1.03,0.03,0.95,0.4,0.3,1.0,0.0,11.44,-27.2,True
1.03,0.03,0.97,0.1,0.0,0.0,1.0,2.4,-20.76,True
1.03,0.03,0.97,0.1,0.0,0.25,0.75,2.29,-19.27,True
1.03,0.03,0.97,0.1,0.0,0.5,0.5,2.17,-17.6,True
1.03,0.03,0.97,0.1,0.0,0.75,0.25,2.05,-15.73,True
1.03,0.03,0.97,0.1,0.0,1.0,0.0,1.91,-13.61,True
1.03,0.03,0.97,0.1,0.1,0.0,1.0,6.97,-26.43,True
1.03,0.03,0.97,0.1,0.1,0.25,0.75,6.9,-25.73,True
1.03,0.03,0.97,0.1,0.1,0.5,0.5,6.83,-24.96,True
1.03,0.03,0.97,0.1,0.1,0.75,0.25,6.75,-24.1,True
1.03,0.03,0.97,0.1,0.1,1.0,0.0,6.66,-23.13,True
1.03,0.03,0.97,0.1,0.2,0.0,1.0,9.17,-28.57,True
1.03,0.03,0.97,0.1,0.2,0.25,0.75,9.12,-28.14,True
1.03,0.03,0.97,0.1,0.2,0.5,0.5,9.06,-27.68,True
1.03,0.03,0.97,0.1,0.2,0.75,0.25,9.01,-27.16,True
1.03,0.03,0.97,0.1,0.2,1.0,0.0,8.95,-26.6,True
1.03,0.03,0.97,0.1,0.3,0.0,1.0,10.81,-29.65,True
1.03,0.03,0.97,0.1,0.3,0.25,0.75,10.76,-29.38,True
1.03,0.03,0.97,0.1,0.3,0.5,0.5,10.7,-29.09,True
1.03,0.03,0.97,0.1,0.3,0.75,0.25,10.65,-28.77,True
1.03,0.03,0.97,0.1,0.3,1.0,0.0,10.59,-28.42,True
1.03,0.03,0.97,0.2,0.0,0.0,1.0,3.52,-22.06,True
1.03,0.03,0.97,0.2,0.0,0.25,0.75,3.42,-20.71,True
1.03,0.03,0.97,0.2,0.0,0.5,0.5,3.3,-19.15,True
1.03,0.03,0.97,0.2,0.0,0.75,0.25,3.17,-17.33,True
1.03,0.03,0.97,0.2,0.0,1.0,0.0,3.01,-15.15,True
1.03,0.03,0.97,0.2,0.1,0.0,1.0,7.4,-26.19,True
1.03,0.03,0.97,0.2,0.1,0.25,0.75,7.35,-25.5,True
1.03,0.03,0.97,0.2,0.1,0.5,0.5,7.31,-24.74,True
1.03,0.03,0.97,0.2,0.1,0.75,0.25,7.25,-23.89,True
1.03,0.03,0.97,0.2,0.1,1.0,0.0,7.19,-22.94,True
1.03,0.03,0.97,0.2,0.2,0.0,1.0,9.68,-27.79,True
1.03,0.03,0.97,0.2,0.2,0.25,0.75,9.64,-27.36,True
1.03,0.03,0.97,0.2,0.2,0.5,0.5,9.6,-26.89,True
1.03,0.03,0.97,0.2,0.2,0.75,0.25,9.55,-26.38,True
1.03,0.03,0.97,0.2,0.2,1.0,0.0,9.5,-25.82,True
1.03,0.03,0.97,0.2,0.3,0.0,1.0,11.14,-28.96,True
1.03,0.03,0.97,0.2,0.3,0.25,0.75,11.11,-28.69,True
1.03,0.03,0.97,0.2,0.3,0.5,0.5,11.08,-28.39,True
1.03,0.03,0.97,0.2,0.3,0.75,0.25,11.04,-28.06,True
1.03,0.03,0.97,0.2,0.3,1.0,0.0,11.0,-27.7,True
1.03,0.03,0.97,0.3,0.0,0.0,1.0,3.43,-22.06,True
1.03,0.03,0.97,0.3,0.0,0.25,0.75,3.38,-20.71,True
1.03,0.03,0.97,0.3,0.0,0.5,0.5,3.31,-19.15,True
1.03,0.03,0.97,0.3,0.0,0.75,0.25,3.22,-17.33,True
1.03,0.03,0.97,0.3,0.0,1.0,0.0,3.11,-15.15,True
1.03,0.03,0.97,0.3,0.1,0.0,1.0,7.7,-25.74,True
1.03,0.03,0.97,0.3,0.1,0.25,0.75,7.65,-25.03,True
1.03,0.03,0.97,0.3,0.1,0.5,0.5,7.59,-24.23,True
1.03,0.03,0.97,0.3,0.1,0.75,0.25,7.53,-23.32,True
1.03,0.03,0.97,0.3,0.1,1.0,0.0,7.46,-22.29,True
1.03,0.03,0.97,0.3,0.2,0.0,1.0,9.82,-27.53,True
1.03,0.03,0.97,0.3,0.2,0.25,0.75,9.77,-27.1,True
1.03,0.03,0.97,0.3,0.2,0.5,0.5,9.73,-26.61,True
1.03,0.03,0.97,0.3,0.2,0.75,0.25,9.67,-26.07,True
1.03,0.03,0.97,0.3,0.2,1.0,0.0,9.62,-25.46,True
1.03,0.03,0.97,0.3,0.3,0.0,1.0,11.07,-29.14,True
1.03,0.03,0.97,0.3,0.3,0.25,0.75,11.06,-28.83,True
1.03,0.03,0.97,0.3,0.3,0.5,0.5,11.04,-28.5,True
1.03,0.03,0.97,0.3,0.3,0.75,0.25,11.02,-28.13,True
1.03,0.03,0.97,0.3,0.3,1.0,0.0,10.99,-27.72,True
1.03,0.03,0.97,0.4,0.0,0.0,1.0,3.67,-22.06,True
1.03,0.03,0.97,0.4,0.0,0.25,0.75,3.63,-20.72,True
1.03,0.03,0.97,0.4,0.0,0.5,0.5,3.57,-19.16,True
1.03,0.03,0.97,0.4,0.0,0.75,0.25,3.49,-17.33,True
1.03,0.03,0.97,0.4,0.0,1.0,0.0,3.39,-15.15,True
1.03,0.03,0.97,0.4,0.1,0.0,1.0,7.83,-25.6,True
1.03,0.03,0.97,0.4,0.1,0.25,0.75,7.79,-24.88,True
1.03,0.03,0.97,0.4,0.1,0.5,0.5,7.73,-24.07,True
1.03,0.03,0.97,0.4,0.1,0.75,0.25,7.66,-23.13,True
1.03,0.03,0.97,0.4,0.1,1.0,0.0,7.58,-22.05,True
1.03,0.03,0.97,0.4,0.2,0.0,1.0,9.72,-27.69,True
1.03,0.03,0.97,0.4,0.2,0.25,0.75,9.71,-27.22,True
1.03,0.03,0.97,0.4,0.2,0.5,0.5,9.69,-26.69,True
1.03,0.03,0.97,0.4,0.2,0.75,0.25,9.66,-26.1,True
1.03,0.03,0.97,0.4,0.2,1.0,0.0,9.62,-25.43,True
1.03,0.03,0.97,0.4,0.3,0.0,1.0,11.04,-29.23,True
1.03,0.03,0.97,0.4,0.3,0.25,0.75,11.04,-28.91,True
1.03,0.03,0.97,0.4,0.3,0.5,0.5,11.03,-28.55,True
1.03,0.03,0.97,0.4,0.3,0.75,0.25,11.01,-28.17,True
1.03,0.03,0.97,0.4,0.3,1.0,0.0,10.98,-27.74,True
1.03,0.03,0.99,0.1,0.0,0.0,1.0,0.78,-8.33,True
1.03,0.03,0.99,0.1,0.0,0.25,0.75,0.75,-7.47,True
1.03,0.03,0.99,0.1,0.0,0.5,0.5,0.73,-6.59,True
1.03,0.03,0.99,0.1,0.0,0.75,0.25,0.71,-5.67,True
1.03,0.03,0.99,0.1,0.0,1.0,0.0,0.68,-4.73,True
1.03,0.03,0.99,0.1,0.1,0.0,1.0,6.48,-19.87,True
1.03,0.03,0.99,0.1,0.1,0.25,0.75,6.47,-19.94,True
1.03,0.03,0.99,0.1,0.1,0.5,0.5,6.46,-20.02,True
1.03,0.03,0.99,0.1,0.1,0.75,0.25,6.46,-20.1,True
1.03,0.03,0.99,0.1,0.1,1.0,0.0,6.45,-20.18,True
1.03,0.03,0.99,0.1,0.2,0.0,1.0,8.87,-25.74,True
1.03,0.03,0.99,0.1,0.2,0.25,0.75,8.88,-25.77,True
1.03,0.03,0.99,0.1,0.2,0.5,0.5,8.88,-25.8,True
1.03,0.03,0.99,0.1,0.2,0.75,0.25,8.88,-25.84,True
1.03,0.03,0.99,0.1,0.2,1.0,0.0,8.89,-25.87,True
1.03,0.03,0.99,0.1,0.3,0.0,1.0,10.5,-28.32,True
1.03,0.03,0.99,0.1,0.3,0.25,0.75,10.5,-28.35,True
1.03,0.03,0.99,0.1,0.3,0.5,0.5,10.51,-28.38,True
1.03,0.03,0.99,0.1,0.3,0.75,0.25,10.51,-28.41,True
1.03,0.03,0.99,0.1,0.3,1.0,0.0,10.52,-28.44,True
1.03,0.03,0.99,0.2,0.0,0.0,1.0,1.46,-11.29,True
1.03,0.03,0.99,0.2,0.0,0.25,0.75,1.43,-10.23,True
1.03,0.03,0.99,0.2,0.0,0.5,0.5,1.4,-9.1,True
1.03,0.03,0.99,0.2,0.0,0.75,0.25,1.36,-7.89,True
1.03,0.03,0.99,0.2,0.0,1.0,0.0,1.33,-6.61,True
1.03,0.03,0.99,0.2,0.1,0.0,1.0,6.43,-19.93,True
1.03,0.03,0.99,0.2,0.1,0.25,0.75,6.44,-19.93,True
1.03,0.03,0.99,0.2,0.1,0.5,0.5,6.45,-19.93,True
1.03,0.03,0.99,0.2,0.1,0.75,0.25,6.46,-19.94,True
1.03,0.03,0.99,0.2,0.1,1.0,0.0,6.47,-19.96,True
1.03,0.03,0.99,0.2,0.2,0.0,1.0,8.89,-25.17,True
1.03,0.03,0.99,0.2,0.2,0.25,0.75,8.9,-25.2,True
1.03,0.03,0.99,0.2,0.2,0.5,0.5,8.91,-25.24,True
1.03,0.03,0.99,0.2,0.2,0.75,0.25,8.91,-25.29,True
1.03,0.03,0.99,0.2,0.2,1.0,0.0,8.92,-25.33,True
1.03,0.03,0.99,0.2,0.3,0.0,1.0,10.53,-27.93,True
1.03,0.03,0.99,0.2,0.3,0.25,0.75,10.54,-27.9,True
1.03,0.03,0.99,0.2,0.3,0.5,0.5,10.55,-27.89,True
1.03,0.03,0.99,0.2,0.3,0.75,0.25,10.56,-27.89,True
1.03,0.03,0.99,0.2,0.3,1.0,0.0,10.57,-27.9,True
1.03,0.03,0.99,0.3,0.0,0.0,1.0,1.34,-10.99,True
1.03,0.03,0.99,0.3,0.0,0.25,0.75,1.36,-9.94,True
1.03,0.03,0.99,0.3,0.0,0.5,0.5,1.36,-8.83,True
1.03,0.03,0.99,0.3,0.0,0.75,0.25,1.37,-7.63,True
1.03,0.03,0.99,0.3,0.0,1.0,0.0,1.36,-6.36,True
1.03,0.03,0.99,0.3,0.1,0.0,1.0,6.41,-19.79,True
1.03,0.03,0.99,0.3,0.1,0.25,0.75,6.44,-19.79,True
1.03,0.03,0.99,0.3,0.1,0.5,0.5,6.45,-19.78,True
1.03,0.03,0.99,0.3,0.1,0.75,0.25,6.47,-19.77,True
1.03,0.03,0.99,0.3,0.1,1.0,0.0,6.49,-19.77,True
1.03,0.03,0.99,0.3,0.2,0.0,1.0,8.85,-25.48,True
1.03,0.03,0.99,0.3,0.2,0.25,0.75,8.88,-25.41,True
1.03,0.03,0.99,0.3,0.2,0.5,0.5,8.91,-25.37,True
1.03,0.03,0.99,0.3,0.2,0.75,0.25,8.93,-25.31,True
1.03,0.03,0.99,0.3,0.2,1.0,0.0,8.94,-25.28,True
1.03,0.03,0.99,0.3,0.3,0.0,1.0,10.44,-28.48,True
1.03,0.03,0.99,0.3,0.3,0.25,0.75,10.47,-28.41,True
1.03,0.03,0.99,0.3,0.3,0.5,0.5,10.49,-28.36,True
1.03,0.03,0.99,0.3,0.3,0.75,0.25,10.52,-28.31,True
1.03,0.03,0.99,0.3,0.3,1.0,0.0,10.53,-28.26,True
1.03,0.03,0.99,0.4,0.0,0.0,1.0,0.95,-11.6,True
1.03,0.03,0.99,0.4,0.0,0.25,0.75,1.01,-10.51,True
1.03,0.03,0.99,0.4,0.0,0.5,0.5,1.07,-9.43,True
1.03,0.03,0.99,0.4,0.0,0.75,0.25,1.12,-8.33,True
1.03,0.03,0.99,0.4,0.0,1.0,0.0,1.17,-7.23,True
1.03,0.03,0.99,0.4,0.1,0.0,1.0,6.29,-20.2,True
1.03,0.03,0.99,0.4,0.1,0.25,0.75,6.33,-20.15,True
1.03,0.03,0.99,0.4,0.1,0.5,0.5,6.37,-20.1,True
1.03,0.03,0.99,0.4,0.1,0.75,0.25,6.41,-20.07,True
1.03,0.03,0.99,0.4,0.1,1.0,0.0,6.44,-20.03,True
1.03,0.03,0.99,0.4,0.2,0.0,1.0,8.74,-26.02,True
1.03,0.03,0.99,0.4,0.2,0.25,0.75,8.78,-25.91,True
1.03,0.03,0.99,0.4,0.2,0.5,0.5,8.82,-25.81,True
1.03,0.03,0.99,0.4,0.2,0.75,0.25,8.86,-25.72,True
1.03,0.03,0.99,0.4,0.2,1.0,0.0,8.89,-25.65,True
1.03,0.03,0.99,0.4,0.3,0.0,1.0,10.39,-28.57,True
1.03,0.03,0.99,0.4,0.3,0.25,0.75,10.42,-28.49,True
1.03,0.03,0.99,0.4,0.3,0.5,0.5,10.45,-28.41,True
1.03,0.03,0.99,0.4,0.3,0.75,0.25,10.48,-28.35,True
1.03,0.03,0.99,0.4,0.3,1.0,0.0,10.51,-28.3,True
1.03,0.03,1.0,0.1,0.0,0.0,1.0,0.15,-3.77,True
1.03,0.03,1.0,0.1,0.0,0.25,0.75,0.17,-3.34,True
1.03,0.03,1.0,0.1,0.0,0.5,0.5,0.19,-2.9,True
1.03,0.03,1.0,0.1,0.0,0.75,0.25,0.21,-2.45,True
1.03,0.03,1.0,0.1,0.0,1.0,0.0,0.23,-1.99,True
1.03,0.03,1.0,0.1,0.1,0.0,1.0,6.13,-22.04,True
1.03,0.03,1.0,0.1,0.1,0.25,0.75,6.15,-21.97,True
1.03,0.03,1.0,0.1,0.1,0.5,0.5,6.16,-21.9,True
1.03,0.03,1.0,0.1,0.1,0.75,0.25,6.18,-21.83,True
1.03,0.03,1.0,0.1,0.1,1.0,0.0,6.2,-21.76,True
1.03,0.03,1.0,0.1,0.2,0.0,1.0,8.68,-27.37,True
1.03,0.03,1.0,0.1,0.2,0.25,0.75,8.7,-27.29,True
1.03,0.03,1.0,0.1,0.2,0.5,0.5,8.71,-27.21,True
1.03,0.03,1.0,0.1,0.2,0.75,0.25,8.73,-27.13,True
1.03,0.03,1.0,0.1,0.2,1.0,0.0,8.74,-27.05,True
1.03,0.03,1.0,0.1,0.3,0.0,1.0,10.38,-29.54,True
1.03,0.03,1.0,0.1,0.3,0.25,0.75,10.39,-29.49,True
1.03,0.03,1.0,0.1,0.3,0.5,0.5,10.4,-29.43,True
1.03,0.03,1.0,0.1,0.3,0.75,0.25,10.41,-29.37,True
1.03,0.03,1.0,0.1,0.3,1.0,0.0,10.42,-29.31,True
1.03,0.03,1.0,0.2,0.0,0.0,1.0,0.21,-6.59,True
1.03,0.03,1.0,0.2,0.0,0.25,0.75,0.26,-5.88,True
1.03,0.03,1.0,0.2,0.0,0.5,0.5,0.31,-5.14,True
1.03,0.03,1.0,0.2,0.0,0.75,0.25,0.36,-4.38,True
1.03,0.03,1.0,0.2,0.0,1.0,0.0,0.4,-3.59,True
1.03,0.03,1.0,0.2,0.1,0.0,1.0,6.05,-22.21,True
1.03,0.03,1.0,0.2,0.1,0.25,0.75,6.08,-22.05,True
1.03,0.03,1.0,0.2,0.1,0.5,0.5,6.11,-21.9,True
1.03,0.03,1.0,0.2,0.1,0.75,0.25,6.15,-21.76,True
1.03,0.03,1.0,0.2,0.1,1.0,0.0,6.18,-21.61,True
1.03,0.03,1.0,0.2,0.2,0.0,1.0,8.69,-27.02,True
1.03,0.03,1.0,0.2,0.2,0.25,0.75,8.71,-26.93,True
1.03,0.03,1.0,0.2,0.2,0.5,0.5,8.73,-26.84,True
1.03,0.03,1.0,0.2,0.2,0.75,0.25,8.75,-26.75,True
1.03,0.03,1.0,0.2,0.2,1.0,0.0,8.77,-26.66,True
1.03,0.03,1.0,0.2,0.3,0.0,1.0,10.41,-29.17,True
1.03,0.03,1.0,0.2,0.3,0.25,0.75,10.43,-29.08,True
1.03,0.03,1.0,0.2,0.3,0.5,0.5,10.44,-29.0,True
1.03,0.03,1.0,0.2,0.3,0.75,0.25,10.45,-28.92,True
1.03,0.03,1.0,0.2,0.3,1.0,0.0,10.47,-28.84,True
1.03,0.03,1.0,0.3,0.0,0.0,1.0,0.04,-7.43,True
1.03,0.03,1.0,0.3,0.0,0.25,0.75,0.13,-6.83,True
1.03,0.03,1.0,0.3,0.0,0.5,0.5,0.23,-6.22,True
1.03,0.03,1.0,0.3,0.0,0.75,0.25,0.31,-5.61,True
1.03,0.03,1.0,0.3,0.0,1.0,0.0,0.4,-5.0,True
1.03,0.03,1.0,0.3,0.1,0.0,1.0,6.0,-22.14,True
1.03,0.03,1.0,0.3,0.1,0.25,0.75,6.05,-21.99,True
1.03,0.03,1.0,0.3,0.1,0.5,0.5,6.09,-21.82,True
1.03,0.03,1.0,0.3,0.1,0.75,0.25,6.13,-21.65,True
1.03,0.03,1.0,0.3,0.1,1.0,0.0,6.17,-21.48,True
1.03,0.03,1.0,0.3,0.2,0.0,1.0,8.66,-27.09,True
1.03,0.03,1.0,0.3,0.2,0.25,0.75,8.7,-26.94,True
1.03,0.03,1.0,0.3,0.2,0.5,0.5,8.73,-26.8,True
1.03,0.03,1.0,0.3,0.2,0.75,0.25,8.76,-26.65,True
1.03,0.03,1.0,0.3,0.2,1.0,0.0,8.78,-26.51,True
1.03,0.03,1.0,0.3,0.3,0.0,1.0,10.34,-29.57,True
1.03,0.03,1.0,0.3,0.3,0.25,0.75,10.37,-29.45,True
1.03,0.03,1.0,0.3,0.3,0.5,0.5,10.4,-29.34,True
1.03,0.03,1.0,0.3,0.3,0.75,0.25,10.42,-29.23,True
1.03,0.03,1.0,0.3,0.3,1.0,0.0,10.44,-29.11,True
1.03,0.03,1.0,0.4,0.0,0.0,1.0,-0.4,-9.87,True
1.03,0.03,1.0,0.4,0.0,0.25,0.75,-0.26,-9.07,True
1.03,0.03,1.0,0.4,0.0,0.5,0.5,-0.11,-8.27,True
1.03,0.03,1.0,0.4,0.0,0.75,0.25,0.03,-7.46,True
1.03,0.03,1.0,0.4,0.0,1.0,0.0,0.16,-6.66,True
1.03,0.03,1.0,0.4,0.1,0.0,1.0,5.95,-22.37,True
1.03,0.03,1.0,0.4,0.1,0.25,0.75,6.0,-22.19,True
1.03,0.03,1.0,0.4,0.1,0.5,0.5,6.06,-22.0,True
1.03,0.03,1.0,0.4,0.1,0.75,0.25,6.11,-21.82,True
1.03,0.03,1.0,0.4,0.1,1.0,0.0,6.16,-21.62,True
1.03,0.03,1.0,0.4,0.2,0.0,1.0,8.58,-27.5,True
1.03,0.03,1.0,0.4,0.2,0.25,0.75,8.62,-27.32,True
1.03,0.03,1.0,0.4,0.2,0.5,0.5,8.66,-27.14,True
1.03,0.03,1.0,0.4,0.2,0.75,0.25,8.71,-26.97,True
1.03,0.03,1.0,0.4,0.2,1.0,0.0,8.75,-26.8,True
1.03,0.03,1.0,0.4,0.3,0.0,1.0,10.29,-29.61,True
1.03,0.03,1.0,0.4,0.3,0.25,0.75,10.32,-29.49,True
1.03,0.03,1.0,0.4,0.3,0.5,0.5,10.35,-29.36,True
1.03,0.03,1.0,0.4,0.3,0.75,0.25,10.39,-29.24,True
1.03,0.03,1.0,0.4,0.3,1.0,0.0,10.42,-29.12,True
1.03,0.03,1.01,0.1,0.0,0.0,1.0,0.55,-1.28,True
1.03,0.03,1.01,0.1,0.0,0.25,0.75,0.54,-1.17,True
1.03,0.03,1.01,0.1,0.0,0.5,0.5,0.52,-1.05,True
1.03,0.03,1.01,0.1,0.0,0.75,0.25,0.51,-0.94,True
1.03,0.03,1.01,0.1,0.0,1.0,0.0,0.49,-0.83,True
1.03,0.03,1.01,0.1,0.1,0.0,1.0,6.3,-20.95,True
1.03,0.03,1.01,0.1,0.1,0.25,0.75,6.3,-20.97,True
1.03,0.03,1.01,0.1,0.1,0.5,0.5,6.3,-20.99,True
1.03,0.03,1.01,0.1,0.1,0.75,0.25,6.31,-21.02,True
1.03,0.03,1.01,0.1,0.1,1.0,0.0,6.31,-21.05,True
1.03,0.03,1.01,0.1,0.2,0.0,1.0,8.81,-26.42,True
1.03,0.03,1.01,0.1,0.2,0.25,0.75,8.81,-26.42,True
1.03,0.03,1.01,0.1,0.2,0.5,0.5,8.82,-26.42,True
1.03,0.03,1.01,0.1,0.2,0.75,0.25,8.82,-26.42,True
1.03,0.03,1.01,0.1,0.2,1.0,0.0,8.83,-26.43,True
1.03,0.03,1.01,0.1,0.3,0.0,1.0,10.47,-28.78,True
1.03,0.03,1.01,0.1,0.3,0.25,0.75,10.47,-28.78,True
1.03,0.03,1.01,0.1,0.3,0.5,0.5,10.48,-28.79,True
1.03,0.03,1.01,0.1,0.3,0.75,0.25,10.48,-28.79,True
1.03,0.03,1.01,0.1,0.3,1.0,0.0,10.49,-28.8,True
1.03,0.03,1.01,0.2,0.0,0.0,1.0,0.99,-2.55,True
1.03,0.03,1.01,0.2,0.0,0.25,0.75,0.98,-2.33,True
1.03,0.03,1.01,0.2,0.0,0.5,0.5,0.96,-2.1,True
1.03,0.03,1.01,0.2,0.0,0.75,0.25,0.94,-1.88,True
1.03,0.03,1.01,0.2,0.0,1.0,0.0,0.92,-1.66,True
1.03,0.03,1.01,0.2,0.1,0.0,1.0,6.36,-20.22,True
1.03,0.03,1.01,0.2,0.1,0.25,0.75,6.37,-20.23,True
1.03,0.03,1.01,0.2,0.1,0.5,0.5,6.38,-20.25,True
1.03,0.03,1.01,0.2,0.1,0.75,0.25,6.38,-20.28,True
1.03,0.03,1.01,0.2,0.1,1.0,0.0,6.39,-20.3,True
1.03,0.03,1.01,0.2,0.2,0.0,1.0,8.87,-25.48,True
1.03,0.03,1.01,0.2,0.2,0.25,0.75,8.88,-25.51,True
1.03,0.03,1.01,0.2,0.2,0.5,0.5,8.88,-25.54,True
1.03,0.03,1.01,0.2,0.2,0.75,0.25,8.89,-25.58,True
1.03,0.03,1.01,0.2,0.2,1.0,0.0,8.89,-25.61,True
1.03,0.03,1.01,0.2,0.3,0.0,1.0,10.55,-27.8,True
1.03,0.03,1.01,0.2,0.3,0.25,0.75,10.56,-27.85,True
1.03,0.03,1.01,0.2,0.3,0.5,0.5,10.56,-27.9,True
1.03,0.03,1.01,0.2,0.3,0.75,0.25,10.56,-27.95,True
1.03,0.03,1.01,0.2,0.3,1.0,0.0,10.56,-28.01,True
1.03,0.03,1.01,0.3,0.0,0.0,1.0,1.09,-3.82,True
1.03,0.03,1.01,0.3,0.0,0.25,0.75,1.09,-3.48,True
1.03,0.03,1.01,0.3,0.0,0.5,0.5,1.1,-3.15,True
1.03,0.03,1.01,0.3,0.0,0.75,0.25,1.1,-2.82,True
1.03,0.03,1.01,0.3,0.0,1.0,0.0,1.09,-2.48,True
1.03,0.03,1.01,0.3,0.1,0.0,1.0,6.39,-19.67,True
1.03,0.03,1.01,0.3,0.1,0.25,0.75,6.41,-19.71,True
1.03,0.03,1.01,0.3,0.1,0.5,0.5,6.42,-19.74,True
1.03,0.03,1.01,0.3,0.1,0.75,0.25,6.43,-19.77,True
1.03,0.03,1.01,0.3,0.1,1.0,0.0,6.44,-19.81,True
1.03,0.03,1.01,0.3,0.2,0.0,1.0,8.9,-24.95,True
1.03,0.03,1.01,0.3,0.2,0.25,0.75,8.92,-25.01,True
1.03,0.03,1.01,0.3,0.2,0.5,0.5,8.93,-25.08,True
1.03,0.03,1.01,0.3,0.2,0.75,0.25,8.94,-25.13,True
1.03,0.03,1.01,0.3,0.2,1.0,0.0,8.94,-25.18,True
1.03,0.03,1.01,0.3,0.3,0.0,1.0,10.48,-28.15,True
1.03,0.03,1.01,0.3,0.3,0.25,0.75,10.5,-28.15,True
1.03,0.03,1.01,0.3,0.3,0.5,0.5,10.52,-28.14,True
1.03,0.03,1.01,0.3,0.3,0.75,0.25,10.54,-28.15,True
1.03,0.03,1.01,0.3,0.3,1.0,0.0,10.55,-28.15,True
1.03,0.03,1.01,0.4,0.0,0.0,1.0,0.89,-5.08,True
1.03,0.03,1.01,0.4,0.0,0.25,0.75,0.92,-4.63,True
1.03,0.03,1.01,0.4,0.0,0.5,0.5,0.96,-4.19,True
1.03,0.03,1.01,0.4,0.0,0.75,0.25,0.99,-3.75,True
1.03,0.03,1.01,0.4,0.0,1.0,0.0,1.01,-3.3,True
1.03,0.03,1.01,0.4,0.1,0.0,1.0,6.35,-19.5,True
1.03,0.03,1.01,0.4,0.1,0.25,0.75,6.38,-19.53,True
1.03,0.03,1.01,0.4,0.1,0.5,0.5,6.41,-19.57,True
1.03,0.03,1.01,0.4,0.1,0.75,0.25,6.44,-19.62,True
1.03,0.03,1.01,0.4,0.1,1.0,0.0,6.45,-19.65,True
1.03,0.03,1.01,0.4,0.2,0.0,1.0,8.81,-25.35,True
1.03,0.03,1.01,0.4,0.2,0.25,0.75,8.84,-25.34,True
1.03,0.03,1.01,0.4,0.2,0.5,0.5,8.87,-25.33,True
1.03,0.03,1.01,0.4,0.2,0.75,0.25,8.89,-25.34,True
1.03,0.03,1.01,0.4,0.2,1.0,0.0,8.92,-25.35,True
1.03,0.03,1.01,0.4,0.3,0.0,1.0,10.43,-28.19,True
1.03,0.03,1.01,0.4,0.3,0.25,0.75,10.45,-28.17,True
1.03,0.03,1.01,0.4,0.3,0.5,0.5,10.48,-28.16,True
1.03,0.03,1.01,0.4,0.3,0.75,0.25,10.5,-28.15,True
1.03,0.03,1.01,0.4,0.3,1.0,0.0,10.53,-28.15,True
1.03,0.03,1.02,0.1,0.0,0.0,1.0,0.28,-1.28,True
1.03,0.03,1.02,0.1,0.0,0.25,0.75,0.28,-1.17,True
1.03,0.03,1.02,0.1,0.0,0.5,0.5,0.28,-1.05,True
1.03,0.03,1.02,0.1,0.0,0.75,0.25,0.28,-0.94,True
1.03,0.03,1.02,0.1,0.0,1.0,0.0,0.28,-0.83,True
1.03,0.03,1.02,0.1,0.1,0.0,1.0,6.24,-21.45,True
1.03,0.03,1.02,0.1,0.1,0.25,0.75,6.24,-21.44,True
1.03,0.03,1.02,0.1,0.1,0.5,0.5,6.25,-21.44,True
1.03,0.03,1.02,0.1,0.1,0.75,0.25,6.25,-21.43,True
1.03,0.03,1.02,0.1,0.1,1.0,0.0,6.26,-21.42,True
1.03,0.03,1.02,0.1,0.2,0.0,1.0,8.78,-26.77,True
1.03,0.03,1.02,0.1,0.2,0.25,0.75,8.78,-26.75,True
1.03,0.03,1.02,0.1,0.2,0.5,0.5,8.79,-26.73,True
1.03,0.03,1.02,0.1,0.2,0.75,0.25,8.79,-26.72,True
1.03,0.03,1.02,0.1,0.2,1.0,0.0,8.8,-26.7,True
1.03,0.03,1.02,0.1,0.3,0.0,1.0,10.46,-28.97,True
1.03,0.03,1.02,0.1,0.3,0.25,0.75,10.46,-28.97,True
1.03,0.03,1.02,0.1,0.3,0.5,0.5,10.46,-28.97,True
1.03,0.03,1.02,0.1,0.3,0.75,0.25,10.47,-28.97,True
1.03,0.03,1.02,0.1,0.3,1.0,0.0,10.47,-28.96,True
1.03,0.03,1.02,0.2,0.0,0.0,1.0,0.51,-2.55,True
1.03,0.03,1.02,0.2,0.0,0.25,0.75,0.52,-2.33,True
1.03,0.03,1.02,0.2,0.0,0.5,0.5,0.53,-2.1,True
1.03,0.03,1.02,0.2,0.0,0.75,0.25,0.53,-1.88,True
1.03,0.03,1.02,0.2,0.0,1.0,0.0,0.54,-1.66,True
1.03,0.03,1.02,0.2,0.1,0.0,1.0,6.25,-21.13,True
1.03,0.03,1.02,0.2,0.1,0.25,0.75,6.26,-21.1,True
1.03,0.03,1.02,0.2,0.1,0.5,0.5,6.27,-21.07,True
1.03,0.03,1.02,0.2,0.1,0.75,0.25,6.28,-21.04,True
1.03,0.03,1.02,0.2,0.1,1.0,0.0,6.29,-21.01,True
1.03,0.03,1.02,0.2,0.2,0.0,1.0,8.84,-25.95,True
1.03,0.03,1.02,0.2,0.2,0.25,0.75,8.84,-25.97,True
1.03,0.03,1.02,0.2,0.2,0.5,0.5,8.85,-25.99,True
1.03,0.03,1.02,0.2,0.2,0.75,0.25,8.85,-26.0,True
1.03,0.03,1.02,0.2,0.2,1.0,0.0,8.86,-26.02,True
1.03,0.03,1.02,0.2,0.3,0.0,1.0,10.52,-28.25,True
1.03,0.03,1.02,0.2,0.3,0.25,0.75,10.52,-28.25,True
1.03,0.03,1.02,0.2,0.3,0.5,0.5,10.53,-28.26,True
1.03,0.03,1.02,0.2,0.3,0.75,0.25,10.53,-28.28,True
1.03,0.03,1.02,0.2,0.3,1.0,0.0,10.53,-28.3,True
1.03,0.03,1.02,0.3,0.0,0.0,1.0,0.61,-3.82,True
1.03,0.03,1.02,0.3,0.0,0.25,0.75,0.64,-3.48,True
1.03,0.03,1.02,0.3,0.0,0.5,0.5,0.66,-3.15,True
1.03,0.03,1.02,0.3,0.0,0.75,0.25,0.68,-2.82,True
1.03,0.03,1.02,0.3,0.0,1.0,0.0,0.69,-2.48,True
1.03,0.03,1.02,0.3,0.1,0.0,1.0,6.33,-20.35,True
1.03,0.03,1.02,0.3,0.1,0.25,0.75,6.34,-20.36,True
1.03,0.03,1.02,0.3,0.1,0.5,0.5,6.35,-20.37,True
1.03,0.03,1.02,0.3,0.1,0.75,0.25,6.36,-20.37,True
1.03,0.03,1.02,0.3,0.1,1.0,0.0,6.37,-20.38,True
1.03,0.03,1.02,0.3,0.2,0.0,1.0,8.88,-25.53,True
1.03,0.03,1.02,0.3,0.2,0.25,0.75,8.89,-25.52,True
1.03,0.03,1.02,0.3,0.2,0.5,0.5,8.9,-25.52,True
1.03,0.03,1.02,0.3,0.2,0.75,0.25,8.9,-25.53,True
1.03,0.03,1.02,0.3,0.2,1.0,0.0,8.91,-25.54,True
1.03,0.03,1.02,0.3,0.3,0.0,1.0,10.5,-28.51,True
1.03,0.03,1.02,0.3,0.3,0.25,0.75,10.5,-28.48,True
1.03,0.03,1.02,0.3,0.3,0.5,0.5,10.51,-28.45,True
1.03,0.03,1.02,0.3,0.3,0.75,0.25,10.52,-28.43,True
1.03,0.03,1.02,0.3,0.3,1.0,0.0,10.52,-28.41,True
1.03,0.03,1.02,0.4,0.0,0.0,1.0,0.5,-5.08,True
1.03,0.03,1.02,0.4,0.0,0.25,0.75,0.55,-4.63,True
1.03,0.03,1.02,0.4,0.0,0.5,0.5,0.59,-4.19,True
1.03,0.03,1.02,0.4,0.0,0.75,0.25,0.63,-3.75,True
1.03,0.03,1.02,0.4,0.0,1.0,0.0,0.67,-3.3,True
1.03,0.03,1.02,0.4,0.1,0.0,1.0,6.36,-20.07,True
1.03,0.03,1.02,0.4,0.1,0.25,0.75,6.37,-20.07,True
1.03,0.03,1.02,0.4,0.1,0.5,0.5,6.38,-20.08,True
1.03,0.03,1.02,0.4,0.1,0.75,0.25,6.39,-20.08,True
1.03,0.03,1.02,0.4,0.1,1.0,0.0,6.4,-20.09,True
1.03,0.03,1.02,0.4,0.2,0.0,1.0,8.85,-25.87,True
1.03,0.03,1.02,0.4,0.2,0.25,0.75,8.86,-25.82,True
1.03,0.03,1.02,0.4,0.2,0.5,0.5,8.87,-25.78,True
1.03,0.03,1.02,0.4,0.2,0.75,0.25,8.88,-25.74,True
1.03,0.03,1.02,0.4,0.2,1.0,0.0,8.89,-25.72,True
1.03,0.03,1.02,0.4,0.3,0.0,1.0,10.49,-28.54,True
1.03,0.03,1.02,0.4,0.3,0.25,0.75,10.5,-28.5,True
1.03,0.03,1.02,0.4,0.3,0.5,0.5,10.51,-28.46,True
1.03,0.03,1.02,0.4,0.3,0.75,0.25,10.52,-28.43,True
1.03,0.03,1.02,0.4,0.3,1.0,0.0,10.53,-28.4,True
1.04,0.005,0.95,0.1,0.0,0.0,1.0,17.32,-35.99,True
1.04,0.005,0.95,0.1,0.0,0.25,0.75,16.58,-33.34,True
1.04,0.005,0.95,0.1,0.0,0.5,0.5,15.77,-30.65,True
1.04,0.005,0.95,0.1,0.0,0.75,0.25,14.87,-27.89,True
1.04,0.005,0.95,0.1,0.0,1.0,0.0,13.87,-25.09,True
1.04,0.005,0.95,0.1,0.1,0.0,1.0,17.58,-29.0,True
1.04,0.005,0.95,0.1,0.1,0.25,0.75,16.89,-26.74,True
1.04,0.005,0.95,0.1,0.1,0.5,0.5,16.14,-25.1,True
1.04,0.005,0.95,0.1,0.1,0.75,0.25,15.32,-23.18,True
1.04,0.005,0.95,0.1,0.1,1.0,0.0,14.44,-20.82,True
1.04,0.005,0.95,0.1,0.2,0.0,1.0,17.82,-28.29,True
1.04,0.005,0.95,0.1,0.2,0.25,0.75,17.17,-27.11,True
1.04,0.005,0.95,0.1,0.2,0.5,0.5,16.47,-25.73,True
1.04,0.005,0.95,0.1,0.2,0.75,0.25,15.72,-24.11,True
1.04,0.005,0.95,0.1,0.2,1.0,0.0,14.91,-22.18,True
1.04,0.005,0.95,0.1,0.3,0.0,1.0,17.92,-28.6,True
1.04,0.005,0.95,0.1,0.3,0.25,0.75,17.31,-27.56,True
1.04,0.005,0.95,0.1,0.3,0.5,0.5,16.65,-26.37,True
1.04,0.005,0.95,0.1,0.3,0.75,0.25,15.95,-25.02,True
1.04,0.005,0.95,0.1,0.3,1.0,0.0,15.22,-23.49,True
1.04,0.005,0.95,0.2,0.0,0.0,1.0,19.12,-27.68,True
1.04,0.005,0.95,0.2,0.0,0.25,0.75,18.31,-26.25,True
1.04,0.005,0.95,0.2,0.0,0.5,0.5,17.4,-24.48,True
1.04,0.005,0.95,0.2,0.0,0.75,0.25,16.4,-22.24,True
1.04,0.005,0.95,0.2,0.0,1.0,0.0,15.29,-19.3,True
1.04,0.005,0.95,0.2,0.1,0.0,1.0,19.19,-27.95,True
1.04,0.005,0.95,0.2,0.1,0.25,0.75,18.4,-26.64,True
1.04,0.005,0.95,0.2,0.1,0.5,0.5,17.55,-25.06,True
1.04,0.005,0.95,0.2,0.1,0.75,0.25,16.61,-23.11,True
1.04,0.005,0.95,0.2,0.1,1.0,0.0,15.6,-20.64,True
1.04,0.005,0.95,0.2,0.2,0.0,1.0,19.11,-28.23,True
1.04,0.005,0.95,0.2,0.2,0.25,0.75,18.38,-27.05,True
1.04,0.005,0.95,0.2,0.2,0.5,0.5,17.58,-25.65,True
1.04,0.005,0.95,0.2,0.2,0.75,0.25,16.72,-23.97,True
1.04,0.005,0.95,0.2,0.2,1.0,0.0,15.81,-21.95,True
1.04,0.005,0.95,0.2,0.3,0.0,1.0,18.79,-28.58,True
1.04,0.005,0.95,0.2,0.3,0.25,0.75,18.12,-27.54,True
1.04,0.005,0.95,0.2,0.3,0.5,0.5,17.39,-26.33,True
1.04,0.005,0.95,0.2,0.3,0.75,0.25,16.61,-24.94,True
1.04,0.005,0.95,0.2,0.3,1.0,0.0,15.8,-23.34,True
1.04,0.005,0.95,0.3,0.0,0.0,1.0,19.65,-27.68,True
1.04,0.005,0.95,0.3,0.0,0.25,0.75,18.82,-26.26,True
1.04,0.005,0.95,0.3,0.0,0.5,0.5,17.9,-24.49,True
1.04,0.005,0.95,0.3,0.0,0.75,0.25,16.87,-22.25,True
1.04,0.005,0.95,0.3,0.0,1.0,0.0,15.74,-19.3,True
1.04,0.005,0.95,0.3,0.1,0.0,1.0,19.26,-27.96,True
1.04,0.005,0.95,0.3,0.1,0.25,0.75,18.5,-26.66,True
1.04,0.005,0.95,0.3,0.1,0.5,0.5,17.66,-25.08,True
1.04,0.005,0.95,0.3,0.1,0.75,0.25,16.73,-23.13,True
1.04,0.005,0.95,0.3,0.1,1.0,0.0,15.72,-20.67,True
1.04,0.005,0.95,0.3,0.2,0.0,1.0,19.03,-28.28,True
1.04,0.005,0.95,0.3,0.2,0.25,0.75,18.32,-27.1,True
1.04,0.005,0.95,0.3,0.2,0.5,0.5,17.55,-25.71,True
1.04,0.005,0.95,0.3,0.2,0.75,0.25,16.71,-24.05,True
1.04,0.005,0.95,0.3,0.2,1.0,0.0,15.81,-22.03,True
1.04,0.005,0.95,0.3,0.3,0.0,1.0,18.83,-28.62,True
1.04,0.005,0.95,0.3,0.3,0.25,0.75,18.17,-27.58,True
1.04,0.005,0.95,0.3,0.3,0.5,0.5,17.47,-26.38,True
1.04,0.005,0.95,0.3,0.3,0.75,0.25,16.71,-24.98,True
1.04,0.005,0.95,0.3,0.3,1.0,0.0,15.91,-23.37,True
1.04,0.005,0.95,0.4,0.0,0.0,1.0,19.78,-28.39,True
1.04,0.005,0.95,0.4,0.0,0.25,0.75,18.96,-26.26,True
1.04,0.005,0.95,0.4,0.0,0.5,0.5,18.04,-24.49,True
1.04,0.005,0.95,0.4,0.0,0.75,0.25,17.01,-22.25,True
1.04,0.005,0.95,0.4,0.0,1.0,0.0,15.88,-19.3,True
1.04,0.005,0.95,0.4,0.1,0.0,1.0,19.6,-27.96,True
1.04,0.005,0.95,0.4,0.1,0.25,0.75,18.82,-26.65,True
1.04,0.005,0.95,0.4,0.1,0.5,0.5,17.96,-25.07,True
1.04,0.005,0.95,0.4,0.1,0.75,0.25,17.01,-23.11,True
1.04,0.005,0.95,0.4,0.1,1.0,0.0,15.98,-20.65,True
1.04,0.005,0.95,0.4,0.2,0.0,1.0,19.45,-28.26,True
1.04,0.005,0.95,0.4,0.2,0.25,0.75,18.71,-27.08,True
1.04,0.005,0.95,0.4,0.2,0.5,0.5,17.9,-25.68,True
1.04,0.005,0.95,0.4,0.2,0.75,0.25,17.03,-24.0,True
1.04,0.005,0.95,0.4,0.2,1.0,0.0,16.1,-21.96,True
1.04,0.005,0.95,0.4,0.3,0.0,1.0,19.22,-28.6,True
1.04,0.005,0.95,0.4,0.3,0.25,0.75,18.54,-27.55,True
1.04,0.005,0.95,0.4,0.3,0.5,0.5,17.78,-26.33,True
1.04,0.005,0.95,0.4,0.3,0.75,0.25,16.98,-24.92,True
1.04,0.005,0.95,0.4,0.3,1.0,0.0,16.13,-23.29,True
1.04,0.005,0.97,0.1,0.0,0.0,1.0,13.8,-35.09,True
1.04,0.005,0.97,0.1,0.0,0.25,0.75,13.29,-32.54,True
1.04,0.005,0.97,0.1,0.0,0.5,0.5,12.71,-29.94,True
1.04,0.005,0.97,0.1,0.0,0.75,0.25,12.05,-27.28,True
1.04,0.005,0.97,0.1,0.0,1.0,0.0,11.31,-24.57,True
1.04,0.005,0.97,0.1,0.1,0.0,1.0,14.77,-28.17,True
1.04,0.005,0.97,0.1,0.1,0.25,0.75,14.28,-26.03,True
1.04,0.005,0.97,0.1,0.1,0.5,0.5,13.75,-23.82,True
1.04,0.005,0.97,0.1,0.1,0.75,0.25,13.15,-21.54,True
1.04,0.005,0.97,0.1,0.1,1.0,0.0,12.51,-19.21,True
1.04,0.005,0.97,0.1,0.2,0.0,1.0,15.4,-24.4,True
1.04,0.005,0.97,0.1,0.2,0.25,0.75,14.95,-23.68,True
1.04,0.005,0.97,0.1,0.2,0.5,0.5,14.45,-22.86,True
1.04,0.005,0.97,0.1,0.2,0.75,0.25,13.92,-21.91,True
1.04,0.005,0.97,0.1,0.2,1.0,0.0,13.35,-20.81,True
1.04,0.005,0.97,0.1,0.3,0.0,1.0,15.61,-25.52,True
1.04,0.005,0.97,0.1,0.3,0.25,0.75,15.23,-24.98,True
1.04,0.005,0.97,0.1,0.3,0.5,0.5,14.81,-24.39,True
1.04,0.005,0.97,0.1,0.3,0.75,0.25,14.36,-23.73,True
1.04,0.005,0.97,0.1,0.3,1.0,0.0,13.88,-23.0,True
1.04,0.005,0.97,0.2,0.0,0.0,1.0,16.37,-32.26,True
1.04,0.005,0.97,0.2,0.0,0.25,0.75,15.72,-29.87,True
1.04,0.005,0.97,0.2,0.0,0.5,0.5,14.99,-27.43,True
1.04,0.005,0.97,0.2,0.0,0.75,0.25,14.17,-24.93,True
1.04,0.005,0.97,0.2,0.0,1.0,0.0,13.26,-22.37,True
1.04,0.005,0.97,0.2,0.1,0.0,1.0,16.83,-25.65,True
1.04,0.005,0.97,0.2,0.1,0.25,0.75,16.21,-23.59,True
1.04,0.005,0.97,0.2,0.1,0.5,0.5,15.53,-21.47,True
1.04,0.005,0.97,0.2,0.1,0.75,0.25,14.79,-19.58,True
1.04,0.005,0.97,0.2,0.1,1.0,0.0,13.97,-17.84,True
1.04,0.005,0.97,0.2,0.2,0.0,1.0,17.12,-24.01,True
1.04,0.005,0.97,0.2,0.2,0.25,0.75,16.55,-23.24,True
1.04,0.005,0.97,0.2,0.2,0.5,0.5,15.92,-22.35,True
1.04,0.005,0.97,0.2,0.2,0.75,0.25,15.23,-21.31,True
1.04,0.005,0.97,0.2,0.2,1.0,0.0,14.48,-20.07,True
1.04,0.005,0.97,0.2,0.3,0.0,1.0,17.14,-24.99,True
1.04,0.005,0.97,0.2,0.3,0.25,0.75,16.59,-24.39,True
1.04,0.005,0.97,0.2,0.3,0.5,0.5,16.01,-23.72,True
1.04,0.005,0.97,0.2,0.3,0.75,0.25,15.4,-22.97,True
1.04,0.005,0.97,0.2,0.3,1.0,0.0,14.75,-22.13,True
1.04,0.005,0.97,0.3,0.0,0.0,1.0,17.36,-29.69,True
1.04,0.005,0.97,0.3,0.0,0.25,0.75,16.66,-27.42,True
1.04,0.005,0.97,0.3,0.0,0.5,0.5,15.88,-25.09,True
1.04,0.005,0.97,0.3,0.0,0.75,0.25,15.0,-22.71,True
1.04,0.005,0.97,0.3,0.0,1.0,0.0,14.02,-20.28,True
1.04,0.005,0.97,0.3,0.1,0.0,1.0,17.33,-25.03,True
1.04,0.005,0.97,0.3,0.1,0.25,0.75,16.69,-22.99,True
1.04,0.005,0.97,0.3,0.1,0.5,0.5,15.97,-20.91,True
1.04,0.005,0.97,0.3,0.1,0.75,0.25,15.19,-19.49,True
1.04,0.005,0.97,0.3,0.1,1.0,0.0,14.34,-17.73,True
1.04,0.005,0.97,0.3,0.2,0.0,1.0,17.38,-23.98,True
1.04,0.005,0.97,0.3,0.2,0.25,0.75,16.79,-23.2,True
1.04,0.005,0.97,0.3,0.2,0.5,0.5,16.15,-22.29,True
1.04,0.005,0.97,0.3,0.2,0.75,0.25,15.45,-21.22,True
1.04,0.005,0.97,0.3,0.2,1.0,0.0,14.7,-19.96,True
1.04,0.005,0.97,0.3,0.3,0.0,1.0,17.45,-24.89,True
1.04,0.005,0.97,0.3,0.3,0.25,0.75,16.91,-24.28,True
1.04,0.005,0.97,0.3,0.3,0.5,0.5,16.32,-23.58,True
1.04,0.005,0.97,0.3,0.3,0.75,0.25,15.7,-22.8,True
1.04,0.005,0.97,0.3,0.3,1.0,0.0,15.04,-21.92,True
1.04,0.005,0.97,0.4,0.0,0.0,1.0,17.74,-30.07,True
1.04,0.005,0.97,0.4,0.0,0.25,0.75,17.02,-27.76,True
1.04,0.005,0.97,0.4,0.0,0.5,0.5,16.22,-25.4,True
1.04,0.005,0.97,0.4,0.0,0.75,0.25,15.32,-22.98,True
1.04,0.005,0.97,0.4,0.0,1.0,0.0,14.32,-20.51,True
1.04,0.005,0.97,0.4,0.1,0.0,1.0,17.85,-25.46,True
1.04,0.005,0.97,0.4,0.1,0.25,0.75,17.18,-23.4,True
1.04,0.005,0.97,0.4,0.1,0.5,0.5,16.43,-21.26,True
1.04,0.005,0.97,0.4,0.1,0.75,0.25,15.62,-19.4,True
1.04,0.005,0.97,0.4,0.1,1.0,0.0,14.72,-17.61,True
1.04,0.005,0.97,0.4,0.2,0.0,1.0,17.96,-23.85,True
1.04,0.005,0.97,0.4,0.2,0.25,0.75,17.32,-23.06,True
1.04,0.005,0.97,0.4,0.2,0.5,0.5,16.62,-22.13,True
1.04,0.005,0.97,0.4,0.2,0.75,0.25,15.87,-21.04,True
1.04,0.005,0.97,0.4,0.2,1.0,0.0,15.05,-19.74,True
1.04,0.005,0.97,0.4,0.3,0.0,1.0,18.01,-24.71,True
1.04,0.005,0.97,0.4,0.3,0.25,0.75,17.4,-24.08,True
1.04,0.005,0.97,0.4,0.3,0.5,0.5,16.74,-23.36,True
1.04,0.005,0.97,0.4,0.3,0.75,0.25,16.04,-22.56,True
1.04,0.005,0.97,0.4,0.3,1.0,0.0,15.32,-21.65,True
1.04,0.005,0.99,0.1,0.0,0.0,1.0,7.71,-28.1,True
1.04,0.005,0.99,0.1,0.0,0.25,0.75,7.52,-26.0,True
1.04,0.005,0.99,0.1,0.0,0.5,0.5,7.29,-23.87,True
1.04,0.005,0.99,0.1,0.0,0.75,0.25,7.0,-21.71,True
1.04,0.005,0.99,0.1,0.0,1.0,0.0,6.67,-19.52,True
1.04,0.005,0.99,0.1,0.1,0.0,1.0,10.35,-23.7,True
1.04,0.005,0.99,0.1,0.1,0.25,0.75,10.17,-21.83,True
1.04,0.005,0.99,0.1,0.1,0.5,0.5,9.97,-20.2,True
1.04,0.005,0.99,0.1,0.1,0.75,0.25,9.74,-19.54,True
1.04,0.005,0.99,0.1,0.1,1.0,0.0,9.48,-18.95,True
1.04,0.005,0.99,0.1,0.2,0.0,1.0,11.71,-24.37,True
1.04,0.005,0.99,0.1,0.2,0.25,0.75,11.58,-23.85,True
1.04,0.005,0.99,0.1,0.2,0.5,0.5,11.43,-23.39,True
1.04,0.005,0.99,0.1,0.2,0.75,0.25,11.25,-23.0,True
1.04,0.005,0.99,0.1,0.2,1.0,0.0,11.04,-22.7,True
1.04,0.005,0.99,0.1,0.3,0.0,1.0,12.77,-26.08,True
1.04,0.005,0.99,0.1,0.3,0.25,0.75,12.66,-25.72,True
1.04,0.005,0.99,0.1,0.3,0.5,0.5,12.52,-25.44,True
1.04,0.005,0.99,0.1,0.3,0.75,0.25,12.36,-25.25,True
1.04,0.005,0.99,0.1,0.3,1.0,0.0,12.18,-25.14,True
1.04,0.005,0.99,0.2,0.0,0.0,1.0,10.07,-32.24,True
1.04,0.005,0.99,0.2,0.0,0.25,0.75,9.77,-29.85,True
1.04,0.005,0.99,0.2,0.0,0.5,0.5,9.42,-27.42,True
1.04,0.005,0.99,0.2,0.0,0.75,0.25,9.0,-24.92,True
1.04,0.005,0.99,0.2,0.0,1.0,0.0,8.52,-22.37,True
1.04,0.005,0.99,0.2,0.1,0.0,1.0,12.1,-29.98,True
1.04,0.005,0.99,0.2,0.1,0.25,0.75,11.8,-27.69,True
1.04,0.005,0.99,0.2,0.1,0.5,0.5,11.46,-25.35,True
1.04,0.005,0.99,0.2,0.1,0.75,0.25,11.08,-22.97,True
1.04,0.005,0.99,0.2,0.1,1.0,0.0,10.68,-20.54,True
1.04,0.005,0.99,0.2,0.2,0.0,1.0,13.0,-27.54,True
1.04,0.005,0.99,0.2,0.2,0.25,0.75,12.75,-25.36,True
1.04,0.005,0.99,0.2,0.2,0.5,0.5,12.47,-23.15,True
1.04,0.005,0.99,0.2,0.2,0.75,0.25,12.17,-21.52,True
1.04,0.005,0.99,0.2,0.2,1.0,0.0,11.84,-21.27,True
1.04,0.005,0.99,0.2,0.3,0.0,1.0,13.72,-24.87,True
1.04,0.005,0.99,0.2,0.3,0.25,0.75,13.52,-24.28,True
1.04,0.005,0.99,0.2,0.3,0.5,0.5,13.29,-23.98,True
1.04,0.005,0.99,0.2,0.3,0.75,0.25,13.05,-23.79,True
1.04,0.005,0.99,0.2,0.3,1.0,0.0,12.78,-23.71,True
1.04,0.005,0.99,0.3,0.0,0.0,1.0,11.83,-35.26,True
1.04,0.005,0.99,0.3,0.0,0.25,0.75,11.43,-32.69,True
1.04,0.005,0.99,0.3,0.0,0.5,0.5,10.96,-30.05,True
1.04,0.005,0.99,0.3,0.0,0.75,0.25,10.42,-27.34,True
1.04,0.005,0.99,0.3,0.0,1.0,0.0,9.81,-24.56,True
1.04,0.005,0.99,0.3,0.1,0.0,1.0,12.89,-32.65,True
1.04,0.005,0.99,0.3,0.1,0.25,0.75,12.55,-30.18,True
1.04,0.005,0.99,0.3,0.1,0.5,0.5,12.16,-27.66,True
1.04,0.005,0.99,0.3,0.1,0.75,0.25,11.74,-25.07,True
1.04,0.005,0.99,0.3,0.1,1.0,0.0,11.27,-22.42,True
1.04,0.005,0.99,0.3,0.2,0.0,1.0,13.8,-29.3,True
1.04,0.005,0.99,0.3,0.2,0.25,0.75,13.5,-27.01,True
1.04,0.005,0.99,0.3,0.2,0.5,0.5,13.16,-24.66,True
1.04,0.005,0.99,0.3,0.2,0.75,0.25,12.79,-22.27,True
1.04,0.005,0.99,0.3,0.2,1.0,0.0,12.38,-20.6,True
1.04,0.005,0.99,0.3,0.3,0.0,1.0,14.44,-26.78,True
1.04,0.005,0.99,0.3,0.3,0.25,0.75,14.14,-25.94,True
1.04,0.005,0.99,0.3,0.3,0.5,0.5,13.82,-25.1,True
1.04,0.005,0.99,0.3,0.3,0.75,0.25,13.46,-24.26,True
1.04,0.005,0.99,0.3,0.3,1.0,0.0,13.09,-23.42,True
1.04,0.005,0.99,0.4,0.0,0.0,1.0,12.73,-36.46,True
1.04,0.005,0.99,0.4,0.0,0.25,0.75,12.27,-33.82,True
1.04,0.005,0.99,0.4,0.0,0.5,0.5,11.74,-31.1,True
1.04,0.005,0.99,0.4,0.0,0.75,0.25,11.14,-28.3,True
1.04,0.005,0.99,0.4,0.0,1.0,0.0,10.46,-25.42,True
1.04,0.005,0.99,0.4,0.1,0.0,1.0,13.77,-33.17,True
1.04,0.005,0.99,0.4,0.1,0.25,0.75,13.36,-30.69,True
1.04,0.005,0.99,0.4,0.1,0.5,0.5,12.91,-28.14,True
1.04,0.005,0.99,0.4,0.1,0.75,0.25,12.39,-25.52,True
1.04,0.005,0.99,0.4,0.1,1.0,0.0,11.83,-22.83,True
1.04,0.005,0.99,0.4,0.2,0.0,1.0,14.29,-29.66,True
1.04,0.005,0.99,0.4,0.2,0.25,0.75,13.91,-27.37,True
1.04,0.005,0.99,0.4,0.2,0.5,0.5,13.5,-25.01,True
1.04,0.005,0.99,0.4,0.2,0.75,0.25,13.05,-22.6,True
1.04,0.005,0.99,0.4,0.2,1.0,0.0,12.58,-20.35,True
1.04,0.005,0.99,0.4,0.3,0.0,1.0,14.69,-26.97,True
1.04,0.005,0.99,0.4,0.3,0.25,0.75,14.36,-26.11,True
1.04,0.005,0.99,0.4,0.3,0.5,0.5,14.0,-25.25,True
1.04,0.005,0.99,0.4,0.3,0.75,0.25,13.63,-24.39,True
1.04,0.005,0.99,0.4,0.3,1.0,0.0,13.24,-23.53,True
1.04,0.005,1.0,0.1,0.0,0.0,1.0,2.5,-23.84,True
1.04,0.005,1.0,0.1,0.0,0.25,0.75,2.66,-22.25,True
1.04,0.005,1.0,0.1,0.0,0.5,0.5,2.8,-20.66,True
1.04,0.005,1.0,0.1,0.0,0.75,0.25,2.9,-19.06,True
1.04,0.005,1.0,0.1,0.0,1.0,0.0,2.98,-17.46,True
1.04,0.005,1.0,0.1,0.1,0.0,1.0,7.96,-23.91,True
1.04,0.005,1.0,0.1,0.1,0.25,0.75,7.95,-23.25,True
1.04,0.005,1.0,0.1,0.1,0.5,0.5,7.93,-22.61,True
1.04,0.005,1.0,0.1,0.1,0.75,0.25,7.89,-21.99,True
1.04,0.005,1.0,0.1,0.1,1.0,0.0,7.84,-21.4,True
1.04,0.005,1.0,0.1,0.2,0.0,1.0,10.14,-26.63,True
1.04,0.005,1.0,0.1,0.2,0.25,0.75,10.13,-26.2,True
1.04,0.005,1.0,0.1,0.2,0.5,0.5,10.1,-25.78,True
1.04,0.005,1.0,0.1,0.2,0.75,0.25,10.05,-25.39,True
1.04,0.005,1.0,0.1,0.2,1.0,0.0,9.99,-25.05,True
1.04,0.005,1.0,0.1,0.3,0.0,1.0,11.52,-28.14,True
1.04,0.005,1.0,0.1,0.3,0.25,0.75,11.49,-27.85,True
1.04,0.005,1.0,0.1,0.3,0.5,0.5,11.46,-27.6,True
1.04,0.005,1.0,0.1,0.3,0.75,0.25,11.41,-27.38,True
1.04,0.005,1.0,0.1,0.3,1.0,0.0,11.35,-27.18,True
1.04,0.005,1.0,0.2,0.0,0.0,1.0,5.57,-28.84,True
1.04,0.005,1.0,0.2,0.0,0.25,0.75,5.59,-26.66,True
1.04,0.005,1.0,0.2,0.0,0.5,0.5,5.57,-24.43,True
1.04,0.005,1.0,0.2,0.0,0.75,0.25,5.5,-22.15,True
1.04,0.005,1.0,0.2,0.0,1.0,0.0,5.39,-19.83,True
1.04,0.005,1.0,0.2,0.1,0.0,1.0,9.16,-26.79,True
1.04,0.005,1.0,0.2,0.1,0.25,0.75,9.1,-24.69,True
1.04,0.005,1.0,0.2,0.1,0.5,0.5,9.03,-22.56,True
1.04,0.005,1.0,0.2,0.1,0.75,0.25,8.92,-20.38,True
1.04,0.005,1.0,0.2,0.1,1.0,0.0,8.8,-19.61,True
1.04,0.005,1.0,0.2,0.2,0.0,1.0,10.86,-24.87,True
1.04,0.005,1.0,0.2,0.2,0.25,0.75,10.81,-24.41,True
1.04,0.005,1.0,0.2,0.2,0.5,0.5,10.74,-24.0,True
1.04,0.005,1.0,0.2,0.2,0.75,0.25,10.65,-23.65,True
1.04,0.005,1.0,0.2,0.2,1.0,0.0,10.54,-23.38,True
1.04,0.005,1.0,0.2,0.3,0.0,1.0,12.06,-26.58,True
1.04,0.005,1.0,0.2,0.3,0.25,0.75,12.01,-26.27,True
1.04,0.005,1.0,0.2,0.3,0.5,0.5,11.94,-26.01,True
1.04,0.005,1.0,0.2,0.3,0.75,0.25,11.85,-25.82,True
1.04,0.005,1.0,0.2,0.3,1.0,0.0,11.74,-25.7,True
1.04,0.005,1.0,0.3,0.0,0.0,1.0,7.49,-31.8,True
1.04,0.005,1.0,0.3,0.0,0.25,0.75,7.39,-29.42,True
1.04,0.005,1.0,0.3,0.0,0.5,0.5,7.25,-26.99,True
1.04,0.005,1.0,0.3,0.0,0.75,0.25,7.05,-24.49,True
1.04,0.005,1.0,0.3,0.0,1.0,0.0,6.8,-21.93,True
1.04,0.005,1.0,0.3,0.1,0.0,1.0,9.99,-29.39,True
1.04,0.005,1.0,0.3,0.1,0.25,0.75,9.88,-27.11,True
1.04,0.005,1.0,0.3,0.1,0.5,0.5,9.75,-24.79,True
1.04,0.005,1.0,0.3,0.1,0.75,0.25,9.59,-22.41,True
1.04,0.005,1.0,0.3,0.1,1.0,0.0,9.39,-19.97,True
1.04,0.005,1.0,0.3,0.2,0.0,1.0,11.39,-26.32,True
1.04,0.005,1.0,0.3,0.2,0.25,0.75,11.29,-24.2,True
1.04,0.005,1.0,0.3,0.2,0.5,0.5,11.16,-23.18,True
1.04,0.005,1.0,0.3,0.2,0.75,0.25,11.02,-22.85,True
1.04,0.005,1.0,0.3,0.2,1.0,0.0,10.86,-22.6,True
1.04,0.005,1.0,0.3,0.3,0.0,1.0,12.31,-26.09,True
1.04,0.005,1.0,0.3,0.3,0.25,0.75,12.23,-25.77,True
1.04,0.005,1.0,0.3,0.3,0.5,0.5,12.14,-25.51,True
1.04,0.005,1.0,0.3,0.3,0.75,0.25,12.03,-25.32,True
1.04,0.005,1.0,0.3,0.3,1.0,0.0,11.91,-25.2,True
1.04,0.005,1.0,0.4,0.0,0.0,1.0,8.55,-32.99,True
1.04,0.005,1.0,0.4,0.0,0.25,0.75,8.38,-30.53,True
1.04,0.005,1.0,0.4,0.0,0.5,0.5,8.16,-28.01,True
1.04,0.005,1.0,0.4,0.0,0.75,0.25,7.89,-25.42,True
1.04,0.005,1.0,0.4,0.0,1.0,0.0,7.57,-22.76,True
1.04,0.005,1.0,0.4,0.1,0.0,1.0,10.52,-29.97,True
1.04,0.005,1.0,0.4,0.1,0.25,0.75,10.37,-27.67,True
1.04,0.005,1.0,0.4,0.1,0.5,0.5,10.19,-25.31,True
1.04,0.005,1.0,0.4,0.1,0.75,0.25,9.97,-22.89,True
1.04,0.005,1.0,0.4,0.1,1.0,0.0,9.73,-20.41,True
1.04,0.005,1.0,0.4,0.2,0.0,1.0,11.58,-26.77,True
1.04,0.005,1.0,0.4,0.2,0.25,0.75,11.46,-24.63,True
1.04,0.005,1.0,0.4,0.2,0.5,0.5,11.33,-22.88,True
1.04,0.005,1.0,0.4,0.2,0.75,0.25,11.18,-22.54,True
1.04,0.005,1.0,0.4,0.2,1.0,0.0,11.0,-22.28,True
1.04,0.005,1.0,0.4,0.3,0.0,1.0,12.34,-26.05,True
1.04,0.005,1.0,0.4,0.3,0.25,0.75,12.26,-25.73,True
1.04,0.005,1.0,0.4,0.3,0.5,0.5,12.16,-25.46,True
1.04,0.005,1.0,0.4,0.3,0.75,0.25,12.05,-25.27,True
1.04,0.005,1.0,0.4,0.3,1.0,0.0,11.92,-25.16,True
1.04,0.005,1.01,0.1,0.0,0.0,1.0,6.75,-19.4,True
1.04,0.005,1.01,0.1,0.0,0.25,0.75,6.52,-17.8,True
1.04,0.005,1.01,0.1,0.0,0.5,0.5,6.27,-16.19,True
1.04,0.005,1.01,0.1,0.0,0.75,0.25,6.0,-14.56,True
1.04,0.005,1.01,0.1,0.0,1.0,0.0,5.7,-12.92,True
1.04,0.005,1.01,0.1,0.1,0.0,1.0,9.54,-18.24,True
1.04,0.005,1.01,0.1,0.1,0.25,0.75,9.38,-16.75,True
1.04,0.005,1.01,0.1,0.1,0.5,0.5,9.2,-15.25,True
1.04,0.005,1.01,0.1,0.1,0.75,0.25,9.0,-15.22,True
1.04,0.005,1.01,0.1,0.1,1.0,0.0,8.79,-15.4,True
1.04,0.005,1.01,0.1,0.2,0.0,1.0,11.26,-20.09,True
1.04,0.005,1.01,0.1,0.2,0.25,0.75,11.12,-20.24,True
1.04,0.005,1.01,0.1,0.2,0.5,0.5,10.97,-20.41,True
1.04,0.005,1.01,0.1,0.2,0.75,0.25,10.8,-20.63,True
1.04,0.005,1.01,0.1,0.2,1.0,0.0,10.62,-20.9,True
1.04,0.005,1.01,0.1,0.3,0.0,1.0,12.35,-23.53,True
1.04,0.005,1.01,0.1,0.3,0.25,0.75,12.23,-23.67,True
1.04,0.005,1.01,0.1,0.3,0.5,0.5,12.1,-23.86,True
1.04,0.005,1.01,0.1,0.3,0.75,0.25,11.96,-24.08,True
1.04,0.005,1.01,0.1,0.3,1.0,0.0,11.8,-24.32,True
1.04,0.005,1.01,0.2,0.0,0.0,1.0,9.2,-26.1,True
1.04,0.005,1.01,0.2,0.0,0.25,0.75,8.86,-24.09,True
1.04,0.005,1.01,0.2,0.0,0.5,0.5,8.49,-22.04,True
1.04,0.005,1.01,0.2,0.0,0.75,0.25,8.07,-19.96,True
1.04,0.005,1.01,0.2,0.0,1.0,0.0,7.62,-17.83,True
1.04,0.005,1.01,0.2,0.1,0.0,1.0,10.99,-24.31,True
1.04,0.005,1.01,0.2,0.1,0.25,0.75,10.73,-22.37,True
1.04,0.005,1.01,0.2,0.1,0.5,0.5,10.44,-20.4,True
1.04,0.005,1.01,0.2,0.1,0.75,0.25,10.14,-18.4,True
1.04,0.005,1.01,0.2,0.1,1.0,0.0,9.81,-16.37,True
1.04,0.005,1.01,0.2,0.2,0.0,1.0,12.12,-22.39,True
1.04,0.005,1.01,0.2,0.2,0.25,0.75,11.9,-20.53,True
1.04,0.005,1.01,0.2,0.2,0.5,0.5,11.67,-19.35,True
1.04,0.005,1.01,0.2,0.2,0.75,0.25,11.43,-19.62,True
1.04,0.005,1.01,0.2,0.2,1.0,0.0,11.19,-19.97,True
1.04,0.005,1.01,0.2,0.3,0.0,1.0,12.92,-22.79,True
1.04,0.005,1.01,0.2,0.3,0.25,0.75,12.76,-22.91,True
1.04,0.005,1.01,0.2,0.3,0.5,0.5,12.58,-23.1,True
1.04,0.005,1.01,0.2,0.3,0.75,0.25,12.39,-23.34,True
1.04,0.005,1.01,0.2,0.3,1.0,0.0,12.19,-23.56,True
1.04,0.005,1.01,0.3,0.0,0.0,1.0,10.43,-28.66,True
1.04,0.005,1.01,0.3,0.0,0.25,0.75,10.04,-26.48,True
1.04,0.005,1.01,0.3,0.0,0.5,0.5,9.6,-24.25,True
1.04,0.005,1.01,0.3,0.0,0.75,0.25,9.11,-21.97,True
1.04,0.005,1.01,0.3,0.0,1.0,0.0,8.57,-19.64,True
1.04,0.005,1.01,0.3,0.1,0.0,1.0,11.7,-26.56,True
1.04,0.005,1.01,0.3,0.1,0.25,0.75,11.39,-24.46,True
1.04,0.005,1.01,0.3,0.1,0.5,0.5,11.06,-22.32,True
1.04,0.005,1.01,0.3,0.1,0.75,0.25,10.7,-20.14,True
1.04,0.005,1.01,0.3,0.1,1.0,0.0,10.32,-17.91,True
1.04,0.005,1.01,0.3,0.2,0.0,1.0,12.64,-24.0,True
1.04,0.005,1.01,0.3,0.2,0.25,0.75,12.39,-22.01,True
1.04,0.005,1.01,0.3,0.2,0.5,0.5,12.11,-20.0,True
1.04,0.005,1.01,0.3,0.2,0.75,0.25,11.82,-19.74,True
1.04,0.005,1.01,0.3,0.2,1.0,0.0,11.51,-19.91,True
1.04,0.005,1.01,0.3,0.3,0.0,1.0,13.32,-22.67,True
1.04,0.005,1.01,0.3,0.3,0.25,0.75,13.11,-22.64,True
1.04,0.005,1.01,0.3,0.3,0.5,0.5,12.88,-22.69,True
1.04,0.005,1.01,0.3,0.3,0.75,0.25,12.65,-22.83,True
1.04,0.005,1.01,0.3,0.3,1.0,0.0,12.41,-23.07,True
1.04,0.005,1.01,0.4,0.0,0.0,1.0,11.16,-29.72,True
1.04,0.005,1.01,0.4,0.0,0.25,0.75,10.73,-27.47,True
1.04,0.005,1.01,0.4,0.0,0.5,0.5,10.24,-25.16,True
1.04,0.005,1.01,0.4,0.0,0.75,0.25,9.71,-22.8,True
1.04,0.005,1.01,0.4,0.0,1.0,0.0,9.12,-20.37,True
1.04,0.005,1.01,0.4,0.1,0.0,1.0,12.26,-27.22,True
1.04,0.005,1.01,0.4,0.1,0.25,0.75,11.9,-25.08,True
1.04,0.005,1.01,0.4,0.1,0.5,0.5,11.52,-22.89,True
1.04,0.005,1.01,0.4,0.1,0.75,0.25,11.11,-20.65,True
1.04,0.005,1.01,0.4,0.1,1.0,0.0,10.67,-18.37,True
1.04,0.005,1.01,0.4,0.2,0.0,1.0,12.98,-24.6,True
1.04,0.005,1.01,0.4,0.2,0.25,0.75,12.69,-22.57,True
1.04,0.005,1.01,0.4,0.2,0.5,0.5,12.39,-20.52,True
1.04,0.005,1.01,0.4,0.2,0.75,0.25,12.06,-19.43,True
1.04,0.005,1.01,0.4,0.2,1.0,0.0,11.72,-19.58,True
1.04,0.005,1.01,0.4,0.3,0.0,1.0,13.53,-22.45,True
1.04,0.005,1.01,0.4,0.3,0.25,0.75,13.3,-22.4,True
1.04,0.005,1.01,0.4,0.3,0.5,0.5,13.06,-22.44,True
1.04,0.005,1.01,0.4,0.3,0.75,0.25,12.81,-22.57,True
1.04,0.005,1.01,0.4,0.3,1.0,0.0,12.55,-22.8,True
1.04,0.005,1.02,0.1,0.0,0.0,1.0,4.6,-18.97,True
1.04,0.005,1.02,0.1,0.0,0.25,0.75,4.51,-17.45,True
1.04,0.005,1.02,0.1,0.0,0.5,0.5,4.4,-15.95,True
1.04,0.005,1.02,0.1,0.0,0.75,0.25,4.27,-14.41,True
1.04,0.005,1.02,0.1,0.0,1.0,0.0,4.12,-12.8,True
1.04,0.005,1.02,0.1,0.1,0.0,1.0,8.46,-18.16,True
1.04,0.005,1.02,0.1,0.1,0.25,0.75,8.37,-17.63,True
1.04,0.005,1.02,0.1,0.1,0.5,0.5,8.28,-17.54,True
1.04,0.005,1.02,0.1,0.1,0.75,0.25,8.17,-17.47,True
1.04,0.005,1.02,0.1,0.1,1.0,0.0,8.05,-17.45,True
1.04,0.005,1.02,0.1,0.2,0.0,1.0,10.44,-23.04,True
1.04,0.005,1.02,0.1,0.2,0.25,0.75,10.36,-22.97,True
1.04,0.005,1.02,0.1,0.2,0.5,0.5,10.27,-22.94,True
1.04,0.005,1.02,0.1,0.2,0.75,0.25,10.18,-22.93,True
1.04,0.005,1.02,0.1,0.2,1.0,0.0,10.08,-22.96,True
1.04,0.005,1.02,0.1,0.3,0.0,1.0,11.83,-25.77,True
1.04,0.005,1.02,0.1,0.3,0.25,0.75,11.75,-25.74,True
1.04,0.005,1.02,0.1,0.3,0.5,0.5,11.66,-25.74,True
1.04,0.005,1.02,0.1,0.3,0.75,0.25,11.56,-25.76,True
1.04,0.005,1.02,0.1,0.3,1.0,0.0,11.46,-25.77,True
1.04,0.005,1.02,0.2,0.0,0.0,1.0,7.0,-26.1,True
1.04,0.005,1.02,0.2,0.0,0.25,0.75,6.81,-24.09,True
1.04,0.005,1.02,0.2,0.0,0.5,0.5,6.59,-22.04,True
1.04,0.005,1.02,0.2,0.0,0.75,0.25,6.34,-19.96,True
1.04,0.005,1.02,0.2,0.0,1.0,0.0,6.05,-17.83,True
1.04,0.005,1.02,0.2,0.1,0.0,1.0,9.82,-24.28,True
1.04,0.005,1.02,0.2,0.1,0.25,0.75,9.65,-22.34,True
1.04,0.005,1.02,0.2,0.1,0.5,0.5,9.46,-20.38,True
1.04,0.005,1.02,0.2,0.1,0.75,0.25,9.25,-18.39,True
1.04,0.005,1.02,0.2,0.1,1.0,0.0,9.03,-17.22,True
1.04,0.005,1.02,0.2,0.2,0.0,1.0,11.31,-22.37,True
1.04,0.005,1.02,0.2,0.2,0.25,0.75,11.17,-22.18,True
1.04,0.005,1.02,0.2,0.2,0.5,0.5,11.02,-22.04,True
1.04,0.005,1.02,0.2,0.2,0.75,0.25,10.86,-21.94,True
1.04,0.005,1.02,0.2,0.2,1.0,0.0,10.68,-21.9,True
1.04,0.005,1.02,0.2,0.3,0.0,1.0,12.23,-25.17,True
1.04,0.005,1.02,0.2,0.3,0.25,0.75,12.13,-25.03,True
1.04,0.005,1.02,0.2,0.3,0.5,0.5,12.02,-24.94,True
1.04,0.005,1.02,0.2,0.3,0.75,0.25,11.9,-24.91,True
1.04,0.005,1.02,0.2,0.3,1.0,0.0,11.76,-24.91,True
1.04,0.005,1.02,0.3,0.0,0.0,1.0,8.06,-28.66,True
1.04,0.005,1.02,0.3,0.0,0.25,0.75,7.82,-26.48,True
1.04,0.005,1.02,0.3,0.0,0.5,0.5,7.55,-24.25,True
1.04,0.005,1.02,0.3,0.0,0.75,0.25,7.24,-21.97,True
1.04,0.005,1.02,0.3,0.0,1.0,0.0,6.89,-19.64,True
1.04,0.005,1.02,0.3,0.1,0.0,1.0,10.22,-26.51,True
1.04,0.005,1.02,0.3,0.1,0.25,0.75,10.04,-24.42,True
1.04,0.005,1.02,0.3,0.1,0.5,0.5,9.84,-22.29,True
1.04,0.005,1.02,0.3,0.1,0.75,0.25,9.61,-20.11,True
1.04,0.005,1.02,0.3,0.1,1.0,0.0,9.37,-17.89,True
1.04,0.005,1.02,0.3,0.2,0.0,1.0,11.38,-23.89,True
1.04,0.005,1.02,0.3,0.2,0.25,0.75,11.25,-22.25,True
1.04,0.005,1.02,0.3,0.2,0.5,0.5,11.09,-22.03,True
1.04,0.005,1.02,0.3,0.2,0.75,0.25,10.93,-21.88,True
1.04,0.005,1.02,0.3,0.2,1.0,0.0,10.75,-21.79,True
1.04,0.005,1.02,0.3,0.3,0.0,1.0,12.33,-24.86,True
1.04,0.005,1.02,0.3,0.3,0.25,0.75,12.23,-24.69,True
1.04,0.005,1.02,0.3,0.3,0.5,0.5,12.11,-24.58,True
1.04,0.005,1.02,0.3,0.3,0.75,0.25,11.99,-24.52,True
1.04,0.005,1.02,0.3,0.3,1.0,0.0,11.85,-24.51,True
1.04,0.005,1.02,0.4,0.0,0.0,1.0,8.53,-30.62,True
1.04,0.005,1.02,0.4,0.0,0.25,0.75,8.28,-28.44,True
1.04,0.005,1.02,0.4,0.0,0.5,0.5,7.99,-26.21,True
1.04,0.005,1.02,0.4,0.0,0.75,0.25,7.66,-23.92,True
1.04,0.005,1.02,0.4,0.0,1.0,0.0,7.29,-21.56,True
1.04,0.005,1.02,0.4,0.1,0.0,1.0,10.33,-27.74,True
1.04,0.005,1.02,0.4,0.1,0.25,0.75,10.15,-25.64,True
1.04,0.005,1.02,0.4,0.1,0.5,0.5,9.94,-23.46,True
1.04,0.005,1.02,0.4,0.1,0.75,0.25,9.71,-21.21,True
1.04,0.005,1.02,0.4,0.1,1.0,0.0,9.46,-18.89,True
1.04,0.005,1.02,0.4,0.2,0.0,1.0,11.51,-24.53,True
1.04,0.005,1.02,0.4,0.2,0.25,0.75,11.37,-22.52,True
1.04,0.005,1.02,0.4,0.2,0.5,0.5,11.22,-21.68,True
1.04,0.005,1.02,0.4,0.2,0.75,0.25,11.05,-21.51,True
1.04,0.005,1.02,0.4,0.2,1.0,0.0,10.87,-21.4,True
1.04,0.005,1.02,0.4,0.3,0.0,1.0,12.31,-24.75,True
1.04,0.005,1.02,0.4,0.3,0.25,0.75,12.21,-24.6,True
1.04,0.005,1.02,0.4,0.3,0.5,0.5,12.1,-24.5,True
1.04,0.005,1.02,0.4,0.3,0.75,0.25,11.97,-24.47,True
1.04,0.005,1.02,0.4,0.3,1.0,0.0,11.84,-24.49,True
1.04,0.01,0.95,0.1,0.0,0.0,1.0,14.11,-31.55,True
1.04,0.01,0.95,0.1,0.0,0.25,0.75,13.52,-29.19,True
1.04,0.01,0.95,0.1,0.0,0.5,0.5,12.86,-26.79,True
1.04,0.01,0.95,0.1,0.0,0.75,0.25,12.14,-24.37,True
1.04,0.01,0.95,0.1,0.0,1.0,0.0,11.35,-21.91,True
1.04,0.01,0.95,0.1,0.1,0.0,1.0,14.83,-30.08,True
1.04,0.01,0.95,0.1,0.1,0.25,0.75,14.32,-27.73,True
1.04,0.01,0.95,0.1,0.1,0.5,0.5,13.78,-25.28,True
1.04,0.01,0.95,0.1,0.1,0.75,0.25,13.18,-23.36,True
1.04,0.01,0.95,0.1,0.1,1.0,0.0,12.53,-21.07,True
1.04,0.01,0.95,0.1,0.2,0.0,1.0,15.54,-28.37,True
1.04,0.01,0.95,0.1,0.2,0.25,0.75,15.09,-27.22,True
1.04,0.01,0.95,0.1,0.2,0.5,0.5,14.6,-25.9,True
1.04,0.01,0.95,0.1,0.2,0.75,0.25,14.08,-24.34,True
1.04,0.01,0.95,0.1,0.2,1.0,0.0,13.53,-22.51,True
1.04,0.01,0.95,0.1,0.3,0.0,1.0,16.1,-28.67,True
1.04,0.01,0.95,0.1,0.3,0.25,0.75,15.68,-27.67,True
1.04,0.01,0.95,0.1,0.3,0.5,0.5,15.23,-26.54,True
1.04,0.01,0.95,0.1,0.3,0.75,0.25,14.76,-25.26,True
1.04,0.01,0.95,0.1,0.3,1.0,0.0,14.26,-23.83,True
1.04,0.01,0.95,0.2,0.0,0.0,1.0,17.8,-35.17,True
1.04,0.01,0.95,0.2,0.0,0.25,0.75,17.03,-32.55,True
1.04,0.01,0.95,0.2,0.0,0.5,0.5,16.18,-29.89,True
1.04,0.01,0.95,0.2,0.0,0.75,0.25,15.22,-27.18,True
1.04,0.01,0.95,0.2,0.0,1.0,0.0,14.16,-24.42,True
1.04,0.01,0.95,0.2,0.1,0.0,1.0,18.04,-28.12,True
1.04,0.01,0.95,0.2,0.1,0.25,0.75,17.31,-26.64,True
1.04,0.01,0.95,0.2,0.1,0.5,0.5,16.5,-25.06,True
1.04,0.01,0.95,0.2,0.1,0.75,0.25,15.63,-23.12,True
1.04,0.01,0.95,0.2,0.1,1.0,0.0,14.68,-20.69,True
1.04,0.01,0.95,0.2,0.2,0.0,1.0,18.07,-28.22,True
1.04,0.01,0.95,0.2,0.2,0.25,0.75,17.39,-27.04,True
1.04,0.01,0.95,0.2,0.2,0.5,0.5,16.66,-25.65,True
1.04,0.01,0.95,0.2,0.2,0.75,0.25,15.88,-24.0,True
1.04,0.01,0.95,0.2,0.2,1.0,0.0,15.04,-22.02,True
1.04,0.01,0.95,0.2,0.3,0.0,1.0,17.91,-28.55,True
1.04,0.01,0.95,0.2,0.3,0.25,0.75,17.31,-27.51,True
1.04,0.01,0.95,0.2,0.3,0.5,0.5,16.66,-26.31,True
1.04,0.01,0.95,0.2,0.3,0.75,0.25,15.97,-24.94,True
1.04,0.01,0.95,0.2,0.3,1.0,0.0,15.25,-23.39,True
1.04,0.01,0.95,0.3,0.0,0.0,1.0,18.7,-31.59,True
1.04,0.01,0.95,0.3,0.0,0.25,0.75,17.89,-29.13,True
1.04,0.01,0.95,0.3,0.0,0.5,0.5,16.99,-26.63,True
1.04,0.01,0.95,0.3,0.0,0.75,0.25,15.99,-24.09,True
1.04,0.01,0.95,0.3,0.0,1.0,0.0,14.87,-21.52,True
1.04,0.01,0.95,0.3,0.1,0.0,1.0,18.44,-27.95,True
1.04,0.01,0.95,0.3,0.1,0.25,0.75,17.7,-26.65,True
1.04,0.01,0.95,0.3,0.1,0.5,0.5,16.89,-25.07,True
1.04,0.01,0.95,0.3,0.1,0.75,0.25,16.0,-23.13,True
1.04,0.01,0.95,0.3,0.1,1.0,0.0,15.02,-20.69,True
1.04,0.01,0.95,0.3,0.2,0.0,1.0,18.0,-28.29,True
1.04,0.01,0.95,0.3,0.2,0.25,0.75,17.34,-27.13,True
1.04,0.01,0.95,0.3,0.2,0.5,0.5,16.62,-25.76,True
1.04,0.01,0.95,0.3,0.2,0.75,0.25,15.85,-24.13,True
1.04,0.01,0.95,0.3,0.2,1.0,0.0,15.02,-22.19,True
1.04,0.01,0.95,0.3,0.3,0.0,1.0,17.46,-28.72,True
1.04,0.01,0.95,0.3,0.3,0.25,0.75,16.92,-27.72,True
1.04,0.01,0.95,0.3,0.3,0.5,0.5,16.33,-26.57,True
1.04,0.01,0.95,0.3,0.3,0.75,0.25,15.69,-25.27,True
1.04,0.01,0.95,0.3,0.3,1.0,0.0,15.03,-23.78,True
1.04,0.01,0.95,0.4,0.0,0.0,1.0,18.37,-30.04,True
1.04,0.01,0.95,0.4,0.0,0.25,0.75,17.61,-27.64,True
1.04,0.01,0.95,0.4,0.0,0.5,0.5,16.76,-25.2,True
1.04,0.01,0.95,0.4,0.0,0.75,0.25,15.81,-22.74,True
1.04,0.01,0.95,0.4,0.0,1.0,0.0,14.74,-20.24,True
1.04,0.01,0.95,0.4,0.1,0.0,1.0,17.85,-28.0,True
1.04,0.01,0.95,0.4,0.1,0.25,0.75,17.19,-26.71,True
1.04,0.01,0.95,0.4,0.1,0.5,0.5,16.45,-25.15,True
1.04,0.01,0.95,0.4,0.1,0.75,0.25,15.63,-23.23,True
1.04,0.01,0.95,0.4,0.1,1.0,0.0,14.72,-20.83,True
1.04,0.01,0.95,0.4,0.2,0.0,1.0,17.57,-28.37,True
1.04,0.01,0.95,0.4,0.2,0.25,0.75,16.99,-27.23,True
1.04,0.01,0.95,0.4,0.2,0.5,0.5,16.34,-25.88,True
1.04,0.01,0.95,0.4,0.2,0.75,0.25,15.63,-24.28,True
1.04,0.01,0.95,0.4,0.2,1.0,0.0,14.85,-22.36,True
1.04,0.01,0.95,0.4,0.3,0.0,1.0,17.61,-28.73,True
1.04,0.01,0.95,0.4,0.3,0.25,0.75,17.06,-27.72,True
1.04,0.01,0.95,0.4,0.3,0.5,0.5,16.47,-26.57,True
1.04,0.01,0.95,0.4,0.3,0.75,0.25,15.83,-25.25,True
1.04,0.01,0.95,0.4,0.3,1.0,0.0,15.14,-23.74,True
1.04,0.01,0.97,0.1,0.0,0.0,1.0,9.41,-25.32,True
1.04,0.01,0.97,0.1,0.0,0.25,0.75,9.13,-23.4,True
1.04,0.01,0.97,0.1,0.0,0.5,0.5,8.8,-21.46,True
1.04,0.01,0.97,0.1,0.0,0.75,0.25,8.41,-19.5,True
1.04,0.01,0.97,0.1,0.0,1.0,0.0,7.95,-17.52,True
1.04,0.01,0.97,0.1,0.1,0.0,1.0,11.93,-23.72,True
1.04,0.01,0.97,0.1,0.1,0.25,0.75,11.65,-22.87,True
1.04,0.01,0.97,0.1,0.1,0.5,0.5,11.34,-21.86,True
1.04,0.01,0.97,0.1,0.1,0.75,0.25,10.98,-20.65,True
1.04,0.01,0.97,0.1,0.1,1.0,0.0,10.59,-19.18,True
1.04,0.01,0.97,0.1,0.2,0.0,1.0,13.36,-24.84,True
1.04,0.01,0.97,0.1,0.2,0.25,0.75,13.09,-24.21,True
1.04,0.01,0.97,0.1,0.2,0.5,0.5,12.8,-23.49,True
1.04,0.01,0.97,0.1,0.2,0.75,0.25,12.48,-22.66,True
1.04,0.01,0.97,0.1,0.2,1.0,0.0,12.12,-21.71,True
1.04,0.01,0.97,0.1,0.3,0.0,1.0,14.35,-25.78,True
1.04,0.01,0.97,0.1,0.3,0.25,0.75,14.08,-25.31,True
1.04,0.01,0.97,0.1,0.3,0.5,0.5,13.8,-24.8,True
1.04,0.01,0.97,0.1,0.3,0.75,0.25,13.49,-24.25,True
1.04,0.01,0.97,0.1,0.3,1.0,0.0,13.15,-23.65,True
1.04,0.01,0.97,0.2,0.0,0.0,1.0,14.41,-34.3,True
1.04,0.01,0.97,0.2,0.0,0.25,0.75,13.85,-31.79,True
1.04,0.01,0.97,0.2,0.0,0.5,0.5,13.21,-29.22,True
1.04,0.01,0.97,0.2,0.0,0.75,0.25,12.49,-26.61,True
1.04,0.01,0.97,0.2,0.0,1.0,0.0,11.67,-23.96,True
1.04,0.01,0.97,0.2,0.1,0.0,1.0,15.02,-28.14,True
1.04,0.01,0.97,0.2,0.1,0.25,0.75,14.51,-25.98,True
1.04,0.01,0.97,0.2,0.1,0.5,0.5,13.95,-23.76,True
1.04,0.01,0.97,0.2,0.1,0.75,0.25,13.32,-21.47,True
1.04,0.01,0.97,0.2,0.1,1.0,0.0,12.64,-19.1,True
1.04,0.01,0.97,0.2,0.2,0.0,1.0,15.27,-24.39,True
1.04,0.01,0.97,0.2,0.2,0.25,0.75,14.84,-23.69,True
1.04,0.01,0.97,0.2,0.2,0.5,0.5,14.36,-22.88,True
1.04,0.01,0.97,0.2,0.2,0.75,0.25,13.84,-21.95,True
1.04,0.01,0.97,0.2,0.2,1.0,0.0,13.28,-20.87,True
1.04,0.01,0.97,0.2,0.3,0.0,1.0,15.47,-25.56,True
1.04,0.01,0.97,0.2,0.3,0.25,0.75,15.1,-25.04,True
1.04,0.01,0.97,0.2,0.3,0.5,0.5,14.71,-24.47,True
1.04,0.01,0.97,0.2,0.3,0.75,0.25,14.27,-23.85,True
1.04,0.01,0.97,0.2,0.3,1.0,0.0,13.79,-23.17,True
1.04,0.01,0.97,0.3,0.0,0.0,1.0,15.42,-34.13,True
1.04,0.01,0.97,0.3,0.0,0.25,0.75,14.81,-31.62,True
1.04,0.01,0.97,0.3,0.0,0.5,0.5,14.11,-29.05,True
1.04,0.01,0.97,0.3,0.0,0.75,0.25,13.33,-26.44,True
1.04,0.01,0.97,0.3,0.0,1.0,0.0,12.45,-23.78,True
1.04,0.01,0.97,0.3,0.1,0.0,1.0,15.54,-27.19,True
1.04,0.01,0.97,0.3,0.1,0.25,0.75,15.01,-25.08,True
1.04,0.01,0.97,0.3,0.1,0.5,0.5,14.41,-22.91,True
1.04,0.01,0.97,0.3,0.1,0.75,0.25,13.74,-20.67,True
1.04,0.01,0.97,0.3,0.1,1.0,0.0,13.01,-18.37,True
1.04,0.01,0.97,0.3,0.2,0.0,1.0,15.58,-24.43,True
1.04,0.01,0.97,0.3,0.2,0.25,0.75,15.11,-23.72,True
1.04,0.01,0.97,0.3,0.2,0.5,0.5,14.6,-22.91,True
1.04,0.01,0.97,0.3,0.2,0.75,0.25,14.05,-21.97,True
1.04,0.01,0.97,0.3,0.2,1.0,0.0,13.45,-20.87,True
1.04,0.01,0.97,0.3,0.3,0.0,1.0,15.8,-25.49,True
1.04,0.01,0.97,0.3,0.3,0.25,0.75,15.4,-24.95,True
1.04,0.01,0.97,0.3,0.3,0.5,0.5,14.97,-24.34,True
1.04,0.01,0.97,0.3,0.3,0.75,0.25,14.49,-23.68,True
1.04,0.01,0.97,0.3,0.3,1.0,0.0,13.99,-22.95,True
1.04,0.01,0.97,0.4,0.0,0.0,1.0,15.48,-33.06,True
1.04,0.01,0.97,0.4,0.0,0.25,0.75,14.89,-30.6,True
1.04,0.01,0.97,0.4,0.0,0.5,0.5,14.21,-28.09,True
1.04,0.01,0.97,0.4,0.0,0.75,0.25,13.45,-25.53,True
1.04,0.01,0.97,0.4,0.0,1.0,0.0,12.58,-22.92,True
1.04,0.01,0.97,0.4,0.1,0.0,1.0,15.5,-26.15,True
1.04,0.01,0.97,0.4,0.1,0.25,0.75,14.99,-24.09,True
1.04,0.01,0.97,0.4,0.1,0.5,0.5,14.41,-21.97,True
1.04,0.01,0.97,0.4,0.1,0.75,0.25,13.77,-19.9,True
1.04,0.01,0.97,0.4,0.1,1.0,0.0,13.06,-18.24,True
1.04,0.01,0.97,0.4,0.2,0.0,1.0,15.7,-24.41,True
1.04,0.01,0.97,0.4,0.2,0.25,0.75,15.25,-23.68,True
1.04,0.01,0.97,0.4,0.2,0.5,0.5,14.76,-22.85,True
1.04,0.01,0.97,0.4,0.2,0.75,0.25,14.21,-21.88,True
1.04,0.01,0.97,0.4,0.2,1.0,0.0,13.61,-20.74,True
1.04,0.01,0.97,0.4,0.3,0.0,1.0,16.0,-25.4,True
1.04,0.01,0.97,0.4,0.3,0.25,0.75,15.59,-24.85,True
1.04,0.01,0.97,0.4,0.3,0.5,0.5,15.15,-24.23,True
1.04,0.01,0.97,0.4,0.3,0.75,0.25,14.66,-23.54,True
1.04,0.01,0.97,0.4,0.3,1.0,0.0,14.15,-22.78,True
1.04,0.01,0.99,0.1,0.0,0.0,1.0,4.6,-29.42,True
1.04,0.01,0.99,0.1,0.0,0.25,0.75,4.54,-27.35,True
1.04,0.01,0.99,0.1,0.0,0.5,0.5,4.44,-25.25,True
1.04,0.01,0.99,0.1,0.0,0.75,0.25,4.32,-23.11,True
1.04,0.01,0.99,0.1,0.0,1.0,0.0,4.16,-20.94,True
1.04,0.01,0.99,0.1,0.1,0.0,1.0,8.48,-24.91,True
1.04,0.01,0.99,0.1,0.1,0.25,0.75,8.42,-22.97,True
1.04,0.01,0.99,0.1,0.1,0.5,0.5,8.34,-21.66,True
1.04,0.01,0.99,0.1,0.1,0.75,0.25,8.25,-21.09,True
1.04,0.01,0.99,0.1,0.1,1.0,0.0,8.13,-20.61,True
1.04,0.01,0.99,0.1,0.2,0.0,1.0,10.34,-26.14,True
1.04,0.01,0.99,0.1,0.2,0.25,0.75,10.3,-25.69,True
1.04,0.01,0.99,0.1,0.2,0.5,0.5,10.24,-25.3,True
1.04,0.01,0.99,0.1,0.2,0.75,0.25,10.17,-24.99,True
1.04,0.01,0.99,0.1,0.2,1.0,0.0,10.08,-24.76,True
1.04,0.01,0.99,0.1,0.3,0.0,1.0,11.66,-28.07,True
1.04,0.01,0.99,0.1,0.3,0.25,0.75,11.62,-27.74,True
1.04,0.01,0.99,0.1,0.3,0.5,0.5,11.58,-27.47,True
1.04,0.01,0.99,0.1,0.3,0.75,0.25,11.52,-27.25,True
1.04,0.01,0.99,0.1,0.3,1.0,0.0,11.45,-27.12,True
1.04,0.01,0.99,0.2,0.0,0.0,1.0,6.5,-29.07,True
1.04,0.01,0.99,0.2,0.0,0.25,0.75,6.42,-26.93,True
1.04,0.01,0.99,0.2,0.0,0.5,0.5,6.29,-24.76,True
1.04,0.01,0.99,0.2,0.0,0.75,0.25,6.1,-22.55,True
1.04,0.01,0.99,0.2,0.0,1.0,0.0,5.84,-20.32,True
1.04,0.01,0.99,0.2,0.1,0.0,1.0,9.15,-22.87,True
1.04,0.01,0.99,0.2,0.1,0.25,0.75,9.1,-22.1,True
1.04,0.01,0.99,0.2,0.1,0.5,0.5,9.01,-21.38,True
1.04,0.01,0.99,0.2,0.1,0.75,0.25,8.9,-20.75,True
1.04,0.01,0.99,0.2,0.1,1.0,0.0,8.75,-20.2,True
1.04,0.01,0.99,0.2,0.2,0.0,1.0,10.67,-26.15,True
1.04,0.01,0.99,0.2,0.2,0.25,0.75,10.64,-25.61,True
1.04,0.01,0.99,0.2,0.2,0.5,0.5,10.59,-25.14,True
1.04,0.01,0.99,0.2,0.2,0.75,0.25,10.52,-24.74,True
1.04,0.01,0.99,0.2,0.2,1.0,0.0,10.42,-24.44,True
1.04,0.01,0.99,0.2,0.3,0.0,1.0,11.78,-28.13,True
1.04,0.01,0.99,0.2,0.3,0.25,0.75,11.75,-27.77,True
1.04,0.01,0.99,0.2,0.3,0.5,0.5,11.71,-27.46,True
1.04,0.01,0.99,0.2,0.3,0.75,0.25,11.66,-27.21,True
1.04,0.01,0.99,0.2,0.3,1.0,0.0,11.59,-27.03,True
1.04,0.01,0.99,0.3,0.0,0.0,1.0,7.05,-30.64,True
1.04,0.01,0.99,0.3,0.0,0.25,0.75,6.96,-28.37,True
1.04,0.01,0.99,0.3,0.0,0.5,0.5,6.81,-26.07,True
1.04,0.01,0.99,0.3,0.0,0.75,0.25,6.6,-23.72,True
1.04,0.01,0.99,0.3,0.0,1.0,0.0,6.32,-21.35,True
1.04,0.01,0.99,0.3,0.1,0.0,1.0,9.28,-23.01,True
1.04,0.01,0.99,0.3,0.1,0.25,0.75,9.24,-22.21,True
1.04,0.01,0.99,0.3,0.1,0.5,0.5,9.16,-21.46,True
1.04,0.01,0.99,0.3,0.1,0.75,0.25,9.05,-20.79,True
1.04,0.01,0.99,0.3,0.1,1.0,0.0,8.9,-20.22,True
1.04,0.01,0.99,0.3,0.2,0.0,1.0,10.78,-26.03,True
1.04,0.01,0.99,0.3,0.2,0.25,0.75,10.74,-25.5,True
1.04,0.01,0.99,0.3,0.2,0.5,0.5,10.68,-25.03,True
1.04,0.01,0.99,0.3,0.2,0.75,0.25,10.6,-24.63,True
1.04,0.01,0.99,0.3,0.2,1.0,0.0,10.5,-24.33,True
1.04,0.01,0.99,0.3,0.3,0.0,1.0,12.05,-27.58,True
1.04,0.01,0.99,0.3,0.3,0.25,0.75,12.01,-27.2,True
1.04,0.01,0.99,0.3,0.3,0.5,0.5,11.95,-26.87,True
1.04,0.01,0.99,0.3,0.3,0.75,0.25,11.88,-26.62,True
1.04,0.01,0.99,0.3,0.3,1.0,0.0,11.78,-26.46,True
1.04,0.01,0.99,0.4,0.0,0.0,1.0,7.09,-30.68,True
1.04,0.01,0.99,0.4,0.0,0.25,0.75,7.02,-28.4,True
1.04,0.01,0.99,0.4,0.0,0.5,0.5,6.89,-26.09,True
1.04,0.01,0.99,0.4,0.0,0.75,0.25,6.7,-23.73,True
1.04,0.01,0.99,0.4,0.0,1.0,0.0,6.44,-21.34,True
1.04,0.01,0.99,0.4,0.1,0.0,1.0,9.35,-22.99,True
1.04,0.01,0.99,0.4,0.1,0.25,0.75,9.3,-22.18,True
1.04,0.01,0.99,0.4,0.1,0.5,0.5,9.23,-21.43,True
1.04,0.01,0.99,0.4,0.1,0.75,0.25,9.11,-20.76,True
1.04,0.01,0.99,0.4,0.1,1.0,0.0,8.96,-20.17,True
1.04,0.01,0.99,0.4,0.2,0.0,1.0,11.12,-25.44,True
1.04,0.01,0.99,0.4,0.2,0.25,0.75,11.06,-24.91,True
1.04,0.01,0.99,0.4,0.2,0.5,0.5,10.97,-24.44,True
1.04,0.01,0.99,0.4,0.2,0.75,0.25,10.86,-24.05,True
1.04,0.01,0.99,0.4,0.2,1.0,0.0,10.73,-23.76,True
1.04,0.01,0.99,0.4,0.3,0.0,1.0,12.23,-27.25,True
1.04,0.01,0.99,0.4,0.3,0.25,0.75,12.17,-26.87,True
1.04,0.01,0.99,0.4,0.3,0.5,0.5,12.08,-26.55,True
1.04,0.01,0.99,0.4,0.3,0.75,0.25,11.97,-26.32,True
1.04,0.01,0.99,0.4,0.3,1.0,0.0,11.85,-26.19,True
1.04,0.01,1.0,0.1,0.0,0.0,1.0,0.76,-24.43,True
1.04,0.01,1.0,0.1,0.0,0.25,0.75,0.94,-22.49,True
1.04,0.01,1.0,0.1,0.0,0.5,0.5,1.11,-20.47,True
1.04,0.01,1.0,0.1,0.0,0.75,0.25,1.27,-18.35,True
1.04,0.01,1.0,0.1,0.0,1.0,0.0,1.4,-16.61,True
1.04,0.01,1.0,0.1,0.1,0.0,1.0,6.95,-25.63,True
1.04,0.01,1.0,0.1,0.1,0.25,0.75,6.99,-25.01,True
1.04,0.01,1.0,0.1,0.1,0.5,0.5,7.02,-24.39,True
1.04,0.01,1.0,0.1,0.1,0.75,0.25,7.04,-23.79,True
1.04,0.01,1.0,0.1,0.1,1.0,0.0,7.05,-23.2,True
1.04,0.01,1.0,0.1,0.2,0.0,1.0,9.46,-28.23,True
1.04,0.01,1.0,0.1,0.2,0.25,0.75,9.46,-27.85,True
1.04,0.01,1.0,0.1,0.2,0.5,0.5,9.46,-27.48,True
1.04,0.01,1.0,0.1,0.2,0.75,0.25,9.46,-27.13,True
1.04,0.01,1.0,0.1,0.2,1.0,0.0,9.45,-26.79,True
1.04,0.01,1.0,0.1,0.3,0.0,1.0,11.06,-29.55,True
1.04,0.01,1.0,0.1,0.3,0.25,0.75,11.06,-29.29,True
1.04,0.01,1.0,0.1,0.3,0.5,0.5,11.05,-29.03,True
1.04,0.01,1.0,0.1,0.3,0.75,0.25,11.04,-28.79,True
1.04,0.01,1.0,0.1,0.3,1.0,0.0,11.02,-28.57,True
1.04,0.01,1.0,0.2,0.0,0.0,1.0,2.81,-26.83,True
1.04,0.01,1.0,0.2,0.0,0.25,0.75,2.96,-24.68,True
1.04,0.01,1.0,0.2,0.0,0.5,0.5,3.07,-22.42,True
1.04,0.01,1.0,0.2,0.0,0.75,0.25,3.15,-20.05,True
1.04,0.01,1.0,0.2,0.0,1.0,0.0,3.19,-17.55,True
1.04,0.01,1.0,0.2,0.1,0.0,1.0,7.71,-24.33,True
1.04,0.01,1.0,0.2,0.1,0.25,0.75,7.73,-23.67,True
1.04,0.01,1.0,0.2,0.1,0.5,0.5,7.74,-23.03,True
1.04,0.01,1.0,0.2,0.1,0.75,0.25,7.73,-22.42,True
1.04,0.01,1.0,0.2,0.1,1.0,0.0,7.71,-21.85,True
1.04,0.01,1.0,0.2,0.2,0.0,1.0,9.89,-27.15,True
1.04,0.01,1.0,0.2,0.2,0.25,0.75,9.9,-26.72,True
1.04,0.01,1.0,0.2,0.2,0.5,0.5,9.89,-26.32,True
1.04,0.01,1.0,0.2,0.2,0.75,0.25,9.87,-25.96,True
1.04,0.01,1.0,0.2,0.2,1.0,0.0,9.84,-25.64,True
1.04,0.01,1.0,0.2,0.3,0.0,1.0,11.34,-28.63,True
1.04,0.01,1.0,0.2,0.3,0.25,0.75,11.33,-28.35,True
1.04,0.01,1.0,0.2,0.3,0.5,0.5,11.31,-28.1,True
1.04,0.01,1.0,0.2,0.3,0.75,0.25,11.29,-27.88,True
1.04,0.01,1.0,0.2,0.3,1.0,0.0,11.26,-27.69,True
1.04,0.01,1.0,0.3,0.0,0.0,1.0,3.79,-26.53,True
1.04,0.01,1.0,0.3,0.0,0.25,0.75,3.9,-24.34,True
1.04,0.01,1.0,0.3,0.0,0.5,0.5,3.97,-22.06,True
1.04,0.01,1.0,0.3,0.0,0.75,0.25,3.99,-19.65,True
1.04,0.01,1.0,0.3,0.0,1.0,0.0,3.98,-17.11,True
1.04,0.01,1.0,0.3,0.1,0.0,1.0,8.03,-23.81,True
1.04,0.01,1.0,0.3,0.1,0.25,0.75,8.05,-23.12,True
1.04,0.01,1.0,0.3,0.1,0.5,0.5,8.04,-22.47,True
1.04,0.01,1.0,0.3,0.1,0.75,0.25,8.02,-21.85,True
1.04,0.01,1.0,0.3,0.1,1.0,0.0,7.98,-21.28,True
1.04,0.01,1.0,0.3,0.2,0.0,1.0,10.14,-26.48,True
1.04,0.01,1.0,0.3,0.2,0.25,0.75,10.12,-26.06,True
1.04,0.01,1.0,0.3,0.2,0.5,0.5,10.1,-25.68,True
1.04,0.01,1.0,0.3,0.2,0.75,0.25,10.06,-25.33,True
1.04,0.01,1.0,0.3,0.2,1.0,0.0,10.02,-25.02,True
1.04,0.01,1.0,0.3,0.3,0.0,1.0,11.53,-27.91,True
1.04,0.01,1.0,0.3,0.3,0.25,0.75,11.52,-27.61,True
1.04,0.01,1.0,0.3,0.3,0.5,0.5,11.49,-27.36,True
1.04,0.01,1.0,0.3,0.3,0.75,0.25,11.45,-27.15,True
1.04,0.01,1.0,0.3,0.3,1.0,0.0,11.4,-27.0,True
1.04,0.01,1.0,0.4,0.0,0.0,1.0,4.44,-25.95,True
1.04,0.01,1.0,0.4,0.0,0.25,0.75,4.52,-23.81,True
1.04,0.01,1.0,0.4,0.0,0.5,0.5,4.56,-21.55,True
1.04,0.01,1.0,0.4,0.0,0.75,0.25,4.56,-19.17,True
1.04,0.01,1.0,0.4,0.0,1.0,0.0,4.51,-16.63,True
1.04,0.01,1.0,0.4,0.1,0.0,1.0,8.33,-23.25,True
1.04,0.01,1.0,0.4,0.1,0.25,0.75,8.33,-22.57,True
1.04,0.01,1.0,0.4,0.1,0.5,0.5,8.31,-21.91,True
1.04,0.01,1.0,0.4,0.1,0.75,0.25,8.27,-21.3,True
1.04,0.01,1.0,0.4,0.1,1.0,0.0,8.21,-20.74,True
1.04,0.01,1.0,0.4,0.2,0.0,1.0,10.41,-25.72,True
1.04,0.01,1.0,0.4,0.2,0.25,0.75,10.39,-25.27,True
1.04,0.01,1.0,0.4,0.2,0.5,0.5,10.35,-24.87,True
1.04,0.01,1.0,0.4,0.2,0.75,0.25,10.3,-24.51,True
1.04,0.01,1.0,0.4,0.2,1.0,0.0,10.23,-24.22,True
1.04,0.01,1.0,0.4,0.3,0.0,1.0,11.61,-27.61,True
1.04,0.01,1.0,0.4,0.3,0.25,0.75,11.59,-27.28,True
1.04,0.01,1.0,0.4,0.3,0.5,0.5,11.57,-27.01,True
1.04,0.01,1.0,0.4,0.3,0.75,0.25,11.52,-26.79,True
1.04,0.01,1.0,0.4,0.3,1.0,0.0,11.47,-26.64,True
1.04,0.01,1.01,0.1,0.0,0.0,1.0,4.69,-17.86,True
1.04,0.01,1.01,0.1,0.0,0.25,0.75,4.52,-16.26,True
1.04,0.01,1.01,0.1,0.0,0.5,0.5,4.34,-14.64,True
1.04,0.01,1.01,0.1,0.0,0.75,0.25,4.15,-13.0,True
1.04,0.01,1.01,0.1,0.0,1.0,0.0,3.94,-11.33,True
1.04,0.01,1.01,0.1,0.1,0.0,1.0,8.63,-14.9,True
1.04,0.01,1.01,0.1,0.1,0.25,0.75,8.52,-15.11,True
1.04,0.01,1.01,0.1,0.1,0.5,0.5,8.39,-15.36,True
1.04,0.01,1.01,0.1,0.1,0.75,0.25,8.25,-15.66,True
1.04,0.01,1.01,0.1,0.1,1.0,0.0,8.1,-15.99,True
1.04,0.01,1.01,0.1,0.2,0.0,1.0,10.36,-21.5,True
1.04,0.01,1.01,0.1,0.2,0.25,0.75,10.28,-21.67,True
1.04,0.01,1.01,0.1,0.2,0.5,0.5,10.18,-21.87,True
1.04,0.01,1.01,0.1,0.2,0.75,0.25,10.09,-22.1,True
1.04,0.01,1.01,0.1,0.2,1.0,0.0,9.99,-22.38,True
1.04,0.01,1.01,0.1,0.3,0.0,1.0,11.68,-24.8,True
1.04,0.01,1.01,0.1,0.3,0.25,0.75,11.61,-24.92,True
1.04,0.01,1.01,0.1,0.3,0.5,0.5,11.54,-25.07,True
1.04,0.01,1.01,0.1,0.3,0.75,0.25,11.47,-25.25,True
1.04,0.01,1.01,0.1,0.3,1.0,0.0,11.39,-25.48,True
1.04,0.01,1.01,0.2,0.0,0.0,1.0,7.22,-20.31,True
1.04,0.01,1.01,0.2,0.0,0.25,0.75,6.97,-18.65,True
1.04,0.01,1.01,0.2,0.0,0.5,0.5,6.69,-16.98,True
1.04,0.01,1.01,0.2,0.0,0.75,0.25,6.37,-15.29,True
1.04,0.01,1.01,0.2,0.0,1.0,0.0,6.02,-13.58,True
1.04,0.01,1.01,0.2,0.1,0.0,1.0,9.47,-17.46,True
1.04,0.01,1.01,0.2,0.1,0.25,0.75,9.33,-15.79,True
1.04,0.01,1.01,0.2,0.1,0.5,0.5,9.16,-14.57,True
1.04,0.01,1.01,0.2,0.1,0.75,0.25,8.98,-14.81,True
1.04,0.01,1.01,0.2,0.1,1.0,0.0,8.77,-15.12,True
1.04,0.01,1.01,0.2,0.2,0.0,1.0,11.05,-20.03,True
1.04,0.01,1.01,0.2,0.2,0.25,0.75,10.93,-20.18,True
1.04,0.01,1.01,0.2,0.2,0.5,0.5,10.81,-20.39,True
1.04,0.01,1.01,0.2,0.2,0.75,0.25,10.67,-20.67,True
1.04,0.01,1.01,0.2,0.2,1.0,0.0,10.53,-21.01,True
1.04,0.01,1.01,0.2,0.3,0.0,1.0,12.14,-23.57,True
1.04,0.01,1.01,0.2,0.3,0.25,0.75,12.04,-23.72,True
1.04,0.01,1.01,0.2,0.3,0.5,0.5,11.94,-23.93,True
1.04,0.01,1.01,0.2,0.3,0.75,0.25,11.82,-24.2,True
1.04,0.01,1.01,0.2,0.3,1.0,0.0,11.7,-24.52,True
1.04,0.01,1.01,0.3,0.0,0.0,1.0,7.97,-22.12,True
1.04,0.01,1.01,0.3,0.0,0.25,0.75,7.7,-20.31,True
1.04,0.01,1.01,0.3,0.0,0.5,0.5,7.39,-18.47,True
1.04,0.01,1.01,0.3,0.0,0.75,0.25,7.04,-16.62,True
1.04,0.01,1.01,0.3,0.0,1.0,0.0,6.65,-14.74,True
1.04,0.01,1.01,0.3,0.1,0.0,1.0,10.01,-19.05,True
1.04,0.01,1.01,0.3,0.1,0.25,0.75,9.83,-17.22,True
1.04,0.01,1.01,0.3,0.1,0.5,0.5,9.63,-15.37,True
1.04,0.01,1.01,0.3,0.1,0.75,0.25,9.41,-14.42,True
1.04,0.01,1.01,0.3,0.1,1.0,0.0,9.17,-14.71,True
1.04,0.01,1.01,0.3,0.2,0.0,1.0,11.3,-19.82,True
1.04,0.01,1.01,0.3,0.2,0.25,0.75,11.17,-19.94,True
1.04,0.01,1.01,0.3,0.2,0.5,0.5,11.02,-20.13,True
1.04,0.01,1.01,0.3,0.2,0.75,0.25,10.86,-20.38,True
1.04,0.01,1.01,0.3,0.2,1.0,0.0,10.69,-20.71,True
1.04,0.01,1.01,0.3,0.3,0.0,1.0,12.31,-23.31,True
1.04,0.01,1.01,0.3,0.3,0.25,0.75,12.21,-23.42,True
1.04,0.01,1.01,0.3,0.3,0.5,0.5,12.1,-23.59,True
1.04,0.01,1.01,0.3,0.3,0.75,0.25,11.97,-23.82,True
1.04,0.01,1.01,0.3,0.3,1.0,0.0,11.84,-24.13,True
1.04,0.01,1.01,0.4,0.0,0.0,1.0,8.58,-22.25,True
1.04,0.01,1.01,0.4,0.0,0.25,0.75,8.28,-20.41,True
1.04,0.01,1.01,0.4,0.0,0.5,0.5,7.95,-18.56,True
1.04,0.01,1.01,0.4,0.0,0.75,0.25,7.57,-16.68,True
1.04,0.01,1.01,0.4,0.0,1.0,0.0,7.14,-14.77,True
1.04,0.01,1.01,0.4,0.1,0.0,1.0,10.31,-18.83,True
1.04,0.01,1.01,0.4,0.1,0.25,0.75,10.12,-17.01,True
1.04,0.01,1.01,0.4,0.1,0.5,0.5,9.9,-15.17,True
1.04,0.01,1.01,0.4,0.1,0.75,0.25,9.65,-14.33,True
1.04,0.01,1.01,0.4,0.1,1.0,0.0,9.38,-14.59,True
1.04,0.01,1.01,0.4,0.2,0.0,1.0,11.56,-19.51,True
1.04,0.01,1.01,0.4,0.2,0.25,0.75,11.41,-19.6,True
1.04,0.01,1.01,0.4,0.2,0.5,0.5,11.24,-19.76,True
1.04,0.01,1.01,0.4,0.2,0.75,0.25,11.06,-20.01,True
1.04,0.01,1.01,0.4,0.2,1.0,0.0,10.87,-20.34,True
1.04,0.01,1.01,0.4,0.3,0.0,1.0,12.57,-22.93,True
1.04,0.01,1.01,0.4,0.3,0.25,0.75,12.44,-23.03,True
1.04,0.01,1.01,0.4,0.3,0.5,0.5,12.3,-23.16,True
1.04,0.01,1.01,0.4,0.3,0.75,0.25,12.15,-23.33,True
1.04,0.01,1.01,0.4,0.3,1.0,0.0,11.98,-23.64,True
1.04,0.01,1.02,0.1,0.0,0.0,1.0,2.72,-13.89,True
1.04,0.01,1.02,0.1,0.0,0.25,0.75,2.68,-12.75,True
1.04,0.01,1.02,0.1,0.0,0.5,0.5,2.63,-11.58,True
1.04,0.01,1.02,0.1,0.0,0.75,0.25,2.58,-10.38,True
1.04,0.01,1.02,0.1,0.0,1.0,0.0,2.51,-9.14,True
1.04,0.01,1.02,0.1,0.1,0.0,1.0,7.49,-17.16,True
1.04,0.01,1.02,0.1,0.1,0.25,0.75,7.45,-17.25,True
1.04,0.01,1.02,0.1,0.1,0.5,0.5,7.4,-17.35,True
1.04,0.01,1.02,0.1,0.1,0.75,0.25,7.36,-17.48,True
1.04,0.01,1.02,0.1,0.1,1.0,0.0,7.3,-17.62,True
1.04,0.01,1.02,0.1,0.2,0.0,1.0,9.73,-23.06,True
1.04,0.01,1.02,0.1,0.2,0.25,0.75,9.69,-23.13,True
1.04,0.01,1.02,0.1,0.2,0.5,0.5,9.66,-23.21,True
1.04,0.01,1.02,0.1,0.2,0.75,0.25,9.62,-23.31,True
1.04,0.01,1.02,0.1,0.2,1.0,0.0,9.58,-23.43,True
1.04,0.01,1.02,0.1,0.3,0.0,1.0,11.3,-25.7,True
1.04,0.01,1.02,0.1,0.3,0.25,0.75,11.26,-25.79,True
1.04,0.01,1.02,0.1,0.3,0.5,0.5,11.22,-25.89,True
1.04,0.01,1.02,0.1,0.3,0.75,0.25,11.18,-26.02,True
1.04,0.01,1.02,0.1,0.3,1.0,0.0,11.14,-26.16,True
1.04,0.01,1.02,0.2,0.0,0.0,1.0,4.56,-18.52,True
1.04,0.01,1.02,0.2,0.0,0.25,0.75,4.47,-17.11,True
1.04,0.01,1.02,0.2,0.0,0.5,0.5,4.36,-15.64,True
1.04,0.01,1.02,0.2,0.0,0.75,0.25,4.23,-14.1,True
1.04,0.01,1.02,0.2,0.0,1.0,0.0,4.07,-12.48,True
1.04,0.01,1.02,0.2,0.1,0.0,1.0,8.43,-15.71,True
1.04,0.01,1.02,0.2,0.1,0.25,0.75,8.35,-15.77,True
1.04,0.01,1.02,0.2,0.1,0.5,0.5,8.27,-15.86,True
1.04,0.01,1.02,0.2,0.1,0.75,0.25,8.16,-16.0,True
1.04,0.01,1.02,0.2,0.1,1.0,0.0,8.05,-16.18,True
1.04,0.01,1.02,0.2,0.2,0.0,1.0,10.53,-21.15,True
1.04,0.01,1.02,0.2,0.2,0.25,0.75,10.45,-21.24,True
1.04,0.01,1.02,0.2,0.2,0.5,0.5,10.36,-21.38,True
1.04,0.01,1.02,0.2,0.2,0.75,0.25,10.26,-21.56,True
1.04,0.01,1.02,0.2,0.2,1.0,0.0,10.16,-21.78,True
1.04,0.01,1.02,0.2,0.3,0.0,1.0,11.84,-24.35,True
1.04,0.01,1.02,0.2,0.3,0.25,0.75,11.77,-24.46,True
1.04,0.01,1.02,0.2,0.3,0.5,0.5,11.69,-24.6,True
1.04,0.01,1.02,0.2,0.3,0.75,0.25,11.6,-24.78,True
1.04,0.01,1.02,0.2,0.3,1.0,0.0,11.51,-25.01,True
1.04,0.01,1.02,0.3,0.0,0.0,1.0,5.48,-20.6,True
1.04,0.01,1.02,0.3,0.0,0.25,0.75,5.36,-19.03,True
1.04,0.01,1.02,0.3,0.0,0.5,0.5,5.22,-17.39,True
1.04,0.01,1.02,0.3,0.0,0.75,0.25,5.04,-15.67,True
1.04,0.01,1.02,0.3,0.0,1.0,0.0,4.84,-13.88,True
1.04,0.01,1.02,0.3,0.1,0.0,1.0,9.12,-16.17,True
1.04,0.01,1.02,0.3,0.1,0.25,0.75,9.01,-15.44,True
1.04,0.01,1.02,0.3,0.1,0.5,0.5,8.87,-15.5,True
1.04,0.01,1.02,0.3,0.1,0.75,0.25,8.72,-15.6,True
1.04,0.01,1.02,0.3,0.1,1.0,0.0,8.56,-15.76,True
1.04,0.01,1.02,0.3,0.2,0.0,1.0,10.82,-21.18,True
1.04,0.01,1.02,0.3,0.2,0.25,0.75,10.72,-21.23,True
1.04,0.01,1.02,0.3,0.2,0.5,0.5,10.61,-21.33,True
1.04,0.01,1.02,0.3,0.2,0.75,0.25,10.5,-21.48,True
1.04,0.01,1.02,0.3,0.2,1.0,0.0,10.37,-21.67,True
1.04,0.01,1.02,0.3,0.3,0.0,1.0,12.02,-24.75,True
1.04,0.01,1.02,0.3,0.3,0.25,0.75,11.94,-24.79,True
1.04,0.01,1.02,0.3,0.3,0.5,0.5,11.85,-24.86,True
1.04,0.01,1.02,0.3,0.3,0.75,0.25,11.74,-24.97,True
1.04,0.01,1.02,0.3,0.3,1.0,0.0,11.63,-25.11,True
1.04,0.01,1.02,0.4,0.0,0.0,1.0,6.33,-22.41,True
1.04,0.01,1.02,0.4,0.0,0.25,0.75,6.18,-20.71,True
1.04,0.01,1.02,0.4,0.0,0.5,0.5,5.99,-18.93,True
1.04,0.01,1.02,0.4,0.0,0.75,0.25,5.77,-17.07,True
1.04,0.01,1.02,0.4,0.0,1.0,0.0,5.51,-15.13,True
1.04,0.01,1.02,0.4,0.1,0.0,1.0,9.4,-18.33,True
1.04,0.01,1.02,0.4,0.1,0.25,0.75,9.27,-16.59,True
1.04,0.01,1.02,0.4,0.1,0.5,0.5,9.12,-15.73,True
1.04,0.01,1.02,0.4,0.1,0.75,0.25,8.96,-15.78,True
1.04,0.01,1.02,0.4,0.1,1.0,0.0,8.77,-15.87,True
1.04,0.01,1.02,0.4,0.2,0.0,1.0,11.01,-21.61,True
1.04,0.01,1.02,0.4,0.2,0.25,0.75,10.91,-21.58,True
1.04,0.01,1.02,0.4,0.2,0.5,0.5,10.8,-21.6,True
1.04,0.01,1.02,0.4,0.2,0.75,0.25,10.67,-21.67,True
1.04,0.01,1.02,0.4,0.2,1.0,0.0,10.52,-21.79,True
1.04,0.01,1.02,0.4,0.3,0.0,1.0,12.0,-25.13,True
1.04,0.01,1.02,0.4,0.3,0.25,0.75,11.92,-25.08,True
1.04,0.01,1.02,0.4,0.3,0.5,0.5,11.83,-25.08,True
1.04,0.01,1.02,0.4,0.3,0.75,0.25,11.73,-25.12,True
1.04,0.01,1.02,0.4,0.3,1.0,0.0,11.62,-25.22,True
1.04,0.015,0.95,0.1,0.0,0.0,1.0,9.65,-27.68,True
1.04,0.015,0.95,0.1,0.0,0.25,0.75,9.34,-26.15,True
1.04,0.015,0.95,0.1,0.0,0.5,0.5,8.97,-24.31,True
1.04,0.015,0.95,0.1,0.0,0.75,0.25,8.55,-22.08,True
1.04,0.015,0.95,0.1,0.0,1.0,0.0,8.08,-19.3,True
1.04,0.015,0.95,0.1,0.1,0.0,1.0,11.58,-28.29,True
1.04,0.015,0.95,0.1,0.1,0.25,0.75,11.32,-27.04,True
1.04,0.015,0.95,0.1,0.1,0.5,0.5,11.03,-25.59,True
1.04,0.015,0.95,0.1,0.1,0.75,0.25,10.7,-23.88,True
1.04,0.015,0.95,0.1,0.1,1.0,0.0,10.34,-21.86,True
1.04,0.015,0.95,0.1,0.2,0.0,1.0,12.82,-28.74,True
1.04,0.015,0.95,0.1,0.2,0.25,0.75,12.57,-27.68,True
1.04,0.015,0.95,0.1,0.2,0.5,0.5,12.31,-26.49,True
1.04,0.015,0.95,0.1,0.2,0.75,0.25,12.03,-25.12,True
1.04,0.015,0.95,0.1,0.2,1.0,0.0,11.74,-23.56,True
1.04,0.015,0.95,0.1,0.3,0.0,1.0,13.76,-29.09,True
1.04,0.015,0.95,0.1,0.3,0.25,0.75,13.57,-28.18,True
1.04,0.015,0.95,0.1,0.3,0.5,0.5,13.35,-27.16,True
1.04,0.015,0.95,0.1,0.3,0.75,0.25,13.12,-26.04,True
1.04,0.015,0.95,0.1,0.3,1.0,0.0,12.87,-24.8,True
1.04,0.015,0.95,0.2,0.0,0.0,1.0,14.11,-27.68,True
1.04,0.015,0.95,0.2,0.0,0.25,0.75,13.55,-26.21,True
1.04,0.015,0.95,0.2,0.0,0.5,0.5,12.92,-24.41,True
1.04,0.015,0.95,0.2,0.0,0.75,0.25,12.22,-22.17,True
1.04,0.015,0.95,0.2,0.0,1.0,0.0,11.45,-19.3,True
1.04,0.015,0.95,0.2,0.1,0.0,1.0,14.98,-28.01,True
1.04,0.015,0.95,0.2,0.1,0.25,0.75,14.49,-26.71,True
1.04,0.015,0.95,0.2,0.1,0.5,0.5,13.95,-25.16,True
1.04,0.015,0.95,0.2,0.1,0.75,0.25,13.36,-23.27,True
1.04,0.015,0.95,0.2,0.1,1.0,0.0,12.71,-20.96,True
1.04,0.015,0.95,0.2,0.2,0.0,1.0,15.54,-28.33,True
1.04,0.015,0.95,0.2,0.2,0.25,0.75,15.12,-27.16,True
1.04,0.015,0.95,0.2,0.2,0.5,0.5,14.65,-25.81,True
1.04,0.015,0.95,0.2,0.2,0.75,0.25,14.15,-24.21,True
1.04,0.015,0.95,0.2,0.2,1.0,0.0,13.6,-22.32,True
1.04,0.015,0.95,0.2,0.3,0.0,1.0,15.95,-28.65,True
1.04,0.015,0.95,0.2,0.3,0.25,0.75,15.59,-27.62,True
1.04,0.015,0.95,0.2,0.3,0.5,0.5,15.17,-26.44,True
1.04,0.015,0.95,0.2,0.3,0.75,0.25,14.71,-25.09,True
1.04,0.015,0.95,0.2,0.3,1.0,0.0,14.22,-23.56,True
1.04,0.015,0.95,0.3,0.0,0.0,1.0,16.04,-27.78,True
1.04,0.015,0.95,0.3,0.0,0.25,0.75,15.39,-26.24,True
1.04,0.015,0.95,0.3,0.0,0.5,0.5,14.67,-24.46,True
1.04,0.015,0.95,0.3,0.0,0.75,0.25,13.85,-22.22,True
1.04,0.015,0.95,0.3,0.0,1.0,0.0,12.94,-19.3,True
1.04,0.015,0.95,0.3,0.1,0.0,1.0,16.33,-27.96,True
1.04,0.015,0.95,0.3,0.1,0.25,0.75,15.76,-26.66,True
1.04,0.015,0.95,0.3,0.1,0.5,0.5,15.12,-25.08,True
1.04,0.015,0.95,0.3,0.1,0.75,0.25,14.41,-23.16,True
1.04,0.015,0.95,0.3,0.1,1.0,0.0,13.64,-20.75,True
1.04,0.015,0.95,0.3,0.2,0.0,1.0,16.35,-28.28,True
1.04,0.015,0.95,0.3,0.2,0.25,0.75,15.85,-27.11,True
1.04,0.015,0.95,0.3,0.2,0.5,0.5,15.3,-25.74,True
1.04,0.015,0.95,0.3,0.2,0.75,0.25,14.7,-24.12,True
1.04,0.015,0.95,0.3,0.2,1.0,0.0,14.05,-22.17,True
1.04,0.015,0.95,0.3,0.3,0.0,1.0,16.4,-28.63,True
1.04,0.015,0.95,0.3,0.3,0.25,0.75,15.95,-27.61,True
1.04,0.015,0.95,0.3,0.3,0.5,0.5,15.47,-26.45,True
1.04,0.015,0.95,0.3,0.3,0.75,0.25,14.95,-25.13,True
1.04,0.015,0.95,0.3,0.3,1.0,0.0,14.39,-23.62,True
1.04,0.015,0.95,0.4,0.0,0.0,1.0,16.52,-32.39,True
1.04,0.015,0.95,0.4,0.0,0.25,0.75,15.87,-29.92,True
1.04,0.015,0.95,0.4,0.0,0.5,0.5,15.13,-27.43,True
1.04,0.015,0.95,0.4,0.0,0.75,0.25,14.3,-24.91,True
1.04,0.015,0.95,0.4,0.0,1.0,0.0,13.36,-22.35,True
1.04,0.015,0.95,0.4,0.1,0.0,1.0,16.52,-28.43,True
1.04,0.015,0.95,0.4,0.1,0.25,0.75,15.94,-26.68,True
1.04,0.015,0.95,0.4,0.1,0.5,0.5,15.31,-25.11,True
1.04,0.015,0.95,0.4,0.1,0.75,0.25,14.6,-23.19,True
1.04,0.015,0.95,0.4,0.1,1.0,0.0,13.81,-20.76,True
1.04,0.015,0.95,0.4,0.2,0.0,1.0,16.57,-28.29,True
1.04,0.015,0.95,0.4,0.2,0.25,0.75,16.06,-27.14,True
1.04,0.015,0.95,0.4,0.2,0.5,0.5,15.48,-25.78,True
1.04,0.015,0.95,0.4,0.2,0.75,0.25,14.85,-24.16,True
1.04,0.015,0.95,0.4,0.2,1.0,0.0,14.15,-22.22,True
1.04,0.015,0.95,0.4,0.3,0.0,1.0,16.64,-28.63,True
1.04,0.015,0.95,0.4,0.3,0.25,0.75,16.16,-27.62,True
1.04,0.015,0.95,0.4,0.3,0.5,0.5,15.64,-26.46,True
1.04,0.015,0.95,0.4,0.3,0.75,0.25,15.08,-25.13,True
1.04,0.015,0.95,0.4,0.3,1.0,0.0,14.48,-23.62,True
1.04,0.015,0.97,0.1,0.0,0.0,1.0,5.85,-22.06,True
1.04,0.015,0.97,0.1,0.0,0.25,0.75,5.76,-20.8,True
1.04,0.015,0.97,0.1,0.0,0.5,0.5,5.63,-19.28,True
1.04,0.015,0.97,0.1,0.0,0.75,0.25,5.45,-17.44,True
1.04,0.015,0.97,0.1,0.0,1.0,0.0,5.22,-15.15,True
1.04,0.015,0.97,0.1,0.1,0.0,1.0,9.12,-24.63,True
1.04,0.015,0.97,0.1,0.1,0.25,0.75,9.03,-23.85,True
1.04,0.015,0.97,0.1,0.1,0.5,0.5,8.92,-22.95,True
1.04,0.015,0.97,0.1,0.1,0.75,0.25,8.79,-21.88,True
1.04,0.015,0.97,0.1,0.1,1.0,0.0,8.63,-20.62,True
1.04,0.015,0.97,0.1,0.2,0.0,1.0,11.09,-26.0,True
1.04,0.015,0.97,0.1,0.2,0.25,0.75,11.0,-25.47,True
1.04,0.015,0.97,0.1,0.2,0.5,0.5,10.9,-24.87,True
1.04,0.015,0.97,0.1,0.2,0.75,0.25,10.78,-24.19,True
1.04,0.015,0.97,0.1,0.2,1.0,0.0,10.64,-23.4,True
1.04,0.015,0.97,0.1,0.3,0.0,1.0,12.5,-26.9,True
1.04,0.015,0.97,0.1,0.3,0.25,0.75,12.41,-26.52,True
1.04,0.015,0.97,0.1,0.3,0.5,0.5,12.3,-26.09,True
1.04,0.015,0.97,0.1,0.3,0.75,0.25,12.18,-25.63,True
1.04,0.015,0.97,0.1,0.3,1.0,0.0,12.03,-25.12,True
1.04,0.015,0.97,0.2,0.0,0.0,1.0,9.04,-27.35,True
1.04,0.015,0.97,0.2,0.0,0.25,0.75,8.82,-24.84,True
1.04,0.015,0.97,0.2,0.0,0.5,0.5,8.54,-22.27,True
1.04,0.015,0.97,0.2,0.0,0.75,0.25,8.2,-19.64,True
1.04,0.015,0.97,0.2,0.0,1.0,0.0,7.78,-16.96,True
1.04,0.015,0.97,0.2,0.1,0.0,1.0,11.62,-23.77,True
1.04,0.015,0.97,0.2,0.1,0.25,0.75,11.39,-22.92,True
1.04,0.015,0.97,0.2,0.1,0.5,0.5,11.11,-21.91,True
1.04,0.015,0.97,0.2,0.1,0.75,0.25,10.8,-20.69,True
1.04,0.015,0.97,0.2,0.1,1.0,0.0,10.43,-19.21,True
1.04,0.015,0.97,0.2,0.2,0.0,1.0,13.06,-24.85,True
1.04,0.015,0.97,0.2,0.2,0.25,0.75,12.83,-24.2,True
1.04,0.015,0.97,0.2,0.2,0.5,0.5,12.56,-23.46,True
1.04,0.015,0.97,0.2,0.2,0.75,0.25,12.26,-22.6,True
1.04,0.015,0.97,0.2,0.2,1.0,0.0,11.93,-21.6,True
1.04,0.015,0.97,0.2,0.3,0.0,1.0,14.01,-25.87,True
1.04,0.015,0.97,0.2,0.3,0.25,0.75,13.79,-25.23,True
1.04,0.015,0.97,0.2,0.3,0.5,0.5,13.55,-24.69,True
1.04,0.015,0.97,0.2,0.3,0.75,0.25,13.28,-24.07,True
1.04,0.015,0.97,0.2,0.3,1.0,0.0,12.99,-23.39,True
1.04,0.015,0.97,0.3,0.0,0.0,1.0,11.35,-26.6,True
1.04,0.015,0.97,0.3,0.0,0.25,0.75,11.01,-24.09,True
1.04,0.015,0.97,0.3,0.0,0.5,0.5,10.6,-21.54,True
1.04,0.015,0.97,0.3,0.0,0.75,0.25,10.11,-18.92,True
1.04,0.015,0.97,0.3,0.0,1.0,0.0,9.54,-16.25,True
1.04,0.015,0.97,0.3,0.1,0.0,1.0,12.98,-23.45,True
1.04,0.015,0.97,0.3,0.1,0.25,0.75,12.66,-22.55,True
1.04,0.015,0.97,0.3,0.1,0.5,0.5,12.29,-21.48,True
1.04,0.015,0.97,0.3,0.1,0.75,0.25,11.87,-20.19,True
1.04,0.015,0.97,0.3,0.1,1.0,0.0,11.39,-18.6,True
1.04,0.015,0.97,0.3,0.2,0.0,1.0,14.06,-24.45,True
1.04,0.015,0.97,0.3,0.2,0.25,0.75,13.77,-23.75,True
1.04,0.015,0.97,0.3,0.2,0.5,0.5,13.43,-22.94,True
1.04,0.015,0.97,0.3,0.2,0.75,0.25,13.05,-22.01,True
1.04,0.015,0.97,0.3,0.2,1.0,0.0,12.62,-20.93,True
1.04,0.015,0.97,0.3,0.3,0.0,1.0,14.4,-25.71,True
1.04,0.015,0.97,0.3,0.3,0.25,0.75,14.16,-25.19,True
1.04,0.015,0.97,0.3,0.3,0.5,0.5,13.88,-24.63,True
1.04,0.015,0.97,0.3,0.3,0.75,0.25,13.56,-24.01,True
1.04,0.015,0.97,0.3,0.3,1.0,0.0,13.19,-23.33,True
1.04,0.015,0.97,0.4,0.0,0.0,1.0,12.64,-27.1,True
1.04,0.015,0.97,0.4,0.0,0.25,0.75,12.23,-25.06,True
1.04,0.015,0.97,0.4,0.0,0.5,0.5,11.75,-22.99,True
1.04,0.015,0.97,0.4,0.0,0.75,0.25,11.19,-20.91,True
1.04,0.015,0.97,0.4,0.0,1.0,0.0,10.53,-18.81,True
1.04,0.015,0.97,0.4,0.1,0.0,1.0,13.92,-23.28,True
1.04,0.015,0.97,0.4,0.1,0.25,0.75,13.55,-22.37,True
1.04,0.015,0.97,0.4,0.1,0.5,0.5,13.12,-21.27,True
1.04,0.015,0.97,0.4,0.1,0.75,0.25,12.62,-19.94,True
1.04,0.015,0.97,0.4,0.1,1.0,0.0,12.05,-18.29,True
1.04,0.015,0.97,0.4,0.2,0.0,1.0,14.26,-24.52,True
1.04,0.015,0.97,0.4,0.2,0.25,0.75,13.93,-23.82,True
1.04,0.015,0.97,0.4,0.2,0.5,0.5,13.56,-23.01,True
1.04,0.015,0.97,0.4,0.2,0.75,0.25,13.14,-22.08,True
1.04,0.015,0.97,0.4,0.2,1.0,0.0,12.68,-21.0,True
1.04,0.015,0.97,0.4,0.3,0.0,1.0,14.53,-25.71,True
1.04,0.015,0.97,0.4,0.3,0.25,0.75,14.26,-25.19,True
1.04,0.015,0.97,0.4,0.3,0.5,0.5,13.96,-24.61,True
1.04,0.015,0.97,0.4,0.3,0.75,0.25,13.62,-23.99,True
1.04,0.015,0.97,0.4,0.3,1.0,0.0,13.25,-23.3,True
1.04,0.015,0.99,0.1,0.0,0.0,1.0,4.42,-25.96,True
1.04,0.015,0.99,0.1,0.0,0.25,0.75,4.3,-24.11,True
1.04,0.015,0.99,0.1,0.0,0.5,0.5,4.15,-22.13,True
1.04,0.015,0.99,0.1,0.0,0.75,0.25,3.99,-20.01,True
1.04,0.015,0.99,0.1,0.0,1.0,0.0,3.8,-17.71,True
1.04,0.015,0.99,0.1,0.1,0.0,1.0,7.82,-22.04,True
1.04,0.015,0.99,0.1,0.1,0.25,0.75,7.77,-20.27,True
1.04,0.015,0.99,0.1,0.1,0.5,0.5,7.71,-18.67,True
1.04,0.015,0.99,0.1,0.1,0.75,0.25,7.65,-18.6,True
1.04,0.015,0.99,0.1,0.1,1.0,0.0,7.57,-18.57,True
1.04,0.015,0.99,0.1,0.2,0.0,1.0,9.88,-24.85,True
1.04,0.015,0.99,0.1,0.2,0.25,0.75,9.85,-24.68,True
1.04,0.015,0.99,0.1,0.2,0.5,0.5,9.81,-24.56,True
1.04,0.015,0.99,0.1,0.2,0.75,0.25,9.77,-24.49,True
1.04,0.015,0.99,0.1,0.2,1.0,0.0,9.72,-24.47,True
1.04,0.015,0.99,0.1,0.3,0.0,1.0,11.36,-27.35,True
1.04,0.015,0.99,0.1,0.3,0.25,0.75,11.33,-27.13,True
1.04,0.015,0.99,0.1,0.3,0.5,0.5,11.29,-26.95,True
1.04,0.015,0.99,0.1,0.3,0.75,0.25,11.25,-26.83,True
1.04,0.015,0.99,0.1,0.3,1.0,0.0,11.2,-26.78,True
1.04,0.015,0.99,0.2,0.0,0.0,1.0,5.03,-32.76,True
1.04,0.015,0.99,0.2,0.0,0.25,0.75,4.98,-30.35,True
1.04,0.015,0.99,0.2,0.0,0.5,0.5,4.9,-27.9,True
1.04,0.015,0.99,0.2,0.0,0.75,0.25,4.77,-25.39,True
1.04,0.015,0.99,0.2,0.0,1.0,0.0,4.6,-22.84,True
1.04,0.015,0.99,0.2,0.1,0.0,1.0,8.52,-26.67,True
1.04,0.015,0.99,0.2,0.1,0.25,0.75,8.47,-24.51,True
1.04,0.015,0.99,0.2,0.1,0.5,0.5,8.4,-22.32,True
1.04,0.015,0.99,0.2,0.1,0.75,0.25,8.31,-20.26,True
1.04,0.015,0.99,0.2,0.1,1.0,0.0,8.2,-19.75,True
1.04,0.015,0.99,0.2,0.2,0.0,1.0,10.36,-25.17,True
1.04,0.015,0.99,0.2,0.2,0.25,0.75,10.33,-24.69,True
1.04,0.015,0.99,0.2,0.2,0.5,0.5,10.28,-24.28,True
1.04,0.015,0.99,0.2,0.2,0.75,0.25,10.21,-23.95,True
1.04,0.015,0.99,0.2,0.2,1.0,0.0,10.12,-23.72,True
1.04,0.015,0.99,0.2,0.3,0.0,1.0,11.58,-27.32,True
1.04,0.015,0.99,0.2,0.3,0.25,0.75,11.56,-26.94,True
1.04,0.015,0.99,0.2,0.3,0.5,0.5,11.54,-26.64,True
1.04,0.015,0.99,0.2,0.3,0.75,0.25,11.49,-26.43,True
1.04,0.015,0.99,0.2,0.3,1.0,0.0,11.43,-26.34,True
1.04,0.015,0.99,0.3,0.0,0.0,1.0,5.64,-32.29,True
1.04,0.015,0.99,0.3,0.0,0.25,0.75,5.62,-30.07,True
1.04,0.015,0.99,0.3,0.0,0.5,0.5,5.55,-27.69,True
1.04,0.015,0.99,0.3,0.0,0.75,0.25,5.43,-25.12,True
1.04,0.015,0.99,0.3,0.0,1.0,0.0,5.24,-22.35,True
1.04,0.015,0.99,0.3,0.1,0.0,1.0,8.71,-28.19,True
1.04,0.015,0.99,0.3,0.1,0.25,0.75,8.69,-26.04,True
1.04,0.015,0.99,0.3,0.1,0.5,0.5,8.63,-23.76,True
1.04,0.015,0.99,0.3,0.1,0.75,0.25,8.55,-21.31,True
1.04,0.015,0.99,0.3,0.1,1.0,0.0,8.43,-19.69,True
1.04,0.015,0.99,0.3,0.2,0.0,1.0,10.33,-25.64,True
1.04,0.015,0.99,0.3,0.2,0.25,0.75,10.33,-25.11,True
1.04,0.015,0.99,0.3,0.2,0.5,0.5,10.31,-24.66,True
1.04,0.015,0.99,0.3,0.2,0.75,0.25,10.26,-24.28,True
1.04,0.015,0.99,0.3,0.2,1.0,0.0,10.18,-24.01,True
1.04,0.015,0.99,0.3,0.3,0.0,1.0,11.46,-28.17,True
1.04,0.015,0.99,0.3,0.3,0.25,0.75,11.46,-27.79,True
1.04,0.015,0.99,0.3,0.3,0.5,0.5,11.46,-27.47,True
1.04,0.015,0.99,0.3,0.3,0.75,0.25,11.43,-27.23,True
1.04,0.015,0.99,0.3,0.3,1.0,0.0,11.38,-27.06,True
1.04,0.015,0.99,0.4,0.0,0.0,1.0,6.0,-34.04,True
1.04,0.015,0.99,0.4,0.0,0.25,0.75,5.99,-31.7,True
1.04,0.015,0.99,0.4,0.0,0.5,0.5,5.91,-29.21,True
1.04,0.015,0.99,0.4,0.0,0.75,0.25,5.78,-26.54,True
1.04,0.015,0.99,0.4,0.0,1.0,0.0,5.58,-23.67,True
1.04,0.015,0.99,0.4,0.1,0.0,1.0,8.75,-30.06,True
1.04,0.015,0.99,0.4,0.1,0.25,0.75,8.74,-27.8,True
1.04,0.015,0.99,0.4,0.1,0.5,0.5,8.7,-25.4,True
1.04,0.015,0.99,0.4,0.1,0.75,0.25,8.63,-22.84,True
1.04,0.015,0.99,0.4,0.1,1.0,0.0,8.52,-20.09,True
1.04,0.015,0.99,0.4,0.2,0.0,1.0,10.29,-26.09,True
1.04,0.015,0.99,0.4,0.2,0.25,0.75,10.3,-25.55,True
1.04,0.015,0.99,0.4,0.2,0.5,0.5,10.28,-25.08,True
1.04,0.015,0.99,0.4,0.2,0.75,0.25,10.24,-24.7,True
1.04,0.015,0.99,0.4,0.2,1.0,0.0,10.18,-24.42,True
1.04,0.015,0.99,0.4,0.3,0.0,1.0,11.34,-28.52,True
1.04,0.015,0.99,0.4,0.3,0.25,0.75,11.36,-28.11,True
1.04,0.015,0.99,0.4,0.3,0.5,0.5,11.37,-27.76,True
1.04,0.015,0.99,0.4,0.3,0.75,0.25,11.35,-27.47,True
1.04,0.015,0.99,0.4,0.3,1.0,0.0,11.32,-27.27,True
1.04,0.015,1.0,0.1,0.0,0.0,1.0,1.49,-25.58,True
1.04,0.015,1.0,0.1,0.0,0.25,0.75,1.56,-23.76,True
1.04,0.015,1.0,0.1,0.0,0.5,0.5,1.63,-21.8,True
1.04,0.015,1.0,0.1,0.0,0.75,0.25,1.68,-19.7,True
1.04,0.015,1.0,0.1,0.0,1.0,0.0,1.72,-17.43,True
1.04,0.015,1.0,0.1,0.1,0.0,1.0,6.76,-23.06,True
1.04,0.015,1.0,0.1,0.1,0.25,0.75,6.79,-22.64,True
1.04,0.015,1.0,0.1,0.1,0.5,0.5,6.81,-22.23,True
1.04,0.015,1.0,0.1,0.1,0.75,0.25,6.83,-21.82,True
1.04,0.015,1.0,0.1,0.1,1.0,0.0,6.85,-21.44,True
1.04,0.015,1.0,0.1,0.2,0.0,1.0,9.27,-27.33,True
1.04,0.015,1.0,0.1,0.2,0.25,0.75,9.28,-26.99,True
1.04,0.015,1.0,0.1,0.2,0.5,0.5,9.29,-26.66,True
1.04,0.015,1.0,0.1,0.2,0.75,0.25,9.29,-26.36,True
1.04,0.015,1.0,0.1,0.2,1.0,0.0,9.29,-26.08,True
1.04,0.015,1.0,0.1,0.3,0.0,1.0,10.83,-28.99,True
1.04,0.015,1.0,0.1,0.3,0.25,0.75,10.84,-28.76,True
1.04,0.015,1.0,0.1,0.3,0.5,0.5,10.84,-28.56,True
1.04,0.015,1.0,0.1,0.3,0.75,0.25,10.84,-28.37,True
1.04,0.015,1.0,0.1,0.3,1.0,0.0,10.83,-28.21,True
1.04,0.015,1.0,0.2,0.0,0.0,1.0,2.01,-28.71,True
1.04,0.015,1.0,0.2,0.0,0.25,0.75,2.15,-26.73,True
1.04,0.015,1.0,0.2,0.0,0.5,0.5,2.27,-24.6,True
1.04,0.015,1.0,0.2,0.0,0.75,0.25,2.36,-22.29,True
1.04,0.015,1.0,0.2,0.0,1.0,0.0,2.43,-19.77,True
1.04,0.015,1.0,0.2,0.1,0.0,1.0,7.24,-25.07,True
1.04,0.015,1.0,0.2,0.1,0.25,0.75,7.27,-23.15,True
1.04,0.015,1.0,0.2,0.1,0.5,0.5,7.29,-22.42,True
1.04,0.015,1.0,0.2,0.1,0.75,0.25,7.3,-21.85,True
1.04,0.015,1.0,0.2,0.1,1.0,0.0,7.3,-21.31,True
1.04,0.015,1.0,0.2,0.2,0.0,1.0,9.4,-26.92,True
1.04,0.015,1.0,0.2,0.2,0.25,0.75,9.42,-26.5,True
1.04,0.015,1.0,0.2,0.2,0.5,0.5,9.44,-26.11,True
1.04,0.015,1.0,0.2,0.2,0.75,0.25,9.45,-25.76,True
1.04,0.015,1.0,0.2,0.2,1.0,0.0,9.45,-25.45,True
1.04,0.015,1.0,0.2,0.3,0.0,1.0,10.79,-29.09,True
1.04,0.015,1.0,0.2,0.3,0.25,0.75,10.82,-28.78,True
1.04,0.015,1.0,0.2,0.3,0.5,0.5,10.84,-28.49,True
1.04,0.015,1.0,0.2,0.3,0.75,0.25,10.86,-28.24,True
1.04,0.015,1.0,0.2,0.3,1.0,0.0,10.86,-28.02,True
1.04,0.015,1.0,0.3,0.0,0.0,1.0,2.73,-31.24,True
1.04,0.015,1.0,0.3,0.0,0.25,0.75,2.88,-29.07,True
1.04,0.015,1.0,0.3,0.0,0.5,0.5,2.99,-26.75,True
1.04,0.015,1.0,0.3,0.0,0.75,0.25,3.07,-24.25,True
1.04,0.015,1.0,0.3,0.0,1.0,0.0,3.13,-21.54,True
1.04,0.015,1.0,0.3,0.1,0.0,1.0,7.21,-27.4,True
1.04,0.015,1.0,0.3,0.1,0.25,0.75,7.28,-25.26,True
1.04,0.015,1.0,0.3,0.1,0.5,0.5,7.32,-22.99,True
1.04,0.015,1.0,0.3,0.1,0.75,0.25,7.35,-21.73,True
1.04,0.015,1.0,0.3,0.1,1.0,0.0,7.37,-21.15,True
1.04,0.015,1.0,0.3,0.2,0.0,1.0,9.21,-27.48,True
1.04,0.015,1.0,0.3,0.2,0.25,0.75,9.27,-27.02,True
1.04,0.015,1.0,0.3,0.2,0.5,0.5,9.32,-26.58,True
1.04,0.015,1.0,0.3,0.2,0.75,0.25,9.35,-26.16,True
1.04,0.015,1.0,0.3,0.2,1.0,0.0,9.37,-25.78,True
1.04,0.015,1.0,0.3,0.3,0.0,1.0,10.66,-29.62,True
1.04,0.015,1.0,0.3,0.3,0.25,0.75,10.71,-29.29,True
1.04,0.015,1.0,0.3,0.3,0.5,0.5,10.75,-28.98,True
1.04,0.015,1.0,0.3,0.3,0.75,0.25,10.78,-28.69,True
1.04,0.015,1.0,0.3,0.3,1.0,0.0,10.8,-28.41,True
1.04,0.015,1.0,0.4,0.0,0.0,1.0,2.88,-32.65,True
1.04,0.015,1.0,0.4,0.0,0.25,0.75,3.04,-30.38,True
1.04,0.015,1.0,0.4,0.0,0.5,0.5,3.18,-27.97,True
1.04,0.015,1.0,0.4,0.0,0.75,0.25,3.27,-25.38,True
1.04,0.015,1.0,0.4,0.0,1.0,0.0,3.33,-22.6,True
1.04,0.015,1.0,0.4,0.1,0.0,1.0,6.97,-28.79,True
1.04,0.015,1.0,0.4,0.1,0.25,0.75,7.07,-26.58,True
1.04,0.015,1.0,0.4,0.1,0.5,0.5,7.15,-24.23,True
1.04,0.015,1.0,0.4,0.1,0.75,0.25,7.21,-22.12,True
1.04,0.015,1.0,0.4,0.1,1.0,0.0,7.26,-21.5,True
1.04,0.015,1.0,0.4,0.2,0.0,1.0,9.08,-27.89,True
1.04,0.015,1.0,0.4,0.2,0.25,0.75,9.15,-27.4,True
1.04,0.015,1.0,0.4,0.2,0.5,0.5,9.21,-26.94,True
1.04,0.015,1.0,0.4,0.2,0.75,0.25,9.27,-26.5,True
1.04,0.015,1.0,0.4,0.2,1.0,0.0,9.31,-26.1,True
1.04,0.015,1.0,0.4,0.3,0.0,1.0,10.58,-29.77,True
1.04,0.015,1.0,0.4,0.3,0.25,0.75,10.64,-29.42,True
1.04,0.015,1.0,0.4,0.3,0.5,0.5,10.69,-29.09,True
1.04,0.015,1.0,0.4,0.3,0.75,0.25,10.73,-28.78,True
1.04,0.015,1.0,0.4,0.3,1.0,0.0,10.77,-28.5,True
1.04,0.015,1.01,0.1,0.0,0.0,1.0,3.86,-18.61,True
1.04,0.015,1.01,0.1,0.0,0.25,0.75,3.73,-17.19,True
1.04,0.015,1.01,0.1,0.0,0.5,0.5,3.58,-15.66,True
1.04,0.015,1.01,0.1,0.0,0.75,0.25,3.43,-14.01,True
1.04,0.015,1.01,0.1,0.0,1.0,0.0,3.26,-12.23,True
1.04,0.015,1.01,0.1,0.1,0.0,1.0,7.78,-15.51,True
1.04,0.015,1.01,0.1,0.1,0.25,0.75,7.72,-14.09,True
1.04,0.015,1.01,0.1,0.1,0.5,0.5,7.66,-14.32,True
1.04,0.015,1.01,0.1,0.1,0.75,0.25,7.58,-14.73,True
1.04,0.015,1.01,0.1,0.1,1.0,0.0,7.51,-15.17,True
1.04,0.015,1.01,0.1,0.2,0.0,1.0,9.93,-19.73,True
1.04,0.015,1.01,0.1,0.2,0.25,0.75,9.88,-20.09,True
1.04,0.015,1.01,0.1,0.2,0.5,0.5,9.83,-20.46,True
1.04,0.015,1.01,0.1,0.2,0.75,0.25,9.78,-20.85,True
1.04,0.015,1.01,0.1,0.2,1.0,0.0,9.72,-21.26,True
1.04,0.015,1.01,0.1,0.3,0.0,1.0,11.37,-23.26,True
1.04,0.015,1.01,0.1,0.3,0.25,0.75,11.33,-23.55,True
1.04,0.015,1.01,0.1,0.3,0.5,0.5,11.28,-23.86,True
1.04,0.015,1.01,0.1,0.3,0.75,0.25,11.23,-24.21,True
1.04,0.015,1.01,0.1,0.3,1.0,0.0,11.17,-24.57,True
1.04,0.015,1.01,0.2,0.0,0.0,1.0,5.57,-19.03,True
1.04,0.015,1.01,0.2,0.0,0.25,0.75,5.39,-17.6,True
1.04,0.015,1.01,0.2,0.0,0.5,0.5,5.2,-16.04,True
1.04,0.015,1.01,0.2,0.0,0.75,0.25,4.97,-14.34,True
1.04,0.015,1.01,0.2,0.0,1.0,0.0,4.73,-12.51,True
1.04,0.015,1.01,0.2,0.1,0.0,1.0,8.77,-16.2,True
1.04,0.015,1.01,0.2,0.1,0.25,0.75,8.66,-14.77,True
1.04,0.015,1.01,0.2,0.1,0.5,0.5,8.54,-13.22,True
1.04,0.015,1.01,0.2,0.1,0.75,0.25,8.4,-13.07,True
1.04,0.015,1.01,0.2,0.1,1.0,0.0,8.25,-13.55,True
1.04,0.015,1.01,0.2,0.2,0.0,1.0,10.5,-17.88,True
1.04,0.015,1.01,0.2,0.2,0.25,0.75,10.42,-18.27,True
1.04,0.015,1.01,0.2,0.2,0.5,0.5,10.32,-18.69,True
1.04,0.015,1.01,0.2,0.2,0.75,0.25,10.22,-19.17,True
1.04,0.015,1.01,0.2,0.2,1.0,0.0,10.1,-19.68,True
1.04,0.015,1.01,0.2,0.3,0.0,1.0,11.65,-21.78,True
1.04,0.015,1.01,0.2,0.3,0.25,0.75,11.59,-22.13,True
1.04,0.015,1.01,0.2,0.3,0.5,0.5,11.51,-22.55,True
1.04,0.015,1.01,0.2,0.3,0.75,0.25,11.43,-23.01,True
1.04,0.015,1.01,0.2,0.3,1.0,0.0,11.35,-23.51,True
1.04,0.015,1.01,0.3,0.0,0.0,1.0,6.59,-20.66,True
1.04,0.015,1.01,0.3,0.0,0.25,0.75,6.39,-18.97,True
1.04,0.015,1.01,0.3,0.0,0.5,0.5,6.15,-17.21,True
1.04,0.015,1.01,0.3,0.0,0.75,0.25,5.89,-15.37,True
1.04,0.015,1.01,0.3,0.0,1.0,0.0,5.59,-13.43,True
1.04,0.015,1.01,0.3,0.1,0.0,1.0,9.09,-17.99,True
1.04,0.015,1.01,0.3,0.1,0.25,0.75,8.97,-16.37,True
1.04,0.015,1.01,0.3,0.1,0.5,0.5,8.84,-14.71,True
1.04,0.015,1.01,0.3,0.1,0.75,0.25,8.68,-13.0,True
1.04,0.015,1.01,0.3,0.1,1.0,0.0,8.51,-12.97,True
1.04,0.015,1.01,0.3,0.2,0.0,1.0,10.41,-18.1,True
1.04,0.015,1.01,0.3,0.2,0.25,0.75,10.34,-18.45,True
1.04,0.015,1.01,0.3,0.2,0.5,0.5,10.27,-18.87,True
1.04,0.015,1.01,0.3,0.2,0.75,0.25,10.17,-19.3,True
1.04,0.015,1.01,0.3,0.2,1.0,0.0,10.07,-19.78,True
1.04,0.015,1.01,0.3,0.3,0.0,1.0,11.33,-23.19,True
1.04,0.015,1.01,0.3,0.3,0.25,0.75,11.31,-23.4,True
1.04,0.015,1.01,0.3,0.3,0.5,0.5,11.29,-23.66,True
1.04,0.015,1.01,0.3,0.3,0.75,0.25,11.26,-23.96,True
1.04,0.015,1.01,0.3,0.3,1.0,0.0,11.21,-24.28,True
1.04,0.015,1.01,0.4,0.0,0.0,1.0,6.78,-21.51,True
1.04,0.015,1.01,0.4,0.0,0.25,0.75,6.59,-19.74,True
1.04,0.015,1.01,0.4,0.0,0.5,0.5,6.38,-17.9,True
1.04,0.015,1.01,0.4,0.0,0.75,0.25,6.12,-15.96,True
1.04,0.015,1.01,0.4,0.0,1.0,0.0,5.83,-13.93,True
1.04,0.015,1.01,0.4,0.1,0.0,1.0,8.87,-18.24,True
1.04,0.015,1.01,0.4,0.1,0.25,0.75,8.78,-16.6,True
1.04,0.015,1.01,0.4,0.1,0.5,0.5,8.67,-14.84,True
1.04,0.015,1.01,0.4,0.1,0.75,0.25,8.55,-12.96,True
1.04,0.015,1.01,0.4,0.1,1.0,0.0,8.4,-13.26,True
1.04,0.015,1.01,0.4,0.2,0.0,1.0,10.08,-19.27,True
1.04,0.015,1.01,0.4,0.2,0.25,0.75,10.06,-19.47,True
1.04,0.015,1.01,0.4,0.2,0.5,0.5,10.02,-19.74,True
1.04,0.015,1.01,0.4,0.2,0.75,0.25,9.98,-20.07,True
1.04,0.015,1.01,0.4,0.2,1.0,0.0,9.92,-20.45,True
1.04,0.015,1.01,0.4,0.3,0.0,1.0,11.2,-23.79,True
1.04,0.015,1.01,0.4,0.3,0.25,0.75,11.2,-23.9,True
1.04,0.015,1.01,0.4,0.3,0.5,0.5,11.2,-24.06,True
1.04,0.015,1.01,0.4,0.3,0.75,0.25,11.19,-24.26,True
1.04,0.015,1.01,0.4,0.3,1.0,0.0,11.17,-24.52,True
1.04,0.015,1.02,0.1,0.0,0.0,1.0,1.68,-15.54,True
1.04,0.015,1.02,0.1,0.0,0.25,0.75,1.68,-14.34,True
1.04,0.015,1.02,0.1,0.0,0.5,0.5,1.68,-13.06,True
1.04,0.015,1.02,0.1,0.0,0.75,0.25,1.67,-11.69,True
1.04,0.015,1.02,0.1,0.0,1.0,0.0,1.66,-10.2,True
1.04,0.015,1.02,0.1,0.1,0.0,1.0,6.63,-17.28,True
1.04,0.015,1.02,0.1,0.1,0.25,0.75,6.64,-17.42,True
1.04,0.015,1.02,0.1,0.1,0.5,0.5,6.65,-17.56,True
1.04,0.015,1.02,0.1,0.1,0.75,0.25,6.66,-17.71,True
1.04,0.015,1.02,0.1,0.1,1.0,0.0,6.67,-17.88,True
1.04,0.015,1.02,0.1,0.2,0.0,1.0,9.11,-23.08,True
1.04,0.015,1.02,0.1,0.2,0.25,0.75,9.11,-23.19,True
1.04,0.015,1.02,0.1,0.2,0.5,0.5,9.12,-23.31,True
1.04,0.015,1.02,0.1,0.2,0.75,0.25,9.12,-23.44,True
1.04,0.015,1.02,0.1,0.2,1.0,0.0,9.12,-23.59,True
1.04,0.015,1.02,0.1,0.3,0.0,1.0,10.75,-25.95,True
1.04,0.015,1.02,0.1,0.3,0.25,0.75,10.75,-26.06,True
1.04,0.015,1.02,0.1,0.3,0.5,0.5,10.75,-26.17,True
1.04,0.015,1.02,0.1,0.3,0.75,0.25,10.75,-26.31,True
1.04,0.015,1.02,0.1,0.3,1.0,0.0,10.74,-26.45,True
1.04,0.015,1.02,0.2,0.0,0.0,1.0,2.04,-16.85,True
1.04,0.015,1.02,0.2,0.0,0.25,0.75,2.1,-15.42,True
1.04,0.015,1.02,0.2,0.0,0.5,0.5,2.14,-14.06,True
1.04,0.015,1.02,0.2,0.0,0.75,0.25,2.17,-12.58,True
1.04,0.015,1.02,0.2,0.0,1.0,0.0,2.18,-11.0,True
1.04,0.015,1.02,0.2,0.1,0.0,1.0,7.07,-15.44,True
1.04,0.015,1.02,0.2,0.1,0.25,0.75,7.07,-15.58,True
1.04,0.015,1.02,0.2,0.1,0.5,0.5,7.08,-15.75,True
1.04,0.015,1.02,0.2,0.1,0.75,0.25,7.07,-15.96,True
1.04,0.015,1.02,0.2,0.1,1.0,0.0,7.06,-16.19,True
1.04,0.015,1.02,0.2,0.2,0.0,1.0,9.47,-21.13,True
1.04,0.015,1.02,0.2,0.2,0.25,0.75,9.47,-21.27,True
1.04,0.015,1.02,0.2,0.2,0.5,0.5,9.46,-21.46,True
1.04,0.015,1.02,0.2,0.2,0.75,0.25,9.45,-21.68,True
1.04,0.015,1.02,0.2,0.2,1.0,0.0,9.43,-21.93,True
1.04,0.015,1.02,0.2,0.3,0.0,1.0,10.99,-24.71,True
1.04,0.015,1.02,0.2,0.3,0.25,0.75,10.98,-24.83,True
1.04,0.015,1.02,0.2,0.3,0.5,0.5,10.97,-24.98,True
1.04,0.015,1.02,0.2,0.3,0.75,0.25,10.96,-25.15,True
1.04,0.015,1.02,0.2,0.3,1.0,0.0,10.94,-25.35,True
1.04,0.015,1.02,0.3,0.0,0.0,1.0,2.62,-18.64,True
1.04,0.015,1.02,0.3,0.0,0.25,0.75,2.68,-17.07,True
1.04,0.015,1.02,0.3,0.0,0.5,0.5,2.71,-15.5,True
1.04,0.015,1.02,0.3,0.0,0.75,0.25,2.73,-13.93,True
1.04,0.015,1.02,0.3,0.0,1.0,0.0,2.73,-12.35,True
1.04,0.015,1.02,0.3,0.1,0.0,1.0,7.47,-15.62,True
1.04,0.015,1.02,0.3,0.1,0.25,0.75,7.47,-14.46,True
1.04,0.015,1.02,0.3,0.1,0.5,0.5,7.46,-14.64,True
1.04,0.015,1.02,0.3,0.1,0.75,0.25,7.45,-14.86,True
1.04,0.015,1.02,0.3,0.1,1.0,0.0,7.42,-15.13,True
1.04,0.015,1.02,0.3,0.2,0.0,1.0,9.65,-20.7,True
1.04,0.015,1.02,0.3,0.2,0.25,0.75,9.64,-20.82,True
1.04,0.015,1.02,0.3,0.2,0.5,0.5,9.63,-20.99,True
1.04,0.015,1.02,0.3,0.2,0.75,0.25,9.61,-21.19,True
1.04,0.015,1.02,0.3,0.2,1.0,0.0,9.59,-21.44,True
1.04,0.015,1.02,0.3,0.3,0.0,1.0,11.07,-24.47,True
1.04,0.015,1.02,0.3,0.3,0.25,0.75,11.07,-24.53,True
1.04,0.015,1.02,0.3,0.3,0.5,0.5,11.07,-24.62,True
1.04,0.015,1.02,0.3,0.3,0.75,0.25,11.06,-24.75,True
1.04,0.015,1.02,0.3,0.3,1.0,0.0,11.04,-24.92,True
1.04,0.015,1.02,0.4,0.0,0.0,1.0,3.33,-19.84,True
1.04,0.015,1.02,0.4,0.0,0.25,0.75,3.36,-18.28,True
1.04,0.015,1.02,0.4,0.0,0.5,0.5,3.37,-16.63,True
1.04,0.015,1.02,0.4,0.0,0.75,0.25,3.36,-14.87,True
1.04,0.015,1.02,0.4,0.0,1.0,0.0,3.32,-12.98,True
1.04,0.015,1.02,0.4,0.1,0.0,1.0,7.68,-17.49,True
1.04,0.015,1.02,0.4,0.1,0.25,0.75,7.68,-15.92,True
1.04,0.015,1.02,0.4,0.1,0.5,0.5,7.67,-14.31,True
1.04,0.015,1.02,0.4,0.1,0.75,0.25,7.64,-14.52,True
1.04,0.015,1.02,0.4,0.1,1.0,0.0,7.6,-14.78,True
1.04,0.015,1.02,0.4,0.2,0.0,1.0,9.75,-20.47,True
1.04,0.015,1.02,0.4,0.2,0.25,0.75,9.75,-20.55,True
1.04,0.015,1.02,0.4,0.2,0.5,0.5,9.75,-20.68,True
1.04,0.015,1.02,0.4,0.2,0.75,0.25,9.73,-20.85,True
1.04,0.015,1.02,0.4,0.2,1.0,0.0,9.7,-21.07,True
1.04,0.015,1.02,0.4,0.3,0.0,1.0,11.13,-24.07,True
1.04,0.015,1.02,0.4,0.3,0.25,0.75,11.13,-24.16,True
1.04,0.015,1.02,0.4,0.3,0.5,0.5,11.12,-24.29,True
1.04,0.015,1.02,0.4,0.3,0.75,0.25,11.11,-24.44,True
1.04,0.015,1.02,0.4,0.3,1.0,0.0,11.09,-24.63,True
1.04,0.02,0.95,0.1,0.0,0.0,1.0,6.44,-27.68,True
1.04,0.02,0.95,0.1,0.0,0.25,0.75,6.22,-26.11,True
1.04,0.02,0.95,0.1,0.0,0.5,0.5,5.97,-24.26,True
1.04,0.02,0.95,0.1,0.0,0.75,0.25,5.69,-22.03,True
1.04,0.02,0.95,0.1,0.0,1.0,0.0,5.38,-19.3,True
1.04,0.02,0.95,0.1,0.1,0.0,1.0,9.28,-28.54,True
1.04,0.02,0.95,0.1,0.1,0.25,0.75,9.09,-27.35,True
1.04,0.02,0.95,0.1,0.1,0.5,0.5,8.89,-26.0,True
1.04,0.02,0.95,0.1,0.1,0.75,0.25,8.67,-24.42,True
1.04,0.02,0.95,0.1,0.1,1.0,0.0,8.44,-22.59,True
1.04,0.02,0.95,0.1,0.2,0.0,1.0,10.93,-29.09,True
1.04,0.02,0.95,0.1,0.2,0.25,0.75,10.76,-28.13,True
1.04,0.02,0.95,0.1,0.2,0.5,0.5,10.59,-27.05,True
1.04,0.02,0.95,0.1,0.2,0.75,0.25,10.43,-25.84,True
1.04,0.02,0.95,0.1,0.2,1.0,0.0,10.25,-24.47,True
1.04,0.02,0.95,0.1,0.3,0.0,1.0,12.23,-29.47,True
1.04,0.02,0.95,0.1,0.3,0.25,0.75,12.1,-28.65,True
1.04,0.02,0.95,0.1,0.3,0.5,0.5,11.95,-27.76,True
1.04,0.02,0.95,0.1,0.3,0.75,0.25,11.79,-26.8,True
1.04,0.02,0.95,0.1,0.3,1.0,0.0,11.61,-25.76,True
1.04,0.02,0.95,0.2,0.0,0.0,1.0,10.08,-27.68,True
1.04,0.02,0.95,0.2,0.0,0.25,0.75,9.72,-26.18,True
1.04,0.02,0.95,0.2,0.0,0.5,0.5,9.3,-24.37,True
1.04,0.02,0.95,0.2,0.0,0.75,0.25,8.84,-22.13,True
1.04,0.02,0.95,0.2,0.0,1.0,0.0,8.31,-19.3,True
1.04,0.02,0.95,0.2,0.1,0.0,1.0,11.39,-28.15,True
1.04,0.02,0.95,0.2,0.1,0.25,0.75,11.12,-26.87,True
1.04,0.02,0.95,0.2,0.1,0.5,0.5,10.81,-25.37,True
1.04,0.02,0.95,0.2,0.1,0.75,0.25,10.46,-23.59,True
1.04,0.02,0.95,0.2,0.1,1.0,0.0,10.08,-21.45,True
1.04,0.02,0.95,0.2,0.2,0.0,1.0,12.43,-28.53,True
1.04,0.02,0.95,0.2,0.2,0.25,0.75,12.19,-27.42,True
1.04,0.02,0.95,0.2,0.2,0.5,0.5,11.94,-26.16,True
1.04,0.02,0.95,0.2,0.2,0.75,0.25,11.66,-24.71,True
1.04,0.02,0.95,0.2,0.2,1.0,0.0,11.37,-23.03,True
1.04,0.02,0.95,0.2,0.3,0.0,1.0,13.25,-28.86,True
1.04,0.02,0.95,0.2,0.3,0.25,0.75,13.07,-27.9,True
1.04,0.02,0.95,0.2,0.3,0.5,0.5,12.87,-26.82,True
1.04,0.02,0.95,0.2,0.3,0.75,0.25,12.65,-25.63,True
1.04,0.02,0.95,0.2,0.3,1.0,0.0,12.41,-24.3,True
1.04,0.02,0.95,0.3,0.0,0.0,1.0,11.21,-27.68,True
1.04,0.02,0.95,0.3,0.0,0.25,0.75,10.81,-26.21,True
1.04,0.02,0.95,0.3,0.0,0.5,0.5,10.35,-24.41,True
1.04,0.02,0.95,0.3,0.0,0.75,0.25,9.83,-22.17,True
1.04,0.02,0.95,0.3,0.0,1.0,0.0,9.23,-19.3,True
1.04,0.02,0.95,0.3,0.1,0.0,1.0,12.31,-28.02,True
1.04,0.02,0.95,0.3,0.1,0.25,0.75,11.99,-26.71,True
1.04,0.02,0.95,0.3,0.1,0.5,0.5,11.63,-25.16,True
1.04,0.02,0.95,0.3,0.1,0.75,0.25,11.22,-23.3,True
1.04,0.02,0.95,0.3,0.1,1.0,0.0,10.78,-21.02,True
1.04,0.02,0.95,0.3,0.2,0.0,1.0,13.25,-28.31,True
1.04,0.02,0.95,0.3,0.2,0.25,0.75,12.99,-27.15,True
1.04,0.02,0.95,0.3,0.2,0.5,0.5,12.69,-25.8,True
1.04,0.02,0.95,0.3,0.2,0.75,0.25,12.36,-24.22,True
1.04,0.02,0.95,0.3,0.2,1.0,0.0,12.0,-22.37,True
1.04,0.02,0.95,0.3,0.3,0.0,1.0,14.03,-28.58,True
1.04,0.02,0.95,0.3,0.3,0.25,0.75,13.81,-27.53,True
1.04,0.02,0.95,0.3,0.3,0.5,0.5,13.56,-26.35,True
1.04,0.02,0.95,0.3,0.3,0.75,0.25,13.28,-25.01,True
1.04,0.02,0.95,0.3,0.3,1.0,0.0,12.97,-23.52,True
1.04,0.02,0.95,0.4,0.0,0.0,1.0,12.33,-27.68,True
1.04,0.02,0.95,0.4,0.0,0.25,0.75,11.87,-26.22,True
1.04,0.02,0.95,0.4,0.0,0.5,0.5,11.35,-24.44,True
1.04,0.02,0.95,0.4,0.0,0.75,0.25,10.75,-22.2,True
1.04,0.02,0.95,0.4,0.0,1.0,0.0,10.06,-19.3,True
1.04,0.02,0.95,0.4,0.1,0.0,1.0,13.35,-27.94,True
1.04,0.02,0.95,0.4,0.1,0.25,0.75,12.97,-26.62,True
1.04,0.02,0.95,0.4,0.1,0.5,0.5,12.53,-25.04,True
1.04,0.02,0.95,0.4,0.1,0.75,0.25,12.05,-23.12,True
1.04,0.02,0.95,0.4,0.1,1.0,0.0,11.51,-20.74,True
1.04,0.02,0.95,0.4,0.2,0.0,1.0,14.02,-28.2,True
1.04,0.02,0.95,0.4,0.2,0.25,0.75,13.71,-27.0,True
1.04,0.02,0.95,0.4,0.2,0.5,0.5,13.35,-25.61,True
1.04,0.02,0.95,0.4,0.2,0.75,0.25,12.95,-23.96,True
1.04,0.02,0.95,0.4,0.2,1.0,0.0,12.52,-22.01,True
1.04,0.02,0.95,0.4,0.3,0.0,1.0,14.51,-28.48,True
1.04,0.02,0.95,0.4,0.3,0.25,0.75,14.26,-27.41,True
1.04,0.02,0.95,0.4,0.3,0.5,0.5,13.97,-26.19,True
1.04,0.02,0.95,0.4,0.3,0.75,0.25,13.66,-24.8,True
1.04,0.02,0.95,0.4,0.3,1.0,0.0,13.31,-23.22,True
1.04,0.02,0.97,0.1,0.0,0.0,1.0,5.11,-22.06,True
1.04,0.02,0.97,0.1,0.0,0.25,0.75,4.92,-20.77,True
1.04,0.02,0.97,0.1,0.0,0.5,0.5,4.71,-19.24,True
1.04,0.02,0.97,0.1,0.0,0.75,0.25,4.47,-17.4,True
1.04,0.02,0.97,0.1,0.0,1.0,0.0,4.2,-15.15,True
1.04,0.02,0.97,0.1,0.1,0.0,1.0,8.08,-24.63,True
1.04,0.02,0.97,0.1,0.1,0.25,0.75,7.97,-23.86,True
1.04,0.02,0.97,0.1,0.1,0.5,0.5,7.84,-22.97,True
1.04,0.02,0.97,0.1,0.1,0.75,0.25,7.7,-21.95,True
1.04,0.02,0.97,0.1,0.1,1.0,0.0,7.55,-20.74,True
1.04,0.02,0.97,0.1,0.2,0.0,1.0,10.01,-26.22,True
1.04,0.02,0.97,0.1,0.2,0.25,0.75,9.93,-25.69,True
1.04,0.02,0.97,0.1,0.2,0.5,0.5,9.85,-25.11,True
1.04,0.02,0.97,0.1,0.2,0.75,0.25,9.75,-24.45,True
1.04,0.02,0.97,0.1,0.2,1.0,0.0,9.64,-23.71,True
1.04,0.02,0.97,0.1,0.3,0.0,1.0,11.42,-27.41,True
1.04,0.02,0.97,0.1,0.3,0.25,0.75,11.36,-27.05,True
1.04,0.02,0.97,0.1,0.3,0.5,0.5,11.29,-26.66,True
1.04,0.02,0.97,0.1,0.3,0.75,0.25,11.21,-26.23,True
1.04,0.02,0.97,0.1,0.3,1.0,0.0,11.11,-25.76,True
1.04,0.02,0.97,0.2,0.0,0.0,1.0,6.06,-22.06,True
1.04,0.02,0.97,0.2,0.0,0.25,0.75,5.95,-20.82,True
1.04,0.02,0.97,0.2,0.0,0.5,0.5,5.8,-19.33,True
1.04,0.02,0.97,0.2,0.0,0.75,0.25,5.6,-17.48,True
1.04,0.02,0.97,0.2,0.0,1.0,0.0,5.33,-15.15,True
1.04,0.02,0.97,0.2,0.1,0.0,1.0,8.82,-24.09,True
1.04,0.02,0.97,0.2,0.1,0.25,0.75,8.75,-23.28,True
1.04,0.02,0.97,0.2,0.1,0.5,0.5,8.65,-22.33,True
1.04,0.02,0.97,0.2,0.1,0.75,0.25,8.52,-21.2,True
1.04,0.02,0.97,0.2,0.1,1.0,0.0,8.37,-19.87,True
1.04,0.02,0.97,0.2,0.2,0.0,1.0,10.62,-25.42,True
1.04,0.02,0.97,0.2,0.2,0.25,0.75,10.56,-24.85,True
1.04,0.02,0.97,0.2,0.2,0.5,0.5,10.48,-24.19,True
1.04,0.02,0.97,0.2,0.2,0.75,0.25,10.38,-23.46,True
1.04,0.02,0.97,0.2,0.2,1.0,0.0,10.26,-22.61,True
1.04,0.02,0.97,0.2,0.3,0.0,1.0,11.91,-26.46,True
1.04,0.02,0.97,0.2,0.3,0.25,0.75,11.86,-26.05,True
1.04,0.02,0.97,0.2,0.3,0.5,0.5,11.79,-25.59,True
1.04,0.02,0.97,0.2,0.3,0.75,0.25,11.71,-25.1,True
1.04,0.02,0.97,0.2,0.3,1.0,0.0,11.61,-24.57,True
1.04,0.02,0.97,0.3,0.0,0.0,1.0,6.65,-26.58,True
1.04,0.02,0.97,0.3,0.0,0.25,0.75,6.56,-24.02,True
1.04,0.02,0.97,0.3,0.0,0.5,0.5,6.4,-21.4,True
1.04,0.02,0.97,0.3,0.0,0.75,0.25,6.19,-18.74,True
1.04,0.02,0.97,0.3,0.0,1.0,0.0,5.91,-16.01,True
1.04,0.02,0.97,0.3,0.1,0.0,1.0,9.36,-24.5,True
1.04,0.02,0.97,0.3,0.1,0.25,0.75,9.27,-22.96,True
1.04,0.02,0.97,0.3,0.1,0.5,0.5,9.16,-21.97,True
1.04,0.02,0.97,0.3,0.1,0.75,0.25,9.01,-20.78,True
1.04,0.02,0.97,0.3,0.1,1.0,0.0,8.82,-19.35,True
1.04,0.02,0.97,0.3,0.2,0.0,1.0,11.08,-25.02,True
1.04,0.02,0.97,0.3,0.2,0.25,0.75,11.01,-24.4,True
1.04,0.02,0.97,0.3,0.2,0.5,0.5,10.9,-23.7,True
1.04,0.02,0.97,0.3,0.2,0.75,0.25,10.78,-22.9,True
1.04,0.02,0.97,0.3,0.2,1.0,0.0,10.62,-21.99,True
1.04,0.02,0.97,0.3,0.3,0.0,1.0,12.33,-25.97,True
1.04,0.02,0.97,0.3,0.3,0.25,0.75,12.26,-25.51,True
1.04,0.02,0.97,0.3,0.3,0.5,0.5,12.18,-25.01,True
1.04,0.02,0.97,0.3,0.3,0.75,0.25,12.07,-24.46,True
1.04,0.02,0.97,0.3,0.3,1.0,0.0,11.94,-23.86,True
1.04,0.02,0.97,0.4,0.0,0.0,1.0,7.29,-31.24,True
1.04,0.02,0.97,0.4,0.0,0.25,0.75,7.18,-28.41,True
1.04,0.02,0.97,0.4,0.0,0.5,0.5,7.01,-25.5,True
1.04,0.02,0.97,0.4,0.0,0.75,0.25,6.76,-22.53,True
1.04,0.02,0.97,0.4,0.0,1.0,0.0,6.45,-19.48,True
1.04,0.02,0.97,0.4,0.1,0.0,1.0,9.87,-27.22,True
1.04,0.02,0.97,0.4,0.1,0.25,0.75,9.77,-24.57,True
1.04,0.02,0.97,0.4,0.1,0.5,0.5,9.63,-21.86,True
1.04,0.02,0.97,0.4,0.1,0.75,0.25,9.45,-20.51,True
1.04,0.02,0.97,0.4,0.1,1.0,0.0,9.23,-19.02,True
1.04,0.02,0.97,0.4,0.2,0.0,1.0,11.58,-24.71,True
1.04,0.02,0.97,0.4,0.2,0.25,0.75,11.48,-24.06,True
1.04,0.02,0.97,0.4,0.2,0.5,0.5,11.35,-23.31,True
1.04,0.02,0.97,0.4,0.2,0.75,0.25,11.2,-22.46,True
1.04,0.02,0.97,0.4,0.2,1.0,0.0,11.01,-21.47,True
1.04,0.02,0.97,0.4,0.3,0.0,1.0,12.88,-25.47,True
1.04,0.02,0.97,0.4,0.3,0.25,0.75,12.77,-24.98,True
1.04,0.02,0.97,0.4,0.3,0.5,0.5,12.64,-24.42,True
1.04,0.02,0.97,0.4,0.3,0.75,0.25,12.49,-23.82,True
1.04,0.02,0.97,0.4,0.3,1.0,0.0,12.32,-23.15,True
1.04,0.02,0.99,0.1,0.0,0.0,1.0,3.54,-25.29,True
1.04,0.02,0.99,0.1,0.0,0.25,0.75,3.39,-23.41,True
1.04,0.02,0.99,0.1,0.0,0.5,0.5,3.22,-21.4,True
1.04,0.02,0.99,0.1,0.0,0.75,0.25,3.05,-19.24,True
1.04,0.02,0.99,0.1,0.0,1.0,0.0,2.87,-16.93,True
1.04,0.02,0.99,0.1,0.1,0.0,1.0,7.54,-22.34,True
1.04,0.02,0.99,0.1,0.1,0.25,0.75,7.46,-20.5,True
1.04,0.02,0.99,0.1,0.1,0.5,0.5,7.38,-18.5,True
1.04,0.02,0.99,0.1,0.1,0.75,0.25,7.31,-16.36,True
1.04,0.02,0.99,0.1,0.1,1.0,0.0,7.23,-15.95,True
1.04,0.02,0.99,0.1,0.2,0.0,1.0,9.63,-19.76,True
1.04,0.02,0.99,0.1,0.2,0.25,0.75,9.58,-20.18,True
1.04,0.02,0.99,0.1,0.2,0.5,0.5,9.53,-20.63,True
1.04,0.02,0.99,0.1,0.2,0.75,0.25,9.48,-21.1,True
1.04,0.02,0.99,0.1,0.2,1.0,0.0,9.43,-21.59,True
1.04,0.02,0.99,0.1,0.3,0.0,1.0,11.05,-23.45,True
1.04,0.02,0.99,0.1,0.3,0.25,0.75,11.02,-23.84,True
1.04,0.02,0.99,0.1,0.3,0.5,0.5,10.99,-24.25,True
1.04,0.02,0.99,0.1,0.3,0.75,0.25,10.96,-24.67,True
1.04,0.02,0.99,0.1,0.3,1.0,0.0,10.92,-25.11,True
1.04,0.02,0.99,0.2,0.0,0.0,1.0,4.9,-29.72,True
1.04,0.02,0.99,0.2,0.0,0.25,0.75,4.74,-27.69,True
1.04,0.02,0.99,0.2,0.0,0.5,0.5,4.55,-25.49,True
1.04,0.02,0.99,0.2,0.0,0.75,0.25,4.35,-23.09,True
1.04,0.02,0.99,0.2,0.0,1.0,0.0,4.12,-20.47,True
1.04,0.02,0.99,0.2,0.1,0.0,1.0,7.91,-26.23,True
1.04,0.02,0.99,0.2,0.1,0.25,0.75,7.84,-24.22,True
1.04,0.02,0.99,0.2,0.1,0.5,0.5,7.77,-22.06,True
1.04,0.02,0.99,0.2,0.1,0.75,0.25,7.68,-19.71,True
1.04,0.02,0.99,0.2,0.1,1.0,0.0,7.59,-17.15,True
1.04,0.02,0.99,0.2,0.2,0.0,1.0,9.85,-22.46,True
1.04,0.02,0.99,0.2,0.2,0.25,0.75,9.81,-20.76,True
1.04,0.02,0.99,0.2,0.2,0.5,0.5,9.77,-21.02,True
1.04,0.02,0.99,0.2,0.2,0.75,0.25,9.71,-21.34,True
1.04,0.02,0.99,0.2,0.2,1.0,0.0,9.65,-21.71,True
1.04,0.02,0.99,0.2,0.3,0.0,1.0,11.22,-24.76,True
1.04,0.02,0.99,0.2,0.3,0.25,0.75,11.2,-24.86,True
1.04,0.02,0.99,0.2,0.3,0.5,0.5,11.17,-24.99,True
1.04,0.02,0.99,0.2,0.3,0.75,0.25,11.14,-25.17,True
1.04,0.02,0.99,0.2,0.3,1.0,0.0,11.1,-25.38,True
1.04,0.02,0.99,0.3,0.0,0.0,1.0,4.51,-33.14,True
1.04,0.02,0.99,0.3,0.0,0.25,0.75,4.44,-30.91,True
1.04,0.02,0.99,0.3,0.0,0.5,0.5,4.34,-28.5,True
1.04,0.02,0.99,0.3,0.0,0.75,0.25,4.2,-25.89,True
1.04,0.02,0.99,0.3,0.0,1.0,0.0,4.03,-23.04,True
1.04,0.02,0.99,0.3,0.1,0.0,1.0,7.86,-29.59,True
1.04,0.02,0.99,0.3,0.1,0.25,0.75,7.83,-27.15,True
1.04,0.02,0.99,0.3,0.1,0.5,0.5,7.78,-24.81,True
1.04,0.02,0.99,0.3,0.1,0.75,0.25,7.72,-22.28,True
1.04,0.02,0.99,0.3,0.1,1.0,0.0,7.64,-19.54,True
1.04,0.02,0.99,0.3,0.2,0.0,1.0,9.92,-24.82,True
1.04,0.02,0.99,0.3,0.2,0.25,0.75,9.91,-22.66,True
1.04,0.02,0.99,0.3,0.2,0.5,0.5,9.89,-22.3,True
1.04,0.02,0.99,0.3,0.2,0.75,0.25,9.85,-22.32,True
1.04,0.02,0.99,0.3,0.2,1.0,0.0,9.79,-22.42,True
1.04,0.02,0.99,0.3,0.3,0.0,1.0,11.38,-25.37,True
1.04,0.02,0.99,0.3,0.3,0.25,0.75,11.37,-25.33,True
1.04,0.02,0.99,0.3,0.3,0.5,0.5,11.34,-25.35,True
1.04,0.02,0.99,0.3,0.3,0.75,0.25,11.3,-25.44,True
1.04,0.02,0.99,0.3,0.3,1.0,0.0,11.23,-25.59,True
1.04,0.02,0.99,0.4,0.0,0.0,1.0,4.33,-37.27,True
1.04,0.02,0.99,0.4,0.0,0.25,0.75,4.31,-34.54,True
1.04,0.02,0.99,0.4,0.0,0.5,0.5,4.25,-31.74,True
1.04,0.02,0.99,0.4,0.0,0.75,0.25,4.16,-28.86,True
1.04,0.02,0.99,0.4,0.0,1.0,0.0,4.02,-25.91,True
1.04,0.02,0.99,0.4,0.1,0.0,1.0,8.0,-32.43,True
1.04,0.02,0.99,0.4,0.1,0.25,0.75,7.99,-29.86,True
1.04,0.02,0.99,0.4,0.1,0.5,0.5,7.97,-27.22,True
1.04,0.02,0.99,0.4,0.1,0.75,0.25,7.92,-24.53,True
1.04,0.02,0.99,0.4,0.1,1.0,0.0,7.84,-21.78,True
1.04,0.02,0.99,0.4,0.2,0.0,1.0,10.14,-27.07,True
1.04,0.02,0.99,0.4,0.2,0.25,0.75,10.12,-24.68,True
1.04,0.02,0.99,0.4,0.2,0.5,0.5,10.08,-22.61,True
1.04,0.02,0.99,0.4,0.2,0.75,0.25,10.03,-22.58,True
1.04,0.02,0.99,0.4,0.2,1.0,0.0,9.96,-22.65,True
1.04,0.02,0.99,0.4,0.3,0.0,1.0,11.52,-25.49,True
1.04,0.02,0.99,0.4,0.3,0.25,0.75,11.49,-25.37,True
1.04,0.02,0.99,0.4,0.3,0.5,0.5,11.44,-25.36,True
1.04,0.02,0.99,0.4,0.3,0.75,0.25,11.39,-25.31,True
1.04,0.02,0.99,0.4,0.3,1.0,0.0,11.32,-25.32,True
1.04,0.02,1.0,0.1,0.0,0.0,1.0,1.28,-25.29,True
1.04,0.02,1.0,0.1,0.0,0.25,0.75,1.28,-23.41,True
1.04,0.02,1.0,0.1,0.0,0.5,0.5,1.29,-21.4,True
1.04,0.02,1.0,0.1,0.0,0.75,0.25,1.29,-19.24,True
1.04,0.02,1.0,0.1,0.0,1.0,0.0,1.28,-16.93,True
1.04,0.02,1.0,0.1,0.1,0.0,1.0,6.42,-22.45,True
1.04,0.02,1.0,0.1,0.1,0.25,0.75,6.44,-20.57,True
1.04,0.02,1.0,0.1,0.1,0.5,0.5,6.46,-18.94,True
1.04,0.02,1.0,0.1,0.1,0.75,0.25,6.48,-18.98,True
1.04,0.02,1.0,0.1,0.1,1.0,0.0,6.49,-19.03,True
1.04,0.02,1.0,0.1,0.2,0.0,1.0,8.93,-24.37,True
1.04,0.02,1.0,0.1,0.2,0.25,0.75,8.94,-24.4,True
1.04,0.02,1.0,0.1,0.2,0.5,0.5,8.95,-24.44,True
1.04,0.02,1.0,0.1,0.2,0.75,0.25,8.96,-24.48,True
1.04,0.02,1.0,0.1,0.2,1.0,0.0,8.97,-24.54,True
1.04,0.02,1.0,0.1,0.3,0.0,1.0,10.57,-27.29,True
1.04,0.02,1.0,0.1,0.3,0.25,0.75,10.58,-27.3,True
1.04,0.02,1.0,0.1,0.3,0.5,0.5,10.59,-27.3,True
1.04,0.02,1.0,0.1,0.3,0.75,0.25,10.6,-27.32,True
1.04,0.02,1.0,0.1,0.3,1.0,0.0,10.61,-27.35,True
1.04,0.02,1.0,0.2,0.0,0.0,1.0,1.74,-29.72,True
1.04,0.02,1.0,0.2,0.0,0.25,0.75,1.79,-27.69,True
1.04,0.02,1.0,0.2,0.0,0.5,0.5,1.83,-25.49,True
1.04,0.02,1.0,0.2,0.0,0.75,0.25,1.86,-23.09,True
1.04,0.02,1.0,0.2,0.0,1.0,0.0,1.88,-20.47,True
1.04,0.02,1.0,0.2,0.1,0.0,1.0,6.58,-26.43,True
1.04,0.02,1.0,0.2,0.1,0.25,0.75,6.62,-24.4,True
1.04,0.02,1.0,0.2,0.1,0.5,0.5,6.65,-22.21,True
1.04,0.02,1.0,0.2,0.1,0.75,0.25,6.67,-19.84,True
1.04,0.02,1.0,0.2,0.1,1.0,0.0,6.69,-18.56,True
1.04,0.02,1.0,0.2,0.2,0.0,1.0,9.02,-24.69,True
1.04,0.02,1.0,0.2,0.2,0.25,0.75,9.05,-24.55,True
1.04,0.02,1.0,0.2,0.2,0.5,0.5,9.07,-24.42,True
1.04,0.02,1.0,0.2,0.2,0.75,0.25,9.09,-24.32,True
1.04,0.02,1.0,0.2,0.2,1.0,0.0,9.1,-24.27,True
1.04,0.02,1.0,0.2,0.3,0.0,1.0,10.6,-28.01,True
1.04,0.02,1.0,0.2,0.3,0.25,0.75,10.62,-27.86,True
1.04,0.02,1.0,0.2,0.3,0.5,0.5,10.63,-27.73,True
1.04,0.02,1.0,0.2,0.3,0.75,0.25,10.65,-27.62,True
1.04,0.02,1.0,0.2,0.3,1.0,0.0,10.66,-27.54,True
1.04,0.02,1.0,0.3,0.0,0.0,1.0,1.14,-33.14,True
1.04,0.02,1.0,0.3,0.0,0.25,0.75,1.29,-30.91,True
1.04,0.02,1.0,0.3,0.0,0.5,0.5,1.43,-28.5,True
1.04,0.02,1.0,0.3,0.0,0.75,0.25,1.55,-25.89,True
1.04,0.02,1.0,0.3,0.0,1.0,0.0,1.66,-23.04,True
1.04,0.02,1.0,0.3,0.1,0.0,1.0,6.48,-29.66,True
1.04,0.02,1.0,0.3,0.1,0.25,0.75,6.54,-27.45,True
1.04,0.02,1.0,0.3,0.1,0.5,0.5,6.59,-25.08,True
1.04,0.02,1.0,0.3,0.1,0.75,0.25,6.64,-22.52,True
1.04,0.02,1.0,0.3,0.1,1.0,0.0,6.68,-19.73,True
1.04,0.02,1.0,0.3,0.2,0.0,1.0,8.95,-26.05,True
1.04,0.02,1.0,0.3,0.2,0.25,0.75,8.99,-25.78,True
1.04,0.02,1.0,0.3,0.2,0.5,0.5,9.03,-25.55,True
1.04,0.02,1.0,0.3,0.2,0.75,0.25,9.06,-25.32,True
1.04,0.02,1.0,0.3,0.2,1.0,0.0,9.08,-25.12,True
1.04,0.02,1.0,0.3,0.3,0.0,1.0,10.57,-28.45,True
1.04,0.02,1.0,0.3,0.3,0.25,0.75,10.6,-28.21,True
1.04,0.02,1.0,0.3,0.3,0.5,0.5,10.63,-28.0,True
1.04,0.02,1.0,0.3,0.3,0.75,0.25,10.66,-27.82,True
1.04,0.02,1.0,0.3,0.3,1.0,0.0,10.67,-27.66,True
1.04,0.02,1.0,0.4,0.0,0.0,1.0,0.68,-35.69,True
1.04,0.02,1.0,0.4,0.0,0.25,0.75,0.9,-33.29,True
1.04,0.02,1.0,0.4,0.0,0.5,0.5,1.11,-30.72,True
1.04,0.02,1.0,0.4,0.0,0.75,0.25,1.29,-27.94,True
1.04,0.02,1.0,0.4,0.0,1.0,0.0,1.45,-24.93,True
1.04,0.02,1.0,0.4,0.1,0.0,1.0,6.44,-31.59,True
1.04,0.02,1.0,0.4,0.1,0.25,0.75,6.52,-29.24,True
1.04,0.02,1.0,0.4,0.1,0.5,0.5,6.59,-26.73,True
1.04,0.02,1.0,0.4,0.1,0.75,0.25,6.65,-24.04,True
1.04,0.02,1.0,0.4,0.1,1.0,0.0,6.7,-21.13,True
1.04,0.02,1.0,0.4,0.2,0.0,1.0,8.94,-27.12,True
1.04,0.02,1.0,0.4,0.2,0.25,0.75,8.99,-26.05,True
1.04,0.02,1.0,0.4,0.2,0.5,0.5,9.03,-25.71,True
1.04,0.02,1.0,0.4,0.2,0.75,0.25,9.08,-25.4,True
1.04,0.02,1.0,0.4,0.2,1.0,0.0,9.11,-25.13,True
1.04,0.02,1.0,0.4,0.3,0.0,1.0,10.54,-28.27,True
1.04,0.02,1.0,0.4,0.3,0.25,0.75,10.58,-28.03,True
1.04,0.02,1.0,0.4,0.3,0.5,0.5,10.61,-27.82,True
1.04,0.02,1.0,0.4,0.3,0.75,0.25,10.65,-27.64,True
1.04,0.02,1.0,0.4,0.3,1.0,0.0,10.67,-27.5,True
1.04,0.02,1.01,0.1,0.0,0.0,1.0,2.61,-19.5,True
1.04,0.02,1.01,0.1,0.0,0.25,0.75,2.51,-17.96,True
1.04,0.02,1.01,0.1,0.0,0.5,0.5,2.4,-16.31,True
1.04,0.02,1.01,0.1,0.0,0.75,0.25,2.28,-14.54,True
1.04,0.02,1.01,0.1,0.0,1.0,0.0,2.17,-12.65,True
1.04,0.02,1.01,0.1,0.1,0.0,1.0,7.03,-17.31,True
1.04,0.02,1.01,0.1,0.1,0.25,0.75,7.0,-15.73,True
1.04,0.02,1.01,0.1,0.1,0.5,0.5,6.96,-15.76,True
1.04,0.02,1.01,0.1,0.1,0.75,0.25,6.93,-16.12,True
1.04,0.02,1.01,0.1,0.1,1.0,0.0,6.89,-16.49,True
1.04,0.02,1.01,0.1,0.2,0.0,1.0,9.28,-20.72,True
1.04,0.02,1.01,0.1,0.2,0.25,0.75,9.26,-21.05,True
1.04,0.02,1.01,0.1,0.2,0.5,0.5,9.24,-21.4,True
1.04,0.02,1.01,0.1,0.2,0.75,0.25,9.23,-21.75,True
1.04,0.02,1.01,0.1,0.2,1.0,0.0,9.21,-22.12,True
1.04,0.02,1.01,0.1,0.3,0.0,1.0,10.84,-23.68,True
1.04,0.02,1.01,0.1,0.3,0.25,0.75,10.83,-24.0,True
1.04,0.02,1.01,0.1,0.3,0.5,0.5,10.82,-24.33,True
1.04,0.02,1.01,0.1,0.3,0.75,0.25,10.8,-24.7,True
1.04,0.02,1.01,0.1,0.3,1.0,0.0,10.78,-25.07,True
1.04,0.02,1.01,0.2,0.0,0.0,1.0,3.88,-22.64,True
1.04,0.02,1.01,0.2,0.0,0.25,0.75,3.75,-21.0,True
1.04,0.02,1.01,0.2,0.0,0.5,0.5,3.6,-19.22,True
1.04,0.02,1.01,0.2,0.0,0.75,0.25,3.45,-17.29,True
1.04,0.02,1.01,0.2,0.0,1.0,0.0,3.28,-15.17,True
1.04,0.02,1.01,0.2,0.1,0.0,1.0,7.49,-20.0,True
1.04,0.02,1.01,0.2,0.1,0.25,0.75,7.44,-18.34,True
1.04,0.02,1.01,0.2,0.1,0.5,0.5,7.39,-16.54,True
1.04,0.02,1.01,0.2,0.1,0.75,0.25,7.33,-14.59,True
1.04,0.02,1.01,0.2,0.1,1.0,0.0,7.27,-14.11,True
1.04,0.02,1.01,0.2,0.2,0.0,1.0,9.54,-18.3,True
1.04,0.02,1.01,0.2,0.2,0.25,0.75,9.52,-18.73,True
1.04,0.02,1.01,0.2,0.2,0.5,0.5,9.49,-19.19,True
1.04,0.02,1.01,0.2,0.2,0.75,0.25,9.46,-19.68,True
1.04,0.02,1.01,0.2,0.2,1.0,0.0,9.43,-20.19,True
1.04,0.02,1.01,0.2,0.3,0.0,1.0,10.97,-22.36,True
1.04,0.02,1.01,0.2,0.3,0.25,0.75,10.95,-22.75,True
1.04,0.02,1.01,0.2,0.3,0.5,0.5,10.94,-23.16,True
1.04,0.02,1.01,0.2,0.3,0.75,0.25,10.92,-23.58,True
1.04,0.02,1.01,0.2,0.3,1.0,0.0,10.89,-24.02,True
1.04,0.02,1.01,0.3,0.0,0.0,1.0,3.8,-24.7,True
1.04,0.02,1.01,0.3,0.0,0.25,0.75,3.72,-22.94,True
1.04,0.02,1.01,0.3,0.0,0.5,0.5,3.63,-21.03,True
1.04,0.02,1.01,0.3,0.0,0.75,0.25,3.51,-18.95,True
1.04,0.02,1.01,0.3,0.0,1.0,0.0,3.38,-16.69,True
1.04,0.02,1.01,0.3,0.1,0.0,1.0,7.39,-21.95,True
1.04,0.02,1.01,0.3,0.1,0.25,0.75,7.38,-20.15,True
1.04,0.02,1.01,0.3,0.1,0.5,0.5,7.36,-18.24,True
1.04,0.02,1.01,0.3,0.1,0.75,0.25,7.33,-16.17,True
1.04,0.02,1.01,0.3,0.1,1.0,0.0,7.29,-13.92,True
1.04,0.02,1.01,0.3,0.2,0.0,1.0,9.52,-19.03,True
1.04,0.02,1.01,0.3,0.2,0.25,0.75,9.51,-18.75,True
1.04,0.02,1.01,0.3,0.2,0.5,0.5,9.5,-19.2,True
1.04,0.02,1.01,0.3,0.2,0.75,0.25,9.48,-19.65,True
1.04,0.02,1.01,0.3,0.2,1.0,0.0,9.45,-20.13,True
1.04,0.02,1.01,0.3,0.3,0.0,1.0,10.95,-22.02,True
1.04,0.02,1.01,0.3,0.3,0.25,0.75,10.95,-22.4,True
1.04,0.02,1.01,0.3,0.3,0.5,0.5,10.95,-22.8,True
1.04,0.02,1.01,0.3,0.3,0.75,0.25,10.95,-23.23,True
1.04,0.02,1.01,0.3,0.3,1.0,0.0,10.93,-23.67,True
1.04,0.02,1.01,0.4,0.0,0.0,1.0,3.52,-26.77,True
1.04,0.02,1.01,0.4,0.0,0.25,0.75,3.49,-24.87,True
1.04,0.02,1.01,0.4,0.0,0.5,0.5,3.45,-22.82,True
1.04,0.02,1.01,0.4,0.0,0.75,0.25,3.38,-20.61,True
1.04,0.02,1.01,0.4,0.0,1.0,0.0,3.29,-18.2,True
1.04,0.02,1.01,0.4,0.1,0.0,1.0,7.42,-24.06,True
1.04,0.02,1.01,0.4,0.1,0.25,0.75,7.42,-22.13,True
1.04,0.02,1.01,0.4,0.1,0.5,0.5,7.41,-20.06,True
1.04,0.02,1.01,0.4,0.1,0.75,0.25,7.4,-17.84,True
1.04,0.02,1.01,0.4,0.1,1.0,0.0,7.36,-15.45,True
1.04,0.02,1.01,0.4,0.2,0.0,1.0,9.52,-21.2,True
1.04,0.02,1.01,0.4,0.2,0.25,0.75,9.52,-19.27,True
1.04,0.02,1.01,0.4,0.2,0.5,0.5,9.52,-18.72,True
1.04,0.02,1.01,0.4,0.2,0.75,0.25,9.51,-19.19,True
1.04,0.02,1.01,0.4,0.2,1.0,0.0,9.5,-19.71,True
1.04,0.02,1.01,0.4,0.3,0.0,1.0,10.96,-21.41,True
1.04,0.02,1.01,0.4,0.3,0.25,0.75,10.97,-21.8,True
1.04,0.02,1.01,0.4,0.3,0.5,0.5,10.97,-22.25,True
1.04,0.02,1.01,0.4,0.3,0.75,0.25,10.96,-22.75,True
1.04,0.02,1.01,0.4,0.3,1.0,0.0,10.95,-23.28,True
1.04,0.02,1.02,0.1,0.0,0.0,1.0,2.12,-16.19,True
1.04,0.02,1.02,0.1,0.0,0.25,0.75,2.03,-14.89,True
1.04,0.02,1.02,0.1,0.0,0.5,0.5,1.94,-13.51,True
1.04,0.02,1.02,0.1,0.0,0.75,0.25,1.84,-12.04,True
1.04,0.02,1.02,0.1,0.0,1.0,0.0,1.75,-10.49,True
1.04,0.02,1.02,0.1,0.1,0.0,1.0,6.89,-16.12,True
1.04,0.02,1.02,0.1,0.1,0.25,0.75,6.86,-16.41,True
1.04,0.02,1.02,0.1,0.1,0.5,0.5,6.83,-16.72,True
1.04,0.02,1.02,0.1,0.1,0.75,0.25,6.79,-17.04,True
1.04,0.02,1.02,0.1,0.1,1.0,0.0,6.76,-17.37,True
1.04,0.02,1.02,0.1,0.2,0.0,1.0,9.17,-21.81,True
1.04,0.02,1.02,0.1,0.2,0.25,0.75,9.15,-22.1,True
1.04,0.02,1.02,0.1,0.2,0.5,0.5,9.14,-22.4,True
1.04,0.02,1.02,0.1,0.2,0.75,0.25,9.12,-22.71,True
1.04,0.02,1.02,0.1,0.2,1.0,0.0,9.11,-23.03,True
1.04,0.02,1.02,0.1,0.3,0.0,1.0,10.74,-24.93,True
1.04,0.02,1.02,0.1,0.3,0.25,0.75,10.73,-25.17,True
1.04,0.02,1.02,0.1,0.3,0.5,0.5,10.72,-25.42,True
1.04,0.02,1.02,0.1,0.3,0.75,0.25,10.71,-25.68,True
1.04,0.02,1.02,0.1,0.3,1.0,0.0,10.7,-25.95,True
1.04,0.02,1.02,0.2,0.0,0.0,1.0,3.37,-19.88,True
1.04,0.02,1.02,0.2,0.0,0.25,0.75,3.25,-18.43,True
1.04,0.02,1.02,0.2,0.0,0.5,0.5,3.12,-16.87,True
1.04,0.02,1.02,0.2,0.0,0.75,0.25,2.98,-15.18,True
1.04,0.02,1.02,0.2,0.0,1.0,0.0,2.82,-13.34,True
1.04,0.02,1.02,0.2,0.1,0.0,1.0,7.18,-17.29,True
1.04,0.02,1.02,0.2,0.1,0.25,0.75,7.15,-15.82,True
1.04,0.02,1.02,0.2,0.1,0.5,0.5,7.11,-14.52,True
1.04,0.02,1.02,0.2,0.1,0.75,0.25,7.07,-14.93,True
1.04,0.02,1.02,0.2,0.1,1.0,0.0,7.03,-15.37,True
1.04,0.02,1.02,0.2,0.2,0.0,1.0,9.41,-19.59,True
1.04,0.02,1.02,0.2,0.2,0.25,0.75,9.4,-19.96,True
1.04,0.02,1.02,0.2,0.2,0.5,0.5,9.38,-20.35,True
1.04,0.02,1.02,0.2,0.2,0.75,0.25,9.36,-20.76,True
1.04,0.02,1.02,0.2,0.2,1.0,0.0,9.33,-21.2,True
1.04,0.02,1.02,0.2,0.3,0.0,1.0,10.9,-23.45,True
1.04,0.02,1.02,0.2,0.3,0.25,0.75,10.89,-23.76,True
1.04,0.02,1.02,0.2,0.3,0.5,0.5,10.87,-24.09,True
1.04,0.02,1.02,0.2,0.3,0.75,0.25,10.86,-24.43,True
1.04,0.02,1.02,0.2,0.3,1.0,0.0,10.84,-24.79,True
1.04,0.02,1.02,0.3,0.0,0.0,1.0,3.25,-22.43,True
1.04,0.02,1.02,0.3,0.0,0.25,0.75,3.18,-20.82,True
1.04,0.02,1.02,0.3,0.0,0.5,0.5,3.09,-19.09,True
1.04,0.02,1.02,0.3,0.0,0.75,0.25,3.0,-17.22,True
1.04,0.02,1.02,0.3,0.0,1.0,0.0,2.88,-15.2,True
1.04,0.02,1.02,0.3,0.1,0.0,1.0,7.22,-19.8,True
1.04,0.02,1.02,0.3,0.1,0.25,0.75,7.2,-18.17,True
1.04,0.02,1.02,0.3,0.1,0.5,0.5,7.18,-16.43,True
1.04,0.02,1.02,0.3,0.1,0.75,0.25,7.16,-14.56,True
1.04,0.02,1.02,0.3,0.1,1.0,0.0,7.13,-14.85,True
1.04,0.02,1.02,0.3,0.2,0.0,1.0,9.48,-19.39,True
1.04,0.02,1.02,0.3,0.2,0.25,0.75,9.46,-19.73,True
1.04,0.02,1.02,0.3,0.2,0.5,0.5,9.44,-20.1,True
1.04,0.02,1.02,0.3,0.2,0.75,0.25,9.42,-20.5,True
1.04,0.02,1.02,0.3,0.2,1.0,0.0,9.39,-20.93,True
1.04,0.02,1.02,0.3,0.3,0.0,1.0,10.97,-22.77,True
1.04,0.02,1.02,0.3,0.3,0.25,0.75,10.96,-23.09,True
1.04,0.02,1.02,0.3,0.3,0.5,0.5,10.94,-23.43,True
1.04,0.02,1.02,0.3,0.3,0.75,0.25,10.92,-23.8,True
1.04,0.02,1.02,0.3,0.3,1.0,0.0,10.9,-24.19,True
1.04,0.02,1.02,0.4,0.0,0.0,1.0,3.05,-24.97,True
1.04,0.02,1.02,0.4,0.0,0.25,0.75,3.02,-23.18,True
1.04,0.02,1.02,0.4,0.0,0.5,0.5,2.98,-21.28,True
1.04,0.02,1.02,0.4,0.0,0.75,0.25,2.92,-19.24,True
1.04,0.02,1.02,0.4,0.0,1.0,0.0,2.84,-17.04,True
1.04,0.02,1.02,0.4,0.1,0.0,1.0,7.39,-22.41,True
1.04,0.02,1.02,0.4,0.1,0.25,0.75,7.37,-20.61,True
1.04,0.02,1.02,0.4,0.1,0.5,0.5,7.34,-18.69,True
1.04,0.02,1.02,0.4,0.1,0.75,0.25,7.31,-16.65,True
1.04,0.02,1.02,0.4,0.1,1.0,0.0,7.27,-14.46,True
1.04,0.02,1.02,0.4,0.2,0.0,1.0,9.59,-19.8,True
1.04,0.02,1.02,0.4,0.2,0.25,0.75,9.57,-18.91,True
1.04,0.02,1.02,0.4,0.2,0.5,0.5,9.55,-19.31,True
1.04,0.02,1.02,0.4,0.2,0.75,0.25,9.52,-19.74,True
1.04,0.02,1.02,0.4,0.2,1.0,0.0,9.49,-20.2,True
1.04,0.02,1.02,0.4,0.3,0.0,1.0,11.06,-21.96,True
1.04,0.02,1.02,0.4,0.3,0.25,0.75,11.04,-22.34,True
1.04,0.02,1.02,0.4,0.3,0.5,0.5,11.02,-22.75,True
1.04,0.02,1.02,0.4,0.3,0.75,0.25,10.99,-23.19,True
1.04,0.02,1.02,0.4,0.3,1.0,0.0,10.96,-23.64,True
1.04,0.025,0.95,0.1,0.0,0.0,1.0,4.61,-27.68,True
1.04,0.025,0.95,0.1,0.0,0.25,0.75,4.4,-26.07,True
1.04,0.025,0.95,0.1,0.0,0.5,0.5,4.17,-24.2,True
1.04,0.025,0.95,0.1,0.0,0.75,0.25,3.93,-21.97,True
1.04,0.025,0.95,0.1,0.0,1.0,0.0,3.67,-19.3,True
1.04,0.025,0.95,0.1,0.1,0.0,1.0,7.67,-29.12,True
1.04,0.025,0.95,0.1,0.1,0.25,0.75,7.57,-28.06,True
1.04,0.025,0.95,0.1,0.1,0.5,0.5,7.46,-26.87,True
1.04,0.025,0.95,0.1,0.1,0.75,0.25,7.35,-25.52,True
1.04,0.025,0.95,0.1,0.1,1.0,0.0,7.24,-23.99,True
1.04,0.025,0.95,0.1,0.2,0.0,1.0,9.8,-29.92,True
1.04,0.025,0.95,0.1,0.2,0.25,0.75,9.73,-29.14,True
1.04,0.025,0.95,0.1,0.2,0.5,0.5,9.64,-28.29,True
1.04,0.025,0.95,0.1,0.2,0.75,0.25,9.55,-27.35,True
1.04,0.025,0.95,0.1,0.2,1.0,0.0,9.46,-26.3,True
1.04,0.025,0.95,0.1,0.3,0.0,1.0,11.43,-30.35,True
1.04,0.025,0.95,0.1,0.3,0.25,0.75,11.34,-29.73,True
1.04,0.025,0.95,0.1,0.3,0.5,0.5,11.25,-29.06,True
1.04,0.025,0.95,0.1,0.3,0.75,0.25,11.16,-28.34,True
1.04,0.025,0.95,0.1,0.3,1.0,0.0,11.06,-27.55,True
1.04,0.025,0.95,0.2,0.0,0.0,1.0,6.21,-27.68,True
1.04,0.025,0.95,0.2,0.0,0.25,0.75,6.01,-26.11,True
1.04,0.025,0.95,0.2,0.0,0.5,0.5,5.78,-24.25,True
1.04,0.025,0.95,0.2,0.0,0.75,0.25,5.51,-22.03,True
1.04,0.025,0.95,0.2,0.0,1.0,0.0,5.22,-19.3,True
1.04,0.025,0.95,0.2,0.1,0.0,1.0,9.54,-28.65,True
1.04,0.025,0.95,0.2,0.1,0.25,0.75,9.35,-27.51,True
1.04,0.025,0.95,0.2,0.1,0.5,0.5,9.16,-26.2,True
1.04,0.025,0.95,0.2,0.1,0.75,0.25,8.95,-24.68,True
1.04,0.025,0.95,0.2,0.1,1.0,0.0,8.72,-22.9,True
1.04,0.025,0.95,0.2,0.2,0.0,1.0,11.22,-29.24,True
1.04,0.025,0.95,0.2,0.2,0.25,0.75,11.07,-28.33,True
1.04,0.025,0.95,0.2,0.2,0.5,0.5,10.91,-27.31,True
1.04,0.025,0.95,0.2,0.2,0.75,0.25,10.73,-26.15,True
1.04,0.025,0.95,0.2,0.2,1.0,0.0,10.54,-24.84,True
1.04,0.025,0.95,0.2,0.3,0.0,1.0,12.41,-29.66,True
1.04,0.025,0.95,0.2,0.3,0.25,0.75,12.27,-28.91,True
1.04,0.025,0.95,0.2,0.3,0.5,0.5,12.12,-28.09,True
1.04,0.025,0.95,0.2,0.3,0.75,0.25,11.96,-27.18,True
1.04,0.025,0.95,0.2,0.3,1.0,0.0,11.8,-26.19,True
1.04,0.025,0.95,0.3,0.0,0.0,1.0,8.25,-27.68,True
1.04,0.025,0.95,0.3,0.0,0.25,0.75,7.97,-26.16,True
1.04,0.025,0.95,0.3,0.0,0.5,0.5,7.65,-24.34,True
1.04,0.025,0.95,0.3,0.0,0.75,0.25,7.29,-22.1,True
1.04,0.025,0.95,0.3,0.0,1.0,0.0,6.87,-19.3,True
1.04,0.025,0.95,0.3,0.1,0.0,1.0,10.51,-28.42,True
1.04,0.025,0.95,0.3,0.1,0.25,0.75,10.27,-27.23,True
1.04,0.025,0.95,0.3,0.1,0.5,0.5,10.01,-25.84,True
1.04,0.025,0.95,0.3,0.1,0.75,0.25,9.73,-24.2,True
1.04,0.025,0.95,0.3,0.1,1.0,0.0,9.42,-22.23,True
1.04,0.025,0.95,0.3,0.2,0.0,1.0,11.97,-28.89,True
1.04,0.025,0.95,0.3,0.2,0.25,0.75,11.76,-27.9,True
1.04,0.025,0.95,0.3,0.2,0.5,0.5,11.53,-26.77,True
1.04,0.025,0.95,0.3,0.2,0.75,0.25,11.29,-25.47,True
1.04,0.025,0.95,0.3,0.2,1.0,0.0,11.03,-23.97,True
1.04,0.025,0.95,0.3,0.3,0.0,1.0,13.05,-29.24,True
1.04,0.025,0.95,0.3,0.3,0.25,0.75,12.86,-28.38,True
1.04,0.025,0.95,0.3,0.3,0.5,0.5,12.66,-27.43,True
1.04,0.025,0.95,0.3,0.3,0.75,0.25,12.44,-26.37,True
1.04,0.025,0.95,0.3,0.3,1.0,0.0,12.22,-25.19,True
1.04,0.025,0.95,0.4,0.0,0.0,1.0,9.59,-27.68,True
1.04,0.025,0.95,0.4,0.0,0.25,0.75,9.24,-26.19,True
1.04,0.025,0.95,0.4,0.0,0.5,0.5,8.84,-24.39,True
1.04,0.025,0.95,0.4,0.0,0.75,0.25,8.39,-22.15,True
1.04,0.025,0.95,0.4,0.0,1.0,0.0,7.89,-19.3,True
1.04,0.025,0.95,0.4,0.1,0.0,1.0,11.44,-28.24,True
1.04,0.025,0.95,0.4,0.1,0.25,0.75,11.14,-27.02,True
1.04,0.025,0.95,0.4,0.1,0.5,0.5,10.81,-25.57,True
1.04,0.025,0.95,0.4,0.1,0.75,0.25,10.46,-23.83,True
1.04,0.025,0.95,0.4,0.1,1.0,0.0,10.07,-21.72,True
1.04,0.025,0.95,0.4,0.2,0.0,1.0,12.71,-28.63,True
1.04,0.025,0.95,0.4,0.2,0.25,0.75,12.44,-27.57,True
1.04,0.025,0.95,0.4,0.2,0.5,0.5,12.16,-26.35,True
1.04,0.025,0.95,0.4,0.2,0.75,0.25,11.86,-24.93,True
1.04,0.025,0.95,0.4,0.2,1.0,0.0,11.53,-23.27,True
1.04,0.025,0.95,0.4,0.3,0.0,1.0,13.7,-28.92,True
1.04,0.025,0.95,0.4,0.3,0.25,0.75,13.46,-27.99,True
1.04,0.025,0.95,0.4,0.3,0.5,0.5,13.2,-26.93,True
1.04,0.025,0.95,0.4,0.3,0.75,0.25,12.92,-25.74,True
1.04,0.025,0.95,0.4,0.3,1.0,0.0,12.63,-24.39,True
1.04,0.025,0.97,0.1,0.0,0.0,1.0,4.78,-22.06,True
1.04,0.025,0.97,0.1,0.0,0.25,0.75,4.52,-20.74,True
1.04,0.025,0.97,0.1,0.0,0.5,0.5,4.25,-19.19,True
1.04,0.025,0.97,0.1,0.0,0.75,0.25,3.95,-17.36,True
1.04,0.025,0.97,0.1,0.0,1.0,0.0,3.65,-15.15,True
1.04,0.025,0.97,0.1,0.1,0.0,1.0,7.77,-25.3,True
1.04,0.025,0.97,0.1,0.1,0.25,0.75,7.64,-24.56,True
1.04,0.025,0.97,0.1,0.1,0.5,0.5,7.49,-23.74,True
1.04,0.025,0.97,0.1,0.1,0.75,0.25,7.34,-22.81,True
1.04,0.025,0.97,0.1,0.1,1.0,0.0,7.18,-21.75,True
1.04,0.025,0.97,0.1,0.2,0.0,1.0,9.86,-26.91,True
1.04,0.025,0.97,0.1,0.2,0.25,0.75,9.74,-26.44,True
1.04,0.025,0.97,0.1,0.2,0.5,0.5,9.63,-25.93,True
1.04,0.025,0.97,0.1,0.2,0.75,0.25,9.5,-25.37,True
1.04,0.025,0.97,0.1,0.2,1.0,0.0,9.38,-24.74,True
1.04,0.025,0.97,0.1,0.3,0.0,1.0,11.42,-27.84,True
1.04,0.025,0.97,0.1,0.3,0.25,0.75,11.32,-27.53,True
1.04,0.025,0.97,0.1,0.3,0.5,0.5,11.21,-27.18,True
1.04,0.025,0.97,0.1,0.3,0.75,0.25,11.1,-26.81,True
1.04,0.025,0.97,0.1,0.3,1.0,0.0,10.99,-26.41,True
1.04,0.025,0.97,0.2,0.0,0.0,1.0,6.07,-22.06,True
1.04,0.025,0.97,0.2,0.0,0.25,0.75,5.82,-20.77,True
1.04,0.025,0.97,0.2,0.0,0.5,0.5,5.54,-19.24,True
1.04,0.025,0.97,0.2,0.0,0.75,0.25,5.23,-17.4,True
1.04,0.025,0.97,0.2,0.0,1.0,0.0,4.89,-15.15,True
1.04,0.025,0.97,0.2,0.1,0.0,1.0,9.26,-24.28,True
1.04,0.025,0.97,0.2,0.1,0.25,0.75,9.07,-23.49,True
1.04,0.025,0.97,0.2,0.1,0.5,0.5,8.87,-22.58,True
1.04,0.025,0.97,0.2,0.1,0.75,0.25,8.65,-21.54,True
1.04,0.025,0.97,0.2,0.1,1.0,0.0,8.42,-20.33,True
1.04,0.025,0.97,0.2,0.2,0.0,1.0,10.98,-25.59,True
1.04,0.025,0.97,0.2,0.2,0.25,0.75,10.83,-25.04,True
1.04,0.025,0.97,0.2,0.2,0.5,0.5,10.67,-24.44,True
1.04,0.025,0.97,0.2,0.2,0.75,0.25,10.5,-23.76,True
1.04,0.025,0.97,0.2,0.2,1.0,0.0,10.32,-23.0,True
1.04,0.025,0.97,0.2,0.3,0.0,1.0,12.17,-26.58,True
1.04,0.025,0.97,0.2,0.3,0.25,0.75,12.05,-26.2,True
1.04,0.025,0.97,0.2,0.3,0.5,0.5,11.91,-25.79,True
1.04,0.025,0.97,0.2,0.3,0.75,0.25,11.76,-25.35,True
1.04,0.025,0.97,0.2,0.3,1.0,0.0,11.61,-24.88,True
1.04,0.025,0.97,0.3,0.0,0.0,1.0,7.56,-22.06,True
1.04,0.025,0.97,0.3,0.0,0.25,0.75,7.27,-20.81,True
1.04,0.025,0.97,0.3,0.0,0.5,0.5,6.94,-19.31,True
1.04,0.025,0.97,0.3,0.0,0.75,0.25,6.56,-17.46,True
1.04,0.025,0.97,0.3,0.0,1.0,0.0,6.13,-15.15,True
1.04,0.025,0.97,0.3,0.1,0.0,1.0,9.98,-23.85,True
1.04,0.025,0.97,0.3,0.1,0.25,0.75,9.76,-23.02,True
1.04,0.025,0.97,0.3,0.1,0.5,0.5,9.52,-22.05,True
1.04,0.025,0.97,0.3,0.1,0.75,0.25,9.26,-20.91,True
1.04,0.025,0.97,0.3,0.1,1.0,0.0,8.97,-19.55,True
1.04,0.025,0.97,0.3,0.2,0.0,1.0,11.47,-25.03,True
1.04,0.025,0.97,0.3,0.2,0.25,0.75,11.28,-24.44,True
1.04,0.025,0.97,0.3,0.2,0.5,0.5,11.07,-23.77,True
1.04,0.025,0.97,0.3,0.2,0.75,0.25,10.87,-23.01,True
1.04,0.025,0.97,0.3,0.2,1.0,0.0,10.65,-22.15,True
1.04,0.025,0.97,0.3,0.3,0.0,1.0,12.57,-25.9,True
1.04,0.025,0.97,0.3,0.3,0.25,0.75,12.42,-25.46,True
1.04,0.025,0.97,0.3,0.3,0.5,0.5,12.26,-24.98,True
1.04,0.025,0.97,0.3,0.3,0.75,0.25,12.09,-24.46,True
1.04,0.025,0.97,0.3,0.3,1.0,0.0,11.91,-23.9,True
1.04,0.025,0.97,0.4,0.0,0.0,1.0,8.45,-22.06,True
1.04,0.025,0.97,0.4,0.0,0.25,0.75,8.13,-20.83,True
1.04,0.025,0.97,0.4,0.0,0.5,0.5,7.76,-19.34,True
1.04,0.025,0.97,0.4,0.0,0.75,0.25,7.34,-17.5,True
1.04,0.025,0.97,0.4,0.0,1.0,0.0,6.87,-15.15,True
1.04,0.025,0.97,0.4,0.1,0.0,1.0,10.51,-23.58,True
1.04,0.025,0.97,0.4,0.1,0.25,0.75,10.26,-22.71,True
1.04,0.025,0.97,0.4,0.1,0.5,0.5,9.99,-21.7,True
1.04,0.025,0.97,0.4,0.1,0.75,0.25,9.7,-20.49,True
1.04,0.025,0.97,0.4,0.1,1.0,0.0,9.38,-19.04,True
1.04,0.025,0.97,0.4,0.2,0.0,1.0,11.89,-24.63,True
1.04,0.025,0.97,0.4,0.2,0.25,0.75,11.69,-23.98,True
1.04,0.025,0.97,0.4,0.2,0.5,0.5,11.48,-23.24,True
1.04,0.025,0.97,0.4,0.2,0.75,0.25,11.24,-22.4,True
1.04,0.025,0.97,0.4,0.2,1.0,0.0,10.99,-21.44,True
1.04,0.025,0.97,0.4,0.3,0.0,1.0,12.98,-25.4,True
1.04,0.025,0.97,0.4,0.3,0.25,0.75,12.8,-24.9,True
1.04,0.025,0.97,0.4,0.3,0.5,0.5,12.61,-24.36,True
1.04,0.025,0.97,0.4,0.3,0.75,0.25,12.41,-23.76,True
1.04,0.025,0.97,0.4,0.3,1.0,0.0,12.19,-23.11,True
1.04,0.025,0.99,0.1,0.0,0.0,1.0,2.56,-15.6,True
1.04,0.025,0.99,0.1,0.0,0.25,0.75,2.41,-14.26,True
1.04,0.025,0.99,0.1,0.0,0.5,0.5,2.25,-12.87,True
1.04,0.025,0.99,0.1,0.0,0.75,0.25,2.1,-11.44,True
1.04,0.025,0.99,0.1,0.0,1.0,0.0,1.94,-9.96,True
1.04,0.025,0.99,0.1,0.1,0.0,1.0,7.02,-17.9,True
1.04,0.025,0.99,0.1,0.1,0.25,0.75,6.97,-18.08,True
1.04,0.025,0.99,0.1,0.1,0.5,0.5,6.92,-18.29,True
1.04,0.025,0.99,0.1,0.1,0.75,0.25,6.87,-18.5,True
1.04,0.025,0.99,0.1,0.1,1.0,0.0,6.81,-18.74,True
1.04,0.025,0.99,0.1,0.2,0.0,1.0,9.33,-22.99,True
1.04,0.025,0.99,0.1,0.2,0.25,0.75,9.3,-23.21,True
1.04,0.025,0.99,0.1,0.2,0.5,0.5,9.27,-23.45,True
1.04,0.025,0.99,0.1,0.2,0.75,0.25,9.23,-23.7,True
1.04,0.025,0.99,0.1,0.2,1.0,0.0,9.19,-23.97,True
1.04,0.025,0.99,0.1,0.3,0.0,1.0,10.93,-25.45,True
1.04,0.025,0.99,0.1,0.3,0.25,0.75,10.89,-25.71,True
1.04,0.025,0.99,0.1,0.3,0.5,0.5,10.86,-25.98,True
1.04,0.025,0.99,0.1,0.3,0.75,0.25,10.83,-26.27,True
1.04,0.025,0.99,0.1,0.3,1.0,0.0,10.79,-26.56,True
1.04,0.025,0.99,0.2,0.0,0.0,1.0,3.84,-25.18,True
1.04,0.025,0.99,0.2,0.0,0.25,0.75,3.65,-23.28,True
1.04,0.025,0.99,0.2,0.0,0.5,0.5,3.46,-21.27,True
1.04,0.025,0.99,0.2,0.0,0.75,0.25,3.26,-19.15,True
1.04,0.025,0.99,0.2,0.0,1.0,0.0,3.05,-16.89,True
1.04,0.025,0.99,0.2,0.1,0.0,1.0,7.8,-22.47,True
1.04,0.025,0.99,0.2,0.1,0.25,0.75,7.7,-20.56,True
1.04,0.025,0.99,0.2,0.1,0.5,0.5,7.59,-18.54,True
1.04,0.025,0.99,0.2,0.1,0.75,0.25,7.49,-16.72,True
1.04,0.025,0.99,0.2,0.1,1.0,0.0,7.38,-16.99,True
1.04,0.025,0.99,0.2,0.2,0.0,1.0,9.78,-21.53,True
1.04,0.025,0.99,0.2,0.2,0.25,0.75,9.72,-21.76,True
1.04,0.025,0.99,0.2,0.2,0.5,0.5,9.65,-22.03,True
1.04,0.025,0.99,0.2,0.2,0.75,0.25,9.59,-22.33,True
1.04,0.025,0.99,0.2,0.2,1.0,0.0,9.52,-22.67,True
1.04,0.025,0.99,0.2,0.3,0.0,1.0,11.17,-25.02,True
1.04,0.025,0.99,0.2,0.3,0.25,0.75,11.12,-25.17,True
1.04,0.025,0.99,0.2,0.3,0.5,0.5,11.08,-25.35,True
1.04,0.025,0.99,0.2,0.3,0.75,0.25,11.04,-25.55,True
1.04,0.025,0.99,0.2,0.3,1.0,0.0,10.99,-25.79,True
1.04,0.025,0.99,0.3,0.0,0.0,1.0,4.97,-28.02,True
1.04,0.025,0.99,0.3,0.0,0.25,0.75,4.76,-26.03,True
1.04,0.025,0.99,0.3,0.0,0.5,0.5,4.54,-23.91,True
1.04,0.025,0.99,0.3,0.0,0.75,0.25,4.29,-21.63,True
1.04,0.025,0.99,0.3,0.0,1.0,0.0,4.01,-19.17,True
1.04,0.025,0.99,0.3,0.1,0.0,1.0,8.03,-24.67,True
1.04,0.025,0.99,0.3,0.1,0.25,0.75,7.94,-22.69,True
1.04,0.025,0.99,0.3,0.1,0.5,0.5,7.83,-20.58,True
1.04,0.025,0.99,0.3,0.1,0.75,0.25,7.72,-18.33,True
1.04,0.025,0.99,0.3,0.1,1.0,0.0,7.6,-17.28,True
1.04,0.025,0.99,0.3,0.2,0.0,1.0,9.88,-22.34,True
1.04,0.025,0.99,0.3,0.2,0.25,0.75,9.83,-22.35,True
1.04,0.025,0.99,0.3,0.2,0.5,0.5,9.78,-22.41,True
1.04,0.025,0.99,0.3,0.2,0.75,0.25,9.72,-22.52,True
1.04,0.025,0.99,0.3,0.2,1.0,0.0,9.65,-22.7,True
1.04,0.025,0.99,0.3,0.3,0.0,1.0,11.24,-25.19,True
1.04,0.025,0.99,0.3,0.3,0.25,0.75,11.2,-25.25,True
1.04,0.025,0.99,0.3,0.3,0.5,0.5,11.17,-25.36,True
1.04,0.025,0.99,0.3,0.3,0.75,0.25,11.13,-25.53,True
1.04,0.025,0.99,0.3,0.3,1.0,0.0,11.07,-25.74,True
1.04,0.025,0.99,0.4,0.0,0.0,1.0,5.04,-29.74,True
1.04,0.025,0.99,0.4,0.0,0.25,0.75,4.86,-27.67,True
1.04,0.025,0.99,0.4,0.0,0.5,0.5,4.66,-25.45,True
1.04,0.025,0.99,0.4,0.0,0.75,0.25,4.43,-23.06,True
1.04,0.025,0.99,0.4,0.0,1.0,0.0,4.18,-20.47,True
1.04,0.025,0.99,0.4,0.1,0.0,1.0,8.03,-26.54,True
1.04,0.025,0.99,0.4,0.1,0.25,0.75,7.97,-24.46,True
1.04,0.025,0.99,0.4,0.1,0.5,0.5,7.89,-22.24,True
1.04,0.025,0.99,0.4,0.1,0.75,0.25,7.8,-19.86,True
1.04,0.025,0.99,0.4,0.1,1.0,0.0,7.7,-17.8,True
1.04,0.025,0.99,0.4,0.2,0.0,1.0,9.97,-23.27,True
1.04,0.025,0.99,0.4,0.2,0.25,0.75,9.92,-22.61,True
1.04,0.025,0.99,0.4,0.2,0.5,0.5,9.86,-22.59,True
1.04,0.025,0.99,0.4,0.2,0.75,0.25,9.8,-22.64,True
1.04,0.025,0.99,0.4,0.2,1.0,0.0,9.73,-22.78,True
1.04,0.025,0.99,0.4,0.3,0.0,1.0,11.34,-25.17,True
1.04,0.025,0.99,0.4,0.3,0.25,0.75,11.31,-25.2,True
1.04,0.025,0.99,0.4,0.3,0.5,0.5,11.26,-25.3,True
1.04,0.025,0.99,0.4,0.3,0.75,0.25,11.21,-25.34,True
1.04,0.025,0.99,0.4,0.3,1.0,0.0,11.16,-25.39,True
1.04,0.025,1.0,0.1,0.0,0.0,1.0,0.65,-15.6,True
1.04,0.025,1.0,0.1,0.0,0.25,0.75,0.65,-14.26,True
1.04,0.025,1.0,0.1,0.0,0.5,0.5,0.65,-12.87,True
1.04,0.025,1.0,0.1,0.0,0.75,0.25,0.65,-11.44,True
1.04,0.025,1.0,0.1,0.0,1.0,0.0,0.65,-9.96,True
1.04,0.025,1.0,0.1,0.1,0.0,1.0,6.25,-21.92,True
1.04,0.025,1.0,0.1,0.1,0.25,0.75,6.26,-21.81,True
1.04,0.025,1.0,0.1,0.1,0.5,0.5,6.28,-21.7,True
1.04,0.025,1.0,0.1,0.1,0.75,0.25,6.29,-21.6,True
1.04,0.025,1.0,0.1,0.1,1.0,0.0,6.31,-21.49,True
1.04,0.025,1.0,0.1,0.2,0.0,1.0,8.84,-26.7,True
1.04,0.025,1.0,0.1,0.2,0.25,0.75,8.85,-26.63,True
1.04,0.025,1.0,0.1,0.2,0.5,0.5,8.86,-26.56,True
1.04,0.025,1.0,0.1,0.2,0.75,0.25,8.87,-26.49,True
1.04,0.025,1.0,0.1,0.2,1.0,0.0,8.88,-26.42,True
1.04,0.025,1.0,0.1,0.3,0.0,1.0,10.54,-28.91,True
1.04,0.025,1.0,0.1,0.3,0.25,0.75,10.55,-28.84,True
1.04,0.025,1.0,0.1,0.3,0.5,0.5,10.55,-28.78,True
1.04,0.025,1.0,0.1,0.3,0.75,0.25,10.55,-28.72,True
1.04,0.025,1.0,0.1,0.3,1.0,0.0,10.56,-28.67,True
1.04,0.025,1.0,0.2,0.0,0.0,1.0,1.24,-25.18,True
1.04,0.025,1.0,0.2,0.0,0.25,0.75,1.25,-23.28,True
1.04,0.025,1.0,0.2,0.0,0.5,0.5,1.26,-21.27,True
1.04,0.025,1.0,0.2,0.0,0.75,0.25,1.26,-19.15,True
1.04,0.025,1.0,0.2,0.0,1.0,0.0,1.27,-16.89,True
1.04,0.025,1.0,0.2,0.1,0.0,1.0,6.56,-22.51,True
1.04,0.025,1.0,0.2,0.1,0.25,0.75,6.58,-20.83,True
1.04,0.025,1.0,0.2,0.1,0.5,0.5,6.59,-20.67,True
1.04,0.025,1.0,0.2,0.1,0.75,0.25,6.59,-20.52,True
1.04,0.025,1.0,0.2,0.1,1.0,0.0,6.6,-20.39,True
1.04,0.025,1.0,0.2,0.2,0.0,1.0,9.07,-25.9,True
1.04,0.025,1.0,0.2,0.2,0.25,0.75,9.07,-25.77,True
1.04,0.025,1.0,0.2,0.2,0.5,0.5,9.08,-25.64,True
1.04,0.025,1.0,0.2,0.2,0.75,0.25,9.08,-25.53,True
1.04,0.025,1.0,0.2,0.2,1.0,0.0,9.08,-25.44,True
1.04,0.025,1.0,0.2,0.3,0.0,1.0,10.69,-28.32,True
1.04,0.025,1.0,0.2,0.3,0.25,0.75,10.69,-28.21,True
1.04,0.025,1.0,0.2,0.3,0.5,0.5,10.69,-28.12,True
1.04,0.025,1.0,0.2,0.3,0.75,0.25,10.69,-28.04,True
1.04,0.025,1.0,0.2,0.3,1.0,0.0,10.69,-27.97,True
1.04,0.025,1.0,0.3,0.0,0.0,1.0,1.8,-28.02,True
1.04,0.025,1.0,0.3,0.0,0.25,0.75,1.82,-26.03,True
1.04,0.025,1.0,0.3,0.0,0.5,0.5,1.83,-23.91,True
1.04,0.025,1.0,0.3,0.0,0.75,0.25,1.83,-21.63,True
1.04,0.025,1.0,0.3,0.0,1.0,0.0,1.83,-19.17,True
1.04,0.025,1.0,0.3,0.1,0.0,1.0,6.78,-24.74,True
1.04,0.025,1.0,0.3,0.1,0.25,0.75,6.79,-22.75,True
1.04,0.025,1.0,0.3,0.1,0.5,0.5,6.8,-20.64,True
1.04,0.025,1.0,0.3,0.1,0.75,0.25,6.81,-20.32,True
1.04,0.025,1.0,0.3,0.1,1.0,0.0,6.81,-20.09,True
1.04,0.025,1.0,0.3,0.2,0.0,1.0,9.13,-26.1,True
1.04,0.025,1.0,0.3,0.2,0.25,0.75,9.15,-25.9,True
1.04,0.025,1.0,0.3,0.2,0.5,0.5,9.16,-25.72,True
1.04,0.025,1.0,0.3,0.2,0.75,0.25,9.17,-25.54,True
1.04,0.025,1.0,0.3,0.2,1.0,0.0,9.17,-25.39,True
1.04,0.025,1.0,0.3,0.3,0.0,1.0,10.69,-28.5,True
1.04,0.025,1.0,0.3,0.3,0.25,0.75,10.7,-28.3,True
1.04,0.025,1.0,0.3,0.3,0.5,0.5,10.72,-28.13,True
1.04,0.025,1.0,0.3,0.3,0.75,0.25,10.73,-27.98,True
1.04,0.025,1.0,0.3,0.3,1.0,0.0,10.73,-27.85,True
1.04,0.025,1.0,0.4,0.0,0.0,1.0,1.98,-29.74,True
1.04,0.025,1.0,0.4,0.0,0.25,0.75,2.02,-27.67,True
1.04,0.025,1.0,0.4,0.0,0.5,0.5,2.05,-25.45,True
1.04,0.025,1.0,0.4,0.0,0.75,0.25,2.07,-23.06,True
1.04,0.025,1.0,0.4,0.0,1.0,0.0,2.07,-20.47,True
1.04,0.025,1.0,0.4,0.1,0.0,1.0,6.81,-26.62,True
1.04,0.025,1.0,0.4,0.1,0.25,0.75,6.84,-24.54,True
1.04,0.025,1.0,0.4,0.1,0.5,0.5,6.86,-22.32,True
1.04,0.025,1.0,0.4,0.1,0.75,0.25,6.88,-20.75,True
1.04,0.025,1.0,0.4,0.1,1.0,0.0,6.89,-20.43,True
1.04,0.025,1.0,0.4,0.2,0.0,1.0,9.14,-26.43,True
1.04,0.025,1.0,0.4,0.2,0.25,0.75,9.16,-26.1,True
1.04,0.025,1.0,0.4,0.2,0.5,0.5,9.18,-25.8,True
1.04,0.025,1.0,0.4,0.2,0.75,0.25,9.2,-25.53,True
1.04,0.025,1.0,0.4,0.2,1.0,0.0,9.21,-25.3,True
1.04,0.025,1.0,0.4,0.3,0.0,1.0,10.67,-28.33,True
1.04,0.025,1.0,0.4,0.3,0.25,0.75,10.69,-28.11,True
1.04,0.025,1.0,0.4,0.3,0.5,0.5,10.71,-27.93,True
1.04,0.025,1.0,0.4,0.3,0.75,0.25,10.73,-27.77,True
1.04,0.025,1.0,0.4,0.3,1.0,0.0,10.74,-27.64,True
1.04,0.025,1.01,0.1,0.0,0.0,1.0,1.42,-11.19,True
1.04,0.025,1.01,0.1,0.0,0.25,0.75,1.36,-10.16,True
1.04,0.025,1.01,0.1,0.0,0.5,0.5,1.29,-9.11,True
1.04,0.025,1.01,0.1,0.0,0.75,0.25,1.22,-8.02,True
1.04,0.025,1.01,0.1,0.0,1.0,0.0,1.15,-6.89,True
1.04,0.025,1.01,0.1,0.1,0.0,1.0,6.61,-18.87,True
1.04,0.025,1.01,0.1,0.1,0.25,0.75,6.59,-19.02,True
1.04,0.025,1.01,0.1,0.1,0.5,0.5,6.57,-19.18,True
1.04,0.025,1.01,0.1,0.1,0.75,0.25,6.56,-19.34,True
1.04,0.025,1.01,0.1,0.1,1.0,0.0,6.54,-19.5,True
1.04,0.025,1.01,0.1,0.2,0.0,1.0,9.08,-24.0,True
1.04,0.025,1.01,0.1,0.2,0.25,0.75,9.07,-24.16,True
1.04,0.025,1.01,0.1,0.2,0.5,0.5,9.05,-24.32,True
1.04,0.025,1.01,0.1,0.2,0.75,0.25,9.04,-24.48,True
1.04,0.025,1.01,0.1,0.2,1.0,0.0,9.03,-24.65,True
1.04,0.025,1.01,0.1,0.3,0.0,1.0,10.71,-26.46,True
1.04,0.025,1.01,0.1,0.3,0.25,0.75,10.7,-26.61,True
1.04,0.025,1.01,0.1,0.3,0.5,0.5,10.69,-26.77,True
1.04,0.025,1.01,0.1,0.3,0.75,0.25,10.68,-26.94,True
1.04,0.025,1.01,0.1,0.3,1.0,0.0,10.67,-27.11,True
1.04,0.025,1.01,0.2,0.0,0.0,1.0,2.63,-18.75,True
1.04,0.025,1.01,0.2,0.0,0.25,0.75,2.52,-17.24,True
1.04,0.025,1.01,0.2,0.0,0.5,0.5,2.41,-15.64,True
1.04,0.025,1.01,0.2,0.0,0.75,0.25,2.29,-13.95,True
1.04,0.025,1.01,0.2,0.0,1.0,0.0,2.17,-12.16,True
1.04,0.025,1.01,0.2,0.1,0.0,1.0,7.19,-16.67,True
1.04,0.025,1.01,0.2,0.1,0.25,0.75,7.15,-15.81,True
1.04,0.025,1.01,0.2,0.1,0.5,0.5,7.1,-16.12,True
1.04,0.025,1.01,0.2,0.1,0.75,0.25,7.05,-16.44,True
1.04,0.025,1.01,0.2,0.1,1.0,0.0,7.0,-16.77,True
1.04,0.025,1.01,0.2,0.2,0.0,1.0,9.46,-21.01,True
1.04,0.025,1.01,0.2,0.2,0.25,0.75,9.42,-21.31,True
1.04,0.025,1.01,0.2,0.2,0.5,0.5,9.39,-21.62,True
1.04,0.025,1.01,0.2,0.2,0.75,0.25,9.36,-21.95,True
1.04,0.025,1.01,0.2,0.2,1.0,0.0,9.32,-22.31,True
1.04,0.025,1.01,0.2,0.3,0.0,1.0,10.98,-24.07,True
1.04,0.025,1.01,0.2,0.3,0.25,0.75,10.95,-24.33,True
1.04,0.025,1.01,0.2,0.3,0.5,0.5,10.93,-24.6,True
1.04,0.025,1.01,0.2,0.3,0.75,0.25,10.9,-24.91,True
1.04,0.025,1.01,0.2,0.3,1.0,0.0,10.87,-25.23,True
1.04,0.025,1.01,0.3,0.0,0.0,1.0,3.66,-20.68,True
1.04,0.025,1.01,0.3,0.0,0.25,0.75,3.52,-19.13,True
1.04,0.025,1.01,0.3,0.0,0.5,0.5,3.37,-17.46,True
1.04,0.025,1.01,0.3,0.0,0.75,0.25,3.21,-15.68,True
1.04,0.025,1.01,0.3,0.0,1.0,0.0,3.04,-13.75,True
1.04,0.025,1.01,0.3,0.1,0.0,1.0,7.56,-17.98,True
1.04,0.025,1.01,0.3,0.1,0.25,0.75,7.5,-16.4,True
1.04,0.025,1.01,0.3,0.1,0.5,0.5,7.44,-14.72,True
1.04,0.025,1.01,0.3,0.1,0.75,0.25,7.37,-14.87,True
1.04,0.025,1.01,0.3,0.1,1.0,0.0,7.3,-15.28,True
1.04,0.025,1.01,0.3,0.2,0.0,1.0,9.63,-19.7,True
1.04,0.025,1.01,0.3,0.2,0.25,0.75,9.6,-20.06,True
1.04,0.025,1.01,0.3,0.2,0.5,0.5,9.57,-20.44,True
1.04,0.025,1.01,0.3,0.2,0.75,0.25,9.52,-20.82,True
1.04,0.025,1.01,0.3,0.2,1.0,0.0,9.47,-21.23,True
1.04,0.025,1.01,0.3,0.3,0.0,1.0,11.04,-23.16,True
1.04,0.025,1.01,0.3,0.3,0.25,0.75,11.02,-23.48,True
1.04,0.025,1.01,0.3,0.3,0.5,0.5,11.0,-23.82,True
1.04,0.025,1.01,0.3,0.3,0.75,0.25,10.98,-24.17,True
1.04,0.025,1.01,0.3,0.3,1.0,0.0,10.95,-24.53,True
1.04,0.025,1.01,0.4,0.0,0.0,1.0,4.13,-21.41,True
1.04,0.025,1.01,0.4,0.0,0.25,0.75,3.98,-19.83,True
1.04,0.025,1.01,0.4,0.0,0.5,0.5,3.82,-18.13,True
1.04,0.025,1.01,0.4,0.0,0.75,0.25,3.65,-16.29,True
1.04,0.025,1.01,0.4,0.0,1.0,0.0,3.46,-14.29,True
1.04,0.025,1.01,0.4,0.1,0.0,1.0,7.7,-18.86,True
1.04,0.025,1.01,0.4,0.1,0.25,0.75,7.64,-17.25,True
1.04,0.025,1.01,0.4,0.1,0.5,0.5,7.58,-15.52,True
1.04,0.025,1.01,0.4,0.1,0.75,0.25,7.52,-14.2,True
1.04,0.025,1.01,0.4,0.1,1.0,0.0,7.45,-14.64,True
1.04,0.025,1.01,0.4,0.2,0.0,1.0,9.68,-18.97,True
1.04,0.025,1.01,0.4,0.2,0.25,0.75,9.65,-19.35,True
1.04,0.025,1.01,0.4,0.2,0.5,0.5,9.62,-19.75,True
1.04,0.025,1.01,0.4,0.2,0.75,0.25,9.59,-20.18,True
1.04,0.025,1.01,0.4,0.2,1.0,0.0,9.55,-20.64,True
1.04,0.025,1.01,0.4,0.3,0.0,1.0,11.06,-22.57,True
1.04,0.025,1.01,0.4,0.3,0.25,0.75,11.04,-22.94,True
1.04,0.025,1.01,0.4,0.3,0.5,0.5,11.02,-23.33,True
1.04,0.025,1.01,0.4,0.3,0.75,0.25,11.0,-23.75,True
1.04,0.025,1.01,0.4,0.3,1.0,0.0,10.97,-24.19,True
1.04,0.025,1.02,0.1,0.0,0.0,1.0,1.04,-9.23,True
1.04,0.025,1.02,0.1,0.0,0.25,0.75,1.0,-8.39,True
1.04,0.025,1.02,0.1,0.0,0.5,0.5,0.95,-7.52,True
1.04,0.025,1.02,0.1,0.0,0.75,0.25,0.9,-6.63,True
1.04,0.025,1.02,0.1,0.0,1.0,0.0,0.85,-5.71,True
1.04,0.025,1.02,0.1,0.1,0.0,1.0,6.48,-19.58,True
1.04,0.025,1.02,0.1,0.1,0.25,0.75,6.47,-19.69,True
1.04,0.025,1.02,0.1,0.1,0.5,0.5,6.46,-19.81,True
1.04,0.025,1.02,0.1,0.1,0.75,0.25,6.44,-19.93,True
1.04,0.025,1.02,0.1,0.1,1.0,0.0,6.43,-20.05,True
1.04,0.025,1.02,0.1,0.2,0.0,1.0,8.99,-24.54,True
1.04,0.025,1.02,0.1,0.2,0.25,0.75,8.98,-24.68,True
1.04,0.025,1.02,0.1,0.2,0.5,0.5,8.97,-24.82,True
1.04,0.025,1.02,0.1,0.2,0.75,0.25,8.96,-24.96,True
1.04,0.025,1.02,0.1,0.2,1.0,0.0,8.95,-25.11,True
1.04,0.025,1.02,0.1,0.3,0.0,1.0,10.61,-27.12,True
1.04,0.025,1.02,0.1,0.3,0.25,0.75,10.6,-27.25,True
1.04,0.025,1.02,0.1,0.3,0.5,0.5,10.6,-27.37,True
1.04,0.025,1.02,0.1,0.3,0.75,0.25,10.59,-27.5,True
1.04,0.025,1.02,0.1,0.3,1.0,0.0,10.59,-27.63,True
1.04,0.025,1.02,0.2,0.0,0.0,1.0,1.91,-15.85,True
1.04,0.025,1.02,0.2,0.0,0.25,0.75,1.84,-14.56,True
1.04,0.025,1.02,0.2,0.0,0.5,0.5,1.76,-13.21,True
1.04,0.025,1.02,0.2,0.0,0.75,0.25,1.68,-11.78,True
1.04,0.025,1.02,0.2,0.0,1.0,0.0,1.6,-10.27,True
1.04,0.025,1.02,0.2,0.1,0.0,1.0,6.85,-17.0,True
1.04,0.025,1.02,0.2,0.1,0.25,0.75,6.82,-17.23,True
1.04,0.025,1.02,0.2,0.1,0.5,0.5,6.79,-17.47,True
1.04,0.025,1.02,0.2,0.1,0.75,0.25,6.76,-17.71,True
1.04,0.025,1.02,0.2,0.1,1.0,0.0,6.73,-17.97,True
1.04,0.025,1.02,0.2,0.2,0.0,1.0,9.14,-22.92,True
1.04,0.025,1.02,0.2,0.2,0.25,0.75,9.13,-23.09,True
1.04,0.025,1.02,0.2,0.2,0.5,0.5,9.12,-23.28,True
1.04,0.025,1.02,0.2,0.2,0.75,0.25,9.1,-23.49,True
1.04,0.025,1.02,0.2,0.2,1.0,0.0,9.09,-23.7,True
1.04,0.025,1.02,0.2,0.3,0.0,1.0,10.71,-25.8,True
1.04,0.025,1.02,0.2,0.3,0.25,0.75,10.7,-25.96,True
1.04,0.025,1.02,0.2,0.3,0.5,0.5,10.7,-26.13,True
1.04,0.025,1.02,0.2,0.3,0.75,0.25,10.69,-26.31,True
1.04,0.025,1.02,0.2,0.3,1.0,0.0,10.68,-26.51,True
1.04,0.025,1.02,0.3,0.0,0.0,1.0,2.72,-18.29,True
1.04,0.025,1.02,0.3,0.0,0.25,0.75,2.62,-16.92,True
1.04,0.025,1.02,0.3,0.0,0.5,0.5,2.51,-15.45,True
1.04,0.025,1.02,0.3,0.0,0.75,0.25,2.39,-13.89,True
1.04,0.025,1.02,0.3,0.0,1.0,0.0,2.26,-12.21,True
1.04,0.025,1.02,0.3,0.1,0.0,1.0,6.97,-16.1,True
1.04,0.025,1.02,0.3,0.1,0.25,0.75,6.95,-16.32,True
1.04,0.025,1.02,0.3,0.1,0.5,0.5,6.92,-16.56,True
1.04,0.025,1.02,0.3,0.1,0.75,0.25,6.89,-16.81,True
1.04,0.025,1.02,0.3,0.1,1.0,0.0,6.86,-17.08,True
1.04,0.025,1.02,0.3,0.2,0.0,1.0,9.22,-21.95,True
1.04,0.025,1.02,0.3,0.2,0.25,0.75,9.21,-22.16,True
1.04,0.025,1.02,0.3,0.2,0.5,0.5,9.2,-22.38,True
1.04,0.025,1.02,0.3,0.2,0.75,0.25,9.19,-22.62,True
1.04,0.025,1.02,0.3,0.2,1.0,0.0,9.17,-22.88,True
1.04,0.025,1.02,0.3,0.3,0.0,1.0,10.77,-25.19,True
1.04,0.025,1.02,0.3,0.3,0.25,0.75,10.76,-25.37,True
1.04,0.025,1.02,0.3,0.3,0.5,0.5,10.75,-25.56,True
1.04,0.025,1.02,0.3,0.3,0.75,0.25,10.74,-25.78,True
1.04,0.025,1.02,0.3,0.3,1.0,0.0,10.73,-26.01,True
1.04,0.025,1.02,0.4,0.0,0.0,1.0,2.85,-19.48,True
1.04,0.025,1.02,0.4,0.0,0.25,0.75,2.77,-18.04,True
1.04,0.025,1.02,0.4,0.0,0.5,0.5,2.68,-16.5,True
1.04,0.025,1.02,0.4,0.0,0.75,0.25,2.58,-14.86,True
1.04,0.025,1.02,0.4,0.0,1.0,0.0,2.46,-13.08,True
1.04,0.025,1.02,0.4,0.1,0.0,1.0,7.02,-16.91,True
1.04,0.025,1.02,0.4,0.1,0.25,0.75,7.01,-15.79,True
1.04,0.025,1.02,0.4,0.1,0.5,0.5,6.98,-16.02,True
1.04,0.025,1.02,0.4,0.1,0.75,0.25,6.96,-16.27,True
1.04,0.025,1.02,0.4,0.1,1.0,0.0,6.93,-16.55,True
1.04,0.025,1.02,0.4,0.2,0.0,1.0,9.29,-21.36,True
1.04,0.025,1.02,0.4,0.2,0.25,0.75,9.28,-21.57,True
1.04,0.025,1.02,0.4,0.2,0.5,0.5,9.27,-21.8,True
1.04,0.025,1.02,0.4,0.2,0.75,0.25,9.25,-22.07,True
1.04,0.025,1.02,0.4,0.2,1.0,0.0,9.23,-22.37,True
1.04,0.025,1.02,0.4,0.3,0.0,1.0,10.79,-24.94,True
1.04,0.025,1.02,0.4,0.3,0.25,0.75,10.79,-25.11,True
1.04,0.025,1.02,0.4,0.3,0.5,0.5,10.78,-25.3,True
1.04,0.025,1.02,0.4,0.3,0.75,0.25,10.77,-25.52,True
1.04,0.025,1.02,0.4,0.3,1.0,0.0,10.76,-25.75,True
1.04,0.03,0.95,0.1,0.0,0.0,1.0,2.04,-26.38,True
1.04,0.03,0.95,0.1,0.0,0.25,0.75,1.96,-24.54,True
1.04,0.03,0.95,0.1,0.0,0.5,0.5,1.88,-22.49,True
1.04,0.03,0.95,0.1,0.0,0.75,0.25,1.79,-20.19,True
1.04,0.03,0.95,0.1,0.0,1.0,0.0,1.69,-17.58,True
1.04,0.03,0.95,0.1,0.1,0.0,1.0,6.68,-29.82,True
1.04,0.03,0.95,0.1,0.1,0.25,0.75,6.65,-28.9,True
1.04,0.03,0.95,0.1,0.1,0.5,0.5,6.61,-27.87,True
1.04,0.03,0.95,0.1,0.1,0.75,0.25,6.56,-26.71,True
1.04,0.03,0.95,0.1,0.1,1.0,0.0,6.51,-25.42,True
1.04,0.03,0.95,0.1,0.2,0.0,1.0,8.81,-31.07,True
1.04,0.03,0.95,0.1,0.2,0.25,0.75,8.8,-30.49,True
1.04,0.03,0.95,0.1,0.2,0.5,0.5,8.8,-29.85,True
1.04,0.03,0.95,0.1,0.2,0.75,0.25,8.78,-29.14,True
1.04,0.03,0.95,0.1,0.2,1.0,0.0,8.77,-28.36,True
1.04,0.03,0.95,0.1,0.3,0.0,1.0,10.52,-31.68,True
1.04,0.03,0.95,0.1,0.3,0.25,0.75,10.5,-31.3,True
1.04,0.03,0.95,0.1,0.3,0.5,0.5,10.48,-30.88,True
1.04,0.03,0.95,0.1,0.3,0.75,0.25,10.46,-30.41,True
1.04,0.03,0.95,0.1,0.3,1.0,0.0,10.44,-29.89,True
1.04,0.03,0.95,0.2,0.0,0.0,1.0,2.82,-27.68,True
1.04,0.03,0.95,0.2,0.0,0.25,0.75,2.79,-26.05,True
1.04,0.03,0.95,0.2,0.0,0.5,0.5,2.74,-24.15,True
1.04,0.03,0.95,0.2,0.0,0.75,0.25,2.68,-21.94,True
1.04,0.03,0.95,0.2,0.0,1.0,0.0,2.6,-19.3,True
1.04,0.03,0.95,0.2,0.1,0.0,1.0,6.83,-30.03,True
1.04,0.03,0.95,0.2,0.1,0.25,0.75,6.85,-29.15,True
1.04,0.03,0.95,0.2,0.1,0.5,0.5,6.86,-28.17,True
1.04,0.03,0.95,0.2,0.1,0.75,0.25,6.87,-27.06,True
1.04,0.03,0.95,0.2,0.1,1.0,0.0,6.88,-25.79,True
1.04,0.03,0.95,0.2,0.2,0.0,1.0,9.24,-30.94,True
1.04,0.03,0.95,0.2,0.2,0.25,0.75,9.24,-30.37,True
1.04,0.03,0.95,0.2,0.2,0.5,0.5,9.24,-29.73,True
1.04,0.03,0.95,0.2,0.2,0.75,0.25,9.23,-29.02,True
1.04,0.03,0.95,0.2,0.2,1.0,0.0,9.23,-28.21,True
1.04,0.03,0.95,0.2,0.3,0.0,1.0,10.72,-31.63,True
1.04,0.03,0.95,0.2,0.3,0.25,0.75,10.74,-31.21,True
1.04,0.03,0.95,0.2,0.3,0.5,0.5,10.75,-30.75,True
1.04,0.03,0.95,0.2,0.3,0.75,0.25,10.76,-30.22,True
1.04,0.03,0.95,0.2,0.3,1.0,0.0,10.77,-29.63,True
1.04,0.03,0.95,0.3,0.0,0.0,1.0,2.09,-27.68,True
1.04,0.03,0.95,0.3,0.0,0.25,0.75,2.18,-26.05,True
1.04,0.03,0.95,0.3,0.0,0.5,0.5,2.26,-24.15,True
1.04,0.03,0.95,0.3,0.0,0.75,0.25,2.31,-21.94,True
1.04,0.03,0.95,0.3,0.0,1.0,0.0,2.34,-19.3,True
1.04,0.03,0.95,0.3,0.1,0.0,1.0,6.98,-29.89,True
1.04,0.03,0.95,0.3,0.1,0.25,0.75,7.0,-29.01,True
1.04,0.03,0.95,0.3,0.1,0.5,0.5,7.01,-28.0,True
1.04,0.03,0.95,0.3,0.1,0.75,0.25,7.01,-26.84,True
1.04,0.03,0.95,0.3,0.1,1.0,0.0,7.01,-25.49,True
1.04,0.03,0.95,0.3,0.2,0.0,1.0,9.23,-30.9,True
1.04,0.03,0.95,0.3,0.2,0.25,0.75,9.26,-30.3,True
1.04,0.03,0.95,0.3,0.2,0.5,0.5,9.28,-29.61,True
1.04,0.03,0.95,0.3,0.2,0.75,0.25,9.29,-28.82,True
1.04,0.03,0.95,0.3,0.2,1.0,0.0,9.3,-27.91,True
1.04,0.03,0.95,0.3,0.3,0.0,1.0,10.73,-31.59,True
1.04,0.03,0.95,0.3,0.3,0.25,0.75,10.75,-31.17,True
1.04,0.03,0.95,0.3,0.3,0.5,0.5,10.77,-30.69,True
1.04,0.03,0.95,0.3,0.3,0.75,0.25,10.78,-30.15,True
1.04,0.03,0.95,0.3,0.3,1.0,0.0,10.79,-29.54,True
1.04,0.03,0.95,0.4,0.0,0.0,1.0,2.2,-27.68,True
1.04,0.03,0.95,0.4,0.0,0.25,0.75,2.31,-26.05,True
1.04,0.03,0.95,0.4,0.0,0.5,0.5,2.41,-24.17,True
1.04,0.03,0.95,0.4,0.0,0.75,0.25,2.48,-21.95,True
1.04,0.03,0.95,0.4,0.0,1.0,0.0,2.52,-19.3,True
1.04,0.03,0.95,0.4,0.1,0.0,1.0,7.12,-29.74,True
1.04,0.03,0.95,0.4,0.1,0.25,0.75,7.14,-28.84,True
1.04,0.03,0.95,0.4,0.1,0.5,0.5,7.15,-27.79,True
1.04,0.03,0.95,0.4,0.1,0.75,0.25,7.15,-26.58,True
1.04,0.03,0.95,0.4,0.1,1.0,0.0,7.14,-25.16,True
1.04,0.03,0.95,0.4,0.2,0.0,1.0,9.26,-30.86,True
1.04,0.03,0.95,0.4,0.2,0.25,0.75,9.29,-30.24,True
1.04,0.03,0.95,0.4,0.2,0.5,0.5,9.31,-29.54,True
1.04,0.03,0.95,0.4,0.2,0.75,0.25,9.32,-28.73,True
1.04,0.03,0.95,0.4,0.2,1.0,0.0,9.33,-27.8,True
1.04,0.03,0.95,0.4,0.3,0.0,1.0,10.78,-31.51,True
1.04,0.03,0.95,0.4,0.3,0.25,0.75,10.8,-31.07,True
1.04,0.03,0.95,0.4,0.3,0.5,0.5,10.81,-30.58,True
1.04,0.03,0.95,0.4,0.3,0.75,0.25,10.82,-30.02,True
1.04,0.03,0.95,0.4,0.3,1.0,0.0,10.82,-29.38,True
1.04,0.03,0.97,0.1,0.0,0.0,1.0,2.46,-20.76,True
1.04,0.03,0.97,0.1,0.0,0.25,0.75,2.33,-19.27,True
1.04,0.03,0.97,0.1,0.0,0.5,0.5,2.19,-17.6,True
1.04,0.03,0.97,0.1,0.0,0.75,0.25,2.05,-15.73,True
1.04,0.03,0.97,0.1,0.0,1.0,0.0,1.9,-13.61,True
1.04,0.03,0.97,0.1,0.1,0.0,1.0,6.93,-26.48,True
1.04,0.03,0.97,0.1,0.1,0.25,0.75,6.86,-25.8,True
1.04,0.03,0.97,0.1,0.1,0.5,0.5,6.79,-25.04,True
1.04,0.03,0.97,0.1,0.1,0.75,0.25,6.71,-24.19,True
1.04,0.03,0.97,0.1,0.1,1.0,0.0,6.62,-23.24,True
1.04,0.03,0.97,0.1,0.2,0.0,1.0,8.98,-29.06,True
1.04,0.03,0.97,0.1,0.2,0.25,0.75,8.95,-28.64,True
1.04,0.03,0.97,0.1,0.2,0.5,0.5,8.91,-28.18,True
1.04,0.03,0.97,0.1,0.2,0.75,0.25,8.87,-27.68,True
1.04,0.03,0.97,0.1,0.2,1.0,0.0,8.82,-27.13,True
1.04,0.03,0.97,0.1,0.3,0.0,1.0,10.63,-30.27,True
1.04,0.03,0.97,0.1,0.3,0.25,0.75,10.59,-30.02,True
1.04,0.03,0.97,0.1,0.3,0.5,0.5,10.56,-29.74,True
1.04,0.03,0.97,0.1,0.3,0.75,0.25,10.51,-29.44,True
1.04,0.03,0.97,0.1,0.3,1.0,0.0,10.47,-29.1,True
1.04,0.03,0.97,0.2,0.0,0.0,1.0,3.33,-22.06,True
1.04,0.03,0.97,0.2,0.0,0.25,0.75,3.22,-20.71,True
1.04,0.03,0.97,0.2,0.0,0.5,0.5,3.1,-19.15,True
1.04,0.03,0.97,0.2,0.0,0.75,0.25,2.96,-17.33,True
1.04,0.03,0.97,0.2,0.0,1.0,0.0,2.8,-15.15,True
1.04,0.03,0.97,0.2,0.1,0.0,1.0,6.92,-26.9,True
1.04,0.03,0.97,0.2,0.1,0.25,0.75,6.91,-26.26,True
1.04,0.03,0.97,0.2,0.1,0.5,0.5,6.9,-25.55,True
1.04,0.03,0.97,0.2,0.1,0.75,0.25,6.88,-24.75,True
1.04,0.03,0.97,0.2,0.1,1.0,0.0,6.86,-23.84,True
1.04,0.03,0.97,0.2,0.2,0.0,1.0,9.28,-28.8,True
1.04,0.03,0.97,0.2,0.2,0.25,0.75,9.27,-28.44,True
1.04,0.03,0.97,0.2,0.2,0.5,0.5,9.26,-28.03,True
1.04,0.03,0.97,0.2,0.2,0.75,0.25,9.24,-27.57,True
1.04,0.03,0.97,0.2,0.2,1.0,0.0,9.22,-27.05,True
1.04,0.03,0.97,0.2,0.3,0.0,1.0,10.74,-30.26,True
1.04,0.03,0.97,0.2,0.3,0.25,0.75,10.75,-29.97,True
1.04,0.03,0.97,0.2,0.3,0.5,0.5,10.76,-29.66,True
1.04,0.03,0.97,0.2,0.3,0.75,0.25,10.76,-29.32,True
1.04,0.03,0.97,0.2,0.3,1.0,0.0,10.75,-28.94,True
1.04,0.03,0.97,0.3,0.0,0.0,1.0,2.61,-22.06,True
1.04,0.03,0.97,0.3,0.0,0.25,0.75,2.61,-20.71,True
1.04,0.03,0.97,0.3,0.0,0.5,0.5,2.59,-19.15,True
1.04,0.03,0.97,0.3,0.0,0.75,0.25,2.55,-17.33,True
1.04,0.03,0.97,0.3,0.0,1.0,0.0,2.48,-15.15,True
1.04,0.03,0.97,0.3,0.1,0.0,1.0,6.99,-26.78,True
1.04,0.03,0.97,0.3,0.1,0.25,0.75,6.99,-26.15,True
1.04,0.03,0.97,0.3,0.1,0.5,0.5,6.98,-25.43,True
1.04,0.03,0.97,0.3,0.1,0.75,0.25,6.96,-24.6,True
1.04,0.03,0.97,0.3,0.1,1.0,0.0,6.94,-23.65,True
1.04,0.03,0.97,0.3,0.2,0.0,1.0,9.2,-29.01,True
1.04,0.03,0.97,0.3,0.2,0.25,0.75,9.22,-28.59,True
1.04,0.03,0.97,0.3,0.2,0.5,0.5,9.24,-28.1,True
1.04,0.03,0.97,0.3,0.2,0.75,0.25,9.24,-27.57,True
1.04,0.03,0.97,0.3,0.2,1.0,0.0,9.24,-26.96,True
1.04,0.03,0.97,0.3,0.3,0.0,1.0,10.7,-30.38,True
1.04,0.03,0.97,0.3,0.3,0.25,0.75,10.72,-30.09,True
1.04,0.03,0.97,0.3,0.3,0.5,0.5,10.73,-29.77,True
1.04,0.03,0.97,0.3,0.3,0.75,0.25,10.74,-29.41,True
1.04,0.03,0.97,0.3,0.3,1.0,0.0,10.74,-29.02,True
1.04,0.03,0.97,0.4,0.0,0.0,1.0,2.13,-22.06,True
1.04,0.03,0.97,0.4,0.0,0.25,0.75,2.2,-20.72,True
1.04,0.03,0.97,0.4,0.0,0.5,0.5,2.25,-19.16,True
1.04,0.03,0.97,0.4,0.0,0.75,0.25,2.28,-17.33,True
1.04,0.03,0.97,0.4,0.0,1.0,0.0,2.28,-15.15,True
1.04,0.03,0.97,0.4,0.1,0.0,1.0,7.04,-26.71,True
1.04,0.03,0.97,0.4,0.1,0.25,0.75,7.08,-26.02,True
1.04,0.03,0.97,0.4,0.1,0.5,0.5,7.09,-25.25,True
1.04,0.03,0.97,0.4,0.1,0.75,0.25,7.07,-24.4,True
1.04,0.03,0.97,0.4,0.1,1.0,0.0,7.05,-23.4,True
1.04,0.03,0.97,0.4,0.2,0.0,1.0,9.16,-29.12,True
1.04,0.03,0.97,0.4,0.2,0.25,0.75,9.19,-28.68,True
1.04,0.03,0.97,0.4,0.2,0.5,0.5,9.21,-28.18,True
1.04,0.03,0.97,0.4,0.2,0.75,0.25,9.23,-27.63,True
1.04,0.03,0.97,0.4,0.2,1.0,0.0,9.23,-27.01,True
1.04,0.03,0.97,0.4,0.3,0.0,1.0,10.69,-30.43,True
1.04,0.03,0.97,0.4,0.3,0.25,0.75,10.71,-30.13,True
1.04,0.03,0.97,0.4,0.3,0.5,0.5,10.72,-29.8,True
1.04,0.03,0.97,0.4,0.3,0.75,0.25,10.73,-29.43,True
1.04,0.03,0.97,0.4,0.3,1.0,0.0,10.74,-29.02,True
1.04,0.03,0.99,0.1,0.0,0.0,1.0,0.74,-8.33,True
1.04,0.03,0.99,0.1,0.0,0.25,0.75,0.72,-7.47,True
1.04,0.03,0.99,0.1,0.0,0.5,0.5,0.7,-6.59,True
1.04,0.03,0.99,0.1,0.0,0.75,0.25,0.67,-5.67,True
1.04,0.03,0.99,0.1,0.0,1.0,0.0,0.65,-4.73,True
1.04,0.03,0.99,0.1,0.1,0.0,1.0,6.45,-20.01,True
1.04,0.03,0.99,0.1,0.1,0.25,0.75,6.45,-20.07,True
1.04,0.03,0.99,0.1,0.1,0.5,0.5,6.44,-20.14,True
1.04,0.03,0.99,0.1,0.1,0.75,0.25,6.44,-20.21,True
1.04,0.03,0.99,0.1,0.1,1.0,0.0,6.43,-20.29,True
1.04,0.03,0.99,0.1,0.2,0.0,1.0,8.86,-25.9,True
1.04,0.03,0.99,0.1,0.2,0.25,0.75,8.86,-25.92,True
1.04,0.03,0.99,0.1,0.2,0.5,0.5,8.87,-25.94,True
1.04,0.03,0.99,0.1,0.2,0.75,0.25,8.87,-25.97,True
1.04,0.03,0.99,0.1,0.2,1.0,0.0,8.87,-26.0,True
1.04,0.03,0.99,0.1,0.3,0.0,1.0,10.48,-28.46,True
1.04,0.03,0.99,0.1,0.3,0.25,0.75,10.49,-28.49,True
1.04,0.03,0.99,0.1,0.3,0.5,0.5,10.49,-28.51,True
1.04,0.03,0.99,0.1,0.3,0.75,0.25,10.5,-28.53,True
1.04,0.03,0.99,0.1,0.3,1.0,0.0,10.5,-28.55,True
1.04,0.03,0.99,0.2,0.0,0.0,1.0,1.38,-11.29,True
1.04,0.03,0.99,0.2,0.0,0.25,0.75,1.36,-10.23,True
1.04,0.03,0.99,0.2,0.0,0.5,0.5,1.33,-9.1,True
1.04,0.03,0.99,0.2,0.0,0.75,0.25,1.3,-7.89,True
1.04,0.03,0.99,0.2,0.0,1.0,0.0,1.26,-6.61,True
1.04,0.03,0.99,0.2,0.1,0.0,1.0,6.39,-20.19,True
1.04,0.03,0.99,0.2,0.1,0.25,0.75,6.4,-20.18,True
1.04,0.03,0.99,0.2,0.1,0.5,0.5,6.41,-20.17,True
1.04,0.03,0.99,0.2,0.1,0.75,0.25,6.43,-20.17,True
1.04,0.03,0.99,0.2,0.1,1.0,0.0,6.44,-20.17,True
1.04,0.03,0.99,0.2,0.2,0.0,1.0,8.86,-25.43,True
1.04,0.03,0.99,0.2,0.2,0.25,0.75,8.87,-25.45,True
1.04,0.03,0.99,0.2,0.2,0.5,0.5,8.88,-25.48,True
1.04,0.03,0.99,0.2,0.2,0.75,0.25,8.89,-25.52,True
1.04,0.03,0.99,0.2,0.2,1.0,0.0,8.9,-25.55,True
1.04,0.03,0.99,0.2,0.3,0.0,1.0,10.51,-28.15,True
1.04,0.03,0.99,0.2,0.3,0.25,0.75,10.53,-28.11,True
1.04,0.03,0.99,0.2,0.3,0.5,0.5,10.53,-28.09,True
1.04,0.03,0.99,0.2,0.3,0.75,0.25,10.54,-28.07,True
1.04,0.03,0.99,0.2,0.3,1.0,0.0,10.55,-28.08,True
1.04,0.03,0.99,0.3,0.0,0.0,1.0,1.23,-10.99,True
1.04,0.03,0.99,0.3,0.0,0.25,0.75,1.24,-9.94,True
1.04,0.03,0.99,0.3,0.0,0.5,0.5,1.26,-8.83,True
1.04,0.03,0.99,0.3,0.0,0.75,0.25,1.27,-7.63,True
1.04,0.03,0.99,0.3,0.0,1.0,0.0,1.27,-6.36,True
1.04,0.03,0.99,0.3,0.1,0.0,1.0,6.35,-20.13,True
1.04,0.03,0.99,0.3,0.1,0.25,0.75,6.38,-20.12,True
1.04,0.03,0.99,0.3,0.1,0.5,0.5,6.4,-20.09,True
1.04,0.03,0.99,0.3,0.1,0.75,0.25,6.42,-20.07,True
1.04,0.03,0.99,0.3,0.1,1.0,0.0,6.44,-20.06,True
1.04,0.03,0.99,0.3,0.2,0.0,1.0,8.82,-25.74,True
1.04,0.03,0.99,0.3,0.2,0.25,0.75,8.85,-25.66,True
1.04,0.03,0.99,0.3,0.2,0.5,0.5,8.88,-25.6,True
1.04,0.03,0.99,0.3,0.2,0.75,0.25,8.9,-25.53,True
1.04,0.03,0.99,0.3,0.2,1.0,0.0,8.92,-25.49,True
1.04,0.03,0.99,0.3,0.3,0.0,1.0,10.44,-28.57,True
1.04,0.03,0.99,0.3,0.3,0.25,0.75,10.46,-28.5,True
1.04,0.03,0.99,0.3,0.3,0.5,0.5,10.49,-28.44,True
1.04,0.03,0.99,0.3,0.3,0.75,0.25,10.51,-28.4,True
1.04,0.03,0.99,0.3,0.3,1.0,0.0,10.53,-28.35,True
1.04,0.03,0.99,0.4,0.0,0.0,1.0,0.79,-11.6,True
1.04,0.03,0.99,0.4,0.0,0.25,0.75,0.86,-10.51,True
1.04,0.03,0.99,0.4,0.0,0.5,0.5,0.93,-9.43,True
1.04,0.03,0.99,0.4,0.0,0.75,0.25,0.99,-8.33,True
1.04,0.03,0.99,0.4,0.0,1.0,0.0,1.04,-7.23,True
1.04,0.03,0.99,0.4,0.1,0.0,1.0,6.25,-20.48,True
1.04,0.03,0.99,0.4,0.1,0.25,0.75,6.29,-20.42,True
1.04,0.03,0.99,0.4,0.1,0.5,0.5,6.33,-20.36,True
1.04,0.03,0.99,0.4,0.1,0.75,0.25,6.37,-20.32,True
1.04,0.03,0.99,0.4,0.1,1.0,0.0,6.41,-20.27,True
1.04,0.03,0.99,0.4,0.2,0.0,1.0,8.73,-26.14,True
1.04,0.03,0.99,0.4,0.2,0.25,0.75,8.77,-26.02,True
1.04,0.03,0.99,0.4,0.2,0.5,0.5,8.81,-25.92,True
1.04,0.03,0.99,0.4,0.2,0.75,0.25,8.84,-25.84,True
1.04,0.03,0.99,0.4,0.2,1.0,0.0,8.88,-25.77,True
1.04,0.03,0.99,0.4,0.3,0.0,1.0,10.38,-28.62,True
1.04,0.03,0.99,0.4,0.3,0.25,0.75,10.41,-28.54,True
1.04,0.03,0.99,0.4,0.3,0.5,0.5,10.44,-28.47,True
1.04,0.03,0.99,0.4,0.3,0.75,0.25,10.47,-28.41,True
1.04,0.03,0.99,0.4,0.3,1.0,0.0,10.5,-28.37,True
1.04,0.03,1.0,0.1,0.0,0.0,1.0,0.13,-3.77,True
1.04,0.03,1.0,0.1,0.0,0.25,0.75,0.15,-3.34,True
1.04,0.03,1.0,0.1,0.0,0.5,0.5,0.17,-2.9,True
1.04,0.03,1.0,0.1,0.0,0.75,0.25,0.19,-2.45,True
1.04,0.03,1.0,0.1,0.0,1.0,0.0,0.21,-1.99,True
1.04,0.03,1.0,0.1,0.1,0.0,1.0,6.12,-22.12,True
1.04,0.03,1.0,0.1,0.1,0.25,0.75,6.14,-22.04,True
1.04,0.03,1.0,0.1,0.1,0.5,0.5,6.15,-21.97,True
1.04,0.03,1.0,0.1,0.1,0.75,0.25,6.17,-21.89,True
1.04,0.03,1.0,0.1,0.1,1.0,0.0,6.19,-21.82,True
1.04,0.03,1.0,0.1,0.2,0.0,1.0,8.67,-27.45,True
1.04,0.03,1.0,0.1,0.2,0.25,0.75,8.69,-27.37,True
1.04,0.03,1.0,0.1,0.2,0.5,0.5,8.7,-27.28,True
1.04,0.03,1.0,0.1,0.2,0.75,0.25,8.72,-27.2,True
1.04,0.03,1.0,0.1,0.2,1.0,0.0,8.74,-27.11,True
1.04,0.03,1.0,0.1,0.3,0.0,1.0,10.37,-29.62,True
1.04,0.03,1.0,0.1,0.3,0.25,0.75,10.38,-29.56,True
1.04,0.03,1.0,0.1,0.3,0.5,0.5,10.39,-29.5,True
1.04,0.03,1.0,0.1,0.3,0.75,0.25,10.41,-29.44,True
1.04,0.03,1.0,0.1,0.3,1.0,0.0,10.42,-29.37,True
1.04,0.03,1.0,0.2,0.0,0.0,1.0,0.17,-6.59,True
1.04,0.03,1.0,0.2,0.0,0.25,0.75,0.22,-5.88,True
1.04,0.03,1.0,0.2,0.0,0.5,0.5,0.27,-5.14,True
1.04,0.03,1.0,0.2,0.0,0.75,0.25,0.32,-4.38,True
1.04,0.03,1.0,0.2,0.0,1.0,0.0,0.37,-3.59,True
1.04,0.03,1.0,0.2,0.1,0.0,1.0,6.02,-22.36,True
1.04,0.03,1.0,0.2,0.1,0.25,0.75,6.06,-22.19,True
1.04,0.03,1.0,0.2,0.1,0.5,0.5,6.1,-22.03,True
1.04,0.03,1.0,0.2,0.1,0.75,0.25,6.13,-21.88,True
1.04,0.03,1.0,0.2,0.1,1.0,0.0,6.16,-21.72,True
1.04,0.03,1.0,0.2,0.2,0.0,1.0,8.68,-27.16,True
1.04,0.03,1.0,0.2,0.2,0.25,0.75,8.7,-27.07,True
1.04,0.03,1.0,0.2,0.2,0.5,0.5,8.72,-26.97,True
1.04,0.03,1.0,0.2,0.2,0.75,0.25,8.74,-26.87,True
1.04,0.03,1.0,0.2,0.2,1.0,0.0,8.75,-26.77,True
1.04,0.03,1.0,0.2,0.3,0.0,1.0,10.4,-29.37,True
1.04,0.03,1.0,0.2,0.3,0.25,0.75,10.41,-29.27,True
1.04,0.03,1.0,0.2,0.3,0.5,0.5,10.43,-29.17,True
1.04,0.03,1.0,0.2,0.3,0.75,0.25,10.44,-29.08,True
1.04,0.03,1.0,0.2,0.3,1.0,0.0,10.45,-28.99,True
1.04,0.03,1.0,0.3,0.0,0.0,1.0,-0.02,-7.43,True
1.04,0.03,1.0,0.3,0.0,0.25,0.75,0.08,-6.83,True
1.04,0.03,1.0,0.3,0.0,0.5,0.5,0.17,-6.22,True
1.04,0.03,1.0,0.3,0.0,0.75,0.25,0.26,-5.61,True
1.04,0.03,1.0,0.3,0.0,1.0,0.0,0.35,-5.0,True
1.04,0.03,1.0,0.3,0.1,0.0,1.0,5.98,-22.34,True
1.04,0.03,1.0,0.3,0.1,0.25,0.75,6.03,-22.17,True
1.04,0.03,1.0,0.3,0.1,0.5,0.5,6.07,-21.99,True
1.04,0.03,1.0,0.3,0.1,0.75,0.25,6.11,-21.81,True
1.04,0.03,1.0,0.3,0.1,1.0,0.0,6.15,-21.63,True
1.04,0.03,1.0,0.3,0.2,0.0,1.0,8.64,-27.36,True
1.04,0.03,1.0,0.3,0.2,0.25,0.75,8.68,-27.2,True
1.04,0.03,1.0,0.3,0.2,0.5,0.5,8.71,-27.04,True
1.04,0.03,1.0,0.3,0.2,0.75,0.25,8.74,-26.87,True
1.04,0.03,1.0,0.3,0.2,1.0,0.0,8.76,-26.71,True
1.04,0.03,1.0,0.3,0.3,0.0,1.0,10.33,-29.74,True
1.04,0.03,1.0,0.3,0.3,0.25,0.75,10.35,-29.62,True
1.04,0.03,1.0,0.3,0.3,0.5,0.5,10.38,-29.5,True
1.04,0.03,1.0,0.3,0.3,0.75,0.25,10.41,-29.38,True
1.04,0.03,1.0,0.3,0.3,1.0,0.0,10.43,-29.26,True
1.04,0.03,1.0,0.4,0.0,0.0,1.0,-0.48,-9.87,True
1.04,0.03,1.0,0.4,0.0,0.25,0.75,-0.33,-9.07,True
1.04,0.03,1.0,0.4,0.0,0.5,0.5,-0.18,-8.27,True
1.04,0.03,1.0,0.4,0.0,0.75,0.25,-0.04,-7.46,True
1.04,0.03,1.0,0.4,0.0,1.0,0.0,0.1,-6.66,True
1.04,0.03,1.0,0.4,0.1,0.0,1.0,5.92,-22.61,True
1.04,0.03,1.0,0.4,0.1,0.25,0.75,5.97,-22.41,True
1.04,0.03,1.0,0.4,0.1,0.5,0.5,6.03,-22.21,True
1.04,0.03,1.0,0.4,0.1,0.75,0.25,6.09,-22.02,True
1.04,0.03,1.0,0.4,0.1,1.0,0.0,6.14,-21.8,True
1.04,0.03,1.0,0.4,0.2,0.0,1.0,8.56,-27.75,True
1.04,0.03,1.0,0.4,0.2,0.25,0.75,8.6,-27.56,True
1.04,0.03,1.0,0.4,0.2,0.5,0.5,8.64,-27.37,True
1.04,0.03,1.0,0.4,0.2,0.75,0.25,8.69,-27.18,True
1.04,0.03,1.0,0.4,0.2,1.0,0.0,8.73,-27.0,True
1.04,0.03,1.0,0.4,0.3,0.0,1.0,10.28,-29.76,True
1.04,0.03,1.0,0.4,0.3,0.25,0.75,10.31,-29.63,True
1.04,0.03,1.0,0.4,0.3,0.5,0.5,10.34,-29.5,True
1.04,0.03,1.0,0.4,0.3,0.75,0.25,10.38,-29.37,True
1.04,0.03,1.0,0.4,0.3,1.0,0.0,10.41,-29.25,True
1.04,0.03,1.01,0.1,0.0,0.0,1.0,0.53,-1.28,True
1.04,0.03,1.01,0.1,0.0,0.25,0.75,0.52,-1.17,True
1.04,0.03,1.01,0.1,0.0,0.5,0.5,0.51,-1.05,True
1.04,0.03,1.01,0.1,0.0,0.75,0.25,0.49,-0.94,True
1.04,0.03,1.01,0.1,0.0,1.0,0.0,0.48,-0.83,True
1.04,0.03,1.01,0.1,0.1,0.0,1.0,6.29,-21.02,True
1.04,0.03,1.01,0.1,0.1,0.25,0.75,6.29,-21.04,True
1.04,0.03,1.01,0.1,0.1,0.5,0.5,6.29,-21.06,True
1.04,0.03,1.01,0.1,0.1,0.75,0.25,6.3,-21.08,True
1.04,0.03,1.01,0.1,0.1,1.0,0.0,6.3,-21.1,True
1.04,0.03,1.01,0.1,0.2,0.0,1.0,8.8,-26.51,True
1.04,0.03,1.01,0.1,0.2,0.25,0.75,8.8,-26.5,True
1.04,0.03,1.01,0.1,0.2,0.5,0.5,8.81,-26.5,True
1.04,0.03,1.01,0.1,0.2,0.75,0.25,8.81,-26.49,True
1.04,0.03,1.01,0.1,0.2,1.0,0.0,8.82,-26.49,True
1.04,0.03,1.01,0.1,0.3,0.0,1.0,10.46,-28.85,True
1.04,0.03,1.01,0.1,0.3,0.25,0.75,10.47,-28.85,True
1.04,0.03,1.01,0.1,0.3,0.5,0.5,10.47,-28.86,True
1.04,0.03,1.01,0.1,0.3,0.75,0.25,10.48,-28.86,True
1.04,0.03,1.01,0.1,0.3,1.0,0.0,10.48,-28.86,True
1.04,0.03,1.01,0.2,0.0,0.0,1.0,0.95,-2.55,True
1.04,0.03,1.01,0.2,0.0,0.25,0.75,0.94,-2.33,True
1.04,0.03,1.01,0.2,0.0,0.5,0.5,0.92,-2.1,True
1.04,0.03,1.01,0.2,0.0,0.75,0.25,0.91,-1.88,True
1.04,0.03,1.01,0.2,0.0,1.0,0.0,0.89,-1.66,True
1.04,0.03,1.01,0.2,0.1,0.0,1.0,6.34,-20.36,True
1.04,0.03,1.01,0.2,0.1,0.25,0.75,6.35,-20.37,True
1.04,0.03,1.01,0.2,0.1,0.5,0.5,6.36,-20.38,True
1.04,0.03,1.01,0.2,0.1,0.75,0.25,6.37,-20.39,True
1.04,0.03,1.01,0.2,0.1,1.0,0.0,6.37,-20.41,True
1.04,0.03,1.01,0.2,0.2,0.0,1.0,8.86,-25.62,True
1.04,0.03,1.01,0.2,0.2,0.25,0.75,8.86,-25.65,True
1.04,0.03,1.01,0.2,0.2,0.5,0.5,8.87,-25.67,True
1.04,0.03,1.01,0.2,0.2,0.75,0.25,8.88,-25.7,True
1.04,0.03,1.01,0.2,0.2,1.0,0.0,8.88,-25.73,True
1.04,0.03,1.01,0.2,0.3,0.0,1.0,10.54,-27.97,True
1.04,0.03,1.01,0.2,0.3,0.25,0.75,10.54,-28.0,True
1.04,0.03,1.01,0.2,0.3,0.5,0.5,10.54,-28.04,True
1.04,0.03,1.01,0.2,0.3,0.75,0.25,10.55,-28.08,True
1.04,0.03,1.01,0.2,0.3,1.0,0.0,10.55,-28.12,True
1.04,0.03,1.01,0.3,0.0,0.0,1.0,1.03,-3.82,True
1.04,0.03,1.01,0.3,0.0,0.25,0.75,1.04,-3.48,True
1.04,0.03,1.01,0.3,0.0,0.5,0.5,1.04,-3.15,True
1.04,0.03,1.01,0.3,0.0,0.75,0.25,1.05,-2.82,True
1.04,0.03,1.01,0.3,0.0,1.0,0.0,1.04,-2.48,True
1.04,0.03,1.01,0.3,0.1,0.0,1.0,6.36,-19.86,True
1.04,0.03,1.01,0.3,0.1,0.25,0.75,6.38,-19.9,True
1.04,0.03,1.01,0.3,0.1,0.5,0.5,6.39,-19.91,True
1.04,0.03,1.01,0.3,0.1,0.75,0.25,6.4,-19.93,True
1.04,0.03,1.01,0.3,0.1,1.0,0.0,6.42,-19.96,True
1.04,0.03,1.01,0.3,0.2,0.0,1.0,8.88,-25.21,True
1.04,0.03,1.01,0.3,0.2,0.25,0.75,8.89,-25.24,True
1.04,0.03,1.01,0.3,0.2,0.5,0.5,8.91,-25.28,True
1.04,0.03,1.01,0.3,0.2,0.75,0.25,8.92,-25.31,True
1.04,0.03,1.01,0.3,0.2,1.0,0.0,8.92,-25.35,True
1.04,0.03,1.01,0.3,0.3,0.0,1.0,10.46,-28.39,True
1.04,0.03,1.01,0.3,0.3,0.25,0.75,10.48,-28.37,True
1.04,0.03,1.01,0.3,0.3,0.5,0.5,10.5,-28.35,True
1.04,0.03,1.01,0.3,0.3,0.75,0.25,10.52,-28.34,True
1.04,0.03,1.01,0.3,0.3,1.0,0.0,10.53,-28.32,True
1.04,0.03,1.01,0.4,0.0,0.0,1.0,0.81,-5.08,True
1.04,0.03,1.01,0.4,0.0,0.25,0.75,0.85,-4.63,True
1.04,0.03,1.01,0.4,0.0,0.5,0.5,0.89,-4.19,True
1.04,0.03,1.01,0.4,0.0,0.75,0.25,0.92,-3.75,True
1.04,0.03,1.01,0.4,0.0,1.0,0.0,0.95,-3.3,True
1.04,0.03,1.01,0.4,0.1,0.0,1.0,6.32,-19.76,True
1.04,0.03,1.01,0.4,0.1,0.25,0.75,6.35,-19.78,True
1.04,0.03,1.01,0.4,0.1,0.5,0.5,6.38,-19.8,True
1.04,0.03,1.01,0.4,0.1,0.75,0.25,6.4,-19.83,True
1.04,0.03,1.01,0.4,0.1,1.0,0.0,6.42,-19.85,True
1.04,0.03,1.01,0.4,0.2,0.0,1.0,8.78,-25.68,True
1.04,0.03,1.01,0.4,0.2,0.25,0.75,8.81,-25.65,True
1.04,0.03,1.01,0.4,0.2,0.5,0.5,8.84,-25.62,True
1.04,0.03,1.01,0.4,0.2,0.75,0.25,8.86,-25.61,True
1.04,0.03,1.01,0.4,0.2,1.0,0.0,8.89,-25.6,True
1.04,0.03,1.01,0.4,0.3,0.0,1.0,10.41,-28.4,True
1.04,0.03,1.01,0.4,0.3,0.25,0.75,10.44,-28.37,True
1.04,0.03,1.01,0.4,0.3,0.5,0.5,10.46,-28.34,True
1.04,0.03,1.01,0.4,0.3,0.75,0.25,10.49,-28.32,True
1.04,0.03,1.01,0.4,0.3,1.0,0.0,10.51,-28.31,True
1.04,0.03,1.02,0.1,0.0,0.0,1.0,0.26,-1.28,True
1.04,0.03,1.02,0.1,0.0,0.25,0.75,0.26,-1.17,True
1.04,0.03,1.02,0.1,0.0,0.5,0.5,0.27,-1.05,True
1.04,0.03,1.02,0.1,0.0,0.75,0.25,0.27,-0.94,True
1.04,0.03,1.02,0.1,0.0,1.0,0.0,0.27,-0.83,True
1.04,0.03,1.02,0.1,0.1,0.0,1.0,6.23,-21.53,True
1.04,0.03,1.02,0.1,0.1,0.25,0.75,6.23,-21.51,True
1.04,0.03,1.02,0.1,0.1,0.5,0.5,6.24,-21.5,True
1.04,0.03,1.02,0.1,0.1,0.75,0.25,6.24,-21.49,True
1.04,0.03,1.02,0.1,0.1,1.0,0.0,6.25,-21.48,True
1.04,0.03,1.02,0.1,0.2,0.0,1.0,8.77,-26.86,True
1.04,0.03,1.02,0.1,0.2,0.25,0.75,8.77,-26.84,True
1.04,0.03,1.02,0.1,0.2,0.5,0.5,8.78,-26.81,True
1.04,0.03,1.02,0.1,0.2,0.75,0.25,8.79,-26.79,True
1.04,0.03,1.02,0.1,0.2,1.0,0.0,8.79,-26.76,True
1.04,0.03,1.02,0.1,0.3,0.0,1.0,10.45,-29.05,True
1.04,0.03,1.02,0.1,0.3,0.25,0.75,10.45,-29.04,True
1.04,0.03,1.02,0.1,0.3,0.5,0.5,10.46,-29.04,True
1.04,0.03,1.02,0.1,0.3,0.75,0.25,10.46,-29.03,True
1.04,0.03,1.02,0.1,0.3,1.0,0.0,10.47,-29.02,True
1.04,0.03,1.02,0.2,0.0,0.0,1.0,0.47,-2.55,True
1.04,0.03,1.02,0.2,0.0,0.25,0.75,0.48,-2.33,True
1.04,0.03,1.02,0.2,0.0,0.5,0.5,0.49,-2.1,True
1.04,0.03,1.02,0.2,0.0,0.75,0.25,0.5,-1.88,True
1.04,0.03,1.02,0.2,0.0,1.0,0.0,0.51,-1.66,True
1.04,0.03,1.02,0.2,0.1,0.0,1.0,6.23,-21.28,True
1.04,0.03,1.02,0.2,0.1,0.25,0.75,6.24,-21.24,True
1.04,0.03,1.02,0.2,0.1,0.5,0.5,6.25,-21.2,True
1.04,0.03,1.02,0.2,0.1,0.75,0.25,6.27,-21.16,True
1.04,0.03,1.02,0.2,0.1,1.0,0.0,6.28,-21.13,True
1.04,0.03,1.02,0.2,0.2,0.0,1.0,8.82,-26.1,True
1.04,0.03,1.02,0.2,0.2,0.25,0.75,8.83,-26.11,True
1.04,0.03,1.02,0.2,0.2,0.5,0.5,8.83,-26.12,True
1.04,0.03,1.02,0.2,0.2,0.75,0.25,8.84,-26.13,True
1.04,0.03,1.02,0.2,0.2,1.0,0.0,8.84,-26.14,True
1.04,0.03,1.02,0.2,0.3,0.0,1.0,10.5,-28.48,True
1.04,0.03,1.02,0.2,0.3,0.25,0.75,10.5,-28.47,True
1.04,0.03,1.02,0.2,0.3,0.5,0.5,10.51,-28.46,True
1.04,0.03,1.02,0.2,0.3,0.75,0.25,10.51,-28.46,True
1.04,0.03,1.02,0.2,0.3,1.0,0.0,10.52,-28.46,True
1.04,0.03,1.02,0.3,0.0,0.0,1.0,0.55,-3.82,True
1.04,0.03,1.02,0.3,0.0,0.25,0.75,0.58,-3.48,True
1.04,0.03,1.02,0.3,0.0,0.5,0.5,0.61,-3.15,True
1.04,0.03,1.02,0.3,0.0,0.75,0.25,0.63,-2.82,True
1.04,0.03,1.02,0.3,0.0,1.0,0.0,0.65,-2.48,True
1.04,0.03,1.02,0.3,0.1,0.0,1.0,6.3,-20.55,True
1.04,0.03,1.02,0.3,0.1,0.25,0.75,6.31,-20.55,True
1.04,0.03,1.02,0.3,0.1,0.5,0.5,6.32,-20.54,True
1.04,0.03,1.02,0.3,0.1,0.75,0.25,6.33,-20.54,True
1.04,0.03,1.02,0.3,0.1,1.0,0.0,6.34,-20.54,True
1.04,0.03,1.02,0.3,0.2,0.0,1.0,8.85,-25.86,True
1.04,0.03,1.02,0.3,0.2,0.25,0.75,8.86,-25.82,True
1.04,0.03,1.02,0.3,0.2,0.5,0.5,8.87,-25.8,True
1.04,0.03,1.02,0.3,0.2,0.75,0.25,8.88,-25.78,True
1.04,0.03,1.02,0.3,0.2,1.0,0.0,8.88,-25.77,True
1.04,0.03,1.02,0.3,0.3,0.0,1.0,10.48,-28.73,True
1.04,0.03,1.02,0.3,0.3,0.25,0.75,10.48,-28.69,True
1.04,0.03,1.02,0.3,0.3,0.5,0.5,10.49,-28.65,True
1.04,0.03,1.02,0.3,0.3,0.75,0.25,10.5,-28.61,True
1.04,0.03,1.02,0.3,0.3,1.0,0.0,10.51,-28.58,True
1.04,0.03,1.02,0.4,0.0,0.0,1.0,0.42,-5.08,True
1.04,0.03,1.02,0.4,0.0,0.25,0.75,0.47,-4.63,True
1.04,0.03,1.02,0.4,0.0,0.5,0.5,0.52,-4.19,True
1.04,0.03,1.02,0.4,0.0,0.75,0.25,0.57,-3.75,True
1.04,0.03,1.02,0.4,0.0,1.0,0.0,0.61,-3.3,True
1.04,0.03,1.02,0.4,0.1,0.0,1.0,6.32,-20.33,True
1.04,0.03,1.02,0.4,0.1,0.25,0.75,6.34,-20.32,True
1.04,0.03,1.02,0.4,0.1,0.5,0.5,6.35,-20.31,True
1.04,0.03,1.02,0.4,0.1,0.75,0.25,6.36,-20.3,True
1.04,0.03,1.02,0.4,0.1,1.0,0.0,6.37,-20.3,True
1.04,0.03,1.02,0.4,0.2,0.0,1.0,8.81,-26.18,True
1.04,0.03,1.02,0.4,0.2,0.25,0.75,8.83,-26.11,True
1.04,0.03,1.02,0.4,0.2,0.5,0.5,8.84,-26.05,True
1.04,0.03,1.02,0.4,0.2,0.75,0.25,8.85,-26.0,True
1.04,0.03,1.02,0.4,0.2,1.0,0.0,8.87,-25.95,True
1.04,0.03,1.02,0.4,0.3,0.0,1.0,10.48,-28.73,True
1.04,0.03,1.02,0.4,0.3,0.25,0.75,10.48,-28.68,True
1.04,0.03,1.02,0.4,0.3,0.5,0.5,10.49,-28.63,True
1.04,0.03,1.02,0.4,0.3,0.75,0.25,10.5,-28.59,True
1.04,0.03,1.02,0.4,0.3,1.0,0.0,10.51,-28.55,True
1.05,0.005,0.95,0.1,0.0,0.0,1.0,17.08,-39.23,True
1.05,0.005,0.95,0.1,0.0,0.25,0.75,16.35,-36.44,True
1.05,0.005,0.95,0.1,0.0,0.5,0.5,15.54,-33.58,True
1.05,0.005,0.95,0.1,0.0,0.75,0.25,14.65,-30.67,True
1.05,0.005,0.95,0.1,0.0,1.0,0.0,13.66,-27.69,True
1.05,0.005,0.95,0.1,0.1,0.0,1.0,17.45,-32.35,True
1.05,0.005,0.95,0.1,0.1,0.25,0.75,16.76,-29.9,True
1.05,0.005,0.95,0.1,0.1,0.5,0.5,16.01,-27.39,True
1.05,0.005,0.95,0.1,0.1,0.75,0.25,15.19,-24.82,True
1.05,0.005,0.95,0.1,0.1,1.0,0.0,14.3,-22.19,True
1.05,0.005,0.95,0.1,0.2,0.0,1.0,17.67,-28.28,True
1.05,0.005,0.95,0.1,0.2,0.25,0.75,17.02,-27.09,True
1.05,0.005,0.95,0.1,0.2,0.5,0.5,16.32,-25.71,True
1.05,0.005,0.95,0.1,0.2,0.75,0.25,15.57,-24.08,True
1.05,0.005,0.95,0.1,0.2,1.0,0.0,14.77,-22.15,True
1.05,0.005,0.95,0.1,0.3,0.0,1.0,17.84,-28.57,True
1.05,0.005,0.95,0.1,0.3,0.25,0.75,17.21,-27.52,True
1.05,0.005,0.95,0.1,0.3,0.5,0.5,16.55,-26.32,True
1.05,0.005,0.95,0.1,0.3,0.75,0.25,15.86,-24.95,True
1.05,0.005,0.95,0.1,0.3,1.0,0.0,15.14,-23.4,True
1.05,0.005,0.95,0.2,0.0,0.0,1.0,19.62,-32.57,True
1.05,0.005,0.95,0.2,0.0,0.25,0.75,18.72,-30.1,True
1.05,0.005,0.95,0.2,0.0,0.5,0.5,17.75,-27.59,True
1.05,0.005,0.95,0.2,0.0,0.75,0.25,16.67,-25.03,True
1.05,0.005,0.95,0.2,0.0,1.0,0.0,15.5,-22.42,True
1.05,0.005,0.95,0.2,0.1,0.0,1.0,19.54,-27.91,True
1.05,0.005,0.95,0.2,0.1,0.25,0.75,18.69,-26.6,True
1.05,0.005,0.95,0.2,0.1,0.5,0.5,17.77,-25.0,True
1.05,0.005,0.95,0.2,0.1,0.75,0.25,16.78,-23.04,True
1.05,0.005,0.95,0.2,0.1,1.0,0.0,15.71,-20.56,True
1.05,0.005,0.95,0.2,0.2,0.0,1.0,19.37,-28.18,True
1.05,0.005,0.95,0.2,0.2,0.25,0.75,18.57,-26.98,True
1.05,0.005,0.95,0.2,0.2,0.5,0.5,17.72,-25.56,True
1.05,0.005,0.95,0.2,0.2,0.75,0.25,16.82,-23.87,True
1.05,0.005,0.95,0.2,0.2,1.0,0.0,15.86,-21.82,True
1.05,0.005,0.95,0.2,0.3,0.0,1.0,19.03,-28.5,True
1.05,0.005,0.95,0.2,0.3,0.25,0.75,18.31,-27.44,True
1.05,0.005,0.95,0.2,0.3,0.5,0.5,17.53,-26.21,True
1.05,0.005,0.95,0.2,0.3,0.75,0.25,16.71,-24.8,True
1.05,0.005,0.95,0.2,0.3,1.0,0.0,15.85,-23.19,True
1.05,0.005,0.95,0.3,0.0,0.0,1.0,20.1,-27.68,True
1.05,0.005,0.95,0.3,0.0,0.25,0.75,19.19,-26.26,True
1.05,0.005,0.95,0.3,0.0,0.5,0.5,18.2,-24.49,True
1.05,0.005,0.95,0.3,0.0,0.75,0.25,17.11,-22.25,True
1.05,0.005,0.95,0.3,0.0,1.0,0.0,15.9,-19.3,True
1.05,0.005,0.95,0.3,0.1,0.0,1.0,19.72,-27.93,True
1.05,0.005,0.95,0.3,0.1,0.25,0.75,18.87,-26.62,True
1.05,0.005,0.95,0.3,0.1,0.5,0.5,17.95,-25.03,True
1.05,0.005,0.95,0.3,0.1,0.75,0.25,16.96,-23.07,True
1.05,0.005,0.95,0.3,0.1,1.0,0.0,15.88,-20.59,True
1.05,0.005,0.95,0.3,0.2,0.0,1.0,19.39,-28.22,True
1.05,0.005,0.95,0.3,0.2,0.25,0.75,18.6,-27.04,True
1.05,0.005,0.95,0.3,0.2,0.5,0.5,17.75,-25.63,True
1.05,0.005,0.95,0.3,0.2,0.75,0.25,16.84,-23.96,True
1.05,0.005,0.95,0.3,0.2,1.0,0.0,15.88,-21.93,True
1.05,0.005,0.95,0.3,0.3,0.0,1.0,19.05,-28.56,True
1.05,0.005,0.95,0.3,0.3,0.25,0.75,18.32,-27.51,True
1.05,0.005,0.95,0.3,0.3,0.5,0.5,17.55,-26.3,True
1.05,0.005,0.95,0.3,0.3,0.75,0.25,16.74,-24.91,True
1.05,0.005,0.95,0.3,0.3,1.0,0.0,15.9,-23.31,True
1.05,0.005,0.95,0.4,0.0,0.0,1.0,20.06,-28.39,True
1.05,0.005,0.95,0.4,0.0,0.25,0.75,19.18,-26.26,True
1.05,0.005,0.95,0.4,0.0,0.5,0.5,18.2,-24.49,True
1.05,0.005,0.95,0.4,0.0,0.75,0.25,17.13,-22.25,True
1.05,0.005,0.95,0.4,0.0,1.0,0.0,15.94,-19.3,True
1.05,0.005,0.95,0.4,0.1,0.0,1.0,19.74,-27.94,True
1.05,0.005,0.95,0.4,0.1,0.25,0.75,18.91,-26.64,True
1.05,0.005,0.95,0.4,0.1,0.5,0.5,18.0,-25.05,True
1.05,0.005,0.95,0.4,0.1,0.75,0.25,17.01,-23.09,True
1.05,0.005,0.95,0.4,0.1,1.0,0.0,15.95,-20.62,True
1.05,0.005,0.95,0.4,0.2,0.0,1.0,19.36,-28.25,True
1.05,0.005,0.95,0.4,0.2,0.25,0.75,18.61,-27.07,True
1.05,0.005,0.95,0.4,0.2,0.5,0.5,17.8,-25.67,True
1.05,0.005,0.95,0.4,0.2,0.75,0.25,16.92,-23.99,True
1.05,0.005,0.95,0.4,0.2,1.0,0.0,15.99,-21.96,True
1.05,0.005,0.95,0.4,0.3,0.0,1.0,19.03,-28.61,True
1.05,0.005,0.95,0.4,0.3,0.25,0.75,18.35,-27.56,True
1.05,0.005,0.95,0.4,0.3,0.5,0.5,17.6,-26.35,True
1.05,0.005,0.95,0.4,0.3,0.75,0.25,16.8,-24.96,True
1.05,0.005,0.95,0.4,0.3,1.0,0.0,15.96,-23.34,True
1.05,0.005,0.97,0.1,0.0,0.0,1.0,13.04,-33.43,True
1.05,0.005,0.97,0.1,0.0,0.25,0.75,12.58,-30.96,True
1.05,0.005,0.97,0.1,0.0,0.5,0.5,12.05,-28.45,True
1.05,0.005,0.97,0.1,0.0,0.75,0.25,11.44,-25.89,True
1.05,0.005,0.97,0.1,0.0,1.0,0.0,10.75,-23.28,True
1.05,0.005,0.97,0.1,0.1,0.0,1.0,14.18,-26.41,True
1.05,0.005,0.97,0.1,0.1,0.25,0.75,13.72,-24.35,True
1.05,0.005,0.97,0.1,0.1,0.5,0.5,13.23,-22.23,True
1.05,0.005,0.97,0.1,0.1,0.75,0.25,12.68,-20.16,True
1.05,0.005,0.97,0.1,0.1,1.0,0.0,12.07,-18.57,True
1.05,0.005,0.97,0.1,0.2,0.0,1.0,14.83,-24.56,True
1.05,0.005,0.97,0.1,0.2,0.25,0.75,14.43,-23.86,True
1.05,0.005,0.97,0.1,0.2,0.5,0.5,13.98,-23.06,True
1.05,0.005,0.97,0.1,0.2,0.75,0.25,13.5,-22.14,True
1.05,0.005,0.97,0.1,0.2,1.0,0.0,12.98,-21.07,True
1.05,0.005,0.97,0.1,0.3,0.0,1.0,15.34,-25.55,True
1.05,0.005,0.97,0.1,0.3,0.25,0.75,14.96,-25.03,True
1.05,0.005,0.97,0.1,0.3,0.5,0.5,14.55,-24.46,True
1.05,0.005,0.97,0.1,0.3,0.75,0.25,14.12,-23.82,True
1.05,0.005,0.97,0.1,0.3,1.0,0.0,13.67,-23.12,True
1.05,0.005,0.97,0.2,0.0,0.0,1.0,16.14,-28.73,True
1.05,0.005,0.97,0.2,0.0,0.25,0.75,15.48,-26.53,True
1.05,0.005,0.97,0.2,0.0,0.5,0.5,14.74,-24.29,True
1.05,0.005,0.97,0.2,0.0,0.75,0.25,13.92,-22.01,True
1.05,0.005,0.97,0.2,0.0,1.0,0.0,13.01,-19.69,True
1.05,0.005,0.97,0.2,0.1,0.0,1.0,16.7,-23.04,True
1.05,0.005,0.97,0.2,0.1,0.25,0.75,16.08,-22.09,True
1.05,0.005,0.97,0.2,0.1,0.5,0.5,15.39,-20.95,True
1.05,0.005,0.97,0.2,0.1,0.75,0.25,14.64,-19.55,True
1.05,0.005,0.97,0.2,0.1,1.0,0.0,13.83,-17.82,True
1.05,0.005,0.97,0.2,0.2,0.0,1.0,17.04,-23.95,True
1.05,0.005,0.97,0.2,0.2,0.25,0.75,16.46,-23.18,True
1.05,0.005,0.97,0.2,0.2,0.5,0.5,15.83,-22.3,True
1.05,0.005,0.97,0.2,0.2,0.75,0.25,15.13,-21.26,True
1.05,0.005,0.97,0.2,0.2,1.0,0.0,14.38,-20.03,True
1.05,0.005,0.97,0.2,0.3,0.0,1.0,17.16,-24.87,True
1.05,0.005,0.97,0.2,0.3,0.25,0.75,16.6,-24.27,True
1.05,0.005,0.97,0.2,0.3,0.5,0.5,16.0,-23.61,True
1.05,0.005,0.97,0.2,0.3,0.75,0.25,15.38,-22.86,True
1.05,0.005,0.97,0.2,0.3,1.0,0.0,14.73,-22.03,True
1.05,0.005,0.97,0.3,0.0,0.0,1.0,17.6,-24.08,True
1.05,0.005,0.97,0.3,0.0,0.25,0.75,16.84,-22.12,True
1.05,0.005,0.97,0.3,0.0,0.5,0.5,16.01,-20.14,True
1.05,0.005,0.97,0.3,0.0,0.75,0.25,15.09,-18.13,True
1.05,0.005,0.97,0.3,0.0,1.0,0.0,14.06,-16.09,True
1.05,0.005,0.97,0.3,0.1,0.0,1.0,17.6,-22.96,True
1.05,0.005,0.97,0.3,0.1,0.25,0.75,16.9,-21.99,True
1.05,0.005,0.97,0.3,0.1,0.5,0.5,16.14,-20.82,True
1.05,0.005,0.97,0.3,0.1,0.75,0.25,15.31,-19.4,True
1.05,0.005,0.97,0.3,0.1,1.0,0.0,14.41,-17.63,True
1.05,0.005,0.97,0.3,0.2,0.0,1.0,17.52,-23.88,True
1.05,0.005,0.97,0.3,0.2,0.25,0.75,16.89,-23.1,True
1.05,0.005,0.97,0.3,0.2,0.5,0.5,16.2,-22.19,True
1.05,0.005,0.97,0.3,0.2,0.75,0.25,15.47,-21.13,True
1.05,0.005,0.97,0.3,0.2,1.0,0.0,14.69,-19.87,True
1.05,0.005,0.97,0.3,0.3,0.0,1.0,17.47,-24.82,True
1.05,0.005,0.97,0.3,0.3,0.25,0.75,16.89,-24.21,True
1.05,0.005,0.97,0.3,0.3,0.5,0.5,16.28,-23.52,True
1.05,0.005,0.97,0.3,0.3,0.75,0.25,15.65,-22.75,True
1.05,0.005,0.97,0.3,0.3,1.0,0.0,14.99,-21.87,True
1.05,0.005,0.97,0.4,0.0,0.0,1.0,17.99,-22.45,True
1.05,0.005,0.97,0.4,0.0,0.25,0.75,17.22,-20.88,True
1.05,0.005,0.97,0.4,0.0,0.5,0.5,16.37,-19.43,True
1.05,0.005,0.97,0.4,0.0,0.75,0.25,15.42,-17.58,True
1.05,0.005,0.97,0.4,0.0,1.0,0.0,14.38,-15.15,True
1.05,0.005,0.97,0.4,0.1,0.0,1.0,17.93,-22.94,True
1.05,0.005,0.97,0.4,0.1,0.25,0.75,17.22,-21.96,True
1.05,0.005,0.97,0.4,0.1,0.5,0.5,16.44,-20.79,True
1.05,0.005,0.97,0.4,0.1,0.75,0.25,15.6,-19.36,True
1.05,0.005,0.97,0.4,0.1,1.0,0.0,14.68,-17.57,True
1.05,0.005,0.97,0.4,0.2,0.0,1.0,17.98,-23.8,True
1.05,0.005,0.97,0.4,0.2,0.25,0.75,17.32,-23.0,True
1.05,0.005,0.97,0.4,0.2,0.5,0.5,16.61,-22.07,True
1.05,0.005,0.97,0.4,0.2,0.75,0.25,15.84,-20.98,True
1.05,0.005,0.97,0.4,0.2,1.0,0.0,15.02,-19.68,True
1.05,0.005,0.97,0.4,0.3,0.0,1.0,17.97,-24.66,True
1.05,0.005,0.97,0.4,0.3,0.25,0.75,17.35,-24.03,True
1.05,0.005,0.97,0.4,0.3,0.5,0.5,16.69,-23.31,True
1.05,0.005,0.97,0.4,0.3,0.75,0.25,15.99,-22.51,True
1.05,0.005,0.97,0.4,0.3,1.0,0.0,15.26,-21.6,True
1.05,0.005,0.99,0.1,0.0,0.0,1.0,7.58,-27.44,True
1.05,0.005,0.99,0.1,0.0,0.25,0.75,7.39,-25.38,True
1.05,0.005,0.99,0.1,0.0,0.5,0.5,7.16,-23.29,True
1.05,0.005,0.99,0.1,0.0,0.75,0.25,6.87,-21.17,True
1.05,0.005,0.99,0.1,0.0,1.0,0.0,6.54,-19.02,True
1.05,0.005,0.99,0.1,0.1,0.0,1.0,10.29,-22.99,True
1.05,0.005,0.99,0.1,0.1,0.25,0.75,10.12,-21.17,True
1.05,0.005,0.99,0.1,0.1,0.5,0.5,9.91,-20.03,True
1.05,0.005,0.99,0.1,0.1,0.75,0.25,9.68,-19.37,True
1.05,0.005,0.99,0.1,0.1,1.0,0.0,9.41,-18.8,True
1.05,0.005,0.99,0.1,0.2,0.0,1.0,11.75,-23.98,True
1.05,0.005,0.99,0.1,0.2,0.25,0.75,11.61,-23.48,True
1.05,0.005,0.99,0.1,0.2,0.5,0.5,11.44,-23.05,True
1.05,0.005,0.99,0.1,0.2,0.75,0.25,11.24,-22.69,True
1.05,0.005,0.99,0.1,0.2,1.0,0.0,11.03,-22.44,True
1.05,0.005,0.99,0.1,0.3,0.0,1.0,12.78,-25.76,True
1.05,0.005,0.99,0.1,0.3,0.25,0.75,12.66,-25.41,True
1.05,0.005,0.99,0.1,0.3,0.5,0.5,12.53,-25.14,True
1.05,0.005,0.99,0.1,0.3,0.75,0.25,12.37,-24.96,True
1.05,0.005,0.99,0.1,0.3,1.0,0.0,12.18,-24.91,True
1.05,0.005,0.99,0.2,0.0,0.0,1.0,10.51,-30.94,True
1.05,0.005,0.99,0.2,0.0,0.25,0.75,10.16,-28.64,True
1.05,0.005,0.99,0.2,0.0,0.5,0.5,9.74,-26.29,True
1.05,0.005,0.99,0.2,0.0,0.75,0.25,9.27,-23.9,True
1.05,0.005,0.99,0.2,0.0,1.0,0.0,8.73,-21.45,True
1.05,0.005,0.99,0.2,0.1,0.0,1.0,12.16,-28.65,True
1.05,0.005,0.99,0.2,0.1,0.25,0.75,11.84,-26.45,True
1.05,0.005,0.99,0.2,0.1,0.5,0.5,11.49,-24.21,True
1.05,0.005,0.99,0.2,0.1,0.75,0.25,11.1,-21.92,True
1.05,0.005,0.99,0.2,0.1,1.0,0.0,10.67,-19.6,True
1.05,0.005,0.99,0.2,0.2,0.0,1.0,12.93,-26.2,True
1.05,0.005,0.99,0.2,0.2,0.25,0.75,12.68,-24.11,True
1.05,0.005,0.99,0.2,0.2,0.5,0.5,12.4,-21.99,True
1.05,0.005,0.99,0.2,0.2,0.75,0.25,12.09,-21.53,True
1.05,0.005,0.99,0.2,0.2,1.0,0.0,11.76,-21.31,True
1.05,0.005,0.99,0.2,0.3,0.0,1.0,13.56,-24.79,True
1.05,0.005,0.99,0.2,0.3,0.25,0.75,13.37,-24.43,True
1.05,0.005,0.99,0.2,0.3,0.5,0.5,13.15,-24.15,True
1.05,0.005,0.99,0.2,0.3,0.75,0.25,12.91,-23.98,True
1.05,0.005,0.99,0.2,0.3,1.0,0.0,12.66,-23.92,True
1.05,0.005,0.99,0.3,0.0,0.0,1.0,11.96,-33.34,True
1.05,0.005,0.99,0.3,0.0,0.25,0.75,11.52,-30.9,True
1.05,0.005,0.99,0.3,0.0,0.5,0.5,11.01,-28.39,True
1.05,0.005,0.99,0.3,0.0,0.75,0.25,10.45,-25.82,True
1.05,0.005,0.99,0.3,0.0,1.0,0.0,9.81,-23.19,True
1.05,0.005,0.99,0.3,0.1,0.0,1.0,12.73,-30.73,True
1.05,0.005,0.99,0.3,0.1,0.25,0.75,12.39,-28.39,True
1.05,0.005,0.99,0.3,0.1,0.5,0.5,12.0,-26.01,True
1.05,0.005,0.99,0.3,0.1,0.75,0.25,11.58,-23.57,True
1.05,0.005,0.99,0.3,0.1,1.0,0.0,11.11,-21.08,True
1.05,0.005,0.99,0.3,0.2,0.0,1.0,13.29,-28.08,True
1.05,0.005,0.99,0.3,0.2,0.25,0.75,13.03,-25.87,True
1.05,0.005,0.99,0.3,0.2,0.5,0.5,12.73,-23.62,True
1.05,0.005,0.99,0.3,0.2,0.75,0.25,12.39,-21.4,True
1.05,0.005,0.99,0.3,0.2,1.0,0.0,12.02,-21.16,True
1.05,0.005,0.99,0.3,0.3,0.0,1.0,13.84,-26.22,True
1.05,0.005,0.99,0.3,0.3,0.25,0.75,13.59,-25.4,True
1.05,0.005,0.99,0.3,0.3,0.5,0.5,13.33,-24.59,True
1.05,0.005,0.99,0.3,0.3,0.75,0.25,13.04,-23.97,True
1.05,0.005,0.99,0.3,0.3,1.0,0.0,12.74,-23.9,True
1.05,0.005,0.99,0.4,0.0,0.0,1.0,12.28,-35.16,True
1.05,0.005,0.99,0.4,0.0,0.25,0.75,11.83,-32.61,True
1.05,0.005,0.99,0.4,0.0,0.5,0.5,11.32,-29.98,True
1.05,0.005,0.99,0.4,0.0,0.75,0.25,10.74,-27.28,True
1.05,0.005,0.99,0.4,0.0,1.0,0.0,10.08,-24.5,True
1.05,0.005,0.99,0.4,0.1,0.0,1.0,12.88,-32.6,True
1.05,0.005,0.99,0.4,0.1,0.25,0.75,12.54,-30.16,True
1.05,0.005,0.99,0.4,0.1,0.5,0.5,12.15,-27.65,True
1.05,0.005,0.99,0.4,0.1,0.75,0.25,11.71,-25.08,True
1.05,0.005,0.99,0.4,0.1,1.0,0.0,11.22,-22.44,True
1.05,0.005,0.99,0.4,0.2,0.0,1.0,13.46,-29.66,True
1.05,0.005,0.99,0.4,0.2,0.25,0.75,13.17,-27.37,True
1.05,0.005,0.99,0.4,0.2,0.5,0.5,12.84,-25.01,True
1.05,0.005,0.99,0.4,0.2,0.75,0.25,12.48,-22.6,True
1.05,0.005,0.99,0.4,0.2,1.0,0.0,12.09,-21.1,True
1.05,0.005,0.99,0.4,0.3,0.0,1.0,13.99,-26.66,True
1.05,0.005,0.99,0.4,0.3,0.25,0.75,13.74,-25.81,True
1.05,0.005,0.99,0.4,0.3,0.5,0.5,13.46,-24.96,True
1.05,0.005,0.99,0.4,0.3,0.75,0.25,13.17,-24.11,True
1.05,0.005,0.99,0.4,0.3,1.0,0.0,12.85,-23.68,True
1.05,0.005,1.0,0.1,0.0,0.0,1.0,2.3,-23.92,True
1.05,0.005,1.0,0.1,0.0,0.25,0.75,2.46,-22.33,True
1.05,0.005,1.0,0.1,0.0,0.5,0.5,2.6,-20.74,True
1.05,0.005,1.0,0.1,0.0,0.75,0.25,2.72,-19.13,True
1.05,0.005,1.0,0.1,0.0,1.0,0.0,2.8,-17.52,True
1.05,0.005,1.0,0.1,0.1,0.0,1.0,7.8,-23.95,True
1.05,0.005,1.0,0.1,0.1,0.25,0.75,7.8,-23.31,True
1.05,0.005,1.0,0.1,0.1,0.5,0.5,7.78,-22.67,True
1.05,0.005,1.0,0.1,0.1,0.75,0.25,7.75,-22.06,True
1.05,0.005,1.0,0.1,0.1,1.0,0.0,7.71,-21.47,True
1.05,0.005,1.0,0.1,0.2,0.0,1.0,10.08,-26.62,True
1.05,0.005,1.0,0.1,0.2,0.25,0.75,10.07,-26.19,True
1.05,0.005,1.0,0.1,0.2,0.5,0.5,10.04,-25.79,True
1.05,0.005,1.0,0.1,0.2,0.75,0.25,9.99,-25.41,True
1.05,0.005,1.0,0.1,0.2,1.0,0.0,9.93,-25.08,True
1.05,0.005,1.0,0.1,0.3,0.0,1.0,11.44,-28.25,True
1.05,0.005,1.0,0.1,0.3,0.25,0.75,11.42,-27.97,True
1.05,0.005,1.0,0.1,0.3,0.5,0.5,11.39,-27.71,True
1.05,0.005,1.0,0.1,0.3,0.75,0.25,11.35,-27.49,True
1.05,0.005,1.0,0.1,0.3,1.0,0.0,11.3,-27.29,True
1.05,0.005,1.0,0.2,0.0,0.0,1.0,5.66,-28.11,True
1.05,0.005,1.0,0.2,0.0,0.25,0.75,5.65,-25.85,True
1.05,0.005,1.0,0.2,0.0,0.5,0.5,5.59,-23.48,True
1.05,0.005,1.0,0.2,0.0,0.75,0.25,5.5,-21.2,True
1.05,0.005,1.0,0.2,0.0,1.0,0.0,5.37,-18.98,True
1.05,0.005,1.0,0.2,0.1,0.0,1.0,9.03,-25.54,True
1.05,0.005,1.0,0.2,0.1,0.25,0.75,8.98,-23.53,True
1.05,0.005,1.0,0.2,0.1,0.5,0.5,8.9,-21.49,True
1.05,0.005,1.0,0.2,0.1,0.75,0.25,8.81,-20.25,True
1.05,0.005,1.0,0.2,0.1,1.0,0.0,8.68,-19.7,True
1.05,0.005,1.0,0.2,0.2,0.0,1.0,10.73,-25.02,True
1.05,0.005,1.0,0.2,0.2,0.25,0.75,10.67,-24.58,True
1.05,0.005,1.0,0.2,0.2,0.5,0.5,10.61,-24.19,True
1.05,0.005,1.0,0.2,0.2,0.75,0.25,10.53,-23.85,True
1.05,0.005,1.0,0.2,0.2,1.0,0.0,10.43,-23.59,True
1.05,0.005,1.0,0.2,0.3,0.0,1.0,11.97,-26.66,True
1.05,0.005,1.0,0.2,0.3,0.25,0.75,11.91,-26.37,True
1.05,0.005,1.0,0.2,0.3,0.5,0.5,11.85,-26.13,True
1.05,0.005,1.0,0.2,0.3,0.75,0.25,11.76,-25.95,True
1.05,0.005,1.0,0.2,0.3,1.0,0.0,11.66,-25.84,True
1.05,0.005,1.0,0.3,0.0,0.0,1.0,7.4,-30.0,True
1.05,0.005,1.0,0.3,0.0,0.25,0.75,7.28,-27.75,True
1.05,0.005,1.0,0.3,0.0,0.5,0.5,7.12,-25.44,True
1.05,0.005,1.0,0.3,0.0,0.75,0.25,6.91,-23.08,True
1.05,0.005,1.0,0.3,0.0,1.0,0.0,6.65,-20.67,True
1.05,0.005,1.0,0.3,0.1,0.0,1.0,9.86,-27.58,True
1.05,0.005,1.0,0.3,0.1,0.25,0.75,9.75,-25.44,True
1.05,0.005,1.0,0.3,0.1,0.5,0.5,9.62,-23.25,True
1.05,0.005,1.0,0.3,0.1,0.75,0.25,9.45,-21.01,True
1.05,0.005,1.0,0.3,0.1,1.0,0.0,9.26,-18.74,True
1.05,0.005,1.0,0.3,0.2,0.0,1.0,11.23,-25.16,True
1.05,0.005,1.0,0.3,0.2,0.25,0.75,11.13,-23.75,True
1.05,0.005,1.0,0.3,0.2,0.5,0.5,11.01,-23.36,True
1.05,0.005,1.0,0.3,0.2,0.75,0.25,10.87,-23.04,True
1.05,0.005,1.0,0.3,0.2,1.0,0.0,10.72,-22.8,True
1.05,0.005,1.0,0.3,0.3,0.0,1.0,12.26,-26.04,True
1.05,0.005,1.0,0.3,0.3,0.25,0.75,12.17,-25.75,True
1.05,0.005,1.0,0.3,0.3,0.5,0.5,12.07,-25.51,True
1.05,0.005,1.0,0.3,0.3,0.75,0.25,11.96,-25.33,True
1.05,0.005,1.0,0.3,0.3,1.0,0.0,11.84,-25.23,True
1.05,0.005,1.0,0.4,0.0,0.0,1.0,8.29,-31.77,True
1.05,0.005,1.0,0.4,0.0,0.25,0.75,8.11,-29.4,True
1.05,0.005,1.0,0.4,0.0,0.5,0.5,7.89,-26.97,True
1.05,0.005,1.0,0.4,0.0,0.75,0.25,7.61,-24.48,True
1.05,0.005,1.0,0.4,0.0,1.0,0.0,7.29,-21.92,True
1.05,0.005,1.0,0.4,0.1,0.0,1.0,10.24,-29.42,True
1.05,0.005,1.0,0.4,0.1,0.25,0.75,10.1,-27.16,True
1.05,0.005,1.0,0.4,0.1,0.5,0.5,9.93,-24.84,True
1.05,0.005,1.0,0.4,0.1,0.75,0.25,9.73,-22.47,True
1.05,0.005,1.0,0.4,0.1,1.0,0.0,9.5,-20.04,True
1.05,0.005,1.0,0.4,0.2,0.0,1.0,11.46,-26.77,True
1.05,0.005,1.0,0.4,0.2,0.25,0.75,11.35,-24.63,True
1.05,0.005,1.0,0.4,0.2,0.5,0.5,11.22,-22.93,True
1.05,0.005,1.0,0.4,0.2,0.75,0.25,11.06,-22.61,True
1.05,0.005,1.0,0.4,0.2,1.0,0.0,10.9,-22.36,True
1.05,0.005,1.0,0.4,0.3,0.0,1.0,12.38,-25.75,True
1.05,0.005,1.0,0.4,0.3,0.25,0.75,12.29,-25.45,True
1.05,0.005,1.0,0.4,0.3,0.5,0.5,12.17,-25.23,True
1.05,0.005,1.0,0.4,0.3,0.75,0.25,12.05,-25.07,True
1.05,0.005,1.0,0.4,0.3,1.0,0.0,11.91,-24.99,True
1.05,0.005,1.01,0.1,0.0,0.0,1.0,6.65,-18.77,True
1.05,0.005,1.01,0.1,0.0,0.25,0.75,6.43,-17.21,True
1.05,0.005,1.01,0.1,0.0,0.5,0.5,6.17,-15.64,True
1.05,0.005,1.01,0.1,0.0,0.75,0.25,5.9,-14.05,True
1.05,0.005,1.01,0.1,0.0,1.0,0.0,5.6,-12.47,True
1.05,0.005,1.01,0.1,0.1,0.0,1.0,9.38,-17.74,True
1.05,0.005,1.01,0.1,0.1,0.25,0.75,9.22,-16.29,True
1.05,0.005,1.01,0.1,0.1,0.5,0.5,9.05,-15.08,True
1.05,0.005,1.01,0.1,0.1,0.75,0.25,8.86,-15.22,True
1.05,0.005,1.01,0.1,0.1,1.0,0.0,8.67,-15.42,True
1.05,0.005,1.01,0.1,0.2,0.0,1.0,11.12,-20.2,True
1.05,0.005,1.01,0.1,0.2,0.25,0.75,10.99,-20.35,True
1.05,0.005,1.01,0.1,0.2,0.5,0.5,10.85,-20.53,True
1.05,0.005,1.01,0.1,0.2,0.75,0.25,10.69,-20.75,True
1.05,0.005,1.01,0.1,0.2,1.0,0.0,10.52,-21.03,True
1.05,0.005,1.01,0.1,0.3,0.0,1.0,12.29,-23.51,True
1.05,0.005,1.01,0.1,0.3,0.25,0.75,12.17,-23.66,True
1.05,0.005,1.01,0.1,0.3,0.5,0.5,12.06,-23.87,True
1.05,0.005,1.01,0.1,0.3,0.75,0.25,11.92,-24.11,True
1.05,0.005,1.01,0.1,0.3,1.0,0.0,11.77,-24.37,True
1.05,0.005,1.01,0.2,0.0,0.0,1.0,9.09,-25.18,True
1.05,0.005,1.01,0.2,0.0,0.25,0.75,8.75,-23.23,True
1.05,0.005,1.01,0.2,0.0,0.5,0.5,8.37,-21.26,True
1.05,0.005,1.01,0.2,0.0,0.75,0.25,7.95,-19.24,True
1.05,0.005,1.01,0.2,0.0,1.0,0.0,7.49,-17.2,True
1.05,0.005,1.01,0.2,0.1,0.0,1.0,10.99,-23.37,True
1.05,0.005,1.01,0.2,0.1,0.25,0.75,10.72,-21.5,True
1.05,0.005,1.01,0.2,0.1,0.5,0.5,10.43,-19.61,True
1.05,0.005,1.01,0.2,0.1,0.75,0.25,10.12,-17.68,True
1.05,0.005,1.01,0.2,0.1,1.0,0.0,9.79,-15.73,True
1.05,0.005,1.01,0.2,0.2,0.0,1.0,12.15,-21.45,True
1.05,0.005,1.01,0.2,0.2,0.25,0.75,11.92,-19.66,True
1.05,0.005,1.01,0.2,0.2,0.5,0.5,11.68,-19.3,True
1.05,0.005,1.01,0.2,0.2,0.75,0.25,11.43,-19.58,True
1.05,0.005,1.01,0.2,0.2,1.0,0.0,11.18,-19.96,True
1.05,0.005,1.01,0.2,0.3,0.0,1.0,12.95,-22.72,True
1.05,0.005,1.01,0.2,0.3,0.25,0.75,12.77,-22.89,True
1.05,0.005,1.01,0.2,0.3,0.5,0.5,12.58,-23.11,True
1.05,0.005,1.01,0.2,0.3,0.75,0.25,12.39,-23.37,True
1.05,0.005,1.01,0.2,0.3,1.0,0.0,12.17,-23.62,True
1.05,0.005,1.01,0.3,0.0,0.0,1.0,10.49,-27.3,True
1.05,0.005,1.01,0.3,0.0,0.25,0.75,10.07,-25.22,True
1.05,0.005,1.01,0.3,0.0,0.5,0.5,9.61,-23.09,True
1.05,0.005,1.01,0.3,0.0,0.75,0.25,9.1,-20.91,True
1.05,0.005,1.01,0.3,0.0,1.0,0.0,8.55,-18.69,True
1.05,0.005,1.01,0.3,0.1,0.0,1.0,11.75,-25.18,True
1.05,0.005,1.01,0.3,0.1,0.25,0.75,11.42,-23.18,True
1.05,0.005,1.01,0.3,0.1,0.5,0.5,11.07,-21.15,True
1.05,0.005,1.01,0.3,0.1,0.75,0.25,10.7,-19.07,True
1.05,0.005,1.01,0.3,0.1,1.0,0.0,10.3,-16.97,True
1.05,0.005,1.01,0.3,0.2,0.0,1.0,12.59,-23.04,True
1.05,0.005,1.01,0.3,0.2,0.25,0.75,12.33,-21.14,True
1.05,0.005,1.01,0.3,0.2,0.5,0.5,12.05,-19.87,True
1.05,0.005,1.01,0.3,0.2,0.75,0.25,11.75,-19.94,True
1.05,0.005,1.01,0.3,0.2,1.0,0.0,11.45,-20.11,True
1.05,0.005,1.01,0.3,0.3,0.0,1.0,13.27,-22.88,True
1.05,0.005,1.01,0.3,0.3,0.25,0.75,13.06,-22.84,True
1.05,0.005,1.01,0.3,0.3,0.5,0.5,12.83,-22.89,True
1.05,0.005,1.01,0.3,0.3,0.75,0.25,12.6,-23.02,True
1.05,0.005,1.01,0.3,0.3,1.0,0.0,12.37,-23.24,True
1.05,0.005,1.01,0.4,0.0,0.0,1.0,11.08,-28.8,True
1.05,0.005,1.01,0.4,0.0,0.25,0.75,10.64,-26.61,True
1.05,0.005,1.01,0.4,0.0,0.5,0.5,10.14,-24.38,True
1.05,0.005,1.01,0.4,0.0,0.75,0.25,9.6,-22.09,True
1.05,0.005,1.01,0.4,0.0,1.0,0.0,9.01,-19.74,True
1.05,0.005,1.01,0.4,0.1,0.0,1.0,12.07,-26.75,True
1.05,0.005,1.01,0.4,0.1,0.25,0.75,11.73,-24.65,True
1.05,0.005,1.01,0.4,0.1,0.5,0.5,11.35,-22.5,True
1.05,0.005,1.01,0.4,0.1,0.75,0.25,10.95,-20.31,True
1.05,0.005,1.01,0.4,0.1,1.0,0.0,10.52,-18.07,True
1.05,0.005,1.01,0.4,0.2,0.0,1.0,12.89,-24.6,True
1.05,0.005,1.01,0.4,0.2,0.25,0.75,12.61,-22.57,True
1.05,0.005,1.01,0.4,0.2,0.5,0.5,12.31,-20.52,True
1.05,0.005,1.01,0.4,0.2,0.75,0.25,11.99,-19.68,True
1.05,0.005,1.01,0.4,0.2,1.0,0.0,11.66,-19.81,True
1.05,0.005,1.01,0.4,0.3,0.0,1.0,13.56,-22.53,True
1.05,0.005,1.01,0.4,0.3,0.25,0.75,13.32,-22.48,True
1.05,0.005,1.01,0.4,0.3,0.5,0.5,13.07,-22.51,True
1.05,0.005,1.01,0.4,0.3,0.75,0.25,12.81,-22.64,True
1.05,0.005,1.01,0.4,0.3,1.0,0.0,12.55,-22.86,True
1.05,0.005,1.02,0.1,0.0,0.0,1.0,4.89,-19.08,True
1.05,0.005,1.02,0.1,0.0,0.25,0.75,4.76,-17.65,True
1.05,0.005,1.02,0.1,0.0,0.5,0.5,4.62,-16.16,True
1.05,0.005,1.02,0.1,0.0,0.75,0.25,4.46,-14.59,True
1.05,0.005,1.02,0.1,0.0,1.0,0.0,4.28,-12.95,True
1.05,0.005,1.02,0.1,0.1,0.0,1.0,8.67,-17.66,True
1.05,0.005,1.02,0.1,0.1,0.25,0.75,8.56,-17.55,True
1.05,0.005,1.02,0.1,0.1,0.5,0.5,8.44,-17.47,True
1.05,0.005,1.02,0.1,0.1,0.75,0.25,8.31,-17.42,True
1.05,0.005,1.02,0.1,0.1,1.0,0.0,8.18,-17.41,True
1.05,0.005,1.02,0.1,0.2,0.0,1.0,10.64,-22.91,True
1.05,0.005,1.02,0.1,0.2,0.25,0.75,10.54,-22.86,True
1.05,0.005,1.02,0.1,0.2,0.5,0.5,10.43,-22.85,True
1.05,0.005,1.02,0.1,0.2,0.75,0.25,10.31,-22.86,True
1.05,0.005,1.02,0.1,0.2,1.0,0.0,10.19,-22.91,True
1.05,0.005,1.02,0.1,0.3,0.0,1.0,12.04,-25.52,True
1.05,0.005,1.02,0.1,0.3,0.25,0.75,11.94,-25.52,True
1.05,0.005,1.02,0.1,0.3,0.5,0.5,11.83,-25.55,True
1.05,0.005,1.02,0.1,0.3,0.75,0.25,11.71,-25.61,True
1.05,0.005,1.02,0.1,0.3,1.0,0.0,11.59,-25.66,True
1.05,0.005,1.02,0.2,0.0,0.0,1.0,7.86,-25.18,True
1.05,0.005,1.02,0.2,0.0,0.25,0.75,7.59,-23.23,True
1.05,0.005,1.02,0.2,0.0,0.5,0.5,7.28,-21.26,True
1.05,0.005,1.02,0.2,0.0,0.75,0.25,6.95,-19.24,True
1.05,0.005,1.02,0.2,0.0,1.0,0.0,6.58,-17.2,True
1.05,0.005,1.02,0.2,0.1,0.0,1.0,10.38,-23.34,True
1.05,0.005,1.02,0.2,0.1,0.25,0.75,10.15,-21.48,True
1.05,0.005,1.02,0.2,0.1,0.5,0.5,9.9,-19.59,True
1.05,0.005,1.02,0.2,0.1,0.75,0.25,9.64,-17.67,True
1.05,0.005,1.02,0.2,0.1,1.0,0.0,9.36,-16.91,True
1.05,0.005,1.02,0.2,0.2,0.0,1.0,11.82,-21.88,True
1.05,0.005,1.02,0.2,0.2,0.25,0.75,11.62,-21.72,True
1.05,0.005,1.02,0.2,0.2,0.5,0.5,11.4,-21.6,True
1.05,0.005,1.02,0.2,0.2,0.75,0.25,11.18,-21.54,True
1.05,0.005,1.02,0.2,0.2,1.0,0.0,10.94,-21.53,True
1.05,0.005,1.02,0.2,0.3,0.0,1.0,12.73,-24.47,True
1.05,0.005,1.02,0.2,0.3,0.25,0.75,12.56,-24.37,True
1.05,0.005,1.02,0.2,0.3,0.5,0.5,12.38,-24.32,True
1.05,0.005,1.02,0.2,0.3,0.75,0.25,12.19,-24.33,True
1.05,0.005,1.02,0.2,0.3,1.0,0.0,12.0,-24.4,True
1.05,0.005,1.02,0.3,0.0,0.0,1.0,9.13,-27.3,True
1.05,0.005,1.02,0.3,0.0,0.25,0.75,8.79,-25.22,True
1.05,0.005,1.02,0.3,0.0,0.5,0.5,8.41,-23.09,True
1.05,0.005,1.02,0.3,0.0,0.75,0.25,8.0,-20.91,True
1.05,0.005,1.02,0.3,0.0,1.0,0.0,7.55,-18.69,True
1.05,0.005,1.02,0.3,0.1,0.0,1.0,11.04,-25.13,True
1.05,0.005,1.02,0.3,0.1,0.25,0.75,10.76,-23.14,True
1.05,0.005,1.02,0.3,0.1,0.5,0.5,10.46,-21.11,True
1.05,0.005,1.02,0.3,0.1,0.75,0.25,10.15,-19.05,True
1.05,0.005,1.02,0.3,0.1,1.0,0.0,9.82,-16.95,True
1.05,0.005,1.02,0.3,0.2,0.0,1.0,12.08,-22.96,True
1.05,0.005,1.02,0.3,0.2,0.25,0.75,11.86,-21.46,True
1.05,0.005,1.02,0.3,0.2,0.5,0.5,11.63,-21.28,True
1.05,0.005,1.02,0.3,0.2,0.75,0.25,11.38,-21.17,True
1.05,0.005,1.02,0.3,0.2,1.0,0.0,11.12,-21.14,True
1.05,0.005,1.02,0.3,0.3,0.0,1.0,12.87,-24.03,True
1.05,0.005,1.02,0.3,0.3,0.25,0.75,12.69,-23.91,True
1.05,0.005,1.02,0.3,0.3,0.5,0.5,12.5,-23.84,True
1.05,0.005,1.02,0.3,0.3,0.75,0.25,12.31,-23.83,True
1.05,0.005,1.02,0.3,0.3,1.0,0.0,12.12,-23.89,True
1.05,0.005,1.02,0.4,0.0,0.0,1.0,9.73,-28.8,True
1.05,0.005,1.02,0.4,0.0,0.25,0.75,9.36,-26.61,True
1.05,0.005,1.02,0.4,0.0,0.5,0.5,8.96,-24.38,True
1.05,0.005,1.02,0.4,0.0,0.75,0.25,8.51,-22.09,True
1.05,0.005,1.02,0.4,0.0,1.0,0.0,8.03,-19.74,True
1.05,0.005,1.02,0.4,0.1,0.0,1.0,11.25,-26.72,True
1.05,0.005,1.02,0.4,0.1,0.25,0.75,10.96,-24.62,True
1.05,0.005,1.02,0.4,0.1,0.5,0.5,10.65,-22.48,True
1.05,0.005,1.02,0.4,0.1,0.75,0.25,10.32,-20.3,True
1.05,0.005,1.02,0.4,0.1,1.0,0.0,9.97,-18.06,True
1.05,0.005,1.02,0.4,0.2,0.0,1.0,12.19,-24.53,True
1.05,0.005,1.02,0.4,0.2,0.25,0.75,11.96,-22.52,True
1.05,0.005,1.02,0.4,0.2,0.5,0.5,11.72,-20.95,True
1.05,0.005,1.02,0.4,0.2,0.75,0.25,11.47,-20.82,True
1.05,0.005,1.02,0.4,0.2,1.0,0.0,11.22,-20.77,True
1.05,0.005,1.02,0.4,0.3,0.0,1.0,12.86,-23.82,True
1.05,0.005,1.02,0.4,0.3,0.25,0.75,12.7,-23.67,True
1.05,0.005,1.02,0.4,0.3,0.5,0.5,12.53,-23.58,True
1.05,0.005,1.02,0.4,0.3,0.75,0.25,12.32,-23.6,True
1.05,0.005,1.02,0.4,0.3,1.0,0.0,12.11,-23.72,True
1.05,0.01,0.95,0.1,0.0,0.0,1.0,13.1,-27.68,True
1.05,0.01,0.95,0.1,0.0,0.25,0.75,12.58,-26.21,True
1.05,0.01,0.95,0.1,0.0,0.5,0.5,11.99,-24.42,True
1.05,0.01,0.95,0.1,0.0,0.75,0.25,11.34,-22.18,True
1.05,0.01,0.95,0.1,0.0,1.0,0.0,10.62,-19.3,True
1.05,0.01,0.95,0.1,0.1,0.0,1.0,14.12,-28.04,True
1.05,0.01,0.95,0.1,0.1,0.25,0.75,13.68,-26.75,True
1.05,0.01,0.95,0.1,0.1,0.5,0.5,13.19,-25.22,True
1.05,0.01,0.95,0.1,0.1,0.75,0.25,12.65,-23.36,True
1.05,0.01,0.95,0.1,0.1,1.0,0.0,12.07,-21.08,True
1.05,0.01,0.95,0.1,0.2,0.0,1.0,14.78,-28.39,True
1.05,0.01,0.95,0.1,0.2,0.25,0.75,14.4,-27.25,True
1.05,0.01,0.95,0.1,0.2,0.5,0.5,13.97,-25.94,True
1.05,0.01,0.95,0.1,0.2,0.75,0.25,13.52,-24.4,True
1.05,0.01,0.95,0.1,0.2,1.0,0.0,13.04,-22.58,True
1.05,0.01,0.95,0.1,0.3,0.0,1.0,15.31,-28.73,True
1.05,0.01,0.95,0.1,0.3,0.25,0.75,14.97,-27.75,True
1.05,0.01,0.95,0.1,0.3,0.5,0.5,14.61,-26.63,True
1.05,0.01,0.95,0.1,0.3,0.75,0.25,14.22,-25.36,True
1.05,0.01,0.95,0.1,0.3,1.0,0.0,13.8,-23.95,True
1.05,0.01,0.95,0.2,0.0,0.0,1.0,16.54,-38.6,True
1.05,0.01,0.95,0.2,0.0,0.25,0.75,15.85,-35.83,True
1.05,0.01,0.95,0.2,0.0,0.5,0.5,15.07,-33.0,True
1.05,0.01,0.95,0.2,0.0,0.75,0.25,14.21,-30.11,True
1.05,0.01,0.95,0.2,0.0,1.0,0.0,13.25,-27.17,True
1.05,0.01,0.95,0.2,0.1,0.0,1.0,17.06,-31.94,True
1.05,0.01,0.95,0.2,0.1,0.25,0.75,16.41,-29.49,True
1.05,0.01,0.95,0.2,0.1,0.5,0.5,15.7,-26.99,True
1.05,0.01,0.95,0.2,0.1,0.75,0.25,14.92,-24.42,True
1.05,0.01,0.95,0.2,0.1,1.0,0.0,14.08,-21.8,True
1.05,0.01,0.95,0.2,0.2,0.0,1.0,17.45,-28.22,True
1.05,0.01,0.95,0.2,0.2,0.25,0.75,16.84,-27.04,True
1.05,0.01,0.95,0.2,0.2,0.5,0.5,16.18,-25.65,True
1.05,0.01,0.95,0.2,0.2,0.75,0.25,15.47,-24.0,True
1.05,0.01,0.95,0.2,0.2,1.0,0.0,14.7,-22.01,True
1.05,0.01,0.95,0.2,0.3,0.0,1.0,17.66,-28.5,True
1.05,0.01,0.95,0.2,0.3,0.25,0.75,17.1,-27.44,True
1.05,0.01,0.95,0.2,0.3,0.5,0.5,16.48,-26.22,True
1.05,0.01,0.95,0.2,0.3,0.75,0.25,15.82,-24.83,True
1.05,0.01,0.95,0.2,0.3,1.0,0.0,15.12,-23.24,True
1.05,0.01,0.95,0.3,0.0,0.0,1.0,18.36,-36.02,True
1.05,0.01,0.95,0.3,0.0,0.25,0.75,17.56,-33.36,True
1.05,0.01,0.95,0.3,0.0,0.5,0.5,16.67,-30.65,True
1.05,0.01,0.95,0.3,0.0,0.75,0.25,15.68,-27.89,True
1.05,0.01,0.95,0.3,0.0,1.0,0.0,14.59,-25.08,True
1.05,0.01,0.95,0.3,0.1,0.0,1.0,18.45,-29.16,True
1.05,0.01,0.95,0.3,0.1,0.25,0.75,17.7,-26.86,True
1.05,0.01,0.95,0.3,0.1,0.5,0.5,16.87,-25.03,True
1.05,0.01,0.95,0.3,0.1,0.75,0.25,15.98,-23.07,True
1.05,0.01,0.95,0.3,0.1,1.0,0.0,15.0,-20.61,True
1.05,0.01,0.95,0.3,0.2,0.0,1.0,18.29,-28.2,True
1.05,0.01,0.95,0.3,0.2,0.25,0.75,17.59,-27.02,True
1.05,0.01,0.95,0.3,0.2,0.5,0.5,16.83,-25.62,True
1.05,0.01,0.95,0.3,0.2,0.75,0.25,16.01,-23.95,True
1.05,0.01,0.95,0.3,0.2,1.0,0.0,15.14,-21.94,True
1.05,0.01,0.95,0.3,0.3,0.0,1.0,18.0,-28.54,True
1.05,0.01,0.95,0.3,0.3,0.25,0.75,17.37,-27.49,True
1.05,0.01,0.95,0.3,0.3,0.5,0.5,16.71,-26.28,True
1.05,0.01,0.95,0.3,0.3,0.75,0.25,16.01,-24.9,True
1.05,0.01,0.95,0.3,0.3,1.0,0.0,15.27,-23.32,True
1.05,0.01,0.95,0.4,0.0,0.0,1.0,18.71,-33.72,True
1.05,0.01,0.95,0.4,0.0,0.25,0.75,17.9,-31.16,True
1.05,0.01,0.95,0.4,0.0,0.5,0.5,17.0,-28.56,True
1.05,0.01,0.95,0.4,0.0,0.75,0.25,16.0,-25.91,True
1.05,0.01,0.95,0.4,0.0,1.0,0.0,14.89,-23.22,True
1.05,0.01,0.95,0.4,0.1,0.0,1.0,18.47,-27.94,True
1.05,0.01,0.95,0.4,0.1,0.25,0.75,17.72,-26.63,True
1.05,0.01,0.95,0.4,0.1,0.5,0.5,16.9,-25.04,True
1.05,0.01,0.95,0.4,0.1,0.75,0.25,16.01,-23.09,True
1.05,0.01,0.95,0.4,0.1,1.0,0.0,15.03,-20.64,True
1.05,0.01,0.95,0.4,0.2,0.0,1.0,18.18,-28.24,True
1.05,0.01,0.95,0.4,0.2,0.25,0.75,17.51,-27.06,True
1.05,0.01,0.95,0.4,0.2,0.5,0.5,16.78,-25.67,True
1.05,0.01,0.95,0.4,0.2,0.75,0.25,15.99,-24.01,True
1.05,0.01,0.95,0.4,0.2,1.0,0.0,15.14,-22.02,True
1.05,0.01,0.95,0.4,0.3,0.0,1.0,17.95,-28.58,True
1.05,0.01,0.95,0.4,0.3,0.25,0.75,17.35,-27.54,True
1.05,0.01,0.95,0.4,0.3,0.5,0.5,16.7,-26.35,True
1.05,0.01,0.95,0.4,0.3,0.75,0.25,16.0,-24.98,True
1.05,0.01,0.95,0.4,0.3,1.0,0.0,15.27,-23.42,True
1.05,0.01,0.97,0.1,0.0,0.0,1.0,7.88,-24.36,True
1.05,0.01,0.97,0.1,0.0,0.25,0.75,7.71,-22.15,True
1.05,0.01,0.97,0.1,0.0,0.5,0.5,7.48,-19.9,True
1.05,0.01,0.97,0.1,0.0,0.75,0.25,7.2,-17.62,True
1.05,0.01,0.97,0.1,0.0,1.0,0.0,6.86,-15.5,True
1.05,0.01,0.97,0.1,0.1,0.0,1.0,10.81,-23.96,True
1.05,0.01,0.97,0.1,0.1,0.25,0.75,10.63,-23.13,True
1.05,0.01,0.97,0.1,0.1,0.5,0.5,10.42,-22.15,True
1.05,0.01,0.97,0.1,0.1,0.75,0.25,10.17,-20.97,True
1.05,0.01,0.97,0.1,0.1,1.0,0.0,9.88,-19.53,True
1.05,0.01,0.97,0.1,0.2,0.0,1.0,12.46,-25.15,True
1.05,0.01,0.97,0.1,0.2,0.25,0.75,12.27,-24.55,True
1.05,0.01,0.97,0.1,0.2,0.5,0.5,12.06,-23.85,True
1.05,0.01,0.97,0.1,0.2,0.75,0.25,11.83,-23.06,True
1.05,0.01,0.97,0.1,0.2,1.0,0.0,11.57,-22.14,True
1.05,0.01,0.97,0.1,0.3,0.0,1.0,13.61,-26.09,True
1.05,0.01,0.97,0.1,0.3,0.25,0.75,13.43,-25.65,True
1.05,0.01,0.97,0.1,0.3,0.5,0.5,13.23,-25.16,True
1.05,0.01,0.97,0.1,0.3,0.75,0.25,13.0,-24.63,True
1.05,0.01,0.97,0.1,0.3,1.0,0.0,12.75,-24.04,True
1.05,0.01,0.97,0.2,0.0,0.0,1.0,12.61,-32.12,True
1.05,0.01,0.97,0.2,0.0,0.25,0.75,12.16,-29.7,True
1.05,0.01,0.97,0.2,0.0,0.5,0.5,11.65,-27.25,True
1.05,0.01,0.97,0.2,0.0,0.75,0.25,11.07,-24.76,True
1.05,0.01,0.97,0.2,0.0,1.0,0.0,10.39,-22.23,True
1.05,0.01,0.97,0.2,0.1,0.0,1.0,13.83,-28.06,True
1.05,0.01,0.97,0.2,0.1,0.25,0.75,13.43,-25.88,True
1.05,0.01,0.97,0.2,0.1,0.5,0.5,12.97,-23.61,True
1.05,0.01,0.97,0.2,0.1,0.75,0.25,12.47,-21.25,True
1.05,0.01,0.97,0.2,0.1,1.0,0.0,11.91,-18.85,True
1.05,0.01,0.97,0.2,0.2,0.0,1.0,14.55,-24.53,True
1.05,0.01,0.97,0.2,0.2,0.25,0.75,14.19,-23.84,True
1.05,0.01,0.97,0.2,0.2,0.5,0.5,13.79,-23.05,True
1.05,0.01,0.97,0.2,0.2,0.75,0.25,13.35,-22.14,True
1.05,0.01,0.97,0.2,0.2,1.0,0.0,12.87,-21.08,True
1.05,0.01,0.97,0.2,0.3,0.0,1.0,14.96,-25.69,True
1.05,0.01,0.97,0.2,0.3,0.25,0.75,14.65,-25.18,True
1.05,0.01,0.97,0.2,0.3,0.5,0.5,14.32,-24.62,True
1.05,0.01,0.97,0.2,0.3,0.75,0.25,13.95,-24.0,True
1.05,0.01,0.97,0.2,0.3,1.0,0.0,13.52,-23.34,True
1.05,0.01,0.97,0.3,0.0,0.0,1.0,14.4,-33.53,True
1.05,0.01,0.97,0.3,0.0,0.25,0.75,13.86,-31.05,True
1.05,0.01,0.97,0.3,0.0,0.5,0.5,13.25,-28.53,True
1.05,0.01,0.97,0.3,0.0,0.75,0.25,12.54,-25.96,True
1.05,0.01,0.97,0.3,0.0,1.0,0.0,11.74,-23.34,True
1.05,0.01,0.97,0.3,0.1,0.0,1.0,14.9,-26.99,True
1.05,0.01,0.97,0.3,0.1,0.25,0.75,14.42,-24.86,True
1.05,0.01,0.97,0.3,0.1,0.5,0.5,13.88,-22.67,True
1.05,0.01,0.97,0.3,0.1,0.75,0.25,13.27,-20.43,True
1.05,0.01,0.97,0.3,0.1,1.0,0.0,12.6,-18.3,True
1.05,0.01,0.97,0.3,0.2,0.0,1.0,15.05,-24.51,True
1.05,0.01,0.97,0.3,0.2,0.25,0.75,14.63,-23.81,True
1.05,0.01,0.97,0.3,0.2,0.5,0.5,14.17,-23.0,True
1.05,0.01,0.97,0.3,0.2,0.75,0.25,13.67,-22.07,True
1.05,0.01,0.97,0.3,0.2,1.0,0.0,13.13,-20.99,True
1.05,0.01,0.97,0.3,0.3,0.0,1.0,15.29,-25.64,True
1.05,0.01,0.97,0.3,0.3,0.25,0.75,14.94,-25.1,True
1.05,0.01,0.97,0.3,0.3,0.5,0.5,14.56,-24.51,True
1.05,0.01,0.97,0.3,0.3,0.75,0.25,14.14,-23.86,True
1.05,0.01,0.97,0.3,0.3,1.0,0.0,13.7,-23.14,True
1.05,0.01,0.97,0.4,0.0,0.0,1.0,14.81,-32.25,True
1.05,0.01,0.97,0.4,0.0,0.25,0.75,14.26,-29.83,True
1.05,0.01,0.97,0.4,0.0,0.5,0.5,13.63,-27.37,True
1.05,0.01,0.97,0.4,0.0,0.75,0.25,12.91,-24.87,True
1.05,0.01,0.97,0.4,0.0,1.0,0.0,12.09,-22.33,True
1.05,0.01,0.97,0.4,0.1,0.0,1.0,14.95,-25.86,True
1.05,0.01,0.97,0.4,0.1,0.25,0.75,14.47,-23.79,True
1.05,0.01,0.97,0.4,0.1,0.5,0.5,13.94,-21.66,True
1.05,0.01,0.97,0.4,0.1,0.75,0.25,13.34,-19.95,True
1.05,0.01,0.97,0.4,0.1,1.0,0.0,12.68,-18.3,True
1.05,0.01,0.97,0.4,0.2,0.0,1.0,15.14,-24.51,True
1.05,0.01,0.97,0.4,0.2,0.25,0.75,14.75,-23.8,True
1.05,0.01,0.97,0.4,0.2,0.5,0.5,14.3,-22.97,True
1.05,0.01,0.97,0.4,0.2,0.75,0.25,13.81,-22.02,True
1.05,0.01,0.97,0.4,0.2,1.0,0.0,13.27,-20.9,True
1.05,0.01,0.97,0.4,0.3,0.0,1.0,15.36,-25.66,True
1.05,0.01,0.97,0.4,0.3,0.25,0.75,15.03,-25.11,True
1.05,0.01,0.97,0.4,0.3,0.5,0.5,14.65,-24.51,True
1.05,0.01,0.97,0.4,0.3,0.75,0.25,14.24,-23.85,True
1.05,0.01,0.97,0.4,0.3,1.0,0.0,13.8,-23.11,True
1.05,0.01,0.99,0.1,0.0,0.0,1.0,3.62,-29.24,True
1.05,0.01,0.99,0.1,0.0,0.25,0.75,3.63,-27.17,True
1.05,0.01,0.99,0.1,0.0,0.5,0.5,3.6,-25.06,True
1.05,0.01,0.99,0.1,0.0,0.75,0.25,3.56,-22.93,True
1.05,0.01,0.99,0.1,0.0,1.0,0.0,3.48,-20.76,True
1.05,0.01,0.99,0.1,0.1,0.0,1.0,7.93,-24.78,True
1.05,0.01,0.99,0.1,0.1,0.25,0.75,7.91,-22.84,True
1.05,0.01,0.99,0.1,0.1,0.5,0.5,7.88,-21.94,True
1.05,0.01,0.99,0.1,0.1,0.75,0.25,7.83,-21.37,True
1.05,0.01,0.99,0.1,0.1,1.0,0.0,7.76,-20.87,True
1.05,0.01,0.99,0.1,0.2,0.0,1.0,10.07,-26.25,True
1.05,0.01,0.99,0.1,0.2,0.25,0.75,10.04,-25.81,True
1.05,0.01,0.99,0.1,0.2,0.5,0.5,10.01,-25.43,True
1.05,0.01,0.99,0.1,0.2,0.75,0.25,9.96,-25.12,True
1.05,0.01,0.99,0.1,0.2,1.0,0.0,9.91,-24.87,True
1.05,0.01,0.99,0.1,0.3,0.0,1.0,11.57,-27.88,True
1.05,0.01,0.99,0.1,0.3,0.25,0.75,11.54,-27.56,True
1.05,0.01,0.99,0.1,0.3,0.5,0.5,11.5,-27.3,True
1.05,0.01,0.99,0.1,0.3,0.75,0.25,11.45,-27.09,True
1.05,0.01,0.99,0.1,0.3,1.0,0.0,11.4,-26.97,True
1.05,0.01,0.99,0.2,0.0,0.0,1.0,5.77,-26.62,True
1.05,0.01,0.99,0.2,0.0,0.25,0.75,5.72,-24.6,True
1.05,0.01,0.99,0.2,0.0,0.5,0.5,5.62,-22.57,True
1.05,0.01,0.99,0.2,0.0,0.75,0.25,5.47,-20.51,True
1.05,0.01,0.99,0.2,0.0,1.0,0.0,5.27,-18.43,True
1.05,0.01,0.99,0.2,0.1,0.0,1.0,9.09,-22.49,True
1.05,0.01,0.99,0.2,0.1,0.25,0.75,9.03,-21.73,True
1.05,0.01,0.99,0.2,0.1,0.5,0.5,8.94,-21.03,True
1.05,0.01,0.99,0.2,0.1,0.75,0.25,8.83,-20.41,True
1.05,0.01,0.99,0.2,0.1,1.0,0.0,8.69,-19.88,True
1.05,0.01,0.99,0.2,0.2,0.0,1.0,10.81,-25.42,True
1.05,0.01,0.99,0.2,0.2,0.25,0.75,10.76,-24.9,True
1.05,0.01,0.99,0.2,0.2,0.5,0.5,10.7,-24.44,True
1.05,0.01,0.99,0.2,0.2,0.75,0.25,10.61,-24.08,True
1.05,0.01,0.99,0.2,0.2,1.0,0.0,10.49,-23.82,True
1.05,0.01,0.99,0.2,0.3,0.0,1.0,11.95,-27.35,True
1.05,0.01,0.99,0.2,0.3,0.25,0.75,11.91,-26.99,True
1.05,0.01,0.99,0.2,0.3,0.5,0.5,11.85,-26.7,True
1.05,0.01,0.99,0.2,0.3,0.75,0.25,11.78,-26.49,True
1.05,0.01,0.99,0.2,0.3,1.0,0.0,11.69,-26.37,True
1.05,0.01,0.99,0.3,0.0,0.0,1.0,7.21,-30.62,True
1.05,0.01,0.99,0.3,0.0,0.25,0.75,7.09,-28.35,True
1.05,0.01,0.99,0.3,0.0,0.5,0.5,6.91,-26.04,True
1.05,0.01,0.99,0.3,0.0,0.75,0.25,6.68,-23.69,True
1.05,0.01,0.99,0.3,0.0,1.0,0.0,6.38,-21.31,True
1.05,0.01,0.99,0.3,0.1,0.0,1.0,9.6,-23.99,True
1.05,0.01,0.99,0.3,0.1,0.25,0.75,9.52,-22.13,True
1.05,0.01,0.99,0.3,0.1,0.5,0.5,9.41,-20.71,True
1.05,0.01,0.99,0.3,0.1,0.75,0.25,9.26,-20.06,True
1.05,0.01,0.99,0.3,0.1,1.0,0.0,9.08,-19.51,True
1.05,0.01,0.99,0.3,0.2,0.0,1.0,11.01,-25.21,True
1.05,0.01,0.99,0.3,0.2,0.25,0.75,10.96,-24.67,True
1.05,0.01,0.99,0.3,0.2,0.5,0.5,10.88,-24.21,True
1.05,0.01,0.99,0.3,0.2,0.75,0.25,10.77,-23.83,True
1.05,0.01,0.99,0.3,0.2,1.0,0.0,10.65,-23.57,True
1.05,0.01,0.99,0.3,0.3,0.0,1.0,12.17,-27.0,True
1.05,0.01,0.99,0.3,0.3,0.25,0.75,12.12,-26.62,True
1.05,0.01,0.99,0.3,0.3,0.5,0.5,12.05,-26.31,True
1.05,0.01,0.99,0.3,0.3,0.75,0.25,11.96,-26.08,True
1.05,0.01,0.99,0.3,0.3,1.0,0.0,11.86,-25.95,True
1.05,0.01,0.99,0.4,0.0,0.0,1.0,7.71,-31.53,True
1.05,0.01,0.99,0.4,0.0,0.25,0.75,7.58,-29.21,True
1.05,0.01,0.99,0.4,0.0,0.5,0.5,7.39,-26.84,True
1.05,0.01,0.99,0.4,0.0,0.75,0.25,7.13,-24.43,True
1.05,0.01,0.99,0.4,0.0,1.0,0.0,6.81,-21.98,True
1.05,0.01,0.99,0.4,0.1,0.0,1.0,9.76,-23.87,True
1.05,0.01,0.99,0.4,0.1,0.25,0.75,9.68,-22.02,True
1.05,0.01,0.99,0.4,0.1,0.5,0.5,9.56,-20.6,True
1.05,0.01,0.99,0.4,0.1,0.75,0.25,9.41,-19.94,True
1.05,0.01,0.99,0.4,0.1,1.0,0.0,9.22,-19.38,True
1.05,0.01,0.99,0.4,0.2,0.0,1.0,11.29,-24.82,True
1.05,0.01,0.99,0.4,0.2,0.25,0.75,11.21,-24.28,True
1.05,0.01,0.99,0.4,0.2,0.5,0.5,11.12,-23.81,True
1.05,0.01,0.99,0.4,0.2,0.75,0.25,10.99,-23.43,True
1.05,0.01,0.99,0.4,0.2,1.0,0.0,10.85,-23.16,True
1.05,0.01,0.99,0.4,0.3,0.0,1.0,12.34,-26.78,True
1.05,0.01,0.99,0.4,0.3,0.25,0.75,12.28,-26.38,True
1.05,0.01,0.99,0.4,0.3,0.5,0.5,12.19,-26.07,True
1.05,0.01,0.99,0.4,0.3,0.75,0.25,12.06,-25.87,True
1.05,0.01,0.99,0.4,0.3,1.0,0.0,11.92,-25.77,True
1.05,0.01,1.0,0.1,0.0,0.0,1.0,0.06,-24.17,True
1.05,0.01,1.0,0.1,0.0,0.25,0.75,0.29,-22.23,True
1.05,0.01,1.0,0.1,0.0,0.5,0.5,0.51,-20.22,True
1.05,0.01,1.0,0.1,0.0,0.75,0.25,0.72,-18.14,True
1.05,0.01,1.0,0.1,0.0,1.0,0.0,0.91,-16.67,True
1.05,0.01,1.0,0.1,0.1,0.0,1.0,6.74,-25.57,True
1.05,0.01,1.0,0.1,0.1,0.25,0.75,6.78,-24.95,True
1.05,0.01,1.0,0.1,0.1,0.5,0.5,6.82,-24.34,True
1.05,0.01,1.0,0.1,0.1,0.75,0.25,6.85,-23.74,True
1.05,0.01,1.0,0.1,0.1,1.0,0.0,6.88,-23.15,True
1.05,0.01,1.0,0.1,0.2,0.0,1.0,9.37,-28.19,True
1.05,0.01,1.0,0.1,0.2,0.25,0.75,9.38,-27.82,True
1.05,0.01,1.0,0.1,0.2,0.5,0.5,9.38,-27.45,True
1.05,0.01,1.0,0.1,0.2,0.75,0.25,9.38,-27.09,True
1.05,0.01,1.0,0.1,0.2,1.0,0.0,9.38,-26.75,True
1.05,0.01,1.0,0.1,0.3,0.0,1.0,10.99,-29.55,True
1.05,0.01,1.0,0.1,0.3,0.25,0.75,10.99,-29.28,True
1.05,0.01,1.0,0.1,0.3,0.5,0.5,10.99,-29.02,True
1.05,0.01,1.0,0.1,0.3,0.75,0.25,10.98,-28.77,True
1.05,0.01,1.0,0.1,0.3,1.0,0.0,10.97,-28.55,True
1.05,0.01,1.0,0.2,0.0,0.0,1.0,2.24,-26.32,True
1.05,0.01,1.0,0.2,0.0,0.25,0.75,2.41,-24.18,True
1.05,0.01,1.0,0.2,0.0,0.5,0.5,2.56,-21.95,True
1.05,0.01,1.0,0.2,0.0,0.75,0.25,2.68,-19.62,True
1.05,0.01,1.0,0.2,0.0,1.0,0.0,2.76,-17.19,True
1.05,0.01,1.0,0.2,0.1,0.0,1.0,7.54,-24.31,True
1.05,0.01,1.0,0.2,0.1,0.25,0.75,7.57,-23.64,True
1.05,0.01,1.0,0.2,0.1,0.5,0.5,7.59,-23.0,True
1.05,0.01,1.0,0.2,0.1,0.75,0.25,7.6,-22.38,True
1.05,0.01,1.0,0.2,0.1,1.0,0.0,7.59,-21.8,True
1.05,0.01,1.0,0.2,0.2,0.0,1.0,9.76,-27.24,True
1.05,0.01,1.0,0.2,0.2,0.25,0.75,9.77,-26.82,True
1.05,0.01,1.0,0.2,0.2,0.5,0.5,9.77,-26.42,True
1.05,0.01,1.0,0.2,0.2,0.75,0.25,9.76,-26.05,True
1.05,0.01,1.0,0.2,0.2,1.0,0.0,9.75,-25.73,True
1.05,0.01,1.0,0.2,0.3,0.0,1.0,11.26,-28.69,True
1.05,0.01,1.0,0.2,0.3,0.25,0.75,11.25,-28.41,True
1.05,0.01,1.0,0.2,0.3,0.5,0.5,11.24,-28.16,True
1.05,0.01,1.0,0.2,0.3,0.75,0.25,11.23,-27.93,True
1.05,0.01,1.0,0.2,0.3,1.0,0.0,11.21,-27.74,True
1.05,0.01,1.0,0.3,0.0,0.0,1.0,3.29,-25.76,True
1.05,0.01,1.0,0.3,0.0,0.25,0.75,3.42,-23.59,True
1.05,0.01,1.0,0.3,0.0,0.5,0.5,3.52,-21.35,True
1.05,0.01,1.0,0.3,0.0,0.75,0.25,3.59,-19.01,True
1.05,0.01,1.0,0.3,0.0,1.0,0.0,3.62,-16.56,True
1.05,0.01,1.0,0.3,0.1,0.0,1.0,7.82,-23.89,True
1.05,0.01,1.0,0.3,0.1,0.25,0.75,7.84,-23.21,True
1.05,0.01,1.0,0.3,0.1,0.5,0.5,7.85,-22.56,True
1.05,0.01,1.0,0.3,0.1,0.75,0.25,7.85,-21.94,True
1.05,0.01,1.0,0.3,0.1,1.0,0.0,7.83,-21.36,True
1.05,0.01,1.0,0.3,0.2,0.0,1.0,10.01,-26.55,True
1.05,0.01,1.0,0.3,0.2,0.25,0.75,10.01,-26.13,True
1.05,0.01,1.0,0.3,0.2,0.5,0.5,9.99,-25.75,True
1.05,0.01,1.0,0.3,0.2,0.75,0.25,9.97,-25.39,True
1.05,0.01,1.0,0.3,0.2,1.0,0.0,9.94,-25.08,True
1.05,0.01,1.0,0.3,0.3,0.0,1.0,11.37,-28.16,True
1.05,0.01,1.0,0.3,0.3,0.25,0.75,11.37,-27.85,True
1.05,0.01,1.0,0.3,0.3,0.5,0.5,11.36,-27.59,True
1.05,0.01,1.0,0.3,0.3,0.75,0.25,11.34,-27.36,True
1.05,0.01,1.0,0.3,0.3,1.0,0.0,11.3,-27.18,True
1.05,0.01,1.0,0.4,0.0,0.0,1.0,4.02,-24.92,True
1.05,0.01,1.0,0.4,0.0,0.25,0.75,4.12,-22.8,True
1.05,0.01,1.0,0.4,0.0,0.5,0.5,4.18,-20.6,True
1.05,0.01,1.0,0.4,0.0,0.75,0.25,4.21,-18.4,True
1.05,0.01,1.0,0.4,0.0,1.0,0.0,4.2,-16.38,True
1.05,0.01,1.0,0.4,0.1,0.0,1.0,8.15,-23.27,True
1.05,0.01,1.0,0.4,0.1,0.25,0.75,8.16,-22.59,True
1.05,0.01,1.0,0.4,0.1,0.5,0.5,8.15,-21.95,True
1.05,0.01,1.0,0.4,0.1,0.75,0.25,8.12,-21.33,True
1.05,0.01,1.0,0.4,0.1,1.0,0.0,8.08,-20.77,True
1.05,0.01,1.0,0.4,0.2,0.0,1.0,10.22,-25.9,True
1.05,0.01,1.0,0.4,0.2,0.25,0.75,10.21,-25.46,True
1.05,0.01,1.0,0.4,0.2,0.5,0.5,10.19,-25.06,True
1.05,0.01,1.0,0.4,0.2,0.75,0.25,10.15,-24.7,True
1.05,0.01,1.0,0.4,0.2,1.0,0.0,10.1,-24.41,True
1.05,0.01,1.0,0.4,0.3,0.0,1.0,11.39,-27.99,True
1.05,0.01,1.0,0.4,0.3,0.25,0.75,11.39,-27.68,True
1.05,0.01,1.0,0.4,0.3,0.5,0.5,11.37,-27.4,True
1.05,0.01,1.0,0.4,0.3,0.75,0.25,11.35,-27.17,True
1.05,0.01,1.0,0.4,0.3,1.0,0.0,11.32,-27.0,True
1.05,0.01,1.01,0.1,0.0,0.0,1.0,3.91,-18.03,True
1.05,0.01,1.01,0.1,0.0,0.25,0.75,3.81,-16.42,True
1.05,0.01,1.01,0.1,0.0,0.5,0.5,3.69,-14.79,True
1.05,0.01,1.01,0.1,0.0,0.75,0.25,3.56,-13.14,True
1.05,0.01,1.01,0.1,0.0,1.0,0.0,3.41,-11.47,True
1.05,0.01,1.01,0.1,0.1,0.0,1.0,8.21,-15.0,True
1.05,0.01,1.01,0.1,0.1,0.25,0.75,8.13,-15.2,True
1.05,0.01,1.01,0.1,0.1,0.5,0.5,8.04,-15.44,True
1.05,0.01,1.01,0.1,0.1,0.75,0.25,7.94,-15.72,True
1.05,0.01,1.01,0.1,0.1,1.0,0.0,7.83,-16.04,True
1.05,0.01,1.01,0.1,0.2,0.0,1.0,10.16,-21.48,True
1.05,0.01,1.01,0.1,0.2,0.25,0.75,10.1,-21.65,True
1.05,0.01,1.01,0.1,0.2,0.5,0.5,10.03,-21.86,True
1.05,0.01,1.01,0.1,0.2,0.75,0.25,9.96,-22.09,True
1.05,0.01,1.01,0.1,0.2,1.0,0.0,9.88,-22.35,True
1.05,0.01,1.01,0.1,0.3,0.0,1.0,11.57,-24.76,True
1.05,0.01,1.01,0.1,0.3,0.25,0.75,11.52,-24.88,True
1.05,0.01,1.01,0.1,0.3,0.5,0.5,11.46,-25.04,True
1.05,0.01,1.01,0.1,0.3,0.75,0.25,11.4,-25.24,True
1.05,0.01,1.01,0.1,0.3,1.0,0.0,11.33,-25.47,True
1.05,0.01,1.01,0.2,0.0,0.0,1.0,6.54,-17.87,True
1.05,0.01,1.01,0.2,0.0,0.25,0.75,6.33,-16.25,True
1.05,0.01,1.01,0.2,0.0,0.5,0.5,6.1,-14.76,True
1.05,0.01,1.01,0.2,0.0,0.75,0.25,5.83,-13.26,True
1.05,0.01,1.01,0.2,0.0,1.0,0.0,5.53,-11.75,True
1.05,0.01,1.01,0.2,0.1,0.0,1.0,9.2,-15.64,True
1.05,0.01,1.01,0.2,0.1,0.25,0.75,9.08,-14.44,True
1.05,0.01,1.01,0.2,0.1,0.5,0.5,8.94,-14.63,True
1.05,0.01,1.01,0.2,0.1,0.75,0.25,8.78,-14.87,True
1.05,0.01,1.01,0.2,0.1,1.0,0.0,8.61,-15.16,True
1.05,0.01,1.01,0.2,0.2,0.0,1.0,10.85,-20.28,True
1.05,0.01,1.01,0.2,0.2,0.25,0.75,10.76,-20.42,True
1.05,0.01,1.01,0.2,0.2,0.5,0.5,10.65,-20.62,True
1.05,0.01,1.01,0.2,0.2,0.75,0.25,10.53,-20.86,True
1.05,0.01,1.01,0.2,0.2,1.0,0.0,10.41,-21.17,True
1.05,0.01,1.01,0.2,0.3,0.0,1.0,12.02,-23.76,True
1.05,0.01,1.01,0.2,0.3,0.25,0.75,11.93,-23.91,True
1.05,0.01,1.01,0.2,0.3,0.5,0.5,11.84,-24.11,True
1.05,0.01,1.01,0.2,0.3,0.75,0.25,11.74,-24.35,True
1.05,0.01,1.01,0.2,0.3,1.0,0.0,11.64,-24.63,True
1.05,0.01,1.01,0.3,0.0,0.0,1.0,7.33,-21.35,True
1.05,0.01,1.01,0.3,0.0,0.25,0.75,7.1,-19.59,True
1.05,0.01,1.01,0.3,0.0,0.5,0.5,6.84,-17.81,True
1.05,0.01,1.01,0.3,0.0,0.75,0.25,6.54,-16.02,True
1.05,0.01,1.01,0.3,0.0,1.0,0.0,6.2,-14.2,True
1.05,0.01,1.01,0.3,0.1,0.0,1.0,9.68,-18.97,True
1.05,0.01,1.01,0.3,0.1,0.25,0.75,9.53,-17.15,True
1.05,0.01,1.01,0.3,0.1,0.5,0.5,9.36,-15.31,True
1.05,0.01,1.01,0.3,0.1,0.75,0.25,9.17,-14.72,True
1.05,0.01,1.01,0.3,0.1,1.0,0.0,8.97,-14.97,True
1.05,0.01,1.01,0.3,0.2,0.0,1.0,11.17,-19.96,True
1.05,0.01,1.01,0.3,0.2,0.25,0.75,11.05,-20.07,True
1.05,0.01,1.01,0.3,0.2,0.5,0.5,10.92,-20.23,True
1.05,0.01,1.01,0.3,0.2,0.75,0.25,10.78,-20.47,True
1.05,0.01,1.01,0.3,0.2,1.0,0.0,10.62,-20.78,True
1.05,0.01,1.01,0.3,0.3,0.0,1.0,12.28,-23.27,True
1.05,0.01,1.01,0.3,0.3,0.25,0.75,12.18,-23.4,True
1.05,0.01,1.01,0.3,0.3,0.5,0.5,12.07,-23.58,True
1.05,0.01,1.01,0.3,0.3,0.75,0.25,11.96,-23.82,True
1.05,0.01,1.01,0.3,0.3,1.0,0.0,11.83,-24.11,True
1.05,0.01,1.01,0.4,0.0,0.0,1.0,8.05,-21.95,True
1.05,0.01,1.01,0.4,0.0,0.25,0.75,7.79,-20.15,True
1.05,0.01,1.01,0.4,0.0,0.5,0.5,7.48,-18.32,True
1.05,0.01,1.01,0.4,0.0,0.75,0.25,7.14,-16.48,True
1.05,0.01,1.01,0.4,0.0,1.0,0.0,6.76,-14.61,True
1.05,0.01,1.01,0.4,0.1,0.0,1.0,10.13,-18.71,True
1.05,0.01,1.01,0.4,0.1,0.25,0.75,9.95,-16.91,True
1.05,0.01,1.01,0.4,0.1,0.5,0.5,9.74,-15.09,True
1.05,0.01,1.01,0.4,0.1,0.75,0.25,9.51,-14.46,True
1.05,0.01,1.01,0.4,0.1,1.0,0.0,9.27,-14.69,True
1.05,0.01,1.01,0.4,0.2,0.0,1.0,11.5,-19.51,True
1.05,0.01,1.01,0.4,0.2,0.25,0.75,11.36,-19.62,True
1.05,0.01,1.01,0.4,0.2,0.5,0.5,11.2,-19.79,True
1.05,0.01,1.01,0.4,0.2,0.75,0.25,11.03,-20.04,True
1.05,0.01,1.01,0.4,0.2,1.0,0.0,10.85,-20.35,True
1.05,0.01,1.01,0.4,0.3,0.0,1.0,12.59,-22.85,True
1.05,0.01,1.01,0.4,0.3,0.25,0.75,12.46,-23.0,True
1.05,0.01,1.01,0.4,0.3,0.5,0.5,12.31,-23.18,True
1.05,0.01,1.01,0.4,0.3,0.75,0.25,12.16,-23.35,True
1.05,0.01,1.01,0.4,0.3,1.0,0.0,11.99,-23.64,True
1.05,0.01,1.02,0.1,0.0,0.0,1.0,2.81,-13.9,True
1.05,0.01,1.02,0.1,0.0,0.25,0.75,2.76,-12.77,True
1.05,0.01,1.02,0.1,0.0,0.5,0.5,2.7,-11.6,True
1.05,0.01,1.02,0.1,0.0,0.75,0.25,2.64,-10.39,True
1.05,0.01,1.02,0.1,0.0,1.0,0.0,2.57,-9.15,True
1.05,0.01,1.02,0.1,0.1,0.0,1.0,7.54,-16.86,True
1.05,0.01,1.02,0.1,0.1,0.25,0.75,7.5,-16.97,True
1.05,0.01,1.02,0.1,0.1,0.5,0.5,7.45,-17.1,True
1.05,0.01,1.02,0.1,0.1,0.75,0.25,7.39,-17.25,True
1.05,0.01,1.02,0.1,0.1,1.0,0.0,7.34,-17.42,True
1.05,0.01,1.02,0.1,0.2,0.0,1.0,9.77,-22.72,True
1.05,0.01,1.02,0.1,0.2,0.25,0.75,9.73,-22.82,True
1.05,0.01,1.02,0.1,0.2,0.5,0.5,9.69,-22.93,True
1.05,0.01,1.02,0.1,0.2,0.75,0.25,9.65,-23.06,True
1.05,0.01,1.02,0.1,0.2,1.0,0.0,9.6,-23.21,True
1.05,0.01,1.02,0.1,0.3,0.0,1.0,11.35,-25.34,True
1.05,0.01,1.02,0.1,0.3,0.25,0.75,11.31,-25.45,True
1.05,0.01,1.02,0.1,0.3,0.5,0.5,11.27,-25.58,True
1.05,0.01,1.02,0.1,0.3,0.75,0.25,11.22,-25.74,True
1.05,0.01,1.02,0.1,0.3,1.0,0.0,11.17,-25.92,True
1.05,0.01,1.02,0.2,0.0,0.0,1.0,4.85,-18.55,True
1.05,0.01,1.02,0.2,0.0,0.25,0.75,4.73,-17.14,True
1.05,0.01,1.02,0.2,0.0,0.5,0.5,4.59,-15.66,True
1.05,0.01,1.02,0.2,0.0,0.75,0.25,4.43,-14.12,True
1.05,0.01,1.02,0.2,0.0,1.0,0.0,4.25,-12.5,True
1.05,0.01,1.02,0.2,0.1,0.0,1.0,8.62,-15.2,True
1.05,0.01,1.02,0.2,0.1,0.25,0.75,8.53,-15.29,True
1.05,0.01,1.02,0.2,0.1,0.5,0.5,8.42,-15.42,True
1.05,0.01,1.02,0.2,0.1,0.75,0.25,8.31,-15.59,True
1.05,0.01,1.02,0.2,0.1,1.0,0.0,8.18,-15.81,True
1.05,0.01,1.02,0.2,0.2,0.0,1.0,10.68,-20.52,True
1.05,0.01,1.02,0.2,0.2,0.25,0.75,10.59,-20.67,True
1.05,0.01,1.02,0.2,0.2,0.5,0.5,10.48,-20.85,True
1.05,0.01,1.02,0.2,0.2,0.75,0.25,10.37,-21.08,True
1.05,0.01,1.02,0.2,0.2,1.0,0.0,10.25,-21.36,True
1.05,0.01,1.02,0.2,0.3,0.0,1.0,12.03,-23.56,True
1.05,0.01,1.02,0.2,0.3,0.25,0.75,11.93,-23.75,True
1.05,0.01,1.02,0.2,0.3,0.5,0.5,11.83,-23.97,True
1.05,0.01,1.02,0.2,0.3,0.75,0.25,11.72,-24.23,True
1.05,0.01,1.02,0.2,0.3,1.0,0.0,11.61,-24.51,True
1.05,0.01,1.02,0.3,0.0,0.0,1.0,6.02,-20.64,True
1.05,0.01,1.02,0.3,0.0,0.25,0.75,5.85,-19.07,True
1.05,0.01,1.02,0.3,0.0,0.5,0.5,5.66,-17.43,True
1.05,0.01,1.02,0.3,0.0,0.75,0.25,5.43,-15.71,True
1.05,0.01,1.02,0.3,0.0,1.0,0.0,5.17,-13.9,True
1.05,0.01,1.02,0.3,0.1,0.0,1.0,9.42,-16.37,True
1.05,0.01,1.02,0.3,0.1,0.25,0.75,9.27,-14.83,True
1.05,0.01,1.02,0.3,0.1,0.5,0.5,9.1,-14.94,True
1.05,0.01,1.02,0.3,0.1,0.75,0.25,8.92,-15.09,True
1.05,0.01,1.02,0.3,0.1,1.0,0.0,8.73,-15.3,True
1.05,0.01,1.02,0.3,0.2,0.0,1.0,11.12,-20.18,True
1.05,0.01,1.02,0.3,0.2,0.25,0.75,10.98,-20.33,True
1.05,0.01,1.02,0.3,0.2,0.5,0.5,10.84,-20.52,True
1.05,0.01,1.02,0.3,0.2,0.75,0.25,10.68,-20.76,True
1.05,0.01,1.02,0.3,0.2,1.0,0.0,10.52,-21.04,True
1.05,0.01,1.02,0.3,0.3,0.0,1.0,12.27,-23.62,True
1.05,0.01,1.02,0.3,0.3,0.25,0.75,12.16,-23.77,True
1.05,0.01,1.02,0.3,0.3,0.5,0.5,12.04,-23.95,True
1.05,0.01,1.02,0.3,0.3,0.75,0.25,11.92,-24.17,True
1.05,0.01,1.02,0.3,0.3,1.0,0.0,11.79,-24.42,True
1.05,0.01,1.02,0.4,0.0,0.0,1.0,6.99,-22.47,True
1.05,0.01,1.02,0.4,0.0,0.25,0.75,6.77,-20.76,True
1.05,0.01,1.02,0.4,0.0,0.5,0.5,6.51,-18.98,True
1.05,0.01,1.02,0.4,0.0,0.75,0.25,6.23,-17.12,True
1.05,0.01,1.02,0.4,0.0,1.0,0.0,5.91,-15.17,True
1.05,0.01,1.02,0.4,0.1,0.0,1.0,9.85,-18.59,True
1.05,0.01,1.02,0.4,0.1,0.25,0.75,9.66,-16.83,True
1.05,0.01,1.02,0.4,0.1,0.5,0.5,9.46,-15.0,True
1.05,0.01,1.02,0.4,0.1,0.75,0.25,9.25,-15.09,True
1.05,0.01,1.02,0.4,0.1,1.0,0.0,9.02,-15.26,True
1.05,0.01,1.02,0.4,0.2,0.0,1.0,11.38,-20.33,True
1.05,0.01,1.02,0.4,0.2,0.25,0.75,11.23,-20.42,True
1.05,0.01,1.02,0.4,0.2,0.5,0.5,11.07,-20.56,True
1.05,0.01,1.02,0.4,0.2,0.75,0.25,10.91,-20.74,True
1.05,0.01,1.02,0.4,0.2,1.0,0.0,10.73,-20.97,True
1.05,0.01,1.02,0.4,0.3,0.0,1.0,12.39,-23.97,True
1.05,0.01,1.02,0.4,0.3,0.25,0.75,12.25,-23.99,True
1.05,0.01,1.02,0.4,0.3,0.5,0.5,12.11,-24.08,True
1.05,0.01,1.02,0.4,0.3,0.75,0.25,11.96,-24.23,True
1.05,0.01,1.02,0.4,0.3,1.0,0.0,11.81,-24.43,True
1.05,0.015,0.95,0.1,0.0,0.0,1.0,8.37,-27.68,True
1.05,0.015,0.95,0.1,0.0,0.25,0.75,8.14,-26.15,True
1.05,0.015,0.95,0.1,0.0,0.5,0.5,7.86,-24.31,True
1.05,0.015,0.95,0.1,0.0,0.75,0.25,7.54,-22.08,True
1.05,0.015,0.95,0.1,0.0,1.0,0.0,7.17,-19.3,True
1.05,0.015,0.95,0.1,0.1,0.0,1.0,10.79,-28.36,True
1.05,0.015,0.95,0.1,0.1,0.25,0.75,10.59,-27.13,True
1.05,0.015,0.95,0.1,0.1,0.5,0.5,10.36,-25.71,True
1.05,0.015,0.95,0.1,0.1,0.75,0.25,10.1,-24.04,True
1.05,0.015,0.95,0.1,0.1,1.0,0.0,9.81,-22.04,True
1.05,0.015,0.95,0.1,0.2,0.0,1.0,12.11,-28.85,True
1.05,0.015,0.95,0.1,0.2,0.25,0.75,11.93,-27.82,True
1.05,0.015,0.95,0.1,0.2,0.5,0.5,11.75,-26.67,True
1.05,0.015,0.95,0.1,0.2,0.75,0.25,11.54,-25.35,True
1.05,0.015,0.95,0.1,0.2,1.0,0.0,11.31,-23.83,True
1.05,0.015,0.95,0.1,0.3,0.0,1.0,13.11,-29.26,True
1.05,0.015,0.95,0.1,0.3,0.25,0.75,12.97,-28.39,True
1.05,0.015,0.95,0.1,0.3,0.5,0.5,12.81,-27.43,True
1.05,0.015,0.95,0.1,0.3,0.75,0.25,12.64,-26.37,True
1.05,0.015,0.95,0.1,0.3,1.0,0.0,12.44,-25.19,True
1.05,0.015,0.95,0.2,0.0,0.0,1.0,12.32,-27.68,True
1.05,0.015,0.95,0.2,0.0,0.25,0.75,11.88,-26.21,True
1.05,0.015,0.95,0.2,0.0,0.5,0.5,11.37,-24.41,True
1.05,0.015,0.95,0.2,0.0,0.75,0.25,10.81,-22.17,True
1.05,0.015,0.95,0.2,0.0,1.0,0.0,10.17,-19.3,True
1.05,0.015,0.95,0.2,0.1,0.0,1.0,13.58,-28.06,True
1.05,0.015,0.95,0.2,0.1,0.25,0.75,13.19,-26.78,True
1.05,0.015,0.95,0.2,0.1,0.5,0.5,12.76,-25.25,True
1.05,0.015,0.95,0.2,0.1,0.75,0.25,12.29,-23.4,True
1.05,0.015,0.95,0.2,0.1,1.0,0.0,11.77,-21.12,True
1.05,0.015,0.95,0.2,0.2,0.0,1.0,14.4,-28.4,True
1.05,0.015,0.95,0.2,0.2,0.25,0.75,14.07,-27.27,True
1.05,0.015,0.95,0.2,0.2,0.5,0.5,13.71,-25.95,True
1.05,0.015,0.95,0.2,0.2,0.75,0.25,13.31,-24.4,True
1.05,0.015,0.95,0.2,0.2,1.0,0.0,12.88,-22.56,True
1.05,0.015,0.95,0.2,0.3,0.0,1.0,15.02,-28.73,True
1.05,0.015,0.95,0.2,0.3,0.25,0.75,14.74,-27.74,True
1.05,0.015,0.95,0.2,0.3,0.5,0.5,14.42,-26.6,True
1.05,0.015,0.95,0.2,0.3,0.75,0.25,14.08,-25.31,True
1.05,0.015,0.95,0.2,0.3,1.0,0.0,13.71,-23.84,True
1.05,0.015,0.95,0.3,0.0,0.0,1.0,14.79,-27.68,True
1.05,0.015,0.95,0.3,0.0,0.25,0.75,14.2,-26.24,True
1.05,0.015,0.95,0.3,0.0,0.5,0.5,13.54,-24.46,True
1.05,0.015,0.95,0.3,0.0,0.75,0.25,12.81,-22.22,True
1.05,0.015,0.95,0.3,0.0,1.0,0.0,11.99,-19.3,True
1.05,0.015,0.95,0.3,0.1,0.0,1.0,15.37,-27.99,True
1.05,0.015,0.95,0.3,0.1,0.25,0.75,14.86,-26.7,True
1.05,0.015,0.95,0.3,0.1,0.5,0.5,14.31,-25.14,True
1.05,0.015,0.95,0.3,0.1,0.75,0.25,13.7,-23.23,True
1.05,0.015,0.95,0.3,0.1,1.0,0.0,13.03,-20.84,True
1.05,0.015,0.95,0.3,0.2,0.0,1.0,15.86,-28.29,True
1.05,0.015,0.95,0.3,0.2,0.25,0.75,15.41,-27.13,True
1.05,0.015,0.95,0.3,0.2,0.5,0.5,14.92,-25.76,True
1.05,0.015,0.95,0.3,0.2,0.75,0.25,14.4,-24.13,True
1.05,0.015,0.95,0.3,0.2,1.0,0.0,13.83,-22.18,True
1.05,0.015,0.95,0.3,0.3,0.0,1.0,16.27,-28.58,True
1.05,0.015,0.95,0.3,0.3,0.25,0.75,15.87,-27.55,True
1.05,0.015,0.95,0.3,0.3,0.5,0.5,15.44,-26.36,True
1.05,0.015,0.95,0.3,0.3,0.75,0.25,14.98,-24.98,True
1.05,0.015,0.95,0.3,0.3,1.0,0.0,14.48,-23.38,True
1.05,0.015,0.95,0.4,0.0,0.0,1.0,16.21,-27.68,True
1.05,0.015,0.95,0.4,0.0,0.25,0.75,15.54,-26.25,True
1.05,0.015,0.95,0.4,0.0,0.5,0.5,14.8,-24.48,True
1.05,0.015,0.95,0.4,0.0,0.75,0.25,13.97,-22.24,True
1.05,0.015,0.95,0.4,0.0,1.0,0.0,13.05,-19.3,True
1.05,0.015,0.95,0.4,0.1,0.0,1.0,16.68,-27.95,True
1.05,0.015,0.95,0.4,0.1,0.25,0.75,16.08,-26.65,True
1.05,0.015,0.95,0.4,0.1,0.5,0.5,15.42,-25.07,True
1.05,0.015,0.95,0.4,0.1,0.75,0.25,14.7,-23.13,True
1.05,0.015,0.95,0.4,0.1,1.0,0.0,13.92,-20.68,True
1.05,0.015,0.95,0.4,0.2,0.0,1.0,17.01,-28.21,True
1.05,0.015,0.95,0.4,0.2,0.25,0.75,16.44,-27.04,True
1.05,0.015,0.95,0.4,0.2,0.5,0.5,15.84,-25.65,True
1.05,0.015,0.95,0.4,0.2,0.75,0.25,15.17,-23.99,True
1.05,0.015,0.95,0.4,0.2,1.0,0.0,14.46,-21.99,True
1.05,0.015,0.95,0.4,0.3,0.0,1.0,17.07,-28.53,True
1.05,0.015,0.95,0.4,0.3,0.25,0.75,16.56,-27.48,True
1.05,0.015,0.95,0.4,0.3,0.5,0.5,16.01,-26.28,True
1.05,0.015,0.95,0.4,0.3,0.75,0.25,15.4,-24.9,True
1.05,0.015,0.95,0.4,0.3,1.0,0.0,14.76,-23.31,True
1.05,0.015,0.97,0.1,0.0,0.0,1.0,5.09,-22.06,True
1.05,0.015,0.97,0.1,0.0,0.25,0.75,5.04,-20.8,True
1.05,0.015,0.97,0.1,0.0,0.5,0.5,4.95,-19.28,True
1.05,0.015,0.97,0.1,0.0,0.75,0.25,4.82,-17.44,True
1.05,0.015,0.97,0.1,0.0,1.0,0.0,4.64,-15.15,True
1.05,0.015,0.97,0.1,0.1,0.0,1.0,8.38,-24.99,True
1.05,0.015,0.97,0.1,0.1,0.25,0.75,8.36,-24.24,True
1.05,0.015,0.97,0.1,0.1,0.5,0.5,8.32,-23.35,True
1.05,0.015,0.97,0.1,0.1,0.75,0.25,8.25,-22.32,True
1.05,0.015,0.97,0.1,0.1,1.0,0.0,8.16,-21.08,True
1.05,0.015,0.97,0.1,0.2,0.0,1.0,10.42,-26.63,True
1.05,0.015,0.97,0.1,0.2,0.25,0.75,10.39,-26.13,True
1.05,0.015,0.97,0.1,0.2,0.5,0.5,10.33,-25.55,True
1.05,0.015,0.97,0.1,0.2,0.75,0.25,10.27,-24.9,True
1.05,0.015,0.97,0.1,0.2,1.0,0.0,10.18,-24.14,True
1.05,0.015,0.97,0.1,0.3,0.0,1.0,11.87,-27.66,True
1.05,0.015,0.97,0.1,0.3,0.25,0.75,11.83,-27.3,True
1.05,0.015,0.97,0.1,0.3,0.5,0.5,11.77,-26.91,True
1.05,0.015,0.97,0.1,0.3,0.75,0.25,11.7,-26.47,True
1.05,0.015,0.97,0.1,0.3,1.0,0.0,11.62,-25.98,True
1.05,0.015,0.97,0.2,0.0,0.0,1.0,6.82,-27.35,True
1.05,0.015,0.97,0.2,0.0,0.25,0.75,6.77,-24.84,True
1.05,0.015,0.97,0.2,0.0,0.5,0.5,6.66,-22.27,True
1.05,0.015,0.97,0.2,0.0,0.75,0.25,6.5,-19.64,True
1.05,0.015,0.97,0.2,0.0,1.0,0.0,6.26,-16.96,True
1.05,0.015,0.97,0.2,0.1,0.0,1.0,10.1,-24.24,True
1.05,0.015,0.97,0.2,0.1,0.25,0.75,9.98,-23.43,True
1.05,0.015,0.97,0.2,0.1,0.5,0.5,9.84,-22.47,True
1.05,0.015,0.97,0.2,0.1,0.75,0.25,9.65,-21.32,True
1.05,0.015,0.97,0.2,0.1,1.0,0.0,9.43,-19.91,True
1.05,0.015,0.97,0.2,0.2,0.0,1.0,11.89,-25.53,True
1.05,0.015,0.97,0.2,0.2,0.25,0.75,11.77,-24.93,True
1.05,0.015,0.97,0.2,0.2,0.5,0.5,11.62,-24.25,True
1.05,0.015,0.97,0.2,0.2,0.75,0.25,11.46,-23.46,True
1.05,0.015,0.97,0.2,0.2,1.0,0.0,11.25,-22.55,True
1.05,0.015,0.97,0.2,0.3,0.0,1.0,13.05,-26.6,True
1.05,0.015,0.97,0.2,0.3,0.25,0.75,12.93,-26.16,True
1.05,0.015,0.97,0.2,0.3,0.5,0.5,12.79,-25.67,True
1.05,0.015,0.97,0.2,0.3,0.75,0.25,12.64,-25.12,True
1.05,0.015,0.97,0.2,0.3,1.0,0.0,12.45,-24.51,True
1.05,0.015,0.97,0.3,0.0,0.0,1.0,9.16,-26.6,True
1.05,0.015,0.97,0.3,0.0,0.25,0.75,8.98,-24.09,True
1.05,0.015,0.97,0.3,0.0,0.5,0.5,8.72,-21.54,True
1.05,0.015,0.97,0.3,0.0,0.75,0.25,8.4,-18.92,True
1.05,0.015,0.97,0.3,0.0,1.0,0.0,8.0,-16.25,True
1.05,0.015,0.97,0.3,0.1,0.0,1.0,11.47,-23.89,True
1.05,0.015,0.97,0.3,0.1,0.25,0.75,11.28,-23.04,True
1.05,0.015,0.97,0.3,0.1,0.5,0.5,11.04,-22.03,True
1.05,0.015,0.97,0.3,0.1,0.75,0.25,10.76,-20.81,True
1.05,0.015,0.97,0.3,0.1,1.0,0.0,10.43,-19.3,True
1.05,0.015,0.97,0.3,0.2,0.0,1.0,12.9,-25.14,True
1.05,0.015,0.97,0.3,0.2,0.25,0.75,12.71,-24.5,True
1.05,0.015,0.97,0.3,0.2,0.5,0.5,12.49,-23.77,True
1.05,0.015,0.97,0.3,0.2,0.75,0.25,12.23,-22.92,True
1.05,0.015,0.97,0.3,0.2,1.0,0.0,11.93,-21.93,True
1.05,0.015,0.97,0.3,0.3,0.0,1.0,13.87,-26.19,True
1.05,0.015,0.97,0.3,0.3,0.25,0.75,13.68,-25.72,True
1.05,0.015,0.97,0.3,0.3,0.5,0.5,13.44,-25.2,True
1.05,0.015,0.97,0.3,0.3,0.75,0.25,13.17,-24.62,True
1.05,0.015,0.97,0.3,0.3,1.0,0.0,12.87,-23.97,True
1.05,0.015,0.97,0.4,0.0,0.0,1.0,10.67,-25.96,True
1.05,0.015,0.97,0.4,0.0,0.25,0.75,10.4,-23.47,True
1.05,0.015,0.97,0.4,0.0,0.5,0.5,10.06,-20.93,True
1.05,0.015,0.97,0.4,0.0,0.75,0.25,9.64,-18.34,True
1.05,0.015,0.97,0.4,0.0,1.0,0.0,9.14,-15.69,True
1.05,0.015,0.97,0.4,0.1,0.0,1.0,12.58,-23.69,True
1.05,0.015,0.97,0.4,0.1,0.25,0.75,12.31,-22.81,True
1.05,0.015,0.97,0.4,0.1,0.5,0.5,11.99,-21.77,True
1.05,0.015,0.97,0.4,0.1,0.75,0.25,11.62,-20.51,True
1.05,0.015,0.97,0.4,0.1,1.0,0.0,11.18,-18.95,True
1.05,0.015,0.97,0.4,0.2,0.0,1.0,13.61,-24.9,True
1.05,0.015,0.97,0.4,0.2,0.25,0.75,13.32,-24.24,True
1.05,0.015,0.97,0.4,0.2,0.5,0.5,13.01,-23.48,True
1.05,0.015,0.97,0.4,0.2,0.75,0.25,12.65,-22.6,True
1.05,0.015,0.97,0.4,0.2,1.0,0.0,12.26,-21.57,True
1.05,0.015,0.97,0.4,0.3,0.0,1.0,14.37,-25.83,True
1.05,0.015,0.97,0.4,0.3,0.25,0.75,14.1,-25.34,True
1.05,0.015,0.97,0.4,0.3,0.5,0.5,13.81,-24.79,True
1.05,0.015,0.97,0.4,0.3,0.75,0.25,13.49,-24.17,True
1.05,0.015,0.97,0.4,0.3,1.0,0.0,13.15,-23.48,True
1.05,0.015,0.99,0.1,0.0,0.0,1.0,3.59,-25.96,True
1.05,0.015,0.99,0.1,0.0,0.25,0.75,3.53,-24.11,True
1.05,0.015,0.99,0.1,0.0,0.5,0.5,3.44,-22.13,True
1.05,0.015,0.99,0.1,0.0,0.75,0.25,3.33,-20.01,True
1.05,0.015,0.99,0.1,0.0,1.0,0.0,3.21,-17.71,True
1.05,0.015,0.99,0.1,0.1,0.0,1.0,7.33,-22.04,True
1.05,0.015,0.99,0.1,0.1,0.25,0.75,7.32,-20.27,True
1.05,0.015,0.99,0.1,0.1,0.5,0.5,7.3,-19.38,True
1.05,0.015,0.99,0.1,0.1,0.75,0.25,7.28,-19.24,True
1.05,0.015,0.99,0.1,0.1,1.0,0.0,7.25,-19.14,True
1.05,0.015,0.99,0.1,0.2,0.0,1.0,9.55,-25.66,True
1.05,0.015,0.99,0.1,0.2,0.25,0.75,9.54,-25.44,True
1.05,0.015,0.99,0.1,0.2,0.5,0.5,9.53,-25.25,True
1.05,0.015,0.99,0.1,0.2,0.75,0.25,9.52,-25.09,True
1.05,0.015,0.99,0.1,0.2,1.0,0.0,9.49,-24.89,True
1.05,0.015,0.99,0.1,0.3,0.0,1.0,11.13,-27.86,True
1.05,0.015,0.99,0.1,0.3,0.25,0.75,11.12,-27.62,True
1.05,0.015,0.99,0.1,0.3,0.5,0.5,11.1,-27.43,True
1.05,0.015,0.99,0.1,0.3,0.75,0.25,11.09,-27.29,True
1.05,0.015,0.99,0.1,0.3,1.0,0.0,11.06,-27.21,True
1.05,0.015,0.99,0.2,0.0,0.0,1.0,3.56,-32.76,True
1.05,0.015,0.99,0.2,0.0,0.25,0.75,3.61,-30.35,True
1.05,0.015,0.99,0.2,0.0,0.5,0.5,3.63,-27.9,True
1.05,0.015,0.99,0.2,0.0,0.75,0.25,3.61,-25.39,True
1.05,0.015,0.99,0.2,0.0,1.0,0.0,3.56,-22.84,True
1.05,0.015,0.99,0.2,0.1,0.0,1.0,7.99,-26.67,True
1.05,0.015,0.99,0.2,0.1,0.25,0.75,7.98,-24.51,True
1.05,0.015,0.99,0.2,0.1,0.5,0.5,7.95,-22.32,True
1.05,0.015,0.99,0.2,0.1,0.75,0.25,7.91,-20.66,True
1.05,0.015,0.99,0.2,0.1,1.0,0.0,7.85,-20.14,True
1.05,0.015,0.99,0.2,0.2,0.0,1.0,10.15,-25.44,True
1.05,0.015,0.99,0.2,0.2,0.25,0.75,10.13,-24.97,True
1.05,0.015,0.99,0.2,0.2,0.5,0.5,10.1,-24.57,True
1.05,0.015,0.99,0.2,0.2,0.75,0.25,10.05,-24.23,True
1.05,0.015,0.99,0.2,0.2,1.0,0.0,9.99,-23.99,True
1.05,0.015,0.99,0.2,0.3,0.0,1.0,11.55,-27.4,True
1.05,0.015,0.99,0.2,0.3,0.25,0.75,11.53,-27.06,True
1.05,0.015,0.99,0.2,0.3,0.5,0.5,11.49,-26.78,True
1.05,0.015,0.99,0.2,0.3,0.75,0.25,11.45,-26.59,True
1.05,0.015,0.99,0.2,0.3,1.0,0.0,11.39,-26.48,True
1.05,0.015,0.99,0.3,0.0,0.0,1.0,4.62,-32.29,True
1.05,0.015,0.99,0.3,0.0,0.25,0.75,4.66,-30.07,True
1.05,0.015,0.99,0.3,0.0,0.5,0.5,4.65,-27.69,True
1.05,0.015,0.99,0.3,0.0,0.75,0.25,4.59,-25.12,True
1.05,0.015,0.99,0.3,0.0,1.0,0.0,4.49,-22.35,True
1.05,0.015,0.99,0.3,0.1,0.0,1.0,8.51,-28.19,True
1.05,0.015,0.99,0.3,0.1,0.25,0.75,8.49,-26.04,True
1.05,0.015,0.99,0.3,0.1,0.5,0.5,8.45,-23.76,True
1.05,0.015,0.99,0.3,0.1,0.75,0.25,8.38,-21.31,True
1.05,0.015,0.99,0.3,0.1,1.0,0.0,8.29,-19.85,True
1.05,0.015,0.99,0.3,0.2,0.0,1.0,10.38,-25.49,True
1.05,0.015,0.99,0.3,0.2,0.25,0.75,10.36,-24.99,True
1.05,0.015,0.99,0.3,0.2,0.5,0.5,10.33,-24.57,True
1.05,0.015,0.99,0.3,0.2,0.75,0.25,10.27,-24.21,True
1.05,0.015,0.99,0.3,0.2,1.0,0.0,10.19,-23.94,True
1.05,0.015,0.99,0.3,0.3,0.0,1.0,11.62,-27.6,True
1.05,0.015,0.99,0.3,0.3,0.25,0.75,11.6,-27.27,True
1.05,0.015,0.99,0.3,0.3,0.5,0.5,11.57,-27.0,True
1.05,0.015,0.99,0.3,0.3,0.75,0.25,11.53,-26.8,True
1.05,0.015,0.99,0.3,0.3,1.0,0.0,11.47,-26.67,True
1.05,0.015,0.99,0.4,0.0,0.0,1.0,5.53,-34.04,True
1.05,0.015,0.99,0.4,0.0,0.25,0.75,5.52,-31.7,True
1.05,0.015,0.99,0.4,0.0,0.5,0.5,5.47,-29.21,True
1.05,0.015,0.99,0.4,0.0,0.75,0.25,5.36,-26.54,True
1.05,0.015,0.99,0.4,0.0,1.0,0.0,5.2,-23.67,True
1.05,0.015,0.99,0.4,0.1,0.0,1.0,8.82,-30.06,True
1.05,0.015,0.99,0.4,0.1,0.25,0.75,8.79,-27.8,True
1.05,0.015,0.99,0.4,0.1,0.5,0.5,8.74,-25.4,True
1.05,0.015,0.99,0.4,0.1,0.75,0.25,8.65,-22.84,True
1.05,0.015,0.99,0.4,0.1,1.0,0.0,8.54,-20.09,True
1.05,0.015,0.99,0.4,0.2,0.0,1.0,10.51,-26.04,True
1.05,0.015,0.99,0.4,0.2,0.25,0.75,10.49,-25.01,True
1.05,0.015,0.99,0.4,0.2,0.5,0.5,10.45,-24.58,True
1.05,0.015,0.99,0.4,0.2,0.75,0.25,10.38,-24.23,True
1.05,0.015,0.99,0.4,0.2,1.0,0.0,10.3,-23.99,True
1.05,0.015,0.99,0.4,0.3,0.0,1.0,11.67,-27.6,True
1.05,0.015,0.99,0.4,0.3,0.25,0.75,11.66,-27.22,True
1.05,0.015,0.99,0.4,0.3,0.5,0.5,11.63,-26.91,True
1.05,0.015,0.99,0.4,0.3,0.75,0.25,11.57,-26.69,True
1.05,0.015,0.99,0.4,0.3,1.0,0.0,11.5,-26.57,True
1.05,0.015,1.0,0.1,0.0,0.0,1.0,1.36,-25.58,True
1.05,0.015,1.0,0.1,0.0,0.25,0.75,1.44,-23.76,True
1.05,0.015,1.0,0.1,0.0,0.5,0.5,1.51,-21.8,True
1.05,0.015,1.0,0.1,0.0,0.75,0.25,1.56,-19.7,True
1.05,0.015,1.0,0.1,0.0,1.0,0.0,1.6,-17.43,True
1.05,0.015,1.0,0.1,0.1,0.0,1.0,6.6,-22.56,True
1.05,0.015,1.0,0.1,0.1,0.25,0.75,6.63,-22.18,True
1.05,0.015,1.0,0.1,0.1,0.5,0.5,6.66,-21.81,True
1.05,0.015,1.0,0.1,0.1,0.75,0.25,6.69,-21.46,True
1.05,0.015,1.0,0.1,0.1,1.0,0.0,6.71,-21.13,True
1.05,0.015,1.0,0.1,0.2,0.0,1.0,9.18,-27.06,True
1.05,0.015,1.0,0.1,0.2,0.25,0.75,9.2,-26.72,True
1.05,0.015,1.0,0.1,0.2,0.5,0.5,9.21,-26.41,True
1.05,0.015,1.0,0.1,0.2,0.75,0.25,9.22,-26.11,True
1.05,0.015,1.0,0.1,0.2,1.0,0.0,9.23,-25.85,True
1.05,0.015,1.0,0.1,0.3,0.0,1.0,10.84,-28.67,True
1.05,0.015,1.0,0.1,0.3,0.25,0.75,10.84,-28.46,True
1.05,0.015,1.0,0.1,0.3,0.5,0.5,10.84,-28.26,True
1.05,0.015,1.0,0.1,0.3,0.75,0.25,10.84,-28.1,True
1.05,0.015,1.0,0.1,0.3,1.0,0.0,10.83,-27.96,True
1.05,0.015,1.0,0.2,0.0,0.0,1.0,1.57,-28.71,True
1.05,0.015,1.0,0.2,0.0,0.25,0.75,1.73,-26.73,True
1.05,0.015,1.0,0.2,0.0,0.5,0.5,1.87,-24.6,True
1.05,0.015,1.0,0.2,0.0,0.75,0.25,1.98,-22.29,True
1.05,0.015,1.0,0.2,0.0,1.0,0.0,2.07,-19.77,True
1.05,0.015,1.0,0.2,0.1,0.0,1.0,7.26,-25.07,True
1.05,0.015,1.0,0.2,0.1,0.25,0.75,7.28,-23.15,True
1.05,0.015,1.0,0.2,0.1,0.5,0.5,7.3,-21.92,True
1.05,0.015,1.0,0.2,0.1,0.75,0.25,7.3,-21.37,True
1.05,0.015,1.0,0.2,0.1,1.0,0.0,7.3,-20.86,True
1.05,0.015,1.0,0.2,0.2,0.0,1.0,9.55,-26.25,True
1.05,0.015,1.0,0.2,0.2,0.25,0.75,9.56,-25.86,True
1.05,0.015,1.0,0.2,0.2,0.5,0.5,9.56,-25.5,True
1.05,0.015,1.0,0.2,0.2,0.75,0.25,9.56,-25.19,True
1.05,0.015,1.0,0.2,0.2,1.0,0.0,9.55,-24.92,True
1.05,0.015,1.0,0.2,0.3,0.0,1.0,10.97,-28.3,True
1.05,0.015,1.0,0.2,0.3,0.25,0.75,10.98,-28.02,True
1.05,0.015,1.0,0.2,0.3,0.5,0.5,10.98,-27.78,True
1.05,0.015,1.0,0.2,0.3,0.75,0.25,10.98,-27.57,True
1.05,0.015,1.0,0.2,0.3,1.0,0.0,10.97,-27.41,True
1.05,0.015,1.0,0.3,0.0,0.0,1.0,2.8,-31.24,True
1.05,0.015,1.0,0.3,0.0,0.25,0.75,2.92,-29.07,True
1.05,0.015,1.0,0.3,0.0,0.5,0.5,3.01,-26.75,True
1.05,0.015,1.0,0.3,0.0,0.75,0.25,3.07,-24.25,True
1.05,0.015,1.0,0.3,0.0,1.0,0.0,3.1,-21.54,True
1.05,0.015,1.0,0.3,0.1,0.0,1.0,7.55,-27.4,True
1.05,0.015,1.0,0.3,0.1,0.25,0.75,7.58,-25.26,True
1.05,0.015,1.0,0.3,0.1,0.5,0.5,7.6,-22.99,True
1.05,0.015,1.0,0.3,0.1,0.75,0.25,7.6,-20.98,True
1.05,0.015,1.0,0.3,0.1,1.0,0.0,7.59,-20.44,True
1.05,0.015,1.0,0.3,0.2,0.0,1.0,9.5,-26.36,True
1.05,0.015,1.0,0.3,0.2,0.25,0.75,9.54,-25.94,True
1.05,0.015,1.0,0.3,0.2,0.5,0.5,9.56,-25.56,True
1.05,0.015,1.0,0.3,0.2,0.75,0.25,9.57,-25.21,True
1.05,0.015,1.0,0.3,0.2,1.0,0.0,9.56,-24.91,True
1.05,0.015,1.0,0.3,0.3,0.0,1.0,10.88,-28.53,True
1.05,0.015,1.0,0.3,0.3,0.25,0.75,10.91,-28.23,True
1.05,0.015,1.0,0.3,0.3,0.5,0.5,10.94,-27.96,True
1.05,0.015,1.0,0.3,0.3,0.75,0.25,10.96,-27.72,True
1.05,0.015,1.0,0.3,0.3,1.0,0.0,10.96,-27.52,True
1.05,0.015,1.0,0.4,0.0,0.0,1.0,3.49,-32.65,True
1.05,0.015,1.0,0.4,0.0,0.25,0.75,3.59,-30.38,True
1.05,0.015,1.0,0.4,0.0,0.5,0.5,3.66,-27.97,True
1.05,0.015,1.0,0.4,0.0,0.75,0.25,3.7,-25.38,True
1.05,0.015,1.0,0.4,0.0,1.0,0.0,3.7,-22.6,True
1.05,0.015,1.0,0.4,0.1,0.0,1.0,7.48,-28.79,True
1.05,0.015,1.0,0.4,0.1,0.25,0.75,7.53,-26.58,True
1.05,0.015,1.0,0.4,0.1,0.5,0.5,7.56,-24.23,True
1.05,0.015,1.0,0.4,0.1,0.75,0.25,7.58,-21.72,True
1.05,0.015,1.0,0.4,0.1,1.0,0.0,7.58,-20.5,True
1.05,0.015,1.0,0.4,0.2,0.0,1.0,9.42,-26.48,True
1.05,0.015,1.0,0.4,0.2,0.25,0.75,9.47,-26.04,True
1.05,0.015,1.0,0.4,0.2,0.5,0.5,9.51,-25.64,True
1.05,0.015,1.0,0.4,0.2,0.75,0.25,9.53,-25.28,True
1.05,0.015,1.0,0.4,0.2,1.0,0.0,9.55,-24.97,True
1.05,0.015,1.0,0.4,0.3,0.0,1.0,10.86,-28.4,True
1.05,0.015,1.0,0.4,0.3,0.25,0.75,10.9,-28.09,True
1.05,0.015,1.0,0.4,0.3,0.5,0.5,10.93,-27.82,True
1.05,0.015,1.0,0.4,0.3,0.75,0.25,10.95,-27.58,True
1.05,0.015,1.0,0.4,0.3,1.0,0.0,10.96,-27.39,True
1.05,0.015,1.01,0.1,0.0,0.0,1.0,3.71,-18.61,True
1.05,0.015,1.01,0.1,0.0,0.25,0.75,3.59,-17.19,True
1.05,0.015,1.01,0.1,0.0,0.5,0.5,3.45,-15.66,True
1.05,0.015,1.01,0.1,0.0,0.75,0.25,3.3,-14.01,True
1.05,0.015,1.01,0.1,0.0,1.0,0.0,3.14,-12.23,True
1.05,0.015,1.01,0.1,0.1,0.0,1.0,7.59,-15.51,True
1.05,0.015,1.01,0.1,0.1,0.25,0.75,7.54,-14.09,True
1.05,0.015,1.01,0.1,0.1,0.5,0.5,7.48,-13.92,True
1.05,0.015,1.01,0.1,0.1,0.75,0.25,7.42,-14.36,True
1.05,0.015,1.01,0.1,0.1,1.0,0.0,7.36,-14.82,True
1.05,0.015,1.01,0.1,0.2,0.0,1.0,9.75,-19.13,True
1.05,0.015,1.01,0.1,0.2,0.25,0.75,9.72,-19.55,True
1.05,0.015,1.01,0.1,0.2,0.5,0.5,9.68,-19.98,True
1.05,0.015,1.01,0.1,0.2,0.75,0.25,9.64,-20.42,True
1.05,0.015,1.01,0.1,0.2,1.0,0.0,9.6,-20.88,True
1.05,0.015,1.01,0.1,0.3,0.0,1.0,11.27,-22.64,True
1.05,0.015,1.01,0.1,0.3,0.25,0.75,11.24,-22.99,True
1.05,0.015,1.01,0.1,0.3,0.5,0.5,11.21,-23.35,True
1.05,0.015,1.01,0.1,0.3,0.75,0.25,11.18,-23.74,True
1.05,0.015,1.01,0.1,0.3,1.0,0.0,11.14,-24.15,True
1.05,0.015,1.01,0.2,0.0,0.0,1.0,5.11,-19.03,True
1.05,0.015,1.01,0.2,0.0,0.25,0.75,4.95,-17.6,True
1.05,0.015,1.01,0.2,0.0,0.5,0.5,4.78,-16.04,True
1.05,0.015,1.01,0.2,0.0,0.75,0.25,4.58,-14.34,True
1.05,0.015,1.01,0.2,0.0,1.0,0.0,4.36,-12.51,True
1.05,0.015,1.01,0.2,0.1,0.0,1.0,8.63,-16.2,True
1.05,0.015,1.01,0.2,0.1,0.25,0.75,8.53,-14.77,True
1.05,0.015,1.01,0.2,0.1,0.5,0.5,8.43,-13.22,True
1.05,0.015,1.01,0.2,0.1,0.75,0.25,8.31,-12.39,True
1.05,0.015,1.01,0.2,0.1,1.0,0.0,8.18,-12.93,True
1.05,0.015,1.01,0.2,0.2,0.0,1.0,10.57,-16.64,True
1.05,0.015,1.01,0.2,0.2,0.25,0.75,10.49,-17.13,True
1.05,0.015,1.01,0.2,0.2,0.5,0.5,10.39,-17.66,True
1.05,0.015,1.01,0.2,0.2,0.75,0.25,10.29,-18.23,True
1.05,0.015,1.01,0.2,0.2,1.0,0.0,10.17,-18.85,True
1.05,0.015,1.01,0.2,0.3,0.0,1.0,11.85,-20.28,True
1.05,0.015,1.01,0.2,0.3,0.25,0.75,11.77,-20.76,True
1.05,0.015,1.01,0.2,0.3,0.5,0.5,11.69,-21.26,True
1.05,0.015,1.01,0.2,0.3,0.75,0.25,11.6,-21.83,True
1.05,0.015,1.01,0.2,0.3,1.0,0.0,11.5,-22.45,True
1.05,0.015,1.01,0.3,0.0,0.0,1.0,6.61,-19.83,True
1.05,0.015,1.01,0.3,0.0,0.25,0.75,6.39,-18.24,True
1.05,0.015,1.01,0.3,0.0,0.5,0.5,6.13,-16.59,True
1.05,0.015,1.01,0.3,0.0,0.75,0.25,5.85,-14.81,True
1.05,0.015,1.01,0.3,0.0,1.0,0.0,5.54,-12.86,True
1.05,0.015,1.01,0.3,0.1,0.0,1.0,9.36,-17.42,True
1.05,0.015,1.01,0.3,0.1,0.25,0.75,9.22,-15.83,True
1.05,0.015,1.01,0.3,0.1,0.5,0.5,9.06,-14.21,True
1.05,0.015,1.01,0.3,0.1,0.75,0.25,8.89,-12.53,True
1.05,0.015,1.01,0.3,0.1,1.0,0.0,8.69,-12.0,True
1.05,0.015,1.01,0.3,0.2,0.0,1.0,10.9,-15.9,True
1.05,0.015,1.01,0.3,0.2,0.25,0.75,10.77,-16.43,True
1.05,0.015,1.01,0.3,0.2,0.5,0.5,10.64,-17.02,True
1.05,0.015,1.01,0.3,0.2,0.75,0.25,10.49,-17.65,True
1.05,0.015,1.01,0.3,0.2,1.0,0.0,10.33,-18.33,True
1.05,0.015,1.01,0.3,0.3,0.0,1.0,11.8,-20.47,True
1.05,0.015,1.01,0.3,0.3,0.25,0.75,11.72,-20.95,True
1.05,0.015,1.01,0.3,0.3,0.5,0.5,11.64,-21.48,True
1.05,0.015,1.01,0.3,0.3,0.75,0.25,11.55,-22.05,True
1.05,0.015,1.01,0.3,0.3,1.0,0.0,11.45,-22.63,True
1.05,0.015,1.01,0.4,0.0,0.0,1.0,7.35,-20.75,True
1.05,0.015,1.01,0.4,0.0,0.25,0.75,7.1,-19.12,True
1.05,0.015,1.01,0.4,0.0,0.5,0.5,6.82,-17.38,True
1.05,0.015,1.01,0.4,0.0,0.75,0.25,6.51,-15.51,True
1.05,0.015,1.01,0.4,0.0,1.0,0.0,6.16,-13.48,True
1.05,0.015,1.01,0.4,0.1,0.0,1.0,9.6,-18.24,True
1.05,0.015,1.01,0.4,0.1,0.25,0.75,9.43,-16.6,True
1.05,0.015,1.01,0.4,0.1,0.5,0.5,9.24,-14.84,True
1.05,0.015,1.01,0.4,0.1,0.75,0.25,9.04,-12.96,True
1.05,0.015,1.01,0.4,0.1,1.0,0.0,8.82,-11.83,True
1.05,0.015,1.01,0.4,0.2,0.0,1.0,10.75,-16.18,True
1.05,0.015,1.01,0.4,0.2,0.25,0.75,10.64,-16.67,True
1.05,0.015,1.01,0.4,0.2,0.5,0.5,10.53,-17.21,True
1.05,0.015,1.01,0.4,0.2,0.75,0.25,10.41,-17.81,True
1.05,0.015,1.01,0.4,0.2,1.0,0.0,10.29,-18.47,True
1.05,0.015,1.01,0.4,0.3,0.0,1.0,11.69,-20.59,True
1.05,0.015,1.01,0.4,0.3,0.25,0.75,11.63,-21.03,True
1.05,0.015,1.01,0.4,0.3,0.5,0.5,11.58,-21.51,True
1.05,0.015,1.01,0.4,0.3,0.75,0.25,11.52,-22.02,True
1.05,0.015,1.01,0.4,0.3,1.0,0.0,11.45,-22.57,True
1.05,0.015,1.02,0.1,0.0,0.0,1.0,1.93,-15.54,True
1.05,0.015,1.02,0.1,0.0,0.25,0.75,1.91,-14.34,True
1.05,0.015,1.02,0.1,0.0,0.5,0.5,1.89,-13.06,True
1.05,0.015,1.02,0.1,0.0,0.75,0.25,1.86,-11.69,True
1.05,0.015,1.02,0.1,0.0,1.0,0.0,1.83,-10.2,True
1.05,0.015,1.02,0.1,0.1,0.0,1.0,6.76,-16.96,True
1.05,0.015,1.02,0.1,0.1,0.25,0.75,6.76,-17.12,True
1.05,0.015,1.02,0.1,0.1,0.5,0.5,6.76,-17.28,True
1.05,0.015,1.02,0.1,0.1,0.75,0.25,6.76,-17.46,True
1.05,0.015,1.02,0.1,0.1,1.0,0.0,6.75,-17.65,True
1.05,0.015,1.02,0.1,0.2,0.0,1.0,9.2,-22.68,True
1.05,0.015,1.02,0.1,0.2,0.25,0.75,9.2,-22.82,True
1.05,0.015,1.02,0.1,0.2,0.5,0.5,9.2,-22.98,True
1.05,0.015,1.02,0.1,0.2,0.75,0.25,9.2,-23.15,True
1.05,0.015,1.02,0.1,0.2,1.0,0.0,9.19,-23.33,True
1.05,0.015,1.02,0.1,0.3,0.0,1.0,10.83,-25.5,True
1.05,0.015,1.02,0.1,0.3,0.25,0.75,10.83,-25.65,True
1.05,0.015,1.02,0.1,0.3,0.5,0.5,10.82,-25.81,True
1.05,0.015,1.02,0.1,0.3,0.75,0.25,10.81,-25.98,True
1.05,0.015,1.02,0.1,0.3,1.0,0.0,10.8,-26.16,True
1.05,0.015,1.02,0.2,0.0,0.0,1.0,2.56,-16.85,True
1.05,0.015,1.02,0.2,0.0,0.25,0.75,2.58,-15.42,True
1.05,0.015,1.02,0.2,0.0,0.5,0.5,2.57,-14.06,True
1.05,0.015,1.02,0.2,0.0,0.75,0.25,2.56,-12.58,True
1.05,0.015,1.02,0.2,0.0,1.0,0.0,2.52,-11.0,True
1.05,0.015,1.02,0.2,0.1,0.0,1.0,7.35,-14.76,True
1.05,0.015,1.02,0.2,0.1,0.25,0.75,7.33,-14.96,True
1.05,0.015,1.02,0.2,0.1,0.5,0.5,7.31,-15.19,True
1.05,0.015,1.02,0.2,0.1,0.75,0.25,7.28,-15.44,True
1.05,0.015,1.02,0.2,0.1,1.0,0.0,7.25,-15.73,True
1.05,0.015,1.02,0.2,0.2,0.0,1.0,9.66,-20.27,True
1.05,0.015,1.02,0.2,0.2,0.25,0.75,9.65,-20.5,True
1.05,0.015,1.02,0.2,0.2,0.5,0.5,9.62,-20.75,True
1.05,0.015,1.02,0.2,0.2,0.75,0.25,9.59,-21.03,True
1.05,0.015,1.02,0.2,0.2,1.0,0.0,9.56,-21.35,True
1.05,0.015,1.02,0.2,0.3,0.0,1.0,11.15,-23.66,True
1.05,0.015,1.02,0.2,0.3,0.25,0.75,11.13,-23.89,True
1.05,0.015,1.02,0.2,0.3,0.5,0.5,11.1,-24.14,True
1.05,0.015,1.02,0.2,0.3,0.75,0.25,11.07,-24.41,True
1.05,0.015,1.02,0.2,0.3,1.0,0.0,11.04,-24.71,True
1.05,0.015,1.02,0.3,0.0,0.0,1.0,3.43,-18.64,True
1.05,0.015,1.02,0.3,0.0,0.25,0.75,3.42,-17.07,True
1.05,0.015,1.02,0.3,0.0,0.5,0.5,3.38,-15.5,True
1.05,0.015,1.02,0.3,0.0,0.75,0.25,3.33,-13.93,True
1.05,0.015,1.02,0.3,0.0,1.0,0.0,3.26,-12.35,True
1.05,0.015,1.02,0.3,0.1,0.0,1.0,7.85,-15.62,True
1.05,0.015,1.02,0.3,0.1,0.25,0.75,7.81,-14.21,True
1.05,0.015,1.02,0.3,0.1,0.5,0.5,7.77,-13.84,True
1.05,0.015,1.02,0.3,0.1,0.75,0.25,7.72,-14.14,True
1.05,0.015,1.02,0.3,0.1,1.0,0.0,7.65,-14.47,True
1.05,0.015,1.02,0.3,0.2,0.0,1.0,9.9,-19.35,True
1.05,0.015,1.02,0.3,0.2,0.25,0.75,9.87,-19.61,True
1.05,0.015,1.02,0.3,0.2,0.5,0.5,9.83,-19.9,True
1.05,0.015,1.02,0.3,0.2,0.75,0.25,9.79,-20.22,True
1.05,0.015,1.02,0.3,0.2,1.0,0.0,9.74,-20.58,True
1.05,0.015,1.02,0.3,0.3,0.0,1.0,11.29,-22.8,True
1.05,0.015,1.02,0.3,0.3,0.25,0.75,11.26,-23.04,True
1.05,0.015,1.02,0.3,0.3,0.5,0.5,11.23,-23.32,True
1.05,0.015,1.02,0.3,0.3,0.75,0.25,11.2,-23.62,True
1.05,0.015,1.02,0.3,0.3,1.0,0.0,11.16,-23.95,True
1.05,0.015,1.02,0.4,0.0,0.0,1.0,4.27,-19.84,True
1.05,0.015,1.02,0.4,0.0,0.25,0.75,4.22,-18.28,True
1.05,0.015,1.02,0.4,0.0,0.5,0.5,4.15,-16.63,True
1.05,0.015,1.02,0.4,0.0,0.75,0.25,4.05,-14.87,True
1.05,0.015,1.02,0.4,0.0,1.0,0.0,3.93,-12.98,True
1.05,0.015,1.02,0.4,0.1,0.0,1.0,8.1,-17.49,True
1.05,0.015,1.02,0.4,0.1,0.25,0.75,8.06,-15.92,True
1.05,0.015,1.02,0.4,0.1,0.5,0.5,8.0,-14.26,True
1.05,0.015,1.02,0.4,0.1,0.75,0.25,7.94,-13.55,True
1.05,0.015,1.02,0.4,0.1,1.0,0.0,7.86,-13.91,True
1.05,0.015,1.02,0.4,0.2,0.0,1.0,10.06,-18.62,True
1.05,0.015,1.02,0.4,0.2,0.25,0.75,10.02,-18.89,True
1.05,0.015,1.02,0.4,0.2,0.5,0.5,9.98,-19.2,True
1.05,0.015,1.02,0.4,0.2,0.75,0.25,9.92,-19.55,True
1.05,0.015,1.02,0.4,0.2,1.0,0.0,9.87,-19.94,True
1.05,0.015,1.02,0.4,0.3,0.0,1.0,11.36,-22.32,True
1.05,0.015,1.02,0.4,0.3,0.25,0.75,11.33,-22.56,True
1.05,0.015,1.02,0.4,0.3,0.5,0.5,11.3,-22.85,True
1.05,0.015,1.02,0.4,0.3,0.75,0.25,11.27,-23.18,True
1.05,0.015,1.02,0.4,0.3,1.0,0.0,11.22,-23.53,True
1.05,0.02,0.95,0.1,0.0,0.0,1.0,5.5,-27.68,True
1.05,0.02,0.95,0.1,0.0,0.25,0.75,5.34,-26.11,True
1.05,0.02,0.95,0.1,0.0,0.5,0.5,5.15,-24.26,True
1.05,0.02,0.95,0.1,0.0,0.75,0.25,4.93,-22.03,True
1.05,0.02,0.95,0.1,0.0,1.0,0.0,4.68,-19.3,True
1.05,0.02,0.95,0.1,0.1,0.0,1.0,8.65,-28.63,True
1.05,0.02,0.95,0.1,0.1,0.25,0.75,8.52,-27.48,True
1.05,0.02,0.95,0.1,0.1,0.5,0.5,8.38,-26.15,True
1.05,0.02,0.95,0.1,0.1,0.75,0.25,8.22,-24.62,True
1.05,0.02,0.95,0.1,0.1,1.0,0.0,8.04,-22.82,True
1.05,0.02,0.95,0.1,0.2,0.0,1.0,10.49,-29.22,True
1.05,0.02,0.95,0.1,0.2,0.25,0.75,10.38,-28.3,True
1.05,0.02,0.95,0.1,0.2,0.5,0.5,10.26,-27.27,True
1.05,0.02,0.95,0.1,0.2,0.75,0.25,10.13,-26.12,True
1.05,0.02,0.95,0.1,0.2,1.0,0.0,9.99,-24.82,True
1.05,0.02,0.95,0.1,0.3,0.0,1.0,11.83,-29.69,True
1.05,0.02,0.95,0.1,0.3,0.25,0.75,11.71,-28.94,True
1.05,0.02,0.95,0.1,0.3,0.5,0.5,11.59,-28.12,True
1.05,0.02,0.95,0.1,0.3,0.75,0.25,11.47,-27.22,True
1.05,0.02,0.95,0.1,0.3,1.0,0.0,11.34,-26.24,True
1.05,0.02,0.95,0.2,0.0,0.0,1.0,8.86,-27.68,True
1.05,0.02,0.95,0.2,0.0,0.25,0.75,8.58,-26.18,True
1.05,0.02,0.95,0.2,0.0,0.5,0.5,8.25,-24.37,True
1.05,0.02,0.95,0.2,0.0,0.75,0.25,7.87,-22.13,True
1.05,0.02,0.95,0.2,0.0,1.0,0.0,7.44,-19.3,True
1.05,0.02,0.95,0.2,0.1,0.0,1.0,10.43,-28.25,True
1.05,0.02,0.95,0.2,0.1,0.25,0.75,10.22,-27.0,True
1.05,0.02,0.95,0.2,0.1,0.5,0.5,9.99,-25.55,True
1.05,0.02,0.95,0.2,0.1,0.75,0.25,9.72,-23.82,True
1.05,0.02,0.95,0.2,0.1,1.0,0.0,9.42,-21.76,True
1.05,0.02,0.95,0.2,0.2,0.0,1.0,11.61,-28.69,True
1.05,0.02,0.95,0.2,0.2,0.25,0.75,11.45,-27.64,True
1.05,0.02,0.95,0.2,0.2,0.5,0.5,11.27,-26.44,True
1.05,0.02,0.95,0.2,0.2,0.75,0.25,11.06,-25.08,True
1.05,0.02,0.95,0.2,0.2,1.0,0.0,10.84,-23.5,True
1.05,0.02,0.95,0.2,0.3,0.0,1.0,12.52,-29.09,True
1.05,0.02,0.95,0.2,0.3,0.25,0.75,12.39,-28.2,True
1.05,0.02,0.95,0.2,0.3,0.5,0.5,12.25,-27.21,True
1.05,0.02,0.95,0.2,0.3,0.75,0.25,12.09,-26.11,True
1.05,0.02,0.95,0.2,0.3,1.0,0.0,11.92,-24.9,True
1.05,0.02,0.95,0.3,0.0,0.0,1.0,9.7,-27.68,True
1.05,0.02,0.95,0.3,0.0,0.25,0.75,9.41,-26.21,True
1.05,0.02,0.95,0.3,0.0,0.5,0.5,9.06,-24.41,True
1.05,0.02,0.95,0.3,0.0,0.75,0.25,8.65,-22.17,True
1.05,0.02,0.95,0.3,0.0,1.0,0.0,8.17,-19.3,True
1.05,0.02,0.95,0.3,0.1,0.0,1.0,10.9,-28.11,True
1.05,0.02,0.95,0.3,0.1,0.25,0.75,10.7,-26.84,True
1.05,0.02,0.95,0.3,0.1,0.5,0.5,10.45,-25.34,True
1.05,0.02,0.95,0.3,0.1,0.75,0.25,10.18,-23.53,True
1.05,0.02,0.95,0.3,0.1,1.0,0.0,9.85,-21.33,True
1.05,0.02,0.95,0.3,0.2,0.0,1.0,11.96,-28.49,True
1.05,0.02,0.95,0.3,0.2,0.25,0.75,11.81,-27.39,True
1.05,0.02,0.95,0.3,0.2,0.5,0.5,11.62,-26.12,True
1.05,0.02,0.95,0.3,0.2,0.75,0.25,11.4,-24.65,True
1.05,0.02,0.95,0.3,0.2,1.0,0.0,11.15,-22.92,True
1.05,0.02,0.95,0.3,0.3,0.0,1.0,12.85,-28.83,True
1.05,0.02,0.95,0.3,0.3,0.25,0.75,12.71,-27.88,True
1.05,0.02,0.95,0.3,0.3,0.5,0.5,12.56,-26.81,True
1.05,0.02,0.95,0.3,0.3,0.75,0.25,12.39,-25.62,True
1.05,0.02,0.95,0.3,0.3,1.0,0.0,12.19,-24.28,True
1.05,0.02,0.95,0.4,0.0,0.0,1.0,10.09,-27.68,True
1.05,0.02,0.95,0.4,0.0,0.25,0.75,9.82,-26.22,True
1.05,0.02,0.95,0.4,0.0,0.5,0.5,9.47,-24.44,True
1.05,0.02,0.95,0.4,0.0,0.75,0.25,9.05,-22.2,True
1.05,0.02,0.95,0.4,0.0,1.0,0.0,8.55,-19.3,True
1.05,0.02,0.95,0.4,0.1,0.0,1.0,11.35,-28.04,True
1.05,0.02,0.95,0.4,0.1,0.25,0.75,11.14,-26.76,True
1.05,0.02,0.95,0.4,0.1,0.5,0.5,10.88,-25.23,True
1.05,0.02,0.95,0.4,0.1,0.75,0.25,10.56,-23.37,True
1.05,0.02,0.95,0.4,0.1,1.0,0.0,10.19,-21.09,True
1.05,0.02,0.95,0.4,0.2,0.0,1.0,12.29,-28.38,True
1.05,0.02,0.95,0.4,0.2,0.25,0.75,12.12,-27.25,True
1.05,0.02,0.95,0.4,0.2,0.5,0.5,11.92,-25.94,True
1.05,0.02,0.95,0.4,0.2,0.75,0.25,11.69,-24.41,True
1.05,0.02,0.95,0.4,0.2,1.0,0.0,11.42,-22.6,True
1.05,0.02,0.95,0.4,0.3,0.0,1.0,13.05,-28.73,True
1.05,0.02,0.95,0.4,0.3,0.25,0.75,12.93,-27.75,True
1.05,0.02,0.95,0.4,0.3,0.5,0.5,12.78,-26.63,True
1.05,0.02,0.95,0.4,0.3,0.75,0.25,12.59,-25.38,True
1.05,0.02,0.95,0.4,0.3,1.0,0.0,12.38,-23.97,True
1.05,0.02,0.97,0.1,0.0,0.0,1.0,4.99,-22.06,True
1.05,0.02,0.97,0.1,0.0,0.25,0.75,4.8,-20.77,True
1.05,0.02,0.97,0.1,0.0,0.5,0.5,4.59,-19.24,True
1.05,0.02,0.97,0.1,0.0,0.75,0.25,4.36,-17.4,True
1.05,0.02,0.97,0.1,0.0,1.0,0.0,4.09,-15.15,True
1.05,0.02,0.97,0.1,0.1,0.0,1.0,8.0,-24.7,True
1.05,0.02,0.97,0.1,0.1,0.25,0.75,7.89,-23.94,True
1.05,0.02,0.97,0.1,0.1,0.5,0.5,7.77,-23.07,True
1.05,0.02,0.97,0.1,0.1,0.75,0.25,7.63,-22.06,True
1.05,0.02,0.97,0.1,0.1,1.0,0.0,7.48,-20.87,True
1.05,0.02,0.97,0.1,0.2,0.0,1.0,9.79,-26.53,True
1.05,0.02,0.97,0.1,0.2,0.25,0.75,9.73,-26.02,True
1.05,0.02,0.97,0.1,0.2,0.5,0.5,9.65,-25.45,True
1.05,0.02,0.97,0.1,0.2,0.75,0.25,9.57,-24.81,True
1.05,0.02,0.97,0.1,0.2,1.0,0.0,9.47,-24.09,True
1.05,0.02,0.97,0.1,0.3,0.0,1.0,11.18,-27.86,True
1.05,0.02,0.97,0.1,0.3,0.25,0.75,11.13,-27.52,True
1.05,0.02,0.97,0.1,0.3,0.5,0.5,11.08,-27.15,True
1.05,0.02,0.97,0.1,0.3,0.75,0.25,11.01,-26.74,True
1.05,0.02,0.97,0.1,0.3,1.0,0.0,10.94,-26.28,True
1.05,0.02,0.97,0.2,0.0,0.0,1.0,5.44,-22.06,True
1.05,0.02,0.97,0.2,0.0,0.25,0.75,5.37,-20.82,True
1.05,0.02,0.97,0.2,0.0,0.5,0.5,5.25,-19.33,True
1.05,0.02,0.97,0.2,0.0,0.75,0.25,5.08,-17.48,True
1.05,0.02,0.97,0.2,0.0,1.0,0.0,4.86,-15.15,True
1.05,0.02,0.97,0.2,0.1,0.0,1.0,8.15,-24.45,True
1.05,0.02,0.97,0.2,0.1,0.25,0.75,8.13,-23.66,True
1.05,0.02,0.97,0.2,0.1,0.5,0.5,8.08,-22.74,True
1.05,0.02,0.97,0.2,0.1,0.75,0.25,8.01,-21.66,True
1.05,0.02,0.97,0.2,0.1,1.0,0.0,7.91,-20.36,True
1.05,0.02,0.97,0.2,0.2,0.0,1.0,9.94,-26.13,True
1.05,0.02,0.97,0.2,0.2,0.25,0.75,9.93,-25.59,True
1.05,0.02,0.97,0.2,0.2,0.5,0.5,9.91,-24.99,True
1.05,0.02,0.97,0.2,0.2,0.75,0.25,9.87,-24.3,True
1.05,0.02,0.97,0.2,0.2,1.0,0.0,9.8,-23.52,True
1.05,0.02,0.97,0.2,0.3,0.0,1.0,11.25,-27.47,True
1.05,0.02,0.97,0.2,0.3,0.25,0.75,11.25,-27.09,True
1.05,0.02,0.97,0.2,0.3,0.5,0.5,11.24,-26.68,True
1.05,0.02,0.97,0.2,0.3,0.75,0.25,11.21,-26.24,True
1.05,0.02,0.97,0.2,0.3,1.0,0.0,11.17,-25.75,True
1.05,0.02,0.97,0.3,0.0,0.0,1.0,5.13,-26.58,True
1.05,0.02,0.97,0.3,0.0,0.25,0.75,5.16,-24.02,True
1.05,0.02,0.97,0.3,0.0,0.5,0.5,5.13,-21.4,True
1.05,0.02,0.97,0.3,0.0,0.75,0.25,5.04,-18.74,True
1.05,0.02,0.97,0.3,0.0,1.0,0.0,4.88,-16.01,True
1.05,0.02,0.97,0.3,0.1,0.0,1.0,8.13,-24.5,True
1.05,0.02,0.97,0.3,0.1,0.25,0.75,8.14,-23.55,True
1.05,0.02,0.97,0.3,0.1,0.5,0.5,8.13,-22.61,True
1.05,0.02,0.97,0.3,0.1,0.75,0.25,8.07,-21.49,True
1.05,0.02,0.97,0.3,0.1,1.0,0.0,7.99,-20.13,True
1.05,0.02,0.97,0.3,0.2,0.0,1.0,10.01,-25.96,True
1.05,0.02,0.97,0.3,0.2,0.25,0.75,10.01,-25.4,True
1.05,0.02,0.97,0.3,0.2,0.5,0.5,10.0,-24.77,True
1.05,0.02,0.97,0.3,0.2,0.75,0.25,9.97,-24.05,True
1.05,0.02,0.97,0.3,0.2,1.0,0.0,9.91,-23.22,True
1.05,0.02,0.97,0.3,0.3,0.0,1.0,11.45,-27.0,True
1.05,0.02,0.97,0.3,0.3,0.25,0.75,11.44,-26.61,True
1.05,0.02,0.97,0.3,0.3,0.5,0.5,11.42,-26.18,True
1.05,0.02,0.97,0.3,0.3,0.75,0.25,11.37,-25.71,True
1.05,0.02,0.97,0.3,0.3,1.0,0.0,11.31,-25.19,True
1.05,0.02,0.97,0.4,0.0,0.0,1.0,5.04,-31.24,True
1.05,0.02,0.97,0.4,0.0,0.25,0.75,5.12,-28.41,True
1.05,0.02,0.97,0.4,0.0,0.5,0.5,5.13,-25.5,True
1.05,0.02,0.97,0.4,0.0,0.75,0.25,5.07,-22.53,True
1.05,0.02,0.97,0.4,0.0,1.0,0.0,4.93,-19.48,True
1.05,0.02,0.97,0.4,0.1,0.0,1.0,8.22,-27.22,True
1.05,0.02,0.97,0.4,0.1,0.25,0.75,8.25,-24.57,True
1.05,0.02,0.97,0.4,0.1,0.5,0.5,8.25,-22.48,True
1.05,0.02,0.97,0.4,0.1,0.75,0.25,8.2,-21.33,True
1.05,0.02,0.97,0.4,0.1,1.0,0.0,8.12,-19.95,True
1.05,0.02,0.97,0.4,0.2,0.0,1.0,10.28,-25.59,True
1.05,0.02,0.97,0.4,0.2,0.25,0.75,10.28,-25.01,True
1.05,0.02,0.97,0.4,0.2,0.5,0.5,10.25,-24.35,True
1.05,0.02,0.97,0.4,0.2,0.75,0.25,10.19,-23.6,True
1.05,0.02,0.97,0.4,0.2,1.0,0.0,10.1,-22.73,True
1.05,0.02,0.97,0.4,0.3,0.0,1.0,11.65,-26.54,True
1.05,0.02,0.97,0.4,0.3,0.25,0.75,11.63,-26.12,True
1.05,0.02,0.97,0.4,0.3,0.5,0.5,11.59,-25.66,True
1.05,0.02,0.97,0.4,0.3,0.75,0.25,11.53,-25.15,True
1.05,0.02,0.97,0.4,0.3,1.0,0.0,11.45,-24.61,True
1.05,0.02,0.99,0.1,0.0,0.0,1.0,3.21,-25.29,True
1.05,0.02,0.99,0.1,0.0,0.25,0.75,3.08,-23.41,True
1.05,0.02,0.99,0.1,0.0,0.5,0.5,2.94,-21.4,True
1.05,0.02,0.99,0.1,0.0,0.75,0.25,2.79,-19.24,True
1.05,0.02,0.99,0.1,0.0,1.0,0.0,2.64,-16.93,True
1.05,0.02,0.99,0.1,0.1,0.0,1.0,7.36,-22.34,True
1.05,0.02,0.99,0.1,0.1,0.25,0.75,7.3,-20.5,True
1.05,0.02,0.99,0.1,0.1,0.5,0.5,7.24,-18.5,True
1.05,0.02,0.99,0.1,0.1,0.75,0.25,7.18,-16.36,True
1.05,0.02,0.99,0.1,0.1,1.0,0.0,7.11,-16.28,True
1.05,0.02,0.99,0.1,0.2,0.0,1.0,9.45,-20.43,True
1.05,0.02,0.99,0.1,0.2,0.25,0.75,9.42,-20.8,True
1.05,0.02,0.99,0.1,0.2,0.5,0.5,9.38,-21.18,True
1.05,0.02,0.99,0.1,0.2,0.75,0.25,9.35,-21.59,True
1.05,0.02,0.99,0.1,0.2,1.0,0.0,9.31,-22.02,True
1.05,0.02,0.99,0.1,0.3,0.0,1.0,10.89,-24.16,True
1.05,0.02,0.99,0.1,0.3,0.25,0.75,10.87,-24.48,True
1.05,0.02,0.99,0.1,0.3,0.5,0.5,10.85,-24.82,True
1.05,0.02,0.99,0.1,0.3,0.75,0.25,10.83,-25.18,True
1.05,0.02,0.99,0.1,0.3,1.0,0.0,10.8,-25.56,True
1.05,0.02,0.99,0.2,0.0,0.0,1.0,4.26,-29.72,True
1.05,0.02,0.99,0.2,0.0,0.25,0.75,4.15,-27.69,True
1.05,0.02,0.99,0.2,0.0,0.5,0.5,4.01,-25.49,True
1.05,0.02,0.99,0.2,0.0,0.75,0.25,3.86,-23.09,True
1.05,0.02,0.99,0.2,0.0,1.0,0.0,3.68,-20.47,True
1.05,0.02,0.99,0.2,0.1,0.0,1.0,7.44,-26.23,True
1.05,0.02,0.99,0.2,0.1,0.25,0.75,7.41,-24.22,True
1.05,0.02,0.99,0.2,0.1,0.5,0.5,7.37,-22.06,True
1.05,0.02,0.99,0.2,0.1,0.75,0.25,7.32,-19.71,True
1.05,0.02,0.99,0.2,0.1,1.0,0.0,7.27,-17.15,True
1.05,0.02,0.99,0.2,0.2,0.0,1.0,9.42,-22.46,True
1.05,0.02,0.99,0.2,0.2,0.25,0.75,9.42,-21.86,True
1.05,0.02,0.99,0.2,0.2,0.5,0.5,9.4,-22.03,True
1.05,0.02,0.99,0.2,0.2,0.75,0.25,9.38,-22.25,True
1.05,0.02,0.99,0.2,0.2,1.0,0.0,9.36,-22.52,True
1.05,0.02,0.99,0.2,0.3,0.0,1.0,10.83,-25.79,True
1.05,0.02,0.99,0.2,0.3,0.25,0.75,10.84,-25.79,True
1.05,0.02,0.99,0.2,0.3,0.5,0.5,10.84,-25.82,True
1.05,0.02,0.99,0.2,0.3,0.75,0.25,10.84,-25.9,True
1.05,0.02,0.99,0.2,0.3,1.0,0.0,10.83,-26.03,True
1.05,0.02,0.99,0.3,0.0,0.0,1.0,3.41,-33.14,True
1.05,0.02,0.99,0.3,0.0,0.25,0.75,3.43,-30.91,True
1.05,0.02,0.99,0.3,0.0,0.5,0.5,3.41,-28.5,True
1.05,0.02,0.99,0.3,0.0,0.75,0.25,3.36,-25.89,True
1.05,0.02,0.99,0.3,0.0,1.0,0.0,3.28,-23.04,True
1.05,0.02,0.99,0.3,0.1,0.0,1.0,7.12,-29.59,True
1.05,0.02,0.99,0.3,0.1,0.25,0.75,7.15,-27.15,True
1.05,0.02,0.99,0.3,0.1,0.5,0.5,7.16,-24.81,True
1.05,0.02,0.99,0.3,0.1,0.75,0.25,7.15,-22.28,True
1.05,0.02,0.99,0.3,0.1,1.0,0.0,7.13,-19.54,True
1.05,0.02,0.99,0.3,0.2,0.0,1.0,9.33,-24.82,True
1.05,0.02,0.99,0.3,0.2,0.25,0.75,9.35,-23.27,True
1.05,0.02,0.99,0.3,0.2,0.5,0.5,9.37,-23.19,True
1.05,0.02,0.99,0.3,0.2,0.75,0.25,9.37,-23.17,True
1.05,0.02,0.99,0.3,0.2,1.0,0.0,9.36,-23.21,True
1.05,0.02,0.99,0.3,0.3,0.0,1.0,10.88,-25.92,True
1.05,0.02,0.99,0.3,0.3,0.25,0.75,10.89,-25.87,True
1.05,0.02,0.99,0.3,0.3,0.5,0.5,10.9,-25.89,True
1.05,0.02,0.99,0.3,0.3,0.75,0.25,10.91,-25.96,True
1.05,0.02,0.99,0.3,0.3,1.0,0.0,10.89,-26.07,True
1.05,0.02,0.99,0.4,0.0,0.0,1.0,2.84,-37.27,True
1.05,0.02,0.99,0.4,0.0,0.25,0.75,2.93,-34.54,True
1.05,0.02,0.99,0.4,0.0,0.5,0.5,2.99,-31.74,True
1.05,0.02,0.99,0.4,0.0,0.75,0.25,3.02,-28.86,True
1.05,0.02,0.99,0.4,0.0,1.0,0.0,3.0,-25.91,True
1.05,0.02,0.99,0.4,0.1,0.0,1.0,7.13,-32.43,True
1.05,0.02,0.99,0.4,0.1,0.25,0.75,7.17,-29.86,True
1.05,0.02,0.99,0.4,0.1,0.5,0.5,7.2,-27.22,True
1.05,0.02,0.99,0.4,0.1,0.75,0.25,7.22,-24.53,True
1.05,0.02,0.99,0.4,0.1,1.0,0.0,7.21,-21.78,True
1.05,0.02,0.99,0.4,0.2,0.0,1.0,9.41,-27.07,True
1.05,0.02,0.99,0.4,0.2,0.25,0.75,9.43,-24.68,True
1.05,0.02,0.99,0.4,0.2,0.5,0.5,9.45,-23.22,True
1.05,0.02,0.99,0.4,0.2,0.75,0.25,9.45,-23.18,True
1.05,0.02,0.99,0.4,0.2,1.0,0.0,9.45,-23.21,True
1.05,0.02,0.99,0.4,0.3,0.0,1.0,10.95,-25.9,True
1.05,0.02,0.99,0.4,0.3,0.25,0.75,10.97,-25.74,True
1.05,0.02,0.99,0.4,0.3,0.5,0.5,10.99,-25.65,True
1.05,0.02,0.99,0.4,0.3,0.75,0.25,10.98,-25.55,True
1.05,0.02,0.99,0.4,0.3,1.0,0.0,10.97,-25.55,True
1.05,0.02,1.0,0.1,0.0,0.0,1.0,1.34,-25.29,True
1.05,0.02,1.0,0.1,0.0,0.25,0.75,1.34,-23.41,True
1.05,0.02,1.0,0.1,0.0,0.5,0.5,1.34,-21.4,True
1.05,0.02,1.0,0.1,0.0,0.75,0.25,1.33,-19.24,True
1.05,0.02,1.0,0.1,0.0,1.0,0.0,1.33,-16.93,True
1.05,0.02,1.0,0.1,0.1,0.0,1.0,6.44,-22.45,True
1.05,0.02,1.0,0.1,0.1,0.25,0.75,6.46,-20.57,True
1.05,0.02,1.0,0.1,0.1,0.5,0.5,6.48,-18.79,True
1.05,0.02,1.0,0.1,0.1,0.75,0.25,6.49,-18.85,True
1.05,0.02,1.0,0.1,0.1,1.0,0.0,6.51,-18.92,True
1.05,0.02,1.0,0.1,0.2,0.0,1.0,8.94,-24.19,True
1.05,0.02,1.0,0.1,0.2,0.25,0.75,8.95,-24.24,True
1.05,0.02,1.0,0.1,0.2,0.5,0.5,8.96,-24.29,True
1.05,0.02,1.0,0.1,0.2,0.75,0.25,8.97,-24.35,True
1.05,0.02,1.0,0.1,0.2,1.0,0.0,8.98,-24.43,True
1.05,0.02,1.0,0.1,0.3,0.0,1.0,10.58,-27.1,True
1.05,0.02,1.0,0.1,0.3,0.25,0.75,10.59,-27.13,True
1.05,0.02,1.0,0.1,0.3,0.5,0.5,10.6,-27.16,True
1.05,0.02,1.0,0.1,0.3,0.75,0.25,10.61,-27.2,True
1.05,0.02,1.0,0.1,0.3,1.0,0.0,10.62,-27.24,True
1.05,0.02,1.0,0.2,0.0,0.0,1.0,1.88,-29.72,True
1.05,0.02,1.0,0.2,0.0,0.25,0.75,1.92,-27.69,True
1.05,0.02,1.0,0.2,0.0,0.5,0.5,1.95,-25.49,True
1.05,0.02,1.0,0.2,0.0,0.75,0.25,1.96,-23.09,True
1.05,0.02,1.0,0.2,0.0,1.0,0.0,1.97,-20.47,True
1.05,0.02,1.0,0.2,0.1,0.0,1.0,6.63,-26.43,True
1.05,0.02,1.0,0.2,0.1,0.25,0.75,6.66,-24.4,True
1.05,0.02,1.0,0.2,0.1,0.5,0.5,6.68,-22.21,True
1.05,0.02,1.0,0.2,0.1,0.75,0.25,6.71,-19.84,True
1.05,0.02,1.0,0.2,0.1,1.0,0.0,6.72,-18.33,True
1.05,0.02,1.0,0.2,0.2,0.0,1.0,9.04,-24.36,True
1.05,0.02,1.0,0.2,0.2,0.25,0.75,9.07,-24.24,True
1.05,0.02,1.0,0.2,0.2,0.5,0.5,9.09,-24.15,True
1.05,0.02,1.0,0.2,0.2,0.75,0.25,9.1,-24.08,True
1.05,0.02,1.0,0.2,0.2,1.0,0.0,9.12,-24.04,True
1.05,0.02,1.0,0.2,0.3,0.0,1.0,10.61,-27.68,True
1.05,0.02,1.0,0.2,0.3,0.25,0.75,10.63,-27.55,True
1.05,0.02,1.0,0.2,0.3,0.5,0.5,10.65,-27.45,True
1.05,0.02,1.0,0.2,0.3,0.75,0.25,10.66,-27.38,True
1.05,0.02,1.0,0.2,0.3,1.0,0.0,10.67,-27.32,True
1.05,0.02,1.0,0.3,0.0,0.0,1.0,1.34,-33.14,True
1.05,0.02,1.0,0.3,0.0,0.25,0.75,1.48,-30.91,True
1.05,0.02,1.0,0.3,0.0,0.5,0.5,1.6,-28.5,True
1.05,0.02,1.0,0.3,0.0,0.75,0.25,1.7,-25.89,True
1.05,0.02,1.0,0.3,0.0,1.0,0.0,1.79,-23.04,True
1.05,0.02,1.0,0.3,0.1,0.0,1.0,6.54,-29.66,True
1.05,0.02,1.0,0.3,0.1,0.25,0.75,6.59,-27.45,True
1.05,0.02,1.0,0.3,0.1,0.5,0.5,6.64,-25.08,True
1.05,0.02,1.0,0.3,0.1,0.75,0.25,6.68,-22.52,True
1.05,0.02,1.0,0.3,0.1,1.0,0.0,6.72,-19.73,True
1.05,0.02,1.0,0.3,0.2,0.0,1.0,8.98,-25.56,True
1.05,0.02,1.0,0.3,0.2,0.25,0.75,9.02,-25.33,True
1.05,0.02,1.0,0.3,0.2,0.5,0.5,9.06,-25.13,True
1.05,0.02,1.0,0.3,0.2,0.75,0.25,9.09,-24.94,True
1.05,0.02,1.0,0.3,0.2,1.0,0.0,9.1,-24.78,True
1.05,0.02,1.0,0.3,0.3,0.0,1.0,10.6,-28.09,True
1.05,0.02,1.0,0.3,0.3,0.25,0.75,10.63,-27.86,True
1.05,0.02,1.0,0.3,0.3,0.5,0.5,10.66,-27.67,True
1.05,0.02,1.0,0.3,0.3,0.75,0.25,10.69,-27.5,True
1.05,0.02,1.0,0.3,0.3,1.0,0.0,10.7,-27.37,True
1.05,0.02,1.0,0.4,0.0,0.0,1.0,0.95,-35.69,True
1.05,0.02,1.0,0.4,0.0,0.25,0.75,1.15,-33.29,True
1.05,0.02,1.0,0.4,0.0,0.5,0.5,1.33,-30.72,True
1.05,0.02,1.0,0.4,0.0,0.75,0.25,1.49,-27.94,True
1.05,0.02,1.0,0.4,0.0,1.0,0.0,1.62,-24.93,True
1.05,0.02,1.0,0.4,0.1,0.0,1.0,6.52,-31.59,True
1.05,0.02,1.0,0.4,0.1,0.25,0.75,6.59,-29.24,True
1.05,0.02,1.0,0.4,0.1,0.5,0.5,6.66,-26.73,True
1.05,0.02,1.0,0.4,0.1,0.75,0.25,6.72,-24.04,True
1.05,0.02,1.0,0.4,0.1,1.0,0.0,6.76,-21.13,True
1.05,0.02,1.0,0.4,0.2,0.0,1.0,9.0,-27.12,True
1.05,0.02,1.0,0.4,0.2,0.25,0.75,9.04,-25.62,True
1.05,0.02,1.0,0.4,0.2,0.5,0.5,9.09,-25.3,True
1.05,0.02,1.0,0.4,0.2,0.75,0.25,9.12,-25.01,True
1.05,0.02,1.0,0.4,0.2,1.0,0.0,9.15,-24.77,True
1.05,0.02,1.0,0.4,0.3,0.0,1.0,10.6,-27.76,True
1.05,0.02,1.0,0.4,0.3,0.25,0.75,10.63,-27.55,True
1.05,0.02,1.0,0.4,0.3,0.5,0.5,10.66,-27.37,True
1.05,0.02,1.0,0.4,0.3,0.75,0.25,10.69,-27.22,True
1.05,0.02,1.0,0.4,0.3,1.0,0.0,10.71,-27.11,True
1.05,0.02,1.01,0.1,0.0,0.0,1.0,2.67,-19.5,True
1.05,0.02,1.01,0.1,0.0,0.25,0.75,2.56,-17.96,True
1.05,0.02,1.01,0.1,0.0,0.5,0.5,2.44,-16.31,True
1.05,0.02,1.01,0.1,0.0,0.75,0.25,2.32,-14.54,True
1.05,0.02,1.01,0.1,0.0,1.0,0.0,2.2,-12.65,True
1.05,0.02,1.01,0.1,0.1,0.0,1.0,7.05,-17.31,True
1.05,0.02,1.01,0.1,0.1,0.25,0.75,7.02,-15.73,True
1.05,0.02,1.01,0.1,0.1,0.5,0.5,6.98,-15.64,True
1.05,0.02,1.01,0.1,0.1,0.75,0.25,6.94,-16.02,True
1.05,0.02,1.01,0.1,0.1,1.0,0.0,6.9,-16.4,True
1.05,0.02,1.01,0.1,0.2,0.0,1.0,9.29,-20.57,True
1.05,0.02,1.01,0.1,0.2,0.25,0.75,9.27,-20.92,True
1.05,0.02,1.01,0.1,0.2,0.5,0.5,9.25,-21.28,True
1.05,0.02,1.01,0.1,0.2,0.75,0.25,9.23,-21.65,True
1.05,0.02,1.01,0.1,0.2,1.0,0.0,9.21,-22.04,True
1.05,0.02,1.01,0.1,0.3,0.0,1.0,10.85,-23.54,True
1.05,0.02,1.01,0.1,0.3,0.25,0.75,10.84,-23.88,True
1.05,0.02,1.01,0.1,0.3,0.5,0.5,10.82,-24.22,True
1.05,0.02,1.01,0.1,0.3,0.75,0.25,10.81,-24.58,True
1.05,0.02,1.01,0.1,0.3,1.0,0.0,10.79,-24.98,True
1.05,0.02,1.01,0.2,0.0,0.0,1.0,4.0,-22.64,True
1.05,0.02,1.01,0.2,0.0,0.25,0.75,3.86,-21.0,True
1.05,0.02,1.01,0.2,0.0,0.5,0.5,3.7,-19.22,True
1.05,0.02,1.01,0.2,0.0,0.75,0.25,3.53,-17.29,True
1.05,0.02,1.01,0.2,0.0,1.0,0.0,3.35,-15.17,True
1.05,0.02,1.01,0.2,0.1,0.0,1.0,7.54,-20.0,True
1.05,0.02,1.01,0.2,0.1,0.25,0.75,7.48,-18.34,True
1.05,0.02,1.01,0.2,0.1,0.5,0.5,7.43,-16.54,True
1.05,0.02,1.01,0.2,0.1,0.75,0.25,7.36,-14.59,True
1.05,0.02,1.01,0.2,0.1,1.0,0.0,7.3,-13.93,True
1.05,0.02,1.01,0.2,0.2,0.0,1.0,9.56,-18.0,True
1.05,0.02,1.01,0.2,0.2,0.25,0.75,9.54,-18.46,True
1.05,0.02,1.01,0.2,0.2,0.5,0.5,9.51,-18.95,True
1.05,0.02,1.01,0.2,0.2,0.75,0.25,9.48,-19.46,True
1.05,0.02,1.01,0.2,0.2,1.0,0.0,9.45,-20.01,True
1.05,0.02,1.01,0.2,0.3,0.0,1.0,10.99,-22.03,True
1.05,0.02,1.01,0.2,0.3,0.25,0.75,10.97,-22.45,True
1.05,0.02,1.01,0.2,0.3,0.5,0.5,10.95,-22.89,True
1.05,0.02,1.01,0.2,0.3,0.75,0.25,10.93,-23.35,True
1.05,0.02,1.01,0.2,0.3,1.0,0.0,10.9,-23.83,True
1.05,0.02,1.01,0.3,0.0,0.0,1.0,3.98,-24.7,True
1.05,0.02,1.01,0.3,0.0,0.25,0.75,3.89,-22.94,True
1.05,0.02,1.01,0.3,0.0,0.5,0.5,3.77,-21.03,True
1.05,0.02,1.01,0.3,0.0,0.75,0.25,3.64,-18.95,True
1.05,0.02,1.01,0.3,0.0,1.0,0.0,3.49,-16.69,True
1.05,0.02,1.01,0.3,0.1,0.0,1.0,7.46,-21.95,True
1.05,0.02,1.01,0.3,0.1,0.25,0.75,7.45,-20.15,True
1.05,0.02,1.01,0.3,0.1,0.5,0.5,7.42,-18.24,True
1.05,0.02,1.01,0.3,0.1,0.75,0.25,7.38,-16.17,True
1.05,0.02,1.01,0.3,0.1,1.0,0.0,7.33,-13.92,True
1.05,0.02,1.01,0.3,0.2,0.0,1.0,9.56,-19.03,True
1.05,0.02,1.01,0.3,0.2,0.25,0.75,9.55,-18.32,True
1.05,0.02,1.01,0.3,0.2,0.5,0.5,9.54,-18.81,True
1.05,0.02,1.01,0.3,0.2,0.75,0.25,9.51,-19.3,True
1.05,0.02,1.01,0.3,0.2,1.0,0.0,9.47,-19.84,True
1.05,0.02,1.01,0.3,0.3,0.0,1.0,10.98,-21.55,True
1.05,0.02,1.01,0.3,0.3,0.25,0.75,10.98,-21.97,True
1.05,0.02,1.01,0.3,0.3,0.5,0.5,10.97,-22.42,True
1.05,0.02,1.01,0.3,0.3,0.75,0.25,10.97,-22.9,True
1.05,0.02,1.01,0.3,0.3,1.0,0.0,10.94,-23.39,True
1.05,0.02,1.01,0.4,0.0,0.0,1.0,3.77,-26.77,True
1.05,0.02,1.01,0.4,0.0,0.25,0.75,3.72,-24.87,True
1.05,0.02,1.01,0.4,0.0,0.5,0.5,3.64,-22.82,True
1.05,0.02,1.01,0.4,0.0,0.75,0.25,3.55,-20.61,True
1.05,0.02,1.01,0.4,0.0,1.0,0.0,3.44,-18.2,True
1.05,0.02,1.01,0.4,0.1,0.0,1.0,7.52,-24.06,True
1.05,0.02,1.01,0.4,0.1,0.25,0.75,7.51,-22.13,True
1.05,0.02,1.01,0.4,0.1,0.5,0.5,7.49,-20.06,True
1.05,0.02,1.01,0.4,0.1,0.75,0.25,7.46,-17.84,True
1.05,0.02,1.01,0.4,0.1,1.0,0.0,7.42,-15.45,True
1.05,0.02,1.01,0.4,0.2,0.0,1.0,9.58,-21.2,True
1.05,0.02,1.01,0.4,0.2,0.25,0.75,9.58,-19.27,True
1.05,0.02,1.01,0.4,0.2,0.5,0.5,9.57,-18.21,True
1.05,0.02,1.01,0.4,0.2,0.75,0.25,9.55,-18.75,True
1.05,0.02,1.01,0.4,0.2,1.0,0.0,9.53,-19.33,True
1.05,0.02,1.01,0.4,0.3,0.0,1.0,11.02,-20.72,True
1.05,0.02,1.01,0.4,0.3,0.25,0.75,11.02,-21.17,True
1.05,0.02,1.01,0.4,0.3,0.5,0.5,11.02,-21.66,True
1.05,0.02,1.01,0.4,0.3,0.75,0.25,11.01,-22.19,True
1.05,0.02,1.01,0.4,0.3,1.0,0.0,10.99,-22.79,True
1.05,0.02,1.02,0.1,0.0,0.0,1.0,2.11,-16.19,True
1.05,0.02,1.02,0.1,0.0,0.25,0.75,2.02,-14.89,True
1.05,0.02,1.02,0.1,0.0,0.5,0.5,1.93,-13.51,True
1.05,0.02,1.02,0.1,0.0,0.75,0.25,1.84,-12.04,True
1.05,0.02,1.02,0.1,0.0,1.0,0.0,1.74,-10.49,True
1.05,0.02,1.02,0.1,0.1,0.0,1.0,6.88,-16.13,True
1.05,0.02,1.02,0.1,0.1,0.25,0.75,6.85,-16.42,True
1.05,0.02,1.02,0.1,0.1,0.5,0.5,6.82,-16.73,True
1.05,0.02,1.02,0.1,0.1,0.75,0.25,6.78,-17.05,True
1.05,0.02,1.02,0.1,0.1,1.0,0.0,6.75,-17.38,True
1.05,0.02,1.02,0.1,0.2,0.0,1.0,9.16,-21.82,True
1.05,0.02,1.02,0.1,0.2,0.25,0.75,9.14,-22.11,True
1.05,0.02,1.02,0.1,0.2,0.5,0.5,9.13,-22.41,True
1.05,0.02,1.02,0.1,0.2,0.75,0.25,9.11,-22.72,True
1.05,0.02,1.02,0.1,0.2,1.0,0.0,9.1,-23.05,True
1.05,0.02,1.02,0.1,0.3,0.0,1.0,10.73,-24.95,True
1.05,0.02,1.02,0.1,0.3,0.25,0.75,10.72,-25.19,True
1.05,0.02,1.02,0.1,0.3,0.5,0.5,10.72,-25.44,True
1.05,0.02,1.02,0.1,0.3,0.75,0.25,10.71,-25.7,True
1.05,0.02,1.02,0.1,0.3,1.0,0.0,10.7,-25.97,True
1.05,0.02,1.02,0.2,0.0,0.0,1.0,3.35,-19.88,True
1.05,0.02,1.02,0.2,0.0,0.25,0.75,3.23,-18.43,True
1.05,0.02,1.02,0.2,0.0,0.5,0.5,3.1,-16.87,True
1.05,0.02,1.02,0.2,0.0,0.75,0.25,2.96,-15.18,True
1.05,0.02,1.02,0.2,0.0,1.0,0.0,2.81,-13.34,True
1.05,0.02,1.02,0.2,0.1,0.0,1.0,7.16,-17.29,True
1.05,0.02,1.02,0.2,0.1,0.25,0.75,7.13,-15.82,True
1.05,0.02,1.02,0.2,0.1,0.5,0.5,7.09,-14.53,True
1.05,0.02,1.02,0.2,0.1,0.75,0.25,7.05,-14.94,True
1.05,0.02,1.02,0.2,0.1,1.0,0.0,7.01,-15.38,True
1.05,0.02,1.02,0.2,0.2,0.0,1.0,9.4,-19.62,True
1.05,0.02,1.02,0.2,0.2,0.25,0.75,9.38,-19.98,True
1.05,0.02,1.02,0.2,0.2,0.5,0.5,9.36,-20.37,True
1.05,0.02,1.02,0.2,0.2,0.75,0.25,9.34,-20.79,True
1.05,0.02,1.02,0.2,0.2,1.0,0.0,9.32,-21.23,True
1.05,0.02,1.02,0.2,0.3,0.0,1.0,10.88,-23.49,True
1.05,0.02,1.02,0.2,0.3,0.25,0.75,10.87,-23.8,True
1.05,0.02,1.02,0.2,0.3,0.5,0.5,10.86,-24.12,True
1.05,0.02,1.02,0.2,0.3,0.75,0.25,10.84,-24.47,True
1.05,0.02,1.02,0.2,0.3,1.0,0.0,10.82,-24.83,True
1.05,0.02,1.02,0.3,0.0,0.0,1.0,3.22,-22.43,True
1.05,0.02,1.02,0.3,0.0,0.25,0.75,3.15,-20.82,True
1.05,0.02,1.02,0.3,0.0,0.5,0.5,3.06,-19.09,True
1.05,0.02,1.02,0.3,0.0,0.75,0.25,2.97,-17.22,True
1.05,0.02,1.02,0.3,0.0,1.0,0.0,2.85,-15.2,True
1.05,0.02,1.02,0.3,0.1,0.0,1.0,7.19,-19.8,True
1.05,0.02,1.02,0.3,0.1,0.25,0.75,7.18,-18.17,True
1.05,0.02,1.02,0.3,0.1,0.5,0.5,7.16,-16.43,True
1.05,0.02,1.02,0.3,0.1,0.75,0.25,7.14,-14.56,True
1.05,0.02,1.02,0.3,0.1,1.0,0.0,7.11,-14.87,True
1.05,0.02,1.02,0.3,0.2,0.0,1.0,9.44,-19.42,True
1.05,0.02,1.02,0.3,0.2,0.25,0.75,9.43,-19.77,True
1.05,0.02,1.02,0.3,0.2,0.5,0.5,9.41,-20.14,True
1.05,0.02,1.02,0.3,0.2,0.75,0.25,9.39,-20.54,True
1.05,0.02,1.02,0.3,0.2,1.0,0.0,9.36,-20.97,True
1.05,0.02,1.02,0.3,0.3,0.0,1.0,10.94,-22.81,True
1.05,0.02,1.02,0.3,0.3,0.25,0.75,10.93,-23.14,True
1.05,0.02,1.02,0.3,0.3,0.5,0.5,10.92,-23.49,True
1.05,0.02,1.02,0.3,0.3,0.75,0.25,10.9,-23.86,True
1.05,0.02,1.02,0.3,0.3,1.0,0.0,10.88,-24.25,True
1.05,0.02,1.02,0.4,0.0,0.0,1.0,3.01,-24.97,True
1.05,0.02,1.02,0.4,0.0,0.25,0.75,2.98,-23.18,True
1.05,0.02,1.02,0.4,0.0,0.5,0.5,2.94,-21.28,True
1.05,0.02,1.02,0.4,0.0,0.75,0.25,2.88,-19.24,True
1.05,0.02,1.02,0.4,0.0,1.0,0.0,2.81,-17.04,True
1.05,0.02,1.02,0.4,0.1,0.0,1.0,7.35,-22.41,True
1.05,0.02,1.02,0.4,0.1,0.25,0.75,7.33,-20.61,True
1.05,0.02,1.02,0.4,0.1,0.5,0.5,7.31,-18.69,True
1.05,0.02,1.02,0.4,0.1,0.75,0.25,7.28,-16.65,True
1.05,0.02,1.02,0.4,0.1,1.0,0.0,7.24,-14.5,True
1.05,0.02,1.02,0.4,0.2,0.0,1.0,9.55,-19.8,True
1.05,0.02,1.02,0.4,0.2,0.25,0.75,9.53,-18.95,True
1.05,0.02,1.02,0.4,0.2,0.5,0.5,9.51,-19.35,True
1.05,0.02,1.02,0.4,0.2,0.75,0.25,9.49,-19.79,True
1.05,0.02,1.02,0.4,0.2,1.0,0.0,9.46,-20.26,True
1.05,0.02,1.02,0.4,0.3,0.0,1.0,11.03,-22.0,True
1.05,0.02,1.02,0.4,0.3,0.25,0.75,11.01,-22.38,True
1.05,0.02,1.02,0.4,0.3,0.5,0.5,10.99,-22.8,True
1.05,0.02,1.02,0.4,0.3,0.75,0.25,10.97,-23.24,True
1.05,0.02,1.02,0.4,0.3,1.0,0.0,10.94,-23.7,True
1.05,0.025,0.95,0.1,0.0,0.0,1.0,4.66,-27.68,True
1.05,0.025,0.95,0.1,0.0,0.25,0.75,4.43,-26.07,True
1.05,0.025,0.95,0.1,0.0,0.5,0.5,4.19,-24.2,True
1.05,0.025,0.95,0.1,0.0,0.75,0.25,3.93,-21.97,True
1.05,0.025,0.95,0.1,0.0,1.0,0.0,3.66,-19.3,True
1.05,0.025,0.95,0.1,0.1,0.0,1.0,7.69,-29.11,True
1.05,0.025,0.95,0.1,0.1,0.25,0.75,7.58,-28.05,True
1.05,0.025,0.95,0.1,0.1,0.5,0.5,7.47,-26.87,True
1.05,0.025,0.95,0.1,0.1,0.75,0.25,7.35,-25.53,True
1.05,0.025,0.95,0.1,0.1,1.0,0.0,7.22,-24.01,True
1.05,0.025,0.95,0.1,0.2,0.0,1.0,9.81,-29.91,True
1.05,0.025,0.95,0.1,0.2,0.25,0.75,9.73,-29.14,True
1.05,0.025,0.95,0.1,0.2,0.5,0.5,9.64,-28.3,True
1.05,0.025,0.95,0.1,0.2,0.75,0.25,9.54,-27.38,True
1.05,0.025,0.95,0.1,0.2,1.0,0.0,9.44,-26.36,True
1.05,0.025,0.95,0.1,0.3,0.0,1.0,11.35,-30.43,True
1.05,0.025,0.95,0.1,0.3,0.25,0.75,11.28,-29.83,True
1.05,0.025,0.95,0.1,0.3,0.5,0.5,11.19,-29.18,True
1.05,0.025,0.95,0.1,0.3,0.75,0.25,11.1,-28.47,True
1.05,0.025,0.95,0.1,0.3,1.0,0.0,11.01,-27.71,True
1.05,0.025,0.95,0.2,0.0,0.0,1.0,6.37,-27.68,True
1.05,0.025,0.95,0.2,0.0,0.25,0.75,6.13,-26.11,True
1.05,0.025,0.95,0.2,0.0,0.5,0.5,5.87,-24.25,True
1.05,0.025,0.95,0.2,0.0,0.75,0.25,5.59,-22.03,True
1.05,0.025,0.95,0.2,0.0,1.0,0.0,5.27,-19.3,True
1.05,0.025,0.95,0.2,0.1,0.0,1.0,9.39,-28.69,True
1.05,0.025,0.95,0.2,0.1,0.25,0.75,9.22,-27.56,True
1.05,0.025,0.95,0.2,0.1,0.5,0.5,9.04,-26.27,True
1.05,0.025,0.95,0.2,0.1,0.75,0.25,8.84,-24.77,True
1.05,0.025,0.95,0.2,0.1,1.0,0.0,8.62,-23.0,True
1.05,0.025,0.95,0.2,0.2,0.0,1.0,11.07,-29.32,True
1.05,0.025,0.95,0.2,0.2,0.25,0.75,10.93,-28.43,True
1.05,0.025,0.95,0.2,0.2,0.5,0.5,10.77,-27.43,True
1.05,0.025,0.95,0.2,0.2,0.75,0.25,10.61,-26.31,True
1.05,0.025,0.95,0.2,0.2,1.0,0.0,10.43,-25.04,True
1.05,0.025,0.95,0.2,0.3,0.0,1.0,12.19,-29.81,True
1.05,0.025,0.95,0.2,0.3,0.25,0.75,12.07,-29.1,True
1.05,0.025,0.95,0.2,0.3,0.5,0.5,11.94,-28.32,True
1.05,0.025,0.95,0.2,0.3,0.75,0.25,11.8,-27.47,True
1.05,0.025,0.95,0.2,0.3,1.0,0.0,11.66,-26.53,True
1.05,0.025,0.95,0.3,0.0,0.0,1.0,8.04,-27.68,True
1.05,0.025,0.95,0.3,0.0,0.25,0.75,7.77,-26.16,True
1.05,0.025,0.95,0.3,0.0,0.5,0.5,7.47,-24.34,True
1.05,0.025,0.95,0.3,0.0,0.75,0.25,7.11,-22.1,True
1.05,0.025,0.95,0.3,0.0,1.0,0.0,6.7,-19.3,True
1.05,0.025,0.95,0.3,0.1,0.0,1.0,10.22,-28.47,True
1.05,0.025,0.95,0.3,0.1,0.25,0.75,10.01,-27.3,True
1.05,0.025,0.95,0.3,0.1,0.5,0.5,9.77,-25.94,True
1.05,0.025,0.95,0.3,0.1,0.75,0.25,9.51,-24.32,True
1.05,0.025,0.95,0.3,0.1,1.0,0.0,9.23,-22.39,True
1.05,0.025,0.95,0.3,0.2,0.0,1.0,11.61,-29.02,True
1.05,0.025,0.95,0.3,0.2,0.25,0.75,11.43,-28.06,True
1.05,0.025,0.95,0.3,0.2,0.5,0.5,11.23,-26.98,True
1.05,0.025,0.95,0.3,0.2,0.75,0.25,11.02,-25.74,True
1.05,0.025,0.95,0.3,0.2,1.0,0.0,10.8,-24.32,True
1.05,0.025,0.95,0.3,0.3,0.0,1.0,12.66,-29.44,True
1.05,0.025,0.95,0.3,0.3,0.25,0.75,12.51,-28.64,True
1.05,0.025,0.95,0.3,0.3,0.5,0.5,12.34,-27.75,True
1.05,0.025,0.95,0.3,0.3,0.75,0.25,12.16,-26.77,True
1.05,0.025,0.95,0.3,0.3,1.0,0.0,11.97,-25.68,True
1.05,0.025,0.95,0.4,0.0,0.0,1.0,9.19,-27.68,True
1.05,0.025,0.95,0.4,0.0,0.25,0.75,8.87,-26.19,True
1.05,0.025,0.95,0.4,0.0,0.5,0.5,8.5,-24.39,True
1.05,0.025,0.95,0.4,0.0,0.75,0.25,8.08,-22.15,True
1.05,0.025,0.95,0.4,0.0,1.0,0.0,7.61,-19.3,True
1.05,0.025,0.95,0.4,0.1,0.0,1.0,10.93,-28.32,True
1.05,0.025,0.95,0.4,0.1,0.25,0.75,10.67,-27.12,True
1.05,0.025,0.95,0.4,0.1,0.5,0.5,10.39,-25.7,True
1.05,0.025,0.95,0.4,0.1,0.75,0.25,10.08,-24.0,True
1.05,0.025,0.95,0.4,0.1,1.0,0.0,9.74,-21.94,True
1.05,0.025,0.95,0.4,0.2,0.0,1.0,12.17,-28.78,True
1.05,0.025,0.95,0.4,0.2,0.25,0.75,11.96,-27.77,True
1.05,0.025,0.95,0.4,0.2,0.5,0.5,11.72,-26.6,True
1.05,0.025,0.95,0.4,0.2,0.75,0.25,11.47,-25.26,True
1.05,0.025,0.95,0.4,0.2,1.0,0.0,11.19,-23.69,True
1.05,0.025,0.95,0.4,0.3,0.0,1.0,13.15,-29.14,True
1.05,0.025,0.95,0.4,0.3,0.25,0.75,12.96,-28.27,True
1.05,0.025,0.95,0.4,0.3,0.5,0.5,12.75,-27.29,True
1.05,0.025,0.95,0.4,0.3,0.75,0.25,12.53,-26.2,True
1.05,0.025,0.95,0.4,0.3,1.0,0.0,12.28,-24.97,True
1.05,0.025,0.97,0.1,0.0,0.0,1.0,4.92,-22.06,True
1.05,0.025,0.97,0.1,0.0,0.25,0.75,4.64,-20.74,True
1.05,0.025,0.97,0.1,0.0,0.5,0.5,4.35,-19.19,True
1.05,0.025,0.97,0.1,0.0,0.75,0.25,4.04,-17.36,True
1.05,0.025,0.97,0.1,0.0,1.0,0.0,3.72,-15.15,True
1.05,0.025,0.97,0.1,0.1,0.0,1.0,7.86,-25.21,True
1.05,0.025,0.97,0.1,0.1,0.25,0.75,7.71,-24.48,True
1.05,0.025,0.97,0.1,0.1,0.5,0.5,7.55,-23.65,True
1.05,0.025,0.97,0.1,0.1,0.75,0.25,7.39,-22.73,True
1.05,0.025,0.97,0.1,0.1,1.0,0.0,7.22,-21.67,True
1.05,0.025,0.97,0.1,0.2,0.0,1.0,9.84,-26.93,True
1.05,0.025,0.97,0.1,0.2,0.25,0.75,9.72,-26.48,True
1.05,0.025,0.97,0.1,0.2,0.5,0.5,9.6,-25.98,True
1.05,0.025,0.97,0.1,0.2,0.75,0.25,9.48,-25.43,True
1.05,0.025,0.97,0.1,0.2,1.0,0.0,9.35,-24.83,True
1.05,0.025,0.97,0.1,0.3,0.0,1.0,11.34,-28.02,True
1.05,0.025,0.97,0.1,0.3,0.25,0.75,11.25,-27.72,True
1.05,0.025,0.97,0.1,0.3,0.5,0.5,11.15,-27.38,True
1.05,0.025,0.97,0.1,0.3,0.75,0.25,11.05,-27.02,True
1.05,0.025,0.97,0.1,0.3,1.0,0.0,10.94,-26.63,True
1.05,0.025,0.97,0.2,0.0,0.0,1.0,6.22,-22.06,True
1.05,0.025,0.97,0.2,0.0,0.25,0.75,5.95,-20.77,True
1.05,0.025,0.97,0.2,0.0,0.5,0.5,5.65,-19.24,True
1.05,0.025,0.97,0.2,0.0,0.75,0.25,5.32,-17.4,True
1.05,0.025,0.97,0.2,0.0,1.0,0.0,4.96,-15.15,True
1.05,0.025,0.97,0.2,0.1,0.0,1.0,9.09,-24.38,True
1.05,0.025,0.97,0.2,0.1,0.25,0.75,8.92,-23.61,True
1.05,0.025,0.97,0.2,0.1,0.5,0.5,8.73,-22.72,True
1.05,0.025,0.97,0.2,0.1,0.75,0.25,8.52,-21.69,True
1.05,0.025,0.97,0.2,0.1,1.0,0.0,8.31,-20.5,True
1.05,0.025,0.97,0.2,0.2,0.0,1.0,10.8,-25.79,True
1.05,0.025,0.97,0.2,0.2,0.25,0.75,10.67,-25.27,True
1.05,0.025,0.97,0.2,0.2,0.5,0.5,10.52,-24.69,True
1.05,0.025,0.97,0.2,0.2,0.75,0.25,10.37,-24.05,True
1.05,0.025,0.97,0.2,0.2,1.0,0.0,10.2,-23.33,True
1.05,0.025,0.97,0.2,0.3,0.0,1.0,11.93,-26.98,True
1.05,0.025,0.97,0.2,0.3,0.25,0.75,11.81,-26.64,True
1.05,0.025,0.97,0.2,0.3,0.5,0.5,11.69,-26.26,True
1.05,0.025,0.97,0.2,0.3,0.75,0.25,11.58,-25.86,True
1.05,0.025,0.97,0.2,0.3,1.0,0.0,11.46,-25.43,True
1.05,0.025,0.97,0.3,0.0,0.0,1.0,7.32,-22.06,True
1.05,0.025,0.97,0.3,0.0,0.25,0.75,7.05,-20.81,True
1.05,0.025,0.97,0.3,0.0,0.5,0.5,6.73,-19.31,True
1.05,0.025,0.97,0.3,0.0,0.75,0.25,6.37,-17.46,True
1.05,0.025,0.97,0.3,0.0,1.0,0.0,5.94,-15.15,True
1.05,0.025,0.97,0.3,0.1,0.0,1.0,9.68,-24.01,True
1.05,0.025,0.97,0.3,0.1,0.25,0.75,9.48,-23.19,True
1.05,0.025,0.97,0.3,0.1,0.5,0.5,9.26,-22.25,True
1.05,0.025,0.97,0.3,0.1,0.75,0.25,9.02,-21.14,True
1.05,0.025,0.97,0.3,0.1,1.0,0.0,8.76,-19.82,True
1.05,0.025,0.97,0.3,0.2,0.0,1.0,11.05,-25.42,True
1.05,0.025,0.97,0.3,0.2,0.25,0.75,10.91,-24.86,True
1.05,0.025,0.97,0.3,0.2,0.5,0.5,10.76,-24.23,True
1.05,0.025,0.97,0.3,0.2,0.75,0.25,10.59,-23.52,True
1.05,0.025,0.97,0.3,0.2,1.0,0.0,10.41,-22.72,True
1.05,0.025,0.97,0.3,0.3,0.0,1.0,12.16,-26.47,True
1.05,0.025,0.97,0.3,0.3,0.25,0.75,12.06,-26.08,True
1.05,0.025,0.97,0.3,0.3,0.5,0.5,11.94,-25.66,True
1.05,0.025,0.97,0.3,0.3,0.75,0.25,11.8,-25.2,True
1.05,0.025,0.97,0.3,0.3,1.0,0.0,11.65,-24.7,True
1.05,0.025,0.97,0.4,0.0,0.0,1.0,8.02,-22.06,True
1.05,0.025,0.97,0.4,0.0,0.25,0.75,7.73,-20.83,True
1.05,0.025,0.97,0.4,0.0,0.5,0.5,7.39,-19.34,True
1.05,0.025,0.97,0.4,0.0,0.75,0.25,7.01,-17.5,True
1.05,0.025,0.97,0.4,0.0,1.0,0.0,6.56,-15.15,True
1.05,0.025,0.97,0.4,0.1,0.0,1.0,9.95,-23.81,True
1.05,0.025,0.97,0.4,0.1,0.25,0.75,9.77,-22.97,True
1.05,0.025,0.97,0.4,0.1,0.5,0.5,9.55,-21.99,True
1.05,0.025,0.97,0.4,0.1,0.75,0.25,9.31,-20.83,True
1.05,0.025,0.97,0.4,0.1,1.0,0.0,9.03,-19.43,True
1.05,0.025,0.97,0.4,0.2,0.0,1.0,11.33,-25.1,True
1.05,0.025,0.97,0.4,0.2,0.25,0.75,11.19,-24.5,True
1.05,0.025,0.97,0.4,0.2,0.5,0.5,11.03,-23.82,True
1.05,0.025,0.97,0.4,0.2,0.75,0.25,10.84,-23.05,True
1.05,0.025,0.97,0.4,0.2,1.0,0.0,10.64,-22.17,True
1.05,0.025,0.97,0.4,0.3,0.0,1.0,12.39,-26.11,True
1.05,0.025,0.97,0.4,0.3,0.25,0.75,12.27,-25.69,True
1.05,0.025,0.97,0.4,0.3,0.5,0.5,12.13,-25.22,True
1.05,0.025,0.97,0.4,0.3,0.75,0.25,11.98,-24.73,True
1.05,0.025,0.97,0.4,0.3,1.0,0.0,11.8,-24.19,True
1.05,0.025,0.99,0.1,0.0,0.0,1.0,2.62,-15.6,True
1.05,0.025,0.99,0.1,0.0,0.25,0.75,2.46,-14.26,True
1.05,0.025,0.99,0.1,0.0,0.5,0.5,2.3,-12.87,True
1.05,0.025,0.99,0.1,0.0,0.75,0.25,2.14,-11.44,True
1.05,0.025,0.99,0.1,0.0,1.0,0.0,1.97,-9.96,True
1.05,0.025,0.99,0.1,0.1,0.0,1.0,7.05,-17.77,True
1.05,0.025,0.99,0.1,0.1,0.25,0.75,7.0,-17.97,True
1.05,0.025,0.99,0.1,0.1,0.5,0.5,6.94,-18.18,True
1.05,0.025,0.99,0.1,0.1,0.75,0.25,6.88,-18.41,True
1.05,0.025,0.99,0.1,0.1,1.0,0.0,6.83,-18.65,True
1.05,0.025,0.99,0.1,0.2,0.0,1.0,9.35,-22.86,True
1.05,0.025,0.99,0.1,0.2,0.25,0.75,9.32,-23.1,True
1.05,0.025,0.99,0.1,0.2,0.5,0.5,9.28,-23.35,True
1.05,0.025,0.99,0.1,0.2,0.75,0.25,9.24,-23.61,True
1.05,0.025,0.99,0.1,0.2,1.0,0.0,9.21,-23.89,True
1.05,0.025,0.99,0.1,0.3,0.0,1.0,10.94,-25.31,True
1.05,0.025,0.99,0.1,0.3,0.25,0.75,10.91,-25.59,True
1.05,0.025,0.99,0.1,0.3,0.5,0.5,10.87,-25.87,True
1.05,0.025,0.99,0.1,0.3,0.75,0.25,10.84,-26.17,True
1.05,0.025,0.99,0.1,0.3,1.0,0.0,10.8,-26.47,True
1.05,0.025,0.99,0.2,0.0,0.0,1.0,3.96,-25.18,True
1.05,0.025,0.99,0.2,0.0,0.25,0.75,3.76,-23.28,True
1.05,0.025,0.99,0.2,0.0,0.5,0.5,3.56,-21.27,True
1.05,0.025,0.99,0.2,0.0,0.75,0.25,3.35,-19.15,True
1.05,0.025,0.99,0.2,0.0,1.0,0.0,3.12,-16.89,True
1.05,0.025,0.99,0.2,0.1,0.0,1.0,7.86,-22.47,True
1.05,0.025,0.99,0.2,0.1,0.25,0.75,7.75,-20.56,True
1.05,0.025,0.99,0.2,0.1,0.5,0.5,7.64,-18.54,True
1.05,0.025,0.99,0.2,0.1,0.75,0.25,7.53,-16.55,True
1.05,0.025,0.99,0.2,0.1,1.0,0.0,7.41,-16.84,True
1.05,0.025,0.99,0.2,0.2,0.0,1.0,9.83,-21.26,True
1.05,0.025,0.99,0.2,0.2,0.25,0.75,9.76,-21.51,True
1.05,0.025,0.99,0.2,0.2,0.5,0.5,9.69,-21.8,True
1.05,0.025,0.99,0.2,0.2,0.75,0.25,9.62,-22.12,True
1.05,0.025,0.99,0.2,0.2,1.0,0.0,9.55,-22.48,True
1.05,0.025,0.99,0.2,0.3,0.0,1.0,11.21,-24.74,True
1.05,0.025,0.99,0.2,0.3,0.25,0.75,11.16,-24.93,True
1.05,0.025,0.99,0.2,0.3,0.5,0.5,11.11,-25.13,True
1.05,0.025,0.99,0.2,0.3,0.75,0.25,11.07,-25.36,True
1.05,0.025,0.99,0.2,0.3,1.0,0.0,11.01,-25.62,True
1.05,0.025,0.99,0.3,0.0,0.0,1.0,5.15,-28.02,True
1.05,0.025,0.99,0.3,0.0,0.25,0.75,4.93,-26.03,True
1.05,0.025,0.99,0.3,0.0,0.5,0.5,4.69,-23.91,True
1.05,0.025,0.99,0.3,0.0,0.75,0.25,4.42,-21.63,True
1.05,0.025,0.99,0.3,0.0,1.0,0.0,4.12,-19.17,True
1.05,0.025,0.99,0.3,0.1,0.0,1.0,8.14,-24.67,True
1.05,0.025,0.99,0.3,0.1,0.25,0.75,8.03,-22.69,True
1.05,0.025,0.99,0.3,0.1,0.5,0.5,7.91,-20.58,True
1.05,0.025,0.99,0.3,0.1,0.75,0.25,7.79,-18.33,True
1.05,0.025,0.99,0.3,0.1,1.0,0.0,7.66,-17.05,True
1.05,0.025,0.99,0.3,0.2,0.0,1.0,9.95,-22.01,True
1.05,0.025,0.99,0.3,0.2,0.25,0.75,9.9,-22.03,True
1.05,0.025,0.99,0.3,0.2,0.5,0.5,9.84,-22.12,True
1.05,0.025,0.99,0.3,0.2,0.75,0.25,9.77,-22.25,True
1.05,0.025,0.99,0.3,0.2,1.0,0.0,9.69,-22.45,True
1.05,0.025,0.99,0.3,0.3,0.0,1.0,11.3,-24.83,True
1.05,0.025,0.99,0.3,0.3,0.25,0.75,11.26,-24.92,True
1.05,0.025,0.99,0.3,0.3,0.5,0.5,11.22,-25.06,True
1.05,0.025,0.99,0.3,0.3,0.75,0.25,11.17,-25.25,True
1.05,0.025,0.99,0.3,0.3,1.0,0.0,11.11,-25.49,True
1.05,0.025,0.99,0.4,0.0,0.0,1.0,5.28,-29.74,True
1.05,0.025,0.99,0.4,0.0,0.25,0.75,5.08,-27.67,True
1.05,0.025,0.99,0.4,0.0,0.5,0.5,4.86,-25.45,True
1.05,0.025,0.99,0.4,0.0,0.75,0.25,4.61,-23.06,True
1.05,0.025,0.99,0.4,0.0,1.0,0.0,4.34,-20.47,True
1.05,0.025,0.99,0.4,0.1,0.0,1.0,8.17,-26.54,True
1.05,0.025,0.99,0.4,0.1,0.25,0.75,8.09,-24.46,True
1.05,0.025,0.99,0.4,0.1,0.5,0.5,8.0,-22.24,True
1.05,0.025,0.99,0.4,0.1,0.75,0.25,7.9,-19.86,True
1.05,0.025,0.99,0.4,0.1,1.0,0.0,7.78,-17.54,True
1.05,0.025,0.99,0.4,0.2,0.0,1.0,10.08,-23.27,True
1.05,0.025,0.99,0.4,0.2,0.25,0.75,10.02,-22.22,True
1.05,0.025,0.99,0.4,0.2,0.5,0.5,9.95,-22.22,True
1.05,0.025,0.99,0.4,0.2,0.75,0.25,9.87,-22.3,True
1.05,0.025,0.99,0.4,0.2,1.0,0.0,9.79,-22.47,True
1.05,0.025,0.99,0.4,0.3,0.0,1.0,11.43,-24.71,True
1.05,0.025,0.99,0.4,0.3,0.25,0.75,11.39,-24.74,True
1.05,0.025,0.99,0.4,0.3,0.5,0.5,11.34,-24.85,True
1.05,0.025,0.99,0.4,0.3,0.75,0.25,11.28,-25.04,True
1.05,0.025,0.99,0.4,0.3,1.0,0.0,11.21,-25.13,True
1.05,0.025,1.0,0.1,0.0,0.0,1.0,0.69,-15.6,True
1.05,0.025,1.0,0.1,0.0,0.25,0.75,0.68,-14.26,True
1.05,0.025,1.0,0.1,0.0,0.5,0.5,0.68,-12.87,True
1.05,0.025,1.0,0.1,0.0,0.75,0.25,0.68,-11.44,True
1.05,0.025,1.0,0.1,0.0,1.0,0.0,0.67,-9.96,True
1.05,0.025,1.0,0.1,0.1,0.0,1.0,6.26,-21.83,True
1.05,0.025,1.0,0.1,0.1,0.25,0.75,6.28,-21.73,True
1.05,0.025,1.0,0.1,0.1,0.5,0.5,6.29,-21.63,True
1.05,0.025,1.0,0.1,0.1,0.75,0.25,6.3,-21.53,True
1.05,0.025,1.0,0.1,0.1,1.0,0.0,6.32,-21.44,True
1.05,0.025,1.0,0.1,0.2,0.0,1.0,8.85,-26.65,True
1.05,0.025,1.0,0.1,0.2,0.25,0.75,8.86,-26.57,True
1.05,0.025,1.0,0.1,0.2,0.5,0.5,8.87,-26.51,True
1.05,0.025,1.0,0.1,0.2,0.75,0.25,8.87,-26.44,True
1.05,0.025,1.0,0.1,0.2,1.0,0.0,8.88,-26.38,True
1.05,0.025,1.0,0.1,0.3,0.0,1.0,10.55,-28.86,True
1.05,0.025,1.0,0.1,0.3,0.25,0.75,10.55,-28.79,True
1.05,0.025,1.0,0.1,0.3,0.5,0.5,10.56,-28.73,True
1.05,0.025,1.0,0.1,0.3,0.75,0.25,10.56,-28.68,True
1.05,0.025,1.0,0.1,0.3,1.0,0.0,10.56,-28.63,True
1.05,0.025,1.0,0.2,0.0,0.0,1.0,1.32,-25.18,True
1.05,0.025,1.0,0.2,0.0,0.25,0.75,1.32,-23.28,True
1.05,0.025,1.0,0.2,0.0,0.5,0.5,1.33,-21.27,True
1.05,0.025,1.0,0.2,0.0,0.75,0.25,1.32,-19.15,True
1.05,0.025,1.0,0.2,0.0,1.0,0.0,1.32,-16.89,True
1.05,0.025,1.0,0.2,0.1,0.0,1.0,6.59,-22.51,True
1.05,0.025,1.0,0.2,0.1,0.25,0.75,6.6,-20.69,True
1.05,0.025,1.0,0.2,0.1,0.5,0.5,6.61,-20.54,True
1.05,0.025,1.0,0.2,0.1,0.75,0.25,6.61,-20.41,True
1.05,0.025,1.0,0.2,0.1,1.0,0.0,6.62,-20.28,True
1.05,0.025,1.0,0.2,0.2,0.0,1.0,9.08,-25.76,True
1.05,0.025,1.0,0.2,0.2,0.25,0.75,9.09,-25.64,True
1.05,0.025,1.0,0.2,0.2,0.5,0.5,9.09,-25.53,True
1.05,0.025,1.0,0.2,0.2,0.75,0.25,9.09,-25.43,True
1.05,0.025,1.0,0.2,0.2,1.0,0.0,9.09,-25.35,True
1.05,0.025,1.0,0.2,0.3,0.0,1.0,10.7,-28.18,True
1.05,0.025,1.0,0.2,0.3,0.25,0.75,10.71,-28.09,True
1.05,0.025,1.0,0.2,0.3,0.5,0.5,10.71,-28.0,True
1.05,0.025,1.0,0.2,0.3,0.75,0.25,10.71,-27.93,True
1.05,0.025,1.0,0.2,0.3,1.0,0.0,10.7,-27.88,True
1.05,0.025,1.0,0.3,0.0,0.0,1.0,1.92,-28.02,True
1.05,0.025,1.0,0.3,0.0,0.25,0.75,1.93,-26.03,True
1.05,0.025,1.0,0.3,0.0,0.5,0.5,1.93,-23.91,True
1.05,0.025,1.0,0.3,0.0,0.75,0.25,1.92,-21.63,True
1.05,0.025,1.0,0.3,0.0,1.0,0.0,1.9,-19.17,True
1.05,0.025,1.0,0.3,0.1,0.0,1.0,6.82,-24.74,True
1.05,0.025,1.0,0.3,0.1,0.25,0.75,6.84,-22.75,True
1.05,0.025,1.0,0.3,0.1,0.5,0.5,6.84,-20.64,True
1.05,0.025,1.0,0.3,0.1,0.75,0.25,6.84,-20.16,True
1.05,0.025,1.0,0.3,0.1,1.0,0.0,6.84,-19.95,True
1.05,0.025,1.0,0.3,0.2,0.0,1.0,9.16,-25.89,True
1.05,0.025,1.0,0.3,0.2,0.25,0.75,9.18,-25.7,True
1.05,0.025,1.0,0.3,0.2,0.5,0.5,9.19,-25.54,True
1.05,0.025,1.0,0.3,0.2,0.75,0.25,9.19,-25.38,True
1.05,0.025,1.0,0.3,0.2,1.0,0.0,9.19,-25.24,True
1.05,0.025,1.0,0.3,0.3,0.0,1.0,10.71,-28.34,True
1.05,0.025,1.0,0.3,0.3,0.25,0.75,10.73,-28.15,True
1.05,0.025,1.0,0.3,0.3,0.5,0.5,10.74,-27.98,True
1.05,0.025,1.0,0.3,0.3,0.75,0.25,10.75,-27.85,True
1.05,0.025,1.0,0.3,0.3,1.0,0.0,10.75,-27.73,True
1.05,0.025,1.0,0.4,0.0,0.0,1.0,2.14,-29.74,True
1.05,0.025,1.0,0.4,0.0,0.25,0.75,2.17,-27.67,True
1.05,0.025,1.0,0.4,0.0,0.5,0.5,2.18,-25.45,True
1.05,0.025,1.0,0.4,0.0,0.75,0.25,2.19,-23.06,True
1.05,0.025,1.0,0.4,0.0,1.0,0.0,2.18,-20.47,True
1.05,0.025,1.0,0.4,0.1,0.0,1.0,6.87,-26.62,True
1.05,0.025,1.0,0.4,0.1,0.25,0.75,6.89,-24.54,True
1.05,0.025,1.0,0.4,0.1,0.5,0.5,6.91,-22.32,True
1.05,0.025,1.0,0.4,0.1,0.75,0.25,6.93,-20.53,True
1.05,0.025,1.0,0.4,0.1,1.0,0.0,6.93,-20.24,True
1.05,0.025,1.0,0.4,0.2,0.0,1.0,9.18,-26.24,True
1.05,0.025,1.0,0.4,0.2,0.25,0.75,9.2,-25.92,True
1.05,0.025,1.0,0.4,0.2,0.5,0.5,9.22,-25.63,True
1.05,0.025,1.0,0.4,0.2,0.75,0.25,9.23,-25.36,True
1.05,0.025,1.0,0.4,0.2,1.0,0.0,9.24,-25.14,True
1.05,0.025,1.0,0.4,0.3,0.0,1.0,10.7,-28.11,True
1.05,0.025,1.0,0.4,0.3,0.25,0.75,10.72,-27.91,True
1.05,0.025,1.0,0.4,0.3,0.5,0.5,10.74,-27.73,True
1.05,0.025,1.0,0.4,0.3,0.75,0.25,10.75,-27.59,True
1.05,0.025,1.0,0.4,0.3,1.0,0.0,10.76,-27.48,True
1.05,0.025,1.01,0.1,0.0,0.0,1.0,1.45,-11.19,True
1.05,0.025,1.01,0.1,0.0,0.25,0.75,1.38,-10.16,True
1.05,0.025,1.01,0.1,0.0,0.5,0.5,1.31,-9.11,True
1.05,0.025,1.01,0.1,0.0,0.75,0.25,1.24,-8.02,True
1.05,0.025,1.01,0.1,0.0,1.0,0.0,1.17,-6.89,True
1.05,0.025,1.01,0.1,0.1,0.0,1.0,6.62,-18.82,True
1.05,0.025,1.01,0.1,0.1,0.25,0.75,6.6,-18.98,True
1.05,0.025,1.01,0.1,0.1,0.5,0.5,6.58,-19.14,True
1.05,0.025,1.01,0.1,0.1,0.75,0.25,6.56,-19.3,True
1.05,0.025,1.01,0.1,0.1,1.0,0.0,6.54,-19.47,True
1.05,0.025,1.01,0.1,0.2,0.0,1.0,9.08,-23.98,True
1.05,0.025,1.01,0.1,0.2,0.25,0.75,9.07,-24.14,True
1.05,0.025,1.01,0.1,0.2,0.5,0.5,9.06,-24.3,True
1.05,0.025,1.01,0.1,0.2,0.75,0.25,9.04,-24.47,True
1.05,0.025,1.01,0.1,0.2,1.0,0.0,9.03,-24.64,True
1.05,0.025,1.01,0.1,0.3,0.0,1.0,10.71,-26.44,True
1.05,0.025,1.01,0.1,0.3,0.25,0.75,10.7,-26.6,True
1.05,0.025,1.01,0.1,0.3,0.5,0.5,10.69,-26.76,True
1.05,0.025,1.01,0.1,0.3,0.75,0.25,10.68,-26.93,True
1.05,0.025,1.01,0.1,0.3,1.0,0.0,10.67,-27.1,True
1.05,0.025,1.01,0.2,0.0,0.0,1.0,2.69,-18.75,True
1.05,0.025,1.01,0.2,0.0,0.25,0.75,2.57,-17.24,True
1.05,0.025,1.01,0.2,0.0,0.5,0.5,2.46,-15.64,True
1.05,0.025,1.01,0.2,0.0,0.75,0.25,2.33,-13.95,True
1.05,0.025,1.01,0.2,0.0,1.0,0.0,2.21,-12.16,True
1.05,0.025,1.01,0.2,0.1,0.0,1.0,7.22,-16.67,True
1.05,0.025,1.01,0.2,0.1,0.25,0.75,7.17,-15.71,True
1.05,0.025,1.01,0.2,0.1,0.5,0.5,7.11,-16.03,True
1.05,0.025,1.01,0.2,0.1,0.75,0.25,7.06,-16.37,True
1.05,0.025,1.01,0.2,0.1,1.0,0.0,7.01,-16.71,True
1.05,0.025,1.01,0.2,0.2,0.0,1.0,9.47,-20.94,True
1.05,0.025,1.01,0.2,0.2,0.25,0.75,9.43,-21.24,True
1.05,0.025,1.01,0.2,0.2,0.5,0.5,9.4,-21.57,True
1.05,0.025,1.01,0.2,0.2,0.75,0.25,9.36,-21.9,True
1.05,0.025,1.01,0.2,0.2,1.0,0.0,9.33,-22.26,True
1.05,0.025,1.01,0.2,0.3,0.0,1.0,10.98,-24.02,True
1.05,0.025,1.01,0.2,0.3,0.25,0.75,10.96,-24.28,True
1.05,0.025,1.01,0.2,0.3,0.5,0.5,10.94,-24.56,True
1.05,0.025,1.01,0.2,0.3,0.75,0.25,10.91,-24.86,True
1.05,0.025,1.01,0.2,0.3,1.0,0.0,10.88,-25.19,True
1.05,0.025,1.01,0.3,0.0,0.0,1.0,3.76,-20.68,True
1.05,0.025,1.01,0.3,0.0,0.25,0.75,3.61,-19.13,True
1.05,0.025,1.01,0.3,0.0,0.5,0.5,3.45,-17.46,True
1.05,0.025,1.01,0.3,0.0,0.75,0.25,3.28,-15.68,True
1.05,0.025,1.01,0.3,0.0,1.0,0.0,3.09,-13.75,True
1.05,0.025,1.01,0.3,0.1,0.0,1.0,7.59,-17.98,True
1.05,0.025,1.01,0.3,0.1,0.25,0.75,7.53,-16.4,True
1.05,0.025,1.01,0.3,0.1,0.5,0.5,7.47,-14.72,True
1.05,0.025,1.01,0.3,0.1,0.75,0.25,7.39,-14.77,True
1.05,0.025,1.01,0.3,0.1,1.0,0.0,7.32,-15.19,True
1.05,0.025,1.01,0.3,0.2,0.0,1.0,9.65,-19.54,True
1.05,0.025,1.01,0.3,0.2,0.25,0.75,9.62,-19.92,True
1.05,0.025,1.01,0.3,0.2,0.5,0.5,9.58,-20.32,True
1.05,0.025,1.01,0.3,0.2,0.75,0.25,9.54,-20.73,True
1.05,0.025,1.01,0.3,0.2,1.0,0.0,9.49,-21.15,True
1.05,0.025,1.01,0.3,0.3,0.0,1.0,11.05,-23.04,True
1.05,0.025,1.01,0.3,0.3,0.25,0.75,11.03,-23.38,True
1.05,0.025,1.01,0.3,0.3,0.5,0.5,11.01,-23.74,True
1.05,0.025,1.01,0.3,0.3,0.75,0.25,10.99,-24.1,True
1.05,0.025,1.01,0.3,0.3,1.0,0.0,10.96,-24.47,True
1.05,0.025,1.01,0.4,0.0,0.0,1.0,4.26,-21.41,True
1.05,0.025,1.01,0.4,0.0,0.25,0.75,4.09,-19.83,True
1.05,0.025,1.01,0.4,0.0,0.5,0.5,3.92,-18.13,True
1.05,0.025,1.01,0.4,0.0,0.75,0.25,3.74,-16.29,True
1.05,0.025,1.01,0.4,0.0,1.0,0.0,3.54,-14.29,True
1.05,0.025,1.01,0.4,0.1,0.0,1.0,7.75,-18.86,True
1.05,0.025,1.01,0.4,0.1,0.25,0.75,7.69,-17.25,True
1.05,0.025,1.01,0.4,0.1,0.5,0.5,7.63,-15.52,True
1.05,0.025,1.01,0.4,0.1,0.75,0.25,7.56,-14.05,True
1.05,0.025,1.01,0.4,0.1,1.0,0.0,7.48,-14.51,True
1.05,0.025,1.01,0.4,0.2,0.0,1.0,9.71,-18.77,True
1.05,0.025,1.01,0.4,0.2,0.25,0.75,9.68,-19.17,True
1.05,0.025,1.01,0.4,0.2,0.5,0.5,9.65,-19.6,True
1.05,0.025,1.01,0.4,0.2,0.75,0.25,9.61,-20.05,True
1.05,0.025,1.01,0.4,0.2,1.0,0.0,9.57,-20.53,True
1.05,0.025,1.01,0.4,0.3,0.0,1.0,11.09,-22.34,True
1.05,0.025,1.01,0.4,0.3,0.25,0.75,11.07,-22.73,True
1.05,0.025,1.01,0.4,0.3,0.5,0.5,11.05,-23.15,True
1.05,0.025,1.01,0.4,0.3,0.75,0.25,11.02,-23.59,True
1.05,0.025,1.01,0.4,0.3,1.0,0.0,10.99,-24.06,True
1.05,0.025,1.02,0.1,0.0,0.0,1.0,1.03,-9.23,True
1.05,0.025,1.02,0.1,0.0,0.25,0.75,0.99,-8.39,True
1.05,0.025,1.02,0.1,0.0,0.5,0.5,0.94,-7.52,True
1.05,0.025,1.02,0.1,0.0,0.75,0.25,0.89,-6.63,True
1.05,0.025,1.02,0.1,0.0,1.0,0.0,0.84,-5.71,True
1.05,0.025,1.02,0.1,0.1,0.0,1.0,6.47,-19.61,True
1.05,0.025,1.02,0.1,0.1,0.25,0.75,6.46,-19.72,True
1.05,0.025,1.02,0.1,0.1,0.5,0.5,6.45,-19.84,True
1.05,0.025,1.02,0.1,0.1,0.75,0.25,6.44,-19.95,True
1.05,0.025,1.02,0.1,0.1,1.0,0.0,6.43,-20.07,True
1.05,0.025,1.02,0.1,0.2,0.0,1.0,8.99,-24.58,True
1.05,0.025,1.02,0.1,0.2,0.25,0.75,8.98,-24.72,True
1.05,0.025,1.02,0.1,0.2,0.5,0.5,8.97,-24.86,True
1.05,0.025,1.02,0.1,0.2,0.75,0.25,8.96,-25.0,True
1.05,0.025,1.02,0.1,0.2,1.0,0.0,8.95,-25.14,True
1.05,0.025,1.02,0.1,0.3,0.0,1.0,10.61,-27.17,True
1.05,0.025,1.02,0.1,0.3,0.25,0.75,10.6,-27.29,True
1.05,0.025,1.02,0.1,0.3,0.5,0.5,10.59,-27.41,True
1.05,0.025,1.02,0.1,0.3,0.75,0.25,10.59,-27.54,True
1.05,0.025,1.02,0.1,0.3,1.0,0.0,10.58,-27.67,True
1.05,0.025,1.02,0.2,0.0,0.0,1.0,1.89,-15.85,True
1.05,0.025,1.02,0.2,0.0,0.25,0.75,1.82,-14.56,True
1.05,0.025,1.02,0.2,0.0,0.5,0.5,1.75,-13.21,True
1.05,0.025,1.02,0.2,0.0,0.75,0.25,1.67,-11.78,True
1.05,0.025,1.02,0.2,0.0,1.0,0.0,1.58,-10.27,True
1.05,0.025,1.02,0.2,0.1,0.0,1.0,6.84,-17.06,True
1.05,0.025,1.02,0.2,0.1,0.25,0.75,6.81,-17.29,True
1.05,0.025,1.02,0.2,0.1,0.5,0.5,6.78,-17.52,True
1.05,0.025,1.02,0.2,0.1,0.75,0.25,6.75,-17.77,True
1.05,0.025,1.02,0.2,0.1,1.0,0.0,6.72,-18.02,True
1.05,0.025,1.02,0.2,0.2,0.0,1.0,9.13,-22.99,True
1.05,0.025,1.02,0.2,0.2,0.25,0.75,9.12,-23.17,True
1.05,0.025,1.02,0.2,0.2,0.5,0.5,9.11,-23.35,True
1.05,0.025,1.02,0.2,0.2,0.75,0.25,9.09,-23.55,True
1.05,0.025,1.02,0.2,0.2,1.0,0.0,9.08,-23.76,True
1.05,0.025,1.02,0.2,0.3,0.0,1.0,10.7,-25.89,True
1.05,0.025,1.02,0.2,0.3,0.25,0.75,10.7,-26.04,True
1.05,0.025,1.02,0.2,0.3,0.5,0.5,10.69,-26.21,True
1.05,0.025,1.02,0.2,0.3,0.75,0.25,10.68,-26.39,True
1.05,0.025,1.02,0.2,0.3,1.0,0.0,10.68,-26.57,True
1.05,0.025,1.02,0.3,0.0,0.0,1.0,2.69,-18.29,True
1.05,0.025,1.02,0.3,0.0,0.25,0.75,2.59,-16.92,True
1.05,0.025,1.02,0.3,0.0,0.5,0.5,2.49,-15.45,True
1.05,0.025,1.02,0.3,0.0,0.75,0.25,2.37,-13.89,True
1.05,0.025,1.02,0.3,0.0,1.0,0.0,2.25,-12.21,True
1.05,0.025,1.02,0.3,0.1,0.0,1.0,6.95,-16.18,True
1.05,0.025,1.02,0.3,0.1,0.25,0.75,6.93,-16.4,True
1.05,0.025,1.02,0.3,0.1,0.5,0.5,6.91,-16.63,True
1.05,0.025,1.02,0.3,0.1,0.75,0.25,6.88,-16.88,True
1.05,0.025,1.02,0.3,0.1,1.0,0.0,6.85,-17.15,True
1.05,0.025,1.02,0.3,0.2,0.0,1.0,9.2,-22.06,True
1.05,0.025,1.02,0.3,0.2,0.25,0.75,9.2,-22.26,True
1.05,0.025,1.02,0.3,0.2,0.5,0.5,9.19,-22.48,True
1.05,0.025,1.02,0.3,0.2,0.75,0.25,9.17,-22.72,True
1.05,0.025,1.02,0.3,0.2,1.0,0.0,9.16,-22.98,True
1.05,0.025,1.02,0.3,0.3,0.0,1.0,10.76,-25.31,True
1.05,0.025,1.02,0.3,0.3,0.25,0.75,10.75,-25.48,True
1.05,0.025,1.02,0.3,0.3,0.5,0.5,10.74,-25.67,True
1.05,0.025,1.02,0.3,0.3,0.75,0.25,10.73,-25.87,True
1.05,0.025,1.02,0.3,0.3,1.0,0.0,10.72,-26.1,True
1.05,0.025,1.02,0.4,0.0,0.0,1.0,2.82,-19.48,True
1.05,0.025,1.02,0.4,0.0,0.25,0.75,2.74,-18.04,True
1.05,0.025,1.02,0.4,0.0,0.5,0.5,2.65,-16.5,True
1.05,0.025,1.02,0.4,0.0,0.75,0.25,2.55,-14.86,True
1.05,0.025,1.02,0.4,0.0,1.0,0.0,2.44,-13.08,True
1.05,0.025,1.02,0.4,0.1,0.0,1.0,7.0,-16.91,True
1.05,0.025,1.02,0.4,0.1,0.25,0.75,6.98,-15.89,True
1.05,0.025,1.02,0.4,0.1,0.5,0.5,6.96,-16.12,True
1.05,0.025,1.02,0.4,0.1,0.75,0.25,6.94,-16.37,True
1.05,0.025,1.02,0.4,0.1,1.0,0.0,6.91,-16.64,True
1.05,0.025,1.02,0.4,0.2,0.0,1.0,9.27,-21.5,True
1.05,0.025,1.02,0.4,0.2,0.25,0.75,9.26,-21.7,True
1.05,0.025,1.02,0.4,0.2,0.5,0.5,9.25,-21.94,True
1.05,0.025,1.02,0.4,0.2,0.75,0.25,9.24,-22.2,True
1.05,0.025,1.02,0.4,0.2,1.0,0.0,9.22,-22.48,True
1.05,0.025,1.02,0.4,0.3,0.0,1.0,10.78,-25.06,True
1.05,0.025,1.02,0.4,0.3,0.25,0.75,10.78,-25.22,True
1.05,0.025,1.02,0.4,0.3,0.5,0.5,10.77,-25.41,True
1.05,0.025,1.02,0.4,0.3,0.75,0.25,10.76,-25.62,True
1.05,0.025,1.02,0.4,0.3,1.0,0.0,10.75,-25.84,True
1.05,0.03,0.95,0.1,0.0,0.0,1.0,2.02,-26.38,True
1.05,0.03,0.95,0.1,0.0,0.25,0.75,1.94,-24.54,True
1.05,0.03,0.95,0.1,0.0,0.5,0.5,1.86,-22.49,True
1.05,0.03,0.95,0.1,0.0,0.75,0.25,1.77,-20.19,True
1.05,0.03,0.95,0.1,0.0,1.0,0.0,1.67,-17.58,True
1.05,0.03,0.95,0.1,0.1,0.0,1.0,6.67,-29.83,True
1.05,0.03,0.95,0.1,0.1,0.25,0.75,6.64,-28.91,True
1.05,0.03,0.95,0.1,0.1,0.5,0.5,6.6,-27.88,True
1.05,0.03,0.95,0.1,0.1,0.75,0.25,6.55,-26.74,True
1.05,0.03,0.95,0.1,0.1,1.0,0.0,6.5,-25.45,True
1.05,0.03,0.95,0.1,0.2,0.0,1.0,8.8,-31.08,True
1.05,0.03,0.95,0.1,0.2,0.25,0.75,8.8,-30.51,True
1.05,0.03,0.95,0.1,0.2,0.5,0.5,8.79,-29.87,True
1.05,0.03,0.95,0.1,0.2,0.75,0.25,8.77,-29.17,True
1.05,0.03,0.95,0.1,0.2,1.0,0.0,8.76,-28.4,True
1.05,0.03,0.95,0.1,0.3,0.0,1.0,10.51,-31.7,True
1.05,0.03,0.95,0.1,0.3,0.25,0.75,10.5,-31.32,True
1.05,0.03,0.95,0.1,0.3,0.5,0.5,10.48,-30.9,True
1.05,0.03,0.95,0.1,0.3,0.75,0.25,10.45,-30.44,True
1.05,0.03,0.95,0.1,0.3,1.0,0.0,10.43,-29.93,True
1.05,0.03,0.95,0.2,0.0,0.0,1.0,2.79,-27.68,True
1.05,0.03,0.95,0.2,0.0,0.25,0.75,2.75,-26.05,True
1.05,0.03,0.95,0.2,0.0,0.5,0.5,2.7,-24.15,True
1.05,0.03,0.95,0.2,0.0,0.75,0.25,2.63,-21.94,True
1.05,0.03,0.95,0.2,0.0,1.0,0.0,2.55,-19.3,True
1.05,0.03,0.95,0.2,0.1,0.0,1.0,6.81,-30.04,True
1.05,0.03,0.95,0.2,0.1,0.25,0.75,6.83,-29.17,True
1.05,0.03,0.95,0.2,0.1,0.5,0.5,6.84,-28.2,True
1.05,0.03,0.95,0.2,0.1,0.75,0.25,6.85,-27.1,True
1.05,0.03,0.95,0.2,0.1,1.0,0.0,6.86,-25.84,True
1.05,0.03,0.95,0.2,0.2,0.0,1.0,9.22,-30.95,True
1.05,0.03,0.95,0.2,0.2,0.25,0.75,9.22,-30.4,True
1.05,0.03,0.95,0.2,0.2,0.5,0.5,9.22,-29.77,True
1.05,0.03,0.95,0.2,0.2,0.75,0.25,9.22,-29.07,True
1.05,0.03,0.95,0.2,0.2,1.0,0.0,9.21,-28.27,True
1.05,0.03,0.95,0.2,0.3,0.0,1.0,10.71,-31.64,True
1.05,0.03,0.95,0.2,0.3,0.25,0.75,10.73,-31.23,True
1.05,0.03,0.95,0.2,0.3,0.5,0.5,10.74,-30.77,True
1.05,0.03,0.95,0.2,0.3,0.75,0.25,10.75,-30.26,True
1.05,0.03,0.95,0.2,0.3,1.0,0.0,10.76,-29.67,True
1.05,0.03,0.95,0.3,0.0,0.0,1.0,2.04,-27.68,True
1.05,0.03,0.95,0.3,0.0,0.25,0.75,2.13,-26.05,True
1.05,0.03,0.95,0.3,0.0,0.5,0.5,2.2,-24.15,True
1.05,0.03,0.95,0.3,0.0,0.75,0.25,2.25,-21.94,True
1.05,0.03,0.95,0.3,0.0,1.0,0.0,2.27,-19.3,True
1.05,0.03,0.95,0.3,0.1,0.0,1.0,6.95,-29.92,True
1.05,0.03,0.95,0.3,0.1,0.25,0.75,6.97,-29.04,True
1.05,0.03,0.95,0.3,0.1,0.5,0.5,6.98,-28.04,True
1.05,0.03,0.95,0.3,0.1,0.75,0.25,6.98,-26.89,True
1.05,0.03,0.95,0.3,0.1,1.0,0.0,6.98,-25.57,True
1.05,0.03,0.95,0.3,0.2,0.0,1.0,9.21,-30.92,True
1.05,0.03,0.95,0.3,0.2,0.25,0.75,9.24,-30.32,True
1.05,0.03,0.95,0.3,0.2,0.5,0.5,9.27,-29.64,True
1.05,0.03,0.95,0.3,0.2,0.75,0.25,9.28,-28.86,True
1.05,0.03,0.95,0.3,0.2,1.0,0.0,9.28,-27.96,True
1.05,0.03,0.95,0.3,0.3,0.0,1.0,10.73,-31.59,True
1.05,0.03,0.95,0.3,0.3,0.25,0.75,10.75,-31.17,True
1.05,0.03,0.95,0.3,0.3,0.5,0.5,10.77,-30.69,True
1.05,0.03,0.95,0.3,0.3,0.75,0.25,10.78,-30.15,True
1.05,0.03,0.95,0.3,0.3,1.0,0.0,10.79,-29.54,True
1.05,0.03,0.95,0.4,0.0,0.0,1.0,2.13,-27.68,True
1.05,0.03,0.95,0.4,0.0,0.25,0.75,2.24,-26.05,True
1.05,0.03,0.95,0.4,0.0,0.5,0.5,2.33,-24.17,True
1.05,0.03,0.95,0.4,0.0,0.75,0.25,2.39,-21.95,True
1.05,0.03,0.95,0.4,0.0,1.0,0.0,2.44,-19.3,True
1.05,0.03,0.95,0.4,0.1,0.0,1.0,7.1,-29.75,True
1.05,0.03,0.95,0.4,0.1,0.25,0.75,7.12,-28.86,True
1.05,0.03,0.95,0.4,0.1,0.5,0.5,7.13,-27.82,True
1.05,0.03,0.95,0.4,0.1,0.75,0.25,7.13,-26.62,True
1.05,0.03,0.95,0.4,0.1,1.0,0.0,7.12,-25.22,True
1.05,0.03,0.95,0.4,0.2,0.0,1.0,9.25,-30.86,True
1.05,0.03,0.95,0.4,0.2,0.25,0.75,9.28,-30.25,True
1.05,0.03,0.95,0.4,0.2,0.5,0.5,9.31,-29.54,True
1.05,0.03,0.95,0.4,0.2,0.75,0.25,9.32,-28.74,True
1.05,0.03,0.95,0.4,0.2,1.0,0.0,9.33,-27.82,True
1.05,0.03,0.95,0.4,0.3,0.0,1.0,10.78,-31.51,True
1.05,0.03,0.95,0.4,0.3,0.25,0.75,10.8,-31.07,True
1.05,0.03,0.95,0.4,0.3,0.5,0.5,10.81,-30.58,True
1.05,0.03,0.95,0.4,0.3,0.75,0.25,10.82,-30.02,True
1.05,0.03,0.95,0.4,0.3,1.0,0.0,10.82,-29.38,True
1.05,0.03,0.97,0.1,0.0,0.0,1.0,2.49,-20.76,True
1.05,0.03,0.97,0.1,0.0,0.25,0.75,2.36,-19.27,True
1.05,0.03,0.97,0.1,0.0,0.5,0.5,2.22,-17.6,True
1.05,0.03,0.97,0.1,0.0,0.75,0.25,2.07,-15.73,True
1.05,0.03,0.97,0.1,0.0,1.0,0.0,1.92,-13.61,True
1.05,0.03,0.97,0.1,0.1,0.0,1.0,6.95,-26.45,True
1.05,0.03,0.97,0.1,0.1,0.25,0.75,6.88,-25.76,True
1.05,0.03,0.97,0.1,0.1,0.5,0.5,6.81,-25.0,True
1.05,0.03,0.97,0.1,0.1,0.75,0.25,6.72,-24.16,True
1.05,0.03,0.97,0.1,0.1,1.0,0.0,6.64,-23.21,True
1.05,0.03,0.97,0.1,0.2,0.0,1.0,9.0,-29.0,True
1.05,0.03,0.97,0.1,0.2,0.25,0.75,8.96,-28.59,True
1.05,0.03,0.97,0.1,0.2,0.5,0.5,8.92,-28.13,True
1.05,0.03,0.97,0.1,0.2,0.75,0.25,8.88,-27.63,True
1.05,0.03,0.97,0.1,0.2,1.0,0.0,8.83,-27.08,True
1.05,0.03,0.97,0.1,0.3,0.0,1.0,10.64,-30.23,True
1.05,0.03,0.97,0.1,0.3,0.25,0.75,10.6,-29.98,True
1.05,0.03,0.97,0.1,0.3,0.5,0.5,10.56,-29.7,True
1.05,0.03,0.97,0.1,0.3,0.75,0.25,10.52,-29.39,True
1.05,0.03,0.97,0.1,0.3,1.0,0.0,10.48,-29.06,True
1.05,0.03,0.97,0.2,0.0,0.0,1.0,3.39,-22.06,True
1.05,0.03,0.97,0.2,0.0,0.25,0.75,3.28,-20.71,True
1.05,0.03,0.97,0.2,0.0,0.5,0.5,3.15,-19.15,True
1.05,0.03,0.97,0.2,0.0,0.75,0.25,3.01,-17.33,True
1.05,0.03,0.97,0.2,0.0,1.0,0.0,2.84,-15.15,True
1.05,0.03,0.97,0.2,0.1,0.0,1.0,6.95,-26.84,True
1.05,0.03,0.97,0.2,0.1,0.25,0.75,6.94,-26.2,True
1.05,0.03,0.97,0.2,0.1,0.5,0.5,6.92,-25.49,True
1.05,0.03,0.97,0.2,0.1,0.75,0.25,6.9,-24.69,True
1.05,0.03,0.97,0.2,0.1,1.0,0.0,6.88,-23.78,True
1.05,0.03,0.97,0.2,0.2,0.0,1.0,9.31,-28.73,True
1.05,0.03,0.97,0.2,0.2,0.25,0.75,9.3,-28.36,True
1.05,0.03,0.97,0.2,0.2,0.5,0.5,9.28,-27.95,True
1.05,0.03,0.97,0.2,0.2,0.75,0.25,9.26,-27.49,True
1.05,0.03,0.97,0.2,0.2,1.0,0.0,9.23,-26.97,True
1.05,0.03,0.97,0.2,0.3,0.0,1.0,10.75,-30.21,True
1.05,0.03,0.97,0.2,0.3,0.25,0.75,10.76,-29.92,True
1.05,0.03,0.97,0.2,0.3,0.5,0.5,10.77,-29.61,True
1.05,0.03,0.97,0.2,0.3,0.75,0.25,10.77,-29.27,True
1.05,0.03,0.97,0.2,0.3,1.0,0.0,10.76,-28.89,True
1.05,0.03,0.97,0.3,0.0,0.0,1.0,2.71,-22.06,True
1.05,0.03,0.97,0.3,0.0,0.25,0.75,2.7,-20.71,True
1.05,0.03,0.97,0.3,0.0,0.5,0.5,2.67,-19.15,True
1.05,0.03,0.97,0.3,0.0,0.75,0.25,2.61,-17.33,True
1.05,0.03,0.97,0.3,0.0,1.0,0.0,2.54,-15.15,True
1.05,0.03,0.97,0.3,0.1,0.0,1.0,7.04,-26.7,True
1.05,0.03,0.97,0.3,0.1,0.25,0.75,7.03,-26.06,True
1.05,0.03,0.97,0.3,0.1,0.5,0.5,7.02,-25.34,True
1.05,0.03,0.97,0.3,0.1,0.75,0.25,7.0,-24.51,True
1.05,0.03,0.97,0.3,0.1,1.0,0.0,6.97,-23.56,True
1.05,0.03,0.97,0.3,0.2,0.0,1.0,9.22,-28.96,True
1.05,0.03,0.97,0.3,0.2,0.25,0.75,9.24,-28.53,True
1.05,0.03,0.97,0.3,0.2,0.5,0.5,9.25,-28.05,True
1.05,0.03,0.97,0.3,0.2,0.75,0.25,9.26,-27.51,True
1.05,0.03,0.97,0.3,0.2,1.0,0.0,9.25,-26.91,True
1.05,0.03,0.97,0.3,0.3,0.0,1.0,10.7,-30.38,True
1.05,0.03,0.97,0.3,0.3,0.25,0.75,10.72,-30.09,True
1.05,0.03,0.97,0.3,0.3,0.5,0.5,10.73,-29.77,True
1.05,0.03,0.97,0.3,0.3,0.75,0.25,10.74,-29.41,True
1.05,0.03,0.97,0.3,0.3,1.0,0.0,10.74,-29.02,True
1.05,0.03,0.97,0.4,0.0,0.0,1.0,2.26,-22.06,True
1.05,0.03,0.97,0.4,0.0,0.25,0.75,2.32,-20.72,True
1.05,0.03,0.97,0.4,0.0,0.5,0.5,2.36,-19.16,True
1.05,0.03,0.97,0.4,0.0,0.75,0.25,2.37,-17.33,True
1.05,0.03,0.97,0.4,0.0,1.0,0.0,2.36,-15.15,True
1.05,0.03,0.97,0.4,0.1,0.0,1.0,7.09,-26.63,True
1.05,0.03,0.97,0.4,0.1,0.25,0.75,7.12,-25.95,True
1.05,0.03,0.97,0.4,0.1,0.5,0.5,7.12,-25.19,True
1.05,0.03,0.97,0.4,0.1,0.75,0.25,7.1,-24.34,True
1.05,0.03,0.97,0.4,0.1,1.0,0.0,7.07,-23.34,True
1.05,0.03,0.97,0.4,0.2,0.0,1.0,9.16,-29.12,True
1.05,0.03,0.97,0.4,0.2,0.25,0.75,9.19,-28.68,True
1.05,0.03,0.97,0.4,0.2,0.5,0.5,9.21,-28.18,True
1.05,0.03,0.97,0.4,0.2,0.75,0.25,9.23,-27.63,True
1.05,0.03,0.97,0.4,0.2,1.0,0.0,9.23,-27.0,True
1.05,0.03,0.97,0.4,0.3,0.0,1.0,10.69,-30.43,True
1.05,0.03,0.97,0.4,0.3,0.25,0.75,10.71,-30.13,True
1.05,0.03,0.97,0.4,0.3,0.5,0.5,10.72,-29.8,True
1.05,0.03,0.97,0.4,0.3,0.75,0.25,10.73,-29.43,True
1.05,0.03,0.97,0.4,0.3,1.0,0.0,10.74,-29.02,True
1.05,0.03,0.99,0.1,0.0,0.0,1.0,0.75,-8.33,True
1.05,0.03,0.99,0.1,0.0,0.25,0.75,0.73,-7.47,True
1.05,0.03,0.99,0.1,0.0,0.5,0.5,0.71,-6.59,True
1.05,0.03,0.99,0.1,0.0,0.75,0.25,0.69,-5.67,True
1.05,0.03,0.99,0.1,0.0,1.0,0.0,0.66,-4.73,True
1.05,0.03,0.99,0.1,0.1,0.0,1.0,6.46,-19.96,True
1.05,0.03,0.99,0.1,0.1,0.25,0.75,6.46,-20.03,True
1.05,0.03,0.99,0.1,0.1,0.5,0.5,6.45,-20.1,True
1.05,0.03,0.99,0.1,0.1,0.75,0.25,6.44,-20.18,True
1.05,0.03,0.99,0.1,0.1,1.0,0.0,6.44,-20.26,True
1.05,0.03,0.99,0.1,0.2,0.0,1.0,8.86,-25.85,True
1.05,0.03,0.99,0.1,0.2,0.25,0.75,8.87,-25.87,True
1.05,0.03,0.99,0.1,0.2,0.5,0.5,8.87,-25.9,True
1.05,0.03,0.99,0.1,0.2,0.75,0.25,8.87,-25.93,True
1.05,0.03,0.99,0.1,0.2,1.0,0.0,8.88,-25.96,True
1.05,0.03,0.99,0.1,0.3,0.0,1.0,10.49,-28.42,True
1.05,0.03,0.99,0.1,0.3,0.25,0.75,10.49,-28.44,True
1.05,0.03,0.99,0.1,0.3,0.5,0.5,10.5,-28.47,True
1.05,0.03,0.99,0.1,0.3,0.75,0.25,10.5,-28.5,True
1.05,0.03,0.99,0.1,0.3,1.0,0.0,10.51,-28.52,True
1.05,0.03,0.99,0.2,0.0,0.0,1.0,1.41,-11.29,True
1.05,0.03,0.99,0.2,0.0,0.25,0.75,1.38,-10.23,True
1.05,0.03,0.99,0.2,0.0,0.5,0.5,1.35,-9.1,True
1.05,0.03,0.99,0.2,0.0,0.75,0.25,1.32,-7.89,True
1.05,0.03,0.99,0.2,0.0,1.0,0.0,1.28,-6.61,True
1.05,0.03,0.99,0.2,0.1,0.0,1.0,6.4,-20.1,True
1.05,0.03,0.99,0.2,0.1,0.25,0.75,6.41,-20.09,True
1.05,0.03,0.99,0.2,0.1,0.5,0.5,6.43,-20.09,True
1.05,0.03,0.99,0.2,0.1,0.75,0.25,6.44,-20.1,True
1.05,0.03,0.99,0.2,0.1,1.0,0.0,6.44,-20.11,True
1.05,0.03,0.99,0.2,0.2,0.0,1.0,8.87,-25.34,True
1.05,0.03,0.99,0.2,0.2,0.25,0.75,8.88,-25.37,True
1.05,0.03,0.99,0.2,0.2,0.5,0.5,8.89,-25.41,True
1.05,0.03,0.99,0.2,0.2,0.75,0.25,8.9,-25.45,True
1.05,0.03,0.99,0.2,0.2,1.0,0.0,8.9,-25.49,True
1.05,0.03,0.99,0.2,0.3,0.0,1.0,10.53,-28.03,True
1.05,0.03,0.99,0.2,0.3,0.25,0.75,10.54,-28.0,True
1.05,0.03,0.99,0.2,0.3,0.5,0.5,10.54,-27.99,True
1.05,0.03,0.99,0.2,0.3,0.75,0.25,10.55,-27.99,True
1.05,0.03,0.99,0.2,0.3,1.0,0.0,10.56,-28.0,True
1.05,0.03,0.99,0.3,0.0,0.0,1.0,1.27,-10.99,True
1.05,0.03,0.99,0.3,0.0,0.25,0.75,1.28,-9.94,True
1.05,0.03,0.99,0.3,0.0,0.5,0.5,1.29,-8.83,True
1.05,0.03,0.99,0.3,0.0,0.75,0.25,1.3,-7.63,True
1.05,0.03,0.99,0.3,0.0,1.0,0.0,1.3,-6.36,True
1.05,0.03,0.99,0.3,0.1,0.0,1.0,6.37,-20.01,True
1.05,0.03,0.99,0.3,0.1,0.25,0.75,6.4,-20.01,True
1.05,0.03,0.99,0.3,0.1,0.5,0.5,6.42,-19.99,True
1.05,0.03,0.99,0.3,0.1,0.75,0.25,6.43,-19.98,True
1.05,0.03,0.99,0.3,0.1,1.0,0.0,6.45,-19.98,True
1.05,0.03,0.99,0.3,0.2,0.0,1.0,8.84,-25.57,True
1.05,0.03,0.99,0.3,0.2,0.25,0.75,8.87,-25.51,True
1.05,0.03,0.99,0.3,0.2,0.5,0.5,8.9,-25.46,True
1.05,0.03,0.99,0.3,0.2,0.75,0.25,8.91,-25.42,True
1.05,0.03,0.99,0.3,0.2,1.0,0.0,8.93,-25.39,True
1.05,0.03,0.99,0.3,0.3,0.0,1.0,10.45,-28.43,True
1.05,0.03,0.99,0.3,0.3,0.25,0.75,10.47,-28.37,True
1.05,0.03,0.99,0.3,0.3,0.5,0.5,10.5,-28.33,True
1.05,0.03,0.99,0.3,0.3,0.75,0.25,10.52,-28.3,True
1.05,0.03,0.99,0.3,0.3,1.0,0.0,10.53,-28.26,True
1.05,0.03,0.99,0.4,0.0,0.0,1.0,0.85,-11.6,True
1.05,0.03,0.99,0.4,0.0,0.25,0.75,0.92,-10.51,True
1.05,0.03,0.99,0.4,0.0,0.5,0.5,0.98,-9.43,True
1.05,0.03,0.99,0.4,0.0,0.75,0.25,1.03,-8.33,True
1.05,0.03,0.99,0.4,0.0,1.0,0.0,1.08,-7.23,True
1.05,0.03,0.99,0.4,0.1,0.0,1.0,6.27,-20.32,True
1.05,0.03,0.99,0.4,0.1,0.25,0.75,6.31,-20.27,True
1.05,0.03,0.99,0.4,0.1,0.5,0.5,6.35,-20.23,True
1.05,0.03,0.99,0.4,0.1,0.75,0.25,6.39,-20.2,True
1.05,0.03,0.99,0.4,0.1,1.0,0.0,6.42,-20.17,True
1.05,0.03,0.99,0.4,0.2,0.0,1.0,8.75,-25.95,True
1.05,0.03,0.99,0.4,0.2,0.25,0.75,8.79,-25.85,True
1.05,0.03,0.99,0.4,0.2,0.5,0.5,8.82,-25.77,True
1.05,0.03,0.99,0.4,0.2,0.75,0.25,8.86,-25.7,True
1.05,0.03,0.99,0.4,0.2,1.0,0.0,8.89,-25.65,True
1.05,0.03,0.99,0.4,0.3,0.0,1.0,10.39,-28.48,True
1.05,0.03,0.99,0.4,0.3,0.25,0.75,10.42,-28.41,True
1.05,0.03,0.99,0.4,0.3,0.5,0.5,10.45,-28.36,True
1.05,0.03,0.99,0.4,0.3,0.75,0.25,10.48,-28.31,True
1.05,0.03,0.99,0.4,0.3,1.0,0.0,10.51,-28.28,True
1.05,0.03,1.0,0.1,0.0,0.0,1.0,0.14,-3.77,True
1.05,0.03,1.0,0.1,0.0,0.25,0.75,0.16,-3.34,True
1.05,0.03,1.0,0.1,0.0,0.5,0.5,0.18,-2.9,True
1.05,0.03,1.0,0.1,0.0,0.75,0.25,0.2,-2.45,True
1.05,0.03,1.0,0.1,0.0,1.0,0.0,0.22,-1.99,True
1.05,0.03,1.0,0.1,0.1,0.0,1.0,6.13,-22.07,True
1.05,0.03,1.0,0.1,0.1,0.25,0.75,6.14,-22.0,True
1.05,0.03,1.0,0.1,0.1,0.5,0.5,6.16,-21.93,True
1.05,0.03,1.0,0.1,0.1,0.75,0.25,6.18,-21.86,True
1.05,0.03,1.0,0.1,0.1,1.0,0.0,6.19,-21.79,True
1.05,0.03,1.0,0.1,0.2,0.0,1.0,8.68,-27.41,True
1.05,0.03,1.0,0.1,0.2,0.25,0.75,8.69,-27.33,True
1.05,0.03,1.0,0.1,0.2,0.5,0.5,8.71,-27.24,True
1.05,0.03,1.0,0.1,0.2,0.75,0.25,8.72,-27.16,True
1.05,0.03,1.0,0.1,0.2,1.0,0.0,8.74,-27.08,True
1.05,0.03,1.0,0.1,0.3,0.0,1.0,10.38,-29.58,True
1.05,0.03,1.0,0.1,0.3,0.25,0.75,10.39,-29.52,True
1.05,0.03,1.0,0.1,0.3,0.5,0.5,10.4,-29.47,True
1.05,0.03,1.0,0.1,0.3,0.75,0.25,10.41,-29.41,True
1.05,0.03,1.0,0.1,0.3,1.0,0.0,10.42,-29.35,True
1.05,0.03,1.0,0.2,0.0,0.0,1.0,0.2,-6.59,True
1.05,0.03,1.0,0.2,0.0,0.25,0.75,0.25,-5.88,True
1.05,0.03,1.0,0.2,0.0,0.5,0.5,0.3,-5.14,True
1.05,0.03,1.0,0.2,0.0,0.75,0.25,0.34,-4.38,True
1.05,0.03,1.0,0.2,0.0,1.0,0.0,0.39,-3.59,True
1.05,0.03,1.0,0.2,0.1,0.0,1.0,6.04,-22.27,True
1.05,0.03,1.0,0.2,0.1,0.25,0.75,6.07,-22.11,True
1.05,0.03,1.0,0.2,0.1,0.5,0.5,6.11,-21.96,True
1.05,0.03,1.0,0.2,0.1,0.75,0.25,6.14,-21.81,True
1.05,0.03,1.0,0.2,0.1,1.0,0.0,6.17,-21.67,True
1.05,0.03,1.0,0.2,0.2,0.0,1.0,8.69,-27.08,True
1.05,0.03,1.0,0.2,0.2,0.25,0.75,8.7,-26.99,True
1.05,0.03,1.0,0.2,0.2,0.5,0.5,8.72,-26.9,True
1.05,0.03,1.0,0.2,0.2,0.75,0.25,8.74,-26.81,True
1.05,0.03,1.0,0.2,0.2,1.0,0.0,8.76,-26.72,True
1.05,0.03,1.0,0.2,0.3,0.0,1.0,10.41,-29.27,True
1.05,0.03,1.0,0.2,0.3,0.25,0.75,10.42,-29.18,True
1.05,0.03,1.0,0.2,0.3,0.5,0.5,10.43,-29.09,True
1.05,0.03,1.0,0.2,0.3,0.75,0.25,10.45,-29.0,True
1.05,0.03,1.0,0.2,0.3,1.0,0.0,10.46,-28.92,True
1.05,0.03,1.0,0.3,0.0,0.0,1.0,0.03,-7.43,True
1.05,0.03,1.0,0.3,0.0,0.25,0.75,0.12,-6.83,True
1.05,0.03,1.0,0.3,0.0,0.5,0.5,0.21,-6.22,True
1.05,0.03,1.0,0.3,0.0,0.75,0.25,0.3,-5.61,True
1.05,0.03,1.0,0.3,0.0,1.0,0.0,0.38,-5.0,True
1.05,0.03,1.0,0.3,0.1,0.0,1.0,5.99,-22.22,True
1.05,0.03,1.0,0.3,0.1,0.25,0.75,6.04,-22.07,True
1.05,0.03,1.0,0.3,0.1,0.5,0.5,6.08,-21.89,True
1.05,0.03,1.0,0.3,0.1,0.75,0.25,6.12,-21.72,True
1.05,0.03,1.0,0.3,0.1,1.0,0.0,6.16,-21.55,True
1.05,0.03,1.0,0.3,0.2,0.0,1.0,8.65,-27.21,True
1.05,0.03,1.0,0.3,0.2,0.25,0.75,8.69,-27.06,True
1.05,0.03,1.0,0.3,0.2,0.5,0.5,8.72,-26.92,True
1.05,0.03,1.0,0.3,0.2,0.75,0.25,8.75,-26.76,True
1.05,0.03,1.0,0.3,0.2,1.0,0.0,8.77,-26.61,True
1.05,0.03,1.0,0.3,0.3,0.0,1.0,10.34,-29.63,True
1.05,0.03,1.0,0.3,0.3,0.25,0.75,10.36,-29.52,True
1.05,0.03,1.0,0.3,0.3,0.5,0.5,10.39,-29.41,True
1.05,0.03,1.0,0.3,0.3,0.75,0.25,10.42,-29.3,True
1.05,0.03,1.0,0.3,0.3,1.0,0.0,10.44,-29.18,True
1.05,0.03,1.0,0.4,0.0,0.0,1.0,-0.42,-9.87,True
1.05,0.03,1.0,0.4,0.0,0.25,0.75,-0.28,-9.07,True
1.05,0.03,1.0,0.4,0.0,0.5,0.5,-0.13,-8.27,True
1.05,0.03,1.0,0.4,0.0,0.75,0.25,0.01,-7.46,True
1.05,0.03,1.0,0.4,0.0,1.0,0.0,0.14,-6.66,True
1.05,0.03,1.0,0.4,0.1,0.0,1.0,5.94,-22.47,True
1.05,0.03,1.0,0.4,0.1,0.25,0.75,5.99,-22.28,True
1.05,0.03,1.0,0.4,0.1,0.5,0.5,6.05,-22.09,True
1.05,0.03,1.0,0.4,0.1,0.75,0.25,6.1,-21.91,True
1.05,0.03,1.0,0.4,0.1,1.0,0.0,6.15,-21.71,True
1.05,0.03,1.0,0.4,0.2,0.0,1.0,8.57,-27.59,True
1.05,0.03,1.0,0.4,0.2,0.25,0.75,8.61,-27.41,True
1.05,0.03,1.0,0.4,0.2,0.5,0.5,8.65,-27.23,True
1.05,0.03,1.0,0.4,0.2,0.75,0.25,8.7,-27.06,True
1.05,0.03,1.0,0.4,0.2,1.0,0.0,8.74,-26.89,True
1.05,0.03,1.0,0.4,0.3,0.0,1.0,10.29,-29.65,True
1.05,0.03,1.0,0.4,0.3,0.25,0.75,10.32,-29.53,True
1.05,0.03,1.0,0.4,0.3,0.5,0.5,10.35,-29.41,True
1.05,0.03,1.0,0.4,0.3,0.75,0.25,10.38,-29.29,True
1.05,0.03,1.0,0.4,0.3,1.0,0.0,10.42,-29.17,True
1.05,0.03,1.01,0.1,0.0,0.0,1.0,0.55,-1.13,True
1.05,0.03,1.01,0.1,0.0,0.25,0.75,0.53,-1.03,True
1.05,0.03,1.01,0.1,0.0,0.5,0.5,0.52,-0.94,True
1.05,0.03,1.01,0.1,0.0,0.75,0.25,0.5,-0.85,True
1.05,0.03,1.01,0.1,0.0,1.0,0.0,0.48,-0.75,True
1.05,0.03,1.01,0.1,0.1,0.0,1.0,6.3,-20.98,True
1.05,0.03,1.01,0.1,0.1,0.25,0.75,6.3,-21.0,True
1.05,0.03,1.01,0.1,0.1,0.5,0.5,6.3,-21.02,True
1.05,0.03,1.01,0.1,0.1,0.75,0.25,6.3,-21.05,True
1.05,0.03,1.01,0.1,0.1,1.0,0.0,6.3,-21.07,True
1.05,0.03,1.01,0.1,0.2,0.0,1.0,8.8,-26.46,True
1.05,0.03,1.01,0.1,0.2,0.25,0.75,8.81,-26.46,True
1.05,0.03,1.01,0.1,0.2,0.5,0.5,8.81,-26.46,True
1.05,0.03,1.01,0.1,0.2,0.75,0.25,8.82,-26.46,True
1.05,0.03,1.01,0.1,0.2,1.0,0.0,8.82,-26.46,True
1.05,0.03,1.01,0.1,0.3,0.0,1.0,10.47,-28.81,True
1.05,0.03,1.01,0.1,0.3,0.25,0.75,10.47,-28.82,True
1.05,0.03,1.01,0.1,0.3,0.5,0.5,10.47,-28.82,True
1.05,0.03,1.01,0.1,0.3,0.75,0.25,10.48,-28.83,True
1.05,0.03,1.01,0.1,0.3,1.0,0.0,10.48,-28.83,True
1.05,0.03,1.01,0.2,0.0,0.0,1.0,0.98,-2.26,True
1.05,0.03,1.01,0.2,0.0,0.25,0.75,0.97,-2.07,True
1.05,0.03,1.01,0.2,0.0,0.5,0.5,0.95,-1.88,True
1.05,0.03,1.01,0.2,0.0,0.75,0.25,0.93,-1.69,True
1.05,0.03,1.01,0.2,0.0,1.0,0.0,0.9,-1.5,True
1.05,0.03,1.01,0.2,0.1,0.0,1.0,6.35,-20.27,True
1.05,0.03,1.01,0.2,0.1,0.25,0.75,6.36,-20.29,True
1.05,0.03,1.01,0.2,0.1,0.5,0.5,6.37,-20.31,True
1.05,0.03,1.01,0.2,0.1,0.75,0.25,6.38,-20.33,True
1.05,0.03,1.01,0.2,0.1,1.0,0.0,6.38,-20.36,True
1.05,0.03,1.01,0.2,0.2,0.0,1.0,8.87,-25.54,True
1.05,0.03,1.01,0.2,0.2,0.25,0.75,8.87,-25.57,True
1.05,0.03,1.01,0.2,0.2,0.5,0.5,8.88,-25.6,True
1.05,0.03,1.01,0.2,0.2,0.75,0.25,8.88,-25.64,True
1.05,0.03,1.01,0.2,0.2,1.0,0.0,8.89,-25.68,True
1.05,0.03,1.01,0.2,0.3,0.0,1.0,10.55,-27.88,True
1.05,0.03,1.01,0.2,0.3,0.25,0.75,10.55,-27.92,True
1.05,0.03,1.01,0.2,0.3,0.5,0.5,10.55,-27.97,True
1.05,0.03,1.01,0.2,0.3,0.75,0.25,10.55,-28.02,True
1.05,0.03,1.01,0.2,0.3,1.0,0.0,10.55,-28.07,True
1.05,0.03,1.01,0.3,0.0,0.0,1.0,1.07,-3.38,True
1.05,0.03,1.01,0.3,0.0,0.25,0.75,1.08,-3.1,True
1.05,0.03,1.01,0.3,0.0,0.5,0.5,1.08,-2.82,True
1.05,0.03,1.01,0.3,0.0,0.75,0.25,1.08,-2.54,True
1.05,0.03,1.01,0.3,0.0,1.0,0.0,1.07,-2.26,True
1.05,0.03,1.01,0.3,0.1,0.0,1.0,6.38,-19.74,True
1.05,0.03,1.01,0.3,0.1,0.25,0.75,6.4,-19.79,True
1.05,0.03,1.01,0.3,0.1,0.5,0.5,6.41,-19.81,True
1.05,0.03,1.01,0.3,0.1,0.75,0.25,6.42,-19.84,True
1.05,0.03,1.01,0.3,0.1,1.0,0.0,6.43,-19.88,True
1.05,0.03,1.01,0.3,0.2,0.0,1.0,8.89,-25.05,True
1.05,0.03,1.01,0.3,0.2,0.25,0.75,8.91,-25.11,True
1.05,0.03,1.01,0.3,0.2,0.5,0.5,8.92,-25.17,True
1.05,0.03,1.01,0.3,0.2,0.75,0.25,8.93,-25.22,True
1.05,0.03,1.01,0.3,0.2,1.0,0.0,8.93,-25.27,True
1.05,0.03,1.01,0.3,0.3,0.0,1.0,10.47,-28.24,True
1.05,0.03,1.01,0.3,0.3,0.25,0.75,10.49,-28.23,True
1.05,0.03,1.01,0.3,0.3,0.5,0.5,10.51,-28.23,True
1.05,0.03,1.01,0.3,0.3,0.75,0.25,10.53,-28.24,True
1.05,0.03,1.01,0.3,0.3,1.0,0.0,10.54,-28.23,True
1.05,0.03,1.01,0.4,0.0,0.0,1.0,0.87,-4.51,True
1.05,0.03,1.01,0.4,0.0,0.25,0.75,0.9,-4.14,True
1.05,0.03,1.01,0.4,0.0,0.5,0.5,0.94,-3.76,True
1.05,0.03,1.01,0.4,0.0,0.75,0.25,0.97,-3.38,True
1.05,0.03,1.01,0.4,0.0,1.0,0.0,0.99,-3.01,True
1.05,0.03,1.01,0.4,0.1,0.0,1.0,6.34,-19.6,True
1.05,0.03,1.01,0.4,0.1,0.25,0.75,6.37,-19.63,True
1.05,0.03,1.01,0.4,0.1,0.5,0.5,6.39,-19.67,True
1.05,0.03,1.01,0.4,0.1,0.75,0.25,6.42,-19.71,True
1.05,0.03,1.01,0.4,0.1,1.0,0.0,6.44,-19.75,True
1.05,0.03,1.01,0.4,0.2,0.0,1.0,8.8,-25.49,True
1.05,0.03,1.01,0.4,0.2,0.25,0.75,8.83,-25.47,True
1.05,0.03,1.01,0.4,0.2,0.5,0.5,8.85,-25.46,True
1.05,0.03,1.01,0.4,0.2,0.75,0.25,8.88,-25.47,True
1.05,0.03,1.01,0.4,0.2,1.0,0.0,8.9,-25.48,True
1.05,0.03,1.01,0.4,0.3,0.0,1.0,10.42,-28.25,True
1.05,0.03,1.01,0.4,0.3,0.25,0.75,10.45,-28.23,True
1.05,0.03,1.01,0.4,0.3,0.5,0.5,10.47,-28.22,True
1.05,0.03,1.01,0.4,0.3,0.75,0.25,10.5,-28.22,True
1.05,0.03,1.01,0.4,0.3,1.0,0.0,10.52,-28.22,True
1.05,0.03,1.02,0.1,0.0,0.0,1.0,0.28,-1.13,True
1.05,0.03,1.02,0.1,0.0,0.25,0.75,0.28,-1.03,True
1.05,0.03,1.02,0.1,0.0,0.5,0.5,0.28,-0.94,True
1.05,0.03,1.02,0.1,0.0,0.75,0.25,0.28,-0.85,True
1.05,0.03,1.02,0.1,0.0,1.0,0.0,0.28,-0.75,True
1.05,0.03,1.02,0.1,0.1,0.0,1.0,6.23,-21.48,True
1.05,0.03,1.02,0.1,0.1,0.25,0.75,6.24,-21.47,True
1.05,0.03,1.02,0.1,0.1,0.5,0.5,6.24,-21.47,True
1.05,0.03,1.02,0.1,0.1,0.75,0.25,6.25,-21.46,True
1.05,0.03,1.02,0.1,0.1,1.0,0.0,6.25,-21.45,True
1.05,0.03,1.02,0.1,0.2,0.0,1.0,8.77,-26.81,True
1.05,0.03,1.02,0.1,0.2,0.25,0.75,8.78,-26.79,True
1.05,0.03,1.02,0.1,0.2,0.5,0.5,8.78,-26.77,True
1.05,0.03,1.02,0.1,0.2,0.75,0.25,8.79,-26.75,True
1.05,0.03,1.02,0.1,0.2,1.0,0.0,8.8,-26.73,True
1.05,0.03,1.02,0.1,0.3,0.0,1.0,10.45,-29.01,True
1.05,0.03,1.02,0.1,0.3,0.25,0.75,10.46,-29.01,True
1.05,0.03,1.02,0.1,0.3,0.5,0.5,10.46,-29.0,True
1.05,0.03,1.02,0.1,0.3,0.75,0.25,10.46,-29.0,True
1.05,0.03,1.02,0.1,0.3,1.0,0.0,10.47,-29.0,True
1.05,0.03,1.02,0.2,0.0,0.0,1.0,0.5,-2.26,True
1.05,0.03,1.02,0.2,0.0,0.25,0.75,0.51,-2.07,True
1.05,0.03,1.02,0.2,0.0,0.5,0.5,0.52,-1.88,True
1.05,0.03,1.02,0.2,0.0,0.75,0.25,0.52,-1.69,True
1.05,0.03,1.02,0.2,0.0,1.0,0.0,0.53,-1.5,True
1.05,0.03,1.02,0.2,0.1,0.0,1.0,6.24,-21.19,True
1.05,0.03,1.02,0.2,0.1,0.25,0.75,6.25,-21.16,True
1.05,0.03,1.02,0.2,0.1,0.5,0.5,6.26,-21.13,True
1.05,0.03,1.02,0.2,0.1,0.75,0.25,6.28,-21.1,True
1.05,0.03,1.02,0.2,0.1,1.0,0.0,6.29,-21.07,True
1.05,0.03,1.02,0.2,0.2,0.0,1.0,8.83,-26.02,True
1.05,0.03,1.02,0.2,0.2,0.25,0.75,8.84,-26.03,True
1.05,0.03,1.02,0.2,0.2,0.5,0.5,8.84,-26.05,True
1.05,0.03,1.02,0.2,0.2,0.75,0.25,8.85,-26.07,True
1.05,0.03,1.02,0.2,0.2,1.0,0.0,8.85,-26.08,True
1.05,0.03,1.02,0.2,0.3,0.0,1.0,10.51,-28.36,True
1.05,0.03,1.02,0.2,0.3,0.25,0.75,10.51,-28.36,True
1.05,0.03,1.02,0.2,0.3,0.5,0.5,10.52,-28.37,True
1.05,0.03,1.02,0.2,0.3,0.75,0.25,10.52,-28.37,True
1.05,0.03,1.02,0.2,0.3,1.0,0.0,10.53,-28.39,True
1.05,0.03,1.02,0.3,0.0,0.0,1.0,0.6,-3.38,True
1.05,0.03,1.02,0.3,0.0,0.25,0.75,0.62,-3.1,True
1.05,0.03,1.02,0.3,0.0,0.5,0.5,0.64,-2.82,True
1.05,0.03,1.02,0.3,0.0,0.75,0.25,0.66,-2.54,True
1.05,0.03,1.02,0.3,0.0,1.0,0.0,0.68,-2.26,True
1.05,0.03,1.02,0.3,0.1,0.0,1.0,6.32,-20.43,True
1.05,0.03,1.02,0.3,0.1,0.25,0.75,6.33,-20.44,True
1.05,0.03,1.02,0.3,0.1,0.5,0.5,6.34,-20.44,True
1.05,0.03,1.02,0.3,0.1,0.75,0.25,6.35,-20.45,True
1.05,0.03,1.02,0.3,0.1,1.0,0.0,6.36,-20.46,True
1.05,0.03,1.02,0.3,0.2,0.0,1.0,8.87,-25.68,True
1.05,0.03,1.02,0.3,0.2,0.25,0.75,8.88,-25.66,True
1.05,0.03,1.02,0.3,0.2,0.5,0.5,8.88,-25.66,True
1.05,0.03,1.02,0.3,0.2,0.75,0.25,8.89,-25.65,True
1.05,0.03,1.02,0.3,0.2,1.0,0.0,8.9,-25.66,True
1.05,0.03,1.02,0.3,0.3,0.0,1.0,10.49,-28.6,True
1.05,0.03,1.02,0.3,0.3,0.25,0.75,10.5,-28.56,True
1.05,0.03,1.02,0.3,0.3,0.5,0.5,10.5,-28.53,True
1.05,0.03,1.02,0.3,0.3,0.75,0.25,10.51,-28.51,True
1.05,0.03,1.02,0.3,0.3,1.0,0.0,10.52,-28.49,True
1.05,0.03,1.02,0.4,0.0,0.0,1.0,0.48,-4.51,True
1.05,0.03,1.02,0.4,0.0,0.25,0.75,0.53,-4.14,True
1.05,0.03,1.02,0.4,0.0,0.5,0.5,0.57,-3.76,True
1.05,0.03,1.02,0.4,0.0,0.75,0.25,0.61,-3.38,True
1.05,0.03,1.02,0.4,0.0,1.0,0.0,0.65,-3.01,True
1.05,0.03,1.02,0.4,0.1,0.0,1.0,6.35,-20.17,True
1.05,0.03,1.02,0.4,0.1,0.25,0.75,6.36,-20.17,True
1.05,0.03,1.02,0.4,0.1,0.5,0.5,6.37,-20.18,True
1.05,0.03,1.02,0.4,0.1,0.75,0.25,6.38,-20.18,True
1.05,0.03,1.02,0.4,0.1,1.0,0.0,6.39,-20.19,True
1.05,0.03,1.02,0.4,0.2,0.0,1.0,8.83,-25.98,True
1.05,0.03,1.02,0.4,0.2,0.25,0.75,8.85,-25.93,True
1.05,0.03,1.02,0.4,0.2,0.5,0.5,8.86,-25.89,True
1.05,0.03,1.02,0.4,0.2,0.75,0.25,8.87,-25.85,True
1.05,0.03,1.02,0.4,0.2,1.0,0.0,8.88,-25.83,True
1.05,0.03,1.02,0.4,0.3,0.0,1.0,10.49,-28.59,True
1.05,0.03,1.02,0.4,0.3,0.25,0.75,10.5,-28.55,True
1.05,0.03,1.02,0.4,0.3,0.5,0.5,10.5,-28.51,True
1.05,0.03,1.02,0.4,0.3,0.75,0.25,10.51,-28.48,True
1.05,0.03,1.02,0.4,0.3,1.0,0.0,10.52,-28.46,True
1.06,0.005,0.95,0.1,0.0,0.0,1.0,15.71,-39.73,True
1.06,0.005,0.95,0.1,0.0,0.25,0.75,15.07,-36.93,True
1.06,0.005,0.95,0.1,0.0,0.5,0.5,14.36,-34.07,True
1.06,0.005,0.95,0.1,0.0,0.75,0.25,13.57,-31.15,True
1.06,0.005,0.95,0.1,0.0,1.0,0.0,12.7,-28.16,True
1.06,0.005,0.95,0.1,0.1,0.0,1.0,16.04,-34.39,True
1.06,0.005,0.95,0.1,0.1,0.25,0.75,15.46,-31.88,True
1.06,0.005,0.95,0.1,0.1,0.5,0.5,14.83,-29.3,True
1.06,0.005,0.95,0.1,0.1,0.75,0.25,14.14,-26.65,True
1.06,0.005,0.95,0.1,0.1,1.0,0.0,13.39,-23.93,True
1.06,0.005,0.95,0.1,0.2,0.0,1.0,16.5,-28.4,True
1.06,0.005,0.95,0.1,0.2,0.25,0.75,15.95,-27.22,True
1.06,0.005,0.95,0.1,0.2,0.5,0.5,15.36,-25.87,True
1.06,0.005,0.95,0.1,0.2,0.75,0.25,14.73,-24.32,True
1.06,0.005,0.95,0.1,0.2,1.0,0.0,14.06,-22.53,True
1.06,0.005,0.95,0.1,0.3,0.0,1.0,16.77,-28.75,True
1.06,0.005,0.95,0.1,0.3,0.25,0.75,16.26,-27.71,True
1.06,0.005,0.95,0.1,0.3,0.5,0.5,15.73,-26.56,True
1.06,0.005,0.95,0.1,0.3,0.75,0.25,15.16,-25.27,True
1.06,0.005,0.95,0.1,0.3,1.0,0.0,14.56,-23.84,True
1.06,0.005,0.95,0.2,0.0,0.0,1.0,18.03,-38.63,True
1.06,0.005,0.95,0.2,0.0,0.25,0.75,17.24,-35.85,True
1.06,0.005,0.95,0.2,0.0,0.5,0.5,16.38,-33.0,True
1.06,0.005,0.95,0.2,0.0,0.75,0.25,15.43,-30.1,True
1.06,0.005,0.95,0.2,0.0,1.0,0.0,14.38,-27.13,True
1.06,0.005,0.95,0.2,0.1,0.0,1.0,18.11,-31.38,True
1.06,0.005,0.95,0.2,0.1,0.25,0.75,17.37,-28.98,True
1.06,0.005,0.95,0.2,0.1,0.5,0.5,16.57,-26.5,True
1.06,0.005,0.95,0.2,0.1,0.75,0.25,15.71,-23.97,True
1.06,0.005,0.95,0.2,0.1,1.0,0.0,14.78,-21.38,True
1.06,0.005,0.95,0.2,0.2,0.0,1.0,18.15,-28.26,True
1.06,0.005,0.95,0.2,0.2,0.25,0.75,17.46,-27.06,True
1.06,0.005,0.95,0.2,0.2,0.5,0.5,16.73,-25.66,True
1.06,0.005,0.95,0.2,0.2,0.75,0.25,15.95,-24.02,True
1.06,0.005,0.95,0.2,0.2,1.0,0.0,15.11,-22.08,True
1.06,0.005,0.95,0.2,0.3,0.0,1.0,18.18,-28.57,True
1.06,0.005,0.95,0.2,0.3,0.25,0.75,17.53,-27.51,True
1.06,0.005,0.95,0.2,0.3,0.5,0.5,16.85,-26.3,True
1.06,0.005,0.95,0.2,0.3,0.75,0.25,16.13,-24.92,True
1.06,0.005,0.95,0.2,0.3,1.0,0.0,15.37,-23.38,True
1.06,0.005,0.95,0.3,0.0,0.0,1.0,19.15,-35.37,True
1.06,0.005,0.95,0.3,0.0,0.25,0.75,18.29,-32.73,True
1.06,0.005,0.95,0.3,0.0,0.5,0.5,17.34,-30.03,True
1.06,0.005,0.95,0.3,0.0,0.75,0.25,16.31,-27.29,True
1.06,0.005,0.95,0.3,0.0,1.0,0.0,15.17,-24.5,True
1.06,0.005,0.95,0.3,0.1,0.0,1.0,19.1,-29.28,True
1.06,0.005,0.95,0.3,0.1,0.25,0.75,18.28,-26.96,True
1.06,0.005,0.95,0.3,0.1,0.5,0.5,17.4,-25.0,True
1.06,0.005,0.95,0.3,0.1,0.75,0.25,16.44,-23.05,True
1.06,0.005,0.95,0.3,0.1,1.0,0.0,15.42,-20.63,True
1.06,0.005,0.95,0.3,0.2,0.0,1.0,18.93,-28.22,True
1.06,0.005,0.95,0.3,0.2,0.25,0.75,18.17,-27.02,True
1.06,0.005,0.95,0.3,0.2,0.5,0.5,17.35,-25.6,True
1.06,0.005,0.95,0.3,0.2,0.75,0.25,16.49,-23.93,True
1.06,0.005,0.95,0.3,0.2,1.0,0.0,15.58,-21.95,True
1.06,0.005,0.95,0.3,0.3,0.0,1.0,18.75,-28.54,True
1.06,0.005,0.95,0.3,0.3,0.25,0.75,18.05,-27.46,True
1.06,0.005,0.95,0.3,0.3,0.5,0.5,17.31,-26.24,True
1.06,0.005,0.95,0.3,0.3,0.75,0.25,16.54,-24.85,True
1.06,0.005,0.95,0.3,0.3,1.0,0.0,15.74,-23.27,True
1.06,0.005,0.95,0.4,0.0,0.0,1.0,19.72,-33.85,True
1.06,0.005,0.95,0.4,0.0,0.25,0.75,18.82,-31.27,True
1.06,0.005,0.95,0.4,0.0,0.5,0.5,17.84,-28.66,True
1.06,0.005,0.95,0.4,0.0,0.75,0.25,16.76,-25.99,True
1.06,0.005,0.95,0.4,0.0,1.0,0.0,15.59,-23.29,True
1.06,0.005,0.95,0.4,0.1,0.0,1.0,19.56,-28.69,True
1.06,0.005,0.95,0.4,0.1,0.25,0.75,18.71,-26.6,True
1.06,0.005,0.95,0.4,0.1,0.5,0.5,17.79,-24.99,True
1.06,0.005,0.95,0.4,0.1,0.75,0.25,16.8,-23.04,True
1.06,0.005,0.95,0.4,0.1,1.0,0.0,15.75,-20.61,True
1.06,0.005,0.95,0.4,0.2,0.0,1.0,19.39,-28.21,True
1.06,0.005,0.95,0.4,0.2,0.25,0.75,18.6,-27.0,True
1.06,0.005,0.95,0.4,0.2,0.5,0.5,17.75,-25.58,True
1.06,0.005,0.95,0.4,0.2,0.75,0.25,16.86,-23.9,True
1.06,0.005,0.95,0.4,0.2,1.0,0.0,15.91,-21.9,True
1.06,0.005,0.95,0.4,0.3,0.0,1.0,19.12,-28.54,True
1.06,0.005,0.95,0.4,0.3,0.25,0.75,18.4,-27.46,True
1.06,0.005,0.95,0.4,0.3,0.5,0.5,17.62,-26.24,True
1.06,0.005,0.95,0.4,0.3,0.75,0.25,16.8,-24.83,True
1.06,0.005,0.95,0.4,0.3,1.0,0.0,15.94,-23.23,True
1.06,0.005,0.97,0.1,0.0,0.0,1.0,10.52,-32.85,True
1.06,0.005,0.97,0.1,0.0,0.25,0.75,10.24,-30.41,True
1.06,0.005,0.97,0.1,0.0,0.5,0.5,9.9,-27.94,True
1.06,0.005,0.97,0.1,0.0,0.75,0.25,9.49,-25.42,True
1.06,0.005,0.97,0.1,0.0,1.0,0.0,9.01,-22.86,True
1.06,0.005,0.97,0.1,0.1,0.0,1.0,12.09,-26.09,True
1.06,0.005,0.97,0.1,0.1,0.25,0.75,11.83,-24.15,True
1.06,0.005,0.97,0.1,0.1,0.5,0.5,11.51,-22.19,True
1.06,0.005,0.97,0.1,0.1,0.75,0.25,11.16,-20.99,True
1.06,0.005,0.97,0.1,0.1,1.0,0.0,10.76,-19.56,True
1.06,0.005,0.97,0.1,0.2,0.0,1.0,13.17,-25.48,True
1.06,0.005,0.97,0.1,0.2,0.25,0.75,12.91,-24.84,True
1.06,0.005,0.97,0.1,0.2,0.5,0.5,12.62,-24.12,True
1.06,0.005,0.97,0.1,0.2,0.75,0.25,12.3,-23.3,True
1.06,0.005,0.97,0.1,0.2,1.0,0.0,11.95,-22.37,True
1.06,0.005,0.97,0.1,0.3,0.0,1.0,13.89,-26.65,True
1.06,0.005,0.97,0.1,0.3,0.25,0.75,13.68,-26.15,True
1.06,0.005,0.97,0.1,0.3,0.5,0.5,13.44,-25.61,True
1.06,0.005,0.97,0.1,0.3,0.75,0.25,13.17,-25.03,True
1.06,0.005,0.97,0.1,0.3,1.0,0.0,12.87,-24.41,True
1.06,0.005,0.97,0.2,0.0,0.0,1.0,13.05,-30.85,True
1.06,0.005,0.97,0.2,0.0,0.25,0.75,12.62,-28.5,True
1.06,0.005,0.97,0.2,0.0,0.5,0.5,12.12,-26.11,True
1.06,0.005,0.97,0.2,0.0,0.75,0.25,11.55,-23.68,True
1.06,0.005,0.97,0.2,0.0,1.0,0.0,10.88,-21.21,True
1.06,0.005,0.97,0.2,0.1,0.0,1.0,13.86,-25.81,True
1.06,0.005,0.97,0.2,0.1,0.25,0.75,13.48,-23.69,True
1.06,0.005,0.97,0.2,0.1,0.5,0.5,13.04,-21.65,True
1.06,0.005,0.97,0.2,0.1,0.75,0.25,12.56,-20.36,True
1.06,0.005,0.97,0.2,0.1,1.0,0.0,12.01,-18.8,True
1.06,0.005,0.97,0.2,0.2,0.0,1.0,14.63,-24.86,True
1.06,0.005,0.97,0.2,0.2,0.25,0.75,14.27,-24.16,True
1.06,0.005,0.97,0.2,0.2,0.5,0.5,13.87,-23.36,True
1.06,0.005,0.97,0.2,0.2,0.75,0.25,13.43,-22.45,True
1.06,0.005,0.97,0.2,0.2,1.0,0.0,12.95,-21.39,True
1.06,0.005,0.97,0.2,0.3,0.0,1.0,15.22,-25.89,True
1.06,0.005,0.97,0.2,0.3,0.25,0.75,14.88,-25.36,True
1.06,0.005,0.97,0.2,0.3,0.5,0.5,14.51,-24.77,True
1.06,0.005,0.97,0.2,0.3,0.75,0.25,14.1,-24.13,True
1.06,0.005,0.97,0.2,0.3,1.0,0.0,13.67,-23.43,True
1.06,0.005,0.97,0.3,0.0,0.0,1.0,14.51,-28.94,True
1.06,0.005,0.97,0.3,0.0,0.25,0.75,13.99,-26.64,True
1.06,0.005,0.97,0.3,0.0,0.5,0.5,13.39,-24.31,True
1.06,0.005,0.97,0.3,0.0,0.75,0.25,12.71,-21.93,True
1.06,0.005,0.97,0.3,0.0,1.0,0.0,11.94,-19.51,True
1.06,0.005,0.97,0.3,0.1,0.0,1.0,15.2,-26.08,True
1.06,0.005,0.97,0.3,0.1,0.25,0.75,14.71,-23.95,True
1.06,0.005,0.97,0.3,0.1,0.5,0.5,14.16,-21.79,True
1.06,0.005,0.97,0.3,0.1,0.75,0.25,13.55,-20.0,True
1.06,0.005,0.97,0.3,0.1,1.0,0.0,12.88,-18.37,True
1.06,0.005,0.97,0.3,0.2,0.0,1.0,15.66,-24.52,True
1.06,0.005,0.97,0.3,0.2,0.25,0.75,15.2,-23.79,True
1.06,0.005,0.97,0.3,0.2,0.5,0.5,14.7,-22.96,True
1.06,0.005,0.97,0.3,0.2,0.75,0.25,14.16,-21.99,True
1.06,0.005,0.97,0.3,0.2,1.0,0.0,13.57,-20.88,True
1.06,0.005,0.97,0.3,0.3,0.0,1.0,16.06,-25.51,True
1.06,0.005,0.97,0.3,0.3,0.25,0.75,15.64,-24.95,True
1.06,0.005,0.97,0.3,0.3,0.5,0.5,15.19,-24.32,True
1.06,0.005,0.97,0.3,0.3,0.75,0.25,14.71,-23.63,True
1.06,0.005,0.97,0.3,0.3,1.0,0.0,14.18,-22.87,True
1.06,0.005,0.97,0.4,0.0,0.0,1.0,15.51,-29.02,True
1.06,0.005,0.97,0.4,0.0,0.25,0.75,14.91,-26.72,True
1.06,0.005,0.97,0.4,0.0,0.5,0.5,14.24,-24.38,True
1.06,0.005,0.97,0.4,0.0,0.75,0.25,13.49,-22.0,True
1.06,0.005,0.97,0.4,0.0,1.0,0.0,12.64,-19.56,True
1.06,0.005,0.97,0.4,0.1,0.0,1.0,16.0,-26.24,True
1.06,0.005,0.97,0.4,0.1,0.25,0.75,15.44,-24.1,True
1.06,0.005,0.97,0.4,0.1,0.5,0.5,14.83,-21.93,True
1.06,0.005,0.97,0.4,0.1,0.75,0.25,14.15,-19.83,True
1.06,0.005,0.97,0.4,0.1,1.0,0.0,13.41,-18.16,True
1.06,0.005,0.97,0.4,0.2,0.0,1.0,16.36,-24.33,True
1.06,0.005,0.97,0.4,0.2,0.25,0.75,15.83,-23.58,True
1.06,0.005,0.97,0.4,0.2,0.5,0.5,15.26,-22.72,True
1.06,0.005,0.97,0.4,0.2,0.75,0.25,14.64,-21.73,True
1.06,0.005,0.97,0.4,0.2,1.0,0.0,13.98,-20.56,True
1.06,0.005,0.97,0.4,0.3,0.0,1.0,16.47,-25.38,True
1.06,0.005,0.97,0.4,0.3,0.25,0.75,15.99,-24.81,True
1.06,0.005,0.97,0.4,0.3,0.5,0.5,15.49,-24.17,True
1.06,0.005,0.97,0.4,0.3,0.75,0.25,14.95,-23.46,True
1.06,0.005,0.97,0.4,0.3,1.0,0.0,14.38,-22.67,True
1.06,0.005,0.99,0.1,0.0,0.0,1.0,5.88,-32.79,True
1.06,0.005,0.99,0.1,0.0,0.25,0.75,5.82,-30.46,True
1.06,0.005,0.99,0.1,0.0,0.5,0.5,5.71,-28.09,True
1.06,0.005,0.99,0.1,0.0,0.75,0.25,5.56,-25.68,True
1.06,0.005,0.99,0.1,0.0,1.0,0.0,5.36,-23.22,True
1.06,0.005,0.99,0.1,0.1,0.0,1.0,9.27,-24.92,True
1.06,0.005,0.99,0.1,0.1,0.25,0.75,9.17,-23.0,True
1.06,0.005,0.99,0.1,0.1,0.5,0.5,9.05,-21.06,True
1.06,0.005,0.99,0.1,0.1,0.75,0.25,8.91,-20.41,True
1.06,0.005,0.99,0.1,0.1,1.0,0.0,8.74,-19.83,True
1.06,0.005,0.99,0.1,0.2,0.0,1.0,11.12,-24.9,True
1.06,0.005,0.99,0.1,0.2,0.25,0.75,11.02,-24.39,True
1.06,0.005,0.99,0.1,0.2,0.5,0.5,10.9,-23.94,True
1.06,0.005,0.99,0.1,0.2,0.75,0.25,10.77,-23.58,True
1.06,0.005,0.99,0.1,0.2,1.0,0.0,10.62,-23.31,True
1.06,0.005,0.99,0.1,0.3,0.0,1.0,12.34,-26.59,True
1.06,0.005,0.99,0.1,0.3,0.25,0.75,12.26,-26.22,True
1.06,0.005,0.99,0.1,0.3,0.5,0.5,12.15,-25.93,True
1.06,0.005,0.99,0.1,0.3,0.75,0.25,12.02,-25.73,True
1.06,0.005,0.99,0.1,0.3,1.0,0.0,11.87,-25.63,True
1.06,0.005,0.99,0.2,0.0,0.0,1.0,9.06,-28.05,True
1.06,0.005,0.99,0.2,0.0,0.25,0.75,8.8,-25.9,True
1.06,0.005,0.99,0.2,0.0,0.5,0.5,8.5,-23.72,True
1.06,0.005,0.99,0.2,0.0,0.75,0.25,8.14,-21.49,True
1.06,0.005,0.99,0.2,0.0,1.0,0.0,7.73,-19.23,True
1.06,0.005,0.99,0.2,0.1,0.0,1.0,11.0,-25.04,True
1.06,0.005,0.99,0.2,0.1,0.25,0.75,10.79,-23.06,True
1.06,0.005,0.99,0.2,0.1,0.5,0.5,10.54,-21.07,True
1.06,0.005,0.99,0.2,0.1,0.75,0.25,10.26,-19.06,True
1.06,0.005,0.99,0.2,0.1,1.0,0.0,9.94,-18.45,True
1.06,0.005,0.99,0.2,0.2,0.0,1.0,12.23,-23.69,True
1.06,0.005,0.99,0.2,0.2,0.25,0.75,12.03,-23.18,True
1.06,0.005,0.99,0.2,0.2,0.5,0.5,11.81,-22.75,True
1.06,0.005,0.99,0.2,0.2,0.75,0.25,11.59,-22.42,True
1.06,0.005,0.99,0.2,0.2,1.0,0.0,11.33,-22.17,True
1.06,0.005,0.99,0.2,0.3,0.0,1.0,13.16,-25.44,True
1.06,0.005,0.99,0.2,0.3,0.25,0.75,12.99,-25.1,True
1.06,0.005,0.99,0.2,0.3,0.5,0.5,12.81,-24.85,True
1.06,0.005,0.99,0.2,0.3,0.75,0.25,12.62,-24.7,True
1.06,0.005,0.99,0.2,0.3,1.0,0.0,12.4,-24.65,True
1.06,0.005,0.99,0.3,0.0,0.0,1.0,10.73,-28.12,True
1.06,0.005,0.99,0.3,0.0,0.25,0.75,10.36,-25.99,True
1.06,0.005,0.99,0.3,0.0,0.5,0.5,9.94,-23.83,True
1.06,0.005,0.99,0.3,0.0,0.75,0.25,9.46,-21.64,True
1.06,0.005,0.99,0.3,0.0,1.0,0.0,8.93,-19.4,True
1.06,0.005,0.99,0.3,0.1,0.0,1.0,12.1,-25.41,True
1.06,0.005,0.99,0.3,0.1,0.25,0.75,11.79,-23.41,True
1.06,0.005,0.99,0.3,0.1,0.5,0.5,11.46,-21.38,True
1.06,0.005,0.99,0.3,0.1,0.75,0.25,11.08,-19.32,True
1.06,0.005,0.99,0.3,0.1,1.0,0.0,10.68,-17.7,True
1.06,0.005,0.99,0.3,0.2,0.0,1.0,12.97,-23.01,True
1.06,0.005,0.99,0.3,0.2,0.25,0.75,12.72,-22.48,True
1.06,0.005,0.99,0.3,0.2,0.5,0.5,12.44,-22.03,True
1.06,0.005,0.99,0.3,0.2,0.75,0.25,12.13,-21.7,True
1.06,0.005,0.99,0.3,0.2,1.0,0.0,11.79,-21.49,True
1.06,0.005,0.99,0.3,0.3,0.0,1.0,13.55,-25.01,True
1.06,0.005,0.99,0.3,0.3,0.25,0.75,13.32,-24.67,True
1.06,0.005,0.99,0.3,0.3,0.5,0.5,13.07,-24.43,True
1.06,0.005,0.99,0.3,0.3,0.75,0.25,12.81,-24.28,True
1.06,0.005,0.99,0.3,0.3,1.0,0.0,12.54,-24.26,True
1.06,0.005,0.99,0.4,0.0,0.0,1.0,11.73,-28.2,True
1.06,0.005,0.99,0.4,0.0,0.25,0.75,11.29,-26.07,True
1.06,0.005,0.99,0.4,0.0,0.5,0.5,10.8,-23.91,True
1.06,0.005,0.99,0.4,0.0,0.75,0.25,10.25,-21.7,True
1.06,0.005,0.99,0.4,0.0,1.0,0.0,9.64,-19.45,True
1.06,0.005,0.99,0.4,0.1,0.0,1.0,12.73,-25.56,True
1.06,0.005,0.99,0.4,0.1,0.25,0.75,12.37,-23.56,True
1.06,0.005,0.99,0.4,0.1,0.5,0.5,11.97,-21.52,True
1.06,0.005,0.99,0.4,0.1,0.75,0.25,11.53,-19.45,True
1.06,0.005,0.99,0.4,0.1,1.0,0.0,11.04,-17.42,True
1.06,0.005,0.99,0.4,0.2,0.0,1.0,13.06,-22.95,True
1.06,0.005,0.99,0.4,0.2,0.25,0.75,12.78,-22.41,True
1.06,0.005,0.99,0.4,0.2,0.5,0.5,12.47,-21.96,True
1.06,0.005,0.99,0.4,0.2,0.75,0.25,12.14,-21.62,True
1.06,0.005,0.99,0.4,0.2,1.0,0.0,11.79,-21.4,True
1.06,0.005,0.99,0.4,0.3,0.0,1.0,13.25,-25.49,True
1.06,0.005,0.99,0.4,0.3,0.25,0.75,13.07,-25.13,True
1.06,0.005,0.99,0.4,0.3,0.5,0.5,12.86,-24.86,True
1.06,0.005,0.99,0.4,0.3,0.75,0.25,12.64,-24.67,True
1.06,0.005,0.99,0.4,0.3,1.0,0.0,12.41,-24.61,True
1.06,0.005,1.0,0.1,0.0,0.0,1.0,1.03,-26.62,True
1.06,0.005,1.0,0.1,0.0,0.25,0.75,1.28,-24.85,True
1.06,0.005,1.0,0.1,0.0,0.5,0.5,1.51,-23.06,True
1.06,0.005,1.0,0.1,0.0,0.75,0.25,1.72,-21.26,True
1.06,0.005,1.0,0.1,0.0,1.0,0.0,1.9,-19.46,True
1.06,0.005,1.0,0.1,0.1,0.0,1.0,7.3,-24.85,True
1.06,0.005,1.0,0.1,0.1,0.25,0.75,7.31,-24.21,True
1.06,0.005,1.0,0.1,0.1,0.5,0.5,7.32,-23.58,True
1.06,0.005,1.0,0.1,0.1,0.75,0.25,7.32,-22.95,True
1.06,0.005,1.0,0.1,0.1,1.0,0.0,7.32,-22.34,True
1.06,0.005,1.0,0.1,0.2,0.0,1.0,9.76,-27.27,True
1.06,0.005,1.0,0.1,0.2,0.25,0.75,9.76,-26.83,True
1.06,0.005,1.0,0.1,0.2,0.5,0.5,9.74,-26.42,True
1.06,0.005,1.0,0.1,0.2,0.75,0.25,9.71,-26.04,True
1.06,0.005,1.0,0.1,0.2,1.0,0.0,9.68,-25.69,True
1.06,0.005,1.0,0.1,0.3,0.0,1.0,11.25,-28.73,True
1.06,0.005,1.0,0.1,0.3,0.25,0.75,11.23,-28.44,True
1.06,0.005,1.0,0.1,0.3,0.5,0.5,11.21,-28.16,True
1.06,0.005,1.0,0.1,0.3,0.75,0.25,11.18,-27.91,True
1.06,0.005,1.0,0.1,0.3,1.0,0.0,11.14,-27.69,True
1.06,0.005,1.0,0.2,0.0,0.0,1.0,4.38,-28.08,True
1.06,0.005,1.0,0.2,0.0,0.25,0.75,4.45,-25.82,True
1.06,0.005,1.0,0.2,0.0,0.5,0.5,4.49,-23.46,True
1.06,0.005,1.0,0.2,0.0,0.75,0.25,4.49,-20.97,True
1.06,0.005,1.0,0.2,0.0,1.0,0.0,4.46,-18.33,True
1.06,0.005,1.0,0.2,0.1,0.0,1.0,8.53,-22.9,True
1.06,0.005,1.0,0.2,0.1,0.25,0.75,8.51,-22.22,True
1.06,0.005,1.0,0.2,0.1,0.5,0.5,8.47,-21.56,True
1.06,0.005,1.0,0.2,0.1,0.75,0.25,8.4,-20.92,True
1.06,0.005,1.0,0.2,0.1,1.0,0.0,8.31,-20.32,True
1.06,0.005,1.0,0.2,0.2,0.0,1.0,10.52,-25.64,True
1.06,0.005,1.0,0.2,0.2,0.25,0.75,10.48,-25.2,True
1.06,0.005,1.0,0.2,0.2,0.5,0.5,10.42,-24.8,True
1.06,0.005,1.0,0.2,0.2,0.75,0.25,10.36,-24.45,True
1.06,0.005,1.0,0.2,0.2,1.0,0.0,10.27,-24.13,True
1.06,0.005,1.0,0.2,0.3,0.0,1.0,11.74,-27.43,True
1.06,0.005,1.0,0.2,0.3,0.25,0.75,11.7,-27.13,True
1.06,0.005,1.0,0.2,0.3,0.5,0.5,11.65,-26.88,True
1.06,0.005,1.0,0.2,0.3,0.75,0.25,11.59,-26.67,True
1.06,0.005,1.0,0.2,0.3,1.0,0.0,11.52,-26.51,True
1.06,0.005,1.0,0.3,0.0,0.0,1.0,6.6,-26.53,True
1.06,0.005,1.0,0.3,0.0,0.25,0.75,6.52,-24.37,True
1.06,0.005,1.0,0.3,0.0,0.5,0.5,6.4,-22.1,True
1.06,0.005,1.0,0.3,0.0,0.75,0.25,6.24,-19.7,True
1.06,0.005,1.0,0.3,0.0,1.0,0.0,6.05,-17.15,True
1.06,0.005,1.0,0.3,0.1,0.0,1.0,9.57,-22.53,True
1.06,0.005,1.0,0.3,0.1,0.25,0.75,9.48,-20.82,True
1.06,0.005,1.0,0.3,0.1,0.5,0.5,9.36,-20.18,True
1.06,0.005,1.0,0.3,0.1,0.75,0.25,9.21,-19.58,True
1.06,0.005,1.0,0.3,0.1,1.0,0.0,9.04,-19.05,True
1.06,0.005,1.0,0.3,0.2,0.0,1.0,10.92,-24.72,True
1.06,0.005,1.0,0.3,0.2,0.25,0.75,10.84,-24.28,True
1.06,0.005,1.0,0.3,0.2,0.5,0.5,10.75,-23.9,True
1.06,0.005,1.0,0.3,0.2,0.75,0.25,10.64,-23.58,True
1.06,0.005,1.0,0.3,0.2,1.0,0.0,10.51,-23.33,True
1.06,0.005,1.0,0.3,0.3,0.0,1.0,11.83,-26.95,True
1.06,0.005,1.0,0.3,0.3,0.25,0.75,11.79,-26.65,True
1.06,0.005,1.0,0.3,0.3,0.5,0.5,11.73,-26.39,True
1.06,0.005,1.0,0.3,0.3,0.75,0.25,11.66,-26.19,True
1.06,0.005,1.0,0.3,0.3,1.0,0.0,11.58,-26.04,True
1.06,0.005,1.0,0.4,0.0,0.0,1.0,7.91,-25.02,True
1.06,0.005,1.0,0.4,0.0,0.25,0.75,7.73,-23.1,True
1.06,0.005,1.0,0.4,0.0,0.5,0.5,7.52,-21.14,True
1.06,0.005,1.0,0.4,0.0,0.75,0.25,7.26,-19.15,True
1.06,0.005,1.0,0.4,0.0,1.0,0.0,6.97,-17.12,True
1.06,0.005,1.0,0.4,0.1,0.0,1.0,9.94,-22.7,True
1.06,0.005,1.0,0.4,0.1,0.25,0.75,9.81,-20.88,True
1.06,0.005,1.0,0.4,0.1,0.5,0.5,9.65,-19.72,True
1.06,0.005,1.0,0.4,0.1,0.75,0.25,9.47,-19.13,True
1.06,0.005,1.0,0.4,0.1,1.0,0.0,9.26,-18.61,True
1.06,0.005,1.0,0.4,0.2,0.0,1.0,10.94,-24.47,True
1.06,0.005,1.0,0.4,0.2,0.25,0.75,10.87,-24.03,True
1.06,0.005,1.0,0.4,0.2,0.5,0.5,10.78,-23.64,True
1.06,0.005,1.0,0.4,0.2,0.75,0.25,10.67,-23.31,True
1.06,0.005,1.0,0.4,0.2,1.0,0.0,10.55,-23.05,True
1.06,0.005,1.0,0.4,0.3,0.0,1.0,11.79,-26.87,True
1.06,0.005,1.0,0.4,0.3,0.25,0.75,11.75,-26.58,True
1.06,0.005,1.0,0.4,0.3,0.5,0.5,11.69,-26.33,True
1.06,0.005,1.0,0.4,0.3,0.75,0.25,11.62,-26.14,True
1.06,0.005,1.0,0.4,0.3,1.0,0.0,11.54,-26.01,True
1.06,0.005,1.01,0.1,0.0,0.0,1.0,5.37,-18.44,True
1.06,0.005,1.01,0.1,0.0,0.25,0.75,5.24,-16.9,True
1.06,0.005,1.01,0.1,0.0,0.5,0.5,5.08,-15.35,True
1.06,0.005,1.01,0.1,0.0,0.75,0.25,4.91,-13.79,True
1.06,0.005,1.01,0.1,0.0,1.0,0.0,4.71,-12.66,True
1.06,0.005,1.01,0.1,0.1,0.0,1.0,8.68,-16.49,True
1.06,0.005,1.01,0.1,0.1,0.25,0.75,8.58,-16.44,True
1.06,0.005,1.01,0.1,0.1,0.5,0.5,8.47,-16.43,True
1.06,0.005,1.01,0.1,0.1,0.75,0.25,8.35,-16.47,True
1.06,0.005,1.01,0.1,0.1,1.0,0.0,8.21,-16.54,True
1.06,0.005,1.01,0.1,0.2,0.0,1.0,10.6,-21.76,True
1.06,0.005,1.01,0.1,0.2,0.25,0.75,10.51,-21.78,True
1.06,0.005,1.01,0.1,0.2,0.5,0.5,10.41,-21.83,True
1.06,0.005,1.01,0.1,0.2,0.75,0.25,10.3,-21.93,True
1.06,0.005,1.01,0.1,0.2,1.0,0.0,10.18,-22.08,True
1.06,0.005,1.01,0.1,0.3,0.0,1.0,11.89,-24.9,True
1.06,0.005,1.01,0.1,0.3,0.25,0.75,11.8,-24.94,True
1.06,0.005,1.01,0.1,0.3,0.5,0.5,11.7,-25.02,True
1.06,0.005,1.01,0.1,0.3,0.75,0.25,11.6,-25.14,True
1.06,0.005,1.01,0.1,0.3,1.0,0.0,11.5,-25.3,True
1.06,0.005,1.01,0.2,0.0,0.0,1.0,7.66,-22.32,True
1.06,0.005,1.01,0.2,0.0,0.25,0.75,7.42,-20.58,True
1.06,0.005,1.01,0.2,0.0,0.5,0.5,7.15,-18.81,True
1.06,0.005,1.01,0.2,0.0,0.75,0.25,6.84,-17.01,True
1.06,0.005,1.01,0.2,0.0,1.0,0.0,6.5,-15.19,True
1.06,0.005,1.01,0.2,0.1,0.0,1.0,9.95,-20.53,True
1.06,0.005,1.01,0.2,0.1,0.25,0.75,9.78,-18.85,True
1.06,0.005,1.01,0.2,0.1,0.5,0.5,9.59,-17.16,True
1.06,0.005,1.01,0.2,0.1,0.75,0.25,9.37,-15.72,True
1.06,0.005,1.01,0.2,0.1,1.0,0.0,9.13,-15.77,True
1.06,0.005,1.01,0.2,0.2,0.0,1.0,11.41,-21.23,True
1.06,0.005,1.01,0.2,0.2,0.25,0.75,11.28,-21.22,True
1.06,0.005,1.01,0.2,0.2,0.5,0.5,11.12,-21.28,True
1.06,0.005,1.01,0.2,0.2,0.75,0.25,10.96,-21.39,True
1.06,0.005,1.01,0.2,0.2,1.0,0.0,10.77,-21.55,True
1.06,0.005,1.01,0.2,0.3,0.0,1.0,12.44,-24.7,True
1.06,0.005,1.01,0.2,0.3,0.25,0.75,12.32,-24.64,True
1.06,0.005,1.01,0.2,0.3,0.5,0.5,12.19,-24.64,True
1.06,0.005,1.01,0.2,0.3,0.75,0.25,12.05,-24.7,True
1.06,0.005,1.01,0.2,0.3,1.0,0.0,11.9,-24.83,True
1.06,0.005,1.01,0.3,0.0,0.0,1.0,9.03,-23.06,True
1.06,0.005,1.01,0.3,0.0,0.25,0.75,8.71,-21.27,True
1.06,0.005,1.01,0.3,0.0,0.5,0.5,8.35,-19.44,True
1.06,0.005,1.01,0.3,0.0,0.75,0.25,7.95,-17.59,True
1.06,0.005,1.01,0.3,0.0,1.0,0.0,7.52,-15.71,True
1.06,0.005,1.01,0.3,0.1,0.0,1.0,10.84,-20.96,True
1.06,0.005,1.01,0.3,0.1,0.25,0.75,10.6,-19.25,True
1.06,0.005,1.01,0.3,0.1,0.5,0.5,10.34,-17.51,True
1.06,0.005,1.01,0.3,0.1,0.75,0.25,10.05,-15.82,True
1.06,0.005,1.01,0.3,0.1,1.0,0.0,9.75,-15.85,True
1.06,0.005,1.01,0.3,0.2,0.0,1.0,11.93,-21.3,True
1.06,0.005,1.01,0.3,0.2,0.25,0.75,11.73,-21.16,True
1.06,0.005,1.01,0.3,0.2,0.5,0.5,11.52,-21.09,True
1.06,0.005,1.01,0.3,0.2,0.75,0.25,11.29,-21.11,True
1.06,0.005,1.01,0.3,0.2,1.0,0.0,11.05,-21.21,True
1.06,0.005,1.01,0.3,0.3,0.0,1.0,12.63,-24.37,True
1.06,0.005,1.01,0.3,0.3,0.25,0.75,12.49,-24.29,True
1.06,0.005,1.01,0.3,0.3,0.5,0.5,12.33,-24.28,True
1.06,0.005,1.01,0.3,0.3,0.75,0.25,12.17,-24.34,True
1.06,0.005,1.01,0.3,0.3,1.0,0.0,12.0,-24.47,True
1.06,0.005,1.01,0.4,0.0,0.0,1.0,9.92,-23.15,True
1.06,0.005,1.01,0.4,0.0,0.25,0.75,9.54,-21.35,True
1.06,0.005,1.01,0.4,0.0,0.5,0.5,9.13,-19.52,True
1.06,0.005,1.01,0.4,0.0,0.75,0.25,8.67,-17.65,True
1.06,0.005,1.01,0.4,0.0,1.0,0.0,8.17,-15.76,True
1.06,0.005,1.01,0.4,0.1,0.0,1.0,11.29,-21.14,True
1.06,0.005,1.01,0.4,0.1,0.25,0.75,11.01,-19.41,True
1.06,0.005,1.01,0.4,0.1,0.5,0.5,10.7,-17.67,True
1.06,0.005,1.01,0.4,0.1,0.75,0.25,10.36,-16.1,True
1.06,0.005,1.01,0.4,0.1,1.0,0.0,10.0,-15.97,True
1.06,0.005,1.01,0.4,0.2,0.0,1.0,12.07,-21.19,True
1.06,0.005,1.01,0.4,0.2,0.25,0.75,11.86,-21.02,True
1.06,0.005,1.01,0.4,0.2,0.5,0.5,11.64,-20.92,True
1.06,0.005,1.01,0.4,0.2,0.75,0.25,11.4,-20.91,True
1.06,0.005,1.01,0.4,0.2,1.0,0.0,11.15,-20.99,True
1.06,0.005,1.01,0.4,0.3,0.0,1.0,12.74,-24.33,True
1.06,0.005,1.01,0.4,0.3,0.25,0.75,12.58,-24.25,True
1.06,0.005,1.01,0.4,0.3,0.5,0.5,12.42,-24.23,True
1.06,0.005,1.01,0.4,0.3,0.75,0.25,12.23,-24.27,True
1.06,0.005,1.01,0.4,0.3,1.0,0.0,12.04,-24.4,True
1.06,0.005,1.02,0.1,0.0,0.0,1.0,4.16,-19.5,True
1.06,0.005,1.02,0.1,0.0,0.25,0.75,4.09,-18.04,True
1.06,0.005,1.02,0.1,0.0,0.5,0.5,4.01,-16.52,True
1.06,0.005,1.02,0.1,0.0,0.75,0.25,3.91,-14.93,True
1.06,0.005,1.02,0.1,0.0,1.0,0.0,3.78,-13.25,True
1.06,0.005,1.02,0.1,0.1,0.0,1.0,8.22,-18.77,True
1.06,0.005,1.02,0.1,0.1,0.25,0.75,8.15,-18.59,True
1.06,0.005,1.02,0.1,0.1,0.5,0.5,8.07,-18.43,True
1.06,0.005,1.02,0.1,0.1,0.75,0.25,7.98,-18.31,True
1.06,0.005,1.02,0.1,0.1,1.0,0.0,7.88,-18.21,True
1.06,0.005,1.02,0.1,0.2,0.0,1.0,10.32,-23.93,True
1.06,0.005,1.02,0.1,0.2,0.25,0.75,10.25,-23.81,True
1.06,0.005,1.02,0.1,0.2,0.5,0.5,10.17,-23.71,True
1.06,0.005,1.02,0.1,0.2,0.75,0.25,10.08,-23.64,True
1.06,0.005,1.02,0.1,0.2,1.0,0.0,9.99,-23.61,True
1.06,0.005,1.02,0.1,0.3,0.0,1.0,11.72,-26.66,True
1.06,0.005,1.02,0.1,0.3,0.25,0.75,11.65,-26.53,True
1.06,0.005,1.02,0.1,0.3,0.5,0.5,11.57,-26.44,True
1.06,0.005,1.02,0.1,0.3,0.75,0.25,11.48,-26.37,True
1.06,0.005,1.02,0.1,0.3,1.0,0.0,11.39,-26.34,True
1.06,0.005,1.02,0.2,0.0,0.0,1.0,6.84,-22.32,True
1.06,0.005,1.02,0.2,0.0,0.25,0.75,6.64,-20.58,True
1.06,0.005,1.02,0.2,0.0,0.5,0.5,6.42,-18.81,True
1.06,0.005,1.02,0.2,0.0,0.75,0.25,6.16,-17.01,True
1.06,0.005,1.02,0.2,0.0,1.0,0.0,5.88,-15.19,True
1.06,0.005,1.02,0.2,0.1,0.0,1.0,9.62,-20.44,True
1.06,0.005,1.02,0.2,0.1,0.25,0.75,9.46,-18.78,True
1.06,0.005,1.02,0.2,0.1,0.5,0.5,9.29,-18.47,True
1.06,0.005,1.02,0.2,0.1,0.75,0.25,9.09,-18.2,True
1.06,0.005,1.02,0.2,0.1,1.0,0.0,8.89,-17.93,True
1.06,0.005,1.02,0.2,0.2,0.0,1.0,11.25,-23.13,True
1.06,0.005,1.02,0.2,0.2,0.25,0.75,11.11,-22.92,True
1.06,0.005,1.02,0.2,0.2,0.5,0.5,10.96,-22.75,True
1.06,0.005,1.02,0.2,0.2,0.75,0.25,10.79,-22.62,True
1.06,0.005,1.02,0.2,0.2,1.0,0.0,10.62,-22.54,True
1.06,0.005,1.02,0.2,0.3,0.0,1.0,12.3,-25.59,True
1.06,0.005,1.02,0.2,0.3,0.25,0.75,12.18,-25.46,True
1.06,0.005,1.02,0.2,0.3,0.5,0.5,12.06,-25.37,True
1.06,0.005,1.02,0.2,0.3,0.75,0.25,11.92,-25.32,True
1.06,0.005,1.02,0.2,0.3,1.0,0.0,11.78,-25.31,True
1.06,0.005,1.02,0.3,0.0,0.0,1.0,8.05,-23.32,True
1.06,0.005,1.02,0.3,0.0,0.25,0.75,7.79,-21.56,True
1.06,0.005,1.02,0.3,0.0,0.5,0.5,7.49,-19.74,True
1.06,0.005,1.02,0.3,0.0,0.75,0.25,7.16,-17.83,True
1.06,0.005,1.02,0.3,0.0,1.0,0.0,6.79,-15.85,True
1.06,0.005,1.02,0.3,0.1,0.0,1.0,10.37,-20.81,True
1.06,0.005,1.02,0.3,0.1,0.25,0.75,10.15,-19.12,True
1.06,0.005,1.02,0.3,0.1,0.5,0.5,9.92,-18.13,True
1.06,0.005,1.02,0.3,0.1,0.75,0.25,9.67,-17.79,True
1.06,0.005,1.02,0.3,0.1,1.0,0.0,9.41,-17.5,True
1.06,0.005,1.02,0.3,0.2,0.0,1.0,11.62,-22.73,True
1.06,0.005,1.02,0.3,0.2,0.25,0.75,11.45,-22.47,True
1.06,0.005,1.02,0.3,0.2,0.5,0.5,11.26,-22.27,True
1.06,0.005,1.02,0.3,0.2,0.75,0.25,11.06,-22.12,True
1.06,0.005,1.02,0.3,0.2,1.0,0.0,10.85,-22.04,True
1.06,0.005,1.02,0.3,0.3,0.0,1.0,12.53,-25.05,True
1.06,0.005,1.02,0.3,0.3,0.25,0.75,12.39,-24.9,True
1.06,0.005,1.02,0.3,0.3,0.5,0.5,12.24,-24.8,True
1.06,0.005,1.02,0.3,0.3,0.75,0.25,12.09,-24.75,True
1.06,0.005,1.02,0.3,0.3,1.0,0.0,11.93,-24.75,True
1.06,0.005,1.02,0.4,0.0,0.0,1.0,8.85,-24.99,True
1.06,0.005,1.02,0.4,0.0,0.25,0.75,8.54,-23.12,True
1.06,0.005,1.02,0.4,0.0,0.5,0.5,8.19,-21.18,True
1.06,0.005,1.02,0.4,0.0,0.75,0.25,7.81,-19.16,True
1.06,0.005,1.02,0.4,0.0,1.0,0.0,7.39,-17.05,True
1.06,0.005,1.02,0.4,0.1,0.0,1.0,10.72,-20.98,True
1.06,0.005,1.02,0.4,0.1,0.25,0.75,10.47,-19.28,True
1.06,0.005,1.02,0.4,0.1,0.5,0.5,10.21,-17.91,True
1.06,0.005,1.02,0.4,0.1,0.75,0.25,9.92,-17.53,True
1.06,0.005,1.02,0.4,0.1,1.0,0.0,9.62,-17.21,True
1.06,0.005,1.02,0.4,0.2,0.0,1.0,11.8,-22.33,True
1.06,0.005,1.02,0.4,0.2,0.25,0.75,11.61,-22.07,True
1.06,0.005,1.02,0.4,0.2,0.5,0.5,11.41,-21.85,True
1.06,0.005,1.02,0.4,0.2,0.75,0.25,11.2,-21.7,True
1.06,0.005,1.02,0.4,0.2,1.0,0.0,10.98,-21.61,True
1.06,0.005,1.02,0.4,0.3,0.0,1.0,12.7,-24.62,True
1.06,0.005,1.02,0.4,0.3,0.25,0.75,12.52,-24.52,True
1.06,0.005,1.02,0.4,0.3,0.5,0.5,12.35,-24.48,True
1.06,0.005,1.02,0.4,0.3,0.75,0.25,12.16,-24.48,True
1.06,0.005,1.02,0.4,0.3,1.0,0.0,11.98,-24.54,True
1.06,0.01,0.95,0.1,0.0,0.0,1.0,9.84,-27.68,True
1.06,0.01,0.95,0.1,0.0,0.25,0.75,9.54,-26.15,True
1.06,0.01,0.95,0.1,0.0,0.5,0.5,9.19,-24.32,True
1.06,0.01,0.95,0.1,0.0,0.75,0.25,8.8,-22.09,True
1.06,0.01,0.95,0.1,0.0,1.0,0.0,8.36,-19.3,True
1.06,0.01,0.95,0.1,0.1,0.0,1.0,11.62,-28.23,True
1.06,0.01,0.95,0.1,0.1,0.25,0.75,11.37,-26.96,True
1.06,0.01,0.95,0.1,0.1,0.5,0.5,11.09,-25.47,True
1.06,0.01,0.95,0.1,0.1,0.75,0.25,10.78,-23.72,True
1.06,0.01,0.95,0.1,0.1,1.0,0.0,10.43,-21.62,True
1.06,0.01,0.95,0.1,0.2,0.0,1.0,12.74,-28.68,True
1.06,0.01,0.95,0.1,0.2,0.25,0.75,12.53,-27.59,True
1.06,0.01,0.95,0.1,0.2,0.5,0.5,12.31,-26.36,True
1.06,0.01,0.95,0.1,0.2,0.75,0.25,12.05,-24.94,True
1.06,0.01,0.95,0.1,0.2,1.0,0.0,11.78,-23.31,True
1.06,0.01,0.95,0.1,0.3,0.0,1.0,13.67,-29.06,True
1.06,0.01,0.95,0.1,0.3,0.25,0.75,13.49,-28.13,True
1.06,0.01,0.95,0.1,0.3,0.5,0.5,13.29,-27.09,True
1.06,0.01,0.95,0.1,0.3,0.75,0.25,13.06,-25.95,True
1.06,0.01,0.95,0.1,0.3,1.0,0.0,12.81,-24.68,True
1.06,0.01,0.95,0.2,0.0,0.0,1.0,13.57,-35.62,True
1.06,0.01,0.95,0.2,0.0,0.25,0.75,13.06,-33.06,True
1.06,0.01,0.95,0.2,0.0,0.5,0.5,12.49,-30.45,True
1.06,0.01,0.95,0.2,0.0,0.75,0.25,11.85,-27.8,True
1.06,0.01,0.95,0.2,0.0,1.0,0.0,11.14,-25.1,True
1.06,0.01,0.95,0.2,0.1,0.0,1.0,14.17,-32.06,True
1.06,0.01,0.95,0.2,0.1,0.25,0.75,13.75,-29.6,True
1.06,0.01,0.95,0.2,0.1,0.5,0.5,13.29,-27.1,True
1.06,0.01,0.95,0.2,0.1,0.75,0.25,12.77,-24.56,True
1.06,0.01,0.95,0.2,0.1,1.0,0.0,12.2,-21.97,True
1.06,0.01,0.95,0.2,0.2,0.0,1.0,14.65,-28.48,True
1.06,0.01,0.95,0.2,0.2,0.25,0.75,14.3,-27.35,True
1.06,0.01,0.95,0.2,0.2,0.5,0.5,13.9,-26.04,True
1.06,0.01,0.95,0.2,0.2,0.75,0.25,13.47,-24.51,True
1.06,0.01,0.95,0.2,0.2,1.0,0.0,12.99,-22.72,True
1.06,0.01,0.95,0.2,0.3,0.0,1.0,14.93,-28.93,True
1.06,0.01,0.95,0.2,0.3,0.25,0.75,14.64,-27.97,True
1.06,0.01,0.95,0.2,0.3,0.5,0.5,14.31,-26.88,True
1.06,0.01,0.95,0.2,0.3,0.75,0.25,13.96,-25.66,True
1.06,0.01,0.95,0.2,0.3,1.0,0.0,13.56,-24.3,True
1.06,0.01,0.95,0.3,0.0,0.0,1.0,14.55,-41.6,False
1.06,0.01,0.95,0.3,0.0,0.25,0.75,14.01,-38.69,True
1.06,0.01,0.95,0.3,0.0,0.5,0.5,13.39,-35.71,True
1.06,0.01,0.95,0.3,0.0,0.75,0.25,12.7,-32.67,True
1.06,0.01,0.95,0.3,0.0,1.0,0.0,11.92,-29.56,True
1.06,0.01,0.95,0.3,0.1,0.0,1.0,14.88,-35.96,True
1.06,0.01,0.95,0.3,0.1,0.25,0.75,14.42,-33.4,True
1.06,0.01,0.95,0.3,0.1,0.5,0.5,13.89,-30.75,True
1.06,0.01,0.95,0.3,0.1,0.75,0.25,13.31,-28.02,True
1.06,0.01,0.95,0.3,0.1,1.0,0.0,12.67,-25.21,True
1.06,0.01,0.95,0.3,0.2,0.0,1.0,15.34,-28.75,True
1.06,0.01,0.95,0.3,0.2,0.25,0.75,14.92,-27.32,True
1.06,0.01,0.95,0.3,0.2,0.5,0.5,14.44,-26.0,True
1.06,0.01,0.95,0.3,0.2,0.75,0.25,13.93,-24.46,True
1.06,0.01,0.95,0.3,0.2,1.0,0.0,13.37,-22.64,True
1.06,0.01,0.95,0.3,0.3,0.0,1.0,15.66,-28.83,True
1.06,0.01,0.95,0.3,0.3,0.25,0.75,15.28,-27.84,True
1.06,0.01,0.95,0.3,0.3,0.5,0.5,14.87,-26.72,True
1.06,0.01,0.95,0.3,0.3,0.75,0.25,14.42,-25.46,True
1.06,0.01,0.95,0.3,0.3,1.0,0.0,13.94,-24.05,True
1.06,0.01,0.95,0.4,0.0,0.0,1.0,15.16,-42.86,False
1.06,0.01,0.95,0.4,0.0,0.25,0.75,14.59,-39.89,True
1.06,0.01,0.95,0.4,0.0,0.5,0.5,13.94,-36.84,True
1.06,0.01,0.95,0.4,0.0,0.75,0.25,13.21,-33.72,True
1.06,0.01,0.95,0.4,0.0,1.0,0.0,12.38,-30.52,True
1.06,0.01,0.95,0.4,0.1,0.0,1.0,15.62,-35.29,True
1.06,0.01,0.95,0.4,0.1,0.25,0.75,15.1,-32.77,True
1.06,0.01,0.95,0.4,0.1,0.5,0.5,14.52,-30.17,True
1.06,0.01,0.95,0.4,0.1,0.75,0.25,13.88,-27.49,True
1.06,0.01,0.95,0.4,0.1,1.0,0.0,13.17,-24.72,True
1.06,0.01,0.95,0.4,0.2,0.0,1.0,15.97,-28.39,True
1.06,0.01,0.95,0.4,0.2,0.25,0.75,15.48,-27.24,True
1.06,0.01,0.95,0.4,0.2,0.5,0.5,14.96,-25.91,True
1.06,0.01,0.95,0.4,0.2,0.75,0.25,14.38,-24.33,True
1.06,0.01,0.95,0.4,0.2,1.0,0.0,13.76,-22.47,True
1.06,0.01,0.95,0.4,0.3,0.0,1.0,16.22,-28.75,True
1.06,0.01,0.95,0.4,0.3,0.25,0.75,15.77,-27.75,True
1.06,0.01,0.95,0.4,0.3,0.5,0.5,15.3,-26.61,True
1.06,0.01,0.95,0.4,0.3,0.75,0.25,14.79,-25.31,True
1.06,0.01,0.95,0.4,0.3,1.0,0.0,14.26,-23.85,True
1.06,0.01,0.97,0.1,0.0,0.0,1.0,4.6,-23.29,True
1.06,0.01,0.97,0.1,0.0,0.25,0.75,4.65,-21.19,True
1.06,0.01,0.97,0.1,0.0,0.5,0.5,4.67,-19.29,True
1.06,0.01,0.97,0.1,0.0,0.75,0.25,4.64,-17.45,True
1.06,0.01,0.97,0.1,0.0,1.0,0.0,4.56,-15.15,True
1.06,0.01,0.97,0.1,0.1,0.0,1.0,8.79,-24.79,True
1.06,0.01,0.97,0.1,0.1,0.25,0.75,8.74,-24.0,True
1.06,0.01,0.97,0.1,0.1,0.5,0.5,8.68,-23.08,True
1.06,0.01,0.97,0.1,0.1,0.75,0.25,8.59,-21.99,True
1.06,0.01,0.97,0.1,0.1,1.0,0.0,8.47,-20.7,True
1.06,0.01,0.97,0.1,0.2,0.0,1.0,10.82,-26.29,True
1.06,0.01,0.97,0.1,0.2,0.25,0.75,10.76,-25.75,True
1.06,0.01,0.97,0.1,0.2,0.5,0.5,10.68,-25.12,True
1.06,0.01,0.97,0.1,0.2,0.75,0.25,10.58,-24.41,True
1.06,0.01,0.97,0.1,0.2,1.0,0.0,10.47,-23.59,True
1.06,0.01,0.97,0.1,0.3,0.0,1.0,12.25,-27.26,True
1.06,0.01,0.97,0.1,0.3,0.25,0.75,12.17,-26.87,True
1.06,0.01,0.97,0.1,0.3,0.5,0.5,12.07,-26.43,True
1.06,0.01,0.97,0.1,0.3,0.75,0.25,11.96,-25.94,True
1.06,0.01,0.97,0.1,0.3,1.0,0.0,11.83,-25.4,True
1.06,0.01,0.97,0.2,0.0,0.0,1.0,8.43,-30.49,True
1.06,0.01,0.97,0.2,0.0,0.25,0.75,8.28,-28.21,True
1.06,0.01,0.97,0.2,0.0,0.5,0.5,8.08,-25.89,True
1.06,0.01,0.97,0.2,0.0,0.75,0.25,7.81,-23.54,True
1.06,0.01,0.97,0.2,0.0,1.0,0.0,7.48,-21.16,True
1.06,0.01,0.97,0.2,0.1,0.0,1.0,11.07,-25.87,True
1.06,0.01,0.97,0.2,0.1,0.25,0.75,10.87,-23.8,True
1.06,0.01,0.97,0.2,0.1,0.5,0.5,10.63,-22.13,True
1.06,0.01,0.97,0.2,0.1,0.75,0.25,10.36,-20.93,True
1.06,0.01,0.97,0.2,0.1,1.0,0.0,10.06,-19.47,True
1.06,0.01,0.97,0.2,0.2,0.0,1.0,12.21,-25.55,True
1.06,0.01,0.97,0.2,0.2,0.25,0.75,12.05,-24.92,True
1.06,0.01,0.97,0.2,0.2,0.5,0.5,11.87,-24.2,True
1.06,0.01,0.97,0.2,0.2,0.75,0.25,11.66,-23.38,True
1.06,0.01,0.97,0.2,0.2,1.0,0.0,11.4,-22.43,True
1.06,0.01,0.97,0.2,0.3,0.0,1.0,13.05,-26.83,True
1.06,0.01,0.97,0.2,0.3,0.25,0.75,12.9,-26.38,True
1.06,0.01,0.97,0.2,0.3,0.5,0.5,12.73,-25.89,True
1.06,0.01,0.97,0.2,0.3,0.75,0.25,12.54,-25.34,True
1.06,0.01,0.97,0.2,0.3,1.0,0.0,12.33,-24.73,True
1.06,0.01,0.97,0.3,0.0,0.0,1.0,10.31,-34.89,True
1.06,0.01,0.97,0.3,0.0,0.25,0.75,10.05,-32.32,True
1.06,0.01,0.97,0.3,0.0,0.5,0.5,9.73,-29.71,True
1.06,0.01,0.97,0.3,0.0,0.75,0.25,9.34,-27.05,True
1.06,0.01,0.97,0.3,0.0,1.0,0.0,8.87,-24.34,True
1.06,0.01,0.97,0.3,0.1,0.0,1.0,11.68,-28.06,True
1.06,0.01,0.97,0.3,0.1,0.25,0.75,11.45,-26.0,True
1.06,0.01,0.97,0.3,0.1,0.5,0.5,11.18,-23.86,True
1.06,0.01,0.97,0.3,0.1,0.75,0.25,10.87,-21.64,True
1.06,0.01,0.97,0.3,0.1,1.0,0.0,10.51,-19.34,True
1.06,0.01,0.97,0.3,0.2,0.0,1.0,12.72,-25.39,True
1.06,0.01,0.97,0.3,0.2,0.25,0.75,12.52,-24.75,True
1.06,0.01,0.97,0.3,0.2,0.5,0.5,12.28,-24.02,True
1.06,0.01,0.97,0.3,0.2,0.75,0.25,12.02,-23.18,True
1.06,0.01,0.97,0.3,0.2,1.0,0.0,11.72,-22.21,True
1.06,0.01,0.97,0.3,0.3,0.0,1.0,13.56,-26.53,True
1.06,0.01,0.97,0.3,0.3,0.25,0.75,13.37,-26.06,True
1.06,0.01,0.97,0.3,0.3,0.5,0.5,13.15,-25.54,True
1.06,0.01,0.97,0.3,0.3,0.75,0.25,12.9,-24.96,True
1.06,0.01,0.97,0.3,0.3,1.0,0.0,12.64,-24.33,True
1.06,0.01,0.97,0.4,0.0,0.0,1.0,11.0,-35.61,True
1.06,0.01,0.97,0.4,0.0,0.25,0.75,10.71,-33.0,True
1.06,0.01,0.97,0.4,0.0,0.5,0.5,10.35,-30.35,True
1.06,0.01,0.97,0.4,0.0,0.75,0.25,9.92,-27.64,True
1.06,0.01,0.97,0.4,0.0,1.0,0.0,9.41,-24.88,True
1.06,0.01,0.97,0.4,0.1,0.0,1.0,12.28,-27.6,True
1.06,0.01,0.97,0.4,0.1,0.25,0.75,12.02,-25.55,True
1.06,0.01,0.97,0.4,0.1,0.5,0.5,11.7,-23.42,True
1.06,0.01,0.97,0.4,0.1,0.75,0.25,11.34,-21.22,True
1.06,0.01,0.97,0.4,0.1,1.0,0.0,10.93,-19.12,True
1.06,0.01,0.97,0.4,0.2,0.0,1.0,13.25,-25.16,True
1.06,0.01,0.97,0.4,0.2,0.25,0.75,12.99,-24.5,True
1.06,0.01,0.97,0.4,0.2,0.5,0.5,12.71,-23.75,True
1.06,0.01,0.97,0.4,0.2,0.75,0.25,12.39,-22.88,True
1.06,0.01,0.97,0.4,0.2,1.0,0.0,12.03,-21.88,True
1.06,0.01,0.97,0.4,0.3,0.0,1.0,14.02,-26.23,True
1.06,0.01,0.97,0.4,0.3,0.25,0.75,13.78,-25.73,True
1.06,0.01,0.97,0.4,0.3,0.5,0.5,13.52,-25.2,True
1.06,0.01,0.97,0.4,0.3,0.75,0.25,13.23,-24.6,True
1.06,0.01,0.97,0.4,0.3,1.0,0.0,12.92,-23.94,True
1.06,0.01,0.99,0.1,0.0,0.0,1.0,1.91,-25.95,True
1.06,0.01,0.99,0.1,0.0,0.25,0.75,2.05,-24.03,True
1.06,0.01,0.99,0.1,0.0,0.5,0.5,2.16,-22.08,True
1.06,0.01,0.99,0.1,0.0,0.75,0.25,2.25,-20.11,True
1.06,0.01,0.99,0.1,0.0,1.0,0.0,2.33,-18.12,True
1.06,0.01,0.99,0.1,0.1,0.0,1.0,7.08,-24.25,True
1.06,0.01,0.99,0.1,0.1,0.25,0.75,7.11,-23.34,True
1.06,0.01,0.99,0.1,0.1,0.5,0.5,7.12,-22.69,True
1.06,0.01,0.99,0.1,0.1,0.75,0.25,7.13,-22.08,True
1.06,0.01,0.99,0.1,0.1,1.0,0.0,7.13,-21.52,True
1.06,0.01,0.99,0.1,0.2,0.0,1.0,9.4,-27.25,True
1.06,0.01,0.99,0.1,0.2,0.25,0.75,9.41,-26.81,True
1.06,0.01,0.99,0.1,0.2,0.5,0.5,9.41,-26.4,True
1.06,0.01,0.99,0.1,0.2,0.75,0.25,9.4,-26.02,True
1.06,0.01,0.99,0.1,0.2,1.0,0.0,9.39,-25.69,True
1.06,0.01,0.99,0.1,0.3,0.0,1.0,11.02,-28.58,True
1.06,0.01,0.99,0.1,0.3,0.25,0.75,11.02,-28.27,True
1.06,0.01,0.99,0.1,0.3,0.5,0.5,11.01,-27.98,True
1.06,0.01,0.99,0.1,0.3,0.75,0.25,10.99,-27.74,True
1.06,0.01,0.99,0.1,0.3,1.0,0.0,10.96,-27.54,True
1.06,0.01,0.99,0.2,0.0,0.0,1.0,3.12,-31.58,True
1.06,0.01,0.99,0.2,0.0,0.25,0.75,3.25,-29.41,True
1.06,0.01,0.99,0.2,0.0,0.5,0.5,3.34,-27.21,True
1.06,0.01,0.99,0.2,0.0,0.75,0.25,3.4,-24.96,True
1.06,0.01,0.99,0.2,0.0,1.0,0.0,3.43,-22.68,True
1.06,0.01,0.99,0.2,0.1,0.0,1.0,8.04,-24.15,True
1.06,0.01,0.99,0.2,0.1,0.25,0.75,8.03,-22.51,True
1.06,0.01,0.99,0.2,0.1,0.5,0.5,8.0,-21.8,True
1.06,0.01,0.99,0.2,0.1,0.75,0.25,7.95,-21.15,True
1.06,0.01,0.99,0.2,0.1,1.0,0.0,7.89,-20.57,True
1.06,0.01,0.99,0.2,0.2,0.0,1.0,10.11,-25.97,True
1.06,0.01,0.99,0.2,0.2,0.25,0.75,10.08,-25.47,True
1.06,0.01,0.99,0.2,0.2,0.5,0.5,10.05,-25.02,True
1.06,0.01,0.99,0.2,0.2,0.75,0.25,10.0,-24.62,True
1.06,0.01,0.99,0.2,0.2,1.0,0.0,9.94,-24.29,True
1.06,0.01,0.99,0.2,0.3,0.0,1.0,11.49,-27.71,True
1.06,0.01,0.99,0.2,0.3,0.25,0.75,11.46,-27.36,True
1.06,0.01,0.99,0.2,0.3,0.5,0.5,11.42,-27.05,True
1.06,0.01,0.99,0.2,0.3,0.75,0.25,11.37,-26.81,True
1.06,0.01,0.99,0.2,0.3,1.0,0.0,11.31,-26.63,True
1.06,0.01,0.99,0.3,0.0,0.0,1.0,4.97,-29.12,True
1.06,0.01,0.99,0.3,0.0,0.25,0.75,4.98,-26.94,True
1.06,0.01,0.99,0.3,0.0,0.5,0.5,4.95,-24.72,True
1.06,0.01,0.99,0.3,0.0,0.75,0.25,4.89,-22.47,True
1.06,0.01,0.99,0.3,0.0,1.0,0.0,4.78,-20.2,True
1.06,0.01,0.99,0.3,0.1,0.0,1.0,8.62,-22.77,True
1.06,0.01,0.99,0.3,0.1,0.25,0.75,8.58,-22.0,True
1.06,0.01,0.99,0.3,0.1,0.5,0.5,8.52,-21.27,True
1.06,0.01,0.99,0.3,0.1,0.75,0.25,8.44,-20.6,True
1.06,0.01,0.99,0.3,0.1,1.0,0.0,8.33,-20.0,True
1.06,0.01,0.99,0.3,0.2,0.0,1.0,10.49,-25.57,True
1.06,0.01,0.99,0.3,0.2,0.25,0.75,10.44,-25.04,True
1.06,0.01,0.99,0.3,0.2,0.5,0.5,10.39,-24.57,True
1.06,0.01,0.99,0.3,0.2,0.75,0.25,10.31,-24.17,True
1.06,0.01,0.99,0.3,0.2,1.0,0.0,10.22,-23.85,True
1.06,0.01,0.99,0.3,0.3,0.0,1.0,11.81,-27.35,True
1.06,0.01,0.99,0.3,0.3,0.25,0.75,11.76,-26.98,True
1.06,0.01,0.99,0.3,0.3,0.5,0.5,11.7,-26.67,True
1.06,0.01,0.99,0.3,0.3,0.75,0.25,11.62,-26.42,True
1.06,0.01,0.99,0.3,0.3,1.0,0.0,11.53,-26.23,True
1.06,0.01,0.99,0.4,0.0,0.0,1.0,5.98,-29.55,True
1.06,0.01,0.99,0.4,0.0,0.25,0.75,5.94,-27.34,True
1.06,0.01,0.99,0.4,0.0,0.5,0.5,5.85,-25.09,True
1.06,0.01,0.99,0.4,0.0,0.75,0.25,5.72,-22.82,True
1.06,0.01,0.99,0.4,0.0,1.0,0.0,5.54,-20.51,True
1.06,0.01,0.99,0.4,0.1,0.0,1.0,9.1,-22.41,True
1.06,0.01,0.99,0.4,0.1,0.25,0.75,9.03,-21.61,True
1.06,0.01,0.99,0.4,0.1,0.5,0.5,8.94,-20.87,True
1.06,0.01,0.99,0.4,0.1,0.75,0.25,8.83,-20.19,True
1.06,0.01,0.99,0.4,0.1,1.0,0.0,8.69,-19.58,True
1.06,0.01,0.99,0.4,0.2,0.0,1.0,10.86,-25.2,True
1.06,0.01,0.99,0.4,0.2,0.25,0.75,10.79,-24.66,True
1.06,0.01,0.99,0.4,0.2,0.5,0.5,10.71,-24.18,True
1.06,0.01,0.99,0.4,0.2,0.75,0.25,10.61,-23.78,True
1.06,0.01,0.99,0.4,0.2,1.0,0.0,10.48,-23.46,True
1.06,0.01,0.99,0.4,0.3,0.0,1.0,12.07,-27.01,True
1.06,0.01,0.99,0.4,0.3,0.25,0.75,12.0,-26.63,True
1.06,0.01,0.99,0.4,0.3,0.5,0.5,11.9,-26.31,True
1.06,0.01,0.99,0.4,0.3,0.75,0.25,11.79,-26.07,True
1.06,0.01,0.99,0.4,0.3,1.0,0.0,11.67,-25.92,True
1.06,0.01,1.0,0.1,0.0,0.0,1.0,-0.73,-25.5,True
1.06,0.01,1.0,0.1,0.0,0.25,0.75,-0.44,-23.65,True
1.06,0.01,1.0,0.1,0.0,0.5,0.5,-0.15,-21.66,True
1.06,0.01,1.0,0.1,0.0,0.75,0.25,0.12,-19.53,True
1.06,0.01,1.0,0.1,0.0,1.0,0.0,0.38,-17.24,True
1.06,0.01,1.0,0.1,0.1,0.0,1.0,6.27,-25.74,True
1.06,0.01,1.0,0.1,0.1,0.25,0.75,6.32,-25.12,True
1.06,0.01,1.0,0.1,0.1,0.5,0.5,6.37,-24.5,True
1.06,0.01,1.0,0.1,0.1,0.75,0.25,6.42,-23.88,True
1.06,0.01,1.0,0.1,0.1,1.0,0.0,6.47,-23.27,True
1.06,0.01,1.0,0.1,0.2,0.0,1.0,8.95,-28.5,True
1.06,0.01,1.0,0.1,0.2,0.25,0.75,8.97,-28.12,True
1.06,0.01,1.0,0.1,0.2,0.5,0.5,8.99,-27.74,True
1.06,0.01,1.0,0.1,0.2,0.75,0.25,9.01,-27.37,True
1.06,0.01,1.0,0.1,0.2,1.0,0.0,9.03,-27.01,True
1.06,0.01,1.0,0.1,0.3,0.0,1.0,10.65,-29.7,True
1.06,0.01,1.0,0.1,0.3,0.25,0.75,10.66,-29.43,True
1.06,0.01,1.0,0.1,0.3,0.5,0.5,10.67,-29.16,True
1.06,0.01,1.0,0.1,0.3,0.75,0.25,10.67,-28.92,True
1.06,0.01,1.0,0.1,0.3,1.0,0.0,10.67,-28.69,True
1.06,0.01,1.0,0.2,0.0,0.0,1.0,0.22,-28.62,True
1.06,0.01,1.0,0.2,0.0,0.25,0.75,0.53,-26.56,True
1.06,0.01,1.0,0.2,0.0,0.5,0.5,0.82,-24.36,True
1.06,0.01,1.0,0.2,0.0,0.75,0.25,1.09,-21.99,True
1.06,0.01,1.0,0.2,0.0,1.0,0.0,1.32,-19.42,True
1.06,0.01,1.0,0.2,0.1,0.0,1.0,6.92,-24.66,True
1.06,0.01,1.0,0.2,0.1,0.25,0.75,6.96,-23.99,True
1.06,0.01,1.0,0.2,0.1,0.5,0.5,7.0,-23.33,True
1.06,0.01,1.0,0.2,0.1,0.75,0.25,7.03,-22.69,True
1.06,0.01,1.0,0.2,0.1,1.0,0.0,7.05,-22.07,True
1.06,0.01,1.0,0.2,0.2,0.0,1.0,9.4,-27.36,True
1.06,0.01,1.0,0.2,0.2,0.25,0.75,9.41,-26.91,True
1.06,0.01,1.0,0.2,0.2,0.5,0.5,9.42,-26.48,True
1.06,0.01,1.0,0.2,0.2,0.75,0.25,9.42,-26.09,True
1.06,0.01,1.0,0.2,0.2,1.0,0.0,9.42,-25.72,True
1.06,0.01,1.0,0.2,0.3,0.0,1.0,10.89,-29.17,True
1.06,0.01,1.0,0.2,0.3,0.25,0.75,10.9,-28.85,True
1.06,0.01,1.0,0.2,0.3,0.5,0.5,10.9,-28.55,True
1.06,0.01,1.0,0.2,0.3,0.75,0.25,10.9,-28.27,True
1.06,0.01,1.0,0.2,0.3,1.0,0.0,10.89,-28.01,True
1.06,0.01,1.0,0.3,0.0,0.0,1.0,1.7,-25.59,True
1.06,0.01,1.0,0.3,0.0,0.25,0.75,1.93,-23.73,True
1.06,0.01,1.0,0.3,0.0,0.5,0.5,2.13,-21.73,True
1.06,0.01,1.0,0.3,0.0,0.75,0.25,2.31,-19.56,True
1.06,0.01,1.0,0.3,0.0,1.0,0.0,2.46,-17.18,True
1.06,0.01,1.0,0.3,0.1,0.0,1.0,7.33,-24.08,True
1.06,0.01,1.0,0.3,0.1,0.25,0.75,7.37,-23.37,True
1.06,0.01,1.0,0.3,0.1,0.5,0.5,7.4,-22.68,True
1.06,0.01,1.0,0.3,0.1,0.75,0.25,7.41,-22.02,True
1.06,0.01,1.0,0.3,0.1,1.0,0.0,7.41,-21.39,True
1.06,0.01,1.0,0.3,0.2,0.0,1.0,9.54,-27.32,True
1.06,0.01,1.0,0.3,0.2,0.25,0.75,9.55,-26.86,True
1.06,0.01,1.0,0.3,0.2,0.5,0.5,9.56,-26.4,True
1.06,0.01,1.0,0.3,0.2,0.75,0.25,9.55,-25.98,True
1.06,0.01,1.0,0.3,0.2,1.0,0.0,9.54,-25.58,True
1.06,0.01,1.0,0.3,0.3,0.0,1.0,10.9,-29.29,True
1.06,0.01,1.0,0.3,0.3,0.25,0.75,10.92,-28.95,True
1.06,0.01,1.0,0.3,0.3,0.5,0.5,10.93,-28.62,True
1.06,0.01,1.0,0.3,0.3,0.75,0.25,10.93,-28.32,True
1.06,0.01,1.0,0.3,0.3,1.0,0.0,10.92,-28.05,True
1.06,0.01,1.0,0.4,0.0,0.0,1.0,2.75,-24.68,True
1.06,0.01,1.0,0.4,0.0,0.25,0.75,2.92,-22.58,True
1.06,0.01,1.0,0.4,0.0,0.5,0.5,3.06,-20.39,True
1.06,0.01,1.0,0.4,0.0,0.75,0.25,3.17,-18.11,True
1.06,0.01,1.0,0.4,0.0,1.0,0.0,3.25,-15.82,True
1.06,0.01,1.0,0.4,0.1,0.0,1.0,7.58,-23.89,True
1.06,0.01,1.0,0.4,0.1,0.25,0.75,7.61,-23.17,True
1.06,0.01,1.0,0.4,0.1,0.5,0.5,7.62,-22.47,True
1.06,0.01,1.0,0.4,0.1,0.75,0.25,7.62,-21.8,True
1.06,0.01,1.0,0.4,0.1,1.0,0.0,7.61,-21.17,True
1.06,0.01,1.0,0.4,0.2,0.0,1.0,9.62,-27.24,True
1.06,0.01,1.0,0.4,0.2,0.25,0.75,9.64,-26.75,True
1.06,0.01,1.0,0.4,0.2,0.5,0.5,9.65,-26.29,True
1.06,0.01,1.0,0.4,0.2,0.75,0.25,9.64,-25.86,True
1.06,0.01,1.0,0.4,0.2,1.0,0.0,9.62,-25.45,True
1.06,0.01,1.0,0.4,0.3,0.0,1.0,10.9,-29.29,True
1.06,0.01,1.0,0.4,0.3,0.25,0.75,10.92,-28.94,True
1.06,0.01,1.0,0.4,0.3,0.5,0.5,10.93,-28.6,True
1.06,0.01,1.0,0.4,0.3,0.75,0.25,10.93,-28.29,True
1.06,0.01,1.0,0.4,0.3,1.0,0.0,10.93,-28.0,True
1.06,0.01,1.01,0.1,0.0,0.0,1.0,2.87,-18.96,True
1.06,0.01,1.01,0.1,0.0,0.25,0.75,2.85,-17.29,True
1.06,0.01,1.01,0.1,0.0,0.5,0.5,2.83,-15.61,True
1.06,0.01,1.01,0.1,0.0,0.75,0.25,2.79,-13.89,True
1.06,0.01,1.01,0.1,0.0,1.0,0.0,2.73,-12.16,True
1.06,0.01,1.01,0.1,0.1,0.0,1.0,7.47,-15.45,True
1.06,0.01,1.01,0.1,0.1,0.25,0.75,7.44,-15.61,True
1.06,0.01,1.01,0.1,0.1,0.5,0.5,7.4,-15.8,True
1.06,0.01,1.01,0.1,0.1,0.75,0.25,7.36,-16.01,True
1.06,0.01,1.01,0.1,0.1,1.0,0.0,7.31,-16.25,True
1.06,0.01,1.01,0.1,0.2,0.0,1.0,9.6,-22.03,True
1.06,0.01,1.01,0.1,0.2,0.25,0.75,9.58,-22.14,True
1.06,0.01,1.01,0.1,0.2,0.5,0.5,9.55,-22.28,True
1.06,0.01,1.01,0.1,0.2,0.75,0.25,9.51,-22.44,True
1.06,0.01,1.01,0.1,0.2,1.0,0.0,9.47,-22.64,True
1.06,0.01,1.01,0.1,0.3,0.0,1.0,11.1,-25.29,True
1.06,0.01,1.01,0.1,0.3,0.25,0.75,11.08,-25.35,True
1.06,0.01,1.01,0.1,0.3,0.5,0.5,11.05,-25.45,True
1.06,0.01,1.01,0.1,0.3,0.75,0.25,11.01,-25.57,True
1.06,0.01,1.01,0.1,0.3,1.0,0.0,10.97,-25.74,True
1.06,0.01,1.01,0.2,0.0,0.0,1.0,4.63,-19.71,True
1.06,0.01,1.01,0.2,0.0,0.25,0.75,4.56,-17.89,True
1.06,0.01,1.01,0.2,0.0,0.5,0.5,4.46,-16.05,True
1.06,0.01,1.01,0.2,0.0,0.75,0.25,4.33,-14.17,True
1.06,0.01,1.01,0.2,0.0,1.0,0.0,4.18,-12.25,True
1.06,0.01,1.01,0.2,0.1,0.0,1.0,8.32,-15.01,True
1.06,0.01,1.01,0.2,0.1,0.25,0.75,8.25,-15.07,True
1.06,0.01,1.01,0.2,0.1,0.5,0.5,8.18,-15.17,True
1.06,0.01,1.01,0.2,0.1,0.75,0.25,8.08,-15.32,True
1.06,0.01,1.01,0.2,0.1,1.0,0.0,7.98,-15.52,True
1.06,0.01,1.01,0.2,0.2,0.0,1.0,10.26,-20.81,True
1.06,0.01,1.01,0.2,0.2,0.25,0.75,10.2,-20.89,True
1.06,0.01,1.01,0.2,0.2,0.5,0.5,10.13,-21.03,True
1.06,0.01,1.01,0.2,0.2,0.75,0.25,10.05,-21.21,True
1.06,0.01,1.01,0.2,0.2,1.0,0.0,9.96,-21.43,True
1.06,0.01,1.01,0.2,0.3,0.0,1.0,11.55,-24.45,True
1.06,0.01,1.01,0.2,0.3,0.25,0.75,11.49,-24.52,True
1.06,0.01,1.01,0.2,0.3,0.5,0.5,11.43,-24.64,True
1.06,0.01,1.01,0.2,0.3,0.75,0.25,11.36,-24.81,True
1.06,0.01,1.01,0.2,0.3,1.0,0.0,11.28,-25.02,True
1.06,0.01,1.01,0.3,0.0,0.0,1.0,5.86,-21.24,True
1.06,0.01,1.01,0.3,0.0,0.25,0.75,5.73,-19.34,True
1.06,0.01,1.01,0.3,0.0,0.5,0.5,5.56,-17.39,True
1.06,0.01,1.01,0.3,0.0,0.75,0.25,5.37,-15.39,True
1.06,0.01,1.01,0.3,0.0,1.0,0.0,5.14,-13.52,True
1.06,0.01,1.01,0.3,0.1,0.0,1.0,8.87,-17.7,True
1.06,0.01,1.01,0.3,0.1,0.25,0.75,8.77,-15.99,True
1.06,0.01,1.01,0.3,0.1,0.5,0.5,8.65,-15.1,True
1.06,0.01,1.01,0.3,0.1,0.75,0.25,8.52,-15.2,True
1.06,0.01,1.01,0.3,0.1,1.0,0.0,8.37,-15.36,True
1.06,0.01,1.01,0.3,0.2,0.0,1.0,10.55,-21.12,True
1.06,0.01,1.01,0.3,0.2,0.25,0.75,10.46,-21.14,True
1.06,0.01,1.01,0.3,0.2,0.5,0.5,10.37,-21.21,True
1.06,0.01,1.01,0.3,0.2,0.75,0.25,10.27,-21.34,True
1.06,0.01,1.01,0.3,0.2,1.0,0.0,10.15,-21.54,True
1.06,0.01,1.01,0.3,0.3,0.0,1.0,11.72,-25.07,True
1.06,0.01,1.01,0.3,0.3,0.25,0.75,11.65,-25.06,True
1.06,0.01,1.01,0.3,0.3,0.5,0.5,11.57,-25.1,True
1.06,0.01,1.01,0.3,0.3,0.75,0.25,11.49,-25.18,True
1.06,0.01,1.01,0.3,0.3,1.0,0.0,11.4,-25.29,True
1.06,0.01,1.01,0.4,0.0,0.0,1.0,6.64,-20.67,True
1.06,0.01,1.01,0.4,0.0,0.25,0.75,6.46,-18.95,True
1.06,0.01,1.01,0.4,0.0,0.5,0.5,6.25,-17.22,True
1.06,0.01,1.01,0.4,0.0,0.75,0.25,6.01,-15.47,True
1.06,0.01,1.01,0.4,0.0,1.0,0.0,5.73,-13.7,True
1.06,0.01,1.01,0.4,0.1,0.0,1.0,9.24,-17.05,True
1.06,0.01,1.01,0.4,0.1,0.25,0.75,9.11,-15.39,True
1.06,0.01,1.01,0.4,0.1,0.5,0.5,8.97,-15.3,True
1.06,0.01,1.01,0.4,0.1,0.75,0.25,8.8,-15.36,True
1.06,0.01,1.01,0.4,0.1,1.0,0.0,8.62,-15.48,True
1.06,0.01,1.01,0.4,0.2,0.0,1.0,10.78,-21.53,True
1.06,0.01,1.01,0.4,0.2,0.25,0.75,10.69,-21.49,True
1.06,0.01,1.01,0.4,0.2,0.5,0.5,10.58,-21.5,True
1.06,0.01,1.01,0.4,0.2,0.75,0.25,10.45,-21.57,True
1.06,0.01,1.01,0.4,0.2,1.0,0.0,10.32,-21.7,True
1.06,0.01,1.01,0.4,0.3,0.0,1.0,11.91,-24.92,True
1.06,0.01,1.01,0.4,0.3,0.25,0.75,11.82,-24.86,True
1.06,0.01,1.01,0.4,0.3,0.5,0.5,11.72,-24.86,True
1.06,0.01,1.01,0.4,0.3,0.75,0.25,11.61,-24.91,True
1.06,0.01,1.01,0.4,0.3,1.0,0.0,11.5,-25.01,True
1.06,0.01,1.02,0.1,0.0,0.0,1.0,2.21,-15.86,True
1.06,0.01,1.02,0.1,0.0,0.25,0.75,2.21,-14.64,True
1.06,0.01,1.02,0.1,0.0,0.5,0.5,2.21,-13.33,True
1.06,0.01,1.02,0.1,0.0,0.75,0.25,2.19,-11.93,True
1.06,0.01,1.02,0.1,0.0,1.0,0.0,2.17,-10.41,True
1.06,0.01,1.02,0.1,0.1,0.0,1.0,7.08,-17.39,True
1.06,0.01,1.02,0.1,0.1,0.25,0.75,7.07,-17.44,True
1.06,0.01,1.02,0.1,0.1,0.5,0.5,7.05,-17.5,True
1.06,0.01,1.02,0.1,0.1,0.75,0.25,7.03,-17.58,True
1.06,0.01,1.02,0.1,0.1,1.0,0.0,7.0,-17.68,True
1.06,0.01,1.02,0.1,0.2,0.0,1.0,9.38,-23.36,True
1.06,0.01,1.02,0.1,0.2,0.25,0.75,9.37,-23.38,True
1.06,0.01,1.02,0.1,0.2,0.5,0.5,9.35,-23.42,True
1.06,0.01,1.02,0.1,0.2,0.75,0.25,9.33,-23.49,True
1.06,0.01,1.02,0.1,0.2,1.0,0.0,9.31,-23.57,True
1.06,0.01,1.02,0.1,0.3,0.0,1.0,11.0,-26.0,True
1.06,0.01,1.02,0.1,0.3,0.25,0.75,10.98,-26.05,True
1.06,0.01,1.02,0.1,0.3,0.5,0.5,10.95,-26.11,True
1.06,0.01,1.02,0.1,0.3,0.75,0.25,10.92,-26.2,True
1.06,0.01,1.02,0.1,0.3,1.0,0.0,10.89,-26.3,True
1.06,0.01,1.02,0.2,0.0,0.0,1.0,3.64,-18.06,True
1.06,0.01,1.02,0.2,0.0,0.25,0.75,3.61,-16.69,True
1.06,0.01,1.02,0.2,0.0,0.5,0.5,3.57,-15.26,True
1.06,0.01,1.02,0.2,0.0,0.75,0.25,3.5,-13.76,True
1.06,0.01,1.02,0.2,0.0,1.0,0.0,3.42,-12.19,True
1.06,0.01,1.02,0.2,0.1,0.0,1.0,7.97,-16.11,True
1.06,0.01,1.02,0.2,0.1,0.25,0.75,7.92,-16.12,True
1.06,0.01,1.02,0.2,0.1,0.5,0.5,7.86,-16.16,True
1.06,0.01,1.02,0.2,0.1,0.75,0.25,7.79,-16.25,True
1.06,0.01,1.02,0.2,0.1,1.0,0.0,7.71,-16.38,True
1.06,0.01,1.02,0.2,0.2,0.0,1.0,10.13,-21.56,True
1.06,0.01,1.02,0.2,0.2,0.25,0.75,10.08,-21.61,True
1.06,0.01,1.02,0.2,0.2,0.5,0.5,10.01,-21.71,True
1.06,0.01,1.02,0.2,0.2,0.75,0.25,9.94,-21.84,True
1.06,0.01,1.02,0.2,0.2,1.0,0.0,9.86,-22.01,True
1.06,0.01,1.02,0.2,0.3,0.0,1.0,11.52,-24.89,True
1.06,0.01,1.02,0.2,0.3,0.25,0.75,11.46,-24.95,True
1.06,0.01,1.02,0.2,0.3,0.5,0.5,11.4,-25.05,True
1.06,0.01,1.02,0.2,0.3,0.75,0.25,11.33,-25.19,True
1.06,0.01,1.02,0.2,0.3,1.0,0.0,11.25,-25.36,True
1.06,0.01,1.02,0.3,0.0,0.0,1.0,4.84,-19.92,True
1.06,0.01,1.02,0.3,0.0,0.25,0.75,4.76,-18.41,True
1.06,0.01,1.02,0.3,0.0,0.5,0.5,4.65,-16.83,True
1.06,0.01,1.02,0.3,0.0,0.75,0.25,4.51,-15.18,True
1.06,0.01,1.02,0.3,0.0,1.0,0.0,4.35,-13.44,True
1.06,0.01,1.02,0.3,0.1,0.0,1.0,8.61,-17.68,True
1.06,0.01,1.02,0.3,0.1,0.25,0.75,8.52,-16.08,True
1.06,0.01,1.02,0.3,0.1,0.5,0.5,8.41,-15.94,True
1.06,0.01,1.02,0.3,0.1,0.75,0.25,8.29,-16.0,True
1.06,0.01,1.02,0.3,0.1,1.0,0.0,8.16,-16.1,True
1.06,0.01,1.02,0.3,0.2,0.0,1.0,10.42,-22.07,True
1.06,0.01,1.02,0.3,0.2,0.25,0.75,10.34,-22.06,True
1.06,0.01,1.02,0.3,0.2,0.5,0.5,10.25,-22.09,True
1.06,0.01,1.02,0.3,0.2,0.75,0.25,10.16,-22.17,True
1.06,0.01,1.02,0.3,0.2,1.0,0.0,10.05,-22.29,True
1.06,0.01,1.02,0.3,0.3,0.0,1.0,11.65,-26.01,True
1.06,0.01,1.02,0.3,0.3,0.25,0.75,11.59,-25.94,True
1.06,0.01,1.02,0.3,0.3,0.5,0.5,11.51,-25.89,True
1.06,0.01,1.02,0.3,0.3,0.75,0.25,11.43,-25.87,True
1.06,0.01,1.02,0.3,0.3,1.0,0.0,11.35,-25.9,True
1.06,0.01,1.02,0.4,0.0,0.0,1.0,5.64,-21.52,True
1.06,0.01,1.02,0.4,0.0,0.25,0.75,5.51,-19.89,True
1.06,0.01,1.02,0.4,0.0,0.5,0.5,5.35,-18.19,True
1.06,0.01,1.02,0.4,0.0,0.75,0.25,5.17,-16.42,True
1.06,0.01,1.02,0.4,0.0,1.0,0.0,4.96,-14.56,True
1.06,0.01,1.02,0.4,0.1,0.0,1.0,8.86,-18.57,True
1.06,0.01,1.02,0.4,0.1,0.25,0.75,8.75,-16.89,True
1.06,0.01,1.02,0.4,0.1,0.5,0.5,8.63,-16.54,True
1.06,0.01,1.02,0.4,0.1,0.75,0.25,8.5,-16.51,True
1.06,0.01,1.02,0.4,0.1,1.0,0.0,8.35,-16.53,True
1.06,0.01,1.02,0.4,0.2,0.0,1.0,10.57,-23.15,True
1.06,0.01,1.02,0.4,0.2,0.25,0.75,10.48,-23.01,True
1.06,0.01,1.02,0.4,0.2,0.5,0.5,10.39,-22.91,True
1.06,0.01,1.02,0.4,0.2,0.75,0.25,10.29,-22.85,True
1.06,0.01,1.02,0.4,0.2,1.0,0.0,10.18,-22.79,True
1.06,0.01,1.02,0.4,0.3,0.0,1.0,11.6,-26.47,True
1.06,0.01,1.02,0.4,0.3,0.25,0.75,11.53,-26.33,True
1.06,0.01,1.02,0.4,0.3,0.5,0.5,11.46,-26.23,True
1.06,0.01,1.02,0.4,0.3,0.75,0.25,11.39,-26.17,True
1.06,0.01,1.02,0.4,0.3,1.0,0.0,11.3,-26.15,True
1.06,0.015,0.95,0.1,0.0,0.0,1.0,6.01,-27.68,True
1.06,0.015,0.95,0.1,0.0,0.25,0.75,5.96,-26.08,True
1.06,0.015,0.95,0.1,0.0,0.5,0.5,5.86,-24.21,True
1.06,0.015,0.95,0.1,0.0,0.75,0.25,5.73,-21.98,True
1.06,0.015,0.95,0.1,0.0,1.0,0.0,5.56,-19.3,True
1.06,0.015,0.95,0.1,0.1,0.0,1.0,9.13,-28.66,True
1.06,0.015,0.95,0.1,0.1,0.25,0.75,9.04,-27.47,True
1.06,0.015,0.95,0.1,0.1,0.5,0.5,8.93,-26.12,True
1.06,0.015,0.95,0.1,0.1,0.75,0.25,8.8,-24.57,True
1.06,0.015,0.95,0.1,0.1,1.0,0.0,8.65,-22.79,True
1.06,0.015,0.95,0.1,0.2,0.0,1.0,10.91,-29.24,True
1.06,0.015,0.95,0.1,0.2,0.25,0.75,10.83,-28.27,True
1.06,0.015,0.95,0.1,0.2,0.5,0.5,10.74,-27.2,True
1.06,0.015,0.95,0.1,0.2,0.75,0.25,10.63,-26.01,True
1.06,0.015,0.95,0.1,0.2,1.0,0.0,10.5,-24.69,True
1.06,0.015,0.95,0.1,0.3,0.0,1.0,12.18,-29.66,True
1.06,0.015,0.95,0.1,0.3,0.25,0.75,12.11,-28.86,True
1.06,0.015,0.95,0.1,0.3,0.5,0.5,12.03,-27.98,True
1.06,0.015,0.95,0.1,0.3,0.75,0.25,11.93,-27.03,True
1.06,0.015,0.95,0.1,0.3,1.0,0.0,11.82,-26.0,True
1.06,0.015,0.95,0.2,0.0,0.0,1.0,9.86,-27.68,True
1.06,0.015,0.95,0.2,0.0,0.25,0.75,9.58,-26.14,True
1.06,0.015,0.95,0.2,0.0,0.5,0.5,9.25,-24.3,True
1.06,0.015,0.95,0.2,0.0,0.75,0.25,8.87,-22.07,True
1.06,0.015,0.95,0.2,0.0,1.0,0.0,8.44,-19.3,True
1.06,0.015,0.95,0.2,0.1,0.0,1.0,11.63,-28.21,True
1.06,0.015,0.95,0.2,0.1,0.25,0.75,11.39,-26.91,True
1.06,0.015,0.95,0.2,0.1,0.5,0.5,11.12,-25.41,True
1.06,0.015,0.95,0.2,0.1,0.75,0.25,10.81,-23.65,True
1.06,0.015,0.95,0.2,0.1,1.0,0.0,10.47,-21.56,True
1.06,0.015,0.95,0.2,0.2,0.0,1.0,12.74,-28.66,True
1.06,0.015,0.95,0.2,0.2,0.25,0.75,12.53,-27.55,True
1.06,0.015,0.95,0.2,0.2,0.5,0.5,12.31,-26.29,True
1.06,0.015,0.95,0.2,0.2,0.75,0.25,12.06,-24.87,True
1.06,0.015,0.95,0.2,0.2,1.0,0.0,11.78,-23.26,True
1.06,0.015,0.95,0.2,0.3,0.0,1.0,13.55,-29.09,True
1.06,0.015,0.95,0.2,0.3,0.25,0.75,13.39,-28.14,True
1.06,0.015,0.95,0.2,0.3,0.5,0.5,13.2,-27.09,True
1.06,0.015,0.95,0.2,0.3,0.75,0.25,12.99,-25.94,True
1.06,0.015,0.95,0.2,0.3,1.0,0.0,12.77,-24.68,True
1.06,0.015,0.95,0.3,0.0,0.0,1.0,11.92,-27.68,True
1.06,0.015,0.95,0.3,0.0,0.25,0.75,11.52,-26.16,True
1.06,0.015,0.95,0.3,0.0,0.5,0.5,11.07,-24.33,True
1.06,0.015,0.95,0.3,0.0,0.75,0.25,10.56,-22.1,True
1.06,0.015,0.95,0.3,0.0,1.0,0.0,9.99,-19.3,True
1.06,0.015,0.95,0.3,0.1,0.0,1.0,12.94,-28.13,True
1.06,0.015,0.95,0.3,0.1,0.25,0.75,12.62,-26.81,True
1.06,0.015,0.95,0.3,0.1,0.5,0.5,12.26,-25.27,True
1.06,0.015,0.95,0.3,0.1,0.75,0.25,11.87,-23.45,True
1.06,0.015,0.95,0.3,0.1,1.0,0.0,11.43,-21.27,True
1.06,0.015,0.95,0.3,0.2,0.0,1.0,13.82,-28.53,True
1.06,0.015,0.95,0.3,0.2,0.25,0.75,13.54,-27.39,True
1.06,0.015,0.95,0.3,0.2,0.5,0.5,13.24,-26.08,True
1.06,0.015,0.95,0.3,0.2,0.75,0.25,12.91,-24.58,True
1.06,0.015,0.95,0.3,0.2,1.0,0.0,12.55,-22.85,True
1.06,0.015,0.95,0.3,0.3,0.0,1.0,14.53,-28.91,True
1.06,0.015,0.95,0.3,0.3,0.25,0.75,14.29,-27.92,True
1.06,0.015,0.95,0.3,0.3,0.5,0.5,14.02,-26.81,True
1.06,0.015,0.95,0.3,0.3,0.75,0.25,13.72,-25.59,True
1.06,0.015,0.95,0.3,0.3,1.0,0.0,13.38,-24.24,True
1.06,0.015,0.95,0.4,0.0,0.0,1.0,13.23,-27.68,True
1.06,0.015,0.95,0.4,0.0,0.25,0.75,12.75,-26.17,True
1.06,0.015,0.95,0.4,0.0,0.5,0.5,12.21,-24.35,True
1.06,0.015,0.95,0.4,0.0,0.75,0.25,11.62,-22.12,True
1.06,0.015,0.95,0.4,0.0,1.0,0.0,10.95,-19.3,True
1.06,0.015,0.95,0.4,0.1,0.0,1.0,14.16,-28.07,True
1.06,0.015,0.95,0.4,0.1,0.25,0.75,13.75,-26.75,True
1.06,0.015,0.95,0.4,0.1,0.5,0.5,13.3,-25.19,True
1.06,0.015,0.95,0.4,0.1,0.75,0.25,12.81,-23.33,True
1.06,0.015,0.95,0.4,0.1,1.0,0.0,12.27,-21.08,True
1.06,0.015,0.95,0.4,0.2,0.0,1.0,14.72,-28.46,True
1.06,0.015,0.95,0.4,0.2,0.25,0.75,14.34,-27.3,True
1.06,0.015,0.95,0.4,0.2,0.5,0.5,13.92,-25.98,True
1.06,0.015,0.95,0.4,0.2,0.75,0.25,13.48,-24.45,True
1.06,0.015,0.95,0.4,0.2,1.0,0.0,13.0,-22.68,True
1.06,0.015,0.95,0.4,0.3,0.0,1.0,15.05,-28.87,True
1.06,0.015,0.95,0.4,0.3,0.25,0.75,14.72,-27.88,True
1.06,0.015,0.95,0.4,0.3,0.5,0.5,14.36,-26.77,True
1.06,0.015,0.95,0.4,0.3,0.75,0.25,13.99,-25.54,True
1.06,0.015,0.95,0.4,0.3,1.0,0.0,13.6,-24.16,True
1.06,0.015,0.97,0.1,0.0,0.0,1.0,3.93,-22.06,True
1.06,0.015,0.97,0.1,0.0,0.25,0.75,3.93,-20.74,True
1.06,0.015,0.97,0.1,0.0,0.5,0.5,3.91,-19.2,True
1.06,0.015,0.97,0.1,0.0,0.75,0.25,3.86,-17.36,True
1.06,0.015,0.97,0.1,0.0,1.0,0.0,3.77,-15.15,True
1.06,0.015,0.97,0.1,0.1,0.0,1.0,7.62,-25.36,True
1.06,0.015,0.97,0.1,0.1,0.25,0.75,7.62,-24.6,True
1.06,0.015,0.97,0.1,0.1,0.5,0.5,7.61,-23.73,True
1.06,0.015,0.97,0.1,0.1,0.75,0.25,7.58,-22.74,True
1.06,0.015,0.97,0.1,0.1,1.0,0.0,7.54,-21.58,True
1.06,0.015,0.97,0.1,0.2,0.0,1.0,9.7,-27.32,True
1.06,0.015,0.97,0.1,0.2,0.25,0.75,9.7,-26.82,True
1.06,0.015,0.97,0.1,0.2,0.5,0.5,9.69,-26.25,True
1.06,0.015,0.97,0.1,0.2,0.75,0.25,9.67,-25.62,True
1.06,0.015,0.97,0.1,0.2,1.0,0.0,9.63,-24.92,True
1.06,0.015,0.97,0.1,0.3,0.0,1.0,11.18,-28.61,True
1.06,0.015,0.97,0.1,0.3,0.25,0.75,11.18,-28.26,True
1.06,0.015,0.97,0.1,0.3,0.5,0.5,11.16,-27.89,True
1.06,0.015,0.97,0.1,0.3,0.75,0.25,11.14,-27.47,True
1.06,0.015,0.97,0.1,0.3,1.0,0.0,11.1,-27.01,True
1.06,0.015,0.97,0.2,0.0,0.0,1.0,4.59,-22.61,True
1.06,0.015,0.97,0.2,0.0,0.25,0.75,4.68,-20.79,True
1.06,0.015,0.97,0.2,0.0,0.5,0.5,4.72,-19.27,True
1.06,0.015,0.97,0.2,0.0,0.75,0.25,4.71,-17.43,True
1.06,0.015,0.97,0.2,0.0,1.0,0.0,4.64,-15.15,True
1.06,0.015,0.97,0.2,0.1,0.0,1.0,8.37,-25.09,True
1.06,0.015,0.97,0.2,0.1,0.25,0.75,8.36,-24.29,True
1.06,0.015,0.97,0.2,0.1,0.5,0.5,8.34,-23.37,True
1.06,0.015,0.97,0.2,0.1,0.75,0.25,8.29,-22.29,True
1.06,0.015,0.97,0.2,0.1,1.0,0.0,8.22,-21.02,True
1.06,0.015,0.97,0.2,0.2,0.0,1.0,10.41,-26.87,True
1.06,0.015,0.97,0.2,0.2,0.25,0.75,10.39,-26.31,True
1.06,0.015,0.97,0.2,0.2,0.5,0.5,10.35,-25.69,True
1.06,0.015,0.97,0.2,0.2,0.75,0.25,10.29,-24.98,True
1.06,0.015,0.97,0.2,0.2,1.0,0.0,10.21,-24.17,True
1.06,0.015,0.97,0.2,0.3,0.0,1.0,11.77,-28.14,True
1.06,0.015,0.97,0.2,0.3,0.25,0.75,11.74,-27.75,True
1.06,0.015,0.97,0.2,0.3,0.5,0.5,11.69,-27.31,True
1.06,0.015,0.97,0.2,0.3,0.75,0.25,11.62,-26.83,True
1.06,0.015,0.97,0.2,0.3,1.0,0.0,11.54,-26.29,True
1.06,0.015,0.97,0.3,0.0,0.0,1.0,5.61,-27.89,True
1.06,0.015,0.97,0.3,0.0,0.25,0.75,5.65,-25.37,True
1.06,0.015,0.97,0.3,0.0,0.5,0.5,5.65,-22.8,True
1.06,0.015,0.97,0.3,0.0,0.75,0.25,5.59,-20.19,True
1.06,0.015,0.97,0.3,0.0,1.0,0.0,5.47,-17.53,True
1.06,0.015,0.97,0.3,0.1,0.0,1.0,9.06,-24.98,True
1.06,0.015,0.97,0.3,0.1,0.25,0.75,9.03,-24.16,True
1.06,0.015,0.97,0.3,0.1,0.5,0.5,8.98,-23.21,True
1.06,0.015,0.97,0.3,0.1,0.75,0.25,8.89,-22.09,True
1.06,0.015,0.97,0.3,0.1,1.0,0.0,8.77,-20.76,True
1.06,0.015,0.97,0.3,0.2,0.0,1.0,10.87,-26.73,True
1.06,0.015,0.97,0.3,0.2,0.25,0.75,10.81,-26.16,True
1.06,0.015,0.97,0.3,0.2,0.5,0.5,10.73,-25.51,True
1.06,0.015,0.97,0.3,0.2,0.75,0.25,10.64,-24.77,True
1.06,0.015,0.97,0.3,0.2,1.0,0.0,10.52,-23.92,True
1.06,0.015,0.97,0.3,0.3,0.0,1.0,12.07,-28.02,True
1.06,0.015,0.97,0.3,0.3,0.25,0.75,12.03,-27.56,True
1.06,0.015,0.97,0.3,0.3,0.5,0.5,11.96,-27.08,True
1.06,0.015,0.97,0.3,0.3,0.75,0.25,11.88,-26.56,True
1.06,0.015,0.97,0.3,0.3,1.0,0.0,11.78,-25.98,True
1.06,0.015,0.97,0.4,0.0,0.0,1.0,6.4,-30.99,True
1.06,0.015,0.97,0.4,0.0,0.25,0.75,6.42,-28.28,True
1.06,0.015,0.97,0.4,0.0,0.5,0.5,6.38,-25.5,True
1.06,0.015,0.97,0.4,0.0,0.75,0.25,6.28,-22.67,True
1.06,0.015,0.97,0.4,0.0,1.0,0.0,6.12,-19.78,True
1.06,0.015,0.97,0.4,0.1,0.0,1.0,9.48,-25.88,True
1.06,0.015,0.97,0.4,0.1,0.25,0.75,9.43,-24.1,True
1.06,0.015,0.97,0.4,0.1,0.5,0.5,9.35,-23.13,True
1.06,0.015,0.97,0.4,0.1,0.75,0.25,9.23,-22.0,True
1.06,0.015,0.97,0.4,0.1,1.0,0.0,9.08,-20.63,True
1.06,0.015,0.97,0.4,0.2,0.0,1.0,11.21,-26.57,True
1.06,0.015,0.97,0.4,0.2,0.25,0.75,11.14,-25.98,True
1.06,0.015,0.97,0.4,0.2,0.5,0.5,11.04,-25.3,True
1.06,0.015,0.97,0.4,0.2,0.75,0.25,10.93,-24.53,True
1.06,0.015,0.97,0.4,0.2,1.0,0.0,10.79,-23.64,True
1.06,0.015,0.97,0.4,0.3,0.0,1.0,12.3,-27.97,True
1.06,0.015,0.97,0.4,0.3,0.25,0.75,12.25,-27.51,True
1.06,0.015,0.97,0.4,0.3,0.5,0.5,12.18,-27.0,True
1.06,0.015,0.97,0.4,0.3,0.75,0.25,12.09,-26.44,True
1.06,0.015,0.97,0.4,0.3,1.0,0.0,11.97,-25.82,True
1.06,0.015,0.99,0.1,0.0,0.0,1.0,2.35,-25.2,True
1.06,0.015,0.99,0.1,0.0,0.25,0.75,2.37,-23.39,True
1.06,0.015,0.99,0.1,0.0,0.5,0.5,2.37,-21.45,True
1.06,0.015,0.99,0.1,0.0,0.75,0.25,2.37,-19.36,True
1.06,0.015,0.99,0.1,0.0,1.0,0.0,2.35,-17.11,True
1.06,0.015,0.99,0.1,0.1,0.0,1.0,6.72,-21.51,True
1.06,0.015,0.99,0.1,0.1,0.25,0.75,6.74,-21.01,True
1.06,0.015,0.99,0.1,0.1,0.5,0.5,6.75,-20.72,True
1.06,0.015,0.99,0.1,0.1,0.75,0.25,6.77,-20.45,True
1.06,0.015,0.99,0.1,0.1,1.0,0.0,6.78,-20.2,True
1.06,0.015,0.99,0.1,0.2,0.0,1.0,9.09,-26.95,True
1.06,0.015,0.99,0.1,0.2,0.25,0.75,9.1,-26.58,True
1.06,0.015,0.99,0.1,0.2,0.5,0.5,9.11,-26.24,True
1.06,0.015,0.99,0.1,0.2,0.75,0.25,9.11,-25.94,True
1.06,0.015,0.99,0.1,0.2,1.0,0.0,9.12,-25.66,True
1.06,0.015,0.99,0.1,0.3,0.0,1.0,10.7,-28.9,True
1.06,0.015,0.99,0.1,0.3,0.25,0.75,10.7,-28.65,True
1.06,0.015,0.99,0.1,0.3,0.5,0.5,10.71,-28.42,True
1.06,0.015,0.99,0.1,0.3,0.75,0.25,10.71,-28.22,True
1.06,0.015,0.99,0.1,0.3,1.0,0.0,10.7,-28.04,True
1.06,0.015,0.99,0.2,0.0,0.0,1.0,1.88,-29.96,True
1.06,0.015,0.99,0.2,0.0,0.25,0.75,2.04,-27.73,True
1.06,0.015,0.99,0.2,0.0,0.5,0.5,2.18,-25.46,True
1.06,0.015,0.99,0.2,0.0,0.75,0.25,2.29,-23.16,True
1.06,0.015,0.99,0.2,0.0,1.0,0.0,2.38,-20.84,True
1.06,0.015,0.99,0.2,0.1,0.0,1.0,7.02,-26.24,True
1.06,0.015,0.99,0.2,0.1,0.25,0.75,7.05,-24.13,True
1.06,0.015,0.99,0.2,0.1,0.5,0.5,7.08,-22.65,True
1.06,0.015,0.99,0.2,0.1,0.75,0.25,7.09,-22.02,True
1.06,0.015,0.99,0.2,0.1,1.0,0.0,7.1,-21.43,True
1.06,0.015,0.99,0.2,0.2,0.0,1.0,9.45,-26.96,True
1.06,0.015,0.99,0.2,0.2,0.25,0.75,9.46,-26.51,True
1.06,0.015,0.99,0.2,0.2,0.5,0.5,9.46,-26.08,True
1.06,0.015,0.99,0.2,0.2,0.75,0.25,9.45,-25.69,True
1.06,0.015,0.99,0.2,0.2,1.0,0.0,9.44,-25.35,True
1.06,0.015,0.99,0.2,0.3,0.0,1.0,10.97,-28.9,True
1.06,0.015,0.99,0.2,0.3,0.25,0.75,10.97,-28.57,True
1.06,0.015,0.99,0.2,0.3,0.5,0.5,10.96,-28.28,True
1.06,0.015,0.99,0.2,0.3,0.75,0.25,10.95,-28.02,True
1.06,0.015,0.99,0.2,0.3,1.0,0.0,10.93,-27.8,True
1.06,0.015,0.99,0.3,0.0,0.0,1.0,1.88,-34.73,True
1.06,0.015,0.99,0.3,0.0,0.25,0.75,2.09,-32.26,True
1.06,0.015,0.99,0.3,0.0,0.5,0.5,2.27,-29.74,True
1.06,0.015,0.99,0.3,0.0,0.75,0.25,2.42,-27.18,True
1.06,0.015,0.99,0.3,0.0,1.0,0.0,2.53,-24.57,True
1.06,0.015,0.99,0.3,0.1,0.0,1.0,7.36,-29.7,True
1.06,0.015,0.99,0.3,0.1,0.25,0.75,7.39,-27.42,True
1.06,0.015,0.99,0.3,0.1,0.5,0.5,7.4,-25.09,True
1.06,0.015,0.99,0.3,0.1,0.75,0.25,7.41,-22.71,True
1.06,0.015,0.99,0.3,0.1,1.0,0.0,7.41,-21.34,True
1.06,0.015,0.99,0.3,0.2,0.0,1.0,9.6,-27.38,True
1.06,0.015,0.99,0.3,0.2,0.25,0.75,9.61,-26.88,True
1.06,0.015,0.99,0.3,0.2,0.5,0.5,9.61,-26.4,True
1.06,0.015,0.99,0.3,0.2,0.75,0.25,9.6,-25.97,True
1.06,0.015,0.99,0.3,0.2,1.0,0.0,9.58,-25.58,True
1.06,0.015,0.99,0.3,0.3,0.0,1.0,10.97,-29.44,True
1.06,0.015,0.99,0.3,0.3,0.25,0.75,10.98,-29.07,True
1.06,0.015,0.99,0.3,0.3,0.5,0.5,10.99,-28.72,True
1.06,0.015,0.99,0.3,0.3,0.75,0.25,10.98,-28.4,True
1.06,0.015,0.99,0.3,0.3,1.0,0.0,10.97,-28.12,True
1.06,0.015,0.99,0.4,0.0,0.0,1.0,2.51,-37.42,True
1.06,0.015,0.99,0.4,0.0,0.25,0.75,2.7,-34.79,True
1.06,0.015,0.99,0.4,0.0,0.5,0.5,2.85,-32.09,True
1.06,0.015,0.99,0.4,0.0,0.75,0.25,2.97,-29.34,True
1.06,0.015,0.99,0.4,0.0,1.0,0.0,3.05,-26.52,True
1.06,0.015,0.99,0.4,0.1,0.0,1.0,7.52,-32.12,True
1.06,0.015,0.99,0.4,0.1,0.25,0.75,7.55,-29.69,True
1.06,0.015,0.99,0.4,0.1,0.5,0.5,7.57,-27.19,True
1.06,0.015,0.99,0.4,0.1,0.75,0.25,7.57,-24.63,True
1.06,0.015,0.99,0.4,0.1,1.0,0.0,7.56,-22.0,True
1.06,0.015,0.99,0.4,0.2,0.0,1.0,9.62,-27.78,True
1.06,0.015,0.99,0.4,0.2,0.25,0.75,9.64,-27.25,True
1.06,0.015,0.99,0.4,0.2,0.5,0.5,9.65,-26.74,True
1.06,0.015,0.99,0.4,0.2,0.75,0.25,9.65,-26.27,True
1.06,0.015,0.99,0.4,0.2,1.0,0.0,9.63,-25.84,True
1.06,0.015,0.99,0.4,0.3,0.0,1.0,10.93,-29.57,True
1.06,0.015,0.99,0.4,0.3,0.25,0.75,10.95,-29.18,True
1.06,0.015,0.99,0.4,0.3,0.5,0.5,10.96,-28.81,True
1.06,0.015,0.99,0.4,0.3,0.75,0.25,10.96,-28.47,True
1.06,0.015,0.99,0.4,0.3,1.0,0.0,10.95,-28.17,True
1.06,0.015,1.0,0.1,0.0,0.0,1.0,0.68,-25.02,True
1.06,0.015,1.0,0.1,0.0,0.25,0.75,0.8,-23.22,True
1.06,0.015,1.0,0.1,0.0,0.5,0.5,0.91,-21.29,True
1.06,0.015,1.0,0.1,0.0,0.75,0.25,1.01,-19.21,True
1.06,0.015,1.0,0.1,0.0,1.0,0.0,1.11,-16.97,True
1.06,0.015,1.0,0.1,0.1,0.0,1.0,6.21,-23.24,True
1.06,0.015,1.0,0.1,0.1,0.25,0.75,6.25,-22.81,True
1.06,0.015,1.0,0.1,0.1,0.5,0.5,6.3,-22.38,True
1.06,0.015,1.0,0.1,0.1,0.75,0.25,6.34,-21.96,True
1.06,0.015,1.0,0.1,0.1,1.0,0.0,6.38,-21.56,True
1.06,0.015,1.0,0.1,0.2,0.0,1.0,8.82,-27.54,True
1.06,0.015,1.0,0.1,0.2,0.25,0.75,8.85,-27.2,True
1.06,0.015,1.0,0.1,0.2,0.5,0.5,8.87,-26.88,True
1.06,0.015,1.0,0.1,0.2,0.75,0.25,8.89,-26.57,True
1.06,0.015,1.0,0.1,0.2,1.0,0.0,8.91,-26.27,True
1.06,0.015,1.0,0.1,0.3,0.0,1.0,10.49,-29.24,True
1.06,0.015,1.0,0.1,0.3,0.25,0.75,10.5,-29.02,True
1.06,0.015,1.0,0.1,0.3,0.5,0.5,10.52,-28.8,True
1.06,0.015,1.0,0.1,0.3,0.75,0.25,10.53,-28.6,True
1.06,0.015,1.0,0.1,0.3,1.0,0.0,10.54,-28.42,True
1.06,0.015,1.0,0.2,0.0,0.0,1.0,0.46,-27.6,True
1.06,0.015,1.0,0.2,0.0,0.25,0.75,0.69,-25.67,True
1.06,0.015,1.0,0.2,0.0,0.5,0.5,0.9,-23.58,True
1.06,0.015,1.0,0.2,0.0,0.75,0.25,1.1,-21.32,True
1.06,0.015,1.0,0.2,0.0,1.0,0.0,1.28,-18.88,True
1.06,0.015,1.0,0.2,0.1,0.0,1.0,6.53,-24.16,True
1.06,0.015,1.0,0.2,0.1,0.25,0.75,6.59,-23.43,True
1.06,0.015,1.0,0.2,0.1,0.5,0.5,6.63,-22.82,True
1.06,0.015,1.0,0.2,0.1,0.75,0.25,6.68,-22.23,True
1.06,0.015,1.0,0.2,0.1,1.0,0.0,6.72,-21.67,True
1.06,0.015,1.0,0.2,0.2,0.0,1.0,9.06,-27.03,True
1.06,0.015,1.0,0.2,0.2,0.25,0.75,9.09,-26.63,True
1.06,0.015,1.0,0.2,0.2,0.5,0.5,9.11,-26.25,True
1.06,0.015,1.0,0.2,0.2,0.75,0.25,9.13,-25.9,True
1.06,0.015,1.0,0.2,0.2,1.0,0.0,9.14,-25.59,True
1.06,0.015,1.0,0.2,0.3,0.0,1.0,10.6,-29.07,True
1.06,0.015,1.0,0.2,0.3,0.25,0.75,10.62,-28.79,True
1.06,0.015,1.0,0.2,0.3,0.5,0.5,10.64,-28.53,True
1.06,0.015,1.0,0.2,0.3,0.75,0.25,10.65,-28.29,True
1.06,0.015,1.0,0.2,0.3,1.0,0.0,10.65,-28.09,True
1.06,0.015,1.0,0.3,0.0,0.0,1.0,0.67,-30.54,True
1.06,0.015,1.0,0.3,0.0,0.25,0.75,0.93,-28.38,True
1.06,0.015,1.0,0.3,0.0,0.5,0.5,1.17,-26.08,True
1.06,0.015,1.0,0.3,0.0,0.75,0.25,1.39,-23.91,True
1.06,0.015,1.0,0.3,0.0,1.0,0.0,1.58,-21.73,True
1.06,0.015,1.0,0.3,0.1,0.0,1.0,6.75,-27.44,True
1.06,0.015,1.0,0.3,0.1,0.25,0.75,6.81,-25.27,True
1.06,0.015,1.0,0.3,0.1,0.5,0.5,6.86,-22.96,True
1.06,0.015,1.0,0.3,0.1,0.75,0.25,6.9,-21.92,True
1.06,0.015,1.0,0.3,0.1,1.0,0.0,6.94,-21.34,True
1.06,0.015,1.0,0.3,0.2,0.0,1.0,9.05,-27.45,True
1.06,0.015,1.0,0.3,0.2,0.25,0.75,9.09,-27.0,True
1.06,0.015,1.0,0.3,0.2,0.5,0.5,9.12,-26.58,True
1.06,0.015,1.0,0.3,0.2,0.75,0.25,9.14,-26.19,True
1.06,0.015,1.0,0.3,0.2,1.0,0.0,9.16,-25.83,True
1.06,0.015,1.0,0.3,0.3,0.0,1.0,10.56,-29.52,True
1.06,0.015,1.0,0.3,0.3,0.25,0.75,10.59,-29.19,True
1.06,0.015,1.0,0.3,0.3,0.5,0.5,10.62,-28.88,True
1.06,0.015,1.0,0.3,0.3,0.75,0.25,10.64,-28.59,True
1.06,0.015,1.0,0.3,0.3,1.0,0.0,10.65,-28.32,True
1.06,0.015,1.0,0.4,0.0,0.0,1.0,1.29,-32.62,True
1.06,0.015,1.0,0.4,0.0,0.25,0.75,1.53,-30.31,True
1.06,0.015,1.0,0.4,0.0,0.5,0.5,1.75,-27.84,True
1.06,0.015,1.0,0.4,0.0,0.75,0.25,1.93,-25.2,True
1.06,0.015,1.0,0.4,0.0,1.0,0.0,2.09,-22.75,True
1.06,0.015,1.0,0.4,0.1,0.0,1.0,6.75,-28.7,True
1.06,0.015,1.0,0.4,0.1,0.25,0.75,6.82,-26.47,True
1.06,0.015,1.0,0.4,0.1,0.5,0.5,6.89,-24.09,True
1.06,0.015,1.0,0.4,0.1,0.75,0.25,6.94,-22.13,True
1.06,0.015,1.0,0.4,0.1,1.0,0.0,6.97,-21.51,True
1.06,0.015,1.0,0.4,0.2,0.0,1.0,9.02,-27.81,True
1.06,0.015,1.0,0.4,0.2,0.25,0.75,9.07,-27.33,True
1.06,0.015,1.0,0.4,0.2,0.5,0.5,9.11,-26.87,True
1.06,0.015,1.0,0.4,0.2,0.75,0.25,9.14,-26.44,True
1.06,0.015,1.0,0.4,0.2,1.0,0.0,9.17,-26.03,True
1.06,0.015,1.0,0.4,0.3,0.0,1.0,10.55,-29.6,True
1.06,0.015,1.0,0.4,0.3,0.25,0.75,10.58,-29.26,True
1.06,0.015,1.0,0.4,0.3,0.5,0.5,10.61,-28.93,True
1.06,0.015,1.0,0.4,0.3,0.75,0.25,10.63,-28.63,True
1.06,0.015,1.0,0.4,0.3,1.0,0.0,10.65,-28.35,True
1.06,0.015,1.01,0.1,0.0,0.0,1.0,2.81,-18.81,True
1.06,0.015,1.01,0.1,0.0,0.25,0.75,2.75,-17.37,True
1.06,0.015,1.01,0.1,0.0,0.5,0.5,2.68,-15.82,True
1.06,0.015,1.01,0.1,0.0,0.75,0.25,2.6,-14.16,True
1.06,0.015,1.01,0.1,0.0,1.0,0.0,2.51,-12.35,True
1.06,0.015,1.01,0.1,0.1,0.0,1.0,7.02,-15.9,True
1.06,0.015,1.01,0.1,0.1,0.25,0.75,7.01,-14.56,True
1.06,0.015,1.01,0.1,0.1,0.5,0.5,6.99,-14.88,True
1.06,0.015,1.01,0.1,0.1,0.75,0.25,6.97,-15.21,True
1.06,0.015,1.01,0.1,0.1,1.0,0.0,6.94,-15.56,True
1.06,0.015,1.01,0.1,0.2,0.0,1.0,9.3,-20.25,True
1.06,0.015,1.01,0.1,0.2,0.25,0.75,9.29,-20.58,True
1.06,0.015,1.01,0.1,0.2,0.5,0.5,9.27,-20.91,True
1.06,0.015,1.01,0.1,0.2,0.75,0.25,9.25,-21.25,True
1.06,0.015,1.01,0.1,0.2,1.0,0.0,9.24,-21.58,True
1.06,0.015,1.01,0.1,0.3,0.0,1.0,10.87,-23.76,True
1.06,0.015,1.01,0.1,0.3,0.25,0.75,10.85,-24.02,True
1.06,0.015,1.01,0.1,0.3,0.5,0.5,10.84,-24.3,True
1.06,0.015,1.01,0.1,0.3,0.75,0.25,10.82,-24.59,True
1.06,0.015,1.01,0.1,0.3,1.0,0.0,10.8,-24.89,True
1.06,0.015,1.01,0.2,0.0,0.0,1.0,3.79,-19.82,True
1.06,0.015,1.01,0.2,0.0,0.25,0.75,3.74,-18.32,True
1.06,0.015,1.01,0.2,0.0,0.5,0.5,3.66,-16.81,True
1.06,0.015,1.01,0.2,0.0,0.75,0.25,3.57,-15.29,True
1.06,0.015,1.01,0.2,0.0,1.0,0.0,3.46,-13.76,True
1.06,0.015,1.01,0.2,0.1,0.0,1.0,7.69,-17.12,True
1.06,0.015,1.01,0.2,0.1,0.25,0.75,7.65,-15.66,True
1.06,0.015,1.01,0.2,0.1,0.5,0.5,7.61,-14.2,True
1.06,0.015,1.01,0.2,0.1,0.75,0.25,7.56,-13.56,True
1.06,0.015,1.01,0.2,0.1,1.0,0.0,7.5,-13.97,True
1.06,0.015,1.01,0.2,0.2,0.0,1.0,9.82,-18.58,True
1.06,0.015,1.01,0.2,0.2,0.25,0.75,9.78,-18.91,True
1.06,0.015,1.01,0.2,0.2,0.5,0.5,9.73,-19.28,True
1.06,0.015,1.01,0.2,0.2,0.75,0.25,9.68,-19.68,True
1.06,0.015,1.01,0.2,0.2,1.0,0.0,9.63,-20.12,True
1.06,0.015,1.01,0.2,0.3,0.0,1.0,11.23,-22.22,True
1.06,0.015,1.01,0.2,0.3,0.25,0.75,11.19,-22.52,True
1.06,0.015,1.01,0.2,0.3,0.5,0.5,11.15,-22.88,True
1.06,0.015,1.01,0.2,0.3,0.75,0.25,11.1,-23.29,True
1.06,0.015,1.01,0.2,0.3,1.0,0.0,11.05,-23.73,True
1.06,0.015,1.01,0.3,0.0,0.0,1.0,4.51,-22.99,True
1.06,0.015,1.01,0.3,0.0,0.25,0.75,4.44,-21.36,True
1.06,0.015,1.01,0.3,0.0,0.5,0.5,4.34,-19.72,True
1.06,0.015,1.01,0.3,0.0,0.75,0.25,4.22,-18.07,True
1.06,0.015,1.01,0.3,0.0,1.0,0.0,4.07,-16.42,True
1.06,0.015,1.01,0.3,0.1,0.0,1.0,8.19,-19.2,True
1.06,0.015,1.01,0.3,0.1,0.25,0.75,8.13,-17.66,True
1.06,0.015,1.01,0.3,0.1,0.5,0.5,8.06,-16.1,True
1.06,0.015,1.01,0.3,0.1,0.75,0.25,7.97,-14.53,True
1.06,0.015,1.01,0.3,0.1,1.0,0.0,7.88,-13.36,True
1.06,0.015,1.01,0.3,0.2,0.0,1.0,10.03,-18.25,True
1.06,0.015,1.01,0.3,0.2,0.25,0.75,9.98,-18.58,True
1.06,0.015,1.01,0.3,0.2,0.5,0.5,9.92,-18.95,True
1.06,0.015,1.01,0.3,0.2,0.75,0.25,9.85,-19.37,True
1.06,0.015,1.01,0.3,0.2,1.0,0.0,9.78,-19.84,True
1.06,0.015,1.01,0.3,0.3,0.0,1.0,11.24,-22.74,True
1.06,0.015,1.01,0.3,0.3,0.25,0.75,11.21,-23.0,True
1.06,0.015,1.01,0.3,0.3,0.5,0.5,11.17,-23.29,True
1.06,0.015,1.01,0.3,0.3,0.75,0.25,11.13,-23.62,True
1.06,0.015,1.01,0.3,0.3,1.0,0.0,11.08,-23.98,True
1.06,0.015,1.01,0.4,0.0,0.0,1.0,5.2,-23.89,True
1.06,0.015,1.01,0.4,0.0,0.25,0.75,5.1,-22.23,True
1.06,0.015,1.01,0.4,0.0,0.5,0.5,4.97,-20.56,True
1.06,0.015,1.01,0.4,0.0,0.75,0.25,4.81,-18.87,True
1.06,0.015,1.01,0.4,0.0,1.0,0.0,4.62,-17.18,True
1.06,0.015,1.01,0.4,0.1,0.0,1.0,8.37,-19.81,True
1.06,0.015,1.01,0.4,0.1,0.25,0.75,8.3,-18.24,True
1.06,0.015,1.01,0.4,0.1,0.5,0.5,8.22,-16.66,True
1.06,0.015,1.01,0.4,0.1,0.75,0.25,8.12,-15.07,True
1.06,0.015,1.01,0.4,0.1,1.0,0.0,8.01,-13.47,True
1.06,0.015,1.01,0.4,0.2,0.0,1.0,10.03,-18.81,True
1.06,0.015,1.01,0.4,0.2,0.25,0.75,9.98,-19.06,True
1.06,0.015,1.01,0.4,0.2,0.5,0.5,9.93,-19.36,True
1.06,0.015,1.01,0.4,0.2,0.75,0.25,9.87,-19.71,True
1.06,0.015,1.01,0.4,0.2,1.0,0.0,9.8,-20.11,True
1.06,0.015,1.01,0.4,0.3,0.0,1.0,11.24,-23.22,True
1.06,0.015,1.01,0.4,0.3,0.25,0.75,11.22,-23.37,True
1.06,0.015,1.01,0.4,0.3,0.5,0.5,11.18,-23.57,True
1.06,0.015,1.01,0.4,0.3,0.75,0.25,11.14,-23.82,True
1.06,0.015,1.01,0.4,0.3,1.0,0.0,11.09,-24.11,True
1.06,0.015,1.02,0.1,0.0,0.0,1.0,2.0,-15.74,True
1.06,0.015,1.02,0.1,0.0,0.25,0.75,1.98,-14.53,True
1.06,0.015,1.02,0.1,0.0,0.5,0.5,1.95,-13.23,True
1.06,0.015,1.02,0.1,0.0,0.75,0.25,1.91,-11.84,True
1.06,0.015,1.02,0.1,0.0,1.0,0.0,1.87,-10.33,True
1.06,0.015,1.02,0.1,0.1,0.0,1.0,6.68,-16.81,True
1.06,0.015,1.02,0.1,0.1,0.25,0.75,6.68,-16.97,True
1.06,0.015,1.02,0.1,0.1,0.5,0.5,6.68,-17.13,True
1.06,0.015,1.02,0.1,0.1,0.75,0.25,6.67,-17.3,True
1.06,0.015,1.02,0.1,0.1,1.0,0.0,6.66,-17.49,True
1.06,0.015,1.02,0.1,0.2,0.0,1.0,9.09,-22.66,True
1.06,0.015,1.02,0.1,0.2,0.25,0.75,9.08,-22.8,True
1.06,0.015,1.02,0.1,0.2,0.5,0.5,9.08,-22.95,True
1.06,0.015,1.02,0.1,0.2,0.75,0.25,9.07,-23.11,True
1.06,0.015,1.02,0.1,0.2,1.0,0.0,9.06,-23.28,True
1.06,0.015,1.02,0.1,0.3,0.0,1.0,10.7,-25.62,True
1.06,0.015,1.02,0.1,0.3,0.25,0.75,10.69,-25.74,True
1.06,0.015,1.02,0.1,0.3,0.5,0.5,10.69,-25.88,True
1.06,0.015,1.02,0.1,0.3,0.75,0.25,10.68,-26.04,True
1.06,0.015,1.02,0.1,0.3,1.0,0.0,10.66,-26.2,True
1.06,0.015,1.02,0.2,0.0,0.0,1.0,2.72,-17.1,True
1.06,0.015,1.02,0.2,0.0,0.25,0.75,2.71,-15.79,True
1.06,0.015,1.02,0.2,0.0,0.5,0.5,2.69,-14.39,True
1.06,0.015,1.02,0.2,0.0,0.75,0.25,2.66,-12.87,True
1.06,0.015,1.02,0.2,0.0,1.0,0.0,2.61,-11.21,True
1.06,0.015,1.02,0.2,0.1,0.0,1.0,7.3,-14.71,True
1.06,0.015,1.02,0.2,0.1,0.25,0.75,7.28,-14.9,True
1.06,0.015,1.02,0.2,0.1,0.5,0.5,7.25,-15.12,True
1.06,0.015,1.02,0.2,0.1,0.75,0.25,7.22,-15.37,True
1.06,0.015,1.02,0.2,0.1,1.0,0.0,7.18,-15.65,True
1.06,0.015,1.02,0.2,0.2,0.0,1.0,9.58,-20.43,True
1.06,0.015,1.02,0.2,0.2,0.25,0.75,9.55,-20.64,True
1.06,0.015,1.02,0.2,0.2,0.5,0.5,9.53,-20.87,True
1.06,0.015,1.02,0.2,0.2,0.75,0.25,9.5,-21.13,True
1.06,0.015,1.02,0.2,0.2,1.0,0.0,9.46,-21.42,True
1.06,0.015,1.02,0.2,0.3,0.0,1.0,11.04,-23.93,True
1.06,0.015,1.02,0.2,0.3,0.25,0.75,11.02,-24.14,True
1.06,0.015,1.02,0.2,0.3,0.5,0.5,10.99,-24.37,True
1.06,0.015,1.02,0.2,0.3,0.75,0.25,10.95,-24.63,True
1.06,0.015,1.02,0.2,0.3,1.0,0.0,10.92,-24.9,True
1.06,0.015,1.02,0.3,0.0,0.0,1.0,3.62,-18.74,True
1.06,0.015,1.02,0.3,0.0,0.25,0.75,3.58,-17.28,True
1.06,0.015,1.02,0.3,0.0,0.5,0.5,3.52,-15.72,True
1.06,0.015,1.02,0.3,0.0,0.75,0.25,3.45,-14.04,True
1.06,0.015,1.02,0.3,0.0,1.0,0.0,3.35,-12.23,True
1.06,0.015,1.02,0.3,0.1,0.0,1.0,7.83,-16.31,True
1.06,0.015,1.02,0.3,0.1,0.25,0.75,7.78,-14.84,True
1.06,0.015,1.02,0.3,0.1,0.5,0.5,7.72,-13.97,True
1.06,0.015,1.02,0.3,0.1,0.75,0.25,7.66,-14.25,True
1.06,0.015,1.02,0.3,0.1,1.0,0.0,7.59,-14.57,True
1.06,0.015,1.02,0.3,0.2,0.0,1.0,9.82,-19.8,True
1.06,0.015,1.02,0.3,0.2,0.25,0.75,9.78,-20.01,True
1.06,0.015,1.02,0.3,0.2,0.5,0.5,9.74,-20.26,True
1.06,0.015,1.02,0.3,0.2,0.75,0.25,9.69,-20.54,True
1.06,0.015,1.02,0.3,0.2,1.0,0.0,9.64,-20.86,True
1.06,0.015,1.02,0.3,0.3,0.0,1.0,11.19,-23.46,True
1.06,0.015,1.02,0.3,0.3,0.25,0.75,11.16,-23.65,True
1.06,0.015,1.02,0.3,0.3,0.5,0.5,11.12,-23.87,True
1.06,0.015,1.02,0.3,0.3,0.75,0.25,11.09,-24.11,True
1.06,0.015,1.02,0.3,0.3,1.0,0.0,11.04,-24.39,True
1.06,0.015,1.02,0.4,0.0,0.0,1.0,4.48,-20.63,True
1.06,0.015,1.02,0.4,0.0,0.25,0.75,4.4,-18.99,True
1.06,0.015,1.02,0.4,0.0,0.5,0.5,4.3,-17.27,True
1.06,0.015,1.02,0.4,0.0,0.75,0.25,4.17,-15.44,True
1.06,0.015,1.02,0.4,0.0,1.0,0.0,4.03,-13.47,True
1.06,0.015,1.02,0.4,0.1,0.0,1.0,8.11,-18.42,True
1.06,0.015,1.02,0.4,0.1,0.25,0.75,8.05,-16.76,True
1.06,0.015,1.02,0.4,0.1,0.5,0.5,7.99,-15.02,True
1.06,0.015,1.02,0.4,0.1,0.75,0.25,7.9,-13.77,True
1.06,0.015,1.02,0.4,0.1,1.0,0.0,7.81,-14.11,True
1.06,0.015,1.02,0.4,0.2,0.0,1.0,10.01,-19.28,True
1.06,0.015,1.02,0.4,0.2,0.25,0.75,9.96,-19.51,True
1.06,0.015,1.02,0.4,0.2,0.5,0.5,9.91,-19.77,True
1.06,0.015,1.02,0.4,0.2,0.75,0.25,9.84,-20.07,True
1.06,0.015,1.02,0.4,0.2,1.0,0.0,9.77,-20.41,True
1.06,0.015,1.02,0.4,0.3,0.0,1.0,11.3,-23.11,True
1.06,0.015,1.02,0.4,0.3,0.25,0.75,11.27,-23.29,True
1.06,0.015,1.02,0.4,0.3,0.5,0.5,11.22,-23.51,True
1.06,0.015,1.02,0.4,0.3,0.75,0.25,11.17,-23.76,True
1.06,0.015,1.02,0.4,0.3,1.0,0.0,11.12,-24.05,True
1.06,0.02,0.95,0.1,0.0,0.0,1.0,4.34,-27.68,True
1.06,0.02,0.95,0.1,0.0,0.25,0.75,4.24,-26.08,True
1.06,0.02,0.95,0.1,0.0,0.5,0.5,4.11,-24.21,True
1.06,0.02,0.95,0.1,0.0,0.75,0.25,3.97,-21.99,True
1.06,0.02,0.95,0.1,0.0,1.0,0.0,3.8,-19.3,True
1.06,0.02,0.95,0.1,0.1,0.0,1.0,7.43,-28.86,True
1.06,0.02,0.95,0.1,0.1,0.25,0.75,7.39,-27.74,True
1.06,0.02,0.95,0.1,0.1,0.5,0.5,7.34,-26.47,True
1.06,0.02,0.95,0.1,0.1,0.75,0.25,7.28,-25.02,True
1.06,0.02,0.95,0.1,0.1,1.0,0.0,7.21,-23.34,True
1.06,0.02,0.95,0.1,0.2,0.0,1.0,9.45,-29.63,True
1.06,0.02,0.95,0.1,0.2,0.25,0.75,9.42,-28.79,True
1.06,0.02,0.95,0.1,0.2,0.5,0.5,9.38,-27.86,True
1.06,0.02,0.95,0.1,0.2,0.75,0.25,9.33,-26.81,True
1.06,0.02,0.95,0.1,0.2,1.0,0.0,9.27,-25.65,True
1.06,0.02,0.95,0.1,0.3,0.0,1.0,10.81,-30.24,True
1.06,0.02,0.95,0.1,0.3,0.25,0.75,10.79,-29.59,True
1.06,0.02,0.95,0.1,0.3,0.5,0.5,10.75,-28.89,True
1.06,0.02,0.95,0.1,0.3,0.75,0.25,10.71,-28.12,True
1.06,0.02,0.95,0.1,0.3,1.0,0.0,10.67,-27.29,True
1.06,0.02,0.95,0.2,0.0,0.0,1.0,6.01,-27.68,True
1.06,0.02,0.95,0.2,0.0,0.25,0.75,5.92,-26.14,True
1.06,0.02,0.95,0.2,0.0,0.5,0.5,5.78,-24.3,True
1.06,0.02,0.95,0.2,0.0,0.75,0.25,5.61,-22.07,True
1.06,0.02,0.95,0.2,0.0,1.0,0.0,5.39,-19.3,True
1.06,0.02,0.95,0.2,0.1,0.0,1.0,8.5,-28.56,True
1.06,0.02,0.95,0.2,0.1,0.25,0.75,8.44,-27.38,True
1.06,0.02,0.95,0.2,0.1,0.5,0.5,8.35,-26.02,True
1.06,0.02,0.95,0.2,0.1,0.75,0.25,8.25,-24.43,True
1.06,0.02,0.95,0.2,0.1,1.0,0.0,8.12,-22.56,True
1.06,0.02,0.95,0.2,0.2,0.0,1.0,10.08,-29.2,True
1.06,0.02,0.95,0.2,0.2,0.25,0.75,10.04,-28.26,True
1.06,0.02,0.95,0.2,0.2,0.5,0.5,9.98,-27.2,True
1.06,0.02,0.95,0.2,0.2,0.75,0.25,9.9,-26.01,True
1.06,0.02,0.95,0.2,0.2,1.0,0.0,9.82,-24.66,True
1.06,0.02,0.95,0.2,0.3,0.0,1.0,11.26,-29.74,True
1.06,0.02,0.95,0.2,0.3,0.25,0.75,11.23,-28.98,True
1.06,0.02,0.95,0.2,0.3,0.5,0.5,11.2,-28.15,True
1.06,0.02,0.95,0.2,0.3,0.75,0.25,11.16,-27.24,True
1.06,0.02,0.95,0.2,0.3,1.0,0.0,11.1,-26.25,True
1.06,0.02,0.95,0.3,0.0,0.0,1.0,6.52,-27.68,True
1.06,0.02,0.95,0.3,0.0,0.25,0.75,6.46,-26.16,True
1.06,0.02,0.95,0.3,0.0,0.5,0.5,6.34,-24.33,True
1.06,0.02,0.95,0.3,0.0,0.75,0.25,6.18,-22.1,True
1.06,0.02,0.95,0.3,0.0,1.0,0.0,5.96,-19.3,True
1.06,0.02,0.95,0.3,0.1,0.0,1.0,8.63,-28.43,True
1.06,0.02,0.95,0.3,0.1,0.25,0.75,8.6,-27.22,True
1.06,0.02,0.95,0.3,0.1,0.5,0.5,8.54,-25.82,True
1.06,0.02,0.95,0.3,0.1,0.75,0.25,8.45,-24.16,True
1.06,0.02,0.95,0.3,0.1,1.0,0.0,8.32,-22.19,True
1.06,0.02,0.95,0.3,0.2,0.0,1.0,10.26,-29.0,True
1.06,0.02,0.95,0.3,0.2,0.25,0.75,10.23,-28.02,True
1.06,0.02,0.95,0.3,0.2,0.5,0.5,10.18,-26.9,True
1.06,0.02,0.95,0.3,0.2,0.75,0.25,10.11,-25.63,True
1.06,0.02,0.95,0.3,0.2,1.0,0.0,10.02,-24.18,True
1.06,0.02,0.95,0.3,0.3,0.0,1.0,11.45,-29.51,True
1.06,0.02,0.95,0.3,0.3,0.25,0.75,11.44,-28.69,True
1.06,0.02,0.95,0.3,0.3,0.5,0.5,11.4,-27.79,True
1.06,0.02,0.95,0.3,0.3,0.75,0.25,11.35,-26.8,True
1.06,0.02,0.95,0.3,0.3,1.0,0.0,11.28,-25.72,True
1.06,0.02,0.95,0.4,0.0,0.0,1.0,6.73,-27.68,True
1.06,0.02,0.95,0.4,0.0,0.25,0.75,6.68,-26.17,True
1.06,0.02,0.95,0.4,0.0,0.5,0.5,6.58,-24.35,True
1.06,0.02,0.95,0.4,0.0,0.75,0.25,6.42,-22.12,True
1.06,0.02,0.95,0.4,0.0,1.0,0.0,6.2,-19.3,True
1.06,0.02,0.95,0.4,0.1,0.0,1.0,8.95,-28.33,True
1.06,0.02,0.95,0.4,0.1,0.25,0.75,8.92,-27.1,True
1.06,0.02,0.95,0.4,0.1,0.5,0.5,8.86,-25.65,True
1.06,0.02,0.95,0.4,0.1,0.75,0.25,8.75,-23.95,True
1.06,0.02,0.95,0.4,0.1,1.0,0.0,8.62,-21.9,True
1.06,0.02,0.95,0.4,0.2,0.0,1.0,10.45,-28.9,True
1.06,0.02,0.95,0.4,0.2,0.25,0.75,10.43,-27.88,True
1.06,0.02,0.95,0.4,0.2,0.5,0.5,10.38,-26.72,True
1.06,0.02,0.95,0.4,0.2,0.75,0.25,10.31,-25.39,True
1.06,0.02,0.95,0.4,0.2,1.0,0.0,10.21,-23.87,True
1.06,0.02,0.95,0.4,0.3,0.0,1.0,11.6,-29.39,True
1.06,0.02,0.95,0.4,0.3,0.25,0.75,11.57,-28.55,True
1.06,0.02,0.95,0.4,0.3,0.5,0.5,11.53,-27.61,True
1.06,0.02,0.95,0.4,0.3,0.75,0.25,11.46,-26.58,True
1.06,0.02,0.95,0.4,0.3,1.0,0.0,11.38,-25.44,True
1.06,0.02,0.97,0.1,0.0,0.0,1.0,4.22,-22.06,True
1.06,0.02,0.97,0.1,0.0,0.25,0.75,4.07,-20.74,True
1.06,0.02,0.97,0.1,0.0,0.5,0.5,3.91,-19.2,True
1.06,0.02,0.97,0.1,0.0,0.75,0.25,3.73,-17.37,True
1.06,0.02,0.97,0.1,0.0,1.0,0.0,3.52,-15.15,True
1.06,0.02,0.97,0.1,0.1,0.0,1.0,7.16,-25.04,True
1.06,0.02,0.97,0.1,0.1,0.25,0.75,7.1,-24.28,True
1.06,0.02,0.97,0.1,0.1,0.5,0.5,7.04,-23.42,True
1.06,0.02,0.97,0.1,0.1,0.75,0.25,6.97,-22.43,True
1.06,0.02,0.97,0.1,0.1,1.0,0.0,6.88,-21.28,True
1.06,0.02,0.97,0.1,0.2,0.0,1.0,9.06,-26.94,True
1.06,0.02,0.97,0.1,0.2,0.25,0.75,9.04,-26.45,True
1.06,0.02,0.97,0.1,0.2,0.5,0.5,9.01,-25.9,True
1.06,0.02,0.97,0.1,0.2,0.75,0.25,8.97,-25.29,True
1.06,0.02,0.97,0.1,0.2,1.0,0.0,8.94,-24.6,True
1.06,0.02,0.97,0.1,0.3,0.0,1.0,10.53,-28.35,True
1.06,0.02,0.97,0.1,0.3,0.25,0.75,10.51,-28.01,True
1.06,0.02,0.97,0.1,0.3,0.5,0.5,10.5,-27.64,True
1.06,0.02,0.97,0.1,0.3,0.75,0.25,10.48,-27.23,True
1.06,0.02,0.97,0.1,0.3,1.0,0.0,10.45,-26.79,True
1.06,0.02,0.97,0.2,0.0,0.0,1.0,4.26,-22.06,True
1.06,0.02,0.97,0.2,0.0,0.25,0.75,4.22,-20.79,True
1.06,0.02,0.97,0.2,0.0,0.5,0.5,4.16,-19.27,True
1.06,0.02,0.97,0.2,0.0,0.75,0.25,4.05,-17.43,True
1.06,0.02,0.97,0.2,0.0,1.0,0.0,3.91,-15.15,True
1.06,0.02,0.97,0.2,0.1,0.0,1.0,7.14,-24.84,True
1.06,0.02,0.97,0.2,0.1,0.25,0.75,7.17,-24.05,True
1.06,0.02,0.97,0.2,0.1,0.5,0.5,7.18,-23.15,True
1.06,0.02,0.97,0.2,0.1,0.75,0.25,7.17,-22.1,True
1.06,0.02,0.97,0.2,0.1,1.0,0.0,7.14,-20.88,True
1.06,0.02,0.97,0.2,0.2,0.0,1.0,9.13,-26.79,True
1.06,0.02,0.97,0.2,0.2,0.25,0.75,9.16,-26.25,True
1.06,0.02,0.97,0.2,0.2,0.5,0.5,9.18,-25.66,True
1.06,0.02,0.97,0.2,0.2,0.75,0.25,9.18,-24.99,True
1.06,0.02,0.97,0.2,0.2,1.0,0.0,9.18,-24.24,True
1.06,0.02,0.97,0.2,0.3,0.0,1.0,10.57,-28.34,True
1.06,0.02,0.97,0.2,0.3,0.25,0.75,10.59,-27.97,True
1.06,0.02,0.97,0.2,0.3,0.5,0.5,10.61,-27.57,True
1.06,0.02,0.97,0.2,0.3,0.75,0.25,10.62,-27.12,True
1.06,0.02,0.97,0.2,0.3,1.0,0.0,10.62,-26.63,True
1.06,0.02,0.97,0.3,0.0,0.0,1.0,3.21,-24.06,True
1.06,0.02,0.97,0.3,0.0,0.25,0.75,3.35,-22.09,True
1.06,0.02,0.97,0.3,0.0,0.5,0.5,3.45,-20.13,True
1.06,0.02,0.97,0.3,0.0,0.75,0.25,3.49,-18.16,True
1.06,0.02,0.97,0.3,0.0,1.0,0.0,3.48,-16.19,True
1.06,0.02,0.97,0.3,0.1,0.0,1.0,6.88,-24.98,True
1.06,0.02,0.97,0.3,0.1,0.25,0.75,6.95,-24.19,True
1.06,0.02,0.97,0.3,0.1,0.5,0.5,7.01,-23.27,True
1.06,0.02,0.97,0.3,0.1,0.75,0.25,7.04,-22.2,True
1.06,0.02,0.97,0.3,0.1,1.0,0.0,7.05,-20.92,True
1.06,0.02,0.97,0.3,0.2,0.0,1.0,9.07,-26.97,True
1.06,0.02,0.97,0.3,0.2,0.25,0.75,9.11,-26.44,True
1.06,0.02,0.97,0.3,0.2,0.5,0.5,9.14,-25.83,True
1.06,0.02,0.97,0.3,0.2,0.75,0.25,9.16,-25.15,True
1.06,0.02,0.97,0.3,0.2,1.0,0.0,9.17,-24.37,True
1.06,0.02,0.97,0.3,0.3,0.0,1.0,10.54,-28.39,True
1.06,0.02,0.97,0.3,0.3,0.25,0.75,10.57,-28.0,True
1.06,0.02,0.97,0.3,0.3,0.5,0.5,10.59,-27.58,True
1.06,0.02,0.97,0.3,0.3,0.75,0.25,10.61,-27.12,True
1.06,0.02,0.97,0.3,0.3,1.0,0.0,10.61,-26.61,True
1.06,0.02,0.97,0.4,0.0,0.0,1.0,2.63,-26.55,True
1.06,0.02,0.97,0.4,0.0,0.25,0.75,2.85,-24.38,True
1.06,0.02,0.97,0.4,0.0,0.5,0.5,3.02,-22.21,True
1.06,0.02,0.97,0.4,0.0,0.75,0.25,3.13,-20.04,True
1.06,0.02,0.97,0.4,0.0,1.0,0.0,3.19,-17.86,True
1.06,0.02,0.97,0.4,0.1,0.0,1.0,6.87,-25.04,True
1.06,0.02,0.97,0.4,0.1,0.25,0.75,6.95,-24.25,True
1.06,0.02,0.97,0.4,0.1,0.5,0.5,7.01,-23.33,True
1.06,0.02,0.97,0.4,0.1,0.75,0.25,7.05,-22.25,True
1.06,0.02,0.97,0.4,0.1,1.0,0.0,7.06,-20.96,True
1.06,0.02,0.97,0.4,0.2,0.0,1.0,9.08,-26.9,True
1.06,0.02,0.97,0.4,0.2,0.25,0.75,9.13,-26.35,True
1.06,0.02,0.97,0.4,0.2,0.5,0.5,9.17,-25.73,True
1.06,0.02,0.97,0.4,0.2,0.75,0.25,9.19,-25.03,True
1.06,0.02,0.97,0.4,0.2,1.0,0.0,9.19,-24.22,True
1.06,0.02,0.97,0.4,0.3,0.0,1.0,10.56,-28.28,True
1.06,0.02,0.97,0.4,0.3,0.25,0.75,10.6,-27.89,True
1.06,0.02,0.97,0.4,0.3,0.5,0.5,10.62,-27.46,True
1.06,0.02,0.97,0.4,0.3,0.75,0.25,10.63,-26.98,True
1.06,0.02,0.97,0.4,0.3,1.0,0.0,10.64,-26.46,True
1.06,0.02,0.99,0.1,0.0,0.0,1.0,2.57,-24.92,True
1.06,0.02,0.99,0.1,0.0,0.25,0.75,2.49,-23.06,True
1.06,0.02,0.99,0.1,0.0,0.5,0.5,2.4,-21.07,True
1.06,0.02,0.99,0.1,0.0,0.75,0.25,2.31,-18.93,True
1.06,0.02,0.99,0.1,0.0,1.0,0.0,2.21,-16.64,True
1.06,0.02,0.99,0.1,0.1,0.0,1.0,6.69,-22.32,True
1.06,0.02,0.99,0.1,0.1,0.25,0.75,6.65,-20.46,True
1.06,0.02,0.99,0.1,0.1,0.5,0.5,6.6,-18.49,True
1.06,0.02,0.99,0.1,0.1,0.75,0.25,6.55,-16.56,True
1.06,0.02,0.99,0.1,0.1,1.0,0.0,6.5,-16.69,True
1.06,0.02,0.99,0.1,0.2,0.0,1.0,8.95,-21.81,True
1.06,0.02,0.99,0.1,0.2,0.25,0.75,8.94,-22.03,True
1.06,0.02,0.99,0.1,0.2,0.5,0.5,8.9,-22.18,True
1.06,0.02,0.99,0.1,0.2,0.75,0.25,8.86,-22.35,True
1.06,0.02,0.99,0.1,0.2,1.0,0.0,8.81,-22.53,True
1.06,0.02,0.99,0.1,0.3,0.0,1.0,10.44,-25.48,True
1.06,0.02,0.99,0.1,0.3,0.25,0.75,10.44,-25.66,True
1.06,0.02,0.99,0.1,0.3,0.5,0.5,10.43,-25.86,True
1.06,0.02,0.99,0.1,0.3,0.75,0.25,10.41,-26.02,True
1.06,0.02,0.99,0.1,0.3,1.0,0.0,10.38,-26.15,True
1.06,0.02,0.99,0.2,0.0,0.0,1.0,3.35,-29.01,True
1.06,0.02,0.99,0.2,0.0,0.25,0.75,3.29,-27.01,True
1.06,0.02,0.99,0.2,0.0,0.5,0.5,3.21,-24.85,True
1.06,0.02,0.99,0.2,0.0,0.75,0.25,3.12,-22.49,True
1.06,0.02,0.99,0.2,0.0,1.0,0.0,3.02,-19.91,True
1.06,0.02,0.99,0.2,0.1,0.0,1.0,6.8,-25.99,True
1.06,0.02,0.99,0.2,0.1,0.25,0.75,6.8,-23.99,True
1.06,0.02,0.99,0.2,0.1,0.5,0.5,6.8,-21.83,True
1.06,0.02,0.99,0.2,0.1,0.75,0.25,6.79,-19.49,True
1.06,0.02,0.99,0.2,0.1,1.0,0.0,6.77,-16.94,True
1.06,0.02,0.99,0.2,0.2,0.0,1.0,8.92,-23.33,True
1.06,0.02,0.99,0.2,0.2,0.25,0.75,8.93,-23.32,True
1.06,0.02,0.99,0.2,0.2,0.5,0.5,8.94,-23.35,True
1.06,0.02,0.99,0.2,0.2,0.75,0.25,8.94,-23.4,True
1.06,0.02,0.99,0.2,0.2,1.0,0.0,8.94,-23.44,True
1.06,0.02,0.99,0.2,0.3,0.0,1.0,10.38,-27.35,True
1.06,0.02,0.99,0.2,0.3,0.25,0.75,10.4,-27.23,True
1.06,0.02,0.99,0.2,0.3,0.5,0.5,10.42,-27.13,True
1.06,0.02,0.99,0.2,0.3,0.75,0.25,10.43,-27.06,True
1.06,0.02,0.99,0.2,0.3,1.0,0.0,10.44,-27.01,True
1.06,0.02,0.99,0.3,0.0,0.0,1.0,2.41,-32.08,True
1.06,0.02,0.99,0.3,0.0,0.25,0.75,2.48,-29.91,True
1.06,0.02,0.99,0.3,0.0,0.5,0.5,2.53,-27.56,True
1.06,0.02,0.99,0.3,0.0,0.75,0.25,2.56,-25.0,True
1.06,0.02,0.99,0.3,0.0,1.0,0.0,2.56,-22.21,True
1.06,0.02,0.99,0.3,0.1,0.0,1.0,6.45,-28.86,True
1.06,0.02,0.99,0.3,0.1,0.25,0.75,6.49,-26.71,True
1.06,0.02,0.99,0.3,0.1,0.5,0.5,6.54,-24.38,True
1.06,0.02,0.99,0.3,0.1,0.75,0.25,6.57,-21.87,True
1.06,0.02,0.99,0.3,0.1,1.0,0.0,6.6,-19.15,True
1.06,0.02,0.99,0.3,0.2,0.0,1.0,8.78,-25.59,True
1.06,0.02,0.99,0.3,0.2,0.25,0.75,8.81,-25.3,True
1.06,0.02,0.99,0.3,0.2,0.5,0.5,8.84,-25.04,True
1.06,0.02,0.99,0.3,0.2,0.75,0.25,8.86,-24.82,True
1.06,0.02,0.99,0.3,0.2,1.0,0.0,8.88,-24.64,True
1.06,0.02,0.99,0.3,0.3,0.0,1.0,10.35,-28.46,True
1.06,0.02,0.99,0.3,0.3,0.25,0.75,10.37,-28.18,True
1.06,0.02,0.99,0.3,0.3,0.5,0.5,10.39,-27.92,True
1.06,0.02,0.99,0.3,0.3,0.75,0.25,10.41,-27.7,True
1.06,0.02,0.99,0.3,0.3,1.0,0.0,10.42,-27.51,True
1.06,0.02,0.99,0.4,0.0,0.0,1.0,1.46,-35.14,True
1.06,0.02,0.99,0.4,0.0,0.25,0.75,1.63,-32.78,True
1.06,0.02,0.99,0.4,0.0,0.5,0.5,1.78,-30.24,True
1.06,0.02,0.99,0.4,0.0,0.75,0.25,1.91,-27.5,True
1.06,0.02,0.99,0.4,0.0,1.0,0.0,2.01,-24.51,True
1.06,0.02,0.99,0.4,0.1,0.0,1.0,6.38,-31.95,True
1.06,0.02,0.99,0.4,0.1,0.25,0.75,6.44,-29.61,True
1.06,0.02,0.99,0.4,0.1,0.5,0.5,6.5,-27.09,True
1.06,0.02,0.99,0.4,0.1,0.75,0.25,6.55,-24.39,True
1.06,0.02,0.99,0.4,0.1,1.0,0.0,6.59,-21.47,True
1.06,0.02,0.99,0.4,0.2,0.0,1.0,8.77,-28.27,True
1.06,0.02,0.99,0.4,0.2,0.25,0.75,8.81,-26.15,True
1.06,0.02,0.99,0.4,0.2,0.5,0.5,8.84,-25.75,True
1.06,0.02,0.99,0.4,0.2,0.75,0.25,8.87,-25.38,True
1.06,0.02,0.99,0.4,0.2,1.0,0.0,8.89,-25.06,True
1.06,0.02,0.99,0.4,0.3,0.0,1.0,10.37,-28.34,True
1.06,0.02,0.99,0.4,0.3,0.25,0.75,10.39,-28.05,True
1.06,0.02,0.99,0.4,0.3,0.5,0.5,10.41,-27.79,True
1.06,0.02,0.99,0.4,0.3,0.75,0.25,10.43,-27.57,True
1.06,0.02,0.99,0.4,0.3,1.0,0.0,10.44,-27.39,True
1.06,0.02,1.0,0.1,0.0,0.0,1.0,1.05,-24.92,True
1.06,0.02,1.0,0.1,0.0,0.25,0.75,1.07,-23.06,True
1.06,0.02,1.0,0.1,0.0,0.5,0.5,1.08,-21.07,True
1.06,0.02,1.0,0.1,0.0,0.75,0.25,1.1,-18.93,True
1.06,0.02,1.0,0.1,0.0,1.0,0.0,1.11,-16.64,True
1.06,0.02,1.0,0.1,0.1,0.0,1.0,5.99,-22.34,True
1.06,0.02,1.0,0.1,0.1,0.25,0.75,5.99,-20.49,True
1.06,0.02,1.0,0.1,0.1,0.5,0.5,6.0,-18.85,True
1.06,0.02,1.0,0.1,0.1,0.75,0.25,6.0,-18.76,True
1.06,0.02,1.0,0.1,0.1,1.0,0.0,6.0,-18.68,True
1.06,0.02,1.0,0.1,0.2,0.0,1.0,8.56,-24.63,True
1.06,0.02,1.0,0.1,0.2,0.25,0.75,8.58,-24.62,True
1.06,0.02,1.0,0.1,0.2,0.5,0.5,8.57,-24.54,True
1.06,0.02,1.0,0.1,0.2,0.75,0.25,8.55,-24.48,True
1.06,0.02,1.0,0.1,0.2,1.0,0.0,8.54,-24.42,True
1.06,0.02,1.0,0.1,0.3,0.0,1.0,10.23,-27.64,True
1.06,0.02,1.0,0.1,0.3,0.25,0.75,10.24,-27.62,True
1.06,0.02,1.0,0.1,0.3,0.5,0.5,10.25,-27.61,True
1.06,0.02,1.0,0.1,0.3,0.75,0.25,10.25,-27.57,True
1.06,0.02,1.0,0.1,0.3,1.0,0.0,10.23,-27.5,True
1.06,0.02,1.0,0.2,0.0,0.0,1.0,1.43,-29.01,True
1.06,0.02,1.0,0.2,0.0,0.25,0.75,1.49,-27.01,True
1.06,0.02,1.0,0.2,0.0,0.5,0.5,1.54,-24.85,True
1.06,0.02,1.0,0.2,0.0,0.75,0.25,1.59,-22.49,True
1.06,0.02,1.0,0.2,0.0,1.0,0.0,1.62,-19.91,True
1.06,0.02,1.0,0.2,0.1,0.0,1.0,6.16,-26.06,True
1.06,0.02,1.0,0.2,0.1,0.25,0.75,6.21,-24.05,True
1.06,0.02,1.0,0.2,0.1,0.5,0.5,6.25,-21.89,True
1.06,0.02,1.0,0.2,0.1,0.75,0.25,6.28,-19.54,True
1.06,0.02,1.0,0.2,0.1,1.0,0.0,6.32,-18.64,True
1.06,0.02,1.0,0.2,0.2,0.0,1.0,8.64,-25.1,True
1.06,0.02,1.0,0.2,0.2,0.25,0.75,8.67,-24.94,True
1.06,0.02,1.0,0.2,0.2,0.5,0.5,8.69,-24.79,True
1.06,0.02,1.0,0.2,0.2,0.75,0.25,8.72,-24.67,True
1.06,0.02,1.0,0.2,0.2,1.0,0.0,8.74,-24.56,True
1.06,0.02,1.0,0.2,0.3,0.0,1.0,10.23,-28.47,True
1.06,0.02,1.0,0.2,0.3,0.25,0.75,10.25,-28.29,True
1.06,0.02,1.0,0.2,0.3,0.5,0.5,10.27,-28.13,True
1.06,0.02,1.0,0.2,0.3,0.75,0.25,10.29,-27.99,True
1.06,0.02,1.0,0.2,0.3,1.0,0.0,10.31,-27.85,True
1.06,0.02,1.0,0.3,0.0,0.0,1.0,0.65,-32.08,True
1.06,0.02,1.0,0.3,0.0,0.25,0.75,0.83,-29.91,True
1.06,0.02,1.0,0.3,0.0,0.5,0.5,0.99,-27.56,True
1.06,0.02,1.0,0.3,0.0,0.75,0.25,1.14,-25.0,True
1.06,0.02,1.0,0.3,0.0,1.0,0.0,1.27,-22.21,True
1.06,0.02,1.0,0.3,0.1,0.0,1.0,6.04,-28.97,True
1.06,0.02,1.0,0.3,0.1,0.25,0.75,6.1,-26.8,True
1.06,0.02,1.0,0.3,0.1,0.5,0.5,6.16,-24.47,True
1.06,0.02,1.0,0.3,0.1,0.75,0.25,6.21,-21.95,True
1.06,0.02,1.0,0.3,0.1,1.0,0.0,6.26,-19.96,True
1.06,0.02,1.0,0.3,0.2,0.0,1.0,8.56,-26.76,True
1.06,0.02,1.0,0.3,0.2,0.25,0.75,8.6,-26.43,True
1.06,0.02,1.0,0.3,0.2,0.5,0.5,8.63,-26.11,True
1.06,0.02,1.0,0.3,0.2,0.75,0.25,8.67,-25.82,True
1.06,0.02,1.0,0.3,0.2,1.0,0.0,8.7,-25.55,True
1.06,0.02,1.0,0.3,0.3,0.0,1.0,10.23,-28.89,True
1.06,0.02,1.0,0.3,0.3,0.25,0.75,10.25,-28.64,True
1.06,0.02,1.0,0.3,0.3,0.5,0.5,10.27,-28.41,True
1.06,0.02,1.0,0.3,0.3,0.75,0.25,10.29,-28.19,True
1.06,0.02,1.0,0.3,0.3,1.0,0.0,10.31,-28.0,True
1.06,0.02,1.0,0.4,0.0,0.0,1.0,-0.08,-35.14,True
1.06,0.02,1.0,0.4,0.0,0.25,0.75,0.18,-32.78,True
1.06,0.02,1.0,0.4,0.0,0.5,0.5,0.43,-30.24,True
1.06,0.02,1.0,0.4,0.0,0.75,0.25,0.65,-27.5,True
1.06,0.02,1.0,0.4,0.0,1.0,0.0,0.86,-24.51,True
1.06,0.02,1.0,0.4,0.1,0.0,1.0,5.98,-32.09,True
1.06,0.02,1.0,0.4,0.1,0.25,0.75,6.06,-29.74,True
1.06,0.02,1.0,0.4,0.1,0.5,0.5,6.13,-27.21,True
1.06,0.02,1.0,0.4,0.1,0.75,0.25,6.19,-24.49,True
1.06,0.02,1.0,0.4,0.1,1.0,0.0,6.26,-21.54,True
1.06,0.02,1.0,0.4,0.2,0.0,1.0,8.58,-28.73,True
1.06,0.02,1.0,0.4,0.2,0.25,0.75,8.61,-26.61,True
1.06,0.02,1.0,0.4,0.2,0.5,0.5,8.65,-26.23,True
1.06,0.02,1.0,0.4,0.2,0.75,0.25,8.69,-25.88,True
1.06,0.02,1.0,0.4,0.2,1.0,0.0,8.72,-25.56,True
1.06,0.02,1.0,0.4,0.3,0.0,1.0,10.24,-28.8,True
1.06,0.02,1.0,0.4,0.3,0.25,0.75,10.26,-28.55,True
1.06,0.02,1.0,0.4,0.3,0.5,0.5,10.28,-28.3,True
1.06,0.02,1.0,0.4,0.3,0.75,0.25,10.3,-28.08,True
1.06,0.02,1.0,0.4,0.3,1.0,0.0,10.32,-27.88,True
1.06,0.02,1.01,0.1,0.0,0.0,1.0,2.3,-19.7,True
1.06,0.02,1.01,0.1,0.0,0.25,0.75,2.22,-18.14,True
1.06,0.02,1.01,0.1,0.0,0.5,0.5,2.13,-16.47,True
1.06,0.02,1.01,0.1,0.0,0.75,0.25,2.04,-14.68,True
1.06,0.02,1.01,0.1,0.0,1.0,0.0,1.94,-12.77,True
1.06,0.02,1.01,0.1,0.1,0.0,1.0,6.62,-17.66,True
1.06,0.02,1.01,0.1,0.1,0.25,0.75,6.6,-16.05,True
1.06,0.02,1.01,0.1,0.1,0.5,0.5,6.57,-15.91,True
1.06,0.02,1.01,0.1,0.1,0.75,0.25,6.51,-16.1,True
1.06,0.02,1.01,0.1,0.1,1.0,0.0,6.45,-16.3,True
1.06,0.02,1.01,0.1,0.2,0.0,1.0,8.89,-21.03,True
1.06,0.02,1.01,0.1,0.2,0.25,0.75,8.89,-21.3,True
1.06,0.02,1.01,0.1,0.2,0.5,0.5,8.88,-21.59,True
1.06,0.02,1.01,0.1,0.2,0.75,0.25,8.88,-21.89,True
1.06,0.02,1.01,0.1,0.2,1.0,0.0,8.83,-22.11,True
1.06,0.02,1.01,0.1,0.3,0.0,1.0,10.45,-24.21,True
1.06,0.02,1.01,0.1,0.3,0.25,0.75,10.44,-24.48,True
1.06,0.02,1.01,0.1,0.3,0.5,0.5,10.44,-24.76,True
1.06,0.02,1.01,0.1,0.3,0.75,0.25,10.44,-25.04,True
1.06,0.02,1.01,0.1,0.3,1.0,0.0,10.43,-25.32,True
1.06,0.02,1.01,0.2,0.0,0.0,1.0,3.4,-23.02,True
1.06,0.02,1.01,0.2,0.0,0.25,0.75,3.3,-21.35,True
1.06,0.02,1.01,0.2,0.0,0.5,0.5,3.18,-19.54,True
1.06,0.02,1.01,0.2,0.0,0.75,0.25,3.06,-17.57,True
1.06,0.02,1.01,0.2,0.0,1.0,0.0,2.92,-15.41,True
1.06,0.02,1.01,0.2,0.1,0.0,1.0,7.01,-20.61,True
1.06,0.02,1.01,0.2,0.1,0.25,0.75,6.98,-18.91,True
1.06,0.02,1.01,0.2,0.1,0.5,0.5,6.95,-17.07,True
1.06,0.02,1.01,0.2,0.1,0.75,0.25,6.91,-15.08,True
1.06,0.02,1.01,0.2,0.1,1.0,0.0,6.87,-14.23,True
1.06,0.02,1.01,0.2,0.2,0.0,1.0,9.1,-18.79,True
1.06,0.02,1.01,0.2,0.2,0.25,0.75,9.09,-19.16,True
1.06,0.02,1.01,0.2,0.2,0.5,0.5,9.08,-19.56,True
1.06,0.02,1.01,0.2,0.2,0.75,0.25,9.07,-19.98,True
1.06,0.02,1.01,0.2,0.2,1.0,0.0,9.06,-20.43,True
1.06,0.02,1.01,0.2,0.3,0.0,1.0,10.56,-22.83,True
1.06,0.02,1.01,0.2,0.3,0.25,0.75,10.56,-23.18,True
1.06,0.02,1.01,0.2,0.3,0.5,0.5,10.55,-23.53,True
1.06,0.02,1.01,0.2,0.3,0.75,0.25,10.54,-23.9,True
1.06,0.02,1.01,0.2,0.3,1.0,0.0,10.53,-24.28,True
1.06,0.02,1.01,0.3,0.0,0.0,1.0,3.22,-25.26,True
1.06,0.02,1.01,0.3,0.0,0.25,0.75,3.17,-23.45,True
1.06,0.02,1.01,0.3,0.0,0.5,0.5,3.12,-21.49,True
1.06,0.02,1.01,0.3,0.0,0.75,0.25,3.05,-19.36,True
1.06,0.02,1.01,0.3,0.0,1.0,0.0,2.96,-17.04,True
1.06,0.02,1.01,0.3,0.1,0.0,1.0,6.89,-22.78,True
1.06,0.02,1.01,0.3,0.1,0.25,0.75,6.9,-20.94,True
1.06,0.02,1.01,0.3,0.1,0.5,0.5,6.9,-18.96,True
1.06,0.02,1.01,0.3,0.1,0.75,0.25,6.89,-16.83,True
1.06,0.02,1.01,0.3,0.1,1.0,0.0,6.87,-14.51,True
1.06,0.02,1.01,0.3,0.2,0.0,1.0,9.08,-20.11,True
1.06,0.02,1.01,0.3,0.2,0.25,0.75,9.08,-19.26,True
1.06,0.02,1.01,0.3,0.2,0.5,0.5,9.08,-19.64,True
1.06,0.02,1.01,0.3,0.2,0.75,0.25,9.07,-20.03,True
1.06,0.02,1.01,0.3,0.2,1.0,0.0,9.06,-20.44,True
1.06,0.02,1.01,0.3,0.3,0.0,1.0,10.56,-22.78,True
1.06,0.02,1.01,0.3,0.3,0.25,0.75,10.56,-23.07,True
1.06,0.02,1.01,0.3,0.3,0.5,0.5,10.56,-23.39,True
1.06,0.02,1.01,0.3,0.3,0.75,0.25,10.56,-23.72,True
1.06,0.02,1.01,0.3,0.3,1.0,0.0,10.55,-24.07,True
1.06,0.02,1.01,0.4,0.0,0.0,1.0,2.86,-27.49,True
1.06,0.02,1.01,0.4,0.0,0.25,0.75,2.87,-25.53,True
1.06,0.02,1.01,0.4,0.0,0.5,0.5,2.87,-23.42,True
1.06,0.02,1.01,0.4,0.0,0.75,0.25,2.84,-21.14,True
1.06,0.02,1.01,0.4,0.0,1.0,0.0,2.8,-18.67,True
1.06,0.02,1.01,0.4,0.1,0.0,1.0,6.96,-25.05,True
1.06,0.02,1.01,0.4,0.1,0.25,0.75,6.97,-23.06,True
1.06,0.02,1.01,0.4,0.1,0.5,0.5,6.97,-20.93,True
1.06,0.02,1.01,0.4,0.1,0.75,0.25,6.96,-18.64,True
1.06,0.02,1.01,0.4,0.1,1.0,0.0,6.94,-16.16,True
1.06,0.02,1.01,0.4,0.2,0.0,1.0,9.1,-22.42,True
1.06,0.02,1.01,0.4,0.2,0.25,0.75,9.11,-20.42,True
1.06,0.02,1.01,0.4,0.2,0.5,0.5,9.11,-19.31,True
1.06,0.02,1.01,0.4,0.2,0.75,0.25,9.11,-19.69,True
1.06,0.02,1.01,0.4,0.2,1.0,0.0,9.1,-20.11,True
1.06,0.02,1.01,0.4,0.3,0.0,1.0,10.61,-22.22,True
1.06,0.02,1.01,0.4,0.3,0.25,0.75,10.61,-22.5,True
1.06,0.02,1.01,0.4,0.3,0.5,0.5,10.61,-22.84,True
1.06,0.02,1.01,0.4,0.3,0.75,0.25,10.61,-23.21,True
1.06,0.02,1.01,0.4,0.3,1.0,0.0,10.6,-23.62,True
1.06,0.02,1.02,0.1,0.0,0.0,1.0,1.73,-16.39,True
1.06,0.02,1.02,0.1,0.0,0.25,0.75,1.67,-15.07,True
1.06,0.02,1.02,0.1,0.0,0.5,0.5,1.6,-13.68,True
1.06,0.02,1.02,0.1,0.0,0.75,0.25,1.54,-12.19,True
1.06,0.02,1.02,0.1,0.0,1.0,0.0,1.47,-10.61,True
1.06,0.02,1.02,0.1,0.1,0.0,1.0,6.29,-16.21,True
1.06,0.02,1.02,0.1,0.1,0.25,0.75,6.26,-16.39,True
1.06,0.02,1.02,0.1,0.1,0.5,0.5,6.24,-16.58,True
1.06,0.02,1.02,0.1,0.1,0.75,0.25,6.21,-16.78,True
1.06,0.02,1.02,0.1,0.1,1.0,0.0,6.18,-16.98,True
1.06,0.02,1.02,0.1,0.2,0.0,1.0,8.66,-22.13,True
1.06,0.02,1.02,0.1,0.2,0.25,0.75,8.64,-22.31,True
1.06,0.02,1.02,0.1,0.2,0.5,0.5,8.62,-22.5,True
1.06,0.02,1.02,0.1,0.2,0.75,0.25,8.6,-22.69,True
1.06,0.02,1.02,0.1,0.2,1.0,0.0,8.57,-22.9,True
1.06,0.02,1.02,0.1,0.3,0.0,1.0,10.3,-25.57,True
1.06,0.02,1.02,0.1,0.3,0.25,0.75,10.28,-25.7,True
1.06,0.02,1.02,0.1,0.3,0.5,0.5,10.26,-25.85,True
1.06,0.02,1.02,0.1,0.3,0.75,0.25,10.24,-26.0,True
1.06,0.02,1.02,0.1,0.3,1.0,0.0,10.21,-26.15,True
1.06,0.02,1.02,0.2,0.0,0.0,1.0,2.72,-20.27,True
1.06,0.02,1.02,0.2,0.0,0.25,0.75,2.64,-18.79,True
1.06,0.02,1.02,0.2,0.0,0.5,0.5,2.56,-17.19,True
1.06,0.02,1.02,0.2,0.0,0.75,0.25,2.46,-15.47,True
1.06,0.02,1.02,0.2,0.0,1.0,0.0,2.36,-13.59,True
1.06,0.02,1.02,0.2,0.1,0.0,1.0,6.67,-17.84,True
1.06,0.02,1.02,0.2,0.1,0.25,0.75,6.66,-16.33,True
1.06,0.02,1.02,0.2,0.1,0.5,0.5,6.65,-15.33,True
1.06,0.02,1.02,0.2,0.1,0.75,0.25,6.63,-15.64,True
1.06,0.02,1.02,0.2,0.1,1.0,0.0,6.62,-15.97,True
1.06,0.02,1.02,0.2,0.2,0.0,1.0,8.99,-20.72,True
1.06,0.02,1.02,0.2,0.2,0.25,0.75,8.98,-20.98,True
1.06,0.02,1.02,0.2,0.2,0.5,0.5,8.98,-21.27,True
1.06,0.02,1.02,0.2,0.2,0.75,0.25,8.97,-21.57,True
1.06,0.02,1.02,0.2,0.2,1.0,0.0,8.96,-21.9,True
1.06,0.02,1.02,0.2,0.3,0.0,1.0,10.47,-24.65,True
1.06,0.02,1.02,0.2,0.3,0.25,0.75,10.47,-24.85,True
1.06,0.02,1.02,0.2,0.3,0.5,0.5,10.47,-25.06,True
1.06,0.02,1.02,0.2,0.3,0.75,0.25,10.47,-25.29,True
1.06,0.02,1.02,0.2,0.3,1.0,0.0,10.46,-25.53,True
1.06,0.02,1.02,0.3,0.0,0.0,1.0,2.44,-23.01,True
1.06,0.02,1.02,0.3,0.0,0.25,0.75,2.42,-21.34,True
1.06,0.02,1.02,0.3,0.0,0.5,0.5,2.4,-19.56,True
1.06,0.02,1.02,0.3,0.0,0.75,0.25,2.36,-17.64,True
1.06,0.02,1.02,0.3,0.0,1.0,0.0,2.31,-15.56,True
1.06,0.02,1.02,0.3,0.1,0.0,1.0,6.69,-20.55,True
1.06,0.02,1.02,0.3,0.1,0.25,0.75,6.69,-18.86,True
1.06,0.02,1.02,0.3,0.1,0.5,0.5,6.69,-17.06,True
1.06,0.02,1.02,0.3,0.1,0.75,0.25,6.69,-15.36,True
1.06,0.02,1.02,0.3,0.1,1.0,0.0,6.68,-15.66,True
1.06,0.02,1.02,0.3,0.2,0.0,1.0,8.96,-20.94,True
1.06,0.02,1.02,0.3,0.2,0.25,0.75,8.96,-21.15,True
1.06,0.02,1.02,0.3,0.2,0.5,0.5,8.96,-21.39,True
1.06,0.02,1.02,0.3,0.2,0.75,0.25,8.96,-21.64,True
1.06,0.02,1.02,0.3,0.2,1.0,0.0,8.96,-21.92,True
1.06,0.02,1.02,0.3,0.3,0.0,1.0,10.49,-24.39,True
1.06,0.02,1.02,0.3,0.3,0.25,0.75,10.5,-24.56,True
1.06,0.02,1.02,0.3,0.3,0.5,0.5,10.5,-24.76,True
1.06,0.02,1.02,0.3,0.3,0.75,0.25,10.5,-24.97,True
1.06,0.02,1.02,0.3,0.3,1.0,0.0,10.49,-25.22,True
1.06,0.02,1.02,0.4,0.0,0.0,1.0,2.11,-25.7,True
1.06,0.02,1.02,0.4,0.0,0.25,0.75,2.15,-23.86,True
1.06,0.02,1.02,0.4,0.0,0.5,0.5,2.17,-21.89,True
1.06,0.02,1.02,0.4,0.0,0.75,0.25,2.18,-19.78,True
1.06,0.02,1.02,0.4,0.0,1.0,0.0,2.17,-17.51,True
1.06,0.02,1.02,0.4,0.1,0.0,1.0,6.78,-23.33,True
1.06,0.02,1.02,0.4,0.1,0.25,0.75,6.79,-21.45,True
1.06,0.02,1.02,0.4,0.1,0.5,0.5,6.79,-19.47,True
1.06,0.02,1.02,0.4,0.1,0.75,0.25,6.78,-17.35,True
1.06,0.02,1.02,0.4,0.1,1.0,0.0,6.77,-15.45,True
1.06,0.02,1.02,0.4,0.2,0.0,1.0,9.02,-20.87,True
1.06,0.02,1.02,0.4,0.2,0.25,0.75,9.02,-20.65,True
1.06,0.02,1.02,0.4,0.2,0.5,0.5,9.02,-20.88,True
1.06,0.02,1.02,0.4,0.2,0.75,0.25,9.02,-21.15,True
1.06,0.02,1.02,0.4,0.2,1.0,0.0,9.02,-21.43,True
1.06,0.02,1.02,0.4,0.3,0.0,1.0,10.55,-23.83,True
1.06,0.02,1.02,0.4,0.3,0.25,0.75,10.55,-24.04,True
1.06,0.02,1.02,0.4,0.3,0.5,0.5,10.55,-24.27,True
1.06,0.02,1.02,0.4,0.3,0.75,0.25,10.54,-24.52,True
1.06,0.02,1.02,0.4,0.3,1.0,0.0,10.53,-24.8,True
1.06,0.025,0.95,0.1,0.0,0.0,1.0,3.11,-27.68,True
1.06,0.025,0.95,0.1,0.0,0.25,0.75,2.99,-26.02,True
1.06,0.025,0.95,0.1,0.0,0.5,0.5,2.85,-24.11,True
1.06,0.025,0.95,0.1,0.0,0.75,0.25,2.7,-21.9,True
1.06,0.025,0.95,0.1,0.0,1.0,0.0,2.55,-19.3,True
1.06,0.025,0.95,0.1,0.1,0.0,1.0,6.67,-29.51,True
1.06,0.025,0.95,0.1,0.1,0.25,0.75,6.63,-28.51,True
1.06,0.025,0.95,0.1,0.1,0.5,0.5,6.58,-27.4,True
1.06,0.025,0.95,0.1,0.1,0.75,0.25,6.53,-26.17,True
1.06,0.025,0.95,0.1,0.1,1.0,0.0,6.47,-24.78,True
1.06,0.025,0.95,0.1,0.2,0.0,1.0,8.71,-30.59,True
1.06,0.025,0.95,0.1,0.2,0.25,0.75,8.7,-29.93,True
1.06,0.025,0.95,0.1,0.2,0.5,0.5,8.68,-29.2,True
1.06,0.025,0.95,0.1,0.2,0.75,0.25,8.67,-28.41,True
1.06,0.025,0.95,0.1,0.2,1.0,0.0,8.65,-27.55,True
1.06,0.025,0.95,0.1,0.3,0.0,1.0,10.35,-31.16,True
1.06,0.025,0.95,0.1,0.3,0.25,0.75,10.33,-30.68,True
1.06,0.025,0.95,0.1,0.3,0.5,0.5,10.32,-30.16,True
1.06,0.025,0.95,0.1,0.3,0.75,0.25,10.3,-29.6,True
1.06,0.025,0.95,0.1,0.3,1.0,0.0,10.28,-28.99,True
1.06,0.025,0.95,0.2,0.0,0.0,1.0,3.72,-27.68,True
1.06,0.025,0.95,0.2,0.0,0.25,0.75,3.64,-26.05,True
1.06,0.025,0.95,0.2,0.0,0.5,0.5,3.54,-24.16,True
1.06,0.025,0.95,0.2,0.0,0.75,0.25,3.43,-21.94,True
1.06,0.025,0.95,0.2,0.0,1.0,0.0,3.3,-19.3,True
1.06,0.025,0.95,0.2,0.1,0.0,1.0,7.17,-29.35,True
1.06,0.025,0.95,0.2,0.1,0.25,0.75,7.14,-28.32,True
1.06,0.025,0.95,0.2,0.1,0.5,0.5,7.11,-27.17,True
1.06,0.025,0.95,0.2,0.1,0.75,0.25,7.07,-25.86,True
1.06,0.025,0.95,0.2,0.1,1.0,0.0,7.03,-24.38,True
1.06,0.025,0.95,0.2,0.2,0.0,1.0,9.4,-30.25,True
1.06,0.025,0.95,0.2,0.2,0.25,0.75,9.38,-29.52,True
1.06,0.025,0.95,0.2,0.2,0.5,0.5,9.35,-28.7,True
1.06,0.025,0.95,0.2,0.2,0.75,0.25,9.31,-27.79,True
1.06,0.025,0.95,0.2,0.2,1.0,0.0,9.26,-26.78,True
1.06,0.025,0.95,0.2,0.3,0.0,1.0,10.83,-30.84,True
1.06,0.025,0.95,0.2,0.3,0.25,0.75,10.82,-30.29,True
1.06,0.025,0.95,0.2,0.3,0.5,0.5,10.8,-29.7,True
1.06,0.025,0.95,0.2,0.3,0.75,0.25,10.78,-29.05,True
1.06,0.025,0.95,0.2,0.3,1.0,0.0,10.75,-28.34,True
1.06,0.025,0.95,0.3,0.0,0.0,1.0,3.87,-27.68,True
1.06,0.025,0.95,0.3,0.0,0.25,0.75,3.84,-26.05,True
1.06,0.025,0.95,0.3,0.0,0.5,0.5,3.8,-24.17,True
1.06,0.025,0.95,0.3,0.0,0.75,0.25,3.73,-21.95,True
1.06,0.025,0.95,0.3,0.0,1.0,0.0,3.64,-19.3,True
1.06,0.025,0.95,0.3,0.1,0.0,1.0,7.68,-29.17,True
1.06,0.025,0.95,0.3,0.1,0.25,0.75,7.66,-28.11,True
1.06,0.025,0.95,0.3,0.1,0.5,0.5,7.63,-26.91,True
1.06,0.025,0.95,0.3,0.1,0.75,0.25,7.59,-25.53,True
1.06,0.025,0.95,0.3,0.1,1.0,0.0,7.52,-23.94,True
1.06,0.025,0.95,0.3,0.2,0.0,1.0,9.55,-30.07,True
1.06,0.025,0.95,0.3,0.2,0.25,0.75,9.53,-29.31,True
1.06,0.025,0.95,0.3,0.2,0.5,0.5,9.51,-28.46,True
1.06,0.025,0.95,0.3,0.2,0.75,0.25,9.47,-27.5,True
1.06,0.025,0.95,0.3,0.2,1.0,0.0,9.43,-26.43,True
1.06,0.025,0.95,0.3,0.3,0.0,1.0,10.83,-30.77,True
1.06,0.025,0.95,0.3,0.3,0.25,0.75,10.83,-30.21,True
1.06,0.025,0.95,0.3,0.3,0.5,0.5,10.82,-29.58,True
1.06,0.025,0.95,0.3,0.3,0.75,0.25,10.8,-28.9,True
1.06,0.025,0.95,0.3,0.3,1.0,0.0,10.78,-28.15,True
1.06,0.025,0.95,0.4,0.0,0.0,1.0,4.35,-27.68,True
1.06,0.025,0.95,0.4,0.0,0.25,0.75,4.33,-26.09,True
1.06,0.025,0.95,0.4,0.0,0.5,0.5,4.29,-24.22,True
1.06,0.025,0.95,0.4,0.0,0.75,0.25,4.22,-21.99,True
1.06,0.025,0.95,0.4,0.0,1.0,0.0,4.12,-19.3,True
1.06,0.025,0.95,0.4,0.1,0.0,1.0,7.74,-29.11,True
1.06,0.025,0.95,0.4,0.1,0.25,0.75,7.73,-28.04,True
1.06,0.025,0.95,0.4,0.1,0.5,0.5,7.7,-26.82,True
1.06,0.025,0.95,0.4,0.1,0.75,0.25,7.66,-25.41,True
1.06,0.025,0.95,0.4,0.1,1.0,0.0,7.59,-23.76,True
1.06,0.025,0.95,0.4,0.2,0.0,1.0,9.52,-30.03,True
1.06,0.025,0.95,0.4,0.2,0.25,0.75,9.53,-29.25,True
1.06,0.025,0.95,0.4,0.2,0.5,0.5,9.52,-28.38,True
1.06,0.025,0.95,0.4,0.2,0.75,0.25,9.49,-27.4,True
1.06,0.025,0.95,0.4,0.2,1.0,0.0,9.46,-26.28,True
1.06,0.025,0.95,0.4,0.3,0.0,1.0,10.83,-30.76,True
1.06,0.025,0.95,0.4,0.3,0.25,0.75,10.83,-30.19,True
1.06,0.025,0.95,0.4,0.3,0.5,0.5,10.83,-29.55,True
1.06,0.025,0.95,0.4,0.3,0.75,0.25,10.82,-28.85,True
1.06,0.025,0.95,0.4,0.3,1.0,0.0,10.8,-28.07,True
1.06,0.025,0.97,0.1,0.0,0.0,1.0,3.63,-22.06,True
1.06,0.025,0.97,0.1,0.0,0.25,0.75,3.44,-20.69,True
1.06,0.025,0.97,0.1,0.0,0.5,0.5,3.24,-19.12,True
1.06,0.025,0.97,0.1,0.0,0.75,0.25,3.03,-17.29,True
1.06,0.025,0.97,0.1,0.0,1.0,0.0,2.81,-15.15,True
1.06,0.025,0.97,0.1,0.1,0.0,1.0,6.94,-25.74,True
1.06,0.025,0.97,0.1,0.1,0.25,0.75,6.86,-25.01,True
1.06,0.025,0.97,0.1,0.1,0.5,0.5,6.77,-24.2,True
1.06,0.025,0.97,0.1,0.1,0.75,0.25,6.68,-23.3,True
1.06,0.025,0.97,0.1,0.1,1.0,0.0,6.58,-22.29,True
1.06,0.025,0.97,0.1,0.2,0.0,1.0,8.85,-27.97,True
1.06,0.025,0.97,0.1,0.2,0.25,0.75,8.8,-27.53,True
1.06,0.025,0.97,0.1,0.2,0.5,0.5,8.75,-27.06,True
1.06,0.025,0.97,0.1,0.2,0.75,0.25,8.7,-26.53,True
1.06,0.025,0.97,0.1,0.2,1.0,0.0,8.65,-25.95,True
1.06,0.025,0.97,0.1,0.3,0.0,1.0,10.37,-29.17,True
1.06,0.025,0.97,0.1,0.3,0.25,0.75,10.34,-28.88,True
1.06,0.025,0.97,0.1,0.3,0.5,0.5,10.3,-28.57,True
1.06,0.025,0.97,0.1,0.3,0.75,0.25,10.26,-28.22,True
1.06,0.025,0.97,0.1,0.3,1.0,0.0,10.22,-27.85,True
1.06,0.025,0.97,0.2,0.0,0.0,1.0,4.4,-22.06,True
1.06,0.025,0.97,0.2,0.0,0.25,0.75,4.23,-20.71,True
1.06,0.025,0.97,0.2,0.0,0.5,0.5,4.04,-19.15,True
1.06,0.025,0.97,0.2,0.0,0.75,0.25,3.83,-17.33,True
1.06,0.025,0.97,0.2,0.0,1.0,0.0,3.61,-15.15,True
1.06,0.025,0.97,0.2,0.1,0.0,1.0,7.32,-25.46,True
1.06,0.025,0.97,0.2,0.1,0.25,0.75,7.26,-24.73,True
1.06,0.025,0.97,0.2,0.1,0.5,0.5,7.18,-23.89,True
1.06,0.025,0.97,0.2,0.1,0.75,0.25,7.09,-22.94,True
1.06,0.025,0.97,0.2,0.1,1.0,0.0,6.99,-21.86,True
1.06,0.025,0.97,0.2,0.2,0.0,1.0,9.29,-27.23,True
1.06,0.025,0.97,0.2,0.2,0.25,0.75,9.26,-26.75,True
1.06,0.025,0.97,0.2,0.2,0.5,0.5,9.23,-26.23,True
1.06,0.025,0.97,0.2,0.2,0.75,0.25,9.2,-25.66,True
1.06,0.025,0.97,0.2,0.2,1.0,0.0,9.16,-25.01,True
1.06,0.025,0.97,0.2,0.3,0.0,1.0,10.74,-28.35,True
1.06,0.025,0.97,0.2,0.3,0.25,0.75,10.73,-28.02,True
1.06,0.025,0.97,0.2,0.3,0.5,0.5,10.71,-27.68,True
1.06,0.025,0.97,0.2,0.3,0.75,0.25,10.69,-27.3,True
1.06,0.025,0.97,0.2,0.3,1.0,0.0,10.66,-26.91,True
1.06,0.025,0.97,0.3,0.0,0.0,1.0,4.35,-22.06,True
1.06,0.025,0.97,0.3,0.0,0.25,0.75,4.23,-20.72,True
1.06,0.025,0.97,0.3,0.0,0.5,0.5,4.1,-19.16,True
1.06,0.025,0.97,0.3,0.0,0.75,0.25,3.94,-17.33,True
1.06,0.025,0.97,0.3,0.0,1.0,0.0,3.76,-15.15,True
1.06,0.025,0.97,0.3,0.1,0.0,1.0,7.5,-25.0,True
1.06,0.025,0.97,0.3,0.1,0.25,0.75,7.46,-24.22,True
1.06,0.025,0.97,0.3,0.1,0.5,0.5,7.41,-23.34,True
1.06,0.025,0.97,0.3,0.1,0.75,0.25,7.34,-22.34,True
1.06,0.025,0.97,0.3,0.1,1.0,0.0,7.27,-21.19,True
1.06,0.025,0.97,0.3,0.2,0.0,1.0,9.43,-26.75,True
1.06,0.025,0.97,0.3,0.2,0.25,0.75,9.41,-26.24,True
1.06,0.025,0.97,0.3,0.2,0.5,0.5,9.39,-25.68,True
1.06,0.025,0.97,0.3,0.2,0.75,0.25,9.35,-25.06,True
1.06,0.025,0.97,0.3,0.2,1.0,0.0,9.3,-24.37,True
1.06,0.025,0.97,0.3,0.3,0.0,1.0,10.78,-28.1,True
1.06,0.025,0.97,0.3,0.3,0.25,0.75,10.77,-27.75,True
1.06,0.025,0.97,0.3,0.3,0.5,0.5,10.76,-27.38,True
1.06,0.025,0.97,0.3,0.3,0.75,0.25,10.73,-26.98,True
1.06,0.025,0.97,0.3,0.3,1.0,0.0,10.7,-26.55,True
1.06,0.025,0.97,0.4,0.0,0.0,1.0,4.47,-22.06,True
1.06,0.025,0.97,0.4,0.0,0.25,0.75,4.39,-20.75,True
1.06,0.025,0.97,0.4,0.0,0.5,0.5,4.28,-19.2,True
1.06,0.025,0.97,0.4,0.0,0.75,0.25,4.14,-17.37,True
1.06,0.025,0.97,0.4,0.0,1.0,0.0,3.97,-15.15,True
1.06,0.025,0.97,0.4,0.1,0.0,1.0,7.58,-24.8,True
1.06,0.025,0.97,0.4,0.1,0.25,0.75,7.56,-24.01,True
1.06,0.025,0.97,0.4,0.1,0.5,0.5,7.52,-23.1,True
1.06,0.025,0.97,0.4,0.1,0.75,0.25,7.47,-22.07,True
1.06,0.025,0.97,0.4,0.1,1.0,0.0,7.39,-20.87,True
1.06,0.025,0.97,0.4,0.2,0.0,1.0,9.46,-26.58,True
1.06,0.025,0.97,0.4,0.2,0.25,0.75,9.46,-26.05,True
1.06,0.025,0.97,0.4,0.2,0.5,0.5,9.44,-25.46,True
1.06,0.025,0.97,0.4,0.2,0.75,0.25,9.4,-24.82,True
1.06,0.025,0.97,0.4,0.2,1.0,0.0,9.36,-24.09,True
1.06,0.025,0.97,0.4,0.3,0.0,1.0,10.78,-28.04,True
1.06,0.025,0.97,0.4,0.3,0.25,0.75,10.78,-27.67,True
1.06,0.025,0.97,0.4,0.3,0.5,0.5,10.78,-27.28,True
1.06,0.025,0.97,0.4,0.3,0.75,0.25,10.76,-26.86,True
1.06,0.025,0.97,0.4,0.3,1.0,0.0,10.73,-26.4,True
1.06,0.025,0.99,0.1,0.0,0.0,1.0,1.53,-15.19,True
1.06,0.025,0.99,0.1,0.0,0.25,0.75,1.47,-13.87,True
1.06,0.025,0.99,0.1,0.0,0.5,0.5,1.4,-12.51,True
1.06,0.025,0.99,0.1,0.0,0.75,0.25,1.34,-11.1,True
1.06,0.025,0.99,0.1,0.0,1.0,0.0,1.27,-9.65,True
1.06,0.025,0.99,0.1,0.1,0.0,1.0,6.2,-18.88,True
1.06,0.025,0.99,0.1,0.1,0.25,0.75,6.16,-18.83,True
1.06,0.025,0.99,0.1,0.1,0.5,0.5,6.12,-18.79,True
1.06,0.025,0.99,0.1,0.1,0.75,0.25,6.08,-18.75,True
1.06,0.025,0.99,0.1,0.1,1.0,0.0,6.04,-18.72,True
1.06,0.025,0.99,0.1,0.2,0.0,1.0,8.51,-25.07,True
1.06,0.025,0.99,0.1,0.2,0.25,0.75,8.48,-25.0,True
1.06,0.025,0.99,0.1,0.2,0.5,0.5,8.45,-24.95,True
1.06,0.025,0.99,0.1,0.2,0.75,0.25,8.43,-24.89,True
1.06,0.025,0.99,0.1,0.2,1.0,0.0,8.4,-24.84,True
1.06,0.025,0.99,0.1,0.3,0.0,1.0,10.2,-27.93,True
1.06,0.025,0.99,0.1,0.3,0.25,0.75,10.17,-27.88,True
1.06,0.025,0.99,0.1,0.3,0.5,0.5,10.14,-27.83,True
1.06,0.025,0.99,0.1,0.3,0.75,0.25,10.11,-27.79,True
1.06,0.025,0.99,0.1,0.3,1.0,0.0,10.08,-27.74,True
1.06,0.025,0.99,0.2,0.0,0.0,1.0,2.49,-24.43,True
1.06,0.025,0.99,0.2,0.0,0.25,0.75,2.41,-22.57,True
1.06,0.025,0.99,0.2,0.0,0.5,0.5,2.33,-20.61,True
1.06,0.025,0.99,0.2,0.0,0.75,0.25,2.24,-18.52,True
1.06,0.025,0.99,0.2,0.0,1.0,0.0,2.15,-16.31,True
1.06,0.025,0.99,0.2,0.1,0.0,1.0,6.64,-21.96,True
1.06,0.025,0.99,0.2,0.1,0.25,0.75,6.62,-20.08,True
1.06,0.025,0.99,0.2,0.1,0.5,0.5,6.61,-19.39,True
1.06,0.025,0.99,0.2,0.1,0.75,0.25,6.59,-19.33,True
1.06,0.025,0.99,0.2,0.1,1.0,0.0,6.57,-19.26,True
1.06,0.025,0.99,0.2,0.2,0.0,1.0,8.94,-24.83,True
1.06,0.025,0.99,0.2,0.2,0.25,0.75,8.93,-24.76,True
1.06,0.025,0.99,0.2,0.2,0.5,0.5,8.93,-24.7,True
1.06,0.025,0.99,0.2,0.2,0.75,0.25,8.92,-24.65,True
1.06,0.025,0.99,0.2,0.2,1.0,0.0,8.91,-24.62,True
1.06,0.025,0.99,0.2,0.3,0.0,1.0,10.48,-27.49,True
1.06,0.025,0.99,0.2,0.3,0.25,0.75,10.48,-27.43,True
1.06,0.025,0.99,0.2,0.3,0.5,0.5,10.47,-27.38,True
1.06,0.025,0.99,0.2,0.3,0.75,0.25,10.47,-27.35,True
1.06,0.025,0.99,0.2,0.3,1.0,0.0,10.46,-27.33,True
1.06,0.025,0.99,0.3,0.0,0.0,1.0,2.82,-26.92,True
1.06,0.025,0.99,0.3,0.0,0.25,0.75,2.75,-24.99,True
1.06,0.025,0.99,0.3,0.0,0.5,0.5,2.68,-22.93,True
1.06,0.025,0.99,0.3,0.0,0.75,0.25,2.6,-20.71,True
1.06,0.025,0.99,0.3,0.0,1.0,0.0,2.52,-18.32,True
1.06,0.025,0.99,0.3,0.1,0.0,1.0,6.85,-23.94,True
1.06,0.025,0.99,0.3,0.1,0.25,0.75,6.84,-22.0,True
1.06,0.025,0.99,0.3,0.1,0.5,0.5,6.82,-19.93,True
1.06,0.025,0.99,0.3,0.1,0.75,0.25,6.8,-19.41,True
1.06,0.025,0.99,0.3,0.1,1.0,0.0,6.78,-19.23,True
1.06,0.025,0.99,0.3,0.2,0.0,1.0,9.01,-25.09,True
1.06,0.025,0.99,0.3,0.2,0.25,0.75,9.01,-24.92,True
1.06,0.025,0.99,0.3,0.2,0.5,0.5,9.01,-24.77,True
1.06,0.025,0.99,0.3,0.2,0.75,0.25,9.0,-24.65,True
1.06,0.025,0.99,0.3,0.2,1.0,0.0,8.99,-24.55,True
1.06,0.025,0.99,0.3,0.3,0.0,1.0,10.52,-28.06,True
1.06,0.025,0.99,0.3,0.3,0.25,0.75,10.52,-27.88,True
1.06,0.025,0.99,0.3,0.3,0.5,0.5,10.51,-27.69,True
1.06,0.025,0.99,0.3,0.3,0.75,0.25,10.51,-27.53,True
1.06,0.025,0.99,0.3,0.3,1.0,0.0,10.5,-27.39,True
1.06,0.025,0.99,0.4,0.0,0.0,1.0,2.99,-28.29,True
1.06,0.025,0.99,0.4,0.0,0.25,0.75,2.94,-26.29,True
1.06,0.025,0.99,0.4,0.0,0.5,0.5,2.88,-24.15,True
1.06,0.025,0.99,0.4,0.0,0.75,0.25,2.8,-21.84,True
1.06,0.025,0.99,0.4,0.0,1.0,0.0,2.72,-19.34,True
1.06,0.025,0.99,0.4,0.1,0.0,1.0,6.88,-25.46,True
1.06,0.025,0.99,0.4,0.1,0.25,0.75,6.88,-23.45,True
1.06,0.025,0.99,0.4,0.1,0.5,0.5,6.88,-21.3,True
1.06,0.025,0.99,0.4,0.1,0.75,0.25,6.86,-19.87,True
1.06,0.025,0.99,0.4,0.1,1.0,0.0,6.85,-19.58,True
1.06,0.025,0.99,0.4,0.2,0.0,1.0,9.04,-25.79,True
1.06,0.025,0.99,0.4,0.2,0.25,0.75,9.05,-25.53,True
1.06,0.025,0.99,0.4,0.2,0.5,0.5,9.05,-25.29,True
1.06,0.025,0.99,0.4,0.2,0.75,0.25,9.04,-25.07,True
1.06,0.025,0.99,0.4,0.2,1.0,0.0,9.03,-24.81,True
1.06,0.025,0.99,0.4,0.3,0.0,1.0,10.53,-28.01,True
1.06,0.025,0.99,0.4,0.3,0.25,0.75,10.53,-27.78,True
1.06,0.025,0.99,0.4,0.3,0.5,0.5,10.53,-27.57,True
1.06,0.025,0.99,0.4,0.3,0.75,0.25,10.53,-27.4,True
1.06,0.025,0.99,0.4,0.3,1.0,0.0,10.52,-27.27,True
1.06,0.025,1.0,0.1,0.0,0.0,1.0,0.33,-15.19,True
1.06,0.025,1.0,0.1,0.0,0.25,0.75,0.35,-13.87,True
1.06,0.025,1.0,0.1,0.0,0.5,0.5,0.38,-12.51,True
1.06,0.025,1.0,0.1,0.0,0.75,0.25,0.4,-11.1,True
1.06,0.025,1.0,0.1,0.0,1.0,0.0,0.41,-9.65,True
1.06,0.025,1.0,0.1,0.1,0.0,1.0,5.61,-21.86,True
1.06,0.025,1.0,0.1,0.1,0.25,0.75,5.61,-21.6,True
1.06,0.025,1.0,0.1,0.1,0.5,0.5,5.62,-21.34,True
1.06,0.025,1.0,0.1,0.1,0.75,0.25,5.62,-21.09,True
1.06,0.025,1.0,0.1,0.1,1.0,0.0,5.62,-20.83,True
1.06,0.025,1.0,0.1,0.2,0.0,1.0,8.15,-27.78,True
1.06,0.025,1.0,0.1,0.2,0.25,0.75,8.15,-27.52,True
1.06,0.025,1.0,0.1,0.2,0.5,0.5,8.14,-27.25,True
1.06,0.025,1.0,0.1,0.2,0.75,0.25,8.14,-26.99,True
1.06,0.025,1.0,0.1,0.2,1.0,0.0,8.13,-26.73,True
1.06,0.025,1.0,0.1,0.3,0.0,1.0,9.97,-29.93,True
1.06,0.025,1.0,0.1,0.3,0.25,0.75,9.95,-29.74,True
1.06,0.025,1.0,0.1,0.3,0.5,0.5,9.94,-29.55,True
1.06,0.025,1.0,0.1,0.3,0.75,0.25,9.92,-29.35,True
1.06,0.025,1.0,0.1,0.3,1.0,0.0,9.91,-29.16,True
1.06,0.025,1.0,0.2,0.0,0.0,1.0,0.66,-24.43,True
1.06,0.025,1.0,0.2,0.0,0.25,0.75,0.71,-22.57,True
1.06,0.025,1.0,0.2,0.0,0.5,0.5,0.75,-20.61,True
1.06,0.025,1.0,0.2,0.0,0.75,0.25,0.8,-18.52,True
1.06,0.025,1.0,0.2,0.0,1.0,0.0,0.83,-16.31,True
1.06,0.025,1.0,0.2,0.1,0.0,1.0,5.89,-22.93,True
1.06,0.025,1.0,0.2,0.1,0.25,0.75,5.93,-22.6,True
1.06,0.025,1.0,0.2,0.1,0.5,0.5,5.97,-22.28,True
1.06,0.025,1.0,0.2,0.1,0.75,0.25,6.01,-21.96,True
1.06,0.025,1.0,0.2,0.1,1.0,0.0,6.04,-21.64,True
1.06,0.025,1.0,0.2,0.2,0.0,1.0,8.5,-27.49,True
1.06,0.025,1.0,0.2,0.2,0.25,0.75,8.52,-27.24,True
1.06,0.025,1.0,0.2,0.2,0.5,0.5,8.55,-26.99,True
1.06,0.025,1.0,0.2,0.2,0.75,0.25,8.57,-26.75,True
1.06,0.025,1.0,0.2,0.2,1.0,0.0,8.59,-26.52,True
1.06,0.025,1.0,0.2,0.3,0.0,1.0,10.21,-29.59,True
1.06,0.025,1.0,0.2,0.3,0.25,0.75,10.22,-29.38,True
1.06,0.025,1.0,0.2,0.3,0.5,0.5,10.24,-29.17,True
1.06,0.025,1.0,0.2,0.3,0.75,0.25,10.25,-28.97,True
1.06,0.025,1.0,0.2,0.3,1.0,0.0,10.26,-28.78,True
1.06,0.025,1.0,0.3,0.0,0.0,1.0,0.69,-26.92,True
1.06,0.025,1.0,0.3,0.0,0.25,0.75,0.77,-24.99,True
1.06,0.025,1.0,0.3,0.0,0.5,0.5,0.85,-22.93,True
1.06,0.025,1.0,0.3,0.0,0.75,0.25,0.92,-20.71,True
1.06,0.025,1.0,0.3,0.0,1.0,0.0,1.0,-18.32,True
1.06,0.025,1.0,0.3,0.1,0.0,1.0,6.02,-23.95,True
1.06,0.025,1.0,0.3,0.1,0.25,0.75,6.07,-22.47,True
1.06,0.025,1.0,0.3,0.1,0.5,0.5,6.11,-22.07,True
1.06,0.025,1.0,0.3,0.1,0.75,0.25,6.15,-21.69,True
1.06,0.025,1.0,0.3,0.1,1.0,0.0,6.19,-21.32,True
1.06,0.025,1.0,0.3,0.2,0.0,1.0,8.57,-27.68,True
1.06,0.025,1.0,0.3,0.2,0.25,0.75,8.6,-27.36,True
1.06,0.025,1.0,0.3,0.2,0.5,0.5,8.62,-27.04,True
1.06,0.025,1.0,0.3,0.2,0.75,0.25,8.64,-26.72,True
1.06,0.025,1.0,0.3,0.2,1.0,0.0,8.67,-26.42,True
1.06,0.025,1.0,0.3,0.3,0.0,1.0,10.24,-29.36,True
1.06,0.025,1.0,0.3,0.3,0.25,0.75,10.25,-29.15,True
1.06,0.025,1.0,0.3,0.3,0.5,0.5,10.26,-28.94,True
1.06,0.025,1.0,0.3,0.3,0.75,0.25,10.28,-28.74,True
1.06,0.025,1.0,0.3,0.3,1.0,0.0,10.29,-28.55,True
1.06,0.025,1.0,0.4,0.0,0.0,1.0,0.74,-28.29,True
1.06,0.025,1.0,0.4,0.0,0.25,0.75,0.84,-26.29,True
1.06,0.025,1.0,0.4,0.0,0.5,0.5,0.94,-24.15,True
1.06,0.025,1.0,0.4,0.0,0.75,0.25,1.03,-21.84,True
1.06,0.025,1.0,0.4,0.0,1.0,0.0,1.12,-19.34,True
1.06,0.025,1.0,0.4,0.1,0.0,1.0,6.05,-25.46,True
1.06,0.025,1.0,0.4,0.1,0.25,0.75,6.1,-23.45,True
1.06,0.025,1.0,0.4,0.1,0.5,0.5,6.15,-22.52,True
1.06,0.025,1.0,0.4,0.1,0.75,0.25,6.19,-22.05,True
1.06,0.025,1.0,0.4,0.1,1.0,0.0,6.24,-21.59,True
1.06,0.025,1.0,0.4,0.2,0.0,1.0,8.61,-27.47,True
1.06,0.025,1.0,0.4,0.2,0.25,0.75,8.63,-27.13,True
1.06,0.025,1.0,0.4,0.2,0.5,0.5,8.66,-26.79,True
1.06,0.025,1.0,0.4,0.2,0.75,0.25,8.68,-26.48,True
1.06,0.025,1.0,0.4,0.2,1.0,0.0,8.7,-26.18,True
1.06,0.025,1.0,0.4,0.3,0.0,1.0,10.24,-29.3,True
1.06,0.025,1.0,0.4,0.3,0.25,0.75,10.26,-29.07,True
1.06,0.025,1.0,0.4,0.3,0.5,0.5,10.28,-28.85,True
1.06,0.025,1.0,0.4,0.3,0.75,0.25,10.29,-28.64,True
1.06,0.025,1.0,0.4,0.3,1.0,0.0,10.3,-28.44,True
1.06,0.025,1.01,0.1,0.0,0.0,1.0,1.0,-11.41,True
1.06,0.025,1.01,0.1,0.0,0.25,0.75,0.97,-10.36,True
1.06,0.025,1.01,0.1,0.0,0.5,0.5,0.93,-9.29,True
1.06,0.025,1.01,0.1,0.0,0.75,0.25,0.89,-8.17,True
1.06,0.025,1.01,0.1,0.0,1.0,0.0,0.85,-7.03,True
1.06,0.025,1.01,0.1,0.1,0.0,1.0,5.96,-19.0,True
1.06,0.025,1.01,0.1,0.1,0.25,0.75,5.93,-18.97,True
1.06,0.025,1.01,0.1,0.1,0.5,0.5,5.9,-18.94,True
1.06,0.025,1.01,0.1,0.1,0.75,0.25,5.87,-18.92,True
1.06,0.025,1.01,0.1,0.1,1.0,0.0,5.83,-18.89,True
1.06,0.025,1.01,0.1,0.2,0.0,1.0,8.42,-25.16,True
1.06,0.025,1.01,0.1,0.2,0.25,0.75,8.39,-25.1,True
1.06,0.025,1.01,0.1,0.2,0.5,0.5,8.36,-25.05,True
1.06,0.025,1.01,0.1,0.2,0.75,0.25,8.33,-24.99,True
1.06,0.025,1.01,0.1,0.2,1.0,0.0,8.3,-24.94,True
1.06,0.025,1.01,0.1,0.3,0.0,1.0,10.16,-27.77,True
1.06,0.025,1.01,0.1,0.3,0.25,0.75,10.13,-27.73,True
1.06,0.025,1.01,0.1,0.3,0.5,0.5,10.09,-27.7,True
1.06,0.025,1.01,0.1,0.3,0.75,0.25,10.06,-27.67,True
1.06,0.025,1.01,0.1,0.3,1.0,0.0,10.03,-27.64,True
1.06,0.025,1.01,0.2,0.0,0.0,1.0,1.86,-19.15,True
1.06,0.025,1.01,0.2,0.0,0.25,0.75,1.81,-17.6,True
1.06,0.025,1.01,0.2,0.0,0.5,0.5,1.75,-15.97,True
1.06,0.025,1.01,0.2,0.0,0.75,0.25,1.69,-14.24,True
1.06,0.025,1.01,0.2,0.0,1.0,0.0,1.63,-12.41,True
1.06,0.025,1.01,0.2,0.1,0.0,1.0,6.4,-17.62,True
1.06,0.025,1.01,0.2,0.1,0.25,0.75,6.4,-17.73,True
1.06,0.025,1.01,0.2,0.1,0.5,0.5,6.4,-17.85,True
1.06,0.025,1.01,0.2,0.1,0.75,0.25,6.4,-17.97,True
1.06,0.025,1.01,0.2,0.1,1.0,0.0,6.4,-18.11,True
1.06,0.025,1.01,0.2,0.2,0.0,1.0,8.79,-23.05,True
1.06,0.025,1.01,0.2,0.2,0.25,0.75,8.79,-23.16,True
1.06,0.025,1.01,0.2,0.2,0.5,0.5,8.79,-23.28,True
1.06,0.025,1.01,0.2,0.2,0.75,0.25,8.79,-23.42,True
1.06,0.025,1.01,0.2,0.2,1.0,0.0,8.79,-23.57,True
1.06,0.025,1.01,0.2,0.3,0.0,1.0,10.38,-25.95,True
1.06,0.025,1.01,0.2,0.3,0.25,0.75,10.38,-26.04,True
1.06,0.025,1.01,0.2,0.3,0.5,0.5,10.39,-26.14,True
1.06,0.025,1.01,0.2,0.3,0.75,0.25,10.39,-26.25,True
1.06,0.025,1.01,0.2,0.3,1.0,0.0,10.39,-26.37,True
1.06,0.025,1.01,0.3,0.0,0.0,1.0,2.25,-21.26,True
1.06,0.025,1.01,0.3,0.0,0.25,0.75,2.2,-19.66,True
1.06,0.025,1.01,0.3,0.0,0.5,0.5,2.15,-17.94,True
1.06,0.025,1.01,0.3,0.0,0.75,0.25,2.09,-16.1,True
1.06,0.025,1.01,0.3,0.0,1.0,0.0,2.03,-14.12,True
1.06,0.025,1.01,0.3,0.1,0.0,1.0,6.66,-18.78,True
1.06,0.025,1.01,0.3,0.1,0.25,0.75,6.65,-17.14,True
1.06,0.025,1.01,0.3,0.1,0.5,0.5,6.64,-16.23,True
1.06,0.025,1.01,0.3,0.1,0.75,0.25,6.63,-16.44,True
1.06,0.025,1.01,0.3,0.1,1.0,0.0,6.62,-16.66,True
1.06,0.025,1.01,0.3,0.2,0.0,1.0,8.89,-21.88,True
1.06,0.025,1.01,0.3,0.2,0.25,0.75,8.9,-22.04,True
1.06,0.025,1.01,0.3,0.2,0.5,0.5,8.9,-22.22,True
1.06,0.025,1.01,0.3,0.2,0.75,0.25,8.89,-22.41,True
1.06,0.025,1.01,0.3,0.2,1.0,0.0,8.89,-22.62,True
1.06,0.025,1.01,0.3,0.3,0.0,1.0,10.45,-25.19,True
1.06,0.025,1.01,0.3,0.3,0.25,0.75,10.45,-25.32,True
1.06,0.025,1.01,0.3,0.3,0.5,0.5,10.45,-25.46,True
1.06,0.025,1.01,0.3,0.3,0.75,0.25,10.45,-25.62,True
1.06,0.025,1.01,0.3,0.3,1.0,0.0,10.45,-25.8,True
1.06,0.025,1.01,0.4,0.0,0.0,1.0,2.66,-22.18,True
1.06,0.025,1.01,0.4,0.0,0.25,0.75,2.6,-20.53,True
1.06,0.025,1.01,0.4,0.0,0.5,0.5,2.54,-18.76,True
1.06,0.025,1.01,0.4,0.0,0.75,0.25,2.46,-16.85,True
1.06,0.025,1.01,0.4,0.0,1.0,0.0,2.38,-14.78,True
1.06,0.025,1.01,0.4,0.1,0.0,1.0,6.73,-19.83,True
1.06,0.025,1.01,0.4,0.1,0.25,0.75,6.73,-18.15,True
1.06,0.025,1.01,0.4,0.1,0.5,0.5,6.72,-16.35,True
1.06,0.025,1.01,0.4,0.1,0.75,0.25,6.71,-15.81,True
1.06,0.025,1.01,0.4,0.1,1.0,0.0,6.69,-16.05,True
1.06,0.025,1.01,0.4,0.2,0.0,1.0,8.95,-21.38,True
1.06,0.025,1.01,0.4,0.2,0.25,0.75,8.96,-21.54,True
1.06,0.025,1.01,0.4,0.2,0.5,0.5,8.96,-21.72,True
1.06,0.025,1.01,0.4,0.2,0.75,0.25,8.95,-21.93,True
1.06,0.025,1.01,0.4,0.2,1.0,0.0,8.95,-22.15,True
1.06,0.025,1.01,0.4,0.3,0.0,1.0,10.49,-24.82,True
1.06,0.025,1.01,0.4,0.3,0.25,0.75,10.48,-24.99,True
1.06,0.025,1.01,0.4,0.3,0.5,0.5,10.48,-25.17,True
1.06,0.025,1.01,0.4,0.3,0.75,0.25,10.48,-25.35,True
1.06,0.025,1.01,0.4,0.3,1.0,0.0,10.47,-25.55,True
1.06,0.025,1.02,0.1,0.0,0.0,1.0,0.58,-9.45,True
1.06,0.025,1.02,0.1,0.0,0.25,0.75,0.57,-8.59,True
1.06,0.025,1.02,0.1,0.0,0.5,0.5,0.56,-7.7,True
1.06,0.025,1.02,0.1,0.0,0.75,0.25,0.55,-6.79,True
1.06,0.025,1.02,0.1,0.0,1.0,0.0,0.53,-5.84,True
1.06,0.025,1.02,0.1,0.1,0.0,1.0,5.78,-19.82,True
1.06,0.025,1.02,0.1,0.1,0.25,0.75,5.78,-19.77,True
1.06,0.025,1.02,0.1,0.1,0.5,0.5,5.77,-19.73,True
1.06,0.025,1.02,0.1,0.1,0.75,0.25,5.76,-19.69,True
1.06,0.025,1.02,0.1,0.1,1.0,0.0,5.75,-19.65,True
1.06,0.025,1.02,0.1,0.2,0.0,1.0,8.26,-25.87,True
1.06,0.025,1.02,0.1,0.2,0.25,0.75,8.25,-25.8,True
1.06,0.025,1.02,0.1,0.2,0.5,0.5,8.24,-25.74,True
1.06,0.025,1.02,0.1,0.2,0.75,0.25,8.24,-25.67,True
1.06,0.025,1.02,0.1,0.2,1.0,0.0,8.23,-25.6,True
1.06,0.025,1.02,0.1,0.3,0.0,1.0,10.0,-28.28,True
1.06,0.025,1.02,0.1,0.3,0.25,0.75,9.99,-28.25,True
1.06,0.025,1.02,0.1,0.3,0.5,0.5,9.97,-28.22,True
1.06,0.025,1.02,0.1,0.3,0.75,0.25,9.96,-28.18,True
1.06,0.025,1.02,0.1,0.3,1.0,0.0,9.95,-28.15,True
1.06,0.025,1.02,0.2,0.0,0.0,1.0,1.05,-16.26,True
1.06,0.025,1.02,0.2,0.0,0.25,0.75,1.05,-14.94,True
1.06,0.025,1.02,0.2,0.0,0.5,0.5,1.04,-13.55,True
1.06,0.025,1.02,0.2,0.0,0.75,0.25,1.03,-12.08,True
1.06,0.025,1.02,0.2,0.0,1.0,0.0,1.01,-10.53,True
1.06,0.025,1.02,0.2,0.1,0.0,1.0,6.15,-19.46,True
1.06,0.025,1.02,0.2,0.1,0.25,0.75,6.15,-19.43,True
1.06,0.025,1.02,0.2,0.1,0.5,0.5,6.13,-19.38,True
1.06,0.025,1.02,0.2,0.1,0.75,0.25,6.11,-19.32,True
1.06,0.025,1.02,0.2,0.1,1.0,0.0,6.09,-19.27,True
1.06,0.025,1.02,0.2,0.2,0.0,1.0,8.59,-25.11,True
1.06,0.025,1.02,0.2,0.2,0.25,0.75,8.6,-25.1,True
1.06,0.025,1.02,0.2,0.2,0.5,0.5,8.62,-25.1,True
1.06,0.025,1.02,0.2,0.2,0.75,0.25,8.61,-25.07,True
1.06,0.025,1.02,0.2,0.2,1.0,0.0,8.59,-25.01,True
1.06,0.025,1.02,0.2,0.3,0.0,1.0,10.25,-27.71,True
1.06,0.025,1.02,0.2,0.3,0.25,0.75,10.26,-27.71,True
1.06,0.025,1.02,0.2,0.3,0.5,0.5,10.26,-27.71,True
1.06,0.025,1.02,0.2,0.3,0.75,0.25,10.27,-27.72,True
1.06,0.025,1.02,0.2,0.3,1.0,0.0,10.28,-27.74,True
1.06,0.025,1.02,0.3,0.0,0.0,1.0,1.17,-18.89,True
1.06,0.025,1.02,0.3,0.0,0.25,0.75,1.18,-17.46,True
1.06,0.025,1.02,0.3,0.0,0.5,0.5,1.19,-15.95,True
1.06,0.025,1.02,0.3,0.0,0.75,0.25,1.19,-14.32,True
1.06,0.025,1.02,0.3,0.0,1.0,0.0,1.2,-12.58,True
1.06,0.025,1.02,0.3,0.1,0.0,1.0,6.21,-18.78,True
1.06,0.025,1.02,0.3,0.1,0.25,0.75,6.23,-18.79,True
1.06,0.025,1.02,0.3,0.1,0.5,0.5,6.24,-18.8,True
1.06,0.025,1.02,0.3,0.1,0.75,0.25,6.26,-18.82,True
1.06,0.025,1.02,0.3,0.1,1.0,0.0,6.27,-18.85,True
1.06,0.025,1.02,0.3,0.2,0.0,1.0,8.65,-24.54,True
1.06,0.025,1.02,0.3,0.2,0.25,0.75,8.66,-24.53,True
1.06,0.025,1.02,0.3,0.2,0.5,0.5,8.67,-24.54,True
1.06,0.025,1.02,0.3,0.2,0.75,0.25,8.68,-24.55,True
1.06,0.025,1.02,0.3,0.2,1.0,0.0,8.69,-24.58,True
1.06,0.025,1.02,0.3,0.3,0.0,1.0,10.26,-27.53,True
1.06,0.025,1.02,0.3,0.3,0.25,0.75,10.27,-27.52,True
1.06,0.025,1.02,0.3,0.3,0.5,0.5,10.28,-27.51,True
1.06,0.025,1.02,0.3,0.3,0.75,0.25,10.29,-27.51,True
1.06,0.025,1.02,0.3,0.3,1.0,0.0,10.3,-27.52,True
1.06,0.025,1.02,0.4,0.0,0.0,1.0,1.23,-20.27,True
1.06,0.025,1.02,0.4,0.0,0.25,0.75,1.25,-18.76,True
1.06,0.025,1.02,0.4,0.0,0.5,0.5,1.28,-17.15,True
1.06,0.025,1.02,0.4,0.0,0.75,0.25,1.3,-15.43,True
1.06,0.025,1.02,0.4,0.0,1.0,0.0,1.31,-13.57,True
1.06,0.025,1.02,0.4,0.1,0.0,1.0,6.2,-18.58,True
1.06,0.025,1.02,0.4,0.1,0.25,0.75,6.22,-18.55,True
1.06,0.025,1.02,0.4,0.1,0.5,0.5,6.25,-18.54,True
1.06,0.025,1.02,0.4,0.1,0.75,0.25,6.27,-18.54,True
1.06,0.025,1.02,0.4,0.1,1.0,0.0,6.29,-18.55,True
1.06,0.025,1.02,0.4,0.2,0.0,1.0,8.66,-24.41,True
1.06,0.025,1.02,0.4,0.2,0.25,0.75,8.68,-24.38,True
1.06,0.025,1.02,0.4,0.2,0.5,0.5,8.69,-24.37,True
1.06,0.025,1.02,0.4,0.2,0.75,0.25,8.7,-24.37,True
1.06,0.025,1.02,0.4,0.2,1.0,0.0,8.71,-24.39,True
1.06,0.025,1.02,0.4,0.3,0.0,1.0,10.28,-27.38,True
1.06,0.025,1.02,0.4,0.3,0.25,0.75,10.29,-27.36,True
1.06,0.025,1.02,0.4,0.3,0.5,0.5,10.3,-27.34,True
1.06,0.025,1.02,0.4,0.3,0.75,0.25,10.3,-27.34,True
1.06,0.025,1.02,0.4,0.3,1.0,0.0,10.31,-27.35,True
1.06,0.03,0.95,0.1,0.0,0.0,1.0,1.94,-26.38,True
1.06,0.03,0.95,0.1,0.0,0.25,0.75,1.84,-24.54,True
1.06,0.03,0.95,0.1,0.0,0.5,0.5,1.74,-22.49,True
1.06,0.03,0.95,0.1,0.0,0.75,0.25,1.64,-20.19,True
1.06,0.03,0.95,0.1,0.0,1.0,0.0,1.53,-17.58,True
1.06,0.03,0.95,0.1,0.1,0.0,1.0,6.49,-29.74,True
1.06,0.03,0.95,0.1,0.1,0.25,0.75,6.44,-28.81,True
1.06,0.03,0.95,0.1,0.1,0.5,0.5,6.39,-27.77,True
1.06,0.03,0.95,0.1,0.1,0.75,0.25,6.34,-26.62,True
1.06,0.03,0.95,0.1,0.1,1.0,0.0,6.29,-25.33,True
1.06,0.03,0.95,0.1,0.2,0.0,1.0,8.53,-30.94,True
1.06,0.03,0.95,0.1,0.2,0.25,0.75,8.52,-30.35,True
1.06,0.03,0.95,0.1,0.2,0.5,0.5,8.51,-29.7,True
1.06,0.03,0.95,0.1,0.2,0.75,0.25,8.49,-29.0,True
1.06,0.03,0.95,0.1,0.2,1.0,0.0,8.47,-28.23,True
1.06,0.03,0.95,0.1,0.3,0.0,1.0,10.08,-31.64,True
1.06,0.03,0.95,0.1,0.3,0.25,0.75,10.08,-31.25,True
1.06,0.03,0.95,0.1,0.3,0.5,0.5,10.08,-30.83,True
1.06,0.03,0.95,0.1,0.3,0.75,0.25,10.07,-30.36,True
1.06,0.03,0.95,0.1,0.3,1.0,0.0,10.07,-29.86,True
1.06,0.03,0.95,0.2,0.0,0.0,1.0,2.7,-27.68,True
1.06,0.03,0.95,0.2,0.0,0.25,0.75,2.63,-26.05,True
1.06,0.03,0.95,0.2,0.0,0.5,0.5,2.54,-24.15,True
1.06,0.03,0.95,0.2,0.0,0.75,0.25,2.43,-21.94,True
1.06,0.03,0.95,0.2,0.0,1.0,0.0,2.31,-19.3,True
1.06,0.03,0.95,0.2,0.1,0.0,1.0,6.38,-29.95,True
1.06,0.03,0.95,0.2,0.1,0.25,0.75,6.38,-29.06,True
1.06,0.03,0.95,0.2,0.1,0.5,0.5,6.38,-28.06,True
1.06,0.03,0.95,0.2,0.1,0.75,0.25,6.38,-26.93,True
1.06,0.03,0.95,0.2,0.1,1.0,0.0,6.37,-25.65,True
1.06,0.03,0.95,0.2,0.2,0.0,1.0,8.82,-30.97,True
1.06,0.03,0.95,0.2,0.2,0.25,0.75,8.81,-30.42,True
1.06,0.03,0.95,0.2,0.2,0.5,0.5,8.81,-29.8,True
1.06,0.03,0.95,0.2,0.2,0.75,0.25,8.79,-29.1,True
1.06,0.03,0.95,0.2,0.2,1.0,0.0,8.78,-28.31,True
1.06,0.03,0.95,0.2,0.3,0.0,1.0,10.43,-31.63,True
1.06,0.03,0.95,0.2,0.3,0.25,0.75,10.44,-31.23,True
1.06,0.03,0.95,0.2,0.3,0.5,0.5,10.45,-30.78,True
1.06,0.03,0.95,0.2,0.3,0.75,0.25,10.45,-30.28,True
1.06,0.03,0.95,0.2,0.3,1.0,0.0,10.45,-29.72,True
1.06,0.03,0.95,0.3,0.0,0.0,1.0,2.31,-27.68,True
1.06,0.03,0.95,0.3,0.0,0.25,0.75,2.3,-26.05,True
1.06,0.03,0.95,0.3,0.0,0.5,0.5,2.28,-24.15,True
1.06,0.03,0.95,0.3,0.0,0.75,0.25,2.24,-21.94,True
1.06,0.03,0.95,0.3,0.0,1.0,0.0,2.19,-19.3,True
1.06,0.03,0.95,0.3,0.1,0.0,1.0,6.51,-29.92,True
1.06,0.03,0.95,0.3,0.1,0.25,0.75,6.53,-29.06,True
1.06,0.03,0.95,0.3,0.1,0.5,0.5,6.54,-28.07,True
1.06,0.03,0.95,0.3,0.1,0.75,0.25,6.55,-26.95,True
1.06,0.03,0.95,0.3,0.1,1.0,0.0,6.56,-25.65,True
1.06,0.03,0.95,0.3,0.2,0.0,1.0,8.89,-30.98,True
1.06,0.03,0.95,0.3,0.2,0.25,0.75,8.91,-30.4,True
1.06,0.03,0.95,0.3,0.2,0.5,0.5,8.93,-29.75,True
1.06,0.03,0.95,0.3,0.2,0.75,0.25,8.94,-29.0,True
1.06,0.03,0.95,0.3,0.2,1.0,0.0,8.94,-28.14,True
1.06,0.03,0.95,0.3,0.3,0.0,1.0,10.39,-31.7,True
1.06,0.03,0.95,0.3,0.3,0.25,0.75,10.41,-31.31,True
1.06,0.03,0.95,0.3,0.3,0.5,0.5,10.42,-30.86,True
1.06,0.03,0.95,0.3,0.3,0.75,0.25,10.43,-30.36,True
1.06,0.03,0.95,0.3,0.3,1.0,0.0,10.44,-29.79,True
1.06,0.03,0.95,0.4,0.0,0.0,1.0,1.67,-27.68,True
1.06,0.03,0.95,0.4,0.0,0.25,0.75,1.75,-26.05,True
1.06,0.03,0.95,0.4,0.0,0.5,0.5,1.81,-24.17,True
1.06,0.03,0.95,0.4,0.0,0.75,0.25,1.85,-21.95,True
1.06,0.03,0.95,0.4,0.0,1.0,0.0,1.87,-19.3,True
1.06,0.03,0.95,0.4,0.1,0.0,1.0,6.59,-29.87,True
1.06,0.03,0.95,0.4,0.1,0.25,0.75,6.62,-29.0,True
1.06,0.03,0.95,0.4,0.1,0.5,0.5,6.64,-28.01,True
1.06,0.03,0.95,0.4,0.1,0.75,0.25,6.65,-26.86,True
1.06,0.03,0.95,0.4,0.1,1.0,0.0,6.65,-25.51,True
1.06,0.03,0.95,0.4,0.2,0.0,1.0,8.83,-31.07,True
1.06,0.03,0.95,0.4,0.2,0.25,0.75,8.86,-30.5,True
1.06,0.03,0.95,0.4,0.2,0.5,0.5,8.89,-29.85,True
1.06,0.03,0.95,0.4,0.2,0.75,0.25,8.9,-29.11,True
1.06,0.03,0.95,0.4,0.2,1.0,0.0,8.92,-28.25,True
1.06,0.03,0.95,0.4,0.3,0.0,1.0,10.36,-31.77,True
1.06,0.03,0.95,0.4,0.3,0.25,0.75,10.38,-31.38,True
1.06,0.03,0.95,0.4,0.3,0.5,0.5,10.4,-30.94,True
1.06,0.03,0.95,0.4,0.3,0.75,0.25,10.41,-30.44,True
1.06,0.03,0.95,0.4,0.3,1.0,0.0,10.42,-29.87,True
1.06,0.03,0.97,0.1,0.0,0.0,1.0,2.38,-20.76,True
1.06,0.03,0.97,0.1,0.0,0.25,0.75,2.24,-19.27,True
1.06,0.03,0.97,0.1,0.0,0.5,0.5,2.1,-17.6,True
1.06,0.03,0.97,0.1,0.0,0.75,0.25,1.94,-15.73,True
1.06,0.03,0.97,0.1,0.0,1.0,0.0,1.78,-13.61,True
1.06,0.03,0.97,0.1,0.1,0.0,1.0,6.72,-26.21,True
1.06,0.03,0.97,0.1,0.1,0.25,0.75,6.65,-25.52,True
1.06,0.03,0.97,0.1,0.1,0.5,0.5,6.57,-24.76,True
1.06,0.03,0.97,0.1,0.1,0.75,0.25,6.49,-23.91,True
1.06,0.03,0.97,0.1,0.1,1.0,0.0,6.4,-22.96,True
1.06,0.03,0.97,0.1,0.2,0.0,1.0,8.71,-28.64,True
1.06,0.03,0.97,0.1,0.2,0.25,0.75,8.67,-28.23,True
1.06,0.03,0.97,0.1,0.2,0.5,0.5,8.63,-27.78,True
1.06,0.03,0.97,0.1,0.2,0.75,0.25,8.59,-27.29,True
1.06,0.03,0.97,0.1,0.2,1.0,0.0,8.55,-26.75,True
1.06,0.03,0.97,0.1,0.3,0.0,1.0,10.22,-30.07,True
1.06,0.03,0.97,0.1,0.3,0.25,0.75,10.19,-29.81,True
1.06,0.03,0.97,0.1,0.3,0.5,0.5,10.17,-29.53,True
1.06,0.03,0.97,0.1,0.3,0.75,0.25,10.14,-29.22,True
1.06,0.03,0.97,0.1,0.3,1.0,0.0,10.11,-28.89,True
1.06,0.03,0.97,0.2,0.0,0.0,1.0,3.27,-22.06,True
1.06,0.03,0.97,0.2,0.0,0.25,0.75,3.14,-20.71,True
1.06,0.03,0.97,0.2,0.0,0.5,0.5,2.99,-19.15,True
1.06,0.03,0.97,0.2,0.0,0.75,0.25,2.82,-17.33,True
1.06,0.03,0.97,0.2,0.0,1.0,0.0,2.63,-15.15,True
1.06,0.03,0.97,0.2,0.1,0.0,1.0,6.71,-26.64,True
1.06,0.03,0.97,0.2,0.1,0.25,0.75,6.69,-26.0,True
1.06,0.03,0.97,0.2,0.1,0.5,0.5,6.64,-25.24,True
1.06,0.03,0.97,0.2,0.1,0.75,0.25,6.59,-24.39,True
1.06,0.03,0.97,0.2,0.1,1.0,0.0,6.54,-23.43,True
1.06,0.03,0.97,0.2,0.2,0.0,1.0,8.89,-28.68,True
1.06,0.03,0.97,0.2,0.2,0.25,0.75,8.88,-28.31,True
1.06,0.03,0.97,0.2,0.2,0.5,0.5,8.87,-27.9,True
1.06,0.03,0.97,0.2,0.2,0.75,0.25,8.85,-27.45,True
1.06,0.03,0.97,0.2,0.2,1.0,0.0,8.82,-26.92,True
1.06,0.03,0.97,0.2,0.3,0.0,1.0,10.36,-30.03,True
1.06,0.03,0.97,0.2,0.3,0.25,0.75,10.37,-29.75,True
1.06,0.03,0.97,0.2,0.3,0.5,0.5,10.38,-29.45,True
1.06,0.03,0.97,0.2,0.3,0.75,0.25,10.38,-29.12,True
1.06,0.03,0.97,0.2,0.3,1.0,0.0,10.38,-28.76,True
1.06,0.03,0.97,0.3,0.0,0.0,1.0,2.93,-22.06,True
1.06,0.03,0.97,0.3,0.0,0.25,0.75,2.86,-20.71,True
1.06,0.03,0.97,0.3,0.0,0.5,0.5,2.76,-19.15,True
1.06,0.03,0.97,0.3,0.0,0.75,0.25,2.65,-17.33,True
1.06,0.03,0.97,0.3,0.0,1.0,0.0,2.52,-15.15,True
1.06,0.03,0.97,0.3,0.1,0.0,1.0,6.63,-26.54,True
1.06,0.03,0.97,0.3,0.1,0.25,0.75,6.62,-25.9,True
1.06,0.03,0.97,0.3,0.1,0.5,0.5,6.61,-25.18,True
1.06,0.03,0.97,0.3,0.1,0.75,0.25,6.59,-24.35,True
1.06,0.03,0.97,0.3,0.1,1.0,0.0,6.57,-23.41,True
1.06,0.03,0.97,0.3,0.2,0.0,1.0,8.78,-28.74,True
1.06,0.03,0.97,0.3,0.2,0.25,0.75,8.8,-28.31,True
1.06,0.03,0.97,0.3,0.2,0.5,0.5,8.81,-27.84,True
1.06,0.03,0.97,0.3,0.2,0.75,0.25,8.82,-27.32,True
1.06,0.03,0.97,0.3,0.2,1.0,0.0,8.83,-26.74,True
1.06,0.03,0.97,0.3,0.3,0.0,1.0,10.31,-30.24,True
1.06,0.03,0.97,0.3,0.3,0.25,0.75,10.33,-29.95,True
1.06,0.03,0.97,0.3,0.3,0.5,0.5,10.34,-29.64,True
1.06,0.03,0.97,0.3,0.3,0.75,0.25,10.35,-29.3,True
1.06,0.03,0.97,0.3,0.3,1.0,0.0,10.36,-28.92,True
1.06,0.03,0.97,0.4,0.0,0.0,1.0,2.34,-22.06,True
1.06,0.03,0.97,0.4,0.0,0.25,0.75,2.33,-20.72,True
1.06,0.03,0.97,0.4,0.0,0.5,0.5,2.31,-19.16,True
1.06,0.03,0.97,0.4,0.0,0.75,0.25,2.26,-17.33,True
1.06,0.03,0.97,0.4,0.0,1.0,0.0,2.19,-15.15,True
1.06,0.03,0.97,0.4,0.1,0.0,1.0,6.53,-26.48,True
1.06,0.03,0.97,0.4,0.1,0.25,0.75,6.56,-25.82,True
1.06,0.03,0.97,0.4,0.1,0.5,0.5,6.56,-25.09,True
1.06,0.03,0.97,0.4,0.1,0.75,0.25,6.55,-24.25,True
1.06,0.03,0.97,0.4,0.1,1.0,0.0,6.53,-23.27,True
1.06,0.03,0.97,0.4,0.2,0.0,1.0,8.7,-28.98,True
1.06,0.03,0.97,0.4,0.2,0.25,0.75,8.73,-28.55,True
1.06,0.03,0.97,0.4,0.2,0.5,0.5,8.76,-28.08,True
1.06,0.03,0.97,0.4,0.2,0.75,0.25,8.78,-27.55,True
1.06,0.03,0.97,0.4,0.2,1.0,0.0,8.79,-26.95,True
1.06,0.03,0.97,0.4,0.3,0.0,1.0,10.28,-30.35,True
1.06,0.03,0.97,0.4,0.3,0.25,0.75,10.3,-30.06,True
1.06,0.03,0.97,0.4,0.3,0.5,0.5,10.32,-29.74,True
1.06,0.03,0.97,0.4,0.3,0.75,0.25,10.33,-29.39,True
1.06,0.03,0.97,0.4,0.3,1.0,0.0,10.34,-29.0,True
1.06,0.03,0.99,0.1,0.0,0.0,1.0,0.93,-8.33,True
1.06,0.03,0.99,0.1,0.0,0.25,0.75,0.89,-7.47,True
1.06,0.03,0.99,0.1,0.0,0.5,0.5,0.86,-6.59,True
1.06,0.03,0.99,0.1,0.0,0.75,0.25,0.82,-5.67,True
1.06,0.03,0.99,0.1,0.0,1.0,0.0,0.78,-4.73,True
1.06,0.03,0.99,0.1,0.1,0.0,1.0,6.11,-18.4,True
1.06,0.03,0.99,0.1,0.1,0.25,0.75,6.07,-18.44,True
1.06,0.03,0.99,0.1,0.1,0.5,0.5,6.03,-18.48,True
1.06,0.03,0.99,0.1,0.1,0.75,0.25,5.99,-18.53,True
1.06,0.03,0.99,0.1,0.1,1.0,0.0,5.95,-18.58,True
1.06,0.03,0.99,0.1,0.2,0.0,1.0,8.48,-24.72,True
1.06,0.03,0.99,0.1,0.2,0.25,0.75,8.45,-24.72,True
1.06,0.03,0.99,0.1,0.2,0.5,0.5,8.42,-24.73,True
1.06,0.03,0.99,0.1,0.2,0.75,0.25,8.39,-24.74,True
1.06,0.03,0.99,0.1,0.2,1.0,0.0,8.36,-24.75,True
1.06,0.03,0.99,0.1,0.3,0.0,1.0,10.15,-27.77,True
1.06,0.03,0.99,0.1,0.3,0.25,0.75,10.12,-27.77,True
1.06,0.03,0.99,0.1,0.3,0.5,0.5,10.09,-27.78,True
1.06,0.03,0.99,0.1,0.3,0.75,0.25,10.06,-27.78,True
1.06,0.03,0.99,0.1,0.3,1.0,0.0,10.04,-27.78,True
1.06,0.03,0.99,0.2,0.0,0.0,1.0,1.78,-11.29,True
1.06,0.03,0.99,0.2,0.0,0.25,0.75,1.72,-10.23,True
1.06,0.03,0.99,0.2,0.0,0.5,0.5,1.65,-9.1,True
1.06,0.03,0.99,0.2,0.0,0.75,0.25,1.58,-7.89,True
1.06,0.03,0.99,0.2,0.0,1.0,0.0,1.51,-6.61,True
1.06,0.03,0.99,0.2,0.1,0.0,1.0,6.38,-18.94,True
1.06,0.03,0.99,0.2,0.1,0.25,0.75,6.37,-19.0,True
1.06,0.03,0.99,0.2,0.1,0.5,0.5,6.37,-19.06,True
1.06,0.03,0.99,0.2,0.1,0.75,0.25,6.36,-19.14,True
1.06,0.03,0.99,0.2,0.1,1.0,0.0,6.35,-19.2,True
1.06,0.03,0.99,0.2,0.2,0.0,1.0,8.74,-24.53,True
1.06,0.03,0.99,0.2,0.2,0.25,0.75,8.74,-24.61,True
1.06,0.03,0.99,0.2,0.2,0.5,0.5,8.73,-24.68,True
1.06,0.03,0.99,0.2,0.2,0.75,0.25,8.73,-24.76,True
1.06,0.03,0.99,0.2,0.2,1.0,0.0,8.73,-24.85,True
1.06,0.03,0.99,0.2,0.3,0.0,1.0,10.35,-27.22,True
1.06,0.03,0.99,0.2,0.3,0.25,0.75,10.35,-27.27,True
1.06,0.03,0.99,0.2,0.3,0.5,0.5,10.35,-27.34,True
1.06,0.03,0.99,0.2,0.3,0.75,0.25,10.35,-27.42,True
1.06,0.03,0.99,0.2,0.3,1.0,0.0,10.34,-27.51,True
1.06,0.03,0.99,0.3,0.0,0.0,1.0,1.83,-10.99,True
1.06,0.03,0.99,0.3,0.0,0.25,0.75,1.79,-9.94,True
1.06,0.03,0.99,0.3,0.0,0.5,0.5,1.74,-8.83,True
1.06,0.03,0.99,0.3,0.0,0.75,0.25,1.7,-7.63,True
1.06,0.03,0.99,0.3,0.0,1.0,0.0,1.65,-6.36,True
1.06,0.03,0.99,0.3,0.1,0.0,1.0,6.42,-18.74,True
1.06,0.03,0.99,0.3,0.1,0.25,0.75,6.42,-18.79,True
1.06,0.03,0.99,0.3,0.1,0.5,0.5,6.41,-18.84,True
1.06,0.03,0.99,0.3,0.1,0.75,0.25,6.41,-18.91,True
1.06,0.03,0.99,0.3,0.1,1.0,0.0,6.4,-18.98,True
1.06,0.03,0.99,0.3,0.2,0.0,1.0,8.77,-24.37,True
1.06,0.03,0.99,0.3,0.2,0.25,0.75,8.78,-24.4,True
1.06,0.03,0.99,0.3,0.2,0.5,0.5,8.78,-24.43,True
1.06,0.03,0.99,0.3,0.2,0.75,0.25,8.78,-24.52,True
1.06,0.03,0.99,0.3,0.2,1.0,0.0,8.78,-24.6,True
1.06,0.03,0.99,0.3,0.3,0.0,1.0,10.31,-27.67,True
1.06,0.03,0.99,0.3,0.3,0.25,0.75,10.31,-27.65,True
1.06,0.03,0.99,0.3,0.3,0.5,0.5,10.32,-27.64,True
1.06,0.03,0.99,0.3,0.3,0.75,0.25,10.33,-27.64,True
1.06,0.03,0.99,0.3,0.3,1.0,0.0,10.33,-27.65,True
1.06,0.03,0.99,0.4,0.0,0.0,1.0,1.59,-10.7,True
1.06,0.03,0.99,0.4,0.0,0.25,0.75,1.59,-9.66,True
1.06,0.03,0.99,0.4,0.0,0.5,0.5,1.58,-8.56,True
1.06,0.03,0.99,0.4,0.0,0.75,0.25,1.57,-7.38,True
1.06,0.03,0.99,0.4,0.0,1.0,0.0,1.54,-6.11,True
1.06,0.03,0.99,0.4,0.1,0.0,1.0,6.37,-19.02,True
1.06,0.03,0.99,0.4,0.1,0.25,0.75,6.38,-19.02,True
1.06,0.03,0.99,0.4,0.1,0.5,0.5,6.38,-19.03,True
1.06,0.03,0.99,0.4,0.1,0.75,0.25,6.39,-19.06,True
1.06,0.03,0.99,0.4,0.1,1.0,0.0,6.39,-19.09,True
1.06,0.03,0.99,0.4,0.2,0.0,1.0,8.71,-24.95,True
1.06,0.03,0.99,0.4,0.2,0.25,0.75,8.72,-24.89,True
1.06,0.03,0.99,0.4,0.2,0.5,0.5,8.73,-24.86,True
1.06,0.03,0.99,0.4,0.2,0.75,0.25,8.74,-24.84,True
1.06,0.03,0.99,0.4,0.2,1.0,0.0,8.75,-24.83,True
1.06,0.03,0.99,0.4,0.3,0.0,1.0,10.3,-27.79,True
1.06,0.03,0.99,0.4,0.3,0.25,0.75,10.3,-27.75,True
1.06,0.03,0.99,0.4,0.3,0.5,0.5,10.31,-27.72,True
1.06,0.03,0.99,0.4,0.3,0.75,0.25,10.32,-27.71,True
1.06,0.03,0.99,0.4,0.3,1.0,0.0,10.32,-27.71,True
1.06,0.03,1.0,0.1,0.0,0.0,1.0,0.26,-3.77,True
1.06,0.03,1.0,0.1,0.0,0.25,0.75,0.27,-3.34,True
1.06,0.03,1.0,0.1,0.0,0.5,0.5,0.28,-2.9,True
1.06,0.03,1.0,0.1,0.0,0.75,0.25,0.29,-2.45,True
1.06,0.03,1.0,0.1,0.0,1.0,0.0,0.29,-1.99,True
1.06,0.03,1.0,0.1,0.1,0.0,1.0,5.7,-20.63,True
1.06,0.03,1.0,0.1,0.1,0.25,0.75,5.68,-20.53,True
1.06,0.03,1.0,0.1,0.1,0.5,0.5,5.67,-20.42,True
1.06,0.03,1.0,0.1,0.1,0.75,0.25,5.66,-20.31,True
1.06,0.03,1.0,0.1,0.1,1.0,0.0,5.65,-20.2,True
1.06,0.03,1.0,0.1,0.2,0.0,1.0,8.24,-26.47,True
1.06,0.03,1.0,0.1,0.2,0.25,0.75,8.23,-26.35,True
1.06,0.03,1.0,0.1,0.2,0.5,0.5,8.21,-26.24,True
1.06,0.03,1.0,0.1,0.2,0.75,0.25,8.2,-26.13,True
1.06,0.03,1.0,0.1,0.2,1.0,0.0,8.18,-26.02,True
1.06,0.03,1.0,0.1,0.3,0.0,1.0,9.99,-29.07,True
1.06,0.03,1.0,0.1,0.3,0.25,0.75,9.97,-28.99,True
1.06,0.03,1.0,0.1,0.3,0.5,0.5,9.95,-28.9,True
1.06,0.03,1.0,0.1,0.3,0.75,0.25,9.93,-28.81,True
1.06,0.03,1.0,0.1,0.3,1.0,0.0,9.91,-28.72,True
1.06,0.03,1.0,0.2,0.0,0.0,1.0,0.44,-6.59,True
1.06,0.03,1.0,0.2,0.0,0.25,0.75,0.47,-5.88,True
1.06,0.03,1.0,0.2,0.0,0.5,0.5,0.49,-5.14,True
1.06,0.03,1.0,0.2,0.0,0.75,0.25,0.51,-4.38,True
1.06,0.03,1.0,0.2,0.0,1.0,0.0,0.53,-3.59,True
1.06,0.03,1.0,0.2,0.1,0.0,1.0,5.91,-21.25,True
1.06,0.03,1.0,0.2,0.1,0.25,0.75,5.93,-21.16,True
1.06,0.03,1.0,0.2,0.1,0.5,0.5,5.96,-21.06,True
1.06,0.03,1.0,0.2,0.1,0.75,0.25,5.99,-20.97,True
1.06,0.03,1.0,0.2,0.1,1.0,0.0,6.01,-20.87,True
1.06,0.03,1.0,0.2,0.2,0.0,1.0,8.46,-26.45,True
1.06,0.03,1.0,0.2,0.2,0.25,0.75,8.48,-26.39,True
1.06,0.03,1.0,0.2,0.2,0.5,0.5,8.49,-26.32,True
1.06,0.03,1.0,0.2,0.2,0.75,0.25,8.51,-26.26,True
1.06,0.03,1.0,0.2,0.2,1.0,0.0,8.53,-26.2,True
1.06,0.03,1.0,0.2,0.3,0.0,1.0,10.16,-28.74,True
1.06,0.03,1.0,0.2,0.3,0.25,0.75,10.17,-28.68,True
1.06,0.03,1.0,0.2,0.3,0.5,0.5,10.18,-28.62,True
1.06,0.03,1.0,0.2,0.3,0.75,0.25,10.2,-28.57,True
1.06,0.03,1.0,0.2,0.3,1.0,0.0,10.21,-28.52,True
1.06,0.03,1.0,0.3,0.0,0.0,1.0,0.39,-7.33,True
1.06,0.03,1.0,0.3,0.0,0.25,0.75,0.45,-6.58,True
1.06,0.03,1.0,0.3,0.0,0.5,0.5,0.5,-5.79,True
1.06,0.03,1.0,0.3,0.0,0.75,0.25,0.55,-4.96,True
1.06,0.03,1.0,0.3,0.0,1.0,0.0,0.6,-4.08,True
1.06,0.03,1.0,0.3,0.1,0.0,1.0,5.88,-21.12,True
1.06,0.03,1.0,0.3,0.1,0.25,0.75,5.91,-21.01,True
1.06,0.03,1.0,0.3,0.1,0.5,0.5,5.94,-20.9,True
1.06,0.03,1.0,0.3,0.1,0.75,0.25,5.98,-20.79,True
1.06,0.03,1.0,0.3,0.1,1.0,0.0,6.01,-20.68,True
1.06,0.03,1.0,0.3,0.2,0.0,1.0,8.48,-26.37,True
1.06,0.03,1.0,0.3,0.2,0.25,0.75,8.5,-26.25,True
1.06,0.03,1.0,0.3,0.2,0.5,0.5,8.52,-26.15,True
1.06,0.03,1.0,0.3,0.2,0.75,0.25,8.54,-26.05,True
1.06,0.03,1.0,0.3,0.2,1.0,0.0,8.56,-25.95,True
1.06,0.03,1.0,0.3,0.3,0.0,1.0,10.13,-29.12,True
1.06,0.03,1.0,0.3,0.3,0.25,0.75,10.14,-29.02,True
1.06,0.03,1.0,0.3,0.3,0.5,0.5,10.16,-28.92,True
1.06,0.03,1.0,0.3,0.3,0.75,0.25,10.17,-28.83,True
1.06,0.03,1.0,0.3,0.3,1.0,0.0,10.19,-28.74,True
1.06,0.03,1.0,0.4,0.0,0.0,1.0,0.07,-7.33,True
1.06,0.03,1.0,0.4,0.0,0.25,0.75,0.17,-6.58,True
1.06,0.03,1.0,0.4,0.0,0.5,0.5,0.26,-5.94,True
1.06,0.03,1.0,0.4,0.0,0.75,0.25,0.35,-5.37,True
1.06,0.03,1.0,0.4,0.0,1.0,0.0,0.43,-4.79,True
1.06,0.03,1.0,0.4,0.1,0.0,1.0,5.85,-21.47,True
1.06,0.03,1.0,0.4,0.1,0.25,0.75,5.89,-21.31,True
1.06,0.03,1.0,0.4,0.1,0.5,0.5,5.92,-21.15,True
1.06,0.03,1.0,0.4,0.1,0.75,0.25,5.96,-20.99,True
1.06,0.03,1.0,0.4,0.1,1.0,0.0,6.0,-20.84,True
1.06,0.03,1.0,0.4,0.2,0.0,1.0,8.43,-26.85,True
1.06,0.03,1.0,0.4,0.2,0.25,0.75,8.45,-26.7,True
1.06,0.03,1.0,0.4,0.2,0.5,0.5,8.48,-26.55,True
1.06,0.03,1.0,0.4,0.2,0.75,0.25,8.5,-26.41,True
1.06,0.03,1.0,0.4,0.2,1.0,0.0,8.52,-26.27,True
1.06,0.03,1.0,0.4,0.3,0.0,1.0,10.12,-29.22,True
1.06,0.03,1.0,0.4,0.3,0.25,0.75,10.14,-29.11,True
1.06,0.03,1.0,0.4,0.3,0.5,0.5,10.15,-29.0,True
1.06,0.03,1.0,0.4,0.3,0.75,0.25,10.17,-28.9,True
1.06,0.03,1.0,0.4,0.3,1.0,0.0,10.18,-28.8,True
1.06,0.03,1.01,0.1,0.0,0.0,1.0,0.56,-1.13,True
1.06,0.03,1.01,0.1,0.0,0.25,0.75,0.54,-1.03,True
1.06,0.03,1.01,0.1,0.0,0.5,0.5,0.52,-0.94,True
1.06,0.03,1.01,0.1,0.0,0.75,0.25,0.5,-0.85,True
1.06,0.03,1.01,0.1,0.0,1.0,0.0,0.48,-0.75,True
1.06,0.03,1.01,0.1,0.1,0.0,1.0,5.87,-19.92,True
1.06,0.03,1.01,0.1,0.1,0.25,0.75,5.84,-19.86,True
1.06,0.03,1.01,0.1,0.1,0.5,0.5,5.81,-19.8,True
1.06,0.03,1.01,0.1,0.1,0.75,0.25,5.78,-19.74,True
1.06,0.03,1.01,0.1,0.1,1.0,0.0,5.75,-19.67,True
1.06,0.03,1.01,0.1,0.2,0.0,1.0,8.39,-25.88,True
1.06,0.03,1.01,0.1,0.2,0.25,0.75,8.36,-25.8,True
1.06,0.03,1.01,0.1,0.2,0.5,0.5,8.33,-25.73,True
1.06,0.03,1.01,0.1,0.2,0.75,0.25,8.29,-25.66,True
1.06,0.03,1.01,0.1,0.2,1.0,0.0,8.26,-25.58,True
1.06,0.03,1.01,0.1,0.3,0.0,1.0,10.12,-28.6,True
1.06,0.03,1.01,0.1,0.3,0.25,0.75,10.09,-28.54,True
1.06,0.03,1.01,0.1,0.3,0.5,0.5,10.05,-28.49,True
1.06,0.03,1.01,0.1,0.3,0.75,0.25,10.02,-28.44,True
1.06,0.03,1.01,0.1,0.3,1.0,0.0,9.98,-28.38,True
1.06,0.03,1.01,0.2,0.0,0.0,1.0,1.0,-2.26,True
1.06,0.03,1.01,0.2,0.0,0.25,0.75,0.98,-2.07,True
1.06,0.03,1.01,0.2,0.0,0.5,0.5,0.96,-1.88,True
1.06,0.03,1.01,0.2,0.0,0.75,0.25,0.93,-1.69,True
1.06,0.03,1.01,0.2,0.0,1.0,0.0,0.9,-1.5,True
1.06,0.03,1.01,0.2,0.1,0.0,1.0,6.15,-19.84,True
1.06,0.03,1.01,0.2,0.1,0.25,0.75,6.15,-19.86,True
1.06,0.03,1.01,0.2,0.1,0.5,0.5,6.16,-19.88,True
1.06,0.03,1.01,0.2,0.1,0.75,0.25,6.16,-19.91,True
1.06,0.03,1.01,0.2,0.1,1.0,0.0,6.17,-19.95,True
1.06,0.03,1.01,0.2,0.2,0.0,1.0,8.61,-25.32,True
1.06,0.03,1.01,0.2,0.2,0.25,0.75,8.62,-25.34,True
1.06,0.03,1.01,0.2,0.2,0.5,0.5,8.62,-25.37,True
1.06,0.03,1.01,0.2,0.2,0.75,0.25,8.63,-25.41,True
1.06,0.03,1.01,0.2,0.2,1.0,0.0,8.63,-25.44,True
1.06,0.03,1.01,0.2,0.3,0.0,1.0,10.27,-27.77,True
1.06,0.03,1.01,0.2,0.3,0.25,0.75,10.27,-27.82,True
1.06,0.03,1.01,0.2,0.3,0.5,0.5,10.27,-27.86,True
1.06,0.03,1.01,0.2,0.3,0.75,0.25,10.27,-27.91,True
1.06,0.03,1.01,0.2,0.3,1.0,0.0,10.28,-27.95,True
1.06,0.03,1.01,0.3,0.0,0.0,1.0,1.1,-3.38,True
1.06,0.03,1.01,0.3,0.0,0.25,0.75,1.1,-3.1,True
1.06,0.03,1.01,0.3,0.0,0.5,0.5,1.09,-2.82,True
1.06,0.03,1.01,0.3,0.0,0.75,0.25,1.08,-2.54,True
1.06,0.03,1.01,0.3,0.0,1.0,0.0,1.07,-2.26,True
1.06,0.03,1.01,0.3,0.1,0.0,1.0,6.18,-19.36,True
1.06,0.03,1.01,0.3,0.1,0.25,0.75,6.19,-19.39,True
1.06,0.03,1.01,0.3,0.1,0.5,0.5,6.2,-19.42,True
1.06,0.03,1.01,0.3,0.1,0.75,0.25,6.21,-19.46,True
1.06,0.03,1.01,0.3,0.1,1.0,0.0,6.21,-19.5,True
1.06,0.03,1.01,0.3,0.2,0.0,1.0,8.66,-24.88,True
1.06,0.03,1.01,0.3,0.2,0.25,0.75,8.66,-24.92,True
1.06,0.03,1.01,0.3,0.2,0.5,0.5,8.66,-24.96,True
1.06,0.03,1.01,0.3,0.2,0.75,0.25,8.67,-25.01,True
1.06,0.03,1.01,0.3,0.2,1.0,0.0,8.67,-25.07,True
1.06,0.03,1.01,0.3,0.3,0.0,1.0,10.23,-28.16,True
1.06,0.03,1.01,0.3,0.3,0.25,0.75,10.24,-28.13,True
1.06,0.03,1.01,0.3,0.3,0.5,0.5,10.25,-28.11,True
1.06,0.03,1.01,0.3,0.3,0.75,0.25,10.26,-28.1,True
1.06,0.03,1.01,0.3,0.3,1.0,0.0,10.26,-28.09,True
1.06,0.03,1.01,0.4,0.0,0.0,1.0,0.91,-4.51,True
1.06,0.03,1.01,0.4,0.0,0.25,0.75,0.93,-4.14,True
1.06,0.03,1.01,0.4,0.0,0.5,0.5,0.96,-3.76,True
1.06,0.03,1.01,0.4,0.0,0.75,0.25,0.97,-3.38,True
1.06,0.03,1.01,0.4,0.0,1.0,0.0,0.98,-3.01,True
1.06,0.03,1.01,0.4,0.1,0.0,1.0,6.17,-19.32,True
1.06,0.03,1.01,0.4,0.1,0.25,0.75,6.18,-19.33,True
1.06,0.03,1.01,0.4,0.1,0.5,0.5,6.19,-19.35,True
1.06,0.03,1.01,0.4,0.1,0.75,0.25,6.21,-19.37,True
1.06,0.03,1.01,0.4,0.1,1.0,0.0,6.22,-19.4,True
1.06,0.03,1.01,0.4,0.2,0.0,1.0,8.6,-25.4,True
1.06,0.03,1.01,0.4,0.2,0.25,0.75,8.61,-25.36,True
1.06,0.03,1.01,0.4,0.2,0.5,0.5,8.63,-25.32,True
1.06,0.03,1.01,0.4,0.2,0.75,0.25,8.64,-25.3,True
1.06,0.03,1.01,0.4,0.2,1.0,0.0,8.65,-25.29,True
1.06,0.03,1.01,0.4,0.3,0.0,1.0,10.23,-28.21,True
1.06,0.03,1.01,0.4,0.3,0.25,0.75,10.24,-28.17,True
1.06,0.03,1.01,0.4,0.3,0.5,0.5,10.25,-28.14,True
1.06,0.03,1.01,0.4,0.3,0.75,0.25,10.25,-28.12,True
1.06,0.03,1.01,0.4,0.3,1.0,0.0,10.26,-28.1,True
1.06,0.03,1.02,0.1,0.0,0.0,1.0,0.24,-1.13,True
1.06,0.03,1.02,0.1,0.0,0.25,0.75,0.25,-1.03,True
1.06,0.03,1.02,0.1,0.0,0.5,0.5,0.25,-0.94,True
1.06,0.03,1.02,0.1,0.0,0.75,0.25,0.25,-0.85,True
1.06,0.03,1.02,0.1,0.0,1.0,0.0,0.25,-0.75,True
1.06,0.03,1.02,0.1,0.1,0.0,1.0,5.74,-20.4,True
1.06,0.03,1.02,0.1,0.1,0.25,0.75,5.73,-20.35,True
1.06,0.03,1.02,0.1,0.1,0.5,0.5,5.72,-20.29,True
1.06,0.03,1.02,0.1,0.1,0.75,0.25,5.71,-20.24,True
1.06,0.03,1.02,0.1,0.1,1.0,0.0,5.7,-20.19,True
1.06,0.03,1.02,0.1,0.2,0.0,1.0,8.27,-26.17,True
1.06,0.03,1.02,0.1,0.2,0.25,0.75,8.26,-26.11,True
1.06,0.03,1.02,0.1,0.2,0.5,0.5,8.24,-26.05,True
1.06,0.03,1.02,0.1,0.2,0.75,0.25,8.23,-25.99,True
1.06,0.03,1.02,0.1,0.2,1.0,0.0,8.22,-25.93,True
1.06,0.03,1.02,0.1,0.3,0.0,1.0,9.99,-28.72,True
1.06,0.03,1.02,0.1,0.3,0.25,0.75,9.97,-28.68,True
1.06,0.03,1.02,0.1,0.3,0.5,0.5,9.96,-28.64,True
1.06,0.03,1.02,0.1,0.3,0.75,0.25,9.95,-28.6,True
1.06,0.03,1.02,0.1,0.3,1.0,0.0,9.93,-28.56,True
1.06,0.03,1.02,0.2,0.0,0.0,1.0,0.44,-2.26,True
1.06,0.03,1.02,0.2,0.0,0.25,0.75,0.45,-2.07,True
1.06,0.03,1.02,0.2,0.0,0.5,0.5,0.46,-1.88,True
1.06,0.03,1.02,0.2,0.0,0.75,0.25,0.46,-1.69,True
1.06,0.03,1.02,0.2,0.0,1.0,0.0,0.47,-1.5,True
1.06,0.03,1.02,0.2,0.1,0.0,1.0,6.01,-20.96,True
1.06,0.03,1.02,0.2,0.1,0.25,0.75,6.01,-20.88,True
1.06,0.03,1.02,0.2,0.1,0.5,0.5,5.99,-20.76,True
1.06,0.03,1.02,0.2,0.1,0.75,0.25,5.97,-20.64,True
1.06,0.03,1.02,0.2,0.1,1.0,0.0,5.96,-20.52,True
1.06,0.03,1.02,0.2,0.2,0.0,1.0,8.56,-25.96,True
1.06,0.03,1.02,0.2,0.2,0.25,0.75,8.57,-25.96,True
1.06,0.03,1.02,0.2,0.2,0.5,0.5,8.57,-25.96,True
1.06,0.03,1.02,0.2,0.2,0.75,0.25,8.56,-25.94,True
1.06,0.03,1.02,0.2,0.2,1.0,0.0,8.53,-25.88,True
1.06,0.03,1.02,0.2,0.3,0.0,1.0,10.23,-28.4,True
1.06,0.03,1.02,0.2,0.3,0.25,0.75,10.23,-28.38,True
1.06,0.03,1.02,0.2,0.3,0.5,0.5,10.24,-28.37,True
1.06,0.03,1.02,0.2,0.3,0.75,0.25,10.24,-28.36,True
1.06,0.03,1.02,0.2,0.3,1.0,0.0,10.24,-28.35,True
1.06,0.03,1.02,0.3,0.0,0.0,1.0,0.5,-3.38,True
1.06,0.03,1.02,0.3,0.0,0.25,0.75,0.53,-3.1,True
1.06,0.03,1.02,0.3,0.0,0.5,0.5,0.55,-2.82,True
1.06,0.03,1.02,0.3,0.0,0.75,0.25,0.57,-2.54,True
1.06,0.03,1.02,0.3,0.0,1.0,0.0,0.59,-2.26,True
1.06,0.03,1.02,0.3,0.1,0.0,1.0,6.07,-20.32,True
1.06,0.03,1.02,0.3,0.1,0.25,0.75,6.09,-20.3,True
1.06,0.03,1.02,0.3,0.1,0.5,0.5,6.1,-20.29,True
1.06,0.03,1.02,0.3,0.1,0.75,0.25,6.11,-20.28,True
1.06,0.03,1.02,0.3,0.1,1.0,0.0,6.12,-20.28,True
1.06,0.03,1.02,0.3,0.2,0.0,1.0,8.59,-25.72,True
1.06,0.03,1.02,0.3,0.2,0.25,0.75,8.6,-25.68,True
1.06,0.03,1.02,0.3,0.2,0.5,0.5,8.61,-25.65,True
1.06,0.03,1.02,0.3,0.2,0.75,0.25,8.62,-25.63,True
1.06,0.03,1.02,0.3,0.2,1.0,0.0,8.62,-25.61,True
1.06,0.03,1.02,0.3,0.3,0.0,1.0,10.2,-28.66,True
1.06,0.03,1.02,0.3,0.3,0.25,0.75,10.21,-28.61,True
1.06,0.03,1.02,0.3,0.3,0.5,0.5,10.22,-28.57,True
1.06,0.03,1.02,0.3,0.3,0.75,0.25,10.22,-28.53,True
1.06,0.03,1.02,0.3,0.3,1.0,0.0,10.23,-28.49,True
1.06,0.03,1.02,0.4,0.0,0.0,1.0,0.35,-4.51,True
1.06,0.03,1.02,0.4,0.0,0.25,0.75,0.4,-4.14,True
1.06,0.03,1.02,0.4,0.0,0.5,0.5,0.45,-3.76,True
1.06,0.03,1.02,0.4,0.0,0.75,0.25,0.49,-3.38,True
1.06,0.03,1.02,0.4,0.0,1.0,0.0,0.53,-3.01,True
1.06,0.03,1.02,0.4,0.1,0.0,1.0,6.09,-20.17,True
1.06,0.03,1.02,0.4,0.1,0.25,0.75,6.1,-20.15,True
1.06,0.03,1.02,0.4,0.1,0.5,0.5,6.11,-20.13,True
1.06,0.03,1.02,0.4,0.1,0.75,0.25,6.12,-20.11,True
1.06,0.03,1.02,0.4,0.1,1.0,0.0,6.13,-20.1,True
1.06,0.03,1.02,0.4,0.2,0.0,1.0,8.55,-26.09,True
1.06,0.03,1.02,0.4,0.2,0.25,0.75,8.56,-26.01,True
1.06,0.03,1.02,0.4,0.2,0.5,0.5,8.58,-25.95,True
1.06,0.03,1.02,0.4,0.2,0.75,0.25,8.59,-25.88,True
1.06,0.03,1.02,0.4,0.2,1.0,0.0,8.6,-25.83,True
1.06,0.03,1.02,0.4,0.3,0.0,1.0,10.2,-28.68,True
1.06,0.03,1.02,0.4,0.3,0.25,0.75,10.21,-28.62,True
1.06,0.03,1.02,0.4,0.3,0.5,0.5,10.22,-28.57,True
1.06,0.03,1.02,0.4,0.3,0.75,0.25,10.23,-28.52,True
1.06,0.03,1.02,0.4,0.3,1.0,0.0,10.23,-28.48,True
