entry_signal,drop_level,exit_signal,buy_pct,alloc_base,alloc_x2,alloc_x3,cagr,worst_ann_ret,passed
1.01,0.005,0.95,0.1,0.0,0.0,1.0,0.83,-34.68,True
1.01,0.005,0.95,0.1,0.0,0.25,0.75,1.33,-31.78,True
1.01,0.005,0.95,0.1,0.0,0.5,0.5,1.78,-28.8,True
1.01,0.005,0.95,0.1,0.0,0.75,0.25,2.19,-25.73,True
1.01,0.005,0.95,0.1,0.0,1.0,0.0,2.54,-22.57,True
1.01,0.005,0.95,0.1,0.1,0.0,1.0,3.38,-30.12,True
1.01,0.005,0.95,0.1,0.1,0.25,0.75,3.66,-27.44,True
1.01,0.005,0.95,0.1,0.1,0.5,0.5,3.92,-24.69,True
1.01,0.005,0.95,0.1,0.1,0.75,0.25,4.16,-21.86,True
1.01,0.005,0.95,0.1,0.1,1.0,0.0,4.38,-18.97,True
1.01,0.005,0.95,0.1,0.2,0.0,1.0,4.97,-25.61,True
1.01,0.005,0.95,0.1,0.2,0.25,0.75,5.14,-23.14,True
1.01,0.005,0.95,0.1,0.2,0.5,0.5,5.32,-20.62,True
1.01,0.005,0.95,0.1,0.2,0.75,0.25,5.48,-18.41,True
1.01,0.005,0.95,0.1,0.2,1.0,0.0,5.63,-17.25,True
1.01,0.005,0.95,0.1,0.3,0.0,1.0,6.08,-25.68,True
1.01,0.005,0.95,0.1,0.3,0.25,0.75,6.23,-24.49,True
1.01,0.005,0.95,0.1,0.3,0.5,0.5,6.36,-23.3,True
1.01,0.005,0.95,0.1,0.3,0.75,0.25,6.49,-22.13,True
1.01,0.005,0.95,0.1,0.3,1.0,0.0,6.6,-20.98,True
1.01,0.005,0.95,0.2,0.0,0.0,1.0,1.13,-28.02,True
1.01,0.005,0.95,0.2,0.0,0.25,0.75,1.71,-25.71,True
1.01,0.005,0.95,0.2,0.0,0.5,0.5,2.24,-23.37,True
1.01,0.005,0.95,0.2,0.0,0.75,0.25,2.7,-21.0,True
1.01,0.005,0.95,0.2,0.0,1.0,0.0,3.1,-18.59,True
1.01,0.005,0.95,0.2,0.1,0.0,1.0,3.46,-29.29,True
1.01,0.005,0.95,0.2,0.1,0.25,0.75,3.81,-27.15,True
1.01,0.005,0.95,0.2,0.1,0.5,0.5,4.13,-25.01,True
1.01,0.005,0.95,0.2,0.1,0.75,0.25,4.42,-22.86,True
1.01,0.005,0.95,0.2,0.1,1.0,0.0,4.68,-20.7,True
1.01,0.005,0.95,0.2,0.2,0.0,1.0,4.9,-32.1,True
1.01,0.005,0.95,0.2,0.2,0.25,0.75,5.14,-30.08,True
1.01,0.005,0.95,0.2,0.2,0.5,0.5,5.37,-28.03,True
1.01,0.005,0.95,0.2,0.2,0.75,0.25,5.58,-25.97,True
1.01,0.005,0.95,0.2,0.2,1.0,0.0,5.78,-23.9,True
1.01,0.005,0.95,0.2,0.3,0.0,1.0,6.08,-33.12,True
1.01,0.005,0.95,0.2,0.3,0.25,0.75,6.24,-31.3,True
1.01,0.005,0.95,0.2,0.3,0.5,0.5,6.4,-29.47,True
1.01,0.005,0.95,0.2,0.3,0.75,0.25,6.55,-27.63,True
1.01,0.005,0.95,0.2,0.3,1.0,0.0,6.7,-25.78,True
1.01,0.005,0.95,0.3,0.0,0.0,1.0,1.58,-31.96,True
1.01,0.005,0.95,0.3,0.0,0.25,0.75,2.18,-29.32,True
1.01,0.005,0.95,0.3,0.0,0.5,0.5,2.72,-26.64,True
1.01,0.005,0.95,0.3,0.0,0.75,0.25,3.18,-23.93,True
1.01,0.005,0.95,0.3,0.0,1.0,0.0,3.58,-21.18,True
1.01,0.005,0.95,0.3,0.1,0.0,1.0,3.7,-33.21,True
1.01,0.005,0.95,0.3,0.1,0.25,0.75,4.06,-30.78,True
1.01,0.005,0.95,0.3,0.1,0.5,0.5,4.41,-28.32,True
1.01,0.005,0.95,0.3,0.1,0.75,0.25,4.72,-25.84,True
1.01,0.005,0.95,0.3,0.1,1.0,0.0,4.99,-23.34,True
1.01,0.005,0.95,0.3,0.2,0.0,1.0,5.18,-34.56,True
1.01,0.005,0.95,0.3,0.2,0.25,0.75,5.42,-32.32,True
1.01,0.005,0.95,0.3,0.2,0.5,0.5,5.64,-30.06,True
1.01,0.005,0.95,0.3,0.2,0.75,0.25,5.86,-27.79,True
1.01,0.005,0.95,0.3,0.2,1.0,0.0,6.04,-25.51,True
1.01,0.005,0.95,0.3,0.3,0.0,1.0,6.24,-35.8,True
1.01,0.005,0.95,0.3,0.3,0.25,0.75,6.41,-33.74,True
1.01,0.005,0.95,0.3,0.3,0.5,0.5,6.59,-31.68,True
1.01,0.005,0.95,0.3,0.3,0.75,0.25,6.75,-29.61,True
1.01,0.005,0.95,0.3,0.3,1.0,0.0,6.89,-27.53,True
1.01,0.005,0.95,0.4,0.0,0.0,1.0,2.0,-34.61,True
1.01,0.005,0.95,0.4,0.0,0.25,0.75,2.59,-31.81,True
1.01,0.005,0.95,0.4,0.0,0.5,0.5,3.11,-28.97,True
1.01,0.005,0.95,0.4,0.0,0.75,0.25,3.57,-26.08,True
1.01,0.005,0.95,0.4,0.0,1.0,0.0,3.95,-23.14,True
1.01,0.005,0.95,0.4,0.1,0.0,1.0,3.98,-36.05,True
1.01,0.005,0.95,0.4,0.1,0.25,0.75,4.34,-33.44,True
1.01,0.005,0.95,0.4,0.1,0.5,0.5,4.68,-30.79,True
1.01,0.005,0.95,0.4,0.1,0.75,0.25,4.98,-28.11,True
1.01,0.005,0.95,0.4,0.1,1.0,0.0,5.24,-25.4,True
1.01,0.005,0.95,0.4,0.2,0.0,1.0,5.29,-37.33,True
1.01,0.005,0.95,0.4,0.2,0.25,0.75,5.55,-34.9,True
1.01,0.005,0.95,0.4,0.2,0.5,0.5,5.79,-32.44,True
1.01,0.005,0.95,0.4,0.2,0.75,0.25,6.01,-29.95,True
1.01,0.005,0.95,0.4,0.2,1.0,0.0,6.21,-27.44,True
1.01,0.005,0.95,0.4,0.3,0.0,1.0,6.28,-38.33,True
1.01,0.005,0.95,0.4,0.3,0.25,0.75,6.46,-36.09,True
1.01,0.005,0.95,0.4,0.3,0.5,0.5,6.64,-33.83,True
1.01,0.005,0.95,0.4,0.3,0.75,0.25,6.8,-31.55,True
1.01,0.005,0.95,0.4,0.3,1.0,0.0,6.94,-29.27,True
1.01,0.005,0.97,0.1,0.0,0.0,1.0,-2.08,-33.67,True
1.01,0.005,0.97,0.1,0.0,0.25,0.75,-1.45,-31.3,True
1.01,0.005,0.97,0.1,0.0,0.5,0.5,-0.85,-28.78,True
1.01,0.005,0.97,0.1,0.0,0.75,0.25,-0.31,-26.08,True
1.01,0.005,0.97,0.1,0.0,1.0,0.0,0.19,-23.16,True
1.01,0.005,0.97,0.1,0.1,0.0,1.0,2.04,-28.28,True
1.01,0.005,0.97,0.1,0.1,0.25,0.75,2.26,-26.32,True
1.01,0.005,0.97,0.1,0.1,0.5,0.5,2.49,-24.19,True
1.01,0.005,0.97,0.1,0.1,0.75,0.25,2.74,-21.85,True
1.01,0.005,0.97,0.1,0.1,1.0,0.0,2.98,-19.28,True
1.01,0.005,0.97,0.1,0.2,0.0,1.0,4.26,-23.93,True
1.01,0.005,0.97,0.1,0.2,0.25,0.75,4.39,-22.18,True
1.01,0.005,0.97,0.1,0.2,0.5,0.5,4.52,-20.38,True
1.01,0.005,0.97,0.1,0.2,0.75,0.25,4.65,-18.54,True
1.01,0.005,0.97,0.1,0.2,1.0,0.0,4.79,-16.67,True
1.01,0.005,0.97,0.1,0.3,0.0,1.0,5.73,-24.19,True
1.01,0.005,0.97,0.1,0.3,0.25,0.75,5.81,-23.18,True
1.01,0.005,0.97,0.1,0.3,0.5,0.5,5.9,-22.19,True
1.01,0.005,0.97,0.1,0.3,0.75,0.25,5.98,-21.21,True
1.01,0.005,0.97,0.1,0.3,1.0,0.0,6.06,-20.26,True
1.01,0.005,0.97,0.2,0.0,0.0,1.0,-1.38,-38.13,True
1.01,0.005,0.97,0.2,0.0,0.25,0.75,-0.69,-35.5,True
1.01,0.005,0.97,0.2,0.0,0.5,0.5,-0.06,-32.69,True
1.01,0.005,0.97,0.2,0.0,0.75,0.25,0.52,-29.67,True
1.01,0.005,0.97,0.2,0.0,1.0,0.0,1.03,-26.39,True
1.01,0.005,0.97,0.2,0.1,0.0,1.0,2.78,-30.6,True
1.01,0.005,0.97,0.2,0.1,0.25,0.75,3.04,-28.59,True
1.01,0.005,0.97,0.2,0.1,0.5,0.5,3.29,-26.34,True
1.01,0.005,0.97,0.2,0.1,0.75,0.25,3.54,-23.84,True
1.01,0.005,0.97,0.2,0.1,1.0,0.0,3.77,-21.04,True
1.01,0.005,0.97,0.2,0.2,0.0,1.0,4.75,-28.82,True
1.01,0.005,0.97,0.2,0.2,0.25,0.75,4.92,-27.11,True
1.01,0.005,0.97,0.2,0.2,0.5,0.5,5.08,-25.4,True
1.01,0.005,0.97,0.2,0.2,0.75,0.25,5.23,-23.68,True
1.01,0.005,0.97,0.2,0.2,1.0,0.0,5.36,-21.96,True
1.01,0.005,0.97,0.2,0.3,0.0,1.0,6.07,-30.43,True
1.01,0.005,0.97,0.2,0.3,0.25,0.75,6.18,-28.9,True
1.01,0.005,0.97,0.2,0.3,0.5,0.5,6.3,-27.35,True
1.01,0.005,0.97,0.2,0.3,0.75,0.25,6.41,-25.81,True
1.01,0.005,0.97,0.2,0.3,1.0,0.0,6.5,-24.27,True
1.01,0.005,0.97,0.3,0.0,0.0,1.0,0.1,-37.84,True
1.01,0.005,0.97,0.3,0.0,0.25,0.75,0.72,-35.2,True
1.01,0.005,0.97,0.3,0.0,0.5,0.5,1.28,-32.37,True
1.01,0.005,0.97,0.3,0.0,0.75,0.25,1.77,-29.33,True
1.01,0.005,0.97,0.3,0.0,1.0,0.0,2.19,-26.03,True
1.01,0.005,0.97,0.3,0.1,0.0,1.0,3.43,-30.59,True
1.01,0.005,0.97,0.3,0.1,0.25,0.75,3.7,-28.47,True
1.01,0.005,0.97,0.3,0.1,0.5,0.5,3.96,-26.13,True
1.01,0.005,0.97,0.3,0.1,0.75,0.25,4.19,-23.55,True
1.01,0.005,0.97,0.3,0.1,1.0,0.0,4.4,-21.02,True
1.01,0.005,0.97,0.3,0.2,0.0,1.0,5.17,-31.48,True
1.01,0.005,0.97,0.3,0.2,0.25,0.75,5.35,-29.55,True
1.01,0.005,0.97,0.3,0.2,0.5,0.5,5.52,-27.61,True
1.01,0.005,0.97,0.3,0.2,0.75,0.25,5.67,-25.66,True
1.01,0.005,0.97,0.3,0.2,1.0,0.0,5.8,-23.71,True
1.01,0.005,0.97,0.3,0.3,0.0,1.0,6.37,-33.28,True
1.01,0.005,0.97,0.3,0.3,0.25,0.75,6.5,-31.5,True
1.01,0.005,0.97,0.3,0.3,0.5,0.5,6.61,-29.71,True
1.01,0.005,0.97,0.3,0.3,0.75,0.25,6.72,-27.93,True
1.01,0.005,0.97,0.3,0.3,1.0,0.0,6.8,-26.15,True
1.01,0.005,0.97,0.4,0.0,0.0,1.0,1.17,-37.11,True
1.01,0.005,0.97,0.4,0.0,0.25,0.75,1.73,-34.5,True
1.01,0.005,0.97,0.4,0.0,0.5,0.5,2.23,-31.71,True
1.01,0.005,0.97,0.4,0.0,0.75,0.25,2.66,-28.7,True
1.01,0.005,0.97,0.4,0.0,1.0,0.0,3.01,-25.42,True
1.01,0.005,0.97,0.4,0.1,0.0,1.0,3.94,-32.44,True
1.01,0.005,0.97,0.4,0.1,0.25,0.75,4.23,-30.15,True
1.01,0.005,0.97,0.4,0.1,0.5,0.5,4.49,-27.84,True
1.01,0.005,0.97,0.4,0.1,0.75,0.25,4.72,-25.5,True
1.01,0.005,0.97,0.4,0.1,1.0,0.0,4.91,-23.14,True
1.01,0.005,0.97,0.4,0.2,0.0,1.0,5.48,-34.28,True
1.01,0.005,0.97,0.4,0.2,0.25,0.75,5.66,-32.14,True
1.01,0.005,0.97,0.4,0.2,0.5,0.5,5.83,-29.98,True
1.01,0.005,0.97,0.4,0.2,0.75,0.25,5.98,-27.81,True
1.01,0.005,0.97,0.4,0.2,1.0,0.0,6.1,-25.63,True
1.01,0.005,0.97,0.4,0.3,0.0,1.0,6.5,-35.86,True
1.01,0.005,0.97,0.4,0.3,0.25,0.75,6.64,-33.89,True
1.01,0.005,0.97,0.4,0.3,0.5,0.5,6.77,-31.9,True
1.01,0.005,0.97,0.4,0.3,0.75,0.25,6.89,-29.9,True
1.01,0.005,0.97,0.4,0.3,1.0,0.0,6.98,-27.9,True
1.01,0.005,0.99,0.1,0.0,0.0,1.0,-1.59,-29.09,True
1.01,0.005,0.99,0.1,0.0,0.25,0.75,-1.17,-26.25,True
1.01,0.005,0.99,0.1,0.0,0.5,0.5,-0.78,-23.33,True
1.01,0.005,0.99,0.1,0.0,0.75,0.25,-0.41,-20.33,True
1.01,0.005,0.99,0.1,0.0,1.0,0.0,-0.05,-17.25,True
1.01,0.005,0.99,0.1,0.1,0.0,1.0,2.04,-17.9,True
1.01,0.005,0.99,0.1,0.1,0.25,0.75,2.22,-16.34,True
1.01,0.005,0.99,0.1,0.1,0.5,0.5,2.39,-14.76,True
1.01,0.005,0.99,0.1,0.1,0.75,0.25,2.56,-13.14,True
1.01,0.005,0.99,0.1,0.1,1.0,0.0,2.74,-11.49,True
1.01,0.005,0.99,0.1,0.2,0.0,1.0,4.08,-16.19,True
1.01,0.005,0.99,0.1,0.2,0.25,0.75,4.19,-15.61,True
1.01,0.005,0.99,0.1,0.2,0.5,0.5,4.3,-15.03,True
1.01,0.005,0.99,0.1,0.2,0.75,0.25,4.42,-14.46,True
1.01,0.005,0.99,0.1,0.2,1.0,0.0,4.53,-13.9,True
1.01,0.005,0.99,0.1,0.3,0.0,1.0,5.53,-19.7,True
1.01,0.005,0.99,0.1,0.3,0.25,0.75,5.6,-19.15,True
1.01,0.005,0.99,0.1,0.3,0.5,0.5,5.67,-18.61,True
1.01,0.005,0.99,0.1,0.3,0.75,0.25,5.74,-18.08,True
1.01,0.005,0.99,0.1,0.3,1.0,0.0,5.82,-17.55,True
1.01,0.005,0.99,0.2,0.0,0.0,1.0,-1.3,-38.19,True
1.01,0.005,0.99,0.2,0.0,0.25,0.75,-0.79,-34.82,True
1.01,0.005,0.99,0.2,0.0,0.5,0.5,-0.31,-31.31,True
1.01,0.005,0.99,0.2,0.0,0.75,0.25,0.13,-27.66,True
1.01,0.005,0.99,0.2,0.0,1.0,0.0,0.53,-23.84,True
1.01,0.005,0.99,0.2,0.1,0.0,1.0,2.45,-20.67,True
1.01,0.005,0.99,0.2,0.1,0.25,0.75,2.66,-19.34,True
1.01,0.005,0.99,0.2,0.1,0.5,0.5,2.87,-18.01,True
1.01,0.005,0.99,0.2,0.1,0.75,0.25,3.08,-16.69,True
1.01,0.005,0.99,0.2,0.1,1.0,0.0,3.27,-15.38,True
1.01,0.005,0.99,0.2,0.2,0.0,1.0,4.58,-24.01,True
1.01,0.005,0.99,0.2,0.2,0.25,0.75,4.68,-22.66,True
1.01,0.005,0.99,0.2,0.2,0.5,0.5,4.79,-21.34,True
1.01,0.005,0.99,0.2,0.2,0.75,0.25,4.9,-20.04,True
1.01,0.005,0.99,0.2,0.2,1.0,0.0,5.0,-18.76,True
1.01,0.005,0.99,0.2,0.3,0.0,1.0,5.98,-25.4,True
1.01,0.005,0.99,0.2,0.3,0.25,0.75,6.05,-24.25,True
1.01,0.005,0.99,0.2,0.3,0.5,0.5,6.13,-23.12,True
1.01,0.005,0.99,0.2,0.3,0.75,0.25,6.19,-22.02,True
1.01,0.005,0.99,0.2,0.3,1.0,0.0,6.26,-20.95,True
1.01,0.005,0.99,0.3,0.0,0.0,1.0,-0.5,-36.36,True
1.01,0.005,0.99,0.3,0.0,0.25,0.75,-0.0,-33.04,True
1.01,0.005,0.99,0.3,0.0,0.5,0.5,0.45,-29.58,True
1.01,0.005,0.99,0.3,0.0,0.75,0.25,0.86,-25.98,True
1.01,0.005,0.99,0.3,0.0,1.0,0.0,1.22,-22.23,True
1.01,0.005,0.99,0.3,0.1,0.0,1.0,3.1,-23.11,True
1.01,0.005,0.99,0.3,0.1,0.25,0.75,3.29,-21.53,True
1.01,0.005,0.99,0.3,0.1,0.5,0.5,3.48,-19.97,True
1.01,0.005,0.99,0.3,0.1,0.75,0.25,3.66,-18.43,True
1.01,0.005,0.99,0.3,0.1,1.0,0.0,3.81,-16.9,True
1.01,0.005,0.99,0.3,0.2,0.0,1.0,5.05,-24.7,True
1.01,0.005,0.99,0.3,0.2,0.25,0.75,5.17,-23.32,True
1.01,0.005,0.99,0.3,0.2,0.5,0.5,5.28,-21.97,True
1.01,0.005,0.99,0.3,0.2,0.75,0.25,5.38,-20.63,True
1.01,0.005,0.99,0.3,0.2,1.0,0.0,5.46,-19.32,True
1.01,0.005,0.99,0.3,0.3,0.0,1.0,6.41,-26.2,True
1.01,0.005,0.99,0.3,0.3,0.25,0.75,6.49,-25.0,True
1.01,0.005,0.99,0.3,0.3,0.5,0.5,6.57,-23.83,True
1.01,0.005,0.99,0.3,0.3,0.75,0.25,6.62,-22.69,True
1.01,0.005,0.99,0.3,0.3,1.0,0.0,6.66,-21.58,True
1.01,0.005,0.99,0.4,0.0,0.0,1.0,0.62,-34.06,True
1.01,0.005,0.99,0.4,0.0,0.25,0.75,1.05,-30.8,True
1.01,0.005,0.99,0.4,0.0,0.5,0.5,1.44,-27.42,True
1.01,0.005,0.99,0.4,0.0,0.75,0.25,1.78,-23.89,True
1.01,0.005,0.99,0.4,0.0,1.0,0.0,2.07,-20.22,True
1.01,0.005,0.99,0.4,0.1,0.0,1.0,3.8,-24.23,True
1.01,0.005,0.99,0.4,0.1,0.25,0.75,3.99,-22.61,True
1.01,0.005,0.99,0.4,0.1,0.5,0.5,4.16,-20.99,True
1.01,0.005,0.99,0.4,0.1,0.75,0.25,4.31,-19.4,True
1.01,0.005,0.99,0.4,0.1,1.0,0.0,4.43,-17.81,True
1.01,0.005,0.99,0.4,0.2,0.0,1.0,5.62,-25.75,True
1.01,0.005,0.99,0.4,0.2,0.25,0.75,5.73,-24.31,True
1.01,0.005,0.99,0.4,0.2,0.5,0.5,5.82,-22.89,True
1.01,0.005,0.99,0.4,0.2,0.75,0.25,5.89,-21.48,True
1.01,0.005,0.99,0.4,0.2,1.0,0.0,5.94,-20.1,True
1.01,0.005,0.99,0.4,0.3,0.0,1.0,6.82,-26.99,True
1.01,0.005,0.99,0.4,0.3,0.25,0.75,6.88,-25.73,True
1.01,0.005,0.99,0.4,0.3,0.5,0.5,6.94,-24.49,True
1.01,0.005,0.99,0.4,0.3,0.75,0.25,6.98,-23.29,True
1.01,0.005,0.99,0.4,0.3,1.0,0.0,7.01,-22.12,True
1.01,0.005,1.0,0.1,0.0,0.0,1.0,-3.64,-42.13,False
1.01,0.005,1.0,0.1,0.0,0.25,0.75,-3.16,-39.07,True
1.01,0.005,1.0,0.1,0.0,0.5,0.5,-2.68,-35.89,True
1.01,0.005,1.0,0.1,0.0,0.75,0.25,-2.23,-32.58,True
1.01,0.005,1.0,0.1,0.0,1.0,0.0,-1.79,-29.14,True
1.01,0.005,1.0,0.1,0.1,0.0,1.0,1.09,-17.72,True
1.01,0.005,1.0,0.1,0.1,0.25,0.75,1.26,-17.09,True
1.01,0.005,1.0,0.1,0.1,0.5,0.5,1.44,-16.28,True
1.01,0.005,1.0,0.1,0.1,0.75,0.25,1.63,-15.13,True
1.01,0.005,1.0,0.1,0.1,1.0,0.0,1.82,-13.68,True
1.01,0.005,1.0,0.1,0.2,0.0,1.0,3.47,-16.19,True
1.01,0.005,1.0,0.1,0.2,0.25,0.75,3.57,-15.78,True
1.01,0.005,1.0,0.1,0.2,0.5,0.5,3.66,-15.4,True
1.01,0.005,1.0,0.1,0.2,0.75,0.25,3.77,-15.03,True
1.01,0.005,1.0,0.1,0.2,1.0,0.0,3.88,-14.7,True
1.01,0.005,1.0,0.1,0.3,0.0,1.0,5.07,-18.65,True
1.01,0.005,1.0,0.1,0.3,0.25,0.75,5.13,-18.23,True
1.01,0.005,1.0,0.1,0.3,0.5,0.5,5.2,-17.81,True
1.01,0.005,1.0,0.1,0.3,0.75,0.25,5.27,-17.4,True
1.01,0.005,1.0,0.1,0.3,1.0,0.0,5.34,-16.99,True
1.01,0.005,1.0,0.2,0.0,0.0,1.0,-4.66,-52.18,False
1.01,0.005,1.0,0.2,0.0,0.25,0.75,-3.99,-48.67,False
1.01,0.005,1.0,0.2,0.0,0.5,0.5,-3.34,-44.95,False
1.01,0.005,1.0,0.2,0.0,0.75,0.25,-2.72,-41.03,False
1.01,0.005,1.0,0.2,0.0,1.0,0.0,-2.13,-36.88,True
1.01,0.005,1.0,0.2,0.1,0.0,1.0,1.17,-24.68,True
1.01,0.005,1.0,0.2,0.1,0.25,0.75,1.36,-22.81,True
1.01,0.005,1.0,0.2,0.1,0.5,0.5,1.55,-20.87,True
1.01,0.005,1.0,0.2,0.1,0.75,0.25,1.75,-18.85,True
1.01,0.005,1.0,0.2,0.1,1.0,0.0,1.96,-16.77,True
1.01,0.005,1.0,0.2,0.2,0.0,1.0,3.57,-19.31,True
1.01,0.005,1.0,0.2,0.2,0.25,0.75,3.67,-18.41,True
1.01,0.005,1.0,0.2,0.2,0.5,0.5,3.79,-17.57,True
1.01,0.005,1.0,0.2,0.2,0.75,0.25,3.92,-16.74,True
1.01,0.005,1.0,0.2,0.2,1.0,0.0,4.05,-15.92,True
1.01,0.005,1.0,0.2,0.3,0.0,1.0,5.16,-21.62,True
1.01,0.005,1.0,0.2,0.3,0.25,0.75,5.23,-20.89,True
1.01,0.005,1.0,0.2,0.3,0.5,0.5,5.31,-20.17,True
1.01,0.005,1.0,0.2,0.3,0.75,0.25,5.39,-19.47,True
1.01,0.005,1.0,0.2,0.3,1.0,0.0,5.47,-18.77,True
1.01,0.005,1.0,0.3,0.0,0.0,1.0,-4.23,-51.85,False
1.01,0.005,1.0,0.3,0.0,0.25,0.75,-3.53,-48.33,False
1.01,0.005,1.0,0.3,0.0,0.5,0.5,-2.86,-44.6,False
1.01,0.005,1.0,0.3,0.0,0.75,0.25,-2.24,-40.65,False
1.01,0.005,1.0,0.3,0.0,1.0,0.0,-1.66,-36.47,True
1.01,0.005,1.0,0.3,0.1,0.0,1.0,1.28,-26.24,True
1.01,0.005,1.0,0.3,0.1,0.25,0.75,1.5,-24.27,True
1.01,0.005,1.0,0.3,0.1,0.5,0.5,1.73,-22.23,True
1.01,0.005,1.0,0.3,0.1,0.75,0.25,1.96,-20.1,True
1.01,0.005,1.0,0.3,0.1,1.0,0.0,2.19,-17.9,True
1.01,0.005,1.0,0.3,0.2,0.0,1.0,3.71,-21.5,True
1.01,0.005,1.0,0.3,0.2,0.25,0.75,3.84,-19.79,True
1.01,0.005,1.0,0.3,0.2,0.5,0.5,3.97,-18.1,True
1.01,0.005,1.0,0.3,0.2,0.75,0.25,4.09,-17.23,True
1.01,0.005,1.0,0.3,0.2,1.0,0.0,4.22,-16.37,True
1.01,0.005,1.0,0.3,0.3,0.0,1.0,5.29,-22.2,True
1.01,0.005,1.0,0.3,0.3,0.25,0.75,5.38,-21.42,True
1.01,0.005,1.0,0.3,0.3,0.5,0.5,5.48,-20.65,True
1.01,0.005,1.0,0.3,0.3,0.75,0.25,5.57,-19.89,True
1.01,0.005,1.0,0.3,0.3,1.0,0.0,5.65,-19.16,True
1.01,0.005,1.0,0.4,0.0,0.0,1.0,-3.6,-52.36,False
1.01,0.005,1.0,0.4,0.0,0.25,0.75,-2.91,-48.8,False
1.01,0.005,1.0,0.4,0.0,0.5,0.5,-2.26,-45.02,False
1.01,0.005,1.0,0.4,0.0,0.75,0.25,-1.66,-41.02,False
1.01,0.005,1.0,0.4,0.0,1.0,0.0,-1.11,-36.78,True
1.01,0.005,1.0,0.4,0.1,0.0,1.0,1.56,-28.0,True
1.01,0.005,1.0,0.4,0.1,0.25,0.75,1.78,-25.89,True
1.01,0.005,1.0,0.4,0.1,0.5,0.5,2.02,-23.7,True
1.01,0.005,1.0,0.4,0.1,0.75,0.25,2.25,-21.5,True
1.01,0.005,1.0,0.4,0.1,1.0,0.0,2.47,-19.26,True
1.01,0.005,1.0,0.4,0.2,0.0,1.0,3.91,-23.56,True
1.01,0.005,1.0,0.4,0.2,0.25,0.75,4.04,-21.68,True
1.01,0.005,1.0,0.4,0.2,0.5,0.5,4.17,-19.73,True
1.01,0.005,1.0,0.4,0.2,0.75,0.25,4.31,-17.82,True
1.01,0.005,1.0,0.4,0.2,1.0,0.0,4.45,-16.9,True
1.01,0.005,1.0,0.4,0.3,0.0,1.0,5.38,-22.63,True
1.01,0.005,1.0,0.4,0.3,0.25,0.75,5.48,-21.8,True
1.01,0.005,1.0,0.4,0.3,0.5,0.5,5.58,-20.98,True
1.01,0.005,1.0,0.4,0.3,0.75,0.25,5.68,-20.19,True
1.01,0.005,1.0,0.4,0.3,1.0,0.0,5.77,-19.42,True
1.01,0.005,1.01,0.1,0.0,0.0,1.0,-3.74,-26.03,True
1.01,0.005,1.01,0.1,0.0,0.25,0.75,-3.32,-23.87,True
1.01,0.005,1.01,0.1,0.0,0.5,0.5,-2.91,-21.65,True
1.01,0.005,1.01,0.1,0.0,0.75,0.25,-2.5,-19.39,True
1.01,0.005,1.01,0.1,0.0,1.0,0.0,-2.11,-17.07,True
1.01,0.005,1.01,0.1,0.1,0.0,1.0,0.89,-17.36,True
1.01,0.005,1.01,0.1,0.1,0.25,0.75,1.05,-16.13,True
1.01,0.005,1.01,0.1,0.1,0.5,0.5,1.22,-14.85,True
1.01,0.005,1.01,0.1,0.1,0.75,0.25,1.38,-13.52,True
1.01,0.005,1.01,0.1,0.1,1.0,0.0,1.56,-12.13,True
1.01,0.005,1.01,0.1,0.2,0.0,1.0,3.31,-17.78,True
1.01,0.005,1.01,0.1,0.2,0.25,0.75,3.38,-17.41,True
1.01,0.005,1.01,0.1,0.2,0.5,0.5,3.47,-17.05,True
1.01,0.005,1.01,0.1,0.2,0.75,0.25,3.57,-16.67,True
1.01,0.005,1.01,0.1,0.2,1.0,0.0,3.67,-16.28,True
1.01,0.005,1.01,0.1,0.3,0.0,1.0,4.93,-21.65,True
1.01,0.005,1.01,0.1,0.3,0.25,0.75,4.98,-20.98,True
1.01,0.005,1.01,0.1,0.3,0.5,0.5,5.03,-20.32,True
1.01,0.005,1.01,0.1,0.3,0.75,0.25,5.1,-19.67,True
1.01,0.005,1.01,0.1,0.3,1.0,0.0,5.17,-19.03,True
1.01,0.005,1.01,0.2,0.0,0.0,1.0,-6.12,-36.12,True
1.01,0.005,1.01,0.2,0.0,0.25,0.75,-5.41,-33.28,True
1.01,0.005,1.01,0.2,0.0,0.5,0.5,-4.72,-30.34,True
1.01,0.005,1.01,0.2,0.0,0.75,0.25,-4.05,-27.3,True
1.01,0.005,1.01,0.2,0.0,1.0,0.0,-3.41,-24.14,True
1.01,0.005,1.01,0.2,0.1,0.0,1.0,0.64,-25.82,True
1.01,0.005,1.01,0.2,0.1,0.25,0.75,0.8,-24.02,True
1.01,0.005,1.01,0.2,0.1,0.5,0.5,0.98,-22.15,True
1.01,0.005,1.01,0.2,0.1,0.75,0.25,1.18,-20.19,True
1.01,0.005,1.01,0.2,0.1,1.0,0.0,1.39,-18.14,True
1.01,0.005,1.01,0.2,0.2,0.0,1.0,3.26,-24.86,True
1.01,0.005,1.01,0.2,0.2,0.25,0.75,3.35,-23.4,True
1.01,0.005,1.01,0.2,0.2,0.5,0.5,3.45,-21.81,True
1.01,0.005,1.01,0.2,0.2,0.75,0.25,3.54,-20.12,True
1.01,0.005,1.01,0.2,0.2,1.0,0.0,3.65,-18.28,True
1.01,0.005,1.01,0.2,0.3,0.0,1.0,4.91,-23.17,True
1.01,0.005,1.01,0.2,0.3,0.25,0.75,4.96,-22.39,True
1.01,0.005,1.01,0.2,0.3,0.5,0.5,5.03,-21.59,True
1.01,0.005,1.01,0.2,0.3,0.75,0.25,5.1,-20.8,True
1.01,0.005,1.01,0.2,0.3,1.0,0.0,5.18,-20.01,True
1.01,0.005,1.01,0.3,0.0,0.0,1.0,-6.29,-36.29,True
1.01,0.005,1.01,0.3,0.0,0.25,0.75,-5.51,-33.41,True
1.01,0.005,1.01,0.3,0.0,0.5,0.5,-4.75,-30.42,True
1.01,0.005,1.01,0.3,0.0,0.75,0.25,-4.03,-27.31,True
1.01,0.005,1.01,0.3,0.0,1.0,0.0,-3.33,-24.08,True
1.01,0.005,1.01,0.3,0.1,0.0,1.0,0.66,-31.46,True
1.01,0.005,1.01,0.3,0.1,0.25,0.75,0.82,-29.46,True
1.01,0.005,1.01,0.3,0.1,0.5,0.5,0.99,-27.33,True
1.01,0.005,1.01,0.3,0.1,0.75,0.25,1.18,-25.07,True
1.01,0.005,1.01,0.3,0.1,1.0,0.0,1.4,-22.66,True
1.01,0.005,1.01,0.3,0.2,0.0,1.0,3.24,-28.4,True
1.01,0.005,1.01,0.3,0.2,0.25,0.75,3.33,-26.97,True
1.01,0.005,1.01,0.3,0.2,0.5,0.5,3.44,-25.32,True
1.01,0.005,1.01,0.3,0.2,0.75,0.25,3.55,-23.47,True
1.01,0.005,1.01,0.3,0.2,1.0,0.0,3.69,-21.42,True
1.01,0.005,1.01,0.3,0.3,0.0,1.0,4.92,-24.72,True
1.01,0.005,1.01,0.3,0.3,0.25,0.75,4.97,-23.59,True
1.01,0.005,1.01,0.3,0.3,0.5,0.5,5.04,-22.29,True
1.01,0.005,1.01,0.3,0.3,0.75,0.25,5.11,-21.26,True
1.01,0.005,1.01,0.3,0.3,1.0,0.0,5.19,-20.45,True
1.01,0.005,1.01,0.4,0.0,0.0,1.0,-6.31,-38.27,True
1.01,0.005,1.01,0.4,0.0,0.25,0.75,-5.49,-35.67,True
1.01,0.005,1.01,0.4,0.0,0.5,0.5,-4.71,-32.95,True
1.01,0.005,1.01,0.4,0.0,0.75,0.25,-3.95,-30.08,True
1.01,0.005,1.01,0.4,0.0,1.0,0.0,-3.23,-27.05,True
1.01,0.005,1.01,0.4,0.1,0.0,1.0,0.65,-34.71,True
1.01,0.005,1.01,0.4,0.1,0.25,0.75,0.83,-32.69,True
1.01,0.005,1.01,0.4,0.1,0.5,0.5,1.04,-30.49,True
1.01,0.005,1.01,0.4,0.1,0.75,0.25,1.25,-28.1,True
1.01,0.005,1.01,0.4,0.1,1.0,0.0,1.47,-25.51,True
1.01,0.005,1.01,0.4,0.2,0.0,1.0,3.28,-30.28,True
1.01,0.005,1.01,0.4,0.2,0.25,0.75,3.37,-28.67,True
1.01,0.005,1.01,0.4,0.2,0.5,0.5,3.47,-26.89,True
1.01,0.005,1.01,0.4,0.2,0.75,0.25,3.59,-24.93,True
1.01,0.005,1.01,0.4,0.2,1.0,0.0,3.72,-22.79,True
1.01,0.005,1.01,0.4,0.3,0.0,1.0,4.94,-27.0,True
1.01,0.005,1.01,0.4,0.3,0.25,0.75,5.0,-25.63,True
1.01,0.005,1.01,0.4,0.3,0.5,0.5,5.07,-24.1,True
1.01,0.005,1.01,0.4,0.3,0.75,0.25,5.15,-22.44,True
1.01,0.005,1.01,0.4,0.3,1.0,0.0,5.24,-20.61,True
1.01,0.005,1.02,0.1,0.0,0.0,1.0,-1.19,-24.31,True
1.01,0.005,1.02,0.1,0.0,0.25,0.75,-1.0,-22.37,True
1.01,0.005,1.02,0.1,0.0,0.5,0.5,-0.83,-20.38,True
1.01,0.005,1.02,0.1,0.0,0.75,0.25,-0.66,-18.36,True
1.01,0.005,1.02,0.1,0.0,1.0,0.0,-0.51,-16.31,True
1.01,0.005,1.02,0.1,0.1,0.0,1.0,1.76,-14.46,True
1.01,0.005,1.02,0.1,0.1,0.25,0.75,1.87,-13.2,True
1.01,0.005,1.02,0.1,0.1,0.5,0.5,1.98,-11.79,True
1.01,0.005,1.02,0.1,0.1,0.75,0.25,2.1,-10.29,True
1.01,0.005,1.02,0.1,0.1,1.0,0.0,2.21,-9.05,True
1.01,0.005,1.02,0.1,0.2,0.0,1.0,3.64,-14.7,True
1.01,0.005,1.02,0.1,0.2,0.25,0.75,3.73,-14.36,True
1.01,0.005,1.02,0.1,0.2,0.5,0.5,3.82,-14.03,True
1.01,0.005,1.02,0.1,0.2,0.75,0.25,3.91,-13.79,True
1.01,0.005,1.02,0.1,0.2,1.0,0.0,3.99,-13.69,True
1.01,0.005,1.02,0.1,0.3,0.0,1.0,5.09,-19.16,True
1.01,0.005,1.02,0.1,0.3,0.25,0.75,5.15,-18.78,True
1.01,0.005,1.02,0.1,0.3,0.5,0.5,5.2,-18.42,True
1.01,0.005,1.02,0.1,0.3,0.75,0.25,5.26,-18.06,True
1.01,0.005,1.02,0.1,0.3,1.0,0.0,5.32,-17.7,True
1.01,0.005,1.02,0.2,0.0,0.0,1.0,-3.35,-35.6,True
1.01,0.005,1.02,0.2,0.0,0.25,0.75,-2.9,-32.9,True
1.01,0.005,1.02,0.2,0.0,0.5,0.5,-2.48,-30.11,True
1.01,0.005,1.02,0.2,0.0,0.75,0.25,-2.07,-27.23,True
1.01,0.005,1.02,0.2,0.0,1.0,0.0,-1.69,-24.25,True
1.01,0.005,1.02,0.2,0.1,0.0,1.0,1.11,-17.45,True
1.01,0.005,1.02,0.2,0.1,0.25,0.75,1.27,-16.21,True
1.01,0.005,1.02,0.2,0.1,0.5,0.5,1.44,-14.92,True
1.01,0.005,1.02,0.2,0.1,0.75,0.25,1.62,-13.59,True
1.01,0.005,1.02,0.2,0.1,1.0,0.0,1.8,-12.2,True
1.01,0.005,1.02,0.2,0.2,0.0,1.0,3.46,-18.04,True
1.01,0.005,1.02,0.2,0.2,0.25,0.75,3.54,-17.39,True
1.01,0.005,1.02,0.2,0.2,0.5,0.5,3.64,-16.75,True
1.01,0.005,1.02,0.2,0.2,0.75,0.25,3.74,-16.13,True
1.01,0.005,1.02,0.2,0.2,1.0,0.0,3.85,-15.52,True
1.01,0.005,1.02,0.2,0.3,0.0,1.0,5.0,-22.17,True
1.01,0.005,1.02,0.2,0.3,0.25,0.75,5.06,-21.52,True
1.01,0.005,1.02,0.2,0.3,0.5,0.5,5.13,-20.89,True
1.01,0.005,1.02,0.2,0.3,0.75,0.25,5.2,-20.26,True
1.01,0.005,1.02,0.2,0.3,1.0,0.0,5.29,-19.64,True
1.01,0.005,1.02,0.3,0.0,0.0,1.0,-4.11,-37.55,True
1.01,0.005,1.02,0.3,0.0,0.25,0.75,-3.55,-34.72,True
1.01,0.005,1.02,0.3,0.0,0.5,0.5,-3.02,-31.77,True
1.01,0.005,1.02,0.3,0.0,0.75,0.25,-2.51,-28.71,True
1.01,0.005,1.02,0.3,0.0,1.0,0.0,-2.03,-25.54,True
1.01,0.005,1.02,0.3,0.1,0.0,1.0,0.94,-22.06,True
1.01,0.005,1.02,0.3,0.1,0.25,0.75,1.12,-20.51,True
1.01,0.005,1.02,0.3,0.1,0.5,0.5,1.3,-18.89,True
1.01,0.005,1.02,0.3,0.1,0.75,0.25,1.5,-17.21,True
1.01,0.005,1.02,0.3,0.1,1.0,0.0,1.7,-15.46,True
1.01,0.005,1.02,0.3,0.2,0.0,1.0,3.39,-21.69,True
1.01,0.005,1.02,0.3,0.2,0.25,0.75,3.49,-20.21,True
1.01,0.005,1.02,0.3,0.2,0.5,0.5,3.6,-18.68,True
1.01,0.005,1.02,0.3,0.2,0.75,0.25,3.72,-17.58,True
1.01,0.005,1.02,0.3,0.2,1.0,0.0,3.86,-16.83,True
1.01,0.005,1.02,0.3,0.3,0.0,1.0,4.99,-23.09,True
1.01,0.005,1.02,0.3,0.3,0.25,0.75,5.05,-22.37,True
1.01,0.005,1.02,0.3,0.3,0.5,0.5,5.12,-21.65,True
1.01,0.005,1.02,0.3,0.3,0.75,0.25,5.2,-20.95,True
1.01,0.005,1.02,0.3,0.3,1.0,0.0,5.28,-20.25,True
1.01,0.005,1.02,0.4,0.0,0.0,1.0,-4.55,-40.99,False
1.01,0.005,1.02,0.4,0.0,0.25,0.75,-3.92,-37.96,True
1.01,0.005,1.02,0.4,0.0,0.5,0.5,-3.32,-34.8,True
1.01,0.005,1.02,0.4,0.0,0.75,0.25,-2.75,-31.5,True
1.01,0.005,1.02,0.4,0.0,1.0,0.0,-2.22,-28.04,True
1.01,0.005,1.02,0.4,0.1,0.0,1.0,0.96,-25.83,True
1.01,0.005,1.02,0.4,0.1,0.25,0.75,1.16,-24.01,True
1.01,0.005,1.02,0.4,0.1,0.5,0.5,1.34,-22.12,True
1.01,0.005,1.02,0.4,0.1,0.75,0.25,1.54,-20.16,True
1.01,0.005,1.02,0.4,0.1,1.0,0.0,1.75,-18.11,True
1.01,0.005,1.02,0.4,0.2,0.0,1.0,3.4,-24.5,True
1.01,0.005,1.02,0.4,0.2,0.25,0.75,3.51,-22.84,True
1.01,0.005,1.02,0.4,0.2,0.5,0.5,3.62,-21.12,True
1.01,0.005,1.02,0.4,0.2,0.75,0.25,3.75,-19.31,True
1.01,0.005,1.02,0.4,0.2,1.0,0.0,3.88,-17.43,True
1.01,0.005,1.02,0.4,0.3,0.0,1.0,5.01,-23.32,True
1.01,0.005,1.02,0.4,0.3,0.25,0.75,5.08,-22.56,True
1.01,0.005,1.02,0.4,0.3,0.5,0.5,5.15,-21.8,True
1.01,0.005,1.02,0.4,0.3,0.75,0.25,5.23,-21.06,True
1.01,0.005,1.02,0.4,0.3,1.0,0.0,5.32,-20.34,True
1.01,0.01,0.95,0.1,0.0,0.0,1.0,0.89,-33.61,True
1.01,0.01,0.95,0.1,0.0,0.25,0.75,1.25,-30.85,True
1.01,0.01,0.95,0.1,0.0,0.5,0.5,1.58,-28.03,True
1.01,0.01,0.95,0.1,0.0,0.75,0.25,1.88,-25.12,True
1.01,0.01,0.95,0.1,0.0,1.0,0.0,2.14,-22.14,True
1.01,0.01,0.95,0.1,0.1,0.0,1.0,3.41,-29.99,True
1.01,0.01,0.95,0.1,0.1,0.25,0.75,3.61,-27.41,True
1.01,0.01,0.95,0.1,0.1,0.5,0.5,3.8,-24.77,True
1.01,0.01,0.95,0.1,0.1,0.75,0.25,3.98,-22.07,True
1.01,0.01,0.95,0.1,0.1,1.0,0.0,4.14,-19.3,True
1.01,0.01,0.95,0.1,0.2,0.0,1.0,5.03,-26.66,True
1.01,0.01,0.95,0.1,0.2,0.25,0.75,5.16,-24.26,True
1.01,0.01,0.95,0.1,0.2,0.5,0.5,5.28,-21.81,True
1.01,0.01,0.95,0.1,0.2,0.75,0.25,5.4,-19.3,True
1.01,0.01,0.95,0.1,0.2,1.0,0.0,5.51,-16.75,True
1.01,0.01,0.95,0.1,0.3,0.0,1.0,6.23,-23.5,True
1.01,0.01,0.95,0.1,0.3,0.25,0.75,6.33,-21.75,True
1.01,0.01,0.95,0.1,0.3,0.5,0.5,6.42,-20.88,True
1.01,0.01,0.95,0.1,0.3,0.75,0.25,6.5,-20.03,True
1.01,0.01,0.95,0.1,0.3,1.0,0.0,6.57,-19.19,True
1.01,0.01,0.95,0.2,0.0,0.0,1.0,1.25,-37.02,True
1.01,0.01,0.95,0.2,0.0,0.25,0.75,1.72,-34.09,True
1.01,0.01,0.95,0.2,0.0,0.5,0.5,2.15,-31.04,True
1.01,0.01,0.95,0.2,0.0,0.75,0.25,2.53,-27.88,True
1.01,0.01,0.95,0.2,0.0,1.0,0.0,2.85,-24.6,True
1.01,0.01,0.95,0.2,0.1,0.0,1.0,3.5,-32.49,True
1.01,0.01,0.95,0.2,0.1,0.25,0.75,3.79,-29.77,True
1.01,0.01,0.95,0.2,0.1,0.5,0.5,4.07,-26.95,True
1.01,0.01,0.95,0.2,0.1,0.75,0.25,4.31,-24.03,True
1.01,0.01,0.95,0.2,0.1,1.0,0.0,4.53,-21.01,True
1.01,0.01,0.95,0.2,0.2,0.0,1.0,4.66,-28.15,True
1.01,0.01,0.95,0.2,0.2,0.25,0.75,4.88,-25.63,True
1.01,0.01,0.95,0.2,0.2,0.5,0.5,5.1,-23.03,True
1.01,0.01,0.95,0.2,0.2,0.75,0.25,5.32,-20.89,True
1.01,0.01,0.95,0.2,0.2,1.0,0.0,5.51,-19.45,True
1.01,0.01,0.95,0.2,0.3,0.0,1.0,5.79,-29.17,True
1.01,0.01,0.95,0.2,0.3,0.25,0.75,5.94,-27.67,True
1.01,0.01,0.95,0.2,0.3,0.5,0.5,6.1,-26.18,True
1.01,0.01,0.95,0.2,0.3,0.75,0.25,6.25,-24.71,True
1.01,0.01,0.95,0.2,0.3,1.0,0.0,6.38,-23.26,True
1.01,0.01,0.95,0.3,0.0,0.0,1.0,0.95,-34.69,True
1.01,0.01,0.95,0.3,0.0,0.25,0.75,1.51,-31.86,True
1.01,0.01,0.95,0.3,0.0,0.5,0.5,2.02,-28.91,True
1.01,0.01,0.95,0.3,0.0,0.75,0.25,2.47,-25.84,True
1.01,0.01,0.95,0.3,0.0,1.0,0.0,2.87,-22.63,True
1.01,0.01,0.95,0.3,0.1,0.0,1.0,2.93,-30.49,True
1.01,0.01,0.95,0.3,0.1,0.25,0.75,3.28,-27.83,True
1.01,0.01,0.95,0.3,0.1,0.5,0.5,3.63,-25.05,True
1.01,0.01,0.95,0.3,0.1,0.75,0.25,3.96,-22.17,True
1.01,0.01,0.95,0.3,0.1,1.0,0.0,4.25,-19.31,True
1.01,0.01,0.95,0.3,0.2,0.0,1.0,4.57,-31.34,True
1.01,0.01,0.95,0.3,0.2,0.25,0.75,4.79,-29.37,True
1.01,0.01,0.95,0.3,0.2,0.5,0.5,5.01,-27.41,True
1.01,0.01,0.95,0.3,0.2,0.75,0.25,5.22,-25.44,True
1.01,0.01,0.95,0.3,0.2,1.0,0.0,5.43,-23.47,True
1.01,0.01,0.95,0.3,0.3,0.0,1.0,5.75,-35.09,True
1.01,0.01,0.95,0.3,0.3,0.25,0.75,5.91,-33.1,True
1.01,0.01,0.95,0.3,0.3,0.5,0.5,6.07,-31.12,True
1.01,0.01,0.95,0.3,0.3,0.75,0.25,6.22,-29.15,True
1.01,0.01,0.95,0.3,0.3,1.0,0.0,6.38,-27.18,True
1.01,0.01,0.95,0.4,0.0,0.0,1.0,0.38,-31.67,True
1.01,0.01,0.95,0.4,0.0,0.25,0.75,1.02,-28.97,True
1.01,0.01,0.95,0.4,0.0,0.5,0.5,1.61,-26.15,True
1.01,0.01,0.95,0.4,0.0,0.75,0.25,2.15,-23.21,True
1.01,0.01,0.95,0.4,0.0,1.0,0.0,2.62,-20.14,True
1.01,0.01,0.95,0.4,0.1,0.0,1.0,2.84,-33.49,True
1.01,0.01,0.95,0.4,0.1,0.25,0.75,3.2,-31.08,True
1.01,0.01,0.95,0.4,0.1,0.5,0.5,3.54,-28.64,True
1.01,0.01,0.95,0.4,0.1,0.75,0.25,3.88,-26.19,True
1.01,0.01,0.95,0.4,0.1,1.0,0.0,4.19,-23.71,True
1.01,0.01,0.95,0.4,0.2,0.0,1.0,4.53,-36.4,True
1.01,0.01,0.95,0.4,0.2,0.25,0.75,4.76,-34.11,True
1.01,0.01,0.95,0.4,0.2,0.5,0.5,4.98,-31.79,True
1.01,0.01,0.95,0.4,0.2,0.75,0.25,5.2,-29.43,True
1.01,0.01,0.95,0.4,0.2,1.0,0.0,5.42,-27.05,True
1.01,0.01,0.95,0.4,0.3,0.0,1.0,5.72,-37.85,True
1.01,0.01,0.95,0.4,0.3,0.25,0.75,5.88,-35.75,True
1.01,0.01,0.95,0.4,0.3,0.5,0.5,6.05,-33.61,True
1.01,0.01,0.95,0.4,0.3,0.75,0.25,6.23,-31.46,True
1.01,0.01,0.95,0.4,0.3,1.0,0.0,6.39,-29.28,True
1.01,0.01,0.97,0.1,0.0,0.0,1.0,-1.07,-27.25,True
1.01,0.01,0.97,0.1,0.0,0.25,0.75,-0.65,-25.28,True
1.01,0.01,0.97,0.1,0.0,0.5,0.5,-0.25,-23.18,True
1.01,0.01,0.97,0.1,0.0,0.75,0.25,0.11,-20.94,True
1.01,0.01,0.97,0.1,0.0,1.0,0.0,0.44,-18.54,True
1.01,0.01,0.97,0.1,0.1,0.0,1.0,2.29,-24.59,True
1.01,0.01,0.97,0.1,0.1,0.25,0.75,2.48,-22.79,True
1.01,0.01,0.97,0.1,0.1,0.5,0.5,2.68,-20.96,True
1.01,0.01,0.97,0.1,0.1,0.75,0.25,2.86,-19.1,True
1.01,0.01,0.97,0.1,0.1,1.0,0.0,3.04,-17.21,True
1.01,0.01,0.97,0.1,0.2,0.0,1.0,4.21,-22.14,True
1.01,0.01,0.97,0.1,0.2,0.25,0.75,4.34,-20.52,True
1.01,0.01,0.97,0.1,0.2,0.5,0.5,4.47,-18.87,True
1.01,0.01,0.97,0.1,0.2,0.75,0.25,4.61,-17.2,True
1.01,0.01,0.97,0.1,0.2,1.0,0.0,4.74,-15.5,True
1.01,0.01,0.97,0.1,0.3,0.0,1.0,5.59,-21.15,True
1.01,0.01,0.97,0.1,0.3,0.25,0.75,5.67,-20.45,True
1.01,0.01,0.97,0.1,0.3,0.5,0.5,5.76,-19.77,True
1.01,0.01,0.97,0.1,0.3,0.75,0.25,5.84,-19.1,True
1.01,0.01,0.97,0.1,0.3,1.0,0.0,5.93,-18.45,True
1.01,0.01,0.97,0.2,0.0,0.0,1.0,-1.98,-33.53,True
1.01,0.01,0.97,0.2,0.0,0.25,0.75,-1.35,-31.14,True
1.01,0.01,0.97,0.2,0.0,0.5,0.5,-0.77,-28.61,True
1.01,0.01,0.97,0.2,0.0,0.75,0.25,-0.23,-25.92,True
1.01,0.01,0.97,0.2,0.0,1.0,0.0,0.26,-23.04,True
1.01,0.01,0.97,0.2,0.1,0.0,1.0,2.26,-28.46,True
1.01,0.01,0.97,0.2,0.1,0.25,0.75,2.49,-26.41,True
1.01,0.01,0.97,0.2,0.1,0.5,0.5,2.72,-24.32,True
1.01,0.01,0.97,0.2,0.1,0.75,0.25,2.96,-22.17,True
1.01,0.01,0.97,0.2,0.1,1.0,0.0,3.19,-19.96,True
1.01,0.01,0.97,0.2,0.2,0.0,1.0,4.37,-26.16,True
1.01,0.01,0.97,0.2,0.2,0.25,0.75,4.51,-24.25,True
1.01,0.01,0.97,0.2,0.2,0.5,0.5,4.65,-22.28,True
1.01,0.01,0.97,0.2,0.2,0.75,0.25,4.79,-20.28,True
1.01,0.01,0.97,0.2,0.2,1.0,0.0,4.92,-18.27,True
1.01,0.01,0.97,0.2,0.3,0.0,1.0,5.78,-27.01,True
1.01,0.01,0.97,0.2,0.3,0.25,0.75,5.87,-25.75,True
1.01,0.01,0.97,0.2,0.3,0.5,0.5,5.96,-24.51,True
1.01,0.01,0.97,0.2,0.3,0.75,0.25,6.05,-23.29,True
1.01,0.01,0.97,0.2,0.3,1.0,0.0,6.14,-22.09,True
1.01,0.01,0.97,0.3,0.0,0.0,1.0,-1.27,-37.14,True
1.01,0.01,0.97,0.3,0.0,0.25,0.75,-0.63,-34.52,True
1.01,0.01,0.97,0.3,0.0,0.5,0.5,-0.04,-31.75,True
1.01,0.01,0.97,0.3,0.0,0.75,0.25,0.5,-28.81,True
1.01,0.01,0.97,0.3,0.0,1.0,0.0,0.98,-25.67,True
1.01,0.01,0.97,0.3,0.1,0.0,1.0,2.62,-31.47,True
1.01,0.01,0.97,0.3,0.1,0.25,0.75,2.87,-29.16,True
1.01,0.01,0.97,0.3,0.1,0.5,0.5,3.12,-26.8,True
1.01,0.01,0.97,0.3,0.1,0.75,0.25,3.37,-24.37,True
1.01,0.01,0.97,0.3,0.1,1.0,0.0,3.59,-21.87,True
1.01,0.01,0.97,0.3,0.2,0.0,1.0,4.64,-28.47,True
1.01,0.01,0.97,0.3,0.2,0.25,0.75,4.79,-26.78,True
1.01,0.01,0.97,0.3,0.2,0.5,0.5,4.93,-25.1,True
1.01,0.01,0.97,0.3,0.2,0.75,0.25,5.07,-23.43,True
1.01,0.01,0.97,0.3,0.2,1.0,0.0,5.2,-21.77,True
1.01,0.01,0.97,0.3,0.3,0.0,1.0,5.93,-32.14,True
1.01,0.01,0.97,0.3,0.3,0.25,0.75,6.06,-30.45,True
1.01,0.01,0.97,0.3,0.3,0.5,0.5,6.18,-28.78,True
1.01,0.01,0.97,0.3,0.3,0.75,0.25,6.29,-27.11,True
1.01,0.01,0.97,0.3,0.3,1.0,0.0,6.39,-25.47,True
1.01,0.01,0.97,0.4,0.0,0.0,1.0,-0.88,-39.1,True
1.01,0.01,0.97,0.4,0.0,0.25,0.75,-0.23,-36.38,True
1.01,0.01,0.97,0.4,0.0,0.5,0.5,0.37,-33.5,True
1.01,0.01,0.97,0.4,0.0,0.75,0.25,0.91,-30.44,True
1.01,0.01,0.97,0.4,0.0,1.0,0.0,1.39,-27.16,True
1.01,0.01,0.97,0.4,0.1,0.0,1.0,2.9,-30.79,True
1.01,0.01,0.97,0.4,0.1,0.25,0.75,3.15,-28.9,True
1.01,0.01,0.97,0.4,0.1,0.5,0.5,3.41,-26.8,True
1.01,0.01,0.97,0.4,0.1,0.75,0.25,3.65,-24.44,True
1.01,0.01,0.97,0.4,0.1,1.0,0.0,3.88,-21.81,True
1.01,0.01,0.97,0.4,0.2,0.0,1.0,4.81,-33.07,True
1.01,0.01,0.97,0.4,0.2,0.25,0.75,4.99,-31.06,True
1.01,0.01,0.97,0.4,0.2,0.5,0.5,5.16,-29.03,True
1.01,0.01,0.97,0.4,0.2,0.75,0.25,5.32,-26.99,True
1.01,0.01,0.97,0.4,0.2,1.0,0.0,5.45,-24.94,True
1.01,0.01,0.97,0.4,0.3,0.0,1.0,6.05,-35.06,True
1.01,0.01,0.97,0.4,0.3,0.25,0.75,6.18,-33.19,True
1.01,0.01,0.97,0.4,0.3,0.5,0.5,6.31,-31.31,True
1.01,0.01,0.97,0.4,0.3,0.75,0.25,6.43,-29.43,True
1.01,0.01,0.97,0.4,0.3,1.0,0.0,6.53,-27.54,True
1.01,0.01,0.99,0.1,0.0,0.0,1.0,-0.76,-24.12,True
1.01,0.01,0.99,0.1,0.0,0.25,0.75,-0.51,-21.82,True
1.01,0.01,0.99,0.1,0.0,0.5,0.5,-0.27,-19.48,True
1.01,0.01,0.99,0.1,0.0,0.75,0.25,-0.05,-17.09,True
1.01,0.01,0.99,0.1,0.0,1.0,0.0,0.17,-14.64,True
1.01,0.01,0.99,0.1,0.1,0.0,1.0,2.29,-13.02,True
1.01,0.01,0.99,0.1,0.1,0.25,0.75,2.42,-12.0,True
1.01,0.01,0.99,0.1,0.1,0.5,0.5,2.54,-10.97,True
1.01,0.01,0.99,0.1,0.1,0.75,0.25,2.65,-9.93,True
1.01,0.01,0.99,0.1,0.1,1.0,0.0,2.76,-8.89,True
1.01,0.01,0.99,0.1,0.2,0.0,1.0,4.08,-13.9,True
1.01,0.01,0.99,0.1,0.2,0.25,0.75,4.17,-13.58,True
1.01,0.01,0.99,0.1,0.2,0.5,0.5,4.26,-13.3,True
1.01,0.01,0.99,0.1,0.2,0.75,0.25,4.34,-13.05,True
1.01,0.01,0.99,0.1,0.2,1.0,0.0,4.41,-12.84,True
1.01,0.01,0.99,0.1,0.3,0.0,1.0,5.49,-16.54,True
1.01,0.01,0.99,0.1,0.3,0.25,0.75,5.54,-16.24,True
1.01,0.01,0.99,0.1,0.3,0.5,0.5,5.58,-15.99,True
1.01,0.01,0.99,0.1,0.3,0.75,0.25,5.63,-15.76,True
1.01,0.01,0.99,0.1,0.3,1.0,0.0,5.68,-15.55,True
1.01,0.01,0.99,0.2,0.0,0.0,1.0,-0.83,-31.99,True
1.01,0.01,0.99,0.2,0.0,0.25,0.75,-0.46,-28.99,True
1.01,0.01,0.99,0.2,0.0,0.5,0.5,-0.12,-25.91,True
1.01,0.01,0.99,0.2,0.0,0.75,0.25,0.2,-22.73,True
1.01,0.01,0.99,0.2,0.0,1.0,0.0,0.49,-19.47,True
1.01,0.01,0.99,0.2,0.1,0.0,1.0,2.4,-18.77,True
1.01,0.01,0.99,0.2,0.1,0.25,0.75,2.59,-17.27,True
1.01,0.01,0.99,0.2,0.1,0.5,0.5,2.78,-15.75,True
1.01,0.01,0.99,0.2,0.1,0.75,0.25,2.96,-14.21,True
1.01,0.01,0.99,0.2,0.1,1.0,0.0,3.11,-12.65,True
1.01,0.01,0.99,0.2,0.2,0.0,1.0,4.37,-17.92,True
1.01,0.01,0.99,0.2,0.2,0.25,0.75,4.47,-16.44,True
1.01,0.01,0.99,0.2,0.2,0.5,0.5,4.57,-15.39,True
1.01,0.01,0.99,0.2,0.2,0.75,0.25,4.67,-14.84,True
1.01,0.01,0.99,0.2,0.2,1.0,0.0,4.77,-14.28,True
1.01,0.01,0.99,0.2,0.3,0.0,1.0,5.79,-19.94,True
1.01,0.01,0.99,0.2,0.3,0.25,0.75,5.86,-19.41,True
1.01,0.01,0.99,0.2,0.3,0.5,0.5,5.91,-18.88,True
1.01,0.01,0.99,0.2,0.3,0.75,0.25,5.97,-18.37,True
1.01,0.01,0.99,0.2,0.3,1.0,0.0,6.03,-17.86,True
1.01,0.01,0.99,0.3,0.0,0.0,1.0,-0.45,-37.23,True
1.01,0.01,0.99,0.3,0.0,0.25,0.75,-0.04,-33.94,True
1.01,0.01,0.99,0.3,0.0,0.5,0.5,0.33,-30.53,True
1.01,0.01,0.99,0.3,0.0,0.75,0.25,0.67,-26.99,True
1.01,0.01,0.99,0.3,0.0,1.0,0.0,0.98,-23.32,True
1.01,0.01,0.99,0.3,0.1,0.0,1.0,2.6,-21.69,True
1.01,0.01,0.99,0.3,0.1,0.25,0.75,2.79,-19.91,True
1.01,0.01,0.99,0.3,0.1,0.5,0.5,2.97,-18.1,True
1.01,0.01,0.99,0.3,0.1,0.75,0.25,3.15,-16.27,True
1.01,0.01,0.99,0.3,0.1,1.0,0.0,3.32,-14.42,True
1.01,0.01,0.99,0.3,0.2,0.0,1.0,4.56,-20.29,True
1.01,0.01,0.99,0.3,0.2,0.25,0.75,4.67,-19.41,True
1.01,0.01,0.99,0.3,0.2,0.5,0.5,4.76,-18.53,True
1.01,0.01,0.99,0.3,0.2,0.75,0.25,4.86,-17.65,True
1.01,0.01,0.99,0.3,0.2,1.0,0.0,4.95,-16.79,True
1.01,0.01,0.99,0.3,0.3,0.0,1.0,5.74,-23.76,True
1.01,0.01,0.99,0.3,0.3,0.25,0.75,5.85,-22.91,True
1.01,0.01,0.99,0.3,0.3,0.5,0.5,5.95,-22.06,True
1.01,0.01,0.99,0.3,0.3,0.75,0.25,6.05,-21.23,True
1.01,0.01,0.99,0.3,0.3,1.0,0.0,6.13,-20.4,True
1.01,0.01,0.99,0.4,0.0,0.0,1.0,-0.63,-38.9,True
1.01,0.01,0.99,0.4,0.0,0.25,0.75,-0.17,-35.54,True
1.01,0.01,0.99,0.4,0.0,0.5,0.5,0.26,-32.05,True
1.01,0.01,0.99,0.4,0.0,0.75,0.25,0.65,-28.4,True
1.01,0.01,0.99,0.4,0.0,1.0,0.0,0.99,-24.61,True
1.01,0.01,0.99,0.4,0.1,0.0,1.0,2.7,-22.34,True
1.01,0.01,0.99,0.4,0.1,0.25,0.75,2.89,-20.51,True
1.01,0.01,0.99,0.4,0.1,0.5,0.5,3.07,-18.66,True
1.01,0.01,0.99,0.4,0.1,0.75,0.25,3.24,-17.03,True
1.01,0.01,0.99,0.4,0.1,1.0,0.0,3.4,-15.78,True
1.01,0.01,0.99,0.4,0.2,0.0,1.0,4.5,-24.2,True
1.01,0.01,0.99,0.4,0.2,0.25,0.75,4.67,-22.95,True
1.01,0.01,0.99,0.4,0.2,0.5,0.5,4.81,-21.71,True
1.01,0.01,0.99,0.4,0.2,0.75,0.25,4.95,-20.49,True
1.01,0.01,0.99,0.4,0.2,1.0,0.0,5.07,-19.29,True
1.01,0.01,0.99,0.4,0.3,0.0,1.0,5.72,-25.94,True
1.01,0.01,0.99,0.4,0.3,0.25,0.75,5.82,-24.86,True
1.01,0.01,0.99,0.4,0.3,0.5,0.5,5.92,-23.81,True
1.01,0.01,0.99,0.4,0.3,0.75,0.25,6.02,-22.78,True
1.01,0.01,0.99,0.4,0.3,1.0,0.0,6.11,-21.77,True
1.01,0.01,1.0,0.1,0.0,0.0,1.0,-1.0,-27.17,True
1.01,0.01,1.0,0.1,0.0,0.25,0.75,-0.81,-25.02,True
1.01,0.01,1.0,0.1,0.0,0.5,0.5,-0.62,-22.83,True
1.01,0.01,1.0,0.1,0.0,0.75,0.25,-0.45,-20.59,True
1.01,0.01,1.0,0.1,0.0,1.0,0.0,-0.28,-18.3,True
1.01,0.01,1.0,0.1,0.1,0.0,1.0,1.85,-20.89,True
1.01,0.01,1.0,0.1,0.1,0.25,0.75,1.95,-19.24,True
1.01,0.01,1.0,0.1,0.1,0.5,0.5,2.06,-17.46,True
1.01,0.01,1.0,0.1,0.1,0.75,0.25,2.16,-15.54,True
1.01,0.01,1.0,0.1,0.1,1.0,0.0,2.27,-13.49,True
1.01,0.01,1.0,0.1,0.2,0.0,1.0,3.97,-13.39,True
1.01,0.01,1.0,0.1,0.2,0.25,0.75,4.02,-13.21,True
1.01,0.01,1.0,0.1,0.2,0.5,0.5,4.08,-13.06,True
1.01,0.01,1.0,0.1,0.2,0.75,0.25,4.13,-12.93,True
1.01,0.01,1.0,0.1,0.2,1.0,0.0,4.18,-12.83,True
1.01,0.01,1.0,0.1,0.3,0.0,1.0,5.36,-16.77,True
1.01,0.01,1.0,0.1,0.3,0.25,0.75,5.4,-16.5,True
1.01,0.01,1.0,0.1,0.3,0.5,0.5,5.44,-16.23,True
1.01,0.01,1.0,0.1,0.3,0.75,0.25,5.47,-15.96,True
1.01,0.01,1.0,0.1,0.3,1.0,0.0,5.5,-15.73,True
1.01,0.01,1.0,0.2,0.0,0.0,1.0,-1.89,-44.42,False
1.01,0.01,1.0,0.2,0.0,0.25,0.75,-1.53,-41.2,False
1.01,0.01,1.0,0.2,0.0,0.5,0.5,-1.19,-37.86,True
1.01,0.01,1.0,0.2,0.0,0.75,0.25,-0.87,-34.38,True
1.01,0.01,1.0,0.2,0.0,1.0,0.0,-0.58,-30.76,True
1.01,0.01,1.0,0.2,0.1,0.0,1.0,2.09,-22.69,True
1.01,0.01,1.0,0.2,0.1,0.25,0.75,2.26,-21.05,True
1.01,0.01,1.0,0.2,0.1,0.5,0.5,2.4,-19.2,True
1.01,0.01,1.0,0.2,0.1,0.75,0.25,2.54,-17.14,True
1.01,0.01,1.0,0.2,0.1,1.0,0.0,2.67,-14.94,True
1.01,0.01,1.0,0.2,0.2,0.0,1.0,4.07,-14.79,True
1.01,0.01,1.0,0.2,0.2,0.25,0.75,4.16,-14.25,True
1.01,0.01,1.0,0.2,0.2,0.5,0.5,4.24,-13.89,True
1.01,0.01,1.0,0.2,0.2,0.75,0.25,4.32,-13.56,True
1.01,0.01,1.0,0.2,0.2,1.0,0.0,4.4,-13.41,True
1.01,0.01,1.0,0.2,0.3,0.0,1.0,5.52,-18.03,True
1.01,0.01,1.0,0.2,0.3,0.25,0.75,5.59,-17.7,True
1.01,0.01,1.0,0.2,0.3,0.5,0.5,5.65,-17.38,True
1.01,0.01,1.0,0.2,0.3,0.75,0.25,5.71,-17.06,True
1.01,0.01,1.0,0.2,0.3,1.0,0.0,5.76,-16.76,True
1.01,0.01,1.0,0.3,0.0,0.0,1.0,-1.3,-45.89,False
1.01,0.01,1.0,0.3,0.0,0.25,0.75,-0.93,-42.54,False
1.01,0.01,1.0,0.3,0.0,0.5,0.5,-0.59,-39.04,True
1.01,0.01,1.0,0.3,0.0,0.75,0.25,-0.27,-35.38,True
1.01,0.01,1.0,0.3,0.0,1.0,0.0,0.0,-31.57,True
1.01,0.01,1.0,0.3,0.1,0.0,1.0,2.19,-24.59,True
1.01,0.01,1.0,0.3,0.1,0.25,0.75,2.35,-23.0,True
1.01,0.01,1.0,0.3,0.1,0.5,0.5,2.51,-21.18,True
1.01,0.01,1.0,0.3,0.1,0.75,0.25,2.66,-19.09,True
1.01,0.01,1.0,0.3,0.1,1.0,0.0,2.8,-16.75,True
1.01,0.01,1.0,0.3,0.2,0.0,1.0,4.27,-17.1,True
1.01,0.01,1.0,0.3,0.2,0.25,0.75,4.36,-15.82,True
1.01,0.01,1.0,0.3,0.2,0.5,0.5,4.47,-15.31,True
1.01,0.01,1.0,0.3,0.2,0.75,0.25,4.55,-14.81,True
1.01,0.01,1.0,0.3,0.2,1.0,0.0,4.62,-14.32,True
1.01,0.01,1.0,0.3,0.3,0.0,1.0,5.61,-19.55,True
1.01,0.01,1.0,0.3,0.3,0.25,0.75,5.69,-19.08,True
1.01,0.01,1.0,0.3,0.3,0.5,0.5,5.77,-18.62,True
1.01,0.01,1.0,0.3,0.3,0.75,0.25,5.85,-18.18,True
1.01,0.01,1.0,0.3,0.3,1.0,0.0,5.91,-17.75,True
1.01,0.01,1.0,0.4,0.0,0.0,1.0,-0.99,-46.34,False
1.01,0.01,1.0,0.4,0.0,0.25,0.75,-0.6,-42.97,False
1.01,0.01,1.0,0.4,0.0,0.5,0.5,-0.25,-39.45,True
1.01,0.01,1.0,0.4,0.0,0.75,0.25,0.07,-35.76,True
1.01,0.01,1.0,0.4,0.0,1.0,0.0,0.34,-31.9,True
1.01,0.01,1.0,0.4,0.1,0.0,1.0,2.46,-26.83,True
1.01,0.01,1.0,0.4,0.1,0.25,0.75,2.62,-25.01,True
1.01,0.01,1.0,0.4,0.1,0.5,0.5,2.77,-22.94,True
1.01,0.01,1.0,0.4,0.1,0.75,0.25,2.91,-20.62,True
1.01,0.01,1.0,0.4,0.1,1.0,0.0,3.04,-18.05,True
1.01,0.01,1.0,0.4,0.2,0.0,1.0,4.38,-18.41,True
1.01,0.01,1.0,0.4,0.2,0.25,0.75,4.51,-17.68,True
1.01,0.01,1.0,0.4,0.2,0.5,0.5,4.62,-16.98,True
1.01,0.01,1.0,0.4,0.2,0.75,0.25,4.72,-16.29,True
1.01,0.01,1.0,0.4,0.2,1.0,0.0,4.81,-15.62,True
1.01,0.01,1.0,0.4,0.3,0.0,1.0,5.66,-20.71,True
1.01,0.01,1.0,0.4,0.3,0.25,0.75,5.74,-20.11,True
1.01,0.01,1.0,0.4,0.3,0.5,0.5,5.82,-19.53,True
1.01,0.01,1.0,0.4,0.3,0.75,0.25,5.9,-18.98,True
1.01,0.01,1.0,0.4,0.3,1.0,0.0,5.96,-18.45,True
1.01,0.01,1.01,0.1,0.0,0.0,1.0,-1.79,-15.11,True
1.01,0.01,1.01,0.1,0.0,0.25,0.75,-1.6,-13.81,True
1.01,0.01,1.01,0.1,0.0,0.5,0.5,-1.4,-12.49,True
1.01,0.01,1.01,0.1,0.0,0.75,0.25,-1.21,-11.15,True
1.01,0.01,1.01,0.1,0.0,1.0,0.0,-1.02,-9.8,True
1.01,0.01,1.01,0.1,0.1,0.0,1.0,1.48,-13.13,True
1.01,0.01,1.01,0.1,0.1,0.25,0.75,1.59,-12.15,True
1.01,0.01,1.01,0.1,0.1,0.5,0.5,1.7,-11.13,True
1.01,0.01,1.01,0.1,0.1,0.75,0.25,1.82,-10.27,True
1.01,0.01,1.01,0.1,0.1,1.0,0.0,1.93,-10.08,True
1.01,0.01,1.01,0.1,0.2,0.0,1.0,3.59,-16.09,True
1.01,0.01,1.01,0.1,0.2,0.25,0.75,3.66,-15.68,True
1.01,0.01,1.01,0.1,0.2,0.5,0.5,3.74,-15.3,True
1.01,0.01,1.01,0.1,0.2,0.75,0.25,3.81,-14.97,True
1.01,0.01,1.01,0.1,0.2,1.0,0.0,3.86,-14.71,True
1.01,0.01,1.01,0.1,0.3,0.0,1.0,5.08,-18.89,True
1.01,0.01,1.01,0.1,0.3,0.25,0.75,5.11,-18.49,True
1.01,0.01,1.01,0.1,0.3,0.5,0.5,5.14,-18.18,True
1.01,0.01,1.01,0.1,0.3,0.75,0.25,5.17,-17.89,True
1.01,0.01,1.01,0.1,0.3,1.0,0.0,5.21,-17.57,True
1.01,0.01,1.01,0.2,0.0,0.0,1.0,-3.66,-28.53,True
1.01,0.01,1.01,0.2,0.0,0.25,0.75,-3.23,-26.21,True
1.01,0.01,1.01,0.2,0.0,0.5,0.5,-2.82,-23.84,True
1.01,0.01,1.01,0.2,0.0,0.75,0.25,-2.42,-21.42,True
1.01,0.01,1.01,0.2,0.0,1.0,0.0,-2.03,-18.93,True
1.01,0.01,1.01,0.2,0.1,0.0,1.0,1.01,-18.7,True
1.01,0.01,1.01,0.2,0.1,0.25,0.75,1.17,-17.34,True
1.01,0.01,1.01,0.2,0.1,0.5,0.5,1.34,-15.93,True
1.01,0.01,1.01,0.2,0.1,0.75,0.25,1.52,-14.46,True
1.01,0.01,1.01,0.2,0.1,1.0,0.0,1.7,-12.92,True
1.01,0.01,1.01,0.2,0.2,0.0,1.0,3.4,-18.51,True
1.01,0.01,1.01,0.2,0.2,0.25,0.75,3.49,-17.96,True
1.01,0.01,1.01,0.2,0.2,0.5,0.5,3.58,-17.46,True
1.01,0.01,1.01,0.2,0.2,0.75,0.25,3.68,-17.01,True
1.01,0.01,1.01,0.2,0.2,1.0,0.0,3.77,-16.57,True
1.01,0.01,1.01,0.2,0.3,0.0,1.0,5.0,-21.48,True
1.01,0.01,1.01,0.2,0.3,0.25,0.75,5.05,-20.9,True
1.01,0.01,1.01,0.2,0.3,0.5,0.5,5.11,-20.33,True
1.01,0.01,1.01,0.2,0.3,0.75,0.25,5.18,-19.77,True
1.01,0.01,1.01,0.2,0.3,1.0,0.0,5.25,-19.21,True
1.01,0.01,1.01,0.3,0.0,0.0,1.0,-4.53,-32.69,True
1.01,0.01,1.01,0.3,0.0,0.25,0.75,-3.99,-30.07,True
1.01,0.01,1.01,0.3,0.0,0.5,0.5,-3.46,-27.37,True
1.01,0.01,1.01,0.3,0.0,0.75,0.25,-2.96,-24.6,True
1.01,0.01,1.01,0.3,0.0,1.0,0.0,-2.47,-21.75,True
1.01,0.01,1.01,0.3,0.1,0.0,1.0,0.89,-23.63,True
1.01,0.01,1.01,0.3,0.1,0.25,0.75,1.04,-21.92,True
1.01,0.01,1.01,0.3,0.1,0.5,0.5,1.2,-20.13,True
1.01,0.01,1.01,0.3,0.1,0.75,0.25,1.36,-18.27,True
1.01,0.01,1.01,0.3,0.1,1.0,0.0,1.55,-16.33,True
1.01,0.01,1.01,0.3,0.2,0.0,1.0,3.36,-23.06,True
1.01,0.01,1.01,0.3,0.2,0.25,0.75,3.44,-21.59,True
1.01,0.01,1.01,0.3,0.2,0.5,0.5,3.54,-20.01,True
1.01,0.01,1.01,0.3,0.2,0.75,0.25,3.65,-18.32,True
1.01,0.01,1.01,0.3,0.2,1.0,0.0,3.76,-16.81,True
1.01,0.01,1.01,0.3,0.3,0.0,1.0,5.0,-22.32,True
1.01,0.01,1.01,0.3,0.3,0.25,0.75,5.05,-21.71,True
1.01,0.01,1.01,0.3,0.3,0.5,0.5,5.1,-21.1,True
1.01,0.01,1.01,0.3,0.3,0.75,0.25,5.17,-20.49,True
1.01,0.01,1.01,0.3,0.3,1.0,0.0,5.24,-19.88,True
1.01,0.01,1.01,0.4,0.0,0.0,1.0,-5.06,-33.29,True
1.01,0.01,1.01,0.4,0.0,0.25,0.75,-4.44,-30.65,True
1.01,0.01,1.01,0.4,0.0,0.5,0.5,-3.84,-27.91,True
1.01,0.01,1.01,0.4,0.0,0.75,0.25,-3.27,-25.09,True
1.01,0.01,1.01,0.4,0.0,1.0,0.0,-2.71,-22.17,True
1.01,0.01,1.01,0.4,0.1,0.0,1.0,0.81,-27.55,True
1.01,0.01,1.01,0.4,0.1,0.25,0.75,0.98,-25.69,True
1.01,0.01,1.01,0.4,0.1,0.5,0.5,1.17,-23.71,True
1.01,0.01,1.01,0.4,0.1,0.75,0.25,1.37,-21.62,True
1.01,0.01,1.01,0.4,0.1,1.0,0.0,1.56,-19.4,True
1.01,0.01,1.01,0.4,0.2,0.0,1.0,3.36,-24.88,True
1.01,0.01,1.01,0.4,0.2,0.25,0.75,3.44,-23.29,True
1.01,0.01,1.01,0.4,0.2,0.5,0.5,3.53,-21.59,True
1.01,0.01,1.01,0.4,0.2,0.75,0.25,3.64,-19.78,True
1.01,0.01,1.01,0.4,0.2,1.0,0.0,3.75,-17.86,True
1.01,0.01,1.01,0.4,0.3,0.0,1.0,5.01,-22.86,True
1.01,0.01,1.01,0.4,0.3,0.25,0.75,5.06,-21.93,True
1.01,0.01,1.01,0.4,0.3,0.5,0.5,5.12,-21.33,True
1.01,0.01,1.01,0.4,0.3,0.75,0.25,5.18,-20.74,True
1.01,0.01,1.01,0.4,0.3,1.0,0.0,5.25,-20.15,True
1.01,0.01,1.02,0.1,0.0,0.0,1.0,-0.13,-13.07,True
1.01,0.01,1.02,0.1,0.0,0.25,0.75,-0.08,-11.96,True
1.01,0.01,1.02,0.1,0.0,0.5,0.5,-0.04,-10.84,True
1.01,0.01,1.02,0.1,0.0,0.75,0.25,0.0,-9.71,True
1.01,0.01,1.02,0.1,0.0,1.0,0.0,0.04,-8.57,True
1.01,0.01,1.02,0.1,0.1,0.0,1.0,2.52,-9.12,True
1.01,0.01,1.02,0.1,0.1,0.25,0.75,2.55,-8.56,True
1.01,0.01,1.02,0.1,0.1,0.5,0.5,2.56,-8.56,True
1.01,0.01,1.02,0.1,0.1,0.75,0.25,2.58,-8.56,True
1.01,0.01,1.02,0.1,0.1,1.0,0.0,2.59,-8.57,True
1.01,0.01,1.02,0.1,0.2,0.0,1.0,4.27,-12.94,True
1.01,0.01,1.02,0.1,0.2,0.25,0.75,4.29,-12.9,True
1.01,0.01,1.02,0.1,0.2,0.5,0.5,4.29,-12.88,True
1.01,0.01,1.02,0.1,0.2,0.75,0.25,4.29,-12.87,True
1.01,0.01,1.02,0.1,0.2,1.0,0.0,4.29,-12.86,True
1.01,0.01,1.02,0.1,0.3,0.0,1.0,5.49,-17.47,True
1.01,0.01,1.02,0.1,0.3,0.25,0.75,5.53,-17.31,True
1.01,0.01,1.02,0.1,0.3,0.5,0.5,5.56,-17.12,True
1.01,0.01,1.02,0.1,0.3,0.75,0.25,5.56,-16.84,True
1.01,0.01,1.02,0.1,0.3,1.0,0.0,5.56,-16.56,True
1.01,0.01,1.02,0.2,0.0,0.0,1.0,-1.08,-25.06,True
1.01,0.01,1.02,0.2,0.0,0.25,0.75,-0.89,-23.02,True
1.01,0.01,1.02,0.2,0.0,0.5,0.5,-0.72,-20.95,True
1.01,0.01,1.02,0.2,0.0,0.75,0.25,-0.55,-18.85,True
1.01,0.01,1.02,0.2,0.0,1.0,0.0,-0.4,-16.71,True
1.01,0.01,1.02,0.2,0.1,0.0,1.0,2.07,-12.25,True
1.01,0.01,1.02,0.2,0.1,0.25,0.75,2.18,-11.38,True
1.01,0.01,1.02,0.2,0.1,0.5,0.5,2.29,-10.47,True
1.01,0.01,1.02,0.2,0.1,0.75,0.25,2.38,-9.53,True
1.01,0.01,1.02,0.2,0.1,1.0,0.0,2.47,-9.29,True
1.01,0.01,1.02,0.2,0.2,0.0,1.0,3.91,-15.13,True
1.01,0.01,1.02,0.2,0.2,0.25,0.75,3.99,-14.87,True
1.01,0.01,1.02,0.2,0.2,0.5,0.5,4.06,-14.64,True
1.01,0.01,1.02,0.2,0.2,0.75,0.25,4.13,-14.43,True
1.01,0.01,1.02,0.2,0.2,1.0,0.0,4.2,-14.26,True
1.01,0.01,1.02,0.2,0.3,0.0,1.0,5.26,-19.51,True
1.01,0.01,1.02,0.2,0.3,0.25,0.75,5.33,-19.19,True
1.01,0.01,1.02,0.2,0.3,0.5,0.5,5.4,-18.87,True
1.01,0.01,1.02,0.2,0.3,0.75,0.25,5.46,-18.56,True
1.01,0.01,1.02,0.2,0.3,1.0,0.0,5.52,-18.25,True
1.01,0.01,1.02,0.3,0.0,0.0,1.0,-1.79,-27.53,True
1.01,0.01,1.02,0.3,0.0,0.25,0.75,-1.5,-25.26,True
1.01,0.01,1.02,0.3,0.0,0.5,0.5,-1.24,-22.94,True
1.01,0.01,1.02,0.3,0.0,0.75,0.25,-0.99,-20.59,True
1.01,0.01,1.02,0.3,0.0,1.0,0.0,-0.76,-18.19,True
1.01,0.01,1.02,0.3,0.1,0.0,1.0,1.75,-14.79,True
1.01,0.01,1.02,0.3,0.1,0.25,0.75,1.89,-13.72,True
1.01,0.01,1.02,0.3,0.1,0.5,0.5,2.03,-12.61,True
1.01,0.01,1.02,0.3,0.1,0.75,0.25,2.16,-11.46,True
1.01,0.01,1.02,0.3,0.1,1.0,0.0,2.29,-10.25,True
1.01,0.01,1.02,0.3,0.2,0.0,1.0,3.76,-16.49,True
1.01,0.01,1.02,0.3,0.2,0.25,0.75,3.86,-16.07,True
1.01,0.01,1.02,0.3,0.2,0.5,0.5,3.98,-15.61,True
1.01,0.01,1.02,0.3,0.2,0.75,0.25,4.08,-15.22,True
1.01,0.01,1.02,0.3,0.2,1.0,0.0,4.17,-14.86,True
1.01,0.01,1.02,0.3,0.3,0.0,1.0,5.19,-20.36,True
1.01,0.01,1.02,0.3,0.3,0.25,0.75,5.25,-19.99,True
1.01,0.01,1.02,0.3,0.3,0.5,0.5,5.32,-19.63,True
1.01,0.01,1.02,0.3,0.3,0.75,0.25,5.39,-19.27,True
1.01,0.01,1.02,0.3,0.3,1.0,0.0,5.45,-18.92,True
1.01,0.01,1.02,0.4,0.0,0.0,1.0,-2.18,-27.72,True
1.01,0.01,1.02,0.4,0.0,0.25,0.75,-1.83,-25.45,True
1.01,0.01,1.02,0.4,0.0,0.5,0.5,-1.5,-23.12,True
1.01,0.01,1.02,0.4,0.0,0.75,0.25,-1.2,-20.74,True
1.01,0.01,1.02,0.4,0.0,1.0,0.0,-0.92,-18.29,True
1.01,0.01,1.02,0.4,0.1,0.0,1.0,1.63,-17.28,True
1.01,0.01,1.02,0.4,0.1,0.25,0.75,1.8,-16.02,True
1.01,0.01,1.02,0.4,0.1,0.5,0.5,1.95,-14.71,True
1.01,0.01,1.02,0.4,0.1,0.75,0.25,2.11,-13.35,True
1.01,0.01,1.02,0.4,0.1,1.0,0.0,2.25,-11.94,True
1.01,0.01,1.02,0.4,0.2,0.0,1.0,3.66,-17.11,True
1.01,0.01,1.02,0.4,0.2,0.25,0.75,3.76,-16.7,True
1.01,0.01,1.02,0.4,0.2,0.5,0.5,3.86,-16.3,True
1.01,0.01,1.02,0.4,0.2,0.75,0.25,3.96,-15.91,True
1.01,0.01,1.02,0.4,0.2,1.0,0.0,4.07,-15.53,True
1.01,0.01,1.02,0.4,0.3,0.0,1.0,5.15,-20.79,True
1.01,0.01,1.02,0.4,0.3,0.25,0.75,5.21,-20.41,True
1.01,0.01,1.02,0.4,0.3,0.5,0.5,5.27,-20.04,True
1.01,0.01,1.02,0.4,0.3,0.75,0.25,5.34,-19.68,True
1.01,0.01,1.02,0.4,0.3,1.0,0.0,5.41,-19.33,True
1.01,0.015,0.95,0.1,0.0,0.0,1.0,0.84,-24.48,True
1.01,0.015,0.95,0.1,0.0,0.25,0.75,1.03,-22.46,True
1.01,0.015,0.95,0.1,0.0,0.5,0.5,1.21,-20.4,True
1.01,0.015,0.95,0.1,0.0,0.75,0.25,1.37,-18.31,True
1.01,0.015,0.95,0.1,0.0,1.0,0.0,1.53,-16.18,True
1.01,0.015,0.95,0.1,0.1,0.0,1.0,3.33,-23.8,True
1.01,0.015,0.95,0.1,0.1,0.25,0.75,3.43,-21.77,True
1.01,0.015,0.95,0.1,0.1,0.5,0.5,3.53,-19.71,True
1.01,0.015,0.95,0.1,0.1,0.75,0.25,3.62,-17.61,True
1.01,0.015,0.95,0.1,0.1,1.0,0.0,3.71,-15.48,True
1.01,0.015,0.95,0.1,0.2,0.0,1.0,5.03,-22.51,True
1.01,0.015,0.95,0.1,0.2,0.25,0.75,5.09,-20.52,True
1.01,0.015,0.95,0.1,0.2,0.5,0.5,5.16,-18.49,True
1.01,0.015,0.95,0.1,0.2,0.75,0.25,5.21,-16.43,True
1.01,0.015,0.95,0.1,0.2,1.0,0.0,5.26,-14.34,True
1.01,0.015,0.95,0.1,0.3,0.0,1.0,6.03,-21.41,True
1.01,0.015,0.95,0.1,0.3,0.25,0.75,6.1,-20.64,True
1.01,0.015,0.95,0.1,0.3,0.5,0.5,6.16,-19.88,True
1.01,0.015,0.95,0.1,0.3,0.75,0.25,6.21,-19.13,True
1.01,0.015,0.95,0.1,0.3,1.0,0.0,6.26,-18.39,True
1.01,0.015,0.95,0.2,0.0,0.0,1.0,1.59,-33.88,True
1.01,0.015,0.95,0.2,0.0,0.25,0.75,1.87,-31.12,True
1.01,0.015,0.95,0.2,0.0,0.5,0.5,2.13,-28.3,True
1.01,0.015,0.95,0.2,0.0,0.75,0.25,2.36,-25.39,True
1.01,0.015,0.95,0.2,0.0,1.0,0.0,2.56,-22.42,True
1.01,0.015,0.95,0.2,0.1,0.0,1.0,3.39,-30.18,True
1.01,0.015,0.95,0.2,0.1,0.25,0.75,3.58,-27.64,True
1.01,0.015,0.95,0.2,0.1,0.5,0.5,3.76,-25.04,True
1.01,0.015,0.95,0.2,0.1,0.75,0.25,3.92,-22.37,True
1.01,0.015,0.95,0.2,0.1,1.0,0.0,4.07,-19.63,True
1.01,0.015,0.95,0.2,0.2,0.0,1.0,4.76,-26.65,True
1.01,0.015,0.95,0.2,0.2,0.25,0.75,4.91,-24.32,True
1.01,0.015,0.95,0.2,0.2,0.5,0.5,5.05,-21.94,True
1.01,0.015,0.95,0.2,0.2,0.75,0.25,5.17,-19.5,True
1.01,0.015,0.95,0.2,0.2,1.0,0.0,5.29,-17.22,True
1.01,0.015,0.95,0.2,0.3,0.0,1.0,5.68,-26.01,True
1.01,0.015,0.95,0.2,0.3,0.25,0.75,5.83,-24.81,True
1.01,0.015,0.95,0.2,0.3,0.5,0.5,5.97,-23.63,True
1.01,0.015,0.95,0.2,0.3,0.75,0.25,6.09,-22.45,True
1.01,0.015,0.95,0.2,0.3,1.0,0.0,6.19,-21.28,True
1.01,0.015,0.95,0.3,0.0,0.0,1.0,1.3,-36.59,True
1.01,0.015,0.95,0.3,0.0,0.25,0.75,1.68,-33.66,True
1.01,0.015,0.95,0.3,0.0,0.5,0.5,2.03,-30.63,True
1.01,0.015,0.95,0.3,0.0,0.75,0.25,2.33,-27.52,True
1.01,0.015,0.95,0.3,0.0,1.0,0.0,2.6,-24.32,True
1.01,0.015,0.95,0.3,0.1,0.0,1.0,3.21,-32.58,True
1.01,0.015,0.95,0.3,0.1,0.25,0.75,3.47,-29.91,True
1.01,0.015,0.95,0.3,0.1,0.5,0.5,3.71,-27.15,True
1.01,0.015,0.95,0.3,0.1,0.75,0.25,3.93,-24.3,True
1.01,0.015,0.95,0.3,0.1,1.0,0.0,4.13,-21.37,True
1.01,0.015,0.95,0.3,0.2,0.0,1.0,4.45,-28.21,True
1.01,0.015,0.95,0.3,0.2,0.25,0.75,4.64,-25.78,True
1.01,0.015,0.95,0.3,0.2,0.5,0.5,4.83,-23.27,True
1.01,0.015,0.95,0.3,0.2,0.75,0.25,5.01,-21.29,True
1.01,0.015,0.95,0.3,0.2,1.0,0.0,5.17,-19.8,True
1.01,0.015,0.95,0.3,0.3,0.0,1.0,5.52,-29.54,True
1.01,0.015,0.95,0.3,0.3,0.25,0.75,5.65,-28.04,True
1.01,0.015,0.95,0.3,0.3,0.5,0.5,5.8,-26.54,True
1.01,0.015,0.95,0.3,0.3,0.75,0.25,5.94,-25.05,True
1.01,0.015,0.95,0.3,0.3,1.0,0.0,6.08,-23.56,True
1.01,0.015,0.95,0.4,0.0,0.0,1.0,0.9,-36.79,True
1.01,0.015,0.95,0.4,0.0,0.25,0.75,1.36,-33.88,True
1.01,0.015,0.95,0.4,0.0,0.5,0.5,1.78,-30.86,True
1.01,0.015,0.95,0.4,0.0,0.75,0.25,2.15,-27.73,True
1.01,0.015,0.95,0.4,0.0,1.0,0.0,2.48,-24.5,True
1.01,0.015,0.95,0.4,0.1,0.0,1.0,2.79,-32.44,True
1.01,0.015,0.95,0.4,0.1,0.25,0.75,3.09,-29.75,True
1.01,0.015,0.95,0.4,0.1,0.5,0.5,3.39,-26.97,True
1.01,0.015,0.95,0.4,0.1,0.75,0.25,3.66,-24.1,True
1.01,0.015,0.95,0.4,0.1,1.0,0.0,3.92,-21.13,True
1.01,0.015,0.95,0.4,0.2,0.0,1.0,4.28,-29.69,True
1.01,0.015,0.95,0.4,0.2,0.25,0.75,4.49,-27.86,True
1.01,0.015,0.95,0.4,0.2,0.5,0.5,4.68,-26.04,True
1.01,0.015,0.95,0.4,0.2,0.75,0.25,4.89,-24.2,True
1.01,0.015,0.95,0.4,0.2,1.0,0.0,5.08,-22.37,True
1.01,0.015,0.95,0.4,0.3,0.0,1.0,5.44,-33.41,True
1.01,0.015,0.95,0.4,0.3,0.25,0.75,5.59,-31.59,True
1.01,0.015,0.95,0.4,0.3,0.5,0.5,5.74,-29.77,True
1.01,0.015,0.95,0.4,0.3,0.75,0.25,5.9,-27.94,True
1.01,0.015,0.95,0.4,0.3,1.0,0.0,6.06,-26.11,True
1.01,0.015,0.97,0.1,0.0,0.0,1.0,1.17,-17.37,True
1.01,0.015,0.97,0.1,0.0,0.25,0.75,1.26,-16.08,True
1.01,0.015,0.97,0.1,0.0,0.5,0.5,1.34,-14.69,True
1.01,0.015,0.97,0.1,0.0,0.75,0.25,1.41,-13.18,True
1.01,0.015,0.97,0.1,0.0,1.0,0.0,1.46,-11.54,True
1.01,0.015,0.97,0.1,0.1,0.0,1.0,3.31,-13.53,True
1.01,0.015,0.97,0.1,0.1,0.25,0.75,3.37,-12.42,True
1.01,0.015,0.97,0.1,0.1,0.5,0.5,3.43,-11.22,True
1.01,0.015,0.97,0.1,0.1,0.75,0.25,3.48,-9.91,True
1.01,0.015,0.97,0.1,0.1,1.0,0.0,3.52,-8.74,True
1.01,0.015,0.97,0.1,0.2,0.0,1.0,4.82,-15.24,True
1.01,0.015,0.97,0.1,0.2,0.25,0.75,4.87,-14.72,True
1.01,0.015,0.97,0.1,0.2,0.5,0.5,4.91,-14.21,True
1.01,0.015,0.97,0.1,0.2,0.75,0.25,4.95,-13.71,True
1.01,0.015,0.97,0.1,0.2,1.0,0.0,4.98,-13.22,True
1.01,0.015,0.97,0.1,0.3,0.0,1.0,5.78,-19.72,True
1.01,0.015,0.97,0.1,0.3,0.25,0.75,5.86,-19.16,True
1.01,0.015,0.97,0.1,0.3,0.5,0.5,5.92,-18.6,True
1.01,0.015,0.97,0.1,0.3,0.75,0.25,5.97,-18.06,True
1.01,0.015,0.97,0.1,0.3,1.0,0.0,6.0,-17.52,True
1.01,0.015,0.97,0.2,0.0,0.0,1.0,0.31,-20.24,True
1.01,0.015,0.97,0.2,0.0,0.25,0.75,0.6,-18.76,True
1.01,0.015,0.97,0.2,0.0,0.5,0.5,0.86,-17.18,True
1.01,0.015,0.97,0.2,0.0,0.75,0.25,1.09,-15.46,True
1.01,0.015,0.97,0.2,0.0,1.0,0.0,1.3,-13.58,True
1.01,0.015,0.97,0.2,0.1,0.0,1.0,2.74,-18.97,True
1.01,0.015,0.97,0.2,0.1,0.25,0.75,2.92,-17.2,True
1.01,0.015,0.97,0.2,0.1,0.5,0.5,3.1,-15.41,True
1.01,0.015,0.97,0.2,0.1,0.75,0.25,3.26,-13.59,True
1.01,0.015,0.97,0.2,0.1,1.0,0.0,3.4,-11.74,True
1.01,0.015,0.97,0.2,0.2,0.0,1.0,4.22,-20.14,True
1.01,0.015,0.97,0.2,0.2,0.25,0.75,4.35,-19.16,True
1.01,0.015,0.97,0.2,0.2,0.5,0.5,4.49,-18.19,True
1.01,0.015,0.97,0.2,0.2,0.75,0.25,4.63,-17.23,True
1.01,0.015,0.97,0.2,0.2,1.0,0.0,4.77,-16.28,True
1.01,0.015,0.97,0.2,0.3,0.0,1.0,5.52,-24.24,True
1.01,0.015,0.97,0.2,0.3,0.25,0.75,5.59,-23.24,True
1.01,0.015,0.97,0.2,0.3,0.5,0.5,5.68,-22.26,True
1.01,0.015,0.97,0.2,0.3,0.75,0.25,5.77,-21.29,True
1.01,0.015,0.97,0.2,0.3,1.0,0.0,5.85,-20.33,True
1.01,0.015,0.97,0.3,0.0,0.0,1.0,-0.43,-25.78,True
1.01,0.015,0.97,0.3,0.0,0.25,0.75,-0.0,-23.57,True
1.01,0.015,0.97,0.3,0.0,0.5,0.5,0.39,-21.31,True
1.01,0.015,0.97,0.3,0.0,0.75,0.25,0.74,-18.99,True
1.01,0.015,0.97,0.3,0.0,1.0,0.0,1.06,-16.62,True
1.01,0.015,0.97,0.3,0.1,0.0,1.0,2.35,-23.53,True
1.01,0.015,0.97,0.3,0.1,0.25,0.75,2.57,-21.46,True
1.01,0.015,0.97,0.3,0.1,0.5,0.5,2.79,-19.34,True
1.01,0.015,0.97,0.3,0.1,0.75,0.25,3.02,-17.16,True
1.01,0.015,0.97,0.3,0.1,1.0,0.0,3.23,-14.92,True
1.01,0.015,0.97,0.3,0.2,0.0,1.0,4.27,-23.78,True
1.01,0.015,0.97,0.3,0.2,0.25,0.75,4.39,-22.49,True
1.01,0.015,0.97,0.3,0.2,0.5,0.5,4.52,-21.2,True
1.01,0.015,0.97,0.3,0.2,0.75,0.25,4.64,-19.92,True
1.01,0.015,0.97,0.3,0.2,1.0,0.0,4.77,-18.64,True
1.01,0.015,0.97,0.3,0.3,0.0,1.0,5.43,-27.41,True
1.01,0.015,0.97,0.3,0.3,0.25,0.75,5.56,-26.13,True
1.01,0.015,0.97,0.3,0.3,0.5,0.5,5.69,-24.86,True
1.01,0.015,0.97,0.3,0.3,0.75,0.25,5.81,-23.59,True
1.01,0.015,0.97,0.3,0.3,1.0,0.0,5.93,-22.34,True
1.01,0.015,0.97,0.4,0.0,0.0,1.0,-0.78,-27.52,True
1.01,0.015,0.97,0.4,0.0,0.25,0.75,-0.28,-25.22,True
1.01,0.015,0.97,0.4,0.0,0.5,0.5,0.19,-22.84,True
1.01,0.015,0.97,0.4,0.0,0.75,0.25,0.61,-20.39,True
1.01,0.015,0.97,0.4,0.0,1.0,0.0,0.99,-17.87,True
1.01,0.015,0.97,0.4,0.1,0.0,1.0,2.42,-24.73,True
1.01,0.015,0.97,0.4,0.1,0.25,0.75,2.64,-22.56,True
1.01,0.015,0.97,0.4,0.1,0.5,0.5,2.87,-20.33,True
1.01,0.015,0.97,0.4,0.1,0.75,0.25,3.08,-18.25,True
1.01,0.015,0.97,0.4,0.1,1.0,0.0,3.29,-16.67,True
1.01,0.015,0.97,0.4,0.2,0.0,1.0,4.18,-27.27,True
1.01,0.015,0.97,0.4,0.2,0.25,0.75,4.38,-25.68,True
1.01,0.015,0.97,0.4,0.2,0.5,0.5,4.57,-24.09,True
1.01,0.015,0.97,0.4,0.2,0.75,0.25,4.75,-22.5,True
1.01,0.015,0.97,0.4,0.2,1.0,0.0,4.92,-20.91,True
1.01,0.015,0.97,0.4,0.3,0.0,1.0,5.41,-30.83,True
1.01,0.015,0.97,0.4,0.3,0.25,0.75,5.54,-29.26,True
1.01,0.015,0.97,0.4,0.3,0.5,0.5,5.67,-27.69,True
1.01,0.015,0.97,0.4,0.3,0.75,0.25,5.79,-26.12,True
1.01,0.015,0.97,0.4,0.3,1.0,0.0,5.9,-24.56,True
1.01,0.015,0.99,0.1,0.0,0.0,1.0,0.5,-13.05,True
1.01,0.015,0.99,0.1,0.0,0.25,0.75,0.55,-11.76,True
1.01,0.015,0.99,0.1,0.0,0.5,0.5,0.6,-10.46,True
1.01,0.015,0.99,0.1,0.0,0.75,0.25,0.64,-9.14,True
1.01,0.015,0.99,0.1,0.0,1.0,0.0,0.67,-7.82,True
1.01,0.015,0.99,0.1,0.1,0.0,1.0,2.75,-9.09,True
1.01,0.015,0.99,0.1,0.1,0.25,0.75,2.78,-7.76,True
1.01,0.015,0.99,0.1,0.1,0.5,0.5,2.82,-7.4,True
1.01,0.015,0.99,0.1,0.1,0.75,0.25,2.85,-7.47,True
1.01,0.015,0.99,0.1,0.1,1.0,0.0,2.88,-7.53,True
1.01,0.015,0.99,0.1,0.2,0.0,1.0,4.34,-11.25,True
1.01,0.015,0.99,0.1,0.2,0.25,0.75,4.36,-11.31,True
1.01,0.015,0.99,0.1,0.2,0.5,0.5,4.39,-11.39,True
1.01,0.015,0.99,0.1,0.2,0.75,0.25,4.42,-11.47,True
1.01,0.015,0.99,0.1,0.2,1.0,0.0,4.44,-11.55,True
1.01,0.015,0.99,0.1,0.3,0.0,1.0,5.53,-14.99,True
1.01,0.015,0.99,0.1,0.3,0.25,0.75,5.55,-14.87,True
1.01,0.015,0.99,0.1,0.3,0.5,0.5,5.57,-14.76,True
1.01,0.015,0.99,0.1,0.3,0.75,0.25,5.58,-14.64,True
1.01,0.015,0.99,0.1,0.3,1.0,0.0,5.6,-14.53,True
1.01,0.015,0.99,0.2,0.0,0.0,1.0,0.61,-22.15,True
1.01,0.015,0.99,0.2,0.0,0.25,0.75,0.72,-19.99,True
1.01,0.015,0.99,0.2,0.0,0.5,0.5,0.82,-17.8,True
1.01,0.015,0.99,0.2,0.0,0.75,0.25,0.92,-15.57,True
1.01,0.015,0.99,0.2,0.0,1.0,0.0,1.0,-13.31,True
1.01,0.015,0.99,0.2,0.1,0.0,1.0,2.92,-18.34,True
1.01,0.015,0.99,0.2,0.1,0.25,0.75,2.99,-16.41,True
1.01,0.015,0.99,0.2,0.1,0.5,0.5,3.05,-14.39,True
1.01,0.015,0.99,0.2,0.1,0.75,0.25,3.1,-12.3,True
1.01,0.015,0.99,0.2,0.1,1.0,0.0,3.15,-10.09,True
1.01,0.015,0.99,0.2,0.2,0.0,1.0,4.54,-13.45,True
1.01,0.015,0.99,0.2,0.2,0.25,0.75,4.59,-13.13,True
1.01,0.015,0.99,0.2,0.2,0.5,0.5,4.64,-12.82,True
1.01,0.015,0.99,0.2,0.2,0.75,0.25,4.67,-12.5,True
1.01,0.015,0.99,0.2,0.2,1.0,0.0,4.69,-12.19,True
1.01,0.015,0.99,0.2,0.3,0.0,1.0,5.54,-17.5,True
1.01,0.015,0.99,0.2,0.3,0.25,0.75,5.59,-17.16,True
1.01,0.015,0.99,0.2,0.3,0.5,0.5,5.64,-16.83,True
1.01,0.015,0.99,0.2,0.3,0.75,0.25,5.68,-16.51,True
1.01,0.015,0.99,0.2,0.3,1.0,0.0,5.72,-16.18,True
1.01,0.015,0.99,0.3,0.0,0.0,1.0,0.26,-31.94,True
1.01,0.015,0.99,0.3,0.0,0.25,0.75,0.46,-29.06,True
1.01,0.015,0.99,0.3,0.0,0.5,0.5,0.64,-26.11,True
1.01,0.015,0.99,0.3,0.0,0.75,0.25,0.81,-23.08,True
1.01,0.015,0.99,0.3,0.0,1.0,0.0,0.96,-19.98,True
1.01,0.015,0.99,0.3,0.1,0.0,1.0,2.75,-17.8,True
1.01,0.015,0.99,0.3,0.1,0.25,0.75,2.88,-15.92,True
1.01,0.015,0.99,0.3,0.1,0.5,0.5,3.0,-14.0,True
1.01,0.015,0.99,0.3,0.1,0.75,0.25,3.11,-12.46,True
1.01,0.015,0.99,0.3,0.1,1.0,0.0,3.2,-10.9,True
1.01,0.015,0.99,0.3,0.2,0.0,1.0,4.27,-15.52,True
1.01,0.015,0.99,0.3,0.2,0.25,0.75,4.37,-15.08,True
1.01,0.015,0.99,0.3,0.2,0.5,0.5,4.45,-14.61,True
1.01,0.015,0.99,0.3,0.2,0.75,0.25,4.53,-14.13,True
1.01,0.015,0.99,0.3,0.2,1.0,0.0,4.6,-13.65,True
1.01,0.015,0.99,0.3,0.3,0.0,1.0,5.43,-19.1,True
1.01,0.015,0.99,0.3,0.3,0.25,0.75,5.51,-18.68,True
1.01,0.015,0.99,0.3,0.3,0.5,0.5,5.59,-18.26,True
1.01,0.015,0.99,0.3,0.3,0.75,0.25,5.67,-17.85,True
1.01,0.015,0.99,0.3,0.3,1.0,0.0,5.73,-17.41,True
1.01,0.015,0.99,0.4,0.0,0.0,1.0,-0.05,-33.91,True
1.01,0.015,0.99,0.4,0.0,0.25,0.75,0.22,-30.9,True
1.01,0.015,0.99,0.4,0.0,0.5,0.5,0.46,-27.8,True
1.01,0.015,0.99,0.4,0.0,0.75,0.25,0.69,-24.61,True
1.01,0.015,0.99,0.4,0.0,1.0,0.0,0.9,-21.32,True
1.01,0.015,0.99,0.4,0.1,0.0,1.0,2.53,-19.03,True
1.01,0.015,0.99,0.4,0.1,0.25,0.75,2.7,-17.18,True
1.01,0.015,0.99,0.4,0.1,0.5,0.5,2.85,-15.19,True
1.01,0.015,0.99,0.4,0.1,0.75,0.25,3.0,-13.17,True
1.01,0.015,0.99,0.4,0.1,1.0,0.0,3.13,-11.49,True
1.01,0.015,0.99,0.4,0.2,0.0,1.0,4.2,-17.18,True
1.01,0.015,0.99,0.4,0.2,0.25,0.75,4.31,-16.6,True
1.01,0.015,0.99,0.4,0.2,0.5,0.5,4.43,-16.03,True
1.01,0.015,0.99,0.4,0.2,0.75,0.25,4.54,-15.46,True
1.01,0.015,0.99,0.4,0.2,1.0,0.0,4.65,-14.9,True
1.01,0.015,0.99,0.4,0.3,0.0,1.0,5.46,-20.7,True
1.01,0.015,0.99,0.4,0.3,0.25,0.75,5.54,-20.15,True
1.01,0.015,0.99,0.4,0.3,0.5,0.5,5.62,-19.61,True
1.01,0.015,0.99,0.4,0.3,0.75,0.25,5.69,-19.07,True
1.01,0.015,0.99,0.4,0.3,1.0,0.0,5.77,-18.53,True
1.01,0.015,1.0,0.1,0.0,0.0,1.0,-0.18,-13.17,True
1.01,0.015,1.0,0.1,0.0,0.25,0.75,-0.12,-12.08,True
1.01,0.015,1.0,0.1,0.0,0.5,0.5,-0.07,-10.97,True
1.01,0.015,1.0,0.1,0.0,0.75,0.25,-0.01,-9.86,True
1.01,0.015,1.0,0.1,0.0,1.0,0.0,0.03,-8.74,True
1.01,0.015,1.0,0.1,0.1,0.0,1.0,2.36,-9.36,True
1.01,0.015,1.0,0.1,0.1,0.25,0.75,2.4,-8.22,True
1.01,0.015,1.0,0.1,0.1,0.5,0.5,2.43,-8.06,True
1.01,0.015,1.0,0.1,0.1,0.75,0.25,2.47,-8.11,True
1.01,0.015,1.0,0.1,0.1,1.0,0.0,2.5,-8.15,True
1.01,0.015,1.0,0.1,0.2,0.0,1.0,3.96,-12.15,True
1.01,0.015,1.0,0.1,0.2,0.25,0.75,3.99,-12.02,True
1.01,0.015,1.0,0.1,0.2,0.5,0.5,4.03,-12.08,True
1.01,0.015,1.0,0.1,0.2,0.75,0.25,4.06,-12.14,True
1.01,0.015,1.0,0.1,0.2,1.0,0.0,4.09,-12.21,True
1.01,0.015,1.0,0.1,0.3,0.0,1.0,5.17,-16.51,True
1.01,0.015,1.0,0.1,0.3,0.25,0.75,5.21,-16.31,True
1.01,0.015,1.0,0.1,0.3,0.5,0.5,5.24,-16.11,True
1.01,0.015,1.0,0.1,0.3,0.75,0.25,5.27,-15.92,True
1.01,0.015,1.0,0.1,0.3,1.0,0.0,5.3,-15.73,True
1.01,0.015,1.0,0.2,0.0,0.0,1.0,-0.28,-25.1,True
1.01,0.015,1.0,0.2,0.0,0.25,0.75,-0.17,-23.12,True
1.01,0.015,1.0,0.2,0.0,0.5,0.5,-0.06,-21.1,True
1.01,0.015,1.0,0.2,0.0,0.75,0.25,0.04,-19.05,True
1.01,0.015,1.0,0.2,0.0,1.0,0.0,0.14,-16.95,True
1.01,0.015,1.0,0.2,0.1,0.0,1.0,2.26,-20.42,True
1.01,0.015,1.0,0.2,0.1,0.25,0.75,2.35,-18.47,True
1.01,0.015,1.0,0.2,0.1,0.5,0.5,2.42,-16.48,True
1.01,0.015,1.0,0.2,0.1,0.75,0.25,2.49,-14.45,True
1.01,0.015,1.0,0.2,0.1,1.0,0.0,2.56,-12.37,True
1.01,0.015,1.0,0.2,0.2,0.0,1.0,3.98,-13.71,True
1.01,0.015,1.0,0.2,0.2,0.25,0.75,4.04,-13.41,True
1.01,0.015,1.0,0.2,0.2,0.5,0.5,4.09,-13.11,True
1.01,0.015,1.0,0.2,0.2,0.75,0.25,4.14,-12.82,True
1.01,0.015,1.0,0.2,0.2,1.0,0.0,4.19,-12.53,True
1.01,0.015,1.0,0.2,0.3,0.0,1.0,5.19,-17.79,True
1.01,0.015,1.0,0.2,0.3,0.25,0.75,5.24,-17.5,True
1.01,0.015,1.0,0.2,0.3,0.5,0.5,5.29,-17.2,True
1.01,0.015,1.0,0.2,0.3,0.75,0.25,5.34,-16.9,True
1.01,0.015,1.0,0.2,0.3,1.0,0.0,5.37,-16.61,True
1.01,0.015,1.0,0.3,0.0,0.0,1.0,-0.52,-34.4,True
1.01,0.015,1.0,0.3,0.0,0.25,0.75,-0.34,-31.78,True
1.01,0.015,1.0,0.3,0.0,0.5,0.5,-0.18,-29.09,True
1.01,0.015,1.0,0.3,0.0,0.75,0.25,-0.02,-26.33,True
1.01,0.015,1.0,0.3,0.0,1.0,0.0,0.12,-23.5,True
1.01,0.015,1.0,0.3,0.1,0.0,1.0,2.05,-23.57,True
1.01,0.015,1.0,0.3,0.1,0.25,0.75,2.17,-21.49,True
1.01,0.015,1.0,0.3,0.1,0.5,0.5,2.28,-19.36,True
1.01,0.015,1.0,0.3,0.1,0.75,0.25,2.39,-17.13,True
1.01,0.015,1.0,0.3,0.1,1.0,0.0,2.49,-14.83,True
1.01,0.015,1.0,0.3,0.2,0.0,1.0,3.8,-14.88,True
1.01,0.015,1.0,0.3,0.2,0.25,0.75,3.9,-14.12,True
1.01,0.015,1.0,0.3,0.2,0.5,0.5,3.99,-13.82,True
1.01,0.015,1.0,0.3,0.2,0.75,0.25,4.08,-13.5,True
1.01,0.015,1.0,0.3,0.2,1.0,0.0,4.14,-13.15,True
1.01,0.015,1.0,0.3,0.3,0.0,1.0,5.13,-17.97,True
1.01,0.015,1.0,0.3,0.3,0.25,0.75,5.19,-17.71,True
1.01,0.015,1.0,0.3,0.3,0.5,0.5,5.26,-17.44,True
1.01,0.015,1.0,0.3,0.3,0.75,0.25,5.33,-17.18,True
1.01,0.015,1.0,0.3,0.3,1.0,0.0,5.39,-16.92,True
1.01,0.015,1.0,0.4,0.0,0.0,1.0,-0.93,-38.32,True
1.01,0.015,1.0,0.4,0.0,0.25,0.75,-0.68,-35.46,True
1.01,0.015,1.0,0.4,0.0,0.5,0.5,-0.45,-32.5,True
1.01,0.015,1.0,0.4,0.0,0.75,0.25,-0.24,-29.46,True
1.01,0.015,1.0,0.4,0.0,1.0,0.0,-0.05,-26.32,True
1.01,0.015,1.0,0.4,0.1,0.0,1.0,1.92,-25.32,True
1.01,0.015,1.0,0.4,0.1,0.25,0.75,2.07,-23.18,True
1.01,0.015,1.0,0.4,0.1,0.5,0.5,2.21,-20.92,True
1.01,0.015,1.0,0.4,0.1,0.75,0.25,2.34,-18.56,True
1.01,0.015,1.0,0.4,0.1,1.0,0.0,2.47,-16.09,True
1.01,0.015,1.0,0.4,0.2,0.0,1.0,3.77,-14.91,True
1.01,0.015,1.0,0.4,0.2,0.25,0.75,3.86,-14.59,True
1.01,0.015,1.0,0.4,0.2,0.5,0.5,3.96,-14.26,True
1.01,0.015,1.0,0.4,0.2,0.75,0.25,4.06,-13.93,True
1.01,0.015,1.0,0.4,0.2,1.0,0.0,4.15,-13.61,True
1.01,0.015,1.0,0.4,0.3,0.0,1.0,5.17,-18.35,True
1.01,0.015,1.0,0.4,0.3,0.25,0.75,5.24,-18.06,True
1.01,0.015,1.0,0.4,0.3,0.5,0.5,5.3,-17.78,True
1.01,0.015,1.0,0.4,0.3,0.75,0.25,5.37,-17.5,True
1.01,0.015,1.0,0.4,0.3,1.0,0.0,5.43,-17.22,True
1.01,0.015,1.01,0.1,0.0,0.0,1.0,-0.31,-7.83,True
1.01,0.015,1.01,0.1,0.0,0.25,0.75,-0.26,-7.13,True
1.01,0.015,1.01,0.1,0.0,0.5,0.5,-0.22,-6.43,True
1.01,0.015,1.01,0.1,0.0,0.75,0.25,-0.18,-5.72,True
1.01,0.015,1.01,0.1,0.0,1.0,0.0,-0.14,-5.0,True
1.01,0.015,1.01,0.1,0.1,0.0,1.0,2.35,-8.58,True
1.01,0.015,1.01,0.1,0.1,0.25,0.75,2.37,-8.6,True
1.01,0.015,1.01,0.1,0.1,0.5,0.5,2.39,-8.63,True
1.01,0.015,1.01,0.1,0.1,0.75,0.25,2.41,-8.65,True
1.01,0.015,1.01,0.1,0.1,1.0,0.0,2.43,-8.68,True
1.01,0.015,1.01,0.1,0.2,0.0,1.0,3.98,-12.68,True
1.01,0.015,1.01,0.1,0.2,0.25,0.75,4.0,-12.71,True
1.01,0.015,1.01,0.1,0.2,0.5,0.5,4.02,-12.75,True
1.01,0.015,1.01,0.1,0.2,0.75,0.25,4.04,-12.78,True
1.01,0.015,1.01,0.1,0.2,1.0,0.0,4.06,-12.82,True
1.01,0.015,1.01,0.1,0.3,0.0,1.0,5.18,-16.44,True
1.01,0.015,1.01,0.1,0.3,0.25,0.75,5.2,-16.27,True
1.01,0.015,1.01,0.1,0.3,0.5,0.5,5.23,-16.1,True
1.01,0.015,1.01,0.1,0.3,0.75,0.25,5.25,-15.93,True
1.01,0.015,1.01,0.1,0.3,1.0,0.0,5.27,-15.77,True
1.01,0.015,1.01,0.2,0.0,0.0,1.0,-0.49,-15.25,True
1.01,0.015,1.01,0.2,0.0,0.25,0.75,-0.4,-13.92,True
1.01,0.015,1.01,0.2,0.0,0.5,0.5,-0.32,-12.57,True
1.01,0.015,1.01,0.2,0.0,0.75,0.25,-0.24,-11.22,True
1.01,0.015,1.01,0.2,0.0,1.0,0.0,-0.16,-9.85,True
1.01,0.015,1.01,0.2,0.1,0.0,1.0,2.16,-12.27,True
1.01,0.015,1.01,0.2,0.1,0.25,0.75,2.23,-11.33,True
1.01,0.015,1.01,0.2,0.1,0.5,0.5,2.29,-10.36,True
1.01,0.015,1.01,0.2,0.1,0.75,0.25,2.34,-9.36,True
1.01,0.015,1.01,0.2,0.1,1.0,0.0,2.39,-8.61,True
1.01,0.015,1.01,0.2,0.2,0.0,1.0,3.83,-13.94,True
1.01,0.015,1.01,0.2,0.2,0.25,0.75,3.89,-13.64,True
1.01,0.015,1.01,0.2,0.2,0.5,0.5,3.94,-13.34,True
1.01,0.015,1.01,0.2,0.2,0.75,0.25,3.99,-13.07,True
1.01,0.015,1.01,0.2,0.2,1.0,0.0,4.03,-13.03,True
1.01,0.015,1.01,0.2,0.3,0.0,1.0,5.09,-18.5,True
1.01,0.015,1.01,0.2,0.3,0.25,0.75,5.13,-18.16,True
1.01,0.015,1.01,0.2,0.3,0.5,0.5,5.17,-17.83,True
1.01,0.015,1.01,0.2,0.3,0.75,0.25,5.21,-17.5,True
1.01,0.015,1.01,0.2,0.3,1.0,0.0,5.24,-17.17,True
1.01,0.015,1.01,0.3,0.0,0.0,1.0,-0.91,-22.25,True
1.01,0.015,1.01,0.3,0.0,0.25,0.75,-0.75,-20.37,True
1.01,0.015,1.01,0.3,0.0,0.5,0.5,-0.61,-18.45,True
1.01,0.015,1.01,0.3,0.0,0.75,0.25,-0.47,-16.5,True
1.01,0.015,1.01,0.3,0.0,1.0,0.0,-0.34,-14.52,True
1.01,0.015,1.01,0.3,0.1,0.0,1.0,1.71,-15.06,True
1.01,0.015,1.01,0.3,0.1,0.25,0.75,1.83,-13.92,True
1.01,0.015,1.01,0.3,0.1,0.5,0.5,1.95,-12.75,True
1.01,0.015,1.01,0.3,0.1,0.75,0.25,2.05,-11.53,True
1.01,0.015,1.01,0.3,0.1,1.0,0.0,2.16,-10.26,True
1.01,0.015,1.01,0.3,0.2,0.0,1.0,3.56,-15.27,True
1.01,0.015,1.01,0.3,0.2,0.25,0.75,3.65,-14.91,True
1.01,0.015,1.01,0.3,0.2,0.5,0.5,3.74,-14.56,True
1.01,0.015,1.01,0.3,0.2,0.75,0.25,3.82,-14.18,True
1.01,0.015,1.01,0.3,0.2,1.0,0.0,3.88,-13.86,True
1.01,0.015,1.01,0.3,0.3,0.0,1.0,4.98,-19.68,True
1.01,0.015,1.01,0.3,0.3,0.25,0.75,5.03,-19.3,True
1.01,0.015,1.01,0.3,0.3,0.5,0.5,5.09,-18.93,True
1.01,0.015,1.01,0.3,0.3,0.75,0.25,5.15,-18.56,True
1.01,0.015,1.01,0.3,0.3,1.0,0.0,5.21,-18.19,True
1.01,0.015,1.01,0.4,0.0,0.0,1.0,-1.65,-26.59,True
1.01,0.015,1.01,0.4,0.0,0.25,0.75,-1.4,-24.37,True
1.01,0.015,1.01,0.4,0.0,0.5,0.5,-1.17,-22.11,True
1.01,0.015,1.01,0.4,0.0,0.75,0.25,-0.95,-19.8,True
1.01,0.015,1.01,0.4,0.0,1.0,0.0,-0.74,-17.45,True
1.01,0.015,1.01,0.4,0.1,0.0,1.0,1.39,-17.13,True
1.01,0.015,1.01,0.4,0.1,0.25,0.75,1.54,-15.85,True
1.01,0.015,1.01,0.4,0.1,0.5,0.5,1.69,-14.52,True
1.01,0.015,1.01,0.4,0.1,0.75,0.25,1.84,-13.13,True
1.01,0.015,1.01,0.4,0.1,1.0,0.0,1.99,-11.69,True
1.01,0.015,1.01,0.4,0.2,0.0,1.0,3.48,-16.26,True
1.01,0.015,1.01,0.4,0.2,0.25,0.75,3.57,-15.76,True
1.01,0.015,1.01,0.4,0.2,0.5,0.5,3.66,-15.35,True
1.01,0.015,1.01,0.4,0.2,0.75,0.25,3.75,-14.94,True
1.01,0.015,1.01,0.4,0.2,1.0,0.0,3.84,-14.53,True
1.01,0.015,1.01,0.4,0.3,0.0,1.0,4.98,-20.23,True
1.01,0.015,1.01,0.4,0.3,0.25,0.75,5.03,-19.82,True
1.01,0.015,1.01,0.4,0.3,0.5,0.5,5.09,-19.42,True
1.01,0.015,1.01,0.4,0.3,0.75,0.25,5.15,-19.02,True
1.01,0.015,1.01,0.4,0.3,1.0,0.0,5.21,-18.62,True
1.01,0.015,1.02,0.1,0.0,0.0,1.0,0.38,-7.06,True
1.01,0.015,1.02,0.1,0.0,0.25,0.75,0.36,-6.46,True
1.01,0.015,1.02,0.1,0.0,0.5,0.5,0.34,-5.85,True
1.01,0.015,1.02,0.1,0.0,0.75,0.25,0.32,-5.24,True
1.01,0.015,1.02,0.1,0.0,1.0,0.0,0.3,-4.62,True
1.01,0.015,1.02,0.1,0.1,0.0,1.0,2.84,-7.84,True
1.01,0.015,1.02,0.1,0.1,0.25,0.75,2.81,-7.91,True
1.01,0.015,1.02,0.1,0.1,0.5,0.5,2.79,-7.99,True
1.01,0.015,1.02,0.1,0.1,0.75,0.25,2.76,-8.07,True
1.01,0.015,1.02,0.1,0.1,1.0,0.0,2.73,-8.15,True
1.01,0.015,1.02,0.1,0.2,0.0,1.0,4.41,-11.76,True
1.01,0.015,1.02,0.1,0.2,0.25,0.75,4.39,-11.86,True
1.01,0.015,1.02,0.1,0.2,0.5,0.5,4.37,-11.96,True
1.01,0.015,1.02,0.1,0.2,0.75,0.25,4.34,-12.07,True
1.01,0.015,1.02,0.1,0.2,1.0,0.0,4.32,-12.18,True
1.01,0.015,1.02,0.1,0.3,0.0,1.0,5.6,-15.52,True
1.01,0.015,1.02,0.1,0.3,0.25,0.75,5.58,-15.44,True
1.01,0.015,1.02,0.1,0.3,0.5,0.5,5.56,-15.36,True
1.01,0.015,1.02,0.1,0.3,0.75,0.25,5.54,-15.28,True
1.01,0.015,1.02,0.1,0.3,1.0,0.0,5.52,-15.2,True
1.01,0.015,1.02,0.2,0.0,0.0,1.0,0.82,-13.88,True
1.01,0.015,1.02,0.2,0.0,0.25,0.75,0.79,-12.71,True
1.01,0.015,1.02,0.2,0.0,0.5,0.5,0.75,-11.53,True
1.01,0.015,1.02,0.2,0.0,0.75,0.25,0.71,-10.34,True
1.01,0.015,1.02,0.2,0.0,1.0,0.0,0.66,-9.14,True
1.01,0.015,1.02,0.2,0.1,0.0,1.0,3.11,-10.54,True
1.01,0.015,1.02,0.2,0.1,0.25,0.75,3.09,-9.26,True
1.01,0.015,1.02,0.2,0.1,0.5,0.5,3.07,-7.98,True
1.01,0.015,1.02,0.2,0.1,0.75,0.25,3.03,-7.51,True
1.01,0.015,1.02,0.2,0.1,1.0,0.0,2.98,-7.64,True
1.01,0.015,1.02,0.2,0.2,0.0,1.0,4.56,-12.22,True
1.01,0.015,1.02,0.2,0.2,0.25,0.75,4.56,-12.15,True
1.01,0.015,1.02,0.2,0.2,0.5,0.5,4.56,-12.09,True
1.01,0.015,1.02,0.2,0.2,0.75,0.25,4.55,-12.03,True
1.01,0.015,1.02,0.2,0.2,1.0,0.0,4.51,-11.89,True
1.01,0.015,1.02,0.2,0.3,0.0,1.0,5.61,-16.6,True
1.01,0.015,1.02,0.2,0.3,0.25,0.75,5.63,-16.52,True
1.01,0.015,1.02,0.2,0.3,0.5,0.5,5.64,-16.44,True
1.01,0.015,1.02,0.2,0.3,0.75,0.25,5.65,-16.36,True
1.01,0.015,1.02,0.2,0.3,1.0,0.0,5.64,-16.22,True
1.01,0.015,1.02,0.3,0.0,0.0,1.0,0.87,-20.44,True
1.01,0.015,1.02,0.3,0.0,0.25,0.75,0.85,-18.75,True
1.01,0.015,1.02,0.3,0.0,0.5,0.5,0.83,-17.04,True
1.01,0.015,1.02,0.3,0.0,0.75,0.25,0.8,-15.31,True
1.01,0.015,1.02,0.3,0.0,1.0,0.0,0.76,-13.57,True
1.01,0.015,1.02,0.3,0.1,0.0,1.0,2.9,-13.45,True
1.01,0.015,1.02,0.3,0.1,0.25,0.75,2.92,-11.87,True
1.01,0.015,1.02,0.3,0.1,0.5,0.5,2.93,-10.27,True
1.01,0.015,1.02,0.3,0.1,0.75,0.25,2.94,-8.99,True
1.01,0.015,1.02,0.3,0.1,1.0,0.0,2.93,-8.42,True
1.01,0.015,1.02,0.3,0.2,0.0,1.0,4.34,-13.14,True
1.01,0.015,1.02,0.3,0.2,0.25,0.75,4.37,-12.94,True
1.01,0.015,1.02,0.3,0.2,0.5,0.5,4.4,-12.84,True
1.01,0.015,1.02,0.3,0.2,0.75,0.25,4.42,-12.74,True
1.01,0.015,1.02,0.3,0.2,1.0,0.0,4.44,-12.65,True
1.01,0.015,1.02,0.3,0.3,0.0,1.0,5.46,-17.2,True
1.01,0.015,1.02,0.3,0.3,0.25,0.75,5.5,-17.09,True
1.01,0.015,1.02,0.3,0.3,0.5,0.5,5.53,-16.99,True
1.01,0.015,1.02,0.3,0.3,0.75,0.25,5.56,-16.9,True
1.01,0.015,1.02,0.3,0.3,1.0,0.0,5.58,-16.8,True
1.01,0.015,1.02,0.4,0.0,0.0,1.0,0.46,-23.72,True
1.01,0.015,1.02,0.4,0.0,0.25,0.75,0.51,-21.75,True
1.01,0.015,1.02,0.4,0.0,0.5,0.5,0.54,-19.77,True
1.01,0.015,1.02,0.4,0.0,0.75,0.25,0.55,-17.76,True
1.01,0.015,1.02,0.4,0.0,1.0,0.0,0.56,-15.72,True
1.01,0.015,1.02,0.4,0.1,0.0,1.0,2.65,-13.23,True
1.01,0.015,1.02,0.4,0.1,0.25,0.75,2.7,-12.39,True
1.01,0.015,1.02,0.4,0.1,0.5,0.5,2.75,-11.62,True
1.01,0.015,1.02,0.4,0.1,0.75,0.25,2.79,-10.85,True
1.01,0.015,1.02,0.4,0.1,1.0,0.0,2.82,-10.08,True
1.01,0.015,1.02,0.4,0.2,0.0,1.0,4.21,-15.59,True
1.01,0.015,1.02,0.4,0.2,0.25,0.75,4.27,-14.81,True
1.01,0.015,1.02,0.4,0.2,0.5,0.5,4.32,-14.03,True
1.01,0.015,1.02,0.4,0.2,0.75,0.25,4.36,-13.25,True
1.01,0.015,1.02,0.4,0.2,1.0,0.0,4.39,-13.13,True
1.01,0.015,1.02,0.4,0.3,0.0,1.0,5.42,-17.7,True
1.01,0.015,1.02,0.4,0.3,0.25,0.75,5.46,-17.58,True
1.01,0.015,1.02,0.4,0.3,0.5,0.5,5.49,-17.47,True
1.01,0.015,1.02,0.4,0.3,0.75,0.25,5.53,-17.36,True
1.01,0.015,1.02,0.4,0.3,1.0,0.0,5.55,-17.25,True
1.01,0.02,0.95,0.1,0.0,0.0,1.0,0.6,-15.5,True
1.01,0.02,0.95,0.1,0.0,0.25,0.75,0.68,-13.86,True
1.01,0.02,0.95,0.1,0.0,0.5,0.5,0.75,-12.18,True
1.01,0.02,0.95,0.1,0.0,0.75,0.25,0.81,-10.47,True
1.01,0.02,0.95,0.1,0.0,1.0,0.0,0.87,-8.72,True
1.01,0.02,0.95,0.1,0.1,0.0,1.0,2.73,-12.02,True
1.01,0.02,0.95,0.1,0.1,0.25,0.75,2.77,-10.53,True
1.01,0.02,0.95,0.1,0.1,0.5,0.5,2.81,-9.01,True
1.01,0.02,0.95,0.1,0.1,0.75,0.25,2.85,-7.44,True
1.01,0.02,0.95,0.1,0.1,1.0,0.0,2.89,-6.8,True
1.01,0.02,0.95,0.1,0.2,0.0,1.0,4.38,-12.34,True
1.01,0.02,0.95,0.1,0.2,0.25,0.75,4.39,-12.03,True
1.01,0.02,0.95,0.1,0.2,0.5,0.5,4.4,-11.72,True
1.01,0.02,0.95,0.1,0.2,0.75,0.25,4.41,-11.42,True
1.01,0.02,0.95,0.1,0.2,1.0,0.0,4.42,-11.11,True
1.01,0.02,0.95,0.1,0.3,0.0,1.0,5.65,-16.35,True
1.01,0.02,0.95,0.1,0.3,0.25,0.75,5.64,-16.03,True
1.01,0.02,0.95,0.1,0.3,0.5,0.5,5.63,-15.71,True
1.01,0.02,0.95,0.1,0.3,0.75,0.25,5.62,-15.39,True
1.01,0.02,0.95,0.1,0.3,1.0,0.0,5.6,-15.07,True
1.01,0.02,0.95,0.2,0.0,0.0,1.0,3.19,-14.74,True
1.01,0.02,0.95,0.2,0.0,0.25,0.75,3.14,-13.08,True
1.01,0.02,0.95,0.2,0.0,0.5,0.5,3.07,-11.78,True
1.01,0.02,0.95,0.2,0.0,0.75,0.25,2.99,-10.6,True
1.01,0.02,0.95,0.2,0.0,1.0,0.0,2.9,-9.4,True
1.01,0.02,0.95,0.2,0.1,0.0,1.0,4.64,-11.97,True
1.01,0.02,0.95,0.2,0.1,0.25,0.75,4.6,-10.9,True
1.01,0.02,0.95,0.2,0.1,0.5,0.5,4.54,-9.88,True
1.01,0.02,0.95,0.2,0.1,0.75,0.25,4.48,-9.32,True
1.01,0.02,0.95,0.2,0.1,1.0,0.0,4.4,-8.77,True
1.01,0.02,0.95,0.2,0.2,0.0,1.0,5.78,-15.79,True
1.01,0.02,0.95,0.2,0.2,0.25,0.75,5.73,-15.2,True
1.01,0.02,0.95,0.2,0.2,0.5,0.5,5.68,-14.6,True
1.01,0.02,0.95,0.2,0.2,0.75,0.25,5.62,-13.99,True
1.01,0.02,0.95,0.2,0.2,1.0,0.0,5.55,-13.39,True
1.01,0.02,0.95,0.2,0.3,0.0,1.0,6.61,-20.04,True
1.01,0.02,0.95,0.2,0.3,0.25,0.75,6.58,-19.42,True
1.01,0.02,0.95,0.2,0.3,0.5,0.5,6.54,-18.8,True
1.01,0.02,0.95,0.2,0.3,0.75,0.25,6.49,-18.19,True
1.01,0.02,0.95,0.2,0.3,1.0,0.0,6.43,-17.57,True
1.01,0.02,0.95,0.3,0.0,0.0,1.0,4.2,-18.16,True
1.01,0.02,0.95,0.3,0.0,0.25,0.75,4.13,-16.66,True
1.01,0.02,0.95,0.3,0.0,0.5,0.5,4.05,-15.14,True
1.01,0.02,0.95,0.3,0.0,0.75,0.25,3.94,-13.62,True
1.01,0.02,0.95,0.3,0.0,1.0,0.0,3.8,-12.08,True
1.01,0.02,0.95,0.3,0.1,0.0,1.0,5.27,-14.76,True
1.01,0.02,0.95,0.3,0.1,0.25,0.75,5.23,-13.22,True
1.01,0.02,0.95,0.3,0.1,0.5,0.5,5.17,-12.4,True
1.01,0.02,0.95,0.3,0.1,0.75,0.25,5.1,-11.59,True
1.01,0.02,0.95,0.3,0.1,1.0,0.0,5.0,-10.79,True
1.01,0.02,0.95,0.3,0.2,0.0,1.0,6.03,-19.03,True
1.01,0.02,0.95,0.3,0.2,0.25,0.75,6.02,-18.15,True
1.01,0.02,0.95,0.3,0.2,0.5,0.5,5.98,-17.27,True
1.01,0.02,0.95,0.3,0.2,0.75,0.25,5.94,-16.39,True
1.01,0.02,0.95,0.3,0.2,1.0,0.0,5.87,-15.51,True
1.01,0.02,0.95,0.3,0.3,0.0,1.0,6.38,-23.59,True
1.01,0.02,0.95,0.3,0.3,0.25,0.75,6.4,-22.65,True
1.01,0.02,0.95,0.3,0.3,0.5,0.5,6.41,-21.71,True
1.01,0.02,0.95,0.3,0.3,0.75,0.25,6.4,-20.77,True
1.01,0.02,0.95,0.3,0.3,1.0,0.0,6.37,-19.84,True
1.01,0.02,0.95,0.4,0.0,0.0,1.0,4.24,-20.44,True
1.01,0.02,0.95,0.4,0.0,0.25,0.75,4.22,-18.74,True
1.01,0.02,0.95,0.4,0.0,0.5,0.5,4.18,-17.02,True
1.01,0.02,0.95,0.4,0.0,0.75,0.25,4.11,-15.29,True
1.01,0.02,0.95,0.4,0.0,1.0,0.0,4.01,-13.54,True
1.01,0.02,0.95,0.4,0.1,0.0,1.0,5.14,-17.64,True
1.01,0.02,0.95,0.4,0.1,0.25,0.75,5.16,-16.11,True
1.01,0.02,0.95,0.4,0.1,0.5,0.5,5.15,-15.02,True
1.01,0.02,0.95,0.4,0.1,0.75,0.25,5.12,-13.93,True
1.01,0.02,0.95,0.4,0.1,1.0,0.0,5.06,-12.84,True
1.01,0.02,0.95,0.4,0.2,0.0,1.0,5.51,-22.33,True
1.01,0.02,0.95,0.4,0.2,0.25,0.75,5.57,-21.15,True
1.01,0.02,0.95,0.4,0.2,0.5,0.5,5.6,-19.97,True
1.01,0.02,0.95,0.4,0.2,0.75,0.25,5.61,-18.8,True
1.01,0.02,0.95,0.4,0.2,1.0,0.0,5.6,-17.64,True
1.01,0.02,0.95,0.4,0.3,0.0,1.0,5.92,-26.5,True
1.01,0.02,0.95,0.4,0.3,0.25,0.75,5.99,-25.29,True
1.01,0.02,0.95,0.4,0.3,0.5,0.5,6.05,-24.1,True
1.01,0.02,0.95,0.4,0.3,0.75,0.25,6.1,-22.9,True
1.01,0.02,0.95,0.4,0.3,1.0,0.0,6.12,-21.71,True
1.01,0.02,0.97,0.1,0.0,0.0,1.0,0.3,-11.18,True
1.01,0.02,0.97,0.1,0.0,0.25,0.75,0.34,-10.18,True
1.01,0.02,0.97,0.1,0.0,0.5,0.5,0.37,-9.14,True
1.01,0.02,0.97,0.1,0.0,0.75,0.25,0.4,-8.03,True
1.01,0.02,0.97,0.1,0.0,1.0,0.0,0.43,-6.88,True
1.01,0.02,0.97,0.1,0.1,0.0,1.0,2.49,-9.59,True
1.01,0.02,0.97,0.1,0.1,0.25,0.75,2.5,-8.62,True
1.01,0.02,0.97,0.1,0.1,0.5,0.5,2.52,-7.73,True
1.01,0.02,0.97,0.1,0.1,0.75,0.25,2.53,-7.72,True
1.01,0.02,0.97,0.1,0.1,1.0,0.0,2.54,-7.72,True
1.01,0.02,0.97,0.1,0.2,0.0,1.0,4.07,-12.73,True
1.01,0.02,0.97,0.1,0.2,0.25,0.75,4.07,-12.38,True
1.01,0.02,0.97,0.1,0.2,0.5,0.5,4.07,-12.03,True
1.01,0.02,0.97,0.1,0.2,0.75,0.25,4.06,-11.68,True
1.01,0.02,0.97,0.1,0.2,1.0,0.0,4.05,-11.69,True
1.01,0.02,0.97,0.1,0.3,0.0,1.0,5.24,-17.11,True
1.01,0.02,0.97,0.1,0.3,0.25,0.75,5.23,-16.72,True
1.01,0.02,0.97,0.1,0.3,0.5,0.5,5.23,-16.32,True
1.01,0.02,0.97,0.1,0.3,0.75,0.25,5.22,-15.93,True
1.01,0.02,0.97,0.1,0.3,1.0,0.0,5.21,-15.54,True
1.01,0.02,0.97,0.2,0.0,0.0,1.0,0.66,-15.22,True
1.01,0.02,0.97,0.2,0.0,0.25,0.75,0.76,-14.07,True
1.01,0.02,0.97,0.2,0.0,0.5,0.5,0.83,-12.82,True
1.01,0.02,0.97,0.2,0.0,0.75,0.25,0.89,-11.46,True
1.01,0.02,0.97,0.2,0.0,1.0,0.0,0.94,-10.1,True
1.01,0.02,0.97,0.2,0.1,0.0,1.0,2.62,-15.15,True
1.01,0.02,0.97,0.2,0.1,0.25,0.75,2.7,-13.97,True
1.01,0.02,0.97,0.2,0.1,0.5,0.5,2.77,-12.78,True
1.01,0.02,0.97,0.2,0.1,0.75,0.25,2.82,-11.59,True
1.01,0.02,0.97,0.2,0.1,1.0,0.0,2.87,-10.38,True
1.01,0.02,0.97,0.2,0.2,0.0,1.0,4.21,-16.02,True
1.01,0.02,0.97,0.2,0.2,0.25,0.75,4.26,-15.43,True
1.01,0.02,0.97,0.2,0.2,0.5,0.5,4.3,-14.85,True
1.01,0.02,0.97,0.2,0.2,0.75,0.25,4.33,-14.27,True
1.01,0.02,0.97,0.2,0.2,1.0,0.0,4.36,-13.7,True
1.01,0.02,0.97,0.2,0.3,0.0,1.0,5.17,-20.17,True
1.01,0.02,0.97,0.2,0.3,0.25,0.75,5.24,-19.57,True
1.01,0.02,0.97,0.2,0.3,0.5,0.5,5.3,-18.98,True
1.01,0.02,0.97,0.2,0.3,0.75,0.25,5.36,-18.39,True
1.01,0.02,0.97,0.2,0.3,1.0,0.0,5.4,-17.8,True
1.01,0.02,0.97,0.3,0.0,0.0,1.0,0.15,-19.98,True
1.01,0.02,0.97,0.3,0.0,0.25,0.75,0.34,-18.41,True
1.01,0.02,0.97,0.3,0.0,0.5,0.5,0.51,-16.84,True
1.01,0.02,0.97,0.3,0.0,0.75,0.25,0.66,-15.28,True
1.01,0.02,0.97,0.3,0.0,1.0,0.0,0.79,-13.73,True
1.01,0.02,0.97,0.3,0.1,0.0,1.0,2.67,-14.95,True
1.01,0.02,0.97,0.3,0.1,0.25,0.75,2.77,-13.87,True
1.01,0.02,0.97,0.3,0.1,0.5,0.5,2.86,-12.78,True
1.01,0.02,0.97,0.3,0.1,0.75,0.25,2.94,-11.71,True
1.01,0.02,0.97,0.3,0.1,1.0,0.0,3.0,-10.91,True
1.01,0.02,0.97,0.3,0.2,0.0,1.0,3.88,-18.91,True
1.01,0.02,0.97,0.3,0.2,0.25,0.75,4.0,-18.06,True
1.01,0.02,0.97,0.3,0.2,0.5,0.5,4.11,-17.22,True
1.01,0.02,0.97,0.3,0.2,0.75,0.25,4.21,-16.38,True
1.01,0.02,0.97,0.3,0.2,1.0,0.0,4.29,-15.55,True
1.01,0.02,0.97,0.3,0.3,0.0,1.0,4.87,-23.07,True
1.01,0.02,0.97,0.3,0.3,0.25,0.75,4.97,-22.21,True
1.01,0.02,0.97,0.3,0.3,0.5,0.5,5.07,-21.34,True
1.01,0.02,0.97,0.3,0.3,0.75,0.25,5.16,-20.49,True
1.01,0.02,0.97,0.3,0.3,1.0,0.0,5.24,-19.63,True
1.01,0.02,0.97,0.4,0.0,0.0,1.0,0.08,-21.34,True
1.01,0.02,0.97,0.4,0.0,0.25,0.75,0.32,-19.63,True
1.01,0.02,0.97,0.4,0.0,0.5,0.5,0.54,-17.94,True
1.01,0.02,0.97,0.4,0.0,0.75,0.25,0.73,-16.25,True
1.01,0.02,0.97,0.4,0.0,1.0,0.0,0.89,-14.59,True
1.01,0.02,0.97,0.4,0.1,0.0,1.0,2.29,-16.96,True
1.01,0.02,0.97,0.4,0.1,0.25,0.75,2.47,-15.91,True
1.01,0.02,0.97,0.4,0.1,0.5,0.5,2.64,-14.85,True
1.01,0.02,0.97,0.4,0.1,0.75,0.25,2.78,-13.81,True
1.01,0.02,0.97,0.4,0.1,1.0,0.0,2.91,-12.76,True
1.01,0.02,0.97,0.4,0.2,0.0,1.0,3.58,-21.69,True
1.01,0.02,0.97,0.4,0.2,0.25,0.75,3.72,-20.6,True
1.01,0.02,0.97,0.4,0.2,0.5,0.5,3.87,-19.51,True
1.01,0.02,0.97,0.4,0.2,0.75,0.25,4.0,-18.43,True
1.01,0.02,0.97,0.4,0.2,1.0,0.0,4.11,-17.35,True
1.01,0.02,0.97,0.4,0.3,0.0,1.0,4.76,-25.66,True
1.01,0.02,0.97,0.4,0.3,0.25,0.75,4.86,-24.57,True
1.01,0.02,0.97,0.4,0.3,0.5,0.5,4.96,-23.48,True
1.01,0.02,0.97,0.4,0.3,0.75,0.25,5.05,-22.39,True
1.01,0.02,0.97,0.4,0.3,1.0,0.0,5.14,-21.31,True
1.01,0.02,0.99,0.1,0.0,0.0,1.0,-0.19,-5.38,True
1.01,0.02,0.99,0.1,0.0,0.25,0.75,-0.15,-4.84,True
1.01,0.02,0.99,0.1,0.0,0.5,0.5,-0.11,-4.31,True
1.01,0.02,0.99,0.1,0.0,0.75,0.25,-0.07,-3.78,True
1.01,0.02,0.99,0.1,0.0,1.0,0.0,-0.03,-3.24,True
1.01,0.02,0.99,0.1,0.1,0.0,1.0,2.14,-8.67,True
1.01,0.02,0.99,0.1,0.1,0.25,0.75,2.17,-8.66,True
1.01,0.02,0.99,0.1,0.1,0.5,0.5,2.21,-8.65,True
1.01,0.02,0.99,0.1,0.1,0.75,0.25,2.25,-8.64,True
1.01,0.02,0.99,0.1,0.1,1.0,0.0,2.28,-8.63,True
1.01,0.02,0.99,0.1,0.2,0.0,1.0,3.67,-13.01,True
1.01,0.02,0.99,0.1,0.2,0.25,0.75,3.7,-12.98,True
1.01,0.02,0.99,0.1,0.2,0.5,0.5,3.74,-12.97,True
1.01,0.02,0.99,0.1,0.2,0.75,0.25,3.77,-12.95,True
1.01,0.02,0.99,0.1,0.2,1.0,0.0,3.81,-12.93,True
1.01,0.02,0.99,0.1,0.3,0.0,1.0,4.84,-15.56,True
1.01,0.02,0.99,0.1,0.3,0.25,0.75,4.88,-15.54,True
1.01,0.02,0.99,0.1,0.3,0.5,0.5,4.91,-15.52,True
1.01,0.02,0.99,0.1,0.3,0.75,0.25,4.94,-15.5,True
1.01,0.02,0.99,0.1,0.3,1.0,0.0,4.97,-15.48,True
1.01,0.02,0.99,0.2,0.0,0.0,1.0,-0.43,-10.68,True
1.01,0.02,0.99,0.2,0.0,0.25,0.75,-0.34,-9.64,True
1.01,0.02,0.99,0.2,0.0,0.5,0.5,-0.25,-8.59,True
1.01,0.02,0.99,0.2,0.0,0.75,0.25,-0.17,-7.54,True
1.01,0.02,0.99,0.2,0.0,1.0,0.0,-0.08,-6.48,True
1.01,0.02,0.99,0.2,0.1,0.0,1.0,1.89,-8.53,True
1.01,0.02,0.99,0.2,0.1,0.25,0.75,1.96,-8.5,True
1.01,0.02,0.99,0.2,0.1,0.5,0.5,2.04,-8.47,True
1.01,0.02,0.99,0.2,0.1,0.75,0.25,2.11,-8.45,True
1.01,0.02,0.99,0.2,0.1,1.0,0.0,2.19,-8.42,True
1.01,0.02,0.99,0.2,0.2,0.0,1.0,3.58,-12.59,True
1.01,0.02,0.99,0.2,0.2,0.25,0.75,3.63,-12.58,True
1.01,0.02,0.99,0.2,0.2,0.5,0.5,3.68,-12.56,True
1.01,0.02,0.99,0.2,0.2,0.75,0.25,3.74,-12.55,True
1.01,0.02,0.99,0.2,0.2,1.0,0.0,3.79,-12.54,True
1.01,0.02,0.99,0.2,0.3,0.0,1.0,4.82,-15.24,True
1.01,0.02,0.99,0.2,0.3,0.25,0.75,4.86,-15.22,True
1.01,0.02,0.99,0.2,0.3,0.5,0.5,4.9,-15.2,True
1.01,0.02,0.99,0.2,0.3,0.75,0.25,4.94,-15.17,True
1.01,0.02,0.99,0.2,0.3,1.0,0.0,4.98,-15.16,True
1.01,0.02,0.99,0.3,0.0,0.0,1.0,-0.75,-15.28,True
1.01,0.02,0.99,0.3,0.0,0.25,0.75,-0.61,-13.81,True
1.01,0.02,0.99,0.3,0.0,0.5,0.5,-0.47,-12.32,True
1.01,0.02,0.99,0.3,0.0,0.75,0.25,-0.34,-10.82,True
1.01,0.02,0.99,0.3,0.0,1.0,0.0,-0.22,-9.32,True
1.01,0.02,0.99,0.3,0.1,0.0,1.0,1.81,-9.16,True
1.01,0.02,0.99,0.3,0.1,0.25,0.75,1.9,-8.21,True
1.01,0.02,0.99,0.3,0.1,0.5,0.5,2.0,-8.19,True
1.01,0.02,0.99,0.3,0.1,0.75,0.25,2.09,-8.17,True
1.01,0.02,0.99,0.3,0.1,1.0,0.0,2.17,-8.16,True
1.01,0.02,0.99,0.3,0.2,0.0,1.0,3.51,-12.57,True
1.01,0.02,0.99,0.3,0.2,0.25,0.75,3.57,-12.54,True
1.01,0.02,0.99,0.3,0.2,0.5,0.5,3.64,-12.51,True
1.01,0.02,0.99,0.3,0.2,0.75,0.25,3.71,-12.48,True
1.01,0.02,0.99,0.3,0.2,1.0,0.0,3.77,-12.45,True
1.01,0.02,0.99,0.3,0.3,0.0,1.0,4.75,-15.24,True
1.01,0.02,0.99,0.3,0.3,0.25,0.75,4.8,-15.19,True
1.01,0.02,0.99,0.3,0.3,0.5,0.5,4.86,-15.15,True
1.01,0.02,0.99,0.3,0.3,0.75,0.25,4.91,-15.11,True
1.01,0.02,0.99,0.3,0.3,1.0,0.0,4.96,-15.08,True
1.01,0.02,0.99,0.4,0.0,0.0,1.0,-1.02,-18.83,True
1.01,0.02,0.99,0.4,0.0,0.25,0.75,-0.84,-17.03,True
1.01,0.02,0.99,0.4,0.0,0.5,0.5,-0.66,-15.23,True
1.01,0.02,0.99,0.4,0.0,0.75,0.25,-0.49,-13.41,True
1.01,0.02,0.99,0.4,0.0,1.0,0.0,-0.33,-11.57,True
1.01,0.02,0.99,0.4,0.1,0.0,1.0,1.7,-10.4,True
1.01,0.02,0.99,0.4,0.1,0.25,0.75,1.81,-9.09,True
1.01,0.02,0.99,0.4,0.1,0.5,0.5,1.92,-8.2,True
1.01,0.02,0.99,0.4,0.1,0.75,0.25,2.03,-8.17,True
1.01,0.02,0.99,0.4,0.1,1.0,0.0,2.13,-8.15,True
1.01,0.02,0.99,0.4,0.2,0.0,1.0,3.42,-12.61,True
1.01,0.02,0.99,0.4,0.2,0.25,0.75,3.49,-12.56,True
1.01,0.02,0.99,0.4,0.2,0.5,0.5,3.57,-12.51,True
1.01,0.02,0.99,0.4,0.2,0.75,0.25,3.65,-12.47,True
1.01,0.02,0.99,0.4,0.2,1.0,0.0,3.73,-12.43,True
1.01,0.02,0.99,0.4,0.3,0.0,1.0,4.67,-15.55,True
1.01,0.02,0.99,0.4,0.3,0.25,0.75,4.73,-15.47,True
1.01,0.02,0.99,0.4,0.3,0.5,0.5,4.79,-15.4,True
1.01,0.02,0.99,0.4,0.3,0.75,0.25,4.85,-15.33,True
1.01,0.02,0.99,0.4,0.3,1.0,0.0,4.91,-15.27,True
1.01,0.02,1.0,0.1,0.0,0.0,1.0,-0.32,-5.32,True
1.01,0.02,1.0,0.1,0.0,0.25,0.75,-0.28,-4.87,True
1.01,0.02,1.0,0.1,0.0,0.5,0.5,-0.25,-4.41,True
1.01,0.02,1.0,0.1,0.0,0.75,0.25,-0.21,-3.95,True
1.01,0.02,1.0,0.1,0.0,1.0,0.0,-0.18,-3.5,True
1.01,0.02,1.0,0.1,0.1,0.0,1.0,2.09,-8.92,True
1.01,0.02,1.0,0.1,0.1,0.25,0.75,2.12,-8.91,True
1.01,0.02,1.0,0.1,0.1,0.5,0.5,2.15,-8.89,True
1.01,0.02,1.0,0.1,0.1,0.75,0.25,2.18,-8.87,True
1.01,0.02,1.0,0.1,0.1,1.0,0.0,2.21,-8.85,True
1.01,0.02,1.0,0.1,0.2,0.0,1.0,3.66,-13.27,True
1.01,0.02,1.0,0.1,0.2,0.25,0.75,3.69,-13.24,True
1.01,0.02,1.0,0.1,0.2,0.5,0.5,3.72,-13.22,True
1.01,0.02,1.0,0.1,0.2,0.75,0.25,3.75,-13.19,True
1.01,0.02,1.0,0.1,0.2,1.0,0.0,3.77,-13.17,True
1.01,0.02,1.0,0.1,0.3,0.0,1.0,4.86,-15.77,True
1.01,0.02,1.0,0.1,0.3,0.25,0.75,4.88,-15.75,True
1.01,0.02,1.0,0.1,0.3,0.5,0.5,4.91,-15.73,True
1.01,0.02,1.0,0.1,0.3,0.75,0.25,4.93,-15.71,True
1.01,0.02,1.0,0.1,0.3,1.0,0.0,4.96,-15.69,True
1.01,0.02,1.0,0.2,0.0,0.0,1.0,-0.63,-10.57,True
1.01,0.02,1.0,0.2,0.0,0.25,0.75,-0.56,-9.67,True
1.01,0.02,1.0,0.2,0.0,0.5,0.5,-0.49,-8.77,True
1.01,0.02,1.0,0.2,0.0,0.75,0.25,-0.41,-7.87,True
1.01,0.02,1.0,0.2,0.0,1.0,0.0,-0.34,-6.96,True
1.01,0.02,1.0,0.2,0.1,0.0,1.0,1.82,-8.96,True
1.01,0.02,1.0,0.2,0.1,0.25,0.75,1.88,-8.93,True
1.01,0.02,1.0,0.2,0.1,0.5,0.5,1.94,-8.9,True
1.01,0.02,1.0,0.2,0.1,0.75,0.25,2.0,-8.87,True
1.01,0.02,1.0,0.2,0.1,1.0,0.0,2.06,-8.84,True
1.01,0.02,1.0,0.2,0.2,0.0,1.0,3.59,-13.01,True
1.01,0.02,1.0,0.2,0.2,0.25,0.75,3.63,-12.99,True
1.01,0.02,1.0,0.2,0.2,0.5,0.5,3.66,-12.98,True
1.01,0.02,1.0,0.2,0.2,0.75,0.25,3.7,-12.96,True
1.01,0.02,1.0,0.2,0.2,1.0,0.0,3.74,-12.95,True
1.01,0.02,1.0,0.2,0.3,0.0,1.0,4.87,-15.53,True
1.01,0.02,1.0,0.2,0.3,0.25,0.75,4.9,-15.52,True
1.01,0.02,1.0,0.2,0.3,0.5,0.5,4.93,-15.5,True
1.01,0.02,1.0,0.2,0.3,0.75,0.25,4.95,-15.49,True
1.01,0.02,1.0,0.2,0.3,1.0,0.0,4.98,-15.48,True
1.01,0.02,1.0,0.3,0.0,0.0,1.0,-0.92,-15.73,True
1.01,0.02,1.0,0.3,0.0,0.25,0.75,-0.81,-14.41,True
1.01,0.02,1.0,0.3,0.0,0.5,0.5,-0.71,-13.08,True
1.01,0.02,1.0,0.3,0.0,0.75,0.25,-0.6,-11.75,True
1.01,0.02,1.0,0.3,0.0,1.0,0.0,-0.5,-10.4,True
1.01,0.02,1.0,0.3,0.1,0.0,1.0,1.85,-8.7,True
1.01,0.02,1.0,0.3,0.1,0.25,0.75,1.92,-8.55,True
1.01,0.02,1.0,0.3,0.1,0.5,0.5,1.98,-8.54,True
1.01,0.02,1.0,0.3,0.1,0.75,0.25,2.04,-8.54,True
1.01,0.02,1.0,0.3,0.1,1.0,0.0,2.11,-8.53,True
1.01,0.02,1.0,0.3,0.2,0.0,1.0,3.62,-12.81,True
1.01,0.02,1.0,0.3,0.2,0.25,0.75,3.66,-12.79,True
1.01,0.02,1.0,0.3,0.2,0.5,0.5,3.7,-12.79,True
1.01,0.02,1.0,0.3,0.2,0.75,0.25,3.74,-12.78,True
1.01,0.02,1.0,0.3,0.2,1.0,0.0,3.78,-12.78,True
1.01,0.02,1.0,0.3,0.3,0.0,1.0,4.84,-15.43,True
1.01,0.02,1.0,0.3,0.3,0.25,0.75,4.88,-15.41,True
1.01,0.02,1.0,0.3,0.3,0.5,0.5,4.92,-15.39,True
1.01,0.02,1.0,0.3,0.3,0.75,0.25,4.95,-15.38,True
1.01,0.02,1.0,0.3,0.3,1.0,0.0,4.99,-15.37,True
1.01,0.02,1.0,0.4,0.0,0.0,1.0,-0.99,-19.3,True
1.01,0.02,1.0,0.4,0.0,0.25,0.75,-0.86,-17.67,True
1.01,0.02,1.0,0.4,0.0,0.5,0.5,-0.74,-16.02,True
1.01,0.02,1.0,0.4,0.0,0.75,0.25,-0.62,-14.37,True
1.01,0.02,1.0,0.4,0.0,1.0,0.0,-0.5,-12.71,True
1.01,0.02,1.0,0.4,0.1,0.0,1.0,1.88,-9.05,True
1.01,0.02,1.0,0.4,0.1,0.25,0.75,1.95,-8.42,True
1.01,0.02,1.0,0.4,0.1,0.5,0.5,2.01,-8.42,True
1.01,0.02,1.0,0.4,0.1,0.75,0.25,2.08,-8.42,True
1.01,0.02,1.0,0.4,0.1,1.0,0.0,2.15,-8.42,True
1.01,0.02,1.0,0.4,0.2,0.0,1.0,3.57,-12.79,True
1.01,0.02,1.0,0.4,0.2,0.25,0.75,3.63,-12.76,True
1.01,0.02,1.0,0.4,0.2,0.5,0.5,3.68,-12.74,True
1.01,0.02,1.0,0.4,0.2,0.75,0.25,3.73,-12.73,True
1.01,0.02,1.0,0.4,0.2,1.0,0.0,3.78,-12.72,True
1.01,0.02,1.0,0.4,0.3,0.0,1.0,4.79,-15.61,True
1.01,0.02,1.0,0.4,0.3,0.25,0.75,4.83,-15.56,True
1.01,0.02,1.0,0.4,0.3,0.5,0.5,4.87,-15.53,True
1.01,0.02,1.0,0.4,0.3,0.75,0.25,4.91,-15.5,True
1.01,0.02,1.0,0.4,0.3,1.0,0.0,4.95,-15.47,True
1.01,0.02,1.01,0.1,0.0,0.0,1.0,-0.25,-2.45,True
1.01,0.02,1.01,0.1,0.0,0.25,0.75,-0.23,-2.28,True
1.01,0.02,1.01,0.1,0.0,0.5,0.5,-0.21,-2.11,True
1.01,0.02,1.01,0.1,0.0,0.75,0.25,-0.19,-1.94,True
1.01,0.02,1.01,0.1,0.0,1.0,0.0,-0.17,-1.77,True
1.01,0.02,1.01,0.1,0.1,0.0,1.0,2.19,-9.09,True
1.01,0.02,1.01,0.1,0.1,0.25,0.75,2.21,-9.08,True
1.01,0.02,1.01,0.1,0.1,0.5,0.5,2.22,-9.06,True
1.01,0.02,1.01,0.1,0.1,0.75,0.25,2.24,-9.04,True
1.01,0.02,1.01,0.1,0.1,1.0,0.0,2.25,-9.03,True
1.01,0.02,1.01,0.1,0.2,0.0,1.0,3.77,-13.46,True
1.01,0.02,1.01,0.1,0.2,0.25,0.75,3.78,-13.44,True
1.01,0.02,1.01,0.1,0.2,0.5,0.5,3.8,-13.41,True
1.01,0.02,1.01,0.1,0.2,0.75,0.25,3.81,-13.39,True
1.01,0.02,1.01,0.1,0.2,1.0,0.0,3.83,-13.37,True
1.01,0.02,1.01,0.1,0.3,0.0,1.0,4.94,-16.02,True
1.01,0.02,1.01,0.1,0.3,0.25,0.75,4.96,-16.0,True
1.01,0.02,1.01,0.1,0.3,0.5,0.5,4.97,-15.97,True
1.01,0.02,1.01,0.1,0.3,0.75,0.25,4.99,-15.95,True
1.01,0.02,1.01,0.1,0.3,1.0,0.0,5.0,-15.92,True
1.01,0.02,1.01,0.2,0.0,0.0,1.0,-0.53,-5.12,True
1.01,0.02,1.01,0.2,0.0,0.25,0.75,-0.48,-4.75,True
1.01,0.02,1.01,0.2,0.0,0.5,0.5,-0.44,-4.38,True
1.01,0.02,1.01,0.2,0.0,0.75,0.25,-0.39,-4.01,True
1.01,0.02,1.01,0.2,0.0,1.0,0.0,-0.35,-3.65,True
1.01,0.02,1.01,0.2,0.1,0.0,1.0,1.98,-9.38,True
1.01,0.02,1.01,0.2,0.1,0.25,0.75,2.02,-9.34,True
1.01,0.02,1.01,0.2,0.1,0.5,0.5,2.05,-9.3,True
1.01,0.02,1.01,0.2,0.1,0.75,0.25,2.09,-9.26,True
1.01,0.02,1.01,0.2,0.1,1.0,0.0,2.12,-9.22,True
1.01,0.02,1.01,0.2,0.2,0.0,1.0,3.64,-13.75,True
1.01,0.02,1.01,0.2,0.2,0.25,0.75,3.67,-13.71,True
1.01,0.02,1.01,0.2,0.2,0.5,0.5,3.69,-13.66,True
1.01,0.02,1.01,0.2,0.2,0.75,0.25,3.72,-13.61,True
1.01,0.02,1.01,0.2,0.2,1.0,0.0,3.74,-13.57,True
1.01,0.02,1.01,0.2,0.3,0.0,1.0,4.91,-16.26,True
1.01,0.02,1.01,0.2,0.3,0.25,0.75,4.93,-16.22,True
1.01,0.02,1.01,0.2,0.3,0.5,0.5,4.95,-16.17,True
1.01,0.02,1.01,0.2,0.3,0.75,0.25,4.97,-16.13,True
1.01,0.02,1.01,0.2,0.3,1.0,0.0,4.98,-16.08,True
1.01,0.02,1.01,0.3,0.0,0.0,1.0,-0.71,-8.03,True
1.01,0.02,1.01,0.3,0.0,0.25,0.75,-0.65,-7.42,True
1.01,0.02,1.01,0.3,0.0,0.5,0.5,-0.58,-6.81,True
1.01,0.02,1.01,0.3,0.0,0.75,0.25,-0.52,-6.22,True
1.01,0.02,1.01,0.3,0.0,1.0,0.0,-0.46,-5.65,True
1.01,0.02,1.01,0.3,0.1,0.0,1.0,1.89,-9.45,True
1.01,0.02,1.01,0.3,0.1,0.25,0.75,1.94,-9.4,True
1.01,0.02,1.01,0.3,0.1,0.5,0.5,1.98,-9.36,True
1.01,0.02,1.01,0.3,0.1,0.75,0.25,2.03,-9.31,True
1.01,0.02,1.01,0.3,0.1,1.0,0.0,2.07,-9.26,True
1.01,0.02,1.01,0.3,0.2,0.0,1.0,3.64,-13.86,True
1.01,0.02,1.01,0.3,0.2,0.25,0.75,3.67,-13.8,True
1.01,0.02,1.01,0.3,0.2,0.5,0.5,3.7,-13.74,True
1.01,0.02,1.01,0.3,0.2,0.75,0.25,3.73,-13.69,True
1.01,0.02,1.01,0.3,0.2,1.0,0.0,3.76,-13.63,True
1.01,0.02,1.01,0.3,0.3,0.0,1.0,4.84,-16.54,True
1.01,0.02,1.01,0.3,0.3,0.25,0.75,4.87,-16.45,True
1.01,0.02,1.01,0.3,0.3,0.5,0.5,4.9,-16.38,True
1.01,0.02,1.01,0.3,0.3,0.75,0.25,4.93,-16.3,True
1.01,0.02,1.01,0.3,0.3,1.0,0.0,4.95,-16.23,True
1.01,0.02,1.01,0.4,0.0,0.0,1.0,-0.9,-9.52,True
1.01,0.02,1.01,0.4,0.0,0.25,0.75,-0.81,-8.74,True
1.01,0.02,1.01,0.4,0.0,0.5,0.5,-0.73,-7.95,True
1.01,0.02,1.01,0.4,0.0,0.75,0.25,-0.65,-7.16,True
1.01,0.02,1.01,0.4,0.0,1.0,0.0,-0.57,-6.37,True
1.01,0.02,1.01,0.4,0.1,0.0,1.0,1.87,-9.6,True
1.01,0.02,1.01,0.4,0.1,0.25,0.75,1.92,-9.53,True
1.01,0.02,1.01,0.4,0.1,0.5,0.5,1.97,-9.47,True
1.01,0.02,1.01,0.4,0.1,0.75,0.25,2.02,-9.41,True
1.01,0.02,1.01,0.4,0.1,1.0,0.0,2.07,-9.36,True
1.01,0.02,1.01,0.4,0.2,0.0,1.0,3.55,-14.17,True
1.01,0.02,1.01,0.4,0.2,0.25,0.75,3.59,-14.07,True
1.01,0.02,1.01,0.4,0.2,0.5,0.5,3.63,-13.98,True
1.01,0.02,1.01,0.4,0.2,0.75,0.25,3.68,-13.89,True
1.01,0.02,1.01,0.4,0.2,1.0,0.0,3.72,-13.8,True
1.01,0.02,1.01,0.4,0.3,0.0,1.0,4.8,-16.64,True
1.01,0.02,1.01,0.4,0.3,0.25,0.75,4.83,-16.55,True
1.01,0.02,1.01,0.4,0.3,0.5,0.5,4.86,-16.47,True
1.01,0.02,1.01,0.4,0.3,0.75,0.25,4.9,-16.39,True
1.01,0.02,1.01,0.4,0.3,1.0,0.0,4.93,-16.31,True
1.01,0.02,1.02,0.1,0.0,0.0,1.0,-0.05,-1.85,True
1.01,0.02,1.02,0.1,0.0,0.25,0.75,-0.05,-1.68,True
1.01,0.02,1.02,0.1,0.0,0.5,0.5,-0.04,-1.51,True
1.01,0.02,1.02,0.1,0.0,0.75,0.25,-0.04,-1.33,True
1.01,0.02,1.02,0.1,0.0,1.0,0.0,-0.04,-1.16,True
1.01,0.02,1.02,0.1,0.1,0.0,1.0,2.32,-8.81,True
1.01,0.02,1.02,0.1,0.1,0.25,0.75,2.33,-8.81,True
1.01,0.02,1.02,0.1,0.1,0.5,0.5,2.33,-8.81,True
1.01,0.02,1.02,0.1,0.1,0.75,0.25,2.34,-8.81,True
1.01,0.02,1.02,0.1,0.1,1.0,0.0,2.34,-8.81,True
1.01,0.02,1.02,0.1,0.2,0.0,1.0,3.88,-13.11,True
1.01,0.02,1.02,0.1,0.2,0.25,0.75,3.89,-13.11,True
1.01,0.02,1.02,0.1,0.2,0.5,0.5,3.89,-13.11,True
1.01,0.02,1.02,0.1,0.2,0.75,0.25,3.9,-13.11,True
1.01,0.02,1.02,0.1,0.2,1.0,0.0,3.9,-13.11,True
1.01,0.02,1.02,0.1,0.3,0.0,1.0,5.05,-15.65,True
1.01,0.02,1.02,0.1,0.3,0.25,0.75,5.05,-15.65,True
1.01,0.02,1.02,0.1,0.3,0.5,0.5,5.06,-15.65,True
1.01,0.02,1.02,0.1,0.3,0.75,0.25,5.06,-15.65,True
1.01,0.02,1.02,0.1,0.3,1.0,0.0,5.07,-15.65,True
1.01,0.02,1.02,0.2,0.0,0.0,1.0,-0.13,-3.72,True
1.01,0.02,1.02,0.2,0.0,0.25,0.75,-0.12,-3.37,True
1.01,0.02,1.02,0.2,0.0,0.5,0.5,-0.11,-3.03,True
1.01,0.02,1.02,0.2,0.0,0.75,0.25,-0.09,-2.68,True
1.01,0.02,1.02,0.2,0.0,1.0,0.0,-0.08,-2.33,True
1.01,0.02,1.02,0.2,0.1,0.0,1.0,2.27,-8.85,True
1.01,0.02,1.02,0.2,0.1,0.25,0.75,2.28,-8.85,True
1.01,0.02,1.02,0.2,0.1,0.5,0.5,2.29,-8.85,True
1.01,0.02,1.02,0.2,0.1,0.75,0.25,2.3,-8.84,True
1.01,0.02,1.02,0.2,0.1,1.0,0.0,2.31,-8.84,True
1.01,0.02,1.02,0.2,0.2,0.0,1.0,3.85,-13.1,True
1.01,0.02,1.02,0.2,0.2,0.25,0.75,3.86,-13.1,True
1.01,0.02,1.02,0.2,0.2,0.5,0.5,3.87,-13.1,True
1.01,0.02,1.02,0.2,0.2,0.75,0.25,3.88,-13.1,True
1.01,0.02,1.02,0.2,0.2,1.0,0.0,3.89,-13.1,True
1.01,0.02,1.02,0.2,0.3,0.0,1.0,5.09,-15.57,True
1.01,0.02,1.02,0.2,0.3,0.25,0.75,5.1,-15.58,True
1.01,0.02,1.02,0.2,0.3,0.5,0.5,5.1,-15.58,True
1.01,0.02,1.02,0.2,0.3,0.75,0.25,5.1,-15.59,True
1.01,0.02,1.02,0.2,0.3,1.0,0.0,5.1,-15.59,True
1.01,0.02,1.02,0.3,0.0,0.0,1.0,-0.14,-5.61,True
1.01,0.02,1.02,0.3,0.0,0.25,0.75,-0.12,-5.08,True
1.01,0.02,1.02,0.3,0.0,0.5,0.5,-0.11,-4.56,True
1.01,0.02,1.02,0.3,0.0,0.75,0.25,-0.09,-4.04,True
1.01,0.02,1.02,0.3,0.0,1.0,0.0,-0.08,-3.52,True
1.01,0.02,1.02,0.3,0.1,0.0,1.0,2.27,-8.75,True
1.01,0.02,1.02,0.3,0.1,0.25,0.75,2.29,-8.75,True
1.01,0.02,1.02,0.3,0.1,0.5,0.5,2.3,-8.76,True
1.01,0.02,1.02,0.3,0.1,0.75,0.25,2.31,-8.76,True
1.01,0.02,1.02,0.3,0.1,1.0,0.0,2.32,-8.77,True
1.01,0.02,1.02,0.3,0.2,0.0,1.0,3.92,-13.1,True
1.01,0.02,1.02,0.3,0.2,0.25,0.75,3.92,-13.09,True
1.01,0.02,1.02,0.3,0.2,0.5,0.5,3.93,-13.09,True
1.01,0.02,1.02,0.3,0.2,0.75,0.25,3.93,-13.09,True
1.01,0.02,1.02,0.3,0.2,1.0,0.0,3.94,-13.09,True
1.01,0.02,1.02,0.3,0.3,0.0,1.0,5.08,-15.77,True
1.01,0.02,1.02,0.3,0.3,0.25,0.75,5.08,-15.75,True
1.01,0.02,1.02,0.3,0.3,0.5,0.5,5.09,-15.73,True
1.01,0.02,1.02,0.3,0.3,0.75,0.25,5.1,-15.71,True
1.01,0.02,1.02,0.3,0.3,1.0,0.0,5.1,-15.7,True
1.01,0.02,1.02,0.4,0.0,0.0,1.0,-0.24,-7.3,True
1.01,0.02,1.02,0.4,0.0,0.25,0.75,-0.21,-6.64,True
1.01,0.02,1.02,0.4,0.0,0.5,0.5,-0.18,-5.97,True
1.01,0.02,1.02,0.4,0.0,0.75,0.25,-0.16,-5.31,True
1.01,0.02,1.02,0.4,0.0,1.0,0.0,-0.13,-4.65,True
1.01,0.02,1.02,0.4,0.1,0.0,1.0,2.27,-8.92,True
1.01,0.02,1.02,0.4,0.1,0.25,0.75,2.28,-8.9,True
1.01,0.02,1.02,0.4,0.1,0.5,0.5,2.3,-8.89,True
1.01,0.02,1.02,0.4,0.1,0.75,0.25,2.31,-8.88,True
1.01,0.02,1.02,0.4,0.1,1.0,0.0,2.33,-8.87,True
1.01,0.02,1.02,0.4,0.2,0.0,1.0,3.88,-13.34,True
1.01,0.02,1.02,0.4,0.2,0.25,0.75,3.9,-13.3,True
1.01,0.02,1.02,0.4,0.2,0.5,0.5,3.91,-13.27,True
1.01,0.02,1.02,0.4,0.2,0.75,0.25,3.92,-13.24,True
1.01,0.02,1.02,0.4,0.2,1.0,0.0,3.93,-13.22,True
1.01,0.02,1.02,0.4,0.3,0.0,1.0,5.02,-16.04,True
1.01,0.02,1.02,0.4,0.3,0.25,0.75,5.03,-16.0,True
1.01,0.02,1.02,0.4,0.3,0.5,0.5,5.05,-15.95,True
1.01,0.02,1.02,0.4,0.3,0.75,0.25,5.06,-15.91,True
1.01,0.02,1.02,0.4,0.3,1.0,0.0,5.07,-15.88,True
1.01,0.025,0.95,0.1,0.0,0.0,1.0,0.68,-7.23,True
1.01,0.025,0.95,0.1,0.0,0.25,0.75,0.69,-6.62,True
1.01,0.025,0.95,0.1,0.0,0.5,0.5,0.71,-6.01,True
1.01,0.025,0.95,0.1,0.0,0.75,0.25,0.71,-5.4,True
1.01,0.025,0.95,0.1,0.0,1.0,0.0,0.72,-4.78,True
1.01,0.025,0.95,0.1,0.1,0.0,1.0,2.68,-7.81,True
1.01,0.025,0.95,0.1,0.1,0.25,0.75,2.69,-7.37,True
1.01,0.025,0.95,0.1,0.1,0.5,0.5,2.69,-7.22,True
1.01,0.025,0.95,0.1,0.1,0.75,0.25,2.7,-7.26,True
1.01,0.025,0.95,0.1,0.1,1.0,0.0,2.7,-7.3,True
1.01,0.025,0.95,0.1,0.2,0.0,1.0,4.07,-11.79,True
1.01,0.025,0.95,0.1,0.2,0.25,0.75,4.08,-11.54,True
1.01,0.025,0.95,0.1,0.2,0.5,0.5,4.08,-11.28,True
1.01,0.025,0.95,0.1,0.2,0.75,0.25,4.09,-11.27,True
1.01,0.025,0.95,0.1,0.2,1.0,0.0,4.09,-11.33,True
1.01,0.025,0.95,0.1,0.3,0.0,1.0,5.25,-15.74,True
1.01,0.025,0.95,0.1,0.3,0.25,0.75,5.24,-15.48,True
1.01,0.025,0.95,0.1,0.3,0.5,0.5,5.24,-15.22,True
1.01,0.025,0.95,0.1,0.3,0.75,0.25,5.24,-14.96,True
1.01,0.025,0.95,0.1,0.3,1.0,0.0,5.23,-14.7,True
1.01,0.025,0.95,0.2,0.0,0.0,1.0,1.5,-11.73,True
1.01,0.025,0.95,0.2,0.0,0.25,0.75,1.49,-10.65,True
1.01,0.025,0.95,0.2,0.0,0.5,0.5,1.49,-9.53,True
1.01,0.025,0.95,0.2,0.0,0.75,0.25,1.47,-8.36,True
1.01,0.025,0.95,0.2,0.0,1.0,0.0,1.46,-7.12,True
1.01,0.025,0.95,0.2,0.1,0.0,1.0,3.54,-11.64,True
1.01,0.025,0.95,0.2,0.1,0.25,0.75,3.51,-10.88,True
1.01,0.025,0.95,0.2,0.1,0.5,0.5,3.48,-10.09,True
1.01,0.025,0.95,0.2,0.1,0.75,0.25,3.45,-9.29,True
1.01,0.025,0.95,0.2,0.1,1.0,0.0,3.41,-8.46,True
1.01,0.025,0.95,0.2,0.2,0.0,1.0,4.97,-14.72,True
1.01,0.025,0.95,0.2,0.2,0.25,0.75,4.93,-14.21,True
1.01,0.025,0.95,0.2,0.2,0.5,0.5,4.89,-13.7,True
1.01,0.025,0.95,0.2,0.2,0.75,0.25,4.85,-13.19,True
1.01,0.025,0.95,0.2,0.2,1.0,0.0,4.8,-12.68,True
1.01,0.025,0.95,0.2,0.3,0.0,1.0,6.09,-18.7,True
1.01,0.025,0.95,0.2,0.3,0.25,0.75,6.05,-18.18,True
1.01,0.025,0.95,0.2,0.3,0.5,0.5,6.0,-17.66,True
1.01,0.025,0.95,0.2,0.3,0.75,0.25,5.95,-17.14,True
1.01,0.025,0.95,0.2,0.3,1.0,0.0,5.89,-16.62,True
1.01,0.025,0.95,0.3,0.0,0.0,1.0,3.06,-14.67,True
1.01,0.025,0.95,0.3,0.0,0.25,0.75,2.97,-13.44,True
1.01,0.025,0.95,0.3,0.0,0.5,0.5,2.88,-12.14,True
1.01,0.025,0.95,0.3,0.0,0.75,0.25,2.78,-10.73,True
1.01,0.025,0.95,0.3,0.0,1.0,0.0,2.67,-9.23,True
1.01,0.025,0.95,0.3,0.1,0.0,1.0,4.79,-14.26,True
1.01,0.025,0.95,0.3,0.1,0.25,0.75,4.7,-13.29,True
1.01,0.025,0.95,0.3,0.1,0.5,0.5,4.59,-12.28,True
1.01,0.025,0.95,0.3,0.1,0.75,0.25,4.48,-11.24,True
1.01,0.025,0.95,0.3,0.1,1.0,0.0,4.37,-10.28,True
1.01,0.025,0.95,0.3,0.2,0.0,1.0,6.02,-17.58,True
1.01,0.025,0.95,0.3,0.2,0.25,0.75,5.93,-16.85,True
1.01,0.025,0.95,0.3,0.2,0.5,0.5,5.83,-16.11,True
1.01,0.025,0.95,0.3,0.2,0.75,0.25,5.72,-15.35,True
1.01,0.025,0.95,0.3,0.2,1.0,0.0,5.61,-14.58,True
1.01,0.025,0.95,0.3,0.3,0.0,1.0,6.98,-21.25,True
1.01,0.025,0.95,0.3,0.3,0.25,0.75,6.89,-20.53,True
1.01,0.025,0.95,0.3,0.3,0.5,0.5,6.79,-19.81,True
1.01,0.025,0.95,0.3,0.3,0.75,0.25,6.69,-19.09,True
1.01,0.025,0.95,0.3,0.3,1.0,0.0,6.59,-18.37,True
1.01,0.025,0.95,0.4,0.0,0.0,1.0,4.48,-15.32,True
1.01,0.025,0.95,0.4,0.0,0.25,0.75,4.31,-14.12,True
1.01,0.025,0.95,0.4,0.0,0.5,0.5,4.14,-12.86,True
1.01,0.025,0.95,0.4,0.0,0.75,0.25,3.95,-11.53,True
1.01,0.025,0.95,0.4,0.0,1.0,0.0,3.75,-10.13,True
1.01,0.025,0.95,0.4,0.1,0.0,1.0,5.81,-15.96,True
1.01,0.025,0.95,0.4,0.1,0.25,0.75,5.67,-14.95,True
1.01,0.025,0.95,0.4,0.1,0.5,0.5,5.51,-13.98,True
1.01,0.025,0.95,0.4,0.1,0.75,0.25,5.35,-13.02,True
1.01,0.025,0.95,0.4,0.1,1.0,0.0,5.17,-12.05,True
1.01,0.025,0.95,0.4,0.2,0.0,1.0,6.71,-19.98,True
1.01,0.025,0.95,0.4,0.2,0.25,0.75,6.59,-19.02,True
1.01,0.025,0.95,0.4,0.2,0.5,0.5,6.45,-18.06,True
1.01,0.025,0.95,0.4,0.2,0.75,0.25,6.31,-17.1,True
1.01,0.025,0.95,0.4,0.2,1.0,0.0,6.16,-16.14,True
1.01,0.025,0.95,0.4,0.3,0.0,1.0,7.26,-23.84,True
1.01,0.025,0.95,0.4,0.3,0.25,0.75,7.17,-22.88,True
1.01,0.025,0.95,0.4,0.3,0.5,0.5,7.06,-21.92,True
1.01,0.025,0.95,0.4,0.3,0.75,0.25,6.95,-20.96,True
1.01,0.025,0.95,0.4,0.3,1.0,0.0,6.82,-20.01,True
1.01,0.025,0.97,0.1,0.0,0.0,1.0,0.26,-7.07,True
1.01,0.025,0.97,0.1,0.0,0.25,0.75,0.27,-6.5,True
1.01,0.025,0.97,0.1,0.0,0.5,0.5,0.27,-5.92,True
1.01,0.025,0.97,0.1,0.0,0.75,0.25,0.27,-5.34,True
1.01,0.025,0.97,0.1,0.0,1.0,0.0,0.26,-4.76,True
1.01,0.025,0.97,0.1,0.1,0.0,1.0,2.36,-7.84,True
1.01,0.025,0.97,0.1,0.1,0.25,0.75,2.36,-7.83,True
1.01,0.025,0.97,0.1,0.1,0.5,0.5,2.36,-7.83,True
1.01,0.025,0.97,0.1,0.1,0.75,0.25,2.35,-7.83,True
1.01,0.025,0.97,0.1,0.1,1.0,0.0,2.35,-7.83,True
1.01,0.025,0.97,0.1,0.2,0.0,1.0,3.88,-11.99,True
1.01,0.025,0.97,0.1,0.2,0.25,0.75,3.87,-12.01,True
1.01,0.025,0.97,0.1,0.2,0.5,0.5,3.86,-12.03,True
1.01,0.025,0.97,0.1,0.2,0.75,0.25,3.85,-12.04,True
1.01,0.025,0.97,0.1,0.2,1.0,0.0,3.84,-12.06,True
1.01,0.025,0.97,0.1,0.3,0.0,1.0,5.08,-15.49,True
1.01,0.025,0.97,0.1,0.3,0.25,0.75,5.07,-15.24,True
1.01,0.025,0.97,0.1,0.3,0.5,0.5,5.05,-14.99,True
1.01,0.025,0.97,0.1,0.3,0.75,0.25,5.04,-14.74,True
1.01,0.025,0.97,0.1,0.3,1.0,0.0,5.02,-14.56,True
1.01,0.025,0.97,0.2,0.0,0.0,1.0,0.4,-13.78,True
1.01,0.025,0.97,0.2,0.0,0.25,0.75,0.42,-12.7,True
1.01,0.025,0.97,0.2,0.0,0.5,0.5,0.44,-11.6,True
1.01,0.025,0.97,0.2,0.0,0.75,0.25,0.45,-10.48,True
1.01,0.025,0.97,0.2,0.0,1.0,0.0,0.46,-9.36,True
1.01,0.025,0.97,0.2,0.1,0.0,1.0,2.69,-10.79,True
1.01,0.025,0.97,0.2,0.1,0.25,0.75,2.68,-9.75,True
1.01,0.025,0.97,0.2,0.1,0.5,0.5,2.68,-9.26,True
1.01,0.025,0.97,0.2,0.1,0.75,0.25,2.67,-8.77,True
1.01,0.025,0.97,0.2,0.1,1.0,0.0,2.66,-8.28,True
1.01,0.025,0.97,0.2,0.2,0.0,1.0,4.18,-14.46,True
1.01,0.025,0.97,0.2,0.2,0.25,0.75,4.16,-13.96,True
1.01,0.025,0.97,0.2,0.2,0.5,0.5,4.14,-13.47,True
1.01,0.025,0.97,0.2,0.2,0.75,0.25,4.12,-12.97,True
1.01,0.025,0.97,0.2,0.2,1.0,0.0,4.1,-12.48,True
1.01,0.025,0.97,0.2,0.3,0.0,1.0,5.38,-18.24,True
1.01,0.025,0.97,0.2,0.3,0.25,0.75,5.38,-17.83,True
1.01,0.025,0.97,0.2,0.3,0.5,0.5,5.36,-17.37,True
1.01,0.025,0.97,0.2,0.3,0.75,0.25,5.33,-16.87,True
1.01,0.025,0.97,0.2,0.3,1.0,0.0,5.29,-16.37,True
1.01,0.025,0.97,0.3,0.0,0.0,1.0,0.65,-20.17,True
1.01,0.025,0.97,0.3,0.0,0.25,0.75,0.69,-18.61,True
1.01,0.025,0.97,0.3,0.0,0.5,0.5,0.72,-17.04,True
1.01,0.025,0.97,0.3,0.0,0.75,0.25,0.74,-15.44,True
1.01,0.025,0.97,0.3,0.0,1.0,0.0,0.76,-13.82,True
1.01,0.025,0.97,0.3,0.1,0.0,1.0,2.82,-17.09,True
1.01,0.025,0.97,0.3,0.1,0.25,0.75,2.84,-15.52,True
1.01,0.025,0.97,0.3,0.1,0.5,0.5,2.86,-13.93,True
1.01,0.025,0.97,0.3,0.1,0.75,0.25,2.87,-12.32,True
1.01,0.025,0.97,0.3,0.1,1.0,0.0,2.86,-10.7,True
1.01,0.025,0.97,0.3,0.2,0.0,1.0,4.41,-16.77,True
1.01,0.025,0.97,0.3,0.2,0.25,0.75,4.42,-16.13,True
1.01,0.025,0.97,0.3,0.2,0.5,0.5,4.43,-15.49,True
1.01,0.025,0.97,0.3,0.2,0.75,0.25,4.43,-14.85,True
1.01,0.025,0.97,0.3,0.2,1.0,0.0,4.41,-14.21,True
1.01,0.025,0.97,0.3,0.3,0.0,1.0,5.53,-20.24,True
1.01,0.025,0.97,0.3,0.3,0.25,0.75,5.54,-19.63,True
1.01,0.025,0.97,0.3,0.3,0.5,0.5,5.53,-19.03,True
1.01,0.025,0.97,0.3,0.3,0.75,0.25,5.53,-18.42,True
1.01,0.025,0.97,0.3,0.3,1.0,0.0,5.51,-17.82,True
1.01,0.025,0.97,0.4,0.0,0.0,1.0,0.9,-25.1,True
1.01,0.025,0.97,0.4,0.0,0.25,0.75,0.96,-23.19,True
1.01,0.025,0.97,0.4,0.0,0.5,0.5,1.0,-21.26,True
1.01,0.025,0.97,0.4,0.0,0.75,0.25,1.03,-19.3,True
1.01,0.025,0.97,0.4,0.0,1.0,0.0,1.04,-17.3,True
1.01,0.025,0.97,0.4,0.1,0.0,1.0,3.05,-21.19,True
1.01,0.025,0.97,0.4,0.1,0.25,0.75,3.09,-19.37,True
1.01,0.025,0.97,0.4,0.1,0.5,0.5,3.11,-17.53,True
1.01,0.025,0.97,0.4,0.1,0.75,0.25,3.13,-15.64,True
1.01,0.025,0.97,0.4,0.1,1.0,0.0,3.13,-13.73,True
1.01,0.025,0.97,0.4,0.2,0.0,1.0,4.53,-19.13,True
1.01,0.025,0.97,0.4,0.2,0.25,0.75,4.55,-18.26,True
1.01,0.025,0.97,0.4,0.2,0.5,0.5,4.56,-17.39,True
1.01,0.025,0.97,0.4,0.2,0.75,0.25,4.56,-16.53,True
1.01,0.025,0.97,0.4,0.2,1.0,0.0,4.55,-15.67,True
1.01,0.025,0.97,0.4,0.3,0.0,1.0,5.42,-22.71,True
1.01,0.025,0.97,0.4,0.3,0.25,0.75,5.47,-21.87,True
1.01,0.025,0.97,0.4,0.3,0.5,0.5,5.5,-21.03,True
1.01,0.025,0.97,0.4,0.3,0.75,0.25,5.52,-20.2,True
1.01,0.025,0.97,0.4,0.3,1.0,0.0,5.53,-19.37,True
1.01,0.025,0.99,0.1,0.0,0.0,1.0,-0.28,-3.78,True
1.01,0.025,0.99,0.1,0.0,0.25,0.75,-0.25,-3.41,True
1.01,0.025,0.99,0.1,0.0,0.5,0.5,-0.22,-3.03,True
1.01,0.025,0.99,0.1,0.0,0.75,0.25,-0.19,-2.65,True
1.01,0.025,0.99,0.1,0.0,1.0,0.0,-0.16,-2.27,True
1.01,0.025,0.99,0.1,0.1,0.0,1.0,2.12,-9.0,True
1.01,0.025,0.99,0.1,0.1,0.25,0.75,2.15,-8.98,True
1.01,0.025,0.99,0.1,0.1,0.5,0.5,2.17,-8.96,True
1.01,0.025,0.99,0.1,0.1,0.75,0.25,2.2,-8.94,True
1.01,0.025,0.99,0.1,0.1,1.0,0.0,2.23,-8.93,True
1.01,0.025,0.99,0.1,0.2,0.0,1.0,3.68,-13.39,True
1.01,0.025,0.99,0.1,0.2,0.25,0.75,3.71,-13.36,True
1.01,0.025,0.99,0.1,0.2,0.5,0.5,3.73,-13.33,True
1.01,0.025,0.99,0.1,0.2,0.75,0.25,3.76,-13.31,True
1.01,0.025,0.99,0.1,0.2,1.0,0.0,3.79,-13.28,True
1.01,0.025,0.99,0.1,0.3,0.0,1.0,4.87,-15.93,True
1.01,0.025,0.99,0.1,0.3,0.25,0.75,4.89,-15.9,True
1.01,0.025,0.99,0.1,0.3,0.5,0.5,4.91,-15.88,True
1.01,0.025,0.99,0.1,0.3,0.75,0.25,4.94,-15.85,True
1.01,0.025,0.99,0.1,0.3,1.0,0.0,4.96,-15.82,True
1.01,0.025,0.99,0.2,0.0,0.0,1.0,-0.59,-7.5,True
1.01,0.025,0.99,0.2,0.0,0.25,0.75,-0.52,-6.76,True
1.01,0.025,0.99,0.2,0.0,0.5,0.5,-0.46,-6.02,True
1.01,0.025,0.99,0.2,0.0,0.75,0.25,-0.39,-5.27,True
1.01,0.025,0.99,0.2,0.0,1.0,0.0,-0.33,-4.53,True
1.01,0.025,0.99,0.2,0.1,0.0,1.0,1.85,-9.16,True
1.01,0.025,0.99,0.2,0.1,0.25,0.75,1.91,-9.12,True
1.01,0.025,0.99,0.2,0.1,0.5,0.5,1.96,-9.08,True
1.01,0.025,0.99,0.2,0.1,0.75,0.25,2.01,-9.05,True
1.01,0.025,0.99,0.2,0.1,1.0,0.0,2.07,-9.01,True
1.01,0.025,0.99,0.2,0.2,0.0,1.0,3.53,-13.38,True
1.01,0.025,0.99,0.2,0.2,0.25,0.75,3.57,-13.34,True
1.01,0.025,0.99,0.2,0.2,0.5,0.5,3.61,-13.31,True
1.01,0.025,0.99,0.2,0.2,0.75,0.25,3.66,-13.28,True
1.01,0.025,0.99,0.2,0.2,1.0,0.0,3.7,-13.24,True
1.01,0.025,0.99,0.2,0.3,0.0,1.0,4.71,-16.06,True
1.01,0.025,0.99,0.2,0.3,0.25,0.75,4.75,-16.02,True
1.01,0.025,0.99,0.2,0.3,0.5,0.5,4.79,-15.97,True
1.01,0.025,0.99,0.2,0.3,0.75,0.25,4.83,-15.92,True
1.01,0.025,0.99,0.2,0.3,1.0,0.0,4.87,-15.88,True
1.01,0.025,0.99,0.3,0.0,0.0,1.0,-0.92,-11.15,True
1.01,0.025,0.99,0.3,0.0,0.25,0.75,-0.81,-10.06,True
1.01,0.025,0.99,0.3,0.0,0.5,0.5,-0.71,-8.97,True
1.01,0.025,0.99,0.3,0.0,0.75,0.25,-0.62,-7.87,True
1.01,0.025,0.99,0.3,0.0,1.0,0.0,-0.52,-6.77,True
1.01,0.025,0.99,0.3,0.1,0.0,1.0,1.72,-9.05,True
1.01,0.025,0.99,0.3,0.1,0.25,0.75,1.8,-9.02,True
1.01,0.025,0.99,0.3,0.1,0.5,0.5,1.87,-8.99,True
1.01,0.025,0.99,0.3,0.1,0.75,0.25,1.94,-8.95,True
1.01,0.025,0.99,0.3,0.1,1.0,0.0,2.01,-8.92,True
1.01,0.025,0.99,0.3,0.2,0.0,1.0,3.34,-13.55,True
1.01,0.025,0.99,0.3,0.2,0.25,0.75,3.41,-13.49,True
1.01,0.025,0.99,0.3,0.2,0.5,0.5,3.47,-13.44,True
1.01,0.025,0.99,0.3,0.2,0.75,0.25,3.53,-13.39,True
1.01,0.025,0.99,0.3,0.2,1.0,0.0,3.59,-13.34,True
1.01,0.025,0.99,0.3,0.3,0.0,1.0,4.62,-16.23,True
1.01,0.025,0.99,0.3,0.3,0.25,0.75,4.67,-16.16,True
1.01,0.025,0.99,0.3,0.3,0.5,0.5,4.71,-16.1,True
1.01,0.025,0.99,0.3,0.3,0.75,0.25,4.76,-16.04,True
1.01,0.025,0.99,0.3,0.3,1.0,0.0,4.81,-15.97,True
1.01,0.025,0.99,0.4,0.0,0.0,1.0,-1.08,-14.08,True
1.01,0.025,0.99,0.4,0.0,0.25,0.75,-0.95,-12.72,True
1.01,0.025,0.99,0.4,0.0,0.5,0.5,-0.83,-11.35,True
1.01,0.025,0.99,0.4,0.0,0.75,0.25,-0.7,-9.97,True
1.01,0.025,0.99,0.4,0.0,1.0,0.0,-0.58,-8.57,True
1.01,0.025,0.99,0.4,0.1,0.0,1.0,1.55,-9.1,True
1.01,0.025,0.99,0.4,0.1,0.25,0.75,1.64,-9.06,True
1.01,0.025,0.99,0.4,0.1,0.5,0.5,1.74,-9.01,True
1.01,0.025,0.99,0.4,0.1,0.75,0.25,1.83,-8.97,True
1.01,0.025,0.99,0.4,0.1,1.0,0.0,1.92,-8.93,True
1.01,0.025,0.99,0.4,0.2,0.0,1.0,3.26,-13.58,True
1.01,0.025,0.99,0.4,0.2,0.25,0.75,3.33,-13.51,True
1.01,0.025,0.99,0.4,0.2,0.5,0.5,3.4,-13.44,True
1.01,0.025,0.99,0.4,0.2,0.75,0.25,3.47,-13.38,True
1.01,0.025,0.99,0.4,0.2,1.0,0.0,3.54,-13.32,True
1.01,0.025,0.99,0.4,0.3,0.0,1.0,4.62,-16.07,True
1.01,0.025,0.99,0.4,0.3,0.25,0.75,4.67,-16.01,True
1.01,0.025,0.99,0.4,0.3,0.5,0.5,4.72,-15.94,True
1.01,0.025,0.99,0.4,0.3,0.75,0.25,4.77,-15.89,True
1.01,0.025,0.99,0.4,0.3,1.0,0.0,4.82,-15.83,True
1.01,0.025,1.0,0.1,0.0,0.0,1.0,-0.28,-3.12,True
1.01,0.025,1.0,0.1,0.0,0.25,0.75,-0.26,-2.84,True
1.01,0.025,1.0,0.1,0.0,0.5,0.5,-0.23,-2.56,True
1.01,0.025,1.0,0.1,0.0,0.75,0.25,-0.21,-2.27,True
1.01,0.025,1.0,0.1,0.0,1.0,0.0,-0.18,-1.99,True
1.01,0.025,1.0,0.1,0.1,0.0,1.0,2.14,-9.06,True
1.01,0.025,1.0,0.1,0.1,0.25,0.75,2.17,-9.04,True
1.01,0.025,1.0,0.1,0.1,0.5,0.5,2.19,-9.02,True
1.01,0.025,1.0,0.1,0.1,0.75,0.25,2.21,-9.0,True
1.01,0.025,1.0,0.1,0.1,1.0,0.0,2.23,-8.99,True
1.01,0.025,1.0,0.1,0.2,0.0,1.0,3.72,-13.44,True
1.01,0.025,1.0,0.1,0.2,0.25,0.75,3.74,-13.41,True
1.01,0.025,1.0,0.1,0.2,0.5,0.5,3.76,-13.38,True
1.01,0.025,1.0,0.1,0.2,0.75,0.25,3.78,-13.36,True
1.01,0.025,1.0,0.1,0.2,1.0,0.0,3.8,-13.33,True
1.01,0.025,1.0,0.1,0.3,0.0,1.0,4.91,-15.95,True
1.01,0.025,1.0,0.1,0.3,0.25,0.75,4.93,-15.93,True
1.01,0.025,1.0,0.1,0.3,0.5,0.5,4.94,-15.91,True
1.01,0.025,1.0,0.1,0.3,0.75,0.25,4.96,-15.88,True
1.01,0.025,1.0,0.1,0.3,1.0,0.0,4.98,-15.86,True
1.01,0.025,1.0,0.2,0.0,0.0,1.0,-0.58,-6.21,True
1.01,0.025,1.0,0.2,0.0,0.25,0.75,-0.53,-5.65,True
1.01,0.025,1.0,0.2,0.0,0.5,0.5,-0.48,-5.1,True
1.01,0.025,1.0,0.2,0.0,0.75,0.25,-0.43,-4.54,True
1.01,0.025,1.0,0.2,0.0,1.0,0.0,-0.37,-3.98,True
1.01,0.025,1.0,0.2,0.1,0.0,1.0,1.91,-9.27,True
1.01,0.025,1.0,0.2,0.1,0.25,0.75,1.95,-9.23,True
1.01,0.025,1.0,0.2,0.1,0.5,0.5,1.99,-9.2,True
1.01,0.025,1.0,0.2,0.1,0.75,0.25,2.04,-9.16,True
1.01,0.025,1.0,0.2,0.1,1.0,0.0,2.08,-9.13,True
1.01,0.025,1.0,0.2,0.2,0.0,1.0,3.58,-13.46,True
1.01,0.025,1.0,0.2,0.2,0.25,0.75,3.62,-13.43,True
1.01,0.025,1.0,0.2,0.2,0.5,0.5,3.65,-13.4,True
1.01,0.025,1.0,0.2,0.2,0.75,0.25,3.68,-13.37,True
1.01,0.025,1.0,0.2,0.2,1.0,0.0,3.71,-13.34,True
1.01,0.025,1.0,0.2,0.3,0.0,1.0,4.79,-16.1,True
1.01,0.025,1.0,0.2,0.3,0.25,0.75,4.82,-16.07,True
1.01,0.025,1.0,0.2,0.3,0.5,0.5,4.85,-16.03,True
1.01,0.025,1.0,0.2,0.3,0.75,0.25,4.88,-15.99,True
1.01,0.025,1.0,0.2,0.3,1.0,0.0,4.91,-15.95,True
1.01,0.025,1.0,0.3,0.0,0.0,1.0,-0.9,-9.27,True
1.01,0.025,1.0,0.3,0.0,0.25,0.75,-0.81,-8.45,True
1.01,0.025,1.0,0.3,0.0,0.5,0.5,-0.73,-7.62,True
1.01,0.025,1.0,0.3,0.0,0.75,0.25,-0.65,-6.79,True
1.01,0.025,1.0,0.3,0.0,1.0,0.0,-0.57,-5.96,True
1.01,0.025,1.0,0.3,0.1,0.0,1.0,1.78,-9.23,True
1.01,0.025,1.0,0.3,0.1,0.25,0.75,1.83,-9.2,True
1.01,0.025,1.0,0.3,0.1,0.5,0.5,1.89,-9.17,True
1.01,0.025,1.0,0.3,0.1,0.75,0.25,1.95,-9.13,True
1.01,0.025,1.0,0.3,0.1,1.0,0.0,2.0,-9.1,True
1.01,0.025,1.0,0.3,0.2,0.0,1.0,3.43,-13.74,True
1.01,0.025,1.0,0.3,0.2,0.25,0.75,3.48,-13.69,True
1.01,0.025,1.0,0.3,0.2,0.5,0.5,3.53,-13.64,True
1.01,0.025,1.0,0.3,0.2,0.75,0.25,3.58,-13.59,True
1.01,0.025,1.0,0.3,0.2,1.0,0.0,3.62,-13.54,True
1.01,0.025,1.0,0.3,0.3,0.0,1.0,4.68,-16.4,True
1.01,0.025,1.0,0.3,0.3,0.25,0.75,4.72,-16.33,True
1.01,0.025,1.0,0.3,0.3,0.5,0.5,4.76,-16.27,True
1.01,0.025,1.0,0.3,0.3,0.75,0.25,4.8,-16.21,True
1.01,0.025,1.0,0.3,0.3,1.0,0.0,4.84,-16.15,True
1.01,0.025,1.0,0.4,0.0,0.0,1.0,-1.12,-12.31,True
1.01,0.025,1.0,0.4,0.0,0.25,0.75,-1.02,-11.22,True
1.01,0.025,1.0,0.4,0.0,0.5,0.5,-0.91,-10.13,True
1.01,0.025,1.0,0.4,0.0,0.75,0.25,-0.81,-9.03,True
1.01,0.025,1.0,0.4,0.0,1.0,0.0,-0.71,-7.93,True
1.01,0.025,1.0,0.4,0.1,0.0,1.0,1.6,-9.45,True
1.01,0.025,1.0,0.4,0.1,0.25,0.75,1.68,-9.4,True
1.01,0.025,1.0,0.4,0.1,0.5,0.5,1.75,-9.35,True
1.01,0.025,1.0,0.4,0.1,0.75,0.25,1.82,-9.3,True
1.01,0.025,1.0,0.4,0.1,1.0,0.0,1.89,-9.26,True
1.01,0.025,1.0,0.4,0.2,0.0,1.0,3.33,-13.89,True
1.01,0.025,1.0,0.4,0.2,0.25,0.75,3.39,-13.83,True
1.01,0.025,1.0,0.4,0.2,0.5,0.5,3.44,-13.76,True
1.01,0.025,1.0,0.4,0.2,0.75,0.25,3.5,-13.7,True
1.01,0.025,1.0,0.4,0.2,1.0,0.0,3.56,-13.64,True
1.01,0.025,1.0,0.4,0.3,0.0,1.0,4.68,-16.3,True
1.01,0.025,1.0,0.4,0.3,0.25,0.75,4.72,-16.24,True
1.01,0.025,1.0,0.4,0.3,0.5,0.5,4.76,-16.19,True
1.01,0.025,1.0,0.4,0.3,0.75,0.25,4.8,-16.14,True
1.01,0.025,1.0,0.4,0.3,1.0,0.0,4.84,-16.1,True
1.01,0.025,1.01,0.1,0.0,0.0,1.0,-0.19,-1.24,True
1.01,0.025,1.01,0.1,0.0,0.25,0.75,-0.18,-1.14,True
1.01,0.025,1.01,0.1,0.0,0.5,0.5,-0.16,-1.03,True
1.01,0.025,1.01,0.1,0.0,0.75,0.25,-0.15,-0.92,True
1.01,0.025,1.01,0.1,0.0,1.0,0.0,-0.14,-0.81,True
1.01,0.025,1.01,0.1,0.1,0.0,1.0,2.23,-9.14,True
1.01,0.025,1.01,0.1,0.1,0.25,0.75,2.24,-9.12,True
1.01,0.025,1.01,0.1,0.1,0.5,0.5,2.25,-9.1,True
1.01,0.025,1.01,0.1,0.1,0.75,0.25,2.26,-9.09,True
1.01,0.025,1.01,0.1,0.1,1.0,0.0,2.28,-9.07,True
1.01,0.025,1.01,0.1,0.2,0.0,1.0,3.81,-13.54,True
1.01,0.025,1.01,0.1,0.2,0.25,0.75,3.82,-13.52,True
1.01,0.025,1.01,0.1,0.2,0.5,0.5,3.83,-13.49,True
1.01,0.025,1.01,0.1,0.2,0.75,0.25,3.84,-13.46,True
1.01,0.025,1.01,0.1,0.2,1.0,0.0,3.85,-13.44,True
1.01,0.025,1.01,0.1,0.3,0.0,1.0,4.98,-16.13,True
1.01,0.025,1.01,0.1,0.3,0.25,0.75,4.99,-16.1,True
1.01,0.025,1.01,0.1,0.3,0.5,0.5,5.0,-16.07,True
1.01,0.025,1.01,0.1,0.3,0.75,0.25,5.01,-16.04,True
1.01,0.025,1.01,0.1,0.3,1.0,0.0,5.02,-16.01,True
1.01,0.025,1.01,0.2,0.0,0.0,1.0,-0.39,-2.49,True
1.01,0.025,1.01,0.2,0.0,0.25,0.75,-0.36,-2.27,True
1.01,0.025,1.01,0.2,0.0,0.5,0.5,-0.34,-2.06,True
1.01,0.025,1.01,0.2,0.0,0.75,0.25,-0.31,-1.85,True
1.01,0.025,1.01,0.2,0.0,1.0,0.0,-0.28,-1.63,True
1.01,0.025,1.01,0.2,0.1,0.0,1.0,2.08,-9.46,True
1.01,0.025,1.01,0.2,0.1,0.25,0.75,2.1,-9.42,True
1.01,0.025,1.01,0.2,0.1,0.5,0.5,2.12,-9.38,True
1.01,0.025,1.01,0.2,0.1,0.75,0.25,2.15,-9.34,True
1.01,0.025,1.01,0.2,0.1,1.0,0.0,2.17,-9.3,True
1.01,0.025,1.01,0.2,0.2,0.0,1.0,3.67,-13.97,True
1.01,0.025,1.01,0.2,0.2,0.25,0.75,3.69,-13.92,True
1.01,0.025,1.01,0.2,0.2,0.5,0.5,3.71,-13.86,True
1.01,0.025,1.01,0.2,0.2,0.75,0.25,3.73,-13.8,True
1.01,0.025,1.01,0.2,0.2,1.0,0.0,3.75,-13.75,True
1.01,0.025,1.01,0.2,0.3,0.0,1.0,4.85,-16.61,True
1.01,0.025,1.01,0.2,0.3,0.25,0.75,4.87,-16.55,True
1.01,0.025,1.01,0.2,0.3,0.5,0.5,4.89,-16.48,True
1.01,0.025,1.01,0.2,0.3,0.75,0.25,4.91,-16.42,True
1.01,0.025,1.01,0.2,0.3,1.0,0.0,4.93,-16.35,True
1.01,0.025,1.01,0.3,0.0,0.0,1.0,-0.6,-3.74,True
1.01,0.025,1.01,0.3,0.0,0.25,0.75,-0.56,-3.41,True
1.01,0.025,1.01,0.3,0.0,0.5,0.5,-0.52,-3.09,True
1.01,0.025,1.01,0.3,0.0,0.75,0.25,-0.48,-2.77,True
1.01,0.025,1.01,0.3,0.0,1.0,0.0,-0.44,-2.45,True
1.01,0.025,1.01,0.3,0.1,0.0,1.0,1.91,-9.79,True
1.01,0.025,1.01,0.3,0.1,0.25,0.75,1.95,-9.73,True
1.01,0.025,1.01,0.3,0.1,0.5,0.5,1.99,-9.68,True
1.01,0.025,1.01,0.3,0.1,0.75,0.25,2.02,-9.62,True
1.01,0.025,1.01,0.3,0.1,1.0,0.0,2.06,-9.55,True
1.01,0.025,1.01,0.3,0.2,0.0,1.0,3.52,-14.41,True
1.01,0.025,1.01,0.3,0.2,0.25,0.75,3.55,-14.33,True
1.01,0.025,1.01,0.3,0.2,0.5,0.5,3.59,-14.24,True
1.01,0.025,1.01,0.3,0.2,0.75,0.25,3.62,-14.16,True
1.01,0.025,1.01,0.3,0.2,1.0,0.0,3.66,-14.08,True
1.01,0.025,1.01,0.3,0.3,0.0,1.0,4.74,-16.98,True
1.01,0.025,1.01,0.3,0.3,0.25,0.75,4.78,-16.89,True
1.01,0.025,1.01,0.3,0.3,0.5,0.5,4.81,-16.81,True
1.01,0.025,1.01,0.3,0.3,0.75,0.25,4.84,-16.72,True
1.01,0.025,1.01,0.3,0.3,1.0,0.0,4.87,-16.64,True
1.01,0.025,1.01,0.4,0.0,0.0,1.0,-0.83,-4.99,True
1.01,0.025,1.01,0.4,0.0,0.25,0.75,-0.77,-4.56,True
1.01,0.025,1.01,0.4,0.0,0.5,0.5,-0.71,-4.13,True
1.01,0.025,1.01,0.4,0.0,0.75,0.25,-0.65,-3.7,True
1.01,0.025,1.01,0.4,0.0,1.0,0.0,-0.59,-3.27,True
1.01,0.025,1.01,0.4,0.1,0.0,1.0,1.73,-10.15,True
1.01,0.025,1.01,0.4,0.1,0.25,0.75,1.79,-10.06,True
1.01,0.025,1.01,0.4,0.1,0.5,0.5,1.84,-9.98,True
1.01,0.025,1.01,0.4,0.1,0.75,0.25,1.89,-9.9,True
1.01,0.025,1.01,0.4,0.1,1.0,0.0,1.94,-9.82,True
1.01,0.025,1.01,0.4,0.2,0.0,1.0,3.42,-14.69,True
1.01,0.025,1.01,0.4,0.2,0.25,0.75,3.46,-14.58,True
1.01,0.025,1.01,0.4,0.2,0.5,0.5,3.51,-14.48,True
1.01,0.025,1.01,0.4,0.2,0.75,0.25,3.55,-14.38,True
1.01,0.025,1.01,0.4,0.2,1.0,0.0,3.59,-14.28,True
1.01,0.025,1.01,0.4,0.3,0.0,1.0,4.73,-16.95,True
1.01,0.025,1.01,0.4,0.3,0.25,0.75,4.76,-16.87,True
1.01,0.025,1.01,0.4,0.3,0.5,0.5,4.8,-16.79,True
1.01,0.025,1.01,0.4,0.3,0.75,0.25,4.83,-16.71,True
1.01,0.025,1.01,0.4,0.3,1.0,0.0,4.86,-16.64,True
1.01,0.025,1.02,0.1,0.0,0.0,1.0,-0.1,-0.97,True
1.01,0.025,1.02,0.1,0.0,0.25,0.75,-0.09,-0.87,True
1.01,0.025,1.02,0.1,0.0,0.5,0.5,-0.09,-0.78,True
1.01,0.025,1.02,0.1,0.0,0.75,0.25,-0.08,-0.68,True
1.01,0.025,1.02,0.1,0.0,1.0,0.0,-0.08,-0.59,True
1.01,0.025,1.02,0.1,0.1,0.0,1.0,2.29,-8.98,True
1.01,0.025,1.02,0.1,0.1,0.25,0.75,2.29,-8.97,True
1.01,0.025,1.02,0.1,0.1,0.5,0.5,2.3,-8.96,True
1.01,0.025,1.02,0.1,0.1,0.75,0.25,2.3,-8.95,True
1.01,0.025,1.02,0.1,0.1,1.0,0.0,2.31,-8.94,True
1.01,0.025,1.02,0.1,0.2,0.0,1.0,3.85,-13.35,True
1.01,0.025,1.02,0.1,0.2,0.25,0.75,3.85,-13.33,True
1.01,0.025,1.02,0.1,0.2,0.5,0.5,3.86,-13.32,True
1.01,0.025,1.02,0.1,0.2,0.75,0.25,3.87,-13.3,True
1.01,0.025,1.02,0.1,0.2,1.0,0.0,3.87,-13.28,True
1.01,0.025,1.02,0.1,0.3,0.0,1.0,5.02,-15.93,True
1.01,0.025,1.02,0.1,0.3,0.25,0.75,5.02,-15.91,True
1.01,0.025,1.02,0.1,0.3,0.5,0.5,5.03,-15.89,True
1.01,0.025,1.02,0.1,0.3,0.75,0.25,5.03,-15.87,True
1.01,0.025,1.02,0.1,0.3,1.0,0.0,5.04,-15.86,True
1.01,0.025,1.02,0.2,0.0,0.0,1.0,-0.21,-1.95,True
1.01,0.025,1.02,0.2,0.0,0.25,0.75,-0.19,-1.76,True
1.01,0.025,1.02,0.2,0.0,0.5,0.5,-0.18,-1.57,True
1.01,0.025,1.02,0.2,0.0,0.75,0.25,-0.17,-1.38,True
1.01,0.025,1.02,0.2,0.0,1.0,0.0,-0.15,-1.19,True
1.01,0.025,1.02,0.2,0.1,0.0,1.0,2.2,-9.17,True
1.01,0.025,1.02,0.2,0.1,0.25,0.75,2.21,-9.14,True
1.01,0.025,1.02,0.2,0.1,0.5,0.5,2.23,-9.12,True
1.01,0.025,1.02,0.2,0.1,0.75,0.25,2.24,-9.1,True
1.01,0.025,1.02,0.2,0.1,1.0,0.0,2.25,-9.08,True
1.01,0.025,1.02,0.2,0.2,0.0,1.0,3.77,-13.61,True
1.01,0.025,1.02,0.2,0.2,0.25,0.75,3.79,-13.58,True
1.01,0.025,1.02,0.2,0.2,0.5,0.5,3.8,-13.54,True
1.01,0.025,1.02,0.2,0.2,0.75,0.25,3.81,-13.51,True
1.01,0.025,1.02,0.2,0.2,1.0,0.0,3.82,-13.48,True
1.01,0.025,1.02,0.2,0.3,0.0,1.0,4.95,-16.23,True
1.01,0.025,1.02,0.2,0.3,0.25,0.75,4.96,-16.19,True
1.01,0.025,1.02,0.2,0.3,0.5,0.5,4.97,-16.15,True
1.01,0.025,1.02,0.2,0.3,0.75,0.25,4.98,-16.11,True
1.01,0.025,1.02,0.2,0.3,1.0,0.0,4.99,-16.07,True
1.01,0.025,1.02,0.3,0.0,0.0,1.0,-0.32,-2.94,True
1.01,0.025,1.02,0.3,0.0,0.25,0.75,-0.3,-2.65,True
1.01,0.025,1.02,0.3,0.0,0.5,0.5,-0.28,-2.37,True
1.01,0.025,1.02,0.3,0.0,0.75,0.25,-0.26,-2.08,True
1.01,0.025,1.02,0.3,0.0,1.0,0.0,-0.24,-1.79,True
1.01,0.025,1.02,0.3,0.1,0.0,1.0,2.11,-9.37,True
1.01,0.025,1.02,0.3,0.1,0.25,0.75,2.13,-9.33,True
1.01,0.025,1.02,0.3,0.1,0.5,0.5,2.15,-9.3,True
1.01,0.025,1.02,0.3,0.1,0.75,0.25,2.17,-9.26,True
1.01,0.025,1.02,0.3,0.1,1.0,0.0,2.19,-9.23,True
1.01,0.025,1.02,0.3,0.2,0.0,1.0,3.69,-13.89,True
1.01,0.025,1.02,0.3,0.2,0.25,0.75,3.71,-13.84,True
1.01,0.025,1.02,0.3,0.2,0.5,0.5,3.73,-13.78,True
1.01,0.025,1.02,0.3,0.2,0.75,0.25,3.75,-13.73,True
1.01,0.025,1.02,0.3,0.2,1.0,0.0,3.77,-13.68,True
1.01,0.025,1.02,0.3,0.3,0.0,1.0,4.88,-16.49,True
1.01,0.025,1.02,0.3,0.3,0.25,0.75,4.9,-16.43,True
1.01,0.025,1.02,0.3,0.3,0.5,0.5,4.92,-16.37,True
1.01,0.025,1.02,0.3,0.3,0.75,0.25,4.93,-16.31,True
1.01,0.025,1.02,0.3,0.3,1.0,0.0,4.95,-16.26,True
1.01,0.025,1.02,0.4,0.0,0.0,1.0,-0.45,-3.95,True
1.01,0.025,1.02,0.4,0.0,0.25,0.75,-0.41,-3.56,True
1.01,0.025,1.02,0.4,0.0,0.5,0.5,-0.38,-3.17,True
1.01,0.025,1.02,0.4,0.0,0.75,0.25,-0.35,-2.79,True
1.01,0.025,1.02,0.4,0.0,1.0,0.0,-0.32,-2.4,True
1.01,0.025,1.02,0.4,0.1,0.0,1.0,2.02,-9.59,True
1.01,0.025,1.02,0.4,0.1,0.25,0.75,2.05,-9.54,True
1.01,0.025,1.02,0.4,0.1,0.5,0.5,2.07,-9.48,True
1.01,0.025,1.02,0.4,0.1,0.75,0.25,2.1,-9.43,True
1.01,0.025,1.02,0.4,0.1,1.0,0.0,2.13,-9.39,True
1.01,0.025,1.02,0.4,0.2,0.0,1.0,3.62,-14.13,True
1.01,0.025,1.02,0.4,0.2,0.25,0.75,3.64,-14.06,True
1.01,0.025,1.02,0.4,0.2,0.5,0.5,3.67,-13.99,True
1.01,0.025,1.02,0.4,0.2,0.75,0.25,3.69,-13.92,True
1.01,0.025,1.02,0.4,0.2,1.0,0.0,3.72,-13.85,True
1.01,0.025,1.02,0.4,0.3,0.0,1.0,4.87,-16.55,True
1.01,0.025,1.02,0.4,0.3,0.25,0.75,4.89,-16.49,True
1.01,0.025,1.02,0.4,0.3,0.5,0.5,4.91,-16.43,True
1.01,0.025,1.02,0.4,0.3,0.75,0.25,4.93,-16.37,True
1.01,0.025,1.02,0.4,0.3,1.0,0.0,4.94,-16.31,True
1.01,0.03,0.95,0.1,0.0,0.0,1.0,0.84,-3.82,True
1.01,0.03,0.95,0.1,0.0,0.25,0.75,0.8,-3.5,True
1.01,0.03,0.95,0.1,0.0,0.5,0.5,0.76,-3.18,True
1.01,0.03,0.95,0.1,0.0,0.75,0.25,0.72,-2.86,True
1.01,0.03,0.95,0.1,0.0,1.0,0.0,0.68,-2.54,True
1.01,0.03,0.95,0.1,0.1,0.0,1.0,2.75,-7.47,True
1.01,0.03,0.95,0.1,0.1,0.25,0.75,2.72,-7.22,True
1.01,0.03,0.95,0.1,0.1,0.5,0.5,2.69,-7.22,True
1.01,0.03,0.95,0.1,0.1,0.75,0.25,2.67,-7.28,True
1.01,0.03,0.95,0.1,0.1,1.0,0.0,2.64,-7.34,True
1.01,0.03,0.95,0.1,0.2,0.0,1.0,4.17,-11.72,True
1.01,0.03,0.95,0.1,0.2,0.25,0.75,4.14,-11.47,True
1.01,0.03,0.95,0.1,0.2,0.5,0.5,4.12,-11.3,True
1.01,0.03,0.95,0.1,0.2,0.75,0.25,4.09,-11.38,True
1.01,0.03,0.95,0.1,0.2,1.0,0.0,4.07,-11.46,True
1.01,0.03,0.95,0.1,0.3,0.0,1.0,5.29,-15.64,True
1.01,0.03,0.95,0.1,0.3,0.25,0.75,5.27,-15.39,True
1.01,0.03,0.95,0.1,0.3,0.5,0.5,5.24,-15.14,True
1.01,0.03,0.95,0.1,0.3,0.75,0.25,5.21,-14.9,True
1.01,0.03,0.95,0.1,0.3,1.0,0.0,5.18,-14.65,True
1.01,0.03,0.95,0.2,0.0,0.0,1.0,1.6,-6.08,True
1.01,0.03,0.95,0.2,0.0,0.25,0.75,1.54,-5.58,True
1.01,0.03,0.95,0.2,0.0,0.5,0.5,1.47,-5.07,True
1.01,0.03,0.95,0.2,0.0,0.75,0.25,1.41,-4.56,True
1.01,0.03,0.95,0.2,0.0,1.0,0.0,1.33,-4.05,True
1.01,0.03,0.95,0.2,0.1,0.0,1.0,3.45,-10.31,True
1.01,0.03,0.95,0.2,0.1,0.25,0.75,3.38,-9.82,True
1.01,0.03,0.95,0.2,0.1,0.5,0.5,3.31,-9.33,True
1.01,0.03,0.95,0.2,0.1,0.75,0.25,3.24,-8.84,True
1.01,0.03,0.95,0.2,0.1,1.0,0.0,3.17,-8.35,True
1.01,0.03,0.95,0.2,0.2,0.0,1.0,4.82,-14.56,True
1.01,0.03,0.95,0.2,0.2,0.25,0.75,4.75,-14.07,True
1.01,0.03,0.95,0.2,0.2,0.5,0.5,4.69,-13.58,True
1.01,0.03,0.95,0.2,0.2,0.75,0.25,4.62,-13.09,True
1.01,0.03,0.95,0.2,0.2,1.0,0.0,4.55,-12.6,True
1.01,0.03,0.95,0.2,0.3,0.0,1.0,5.92,-18.49,True
1.01,0.03,0.95,0.2,0.3,0.25,0.75,5.86,-17.99,True
1.01,0.03,0.95,0.2,0.3,0.5,0.5,5.79,-17.5,True
1.01,0.03,0.95,0.2,0.3,0.75,0.25,5.72,-17.01,True
1.01,0.03,0.95,0.2,0.3,1.0,0.0,5.65,-16.52,True
1.01,0.03,0.95,0.3,0.0,0.0,1.0,2.41,-8.53,True
1.01,0.03,0.95,0.3,0.0,0.25,0.75,2.3,-7.79,True
1.01,0.03,0.95,0.3,0.0,0.5,0.5,2.18,-7.06,True
1.01,0.03,0.95,0.3,0.0,0.75,0.25,2.06,-6.33,True
1.01,0.03,0.95,0.3,0.0,1.0,0.0,1.92,-5.6,True
1.01,0.03,0.95,0.3,0.1,0.0,1.0,4.19,-13.16,True
1.01,0.03,0.95,0.3,0.1,0.25,0.75,4.08,-12.42,True
1.01,0.03,0.95,0.3,0.1,0.5,0.5,3.97,-11.69,True
1.01,0.03,0.95,0.3,0.1,0.75,0.25,3.86,-10.95,True
1.01,0.03,0.95,0.3,0.1,1.0,0.0,3.73,-10.22,True
1.01,0.03,0.95,0.3,0.2,0.0,1.0,5.51,-17.41,True
1.01,0.03,0.95,0.3,0.2,0.25,0.75,5.41,-16.67,True
1.01,0.03,0.95,0.3,0.2,0.5,0.5,5.3,-15.94,True
1.01,0.03,0.95,0.3,0.2,0.75,0.25,5.19,-15.2,True
1.01,0.03,0.95,0.3,0.2,1.0,0.0,5.08,-14.46,True
1.01,0.03,0.95,0.3,0.3,0.0,1.0,6.63,-21.33,True
1.01,0.03,0.95,0.3,0.3,0.25,0.75,6.52,-20.6,True
1.01,0.03,0.95,0.3,0.3,0.5,0.5,6.42,-19.86,True
1.01,0.03,0.95,0.3,0.3,0.75,0.25,6.3,-19.12,True
1.01,0.03,0.95,0.3,0.3,1.0,0.0,6.19,-18.38,True
1.01,0.03,0.95,0.4,0.0,0.0,1.0,3.34,-11.37,True
1.01,0.03,0.95,0.4,0.0,0.25,0.75,3.18,-10.39,True
1.01,0.03,0.95,0.4,0.0,0.5,0.5,3.01,-9.42,True
1.01,0.03,0.95,0.4,0.0,0.75,0.25,2.83,-8.44,True
1.01,0.03,0.95,0.4,0.0,1.0,0.0,2.64,-7.47,True
1.01,0.03,0.95,0.4,0.1,0.0,1.0,4.98,-16.0,True
1.01,0.03,0.95,0.4,0.1,0.25,0.75,4.83,-15.02,True
1.01,0.03,0.95,0.4,0.1,0.5,0.5,4.67,-14.04,True
1.01,0.03,0.95,0.4,0.1,0.75,0.25,4.5,-13.07,True
1.01,0.03,0.95,0.4,0.1,1.0,0.0,4.33,-12.09,True
1.01,0.03,0.95,0.4,0.2,0.0,1.0,6.3,-20.17,True
1.01,0.03,0.95,0.4,0.2,0.25,0.75,6.17,-19.24,True
1.01,0.03,0.95,0.4,0.2,0.5,0.5,6.02,-18.29,True
1.01,0.03,0.95,0.4,0.2,0.75,0.25,5.86,-17.31,True
1.01,0.03,0.95,0.4,0.2,1.0,0.0,5.69,-16.33,True
1.01,0.03,0.95,0.4,0.3,0.0,1.0,7.29,-23.88,True
1.01,0.03,0.95,0.4,0.3,0.25,0.75,7.16,-22.97,True
1.01,0.03,0.95,0.4,0.3,0.5,0.5,7.02,-22.05,True
1.01,0.03,0.95,0.4,0.3,0.75,0.25,6.88,-21.14,True
1.01,0.03,0.95,0.4,0.3,1.0,0.0,6.73,-20.23,True
1.01,0.03,0.97,0.1,0.0,0.0,1.0,0.59,-2.84,True
1.01,0.03,0.97,0.1,0.0,0.25,0.75,0.55,-2.6,True
1.01,0.03,0.97,0.1,0.0,0.5,0.5,0.51,-2.35,True
1.01,0.03,0.97,0.1,0.0,0.75,0.25,0.47,-2.11,True
1.01,0.03,0.97,0.1,0.0,1.0,0.0,0.43,-1.87,True
1.01,0.03,0.97,0.1,0.1,0.0,1.0,2.62,-7.45,True
1.01,0.03,0.97,0.1,0.1,0.25,0.75,2.59,-7.49,True
1.01,0.03,0.97,0.1,0.1,0.5,0.5,2.55,-7.53,True
1.01,0.03,0.97,0.1,0.1,0.75,0.25,2.51,-7.57,True
1.01,0.03,0.97,0.1,0.1,1.0,0.0,2.47,-7.61,True
1.01,0.03,0.97,0.1,0.2,0.0,1.0,4.07,-11.64,True
1.01,0.03,0.97,0.1,0.2,0.25,0.75,4.04,-11.6,True
1.01,0.03,0.97,0.1,0.2,0.5,0.5,4.0,-11.66,True
1.01,0.03,0.97,0.1,0.2,0.75,0.25,3.97,-11.72,True
1.01,0.03,0.97,0.1,0.2,1.0,0.0,3.93,-11.79,True
1.01,0.03,0.97,0.1,0.3,0.0,1.0,5.24,-15.56,True
1.01,0.03,0.97,0.1,0.3,0.25,0.75,5.2,-15.31,True
1.01,0.03,0.97,0.1,0.3,0.5,0.5,5.16,-15.05,True
1.01,0.03,0.97,0.1,0.3,0.75,0.25,5.12,-14.8,True
1.01,0.03,0.97,0.1,0.3,1.0,0.0,5.08,-14.55,True
1.01,0.03,0.97,0.2,0.0,0.0,1.0,1.05,-5.68,True
1.01,0.03,0.97,0.2,0.0,0.25,0.75,0.99,-5.2,True
1.01,0.03,0.97,0.2,0.0,0.5,0.5,0.93,-4.71,True
1.01,0.03,0.97,0.2,0.0,0.75,0.25,0.87,-4.22,True
1.01,0.03,0.97,0.2,0.0,1.0,0.0,0.8,-3.73,True
1.01,0.03,0.97,0.2,0.1,0.0,1.0,3.16,-10.29,True
1.01,0.03,0.97,0.2,0.1,0.25,0.75,3.09,-9.8,True
1.01,0.03,0.97,0.2,0.1,0.5,0.5,3.01,-9.31,True
1.01,0.03,0.97,0.2,0.1,0.75,0.25,2.93,-8.81,True
1.01,0.03,0.97,0.2,0.1,1.0,0.0,2.85,-8.32,True
1.01,0.03,0.97,0.2,0.2,0.0,1.0,4.62,-14.55,True
1.01,0.03,0.97,0.2,0.2,0.25,0.75,4.55,-14.06,True
1.01,0.03,0.97,0.2,0.2,0.5,0.5,4.47,-13.56,True
1.01,0.03,0.97,0.2,0.2,0.75,0.25,4.39,-13.06,True
1.01,0.03,0.97,0.2,0.2,1.0,0.0,4.3,-12.56,True
1.01,0.03,0.97,0.2,0.3,0.0,1.0,5.72,-18.5,True
1.01,0.03,0.97,0.2,0.3,0.25,0.75,5.64,-18.0,True
1.01,0.03,0.97,0.2,0.3,0.5,0.5,5.57,-17.5,True
1.01,0.03,0.97,0.2,0.3,0.75,0.25,5.49,-16.99,True
1.01,0.03,0.97,0.2,0.3,1.0,0.0,5.41,-16.49,True
1.01,0.03,0.97,0.3,0.0,0.0,1.0,1.59,-8.53,True
1.01,0.03,0.97,0.3,0.0,0.25,0.75,1.5,-7.79,True
1.01,0.03,0.97,0.3,0.0,0.5,0.5,1.4,-7.06,True
1.01,0.03,0.97,0.3,0.0,0.75,0.25,1.29,-6.33,True
1.01,0.03,0.97,0.3,0.0,1.0,0.0,1.18,-5.6,True
1.01,0.03,0.97,0.3,0.1,0.0,1.0,3.6,-13.17,True
1.01,0.03,0.97,0.3,0.1,0.25,0.75,3.5,-12.43,True
1.01,0.03,0.97,0.3,0.1,0.5,0.5,3.4,-11.69,True
1.01,0.03,0.97,0.3,0.1,0.75,0.25,3.29,-10.95,True
1.01,0.03,0.97,0.3,0.1,1.0,0.0,3.18,-10.21,True
1.01,0.03,0.97,0.3,0.2,0.0,1.0,4.99,-17.47,True
1.01,0.03,0.97,0.3,0.2,0.25,0.75,4.9,-16.72,True
1.01,0.03,0.97,0.3,0.2,0.5,0.5,4.8,-15.97,True
1.01,0.03,0.97,0.3,0.2,0.75,0.25,4.69,-15.23,True
1.01,0.03,0.97,0.3,0.2,1.0,0.0,4.59,-14.48,True
1.01,0.03,0.97,0.3,0.3,0.0,1.0,6.1,-21.3,True
1.01,0.03,0.97,0.3,0.3,0.25,0.75,6.02,-20.65,True
1.01,0.03,0.97,0.3,0.3,0.5,0.5,5.93,-19.94,True
1.01,0.03,0.97,0.3,0.3,0.75,0.25,5.83,-19.19,True
1.01,0.03,0.97,0.3,0.3,1.0,0.0,5.71,-18.43,True
1.01,0.03,0.97,0.4,0.0,0.0,1.0,1.97,-11.37,True
1.01,0.03,0.97,0.4,0.0,0.25,0.75,1.86,-10.39,True
1.01,0.03,0.97,0.4,0.0,0.5,0.5,1.75,-9.42,True
1.01,0.03,0.97,0.4,0.0,0.75,0.25,1.63,-8.44,True
1.01,0.03,0.97,0.4,0.0,1.0,0.0,1.5,-7.47,True
1.01,0.03,0.97,0.4,0.1,0.0,1.0,3.86,-15.95,True
1.01,0.03,0.97,0.4,0.1,0.25,0.75,3.77,-15.02,True
1.01,0.03,0.97,0.4,0.1,0.5,0.5,3.68,-14.08,True
1.01,0.03,0.97,0.4,0.1,0.75,0.25,3.56,-13.09,True
1.01,0.03,0.97,0.4,0.1,1.0,0.0,3.43,-12.11,True
1.01,0.03,0.97,0.4,0.2,0.0,1.0,5.28,-20.04,True
1.01,0.03,0.97,0.4,0.2,0.25,0.75,5.19,-19.14,True
1.01,0.03,0.97,0.4,0.2,0.5,0.5,5.1,-18.25,True
1.01,0.03,0.97,0.4,0.2,0.75,0.25,5.0,-17.35,True
1.01,0.03,0.97,0.4,0.2,1.0,0.0,4.87,-16.4,True
1.01,0.03,0.97,0.4,0.3,0.0,1.0,6.16,-23.73,True
1.01,0.03,0.97,0.4,0.3,0.25,0.75,6.1,-22.86,True
1.01,0.03,0.97,0.4,0.3,0.5,0.5,6.04,-21.98,True
1.01,0.03,0.97,0.4,0.3,0.75,0.25,5.97,-21.12,True
1.01,0.03,0.97,0.4,0.3,1.0,0.0,5.89,-20.25,True
1.01,0.03,0.99,0.1,0.0,0.0,1.0,-0.31,-3.51,True
1.01,0.03,0.99,0.1,0.0,0.25,0.75,-0.29,-3.2,True
1.01,0.03,0.99,0.1,0.0,0.5,0.5,-0.26,-2.89,True
1.01,0.03,0.99,0.1,0.0,0.75,0.25,-0.24,-2.58,True
1.01,0.03,0.99,0.1,0.0,1.0,0.0,-0.21,-2.27,True
1.01,0.03,0.99,0.1,0.1,0.0,1.0,2.12,-9.12,True
1.01,0.03,0.99,0.1,0.1,0.25,0.75,2.15,-9.1,True
1.01,0.03,0.99,0.1,0.1,0.5,0.5,2.17,-9.08,True
1.01,0.03,0.99,0.1,0.1,0.75,0.25,2.19,-9.06,True
1.01,0.03,0.99,0.1,0.1,1.0,0.0,2.21,-9.04,True
1.01,0.03,0.99,0.1,0.2,0.0,1.0,3.7,-13.51,True
1.01,0.03,0.99,0.1,0.2,0.25,0.75,3.72,-13.48,True
1.01,0.03,0.99,0.1,0.2,0.5,0.5,3.74,-13.46,True
1.01,0.03,0.99,0.1,0.2,0.75,0.25,3.76,-13.43,True
1.01,0.03,0.99,0.1,0.2,1.0,0.0,3.78,-13.4,True
1.01,0.03,0.99,0.1,0.3,0.0,1.0,4.88,-16.09,True
1.01,0.03,0.99,0.1,0.3,0.25,0.75,4.9,-16.06,True
1.01,0.03,0.99,0.1,0.3,0.5,0.5,4.92,-16.03,True
1.01,0.03,0.99,0.1,0.3,0.75,0.25,4.94,-16.0,True
1.01,0.03,0.99,0.1,0.3,1.0,0.0,4.96,-15.96,True
1.01,0.03,0.99,0.2,0.0,0.0,1.0,-0.63,-6.97,True
1.01,0.03,0.99,0.2,0.0,0.25,0.75,-0.58,-6.36,True
1.01,0.03,0.99,0.2,0.0,0.5,0.5,-0.53,-5.75,True
1.01,0.03,0.99,0.2,0.0,0.75,0.25,-0.48,-5.14,True
1.01,0.03,0.99,0.2,0.0,1.0,0.0,-0.43,-4.52,True
1.01,0.03,0.99,0.2,0.1,0.0,1.0,1.86,-9.42,True
1.01,0.03,0.99,0.2,0.1,0.25,0.75,1.91,-9.37,True
1.01,0.03,0.99,0.2,0.1,0.5,0.5,1.95,-9.33,True
1.01,0.03,0.99,0.2,0.1,0.75,0.25,1.99,-9.29,True
1.01,0.03,0.99,0.2,0.1,1.0,0.0,2.03,-9.24,True
1.01,0.03,0.99,0.2,0.2,0.0,1.0,3.49,-13.86,True
1.01,0.03,0.99,0.2,0.2,0.25,0.75,3.53,-13.8,True
1.01,0.03,0.99,0.2,0.2,0.5,0.5,3.56,-13.75,True
1.01,0.03,0.99,0.2,0.2,0.75,0.25,3.6,-13.69,True
1.01,0.03,0.99,0.2,0.2,1.0,0.0,3.64,-13.64,True
1.01,0.03,0.99,0.2,0.3,0.0,1.0,4.76,-16.25,True
1.01,0.03,0.99,0.2,0.3,0.25,0.75,4.79,-16.21,True
1.01,0.03,0.99,0.2,0.3,0.5,0.5,4.82,-16.17,True
1.01,0.03,0.99,0.2,0.3,0.75,0.25,4.85,-16.13,True
1.01,0.03,0.99,0.2,0.3,1.0,0.0,4.88,-16.09,True
1.01,0.03,0.99,0.3,0.0,0.0,1.0,-0.96,-10.37,True
1.01,0.03,0.99,0.3,0.0,0.25,0.75,-0.88,-9.48,True
1.01,0.03,0.99,0.3,0.0,0.5,0.5,-0.8,-8.57,True
1.01,0.03,0.99,0.3,0.0,0.75,0.25,-0.73,-7.67,True
1.01,0.03,0.99,0.3,0.0,1.0,0.0,-0.65,-6.76,True
1.01,0.03,0.99,0.3,0.1,0.0,1.0,1.62,-9.67,True
1.01,0.03,0.99,0.3,0.1,0.25,0.75,1.69,-9.61,True
1.01,0.03,0.99,0.3,0.1,0.5,0.5,1.75,-9.55,True
1.01,0.03,0.99,0.3,0.1,0.75,0.25,1.81,-9.49,True
1.01,0.03,0.99,0.3,0.1,1.0,0.0,1.87,-9.43,True
1.01,0.03,0.99,0.3,0.2,0.0,1.0,3.4,-13.9,True
1.01,0.03,0.99,0.3,0.2,0.25,0.75,3.45,-13.85,True
1.01,0.03,0.99,0.3,0.2,0.5,0.5,3.49,-13.8,True
1.01,0.03,0.99,0.3,0.2,0.75,0.25,3.54,-13.76,True
1.01,0.03,0.99,0.3,0.2,1.0,0.0,3.58,-13.7,True
1.01,0.03,0.99,0.3,0.3,0.0,1.0,4.7,-16.39,True
1.01,0.03,0.99,0.3,0.3,0.25,0.75,4.73,-16.34,True
1.01,0.03,0.99,0.3,0.3,0.5,0.5,4.77,-16.29,True
1.01,0.03,0.99,0.3,0.3,0.75,0.25,4.8,-16.25,True
1.01,0.03,0.99,0.3,0.3,1.0,0.0,4.84,-16.2,True
1.01,0.03,0.99,0.4,0.0,0.0,1.0,-1.29,-13.72,True
1.01,0.03,0.99,0.4,0.0,0.25,0.75,-1.19,-12.55,True
1.01,0.03,0.99,0.4,0.0,0.5,0.5,-1.08,-11.36,True
1.01,0.03,0.99,0.4,0.0,0.75,0.25,-0.98,-10.17,True
1.01,0.03,0.99,0.4,0.0,1.0,0.0,-0.87,-8.97,True
1.01,0.03,0.99,0.4,0.1,0.0,1.0,1.52,-9.73,True
1.01,0.03,0.99,0.4,0.1,0.25,0.75,1.59,-9.67,True
1.01,0.03,0.99,0.4,0.1,0.5,0.5,1.66,-9.61,True
1.01,0.03,0.99,0.4,0.1,0.75,0.25,1.73,-9.55,True
1.01,0.03,0.99,0.4,0.1,1.0,0.0,1.81,-9.5,True
1.01,0.03,0.99,0.4,0.2,0.0,1.0,3.33,-14.02,True
1.01,0.03,0.99,0.4,0.2,0.25,0.75,3.38,-13.96,True
1.01,0.03,0.99,0.4,0.2,0.5,0.5,3.43,-13.9,True
1.01,0.03,0.99,0.4,0.2,0.75,0.25,3.49,-13.84,True
1.01,0.03,0.99,0.4,0.2,1.0,0.0,3.54,-13.79,True
1.01,0.03,0.99,0.4,0.3,0.0,1.0,4.65,-16.54,True
1.01,0.03,0.99,0.4,0.3,0.25,0.75,4.69,-16.48,True
1.01,0.03,0.99,0.4,0.3,0.5,0.5,4.73,-16.42,True
1.01,0.03,0.99,0.4,0.3,0.75,0.25,4.77,-16.37,True
1.01,0.03,0.99,0.4,0.3,1.0,0.0,4.81,-16.31,True
1.01,0.03,1.0,0.1,0.0,0.0,1.0,-0.22,-2.6,True
1.01,0.03,1.0,0.1,0.0,0.25,0.75,-0.21,-2.37,True
1.01,0.03,1.0,0.1,0.0,0.5,0.5,-0.19,-2.14,True
1.01,0.03,1.0,0.1,0.0,0.75,0.25,-0.17,-1.91,True
1.01,0.03,1.0,0.1,0.0,1.0,0.0,-0.16,-1.68,True
1.01,0.03,1.0,0.1,0.1,0.0,1.0,2.19,-9.05,True
1.01,0.03,1.0,0.1,0.1,0.25,0.75,2.21,-9.04,True
1.01,0.03,1.0,0.1,0.1,0.5,0.5,2.22,-9.02,True
1.01,0.03,1.0,0.1,0.1,0.75,0.25,2.24,-9.01,True
1.01,0.03,1.0,0.1,0.1,1.0,0.0,2.25,-9.0,True
1.01,0.03,1.0,0.1,0.2,0.0,1.0,3.76,-13.43,True
1.01,0.03,1.0,0.1,0.2,0.25,0.75,3.78,-13.41,True
1.01,0.03,1.0,0.1,0.2,0.5,0.5,3.79,-13.38,True
1.01,0.03,1.0,0.1,0.2,0.75,0.25,3.8,-13.36,True
1.01,0.03,1.0,0.1,0.2,1.0,0.0,3.82,-13.34,True
1.01,0.03,1.0,0.1,0.3,0.0,1.0,4.93,-16.0,True
1.01,0.03,1.0,0.1,0.3,0.25,0.75,4.95,-15.98,True
1.01,0.03,1.0,0.1,0.3,0.5,0.5,4.96,-15.96,True
1.01,0.03,1.0,0.1,0.3,0.75,0.25,4.97,-15.93,True
1.01,0.03,1.0,0.1,0.3,1.0,0.0,4.99,-15.91,True
1.01,0.03,1.0,0.2,0.0,0.0,1.0,-0.46,-5.2,True
1.01,0.03,1.0,0.2,0.0,0.25,0.75,-0.42,-4.74,True
1.01,0.03,1.0,0.2,0.0,0.5,0.5,-0.39,-4.28,True
1.01,0.03,1.0,0.2,0.0,0.75,0.25,-0.35,-3.82,True
1.01,0.03,1.0,0.2,0.0,1.0,0.0,-0.32,-3.36,True
1.01,0.03,1.0,0.2,0.1,0.0,1.0,2.0,-9.27,True
1.01,0.03,1.0,0.2,0.1,0.25,0.75,2.03,-9.24,True
1.01,0.03,1.0,0.2,0.1,0.5,0.5,2.06,-9.21,True
1.01,0.03,1.0,0.2,0.1,0.75,0.25,2.09,-9.18,True
1.01,0.03,1.0,0.2,0.1,1.0,0.0,2.12,-9.15,True
1.01,0.03,1.0,0.2,0.2,0.0,1.0,3.6,-13.69,True
1.01,0.03,1.0,0.2,0.2,0.25,0.75,3.62,-13.65,True
1.01,0.03,1.0,0.2,0.2,0.5,0.5,3.65,-13.61,True
1.01,0.03,1.0,0.2,0.2,0.75,0.25,3.68,-13.57,True
1.01,0.03,1.0,0.2,0.2,1.0,0.0,3.71,-13.53,True
1.01,0.03,1.0,0.2,0.3,0.0,1.0,4.86,-16.08,True
1.01,0.03,1.0,0.2,0.3,0.25,0.75,4.88,-16.06,True
1.01,0.03,1.0,0.2,0.3,0.5,0.5,4.9,-16.04,True
1.01,0.03,1.0,0.2,0.3,0.75,0.25,4.92,-16.01,True
1.01,0.03,1.0,0.2,0.3,1.0,0.0,4.94,-15.98,True
1.01,0.03,1.0,0.3,0.0,0.0,1.0,-0.69,-7.79,True
1.01,0.03,1.0,0.3,0.0,0.25,0.75,-0.64,-7.11,True
1.01,0.03,1.0,0.3,0.0,0.5,0.5,-0.59,-6.42,True
1.01,0.03,1.0,0.3,0.0,0.75,0.25,-0.53,-5.74,True
1.01,0.03,1.0,0.3,0.0,1.0,0.0,-0.48,-5.05,True
1.01,0.03,1.0,0.3,0.1,0.0,1.0,1.81,-9.45,True
1.01,0.03,1.0,0.3,0.1,0.25,0.75,1.86,-9.41,True
1.01,0.03,1.0,0.3,0.1,0.5,0.5,1.9,-9.38,True
1.01,0.03,1.0,0.3,0.1,0.75,0.25,1.95,-9.34,True
1.01,0.03,1.0,0.3,0.1,1.0,0.0,1.99,-9.29,True
1.01,0.03,1.0,0.3,0.2,0.0,1.0,3.56,-13.66,True
1.01,0.03,1.0,0.3,0.2,0.25,0.75,3.59,-13.63,True
1.01,0.03,1.0,0.3,0.2,0.5,0.5,3.62,-13.6,True
1.01,0.03,1.0,0.3,0.2,0.75,0.25,3.66,-13.57,True
1.01,0.03,1.0,0.3,0.2,1.0,0.0,3.69,-13.54,True
1.01,0.03,1.0,0.3,0.3,0.0,1.0,4.82,-16.13,True
1.01,0.03,1.0,0.3,0.3,0.25,0.75,4.85,-16.1,True
1.01,0.03,1.0,0.3,0.3,0.5,0.5,4.87,-16.08,True
1.01,0.03,1.0,0.3,0.3,0.75,0.25,4.9,-16.05,True
1.01,0.03,1.0,0.3,0.3,1.0,0.0,4.92,-16.03,True
1.01,0.03,1.0,0.4,0.0,0.0,1.0,-0.94,-10.39,True
1.01,0.03,1.0,0.4,0.0,0.25,0.75,-0.87,-9.48,True
1.01,0.03,1.0,0.4,0.0,0.5,0.5,-0.79,-8.57,True
1.01,0.03,1.0,0.4,0.0,0.75,0.25,-0.72,-7.66,True
1.01,0.03,1.0,0.4,0.0,1.0,0.0,-0.65,-6.74,True
1.01,0.03,1.0,0.4,0.1,0.0,1.0,1.76,-9.44,True
1.01,0.03,1.0,0.4,0.1,0.25,0.75,1.82,-9.41,True
1.01,0.03,1.0,0.4,0.1,0.5,0.5,1.87,-9.38,True
1.01,0.03,1.0,0.4,0.1,0.75,0.25,1.92,-9.35,True
1.01,0.03,1.0,0.4,0.1,1.0,0.0,1.97,-9.31,True
1.01,0.03,1.0,0.4,0.2,0.0,1.0,3.52,-13.68,True
1.01,0.03,1.0,0.4,0.2,0.25,0.75,3.56,-13.65,True
1.01,0.03,1.0,0.4,0.2,0.5,0.5,3.59,-13.63,True
1.01,0.03,1.0,0.4,0.2,0.75,0.25,3.63,-13.6,True
1.01,0.03,1.0,0.4,0.2,1.0,0.0,3.66,-13.58,True
1.01,0.03,1.0,0.4,0.3,0.0,1.0,4.79,-16.23,True
1.01,0.03,1.0,0.4,0.3,0.25,0.75,4.81,-16.2,True
1.01,0.03,1.0,0.4,0.3,0.5,0.5,4.84,-16.18,True
1.01,0.03,1.0,0.4,0.3,0.75,0.25,4.87,-16.15,True
1.01,0.03,1.0,0.4,0.3,1.0,0.0,4.89,-16.12,True
1.01,0.03,1.01,0.1,0.0,0.0,1.0,-0.13,-1.32,True
1.01,0.03,1.01,0.1,0.0,0.25,0.75,-0.13,-1.21,True
1.01,0.03,1.01,0.1,0.0,0.5,0.5,-0.12,-1.1,True
1.01,0.03,1.01,0.1,0.0,0.75,0.25,-0.11,-0.98,True
1.01,0.03,1.01,0.1,0.0,1.0,0.0,-0.1,-0.87,True
1.01,0.03,1.01,0.1,0.1,0.0,1.0,2.27,-9.05,True
1.01,0.03,1.01,0.1,0.1,0.25,0.75,2.28,-9.04,True
1.01,0.03,1.01,0.1,0.1,0.5,0.5,2.28,-9.03,True
1.01,0.03,1.01,0.1,0.1,0.75,0.25,2.29,-9.01,True
1.01,0.03,1.01,0.1,0.1,1.0,0.0,2.3,-9.0,True
1.01,0.03,1.01,0.1,0.2,0.0,1.0,3.84,-13.43,True
1.01,0.03,1.01,0.1,0.2,0.25,0.75,3.84,-13.41,True
1.01,0.03,1.01,0.1,0.2,0.5,0.5,3.85,-13.39,True
1.01,0.03,1.01,0.1,0.2,0.75,0.25,3.86,-13.37,True
1.01,0.03,1.01,0.1,0.2,1.0,0.0,3.87,-13.35,True
1.01,0.03,1.01,0.1,0.3,0.0,1.0,5.01,-16.01,True
1.01,0.03,1.01,0.1,0.3,0.25,0.75,5.01,-15.99,True
1.01,0.03,1.01,0.1,0.3,0.5,0.5,5.02,-15.97,True
1.01,0.03,1.01,0.1,0.3,0.75,0.25,5.03,-15.94,True
1.01,0.03,1.01,0.1,0.3,1.0,0.0,5.03,-15.92,True
1.01,0.03,1.01,0.2,0.0,0.0,1.0,-0.27,-2.65,True
1.01,0.03,1.01,0.2,0.0,0.25,0.75,-0.25,-2.42,True
1.01,0.03,1.01,0.2,0.0,0.5,0.5,-0.24,-2.19,True
1.01,0.03,1.01,0.2,0.0,0.75,0.25,-0.22,-1.97,True
1.01,0.03,1.01,0.2,0.0,1.0,0.0,-0.2,-1.74,True
1.01,0.03,1.01,0.2,0.1,0.0,1.0,2.16,-9.27,True
1.01,0.03,1.01,0.2,0.1,0.25,0.75,2.17,-9.24,True
1.01,0.03,1.01,0.2,0.1,0.5,0.5,2.19,-9.21,True
1.01,0.03,1.01,0.2,0.1,0.75,0.25,2.2,-9.19,True
1.01,0.03,1.01,0.2,0.1,1.0,0.0,2.22,-9.16,True
1.01,0.03,1.01,0.2,0.2,0.0,1.0,3.73,-13.73,True
1.01,0.03,1.01,0.2,0.2,0.25,0.75,3.75,-13.69,True
1.01,0.03,1.01,0.2,0.2,0.5,0.5,3.76,-13.65,True
1.01,0.03,1.01,0.2,0.2,0.75,0.25,3.78,-13.61,True
1.01,0.03,1.01,0.2,0.2,1.0,0.0,3.79,-13.57,True
1.01,0.03,1.01,0.2,0.3,0.0,1.0,4.9,-16.35,True
1.01,0.03,1.01,0.2,0.3,0.25,0.75,4.92,-16.31,True
1.01,0.03,1.01,0.2,0.3,0.5,0.5,4.94,-16.26,True
1.01,0.03,1.01,0.2,0.3,0.75,0.25,4.95,-16.22,True
1.01,0.03,1.01,0.2,0.3,1.0,0.0,4.97,-16.17,True
1.01,0.03,1.01,0.3,0.0,0.0,1.0,-0.41,-3.98,True
1.01,0.03,1.01,0.3,0.0,0.25,0.75,-0.39,-3.64,True
1.01,0.03,1.01,0.3,0.0,0.5,0.5,-0.36,-3.29,True
1.01,0.03,1.01,0.3,0.0,0.75,0.25,-0.33,-2.95,True
1.01,0.03,1.01,0.3,0.0,1.0,0.0,-0.31,-2.61,True
1.01,0.03,1.01,0.3,0.1,0.0,1.0,2.03,-9.48,True
1.01,0.03,1.01,0.3,0.1,0.25,0.75,2.06,-9.44,True
1.01,0.03,1.01,0.3,0.1,0.5,0.5,2.09,-9.41,True
1.01,0.03,1.01,0.3,0.1,0.75,0.25,2.11,-9.37,True
1.01,0.03,1.01,0.3,0.1,1.0,0.0,2.14,-9.32,True
1.01,0.03,1.01,0.3,0.2,0.0,1.0,3.61,-14.03,True
1.01,0.03,1.01,0.3,0.2,0.25,0.75,3.64,-13.97,True
1.01,0.03,1.01,0.3,0.2,0.5,0.5,3.67,-13.91,True
1.01,0.03,1.01,0.3,0.2,0.75,0.25,3.69,-13.86,True
1.01,0.03,1.01,0.3,0.2,1.0,0.0,3.72,-13.8,True
1.01,0.03,1.01,0.3,0.3,0.0,1.0,4.83,-16.59,True
1.01,0.03,1.01,0.3,0.3,0.25,0.75,4.85,-16.53,True
1.01,0.03,1.01,0.3,0.3,0.5,0.5,4.87,-16.48,True
1.01,0.03,1.01,0.3,0.3,0.75,0.25,4.9,-16.42,True
1.01,0.03,1.01,0.3,0.3,1.0,0.0,4.92,-16.36,True
1.01,0.03,1.01,0.4,0.0,0.0,1.0,-0.56,-5.31,True
1.01,0.03,1.01,0.4,0.0,0.25,0.75,-0.52,-4.85,True
1.01,0.03,1.01,0.4,0.0,0.5,0.5,-0.49,-4.39,True
1.01,0.03,1.01,0.4,0.0,0.75,0.25,-0.45,-3.94,True
1.01,0.03,1.01,0.4,0.0,1.0,0.0,-0.41,-3.48,True
1.01,0.03,1.01,0.4,0.1,0.0,1.0,1.91,-9.7,True
1.01,0.03,1.01,0.4,0.1,0.25,0.75,1.94,-9.64,True
1.01,0.03,1.01,0.4,0.1,0.5,0.5,1.98,-9.59,True
1.01,0.03,1.01,0.4,0.1,0.75,0.25,2.02,-9.54,True
1.01,0.03,1.01,0.4,0.1,1.0,0.0,2.05,-9.49,True
1.01,0.03,1.01,0.4,0.2,0.0,1.0,3.52,-14.28,True
1.01,0.03,1.01,0.4,0.2,0.25,0.75,3.56,-14.2,True
1.01,0.03,1.01,0.4,0.2,0.5,0.5,3.59,-14.13,True
1.01,0.03,1.01,0.4,0.2,0.75,0.25,3.62,-14.06,True
1.01,0.03,1.01,0.4,0.2,1.0,0.0,3.66,-13.99,True
1.01,0.03,1.01,0.4,0.3,0.0,1.0,4.79,-16.68,True
1.01,0.03,1.01,0.4,0.3,0.25,0.75,4.82,-16.62,True
1.01,0.03,1.01,0.4,0.3,0.5,0.5,4.84,-16.56,True
1.01,0.03,1.01,0.4,0.3,0.75,0.25,4.87,-16.5,True
1.01,0.03,1.01,0.4,0.3,1.0,0.0,4.89,-16.44,True
1.01,0.03,1.02,0.1,0.0,0.0,1.0,-0.07,-1.32,True
1.01,0.03,1.02,0.1,0.0,0.25,0.75,-0.07,-1.21,True
1.01,0.03,1.02,0.1,0.0,0.5,0.5,-0.06,-1.1,True
1.01,0.03,1.02,0.1,0.0,0.75,0.25,-0.06,-0.98,True
1.01,0.03,1.02,0.1,0.0,1.0,0.0,-0.05,-0.87,True
1.01,0.03,1.02,0.1,0.1,0.0,1.0,2.3,-8.93,True
1.01,0.03,1.02,0.1,0.1,0.25,0.75,2.31,-8.92,True
1.01,0.03,1.02,0.1,0.1,0.5,0.5,2.31,-8.92,True
1.01,0.03,1.02,0.1,0.1,0.75,0.25,2.31,-8.91,True
1.01,0.03,1.02,0.1,0.1,1.0,0.0,2.32,-8.9,True
1.01,0.03,1.02,0.1,0.2,0.0,1.0,3.86,-13.29,True
1.01,0.03,1.02,0.1,0.2,0.25,0.75,3.86,-13.28,True
1.01,0.03,1.02,0.1,0.2,0.5,0.5,3.87,-13.27,True
1.01,0.03,1.02,0.1,0.2,0.75,0.25,3.87,-13.26,True
1.01,0.03,1.02,0.1,0.2,1.0,0.0,3.88,-13.24,True
1.01,0.03,1.02,0.1,0.3,0.0,1.0,5.02,-15.88,True
1.01,0.03,1.02,0.1,0.3,0.25,0.75,5.03,-15.86,True
1.01,0.03,1.02,0.1,0.3,0.5,0.5,5.03,-15.85,True
1.01,0.03,1.02,0.1,0.3,0.75,0.25,5.04,-15.83,True
1.01,0.03,1.02,0.1,0.3,1.0,0.0,5.04,-15.82,True
1.01,0.03,1.02,0.2,0.0,0.0,1.0,-0.15,-2.65,True
1.01,0.03,1.02,0.2,0.0,0.25,0.75,-0.14,-2.42,True
1.01,0.03,1.02,0.2,0.0,0.5,0.5,-0.13,-2.19,True
1.01,0.03,1.02,0.2,0.0,0.75,0.25,-0.12,-1.97,True
1.01,0.03,1.02,0.2,0.0,1.0,0.0,-0.11,-1.74,True
1.01,0.03,1.02,0.2,0.1,0.0,1.0,2.23,-9.07,True
1.01,0.03,1.02,0.2,0.1,0.25,0.75,2.24,-9.05,True
1.01,0.03,1.02,0.2,0.1,0.5,0.5,2.25,-9.04,True
1.01,0.03,1.02,0.2,0.1,0.75,0.25,2.26,-9.02,True
1.01,0.03,1.02,0.2,0.1,1.0,0.0,2.27,-9.01,True
1.01,0.03,1.02,0.2,0.2,0.0,1.0,3.79,-13.5,True
1.01,0.03,1.02,0.2,0.2,0.25,0.75,3.8,-13.47,True
1.01,0.03,1.02,0.2,0.2,0.5,0.5,3.81,-13.44,True
1.01,0.03,1.02,0.2,0.2,0.75,0.25,3.82,-13.42,True
1.01,0.03,1.02,0.2,0.2,1.0,0.0,3.83,-13.39,True
1.01,0.03,1.02,0.2,0.3,0.0,1.0,4.96,-16.12,True
1.01,0.03,1.02,0.2,0.3,0.25,0.75,4.97,-16.09,True
1.01,0.03,1.02,0.2,0.3,0.5,0.5,4.98,-16.06,True
1.01,0.03,1.02,0.2,0.3,0.75,0.25,4.99,-16.02,True
1.01,0.03,1.02,0.2,0.3,1.0,0.0,5.0,-15.99,True
1.01,0.03,1.02,0.3,0.0,0.0,1.0,-0.23,-3.98,True
1.01,0.03,1.02,0.3,0.0,0.25,0.75,-0.21,-3.64,True
1.01,0.03,1.02,0.3,0.0,0.5,0.5,-0.2,-3.29,True
1.01,0.03,1.02,0.3,0.0,0.75,0.25,-0.18,-2.95,True
1.01,0.03,1.02,0.3,0.0,1.0,0.0,-0.17,-2.61,True
1.01,0.03,1.02,0.3,0.1,0.0,1.0,2.16,-9.21,True
1.01,0.03,1.02,0.3,0.1,0.25,0.75,2.18,-9.19,True
1.01,0.03,1.02,0.3,0.1,0.5,0.5,2.19,-9.16,True
1.01,0.03,1.02,0.3,0.1,0.75,0.25,2.21,-9.14,True
1.01,0.03,1.02,0.3,0.1,1.0,0.0,2.22,-9.11,True
1.01,0.03,1.02,0.3,0.2,0.0,1.0,3.72,-13.71,True
1.01,0.03,1.02,0.3,0.2,0.25,0.75,3.74,-13.67,True
1.01,0.03,1.02,0.3,0.2,0.5,0.5,3.75,-13.63,True
1.01,0.03,1.02,0.3,0.2,0.75,0.25,3.77,-13.59,True
1.01,0.03,1.02,0.3,0.2,1.0,0.0,3.78,-13.55,True
1.01,0.03,1.02,0.3,0.3,0.0,1.0,4.91,-16.31,True
1.01,0.03,1.02,0.3,0.3,0.25,0.75,4.93,-16.27,True
1.01,0.03,1.02,0.3,0.3,0.5,0.5,4.94,-16.22,True
1.01,0.03,1.02,0.3,0.3,0.75,0.25,4.96,-16.17,True
1.01,0.03,1.02,0.3,0.3,1.0,0.0,4.97,-16.13,True
1.01,0.03,1.02,0.4,0.0,0.0,1.0,-0.31,-5.31,True
1.01,0.03,1.02,0.4,0.0,0.25,0.75,-0.29,-4.85,True
1.01,0.03,1.02,0.4,0.0,0.5,0.5,-0.27,-4.39,True
1.01,0.03,1.02,0.4,0.0,0.75,0.25,-0.25,-3.94,True
1.01,0.03,1.02,0.4,0.0,1.0,0.0,-0.23,-3.48,True
1.01,0.03,1.02,0.4,0.1,0.0,1.0,2.09,-9.36,True
1.01,0.03,1.02,0.4,0.1,0.25,0.75,2.11,-9.33,True
1.01,0.03,1.02,0.4,0.1,0.5,0.5,2.13,-9.29,True
1.01,0.03,1.02,0.4,0.1,0.75,0.25,2.15,-9.26,True
1.01,0.03,1.02,0.4,0.1,1.0,0.0,2.17,-9.22,True
1.01,0.03,1.02,0.4,0.2,0.0,1.0,3.66,-13.91,True
1.01,0.03,1.02,0.4,0.2,0.25,0.75,3.69,-13.86,True
1.01,0.03,1.02,0.4,0.2,0.5,0.5,3.71,-13.8,True
1.01,0.03,1.02,0.4,0.2,0.75,0.25,3.73,-13.75,True
1.01,0.03,1.02,0.4,0.2,1.0,0.0,3.75,-13.69,True
1.01,0.03,1.02,0.4,0.3,0.0,1.0,4.92,-16.33,True
1.01,0.03,1.02,0.4,0.3,0.25,0.75,4.93,-16.28,True
1.01,0.03,1.02,0.4,0.3,0.5,0.5,4.94,-16.24,True
1.01,0.03,1.02,0.4,0.3,0.75,0.25,4.96,-16.2,True
1.01,0.03,1.02,0.4,0.3,1.0,0.0,4.97,-16.15,True
1.02,0.005,0.95,0.1,0.0,0.0,1.0,-0.28,-35.63,True
1.02,0.005,0.95,0.1,0.0,0.25,0.75,0.28,-32.71,True
1.02,0.005,0.95,0.1,0.0,0.5,0.5,0.79,-29.7,True
1.02,0.005,0.95,0.1,0.0,0.75,0.25,1.25,-26.61,True
1.02,0.005,0.95,0.1,0.0,1.0,0.0,1.67,-23.43,True
1.02,0.005,0.95,0.1,0.1,0.0,1.0,2.56,-31.75,True
1.02,0.005,0.95,0.1,0.1,0.25,0.75,2.85,-29.01,True
1.02,0.005,0.95,0.1,0.1,0.5,0.5,3.13,-26.19,True
1.02,0.005,0.95,0.1,0.1,0.75,0.25,3.4,-23.31,True
1.02,0.005,0.95,0.1,0.1,1.0,0.0,3.65,-20.36,True
1.02,0.005,0.95,0.1,0.2,0.0,1.0,4.48,-27.56,True
1.02,0.005,0.95,0.1,0.2,0.25,0.75,4.65,-25.01,True
1.02,0.005,0.95,0.1,0.2,0.5,0.5,4.82,-22.41,True
1.02,0.005,0.95,0.1,0.2,0.75,0.25,4.99,-19.75,True
1.02,0.005,0.95,0.1,0.2,1.0,0.0,5.15,-17.05,True
1.02,0.005,0.95,0.1,0.3,0.0,1.0,5.82,-23.27,True
1.02,0.005,0.95,0.1,0.3,0.25,0.75,5.94,-20.93,True
1.02,0.005,0.95,0.1,0.3,0.5,0.5,6.07,-20.04,True
1.02,0.005,0.95,0.1,0.3,0.75,0.25,6.19,-19.23,True
1.02,0.005,0.95,0.1,0.3,1.0,0.0,6.3,-18.43,True
1.02,0.005,0.95,0.2,0.0,0.0,1.0,0.24,-31.87,True
1.02,0.005,0.95,0.2,0.0,0.25,0.75,0.86,-29.11,True
1.02,0.005,0.95,0.2,0.0,0.5,0.5,1.41,-26.26,True
1.02,0.005,0.95,0.2,0.0,0.75,0.25,1.91,-23.31,True
1.02,0.005,0.95,0.2,0.0,1.0,0.0,2.35,-20.26,True
1.02,0.005,0.95,0.2,0.1,0.0,1.0,2.85,-27.74,True
1.02,0.005,0.95,0.2,0.1,0.25,0.75,3.19,-25.17,True
1.02,0.005,0.95,0.2,0.1,0.5,0.5,3.51,-22.52,True
1.02,0.005,0.95,0.2,0.1,0.75,0.25,3.82,-19.79,True
1.02,0.005,0.95,0.2,0.1,1.0,0.0,4.09,-16.99,True
1.02,0.005,0.95,0.2,0.2,0.0,1.0,4.49,-25.71,True
1.02,0.005,0.95,0.2,0.2,0.25,0.75,4.7,-24.14,True
1.02,0.005,0.95,0.2,0.2,0.5,0.5,4.9,-22.59,True
1.02,0.005,0.95,0.2,0.2,0.75,0.25,5.1,-21.06,True
1.02,0.005,0.95,0.2,0.2,1.0,0.0,5.3,-19.55,True
1.02,0.005,0.95,0.2,0.3,0.0,1.0,5.76,-29.43,True
1.02,0.005,0.95,0.2,0.3,0.25,0.75,5.9,-28.01,True
1.02,0.005,0.95,0.2,0.3,0.5,0.5,6.04,-26.56,True
1.02,0.005,0.95,0.2,0.3,0.75,0.25,6.18,-25.07,True
1.02,0.005,0.95,0.2,0.3,1.0,0.0,6.32,-23.53,True
1.02,0.005,0.95,0.3,0.0,0.0,1.0,-0.12,-29.94,True
1.02,0.005,0.95,0.3,0.0,0.25,0.75,0.58,-27.48,True
1.02,0.005,0.95,0.3,0.0,0.5,0.5,1.21,-24.98,True
1.02,0.005,0.95,0.3,0.0,0.75,0.25,1.78,-22.46,True
1.02,0.005,0.95,0.3,0.0,1.0,0.0,2.28,-19.91,True
1.02,0.005,0.95,0.3,0.1,0.0,1.0,2.82,-27.59,True
1.02,0.005,0.95,0.3,0.1,0.25,0.75,3.17,-25.59,True
1.02,0.005,0.95,0.3,0.1,0.5,0.5,3.5,-23.58,True
1.02,0.005,0.95,0.3,0.1,0.75,0.25,3.83,-21.55,True
1.02,0.005,0.95,0.3,0.1,1.0,0.0,4.13,-19.53,True
1.02,0.005,0.95,0.3,0.2,0.0,1.0,4.67,-28.7,True
1.02,0.005,0.95,0.3,0.2,0.25,0.75,4.89,-26.97,True
1.02,0.005,0.95,0.3,0.2,0.5,0.5,5.1,-25.22,True
1.02,0.005,0.95,0.3,0.2,0.75,0.25,5.31,-23.46,True
1.02,0.005,0.95,0.3,0.2,1.0,0.0,5.51,-21.7,True
1.02,0.005,0.95,0.3,0.3,0.0,1.0,5.96,-29.65,True
1.02,0.005,0.95,0.3,0.3,0.25,0.75,6.11,-28.16,True
1.02,0.005,0.95,0.3,0.3,0.5,0.5,6.27,-26.65,True
1.02,0.005,0.95,0.3,0.3,0.75,0.25,6.42,-25.14,True
1.02,0.005,0.95,0.3,0.3,1.0,0.0,6.56,-23.62,True
1.02,0.005,0.95,0.4,0.0,0.0,1.0,0.37,-30.49,True
1.02,0.005,0.95,0.4,0.0,0.25,0.75,1.05,-27.99,True
1.02,0.005,0.95,0.4,0.0,0.5,0.5,1.67,-25.45,True
1.02,0.005,0.95,0.4,0.0,0.75,0.25,2.22,-22.89,True
1.02,0.005,0.95,0.4,0.0,1.0,0.0,2.69,-20.3,True
1.02,0.005,0.95,0.4,0.1,0.0,1.0,3.22,-27.91,True
1.02,0.005,0.95,0.4,0.1,0.25,0.75,3.57,-25.85,True
1.02,0.005,0.95,0.4,0.1,0.5,0.5,3.91,-23.79,True
1.02,0.005,0.95,0.4,0.1,0.75,0.25,4.23,-21.73,True
1.02,0.005,0.95,0.4,0.1,1.0,0.0,4.51,-19.66,True
1.02,0.005,0.95,0.4,0.2,0.0,1.0,4.92,-28.85,True
1.02,0.005,0.95,0.4,0.2,0.25,0.75,5.14,-27.07,True
1.02,0.005,0.95,0.4,0.2,0.5,0.5,5.36,-25.27,True
1.02,0.005,0.95,0.4,0.2,0.75,0.25,5.58,-23.47,True
1.02,0.005,0.95,0.4,0.2,1.0,0.0,5.77,-21.67,True
1.02,0.005,0.95,0.4,0.3,0.0,1.0,6.12,-29.63,True
1.02,0.005,0.95,0.4,0.3,0.25,0.75,6.28,-28.11,True
1.02,0.005,0.95,0.4,0.3,0.5,0.5,6.44,-26.57,True
1.02,0.005,0.95,0.4,0.3,0.75,0.25,6.59,-25.03,True
1.02,0.005,0.95,0.4,0.3,1.0,0.0,6.72,-23.49,True
1.02,0.005,0.97,0.1,0.0,0.0,1.0,-2.3,-32.81,True
1.02,0.005,0.97,0.1,0.0,0.25,0.75,-1.67,-30.52,True
1.02,0.005,0.97,0.1,0.0,0.5,0.5,-1.08,-28.08,True
1.02,0.005,0.97,0.1,0.0,0.75,0.25,-0.53,-25.46,True
1.02,0.005,0.97,0.1,0.0,1.0,0.0,-0.04,-22.62,True
1.02,0.005,0.97,0.1,0.1,0.0,1.0,1.86,-27.4,True
1.02,0.005,0.97,0.1,0.1,0.25,0.75,2.06,-25.5,True
1.02,0.005,0.97,0.1,0.1,0.5,0.5,2.28,-23.42,True
1.02,0.005,0.97,0.1,0.1,0.75,0.25,2.51,-21.16,True
1.02,0.005,0.97,0.1,0.1,1.0,0.0,2.75,-18.67,True
1.02,0.005,0.97,0.1,0.2,0.0,1.0,4.11,-22.66,True
1.02,0.005,0.97,0.1,0.2,0.25,0.75,4.23,-21.03,True
1.02,0.005,0.97,0.1,0.2,0.5,0.5,4.35,-19.23,True
1.02,0.005,0.97,0.1,0.2,0.75,0.25,4.48,-17.46,True
1.02,0.005,0.97,0.1,0.2,1.0,0.0,4.61,-15.73,True
1.02,0.005,0.97,0.1,0.3,0.0,1.0,5.61,-20.36,True
1.02,0.005,0.97,0.1,0.3,0.25,0.75,5.69,-19.58,True
1.02,0.005,0.97,0.1,0.3,0.5,0.5,5.77,-18.93,True
1.02,0.005,0.97,0.1,0.3,0.75,0.25,5.85,-18.3,True
1.02,0.005,0.97,0.1,0.3,1.0,0.0,5.93,-17.7,True
1.02,0.005,0.97,0.2,0.0,0.0,1.0,-2.02,-38.48,True
1.02,0.005,0.97,0.2,0.0,0.25,0.75,-1.31,-35.88,True
1.02,0.005,0.97,0.2,0.0,0.5,0.5,-0.66,-33.1,True
1.02,0.005,0.97,0.2,0.0,0.75,0.25,-0.07,-30.1,True
1.02,0.005,0.97,0.2,0.0,1.0,0.0,0.47,-26.85,True
1.02,0.005,0.97,0.2,0.1,0.0,1.0,2.39,-29.4,True
1.02,0.005,0.97,0.2,0.1,0.25,0.75,2.63,-27.53,True
1.02,0.005,0.97,0.2,0.1,0.5,0.5,2.87,-25.41,True
1.02,0.005,0.97,0.2,0.1,0.75,0.25,3.11,-23.05,True
1.02,0.005,0.97,0.2,0.1,1.0,0.0,3.34,-20.4,True
1.02,0.005,0.97,0.2,0.2,0.0,1.0,4.43,-25.98,True
1.02,0.005,0.97,0.2,0.2,0.25,0.75,4.59,-24.04,True
1.02,0.005,0.97,0.2,0.2,0.5,0.5,4.74,-22.04,True
1.02,0.005,0.97,0.2,0.2,0.75,0.25,4.89,-20.01,True
1.02,0.005,0.97,0.2,0.2,1.0,0.0,5.04,-17.94,True
1.02,0.005,0.97,0.2,0.3,0.0,1.0,5.79,-26.45,True
1.02,0.005,0.97,0.2,0.3,0.25,0.75,5.89,-25.27,True
1.02,0.005,0.97,0.2,0.3,0.5,0.5,5.99,-24.06,True
1.02,0.005,0.97,0.2,0.3,0.75,0.25,6.09,-22.84,True
1.02,0.005,0.97,0.2,0.3,1.0,0.0,6.19,-21.65,True
1.02,0.005,0.97,0.3,0.0,0.0,1.0,-1.3,-37.25,True
1.02,0.005,0.97,0.3,0.0,0.25,0.75,-0.6,-34.68,True
1.02,0.005,0.97,0.3,0.0,0.5,0.5,0.04,-31.93,True
1.02,0.005,0.97,0.3,0.0,0.75,0.25,0.62,-28.97,True
1.02,0.005,0.97,0.3,0.0,1.0,0.0,1.12,-25.74,True
1.02,0.005,0.97,0.3,0.1,0.0,1.0,2.69,-29.63,True
1.02,0.005,0.97,0.3,0.1,0.25,0.75,2.97,-27.63,True
1.02,0.005,0.97,0.3,0.1,0.5,0.5,3.24,-25.4,True
1.02,0.005,0.97,0.3,0.1,0.75,0.25,3.5,-22.94,True
1.02,0.005,0.97,0.3,0.1,1.0,0.0,3.73,-20.2,True
1.02,0.005,0.97,0.3,0.2,0.0,1.0,4.69,-25.15,True
1.02,0.005,0.97,0.3,0.2,0.25,0.75,4.85,-23.73,True
1.02,0.005,0.97,0.3,0.2,0.5,0.5,5.01,-22.3,True
1.02,0.005,0.97,0.3,0.2,0.75,0.25,5.16,-20.88,True
1.02,0.005,0.97,0.3,0.2,1.0,0.0,5.3,-19.47,True
1.02,0.005,0.97,0.3,0.3,0.0,1.0,6.02,-26.64,True
1.02,0.005,0.97,0.3,0.3,0.25,0.75,6.15,-25.4,True
1.02,0.005,0.97,0.3,0.3,0.5,0.5,6.28,-24.16,True
1.02,0.005,0.97,0.3,0.3,0.75,0.25,6.39,-22.93,True
1.02,0.005,0.97,0.3,0.3,1.0,0.0,6.47,-21.72,True
1.02,0.005,0.97,0.4,0.0,0.0,1.0,-0.41,-37.45,True
1.02,0.005,0.97,0.4,0.0,0.25,0.75,0.25,-34.86,True
1.02,0.005,0.97,0.4,0.0,0.5,0.5,0.84,-32.08,True
1.02,0.005,0.97,0.4,0.0,0.75,0.25,1.37,-29.08,True
1.02,0.005,0.97,0.4,0.0,1.0,0.0,1.82,-25.81,True
1.02,0.005,0.97,0.4,0.1,0.0,1.0,3.15,-31.08,True
1.02,0.005,0.97,0.4,0.1,0.25,0.75,3.43,-29.05,True
1.02,0.005,0.97,0.4,0.1,0.5,0.5,3.7,-26.77,True
1.02,0.005,0.97,0.4,0.1,0.75,0.25,3.95,-24.22,True
1.02,0.005,0.97,0.4,0.1,1.0,0.0,4.18,-21.36,True
1.02,0.005,0.97,0.4,0.2,0.0,1.0,5.01,-25.25,True
1.02,0.005,0.97,0.4,0.2,0.25,0.75,5.21,-23.78,True
1.02,0.005,0.97,0.4,0.2,0.5,0.5,5.37,-22.32,True
1.02,0.005,0.97,0.4,0.2,0.75,0.25,5.52,-20.86,True
1.02,0.005,0.97,0.4,0.2,1.0,0.0,5.64,-19.42,True
1.02,0.005,0.97,0.4,0.3,0.0,1.0,6.22,-26.62,True
1.02,0.005,0.97,0.4,0.3,0.25,0.75,6.36,-25.36,True
1.02,0.005,0.97,0.4,0.3,0.5,0.5,6.49,-24.1,True
1.02,0.005,0.97,0.4,0.3,0.75,0.25,6.6,-22.85,True
1.02,0.005,0.97,0.4,0.3,1.0,0.0,6.7,-21.61,True
1.02,0.005,0.99,0.1,0.0,0.0,1.0,-1.86,-29.09,True
1.02,0.005,0.99,0.1,0.0,0.25,0.75,-1.44,-26.25,True
1.02,0.005,0.99,0.1,0.0,0.5,0.5,-1.04,-23.33,True
1.02,0.005,0.99,0.1,0.0,0.75,0.25,-0.65,-20.33,True
1.02,0.005,0.99,0.1,0.0,1.0,0.0,-0.29,-17.25,True
1.02,0.005,0.99,0.1,0.1,0.0,1.0,1.92,-17.93,True
1.02,0.005,0.99,0.1,0.1,0.25,0.75,2.11,-16.42,True
1.02,0.005,0.99,0.1,0.1,0.5,0.5,2.29,-14.88,True
1.02,0.005,0.99,0.1,0.1,0.75,0.25,2.46,-13.3,True
1.02,0.005,0.99,0.1,0.1,1.0,0.0,2.64,-11.68,True
1.02,0.005,0.99,0.1,0.2,0.0,1.0,3.94,-15.78,True
1.02,0.005,0.99,0.1,0.2,0.25,0.75,4.05,-14.53,True
1.02,0.005,0.99,0.1,0.2,0.5,0.5,4.16,-13.85,True
1.02,0.005,0.99,0.1,0.2,0.75,0.25,4.27,-13.59,True
1.02,0.005,0.99,0.1,0.2,1.0,0.0,4.39,-13.36,True
1.02,0.005,0.99,0.1,0.3,0.0,1.0,5.43,-18.36,True
1.02,0.005,0.99,0.1,0.3,0.25,0.75,5.5,-17.92,True
1.02,0.005,0.99,0.1,0.3,0.5,0.5,5.56,-17.48,True
1.02,0.005,0.99,0.1,0.3,0.75,0.25,5.64,-17.04,True
1.02,0.005,0.99,0.1,0.3,1.0,0.0,5.71,-16.61,True
1.02,0.005,0.99,0.2,0.0,0.0,1.0,-1.68,-38.19,True
1.02,0.005,0.99,0.2,0.0,0.25,0.75,-1.16,-34.82,True
1.02,0.005,0.99,0.2,0.0,0.5,0.5,-0.67,-31.31,True
1.02,0.005,0.99,0.2,0.0,0.75,0.25,-0.22,-27.66,True
1.02,0.005,0.99,0.2,0.0,1.0,0.0,0.2,-23.84,True
1.02,0.005,0.99,0.2,0.1,0.0,1.0,2.18,-20.66,True
1.02,0.005,0.99,0.2,0.1,0.25,0.75,2.39,-18.91,True
1.02,0.005,0.99,0.2,0.1,0.5,0.5,2.6,-17.12,True
1.02,0.005,0.99,0.2,0.1,0.75,0.25,2.81,-15.28,True
1.02,0.005,0.99,0.2,0.1,1.0,0.0,3.01,-13.38,True
1.02,0.005,0.99,0.2,0.2,0.0,1.0,4.35,-20.74,True
1.02,0.005,0.99,0.2,0.2,0.25,0.75,4.46,-19.72,True
1.02,0.005,0.99,0.2,0.2,0.5,0.5,4.57,-18.71,True
1.02,0.005,0.99,0.2,0.2,0.75,0.25,4.68,-17.7,True
1.02,0.005,0.99,0.2,0.2,1.0,0.0,4.78,-16.71,True
1.02,0.005,0.99,0.2,0.3,0.0,1.0,5.8,-24.53,True
1.02,0.005,0.99,0.2,0.3,0.25,0.75,5.87,-23.52,True
1.02,0.005,0.99,0.2,0.3,0.5,0.5,5.94,-22.52,True
1.02,0.005,0.99,0.2,0.3,0.75,0.25,6.0,-21.53,True
1.02,0.005,0.99,0.2,0.3,1.0,0.0,6.07,-20.54,True
1.02,0.005,0.99,0.3,0.0,0.0,1.0,-1.39,-36.36,True
1.02,0.005,0.99,0.3,0.0,0.25,0.75,-0.84,-33.04,True
1.02,0.005,0.99,0.3,0.0,0.5,0.5,-0.33,-29.58,True
1.02,0.005,0.99,0.3,0.0,0.75,0.25,0.13,-25.98,True
1.02,0.005,0.99,0.3,0.0,1.0,0.0,0.55,-22.23,True
1.02,0.005,0.99,0.3,0.1,0.0,1.0,2.55,-23.02,True
1.02,0.005,0.99,0.3,0.1,0.25,0.75,2.75,-21.4,True
1.02,0.005,0.99,0.3,0.1,0.5,0.5,2.96,-19.79,True
1.02,0.005,0.99,0.3,0.1,0.75,0.25,3.15,-18.19,True
1.02,0.005,0.99,0.3,0.1,1.0,0.0,3.34,-16.59,True
1.02,0.005,0.99,0.3,0.2,0.0,1.0,4.72,-24.56,True
1.02,0.005,0.99,0.3,0.2,0.25,0.75,4.82,-23.16,True
1.02,0.005,0.99,0.3,0.2,0.5,0.5,4.93,-21.76,True
1.02,0.005,0.99,0.3,0.2,0.75,0.25,5.03,-20.37,True
1.02,0.005,0.99,0.3,0.2,1.0,0.0,5.13,-19.0,True
1.02,0.005,0.99,0.3,0.3,0.0,1.0,6.18,-25.98,True
1.02,0.005,0.99,0.3,0.3,0.25,0.75,6.25,-24.77,True
1.02,0.005,0.99,0.3,0.3,0.5,0.5,6.32,-23.57,True
1.02,0.005,0.99,0.3,0.3,0.75,0.25,6.39,-22.39,True
1.02,0.005,0.99,0.3,0.3,1.0,0.0,6.43,-21.22,True
1.02,0.005,0.99,0.4,0.0,0.0,1.0,-0.69,-34.06,True
1.02,0.005,0.99,0.4,0.0,0.25,0.75,-0.16,-30.8,True
1.02,0.005,0.99,0.4,0.0,0.5,0.5,0.32,-27.42,True
1.02,0.005,0.99,0.4,0.0,0.75,0.25,0.75,-23.89,True
1.02,0.005,0.99,0.4,0.0,1.0,0.0,1.13,-20.22,True
1.02,0.005,0.99,0.4,0.1,0.0,1.0,3.13,-23.4,True
1.02,0.005,0.99,0.4,0.1,0.25,0.75,3.32,-21.73,True
1.02,0.005,0.99,0.4,0.1,0.5,0.5,3.51,-20.07,True
1.02,0.005,0.99,0.4,0.1,0.75,0.25,3.69,-18.43,True
1.02,0.005,0.99,0.4,0.1,1.0,0.0,3.85,-16.79,True
1.02,0.005,0.99,0.4,0.2,0.0,1.0,5.19,-24.85,True
1.02,0.005,0.99,0.4,0.2,0.25,0.75,5.3,-23.39,True
1.02,0.005,0.99,0.4,0.2,0.5,0.5,5.41,-21.94,True
1.02,0.005,0.99,0.4,0.2,0.75,0.25,5.49,-20.51,True
1.02,0.005,0.99,0.4,0.2,1.0,0.0,5.56,-19.1,True
1.02,0.005,0.99,0.4,0.3,0.0,1.0,6.55,-26.11,True
1.02,0.005,0.99,0.4,0.3,0.25,0.75,6.64,-24.85,True
1.02,0.005,0.99,0.4,0.3,0.5,0.5,6.7,-23.61,True
1.02,0.005,0.99,0.4,0.3,0.75,0.25,6.75,-22.39,True
1.02,0.005,0.99,0.4,0.3,1.0,0.0,6.79,-21.19,True
1.02,0.005,1.0,0.1,0.0,0.0,1.0,-3.54,-42.13,False
1.02,0.005,1.0,0.1,0.0,0.25,0.75,-3.07,-39.07,True
1.02,0.005,1.0,0.1,0.0,0.5,0.5,-2.61,-35.89,True
1.02,0.005,1.0,0.1,0.0,0.75,0.25,-2.18,-32.58,True
1.02,0.005,1.0,0.1,0.0,1.0,0.0,-1.75,-29.14,True
1.02,0.005,1.0,0.1,0.1,0.0,1.0,1.09,-17.88,True
1.02,0.005,1.0,0.1,0.1,0.25,0.75,1.26,-17.24,True
1.02,0.005,1.0,0.1,0.1,0.5,0.5,1.44,-16.4,True
1.02,0.005,1.0,0.1,0.1,0.75,0.25,1.62,-15.23,True
1.02,0.005,1.0,0.1,0.1,1.0,0.0,1.81,-13.76,True
1.02,0.005,1.0,0.1,0.2,0.0,1.0,3.47,-15.85,True
1.02,0.005,1.0,0.1,0.2,0.25,0.75,3.57,-15.48,True
1.02,0.005,1.0,0.1,0.2,0.5,0.5,3.67,-15.12,True
1.02,0.005,1.0,0.1,0.2,0.75,0.25,3.78,-14.79,True
1.02,0.005,1.0,0.1,0.2,1.0,0.0,3.89,-14.5,True
1.02,0.005,1.0,0.1,0.3,0.0,1.0,5.09,-18.15,True
1.02,0.005,1.0,0.1,0.3,0.25,0.75,5.15,-17.76,True
1.02,0.005,1.0,0.1,0.3,0.5,0.5,5.21,-17.36,True
1.02,0.005,1.0,0.1,0.3,0.75,0.25,5.28,-16.97,True
1.02,0.005,1.0,0.1,0.3,1.0,0.0,5.35,-16.65,True
1.02,0.005,1.0,0.2,0.0,0.0,1.0,-4.62,-52.18,False
1.02,0.005,1.0,0.2,0.0,0.25,0.75,-3.96,-48.67,False
1.02,0.005,1.0,0.2,0.0,0.5,0.5,-3.32,-44.95,False
1.02,0.005,1.0,0.2,0.0,0.75,0.25,-2.72,-41.03,False
1.02,0.005,1.0,0.2,0.0,1.0,0.0,-2.14,-36.88,True
1.02,0.005,1.0,0.2,0.1,0.0,1.0,1.16,-21.8,True
1.02,0.005,1.0,0.2,0.1,0.25,0.75,1.34,-20.11,True
1.02,0.005,1.0,0.2,0.1,0.5,0.5,1.53,-18.37,True
1.02,0.005,1.0,0.2,0.1,0.75,0.25,1.73,-16.72,True
1.02,0.005,1.0,0.2,0.1,1.0,0.0,1.94,-15.17,True
1.02,0.005,1.0,0.2,0.2,0.0,1.0,3.57,-18.05,True
1.02,0.005,1.0,0.2,0.2,0.25,0.75,3.66,-17.27,True
1.02,0.005,1.0,0.2,0.2,0.5,0.5,3.76,-16.5,True
1.02,0.005,1.0,0.2,0.2,0.75,0.25,3.88,-15.74,True
1.02,0.005,1.0,0.2,0.2,1.0,0.0,4.0,-14.98,True
1.02,0.005,1.0,0.2,0.3,0.0,1.0,5.19,-22.15,True
1.02,0.005,1.0,0.2,0.3,0.25,0.75,5.25,-21.37,True
1.02,0.005,1.0,0.2,0.3,0.5,0.5,5.31,-20.6,True
1.02,0.005,1.0,0.2,0.3,0.75,0.25,5.39,-19.82,True
1.02,0.005,1.0,0.2,0.3,1.0,0.0,5.46,-19.05,True
1.02,0.005,1.0,0.3,0.0,0.0,1.0,-4.63,-51.85,False
1.02,0.005,1.0,0.3,0.0,0.25,0.75,-3.92,-48.33,False
1.02,0.005,1.0,0.3,0.0,0.5,0.5,-3.23,-44.6,False
1.02,0.005,1.0,0.3,0.0,0.75,0.25,-2.59,-40.65,False
1.02,0.005,1.0,0.3,0.0,1.0,0.0,-1.99,-36.47,True
1.02,0.005,1.0,0.3,0.1,0.0,1.0,1.19,-23.66,True
1.02,0.005,1.0,0.3,0.1,0.25,0.75,1.39,-21.96,True
1.02,0.005,1.0,0.3,0.1,0.5,0.5,1.6,-20.17,True
1.02,0.005,1.0,0.3,0.1,0.75,0.25,1.81,-18.29,True
1.02,0.005,1.0,0.3,0.1,1.0,0.0,2.03,-16.33,True
1.02,0.005,1.0,0.3,0.2,0.0,1.0,3.74,-19.89,True
1.02,0.005,1.0,0.3,0.2,0.25,0.75,3.84,-18.94,True
1.02,0.005,1.0,0.3,0.2,0.5,0.5,3.96,-17.99,True
1.02,0.005,1.0,0.3,0.2,0.75,0.25,4.07,-17.05,True
1.02,0.005,1.0,0.3,0.2,1.0,0.0,4.18,-16.11,True
1.02,0.005,1.0,0.3,0.3,0.0,1.0,5.33,-22.15,True
1.02,0.005,1.0,0.3,0.3,0.25,0.75,5.42,-21.32,True
1.02,0.005,1.0,0.3,0.3,0.5,0.5,5.5,-20.5,True
1.02,0.005,1.0,0.3,0.3,0.75,0.25,5.58,-19.69,True
1.02,0.005,1.0,0.3,0.3,1.0,0.0,5.67,-18.89,True
1.02,0.005,1.0,0.4,0.0,0.0,1.0,-4.21,-52.36,False
1.02,0.005,1.0,0.4,0.0,0.25,0.75,-3.49,-48.8,False
1.02,0.005,1.0,0.4,0.0,0.5,0.5,-2.81,-45.02,False
1.02,0.005,1.0,0.4,0.0,0.75,0.25,-2.18,-41.02,False
1.02,0.005,1.0,0.4,0.0,1.0,0.0,-1.59,-36.78,True
1.02,0.005,1.0,0.4,0.1,0.0,1.0,1.52,-25.47,True
1.02,0.005,1.0,0.4,0.1,0.25,0.75,1.71,-24.27,True
1.02,0.005,1.0,0.4,0.1,0.5,0.5,1.92,-22.72,True
1.02,0.005,1.0,0.4,0.1,0.75,0.25,2.14,-20.84,True
1.02,0.005,1.0,0.4,0.1,1.0,0.0,2.35,-18.62,True
1.02,0.005,1.0,0.4,0.2,0.0,1.0,3.96,-20.39,True
1.02,0.005,1.0,0.4,0.2,0.25,0.75,4.08,-18.87,True
1.02,0.005,1.0,0.4,0.2,0.5,0.5,4.21,-17.89,True
1.02,0.005,1.0,0.4,0.2,0.75,0.25,4.33,-16.91,True
1.02,0.005,1.0,0.4,0.2,1.0,0.0,4.45,-15.95,True
1.02,0.005,1.0,0.4,0.3,0.0,1.0,5.45,-21.87,True
1.02,0.005,1.0,0.4,0.3,0.25,0.75,5.55,-21.01,True
1.02,0.005,1.0,0.4,0.3,0.5,0.5,5.64,-20.16,True
1.02,0.005,1.0,0.4,0.3,0.75,0.25,5.74,-19.33,True
1.02,0.005,1.0,0.4,0.3,1.0,0.0,5.82,-18.52,True
1.02,0.005,1.01,0.1,0.0,0.0,1.0,-3.78,-26.03,True
1.02,0.005,1.01,0.1,0.0,0.25,0.75,-3.36,-23.87,True
1.02,0.005,1.01,0.1,0.0,0.5,0.5,-2.95,-21.65,True
1.02,0.005,1.01,0.1,0.0,0.75,0.25,-2.55,-19.39,True
1.02,0.005,1.01,0.1,0.0,1.0,0.0,-2.16,-17.07,True
1.02,0.005,1.01,0.1,0.1,0.0,1.0,0.84,-17.35,True
1.02,0.005,1.01,0.1,0.1,0.25,0.75,0.99,-16.12,True
1.02,0.005,1.01,0.1,0.1,0.5,0.5,1.16,-14.85,True
1.02,0.005,1.01,0.1,0.1,0.75,0.25,1.32,-13.52,True
1.02,0.005,1.01,0.1,0.1,1.0,0.0,1.49,-12.14,True
1.02,0.005,1.01,0.1,0.2,0.0,1.0,3.3,-17.74,True
1.02,0.005,1.01,0.1,0.2,0.25,0.75,3.37,-17.38,True
1.02,0.005,1.01,0.1,0.2,0.5,0.5,3.45,-17.04,True
1.02,0.005,1.01,0.1,0.2,0.75,0.25,3.53,-16.68,True
1.02,0.005,1.01,0.1,0.2,1.0,0.0,3.63,-16.3,True
1.02,0.005,1.01,0.1,0.3,0.0,1.0,4.95,-20.99,True
1.02,0.005,1.01,0.1,0.3,0.25,0.75,4.99,-20.37,True
1.02,0.005,1.01,0.1,0.3,0.5,0.5,5.03,-19.76,True
1.02,0.005,1.01,0.1,0.3,0.75,0.25,5.09,-19.15,True
1.02,0.005,1.01,0.1,0.3,1.0,0.0,5.15,-18.55,True
1.02,0.005,1.01,0.2,0.0,0.0,1.0,-6.25,-36.12,True
1.02,0.005,1.01,0.2,0.0,0.25,0.75,-5.55,-33.28,True
1.02,0.005,1.01,0.2,0.0,0.5,0.5,-4.86,-30.34,True
1.02,0.005,1.01,0.2,0.0,0.75,0.25,-4.18,-27.3,True
1.02,0.005,1.01,0.2,0.0,1.0,0.0,-3.53,-24.14,True
1.02,0.005,1.01,0.2,0.1,0.0,1.0,0.61,-25.82,True
1.02,0.005,1.01,0.2,0.1,0.25,0.75,0.74,-24.02,True
1.02,0.005,1.01,0.2,0.1,0.5,0.5,0.91,-22.15,True
1.02,0.005,1.01,0.2,0.1,0.75,0.25,1.1,-20.2,True
1.02,0.005,1.01,0.2,0.1,1.0,0.0,1.3,-18.16,True
1.02,0.005,1.01,0.2,0.2,0.0,1.0,3.31,-24.48,True
1.02,0.005,1.01,0.2,0.2,0.25,0.75,3.38,-23.08,True
1.02,0.005,1.01,0.2,0.2,0.5,0.5,3.46,-21.56,True
1.02,0.005,1.01,0.2,0.2,0.75,0.25,3.54,-19.92,True
1.02,0.005,1.01,0.2,0.2,1.0,0.0,3.64,-18.16,True
1.02,0.005,1.01,0.2,0.3,0.0,1.0,4.94,-23.16,True
1.02,0.005,1.01,0.2,0.3,0.25,0.75,5.0,-22.37,True
1.02,0.005,1.01,0.2,0.3,0.5,0.5,5.06,-21.57,True
1.02,0.005,1.01,0.2,0.3,0.75,0.25,5.13,-20.75,True
1.02,0.005,1.01,0.2,0.3,1.0,0.0,5.21,-19.93,True
1.02,0.005,1.01,0.3,0.0,0.0,1.0,-6.86,-36.29,True
1.02,0.005,1.01,0.3,0.0,0.25,0.75,-6.04,-33.41,True
1.02,0.005,1.01,0.3,0.0,0.5,0.5,-5.26,-30.42,True
1.02,0.005,1.01,0.3,0.0,0.75,0.25,-4.49,-27.31,True
1.02,0.005,1.01,0.3,0.0,1.0,0.0,-3.76,-24.08,True
1.02,0.005,1.01,0.3,0.1,0.0,1.0,0.69,-31.21,True
1.02,0.005,1.01,0.3,0.1,0.25,0.75,0.83,-29.25,True
1.02,0.005,1.01,0.3,0.1,0.5,0.5,0.97,-27.16,True
1.02,0.005,1.01,0.3,0.1,0.75,0.25,1.14,-24.94,True
1.02,0.005,1.01,0.3,0.1,1.0,0.0,1.33,-22.57,True
1.02,0.005,1.01,0.3,0.2,0.0,1.0,3.31,-27.85,True
1.02,0.005,1.01,0.3,0.2,0.25,0.75,3.4,-26.49,True
1.02,0.005,1.01,0.3,0.2,0.5,0.5,3.5,-24.94,True
1.02,0.005,1.01,0.3,0.2,0.75,0.25,3.62,-23.2,True
1.02,0.005,1.01,0.3,0.2,1.0,0.0,3.74,-21.24,True
1.02,0.005,1.01,0.3,0.3,0.0,1.0,4.97,-24.43,True
1.02,0.005,1.01,0.3,0.3,0.25,0.75,5.03,-23.3,True
1.02,0.005,1.01,0.3,0.3,0.5,0.5,5.1,-22.03,True
1.02,0.005,1.01,0.3,0.3,0.75,0.25,5.17,-20.6,True
1.02,0.005,1.01,0.3,0.3,1.0,0.0,5.25,-19.63,True
1.02,0.005,1.01,0.4,0.0,0.0,1.0,-6.89,-38.27,True
1.02,0.005,1.01,0.4,0.0,0.25,0.75,-6.04,-35.67,True
1.02,0.005,1.01,0.4,0.0,0.5,0.5,-5.22,-32.95,True
1.02,0.005,1.01,0.4,0.0,0.75,0.25,-4.43,-30.08,True
1.02,0.005,1.01,0.4,0.0,1.0,0.0,-3.67,-27.06,True
1.02,0.005,1.01,0.4,0.1,0.0,1.0,0.76,-34.34,True
1.02,0.005,1.01,0.4,0.1,0.25,0.75,0.94,-32.37,True
1.02,0.005,1.01,0.4,0.1,0.5,0.5,1.12,-30.22,True
1.02,0.005,1.01,0.4,0.1,0.75,0.25,1.31,-27.89,True
1.02,0.005,1.01,0.4,0.1,1.0,0.0,1.5,-25.36,True
1.02,0.005,1.01,0.4,0.2,0.0,1.0,3.37,-29.99,True
1.02,0.005,1.01,0.4,0.2,0.25,0.75,3.46,-28.41,True
1.02,0.005,1.01,0.4,0.2,0.5,0.5,3.57,-26.65,True
1.02,0.005,1.01,0.4,0.2,0.75,0.25,3.69,-24.73,True
1.02,0.005,1.01,0.4,0.2,1.0,0.0,3.82,-22.63,True
1.02,0.005,1.01,0.4,0.3,0.0,1.0,5.0,-26.88,True
1.02,0.005,1.01,0.4,0.3,0.25,0.75,5.07,-25.51,True
1.02,0.005,1.01,0.4,0.3,0.5,0.5,5.14,-23.96,True
1.02,0.005,1.01,0.4,0.3,0.75,0.25,5.22,-22.31,True
1.02,0.005,1.01,0.4,0.3,1.0,0.0,5.31,-20.5,True
1.02,0.005,1.02,0.1,0.0,0.0,1.0,-1.01,-24.31,True
1.02,0.005,1.02,0.1,0.0,0.25,0.75,-0.84,-22.37,True
1.02,0.005,1.02,0.1,0.0,0.5,0.5,-0.68,-20.38,True
1.02,0.005,1.02,0.1,0.0,0.75,0.25,-0.54,-18.36,True
1.02,0.005,1.02,0.1,0.0,1.0,0.0,-0.4,-16.31,True
1.02,0.005,1.02,0.1,0.1,0.0,1.0,1.82,-14.97,True
1.02,0.005,1.02,0.1,0.1,0.25,0.75,1.93,-13.59,True
1.02,0.005,1.02,0.1,0.1,0.5,0.5,2.04,-12.12,True
1.02,0.005,1.02,0.1,0.1,0.75,0.25,2.15,-10.57,True
1.02,0.005,1.02,0.1,0.1,1.0,0.0,2.25,-8.94,True
1.02,0.005,1.02,0.1,0.2,0.0,1.0,3.67,-13.98,True
1.02,0.005,1.02,0.1,0.2,0.25,0.75,3.76,-13.84,True
1.02,0.005,1.02,0.1,0.2,0.5,0.5,3.84,-13.72,True
1.02,0.005,1.02,0.1,0.2,0.75,0.25,3.93,-13.62,True
1.02,0.005,1.02,0.1,0.2,1.0,0.0,4.02,-13.55,True
1.02,0.005,1.02,0.1,0.3,0.0,1.0,5.11,-18.31,True
1.02,0.005,1.02,0.1,0.3,0.25,0.75,5.17,-17.98,True
1.02,0.005,1.02,0.1,0.3,0.5,0.5,5.22,-17.65,True
1.02,0.005,1.02,0.1,0.3,0.75,0.25,5.28,-17.33,True
1.02,0.005,1.02,0.1,0.3,1.0,0.0,5.34,-17.02,True
1.02,0.005,1.02,0.2,0.0,0.0,1.0,-3.15,-35.6,True
1.02,0.005,1.02,0.2,0.0,0.25,0.75,-2.73,-32.9,True
1.02,0.005,1.02,0.2,0.0,0.5,0.5,-2.32,-30.11,True
1.02,0.005,1.02,0.2,0.0,0.75,0.25,-1.94,-27.23,True
1.02,0.005,1.02,0.2,0.0,1.0,0.0,-1.57,-24.25,True
1.02,0.005,1.02,0.2,0.1,0.0,1.0,1.15,-17.36,True
1.02,0.005,1.02,0.2,0.1,0.25,0.75,1.32,-16.12,True
1.02,0.005,1.02,0.2,0.1,0.5,0.5,1.49,-14.84,True
1.02,0.005,1.02,0.2,0.1,0.75,0.25,1.67,-13.52,True
1.02,0.005,1.02,0.2,0.1,1.0,0.0,1.85,-12.15,True
1.02,0.005,1.02,0.2,0.2,0.0,1.0,3.47,-17.4,True
1.02,0.005,1.02,0.2,0.2,0.25,0.75,3.56,-16.21,True
1.02,0.005,1.02,0.2,0.2,0.5,0.5,3.66,-15.29,True
1.02,0.005,1.02,0.2,0.2,0.75,0.25,3.76,-14.74,True
1.02,0.005,1.02,0.2,0.2,1.0,0.0,3.87,-14.21,True
1.02,0.005,1.02,0.2,0.3,0.0,1.0,5.02,-20.71,True
1.02,0.005,1.02,0.2,0.3,0.25,0.75,5.08,-20.11,True
1.02,0.005,1.02,0.2,0.3,0.5,0.5,5.15,-19.53,True
1.02,0.005,1.02,0.2,0.3,0.75,0.25,5.23,-18.95,True
1.02,0.005,1.02,0.2,0.3,1.0,0.0,5.3,-18.38,True
1.02,0.005,1.02,0.3,0.0,0.0,1.0,-3.91,-37.55,True
1.02,0.005,1.02,0.3,0.0,0.25,0.75,-3.38,-34.72,True
1.02,0.005,1.02,0.3,0.0,0.5,0.5,-2.87,-31.77,True
1.02,0.005,1.02,0.3,0.0,0.75,0.25,-2.38,-28.71,True
1.02,0.005,1.02,0.3,0.0,1.0,0.0,-1.93,-25.54,True
1.02,0.005,1.02,0.3,0.1,0.0,1.0,1.0,-21.96,True
1.02,0.005,1.02,0.3,0.1,0.25,0.75,1.17,-20.4,True
1.02,0.005,1.02,0.3,0.1,0.5,0.5,1.36,-18.79,True
1.02,0.005,1.02,0.3,0.1,0.75,0.25,1.55,-17.12,True
1.02,0.005,1.02,0.3,0.1,1.0,0.0,1.75,-15.39,True
1.02,0.005,1.02,0.3,0.2,0.0,1.0,3.43,-21.61,True
1.02,0.005,1.02,0.3,0.2,0.25,0.75,3.53,-20.13,True
1.02,0.005,1.02,0.3,0.2,0.5,0.5,3.65,-18.6,True
1.02,0.005,1.02,0.3,0.2,0.75,0.25,3.78,-17.01,True
1.02,0.005,1.02,0.3,0.2,1.0,0.0,3.89,-15.37,True
1.02,0.005,1.02,0.3,0.3,0.0,1.0,5.03,-21.64,True
1.02,0.005,1.02,0.3,0.3,0.25,0.75,5.09,-20.95,True
1.02,0.005,1.02,0.3,0.3,0.5,0.5,5.16,-20.25,True
1.02,0.005,1.02,0.3,0.3,0.75,0.25,5.24,-19.57,True
1.02,0.005,1.02,0.3,0.3,1.0,0.0,5.32,-18.89,True
1.02,0.005,1.02,0.4,0.0,0.0,1.0,-4.27,-40.99,False
1.02,0.005,1.02,0.4,0.0,0.25,0.75,-3.67,-37.96,True
1.02,0.005,1.02,0.4,0.0,0.5,0.5,-3.1,-34.8,True
1.02,0.005,1.02,0.4,0.0,0.75,0.25,-2.56,-31.5,True
1.02,0.005,1.02,0.4,0.0,1.0,0.0,-2.06,-28.04,True
1.02,0.005,1.02,0.4,0.1,0.0,1.0,1.07,-25.69,True
1.02,0.005,1.02,0.4,0.1,0.25,0.75,1.24,-23.87,True
1.02,0.005,1.02,0.4,0.1,0.5,0.5,1.42,-22.0,True
1.02,0.005,1.02,0.4,0.1,0.75,0.25,1.62,-20.05,True
1.02,0.005,1.02,0.4,0.1,1.0,0.0,1.82,-18.02,True
1.02,0.005,1.02,0.4,0.2,0.0,1.0,3.48,-24.66,True
1.02,0.005,1.02,0.4,0.2,0.25,0.75,3.58,-22.96,True
1.02,0.005,1.02,0.4,0.2,0.5,0.5,3.7,-21.19,True
1.02,0.005,1.02,0.4,0.2,0.75,0.25,3.82,-19.36,True
1.02,0.005,1.02,0.4,0.2,1.0,0.0,3.94,-17.46,True
1.02,0.005,1.02,0.4,0.3,0.0,1.0,5.07,-23.41,True
1.02,0.005,1.02,0.4,0.3,0.25,0.75,5.14,-21.82,True
1.02,0.005,1.02,0.4,0.3,0.5,0.5,5.21,-20.18,True
1.02,0.005,1.02,0.4,0.3,0.75,0.25,5.29,-19.33,True
1.02,0.005,1.02,0.4,0.3,1.0,0.0,5.37,-18.61,True
1.02,0.01,0.95,0.1,0.0,0.0,1.0,0.52,-32.77,True
1.02,0.01,0.95,0.1,0.0,0.25,0.75,0.88,-30.07,True
1.02,0.01,0.95,0.1,0.0,0.5,0.5,1.21,-27.3,True
1.02,0.01,0.95,0.1,0.0,0.75,0.25,1.51,-24.47,True
1.02,0.01,0.95,0.1,0.0,1.0,0.0,1.78,-21.58,True
1.02,0.01,0.95,0.1,0.1,0.0,1.0,3.18,-28.84,True
1.02,0.01,0.95,0.1,0.1,0.25,0.75,3.37,-26.32,True
1.02,0.01,0.95,0.1,0.1,0.5,0.5,3.56,-23.76,True
1.02,0.01,0.95,0.1,0.1,0.75,0.25,3.74,-21.14,True
1.02,0.01,0.95,0.1,0.1,1.0,0.0,3.9,-18.48,True
1.02,0.01,0.95,0.1,0.2,0.0,1.0,4.73,-25.35,True
1.02,0.01,0.95,0.1,0.2,0.25,0.75,4.87,-23.03,True
1.02,0.01,0.95,0.1,0.2,0.5,0.5,5.01,-20.67,True
1.02,0.01,0.95,0.1,0.2,0.75,0.25,5.14,-18.26,True
1.02,0.01,0.95,0.1,0.2,1.0,0.0,5.25,-15.82,True
1.02,0.01,0.95,0.1,0.3,0.0,1.0,5.85,-22.23,True
1.02,0.01,0.95,0.1,0.3,0.25,0.75,5.95,-20.1,True
1.02,0.01,0.95,0.1,0.3,0.5,0.5,6.06,-17.93,True
1.02,0.01,0.95,0.1,0.3,0.75,0.25,6.17,-16.68,True
1.02,0.01,0.95,0.1,0.3,1.0,0.0,6.25,-16.25,True
1.02,0.01,0.95,0.2,0.0,0.0,1.0,0.38,-36.38,True
1.02,0.01,0.95,0.2,0.0,0.25,0.75,0.88,-33.44,True
1.02,0.01,0.95,0.2,0.0,0.5,0.5,1.35,-30.41,True
1.02,0.01,0.95,0.2,0.0,0.75,0.25,1.77,-27.28,True
1.02,0.01,0.95,0.2,0.0,1.0,0.0,2.14,-24.06,True
1.02,0.01,0.95,0.2,0.1,0.0,1.0,2.91,-32.04,True
1.02,0.01,0.95,0.2,0.1,0.25,0.75,3.2,-29.31,True
1.02,0.01,0.95,0.2,0.1,0.5,0.5,3.48,-26.51,True
1.02,0.01,0.95,0.2,0.1,0.75,0.25,3.74,-23.64,True
1.02,0.01,0.95,0.2,0.1,1.0,0.0,3.97,-20.68,True
1.02,0.01,0.95,0.2,0.2,0.0,1.0,4.48,-27.51,True
1.02,0.01,0.95,0.2,0.2,0.25,0.75,4.67,-25.03,True
1.02,0.01,0.95,0.2,0.2,0.5,0.5,4.86,-22.49,True
1.02,0.01,0.95,0.2,0.2,0.75,0.25,5.05,-19.88,True
1.02,0.01,0.95,0.2,0.2,1.0,0.0,5.23,-17.2,True
1.02,0.01,0.95,0.2,0.3,0.0,1.0,5.7,-23.01,True
1.02,0.01,0.95,0.2,0.3,0.25,0.75,5.84,-20.79,True
1.02,0.01,0.95,0.2,0.3,0.5,0.5,5.98,-19.4,True
1.02,0.01,0.95,0.2,0.3,0.75,0.25,6.11,-18.65,True
1.02,0.01,0.95,0.2,0.3,1.0,0.0,6.25,-17.92,True
1.02,0.01,0.95,0.3,0.0,0.0,1.0,0.02,-34.69,True
1.02,0.01,0.95,0.3,0.0,0.25,0.75,0.62,-31.83,True
1.02,0.01,0.95,0.3,0.0,0.5,0.5,1.16,-28.87,True
1.02,0.01,0.95,0.3,0.0,0.75,0.25,1.66,-25.8,True
1.02,0.01,0.95,0.3,0.0,1.0,0.0,2.09,-22.63,True
1.02,0.01,0.95,0.3,0.1,0.0,1.0,2.71,-30.03,True
1.02,0.01,0.95,0.3,0.1,0.25,0.75,3.02,-27.38,True
1.02,0.01,0.95,0.3,0.1,0.5,0.5,3.34,-24.65,True
1.02,0.01,0.95,0.3,0.1,0.75,0.25,3.65,-21.83,True
1.02,0.01,0.95,0.3,0.1,1.0,0.0,3.94,-18.92,True
1.02,0.01,0.95,0.3,0.2,0.0,1.0,4.45,-25.24,True
1.02,0.01,0.95,0.3,0.2,0.25,0.75,4.65,-22.83,True
1.02,0.01,0.95,0.3,0.2,0.5,0.5,4.86,-20.35,True
1.02,0.01,0.95,0.3,0.2,0.75,0.25,5.06,-17.8,True
1.02,0.01,0.95,0.3,0.2,1.0,0.0,5.25,-15.19,True
1.02,0.01,0.95,0.3,0.3,0.0,1.0,5.71,-22.52,True
1.02,0.01,0.95,0.3,0.3,0.25,0.75,5.86,-21.55,True
1.02,0.01,0.95,0.3,0.3,0.5,0.5,6.01,-20.61,True
1.02,0.01,0.95,0.3,0.3,0.75,0.25,6.15,-19.7,True
1.02,0.01,0.95,0.3,0.3,1.0,0.0,6.29,-18.82,True
1.02,0.01,0.95,0.4,0.0,0.0,1.0,-0.13,-31.67,True
1.02,0.01,0.95,0.4,0.0,0.25,0.75,0.52,-28.93,True
1.02,0.01,0.95,0.4,0.0,0.5,0.5,1.11,-26.11,True
1.02,0.01,0.95,0.4,0.0,0.75,0.25,1.64,-23.18,True
1.02,0.01,0.95,0.4,0.0,1.0,0.0,2.13,-20.14,True
1.02,0.01,0.95,0.4,0.1,0.0,1.0,2.69,-26.96,True
1.02,0.01,0.95,0.4,0.1,0.25,0.75,3.02,-24.44,True
1.02,0.01,0.95,0.4,0.1,0.5,0.5,3.35,-21.84,True
1.02,0.01,0.95,0.4,0.1,0.75,0.25,3.67,-19.64,True
1.02,0.01,0.95,0.4,0.1,1.0,0.0,3.97,-17.41,True
1.02,0.01,0.95,0.4,0.2,0.0,1.0,4.47,-23.3,True
1.02,0.01,0.95,0.4,0.2,0.25,0.75,4.69,-21.4,True
1.02,0.01,0.95,0.4,0.2,0.5,0.5,4.89,-19.46,True
1.02,0.01,0.95,0.4,0.2,0.75,0.25,5.1,-17.5,True
1.02,0.01,0.95,0.4,0.2,1.0,0.0,5.3,-16.29,True
1.02,0.01,0.95,0.4,0.3,0.0,1.0,5.69,-24.67,True
1.02,0.01,0.95,0.4,0.3,0.25,0.75,5.84,-23.52,True
1.02,0.01,0.95,0.4,0.3,0.5,0.5,6.0,-22.39,True
1.02,0.01,0.95,0.4,0.3,0.75,0.25,6.16,-21.3,True
1.02,0.01,0.95,0.4,0.3,1.0,0.0,6.31,-20.23,True
1.02,0.01,0.97,0.1,0.0,0.0,1.0,-1.26,-26.91,True
1.02,0.01,0.97,0.1,0.0,0.25,0.75,-0.84,-24.97,True
1.02,0.01,0.97,0.1,0.0,0.5,0.5,-0.46,-22.9,True
1.02,0.01,0.97,0.1,0.0,0.75,0.25,-0.1,-20.69,True
1.02,0.01,0.97,0.1,0.0,1.0,0.0,0.23,-18.32,True
1.02,0.01,0.97,0.1,0.1,0.0,1.0,2.08,-23.58,True
1.02,0.01,0.97,0.1,0.1,0.25,0.75,2.29,-21.83,True
1.02,0.01,0.97,0.1,0.1,0.5,0.5,2.5,-20.06,True
1.02,0.01,0.97,0.1,0.1,0.75,0.25,2.7,-18.26,True
1.02,0.01,0.97,0.1,0.1,1.0,0.0,2.89,-16.43,True
1.02,0.01,0.97,0.1,0.2,0.0,1.0,4.08,-21.65,True
1.02,0.01,0.97,0.1,0.2,0.25,0.75,4.18,-20.05,True
1.02,0.01,0.97,0.1,0.2,0.5,0.5,4.29,-18.43,True
1.02,0.01,0.97,0.1,0.2,0.75,0.25,4.41,-16.78,True
1.02,0.01,0.97,0.1,0.2,1.0,0.0,4.53,-15.12,True
1.02,0.01,0.97,0.1,0.3,0.0,1.0,5.58,-19.72,True
1.02,0.01,0.97,0.1,0.3,0.25,0.75,5.65,-18.27,True
1.02,0.01,0.97,0.1,0.3,0.5,0.5,5.72,-16.8,True
1.02,0.01,0.97,0.1,0.3,0.75,0.25,5.8,-16.45,True
1.02,0.01,0.97,0.1,0.3,1.0,0.0,5.87,-16.15,True
1.02,0.01,0.97,0.2,0.0,0.0,1.0,-2.38,-32.79,True
1.02,0.01,0.97,0.2,0.0,0.25,0.75,-1.75,-30.46,True
1.02,0.01,0.97,0.2,0.0,0.5,0.5,-1.15,-27.99,True
1.02,0.01,0.97,0.2,0.0,0.75,0.25,-0.6,-25.37,True
1.02,0.01,0.97,0.2,0.0,1.0,0.0,-0.1,-22.56,True
1.02,0.01,0.97,0.2,0.1,0.0,1.0,2.11,-27.95,True
1.02,0.01,0.97,0.2,0.1,0.25,0.75,2.31,-25.95,True
1.02,0.01,0.97,0.2,0.1,0.5,0.5,2.52,-23.9,True
1.02,0.01,0.97,0.2,0.1,0.75,0.25,2.73,-21.79,True
1.02,0.01,0.97,0.2,0.1,1.0,0.0,2.94,-19.65,True
1.02,0.01,0.97,0.2,0.2,0.0,1.0,4.26,-25.61,True
1.02,0.01,0.97,0.2,0.2,0.25,0.75,4.38,-23.76,True
1.02,0.01,0.97,0.2,0.2,0.5,0.5,4.51,-21.86,True
1.02,0.01,0.97,0.2,0.2,0.75,0.25,4.64,-19.92,True
1.02,0.01,0.97,0.2,0.2,1.0,0.0,4.78,-17.94,True
1.02,0.01,0.97,0.2,0.3,0.0,1.0,5.68,-23.11,True
1.02,0.01,0.97,0.2,0.3,0.25,0.75,5.79,-21.46,True
1.02,0.01,0.97,0.2,0.3,0.5,0.5,5.88,-19.76,True
1.02,0.01,0.97,0.2,0.3,0.75,0.25,5.96,-18.0,True
1.02,0.01,0.97,0.2,0.3,1.0,0.0,6.04,-17.35,True
1.02,0.01,0.97,0.3,0.0,0.0,1.0,-2.05,-34.62,True
1.02,0.01,0.97,0.3,0.0,0.25,0.75,-1.38,-32.16,True
1.02,0.01,0.97,0.3,0.0,0.5,0.5,-0.76,-29.55,True
1.02,0.01,0.97,0.3,0.0,0.75,0.25,-0.19,-26.79,True
1.02,0.01,0.97,0.3,0.0,1.0,0.0,0.33,-23.83,True
1.02,0.01,0.97,0.3,0.1,0.0,1.0,2.41,-30.81,True
1.02,0.01,0.97,0.3,0.1,0.25,0.75,2.65,-28.59,True
1.02,0.01,0.97,0.3,0.1,0.5,0.5,2.89,-26.3,True
1.02,0.01,0.97,0.3,0.1,0.75,0.25,3.14,-23.95,True
1.02,0.01,0.97,0.3,0.1,1.0,0.0,3.37,-21.53,True
1.02,0.01,0.97,0.3,0.2,0.0,1.0,4.5,-26.79,True
1.02,0.01,0.97,0.3,0.2,0.25,0.75,4.67,-24.83,True
1.02,0.01,0.97,0.3,0.2,0.5,0.5,4.8,-22.81,True
1.02,0.01,0.97,0.3,0.2,0.75,0.25,4.93,-20.74,True
1.02,0.01,0.97,0.3,0.2,1.0,0.0,5.06,-18.61,True
1.02,0.01,0.97,0.3,0.3,0.0,1.0,5.87,-23.14,True
1.02,0.01,0.97,0.3,0.3,0.25,0.75,5.99,-21.42,True
1.02,0.01,0.97,0.3,0.3,0.5,0.5,6.1,-19.64,True
1.02,0.01,0.97,0.3,0.3,0.75,0.25,6.2,-18.66,True
1.02,0.01,0.97,0.3,0.3,1.0,0.0,6.3,-17.98,True
1.02,0.01,0.97,0.4,0.0,0.0,1.0,-1.34,-34.43,True
1.02,0.01,0.97,0.4,0.0,0.25,0.75,-0.69,-31.93,True
1.02,0.01,0.97,0.4,0.0,0.5,0.5,-0.09,-29.36,True
1.02,0.01,0.97,0.4,0.0,0.75,0.25,0.45,-26.73,True
1.02,0.01,0.97,0.4,0.0,1.0,0.0,0.94,-24.04,True
1.02,0.01,0.97,0.4,0.1,0.0,1.0,2.75,-30.23,True
1.02,0.01,0.97,0.4,0.1,0.25,0.75,2.99,-28.0,True
1.02,0.01,0.97,0.4,0.1,0.5,0.5,3.23,-25.71,True
1.02,0.01,0.97,0.4,0.1,0.75,0.25,3.47,-23.36,True
1.02,0.01,0.97,0.4,0.1,1.0,0.0,3.69,-20.95,True
1.02,0.01,0.97,0.4,0.2,0.0,1.0,4.72,-26.36,True
1.02,0.01,0.97,0.4,0.2,0.25,0.75,4.89,-24.37,True
1.02,0.01,0.97,0.4,0.2,0.5,0.5,5.05,-22.33,True
1.02,0.01,0.97,0.4,0.2,0.75,0.25,5.21,-20.25,True
1.02,0.01,0.97,0.4,0.2,1.0,0.0,5.34,-18.11,True
1.02,0.01,0.97,0.4,0.3,0.0,1.0,5.94,-22.68,True
1.02,0.01,0.97,0.4,0.3,0.25,0.75,6.07,-21.75,True
1.02,0.01,0.97,0.4,0.3,0.5,0.5,6.2,-20.85,True
1.02,0.01,0.97,0.4,0.3,0.75,0.25,6.32,-19.99,True
1.02,0.01,0.97,0.4,0.3,1.0,0.0,6.42,-19.16,True
1.02,0.01,0.99,0.1,0.0,0.0,1.0,-0.81,-24.12,True
1.02,0.01,0.99,0.1,0.0,0.25,0.75,-0.57,-21.82,True
1.02,0.01,0.99,0.1,0.0,0.5,0.5,-0.34,-19.48,True
1.02,0.01,0.99,0.1,0.0,0.75,0.25,-0.12,-17.09,True
1.02,0.01,0.99,0.1,0.0,1.0,0.0,0.09,-14.64,True
1.02,0.01,0.99,0.1,0.1,0.0,1.0,2.32,-12.69,True
1.02,0.01,0.99,0.1,0.1,0.25,0.75,2.44,-11.6,True
1.02,0.01,0.99,0.1,0.1,0.5,0.5,2.54,-10.48,True
1.02,0.01,0.99,0.1,0.1,0.75,0.25,2.64,-9.41,True
1.02,0.01,0.99,0.1,0.1,1.0,0.0,2.75,-8.63,True
1.02,0.01,0.99,0.1,0.2,0.0,1.0,4.12,-13.37,True
1.02,0.01,0.99,0.1,0.2,0.25,0.75,4.19,-13.13,True
1.02,0.01,0.99,0.1,0.2,0.5,0.5,4.27,-12.92,True
1.02,0.01,0.99,0.1,0.2,0.75,0.25,4.34,-12.74,True
1.02,0.01,0.99,0.1,0.2,1.0,0.0,4.41,-12.59,True
1.02,0.01,0.99,0.1,0.3,0.0,1.0,5.54,-15.98,True
1.02,0.01,0.99,0.1,0.3,0.25,0.75,5.58,-15.75,True
1.02,0.01,0.99,0.1,0.3,0.5,0.5,5.62,-15.54,True
1.02,0.01,0.99,0.1,0.3,0.75,0.25,5.67,-15.36,True
1.02,0.01,0.99,0.1,0.3,1.0,0.0,5.71,-15.21,True
1.02,0.01,0.99,0.2,0.0,0.0,1.0,-0.7,-31.99,True
1.02,0.01,0.99,0.2,0.0,0.25,0.75,-0.35,-28.99,True
1.02,0.01,0.99,0.2,0.0,0.5,0.5,-0.03,-25.91,True
1.02,0.01,0.99,0.2,0.0,0.75,0.25,0.26,-22.73,True
1.02,0.01,0.99,0.2,0.0,1.0,0.0,0.54,-19.47,True
1.02,0.01,0.99,0.2,0.1,0.0,1.0,2.46,-18.37,True
1.02,0.01,0.99,0.2,0.1,0.25,0.75,2.63,-16.91,True
1.02,0.01,0.99,0.2,0.1,0.5,0.5,2.81,-15.42,True
1.02,0.01,0.99,0.2,0.1,0.75,0.25,2.97,-13.92,True
1.02,0.01,0.99,0.2,0.1,1.0,0.0,3.11,-12.4,True
1.02,0.01,0.99,0.2,0.2,0.0,1.0,4.36,-17.66,True
1.02,0.01,0.99,0.2,0.2,0.25,0.75,4.46,-16.22,True
1.02,0.01,0.99,0.2,0.2,0.5,0.5,4.56,-14.76,True
1.02,0.01,0.99,0.2,0.2,0.75,0.25,4.66,-13.3,True
1.02,0.01,0.99,0.2,0.2,1.0,0.0,4.76,-12.79,True
1.02,0.01,0.99,0.2,0.3,0.0,1.0,5.77,-16.67,True
1.02,0.01,0.99,0.2,0.3,0.25,0.75,5.84,-16.37,True
1.02,0.01,0.99,0.2,0.3,0.5,0.5,5.9,-16.08,True
1.02,0.01,0.99,0.2,0.3,0.75,0.25,5.96,-15.8,True
1.02,0.01,0.99,0.2,0.3,1.0,0.0,6.02,-15.53,True
1.02,0.01,0.99,0.3,0.0,0.0,1.0,-0.29,-37.23,True
1.02,0.01,0.99,0.3,0.0,0.25,0.75,0.08,-33.94,True
1.02,0.01,0.99,0.3,0.0,0.5,0.5,0.42,-30.53,True
1.02,0.01,0.99,0.3,0.0,0.75,0.25,0.74,-26.99,True
1.02,0.01,0.99,0.3,0.0,1.0,0.0,1.02,-23.32,True
1.02,0.01,0.99,0.3,0.1,0.0,1.0,2.72,-21.48,True
1.02,0.01,0.99,0.3,0.1,0.25,0.75,2.9,-19.71,True
1.02,0.01,0.99,0.3,0.1,0.5,0.5,3.08,-17.93,True
1.02,0.01,0.99,0.3,0.1,0.75,0.25,3.25,-16.13,True
1.02,0.01,0.99,0.3,0.1,1.0,0.0,3.41,-14.31,True
1.02,0.01,0.99,0.3,0.2,0.0,1.0,4.59,-19.54,True
1.02,0.01,0.99,0.3,0.2,0.25,0.75,4.69,-17.9,True
1.02,0.01,0.99,0.3,0.2,0.5,0.5,4.79,-16.26,True
1.02,0.01,0.99,0.3,0.2,0.75,0.25,4.88,-14.61,True
1.02,0.01,0.99,0.3,0.2,1.0,0.0,4.97,-12.95,True
1.02,0.01,0.99,0.3,0.3,0.0,1.0,5.83,-18.41,True
1.02,0.01,0.99,0.3,0.3,0.25,0.75,5.93,-17.94,True
1.02,0.01,0.99,0.3,0.3,0.5,0.5,6.02,-17.48,True
1.02,0.01,0.99,0.3,0.3,0.75,0.25,6.1,-17.03,True
1.02,0.01,0.99,0.3,0.3,1.0,0.0,6.17,-16.59,True
1.02,0.01,0.99,0.4,0.0,0.0,1.0,-0.21,-38.9,True
1.02,0.01,0.99,0.4,0.0,0.25,0.75,0.2,-35.54,True
1.02,0.01,0.99,0.4,0.0,0.5,0.5,0.58,-32.05,True
1.02,0.01,0.99,0.4,0.0,0.75,0.25,0.92,-28.4,True
1.02,0.01,0.99,0.4,0.0,1.0,0.0,1.22,-24.61,True
1.02,0.01,0.99,0.4,0.1,0.0,1.0,2.81,-22.13,True
1.02,0.01,0.99,0.4,0.1,0.25,0.75,2.99,-20.33,True
1.02,0.01,0.99,0.4,0.1,0.5,0.5,3.17,-18.5,True
1.02,0.01,0.99,0.4,0.1,0.75,0.25,3.34,-16.65,True
1.02,0.01,0.99,0.4,0.1,1.0,0.0,3.49,-14.79,True
1.02,0.01,0.99,0.4,0.2,0.0,1.0,4.63,-20.17,True
1.02,0.01,0.99,0.4,0.2,0.25,0.75,4.77,-18.48,True
1.02,0.01,0.99,0.4,0.2,0.5,0.5,4.9,-16.79,True
1.02,0.01,0.99,0.4,0.2,0.75,0.25,5.02,-15.09,True
1.02,0.01,0.99,0.4,0.2,1.0,0.0,5.11,-14.2,True
1.02,0.01,0.99,0.4,0.3,0.0,1.0,5.82,-20.64,True
1.02,0.01,0.99,0.4,0.3,0.25,0.75,5.92,-19.97,True
1.02,0.01,0.99,0.4,0.3,0.5,0.5,6.01,-19.31,True
1.02,0.01,0.99,0.4,0.3,0.75,0.25,6.1,-18.67,True
1.02,0.01,0.99,0.4,0.3,1.0,0.0,6.18,-18.05,True
1.02,0.01,1.0,0.1,0.0,0.0,1.0,-1.1,-27.17,True
1.02,0.01,1.0,0.1,0.0,0.25,0.75,-0.91,-25.02,True
1.02,0.01,1.0,0.1,0.0,0.5,0.5,-0.72,-22.83,True
1.02,0.01,1.0,0.1,0.0,0.75,0.25,-0.54,-20.59,True
1.02,0.01,1.0,0.1,0.0,1.0,0.0,-0.37,-18.3,True
1.02,0.01,1.0,0.1,0.1,0.0,1.0,1.83,-20.6,True
1.02,0.01,1.0,0.1,0.1,0.25,0.75,1.93,-18.99,True
1.02,0.01,1.0,0.1,0.1,0.5,0.5,2.03,-17.24,True
1.02,0.01,1.0,0.1,0.1,0.75,0.25,2.13,-15.38,True
1.02,0.01,1.0,0.1,0.1,1.0,0.0,2.24,-13.35,True
1.02,0.01,1.0,0.1,0.2,0.0,1.0,3.91,-13.37,True
1.02,0.01,1.0,0.1,0.2,0.25,0.75,3.97,-13.2,True
1.02,0.01,1.0,0.1,0.2,0.5,0.5,4.02,-13.05,True
1.02,0.01,1.0,0.1,0.2,0.75,0.25,4.07,-12.94,True
1.02,0.01,1.0,0.1,0.2,1.0,0.0,4.12,-12.84,True
1.02,0.01,1.0,0.1,0.3,0.0,1.0,5.37,-16.3,True
1.02,0.01,1.0,0.1,0.3,0.25,0.75,5.4,-16.07,True
1.02,0.01,1.0,0.1,0.3,0.5,0.5,5.43,-15.89,True
1.02,0.01,1.0,0.1,0.3,0.75,0.25,5.46,-15.74,True
1.02,0.01,1.0,0.1,0.3,1.0,0.0,5.49,-15.63,True
1.02,0.01,1.0,0.2,0.0,0.0,1.0,-1.89,-44.42,False
1.02,0.01,1.0,0.2,0.0,0.25,0.75,-1.53,-41.2,False
1.02,0.01,1.0,0.2,0.0,0.5,0.5,-1.2,-37.86,True
1.02,0.01,1.0,0.2,0.0,0.75,0.25,-0.88,-34.38,True
1.02,0.01,1.0,0.2,0.0,1.0,0.0,-0.59,-30.76,True
1.02,0.01,1.0,0.2,0.1,0.0,1.0,2.01,-22.14,True
1.02,0.01,1.0,0.2,0.1,0.25,0.75,2.16,-20.53,True
1.02,0.01,1.0,0.2,0.1,0.5,0.5,2.31,-18.73,True
1.02,0.01,1.0,0.2,0.1,0.75,0.25,2.45,-16.74,True
1.02,0.01,1.0,0.2,0.1,1.0,0.0,2.57,-14.61,True
1.02,0.01,1.0,0.2,0.2,0.0,1.0,4.08,-14.03,True
1.02,0.01,1.0,0.2,0.2,0.25,0.75,4.16,-13.83,True
1.02,0.01,1.0,0.2,0.2,0.5,0.5,4.24,-13.65,True
1.02,0.01,1.0,0.2,0.2,0.75,0.25,4.32,-13.49,True
1.02,0.01,1.0,0.2,0.2,1.0,0.0,4.4,-13.37,True
1.02,0.01,1.0,0.2,0.3,0.0,1.0,5.55,-16.33,True
1.02,0.01,1.0,0.2,0.3,0.25,0.75,5.61,-16.1,True
1.02,0.01,1.0,0.2,0.3,0.5,0.5,5.67,-15.88,True
1.02,0.01,1.0,0.2,0.3,0.75,0.25,5.72,-15.66,True
1.02,0.01,1.0,0.2,0.3,1.0,0.0,5.77,-15.57,True
1.02,0.01,1.0,0.3,0.0,0.0,1.0,-1.63,-45.89,False
1.02,0.01,1.0,0.3,0.0,0.25,0.75,-1.25,-42.54,False
1.02,0.01,1.0,0.3,0.0,0.5,0.5,-0.89,-39.04,True
1.02,0.01,1.0,0.3,0.0,0.75,0.25,-0.56,-35.38,True
1.02,0.01,1.0,0.3,0.0,1.0,0.0,-0.25,-31.57,True
1.02,0.01,1.0,0.3,0.1,0.0,1.0,2.2,-24.69,True
1.02,0.01,1.0,0.3,0.1,0.25,0.75,2.35,-23.04,True
1.02,0.01,1.0,0.3,0.1,0.5,0.5,2.5,-21.13,True
1.02,0.01,1.0,0.3,0.1,0.75,0.25,2.64,-19.0,True
1.02,0.01,1.0,0.3,0.1,1.0,0.0,2.78,-16.65,True
1.02,0.01,1.0,0.3,0.2,0.0,1.0,4.32,-15.51,True
1.02,0.01,1.0,0.3,0.2,0.25,0.75,4.41,-14.11,True
1.02,0.01,1.0,0.3,0.2,0.5,0.5,4.5,-12.8,True
1.02,0.01,1.0,0.3,0.2,0.75,0.25,4.58,-12.67,True
1.02,0.01,1.0,0.3,0.2,1.0,0.0,4.65,-12.61,True
1.02,0.01,1.0,0.3,0.3,0.0,1.0,5.7,-16.48,True
1.02,0.01,1.0,0.3,0.3,0.25,0.75,5.77,-16.2,True
1.02,0.01,1.0,0.3,0.3,0.5,0.5,5.84,-15.92,True
1.02,0.01,1.0,0.3,0.3,0.75,0.25,5.9,-15.67,True
1.02,0.01,1.0,0.3,0.3,1.0,0.0,5.96,-15.42,True
1.02,0.01,1.0,0.4,0.0,0.0,1.0,-1.23,-46.34,False
1.02,0.01,1.0,0.4,0.0,0.25,0.75,-0.83,-42.97,False
1.02,0.01,1.0,0.4,0.0,0.5,0.5,-0.47,-39.45,True
1.02,0.01,1.0,0.4,0.0,0.75,0.25,-0.15,-35.76,True
1.02,0.01,1.0,0.4,0.0,1.0,0.0,0.14,-31.9,True
1.02,0.01,1.0,0.4,0.1,0.0,1.0,2.52,-27.28,True
1.02,0.01,1.0,0.4,0.1,0.25,0.75,2.66,-25.35,True
1.02,0.01,1.0,0.4,0.1,0.5,0.5,2.81,-23.18,True
1.02,0.01,1.0,0.4,0.1,0.75,0.25,2.94,-20.79,True
1.02,0.01,1.0,0.4,0.1,1.0,0.0,3.06,-18.18,True
1.02,0.01,1.0,0.4,0.2,0.0,1.0,4.48,-18.39,True
1.02,0.01,1.0,0.4,0.2,0.25,0.75,4.59,-16.7,True
1.02,0.01,1.0,0.4,0.2,0.5,0.5,4.7,-14.98,True
1.02,0.01,1.0,0.4,0.2,0.75,0.25,4.79,-13.24,True
1.02,0.01,1.0,0.4,0.2,1.0,0.0,4.86,-12.28,True
1.02,0.01,1.0,0.4,0.3,0.0,1.0,5.75,-17.3,True
1.02,0.01,1.0,0.4,0.3,0.25,0.75,5.83,-16.95,True
1.02,0.01,1.0,0.4,0.3,0.5,0.5,5.91,-16.6,True
1.02,0.01,1.0,0.4,0.3,0.75,0.25,5.97,-16.27,True
1.02,0.01,1.0,0.4,0.3,1.0,0.0,6.03,-15.95,True
1.02,0.01,1.01,0.1,0.0,0.0,1.0,-1.92,-15.11,True
1.02,0.01,1.01,0.1,0.0,0.25,0.75,-1.71,-13.81,True
1.02,0.01,1.01,0.1,0.0,0.5,0.5,-1.51,-12.49,True
1.02,0.01,1.01,0.1,0.0,0.75,0.25,-1.31,-11.15,True
1.02,0.01,1.01,0.1,0.0,1.0,0.0,-1.11,-9.8,True
1.02,0.01,1.01,0.1,0.1,0.0,1.0,1.42,-12.71,True
1.02,0.01,1.01,0.1,0.1,0.25,0.75,1.53,-11.73,True
1.02,0.01,1.01,0.1,0.1,0.5,0.5,1.65,-10.72,True
1.02,0.01,1.01,0.1,0.1,0.75,0.25,1.77,-10.36,True
1.02,0.01,1.01,0.1,0.1,1.0,0.0,1.88,-10.15,True
1.02,0.01,1.01,0.1,0.2,0.0,1.0,3.55,-16.07,True
1.02,0.01,1.01,0.1,0.2,0.25,0.75,3.61,-15.71,True
1.02,0.01,1.01,0.1,0.2,0.5,0.5,3.67,-15.36,True
1.02,0.01,1.01,0.1,0.2,0.75,0.25,3.74,-15.04,True
1.02,0.01,1.01,0.1,0.2,1.0,0.0,3.8,-14.77,True
1.02,0.01,1.01,0.1,0.3,0.0,1.0,5.1,-18.67,True
1.02,0.01,1.01,0.1,0.3,0.25,0.75,5.12,-18.37,True
1.02,0.01,1.01,0.1,0.3,0.5,0.5,5.15,-18.06,True
1.02,0.01,1.01,0.1,0.3,0.75,0.25,5.19,-17.75,True
1.02,0.01,1.01,0.1,0.3,1.0,0.0,5.22,-17.44,True
1.02,0.01,1.01,0.2,0.0,0.0,1.0,-3.64,-28.53,True
1.02,0.01,1.01,0.2,0.0,0.25,0.75,-3.22,-26.21,True
1.02,0.01,1.01,0.2,0.0,0.5,0.5,-2.81,-23.84,True
1.02,0.01,1.01,0.2,0.0,0.75,0.25,-2.42,-21.42,True
1.02,0.01,1.01,0.2,0.0,1.0,0.0,-2.03,-18.93,True
1.02,0.01,1.01,0.2,0.1,0.0,1.0,1.03,-18.69,True
1.02,0.01,1.01,0.2,0.1,0.25,0.75,1.18,-17.33,True
1.02,0.01,1.01,0.2,0.1,0.5,0.5,1.34,-15.92,True
1.02,0.01,1.01,0.2,0.1,0.75,0.25,1.51,-14.46,True
1.02,0.01,1.01,0.2,0.1,1.0,0.0,1.68,-12.94,True
1.02,0.01,1.01,0.2,0.2,0.0,1.0,3.44,-18.5,True
1.02,0.01,1.01,0.2,0.2,0.25,0.75,3.53,-17.69,True
1.02,0.01,1.01,0.2,0.2,0.5,0.5,3.61,-17.25,True
1.02,0.01,1.01,0.2,0.2,0.75,0.25,3.7,-16.86,True
1.02,0.01,1.01,0.2,0.2,1.0,0.0,3.79,-16.46,True
1.02,0.01,1.01,0.2,0.3,0.0,1.0,5.03,-19.76,True
1.02,0.01,1.01,0.2,0.3,0.25,0.75,5.09,-19.29,True
1.02,0.01,1.01,0.2,0.3,0.5,0.5,5.15,-18.96,True
1.02,0.01,1.01,0.2,0.3,0.75,0.25,5.21,-18.64,True
1.02,0.01,1.01,0.2,0.3,1.0,0.0,5.28,-18.32,True
1.02,0.01,1.01,0.3,0.0,0.0,1.0,-4.71,-32.69,True
1.02,0.01,1.01,0.3,0.0,0.25,0.75,-4.17,-30.07,True
1.02,0.01,1.01,0.3,0.0,0.5,0.5,-3.64,-27.37,True
1.02,0.01,1.01,0.3,0.0,0.75,0.25,-3.13,-24.6,True
1.02,0.01,1.01,0.3,0.0,1.0,0.0,-2.63,-21.75,True
1.02,0.01,1.01,0.3,0.1,0.0,1.0,0.95,-23.63,True
1.02,0.01,1.01,0.3,0.1,0.25,0.75,1.09,-21.91,True
1.02,0.01,1.01,0.3,0.1,0.5,0.5,1.24,-20.13,True
1.02,0.01,1.01,0.3,0.1,0.75,0.25,1.4,-18.28,True
1.02,0.01,1.01,0.3,0.1,1.0,0.0,1.59,-16.35,True
1.02,0.01,1.01,0.3,0.2,0.0,1.0,3.42,-22.87,True
1.02,0.01,1.01,0.3,0.2,0.25,0.75,3.5,-21.43,True
1.02,0.01,1.01,0.3,0.2,0.5,0.5,3.61,-19.89,True
1.02,0.01,1.01,0.3,0.2,0.75,0.25,3.71,-18.25,True
1.02,0.01,1.01,0.3,0.2,1.0,0.0,3.82,-16.5,True
1.02,0.01,1.01,0.3,0.3,0.0,1.0,5.04,-20.64,True
1.02,0.01,1.01,0.3,0.3,0.25,0.75,5.09,-19.57,True
1.02,0.01,1.01,0.3,0.3,0.5,0.5,5.15,-19.05,True
1.02,0.01,1.01,0.3,0.3,0.75,0.25,5.21,-18.64,True
1.02,0.01,1.01,0.3,0.3,1.0,0.0,5.29,-18.31,True
1.02,0.01,1.01,0.4,0.0,0.0,1.0,-5.12,-33.29,True
1.02,0.01,1.01,0.4,0.0,0.25,0.75,-4.51,-30.65,True
1.02,0.01,1.01,0.4,0.0,0.5,0.5,-3.92,-27.91,True
1.02,0.01,1.01,0.4,0.0,0.75,0.25,-3.34,-25.09,True
1.02,0.01,1.01,0.4,0.0,1.0,0.0,-2.78,-22.17,True
1.02,0.01,1.01,0.4,0.1,0.0,1.0,0.93,-27.42,True
1.02,0.01,1.01,0.4,0.1,0.25,0.75,1.1,-25.57,True
1.02,0.01,1.01,0.4,0.1,0.5,0.5,1.28,-23.62,True
1.02,0.01,1.01,0.4,0.1,0.75,0.25,1.46,-21.55,True
1.02,0.01,1.01,0.4,0.1,1.0,0.0,1.64,-19.36,True
1.02,0.01,1.01,0.4,0.2,0.0,1.0,3.42,-24.65,True
1.02,0.01,1.01,0.4,0.2,0.25,0.75,3.5,-23.08,True
1.02,0.01,1.01,0.4,0.2,0.5,0.5,3.6,-21.42,True
1.02,0.01,1.01,0.4,0.2,0.75,0.25,3.71,-19.66,True
1.02,0.01,1.01,0.4,0.2,1.0,0.0,3.82,-17.78,True
1.02,0.01,1.01,0.4,0.3,0.0,1.0,5.04,-22.49,True
1.02,0.01,1.01,0.4,0.3,0.25,0.75,5.09,-21.13,True
1.02,0.01,1.01,0.4,0.3,0.5,0.5,5.15,-19.68,True
1.02,0.01,1.01,0.4,0.3,0.75,0.25,5.21,-19.02,True
1.02,0.01,1.01,0.4,0.3,1.0,0.0,5.29,-18.45,True
1.02,0.01,1.02,0.1,0.0,0.0,1.0,-0.11,-13.07,True
1.02,0.01,1.02,0.1,0.0,0.25,0.75,-0.07,-11.96,True
1.02,0.01,1.02,0.1,0.0,0.5,0.5,-0.02,-10.84,True
1.02,0.01,1.02,0.1,0.0,0.75,0.25,0.01,-9.71,True
1.02,0.01,1.02,0.1,0.0,1.0,0.0,0.05,-8.57,True
1.02,0.01,1.02,0.1,0.1,0.0,1.0,2.55,-8.9,True
1.02,0.01,1.02,0.1,0.1,0.25,0.75,2.57,-8.56,True
1.02,0.01,1.02,0.1,0.1,0.5,0.5,2.58,-8.56,True
1.02,0.01,1.02,0.1,0.1,0.75,0.25,2.6,-8.56,True
1.02,0.01,1.02,0.1,0.1,1.0,0.0,2.61,-8.56,True
1.02,0.01,1.02,0.1,0.2,0.0,1.0,4.26,-12.87,True
1.02,0.01,1.02,0.1,0.2,0.25,0.75,4.28,-12.88,True
1.02,0.01,1.02,0.1,0.2,0.5,0.5,4.29,-12.86,True
1.02,0.01,1.02,0.1,0.2,0.75,0.25,4.29,-12.85,True
1.02,0.01,1.02,0.1,0.2,1.0,0.0,4.29,-12.84,True
1.02,0.01,1.02,0.1,0.3,0.0,1.0,5.55,-16.65,True
1.02,0.01,1.02,0.1,0.3,0.25,0.75,5.58,-16.52,True
1.02,0.01,1.02,0.1,0.3,0.5,0.5,5.6,-16.36,True
1.02,0.01,1.02,0.1,0.3,0.75,0.25,5.6,-16.11,True
1.02,0.01,1.02,0.1,0.3,1.0,0.0,5.59,-15.87,True
1.02,0.01,1.02,0.2,0.0,0.0,1.0,-0.78,-25.06,True
1.02,0.01,1.02,0.2,0.0,0.25,0.75,-0.61,-23.02,True
1.02,0.01,1.02,0.2,0.0,0.5,0.5,-0.46,-20.95,True
1.02,0.01,1.02,0.2,0.0,0.75,0.25,-0.32,-18.85,True
1.02,0.01,1.02,0.2,0.0,1.0,0.0,-0.2,-16.71,True
1.02,0.01,1.02,0.2,0.1,0.0,1.0,2.18,-12.15,True
1.02,0.01,1.02,0.2,0.1,0.25,0.75,2.28,-11.29,True
1.02,0.01,1.02,0.2,0.1,0.5,0.5,2.37,-10.39,True
1.02,0.01,1.02,0.2,0.1,0.75,0.25,2.46,-9.45,True
1.02,0.01,1.02,0.2,0.1,1.0,0.0,2.54,-9.03,True
1.02,0.01,1.02,0.2,0.2,0.0,1.0,3.98,-14.7,True
1.02,0.01,1.02,0.2,0.2,0.25,0.75,4.05,-14.48,True
1.02,0.01,1.02,0.2,0.2,0.5,0.5,4.12,-14.28,True
1.02,0.01,1.02,0.2,0.2,0.75,0.25,4.19,-14.12,True
1.02,0.01,1.02,0.2,0.2,1.0,0.0,4.26,-13.97,True
1.02,0.01,1.02,0.2,0.3,0.0,1.0,5.35,-17.89,True
1.02,0.01,1.02,0.2,0.3,0.25,0.75,5.42,-17.62,True
1.02,0.01,1.02,0.2,0.3,0.5,0.5,5.48,-17.37,True
1.02,0.01,1.02,0.2,0.3,0.75,0.25,5.53,-17.12,True
1.02,0.01,1.02,0.2,0.3,1.0,0.0,5.57,-16.87,True
1.02,0.01,1.02,0.3,0.0,0.0,1.0,-1.55,-27.53,True
1.02,0.01,1.02,0.3,0.0,0.25,0.75,-1.29,-25.26,True
1.02,0.01,1.02,0.3,0.0,0.5,0.5,-1.04,-22.94,True
1.02,0.01,1.02,0.3,0.0,0.75,0.25,-0.81,-20.59,True
1.02,0.01,1.02,0.3,0.0,1.0,0.0,-0.6,-18.19,True
1.02,0.01,1.02,0.3,0.1,0.0,1.0,1.9,-14.65,True
1.02,0.01,1.02,0.3,0.1,0.25,0.75,2.04,-13.59,True
1.02,0.01,1.02,0.3,0.1,0.5,0.5,2.16,-12.49,True
1.02,0.01,1.02,0.3,0.1,0.75,0.25,2.29,-11.35,True
1.02,0.01,1.02,0.3,0.1,1.0,0.0,2.41,-10.17,True
1.02,0.01,1.02,0.3,0.2,0.0,1.0,3.94,-15.68,True
1.02,0.01,1.02,0.3,0.2,0.25,0.75,4.04,-15.11,True
1.02,0.01,1.02,0.3,0.2,0.5,0.5,4.12,-14.75,True
1.02,0.01,1.02,0.3,0.2,0.75,0.25,4.2,-14.47,True
1.02,0.01,1.02,0.3,0.2,1.0,0.0,4.28,-14.26,True
1.02,0.01,1.02,0.3,0.3,0.0,1.0,5.31,-18.17,True
1.02,0.01,1.02,0.3,0.3,0.25,0.75,5.38,-17.86,True
1.02,0.01,1.02,0.3,0.3,0.5,0.5,5.44,-17.56,True
1.02,0.01,1.02,0.3,0.3,0.75,0.25,5.5,-17.27,True
1.02,0.01,1.02,0.3,0.3,1.0,0.0,5.56,-16.99,True
1.02,0.01,1.02,0.4,0.0,0.0,1.0,-1.79,-27.72,True
1.02,0.01,1.02,0.4,0.0,0.25,0.75,-1.48,-25.45,True
1.02,0.01,1.02,0.4,0.0,0.5,0.5,-1.19,-23.12,True
1.02,0.01,1.02,0.4,0.0,0.75,0.25,-0.91,-20.74,True
1.02,0.01,1.02,0.4,0.0,1.0,0.0,-0.66,-18.29,True
1.02,0.01,1.02,0.4,0.1,0.0,1.0,1.9,-17.09,True
1.02,0.01,1.02,0.4,0.1,0.25,0.75,2.05,-15.84,True
1.02,0.01,1.02,0.4,0.1,0.5,0.5,2.19,-14.55,True
1.02,0.01,1.02,0.4,0.1,0.75,0.25,2.32,-13.21,True
1.02,0.01,1.02,0.4,0.1,1.0,0.0,2.45,-11.83,True
1.02,0.01,1.02,0.4,0.2,0.0,1.0,3.86,-17.41,True
1.02,0.01,1.02,0.4,0.2,0.25,0.75,3.95,-16.73,True
1.02,0.01,1.02,0.4,0.2,0.5,0.5,4.05,-15.91,True
1.02,0.01,1.02,0.4,0.2,0.75,0.25,4.15,-15.04,True
1.02,0.01,1.02,0.4,0.2,1.0,0.0,4.24,-14.67,True
1.02,0.01,1.02,0.4,0.3,0.0,1.0,5.28,-18.47,True
1.02,0.01,1.02,0.4,0.3,0.25,0.75,5.34,-18.13,True
1.02,0.01,1.02,0.4,0.3,0.5,0.5,5.41,-17.8,True
1.02,0.01,1.02,0.4,0.3,0.75,0.25,5.47,-17.48,True
1.02,0.01,1.02,0.4,0.3,1.0,0.0,5.54,-17.17,True
1.02,0.015,0.95,0.1,0.0,0.0,1.0,0.93,-24.01,True
1.02,0.015,0.95,0.1,0.0,0.25,0.75,1.09,-22.01,True
1.02,0.015,0.95,0.1,0.0,0.5,0.5,1.24,-19.98,True
1.02,0.015,0.95,0.1,0.0,0.75,0.25,1.38,-17.92,True
1.02,0.015,0.95,0.1,0.0,1.0,0.0,1.51,-15.83,True
1.02,0.015,0.95,0.1,0.1,0.0,1.0,3.33,-23.34,True
1.02,0.015,0.95,0.1,0.1,0.25,0.75,3.41,-21.34,True
1.02,0.015,0.95,0.1,0.1,0.5,0.5,3.5,-19.3,True
1.02,0.015,0.95,0.1,0.1,0.75,0.25,3.58,-17.24,True
1.02,0.015,0.95,0.1,0.1,1.0,0.0,3.65,-15.14,True
1.02,0.015,0.95,0.1,0.2,0.0,1.0,5.03,-22.2,True
1.02,0.015,0.95,0.1,0.2,0.25,0.75,5.08,-20.23,True
1.02,0.015,0.95,0.1,0.2,0.5,0.5,5.13,-18.23,True
1.02,0.015,0.95,0.1,0.2,0.75,0.25,5.17,-16.2,True
1.02,0.015,0.95,0.1,0.2,1.0,0.0,5.2,-14.13,True
1.02,0.015,0.95,0.1,0.3,0.0,1.0,6.0,-19.74,True
1.02,0.015,0.95,0.1,0.3,0.25,0.75,6.06,-17.89,True
1.02,0.015,0.95,0.1,0.3,0.5,0.5,6.12,-16.01,True
1.02,0.015,0.95,0.1,0.3,0.75,0.25,6.16,-15.33,True
1.02,0.015,0.95,0.1,0.3,1.0,0.0,6.2,-15.05,True
1.02,0.015,0.95,0.2,0.0,0.0,1.0,1.57,-33.88,True
1.02,0.015,0.95,0.2,0.0,0.25,0.75,1.82,-31.12,True
1.02,0.015,0.95,0.2,0.0,0.5,0.5,2.04,-28.3,True
1.02,0.015,0.95,0.2,0.0,0.75,0.25,2.23,-25.39,True
1.02,0.015,0.95,0.2,0.0,1.0,0.0,2.4,-22.42,True
1.02,0.015,0.95,0.2,0.1,0.0,1.0,3.54,-30.23,True
1.02,0.015,0.95,0.2,0.1,0.25,0.75,3.69,-27.68,True
1.02,0.015,0.95,0.2,0.1,0.5,0.5,3.84,-25.07,True
1.02,0.015,0.95,0.2,0.1,0.75,0.25,3.96,-22.39,True
1.02,0.015,0.95,0.2,0.1,1.0,0.0,4.07,-19.65,True
1.02,0.015,0.95,0.2,0.2,0.0,1.0,4.8,-26.58,True
1.02,0.015,0.95,0.2,0.2,0.25,0.75,4.93,-24.26,True
1.02,0.015,0.95,0.2,0.2,0.5,0.5,5.04,-21.89,True
1.02,0.015,0.95,0.2,0.2,0.75,0.25,5.15,-19.45,True
1.02,0.015,0.95,0.2,0.2,1.0,0.0,5.23,-16.95,True
1.02,0.015,0.95,0.2,0.3,0.0,1.0,5.8,-23.12,True
1.02,0.015,0.95,0.2,0.3,0.25,0.75,5.9,-21.03,True
1.02,0.015,0.95,0.2,0.3,0.5,0.5,5.99,-18.89,True
1.02,0.015,0.95,0.2,0.3,0.75,0.25,6.08,-16.69,True
1.02,0.015,0.95,0.2,0.3,1.0,0.0,6.15,-15.01,True
1.02,0.015,0.95,0.3,0.0,0.0,1.0,1.55,-36.59,True
1.02,0.015,0.95,0.3,0.0,0.25,0.75,1.87,-33.66,True
1.02,0.015,0.95,0.3,0.0,0.5,0.5,2.15,-30.63,True
1.02,0.015,0.95,0.3,0.0,0.75,0.25,2.4,-27.52,True
1.02,0.015,0.95,0.3,0.0,1.0,0.0,2.6,-24.32,True
1.02,0.015,0.95,0.3,0.1,0.0,1.0,3.37,-32.43,True
1.02,0.015,0.95,0.3,0.1,0.25,0.75,3.59,-29.78,True
1.02,0.015,0.95,0.3,0.1,0.5,0.5,3.79,-27.04,True
1.02,0.015,0.95,0.3,0.1,0.75,0.25,3.96,-24.21,True
1.02,0.015,0.95,0.3,0.1,1.0,0.0,4.11,-21.29,True
1.02,0.015,0.95,0.3,0.2,0.0,1.0,4.61,-27.99,True
1.02,0.015,0.95,0.3,0.2,0.25,0.75,4.77,-25.59,True
1.02,0.015,0.95,0.3,0.2,0.5,0.5,4.91,-23.12,True
1.02,0.015,0.95,0.3,0.2,0.75,0.25,5.05,-20.57,True
1.02,0.015,0.95,0.3,0.2,1.0,0.0,5.17,-17.94,True
1.02,0.015,0.95,0.3,0.3,0.0,1.0,5.69,-23.83,True
1.02,0.015,0.95,0.3,0.3,0.25,0.75,5.8,-21.66,True
1.02,0.015,0.95,0.3,0.3,0.5,0.5,5.91,-19.43,True
1.02,0.015,0.95,0.3,0.3,0.75,0.25,6.02,-17.14,True
1.02,0.015,0.95,0.3,0.3,1.0,0.0,6.11,-14.78,True
1.02,0.015,0.95,0.4,0.0,0.0,1.0,1.32,-36.79,True
1.02,0.015,0.95,0.4,0.0,0.25,0.75,1.69,-33.88,True
1.02,0.015,0.95,0.4,0.0,0.5,0.5,2.03,-30.86,True
1.02,0.015,0.95,0.4,0.0,0.75,0.25,2.32,-27.73,True
1.02,0.015,0.95,0.4,0.0,1.0,0.0,2.56,-24.5,True
1.02,0.015,0.95,0.4,0.1,0.0,1.0,3.11,-32.38,True
1.02,0.015,0.95,0.4,0.1,0.25,0.75,3.35,-29.7,True
1.02,0.015,0.95,0.4,0.1,0.5,0.5,3.58,-26.93,True
1.02,0.015,0.95,0.4,0.1,0.75,0.25,3.79,-24.07,True
1.02,0.015,0.95,0.4,0.1,1.0,0.0,3.98,-21.11,True
1.02,0.015,0.95,0.4,0.2,0.0,1.0,4.5,-28.13,True
1.02,0.015,0.95,0.4,0.2,0.25,0.75,4.67,-25.68,True
1.02,0.015,0.95,0.4,0.2,0.5,0.5,4.83,-23.15,True
1.02,0.015,0.95,0.4,0.2,0.75,0.25,4.99,-20.54,True
1.02,0.015,0.95,0.4,0.2,1.0,0.0,5.13,-17.85,True
1.02,0.015,0.95,0.4,0.3,0.0,1.0,5.55,-23.84,True
1.02,0.015,0.95,0.4,0.3,0.25,0.75,5.68,-21.61,True
1.02,0.015,0.95,0.4,0.3,0.5,0.5,5.81,-19.32,True
1.02,0.015,0.95,0.4,0.3,0.75,0.25,5.94,-16.97,True
1.02,0.015,0.95,0.4,0.3,1.0,0.0,6.06,-14.55,True
1.02,0.015,0.97,0.1,0.0,0.0,1.0,1.37,-18.13,True
1.02,0.015,0.97,0.1,0.0,0.25,0.75,1.43,-16.79,True
1.02,0.015,0.97,0.1,0.0,0.5,0.5,1.48,-15.34,True
1.02,0.015,0.97,0.1,0.0,0.75,0.25,1.51,-13.78,True
1.02,0.015,0.97,0.1,0.0,1.0,0.0,1.53,-12.09,True
1.02,0.015,0.97,0.1,0.1,0.0,1.0,3.36,-14.59,True
1.02,0.015,0.97,0.1,0.1,0.25,0.75,3.41,-13.39,True
1.02,0.015,0.97,0.1,0.1,0.5,0.5,3.46,-12.09,True
1.02,0.015,0.97,0.1,0.1,0.75,0.25,3.49,-10.7,True
1.02,0.015,0.97,0.1,0.1,1.0,0.0,3.52,-9.18,True
1.02,0.015,0.97,0.1,0.2,0.0,1.0,4.8,-12.36,True
1.02,0.015,0.97,0.1,0.2,0.25,0.75,4.84,-11.4,True
1.02,0.015,0.97,0.1,0.2,0.5,0.5,4.88,-11.34,True
1.02,0.015,0.97,0.1,0.2,0.75,0.25,4.91,-11.38,True
1.02,0.015,0.97,0.1,0.2,1.0,0.0,4.94,-11.45,True
1.02,0.015,0.97,0.1,0.3,0.0,1.0,5.79,-15.15,True
1.02,0.015,0.97,0.1,0.3,0.25,0.75,5.85,-14.99,True
1.02,0.015,0.97,0.1,0.3,0.5,0.5,5.89,-14.83,True
1.02,0.015,0.97,0.1,0.3,0.75,0.25,5.93,-14.69,True
1.02,0.015,0.97,0.1,0.3,1.0,0.0,5.95,-14.56,True
1.02,0.015,0.97,0.2,0.0,0.0,1.0,0.34,-21.68,True
1.02,0.015,0.97,0.2,0.0,0.25,0.75,0.6,-20.12,True
1.02,0.015,0.97,0.2,0.0,0.5,0.5,0.83,-18.44,True
1.02,0.015,0.97,0.2,0.0,0.75,0.25,1.04,-16.62,True
1.02,0.015,0.97,0.2,0.0,1.0,0.0,1.22,-14.64,True
1.02,0.015,0.97,0.2,0.1,0.0,1.0,2.76,-18.98,True
1.02,0.015,0.97,0.2,0.1,0.25,0.75,2.93,-17.21,True
1.02,0.015,0.97,0.2,0.1,0.5,0.5,3.09,-15.42,True
1.02,0.015,0.97,0.2,0.1,0.75,0.25,3.22,-13.6,True
1.02,0.015,0.97,0.2,0.1,1.0,0.0,3.33,-11.74,True
1.02,0.015,0.97,0.2,0.2,0.0,1.0,4.17,-17.57,True
1.02,0.015,0.97,0.2,0.2,0.25,0.75,4.29,-15.88,True
1.02,0.015,0.97,0.2,0.2,0.5,0.5,4.43,-14.15,True
1.02,0.015,0.97,0.2,0.2,0.75,0.25,4.56,-13.04,True
1.02,0.015,0.97,0.2,0.2,1.0,0.0,4.67,-12.75,True
1.02,0.015,0.97,0.2,0.3,0.0,1.0,5.43,-17.31,True
1.02,0.015,0.97,0.2,0.3,0.25,0.75,5.53,-16.9,True
1.02,0.015,0.97,0.2,0.3,0.5,0.5,5.62,-16.48,True
1.02,0.015,0.97,0.2,0.3,0.75,0.25,5.69,-16.1,True
1.02,0.015,0.97,0.2,0.3,1.0,0.0,5.76,-15.79,True
1.02,0.015,0.97,0.3,0.0,0.0,1.0,-0.59,-25.78,True
1.02,0.015,0.97,0.3,0.0,0.25,0.75,-0.18,-23.57,True
1.02,0.015,0.97,0.3,0.0,0.5,0.5,0.19,-21.44,True
1.02,0.015,0.97,0.3,0.0,0.75,0.25,0.53,-19.38,True
1.02,0.015,0.97,0.3,0.0,1.0,0.0,0.82,-17.15,True
1.02,0.015,0.97,0.3,0.1,0.0,1.0,2.24,-23.44,True
1.02,0.015,0.97,0.3,0.1,0.25,0.75,2.44,-21.38,True
1.02,0.015,0.97,0.3,0.1,0.5,0.5,2.64,-19.26,True
1.02,0.015,0.97,0.3,0.1,0.75,0.25,2.84,-17.09,True
1.02,0.015,0.97,0.3,0.1,1.0,0.0,3.04,-14.87,True
1.02,0.015,0.97,0.3,0.2,0.0,1.0,4.16,-20.57,True
1.02,0.015,0.97,0.3,0.2,0.25,0.75,4.32,-18.67,True
1.02,0.015,0.97,0.3,0.2,0.5,0.5,4.43,-16.71,True
1.02,0.015,0.97,0.3,0.2,0.75,0.25,4.55,-14.71,True
1.02,0.015,0.97,0.3,0.2,1.0,0.0,4.66,-13.33,True
1.02,0.015,0.97,0.3,0.3,0.0,1.0,5.42,-17.87,True
1.02,0.015,0.97,0.3,0.3,0.25,0.75,5.53,-16.97,True
1.02,0.015,0.97,0.3,0.3,0.5,0.5,5.64,-16.56,True
1.02,0.015,0.97,0.3,0.3,0.75,0.25,5.75,-16.19,True
1.02,0.015,0.97,0.3,0.3,1.0,0.0,5.86,-15.84,True
1.02,0.015,0.97,0.4,0.0,0.0,1.0,-0.84,-27.95,True
1.02,0.015,0.97,0.4,0.0,0.25,0.75,-0.38,-25.97,True
1.02,0.015,0.97,0.4,0.0,0.5,0.5,0.05,-23.87,True
1.02,0.015,0.97,0.4,0.0,0.75,0.25,0.44,-21.61,True
1.02,0.015,0.97,0.4,0.0,1.0,0.0,0.78,-19.18,True
1.02,0.015,0.97,0.4,0.1,0.0,1.0,2.41,-24.7,True
1.02,0.015,0.97,0.4,0.1,0.25,0.75,2.61,-22.53,True
1.02,0.015,0.97,0.4,0.1,0.5,0.5,2.82,-20.3,True
1.02,0.015,0.97,0.4,0.1,0.75,0.25,3.01,-18.0,True
1.02,0.015,0.97,0.4,0.1,1.0,0.0,3.19,-15.64,True
1.02,0.015,0.97,0.4,0.2,0.0,1.0,4.2,-21.92,True
1.02,0.015,0.97,0.4,0.2,0.25,0.75,4.37,-19.89,True
1.02,0.015,0.97,0.4,0.2,0.5,0.5,4.54,-17.79,True
1.02,0.015,0.97,0.4,0.2,0.75,0.25,4.69,-15.64,True
1.02,0.015,0.97,0.4,0.2,1.0,0.0,4.83,-13.43,True
1.02,0.015,0.97,0.4,0.3,0.0,1.0,5.47,-18.56,True
1.02,0.015,0.97,0.4,0.3,0.25,0.75,5.58,-16.78,True
1.02,0.015,0.97,0.4,0.3,0.5,0.5,5.69,-16.39,True
1.02,0.015,0.97,0.4,0.3,0.75,0.25,5.8,-16.01,True
1.02,0.015,0.97,0.4,0.3,1.0,0.0,5.91,-15.66,True
1.02,0.015,0.99,0.1,0.0,0.0,1.0,0.62,-13.05,True
1.02,0.015,0.99,0.1,0.0,0.25,0.75,0.66,-11.76,True
1.02,0.015,0.99,0.1,0.0,0.5,0.5,0.69,-10.46,True
1.02,0.015,0.99,0.1,0.0,0.75,0.25,0.72,-9.14,True
1.02,0.015,0.99,0.1,0.0,1.0,0.0,0.74,-7.82,True
1.02,0.015,0.99,0.1,0.1,0.0,1.0,2.8,-9.3,True
1.02,0.015,0.99,0.1,0.1,0.25,0.75,2.83,-7.95,True
1.02,0.015,0.99,0.1,0.1,0.5,0.5,2.86,-7.16,True
1.02,0.015,0.99,0.1,0.1,0.75,0.25,2.89,-7.24,True
1.02,0.015,0.99,0.1,0.1,1.0,0.0,2.91,-7.33,True
1.02,0.015,0.99,0.1,0.2,0.0,1.0,4.35,-10.82,True
1.02,0.015,0.99,0.1,0.2,0.25,0.75,4.38,-10.93,True
1.02,0.015,0.99,0.1,0.2,0.5,0.5,4.4,-11.04,True
1.02,0.015,0.99,0.1,0.2,0.75,0.25,4.42,-11.15,True
1.02,0.015,0.99,0.1,0.2,1.0,0.0,4.44,-11.27,True
1.02,0.015,0.99,0.1,0.3,0.0,1.0,5.5,-13.33,True
1.02,0.015,0.99,0.1,0.3,0.25,0.75,5.52,-13.45,True
1.02,0.015,0.99,0.1,0.3,0.5,0.5,5.54,-13.57,True
1.02,0.015,0.99,0.1,0.3,0.75,0.25,5.56,-13.7,True
1.02,0.015,0.99,0.1,0.3,1.0,0.0,5.58,-13.83,True
1.02,0.015,0.99,0.2,0.0,0.0,1.0,0.8,-22.15,True
1.02,0.015,0.99,0.2,0.0,0.25,0.75,0.89,-19.99,True
1.02,0.015,0.99,0.2,0.0,0.5,0.5,0.97,-17.8,True
1.02,0.015,0.99,0.2,0.0,0.75,0.25,1.05,-15.57,True
1.02,0.015,0.99,0.2,0.0,1.0,0.0,1.11,-13.31,True
1.02,0.015,0.99,0.2,0.1,0.0,1.0,2.96,-19.15,True
1.02,0.015,0.99,0.2,0.1,0.25,0.75,3.02,-16.99,True
1.02,0.015,0.99,0.2,0.1,0.5,0.5,3.07,-14.8,True
1.02,0.015,0.99,0.2,0.1,0.75,0.25,3.12,-12.56,True
1.02,0.015,0.99,0.2,0.1,1.0,0.0,3.16,-10.29,True
1.02,0.015,0.99,0.2,0.2,0.0,1.0,4.62,-11.31,True
1.02,0.015,0.99,0.2,0.2,0.25,0.75,4.65,-10.46,True
1.02,0.015,0.99,0.2,0.2,0.5,0.5,4.67,-10.55,True
1.02,0.015,0.99,0.2,0.2,0.75,0.25,4.69,-10.66,True
1.02,0.015,0.99,0.2,0.2,1.0,0.0,4.71,-10.78,True
1.02,0.015,0.99,0.2,0.3,0.0,1.0,5.68,-13.6,True
1.02,0.015,0.99,0.2,0.3,0.25,0.75,5.71,-13.61,True
1.02,0.015,0.99,0.2,0.3,0.5,0.5,5.74,-13.63,True
1.02,0.015,0.99,0.2,0.3,0.75,0.25,5.76,-13.68,True
1.02,0.015,0.99,0.2,0.3,1.0,0.0,5.79,-13.74,True
1.02,0.015,0.99,0.3,0.0,0.0,1.0,0.48,-31.94,True
1.02,0.015,0.99,0.3,0.0,0.25,0.75,0.65,-29.06,True
1.02,0.015,0.99,0.3,0.0,0.5,0.5,0.8,-26.11,True
1.02,0.015,0.99,0.3,0.0,0.75,0.25,0.94,-23.08,True
1.02,0.015,0.99,0.3,0.0,1.0,0.0,1.07,-19.98,True
1.02,0.015,0.99,0.3,0.1,0.0,1.0,2.99,-18.98,True
1.02,0.015,0.99,0.3,0.1,0.25,0.75,3.07,-16.91,True
1.02,0.015,0.99,0.3,0.1,0.5,0.5,3.14,-14.87,True
1.02,0.015,0.99,0.3,0.1,0.75,0.25,3.21,-12.73,True
1.02,0.015,0.99,0.3,0.1,1.0,0.0,3.27,-10.49,True
1.02,0.015,0.99,0.3,0.2,0.0,1.0,4.49,-14.1,True
1.02,0.015,0.99,0.3,0.2,0.25,0.75,4.56,-12.96,True
1.02,0.015,0.99,0.3,0.2,0.5,0.5,4.62,-11.8,True
1.02,0.015,0.99,0.3,0.2,0.75,0.25,4.67,-11.14,True
1.02,0.015,0.99,0.3,0.2,1.0,0.0,4.72,-11.15,True
1.02,0.015,0.99,0.3,0.3,0.0,1.0,5.61,-14.4,True
1.02,0.015,0.99,0.3,0.3,0.25,0.75,5.68,-14.29,True
1.02,0.015,0.99,0.3,0.3,0.5,0.5,5.74,-14.2,True
1.02,0.015,0.99,0.3,0.3,0.75,0.25,5.8,-14.16,True
1.02,0.015,0.99,0.3,0.3,1.0,0.0,5.84,-14.14,True
1.02,0.015,0.99,0.4,0.0,0.0,1.0,0.35,-33.91,True
1.02,0.015,0.99,0.4,0.0,0.25,0.75,0.56,-30.9,True
1.02,0.015,0.99,0.4,0.0,0.5,0.5,0.76,-27.8,True
1.02,0.015,0.99,0.4,0.0,0.75,0.25,0.94,-24.61,True
1.02,0.015,0.99,0.4,0.0,1.0,0.0,1.1,-21.32,True
1.02,0.015,0.99,0.4,0.1,0.0,1.0,2.89,-20.75,True
1.02,0.015,0.99,0.4,0.1,0.25,0.75,3.01,-18.61,True
1.02,0.015,0.99,0.4,0.1,0.5,0.5,3.13,-16.37,True
1.02,0.015,0.99,0.4,0.1,0.75,0.25,3.23,-14.03,True
1.02,0.015,0.99,0.4,0.1,1.0,0.0,3.33,-11.6,True
1.02,0.015,0.99,0.4,0.2,0.0,1.0,4.48,-15.19,True
1.02,0.015,0.99,0.4,0.2,0.25,0.75,4.58,-13.95,True
1.02,0.015,0.99,0.4,0.2,0.5,0.5,4.66,-12.68,True
1.02,0.015,0.99,0.4,0.2,0.75,0.25,4.75,-11.38,True
1.02,0.015,0.99,0.4,0.2,1.0,0.0,4.82,-11.27,True
1.02,0.015,0.99,0.4,0.3,0.0,1.0,5.62,-14.41,True
1.02,0.015,0.99,0.4,0.3,0.25,0.75,5.69,-14.29,True
1.02,0.015,0.99,0.4,0.3,0.5,0.5,5.76,-14.19,True
1.02,0.015,0.99,0.4,0.3,0.75,0.25,5.82,-14.13,True
1.02,0.015,0.99,0.4,0.3,1.0,0.0,5.88,-14.09,True
1.02,0.015,1.0,0.1,0.0,0.0,1.0,0.02,-13.17,True
1.02,0.015,1.0,0.1,0.0,0.25,0.75,0.06,-12.08,True
1.02,0.015,1.0,0.1,0.0,0.5,0.5,0.1,-10.97,True
1.02,0.015,1.0,0.1,0.0,0.75,0.25,0.14,-9.86,True
1.02,0.015,1.0,0.1,0.0,1.0,0.0,0.17,-8.74,True
1.02,0.015,1.0,0.1,0.1,0.0,1.0,2.49,-9.47,True
1.02,0.015,1.0,0.1,0.1,0.25,0.75,2.52,-8.32,True
1.02,0.015,1.0,0.1,0.1,0.5,0.5,2.54,-7.8,True
1.02,0.015,1.0,0.1,0.1,0.75,0.25,2.57,-7.87,True
1.02,0.015,1.0,0.1,0.1,1.0,0.0,2.59,-7.94,True
1.02,0.015,1.0,0.1,0.2,0.0,1.0,4.07,-11.55,True
1.02,0.015,1.0,0.1,0.2,0.25,0.75,4.1,-11.64,True
1.02,0.015,1.0,0.1,0.2,0.5,0.5,4.12,-11.73,True
1.02,0.015,1.0,0.1,0.2,0.75,0.25,4.15,-11.82,True
1.02,0.015,1.0,0.1,0.2,1.0,0.0,4.17,-11.92,True
1.02,0.015,1.0,0.1,0.3,0.0,1.0,5.29,-15.14,True
1.02,0.015,1.0,0.1,0.3,0.25,0.75,5.31,-15.03,True
1.02,0.015,1.0,0.1,0.3,0.5,0.5,5.33,-14.92,True
1.02,0.015,1.0,0.1,0.3,0.75,0.25,5.36,-14.81,True
1.02,0.015,1.0,0.1,0.3,1.0,0.0,5.38,-14.71,True
1.02,0.015,1.0,0.2,0.0,0.0,1.0,0.12,-25.1,True
1.02,0.015,1.0,0.2,0.0,0.25,0.75,0.21,-23.12,True
1.02,0.015,1.0,0.2,0.0,0.5,0.5,0.28,-21.1,True
1.02,0.015,1.0,0.2,0.0,0.75,0.25,0.35,-19.05,True
1.02,0.015,1.0,0.2,0.0,1.0,0.0,0.41,-16.95,True
1.02,0.015,1.0,0.2,0.1,0.0,1.0,2.56,-20.88,True
1.02,0.015,1.0,0.2,0.1,0.25,0.75,2.62,-18.88,True
1.02,0.015,1.0,0.2,0.1,0.5,0.5,2.67,-16.84,True
1.02,0.015,1.0,0.2,0.1,0.75,0.25,2.72,-14.76,True
1.02,0.015,1.0,0.2,0.1,1.0,0.0,2.75,-12.64,True
1.02,0.015,1.0,0.2,0.2,0.0,1.0,4.19,-15.05,True
1.02,0.015,1.0,0.2,0.2,0.25,0.75,4.23,-13.28,True
1.02,0.015,1.0,0.2,0.2,0.5,0.5,4.27,-11.47,True
1.02,0.015,1.0,0.2,0.2,0.75,0.25,4.3,-11.1,True
1.02,0.015,1.0,0.2,0.2,1.0,0.0,4.33,-11.23,True
1.02,0.015,1.0,0.2,0.3,0.0,1.0,5.36,-15.07,True
1.02,0.015,1.0,0.2,0.3,0.25,0.75,5.4,-14.94,True
1.02,0.015,1.0,0.2,0.3,0.5,0.5,5.43,-14.82,True
1.02,0.015,1.0,0.2,0.3,0.75,0.25,5.46,-14.69,True
1.02,0.015,1.0,0.2,0.3,1.0,0.0,5.49,-14.57,True
1.02,0.015,1.0,0.3,0.0,0.0,1.0,0.09,-34.4,True
1.02,0.015,1.0,0.3,0.0,0.25,0.75,0.22,-31.78,True
1.02,0.015,1.0,0.3,0.0,0.5,0.5,0.34,-29.09,True
1.02,0.015,1.0,0.3,0.0,0.75,0.25,0.44,-26.33,True
1.02,0.015,1.0,0.3,0.0,1.0,0.0,0.53,-23.5,True
1.02,0.015,1.0,0.3,0.1,0.0,1.0,2.46,-24.97,True
1.02,0.015,1.0,0.3,0.1,0.25,0.75,2.56,-22.69,True
1.02,0.015,1.0,0.3,0.1,0.5,0.5,2.63,-20.37,True
1.02,0.015,1.0,0.3,0.1,0.75,0.25,2.7,-17.97,True
1.02,0.015,1.0,0.3,0.1,1.0,0.0,2.77,-15.51,True
1.02,0.015,1.0,0.3,0.2,0.0,1.0,4.1,-17.34,True
1.02,0.015,1.0,0.3,0.2,0.25,0.75,4.18,-15.45,True
1.02,0.015,1.0,0.3,0.2,0.5,0.5,4.25,-13.5,True
1.02,0.015,1.0,0.3,0.2,0.75,0.25,4.31,-11.51,True
1.02,0.015,1.0,0.3,0.2,1.0,0.0,4.35,-11.27,True
1.02,0.015,1.0,0.3,0.3,0.0,1.0,5.36,-13.93,True
1.02,0.015,1.0,0.3,0.3,0.25,0.75,5.41,-13.92,True
1.02,0.015,1.0,0.3,0.3,0.5,0.5,5.47,-13.94,True
1.02,0.015,1.0,0.3,0.3,0.75,0.25,5.53,-13.99,True
1.02,0.015,1.0,0.3,0.3,1.0,0.0,5.58,-14.06,True
1.02,0.015,1.0,0.4,0.0,0.0,1.0,-0.1,-38.32,True
1.02,0.015,1.0,0.4,0.0,0.25,0.75,0.08,-35.46,True
1.02,0.015,1.0,0.4,0.0,0.5,0.5,0.24,-32.5,True
1.02,0.015,1.0,0.4,0.0,0.75,0.25,0.38,-29.46,True
1.02,0.015,1.0,0.4,0.0,1.0,0.0,0.51,-26.32,True
1.02,0.015,1.0,0.4,0.1,0.0,1.0,2.41,-27.41,True
1.02,0.015,1.0,0.4,0.1,0.25,0.75,2.53,-24.98,True
1.02,0.015,1.0,0.4,0.1,0.5,0.5,2.64,-22.47,True
1.02,0.015,1.0,0.4,0.1,0.75,0.25,2.74,-19.87,True
1.02,0.015,1.0,0.4,0.1,1.0,0.0,2.83,-17.18,True
1.02,0.015,1.0,0.4,0.2,0.0,1.0,4.12,-19.6,True
1.02,0.015,1.0,0.4,0.2,0.25,0.75,4.21,-17.72,True
1.02,0.015,1.0,0.4,0.2,0.5,0.5,4.29,-15.7,True
1.02,0.015,1.0,0.4,0.2,0.75,0.25,4.36,-13.57,True
1.02,0.015,1.0,0.4,0.2,1.0,0.0,4.43,-11.32,True
1.02,0.015,1.0,0.4,0.3,0.0,1.0,5.43,-14.21,True
1.02,0.015,1.0,0.4,0.3,0.25,0.75,5.49,-13.65,True
1.02,0.015,1.0,0.4,0.3,0.5,0.5,5.55,-13.69,True
1.02,0.015,1.0,0.4,0.3,0.75,0.25,5.6,-13.75,True
1.02,0.015,1.0,0.4,0.3,1.0,0.0,5.65,-13.84,True
1.02,0.015,1.01,0.1,0.0,0.0,1.0,-0.21,-7.83,True
1.02,0.015,1.01,0.1,0.0,0.25,0.75,-0.18,-7.13,True
1.02,0.015,1.01,0.1,0.0,0.5,0.5,-0.14,-6.43,True
1.02,0.015,1.01,0.1,0.0,0.75,0.25,-0.11,-5.72,True
1.02,0.015,1.01,0.1,0.0,1.0,0.0,-0.07,-5.0,True
1.02,0.015,1.01,0.1,0.1,0.0,1.0,2.4,-8.39,True
1.02,0.015,1.01,0.1,0.1,0.25,0.75,2.42,-8.42,True
1.02,0.015,1.01,0.1,0.1,0.5,0.5,2.44,-8.46,True
1.02,0.015,1.01,0.1,0.1,0.75,0.25,2.45,-8.5,True
1.02,0.015,1.01,0.1,0.1,1.0,0.0,2.47,-8.54,True
1.02,0.015,1.01,0.1,0.2,0.0,1.0,4.02,-12.44,True
1.02,0.015,1.01,0.1,0.2,0.25,0.75,4.04,-12.49,True
1.02,0.015,1.01,0.1,0.2,0.5,0.5,4.06,-12.54,True
1.02,0.015,1.01,0.1,0.2,0.75,0.25,4.07,-12.59,True
1.02,0.015,1.01,0.1,0.2,1.0,0.0,4.09,-12.65,True
1.02,0.015,1.01,0.1,0.3,0.0,1.0,5.22,-15.42,True
1.02,0.015,1.01,0.1,0.3,0.25,0.75,5.24,-15.31,True
1.02,0.015,1.01,0.1,0.3,0.5,0.5,5.26,-15.21,True
1.02,0.015,1.01,0.1,0.3,0.75,0.25,5.28,-15.11,True
1.02,0.015,1.01,0.1,0.3,1.0,0.0,5.3,-15.14,True
1.02,0.015,1.01,0.2,0.0,0.0,1.0,-0.3,-15.25,True
1.02,0.015,1.01,0.2,0.0,0.25,0.75,-0.22,-13.92,True
1.02,0.015,1.01,0.2,0.0,0.5,0.5,-0.15,-12.57,True
1.02,0.015,1.01,0.2,0.0,0.75,0.25,-0.09,-11.22,True
1.02,0.015,1.01,0.2,0.0,1.0,0.0,-0.03,-9.85,True
1.02,0.015,1.01,0.2,0.1,0.0,1.0,2.29,-12.26,True
1.02,0.015,1.01,0.2,0.1,0.25,0.75,2.34,-11.32,True
1.02,0.015,1.01,0.2,0.1,0.5,0.5,2.39,-10.35,True
1.02,0.015,1.01,0.2,0.1,0.75,0.25,2.44,-9.35,True
1.02,0.015,1.01,0.2,0.1,1.0,0.0,2.48,-8.32,True
1.02,0.015,1.01,0.2,0.2,0.0,1.0,3.92,-12.66,True
1.02,0.015,1.01,0.2,0.2,0.25,0.75,3.97,-12.63,True
1.02,0.015,1.01,0.2,0.2,0.5,0.5,4.02,-12.61,True
1.02,0.015,1.01,0.2,0.2,0.75,0.25,4.06,-12.61,True
1.02,0.015,1.01,0.2,0.2,1.0,0.0,4.1,-12.62,True
1.02,0.015,1.01,0.2,0.3,0.0,1.0,5.16,-16.47,True
1.02,0.015,1.01,0.2,0.3,0.25,0.75,5.19,-16.27,True
1.02,0.015,1.01,0.2,0.3,0.5,0.5,5.22,-16.06,True
1.02,0.015,1.01,0.2,0.3,0.75,0.25,5.26,-15.86,True
1.02,0.015,1.01,0.2,0.3,1.0,0.0,5.29,-15.65,True
1.02,0.015,1.01,0.3,0.0,0.0,1.0,-0.6,-22.25,True
1.02,0.015,1.01,0.3,0.0,0.25,0.75,-0.47,-20.37,True
1.02,0.015,1.01,0.3,0.0,0.5,0.5,-0.35,-18.45,True
1.02,0.015,1.01,0.3,0.0,0.75,0.25,-0.24,-16.5,True
1.02,0.015,1.01,0.3,0.0,1.0,0.0,-0.14,-14.52,True
1.02,0.015,1.01,0.3,0.1,0.0,1.0,1.88,-15.08,True
1.02,0.015,1.01,0.3,0.1,0.25,0.75,1.99,-13.94,True
1.02,0.015,1.01,0.3,0.1,0.5,0.5,2.1,-12.76,True
1.02,0.015,1.01,0.3,0.1,0.75,0.25,2.19,-11.54,True
1.02,0.015,1.01,0.3,0.1,1.0,0.0,2.28,-10.26,True
1.02,0.015,1.01,0.3,0.2,0.0,1.0,3.69,-14.81,True
1.02,0.015,1.01,0.3,0.2,0.25,0.75,3.77,-13.76,True
1.02,0.015,1.01,0.3,0.2,0.5,0.5,3.85,-13.46,True
1.02,0.015,1.01,0.3,0.2,0.75,0.25,3.92,-13.35,True
1.02,0.015,1.01,0.3,0.2,1.0,0.0,3.97,-13.23,True
1.02,0.015,1.01,0.3,0.3,0.0,1.0,5.07,-16.78,True
1.02,0.015,1.01,0.3,0.3,0.25,0.75,5.12,-16.61,True
1.02,0.015,1.01,0.3,0.3,0.5,0.5,5.18,-16.45,True
1.02,0.015,1.01,0.3,0.3,0.75,0.25,5.23,-16.3,True
1.02,0.015,1.01,0.3,0.3,1.0,0.0,5.29,-16.17,True
1.02,0.015,1.01,0.4,0.0,0.0,1.0,-1.23,-26.59,True
1.02,0.015,1.01,0.4,0.0,0.25,0.75,-1.02,-24.37,True
1.02,0.015,1.01,0.4,0.0,0.5,0.5,-0.82,-22.11,True
1.02,0.015,1.01,0.4,0.0,0.75,0.25,-0.64,-19.8,True
1.02,0.015,1.01,0.4,0.0,1.0,0.0,-0.47,-17.45,True
1.02,0.015,1.01,0.4,0.1,0.0,1.0,1.6,-17.24,True
1.02,0.015,1.01,0.4,0.1,0.25,0.75,1.75,-15.94,True
1.02,0.015,1.01,0.4,0.1,0.5,0.5,1.89,-14.59,True
1.02,0.015,1.01,0.4,0.1,0.75,0.25,2.03,-13.18,True
1.02,0.015,1.01,0.4,0.1,1.0,0.0,2.16,-11.73,True
1.02,0.015,1.01,0.4,0.2,0.0,1.0,3.62,-16.41,True
1.02,0.015,1.01,0.4,0.2,0.25,0.75,3.71,-15.23,True
1.02,0.015,1.01,0.4,0.2,0.5,0.5,3.8,-14.02,True
1.02,0.015,1.01,0.4,0.2,0.75,0.25,3.88,-13.8,True
1.02,0.015,1.01,0.4,0.2,1.0,0.0,3.97,-13.65,True
1.02,0.015,1.01,0.4,0.3,0.0,1.0,5.07,-16.75,True
1.02,0.015,1.01,0.4,0.3,0.25,0.75,5.12,-16.58,True
1.02,0.015,1.01,0.4,0.3,0.5,0.5,5.18,-16.42,True
1.02,0.015,1.01,0.4,0.3,0.75,0.25,5.24,-16.28,True
1.02,0.015,1.01,0.4,0.3,1.0,0.0,5.29,-16.16,True
1.02,0.015,1.02,0.1,0.0,0.0,1.0,0.51,-7.06,True
1.02,0.015,1.02,0.1,0.0,0.25,0.75,0.48,-6.46,True
1.02,0.015,1.02,0.1,0.0,0.5,0.5,0.45,-5.85,True
1.02,0.015,1.02,0.1,0.0,0.75,0.25,0.42,-5.24,True
1.02,0.015,1.02,0.1,0.0,1.0,0.0,0.38,-4.62,True
1.02,0.015,1.02,0.1,0.1,0.0,1.0,2.92,-7.71,True
1.02,0.015,1.02,0.1,0.1,0.25,0.75,2.89,-7.79,True
1.02,0.015,1.02,0.1,0.1,0.5,0.5,2.86,-7.88,True
1.02,0.015,1.02,0.1,0.1,0.75,0.25,2.82,-7.96,True
1.02,0.015,1.02,0.1,0.1,1.0,0.0,2.79,-8.05,True
1.02,0.015,1.02,0.1,0.2,0.0,1.0,4.49,-11.59,True
1.02,0.015,1.02,0.1,0.2,0.25,0.75,4.46,-11.7,True
1.02,0.015,1.02,0.1,0.2,0.5,0.5,4.43,-11.82,True
1.02,0.015,1.02,0.1,0.2,0.75,0.25,4.4,-11.93,True
1.02,0.015,1.02,0.1,0.2,1.0,0.0,4.37,-12.06,True
1.02,0.015,1.02,0.1,0.3,0.0,1.0,5.67,-14.84,True
1.02,0.015,1.02,0.1,0.3,0.25,0.75,5.64,-14.77,True
1.02,0.015,1.02,0.1,0.3,0.5,0.5,5.62,-14.71,True
1.02,0.015,1.02,0.1,0.3,0.75,0.25,5.59,-14.65,True
1.02,0.015,1.02,0.1,0.3,1.0,0.0,5.56,-14.59,True
1.02,0.015,1.02,0.2,0.0,0.0,1.0,1.07,-13.88,True
1.02,0.015,1.02,0.2,0.0,0.25,0.75,1.02,-12.71,True
1.02,0.015,1.02,0.2,0.0,0.5,0.5,0.97,-11.53,True
1.02,0.015,1.02,0.2,0.0,0.75,0.25,0.9,-10.34,True
1.02,0.015,1.02,0.2,0.0,1.0,0.0,0.84,-9.14,True
1.02,0.015,1.02,0.2,0.1,0.0,1.0,3.3,-10.66,True
1.02,0.015,1.02,0.2,0.1,0.25,0.75,3.27,-9.38,True
1.02,0.015,1.02,0.2,0.1,0.5,0.5,3.22,-8.09,True
1.02,0.015,1.02,0.2,0.1,0.75,0.25,3.17,-7.3,True
1.02,0.015,1.02,0.2,0.1,1.0,0.0,3.11,-7.45,True
1.02,0.015,1.02,0.2,0.2,0.0,1.0,4.71,-10.82,True
1.02,0.015,1.02,0.2,0.2,0.25,0.75,4.7,-10.94,True
1.02,0.015,1.02,0.2,0.2,0.5,0.5,4.68,-11.14,True
1.02,0.015,1.02,0.2,0.2,0.75,0.25,4.66,-11.35,True
1.02,0.015,1.02,0.2,0.2,1.0,0.0,4.62,-11.52,True
1.02,0.015,1.02,0.2,0.3,0.0,1.0,5.72,-15.24,True
1.02,0.015,1.02,0.2,0.3,0.25,0.75,5.73,-15.19,True
1.02,0.015,1.02,0.2,0.3,0.5,0.5,5.73,-15.15,True
1.02,0.015,1.02,0.2,0.3,0.75,0.25,5.73,-15.11,True
1.02,0.015,1.02,0.2,0.3,1.0,0.0,5.71,-15.0,True
1.02,0.015,1.02,0.3,0.0,0.0,1.0,1.25,-20.44,True
1.02,0.015,1.02,0.3,0.0,0.25,0.75,1.21,-18.75,True
1.02,0.015,1.02,0.3,0.0,0.5,0.5,1.16,-17.04,True
1.02,0.015,1.02,0.3,0.0,0.75,0.25,1.1,-15.31,True
1.02,0.015,1.02,0.3,0.0,1.0,0.0,1.03,-13.57,True
1.02,0.015,1.02,0.3,0.1,0.0,1.0,3.18,-13.96,True
1.02,0.015,1.02,0.3,0.1,0.25,0.75,3.18,-12.33,True
1.02,0.015,1.02,0.3,0.1,0.5,0.5,3.17,-10.67,True
1.02,0.015,1.02,0.3,0.1,0.75,0.25,3.15,-9.01,True
1.02,0.015,1.02,0.3,0.1,1.0,0.0,3.13,-8.25,True
1.02,0.015,1.02,0.3,0.2,0.0,1.0,4.52,-12.79,True
1.02,0.015,1.02,0.3,0.2,0.25,0.75,4.54,-12.23,True
1.02,0.015,1.02,0.3,0.2,0.5,0.5,4.55,-11.68,True
1.02,0.015,1.02,0.3,0.2,0.75,0.25,4.56,-11.68,True
1.02,0.015,1.02,0.3,0.2,1.0,0.0,4.56,-11.83,True
1.02,0.015,1.02,0.3,0.3,0.0,1.0,5.59,-15.15,True
1.02,0.015,1.02,0.3,0.3,0.25,0.75,5.62,-15.11,True
1.02,0.015,1.02,0.3,0.3,0.5,0.5,5.65,-15.06,True
1.02,0.015,1.02,0.3,0.3,0.75,0.25,5.67,-15.02,True
1.02,0.015,1.02,0.3,0.3,1.0,0.0,5.68,-14.98,True
1.02,0.015,1.02,0.4,0.0,0.0,1.0,0.97,-23.72,True
1.02,0.015,1.02,0.4,0.0,0.25,0.75,0.98,-21.75,True
1.02,0.015,1.02,0.4,0.0,0.5,0.5,0.97,-19.77,True
1.02,0.015,1.02,0.4,0.0,0.75,0.25,0.95,-17.76,True
1.02,0.015,1.02,0.4,0.0,1.0,0.0,0.92,-15.72,True
1.02,0.015,1.02,0.4,0.1,0.0,1.0,2.96,-14.17,True
1.02,0.015,1.02,0.4,0.1,0.25,0.75,2.99,-12.51,True
1.02,0.015,1.02,0.4,0.1,0.5,0.5,3.02,-11.35,True
1.02,0.015,1.02,0.4,0.1,0.75,0.25,3.03,-10.6,True
1.02,0.015,1.02,0.4,0.1,1.0,0.0,3.04,-9.85,True
1.02,0.015,1.02,0.4,0.2,0.0,1.0,4.42,-15.12,True
1.02,0.015,1.02,0.4,0.2,0.25,0.75,4.47,-14.37,True
1.02,0.015,1.02,0.4,0.2,0.5,0.5,4.5,-13.63,True
1.02,0.015,1.02,0.4,0.2,0.75,0.25,4.53,-12.88,True
1.02,0.015,1.02,0.4,0.2,1.0,0.0,4.54,-12.13,True
1.02,0.015,1.02,0.4,0.3,0.0,1.0,5.57,-15.98,True
1.02,0.015,1.02,0.4,0.3,0.25,0.75,5.61,-15.28,True
1.02,0.015,1.02,0.4,0.3,0.5,0.5,5.63,-14.9,True
1.02,0.015,1.02,0.4,0.3,0.75,0.25,5.66,-14.86,True
1.02,0.015,1.02,0.4,0.3,1.0,0.0,5.67,-14.89,True
1.02,0.02,0.95,0.1,0.0,0.0,1.0,0.37,-15.5,True
1.02,0.02,0.95,0.1,0.0,0.25,0.75,0.46,-13.86,True
1.02,0.02,0.95,0.1,0.0,0.5,0.5,0.54,-12.18,True
1.02,0.02,0.95,0.1,0.0,0.75,0.25,0.62,-10.47,True
1.02,0.02,0.95,0.1,0.0,1.0,0.0,0.69,-8.72,True
1.02,0.02,0.95,0.1,0.1,0.0,1.0,2.55,-12.02,True
1.02,0.02,0.95,0.1,0.1,0.25,0.75,2.61,-10.53,True
1.02,0.02,0.95,0.1,0.1,0.5,0.5,2.65,-9.01,True
1.02,0.02,0.95,0.1,0.1,0.75,0.25,2.7,-7.44,True
1.02,0.02,0.95,0.1,0.1,1.0,0.0,2.74,-7.04,True
1.02,0.02,0.95,0.1,0.2,0.0,1.0,4.25,-10.3,True
1.02,0.02,0.95,0.1,0.2,0.25,0.75,4.26,-10.41,True
1.02,0.02,0.95,0.1,0.2,0.5,0.5,4.28,-10.53,True
1.02,0.02,0.95,0.1,0.2,0.75,0.25,4.29,-10.64,True
1.02,0.02,0.95,0.1,0.2,1.0,0.0,4.3,-10.76,True
1.02,0.02,0.95,0.1,0.3,0.0,1.0,5.54,-13.78,True
1.02,0.02,0.95,0.1,0.3,0.25,0.75,5.54,-13.69,True
1.02,0.02,0.95,0.1,0.3,0.5,0.5,5.53,-13.59,True
1.02,0.02,0.95,0.1,0.3,0.75,0.25,5.52,-13.5,True
1.02,0.02,0.95,0.1,0.3,1.0,0.0,5.51,-13.4,True
1.02,0.02,0.95,0.2,0.0,0.0,1.0,2.98,-15.13,True
1.02,0.02,0.95,0.2,0.0,0.25,0.75,2.93,-13.93,True
1.02,0.02,0.95,0.2,0.0,0.5,0.5,2.86,-12.61,True
1.02,0.02,0.95,0.2,0.0,0.75,0.25,2.78,-11.17,True
1.02,0.02,0.95,0.2,0.0,1.0,0.0,2.69,-9.58,True
1.02,0.02,0.95,0.2,0.1,0.0,1.0,4.42,-12.36,True
1.02,0.02,0.95,0.2,0.1,0.25,0.75,4.38,-11.25,True
1.02,0.02,0.95,0.2,0.1,0.5,0.5,4.33,-10.03,True
1.02,0.02,0.95,0.2,0.1,0.75,0.25,4.27,-8.7,True
1.02,0.02,0.95,0.2,0.1,1.0,0.0,4.2,-7.24,True
1.02,0.02,0.95,0.2,0.2,0.0,1.0,5.58,-10.95,True
1.02,0.02,0.95,0.2,0.2,0.25,0.75,5.54,-10.27,True
1.02,0.02,0.95,0.2,0.2,0.5,0.5,5.49,-9.94,True
1.02,0.02,0.95,0.2,0.2,0.75,0.25,5.43,-9.82,True
1.02,0.02,0.95,0.2,0.2,1.0,0.0,5.36,-9.7,True
1.02,0.02,0.95,0.2,0.3,0.0,1.0,6.52,-14.44,True
1.02,0.02,0.95,0.2,0.3,0.25,0.75,6.48,-14.3,True
1.02,0.02,0.95,0.2,0.3,0.5,0.5,6.44,-14.17,True
1.02,0.02,0.95,0.2,0.3,0.75,0.25,6.38,-14.03,True
1.02,0.02,0.95,0.2,0.3,1.0,0.0,6.32,-13.9,True
1.02,0.02,0.95,0.3,0.0,0.0,1.0,3.82,-18.16,True
1.02,0.02,0.95,0.3,0.0,0.25,0.75,3.76,-16.66,True
1.02,0.02,0.95,0.3,0.0,0.5,0.5,3.68,-15.14,True
1.02,0.02,0.95,0.3,0.0,0.75,0.25,3.58,-13.62,True
1.02,0.02,0.95,0.3,0.0,1.0,0.0,3.47,-12.08,True
1.02,0.02,0.95,0.3,0.1,0.0,1.0,5.13,-14.6,True
1.02,0.02,0.95,0.3,0.1,0.25,0.75,5.08,-13.06,True
1.02,0.02,0.95,0.3,0.1,0.5,0.5,5.02,-11.5,True
1.02,0.02,0.95,0.3,0.1,0.75,0.25,4.93,-10.0,True
1.02,0.02,0.95,0.3,0.1,1.0,0.0,4.83,-8.84,True
1.02,0.02,0.95,0.3,0.2,0.0,1.0,6.08,-12.54,True
1.02,0.02,0.95,0.3,0.2,0.25,0.75,6.04,-11.36,True
1.02,0.02,0.95,0.3,0.2,0.5,0.5,5.98,-10.29,True
1.02,0.02,0.95,0.3,0.2,0.75,0.25,5.91,-10.13,True
1.02,0.02,0.95,0.3,0.2,1.0,0.0,5.83,-9.98,True
1.02,0.02,0.95,0.3,0.3,0.0,1.0,6.51,-15.21,True
1.02,0.02,0.95,0.3,0.3,0.25,0.75,6.5,-14.99,True
1.02,0.02,0.95,0.3,0.3,0.5,0.5,6.47,-14.77,True
1.02,0.02,0.95,0.3,0.3,0.75,0.25,6.43,-14.55,True
1.02,0.02,0.95,0.3,0.3,1.0,0.0,6.38,-14.34,True
1.02,0.02,0.95,0.4,0.0,0.0,1.0,4.23,-20.44,True
1.02,0.02,0.95,0.4,0.0,0.25,0.75,4.18,-18.74,True
1.02,0.02,0.95,0.4,0.0,0.5,0.5,4.12,-17.02,True
1.02,0.02,0.95,0.4,0.0,0.75,0.25,4.02,-15.29,True
1.02,0.02,0.95,0.4,0.0,1.0,0.0,3.9,-13.54,True
1.02,0.02,0.95,0.4,0.1,0.0,1.0,5.35,-17.64,True
1.02,0.02,0.95,0.4,0.1,0.25,0.75,5.32,-16.09,True
1.02,0.02,0.95,0.4,0.1,0.5,0.5,5.26,-14.54,True
1.02,0.02,0.95,0.4,0.1,0.75,0.25,5.19,-12.97,True
1.02,0.02,0.95,0.4,0.1,1.0,0.0,5.09,-11.39,True
1.02,0.02,0.95,0.4,0.2,0.0,1.0,5.7,-16.83,True
1.02,0.02,0.95,0.4,0.2,0.25,0.75,5.71,-15.27,True
1.02,0.02,0.95,0.4,0.2,0.5,0.5,5.7,-13.71,True
1.02,0.02,0.95,0.4,0.2,0.75,0.25,5.68,-12.14,True
1.02,0.02,0.95,0.4,0.2,1.0,0.0,5.63,-10.56,True
1.02,0.02,0.95,0.4,0.3,0.0,1.0,5.95,-15.37,True
1.02,0.02,0.95,0.4,0.3,0.25,0.75,6.0,-15.12,True
1.02,0.02,0.95,0.4,0.3,0.5,0.5,6.04,-14.87,True
1.02,0.02,0.95,0.4,0.3,0.75,0.25,6.06,-14.63,True
1.02,0.02,0.95,0.4,0.3,1.0,0.0,6.07,-14.4,True
1.02,0.02,0.97,0.1,0.0,0.0,1.0,0.43,-12.14,True
1.02,0.02,0.97,0.1,0.0,0.25,0.75,0.46,-11.08,True
1.02,0.02,0.97,0.1,0.0,0.5,0.5,0.48,-9.96,True
1.02,0.02,0.97,0.1,0.0,0.75,0.25,0.49,-8.79,True
1.02,0.02,0.97,0.1,0.0,1.0,0.0,0.5,-7.56,True
1.02,0.02,0.97,0.1,0.1,0.0,1.0,2.58,-10.61,True
1.02,0.02,0.97,0.1,0.1,0.25,0.75,2.58,-9.57,True
1.02,0.02,0.97,0.1,0.1,0.5,0.5,2.59,-8.48,True
1.02,0.02,0.97,0.1,0.1,0.75,0.25,2.59,-7.61,True
1.02,0.02,0.97,0.1,0.1,1.0,0.0,2.59,-7.63,True
1.02,0.02,0.97,0.1,0.2,0.0,1.0,4.15,-11.33,True
1.02,0.02,0.97,0.1,0.2,0.25,0.75,4.14,-11.38,True
1.02,0.02,0.97,0.1,0.2,0.5,0.5,4.12,-11.44,True
1.02,0.02,0.97,0.1,0.2,0.75,0.25,4.1,-11.51,True
1.02,0.02,0.97,0.1,0.2,1.0,0.0,4.08,-11.59,True
1.02,0.02,0.97,0.1,0.3,0.0,1.0,5.29,-14.25,True
1.02,0.02,0.97,0.1,0.3,0.25,0.75,5.28,-14.1,True
1.02,0.02,0.97,0.1,0.3,0.5,0.5,5.27,-13.96,True
1.02,0.02,0.97,0.1,0.3,0.75,0.25,5.26,-13.97,True
1.02,0.02,0.97,0.1,0.3,1.0,0.0,5.24,-14.05,True
1.02,0.02,0.97,0.2,0.0,0.0,1.0,0.94,-17.03,True
1.02,0.02,0.97,0.2,0.0,0.25,0.75,1.0,-15.77,True
1.02,0.02,0.97,0.2,0.0,0.5,0.5,1.04,-14.4,True
1.02,0.02,0.97,0.2,0.0,0.75,0.25,1.07,-12.91,True
1.02,0.02,0.97,0.2,0.0,1.0,0.0,1.08,-11.28,True
1.02,0.02,0.97,0.2,0.1,0.0,1.0,2.76,-13.46,True
1.02,0.02,0.97,0.2,0.1,0.25,0.75,2.82,-12.45,True
1.02,0.02,0.97,0.2,0.1,0.5,0.5,2.87,-11.43,True
1.02,0.02,0.97,0.2,0.1,0.75,0.25,2.91,-10.4,True
1.02,0.02,0.97,0.2,0.1,1.0,0.0,2.94,-9.37,True
1.02,0.02,0.97,0.2,0.2,0.0,1.0,4.28,-12.71,True
1.02,0.02,0.97,0.2,0.2,0.25,0.75,4.32,-11.78,True
1.02,0.02,0.97,0.2,0.2,0.5,0.5,4.35,-10.98,True
1.02,0.02,0.97,0.2,0.2,0.75,0.25,4.37,-11.07,True
1.02,0.02,0.97,0.2,0.2,1.0,0.0,4.39,-11.18,True
1.02,0.02,0.97,0.2,0.3,0.0,1.0,5.22,-14.71,True
1.02,0.02,0.97,0.2,0.3,0.25,0.75,5.28,-14.58,True
1.02,0.02,0.97,0.2,0.3,0.5,0.5,5.33,-14.46,True
1.02,0.02,0.97,0.2,0.3,0.75,0.25,5.38,-14.34,True
1.02,0.02,0.97,0.2,0.3,1.0,0.0,5.41,-14.22,True
1.02,0.02,0.97,0.3,0.0,0.0,1.0,0.37,-19.7,True
1.02,0.02,0.97,0.3,0.0,0.25,0.75,0.53,-18.15,True
1.02,0.02,0.97,0.3,0.0,0.5,0.5,0.67,-16.61,True
1.02,0.02,0.97,0.3,0.0,0.75,0.25,0.79,-15.08,True
1.02,0.02,0.97,0.3,0.0,1.0,0.0,0.88,-13.55,True
1.02,0.02,0.97,0.3,0.1,0.0,1.0,2.79,-14.91,True
1.02,0.02,0.97,0.3,0.1,0.25,0.75,2.87,-13.84,True
1.02,0.02,0.97,0.3,0.1,0.5,0.5,2.95,-12.76,True
1.02,0.02,0.97,0.3,0.1,0.75,0.25,3.01,-11.65,True
1.02,0.02,0.97,0.3,0.1,1.0,0.0,3.05,-10.54,True
1.02,0.02,0.97,0.3,0.2,0.0,1.0,3.97,-12.37,True
1.02,0.02,0.97,0.3,0.2,0.25,0.75,4.08,-11.59,True
1.02,0.02,0.97,0.3,0.2,0.5,0.5,4.18,-11.45,True
1.02,0.02,0.97,0.3,0.2,0.75,0.25,4.26,-11.36,True
1.02,0.02,0.97,0.3,0.2,1.0,0.0,4.33,-11.33,True
1.02,0.02,0.97,0.3,0.3,0.0,1.0,4.91,-15.49,True
1.02,0.02,0.97,0.3,0.3,0.25,0.75,5.0,-15.23,True
1.02,0.02,0.97,0.3,0.3,0.5,0.5,5.09,-15.01,True
1.02,0.02,0.97,0.3,0.3,0.75,0.25,5.17,-14.82,True
1.02,0.02,0.97,0.3,0.3,1.0,0.0,5.24,-14.67,True
1.02,0.02,0.97,0.4,0.0,0.0,1.0,0.29,-20.97,True
1.02,0.02,0.97,0.4,0.0,0.25,0.75,0.49,-19.29,True
1.02,0.02,0.97,0.4,0.0,0.5,0.5,0.68,-17.63,True
1.02,0.02,0.97,0.4,0.0,0.75,0.25,0.83,-15.99,True
1.02,0.02,0.97,0.4,0.0,1.0,0.0,0.95,-14.36,True
1.02,0.02,0.97,0.4,0.1,0.0,1.0,2.41,-15.33,True
1.02,0.02,0.97,0.4,0.1,0.25,0.75,2.57,-14.16,True
1.02,0.02,0.97,0.4,0.1,0.5,0.5,2.72,-12.88,True
1.02,0.02,0.97,0.4,0.1,0.75,0.25,2.85,-11.46,True
1.02,0.02,0.97,0.4,0.1,1.0,0.0,2.95,-9.9,True
1.02,0.02,0.97,0.4,0.2,0.0,1.0,3.62,-13.05,True
1.02,0.02,0.97,0.4,0.2,0.25,0.75,3.76,-12.73,True
1.02,0.02,0.97,0.4,0.2,0.5,0.5,3.9,-12.45,True
1.02,0.02,0.97,0.4,0.2,0.75,0.25,4.01,-12.22,True
1.02,0.02,0.97,0.4,0.2,1.0,0.0,4.11,-12.04,True
1.02,0.02,0.97,0.4,0.3,0.0,1.0,4.78,-16.12,True
1.02,0.02,0.97,0.4,0.3,0.25,0.75,4.87,-15.82,True
1.02,0.02,0.97,0.4,0.3,0.5,0.5,4.96,-15.54,True
1.02,0.02,0.97,0.4,0.3,0.75,0.25,5.04,-15.3,True
1.02,0.02,0.97,0.4,0.3,1.0,0.0,5.12,-15.11,True
1.02,0.02,0.99,0.1,0.0,0.0,1.0,-0.21,-5.38,True
1.02,0.02,0.99,0.1,0.0,0.25,0.75,-0.17,-4.84,True
1.02,0.02,0.99,0.1,0.0,0.5,0.5,-0.13,-4.31,True
1.02,0.02,0.99,0.1,0.0,0.75,0.25,-0.09,-3.78,True
1.02,0.02,0.99,0.1,0.0,1.0,0.0,-0.05,-3.24,True
1.02,0.02,0.99,0.1,0.1,0.0,1.0,2.12,-8.71,True
1.02,0.02,0.99,0.1,0.1,0.25,0.75,2.15,-8.69,True
1.02,0.02,0.99,0.1,0.1,0.5,0.5,2.19,-8.68,True
1.02,0.02,0.99,0.1,0.1,0.75,0.25,2.23,-8.67,True
1.02,0.02,0.99,0.1,0.1,1.0,0.0,2.27,-8.65,True
1.02,0.02,0.99,0.1,0.2,0.0,1.0,3.65,-13.06,True
1.02,0.02,0.99,0.1,0.2,0.25,0.75,3.69,-13.03,True
1.02,0.02,0.99,0.1,0.2,0.5,0.5,3.73,-13.01,True
1.02,0.02,0.99,0.1,0.2,0.75,0.25,3.76,-12.99,True
1.02,0.02,0.99,0.1,0.2,1.0,0.0,3.8,-12.96,True
1.02,0.02,0.99,0.1,0.3,0.0,1.0,4.83,-15.62,True
1.02,0.02,0.99,0.1,0.3,0.25,0.75,4.86,-15.59,True
1.02,0.02,0.99,0.1,0.3,0.5,0.5,4.9,-15.57,True
1.02,0.02,0.99,0.1,0.3,0.75,0.25,4.93,-15.54,True
1.02,0.02,0.99,0.1,0.3,1.0,0.0,4.96,-15.52,True
1.02,0.02,0.99,0.2,0.0,0.0,1.0,-0.48,-10.68,True
1.02,0.02,0.99,0.2,0.0,0.25,0.75,-0.39,-9.64,True
1.02,0.02,0.99,0.2,0.0,0.5,0.5,-0.29,-8.59,True
1.02,0.02,0.99,0.2,0.0,0.75,0.25,-0.21,-7.54,True
1.02,0.02,0.99,0.2,0.0,1.0,0.0,-0.12,-6.48,True
1.02,0.02,0.99,0.2,0.1,0.0,1.0,1.85,-8.6,True
1.02,0.02,0.99,0.2,0.1,0.25,0.75,1.93,-8.57,True
1.02,0.02,0.99,0.2,0.1,0.5,0.5,2.01,-8.54,True
1.02,0.02,0.99,0.2,0.1,0.75,0.25,2.08,-8.5,True
1.02,0.02,0.99,0.2,0.1,1.0,0.0,2.16,-8.47,True
1.02,0.02,0.99,0.2,0.2,0.0,1.0,3.55,-12.68,True
1.02,0.02,0.99,0.2,0.2,0.25,0.75,3.61,-12.66,True
1.02,0.02,0.99,0.2,0.2,0.5,0.5,3.66,-12.64,True
1.02,0.02,0.99,0.2,0.2,0.75,0.25,3.71,-12.62,True
1.02,0.02,0.99,0.2,0.2,1.0,0.0,3.77,-12.6,True
1.02,0.02,0.99,0.2,0.3,0.0,1.0,4.8,-15.34,True
1.02,0.02,0.99,0.2,0.3,0.25,0.75,4.84,-15.32,True
1.02,0.02,0.99,0.2,0.3,0.5,0.5,4.88,-15.28,True
1.02,0.02,0.99,0.2,0.3,0.75,0.25,4.92,-15.26,True
1.02,0.02,0.99,0.2,0.3,1.0,0.0,4.96,-15.23,True
1.02,0.02,0.99,0.3,0.0,0.0,1.0,-0.82,-15.28,True
1.02,0.02,0.99,0.3,0.0,0.25,0.75,-0.68,-13.81,True
1.02,0.02,0.99,0.3,0.0,0.5,0.5,-0.54,-12.32,True
1.02,0.02,0.99,0.3,0.0,0.75,0.25,-0.4,-10.82,True
1.02,0.02,0.99,0.3,0.0,1.0,0.0,-0.27,-9.32,True
1.02,0.02,0.99,0.3,0.1,0.0,1.0,1.76,-9.07,True
1.02,0.02,0.99,0.3,0.1,0.25,0.75,1.86,-8.3,True
1.02,0.02,0.99,0.3,0.1,0.5,0.5,1.96,-8.28,True
1.02,0.02,0.99,0.3,0.1,0.75,0.25,2.05,-8.25,True
1.02,0.02,0.99,0.3,0.1,1.0,0.0,2.14,-8.23,True
1.02,0.02,0.99,0.3,0.2,0.0,1.0,3.47,-12.73,True
1.02,0.02,0.99,0.3,0.2,0.25,0.75,3.53,-12.69,True
1.02,0.02,0.99,0.3,0.2,0.5,0.5,3.6,-12.64,True
1.02,0.02,0.99,0.3,0.2,0.75,0.25,3.67,-12.61,True
1.02,0.02,0.99,0.3,0.2,1.0,0.0,3.74,-12.56,True
1.02,0.02,0.99,0.3,0.3,0.0,1.0,4.7,-15.49,True
1.02,0.02,0.99,0.3,0.3,0.25,0.75,4.76,-15.42,True
1.02,0.02,0.99,0.3,0.3,0.5,0.5,4.81,-15.36,True
1.02,0.02,0.99,0.3,0.3,0.75,0.25,4.87,-15.31,True
1.02,0.02,0.99,0.3,0.3,1.0,0.0,4.92,-15.26,True
1.02,0.02,0.99,0.4,0.0,0.0,1.0,-1.14,-18.83,True
1.02,0.02,0.99,0.4,0.0,0.25,0.75,-0.95,-17.03,True
1.02,0.02,0.99,0.4,0.0,0.5,0.5,-0.77,-15.23,True
1.02,0.02,0.99,0.4,0.0,0.75,0.25,-0.59,-13.41,True
1.02,0.02,0.99,0.4,0.0,1.0,0.0,-0.41,-11.57,True
1.02,0.02,0.99,0.4,0.1,0.0,1.0,1.62,-10.14,True
1.02,0.02,0.99,0.4,0.1,0.25,0.75,1.73,-8.87,True
1.02,0.02,0.99,0.4,0.1,0.5,0.5,1.84,-8.37,True
1.02,0.02,0.99,0.4,0.1,0.75,0.25,1.95,-8.33,True
1.02,0.02,0.99,0.4,0.1,1.0,0.0,2.06,-8.29,True
1.02,0.02,0.99,0.4,0.2,0.0,1.0,3.34,-12.96,True
1.02,0.02,0.99,0.4,0.2,0.25,0.75,3.42,-12.88,True
1.02,0.02,0.99,0.4,0.2,0.5,0.5,3.5,-12.8,True
1.02,0.02,0.99,0.4,0.2,0.75,0.25,3.58,-12.73,True
1.02,0.02,0.99,0.4,0.2,1.0,0.0,3.66,-12.67,True
1.02,0.02,0.99,0.4,0.3,0.0,1.0,4.61,-15.91,True
1.02,0.02,0.99,0.4,0.3,0.25,0.75,4.67,-15.81,True
1.02,0.02,0.99,0.4,0.3,0.5,0.5,4.73,-15.71,True
1.02,0.02,0.99,0.4,0.3,0.75,0.25,4.79,-15.62,True
1.02,0.02,0.99,0.4,0.3,1.0,0.0,4.85,-15.53,True
1.02,0.02,1.0,0.1,0.0,0.0,1.0,-0.29,-5.32,True
1.02,0.02,1.0,0.1,0.0,0.25,0.75,-0.26,-4.87,True
1.02,0.02,1.0,0.1,0.0,0.5,0.5,-0.23,-4.41,True
1.02,0.02,1.0,0.1,0.0,0.75,0.25,-0.19,-3.95,True
1.02,0.02,1.0,0.1,0.0,1.0,0.0,-0.16,-3.5,True
1.02,0.02,1.0,0.1,0.1,0.0,1.0,2.11,-8.87,True
1.02,0.02,1.0,0.1,0.1,0.25,0.75,2.14,-8.86,True
1.02,0.02,1.0,0.1,0.1,0.5,0.5,2.17,-8.84,True
1.02,0.02,1.0,0.1,0.1,0.75,0.25,2.2,-8.83,True
1.02,0.02,1.0,0.1,0.1,1.0,0.0,2.23,-8.81,True
1.02,0.02,1.0,0.1,0.2,0.0,1.0,3.68,-13.2,True
1.02,0.02,1.0,0.1,0.2,0.25,0.75,3.71,-13.18,True
1.02,0.02,1.0,0.1,0.2,0.5,0.5,3.73,-13.15,True
1.02,0.02,1.0,0.1,0.2,0.75,0.25,3.76,-13.14,True
1.02,0.02,1.0,0.1,0.2,1.0,0.0,3.79,-13.12,True
1.02,0.02,1.0,0.1,0.3,0.0,1.0,4.87,-15.69,True
1.02,0.02,1.0,0.1,0.3,0.25,0.75,4.9,-15.68,True
1.02,0.02,1.0,0.1,0.3,0.5,0.5,4.92,-15.66,True
1.02,0.02,1.0,0.1,0.3,0.75,0.25,4.94,-15.65,True
1.02,0.02,1.0,0.1,0.3,1.0,0.0,4.97,-15.63,True
1.02,0.02,1.0,0.2,0.0,0.0,1.0,-0.58,-10.57,True
1.02,0.02,1.0,0.2,0.0,0.25,0.75,-0.51,-9.67,True
1.02,0.02,1.0,0.2,0.0,0.5,0.5,-0.44,-8.77,True
1.02,0.02,1.0,0.2,0.0,0.75,0.25,-0.37,-7.87,True
1.02,0.02,1.0,0.2,0.0,1.0,0.0,-0.3,-6.96,True
1.02,0.02,1.0,0.2,0.1,0.0,1.0,1.85,-8.86,True
1.02,0.02,1.0,0.2,0.1,0.25,0.75,1.91,-8.83,True
1.02,0.02,1.0,0.2,0.1,0.5,0.5,1.97,-8.81,True
1.02,0.02,1.0,0.2,0.1,0.75,0.25,2.03,-8.78,True
1.02,0.02,1.0,0.2,0.1,1.0,0.0,2.09,-8.76,True
1.02,0.02,1.0,0.2,0.2,0.0,1.0,3.62,-12.87,True
1.02,0.02,1.0,0.2,0.2,0.25,0.75,3.65,-12.86,True
1.02,0.02,1.0,0.2,0.2,0.5,0.5,3.69,-12.85,True
1.02,0.02,1.0,0.2,0.2,0.75,0.25,3.73,-12.84,True
1.02,0.02,1.0,0.2,0.2,1.0,0.0,3.76,-12.84,True
1.02,0.02,1.0,0.2,0.3,0.0,1.0,4.9,-15.36,True
1.02,0.02,1.0,0.2,0.3,0.25,0.75,4.93,-15.36,True
1.02,0.02,1.0,0.2,0.3,0.5,0.5,4.95,-15.36,True
1.02,0.02,1.0,0.2,0.3,0.75,0.25,4.98,-15.36,True
1.02,0.02,1.0,0.2,0.3,1.0,0.0,5.0,-15.36,True
1.02,0.02,1.0,0.3,0.0,0.0,1.0,-0.84,-15.73,True
1.02,0.02,1.0,0.3,0.0,0.25,0.75,-0.74,-14.41,True
1.02,0.02,1.0,0.3,0.0,0.5,0.5,-0.63,-13.08,True
1.02,0.02,1.0,0.3,0.0,0.75,0.25,-0.53,-11.75,True
1.02,0.02,1.0,0.3,0.0,1.0,0.0,-0.43,-10.4,True
1.02,0.02,1.0,0.3,0.1,0.0,1.0,1.9,-8.93,True
1.02,0.02,1.0,0.3,0.1,0.25,0.75,1.97,-8.41,True
1.02,0.02,1.0,0.3,0.1,0.5,0.5,2.03,-8.41,True
1.02,0.02,1.0,0.3,0.1,0.75,0.25,2.09,-8.41,True
1.02,0.02,1.0,0.3,0.1,1.0,0.0,2.15,-8.41,True
1.02,0.02,1.0,0.3,0.2,0.0,1.0,3.66,-12.59,True
1.02,0.02,1.0,0.3,0.2,0.25,0.75,3.7,-12.59,True
1.02,0.02,1.0,0.3,0.2,0.5,0.5,3.74,-12.6,True
1.02,0.02,1.0,0.3,0.2,0.75,0.25,3.78,-12.61,True
1.02,0.02,1.0,0.3,0.2,1.0,0.0,3.82,-12.61,True
1.02,0.02,1.0,0.3,0.3,0.0,1.0,4.89,-15.16,True
1.02,0.02,1.0,0.3,0.3,0.25,0.75,4.93,-15.16,True
1.02,0.02,1.0,0.3,0.3,0.5,0.5,4.96,-15.16,True
1.02,0.02,1.0,0.3,0.3,0.75,0.25,4.99,-15.16,True
1.02,0.02,1.0,0.3,0.3,1.0,0.0,5.03,-15.17,True
1.02,0.02,1.0,0.4,0.0,0.0,1.0,-0.88,-19.3,True
1.02,0.02,1.0,0.4,0.0,0.25,0.75,-0.76,-17.67,True
1.02,0.02,1.0,0.4,0.0,0.5,0.5,-0.64,-16.02,True
1.02,0.02,1.0,0.4,0.0,0.75,0.25,-0.52,-14.37,True
1.02,0.02,1.0,0.4,0.0,1.0,0.0,-0.41,-12.71,True
1.02,0.02,1.0,0.4,0.1,0.0,1.0,1.95,-9.36,True
1.02,0.02,1.0,0.4,0.1,0.25,0.75,2.02,-8.23,True
1.02,0.02,1.0,0.4,0.1,0.5,0.5,2.08,-8.24,True
1.02,0.02,1.0,0.4,0.1,0.75,0.25,2.15,-8.25,True
1.02,0.02,1.0,0.4,0.1,1.0,0.0,2.21,-8.26,True
1.02,0.02,1.0,0.4,0.2,0.0,1.0,3.64,-12.49,True
1.02,0.02,1.0,0.4,0.2,0.25,0.75,3.69,-12.48,True
1.02,0.02,1.0,0.4,0.2,0.5,0.5,3.74,-12.48,True
1.02,0.02,1.0,0.4,0.2,0.75,0.25,3.79,-12.49,True
1.02,0.02,1.0,0.4,0.2,1.0,0.0,3.83,-12.5,True
1.02,0.02,1.0,0.4,0.3,0.0,1.0,4.84,-15.31,True
1.02,0.02,1.0,0.4,0.3,0.25,0.75,4.88,-15.28,True
1.02,0.02,1.0,0.4,0.3,0.5,0.5,4.92,-15.26,True
1.02,0.02,1.0,0.4,0.3,0.75,0.25,4.96,-15.25,True
1.02,0.02,1.0,0.4,0.3,1.0,0.0,5.0,-15.24,True
1.02,0.02,1.01,0.1,0.0,0.0,1.0,-0.23,-2.42,True
1.02,0.02,1.01,0.1,0.0,0.25,0.75,-0.21,-2.22,True
1.02,0.02,1.01,0.1,0.0,0.5,0.5,-0.19,-2.02,True
1.02,0.02,1.01,0.1,0.0,0.75,0.25,-0.17,-1.86,True
1.02,0.02,1.01,0.1,0.0,1.0,0.0,-0.16,-1.71,True
1.02,0.02,1.01,0.1,0.1,0.0,1.0,2.2,-9.06,True
1.02,0.02,1.01,0.1,0.1,0.25,0.75,2.22,-9.05,True
1.02,0.02,1.01,0.1,0.1,0.5,0.5,2.23,-9.03,True
1.02,0.02,1.01,0.1,0.1,0.75,0.25,2.25,-9.01,True
1.02,0.02,1.01,0.1,0.1,1.0,0.0,2.26,-9.0,True
1.02,0.02,1.01,0.1,0.2,0.0,1.0,3.78,-13.42,True
1.02,0.02,1.01,0.1,0.2,0.25,0.75,3.79,-13.39,True
1.02,0.02,1.01,0.1,0.2,0.5,0.5,3.81,-13.37,True
1.02,0.02,1.01,0.1,0.2,0.75,0.25,3.82,-13.35,True
1.02,0.02,1.01,0.1,0.2,1.0,0.0,3.84,-13.33,True
1.02,0.02,1.01,0.1,0.3,0.0,1.0,4.95,-15.97,True
1.02,0.02,1.01,0.1,0.3,0.25,0.75,4.97,-15.95,True
1.02,0.02,1.01,0.1,0.3,0.5,0.5,4.98,-15.93,True
1.02,0.02,1.01,0.1,0.3,0.75,0.25,5.0,-15.9,True
1.02,0.02,1.01,0.1,0.3,1.0,0.0,5.01,-15.88,True
1.02,0.02,1.01,0.2,0.0,0.0,1.0,-0.5,-4.9,True
1.02,0.02,1.01,0.2,0.0,0.25,0.75,-0.45,-4.55,True
1.02,0.02,1.01,0.2,0.0,0.5,0.5,-0.41,-4.2,True
1.02,0.02,1.01,0.2,0.0,0.75,0.25,-0.37,-3.86,True
1.02,0.02,1.01,0.2,0.0,1.0,0.0,-0.33,-3.52,True
1.02,0.02,1.01,0.2,0.1,0.0,1.0,2.01,-9.31,True
1.02,0.02,1.01,0.2,0.1,0.25,0.75,2.04,-9.27,True
1.02,0.02,1.01,0.2,0.1,0.5,0.5,2.07,-9.24,True
1.02,0.02,1.01,0.2,0.1,0.75,0.25,2.11,-9.2,True
1.02,0.02,1.01,0.2,0.1,1.0,0.0,2.14,-9.16,True
1.02,0.02,1.01,0.2,0.2,0.0,1.0,3.66,-13.66,True
1.02,0.02,1.01,0.2,0.2,0.25,0.75,3.69,-13.62,True
1.02,0.02,1.01,0.2,0.2,0.5,0.5,3.71,-13.58,True
1.02,0.02,1.01,0.2,0.2,0.75,0.25,3.73,-13.53,True
1.02,0.02,1.01,0.2,0.2,1.0,0.0,3.76,-13.5,True
1.02,0.02,1.01,0.2,0.3,0.0,1.0,4.93,-16.15,True
1.02,0.02,1.01,0.2,0.3,0.25,0.75,4.95,-16.11,True
1.02,0.02,1.01,0.2,0.3,0.5,0.5,4.97,-16.07,True
1.02,0.02,1.01,0.2,0.3,0.75,0.25,4.98,-16.03,True
1.02,0.02,1.01,0.2,0.3,1.0,0.0,5.0,-15.99,True
1.02,0.02,1.01,0.3,0.0,0.0,1.0,-0.67,-7.71,True
1.02,0.02,1.01,0.3,0.0,0.25,0.75,-0.61,-7.13,True
1.02,0.02,1.01,0.3,0.0,0.5,0.5,-0.54,-6.56,True
1.02,0.02,1.01,0.3,0.0,0.75,0.25,-0.48,-6.0,True
1.02,0.02,1.01,0.3,0.0,1.0,0.0,-0.42,-5.45,True
1.02,0.02,1.01,0.3,0.1,0.0,1.0,1.92,-9.35,True
1.02,0.02,1.01,0.3,0.1,0.25,0.75,1.97,-9.31,True
1.02,0.02,1.01,0.3,0.1,0.5,0.5,2.01,-9.27,True
1.02,0.02,1.01,0.3,0.1,0.75,0.25,2.06,-9.22,True
1.02,0.02,1.01,0.3,0.1,1.0,0.0,2.1,-9.18,True
1.02,0.02,1.01,0.3,0.2,0.0,1.0,3.67,-13.71,True
1.02,0.02,1.01,0.3,0.2,0.25,0.75,3.7,-13.66,True
1.02,0.02,1.01,0.3,0.2,0.5,0.5,3.73,-13.61,True
1.02,0.02,1.01,0.3,0.2,0.75,0.25,3.76,-13.56,True
1.02,0.02,1.01,0.3,0.2,1.0,0.0,3.78,-13.52,True
1.02,0.02,1.01,0.3,0.3,0.0,1.0,4.87,-16.37,True
1.02,0.02,1.01,0.3,0.3,0.25,0.75,4.9,-16.29,True
1.02,0.02,1.01,0.3,0.3,0.5,0.5,4.92,-16.23,True
1.02,0.02,1.01,0.3,0.3,0.75,0.25,4.95,-16.16,True
1.02,0.02,1.01,0.3,0.3,1.0,0.0,4.98,-16.1,True
1.02,0.02,1.01,0.4,0.0,0.0,1.0,-0.84,-9.52,True
1.02,0.02,1.01,0.4,0.0,0.25,0.75,-0.76,-8.74,True
1.02,0.02,1.01,0.4,0.0,0.5,0.5,-0.67,-7.95,True
1.02,0.02,1.01,0.4,0.0,0.75,0.25,-0.59,-7.16,True
1.02,0.02,1.01,0.4,0.0,1.0,0.0,-0.51,-6.37,True
1.02,0.02,1.01,0.4,0.1,0.0,1.0,1.91,-9.46,True
1.02,0.02,1.01,0.4,0.1,0.25,0.75,1.96,-9.4,True
1.02,0.02,1.01,0.4,0.1,0.5,0.5,2.01,-9.34,True
1.02,0.02,1.01,0.4,0.1,0.75,0.25,2.06,-9.29,True
1.02,0.02,1.01,0.4,0.1,1.0,0.0,2.1,-9.24,True
1.02,0.02,1.01,0.4,0.2,0.0,1.0,3.59,-13.97,True
1.02,0.02,1.01,0.4,0.2,0.25,0.75,3.63,-13.88,True
1.02,0.02,1.01,0.4,0.2,0.5,0.5,3.67,-13.8,True
1.02,0.02,1.01,0.4,0.2,0.75,0.25,3.71,-13.72,True
1.02,0.02,1.01,0.4,0.2,1.0,0.0,3.75,-13.65,True
1.02,0.02,1.01,0.4,0.3,0.0,1.0,4.83,-16.45,True
1.02,0.02,1.01,0.4,0.3,0.25,0.75,4.87,-16.37,True
1.02,0.02,1.01,0.4,0.3,0.5,0.5,4.9,-16.3,True
1.02,0.02,1.01,0.4,0.3,0.75,0.25,4.93,-16.23,True
1.02,0.02,1.01,0.4,0.3,1.0,0.0,4.96,-16.16,True
1.02,0.02,1.02,0.1,0.0,0.0,1.0,-0.04,-1.78,True
1.02,0.02,1.02,0.1,0.0,0.25,0.75,-0.04,-1.62,True
1.02,0.02,1.02,0.1,0.0,0.5,0.5,-0.03,-1.46,True
1.02,0.02,1.02,0.1,0.0,0.75,0.25,-0.03,-1.3,True
1.02,0.02,1.02,0.1,0.0,1.0,0.0,-0.02,-1.14,True
1.02,0.02,1.02,0.1,0.1,0.0,1.0,2.34,-8.78,True
1.02,0.02,1.02,0.1,0.1,0.25,0.75,2.34,-8.78,True
1.02,0.02,1.02,0.1,0.1,0.5,0.5,2.34,-8.79,True
1.02,0.02,1.02,0.1,0.1,0.75,0.25,2.35,-8.79,True
1.02,0.02,1.02,0.1,0.1,1.0,0.0,2.35,-8.79,True
1.02,0.02,1.02,0.1,0.2,0.0,1.0,3.89,-13.06,True
1.02,0.02,1.02,0.1,0.2,0.25,0.75,3.9,-13.07,True
1.02,0.02,1.02,0.1,0.2,0.5,0.5,3.9,-13.07,True
1.02,0.02,1.02,0.1,0.2,0.75,0.25,3.9,-13.07,True
1.02,0.02,1.02,0.1,0.2,1.0,0.0,3.91,-13.07,True
1.02,0.02,1.02,0.1,0.3,0.0,1.0,5.06,-15.6,True
1.02,0.02,1.02,0.1,0.3,0.25,0.75,5.06,-15.6,True
1.02,0.02,1.02,0.1,0.3,0.5,0.5,5.07,-15.6,True
1.02,0.02,1.02,0.1,0.3,0.75,0.25,5.07,-15.61,True
1.02,0.02,1.02,0.1,0.3,1.0,0.0,5.07,-15.61,True
1.02,0.02,1.02,0.2,0.0,0.0,1.0,-0.1,-3.59,True
1.02,0.02,1.02,0.2,0.0,0.25,0.75,-0.09,-3.26,True
1.02,0.02,1.02,0.2,0.0,0.5,0.5,-0.08,-2.94,True
1.02,0.02,1.02,0.2,0.0,0.75,0.25,-0.07,-2.62,True
1.02,0.02,1.02,0.2,0.0,1.0,0.0,-0.06,-2.3,True
1.02,0.02,1.02,0.2,0.1,0.0,1.0,2.29,-8.79,True
1.02,0.02,1.02,0.2,0.1,0.25,0.75,2.3,-8.79,True
1.02,0.02,1.02,0.2,0.1,0.5,0.5,2.31,-8.79,True
1.02,0.02,1.02,0.2,0.1,0.75,0.25,2.32,-8.79,True
1.02,0.02,1.02,0.2,0.1,1.0,0.0,2.33,-8.79,True
1.02,0.02,1.02,0.2,0.2,0.0,1.0,3.87,-13.01,True
1.02,0.02,1.02,0.2,0.2,0.25,0.75,3.88,-13.01,True
1.02,0.02,1.02,0.2,0.2,0.5,0.5,3.89,-13.02,True
1.02,0.02,1.02,0.2,0.2,0.75,0.25,3.9,-13.02,True
1.02,0.02,1.02,0.2,0.2,1.0,0.0,3.9,-13.03,True
1.02,0.02,1.02,0.2,0.3,0.0,1.0,5.11,-15.47,True
1.02,0.02,1.02,0.2,0.3,0.25,0.75,5.11,-15.48,True
1.02,0.02,1.02,0.2,0.3,0.5,0.5,5.12,-15.49,True
1.02,0.02,1.02,0.2,0.3,0.75,0.25,5.12,-15.5,True
1.02,0.02,1.02,0.2,0.3,1.0,0.0,5.12,-15.51,True
1.02,0.02,1.02,0.3,0.0,0.0,1.0,-0.1,-5.43,True
1.02,0.02,1.02,0.3,0.0,0.25,0.75,-0.08,-4.94,True
1.02,0.02,1.02,0.3,0.0,0.5,0.5,-0.07,-4.45,True
1.02,0.02,1.02,0.3,0.0,0.75,0.25,-0.05,-3.96,True
1.02,0.02,1.02,0.3,0.0,1.0,0.0,-0.04,-3.47,True
1.02,0.02,1.02,0.3,0.1,0.0,1.0,2.31,-8.66,True
1.02,0.02,1.02,0.3,0.1,0.25,0.75,2.32,-8.67,True
1.02,0.02,1.02,0.3,0.1,0.5,0.5,2.33,-8.67,True
1.02,0.02,1.02,0.3,0.1,0.75,0.25,2.34,-8.68,True
1.02,0.02,1.02,0.3,0.1,1.0,0.0,2.35,-8.69,True
1.02,0.02,1.02,0.3,0.2,0.0,1.0,3.95,-12.96,True
1.02,0.02,1.02,0.3,0.2,0.25,0.75,3.95,-12.97,True
1.02,0.02,1.02,0.3,0.2,0.5,0.5,3.95,-12.97,True
1.02,0.02,1.02,0.3,0.2,0.75,0.25,3.96,-12.97,True
1.02,0.02,1.02,0.3,0.2,1.0,0.0,3.96,-12.98,True
1.02,0.02,1.02,0.3,0.3,0.0,1.0,5.11,-15.61,True
1.02,0.02,1.02,0.3,0.3,0.25,0.75,5.12,-15.6,True
1.02,0.02,1.02,0.3,0.3,0.5,0.5,5.12,-15.58,True
1.02,0.02,1.02,0.3,0.3,0.75,0.25,5.13,-15.58,True
1.02,0.02,1.02,0.3,0.3,1.0,0.0,5.13,-15.57,True
1.02,0.02,1.02,0.4,0.0,0.0,1.0,-0.18,-7.3,True
1.02,0.02,1.02,0.4,0.0,0.25,0.75,-0.16,-6.64,True
1.02,0.02,1.02,0.4,0.0,0.5,0.5,-0.13,-5.97,True
1.02,0.02,1.02,0.4,0.0,0.75,0.25,-0.1,-5.31,True
1.02,0.02,1.02,0.4,0.0,1.0,0.0,-0.08,-4.65,True
1.02,0.02,1.02,0.4,0.1,0.0,1.0,2.31,-8.79,True
1.02,0.02,1.02,0.4,0.1,0.25,0.75,2.33,-8.78,True
1.02,0.02,1.02,0.4,0.1,0.5,0.5,2.34,-8.77,True
1.02,0.02,1.02,0.4,0.1,0.75,0.25,2.35,-8.76,True
1.02,0.02,1.02,0.4,0.1,1.0,0.0,2.37,-8.76,True
1.02,0.02,1.02,0.4,0.2,0.0,1.0,3.93,-13.15,True
1.02,0.02,1.02,0.4,0.2,0.25,0.75,3.94,-13.12,True
1.02,0.02,1.02,0.4,0.2,0.5,0.5,3.95,-13.1,True
1.02,0.02,1.02,0.4,0.2,0.75,0.25,3.96,-13.08,True
1.02,0.02,1.02,0.4,0.2,1.0,0.0,3.97,-13.07,True
1.02,0.02,1.02,0.4,0.3,0.0,1.0,5.06,-15.84,True
1.02,0.02,1.02,0.4,0.3,0.25,0.75,5.07,-15.8,True
1.02,0.02,1.02,0.4,0.3,0.5,0.5,5.08,-15.77,True
1.02,0.02,1.02,0.4,0.3,0.75,0.25,5.09,-15.74,True
1.02,0.02,1.02,0.4,0.3,1.0,0.0,5.1,-15.72,True
1.02,0.025,0.95,0.1,0.0,0.0,1.0,0.66,-7.23,True
1.02,0.025,0.95,0.1,0.0,0.25,0.75,0.68,-6.62,True
1.02,0.025,0.95,0.1,0.0,0.5,0.5,0.69,-6.01,True
1.02,0.025,0.95,0.1,0.0,0.75,0.25,0.69,-5.4,True
1.02,0.025,0.95,0.1,0.0,1.0,0.0,0.7,-4.78,True
1.02,0.025,0.95,0.1,0.1,0.0,1.0,2.67,-7.81,True
1.02,0.025,0.95,0.1,0.1,0.25,0.75,2.68,-7.38,True
1.02,0.025,0.95,0.1,0.1,0.5,0.5,2.68,-7.24,True
1.02,0.025,0.95,0.1,0.1,0.75,0.25,2.69,-7.28,True
1.02,0.025,0.95,0.1,0.1,1.0,0.0,2.69,-7.32,True
1.02,0.025,0.95,0.1,0.2,0.0,1.0,4.07,-11.1,True
1.02,0.025,0.95,0.1,0.2,0.25,0.75,4.07,-11.16,True
1.02,0.025,0.95,0.1,0.2,0.5,0.5,4.08,-11.22,True
1.02,0.025,0.95,0.1,0.2,0.75,0.25,4.08,-11.29,True
1.02,0.025,0.95,0.1,0.2,1.0,0.0,4.08,-11.36,True
1.02,0.025,0.95,0.1,0.3,0.0,1.0,5.25,-13.44,True
1.02,0.025,0.95,0.1,0.3,0.25,0.75,5.24,-13.54,True
1.02,0.025,0.95,0.1,0.3,0.5,0.5,5.24,-13.63,True
1.02,0.025,0.95,0.1,0.3,0.75,0.25,5.23,-13.73,True
1.02,0.025,0.95,0.1,0.3,1.0,0.0,5.22,-13.83,True
1.02,0.025,0.95,0.2,0.0,0.0,1.0,1.44,-11.73,True
1.02,0.025,0.95,0.2,0.0,0.25,0.75,1.43,-10.65,True
1.02,0.025,0.95,0.2,0.0,0.5,0.5,1.43,-9.53,True
1.02,0.025,0.95,0.2,0.0,0.75,0.25,1.41,-8.36,True
1.02,0.025,0.95,0.2,0.0,1.0,0.0,1.4,-7.12,True
1.02,0.025,0.95,0.2,0.1,0.0,1.0,3.48,-11.68,True
1.02,0.025,0.95,0.2,0.1,0.25,0.75,3.46,-10.91,True
1.02,0.025,0.95,0.2,0.1,0.5,0.5,3.43,-10.13,True
1.02,0.025,0.95,0.2,0.1,0.75,0.25,3.39,-9.32,True
1.02,0.025,0.95,0.2,0.1,1.0,0.0,3.36,-8.5,True
1.02,0.025,0.95,0.2,0.2,0.0,1.0,4.94,-13.14,True
1.02,0.025,0.95,0.2,0.2,0.25,0.75,4.9,-12.42,True
1.02,0.025,0.95,0.2,0.2,0.5,0.5,4.86,-11.68,True
1.02,0.025,0.95,0.2,0.2,0.75,0.25,4.81,-10.93,True
1.02,0.025,0.95,0.2,0.2,1.0,0.0,4.77,-10.16,True
1.02,0.025,0.95,0.2,0.3,0.0,1.0,6.1,-13.65,True
1.02,0.025,0.95,0.2,0.3,0.25,0.75,6.05,-13.06,True
1.02,0.025,0.95,0.2,0.3,0.5,0.5,6.0,-13.02,True
1.02,0.025,0.95,0.2,0.3,0.75,0.25,5.94,-12.98,True
1.02,0.025,0.95,0.2,0.3,1.0,0.0,5.89,-12.95,True
1.02,0.025,0.95,0.3,0.0,0.0,1.0,3.13,-14.67,True
1.02,0.025,0.95,0.3,0.0,0.25,0.75,3.02,-13.44,True
1.02,0.025,0.95,0.3,0.0,0.5,0.5,2.9,-12.14,True
1.02,0.025,0.95,0.3,0.0,0.75,0.25,2.79,-10.73,True
1.02,0.025,0.95,0.3,0.0,1.0,0.0,2.66,-9.23,True
1.02,0.025,0.95,0.3,0.1,0.0,1.0,4.88,-14.24,True
1.02,0.025,0.95,0.3,0.1,0.25,0.75,4.77,-13.27,True
1.02,0.025,0.95,0.3,0.1,0.5,0.5,4.65,-12.26,True
1.02,0.025,0.95,0.3,0.1,0.75,0.25,4.53,-11.22,True
1.02,0.025,0.95,0.3,0.1,1.0,0.0,4.39,-10.15,True
1.02,0.025,0.95,0.3,0.2,0.0,1.0,6.16,-14.81,True
1.02,0.025,0.95,0.3,0.2,0.25,0.75,6.06,-13.93,True
1.02,0.025,0.95,0.3,0.2,0.5,0.5,5.94,-13.02,True
1.02,0.025,0.95,0.3,0.2,0.75,0.25,5.81,-12.08,True
1.02,0.025,0.95,0.3,0.2,1.0,0.0,5.68,-11.12,True
1.02,0.025,0.95,0.3,0.3,0.0,1.0,7.17,-15.21,True
1.02,0.025,0.95,0.3,0.3,0.25,0.75,7.06,-14.37,True
1.02,0.025,0.95,0.3,0.3,0.5,0.5,6.94,-13.45,True
1.02,0.025,0.95,0.3,0.3,0.75,0.25,6.82,-12.85,True
1.02,0.025,0.95,0.3,0.3,1.0,0.0,6.69,-12.85,True
1.02,0.025,0.95,0.4,0.0,0.0,1.0,4.85,-15.32,True
1.02,0.025,0.95,0.4,0.0,0.25,0.75,4.63,-14.12,True
1.02,0.025,0.95,0.4,0.0,0.5,0.5,4.41,-12.86,True
1.02,0.025,0.95,0.4,0.0,0.75,0.25,4.18,-11.53,True
1.02,0.025,0.95,0.4,0.0,1.0,0.0,3.94,-10.13,True
1.02,0.025,0.95,0.4,0.1,0.0,1.0,6.19,-15.9,True
1.02,0.025,0.95,0.4,0.1,0.25,0.75,6.0,-14.81,True
1.02,0.025,0.95,0.4,0.1,0.5,0.5,5.8,-13.67,True
1.02,0.025,0.95,0.4,0.1,0.75,0.25,5.6,-12.48,True
1.02,0.025,0.95,0.4,0.1,1.0,0.0,5.38,-11.23,True
1.02,0.025,0.95,0.4,0.2,0.0,1.0,7.12,-15.92,True
1.02,0.025,0.95,0.4,0.2,0.25,0.75,6.95,-14.86,True
1.02,0.025,0.95,0.4,0.2,0.5,0.5,6.77,-13.77,True
1.02,0.025,0.95,0.4,0.2,0.75,0.25,6.58,-12.65,True
1.02,0.025,0.95,0.4,0.2,1.0,0.0,6.38,-11.51,True
1.02,0.025,0.95,0.4,0.3,0.0,1.0,7.63,-15.41,True
1.02,0.025,0.95,0.4,0.3,0.25,0.75,7.48,-14.46,True
1.02,0.025,0.95,0.4,0.3,0.5,0.5,7.33,-13.51,True
1.02,0.025,0.95,0.4,0.3,0.75,0.25,7.17,-12.66,True
1.02,0.025,0.95,0.4,0.3,1.0,0.0,7.0,-12.67,True
1.02,0.025,0.97,0.1,0.0,0.0,1.0,0.49,-7.07,True
1.02,0.025,0.97,0.1,0.0,0.25,0.75,0.47,-6.5,True
1.02,0.025,0.97,0.1,0.0,0.5,0.5,0.45,-5.92,True
1.02,0.025,0.97,0.1,0.0,0.75,0.25,0.43,-5.34,True
1.02,0.025,0.97,0.1,0.0,1.0,0.0,0.41,-4.76,True
1.02,0.025,0.97,0.1,0.1,0.0,1.0,2.52,-7.54,True
1.02,0.025,0.97,0.1,0.1,0.25,0.75,2.5,-7.56,True
1.02,0.025,0.97,0.1,0.1,0.5,0.5,2.48,-7.58,True
1.02,0.025,0.97,0.1,0.1,0.75,0.25,2.47,-7.61,True
1.02,0.025,0.97,0.1,0.1,1.0,0.0,2.45,-7.63,True
1.02,0.025,0.97,0.1,0.2,0.0,1.0,3.99,-11.64,True
1.02,0.025,0.97,0.1,0.2,0.25,0.75,3.97,-11.68,True
1.02,0.025,0.97,0.1,0.2,0.5,0.5,3.95,-11.72,True
1.02,0.025,0.97,0.1,0.2,0.75,0.25,3.93,-11.77,True
1.02,0.025,0.97,0.1,0.2,1.0,0.0,3.91,-11.81,True
1.02,0.025,0.97,0.1,0.3,0.0,1.0,5.19,-14.02,True
1.02,0.025,0.97,0.1,0.3,0.25,0.75,5.16,-14.09,True
1.02,0.025,0.97,0.1,0.3,0.5,0.5,5.14,-14.17,True
1.02,0.025,0.97,0.1,0.3,0.75,0.25,5.11,-14.24,True
1.02,0.025,0.97,0.1,0.3,1.0,0.0,5.08,-14.32,True
1.02,0.025,0.97,0.2,0.0,0.0,1.0,0.86,-13.78,True
1.02,0.025,0.97,0.2,0.0,0.25,0.75,0.84,-12.7,True
1.02,0.025,0.97,0.2,0.0,0.5,0.5,0.82,-11.6,True
1.02,0.025,0.97,0.2,0.0,0.75,0.25,0.8,-10.48,True
1.02,0.025,0.97,0.2,0.0,1.0,0.0,0.77,-9.36,True
1.02,0.025,0.97,0.2,0.1,0.0,1.0,3.01,-10.97,True
1.02,0.025,0.97,0.2,0.1,0.25,0.75,2.98,-9.88,True
1.02,0.025,0.97,0.2,0.1,0.5,0.5,2.94,-8.77,True
1.02,0.025,0.97,0.2,0.1,0.75,0.25,2.91,-7.66,True
1.02,0.025,0.97,0.2,0.1,1.0,0.0,2.87,-7.3,True
1.02,0.025,0.97,0.2,0.2,0.0,1.0,4.42,-10.89,True
1.02,0.025,0.97,0.2,0.2,0.25,0.75,4.38,-10.98,True
1.02,0.025,0.97,0.2,0.2,0.5,0.5,4.35,-11.08,True
1.02,0.025,0.97,0.2,0.2,0.75,0.25,4.31,-11.18,True
1.02,0.025,0.97,0.2,0.2,1.0,0.0,4.26,-11.29,True
1.02,0.025,0.97,0.2,0.3,0.0,1.0,5.56,-13.06,True
1.02,0.025,0.97,0.2,0.3,0.25,0.75,5.55,-13.23,True
1.02,0.025,0.97,0.2,0.3,0.5,0.5,5.51,-13.39,True
1.02,0.025,0.97,0.2,0.3,0.75,0.25,5.46,-13.53,True
1.02,0.025,0.97,0.2,0.3,1.0,0.0,5.42,-13.68,True
1.02,0.025,0.97,0.3,0.0,0.0,1.0,1.35,-20.17,True
1.02,0.025,0.97,0.3,0.0,0.25,0.75,1.33,-18.61,True
1.02,0.025,0.97,0.3,0.0,0.5,0.5,1.3,-17.04,True
1.02,0.025,0.97,0.3,0.0,0.75,0.25,1.26,-15.44,True
1.02,0.025,0.97,0.3,0.0,1.0,0.0,1.22,-13.82,True
1.02,0.025,0.97,0.3,0.1,0.0,1.0,3.31,-17.47,True
1.02,0.025,0.97,0.3,0.1,0.25,0.75,3.28,-15.86,True
1.02,0.025,0.97,0.3,0.1,0.5,0.5,3.26,-14.23,True
1.02,0.025,0.97,0.3,0.1,0.75,0.25,3.22,-12.58,True
1.02,0.025,0.97,0.3,0.1,1.0,0.0,3.18,-10.93,True
1.02,0.025,0.97,0.3,0.2,0.0,1.0,4.75,-14.01,True
1.02,0.025,0.97,0.3,0.2,0.25,0.75,4.73,-12.45,True
1.02,0.025,0.97,0.3,0.2,0.5,0.5,4.71,-10.87,True
1.02,0.025,0.97,0.3,0.2,0.75,0.25,4.67,-10.28,True
1.02,0.025,0.97,0.3,0.2,1.0,0.0,4.63,-10.52,True
1.02,0.025,0.97,0.3,0.3,0.0,1.0,5.82,-12.01,True
1.02,0.025,0.97,0.3,0.3,0.25,0.75,5.8,-12.11,True
1.02,0.025,0.97,0.3,0.3,0.5,0.5,5.78,-12.23,True
1.02,0.025,0.97,0.3,0.3,0.75,0.25,5.74,-12.48,True
1.02,0.025,0.97,0.3,0.3,1.0,0.0,5.7,-12.76,True
1.02,0.025,0.97,0.4,0.0,0.0,1.0,1.77,-25.1,True
1.02,0.025,0.97,0.4,0.0,0.25,0.75,1.75,-23.19,True
1.02,0.025,0.97,0.4,0.0,0.5,0.5,1.71,-21.26,True
1.02,0.025,0.97,0.4,0.0,0.75,0.25,1.66,-19.3,True
1.02,0.025,0.97,0.4,0.0,1.0,0.0,1.6,-17.3,True
1.02,0.025,0.97,0.4,0.1,0.0,1.0,3.63,-21.57,True
1.02,0.025,0.97,0.4,0.1,0.25,0.75,3.62,-19.71,True
1.02,0.025,0.97,0.4,0.1,0.5,0.5,3.59,-17.82,True
1.02,0.025,0.97,0.4,0.1,0.75,0.25,3.56,-15.9,True
1.02,0.025,0.97,0.4,0.1,1.0,0.0,3.51,-13.95,True
1.02,0.025,0.97,0.4,0.2,0.0,1.0,4.96,-17.64,True
1.02,0.025,0.97,0.4,0.2,0.25,0.75,4.94,-15.84,True
1.02,0.025,0.97,0.4,0.2,0.5,0.5,4.92,-14.02,True
1.02,0.025,0.97,0.4,0.2,0.75,0.25,4.88,-12.16,True
1.02,0.025,0.97,0.4,0.2,1.0,0.0,4.83,-10.28,True
1.02,0.025,0.97,0.4,0.3,0.0,1.0,5.96,-13.0,True
1.02,0.025,0.97,0.4,0.3,0.25,0.75,5.95,-11.82,True
1.02,0.025,0.97,0.4,0.3,0.5,0.5,5.93,-11.93,True
1.02,0.025,0.97,0.4,0.3,0.75,0.25,5.9,-12.04,True
1.02,0.025,0.97,0.4,0.3,1.0,0.0,5.85,-12.16,True
1.02,0.025,0.99,0.1,0.0,0.0,1.0,-0.24,-3.78,True
1.02,0.025,0.99,0.1,0.0,0.25,0.75,-0.21,-3.41,True
1.02,0.025,0.99,0.1,0.0,0.5,0.5,-0.18,-3.03,True
1.02,0.025,0.99,0.1,0.0,0.75,0.25,-0.15,-2.65,True
1.02,0.025,0.99,0.1,0.0,1.0,0.0,-0.13,-2.27,True
1.02,0.025,0.99,0.1,0.1,0.0,1.0,2.15,-8.93,True
1.02,0.025,0.99,0.1,0.1,0.25,0.75,2.17,-8.91,True
1.02,0.025,0.99,0.1,0.1,0.5,0.5,2.2,-8.9,True
1.02,0.025,0.99,0.1,0.1,0.75,0.25,2.22,-8.88,True
1.02,0.025,0.99,0.1,0.1,1.0,0.0,2.25,-8.87,True
1.02,0.025,0.99,0.1,0.2,0.0,1.0,3.71,-13.3,True
1.02,0.025,0.99,0.1,0.2,0.25,0.75,3.73,-13.28,True
1.02,0.025,0.99,0.1,0.2,0.5,0.5,3.76,-13.25,True
1.02,0.025,0.99,0.1,0.2,0.75,0.25,3.78,-13.23,True
1.02,0.025,0.99,0.1,0.2,1.0,0.0,3.8,-13.21,True
1.02,0.025,0.99,0.1,0.3,0.0,1.0,4.89,-15.84,True
1.02,0.025,0.99,0.1,0.3,0.25,0.75,4.91,-15.82,True
1.02,0.025,0.99,0.1,0.3,0.5,0.5,4.93,-15.8,True
1.02,0.025,0.99,0.1,0.3,0.75,0.25,4.95,-15.78,True
1.02,0.025,0.99,0.1,0.3,1.0,0.0,4.98,-15.75,True
1.02,0.025,0.99,0.2,0.0,0.0,1.0,-0.5,-7.5,True
1.02,0.025,0.99,0.2,0.0,0.25,0.75,-0.44,-6.76,True
1.02,0.025,0.99,0.2,0.0,0.5,0.5,-0.38,-6.02,True
1.02,0.025,0.99,0.2,0.0,0.75,0.25,-0.32,-5.27,True
1.02,0.025,0.99,0.2,0.0,1.0,0.0,-0.26,-4.53,True
1.02,0.025,0.99,0.2,0.1,0.0,1.0,1.91,-9.02,True
1.02,0.025,0.99,0.2,0.1,0.25,0.75,1.96,-8.99,True
1.02,0.025,0.99,0.2,0.1,0.5,0.5,2.01,-8.96,True
1.02,0.025,0.99,0.2,0.1,0.75,0.25,2.06,-8.93,True
1.02,0.025,0.99,0.2,0.1,1.0,0.0,2.11,-8.91,True
1.02,0.025,0.99,0.2,0.2,0.0,1.0,3.57,-13.19,True
1.02,0.025,0.99,0.2,0.2,0.25,0.75,3.61,-13.17,True
1.02,0.025,0.99,0.2,0.2,0.5,0.5,3.65,-13.15,True
1.02,0.025,0.99,0.2,0.2,0.75,0.25,3.7,-13.12,True
1.02,0.025,0.99,0.2,0.2,1.0,0.0,3.74,-13.1,True
1.02,0.025,0.99,0.2,0.3,0.0,1.0,4.75,-15.85,True
1.02,0.025,0.99,0.2,0.3,0.25,0.75,4.79,-15.83,True
1.02,0.025,0.99,0.2,0.3,0.5,0.5,4.83,-15.79,True
1.02,0.025,0.99,0.2,0.3,0.75,0.25,4.87,-15.76,True
1.02,0.025,0.99,0.2,0.3,1.0,0.0,4.9,-15.73,True
1.02,0.025,0.99,0.3,0.0,0.0,1.0,-0.79,-11.15,True
1.02,0.025,0.99,0.3,0.0,0.25,0.75,-0.69,-10.06,True
1.02,0.025,0.99,0.3,0.0,0.5,0.5,-0.6,-8.97,True
1.02,0.025,0.99,0.3,0.0,0.75,0.25,-0.51,-7.87,True
1.02,0.025,0.99,0.3,0.0,1.0,0.0,-0.42,-6.77,True
1.02,0.025,0.99,0.3,0.1,0.0,1.0,1.81,-8.83,True
1.02,0.025,0.99,0.3,0.1,0.25,0.75,1.88,-8.81,True
1.02,0.025,0.99,0.3,0.1,0.5,0.5,1.95,-8.8,True
1.02,0.025,0.99,0.3,0.1,0.75,0.25,2.02,-8.78,True
1.02,0.025,0.99,0.3,0.1,1.0,0.0,2.08,-8.76,True
1.02,0.025,0.99,0.3,0.2,0.0,1.0,3.41,-13.28,True
1.02,0.025,0.99,0.3,0.2,0.25,0.75,3.47,-13.25,True
1.02,0.025,0.99,0.3,0.2,0.5,0.5,3.53,-13.22,True
1.02,0.025,0.99,0.3,0.2,0.75,0.25,3.59,-13.18,True
1.02,0.025,0.99,0.3,0.2,1.0,0.0,3.65,-13.15,True
1.02,0.025,0.99,0.3,0.3,0.0,1.0,4.66,-15.96,True
1.02,0.025,0.99,0.3,0.3,0.25,0.75,4.71,-15.91,True
1.02,0.025,0.99,0.3,0.3,0.5,0.5,4.75,-15.87,True
1.02,0.025,0.99,0.3,0.3,0.75,0.25,4.8,-15.82,True
1.02,0.025,0.99,0.3,0.3,1.0,0.0,4.85,-15.78,True
1.02,0.025,0.99,0.4,0.0,0.0,1.0,-0.92,-14.08,True
1.02,0.025,0.99,0.4,0.0,0.25,0.75,-0.81,-12.72,True
1.02,0.025,0.99,0.4,0.0,0.5,0.5,-0.69,-11.35,True
1.02,0.025,0.99,0.4,0.0,0.75,0.25,-0.58,-9.97,True
1.02,0.025,0.99,0.4,0.0,1.0,0.0,-0.47,-8.57,True
1.02,0.025,0.99,0.4,0.1,0.0,1.0,1.64,-8.86,True
1.02,0.025,0.99,0.4,0.1,0.25,0.75,1.73,-8.83,True
1.02,0.025,0.99,0.4,0.1,0.5,0.5,1.82,-8.81,True
1.02,0.025,0.99,0.4,0.1,0.75,0.25,1.91,-8.78,True
1.02,0.025,0.99,0.4,0.1,1.0,0.0,2.0,-8.76,True
1.02,0.025,0.99,0.4,0.2,0.0,1.0,3.32,-13.28,True
1.02,0.025,0.99,0.4,0.2,0.25,0.75,3.39,-13.23,True
1.02,0.025,0.99,0.4,0.2,0.5,0.5,3.46,-13.18,True
1.02,0.025,0.99,0.4,0.2,0.75,0.25,3.53,-13.14,True
1.02,0.025,0.99,0.4,0.2,1.0,0.0,3.59,-13.1,True
1.02,0.025,0.99,0.4,0.3,0.0,1.0,4.67,-15.75,True
1.02,0.025,0.99,0.4,0.3,0.25,0.75,4.72,-15.71,True
1.02,0.025,0.99,0.4,0.3,0.5,0.5,4.77,-15.67,True
1.02,0.025,0.99,0.4,0.3,0.75,0.25,4.82,-15.63,True
1.02,0.025,0.99,0.4,0.3,1.0,0.0,4.87,-15.59,True
1.02,0.025,1.0,0.1,0.0,0.0,1.0,-0.24,-3.12,True
1.02,0.025,1.0,0.1,0.0,0.25,0.75,-0.22,-2.84,True
1.02,0.025,1.0,0.1,0.0,0.5,0.5,-0.19,-2.56,True
1.02,0.025,1.0,0.1,0.0,0.75,0.25,-0.17,-2.27,True
1.02,0.025,1.0,0.1,0.0,1.0,0.0,-0.15,-1.99,True
1.02,0.025,1.0,0.1,0.1,0.0,1.0,2.17,-8.99,True
1.02,0.025,1.0,0.1,0.1,0.25,0.75,2.19,-8.98,True
1.02,0.025,1.0,0.1,0.1,0.5,0.5,2.21,-8.96,True
1.02,0.025,1.0,0.1,0.1,0.75,0.25,2.23,-8.95,True
1.02,0.025,1.0,0.1,0.1,1.0,0.0,2.25,-8.93,True
1.02,0.025,1.0,0.1,0.2,0.0,1.0,3.74,-13.35,True
1.02,0.025,1.0,0.1,0.2,0.25,0.75,3.76,-13.33,True
1.02,0.025,1.0,0.1,0.2,0.5,0.5,3.78,-13.31,True
1.02,0.025,1.0,0.1,0.2,0.75,0.25,3.8,-13.28,True
1.02,0.025,1.0,0.1,0.2,1.0,0.0,3.82,-13.26,True
1.02,0.025,1.0,0.1,0.3,0.0,1.0,4.93,-15.86,True
1.02,0.025,1.0,0.1,0.3,0.25,0.75,4.94,-15.85,True
1.02,0.025,1.0,0.1,0.3,0.5,0.5,4.96,-15.83,True
1.02,0.025,1.0,0.1,0.3,0.75,0.25,4.98,-15.81,True
1.02,0.025,1.0,0.1,0.3,1.0,0.0,4.99,-15.79,True
1.02,0.025,1.0,0.2,0.0,0.0,1.0,-0.5,-6.21,True
1.02,0.025,1.0,0.2,0.0,0.25,0.75,-0.45,-5.65,True
1.02,0.025,1.0,0.2,0.0,0.5,0.5,-0.4,-5.1,True
1.02,0.025,1.0,0.2,0.0,0.75,0.25,-0.35,-4.54,True
1.02,0.025,1.0,0.2,0.0,1.0,0.0,-0.31,-3.98,True
1.02,0.025,1.0,0.2,0.1,0.0,1.0,1.97,-9.14,True
1.02,0.025,1.0,0.2,0.1,0.25,0.75,2.01,-9.11,True
1.02,0.025,1.0,0.2,0.1,0.5,0.5,2.04,-9.08,True
1.02,0.025,1.0,0.2,0.1,0.75,0.25,2.08,-9.05,True
1.02,0.025,1.0,0.2,0.1,1.0,0.0,2.12,-9.02,True
1.02,0.025,1.0,0.2,0.2,0.0,1.0,3.63,-13.28,True
1.02,0.025,1.0,0.2,0.2,0.25,0.75,3.66,-13.26,True
1.02,0.025,1.0,0.2,0.2,0.5,0.5,3.69,-13.24,True
1.02,0.025,1.0,0.2,0.2,0.75,0.25,3.72,-13.22,True
1.02,0.025,1.0,0.2,0.2,1.0,0.0,3.75,-13.2,True
1.02,0.025,1.0,0.2,0.3,0.0,1.0,4.83,-15.9,True
1.02,0.025,1.0,0.2,0.3,0.25,0.75,4.86,-15.88,True
1.02,0.025,1.0,0.2,0.3,0.5,0.5,4.89,-15.85,True
1.02,0.025,1.0,0.2,0.3,0.75,0.25,4.91,-15.83,True
1.02,0.025,1.0,0.2,0.3,1.0,0.0,4.94,-15.8,True
1.02,0.025,1.0,0.3,0.0,0.0,1.0,-0.77,-9.27,True
1.02,0.025,1.0,0.3,0.0,0.25,0.75,-0.69,-8.45,True
1.02,0.025,1.0,0.3,0.0,0.5,0.5,-0.62,-7.62,True
1.02,0.025,1.0,0.3,0.0,0.75,0.25,-0.54,-6.79,True
1.02,0.025,1.0,0.3,0.0,1.0,0.0,-0.47,-5.96,True
1.02,0.025,1.0,0.3,0.1,0.0,1.0,1.86,-9.01,True
1.02,0.025,1.0,0.3,0.1,0.25,0.75,1.91,-8.99,True
1.02,0.025,1.0,0.3,0.1,0.5,0.5,1.97,-8.98,True
1.02,0.025,1.0,0.3,0.1,0.75,0.25,2.02,-8.96,True
1.02,0.025,1.0,0.3,0.1,1.0,0.0,2.07,-8.93,True
1.02,0.025,1.0,0.3,0.2,0.0,1.0,3.5,-13.46,True
1.02,0.025,1.0,0.3,0.2,0.25,0.75,3.55,-13.43,True
1.02,0.025,1.0,0.3,0.2,0.5,0.5,3.59,-13.4,True
1.02,0.025,1.0,0.3,0.2,0.75,0.25,3.64,-13.36,True
1.02,0.025,1.0,0.3,0.2,1.0,0.0,3.68,-13.33,True
1.02,0.025,1.0,0.3,0.3,0.0,1.0,4.73,-16.09,True
1.02,0.025,1.0,0.3,0.3,0.25,0.75,4.77,-16.05,True
1.02,0.025,1.0,0.3,0.3,0.5,0.5,4.81,-16.0,True
1.02,0.025,1.0,0.3,0.3,0.75,0.25,4.84,-15.96,True
1.02,0.025,1.0,0.3,0.3,1.0,0.0,4.88,-15.92,True
1.02,0.025,1.0,0.4,0.0,0.0,1.0,-0.95,-12.31,True
1.02,0.025,1.0,0.4,0.0,0.25,0.75,-0.85,-11.22,True
1.02,0.025,1.0,0.4,0.0,0.5,0.5,-0.76,-10.13,True
1.02,0.025,1.0,0.4,0.0,0.75,0.25,-0.67,-9.03,True
1.02,0.025,1.0,0.4,0.0,1.0,0.0,-0.58,-7.93,True
1.02,0.025,1.0,0.4,0.1,0.0,1.0,1.72,-9.16,True
1.02,0.025,1.0,0.4,0.1,0.25,0.75,1.78,-9.12,True
1.02,0.025,1.0,0.4,0.1,0.5,0.5,1.85,-9.09,True
1.02,0.025,1.0,0.4,0.1,0.75,0.25,1.92,-9.06,True
1.02,0.025,1.0,0.4,0.1,1.0,0.0,1.98,-9.03,True
1.02,0.025,1.0,0.4,0.2,0.0,1.0,3.42,-13.51,True
1.02,0.025,1.0,0.4,0.2,0.25,0.75,3.47,-13.47,True
1.02,0.025,1.0,0.4,0.2,0.5,0.5,3.52,-13.43,True
1.02,0.025,1.0,0.4,0.2,0.75,0.25,3.58,-13.39,True
1.02,0.025,1.0,0.4,0.2,1.0,0.0,3.63,-13.35,True
1.02,0.025,1.0,0.4,0.3,0.0,1.0,4.75,-15.92,True
1.02,0.025,1.0,0.4,0.3,0.25,0.75,4.78,-15.89,True
1.02,0.025,1.0,0.4,0.3,0.5,0.5,4.82,-15.86,True
1.02,0.025,1.0,0.4,0.3,0.75,0.25,4.86,-15.83,True
1.02,0.025,1.0,0.4,0.3,1.0,0.0,4.9,-15.81,True
1.02,0.025,1.01,0.1,0.0,0.0,1.0,-0.15,-1.24,True
1.02,0.025,1.01,0.1,0.0,0.25,0.75,-0.14,-1.14,True
1.02,0.025,1.01,0.1,0.0,0.5,0.5,-0.13,-1.03,True
1.02,0.025,1.01,0.1,0.0,0.75,0.25,-0.12,-0.92,True
1.02,0.025,1.01,0.1,0.0,1.0,0.0,-0.11,-0.81,True
1.02,0.025,1.01,0.1,0.1,0.0,1.0,2.26,-9.07,True
1.02,0.025,1.01,0.1,0.1,0.25,0.75,2.27,-9.06,True
1.02,0.025,1.01,0.1,0.1,0.5,0.5,2.28,-9.04,True
1.02,0.025,1.01,0.1,0.1,0.75,0.25,2.29,-9.03,True
1.02,0.025,1.01,0.1,0.1,1.0,0.0,2.3,-9.01,True
1.02,0.025,1.01,0.1,0.2,0.0,1.0,3.83,-13.45,True
1.02,0.025,1.01,0.1,0.2,0.25,0.75,3.84,-13.43,True
1.02,0.025,1.01,0.1,0.2,0.5,0.5,3.85,-13.41,True
1.02,0.025,1.01,0.1,0.2,0.75,0.25,3.86,-13.39,True
1.02,0.025,1.01,0.1,0.2,1.0,0.0,3.87,-13.37,True
1.02,0.025,1.01,0.1,0.3,0.0,1.0,5.0,-16.03,True
1.02,0.025,1.01,0.1,0.3,0.25,0.75,5.01,-16.01,True
1.02,0.025,1.01,0.1,0.3,0.5,0.5,5.02,-15.99,True
1.02,0.025,1.01,0.1,0.3,0.75,0.25,5.03,-15.96,True
1.02,0.025,1.01,0.1,0.3,1.0,0.0,5.04,-15.94,True
1.02,0.025,1.01,0.2,0.0,0.0,1.0,-0.31,-2.49,True
1.02,0.025,1.01,0.2,0.0,0.25,0.75,-0.28,-2.27,True
1.02,0.025,1.01,0.2,0.0,0.5,0.5,-0.26,-2.06,True
1.02,0.025,1.01,0.2,0.0,0.75,0.25,-0.24,-1.85,True
1.02,0.025,1.01,0.2,0.0,1.0,0.0,-0.22,-1.63,True
1.02,0.025,1.01,0.2,0.1,0.0,1.0,2.14,-9.32,True
1.02,0.025,1.01,0.2,0.1,0.25,0.75,2.16,-9.29,True
1.02,0.025,1.01,0.2,0.1,0.5,0.5,2.18,-9.25,True
1.02,0.025,1.01,0.2,0.1,0.75,0.25,2.19,-9.22,True
1.02,0.025,1.01,0.2,0.1,1.0,0.0,2.21,-9.19,True
1.02,0.025,1.01,0.2,0.2,0.0,1.0,3.72,-13.79,True
1.02,0.025,1.01,0.2,0.2,0.25,0.75,3.74,-13.74,True
1.02,0.025,1.01,0.2,0.2,0.5,0.5,3.76,-13.7,True
1.02,0.025,1.01,0.2,0.2,0.75,0.25,3.77,-13.65,True
1.02,0.025,1.01,0.2,0.2,1.0,0.0,3.79,-13.61,True
1.02,0.025,1.01,0.2,0.3,0.0,1.0,4.89,-16.41,True
1.02,0.025,1.01,0.2,0.3,0.25,0.75,4.91,-16.36,True
1.02,0.025,1.01,0.2,0.3,0.5,0.5,4.93,-16.31,True
1.02,0.025,1.01,0.2,0.3,0.75,0.25,4.95,-16.26,True
1.02,0.025,1.01,0.2,0.3,1.0,0.0,4.97,-16.2,True
1.02,0.025,1.01,0.3,0.0,0.0,1.0,-0.48,-3.74,True
1.02,0.025,1.01,0.3,0.0,0.25,0.75,-0.44,-3.41,True
1.02,0.025,1.01,0.3,0.0,0.5,0.5,-0.4,-3.09,True
1.02,0.025,1.01,0.3,0.0,0.75,0.25,-0.37,-2.77,True
1.02,0.025,1.01,0.3,0.0,1.0,0.0,-0.33,-2.45,True
1.02,0.025,1.01,0.3,0.1,0.0,1.0,2.0,-9.57,True
1.02,0.025,1.01,0.3,0.1,0.25,0.75,2.03,-9.52,True
1.02,0.025,1.01,0.3,0.1,0.5,0.5,2.06,-9.48,True
1.02,0.025,1.01,0.3,0.1,0.75,0.25,2.1,-9.43,True
1.02,0.025,1.01,0.3,0.1,1.0,0.0,2.13,-9.38,True
1.02,0.025,1.01,0.3,0.2,0.0,1.0,3.59,-14.13,True
1.02,0.025,1.01,0.3,0.2,0.25,0.75,3.62,-14.06,True
1.02,0.025,1.01,0.3,0.2,0.5,0.5,3.65,-13.99,True
1.02,0.025,1.01,0.3,0.2,0.75,0.25,3.69,-13.93,True
1.02,0.025,1.01,0.3,0.2,1.0,0.0,3.71,-13.86,True
1.02,0.025,1.01,0.3,0.3,0.0,1.0,4.8,-16.7,True
1.02,0.025,1.01,0.3,0.3,0.25,0.75,4.83,-16.63,True
1.02,0.025,1.01,0.3,0.3,0.5,0.5,4.86,-16.56,True
1.02,0.025,1.01,0.3,0.3,0.75,0.25,4.88,-16.49,True
1.02,0.025,1.01,0.3,0.3,1.0,0.0,4.91,-16.42,True
1.02,0.025,1.01,0.4,0.0,0.0,1.0,-0.66,-4.99,True
1.02,0.025,1.01,0.4,0.0,0.25,0.75,-0.61,-4.56,True
1.02,0.025,1.01,0.4,0.0,0.5,0.5,-0.56,-4.13,True
1.02,0.025,1.01,0.4,0.0,0.75,0.25,-0.5,-3.7,True
1.02,0.025,1.01,0.4,0.0,1.0,0.0,-0.45,-3.27,True
1.02,0.025,1.01,0.4,0.1,0.0,1.0,1.85,-9.84,True
1.02,0.025,1.01,0.4,0.1,0.25,0.75,1.9,-9.77,True
1.02,0.025,1.01,0.4,0.1,0.5,0.5,1.94,-9.71,True
1.02,0.025,1.01,0.4,0.1,0.75,0.25,1.99,-9.64,True
1.02,0.025,1.01,0.4,0.1,1.0,0.0,2.03,-9.58,True
1.02,0.025,1.01,0.4,0.2,0.0,1.0,3.51,-14.33,True
1.02,0.025,1.01,0.4,0.2,0.25,0.75,3.55,-14.24,True
1.02,0.025,1.01,0.4,0.2,0.5,0.5,3.59,-14.16,True
1.02,0.025,1.01,0.4,0.2,0.75,0.25,3.62,-14.08,True
1.02,0.025,1.01,0.4,0.2,1.0,0.0,3.66,-14.0,True
1.02,0.025,1.01,0.4,0.3,0.0,1.0,4.81,-16.6,True
1.02,0.025,1.01,0.4,0.3,0.25,0.75,4.83,-16.54,True
1.02,0.025,1.01,0.4,0.3,0.5,0.5,4.86,-16.48,True
1.02,0.025,1.01,0.4,0.3,0.75,0.25,4.89,-16.42,True
1.02,0.025,1.01,0.4,0.3,1.0,0.0,4.92,-16.36,True
1.02,0.025,1.02,0.1,0.0,0.0,1.0,-0.06,-0.97,True
1.02,0.025,1.02,0.1,0.0,0.25,0.75,-0.05,-0.87,True
1.02,0.025,1.02,0.1,0.0,0.5,0.5,-0.05,-0.78,True
1.02,0.025,1.02,0.1,0.0,0.75,0.25,-0.05,-0.68,True
1.02,0.025,1.02,0.1,0.0,1.0,0.0,-0.04,-0.59,True
1.02,0.025,1.02,0.1,0.1,0.0,1.0,2.32,-8.91,True
1.02,0.025,1.02,0.1,0.1,0.25,0.75,2.32,-8.9,True
1.02,0.025,1.02,0.1,0.1,0.5,0.5,2.33,-8.9,True
1.02,0.025,1.02,0.1,0.1,0.75,0.25,2.33,-8.89,True
1.02,0.025,1.02,0.1,0.1,1.0,0.0,2.33,-8.88,True
1.02,0.025,1.02,0.1,0.2,0.0,1.0,3.87,-13.26,True
1.02,0.025,1.02,0.1,0.2,0.25,0.75,3.88,-13.25,True
1.02,0.025,1.02,0.1,0.2,0.5,0.5,3.88,-13.24,True
1.02,0.025,1.02,0.1,0.2,0.75,0.25,3.89,-13.23,True
1.02,0.025,1.02,0.1,0.2,1.0,0.0,3.89,-13.22,True
1.02,0.025,1.02,0.1,0.3,0.0,1.0,5.04,-15.83,True
1.02,0.025,1.02,0.1,0.3,0.25,0.75,5.04,-15.82,True
1.02,0.025,1.02,0.1,0.3,0.5,0.5,5.05,-15.81,True
1.02,0.025,1.02,0.1,0.3,0.75,0.25,5.05,-15.79,True
1.02,0.025,1.02,0.1,0.3,1.0,0.0,5.06,-15.78,True
1.02,0.025,1.02,0.2,0.0,0.0,1.0,-0.12,-1.95,True
1.02,0.025,1.02,0.2,0.0,0.25,0.75,-0.11,-1.76,True
1.02,0.025,1.02,0.2,0.0,0.5,0.5,-0.1,-1.57,True
1.02,0.025,1.02,0.2,0.0,0.75,0.25,-0.1,-1.38,True
1.02,0.025,1.02,0.2,0.0,1.0,0.0,-0.09,-1.19,True
1.02,0.025,1.02,0.2,0.1,0.0,1.0,2.26,-9.03,True
1.02,0.025,1.02,0.2,0.1,0.25,0.75,2.27,-9.01,True
1.02,0.025,1.02,0.2,0.1,0.5,0.5,2.28,-9.0,True
1.02,0.025,1.02,0.2,0.1,0.75,0.25,2.29,-8.98,True
1.02,0.025,1.02,0.2,0.1,1.0,0.0,2.3,-8.97,True
1.02,0.025,1.02,0.2,0.2,0.0,1.0,3.82,-13.43,True
1.02,0.025,1.02,0.2,0.2,0.25,0.75,3.83,-13.41,True
1.02,0.025,1.02,0.2,0.2,0.5,0.5,3.84,-13.38,True
1.02,0.025,1.02,0.2,0.2,0.75,0.25,3.85,-13.36,True
1.02,0.025,1.02,0.2,0.2,1.0,0.0,3.86,-13.34,True
1.02,0.025,1.02,0.2,0.3,0.0,1.0,4.99,-16.04,True
1.02,0.025,1.02,0.2,0.3,0.25,0.75,5.0,-16.01,True
1.02,0.025,1.02,0.2,0.3,0.5,0.5,5.01,-15.98,True
1.02,0.025,1.02,0.2,0.3,0.75,0.25,5.02,-15.95,True
1.02,0.025,1.02,0.2,0.3,1.0,0.0,5.03,-15.92,True
1.02,0.025,1.02,0.3,0.0,0.0,1.0,-0.2,-2.94,True
1.02,0.025,1.02,0.3,0.0,0.25,0.75,-0.18,-2.65,True
1.02,0.025,1.02,0.3,0.0,0.5,0.5,-0.16,-2.37,True
1.02,0.025,1.02,0.3,0.0,0.75,0.25,-0.15,-2.08,True
1.02,0.025,1.02,0.3,0.0,1.0,0.0,-0.13,-1.79,True
1.02,0.025,1.02,0.3,0.1,0.0,1.0,2.2,-9.15,True
1.02,0.025,1.02,0.3,0.1,0.25,0.75,2.22,-9.13,True
1.02,0.025,1.02,0.3,0.1,0.5,0.5,2.23,-9.11,True
1.02,0.025,1.02,0.3,0.1,0.75,0.25,2.25,-9.08,True
1.02,0.025,1.02,0.3,0.1,1.0,0.0,2.26,-9.06,True
1.02,0.025,1.02,0.3,0.2,0.0,1.0,3.77,-13.62,True
1.02,0.025,1.02,0.3,0.2,0.25,0.75,3.78,-13.58,True
1.02,0.025,1.02,0.3,0.2,0.5,0.5,3.8,-13.54,True
1.02,0.025,1.02,0.3,0.2,0.75,0.25,3.81,-13.5,True
1.02,0.025,1.02,0.3,0.2,1.0,0.0,3.83,-13.47,True
1.02,0.025,1.02,0.3,0.3,0.0,1.0,4.94,-16.21,True
1.02,0.025,1.02,0.3,0.3,0.25,0.75,4.95,-16.17,True
1.02,0.025,1.02,0.3,0.3,0.5,0.5,4.97,-16.12,True
1.02,0.025,1.02,0.3,0.3,0.75,0.25,4.98,-16.08,True
1.02,0.025,1.02,0.3,0.3,1.0,0.0,5.0,-16.04,True
1.02,0.025,1.02,0.4,0.0,0.0,1.0,-0.28,-3.95,True
1.02,0.025,1.02,0.4,0.0,0.25,0.75,-0.25,-3.56,True
1.02,0.025,1.02,0.4,0.0,0.5,0.5,-0.23,-3.17,True
1.02,0.025,1.02,0.4,0.0,0.75,0.25,-0.21,-2.79,True
1.02,0.025,1.02,0.4,0.0,1.0,0.0,-0.19,-2.4,True
1.02,0.025,1.02,0.4,0.1,0.0,1.0,2.14,-9.3,True
1.02,0.025,1.02,0.4,0.1,0.25,0.75,2.16,-9.26,True
1.02,0.025,1.02,0.4,0.1,0.5,0.5,2.18,-9.22,True
1.02,0.025,1.02,0.4,0.1,0.75,0.25,2.2,-9.19,True
1.02,0.025,1.02,0.4,0.1,1.0,0.0,2.22,-9.16,True
1.02,0.025,1.02,0.4,0.2,0.0,1.0,3.71,-13.78,True
1.02,0.025,1.02,0.4,0.2,0.25,0.75,3.73,-13.73,True
1.02,0.025,1.02,0.4,0.2,0.5,0.5,3.75,-13.67,True
1.02,0.025,1.02,0.4,0.2,0.75,0.25,3.77,-13.62,True
1.02,0.025,1.02,0.4,0.2,1.0,0.0,3.79,-13.57,True
1.02,0.025,1.02,0.4,0.3,0.0,1.0,4.95,-16.19,True
1.02,0.025,1.02,0.4,0.3,0.25,0.75,4.97,-16.14,True
1.02,0.025,1.02,0.4,0.3,0.5,0.5,4.98,-16.1,True
1.02,0.025,1.02,0.4,0.3,0.75,0.25,4.99,-16.06,True
1.02,0.025,1.02,0.4,0.3,1.0,0.0,5.01,-16.03,True
1.02,0.03,0.95,0.1,0.0,0.0,1.0,0.76,-3.82,True
1.02,0.03,0.95,0.1,0.0,0.25,0.75,0.73,-3.5,True
1.02,0.03,0.95,0.1,0.0,0.5,0.5,0.69,-3.18,True
1.02,0.03,0.95,0.1,0.0,0.75,0.25,0.66,-2.86,True
1.02,0.03,0.95,0.1,0.0,1.0,0.0,0.62,-2.54,True
1.02,0.03,0.95,0.1,0.1,0.0,1.0,2.7,-7.2,True
1.02,0.03,0.95,0.1,0.1,0.25,0.75,2.67,-7.25,True
1.02,0.03,0.95,0.1,0.1,0.5,0.5,2.65,-7.3,True
1.02,0.03,0.95,0.1,0.1,0.75,0.25,2.62,-7.36,True
1.02,0.03,0.95,0.1,0.1,1.0,0.0,2.6,-7.41,True
1.02,0.03,0.95,0.1,0.2,0.0,1.0,4.13,-11.26,True
1.02,0.03,0.95,0.1,0.2,0.25,0.75,4.11,-11.33,True
1.02,0.03,0.95,0.1,0.2,0.5,0.5,4.09,-11.4,True
1.02,0.03,0.95,0.1,0.2,0.75,0.25,4.06,-11.47,True
1.02,0.03,0.95,0.1,0.2,1.0,0.0,4.04,-11.55,True
1.02,0.03,0.95,0.1,0.3,0.0,1.0,5.27,-13.75,True
1.02,0.03,0.95,0.1,0.3,0.25,0.75,5.24,-13.84,True
1.02,0.03,0.95,0.1,0.3,0.5,0.5,5.21,-13.93,True
1.02,0.03,0.95,0.1,0.3,0.75,0.25,5.18,-14.03,True
1.02,0.03,0.95,0.1,0.3,1.0,0.0,5.16,-14.12,True
1.02,0.03,0.95,0.2,0.0,0.0,1.0,1.47,-6.08,True
1.02,0.03,0.95,0.2,0.0,0.25,0.75,1.41,-5.58,True
1.02,0.03,0.95,0.2,0.0,0.5,0.5,1.35,-5.07,True
1.02,0.03,0.95,0.2,0.0,0.75,0.25,1.29,-4.56,True
1.02,0.03,0.95,0.2,0.0,1.0,0.0,1.22,-4.05,True
1.02,0.03,0.95,0.2,0.1,0.0,1.0,3.37,-6.46,True
1.02,0.03,0.95,0.2,0.1,0.25,0.75,3.3,-6.57,True
1.02,0.03,0.95,0.2,0.1,0.5,0.5,3.23,-6.68,True
1.02,0.03,0.95,0.2,0.1,0.75,0.25,3.16,-6.79,True
1.02,0.03,0.95,0.2,0.1,1.0,0.0,3.09,-6.91,True
1.02,0.03,0.95,0.2,0.2,0.0,1.0,4.76,-9.96,True
1.02,0.03,0.95,0.2,0.2,0.25,0.75,4.7,-10.12,True
1.02,0.03,0.95,0.2,0.2,0.5,0.5,4.63,-10.29,True
1.02,0.03,0.95,0.2,0.2,0.75,0.25,4.56,-10.47,True
1.02,0.03,0.95,0.2,0.2,1.0,0.0,4.49,-10.65,True
1.02,0.03,0.95,0.2,0.3,0.0,1.0,5.87,-12.88,True
1.02,0.03,0.95,0.2,0.3,0.25,0.75,5.81,-12.87,True
1.02,0.03,0.95,0.2,0.3,0.5,0.5,5.74,-12.86,True
1.02,0.03,0.95,0.2,0.3,0.75,0.25,5.67,-12.85,True
1.02,0.03,0.95,0.2,0.3,1.0,0.0,5.6,-13.04,True
1.02,0.03,0.95,0.3,0.0,0.0,1.0,2.25,-7.15,True
1.02,0.03,0.95,0.3,0.0,0.25,0.75,2.14,-6.4,True
1.02,0.03,0.95,0.3,0.0,0.5,0.5,2.02,-5.61,True
1.02,0.03,0.95,0.3,0.0,0.75,0.25,1.9,-4.78,True
1.02,0.03,0.95,0.3,0.0,1.0,0.0,1.77,-4.05,True
1.02,0.03,0.95,0.3,0.1,0.0,1.0,4.08,-5.93,True
1.02,0.03,0.95,0.3,0.1,0.25,0.75,3.97,-5.76,True
1.02,0.03,0.95,0.3,0.1,0.5,0.5,3.86,-5.91,True
1.02,0.03,0.95,0.3,0.1,0.75,0.25,3.75,-6.08,True
1.02,0.03,0.95,0.3,0.1,1.0,0.0,3.63,-6.26,True
1.02,0.03,0.95,0.3,0.2,0.0,1.0,5.43,-8.97,True
1.02,0.03,0.95,0.3,0.2,0.25,0.75,5.32,-9.03,True
1.02,0.03,0.95,0.3,0.2,0.5,0.5,5.22,-9.27,True
1.02,0.03,0.95,0.3,0.2,0.75,0.25,5.11,-9.52,True
1.02,0.03,0.95,0.3,0.2,1.0,0.0,5.0,-9.79,True
1.02,0.03,0.95,0.3,0.3,0.0,1.0,6.54,-12.93,True
1.02,0.03,0.95,0.3,0.3,0.25,0.75,6.44,-12.91,True
1.02,0.03,0.95,0.3,0.3,0.5,0.5,6.33,-12.89,True
1.02,0.03,0.95,0.3,0.3,0.75,0.25,6.22,-12.88,True
1.02,0.03,0.95,0.3,0.3,1.0,0.0,6.1,-12.86,True
1.02,0.03,0.95,0.4,0.0,0.0,1.0,3.13,-8.88,True
1.02,0.03,0.95,0.4,0.0,0.25,0.75,2.97,-7.98,True
1.02,0.03,0.95,0.4,0.0,0.5,0.5,2.8,-7.03,True
1.02,0.03,0.95,0.4,0.0,0.75,0.25,2.62,-6.03,True
1.02,0.03,0.95,0.4,0.0,1.0,0.0,2.43,-4.97,True
1.02,0.03,0.95,0.4,0.1,0.0,1.0,4.83,-7.68,True
1.02,0.03,0.95,0.4,0.1,0.25,0.75,4.68,-6.79,True
1.02,0.03,0.95,0.4,0.1,0.5,0.5,4.52,-5.84,True
1.02,0.03,0.95,0.4,0.1,0.75,0.25,4.35,-5.48,True
1.02,0.03,0.95,0.4,0.1,1.0,0.0,4.19,-5.7,True
1.02,0.03,0.95,0.4,0.2,0.0,1.0,6.16,-8.92,True
1.02,0.03,0.95,0.4,0.2,0.25,0.75,6.02,-8.95,True
1.02,0.03,0.95,0.4,0.2,0.5,0.5,5.88,-8.97,True
1.02,0.03,0.95,0.4,0.2,0.75,0.25,5.71,-8.95,True
1.02,0.03,0.95,0.4,0.2,1.0,0.0,5.55,-8.97,True
1.02,0.03,0.95,0.4,0.3,0.0,1.0,7.2,-12.67,True
1.02,0.03,0.95,0.4,0.3,0.25,0.75,7.06,-12.72,True
1.02,0.03,0.95,0.4,0.3,0.5,0.5,6.92,-12.77,True
1.02,0.03,0.95,0.4,0.3,0.75,0.25,6.78,-12.82,True
1.02,0.03,0.95,0.4,0.3,1.0,0.0,6.63,-12.87,True
1.02,0.03,0.97,0.1,0.0,0.0,1.0,0.79,-2.61,True
1.02,0.03,0.97,0.1,0.0,0.25,0.75,0.73,-2.32,True
1.02,0.03,0.97,0.1,0.0,0.5,0.5,0.68,-2.03,True
1.02,0.03,0.97,0.1,0.0,0.75,0.25,0.62,-1.74,True
1.02,0.03,0.97,0.1,0.0,1.0,0.0,0.56,-1.44,True
1.02,0.03,0.97,0.1,0.1,0.0,1.0,2.76,-7.2,True
1.02,0.03,0.97,0.1,0.1,0.25,0.75,2.71,-7.25,True
1.02,0.03,0.97,0.1,0.1,0.5,0.5,2.66,-7.32,True
1.02,0.03,0.97,0.1,0.1,0.75,0.25,2.61,-7.38,True
1.02,0.03,0.97,0.1,0.1,1.0,0.0,2.56,-7.44,True
1.02,0.03,0.97,0.1,0.2,0.0,1.0,4.18,-11.23,True
1.02,0.03,0.97,0.1,0.2,0.25,0.75,4.14,-11.31,True
1.02,0.03,0.97,0.1,0.2,0.5,0.5,4.09,-11.39,True
1.02,0.03,0.97,0.1,0.2,0.75,0.25,4.05,-11.48,True
1.02,0.03,0.97,0.1,0.2,1.0,0.0,4.0,-11.57,True
1.02,0.03,0.97,0.1,0.3,0.0,1.0,5.32,-13.71,True
1.02,0.03,0.97,0.1,0.3,0.25,0.75,5.28,-13.81,True
1.02,0.03,0.97,0.1,0.3,0.5,0.5,5.23,-13.92,True
1.02,0.03,0.97,0.1,0.3,0.75,0.25,5.19,-14.03,True
1.02,0.03,0.97,0.1,0.3,1.0,0.0,5.14,-14.14,True
1.02,0.03,0.97,0.2,0.0,0.0,1.0,1.45,-4.79,True
1.02,0.03,0.97,0.2,0.0,0.25,0.75,1.36,-4.3,True
1.02,0.03,0.97,0.2,0.0,0.5,0.5,1.26,-3.79,True
1.02,0.03,0.97,0.2,0.0,0.75,0.25,1.17,-3.26,True
1.02,0.03,0.97,0.2,0.0,1.0,0.0,1.06,-2.72,True
1.02,0.03,0.97,0.2,0.1,0.0,1.0,3.43,-6.6,True
1.02,0.03,0.97,0.2,0.1,0.25,0.75,3.34,-6.71,True
1.02,0.03,0.97,0.2,0.1,0.5,0.5,3.24,-6.83,True
1.02,0.03,0.97,0.2,0.1,0.75,0.25,3.14,-6.95,True
1.02,0.03,0.97,0.2,0.1,1.0,0.0,3.03,-7.07,True
1.02,0.03,0.97,0.2,0.2,0.0,1.0,4.86,-10.09,True
1.02,0.03,0.97,0.2,0.2,0.25,0.75,4.76,-10.27,True
1.02,0.03,0.97,0.2,0.2,0.5,0.5,4.65,-10.45,True
1.02,0.03,0.97,0.2,0.2,0.75,0.25,4.55,-10.64,True
1.02,0.03,0.97,0.2,0.2,1.0,0.0,4.45,-10.83,True
1.02,0.03,0.97,0.2,0.3,0.0,1.0,5.92,-12.9,True
1.02,0.03,0.97,0.2,0.3,0.25,0.75,5.82,-12.88,True
1.02,0.03,0.97,0.2,0.3,0.5,0.5,5.73,-12.86,True
1.02,0.03,0.97,0.2,0.3,0.75,0.25,5.63,-12.98,True
1.02,0.03,0.97,0.2,0.3,1.0,0.0,5.53,-13.21,True
1.02,0.03,0.97,0.3,0.0,0.0,1.0,2.21,-6.65,True
1.02,0.03,0.97,0.3,0.0,0.25,0.75,2.06,-6.0,True
1.02,0.03,0.97,0.3,0.0,0.5,0.5,1.9,-5.32,True
1.02,0.03,0.97,0.3,0.0,0.75,0.25,1.74,-4.61,True
1.02,0.03,0.97,0.3,0.0,1.0,0.0,1.58,-3.87,True
1.02,0.03,0.97,0.3,0.1,0.0,1.0,4.05,-5.93,True
1.02,0.03,0.97,0.3,0.1,0.25,0.75,3.91,-6.07,True
1.02,0.03,0.97,0.3,0.1,0.5,0.5,3.77,-6.23,True
1.02,0.03,0.97,0.3,0.1,0.75,0.25,3.62,-6.39,True
1.02,0.03,0.97,0.3,0.1,1.0,0.0,3.47,-6.57,True
1.02,0.03,0.97,0.3,0.2,0.0,1.0,5.34,-9.21,True
1.02,0.03,0.97,0.3,0.2,0.25,0.75,5.21,-9.43,True
1.02,0.03,0.97,0.3,0.2,0.5,0.5,5.08,-9.67,True
1.02,0.03,0.97,0.3,0.2,0.75,0.25,4.95,-9.92,True
1.02,0.03,0.97,0.3,0.2,1.0,0.0,4.81,-10.18,True
1.02,0.03,0.97,0.3,0.3,0.0,1.0,6.39,-12.9,True
1.02,0.03,0.97,0.3,0.3,0.25,0.75,6.29,-12.97,True
1.02,0.03,0.97,0.3,0.3,0.5,0.5,6.17,-12.98,True
1.02,0.03,0.97,0.3,0.3,0.75,0.25,6.04,-12.95,True
1.02,0.03,0.97,0.3,0.3,1.0,0.0,5.9,-12.91,True
1.02,0.03,0.97,0.4,0.0,0.0,1.0,2.8,-8.24,True
1.02,0.03,0.97,0.4,0.0,0.25,0.75,2.63,-7.48,True
1.02,0.03,0.97,0.4,0.0,0.5,0.5,2.44,-6.67,True
1.02,0.03,0.97,0.4,0.0,0.75,0.25,2.24,-5.81,True
1.02,0.03,0.97,0.4,0.0,1.0,0.0,2.03,-4.92,True
1.02,0.03,0.97,0.4,0.1,0.0,1.0,4.46,-6.84,True
1.02,0.03,0.97,0.4,0.1,0.25,0.75,4.32,-6.08,True
1.02,0.03,0.97,0.4,0.1,0.5,0.5,4.17,-5.8,True
1.02,0.03,0.97,0.4,0.1,0.75,0.25,3.99,-5.99,True
1.02,0.03,0.97,0.4,0.1,1.0,0.0,3.81,-6.2,True
1.02,0.03,0.97,0.4,0.2,0.0,1.0,5.74,-8.79,True
1.02,0.03,0.97,0.4,0.2,0.25,0.75,5.61,-8.85,True
1.02,0.03,0.97,0.4,0.2,0.5,0.5,5.48,-8.93,True
1.02,0.03,0.97,0.4,0.2,0.75,0.25,5.33,-9.28,True
1.02,0.03,0.97,0.4,0.2,1.0,0.0,5.17,-9.62,True
1.02,0.03,0.97,0.4,0.3,0.0,1.0,6.75,-12.52,True
1.02,0.03,0.97,0.4,0.3,0.25,0.75,6.62,-12.61,True
1.02,0.03,0.97,0.4,0.3,0.5,0.5,6.49,-12.7,True
1.02,0.03,0.97,0.4,0.3,0.75,0.25,6.35,-12.79,True
1.02,0.03,0.97,0.4,0.3,1.0,0.0,6.21,-12.89,True
1.02,0.03,0.99,0.1,0.0,0.0,1.0,-0.25,-3.51,True
1.02,0.03,0.99,0.1,0.0,0.25,0.75,-0.23,-3.2,True
1.02,0.03,0.99,0.1,0.0,0.5,0.5,-0.21,-2.89,True
1.02,0.03,0.99,0.1,0.0,0.75,0.25,-0.19,-2.58,True
1.02,0.03,0.99,0.1,0.0,1.0,0.0,-0.17,-2.27,True
1.02,0.03,0.99,0.1,0.1,0.0,1.0,2.17,-9.02,True
1.02,0.03,0.99,0.1,0.1,0.25,0.75,2.19,-9.01,True
1.02,0.03,0.99,0.1,0.1,0.5,0.5,2.2,-8.99,True
1.02,0.03,0.99,0.1,0.1,0.75,0.25,2.22,-8.98,True
1.02,0.03,0.99,0.1,0.1,1.0,0.0,2.24,-8.97,True
1.02,0.03,0.99,0.1,0.2,0.0,1.0,3.74,-13.39,True
1.02,0.03,0.99,0.1,0.2,0.25,0.75,3.76,-13.37,True
1.02,0.03,0.99,0.1,0.2,0.5,0.5,3.77,-13.35,True
1.02,0.03,0.99,0.1,0.2,0.75,0.25,3.79,-13.33,True
1.02,0.03,0.99,0.1,0.2,1.0,0.0,3.81,-13.31,True
1.02,0.03,0.99,0.1,0.3,0.0,1.0,4.91,-15.96,True
1.02,0.03,0.99,0.1,0.3,0.25,0.75,4.93,-15.94,True
1.02,0.03,0.99,0.1,0.3,0.5,0.5,4.94,-15.91,True
1.02,0.03,0.99,0.1,0.3,0.75,0.25,4.96,-15.89,True
1.02,0.03,0.99,0.1,0.3,1.0,0.0,4.98,-15.87,True
1.02,0.03,0.99,0.2,0.0,0.0,1.0,-0.51,-6.97,True
1.02,0.03,0.99,0.2,0.0,0.25,0.75,-0.46,-6.36,True
1.02,0.03,0.99,0.2,0.0,0.5,0.5,-0.42,-5.75,True
1.02,0.03,0.99,0.2,0.0,0.75,0.25,-0.38,-5.14,True
1.02,0.03,0.99,0.2,0.0,1.0,0.0,-0.33,-4.52,True
1.02,0.03,0.99,0.2,0.1,0.0,1.0,1.95,-9.21,True
1.02,0.03,0.99,0.2,0.1,0.25,0.75,1.99,-9.18,True
1.02,0.03,0.99,0.2,0.1,0.5,0.5,2.02,-9.15,True
1.02,0.03,0.99,0.2,0.1,0.75,0.25,2.06,-9.12,True
1.02,0.03,0.99,0.2,0.1,1.0,0.0,2.1,-9.09,True
1.02,0.03,0.99,0.2,0.2,0.0,1.0,3.55,-13.62,True
1.02,0.03,0.99,0.2,0.2,0.25,0.75,3.58,-13.58,True
1.02,0.03,0.99,0.2,0.2,0.5,0.5,3.62,-13.54,True
1.02,0.03,0.99,0.2,0.2,0.75,0.25,3.65,-13.5,True
1.02,0.03,0.99,0.2,0.2,1.0,0.0,3.68,-13.46,True
1.02,0.03,0.99,0.2,0.3,0.0,1.0,4.81,-16.01,True
1.02,0.03,0.99,0.2,0.3,0.25,0.75,4.84,-15.98,True
1.02,0.03,0.99,0.2,0.3,0.5,0.5,4.87,-15.96,True
1.02,0.03,0.99,0.2,0.3,0.75,0.25,4.89,-15.93,True
1.02,0.03,0.99,0.2,0.3,1.0,0.0,4.92,-15.9,True
1.02,0.03,0.99,0.3,0.0,0.0,1.0,-0.77,-10.37,True
1.02,0.03,0.99,0.3,0.0,0.25,0.75,-0.7,-9.48,True
1.02,0.03,0.99,0.3,0.0,0.5,0.5,-0.64,-8.57,True
1.02,0.03,0.99,0.3,0.0,0.75,0.25,-0.57,-7.67,True
1.02,0.03,0.99,0.3,0.0,1.0,0.0,-0.51,-6.76,True
1.02,0.03,0.99,0.3,0.1,0.0,1.0,1.74,-9.37,True
1.02,0.03,0.99,0.3,0.1,0.25,0.75,1.8,-9.33,True
1.02,0.03,0.99,0.3,0.1,0.5,0.5,1.85,-9.29,True
1.02,0.03,0.99,0.3,0.1,0.75,0.25,1.91,-9.25,True
1.02,0.03,0.99,0.3,0.1,1.0,0.0,1.96,-9.21,True
1.02,0.03,0.99,0.3,0.2,0.0,1.0,3.49,-13.55,True
1.02,0.03,0.99,0.3,0.2,0.25,0.75,3.53,-13.52,True
1.02,0.03,0.99,0.3,0.2,0.5,0.5,3.57,-13.49,True
1.02,0.03,0.99,0.3,0.2,0.75,0.25,3.61,-13.47,True
1.02,0.03,0.99,0.3,0.2,1.0,0.0,3.65,-13.43,True
1.02,0.03,0.99,0.3,0.3,0.0,1.0,4.77,-15.99,True
1.02,0.03,0.99,0.3,0.3,0.25,0.75,4.8,-15.97,True
1.02,0.03,0.99,0.3,0.3,0.5,0.5,4.83,-15.95,True
1.02,0.03,0.99,0.3,0.3,0.75,0.25,4.87,-15.93,True
1.02,0.03,0.99,0.3,0.3,1.0,0.0,4.9,-15.91,True
1.02,0.03,0.99,0.4,0.0,0.0,1.0,-1.04,-13.72,True
1.02,0.03,0.99,0.4,0.0,0.25,0.75,-0.95,-12.55,True
1.02,0.03,0.99,0.4,0.0,0.5,0.5,-0.86,-11.36,True
1.02,0.03,0.99,0.4,0.0,0.75,0.25,-0.77,-10.17,True
1.02,0.03,0.99,0.4,0.0,1.0,0.0,-0.68,-8.97,True
1.02,0.03,0.99,0.4,0.1,0.0,1.0,1.67,-9.32,True
1.02,0.03,0.99,0.4,0.1,0.25,0.75,1.73,-9.29,True
1.02,0.03,0.99,0.4,0.1,0.5,0.5,1.8,-9.26,True
1.02,0.03,0.99,0.4,0.1,0.75,0.25,1.86,-9.23,True
1.02,0.03,0.99,0.4,0.1,1.0,0.0,1.92,-9.2,True
1.02,0.03,0.99,0.4,0.2,0.0,1.0,3.44,-13.52,True
1.02,0.03,0.99,0.4,0.2,0.25,0.75,3.49,-13.49,True
1.02,0.03,0.99,0.4,0.2,0.5,0.5,3.53,-13.47,True
1.02,0.03,0.99,0.4,0.2,0.75,0.25,3.58,-13.44,True
1.02,0.03,0.99,0.4,0.2,1.0,0.0,3.63,-13.42,True
1.02,0.03,0.99,0.4,0.3,0.0,1.0,4.74,-16.05,True
1.02,0.03,0.99,0.4,0.3,0.25,0.75,4.77,-16.03,True
1.02,0.03,0.99,0.4,0.3,0.5,0.5,4.81,-16.0,True
1.02,0.03,0.99,0.4,0.3,0.75,0.25,4.84,-15.98,True
1.02,0.03,0.99,0.4,0.3,1.0,0.0,4.88,-15.95,True
1.02,0.03,1.0,0.1,0.0,0.0,1.0,-0.15,-2.6,True
1.02,0.03,1.0,0.1,0.0,0.25,0.75,-0.14,-2.37,True
1.02,0.03,1.0,0.1,0.0,0.5,0.5,-0.13,-2.14,True
1.02,0.03,1.0,0.1,0.0,0.75,0.25,-0.12,-1.91,True
1.02,0.03,1.0,0.1,0.0,1.0,0.0,-0.1,-1.68,True
1.02,0.03,1.0,0.1,0.1,0.0,1.0,2.24,-8.94,True
1.02,0.03,1.0,0.1,0.1,0.25,0.75,2.25,-8.93,True
1.02,0.03,1.0,0.1,0.1,0.5,0.5,2.26,-8.93,True
1.02,0.03,1.0,0.1,0.1,0.75,0.25,2.27,-8.92,True
1.02,0.03,1.0,0.1,0.1,1.0,0.0,2.29,-8.91,True
1.02,0.03,1.0,0.1,0.2,0.0,1.0,3.8,-13.29,True
1.02,0.03,1.0,0.1,0.2,0.25,0.75,3.81,-13.28,True
1.02,0.03,1.0,0.1,0.2,0.5,0.5,3.82,-13.27,True
1.02,0.03,1.0,0.1,0.2,0.75,0.25,3.84,-13.25,True
1.02,0.03,1.0,0.1,0.2,1.0,0.0,3.85,-13.24,True
1.02,0.03,1.0,0.1,0.3,0.0,1.0,4.97,-15.86,True
1.02,0.03,1.0,0.1,0.3,0.25,0.75,4.98,-15.85,True
1.02,0.03,1.0,0.1,0.3,0.5,0.5,4.99,-15.83,True
1.02,0.03,1.0,0.1,0.3,0.75,0.25,5.0,-15.82,True
1.02,0.03,1.0,0.1,0.3,1.0,0.0,5.01,-15.8,True
1.02,0.03,1.0,0.2,0.0,0.0,1.0,-0.31,-5.2,True
1.02,0.03,1.0,0.2,0.0,0.25,0.75,-0.29,-4.74,True
1.02,0.03,1.0,0.2,0.0,0.5,0.5,-0.26,-4.28,True
1.02,0.03,1.0,0.2,0.0,0.75,0.25,-0.23,-3.82,True
1.02,0.03,1.0,0.2,0.0,1.0,0.0,-0.21,-3.36,True
1.02,0.03,1.0,0.2,0.1,0.0,1.0,2.09,-9.04,True
1.02,0.03,1.0,0.2,0.1,0.25,0.75,2.12,-9.02,True
1.02,0.03,1.0,0.2,0.1,0.5,0.5,2.14,-9.01,True
1.02,0.03,1.0,0.2,0.1,0.75,0.25,2.16,-9.0,True
1.02,0.03,1.0,0.2,0.1,1.0,0.0,2.19,-8.98,True
1.02,0.03,1.0,0.2,0.2,0.0,1.0,3.66,-13.43,True
1.02,0.03,1.0,0.2,0.2,0.25,0.75,3.69,-13.41,True
1.02,0.03,1.0,0.2,0.2,0.5,0.5,3.71,-13.38,True
1.02,0.03,1.0,0.2,0.2,0.75,0.25,3.73,-13.36,True
1.02,0.03,1.0,0.2,0.2,1.0,0.0,3.76,-13.34,True
1.02,0.03,1.0,0.2,0.3,0.0,1.0,4.92,-15.82,True
1.02,0.03,1.0,0.2,0.3,0.25,0.75,4.93,-15.81,True
1.02,0.03,1.0,0.2,0.3,0.5,0.5,4.95,-15.8,True
1.02,0.03,1.0,0.2,0.3,0.75,0.25,4.97,-15.79,True
1.02,0.03,1.0,0.2,0.3,1.0,0.0,4.98,-15.78,True
1.02,0.03,1.0,0.3,0.0,0.0,1.0,-0.48,-7.79,True
1.02,0.03,1.0,0.3,0.0,0.25,0.75,-0.44,-7.11,True
1.02,0.03,1.0,0.3,0.0,0.5,0.5,-0.4,-6.42,True
1.02,0.03,1.0,0.3,0.0,0.75,0.25,-0.36,-5.74,True
1.02,0.03,1.0,0.3,0.0,1.0,0.0,-0.32,-5.05,True
1.02,0.03,1.0,0.3,0.1,0.0,1.0,1.94,-9.12,True
1.02,0.03,1.0,0.3,0.1,0.25,0.75,1.98,-9.1,True
1.02,0.03,1.0,0.3,0.1,0.5,0.5,2.02,-9.09,True
1.02,0.03,1.0,0.3,0.1,0.75,0.25,2.06,-9.07,True
1.02,0.03,1.0,0.3,0.1,1.0,0.0,2.09,-9.05,True
1.02,0.03,1.0,0.3,0.2,0.0,1.0,3.66,-13.27,True
1.02,0.03,1.0,0.3,0.2,0.25,0.75,3.68,-13.26,True
1.02,0.03,1.0,0.3,0.2,0.5,0.5,3.71,-13.26,True
1.02,0.03,1.0,0.3,0.2,0.75,0.25,3.74,-13.26,True
1.02,0.03,1.0,0.3,0.2,1.0,0.0,3.76,-13.25,True
1.02,0.03,1.0,0.3,0.3,0.0,1.0,4.91,-15.69,True
1.02,0.03,1.0,0.3,0.3,0.25,0.75,4.93,-15.69,True
1.02,0.03,1.0,0.3,0.3,0.5,0.5,4.95,-15.7,True
1.02,0.03,1.0,0.3,0.3,0.75,0.25,4.97,-15.7,True
1.02,0.03,1.0,0.3,0.3,1.0,0.0,4.99,-15.71,True
1.02,0.03,1.0,0.4,0.0,0.0,1.0,-0.65,-10.39,True
1.02,0.03,1.0,0.4,0.0,0.25,0.75,-0.6,-9.48,True
1.02,0.03,1.0,0.4,0.0,0.5,0.5,-0.54,-8.57,True
1.02,0.03,1.0,0.4,0.0,0.75,0.25,-0.49,-7.66,True
1.02,0.03,1.0,0.4,0.0,1.0,0.0,-0.43,-6.74,True
1.02,0.03,1.0,0.4,0.1,0.0,1.0,1.94,-9.0,True
1.02,0.03,1.0,0.4,0.1,0.25,0.75,1.98,-9.0,True
1.02,0.03,1.0,0.4,0.1,0.5,0.5,2.02,-8.99,True
1.02,0.03,1.0,0.4,0.1,0.75,0.25,2.06,-8.99,True
1.02,0.03,1.0,0.4,0.1,1.0,0.0,2.1,-8.98,True
1.02,0.03,1.0,0.4,0.2,0.0,1.0,3.65,-13.12,True
1.02,0.03,1.0,0.4,0.2,0.25,0.75,3.68,-13.13,True
1.02,0.03,1.0,0.4,0.2,0.5,0.5,3.71,-13.14,True
1.02,0.03,1.0,0.4,0.2,0.75,0.25,3.74,-13.15,True
1.02,0.03,1.0,0.4,0.2,1.0,0.0,3.77,-13.16,True
1.02,0.03,1.0,0.4,0.3,0.0,1.0,4.9,-15.67,True
1.02,0.03,1.0,0.4,0.3,0.25,0.75,4.92,-15.67,True
1.02,0.03,1.0,0.4,0.3,0.5,0.5,4.94,-15.68,True
1.02,0.03,1.0,0.4,0.3,0.75,0.25,4.96,-15.69,True
1.02,0.03,1.0,0.4,0.3,1.0,0.0,4.98,-15.7,True
1.02,0.03,1.01,0.1,0.0,0.0,1.0,-0.06,-1.32,True
1.02,0.03,1.01,0.1,0.0,0.25,0.75,-0.06,-1.21,True
1.02,0.03,1.01,0.1,0.0,0.5,0.5,-0.05,-1.1,True
1.02,0.03,1.01,0.1,0.0,0.75,0.25,-0.05,-0.98,True
1.02,0.03,1.01,0.1,0.0,1.0,0.0,-0.05,-0.87,True
1.02,0.03,1.01,0.1,0.1,0.0,1.0,2.32,-8.94,True
1.02,0.03,1.01,0.1,0.1,0.25,0.75,2.32,-8.93,True
1.02,0.03,1.01,0.1,0.1,0.5,0.5,2.33,-8.93,True
1.02,0.03,1.01,0.1,0.1,0.75,0.25,2.33,-8.92,True
1.02,0.03,1.01,0.1,0.1,1.0,0.0,2.34,-8.92,True
1.02,0.03,1.01,0.1,0.2,0.0,1.0,3.87,-13.29,True
1.02,0.03,1.01,0.1,0.2,0.25,0.75,3.88,-13.28,True
1.02,0.03,1.01,0.1,0.2,0.5,0.5,3.88,-13.27,True
1.02,0.03,1.01,0.1,0.2,0.75,0.25,3.89,-13.26,True
1.02,0.03,1.01,0.1,0.2,1.0,0.0,3.89,-13.25,True
1.02,0.03,1.01,0.1,0.3,0.0,1.0,5.04,-15.87,True
1.02,0.03,1.01,0.1,0.3,0.25,0.75,5.04,-15.86,True
1.02,0.03,1.01,0.1,0.3,0.5,0.5,5.05,-15.84,True
1.02,0.03,1.01,0.1,0.3,0.75,0.25,5.05,-15.83,True
1.02,0.03,1.01,0.1,0.3,1.0,0.0,5.06,-15.82,True
1.02,0.03,1.01,0.2,0.0,0.0,1.0,-0.13,-2.65,True
1.02,0.03,1.01,0.2,0.0,0.25,0.75,-0.12,-2.42,True
1.02,0.03,1.01,0.2,0.0,0.5,0.5,-0.11,-2.19,True
1.02,0.03,1.01,0.2,0.0,0.75,0.25,-0.1,-1.97,True
1.02,0.03,1.01,0.2,0.0,1.0,0.0,-0.09,-1.74,True
1.02,0.03,1.01,0.2,0.1,0.0,1.0,2.25,-9.04,True
1.02,0.03,1.01,0.2,0.1,0.25,0.75,2.26,-9.03,True
1.02,0.03,1.01,0.2,0.1,0.5,0.5,2.27,-9.02,True
1.02,0.03,1.01,0.2,0.1,0.75,0.25,2.28,-9.0,True
1.02,0.03,1.01,0.2,0.1,1.0,0.0,2.29,-8.99,True
1.02,0.03,1.01,0.2,0.2,0.0,1.0,3.81,-13.45,True
1.02,0.03,1.01,0.2,0.2,0.25,0.75,3.82,-13.43,True
1.02,0.03,1.01,0.2,0.2,0.5,0.5,3.83,-13.41,True
1.02,0.03,1.01,0.2,0.2,0.75,0.25,3.84,-13.39,True
1.02,0.03,1.01,0.2,0.2,1.0,0.0,3.85,-13.37,True
1.02,0.03,1.01,0.2,0.3,0.0,1.0,4.97,-16.06,True
1.02,0.03,1.01,0.2,0.3,0.25,0.75,4.98,-16.03,True
1.02,0.03,1.01,0.2,0.3,0.5,0.5,4.99,-16.01,True
1.02,0.03,1.01,0.2,0.3,0.75,0.25,5.0,-15.98,True
1.02,0.03,1.01,0.2,0.3,1.0,0.0,5.01,-15.95,True
1.02,0.03,1.01,0.3,0.0,0.0,1.0,-0.2,-3.98,True
1.02,0.03,1.01,0.3,0.0,0.25,0.75,-0.18,-3.64,True
1.02,0.03,1.01,0.3,0.0,0.5,0.5,-0.17,-3.29,True
1.02,0.03,1.01,0.3,0.0,0.75,0.25,-0.16,-2.95,True
1.02,0.03,1.01,0.3,0.0,1.0,0.0,-0.14,-2.61,True
1.02,0.03,1.01,0.3,0.1,0.0,1.0,2.18,-9.13,True
1.02,0.03,1.01,0.3,0.1,0.25,0.75,2.19,-9.12,True
1.02,0.03,1.01,0.3,0.1,0.5,0.5,2.21,-9.1,True
1.02,0.03,1.01,0.3,0.1,0.75,0.25,2.23,-9.09,True
1.02,0.03,1.01,0.3,0.1,1.0,0.0,2.24,-9.07,True
1.02,0.03,1.01,0.3,0.2,0.0,1.0,3.73,-13.59,True
1.02,0.03,1.01,0.3,0.2,0.25,0.75,3.75,-13.57,True
1.02,0.03,1.01,0.3,0.2,0.5,0.5,3.77,-13.54,True
1.02,0.03,1.01,0.3,0.2,0.75,0.25,3.79,-13.51,True
1.02,0.03,1.01,0.3,0.2,1.0,0.0,3.8,-13.48,True
1.02,0.03,1.01,0.3,0.3,0.0,1.0,4.91,-16.19,True
1.02,0.03,1.01,0.3,0.3,0.25,0.75,4.93,-16.15,True
1.02,0.03,1.01,0.3,0.3,0.5,0.5,4.95,-16.12,True
1.02,0.03,1.01,0.3,0.3,0.75,0.25,4.97,-16.09,True
1.02,0.03,1.01,0.3,0.3,1.0,0.0,4.98,-16.05,True
1.02,0.03,1.01,0.4,0.0,0.0,1.0,-0.27,-5.31,True
1.02,0.03,1.01,0.4,0.0,0.25,0.75,-0.25,-4.85,True
1.02,0.03,1.01,0.4,0.0,0.5,0.5,-0.23,-4.39,True
1.02,0.03,1.01,0.4,0.0,0.75,0.25,-0.21,-3.94,True
1.02,0.03,1.01,0.4,0.0,1.0,0.0,-0.19,-3.48,True
1.02,0.03,1.01,0.4,0.1,0.0,1.0,2.1,-9.22,True
1.02,0.03,1.01,0.4,0.1,0.25,0.75,2.12,-9.2,True
1.02,0.03,1.01,0.4,0.1,0.5,0.5,2.15,-9.18,True
1.02,0.03,1.01,0.4,0.1,0.75,0.25,2.17,-9.16,True
1.02,0.03,1.01,0.4,0.1,1.0,0.0,2.19,-9.15,True
1.02,0.03,1.01,0.4,0.2,0.0,1.0,3.66,-13.74,True
1.02,0.03,1.01,0.4,0.2,0.25,0.75,3.68,-13.7,True
1.02,0.03,1.01,0.4,0.2,0.5,0.5,3.71,-13.66,True
1.02,0.03,1.01,0.4,0.2,0.75,0.25,3.74,-13.62,True
1.02,0.03,1.01,0.4,0.2,1.0,0.0,3.76,-13.59,True
1.02,0.03,1.01,0.4,0.3,0.0,1.0,4.9,-16.15,True
1.02,0.03,1.01,0.4,0.3,0.25,0.75,4.92,-16.12,True
1.02,0.03,1.01,0.4,0.3,0.5,0.5,4.94,-16.09,True
1.02,0.03,1.01,0.4,0.3,0.75,0.25,4.96,-16.06,True
1.02,0.03,1.01,0.4,0.3,1.0,0.0,4.98,-16.03,True
1.02,0.03,1.02,0.1,0.0,0.0,1.0,0.0,-1.32,True
1.02,0.03,1.02,0.1,0.0,0.25,0.75,0.0,-1.21,True
1.02,0.03,1.02,0.1,0.0,0.5,0.5,-0.0,-1.1,True
1.02,0.03,1.02,0.1,0.0,0.75,0.25,-0.0,-0.98,True
1.02,0.03,1.02,0.1,0.0,1.0,0.0,-0.0,-0.87,True
1.02,0.03,1.02,0.1,0.1,0.0,1.0,2.35,-8.82,True
1.02,0.03,1.02,0.1,0.1,0.25,0.75,2.35,-8.82,True
1.02,0.03,1.02,0.1,0.1,0.5,0.5,2.35,-8.82,True
1.02,0.03,1.02,0.1,0.1,0.75,0.25,2.35,-8.82,True
1.02,0.03,1.02,0.1,0.1,1.0,0.0,2.36,-8.82,True
1.02,0.03,1.02,0.1,0.2,0.0,1.0,3.89,-13.16,True
1.02,0.03,1.02,0.1,0.2,0.25,0.75,3.9,-13.15,True
1.02,0.03,1.02,0.1,0.2,0.5,0.5,3.9,-13.15,True
1.02,0.03,1.02,0.1,0.2,0.75,0.25,3.9,-13.15,True
1.02,0.03,1.02,0.1,0.2,1.0,0.0,3.9,-13.14,True
1.02,0.03,1.02,0.1,0.3,0.0,1.0,5.05,-15.73,True
1.02,0.03,1.02,0.1,0.3,0.25,0.75,5.06,-15.73,True
1.02,0.03,1.02,0.1,0.3,0.5,0.5,5.06,-15.72,True
1.02,0.03,1.02,0.1,0.3,0.75,0.25,5.06,-15.72,True
1.02,0.03,1.02,0.1,0.3,1.0,0.0,5.07,-15.71,True
1.02,0.03,1.02,0.2,0.0,0.0,1.0,-0.0,-2.65,True
1.02,0.03,1.02,0.2,0.0,0.25,0.75,-0.0,-2.42,True
1.02,0.03,1.02,0.2,0.0,0.5,0.5,-0.0,-2.19,True
1.02,0.03,1.02,0.2,0.0,0.75,0.25,-0.0,-1.97,True
1.02,0.03,1.02,0.2,0.0,1.0,0.0,-0.0,-1.74,True
1.02,0.03,1.02,0.2,0.1,0.0,1.0,2.33,-8.84,True
1.02,0.03,1.02,0.2,0.1,0.25,0.75,2.33,-8.84,True
1.02,0.03,1.02,0.2,0.1,0.5,0.5,2.34,-8.84,True
1.02,0.03,1.02,0.2,0.1,0.75,0.25,2.34,-8.84,True
1.02,0.03,1.02,0.2,0.1,1.0,0.0,2.34,-8.84,True
1.02,0.03,1.02,0.2,0.2,0.0,1.0,3.87,-13.22,True
1.02,0.03,1.02,0.2,0.2,0.25,0.75,3.87,-13.21,True
1.02,0.03,1.02,0.2,0.2,0.5,0.5,3.88,-13.2,True
1.02,0.03,1.02,0.2,0.2,0.75,0.25,3.88,-13.2,True
1.02,0.03,1.02,0.2,0.2,1.0,0.0,3.89,-13.19,True
1.02,0.03,1.02,0.2,0.3,0.0,1.0,5.02,-15.83,True
1.02,0.03,1.02,0.2,0.3,0.25,0.75,5.03,-15.82,True
1.02,0.03,1.02,0.2,0.3,0.5,0.5,5.03,-15.8,True
1.02,0.03,1.02,0.2,0.3,0.75,0.25,5.04,-15.79,True
1.02,0.03,1.02,0.2,0.3,1.0,0.0,5.05,-15.78,True
1.02,0.03,1.02,0.3,0.0,0.0,1.0,-0.01,-3.98,True
1.02,0.03,1.02,0.3,0.0,0.25,0.75,-0.01,-3.64,True
1.02,0.03,1.02,0.3,0.0,0.5,0.5,-0.01,-3.29,True
1.02,0.03,1.02,0.3,0.0,0.75,0.25,-0.01,-2.95,True
1.02,0.03,1.02,0.3,0.0,1.0,0.0,-0.01,-2.61,True
1.02,0.03,1.02,0.3,0.1,0.0,1.0,2.31,-8.87,True
1.02,0.03,1.02,0.3,0.1,0.25,0.75,2.31,-8.87,True
1.02,0.03,1.02,0.3,0.1,0.5,0.5,2.32,-8.86,True
1.02,0.03,1.02,0.3,0.1,0.75,0.25,2.32,-8.86,True
1.02,0.03,1.02,0.3,0.1,1.0,0.0,2.33,-8.86,True
1.02,0.03,1.02,0.3,0.2,0.0,1.0,3.84,-13.29,True
1.02,0.03,1.02,0.3,0.2,0.25,0.75,3.85,-13.27,True
1.02,0.03,1.02,0.3,0.2,0.5,0.5,3.85,-13.26,True
1.02,0.03,1.02,0.3,0.2,0.75,0.25,3.86,-13.25,True
1.02,0.03,1.02,0.3,0.2,1.0,0.0,3.87,-13.24,True
1.02,0.03,1.02,0.3,0.3,0.0,1.0,5.0,-15.91,True
1.02,0.03,1.02,0.3,0.3,0.25,0.75,5.01,-15.89,True
1.02,0.03,1.02,0.3,0.3,0.5,0.5,5.02,-15.86,True
1.02,0.03,1.02,0.3,0.3,0.75,0.25,5.03,-15.84,True
1.02,0.03,1.02,0.3,0.3,1.0,0.0,5.04,-15.82,True
1.02,0.03,1.02,0.4,0.0,0.0,1.0,-0.02,-5.31,True
1.02,0.03,1.02,0.4,0.0,0.25,0.75,-0.02,-4.85,True
1.02,0.03,1.02,0.4,0.0,0.5,0.5,-0.01,-4.39,True
1.02,0.03,1.02,0.4,0.0,0.75,0.25,-0.01,-3.94,True
1.02,0.03,1.02,0.4,0.0,1.0,0.0,-0.01,-3.48,True
1.02,0.03,1.02,0.4,0.1,0.0,1.0,2.28,-8.9,True
1.02,0.03,1.02,0.4,0.1,0.25,0.75,2.29,-8.89,True
1.02,0.03,1.02,0.4,0.1,0.5,0.5,2.3,-8.89,True
1.02,0.03,1.02,0.4,0.1,0.75,0.25,2.31,-8.89,True
1.02,0.03,1.02,0.4,0.1,1.0,0.0,2.31,-8.88,True
1.02,0.03,1.02,0.4,0.2,0.0,1.0,3.81,-13.36,True
1.02,0.03,1.02,0.4,0.2,0.25,0.75,3.82,-13.34,True
1.02,0.03,1.02,0.4,0.2,0.5,0.5,3.83,-13.32,True
1.02,0.03,1.02,0.4,0.2,0.75,0.25,3.84,-13.3,True
1.02,0.03,1.02,0.4,0.2,1.0,0.0,3.85,-13.29,True
1.02,0.03,1.02,0.4,0.3,0.0,1.0,5.03,-15.8,True
1.02,0.03,1.02,0.4,0.3,0.25,0.75,5.04,-15.78,True
1.02,0.03,1.02,0.4,0.3,0.5,0.5,5.05,-15.77,True
1.02,0.03,1.02,0.4,0.3,0.75,0.25,5.05,-15.76,True
1.02,0.03,1.02,0.4,0.3,1.0,0.0,5.06,-15.75,True
1.03,0.005,0.95,0.1,0.0,0.0,1.0,0.35,-37.77,True
1.03,0.005,0.95,0.1,0.0,0.25,0.75,0.82,-34.77,True
1.03,0.005,0.95,0.1,0.0,0.5,0.5,1.25,-31.69,True
1.03,0.005,0.95,0.1,0.0,0.75,0.25,1.63,-28.53,True
1.03,0.005,0.95,0.1,0.0,1.0,0.0,1.97,-25.28,True
1.03,0.005,0.95,0.1,0.1,0.0,1.0,2.81,-34.88,True
1.03,0.005,0.95,0.1,0.1,0.25,0.75,3.08,-32.0,True
1.03,0.005,0.95,0.1,0.1,0.5,0.5,3.34,-29.05,True
1.03,0.005,0.95,0.1,0.1,0.75,0.25,3.57,-26.03,True
1.03,0.005,0.95,0.1,0.1,1.0,0.0,3.79,-22.94,True
1.03,0.005,0.95,0.1,0.2,0.0,1.0,4.42,-31.64,True
1.03,0.005,0.95,0.1,0.2,0.25,0.75,4.6,-28.9,True
1.03,0.005,0.95,0.1,0.2,0.5,0.5,4.78,-26.11,True
1.03,0.005,0.95,0.1,0.2,0.75,0.25,4.94,-23.24,True
1.03,0.005,0.95,0.1,0.2,1.0,0.0,5.09,-20.33,True
1.03,0.005,0.95,0.1,0.3,0.0,1.0,5.71,-27.86,True
1.03,0.005,0.95,0.1,0.3,0.25,0.75,5.82,-25.28,True
1.03,0.005,0.95,0.1,0.3,0.5,0.5,5.94,-22.66,True
1.03,0.005,0.95,0.1,0.3,0.75,0.25,6.06,-20.0,True
1.03,0.005,0.95,0.1,0.3,1.0,0.0,6.17,-18.4,True
1.03,0.005,0.95,0.2,0.0,0.0,1.0,0.21,-38.96,True
1.03,0.005,0.95,0.2,0.0,0.25,0.75,0.79,-35.89,True
1.03,0.005,0.95,0.2,0.0,0.5,0.5,1.31,-32.72,True
1.03,0.005,0.95,0.2,0.0,0.75,0.25,1.78,-29.45,True
1.03,0.005,0.95,0.2,0.0,1.0,0.0,2.18,-26.07,True
1.03,0.005,0.95,0.2,0.1,0.0,1.0,2.83,-34.78,True
1.03,0.005,0.95,0.2,0.1,0.25,0.75,3.14,-31.85,True
1.03,0.005,0.95,0.2,0.1,0.5,0.5,3.44,-28.84,True
1.03,0.005,0.95,0.2,0.1,0.75,0.25,3.72,-25.75,True
1.03,0.005,0.95,0.2,0.1,1.0,0.0,3.98,-22.57,True
1.03,0.005,0.95,0.2,0.2,0.0,1.0,4.45,-30.55,True
1.03,0.005,0.95,0.2,0.2,0.25,0.75,4.64,-27.78,True
1.03,0.005,0.95,0.2,0.2,0.5,0.5,4.83,-24.96,True
1.03,0.005,0.95,0.2,0.2,0.75,0.25,5.01,-22.07,True
1.03,0.005,0.95,0.2,0.2,1.0,0.0,5.18,-19.26,True
1.03,0.005,0.95,0.2,0.3,0.0,1.0,5.69,-29.31,True
1.03,0.005,0.95,0.2,0.3,0.25,0.75,5.82,-27.83,True
1.03,0.005,0.95,0.2,0.3,0.5,0.5,5.95,-26.31,True
1.03,0.005,0.95,0.2,0.3,0.75,0.25,6.09,-24.82,True
1.03,0.005,0.95,0.2,0.3,1.0,0.0,6.22,-23.35,True
1.03,0.005,0.95,0.3,0.0,0.0,1.0,-0.31,-36.7,True
1.03,0.005,0.95,0.3,0.0,0.25,0.75,0.36,-33.72,True
1.03,0.005,0.95,0.3,0.0,0.5,0.5,0.97,-30.64,True
1.03,0.005,0.95,0.3,0.0,0.75,0.25,1.51,-27.46,True
1.03,0.005,0.95,0.3,0.0,1.0,0.0,1.99,-24.18,True
1.03,0.005,0.95,0.3,0.1,0.0,1.0,2.63,-32.61,True
1.03,0.005,0.95,0.3,0.1,0.25,0.75,2.95,-29.77,True
1.03,0.005,0.95,0.3,0.1,0.5,0.5,3.27,-26.85,True
1.03,0.005,0.95,0.3,0.1,0.75,0.25,3.58,-23.85,True
1.03,0.005,0.95,0.3,0.1,1.0,0.0,3.86,-20.78,True
1.03,0.005,0.95,0.3,0.2,0.0,1.0,4.52,-28.65,True
1.03,0.005,0.95,0.3,0.2,0.25,0.75,4.72,-26.92,True
1.03,0.005,0.95,0.3,0.2,0.5,0.5,4.93,-25.18,True
1.03,0.005,0.95,0.3,0.2,0.75,0.25,5.13,-23.43,True
1.03,0.005,0.95,0.3,0.2,1.0,0.0,5.32,-21.68,True
1.03,0.005,0.95,0.3,0.3,0.0,1.0,5.82,-29.59,True
1.03,0.005,0.95,0.3,0.3,0.25,0.75,5.97,-28.1,True
1.03,0.005,0.95,0.3,0.3,0.5,0.5,6.12,-26.61,True
1.03,0.005,0.95,0.3,0.3,0.75,0.25,6.26,-25.1,True
1.03,0.005,0.95,0.3,0.3,1.0,0.0,6.39,-23.6,True
1.03,0.005,0.95,0.4,0.0,0.0,1.0,-0.11,-34.3,True
1.03,0.005,0.95,0.4,0.0,0.25,0.75,0.57,-31.41,True
1.03,0.005,0.95,0.4,0.0,0.5,0.5,1.19,-28.44,True
1.03,0.005,0.95,0.4,0.0,0.75,0.25,1.73,-25.38,True
1.03,0.005,0.95,0.4,0.0,1.0,0.0,2.21,-22.23,True
1.03,0.005,0.95,0.4,0.1,0.0,1.0,2.96,-30.04,True
1.03,0.005,0.95,0.4,0.1,0.25,0.75,3.3,-27.31,True
1.03,0.005,0.95,0.4,0.1,0.5,0.5,3.62,-24.51,True
1.03,0.005,0.95,0.4,0.1,0.75,0.25,3.92,-21.73,True
1.03,0.005,0.95,0.4,0.1,1.0,0.0,4.2,-19.68,True
1.03,0.005,0.95,0.4,0.2,0.0,1.0,4.72,-28.83,True
1.03,0.005,0.95,0.4,0.2,0.25,0.75,4.94,-27.06,True
1.03,0.005,0.95,0.4,0.2,0.5,0.5,5.15,-25.27,True
1.03,0.005,0.95,0.4,0.2,0.75,0.25,5.35,-23.49,True
1.03,0.005,0.95,0.4,0.2,1.0,0.0,5.53,-21.71,True
1.03,0.005,0.95,0.4,0.3,0.0,1.0,5.93,-29.63,True
1.03,0.005,0.95,0.4,0.3,0.25,0.75,6.08,-28.12,True
1.03,0.005,0.95,0.4,0.3,0.5,0.5,6.23,-26.6,True
1.03,0.005,0.95,0.4,0.3,0.75,0.25,6.37,-25.07,True
1.03,0.005,0.95,0.4,0.3,1.0,0.0,6.5,-23.56,True
1.03,0.005,0.97,0.1,0.0,0.0,1.0,-2.09,-30.71,True
1.03,0.005,0.97,0.1,0.0,0.25,0.75,-1.5,-28.54,True
1.03,0.005,0.97,0.1,0.0,0.5,0.5,-0.95,-26.24,True
1.03,0.005,0.97,0.1,0.0,0.75,0.25,-0.45,-23.76,True
1.03,0.005,0.97,0.1,0.0,1.0,0.0,0.01,-21.09,True
1.03,0.005,0.97,0.1,0.1,0.0,1.0,1.71,-28.7,True
1.03,0.005,0.97,0.1,0.1,0.25,0.75,1.94,-26.28,True
1.03,0.005,0.97,0.1,0.1,0.5,0.5,2.17,-23.79,True
1.03,0.005,0.97,0.1,0.1,0.75,0.25,2.4,-21.25,True
1.03,0.005,0.97,0.1,0.1,1.0,0.0,2.62,-18.65,True
1.03,0.005,0.97,0.1,0.2,0.0,1.0,3.95,-26.25,True
1.03,0.005,0.97,0.1,0.2,0.25,0.75,4.07,-23.92,True
1.03,0.005,0.97,0.1,0.2,0.5,0.5,4.19,-21.52,True
1.03,0.005,0.97,0.1,0.2,0.75,0.25,4.32,-19.07,True
1.03,0.005,0.97,0.1,0.2,1.0,0.0,4.45,-16.58,True
1.03,0.005,0.97,0.1,0.3,0.0,1.0,5.44,-22.96,True
1.03,0.005,0.97,0.1,0.3,0.25,0.75,5.52,-20.76,True
1.03,0.005,0.97,0.1,0.3,0.5,0.5,5.62,-18.96,True
1.03,0.005,0.97,0.1,0.3,0.75,0.25,5.7,-18.34,True
1.03,0.005,0.97,0.1,0.3,1.0,0.0,5.78,-17.74,True
1.03,0.005,0.97,0.2,0.0,0.0,1.0,-2.47,-36.11,True
1.03,0.005,0.97,0.2,0.0,0.25,0.75,-1.76,-33.64,True
1.03,0.005,0.97,0.2,0.0,0.5,0.5,-1.11,-31.0,True
1.03,0.005,0.97,0.2,0.0,0.75,0.25,-0.5,-28.17,True
1.03,0.005,0.97,0.2,0.0,1.0,0.0,0.04,-25.11,True
1.03,0.005,0.97,0.2,0.1,0.0,1.0,2.09,-30.05,True
1.03,0.005,0.97,0.2,0.1,0.25,0.75,2.32,-27.99,True
1.03,0.005,0.97,0.2,0.1,0.5,0.5,2.56,-25.74,True
1.03,0.005,0.97,0.2,0.1,0.75,0.25,2.79,-23.27,True
1.03,0.005,0.97,0.2,0.1,1.0,0.0,3.02,-20.55,True
1.03,0.005,0.97,0.2,0.2,0.0,1.0,4.2,-24.14,True
1.03,0.005,0.97,0.2,0.2,0.25,0.75,4.35,-22.46,True
1.03,0.005,0.97,0.2,0.2,0.5,0.5,4.52,-20.56,True
1.03,0.005,0.97,0.2,0.2,0.75,0.25,4.67,-18.62,True
1.03,0.005,0.97,0.2,0.2,1.0,0.0,4.81,-17.5,True
1.03,0.005,0.97,0.2,0.3,0.0,1.0,5.55,-26.29,True
1.03,0.005,0.97,0.2,0.3,0.25,0.75,5.66,-25.07,True
1.03,0.005,0.97,0.2,0.3,0.5,0.5,5.78,-23.88,True
1.03,0.005,0.97,0.2,0.3,0.75,0.25,5.88,-22.71,True
1.03,0.005,0.97,0.2,0.3,1.0,0.0,5.98,-21.58,True
1.03,0.005,0.97,0.3,0.0,0.0,1.0,-2.01,-37.08,True
1.03,0.005,0.97,0.3,0.0,0.25,0.75,-1.29,-34.56,True
1.03,0.005,0.97,0.3,0.0,0.5,0.5,-0.63,-31.86,True
1.03,0.005,0.97,0.3,0.0,0.75,0.25,-0.03,-28.95,True
1.03,0.005,0.97,0.3,0.0,1.0,0.0,0.5,-25.79,True
1.03,0.005,0.97,0.3,0.1,0.0,1.0,2.27,-29.21,True
1.03,0.005,0.97,0.3,0.1,0.25,0.75,2.54,-27.27,True
1.03,0.005,0.97,0.3,0.1,0.5,0.5,2.82,-25.11,True
1.03,0.005,0.97,0.3,0.1,0.75,0.25,3.09,-22.71,True
1.03,0.005,0.97,0.3,0.1,1.0,0.0,3.33,-20.03,True
1.03,0.005,0.97,0.3,0.2,0.0,1.0,4.33,-25.24,True
1.03,0.005,0.97,0.3,0.2,0.25,0.75,4.51,-23.68,True
1.03,0.005,0.97,0.3,0.2,0.5,0.5,4.68,-22.26,True
1.03,0.005,0.97,0.3,0.2,0.75,0.25,4.84,-20.86,True
1.03,0.005,0.97,0.3,0.2,1.0,0.0,4.99,-19.46,True
1.03,0.005,0.97,0.3,0.3,0.0,1.0,5.72,-26.56,True
1.03,0.005,0.97,0.3,0.3,0.25,0.75,5.84,-25.34,True
1.03,0.005,0.97,0.3,0.3,0.5,0.5,5.96,-24.12,True
1.03,0.005,0.97,0.3,0.3,0.75,0.25,6.08,-22.91,True
1.03,0.005,0.97,0.3,0.3,1.0,0.0,6.19,-21.71,True
1.03,0.005,0.97,0.4,0.0,0.0,1.0,-1.29,-35.89,True
1.03,0.005,0.97,0.4,0.0,0.25,0.75,-0.6,-33.42,True
1.03,0.005,0.97,0.4,0.0,0.5,0.5,0.03,-30.78,True
1.03,0.005,0.97,0.4,0.0,0.75,0.25,0.59,-27.94,True
1.03,0.005,0.97,0.4,0.0,1.0,0.0,1.08,-24.83,True
1.03,0.005,0.97,0.4,0.1,0.0,1.0,2.65,-28.45,True
1.03,0.005,0.97,0.4,0.1,0.25,0.75,2.94,-26.51,True
1.03,0.005,0.97,0.4,0.1,0.5,0.5,3.22,-24.34,True
1.03,0.005,0.97,0.4,0.1,0.75,0.25,3.48,-21.93,True
1.03,0.005,0.97,0.4,0.1,1.0,0.0,3.71,-19.25,True
1.03,0.005,0.97,0.4,0.2,0.0,1.0,4.56,-25.23,True
1.03,0.005,0.97,0.4,0.2,0.25,0.75,4.74,-23.77,True
1.03,0.005,0.97,0.4,0.2,0.5,0.5,4.92,-22.32,True
1.03,0.005,0.97,0.4,0.2,0.75,0.25,5.09,-20.87,True
1.03,0.005,0.97,0.4,0.2,1.0,0.0,5.24,-19.45,True
1.03,0.005,0.97,0.4,0.3,0.0,1.0,5.84,-26.61,True
1.03,0.005,0.97,0.4,0.3,0.25,0.75,5.97,-25.36,True
1.03,0.005,0.97,0.4,0.3,0.5,0.5,6.1,-24.12,True
1.03,0.005,0.97,0.4,0.3,0.75,0.25,6.22,-22.88,True
1.03,0.005,0.97,0.4,0.3,1.0,0.0,6.32,-21.67,True
1.03,0.005,0.99,0.1,0.0,0.0,1.0,-1.76,-28.42,True
1.03,0.005,0.99,0.1,0.0,0.25,0.75,-1.36,-25.62,True
1.03,0.005,0.99,0.1,0.0,0.5,0.5,-0.98,-22.73,True
1.03,0.005,0.99,0.1,0.0,0.75,0.25,-0.62,-19.77,True
1.03,0.005,0.99,0.1,0.0,1.0,0.0,-0.28,-16.73,True
1.03,0.005,0.99,0.1,0.1,0.0,1.0,1.97,-21.0,True
1.03,0.005,0.99,0.1,0.1,0.25,0.75,2.14,-19.21,True
1.03,0.005,0.99,0.1,0.1,0.5,0.5,2.3,-17.39,True
1.03,0.005,0.99,0.1,0.1,0.75,0.25,2.46,-15.54,True
1.03,0.005,0.99,0.1,0.1,1.0,0.0,2.62,-13.66,True
1.03,0.005,0.99,0.1,0.2,0.0,1.0,3.81,-19.71,True
1.03,0.005,0.99,0.1,0.2,0.25,0.75,3.92,-17.94,True
1.03,0.005,0.99,0.1,0.2,0.5,0.5,4.03,-16.14,True
1.03,0.005,0.99,0.1,0.2,0.75,0.25,4.14,-14.31,True
1.03,0.005,0.99,0.1,0.2,1.0,0.0,4.26,-13.65,True
1.03,0.005,0.99,0.1,0.3,0.0,1.0,5.26,-19.04,True
1.03,0.005,0.99,0.1,0.3,0.25,0.75,5.34,-18.55,True
1.03,0.005,0.99,0.1,0.3,0.5,0.5,5.42,-18.06,True
1.03,0.005,0.99,0.1,0.3,0.75,0.25,5.5,-17.58,True
1.03,0.005,0.99,0.1,0.3,1.0,0.0,5.58,-17.11,True
1.03,0.005,0.99,0.2,0.0,0.0,1.0,-2.03,-35.26,True
1.03,0.005,0.99,0.2,0.0,0.25,0.75,-1.51,-32.0,True
1.03,0.005,0.99,0.2,0.0,0.5,0.5,-1.02,-28.62,True
1.03,0.005,0.99,0.2,0.0,0.75,0.25,-0.56,-25.11,True
1.03,0.005,0.99,0.2,0.0,1.0,0.0,-0.13,-21.47,True
1.03,0.005,0.99,0.2,0.1,0.0,1.0,1.81,-25.52,True
1.03,0.005,0.99,0.2,0.1,0.25,0.75,2.01,-23.38,True
1.03,0.005,0.99,0.2,0.1,0.5,0.5,2.22,-21.18,True
1.03,0.005,0.99,0.2,0.1,0.75,0.25,2.42,-18.93,True
1.03,0.005,0.99,0.2,0.1,1.0,0.0,2.63,-16.62,True
1.03,0.005,0.99,0.2,0.2,0.0,1.0,3.96,-22.44,True
1.03,0.005,0.99,0.2,0.2,0.25,0.75,4.07,-20.42,True
1.03,0.005,0.99,0.2,0.2,0.5,0.5,4.19,-19.19,True
1.03,0.005,0.99,0.2,0.2,0.75,0.25,4.31,-18.15,True
1.03,0.005,0.99,0.2,0.2,1.0,0.0,4.44,-17.13,True
1.03,0.005,0.99,0.2,0.3,0.0,1.0,5.45,-25.28,True
1.03,0.005,0.99,0.2,0.3,0.25,0.75,5.54,-24.22,True
1.03,0.005,0.99,0.2,0.3,0.5,0.5,5.61,-23.18,True
1.03,0.005,0.99,0.2,0.3,0.75,0.25,5.68,-22.14,True
1.03,0.005,0.99,0.2,0.3,1.0,0.0,5.75,-21.11,True
1.03,0.005,0.99,0.3,0.0,0.0,1.0,-2.25,-34.23,True
1.03,0.005,0.99,0.3,0.0,0.25,0.75,-1.67,-30.96,True
1.03,0.005,0.99,0.3,0.0,0.5,0.5,-1.12,-27.58,True
1.03,0.005,0.99,0.3,0.0,0.75,0.25,-0.61,-24.07,True
1.03,0.005,0.99,0.3,0.0,1.0,0.0,-0.14,-20.43,True
1.03,0.005,0.99,0.3,0.1,0.0,1.0,1.89,-25.72,True
1.03,0.005,0.99,0.3,0.1,0.25,0.75,2.11,-23.52,True
1.03,0.005,0.99,0.3,0.1,0.5,0.5,2.33,-21.26,True
1.03,0.005,0.99,0.3,0.1,0.75,0.25,2.55,-18.95,True
1.03,0.005,0.99,0.3,0.1,1.0,0.0,2.77,-16.75,True
1.03,0.005,0.99,0.3,0.2,0.0,1.0,4.19,-24.77,True
1.03,0.005,0.99,0.3,0.2,0.25,0.75,4.31,-23.37,True
1.03,0.005,0.99,0.3,0.2,0.5,0.5,4.42,-21.99,True
1.03,0.005,0.99,0.3,0.2,0.75,0.25,4.54,-20.61,True
1.03,0.005,0.99,0.3,0.2,1.0,0.0,4.65,-19.24,True
1.03,0.005,0.99,0.3,0.3,0.0,1.0,5.62,-26.19,True
1.03,0.005,0.99,0.3,0.3,0.25,0.75,5.72,-24.98,True
1.03,0.005,0.99,0.3,0.3,0.5,0.5,5.82,-23.79,True
1.03,0.005,0.99,0.3,0.3,0.75,0.25,5.91,-22.62,True
1.03,0.005,0.99,0.3,0.3,1.0,0.0,6.0,-21.46,True
1.03,0.005,0.99,0.4,0.0,0.0,1.0,-1.85,-31.77,True
1.03,0.005,0.99,0.4,0.0,0.25,0.75,-1.26,-28.58,True
1.03,0.005,0.99,0.4,0.0,0.5,0.5,-0.72,-25.28,True
1.03,0.005,0.99,0.4,0.0,0.75,0.25,-0.22,-21.86,True
1.03,0.005,0.99,0.4,0.0,1.0,0.0,0.22,-18.32,True
1.03,0.005,0.99,0.4,0.1,0.0,1.0,2.34,-23.49,True
1.03,0.005,0.99,0.4,0.1,0.25,0.75,2.55,-21.84,True
1.03,0.005,0.99,0.4,0.1,0.5,0.5,2.76,-20.18,True
1.03,0.005,0.99,0.4,0.1,0.75,0.25,2.97,-18.54,True
1.03,0.005,0.99,0.4,0.1,1.0,0.0,3.16,-16.9,True
1.03,0.005,0.99,0.4,0.2,0.0,1.0,4.44,-24.96,True
1.03,0.005,0.99,0.4,0.2,0.25,0.75,4.59,-23.51,True
1.03,0.005,0.99,0.4,0.2,0.5,0.5,4.74,-22.08,True
1.03,0.005,0.99,0.4,0.2,0.75,0.25,4.86,-20.66,True
1.03,0.005,0.99,0.4,0.2,1.0,0.0,4.96,-19.25,True
1.03,0.005,0.99,0.4,0.3,0.0,1.0,5.76,-26.27,True
1.03,0.005,0.99,0.4,0.3,0.25,0.75,5.86,-25.03,True
1.03,0.005,0.99,0.4,0.3,0.5,0.5,5.97,-23.81,True
1.03,0.005,0.99,0.4,0.3,0.75,0.25,6.06,-22.6,True
1.03,0.005,0.99,0.4,0.3,1.0,0.0,6.14,-21.41,True
1.03,0.005,1.0,0.1,0.0,0.0,1.0,-3.5,-41.89,False
1.03,0.005,1.0,0.1,0.0,0.25,0.75,-3.04,-38.86,True
1.03,0.005,1.0,0.1,0.0,0.5,0.5,-2.6,-35.7,True
1.03,0.005,1.0,0.1,0.0,0.75,0.25,-2.18,-32.42,True
1.03,0.005,1.0,0.1,0.0,1.0,0.0,-1.77,-29.01,True
1.03,0.005,1.0,0.1,0.1,0.0,1.0,0.96,-16.43,True
1.03,0.005,1.0,0.1,0.1,0.25,0.75,1.13,-16.07,True
1.03,0.005,1.0,0.1,0.1,0.5,0.5,1.31,-15.29,True
1.03,0.005,1.0,0.1,0.1,0.75,0.25,1.51,-14.25,True
1.03,0.005,1.0,0.1,0.1,1.0,0.0,1.7,-12.85,True
1.03,0.005,1.0,0.1,0.2,0.0,1.0,3.33,-16.37,True
1.03,0.005,1.0,0.1,0.2,0.25,0.75,3.42,-15.96,True
1.03,0.005,1.0,0.1,0.2,0.5,0.5,3.52,-15.6,True
1.03,0.005,1.0,0.1,0.2,0.75,0.25,3.63,-15.25,True
1.03,0.005,1.0,0.1,0.2,1.0,0.0,3.74,-14.92,True
1.03,0.005,1.0,0.1,0.3,0.0,1.0,4.96,-19.22,True
1.03,0.005,1.0,0.1,0.3,0.25,0.75,5.01,-18.73,True
1.03,0.005,1.0,0.1,0.3,0.5,0.5,5.07,-18.25,True
1.03,0.005,1.0,0.1,0.3,0.75,0.25,5.14,-17.78,True
1.03,0.005,1.0,0.1,0.3,1.0,0.0,5.22,-17.31,True
1.03,0.005,1.0,0.2,0.0,0.0,1.0,-4.99,-51.98,False
1.03,0.005,1.0,0.2,0.0,0.25,0.75,-4.32,-48.47,False
1.03,0.005,1.0,0.2,0.0,0.5,0.5,-3.67,-44.77,False
1.03,0.005,1.0,0.2,0.0,0.75,0.25,-3.05,-40.86,False
1.03,0.005,1.0,0.2,0.0,1.0,0.0,-2.47,-36.75,True
1.03,0.005,1.0,0.2,0.1,0.0,1.0,0.85,-18.24,True
1.03,0.005,1.0,0.2,0.1,0.25,0.75,1.03,-16.65,True
1.03,0.005,1.0,0.2,0.1,0.5,0.5,1.23,-15.71,True
1.03,0.005,1.0,0.2,0.1,0.75,0.25,1.43,-14.9,True
1.03,0.005,1.0,0.2,0.1,1.0,0.0,1.64,-13.78,True
1.03,0.005,1.0,0.2,0.2,0.0,1.0,3.35,-19.1,True
1.03,0.005,1.0,0.2,0.2,0.25,0.75,3.43,-18.24,True
1.03,0.005,1.0,0.2,0.2,0.5,0.5,3.53,-17.38,True
1.03,0.005,1.0,0.2,0.2,0.75,0.25,3.64,-16.54,True
1.03,0.005,1.0,0.2,0.2,1.0,0.0,3.75,-15.7,True
1.03,0.005,1.0,0.2,0.3,0.0,1.0,4.99,-22.96,True
1.03,0.005,1.0,0.2,0.3,0.25,0.75,5.05,-22.16,True
1.03,0.005,1.0,0.2,0.3,0.5,0.5,5.11,-21.35,True
1.03,0.005,1.0,0.2,0.3,0.75,0.25,5.18,-20.54,True
1.03,0.005,1.0,0.2,0.3,1.0,0.0,5.25,-19.73,True
1.03,0.005,1.0,0.3,0.0,0.0,1.0,-5.37,-52.76,False
1.03,0.005,1.0,0.3,0.0,0.25,0.75,-4.62,-49.22,False
1.03,0.005,1.0,0.3,0.0,0.5,0.5,-3.9,-45.46,False
1.03,0.005,1.0,0.3,0.0,0.75,0.25,-3.22,-41.49,False
1.03,0.005,1.0,0.3,0.0,1.0,0.0,-2.58,-37.28,True
1.03,0.005,1.0,0.3,0.1,0.0,1.0,0.8,-20.24,True
1.03,0.005,1.0,0.3,0.1,0.25,0.75,0.97,-18.52,True
1.03,0.005,1.0,0.3,0.1,0.5,0.5,1.17,-16.78,True
1.03,0.005,1.0,0.3,0.1,0.75,0.25,1.39,-15.6,True
1.03,0.005,1.0,0.3,0.1,1.0,0.0,1.61,-14.39,True
1.03,0.005,1.0,0.3,0.2,0.0,1.0,3.41,-20.53,True
1.03,0.005,1.0,0.3,0.2,0.25,0.75,3.5,-19.56,True
1.03,0.005,1.0,0.3,0.2,0.5,0.5,3.61,-18.59,True
1.03,0.005,1.0,0.3,0.2,0.75,0.25,3.72,-17.62,True
1.03,0.005,1.0,0.3,0.2,1.0,0.0,3.84,-16.65,True
1.03,0.005,1.0,0.3,0.3,0.0,1.0,5.04,-22.84,True
1.03,0.005,1.0,0.3,0.3,0.25,0.75,5.11,-22.0,True
1.03,0.005,1.0,0.3,0.3,0.5,0.5,5.18,-21.16,True
1.03,0.005,1.0,0.3,0.3,0.75,0.25,5.26,-20.32,True
1.03,0.005,1.0,0.3,0.3,1.0,0.0,5.34,-19.49,True
1.03,0.005,1.0,0.4,0.0,0.0,1.0,-5.27,-53.55,False
1.03,0.005,1.0,0.4,0.0,0.25,0.75,-4.49,-49.96,False
1.03,0.005,1.0,0.4,0.0,0.5,0.5,-3.75,-46.16,False
1.03,0.005,1.0,0.4,0.0,0.75,0.25,-3.06,-42.13,False
1.03,0.005,1.0,0.4,0.0,1.0,0.0,-2.41,-37.86,True
1.03,0.005,1.0,0.4,0.1,0.0,1.0,0.95,-21.28,True
1.03,0.005,1.0,0.4,0.1,0.25,0.75,1.13,-19.68,True
1.03,0.005,1.0,0.4,0.1,0.5,0.5,1.34,-19.03,True
1.03,0.005,1.0,0.4,0.1,0.75,0.25,1.55,-18.01,True
1.03,0.005,1.0,0.4,0.1,1.0,0.0,1.77,-16.51,True
1.03,0.005,1.0,0.4,0.2,0.0,1.0,3.49,-20.41,True
1.03,0.005,1.0,0.4,0.2,0.25,0.75,3.6,-19.41,True
1.03,0.005,1.0,0.4,0.2,0.5,0.5,3.72,-18.41,True
1.03,0.005,1.0,0.4,0.2,0.75,0.25,3.85,-17.42,True
1.03,0.005,1.0,0.4,0.2,1.0,0.0,3.97,-16.43,True
1.03,0.005,1.0,0.4,0.3,0.0,1.0,5.09,-22.57,True
1.03,0.005,1.0,0.4,0.3,0.25,0.75,5.17,-21.71,True
1.03,0.005,1.0,0.4,0.3,0.5,0.5,5.25,-20.85,True
1.03,0.005,1.0,0.4,0.3,0.75,0.25,5.33,-20.0,True
1.03,0.005,1.0,0.4,0.3,1.0,0.0,5.42,-19.15,True
1.03,0.005,1.01,0.1,0.0,0.0,1.0,-3.89,-25.97,True
1.03,0.005,1.01,0.1,0.0,0.25,0.75,-3.48,-23.83,True
1.03,0.005,1.01,0.1,0.0,0.5,0.5,-3.07,-21.63,True
1.03,0.005,1.01,0.1,0.0,0.75,0.25,-2.67,-19.39,True
1.03,0.005,1.01,0.1,0.0,1.0,0.0,-2.27,-17.1,True
1.03,0.005,1.01,0.1,0.1,0.0,1.0,0.68,-17.36,True
1.03,0.005,1.01,0.1,0.1,0.25,0.75,0.83,-16.13,True
1.03,0.005,1.01,0.1,0.1,0.5,0.5,1.0,-14.85,True
1.03,0.005,1.01,0.1,0.1,0.75,0.25,1.18,-13.52,True
1.03,0.005,1.01,0.1,0.1,1.0,0.0,1.37,-12.14,True
1.03,0.005,1.01,0.1,0.2,0.0,1.0,3.2,-17.85,True
1.03,0.005,1.01,0.1,0.2,0.25,0.75,3.27,-17.48,True
1.03,0.005,1.01,0.1,0.2,0.5,0.5,3.34,-17.11,True
1.03,0.005,1.01,0.1,0.2,0.75,0.25,3.43,-16.74,True
1.03,0.005,1.01,0.1,0.2,1.0,0.0,3.53,-16.38,True
1.03,0.005,1.01,0.1,0.3,0.0,1.0,4.88,-21.52,True
1.03,0.005,1.01,0.1,0.3,0.25,0.75,4.91,-20.87,True
1.03,0.005,1.01,0.1,0.3,0.5,0.5,4.95,-20.22,True
1.03,0.005,1.01,0.1,0.3,0.75,0.25,5.0,-19.57,True
1.03,0.005,1.01,0.1,0.3,1.0,0.0,5.07,-18.93,True
1.03,0.005,1.01,0.2,0.0,0.0,1.0,-6.48,-36.26,True
1.03,0.005,1.01,0.2,0.0,0.25,0.75,-5.77,-33.42,True
1.03,0.005,1.01,0.2,0.0,0.5,0.5,-5.08,-30.49,True
1.03,0.005,1.01,0.2,0.0,0.75,0.25,-4.41,-27.46,True
1.03,0.005,1.01,0.2,0.0,1.0,0.0,-3.75,-24.32,True
1.03,0.005,1.01,0.2,0.1,0.0,1.0,0.46,-25.82,True
1.03,0.005,1.01,0.2,0.1,0.25,0.75,0.59,-24.02,True
1.03,0.005,1.01,0.2,0.1,0.5,0.5,0.75,-22.14,True
1.03,0.005,1.01,0.2,0.1,0.75,0.25,0.94,-20.19,True
1.03,0.005,1.01,0.2,0.1,1.0,0.0,1.14,-18.14,True
1.03,0.005,1.01,0.2,0.2,0.0,1.0,3.18,-24.7,True
1.03,0.005,1.01,0.2,0.2,0.25,0.75,3.24,-23.26,True
1.03,0.005,1.01,0.2,0.2,0.5,0.5,3.32,-21.71,True
1.03,0.005,1.01,0.2,0.2,0.75,0.25,3.4,-20.04,True
1.03,0.005,1.01,0.2,0.2,1.0,0.0,3.49,-18.25,True
1.03,0.005,1.01,0.2,0.3,0.0,1.0,4.86,-23.52,True
1.03,0.005,1.01,0.2,0.3,0.25,0.75,4.91,-22.72,True
1.03,0.005,1.01,0.2,0.3,0.5,0.5,4.96,-21.9,True
1.03,0.005,1.01,0.2,0.3,0.75,0.25,5.02,-21.08,True
1.03,0.005,1.01,0.2,0.3,1.0,0.0,5.08,-20.24,True
1.03,0.005,1.01,0.3,0.0,0.0,1.0,-7.15,-38.09,True
1.03,0.005,1.01,0.3,0.0,0.25,0.75,-6.34,-35.13,True
1.03,0.005,1.01,0.3,0.0,0.5,0.5,-5.55,-32.06,True
1.03,0.005,1.01,0.3,0.0,0.75,0.25,-4.78,-28.87,True
1.03,0.005,1.01,0.3,0.0,1.0,0.0,-4.04,-25.56,True
1.03,0.005,1.01,0.3,0.1,0.0,1.0,0.47,-31.41,True
1.03,0.005,1.01,0.3,0.1,0.25,0.75,0.59,-29.41,True
1.03,0.005,1.01,0.3,0.1,0.5,0.5,0.73,-27.28,True
1.03,0.005,1.01,0.3,0.1,0.75,0.25,0.89,-25.03,True
1.03,0.005,1.01,0.3,0.1,1.0,0.0,1.09,-22.64,True
1.03,0.005,1.01,0.3,0.2,0.0,1.0,3.18,-28.49,True
1.03,0.005,1.01,0.3,0.2,0.25,0.75,3.25,-27.01,True
1.03,0.005,1.01,0.3,0.2,0.5,0.5,3.34,-25.33,True
1.03,0.005,1.01,0.3,0.2,0.75,0.25,3.43,-23.46,True
1.03,0.005,1.01,0.3,0.2,1.0,0.0,3.54,-21.41,True
1.03,0.005,1.01,0.3,0.3,0.0,1.0,4.89,-25.19,True
1.03,0.005,1.01,0.3,0.3,0.25,0.75,4.94,-23.93,True
1.03,0.005,1.01,0.3,0.3,0.5,0.5,4.99,-22.54,True
1.03,0.005,1.01,0.3,0.3,0.75,0.25,5.05,-21.0,True
1.03,0.005,1.01,0.3,0.3,1.0,0.0,5.12,-19.77,True
1.03,0.005,1.01,0.4,0.0,0.0,1.0,-7.37,-39.98,True
1.03,0.005,1.01,0.4,0.0,0.25,0.75,-6.5,-36.9,True
1.03,0.005,1.01,0.4,0.0,0.5,0.5,-5.67,-33.7,True
1.03,0.005,1.01,0.4,0.0,0.75,0.25,-4.86,-30.36,True
1.03,0.005,1.01,0.4,0.0,1.0,0.0,-4.09,-27.06,True
1.03,0.005,1.01,0.4,0.1,0.0,1.0,0.51,-34.85,True
1.03,0.005,1.01,0.4,0.1,0.25,0.75,0.66,-32.78,True
1.03,0.005,1.01,0.4,0.1,0.5,0.5,0.82,-30.54,True
1.03,0.005,1.01,0.4,0.1,0.75,0.25,0.99,-28.13,True
1.03,0.005,1.01,0.4,0.1,1.0,0.0,1.19,-25.54,True
1.03,0.005,1.01,0.4,0.2,0.0,1.0,3.23,-30.71,True
1.03,0.005,1.01,0.4,0.2,0.25,0.75,3.3,-29.0,True
1.03,0.005,1.01,0.4,0.2,0.5,0.5,3.39,-27.13,True
1.03,0.005,1.01,0.4,0.2,0.75,0.25,3.49,-25.1,True
1.03,0.005,1.01,0.4,0.2,1.0,0.0,3.61,-22.91,True
1.03,0.005,1.01,0.4,0.3,0.0,1.0,4.91,-27.62,True
1.03,0.005,1.01,0.4,0.3,0.25,0.75,4.97,-26.11,True
1.03,0.005,1.01,0.4,0.3,0.5,0.5,5.02,-24.48,True
1.03,0.005,1.01,0.4,0.3,0.75,0.25,5.09,-22.72,True
1.03,0.005,1.01,0.4,0.3,1.0,0.0,5.17,-20.81,True
1.03,0.005,1.02,0.1,0.0,0.0,1.0,-1.08,-23.5,True
1.03,0.005,1.02,0.1,0.0,0.25,0.75,-0.91,-21.64,True
1.03,0.005,1.02,0.1,0.0,0.5,0.5,-0.76,-19.74,True
1.03,0.005,1.02,0.1,0.0,0.75,0.25,-0.61,-17.8,True
1.03,0.005,1.02,0.1,0.0,1.0,0.0,-0.47,-15.83,True
1.03,0.005,1.02,0.1,0.1,0.0,1.0,1.67,-14.11,True
1.03,0.005,1.02,0.1,0.1,0.25,0.75,1.8,-12.91,True
1.03,0.005,1.02,0.1,0.1,0.5,0.5,1.92,-11.58,True
1.03,0.005,1.02,0.1,0.1,0.75,0.25,2.04,-10.13,True
1.03,0.005,1.02,0.1,0.1,1.0,0.0,2.15,-9.03,True
1.03,0.005,1.02,0.1,0.2,0.0,1.0,3.54,-14.41,True
1.03,0.005,1.02,0.1,0.2,0.25,0.75,3.62,-14.06,True
1.03,0.005,1.02,0.1,0.2,0.5,0.5,3.71,-13.9,True
1.03,0.005,1.02,0.1,0.2,0.75,0.25,3.8,-13.81,True
1.03,0.005,1.02,0.1,0.2,1.0,0.0,3.89,-13.74,True
1.03,0.005,1.02,0.1,0.3,0.0,1.0,5.03,-18.92,True
1.03,0.005,1.02,0.1,0.3,0.25,0.75,5.08,-18.54,True
1.03,0.005,1.02,0.1,0.3,0.5,0.5,5.14,-18.16,True
1.03,0.005,1.02,0.1,0.3,0.75,0.25,5.19,-17.8,True
1.03,0.005,1.02,0.1,0.3,1.0,0.0,5.25,-17.43,True
1.03,0.005,1.02,0.2,0.0,0.0,1.0,-3.5,-35.74,True
1.03,0.005,1.02,0.2,0.0,0.25,0.75,-3.06,-33.04,True
1.03,0.005,1.02,0.2,0.0,0.5,0.5,-2.63,-30.25,True
1.03,0.005,1.02,0.2,0.0,0.75,0.25,-2.23,-27.38,True
1.03,0.005,1.02,0.2,0.0,1.0,0.0,-1.85,-24.43,True
1.03,0.005,1.02,0.2,0.1,0.0,1.0,0.95,-17.36,True
1.03,0.005,1.02,0.2,0.1,0.25,0.75,1.11,-16.13,True
1.03,0.005,1.02,0.2,0.1,0.5,0.5,1.28,-14.85,True
1.03,0.005,1.02,0.2,0.1,0.75,0.25,1.46,-13.53,True
1.03,0.005,1.02,0.2,0.1,1.0,0.0,1.64,-12.16,True
1.03,0.005,1.02,0.2,0.2,0.0,1.0,3.38,-17.4,True
1.03,0.005,1.02,0.2,0.2,0.25,0.75,3.45,-16.46,True
1.03,0.005,1.02,0.2,0.2,0.5,0.5,3.54,-15.84,True
1.03,0.005,1.02,0.2,0.2,0.75,0.25,3.64,-15.23,True
1.03,0.005,1.02,0.2,0.2,1.0,0.0,3.74,-14.63,True
1.03,0.005,1.02,0.2,0.3,0.0,1.0,4.98,-21.38,True
1.03,0.005,1.02,0.2,0.3,0.25,0.75,5.04,-20.73,True
1.03,0.005,1.02,0.2,0.3,0.5,0.5,5.1,-20.09,True
1.03,0.005,1.02,0.2,0.3,0.75,0.25,5.16,-19.47,True
1.03,0.005,1.02,0.2,0.3,1.0,0.0,5.23,-18.85,True
1.03,0.005,1.02,0.3,0.0,0.0,1.0,-4.54,-39.31,True
1.03,0.005,1.02,0.3,0.0,0.25,0.75,-3.97,-36.4,True
1.03,0.005,1.02,0.3,0.0,0.5,0.5,-3.43,-33.37,True
1.03,0.005,1.02,0.3,0.0,0.75,0.25,-2.9,-30.24,True
1.03,0.005,1.02,0.3,0.0,1.0,0.0,-2.41,-26.99,True
1.03,0.005,1.02,0.3,0.1,0.0,1.0,0.82,-21.93,True
1.03,0.005,1.02,0.3,0.1,0.25,0.75,0.97,-20.38,True
1.03,0.005,1.02,0.3,0.1,0.5,0.5,1.15,-18.78,True
1.03,0.005,1.02,0.3,0.1,0.75,0.25,1.34,-17.12,True
1.03,0.005,1.02,0.3,0.1,1.0,0.0,1.53,-15.39,True
1.03,0.005,1.02,0.3,0.2,0.0,1.0,3.38,-21.58,True
1.03,0.005,1.02,0.3,0.2,0.25,0.75,3.47,-20.1,True
1.03,0.005,1.02,0.3,0.2,0.5,0.5,3.57,-18.58,True
1.03,0.005,1.02,0.3,0.2,0.75,0.25,3.68,-17.0,True
1.03,0.005,1.02,0.3,0.2,1.0,0.0,3.78,-15.63,True
1.03,0.005,1.02,0.3,0.3,0.0,1.0,5.0,-21.98,True
1.03,0.005,1.02,0.3,0.3,0.25,0.75,5.06,-21.26,True
1.03,0.005,1.02,0.3,0.3,0.5,0.5,5.12,-20.55,True
1.03,0.005,1.02,0.3,0.3,0.75,0.25,5.19,-19.85,True
1.03,0.005,1.02,0.3,0.3,1.0,0.0,5.27,-19.15,True
1.03,0.005,1.02,0.4,0.0,0.0,1.0,-4.93,-43.19,False
1.03,0.005,1.02,0.4,0.0,0.25,0.75,-4.3,-40.08,False
1.03,0.005,1.02,0.4,0.0,0.5,0.5,-3.69,-36.83,True
1.03,0.005,1.02,0.4,0.0,0.75,0.25,-3.11,-33.44,True
1.03,0.005,1.02,0.4,0.0,1.0,0.0,-2.57,-29.9,True
1.03,0.005,1.02,0.4,0.1,0.0,1.0,0.93,-25.67,True
1.03,0.005,1.02,0.4,0.1,0.25,0.75,1.09,-23.86,True
1.03,0.005,1.02,0.4,0.1,0.5,0.5,1.25,-21.99,True
1.03,0.005,1.02,0.4,0.1,0.75,0.25,1.43,-20.05,True
1.03,0.005,1.02,0.4,0.1,1.0,0.0,1.63,-18.02,True
1.03,0.005,1.02,0.4,0.2,0.0,1.0,3.43,-24.55,True
1.03,0.005,1.02,0.4,0.2,0.25,0.75,3.53,-22.87,True
1.03,0.005,1.02,0.4,0.2,0.5,0.5,3.64,-21.12,True
1.03,0.005,1.02,0.4,0.2,0.75,0.25,3.75,-19.3,True
1.03,0.005,1.02,0.4,0.2,1.0,0.0,3.87,-17.41,True
1.03,0.005,1.02,0.4,0.3,0.0,1.0,5.04,-23.31,True
1.03,0.005,1.02,0.4,0.3,0.25,0.75,5.11,-21.74,True
1.03,0.005,1.02,0.4,0.3,0.5,0.5,5.18,-20.24,True
1.03,0.005,1.02,0.4,0.3,0.75,0.25,5.25,-19.5,True
1.03,0.005,1.02,0.4,0.3,1.0,0.0,5.33,-18.78,True
1.03,0.01,0.95,0.1,0.0,0.0,1.0,0.81,-32.71,True
1.03,0.01,0.95,0.1,0.0,0.25,0.75,1.11,-30.04,True
1.03,0.01,0.95,0.1,0.0,0.5,0.5,1.39,-27.32,True
1.03,0.01,0.95,0.1,0.0,0.75,0.25,1.64,-24.55,True
1.03,0.01,0.95,0.1,0.0,1.0,0.0,1.87,-21.71,True
1.03,0.01,0.95,0.1,0.1,0.0,1.0,3.33,-29.11,True
1.03,0.01,0.95,0.1,0.1,0.25,0.75,3.5,-26.61,True
1.03,0.01,0.95,0.1,0.1,0.5,0.5,3.67,-24.06,True
1.03,0.01,0.95,0.1,0.1,0.75,0.25,3.82,-21.46,True
1.03,0.01,0.95,0.1,0.1,1.0,0.0,3.96,-18.82,True
1.03,0.01,0.95,0.1,0.2,0.0,1.0,4.81,-25.38,True
1.03,0.01,0.95,0.1,0.2,0.25,0.75,4.93,-23.05,True
1.03,0.01,0.95,0.1,0.2,0.5,0.5,5.04,-20.68,True
1.03,0.01,0.95,0.1,0.2,0.75,0.25,5.15,-18.29,True
1.03,0.01,0.95,0.1,0.2,1.0,0.0,5.24,-15.87,True
1.03,0.01,0.95,0.1,0.3,0.0,1.0,5.88,-22.01,True
1.03,0.01,0.95,0.1,0.3,0.25,0.75,5.99,-19.88,True
1.03,0.01,0.95,0.1,0.3,0.5,0.5,6.1,-17.72,True
1.03,0.01,0.95,0.1,0.3,0.75,0.25,6.19,-15.95,True
1.03,0.01,0.95,0.1,0.3,1.0,0.0,6.27,-15.62,True
1.03,0.01,0.95,0.2,0.0,0.0,1.0,0.91,-36.46,True
1.03,0.01,0.95,0.2,0.0,0.25,0.75,1.33,-33.52,True
1.03,0.01,0.95,0.2,0.0,0.5,0.5,1.7,-30.51,True
1.03,0.01,0.95,0.2,0.0,0.75,0.25,2.03,-27.41,True
1.03,0.01,0.95,0.2,0.0,1.0,0.0,2.31,-24.24,True
1.03,0.01,0.95,0.2,0.1,0.0,1.0,2.99,-32.99,True
1.03,0.01,0.95,0.2,0.1,0.25,0.75,3.26,-30.21,True
1.03,0.01,0.95,0.2,0.1,0.5,0.5,3.52,-27.36,True
1.03,0.01,0.95,0.2,0.1,0.75,0.25,3.74,-24.45,True
1.03,0.01,0.95,0.2,0.1,1.0,0.0,3.94,-21.48,True
1.03,0.01,0.95,0.2,0.2,0.0,1.0,4.4,-29.62,True
1.03,0.01,0.95,0.2,0.2,0.25,0.75,4.56,-26.99,True
1.03,0.01,0.95,0.2,0.2,0.5,0.5,4.74,-24.3,True
1.03,0.01,0.95,0.2,0.2,0.75,0.25,4.92,-21.56,True
1.03,0.01,0.95,0.2,0.2,1.0,0.0,5.08,-18.77,True
1.03,0.01,0.95,0.2,0.3,0.0,1.0,5.7,-25.95,True
1.03,0.01,0.95,0.2,0.3,0.25,0.75,5.8,-23.48,True
1.03,0.01,0.95,0.2,0.3,0.5,0.5,5.9,-20.98,True
1.03,0.01,0.95,0.2,0.3,0.75,0.25,6.01,-18.45,True
1.03,0.01,0.95,0.2,0.3,1.0,0.0,6.12,-17.16,True
1.03,0.01,0.95,0.3,0.0,0.0,1.0,0.1,-38.09,True
1.03,0.01,0.95,0.3,0.0,0.25,0.75,0.65,-35.05,True
1.03,0.01,0.95,0.3,0.0,0.5,0.5,1.14,-31.93,True
1.03,0.01,0.95,0.3,0.0,0.75,0.25,1.58,-28.88,True
1.03,0.01,0.95,0.3,0.0,1.0,0.0,1.97,-25.98,True
1.03,0.01,0.95,0.3,0.1,0.0,1.0,2.59,-34.13,True
1.03,0.01,0.95,0.3,0.1,0.25,0.75,2.88,-31.26,True
1.03,0.01,0.95,0.3,0.1,0.5,0.5,3.17,-28.31,True
1.03,0.01,0.95,0.3,0.1,0.75,0.25,3.46,-25.28,True
1.03,0.01,0.95,0.3,0.1,1.0,0.0,3.72,-22.19,True
1.03,0.01,0.95,0.3,0.2,0.0,1.0,4.45,-29.35,True
1.03,0.01,0.95,0.3,0.2,0.25,0.75,4.61,-26.68,True
1.03,0.01,0.95,0.3,0.2,0.5,0.5,4.78,-23.96,True
1.03,0.01,0.95,0.3,0.2,0.75,0.25,4.94,-21.18,True
1.03,0.01,0.95,0.3,0.2,1.0,0.0,5.1,-18.35,True
1.03,0.01,0.95,0.3,0.3,0.0,1.0,5.73,-24.43,True
1.03,0.01,0.95,0.3,0.3,0.25,0.75,5.86,-22.01,True
1.03,0.01,0.95,0.3,0.3,0.5,0.5,5.98,-20.5,True
1.03,0.01,0.95,0.3,0.3,0.75,0.25,6.1,-19.65,True
1.03,0.01,0.95,0.3,0.3,1.0,0.0,6.22,-18.83,True
1.03,0.01,0.95,0.4,0.0,0.0,1.0,-0.31,-36.57,True
1.03,0.01,0.95,0.4,0.0,0.25,0.75,0.3,-33.72,True
1.03,0.01,0.95,0.4,0.0,0.5,0.5,0.85,-30.95,True
1.03,0.01,0.95,0.4,0.0,0.75,0.25,1.35,-28.14,True
1.03,0.01,0.95,0.4,0.0,1.0,0.0,1.8,-25.28,True
1.03,0.01,0.95,0.4,0.1,0.0,1.0,2.62,-31.83,True
1.03,0.01,0.95,0.4,0.1,0.25,0.75,2.9,-29.05,True
1.03,0.01,0.95,0.4,0.1,0.5,0.5,3.18,-26.2,True
1.03,0.01,0.95,0.4,0.1,0.75,0.25,3.46,-23.28,True
1.03,0.01,0.95,0.4,0.1,1.0,0.0,3.72,-20.29,True
1.03,0.01,0.95,0.4,0.2,0.0,1.0,4.45,-27.24,True
1.03,0.01,0.95,0.4,0.2,0.25,0.75,4.64,-24.66,True
1.03,0.01,0.95,0.4,0.2,0.5,0.5,4.82,-22.02,True
1.03,0.01,0.95,0.4,0.2,0.75,0.25,5.0,-19.34,True
1.03,0.01,0.95,0.4,0.2,1.0,0.0,5.17,-16.61,True
1.03,0.01,0.95,0.4,0.3,0.0,1.0,5.68,-24.71,True
1.03,0.01,0.95,0.4,0.3,0.25,0.75,5.82,-23.59,True
1.03,0.01,0.95,0.4,0.3,0.5,0.5,5.96,-22.5,True
1.03,0.01,0.95,0.4,0.3,0.75,0.25,6.1,-21.44,True
1.03,0.01,0.95,0.4,0.3,1.0,0.0,6.23,-20.4,True
1.03,0.01,0.97,0.1,0.0,0.0,1.0,-0.84,-26.99,True
1.03,0.01,0.97,0.1,0.0,0.25,0.75,-0.48,-25.06,True
1.03,0.01,0.97,0.1,0.0,0.5,0.5,-0.15,-23.01,True
1.03,0.01,0.97,0.1,0.0,0.75,0.25,0.16,-20.81,True
1.03,0.01,0.97,0.1,0.0,1.0,0.0,0.43,-18.44,True
1.03,0.01,0.97,0.1,0.1,0.0,1.0,2.17,-23.12,True
1.03,0.01,0.97,0.1,0.1,0.25,0.75,2.36,-21.4,True
1.03,0.01,0.97,0.1,0.1,0.5,0.5,2.55,-19.55,True
1.03,0.01,0.97,0.1,0.1,0.75,0.25,2.74,-17.56,True
1.03,0.01,0.97,0.1,0.1,1.0,0.0,2.91,-15.45,True
1.03,0.01,0.97,0.1,0.2,0.0,1.0,3.89,-20.35,True
1.03,0.01,0.97,0.1,0.2,0.25,0.75,4.04,-18.83,True
1.03,0.01,0.97,0.1,0.2,0.5,0.5,4.17,-17.29,True
1.03,0.01,0.97,0.1,0.2,0.75,0.25,4.31,-15.73,True
1.03,0.01,0.97,0.1,0.2,1.0,0.0,4.44,-14.15,True
1.03,0.01,0.97,0.1,0.3,0.0,1.0,5.4,-18.5,True
1.03,0.01,0.97,0.1,0.3,0.25,0.75,5.46,-17.43,True
1.03,0.01,0.97,0.1,0.3,0.5,0.5,5.54,-17.07,True
1.03,0.01,0.97,0.1,0.3,0.75,0.25,5.62,-16.72,True
1.03,0.01,0.97,0.1,0.3,1.0,0.0,5.7,-16.42,True
1.03,0.01,0.97,0.2,0.0,0.0,1.0,-1.99,-33.43,True
1.03,0.01,0.97,0.2,0.0,0.25,0.75,-1.42,-31.1,True
1.03,0.01,0.97,0.2,0.0,0.5,0.5,-0.9,-28.63,True
1.03,0.01,0.97,0.2,0.0,0.75,0.25,-0.41,-26.0,True
1.03,0.01,0.97,0.2,0.0,1.0,0.0,0.02,-23.18,True
1.03,0.01,0.97,0.2,0.1,0.0,1.0,1.72,-27.49,True
1.03,0.01,0.97,0.2,0.1,0.25,0.75,1.93,-25.58,True
1.03,0.01,0.97,0.2,0.1,0.5,0.5,2.18,-23.5,True
1.03,0.01,0.97,0.2,0.1,0.75,0.25,2.41,-21.26,True
1.03,0.01,0.97,0.2,0.1,1.0,0.0,2.64,-18.83,True
1.03,0.01,0.97,0.2,0.2,0.0,1.0,4.0,-22.96,True
1.03,0.01,0.97,0.2,0.2,0.25,0.75,4.1,-21.26,True
1.03,0.01,0.97,0.2,0.2,0.5,0.5,4.21,-19.53,True
1.03,0.01,0.97,0.2,0.2,0.75,0.25,4.33,-17.77,True
1.03,0.01,0.97,0.2,0.2,1.0,0.0,4.45,-15.98,True
1.03,0.01,0.97,0.2,0.3,0.0,1.0,5.41,-20.68,True
1.03,0.01,0.97,0.2,0.3,0.25,0.75,5.52,-19.14,True
1.03,0.01,0.97,0.2,0.3,0.5,0.5,5.62,-17.69,True
1.03,0.01,0.97,0.2,0.3,0.75,0.25,5.72,-17.23,True
1.03,0.01,0.97,0.2,0.3,1.0,0.0,5.81,-16.79,True
1.03,0.01,0.97,0.3,0.0,0.0,1.0,-2.62,-36.95,True
1.03,0.01,0.97,0.3,0.0,0.25,0.75,-1.94,-34.43,True
1.03,0.01,0.97,0.3,0.0,0.5,0.5,-1.32,-31.76,True
1.03,0.01,0.97,0.3,0.0,0.75,0.25,-0.74,-28.91,True
1.03,0.01,0.97,0.3,0.0,1.0,0.0,-0.22,-25.86,True
1.03,0.01,0.97,0.3,0.1,0.0,1.0,1.88,-29.09,True
1.03,0.01,0.97,0.3,0.1,0.25,0.75,2.08,-27.15,True
1.03,0.01,0.97,0.3,0.1,0.5,0.5,2.29,-25.04,True
1.03,0.01,0.97,0.3,0.1,0.75,0.25,2.51,-22.73,True
1.03,0.01,0.97,0.3,0.1,1.0,0.0,2.74,-20.21,True
1.03,0.01,0.97,0.3,0.2,0.0,1.0,4.05,-25.1,True
1.03,0.01,0.97,0.3,0.2,0.25,0.75,4.22,-23.23,True
1.03,0.01,0.97,0.3,0.2,0.5,0.5,4.37,-21.31,True
1.03,0.01,0.97,0.3,0.2,0.75,0.25,4.52,-19.36,True
1.03,0.01,0.97,0.3,0.2,1.0,0.0,4.64,-17.37,True
1.03,0.01,0.97,0.3,0.3,0.0,1.0,5.44,-23.1,True
1.03,0.01,0.97,0.3,0.3,0.25,0.75,5.54,-21.35,True
1.03,0.01,0.97,0.3,0.3,0.5,0.5,5.65,-19.56,True
1.03,0.01,0.97,0.3,0.3,0.75,0.25,5.76,-18.66,True
1.03,0.01,0.97,0.3,0.3,1.0,0.0,5.88,-18.03,True
1.03,0.01,0.97,0.4,0.0,0.0,1.0,-2.69,-37.86,True
1.03,0.01,0.97,0.4,0.0,0.25,0.75,-1.99,-35.29,True
1.03,0.01,0.97,0.4,0.0,0.5,0.5,-1.32,-32.56,True
1.03,0.01,0.97,0.4,0.0,0.75,0.25,-0.71,-29.65,True
1.03,0.01,0.97,0.4,0.0,1.0,0.0,-0.16,-26.53,True
1.03,0.01,0.97,0.4,0.1,0.0,1.0,2.06,-29.37,True
1.03,0.01,0.97,0.4,0.1,0.25,0.75,2.31,-27.47,True
1.03,0.01,0.97,0.4,0.1,0.5,0.5,2.53,-25.36,True
1.03,0.01,0.97,0.4,0.1,0.75,0.25,2.75,-23.03,True
1.03,0.01,0.97,0.4,0.1,1.0,0.0,2.97,-20.47,True
1.03,0.01,0.97,0.4,0.2,0.0,1.0,4.05,-26.31,True
1.03,0.01,0.97,0.4,0.2,0.25,0.75,4.21,-24.31,True
1.03,0.01,0.97,0.4,0.2,0.5,0.5,4.38,-22.25,True
1.03,0.01,0.97,0.4,0.2,0.75,0.25,4.56,-20.15,True
1.03,0.01,0.97,0.4,0.2,1.0,0.0,4.73,-18.01,True
1.03,0.01,0.97,0.4,0.3,0.0,1.0,5.47,-22.65,True
1.03,0.01,0.97,0.4,0.3,0.25,0.75,5.58,-21.76,True
1.03,0.01,0.97,0.4,0.3,0.5,0.5,5.69,-20.9,True
1.03,0.01,0.97,0.4,0.3,0.75,0.25,5.8,-20.07,True
1.03,0.01,0.97,0.4,0.3,1.0,0.0,5.91,-19.28,True
1.03,0.01,0.99,0.1,0.0,0.0,1.0,-0.71,-24.1,True
1.03,0.01,0.99,0.1,0.0,0.25,0.75,-0.49,-21.84,True
1.03,0.01,0.99,0.1,0.0,0.5,0.5,-0.28,-19.54,True
1.03,0.01,0.99,0.1,0.0,0.75,0.25,-0.08,-17.19,True
1.03,0.01,0.99,0.1,0.0,1.0,0.0,0.11,-14.79,True
1.03,0.01,0.99,0.1,0.1,0.0,1.0,2.39,-13.22,True
1.03,0.01,0.99,0.1,0.1,0.25,0.75,2.48,-12.1,True
1.03,0.01,0.99,0.1,0.1,0.5,0.5,2.57,-10.96,True
1.03,0.01,0.99,0.1,0.1,0.75,0.25,2.66,-9.79,True
1.03,0.01,0.99,0.1,0.1,1.0,0.0,2.75,-8.6,True
1.03,0.01,0.99,0.1,0.2,0.0,1.0,4.14,-12.85,True
1.03,0.01,0.99,0.1,0.2,0.25,0.75,4.22,-12.63,True
1.03,0.01,0.99,0.1,0.2,0.5,0.5,4.3,-12.48,True
1.03,0.01,0.99,0.1,0.2,0.75,0.25,4.36,-12.37,True
1.03,0.01,0.99,0.1,0.2,1.0,0.0,4.42,-12.28,True
1.03,0.01,0.99,0.1,0.3,0.0,1.0,5.48,-15.43,True
1.03,0.01,0.99,0.1,0.3,0.25,0.75,5.53,-15.26,True
1.03,0.01,0.99,0.1,0.3,0.5,0.5,5.57,-15.11,True
1.03,0.01,0.99,0.1,0.3,0.75,0.25,5.62,-15.0,True
1.03,0.01,0.99,0.1,0.3,1.0,0.0,5.66,-14.91,True
1.03,0.01,0.99,0.2,0.0,0.0,1.0,-0.51,-30.31,True
1.03,0.01,0.99,0.2,0.0,0.25,0.75,-0.21,-27.44,True
1.03,0.01,0.99,0.2,0.0,0.5,0.5,0.07,-24.5,True
1.03,0.01,0.99,0.2,0.0,0.75,0.25,0.34,-21.48,True
1.03,0.01,0.99,0.2,0.0,1.0,0.0,0.57,-18.39,True
1.03,0.01,0.99,0.2,0.1,0.0,1.0,2.39,-17.92,True
1.03,0.01,0.99,0.2,0.1,0.25,0.75,2.56,-16.45,True
1.03,0.01,0.99,0.2,0.1,0.5,0.5,2.72,-14.95,True
1.03,0.01,0.99,0.2,0.1,0.75,0.25,2.88,-13.42,True
1.03,0.01,0.99,0.2,0.1,1.0,0.0,3.02,-11.87,True
1.03,0.01,0.99,0.2,0.2,0.0,1.0,4.16,-16.11,True
1.03,0.01,0.99,0.2,0.2,0.25,0.75,4.26,-14.73,True
1.03,0.01,0.99,0.2,0.2,0.5,0.5,4.37,-13.34,True
1.03,0.01,0.99,0.2,0.2,0.75,0.25,4.47,-12.65,True
1.03,0.01,0.99,0.2,0.2,1.0,0.0,4.57,-12.5,True
1.03,0.01,0.99,0.2,0.3,0.0,1.0,5.55,-16.91,True
1.03,0.01,0.99,0.2,0.3,0.25,0.75,5.62,-16.61,True
1.03,0.01,0.99,0.2,0.3,0.5,0.5,5.69,-16.32,True
1.03,0.01,0.99,0.2,0.3,0.75,0.25,5.76,-16.04,True
1.03,0.01,0.99,0.2,0.3,1.0,0.0,5.82,-15.76,True
1.03,0.01,0.99,0.3,0.0,0.0,1.0,-0.52,-35.44,True
1.03,0.01,0.99,0.3,0.0,0.25,0.75,-0.17,-32.26,True
1.03,0.01,0.99,0.3,0.0,0.5,0.5,0.16,-28.97,True
1.03,0.01,0.99,0.3,0.0,0.75,0.25,0.47,-25.57,True
1.03,0.01,0.99,0.3,0.0,1.0,0.0,0.74,-22.06,True
1.03,0.01,0.99,0.3,0.1,0.0,1.0,2.31,-19.98,True
1.03,0.01,0.99,0.3,0.1,0.25,0.75,2.49,-18.36,True
1.03,0.01,0.99,0.3,0.1,0.5,0.5,2.68,-16.7,True
1.03,0.01,0.99,0.3,0.1,0.75,0.25,2.86,-15.0,True
1.03,0.01,0.99,0.3,0.1,1.0,0.0,3.03,-13.26,True
1.03,0.01,0.99,0.3,0.2,0.0,1.0,4.24,-17.67,True
1.03,0.01,0.99,0.3,0.2,0.25,0.75,4.36,-16.25,True
1.03,0.01,0.99,0.3,0.2,0.5,0.5,4.47,-14.82,True
1.03,0.01,0.99,0.3,0.2,0.75,0.25,4.57,-13.62,True
1.03,0.01,0.99,0.3,0.2,1.0,0.0,4.67,-13.15,True
1.03,0.01,0.99,0.3,0.3,0.0,1.0,5.54,-18.97,True
1.03,0.01,0.99,0.3,0.3,0.25,0.75,5.63,-18.47,True
1.03,0.01,0.99,0.3,0.3,0.5,0.5,5.73,-17.98,True
1.03,0.01,0.99,0.3,0.3,0.75,0.25,5.81,-17.51,True
1.03,0.01,0.99,0.3,0.3,1.0,0.0,5.89,-17.04,True
1.03,0.01,0.99,0.4,0.0,0.0,1.0,-0.78,-38.59,True
1.03,0.01,0.99,0.4,0.0,0.25,0.75,-0.36,-35.24,True
1.03,0.01,0.99,0.4,0.0,0.5,0.5,0.02,-31.77,True
1.03,0.01,0.99,0.4,0.0,0.75,0.25,0.38,-28.15,True
1.03,0.01,0.99,0.4,0.0,1.0,0.0,0.69,-24.41,True
1.03,0.01,0.99,0.4,0.1,0.0,1.0,2.35,-21.22,True
1.03,0.01,0.99,0.4,0.1,0.25,0.75,2.54,-19.52,True
1.03,0.01,0.99,0.4,0.1,0.5,0.5,2.72,-17.8,True
1.03,0.01,0.99,0.4,0.1,0.75,0.25,2.89,-16.06,True
1.03,0.01,0.99,0.4,0.1,1.0,0.0,3.06,-14.3,True
1.03,0.01,0.99,0.4,0.2,0.0,1.0,4.24,-19.91,True
1.03,0.01,0.99,0.4,0.2,0.25,0.75,4.38,-18.25,True
1.03,0.01,0.99,0.4,0.2,0.5,0.5,4.51,-16.59,True
1.03,0.01,0.99,0.4,0.2,0.75,0.25,4.64,-15.22,True
1.03,0.01,0.99,0.4,0.2,1.0,0.0,4.75,-14.56,True
1.03,0.01,0.99,0.4,0.3,0.0,1.0,5.53,-21.18,True
1.03,0.01,0.99,0.4,0.3,0.25,0.75,5.61,-20.48,True
1.03,0.01,0.99,0.4,0.3,0.5,0.5,5.7,-19.8,True
1.03,0.01,0.99,0.4,0.3,0.75,0.25,5.79,-19.13,True
1.03,0.01,0.99,0.4,0.3,1.0,0.0,5.87,-18.47,True
1.03,0.01,1.0,0.1,0.0,0.0,1.0,-0.9,-26.41,True
1.03,0.01,1.0,0.1,0.0,0.25,0.75,-0.73,-24.34,True
1.03,0.01,1.0,0.1,0.0,0.5,0.5,-0.57,-22.22,True
1.03,0.01,1.0,0.1,0.0,0.75,0.25,-0.42,-20.06,True
1.03,0.01,1.0,0.1,0.0,1.0,0.0,-0.27,-17.86,True
1.03,0.01,1.0,0.1,0.1,0.0,1.0,1.91,-20.13,True
1.03,0.01,1.0,0.1,0.1,0.25,0.75,2.0,-18.52,True
1.03,0.01,1.0,0.1,0.1,0.5,0.5,2.09,-16.79,True
1.03,0.01,1.0,0.1,0.1,0.75,0.25,2.19,-14.95,True
1.03,0.01,1.0,0.1,0.1,1.0,0.0,2.28,-12.97,True
1.03,0.01,1.0,0.1,0.2,0.0,1.0,3.93,-12.93,True
1.03,0.01,1.0,0.1,0.2,0.25,0.75,3.99,-12.82,True
1.03,0.01,1.0,0.1,0.2,0.5,0.5,4.05,-12.73,True
1.03,0.01,1.0,0.1,0.2,0.75,0.25,4.1,-12.66,True
1.03,0.01,1.0,0.1,0.2,1.0,0.0,4.15,-12.62,True
1.03,0.01,1.0,0.1,0.3,0.0,1.0,5.31,-16.07,True
1.03,0.01,1.0,0.1,0.3,0.25,0.75,5.34,-15.83,True
1.03,0.01,1.0,0.1,0.3,0.5,0.5,5.37,-15.59,True
1.03,0.01,1.0,0.1,0.3,0.75,0.25,5.4,-15.46,True
1.03,0.01,1.0,0.1,0.3,1.0,0.0,5.43,-15.38,True
1.03,0.01,1.0,0.2,0.0,0.0,1.0,-1.62,-43.43,False
1.03,0.01,1.0,0.2,0.0,0.25,0.75,-1.3,-40.29,False
1.03,0.01,1.0,0.2,0.0,0.5,0.5,-1.0,-37.04,True
1.03,0.01,1.0,0.2,0.0,0.75,0.25,-0.73,-33.66,True
1.03,0.01,1.0,0.2,0.0,1.0,0.0,-0.48,-30.15,True
1.03,0.01,1.0,0.2,0.1,0.0,1.0,1.87,-21.26,True
1.03,0.01,1.0,0.2,0.1,0.25,0.75,2.03,-19.72,True
1.03,0.01,1.0,0.2,0.1,0.5,0.5,2.2,-17.98,True
1.03,0.01,1.0,0.2,0.1,0.75,0.25,2.35,-16.06,True
1.03,0.01,1.0,0.2,0.1,1.0,0.0,2.48,-14.0,True
1.03,0.01,1.0,0.2,0.2,0.0,1.0,3.84,-13.91,True
1.03,0.01,1.0,0.2,0.2,0.25,0.75,3.94,-13.72,True
1.03,0.01,1.0,0.2,0.2,0.5,0.5,4.02,-13.56,True
1.03,0.01,1.0,0.2,0.2,0.75,0.25,4.11,-13.43,True
1.03,0.01,1.0,0.2,0.2,1.0,0.0,4.19,-13.33,True
1.03,0.01,1.0,0.2,0.3,0.0,1.0,5.36,-17.18,True
1.03,0.01,1.0,0.2,0.3,0.25,0.75,5.42,-16.89,True
1.03,0.01,1.0,0.2,0.3,0.5,0.5,5.48,-16.61,True
1.03,0.01,1.0,0.2,0.3,0.75,0.25,5.53,-16.34,True
1.03,0.01,1.0,0.2,0.3,1.0,0.0,5.59,-16.07,True
1.03,0.01,1.0,0.3,0.0,0.0,1.0,-1.72,-44.91,False
1.03,0.01,1.0,0.3,0.0,0.25,0.75,-1.35,-41.62,False
1.03,0.01,1.0,0.3,0.0,0.5,0.5,-1.01,-38.19,True
1.03,0.01,1.0,0.3,0.0,0.75,0.25,-0.69,-34.63,True
1.03,0.01,1.0,0.3,0.0,1.0,0.0,-0.4,-30.92,True
1.03,0.01,1.0,0.3,0.1,0.0,1.0,1.78,-22.72,True
1.03,0.01,1.0,0.3,0.1,0.25,0.75,1.94,-21.38,True
1.03,0.01,1.0,0.3,0.1,0.5,0.5,2.09,-19.8,True
1.03,0.01,1.0,0.3,0.1,0.75,0.25,2.25,-17.97,True
1.03,0.01,1.0,0.3,0.1,1.0,0.0,2.4,-15.9,True
1.03,0.01,1.0,0.3,0.2,0.0,1.0,3.99,-14.3,True
1.03,0.01,1.0,0.3,0.2,0.25,0.75,4.08,-13.57,True
1.03,0.01,1.0,0.3,0.2,0.5,0.5,4.17,-13.2,True
1.03,0.01,1.0,0.3,0.2,0.75,0.25,4.26,-12.91,True
1.03,0.01,1.0,0.3,0.2,1.0,0.0,4.34,-12.86,True
1.03,0.01,1.0,0.3,0.3,0.0,1.0,5.43,-17.7,True
1.03,0.01,1.0,0.3,0.3,0.25,0.75,5.5,-17.34,True
1.03,0.01,1.0,0.3,0.3,0.5,0.5,5.57,-16.99,True
1.03,0.01,1.0,0.3,0.3,0.75,0.25,5.64,-16.64,True
1.03,0.01,1.0,0.3,0.3,1.0,0.0,5.7,-16.31,True
1.03,0.01,1.0,0.4,0.0,0.0,1.0,-1.93,-46.79,False
1.03,0.01,1.0,0.4,0.0,0.25,0.75,-1.51,-43.41,False
1.03,0.01,1.0,0.4,0.0,0.5,0.5,-1.12,-39.88,True
1.03,0.01,1.0,0.4,0.0,0.75,0.25,-0.76,-36.19,True
1.03,0.01,1.0,0.4,0.0,1.0,0.0,-0.44,-32.34,True
1.03,0.01,1.0,0.4,0.1,0.0,1.0,1.94,-25.11,True
1.03,0.01,1.0,0.4,0.1,0.25,0.75,2.12,-23.57,True
1.03,0.01,1.0,0.4,0.1,0.5,0.5,2.28,-21.75,True
1.03,0.01,1.0,0.4,0.1,0.75,0.25,2.43,-19.67,True
1.03,0.01,1.0,0.4,0.1,1.0,0.0,2.57,-17.35,True
1.03,0.01,1.0,0.4,0.2,0.0,1.0,4.06,-18.22,True
1.03,0.01,1.0,0.4,0.2,0.25,0.75,4.17,-16.53,True
1.03,0.01,1.0,0.4,0.2,0.5,0.5,4.28,-14.82,True
1.03,0.01,1.0,0.4,0.2,0.75,0.25,4.38,-13.49,True
1.03,0.01,1.0,0.4,0.2,1.0,0.0,4.47,-13.05,True
1.03,0.01,1.0,0.4,0.3,0.0,1.0,5.45,-18.6,True
1.03,0.01,1.0,0.4,0.3,0.25,0.75,5.53,-18.15,True
1.03,0.01,1.0,0.4,0.3,0.5,0.5,5.6,-17.71,True
1.03,0.01,1.0,0.4,0.3,0.75,0.25,5.67,-17.28,True
1.03,0.01,1.0,0.4,0.3,1.0,0.0,5.73,-16.87,True
1.03,0.01,1.01,0.1,0.0,0.0,1.0,-1.75,-14.67,True
1.03,0.01,1.01,0.1,0.0,0.25,0.75,-1.57,-13.43,True
1.03,0.01,1.01,0.1,0.0,0.5,0.5,-1.38,-12.18,True
1.03,0.01,1.01,0.1,0.0,0.75,0.25,-1.2,-10.91,True
1.03,0.01,1.01,0.1,0.0,1.0,0.0,-1.03,-9.63,True
1.03,0.01,1.01,0.1,0.1,0.0,1.0,1.49,-12.68,True
1.03,0.01,1.01,0.1,0.1,0.25,0.75,1.6,-11.7,True
1.03,0.01,1.01,0.1,0.1,0.5,0.5,1.7,-10.69,True
1.03,0.01,1.01,0.1,0.1,0.75,0.25,1.8,-10.07,True
1.03,0.01,1.01,0.1,0.1,1.0,0.0,1.91,-9.92,True
1.03,0.01,1.01,0.1,0.2,0.0,1.0,3.5,-15.48,True
1.03,0.01,1.01,0.1,0.2,0.25,0.75,3.57,-15.18,True
1.03,0.01,1.01,0.1,0.2,0.5,0.5,3.64,-14.92,True
1.03,0.01,1.01,0.1,0.2,0.75,0.25,3.71,-14.69,True
1.03,0.01,1.01,0.1,0.2,1.0,0.0,3.78,-14.5,True
1.03,0.01,1.01,0.1,0.3,0.0,1.0,5.03,-18.33,True
1.03,0.01,1.01,0.1,0.3,0.25,0.75,5.05,-18.03,True
1.03,0.01,1.01,0.1,0.3,0.5,0.5,5.08,-17.75,True
1.03,0.01,1.01,0.1,0.3,0.75,0.25,5.11,-17.45,True
1.03,0.01,1.01,0.1,0.3,1.0,0.0,5.15,-17.17,True
1.03,0.01,1.01,0.2,0.0,0.0,1.0,-3.32,-27.75,True
1.03,0.01,1.01,0.2,0.0,0.25,0.75,-2.94,-25.54,True
1.03,0.01,1.01,0.2,0.0,0.5,0.5,-2.57,-23.28,True
1.03,0.01,1.01,0.2,0.0,0.75,0.25,-2.22,-20.96,True
1.03,0.01,1.01,0.2,0.0,1.0,0.0,-1.87,-18.6,True
1.03,0.01,1.01,0.2,0.1,0.0,1.0,0.88,-18.71,True
1.03,0.01,1.01,0.2,0.1,0.25,0.75,1.04,-17.34,True
1.03,0.01,1.01,0.2,0.1,0.5,0.5,1.21,-15.93,True
1.03,0.01,1.01,0.2,0.1,0.75,0.25,1.38,-14.46,True
1.03,0.01,1.01,0.2,0.1,1.0,0.0,1.56,-12.93,True
1.03,0.01,1.01,0.2,0.2,0.0,1.0,3.38,-18.53,True
1.03,0.01,1.01,0.2,0.2,0.25,0.75,3.45,-17.28,True
1.03,0.01,1.01,0.2,0.2,0.5,0.5,3.52,-16.91,True
1.03,0.01,1.01,0.2,0.2,0.75,0.25,3.6,-16.54,True
1.03,0.01,1.01,0.2,0.2,1.0,0.0,3.68,-16.18,True
1.03,0.01,1.01,0.2,0.3,0.0,1.0,4.99,-19.83,True
1.03,0.01,1.01,0.2,0.3,0.25,0.75,5.04,-19.37,True
1.03,0.01,1.01,0.2,0.3,0.5,0.5,5.09,-18.9,True
1.03,0.01,1.01,0.2,0.3,0.75,0.25,5.14,-18.51,True
1.03,0.01,1.01,0.2,0.3,1.0,0.0,5.21,-18.23,True
1.03,0.01,1.01,0.3,0.0,0.0,1.0,-4.48,-32.12,True
1.03,0.01,1.01,0.3,0.0,0.25,0.75,-3.98,-29.57,True
1.03,0.01,1.01,0.3,0.0,0.5,0.5,-3.49,-26.96,True
1.03,0.01,1.01,0.3,0.0,0.75,0.25,-3.01,-24.28,True
1.03,0.01,1.01,0.3,0.0,1.0,0.0,-2.55,-21.53,True
1.03,0.01,1.01,0.3,0.1,0.0,1.0,0.8,-23.64,True
1.03,0.01,1.01,0.3,0.1,0.25,0.75,0.93,-21.91,True
1.03,0.01,1.01,0.3,0.1,0.5,0.5,1.07,-20.12,True
1.03,0.01,1.01,0.3,0.1,0.75,0.25,1.23,-18.26,True
1.03,0.01,1.01,0.3,0.1,1.0,0.0,1.39,-16.33,True
1.03,0.01,1.01,0.3,0.2,0.0,1.0,3.35,-23.3,True
1.03,0.01,1.01,0.3,0.2,0.25,0.75,3.42,-21.74,True
1.03,0.01,1.01,0.3,0.2,0.5,0.5,3.5,-20.11,True
1.03,0.01,1.01,0.3,0.2,0.75,0.25,3.59,-18.39,True
1.03,0.01,1.01,0.3,0.2,1.0,0.0,3.69,-16.55,True
1.03,0.01,1.01,0.3,0.3,0.0,1.0,4.99,-21.12,True
1.03,0.01,1.01,0.3,0.3,0.25,0.75,5.03,-19.82,True
1.03,0.01,1.01,0.3,0.3,0.5,0.5,5.08,-19.22,True
1.03,0.01,1.01,0.3,0.3,0.75,0.25,5.14,-18.71,True
1.03,0.01,1.01,0.3,0.3,1.0,0.0,5.21,-18.23,True
1.03,0.01,1.01,0.4,0.0,0.0,1.0,-5.33,-34.69,True
1.03,0.01,1.01,0.4,0.0,0.25,0.75,-4.73,-31.99,True
1.03,0.01,1.01,0.4,0.0,0.5,0.5,-4.14,-29.2,True
1.03,0.01,1.01,0.4,0.0,0.75,0.25,-3.58,-26.32,True
1.03,0.01,1.01,0.4,0.0,1.0,0.0,-3.03,-23.36,True
1.03,0.01,1.01,0.4,0.1,0.0,1.0,0.76,-27.75,True
1.03,0.01,1.01,0.4,0.1,0.25,0.75,0.92,-25.83,True
1.03,0.01,1.01,0.4,0.1,0.5,0.5,1.08,-23.82,True
1.03,0.01,1.01,0.4,0.1,0.75,0.25,1.25,-21.7,True
1.03,0.01,1.01,0.4,0.1,1.0,0.0,1.42,-19.46,True
1.03,0.01,1.01,0.4,0.2,0.0,1.0,3.34,-25.11,True
1.03,0.01,1.01,0.4,0.2,0.25,0.75,3.42,-23.46,True
1.03,0.01,1.01,0.4,0.2,0.5,0.5,3.5,-21.72,True
1.03,0.01,1.01,0.4,0.2,0.75,0.25,3.59,-19.89,True
1.03,0.01,1.01,0.4,0.2,1.0,0.0,3.69,-17.95,True
1.03,0.01,1.01,0.4,0.3,0.0,1.0,4.99,-23.05,True
1.03,0.01,1.01,0.4,0.3,0.25,0.75,5.04,-21.59,True
1.03,0.01,1.01,0.4,0.3,0.5,0.5,5.09,-20.05,True
1.03,0.01,1.01,0.4,0.3,0.75,0.25,5.15,-18.99,True
1.03,0.01,1.01,0.4,0.3,1.0,0.0,5.21,-18.44,True
1.03,0.01,1.02,0.1,0.0,0.0,1.0,-0.0,-12.2,True
1.03,0.01,1.02,0.1,0.0,0.25,0.75,0.03,-11.18,True
1.03,0.01,1.02,0.1,0.0,0.5,0.5,0.06,-10.15,True
1.03,0.01,1.02,0.1,0.0,0.75,0.25,0.08,-9.12,True
1.03,0.01,1.02,0.1,0.0,1.0,0.0,0.11,-8.08,True
1.03,0.01,1.02,0.1,0.1,0.0,1.0,2.62,-8.52,True
1.03,0.01,1.02,0.1,0.1,0.25,0.75,2.63,-8.33,True
1.03,0.01,1.02,0.1,0.1,0.5,0.5,2.64,-8.35,True
1.03,0.01,1.02,0.1,0.1,0.75,0.25,2.64,-8.38,True
1.03,0.01,1.02,0.1,0.1,1.0,0.0,2.65,-8.4,True
1.03,0.01,1.02,0.1,0.2,0.0,1.0,4.31,-12.49,True
1.03,0.01,1.02,0.1,0.2,0.25,0.75,4.33,-12.55,True
1.03,0.01,1.02,0.1,0.2,0.5,0.5,4.33,-12.56,True
1.03,0.01,1.02,0.1,0.2,0.75,0.25,4.32,-12.59,True
1.03,0.01,1.02,0.1,0.2,1.0,0.0,4.32,-12.62,True
1.03,0.01,1.02,0.1,0.3,0.0,1.0,5.54,-16.59,True
1.03,0.01,1.02,0.1,0.3,0.25,0.75,5.57,-16.48,True
1.03,0.01,1.02,0.1,0.3,0.5,0.5,5.59,-16.32,True
1.03,0.01,1.02,0.1,0.3,0.75,0.25,5.59,-16.09,True
1.03,0.01,1.02,0.1,0.3,1.0,0.0,5.58,-15.85,True
1.03,0.01,1.02,0.2,0.0,0.0,1.0,-0.54,-23.51,True
1.03,0.01,1.02,0.2,0.0,0.25,0.75,-0.41,-21.63,True
1.03,0.01,1.02,0.2,0.0,0.5,0.5,-0.29,-19.71,True
1.03,0.01,1.02,0.2,0.0,0.75,0.25,-0.18,-17.76,True
1.03,0.01,1.02,0.2,0.0,1.0,0.0,-0.08,-15.79,True
1.03,0.01,1.02,0.2,0.1,0.0,1.0,2.21,-12.21,True
1.03,0.01,1.02,0.2,0.1,0.25,0.75,2.31,-11.29,True
1.03,0.01,1.02,0.2,0.1,0.5,0.5,2.4,-10.39,True
1.03,0.01,1.02,0.2,0.1,0.75,0.25,2.48,-9.45,True
1.03,0.01,1.02,0.2,0.1,1.0,0.0,2.56,-8.66,True
1.03,0.01,1.02,0.2,0.2,0.0,1.0,3.89,-13.84,True
1.03,0.01,1.02,0.2,0.2,0.25,0.75,3.96,-13.72,True
1.03,0.01,1.02,0.2,0.2,0.5,0.5,4.03,-13.62,True
1.03,0.01,1.02,0.2,0.2,0.75,0.25,4.1,-13.54,True
1.03,0.01,1.02,0.2,0.2,1.0,0.0,4.17,-13.49,True
1.03,0.01,1.02,0.2,0.3,0.0,1.0,5.31,-18.04,True
1.03,0.01,1.02,0.2,0.3,0.25,0.75,5.35,-17.77,True
1.03,0.01,1.02,0.2,0.3,0.5,0.5,5.4,-17.51,True
1.03,0.01,1.02,0.2,0.3,0.75,0.25,5.45,-17.25,True
1.03,0.01,1.02,0.2,0.3,1.0,0.0,5.49,-17.0,True
1.03,0.01,1.02,0.3,0.0,0.0,1.0,-1.32,-26.91,True
1.03,0.01,1.02,0.3,0.0,0.25,0.75,-1.09,-24.72,True
1.03,0.01,1.02,0.3,0.0,0.5,0.5,-0.88,-22.5,True
1.03,0.01,1.02,0.3,0.0,0.75,0.25,-0.68,-20.25,True
1.03,0.01,1.02,0.3,0.0,1.0,0.0,-0.5,-17.96,True
1.03,0.01,1.02,0.3,0.1,0.0,1.0,1.74,-14.65,True
1.03,0.01,1.02,0.3,0.1,0.25,0.75,1.87,-13.59,True
1.03,0.01,1.02,0.3,0.1,0.5,0.5,2.0,-12.49,True
1.03,0.01,1.02,0.3,0.1,0.75,0.25,2.13,-11.35,True
1.03,0.01,1.02,0.3,0.1,1.0,0.0,2.25,-10.17,True
1.03,0.01,1.02,0.3,0.2,0.0,1.0,3.83,-14.72,True
1.03,0.01,1.02,0.3,0.2,0.25,0.75,3.91,-14.16,True
1.03,0.01,1.02,0.3,0.2,0.5,0.5,3.98,-13.99,True
1.03,0.01,1.02,0.3,0.2,0.75,0.25,4.06,-13.84,True
1.03,0.01,1.02,0.3,0.2,1.0,0.0,4.14,-13.73,True
1.03,0.01,1.02,0.3,0.3,0.0,1.0,5.24,-18.59,True
1.03,0.01,1.02,0.3,0.3,0.25,0.75,5.3,-18.24,True
1.03,0.01,1.02,0.3,0.3,0.5,0.5,5.35,-17.91,True
1.03,0.01,1.02,0.3,0.3,0.75,0.25,5.41,-17.59,True
1.03,0.01,1.02,0.3,0.3,1.0,0.0,5.47,-17.28,True
1.03,0.01,1.02,0.4,0.0,0.0,1.0,-1.92,-29.24,True
1.03,0.01,1.02,0.4,0.0,0.25,0.75,-1.61,-26.88,True
1.03,0.01,1.02,0.4,0.0,0.5,0.5,-1.32,-24.48,True
1.03,0.01,1.02,0.4,0.0,0.75,0.25,-1.06,-22.04,True
1.03,0.01,1.02,0.4,0.0,1.0,0.0,-0.81,-19.55,True
1.03,0.01,1.02,0.4,0.1,0.0,1.0,1.63,-17.1,True
1.03,0.01,1.02,0.4,0.1,0.25,0.75,1.79,-15.85,True
1.03,0.01,1.02,0.4,0.1,0.5,0.5,1.94,-14.56,True
1.03,0.01,1.02,0.4,0.1,0.75,0.25,2.08,-13.22,True
1.03,0.01,1.02,0.4,0.1,1.0,0.0,2.22,-11.84,True
1.03,0.01,1.02,0.4,0.2,0.0,1.0,3.75,-16.6,True
1.03,0.01,1.02,0.4,0.2,0.25,0.75,3.83,-15.84,True
1.03,0.01,1.02,0.4,0.2,0.5,0.5,3.92,-15.07,True
1.03,0.01,1.02,0.4,0.2,0.75,0.25,4.02,-14.24,True
1.03,0.01,1.02,0.4,0.2,1.0,0.0,4.11,-13.97,True
1.03,0.01,1.02,0.4,0.3,0.0,1.0,5.23,-18.63,True
1.03,0.01,1.02,0.4,0.3,0.25,0.75,5.28,-18.27,True
1.03,0.01,1.02,0.4,0.3,0.5,0.5,5.34,-17.93,True
1.03,0.01,1.02,0.4,0.3,0.75,0.25,5.41,-17.6,True
1.03,0.01,1.02,0.4,0.3,1.0,0.0,5.47,-17.29,True
1.03,0.015,0.95,0.1,0.0,0.0,1.0,1.63,-18.37,True
1.03,0.015,0.95,0.1,0.0,0.25,0.75,1.71,-16.8,True
1.03,0.015,0.95,0.1,0.0,0.5,0.5,1.79,-15.22,True
1.03,0.015,0.95,0.1,0.0,0.75,0.25,1.86,-13.62,True
1.03,0.015,0.95,0.1,0.0,1.0,0.0,1.92,-12.0,True
1.03,0.015,0.95,0.1,0.1,0.0,1.0,3.77,-17.74,True
1.03,0.015,0.95,0.1,0.1,0.25,0.75,3.81,-16.17,True
1.03,0.015,0.95,0.1,0.1,0.5,0.5,3.85,-14.57,True
1.03,0.015,0.95,0.1,0.1,0.75,0.25,3.88,-12.97,True
1.03,0.015,0.95,0.1,0.1,1.0,0.0,3.91,-11.34,True
1.03,0.015,0.95,0.1,0.2,0.0,1.0,5.28,-17.16,True
1.03,0.015,0.95,0.1,0.2,0.25,0.75,5.3,-15.57,True
1.03,0.015,0.95,0.1,0.2,0.5,0.5,5.32,-13.97,True
1.03,0.015,0.95,0.1,0.2,0.75,0.25,5.33,-12.67,True
1.03,0.015,0.95,0.1,0.2,1.0,0.0,5.34,-11.66,True
1.03,0.015,0.95,0.1,0.3,0.0,1.0,6.22,-16.58,True
1.03,0.015,0.95,0.1,0.3,0.25,0.75,6.25,-15.16,True
1.03,0.015,0.95,0.1,0.3,0.5,0.5,6.27,-14.86,True
1.03,0.015,0.95,0.1,0.3,0.75,0.25,6.28,-14.67,True
1.03,0.015,0.95,0.1,0.3,1.0,0.0,6.29,-14.49,True
1.03,0.015,0.95,0.2,0.0,0.0,1.0,2.09,-31.69,True
1.03,0.015,0.95,0.2,0.0,0.25,0.75,2.27,-29.09,True
1.03,0.015,0.95,0.2,0.0,0.5,0.5,2.41,-26.43,True
1.03,0.015,0.95,0.2,0.0,0.75,0.25,2.53,-23.72,True
1.03,0.015,0.95,0.2,0.0,1.0,0.0,2.63,-20.95,True
1.03,0.015,0.95,0.2,0.1,0.0,1.0,3.86,-28.66,True
1.03,0.015,0.95,0.2,0.1,0.25,0.75,3.97,-26.19,True
1.03,0.015,0.95,0.2,0.1,0.5,0.5,4.07,-23.68,True
1.03,0.015,0.95,0.2,0.1,0.75,0.25,4.15,-21.13,True
1.03,0.015,0.95,0.2,0.1,1.0,0.0,4.21,-18.53,True
1.03,0.015,0.95,0.2,0.2,0.0,1.0,5.15,-25.44,True
1.03,0.015,0.95,0.2,0.2,0.25,0.75,5.24,-23.15,True
1.03,0.015,0.95,0.2,0.2,0.5,0.5,5.31,-20.82,True
1.03,0.015,0.95,0.2,0.2,0.75,0.25,5.37,-18.45,True
1.03,0.015,0.95,0.2,0.2,1.0,0.0,5.41,-16.05,True
1.03,0.015,0.95,0.2,0.3,0.0,1.0,6.1,-21.84,True
1.03,0.015,0.95,0.2,0.3,0.25,0.75,6.16,-19.75,True
1.03,0.015,0.95,0.2,0.3,0.5,0.5,6.22,-17.63,True
1.03,0.015,0.95,0.2,0.3,0.75,0.25,6.26,-15.49,True
1.03,0.015,0.95,0.2,0.3,1.0,0.0,6.29,-14.51,True
1.03,0.015,0.95,0.3,0.0,0.0,1.0,2.22,-33.91,True
1.03,0.015,0.95,0.3,0.0,0.25,0.75,2.44,-31.11,True
1.03,0.015,0.95,0.3,0.0,0.5,0.5,2.63,-28.26,True
1.03,0.015,0.95,0.3,0.0,0.75,0.25,2.77,-25.34,True
1.03,0.015,0.95,0.3,0.0,1.0,0.0,2.89,-22.36,True
1.03,0.015,0.95,0.3,0.1,0.0,1.0,3.89,-29.95,True
1.03,0.015,0.95,0.3,0.1,0.25,0.75,4.04,-27.37,True
1.03,0.015,0.95,0.3,0.1,0.5,0.5,4.17,-24.74,True
1.03,0.015,0.95,0.3,0.1,0.75,0.25,4.27,-22.06,True
1.03,0.015,0.95,0.3,0.1,1.0,0.0,4.35,-19.33,True
1.03,0.015,0.95,0.3,0.2,0.0,1.0,5.04,-25.85,True
1.03,0.015,0.95,0.3,0.2,0.25,0.75,5.15,-23.51,True
1.03,0.015,0.95,0.3,0.2,0.5,0.5,5.25,-21.13,True
1.03,0.015,0.95,0.3,0.2,0.75,0.25,5.33,-18.72,True
1.03,0.015,0.95,0.3,0.2,1.0,0.0,5.39,-16.26,True
1.03,0.015,0.95,0.3,0.3,0.0,1.0,5.95,-21.83,True
1.03,0.015,0.95,0.3,0.3,0.25,0.75,6.04,-19.73,True
1.03,0.015,0.95,0.3,0.3,0.5,0.5,6.11,-17.6,True
1.03,0.015,0.95,0.3,0.3,0.75,0.25,6.18,-15.45,True
1.03,0.015,0.95,0.3,0.3,1.0,0.0,6.23,-14.1,True
1.03,0.015,0.95,0.4,0.0,0.0,1.0,2.15,-34.07,True
1.03,0.015,0.95,0.4,0.0,0.25,0.75,2.41,-31.25,True
1.03,0.015,0.95,0.4,0.0,0.5,0.5,2.63,-28.38,True
1.03,0.015,0.95,0.4,0.0,0.75,0.25,2.81,-25.43,True
1.03,0.015,0.95,0.4,0.0,1.0,0.0,2.94,-22.42,True
1.03,0.015,0.95,0.4,0.1,0.0,1.0,3.71,-29.95,True
1.03,0.015,0.95,0.4,0.1,0.25,0.75,3.89,-27.37,True
1.03,0.015,0.95,0.4,0.1,0.5,0.5,4.05,-24.72,True
1.03,0.015,0.95,0.4,0.1,0.75,0.25,4.18,-22.03,True
1.03,0.015,0.95,0.4,0.1,1.0,0.0,4.28,-19.28,True
1.03,0.015,0.95,0.4,0.2,0.0,1.0,4.83,-25.97,True
1.03,0.015,0.95,0.4,0.2,0.25,0.75,4.97,-23.6,True
1.03,0.015,0.95,0.4,0.2,0.5,0.5,5.09,-21.19,True
1.03,0.015,0.95,0.4,0.2,0.75,0.25,5.2,-18.73,True
1.03,0.015,0.95,0.4,0.2,1.0,0.0,5.28,-16.24,True
1.03,0.015,0.95,0.4,0.3,0.0,1.0,5.67,-21.68,True
1.03,0.015,0.95,0.4,0.3,0.25,0.75,5.79,-19.57,True
1.03,0.015,0.95,0.4,0.3,0.5,0.5,5.89,-17.42,True
1.03,0.015,0.95,0.4,0.3,0.75,0.25,5.99,-15.5,True
1.03,0.015,0.95,0.4,0.3,1.0,0.0,6.07,-13.94,True
1.03,0.015,0.97,0.1,0.0,0.0,1.0,1.7,-17.79,True
1.03,0.015,0.97,0.1,0.0,0.25,0.75,1.72,-16.47,True
1.03,0.015,0.97,0.1,0.0,0.5,0.5,1.73,-15.05,True
1.03,0.015,0.97,0.1,0.0,0.75,0.25,1.72,-13.52,True
1.03,0.015,0.97,0.1,0.0,1.0,0.0,1.7,-11.85,True
1.03,0.015,0.97,0.1,0.1,0.0,1.0,3.65,-14.46,True
1.03,0.015,0.97,0.1,0.1,0.25,0.75,3.67,-13.26,True
1.03,0.015,0.97,0.1,0.1,0.5,0.5,3.68,-11.96,True
1.03,0.015,0.97,0.1,0.1,0.75,0.25,3.68,-10.56,True
1.03,0.015,0.97,0.1,0.1,1.0,0.0,3.68,-9.05,True
1.03,0.015,0.97,0.1,0.2,0.0,1.0,5.0,-12.33,True
1.03,0.015,0.97,0.1,0.2,0.25,0.75,5.02,-11.37,True
1.03,0.015,0.97,0.1,0.2,0.5,0.5,5.04,-10.84,True
1.03,0.015,0.97,0.1,0.2,0.75,0.25,5.05,-10.95,True
1.03,0.015,0.97,0.1,0.2,1.0,0.0,5.05,-11.1,True
1.03,0.015,0.97,0.1,0.3,0.0,1.0,5.9,-14.61,True
1.03,0.015,0.97,0.1,0.3,0.25,0.75,5.94,-14.51,True
1.03,0.015,0.97,0.1,0.3,0.5,0.5,5.97,-14.41,True
1.03,0.015,0.97,0.1,0.3,0.75,0.25,5.99,-14.33,True
1.03,0.015,0.97,0.1,0.3,1.0,0.0,6.0,-14.25,True
1.03,0.015,0.97,0.2,0.0,0.0,1.0,1.05,-21.02,True
1.03,0.015,0.97,0.2,0.0,0.25,0.75,1.23,-19.5,True
1.03,0.015,0.97,0.2,0.0,0.5,0.5,1.38,-17.87,True
1.03,0.015,0.97,0.2,0.0,0.75,0.25,1.5,-16.1,True
1.03,0.015,0.97,0.2,0.0,1.0,0.0,1.6,-14.17,True
1.03,0.015,0.97,0.2,0.1,0.0,1.0,3.05,-17.2,True
1.03,0.015,0.97,0.2,0.1,0.25,0.75,3.18,-15.88,True
1.03,0.015,0.97,0.2,0.1,0.5,0.5,3.3,-14.44,True
1.03,0.015,0.97,0.2,0.1,0.75,0.25,3.4,-12.88,True
1.03,0.015,0.97,0.2,0.1,1.0,0.0,3.47,-11.21,True
1.03,0.015,0.97,0.2,0.2,0.0,1.0,4.24,-14.09,True
1.03,0.015,0.97,0.2,0.2,0.25,0.75,4.38,-13.4,True
1.03,0.015,0.97,0.2,0.2,0.5,0.5,4.5,-13.0,True
1.03,0.015,0.97,0.2,0.2,0.75,0.25,4.62,-12.7,True
1.03,0.015,0.97,0.2,0.2,1.0,0.0,4.7,-12.53,True
1.03,0.015,0.97,0.2,0.3,0.0,1.0,5.24,-17.7,True
1.03,0.015,0.97,0.2,0.3,0.25,0.75,5.37,-17.23,True
1.03,0.015,0.97,0.2,0.3,0.5,0.5,5.5,-16.78,True
1.03,0.015,0.97,0.2,0.3,0.75,0.25,5.58,-16.39,True
1.03,0.015,0.97,0.2,0.3,1.0,0.0,5.65,-16.06,True
1.03,0.015,0.97,0.3,0.0,0.0,1.0,0.03,-24.18,True
1.03,0.015,0.97,0.3,0.0,0.25,0.75,0.35,-22.45,True
1.03,0.015,0.97,0.3,0.0,0.5,0.5,0.63,-20.6,True
1.03,0.015,0.97,0.3,0.0,0.75,0.25,0.89,-18.61,True
1.03,0.015,0.97,0.3,0.0,1.0,0.0,1.1,-16.45,True
1.03,0.015,0.97,0.3,0.1,0.0,1.0,2.17,-19.85,True
1.03,0.015,0.97,0.3,0.1,0.25,0.75,2.38,-18.4,True
1.03,0.015,0.97,0.3,0.1,0.5,0.5,2.59,-16.82,True
1.03,0.015,0.97,0.3,0.1,0.75,0.25,2.78,-15.11,True
1.03,0.015,0.97,0.3,0.1,1.0,0.0,2.96,-13.24,True
1.03,0.015,0.97,0.3,0.2,0.0,1.0,3.77,-16.9,True
1.03,0.015,0.97,0.3,0.2,0.25,0.75,3.93,-15.6,True
1.03,0.015,0.97,0.3,0.2,0.5,0.5,4.11,-15.03,True
1.03,0.015,0.97,0.3,0.2,0.75,0.25,4.27,-14.49,True
1.03,0.015,0.97,0.3,0.2,1.0,0.0,4.39,-14.02,True
1.03,0.015,0.97,0.3,0.3,0.0,1.0,5.13,-18.24,True
1.03,0.015,0.97,0.3,0.3,0.25,0.75,5.22,-17.87,True
1.03,0.015,0.97,0.3,0.3,0.5,0.5,5.31,-17.49,True
1.03,0.015,0.97,0.3,0.3,0.75,0.25,5.41,-17.11,True
1.03,0.015,0.97,0.3,0.3,1.0,0.0,5.5,-16.75,True
1.03,0.015,0.97,0.4,0.0,0.0,1.0,-0.83,-27.28,True
1.03,0.015,0.97,0.4,0.0,0.25,0.75,-0.41,-25.35,True
1.03,0.015,0.97,0.4,0.0,0.5,0.5,-0.02,-23.29,True
1.03,0.015,0.97,0.4,0.0,0.75,0.25,0.32,-21.09,True
1.03,0.015,0.97,0.4,0.0,1.0,0.0,0.63,-18.71,True
1.03,0.015,0.97,0.4,0.1,0.0,1.0,1.91,-22.27,True
1.03,0.015,0.97,0.4,0.1,0.25,0.75,2.13,-20.75,True
1.03,0.015,0.97,0.4,0.1,0.5,0.5,2.35,-19.08,True
1.03,0.015,0.97,0.4,0.1,0.75,0.25,2.56,-17.25,True
1.03,0.015,0.97,0.4,0.1,1.0,0.0,2.75,-15.24,True
1.03,0.015,0.97,0.4,0.2,0.0,1.0,3.69,-18.22,True
1.03,0.015,0.97,0.4,0.2,0.25,0.75,3.83,-16.41,True
1.03,0.015,0.97,0.4,0.2,0.5,0.5,3.97,-15.46,True
1.03,0.015,0.97,0.4,0.2,0.75,0.25,4.12,-14.95,True
1.03,0.015,0.97,0.4,0.2,1.0,0.0,4.26,-14.49,True
1.03,0.015,0.97,0.4,0.3,0.0,1.0,5.12,-18.3,True
1.03,0.015,0.97,0.4,0.3,0.25,0.75,5.2,-17.94,True
1.03,0.015,0.97,0.4,0.3,0.5,0.5,5.29,-17.57,True
1.03,0.015,0.97,0.4,0.3,0.75,0.25,5.39,-17.19,True
1.03,0.015,0.97,0.4,0.3,1.0,0.0,5.48,-16.84,True
1.03,0.015,0.99,0.1,0.0,0.0,1.0,0.68,-13.05,True
1.03,0.015,0.99,0.1,0.0,0.25,0.75,0.71,-11.76,True
1.03,0.015,0.99,0.1,0.0,0.5,0.5,0.73,-10.46,True
1.03,0.015,0.99,0.1,0.0,0.75,0.25,0.74,-9.14,True
1.03,0.015,0.99,0.1,0.0,1.0,0.0,0.75,-7.82,True
1.03,0.015,0.99,0.1,0.1,0.0,1.0,2.83,-9.43,True
1.03,0.015,0.99,0.1,0.1,0.25,0.75,2.85,-8.07,True
1.03,0.015,0.99,0.1,0.1,0.5,0.5,2.88,-7.06,True
1.03,0.015,0.99,0.1,0.1,0.75,0.25,2.9,-7.16,True
1.03,0.015,0.99,0.1,0.1,1.0,0.0,2.91,-7.27,True
1.03,0.015,0.99,0.1,0.2,0.0,1.0,4.36,-10.65,True
1.03,0.015,0.99,0.1,0.2,0.25,0.75,4.38,-10.77,True
1.03,0.015,0.99,0.1,0.2,0.5,0.5,4.4,-10.9,True
1.03,0.015,0.99,0.1,0.2,0.75,0.25,4.41,-11.04,True
1.03,0.015,0.99,0.1,0.2,1.0,0.0,4.43,-11.18,True
1.03,0.015,0.99,0.1,0.3,0.0,1.0,5.49,-13.14,True
1.03,0.015,0.99,0.1,0.3,0.25,0.75,5.51,-13.28,True
1.03,0.015,0.99,0.1,0.3,0.5,0.5,5.52,-13.43,True
1.03,0.015,0.99,0.1,0.3,0.75,0.25,5.54,-13.58,True
1.03,0.015,0.99,0.1,0.3,1.0,0.0,5.55,-13.74,True
1.03,0.015,0.99,0.2,0.0,0.0,1.0,0.94,-22.15,True
1.03,0.015,0.99,0.2,0.0,0.25,0.75,1.0,-19.99,True
1.03,0.015,0.99,0.2,0.0,0.5,0.5,1.06,-17.8,True
1.03,0.015,0.99,0.2,0.0,0.75,0.25,1.1,-15.57,True
1.03,0.015,0.99,0.2,0.0,1.0,0.0,1.14,-13.31,True
1.03,0.015,0.99,0.2,0.1,0.0,1.0,2.98,-19.36,True
1.03,0.015,0.99,0.2,0.1,0.25,0.75,3.03,-17.17,True
1.03,0.015,0.99,0.2,0.1,0.5,0.5,3.07,-14.95,True
1.03,0.015,0.99,0.2,0.1,0.75,0.25,3.11,-12.68,True
1.03,0.015,0.99,0.2,0.1,1.0,0.0,3.14,-10.38,True
1.03,0.015,0.99,0.2,0.2,0.0,1.0,4.56,-12.19,True
1.03,0.015,0.99,0.2,0.2,0.25,0.75,4.59,-10.42,True
1.03,0.015,0.99,0.2,0.2,0.5,0.5,4.61,-10.28,True
1.03,0.015,0.99,0.2,0.2,0.75,0.25,4.63,-10.44,True
1.03,0.015,0.99,0.2,0.2,1.0,0.0,4.65,-10.6,True
1.03,0.015,0.99,0.2,0.3,0.0,1.0,5.67,-13.32,True
1.03,0.015,0.99,0.2,0.3,0.25,0.75,5.69,-13.3,True
1.03,0.015,0.99,0.2,0.3,0.5,0.5,5.71,-13.3,True
1.03,0.015,0.99,0.2,0.3,0.75,0.25,5.73,-13.41,True
1.03,0.015,0.99,0.2,0.3,1.0,0.0,5.74,-13.53,True
1.03,0.015,0.99,0.3,0.0,0.0,1.0,0.61,-31.94,True
1.03,0.015,0.99,0.3,0.0,0.25,0.75,0.75,-29.06,True
1.03,0.015,0.99,0.3,0.0,0.5,0.5,0.87,-26.11,True
1.03,0.015,0.99,0.3,0.0,0.75,0.25,0.98,-23.08,True
1.03,0.015,0.99,0.3,0.0,1.0,0.0,1.07,-19.98,True
1.03,0.015,0.99,0.3,0.1,0.0,1.0,2.94,-19.93,True
1.03,0.015,0.99,0.3,0.1,0.25,0.75,3.01,-17.8,True
1.03,0.015,0.99,0.3,0.1,0.5,0.5,3.07,-15.57,True
1.03,0.015,0.99,0.3,0.1,0.75,0.25,3.13,-13.27,True
1.03,0.015,0.99,0.3,0.1,1.0,0.0,3.18,-10.88,True
1.03,0.015,0.99,0.3,0.2,0.0,1.0,4.44,-14.12,True
1.03,0.015,0.99,0.3,0.2,0.25,0.75,4.5,-12.97,True
1.03,0.015,0.99,0.3,0.2,0.5,0.5,4.55,-11.8,True
1.03,0.015,0.99,0.3,0.2,0.75,0.25,4.59,-10.91,True
1.03,0.015,0.99,0.3,0.2,1.0,0.0,4.62,-10.98,True
1.03,0.015,0.99,0.3,0.3,0.0,1.0,5.5,-14.12,True
1.03,0.015,0.99,0.3,0.3,0.25,0.75,5.56,-14.06,True
1.03,0.015,0.99,0.3,0.3,0.5,0.5,5.62,-14.04,True
1.03,0.015,0.99,0.3,0.3,0.75,0.25,5.67,-14.07,True
1.03,0.015,0.99,0.3,0.3,1.0,0.0,5.7,-14.1,True
1.03,0.015,0.99,0.4,0.0,0.0,1.0,0.36,-33.91,True
1.03,0.015,0.99,0.4,0.0,0.25,0.75,0.55,-30.9,True
1.03,0.015,0.99,0.4,0.0,0.5,0.5,0.72,-27.8,True
1.03,0.015,0.99,0.4,0.0,0.75,0.25,0.87,-24.61,True
1.03,0.015,0.99,0.4,0.0,1.0,0.0,1.0,-21.32,True
1.03,0.015,0.99,0.4,0.1,0.0,1.0,2.79,-21.42,True
1.03,0.015,0.99,0.4,0.1,0.25,0.75,2.9,-19.14,True
1.03,0.015,0.99,0.4,0.1,0.5,0.5,3.0,-16.76,True
1.03,0.015,0.99,0.4,0.1,0.75,0.25,3.09,-14.3,True
1.03,0.015,0.99,0.4,0.1,1.0,0.0,3.17,-11.77,True
1.03,0.015,0.99,0.4,0.2,0.0,1.0,4.3,-15.21,True
1.03,0.015,0.99,0.4,0.2,0.25,0.75,4.39,-13.96,True
1.03,0.015,0.99,0.4,0.2,0.5,0.5,4.47,-12.68,True
1.03,0.015,0.99,0.4,0.2,0.75,0.25,4.54,-11.38,True
1.03,0.015,0.99,0.4,0.2,1.0,0.0,4.61,-11.25,True
1.03,0.015,0.99,0.4,0.3,0.0,1.0,5.44,-14.33,True
1.03,0.015,0.99,0.4,0.3,0.25,0.75,5.5,-14.26,True
1.03,0.015,0.99,0.4,0.3,0.5,0.5,5.57,-14.22,True
1.03,0.015,0.99,0.4,0.3,0.75,0.25,5.62,-14.2,True
1.03,0.015,0.99,0.4,0.3,1.0,0.0,5.68,-14.2,True
1.03,0.015,1.0,0.1,0.0,0.0,1.0,0.09,-13.17,True
1.03,0.015,1.0,0.1,0.0,0.25,0.75,0.12,-12.08,True
1.03,0.015,1.0,0.1,0.0,0.5,0.5,0.15,-10.97,True
1.03,0.015,1.0,0.1,0.0,0.75,0.25,0.18,-9.86,True
1.03,0.015,1.0,0.1,0.0,1.0,0.0,0.2,-8.74,True
1.03,0.015,1.0,0.1,0.1,0.0,1.0,2.56,-9.49,True
1.03,0.015,1.0,0.1,0.1,0.25,0.75,2.57,-8.34,True
1.03,0.015,1.0,0.1,0.1,0.5,0.5,2.59,-7.78,True
1.03,0.015,1.0,0.1,0.1,0.75,0.25,2.6,-7.86,True
1.03,0.015,1.0,0.1,0.1,1.0,0.0,2.62,-7.93,True
1.03,0.015,1.0,0.1,0.2,0.0,1.0,4.14,-11.5,True
1.03,0.015,1.0,0.1,0.2,0.25,0.75,4.15,-11.59,True
1.03,0.015,1.0,0.1,0.2,0.5,0.5,4.17,-11.7,True
1.03,0.015,1.0,0.1,0.2,0.75,0.25,4.18,-11.8,True
1.03,0.015,1.0,0.1,0.2,1.0,0.0,4.2,-11.91,True
1.03,0.015,1.0,0.1,0.3,0.0,1.0,5.35,-15.31,True
1.03,0.015,1.0,0.1,0.3,0.25,0.75,5.37,-15.19,True
1.03,0.015,1.0,0.1,0.3,0.5,0.5,5.38,-15.07,True
1.03,0.015,1.0,0.1,0.3,0.75,0.25,5.4,-14.95,True
1.03,0.015,1.0,0.1,0.3,1.0,0.0,5.41,-14.83,True
1.03,0.015,1.0,0.2,0.0,0.0,1.0,0.27,-25.1,True
1.03,0.015,1.0,0.2,0.0,0.25,0.75,0.33,-23.12,True
1.03,0.015,1.0,0.2,0.0,0.5,0.5,0.39,-21.1,True
1.03,0.015,1.0,0.2,0.0,0.75,0.25,0.43,-19.05,True
1.03,0.015,1.0,0.2,0.0,1.0,0.0,0.47,-16.95,True
1.03,0.015,1.0,0.2,0.1,0.0,1.0,2.7,-20.97,True
1.03,0.015,1.0,0.2,0.1,0.25,0.75,2.74,-18.95,True
1.03,0.015,1.0,0.2,0.1,0.5,0.5,2.77,-16.89,True
1.03,0.015,1.0,0.2,0.1,0.75,0.25,2.8,-14.78,True
1.03,0.015,1.0,0.2,0.1,1.0,0.0,2.82,-12.64,True
1.03,0.015,1.0,0.2,0.2,0.0,1.0,4.31,-15.29,True
1.03,0.015,1.0,0.2,0.2,0.25,0.75,4.34,-13.46,True
1.03,0.015,1.0,0.2,0.2,0.5,0.5,4.36,-11.6,True
1.03,0.015,1.0,0.2,0.2,0.75,0.25,4.38,-11.05,True
1.03,0.015,1.0,0.2,0.2,1.0,0.0,4.39,-11.21,True
1.03,0.015,1.0,0.2,0.3,0.0,1.0,5.47,-15.38,True
1.03,0.015,1.0,0.2,0.3,0.25,0.75,5.49,-15.24,True
1.03,0.015,1.0,0.2,0.3,0.5,0.5,5.51,-15.09,True
1.03,0.015,1.0,0.2,0.3,0.75,0.25,5.53,-14.95,True
1.03,0.015,1.0,0.2,0.3,1.0,0.0,5.54,-14.8,True
1.03,0.015,1.0,0.3,0.0,0.0,1.0,0.33,-34.4,True
1.03,0.015,1.0,0.3,0.0,0.25,0.75,0.42,-31.78,True
1.03,0.015,1.0,0.3,0.0,0.5,0.5,0.5,-29.09,True
1.03,0.015,1.0,0.3,0.0,0.75,0.25,0.57,-26.33,True
1.03,0.015,1.0,0.3,0.0,1.0,0.0,0.63,-23.5,True
1.03,0.015,1.0,0.3,0.1,0.0,1.0,2.65,-25.17,True
1.03,0.015,1.0,0.3,0.1,0.25,0.75,2.72,-22.83,True
1.03,0.015,1.0,0.3,0.1,0.5,0.5,2.77,-20.46,True
1.03,0.015,1.0,0.3,0.1,0.75,0.25,2.81,-18.02,True
1.03,0.015,1.0,0.3,0.1,1.0,0.0,2.85,-15.52,True
1.03,0.015,1.0,0.3,0.2,0.0,1.0,4.22,-17.26,True
1.03,0.015,1.0,0.3,0.2,0.25,0.75,4.27,-15.33,True
1.03,0.015,1.0,0.3,0.2,0.5,0.5,4.33,-13.34,True
1.03,0.015,1.0,0.3,0.2,0.75,0.25,4.37,-11.32,True
1.03,0.015,1.0,0.3,0.2,1.0,0.0,4.39,-11.35,True
1.03,0.015,1.0,0.3,0.3,0.0,1.0,5.37,-14.58,True
1.03,0.015,1.0,0.3,0.3,0.25,0.75,5.43,-14.52,True
1.03,0.015,1.0,0.3,0.3,0.5,0.5,5.48,-14.46,True
1.03,0.015,1.0,0.3,0.3,0.75,0.25,5.52,-14.41,True
1.03,0.015,1.0,0.3,0.3,1.0,0.0,5.56,-14.35,True
1.03,0.015,1.0,0.4,0.0,0.0,1.0,0.16,-38.32,True
1.03,0.015,1.0,0.4,0.0,0.25,0.75,0.3,-35.46,True
1.03,0.015,1.0,0.4,0.0,0.5,0.5,0.42,-32.5,True
1.03,0.015,1.0,0.4,0.0,0.75,0.25,0.52,-29.46,True
1.03,0.015,1.0,0.4,0.0,1.0,0.0,0.6,-26.32,True
1.03,0.015,1.0,0.4,0.1,0.0,1.0,2.56,-27.33,True
1.03,0.015,1.0,0.4,0.1,0.25,0.75,2.65,-24.86,True
1.03,0.015,1.0,0.4,0.1,0.5,0.5,2.74,-22.32,True
1.03,0.015,1.0,0.4,0.1,0.75,0.25,2.81,-19.69,True
1.03,0.015,1.0,0.4,0.1,1.0,0.0,2.88,-16.98,True
1.03,0.015,1.0,0.4,0.2,0.0,1.0,4.16,-18.22,True
1.03,0.015,1.0,0.4,0.2,0.25,0.75,4.23,-16.5,True
1.03,0.015,1.0,0.4,0.2,0.5,0.5,4.3,-14.6,True
1.03,0.015,1.0,0.4,0.2,0.75,0.25,4.36,-12.55,True
1.03,0.015,1.0,0.4,0.2,1.0,0.0,4.41,-11.34,True
1.03,0.015,1.0,0.4,0.3,0.0,1.0,5.39,-14.12,True
1.03,0.015,1.0,0.4,0.3,0.25,0.75,5.44,-14.01,True
1.03,0.015,1.0,0.4,0.3,0.5,0.5,5.49,-14.05,True
1.03,0.015,1.0,0.4,0.3,0.75,0.25,5.54,-14.11,True
1.03,0.015,1.0,0.4,0.3,1.0,0.0,5.58,-14.2,True
1.03,0.015,1.01,0.1,0.0,0.0,1.0,-0.11,-8.13,True
1.03,0.015,1.01,0.1,0.0,0.25,0.75,-0.09,-7.41,True
1.03,0.015,1.01,0.1,0.0,0.5,0.5,-0.06,-6.68,True
1.03,0.015,1.01,0.1,0.0,0.75,0.25,-0.04,-5.95,True
1.03,0.015,1.01,0.1,0.0,1.0,0.0,-0.02,-5.22,True
1.03,0.015,1.01,0.1,0.1,0.0,1.0,2.46,-8.23,True
1.03,0.015,1.01,0.1,0.1,0.25,0.75,2.47,-8.28,True
1.03,0.015,1.01,0.1,0.1,0.5,0.5,2.48,-8.33,True
1.03,0.015,1.01,0.1,0.1,0.75,0.25,2.49,-8.39,True
1.03,0.015,1.01,0.1,0.1,1.0,0.0,2.5,-8.44,True
1.03,0.015,1.01,0.1,0.2,0.0,1.0,4.07,-12.23,True
1.03,0.015,1.01,0.1,0.2,0.25,0.75,4.09,-12.3,True
1.03,0.015,1.01,0.1,0.2,0.5,0.5,4.09,-12.37,True
1.03,0.015,1.01,0.1,0.2,0.75,0.25,4.1,-12.45,True
1.03,0.015,1.01,0.1,0.2,1.0,0.0,4.11,-12.53,True
1.03,0.015,1.01,0.1,0.3,0.0,1.0,5.27,-15.27,True
1.03,0.015,1.01,0.1,0.3,0.25,0.75,5.28,-15.18,True
1.03,0.015,1.01,0.1,0.3,0.5,0.5,5.3,-15.09,True
1.03,0.015,1.01,0.1,0.3,0.75,0.25,5.31,-15.0,True
1.03,0.015,1.01,0.1,0.3,1.0,0.0,5.32,-15.0,True
1.03,0.015,1.01,0.2,0.0,0.0,1.0,-0.09,-15.78,True
1.03,0.015,1.01,0.2,0.0,0.25,0.75,-0.04,-14.42,True
1.03,0.015,1.01,0.2,0.0,0.5,0.5,0.0,-13.05,True
1.03,0.015,1.01,0.2,0.0,0.75,0.25,0.04,-11.66,True
1.03,0.015,1.01,0.2,0.0,1.0,0.0,0.07,-10.25,True
1.03,0.015,1.01,0.2,0.1,0.0,1.0,2.44,-12.25,True
1.03,0.015,1.01,0.2,0.1,0.25,0.75,2.47,-11.31,True
1.03,0.015,1.01,0.2,0.1,0.5,0.5,2.5,-10.34,True
1.03,0.015,1.01,0.2,0.1,0.75,0.25,2.52,-9.34,True
1.03,0.015,1.01,0.2,0.1,1.0,0.0,2.54,-8.31,True
1.03,0.015,1.01,0.2,0.2,0.0,1.0,4.05,-12.46,True
1.03,0.015,1.01,0.2,0.2,0.25,0.75,4.08,-12.16,True
1.03,0.015,1.01,0.2,0.2,0.5,0.5,4.11,-12.2,True
1.03,0.015,1.01,0.2,0.2,0.75,0.25,4.13,-12.27,True
1.03,0.015,1.01,0.2,0.2,1.0,0.0,4.15,-12.36,True
1.03,0.015,1.01,0.2,0.3,0.0,1.0,5.22,-16.17,True
1.03,0.015,1.01,0.2,0.3,0.25,0.75,5.25,-15.99,True
1.03,0.015,1.01,0.2,0.3,0.5,0.5,5.27,-15.81,True
1.03,0.015,1.01,0.2,0.3,0.75,0.25,5.3,-15.64,True
1.03,0.015,1.01,0.2,0.3,1.0,0.0,5.32,-15.46,True
1.03,0.015,1.01,0.3,0.0,0.0,1.0,-0.29,-22.99,True
1.03,0.015,1.01,0.3,0.0,0.25,0.75,-0.19,-21.07,True
1.03,0.015,1.01,0.3,0.0,0.5,0.5,-0.11,-19.11,True
1.03,0.015,1.01,0.3,0.0,0.75,0.25,-0.04,-17.12,True
1.03,0.015,1.01,0.3,0.0,1.0,0.0,0.02,-15.1,True
1.03,0.015,1.01,0.3,0.1,0.0,1.0,2.11,-15.34,True
1.03,0.015,1.01,0.3,0.1,0.25,0.75,2.2,-13.96,True
1.03,0.015,1.01,0.3,0.1,0.5,0.5,2.27,-12.77,True
1.03,0.015,1.01,0.3,0.1,0.75,0.25,2.33,-11.54,True
1.03,0.015,1.01,0.3,0.1,1.0,0.0,2.39,-10.26,True
1.03,0.015,1.01,0.3,0.2,0.0,1.0,3.79,-14.84,True
1.03,0.015,1.01,0.3,0.2,0.25,0.75,3.86,-13.78,True
1.03,0.015,1.01,0.3,0.2,0.5,0.5,3.93,-12.99,True
1.03,0.015,1.01,0.3,0.2,0.75,0.25,3.98,-12.95,True
1.03,0.015,1.01,0.3,0.2,1.0,0.0,4.02,-12.91,True
1.03,0.015,1.01,0.3,0.3,0.0,1.0,5.1,-16.31,True
1.03,0.015,1.01,0.3,0.3,0.25,0.75,5.15,-16.19,True
1.03,0.015,1.01,0.3,0.3,0.5,0.5,5.2,-16.09,True
1.03,0.015,1.01,0.3,0.3,0.75,0.25,5.25,-16.01,True
1.03,0.015,1.01,0.3,0.3,1.0,0.0,5.29,-15.94,True
1.03,0.015,1.01,0.4,0.0,0.0,1.0,-0.8,-27.51,True
1.03,0.015,1.01,0.4,0.0,0.25,0.75,-0.64,-25.25,True
1.03,0.015,1.01,0.4,0.0,0.5,0.5,-0.5,-22.95,True
1.03,0.015,1.01,0.4,0.0,0.75,0.25,-0.37,-20.59,True
1.03,0.015,1.01,0.4,0.0,1.0,0.0,-0.25,-18.19,True
1.03,0.015,1.01,0.4,0.1,0.0,1.0,1.82,-17.31,True
1.03,0.015,1.01,0.4,0.1,0.25,0.75,1.94,-15.98,True
1.03,0.015,1.01,0.4,0.1,0.5,0.5,2.06,-14.61,True
1.03,0.015,1.01,0.4,0.1,0.75,0.25,2.16,-13.19,True
1.03,0.015,1.01,0.4,0.1,1.0,0.0,2.26,-11.72,True
1.03,0.015,1.01,0.4,0.2,0.0,1.0,3.68,-16.52,True
1.03,0.015,1.01,0.4,0.2,0.25,0.75,3.76,-15.32,True
1.03,0.015,1.01,0.4,0.2,0.5,0.5,3.83,-14.08,True
1.03,0.015,1.01,0.4,0.2,0.75,0.25,3.91,-13.43,True
1.03,0.015,1.01,0.4,0.2,1.0,0.0,3.98,-13.35,True
1.03,0.015,1.01,0.4,0.3,0.0,1.0,5.11,-16.28,True
1.03,0.015,1.01,0.4,0.3,0.25,0.75,5.15,-16.16,True
1.03,0.015,1.01,0.4,0.3,0.5,0.5,5.2,-16.06,True
1.03,0.015,1.01,0.4,0.3,0.75,0.25,5.25,-15.98,True
1.03,0.015,1.01,0.4,0.3,1.0,0.0,5.3,-15.92,True
1.03,0.015,1.02,0.1,0.0,0.0,1.0,0.6,-7.36,True
1.03,0.015,1.02,0.1,0.0,0.25,0.75,0.57,-6.73,True
1.03,0.015,1.02,0.1,0.0,0.5,0.5,0.53,-6.1,True
1.03,0.015,1.02,0.1,0.0,0.75,0.25,0.49,-5.47,True
1.03,0.015,1.02,0.1,0.0,1.0,0.0,0.44,-4.84,True
1.03,0.015,1.02,0.1,0.1,0.0,1.0,3.0,-7.56,True
1.03,0.015,1.02,0.1,0.1,0.25,0.75,2.96,-7.65,True
1.03,0.015,1.02,0.1,0.1,0.5,0.5,2.92,-7.75,True
1.03,0.015,1.02,0.1,0.1,0.75,0.25,2.88,-7.85,True
1.03,0.015,1.02,0.1,0.1,1.0,0.0,2.84,-7.95,True
1.03,0.015,1.02,0.1,0.2,0.0,1.0,4.56,-11.36,True
1.03,0.015,1.02,0.1,0.2,0.25,0.75,4.53,-11.49,True
1.03,0.015,1.02,0.1,0.2,0.5,0.5,4.49,-11.62,True
1.03,0.015,1.02,0.1,0.2,0.75,0.25,4.46,-11.76,True
1.03,0.015,1.02,0.1,0.2,1.0,0.0,4.42,-11.9,True
1.03,0.015,1.02,0.1,0.3,0.0,1.0,5.74,-14.76,True
1.03,0.015,1.02,0.1,0.3,0.25,0.75,5.71,-14.7,True
1.03,0.015,1.02,0.1,0.3,0.5,0.5,5.67,-14.65,True
1.03,0.015,1.02,0.1,0.3,0.75,0.25,5.64,-14.59,True
1.03,0.015,1.02,0.1,0.3,1.0,0.0,5.6,-14.54,True
1.03,0.015,1.02,0.2,0.0,0.0,1.0,1.28,-14.42,True
1.03,0.015,1.02,0.2,0.0,0.25,0.75,1.21,-13.22,True
1.03,0.015,1.02,0.2,0.0,0.5,0.5,1.13,-12.01,True
1.03,0.015,1.02,0.2,0.0,0.75,0.25,1.05,-10.78,True
1.03,0.015,1.02,0.2,0.0,1.0,0.0,0.96,-9.55,True
1.03,0.015,1.02,0.2,0.1,0.0,1.0,3.47,-11.29,True
1.03,0.015,1.02,0.2,0.1,0.25,0.75,3.42,-9.97,True
1.03,0.015,1.02,0.2,0.1,0.5,0.5,3.36,-8.65,True
1.03,0.015,1.02,0.2,0.1,0.75,0.25,3.29,-7.31,True
1.03,0.015,1.02,0.2,0.1,1.0,0.0,3.21,-7.24,True
1.03,0.015,1.02,0.2,0.2,0.0,1.0,4.87,-10.71,True
1.03,0.015,1.02,0.2,0.2,0.25,0.75,4.84,-10.69,True
1.03,0.015,1.02,0.2,0.2,0.5,0.5,4.81,-10.74,True
1.03,0.015,1.02,0.2,0.2,0.75,0.25,4.77,-10.99,True
1.03,0.015,1.02,0.2,0.2,1.0,0.0,4.71,-11.2,True
1.03,0.015,1.02,0.2,0.3,0.0,1.0,5.88,-15.08,True
1.03,0.015,1.02,0.2,0.3,0.25,0.75,5.87,-15.05,True
1.03,0.015,1.02,0.2,0.3,0.5,0.5,5.86,-15.02,True
1.03,0.015,1.02,0.2,0.3,0.75,0.25,5.84,-15.0,True
1.03,0.015,1.02,0.2,0.3,1.0,0.0,5.8,-14.9,True
1.03,0.015,1.02,0.3,0.0,0.0,1.0,1.57,-21.19,True
1.03,0.015,1.02,0.3,0.0,0.25,0.75,1.49,-19.46,True
1.03,0.015,1.02,0.3,0.0,0.5,0.5,1.41,-17.71,True
1.03,0.015,1.02,0.3,0.0,0.75,0.25,1.32,-15.94,True
1.03,0.015,1.02,0.3,0.0,1.0,0.0,1.22,-14.14,True
1.03,0.015,1.02,0.3,0.1,0.0,1.0,3.45,-15.13,True
1.03,0.015,1.02,0.3,0.1,0.25,0.75,3.42,-13.4,True
1.03,0.015,1.02,0.3,0.1,0.5,0.5,3.39,-11.66,True
1.03,0.015,1.02,0.3,0.1,0.75,0.25,3.34,-9.9,True
1.03,0.015,1.02,0.3,0.1,1.0,0.0,3.29,-8.22,True
1.03,0.015,1.02,0.3,0.2,0.0,1.0,4.76,-12.75,True
1.03,0.015,1.02,0.3,0.2,0.25,0.75,4.76,-12.2,True
1.03,0.015,1.02,0.3,0.2,0.5,0.5,4.75,-11.65,True
1.03,0.015,1.02,0.3,0.2,0.75,0.25,4.73,-11.1,True
1.03,0.015,1.02,0.3,0.2,1.0,0.0,4.71,-11.33,True
1.03,0.015,1.02,0.3,0.3,0.0,1.0,5.84,-14.91,True
1.03,0.015,1.02,0.3,0.3,0.25,0.75,5.85,-14.89,True
1.03,0.015,1.02,0.3,0.3,0.5,0.5,5.84,-14.87,True
1.03,0.015,1.02,0.3,0.3,0.75,0.25,5.84,-14.85,True
1.03,0.015,1.02,0.3,0.3,1.0,0.0,5.82,-14.83,True
1.03,0.015,1.02,0.4,0.0,0.0,1.0,1.41,-24.68,True
1.03,0.015,1.02,0.4,0.0,0.25,0.75,1.37,-22.67,True
1.03,0.015,1.02,0.4,0.0,0.5,0.5,1.32,-20.63,True
1.03,0.015,1.02,0.4,0.0,0.75,0.25,1.26,-18.57,True
1.03,0.015,1.02,0.4,0.0,1.0,0.0,1.18,-16.47,True
1.03,0.015,1.02,0.4,0.1,0.0,1.0,3.32,-15.94,True
1.03,0.015,1.02,0.4,0.1,0.25,0.75,3.32,-14.12,True
1.03,0.015,1.02,0.4,0.1,0.5,0.5,3.31,-12.28,True
1.03,0.015,1.02,0.4,0.1,0.75,0.25,3.29,-10.55,True
1.03,0.015,1.02,0.4,0.1,1.0,0.0,3.26,-9.81,True
1.03,0.015,1.02,0.4,0.2,0.0,1.0,4.77,-15.08,True
1.03,0.015,1.02,0.4,0.2,0.25,0.75,4.77,-14.34,True
1.03,0.015,1.02,0.4,0.2,0.5,0.5,4.77,-13.6,True
1.03,0.015,1.02,0.4,0.2,0.75,0.25,4.75,-12.85,True
1.03,0.015,1.02,0.4,0.2,1.0,0.0,4.73,-12.11,True
1.03,0.015,1.02,0.4,0.3,0.0,1.0,5.85,-15.86,True
1.03,0.015,1.02,0.4,0.3,0.25,0.75,5.86,-15.18,True
1.03,0.015,1.02,0.4,0.3,0.5,0.5,5.86,-14.64,True
1.03,0.015,1.02,0.4,0.3,0.75,0.25,5.85,-14.63,True
1.03,0.015,1.02,0.4,0.3,1.0,0.0,5.84,-14.63,True
1.03,0.02,0.95,0.1,0.0,0.0,1.0,0.51,-15.5,True
1.03,0.02,0.95,0.1,0.0,0.25,0.75,0.58,-13.86,True
1.03,0.02,0.95,0.1,0.0,0.5,0.5,0.66,-12.18,True
1.03,0.02,0.95,0.1,0.0,0.75,0.25,0.72,-10.47,True
1.03,0.02,0.95,0.1,0.0,1.0,0.0,0.78,-8.72,True
1.03,0.02,0.95,0.1,0.1,0.0,1.0,2.69,-12.02,True
1.03,0.02,0.95,0.1,0.1,0.25,0.75,2.73,-10.53,True
1.03,0.02,0.95,0.1,0.1,0.5,0.5,2.77,-9.01,True
1.03,0.02,0.95,0.1,0.1,0.75,0.25,2.8,-7.44,True
1.03,0.02,0.95,0.1,0.1,1.0,0.0,2.83,-6.94,True
1.03,0.02,0.95,0.1,0.2,0.0,1.0,4.35,-10.12,True
1.03,0.02,0.95,0.1,0.2,0.25,0.75,4.36,-10.24,True
1.03,0.02,0.95,0.1,0.2,0.5,0.5,4.36,-10.37,True
1.03,0.02,0.95,0.1,0.2,0.75,0.25,4.37,-10.5,True
1.03,0.02,0.95,0.1,0.2,1.0,0.0,4.37,-10.63,True
1.03,0.02,0.95,0.1,0.3,0.0,1.0,5.66,-13.62,True
1.03,0.02,0.95,0.1,0.3,0.25,0.75,5.64,-13.54,True
1.03,0.02,0.95,0.1,0.3,0.5,0.5,5.63,-13.46,True
1.03,0.02,0.95,0.1,0.3,0.75,0.25,5.6,-13.38,True
1.03,0.02,0.95,0.1,0.3,1.0,0.0,5.58,-13.3,True
1.03,0.02,0.95,0.2,0.0,0.0,1.0,3.37,-15.13,True
1.03,0.02,0.95,0.2,0.0,0.25,0.75,3.29,-13.93,True
1.03,0.02,0.95,0.2,0.0,0.5,0.5,3.18,-12.61,True
1.03,0.02,0.95,0.2,0.0,0.75,0.25,3.07,-11.17,True
1.03,0.02,0.95,0.2,0.0,1.0,0.0,2.95,-9.58,True
1.03,0.02,0.95,0.2,0.1,0.0,1.0,4.75,-12.52,True
1.03,0.02,0.95,0.2,0.1,0.25,0.75,4.68,-11.38,True
1.03,0.02,0.95,0.2,0.1,0.5,0.5,4.6,-10.15,True
1.03,0.02,0.95,0.2,0.1,0.75,0.25,4.5,-8.8,True
1.03,0.02,0.95,0.2,0.1,1.0,0.0,4.4,-7.32,True
1.03,0.02,0.95,0.2,0.2,0.0,1.0,5.87,-11.41,True
1.03,0.02,0.95,0.2,0.2,0.25,0.75,5.8,-10.75,True
1.03,0.02,0.95,0.2,0.2,0.5,0.5,5.72,-10.08,True
1.03,0.02,0.95,0.2,0.2,0.75,0.25,5.64,-9.64,True
1.03,0.02,0.95,0.2,0.2,1.0,0.0,5.54,-9.54,True
1.03,0.02,0.95,0.2,0.3,0.0,1.0,6.76,-14.1,True
1.03,0.02,0.95,0.2,0.3,0.25,0.75,6.7,-13.99,True
1.03,0.02,0.95,0.2,0.3,0.5,0.5,6.63,-13.89,True
1.03,0.02,0.95,0.2,0.3,0.75,0.25,6.55,-13.78,True
1.03,0.02,0.95,0.2,0.3,1.0,0.0,6.47,-13.68,True
1.03,0.02,0.95,0.3,0.0,0.0,1.0,4.43,-18.16,True
1.03,0.02,0.95,0.3,0.0,0.25,0.75,4.31,-16.66,True
1.03,0.02,0.95,0.3,0.0,0.5,0.5,4.18,-15.14,True
1.03,0.02,0.95,0.3,0.0,0.75,0.25,4.02,-13.62,True
1.03,0.02,0.95,0.3,0.0,1.0,0.0,3.85,-12.08,True
1.03,0.02,0.95,0.3,0.1,0.0,1.0,5.62,-15.11,True
1.03,0.02,0.95,0.3,0.1,0.25,0.75,5.52,-13.51,True
1.03,0.02,0.95,0.3,0.1,0.5,0.5,5.41,-11.9,True
1.03,0.02,0.95,0.3,0.1,0.75,0.25,5.28,-10.28,True
1.03,0.02,0.95,0.3,0.1,1.0,0.0,5.14,-8.91,True
1.03,0.02,0.95,0.3,0.2,0.0,1.0,6.48,-13.95,True
1.03,0.02,0.95,0.3,0.2,0.25,0.75,6.4,-13.05,True
1.03,0.02,0.95,0.3,0.2,0.5,0.5,6.31,-12.13,True
1.03,0.02,0.95,0.3,0.2,0.75,0.25,6.2,-11.19,True
1.03,0.02,0.95,0.3,0.2,1.0,0.0,6.07,-10.21,True
1.03,0.02,0.95,0.3,0.3,0.0,1.0,6.96,-14.69,True
1.03,0.02,0.95,0.3,0.3,0.25,0.75,6.9,-14.51,True
1.03,0.02,0.95,0.3,0.3,0.5,0.5,6.83,-14.33,True
1.03,0.02,0.95,0.3,0.3,0.75,0.25,6.75,-14.16,True
1.03,0.02,0.95,0.3,0.3,1.0,0.0,6.65,-14.0,True
1.03,0.02,0.95,0.4,0.0,0.0,1.0,4.98,-20.44,True
1.03,0.02,0.95,0.4,0.0,0.25,0.75,4.87,-18.74,True
1.03,0.02,0.95,0.4,0.0,0.5,0.5,4.73,-17.02,True
1.03,0.02,0.95,0.4,0.0,0.75,0.25,4.57,-15.29,True
1.03,0.02,0.95,0.4,0.0,1.0,0.0,4.38,-13.54,True
1.03,0.02,0.95,0.4,0.1,0.0,1.0,5.96,-16.9,True
1.03,0.02,0.95,0.4,0.1,0.25,0.75,5.88,-15.18,True
1.03,0.02,0.95,0.4,0.1,0.5,0.5,5.77,-13.44,True
1.03,0.02,0.95,0.4,0.1,0.75,0.25,5.64,-11.68,True
1.03,0.02,0.95,0.4,0.1,1.0,0.0,5.48,-10.32,True
1.03,0.02,0.95,0.4,0.2,0.0,1.0,6.37,-14.82,True
1.03,0.02,0.95,0.4,0.2,0.25,0.75,6.31,-13.8,True
1.03,0.02,0.95,0.4,0.2,0.5,0.5,6.24,-12.74,True
1.03,0.02,0.95,0.4,0.2,0.75,0.25,6.14,-11.65,True
1.03,0.02,0.95,0.4,0.2,1.0,0.0,6.03,-10.53,True
1.03,0.02,0.95,0.4,0.3,0.0,1.0,6.6,-14.66,True
1.03,0.02,0.95,0.4,0.3,0.25,0.75,6.59,-14.48,True
1.03,0.02,0.95,0.4,0.3,0.5,0.5,6.56,-14.3,True
1.03,0.02,0.95,0.4,0.3,0.75,0.25,6.52,-14.12,True
1.03,0.02,0.95,0.4,0.3,1.0,0.0,6.46,-13.95,True
1.03,0.02,0.97,0.1,0.0,0.0,1.0,0.45,-11.78,True
1.03,0.02,0.97,0.1,0.0,0.25,0.75,0.47,-10.74,True
1.03,0.02,0.97,0.1,0.0,0.5,0.5,0.48,-9.65,True
1.03,0.02,0.97,0.1,0.0,0.75,0.25,0.49,-8.51,True
1.03,0.02,0.97,0.1,0.0,1.0,0.0,0.5,-7.31,True
1.03,0.02,0.97,0.1,0.1,0.0,1.0,2.58,-10.24,True
1.03,0.02,0.97,0.1,0.1,0.25,0.75,2.59,-9.23,True
1.03,0.02,0.97,0.1,0.1,0.5,0.5,2.59,-8.16,True
1.03,0.02,0.97,0.1,0.1,0.75,0.25,2.58,-7.52,True
1.03,0.02,0.97,0.1,0.1,1.0,0.0,2.58,-7.55,True
1.03,0.02,0.97,0.1,0.2,0.0,1.0,4.19,-11.16,True
1.03,0.02,0.97,0.1,0.2,0.25,0.75,4.17,-11.23,True
1.03,0.02,0.97,0.1,0.2,0.5,0.5,4.15,-11.31,True
1.03,0.02,0.97,0.1,0.2,0.75,0.25,4.13,-11.39,True
1.03,0.02,0.97,0.1,0.2,1.0,0.0,4.11,-11.48,True
1.03,0.02,0.97,0.1,0.3,0.0,1.0,5.35,-14.2,True
1.03,0.02,0.97,0.1,0.3,0.25,0.75,5.34,-14.05,True
1.03,0.02,0.97,0.1,0.3,0.5,0.5,5.33,-13.91,True
1.03,0.02,0.97,0.1,0.3,0.75,0.25,5.31,-13.83,True
1.03,0.02,0.97,0.1,0.3,1.0,0.0,5.29,-13.92,True
1.03,0.02,0.97,0.2,0.0,0.0,1.0,1.03,-16.34,True
1.03,0.02,0.97,0.2,0.0,0.25,0.75,1.08,-15.12,True
1.03,0.02,0.97,0.2,0.0,0.5,0.5,1.11,-13.8,True
1.03,0.02,0.97,0.2,0.0,0.75,0.25,1.13,-12.37,True
1.03,0.02,0.97,0.2,0.0,1.0,0.0,1.13,-11.13,True
1.03,0.02,0.97,0.2,0.1,0.0,1.0,2.92,-13.46,True
1.03,0.02,0.97,0.2,0.1,0.25,0.75,2.97,-12.44,True
1.03,0.02,0.97,0.2,0.1,0.5,0.5,3.0,-11.42,True
1.03,0.02,0.97,0.2,0.1,0.75,0.25,3.03,-10.4,True
1.03,0.02,0.97,0.2,0.1,1.0,0.0,3.04,-9.37,True
1.03,0.02,0.97,0.2,0.2,0.0,1.0,4.41,-12.73,True
1.03,0.02,0.97,0.2,0.2,0.25,0.75,4.44,-11.8,True
1.03,0.02,0.97,0.2,0.2,0.5,0.5,4.46,-10.86,True
1.03,0.02,0.97,0.2,0.2,0.75,0.25,4.48,-10.84,True
1.03,0.02,0.97,0.2,0.2,1.0,0.0,4.48,-10.98,True
1.03,0.02,0.97,0.2,0.3,0.0,1.0,5.36,-14.61,True
1.03,0.02,0.97,0.2,0.3,0.25,0.75,5.41,-14.49,True
1.03,0.02,0.97,0.2,0.3,0.5,0.5,5.45,-14.37,True
1.03,0.02,0.97,0.2,0.3,0.75,0.25,5.49,-14.26,True
1.03,0.02,0.97,0.2,0.3,1.0,0.0,5.51,-14.15,True
1.03,0.02,0.97,0.3,0.0,0.0,1.0,0.67,-22.69,True
1.03,0.02,0.97,0.3,0.0,0.25,0.75,0.81,-20.95,True
1.03,0.02,0.97,0.3,0.0,0.5,0.5,0.92,-19.21,True
1.03,0.02,0.97,0.3,0.0,0.75,0.25,1.01,-17.47,True
1.03,0.02,0.97,0.3,0.0,1.0,0.0,1.08,-15.73,True
1.03,0.02,0.97,0.3,0.1,0.0,1.0,3.02,-16.89,True
1.03,0.02,0.97,0.3,0.1,0.25,0.75,3.09,-15.44,True
1.03,0.02,0.97,0.3,0.1,0.5,0.5,3.14,-13.98,True
1.03,0.02,0.97,0.3,0.1,0.75,0.25,3.18,-12.5,True
1.03,0.02,0.97,0.3,0.1,1.0,0.0,3.21,-11.0,True
1.03,0.02,0.97,0.3,0.2,0.0,1.0,4.16,-12.43,True
1.03,0.02,0.97,0.3,0.2,0.25,0.75,4.26,-11.57,True
1.03,0.02,0.97,0.3,0.2,0.5,0.5,4.34,-11.03,True
1.03,0.02,0.97,0.3,0.2,0.75,0.25,4.41,-10.99,True
1.03,0.02,0.97,0.3,0.2,1.0,0.0,4.46,-11.01,True
1.03,0.02,0.97,0.3,0.3,0.0,1.0,5.0,-15.27,True
1.03,0.02,0.97,0.3,0.3,0.25,0.75,5.09,-15.01,True
1.03,0.02,0.97,0.3,0.3,0.5,0.5,5.18,-14.79,True
1.03,0.02,0.97,0.3,0.3,0.75,0.25,5.25,-14.6,True
1.03,0.02,0.97,0.3,0.3,1.0,0.0,5.31,-14.48,True
1.03,0.02,0.97,0.4,0.0,0.0,1.0,0.69,-24.86,True
1.03,0.02,0.97,0.4,0.0,0.25,0.75,0.86,-22.94,True
1.03,0.02,0.97,0.4,0.0,0.5,0.5,1.01,-21.03,True
1.03,0.02,0.97,0.4,0.0,0.75,0.25,1.13,-19.12,True
1.03,0.02,0.97,0.4,0.0,1.0,0.0,1.21,-17.21,True
1.03,0.02,0.97,0.4,0.1,0.0,1.0,2.69,-17.29,True
1.03,0.02,0.97,0.4,0.1,0.25,0.75,2.84,-15.82,True
1.03,0.02,0.97,0.4,0.1,0.5,0.5,2.97,-14.33,True
1.03,0.02,0.97,0.4,0.1,0.75,0.25,3.07,-12.83,True
1.03,0.02,0.97,0.4,0.1,1.0,0.0,3.15,-11.31,True
1.03,0.02,0.97,0.4,0.2,0.0,1.0,3.75,-12.79,True
1.03,0.02,0.97,0.4,0.2,0.25,0.75,3.89,-12.47,True
1.03,0.02,0.97,0.4,0.2,0.5,0.5,4.01,-12.2,True
1.03,0.02,0.97,0.4,0.2,0.75,0.25,4.11,-11.98,True
1.03,0.02,0.97,0.4,0.2,1.0,0.0,4.21,-11.81,True
1.03,0.02,0.97,0.4,0.3,0.0,1.0,4.84,-16.0,True
1.03,0.02,0.97,0.4,0.3,0.25,0.75,4.93,-15.69,True
1.03,0.02,0.97,0.4,0.3,0.5,0.5,5.02,-15.42,True
1.03,0.02,0.97,0.4,0.3,0.75,0.25,5.1,-15.18,True
1.03,0.02,0.97,0.4,0.3,1.0,0.0,5.18,-14.99,True
1.03,0.02,0.99,0.1,0.0,0.0,1.0,-0.25,-5.38,True
1.03,0.02,0.99,0.1,0.0,0.25,0.75,-0.21,-4.84,True
1.03,0.02,0.99,0.1,0.0,0.5,0.5,-0.16,-4.31,True
1.03,0.02,0.99,0.1,0.0,0.75,0.25,-0.12,-3.78,True
1.03,0.02,0.99,0.1,0.0,1.0,0.0,-0.08,-3.24,True
1.03,0.02,0.99,0.1,0.1,0.0,1.0,2.09,-8.78,True
1.03,0.02,0.99,0.1,0.1,0.25,0.75,2.13,-8.75,True
1.03,0.02,0.99,0.1,0.1,0.5,0.5,2.17,-8.73,True
1.03,0.02,0.99,0.1,0.1,0.75,0.25,2.21,-8.71,True
1.03,0.02,0.99,0.1,0.1,1.0,0.0,2.25,-8.7,True
1.03,0.02,0.99,0.1,0.2,0.0,1.0,3.63,-13.14,True
1.03,0.02,0.99,0.1,0.2,0.25,0.75,3.67,-13.11,True
1.03,0.02,0.99,0.1,0.2,0.5,0.5,3.71,-13.08,True
1.03,0.02,0.99,0.1,0.2,0.75,0.25,3.75,-13.05,True
1.03,0.02,0.99,0.1,0.2,1.0,0.0,3.79,-13.02,True
1.03,0.02,0.99,0.1,0.3,0.0,1.0,4.82,-15.69,True
1.03,0.02,0.99,0.1,0.3,0.25,0.75,4.85,-15.66,True
1.03,0.02,0.99,0.1,0.3,0.5,0.5,4.89,-15.63,True
1.03,0.02,0.99,0.1,0.3,0.75,0.25,4.92,-15.6,True
1.03,0.02,0.99,0.1,0.3,1.0,0.0,4.95,-15.57,True
1.03,0.02,0.99,0.2,0.0,0.0,1.0,-0.55,-10.68,True
1.03,0.02,0.99,0.2,0.0,0.25,0.75,-0.45,-9.64,True
1.03,0.02,0.99,0.2,0.0,0.5,0.5,-0.36,-8.59,True
1.03,0.02,0.99,0.2,0.0,0.75,0.25,-0.26,-7.54,True
1.03,0.02,0.99,0.2,0.0,1.0,0.0,-0.17,-6.48,True
1.03,0.02,0.99,0.2,0.1,0.0,1.0,1.81,-8.73,True
1.03,0.02,0.99,0.2,0.1,0.25,0.75,1.89,-8.68,True
1.03,0.02,0.99,0.2,0.1,0.5,0.5,1.97,-8.64,True
1.03,0.02,0.99,0.2,0.1,0.75,0.25,2.05,-8.6,True
1.03,0.02,0.99,0.2,0.1,1.0,0.0,2.13,-8.56,True
1.03,0.02,0.99,0.2,0.2,0.0,1.0,3.52,-12.84,True
1.03,0.02,0.99,0.2,0.2,0.25,0.75,3.58,-12.8,True
1.03,0.02,0.99,0.2,0.2,0.5,0.5,3.63,-12.76,True
1.03,0.02,0.99,0.2,0.2,0.75,0.25,3.69,-12.73,True
1.03,0.02,0.99,0.2,0.2,1.0,0.0,3.75,-12.7,True
1.03,0.02,0.99,0.2,0.3,0.0,1.0,4.77,-15.52,True
1.03,0.02,0.99,0.2,0.3,0.25,0.75,4.82,-15.47,True
1.03,0.02,0.99,0.2,0.3,0.5,0.5,4.86,-15.43,True
1.03,0.02,0.99,0.2,0.3,0.75,0.25,4.9,-15.38,True
1.03,0.02,0.99,0.2,0.3,1.0,0.0,4.95,-15.34,True
1.03,0.02,0.99,0.3,0.0,0.0,1.0,-0.94,-15.28,True
1.03,0.02,0.99,0.3,0.0,0.25,0.75,-0.78,-13.81,True
1.03,0.02,0.99,0.3,0.0,0.5,0.5,-0.63,-12.32,True
1.03,0.02,0.99,0.3,0.0,0.75,0.25,-0.48,-10.82,True
1.03,0.02,0.99,0.3,0.0,1.0,0.0,-0.34,-9.32,True
1.03,0.02,0.99,0.3,0.1,0.0,1.0,1.7,-9.46,True
1.03,0.02,0.99,0.3,0.1,0.25,0.75,1.8,-8.47,True
1.03,0.02,0.99,0.3,0.1,0.5,0.5,1.9,-8.43,True
1.03,0.02,0.99,0.3,0.1,0.75,0.25,2.0,-8.39,True
1.03,0.02,0.99,0.3,0.1,1.0,0.0,2.09,-8.35,True
1.03,0.02,0.99,0.3,0.2,0.0,1.0,3.42,-12.98,True
1.03,0.02,0.99,0.3,0.2,0.25,0.75,3.49,-12.91,True
1.03,0.02,0.99,0.3,0.2,0.5,0.5,3.56,-12.84,True
1.03,0.02,0.99,0.3,0.2,0.75,0.25,3.63,-12.78,True
1.03,0.02,0.99,0.3,0.2,1.0,0.0,3.7,-12.72,True
1.03,0.02,0.99,0.3,0.3,0.0,1.0,4.66,-15.77,True
1.03,0.02,0.99,0.3,0.3,0.25,0.75,4.72,-15.68,True
1.03,0.02,0.99,0.3,0.3,0.5,0.5,4.78,-15.6,True
1.03,0.02,0.99,0.3,0.3,0.75,0.25,4.83,-15.52,True
1.03,0.02,0.99,0.3,0.3,1.0,0.0,4.89,-15.44,True
1.03,0.02,0.99,0.4,0.0,0.0,1.0,-1.28,-18.83,True
1.03,0.02,0.99,0.4,0.0,0.25,0.75,-1.08,-17.03,True
1.03,0.02,0.99,0.4,0.0,0.5,0.5,-0.89,-15.23,True
1.03,0.02,0.99,0.4,0.0,0.75,0.25,-0.7,-13.41,True
1.03,0.02,0.99,0.4,0.0,1.0,0.0,-0.51,-11.57,True
1.03,0.02,0.99,0.4,0.1,0.0,1.0,1.54,-9.87,True
1.03,0.02,0.99,0.4,0.1,0.25,0.75,1.65,-8.65,True
1.03,0.02,0.99,0.4,0.1,0.5,0.5,1.77,-8.58,True
1.03,0.02,0.99,0.4,0.1,0.75,0.25,1.89,-8.51,True
1.03,0.02,0.99,0.4,0.1,1.0,0.0,2.0,-8.45,True
1.03,0.02,0.99,0.4,0.2,0.0,1.0,3.27,-13.31,True
1.03,0.02,0.99,0.4,0.2,0.25,0.75,3.36,-13.19,True
1.03,0.02,0.99,0.4,0.2,0.5,0.5,3.44,-13.08,True
1.03,0.02,0.99,0.4,0.2,0.75,0.25,3.53,-12.98,True
1.03,0.02,0.99,0.4,0.2,1.0,0.0,3.61,-12.89,True
1.03,0.02,0.99,0.4,0.3,0.0,1.0,4.58,-16.22,True
1.03,0.02,0.99,0.4,0.3,0.25,0.75,4.63,-16.1,True
1.03,0.02,0.99,0.4,0.3,0.5,0.5,4.69,-15.97,True
1.03,0.02,0.99,0.4,0.3,0.75,0.25,4.76,-15.85,True
1.03,0.02,0.99,0.4,0.3,1.0,0.0,4.82,-15.74,True
1.03,0.02,1.0,0.1,0.0,0.0,1.0,-0.33,-5.32,True
1.03,0.02,1.0,0.1,0.0,0.25,0.75,-0.29,-4.87,True
1.03,0.02,1.0,0.1,0.0,0.5,0.5,-0.26,-4.41,True
1.03,0.02,1.0,0.1,0.0,0.75,0.25,-0.22,-3.95,True
1.03,0.02,1.0,0.1,0.0,1.0,0.0,-0.18,-3.5,True
1.03,0.02,1.0,0.1,0.1,0.0,1.0,2.09,-8.94,True
1.03,0.02,1.0,0.1,0.1,0.25,0.75,2.12,-8.92,True
1.03,0.02,1.0,0.1,0.1,0.5,0.5,2.15,-8.9,True
1.03,0.02,1.0,0.1,0.1,0.75,0.25,2.18,-8.88,True
1.03,0.02,1.0,0.1,0.1,1.0,0.0,2.21,-8.86,True
1.03,0.02,1.0,0.1,0.2,0.0,1.0,3.66,-13.28,True
1.03,0.02,1.0,0.1,0.2,0.25,0.75,3.69,-13.25,True
1.03,0.02,1.0,0.1,0.2,0.5,0.5,3.72,-13.22,True
1.03,0.02,1.0,0.1,0.2,0.75,0.25,3.75,-13.2,True
1.03,0.02,1.0,0.1,0.2,1.0,0.0,3.78,-13.17,True
1.03,0.02,1.0,0.1,0.3,0.0,1.0,4.86,-15.77,True
1.03,0.02,1.0,0.1,0.3,0.25,0.75,4.88,-15.75,True
1.03,0.02,1.0,0.1,0.3,0.5,0.5,4.91,-15.73,True
1.03,0.02,1.0,0.1,0.3,0.75,0.25,4.93,-15.7,True
1.03,0.02,1.0,0.1,0.3,1.0,0.0,4.96,-15.68,True
1.03,0.02,1.0,0.2,0.0,0.0,1.0,-0.66,-10.57,True
1.03,0.02,1.0,0.2,0.0,0.25,0.75,-0.58,-9.67,True
1.03,0.02,1.0,0.2,0.0,0.5,0.5,-0.5,-8.77,True
1.03,0.02,1.0,0.2,0.0,0.75,0.25,-0.42,-7.87,True
1.03,0.02,1.0,0.2,0.0,1.0,0.0,-0.35,-6.96,True
1.03,0.02,1.0,0.2,0.1,0.0,1.0,1.81,-8.99,True
1.03,0.02,1.0,0.2,0.1,0.25,0.75,1.87,-8.95,True
1.03,0.02,1.0,0.2,0.1,0.5,0.5,1.93,-8.91,True
1.03,0.02,1.0,0.2,0.1,0.75,0.25,1.99,-8.88,True
1.03,0.02,1.0,0.2,0.1,1.0,0.0,2.06,-8.84,True
1.03,0.02,1.0,0.2,0.2,0.0,1.0,3.59,-13.03,True
1.03,0.02,1.0,0.2,0.2,0.25,0.75,3.62,-13.01,True
1.03,0.02,1.0,0.2,0.2,0.5,0.5,3.66,-12.99,True
1.03,0.02,1.0,0.2,0.2,0.75,0.25,3.7,-12.96,True
1.03,0.02,1.0,0.2,0.2,1.0,0.0,3.74,-12.94,True
1.03,0.02,1.0,0.2,0.3,0.0,1.0,4.87,-15.53,True
1.03,0.02,1.0,0.2,0.3,0.25,0.75,4.9,-15.52,True
1.03,0.02,1.0,0.2,0.3,0.5,0.5,4.93,-15.5,True
1.03,0.02,1.0,0.2,0.3,0.75,0.25,4.96,-15.48,True
1.03,0.02,1.0,0.2,0.3,1.0,0.0,4.98,-15.47,True
1.03,0.02,1.0,0.3,0.0,0.0,1.0,-0.95,-15.73,True
1.03,0.02,1.0,0.3,0.0,0.25,0.75,-0.84,-14.41,True
1.03,0.02,1.0,0.3,0.0,0.5,0.5,-0.73,-13.08,True
1.03,0.02,1.0,0.3,0.0,0.75,0.25,-0.61,-11.75,True
1.03,0.02,1.0,0.3,0.0,1.0,0.0,-0.51,-10.4,True
1.03,0.02,1.0,0.3,0.1,0.0,1.0,1.84,-8.69,True
1.03,0.02,1.0,0.3,0.1,0.25,0.75,1.91,-8.58,True
1.03,0.02,1.0,0.3,0.1,0.5,0.5,1.98,-8.57,True
1.03,0.02,1.0,0.3,0.1,0.75,0.25,2.04,-8.55,True
1.03,0.02,1.0,0.3,0.1,1.0,0.0,2.11,-8.54,True
1.03,0.02,1.0,0.3,0.2,0.0,1.0,3.61,-12.83,True
1.03,0.02,1.0,0.3,0.2,0.25,0.75,3.66,-12.81,True
1.03,0.02,1.0,0.3,0.2,0.5,0.5,3.7,-12.8,True
1.03,0.02,1.0,0.3,0.2,0.75,0.25,3.75,-12.78,True
1.03,0.02,1.0,0.3,0.2,1.0,0.0,3.79,-12.77,True
1.03,0.02,1.0,0.3,0.3,0.0,1.0,4.84,-15.46,True
1.03,0.02,1.0,0.3,0.3,0.25,0.75,4.88,-15.43,True
1.03,0.02,1.0,0.3,0.3,0.5,0.5,4.92,-15.4,True
1.03,0.02,1.0,0.3,0.3,0.75,0.25,4.96,-15.38,True
1.03,0.02,1.0,0.3,0.3,1.0,0.0,4.99,-15.36,True
1.03,0.02,1.0,0.4,0.0,0.0,1.0,-1.03,-19.3,True
1.03,0.02,1.0,0.4,0.0,0.25,0.75,-0.89,-17.67,True
1.03,0.02,1.0,0.4,0.0,0.5,0.5,-0.76,-16.02,True
1.03,0.02,1.0,0.4,0.0,0.75,0.25,-0.63,-14.37,True
1.03,0.02,1.0,0.4,0.0,1.0,0.0,-0.51,-12.71,True
1.03,0.02,1.0,0.4,0.1,0.0,1.0,1.87,-9.04,True
1.03,0.02,1.0,0.4,0.1,0.25,0.75,1.94,-8.46,True
1.03,0.02,1.0,0.4,0.1,0.5,0.5,2.01,-8.44,True
1.03,0.02,1.0,0.4,0.1,0.75,0.25,2.08,-8.43,True
1.03,0.02,1.0,0.4,0.1,1.0,0.0,2.15,-8.42,True
1.03,0.02,1.0,0.4,0.2,0.0,1.0,3.57,-12.84,True
1.03,0.02,1.0,0.4,0.2,0.25,0.75,3.62,-12.8,True
1.03,0.02,1.0,0.4,0.2,0.5,0.5,3.68,-12.77,True
1.03,0.02,1.0,0.4,0.2,0.75,0.25,3.73,-12.74,True
1.03,0.02,1.0,0.4,0.2,1.0,0.0,3.78,-12.72,True
1.03,0.02,1.0,0.4,0.3,0.0,1.0,4.79,-15.64,True
1.03,0.02,1.0,0.4,0.3,0.25,0.75,4.83,-15.59,True
1.03,0.02,1.0,0.4,0.3,0.5,0.5,4.87,-15.54,True
1.03,0.02,1.0,0.4,0.3,0.75,0.25,4.92,-15.49,True
1.03,0.02,1.0,0.4,0.3,1.0,0.0,4.96,-15.45,True
1.03,0.02,1.01,0.1,0.0,0.0,1.0,-0.28,-3.57,True
1.03,0.02,1.01,0.1,0.0,0.25,0.75,-0.26,-3.31,True
1.03,0.02,1.01,0.1,0.0,0.5,0.5,-0.24,-3.05,True
1.03,0.02,1.01,0.1,0.0,0.75,0.25,-0.21,-2.8,True
1.03,0.02,1.01,0.1,0.0,1.0,0.0,-0.19,-2.54,True
1.03,0.02,1.01,0.1,0.1,0.0,1.0,2.16,-9.13,True
1.03,0.02,1.01,0.1,0.1,0.25,0.75,2.18,-9.11,True
1.03,0.02,1.01,0.1,0.1,0.5,0.5,2.2,-9.09,True
1.03,0.02,1.01,0.1,0.1,0.75,0.25,2.22,-9.06,True
1.03,0.02,1.01,0.1,0.1,1.0,0.0,2.24,-9.04,True
1.03,0.02,1.01,0.1,0.2,0.0,1.0,3.75,-13.5,True
1.03,0.02,1.01,0.1,0.2,0.25,0.75,3.77,-13.47,True
1.03,0.02,1.01,0.1,0.2,0.5,0.5,3.78,-13.44,True
1.03,0.02,1.01,0.1,0.2,0.75,0.25,3.8,-13.41,True
1.03,0.02,1.01,0.1,0.2,1.0,0.0,3.82,-13.39,True
1.03,0.02,1.01,0.1,0.3,0.0,1.0,4.93,-16.06,True
1.03,0.02,1.01,0.1,0.3,0.25,0.75,4.94,-16.03,True
1.03,0.02,1.01,0.1,0.3,0.5,0.5,4.96,-16.0,True
1.03,0.02,1.01,0.1,0.3,0.75,0.25,4.98,-15.97,True
1.03,0.02,1.01,0.1,0.3,1.0,0.0,4.99,-15.94,True
1.03,0.02,1.01,0.2,0.0,0.0,1.0,-0.6,-7.28,True
1.03,0.02,1.01,0.2,0.0,0.25,0.75,-0.55,-6.74,True
1.03,0.02,1.01,0.2,0.0,0.5,0.5,-0.5,-6.21,True
1.03,0.02,1.01,0.2,0.0,0.75,0.25,-0.44,-5.68,True
1.03,0.02,1.01,0.2,0.0,1.0,0.0,-0.39,-5.15,True
1.03,0.02,1.01,0.2,0.1,0.0,1.0,1.94,-9.45,True
1.03,0.02,1.01,0.2,0.1,0.25,0.75,1.98,-9.4,True
1.03,0.02,1.01,0.2,0.1,0.5,0.5,2.02,-9.35,True
1.03,0.02,1.01,0.2,0.1,0.75,0.25,2.05,-9.3,True
1.03,0.02,1.01,0.2,0.1,1.0,0.0,2.09,-9.25,True
1.03,0.02,1.01,0.2,0.2,0.0,1.0,3.61,-13.83,True
1.03,0.02,1.01,0.2,0.2,0.25,0.75,3.64,-13.77,True
1.03,0.02,1.01,0.2,0.2,0.5,0.5,3.66,-13.71,True
1.03,0.02,1.01,0.2,0.2,0.75,0.25,3.69,-13.66,True
1.03,0.02,1.01,0.2,0.2,1.0,0.0,3.72,-13.6,True
1.03,0.02,1.01,0.2,0.3,0.0,1.0,4.88,-16.33,True
1.03,0.02,1.01,0.2,0.3,0.25,0.75,4.9,-16.27,True
1.03,0.02,1.01,0.2,0.3,0.5,0.5,4.92,-16.22,True
1.03,0.02,1.01,0.2,0.3,0.75,0.25,4.94,-16.16,True
1.03,0.02,1.01,0.2,0.3,1.0,0.0,4.96,-16.11,True
1.03,0.02,1.01,0.3,0.0,0.0,1.0,-0.82,-11.14,True
1.03,0.02,1.01,0.3,0.0,0.25,0.75,-0.75,-10.3,True
1.03,0.02,1.01,0.3,0.0,0.5,0.5,-0.67,-9.47,True
1.03,0.02,1.01,0.3,0.0,0.75,0.25,-0.6,-8.65,True
1.03,0.02,1.01,0.3,0.0,1.0,0.0,-0.53,-7.83,True
1.03,0.02,1.01,0.3,0.1,0.0,1.0,1.83,-9.56,True
1.03,0.02,1.01,0.3,0.1,0.25,0.75,1.88,-9.49,True
1.03,0.02,1.01,0.3,0.1,0.5,0.5,1.93,-9.43,True
1.03,0.02,1.01,0.3,0.1,0.75,0.25,1.98,-9.37,True
1.03,0.02,1.01,0.3,0.1,1.0,0.0,2.03,-9.31,True
1.03,0.02,1.01,0.3,0.2,0.0,1.0,3.59,-13.96,True
1.03,0.02,1.01,0.3,0.2,0.25,0.75,3.63,-13.89,True
1.03,0.02,1.01,0.3,0.2,0.5,0.5,3.66,-13.82,True
1.03,0.02,1.01,0.3,0.2,0.75,0.25,3.7,-13.75,True
1.03,0.02,1.01,0.3,0.2,1.0,0.0,3.73,-13.68,True
1.03,0.02,1.01,0.3,0.3,0.0,1.0,4.79,-16.65,True
1.03,0.02,1.01,0.3,0.3,0.25,0.75,4.83,-16.55,True
1.03,0.02,1.01,0.3,0.3,0.5,0.5,4.86,-16.45,True
1.03,0.02,1.01,0.3,0.3,0.75,0.25,4.9,-16.36,True
1.03,0.02,1.01,0.3,0.3,1.0,0.0,4.93,-16.28,True
1.03,0.02,1.01,0.4,0.0,0.0,1.0,-1.04,-12.24,True
1.03,0.02,1.01,0.4,0.0,0.25,0.75,-0.94,-11.28,True
1.03,0.02,1.01,0.4,0.0,0.5,0.5,-0.84,-10.32,True
1.03,0.02,1.01,0.4,0.0,0.75,0.25,-0.75,-9.39,True
1.03,0.02,1.01,0.4,0.0,1.0,0.0,-0.65,-8.47,True
1.03,0.02,1.01,0.4,0.1,0.0,1.0,1.78,-9.73,True
1.03,0.02,1.01,0.4,0.1,0.25,0.75,1.84,-9.65,True
1.03,0.02,1.01,0.4,0.1,0.5,0.5,1.9,-9.57,True
1.03,0.02,1.01,0.4,0.1,0.75,0.25,1.96,-9.49,True
1.03,0.02,1.01,0.4,0.1,1.0,0.0,2.01,-9.42,True
1.03,0.02,1.01,0.4,0.2,0.0,1.0,3.48,-14.33,True
1.03,0.02,1.01,0.4,0.2,0.25,0.75,3.53,-14.2,True
1.03,0.02,1.01,0.4,0.2,0.5,0.5,3.58,-14.09,True
1.03,0.02,1.01,0.4,0.2,0.75,0.25,3.63,-13.97,True
1.03,0.02,1.01,0.4,0.2,1.0,0.0,3.67,-13.87,True
1.03,0.02,1.01,0.4,0.3,0.0,1.0,4.76,-16.73,True
1.03,0.02,1.01,0.4,0.3,0.25,0.75,4.8,-16.63,True
1.03,0.02,1.01,0.4,0.3,0.5,0.5,4.83,-16.53,True
1.03,0.02,1.01,0.4,0.3,0.75,0.25,4.87,-16.44,True
1.03,0.02,1.01,0.4,0.3,1.0,0.0,4.9,-16.35,True
1.03,0.02,1.02,0.1,0.0,0.0,1.0,-0.09,-2.98,True
1.03,0.02,1.02,0.1,0.0,0.25,0.75,-0.08,-2.72,True
1.03,0.02,1.02,0.1,0.0,0.5,0.5,-0.07,-2.46,True
1.03,0.02,1.02,0.1,0.0,0.75,0.25,-0.07,-2.2,True
1.03,0.02,1.02,0.1,0.0,1.0,0.0,-0.06,-1.94,True
1.03,0.02,1.02,0.1,0.1,0.0,1.0,2.3,-8.85,True
1.03,0.02,1.02,0.1,0.1,0.25,0.75,2.31,-8.84,True
1.03,0.02,1.02,0.1,0.1,0.5,0.5,2.31,-8.84,True
1.03,0.02,1.02,0.1,0.1,0.75,0.25,2.32,-8.84,True
1.03,0.02,1.02,0.1,0.1,1.0,0.0,2.33,-8.83,True
1.03,0.02,1.02,0.1,0.2,0.0,1.0,3.86,-13.14,True
1.03,0.02,1.02,0.1,0.2,0.25,0.75,3.87,-13.14,True
1.03,0.02,1.02,0.1,0.2,0.5,0.5,3.88,-13.13,True
1.03,0.02,1.02,0.1,0.2,0.75,0.25,3.88,-13.13,True
1.03,0.02,1.02,0.1,0.2,1.0,0.0,3.89,-13.13,True
1.03,0.02,1.02,0.1,0.3,0.0,1.0,5.03,-15.68,True
1.03,0.02,1.02,0.1,0.3,0.25,0.75,5.04,-15.68,True
1.03,0.02,1.02,0.1,0.3,0.5,0.5,5.04,-15.67,True
1.03,0.02,1.02,0.1,0.3,0.75,0.25,5.05,-15.67,True
1.03,0.02,1.02,0.1,0.3,1.0,0.0,5.06,-15.67,True
1.03,0.02,1.02,0.2,0.0,0.0,1.0,-0.21,-5.91,True
1.03,0.02,1.02,0.2,0.0,0.25,0.75,-0.19,-5.4,True
1.03,0.02,1.02,0.2,0.0,0.5,0.5,-0.17,-4.89,True
1.03,0.02,1.02,0.2,0.0,0.75,0.25,-0.14,-4.37,True
1.03,0.02,1.02,0.2,0.0,1.0,0.0,-0.13,-3.85,True
1.03,0.02,1.02,0.2,0.1,0.0,1.0,2.22,-8.92,True
1.03,0.02,1.02,0.2,0.1,0.25,0.75,2.23,-8.91,True
1.03,0.02,1.02,0.2,0.1,0.5,0.5,2.25,-8.9,True
1.03,0.02,1.02,0.2,0.1,0.75,0.25,2.26,-8.88,True
1.03,0.02,1.02,0.2,0.1,1.0,0.0,2.28,-8.87,True
1.03,0.02,1.02,0.2,0.2,0.0,1.0,3.82,-13.17,True
1.03,0.02,1.02,0.2,0.2,0.25,0.75,3.83,-13.16,True
1.03,0.02,1.02,0.2,0.2,0.5,0.5,3.84,-13.15,True
1.03,0.02,1.02,0.2,0.2,0.75,0.25,3.85,-13.14,True
1.03,0.02,1.02,0.2,0.2,1.0,0.0,3.86,-13.14,True
1.03,0.02,1.02,0.2,0.3,0.0,1.0,5.06,-15.64,True
1.03,0.02,1.02,0.2,0.3,0.25,0.75,5.07,-15.63,True
1.03,0.02,1.02,0.2,0.3,0.5,0.5,5.07,-15.63,True
1.03,0.02,1.02,0.2,0.3,0.75,0.25,5.08,-15.63,True
1.03,0.02,1.02,0.2,0.3,1.0,0.0,5.08,-15.62,True
1.03,0.02,1.02,0.3,0.0,0.0,1.0,-0.25,-8.8,True
1.03,0.02,1.02,0.3,0.0,0.25,0.75,-0.22,-8.04,True
1.03,0.02,1.02,0.3,0.0,0.5,0.5,-0.2,-7.28,True
1.03,0.02,1.02,0.3,0.0,0.75,0.25,-0.17,-6.52,True
1.03,0.02,1.02,0.3,0.0,1.0,0.0,-0.14,-5.75,True
1.03,0.02,1.02,0.3,0.1,0.0,1.0,2.2,-8.85,True
1.03,0.02,1.02,0.3,0.1,0.25,0.75,2.22,-8.84,True
1.03,0.02,1.02,0.3,0.1,0.5,0.5,2.24,-8.83,True
1.03,0.02,1.02,0.3,0.1,0.75,0.25,2.26,-8.82,True
1.03,0.02,1.02,0.3,0.1,1.0,0.0,2.28,-8.81,True
1.03,0.02,1.02,0.3,0.2,0.0,1.0,3.86,-13.2,True
1.03,0.02,1.02,0.3,0.2,0.25,0.75,3.87,-13.18,True
1.03,0.02,1.02,0.3,0.2,0.5,0.5,3.88,-13.16,True
1.03,0.02,1.02,0.3,0.2,0.75,0.25,3.89,-13.15,True
1.03,0.02,1.02,0.3,0.2,1.0,0.0,3.9,-13.13,True
1.03,0.02,1.02,0.3,0.3,0.0,1.0,5.03,-15.88,True
1.03,0.02,1.02,0.3,0.3,0.25,0.75,5.04,-15.84,True
1.03,0.02,1.02,0.3,0.3,0.5,0.5,5.05,-15.8,True
1.03,0.02,1.02,0.3,0.3,0.75,0.25,5.06,-15.77,True
1.03,0.02,1.02,0.3,0.3,1.0,0.0,5.07,-15.74,True
1.03,0.02,1.02,0.4,0.0,0.0,1.0,-0.39,-10.86,True
1.03,0.02,1.02,0.4,0.0,0.25,0.75,-0.34,-9.91,True
1.03,0.02,1.02,0.4,0.0,0.5,0.5,-0.3,-8.96,True
1.03,0.02,1.02,0.4,0.0,0.75,0.25,-0.26,-8.01,True
1.03,0.02,1.02,0.4,0.0,1.0,0.0,-0.22,-7.06,True
1.03,0.02,1.02,0.4,0.1,0.0,1.0,2.18,-9.05,True
1.03,0.02,1.02,0.4,0.1,0.25,0.75,2.2,-9.01,True
1.03,0.02,1.02,0.4,0.1,0.5,0.5,2.23,-8.98,True
1.03,0.02,1.02,0.4,0.1,0.75,0.25,2.25,-8.95,True
1.03,0.02,1.02,0.4,0.1,1.0,0.0,2.27,-8.93,True
1.03,0.02,1.02,0.4,0.2,0.0,1.0,3.81,-13.48,True
1.03,0.02,1.02,0.4,0.2,0.25,0.75,3.83,-13.43,True
1.03,0.02,1.02,0.4,0.2,0.5,0.5,3.85,-13.37,True
1.03,0.02,1.02,0.4,0.2,0.75,0.25,3.87,-13.33,True
1.03,0.02,1.02,0.4,0.2,1.0,0.0,3.88,-13.28,True
1.03,0.02,1.02,0.4,0.3,0.0,1.0,4.98,-16.14,True
1.03,0.02,1.02,0.4,0.3,0.25,0.75,4.99,-16.08,True
1.03,0.02,1.02,0.4,0.3,0.5,0.5,5.01,-16.02,True
1.03,0.02,1.02,0.4,0.3,0.75,0.25,5.03,-15.97,True
1.03,0.02,1.02,0.4,0.3,1.0,0.0,5.04,-15.92,True
1.03,0.025,0.95,0.1,0.0,0.0,1.0,0.76,-6.65,True
1.03,0.025,0.95,0.1,0.0,0.25,0.75,0.76,-6.09,True
1.03,0.025,0.95,0.1,0.0,0.5,0.5,0.76,-5.52,True
1.03,0.025,0.95,0.1,0.0,0.75,0.25,0.75,-4.96,True
1.03,0.025,0.95,0.1,0.0,1.0,0.0,0.75,-4.4,True
1.03,0.025,0.95,0.1,0.1,0.0,1.0,2.71,-7.23,True
1.03,0.025,0.95,0.1,0.1,0.25,0.75,2.71,-7.03,True
1.03,0.025,0.95,0.1,0.1,0.5,0.5,2.71,-7.08,True
1.03,0.025,0.95,0.1,0.1,0.75,0.25,2.71,-7.14,True
1.03,0.025,0.95,0.1,0.1,1.0,0.0,2.71,-7.19,True
1.03,0.025,0.95,0.1,0.2,0.0,1.0,4.16,-10.85,True
1.03,0.025,0.95,0.1,0.2,0.25,0.75,4.15,-10.93,True
1.03,0.025,0.95,0.1,0.2,0.5,0.5,4.15,-11.01,True
1.03,0.025,0.95,0.1,0.2,0.75,0.25,4.14,-11.1,True
1.03,0.025,0.95,0.1,0.2,1.0,0.0,4.14,-11.19,True
1.03,0.025,0.95,0.1,0.3,0.0,1.0,5.31,-13.2,True
1.03,0.025,0.95,0.1,0.3,0.25,0.75,5.3,-13.31,True
1.03,0.025,0.95,0.1,0.3,0.5,0.5,5.29,-13.42,True
1.03,0.025,0.95,0.1,0.3,0.75,0.25,5.28,-13.53,True
1.03,0.025,0.95,0.1,0.3,1.0,0.0,5.27,-13.65,True
1.03,0.025,0.95,0.2,0.0,0.0,1.0,1.69,-11.19,True
1.03,0.025,0.95,0.2,0.0,0.25,0.75,1.67,-10.09,True
1.03,0.025,0.95,0.2,0.0,0.5,0.5,1.64,-8.96,True
1.03,0.025,0.95,0.2,0.0,0.75,0.25,1.61,-7.77,True
1.03,0.025,0.95,0.2,0.0,1.0,0.0,1.57,-6.84,True
1.03,0.025,0.95,0.2,0.1,0.0,1.0,3.65,-10.59,True
1.03,0.025,0.95,0.2,0.1,0.25,0.75,3.61,-9.91,True
1.03,0.025,0.95,0.2,0.1,0.5,0.5,3.56,-9.22,True
1.03,0.025,0.95,0.2,0.1,0.75,0.25,3.51,-8.5,True
1.03,0.025,0.95,0.2,0.1,1.0,0.0,3.46,-7.77,True
1.03,0.025,0.95,0.2,0.2,0.0,1.0,5.08,-12.05,True
1.03,0.025,0.95,0.2,0.2,0.25,0.75,5.03,-11.42,True
1.03,0.025,0.95,0.2,0.2,0.5,0.5,4.98,-10.77,True
1.03,0.025,0.95,0.2,0.2,0.75,0.25,4.92,-10.11,True
1.03,0.025,0.95,0.2,0.2,1.0,0.0,4.86,-9.77,True
1.03,0.025,0.95,0.2,0.3,0.0,1.0,6.21,-13.03,True
1.03,0.025,0.95,0.2,0.3,0.25,0.75,6.15,-12.77,True
1.03,0.025,0.95,0.2,0.3,0.5,0.5,6.09,-12.76,True
1.03,0.025,0.95,0.2,0.3,0.75,0.25,6.02,-12.75,True
1.03,0.025,0.95,0.2,0.3,1.0,0.0,5.96,-12.74,True
1.03,0.025,0.95,0.3,0.0,0.0,1.0,3.47,-14.67,True
1.03,0.025,0.95,0.3,0.0,0.25,0.75,3.33,-13.44,True
1.03,0.025,0.95,0.3,0.0,0.5,0.5,3.19,-12.14,True
1.03,0.025,0.95,0.3,0.0,0.75,0.25,3.04,-10.73,True
1.03,0.025,0.95,0.3,0.0,1.0,0.0,2.88,-9.23,True
1.03,0.025,0.95,0.3,0.1,0.0,1.0,5.14,-13.24,True
1.03,0.025,0.95,0.3,0.1,0.25,0.75,5.0,-12.35,True
1.03,0.025,0.95,0.3,0.1,0.5,0.5,4.86,-11.43,True
1.03,0.025,0.95,0.3,0.1,0.75,0.25,4.71,-10.47,True
1.03,0.025,0.95,0.3,0.1,1.0,0.0,4.56,-9.48,True
1.03,0.025,0.95,0.3,0.2,0.0,1.0,6.36,-14.33,True
1.03,0.025,0.95,0.3,0.2,0.25,0.75,6.23,-13.51,True
1.03,0.025,0.95,0.3,0.2,0.5,0.5,6.1,-12.66,True
1.03,0.025,0.95,0.3,0.2,0.75,0.25,5.95,-11.77,True
1.03,0.025,0.95,0.3,0.2,1.0,0.0,5.8,-10.86,True
1.03,0.025,0.95,0.3,0.3,0.0,1.0,7.32,-15.1,True
1.03,0.025,0.95,0.3,0.3,0.25,0.75,7.2,-14.32,True
1.03,0.025,0.95,0.3,0.3,0.5,0.5,7.07,-13.47,True
1.03,0.025,0.95,0.3,0.3,0.75,0.25,6.93,-12.53,True
1.03,0.025,0.95,0.3,0.3,1.0,0.0,6.79,-12.54,True
1.03,0.025,0.95,0.4,0.0,0.0,1.0,5.25,-14.95,True
1.03,0.025,0.95,0.4,0.0,0.25,0.75,5.0,-13.73,True
1.03,0.025,0.95,0.4,0.0,0.5,0.5,4.75,-12.42,True
1.03,0.025,0.95,0.4,0.0,0.75,0.25,4.48,-10.99,True
1.03,0.025,0.95,0.4,0.0,1.0,0.0,4.2,-9.62,True
1.03,0.025,0.95,0.4,0.1,0.0,1.0,6.51,-15.62,True
1.03,0.025,0.95,0.4,0.1,0.25,0.75,6.29,-14.56,True
1.03,0.025,0.95,0.4,0.1,0.5,0.5,6.06,-13.46,True
1.03,0.025,0.95,0.4,0.1,0.75,0.25,5.82,-12.3,True
1.03,0.025,0.95,0.4,0.1,1.0,0.0,5.58,-11.09,True
1.03,0.025,0.95,0.4,0.2,0.0,1.0,7.4,-15.97,True
1.03,0.025,0.95,0.4,0.2,0.25,0.75,7.2,-14.89,True
1.03,0.025,0.95,0.4,0.2,0.5,0.5,6.98,-13.79,True
1.03,0.025,0.95,0.4,0.2,0.75,0.25,6.76,-12.66,True
1.03,0.025,0.95,0.4,0.2,1.0,0.0,6.54,-11.51,True
1.03,0.025,0.95,0.4,0.3,0.0,1.0,7.88,-15.49,True
1.03,0.025,0.95,0.4,0.3,0.25,0.75,7.7,-14.52,True
1.03,0.025,0.95,0.4,0.3,0.5,0.5,7.52,-13.54,True
1.03,0.025,0.95,0.4,0.3,0.75,0.25,7.33,-12.56,True
1.03,0.025,0.95,0.4,0.3,1.0,0.0,7.13,-12.26,True
1.03,0.025,0.97,0.1,0.0,0.0,1.0,0.44,-8.25,True
1.03,0.025,0.97,0.1,0.0,0.25,0.75,0.42,-7.59,True
1.03,0.025,0.97,0.1,0.0,0.5,0.5,0.4,-6.92,True
1.03,0.025,0.97,0.1,0.0,0.75,0.25,0.39,-6.24,True
1.03,0.025,0.97,0.1,0.0,1.0,0.0,0.37,-5.57,True
1.03,0.025,0.97,0.1,0.1,0.0,1.0,2.47,-7.48,True
1.03,0.025,0.97,0.1,0.1,0.25,0.75,2.46,-7.5,True
1.03,0.025,0.97,0.1,0.1,0.5,0.5,2.44,-7.53,True
1.03,0.025,0.97,0.1,0.1,0.75,0.25,2.43,-7.56,True
1.03,0.025,0.97,0.1,0.1,1.0,0.0,2.41,-7.59,True
1.03,0.025,0.97,0.1,0.2,0.0,1.0,3.95,-11.55,True
1.03,0.025,0.97,0.1,0.2,0.25,0.75,3.93,-11.6,True
1.03,0.025,0.97,0.1,0.2,0.5,0.5,3.91,-11.65,True
1.03,0.025,0.97,0.1,0.2,0.75,0.25,3.89,-11.7,True
1.03,0.025,0.97,0.1,0.2,1.0,0.0,3.88,-11.75,True
1.03,0.025,0.97,0.1,0.3,0.0,1.0,5.15,-13.92,True
1.03,0.025,0.97,0.1,0.3,0.25,0.75,5.13,-14.0,True
1.03,0.025,0.97,0.1,0.3,0.5,0.5,5.11,-14.08,True
1.03,0.025,0.97,0.1,0.3,0.75,0.25,5.08,-14.17,True
1.03,0.025,0.97,0.1,0.3,1.0,0.0,5.06,-14.25,True
1.03,0.025,0.97,0.2,0.0,0.0,1.0,0.77,-15.94,True
1.03,0.025,0.97,0.2,0.0,0.25,0.75,0.75,-14.7,True
1.03,0.025,0.97,0.2,0.0,0.5,0.5,0.73,-13.45,True
1.03,0.025,0.97,0.2,0.0,0.75,0.25,0.71,-12.18,True
1.03,0.025,0.97,0.2,0.0,1.0,0.0,0.68,-10.89,True
1.03,0.025,0.97,0.2,0.1,0.0,1.0,2.95,-13.15,True
1.03,0.025,0.97,0.2,0.1,0.25,0.75,2.92,-11.9,True
1.03,0.025,0.97,0.2,0.1,0.5,0.5,2.89,-10.64,True
1.03,0.025,0.97,0.2,0.1,0.75,0.25,2.86,-9.37,True
1.03,0.025,0.97,0.2,0.1,1.0,0.0,2.82,-8.08,True
1.03,0.025,0.97,0.2,0.2,0.0,1.0,4.44,-10.71,True
1.03,0.025,0.97,0.2,0.2,0.25,0.75,4.4,-10.82,True
1.03,0.025,0.97,0.2,0.2,0.5,0.5,4.36,-10.93,True
1.03,0.025,0.97,0.2,0.2,0.75,0.25,4.32,-11.04,True
1.03,0.025,0.97,0.2,0.2,1.0,0.0,4.28,-11.17,True
1.03,0.025,0.97,0.2,0.3,0.0,1.0,5.62,-12.85,True
1.03,0.025,0.97,0.2,0.3,0.25,0.75,5.6,-13.04,True
1.03,0.025,0.97,0.2,0.3,0.5,0.5,5.56,-13.21,True
1.03,0.025,0.97,0.2,0.3,0.75,0.25,5.51,-13.38,True
1.03,0.025,0.97,0.2,0.3,1.0,0.0,5.46,-13.54,True
1.03,0.025,0.97,0.3,0.0,0.0,1.0,1.26,-23.14,True
1.03,0.025,0.97,0.3,0.0,0.25,0.75,1.24,-21.4,True
1.03,0.025,0.97,0.3,0.0,0.5,0.5,1.21,-19.63,True
1.03,0.025,0.97,0.3,0.0,0.75,0.25,1.18,-17.82,True
1.03,0.025,0.97,0.3,0.0,1.0,0.0,1.14,-15.99,True
1.03,0.025,0.97,0.3,0.1,0.0,1.0,3.35,-20.49,True
1.03,0.025,0.97,0.3,0.1,0.25,0.75,3.33,-18.69,True
1.03,0.025,0.97,0.3,0.1,0.5,0.5,3.3,-16.86,True
1.03,0.025,0.97,0.3,0.1,0.75,0.25,3.26,-15.0,True
1.03,0.025,0.97,0.3,0.1,1.0,0.0,3.21,-13.12,True
1.03,0.025,0.97,0.3,0.2,0.0,1.0,4.84,-17.1,True
1.03,0.025,0.97,0.3,0.2,0.25,0.75,4.81,-15.34,True
1.03,0.025,0.97,0.3,0.2,0.5,0.5,4.78,-13.55,True
1.03,0.025,0.97,0.3,0.2,0.75,0.25,4.74,-11.74,True
1.03,0.025,0.97,0.3,0.2,1.0,0.0,4.69,-10.37,True
1.03,0.025,0.97,0.3,0.3,0.0,1.0,5.87,-13.98,True
1.03,0.025,0.97,0.3,0.3,0.25,0.75,5.85,-12.26,True
1.03,0.025,0.97,0.3,0.3,0.5,0.5,5.82,-12.11,True
1.03,0.025,0.97,0.3,0.3,0.75,0.25,5.78,-12.37,True
1.03,0.025,0.97,0.3,0.3,1.0,0.0,5.74,-12.66,True
1.03,0.025,0.97,0.4,0.0,0.0,1.0,1.78,-28.78,True
1.03,0.025,0.97,0.4,0.0,0.25,0.75,1.75,-26.66,True
1.03,0.025,0.97,0.4,0.0,0.5,0.5,1.71,-24.51,True
1.03,0.025,0.97,0.4,0.0,0.75,0.25,1.66,-22.31,True
1.03,0.025,0.97,0.4,0.0,1.0,0.0,1.6,-20.06,True
1.03,0.025,0.97,0.4,0.1,0.0,1.0,3.75,-25.36,True
1.03,0.025,0.97,0.4,0.1,0.25,0.75,3.73,-23.28,True
1.03,0.025,0.97,0.4,0.1,0.5,0.5,3.69,-21.15,True
1.03,0.025,0.97,0.4,0.1,0.75,0.25,3.64,-18.98,True
1.03,0.025,0.97,0.4,0.1,1.0,0.0,3.58,-16.76,True
1.03,0.025,0.97,0.4,0.2,0.0,1.0,5.03,-21.6,True
1.03,0.025,0.97,0.4,0.2,0.25,0.75,5.0,-19.56,True
1.03,0.025,0.97,0.4,0.2,0.5,0.5,4.97,-17.48,True
1.03,0.025,0.97,0.4,0.2,0.75,0.25,4.93,-15.36,True
1.03,0.025,0.97,0.4,0.2,1.0,0.0,4.87,-13.19,True
1.03,0.025,0.97,0.4,0.3,0.0,1.0,6.01,-17.14,True
1.03,0.025,0.97,0.4,0.3,0.25,0.75,5.99,-15.21,True
1.03,0.025,0.97,0.4,0.3,0.5,0.5,5.97,-13.24,True
1.03,0.025,0.97,0.4,0.3,0.75,0.25,5.93,-11.91,True
1.03,0.025,0.97,0.4,0.3,1.0,0.0,5.88,-12.04,True
1.03,0.025,0.99,0.1,0.0,0.0,1.0,-0.28,-3.78,True
1.03,0.025,0.99,0.1,0.0,0.25,0.75,-0.25,-3.41,True
1.03,0.025,0.99,0.1,0.0,0.5,0.5,-0.22,-3.03,True
1.03,0.025,0.99,0.1,0.0,0.75,0.25,-0.19,-2.65,True
1.03,0.025,0.99,0.1,0.0,1.0,0.0,-0.15,-2.27,True
1.03,0.025,0.99,0.1,0.1,0.0,1.0,2.12,-8.99,True
1.03,0.025,0.99,0.1,0.1,0.25,0.75,2.15,-8.97,True
1.03,0.025,0.99,0.1,0.1,0.5,0.5,2.18,-8.95,True
1.03,0.025,0.99,0.1,0.1,0.75,0.25,2.2,-8.93,True
1.03,0.025,0.99,0.1,0.1,1.0,0.0,2.23,-8.92,True
1.03,0.025,0.99,0.1,0.2,0.0,1.0,3.68,-13.38,True
1.03,0.025,0.99,0.1,0.2,0.25,0.75,3.71,-13.35,True
1.03,0.025,0.99,0.1,0.2,0.5,0.5,3.74,-13.32,True
1.03,0.025,0.99,0.1,0.2,0.75,0.25,3.76,-13.29,True
1.03,0.025,0.99,0.1,0.2,1.0,0.0,3.79,-13.27,True
1.03,0.025,0.99,0.1,0.3,0.0,1.0,4.87,-15.92,True
1.03,0.025,0.99,0.1,0.3,0.25,0.75,4.89,-15.89,True
1.03,0.025,0.99,0.1,0.3,0.5,0.5,4.92,-15.86,True
1.03,0.025,0.99,0.1,0.3,0.75,0.25,4.94,-15.84,True
1.03,0.025,0.99,0.1,0.3,1.0,0.0,4.96,-15.81,True
1.03,0.025,0.99,0.2,0.0,0.0,1.0,-0.58,-7.5,True
1.03,0.025,0.99,0.2,0.0,0.25,0.75,-0.52,-6.76,True
1.03,0.025,0.99,0.2,0.0,0.5,0.5,-0.45,-6.02,True
1.03,0.025,0.99,0.2,0.0,0.75,0.25,-0.39,-5.27,True
1.03,0.025,0.99,0.2,0.0,1.0,0.0,-0.32,-4.53,True
1.03,0.025,0.99,0.2,0.1,0.0,1.0,1.85,-9.15,True
1.03,0.025,0.99,0.2,0.1,0.25,0.75,1.91,-9.11,True
1.03,0.025,0.99,0.2,0.1,0.5,0.5,1.97,-9.07,True
1.03,0.025,0.99,0.2,0.1,0.75,0.25,2.02,-9.03,True
1.03,0.025,0.99,0.2,0.1,1.0,0.0,2.08,-8.99,True
1.03,0.025,0.99,0.2,0.2,0.0,1.0,3.53,-13.36,True
1.03,0.025,0.99,0.2,0.2,0.25,0.75,3.57,-13.32,True
1.03,0.025,0.99,0.2,0.2,0.5,0.5,3.62,-13.28,True
1.03,0.025,0.99,0.2,0.2,0.75,0.25,3.66,-13.25,True
1.03,0.025,0.99,0.2,0.2,1.0,0.0,3.71,-13.21,True
1.03,0.025,0.99,0.2,0.3,0.0,1.0,4.72,-16.03,True
1.03,0.025,0.99,0.2,0.3,0.25,0.75,4.76,-15.99,True
1.03,0.025,0.99,0.2,0.3,0.5,0.5,4.8,-15.94,True
1.03,0.025,0.99,0.2,0.3,0.75,0.25,4.84,-15.89,True
1.03,0.025,0.99,0.2,0.3,1.0,0.0,4.88,-15.84,True
1.03,0.025,0.99,0.3,0.0,0.0,1.0,-0.91,-11.15,True
1.03,0.025,0.99,0.3,0.0,0.25,0.75,-0.81,-10.06,True
1.03,0.025,0.99,0.3,0.0,0.5,0.5,-0.7,-8.97,True
1.03,0.025,0.99,0.3,0.0,0.75,0.25,-0.6,-7.87,True
1.03,0.025,0.99,0.3,0.0,1.0,0.0,-0.5,-6.77,True
1.03,0.025,0.99,0.3,0.1,0.0,1.0,1.73,-9.03,True
1.03,0.025,0.99,0.3,0.1,0.25,0.75,1.81,-9.0,True
1.03,0.025,0.99,0.3,0.1,0.5,0.5,1.88,-8.96,True
1.03,0.025,0.99,0.3,0.1,0.75,0.25,1.95,-8.92,True
1.03,0.025,0.99,0.3,0.1,1.0,0.0,2.03,-8.88,True
1.03,0.025,0.99,0.3,0.2,0.0,1.0,3.35,-13.53,True
1.03,0.025,0.99,0.3,0.2,0.25,0.75,3.41,-13.48,True
1.03,0.025,0.99,0.3,0.2,0.5,0.5,3.47,-13.42,True
1.03,0.025,0.99,0.3,0.2,0.75,0.25,3.54,-13.37,True
1.03,0.025,0.99,0.3,0.2,1.0,0.0,3.6,-13.31,True
1.03,0.025,0.99,0.3,0.3,0.0,1.0,4.62,-16.23,True
1.03,0.025,0.99,0.3,0.3,0.25,0.75,4.67,-16.15,True
1.03,0.025,0.99,0.3,0.3,0.5,0.5,4.72,-16.08,True
1.03,0.025,0.99,0.3,0.3,0.75,0.25,4.76,-16.02,True
1.03,0.025,0.99,0.3,0.3,1.0,0.0,4.81,-15.95,True
1.03,0.025,0.99,0.4,0.0,0.0,1.0,-1.09,-14.08,True
1.03,0.025,0.99,0.4,0.0,0.25,0.75,-0.96,-12.72,True
1.03,0.025,0.99,0.4,0.0,0.5,0.5,-0.83,-11.35,True
1.03,0.025,0.99,0.4,0.0,0.75,0.25,-0.7,-9.97,True
1.03,0.025,0.99,0.4,0.0,1.0,0.0,-0.58,-8.57,True
1.03,0.025,0.99,0.4,0.1,0.0,1.0,1.54,-9.13,True
1.03,0.025,0.99,0.4,0.1,0.25,0.75,1.63,-9.08,True
1.03,0.025,0.99,0.4,0.1,0.5,0.5,1.73,-9.03,True
1.03,0.025,0.99,0.4,0.1,0.75,0.25,1.83,-8.98,True
1.03,0.025,0.99,0.4,0.1,1.0,0.0,1.92,-8.93,True
1.03,0.025,0.99,0.4,0.2,0.0,1.0,3.25,-13.62,True
1.03,0.025,0.99,0.4,0.2,0.25,0.75,3.32,-13.54,True
1.03,0.025,0.99,0.4,0.2,0.5,0.5,3.39,-13.46,True
1.03,0.025,0.99,0.4,0.2,0.75,0.25,3.47,-13.39,True
1.03,0.025,0.99,0.4,0.2,1.0,0.0,3.54,-13.32,True
1.03,0.025,0.99,0.4,0.3,0.0,1.0,4.63,-16.06,True
1.03,0.025,0.99,0.4,0.3,0.25,0.75,4.67,-15.99,True
1.03,0.025,0.99,0.4,0.3,0.5,0.5,4.73,-15.93,True
1.03,0.025,0.99,0.4,0.3,0.75,0.25,4.78,-15.86,True
1.03,0.025,0.99,0.4,0.3,1.0,0.0,4.83,-15.8,True
1.03,0.025,1.0,0.1,0.0,0.0,1.0,-0.28,-3.12,True
1.03,0.025,1.0,0.1,0.0,0.25,0.75,-0.26,-2.84,True
1.03,0.025,1.0,0.1,0.0,0.5,0.5,-0.23,-2.56,True
1.03,0.025,1.0,0.1,0.0,0.75,0.25,-0.2,-2.27,True
1.03,0.025,1.0,0.1,0.0,1.0,0.0,-0.18,-1.99,True
1.03,0.025,1.0,0.1,0.1,0.0,1.0,2.15,-9.06,True
1.03,0.025,1.0,0.1,0.1,0.25,0.75,2.17,-9.04,True
1.03,0.025,1.0,0.1,0.1,0.5,0.5,2.19,-9.02,True
1.03,0.025,1.0,0.1,0.1,0.75,0.25,2.21,-9.0,True
1.03,0.025,1.0,0.1,0.1,1.0,0.0,2.23,-8.98,True
1.03,0.025,1.0,0.1,0.2,0.0,1.0,3.72,-13.43,True
1.03,0.025,1.0,0.1,0.2,0.25,0.75,3.74,-13.4,True
1.03,0.025,1.0,0.1,0.2,0.5,0.5,3.76,-13.37,True
1.03,0.025,1.0,0.1,0.2,0.75,0.25,3.78,-13.35,True
1.03,0.025,1.0,0.1,0.2,1.0,0.0,3.8,-13.32,True
1.03,0.025,1.0,0.1,0.3,0.0,1.0,4.91,-15.94,True
1.03,0.025,1.0,0.1,0.3,0.25,0.75,4.93,-15.92,True
1.03,0.025,1.0,0.1,0.3,0.5,0.5,4.95,-15.89,True
1.03,0.025,1.0,0.1,0.3,0.75,0.25,4.96,-15.87,True
1.03,0.025,1.0,0.1,0.3,1.0,0.0,4.98,-15.84,True
1.03,0.025,1.0,0.2,0.0,0.0,1.0,-0.58,-6.21,True
1.03,0.025,1.0,0.2,0.0,0.25,0.75,-0.53,-5.65,True
1.03,0.025,1.0,0.2,0.0,0.5,0.5,-0.47,-5.1,True
1.03,0.025,1.0,0.2,0.0,0.75,0.25,-0.42,-4.54,True
1.03,0.025,1.0,0.2,0.0,1.0,0.0,-0.36,-3.98,True
1.03,0.025,1.0,0.2,0.1,0.0,1.0,1.91,-9.27,True
1.03,0.025,1.0,0.2,0.1,0.25,0.75,1.96,-9.23,True
1.03,0.025,1.0,0.2,0.1,0.5,0.5,2.0,-9.18,True
1.03,0.025,1.0,0.2,0.1,0.75,0.25,2.04,-9.14,True
1.03,0.025,1.0,0.2,0.1,1.0,0.0,2.09,-9.1,True
1.03,0.025,1.0,0.2,0.2,0.0,1.0,3.59,-13.45,True
1.03,0.025,1.0,0.2,0.2,0.25,0.75,3.62,-13.41,True
1.03,0.025,1.0,0.2,0.2,0.5,0.5,3.65,-13.38,True
1.03,0.025,1.0,0.2,0.2,0.75,0.25,3.69,-13.35,True
1.03,0.025,1.0,0.2,0.2,1.0,0.0,3.72,-13.31,True
1.03,0.025,1.0,0.2,0.3,0.0,1.0,4.79,-16.08,True
1.03,0.025,1.0,0.2,0.3,0.25,0.75,4.82,-16.04,True
1.03,0.025,1.0,0.2,0.3,0.5,0.5,4.86,-16.0,True
1.03,0.025,1.0,0.2,0.3,0.75,0.25,4.88,-15.96,True
1.03,0.025,1.0,0.2,0.3,1.0,0.0,4.91,-15.92,True
1.03,0.025,1.0,0.3,0.0,0.0,1.0,-0.9,-9.27,True
1.03,0.025,1.0,0.3,0.0,0.25,0.75,-0.81,-8.45,True
1.03,0.025,1.0,0.3,0.0,0.5,0.5,-0.72,-7.62,True
1.03,0.025,1.0,0.3,0.0,0.75,0.25,-0.64,-6.79,True
1.03,0.025,1.0,0.3,0.0,1.0,0.0,-0.56,-5.96,True
1.03,0.025,1.0,0.3,0.1,0.0,1.0,1.78,-9.22,True
1.03,0.025,1.0,0.3,0.1,0.25,0.75,1.84,-9.18,True
1.03,0.025,1.0,0.3,0.1,0.5,0.5,1.9,-9.14,True
1.03,0.025,1.0,0.3,0.1,0.75,0.25,1.96,-9.11,True
1.03,0.025,1.0,0.3,0.1,1.0,0.0,2.02,-9.06,True
1.03,0.025,1.0,0.3,0.2,0.0,1.0,3.44,-13.72,True
1.03,0.025,1.0,0.3,0.2,0.25,0.75,3.49,-13.66,True
1.03,0.025,1.0,0.3,0.2,0.5,0.5,3.54,-13.6,True
1.03,0.025,1.0,0.3,0.2,0.75,0.25,3.59,-13.55,True
1.03,0.025,1.0,0.3,0.2,1.0,0.0,3.64,-13.49,True
1.03,0.025,1.0,0.3,0.3,0.0,1.0,4.69,-16.36,True
1.03,0.025,1.0,0.3,0.3,0.25,0.75,4.73,-16.29,True
1.03,0.025,1.0,0.3,0.3,0.5,0.5,4.77,-16.23,True
1.03,0.025,1.0,0.3,0.3,0.75,0.25,4.81,-16.16,True
1.03,0.025,1.0,0.3,0.3,1.0,0.0,4.85,-16.1,True
1.03,0.025,1.0,0.4,0.0,0.0,1.0,-1.12,-12.31,True
1.03,0.025,1.0,0.4,0.0,0.25,0.75,-1.01,-11.22,True
1.03,0.025,1.0,0.4,0.0,0.5,0.5,-0.9,-10.13,True
1.03,0.025,1.0,0.4,0.0,0.75,0.25,-0.79,-9.03,True
1.03,0.025,1.0,0.4,0.0,1.0,0.0,-0.69,-7.93,True
1.03,0.025,1.0,0.4,0.1,0.0,1.0,1.61,-9.43,True
1.03,0.025,1.0,0.4,0.1,0.25,0.75,1.69,-9.37,True
1.03,0.025,1.0,0.4,0.1,0.5,0.5,1.76,-9.32,True
1.03,0.025,1.0,0.4,0.1,0.75,0.25,1.84,-9.26,True
1.03,0.025,1.0,0.4,0.1,1.0,0.0,1.91,-9.21,True
1.03,0.025,1.0,0.4,0.2,0.0,1.0,3.34,-13.86,True
1.03,0.025,1.0,0.4,0.2,0.25,0.75,3.4,-13.78,True
1.03,0.025,1.0,0.4,0.2,0.5,0.5,3.46,-13.71,True
1.03,0.025,1.0,0.4,0.2,0.75,0.25,3.52,-13.64,True
1.03,0.025,1.0,0.4,0.2,1.0,0.0,3.57,-13.57,True
1.03,0.025,1.0,0.4,0.3,0.0,1.0,4.69,-16.23,True
1.03,0.025,1.0,0.4,0.3,0.25,0.75,4.73,-16.17,True
1.03,0.025,1.0,0.4,0.3,0.5,0.5,4.77,-16.11,True
1.03,0.025,1.0,0.4,0.3,0.75,0.25,4.81,-16.06,True
1.03,0.025,1.0,0.4,0.3,1.0,0.0,4.85,-16.01,True
1.03,0.025,1.01,0.1,0.0,0.0,1.0,-0.2,-1.55,True
1.03,0.025,1.01,0.1,0.0,0.25,0.75,-0.19,-1.45,True
1.03,0.025,1.01,0.1,0.0,0.5,0.5,-0.17,-1.35,True
1.03,0.025,1.01,0.1,0.0,0.75,0.25,-0.16,-1.25,True
1.03,0.025,1.01,0.1,0.0,1.0,0.0,-0.14,-1.15,True
1.03,0.025,1.01,0.1,0.1,0.0,1.0,2.22,-9.14,True
1.03,0.025,1.01,0.1,0.1,0.25,0.75,2.23,-9.12,True
1.03,0.025,1.01,0.1,0.1,0.5,0.5,2.25,-9.1,True
1.03,0.025,1.01,0.1,0.1,0.75,0.25,2.26,-9.08,True
1.03,0.025,1.01,0.1,0.1,1.0,0.0,2.27,-9.06,True
1.03,0.025,1.01,0.1,0.2,0.0,1.0,3.8,-13.54,True
1.03,0.025,1.01,0.1,0.2,0.25,0.75,3.81,-13.51,True
1.03,0.025,1.01,0.1,0.2,0.5,0.5,3.82,-13.48,True
1.03,0.025,1.01,0.1,0.2,0.75,0.25,3.83,-13.45,True
1.03,0.025,1.01,0.1,0.2,1.0,0.0,3.84,-13.42,True
1.03,0.025,1.01,0.1,0.3,0.0,1.0,4.97,-16.12,True
1.03,0.025,1.01,0.1,0.3,0.25,0.75,4.98,-16.09,True
1.03,0.025,1.01,0.1,0.3,0.5,0.5,4.99,-16.06,True
1.03,0.025,1.01,0.1,0.3,0.75,0.25,5.0,-16.03,True
1.03,0.025,1.01,0.1,0.3,1.0,0.0,5.02,-15.99,True
1.03,0.025,1.01,0.2,0.0,0.0,1.0,-0.42,-3.2,True
1.03,0.025,1.01,0.2,0.0,0.25,0.75,-0.39,-2.98,True
1.03,0.025,1.01,0.2,0.0,0.5,0.5,-0.36,-2.77,True
1.03,0.025,1.01,0.2,0.0,0.75,0.25,-0.32,-2.55,True
1.03,0.025,1.01,0.2,0.0,1.0,0.0,-0.29,-2.34,True
1.03,0.025,1.01,0.2,0.1,0.0,1.0,2.06,-9.46,True
1.03,0.025,1.01,0.2,0.1,0.25,0.75,2.08,-9.41,True
1.03,0.025,1.01,0.2,0.1,0.5,0.5,2.11,-9.37,True
1.03,0.025,1.01,0.2,0.1,0.75,0.25,2.13,-9.32,True
1.03,0.025,1.01,0.2,0.1,1.0,0.0,2.16,-9.28,True
1.03,0.025,1.01,0.2,0.2,0.0,1.0,3.65,-13.96,True
1.03,0.025,1.01,0.2,0.2,0.25,0.75,3.68,-13.9,True
1.03,0.025,1.01,0.2,0.2,0.5,0.5,3.7,-13.84,True
1.03,0.025,1.01,0.2,0.2,0.75,0.25,3.72,-13.78,True
1.03,0.025,1.01,0.2,0.2,1.0,0.0,3.75,-13.72,True
1.03,0.025,1.01,0.2,0.3,0.0,1.0,4.83,-16.59,True
1.03,0.025,1.01,0.2,0.3,0.25,0.75,4.86,-16.52,True
1.03,0.025,1.01,0.2,0.3,0.5,0.5,4.88,-16.45,True
1.03,0.025,1.01,0.2,0.3,0.75,0.25,4.9,-16.39,True
1.03,0.025,1.01,0.2,0.3,1.0,0.0,4.93,-16.32,True
1.03,0.025,1.01,0.3,0.0,0.0,1.0,-0.65,-4.95,True
1.03,0.025,1.01,0.3,0.0,0.25,0.75,-0.59,-4.6,True
1.03,0.025,1.01,0.3,0.0,0.5,0.5,-0.54,-4.26,True
1.03,0.025,1.01,0.3,0.0,0.75,0.25,-0.5,-3.92,True
1.03,0.025,1.01,0.3,0.0,1.0,0.0,-0.45,-3.59,True
1.03,0.025,1.01,0.3,0.1,0.0,1.0,1.88,-9.78,True
1.03,0.025,1.01,0.3,0.1,0.25,0.75,1.92,-9.72,True
1.03,0.025,1.01,0.3,0.1,0.5,0.5,1.96,-9.65,True
1.03,0.025,1.01,0.3,0.1,0.75,0.25,2.01,-9.59,True
1.03,0.025,1.01,0.3,0.1,1.0,0.0,2.05,-9.52,True
1.03,0.025,1.01,0.3,0.2,0.0,1.0,3.49,-14.39,True
1.03,0.025,1.01,0.3,0.2,0.25,0.75,3.53,-14.3,True
1.03,0.025,1.01,0.3,0.2,0.5,0.5,3.57,-14.21,True
1.03,0.025,1.01,0.3,0.2,0.75,0.25,3.61,-14.12,True
1.03,0.025,1.01,0.3,0.2,1.0,0.0,3.65,-14.03,True
1.03,0.025,1.01,0.3,0.3,0.0,1.0,4.73,-16.95,True
1.03,0.025,1.01,0.3,0.3,0.25,0.75,4.76,-16.86,True
1.03,0.025,1.01,0.3,0.3,0.5,0.5,4.79,-16.77,True
1.03,0.025,1.01,0.3,0.3,0.75,0.25,4.83,-16.68,True
1.03,0.025,1.01,0.3,0.3,1.0,0.0,4.86,-16.59,True
1.03,0.025,1.01,0.4,0.0,0.0,1.0,-0.88,-6.81,True
1.03,0.025,1.01,0.4,0.0,0.25,0.75,-0.81,-6.31,True
1.03,0.025,1.01,0.4,0.0,0.5,0.5,-0.74,-5.83,True
1.03,0.025,1.01,0.4,0.0,0.75,0.25,-0.67,-5.35,True
1.03,0.025,1.01,0.4,0.0,1.0,0.0,-0.6,-4.89,True
1.03,0.025,1.01,0.4,0.1,0.0,1.0,1.7,-10.13,True
1.03,0.025,1.01,0.4,0.1,0.25,0.75,1.75,-10.04,True
1.03,0.025,1.01,0.4,0.1,0.5,0.5,1.81,-9.94,True
1.03,0.025,1.01,0.4,0.1,0.75,0.25,1.87,-9.85,True
1.03,0.025,1.01,0.4,0.1,1.0,0.0,1.93,-9.76,True
1.03,0.025,1.01,0.4,0.2,0.0,1.0,3.39,-14.66,True
1.03,0.025,1.01,0.4,0.2,0.25,0.75,3.44,-14.54,True
1.03,0.025,1.01,0.4,0.2,0.5,0.5,3.49,-14.43,True
1.03,0.025,1.01,0.4,0.2,0.75,0.25,3.53,-14.32,True
1.03,0.025,1.01,0.4,0.2,1.0,0.0,3.58,-14.22,True
1.03,0.025,1.01,0.4,0.3,0.0,1.0,4.72,-16.89,True
1.03,0.025,1.01,0.4,0.3,0.25,0.75,4.76,-16.8,True
1.03,0.025,1.01,0.4,0.3,0.5,0.5,4.79,-16.72,True
1.03,0.025,1.01,0.4,0.3,0.75,0.25,4.82,-16.63,True
1.03,0.025,1.01,0.4,0.3,1.0,0.0,4.86,-16.55,True
1.03,0.025,1.02,0.1,0.0,0.0,1.0,-0.11,-1.98,True
1.03,0.025,1.02,0.1,0.0,0.25,0.75,-0.11,-1.81,True
1.03,0.025,1.02,0.1,0.0,0.5,0.5,-0.1,-1.63,True
1.03,0.025,1.02,0.1,0.0,0.75,0.25,-0.09,-1.46,True
1.03,0.025,1.02,0.1,0.0,1.0,0.0,-0.08,-1.29,True
1.03,0.025,1.02,0.1,0.1,0.0,1.0,2.28,-8.98,True
1.03,0.025,1.02,0.1,0.1,0.25,0.75,2.28,-8.96,True
1.03,0.025,1.02,0.1,0.1,0.5,0.5,2.29,-8.95,True
1.03,0.025,1.02,0.1,0.1,0.75,0.25,2.3,-8.94,True
1.03,0.025,1.02,0.1,0.1,1.0,0.0,2.31,-8.93,True
1.03,0.025,1.02,0.1,0.2,0.0,1.0,3.84,-13.34,True
1.03,0.025,1.02,0.1,0.2,0.25,0.75,3.85,-13.32,True
1.03,0.025,1.02,0.1,0.2,0.5,0.5,3.85,-13.3,True
1.03,0.025,1.02,0.1,0.2,0.75,0.25,3.86,-13.29,True
1.03,0.025,1.02,0.1,0.2,1.0,0.0,3.87,-13.27,True
1.03,0.025,1.02,0.1,0.3,0.0,1.0,5.01,-15.92,True
1.03,0.025,1.02,0.1,0.3,0.25,0.75,5.02,-15.9,True
1.03,0.025,1.02,0.1,0.3,0.5,0.5,5.02,-15.88,True
1.03,0.025,1.02,0.1,0.3,0.75,0.25,5.03,-15.86,True
1.03,0.025,1.02,0.1,0.3,1.0,0.0,5.04,-15.84,True
1.03,0.025,1.02,0.2,0.0,0.0,1.0,-0.24,-3.93,True
1.03,0.025,1.02,0.2,0.0,0.25,0.75,-0.22,-3.59,True
1.03,0.025,1.02,0.2,0.0,0.5,0.5,-0.2,-3.25,True
1.03,0.025,1.02,0.2,0.0,0.75,0.25,-0.18,-2.91,True
1.03,0.025,1.02,0.2,0.0,1.0,0.0,-0.16,-2.57,True
1.03,0.025,1.02,0.2,0.1,0.0,1.0,2.18,-9.16,True
1.03,0.025,1.02,0.2,0.1,0.25,0.75,2.2,-9.13,True
1.03,0.025,1.02,0.2,0.1,0.5,0.5,2.21,-9.11,True
1.03,0.025,1.02,0.2,0.1,0.75,0.25,2.23,-9.08,True
1.03,0.025,1.02,0.2,0.1,1.0,0.0,2.24,-9.06,True
1.03,0.025,1.02,0.2,0.2,0.0,1.0,3.75,-13.6,True
1.03,0.025,1.02,0.2,0.2,0.25,0.75,3.77,-13.56,True
1.03,0.025,1.02,0.2,0.2,0.5,0.5,3.78,-13.52,True
1.03,0.025,1.02,0.2,0.2,0.75,0.25,3.8,-13.48,True
1.03,0.025,1.02,0.2,0.2,1.0,0.0,3.81,-13.45,True
1.03,0.025,1.02,0.2,0.3,0.0,1.0,4.93,-16.21,True
1.03,0.025,1.02,0.2,0.3,0.25,0.75,4.94,-16.17,True
1.03,0.025,1.02,0.2,0.3,0.5,0.5,4.96,-16.12,True
1.03,0.025,1.02,0.2,0.3,0.75,0.25,4.97,-16.08,True
1.03,0.025,1.02,0.2,0.3,1.0,0.0,4.99,-16.04,True
1.03,0.025,1.02,0.3,0.0,0.0,1.0,-0.36,-5.87,True
1.03,0.025,1.02,0.3,0.0,0.25,0.75,-0.33,-5.37,True
1.03,0.025,1.02,0.3,0.0,0.5,0.5,-0.31,-4.86,True
1.03,0.025,1.02,0.3,0.0,0.75,0.25,-0.28,-4.35,True
1.03,0.025,1.02,0.3,0.0,1.0,0.0,-0.25,-3.85,True
1.03,0.025,1.02,0.3,0.1,0.0,1.0,2.08,-9.36,True
1.03,0.025,1.02,0.3,0.1,0.25,0.75,2.11,-9.32,True
1.03,0.025,1.02,0.3,0.1,0.5,0.5,2.13,-9.28,True
1.03,0.025,1.02,0.3,0.1,0.75,0.25,2.16,-9.23,True
1.03,0.025,1.02,0.3,0.1,1.0,0.0,2.18,-9.19,True
1.03,0.025,1.02,0.3,0.2,0.0,1.0,3.67,-13.87,True
1.03,0.025,1.02,0.3,0.2,0.25,0.75,3.69,-13.81,True
1.03,0.025,1.02,0.3,0.2,0.5,0.5,3.71,-13.75,True
1.03,0.025,1.02,0.3,0.2,0.75,0.25,3.74,-13.69,True
1.03,0.025,1.02,0.3,0.2,1.0,0.0,3.76,-13.63,True
1.03,0.025,1.02,0.3,0.3,0.0,1.0,4.86,-16.46,True
1.03,0.025,1.02,0.3,0.3,0.25,0.75,4.88,-16.39,True
1.03,0.025,1.02,0.3,0.3,0.5,0.5,4.9,-16.33,True
1.03,0.025,1.02,0.3,0.3,0.75,0.25,4.92,-16.27,True
1.03,0.025,1.02,0.3,0.3,1.0,0.0,4.94,-16.2,True
1.03,0.025,1.02,0.4,0.0,0.0,1.0,-0.5,-7.79,True
1.03,0.025,1.02,0.4,0.0,0.25,0.75,-0.46,-7.12,True
1.03,0.025,1.02,0.4,0.0,0.5,0.5,-0.42,-6.45,True
1.03,0.025,1.02,0.4,0.0,0.75,0.25,-0.38,-5.78,True
1.03,0.025,1.02,0.4,0.0,1.0,0.0,-0.34,-5.11,True
1.03,0.025,1.02,0.4,0.1,0.0,1.0,1.98,-9.57,True
1.03,0.025,1.02,0.4,0.1,0.25,0.75,2.01,-9.51,True
1.03,0.025,1.02,0.4,0.1,0.5,0.5,2.05,-9.45,True
1.03,0.025,1.02,0.4,0.1,0.75,0.25,2.08,-9.39,True
1.03,0.025,1.02,0.4,0.1,1.0,0.0,2.11,-9.34,True
1.03,0.025,1.02,0.4,0.2,0.0,1.0,3.59,-14.1,True
1.03,0.025,1.02,0.4,0.2,0.25,0.75,3.62,-14.02,True
1.03,0.025,1.02,0.4,0.2,0.5,0.5,3.65,-13.94,True
1.03,0.025,1.02,0.4,0.2,0.75,0.25,3.68,-13.86,True
1.03,0.025,1.02,0.4,0.2,1.0,0.0,3.71,-13.78,True
1.03,0.025,1.02,0.4,0.3,0.0,1.0,4.86,-16.48,True
1.03,0.025,1.02,0.4,0.3,0.25,0.75,4.88,-16.41,True
1.03,0.025,1.02,0.4,0.3,0.5,0.5,4.9,-16.35,True
1.03,0.025,1.02,0.4,0.3,0.75,0.25,4.92,-16.29,True
1.03,0.025,1.02,0.4,0.3,1.0,0.0,4.94,-16.23,True
1.03,0.03,0.95,0.1,0.0,0.0,1.0,0.76,-3.18,True
1.03,0.03,0.95,0.1,0.0,0.25,0.75,0.73,-2.91,True
1.03,0.03,0.95,0.1,0.0,0.5,0.5,0.69,-2.65,True
1.03,0.03,0.95,0.1,0.0,0.75,0.25,0.65,-2.39,True
1.03,0.03,0.95,0.1,0.0,1.0,0.0,0.61,-2.12,True
1.03,0.03,0.95,0.1,0.1,0.0,1.0,2.69,-7.12,True
1.03,0.03,0.95,0.1,0.1,0.25,0.75,2.67,-7.18,True
1.03,0.03,0.95,0.1,0.1,0.5,0.5,2.64,-7.24,True
1.03,0.03,0.95,0.1,0.1,0.75,0.25,2.61,-7.3,True
1.03,0.03,0.95,0.1,0.1,1.0,0.0,2.58,-7.36,True
1.03,0.03,0.95,0.1,0.2,0.0,1.0,4.1,-11.15,True
1.03,0.03,0.95,0.1,0.2,0.25,0.75,4.08,-11.23,True
1.03,0.03,0.95,0.1,0.2,0.5,0.5,4.06,-11.31,True
1.03,0.03,0.95,0.1,0.2,0.75,0.25,4.03,-11.39,True
1.03,0.03,0.95,0.1,0.2,1.0,0.0,4.01,-11.47,True
1.03,0.03,0.95,0.1,0.3,0.0,1.0,5.26,-13.63,True
1.03,0.03,0.95,0.1,0.3,0.25,0.75,5.24,-13.73,True
1.03,0.03,0.95,0.1,0.3,0.5,0.5,5.21,-13.83,True
1.03,0.03,0.95,0.1,0.3,0.75,0.25,5.19,-13.93,True
1.03,0.03,0.95,0.1,0.3,1.0,0.0,5.16,-14.04,True
1.03,0.03,0.95,0.2,0.0,0.0,1.0,1.42,-6.08,True
1.03,0.03,0.95,0.2,0.0,0.25,0.75,1.36,-5.57,True
1.03,0.03,0.95,0.2,0.0,0.5,0.5,1.3,-5.06,True
1.03,0.03,0.95,0.2,0.0,0.75,0.25,1.23,-4.56,True
1.03,0.03,0.95,0.2,0.0,1.0,0.0,1.16,-4.05,True
1.03,0.03,0.95,0.2,0.1,0.0,1.0,3.4,-6.33,True
1.03,0.03,0.95,0.2,0.1,0.25,0.75,3.33,-6.44,True
1.03,0.03,0.95,0.2,0.1,0.5,0.5,3.26,-6.56,True
1.03,0.03,0.95,0.2,0.1,0.75,0.25,3.19,-6.69,True
1.03,0.03,0.95,0.2,0.1,1.0,0.0,3.12,-6.82,True
1.03,0.03,0.95,0.2,0.2,0.0,1.0,4.84,-9.77,True
1.03,0.03,0.95,0.2,0.2,0.25,0.75,4.77,-9.95,True
1.03,0.03,0.95,0.2,0.2,0.5,0.5,4.69,-10.13,True
1.03,0.03,0.95,0.2,0.2,0.75,0.25,4.62,-10.32,True
1.03,0.03,0.95,0.2,0.2,1.0,0.0,4.54,-10.52,True
1.03,0.03,0.95,0.2,0.3,0.0,1.0,5.95,-12.88,True
1.03,0.03,0.95,0.2,0.3,0.25,0.75,5.87,-12.87,True
1.03,0.03,0.95,0.2,0.3,0.5,0.5,5.8,-12.86,True
1.03,0.03,0.95,0.2,0.3,0.75,0.25,5.73,-12.85,True
1.03,0.03,0.95,0.2,0.3,1.0,0.0,5.65,-12.88,True
1.03,0.03,0.95,0.3,0.0,0.0,1.0,2.37,-7.15,True
1.03,0.03,0.95,0.3,0.0,0.25,0.75,2.25,-6.4,True
1.03,0.03,0.95,0.3,0.0,0.5,0.5,2.12,-5.61,True
1.03,0.03,0.95,0.3,0.0,0.75,0.25,1.98,-4.78,True
1.03,0.03,0.95,0.3,0.0,1.0,0.0,1.84,-4.05,True
1.03,0.03,0.95,0.3,0.1,0.0,1.0,4.21,-5.93,True
1.03,0.03,0.95,0.3,0.1,0.25,0.75,4.1,-5.59,True
1.03,0.03,0.95,0.3,0.1,0.5,0.5,3.97,-5.75,True
1.03,0.03,0.95,0.3,0.1,0.75,0.25,3.85,-5.94,True
1.03,0.03,0.95,0.3,0.1,1.0,0.0,3.71,-6.13,True
1.03,0.03,0.95,0.3,0.2,0.0,1.0,5.54,-8.97,True
1.03,0.03,0.95,0.3,0.2,0.25,0.75,5.43,-8.96,True
1.03,0.03,0.95,0.3,0.2,0.5,0.5,5.32,-9.04,True
1.03,0.03,0.95,0.3,0.2,0.75,0.25,5.2,-9.31,True
1.03,0.03,0.95,0.3,0.2,1.0,0.0,5.07,-9.6,True
1.03,0.03,0.95,0.3,0.3,0.0,1.0,6.65,-12.93,True
1.03,0.03,0.95,0.3,0.3,0.25,0.75,6.54,-12.91,True
1.03,0.03,0.95,0.3,0.3,0.5,0.5,6.42,-12.89,True
1.03,0.03,0.95,0.3,0.3,0.75,0.25,6.3,-12.88,True
1.03,0.03,0.95,0.3,0.3,1.0,0.0,6.17,-12.86,True
1.03,0.03,0.95,0.4,0.0,0.0,1.0,3.35,-8.88,True
1.03,0.03,0.95,0.4,0.0,0.25,0.75,3.17,-7.98,True
1.03,0.03,0.95,0.4,0.0,0.5,0.5,2.98,-7.03,True
1.03,0.03,0.95,0.4,0.0,0.75,0.25,2.78,-6.03,True
1.03,0.03,0.95,0.4,0.0,1.0,0.0,2.57,-4.97,True
1.03,0.03,0.95,0.4,0.1,0.0,1.0,5.01,-7.68,True
1.03,0.03,0.95,0.4,0.1,0.25,0.75,4.84,-6.79,True
1.03,0.03,0.95,0.4,0.1,0.5,0.5,4.67,-5.84,True
1.03,0.03,0.95,0.4,0.1,0.75,0.25,4.49,-5.3,True
1.03,0.03,0.95,0.4,0.1,1.0,0.0,4.31,-5.54,True
1.03,0.03,0.95,0.4,0.2,0.0,1.0,6.33,-8.92,True
1.03,0.03,0.95,0.4,0.2,0.25,0.75,6.18,-8.95,True
1.03,0.03,0.95,0.4,0.2,0.5,0.5,6.01,-8.97,True
1.03,0.03,0.95,0.4,0.2,0.75,0.25,5.84,-8.95,True
1.03,0.03,0.95,0.4,0.2,1.0,0.0,5.65,-8.93,True
1.03,0.03,0.95,0.4,0.3,0.0,1.0,7.35,-12.67,True
1.03,0.03,0.95,0.4,0.3,0.25,0.75,7.21,-12.72,True
1.03,0.03,0.95,0.4,0.3,0.5,0.5,7.05,-12.77,True
1.03,0.03,0.95,0.4,0.3,0.75,0.25,6.9,-12.82,True
1.03,0.03,0.95,0.4,0.3,1.0,0.0,6.73,-12.87,True
1.03,0.03,0.97,0.1,0.0,0.0,1.0,0.7,-2.98,True
1.03,0.03,0.97,0.1,0.0,0.25,0.75,0.65,-2.74,True
1.03,0.03,0.97,0.1,0.0,0.5,0.5,0.6,-2.51,True
1.03,0.03,0.97,0.1,0.0,0.75,0.25,0.54,-2.27,True
1.03,0.03,0.97,0.1,0.0,1.0,0.0,0.49,-2.03,True
1.03,0.03,0.97,0.1,0.1,0.0,1.0,2.69,-7.18,True
1.03,0.03,0.97,0.1,0.1,0.25,0.75,2.64,-7.24,True
1.03,0.03,0.97,0.1,0.1,0.5,0.5,2.6,-7.31,True
1.03,0.03,0.97,0.1,0.1,0.75,0.25,2.55,-7.37,True
1.03,0.03,0.97,0.1,0.1,1.0,0.0,2.51,-7.43,True
1.03,0.03,0.97,0.1,0.2,0.0,1.0,4.11,-11.2,True
1.03,0.03,0.97,0.1,0.2,0.25,0.75,4.07,-11.28,True
1.03,0.03,0.97,0.1,0.2,0.5,0.5,4.03,-11.37,True
1.03,0.03,0.97,0.1,0.2,0.75,0.25,3.99,-11.46,True
1.03,0.03,0.97,0.1,0.2,1.0,0.0,3.95,-11.55,True
1.03,0.03,0.97,0.1,0.3,0.0,1.0,5.27,-13.66,True
1.03,0.03,0.97,0.1,0.3,0.25,0.75,5.23,-13.77,True
1.03,0.03,0.97,0.1,0.3,0.5,0.5,5.19,-13.88,True
1.03,0.03,0.97,0.1,0.3,0.75,0.25,5.14,-14.0,True
1.03,0.03,0.97,0.1,0.3,1.0,0.0,5.1,-14.11,True
1.03,0.03,0.97,0.2,0.0,0.0,1.0,1.29,-5.94,True
1.03,0.03,0.97,0.2,0.0,0.25,0.75,1.2,-5.47,True
1.03,0.03,0.97,0.2,0.0,0.5,0.5,1.11,-5.0,True
1.03,0.03,0.97,0.2,0.0,0.75,0.25,1.02,-4.53,True
1.03,0.03,0.97,0.2,0.0,1.0,0.0,0.93,-4.06,True
1.03,0.03,0.97,0.2,0.1,0.0,1.0,3.31,-6.58,True
1.03,0.03,0.97,0.2,0.1,0.25,0.75,3.22,-6.69,True
1.03,0.03,0.97,0.2,0.1,0.5,0.5,3.13,-6.81,True
1.03,0.03,0.97,0.2,0.1,0.75,0.25,3.04,-6.93,True
1.03,0.03,0.97,0.2,0.1,1.0,0.0,2.95,-7.06,True
1.03,0.03,0.97,0.2,0.2,0.0,1.0,4.8,-10.04,True
1.03,0.03,0.97,0.2,0.2,0.25,0.75,4.7,-10.22,True
1.03,0.03,0.97,0.2,0.2,0.5,0.5,4.61,-10.4,True
1.03,0.03,0.97,0.2,0.2,0.75,0.25,4.52,-10.6,True
1.03,0.03,0.97,0.2,0.2,1.0,0.0,4.42,-10.8,True
1.03,0.03,0.97,0.2,0.3,0.0,1.0,5.92,-12.9,True
1.03,0.03,0.97,0.2,0.3,0.25,0.75,5.83,-12.88,True
1.03,0.03,0.97,0.2,0.3,0.5,0.5,5.74,-12.86,True
1.03,0.03,0.97,0.2,0.3,0.75,0.25,5.65,-12.91,True
1.03,0.03,0.97,0.2,0.3,1.0,0.0,5.55,-13.16,True
1.03,0.03,0.97,0.3,0.0,0.0,1.0,2.0,-8.88,True
1.03,0.03,0.97,0.3,0.0,0.25,0.75,1.87,-8.18,True
1.03,0.03,0.97,0.3,0.0,0.5,0.5,1.73,-7.48,True
1.03,0.03,0.97,0.3,0.0,0.75,0.25,1.58,-6.78,True
1.03,0.03,0.97,0.3,0.0,1.0,0.0,1.43,-6.08,True
1.03,0.03,0.97,0.3,0.1,0.0,1.0,3.99,-5.9,True
1.03,0.03,0.97,0.3,0.1,0.25,0.75,3.86,-6.05,True
1.03,0.03,0.97,0.3,0.1,0.5,0.5,3.72,-6.2,True
1.03,0.03,0.97,0.3,0.1,0.75,0.25,3.58,-6.37,True
1.03,0.03,0.97,0.3,0.1,1.0,0.0,3.44,-6.54,True
1.03,0.03,0.97,0.3,0.2,0.0,1.0,5.38,-9.14,True
1.03,0.03,0.97,0.3,0.2,0.25,0.75,5.24,-9.36,True
1.03,0.03,0.97,0.3,0.2,0.5,0.5,5.11,-9.6,True
1.03,0.03,0.97,0.3,0.2,0.75,0.25,4.97,-9.86,True
1.03,0.03,0.97,0.3,0.2,1.0,0.0,4.83,-10.13,True
1.03,0.03,0.97,0.3,0.3,0.0,1.0,6.43,-12.9,True
1.03,0.03,0.97,0.3,0.3,0.25,0.75,6.33,-12.97,True
1.03,0.03,0.97,0.3,0.3,0.5,0.5,6.21,-12.98,True
1.03,0.03,0.97,0.3,0.3,0.75,0.25,6.07,-12.95,True
1.03,0.03,0.97,0.3,0.3,1.0,0.0,5.93,-12.91,True
1.03,0.03,0.97,0.4,0.0,0.0,1.0,2.66,-11.8,True
1.03,0.03,0.97,0.4,0.0,0.25,0.75,2.5,-10.87,True
1.03,0.03,0.97,0.4,0.0,0.5,0.5,2.32,-9.94,True
1.03,0.03,0.97,0.4,0.0,0.75,0.25,2.14,-9.01,True
1.03,0.03,0.97,0.4,0.0,1.0,0.0,1.94,-8.08,True
1.03,0.03,0.97,0.4,0.1,0.0,1.0,4.49,-8.86,True
1.03,0.03,0.97,0.4,0.1,0.25,0.75,4.34,-7.91,True
1.03,0.03,0.97,0.4,0.1,0.5,0.5,4.19,-6.96,True
1.03,0.03,0.97,0.4,0.1,0.75,0.25,4.01,-6.04,True
1.03,0.03,0.97,0.4,0.1,1.0,0.0,3.83,-6.17,True
1.03,0.03,0.97,0.4,0.2,0.0,1.0,5.79,-8.79,True
1.03,0.03,0.97,0.4,0.2,0.25,0.75,5.66,-8.85,True
1.03,0.03,0.97,0.4,0.2,0.5,0.5,5.52,-8.92,True
1.03,0.03,0.97,0.4,0.2,0.75,0.25,5.37,-9.2,True
1.03,0.03,0.97,0.4,0.2,1.0,0.0,5.2,-9.55,True
1.03,0.03,0.97,0.4,0.3,0.0,1.0,6.83,-12.52,True
1.03,0.03,0.97,0.4,0.3,0.25,0.75,6.7,-12.61,True
1.03,0.03,0.97,0.4,0.3,0.5,0.5,6.56,-12.7,True
1.03,0.03,0.97,0.4,0.3,0.75,0.25,6.41,-12.79,True
1.03,0.03,0.97,0.4,0.3,1.0,0.0,6.26,-12.89,True
1.03,0.03,0.99,0.1,0.0,0.0,1.0,-0.33,-3.51,True
1.03,0.03,0.99,0.1,0.0,0.25,0.75,-0.3,-3.2,True
1.03,0.03,0.99,0.1,0.0,0.5,0.5,-0.27,-2.89,True
1.03,0.03,0.99,0.1,0.0,0.75,0.25,-0.24,-2.58,True
1.03,0.03,0.99,0.1,0.0,1.0,0.0,-0.22,-2.27,True
1.03,0.03,0.99,0.1,0.1,0.0,1.0,2.12,-9.15,True
1.03,0.03,0.99,0.1,0.1,0.25,0.75,2.14,-9.12,True
1.03,0.03,0.99,0.1,0.1,0.5,0.5,2.16,-9.1,True
1.03,0.03,0.99,0.1,0.1,0.75,0.25,2.18,-9.07,True
1.03,0.03,0.99,0.1,0.1,1.0,0.0,2.21,-9.05,True
1.03,0.03,0.99,0.1,0.2,0.0,1.0,3.7,-13.54,True
1.03,0.03,0.99,0.1,0.2,0.25,0.75,3.72,-13.5,True
1.03,0.03,0.99,0.1,0.2,0.5,0.5,3.74,-13.47,True
1.03,0.03,0.99,0.1,0.2,0.75,0.25,3.76,-13.44,True
1.03,0.03,0.99,0.1,0.2,1.0,0.0,3.78,-13.4,True
1.03,0.03,0.99,0.1,0.3,0.0,1.0,4.88,-16.12,True
1.03,0.03,0.99,0.1,0.3,0.25,0.75,4.9,-16.08,True
1.03,0.03,0.99,0.1,0.3,0.5,0.5,4.91,-16.04,True
1.03,0.03,0.99,0.1,0.3,0.75,0.25,4.93,-16.01,True
1.03,0.03,0.99,0.1,0.3,1.0,0.0,4.95,-15.97,True
1.03,0.03,0.99,0.2,0.0,0.0,1.0,-0.66,-6.97,True
1.03,0.03,0.99,0.2,0.0,0.25,0.75,-0.61,-6.36,True
1.03,0.03,0.99,0.2,0.0,0.5,0.5,-0.55,-5.75,True
1.03,0.03,0.99,0.2,0.0,0.75,0.25,-0.49,-5.14,True
1.03,0.03,0.99,0.2,0.0,1.0,0.0,-0.44,-4.52,True
1.03,0.03,0.99,0.2,0.1,0.0,1.0,1.85,-9.46,True
1.03,0.03,0.99,0.2,0.1,0.25,0.75,1.89,-9.41,True
1.03,0.03,0.99,0.2,0.1,0.5,0.5,1.94,-9.36,True
1.03,0.03,0.99,0.2,0.1,0.75,0.25,1.98,-9.3,True
1.03,0.03,0.99,0.2,0.1,1.0,0.0,2.03,-9.25,True
1.03,0.03,0.99,0.2,0.2,0.0,1.0,3.48,-13.9,True
1.03,0.03,0.99,0.2,0.2,0.25,0.75,3.52,-13.84,True
1.03,0.03,0.99,0.2,0.2,0.5,0.5,3.56,-13.77,True
1.03,0.03,0.99,0.2,0.2,0.75,0.25,3.6,-13.71,True
1.03,0.03,0.99,0.2,0.2,1.0,0.0,3.63,-13.65,True
1.03,0.03,0.99,0.2,0.3,0.0,1.0,4.76,-16.29,True
1.03,0.03,0.99,0.2,0.3,0.25,0.75,4.79,-16.25,True
1.03,0.03,0.99,0.2,0.3,0.5,0.5,4.82,-16.2,True
1.03,0.03,0.99,0.2,0.3,0.75,0.25,4.85,-16.14,True
1.03,0.03,0.99,0.2,0.3,1.0,0.0,4.87,-16.09,True
1.03,0.03,0.99,0.3,0.0,0.0,1.0,-1.0,-10.37,True
1.03,0.03,0.99,0.3,0.0,0.25,0.75,-0.92,-9.48,True
1.03,0.03,0.99,0.3,0.0,0.5,0.5,-0.83,-8.57,True
1.03,0.03,0.99,0.3,0.0,0.75,0.25,-0.74,-7.67,True
1.03,0.03,0.99,0.3,0.0,1.0,0.0,-0.66,-6.76,True
1.03,0.03,0.99,0.3,0.1,0.0,1.0,1.6,-9.73,True
1.03,0.03,0.99,0.3,0.1,0.25,0.75,1.67,-9.66,True
1.03,0.03,0.99,0.3,0.1,0.5,0.5,1.74,-9.59,True
1.03,0.03,0.99,0.3,0.1,0.75,0.25,1.8,-9.52,True
1.03,0.03,0.99,0.3,0.1,1.0,0.0,1.87,-9.44,True
1.03,0.03,0.99,0.3,0.2,0.0,1.0,3.38,-13.96,True
1.03,0.03,0.99,0.3,0.2,0.25,0.75,3.43,-13.9,True
1.03,0.03,0.99,0.3,0.2,0.5,0.5,3.48,-13.84,True
1.03,0.03,0.99,0.3,0.2,0.75,0.25,3.53,-13.78,True
1.03,0.03,0.99,0.3,0.2,1.0,0.0,3.58,-13.71,True
1.03,0.03,0.99,0.3,0.3,0.0,1.0,4.69,-16.45,True
1.03,0.03,0.99,0.3,0.3,0.25,0.75,4.73,-16.39,True
1.03,0.03,0.99,0.3,0.3,0.5,0.5,4.76,-16.33,True
1.03,0.03,0.99,0.3,0.3,0.75,0.25,4.8,-16.27,True
1.03,0.03,0.99,0.3,0.3,1.0,0.0,4.84,-16.21,True
1.03,0.03,0.99,0.4,0.0,0.0,1.0,-1.35,-13.72,True
1.03,0.03,0.99,0.4,0.0,0.25,0.75,-1.23,-12.55,True
1.03,0.03,0.99,0.4,0.0,0.5,0.5,-1.12,-11.36,True
1.03,0.03,0.99,0.4,0.0,0.75,0.25,-1.0,-10.17,True
1.03,0.03,0.99,0.4,0.0,1.0,0.0,-0.89,-8.97,True
1.03,0.03,0.99,0.4,0.1,0.0,1.0,1.49,-9.8,True
1.03,0.03,0.99,0.4,0.1,0.25,0.75,1.57,-9.73,True
1.03,0.03,0.99,0.4,0.1,0.5,0.5,1.64,-9.66,True
1.03,0.03,0.99,0.4,0.1,0.75,0.25,1.72,-9.58,True
1.03,0.03,0.99,0.4,0.1,1.0,0.0,1.8,-9.51,True
1.03,0.03,0.99,0.4,0.2,0.0,1.0,3.31,-14.11,True
1.03,0.03,0.99,0.4,0.2,0.25,0.75,3.37,-14.04,True
1.03,0.03,0.99,0.4,0.2,0.5,0.5,3.42,-13.96,True
1.03,0.03,0.99,0.4,0.2,0.75,0.25,3.48,-13.89,True
1.03,0.03,0.99,0.4,0.2,1.0,0.0,3.53,-13.81,True
1.03,0.03,0.99,0.4,0.3,0.0,1.0,4.64,-16.6,True
1.03,0.03,0.99,0.4,0.3,0.25,0.75,4.68,-16.53,True
1.03,0.03,0.99,0.4,0.3,0.5,0.5,4.72,-16.46,True
1.03,0.03,0.99,0.4,0.3,0.75,0.25,4.76,-16.4,True
1.03,0.03,0.99,0.4,0.3,1.0,0.0,4.8,-16.33,True
1.03,0.03,1.0,0.1,0.0,0.0,1.0,-0.23,-2.6,True
1.03,0.03,1.0,0.1,0.0,0.25,0.75,-0.21,-2.37,True
1.03,0.03,1.0,0.1,0.0,0.5,0.5,-0.19,-2.14,True
1.03,0.03,1.0,0.1,0.0,0.75,0.25,-0.17,-1.91,True
1.03,0.03,1.0,0.1,0.0,1.0,0.0,-0.15,-1.68,True
1.03,0.03,1.0,0.1,0.1,0.0,1.0,2.19,-9.06,True
1.03,0.03,1.0,0.1,0.1,0.25,0.75,2.2,-9.04,True
1.03,0.03,1.0,0.1,0.1,0.5,0.5,2.22,-9.03,True
1.03,0.03,1.0,0.1,0.1,0.75,0.25,2.24,-9.01,True
1.03,0.03,1.0,0.1,0.1,1.0,0.0,2.25,-8.99,True
1.03,0.03,1.0,0.1,0.2,0.0,1.0,3.76,-13.44,True
1.03,0.03,1.0,0.1,0.2,0.25,0.75,3.77,-13.41,True
1.03,0.03,1.0,0.1,0.2,0.5,0.5,3.79,-13.39,True
1.03,0.03,1.0,0.1,0.2,0.75,0.25,3.8,-13.36,True
1.03,0.03,1.0,0.1,0.2,1.0,0.0,3.82,-13.34,True
1.03,0.03,1.0,0.1,0.3,0.0,1.0,4.93,-16.02,True
1.03,0.03,1.0,0.1,0.3,0.25,0.75,4.95,-15.99,True
1.03,0.03,1.0,0.1,0.3,0.5,0.5,4.96,-15.96,True
1.03,0.03,1.0,0.1,0.3,0.75,0.25,4.98,-15.93,True
1.03,0.03,1.0,0.1,0.3,1.0,0.0,4.99,-15.9,True
1.03,0.03,1.0,0.2,0.0,0.0,1.0,-0.47,-5.2,True
1.03,0.03,1.0,0.2,0.0,0.25,0.75,-0.43,-4.74,True
1.03,0.03,1.0,0.2,0.0,0.5,0.5,-0.39,-4.28,True
1.03,0.03,1.0,0.2,0.0,0.75,0.25,-0.35,-3.82,True
1.03,0.03,1.0,0.2,0.0,1.0,0.0,-0.31,-3.36,True
1.03,0.03,1.0,0.2,0.1,0.0,1.0,1.99,-9.28,True
1.03,0.03,1.0,0.2,0.1,0.25,0.75,2.02,-9.25,True
1.03,0.03,1.0,0.2,0.1,0.5,0.5,2.06,-9.21,True
1.03,0.03,1.0,0.2,0.1,0.75,0.25,2.09,-9.18,True
1.03,0.03,1.0,0.2,0.1,1.0,0.0,2.12,-9.14,True
1.03,0.03,1.0,0.2,0.2,0.0,1.0,3.59,-13.71,True
1.03,0.03,1.0,0.2,0.2,0.25,0.75,3.62,-13.66,True
1.03,0.03,1.0,0.2,0.2,0.5,0.5,3.65,-13.62,True
1.03,0.03,1.0,0.2,0.2,0.75,0.25,3.68,-13.57,True
1.03,0.03,1.0,0.2,0.2,1.0,0.0,3.71,-13.52,True
1.03,0.03,1.0,0.2,0.3,0.0,1.0,4.86,-16.1,True
1.03,0.03,1.0,0.2,0.3,0.25,0.75,4.88,-16.07,True
1.03,0.03,1.0,0.2,0.3,0.5,0.5,4.9,-16.04,True
1.03,0.03,1.0,0.2,0.3,0.75,0.25,4.92,-16.0,True
1.03,0.03,1.0,0.2,0.3,1.0,0.0,4.94,-15.97,True
1.03,0.03,1.0,0.3,0.0,0.0,1.0,-0.71,-7.79,True
1.03,0.03,1.0,0.3,0.0,0.25,0.75,-0.65,-7.11,True
1.03,0.03,1.0,0.3,0.0,0.5,0.5,-0.59,-6.42,True
1.03,0.03,1.0,0.3,0.0,0.75,0.25,-0.53,-5.74,True
1.03,0.03,1.0,0.3,0.0,1.0,0.0,-0.47,-5.05,True
1.03,0.03,1.0,0.3,0.1,0.0,1.0,1.8,-9.47,True
1.03,0.03,1.0,0.3,0.1,0.25,0.75,1.85,-9.43,True
1.03,0.03,1.0,0.3,0.1,0.5,0.5,1.9,-9.38,True
1.03,0.03,1.0,0.3,0.1,0.75,0.25,1.95,-9.33,True
1.03,0.03,1.0,0.3,0.1,1.0,0.0,2.0,-9.28,True
1.03,0.03,1.0,0.3,0.2,0.0,1.0,3.55,-13.68,True
1.03,0.03,1.0,0.3,0.2,0.25,0.75,3.59,-13.64,True
1.03,0.03,1.0,0.3,0.2,0.5,0.5,3.62,-13.61,True
1.03,0.03,1.0,0.3,0.2,0.75,0.25,3.66,-13.57,True
1.03,0.03,1.0,0.3,0.2,1.0,0.0,3.69,-13.53,True
1.03,0.03,1.0,0.3,0.3,0.0,1.0,4.82,-16.15,True
1.03,0.03,1.0,0.3,0.3,0.25,0.75,4.84,-16.12,True
1.03,0.03,1.0,0.3,0.3,0.5,0.5,4.87,-16.08,True
1.03,0.03,1.0,0.3,0.3,0.75,0.25,4.9,-16.05,True
1.03,0.03,1.0,0.3,0.3,1.0,0.0,4.93,-16.01,True
1.03,0.03,1.0,0.4,0.0,0.0,1.0,-0.96,-10.39,True
1.03,0.03,1.0,0.4,0.0,0.25,0.75,-0.88,-9.48,True
1.03,0.03,1.0,0.4,0.0,0.5,0.5,-0.8,-8.57,True
1.03,0.03,1.0,0.4,0.0,0.75,0.25,-0.72,-7.66,True
1.03,0.03,1.0,0.4,0.0,1.0,0.0,-0.64,-6.74,True
1.03,0.03,1.0,0.4,0.1,0.0,1.0,1.75,-9.47,True
1.03,0.03,1.0,0.4,0.1,0.25,0.75,1.81,-9.43,True
1.03,0.03,1.0,0.4,0.1,0.5,0.5,1.86,-9.38,True
1.03,0.03,1.0,0.4,0.1,0.75,0.25,1.92,-9.34,True
1.03,0.03,1.0,0.4,0.1,1.0,0.0,1.97,-9.29,True
1.03,0.03,1.0,0.4,0.2,0.0,1.0,3.51,-13.71,True
1.03,0.03,1.0,0.4,0.2,0.25,0.75,3.55,-13.67,True
1.03,0.03,1.0,0.4,0.2,0.5,0.5,3.59,-13.63,True
1.03,0.03,1.0,0.4,0.2,0.75,0.25,3.63,-13.59,True
1.03,0.03,1.0,0.4,0.2,1.0,0.0,3.67,-13.55,True
1.03,0.03,1.0,0.4,0.3,0.0,1.0,4.79,-16.23,True
1.03,0.03,1.0,0.4,0.3,0.25,0.75,4.81,-16.19,True
1.03,0.03,1.0,0.4,0.3,0.5,0.5,4.84,-16.15,True
1.03,0.03,1.0,0.4,0.3,0.75,0.25,4.87,-16.12,True
1.03,0.03,1.0,0.4,0.3,1.0,0.0,4.9,-16.08,True
1.03,0.03,1.01,0.1,0.0,0.0,1.0,-0.15,-1.4,True
1.03,0.03,1.01,0.1,0.0,0.25,0.75,-0.14,-1.3,True
1.03,0.03,1.01,0.1,0.0,0.5,0.5,-0.13,-1.2,True
1.03,0.03,1.01,0.1,0.0,0.75,0.25,-0.12,-1.1,True
1.03,0.03,1.01,0.1,0.0,1.0,0.0,-0.11,-1.0,True
1.03,0.03,1.01,0.1,0.1,0.0,1.0,2.25,-9.06,True
1.03,0.03,1.01,0.1,0.1,0.25,0.75,2.26,-9.04,True
1.03,0.03,1.01,0.1,0.1,0.5,0.5,2.27,-9.03,True
1.03,0.03,1.01,0.1,0.1,0.75,0.25,2.28,-9.01,True
1.03,0.03,1.01,0.1,0.1,1.0,0.0,2.29,-9.0,True
1.03,0.03,1.01,0.1,0.2,0.0,1.0,3.82,-13.44,True
1.03,0.03,1.01,0.1,0.2,0.25,0.75,3.83,-13.42,True
1.03,0.03,1.01,0.1,0.2,0.5,0.5,3.84,-13.4,True
1.03,0.03,1.01,0.1,0.2,0.75,0.25,3.85,-13.37,True
1.03,0.03,1.01,0.1,0.2,1.0,0.0,3.86,-13.35,True
1.03,0.03,1.01,0.1,0.3,0.0,1.0,4.99,-16.02,True
1.03,0.03,1.01,0.1,0.3,0.25,0.75,5.0,-16.0,True
1.03,0.03,1.01,0.1,0.3,0.5,0.5,5.01,-15.97,True
1.03,0.03,1.01,0.1,0.3,0.75,0.25,5.02,-15.94,True
1.03,0.03,1.01,0.1,0.3,1.0,0.0,5.03,-15.92,True
1.03,0.03,1.01,0.2,0.0,0.0,1.0,-0.31,-2.8,True
1.03,0.03,1.01,0.2,0.0,0.25,0.75,-0.29,-2.6,True
1.03,0.03,1.01,0.2,0.0,0.5,0.5,-0.26,-2.4,True
1.03,0.03,1.01,0.2,0.0,0.75,0.25,-0.24,-2.21,True
1.03,0.03,1.01,0.2,0.0,1.0,0.0,-0.22,-2.01,True
1.03,0.03,1.01,0.2,0.1,0.0,1.0,2.12,-9.29,True
1.03,0.03,1.01,0.2,0.1,0.25,0.75,2.14,-9.25,True
1.03,0.03,1.01,0.2,0.1,0.5,0.5,2.17,-9.22,True
1.03,0.03,1.01,0.2,0.1,0.75,0.25,2.19,-9.18,True
1.03,0.03,1.01,0.2,0.1,1.0,0.0,2.21,-9.15,True
1.03,0.03,1.01,0.2,0.2,0.0,1.0,3.7,-13.75,True
1.03,0.03,1.01,0.2,0.2,0.25,0.75,3.72,-13.7,True
1.03,0.03,1.01,0.2,0.2,0.5,0.5,3.74,-13.66,True
1.03,0.03,1.01,0.2,0.2,0.75,0.25,3.76,-13.61,True
1.03,0.03,1.01,0.2,0.2,1.0,0.0,3.78,-13.56,True
1.03,0.03,1.01,0.2,0.3,0.0,1.0,4.88,-16.37,True
1.03,0.03,1.01,0.2,0.3,0.25,0.75,4.9,-16.32,True
1.03,0.03,1.01,0.2,0.3,0.5,0.5,4.92,-16.27,True
1.03,0.03,1.01,0.2,0.3,0.75,0.25,4.93,-16.21,True
1.03,0.03,1.01,0.2,0.3,1.0,0.0,4.95,-16.16,True
1.03,0.03,1.01,0.3,0.0,0.0,1.0,-0.47,-4.21,True
1.03,0.03,1.01,0.3,0.0,0.25,0.75,-0.43,-3.91,True
1.03,0.03,1.01,0.3,0.0,0.5,0.5,-0.4,-3.61,True
1.03,0.03,1.01,0.3,0.0,0.75,0.25,-0.36,-3.31,True
1.03,0.03,1.01,0.3,0.0,1.0,0.0,-0.33,-3.01,True
1.03,0.03,1.01,0.3,0.1,0.0,1.0,1.99,-9.5,True
1.03,0.03,1.01,0.3,0.1,0.25,0.75,2.02,-9.46,True
1.03,0.03,1.01,0.3,0.1,0.5,0.5,2.05,-9.41,True
1.03,0.03,1.01,0.3,0.1,0.75,0.25,2.09,-9.36,True
1.03,0.03,1.01,0.3,0.1,1.0,0.0,2.12,-9.31,True
1.03,0.03,1.01,0.3,0.2,0.0,1.0,3.57,-14.05,True
1.03,0.03,1.01,0.3,0.2,0.25,0.75,3.61,-13.98,True
1.03,0.03,1.01,0.3,0.2,0.5,0.5,3.64,-13.92,True
1.03,0.03,1.01,0.3,0.2,0.75,0.25,3.67,-13.85,True
1.03,0.03,1.01,0.3,0.2,1.0,0.0,3.7,-13.78,True
1.03,0.03,1.01,0.3,0.3,0.0,1.0,4.8,-16.62,True
1.03,0.03,1.01,0.3,0.3,0.25,0.75,4.82,-16.55,True
1.03,0.03,1.01,0.3,0.3,0.5,0.5,4.85,-16.48,True
1.03,0.03,1.01,0.3,0.3,0.75,0.25,4.88,-16.41,True
1.03,0.03,1.01,0.3,0.3,1.0,0.0,4.9,-16.34,True
1.03,0.03,1.01,0.4,0.0,0.0,1.0,-0.64,-5.62,True
1.03,0.03,1.01,0.4,0.0,0.25,0.75,-0.59,-5.22,True
1.03,0.03,1.01,0.4,0.0,0.5,0.5,-0.54,-4.82,True
1.03,0.03,1.01,0.4,0.0,0.75,0.25,-0.49,-4.42,True
1.03,0.03,1.01,0.4,0.0,1.0,0.0,-0.44,-4.02,True
1.03,0.03,1.01,0.4,0.1,0.0,1.0,1.85,-9.73,True
1.03,0.03,1.01,0.4,0.1,0.25,0.75,1.89,-9.66,True
1.03,0.03,1.01,0.4,0.1,0.5,0.5,1.94,-9.6,True
1.03,0.03,1.01,0.4,0.1,0.75,0.25,1.98,-9.53,True
1.03,0.03,1.01,0.4,0.1,1.0,0.0,2.03,-9.47,True
1.03,0.03,1.01,0.4,0.2,0.0,1.0,3.48,-14.3,True
1.03,0.03,1.01,0.4,0.2,0.25,0.75,3.52,-14.22,True
1.03,0.03,1.01,0.4,0.2,0.5,0.5,3.56,-14.13,True
1.03,0.03,1.01,0.4,0.2,0.75,0.25,3.6,-14.05,True
1.03,0.03,1.01,0.4,0.2,1.0,0.0,3.64,-13.96,True
1.03,0.03,1.01,0.4,0.3,0.0,1.0,4.77,-16.68,True
1.03,0.03,1.01,0.4,0.3,0.25,0.75,4.8,-16.61,True
1.03,0.03,1.01,0.4,0.3,0.5,0.5,4.83,-16.54,True
1.03,0.03,1.01,0.4,0.3,0.75,0.25,4.85,-16.47,True
1.03,0.03,1.01,0.4,0.3,1.0,0.0,4.88,-16.39,True
1.03,0.03,1.02,0.1,0.0,0.0,1.0,-0.09,-1.32,True
1.03,0.03,1.02,0.1,0.0,0.25,0.75,-0.08,-1.21,True
1.03,0.03,1.02,0.1,0.0,0.5,0.5,-0.08,-1.1,True
1.03,0.03,1.02,0.1,0.0,0.75,0.25,-0.07,-0.98,True
1.03,0.03,1.02,0.1,0.0,1.0,0.0,-0.06,-0.87,True
1.03,0.03,1.02,0.1,0.1,0.0,1.0,2.28,-8.94,True
1.03,0.03,1.02,0.1,0.1,0.25,0.75,2.29,-8.93,True
1.03,0.03,1.02,0.1,0.1,0.5,0.5,2.3,-8.92,True
1.03,0.03,1.02,0.1,0.1,0.75,0.25,2.31,-8.91,True
1.03,0.03,1.02,0.1,0.1,1.0,0.0,2.31,-8.9,True
1.03,0.03,1.02,0.1,0.2,0.0,1.0,3.84,-13.3,True
1.03,0.03,1.02,0.1,0.2,0.25,0.75,3.85,-13.29,True
1.03,0.03,1.02,0.1,0.2,0.5,0.5,3.86,-13.27,True
1.03,0.03,1.02,0.1,0.2,0.75,0.25,3.86,-13.26,True
1.03,0.03,1.02,0.1,0.2,1.0,0.0,3.87,-13.24,True
1.03,0.03,1.02,0.1,0.3,0.0,1.0,5.01,-15.89,True
1.03,0.03,1.02,0.1,0.3,0.25,0.75,5.01,-15.87,True
1.03,0.03,1.02,0.1,0.3,0.5,0.5,5.02,-15.85,True
1.03,0.03,1.02,0.1,0.3,0.75,0.25,5.03,-15.83,True
1.03,0.03,1.02,0.1,0.3,1.0,0.0,5.04,-15.81,True
1.03,0.03,1.02,0.2,0.0,0.0,1.0,-0.19,-2.65,True
1.03,0.03,1.02,0.2,0.0,0.25,0.75,-0.17,-2.42,True
1.03,0.03,1.02,0.2,0.0,0.5,0.5,-0.16,-2.19,True
1.03,0.03,1.02,0.2,0.0,0.75,0.25,-0.14,-1.97,True
1.03,0.03,1.02,0.2,0.0,1.0,0.0,-0.13,-1.74,True
1.03,0.03,1.02,0.2,0.1,0.0,1.0,2.2,-9.08,True
1.03,0.03,1.02,0.2,0.1,0.25,0.75,2.22,-9.06,True
1.03,0.03,1.02,0.2,0.1,0.5,0.5,2.23,-9.04,True
1.03,0.03,1.02,0.2,0.1,0.75,0.25,2.24,-9.02,True
1.03,0.03,1.02,0.2,0.1,1.0,0.0,2.26,-9.0,True
1.03,0.03,1.02,0.2,0.2,0.0,1.0,3.76,-13.52,True
1.03,0.03,1.02,0.2,0.2,0.25,0.75,3.78,-13.48,True
1.03,0.03,1.02,0.2,0.2,0.5,0.5,3.79,-13.45,True
1.03,0.03,1.02,0.2,0.2,0.75,0.25,3.8,-13.42,True
1.03,0.03,1.02,0.2,0.2,1.0,0.0,3.82,-13.38,True
1.03,0.03,1.02,0.2,0.3,0.0,1.0,4.93,-16.14,True
1.03,0.03,1.02,0.2,0.3,0.25,0.75,4.94,-16.1,True
1.03,0.03,1.02,0.2,0.3,0.5,0.5,4.96,-16.06,True
1.03,0.03,1.02,0.2,0.3,0.75,0.25,4.97,-16.02,True
1.03,0.03,1.02,0.2,0.3,1.0,0.0,4.98,-15.98,True
1.03,0.03,1.02,0.3,0.0,0.0,1.0,-0.28,-3.98,True
1.03,0.03,1.02,0.3,0.0,0.25,0.75,-0.26,-3.64,True
1.03,0.03,1.02,0.3,0.0,0.5,0.5,-0.24,-3.29,True
1.03,0.03,1.02,0.3,0.0,0.75,0.25,-0.21,-2.95,True
1.03,0.03,1.02,0.3,0.0,1.0,0.0,-0.19,-2.61,True
1.03,0.03,1.02,0.3,0.1,0.0,1.0,2.11,-9.23,True
1.03,0.03,1.02,0.3,0.1,0.25,0.75,2.14,-9.2,True
1.03,0.03,1.02,0.3,0.1,0.5,0.5,2.16,-9.17,True
1.03,0.03,1.02,0.3,0.1,0.75,0.25,2.18,-9.13,True
1.03,0.03,1.02,0.3,0.1,1.0,0.0,2.2,-9.1,True
1.03,0.03,1.02,0.3,0.2,0.0,1.0,3.68,-13.74,True
1.03,0.03,1.02,0.3,0.2,0.25,0.75,3.7,-13.69,True
1.03,0.03,1.02,0.3,0.2,0.5,0.5,3.72,-13.63,True
1.03,0.03,1.02,0.3,0.2,0.75,0.25,3.74,-13.58,True
1.03,0.03,1.02,0.3,0.2,1.0,0.0,3.76,-13.53,True
1.03,0.03,1.02,0.3,0.3,0.0,1.0,4.88,-16.34,True
1.03,0.03,1.02,0.3,0.3,0.25,0.75,4.9,-16.28,True
1.03,0.03,1.02,0.3,0.3,0.5,0.5,4.92,-16.22,True
1.03,0.03,1.02,0.3,0.3,0.75,0.25,4.94,-16.17,True
1.03,0.03,1.02,0.3,0.3,1.0,0.0,4.95,-16.11,True
1.03,0.03,1.02,0.4,0.0,0.0,1.0,-0.38,-5.31,True
1.03,0.03,1.02,0.4,0.0,0.25,0.75,-0.35,-4.85,True
1.03,0.03,1.02,0.4,0.0,0.5,0.5,-0.32,-4.39,True
1.03,0.03,1.02,0.4,0.0,0.75,0.25,-0.29,-3.94,True
1.03,0.03,1.02,0.4,0.0,1.0,0.0,-0.26,-3.48,True
1.03,0.03,1.02,0.4,0.1,0.0,1.0,2.03,-9.39,True
1.03,0.03,1.02,0.4,0.1,0.25,0.75,2.06,-9.34,True
1.03,0.03,1.02,0.4,0.1,0.5,0.5,2.09,-9.3,True
1.03,0.03,1.02,0.4,0.1,0.75,0.25,2.12,-9.25,True
1.03,0.03,1.02,0.4,0.1,1.0,0.0,2.14,-9.2,True
1.03,0.03,1.02,0.4,0.2,0.0,1.0,3.62,-13.94,True
1.03,0.03,1.02,0.4,0.2,0.25,0.75,3.64,-13.87,True
1.03,0.03,1.02,0.4,0.2,0.5,0.5,3.67,-13.8,True
1.03,0.03,1.02,0.4,0.2,0.75,0.25,3.7,-13.74,True
1.03,0.03,1.02,0.4,0.2,1.0,0.0,3.72,-13.67,True
1.03,0.03,1.02,0.4,0.3,0.0,1.0,4.89,-16.34,True
1.03,0.03,1.02,0.4,0.3,0.25,0.75,4.91,-16.28,True
1.03,0.03,1.02,0.4,0.3,0.5,0.5,4.92,-16.23,True
1.03,0.03,1.02,0.4,0.3,0.75,0.25,4.94,-16.17,True
1.03,0.03,1.02,0.4,0.3,1.0,0.0,4.96,-16.12,True
1.04,0.005,0.95,0.1,0.0,0.0,1.0,0.38,-38.96,True
1.04,0.005,0.95,0.1,0.0,0.25,0.75,0.81,-35.94,True
1.04,0.005,0.95,0.1,0.0,0.5,0.5,1.2,-32.83,True
1.04,0.005,0.95,0.1,0.0,0.75,0.25,1.55,-29.63,True
1.04,0.005,0.95,0.1,0.0,1.0,0.0,1.86,-26.34,True
1.04,0.005,0.95,0.1,0.1,0.0,1.0,2.6,-35.74,True
1.04,0.005,0.95,0.1,0.1,0.25,0.75,2.86,-32.85,True
1.04,0.005,0.95,0.1,0.1,0.5,0.5,3.1,-29.88,True
1.04,0.005,0.95,0.1,0.1,0.75,0.25,3.34,-26.85,True
1.04,0.005,0.95,0.1,0.1,1.0,0.0,3.55,-23.74,True
1.04,0.005,0.95,0.1,0.2,0.0,1.0,4.24,-32.66,True
1.04,0.005,0.95,0.1,0.2,0.25,0.75,4.4,-29.9,True
1.04,0.005,0.95,0.1,0.2,0.5,0.5,4.57,-27.08,True
1.04,0.005,0.95,0.1,0.2,0.75,0.25,4.72,-24.2,True
1.04,0.005,0.95,0.1,0.2,1.0,0.0,4.87,-21.26,True
1.04,0.005,0.95,0.1,0.3,0.0,1.0,5.5,-28.96,True
1.04,0.005,0.95,0.1,0.3,0.25,0.75,5.6,-26.38,True
1.04,0.005,0.95,0.1,0.3,0.5,0.5,5.7,-23.74,True
1.04,0.005,0.95,0.1,0.3,0.75,0.25,5.81,-21.05,True
1.04,0.005,0.95,0.1,0.3,1.0,0.0,5.92,-18.32,True
1.04,0.005,0.95,0.2,0.0,0.0,1.0,-0.8,-42.0,True
1.04,0.005,0.95,0.2,0.0,0.25,0.75,-0.2,-38.83,True
1.04,0.005,0.95,0.2,0.0,0.5,0.5,0.36,-35.54,True
1.04,0.005,0.95,0.2,0.0,0.75,0.25,0.87,-32.14,True
1.04,0.005,0.95,0.2,0.0,1.0,0.0,1.32,-28.61,True
1.04,0.005,0.95,0.2,0.1,0.0,1.0,2.38,-38.03,True
1.04,0.005,0.95,0.2,0.1,0.25,0.75,2.66,-34.98,True
1.04,0.005,0.95,0.2,0.1,0.5,0.5,2.93,-31.84,True
1.04,0.005,0.95,0.2,0.1,0.75,0.25,3.2,-28.6,True
1.04,0.005,0.95,0.2,0.1,1.0,0.0,3.45,-25.27,True
1.04,0.005,0.95,0.2,0.2,0.0,1.0,4.29,-33.77,True
1.04,0.005,0.95,0.2,0.2,0.25,0.75,4.46,-30.89,True
1.04,0.005,0.95,0.2,0.2,0.5,0.5,4.63,-27.94,True
1.04,0.005,0.95,0.2,0.2,0.75,0.25,4.8,-24.91,True
1.04,0.005,0.95,0.2,0.2,1.0,0.0,4.96,-21.81,True
1.04,0.005,0.95,0.2,0.3,0.0,1.0,5.62,-29.32,True
1.04,0.005,0.95,0.2,0.3,0.25,0.75,5.74,-26.64,True
1.04,0.005,0.95,0.2,0.3,0.5,0.5,5.85,-23.9,True
1.04,0.005,0.95,0.2,0.3,0.75,0.25,5.97,-21.11,True
1.04,0.005,0.95,0.2,0.3,1.0,0.0,6.08,-18.27,True
1.04,0.005,0.95,0.3,0.0,0.0,1.0,-0.71,-41.44,True
1.04,0.005,0.95,0.3,0.0,0.25,0.75,-0.08,-38.29,True
1.04,0.005,0.95,0.3,0.0,0.5,0.5,0.49,-35.01,True
1.04,0.005,0.95,0.3,0.0,0.75,0.25,1.02,-31.61,True
1.04,0.005,0.95,0.3,0.0,1.0,0.0,1.49,-28.09,True
1.04,0.005,0.95,0.3,0.1,0.0,1.0,2.55,-37.28,True
1.04,0.005,0.95,0.3,0.1,0.25,0.75,2.84,-34.27,True
1.04,0.005,0.95,0.3,0.1,0.5,0.5,3.12,-31.15,True
1.04,0.005,0.95,0.3,0.1,0.75,0.25,3.39,-27.93,True
1.04,0.005,0.95,0.3,0.1,1.0,0.0,3.65,-24.62,True
1.04,0.005,0.95,0.3,0.2,0.0,1.0,4.33,-33.08,True
1.04,0.005,0.95,0.3,0.2,0.25,0.75,4.51,-30.23,True
1.04,0.005,0.95,0.3,0.2,0.5,0.5,4.69,-27.3,True
1.04,0.005,0.95,0.3,0.2,0.75,0.25,4.87,-24.3,True
1.04,0.005,0.95,0.3,0.2,1.0,0.0,5.03,-21.22,True
1.04,0.005,0.95,0.3,0.3,0.0,1.0,5.58,-28.68,True
1.04,0.005,0.95,0.3,0.3,0.25,0.75,5.7,-26.04,True
1.04,0.005,0.95,0.3,0.3,0.5,0.5,5.82,-23.34,True
1.04,0.005,0.95,0.3,0.3,0.75,0.25,5.95,-20.58,True
1.04,0.005,0.95,0.3,0.3,1.0,0.0,6.08,-17.77,True
1.04,0.005,0.95,0.4,0.0,0.0,1.0,-0.77,-40.89,True
1.04,0.005,0.95,0.4,0.0,0.25,0.75,-0.12,-37.75,True
1.04,0.005,0.95,0.4,0.0,0.5,0.5,0.48,-34.49,True
1.04,0.005,0.95,0.4,0.0,0.75,0.25,1.02,-31.11,True
1.04,0.005,0.95,0.4,0.0,1.0,0.0,1.51,-27.61,True
1.04,0.005,0.95,0.4,0.1,0.0,1.0,2.41,-36.8,True
1.04,0.005,0.95,0.4,0.1,0.25,0.75,2.7,-33.8,True
1.04,0.005,0.95,0.4,0.1,0.5,0.5,3.0,-30.71,True
1.04,0.005,0.95,0.4,0.1,0.75,0.25,3.29,-27.51,True
1.04,0.005,0.95,0.4,0.1,1.0,0.0,3.56,-24.22,True
1.04,0.005,0.95,0.4,0.2,0.0,1.0,4.23,-32.46,True
1.04,0.005,0.95,0.4,0.2,0.25,0.75,4.42,-29.65,True
1.04,0.005,0.95,0.4,0.2,0.5,0.5,4.6,-26.76,True
1.04,0.005,0.95,0.4,0.2,0.75,0.25,4.79,-23.78,True
1.04,0.005,0.95,0.4,0.2,1.0,0.0,4.98,-20.74,True
1.04,0.005,0.95,0.4,0.3,0.0,1.0,5.56,-27.81,True
1.04,0.005,0.95,0.4,0.3,0.25,0.75,5.69,-25.22,True
1.04,0.005,0.95,0.4,0.3,0.5,0.5,5.82,-22.56,True
1.04,0.005,0.95,0.4,0.3,0.75,0.25,5.95,-19.86,True
1.04,0.005,0.95,0.4,0.3,1.0,0.0,6.08,-17.1,True
1.04,0.005,0.97,0.1,0.0,0.0,1.0,-2.4,-31.94,True
1.04,0.005,0.97,0.1,0.0,0.25,0.75,-1.81,-29.41,True
1.04,0.005,0.97,0.1,0.0,0.5,0.5,-1.27,-26.81,True
1.04,0.005,0.97,0.1,0.0,0.75,0.25,-0.76,-24.14,True
1.04,0.005,0.97,0.1,0.0,1.0,0.0,-0.3,-21.41,True
1.04,0.005,0.97,0.1,0.1,0.0,1.0,1.42,-29.72,True
1.04,0.005,0.97,0.1,0.1,0.25,0.75,1.62,-27.27,True
1.04,0.005,0.97,0.1,0.1,0.5,0.5,1.84,-24.75,True
1.04,0.005,0.97,0.1,0.1,0.75,0.25,2.07,-22.17,True
1.04,0.005,0.97,0.1,0.1,1.0,0.0,2.31,-19.53,True
1.04,0.005,0.97,0.1,0.2,0.0,1.0,3.72,-27.47,True
1.04,0.005,0.97,0.1,0.2,0.25,0.75,3.84,-25.09,True
1.04,0.005,0.97,0.1,0.2,0.5,0.5,3.96,-22.65,True
1.04,0.005,0.97,0.1,0.2,0.75,0.25,4.09,-20.17,True
1.04,0.005,0.97,0.1,0.2,1.0,0.0,4.21,-17.63,True
1.04,0.005,0.97,0.1,0.3,0.0,1.0,5.26,-24.36,True
1.04,0.005,0.97,0.1,0.3,0.25,0.75,5.33,-22.1,True
1.04,0.005,0.97,0.1,0.3,0.5,0.5,5.4,-19.8,True
1.04,0.005,0.97,0.1,0.3,0.75,0.25,5.49,-17.45,True
1.04,0.005,0.97,0.1,0.3,1.0,0.0,5.58,-16.59,True
1.04,0.005,0.97,0.2,0.0,0.0,1.0,-3.57,-35.36,True
1.04,0.005,0.97,0.2,0.0,0.25,0.75,-2.82,-32.59,True
1.04,0.005,0.97,0.2,0.0,0.5,0.5,-2.11,-29.74,True
1.04,0.005,0.97,0.2,0.0,0.75,0.25,-1.45,-26.78,True
1.04,0.005,0.97,0.2,0.0,1.0,0.0,-0.84,-23.73,True
1.04,0.005,0.97,0.2,0.1,0.0,1.0,1.68,-31.53,True
1.04,0.005,0.97,0.2,0.1,0.25,0.75,1.91,-28.9,True
1.04,0.005,0.97,0.2,0.1,0.5,0.5,2.15,-26.2,True
1.04,0.005,0.97,0.2,0.1,0.75,0.25,2.38,-23.41,True
1.04,0.005,0.97,0.2,0.1,1.0,0.0,2.61,-20.54,True
1.04,0.005,0.97,0.2,0.2,0.0,1.0,3.97,-27.45,True
1.04,0.005,0.97,0.2,0.2,0.25,0.75,4.09,-25.0,True
1.04,0.005,0.97,0.2,0.2,0.5,0.5,4.21,-22.49,True
1.04,0.005,0.97,0.2,0.2,0.75,0.25,4.34,-19.93,True
1.04,0.005,0.97,0.2,0.2,1.0,0.0,4.48,-17.3,True
1.04,0.005,0.97,0.2,0.3,0.0,1.0,5.42,-23.62,True
1.04,0.005,0.97,0.2,0.3,0.25,0.75,5.51,-21.38,True
1.04,0.005,0.97,0.2,0.3,0.5,0.5,5.61,-19.09,True
1.04,0.005,0.97,0.2,0.3,0.75,0.25,5.71,-16.74,True
1.04,0.005,0.97,0.2,0.3,1.0,0.0,5.8,-15.94,True
1.04,0.005,0.97,0.3,0.0,0.0,1.0,-3.02,-34.76,True
1.04,0.005,0.97,0.3,0.0,0.25,0.75,-2.28,-32.05,True
1.04,0.005,0.97,0.3,0.0,0.5,0.5,-1.59,-29.52,True
1.04,0.005,0.97,0.3,0.0,0.75,0.25,-0.95,-26.81,True
1.04,0.005,0.97,0.3,0.0,1.0,0.0,-0.36,-23.89,True
1.04,0.005,0.97,0.3,0.1,0.0,1.0,1.87,-31.14,True
1.04,0.005,0.97,0.3,0.1,0.25,0.75,2.11,-28.52,True
1.04,0.005,0.97,0.3,0.1,0.5,0.5,2.34,-25.83,True
1.04,0.005,0.97,0.3,0.1,0.75,0.25,2.58,-23.04,True
1.04,0.005,0.97,0.3,0.1,1.0,0.0,2.82,-20.17,True
1.04,0.005,0.97,0.3,0.2,0.0,1.0,4.01,-27.07,True
1.04,0.005,0.97,0.3,0.2,0.25,0.75,4.16,-24.65,True
1.04,0.005,0.97,0.3,0.2,0.5,0.5,4.31,-22.16,True
1.04,0.005,0.97,0.3,0.2,0.75,0.25,4.47,-19.6,True
1.04,0.005,0.97,0.3,0.2,1.0,0.0,4.61,-16.97,True
1.04,0.005,0.97,0.3,0.3,0.0,1.0,5.41,-22.88,True
1.04,0.005,0.97,0.3,0.3,0.25,0.75,5.52,-20.68,True
1.04,0.005,0.97,0.3,0.3,0.5,0.5,5.63,-18.42,True
1.04,0.005,0.97,0.3,0.3,0.75,0.25,5.74,-16.26,True
1.04,0.005,0.97,0.3,0.3,1.0,0.0,5.85,-15.9,True
1.04,0.005,0.97,0.4,0.0,0.0,1.0,-2.71,-36.08,True
1.04,0.005,0.97,0.4,0.0,0.25,0.75,-1.98,-33.61,True
1.04,0.005,0.97,0.4,0.0,0.5,0.5,-1.29,-30.99,True
1.04,0.005,0.97,0.4,0.0,0.75,0.25,-0.66,-28.17,True
1.04,0.005,0.97,0.4,0.0,1.0,0.0,-0.09,-25.14,True
1.04,0.005,0.97,0.4,0.1,0.0,1.0,1.95,-30.22,True
1.04,0.005,0.97,0.4,0.1,0.25,0.75,2.21,-27.73,True
1.04,0.005,0.97,0.4,0.1,0.5,0.5,2.46,-25.56,True
1.04,0.005,0.97,0.4,0.1,0.75,0.25,2.7,-23.17,True
1.04,0.005,0.97,0.4,0.1,1.0,0.0,2.94,-20.54,True
1.04,0.005,0.97,0.4,0.2,0.0,1.0,4.03,-25.98,True
1.04,0.005,0.97,0.4,0.2,0.25,0.75,4.19,-23.63,True
1.04,0.005,0.97,0.4,0.2,0.5,0.5,4.36,-21.2,True
1.04,0.005,0.97,0.4,0.2,0.75,0.25,4.53,-18.71,True
1.04,0.005,0.97,0.4,0.2,1.0,0.0,4.69,-16.15,True
1.04,0.005,0.97,0.4,0.3,0.0,1.0,5.46,-21.7,True
1.04,0.005,0.97,0.4,0.3,0.25,0.75,5.56,-19.59,True
1.04,0.005,0.97,0.4,0.3,0.5,0.5,5.67,-17.42,True
1.04,0.005,0.97,0.4,0.3,0.75,0.25,5.78,-16.06,True
1.04,0.005,0.97,0.4,0.3,1.0,0.0,5.89,-15.73,True
1.04,0.005,0.99,0.1,0.0,0.0,1.0,-2.39,-28.51,True
1.04,0.005,0.99,0.1,0.0,0.25,0.75,-1.96,-25.72,True
1.04,0.005,0.99,0.1,0.0,0.5,0.5,-1.55,-22.85,True
1.04,0.005,0.99,0.1,0.0,0.75,0.25,-1.15,-19.91,True
1.04,0.005,0.99,0.1,0.0,1.0,0.0,-0.76,-16.88,True
1.04,0.005,0.99,0.1,0.1,0.0,1.0,1.69,-22.28,True
1.04,0.005,0.99,0.1,0.1,0.25,0.75,1.86,-20.43,True
1.04,0.005,0.99,0.1,0.1,0.5,0.5,2.03,-18.56,True
1.04,0.005,0.99,0.1,0.1,0.75,0.25,2.17,-16.65,True
1.04,0.005,0.99,0.1,0.1,1.0,0.0,2.32,-14.71,True
1.04,0.005,0.99,0.1,0.2,0.0,1.0,3.8,-21.23,True
1.04,0.005,0.99,0.1,0.2,0.25,0.75,3.9,-19.39,True
1.04,0.005,0.99,0.1,0.2,0.5,0.5,4.0,-17.52,True
1.04,0.005,0.99,0.1,0.2,0.75,0.25,4.1,-15.62,True
1.04,0.005,0.99,0.1,0.2,1.0,0.0,4.18,-13.71,True
1.04,0.005,0.99,0.1,0.3,0.0,1.0,5.27,-19.27,True
1.04,0.005,0.99,0.1,0.3,0.25,0.75,5.34,-17.49,True
1.04,0.005,0.99,0.1,0.3,0.5,0.5,5.4,-16.72,True
1.04,0.005,0.99,0.1,0.3,0.75,0.25,5.47,-16.48,True
1.04,0.005,0.99,0.1,0.3,1.0,0.0,5.54,-16.24,True
1.04,0.005,0.99,0.2,0.0,0.0,1.0,-2.6,-37.43,True
1.04,0.005,0.99,0.2,0.0,0.25,0.75,-2.06,-34.1,True
1.04,0.005,0.99,0.2,0.0,0.5,0.5,-1.56,-30.63,True
1.04,0.005,0.99,0.2,0.0,0.75,0.25,-1.07,-27.03,True
1.04,0.005,0.99,0.2,0.0,1.0,0.0,-0.62,-23.29,True
1.04,0.005,0.99,0.2,0.1,0.0,1.0,1.77,-29.5,True
1.04,0.005,0.99,0.2,0.1,0.25,0.75,1.95,-27.16,True
1.04,0.005,0.99,0.2,0.1,0.5,0.5,2.14,-24.75,True
1.04,0.005,0.99,0.2,0.1,0.75,0.25,2.33,-22.26,True
1.04,0.005,0.99,0.2,0.1,1.0,0.0,2.52,-19.71,True
1.04,0.005,0.99,0.2,0.2,0.0,1.0,4.01,-26.35,True
1.04,0.005,0.99,0.2,0.2,0.25,0.75,4.1,-24.14,True
1.04,0.005,0.99,0.2,0.2,0.5,0.5,4.2,-21.86,True
1.04,0.005,0.99,0.2,0.2,0.75,0.25,4.31,-19.53,True
1.04,0.005,0.99,0.2,0.2,1.0,0.0,4.41,-17.14,True
1.04,0.005,0.99,0.2,0.3,0.0,1.0,5.49,-22.8,True
1.04,0.005,0.99,0.2,0.3,0.25,0.75,5.57,-20.75,True
1.04,0.005,0.99,0.2,0.3,0.5,0.5,5.63,-18.67,True
1.04,0.005,0.99,0.2,0.3,0.75,0.25,5.69,-16.53,True
1.04,0.005,0.99,0.2,0.3,1.0,0.0,5.76,-15.72,True
1.04,0.005,0.99,0.3,0.0,0.0,1.0,-2.32,-36.81,True
1.04,0.005,0.99,0.3,0.0,0.25,0.75,-1.77,-33.47,True
1.04,0.005,0.99,0.3,0.0,0.5,0.5,-1.26,-30.0,True
1.04,0.005,0.99,0.3,0.0,0.75,0.25,-0.78,-26.71,True
1.04,0.005,0.99,0.3,0.0,1.0,0.0,-0.34,-23.82,True
1.04,0.005,0.99,0.3,0.1,0.0,1.0,2.02,-31.19,True
1.04,0.005,0.99,0.3,0.1,0.25,0.75,2.2,-28.72,True
1.04,0.005,0.99,0.3,0.1,0.5,0.5,2.39,-26.18,True
1.04,0.005,0.99,0.3,0.1,0.75,0.25,2.58,-23.56,True
1.04,0.005,0.99,0.3,0.1,1.0,0.0,2.77,-20.85,True
1.04,0.005,0.99,0.3,0.2,0.0,1.0,4.2,-26.95,True
1.04,0.005,0.99,0.3,0.2,0.25,0.75,4.31,-24.68,True
1.04,0.005,0.99,0.3,0.2,0.5,0.5,4.41,-22.34,True
1.04,0.005,0.99,0.3,0.2,0.75,0.25,4.51,-19.95,True
1.04,0.005,0.99,0.3,0.2,1.0,0.0,4.61,-17.49,True
1.04,0.005,0.99,0.3,0.3,0.0,1.0,5.54,-22.7,True
1.04,0.005,0.99,0.3,0.3,0.25,0.75,5.63,-20.65,True
1.04,0.005,0.99,0.3,0.3,0.5,0.5,5.73,-18.54,True
1.04,0.005,0.99,0.3,0.3,0.75,0.25,5.82,-16.39,True
1.04,0.005,0.99,0.3,0.3,1.0,0.0,5.9,-15.45,True
1.04,0.005,0.99,0.4,0.0,0.0,1.0,-2.02,-34.98,True
1.04,0.005,0.99,0.4,0.0,0.25,0.75,-1.47,-32.36,True
1.04,0.005,0.99,0.4,0.0,0.5,0.5,-0.96,-29.63,True
1.04,0.005,0.99,0.4,0.0,0.75,0.25,-0.49,-26.81,True
1.04,0.005,0.99,0.4,0.0,1.0,0.0,-0.06,-23.88,True
1.04,0.005,0.99,0.4,0.1,0.0,1.0,2.27,-30.75,True
1.04,0.005,0.99,0.4,0.1,0.25,0.75,2.45,-28.29,True
1.04,0.005,0.99,0.4,0.1,0.5,0.5,2.63,-25.76,True
1.04,0.005,0.99,0.4,0.1,0.75,0.25,2.82,-23.14,True
1.04,0.005,0.99,0.4,0.1,1.0,0.0,2.99,-20.44,True
1.04,0.005,0.99,0.4,0.2,0.0,1.0,4.27,-26.37,True
1.04,0.005,0.99,0.4,0.2,0.25,0.75,4.41,-24.12,True
1.04,0.005,0.99,0.4,0.2,0.5,0.5,4.54,-21.8,True
1.04,0.005,0.99,0.4,0.2,0.75,0.25,4.68,-19.43,True
1.04,0.005,0.99,0.4,0.2,1.0,0.0,4.8,-16.99,True
1.04,0.005,0.99,0.4,0.3,0.0,1.0,5.61,-21.92,True
1.04,0.005,0.99,0.4,0.3,0.25,0.75,5.71,-19.91,True
1.04,0.005,0.99,0.4,0.3,0.5,0.5,5.8,-17.84,True
1.04,0.005,0.99,0.4,0.3,0.75,0.25,5.88,-15.73,True
1.04,0.005,0.99,0.4,0.3,1.0,0.0,5.96,-15.21,True
1.04,0.005,1.0,0.1,0.0,0.0,1.0,-3.78,-41.81,False
1.04,0.005,1.0,0.1,0.0,0.25,0.75,-3.31,-38.77,True
1.04,0.005,1.0,0.1,0.0,0.5,0.5,-2.86,-35.61,True
1.04,0.005,1.0,0.1,0.0,0.75,0.25,-2.42,-32.33,True
1.04,0.005,1.0,0.1,0.0,1.0,0.0,-1.99,-28.92,True
1.04,0.005,1.0,0.1,0.1,0.0,1.0,0.98,-17.77,True
1.04,0.005,1.0,0.1,0.1,0.25,0.75,1.15,-16.25,True
1.04,0.005,1.0,0.1,0.1,0.5,0.5,1.32,-14.71,True
1.04,0.005,1.0,0.1,0.1,0.75,0.25,1.47,-13.15,True
1.04,0.005,1.0,0.1,0.1,1.0,0.0,1.63,-11.57,True
1.04,0.005,1.0,0.1,0.2,0.0,1.0,3.36,-16.98,True
1.04,0.005,1.0,0.1,0.2,0.25,0.75,3.44,-16.56,True
1.04,0.005,1.0,0.1,0.2,0.5,0.5,3.54,-16.17,True
1.04,0.005,1.0,0.1,0.2,0.75,0.25,3.63,-15.8,True
1.04,0.005,1.0,0.1,0.2,1.0,0.0,3.73,-15.4,True
1.04,0.005,1.0,0.1,0.3,0.0,1.0,4.98,-18.64,True
1.04,0.005,1.0,0.1,0.3,0.25,0.75,5.03,-18.34,True
1.04,0.005,1.0,0.1,0.3,0.5,0.5,5.09,-18.04,True
1.04,0.005,1.0,0.1,0.3,0.75,0.25,5.16,-17.76,True
1.04,0.005,1.0,0.1,0.3,1.0,0.0,5.23,-17.49,True
1.04,0.005,1.0,0.2,0.0,0.0,1.0,-5.12,-51.54,False
1.04,0.005,1.0,0.2,0.0,0.25,0.75,-4.46,-48.04,False
1.04,0.005,1.0,0.2,0.0,0.5,0.5,-3.82,-44.35,False
1.04,0.005,1.0,0.2,0.0,0.75,0.25,-3.2,-40.45,False
1.04,0.005,1.0,0.2,0.0,1.0,0.0,-2.62,-36.35,True
1.04,0.005,1.0,0.2,0.1,0.0,1.0,0.88,-23.14,True
1.04,0.005,1.0,0.2,0.1,0.25,0.75,1.05,-21.25,True
1.04,0.005,1.0,0.2,0.1,0.5,0.5,1.23,-19.31,True
1.04,0.005,1.0,0.2,0.1,0.75,0.25,1.42,-17.33,True
1.04,0.005,1.0,0.2,0.1,1.0,0.0,1.62,-15.29,True
1.04,0.005,1.0,0.2,0.2,0.0,1.0,3.35,-19.68,True
1.04,0.005,1.0,0.2,0.2,0.25,0.75,3.45,-18.01,True
1.04,0.005,1.0,0.2,0.2,0.5,0.5,3.55,-16.29,True
1.04,0.005,1.0,0.2,0.2,0.75,0.25,3.65,-15.76,True
1.04,0.005,1.0,0.2,0.2,1.0,0.0,3.77,-15.37,True
1.04,0.005,1.0,0.2,0.3,0.0,1.0,4.98,-18.74,True
1.04,0.005,1.0,0.2,0.3,0.25,0.75,5.04,-18.43,True
1.04,0.005,1.0,0.2,0.3,0.5,0.5,5.1,-18.13,True
1.04,0.005,1.0,0.2,0.3,0.75,0.25,5.17,-17.8,True
1.04,0.005,1.0,0.2,0.3,1.0,0.0,5.24,-17.48,True
1.04,0.005,1.0,0.3,0.0,0.0,1.0,-5.27,-51.07,False
1.04,0.005,1.0,0.3,0.0,0.25,0.75,-4.56,-47.56,False
1.04,0.005,1.0,0.3,0.0,0.5,0.5,-3.88,-43.84,False
1.04,0.005,1.0,0.3,0.0,0.75,0.25,-3.22,-39.93,True
1.04,0.005,1.0,0.3,0.0,1.0,0.0,-2.6,-35.8,True
1.04,0.005,1.0,0.3,0.1,0.0,1.0,0.84,-24.86,True
1.04,0.005,1.0,0.3,0.1,0.25,0.75,1.02,-22.86,True
1.04,0.005,1.0,0.3,0.1,0.5,0.5,1.21,-20.79,True
1.04,0.005,1.0,0.3,0.1,0.75,0.25,1.42,-18.66,True
1.04,0.005,1.0,0.3,0.1,1.0,0.0,1.63,-16.47,True
1.04,0.005,1.0,0.3,0.2,0.0,1.0,3.36,-21.21,True
1.04,0.005,1.0,0.3,0.2,0.25,0.75,3.45,-19.42,True
1.04,0.005,1.0,0.3,0.2,0.5,0.5,3.55,-17.57,True
1.04,0.005,1.0,0.3,0.2,0.75,0.25,3.67,-15.82,True
1.04,0.005,1.0,0.3,0.2,1.0,0.0,3.78,-15.39,True
1.04,0.005,1.0,0.3,0.3,0.0,1.0,5.0,-18.86,True
1.04,0.005,1.0,0.3,0.3,0.25,0.75,5.06,-18.25,True
1.04,0.005,1.0,0.3,0.3,0.5,0.5,5.12,-17.94,True
1.04,0.005,1.0,0.3,0.3,0.75,0.25,5.19,-17.63,True
1.04,0.005,1.0,0.3,0.3,1.0,0.0,5.27,-17.34,True
1.04,0.005,1.0,0.4,0.0,0.0,1.0,-5.48,-51.96,False
1.04,0.005,1.0,0.4,0.0,0.25,0.75,-4.72,-48.39,False
1.04,0.005,1.0,0.4,0.0,0.5,0.5,-4.0,-44.62,False
1.04,0.005,1.0,0.4,0.0,0.75,0.25,-3.31,-40.63,False
1.04,0.005,1.0,0.4,0.0,1.0,0.0,-2.67,-36.43,True
1.04,0.005,1.0,0.4,0.1,0.0,1.0,0.83,-26.06,True
1.04,0.005,1.0,0.4,0.1,0.25,0.75,1.01,-23.96,True
1.04,0.005,1.0,0.4,0.1,0.5,0.5,1.21,-21.8,True
1.04,0.005,1.0,0.4,0.1,0.75,0.25,1.42,-19.57,True
1.04,0.005,1.0,0.4,0.1,1.0,0.0,1.63,-17.26,True
1.04,0.005,1.0,0.4,0.2,0.0,1.0,3.41,-22.27,True
1.04,0.005,1.0,0.4,0.2,0.25,0.75,3.5,-20.39,True
1.04,0.005,1.0,0.4,0.2,0.5,0.5,3.61,-18.45,True
1.04,0.005,1.0,0.4,0.2,0.75,0.25,3.72,-16.45,True
1.04,0.005,1.0,0.4,0.2,1.0,0.0,3.84,-15.12,True
1.04,0.005,1.0,0.4,0.3,0.0,1.0,5.05,-19.79,True
1.04,0.005,1.0,0.4,0.3,0.25,0.75,5.12,-18.28,True
1.04,0.005,1.0,0.4,0.3,0.5,0.5,5.19,-17.46,True
1.04,0.005,1.0,0.4,0.3,0.75,0.25,5.27,-17.16,True
1.04,0.005,1.0,0.4,0.3,1.0,0.0,5.34,-16.89,True
1.04,0.005,1.01,0.1,0.0,0.0,1.0,-4.4,-26.43,True
1.04,0.005,1.01,0.1,0.0,0.25,0.75,-3.96,-24.26,True
1.04,0.005,1.01,0.1,0.0,0.5,0.5,-3.52,-22.04,True
1.04,0.005,1.01,0.1,0.0,0.75,0.25,-3.08,-19.77,True
1.04,0.005,1.01,0.1,0.0,1.0,0.0,-2.66,-17.45,True
1.04,0.005,1.01,0.1,0.1,0.0,1.0,0.59,-17.24,True
1.04,0.005,1.01,0.1,0.1,0.25,0.75,0.74,-16.03,True
1.04,0.005,1.01,0.1,0.1,0.5,0.5,0.9,-14.76,True
1.04,0.005,1.01,0.1,0.1,0.75,0.25,1.06,-13.45,True
1.04,0.005,1.01,0.1,0.1,1.0,0.0,1.22,-12.73,True
1.04,0.005,1.01,0.1,0.2,0.0,1.0,3.15,-18.76,True
1.04,0.005,1.01,0.1,0.2,0.25,0.75,3.22,-18.35,True
1.04,0.005,1.01,0.1,0.2,0.5,0.5,3.29,-17.94,True
1.04,0.005,1.01,0.1,0.2,0.75,0.25,3.37,-17.53,True
1.04,0.005,1.01,0.1,0.2,1.0,0.0,3.45,-17.1,True
1.04,0.005,1.01,0.1,0.3,0.0,1.0,4.84,-20.0,True
1.04,0.005,1.01,0.1,0.3,0.25,0.75,4.88,-19.75,True
1.04,0.005,1.01,0.1,0.3,0.5,0.5,4.92,-19.49,True
1.04,0.005,1.01,0.1,0.3,0.75,0.25,4.96,-19.21,True
1.04,0.005,1.01,0.1,0.3,1.0,0.0,5.02,-18.91,True
1.04,0.005,1.01,0.2,0.0,0.0,1.0,-6.99,-37.04,True
1.04,0.005,1.01,0.2,0.0,0.25,0.75,-6.27,-34.17,True
1.04,0.005,1.01,0.2,0.0,0.5,0.5,-5.56,-31.2,True
1.04,0.005,1.01,0.2,0.0,0.75,0.25,-4.86,-28.13,True
1.04,0.005,1.01,0.2,0.0,1.0,0.0,-4.18,-24.95,True
1.04,0.005,1.01,0.2,0.1,0.0,1.0,0.39,-25.61,True
1.04,0.005,1.01,0.2,0.1,0.25,0.75,0.51,-23.82,True
1.04,0.005,1.01,0.2,0.1,0.5,0.5,0.65,-21.97,True
1.04,0.005,1.01,0.2,0.1,0.75,0.25,0.82,-20.04,True
1.04,0.005,1.01,0.2,0.1,1.0,0.0,1.01,-18.04,True
1.04,0.005,1.01,0.2,0.2,0.0,1.0,3.13,-25.27,True
1.04,0.005,1.01,0.2,0.2,0.25,0.75,3.19,-23.64,True
1.04,0.005,1.01,0.2,0.2,0.5,0.5,3.26,-21.93,True
1.04,0.005,1.01,0.2,0.2,0.75,0.25,3.34,-20.15,True
1.04,0.005,1.01,0.2,0.2,1.0,0.0,3.44,-18.28,True
1.04,0.005,1.01,0.2,0.3,0.0,1.0,4.84,-23.77,True
1.04,0.005,1.01,0.2,0.3,0.25,0.75,4.87,-22.55,True
1.04,0.005,1.01,0.2,0.3,0.5,0.5,4.91,-21.19,True
1.04,0.005,1.01,0.2,0.3,0.75,0.25,4.96,-19.69,True
1.04,0.005,1.01,0.2,0.3,1.0,0.0,5.02,-18.97,True
1.04,0.005,1.01,0.3,0.0,0.0,1.0,-7.57,-39.22,True
1.04,0.005,1.01,0.3,0.0,0.25,0.75,-6.77,-36.22,True
1.04,0.005,1.01,0.3,0.0,0.5,0.5,-5.98,-33.1,True
1.04,0.005,1.01,0.3,0.0,0.75,0.25,-5.2,-29.86,True
1.04,0.005,1.01,0.3,0.0,1.0,0.0,-4.45,-26.49,True
1.04,0.005,1.01,0.3,0.1,0.0,1.0,0.36,-32.47,True
1.04,0.005,1.01,0.3,0.1,0.25,0.75,0.48,-30.31,True
1.04,0.005,1.01,0.3,0.1,0.5,0.5,0.62,-28.05,True
1.04,0.005,1.01,0.3,0.1,0.75,0.25,0.77,-25.68,True
1.04,0.005,1.01,0.3,0.1,1.0,0.0,0.96,-23.2,True
1.04,0.005,1.01,0.3,0.2,0.0,1.0,3.12,-29.72,True
1.04,0.005,1.01,0.3,0.2,0.25,0.75,3.18,-28.18,True
1.04,0.005,1.01,0.3,0.2,0.5,0.5,3.24,-26.47,True
1.04,0.005,1.01,0.3,0.2,0.75,0.25,3.32,-24.59,True
1.04,0.005,1.01,0.3,0.2,1.0,0.0,3.41,-22.52,True
1.04,0.005,1.01,0.3,0.3,0.0,1.0,4.84,-26.39,True
1.04,0.005,1.01,0.3,0.3,0.25,0.75,4.87,-25.07,True
1.04,0.005,1.01,0.3,0.3,0.5,0.5,4.92,-23.62,True
1.04,0.005,1.01,0.3,0.3,0.75,0.25,4.98,-22.04,True
1.04,0.005,1.01,0.3,0.3,1.0,0.0,5.03,-20.32,True
1.04,0.005,1.01,0.4,0.0,0.0,1.0,-8.11,-41.43,False
1.04,0.005,1.01,0.4,0.0,0.25,0.75,-7.24,-38.31,True
1.04,0.005,1.01,0.4,0.0,0.5,0.5,-6.38,-35.05,True
1.04,0.005,1.01,0.4,0.0,0.75,0.25,-5.55,-31.65,True
1.04,0.005,1.01,0.4,0.0,1.0,0.0,-4.73,-28.1,True
1.04,0.005,1.01,0.4,0.1,0.0,1.0,0.34,-36.49,True
1.04,0.005,1.01,0.4,0.1,0.25,0.75,0.46,-34.35,True
1.04,0.005,1.01,0.4,0.1,0.5,0.5,0.59,-32.05,True
1.04,0.005,1.01,0.4,0.1,0.75,0.25,0.75,-29.58,True
1.04,0.005,1.01,0.4,0.1,1.0,0.0,0.94,-26.93,True
1.04,0.005,1.01,0.4,0.2,0.0,1.0,3.13,-32.36,True
1.04,0.005,1.01,0.4,0.2,0.25,0.75,3.2,-30.58,True
1.04,0.005,1.01,0.4,0.2,0.5,0.5,3.28,-28.65,True
1.04,0.005,1.01,0.4,0.2,0.75,0.25,3.36,-26.57,True
1.04,0.005,1.01,0.4,0.2,1.0,0.0,3.45,-24.31,True
1.04,0.005,1.01,0.4,0.3,0.0,1.0,4.84,-28.79,True
1.04,0.005,1.01,0.4,0.3,0.25,0.75,4.88,-27.54,True
1.04,0.005,1.01,0.4,0.3,0.5,0.5,4.93,-26.02,True
1.04,0.005,1.01,0.4,0.3,0.75,0.25,4.99,-24.28,True
1.04,0.005,1.01,0.4,0.3,1.0,0.0,5.05,-22.31,True
1.04,0.005,1.02,0.1,0.0,0.0,1.0,-1.15,-23.97,True
1.04,0.005,1.02,0.1,0.0,0.25,0.75,-0.98,-22.08,True
1.04,0.005,1.02,0.1,0.0,0.5,0.5,-0.83,-20.15,True
1.04,0.005,1.02,0.1,0.0,0.75,0.25,-0.68,-18.19,True
1.04,0.005,1.02,0.1,0.0,1.0,0.0,-0.54,-16.19,True
1.04,0.005,1.02,0.1,0.1,0.0,1.0,1.76,-13.97,True
1.04,0.005,1.02,0.1,0.1,0.25,0.75,1.87,-12.81,True
1.04,0.005,1.02,0.1,0.1,0.5,0.5,1.98,-11.54,True
1.04,0.005,1.02,0.1,0.1,0.75,0.25,2.09,-10.42,True
1.04,0.005,1.02,0.1,0.1,1.0,0.0,2.18,-9.37,True
1.04,0.005,1.02,0.1,0.2,0.0,1.0,3.57,-14.61,True
1.04,0.005,1.02,0.1,0.2,0.25,0.75,3.66,-14.43,True
1.04,0.005,1.02,0.1,0.2,0.5,0.5,3.74,-14.29,True
1.04,0.005,1.02,0.1,0.2,0.75,0.25,3.83,-14.16,True
1.04,0.005,1.02,0.1,0.2,1.0,0.0,3.92,-14.04,True
1.04,0.005,1.02,0.1,0.3,0.0,1.0,5.05,-17.26,True
1.04,0.005,1.02,0.1,0.3,0.25,0.75,5.1,-17.06,True
1.04,0.005,1.02,0.1,0.3,0.5,0.5,5.16,-16.88,True
1.04,0.005,1.02,0.1,0.3,0.75,0.25,5.21,-16.74,True
1.04,0.005,1.02,0.1,0.3,1.0,0.0,5.27,-16.62,True
1.04,0.005,1.02,0.2,0.0,0.0,1.0,-3.24,-36.52,True
1.04,0.005,1.02,0.2,0.0,0.25,0.75,-2.84,-33.79,True
1.04,0.005,1.02,0.2,0.0,0.5,0.5,-2.45,-30.97,True
1.04,0.005,1.02,0.2,0.0,0.75,0.25,-2.08,-28.06,True
1.04,0.005,1.02,0.2,0.0,1.0,0.0,-1.72,-25.06,True
1.04,0.005,1.02,0.2,0.1,0.0,1.0,1.05,-19.32,True
1.04,0.005,1.02,0.2,0.1,0.25,0.75,1.2,-17.94,True
1.04,0.005,1.02,0.2,0.1,0.5,0.5,1.36,-16.51,True
1.04,0.005,1.02,0.2,0.1,0.75,0.25,1.53,-15.04,True
1.04,0.005,1.02,0.2,0.1,1.0,0.0,1.7,-13.52,True
1.04,0.005,1.02,0.2,0.2,0.0,1.0,3.42,-19.39,True
1.04,0.005,1.02,0.2,0.2,0.25,0.75,3.5,-18.06,True
1.04,0.005,1.02,0.2,0.2,0.5,0.5,3.58,-16.69,True
1.04,0.005,1.02,0.2,0.2,0.75,0.25,3.68,-15.28,True
1.04,0.005,1.02,0.2,0.2,1.0,0.0,3.78,-14.55,True
1.04,0.005,1.02,0.2,0.3,0.0,1.0,4.99,-19.19,True
1.04,0.005,1.02,0.2,0.3,0.25,0.75,5.04,-17.96,True
1.04,0.005,1.02,0.2,0.3,0.5,0.5,5.1,-17.67,True
1.04,0.005,1.02,0.2,0.3,0.75,0.25,5.17,-17.38,True
1.04,0.005,1.02,0.2,0.3,1.0,0.0,5.24,-17.09,True
1.04,0.005,1.02,0.3,0.0,0.0,1.0,-4.04,-40.42,False
1.04,0.005,1.02,0.3,0.0,0.25,0.75,-3.54,-37.47,True
1.04,0.005,1.02,0.3,0.0,0.5,0.5,-3.05,-34.4,True
1.04,0.005,1.02,0.3,0.0,0.75,0.25,-2.59,-31.21,True
1.04,0.005,1.02,0.3,0.0,1.0,0.0,-2.14,-27.9,True
1.04,0.005,1.02,0.3,0.1,0.0,1.0,0.9,-24.69,True
1.04,0.005,1.02,0.3,0.1,0.25,0.75,1.05,-22.95,True
1.04,0.005,1.02,0.3,0.1,0.5,0.5,1.23,-21.14,True
1.04,0.005,1.02,0.3,0.1,0.75,0.25,1.41,-19.27,True
1.04,0.005,1.02,0.3,0.1,1.0,0.0,1.6,-17.34,True
1.04,0.005,1.02,0.3,0.2,0.0,1.0,3.37,-24.36,True
1.04,0.005,1.02,0.3,0.2,0.25,0.75,3.45,-22.69,True
1.04,0.005,1.02,0.3,0.2,0.5,0.5,3.55,-20.96,True
1.04,0.005,1.02,0.3,0.2,0.75,0.25,3.65,-19.18,True
1.04,0.005,1.02,0.3,0.2,1.0,0.0,3.76,-17.34,True
1.04,0.005,1.02,0.3,0.3,0.0,1.0,4.98,-23.43,True
1.04,0.005,1.02,0.3,0.3,0.25,0.75,5.03,-21.9,True
1.04,0.005,1.02,0.3,0.3,0.5,0.5,5.09,-20.31,True
1.04,0.005,1.02,0.3,0.3,0.75,0.25,5.16,-18.66,True
1.04,0.005,1.02,0.3,0.3,1.0,0.0,5.23,-17.2,True
1.04,0.005,1.02,0.4,0.0,0.0,1.0,-4.7,-44.57,False
1.04,0.005,1.02,0.4,0.0,0.25,0.75,-4.12,-41.42,False
1.04,0.005,1.02,0.4,0.0,0.5,0.5,-3.55,-38.12,True
1.04,0.005,1.02,0.4,0.0,0.75,0.25,-3.01,-34.67,True
1.04,0.005,1.02,0.4,0.0,1.0,0.0,-2.5,-31.07,True
1.04,0.005,1.02,0.4,0.1,0.0,1.0,0.88,-29.13,True
1.04,0.005,1.02,0.4,0.1,0.25,0.75,1.04,-27.09,True
1.04,0.005,1.02,0.4,0.1,0.5,0.5,1.2,-24.98,True
1.04,0.005,1.02,0.4,0.1,0.75,0.25,1.38,-22.8,True
1.04,0.005,1.02,0.4,0.1,1.0,0.0,1.56,-20.53,True
1.04,0.005,1.02,0.4,0.2,0.0,1.0,3.38,-27.8,True
1.04,0.005,1.02,0.4,0.2,0.25,0.75,3.47,-25.91,True
1.04,0.005,1.02,0.4,0.2,0.5,0.5,3.57,-23.95,True
1.04,0.005,1.02,0.4,0.2,0.75,0.25,3.67,-21.92,True
1.04,0.005,1.02,0.4,0.2,1.0,0.0,3.78,-19.81,True
1.04,0.005,1.02,0.4,0.3,0.0,1.0,5.0,-26.6,True
1.04,0.005,1.02,0.4,0.3,0.25,0.75,5.06,-24.82,True
1.04,0.005,1.02,0.4,0.3,0.5,0.5,5.13,-22.97,True
1.04,0.005,1.02,0.4,0.3,0.75,0.25,5.2,-21.07,True
1.04,0.005,1.02,0.4,0.3,1.0,0.0,5.27,-19.09,True
1.04,0.01,0.95,0.1,0.0,0.0,1.0,0.89,-31.17,True
1.04,0.01,0.95,0.1,0.0,0.25,0.75,1.16,-28.67,True
1.04,0.01,0.95,0.1,0.0,0.5,0.5,1.42,-26.12,True
1.04,0.01,0.95,0.1,0.0,0.75,0.25,1.65,-23.51,True
1.04,0.01,0.95,0.1,0.0,1.0,0.0,1.85,-20.85,True
1.04,0.01,0.95,0.1,0.1,0.0,1.0,3.17,-29.44,True
1.04,0.01,0.95,0.1,0.1,0.25,0.75,3.33,-27.0,True
1.04,0.01,0.95,0.1,0.1,0.5,0.5,3.48,-24.51,True
1.04,0.01,0.95,0.1,0.1,0.75,0.25,3.62,-21.97,True
1.04,0.01,0.95,0.1,0.1,1.0,0.0,3.74,-19.39,True
1.04,0.01,0.95,0.1,0.2,0.0,1.0,4.59,-27.07,True
1.04,0.01,0.95,0.1,0.2,0.25,0.75,4.71,-24.71,True
1.04,0.01,0.95,0.1,0.2,0.5,0.5,4.83,-22.31,True
1.04,0.01,0.95,0.1,0.2,0.75,0.25,4.93,-19.87,True
1.04,0.01,0.95,0.1,0.2,1.0,0.0,5.02,-17.4,True
1.04,0.01,0.95,0.1,0.3,0.0,1.0,5.65,-23.71,True
1.04,0.01,0.95,0.1,0.3,0.25,0.75,5.76,-21.54,True
1.04,0.01,0.95,0.1,0.3,0.5,0.5,5.86,-19.34,True
1.04,0.01,0.95,0.1,0.3,0.75,0.25,5.94,-17.11,True
1.04,0.01,0.95,0.1,0.3,1.0,0.0,6.01,-14.85,True
1.04,0.01,0.95,0.2,0.0,0.0,1.0,0.9,-38.42,True
1.04,0.01,0.95,0.2,0.0,0.25,0.75,1.28,-35.43,True
1.04,0.01,0.95,0.2,0.0,0.5,0.5,1.62,-32.35,True
1.04,0.01,0.95,0.2,0.0,0.75,0.25,1.92,-29.2,True
1.04,0.01,0.95,0.2,0.0,1.0,0.0,2.18,-25.95,True
1.04,0.01,0.95,0.2,0.1,0.0,1.0,3.02,-35.24,True
1.04,0.01,0.95,0.2,0.1,0.25,0.75,3.26,-32.41,True
1.04,0.01,0.95,0.2,0.1,0.5,0.5,3.47,-29.51,True
1.04,0.01,0.95,0.2,0.1,0.75,0.25,3.66,-26.53,True
1.04,0.01,0.95,0.2,0.1,1.0,0.0,3.83,-23.48,True
1.04,0.01,0.95,0.2,0.2,0.0,1.0,4.29,-31.96,True
1.04,0.01,0.95,0.2,0.2,0.25,0.75,4.46,-29.3,True
1.04,0.01,0.95,0.2,0.2,0.5,0.5,4.62,-26.57,True
1.04,0.01,0.95,0.2,0.2,0.75,0.25,4.78,-23.78,True
1.04,0.01,0.95,0.2,0.2,1.0,0.0,4.92,-20.93,True
1.04,0.01,0.95,0.2,0.3,0.0,1.0,5.34,-28.16,True
1.04,0.01,0.95,0.2,0.3,0.25,0.75,5.45,-25.7,True
1.04,0.01,0.95,0.2,0.3,0.5,0.5,5.56,-23.18,True
1.04,0.01,0.95,0.2,0.3,0.75,0.25,5.68,-20.62,True
1.04,0.01,0.95,0.2,0.3,1.0,0.0,5.78,-18.02,True
1.04,0.01,0.95,0.3,0.0,0.0,1.0,0.18,-41.72,True
1.04,0.01,0.95,0.3,0.0,0.25,0.75,0.67,-38.58,True
1.04,0.01,0.95,0.3,0.0,0.5,0.5,1.11,-35.33,True
1.04,0.01,0.95,0.3,0.0,0.75,0.25,1.51,-31.98,True
1.04,0.01,0.95,0.3,0.0,1.0,0.0,1.85,-28.52,True
1.04,0.01,0.95,0.3,0.1,0.0,1.0,2.32,-37.98,True
1.04,0.01,0.95,0.3,0.1,0.25,0.75,2.6,-35.0,True
1.04,0.01,0.95,0.3,0.1,0.5,0.5,2.88,-31.93,True
1.04,0.01,0.95,0.3,0.1,0.75,0.25,3.15,-28.78,True
1.04,0.01,0.95,0.3,0.1,1.0,0.0,3.39,-25.54,True
1.04,0.01,0.95,0.3,0.2,0.0,1.0,4.07,-33.95,True
1.04,0.01,0.95,0.3,0.2,0.25,0.75,4.24,-31.15,True
1.04,0.01,0.95,0.3,0.2,0.5,0.5,4.4,-28.29,True
1.04,0.01,0.95,0.3,0.2,0.75,0.25,4.57,-25.35,True
1.04,0.01,0.95,0.3,0.2,1.0,0.0,4.73,-22.34,True
1.04,0.01,0.95,0.3,0.3,0.0,1.0,5.38,-29.95,True
1.04,0.01,0.95,0.3,0.3,0.25,0.75,5.5,-27.37,True
1.04,0.01,0.95,0.3,0.3,0.5,0.5,5.61,-24.71,True
1.04,0.01,0.95,0.3,0.3,0.75,0.25,5.74,-21.99,True
1.04,0.01,0.95,0.3,0.3,1.0,0.0,5.86,-19.22,True
1.04,0.01,0.95,0.4,0.0,0.0,1.0,-0.29,-42.76,True
1.04,0.01,0.95,0.4,0.0,0.25,0.75,0.26,-39.58,True
1.04,0.01,0.95,0.4,0.0,0.5,0.5,0.77,-36.29,True
1.04,0.01,0.95,0.4,0.0,0.75,0.25,1.22,-32.88,True
1.04,0.01,0.95,0.4,0.0,1.0,0.0,1.63,-29.36,True
1.04,0.01,0.95,0.4,0.1,0.0,1.0,2.36,-38.89,True
1.04,0.01,0.95,0.4,0.1,0.25,0.75,2.64,-35.86,True
1.04,0.01,0.95,0.4,0.1,0.5,0.5,2.92,-32.74,True
1.04,0.01,0.95,0.4,0.1,0.75,0.25,3.19,-29.52,True
1.04,0.01,0.95,0.4,0.1,1.0,0.0,3.44,-26.2,True
1.04,0.01,0.95,0.4,0.2,0.0,1.0,4.18,-34.72,True
1.04,0.01,0.95,0.4,0.2,0.25,0.75,4.36,-31.88,True
1.04,0.01,0.95,0.4,0.2,0.5,0.5,4.55,-28.96,True
1.04,0.01,0.95,0.4,0.2,0.75,0.25,4.73,-25.96,True
1.04,0.01,0.95,0.4,0.2,1.0,0.0,4.89,-22.87,True
1.04,0.01,0.95,0.4,0.3,0.0,1.0,5.42,-29.85,True
1.04,0.01,0.95,0.4,0.3,0.25,0.75,5.55,-27.26,True
1.04,0.01,0.95,0.4,0.3,0.5,0.5,5.67,-24.6,True
1.04,0.01,0.95,0.4,0.3,0.75,0.25,5.8,-21.88,True
1.04,0.01,0.95,0.4,0.3,1.0,0.0,5.91,-19.1,True
1.04,0.01,0.97,0.1,0.0,0.0,1.0,-0.75,-25.46,True
1.04,0.01,0.97,0.1,0.0,0.25,0.75,-0.42,-23.62,True
1.04,0.01,0.97,0.1,0.0,0.5,0.5,-0.11,-21.67,True
1.04,0.01,0.97,0.1,0.0,0.75,0.25,0.18,-19.58,True
1.04,0.01,0.97,0.1,0.0,1.0,0.0,0.43,-17.32,True
1.04,0.01,0.97,0.1,0.1,0.0,1.0,2.02,-21.7,True
1.04,0.01,0.97,0.1,0.1,0.25,0.75,2.21,-20.06,True
1.04,0.01,0.97,0.1,0.1,0.5,0.5,2.39,-18.31,True
1.04,0.01,0.97,0.1,0.1,0.75,0.25,2.56,-16.43,True
1.04,0.01,0.97,0.1,0.1,1.0,0.0,2.72,-14.4,True
1.04,0.01,0.97,0.1,0.2,0.0,1.0,3.62,-17.59,True
1.04,0.01,0.97,0.1,0.2,0.25,0.75,3.75,-16.29,True
1.04,0.01,0.97,0.1,0.2,0.5,0.5,3.89,-14.98,True
1.04,0.01,0.97,0.1,0.2,0.75,0.25,4.03,-14.0,True
1.04,0.01,0.97,0.1,0.2,1.0,0.0,4.18,-13.38,True
1.04,0.01,0.97,0.1,0.3,0.0,1.0,5.02,-17.7,True
1.04,0.01,0.97,0.1,0.3,0.25,0.75,5.1,-17.29,True
1.04,0.01,0.97,0.1,0.3,0.5,0.5,5.19,-16.87,True
1.04,0.01,0.97,0.1,0.3,0.75,0.25,5.28,-16.5,True
1.04,0.01,0.97,0.1,0.3,1.0,0.0,5.38,-16.16,True
1.04,0.01,0.97,0.2,0.0,0.0,1.0,-1.97,-31.49,True
1.04,0.01,0.97,0.2,0.0,0.25,0.75,-1.44,-29.27,True
1.04,0.01,0.97,0.2,0.0,0.5,0.5,-0.94,-26.91,True
1.04,0.01,0.97,0.2,0.0,0.75,0.25,-0.48,-24.4,True
1.04,0.01,0.97,0.2,0.0,1.0,0.0,-0.06,-21.71,True
1.04,0.01,0.97,0.2,0.1,0.0,1.0,1.53,-25.96,True
1.04,0.01,0.97,0.2,0.1,0.25,0.75,1.79,-23.93,True
1.04,0.01,0.97,0.2,0.1,0.5,0.5,2.03,-21.96,True
1.04,0.01,0.97,0.2,0.1,0.75,0.25,2.26,-19.82,True
1.04,0.01,0.97,0.2,0.1,1.0,0.0,2.48,-17.51,True
1.04,0.01,0.97,0.2,0.2,0.0,1.0,3.52,-24.21,True
1.04,0.01,0.97,0.2,0.2,0.25,0.75,3.66,-22.09,True
1.04,0.01,0.97,0.2,0.2,0.5,0.5,3.8,-19.92,True
1.04,0.01,0.97,0.2,0.2,0.75,0.25,3.93,-17.71,True
1.04,0.01,0.97,0.2,0.2,1.0,0.0,4.08,-15.46,True
1.04,0.01,0.97,0.2,0.3,0.0,1.0,4.96,-21.8,True
1.04,0.01,0.97,0.2,0.3,0.25,0.75,5.05,-19.81,True
1.04,0.01,0.97,0.2,0.3,0.5,0.5,5.15,-17.78,True
1.04,0.01,0.97,0.2,0.3,0.75,0.25,5.25,-17.1,True
1.04,0.01,0.97,0.2,0.3,1.0,0.0,5.35,-16.71,True
1.04,0.01,0.97,0.3,0.0,0.0,1.0,-2.6,-34.07,True
1.04,0.01,0.97,0.3,0.0,0.25,0.75,-1.97,-31.7,True
1.04,0.01,0.97,0.3,0.0,0.5,0.5,-1.38,-29.19,True
1.04,0.01,0.97,0.3,0.0,0.75,0.25,-0.83,-26.52,True
1.04,0.01,0.97,0.3,0.0,1.0,0.0,-0.33,-23.65,True
1.04,0.01,0.97,0.3,0.1,0.0,1.0,1.3,-30.9,True
1.04,0.01,0.97,0.3,0.1,0.25,0.75,1.52,-28.39,True
1.04,0.01,0.97,0.3,0.1,0.5,0.5,1.76,-25.81,True
1.04,0.01,0.97,0.3,0.1,0.75,0.25,2.0,-23.15,True
1.04,0.01,0.97,0.3,0.1,1.0,0.0,2.25,-20.42,True
1.04,0.01,0.97,0.3,0.2,0.0,1.0,3.51,-27.26,True
1.04,0.01,0.97,0.3,0.2,0.25,0.75,3.66,-24.92,True
1.04,0.01,0.97,0.3,0.2,0.5,0.5,3.81,-22.52,True
1.04,0.01,0.97,0.3,0.2,0.75,0.25,3.96,-20.06,True
1.04,0.01,0.97,0.3,0.2,1.0,0.0,4.11,-17.54,True
1.04,0.01,0.97,0.3,0.3,0.0,1.0,5.01,-23.67,True
1.04,0.01,0.97,0.3,0.3,0.25,0.75,5.11,-21.51,True
1.04,0.01,0.97,0.3,0.3,0.5,0.5,5.2,-19.29,True
1.04,0.01,0.97,0.3,0.3,0.75,0.25,5.31,-17.03,True
1.04,0.01,0.97,0.3,0.3,1.0,0.0,5.41,-16.52,True
1.04,0.01,0.97,0.4,0.0,0.0,1.0,-3.01,-35.97,True
1.04,0.01,0.97,0.4,0.0,0.25,0.75,-2.32,-33.49,True
1.04,0.01,0.97,0.4,0.0,0.5,0.5,-1.68,-30.87,True
1.04,0.01,0.97,0.4,0.0,0.75,0.25,-1.08,-28.07,True
1.04,0.01,0.97,0.4,0.0,1.0,0.0,-0.52,-25.08,True
1.04,0.01,0.97,0.4,0.1,0.0,1.0,1.41,-31.33,True
1.04,0.01,0.97,0.4,0.1,0.25,0.75,1.66,-28.78,True
1.04,0.01,0.97,0.4,0.1,0.5,0.5,1.92,-26.15,True
1.04,0.01,0.97,0.4,0.1,0.75,0.25,2.16,-23.44,True
1.04,0.01,0.97,0.4,0.1,1.0,0.0,2.41,-20.65,True
1.04,0.01,0.97,0.4,0.2,0.0,1.0,3.58,-27.46,True
1.04,0.01,0.97,0.4,0.2,0.25,0.75,3.73,-25.1,True
1.04,0.01,0.97,0.4,0.2,0.5,0.5,3.88,-22.67,True
1.04,0.01,0.97,0.4,0.2,0.75,0.25,4.04,-20.17,True
1.04,0.01,0.97,0.4,0.2,1.0,0.0,4.2,-17.61,True
1.04,0.01,0.97,0.4,0.3,0.0,1.0,5.03,-23.25,True
1.04,0.01,0.97,0.4,0.3,0.25,0.75,5.13,-21.13,True
1.04,0.01,0.97,0.4,0.3,0.5,0.5,5.24,-18.96,True
1.04,0.01,0.97,0.4,0.3,0.75,0.25,5.34,-16.73,True
1.04,0.01,0.97,0.4,0.3,1.0,0.0,5.45,-16.35,True
1.04,0.01,0.99,0.1,0.0,0.0,1.0,-1.01,-24.05,True
1.04,0.01,0.99,0.1,0.0,0.25,0.75,-0.77,-21.8,True
1.04,0.01,0.99,0.1,0.0,0.5,0.5,-0.55,-19.5,True
1.04,0.01,0.99,0.1,0.0,0.75,0.25,-0.33,-17.16,True
1.04,0.01,0.99,0.1,0.0,1.0,0.0,-0.12,-14.77,True
1.04,0.01,0.99,0.1,0.1,0.0,1.0,2.04,-12.49,True
1.04,0.01,0.99,0.1,0.1,0.25,0.75,2.15,-11.41,True
1.04,0.01,0.99,0.1,0.1,0.5,0.5,2.27,-10.31,True
1.04,0.01,0.99,0.1,0.1,0.75,0.25,2.38,-9.29,True
1.04,0.01,0.99,0.1,0.1,1.0,0.0,2.49,-8.53,True
1.04,0.01,0.99,0.1,0.2,0.0,1.0,3.84,-12.85,True
1.04,0.01,0.99,0.1,0.2,0.25,0.75,3.93,-12.31,True
1.04,0.01,0.99,0.1,0.2,0.5,0.5,4.01,-12.21,True
1.04,0.01,0.99,0.1,0.2,0.75,0.25,4.08,-12.14,True
1.04,0.01,0.99,0.1,0.2,1.0,0.0,4.15,-12.09,True
1.04,0.01,0.99,0.1,0.3,0.0,1.0,5.18,-15.02,True
1.04,0.01,0.99,0.1,0.3,0.25,0.75,5.24,-14.9,True
1.04,0.01,0.99,0.1,0.3,0.5,0.5,5.3,-14.8,True
1.04,0.01,0.99,0.1,0.3,0.75,0.25,5.36,-14.73,True
1.04,0.01,0.99,0.1,0.3,1.0,0.0,5.41,-14.68,True
1.04,0.01,0.99,0.2,0.0,0.0,1.0,-0.94,-30.23,True
1.04,0.01,0.99,0.2,0.0,0.25,0.75,-0.62,-27.37,True
1.04,0.01,0.99,0.2,0.0,0.5,0.5,-0.32,-24.44,True
1.04,0.01,0.99,0.2,0.0,0.75,0.25,-0.04,-21.43,True
1.04,0.01,0.99,0.2,0.0,1.0,0.0,0.22,-18.35,True
1.04,0.01,0.99,0.2,0.1,0.0,1.0,2.18,-18.78,True
1.04,0.01,0.99,0.2,0.1,0.25,0.75,2.35,-17.2,True
1.04,0.01,0.99,0.2,0.1,0.5,0.5,2.51,-15.59,True
1.04,0.01,0.99,0.2,0.1,0.75,0.25,2.66,-13.96,True
1.04,0.01,0.99,0.2,0.1,1.0,0.0,2.8,-12.31,True
1.04,0.01,0.99,0.2,0.2,0.0,1.0,3.94,-17.61,True
1.04,0.01,0.99,0.2,0.2,0.25,0.75,4.05,-16.05,True
1.04,0.01,0.99,0.2,0.2,0.5,0.5,4.15,-14.47,True
1.04,0.01,0.99,0.2,0.2,0.75,0.25,4.25,-12.87,True
1.04,0.01,0.99,0.2,0.2,1.0,0.0,4.35,-11.74,True
1.04,0.01,0.99,0.2,0.3,0.0,1.0,5.25,-15.84,True
1.04,0.01,0.99,0.2,0.3,0.25,0.75,5.32,-15.03,True
1.04,0.01,0.99,0.2,0.3,0.5,0.5,5.39,-14.9,True
1.04,0.01,0.99,0.2,0.3,0.75,0.25,5.46,-14.8,True
1.04,0.01,0.99,0.2,0.3,1.0,0.0,5.52,-14.74,True
1.04,0.01,0.99,0.3,0.0,0.0,1.0,-0.82,-35.33,True
1.04,0.01,0.99,0.3,0.0,0.25,0.75,-0.46,-32.16,True
1.04,0.01,0.99,0.3,0.0,0.5,0.5,-0.13,-28.88,True
1.04,0.01,0.99,0.3,0.0,0.75,0.25,0.18,-25.5,True
1.04,0.01,0.99,0.3,0.0,1.0,0.0,0.46,-22.0,True
1.04,0.01,0.99,0.3,0.1,0.0,1.0,2.01,-23.52,True
1.04,0.01,0.99,0.3,0.1,0.25,0.75,2.2,-21.6,True
1.04,0.01,0.99,0.3,0.1,0.5,0.5,2.39,-19.65,True
1.04,0.01,0.99,0.3,0.1,0.75,0.25,2.57,-17.65,True
1.04,0.01,0.99,0.3,0.1,1.0,0.0,2.73,-15.61,True
1.04,0.01,0.99,0.3,0.2,0.0,1.0,3.95,-21.26,True
1.04,0.01,0.99,0.3,0.2,0.25,0.75,4.06,-19.43,True
1.04,0.01,0.99,0.3,0.2,0.5,0.5,4.17,-17.57,True
1.04,0.01,0.99,0.3,0.2,0.75,0.25,4.27,-15.68,True
1.04,0.01,0.99,0.3,0.2,1.0,0.0,4.37,-13.75,True
1.04,0.01,0.99,0.3,0.3,0.0,1.0,5.31,-19.09,True
1.04,0.01,0.99,0.3,0.3,0.25,0.75,5.39,-17.36,True
1.04,0.01,0.99,0.3,0.3,0.5,0.5,5.47,-15.59,True
1.04,0.01,0.99,0.3,0.3,0.75,0.25,5.55,-14.54,True
1.04,0.01,0.99,0.3,0.3,1.0,0.0,5.62,-14.46,True
1.04,0.01,0.99,0.4,0.0,0.0,1.0,-1.02,-38.45,True
1.04,0.01,0.99,0.4,0.0,0.25,0.75,-0.62,-35.12,True
1.04,0.01,0.99,0.4,0.0,0.5,0.5,-0.24,-31.65,True
1.04,0.01,0.99,0.4,0.0,0.75,0.25,0.11,-28.06,True
1.04,0.01,0.99,0.4,0.0,1.0,0.0,0.42,-24.34,True
1.04,0.01,0.99,0.4,0.1,0.0,1.0,2.12,-25.98,True
1.04,0.01,0.99,0.4,0.1,0.25,0.75,2.29,-23.89,True
1.04,0.01,0.99,0.4,0.1,0.5,0.5,2.47,-21.76,True
1.04,0.01,0.99,0.4,0.1,0.75,0.25,2.64,-19.58,True
1.04,0.01,0.99,0.4,0.1,1.0,0.0,2.8,-17.34,True
1.04,0.01,0.99,0.4,0.2,0.0,1.0,4.09,-23.51,True
1.04,0.01,0.99,0.4,0.2,0.25,0.75,4.21,-21.52,True
1.04,0.01,0.99,0.4,0.2,0.5,0.5,4.33,-19.49,True
1.04,0.01,0.99,0.4,0.2,0.75,0.25,4.43,-17.42,True
1.04,0.01,0.99,0.4,0.2,1.0,0.0,4.52,-15.3,True
1.04,0.01,0.99,0.4,0.3,0.0,1.0,5.35,-20.42,True
1.04,0.01,0.99,0.4,0.3,0.25,0.75,5.43,-18.59,True
1.04,0.01,0.99,0.4,0.3,0.5,0.5,5.52,-16.72,True
1.04,0.01,0.99,0.4,0.3,0.75,0.25,5.6,-14.82,True
1.04,0.01,0.99,0.4,0.3,1.0,0.0,5.67,-14.37,True
1.04,0.01,1.0,0.1,0.0,0.0,1.0,-1.16,-26.52,True
1.04,0.01,1.0,0.1,0.0,0.25,0.75,-0.98,-24.44,True
1.04,0.01,1.0,0.1,0.0,0.5,0.5,-0.8,-22.32,True
1.04,0.01,1.0,0.1,0.0,0.75,0.25,-0.63,-20.15,True
1.04,0.01,1.0,0.1,0.0,1.0,0.0,-0.47,-17.94,True
1.04,0.01,1.0,0.1,0.1,0.0,1.0,1.66,-20.13,True
1.04,0.01,1.0,0.1,0.1,0.25,0.75,1.77,-18.52,True
1.04,0.01,1.0,0.1,0.1,0.5,0.5,1.88,-16.8,True
1.04,0.01,1.0,0.1,0.1,0.75,0.25,1.99,-14.96,True
1.04,0.01,1.0,0.1,0.1,1.0,0.0,2.1,-12.99,True
1.04,0.01,1.0,0.1,0.2,0.0,1.0,3.7,-12.99,True
1.04,0.01,1.0,0.1,0.2,0.25,0.75,3.77,-12.88,True
1.04,0.01,1.0,0.1,0.2,0.5,0.5,3.83,-12.79,True
1.04,0.01,1.0,0.1,0.2,0.75,0.25,3.9,-12.73,True
1.04,0.01,1.0,0.1,0.2,1.0,0.0,3.96,-12.68,True
1.04,0.01,1.0,0.1,0.3,0.0,1.0,5.04,-15.89,True
1.04,0.01,1.0,0.1,0.3,0.25,0.75,5.09,-15.74,True
1.04,0.01,1.0,0.1,0.3,0.5,0.5,5.14,-15.62,True
1.04,0.01,1.0,0.1,0.3,0.75,0.25,5.19,-15.52,True
1.04,0.01,1.0,0.1,0.3,1.0,0.0,5.23,-15.45,True
1.04,0.01,1.0,0.2,0.0,0.0,1.0,-1.87,-43.59,False
1.04,0.01,1.0,0.2,0.0,0.25,0.75,-1.54,-40.45,False
1.04,0.01,1.0,0.2,0.0,0.5,0.5,-1.24,-37.19,True
1.04,0.01,1.0,0.2,0.0,0.75,0.25,-0.96,-33.81,True
1.04,0.01,1.0,0.2,0.0,1.0,0.0,-0.69,-30.29,True
1.04,0.01,1.0,0.2,0.1,0.0,1.0,1.8,-22.12,True
1.04,0.01,1.0,0.2,0.1,0.25,0.75,1.96,-20.49,True
1.04,0.01,1.0,0.2,0.1,0.5,0.5,2.11,-18.69,True
1.04,0.01,1.0,0.2,0.1,0.75,0.25,2.24,-16.7,True
1.04,0.01,1.0,0.2,0.1,1.0,0.0,2.37,-14.53,True
1.04,0.01,1.0,0.2,0.2,0.0,1.0,3.63,-13.87,True
1.04,0.01,1.0,0.2,0.2,0.25,0.75,3.72,-13.37,True
1.04,0.01,1.0,0.2,0.2,0.5,0.5,3.81,-13.21,True
1.04,0.01,1.0,0.2,0.2,0.75,0.25,3.9,-13.07,True
1.04,0.01,1.0,0.2,0.2,1.0,0.0,3.99,-12.96,True
1.04,0.01,1.0,0.2,0.3,0.0,1.0,5.08,-15.99,True
1.04,0.01,1.0,0.2,0.3,0.25,0.75,5.14,-15.83,True
1.04,0.01,1.0,0.2,0.3,0.5,0.5,5.2,-15.73,True
1.04,0.01,1.0,0.2,0.3,0.75,0.25,5.26,-15.64,True
1.04,0.01,1.0,0.2,0.3,1.0,0.0,5.31,-15.58,True
1.04,0.01,1.0,0.3,0.0,0.0,1.0,-1.71,-45.15,False
1.04,0.01,1.0,0.3,0.0,0.25,0.75,-1.36,-41.85,False
1.04,0.01,1.0,0.3,0.0,0.5,0.5,-1.03,-38.42,True
1.04,0.01,1.0,0.3,0.0,0.75,0.25,-0.72,-34.85,True
1.04,0.01,1.0,0.3,0.0,1.0,0.0,-0.44,-31.13,True
1.04,0.01,1.0,0.3,0.1,0.0,1.0,1.58,-23.11,True
1.04,0.01,1.0,0.3,0.1,0.25,0.75,1.74,-21.77,True
1.04,0.01,1.0,0.3,0.1,0.5,0.5,1.9,-20.18,True
1.04,0.01,1.0,0.3,0.1,0.75,0.25,2.05,-18.36,True
1.04,0.01,1.0,0.3,0.1,1.0,0.0,2.21,-16.3,True
1.04,0.01,1.0,0.3,0.2,0.0,1.0,3.74,-17.08,True
1.04,0.01,1.0,0.3,0.2,0.25,0.75,3.83,-15.59,True
1.04,0.01,1.0,0.3,0.2,0.5,0.5,3.92,-14.08,True
1.04,0.01,1.0,0.3,0.2,0.75,0.25,4.0,-12.84,True
1.04,0.01,1.0,0.3,0.2,1.0,0.0,4.08,-12.79,True
1.04,0.01,1.0,0.3,0.3,0.0,1.0,5.18,-15.65,True
1.04,0.01,1.0,0.3,0.3,0.25,0.75,5.25,-15.47,True
1.04,0.01,1.0,0.3,0.3,0.5,0.5,5.31,-15.33,True
1.04,0.01,1.0,0.3,0.3,0.75,0.25,5.38,-15.22,True
1.04,0.01,1.0,0.3,0.3,1.0,0.0,5.43,-15.16,True
1.04,0.01,1.0,0.4,0.0,0.0,1.0,-1.84,-47.1,False
1.04,0.01,1.0,0.4,0.0,0.25,0.75,-1.45,-43.72,False
1.04,0.01,1.0,0.4,0.0,0.5,0.5,-1.09,-40.18,False
1.04,0.01,1.0,0.4,0.0,0.75,0.25,-0.76,-36.48,True
1.04,0.01,1.0,0.4,0.0,1.0,0.0,-0.46,-32.62,True
1.04,0.01,1.0,0.4,0.1,0.0,1.0,1.79,-25.84,True
1.04,0.01,1.0,0.4,0.1,0.25,0.75,1.95,-24.23,True
1.04,0.01,1.0,0.4,0.1,0.5,0.5,2.1,-22.35,True
1.04,0.01,1.0,0.4,0.1,0.75,0.25,2.24,-20.23,True
1.04,0.01,1.0,0.4,0.1,1.0,0.0,2.38,-17.89,True
1.04,0.01,1.0,0.4,0.2,0.0,1.0,3.89,-19.0,True
1.04,0.01,1.0,0.4,0.2,0.25,0.75,3.99,-17.36,True
1.04,0.01,1.0,0.4,0.2,0.5,0.5,4.09,-15.69,True
1.04,0.01,1.0,0.4,0.2,0.75,0.25,4.18,-13.99,True
1.04,0.01,1.0,0.4,0.2,1.0,0.0,4.26,-12.25,True
1.04,0.01,1.0,0.4,0.3,0.0,1.0,5.23,-15.99,True
1.04,0.01,1.0,0.4,0.3,0.25,0.75,5.3,-15.19,True
1.04,0.01,1.0,0.4,0.3,0.5,0.5,5.37,-15.06,True
1.04,0.01,1.0,0.4,0.3,0.75,0.25,5.43,-14.96,True
1.04,0.01,1.0,0.4,0.3,1.0,0.0,5.49,-14.92,True
1.04,0.01,1.01,0.1,0.0,0.0,1.0,-1.94,-14.79,True
1.04,0.01,1.01,0.1,0.0,0.25,0.75,-1.74,-13.55,True
1.04,0.01,1.01,0.1,0.0,0.5,0.5,-1.55,-12.29,True
1.04,0.01,1.01,0.1,0.0,0.75,0.25,-1.36,-11.01,True
1.04,0.01,1.01,0.1,0.0,1.0,0.0,-1.17,-9.72,True
1.04,0.01,1.01,0.1,0.1,0.0,1.0,1.26,-11.5,True
1.04,0.01,1.01,0.1,0.1,0.25,0.75,1.38,-10.6,True
1.04,0.01,1.01,0.1,0.1,0.5,0.5,1.5,-10.31,True
1.04,0.01,1.01,0.1,0.1,0.75,0.25,1.62,-10.13,True
1.04,0.01,1.01,0.1,0.1,1.0,0.0,1.73,-9.98,True
1.04,0.01,1.01,0.1,0.2,0.0,1.0,3.26,-15.58,True
1.04,0.01,1.01,0.1,0.2,0.25,0.75,3.34,-15.29,True
1.04,0.01,1.01,0.1,0.2,0.5,0.5,3.42,-15.02,True
1.04,0.01,1.01,0.1,0.2,0.75,0.25,3.5,-14.79,True
1.04,0.01,1.01,0.1,0.2,1.0,0.0,3.58,-14.59,True
1.04,0.01,1.01,0.1,0.3,0.0,1.0,4.76,-18.29,True
1.04,0.01,1.01,0.1,0.3,0.25,0.75,4.8,-18.02,True
1.04,0.01,1.01,0.1,0.3,0.5,0.5,4.84,-17.76,True
1.04,0.01,1.01,0.1,0.3,0.75,0.25,4.89,-17.5,True
1.04,0.01,1.01,0.1,0.3,1.0,0.0,4.94,-17.24,True
1.04,0.01,1.01,0.2,0.0,0.0,1.0,-3.55,-27.96,True
1.04,0.01,1.01,0.2,0.0,0.25,0.75,-3.17,-25.74,True
1.04,0.01,1.01,0.2,0.0,0.5,0.5,-2.79,-23.47,True
1.04,0.01,1.01,0.2,0.0,0.75,0.25,-2.43,-21.14,True
1.04,0.01,1.01,0.2,0.0,1.0,0.0,-2.07,-18.77,True
1.04,0.01,1.01,0.2,0.1,0.0,1.0,0.7,-17.93,True
1.04,0.01,1.01,0.2,0.1,0.25,0.75,0.87,-16.63,True
1.04,0.01,1.01,0.2,0.1,0.5,0.5,1.05,-15.28,True
1.04,0.01,1.01,0.2,0.1,0.75,0.25,1.23,-13.88,True
1.04,0.01,1.01,0.2,0.1,1.0,0.0,1.41,-12.43,True
1.04,0.01,1.01,0.2,0.2,0.0,1.0,3.1,-17.73,True
1.04,0.01,1.01,0.2,0.2,0.25,0.75,3.17,-17.29,True
1.04,0.01,1.01,0.2,0.2,0.5,0.5,3.24,-16.91,True
1.04,0.01,1.01,0.2,0.2,0.75,0.25,3.32,-16.52,True
1.04,0.01,1.01,0.2,0.2,1.0,0.0,3.41,-16.12,True
1.04,0.01,1.01,0.2,0.3,0.0,1.0,4.69,-19.35,True
1.04,0.01,1.01,0.2,0.3,0.25,0.75,4.73,-19.09,True
1.04,0.01,1.01,0.2,0.3,0.5,0.5,4.78,-18.83,True
1.04,0.01,1.01,0.2,0.3,0.75,0.25,4.84,-18.54,True
1.04,0.01,1.01,0.2,0.3,1.0,0.0,4.9,-18.25,True
1.04,0.01,1.01,0.3,0.0,0.0,1.0,-4.55,-32.41,True
1.04,0.01,1.01,0.3,0.0,0.25,0.75,-4.06,-29.86,True
1.04,0.01,1.01,0.3,0.0,0.5,0.5,-3.58,-27.23,True
1.04,0.01,1.01,0.3,0.0,0.75,0.25,-3.11,-24.54,True
1.04,0.01,1.01,0.3,0.0,1.0,0.0,-2.65,-21.77,True
1.04,0.01,1.01,0.3,0.1,0.0,1.0,0.53,-22.5,True
1.04,0.01,1.01,0.3,0.1,0.25,0.75,0.65,-20.86,True
1.04,0.01,1.01,0.3,0.1,0.5,0.5,0.8,-19.17,True
1.04,0.01,1.01,0.3,0.1,0.75,0.25,0.96,-17.42,True
1.04,0.01,1.01,0.3,0.1,1.0,0.0,1.13,-15.61,True
1.04,0.01,1.01,0.3,0.2,0.0,1.0,3.06,-22.37,True
1.04,0.01,1.01,0.3,0.2,0.25,0.75,3.14,-20.82,True
1.04,0.01,1.01,0.3,0.2,0.5,0.5,3.22,-19.22,True
1.04,0.01,1.01,0.3,0.2,0.75,0.25,3.31,-17.55,True
1.04,0.01,1.01,0.3,0.2,1.0,0.0,3.41,-16.4,True
1.04,0.01,1.01,0.3,0.3,0.0,1.0,4.69,-21.52,True
1.04,0.01,1.01,0.3,0.3,0.25,0.75,4.74,-20.09,True
1.04,0.01,1.01,0.3,0.3,0.5,0.5,4.79,-18.76,True
1.04,0.01,1.01,0.3,0.3,0.75,0.25,4.85,-18.47,True
1.04,0.01,1.01,0.3,0.3,1.0,0.0,4.91,-18.17,True
1.04,0.01,1.01,0.4,0.0,0.0,1.0,-5.25,-35.07,True
1.04,0.01,1.01,0.4,0.0,0.25,0.75,-4.68,-32.35,True
1.04,0.01,1.01,0.4,0.0,0.5,0.5,-4.12,-29.55,True
1.04,0.01,1.01,0.4,0.0,0.75,0.25,-3.58,-26.66,True
1.04,0.01,1.01,0.4,0.0,1.0,0.0,-3.06,-23.68,True
1.04,0.01,1.01,0.4,0.1,0.0,1.0,0.55,-26.73,True
1.04,0.01,1.01,0.4,0.1,0.25,0.75,0.71,-24.83,True
1.04,0.01,1.01,0.4,0.1,0.5,0.5,0.87,-22.85,True
1.04,0.01,1.01,0.4,0.1,0.75,0.25,1.02,-20.79,True
1.04,0.01,1.01,0.4,0.1,1.0,0.0,1.19,-18.65,True
1.04,0.01,1.01,0.4,0.2,0.0,1.0,3.08,-25.7,True
1.04,0.01,1.01,0.4,0.2,0.25,0.75,3.15,-23.92,True
1.04,0.01,1.01,0.4,0.2,0.5,0.5,3.24,-22.08,True
1.04,0.01,1.01,0.4,0.2,0.75,0.25,3.34,-20.16,True
1.04,0.01,1.01,0.4,0.2,1.0,0.0,3.44,-18.18,True
1.04,0.01,1.01,0.4,0.3,0.0,1.0,4.69,-24.86,True
1.04,0.01,1.01,0.4,0.3,0.25,0.75,4.74,-23.17,True
1.04,0.01,1.01,0.4,0.3,0.5,0.5,4.79,-21.44,True
1.04,0.01,1.01,0.4,0.3,0.75,0.25,4.85,-19.64,True
1.04,0.01,1.01,0.4,0.3,1.0,0.0,4.91,-18.17,True
1.04,0.01,1.02,0.1,0.0,0.0,1.0,-0.25,-12.33,True
1.04,0.01,1.02,0.1,0.0,0.25,0.75,-0.2,-11.3,True
1.04,0.01,1.02,0.1,0.0,0.5,0.5,-0.16,-10.27,True
1.04,0.01,1.02,0.1,0.0,0.75,0.25,-0.11,-9.23,True
1.04,0.01,1.02,0.1,0.0,1.0,0.0,-0.07,-8.18,True
1.04,0.01,1.02,0.1,0.1,0.0,1.0,2.34,-8.53,True
1.04,0.01,1.02,0.1,0.1,0.25,0.75,2.38,-8.46,True
1.04,0.01,1.02,0.1,0.1,0.5,0.5,2.4,-8.47,True
1.04,0.01,1.02,0.1,0.1,0.75,0.25,2.43,-8.48,True
1.04,0.01,1.02,0.1,0.1,1.0,0.0,2.45,-8.5,True
1.04,0.01,1.02,0.1,0.2,0.0,1.0,4.02,-12.65,True
1.04,0.01,1.02,0.1,0.2,0.25,0.75,4.05,-12.69,True
1.04,0.01,1.02,0.1,0.2,0.5,0.5,4.08,-12.73,True
1.04,0.01,1.02,0.1,0.2,0.75,0.25,4.1,-12.74,True
1.04,0.01,1.02,0.1,0.2,1.0,0.0,4.11,-12.76,True
1.04,0.01,1.02,0.1,0.3,0.0,1.0,5.25,-15.46,True
1.04,0.01,1.02,0.1,0.3,0.25,0.75,5.28,-15.39,True
1.04,0.01,1.02,0.1,0.3,0.5,0.5,5.32,-15.34,True
1.04,0.01,1.02,0.1,0.3,0.75,0.25,5.34,-15.37,True
1.04,0.01,1.02,0.1,0.3,1.0,0.0,5.36,-15.39,True
1.04,0.01,1.02,0.2,0.0,0.0,1.0,-0.88,-23.74,True
1.04,0.01,1.02,0.2,0.0,0.25,0.75,-0.73,-21.84,True
1.04,0.01,1.02,0.2,0.0,0.5,0.5,-0.59,-19.91,True
1.04,0.01,1.02,0.2,0.0,0.75,0.25,-0.46,-17.95,True
1.04,0.01,1.02,0.2,0.0,1.0,0.0,-0.34,-15.97,True
1.04,0.01,1.02,0.2,0.1,0.0,1.0,2.05,-13.64,True
1.04,0.01,1.02,0.2,0.1,0.25,0.75,2.14,-12.64,True
1.04,0.01,1.02,0.2,0.1,0.5,0.5,2.23,-11.61,True
1.04,0.01,1.02,0.2,0.1,0.75,0.25,2.3,-10.55,True
1.04,0.01,1.02,0.2,0.1,1.0,0.0,2.38,-9.46,True
1.04,0.01,1.02,0.2,0.2,0.0,1.0,3.61,-14.01,True
1.04,0.01,1.02,0.2,0.2,0.25,0.75,3.69,-13.84,True
1.04,0.01,1.02,0.2,0.2,0.5,0.5,3.77,-13.7,True
1.04,0.01,1.02,0.2,0.2,0.75,0.25,3.84,-13.58,True
1.04,0.01,1.02,0.2,0.2,1.0,0.0,3.92,-13.48,True
1.04,0.01,1.02,0.2,0.3,0.0,1.0,4.98,-16.98,True
1.04,0.01,1.02,0.2,0.3,0.25,0.75,5.03,-16.79,True
1.04,0.01,1.02,0.2,0.3,0.5,0.5,5.08,-16.62,True
1.04,0.01,1.02,0.2,0.3,0.75,0.25,5.13,-16.48,True
1.04,0.01,1.02,0.2,0.3,1.0,0.0,5.18,-16.34,True
1.04,0.01,1.02,0.3,0.0,0.0,1.0,-1.53,-27.23,True
1.04,0.01,1.02,0.3,0.0,0.25,0.75,-1.3,-25.03,True
1.04,0.01,1.02,0.3,0.0,0.5,0.5,-1.08,-22.79,True
1.04,0.01,1.02,0.3,0.0,0.75,0.25,-0.87,-20.52,True
1.04,0.01,1.02,0.3,0.0,1.0,0.0,-0.68,-18.21,True
1.04,0.01,1.02,0.3,0.1,0.0,1.0,1.45,-16.8,True
1.04,0.01,1.02,0.3,0.1,0.25,0.75,1.58,-15.58,True
1.04,0.01,1.02,0.3,0.1,0.5,0.5,1.72,-14.31,True
1.04,0.01,1.02,0.3,0.1,0.75,0.25,1.85,-13.01,True
1.04,0.01,1.02,0.3,0.1,1.0,0.0,1.98,-11.66,True
1.04,0.01,1.02,0.3,0.2,0.0,1.0,3.51,-16.82,True
1.04,0.01,1.02,0.3,0.2,0.25,0.75,3.59,-15.64,True
1.04,0.01,1.02,0.3,0.2,0.5,0.5,3.67,-14.44,True
1.04,0.01,1.02,0.3,0.2,0.75,0.25,3.75,-14.13,True
1.04,0.01,1.02,0.3,0.2,1.0,0.0,3.83,-13.95,True
1.04,0.01,1.02,0.3,0.3,0.0,1.0,4.94,-17.28,True
1.04,0.01,1.02,0.3,0.3,0.25,0.75,4.99,-17.07,True
1.04,0.01,1.02,0.3,0.3,0.5,0.5,5.05,-16.89,True
1.04,0.01,1.02,0.3,0.3,0.75,0.25,5.11,-16.7,True
1.04,0.01,1.02,0.3,0.3,1.0,0.0,5.16,-16.53,True
1.04,0.01,1.02,0.4,0.0,0.0,1.0,-2.03,-29.65,True
1.04,0.01,1.02,0.4,0.0,0.25,0.75,-1.74,-27.28,True
1.04,0.01,1.02,0.4,0.0,0.5,0.5,-1.46,-24.86,True
1.04,0.01,1.02,0.4,0.0,0.75,0.25,-1.19,-22.39,True
1.04,0.01,1.02,0.4,0.0,1.0,0.0,-0.95,-19.88,True
1.04,0.01,1.02,0.4,0.1,0.0,1.0,1.38,-19.87,True
1.04,0.01,1.02,0.4,0.1,0.25,0.75,1.52,-18.41,True
1.04,0.01,1.02,0.4,0.1,0.5,0.5,1.68,-16.91,True
1.04,0.01,1.02,0.4,0.1,0.75,0.25,1.82,-15.36,True
1.04,0.01,1.02,0.4,0.1,1.0,0.0,1.96,-13.77,True
1.04,0.01,1.02,0.4,0.2,0.0,1.0,3.47,-19.45,True
1.04,0.01,1.02,0.4,0.2,0.25,0.75,3.56,-18.08,True
1.04,0.01,1.02,0.4,0.2,0.5,0.5,3.65,-16.68,True
1.04,0.01,1.02,0.4,0.2,0.75,0.25,3.74,-15.23,True
1.04,0.01,1.02,0.4,0.2,1.0,0.0,3.83,-14.06,True
1.04,0.01,1.02,0.4,0.3,0.0,1.0,4.92,-19.03,True
1.04,0.01,1.02,0.4,0.3,0.25,0.75,4.97,-17.74,True
1.04,0.01,1.02,0.4,0.3,0.5,0.5,5.03,-16.99,True
1.04,0.01,1.02,0.4,0.3,0.75,0.25,5.09,-16.78,True
1.04,0.01,1.02,0.4,0.3,1.0,0.0,5.16,-16.58,True
1.04,0.015,0.95,0.1,0.0,0.0,1.0,1.57,-17.17,True
1.04,0.015,0.95,0.1,0.0,0.25,0.75,1.66,-15.83,True
1.04,0.015,0.95,0.1,0.0,0.5,0.5,1.73,-14.37,True
1.04,0.015,0.95,0.1,0.0,0.75,0.25,1.8,-12.79,True
1.04,0.015,0.95,0.1,0.0,1.0,0.0,1.85,-11.06,True
1.04,0.015,0.95,0.1,0.1,0.0,1.0,3.71,-15.56,True
1.04,0.015,0.95,0.1,0.1,0.25,0.75,3.75,-14.19,True
1.04,0.015,0.95,0.1,0.1,0.5,0.5,3.79,-12.81,True
1.04,0.015,0.95,0.1,0.1,0.75,0.25,3.82,-11.42,True
1.04,0.015,0.95,0.1,0.1,1.0,0.0,3.84,-10.01,True
1.04,0.015,0.95,0.1,0.2,0.0,1.0,5.26,-14.97,True
1.04,0.015,0.95,0.1,0.2,0.25,0.75,5.28,-13.87,True
1.04,0.015,0.95,0.1,0.2,0.5,0.5,5.29,-13.01,True
1.04,0.015,0.95,0.1,0.2,0.75,0.25,5.3,-12.14,True
1.04,0.015,0.95,0.1,0.2,1.0,0.0,5.3,-11.27,True
1.04,0.015,0.95,0.1,0.3,0.0,1.0,6.17,-16.31,True
1.04,0.015,0.95,0.1,0.3,0.25,0.75,6.19,-15.45,True
1.04,0.015,0.95,0.1,0.3,0.5,0.5,6.21,-14.94,True
1.04,0.015,0.95,0.1,0.3,0.75,0.25,6.22,-14.76,True
1.04,0.015,0.95,0.1,0.3,1.0,0.0,6.23,-14.59,True
1.04,0.015,0.95,0.2,0.0,0.0,1.0,2.1,-30.7,True
1.04,0.015,0.95,0.2,0.0,0.25,0.75,2.25,-28.27,True
1.04,0.015,0.95,0.2,0.0,0.5,0.5,2.38,-25.78,True
1.04,0.015,0.95,0.2,0.0,0.75,0.25,2.49,-23.24,True
1.04,0.015,0.95,0.2,0.0,1.0,0.0,2.56,-20.65,True
1.04,0.015,0.95,0.2,0.1,0.0,1.0,3.76,-29.12,True
1.04,0.015,0.95,0.2,0.1,0.25,0.75,3.87,-26.71,True
1.04,0.015,0.95,0.2,0.1,0.5,0.5,3.96,-24.26,True
1.04,0.015,0.95,0.2,0.1,0.75,0.25,4.04,-21.76,True
1.04,0.015,0.95,0.2,0.1,1.0,0.0,4.1,-19.23,True
1.04,0.015,0.95,0.2,0.2,0.0,1.0,4.92,-26.85,True
1.04,0.015,0.95,0.2,0.2,0.25,0.75,5.0,-24.53,True
1.04,0.015,0.95,0.2,0.2,0.5,0.5,5.08,-22.16,True
1.04,0.015,0.95,0.2,0.2,0.75,0.25,5.15,-19.76,True
1.04,0.015,0.95,0.2,0.2,1.0,0.0,5.2,-17.32,True
1.04,0.015,0.95,0.2,0.3,0.0,1.0,5.99,-23.07,True
1.04,0.015,0.95,0.2,0.3,0.25,0.75,6.05,-20.95,True
1.04,0.015,0.95,0.2,0.3,0.5,0.5,6.11,-18.79,True
1.04,0.015,0.95,0.2,0.3,0.75,0.25,6.15,-16.62,True
1.04,0.015,0.95,0.2,0.3,1.0,0.0,6.18,-14.89,True
1.04,0.015,0.95,0.3,0.0,0.0,1.0,1.61,-35.66,True
1.04,0.015,0.95,0.3,0.0,0.25,0.75,1.86,-32.83,True
1.04,0.015,0.95,0.3,0.0,0.5,0.5,2.08,-29.93,True
1.04,0.015,0.95,0.3,0.0,0.75,0.25,2.27,-26.97,True
1.04,0.015,0.95,0.3,0.0,1.0,0.0,2.41,-23.95,True
1.04,0.015,0.95,0.3,0.1,0.0,1.0,3.51,-31.89,True
1.04,0.015,0.95,0.3,0.1,0.25,0.75,3.67,-29.24,True
1.04,0.015,0.95,0.3,0.1,0.5,0.5,3.8,-26.54,True
1.04,0.015,0.95,0.3,0.1,0.75,0.25,3.92,-23.78,True
1.04,0.015,0.95,0.3,0.1,1.0,0.0,4.01,-20.97,True
1.04,0.015,0.95,0.3,0.2,0.0,1.0,4.81,-28.53,True
1.04,0.015,0.95,0.3,0.2,0.25,0.75,4.93,-26.08,True
1.04,0.015,0.95,0.3,0.2,0.5,0.5,5.03,-23.58,True
1.04,0.015,0.95,0.3,0.2,0.75,0.25,5.12,-21.03,True
1.04,0.015,0.95,0.3,0.2,1.0,0.0,5.19,-18.45,True
1.04,0.015,0.95,0.3,0.3,0.0,1.0,5.65,-25.24,True
1.04,0.015,0.95,0.3,0.3,0.25,0.75,5.76,-22.98,True
1.04,0.015,0.95,0.3,0.3,0.5,0.5,5.85,-20.68,True
1.04,0.015,0.95,0.3,0.3,0.75,0.25,5.93,-18.35,True
1.04,0.015,0.95,0.3,0.3,1.0,0.0,6.0,-15.99,True
1.04,0.015,0.95,0.4,0.0,0.0,1.0,1.32,-37.5,True
1.04,0.015,0.95,0.4,0.0,0.25,0.75,1.62,-34.56,True
1.04,0.015,0.95,0.4,0.0,0.5,0.5,1.89,-31.54,True
1.04,0.015,0.95,0.4,0.0,0.75,0.25,2.11,-28.45,True
1.04,0.015,0.95,0.4,0.0,1.0,0.0,2.29,-25.28,True
1.04,0.015,0.95,0.4,0.1,0.0,1.0,3.26,-34.18,True
1.04,0.015,0.95,0.4,0.1,0.25,0.75,3.45,-31.41,True
1.04,0.015,0.95,0.4,0.1,0.5,0.5,3.63,-28.57,True
1.04,0.015,0.95,0.4,0.1,0.75,0.25,3.77,-25.68,True
1.04,0.015,0.95,0.4,0.1,1.0,0.0,3.9,-22.72,True
1.04,0.015,0.95,0.4,0.2,0.0,1.0,4.44,-30.56,True
1.04,0.015,0.95,0.4,0.2,0.25,0.75,4.59,-27.99,True
1.04,0.015,0.95,0.4,0.2,0.5,0.5,4.73,-25.36,True
1.04,0.015,0.95,0.4,0.2,0.75,0.25,4.85,-22.68,True
1.04,0.015,0.95,0.4,0.2,1.0,0.0,4.96,-19.95,True
1.04,0.015,0.95,0.4,0.3,0.0,1.0,5.46,-26.21,True
1.04,0.015,0.95,0.4,0.3,0.25,0.75,5.56,-23.89,True
1.04,0.015,0.95,0.4,0.3,0.5,0.5,5.66,-21.52,True
1.04,0.015,0.95,0.4,0.3,0.75,0.25,5.75,-19.11,True
1.04,0.015,0.95,0.4,0.3,1.0,0.0,5.84,-16.66,True
1.04,0.015,0.97,0.1,0.0,0.0,1.0,1.8,-17.79,True
1.04,0.015,0.97,0.1,0.0,0.25,0.75,1.8,-16.47,True
1.04,0.015,0.97,0.1,0.0,0.5,0.5,1.79,-15.05,True
1.04,0.015,0.97,0.1,0.0,0.75,0.25,1.76,-13.52,True
1.04,0.015,0.97,0.1,0.0,1.0,0.0,1.73,-11.85,True
1.04,0.015,0.97,0.1,0.1,0.0,1.0,3.83,-14.58,True
1.04,0.015,0.97,0.1,0.1,0.25,0.75,3.83,-13.36,True
1.04,0.015,0.97,0.1,0.1,0.5,0.5,3.82,-12.05,True
1.04,0.015,0.97,0.1,0.1,0.75,0.25,3.8,-10.64,True
1.04,0.015,0.97,0.1,0.1,1.0,0.0,3.77,-9.11,True
1.04,0.015,0.97,0.1,0.2,0.0,1.0,5.12,-11.73,True
1.04,0.015,0.97,0.1,0.2,0.25,0.75,5.13,-10.63,True
1.04,0.015,0.97,0.1,0.2,0.5,0.5,5.13,-10.33,True
1.04,0.015,0.97,0.1,0.2,0.75,0.25,5.12,-10.51,True
1.04,0.015,0.97,0.1,0.2,1.0,0.0,5.11,-10.72,True
1.04,0.015,0.97,0.1,0.3,0.0,1.0,6.0,-14.66,True
1.04,0.015,0.97,0.1,0.3,0.25,0.75,6.03,-14.56,True
1.04,0.015,0.97,0.1,0.3,0.5,0.5,6.04,-14.47,True
1.04,0.015,0.97,0.1,0.3,0.75,0.25,6.05,-14.39,True
1.04,0.015,0.97,0.1,0.3,1.0,0.0,6.05,-14.32,True
1.04,0.015,0.97,0.2,0.0,0.0,1.0,1.21,-21.02,True
1.04,0.015,0.97,0.2,0.0,0.25,0.75,1.36,-19.5,True
1.04,0.015,0.97,0.2,0.0,0.5,0.5,1.49,-17.87,True
1.04,0.015,0.97,0.2,0.0,0.75,0.25,1.59,-16.1,True
1.04,0.015,0.97,0.2,0.0,1.0,0.0,1.66,-14.17,True
1.04,0.015,0.97,0.2,0.1,0.0,1.0,3.12,-18.15,True
1.04,0.015,0.97,0.2,0.1,0.25,0.75,3.23,-16.81,True
1.04,0.015,0.97,0.2,0.1,0.5,0.5,3.33,-15.44,True
1.04,0.015,0.97,0.2,0.1,0.75,0.25,3.41,-14.06,True
1.04,0.015,0.97,0.2,0.1,1.0,0.0,3.47,-12.66,True
1.04,0.015,0.97,0.2,0.2,0.0,1.0,4.44,-15.8,True
1.04,0.015,0.97,0.2,0.2,0.25,0.75,4.58,-14.5,True
1.04,0.015,0.97,0.2,0.2,0.5,0.5,4.68,-13.38,True
1.04,0.015,0.97,0.2,0.2,0.75,0.25,4.75,-12.23,True
1.04,0.015,0.97,0.2,0.2,1.0,0.0,4.8,-12.12,True
1.04,0.015,0.97,0.2,0.3,0.0,1.0,5.18,-17.71,True
1.04,0.015,0.97,0.2,0.3,0.25,0.75,5.34,-17.12,True
1.04,0.015,0.97,0.2,0.3,0.5,0.5,5.49,-16.57,True
1.04,0.015,0.97,0.2,0.3,0.75,0.25,5.59,-16.13,True
1.04,0.015,0.97,0.2,0.3,1.0,0.0,5.68,-15.81,True
1.04,0.015,0.97,0.3,0.0,0.0,1.0,0.06,-24.18,True
1.04,0.015,0.97,0.3,0.0,0.25,0.75,0.37,-22.45,True
1.04,0.015,0.97,0.3,0.0,0.5,0.5,0.63,-20.6,True
1.04,0.015,0.97,0.3,0.0,0.75,0.25,0.87,-18.61,True
1.04,0.015,0.97,0.3,0.0,1.0,0.0,1.06,-16.45,True
1.04,0.015,0.97,0.3,0.1,0.0,1.0,2.39,-21.56,True
1.04,0.015,0.97,0.3,0.1,0.25,0.75,2.61,-19.66,True
1.04,0.015,0.97,0.3,0.1,0.5,0.5,2.81,-17.72,True
1.04,0.015,0.97,0.3,0.1,0.75,0.25,2.99,-15.74,True
1.04,0.015,0.97,0.3,0.1,1.0,0.0,3.13,-13.73,True
1.04,0.015,0.97,0.3,0.2,0.0,1.0,3.63,-19.93,True
1.04,0.015,0.97,0.3,0.2,0.25,0.75,3.77,-18.1,True
1.04,0.015,0.97,0.3,0.2,0.5,0.5,3.97,-16.23,True
1.04,0.015,0.97,0.3,0.2,0.75,0.25,4.16,-14.59,True
1.04,0.015,0.97,0.3,0.2,1.0,0.0,4.32,-14.06,True
1.04,0.015,0.97,0.3,0.3,0.0,1.0,5.03,-18.52,True
1.04,0.015,0.97,0.3,0.3,0.25,0.75,5.11,-18.15,True
1.04,0.015,0.97,0.3,0.3,0.5,0.5,5.19,-17.79,True
1.04,0.015,0.97,0.3,0.3,0.75,0.25,5.28,-17.43,True
1.04,0.015,0.97,0.3,0.3,1.0,0.0,5.38,-17.08,True
1.04,0.015,0.97,0.4,0.0,0.0,1.0,-0.72,-27.28,True
1.04,0.015,0.97,0.4,0.0,0.25,0.75,-0.33,-25.35,True
1.04,0.015,0.97,0.4,0.0,0.5,0.5,0.03,-23.29,True
1.04,0.015,0.97,0.4,0.0,0.75,0.25,0.35,-21.09,True
1.04,0.015,0.97,0.4,0.0,1.0,0.0,0.62,-18.71,True
1.04,0.015,0.97,0.4,0.1,0.0,1.0,1.68,-25.45,True
1.04,0.015,0.97,0.4,0.1,0.25,0.75,1.98,-23.28,True
1.04,0.015,0.97,0.4,0.1,0.5,0.5,2.23,-21.05,True
1.04,0.015,0.97,0.4,0.1,0.75,0.25,2.46,-18.79,True
1.04,0.015,0.97,0.4,0.1,1.0,0.0,2.67,-16.47,True
1.04,0.015,0.97,0.4,0.2,0.0,1.0,3.52,-23.44,True
1.04,0.015,0.97,0.4,0.2,0.25,0.75,3.65,-21.34,True
1.04,0.015,0.97,0.4,0.2,0.5,0.5,3.78,-19.21,True
1.04,0.015,0.97,0.4,0.2,0.75,0.25,3.92,-17.03,True
1.04,0.015,0.97,0.4,0.2,1.0,0.0,4.07,-14.96,True
1.04,0.015,0.97,0.4,0.3,0.0,1.0,4.99,-20.09,True
1.04,0.015,0.97,0.4,0.3,0.25,0.75,5.07,-18.33,True
1.04,0.015,0.97,0.4,0.3,0.5,0.5,5.16,-17.97,True
1.04,0.015,0.97,0.4,0.3,0.75,0.25,5.24,-17.61,True
1.04,0.015,0.97,0.4,0.3,1.0,0.0,5.33,-17.27,True
1.04,0.015,0.99,0.1,0.0,0.0,1.0,0.67,-13.11,True
1.04,0.015,0.99,0.1,0.0,0.25,0.75,0.69,-11.82,True
1.04,0.015,0.99,0.1,0.0,0.5,0.5,0.71,-10.51,True
1.04,0.015,0.99,0.1,0.0,0.75,0.25,0.73,-9.19,True
1.04,0.015,0.99,0.1,0.0,1.0,0.0,0.73,-7.86,True
1.04,0.015,0.99,0.1,0.1,0.0,1.0,2.82,-9.47,True
1.04,0.015,0.99,0.1,0.1,0.25,0.75,2.84,-8.1,True
1.04,0.015,0.99,0.1,0.1,0.5,0.5,2.87,-7.08,True
1.04,0.015,0.99,0.1,0.1,0.75,0.25,2.88,-7.19,True
1.04,0.015,0.99,0.1,0.1,1.0,0.0,2.9,-7.29,True
1.04,0.015,0.99,0.1,0.2,0.0,1.0,4.35,-10.68,True
1.04,0.015,0.99,0.1,0.2,0.25,0.75,4.37,-10.8,True
1.04,0.015,0.99,0.1,0.2,0.5,0.5,4.39,-10.94,True
1.04,0.015,0.99,0.1,0.2,0.75,0.25,4.41,-11.07,True
1.04,0.015,0.99,0.1,0.2,1.0,0.0,4.42,-11.22,True
1.04,0.015,0.99,0.1,0.3,0.0,1.0,5.48,-13.17,True
1.04,0.015,0.99,0.1,0.3,0.25,0.75,5.5,-13.32,True
1.04,0.015,0.99,0.1,0.3,0.5,0.5,5.52,-13.46,True
1.04,0.015,0.99,0.1,0.3,0.75,0.25,5.53,-13.62,True
1.04,0.015,0.99,0.1,0.3,1.0,0.0,5.55,-13.77,True
1.04,0.015,0.99,0.2,0.0,0.0,1.0,0.91,-22.26,True
1.04,0.015,0.99,0.2,0.0,0.25,0.75,0.97,-20.1,True
1.04,0.015,0.99,0.2,0.0,0.5,0.5,1.02,-17.9,True
1.04,0.015,0.99,0.2,0.0,0.75,0.25,1.07,-15.67,True
1.04,0.015,0.99,0.2,0.0,1.0,0.0,1.1,-13.4,True
1.04,0.015,0.99,0.2,0.1,0.0,1.0,2.96,-19.44,True
1.04,0.015,0.99,0.2,0.1,0.25,0.75,3.01,-17.25,True
1.04,0.015,0.99,0.2,0.1,0.5,0.5,3.05,-15.02,True
1.04,0.015,0.99,0.2,0.1,0.75,0.25,3.09,-12.75,True
1.04,0.015,0.99,0.2,0.1,1.0,0.0,3.12,-10.44,True
1.04,0.015,0.99,0.2,0.2,0.0,1.0,4.55,-12.13,True
1.04,0.015,0.99,0.2,0.2,0.25,0.75,4.58,-10.37,True
1.04,0.015,0.99,0.2,0.2,0.5,0.5,4.6,-10.35,True
1.04,0.015,0.99,0.2,0.2,0.75,0.25,4.62,-10.51,True
1.04,0.015,0.99,0.2,0.2,1.0,0.0,4.63,-10.68,True
1.04,0.015,0.99,0.2,0.3,0.0,1.0,5.65,-13.85,True
1.04,0.015,0.99,0.2,0.3,0.25,0.75,5.67,-13.8,True
1.04,0.015,0.99,0.2,0.3,0.5,0.5,5.69,-13.74,True
1.04,0.015,0.99,0.2,0.3,0.75,0.25,5.71,-13.69,True
1.04,0.015,0.99,0.2,0.3,1.0,0.0,5.72,-13.66,True
1.04,0.015,0.99,0.3,0.0,0.0,1.0,0.55,-32.07,True
1.04,0.015,0.99,0.3,0.0,0.25,0.75,0.68,-29.19,True
1.04,0.015,0.99,0.3,0.0,0.5,0.5,0.8,-26.24,True
1.04,0.015,0.99,0.3,0.0,0.75,0.25,0.91,-23.21,True
1.04,0.015,0.99,0.3,0.0,1.0,0.0,1.0,-20.11,True
1.04,0.015,0.99,0.3,0.1,0.0,1.0,2.88,-19.74,True
1.04,0.015,0.99,0.3,0.1,0.25,0.75,2.95,-17.63,True
1.04,0.015,0.99,0.3,0.1,0.5,0.5,3.01,-15.43,True
1.04,0.015,0.99,0.3,0.1,0.75,0.25,3.07,-13.15,True
1.04,0.015,0.99,0.3,0.1,1.0,0.0,3.12,-10.79,True
1.04,0.015,0.99,0.3,0.2,0.0,1.0,4.34,-13.48,True
1.04,0.015,0.99,0.3,0.2,0.25,0.75,4.41,-12.34,True
1.04,0.015,0.99,0.3,0.2,0.5,0.5,4.46,-11.24,True
1.04,0.015,0.99,0.3,0.2,0.75,0.25,4.5,-11.25,True
1.04,0.015,0.99,0.3,0.2,1.0,0.0,4.54,-11.29,True
1.04,0.015,0.99,0.3,0.3,0.0,1.0,5.36,-14.88,True
1.04,0.015,0.99,0.3,0.3,0.25,0.75,5.43,-14.77,True
1.04,0.015,0.99,0.3,0.3,0.5,0.5,5.49,-14.68,True
1.04,0.015,0.99,0.3,0.3,0.75,0.25,5.56,-14.61,True
1.04,0.015,0.99,0.3,0.3,1.0,0.0,5.6,-14.56,True
1.04,0.015,0.99,0.4,0.0,0.0,1.0,0.11,-34.09,True
1.04,0.015,0.99,0.4,0.0,0.25,0.75,0.31,-31.08,True
1.04,0.015,0.99,0.4,0.0,0.5,0.5,0.49,-27.97,True
1.04,0.015,0.99,0.4,0.0,0.75,0.25,0.66,-24.78,True
1.04,0.015,0.99,0.4,0.0,1.0,0.0,0.81,-21.48,True
1.04,0.015,0.99,0.4,0.1,0.0,1.0,2.58,-20.76,True
1.04,0.015,0.99,0.4,0.1,0.25,0.75,2.69,-18.58,True
1.04,0.015,0.99,0.4,0.1,0.5,0.5,2.8,-16.31,True
1.04,0.015,0.99,0.4,0.1,0.75,0.25,2.9,-13.94,True
1.04,0.015,0.99,0.4,0.1,1.0,0.0,3.0,-11.98,True
1.04,0.015,0.99,0.4,0.2,0.0,1.0,4.08,-17.04,True
1.04,0.015,0.99,0.4,0.2,0.25,0.75,4.19,-15.52,True
1.04,0.015,0.99,0.4,0.2,0.5,0.5,4.28,-13.97,True
1.04,0.015,0.99,0.4,0.2,0.75,0.25,4.37,-12.41,True
1.04,0.015,0.99,0.4,0.2,1.0,0.0,4.45,-11.82,True
1.04,0.015,0.99,0.4,0.3,0.0,1.0,5.32,-15.09,True
1.04,0.015,0.99,0.4,0.3,0.25,0.75,5.38,-14.98,True
1.04,0.015,0.99,0.4,0.3,0.5,0.5,5.44,-14.88,True
1.04,0.015,0.99,0.4,0.3,0.75,0.25,5.51,-14.81,True
1.04,0.015,0.99,0.4,0.3,1.0,0.0,5.57,-14.76,True
1.04,0.015,1.0,0.1,0.0,0.0,1.0,0.05,-13.3,True
1.04,0.015,1.0,0.1,0.0,0.25,0.75,0.09,-12.2,True
1.04,0.015,1.0,0.1,0.0,0.5,0.5,0.12,-11.09,True
1.04,0.015,1.0,0.1,0.0,0.75,0.25,0.15,-9.97,True
1.04,0.015,1.0,0.1,0.0,1.0,0.0,0.17,-8.83,True
1.04,0.015,1.0,0.1,0.1,0.0,1.0,2.54,-9.6,True
1.04,0.015,1.0,0.1,0.1,0.25,0.75,2.56,-8.44,True
1.04,0.015,1.0,0.1,0.1,0.5,0.5,2.57,-7.81,True
1.04,0.015,1.0,0.1,0.1,0.75,0.25,2.59,-7.89,True
1.04,0.015,1.0,0.1,0.1,1.0,0.0,2.6,-7.96,True
1.04,0.015,1.0,0.1,0.2,0.0,1.0,4.13,-11.53,True
1.04,0.015,1.0,0.1,0.2,0.25,0.75,4.14,-11.63,True
1.04,0.015,1.0,0.1,0.2,0.5,0.5,4.16,-11.73,True
1.04,0.015,1.0,0.1,0.2,0.75,0.25,4.17,-11.83,True
1.04,0.015,1.0,0.1,0.2,1.0,0.0,4.19,-11.94,True
1.04,0.015,1.0,0.1,0.3,0.0,1.0,5.34,-15.66,True
1.04,0.015,1.0,0.1,0.3,0.25,0.75,5.36,-15.51,True
1.04,0.015,1.0,0.1,0.3,0.5,0.5,5.38,-15.36,True
1.04,0.015,1.0,0.1,0.3,0.75,0.25,5.39,-15.22,True
1.04,0.015,1.0,0.1,0.3,1.0,0.0,5.4,-15.08,True
1.04,0.015,1.0,0.2,0.0,0.0,1.0,0.21,-25.32,True
1.04,0.015,1.0,0.2,0.0,0.25,0.75,0.27,-23.33,True
1.04,0.015,1.0,0.2,0.0,0.5,0.5,0.33,-21.3,True
1.04,0.015,1.0,0.2,0.0,0.75,0.25,0.38,-19.23,True
1.04,0.015,1.0,0.2,0.0,1.0,0.0,0.42,-17.13,True
1.04,0.015,1.0,0.2,0.1,0.0,1.0,2.67,-21.13,True
1.04,0.015,1.0,0.2,0.1,0.25,0.75,2.71,-19.1,True
1.04,0.015,1.0,0.2,0.1,0.5,0.5,2.74,-17.03,True
1.04,0.015,1.0,0.2,0.1,0.75,0.25,2.77,-14.92,True
1.04,0.015,1.0,0.2,0.1,1.0,0.0,2.79,-12.77,True
1.04,0.015,1.0,0.2,0.2,0.0,1.0,4.29,-15.38,True
1.04,0.015,1.0,0.2,0.2,0.25,0.75,4.32,-13.55,True
1.04,0.015,1.0,0.2,0.2,0.5,0.5,4.34,-11.69,True
1.04,0.015,1.0,0.2,0.2,0.75,0.25,4.36,-11.18,True
1.04,0.015,1.0,0.2,0.2,1.0,0.0,4.37,-11.27,True
1.04,0.015,1.0,0.2,0.3,0.0,1.0,5.45,-16.11,True
1.04,0.015,1.0,0.2,0.3,0.25,0.75,5.47,-15.91,True
1.04,0.015,1.0,0.2,0.3,0.5,0.5,5.49,-15.7,True
1.04,0.015,1.0,0.2,0.3,0.75,0.25,5.51,-15.5,True
1.04,0.015,1.0,0.2,0.3,1.0,0.0,5.53,-15.3,True
1.04,0.015,1.0,0.3,0.0,0.0,1.0,0.24,-34.69,True
1.04,0.015,1.0,0.3,0.0,0.25,0.75,0.33,-32.06,True
1.04,0.015,1.0,0.3,0.0,0.5,0.5,0.42,-29.36,True
1.04,0.015,1.0,0.3,0.0,0.75,0.25,0.49,-26.59,True
1.04,0.015,1.0,0.3,0.0,1.0,0.0,0.55,-23.74,True
1.04,0.015,1.0,0.3,0.1,0.0,1.0,2.58,-25.23,True
1.04,0.015,1.0,0.3,0.1,0.25,0.75,2.65,-22.91,True
1.04,0.015,1.0,0.3,0.1,0.5,0.5,2.71,-20.55,True
1.04,0.015,1.0,0.3,0.1,0.75,0.25,2.76,-18.12,True
1.04,0.015,1.0,0.3,0.1,1.0,0.0,2.8,-15.62,True
1.04,0.015,1.0,0.3,0.2,0.0,1.0,4.14,-17.01,True
1.04,0.015,1.0,0.3,0.2,0.25,0.75,4.21,-15.14,True
1.04,0.015,1.0,0.3,0.2,0.5,0.5,4.27,-13.2,True
1.04,0.015,1.0,0.3,0.2,0.75,0.25,4.31,-11.47,True
1.04,0.015,1.0,0.3,0.2,1.0,0.0,4.34,-11.55,True
1.04,0.015,1.0,0.3,0.3,0.0,1.0,5.31,-15.99,True
1.04,0.015,1.0,0.3,0.3,0.25,0.75,5.36,-15.82,True
1.04,0.015,1.0,0.3,0.3,0.5,0.5,5.41,-15.65,True
1.04,0.015,1.0,0.3,0.3,0.75,0.25,5.46,-15.49,True
1.04,0.015,1.0,0.3,0.3,1.0,0.0,5.51,-15.32,True
1.04,0.015,1.0,0.4,0.0,0.0,1.0,-0.05,-38.68,True
1.04,0.015,1.0,0.4,0.0,0.25,0.75,0.1,-35.81,True
1.04,0.015,1.0,0.4,0.0,0.5,0.5,0.23,-32.84,True
1.04,0.015,1.0,0.4,0.0,0.75,0.25,0.34,-29.78,True
1.04,0.015,1.0,0.4,0.0,1.0,0.0,0.44,-26.63,True
1.04,0.015,1.0,0.4,0.1,0.0,1.0,2.41,-27.11,True
1.04,0.015,1.0,0.4,0.1,0.25,0.75,2.51,-24.7,True
1.04,0.015,1.0,0.4,0.1,0.5,0.5,2.6,-22.2,True
1.04,0.015,1.0,0.4,0.1,0.75,0.25,2.68,-19.62,True
1.04,0.015,1.0,0.4,0.1,1.0,0.0,2.76,-16.95,True
1.04,0.015,1.0,0.4,0.2,0.0,1.0,4.05,-17.05,True
1.04,0.015,1.0,0.4,0.2,0.25,0.75,4.13,-15.55,True
1.04,0.015,1.0,0.4,0.2,0.5,0.5,4.2,-13.87,True
1.04,0.015,1.0,0.4,0.2,0.75,0.25,4.27,-12.02,True
1.04,0.015,1.0,0.4,0.2,1.0,0.0,4.33,-11.65,True
1.04,0.015,1.0,0.4,0.3,0.0,1.0,5.33,-15.6,True
1.04,0.015,1.0,0.4,0.3,0.25,0.75,5.38,-15.45,True
1.04,0.015,1.0,0.4,0.3,0.5,0.5,5.43,-15.31,True
1.04,0.015,1.0,0.4,0.3,0.75,0.25,5.48,-15.17,True
1.04,0.015,1.0,0.4,0.3,1.0,0.0,5.52,-15.03,True
1.04,0.015,1.01,0.1,0.0,0.0,1.0,-0.17,-8.26,True
1.04,0.015,1.01,0.1,0.0,0.25,0.75,-0.14,-7.53,True
1.04,0.015,1.01,0.1,0.0,0.5,0.5,-0.12,-6.8,True
1.04,0.015,1.01,0.1,0.0,0.75,0.25,-0.09,-6.06,True
1.04,0.015,1.01,0.1,0.0,1.0,0.0,-0.07,-5.32,True
1.04,0.015,1.01,0.1,0.1,0.0,1.0,2.43,-8.29,True
1.04,0.015,1.01,0.1,0.1,0.25,0.75,2.44,-8.34,True
1.04,0.015,1.01,0.1,0.1,0.5,0.5,2.45,-8.39,True
1.04,0.015,1.01,0.1,0.1,0.75,0.25,2.46,-8.44,True
1.04,0.015,1.01,0.1,0.1,1.0,0.0,2.47,-8.5,True
1.04,0.015,1.01,0.1,0.2,0.0,1.0,4.05,-12.3,True
1.04,0.015,1.01,0.1,0.2,0.25,0.75,4.06,-12.37,True
1.04,0.015,1.01,0.1,0.2,0.5,0.5,4.07,-12.44,True
1.04,0.015,1.01,0.1,0.2,0.75,0.25,4.08,-12.51,True
1.04,0.015,1.01,0.1,0.2,1.0,0.0,4.09,-12.59,True
1.04,0.015,1.01,0.1,0.3,0.0,1.0,5.25,-15.77,True
1.04,0.015,1.01,0.1,0.3,0.25,0.75,5.27,-15.64,True
1.04,0.015,1.01,0.1,0.3,0.5,0.5,5.28,-15.51,True
1.04,0.015,1.01,0.1,0.3,0.75,0.25,5.29,-15.38,True
1.04,0.015,1.01,0.1,0.3,1.0,0.0,5.31,-15.25,True
1.04,0.015,1.01,0.2,0.0,0.0,1.0,-0.2,-16.03,True
1.04,0.015,1.01,0.2,0.0,0.25,0.75,-0.15,-14.66,True
1.04,0.015,1.01,0.2,0.0,0.5,0.5,-0.1,-13.27,True
1.04,0.015,1.01,0.2,0.0,0.75,0.25,-0.06,-11.86,True
1.04,0.015,1.01,0.2,0.0,1.0,0.0,-0.02,-10.44,True
1.04,0.015,1.01,0.2,0.1,0.0,1.0,2.37,-12.22,True
1.04,0.015,1.01,0.2,0.1,0.25,0.75,2.41,-10.79,True
1.04,0.015,1.01,0.2,0.1,0.5,0.5,2.44,-9.45,True
1.04,0.015,1.01,0.2,0.1,0.75,0.25,2.47,-8.55,True
1.04,0.015,1.01,0.2,0.1,1.0,0.0,2.49,-8.22,True
1.04,0.015,1.01,0.2,0.2,0.0,1.0,4.0,-12.42,True
1.04,0.015,1.01,0.2,0.2,0.25,0.75,4.04,-12.32,True
1.04,0.015,1.01,0.2,0.2,0.5,0.5,4.07,-12.36,True
1.04,0.015,1.01,0.2,0.2,0.75,0.25,4.09,-12.41,True
1.04,0.015,1.01,0.2,0.2,1.0,0.0,4.12,-12.48,True
1.04,0.015,1.01,0.2,0.3,0.0,1.0,5.18,-17.28,True
1.04,0.015,1.01,0.2,0.3,0.25,0.75,5.21,-17.0,True
1.04,0.015,1.01,0.2,0.3,0.5,0.5,5.24,-16.73,True
1.04,0.015,1.01,0.2,0.3,0.75,0.25,5.27,-16.46,True
1.04,0.015,1.01,0.2,0.3,1.0,0.0,5.29,-16.19,True
1.04,0.015,1.01,0.3,0.0,0.0,1.0,-0.45,-23.33,True
1.04,0.015,1.01,0.3,0.0,0.25,0.75,-0.36,-21.39,True
1.04,0.015,1.01,0.3,0.0,0.5,0.5,-0.27,-19.42,True
1.04,0.015,1.01,0.3,0.0,0.75,0.25,-0.18,-17.41,True
1.04,0.015,1.01,0.3,0.0,1.0,0.0,-0.11,-15.36,True
1.04,0.015,1.01,0.3,0.1,0.0,1.0,1.99,-15.3,True
1.04,0.015,1.01,0.3,0.1,0.25,0.75,2.08,-13.7,True
1.04,0.015,1.01,0.3,0.1,0.5,0.5,2.16,-12.08,True
1.04,0.015,1.01,0.3,0.1,0.75,0.25,2.24,-10.39,True
1.04,0.015,1.01,0.3,0.1,1.0,0.0,2.3,-9.22,True
1.04,0.015,1.01,0.3,0.2,0.0,1.0,3.71,-13.55,True
1.04,0.015,1.01,0.3,0.2,0.25,0.75,3.78,-13.44,True
1.04,0.015,1.01,0.3,0.2,0.5,0.5,3.85,-13.36,True
1.04,0.015,1.01,0.3,0.2,0.75,0.25,3.91,-13.28,True
1.04,0.015,1.01,0.3,0.2,1.0,0.0,3.95,-13.21,True
1.04,0.015,1.01,0.3,0.3,0.0,1.0,5.06,-18.0,True
1.04,0.015,1.01,0.3,0.3,0.25,0.75,5.1,-17.71,True
1.04,0.015,1.01,0.3,0.3,0.5,0.5,5.15,-17.43,True
1.04,0.015,1.01,0.3,0.3,0.75,0.25,5.2,-17.14,True
1.04,0.015,1.01,0.3,0.3,1.0,0.0,5.24,-16.86,True
1.04,0.015,1.01,0.4,0.0,0.0,1.0,-1.09,-27.93,True
1.04,0.015,1.01,0.4,0.0,0.25,0.75,-0.91,-25.66,True
1.04,0.015,1.01,0.4,0.0,0.5,0.5,-0.75,-23.33,True
1.04,0.015,1.01,0.4,0.0,0.75,0.25,-0.6,-20.95,True
1.04,0.015,1.01,0.4,0.0,1.0,0.0,-0.47,-18.53,True
1.04,0.015,1.01,0.4,0.1,0.0,1.0,1.65,-15.11,True
1.04,0.015,1.01,0.4,0.1,0.25,0.75,1.78,-13.99,True
1.04,0.015,1.01,0.4,0.1,0.5,0.5,1.9,-12.82,True
1.04,0.015,1.01,0.4,0.1,0.75,0.25,2.02,-11.6,True
1.04,0.015,1.01,0.4,0.1,1.0,0.0,2.13,-10.34,True
1.04,0.015,1.01,0.4,0.2,0.0,1.0,3.6,-14.27,True
1.04,0.015,1.01,0.4,0.2,0.25,0.75,3.67,-14.1,True
1.04,0.015,1.01,0.4,0.2,0.5,0.5,3.75,-13.95,True
1.04,0.015,1.01,0.4,0.2,0.75,0.25,3.83,-13.82,True
1.04,0.015,1.01,0.4,0.2,1.0,0.0,3.9,-13.71,True
1.04,0.015,1.01,0.4,0.3,0.0,1.0,5.05,-17.97,True
1.04,0.015,1.01,0.4,0.3,0.25,0.75,5.1,-17.68,True
1.04,0.015,1.01,0.4,0.3,0.5,0.5,5.14,-17.39,True
1.04,0.015,1.01,0.4,0.3,0.75,0.25,5.19,-17.1,True
1.04,0.015,1.01,0.4,0.3,1.0,0.0,5.24,-16.82,True
1.04,0.015,1.02,0.1,0.0,0.0,1.0,0.52,-7.49,True
1.04,0.015,1.02,0.1,0.0,0.25,0.75,0.49,-6.86,True
1.04,0.015,1.02,0.1,0.0,0.5,0.5,0.45,-6.22,True
1.04,0.015,1.02,0.1,0.0,0.75,0.25,0.42,-5.58,True
1.04,0.015,1.02,0.1,0.0,1.0,0.0,0.38,-4.94,True
1.04,0.015,1.02,0.1,0.1,0.0,1.0,2.95,-7.66,True
1.04,0.015,1.02,0.1,0.1,0.25,0.75,2.91,-7.75,True
1.04,0.015,1.02,0.1,0.1,0.5,0.5,2.88,-7.84,True
1.04,0.015,1.02,0.1,0.1,0.75,0.25,2.84,-7.93,True
1.04,0.015,1.02,0.1,0.1,1.0,0.0,2.8,-8.02,True
1.04,0.015,1.02,0.1,0.2,0.0,1.0,4.52,-11.49,True
1.04,0.015,1.02,0.1,0.2,0.25,0.75,4.49,-11.61,True
1.04,0.015,1.02,0.1,0.2,0.5,0.5,4.46,-11.73,True
1.04,0.015,1.02,0.1,0.2,0.75,0.25,4.42,-11.86,True
1.04,0.015,1.02,0.1,0.2,1.0,0.0,4.39,-11.99,True
1.04,0.015,1.02,0.1,0.3,0.0,1.0,5.71,-15.07,True
1.04,0.015,1.02,0.1,0.3,0.25,0.75,5.68,-14.99,True
1.04,0.015,1.02,0.1,0.3,0.5,0.5,5.64,-14.91,True
1.04,0.015,1.02,0.1,0.3,0.75,0.25,5.61,-14.83,True
1.04,0.015,1.02,0.1,0.3,1.0,0.0,5.58,-14.75,True
1.04,0.015,1.02,0.2,0.0,0.0,1.0,1.11,-14.67,True
1.04,0.015,1.02,0.2,0.0,0.25,0.75,1.05,-13.45,True
1.04,0.015,1.02,0.2,0.0,0.5,0.5,0.99,-12.23,True
1.04,0.015,1.02,0.2,0.0,0.75,0.25,0.92,-10.99,True
1.04,0.015,1.02,0.2,0.0,1.0,0.0,0.84,-9.74,True
1.04,0.015,1.02,0.2,0.1,0.0,1.0,3.36,-11.45,True
1.04,0.015,1.02,0.2,0.1,0.25,0.75,3.32,-10.12,True
1.04,0.015,1.02,0.2,0.1,0.5,0.5,3.27,-8.78,True
1.04,0.015,1.02,0.2,0.1,0.75,0.25,3.2,-7.44,True
1.04,0.015,1.02,0.2,0.1,1.0,0.0,3.13,-7.38,True
1.04,0.015,1.02,0.2,0.2,0.0,1.0,4.79,-11.17,True
1.04,0.015,1.02,0.2,0.2,0.25,0.75,4.76,-11.12,True
1.04,0.015,1.02,0.2,0.2,0.5,0.5,4.74,-11.07,True
1.04,0.015,1.02,0.2,0.2,0.75,0.25,4.71,-11.2,True
1.04,0.015,1.02,0.2,0.2,1.0,0.0,4.65,-11.39,True
1.04,0.015,1.02,0.2,0.3,0.0,1.0,5.8,-15.73,True
1.04,0.015,1.02,0.2,0.3,0.25,0.75,5.8,-15.65,True
1.04,0.015,1.02,0.2,0.3,0.5,0.5,5.79,-15.57,True
1.04,0.015,1.02,0.2,0.3,0.75,0.25,5.78,-15.5,True
1.04,0.015,1.02,0.2,0.3,1.0,0.0,5.75,-15.35,True
1.04,0.015,1.02,0.3,0.0,0.0,1.0,1.32,-21.54,True
1.04,0.015,1.02,0.3,0.0,0.25,0.75,1.26,-19.79,True
1.04,0.015,1.02,0.3,0.0,0.5,0.5,1.2,-18.02,True
1.04,0.015,1.02,0.3,0.0,0.75,0.25,1.13,-16.23,True
1.04,0.015,1.02,0.3,0.0,1.0,0.0,1.04,-14.41,True
1.04,0.015,1.02,0.3,0.1,0.0,1.0,3.27,-15.08,True
1.04,0.015,1.02,0.3,0.1,0.25,0.75,3.25,-13.37,True
1.04,0.015,1.02,0.3,0.1,0.5,0.5,3.23,-11.65,True
1.04,0.015,1.02,0.3,0.1,0.75,0.25,3.2,-9.91,True
1.04,0.015,1.02,0.3,0.1,1.0,0.0,3.16,-8.17,True
1.04,0.015,1.02,0.3,0.2,0.0,1.0,4.61,-12.86,True
1.04,0.015,1.02,0.3,0.2,0.25,0.75,4.62,-12.3,True
1.04,0.015,1.02,0.3,0.2,0.5,0.5,4.62,-11.73,True
1.04,0.015,1.02,0.3,0.2,0.75,0.25,4.62,-11.49,True
1.04,0.015,1.02,0.3,0.2,1.0,0.0,4.61,-11.68,True
1.04,0.015,1.02,0.3,0.3,0.0,1.0,5.7,-16.1,True
1.04,0.015,1.02,0.3,0.3,0.25,0.75,5.72,-15.98,True
1.04,0.015,1.02,0.3,0.3,0.5,0.5,5.73,-15.86,True
1.04,0.015,1.02,0.3,0.3,0.75,0.25,5.73,-15.75,True
1.04,0.015,1.02,0.3,0.3,1.0,0.0,5.73,-15.64,True
1.04,0.015,1.02,0.4,0.0,0.0,1.0,1.02,-25.12,True
1.04,0.015,1.02,0.4,0.0,0.25,0.75,1.01,-23.09,True
1.04,0.015,1.02,0.4,0.0,0.5,0.5,0.99,-21.03,True
1.04,0.015,1.02,0.4,0.0,0.75,0.25,0.96,-18.94,True
1.04,0.015,1.02,0.4,0.0,1.0,0.0,0.91,-16.82,True
1.04,0.015,1.02,0.4,0.1,0.0,1.0,3.05,-15.56,True
1.04,0.015,1.02,0.4,0.1,0.25,0.75,3.07,-13.81,True
1.04,0.015,1.02,0.4,0.1,0.5,0.5,3.08,-12.04,True
1.04,0.015,1.02,0.4,0.1,0.75,0.25,3.08,-10.54,True
1.04,0.015,1.02,0.4,0.1,1.0,0.0,3.07,-9.78,True
1.04,0.015,1.02,0.4,0.2,0.0,1.0,4.56,-15.25,True
1.04,0.015,1.02,0.4,0.2,0.25,0.75,4.58,-14.49,True
1.04,0.015,1.02,0.4,0.2,0.5,0.5,4.59,-13.72,True
1.04,0.015,1.02,0.4,0.2,0.75,0.25,4.6,-12.95,True
1.04,0.015,1.02,0.4,0.2,1.0,0.0,4.59,-12.19,True
1.04,0.015,1.02,0.4,0.3,0.0,1.0,5.67,-16.16,True
1.04,0.015,1.02,0.4,0.3,0.25,0.75,5.69,-16.02,True
1.04,0.015,1.02,0.4,0.3,0.5,0.5,5.7,-15.9,True
1.04,0.015,1.02,0.4,0.3,0.75,0.25,5.71,-15.77,True
1.04,0.015,1.02,0.4,0.3,1.0,0.0,5.71,-15.65,True
1.04,0.02,0.95,0.1,0.0,0.0,1.0,0.33,-15.5,True
1.04,0.02,0.95,0.1,0.0,0.25,0.75,0.41,-13.86,True
1.04,0.02,0.95,0.1,0.0,0.5,0.5,0.49,-12.18,True
1.04,0.02,0.95,0.1,0.0,0.75,0.25,0.56,-10.47,True
1.04,0.02,0.95,0.1,0.0,1.0,0.0,0.62,-8.72,True
1.04,0.02,0.95,0.1,0.1,0.0,1.0,2.52,-12.02,True
1.04,0.02,0.95,0.1,0.1,0.25,0.75,2.57,-10.53,True
1.04,0.02,0.95,0.1,0.1,0.5,0.5,2.61,-9.01,True
1.04,0.02,0.95,0.1,0.1,0.75,0.25,2.66,-7.64,True
1.04,0.02,0.95,0.1,0.1,1.0,0.0,2.7,-7.08,True
1.04,0.02,0.95,0.1,0.2,0.0,1.0,4.19,-10.3,True
1.04,0.02,0.95,0.1,0.2,0.25,0.75,4.21,-10.42,True
1.04,0.02,0.95,0.1,0.2,0.5,0.5,4.22,-10.54,True
1.04,0.02,0.95,0.1,0.2,0.75,0.25,4.23,-10.66,True
1.04,0.02,0.95,0.1,0.2,1.0,0.0,4.25,-10.79,True
1.04,0.02,0.95,0.1,0.3,0.0,1.0,5.53,-14.0,True
1.04,0.02,0.95,0.1,0.3,0.25,0.75,5.53,-13.89,True
1.04,0.02,0.95,0.1,0.3,0.5,0.5,5.52,-13.77,True
1.04,0.02,0.95,0.1,0.3,0.75,0.25,5.51,-13.66,True
1.04,0.02,0.95,0.1,0.3,1.0,0.0,5.51,-13.55,True
1.04,0.02,0.95,0.2,0.0,0.0,1.0,2.62,-15.13,True
1.04,0.02,0.95,0.2,0.0,0.25,0.75,2.58,-13.93,True
1.04,0.02,0.95,0.2,0.0,0.5,0.5,2.52,-12.61,True
1.04,0.02,0.95,0.2,0.0,0.75,0.25,2.46,-11.17,True
1.04,0.02,0.95,0.2,0.0,1.0,0.0,2.38,-9.58,True
1.04,0.02,0.95,0.2,0.1,0.0,1.0,4.54,-12.28,True
1.04,0.02,0.95,0.2,0.1,0.25,0.75,4.47,-11.16,True
1.04,0.02,0.95,0.2,0.1,0.5,0.5,4.4,-9.95,True
1.04,0.02,0.95,0.2,0.1,0.75,0.25,4.32,-8.63,True
1.04,0.02,0.95,0.2,0.1,1.0,0.0,4.23,-7.18,True
1.04,0.02,0.95,0.2,0.2,0.0,1.0,5.77,-10.21,True
1.04,0.02,0.95,0.2,0.2,0.25,0.75,5.71,-10.11,True
1.04,0.02,0.95,0.2,0.2,0.5,0.5,5.63,-9.99,True
1.04,0.02,0.95,0.2,0.2,0.75,0.25,5.55,-9.86,True
1.04,0.02,0.95,0.2,0.2,1.0,0.0,5.45,-9.73,True
1.04,0.02,0.95,0.2,0.3,0.0,1.0,6.72,-14.41,True
1.04,0.02,0.95,0.2,0.3,0.25,0.75,6.65,-14.27,True
1.04,0.02,0.95,0.2,0.3,0.5,0.5,6.58,-14.14,True
1.04,0.02,0.95,0.2,0.3,0.75,0.25,6.5,-14.01,True
1.04,0.02,0.95,0.2,0.3,1.0,0.0,6.41,-13.88,True
1.04,0.02,0.95,0.3,0.0,0.0,1.0,4.21,-18.16,True
1.04,0.02,0.95,0.3,0.0,0.25,0.75,4.1,-16.66,True
1.04,0.02,0.95,0.3,0.0,0.5,0.5,3.97,-15.14,True
1.04,0.02,0.95,0.3,0.0,0.75,0.25,3.82,-13.62,True
1.04,0.02,0.95,0.3,0.0,1.0,0.0,3.65,-12.08,True
1.04,0.02,0.95,0.3,0.1,0.0,1.0,5.45,-14.94,True
1.04,0.02,0.95,0.3,0.1,0.25,0.75,5.35,-13.34,True
1.04,0.02,0.95,0.3,0.1,0.5,0.5,5.24,-11.74,True
1.04,0.02,0.95,0.3,0.1,0.75,0.25,5.12,-10.12,True
1.04,0.02,0.95,0.3,0.1,1.0,0.0,4.98,-8.48,True
1.04,0.02,0.95,0.3,0.2,0.0,1.0,6.25,-11.67,True
1.04,0.02,0.95,0.3,0.2,0.25,0.75,6.18,-10.35,True
1.04,0.02,0.95,0.3,0.2,0.5,0.5,6.09,-10.2,True
1.04,0.02,0.95,0.3,0.2,0.75,0.25,5.99,-10.06,True
1.04,0.02,0.95,0.3,0.2,1.0,0.0,5.88,-9.92,True
1.04,0.02,0.95,0.3,0.3,0.0,1.0,6.58,-15.05,True
1.04,0.02,0.95,0.3,0.3,0.25,0.75,6.55,-14.84,True
1.04,0.02,0.95,0.3,0.3,0.5,0.5,6.51,-14.64,True
1.04,0.02,0.95,0.3,0.3,0.75,0.25,6.46,-14.44,True
1.04,0.02,0.95,0.3,0.3,1.0,0.0,6.39,-14.25,True
1.04,0.02,0.95,0.4,0.0,0.0,1.0,4.53,-20.44,True
1.04,0.02,0.95,0.4,0.0,0.25,0.75,4.43,-18.74,True
1.04,0.02,0.95,0.4,0.0,0.5,0.5,4.32,-17.02,True
1.04,0.02,0.95,0.4,0.0,0.75,0.25,4.17,-15.29,True
1.04,0.02,0.95,0.4,0.0,1.0,0.0,4.01,-13.54,True
1.04,0.02,0.95,0.4,0.1,0.0,1.0,5.47,-16.45,True
1.04,0.02,0.95,0.4,0.1,0.25,0.75,5.4,-14.75,True
1.04,0.02,0.95,0.4,0.1,0.5,0.5,5.31,-13.02,True
1.04,0.02,0.95,0.4,0.1,0.75,0.25,5.2,-11.26,True
1.04,0.02,0.95,0.4,0.1,1.0,0.0,5.07,-9.47,True
1.04,0.02,0.95,0.4,0.2,0.0,1.0,5.89,-13.06,True
1.04,0.02,0.95,0.4,0.2,0.25,0.75,5.86,-11.97,True
1.04,0.02,0.95,0.4,0.2,0.5,0.5,5.82,-10.9,True
1.04,0.02,0.95,0.4,0.2,0.75,0.25,5.76,-10.36,True
1.04,0.02,0.95,0.4,0.2,1.0,0.0,5.69,-10.17,True
1.04,0.02,0.95,0.4,0.3,0.0,1.0,6.36,-15.14,True
1.04,0.02,0.95,0.4,0.3,0.25,0.75,6.36,-14.92,True
1.04,0.02,0.95,0.4,0.3,0.5,0.5,6.34,-14.7,True
1.04,0.02,0.95,0.4,0.3,0.75,0.25,6.32,-14.48,True
1.04,0.02,0.95,0.4,0.3,1.0,0.0,6.28,-14.27,True
1.04,0.02,0.97,0.1,0.0,0.0,1.0,0.49,-11.78,True
1.04,0.02,0.97,0.1,0.0,0.25,0.75,0.5,-10.74,True
1.04,0.02,0.97,0.1,0.0,0.5,0.5,0.5,-9.65,True
1.04,0.02,0.97,0.1,0.0,0.75,0.25,0.5,-8.51,True
1.04,0.02,0.97,0.1,0.0,1.0,0.0,0.49,-7.31,True
1.04,0.02,0.97,0.1,0.1,0.0,1.0,2.59,-10.26,True
1.04,0.02,0.97,0.1,0.1,0.25,0.75,2.59,-9.24,True
1.04,0.02,0.97,0.1,0.1,0.5,0.5,2.59,-8.18,True
1.04,0.02,0.97,0.1,0.1,0.75,0.25,2.58,-7.38,True
1.04,0.02,0.97,0.1,0.1,1.0,0.0,2.56,-7.43,True
1.04,0.02,0.97,0.1,0.2,0.0,1.0,4.19,-10.92,True
1.04,0.02,0.97,0.1,0.2,0.25,0.75,4.17,-11.02,True
1.04,0.02,0.97,0.1,0.2,0.5,0.5,4.15,-11.12,True
1.04,0.02,0.97,0.1,0.2,0.75,0.25,4.12,-11.22,True
1.04,0.02,0.97,0.1,0.2,1.0,0.0,4.09,-11.33,True
1.04,0.02,0.97,0.1,0.3,0.0,1.0,5.38,-14.24,True
1.04,0.02,0.97,0.1,0.3,0.25,0.75,5.36,-14.09,True
1.04,0.02,0.97,0.1,0.3,0.5,0.5,5.34,-13.95,True
1.04,0.02,0.97,0.1,0.3,0.75,0.25,5.32,-13.81,True
1.04,0.02,0.97,0.1,0.3,1.0,0.0,5.29,-13.74,True
1.04,0.02,0.97,0.2,0.0,0.0,1.0,1.12,-16.34,True
1.04,0.02,0.97,0.2,0.0,0.25,0.75,1.15,-15.12,True
1.04,0.02,0.97,0.2,0.0,0.5,0.5,1.16,-13.8,True
1.04,0.02,0.97,0.2,0.0,0.75,0.25,1.16,-12.37,True
1.04,0.02,0.97,0.2,0.0,1.0,0.0,1.14,-11.13,True
1.04,0.02,0.97,0.2,0.1,0.0,1.0,3.03,-12.7,True
1.04,0.02,0.97,0.2,0.1,0.25,0.75,3.06,-11.5,True
1.04,0.02,0.97,0.2,0.1,0.5,0.5,3.08,-10.35,True
1.04,0.02,0.97,0.2,0.1,0.75,0.25,3.09,-9.12,True
1.04,0.02,0.97,0.2,0.1,1.0,0.0,3.09,-8.02,True
1.04,0.02,0.97,0.2,0.2,0.0,1.0,4.41,-11.64,True
1.04,0.02,0.97,0.2,0.2,0.25,0.75,4.44,-10.8,True
1.04,0.02,0.97,0.2,0.2,0.5,0.5,4.45,-10.41,True
1.04,0.02,0.97,0.2,0.2,0.75,0.25,4.46,-10.55,True
1.04,0.02,0.97,0.2,0.2,1.0,0.0,4.46,-10.73,True
1.04,0.02,0.97,0.2,0.3,0.0,1.0,5.27,-15.13,True
1.04,0.02,0.97,0.2,0.3,0.25,0.75,5.33,-14.97,True
1.04,0.02,0.97,0.2,0.3,0.5,0.5,5.37,-14.81,True
1.04,0.02,0.97,0.2,0.3,0.75,0.25,5.4,-14.65,True
1.04,0.02,0.97,0.2,0.3,1.0,0.0,5.43,-14.5,True
1.04,0.02,0.97,0.3,0.0,0.0,1.0,0.83,-22.69,True
1.04,0.02,0.97,0.3,0.0,0.25,0.75,0.94,-20.95,True
1.04,0.02,0.97,0.3,0.0,0.5,0.5,1.02,-19.21,True
1.04,0.02,0.97,0.3,0.0,0.75,0.25,1.08,-17.47,True
1.04,0.02,0.97,0.3,0.0,1.0,0.0,1.13,-15.73,True
1.04,0.02,0.97,0.3,0.1,0.0,1.0,2.9,-16.85,True
1.04,0.02,0.97,0.3,0.1,0.25,0.75,2.97,-15.41,True
1.04,0.02,0.97,0.3,0.1,0.5,0.5,3.03,-13.94,True
1.04,0.02,0.97,0.3,0.1,0.75,0.25,3.07,-12.55,True
1.04,0.02,0.97,0.3,0.1,1.0,0.0,3.1,-11.37,True
1.04,0.02,0.97,0.3,0.2,0.0,1.0,3.93,-14.89,True
1.04,0.02,0.97,0.3,0.2,0.25,0.75,4.04,-13.85,True
1.04,0.02,0.97,0.3,0.2,0.5,0.5,4.13,-12.8,True
1.04,0.02,0.97,0.3,0.2,0.75,0.25,4.21,-11.74,True
1.04,0.02,0.97,0.3,0.2,1.0,0.0,4.27,-10.99,True
1.04,0.02,0.97,0.3,0.3,0.0,1.0,4.78,-15.87,True
1.04,0.02,0.97,0.3,0.3,0.25,0.75,4.87,-15.63,True
1.04,0.02,0.97,0.3,0.3,0.5,0.5,4.96,-15.39,True
1.04,0.02,0.97,0.3,0.3,0.75,0.25,5.04,-15.16,True
1.04,0.02,0.97,0.3,0.3,1.0,0.0,5.12,-14.94,True
1.04,0.02,0.97,0.4,0.0,0.0,1.0,0.55,-24.86,True
1.04,0.02,0.97,0.4,0.0,0.25,0.75,0.72,-22.94,True
1.04,0.02,0.97,0.4,0.0,0.5,0.5,0.86,-21.03,True
1.04,0.02,0.97,0.4,0.0,0.75,0.25,0.97,-19.12,True
1.04,0.02,0.97,0.4,0.0,1.0,0.0,1.06,-17.21,True
1.04,0.02,0.97,0.4,0.1,0.0,1.0,2.34,-18.12,True
1.04,0.02,0.97,0.4,0.1,0.25,0.75,2.5,-16.83,True
1.04,0.02,0.97,0.4,0.1,0.5,0.5,2.64,-15.53,True
1.04,0.02,0.97,0.4,0.1,0.75,0.25,2.76,-14.21,True
1.04,0.02,0.97,0.4,0.1,1.0,0.0,2.85,-12.89,True
1.04,0.02,0.97,0.4,0.2,0.0,1.0,3.44,-15.61,True
1.04,0.02,0.97,0.4,0.2,0.25,0.75,3.57,-14.57,True
1.04,0.02,0.97,0.4,0.2,0.5,0.5,3.71,-13.51,True
1.04,0.02,0.97,0.4,0.2,0.75,0.25,3.83,-12.43,True
1.04,0.02,0.97,0.4,0.2,1.0,0.0,3.94,-11.87,True
1.04,0.02,0.97,0.4,0.3,0.0,1.0,4.64,-16.08,True
1.04,0.02,0.97,0.4,0.3,0.25,0.75,4.73,-15.77,True
1.04,0.02,0.97,0.4,0.3,0.5,0.5,4.81,-15.49,True
1.04,0.02,0.97,0.4,0.3,0.75,0.25,4.9,-15.25,True
1.04,0.02,0.97,0.4,0.3,1.0,0.0,4.98,-15.07,True
1.04,0.02,0.99,0.1,0.0,0.0,1.0,-0.27,-5.44,True
1.04,0.02,0.99,0.1,0.0,0.25,0.75,-0.22,-4.9,True
1.04,0.02,0.99,0.1,0.0,0.5,0.5,-0.18,-4.37,True
1.04,0.02,0.99,0.1,0.0,0.75,0.25,-0.13,-3.83,True
1.04,0.02,0.99,0.1,0.0,1.0,0.0,-0.09,-3.29,True
1.04,0.02,0.99,0.1,0.1,0.0,1.0,2.08,-8.81,True
1.04,0.02,0.99,0.1,0.1,0.25,0.75,2.12,-8.78,True
1.04,0.02,0.99,0.1,0.1,0.5,0.5,2.16,-8.76,True
1.04,0.02,0.99,0.1,0.1,0.75,0.25,2.2,-8.74,True
1.04,0.02,0.99,0.1,0.1,1.0,0.0,2.24,-8.72,True
1.04,0.02,0.99,0.1,0.2,0.0,1.0,3.62,-13.18,True
1.04,0.02,0.99,0.1,0.2,0.25,0.75,3.66,-13.15,True
1.04,0.02,0.99,0.1,0.2,0.5,0.5,3.7,-13.12,True
1.04,0.02,0.99,0.1,0.2,0.75,0.25,3.74,-13.08,True
1.04,0.02,0.99,0.1,0.2,1.0,0.0,3.78,-13.05,True
1.04,0.02,0.99,0.1,0.3,0.0,1.0,4.81,-15.74,True
1.04,0.02,0.99,0.1,0.3,0.25,0.75,4.84,-15.71,True
1.04,0.02,0.99,0.1,0.3,0.5,0.5,4.88,-15.68,True
1.04,0.02,0.99,0.1,0.3,0.75,0.25,4.91,-15.65,True
1.04,0.02,0.99,0.1,0.3,1.0,0.0,4.95,-15.61,True
1.04,0.02,0.99,0.2,0.0,0.0,1.0,-0.58,-10.8,True
1.04,0.02,0.99,0.2,0.0,0.25,0.75,-0.48,-9.76,True
1.04,0.02,0.99,0.2,0.0,0.5,0.5,-0.38,-8.7,True
1.04,0.02,0.99,0.2,0.0,0.75,0.25,-0.29,-7.65,True
1.04,0.02,0.99,0.2,0.0,1.0,0.0,-0.2,-6.58,True
1.04,0.02,0.99,0.2,0.1,0.0,1.0,1.79,-8.78,True
1.04,0.02,0.99,0.2,0.1,0.25,0.75,1.87,-8.74,True
1.04,0.02,0.99,0.2,0.1,0.5,0.5,1.95,-8.69,True
1.04,0.02,0.99,0.2,0.1,0.75,0.25,2.03,-8.65,True
1.04,0.02,0.99,0.2,0.1,1.0,0.0,2.11,-8.61,True
1.04,0.02,0.99,0.2,0.2,0.0,1.0,3.51,-12.92,True
1.04,0.02,0.99,0.2,0.2,0.25,0.75,3.56,-12.88,True
1.04,0.02,0.99,0.2,0.2,0.5,0.5,3.62,-12.84,True
1.04,0.02,0.99,0.2,0.2,0.75,0.25,3.67,-12.8,True
1.04,0.02,0.99,0.2,0.2,1.0,0.0,3.73,-12.77,True
1.04,0.02,0.99,0.2,0.3,0.0,1.0,4.76,-15.62,True
1.04,0.02,0.99,0.2,0.3,0.25,0.75,4.81,-15.57,True
1.04,0.02,0.99,0.2,0.3,0.5,0.5,4.85,-15.52,True
1.04,0.02,0.99,0.2,0.3,0.75,0.25,4.89,-15.47,True
1.04,0.02,0.99,0.2,0.3,1.0,0.0,4.93,-15.42,True
1.04,0.02,0.99,0.3,0.0,0.0,1.0,-0.97,-15.46,True
1.04,0.02,0.99,0.3,0.0,0.25,0.75,-0.82,-13.97,True
1.04,0.02,0.99,0.3,0.0,0.5,0.5,-0.67,-12.48,True
1.04,0.02,0.99,0.3,0.0,0.75,0.25,-0.52,-10.97,True
1.04,0.02,0.99,0.3,0.0,1.0,0.0,-0.38,-9.46,True
1.04,0.02,0.99,0.3,0.1,0.0,1.0,1.68,-9.47,True
1.04,0.02,0.99,0.3,0.1,0.25,0.75,1.78,-8.55,True
1.04,0.02,0.99,0.3,0.1,0.5,0.5,1.87,-8.5,True
1.04,0.02,0.99,0.3,0.1,0.75,0.25,1.97,-8.46,True
1.04,0.02,0.99,0.3,0.1,1.0,0.0,2.07,-8.42,True
1.04,0.02,0.99,0.3,0.2,0.0,1.0,3.39,-13.12,True
1.04,0.02,0.99,0.3,0.2,0.25,0.75,3.46,-13.04,True
1.04,0.02,0.99,0.3,0.2,0.5,0.5,3.54,-12.97,True
1.04,0.02,0.99,0.3,0.2,0.75,0.25,3.61,-12.91,True
1.04,0.02,0.99,0.3,0.2,1.0,0.0,3.68,-12.84,True
1.04,0.02,0.99,0.3,0.3,0.0,1.0,4.64,-15.96,True
1.04,0.02,0.99,0.3,0.3,0.25,0.75,4.69,-15.86,True
1.04,0.02,0.99,0.3,0.3,0.5,0.5,4.75,-15.76,True
1.04,0.02,0.99,0.3,0.3,0.75,0.25,4.81,-15.67,True
1.04,0.02,0.99,0.3,0.3,1.0,0.0,4.86,-15.59,True
1.04,0.02,0.99,0.4,0.0,0.0,1.0,-1.34,-19.05,True
1.04,0.02,0.99,0.4,0.0,0.25,0.75,-1.14,-17.24,True
1.04,0.02,0.99,0.4,0.0,0.5,0.5,-0.95,-15.43,True
1.04,0.02,0.99,0.4,0.0,0.75,0.25,-0.76,-13.6,True
1.04,0.02,0.99,0.4,0.0,1.0,0.0,-0.57,-11.75,True
1.04,0.02,0.99,0.4,0.1,0.0,1.0,1.5,-9.9,True
1.04,0.02,0.99,0.4,0.1,0.25,0.75,1.61,-8.78,True
1.04,0.02,0.99,0.4,0.1,0.5,0.5,1.73,-8.71,True
1.04,0.02,0.99,0.4,0.1,0.75,0.25,1.85,-8.63,True
1.04,0.02,0.99,0.4,0.1,1.0,0.0,1.96,-8.57,True
1.04,0.02,0.99,0.4,0.2,0.0,1.0,3.23,-13.53,True
1.04,0.02,0.99,0.4,0.2,0.25,0.75,3.32,-13.4,True
1.04,0.02,0.99,0.4,0.2,0.5,0.5,3.4,-13.28,True
1.04,0.02,0.99,0.4,0.2,0.75,0.25,3.49,-13.16,True
1.04,0.02,0.99,0.4,0.2,1.0,0.0,3.58,-13.05,True
1.04,0.02,0.99,0.4,0.3,0.0,1.0,4.55,-16.44,True
1.04,0.02,0.99,0.4,0.3,0.25,0.75,4.6,-16.31,True
1.04,0.02,0.99,0.4,0.3,0.5,0.5,4.66,-16.18,True
1.04,0.02,0.99,0.4,0.3,0.75,0.25,4.73,-16.05,True
1.04,0.02,0.99,0.4,0.3,1.0,0.0,4.79,-15.92,True
1.04,0.02,1.0,0.1,0.0,0.0,1.0,-0.31,-5.39,True
1.04,0.02,1.0,0.1,0.0,0.25,0.75,-0.28,-4.93,True
1.04,0.02,1.0,0.1,0.0,0.5,0.5,-0.24,-4.47,True
1.04,0.02,1.0,0.1,0.0,0.75,0.25,-0.21,-4.01,True
1.04,0.02,1.0,0.1,0.0,1.0,0.0,-0.17,-3.54,True
1.04,0.02,1.0,0.1,0.1,0.0,1.0,2.1,-8.91,True
1.04,0.02,1.0,0.1,0.1,0.25,0.75,2.13,-8.89,True
1.04,0.02,1.0,0.1,0.1,0.5,0.5,2.16,-8.87,True
1.04,0.02,1.0,0.1,0.1,0.75,0.25,2.19,-8.86,True
1.04,0.02,1.0,0.1,0.1,1.0,0.0,2.22,-8.84,True
1.04,0.02,1.0,0.1,0.2,0.0,1.0,3.67,-13.24,True
1.04,0.02,1.0,0.1,0.2,0.25,0.75,3.7,-13.21,True
1.04,0.02,1.0,0.1,0.2,0.5,0.5,3.73,-13.19,True
1.04,0.02,1.0,0.1,0.2,0.75,0.25,3.76,-13.17,True
1.04,0.02,1.0,0.1,0.2,1.0,0.0,3.78,-13.15,True
1.04,0.02,1.0,0.1,0.3,0.0,1.0,4.87,-15.73,True
1.04,0.02,1.0,0.1,0.3,0.25,0.75,4.89,-15.71,True
1.04,0.02,1.0,0.1,0.3,0.5,0.5,4.92,-15.69,True
1.04,0.02,1.0,0.1,0.3,0.75,0.25,4.94,-15.67,True
1.04,0.02,1.0,0.1,0.3,1.0,0.0,4.96,-15.66,True
1.04,0.02,1.0,0.2,0.0,0.0,1.0,-0.62,-10.69,True
1.04,0.02,1.0,0.2,0.0,0.25,0.75,-0.54,-9.79,True
1.04,0.02,1.0,0.2,0.0,0.5,0.5,-0.47,-8.88,True
1.04,0.02,1.0,0.2,0.0,0.75,0.25,-0.4,-7.97,True
1.04,0.02,1.0,0.2,0.0,1.0,0.0,-0.33,-7.06,True
1.04,0.02,1.0,0.2,0.1,0.0,1.0,1.84,-8.93,True
1.04,0.02,1.0,0.2,0.1,0.25,0.75,1.9,-8.9,True
1.04,0.02,1.0,0.2,0.1,0.5,0.5,1.96,-8.87,True
1.04,0.02,1.0,0.2,0.1,0.75,0.25,2.01,-8.84,True
1.04,0.02,1.0,0.2,0.1,1.0,0.0,2.07,-8.81,True
1.04,0.02,1.0,0.2,0.2,0.0,1.0,3.61,-12.94,True
1.04,0.02,1.0,0.2,0.2,0.25,0.75,3.65,-12.93,True
1.04,0.02,1.0,0.2,0.2,0.5,0.5,3.68,-12.92,True
1.04,0.02,1.0,0.2,0.2,0.75,0.25,3.72,-12.91,True
1.04,0.02,1.0,0.2,0.2,1.0,0.0,3.76,-12.9,True
1.04,0.02,1.0,0.2,0.3,0.0,1.0,4.9,-15.44,True
1.04,0.02,1.0,0.2,0.3,0.25,0.75,4.92,-15.43,True
1.04,0.02,1.0,0.2,0.3,0.5,0.5,4.95,-15.42,True
1.04,0.02,1.0,0.2,0.3,0.75,0.25,4.97,-15.42,True
1.04,0.02,1.0,0.2,0.3,1.0,0.0,5.0,-15.41,True
1.04,0.02,1.0,0.3,0.0,0.0,1.0,-0.9,-15.9,True
1.04,0.02,1.0,0.3,0.0,0.25,0.75,-0.79,-14.57,True
1.04,0.02,1.0,0.3,0.0,0.5,0.5,-0.68,-13.24,True
1.04,0.02,1.0,0.3,0.0,0.75,0.25,-0.58,-11.89,True
1.04,0.02,1.0,0.3,0.0,1.0,0.0,-0.47,-10.54,True
1.04,0.02,1.0,0.3,0.1,0.0,1.0,1.88,-8.98,True
1.04,0.02,1.0,0.3,0.1,0.25,0.75,1.95,-8.5,True
1.04,0.02,1.0,0.3,0.1,0.5,0.5,2.01,-8.49,True
1.04,0.02,1.0,0.3,0.1,0.75,0.25,2.07,-8.49,True
1.04,0.02,1.0,0.3,0.1,1.0,0.0,2.13,-8.48,True
1.04,0.02,1.0,0.3,0.2,0.0,1.0,3.65,-12.7,True
1.04,0.02,1.0,0.3,0.2,0.25,0.75,3.69,-12.7,True
1.04,0.02,1.0,0.3,0.2,0.5,0.5,3.73,-12.7,True
1.04,0.02,1.0,0.3,0.2,0.75,0.25,3.77,-12.7,True
1.04,0.02,1.0,0.3,0.2,1.0,0.0,3.81,-12.7,True
1.04,0.02,1.0,0.3,0.3,0.0,1.0,4.88,-15.3,True
1.04,0.02,1.0,0.3,0.3,0.25,0.75,4.91,-15.28,True
1.04,0.02,1.0,0.3,0.3,0.5,0.5,4.95,-15.27,True
1.04,0.02,1.0,0.3,0.3,0.75,0.25,4.98,-15.27,True
1.04,0.02,1.0,0.3,0.3,1.0,0.0,5.02,-15.27,True
1.04,0.02,1.0,0.4,0.0,0.0,1.0,-0.95,-19.52,True
1.04,0.02,1.0,0.4,0.0,0.25,0.75,-0.82,-17.88,True
1.04,0.02,1.0,0.4,0.0,0.5,0.5,-0.7,-16.22,True
1.04,0.02,1.0,0.4,0.0,0.75,0.25,-0.58,-14.56,True
1.04,0.02,1.0,0.4,0.0,1.0,0.0,-0.46,-12.89,True
1.04,0.02,1.0,0.4,0.1,0.0,1.0,1.93,-9.44,True
1.04,0.02,1.0,0.4,0.1,0.25,0.75,1.99,-8.35,True
1.04,0.02,1.0,0.4,0.1,0.5,0.5,2.06,-8.35,True
1.04,0.02,1.0,0.4,0.1,0.75,0.25,2.12,-8.35,True
1.04,0.02,1.0,0.4,0.1,1.0,0.0,2.18,-8.36,True
1.04,0.02,1.0,0.4,0.2,0.0,1.0,3.62,-12.65,True
1.04,0.02,1.0,0.4,0.2,0.25,0.75,3.67,-12.63,True
1.04,0.02,1.0,0.4,0.2,0.5,0.5,3.72,-12.62,True
1.04,0.02,1.0,0.4,0.2,0.75,0.25,3.77,-12.62,True
1.04,0.02,1.0,0.4,0.2,1.0,0.0,3.82,-12.61,True
1.04,0.02,1.0,0.4,0.3,0.0,1.0,4.83,-15.46,True
1.04,0.02,1.0,0.4,0.3,0.25,0.75,4.87,-15.43,True
1.04,0.02,1.0,0.4,0.3,0.5,0.5,4.91,-15.4,True
1.04,0.02,1.0,0.4,0.3,0.75,0.25,4.94,-15.37,True
1.04,0.02,1.0,0.4,0.3,1.0,0.0,4.98,-15.35,True
1.04,0.02,1.01,0.1,0.0,0.0,1.0,-0.29,-3.57,True
1.04,0.02,1.01,0.1,0.0,0.25,0.75,-0.27,-3.31,True
1.04,0.02,1.01,0.1,0.0,0.5,0.5,-0.24,-3.05,True
1.04,0.02,1.01,0.1,0.0,0.75,0.25,-0.22,-2.8,True
1.04,0.02,1.01,0.1,0.0,1.0,0.0,-0.2,-2.54,True
1.04,0.02,1.01,0.1,0.1,0.0,1.0,2.16,-9.14,True
1.04,0.02,1.01,0.1,0.1,0.25,0.75,2.18,-9.12,True
1.04,0.02,1.01,0.1,0.1,0.5,0.5,2.2,-9.09,True
1.04,0.02,1.01,0.1,0.1,0.75,0.25,2.22,-9.07,True
1.04,0.02,1.01,0.1,0.1,1.0,0.0,2.24,-9.05,True
1.04,0.02,1.01,0.1,0.2,0.0,1.0,3.75,-13.5,True
1.04,0.02,1.01,0.1,0.2,0.25,0.75,3.77,-13.47,True
1.04,0.02,1.01,0.1,0.2,0.5,0.5,3.78,-13.45,True
1.04,0.02,1.01,0.1,0.2,0.75,0.25,3.8,-13.42,True
1.04,0.02,1.01,0.1,0.2,1.0,0.0,3.82,-13.39,True
1.04,0.02,1.01,0.1,0.3,0.0,1.0,4.93,-16.06,True
1.04,0.02,1.01,0.1,0.3,0.25,0.75,4.95,-16.03,True
1.04,0.02,1.01,0.1,0.3,0.5,0.5,4.96,-16.0,True
1.04,0.02,1.01,0.1,0.3,0.75,0.25,4.98,-15.97,True
1.04,0.02,1.01,0.1,0.3,1.0,0.0,4.99,-15.94,True
1.04,0.02,1.01,0.2,0.0,0.0,1.0,-0.61,-7.28,True
1.04,0.02,1.01,0.2,0.0,0.25,0.75,-0.56,-6.74,True
1.04,0.02,1.01,0.2,0.0,0.5,0.5,-0.51,-6.21,True
1.04,0.02,1.01,0.2,0.0,0.75,0.25,-0.46,-5.68,True
1.04,0.02,1.01,0.2,0.0,1.0,0.0,-0.41,-5.15,True
1.04,0.02,1.01,0.2,0.1,0.0,1.0,1.94,-9.46,True
1.04,0.02,1.01,0.2,0.1,0.25,0.75,1.98,-9.41,True
1.04,0.02,1.01,0.2,0.1,0.5,0.5,2.01,-9.36,True
1.04,0.02,1.01,0.2,0.1,0.75,0.25,2.05,-9.31,True
1.04,0.02,1.01,0.2,0.1,1.0,0.0,2.09,-9.27,True
1.04,0.02,1.01,0.2,0.2,0.0,1.0,3.61,-13.82,True
1.04,0.02,1.01,0.2,0.2,0.25,0.75,3.64,-13.77,True
1.04,0.02,1.01,0.2,0.2,0.5,0.5,3.67,-13.72,True
1.04,0.02,1.01,0.2,0.2,0.75,0.25,3.69,-13.66,True
1.04,0.02,1.01,0.2,0.2,1.0,0.0,3.72,-13.61,True
1.04,0.02,1.01,0.2,0.3,0.0,1.0,4.89,-16.31,True
1.04,0.02,1.01,0.2,0.3,0.25,0.75,4.91,-16.26,True
1.04,0.02,1.01,0.2,0.3,0.5,0.5,4.93,-16.21,True
1.04,0.02,1.01,0.2,0.3,0.75,0.25,4.95,-16.16,True
1.04,0.02,1.01,0.2,0.3,1.0,0.0,4.97,-16.11,True
1.04,0.02,1.01,0.3,0.0,0.0,1.0,-0.83,-11.14,True
1.04,0.02,1.01,0.3,0.0,0.25,0.75,-0.76,-10.3,True
1.04,0.02,1.01,0.3,0.0,0.5,0.5,-0.69,-9.47,True
1.04,0.02,1.01,0.3,0.0,0.75,0.25,-0.61,-8.65,True
1.04,0.02,1.01,0.3,0.0,1.0,0.0,-0.54,-7.83,True
1.04,0.02,1.01,0.3,0.1,0.0,1.0,1.83,-9.57,True
1.04,0.02,1.01,0.3,0.1,0.25,0.75,1.88,-9.51,True
1.04,0.02,1.01,0.3,0.1,0.5,0.5,1.93,-9.45,True
1.04,0.02,1.01,0.3,0.1,0.75,0.25,1.98,-9.39,True
1.04,0.02,1.01,0.3,0.1,1.0,0.0,2.03,-9.33,True
1.04,0.02,1.01,0.3,0.2,0.0,1.0,3.6,-13.96,True
1.04,0.02,1.01,0.3,0.2,0.25,0.75,3.63,-13.89,True
1.04,0.02,1.01,0.3,0.2,0.5,0.5,3.67,-13.82,True
1.04,0.02,1.01,0.3,0.2,0.75,0.25,3.7,-13.76,True
1.04,0.02,1.01,0.3,0.2,1.0,0.0,3.73,-13.69,True
1.04,0.02,1.01,0.3,0.3,0.0,1.0,4.81,-16.61,True
1.04,0.02,1.01,0.3,0.3,0.25,0.75,4.84,-16.52,True
1.04,0.02,1.01,0.3,0.3,0.5,0.5,4.87,-16.43,True
1.04,0.02,1.01,0.3,0.3,0.75,0.25,4.9,-16.35,True
1.04,0.02,1.01,0.3,0.3,1.0,0.0,4.93,-16.27,True
1.04,0.02,1.01,0.4,0.0,0.0,1.0,-1.06,-12.24,True
1.04,0.02,1.01,0.4,0.0,0.25,0.75,-0.96,-11.28,True
1.04,0.02,1.01,0.4,0.0,0.5,0.5,-0.86,-10.32,True
1.04,0.02,1.01,0.4,0.0,0.75,0.25,-0.76,-9.39,True
1.04,0.02,1.01,0.4,0.0,1.0,0.0,-0.67,-8.47,True
1.04,0.02,1.01,0.4,0.1,0.0,1.0,1.79,-9.74,True
1.04,0.02,1.01,0.4,0.1,0.25,0.75,1.84,-9.66,True
1.04,0.02,1.01,0.4,0.1,0.5,0.5,1.9,-9.59,True
1.04,0.02,1.01,0.4,0.1,0.75,0.25,1.95,-9.51,True
1.04,0.02,1.01,0.4,0.1,1.0,0.0,2.01,-9.44,True
1.04,0.02,1.01,0.4,0.2,0.0,1.0,3.5,-14.27,True
1.04,0.02,1.01,0.4,0.2,0.25,0.75,3.55,-14.16,True
1.04,0.02,1.01,0.4,0.2,0.5,0.5,3.59,-14.06,True
1.04,0.02,1.01,0.4,0.2,0.75,0.25,3.64,-13.96,True
1.04,0.02,1.01,0.4,0.2,1.0,0.0,3.68,-13.86,True
1.04,0.02,1.01,0.4,0.3,0.0,1.0,4.78,-16.68,True
1.04,0.02,1.01,0.4,0.3,0.25,0.75,4.81,-16.59,True
1.04,0.02,1.01,0.4,0.3,0.5,0.5,4.84,-16.5,True
1.04,0.02,1.01,0.4,0.3,0.75,0.25,4.88,-16.42,True
1.04,0.02,1.01,0.4,0.3,1.0,0.0,4.91,-16.34,True
1.04,0.02,1.02,0.1,0.0,0.0,1.0,-0.04,-2.98,True
1.04,0.02,1.02,0.1,0.0,0.25,0.75,-0.04,-2.72,True
1.04,0.02,1.02,0.1,0.0,0.5,0.5,-0.04,-2.46,True
1.04,0.02,1.02,0.1,0.0,0.75,0.25,-0.03,-2.2,True
1.04,0.02,1.02,0.1,0.0,1.0,0.0,-0.03,-1.94,True
1.04,0.02,1.02,0.1,0.1,0.0,1.0,2.33,-8.78,True
1.04,0.02,1.02,0.1,0.1,0.25,0.75,2.34,-8.78,True
1.04,0.02,1.02,0.1,0.1,0.5,0.5,2.34,-8.78,True
1.04,0.02,1.02,0.1,0.1,0.75,0.25,2.34,-8.78,True
1.04,0.02,1.02,0.1,0.1,1.0,0.0,2.35,-8.79,True
1.04,0.02,1.02,0.1,0.2,0.0,1.0,3.89,-13.06,True
1.04,0.02,1.02,0.1,0.2,0.25,0.75,3.89,-13.06,True
1.04,0.02,1.02,0.1,0.2,0.5,0.5,3.9,-13.06,True
1.04,0.02,1.02,0.1,0.2,0.75,0.25,3.9,-13.07,True
1.04,0.02,1.02,0.1,0.2,1.0,0.0,3.91,-13.07,True
1.04,0.02,1.02,0.1,0.3,0.0,1.0,5.06,-15.59,True
1.04,0.02,1.02,0.1,0.3,0.25,0.75,5.06,-15.59,True
1.04,0.02,1.02,0.1,0.3,0.5,0.5,5.06,-15.6,True
1.04,0.02,1.02,0.1,0.3,0.75,0.25,5.07,-15.6,True
1.04,0.02,1.02,0.1,0.3,1.0,0.0,5.07,-15.61,True
1.04,0.02,1.02,0.2,0.0,0.0,1.0,-0.11,-5.91,True
1.04,0.02,1.02,0.2,0.0,0.25,0.75,-0.1,-5.4,True
1.04,0.02,1.02,0.2,0.0,0.5,0.5,-0.09,-4.89,True
1.04,0.02,1.02,0.2,0.0,0.75,0.25,-0.07,-4.37,True
1.04,0.02,1.02,0.2,0.0,1.0,0.0,-0.06,-3.85,True
1.04,0.02,1.02,0.2,0.1,0.0,1.0,2.28,-8.78,True
1.04,0.02,1.02,0.2,0.1,0.25,0.75,2.29,-8.78,True
1.04,0.02,1.02,0.2,0.1,0.5,0.5,2.3,-8.78,True
1.04,0.02,1.02,0.2,0.1,0.75,0.25,2.31,-8.78,True
1.04,0.02,1.02,0.2,0.1,1.0,0.0,2.32,-8.78,True
1.04,0.02,1.02,0.2,0.2,0.0,1.0,3.87,-13.0,True
1.04,0.02,1.02,0.2,0.2,0.25,0.75,3.88,-13.0,True
1.04,0.02,1.02,0.2,0.2,0.5,0.5,3.88,-13.01,True
1.04,0.02,1.02,0.2,0.2,0.75,0.25,3.89,-13.02,True
1.04,0.02,1.02,0.2,0.2,1.0,0.0,3.9,-13.02,True
1.04,0.02,1.02,0.2,0.3,0.0,1.0,5.11,-15.45,True
1.04,0.02,1.02,0.2,0.3,0.25,0.75,5.11,-15.47,True
1.04,0.02,1.02,0.2,0.3,0.5,0.5,5.11,-15.48,True
1.04,0.02,1.02,0.2,0.3,0.75,0.25,5.11,-15.49,True
1.04,0.02,1.02,0.2,0.3,1.0,0.0,5.11,-15.5,True
1.04,0.02,1.02,0.3,0.0,0.0,1.0,-0.11,-8.8,True
1.04,0.02,1.02,0.3,0.0,0.25,0.75,-0.09,-8.04,True
1.04,0.02,1.02,0.3,0.0,0.5,0.5,-0.07,-7.28,True
1.04,0.02,1.02,0.3,0.0,0.75,0.25,-0.06,-6.52,True
1.04,0.02,1.02,0.3,0.0,1.0,0.0,-0.05,-5.75,True
1.04,0.02,1.02,0.3,0.1,0.0,1.0,2.3,-8.64,True
1.04,0.02,1.02,0.3,0.1,0.25,0.75,2.31,-8.65,True
1.04,0.02,1.02,0.3,0.1,0.5,0.5,2.32,-8.65,True
1.04,0.02,1.02,0.3,0.1,0.75,0.25,2.34,-8.66,True
1.04,0.02,1.02,0.3,0.1,1.0,0.0,2.35,-8.67,True
1.04,0.02,1.02,0.3,0.2,0.0,1.0,3.94,-12.93,True
1.04,0.02,1.02,0.3,0.2,0.25,0.75,3.94,-12.93,True
1.04,0.02,1.02,0.3,0.2,0.5,0.5,3.95,-12.94,True
1.04,0.02,1.02,0.3,0.2,0.75,0.25,3.95,-12.95,True
1.04,0.02,1.02,0.3,0.2,1.0,0.0,3.95,-12.96,True
1.04,0.02,1.02,0.3,0.3,0.0,1.0,5.11,-15.57,True
1.04,0.02,1.02,0.3,0.3,0.25,0.75,5.11,-15.56,True
1.04,0.02,1.02,0.3,0.3,0.5,0.5,5.12,-15.55,True
1.04,0.02,1.02,0.3,0.3,0.75,0.25,5.12,-15.55,True
1.04,0.02,1.02,0.3,0.3,1.0,0.0,5.12,-15.55,True
1.04,0.02,1.02,0.4,0.0,0.0,1.0,-0.19,-10.86,True
1.04,0.02,1.02,0.4,0.0,0.25,0.75,-0.16,-9.91,True
1.04,0.02,1.02,0.4,0.0,0.5,0.5,-0.14,-8.96,True
1.04,0.02,1.02,0.4,0.0,0.75,0.25,-0.11,-8.01,True
1.04,0.02,1.02,0.4,0.0,1.0,0.0,-0.09,-7.06,True
1.04,0.02,1.02,0.4,0.1,0.0,1.0,2.31,-8.75,True
1.04,0.02,1.02,0.4,0.1,0.25,0.75,2.32,-8.74,True
1.04,0.02,1.02,0.4,0.1,0.5,0.5,2.33,-8.74,True
1.04,0.02,1.02,0.4,0.1,0.75,0.25,2.35,-8.74,True
1.04,0.02,1.02,0.4,0.1,1.0,0.0,2.36,-8.74,True
1.04,0.02,1.02,0.4,0.2,0.0,1.0,3.93,-13.09,True
1.04,0.02,1.02,0.4,0.2,0.25,0.75,3.94,-13.07,True
1.04,0.02,1.02,0.4,0.2,0.5,0.5,3.94,-13.06,True
1.04,0.02,1.02,0.4,0.2,0.75,0.25,3.95,-13.04,True
1.04,0.02,1.02,0.4,0.2,1.0,0.0,3.96,-13.04,True
1.04,0.02,1.02,0.4,0.3,0.0,1.0,5.06,-15.79,True
1.04,0.02,1.02,0.4,0.3,0.25,0.75,5.07,-15.76,True
1.04,0.02,1.02,0.4,0.3,0.5,0.5,5.08,-15.74,True
1.04,0.02,1.02,0.4,0.3,0.75,0.25,5.09,-15.72,True
1.04,0.02,1.02,0.4,0.3,1.0,0.0,5.09,-15.7,True
1.04,0.025,0.95,0.1,0.0,0.0,1.0,0.59,-6.65,True
1.04,0.025,0.95,0.1,0.0,0.25,0.75,0.6,-6.09,True
1.04,0.025,0.95,0.1,0.0,0.5,0.5,0.61,-5.52,True
1.04,0.025,0.95,0.1,0.0,0.75,0.25,0.62,-4.96,True
1.04,0.025,0.95,0.1,0.0,1.0,0.0,0.62,-4.4,True
1.04,0.025,0.95,0.1,0.1,0.0,1.0,2.6,-7.17,True
1.04,0.025,0.95,0.1,0.1,0.25,0.75,2.61,-7.21,True
1.04,0.025,0.95,0.1,0.1,0.5,0.5,2.61,-7.26,True
1.04,0.025,0.95,0.1,0.1,0.75,0.25,2.62,-7.3,True
1.04,0.025,0.95,0.1,0.1,1.0,0.0,2.62,-7.35,True
1.04,0.025,0.95,0.1,0.2,0.0,1.0,4.07,-11.1,True
1.04,0.025,0.95,0.1,0.2,0.25,0.75,4.07,-11.16,True
1.04,0.025,0.95,0.1,0.2,0.5,0.5,4.07,-11.23,True
1.04,0.025,0.95,0.1,0.2,0.75,0.25,4.07,-11.31,True
1.04,0.025,0.95,0.1,0.2,1.0,0.0,4.07,-11.38,True
1.04,0.025,0.95,0.1,0.3,0.0,1.0,5.25,-13.43,True
1.04,0.025,0.95,0.1,0.3,0.25,0.75,5.24,-13.53,True
1.04,0.025,0.95,0.1,0.3,0.5,0.5,5.24,-13.63,True
1.04,0.025,0.95,0.1,0.3,0.75,0.25,5.23,-13.74,True
1.04,0.025,0.95,0.1,0.3,1.0,0.0,5.22,-13.85,True
1.04,0.025,0.95,0.2,0.0,0.0,1.0,1.37,-11.05,True
1.04,0.025,0.95,0.2,0.0,0.25,0.75,1.36,-9.99,True
1.04,0.025,0.95,0.2,0.0,0.5,0.5,1.35,-8.88,True
1.04,0.025,0.95,0.2,0.0,0.75,0.25,1.34,-7.73,True
1.04,0.025,0.95,0.2,0.0,1.0,0.0,1.32,-6.84,True
1.04,0.025,0.95,0.2,0.1,0.0,1.0,3.42,-9.81,True
1.04,0.025,0.95,0.2,0.1,0.25,0.75,3.39,-8.74,True
1.04,0.025,0.95,0.2,0.1,0.5,0.5,3.36,-7.64,True
1.04,0.025,0.95,0.2,0.1,0.75,0.25,3.33,-6.48,True
1.04,0.025,0.95,0.2,0.1,1.0,0.0,3.29,-6.55,True
1.04,0.025,0.95,0.2,0.2,0.0,1.0,4.88,-9.39,True
1.04,0.025,0.95,0.2,0.2,0.25,0.75,4.84,-9.57,True
1.04,0.025,0.95,0.2,0.2,0.5,0.5,4.8,-9.75,True
1.04,0.025,0.95,0.2,0.2,0.75,0.25,4.75,-9.94,True
1.04,0.025,0.95,0.2,0.2,1.0,0.0,4.71,-10.14,True
1.04,0.025,0.95,0.2,0.3,0.0,1.0,6.03,-12.88,True
1.04,0.025,0.95,0.2,0.3,0.25,0.75,5.98,-12.87,True
1.04,0.025,0.95,0.2,0.3,0.5,0.5,5.93,-12.86,True
1.04,0.025,0.95,0.2,0.3,0.75,0.25,5.88,-12.85,True
1.04,0.025,0.95,0.2,0.3,1.0,0.0,5.82,-12.83,True
1.04,0.025,0.95,0.3,0.0,0.0,1.0,2.86,-14.67,True
1.04,0.025,0.95,0.3,0.0,0.25,0.75,2.76,-13.44,True
1.04,0.025,0.95,0.3,0.0,0.5,0.5,2.66,-12.14,True
1.04,0.025,0.95,0.3,0.0,0.75,0.25,2.55,-10.73,True
1.04,0.025,0.95,0.3,0.0,1.0,0.0,2.44,-9.23,True
1.04,0.025,0.95,0.3,0.1,0.0,1.0,4.7,-12.25,True
1.04,0.025,0.95,0.3,0.1,0.25,0.75,4.59,-11.08,True
1.04,0.025,0.95,0.3,0.1,0.5,0.5,4.47,-9.84,True
1.04,0.025,0.95,0.3,0.1,0.75,0.25,4.35,-8.51,True
1.04,0.025,0.95,0.3,0.1,1.0,0.0,4.23,-7.09,True
1.04,0.025,0.95,0.3,0.2,0.0,1.0,6.05,-10.41,True
1.04,0.025,0.95,0.3,0.2,0.25,0.75,5.94,-9.47,True
1.04,0.025,0.95,0.3,0.2,0.5,0.5,5.82,-8.99,True
1.04,0.025,0.95,0.3,0.2,0.75,0.25,5.69,-8.93,True
1.04,0.025,0.95,0.3,0.2,1.0,0.0,5.56,-8.92,True
1.04,0.025,0.95,0.3,0.3,0.0,1.0,7.09,-12.53,True
1.04,0.025,0.95,0.3,0.3,0.25,0.75,6.98,-12.57,True
1.04,0.025,0.95,0.3,0.3,0.5,0.5,6.87,-12.61,True
1.04,0.025,0.95,0.3,0.3,0.75,0.25,6.75,-12.65,True
1.04,0.025,0.95,0.3,0.3,1.0,0.0,6.62,-12.69,True
1.04,0.025,0.95,0.4,0.0,0.0,1.0,4.64,-14.95,True
1.04,0.025,0.95,0.4,0.0,0.25,0.75,4.42,-13.73,True
1.04,0.025,0.95,0.4,0.0,0.5,0.5,4.2,-12.42,True
1.04,0.025,0.95,0.4,0.0,0.75,0.25,3.96,-10.99,True
1.04,0.025,0.95,0.4,0.0,1.0,0.0,3.72,-9.62,True
1.04,0.025,0.95,0.4,0.1,0.0,1.0,6.07,-13.15,True
1.04,0.025,0.95,0.4,0.1,0.25,0.75,5.87,-11.94,True
1.04,0.025,0.95,0.4,0.1,0.5,0.5,5.67,-10.63,True
1.04,0.025,0.95,0.4,0.1,0.75,0.25,5.46,-9.21,True
1.04,0.025,0.95,0.4,0.1,1.0,0.0,5.24,-7.67,True
1.04,0.025,0.95,0.4,0.2,0.0,1.0,7.07,-11.61,True
1.04,0.025,0.95,0.4,0.2,0.25,0.75,6.89,-10.41,True
1.04,0.025,0.95,0.4,0.2,0.5,0.5,6.71,-9.81,True
1.04,0.025,0.95,0.4,0.2,0.75,0.25,6.51,-9.2,True
1.04,0.025,0.95,0.4,0.2,1.0,0.0,6.31,-8.58,True
1.04,0.025,0.95,0.4,0.3,0.0,1.0,7.7,-12.15,True
1.04,0.025,0.95,0.4,0.3,0.25,0.75,7.54,-12.21,True
1.04,0.025,0.95,0.4,0.3,0.5,0.5,7.38,-12.26,True
1.04,0.025,0.95,0.4,0.3,0.75,0.25,7.21,-12.31,True
1.04,0.025,0.95,0.4,0.3,1.0,0.0,7.03,-12.36,True
1.04,0.025,0.97,0.1,0.0,0.0,1.0,0.53,-8.25,True
1.04,0.025,0.97,0.1,0.0,0.25,0.75,0.5,-7.59,True
1.04,0.025,0.97,0.1,0.0,0.5,0.5,0.48,-6.92,True
1.04,0.025,0.97,0.1,0.0,0.75,0.25,0.45,-6.24,True
1.04,0.025,0.97,0.1,0.0,1.0,0.0,0.42,-5.57,True
1.04,0.025,0.97,0.1,0.1,0.0,1.0,2.53,-7.36,True
1.04,0.025,0.97,0.1,0.1,0.25,0.75,2.51,-7.39,True
1.04,0.025,0.97,0.1,0.1,0.5,0.5,2.49,-7.43,True
1.04,0.025,0.97,0.1,0.1,0.75,0.25,2.47,-7.48,True
1.04,0.025,0.97,0.1,0.1,1.0,0.0,2.45,-7.52,True
1.04,0.025,0.97,0.1,0.2,0.0,1.0,4.0,-11.4,True
1.04,0.025,0.97,0.1,0.2,0.25,0.75,3.97,-11.46,True
1.04,0.025,0.97,0.1,0.2,0.5,0.5,3.95,-11.52,True
1.04,0.025,0.97,0.1,0.2,0.75,0.25,3.93,-11.59,True
1.04,0.025,0.97,0.1,0.2,1.0,0.0,3.91,-11.66,True
1.04,0.025,0.97,0.1,0.3,0.0,1.0,5.19,-13.77,True
1.04,0.025,0.97,0.1,0.3,0.25,0.75,5.17,-13.86,True
1.04,0.025,0.97,0.1,0.3,0.5,0.5,5.14,-13.96,True
1.04,0.025,0.97,0.1,0.3,0.75,0.25,5.11,-14.05,True
1.04,0.025,0.97,0.1,0.3,1.0,0.0,5.09,-14.15,True
1.04,0.025,0.97,0.2,0.0,0.0,1.0,0.95,-15.94,True
1.04,0.025,0.97,0.2,0.0,0.25,0.75,0.91,-14.7,True
1.04,0.025,0.97,0.2,0.0,0.5,0.5,0.87,-13.45,True
1.04,0.025,0.97,0.2,0.0,0.75,0.25,0.83,-12.18,True
1.04,0.025,0.97,0.2,0.0,1.0,0.0,0.79,-10.89,True
1.04,0.025,0.97,0.2,0.1,0.0,1.0,3.08,-13.22,True
1.04,0.025,0.97,0.2,0.1,0.25,0.75,3.04,-11.97,True
1.04,0.025,0.97,0.2,0.1,0.5,0.5,2.99,-10.7,True
1.04,0.025,0.97,0.2,0.1,0.75,0.25,2.95,-9.42,True
1.04,0.025,0.97,0.2,0.1,1.0,0.0,2.9,-8.12,True
1.04,0.025,0.97,0.2,0.2,0.0,1.0,4.54,-10.61,True
1.04,0.025,0.97,0.2,0.2,0.25,0.75,4.49,-10.56,True
1.04,0.025,0.97,0.2,0.2,0.5,0.5,4.45,-10.69,True
1.04,0.025,0.97,0.2,0.2,0.75,0.25,4.39,-10.83,True
1.04,0.025,0.97,0.2,0.2,1.0,0.0,4.34,-10.99,True
1.04,0.025,0.97,0.2,0.3,0.0,1.0,5.71,-12.77,True
1.04,0.025,0.97,0.2,0.3,0.25,0.75,5.68,-12.84,True
1.04,0.025,0.97,0.2,0.3,0.5,0.5,5.63,-12.97,True
1.04,0.025,0.97,0.2,0.3,0.75,0.25,5.57,-13.16,True
1.04,0.025,0.97,0.2,0.3,1.0,0.0,5.51,-13.36,True
1.04,0.025,0.97,0.3,0.0,0.0,1.0,1.53,-23.14,True
1.04,0.025,0.97,0.3,0.0,0.25,0.75,1.48,-21.4,True
1.04,0.025,0.97,0.3,0.0,0.5,0.5,1.43,-19.63,True
1.04,0.025,0.97,0.3,0.0,0.75,0.25,1.37,-17.82,True
1.04,0.025,0.97,0.3,0.0,1.0,0.0,1.3,-15.99,True
1.04,0.025,0.97,0.3,0.1,0.0,1.0,3.55,-20.61,True
1.04,0.025,0.97,0.3,0.1,0.25,0.75,3.5,-18.81,True
1.04,0.025,0.97,0.3,0.1,0.5,0.5,3.45,-16.97,True
1.04,0.025,0.97,0.3,0.1,0.75,0.25,3.4,-15.09,True
1.04,0.025,0.97,0.3,0.1,1.0,0.0,3.33,-13.2,True
1.04,0.025,0.97,0.3,0.2,0.0,1.0,5.0,-17.36,True
1.04,0.025,0.97,0.3,0.2,0.25,0.75,4.95,-15.57,True
1.04,0.025,0.97,0.3,0.2,0.5,0.5,4.9,-13.75,True
1.04,0.025,0.97,0.3,0.2,0.75,0.25,4.85,-11.91,True
1.04,0.025,0.97,0.3,0.2,1.0,0.0,4.78,-10.13,True
1.04,0.025,0.97,0.3,0.3,0.0,1.0,6.02,-14.34,True
1.04,0.025,0.97,0.3,0.3,0.25,0.75,5.98,-12.58,True
1.04,0.025,0.97,0.3,0.3,0.5,0.5,5.94,-12.24,True
1.04,0.025,0.97,0.3,0.3,0.75,0.25,5.89,-12.35,True
1.04,0.025,0.97,0.3,0.3,1.0,0.0,5.83,-12.47,True
1.04,0.025,0.97,0.4,0.0,0.0,1.0,2.16,-28.78,True
1.04,0.025,0.97,0.4,0.0,0.25,0.75,2.09,-26.66,True
1.04,0.025,0.97,0.4,0.0,0.5,0.5,2.01,-24.51,True
1.04,0.025,0.97,0.4,0.0,0.75,0.25,1.93,-22.31,True
1.04,0.025,0.97,0.4,0.0,1.0,0.0,1.83,-20.06,True
1.04,0.025,0.97,0.4,0.1,0.0,1.0,4.04,-25.53,True
1.04,0.025,0.97,0.4,0.1,0.25,0.75,3.98,-23.43,True
1.04,0.025,0.97,0.4,0.1,0.5,0.5,3.92,-21.29,True
1.04,0.025,0.97,0.4,0.1,0.75,0.25,3.84,-19.1,True
1.04,0.025,0.97,0.4,0.1,1.0,0.0,3.75,-16.86,True
1.04,0.025,0.97,0.4,0.2,0.0,1.0,5.27,-22.07,True
1.04,0.025,0.97,0.4,0.2,0.25,0.75,5.22,-19.97,True
1.04,0.025,0.97,0.4,0.2,0.5,0.5,5.16,-17.84,True
1.04,0.025,0.97,0.4,0.2,0.75,0.25,5.1,-15.66,True
1.04,0.025,0.97,0.4,0.2,1.0,0.0,5.02,-13.44,True
1.04,0.025,0.97,0.4,0.3,0.0,1.0,6.25,-17.73,True
1.04,0.025,0.97,0.4,0.3,0.25,0.75,6.2,-15.72,True
1.04,0.025,0.97,0.4,0.3,0.5,0.5,6.15,-13.68,True
1.04,0.025,0.97,0.4,0.3,0.75,0.25,6.09,-12.09,True
1.04,0.025,0.97,0.4,0.3,1.0,0.0,6.01,-12.22,True
1.04,0.025,0.99,0.1,0.0,0.0,1.0,-0.21,-3.78,True
1.04,0.025,0.99,0.1,0.0,0.25,0.75,-0.19,-3.41,True
1.04,0.025,0.99,0.1,0.0,0.5,0.5,-0.16,-3.03,True
1.04,0.025,0.99,0.1,0.0,0.75,0.25,-0.14,-2.65,True
1.04,0.025,0.99,0.1,0.0,1.0,0.0,-0.11,-2.27,True
1.04,0.025,0.99,0.1,0.1,0.0,1.0,2.17,-8.89,True
1.04,0.025,0.99,0.1,0.1,0.25,0.75,2.19,-8.87,True
1.04,0.025,0.99,0.1,0.1,0.5,0.5,2.21,-8.86,True
1.04,0.025,0.99,0.1,0.1,0.75,0.25,2.24,-8.85,True
1.04,0.025,0.99,0.1,0.1,1.0,0.0,2.26,-8.84,True
1.04,0.025,0.99,0.1,0.2,0.0,1.0,3.72,-13.24,True
1.04,0.025,0.99,0.1,0.2,0.25,0.75,3.74,-13.23,True
1.04,0.025,0.99,0.1,0.2,0.5,0.5,3.77,-13.21,True
1.04,0.025,0.99,0.1,0.2,0.75,0.25,3.79,-13.19,True
1.04,0.025,0.99,0.1,0.2,1.0,0.0,3.82,-13.17,True
1.04,0.025,0.99,0.1,0.3,0.0,1.0,4.9,-15.78,True
1.04,0.025,0.99,0.1,0.3,0.25,0.75,4.92,-15.77,True
1.04,0.025,0.99,0.1,0.3,0.5,0.5,4.94,-15.75,True
1.04,0.025,0.99,0.1,0.3,0.75,0.25,4.96,-15.73,True
1.04,0.025,0.99,0.1,0.3,1.0,0.0,4.99,-15.71,True
1.04,0.025,0.99,0.2,0.0,0.0,1.0,-0.45,-7.5,True
1.04,0.025,0.99,0.2,0.0,0.25,0.75,-0.4,-6.76,True
1.04,0.025,0.99,0.2,0.0,0.5,0.5,-0.34,-6.02,True
1.04,0.025,0.99,0.2,0.0,0.75,0.25,-0.29,-5.27,True
1.04,0.025,0.99,0.2,0.0,1.0,0.0,-0.23,-4.53,True
1.04,0.025,0.99,0.2,0.1,0.0,1.0,1.94,-8.94,True
1.04,0.025,0.99,0.2,0.1,0.25,0.75,1.99,-8.92,True
1.04,0.025,0.99,0.2,0.1,0.5,0.5,2.04,-8.9,True
1.04,0.025,0.99,0.2,0.1,0.75,0.25,2.09,-8.87,True
1.04,0.025,0.99,0.2,0.1,1.0,0.0,2.14,-8.85,True
1.04,0.025,0.99,0.2,0.2,0.0,1.0,3.6,-13.08,True
1.04,0.025,0.99,0.2,0.2,0.25,0.75,3.64,-13.07,True
1.04,0.025,0.99,0.2,0.2,0.5,0.5,3.68,-13.05,True
1.04,0.025,0.99,0.2,0.2,0.75,0.25,3.72,-13.04,True
1.04,0.025,0.99,0.2,0.2,1.0,0.0,3.76,-13.03,True
1.04,0.025,0.99,0.2,0.3,0.0,1.0,4.78,-15.72,True
1.04,0.025,0.99,0.2,0.3,0.25,0.75,4.82,-15.71,True
1.04,0.025,0.99,0.2,0.3,0.5,0.5,4.85,-15.68,True
1.04,0.025,0.99,0.2,0.3,0.75,0.25,4.89,-15.66,True
1.04,0.025,0.99,0.2,0.3,1.0,0.0,4.92,-15.64,True
1.04,0.025,0.99,0.3,0.0,0.0,1.0,-0.71,-11.15,True
1.04,0.025,0.99,0.3,0.0,0.25,0.75,-0.63,-10.06,True
1.04,0.025,0.99,0.3,0.0,0.5,0.5,-0.54,-8.97,True
1.04,0.025,0.99,0.3,0.0,0.75,0.25,-0.45,-7.87,True
1.04,0.025,0.99,0.3,0.0,1.0,0.0,-0.37,-6.77,True
1.04,0.025,0.99,0.3,0.1,0.0,1.0,1.86,-8.71,True
1.04,0.025,0.99,0.3,0.1,0.25,0.75,1.93,-8.7,True
1.04,0.025,0.99,0.3,0.1,0.5,0.5,1.99,-8.7,True
1.04,0.025,0.99,0.3,0.1,0.75,0.25,2.06,-8.69,True
1.04,0.025,0.99,0.3,0.1,1.0,0.0,2.12,-8.67,True
1.04,0.025,0.99,0.3,0.2,0.0,1.0,3.45,-13.11,True
1.04,0.025,0.99,0.3,0.2,0.25,0.75,3.51,-13.09,True
1.04,0.025,0.99,0.3,0.2,0.5,0.5,3.57,-13.07,True
1.04,0.025,0.99,0.3,0.2,0.75,0.25,3.62,-13.05,True
1.04,0.025,0.99,0.3,0.2,1.0,0.0,3.68,-13.03,True
1.04,0.025,0.99,0.3,0.3,0.0,1.0,4.7,-15.76,True
1.04,0.025,0.99,0.3,0.3,0.25,0.75,4.74,-15.73,True
1.04,0.025,0.99,0.3,0.3,0.5,0.5,4.78,-15.7,True
1.04,0.025,0.99,0.3,0.3,0.75,0.25,4.83,-15.67,True
1.04,0.025,0.99,0.3,0.3,1.0,0.0,4.87,-15.64,True
1.04,0.025,0.99,0.4,0.0,0.0,1.0,-0.83,-14.08,True
1.04,0.025,0.99,0.4,0.0,0.25,0.75,-0.72,-12.72,True
1.04,0.025,0.99,0.4,0.0,0.5,0.5,-0.61,-11.35,True
1.04,0.025,0.99,0.4,0.0,0.75,0.25,-0.5,-9.97,True
1.04,0.025,0.99,0.4,0.0,1.0,0.0,-0.4,-8.57,True
1.04,0.025,0.99,0.4,0.1,0.0,1.0,1.72,-8.69,True
1.04,0.025,0.99,0.4,0.1,0.25,0.75,1.8,-8.67,True
1.04,0.025,0.99,0.4,0.1,0.5,0.5,1.88,-8.66,True
1.04,0.025,0.99,0.4,0.1,0.75,0.25,1.96,-8.65,True
1.04,0.025,0.99,0.4,0.1,1.0,0.0,2.05,-8.64,True
1.04,0.025,0.99,0.4,0.2,0.0,1.0,3.37,-13.05,True
1.04,0.025,0.99,0.4,0.2,0.25,0.75,3.44,-13.02,True
1.04,0.025,0.99,0.4,0.2,0.5,0.5,3.5,-12.99,True
1.04,0.025,0.99,0.4,0.2,0.75,0.25,3.57,-12.97,True
1.04,0.025,0.99,0.4,0.2,1.0,0.0,3.63,-12.94,True
1.04,0.025,0.99,0.4,0.3,0.0,1.0,4.71,-15.55,True
1.04,0.025,0.99,0.4,0.3,0.25,0.75,4.75,-15.52,True
1.04,0.025,0.99,0.4,0.3,0.5,0.5,4.8,-15.5,True
1.04,0.025,0.99,0.4,0.3,0.75,0.25,4.85,-15.48,True
1.04,0.025,0.99,0.4,0.3,1.0,0.0,4.89,-15.46,True
1.04,0.025,1.0,0.1,0.0,0.0,1.0,-0.22,-3.12,True
1.04,0.025,1.0,0.1,0.0,0.25,0.75,-0.2,-2.84,True
1.04,0.025,1.0,0.1,0.0,0.5,0.5,-0.18,-2.56,True
1.04,0.025,1.0,0.1,0.0,0.75,0.25,-0.15,-2.27,True
1.04,0.025,1.0,0.1,0.0,1.0,0.0,-0.13,-1.99,True
1.04,0.025,1.0,0.1,0.1,0.0,1.0,2.19,-8.95,True
1.04,0.025,1.0,0.1,0.1,0.25,0.75,2.21,-8.94,True
1.04,0.025,1.0,0.1,0.1,0.5,0.5,2.23,-8.93,True
1.04,0.025,1.0,0.1,0.1,0.75,0.25,2.25,-8.92,True
1.04,0.025,1.0,0.1,0.1,1.0,0.0,2.26,-8.9,True
1.04,0.025,1.0,0.1,0.2,0.0,1.0,3.76,-13.3,True
1.04,0.025,1.0,0.1,0.2,0.25,0.75,3.78,-13.28,True
1.04,0.025,1.0,0.1,0.2,0.5,0.5,3.79,-13.26,True
1.04,0.025,1.0,0.1,0.2,0.75,0.25,3.81,-13.24,True
1.04,0.025,1.0,0.1,0.2,1.0,0.0,3.83,-13.23,True
1.04,0.025,1.0,0.1,0.3,0.0,1.0,4.94,-15.81,True
1.04,0.025,1.0,0.1,0.3,0.25,0.75,4.96,-15.79,True
1.04,0.025,1.0,0.1,0.3,0.5,0.5,4.97,-15.78,True
1.04,0.025,1.0,0.1,0.3,0.75,0.25,4.99,-15.76,True
1.04,0.025,1.0,0.1,0.3,1.0,0.0,5.0,-15.75,True
1.04,0.025,1.0,0.2,0.0,0.0,1.0,-0.45,-6.21,True
1.04,0.025,1.0,0.2,0.0,0.25,0.75,-0.41,-5.65,True
1.04,0.025,1.0,0.2,0.0,0.5,0.5,-0.36,-5.1,True
1.04,0.025,1.0,0.2,0.0,0.75,0.25,-0.32,-4.54,True
1.04,0.025,1.0,0.2,0.0,1.0,0.0,-0.27,-3.98,True
1.04,0.025,1.0,0.2,0.1,0.0,1.0,2.0,-9.06,True
1.04,0.025,1.0,0.2,0.1,0.25,0.75,2.04,-9.04,True
1.04,0.025,1.0,0.2,0.1,0.5,0.5,2.07,-9.01,True
1.04,0.025,1.0,0.2,0.1,0.75,0.25,2.11,-8.99,True
1.04,0.025,1.0,0.2,0.1,1.0,0.0,2.15,-8.96,True
1.04,0.025,1.0,0.2,0.2,0.0,1.0,3.66,-13.17,True
1.04,0.025,1.0,0.2,0.2,0.25,0.75,3.69,-13.16,True
1.04,0.025,1.0,0.2,0.2,0.5,0.5,3.72,-13.15,True
1.04,0.025,1.0,0.2,0.2,0.75,0.25,3.74,-13.14,True
1.04,0.025,1.0,0.2,0.2,1.0,0.0,3.77,-13.13,True
1.04,0.025,1.0,0.2,0.3,0.0,1.0,4.86,-15.78,True
1.04,0.025,1.0,0.2,0.3,0.25,0.75,4.88,-15.76,True
1.04,0.025,1.0,0.2,0.3,0.5,0.5,4.91,-15.75,True
1.04,0.025,1.0,0.2,0.3,0.75,0.25,4.93,-15.73,True
1.04,0.025,1.0,0.2,0.3,1.0,0.0,4.96,-15.71,True
1.04,0.025,1.0,0.3,0.0,0.0,1.0,-0.7,-9.27,True
1.04,0.025,1.0,0.3,0.0,0.25,0.75,-0.63,-8.45,True
1.04,0.025,1.0,0.3,0.0,0.5,0.5,-0.56,-7.62,True
1.04,0.025,1.0,0.3,0.0,0.75,0.25,-0.49,-6.79,True
1.04,0.025,1.0,0.3,0.0,1.0,0.0,-0.42,-5.96,True
1.04,0.025,1.0,0.3,0.1,0.0,1.0,1.91,-8.89,True
1.04,0.025,1.0,0.3,0.1,0.25,0.75,1.96,-8.88,True
1.04,0.025,1.0,0.3,0.1,0.5,0.5,2.01,-8.87,True
1.04,0.025,1.0,0.3,0.1,0.75,0.25,2.06,-8.86,True
1.04,0.025,1.0,0.3,0.1,1.0,0.0,2.11,-8.85,True
1.04,0.025,1.0,0.3,0.2,0.0,1.0,3.54,-13.29,True
1.04,0.025,1.0,0.3,0.2,0.25,0.75,3.59,-13.27,True
1.04,0.025,1.0,0.3,0.2,0.5,0.5,3.63,-13.25,True
1.04,0.025,1.0,0.3,0.2,0.75,0.25,3.67,-13.23,True
1.04,0.025,1.0,0.3,0.2,1.0,0.0,3.71,-13.21,True
1.04,0.025,1.0,0.3,0.3,0.0,1.0,4.77,-15.9,True
1.04,0.025,1.0,0.3,0.3,0.25,0.75,4.8,-15.87,True
1.04,0.025,1.0,0.3,0.3,0.5,0.5,4.84,-15.85,True
1.04,0.025,1.0,0.3,0.3,0.75,0.25,4.87,-15.82,True
1.04,0.025,1.0,0.3,0.3,1.0,0.0,4.91,-15.79,True
1.04,0.025,1.0,0.4,0.0,0.0,1.0,-0.86,-12.31,True
1.04,0.025,1.0,0.4,0.0,0.25,0.75,-0.77,-11.22,True
1.04,0.025,1.0,0.4,0.0,0.5,0.5,-0.68,-10.13,True
1.04,0.025,1.0,0.4,0.0,0.75,0.25,-0.59,-9.03,True
1.04,0.025,1.0,0.4,0.0,1.0,0.0,-0.51,-7.93,True
1.04,0.025,1.0,0.4,0.1,0.0,1.0,1.78,-8.99,True
1.04,0.025,1.0,0.4,0.1,0.25,0.75,1.85,-8.97,True
1.04,0.025,1.0,0.4,0.1,0.5,0.5,1.91,-8.95,True
1.04,0.025,1.0,0.4,0.1,0.75,0.25,1.97,-8.93,True
1.04,0.025,1.0,0.4,0.1,1.0,0.0,2.03,-8.91,True
1.04,0.025,1.0,0.4,0.2,0.0,1.0,3.47,-13.29,True
1.04,0.025,1.0,0.4,0.2,0.25,0.75,3.52,-13.26,True
1.04,0.025,1.0,0.4,0.2,0.5,0.5,3.57,-13.24,True
1.04,0.025,1.0,0.4,0.2,0.75,0.25,3.62,-13.22,True
1.04,0.025,1.0,0.4,0.2,1.0,0.0,3.67,-13.19,True
1.04,0.025,1.0,0.4,0.3,0.0,1.0,4.78,-15.72,True
1.04,0.025,1.0,0.4,0.3,0.25,0.75,4.82,-15.7,True
1.04,0.025,1.0,0.4,0.3,0.5,0.5,4.85,-15.69,True
1.04,0.025,1.0,0.4,0.3,0.75,0.25,4.89,-15.68,True
1.04,0.025,1.0,0.4,0.3,1.0,0.0,4.92,-15.66,True
1.04,0.025,1.01,0.1,0.0,0.0,1.0,-0.14,-1.55,True
1.04,0.025,1.01,0.1,0.0,0.25,0.75,-0.13,-1.45,True
1.04,0.025,1.01,0.1,0.0,0.5,0.5,-0.12,-1.35,True
1.04,0.025,1.01,0.1,0.0,0.75,0.25,-0.11,-1.25,True
1.04,0.025,1.01,0.1,0.0,1.0,0.0,-0.1,-1.15,True
1.04,0.025,1.01,0.1,0.1,0.0,1.0,2.27,-9.03,True
1.04,0.025,1.01,0.1,0.1,0.25,0.75,2.28,-9.02,True
1.04,0.025,1.01,0.1,0.1,0.5,0.5,2.28,-9.01,True
1.04,0.025,1.01,0.1,0.1,0.75,0.25,2.29,-9.0,True
1.04,0.025,1.01,0.1,0.1,1.0,0.0,2.3,-8.99,True
1.04,0.025,1.01,0.1,0.2,0.0,1.0,3.83,-13.4,True
1.04,0.025,1.01,0.1,0.2,0.25,0.75,3.84,-13.38,True
1.04,0.025,1.01,0.1,0.2,0.5,0.5,3.85,-13.37,True
1.04,0.025,1.01,0.1,0.2,0.75,0.25,3.86,-13.35,True
1.04,0.025,1.01,0.1,0.2,1.0,0.0,3.87,-13.33,True
1.04,0.025,1.01,0.1,0.3,0.0,1.0,5.0,-15.98,True
1.04,0.025,1.01,0.1,0.3,0.25,0.75,5.01,-15.95,True
1.04,0.025,1.01,0.1,0.3,0.5,0.5,5.02,-15.93,True
1.04,0.025,1.01,0.1,0.3,0.75,0.25,5.03,-15.91,True
1.04,0.025,1.01,0.1,0.3,1.0,0.0,5.04,-15.89,True
1.04,0.025,1.01,0.2,0.0,0.0,1.0,-0.29,-3.2,True
1.04,0.025,1.01,0.2,0.0,0.25,0.75,-0.27,-2.98,True
1.04,0.025,1.01,0.2,0.0,0.5,0.5,-0.25,-2.77,True
1.04,0.025,1.01,0.2,0.0,0.75,0.25,-0.23,-2.55,True
1.04,0.025,1.01,0.2,0.0,1.0,0.0,-0.2,-2.34,True
1.04,0.025,1.01,0.2,0.1,0.0,1.0,2.15,-9.24,True
1.04,0.025,1.01,0.2,0.1,0.25,0.75,2.17,-9.21,True
1.04,0.025,1.01,0.2,0.1,0.5,0.5,2.18,-9.18,True
1.04,0.025,1.01,0.2,0.1,0.75,0.25,2.2,-9.16,True
1.04,0.025,1.01,0.2,0.1,1.0,0.0,2.22,-9.13,True
1.04,0.025,1.01,0.2,0.2,0.0,1.0,3.73,-13.68,True
1.04,0.025,1.01,0.2,0.2,0.25,0.75,3.74,-13.64,True
1.04,0.025,1.01,0.2,0.2,0.5,0.5,3.76,-13.6,True
1.04,0.025,1.01,0.2,0.2,0.75,0.25,3.78,-13.57,True
1.04,0.025,1.01,0.2,0.2,1.0,0.0,3.8,-13.53,True
1.04,0.025,1.01,0.2,0.3,0.0,1.0,4.9,-16.28,True
1.04,0.025,1.01,0.2,0.3,0.25,0.75,4.92,-16.24,True
1.04,0.025,1.01,0.2,0.3,0.5,0.5,4.94,-16.2,True
1.04,0.025,1.01,0.2,0.3,0.75,0.25,4.95,-16.16,True
1.04,0.025,1.01,0.2,0.3,1.0,0.0,4.97,-16.12,True
1.04,0.025,1.01,0.3,0.0,0.0,1.0,-0.45,-4.95,True
1.04,0.025,1.01,0.3,0.0,0.25,0.75,-0.42,-4.6,True
1.04,0.025,1.01,0.3,0.0,0.5,0.5,-0.38,-4.26,True
1.04,0.025,1.01,0.3,0.0,0.75,0.25,-0.35,-3.92,True
1.04,0.025,1.01,0.3,0.0,1.0,0.0,-0.31,-3.59,True
1.04,0.025,1.01,0.3,0.1,0.0,1.0,2.01,-9.44,True
1.04,0.025,1.01,0.3,0.1,0.25,0.75,2.05,-9.4,True
1.04,0.025,1.01,0.3,0.1,0.5,0.5,2.08,-9.37,True
1.04,0.025,1.01,0.3,0.1,0.75,0.25,2.11,-9.33,True
1.04,0.025,1.01,0.3,0.1,1.0,0.0,2.14,-9.29,True
1.04,0.025,1.01,0.3,0.2,0.0,1.0,3.6,-13.95,True
1.04,0.025,1.01,0.3,0.2,0.25,0.75,3.63,-13.9,True
1.04,0.025,1.01,0.3,0.2,0.5,0.5,3.66,-13.85,True
1.04,0.025,1.01,0.3,0.2,0.75,0.25,3.7,-13.8,True
1.04,0.025,1.01,0.3,0.2,1.0,0.0,3.72,-13.74,True
1.04,0.025,1.01,0.3,0.3,0.0,1.0,4.81,-16.53,True
1.04,0.025,1.01,0.3,0.3,0.25,0.75,4.84,-16.47,True
1.04,0.025,1.01,0.3,0.3,0.5,0.5,4.87,-16.41,True
1.04,0.025,1.01,0.3,0.3,0.75,0.25,4.89,-16.35,True
1.04,0.025,1.01,0.3,0.3,1.0,0.0,4.92,-16.3,True
1.04,0.025,1.01,0.4,0.0,0.0,1.0,-0.62,-6.81,True
1.04,0.025,1.01,0.4,0.0,0.25,0.75,-0.57,-6.31,True
1.04,0.025,1.01,0.4,0.0,0.5,0.5,-0.52,-5.83,True
1.04,0.025,1.01,0.4,0.0,0.75,0.25,-0.47,-5.35,True
1.04,0.025,1.01,0.4,0.0,1.0,0.0,-0.43,-4.89,True
1.04,0.025,1.01,0.4,0.1,0.0,1.0,1.87,-9.66,True
1.04,0.025,1.01,0.4,0.1,0.25,0.75,1.92,-9.61,True
1.04,0.025,1.01,0.4,0.1,0.5,0.5,1.96,-9.55,True
1.04,0.025,1.01,0.4,0.1,0.75,0.25,2.01,-9.5,True
1.04,0.025,1.01,0.4,0.1,1.0,0.0,2.05,-9.46,True
1.04,0.025,1.01,0.4,0.2,0.0,1.0,3.52,-14.12,True
1.04,0.025,1.01,0.4,0.2,0.25,0.75,3.56,-14.05,True
1.04,0.025,1.01,0.4,0.2,0.5,0.5,3.6,-13.98,True
1.04,0.025,1.01,0.4,0.2,0.75,0.25,3.64,-13.91,True
1.04,0.025,1.01,0.4,0.2,1.0,0.0,3.67,-13.85,True
1.04,0.025,1.01,0.4,0.3,0.0,1.0,4.82,-16.42,True
1.04,0.025,1.01,0.4,0.3,0.25,0.75,4.84,-16.37,True
1.04,0.025,1.01,0.4,0.3,0.5,0.5,4.87,-16.32,True
1.04,0.025,1.01,0.4,0.3,0.75,0.25,4.9,-16.27,True
1.04,0.025,1.01,0.4,0.3,1.0,0.0,4.93,-16.23,True
1.04,0.025,1.02,0.1,0.0,0.0,1.0,-0.05,-1.98,True
1.04,0.025,1.02,0.1,0.0,0.25,0.75,-0.05,-1.81,True
1.04,0.025,1.02,0.1,0.0,0.5,0.5,-0.04,-1.63,True
1.04,0.025,1.02,0.1,0.0,0.75,0.25,-0.04,-1.46,True
1.04,0.025,1.02,0.1,0.0,1.0,0.0,-0.04,-1.29,True
1.04,0.025,1.02,0.1,0.1,0.0,1.0,2.32,-8.87,True
1.04,0.025,1.02,0.1,0.1,0.25,0.75,2.33,-8.87,True
1.04,0.025,1.02,0.1,0.1,0.5,0.5,2.33,-8.86,True
1.04,0.025,1.02,0.1,0.1,0.75,0.25,2.33,-8.86,True
1.04,0.025,1.02,0.1,0.1,1.0,0.0,2.34,-8.86,True
1.04,0.025,1.02,0.1,0.2,0.0,1.0,3.88,-13.21,True
1.04,0.025,1.02,0.1,0.2,0.25,0.75,3.88,-13.2,True
1.04,0.025,1.02,0.1,0.2,0.5,0.5,3.89,-13.19,True
1.04,0.025,1.02,0.1,0.2,0.75,0.25,3.89,-13.18,True
1.04,0.025,1.02,0.1,0.2,1.0,0.0,3.89,-13.18,True
1.04,0.025,1.02,0.1,0.3,0.0,1.0,5.04,-15.77,True
1.04,0.025,1.02,0.1,0.3,0.25,0.75,5.05,-15.77,True
1.04,0.025,1.02,0.1,0.3,0.5,0.5,5.05,-15.76,True
1.04,0.025,1.02,0.1,0.3,0.75,0.25,5.05,-15.75,True
1.04,0.025,1.02,0.1,0.3,1.0,0.0,5.06,-15.74,True
1.04,0.025,1.02,0.2,0.0,0.0,1.0,-0.11,-3.93,True
1.04,0.025,1.02,0.2,0.0,0.25,0.75,-0.1,-3.59,True
1.04,0.025,1.02,0.2,0.0,0.5,0.5,-0.09,-3.25,True
1.04,0.025,1.02,0.2,0.0,0.75,0.25,-0.08,-2.91,True
1.04,0.025,1.02,0.2,0.0,1.0,0.0,-0.07,-2.57,True
1.04,0.025,1.02,0.2,0.1,0.0,1.0,2.27,-8.95,True
1.04,0.025,1.02,0.2,0.1,0.25,0.75,2.28,-8.94,True
1.04,0.025,1.02,0.2,0.1,0.5,0.5,2.29,-8.93,True
1.04,0.025,1.02,0.2,0.1,0.75,0.25,2.3,-8.92,True
1.04,0.025,1.02,0.2,0.1,1.0,0.0,2.31,-8.91,True
1.04,0.025,1.02,0.2,0.2,0.0,1.0,3.83,-13.32,True
1.04,0.025,1.02,0.2,0.2,0.25,0.75,3.84,-13.31,True
1.04,0.025,1.02,0.2,0.2,0.5,0.5,3.85,-13.29,True
1.04,0.025,1.02,0.2,0.2,0.75,0.25,3.86,-13.28,True
1.04,0.025,1.02,0.2,0.2,1.0,0.0,3.86,-13.26,True
1.04,0.025,1.02,0.2,0.3,0.0,1.0,5.0,-15.91,True
1.04,0.025,1.02,0.2,0.3,0.25,0.75,5.01,-15.89,True
1.04,0.025,1.02,0.2,0.3,0.5,0.5,5.01,-15.87,True
1.04,0.025,1.02,0.2,0.3,0.75,0.25,5.02,-15.85,True
1.04,0.025,1.02,0.2,0.3,1.0,0.0,5.03,-15.84,True
1.04,0.025,1.02,0.3,0.0,0.0,1.0,-0.17,-5.87,True
1.04,0.025,1.02,0.3,0.0,0.25,0.75,-0.15,-5.37,True
1.04,0.025,1.02,0.3,0.0,0.5,0.5,-0.14,-4.86,True
1.04,0.025,1.02,0.3,0.0,0.75,0.25,-0.13,-4.35,True
1.04,0.025,1.02,0.3,0.0,1.0,0.0,-0.11,-3.85,True
1.04,0.025,1.02,0.3,0.1,0.0,1.0,2.22,-9.03,True
1.04,0.025,1.02,0.3,0.1,0.25,0.75,2.23,-9.02,True
1.04,0.025,1.02,0.3,0.1,0.5,0.5,2.25,-9.0,True
1.04,0.025,1.02,0.3,0.1,0.75,0.25,2.26,-8.99,True
1.04,0.025,1.02,0.3,0.1,1.0,0.0,2.27,-8.97,True
1.04,0.025,1.02,0.3,0.2,0.0,1.0,3.78,-13.45,True
1.04,0.025,1.02,0.3,0.2,0.25,0.75,3.79,-13.42,True
1.04,0.025,1.02,0.3,0.2,0.5,0.5,3.81,-13.4,True
1.04,0.025,1.02,0.3,0.2,0.75,0.25,3.82,-13.37,True
1.04,0.025,1.02,0.3,0.2,1.0,0.0,3.83,-13.35,True
1.04,0.025,1.02,0.3,0.3,0.0,1.0,4.95,-16.04,True
1.04,0.025,1.02,0.3,0.3,0.25,0.75,4.96,-16.0,True
1.04,0.025,1.02,0.3,0.3,0.5,0.5,4.98,-15.97,True
1.04,0.025,1.02,0.3,0.3,0.75,0.25,4.99,-15.94,True
1.04,0.025,1.02,0.3,0.3,1.0,0.0,5.01,-15.91,True
1.04,0.025,1.02,0.4,0.0,0.0,1.0,-0.24,-7.79,True
1.04,0.025,1.02,0.4,0.0,0.25,0.75,-0.22,-7.12,True
1.04,0.025,1.02,0.4,0.0,0.5,0.5,-0.2,-6.45,True
1.04,0.025,1.02,0.4,0.0,0.75,0.25,-0.18,-5.78,True
1.04,0.025,1.02,0.4,0.0,1.0,0.0,-0.16,-5.11,True
1.04,0.025,1.02,0.4,0.1,0.0,1.0,2.16,-9.12,True
1.04,0.025,1.02,0.4,0.1,0.25,0.75,2.18,-9.1,True
1.04,0.025,1.02,0.4,0.1,0.5,0.5,2.2,-9.08,True
1.04,0.025,1.02,0.4,0.1,0.75,0.25,2.22,-9.06,True
1.04,0.025,1.02,0.4,0.1,1.0,0.0,2.24,-9.04,True
1.04,0.025,1.02,0.4,0.2,0.0,1.0,3.72,-13.56,True
1.04,0.025,1.02,0.4,0.2,0.25,0.75,3.74,-13.52,True
1.04,0.025,1.02,0.4,0.2,0.5,0.5,3.76,-13.49,True
1.04,0.025,1.02,0.4,0.2,0.75,0.25,3.78,-13.45,True
1.04,0.025,1.02,0.4,0.2,1.0,0.0,3.8,-13.42,True
1.04,0.025,1.02,0.4,0.3,0.0,1.0,4.97,-15.98,True
1.04,0.025,1.02,0.4,0.3,0.25,0.75,4.98,-15.95,True
1.04,0.025,1.02,0.4,0.3,0.5,0.5,4.99,-15.93,True
1.04,0.025,1.02,0.4,0.3,0.75,0.25,5.01,-15.91,True
1.04,0.025,1.02,0.4,0.3,1.0,0.0,5.02,-15.88,True
1.04,0.03,0.95,0.1,0.0,0.0,1.0,0.81,-3.18,True
1.04,0.03,0.95,0.1,0.0,0.25,0.75,0.77,-2.91,True
1.04,0.03,0.95,0.1,0.0,0.5,0.5,0.73,-2.65,True
1.04,0.03,0.95,0.1,0.0,0.75,0.25,0.68,-2.39,True
1.04,0.03,0.95,0.1,0.0,1.0,0.0,0.64,-2.12,True
1.04,0.03,0.95,0.1,0.1,0.0,1.0,2.73,-7.05,True
1.04,0.03,0.95,0.1,0.1,0.25,0.75,2.7,-7.11,True
1.04,0.03,0.95,0.1,0.1,0.5,0.5,2.67,-7.18,True
1.04,0.03,0.95,0.1,0.1,0.75,0.25,2.64,-7.25,True
1.04,0.03,0.95,0.1,0.1,1.0,0.0,2.61,-7.32,True
1.04,0.03,0.95,0.1,0.2,0.0,1.0,4.13,-11.05,True
1.04,0.03,0.95,0.1,0.2,0.25,0.75,4.11,-11.13,True
1.04,0.03,0.95,0.1,0.2,0.5,0.5,4.09,-11.22,True
1.04,0.03,0.95,0.1,0.2,0.75,0.25,4.06,-11.31,True
1.04,0.03,0.95,0.1,0.2,1.0,0.0,4.03,-11.41,True
1.04,0.03,0.95,0.1,0.3,0.0,1.0,5.29,-13.51,True
1.04,0.03,0.95,0.1,0.3,0.25,0.75,5.27,-13.62,True
1.04,0.03,0.95,0.1,0.3,0.5,0.5,5.24,-13.73,True
1.04,0.03,0.95,0.1,0.3,0.75,0.25,5.21,-13.84,True
1.04,0.03,0.95,0.1,0.3,1.0,0.0,5.18,-13.96,True
1.04,0.03,0.95,0.2,0.0,0.0,1.0,1.52,-6.08,True
1.04,0.03,0.95,0.2,0.0,0.25,0.75,1.45,-5.57,True
1.04,0.03,0.95,0.2,0.0,0.5,0.5,1.38,-5.06,True
1.04,0.03,0.95,0.2,0.0,0.75,0.25,1.3,-4.56,True
1.04,0.03,0.95,0.2,0.0,1.0,0.0,1.23,-4.05,True
1.04,0.03,0.95,0.2,0.1,0.0,1.0,3.48,-6.21,True
1.04,0.03,0.95,0.2,0.1,0.25,0.75,3.4,-6.33,True
1.04,0.03,0.95,0.2,0.1,0.5,0.5,3.32,-6.46,True
1.04,0.03,0.95,0.2,0.1,0.75,0.25,3.25,-6.59,True
1.04,0.03,0.95,0.2,0.1,1.0,0.0,3.17,-6.73,True
1.04,0.03,0.95,0.2,0.2,0.0,1.0,4.91,-9.59,True
1.04,0.03,0.95,0.2,0.2,0.25,0.75,4.83,-9.79,True
1.04,0.03,0.95,0.2,0.2,0.5,0.5,4.75,-9.98,True
1.04,0.03,0.95,0.2,0.2,0.75,0.25,4.67,-10.19,True
1.04,0.03,0.95,0.2,0.2,1.0,0.0,4.59,-10.4,True
1.04,0.03,0.95,0.2,0.3,0.0,1.0,6.01,-12.88,True
1.04,0.03,0.95,0.2,0.3,0.25,0.75,5.94,-12.87,True
1.04,0.03,0.95,0.2,0.3,0.5,0.5,5.86,-12.86,True
1.04,0.03,0.95,0.2,0.3,0.75,0.25,5.78,-12.85,True
1.04,0.03,0.95,0.2,0.3,1.0,0.0,5.7,-12.83,True
1.04,0.03,0.95,0.3,0.0,0.0,1.0,2.52,-6.94,True
1.04,0.03,0.95,0.3,0.0,0.25,0.75,2.38,-6.23,True
1.04,0.03,0.95,0.3,0.0,0.5,0.5,2.24,-5.49,True
1.04,0.03,0.95,0.3,0.0,0.75,0.25,2.09,-4.71,True
1.04,0.03,0.95,0.3,0.0,1.0,0.0,1.93,-4.05,True
1.04,0.03,0.95,0.3,0.1,0.0,1.0,4.34,-5.72,True
1.04,0.03,0.95,0.3,0.1,0.25,0.75,4.21,-5.43,True
1.04,0.03,0.95,0.3,0.1,0.5,0.5,4.08,-5.61,True
1.04,0.03,0.95,0.3,0.1,0.75,0.25,3.94,-5.81,True
1.04,0.03,0.95,0.3,0.1,1.0,0.0,3.79,-6.01,True
1.04,0.03,0.95,0.3,0.2,0.0,1.0,5.66,-8.97,True
1.04,0.03,0.95,0.3,0.2,0.25,0.75,5.53,-8.96,True
1.04,0.03,0.95,0.3,0.2,0.5,0.5,5.41,-8.94,True
1.04,0.03,0.95,0.3,0.2,0.75,0.25,5.28,-9.12,True
1.04,0.03,0.95,0.3,0.2,1.0,0.0,5.14,-9.43,True
1.04,0.03,0.95,0.3,0.3,0.0,1.0,6.75,-12.93,True
1.04,0.03,0.95,0.3,0.3,0.25,0.75,6.63,-12.91,True
1.04,0.03,0.95,0.3,0.3,0.5,0.5,6.5,-12.89,True
1.04,0.03,0.95,0.3,0.3,0.75,0.25,6.37,-12.88,True
1.04,0.03,0.95,0.3,0.3,1.0,0.0,6.24,-12.86,True
1.04,0.03,0.95,0.4,0.0,0.0,1.0,3.55,-8.61,True
1.04,0.03,0.95,0.4,0.0,0.25,0.75,3.35,-7.77,True
1.04,0.03,0.95,0.4,0.0,0.5,0.5,3.14,-6.88,True
1.04,0.03,0.95,0.4,0.0,0.75,0.25,2.92,-5.94,True
1.04,0.03,0.95,0.4,0.0,1.0,0.0,2.7,-4.94,True
1.04,0.03,0.95,0.4,0.1,0.0,1.0,5.18,-7.45,True
1.04,0.03,0.95,0.4,0.1,0.25,0.75,5.0,-6.6,True
1.04,0.03,0.95,0.4,0.1,0.5,0.5,4.81,-5.71,True
1.04,0.03,0.95,0.4,0.1,0.75,0.25,4.61,-5.15,True
1.04,0.03,0.95,0.4,0.1,1.0,0.0,4.41,-5.4,True
1.04,0.03,0.95,0.4,0.2,0.0,1.0,6.48,-8.92,True
1.04,0.03,0.95,0.4,0.2,0.25,0.75,6.32,-8.95,True
1.04,0.03,0.95,0.4,0.2,0.5,0.5,6.14,-8.97,True
1.04,0.03,0.95,0.4,0.2,0.75,0.25,5.95,-8.95,True
1.04,0.03,0.95,0.4,0.2,1.0,0.0,5.75,-8.93,True
1.04,0.03,0.95,0.4,0.3,0.0,1.0,7.5,-12.67,True
1.04,0.03,0.95,0.4,0.3,0.25,0.75,7.34,-12.72,True
1.04,0.03,0.95,0.4,0.3,0.5,0.5,7.17,-12.77,True
1.04,0.03,0.95,0.4,0.3,0.75,0.25,7.0,-12.82,True
1.04,0.03,0.95,0.4,0.3,1.0,0.0,6.82,-12.87,True
1.04,0.03,0.97,0.1,0.0,0.0,1.0,0.75,-2.98,True
1.04,0.03,0.97,0.1,0.0,0.25,0.75,0.69,-2.74,True
1.04,0.03,0.97,0.1,0.0,0.5,0.5,0.63,-2.51,True
1.04,0.03,0.97,0.1,0.0,0.75,0.25,0.58,-2.27,True
1.04,0.03,0.97,0.1,0.0,1.0,0.0,0.52,-2.03,True
1.04,0.03,0.97,0.1,0.1,0.0,1.0,2.72,-7.12,True
1.04,0.03,0.97,0.1,0.1,0.25,0.75,2.68,-7.18,True
1.04,0.03,0.97,0.1,0.1,0.5,0.5,2.63,-7.25,True
1.04,0.03,0.97,0.1,0.1,0.75,0.25,2.58,-7.32,True
1.04,0.03,0.97,0.1,0.1,1.0,0.0,2.53,-7.39,True
1.04,0.03,0.97,0.1,0.2,0.0,1.0,4.15,-11.1,True
1.04,0.03,0.97,0.1,0.2,0.25,0.75,4.11,-11.19,True
1.04,0.03,0.97,0.1,0.2,0.5,0.5,4.06,-11.29,True
1.04,0.03,0.97,0.1,0.2,0.75,0.25,4.02,-11.38,True
1.04,0.03,0.97,0.1,0.2,1.0,0.0,3.97,-11.49,True
1.04,0.03,0.97,0.1,0.3,0.0,1.0,5.3,-13.55,True
1.04,0.03,0.97,0.1,0.3,0.25,0.75,5.26,-13.67,True
1.04,0.03,0.97,0.1,0.3,0.5,0.5,5.21,-13.79,True
1.04,0.03,0.97,0.1,0.3,0.75,0.25,5.17,-13.91,True
1.04,0.03,0.97,0.1,0.3,1.0,0.0,5.12,-14.04,True
1.04,0.03,0.97,0.2,0.0,0.0,1.0,1.38,-5.94,True
1.04,0.03,0.97,0.2,0.0,0.25,0.75,1.28,-5.47,True
1.04,0.03,0.97,0.2,0.0,0.5,0.5,1.19,-5.0,True
1.04,0.03,0.97,0.2,0.0,0.75,0.25,1.09,-4.53,True
1.04,0.03,0.97,0.2,0.0,1.0,0.0,0.99,-4.06,True
1.04,0.03,0.97,0.2,0.1,0.0,1.0,3.39,-6.46,True
1.04,0.03,0.97,0.2,0.1,0.25,0.75,3.29,-6.58,True
1.04,0.03,0.97,0.2,0.1,0.5,0.5,3.19,-6.71,True
1.04,0.03,0.97,0.2,0.1,0.75,0.25,3.1,-6.84,True
1.04,0.03,0.97,0.2,0.1,1.0,0.0,2.99,-6.97,True
1.04,0.03,0.97,0.2,0.2,0.0,1.0,4.86,-9.87,True
1.04,0.03,0.97,0.2,0.2,0.25,0.75,4.77,-10.06,True
1.04,0.03,0.97,0.2,0.2,0.5,0.5,4.67,-10.26,True
1.04,0.03,0.97,0.2,0.2,0.75,0.25,4.57,-10.46,True
1.04,0.03,0.97,0.2,0.2,1.0,0.0,4.46,-10.68,True
1.04,0.03,0.97,0.2,0.3,0.0,1.0,5.99,-12.9,True
1.04,0.03,0.97,0.2,0.3,0.25,0.75,5.89,-12.88,True
1.04,0.03,0.97,0.2,0.3,0.5,0.5,5.8,-12.86,True
1.04,0.03,0.97,0.2,0.3,0.75,0.25,5.7,-12.83,True
1.04,0.03,0.97,0.2,0.3,1.0,0.0,5.6,-13.01,True
1.04,0.03,0.97,0.3,0.0,0.0,1.0,2.14,-8.88,True
1.04,0.03,0.97,0.3,0.0,0.25,0.75,1.99,-8.18,True
1.04,0.03,0.97,0.3,0.0,0.5,0.5,1.84,-7.48,True
1.04,0.03,0.97,0.3,0.0,0.75,0.25,1.68,-6.78,True
1.04,0.03,0.97,0.3,0.0,1.0,0.0,1.52,-6.08,True
1.04,0.03,0.97,0.3,0.1,0.0,1.0,4.11,-5.9,True
1.04,0.03,0.97,0.3,0.1,0.25,0.75,3.96,-5.89,True
1.04,0.03,0.97,0.3,0.1,0.5,0.5,3.82,-6.06,True
1.04,0.03,0.97,0.3,0.1,0.75,0.25,3.67,-6.23,True
1.04,0.03,0.97,0.3,0.1,1.0,0.0,3.51,-6.42,True
1.04,0.03,0.97,0.3,0.2,0.0,1.0,5.49,-9.03,True
1.04,0.03,0.97,0.3,0.2,0.25,0.75,5.35,-9.13,True
1.04,0.03,0.97,0.3,0.2,0.5,0.5,5.2,-9.39,True
1.04,0.03,0.97,0.3,0.2,0.75,0.25,5.05,-9.66,True
1.04,0.03,0.97,0.3,0.2,1.0,0.0,4.9,-9.95,True
1.04,0.03,0.97,0.3,0.3,0.0,1.0,6.54,-12.9,True
1.04,0.03,0.97,0.3,0.3,0.25,0.75,6.42,-12.97,True
1.04,0.03,0.97,0.3,0.3,0.5,0.5,6.29,-12.98,True
1.04,0.03,0.97,0.3,0.3,0.75,0.25,6.15,-12.95,True
1.04,0.03,0.97,0.3,0.3,1.0,0.0,6.0,-12.91,True
1.04,0.03,0.97,0.4,0.0,0.0,1.0,2.85,-11.8,True
1.04,0.03,0.97,0.4,0.0,0.25,0.75,2.67,-10.87,True
1.04,0.03,0.97,0.4,0.0,0.5,0.5,2.48,-9.94,True
1.04,0.03,0.97,0.4,0.0,0.75,0.25,2.27,-9.01,True
1.04,0.03,0.97,0.4,0.0,1.0,0.0,2.06,-8.08,True
1.04,0.03,0.97,0.4,0.1,0.0,1.0,4.65,-8.86,True
1.04,0.03,0.97,0.4,0.1,0.25,0.75,4.49,-7.91,True
1.04,0.03,0.97,0.4,0.1,0.5,0.5,4.33,-6.96,True
1.04,0.03,0.97,0.4,0.1,0.75,0.25,4.13,-6.04,True
1.04,0.03,0.97,0.4,0.1,1.0,0.0,3.94,-6.01,True
1.04,0.03,0.97,0.4,0.2,0.0,1.0,5.94,-8.79,True
1.04,0.03,0.97,0.4,0.2,0.25,0.75,5.8,-8.85,True
1.04,0.03,0.97,0.4,0.2,0.5,0.5,5.64,-8.92,True
1.04,0.03,0.97,0.4,0.2,0.75,0.25,5.48,-8.99,True
1.04,0.03,0.97,0.4,0.2,1.0,0.0,5.3,-9.33,True
1.04,0.03,0.97,0.4,0.3,0.0,1.0,6.97,-12.52,True
1.04,0.03,0.97,0.4,0.3,0.25,0.75,6.83,-12.61,True
1.04,0.03,0.97,0.4,0.3,0.5,0.5,6.68,-12.7,True
1.04,0.03,0.97,0.4,0.3,0.75,0.25,6.53,-12.79,True
1.04,0.03,0.97,0.4,0.3,1.0,0.0,6.37,-12.89,True
1.04,0.03,0.99,0.1,0.0,0.0,1.0,-0.29,-3.51,True
1.04,0.03,0.99,0.1,0.0,0.25,0.75,-0.27,-3.2,True
1.04,0.03,0.99,0.1,0.0,0.5,0.5,-0.24,-2.89,True
1.04,0.03,0.99,0.1,0.0,0.75,0.25,-0.22,-2.58,True
1.04,0.03,0.99,0.1,0.0,1.0,0.0,-0.19,-2.27,True
1.04,0.03,0.99,0.1,0.1,0.0,1.0,2.14,-9.08,True
1.04,0.03,0.99,0.1,0.1,0.25,0.75,2.16,-9.06,True
1.04,0.03,0.99,0.1,0.1,0.5,0.5,2.18,-9.04,True
1.04,0.03,0.99,0.1,0.1,0.75,0.25,2.21,-9.02,True
1.04,0.03,0.99,0.1,0.1,1.0,0.0,2.23,-9.0,True
1.04,0.03,0.99,0.1,0.2,0.0,1.0,3.72,-13.44,True
1.04,0.03,0.99,0.1,0.2,0.25,0.75,3.74,-13.42,True
1.04,0.03,0.99,0.1,0.2,0.5,0.5,3.76,-13.39,True
1.04,0.03,0.99,0.1,0.2,0.75,0.25,3.78,-13.36,True
1.04,0.03,0.99,0.1,0.2,1.0,0.0,3.8,-13.34,True
1.04,0.03,0.99,0.1,0.3,0.0,1.0,4.9,-16.01,True
1.04,0.03,0.99,0.1,0.3,0.25,0.75,4.92,-15.98,True
1.04,0.03,0.99,0.1,0.3,0.5,0.5,4.94,-15.95,True
1.04,0.03,0.99,0.1,0.3,0.75,0.25,4.95,-15.92,True
1.04,0.03,0.99,0.1,0.3,1.0,0.0,4.97,-15.89,True
1.04,0.03,0.99,0.2,0.0,0.0,1.0,-0.59,-6.97,True
1.04,0.03,0.99,0.2,0.0,0.25,0.75,-0.54,-6.36,True
1.04,0.03,0.99,0.2,0.0,0.5,0.5,-0.49,-5.75,True
1.04,0.03,0.99,0.2,0.0,0.75,0.25,-0.44,-5.14,True
1.04,0.03,0.99,0.2,0.0,1.0,0.0,-0.39,-4.52,True
1.04,0.03,0.99,0.2,0.1,0.0,1.0,1.9,-9.32,True
1.04,0.03,0.99,0.2,0.1,0.25,0.75,1.95,-9.28,True
1.04,0.03,0.99,0.2,0.1,0.5,0.5,1.99,-9.24,True
1.04,0.03,0.99,0.2,0.1,0.75,0.25,2.03,-9.2,True
1.04,0.03,0.99,0.2,0.1,1.0,0.0,2.07,-9.16,True
1.04,0.03,0.99,0.2,0.2,0.0,1.0,3.53,-13.72,True
1.04,0.03,0.99,0.2,0.2,0.25,0.75,3.56,-13.67,True
1.04,0.03,0.99,0.2,0.2,0.5,0.5,3.6,-13.62,True
1.04,0.03,0.99,0.2,0.2,0.75,0.25,3.63,-13.57,True
1.04,0.03,0.99,0.2,0.2,1.0,0.0,3.67,-13.52,True
1.04,0.03,0.99,0.2,0.3,0.0,1.0,4.8,-16.09,True
1.04,0.03,0.99,0.2,0.3,0.25,0.75,4.83,-16.06,True
1.04,0.03,0.99,0.2,0.3,0.5,0.5,4.85,-16.02,True
1.04,0.03,0.99,0.2,0.3,0.75,0.25,4.88,-15.99,True
1.04,0.03,0.99,0.2,0.3,1.0,0.0,4.91,-15.95,True
1.04,0.03,0.99,0.3,0.0,0.0,1.0,-0.9,-10.37,True
1.04,0.03,0.99,0.3,0.0,0.25,0.75,-0.82,-9.48,True
1.04,0.03,0.99,0.3,0.0,0.5,0.5,-0.74,-8.57,True
1.04,0.03,0.99,0.3,0.0,0.75,0.25,-0.66,-7.67,True
1.04,0.03,0.99,0.3,0.0,1.0,0.0,-0.59,-6.76,True
1.04,0.03,0.99,0.3,0.1,0.0,1.0,1.68,-9.52,True
1.04,0.03,0.99,0.3,0.1,0.25,0.75,1.74,-9.47,True
1.04,0.03,0.99,0.3,0.1,0.5,0.5,1.8,-9.42,True
1.04,0.03,0.99,0.3,0.1,0.75,0.25,1.86,-9.36,True
1.04,0.03,0.99,0.3,0.1,1.0,0.0,1.92,-9.3,True
1.04,0.03,0.99,0.3,0.2,0.0,1.0,3.45,-13.69,True
1.04,0.03,0.99,0.3,0.2,0.25,0.75,3.5,-13.65,True
1.04,0.03,0.99,0.3,0.2,0.5,0.5,3.54,-13.61,True
1.04,0.03,0.99,0.3,0.2,0.75,0.25,3.59,-13.57,True
1.04,0.03,0.99,0.3,0.2,1.0,0.0,3.63,-13.52,True
1.04,0.03,0.99,0.3,0.3,0.0,1.0,4.75,-16.11,True
1.04,0.03,0.99,0.3,0.3,0.25,0.75,4.78,-16.08,True
1.04,0.03,0.99,0.3,0.3,0.5,0.5,4.82,-16.05,True
1.04,0.03,0.99,0.3,0.3,0.75,0.25,4.85,-16.01,True
1.04,0.03,0.99,0.3,0.3,1.0,0.0,4.88,-15.98,True
1.04,0.03,0.99,0.4,0.0,0.0,1.0,-1.21,-13.72,True
1.04,0.03,0.99,0.4,0.0,0.25,0.75,-1.1,-12.55,True
1.04,0.03,0.99,0.4,0.0,0.5,0.5,-0.99,-11.36,True
1.04,0.03,0.99,0.4,0.0,0.75,0.25,-0.89,-10.17,True
1.04,0.03,0.99,0.4,0.0,1.0,0.0,-0.79,-8.97,True
1.04,0.03,0.99,0.4,0.1,0.0,1.0,1.59,-9.52,True
1.04,0.03,0.99,0.4,0.1,0.25,0.75,1.66,-9.47,True
1.04,0.03,0.99,0.4,0.1,0.5,0.5,1.73,-9.42,True
1.04,0.03,0.99,0.4,0.1,0.75,0.25,1.8,-9.37,True
1.04,0.03,0.99,0.4,0.1,1.0,0.0,1.87,-9.32,True
1.04,0.03,0.99,0.4,0.2,0.0,1.0,3.4,-13.71,True
1.04,0.03,0.99,0.4,0.2,0.25,0.75,3.45,-13.67,True
1.04,0.03,0.99,0.4,0.2,0.5,0.5,3.5,-13.63,True
1.04,0.03,0.99,0.4,0.2,0.75,0.25,3.55,-13.58,True
1.04,0.03,0.99,0.4,0.2,1.0,0.0,3.6,-13.54,True
1.04,0.03,0.99,0.4,0.3,0.0,1.0,4.7,-16.26,True
1.04,0.03,0.99,0.4,0.3,0.25,0.75,4.74,-16.21,True
1.04,0.03,0.99,0.4,0.3,0.5,0.5,4.78,-16.17,True
1.04,0.03,0.99,0.4,0.3,0.75,0.25,4.81,-16.13,True
1.04,0.03,0.99,0.4,0.3,1.0,0.0,4.85,-16.09,True
1.04,0.03,1.0,0.1,0.0,0.0,1.0,-0.2,-2.6,True
1.04,0.03,1.0,0.1,0.0,0.25,0.75,-0.18,-2.37,True
1.04,0.03,1.0,0.1,0.0,0.5,0.5,-0.16,-2.14,True
1.04,0.03,1.0,0.1,0.0,0.75,0.25,-0.15,-1.91,True
1.04,0.03,1.0,0.1,0.0,1.0,0.0,-0.13,-1.68,True
1.04,0.03,1.0,0.1,0.1,0.0,1.0,2.22,-8.99,True
1.04,0.03,1.0,0.1,0.1,0.25,0.75,2.23,-8.98,True
1.04,0.03,1.0,0.1,0.1,0.5,0.5,2.24,-8.97,True
1.04,0.03,1.0,0.1,0.1,0.75,0.25,2.26,-8.96,True
1.04,0.03,1.0,0.1,0.1,1.0,0.0,2.27,-8.95,True
1.04,0.03,1.0,0.1,0.2,0.0,1.0,3.78,-13.34,True
1.04,0.03,1.0,0.1,0.2,0.25,0.75,3.8,-13.32,True
1.04,0.03,1.0,0.1,0.2,0.5,0.5,3.81,-13.31,True
1.04,0.03,1.0,0.1,0.2,0.75,0.25,3.82,-13.29,True
1.04,0.03,1.0,0.1,0.2,1.0,0.0,3.84,-13.27,True
1.04,0.03,1.0,0.1,0.3,0.0,1.0,4.96,-15.91,True
1.04,0.03,1.0,0.1,0.3,0.25,0.75,4.97,-15.89,True
1.04,0.03,1.0,0.1,0.3,0.5,0.5,4.98,-15.87,True
1.04,0.03,1.0,0.1,0.3,0.75,0.25,4.99,-15.85,True
1.04,0.03,1.0,0.1,0.3,1.0,0.0,5.01,-15.83,True
1.04,0.03,1.0,0.2,0.0,0.0,1.0,-0.4,-5.2,True
1.04,0.03,1.0,0.2,0.0,0.25,0.75,-0.36,-4.74,True
1.04,0.03,1.0,0.2,0.0,0.5,0.5,-0.33,-4.28,True
1.04,0.03,1.0,0.2,0.0,0.75,0.25,-0.3,-3.82,True
1.04,0.03,1.0,0.2,0.0,1.0,0.0,-0.26,-3.36,True
1.04,0.03,1.0,0.2,0.1,0.0,1.0,2.05,-9.15,True
1.04,0.03,1.0,0.2,0.1,0.25,0.75,2.08,-9.12,True
1.04,0.03,1.0,0.2,0.1,0.5,0.5,2.1,-9.1,True
1.04,0.03,1.0,0.2,0.1,0.75,0.25,2.13,-9.07,True
1.04,0.03,1.0,0.2,0.1,1.0,0.0,2.16,-9.05,True
1.04,0.03,1.0,0.2,0.2,0.0,1.0,3.64,-13.53,True
1.04,0.03,1.0,0.2,0.2,0.25,0.75,3.66,-13.49,True
1.04,0.03,1.0,0.2,0.2,0.5,0.5,3.69,-13.46,True
1.04,0.03,1.0,0.2,0.2,0.75,0.25,3.72,-13.43,True
1.04,0.03,1.0,0.2,0.2,1.0,0.0,3.74,-13.4,True
1.04,0.03,1.0,0.2,0.3,0.0,1.0,4.9,-15.9,True
1.04,0.03,1.0,0.2,0.3,0.25,0.75,4.92,-15.88,True
1.04,0.03,1.0,0.2,0.3,0.5,0.5,4.94,-15.87,True
1.04,0.03,1.0,0.2,0.3,0.75,0.25,4.96,-15.85,True
1.04,0.03,1.0,0.2,0.3,1.0,0.0,4.97,-15.83,True
1.04,0.03,1.0,0.3,0.0,0.0,1.0,-0.6,-7.79,True
1.04,0.03,1.0,0.3,0.0,0.25,0.75,-0.55,-7.11,True
1.04,0.03,1.0,0.3,0.0,0.5,0.5,-0.5,-6.42,True
1.04,0.03,1.0,0.3,0.0,0.75,0.25,-0.45,-5.74,True
1.04,0.03,1.0,0.3,0.0,1.0,0.0,-0.4,-5.05,True
1.04,0.03,1.0,0.3,0.1,0.0,1.0,1.88,-9.27,True
1.04,0.03,1.0,0.3,0.1,0.25,0.75,1.92,-9.24,True
1.04,0.03,1.0,0.3,0.1,0.5,0.5,1.97,-9.21,True
1.04,0.03,1.0,0.3,0.1,0.75,0.25,2.01,-9.18,True
1.04,0.03,1.0,0.3,0.1,1.0,0.0,2.06,-9.14,True
1.04,0.03,1.0,0.3,0.2,0.0,1.0,3.62,-13.41,True
1.04,0.03,1.0,0.3,0.2,0.25,0.75,3.65,-13.39,True
1.04,0.03,1.0,0.3,0.2,0.5,0.5,3.68,-13.38,True
1.04,0.03,1.0,0.3,0.2,0.75,0.25,3.71,-13.36,True
1.04,0.03,1.0,0.3,0.2,1.0,0.0,3.74,-13.34,True
1.04,0.03,1.0,0.3,0.3,0.0,1.0,4.88,-15.81,True
1.04,0.03,1.0,0.3,0.3,0.25,0.75,4.91,-15.81,True
1.04,0.03,1.0,0.3,0.3,0.5,0.5,4.93,-15.8,True
1.04,0.03,1.0,0.3,0.3,0.75,0.25,4.95,-15.79,True
1.04,0.03,1.0,0.3,0.3,1.0,0.0,4.97,-15.79,True
1.04,0.03,1.0,0.4,0.0,0.0,1.0,-0.82,-10.39,True
1.04,0.03,1.0,0.4,0.0,0.25,0.75,-0.75,-9.48,True
1.04,0.03,1.0,0.4,0.0,0.5,0.5,-0.68,-8.57,True
1.04,0.03,1.0,0.4,0.0,0.75,0.25,-0.61,-7.66,True
1.04,0.03,1.0,0.4,0.0,1.0,0.0,-0.54,-6.74,True
1.04,0.03,1.0,0.4,0.1,0.0,1.0,1.86,-9.2,True
1.04,0.03,1.0,0.4,0.1,0.25,0.75,1.91,-9.18,True
1.04,0.03,1.0,0.4,0.1,0.5,0.5,1.95,-9.15,True
1.04,0.03,1.0,0.4,0.1,0.75,0.25,2.0,-9.13,True
1.04,0.03,1.0,0.4,0.1,1.0,0.0,2.05,-9.11,True
1.04,0.03,1.0,0.4,0.2,0.0,1.0,3.61,-13.32,True
1.04,0.03,1.0,0.4,0.2,0.25,0.75,3.64,-13.31,True
1.04,0.03,1.0,0.4,0.2,0.5,0.5,3.67,-13.3,True
1.04,0.03,1.0,0.4,0.2,0.75,0.25,3.7,-13.29,True
1.04,0.03,1.0,0.4,0.2,1.0,0.0,3.74,-13.28,True
1.04,0.03,1.0,0.4,0.3,0.0,1.0,4.86,-15.87,True
1.04,0.03,1.0,0.4,0.3,0.25,0.75,4.88,-15.86,True
1.04,0.03,1.0,0.4,0.3,0.5,0.5,4.91,-15.85,True
1.04,0.03,1.0,0.4,0.3,0.75,0.25,4.93,-15.84,True
1.04,0.03,1.0,0.4,0.3,1.0,0.0,4.95,-15.83,True
1.04,0.03,1.01,0.1,0.0,0.0,1.0,-0.12,-1.4,True
1.04,0.03,1.01,0.1,0.0,0.25,0.75,-0.11,-1.3,True
1.04,0.03,1.01,0.1,0.0,0.5,0.5,-0.1,-1.2,True
1.04,0.03,1.01,0.1,0.0,0.75,0.25,-0.09,-1.1,True
1.04,0.03,1.01,0.1,0.0,1.0,0.0,-0.08,-1.0,True
1.04,0.03,1.01,0.1,0.1,0.0,1.0,2.28,-8.99,True
1.04,0.03,1.01,0.1,0.1,0.25,0.75,2.29,-8.98,True
1.04,0.03,1.01,0.1,0.1,0.5,0.5,2.3,-8.97,True
1.04,0.03,1.01,0.1,0.1,0.75,0.25,2.31,-8.96,True
1.04,0.03,1.01,0.1,0.1,1.0,0.0,2.31,-8.95,True
1.04,0.03,1.01,0.1,0.2,0.0,1.0,3.85,-13.35,True
1.04,0.03,1.01,0.1,0.2,0.25,0.75,3.86,-13.33,True
1.04,0.03,1.01,0.1,0.2,0.5,0.5,3.86,-13.32,True
1.04,0.03,1.01,0.1,0.2,0.75,0.25,3.87,-13.3,True
1.04,0.03,1.01,0.1,0.2,1.0,0.0,3.88,-13.28,True
1.04,0.03,1.01,0.1,0.3,0.0,1.0,5.02,-15.91,True
1.04,0.03,1.01,0.1,0.3,0.25,0.75,5.02,-15.9,True
1.04,0.03,1.01,0.1,0.3,0.5,0.5,5.03,-15.88,True
1.04,0.03,1.01,0.1,0.3,0.75,0.25,5.04,-15.86,True
1.04,0.03,1.01,0.1,0.3,1.0,0.0,5.05,-15.84,True
1.04,0.03,1.01,0.2,0.0,0.0,1.0,-0.24,-2.8,True
1.04,0.03,1.01,0.2,0.0,0.25,0.75,-0.22,-2.6,True
1.04,0.03,1.01,0.2,0.0,0.5,0.5,-0.2,-2.4,True
1.04,0.03,1.01,0.2,0.0,0.75,0.25,-0.18,-2.21,True
1.04,0.03,1.01,0.2,0.0,1.0,0.0,-0.17,-2.01,True
1.04,0.03,1.01,0.2,0.1,0.0,1.0,2.18,-9.15,True
1.04,0.03,1.01,0.2,0.1,0.25,0.75,2.2,-9.12,True
1.04,0.03,1.01,0.2,0.1,0.5,0.5,2.21,-9.1,True
1.04,0.03,1.01,0.2,0.1,0.75,0.25,2.23,-9.08,True
1.04,0.03,1.01,0.2,0.1,1.0,0.0,2.25,-9.06,True
1.04,0.03,1.01,0.2,0.2,0.0,1.0,3.76,-13.56,True
1.04,0.03,1.01,0.2,0.2,0.25,0.75,3.77,-13.53,True
1.04,0.03,1.01,0.2,0.2,0.5,0.5,3.79,-13.49,True
1.04,0.03,1.01,0.2,0.2,0.75,0.25,3.8,-13.46,True
1.04,0.03,1.01,0.2,0.2,1.0,0.0,3.82,-13.43,True
1.04,0.03,1.01,0.2,0.3,0.0,1.0,4.93,-16.15,True
1.04,0.03,1.01,0.2,0.3,0.25,0.75,4.94,-16.11,True
1.04,0.03,1.01,0.2,0.3,0.5,0.5,4.96,-16.08,True
1.04,0.03,1.01,0.2,0.3,0.75,0.25,4.97,-16.04,True
1.04,0.03,1.01,0.2,0.3,1.0,0.0,4.99,-16.0,True
1.04,0.03,1.01,0.3,0.0,0.0,1.0,-0.36,-4.21,True
1.04,0.03,1.01,0.3,0.0,0.25,0.75,-0.34,-3.91,True
1.04,0.03,1.01,0.3,0.0,0.5,0.5,-0.31,-3.61,True
1.04,0.03,1.01,0.3,0.0,0.75,0.25,-0.28,-3.31,True
1.04,0.03,1.01,0.3,0.0,1.0,0.0,-0.25,-3.01,True
1.04,0.03,1.01,0.3,0.1,0.0,1.0,2.07,-9.29,True
1.04,0.03,1.01,0.3,0.1,0.25,0.75,2.1,-9.26,True
1.04,0.03,1.01,0.3,0.1,0.5,0.5,2.13,-9.23,True
1.04,0.03,1.01,0.3,0.1,0.75,0.25,2.15,-9.2,True
1.04,0.03,1.01,0.3,0.1,1.0,0.0,2.18,-9.17,True
1.04,0.03,1.01,0.3,0.2,0.0,1.0,3.65,-13.75,True
1.04,0.03,1.01,0.3,0.2,0.25,0.75,3.68,-13.71,True
1.04,0.03,1.01,0.3,0.2,0.5,0.5,3.7,-13.67,True
1.04,0.03,1.01,0.3,0.2,0.75,0.25,3.73,-13.62,True
1.04,0.03,1.01,0.3,0.2,1.0,0.0,3.75,-13.58,True
1.04,0.03,1.01,0.3,0.3,0.0,1.0,4.86,-16.31,True
1.04,0.03,1.01,0.3,0.3,0.25,0.75,4.88,-16.26,True
1.04,0.03,1.01,0.3,0.3,0.5,0.5,4.9,-16.22,True
1.04,0.03,1.01,0.3,0.3,0.75,0.25,4.93,-16.17,True
1.04,0.03,1.01,0.3,0.3,1.0,0.0,4.95,-16.13,True
1.04,0.03,1.01,0.4,0.0,0.0,1.0,-0.49,-5.62,True
1.04,0.03,1.01,0.4,0.0,0.25,0.75,-0.45,-5.22,True
1.04,0.03,1.01,0.4,0.0,0.5,0.5,-0.41,-4.82,True
1.04,0.03,1.01,0.4,0.0,0.75,0.25,-0.38,-4.42,True
1.04,0.03,1.01,0.4,0.0,1.0,0.0,-0.34,-4.02,True
1.04,0.03,1.01,0.4,0.1,0.0,1.0,1.96,-9.43,True
1.04,0.03,1.01,0.4,0.1,0.25,0.75,2.0,-9.39,True
1.04,0.03,1.01,0.4,0.1,0.5,0.5,2.04,-9.35,True
1.04,0.03,1.01,0.4,0.1,0.75,0.25,2.07,-9.32,True
1.04,0.03,1.01,0.4,0.1,1.0,0.0,2.11,-9.28,True
1.04,0.03,1.01,0.4,0.2,0.0,1.0,3.57,-13.93,True
1.04,0.03,1.01,0.4,0.2,0.25,0.75,3.6,-13.87,True
1.04,0.03,1.01,0.4,0.2,0.5,0.5,3.64,-13.82,True
1.04,0.03,1.01,0.4,0.2,0.75,0.25,3.67,-13.76,True
1.04,0.03,1.01,0.4,0.2,1.0,0.0,3.7,-13.7,True
1.04,0.03,1.01,0.4,0.3,0.0,1.0,4.84,-16.34,True
1.04,0.03,1.01,0.4,0.3,0.25,0.75,4.86,-16.29,True
1.04,0.03,1.01,0.4,0.3,0.5,0.5,4.89,-16.24,True
1.04,0.03,1.01,0.4,0.3,0.75,0.25,4.91,-16.2,True
1.04,0.03,1.01,0.4,0.3,1.0,0.0,4.93,-16.15,True
1.04,0.03,1.02,0.1,0.0,0.0,1.0,-0.06,-1.32,True
1.04,0.03,1.02,0.1,0.0,0.25,0.75,-0.05,-1.21,True
1.04,0.03,1.02,0.1,0.0,0.5,0.5,-0.05,-1.1,True
1.04,0.03,1.02,0.1,0.0,0.75,0.25,-0.04,-0.98,True
1.04,0.03,1.02,0.1,0.0,1.0,0.0,-0.04,-0.87,True
1.04,0.03,1.02,0.1,0.1,0.0,1.0,2.31,-8.87,True
1.04,0.03,1.02,0.1,0.1,0.25,0.75,2.32,-8.87,True
1.04,0.03,1.02,0.1,0.1,0.5,0.5,2.32,-8.86,True
1.04,0.03,1.02,0.1,0.1,0.75,0.25,2.33,-8.86,True
1.04,0.03,1.02,0.1,0.1,1.0,0.0,2.33,-8.85,True
1.04,0.03,1.02,0.1,0.2,0.0,1.0,3.87,-13.21,True
1.04,0.03,1.02,0.1,0.2,0.25,0.75,3.87,-13.2,True
1.04,0.03,1.02,0.1,0.2,0.5,0.5,3.88,-13.19,True
1.04,0.03,1.02,0.1,0.2,0.75,0.25,3.88,-13.18,True
1.04,0.03,1.02,0.1,0.2,1.0,0.0,3.89,-13.18,True
1.04,0.03,1.02,0.1,0.3,0.0,1.0,5.03,-15.78,True
1.04,0.03,1.02,0.1,0.3,0.25,0.75,5.04,-15.77,True
1.04,0.03,1.02,0.1,0.3,0.5,0.5,5.04,-15.76,True
1.04,0.03,1.02,0.1,0.3,0.75,0.25,5.05,-15.75,True
1.04,0.03,1.02,0.1,0.3,1.0,0.0,5.05,-15.74,True
1.04,0.03,1.02,0.2,0.0,0.0,1.0,-0.11,-2.65,True
1.04,0.03,1.02,0.2,0.0,0.25,0.75,-0.1,-2.42,True
1.04,0.03,1.02,0.2,0.0,0.5,0.5,-0.1,-2.19,True
1.04,0.03,1.02,0.2,0.0,0.75,0.25,-0.09,-1.97,True
1.04,0.03,1.02,0.2,0.0,1.0,0.0,-0.08,-1.74,True
1.04,0.03,1.02,0.2,0.1,0.0,1.0,2.26,-8.95,True
1.04,0.03,1.02,0.2,0.1,0.25,0.75,2.27,-8.94,True
1.04,0.03,1.02,0.2,0.1,0.5,0.5,2.28,-8.93,True
1.04,0.03,1.02,0.2,0.1,0.75,0.25,2.29,-8.91,True
1.04,0.03,1.02,0.2,0.1,1.0,0.0,2.3,-8.9,True
1.04,0.03,1.02,0.2,0.2,0.0,1.0,3.82,-13.32,True
1.04,0.03,1.02,0.2,0.2,0.25,0.75,3.82,-13.31,True
1.04,0.03,1.02,0.2,0.2,0.5,0.5,3.83,-13.29,True
1.04,0.03,1.02,0.2,0.2,0.75,0.25,3.84,-13.27,True
1.04,0.03,1.02,0.2,0.2,1.0,0.0,3.85,-13.25,True
1.04,0.03,1.02,0.2,0.3,0.0,1.0,4.98,-15.92,True
1.04,0.03,1.02,0.2,0.3,0.25,0.75,4.99,-15.9,True
1.04,0.03,1.02,0.2,0.3,0.5,0.5,5.0,-15.87,True
1.04,0.03,1.02,0.2,0.3,0.75,0.25,5.01,-15.85,True
1.04,0.03,1.02,0.2,0.3,1.0,0.0,5.02,-15.83,True
1.04,0.03,1.02,0.3,0.0,0.0,1.0,-0.18,-3.98,True
1.04,0.03,1.02,0.3,0.0,0.25,0.75,-0.16,-3.64,True
1.04,0.03,1.02,0.3,0.0,0.5,0.5,-0.15,-3.29,True
1.04,0.03,1.02,0.3,0.0,0.75,0.25,-0.13,-2.95,True
1.04,0.03,1.02,0.3,0.0,1.0,0.0,-0.12,-2.61,True
1.04,0.03,1.02,0.3,0.1,0.0,1.0,2.2,-9.03,True
1.04,0.03,1.02,0.3,0.1,0.25,0.75,2.22,-9.01,True
1.04,0.03,1.02,0.3,0.1,0.5,0.5,2.23,-8.99,True
1.04,0.03,1.02,0.3,0.1,0.75,0.25,2.25,-8.97,True
1.04,0.03,1.02,0.3,0.1,1.0,0.0,2.26,-8.96,True
1.04,0.03,1.02,0.3,0.2,0.0,1.0,3.76,-13.44,True
1.04,0.03,1.02,0.3,0.2,0.25,0.75,3.77,-13.42,True
1.04,0.03,1.02,0.3,0.2,0.5,0.5,3.79,-13.39,True
1.04,0.03,1.02,0.3,0.2,0.75,0.25,3.8,-13.36,True
1.04,0.03,1.02,0.3,0.2,1.0,0.0,3.82,-13.33,True
1.04,0.03,1.02,0.3,0.3,0.0,1.0,4.95,-16.03,True
1.04,0.03,1.02,0.3,0.3,0.25,0.75,4.96,-16.0,True
1.04,0.03,1.02,0.3,0.3,0.5,0.5,4.97,-15.96,True
1.04,0.03,1.02,0.3,0.3,0.75,0.25,4.99,-15.93,True
1.04,0.03,1.02,0.3,0.3,1.0,0.0,5.0,-15.9,True
1.04,0.03,1.02,0.4,0.0,0.0,1.0,-0.24,-5.31,True
1.04,0.03,1.02,0.4,0.0,0.25,0.75,-0.22,-4.85,True
1.04,0.03,1.02,0.4,0.0,0.5,0.5,-0.2,-4.39,True
1.04,0.03,1.02,0.4,0.0,0.75,0.25,-0.18,-3.94,True
1.04,0.03,1.02,0.4,0.0,1.0,0.0,-0.16,-3.48,True
1.04,0.03,1.02,0.4,0.1,0.0,1.0,2.14,-9.11,True
1.04,0.03,1.02,0.4,0.1,0.25,0.75,2.16,-9.08,True
1.04,0.03,1.02,0.4,0.1,0.5,0.5,2.18,-9.06,True
1.04,0.03,1.02,0.4,0.1,0.75,0.25,2.21,-9.04,True
1.04,0.03,1.02,0.4,0.1,1.0,0.0,2.23,-9.01,True
1.04,0.03,1.02,0.4,0.2,0.0,1.0,3.71,-13.57,True
1.04,0.03,1.02,0.4,0.2,0.25,0.75,3.73,-13.53,True
1.04,0.03,1.02,0.4,0.2,0.5,0.5,3.75,-13.49,True
1.04,0.03,1.02,0.4,0.2,0.75,0.25,3.77,-13.45,True
1.04,0.03,1.02,0.4,0.2,1.0,0.0,3.79,-13.41,True
1.04,0.03,1.02,0.4,0.3,0.0,1.0,4.96,-15.97,True
1.04,0.03,1.02,0.4,0.3,0.25,0.75,4.98,-15.95,True
1.04,0.03,1.02,0.4,0.3,0.5,0.5,4.99,-15.92,True
1.04,0.03,1.02,0.4,0.3,0.75,0.25,5.0,-15.89,True
1.04,0.03,1.02,0.4,0.3,1.0,0.0,5.01,-15.87,True
1.05,0.005,0.95,0.1,0.0,0.0,1.0,1.05,-39.43,True
1.05,0.005,0.95,0.1,0.0,0.25,0.75,1.4,-36.39,True
1.05,0.005,0.95,0.1,0.0,0.5,0.5,1.72,-33.26,True
1.05,0.005,0.95,0.1,0.0,0.75,0.25,2.0,-30.04,True
1.05,0.005,0.95,0.1,0.0,1.0,0.0,2.25,-26.74,True
1.05,0.005,0.95,0.1,0.1,0.0,1.0,2.82,-36.02,True
1.05,0.005,0.95,0.1,0.1,0.25,0.75,3.07,-33.12,True
1.05,0.005,0.95,0.1,0.1,0.5,0.5,3.3,-30.15,True
1.05,0.005,0.95,0.1,0.1,0.75,0.25,3.51,-27.11,True
1.05,0.005,0.95,0.1,0.1,1.0,0.0,3.7,-23.99,True
1.05,0.005,0.95,0.1,0.2,0.0,1.0,4.17,-32.78,True
1.05,0.005,0.95,0.1,0.2,0.25,0.75,4.36,-30.03,True
1.05,0.005,0.95,0.1,0.2,0.5,0.5,4.53,-27.21,True
1.05,0.005,0.95,0.1,0.2,0.75,0.25,4.69,-24.33,True
1.05,0.005,0.95,0.1,0.2,1.0,0.0,4.84,-21.4,True
1.05,0.005,0.95,0.1,0.3,0.0,1.0,5.34,-29.13,True
1.05,0.005,0.95,0.1,0.3,0.25,0.75,5.44,-26.56,True
1.05,0.005,0.95,0.1,0.3,0.5,0.5,5.55,-23.93,True
1.05,0.005,0.95,0.1,0.3,0.75,0.25,5.66,-21.25,True
1.05,0.005,0.95,0.1,0.3,1.0,0.0,5.78,-18.53,True
1.05,0.005,0.95,0.2,0.0,0.0,1.0,-0.49,-40.51,False
1.05,0.005,0.95,0.2,0.0,0.25,0.75,0.06,-38.83,True
1.05,0.005,0.95,0.2,0.0,0.5,0.5,0.56,-35.54,True
1.05,0.005,0.95,0.2,0.0,0.75,0.25,1.02,-32.14,True
1.05,0.005,0.95,0.2,0.0,1.0,0.0,1.44,-28.76,True
1.05,0.005,0.95,0.2,0.1,0.0,1.0,2.05,-38.18,True
1.05,0.005,0.95,0.2,0.1,0.25,0.75,2.33,-35.13,True
1.05,0.005,0.95,0.2,0.1,0.5,0.5,2.61,-31.98,True
1.05,0.005,0.95,0.2,0.1,0.75,0.25,2.9,-28.74,True
1.05,0.005,0.95,0.2,0.1,1.0,0.0,3.18,-25.4,True
1.05,0.005,0.95,0.2,0.2,0.0,1.0,3.88,-34.27,True
1.05,0.005,0.95,0.2,0.2,0.25,0.75,4.05,-31.36,True
1.05,0.005,0.95,0.2,0.2,0.5,0.5,4.23,-28.37,True
1.05,0.005,0.95,0.2,0.2,0.75,0.25,4.4,-25.31,True
1.05,0.005,0.95,0.2,0.2,1.0,0.0,4.58,-22.17,True
1.05,0.005,0.95,0.2,0.3,0.0,1.0,5.26,-29.96,True
1.05,0.005,0.95,0.2,0.3,0.25,0.75,5.38,-27.24,True
1.05,0.005,0.95,0.2,0.3,0.5,0.5,5.5,-24.45,True
1.05,0.005,0.95,0.2,0.3,0.75,0.25,5.62,-21.62,True
1.05,0.005,0.95,0.2,0.3,1.0,0.0,5.74,-18.73,True
1.05,0.005,0.95,0.3,0.0,0.0,1.0,-1.17,-40.99,False
1.05,0.005,0.95,0.3,0.0,0.25,0.75,-0.53,-38.29,True
1.05,0.005,0.95,0.3,0.0,0.5,0.5,0.06,-35.12,True
1.05,0.005,0.95,0.3,0.0,0.75,0.25,0.6,-32.1,True
1.05,0.005,0.95,0.3,0.0,1.0,0.0,1.09,-29.02,True
1.05,0.005,0.95,0.3,0.1,0.0,1.0,2.05,-37.53,True
1.05,0.005,0.95,0.3,0.1,0.25,0.75,2.34,-34.5,True
1.05,0.005,0.95,0.3,0.1,0.5,0.5,2.64,-31.36,True
1.05,0.005,0.95,0.3,0.1,0.75,0.25,2.92,-28.13,True
1.05,0.005,0.95,0.3,0.1,1.0,0.0,3.2,-24.8,True
1.05,0.005,0.95,0.3,0.2,0.0,1.0,3.97,-33.6,True
1.05,0.005,0.95,0.3,0.2,0.25,0.75,4.15,-30.71,True
1.05,0.005,0.95,0.3,0.2,0.5,0.5,4.33,-27.74,True
1.05,0.005,0.95,0.3,0.2,0.75,0.25,4.51,-24.7,True
1.05,0.005,0.95,0.3,0.2,1.0,0.0,4.68,-21.58,True
1.05,0.005,0.95,0.3,0.3,0.0,1.0,5.34,-29.5,True
1.05,0.005,0.95,0.3,0.3,0.25,0.75,5.46,-26.79,True
1.05,0.005,0.95,0.3,0.3,0.5,0.5,5.58,-24.02,True
1.05,0.005,0.95,0.3,0.3,0.75,0.25,5.7,-21.19,True
1.05,0.005,0.95,0.3,0.3,1.0,0.0,5.83,-18.32,True
1.05,0.005,0.95,0.4,0.0,0.0,1.0,-1.2,-41.0,False
1.05,0.005,0.95,0.4,0.0,0.25,0.75,-0.55,-38.08,True
1.05,0.005,0.95,0.4,0.0,0.5,0.5,0.06,-35.1,True
1.05,0.005,0.95,0.4,0.0,0.75,0.25,0.61,-32.06,True
1.05,0.005,0.95,0.4,0.0,1.0,0.0,1.12,-28.97,True
1.05,0.005,0.95,0.4,0.1,0.0,1.0,2.16,-37.16,True
1.05,0.005,0.95,0.4,0.1,0.25,0.75,2.45,-34.13,True
1.05,0.005,0.95,0.4,0.1,0.5,0.5,2.75,-31.01,True
1.05,0.005,0.95,0.4,0.1,0.75,0.25,3.03,-27.79,True
1.05,0.005,0.95,0.4,0.1,1.0,0.0,3.31,-24.46,True
1.05,0.005,0.95,0.4,0.2,0.0,1.0,4.07,-33.24,True
1.05,0.005,0.95,0.4,0.2,0.25,0.75,4.25,-30.35,True
1.05,0.005,0.95,0.4,0.2,0.5,0.5,4.44,-27.39,True
1.05,0.005,0.95,0.4,0.2,0.75,0.25,4.63,-24.35,True
1.05,0.005,0.95,0.4,0.2,1.0,0.0,4.81,-21.24,True
1.05,0.005,0.95,0.4,0.3,0.0,1.0,5.41,-28.92,True
1.05,0.005,0.95,0.4,0.3,0.25,0.75,5.53,-26.22,True
1.05,0.005,0.95,0.4,0.3,0.5,0.5,5.66,-23.46,True
1.05,0.005,0.95,0.4,0.3,0.75,0.25,5.79,-20.66,True
1.05,0.005,0.95,0.4,0.3,1.0,0.0,5.91,-17.8,True
1.05,0.005,0.97,0.1,0.0,0.0,1.0,-1.77,-32.49,True
1.05,0.005,0.97,0.1,0.0,0.25,0.75,-1.26,-29.94,True
1.05,0.005,0.97,0.1,0.0,0.5,0.5,-0.78,-27.32,True
1.05,0.005,0.97,0.1,0.0,0.75,0.25,-0.33,-24.63,True
1.05,0.005,0.97,0.1,0.0,1.0,0.0,0.07,-21.87,True
1.05,0.005,0.97,0.1,0.1,0.0,1.0,1.15,-30.05,True
1.05,0.005,0.97,0.1,0.1,0.25,0.75,1.42,-27.58,True
1.05,0.005,0.97,0.1,0.1,0.5,0.5,1.69,-25.05,True
1.05,0.005,0.97,0.1,0.1,0.75,0.25,1.96,-22.46,True
1.05,0.005,0.97,0.1,0.1,1.0,0.0,2.22,-19.81,True
1.05,0.005,0.97,0.1,0.2,0.0,1.0,3.4,-27.6,True
1.05,0.005,0.97,0.1,0.2,0.25,0.75,3.53,-25.22,True
1.05,0.005,0.97,0.1,0.2,0.5,0.5,3.66,-22.79,True
1.05,0.005,0.97,0.1,0.2,0.75,0.25,3.8,-20.3,True
1.05,0.005,0.97,0.1,0.2,1.0,0.0,3.95,-17.76,True
1.05,0.005,0.97,0.1,0.3,0.0,1.0,4.9,-24.52,True
1.05,0.005,0.97,0.1,0.3,0.25,0.75,4.98,-22.28,True
1.05,0.005,0.97,0.1,0.3,0.5,0.5,5.07,-19.99,True
1.05,0.005,0.97,0.1,0.3,0.75,0.25,5.17,-17.65,True
1.05,0.005,0.97,0.1,0.3,1.0,0.0,5.27,-16.27,True
1.05,0.005,0.97,0.2,0.0,0.0,1.0,-3.35,-35.58,True
1.05,0.005,0.97,0.2,0.0,0.25,0.75,-2.64,-33.04,True
1.05,0.005,0.97,0.2,0.0,0.5,0.5,-1.97,-30.45,True
1.05,0.005,0.97,0.2,0.0,0.75,0.25,-1.34,-27.82,True
1.05,0.005,0.97,0.2,0.0,1.0,0.0,-0.76,-25.15,True
1.05,0.005,0.97,0.2,0.1,0.0,1.0,1.14,-31.75,True
1.05,0.005,0.97,0.2,0.1,0.25,0.75,1.39,-29.11,True
1.05,0.005,0.97,0.2,0.1,0.5,0.5,1.64,-26.4,True
1.05,0.005,0.97,0.2,0.1,0.75,0.25,1.9,-23.6,True
1.05,0.005,0.97,0.2,0.1,1.0,0.0,2.16,-20.73,True
1.05,0.005,0.97,0.2,0.2,0.0,1.0,3.45,-27.98,True
1.05,0.005,0.97,0.2,0.2,0.25,0.75,3.58,-25.49,True
1.05,0.005,0.97,0.2,0.2,0.5,0.5,3.73,-22.95,True
1.05,0.005,0.97,0.2,0.2,0.75,0.25,3.88,-20.33,True
1.05,0.005,0.97,0.2,0.2,1.0,0.0,4.05,-17.65,True
1.05,0.005,0.97,0.2,0.3,0.0,1.0,4.98,-24.2,True
1.05,0.005,0.97,0.2,0.3,0.25,0.75,5.07,-21.92,True
1.05,0.005,0.97,0.2,0.3,0.5,0.5,5.17,-19.59,True
1.05,0.005,0.97,0.2,0.3,0.75,0.25,5.28,-17.2,True
1.05,0.005,0.97,0.2,0.3,1.0,0.0,5.39,-15.72,True
1.05,0.005,0.97,0.3,0.0,0.0,1.0,-3.51,-36.11,True
1.05,0.005,0.97,0.3,0.0,0.25,0.75,-2.75,-33.49,True
1.05,0.005,0.97,0.3,0.0,0.5,0.5,-2.04,-30.84,True
1.05,0.005,0.97,0.3,0.0,0.75,0.25,-1.38,-28.15,True
1.05,0.005,0.97,0.3,0.0,1.0,0.0,-0.76,-25.41,True
1.05,0.005,0.97,0.3,0.1,0.0,1.0,1.25,-31.48,True
1.05,0.005,0.97,0.3,0.1,0.25,0.75,1.5,-28.85,True
1.05,0.005,0.97,0.3,0.1,0.5,0.5,1.76,-26.14,True
1.05,0.005,0.97,0.3,0.1,0.75,0.25,2.03,-23.33,True
1.05,0.005,0.97,0.3,0.1,1.0,0.0,2.3,-20.44,True
1.05,0.005,0.97,0.3,0.2,0.0,1.0,3.52,-27.65,True
1.05,0.005,0.97,0.3,0.2,0.25,0.75,3.67,-25.19,True
1.05,0.005,0.97,0.3,0.2,0.5,0.5,3.82,-22.66,True
1.05,0.005,0.97,0.3,0.2,0.75,0.25,3.98,-20.05,True
1.05,0.005,0.97,0.3,0.2,1.0,0.0,4.15,-17.38,True
1.05,0.005,0.97,0.3,0.3,0.0,1.0,5.03,-23.7,True
1.05,0.005,0.97,0.3,0.3,0.25,0.75,5.12,-21.44,True
1.05,0.005,0.97,0.3,0.3,0.5,0.5,5.22,-19.11,True
1.05,0.005,0.97,0.3,0.3,0.75,0.25,5.33,-16.74,True
1.05,0.005,0.97,0.3,0.3,1.0,0.0,5.45,-15.39,True
1.05,0.005,0.97,0.4,0.0,0.0,1.0,-3.45,-36.11,True
1.05,0.005,0.97,0.4,0.0,0.25,0.75,-2.69,-33.48,True
1.05,0.005,0.97,0.4,0.0,0.5,0.5,-1.96,-30.81,True
1.05,0.005,0.97,0.4,0.0,0.75,0.25,-1.29,-28.1,True
1.05,0.005,0.97,0.4,0.0,1.0,0.0,-0.67,-25.37,True
1.05,0.005,0.97,0.4,0.1,0.0,1.0,1.36,-30.72,True
1.05,0.005,0.97,0.4,0.1,0.25,0.75,1.62,-28.12,True
1.05,0.005,0.97,0.4,0.1,0.5,0.5,1.9,-25.43,True
1.05,0.005,0.97,0.4,0.1,0.75,0.25,2.17,-22.66,True
1.05,0.005,0.97,0.4,0.1,1.0,0.0,2.45,-19.81,True
1.05,0.005,0.97,0.4,0.2,0.0,1.0,3.58,-26.82,True
1.05,0.005,0.97,0.4,0.2,0.25,0.75,3.73,-24.4,True
1.05,0.005,0.97,0.4,0.2,0.5,0.5,3.89,-21.9,True
1.05,0.005,0.97,0.4,0.2,0.75,0.25,4.06,-19.33,True
1.05,0.005,0.97,0.4,0.2,1.0,0.0,4.23,-16.7,True
1.05,0.005,0.97,0.4,0.3,0.0,1.0,5.1,-22.78,True
1.05,0.005,0.97,0.4,0.3,0.25,0.75,5.19,-20.57,True
1.05,0.005,0.97,0.4,0.3,0.5,0.5,5.3,-18.31,True
1.05,0.005,0.97,0.4,0.3,0.75,0.25,5.41,-15.99,True
1.05,0.005,0.97,0.4,0.3,1.0,0.0,5.52,-15.03,True
1.05,0.005,0.99,0.1,0.0,0.0,1.0,-2.1,-28.74,True
1.05,0.005,0.99,0.1,0.0,0.25,0.75,-1.71,-26.02,True
1.05,0.005,0.99,0.1,0.0,0.5,0.5,-1.33,-23.21,True
1.05,0.005,0.99,0.1,0.0,0.75,0.25,-0.96,-20.33,True
1.05,0.005,0.99,0.1,0.0,1.0,0.0,-0.61,-17.36,True
1.05,0.005,0.99,0.1,0.1,0.0,1.0,1.35,-21.57,True
1.05,0.005,0.99,0.1,0.1,0.25,0.75,1.53,-19.78,True
1.05,0.005,0.99,0.1,0.1,0.5,0.5,1.73,-17.95,True
1.05,0.005,0.99,0.1,0.1,0.75,0.25,1.91,-16.1,True
1.05,0.005,0.99,0.1,0.1,1.0,0.0,2.08,-14.21,True
1.05,0.005,0.99,0.1,0.2,0.0,1.0,3.47,-20.7,True
1.05,0.005,0.99,0.1,0.2,0.25,0.75,3.57,-18.9,True
1.05,0.005,0.99,0.1,0.2,0.5,0.5,3.68,-17.07,True
1.05,0.005,0.99,0.1,0.2,0.75,0.25,3.79,-15.22,True
1.05,0.005,0.99,0.1,0.2,1.0,0.0,3.9,-13.33,True
1.05,0.005,0.99,0.1,0.3,0.0,1.0,4.95,-18.74,True
1.05,0.005,0.99,0.1,0.3,0.25,0.75,5.02,-17.01,True
1.05,0.005,0.99,0.1,0.3,0.5,0.5,5.1,-16.28,True
1.05,0.005,0.99,0.1,0.3,0.75,0.25,5.18,-16.05,True
1.05,0.005,0.99,0.1,0.3,1.0,0.0,5.26,-15.86,True
1.05,0.005,0.99,0.2,0.0,0.0,1.0,-3.16,-42.01,False
1.05,0.005,0.99,0.2,0.0,0.25,0.75,-2.59,-38.54,True
1.05,0.005,0.99,0.2,0.0,0.5,0.5,-2.05,-34.91,True
1.05,0.005,0.99,0.2,0.0,0.75,0.25,-1.54,-31.12,True
1.05,0.005,0.99,0.2,0.0,1.0,0.0,-1.05,-27.18,True
1.05,0.005,0.99,0.2,0.1,0.0,1.0,1.35,-28.56,True
1.05,0.005,0.99,0.2,0.1,0.25,0.75,1.56,-26.27,True
1.05,0.005,0.99,0.2,0.1,0.5,0.5,1.76,-23.92,True
1.05,0.005,0.99,0.2,0.1,0.75,0.25,1.97,-21.5,True
1.05,0.005,0.99,0.2,0.1,1.0,0.0,2.18,-19.02,True
1.05,0.005,0.99,0.2,0.2,0.0,1.0,3.49,-25.6,True
1.05,0.005,0.99,0.2,0.2,0.25,0.75,3.62,-23.43,True
1.05,0.005,0.99,0.2,0.2,0.5,0.5,3.75,-21.2,True
1.05,0.005,0.99,0.2,0.2,0.75,0.25,3.88,-18.92,True
1.05,0.005,0.99,0.2,0.2,1.0,0.0,4.02,-16.59,True
1.05,0.005,0.99,0.2,0.3,0.0,1.0,5.01,-22.04,True
1.05,0.005,0.99,0.2,0.3,0.25,0.75,5.08,-20.04,True
1.05,0.005,0.99,0.2,0.3,0.5,0.5,5.16,-18.01,True
1.05,0.005,0.99,0.2,0.3,0.75,0.25,5.24,-15.93,True
1.05,0.005,0.99,0.2,0.3,1.0,0.0,5.33,-15.38,True
1.05,0.005,0.99,0.3,0.0,0.0,1.0,-3.05,-43.77,False
1.05,0.005,0.99,0.3,0.0,0.25,0.75,-2.46,-40.23,False
1.05,0.005,0.99,0.3,0.0,0.5,0.5,-1.9,-36.51,True
1.05,0.005,0.99,0.3,0.0,0.75,0.25,-1.37,-32.62,True
1.05,0.005,0.99,0.3,0.0,1.0,0.0,-0.88,-28.55,True
1.05,0.005,0.99,0.3,0.1,0.0,1.0,1.34,-29.86,True
1.05,0.005,0.99,0.3,0.1,0.25,0.75,1.56,-27.47,True
1.05,0.005,0.99,0.3,0.1,0.5,0.5,1.78,-25.01,True
1.05,0.005,0.99,0.3,0.1,0.75,0.25,2.01,-22.47,True
1.05,0.005,0.99,0.3,0.1,1.0,0.0,2.24,-19.85,True
1.05,0.005,0.99,0.3,0.2,0.0,1.0,3.58,-25.69,True
1.05,0.005,0.99,0.3,0.2,0.25,0.75,3.7,-23.5,True
1.05,0.005,0.99,0.3,0.2,0.5,0.5,3.82,-21.24,True
1.05,0.005,0.99,0.3,0.2,0.75,0.25,3.95,-18.93,True
1.05,0.005,0.99,0.3,0.2,1.0,0.0,4.09,-16.56,True
1.05,0.005,0.99,0.3,0.3,0.0,1.0,5.08,-21.53,True
1.05,0.005,0.99,0.3,0.3,0.25,0.75,5.16,-19.54,True
1.05,0.005,0.99,0.3,0.3,0.5,0.5,5.25,-17.51,True
1.05,0.005,0.99,0.3,0.3,0.75,0.25,5.34,-15.44,True
1.05,0.005,0.99,0.3,0.3,1.0,0.0,5.44,-14.78,True
1.05,0.005,0.99,0.4,0.0,0.0,1.0,-2.94,-43.45,False
1.05,0.005,0.99,0.4,0.0,0.25,0.75,-2.33,-39.9,True
1.05,0.005,0.99,0.4,0.0,0.5,0.5,-1.76,-36.18,True
1.05,0.005,0.99,0.4,0.0,0.75,0.25,-1.23,-32.29,True
1.05,0.005,0.99,0.4,0.0,1.0,0.0,-0.74,-28.22,True
1.05,0.005,0.99,0.4,0.1,0.0,1.0,1.47,-28.97,True
1.05,0.005,0.99,0.4,0.1,0.25,0.75,1.7,-26.61,True
1.05,0.005,0.99,0.4,0.1,0.5,0.5,1.93,-24.18,True
1.05,0.005,0.99,0.4,0.1,0.75,0.25,2.15,-21.68,True
1.05,0.005,0.99,0.4,0.1,1.0,0.0,2.37,-19.1,True
1.05,0.005,0.99,0.4,0.2,0.0,1.0,3.67,-24.72,True
1.05,0.005,0.99,0.4,0.2,0.25,0.75,3.81,-22.56,True
1.05,0.005,0.99,0.4,0.2,0.5,0.5,3.95,-20.34,True
1.05,0.005,0.99,0.4,0.2,0.75,0.25,4.09,-18.07,True
1.05,0.005,0.99,0.4,0.2,1.0,0.0,4.21,-15.75,True
1.05,0.005,0.99,0.4,0.3,0.0,1.0,5.15,-20.3,True
1.05,0.005,0.99,0.4,0.3,0.25,0.75,5.24,-18.52,True
1.05,0.005,0.99,0.4,0.3,0.5,0.5,5.33,-16.86,True
1.05,0.005,0.99,0.4,0.3,0.75,0.25,5.42,-15.2,True
1.05,0.005,0.99,0.4,0.3,1.0,0.0,5.51,-14.35,True
1.05,0.005,1.0,0.1,0.0,0.0,1.0,-3.46,-42.81,False
1.05,0.005,1.0,0.1,0.0,0.25,0.75,-3.02,-39.76,True
1.05,0.005,1.0,0.1,0.0,0.5,0.5,-2.6,-36.58,True
1.05,0.005,1.0,0.1,0.0,0.75,0.25,-2.19,-33.27,True
1.05,0.005,1.0,0.1,0.0,1.0,0.0,-1.79,-29.82,True
1.05,0.005,1.0,0.1,0.1,0.0,1.0,0.73,-16.62,True
1.05,0.005,1.0,0.1,0.1,0.25,0.75,0.9,-15.18,True
1.05,0.005,1.0,0.1,0.1,0.5,0.5,1.1,-14.35,True
1.05,0.005,1.0,0.1,0.1,0.75,0.25,1.3,-13.57,True
1.05,0.005,1.0,0.1,0.1,1.0,0.0,1.49,-12.55,True
1.05,0.005,1.0,0.1,0.2,0.0,1.0,3.12,-16.35,True
1.05,0.005,1.0,0.1,0.2,0.25,0.75,3.21,-15.98,True
1.05,0.005,1.0,0.1,0.2,0.5,0.5,3.31,-15.61,True
1.05,0.005,1.0,0.1,0.2,0.75,0.25,3.42,-15.23,True
1.05,0.005,1.0,0.1,0.2,1.0,0.0,3.53,-14.87,True
1.05,0.005,1.0,0.1,0.3,0.0,1.0,4.76,-18.01,True
1.05,0.005,1.0,0.1,0.3,0.25,0.75,4.81,-17.75,True
1.05,0.005,1.0,0.1,0.3,0.5,0.5,4.87,-17.48,True
1.05,0.005,1.0,0.1,0.3,0.75,0.25,4.94,-17.2,True
1.05,0.005,1.0,0.1,0.3,1.0,0.0,5.02,-16.95,True
1.05,0.005,1.0,0.2,0.0,0.0,1.0,-5.0,-52.51,False
1.05,0.005,1.0,0.2,0.0,0.25,0.75,-4.35,-49.0,False
1.05,0.005,1.0,0.2,0.0,0.5,0.5,-3.73,-45.29,False
1.05,0.005,1.0,0.2,0.0,0.75,0.25,-3.13,-41.38,False
1.05,0.005,1.0,0.2,0.0,1.0,0.0,-2.55,-37.25,True
1.05,0.005,1.0,0.2,0.1,0.0,1.0,0.7,-20.99,True
1.05,0.005,1.0,0.2,0.1,0.25,0.75,0.88,-19.24,True
1.05,0.005,1.0,0.2,0.1,0.5,0.5,1.08,-17.45,True
1.05,0.005,1.0,0.2,0.1,0.75,0.25,1.28,-15.62,True
1.05,0.005,1.0,0.2,0.1,1.0,0.0,1.49,-13.76,True
1.05,0.005,1.0,0.2,0.2,0.0,1.0,3.17,-17.68,True
1.05,0.005,1.0,0.2,0.2,0.25,0.75,3.26,-16.13,True
1.05,0.005,1.0,0.2,0.2,0.5,0.5,3.36,-14.96,True
1.05,0.005,1.0,0.2,0.2,0.75,0.25,3.47,-14.63,True
1.05,0.005,1.0,0.2,0.2,1.0,0.0,3.59,-14.33,True
1.05,0.005,1.0,0.2,0.3,0.0,1.0,4.8,-17.5,True
1.05,0.005,1.0,0.2,0.3,0.25,0.75,4.85,-17.22,True
1.05,0.005,1.0,0.2,0.3,0.5,0.5,4.92,-16.92,True
1.05,0.005,1.0,0.2,0.3,0.75,0.25,5.0,-16.64,True
1.05,0.005,1.0,0.2,0.3,1.0,0.0,5.07,-16.43,True
1.05,0.005,1.0,0.3,0.0,0.0,1.0,-4.94,-53.54,False
1.05,0.005,1.0,0.3,0.0,0.25,0.75,-4.26,-49.99,False
1.05,0.005,1.0,0.3,0.0,0.5,0.5,-3.61,-46.23,False
1.05,0.005,1.0,0.3,0.0,0.75,0.25,-2.98,-42.25,False
1.05,0.005,1.0,0.3,0.0,1.0,0.0,-2.39,-38.03,True
1.05,0.005,1.0,0.3,0.1,0.0,1.0,0.69,-21.73,True
1.05,0.005,1.0,0.3,0.1,0.25,0.75,0.87,-19.92,True
1.05,0.005,1.0,0.3,0.1,0.5,0.5,1.07,-18.06,True
1.05,0.005,1.0,0.3,0.1,0.75,0.25,1.29,-16.29,True
1.05,0.005,1.0,0.3,0.1,1.0,0.0,1.51,-15.11,True
1.05,0.005,1.0,0.3,0.2,0.0,1.0,3.21,-18.07,True
1.05,0.005,1.0,0.3,0.2,0.25,0.75,3.3,-16.48,True
1.05,0.005,1.0,0.3,0.2,0.5,0.5,3.41,-14.84,True
1.05,0.005,1.0,0.3,0.2,0.75,0.25,3.53,-14.18,True
1.05,0.005,1.0,0.3,0.2,1.0,0.0,3.64,-13.92,True
1.05,0.005,1.0,0.3,0.3,0.0,1.0,4.83,-17.16,True
1.05,0.005,1.0,0.3,0.3,0.25,0.75,4.89,-16.86,True
1.05,0.005,1.0,0.3,0.3,0.5,0.5,4.96,-16.58,True
1.05,0.005,1.0,0.3,0.3,0.75,0.25,5.04,-16.31,True
1.05,0.005,1.0,0.3,0.3,1.0,0.0,5.12,-16.07,True
1.05,0.005,1.0,0.4,0.0,0.0,1.0,-5.03,-54.57,False
1.05,0.005,1.0,0.4,0.0,0.25,0.75,-4.31,-50.98,False
1.05,0.005,1.0,0.4,0.0,0.5,0.5,-3.63,-47.17,False
1.05,0.005,1.0,0.4,0.0,0.75,0.25,-2.98,-43.13,False
1.05,0.005,1.0,0.4,0.0,1.0,0.0,-2.37,-38.85,True
1.05,0.005,1.0,0.4,0.1,0.0,1.0,0.76,-21.93,True
1.05,0.005,1.0,0.4,0.1,0.25,0.75,0.94,-20.08,True
1.05,0.005,1.0,0.4,0.1,0.5,0.5,1.14,-18.91,True
1.05,0.005,1.0,0.4,0.1,0.75,0.25,1.36,-18.04,True
1.05,0.005,1.0,0.4,0.1,1.0,0.0,1.58,-16.73,True
1.05,0.005,1.0,0.4,0.2,0.0,1.0,3.26,-19.51,True
1.05,0.005,1.0,0.4,0.2,0.25,0.75,3.37,-17.92,True
1.05,0.005,1.0,0.4,0.2,0.5,0.5,3.48,-16.3,True
1.05,0.005,1.0,0.4,0.2,0.75,0.25,3.6,-14.67,True
1.05,0.005,1.0,0.4,0.2,1.0,0.0,3.72,-13.46,True
1.05,0.005,1.0,0.4,0.3,0.0,1.0,4.87,-18.76,True
1.05,0.005,1.0,0.4,0.3,0.25,0.75,4.94,-17.26,True
1.05,0.005,1.0,0.4,0.3,0.5,0.5,5.01,-16.15,True
1.05,0.005,1.0,0.4,0.3,0.75,0.25,5.09,-15.9,True
1.05,0.005,1.0,0.4,0.3,1.0,0.0,5.17,-15.69,True
1.05,0.005,1.01,0.1,0.0,0.0,1.0,-4.37,-27.74,True
1.05,0.005,1.01,0.1,0.0,0.25,0.75,-3.93,-25.52,True
1.05,0.005,1.01,0.1,0.0,0.5,0.5,-3.5,-23.24,True
1.05,0.005,1.01,0.1,0.0,0.75,0.25,-3.07,-20.91,True
1.05,0.005,1.01,0.1,0.0,1.0,0.0,-2.64,-18.52,True
1.05,0.005,1.01,0.1,0.1,0.0,1.0,0.35,-16.51,True
1.05,0.005,1.01,0.1,0.1,0.25,0.75,0.5,-15.34,True
1.05,0.005,1.01,0.1,0.1,0.5,0.5,0.67,-14.12,True
1.05,0.005,1.01,0.1,0.1,0.75,0.25,0.85,-12.91,True
1.05,0.005,1.01,0.1,0.1,1.0,0.0,1.03,-12.36,True
1.05,0.005,1.01,0.1,0.2,0.0,1.0,2.92,-18.39,True
1.05,0.005,1.01,0.1,0.2,0.25,0.75,2.98,-17.97,True
1.05,0.005,1.01,0.1,0.2,0.5,0.5,3.05,-17.54,True
1.05,0.005,1.01,0.1,0.2,0.75,0.25,3.14,-17.15,True
1.05,0.005,1.01,0.1,0.2,1.0,0.0,3.24,-16.75,True
1.05,0.005,1.01,0.1,0.3,0.0,1.0,4.62,-19.72,True
1.05,0.005,1.01,0.1,0.3,0.25,0.75,4.65,-19.47,True
1.05,0.005,1.01,0.1,0.3,0.5,0.5,4.69,-19.23,True
1.05,0.005,1.01,0.1,0.3,0.75,0.25,4.73,-18.95,True
1.05,0.005,1.01,0.1,0.3,1.0,0.0,4.79,-18.64,True
1.05,0.005,1.01,0.2,0.0,0.0,1.0,-7.03,-38.08,True
1.05,0.005,1.01,0.2,0.0,0.25,0.75,-6.31,-35.18,True
1.05,0.005,1.01,0.2,0.0,0.5,0.5,-5.6,-32.18,True
1.05,0.005,1.01,0.2,0.0,0.75,0.25,-4.91,-29.06,True
1.05,0.005,1.01,0.2,0.0,1.0,0.0,-4.23,-25.83,True
1.05,0.005,1.01,0.2,0.1,0.0,1.0,0.14,-24.23,True
1.05,0.005,1.01,0.2,0.1,0.25,0.75,0.26,-22.52,True
1.05,0.005,1.01,0.2,0.1,0.5,0.5,0.4,-20.75,True
1.05,0.005,1.01,0.2,0.1,0.75,0.25,0.58,-18.91,True
1.05,0.005,1.01,0.2,0.1,1.0,0.0,0.78,-17.0,True
1.05,0.005,1.01,0.2,0.2,0.0,1.0,2.92,-24.14,True
1.05,0.005,1.01,0.2,0.2,0.25,0.75,2.98,-22.51,True
1.05,0.005,1.01,0.2,0.2,0.5,0.5,3.04,-20.82,True
1.05,0.005,1.01,0.2,0.2,0.75,0.25,3.12,-19.07,True
1.05,0.005,1.01,0.2,0.2,1.0,0.0,3.21,-17.24,True
1.05,0.005,1.01,0.2,0.3,0.0,1.0,4.63,-23.39,True
1.05,0.005,1.01,0.2,0.3,0.25,0.75,4.66,-21.89,True
1.05,0.005,1.01,0.2,0.3,0.5,0.5,4.71,-20.34,True
1.05,0.005,1.01,0.2,0.3,0.75,0.25,4.76,-18.72,True
1.05,0.005,1.01,0.2,0.3,1.0,0.0,4.82,-18.37,True
1.05,0.005,1.01,0.3,0.0,0.0,1.0,-7.55,-41.98,False
1.05,0.005,1.01,0.3,0.0,0.25,0.75,-6.76,-38.9,True
1.05,0.005,1.01,0.3,0.0,0.5,0.5,-5.97,-35.67,True
1.05,0.005,1.01,0.3,0.0,0.75,0.25,-5.2,-32.31,True
1.05,0.005,1.01,0.3,0.0,1.0,0.0,-4.45,-28.79,True
1.05,0.005,1.01,0.3,0.1,0.0,1.0,0.15,-30.73,True
1.05,0.005,1.01,0.3,0.1,0.25,0.75,0.26,-28.64,True
1.05,0.005,1.01,0.3,0.1,0.5,0.5,0.4,-26.46,True
1.05,0.005,1.01,0.3,0.1,0.75,0.25,0.55,-24.18,True
1.05,0.005,1.01,0.3,0.1,1.0,0.0,0.74,-21.8,True
1.05,0.005,1.01,0.3,0.2,0.0,1.0,2.91,-29.87,True
1.05,0.005,1.01,0.3,0.2,0.25,0.75,2.97,-27.94,True
1.05,0.005,1.01,0.3,0.2,0.5,0.5,3.04,-25.92,True
1.05,0.005,1.01,0.3,0.2,0.75,0.25,3.12,-23.78,True
1.05,0.005,1.01,0.3,0.2,1.0,0.0,3.22,-21.54,True
1.05,0.005,1.01,0.3,0.3,0.0,1.0,4.63,-27.87,True
1.05,0.005,1.01,0.3,0.3,0.25,0.75,4.67,-26.16,True
1.05,0.005,1.01,0.3,0.3,0.5,0.5,4.71,-24.36,True
1.05,0.005,1.01,0.3,0.3,0.75,0.25,4.76,-22.47,True
1.05,0.005,1.01,0.3,0.3,1.0,0.0,4.82,-20.48,True
1.05,0.005,1.01,0.4,0.0,0.0,1.0,-8.04,-44.23,False
1.05,0.005,1.01,0.4,0.0,0.25,0.75,-7.18,-41.04,False
1.05,0.005,1.01,0.4,0.0,0.5,0.5,-6.34,-37.69,True
1.05,0.005,1.01,0.4,0.0,0.75,0.25,-5.51,-34.18,True
1.05,0.005,1.01,0.4,0.0,1.0,0.0,-4.71,-30.5,True
1.05,0.005,1.01,0.4,0.1,0.0,1.0,0.15,-35.83,True
1.05,0.005,1.01,0.4,0.1,0.25,0.75,0.27,-33.49,True
1.05,0.005,1.01,0.4,0.1,0.5,0.5,0.41,-31.04,True
1.05,0.005,1.01,0.4,0.1,0.75,0.25,0.57,-28.45,True
1.05,0.005,1.01,0.4,0.1,1.0,0.0,0.76,-25.72,True
1.05,0.005,1.01,0.4,0.2,0.0,1.0,2.93,-33.42,True
1.05,0.005,1.01,0.4,0.2,0.25,0.75,2.99,-31.29,True
1.05,0.005,1.01,0.4,0.2,0.5,0.5,3.06,-29.05,True
1.05,0.005,1.01,0.4,0.2,0.75,0.25,3.15,-26.7,True
1.05,0.005,1.01,0.4,0.2,1.0,0.0,3.25,-24.23,True
1.05,0.005,1.01,0.4,0.3,0.0,1.0,4.64,-31.54,True
1.05,0.005,1.01,0.4,0.3,0.25,0.75,4.68,-29.54,True
1.05,0.005,1.01,0.4,0.3,0.5,0.5,4.73,-27.44,True
1.05,0.005,1.01,0.4,0.3,0.75,0.25,4.78,-25.25,True
1.05,0.005,1.01,0.4,0.3,1.0,0.0,4.85,-22.96,True
1.05,0.005,1.02,0.1,0.0,0.0,1.0,-1.07,-24.65,True
1.05,0.005,1.02,0.1,0.0,0.25,0.75,-0.91,-22.72,True
1.05,0.005,1.02,0.1,0.0,0.5,0.5,-0.76,-20.75,True
1.05,0.005,1.02,0.1,0.0,0.75,0.25,-0.62,-18.75,True
1.05,0.005,1.02,0.1,0.0,1.0,0.0,-0.49,-16.7,True
1.05,0.005,1.02,0.1,0.1,0.0,1.0,1.68,-15.69,True
1.05,0.005,1.02,0.1,0.1,0.25,0.75,1.79,-14.35,True
1.05,0.005,1.02,0.1,0.1,0.5,0.5,1.9,-12.89,True
1.05,0.005,1.02,0.1,0.1,0.75,0.25,2.01,-11.35,True
1.05,0.005,1.02,0.1,0.1,1.0,0.0,2.11,-9.71,True
1.05,0.005,1.02,0.1,0.2,0.0,1.0,3.41,-14.16,True
1.05,0.005,1.02,0.1,0.2,0.25,0.75,3.5,-14.02,True
1.05,0.005,1.02,0.1,0.2,0.5,0.5,3.59,-13.9,True
1.05,0.005,1.02,0.1,0.2,0.75,0.25,3.68,-13.79,True
1.05,0.005,1.02,0.1,0.2,1.0,0.0,3.77,-13.69,True
1.05,0.005,1.02,0.1,0.3,0.0,1.0,4.84,-16.89,True
1.05,0.005,1.02,0.1,0.3,0.25,0.75,4.9,-16.71,True
1.05,0.005,1.02,0.1,0.3,0.5,0.5,4.95,-16.57,True
1.05,0.005,1.02,0.1,0.3,0.75,0.25,5.01,-16.44,True
1.05,0.005,1.02,0.1,0.3,1.0,0.0,5.08,-16.33,True
1.05,0.005,1.02,0.2,0.0,0.0,1.0,-3.18,-37.64,True
1.05,0.005,1.02,0.2,0.0,0.25,0.75,-2.79,-34.87,True
1.05,0.005,1.02,0.2,0.0,0.5,0.5,-2.41,-32.0,True
1.05,0.005,1.02,0.2,0.0,0.75,0.25,-2.05,-29.04,True
1.05,0.005,1.02,0.2,0.0,1.0,0.0,-1.7,-25.98,True
1.05,0.005,1.02,0.2,0.1,0.0,1.0,0.91,-19.32,True
1.05,0.005,1.02,0.2,0.1,0.25,0.75,1.07,-18.14,True
1.05,0.005,1.02,0.2,0.1,0.5,0.5,1.24,-16.76,True
1.05,0.005,1.02,0.2,0.1,0.75,0.25,1.42,-15.11,True
1.05,0.005,1.02,0.2,0.1,1.0,0.0,1.6,-13.51,True
1.05,0.005,1.02,0.2,0.2,0.0,1.0,3.24,-19.38,True
1.05,0.005,1.02,0.2,0.2,0.25,0.75,3.32,-18.04,True
1.05,0.005,1.02,0.2,0.2,0.5,0.5,3.41,-16.66,True
1.05,0.005,1.02,0.2,0.2,0.75,0.25,3.51,-15.25,True
1.05,0.005,1.02,0.2,0.2,1.0,0.0,3.62,-13.9,True
1.05,0.005,1.02,0.2,0.3,0.0,1.0,4.81,-19.28,True
1.05,0.005,1.02,0.2,0.3,0.25,0.75,4.87,-18.0,True
1.05,0.005,1.02,0.2,0.3,0.5,0.5,4.93,-16.74,True
1.05,0.005,1.02,0.2,0.3,0.75,0.25,4.99,-16.57,True
1.05,0.005,1.02,0.2,0.3,1.0,0.0,5.05,-16.4,True
1.05,0.005,1.02,0.3,0.0,0.0,1.0,-3.69,-41.98,False
1.05,0.005,1.02,0.3,0.0,0.25,0.75,-3.22,-38.98,True
1.05,0.005,1.02,0.3,0.0,0.5,0.5,-2.77,-35.86,True
1.05,0.005,1.02,0.3,0.0,0.75,0.25,-2.34,-32.6,True
1.05,0.005,1.02,0.3,0.0,1.0,0.0,-1.93,-29.21,True
1.05,0.005,1.02,0.3,0.1,0.0,1.0,0.75,-24.73,True
1.05,0.005,1.02,0.3,0.1,0.25,0.75,0.92,-22.97,True
1.05,0.005,1.02,0.3,0.1,0.5,0.5,1.1,-21.16,True
1.05,0.005,1.02,0.3,0.1,0.75,0.25,1.29,-19.28,True
1.05,0.005,1.02,0.3,0.1,1.0,0.0,1.48,-17.34,True
1.05,0.005,1.02,0.3,0.2,0.0,1.0,3.21,-24.42,True
1.05,0.005,1.02,0.3,0.2,0.25,0.75,3.3,-22.73,True
1.05,0.005,1.02,0.3,0.2,0.5,0.5,3.4,-20.99,True
1.05,0.005,1.02,0.3,0.2,0.75,0.25,3.49,-19.19,True
1.05,0.005,1.02,0.3,0.2,1.0,0.0,3.59,-17.34,True
1.05,0.005,1.02,0.3,0.3,0.0,1.0,4.8,-23.87,True
1.05,0.005,1.02,0.3,0.3,0.25,0.75,4.86,-22.26,True
1.05,0.005,1.02,0.3,0.3,0.5,0.5,4.92,-20.6,True
1.05,0.005,1.02,0.3,0.3,0.75,0.25,4.98,-18.89,True
1.05,0.005,1.02,0.3,0.3,1.0,0.0,5.06,-17.13,True
1.05,0.005,1.02,0.4,0.0,0.0,1.0,-4.34,-46.49,False
1.05,0.005,1.02,0.4,0.0,0.25,0.75,-3.8,-43.3,False
1.05,0.005,1.02,0.4,0.0,0.5,0.5,-3.27,-39.94,True
1.05,0.005,1.02,0.4,0.0,0.75,0.25,-2.77,-36.42,True
1.05,0.005,1.02,0.4,0.0,1.0,0.0,-2.29,-32.73,True
1.05,0.005,1.02,0.4,0.1,0.0,1.0,0.76,-29.16,True
1.05,0.005,1.02,0.4,0.1,0.25,0.75,0.91,-27.11,True
1.05,0.005,1.02,0.4,0.1,0.5,0.5,1.08,-25.0,True
1.05,0.005,1.02,0.4,0.1,0.75,0.25,1.26,-22.8,True
1.05,0.005,1.02,0.4,0.1,1.0,0.0,1.45,-20.53,True
1.05,0.005,1.02,0.4,0.2,0.0,1.0,3.23,-28.17,True
1.05,0.005,1.02,0.4,0.2,0.25,0.75,3.32,-26.22,True
1.05,0.005,1.02,0.4,0.2,0.5,0.5,3.42,-24.2,True
1.05,0.005,1.02,0.4,0.2,0.75,0.25,3.53,-22.12,True
1.05,0.005,1.02,0.4,0.2,1.0,0.0,3.64,-19.96,True
1.05,0.005,1.02,0.4,0.3,0.0,1.0,4.84,-27.04,True
1.05,0.005,1.02,0.4,0.3,0.25,0.75,4.9,-25.18,True
1.05,0.005,1.02,0.4,0.3,0.5,0.5,4.96,-23.27,True
1.05,0.005,1.02,0.4,0.3,0.75,0.25,5.03,-21.3,True
1.05,0.005,1.02,0.4,0.3,1.0,0.0,5.1,-19.27,True
1.05,0.01,0.95,0.1,0.0,0.0,1.0,2.05,-26.99,True
1.05,0.01,0.95,0.1,0.0,0.25,0.75,2.22,-24.75,True
1.05,0.01,0.95,0.1,0.0,0.5,0.5,2.37,-22.48,True
1.05,0.01,0.95,0.1,0.0,0.75,0.25,2.5,-20.17,True
1.05,0.01,0.95,0.1,0.0,1.0,0.0,2.6,-17.82,True
1.05,0.01,0.95,0.1,0.1,0.0,1.0,3.93,-25.21,True
1.05,0.01,0.95,0.1,0.1,0.25,0.75,4.04,-23.1,True
1.05,0.01,0.95,0.1,0.1,0.5,0.5,4.13,-21.29,True
1.05,0.01,0.95,0.1,0.1,0.75,0.25,4.21,-19.42,True
1.05,0.01,0.95,0.1,0.1,1.0,0.0,4.27,-17.49,True
1.05,0.01,0.95,0.1,0.2,0.0,1.0,5.15,-23.31,True
1.05,0.01,0.95,0.1,0.2,0.25,0.75,5.23,-21.2,True
1.05,0.01,0.95,0.1,0.2,0.5,0.5,5.29,-19.27,True
1.05,0.01,0.95,0.1,0.2,0.75,0.25,5.35,-17.76,True
1.05,0.01,0.95,0.1,0.2,1.0,0.0,5.39,-16.19,True
1.05,0.01,0.95,0.1,0.3,0.0,1.0,6.02,-21.6,True
1.05,0.01,0.95,0.1,0.3,0.25,0.75,6.1,-19.59,True
1.05,0.01,0.95,0.1,0.3,0.5,0.5,6.16,-17.55,True
1.05,0.01,0.95,0.1,0.3,0.75,0.25,6.21,-16.24,True
1.05,0.01,0.95,0.1,0.3,1.0,0.0,6.25,-15.0,True
1.05,0.01,0.95,0.2,0.0,0.0,1.0,2.12,-38.91,True
1.05,0.01,0.95,0.2,0.0,0.25,0.75,2.38,-35.93,True
1.05,0.01,0.95,0.2,0.0,0.5,0.5,2.6,-32.86,True
1.05,0.01,0.95,0.2,0.0,0.75,0.25,2.79,-29.7,True
1.05,0.01,0.95,0.2,0.0,1.0,0.0,2.94,-26.45,True
1.05,0.01,0.95,0.2,0.1,0.0,1.0,3.77,-35.68,True
1.05,0.01,0.95,0.2,0.1,0.25,0.75,3.94,-32.82,True
1.05,0.01,0.95,0.2,0.1,0.5,0.5,4.09,-29.89,True
1.05,0.01,0.95,0.2,0.1,0.75,0.25,4.23,-26.88,True
1.05,0.01,0.95,0.2,0.1,1.0,0.0,4.33,-23.8,True
1.05,0.01,0.95,0.2,0.2,0.0,1.0,4.65,-32.3,True
1.05,0.01,0.95,0.2,0.2,0.25,0.75,4.82,-29.6,True
1.05,0.01,0.95,0.2,0.2,0.5,0.5,4.97,-26.84,True
1.05,0.01,0.95,0.2,0.2,0.75,0.25,5.1,-24.01,True
1.05,0.01,0.95,0.2,0.2,1.0,0.0,5.2,-21.12,True
1.05,0.01,0.95,0.2,0.3,0.0,1.0,5.48,-28.69,True
1.05,0.01,0.95,0.2,0.3,0.25,0.75,5.59,-26.16,True
1.05,0.01,0.95,0.2,0.3,0.5,0.5,5.69,-23.58,True
1.05,0.01,0.95,0.2,0.3,0.75,0.25,5.8,-20.96,True
1.05,0.01,0.95,0.2,0.3,1.0,0.0,5.89,-18.3,True
1.05,0.01,0.95,0.3,0.0,0.0,1.0,1.42,-41.72,True
1.05,0.01,0.95,0.3,0.0,0.25,0.75,1.78,-38.58,True
1.05,0.01,0.95,0.3,0.0,0.5,0.5,2.1,-35.33,True
1.05,0.01,0.95,0.3,0.0,0.75,0.25,2.37,-31.98,True
1.05,0.01,0.95,0.3,0.0,1.0,0.0,2.6,-28.52,True
1.05,0.01,0.95,0.3,0.1,0.0,1.0,2.72,-38.27,True
1.05,0.01,0.95,0.3,0.1,0.25,0.75,3.0,-35.26,True
1.05,0.01,0.95,0.3,0.1,0.5,0.5,3.26,-32.16,True
1.05,0.01,0.95,0.3,0.1,0.75,0.25,3.49,-28.97,True
1.05,0.01,0.95,0.3,0.1,1.0,0.0,3.7,-25.69,True
1.05,0.01,0.95,0.3,0.2,0.0,1.0,4.2,-34.52,True
1.05,0.01,0.95,0.3,0.2,0.25,0.75,4.36,-31.66,True
1.05,0.01,0.95,0.3,0.2,0.5,0.5,4.51,-28.72,True
1.05,0.01,0.95,0.3,0.2,0.75,0.25,4.67,-25.72,True
1.05,0.01,0.95,0.3,0.2,1.0,0.0,4.81,-22.65,True
1.05,0.01,0.95,0.3,0.3,0.0,1.0,5.47,-30.82,True
1.05,0.01,0.95,0.3,0.3,0.25,0.75,5.58,-28.11,True
1.05,0.01,0.95,0.3,0.3,0.5,0.5,5.7,-25.35,True
1.05,0.01,0.95,0.3,0.3,0.75,0.25,5.81,-22.54,True
1.05,0.01,0.95,0.3,0.3,1.0,0.0,5.91,-19.67,True
1.05,0.01,0.95,0.4,0.0,0.0,1.0,0.44,-42.76,True
1.05,0.01,0.95,0.4,0.0,0.25,0.75,0.91,-39.58,True
1.05,0.01,0.95,0.4,0.0,0.5,0.5,1.33,-36.29,True
1.05,0.01,0.95,0.4,0.0,0.75,0.25,1.71,-32.88,True
1.05,0.01,0.95,0.4,0.0,1.0,0.0,2.04,-29.36,True
1.05,0.01,0.95,0.4,0.1,0.0,1.0,2.51,-39.26,True
1.05,0.01,0.95,0.4,0.1,0.25,0.75,2.77,-36.19,True
1.05,0.01,0.95,0.4,0.1,0.5,0.5,3.03,-33.03,True
1.05,0.01,0.95,0.4,0.1,0.75,0.25,3.27,-29.76,True
1.05,0.01,0.95,0.4,0.1,1.0,0.0,3.5,-26.4,True
1.05,0.01,0.95,0.4,0.2,0.0,1.0,4.31,-35.57,True
1.05,0.01,0.95,0.4,0.2,0.25,0.75,4.48,-32.64,True
1.05,0.01,0.95,0.4,0.2,0.5,0.5,4.65,-29.62,True
1.05,0.01,0.95,0.4,0.2,0.75,0.25,4.8,-26.52,True
1.05,0.01,0.95,0.4,0.2,1.0,0.0,4.95,-23.34,True
1.05,0.01,0.95,0.4,0.3,0.0,1.0,5.56,-31.18,True
1.05,0.01,0.95,0.4,0.3,0.25,0.75,5.68,-28.42,True
1.05,0.01,0.95,0.4,0.3,0.5,0.5,5.8,-25.61,True
1.05,0.01,0.95,0.4,0.3,0.75,0.25,5.91,-22.74,True
1.05,0.01,0.95,0.4,0.3,1.0,0.0,6.02,-19.81,True
1.05,0.01,0.97,0.1,0.0,0.0,1.0,0.26,-23.14,True
1.05,0.01,0.97,0.1,0.0,0.25,0.75,0.51,-21.44,True
1.05,0.01,0.97,0.1,0.0,0.5,0.5,0.73,-19.63,True
1.05,0.01,0.97,0.1,0.0,0.75,0.25,0.92,-17.69,True
1.05,0.01,0.97,0.1,0.0,1.0,0.0,1.09,-15.59,True
1.05,0.01,0.97,0.1,0.1,0.0,1.0,2.52,-19.72,True
1.05,0.01,0.97,0.1,0.1,0.25,0.75,2.68,-18.18,True
1.05,0.01,0.97,0.1,0.1,0.5,0.5,2.84,-16.52,True
1.05,0.01,0.97,0.1,0.1,0.75,0.25,2.97,-14.75,True
1.05,0.01,0.97,0.1,0.1,1.0,0.0,3.09,-12.84,True
1.05,0.01,0.97,0.1,0.2,0.0,1.0,3.93,-17.35,True
1.05,0.01,0.97,0.1,0.2,0.25,0.75,4.09,-16.07,True
1.05,0.01,0.97,0.1,0.2,0.5,0.5,4.23,-14.78,True
1.05,0.01,0.97,0.1,0.2,0.75,0.25,4.35,-13.48,True
1.05,0.01,0.97,0.1,0.2,1.0,0.0,4.45,-12.51,True
1.05,0.01,0.97,0.1,0.3,0.0,1.0,5.1,-16.51,True
1.05,0.01,0.97,0.1,0.3,0.25,0.75,5.2,-16.15,True
1.05,0.01,0.97,0.1,0.3,0.5,0.5,5.3,-15.84,True
1.05,0.01,0.97,0.1,0.3,0.75,0.25,5.4,-15.57,True
1.05,0.01,0.97,0.1,0.3,1.0,0.0,5.5,-15.36,True
1.05,0.01,0.97,0.2,0.0,0.0,1.0,-1.04,-28.23,True
1.05,0.01,0.97,0.2,0.0,0.25,0.75,-0.6,-25.95,True
1.05,0.01,0.97,0.2,0.0,0.5,0.5,-0.19,-23.62,True
1.05,0.01,0.97,0.2,0.0,0.75,0.25,0.18,-21.23,True
1.05,0.01,0.97,0.2,0.0,1.0,0.0,0.52,-18.79,True
1.05,0.01,0.97,0.2,0.1,0.0,1.0,1.93,-26.38,True
1.05,0.01,0.97,0.2,0.1,0.25,0.75,2.2,-24.16,True
1.05,0.01,0.97,0.2,0.1,0.5,0.5,2.45,-21.89,True
1.05,0.01,0.97,0.2,0.1,0.75,0.25,2.68,-19.57,True
1.05,0.01,0.97,0.2,0.1,1.0,0.0,2.89,-17.2,True
1.05,0.01,0.97,0.2,0.2,0.0,1.0,3.66,-24.4,True
1.05,0.01,0.97,0.2,0.2,0.25,0.75,3.79,-22.26,True
1.05,0.01,0.97,0.2,0.2,0.5,0.5,3.94,-20.07,True
1.05,0.01,0.97,0.2,0.2,0.75,0.25,4.09,-17.84,True
1.05,0.01,0.97,0.2,0.2,1.0,0.0,4.24,-15.56,True
1.05,0.01,0.97,0.2,0.3,0.0,1.0,5.05,-22.09,True
1.05,0.01,0.97,0.2,0.3,0.25,0.75,5.15,-20.06,True
1.05,0.01,0.97,0.2,0.3,0.5,0.5,5.25,-18.0,True
1.05,0.01,0.97,0.2,0.3,0.75,0.25,5.35,-15.9,True
1.05,0.01,0.97,0.2,0.3,1.0,0.0,5.45,-15.58,True
1.05,0.01,0.97,0.3,0.0,0.0,1.0,-1.15,-33.43,True
1.05,0.01,0.97,0.3,0.0,0.25,0.75,-0.65,-30.81,True
1.05,0.01,0.97,0.3,0.0,0.5,0.5,-0.19,-28.12,True
1.05,0.01,0.97,0.3,0.0,0.75,0.25,0.23,-25.34,True
1.05,0.01,0.97,0.3,0.0,1.0,0.0,0.6,-22.49,True
1.05,0.01,0.97,0.3,0.1,0.0,1.0,1.55,-31.13,True
1.05,0.01,0.97,0.3,0.1,0.25,0.75,1.78,-28.59,True
1.05,0.01,0.97,0.3,0.1,0.5,0.5,2.03,-25.98,True
1.05,0.01,0.97,0.3,0.1,0.75,0.25,2.29,-23.3,True
1.05,0.01,0.97,0.3,0.1,1.0,0.0,2.54,-20.55,True
1.05,0.01,0.97,0.3,0.2,0.0,1.0,3.63,-27.71,True
1.05,0.01,0.97,0.3,0.2,0.25,0.75,3.78,-25.32,True
1.05,0.01,0.97,0.3,0.2,0.5,0.5,3.94,-22.86,True
1.05,0.01,0.97,0.3,0.2,0.75,0.25,4.09,-20.35,True
1.05,0.01,0.97,0.3,0.2,1.0,0.0,4.24,-17.78,True
1.05,0.01,0.97,0.3,0.3,0.0,1.0,5.05,-24.34,True
1.05,0.01,0.97,0.3,0.3,0.25,0.75,5.14,-22.09,True
1.05,0.01,0.97,0.3,0.3,0.5,0.5,5.24,-19.8,True
1.05,0.01,0.97,0.3,0.3,0.75,0.25,5.35,-17.46,True
1.05,0.01,0.97,0.3,0.3,1.0,0.0,5.45,-15.58,True
1.05,0.01,0.97,0.4,0.0,0.0,1.0,-1.78,-34.9,True
1.05,0.01,0.97,0.4,0.0,0.25,0.75,-1.2,-32.19,True
1.05,0.01,0.97,0.4,0.0,0.5,0.5,-0.67,-29.4,True
1.05,0.01,0.97,0.4,0.0,0.75,0.25,-0.17,-26.52,True
1.05,0.01,0.97,0.4,0.0,1.0,0.0,0.27,-23.55,True
1.05,0.01,0.97,0.4,0.1,0.0,1.0,1.65,-31.63,True
1.05,0.01,0.97,0.4,0.1,0.25,0.75,1.89,-29.04,True
1.05,0.01,0.97,0.4,0.1,0.5,0.5,2.13,-26.37,True
1.05,0.01,0.97,0.4,0.1,0.75,0.25,2.37,-23.63,True
1.05,0.01,0.97,0.4,0.1,1.0,0.0,2.61,-20.81,True
1.05,0.01,0.97,0.4,0.2,0.0,1.0,3.67,-28.16,True
1.05,0.01,0.97,0.4,0.2,0.25,0.75,3.82,-25.71,True
1.05,0.01,0.97,0.4,0.2,0.5,0.5,3.98,-23.19,True
1.05,0.01,0.97,0.4,0.2,0.75,0.25,4.15,-20.61,True
1.05,0.01,0.97,0.4,0.2,1.0,0.0,4.31,-17.96,True
1.05,0.01,0.97,0.4,0.3,0.0,1.0,5.09,-24.25,True
1.05,0.01,0.97,0.4,0.3,0.25,0.75,5.19,-22.0,True
1.05,0.01,0.97,0.4,0.3,0.5,0.5,5.29,-19.7,True
1.05,0.01,0.97,0.4,0.3,0.75,0.25,5.4,-17.35,True
1.05,0.01,0.97,0.4,0.3,1.0,0.0,5.5,-15.36,True
1.05,0.01,0.99,0.1,0.0,0.0,1.0,-0.4,-23.88,True
1.05,0.01,0.99,0.1,0.0,0.25,0.75,-0.22,-21.64,True
1.05,0.01,0.99,0.1,0.0,0.5,0.5,-0.04,-19.35,True
1.05,0.01,0.99,0.1,0.0,0.75,0.25,0.12,-17.02,True
1.05,0.01,0.99,0.1,0.0,1.0,0.0,0.28,-14.64,True
1.05,0.01,0.99,0.1,0.1,0.0,1.0,2.4,-13.3,True
1.05,0.01,0.99,0.1,0.1,0.25,0.75,2.5,-11.74,True
1.05,0.01,0.99,0.1,0.1,0.5,0.5,2.59,-10.1,True
1.05,0.01,0.99,0.1,0.1,0.75,0.25,2.67,-8.6,True
1.05,0.01,0.99,0.1,0.1,1.0,0.0,2.75,-7.92,True
1.05,0.01,0.99,0.1,0.2,0.0,1.0,4.1,-12.22,True
1.05,0.01,0.99,0.1,0.2,0.25,0.75,4.16,-11.65,True
1.05,0.01,0.99,0.1,0.2,0.5,0.5,4.21,-11.54,True
1.05,0.01,0.99,0.1,0.2,0.75,0.25,4.27,-11.56,True
1.05,0.01,0.99,0.1,0.2,1.0,0.0,4.32,-11.6,True
1.05,0.01,0.99,0.1,0.3,0.0,1.0,5.35,-14.21,True
1.05,0.01,0.99,0.1,0.3,0.25,0.75,5.4,-14.17,True
1.05,0.01,0.99,0.1,0.3,0.5,0.5,5.45,-14.15,True
1.05,0.01,0.99,0.1,0.3,0.75,0.25,5.5,-14.15,True
1.05,0.01,0.99,0.1,0.3,1.0,0.0,5.54,-14.19,True
1.05,0.01,0.99,0.2,0.0,0.0,1.0,0.05,-29.91,True
1.05,0.01,0.99,0.2,0.0,0.25,0.75,0.28,-27.07,True
1.05,0.01,0.99,0.2,0.0,0.5,0.5,0.49,-24.15,True
1.05,0.01,0.99,0.2,0.0,0.75,0.25,0.69,-21.16,True
1.05,0.01,0.99,0.2,0.0,1.0,0.0,0.86,-18.1,True
1.05,0.01,0.99,0.2,0.1,0.0,1.0,2.71,-19.41,True
1.05,0.01,0.99,0.2,0.1,0.25,0.75,2.84,-17.37,True
1.05,0.01,0.99,0.2,0.1,0.5,0.5,2.96,-15.22,True
1.05,0.01,0.99,0.2,0.1,0.75,0.25,3.07,-12.95,True
1.05,0.01,0.99,0.2,0.1,1.0,0.0,3.16,-11.29,True
1.05,0.01,0.99,0.2,0.2,0.0,1.0,4.21,-16.44,True
1.05,0.01,0.99,0.2,0.2,0.25,0.75,4.3,-14.95,True
1.05,0.01,0.99,0.2,0.2,0.5,0.5,4.39,-13.45,True
1.05,0.01,0.99,0.2,0.2,0.75,0.25,4.48,-11.93,True
1.05,0.01,0.99,0.2,0.2,1.0,0.0,4.55,-10.79,True
1.05,0.01,0.99,0.2,0.3,0.0,1.0,5.36,-14.69,True
1.05,0.01,0.99,0.2,0.3,0.25,0.75,5.43,-13.72,True
1.05,0.01,0.99,0.2,0.3,0.5,0.5,5.5,-13.72,True
1.05,0.01,0.99,0.2,0.3,0.75,0.25,5.56,-13.74,True
1.05,0.01,0.99,0.2,0.3,1.0,0.0,5.61,-13.8,True
1.05,0.01,0.99,0.3,0.0,0.0,1.0,0.33,-34.88,True
1.05,0.01,0.99,0.3,0.0,0.25,0.75,0.59,-31.73,True
1.05,0.01,0.99,0.3,0.0,0.5,0.5,0.82,-28.47,True
1.05,0.01,0.99,0.3,0.0,0.75,0.25,1.02,-25.11,True
1.05,0.01,0.99,0.3,0.0,1.0,0.0,1.2,-21.64,True
1.05,0.01,0.99,0.3,0.1,0.0,1.0,2.51,-22.33,True
1.05,0.01,0.99,0.3,0.1,0.25,0.75,2.68,-20.33,True
1.05,0.01,0.99,0.3,0.1,0.5,0.5,2.83,-18.15,True
1.05,0.01,0.99,0.3,0.1,0.75,0.25,2.97,-16.27,True
1.05,0.01,0.99,0.3,0.1,1.0,0.0,3.09,-14.35,True
1.05,0.01,0.99,0.3,0.2,0.0,1.0,4.15,-19.6,True
1.05,0.01,0.99,0.3,0.2,0.25,0.75,4.25,-17.87,True
1.05,0.01,0.99,0.3,0.2,0.5,0.5,4.35,-16.11,True
1.05,0.01,0.99,0.3,0.2,0.75,0.25,4.44,-14.33,True
1.05,0.01,0.99,0.3,0.2,1.0,0.0,4.53,-12.52,True
1.05,0.01,0.99,0.3,0.3,0.0,1.0,5.44,-17.48,True
1.05,0.01,0.99,0.3,0.3,0.25,0.75,5.51,-15.83,True
1.05,0.01,0.99,0.3,0.3,0.5,0.5,5.58,-14.16,True
1.05,0.01,0.99,0.3,0.3,0.75,0.25,5.64,-13.35,True
1.05,0.01,0.99,0.3,0.3,1.0,0.0,5.7,-13.43,True
1.05,0.01,0.99,0.4,0.0,0.0,1.0,0.05,-37.89,True
1.05,0.01,0.99,0.4,0.0,0.25,0.75,0.36,-34.57,True
1.05,0.01,0.99,0.4,0.0,0.5,0.5,0.65,-31.13,True
1.05,0.01,0.99,0.4,0.0,0.75,0.25,0.9,-27.56,True
1.05,0.01,0.99,0.4,0.0,1.0,0.0,1.12,-23.86,True
1.05,0.01,0.99,0.4,0.1,0.0,1.0,2.47,-23.76,True
1.05,0.01,0.99,0.4,0.1,0.25,0.75,2.64,-21.8,True
1.05,0.01,0.99,0.4,0.1,0.5,0.5,2.8,-19.8,True
1.05,0.01,0.99,0.4,0.1,0.75,0.25,2.95,-17.76,True
1.05,0.01,0.99,0.4,0.1,1.0,0.0,3.09,-15.68,True
1.05,0.01,0.99,0.4,0.2,0.0,1.0,4.26,-21.46,True
1.05,0.01,0.99,0.4,0.2,0.25,0.75,4.37,-19.57,True
1.05,0.01,0.99,0.4,0.2,0.5,0.5,4.47,-17.66,True
1.05,0.01,0.99,0.4,0.2,0.75,0.25,4.57,-15.71,True
1.05,0.01,0.99,0.4,0.2,1.0,0.0,4.66,-13.73,True
1.05,0.01,0.99,0.4,0.3,0.0,1.0,5.47,-18.47,True
1.05,0.01,0.99,0.4,0.3,0.25,0.75,5.55,-16.88,True
1.05,0.01,0.99,0.4,0.3,0.5,0.5,5.63,-15.36,True
1.05,0.01,0.99,0.4,0.3,0.75,0.25,5.71,-13.83,True
1.05,0.01,0.99,0.4,0.3,1.0,0.0,5.77,-13.11,True
1.05,0.01,1.0,0.1,0.0,0.0,1.0,-0.68,-26.54,True
1.05,0.01,1.0,0.1,0.0,0.25,0.75,-0.53,-24.46,True
1.05,0.01,1.0,0.1,0.0,0.5,0.5,-0.39,-22.33,True
1.05,0.01,1.0,0.1,0.0,0.75,0.25,-0.26,-20.16,True
1.05,0.01,1.0,0.1,0.0,1.0,0.0,-0.14,-17.95,True
1.05,0.01,1.0,0.1,0.1,0.0,1.0,1.95,-21.78,True
1.05,0.01,1.0,0.1,0.1,0.25,0.75,2.04,-19.89,True
1.05,0.01,1.0,0.1,0.1,0.5,0.5,2.14,-17.89,True
1.05,0.01,1.0,0.1,0.1,0.75,0.25,2.23,-15.82,True
1.05,0.01,1.0,0.1,0.1,1.0,0.0,2.31,-13.68,True
1.05,0.01,1.0,0.1,0.2,0.0,1.0,3.87,-12.22,True
1.05,0.01,1.0,0.1,0.2,0.25,0.75,3.93,-12.18,True
1.05,0.01,1.0,0.1,0.2,0.5,0.5,3.98,-12.16,True
1.05,0.01,1.0,0.1,0.2,0.75,0.25,4.04,-12.15,True
1.05,0.01,1.0,0.1,0.2,1.0,0.0,4.08,-12.17,True
1.05,0.01,1.0,0.1,0.3,0.0,1.0,5.13,-15.03,True
1.05,0.01,1.0,0.1,0.3,0.25,0.75,5.18,-14.97,True
1.05,0.01,1.0,0.1,0.3,0.5,0.5,5.23,-14.92,True
1.05,0.01,1.0,0.1,0.3,0.75,0.25,5.27,-14.9,True
1.05,0.01,1.0,0.1,0.3,1.0,0.0,5.32,-14.9,True
1.05,0.01,1.0,0.2,0.0,0.0,1.0,-1.03,-43.62,False
1.05,0.01,1.0,0.2,0.0,0.25,0.75,-0.78,-40.48,False
1.05,0.01,1.0,0.2,0.0,0.5,0.5,-0.55,-37.21,True
1.05,0.01,1.0,0.2,0.0,0.75,0.25,-0.33,-33.82,True
1.05,0.01,1.0,0.2,0.0,1.0,0.0,-0.14,-30.3,True
1.05,0.01,1.0,0.2,0.1,0.0,1.0,2.19,-24.46,True
1.05,0.01,1.0,0.2,0.1,0.25,0.75,2.32,-22.47,True
1.05,0.01,1.0,0.2,0.1,0.5,0.5,2.44,-20.33,True
1.05,0.01,1.0,0.2,0.1,0.75,0.25,2.55,-18.05,True
1.05,0.01,1.0,0.2,0.1,1.0,0.0,2.65,-15.64,True
1.05,0.01,1.0,0.2,0.2,0.0,1.0,3.76,-13.35,True
1.05,0.01,1.0,0.2,0.2,0.25,0.75,3.86,-12.39,True
1.05,0.01,1.0,0.2,0.2,0.5,0.5,3.96,-11.84,True
1.05,0.01,1.0,0.2,0.2,0.75,0.25,4.05,-11.84,True
1.05,0.01,1.0,0.2,0.2,1.0,0.0,4.13,-11.88,True
1.05,0.01,1.0,0.2,0.3,0.0,1.0,5.12,-14.61,True
1.05,0.01,1.0,0.2,0.3,0.25,0.75,5.18,-14.58,True
1.05,0.01,1.0,0.2,0.3,0.5,0.5,5.24,-14.57,True
1.05,0.01,1.0,0.2,0.3,0.75,0.25,5.3,-14.59,True
1.05,0.01,1.0,0.2,0.3,1.0,0.0,5.36,-14.63,True
1.05,0.01,1.0,0.3,0.0,0.0,1.0,-0.74,-45.18,False
1.05,0.01,1.0,0.3,0.0,0.25,0.75,-0.47,-41.88,False
1.05,0.01,1.0,0.3,0.0,0.5,0.5,-0.22,-38.45,True
1.05,0.01,1.0,0.3,0.0,0.75,0.25,0.0,-34.87,True
1.05,0.01,1.0,0.3,0.0,1.0,0.0,0.2,-31.14,True
1.05,0.01,1.0,0.3,0.1,0.0,1.0,1.9,-26.56,True
1.05,0.01,1.0,0.3,0.1,0.25,0.75,2.07,-24.75,True
1.05,0.01,1.0,0.3,0.1,0.5,0.5,2.22,-22.7,True
1.05,0.01,1.0,0.3,0.1,0.75,0.25,2.37,-20.42,True
1.05,0.01,1.0,0.3,0.1,1.0,0.0,2.5,-17.9,True
1.05,0.01,1.0,0.3,0.2,0.0,1.0,3.86,-15.97,True
1.05,0.01,1.0,0.3,0.2,0.25,0.75,3.95,-14.77,True
1.05,0.01,1.0,0.3,0.2,0.5,0.5,4.04,-13.36,True
1.05,0.01,1.0,0.3,0.2,0.75,0.25,4.13,-11.7,True
1.05,0.01,1.0,0.3,0.2,1.0,0.0,4.21,-11.44,True
1.05,0.01,1.0,0.3,0.3,0.0,1.0,5.31,-13.36,True
1.05,0.01,1.0,0.3,0.3,0.25,0.75,5.37,-13.41,True
1.05,0.01,1.0,0.3,0.3,0.5,0.5,5.43,-13.49,True
1.05,0.01,1.0,0.3,0.3,0.75,0.25,5.48,-13.6,True
1.05,0.01,1.0,0.3,0.3,1.0,0.0,5.52,-13.74,True
1.05,0.01,1.0,0.4,0.0,0.0,1.0,-0.75,-47.14,False
1.05,0.01,1.0,0.4,0.0,0.25,0.75,-0.46,-43.75,False
1.05,0.01,1.0,0.4,0.0,0.5,0.5,-0.18,-40.21,False
1.05,0.01,1.0,0.4,0.0,0.75,0.25,0.06,-36.5,True
1.05,0.01,1.0,0.4,0.0,1.0,0.0,0.27,-32.63,True
1.05,0.01,1.0,0.4,0.1,0.0,1.0,2.12,-29.25,True
1.05,0.01,1.0,0.4,0.1,0.25,0.75,2.28,-27.18,True
1.05,0.01,1.0,0.4,0.1,0.5,0.5,2.42,-24.88,True
1.05,0.01,1.0,0.4,0.1,0.75,0.25,2.56,-22.37,True
1.05,0.01,1.0,0.4,0.1,1.0,0.0,2.68,-19.65,True
1.05,0.01,1.0,0.4,0.2,0.0,1.0,4.1,-19.52,True
1.05,0.01,1.0,0.4,0.2,0.25,0.75,4.19,-17.97,True
1.05,0.01,1.0,0.4,0.2,0.5,0.5,4.27,-16.22,True
1.05,0.01,1.0,0.4,0.2,0.75,0.25,4.35,-14.25,True
1.05,0.01,1.0,0.4,0.2,1.0,0.0,4.42,-12.09,True
1.05,0.01,1.0,0.4,0.3,0.0,1.0,5.4,-14.2,True
1.05,0.01,1.0,0.4,0.3,0.25,0.75,5.47,-13.09,True
1.05,0.01,1.0,0.4,0.3,0.5,0.5,5.53,-12.96,True
1.05,0.01,1.0,0.4,0.3,0.75,0.25,5.58,-13.08,True
1.05,0.01,1.0,0.4,0.3,1.0,0.0,5.63,-13.25,True
1.05,0.01,1.01,0.1,0.0,0.0,1.0,-1.67,-14.67,True
1.05,0.01,1.01,0.1,0.0,0.25,0.75,-1.5,-13.43,True
1.05,0.01,1.01,0.1,0.0,0.5,0.5,-1.33,-12.17,True
1.05,0.01,1.01,0.1,0.0,0.75,0.25,-1.16,-10.9,True
1.05,0.01,1.01,0.1,0.0,1.0,0.0,-1.0,-9.62,True
1.05,0.01,1.01,0.1,0.1,0.0,1.0,1.4,-11.46,True
1.05,0.01,1.01,0.1,0.1,0.25,0.75,1.51,-10.57,True
1.05,0.01,1.01,0.1,0.1,0.5,0.5,1.62,-9.9,True
1.05,0.01,1.01,0.1,0.1,0.75,0.25,1.73,-9.78,True
1.05,0.01,1.01,0.1,0.1,1.0,0.0,1.83,-9.66,True
1.05,0.01,1.01,0.1,0.2,0.0,1.0,3.34,-14.89,True
1.05,0.01,1.01,0.1,0.2,0.25,0.75,3.42,-14.67,True
1.05,0.01,1.01,0.1,0.2,0.5,0.5,3.49,-14.51,True
1.05,0.01,1.01,0.1,0.2,0.75,0.25,3.57,-14.35,True
1.05,0.01,1.01,0.1,0.2,1.0,0.0,3.64,-14.2,True
1.05,0.01,1.01,0.1,0.3,0.0,1.0,4.77,-17.65,True
1.05,0.01,1.01,0.1,0.3,0.25,0.75,4.81,-17.4,True
1.05,0.01,1.01,0.1,0.3,0.5,0.5,4.86,-17.18,True
1.05,0.01,1.01,0.1,0.3,0.75,0.25,4.91,-16.98,True
1.05,0.01,1.01,0.1,0.3,1.0,0.0,4.97,-16.8,True
1.05,0.01,1.01,0.2,0.0,0.0,1.0,-3.05,-27.75,True
1.05,0.01,1.01,0.2,0.0,0.25,0.75,-2.71,-25.53,True
1.05,0.01,1.01,0.2,0.0,0.5,0.5,-2.38,-23.26,True
1.05,0.01,1.01,0.2,0.0,0.75,0.25,-2.05,-20.95,True
1.05,0.01,1.01,0.2,0.0,1.0,0.0,-1.74,-18.58,True
1.05,0.01,1.01,0.2,0.1,0.0,1.0,0.84,-17.95,True
1.05,0.01,1.01,0.2,0.1,0.25,0.75,1.01,-16.64,True
1.05,0.01,1.01,0.2,0.1,0.5,0.5,1.19,-15.28,True
1.05,0.01,1.01,0.2,0.1,0.75,0.25,1.36,-13.88,True
1.05,0.01,1.01,0.2,0.1,1.0,0.0,1.54,-12.42,True
1.05,0.01,1.01,0.2,0.2,0.0,1.0,3.11,-17.76,True
1.05,0.01,1.01,0.2,0.2,0.25,0.75,3.17,-16.52,True
1.05,0.01,1.01,0.2,0.2,0.5,0.5,3.25,-15.97,True
1.05,0.01,1.01,0.2,0.2,0.75,0.25,3.33,-15.66,True
1.05,0.01,1.01,0.2,0.2,1.0,0.0,3.43,-15.35,True
1.05,0.01,1.01,0.2,0.3,0.0,1.0,4.7,-18.58,True
1.05,0.01,1.01,0.2,0.3,0.25,0.75,4.74,-18.35,True
1.05,0.01,1.01,0.2,0.3,0.5,0.5,4.8,-18.08,True
1.05,0.01,1.01,0.2,0.3,0.75,0.25,4.85,-17.82,True
1.05,0.01,1.01,0.2,0.3,1.0,0.0,4.92,-17.57,True
1.05,0.01,1.01,0.3,0.0,0.0,1.0,-3.88,-32.11,True
1.05,0.01,1.01,0.3,0.0,0.25,0.75,-3.44,-29.56,True
1.05,0.01,1.01,0.3,0.0,0.5,0.5,-3.02,-26.94,True
1.05,0.01,1.01,0.3,0.0,0.75,0.25,-2.61,-24.26,True
1.05,0.01,1.01,0.3,0.0,1.0,0.0,-2.21,-21.5,True
1.05,0.01,1.01,0.3,0.1,0.0,1.0,0.58,-22.51,True
1.05,0.01,1.01,0.3,0.1,0.25,0.75,0.71,-20.87,True
1.05,0.01,1.01,0.3,0.1,0.5,0.5,0.86,-19.17,True
1.05,0.01,1.01,0.3,0.1,0.75,0.25,1.03,-17.41,True
1.05,0.01,1.01,0.3,0.1,1.0,0.0,1.22,-15.59,True
1.05,0.01,1.01,0.3,0.2,0.0,1.0,3.09,-22.43,True
1.05,0.01,1.01,0.3,0.2,0.25,0.75,3.17,-20.84,True
1.05,0.01,1.01,0.3,0.2,0.5,0.5,3.25,-19.21,True
1.05,0.01,1.01,0.3,0.2,0.75,0.25,3.35,-17.52,True
1.05,0.01,1.01,0.3,0.2,1.0,0.0,3.44,-15.78,True
1.05,0.01,1.01,0.3,0.3,0.0,1.0,4.72,-21.88,True
1.05,0.01,1.01,0.3,0.3,0.25,0.75,4.76,-20.38,True
1.05,0.01,1.01,0.3,0.3,0.5,0.5,4.82,-18.84,True
1.05,0.01,1.01,0.3,0.3,0.75,0.25,4.88,-17.64,True
1.05,0.01,1.01,0.3,0.3,1.0,0.0,4.94,-17.39,True
1.05,0.01,1.01,0.4,0.0,0.0,1.0,-4.5,-34.68,True
1.05,0.01,1.01,0.4,0.0,0.25,0.75,-3.99,-31.97,True
1.05,0.01,1.01,0.4,0.0,0.5,0.5,-3.5,-29.17,True
1.05,0.01,1.01,0.4,0.0,0.75,0.25,-3.02,-26.29,True
1.05,0.01,1.01,0.4,0.0,1.0,0.0,-2.56,-23.32,True
1.05,0.01,1.01,0.4,0.1,0.0,1.0,0.65,-26.85,True
1.05,0.01,1.01,0.4,0.1,0.25,0.75,0.79,-24.9,True
1.05,0.01,1.01,0.4,0.1,0.5,0.5,0.93,-22.89,True
1.05,0.01,1.01,0.4,0.1,0.75,0.25,1.1,-20.8,True
1.05,0.01,1.01,0.4,0.1,1.0,0.0,1.27,-18.64,True
1.05,0.01,1.01,0.4,0.2,0.0,1.0,3.12,-26.02,True
1.05,0.01,1.01,0.4,0.2,0.25,0.75,3.21,-24.18,True
1.05,0.01,1.01,0.4,0.2,0.5,0.5,3.29,-22.27,True
1.05,0.01,1.01,0.4,0.2,0.75,0.25,3.39,-20.31,True
1.05,0.01,1.01,0.4,0.2,1.0,0.0,3.49,-18.27,True
1.05,0.01,1.01,0.4,0.3,0.0,1.0,4.73,-25.27,True
1.05,0.01,1.01,0.4,0.3,0.25,0.75,4.78,-23.51,True
1.05,0.01,1.01,0.4,0.3,0.5,0.5,4.83,-21.69,True
1.05,0.01,1.01,0.4,0.3,0.75,0.25,4.89,-19.83,True
1.05,0.01,1.01,0.4,0.3,1.0,0.0,4.96,-17.91,True
1.05,0.01,1.02,0.1,0.0,0.0,1.0,-0.02,-12.35,True
1.05,0.01,1.02,0.1,0.0,0.25,0.75,0.0,-11.32,True
1.05,0.01,1.02,0.1,0.0,0.5,0.5,0.03,-10.28,True
1.05,0.01,1.02,0.1,0.0,0.75,0.25,0.06,-9.23,True
1.05,0.01,1.02,0.1,0.0,1.0,0.0,0.08,-8.18,True
1.05,0.01,1.02,0.1,0.1,0.0,1.0,2.49,-8.68,True
1.05,0.01,1.02,0.1,0.1,0.25,0.75,2.51,-8.19,True
1.05,0.01,1.02,0.1,0.1,0.5,0.5,2.52,-8.22,True
1.05,0.01,1.02,0.1,0.1,0.75,0.25,2.54,-8.26,True
1.05,0.01,1.02,0.1,0.1,1.0,0.0,2.55,-8.31,True
1.05,0.01,1.02,0.1,0.2,0.0,1.0,4.12,-12.25,True
1.05,0.01,1.02,0.1,0.2,0.25,0.75,4.14,-12.32,True
1.05,0.01,1.02,0.1,0.2,0.5,0.5,4.17,-12.4,True
1.05,0.01,1.02,0.1,0.2,0.75,0.25,4.17,-12.45,True
1.05,0.01,1.02,0.1,0.2,1.0,0.0,4.18,-12.5,True
1.05,0.01,1.02,0.1,0.3,0.0,1.0,5.35,-15.11,True
1.05,0.01,1.02,0.1,0.3,0.25,0.75,5.37,-15.07,True
1.05,0.01,1.02,0.1,0.3,0.5,0.5,5.4,-15.03,True
1.05,0.01,1.02,0.1,0.3,0.75,0.25,5.42,-15.02,True
1.05,0.01,1.02,0.1,0.3,1.0,0.0,5.43,-15.09,True
1.05,0.01,1.02,0.2,0.0,0.0,1.0,-0.42,-23.77,True
1.05,0.01,1.02,0.2,0.0,0.25,0.75,-0.31,-21.86,True
1.05,0.01,1.02,0.2,0.0,0.5,0.5,-0.21,-19.93,True
1.05,0.01,1.02,0.2,0.0,0.75,0.25,-0.12,-17.97,True
1.05,0.01,1.02,0.2,0.0,1.0,0.0,-0.04,-15.98,True
1.05,0.01,1.02,0.2,0.1,0.0,1.0,2.33,-13.95,True
1.05,0.01,1.02,0.2,0.1,0.25,0.75,2.39,-12.92,True
1.05,0.01,1.02,0.2,0.1,0.5,0.5,2.46,-11.87,True
1.05,0.01,1.02,0.2,0.1,0.75,0.25,2.51,-10.78,True
1.05,0.01,1.02,0.2,0.1,1.0,0.0,2.56,-9.66,True
1.05,0.01,1.02,0.2,0.2,0.0,1.0,3.76,-13.95,True
1.05,0.01,1.02,0.2,0.2,0.25,0.75,3.84,-12.99,True
1.05,0.01,1.02,0.2,0.2,0.5,0.5,3.9,-12.89,True
1.05,0.01,1.02,0.2,0.2,0.75,0.25,3.97,-12.86,True
1.05,0.01,1.02,0.2,0.2,1.0,0.0,4.03,-12.86,True
1.05,0.01,1.02,0.2,0.3,0.0,1.0,5.06,-16.04,True
1.05,0.01,1.02,0.2,0.3,0.25,0.75,5.1,-15.95,True
1.05,0.01,1.02,0.2,0.3,0.5,0.5,5.15,-15.87,True
1.05,0.01,1.02,0.2,0.3,0.75,0.25,5.2,-15.8,True
1.05,0.01,1.02,0.2,0.3,1.0,0.0,5.25,-15.75,True
1.05,0.01,1.02,0.3,0.0,0.0,1.0,-0.89,-27.27,True
1.05,0.01,1.02,0.3,0.0,0.25,0.75,-0.72,-25.07,True
1.05,0.01,1.02,0.3,0.0,0.5,0.5,-0.55,-22.82,True
1.05,0.01,1.02,0.3,0.0,0.75,0.25,-0.4,-20.54,True
1.05,0.01,1.02,0.3,0.0,1.0,0.0,-0.26,-18.23,True
1.05,0.01,1.02,0.3,0.1,0.0,1.0,1.73,-17.3,True
1.05,0.01,1.02,0.3,0.1,0.25,0.75,1.85,-16.02,True
1.05,0.01,1.02,0.3,0.1,0.5,0.5,1.97,-14.71,True
1.05,0.01,1.02,0.3,0.1,0.75,0.25,2.09,-13.36,True
1.05,0.01,1.02,0.3,0.1,1.0,0.0,2.2,-11.97,True
1.05,0.01,1.02,0.3,0.2,0.0,1.0,3.66,-17.32,True
1.05,0.01,1.02,0.3,0.2,0.25,0.75,3.73,-16.09,True
1.05,0.01,1.02,0.3,0.2,0.5,0.5,3.8,-14.84,True
1.05,0.01,1.02,0.3,0.2,0.75,0.25,3.88,-13.55,True
1.05,0.01,1.02,0.3,0.2,1.0,0.0,3.95,-13.13,True
1.05,0.01,1.02,0.3,0.3,0.0,1.0,5.05,-17.2,True
1.05,0.01,1.02,0.3,0.3,0.25,0.75,5.1,-16.09,True
1.05,0.01,1.02,0.3,0.3,0.5,0.5,5.16,-15.96,True
1.05,0.01,1.02,0.3,0.3,0.75,0.25,5.21,-15.85,True
1.05,0.01,1.02,0.3,0.3,1.0,0.0,5.27,-15.77,True
1.05,0.01,1.02,0.4,0.0,0.0,1.0,-1.25,-29.71,True
1.05,0.01,1.02,0.4,0.0,0.25,0.75,-1.02,-27.33,True
1.05,0.01,1.02,0.4,0.0,0.5,0.5,-0.81,-24.9,True
1.05,0.01,1.02,0.4,0.0,0.75,0.25,-0.61,-22.42,True
1.05,0.01,1.02,0.4,0.0,1.0,0.0,-0.43,-19.89,True
1.05,0.01,1.02,0.4,0.1,0.0,1.0,1.7,-20.49,True
1.05,0.01,1.02,0.4,0.1,0.25,0.75,1.84,-18.98,True
1.05,0.01,1.02,0.4,0.1,0.5,0.5,1.97,-17.42,True
1.05,0.01,1.02,0.4,0.1,0.75,0.25,2.1,-15.82,True
1.05,0.01,1.02,0.4,0.1,1.0,0.0,2.22,-14.17,True
1.05,0.01,1.02,0.4,0.2,0.0,1.0,3.68,-20.22,True
1.05,0.01,1.02,0.4,0.2,0.25,0.75,3.76,-18.77,True
1.05,0.01,1.02,0.4,0.2,0.5,0.5,3.85,-17.28,True
1.05,0.01,1.02,0.4,0.2,0.75,0.25,3.93,-15.75,True
1.05,0.01,1.02,0.4,0.2,1.0,0.0,4.01,-14.18,True
1.05,0.01,1.02,0.4,0.3,0.0,1.0,5.06,-19.86,True
1.05,0.01,1.02,0.4,0.3,0.25,0.75,5.11,-18.48,True
1.05,0.01,1.02,0.4,0.3,0.5,0.5,5.17,-17.06,True
1.05,0.01,1.02,0.4,0.3,0.75,0.25,5.22,-15.8,True
1.05,0.01,1.02,0.4,0.3,1.0,0.0,5.28,-15.7,True
1.05,0.015,0.95,0.1,0.0,0.0,1.0,1.95,-15.13,True
1.05,0.015,0.95,0.1,0.0,0.25,0.75,2.0,-13.92,True
1.05,0.015,0.95,0.1,0.0,0.5,0.5,2.03,-12.6,True
1.05,0.015,0.95,0.1,0.0,0.75,0.25,2.06,-11.16,True
1.05,0.015,0.95,0.1,0.0,1.0,0.0,2.08,-9.58,True
1.05,0.015,0.95,0.1,0.1,0.0,1.0,3.93,-12.96,True
1.05,0.015,0.95,0.1,0.1,0.25,0.75,3.96,-12.11,True
1.05,0.015,0.95,0.1,0.1,0.5,0.5,3.97,-11.25,True
1.05,0.015,0.95,0.1,0.1,0.75,0.25,3.99,-10.39,True
1.05,0.015,0.95,0.1,0.1,1.0,0.0,3.99,-9.52,True
1.05,0.015,0.95,0.1,0.2,0.0,1.0,5.37,-14.79,True
1.05,0.015,0.95,0.1,0.2,0.25,0.75,5.38,-13.96,True
1.05,0.015,0.95,0.1,0.2,0.5,0.5,5.38,-13.13,True
1.05,0.015,0.95,0.1,0.2,0.75,0.25,5.38,-12.29,True
1.05,0.015,0.95,0.1,0.2,1.0,0.0,5.37,-11.45,True
1.05,0.015,0.95,0.1,0.3,0.0,1.0,6.41,-16.11,True
1.05,0.015,0.95,0.1,0.3,0.25,0.75,6.41,-15.29,True
1.05,0.015,0.95,0.1,0.3,0.5,0.5,6.41,-14.51,True
1.05,0.015,0.95,0.1,0.3,0.75,0.25,6.4,-14.38,True
1.05,0.015,0.95,0.1,0.3,1.0,0.0,6.39,-14.26,True
1.05,0.015,0.95,0.2,0.0,0.0,1.0,2.88,-25.14,True
1.05,0.015,0.95,0.2,0.0,0.25,0.75,2.96,-23.06,True
1.05,0.015,0.95,0.2,0.0,0.5,0.5,3.01,-20.95,True
1.05,0.015,0.95,0.2,0.0,0.75,0.25,3.05,-18.82,True
1.05,0.015,0.95,0.2,0.0,1.0,0.0,3.05,-16.65,True
1.05,0.015,0.95,0.2,0.1,0.0,1.0,4.35,-23.53,True
1.05,0.015,0.95,0.2,0.1,0.25,0.75,4.41,-21.48,True
1.05,0.015,0.95,0.2,0.1,0.5,0.5,4.45,-19.42,True
1.05,0.015,0.95,0.2,0.1,0.75,0.25,4.48,-17.32,True
1.05,0.015,0.95,0.2,0.1,1.0,0.0,4.48,-15.28,True
1.05,0.015,0.95,0.2,0.2,0.0,1.0,5.38,-22.83,True
1.05,0.015,0.95,0.2,0.2,0.25,0.75,5.44,-21.38,True
1.05,0.015,0.95,0.2,0.2,0.5,0.5,5.48,-19.89,True
1.05,0.015,0.95,0.2,0.2,0.75,0.25,5.5,-18.36,True
1.05,0.015,0.95,0.2,0.2,1.0,0.0,5.52,-16.79,True
1.05,0.015,0.95,0.2,0.3,0.0,1.0,6.33,-20.74,True
1.05,0.015,0.95,0.2,0.3,0.25,0.75,6.37,-19.55,True
1.05,0.015,0.95,0.2,0.3,0.5,0.5,6.39,-18.32,True
1.05,0.015,0.95,0.2,0.3,0.75,0.25,6.41,-17.06,True
1.05,0.015,0.95,0.2,0.3,1.0,0.0,6.42,-15.77,True
1.05,0.015,0.95,0.3,0.0,0.0,1.0,2.77,-30.24,True
1.05,0.015,0.95,0.3,0.0,0.25,0.75,2.92,-27.78,True
1.05,0.015,0.95,0.3,0.0,0.5,0.5,3.03,-25.27,True
1.05,0.015,0.95,0.3,0.0,0.75,0.25,3.11,-22.71,True
1.05,0.015,0.95,0.3,0.0,1.0,0.0,3.16,-20.11,True
1.05,0.015,0.95,0.3,0.1,0.0,1.0,4.2,-28.39,True
1.05,0.015,0.95,0.3,0.1,0.25,0.75,4.31,-25.98,True
1.05,0.015,0.95,0.3,0.1,0.5,0.5,4.39,-23.53,True
1.05,0.015,0.95,0.3,0.1,0.75,0.25,4.45,-21.04,True
1.05,0.015,0.95,0.3,0.1,1.0,0.0,4.49,-18.52,True
1.05,0.015,0.95,0.3,0.2,0.0,1.0,5.23,-26.72,True
1.05,0.015,0.95,0.3,0.2,0.25,0.75,5.32,-24.38,True
1.05,0.015,0.95,0.3,0.2,0.5,0.5,5.4,-22.0,True
1.05,0.015,0.95,0.3,0.2,0.75,0.25,5.45,-19.6,True
1.05,0.015,0.95,0.3,0.2,1.0,0.0,5.49,-17.16,True
1.05,0.015,0.95,0.3,0.3,0.0,1.0,5.88,-25.11,True
1.05,0.015,0.95,0.3,0.3,0.25,0.75,5.98,-22.83,True
1.05,0.015,0.95,0.3,0.3,0.5,0.5,6.06,-20.53,True
1.05,0.015,0.95,0.3,0.3,0.75,0.25,6.13,-18.19,True
1.05,0.015,0.95,0.3,0.3,1.0,0.0,6.19,-15.84,True
1.05,0.015,0.95,0.4,0.0,0.0,1.0,2.36,-34.96,True
1.05,0.015,0.95,0.4,0.0,0.25,0.75,2.57,-32.18,True
1.05,0.015,0.95,0.4,0.0,0.5,0.5,2.74,-29.35,True
1.05,0.015,0.95,0.4,0.0,0.75,0.25,2.88,-26.45,True
1.05,0.015,0.95,0.4,0.0,1.0,0.0,2.97,-23.49,True
1.05,0.015,0.95,0.4,0.1,0.0,1.0,3.78,-33.44,True
1.05,0.015,0.95,0.4,0.1,0.25,0.75,3.94,-30.71,True
1.05,0.015,0.95,0.4,0.1,0.5,0.5,4.08,-27.92,True
1.05,0.015,0.95,0.4,0.1,0.75,0.25,4.2,-25.07,True
1.05,0.015,0.95,0.4,0.1,1.0,0.0,4.28,-22.17,True
1.05,0.015,0.95,0.4,0.2,0.0,1.0,4.74,-31.33,True
1.05,0.015,0.95,0.4,0.2,0.25,0.75,4.87,-28.67,True
1.05,0.015,0.95,0.4,0.2,0.5,0.5,4.99,-25.95,True
1.05,0.015,0.95,0.4,0.2,0.75,0.25,5.1,-23.19,True
1.05,0.015,0.95,0.4,0.2,1.0,0.0,5.19,-20.38,True
1.05,0.015,0.95,0.4,0.3,0.0,1.0,5.63,-27.44,True
1.05,0.015,0.95,0.4,0.3,0.25,0.75,5.73,-24.96,True
1.05,0.015,0.95,0.4,0.3,0.5,0.5,5.83,-22.44,True
1.05,0.015,0.95,0.4,0.3,0.75,0.25,5.92,-19.88,True
1.05,0.015,0.95,0.4,0.3,1.0,0.0,6.01,-17.3,True
1.05,0.015,0.97,0.1,0.0,0.0,1.0,2.18,-16.41,True
1.05,0.015,0.97,0.1,0.0,0.25,0.75,2.15,-15.18,True
1.05,0.015,0.97,0.1,0.0,0.5,0.5,2.1,-13.85,True
1.05,0.015,0.97,0.1,0.0,0.75,0.25,2.04,-12.41,True
1.05,0.015,0.97,0.1,0.0,1.0,0.0,1.97,-10.84,True
1.05,0.015,0.97,0.1,0.1,0.0,1.0,4.02,-13.42,True
1.05,0.015,0.97,0.1,0.1,0.25,0.75,4.0,-12.26,True
1.05,0.015,0.97,0.1,0.1,0.5,0.5,3.98,-11.02,True
1.05,0.015,0.97,0.1,0.1,0.75,0.25,3.94,-9.67,True
1.05,0.015,0.97,0.1,0.1,1.0,0.0,3.89,-8.22,True
1.05,0.015,0.97,0.1,0.2,0.0,1.0,5.33,-10.76,True
1.05,0.015,0.97,0.1,0.2,0.25,0.75,5.32,-9.7,True
1.05,0.015,0.97,0.1,0.2,0.5,0.5,5.3,-9.57,True
1.05,0.015,0.97,0.1,0.2,0.75,0.25,5.27,-9.82,True
1.05,0.015,0.97,0.1,0.2,1.0,0.0,5.23,-10.1,True
1.05,0.015,0.97,0.1,0.3,0.0,1.0,6.18,-13.85,True
1.05,0.015,0.97,0.1,0.3,0.25,0.75,6.19,-13.83,True
1.05,0.015,0.97,0.1,0.3,0.5,0.5,6.18,-13.81,True
1.05,0.015,0.97,0.1,0.3,0.75,0.25,6.16,-13.8,True
1.05,0.015,0.97,0.1,0.3,1.0,0.0,6.14,-13.81,True
1.05,0.015,0.97,0.2,0.0,0.0,1.0,2.01,-18.32,True
1.05,0.015,0.97,0.2,0.0,0.25,0.75,2.09,-16.98,True
1.05,0.015,0.97,0.2,0.0,0.5,0.5,2.15,-15.52,True
1.05,0.015,0.97,0.2,0.0,0.75,0.25,2.18,-13.93,True
1.05,0.015,0.97,0.2,0.0,1.0,0.0,2.18,-12.18,True
1.05,0.015,0.97,0.2,0.1,0.0,1.0,3.47,-17.72,True
1.05,0.015,0.97,0.2,0.1,0.25,0.75,3.56,-16.37,True
1.05,0.015,0.97,0.2,0.1,0.5,0.5,3.63,-15.01,True
1.05,0.015,0.97,0.2,0.1,0.75,0.25,3.68,-13.65,True
1.05,0.015,0.97,0.2,0.1,1.0,0.0,3.71,-12.28,True
1.05,0.015,0.97,0.2,0.2,0.0,1.0,4.63,-16.19,True
1.05,0.015,0.97,0.2,0.2,0.25,0.75,4.71,-15.01,True
1.05,0.015,0.97,0.2,0.2,0.5,0.5,4.78,-13.83,True
1.05,0.015,0.97,0.2,0.2,0.75,0.25,4.84,-12.63,True
1.05,0.015,0.97,0.2,0.2,1.0,0.0,4.88,-11.41,True
1.05,0.015,0.97,0.2,0.3,0.0,1.0,5.52,-15.26,True
1.05,0.015,0.97,0.2,0.3,0.25,0.75,5.6,-15.04,True
1.05,0.015,0.97,0.2,0.3,0.5,0.5,5.68,-14.88,True
1.05,0.015,0.97,0.2,0.3,0.75,0.25,5.74,-14.73,True
1.05,0.015,0.97,0.2,0.3,1.0,0.0,5.8,-14.59,True
1.05,0.015,0.97,0.3,0.0,0.0,1.0,0.8,-22.12,True
1.05,0.015,0.97,0.3,0.0,0.25,0.75,1.04,-20.48,True
1.05,0.015,0.97,0.3,0.0,0.5,0.5,1.24,-18.83,True
1.05,0.015,0.97,0.3,0.0,0.75,0.25,1.41,-17.16,True
1.05,0.015,0.97,0.3,0.0,1.0,0.0,1.53,-15.47,True
1.05,0.015,0.97,0.3,0.1,0.0,1.0,2.7,-19.66,True
1.05,0.015,0.97,0.3,0.1,0.25,0.75,2.86,-17.98,True
1.05,0.015,0.97,0.3,0.1,0.5,0.5,3.01,-16.59,True
1.05,0.015,0.97,0.3,0.1,0.75,0.25,3.14,-15.17,True
1.05,0.015,0.97,0.3,0.1,1.0,0.0,3.25,-13.74,True
1.05,0.015,0.97,0.3,0.2,0.0,1.0,4.11,-18.91,True
1.05,0.015,0.97,0.3,0.2,0.25,0.75,4.23,-17.17,True
1.05,0.015,0.97,0.3,0.2,0.5,0.5,4.36,-15.41,True
1.05,0.015,0.97,0.3,0.2,0.75,0.25,4.47,-13.62,True
1.05,0.015,0.97,0.3,0.2,1.0,0.0,4.57,-12.33,True
1.05,0.015,0.97,0.3,0.3,0.0,1.0,5.26,-18.14,True
1.05,0.015,0.97,0.3,0.3,0.25,0.75,5.35,-16.67,True
1.05,0.015,0.97,0.3,0.3,0.5,0.5,5.44,-16.34,True
1.05,0.015,0.97,0.3,0.3,0.75,0.25,5.52,-16.06,True
1.05,0.015,0.97,0.3,0.3,1.0,0.0,5.61,-15.78,True
1.05,0.015,0.97,0.4,0.0,0.0,1.0,-0.04,-25.78,True
1.05,0.015,0.97,0.4,0.0,0.25,0.75,0.3,-23.65,True
1.05,0.015,0.97,0.4,0.0,0.5,0.5,0.6,-21.47,True
1.05,0.015,0.97,0.4,0.0,0.75,0.25,0.85,-19.24,True
1.05,0.015,0.97,0.4,0.0,1.0,0.0,1.07,-16.97,True
1.05,0.015,0.97,0.4,0.1,0.0,1.0,2.29,-25.03,True
1.05,0.015,0.97,0.4,0.1,0.25,0.75,2.49,-22.89,True
1.05,0.015,0.97,0.4,0.1,0.5,0.5,2.69,-20.71,True
1.05,0.015,0.97,0.4,0.1,0.75,0.25,2.87,-18.49,True
1.05,0.015,0.97,0.4,0.1,1.0,0.0,3.02,-16.22,True
1.05,0.015,0.97,0.4,0.2,0.0,1.0,3.88,-23.9,True
1.05,0.015,0.97,0.4,0.2,0.25,0.75,4.02,-21.77,True
1.05,0.015,0.97,0.4,0.2,0.5,0.5,4.15,-19.6,True
1.05,0.015,0.97,0.4,0.2,0.75,0.25,4.29,-17.38,True
1.05,0.015,0.97,0.4,0.2,1.0,0.0,4.43,-15.1,True
1.05,0.015,0.97,0.4,0.3,0.0,1.0,5.22,-20.91,True
1.05,0.015,0.97,0.4,0.3,0.25,0.75,5.31,-18.9,True
1.05,0.015,0.97,0.4,0.3,0.5,0.5,5.39,-16.86,True
1.05,0.015,0.97,0.4,0.3,0.75,0.25,5.48,-16.25,True
1.05,0.015,0.97,0.4,0.3,1.0,0.0,5.57,-15.99,True
1.05,0.015,0.99,0.1,0.0,0.0,1.0,0.94,-13.11,True
1.05,0.015,0.99,0.1,0.0,0.25,0.75,0.94,-11.82,True
1.05,0.015,0.99,0.1,0.0,0.5,0.5,0.94,-10.51,True
1.05,0.015,0.99,0.1,0.0,0.75,0.25,0.93,-9.19,True
1.05,0.015,0.99,0.1,0.0,1.0,0.0,0.91,-7.86,True
1.05,0.015,0.99,0.1,0.1,0.0,1.0,3.0,-9.73,True
1.05,0.015,0.99,0.1,0.1,0.25,0.75,3.01,-8.36,True
1.05,0.015,0.99,0.1,0.1,0.5,0.5,3.02,-6.98,True
1.05,0.015,0.99,0.1,0.1,0.75,0.25,3.02,-6.94,True
1.05,0.015,0.99,0.1,0.1,1.0,0.0,3.02,-7.07,True
1.05,0.015,0.99,0.1,0.2,0.0,1.0,4.5,-10.24,True
1.05,0.015,0.99,0.1,0.2,0.25,0.75,4.51,-10.4,True
1.05,0.015,0.99,0.1,0.2,0.5,0.5,4.52,-10.56,True
1.05,0.015,0.99,0.1,0.2,0.75,0.25,4.52,-10.74,True
1.05,0.015,0.99,0.1,0.2,1.0,0.0,4.52,-10.91,True
1.05,0.015,0.99,0.1,0.3,0.0,1.0,5.6,-12.76,True
1.05,0.015,0.99,0.1,0.3,0.25,0.75,5.61,-12.89,True
1.05,0.015,0.99,0.1,0.3,0.5,0.5,5.62,-13.07,True
1.05,0.015,0.99,0.1,0.3,0.75,0.25,5.62,-13.26,True
1.05,0.015,0.99,0.1,0.3,1.0,0.0,5.63,-13.46,True
1.05,0.015,0.99,0.2,0.0,0.0,1.0,1.45,-22.26,True
1.05,0.015,0.99,0.2,0.0,0.25,0.75,1.47,-20.1,True
1.05,0.015,0.99,0.2,0.0,0.5,0.5,1.48,-17.9,True
1.05,0.015,0.99,0.2,0.0,0.75,0.25,1.48,-15.67,True
1.05,0.015,0.99,0.2,0.0,1.0,0.0,1.47,-13.4,True
1.05,0.015,0.99,0.2,0.1,0.0,1.0,3.3,-19.88,True
1.05,0.015,0.99,0.2,0.1,0.25,0.75,3.32,-17.65,True
1.05,0.015,0.99,0.2,0.1,0.5,0.5,3.33,-15.37,True
1.05,0.015,0.99,0.2,0.1,0.75,0.25,3.34,-13.06,True
1.05,0.015,0.99,0.2,0.1,1.0,0.0,3.34,-10.72,True
1.05,0.015,0.99,0.2,0.2,0.0,1.0,4.76,-14.3,True
1.05,0.015,0.99,0.2,0.2,0.25,0.75,4.78,-12.24,True
1.05,0.015,0.99,0.2,0.2,0.5,0.5,4.78,-10.16,True
1.05,0.015,0.99,0.2,0.2,0.75,0.25,4.79,-9.92,True
1.05,0.015,0.99,0.2,0.2,1.0,0.0,4.79,-10.15,True
1.05,0.015,0.99,0.2,0.3,0.0,1.0,5.88,-13.3,True
1.05,0.015,0.99,0.2,0.3,0.25,0.75,5.88,-13.3,True
1.05,0.015,0.99,0.2,0.3,0.5,0.5,5.88,-13.29,True
1.05,0.015,0.99,0.2,0.3,0.75,0.25,5.88,-13.29,True
1.05,0.015,0.99,0.2,0.3,1.0,0.0,5.88,-13.29,True
1.05,0.015,0.99,0.3,0.0,0.0,1.0,1.27,-32.07,True
1.05,0.015,0.99,0.3,0.0,0.25,0.75,1.34,-29.19,True
1.05,0.015,0.99,0.3,0.0,0.5,0.5,1.4,-26.24,True
1.05,0.015,0.99,0.3,0.0,0.75,0.25,1.45,-23.21,True
1.05,0.015,0.99,0.3,0.0,1.0,0.0,1.48,-20.11,True
1.05,0.015,0.99,0.3,0.1,0.0,1.0,3.31,-22.04,True
1.05,0.015,0.99,0.3,0.1,0.25,0.75,3.36,-19.61,True
1.05,0.015,0.99,0.3,0.1,0.5,0.5,3.39,-17.12,True
1.05,0.015,0.99,0.3,0.1,0.75,0.25,3.42,-14.56,True
1.05,0.015,0.99,0.3,0.1,1.0,0.0,3.43,-11.95,True
1.05,0.015,0.99,0.3,0.2,0.0,1.0,4.72,-15.31,True
1.05,0.015,0.99,0.3,0.2,0.25,0.75,4.76,-13.19,True
1.05,0.015,0.99,0.3,0.2,0.5,0.5,4.79,-11.05,True
1.05,0.015,0.99,0.3,0.2,0.75,0.25,4.8,-10.18,True
1.05,0.015,0.99,0.3,0.2,1.0,0.0,4.81,-10.35,True
1.05,0.015,0.99,0.3,0.3,0.0,1.0,5.74,-13.24,True
1.05,0.015,0.99,0.3,0.3,0.25,0.75,5.78,-13.27,True
1.05,0.015,0.99,0.3,0.3,0.5,0.5,5.82,-13.3,True
1.05,0.015,0.99,0.3,0.3,0.75,0.25,5.85,-13.34,True
1.05,0.015,0.99,0.3,0.3,1.0,0.0,5.86,-13.46,True
1.05,0.015,0.99,0.4,0.0,0.0,1.0,1.09,-34.09,True
1.05,0.015,0.99,0.4,0.0,0.25,0.75,1.21,-31.08,True
1.05,0.015,0.99,0.4,0.0,0.5,0.5,1.31,-27.97,True
1.05,0.015,0.99,0.4,0.0,0.75,0.25,1.39,-24.78,True
1.05,0.015,0.99,0.4,0.0,1.0,0.0,1.46,-21.48,True
1.05,0.015,0.99,0.4,0.1,0.0,1.0,3.22,-23.32,True
1.05,0.015,0.99,0.4,0.1,0.25,0.75,3.29,-20.77,True
1.05,0.015,0.99,0.4,0.1,0.5,0.5,3.36,-18.16,True
1.05,0.015,0.99,0.4,0.1,0.75,0.25,3.41,-15.48,True
1.05,0.015,0.99,0.4,0.1,1.0,0.0,3.46,-12.74,True
1.05,0.015,0.99,0.4,0.2,0.0,1.0,4.63,-16.55,True
1.05,0.015,0.99,0.4,0.2,0.25,0.75,4.7,-14.43,True
1.05,0.015,0.99,0.4,0.2,0.5,0.5,4.75,-12.25,True
1.05,0.015,0.99,0.4,0.2,0.75,0.25,4.79,-10.52,True
1.05,0.015,0.99,0.4,0.2,1.0,0.0,4.83,-10.59,True
1.05,0.015,0.99,0.4,0.3,0.0,1.0,5.67,-13.24,True
1.05,0.015,0.99,0.4,0.3,0.25,0.75,5.72,-13.28,True
1.05,0.015,0.99,0.4,0.3,0.5,0.5,5.77,-13.35,True
1.05,0.015,0.99,0.4,0.3,0.75,0.25,5.81,-13.44,True
1.05,0.015,0.99,0.4,0.3,1.0,0.0,5.85,-13.54,True
1.05,0.015,1.0,0.1,0.0,0.0,1.0,0.26,-13.51,True
1.05,0.015,1.0,0.1,0.0,0.25,0.75,0.28,-12.4,True
1.05,0.015,1.0,0.1,0.0,0.5,0.5,0.29,-11.27,True
1.05,0.015,1.0,0.1,0.0,0.75,0.25,0.3,-10.13,True
1.05,0.015,1.0,0.1,0.0,1.0,0.0,0.31,-8.98,True
1.05,0.015,1.0,0.1,0.1,0.0,1.0,2.67,-9.99,True
1.05,0.015,1.0,0.1,0.1,0.25,0.75,2.68,-8.8,True
1.05,0.015,1.0,0.1,0.1,0.5,0.5,2.68,-7.59,True
1.05,0.015,1.0,0.1,0.1,0.75,0.25,2.69,-7.68,True
1.05,0.015,1.0,0.1,0.1,1.0,0.0,2.69,-7.77,True
1.05,0.015,1.0,0.1,0.2,0.0,1.0,4.24,-11.17,True
1.05,0.015,1.0,0.1,0.2,0.25,0.75,4.25,-11.29,True
1.05,0.015,1.0,0.1,0.2,0.5,0.5,4.25,-11.42,True
1.05,0.015,1.0,0.1,0.2,0.75,0.25,4.26,-11.55,True
1.05,0.015,1.0,0.1,0.2,1.0,0.0,4.26,-11.68,True
1.05,0.015,1.0,0.1,0.3,0.0,1.0,5.44,-15.31,True
1.05,0.015,1.0,0.1,0.3,0.25,0.75,5.45,-15.19,True
1.05,0.015,1.0,0.1,0.3,0.5,0.5,5.45,-15.07,True
1.05,0.015,1.0,0.1,0.3,0.75,0.25,5.46,-14.96,True
1.05,0.015,1.0,0.1,0.3,1.0,0.0,5.46,-14.85,True
1.05,0.015,1.0,0.2,0.0,0.0,1.0,0.62,-25.69,True
1.05,0.015,1.0,0.2,0.0,0.25,0.75,0.65,-23.67,True
1.05,0.015,1.0,0.2,0.0,0.5,0.5,0.68,-21.62,True
1.05,0.015,1.0,0.2,0.0,0.75,0.25,0.69,-19.53,True
1.05,0.015,1.0,0.2,0.0,1.0,0.0,0.7,-17.39,True
1.05,0.015,1.0,0.2,0.1,0.0,1.0,2.95,-22.09,True
1.05,0.015,1.0,0.2,0.1,0.25,0.75,2.96,-19.98,True
1.05,0.015,1.0,0.2,0.1,0.5,0.5,2.97,-17.82,True
1.05,0.015,1.0,0.2,0.1,0.75,0.25,2.98,-15.63,True
1.05,0.015,1.0,0.2,0.1,1.0,0.0,2.98,-13.4,True
1.05,0.015,1.0,0.2,0.2,0.0,1.0,4.48,-17.37,True
1.05,0.015,1.0,0.2,0.2,0.25,0.75,4.49,-15.32,True
1.05,0.015,1.0,0.2,0.2,0.5,0.5,4.5,-13.25,True
1.05,0.015,1.0,0.2,0.2,0.75,0.25,4.51,-11.15,True
1.05,0.015,1.0,0.2,0.2,1.0,0.0,4.51,-10.75,True
1.05,0.015,1.0,0.2,0.3,0.0,1.0,5.62,-15.42,True
1.05,0.015,1.0,0.2,0.3,0.25,0.75,5.63,-15.27,True
1.05,0.015,1.0,0.2,0.3,0.5,0.5,5.64,-15.13,True
1.05,0.015,1.0,0.2,0.3,0.75,0.25,5.65,-14.98,True
1.05,0.015,1.0,0.2,0.3,1.0,0.0,5.65,-14.84,True
1.05,0.015,1.0,0.3,0.0,0.0,1.0,0.87,-35.17,True
1.05,0.015,1.0,0.3,0.0,0.25,0.75,0.91,-32.52,True
1.05,0.015,1.0,0.3,0.0,0.5,0.5,0.95,-29.79,True
1.05,0.015,1.0,0.3,0.0,0.75,0.25,0.97,-26.99,True
1.05,0.015,1.0,0.3,0.0,1.0,0.0,0.98,-24.11,True
1.05,0.015,1.0,0.3,0.1,0.0,1.0,2.97,-27.33,True
1.05,0.015,1.0,0.3,0.1,0.25,0.75,3.01,-24.79,True
1.05,0.015,1.0,0.3,0.1,0.5,0.5,3.04,-22.22,True
1.05,0.015,1.0,0.3,0.1,0.75,0.25,3.06,-19.59,True
1.05,0.015,1.0,0.3,0.1,1.0,0.0,3.07,-16.9,True
1.05,0.015,1.0,0.3,0.2,0.0,1.0,4.45,-20.59,True
1.05,0.015,1.0,0.3,0.2,0.25,0.75,4.49,-18.29,True
1.05,0.015,1.0,0.3,0.2,0.5,0.5,4.53,-15.94,True
1.05,0.015,1.0,0.3,0.2,0.75,0.25,4.55,-13.58,True
1.05,0.015,1.0,0.3,0.2,1.0,0.0,4.56,-11.2,True
1.05,0.015,1.0,0.3,0.3,0.0,1.0,5.57,-14.96,True
1.05,0.015,1.0,0.3,0.3,0.25,0.75,5.6,-14.88,True
1.05,0.015,1.0,0.3,0.3,0.5,0.5,5.64,-14.8,True
1.05,0.015,1.0,0.3,0.3,0.75,0.25,5.67,-14.72,True
1.05,0.015,1.0,0.3,0.3,1.0,0.0,5.69,-14.64,True
1.05,0.015,1.0,0.4,0.0,0.0,1.0,0.79,-39.29,True
1.05,0.015,1.0,0.4,0.0,0.25,0.75,0.87,-36.39,True
1.05,0.015,1.0,0.4,0.0,0.5,0.5,0.94,-33.39,True
1.05,0.015,1.0,0.4,0.0,0.75,0.25,0.99,-30.29,True
1.05,0.015,1.0,0.4,0.0,1.0,0.0,1.02,-27.1,True
1.05,0.015,1.0,0.4,0.1,0.0,1.0,2.93,-30.23,True
1.05,0.015,1.0,0.4,0.1,0.25,0.75,3.0,-27.49,True
1.05,0.015,1.0,0.4,0.1,0.5,0.5,3.06,-24.68,True
1.05,0.015,1.0,0.4,0.1,0.75,0.25,3.1,-21.79,True
1.05,0.015,1.0,0.4,0.1,1.0,0.0,3.14,-18.82,True
1.05,0.015,1.0,0.4,0.2,0.0,1.0,4.45,-23.39,True
1.05,0.015,1.0,0.4,0.2,0.25,0.75,4.51,-20.9,True
1.05,0.015,1.0,0.4,0.2,0.5,0.5,4.55,-18.35,True
1.05,0.015,1.0,0.4,0.2,0.75,0.25,4.59,-15.74,True
1.05,0.015,1.0,0.4,0.2,1.0,0.0,4.62,-13.08,True
1.05,0.015,1.0,0.4,0.3,0.0,1.0,5.63,-15.72,True
1.05,0.015,1.0,0.4,0.3,0.25,0.75,5.67,-14.28,True
1.05,0.015,1.0,0.4,0.3,0.5,0.5,5.7,-14.25,True
1.05,0.015,1.0,0.4,0.3,0.75,0.25,5.73,-14.23,True
1.05,0.015,1.0,0.4,0.3,1.0,0.0,5.75,-14.2,True
1.05,0.015,1.01,0.1,0.0,0.0,1.0,-0.03,-8.33,True
1.05,0.015,1.01,0.1,0.0,0.25,0.75,-0.02,-7.59,True
1.05,0.015,1.01,0.1,0.0,0.5,0.5,-0.0,-6.85,True
1.05,0.015,1.01,0.1,0.0,0.75,0.25,0.01,-6.11,True
1.05,0.015,1.01,0.1,0.0,1.0,0.0,0.02,-5.36,True
1.05,0.015,1.01,0.1,0.1,0.0,1.0,2.51,-8.07,True
1.05,0.015,1.01,0.1,0.1,0.25,0.75,2.51,-8.13,True
1.05,0.015,1.01,0.1,0.1,0.5,0.5,2.52,-8.2,True
1.05,0.015,1.01,0.1,0.1,0.75,0.25,2.52,-8.27,True
1.05,0.015,1.01,0.1,0.1,1.0,0.0,2.53,-8.34,True
1.05,0.015,1.01,0.1,0.2,0.0,1.0,4.11,-12.01,True
1.05,0.015,1.01,0.1,0.2,0.25,0.75,4.12,-12.1,True
1.05,0.015,1.01,0.1,0.2,0.5,0.5,4.12,-12.2,True
1.05,0.015,1.01,0.1,0.2,0.75,0.25,4.13,-12.29,True
1.05,0.015,1.01,0.1,0.2,1.0,0.0,4.13,-12.39,True
1.05,0.015,1.01,0.1,0.3,0.0,1.0,5.31,-15.42,True
1.05,0.015,1.01,0.1,0.3,0.25,0.75,5.32,-15.33,True
1.05,0.015,1.01,0.1,0.3,0.5,0.5,5.33,-15.23,True
1.05,0.015,1.01,0.1,0.3,0.75,0.25,5.33,-15.13,True
1.05,0.015,1.01,0.1,0.3,1.0,0.0,5.34,-15.03,True
1.05,0.015,1.01,0.2,0.0,0.0,1.0,0.07,-16.16,True
1.05,0.015,1.01,0.2,0.0,0.25,0.75,0.1,-14.77,True
1.05,0.015,1.01,0.2,0.0,0.5,0.5,0.13,-13.37,True
1.05,0.015,1.01,0.2,0.0,0.75,0.25,0.15,-11.95,True
1.05,0.015,1.01,0.2,0.0,1.0,0.0,0.17,-10.51,True
1.05,0.015,1.01,0.2,0.1,0.0,1.0,2.55,-12.59,True
1.05,0.015,1.01,0.2,0.1,0.25,0.75,2.57,-11.12,True
1.05,0.015,1.01,0.2,0.1,0.5,0.5,2.59,-9.64,True
1.05,0.015,1.01,0.2,0.1,0.75,0.25,2.6,-8.64,True
1.05,0.015,1.01,0.2,0.1,1.0,0.0,2.61,-7.9,True
1.05,0.015,1.01,0.2,0.2,0.0,1.0,4.14,-11.88,True
1.05,0.015,1.01,0.2,0.2,0.25,0.75,4.16,-11.71,True
1.05,0.015,1.01,0.2,0.2,0.5,0.5,4.17,-11.81,True
1.05,0.015,1.01,0.2,0.2,0.75,0.25,4.19,-11.93,True
1.05,0.015,1.01,0.2,0.2,1.0,0.0,4.2,-12.06,True
1.05,0.015,1.01,0.2,0.3,0.0,1.0,5.26,-16.54,True
1.05,0.015,1.01,0.2,0.3,0.25,0.75,5.29,-16.33,True
1.05,0.015,1.01,0.2,0.3,0.5,0.5,5.31,-16.13,True
1.05,0.015,1.01,0.2,0.3,0.75,0.25,5.33,-15.93,True
1.05,0.015,1.01,0.2,0.3,1.0,0.0,5.36,-15.73,True
1.05,0.015,1.01,0.3,0.0,0.0,1.0,-0.04,-23.51,True
1.05,0.015,1.01,0.3,0.0,0.25,0.75,0.02,-21.55,True
1.05,0.015,1.01,0.3,0.0,0.5,0.5,0.08,-19.56,True
1.05,0.015,1.01,0.3,0.0,0.75,0.25,0.13,-17.53,True
1.05,0.015,1.01,0.3,0.0,1.0,0.0,0.17,-15.46,True
1.05,0.015,1.01,0.3,0.1,0.0,1.0,2.26,-16.52,True
1.05,0.015,1.01,0.3,0.1,0.25,0.75,2.33,-14.75,True
1.05,0.015,1.01,0.3,0.1,0.5,0.5,2.39,-12.96,True
1.05,0.015,1.01,0.3,0.1,0.75,0.25,2.44,-11.13,True
1.05,0.015,1.01,0.3,0.1,1.0,0.0,2.48,-9.37,True
1.05,0.015,1.01,0.3,0.2,0.0,1.0,3.86,-13.37,True
1.05,0.015,1.01,0.3,0.2,0.25,0.75,3.92,-12.45,True
1.05,0.015,1.01,0.3,0.2,0.5,0.5,3.98,-12.44,True
1.05,0.015,1.01,0.3,0.2,0.75,0.25,4.03,-12.47,True
1.05,0.015,1.01,0.3,0.2,1.0,0.0,4.07,-12.5,True
1.05,0.015,1.01,0.3,0.3,0.0,1.0,5.17,-16.87,True
1.05,0.015,1.01,0.3,0.3,0.25,0.75,5.22,-16.68,True
1.05,0.015,1.01,0.3,0.3,0.5,0.5,5.26,-16.5,True
1.05,0.015,1.01,0.3,0.3,0.75,0.25,5.3,-16.33,True
1.05,0.015,1.01,0.3,0.3,1.0,0.0,5.34,-16.15,True
1.05,0.015,1.01,0.4,0.0,0.0,1.0,-0.54,-28.16,True
1.05,0.015,1.01,0.4,0.0,0.25,0.75,-0.41,-25.86,True
1.05,0.015,1.01,0.4,0.0,0.5,0.5,-0.29,-23.51,True
1.05,0.015,1.01,0.4,0.0,0.75,0.25,-0.18,-21.11,True
1.05,0.015,1.01,0.4,0.0,1.0,0.0,-0.09,-18.66,True
1.05,0.015,1.01,0.4,0.1,0.0,1.0,1.95,-17.28,True
1.05,0.015,1.01,0.4,0.1,0.25,0.75,2.06,-15.49,True
1.05,0.015,1.01,0.4,0.1,0.5,0.5,2.16,-13.63,True
1.05,0.015,1.01,0.4,0.1,0.75,0.25,2.25,-11.84,True
1.05,0.015,1.01,0.4,0.1,1.0,0.0,2.34,-10.56,True
1.05,0.015,1.01,0.4,0.2,0.0,1.0,3.8,-14.59,True
1.05,0.015,1.01,0.4,0.2,0.25,0.75,3.87,-13.56,True
1.05,0.015,1.01,0.4,0.2,0.5,0.5,3.94,-12.68,True
1.05,0.015,1.01,0.4,0.2,0.75,0.25,4.0,-12.69,True
1.05,0.015,1.01,0.4,0.2,1.0,0.0,4.06,-12.72,True
1.05,0.015,1.01,0.4,0.3,0.0,1.0,5.2,-16.47,True
1.05,0.015,1.01,0.4,0.3,0.25,0.75,5.24,-16.31,True
1.05,0.015,1.01,0.4,0.3,0.5,0.5,5.28,-16.16,True
1.05,0.015,1.01,0.4,0.3,0.75,0.25,5.32,-16.02,True
1.05,0.015,1.01,0.4,0.3,1.0,0.0,5.36,-15.87,True
1.05,0.015,1.02,0.1,0.0,0.0,1.0,0.61,-7.57,True
1.05,0.015,1.02,0.1,0.0,0.25,0.75,0.57,-6.92,True
1.05,0.015,1.02,0.1,0.0,0.5,0.5,0.53,-6.28,True
1.05,0.015,1.02,0.1,0.0,0.75,0.25,0.49,-5.63,True
1.05,0.015,1.02,0.1,0.0,1.0,0.0,0.44,-4.97,True
1.05,0.015,1.02,0.1,0.1,0.0,1.0,3.0,-7.5,True
1.05,0.015,1.02,0.1,0.1,0.25,0.75,2.96,-7.59,True
1.05,0.015,1.02,0.1,0.1,0.5,0.5,2.92,-7.7,True
1.05,0.015,1.02,0.1,0.1,0.75,0.25,2.88,-7.8,True
1.05,0.015,1.02,0.1,0.1,1.0,0.0,2.84,-7.91,True
1.05,0.015,1.02,0.1,0.2,0.0,1.0,4.56,-11.27,True
1.05,0.015,1.02,0.1,0.2,0.25,0.75,4.52,-11.41,True
1.05,0.015,1.02,0.1,0.2,0.5,0.5,4.49,-11.55,True
1.05,0.015,1.02,0.1,0.2,0.75,0.25,4.45,-11.69,True
1.05,0.015,1.02,0.1,0.2,1.0,0.0,4.41,-11.84,True
1.05,0.015,1.02,0.1,0.3,0.0,1.0,5.73,-14.82,True
1.05,0.015,1.02,0.1,0.3,0.25,0.75,5.7,-14.76,True
1.05,0.015,1.02,0.1,0.3,0.5,0.5,5.67,-14.7,True
1.05,0.015,1.02,0.1,0.3,0.75,0.25,5.63,-14.65,True
1.05,0.015,1.02,0.1,0.3,1.0,0.0,5.6,-14.59,True
1.05,0.015,1.02,0.2,0.0,0.0,1.0,1.29,-14.81,True
1.05,0.015,1.02,0.2,0.0,0.25,0.75,1.22,-13.57,True
1.05,0.015,1.02,0.2,0.0,0.5,0.5,1.14,-12.33,True
1.05,0.015,1.02,0.2,0.0,0.75,0.25,1.05,-11.08,True
1.05,0.015,1.02,0.2,0.0,1.0,0.0,0.97,-9.81,True
1.05,0.015,1.02,0.2,0.1,0.0,1.0,3.47,-11.72,True
1.05,0.015,1.02,0.2,0.1,0.25,0.75,3.42,-10.37,True
1.05,0.015,1.02,0.2,0.1,0.5,0.5,3.36,-9.01,True
1.05,0.015,1.02,0.2,0.1,0.75,0.25,3.28,-7.64,True
1.05,0.015,1.02,0.2,0.1,1.0,0.0,3.21,-7.16,True
1.05,0.015,1.02,0.2,0.2,0.0,1.0,4.87,-10.79,True
1.05,0.015,1.02,0.2,0.2,0.25,0.75,4.84,-10.77,True
1.05,0.015,1.02,0.2,0.2,0.5,0.5,4.8,-10.76,True
1.05,0.015,1.02,0.2,0.2,0.75,0.25,4.77,-10.85,True
1.05,0.015,1.02,0.2,0.2,1.0,0.0,4.71,-11.08,True
1.05,0.015,1.02,0.2,0.3,0.0,1.0,5.88,-15.2,True
1.05,0.015,1.02,0.2,0.3,0.25,0.75,5.86,-15.17,True
1.05,0.015,1.02,0.2,0.3,0.5,0.5,5.85,-15.14,True
1.05,0.015,1.02,0.2,0.3,0.75,0.25,5.83,-15.11,True
1.05,0.015,1.02,0.2,0.3,1.0,0.0,5.8,-15.01,True
1.05,0.015,1.02,0.3,0.0,0.0,1.0,1.59,-21.72,True
1.05,0.015,1.02,0.3,0.0,0.25,0.75,1.51,-19.95,True
1.05,0.015,1.02,0.3,0.0,0.5,0.5,1.43,-18.16,True
1.05,0.015,1.02,0.3,0.0,0.75,0.25,1.33,-16.35,True
1.05,0.015,1.02,0.3,0.0,1.0,0.0,1.23,-14.52,True
1.05,0.015,1.02,0.3,0.1,0.0,1.0,3.45,-15.86,True
1.05,0.015,1.02,0.3,0.1,0.25,0.75,3.41,-14.06,True
1.05,0.015,1.02,0.3,0.1,0.5,0.5,3.38,-12.26,True
1.05,0.015,1.02,0.3,0.1,0.75,0.25,3.33,-10.44,True
1.05,0.015,1.02,0.3,0.1,1.0,0.0,3.28,-8.62,True
1.05,0.015,1.02,0.3,0.2,0.0,1.0,4.73,-11.01,True
1.05,0.015,1.02,0.3,0.2,0.25,0.75,4.73,-10.97,True
1.05,0.015,1.02,0.3,0.2,0.5,0.5,4.72,-10.93,True
1.05,0.015,1.02,0.3,0.2,0.75,0.25,4.71,-10.93,True
1.05,0.015,1.02,0.3,0.2,1.0,0.0,4.69,-11.18,True
1.05,0.015,1.02,0.3,0.3,0.0,1.0,5.81,-15.3,True
1.05,0.015,1.02,0.3,0.3,0.25,0.75,5.81,-15.25,True
1.05,0.015,1.02,0.3,0.3,0.5,0.5,5.81,-15.21,True
1.05,0.015,1.02,0.3,0.3,0.75,0.25,5.81,-15.17,True
1.05,0.015,1.02,0.3,0.3,1.0,0.0,5.8,-15.12,True
1.05,0.015,1.02,0.4,0.0,0.0,1.0,1.39,-25.35,True
1.05,0.015,1.02,0.4,0.0,0.25,0.75,1.35,-23.3,True
1.05,0.015,1.02,0.4,0.0,0.5,0.5,1.3,-21.21,True
1.05,0.015,1.02,0.4,0.0,0.75,0.25,1.23,-19.1,True
1.05,0.015,1.02,0.4,0.0,1.0,0.0,1.16,-16.95,True
1.05,0.015,1.02,0.4,0.1,0.0,1.0,3.27,-16.88,True
1.05,0.015,1.02,0.4,0.1,0.25,0.75,3.27,-14.98,True
1.05,0.015,1.02,0.4,0.1,0.5,0.5,3.26,-13.06,True
1.05,0.015,1.02,0.4,0.1,0.75,0.25,3.25,-11.12,True
1.05,0.015,1.02,0.4,0.1,1.0,0.0,3.22,-9.16,True
1.05,0.015,1.02,0.4,0.2,0.0,1.0,4.72,-12.39,True
1.05,0.015,1.02,0.4,0.2,0.25,0.75,4.72,-11.85,True
1.05,0.015,1.02,0.4,0.2,0.5,0.5,4.72,-11.31,True
1.05,0.015,1.02,0.4,0.2,0.75,0.25,4.71,-10.9,True
1.05,0.015,1.02,0.4,0.2,1.0,0.0,4.7,-11.14,True
1.05,0.015,1.02,0.4,0.3,0.0,1.0,5.84,-15.1,True
1.05,0.015,1.02,0.4,0.3,0.25,0.75,5.85,-15.06,True
1.05,0.015,1.02,0.4,0.3,0.5,0.5,5.84,-15.03,True
1.05,0.015,1.02,0.4,0.3,0.75,0.25,5.84,-15.0,True
1.05,0.015,1.02,0.4,0.3,1.0,0.0,5.82,-14.97,True
1.05,0.02,0.95,0.1,0.0,0.0,1.0,0.3,-15.5,True
1.05,0.02,0.95,0.1,0.0,0.25,0.75,0.38,-13.86,True
1.05,0.02,0.95,0.1,0.0,0.5,0.5,0.45,-12.18,True
1.05,0.02,0.95,0.1,0.0,0.75,0.25,0.52,-10.47,True
1.05,0.02,0.95,0.1,0.0,1.0,0.0,0.58,-8.72,True
1.05,0.02,0.95,0.1,0.1,0.0,1.0,2.51,-12.02,True
1.05,0.02,0.95,0.1,0.1,0.25,0.75,2.55,-10.53,True
1.05,0.02,0.95,0.1,0.1,0.5,0.5,2.6,-9.01,True
1.05,0.02,0.95,0.1,0.1,0.75,0.25,2.64,-7.59,True
1.05,0.02,0.95,0.1,0.1,1.0,0.0,2.68,-7.2,True
1.05,0.02,0.95,0.1,0.2,0.0,1.0,4.19,-10.48,True
1.05,0.02,0.95,0.1,0.2,0.25,0.75,4.21,-10.58,True
1.05,0.02,0.95,0.1,0.2,0.5,0.5,4.22,-10.69,True
1.05,0.02,0.95,0.1,0.2,0.75,0.25,4.23,-10.8,True
1.05,0.02,0.95,0.1,0.2,1.0,0.0,4.24,-10.92,True
1.05,0.02,0.95,0.1,0.3,0.0,1.0,5.48,-14.0,True
1.05,0.02,0.95,0.1,0.3,0.25,0.75,5.49,-13.89,True
1.05,0.02,0.95,0.1,0.3,0.5,0.5,5.49,-13.77,True
1.05,0.02,0.95,0.1,0.3,0.75,0.25,5.48,-13.66,True
1.05,0.02,0.95,0.1,0.3,1.0,0.0,5.48,-13.55,True
1.05,0.02,0.95,0.2,0.0,0.0,1.0,2.08,-15.13,True
1.05,0.02,0.95,0.2,0.0,0.25,0.75,2.08,-13.93,True
1.05,0.02,0.95,0.2,0.0,0.5,0.5,2.07,-12.61,True
1.05,0.02,0.95,0.2,0.0,0.75,0.25,2.05,-11.17,True
1.05,0.02,0.95,0.2,0.0,1.0,0.0,2.02,-9.58,True
1.05,0.02,0.95,0.2,0.1,0.0,1.0,4.16,-11.93,True
1.05,0.02,0.95,0.2,0.1,0.25,0.75,4.12,-10.65,True
1.05,0.02,0.95,0.2,0.1,0.5,0.5,4.08,-9.51,True
1.05,0.02,0.95,0.2,0.1,0.75,0.25,4.03,-8.25,True
1.05,0.02,0.95,0.2,0.1,1.0,0.0,3.97,-6.86,True
1.05,0.02,0.95,0.2,0.2,0.0,1.0,5.55,-10.21,True
1.05,0.02,0.95,0.2,0.2,0.25,0.75,5.5,-10.11,True
1.05,0.02,0.95,0.2,0.2,0.5,0.5,5.44,-9.99,True
1.05,0.02,0.95,0.2,0.2,0.75,0.25,5.37,-9.86,True
1.05,0.02,0.95,0.2,0.2,1.0,0.0,5.3,-9.73,True
1.05,0.02,0.95,0.2,0.3,0.0,1.0,6.6,-14.41,True
1.05,0.02,0.95,0.2,0.3,0.25,0.75,6.54,-14.27,True
1.05,0.02,0.95,0.2,0.3,0.5,0.5,6.47,-14.14,True
1.05,0.02,0.95,0.2,0.3,0.75,0.25,6.4,-14.01,True
1.05,0.02,0.95,0.2,0.3,1.0,0.0,6.32,-13.88,True
1.05,0.02,0.95,0.3,0.0,0.0,1.0,3.63,-18.16,True
1.05,0.02,0.95,0.3,0.0,0.25,0.75,3.55,-16.66,True
1.05,0.02,0.95,0.3,0.0,0.5,0.5,3.45,-15.14,True
1.05,0.02,0.95,0.3,0.0,0.75,0.25,3.34,-13.62,True
1.05,0.02,0.95,0.3,0.0,1.0,0.0,3.22,-12.08,True
1.05,0.02,0.95,0.3,0.1,0.0,1.0,5.19,-14.67,True
1.05,0.02,0.95,0.3,0.1,0.25,0.75,5.11,-13.09,True
1.05,0.02,0.95,0.3,0.1,0.5,0.5,5.01,-11.49,True
1.05,0.02,0.95,0.3,0.1,0.75,0.25,4.9,-9.89,True
1.05,0.02,0.95,0.3,0.1,1.0,0.0,4.78,-8.26,True
1.05,0.02,0.95,0.3,0.2,0.0,1.0,6.28,-11.73,True
1.05,0.02,0.95,0.3,0.2,0.25,0.75,6.19,-10.35,True
1.05,0.02,0.95,0.3,0.2,0.5,0.5,6.1,-10.2,True
1.05,0.02,0.95,0.3,0.2,0.75,0.25,5.99,-10.06,True
1.05,0.02,0.95,0.3,0.2,1.0,0.0,5.86,-9.92,True
1.05,0.02,0.95,0.3,0.3,0.0,1.0,6.79,-15.05,True
1.05,0.02,0.95,0.3,0.3,0.25,0.75,6.73,-14.84,True
1.05,0.02,0.95,0.3,0.3,0.5,0.5,6.65,-14.64,True
1.05,0.02,0.95,0.3,0.3,0.75,0.25,6.57,-14.44,True
1.05,0.02,0.95,0.3,0.3,1.0,0.0,6.49,-14.25,True
1.05,0.02,0.95,0.4,0.0,0.0,1.0,4.44,-20.44,True
1.05,0.02,0.95,0.4,0.0,0.25,0.75,4.34,-18.74,True
1.05,0.02,0.95,0.4,0.0,0.5,0.5,4.21,-17.02,True
1.05,0.02,0.95,0.4,0.0,0.75,0.25,4.06,-15.29,True
1.05,0.02,0.95,0.4,0.0,1.0,0.0,3.89,-13.54,True
1.05,0.02,0.95,0.4,0.1,0.0,1.0,5.7,-16.67,True
1.05,0.02,0.95,0.4,0.1,0.25,0.75,5.6,-14.94,True
1.05,0.02,0.95,0.4,0.1,0.5,0.5,5.48,-13.18,True
1.05,0.02,0.95,0.4,0.1,0.75,0.25,5.34,-11.41,True
1.05,0.02,0.95,0.4,0.1,1.0,0.0,5.18,-9.58,True
1.05,0.02,0.95,0.4,0.2,0.0,1.0,6.11,-12.86,True
1.05,0.02,0.95,0.4,0.2,0.25,0.75,6.06,-11.58,True
1.05,0.02,0.95,0.4,0.2,0.5,0.5,6.0,-10.73,True
1.05,0.02,0.95,0.4,0.2,0.75,0.25,5.92,-10.36,True
1.05,0.02,0.95,0.4,0.2,1.0,0.0,5.82,-10.17,True
1.05,0.02,0.95,0.4,0.3,0.0,1.0,6.43,-15.14,True
1.05,0.02,0.95,0.4,0.3,0.25,0.75,6.42,-14.92,True
1.05,0.02,0.95,0.4,0.3,0.5,0.5,6.4,-14.7,True
1.05,0.02,0.95,0.4,0.3,0.75,0.25,6.37,-14.48,True
1.05,0.02,0.95,0.4,0.3,1.0,0.0,6.33,-14.27,True
1.05,0.02,0.97,0.1,0.0,0.0,1.0,0.69,-11.78,True
1.05,0.02,0.97,0.1,0.0,0.25,0.75,0.69,-10.74,True
1.05,0.02,0.97,0.1,0.0,0.5,0.5,0.67,-9.65,True
1.05,0.02,0.97,0.1,0.0,0.75,0.25,0.66,-8.51,True
1.05,0.02,0.97,0.1,0.0,1.0,0.0,0.63,-7.31,True
1.05,0.02,0.97,0.1,0.1,0.0,1.0,2.76,-10.28,True
1.05,0.02,0.97,0.1,0.1,0.25,0.75,2.74,-9.26,True
1.05,0.02,0.97,0.1,0.1,0.5,0.5,2.72,-8.19,True
1.05,0.02,0.97,0.1,0.1,0.75,0.25,2.7,-7.25,True
1.05,0.02,0.97,0.1,0.1,1.0,0.0,2.67,-7.31,True
1.05,0.02,0.97,0.1,0.2,0.0,1.0,4.33,-10.71,True
1.05,0.02,0.97,0.1,0.2,0.25,0.75,4.3,-10.82,True
1.05,0.02,0.97,0.1,0.2,0.5,0.5,4.26,-10.94,True
1.05,0.02,0.97,0.1,0.2,0.75,0.25,4.23,-11.06,True
1.05,0.02,0.97,0.1,0.2,1.0,0.0,4.19,-11.19,True
1.05,0.02,0.97,0.1,0.3,0.0,1.0,5.51,-14.24,True
1.05,0.02,0.97,0.1,0.3,0.25,0.75,5.48,-14.09,True
1.05,0.02,0.97,0.1,0.3,0.5,0.5,5.45,-13.95,True
1.05,0.02,0.97,0.1,0.3,0.75,0.25,5.42,-13.81,True
1.05,0.02,0.97,0.1,0.3,1.0,0.0,5.38,-13.68,True
1.05,0.02,0.97,0.2,0.0,0.0,1.0,1.55,-16.34,True
1.05,0.02,0.97,0.2,0.0,0.25,0.75,1.54,-15.12,True
1.05,0.02,0.97,0.2,0.0,0.5,0.5,1.51,-13.8,True
1.05,0.02,0.97,0.2,0.0,0.75,0.25,1.47,-12.5,True
1.05,0.02,0.97,0.2,0.0,1.0,0.0,1.42,-11.25,True
1.05,0.02,0.97,0.2,0.1,0.0,1.0,3.37,-12.92,True
1.05,0.02,0.97,0.2,0.1,0.25,0.75,3.37,-11.7,True
1.05,0.02,0.97,0.2,0.1,0.5,0.5,3.36,-10.48,True
1.05,0.02,0.97,0.2,0.1,0.75,0.25,3.34,-9.25,True
1.05,0.02,0.97,0.2,0.1,1.0,0.0,3.31,-8.02,True
1.05,0.02,0.97,0.2,0.2,0.0,1.0,4.7,-11.64,True
1.05,0.02,0.97,0.2,0.2,0.25,0.75,4.7,-10.8,True
1.05,0.02,0.97,0.2,0.2,0.5,0.5,4.7,-10.29,True
1.05,0.02,0.97,0.2,0.2,0.75,0.25,4.68,-10.24,True
1.05,0.02,0.97,0.2,0.2,1.0,0.0,4.66,-10.44,True
1.05,0.02,0.97,0.2,0.3,0.0,1.0,5.59,-15.13,True
1.05,0.02,0.97,0.2,0.3,0.25,0.75,5.62,-14.97,True
1.05,0.02,0.97,0.2,0.3,0.5,0.5,5.63,-14.81,True
1.05,0.02,0.97,0.2,0.3,0.75,0.25,5.64,-14.65,True
1.05,0.02,0.97,0.2,0.3,1.0,0.0,5.63,-14.5,True
1.05,0.02,0.97,0.3,0.0,0.0,1.0,1.47,-22.92,True
1.05,0.02,0.97,0.3,0.0,0.25,0.75,1.52,-21.16,True
1.05,0.02,0.97,0.3,0.0,0.5,0.5,1.55,-19.41,True
1.05,0.02,0.97,0.3,0.0,0.75,0.25,1.56,-17.65,True
1.05,0.02,0.97,0.3,0.0,1.0,0.0,1.55,-15.9,True
1.05,0.02,0.97,0.3,0.1,0.0,1.0,3.41,-17.27,True
1.05,0.02,0.97,0.3,0.1,0.25,0.75,3.44,-15.79,True
1.05,0.02,0.97,0.3,0.1,0.5,0.5,3.45,-14.29,True
1.05,0.02,0.97,0.3,0.1,0.75,0.25,3.45,-12.78,True
1.05,0.02,0.97,0.3,0.1,1.0,0.0,3.44,-11.37,True
1.05,0.02,0.97,0.3,0.2,0.0,1.0,4.42,-14.89,True
1.05,0.02,0.97,0.3,0.2,0.25,0.75,4.49,-13.85,True
1.05,0.02,0.97,0.3,0.2,0.5,0.5,4.54,-12.8,True
1.05,0.02,0.97,0.3,0.2,0.75,0.25,4.58,-11.74,True
1.05,0.02,0.97,0.3,0.2,1.0,0.0,4.6,-10.66,True
1.05,0.02,0.97,0.3,0.3,0.0,1.0,5.14,-15.87,True
1.05,0.02,0.97,0.3,0.3,0.25,0.75,5.21,-15.63,True
1.05,0.02,0.97,0.3,0.3,0.5,0.5,5.28,-15.39,True
1.05,0.02,0.97,0.3,0.3,0.75,0.25,5.34,-15.16,True
1.05,0.02,0.97,0.3,0.3,1.0,0.0,5.38,-14.94,True
1.05,0.02,0.97,0.4,0.0,0.0,1.0,1.4,-25.15,True
1.05,0.02,0.97,0.4,0.0,0.25,0.75,1.5,-23.22,True
1.05,0.02,0.97,0.4,0.0,0.5,0.5,1.57,-21.29,True
1.05,0.02,0.97,0.4,0.0,0.75,0.25,1.61,-19.36,True
1.05,0.02,0.97,0.4,0.0,1.0,0.0,1.63,-17.43,True
1.05,0.02,0.97,0.4,0.1,0.0,1.0,3.05,-18.12,True
1.05,0.02,0.97,0.4,0.1,0.25,0.75,3.15,-16.83,True
1.05,0.02,0.97,0.4,0.1,0.5,0.5,3.24,-15.53,True
1.05,0.02,0.97,0.4,0.1,0.75,0.25,3.3,-14.21,True
1.05,0.02,0.97,0.4,0.1,1.0,0.0,3.33,-12.89,True
1.05,0.02,0.97,0.4,0.2,0.0,1.0,3.96,-15.61,True
1.05,0.02,0.97,0.4,0.2,0.25,0.75,4.06,-14.57,True
1.05,0.02,0.97,0.4,0.2,0.5,0.5,4.16,-13.51,True
1.05,0.02,0.97,0.4,0.2,0.75,0.25,4.25,-12.43,True
1.05,0.02,0.97,0.4,0.2,1.0,0.0,4.32,-11.33,True
1.05,0.02,0.97,0.4,0.3,0.0,1.0,4.95,-15.98,True
1.05,0.02,0.97,0.4,0.3,0.25,0.75,5.03,-15.72,True
1.05,0.02,0.97,0.4,0.3,0.5,0.5,5.11,-15.47,True
1.05,0.02,0.97,0.4,0.3,0.75,0.25,5.18,-15.22,True
1.05,0.02,0.97,0.4,0.3,1.0,0.0,5.24,-14.98,True
1.05,0.02,0.99,0.1,0.0,0.0,1.0,-0.18,-5.28,True
1.05,0.02,0.99,0.1,0.0,0.25,0.75,-0.14,-4.75,True
1.05,0.02,0.99,0.1,0.0,0.5,0.5,-0.1,-4.23,True
1.05,0.02,0.99,0.1,0.0,0.75,0.25,-0.06,-3.7,True
1.05,0.02,0.99,0.1,0.0,1.0,0.0,-0.03,-3.17,True
1.05,0.02,0.99,0.1,0.1,0.0,1.0,2.15,-8.74,True
1.05,0.02,0.99,0.1,0.1,0.25,0.75,2.19,-8.72,True
1.05,0.02,0.99,0.1,0.1,0.5,0.5,2.22,-8.71,True
1.05,0.02,0.99,0.1,0.1,0.75,0.25,2.26,-8.69,True
1.05,0.02,0.99,0.1,0.1,1.0,0.0,2.29,-8.68,True
1.05,0.02,0.99,0.1,0.2,0.0,1.0,3.69,-13.09,True
1.05,0.02,0.99,0.1,0.2,0.25,0.75,3.72,-13.07,True
1.05,0.02,0.99,0.1,0.2,0.5,0.5,3.76,-13.04,True
1.05,0.02,0.99,0.1,0.2,0.75,0.25,3.79,-13.02,True
1.05,0.02,0.99,0.1,0.2,1.0,0.0,3.82,-12.99,True
1.05,0.02,0.99,0.1,0.3,0.0,1.0,4.87,-15.65,True
1.05,0.02,0.99,0.1,0.3,0.25,0.75,4.9,-15.62,True
1.05,0.02,0.99,0.1,0.3,0.5,0.5,4.93,-15.6,True
1.05,0.02,0.99,0.1,0.3,0.75,0.25,4.96,-15.57,True
1.05,0.02,0.99,0.1,0.3,1.0,0.0,4.99,-15.55,True
1.05,0.02,0.99,0.2,0.0,0.0,1.0,-0.4,-10.5,True
1.05,0.02,0.99,0.2,0.0,0.25,0.75,-0.32,-9.47,True
1.05,0.02,0.99,0.2,0.0,0.5,0.5,-0.23,-8.44,True
1.05,0.02,0.99,0.2,0.0,0.75,0.25,-0.15,-7.4,True
1.05,0.02,0.99,0.2,0.0,1.0,0.0,-0.07,-6.35,True
1.05,0.02,0.99,0.2,0.1,0.0,1.0,1.93,-8.66,True
1.05,0.02,0.99,0.2,0.1,0.25,0.75,2.0,-8.62,True
1.05,0.02,0.99,0.2,0.1,0.5,0.5,2.07,-8.58,True
1.05,0.02,0.99,0.2,0.1,0.75,0.25,2.14,-8.55,True
1.05,0.02,0.99,0.2,0.1,1.0,0.0,2.21,-8.52,True
1.05,0.02,0.99,0.2,0.2,0.0,1.0,3.62,-12.74,True
1.05,0.02,0.99,0.2,0.2,0.25,0.75,3.67,-12.72,True
1.05,0.02,0.99,0.2,0.2,0.5,0.5,3.72,-12.7,True
1.05,0.02,0.99,0.2,0.2,0.75,0.25,3.76,-12.67,True
1.05,0.02,0.99,0.2,0.2,1.0,0.0,3.81,-12.65,True
1.05,0.02,0.99,0.2,0.3,0.0,1.0,4.86,-15.41,True
1.05,0.02,0.99,0.2,0.3,0.25,0.75,4.9,-15.38,True
1.05,0.02,0.99,0.2,0.3,0.5,0.5,4.94,-15.35,True
1.05,0.02,0.99,0.2,0.3,0.75,0.25,4.97,-15.31,True
1.05,0.02,0.99,0.2,0.3,1.0,0.0,5.01,-15.28,True
1.05,0.02,0.99,0.3,0.0,0.0,1.0,-0.7,-15.02,True
1.05,0.02,0.99,0.3,0.0,0.25,0.75,-0.57,-13.56,True
1.05,0.02,0.99,0.3,0.0,0.5,0.5,-0.44,-12.1,True
1.05,0.02,0.99,0.3,0.0,0.75,0.25,-0.32,-10.62,True
1.05,0.02,0.99,0.3,0.0,1.0,0.0,-0.2,-9.13,True
1.05,0.02,0.99,0.3,0.1,0.0,1.0,1.87,-9.76,True
1.05,0.02,0.99,0.3,0.1,0.25,0.75,1.96,-8.71,True
1.05,0.02,0.99,0.3,0.1,0.5,0.5,2.04,-8.35,True
1.05,0.02,0.99,0.3,0.1,0.75,0.25,2.12,-8.32,True
1.05,0.02,0.99,0.3,0.1,1.0,0.0,2.2,-8.29,True
1.05,0.02,0.99,0.3,0.2,0.0,1.0,3.56,-12.84,True
1.05,0.02,0.99,0.3,0.2,0.25,0.75,3.62,-12.79,True
1.05,0.02,0.99,0.3,0.2,0.5,0.5,3.68,-12.74,True
1.05,0.02,0.99,0.3,0.2,0.75,0.25,3.74,-12.7,True
1.05,0.02,0.99,0.3,0.2,1.0,0.0,3.8,-12.65,True
1.05,0.02,0.99,0.3,0.3,0.0,1.0,4.78,-15.62,True
1.05,0.02,0.99,0.3,0.3,0.25,0.75,4.83,-15.55,True
1.05,0.02,0.99,0.3,0.3,0.5,0.5,4.88,-15.48,True
1.05,0.02,0.99,0.3,0.3,0.75,0.25,4.93,-15.42,True
1.05,0.02,0.99,0.3,0.3,1.0,0.0,4.98,-15.36,True
1.05,0.02,0.99,0.4,0.0,0.0,1.0,-0.99,-18.49,True
1.05,0.02,0.99,0.4,0.0,0.25,0.75,-0.81,-16.72,True
1.05,0.02,0.99,0.4,0.0,0.5,0.5,-0.65,-14.93,True
1.05,0.02,0.99,0.4,0.0,0.75,0.25,-0.48,-13.14,True
1.05,0.02,0.99,0.4,0.0,1.0,0.0,-0.33,-11.33,True
1.05,0.02,0.99,0.4,0.1,0.0,1.0,1.75,-10.05,True
1.05,0.02,0.99,0.4,0.1,0.25,0.75,1.85,-8.75,True
1.05,0.02,0.99,0.4,0.1,0.5,0.5,1.95,-8.48,True
1.05,0.02,0.99,0.4,0.1,0.75,0.25,2.05,-8.43,True
1.05,0.02,0.99,0.4,0.1,1.0,0.0,2.15,-8.39,True
1.05,0.02,0.99,0.4,0.2,0.0,1.0,3.44,-13.13,True
1.05,0.02,0.99,0.4,0.2,0.25,0.75,3.52,-13.03,True
1.05,0.02,0.99,0.4,0.2,0.5,0.5,3.59,-12.95,True
1.05,0.02,0.99,0.4,0.2,0.75,0.25,3.66,-12.87,True
1.05,0.02,0.99,0.4,0.2,1.0,0.0,3.74,-12.8,True
1.05,0.02,0.99,0.4,0.3,0.0,1.0,4.68,-16.08,True
1.05,0.02,0.99,0.4,0.3,0.25,0.75,4.73,-15.97,True
1.05,0.02,0.99,0.4,0.3,0.5,0.5,4.79,-15.86,True
1.05,0.02,0.99,0.4,0.3,0.75,0.25,4.85,-15.76,True
1.05,0.02,0.99,0.4,0.3,1.0,0.0,4.9,-15.66,True
1.05,0.02,1.0,0.1,0.0,0.0,1.0,-0.24,-5.23,True
1.05,0.02,1.0,0.1,0.0,0.25,0.75,-0.21,-4.78,True
1.05,0.02,1.0,0.1,0.0,0.5,0.5,-0.18,-4.33,True
1.05,0.02,1.0,0.1,0.0,0.75,0.25,-0.15,-3.88,True
1.05,0.02,1.0,0.1,0.0,1.0,0.0,-0.12,-3.43,True
1.05,0.02,1.0,0.1,0.1,0.0,1.0,2.16,-8.87,True
1.05,0.02,1.0,0.1,0.1,0.25,0.75,2.19,-8.86,True
1.05,0.02,1.0,0.1,0.1,0.5,0.5,2.21,-8.84,True
1.05,0.02,1.0,0.1,0.1,0.75,0.25,2.24,-8.83,True
1.05,0.02,1.0,0.1,0.1,1.0,0.0,2.26,-8.82,True
1.05,0.02,1.0,0.1,0.2,0.0,1.0,3.73,-13.18,True
1.05,0.02,1.0,0.1,0.2,0.25,0.75,3.75,-13.17,True
1.05,0.02,1.0,0.1,0.2,0.5,0.5,3.77,-13.15,True
1.05,0.02,1.0,0.1,0.2,0.75,0.25,3.8,-13.13,True
1.05,0.02,1.0,0.1,0.2,1.0,0.0,3.82,-13.11,True
1.05,0.02,1.0,0.1,0.3,0.0,1.0,4.92,-15.67,True
1.05,0.02,1.0,0.1,0.3,0.25,0.75,4.94,-15.66,True
1.05,0.02,1.0,0.1,0.3,0.5,0.5,4.96,-15.65,True
1.05,0.02,1.0,0.1,0.3,0.75,0.25,4.98,-15.63,True
1.05,0.02,1.0,0.1,0.3,1.0,0.0,5.0,-15.62,True
1.05,0.02,1.0,0.2,0.0,0.0,1.0,-0.48,-10.39,True
1.05,0.02,1.0,0.2,0.0,0.25,0.75,-0.41,-9.5,True
1.05,0.02,1.0,0.2,0.0,0.5,0.5,-0.35,-8.62,True
1.05,0.02,1.0,0.2,0.0,0.75,0.25,-0.29,-7.73,True
1.05,0.02,1.0,0.2,0.0,1.0,0.0,-0.23,-6.83,True
1.05,0.02,1.0,0.2,0.1,0.0,1.0,1.95,-8.86,True
1.05,0.02,1.0,0.2,0.1,0.25,0.75,2.0,-8.83,True
1.05,0.02,1.0,0.2,0.1,0.5,0.5,2.05,-8.81,True
1.05,0.02,1.0,0.2,0.1,0.75,0.25,2.1,-8.78,True
1.05,0.02,1.0,0.2,0.1,1.0,0.0,2.15,-8.76,True
1.05,0.02,1.0,0.2,0.2,0.0,1.0,3.71,-12.84,True
1.05,0.02,1.0,0.2,0.2,0.25,0.75,3.74,-12.84,True
1.05,0.02,1.0,0.2,0.2,0.5,0.5,3.77,-12.83,True
1.05,0.02,1.0,0.2,0.2,0.75,0.25,3.8,-12.83,True
1.05,0.02,1.0,0.2,0.2,1.0,0.0,3.83,-12.83,True
1.05,0.02,1.0,0.2,0.3,0.0,1.0,4.98,-15.32,True
1.05,0.02,1.0,0.2,0.3,0.25,0.75,5.01,-15.32,True
1.05,0.02,1.0,0.2,0.3,0.5,0.5,5.02,-15.33,True
1.05,0.02,1.0,0.2,0.3,0.75,0.25,5.04,-15.33,True
1.05,0.02,1.0,0.2,0.3,1.0,0.0,5.06,-15.33,True
1.05,0.02,1.0,0.3,0.0,0.0,1.0,-0.68,-15.47,True
1.05,0.02,1.0,0.3,0.0,0.25,0.75,-0.59,-14.17,True
1.05,0.02,1.0,0.3,0.0,0.5,0.5,-0.5,-12.86,True
1.05,0.02,1.0,0.3,0.0,0.75,0.25,-0.41,-11.54,True
1.05,0.02,1.0,0.3,0.0,1.0,0.0,-0.33,-10.22,True
1.05,0.02,1.0,0.3,0.1,0.0,1.0,2.05,-8.91,True
1.05,0.02,1.0,0.3,0.1,0.25,0.75,2.1,-8.4,True
1.05,0.02,1.0,0.3,0.1,0.5,0.5,2.15,-8.4,True
1.05,0.02,1.0,0.3,0.1,0.75,0.25,2.2,-8.41,True
1.05,0.02,1.0,0.3,0.1,1.0,0.0,2.25,-8.41,True
1.05,0.02,1.0,0.3,0.2,0.0,1.0,3.79,-12.55,True
1.05,0.02,1.0,0.3,0.2,0.25,0.75,3.83,-12.56,True
1.05,0.02,1.0,0.3,0.2,0.5,0.5,3.86,-12.57,True
1.05,0.02,1.0,0.3,0.2,0.75,0.25,3.89,-12.58,True
1.05,0.02,1.0,0.3,0.2,1.0,0.0,3.91,-12.59,True
1.05,0.02,1.0,0.3,0.3,0.0,1.0,5.02,-15.1,True
1.05,0.02,1.0,0.3,0.3,0.25,0.75,5.05,-15.1,True
1.05,0.02,1.0,0.3,0.3,0.5,0.5,5.07,-15.11,True
1.05,0.02,1.0,0.3,0.3,0.75,0.25,5.09,-15.12,True
1.05,0.02,1.0,0.3,0.3,1.0,0.0,5.12,-15.13,True
1.05,0.02,1.0,0.4,0.0,0.0,1.0,-0.67,-18.97,True
1.05,0.02,1.0,0.4,0.0,0.25,0.75,-0.56,-17.35,True
1.05,0.02,1.0,0.4,0.0,0.5,0.5,-0.46,-15.73,True
1.05,0.02,1.0,0.4,0.0,0.75,0.25,-0.36,-14.1,True
1.05,0.02,1.0,0.4,0.0,1.0,0.0,-0.27,-12.47,True
1.05,0.02,1.0,0.4,0.1,0.0,1.0,2.14,-9.52,True
1.05,0.02,1.0,0.4,0.1,0.25,0.75,2.19,-8.3,True
1.05,0.02,1.0,0.4,0.1,0.5,0.5,2.24,-8.23,True
1.05,0.02,1.0,0.4,0.1,0.75,0.25,2.29,-8.24,True
1.05,0.02,1.0,0.4,0.1,1.0,0.0,2.34,-8.26,True
1.05,0.02,1.0,0.4,0.2,0.0,1.0,3.82,-12.43,True
1.05,0.02,1.0,0.4,0.2,0.25,0.75,3.85,-12.44,True
1.05,0.02,1.0,0.4,0.2,0.5,0.5,3.89,-12.44,True
1.05,0.02,1.0,0.4,0.2,0.75,0.25,3.92,-12.46,True
1.05,0.02,1.0,0.4,0.2,1.0,0.0,3.96,-12.47,True
1.05,0.02,1.0,0.4,0.3,0.0,1.0,4.98,-15.23,True
1.05,0.02,1.0,0.4,0.3,0.25,0.75,5.01,-15.21,True
1.05,0.02,1.0,0.4,0.3,0.5,0.5,5.04,-15.2,True
1.05,0.02,1.0,0.4,0.3,0.75,0.25,5.07,-15.19,True
1.05,0.02,1.0,0.4,0.3,1.0,0.0,5.09,-15.19,True
1.05,0.02,1.01,0.1,0.0,0.0,1.0,-0.26,-3.66,True
1.05,0.02,1.01,0.1,0.0,0.25,0.75,-0.24,-3.4,True
1.05,0.02,1.01,0.1,0.0,0.5,0.5,-0.22,-3.13,True
1.05,0.02,1.01,0.1,0.0,0.75,0.25,-0.2,-2.87,True
1.05,0.02,1.01,0.1,0.0,1.0,0.0,-0.18,-2.61,True
1.05,0.02,1.01,0.1,0.1,0.0,1.0,2.19,-9.11,True
1.05,0.02,1.01,0.1,0.1,0.25,0.75,2.21,-9.09,True
1.05,0.02,1.01,0.1,0.1,0.5,0.5,2.22,-9.07,True
1.05,0.02,1.01,0.1,0.1,0.75,0.25,2.24,-9.05,True
1.05,0.02,1.01,0.1,0.1,1.0,0.0,2.25,-9.03,True
1.05,0.02,1.01,0.1,0.2,0.0,1.0,3.77,-13.46,True
1.05,0.02,1.01,0.1,0.2,0.25,0.75,3.79,-13.44,True
1.05,0.02,1.01,0.1,0.2,0.5,0.5,3.8,-13.41,True
1.05,0.02,1.01,0.1,0.2,0.75,0.25,3.82,-13.39,True
1.05,0.02,1.01,0.1,0.2,1.0,0.0,3.83,-13.37,True
1.05,0.02,1.01,0.1,0.3,0.0,1.0,4.95,-16.01,True
1.05,0.02,1.01,0.1,0.3,0.25,0.75,4.97,-15.99,True
1.05,0.02,1.01,0.1,0.3,0.5,0.5,4.98,-15.96,True
1.05,0.02,1.01,0.1,0.3,0.75,0.25,4.99,-15.94,True
1.05,0.02,1.01,0.1,0.3,1.0,0.0,5.01,-15.91,True
1.05,0.02,1.01,0.2,0.0,0.0,1.0,-0.55,-7.46,True
1.05,0.02,1.01,0.2,0.0,0.25,0.75,-0.5,-6.91,True
1.05,0.02,1.01,0.2,0.0,0.5,0.5,-0.46,-6.36,True
1.05,0.02,1.01,0.2,0.0,0.75,0.25,-0.41,-5.82,True
1.05,0.02,1.01,0.2,0.0,1.0,0.0,-0.36,-5.28,True
1.05,0.02,1.01,0.2,0.1,0.0,1.0,1.99,-9.4,True
1.05,0.02,1.01,0.2,0.1,0.25,0.75,2.02,-9.36,True
1.05,0.02,1.01,0.2,0.1,0.5,0.5,2.06,-9.31,True
1.05,0.02,1.01,0.2,0.1,0.75,0.25,2.09,-9.27,True
1.05,0.02,1.01,0.2,0.1,1.0,0.0,2.12,-9.23,True
1.05,0.02,1.01,0.2,0.2,0.0,1.0,3.66,-13.75,True
1.05,0.02,1.01,0.2,0.2,0.25,0.75,3.68,-13.7,True
1.05,0.02,1.01,0.2,0.2,0.5,0.5,3.7,-13.65,True
1.05,0.02,1.01,0.2,0.2,0.75,0.25,3.73,-13.6,True
1.05,0.02,1.01,0.2,0.2,1.0,0.0,3.75,-13.56,True
1.05,0.02,1.01,0.2,0.3,0.0,1.0,4.93,-16.22,True
1.05,0.02,1.01,0.2,0.3,0.25,0.75,4.95,-16.18,True
1.05,0.02,1.01,0.2,0.3,0.5,0.5,4.96,-16.13,True
1.05,0.02,1.01,0.2,0.3,0.75,0.25,4.98,-16.09,True
1.05,0.02,1.01,0.2,0.3,1.0,0.0,4.99,-16.05,True
1.05,0.02,1.01,0.3,0.0,0.0,1.0,-0.74,-11.4,True
1.05,0.02,1.01,0.3,0.0,0.25,0.75,-0.68,-10.54,True
1.05,0.02,1.01,0.3,0.0,0.5,0.5,-0.61,-9.69,True
1.05,0.02,1.01,0.3,0.0,0.75,0.25,-0.54,-8.85,True
1.05,0.02,1.01,0.3,0.0,1.0,0.0,-0.48,-8.02,True
1.05,0.02,1.01,0.3,0.1,0.0,1.0,1.9,-9.48,True
1.05,0.02,1.01,0.3,0.1,0.25,0.75,1.95,-9.43,True
1.05,0.02,1.01,0.3,0.1,0.5,0.5,1.99,-9.38,True
1.05,0.02,1.01,0.3,0.1,0.75,0.25,2.03,-9.32,True
1.05,0.02,1.01,0.3,0.1,1.0,0.0,2.08,-9.27,True
1.05,0.02,1.01,0.3,0.2,0.0,1.0,3.67,-13.84,True
1.05,0.02,1.01,0.3,0.2,0.25,0.75,3.69,-13.78,True
1.05,0.02,1.01,0.3,0.2,0.5,0.5,3.72,-13.72,True
1.05,0.02,1.01,0.3,0.2,0.75,0.25,3.75,-13.66,True
1.05,0.02,1.01,0.3,0.2,1.0,0.0,3.77,-13.6,True
1.05,0.02,1.01,0.3,0.3,0.0,1.0,4.87,-16.46,True
1.05,0.02,1.01,0.3,0.3,0.25,0.75,4.89,-16.38,True
1.05,0.02,1.01,0.3,0.3,0.5,0.5,4.92,-16.31,True
1.05,0.02,1.01,0.3,0.3,0.75,0.25,4.95,-16.24,True
1.05,0.02,1.01,0.3,0.3,1.0,0.0,4.97,-16.17,True
1.05,0.02,1.01,0.4,0.0,0.0,1.0,-0.94,-12.58,True
1.05,0.02,1.01,0.4,0.0,0.25,0.75,-0.84,-11.59,True
1.05,0.02,1.01,0.4,0.0,0.5,0.5,-0.76,-10.62,True
1.05,0.02,1.01,0.4,0.0,0.75,0.25,-0.67,-9.66,True
1.05,0.02,1.01,0.4,0.0,1.0,0.0,-0.59,-8.71,True
1.05,0.02,1.01,0.4,0.1,0.0,1.0,1.88,-9.62,True
1.05,0.02,1.01,0.4,0.1,0.25,0.75,1.93,-9.55,True
1.05,0.02,1.01,0.4,0.1,0.5,0.5,1.98,-9.48,True
1.05,0.02,1.01,0.4,0.1,0.75,0.25,2.03,-9.42,True
1.05,0.02,1.01,0.4,0.1,1.0,0.0,2.08,-9.36,True
1.05,0.02,1.01,0.4,0.2,0.0,1.0,3.59,-14.1,True
1.05,0.02,1.01,0.4,0.2,0.25,0.75,3.63,-14.0,True
1.05,0.02,1.01,0.4,0.2,0.5,0.5,3.67,-13.91,True
1.05,0.02,1.01,0.4,0.2,0.75,0.25,3.71,-13.82,True
1.05,0.02,1.01,0.4,0.2,1.0,0.0,3.74,-13.74,True
1.05,0.02,1.01,0.4,0.3,0.0,1.0,4.83,-16.54,True
1.05,0.02,1.01,0.4,0.3,0.25,0.75,4.86,-16.46,True
1.05,0.02,1.01,0.4,0.3,0.5,0.5,4.89,-16.38,True
1.05,0.02,1.01,0.4,0.3,0.75,0.25,4.92,-16.31,True
1.05,0.02,1.01,0.4,0.3,1.0,0.0,4.95,-16.24,True
1.05,0.02,1.02,0.1,0.0,0.0,1.0,-0.02,-3.07,True
1.05,0.02,1.02,0.1,0.0,0.25,0.75,-0.02,-2.81,True
1.05,0.02,1.02,0.1,0.0,0.5,0.5,-0.02,-2.54,True
1.05,0.02,1.02,0.1,0.0,0.75,0.25,-0.01,-2.27,True
1.05,0.02,1.02,0.1,0.0,1.0,0.0,-0.01,-2.0,True
1.05,0.02,1.02,0.1,0.1,0.0,1.0,2.35,-8.75,True
1.05,0.02,1.02,0.1,0.1,0.25,0.75,2.35,-8.75,True
1.05,0.02,1.02,0.1,0.1,0.5,0.5,2.36,-8.76,True
1.05,0.02,1.02,0.1,0.1,0.75,0.25,2.36,-8.76,True
1.05,0.02,1.02,0.1,0.1,1.0,0.0,2.36,-8.77,True
1.05,0.02,1.02,0.1,0.2,0.0,1.0,3.91,-13.02,True
1.05,0.02,1.02,0.1,0.2,0.25,0.75,3.91,-13.02,True
1.05,0.02,1.02,0.1,0.2,0.5,0.5,3.91,-13.03,True
1.05,0.02,1.02,0.1,0.2,0.75,0.25,3.92,-13.04,True
1.05,0.02,1.02,0.1,0.2,1.0,0.0,3.92,-13.04,True
1.05,0.02,1.02,0.1,0.3,0.0,1.0,5.07,-15.55,True
1.05,0.02,1.02,0.1,0.3,0.25,0.75,5.08,-15.55,True
1.05,0.02,1.02,0.1,0.3,0.5,0.5,5.08,-15.56,True
1.05,0.02,1.02,0.1,0.3,0.75,0.25,5.08,-15.57,True
1.05,0.02,1.02,0.1,0.3,1.0,0.0,5.08,-15.57,True
1.05,0.02,1.02,0.2,0.0,0.0,1.0,-0.07,-6.09,True
1.05,0.02,1.02,0.2,0.0,0.25,0.75,-0.06,-5.57,True
1.05,0.02,1.02,0.2,0.0,0.5,0.5,-0.05,-5.04,True
1.05,0.02,1.02,0.2,0.0,0.75,0.25,-0.04,-4.51,True
1.05,0.02,1.02,0.2,0.0,1.0,0.0,-0.03,-3.98,True
1.05,0.02,1.02,0.2,0.1,0.0,1.0,2.32,-8.72,True
1.05,0.02,1.02,0.2,0.1,0.25,0.75,2.33,-8.73,True
1.05,0.02,1.02,0.2,0.1,0.5,0.5,2.34,-8.73,True
1.05,0.02,1.02,0.2,0.1,0.75,0.25,2.34,-8.74,True
1.05,0.02,1.02,0.2,0.1,1.0,0.0,2.35,-8.74,True
1.05,0.02,1.02,0.2,0.2,0.0,1.0,3.9,-12.92,True
1.05,0.02,1.02,0.2,0.2,0.25,0.75,3.91,-12.93,True
1.05,0.02,1.02,0.2,0.2,0.5,0.5,3.91,-12.94,True
1.05,0.02,1.02,0.2,0.2,0.75,0.25,3.92,-12.96,True
1.05,0.02,1.02,0.2,0.2,1.0,0.0,3.92,-12.97,True
1.05,0.02,1.02,0.2,0.3,0.0,1.0,5.14,-15.37,True
1.05,0.02,1.02,0.2,0.3,0.25,0.75,5.14,-15.38,True
1.05,0.02,1.02,0.2,0.3,0.5,0.5,5.14,-15.4,True
1.05,0.02,1.02,0.2,0.3,0.75,0.25,5.14,-15.42,True
1.05,0.02,1.02,0.2,0.3,1.0,0.0,5.13,-15.44,True
1.05,0.02,1.02,0.3,0.0,0.0,1.0,-0.04,-9.07,True
1.05,0.02,1.02,0.3,0.0,0.25,0.75,-0.03,-8.29,True
1.05,0.02,1.02,0.3,0.0,0.5,0.5,-0.02,-7.51,True
1.05,0.02,1.02,0.3,0.0,0.75,0.25,-0.01,-6.73,True
1.05,0.02,1.02,0.3,0.0,1.0,0.0,0.0,-5.94,True
1.05,0.02,1.02,0.3,0.1,0.0,1.0,2.36,-8.56,True
1.05,0.02,1.02,0.3,0.1,0.25,0.75,2.37,-8.57,True
1.05,0.02,1.02,0.3,0.1,0.5,0.5,2.37,-8.58,True
1.05,0.02,1.02,0.3,0.1,0.75,0.25,2.38,-8.6,True
1.05,0.02,1.02,0.3,0.1,1.0,0.0,2.39,-8.62,True
1.05,0.02,1.02,0.3,0.2,0.0,1.0,3.99,-12.81,True
1.05,0.02,1.02,0.3,0.2,0.25,0.75,3.99,-12.83,True
1.05,0.02,1.02,0.3,0.2,0.5,0.5,3.99,-12.84,True
1.05,0.02,1.02,0.3,0.2,0.75,0.25,3.99,-12.86,True
1.05,0.02,1.02,0.3,0.2,1.0,0.0,3.99,-12.88,True
1.05,0.02,1.02,0.3,0.3,0.0,1.0,5.16,-15.42,True
1.05,0.02,1.02,0.3,0.3,0.25,0.75,5.16,-15.43,True
1.05,0.02,1.02,0.3,0.3,0.5,0.5,5.16,-15.43,True
1.05,0.02,1.02,0.3,0.3,0.75,0.25,5.16,-15.44,True
1.05,0.02,1.02,0.3,0.3,1.0,0.0,5.16,-15.45,True
1.05,0.02,1.02,0.4,0.0,0.0,1.0,-0.1,-11.2,True
1.05,0.02,1.02,0.4,0.0,0.25,0.75,-0.08,-10.23,True
1.05,0.02,1.02,0.4,0.0,0.5,0.5,-0.06,-9.26,True
1.05,0.02,1.02,0.4,0.0,0.75,0.25,-0.04,-8.29,True
1.05,0.02,1.02,0.4,0.0,1.0,0.0,-0.02,-7.31,True
1.05,0.02,1.02,0.4,0.1,0.0,1.0,2.38,-8.64,True
1.05,0.02,1.02,0.4,0.1,0.25,0.75,2.39,-8.64,True
1.05,0.02,1.02,0.4,0.1,0.5,0.5,2.4,-8.65,True
1.05,0.02,1.02,0.4,0.1,0.75,0.25,2.4,-8.65,True
1.05,0.02,1.02,0.4,0.1,1.0,0.0,2.41,-8.66,True
1.05,0.02,1.02,0.4,0.2,0.0,1.0,4.0,-12.92,True
1.05,0.02,1.02,0.4,0.2,0.25,0.75,4.0,-12.92,True
1.05,0.02,1.02,0.4,0.2,0.5,0.5,4.01,-12.91,True
1.05,0.02,1.02,0.4,0.2,0.75,0.25,4.01,-12.91,True
1.05,0.02,1.02,0.4,0.2,1.0,0.0,4.01,-12.92,True
1.05,0.02,1.02,0.4,0.3,0.0,1.0,5.11,-15.63,True
1.05,0.02,1.02,0.4,0.3,0.25,0.75,5.12,-15.61,True
1.05,0.02,1.02,0.4,0.3,0.5,0.5,5.13,-15.6,True
1.05,0.02,1.02,0.4,0.3,0.75,0.25,5.13,-15.59,True
1.05,0.02,1.02,0.4,0.3,1.0,0.0,5.13,-15.58,True
1.05,0.025,0.95,0.1,0.0,0.0,1.0,0.5,-6.11,True
1.05,0.025,0.95,0.1,0.0,0.25,0.75,0.52,-5.54,True
1.05,0.025,0.95,0.1,0.0,0.5,0.5,0.53,-5.03,True
1.05,0.025,0.95,0.1,0.0,0.75,0.25,0.54,-4.51,True
1.05,0.025,0.95,0.1,0.0,1.0,0.0,0.55,-4.0,True
1.05,0.025,0.95,0.1,0.1,0.0,1.0,2.56,-7.4,True
1.05,0.025,0.95,0.1,0.1,0.25,0.75,2.57,-7.43,True
1.05,0.025,0.95,0.1,0.1,0.5,0.5,2.58,-7.45,True
1.05,0.025,0.95,0.1,0.1,0.75,0.25,2.59,-7.48,True
1.05,0.025,0.95,0.1,0.1,1.0,0.0,2.59,-7.51,True
1.05,0.025,0.95,0.1,0.2,0.0,1.0,4.05,-11.35,True
1.05,0.025,0.95,0.1,0.2,0.25,0.75,4.05,-11.4,True
1.05,0.025,0.95,0.1,0.2,0.5,0.5,4.05,-11.45,True
1.05,0.025,0.95,0.1,0.2,0.75,0.25,4.05,-11.51,True
1.05,0.025,0.95,0.1,0.2,1.0,0.0,4.05,-11.56,True
1.05,0.025,0.95,0.1,0.3,0.0,1.0,5.25,-13.65,True
1.05,0.025,0.95,0.1,0.3,0.25,0.75,5.24,-13.74,True
1.05,0.025,0.95,0.1,0.3,0.5,0.5,5.23,-13.83,True
1.05,0.025,0.95,0.1,0.3,0.75,0.25,5.23,-13.92,True
1.05,0.025,0.95,0.1,0.3,1.0,0.0,5.22,-14.01,True
1.05,0.025,0.95,0.2,0.0,0.0,1.0,1.1,-11.05,True
1.05,0.025,0.95,0.2,0.0,0.25,0.75,1.11,-10.07,True
1.05,0.025,0.95,0.2,0.0,0.5,0.5,1.13,-9.12,True
1.05,0.025,0.95,0.2,0.0,0.75,0.25,1.14,-8.18,True
1.05,0.025,0.95,0.2,0.0,1.0,0.0,1.14,-7.25,True
1.05,0.025,0.95,0.2,0.1,0.0,1.0,3.24,-9.63,True
1.05,0.025,0.95,0.2,0.1,0.25,0.75,3.24,-8.58,True
1.05,0.025,0.95,0.2,0.1,0.5,0.5,3.22,-7.49,True
1.05,0.025,0.95,0.2,0.1,0.75,0.25,3.21,-6.79,True
1.05,0.025,0.95,0.2,0.1,1.0,0.0,3.19,-6.88,True
1.05,0.025,0.95,0.2,0.2,0.0,1.0,4.76,-10.0,True
1.05,0.025,0.95,0.2,0.2,0.25,0.75,4.73,-10.14,True
1.05,0.025,0.95,0.2,0.2,0.5,0.5,4.7,-10.28,True
1.05,0.025,0.95,0.2,0.2,0.75,0.25,4.66,-10.43,True
1.05,0.025,0.95,0.2,0.2,1.0,0.0,4.62,-10.59,True
1.05,0.025,0.95,0.2,0.3,0.0,1.0,5.96,-12.88,True
1.05,0.025,0.95,0.2,0.3,0.25,0.75,5.91,-12.87,True
1.05,0.025,0.95,0.2,0.3,0.5,0.5,5.86,-12.86,True
1.05,0.025,0.95,0.2,0.3,0.75,0.25,5.81,-12.85,True
1.05,0.025,0.95,0.2,0.3,1.0,0.0,5.76,-12.83,True
1.05,0.025,0.95,0.3,0.0,0.0,1.0,2.14,-14.67,True
1.05,0.025,0.95,0.3,0.0,0.25,0.75,2.1,-13.44,True
1.05,0.025,0.95,0.3,0.0,0.5,0.5,2.05,-12.14,True
1.05,0.025,0.95,0.3,0.0,0.75,0.25,2.01,-10.73,True
1.05,0.025,0.95,0.3,0.0,1.0,0.0,1.95,-9.6,True
1.05,0.025,0.95,0.3,0.1,0.0,1.0,4.26,-11.8,True
1.05,0.025,0.95,0.3,0.1,0.25,0.75,4.18,-10.47,True
1.05,0.025,0.95,0.3,0.1,0.5,0.5,4.1,-9.3,True
1.05,0.025,0.95,0.3,0.1,0.75,0.25,4.01,-8.04,True
1.05,0.025,0.95,0.3,0.1,1.0,0.0,3.93,-6.73,True
1.05,0.025,0.95,0.3,0.2,0.0,1.0,5.75,-10.47,True
1.05,0.025,0.95,0.3,0.2,0.25,0.75,5.66,-9.98,True
1.05,0.025,0.95,0.3,0.2,0.5,0.5,5.57,-9.48,True
1.05,0.025,0.95,0.3,0.2,0.75,0.25,5.47,-9.04,True
1.05,0.025,0.95,0.3,0.2,1.0,0.0,5.36,-9.32,True
1.05,0.025,0.95,0.3,0.3,0.0,1.0,6.8,-12.53,True
1.05,0.025,0.95,0.3,0.3,0.25,0.75,6.71,-12.57,True
1.05,0.025,0.95,0.3,0.3,0.5,0.5,6.62,-12.61,True
1.05,0.025,0.95,0.3,0.3,0.75,0.25,6.52,-12.65,True
1.05,0.025,0.95,0.3,0.3,1.0,0.0,6.42,-12.69,True
1.05,0.025,0.95,0.4,0.0,0.0,1.0,3.58,-14.95,True
1.05,0.025,0.95,0.4,0.0,0.25,0.75,3.45,-13.73,True
1.05,0.025,0.95,0.4,0.0,0.5,0.5,3.31,-12.42,True
1.05,0.025,0.95,0.4,0.0,0.75,0.25,3.16,-10.99,True
1.05,0.025,0.95,0.4,0.0,1.0,0.0,3.01,-9.62,True
1.05,0.025,0.95,0.4,0.1,0.0,1.0,5.35,-12.39,True
1.05,0.025,0.95,0.4,0.1,0.25,0.75,5.22,-11.25,True
1.05,0.025,0.95,0.4,0.1,0.5,0.5,5.08,-10.01,True
1.05,0.025,0.95,0.4,0.1,0.75,0.25,4.93,-8.67,True
1.05,0.025,0.95,0.4,0.1,1.0,0.0,4.77,-7.57,True
1.05,0.025,0.95,0.4,0.2,0.0,1.0,6.51,-11.69,True
1.05,0.025,0.95,0.4,0.2,0.25,0.75,6.38,-11.07,True
1.05,0.025,0.95,0.4,0.2,0.5,0.5,6.24,-10.44,True
1.05,0.025,0.95,0.4,0.2,0.75,0.25,6.1,-9.8,True
1.05,0.025,0.95,0.4,0.2,1.0,0.0,5.94,-9.14,True
1.05,0.025,0.95,0.4,0.3,0.0,1.0,7.41,-12.71,True
1.05,0.025,0.95,0.4,0.3,0.25,0.75,7.28,-12.21,True
1.05,0.025,0.95,0.4,0.3,0.5,0.5,7.15,-12.26,True
1.05,0.025,0.95,0.4,0.3,0.75,0.25,7.01,-12.31,True
1.05,0.025,0.95,0.4,0.3,1.0,0.0,6.86,-12.36,True
1.05,0.025,0.97,0.1,0.0,0.0,1.0,0.68,-8.25,True
1.05,0.025,0.97,0.1,0.0,0.25,0.75,0.64,-7.59,True
1.05,0.025,0.97,0.1,0.0,0.5,0.5,0.61,-6.92,True
1.05,0.025,0.97,0.1,0.0,0.75,0.25,0.57,-6.24,True
1.05,0.025,0.97,0.1,0.0,1.0,0.0,0.53,-5.57,True
1.05,0.025,0.97,0.1,0.1,0.0,1.0,2.66,-7.26,True
1.05,0.025,0.97,0.1,0.1,0.25,0.75,2.63,-7.3,True
1.05,0.025,0.97,0.1,0.1,0.5,0.5,2.59,-7.35,True
1.05,0.025,0.97,0.1,0.1,0.75,0.25,2.56,-7.4,True
1.05,0.025,0.97,0.1,0.1,1.0,0.0,2.53,-7.45,True
1.05,0.025,0.97,0.1,0.2,0.0,1.0,4.1,-11.28,True
1.05,0.025,0.97,0.1,0.2,0.25,0.75,4.07,-11.35,True
1.05,0.025,0.97,0.1,0.2,0.5,0.5,4.04,-11.42,True
1.05,0.025,0.97,0.1,0.2,0.75,0.25,4.01,-11.49,True
1.05,0.025,0.97,0.1,0.2,1.0,0.0,3.98,-11.57,True
1.05,0.025,0.97,0.1,0.3,0.0,1.0,5.29,-13.65,True
1.05,0.025,0.97,0.1,0.3,0.25,0.75,5.25,-13.75,True
1.05,0.025,0.97,0.1,0.3,0.5,0.5,5.22,-13.85,True
1.05,0.025,0.97,0.1,0.3,0.75,0.25,5.19,-13.96,True
1.05,0.025,0.97,0.1,0.3,1.0,0.0,5.15,-14.07,True
1.05,0.025,0.97,0.2,0.0,0.0,1.0,1.26,-15.94,True
1.05,0.025,0.97,0.2,0.0,0.25,0.75,1.19,-14.7,True
1.05,0.025,0.97,0.2,0.0,0.5,0.5,1.14,-13.45,True
1.05,0.025,0.97,0.2,0.0,0.75,0.25,1.07,-12.18,True
1.05,0.025,0.97,0.2,0.0,1.0,0.0,1.0,-10.89,True
1.05,0.025,0.97,0.2,0.1,0.0,1.0,3.33,-13.27,True
1.05,0.025,0.97,0.2,0.1,0.25,0.75,3.27,-12.01,True
1.05,0.025,0.97,0.2,0.1,0.5,0.5,3.2,-10.74,True
1.05,0.025,0.97,0.2,0.1,0.75,0.25,3.14,-9.46,True
1.05,0.025,0.97,0.2,0.1,1.0,0.0,3.06,-8.15,True
1.05,0.025,0.97,0.2,0.2,0.0,1.0,4.76,-10.71,True
1.05,0.025,0.97,0.2,0.2,0.25,0.75,4.69,-10.34,True
1.05,0.025,0.97,0.2,0.2,0.5,0.5,4.63,-10.49,True
1.05,0.025,0.97,0.2,0.2,0.75,0.25,4.56,-10.65,True
1.05,0.025,0.97,0.2,0.2,1.0,0.0,4.49,-10.82,True
1.05,0.025,0.97,0.2,0.3,0.0,1.0,5.9,-12.77,True
1.05,0.025,0.97,0.2,0.3,0.25,0.75,5.85,-12.84,True
1.05,0.025,0.97,0.2,0.3,0.5,0.5,5.79,-12.86,True
1.05,0.025,0.97,0.2,0.3,0.75,0.25,5.72,-12.97,True
1.05,0.025,0.97,0.2,0.3,1.0,0.0,5.64,-13.18,True
1.05,0.025,0.97,0.3,0.0,0.0,1.0,2.01,-23.14,True
1.05,0.025,0.97,0.3,0.0,0.25,0.75,1.92,-21.4,True
1.05,0.025,0.97,0.3,0.0,0.5,0.5,1.83,-19.63,True
1.05,0.025,0.97,0.3,0.0,0.75,0.25,1.73,-17.82,True
1.05,0.025,0.97,0.3,0.0,1.0,0.0,1.63,-15.99,True
1.05,0.025,0.97,0.3,0.1,0.0,1.0,3.93,-20.68,True
1.05,0.025,0.97,0.3,0.1,0.25,0.75,3.85,-18.89,True
1.05,0.025,0.97,0.3,0.1,0.5,0.5,3.77,-17.05,True
1.05,0.025,0.97,0.3,0.1,0.75,0.25,3.69,-15.17,True
1.05,0.025,0.97,0.3,0.1,1.0,0.0,3.59,-13.27,True
1.05,0.025,0.97,0.3,0.2,0.0,1.0,5.33,-17.54,True
1.05,0.025,0.97,0.3,0.2,0.25,0.75,5.26,-15.74,True
1.05,0.025,0.97,0.3,0.2,0.5,0.5,5.18,-13.91,True
1.05,0.025,0.97,0.3,0.2,0.75,0.25,5.1,-12.05,True
1.05,0.025,0.97,0.3,0.2,1.0,0.0,5.01,-10.17,True
1.05,0.025,0.97,0.3,0.3,0.0,1.0,6.34,-14.6,True
1.05,0.025,0.97,0.3,0.3,0.25,0.75,6.28,-12.82,True
1.05,0.025,0.97,0.3,0.3,0.5,0.5,6.21,-12.24,True
1.05,0.025,0.97,0.3,0.3,0.75,0.25,6.13,-12.35,True
1.05,0.025,0.97,0.3,0.3,1.0,0.0,6.05,-12.47,True
1.05,0.025,0.97,0.4,0.0,0.0,1.0,2.8,-28.78,True
1.05,0.025,0.97,0.4,0.0,0.25,0.75,2.68,-26.66,True
1.05,0.025,0.97,0.4,0.0,0.5,0.5,2.55,-24.51,True
1.05,0.025,0.97,0.4,0.0,0.75,0.25,2.41,-22.31,True
1.05,0.025,0.97,0.4,0.0,1.0,0.0,2.26,-20.06,True
1.05,0.025,0.97,0.4,0.1,0.0,1.0,4.57,-25.65,True
1.05,0.025,0.97,0.4,0.1,0.25,0.75,4.47,-23.54,True
1.05,0.025,0.97,0.4,0.1,0.5,0.5,4.36,-21.39,True
1.05,0.025,0.97,0.4,0.1,0.75,0.25,4.24,-19.19,True
1.05,0.025,0.97,0.4,0.1,1.0,0.0,4.11,-16.94,True
1.05,0.025,0.97,0.4,0.2,0.0,1.0,5.74,-22.4,True
1.05,0.025,0.97,0.4,0.2,0.25,0.75,5.65,-20.27,True
1.05,0.025,0.97,0.4,0.2,0.5,0.5,5.56,-18.11,True
1.05,0.025,0.97,0.4,0.2,0.75,0.25,5.45,-15.9,True
1.05,0.025,0.97,0.4,0.2,1.0,0.0,5.34,-13.66,True
1.05,0.025,0.97,0.4,0.3,0.0,1.0,6.68,-18.2,True
1.05,0.025,0.97,0.4,0.3,0.25,0.75,6.6,-16.15,True
1.05,0.025,0.97,0.4,0.3,0.5,0.5,6.51,-14.06,True
1.05,0.025,0.97,0.4,0.3,0.75,0.25,6.41,-12.09,True
1.05,0.025,0.97,0.4,0.3,1.0,0.0,6.31,-12.22,True
1.05,0.025,0.99,0.1,0.0,0.0,1.0,-0.14,-3.62,True
1.05,0.025,0.99,0.1,0.0,0.25,0.75,-0.12,-3.25,True
1.05,0.025,0.99,0.1,0.0,0.5,0.5,-0.1,-2.89,True
1.05,0.025,0.99,0.1,0.0,0.75,0.25,-0.08,-2.52,True
1.05,0.025,0.99,0.1,0.0,1.0,0.0,-0.06,-2.15,True
1.05,0.025,0.99,0.1,0.1,0.0,1.0,2.23,-8.84,True
1.05,0.025,0.99,0.1,0.1,0.25,0.75,2.25,-8.83,True
1.05,0.025,0.99,0.1,0.1,0.5,0.5,2.27,-8.83,True
1.05,0.025,0.99,0.1,0.1,0.75,0.25,2.29,-8.82,True
1.05,0.025,0.99,0.1,0.1,1.0,0.0,2.3,-8.81,True
1.05,0.025,0.99,0.1,0.2,0.0,1.0,3.78,-13.19,True
1.05,0.025,0.99,0.1,0.2,0.25,0.75,3.8,-13.18,True
1.05,0.025,0.99,0.1,0.2,0.5,0.5,3.81,-13.16,True
1.05,0.025,0.99,0.1,0.2,0.75,0.25,3.83,-13.15,True
1.05,0.025,0.99,0.1,0.2,1.0,0.0,3.85,-13.14,True
1.05,0.025,0.99,0.1,0.3,0.0,1.0,4.95,-15.73,True
1.05,0.025,0.99,0.1,0.3,0.25,0.75,4.97,-15.72,True
1.05,0.025,0.99,0.1,0.3,0.5,0.5,4.98,-15.7,True
1.05,0.025,0.99,0.1,0.3,0.75,0.25,5.0,-15.69,True
1.05,0.025,0.99,0.1,0.3,1.0,0.0,5.02,-15.68,True
1.05,0.025,0.99,0.2,0.0,0.0,1.0,-0.29,-7.18,True
1.05,0.025,0.99,0.2,0.0,0.25,0.75,-0.25,-6.47,True
1.05,0.025,0.99,0.2,0.0,0.5,0.5,-0.21,-5.75,True
1.05,0.025,0.99,0.2,0.0,0.75,0.25,-0.17,-5.02,True
1.05,0.025,0.99,0.2,0.0,1.0,0.0,-0.12,-4.3,True
1.05,0.025,0.99,0.2,0.1,0.0,1.0,2.06,-8.86,True
1.05,0.025,0.99,0.2,0.1,0.25,0.75,2.1,-8.84,True
1.05,0.025,0.99,0.2,0.1,0.5,0.5,2.14,-8.82,True
1.05,0.025,0.99,0.2,0.1,0.75,0.25,2.18,-8.81,True
1.05,0.025,0.99,0.2,0.1,1.0,0.0,2.22,-8.79,True
1.05,0.025,0.99,0.2,0.2,0.0,1.0,3.71,-12.97,True
1.05,0.025,0.99,0.2,0.2,0.25,0.75,3.74,-12.97,True
1.05,0.025,0.99,0.2,0.2,0.5,0.5,3.77,-12.96,True
1.05,0.025,0.99,0.2,0.2,0.75,0.25,3.8,-12.96,True
1.05,0.025,0.99,0.2,0.2,1.0,0.0,3.83,-12.95,True
1.05,0.025,0.99,0.2,0.3,0.0,1.0,4.88,-15.61,True
1.05,0.025,0.99,0.2,0.3,0.25,0.75,4.91,-15.6,True
1.05,0.025,0.99,0.2,0.3,0.5,0.5,4.94,-15.58,True
1.05,0.025,0.99,0.2,0.3,0.75,0.25,4.96,-15.57,True
1.05,0.025,0.99,0.2,0.3,1.0,0.0,4.99,-15.56,True
1.05,0.025,0.99,0.3,0.0,0.0,1.0,-0.48,-10.69,True
1.05,0.025,0.99,0.3,0.0,0.25,0.75,-0.41,-9.64,True
1.05,0.025,0.99,0.3,0.0,0.5,0.5,-0.34,-8.57,True
1.05,0.025,0.99,0.3,0.0,0.75,0.25,-0.27,-7.51,True
1.05,0.025,0.99,0.3,0.0,1.0,0.0,-0.2,-6.43,True
1.05,0.025,0.99,0.3,0.1,0.0,1.0,2.04,-8.59,True
1.05,0.025,0.99,0.3,0.1,0.25,0.75,2.1,-8.59,True
1.05,0.025,0.99,0.3,0.1,0.5,0.5,2.15,-8.59,True
1.05,0.025,0.99,0.3,0.1,0.75,0.25,2.2,-8.59,True
1.05,0.025,0.99,0.3,0.1,1.0,0.0,2.24,-8.59,True
1.05,0.025,0.99,0.3,0.2,0.0,1.0,3.61,-12.94,True
1.05,0.025,0.99,0.3,0.2,0.25,0.75,3.66,-12.93,True
1.05,0.025,0.99,0.3,0.2,0.5,0.5,3.7,-12.93,True
1.05,0.025,0.99,0.3,0.2,0.75,0.25,3.75,-12.92,True
1.05,0.025,0.99,0.3,0.2,1.0,0.0,3.79,-12.91,True
1.05,0.025,0.99,0.3,0.3,0.0,1.0,4.81,-15.58,True
1.05,0.025,0.99,0.3,0.3,0.25,0.75,4.85,-15.56,True
1.05,0.025,0.99,0.3,0.3,0.5,0.5,4.89,-15.55,True
1.05,0.025,0.99,0.3,0.3,0.75,0.25,4.93,-15.53,True
1.05,0.025,0.99,0.3,0.3,1.0,0.0,4.96,-15.52,True
1.05,0.025,0.99,0.4,0.0,0.0,1.0,-0.51,-13.49,True
1.05,0.025,0.99,0.4,0.0,0.25,0.75,-0.43,-12.17,True
1.05,0.025,0.99,0.4,0.0,0.5,0.5,-0.34,-10.83,True
1.05,0.025,0.99,0.4,0.0,0.75,0.25,-0.26,-9.49,True
1.05,0.025,0.99,0.4,0.0,1.0,0.0,-0.18,-8.13,True
1.05,0.025,0.99,0.4,0.1,0.0,1.0,1.96,-8.52,True
1.05,0.025,0.99,0.4,0.1,0.25,0.75,2.02,-8.51,True
1.05,0.025,0.99,0.4,0.1,0.5,0.5,2.09,-8.51,True
1.05,0.025,0.99,0.4,0.1,0.75,0.25,2.15,-8.52,True
1.05,0.025,0.99,0.4,0.1,1.0,0.0,2.21,-8.52,True
1.05,0.025,0.99,0.4,0.2,0.0,1.0,3.55,-12.83,True
1.05,0.025,0.99,0.4,0.2,0.25,0.75,3.61,-12.82,True
1.05,0.025,0.99,0.4,0.2,0.5,0.5,3.66,-12.81,True
1.05,0.025,0.99,0.4,0.2,0.75,0.25,3.72,-12.8,True
1.05,0.025,0.99,0.4,0.2,1.0,0.0,3.77,-12.79,True
1.05,0.025,0.99,0.4,0.3,0.0,1.0,4.84,-15.33,True
1.05,0.025,0.99,0.4,0.3,0.25,0.75,4.88,-15.32,True
1.05,0.025,0.99,0.4,0.3,0.5,0.5,4.92,-15.31,True
1.05,0.025,0.99,0.4,0.3,0.75,0.25,4.96,-15.31,True
1.05,0.025,0.99,0.4,0.3,1.0,0.0,5.0,-15.3,True
1.05,0.025,1.0,0.1,0.0,0.0,1.0,-0.16,-2.95,True
1.05,0.025,1.0,0.1,0.0,0.25,0.75,-0.14,-2.68,True
1.05,0.025,1.0,0.1,0.0,0.5,0.5,-0.12,-2.41,True
1.05,0.025,1.0,0.1,0.0,0.75,0.25,-0.11,-2.14,True
1.05,0.025,1.0,0.1,0.0,1.0,0.0,-0.09,-1.87,True
1.05,0.025,1.0,0.1,0.1,0.0,1.0,2.24,-8.94,True
1.05,0.025,1.0,0.1,0.1,0.25,0.75,2.25,-8.93,True
1.05,0.025,1.0,0.1,0.1,0.5,0.5,2.27,-8.92,True
1.05,0.025,1.0,0.1,0.1,0.75,0.25,2.28,-8.9,True
1.05,0.025,1.0,0.1,0.1,1.0,0.0,2.3,-8.89,True
1.05,0.025,1.0,0.1,0.2,0.0,1.0,3.8,-13.28,True
1.05,0.025,1.0,0.1,0.2,0.25,0.75,3.82,-13.26,True
1.05,0.025,1.0,0.1,0.2,0.5,0.5,3.83,-13.25,True
1.05,0.025,1.0,0.1,0.2,0.75,0.25,3.85,-13.23,True
1.05,0.025,1.0,0.1,0.2,1.0,0.0,3.86,-13.21,True
1.05,0.025,1.0,0.1,0.3,0.0,1.0,4.98,-15.8,True
1.05,0.025,1.0,0.1,0.3,0.25,0.75,4.99,-15.78,True
1.05,0.025,1.0,0.1,0.3,0.5,0.5,5.01,-15.77,True
1.05,0.025,1.0,0.1,0.3,0.75,0.25,5.02,-15.75,True
1.05,0.025,1.0,0.1,0.3,1.0,0.0,5.03,-15.74,True
1.05,0.025,1.0,0.2,0.0,0.0,1.0,-0.33,-5.89,True
1.05,0.025,1.0,0.2,0.0,0.25,0.75,-0.3,-5.36,True
1.05,0.025,1.0,0.2,0.0,0.5,0.5,-0.26,-4.82,True
1.05,0.025,1.0,0.2,0.0,0.75,0.25,-0.23,-4.28,True
1.05,0.025,1.0,0.2,0.0,1.0,0.0,-0.19,-3.75,True
1.05,0.025,1.0,0.2,0.1,0.0,1.0,2.09,-9.04,True
1.05,0.025,1.0,0.2,0.1,0.25,0.75,2.12,-9.01,True
1.05,0.025,1.0,0.2,0.1,0.5,0.5,2.15,-8.99,True
1.05,0.025,1.0,0.2,0.1,0.75,0.25,2.18,-8.97,True
1.05,0.025,1.0,0.2,0.1,1.0,0.0,2.21,-8.94,True
1.05,0.025,1.0,0.2,0.2,0.0,1.0,3.74,-13.14,True
1.05,0.025,1.0,0.2,0.2,0.25,0.75,3.76,-13.13,True
1.05,0.025,1.0,0.2,0.2,0.5,0.5,3.79,-13.12,True
1.05,0.025,1.0,0.2,0.2,0.75,0.25,3.81,-13.11,True
1.05,0.025,1.0,0.2,0.2,1.0,0.0,3.83,-13.1,True
1.05,0.025,1.0,0.2,0.3,0.0,1.0,4.94,-15.75,True
1.05,0.025,1.0,0.2,0.3,0.25,0.75,4.96,-15.74,True
1.05,0.025,1.0,0.2,0.3,0.5,0.5,4.98,-15.72,True
1.05,0.025,1.0,0.2,0.3,0.75,0.25,4.99,-15.71,True
1.05,0.025,1.0,0.2,0.3,1.0,0.0,5.01,-15.69,True
1.05,0.025,1.0,0.3,0.0,0.0,1.0,-0.52,-8.81,True
1.05,0.025,1.0,0.3,0.0,0.25,0.75,-0.46,-8.01,True
1.05,0.025,1.0,0.3,0.0,0.5,0.5,-0.41,-7.22,True
1.05,0.025,1.0,0.3,0.0,0.75,0.25,-0.35,-6.42,True
1.05,0.025,1.0,0.3,0.0,1.0,0.0,-0.3,-5.61,True
1.05,0.025,1.0,0.3,0.1,0.0,1.0,2.05,-8.85,True
1.05,0.025,1.0,0.3,0.1,0.25,0.75,2.09,-8.84,True
1.05,0.025,1.0,0.3,0.1,0.5,0.5,2.13,-8.83,True
1.05,0.025,1.0,0.3,0.1,0.75,0.25,2.17,-8.83,True
1.05,0.025,1.0,0.3,0.1,1.0,0.0,2.21,-8.81,True
1.05,0.025,1.0,0.3,0.2,0.0,1.0,3.67,-13.25,True
1.05,0.025,1.0,0.3,0.2,0.25,0.75,3.7,-13.23,True
1.05,0.025,1.0,0.3,0.2,0.5,0.5,3.74,-13.21,True
1.05,0.025,1.0,0.3,0.2,0.75,0.25,3.77,-13.19,True
1.05,0.025,1.0,0.3,0.2,1.0,0.0,3.8,-13.17,True
1.05,0.025,1.0,0.3,0.3,0.0,1.0,4.87,-15.86,True
1.05,0.025,1.0,0.3,0.3,0.25,0.75,4.9,-15.83,True
1.05,0.025,1.0,0.3,0.3,0.5,0.5,4.93,-15.81,True
1.05,0.025,1.0,0.3,0.3,0.75,0.25,4.96,-15.78,True
1.05,0.025,1.0,0.3,0.3,1.0,0.0,4.98,-15.76,True
1.05,0.025,1.0,0.4,0.0,0.0,1.0,-0.62,-11.71,True
1.05,0.025,1.0,0.4,0.0,0.25,0.75,-0.55,-10.66,True
1.05,0.025,1.0,0.4,0.0,0.5,0.5,-0.48,-9.6,True
1.05,0.025,1.0,0.4,0.0,0.75,0.25,-0.41,-8.55,True
1.05,0.025,1.0,0.4,0.0,1.0,0.0,-0.34,-7.48,True
1.05,0.025,1.0,0.4,0.1,0.0,1.0,1.97,-8.93,True
1.05,0.025,1.0,0.4,0.1,0.25,0.75,2.02,-8.91,True
1.05,0.025,1.0,0.4,0.1,0.5,0.5,2.07,-8.9,True
1.05,0.025,1.0,0.4,0.1,0.75,0.25,2.12,-8.88,True
1.05,0.025,1.0,0.4,0.1,1.0,0.0,2.17,-8.87,True
1.05,0.025,1.0,0.4,0.2,0.0,1.0,3.63,-13.23,True
1.05,0.025,1.0,0.4,0.2,0.25,0.75,3.67,-13.21,True
1.05,0.025,1.0,0.4,0.2,0.5,0.5,3.7,-13.19,True
1.05,0.025,1.0,0.4,0.2,0.75,0.25,3.74,-13.16,True
1.05,0.025,1.0,0.4,0.2,1.0,0.0,3.78,-13.15,True
1.05,0.025,1.0,0.4,0.3,0.0,1.0,4.89,-15.67,True
1.05,0.025,1.0,0.4,0.3,0.25,0.75,4.92,-15.65,True
1.05,0.025,1.0,0.4,0.3,0.5,0.5,4.95,-15.64,True
1.05,0.025,1.0,0.4,0.3,0.75,0.25,4.98,-15.63,True
1.05,0.025,1.0,0.4,0.3,1.0,0.0,5.0,-15.62,True
1.05,0.025,1.01,0.1,0.0,0.0,1.0,-0.12,-1.64,True
1.05,0.025,1.01,0.1,0.0,0.25,0.75,-0.11,-1.53,True
1.05,0.025,1.01,0.1,0.0,0.5,0.5,-0.1,-1.43,True
1.05,0.025,1.01,0.1,0.0,0.75,0.25,-0.09,-1.32,True
1.05,0.025,1.01,0.1,0.0,1.0,0.0,-0.09,-1.21,True
1.05,0.025,1.01,0.1,0.1,0.0,1.0,2.28,-9.03,True
1.05,0.025,1.01,0.1,0.1,0.25,0.75,2.29,-9.02,True
1.05,0.025,1.01,0.1,0.1,0.5,0.5,2.3,-9.0,True
1.05,0.025,1.01,0.1,0.1,0.75,0.25,2.31,-8.99,True
1.05,0.025,1.01,0.1,0.1,1.0,0.0,2.31,-8.98,True
1.05,0.025,1.01,0.1,0.2,0.0,1.0,3.85,-13.4,True
1.05,0.025,1.01,0.1,0.2,0.25,0.75,3.86,-13.38,True
1.05,0.025,1.01,0.1,0.2,0.5,0.5,3.86,-13.36,True
1.05,0.025,1.01,0.1,0.2,0.75,0.25,3.87,-13.35,True
1.05,0.025,1.01,0.1,0.2,1.0,0.0,3.88,-13.33,True
1.05,0.025,1.01,0.1,0.3,0.0,1.0,5.02,-15.98,True
1.05,0.025,1.01,0.1,0.3,0.25,0.75,5.02,-15.95,True
1.05,0.025,1.01,0.1,0.3,0.5,0.5,5.03,-15.93,True
1.05,0.025,1.01,0.1,0.3,0.75,0.25,5.04,-15.91,True
1.05,0.025,1.01,0.1,0.3,1.0,0.0,5.05,-15.89,True
1.05,0.025,1.01,0.2,0.0,0.0,1.0,-0.25,-3.39,True
1.05,0.025,1.01,0.2,0.0,0.25,0.75,-0.23,-3.15,True
1.05,0.025,1.01,0.2,0.0,0.5,0.5,-0.21,-2.93,True
1.05,0.025,1.01,0.2,0.0,0.75,0.25,-0.19,-2.7,True
1.05,0.025,1.01,0.2,0.0,1.0,0.0,-0.18,-2.47,True
1.05,0.025,1.01,0.2,0.1,0.0,1.0,2.18,-9.23,True
1.05,0.025,1.01,0.2,0.1,0.25,0.75,2.19,-9.2,True
1.05,0.025,1.01,0.2,0.1,0.5,0.5,2.21,-9.18,True
1.05,0.025,1.01,0.2,0.1,0.75,0.25,2.23,-9.15,True
1.05,0.025,1.01,0.2,0.1,1.0,0.0,2.24,-9.12,True
1.05,0.025,1.01,0.2,0.2,0.0,1.0,3.75,-13.67,True
1.05,0.025,1.01,0.2,0.2,0.25,0.75,3.77,-13.64,True
1.05,0.025,1.01,0.2,0.2,0.5,0.5,3.78,-13.6,True
1.05,0.025,1.01,0.2,0.2,0.75,0.25,3.8,-13.56,True
1.05,0.025,1.01,0.2,0.2,1.0,0.0,3.82,-13.52,True
1.05,0.025,1.01,0.2,0.3,0.0,1.0,4.92,-16.28,True
1.05,0.025,1.01,0.2,0.3,0.25,0.75,4.94,-16.24,True
1.05,0.025,1.01,0.2,0.3,0.5,0.5,4.96,-16.2,True
1.05,0.025,1.01,0.2,0.3,0.75,0.25,4.97,-16.15,True
1.05,0.025,1.01,0.2,0.3,1.0,0.0,4.99,-16.11,True
1.05,0.025,1.01,0.3,0.0,0.0,1.0,-0.39,-5.23,True
1.05,0.025,1.01,0.3,0.0,0.25,0.75,-0.36,-4.86,True
1.05,0.025,1.01,0.3,0.0,0.5,0.5,-0.33,-4.5,True
1.05,0.025,1.01,0.3,0.0,0.75,0.25,-0.3,-4.14,True
1.05,0.025,1.01,0.3,0.0,1.0,0.0,-0.27,-3.78,True
1.05,0.025,1.01,0.3,0.1,0.0,1.0,2.06,-9.43,True
1.05,0.025,1.01,0.3,0.1,0.25,0.75,2.09,-9.39,True
1.05,0.025,1.01,0.3,0.1,0.5,0.5,2.12,-9.36,True
1.05,0.025,1.01,0.3,0.1,0.75,0.25,2.14,-9.32,True
1.05,0.025,1.01,0.3,0.1,1.0,0.0,2.17,-9.28,True
1.05,0.025,1.01,0.3,0.2,0.0,1.0,3.64,-13.95,True
1.05,0.025,1.01,0.3,0.2,0.25,0.75,3.67,-13.89,True
1.05,0.025,1.01,0.3,0.2,0.5,0.5,3.7,-13.84,True
1.05,0.025,1.01,0.3,0.2,0.75,0.25,3.73,-13.78,True
1.05,0.025,1.01,0.3,0.2,1.0,0.0,3.75,-13.73,True
1.05,0.025,1.01,0.3,0.3,0.0,1.0,4.84,-16.53,True
1.05,0.025,1.01,0.3,0.3,0.25,0.75,4.87,-16.47,True
1.05,0.025,1.01,0.3,0.3,0.5,0.5,4.89,-16.41,True
1.05,0.025,1.01,0.3,0.3,0.75,0.25,4.92,-16.35,True
1.05,0.025,1.01,0.3,0.3,1.0,0.0,4.94,-16.29,True
1.05,0.025,1.01,0.4,0.0,0.0,1.0,-0.54,-7.17,True
1.05,0.025,1.01,0.4,0.0,0.25,0.75,-0.5,-6.65,True
1.05,0.025,1.01,0.4,0.0,0.5,0.5,-0.45,-6.14,True
1.05,0.025,1.01,0.4,0.0,0.75,0.25,-0.41,-5.63,True
1.05,0.025,1.01,0.4,0.0,1.0,0.0,-0.37,-5.14,True
1.05,0.025,1.01,0.4,0.1,0.0,1.0,1.93,-9.65,True
1.05,0.025,1.01,0.4,0.1,0.25,0.75,1.98,-9.59,True
1.05,0.025,1.01,0.4,0.1,0.5,0.5,2.02,-9.54,True
1.05,0.025,1.01,0.4,0.1,0.75,0.25,2.06,-9.49,True
1.05,0.025,1.01,0.4,0.1,1.0,0.0,2.09,-9.44,True
1.05,0.025,1.01,0.4,0.2,0.0,1.0,3.57,-14.11,True
1.05,0.025,1.01,0.4,0.2,0.25,0.75,3.6,-14.04,True
1.05,0.025,1.01,0.4,0.2,0.5,0.5,3.64,-13.97,True
1.05,0.025,1.01,0.4,0.2,0.75,0.25,3.67,-13.9,True
1.05,0.025,1.01,0.4,0.2,1.0,0.0,3.71,-13.84,True
1.05,0.025,1.01,0.4,0.3,0.0,1.0,4.85,-16.42,True
1.05,0.025,1.01,0.4,0.3,0.25,0.75,4.87,-16.37,True
1.05,0.025,1.01,0.4,0.3,0.5,0.5,4.9,-16.32,True
1.05,0.025,1.01,0.4,0.3,0.75,0.25,4.92,-16.27,True
1.05,0.025,1.01,0.4,0.3,1.0,0.0,4.95,-16.22,True
1.05,0.025,1.02,0.1,0.0,0.0,1.0,-0.04,-2.07,True
1.05,0.025,1.02,0.1,0.0,0.25,0.75,-0.04,-1.89,True
1.05,0.025,1.02,0.1,0.0,0.5,0.5,-0.03,-1.71,True
1.05,0.025,1.02,0.1,0.0,0.75,0.25,-0.03,-1.54,True
1.05,0.025,1.02,0.1,0.0,1.0,0.0,-0.03,-1.36,True
1.05,0.025,1.02,0.1,0.1,0.0,1.0,2.33,-8.87,True
1.05,0.025,1.02,0.1,0.1,0.25,0.75,2.33,-8.86,True
1.05,0.025,1.02,0.1,0.1,0.5,0.5,2.34,-8.86,True
1.05,0.025,1.02,0.1,0.1,0.75,0.25,2.34,-8.86,True
1.05,0.025,1.02,0.1,0.1,1.0,0.0,2.34,-8.85,True
1.05,0.025,1.02,0.1,0.2,0.0,1.0,3.88,-13.2,True
1.05,0.025,1.02,0.1,0.2,0.25,0.75,3.89,-13.2,True
1.05,0.025,1.02,0.1,0.2,0.5,0.5,3.89,-13.19,True
1.05,0.025,1.02,0.1,0.2,0.75,0.25,3.9,-13.18,True
1.05,0.025,1.02,0.1,0.2,1.0,0.0,3.9,-13.17,True
1.05,0.025,1.02,0.1,0.3,0.0,1.0,5.05,-15.77,True
1.05,0.025,1.02,0.1,0.3,0.25,0.75,5.05,-15.77,True
1.05,0.025,1.02,0.1,0.3,0.5,0.5,5.06,-15.76,True
1.05,0.025,1.02,0.1,0.3,0.75,0.25,5.06,-15.75,True
1.05,0.025,1.02,0.1,0.3,1.0,0.0,5.06,-15.74,True
1.05,0.025,1.02,0.2,0.0,0.0,1.0,-0.08,-4.12,True
1.05,0.025,1.02,0.2,0.0,0.25,0.75,-0.08,-3.77,True
1.05,0.025,1.02,0.2,0.0,0.5,0.5,-0.07,-3.41,True
1.05,0.025,1.02,0.2,0.0,0.75,0.25,-0.06,-3.06,True
1.05,0.025,1.02,0.2,0.0,1.0,0.0,-0.05,-2.7,True
1.05,0.025,1.02,0.2,0.1,0.0,1.0,2.29,-8.94,True
1.05,0.025,1.02,0.2,0.1,0.25,0.75,2.3,-8.93,True
1.05,0.025,1.02,0.2,0.1,0.5,0.5,2.3,-8.92,True
1.05,0.025,1.02,0.2,0.1,0.75,0.25,2.31,-8.91,True
1.05,0.025,1.02,0.2,0.1,1.0,0.0,2.32,-8.9,True
1.05,0.025,1.02,0.2,0.2,0.0,1.0,3.84,-13.32,True
1.05,0.025,1.02,0.2,0.2,0.25,0.75,3.85,-13.3,True
1.05,0.025,1.02,0.2,0.2,0.5,0.5,3.86,-13.28,True
1.05,0.025,1.02,0.2,0.2,0.75,0.25,3.87,-13.27,True
1.05,0.025,1.02,0.2,0.2,1.0,0.0,3.88,-13.25,True
1.05,0.025,1.02,0.2,0.3,0.0,1.0,5.01,-15.91,True
1.05,0.025,1.02,0.2,0.3,0.25,0.75,5.02,-15.89,True
1.05,0.025,1.02,0.2,0.3,0.5,0.5,5.03,-15.87,True
1.05,0.025,1.02,0.2,0.3,0.75,0.25,5.03,-15.85,True
1.05,0.025,1.02,0.2,0.3,1.0,0.0,5.04,-15.83,True
1.05,0.025,1.02,0.3,0.0,0.0,1.0,-0.14,-6.14,True
1.05,0.025,1.02,0.3,0.0,0.25,0.75,-0.12,-5.62,True
1.05,0.025,1.02,0.3,0.0,0.5,0.5,-0.11,-5.09,True
1.05,0.025,1.02,0.3,0.0,0.75,0.25,-0.1,-4.57,True
1.05,0.025,1.02,0.3,0.0,1.0,0.0,-0.09,-4.04,True
1.05,0.025,1.02,0.3,0.1,0.0,1.0,2.24,-9.02,True
1.05,0.025,1.02,0.3,0.1,0.25,0.75,2.26,-9.01,True
1.05,0.025,1.02,0.3,0.1,0.5,0.5,2.27,-8.99,True
1.05,0.025,1.02,0.3,0.1,0.75,0.25,2.28,-8.97,True
1.05,0.025,1.02,0.3,0.1,1.0,0.0,2.29,-8.96,True
1.05,0.025,1.02,0.3,0.2,0.0,1.0,3.8,-13.44,True
1.05,0.025,1.02,0.3,0.2,0.25,0.75,3.81,-13.41,True
1.05,0.025,1.02,0.3,0.2,0.5,0.5,3.83,-13.39,True
1.05,0.025,1.02,0.3,0.2,0.75,0.25,3.84,-13.36,True
1.05,0.025,1.02,0.3,0.2,1.0,0.0,3.85,-13.34,True
1.05,0.025,1.02,0.3,0.3,0.0,1.0,4.97,-16.04,True
1.05,0.025,1.02,0.3,0.3,0.25,0.75,4.98,-16.0,True
1.05,0.025,1.02,0.3,0.3,0.5,0.5,4.99,-15.97,True
1.05,0.025,1.02,0.3,0.3,0.75,0.25,5.01,-15.94,True
1.05,0.025,1.02,0.3,0.3,1.0,0.0,5.02,-15.91,True
1.05,0.025,1.02,0.4,0.0,0.0,1.0,-0.19,-8.14,True
1.05,0.025,1.02,0.4,0.0,0.25,0.75,-0.17,-7.45,True
1.05,0.025,1.02,0.4,0.0,0.5,0.5,-0.15,-6.76,True
1.05,0.025,1.02,0.4,0.0,0.75,0.25,-0.14,-6.06,True
1.05,0.025,1.02,0.4,0.0,1.0,0.0,-0.12,-5.37,True
1.05,0.025,1.02,0.4,0.1,0.0,1.0,2.19,-9.11,True
1.05,0.025,1.02,0.4,0.1,0.25,0.75,2.21,-9.09,True
1.05,0.025,1.02,0.4,0.1,0.5,0.5,2.23,-9.06,True
1.05,0.025,1.02,0.4,0.1,0.75,0.25,2.25,-9.04,True
1.05,0.025,1.02,0.4,0.1,1.0,0.0,2.27,-9.02,True
1.05,0.025,1.02,0.4,0.2,0.0,1.0,3.75,-13.55,True
1.05,0.025,1.02,0.4,0.2,0.25,0.75,3.77,-13.51,True
1.05,0.025,1.02,0.4,0.2,0.5,0.5,3.79,-13.48,True
1.05,0.025,1.02,0.4,0.2,0.75,0.25,3.81,-13.44,True
1.05,0.025,1.02,0.4,0.2,1.0,0.0,3.83,-13.4,True
1.05,0.025,1.02,0.4,0.3,0.0,1.0,4.98,-15.98,True
1.05,0.025,1.02,0.4,0.3,0.25,0.75,5.0,-15.95,True
1.05,0.025,1.02,0.4,0.3,0.5,0.5,5.01,-15.92,True
1.05,0.025,1.02,0.4,0.3,0.75,0.25,5.02,-15.9,True
1.05,0.025,1.02,0.4,0.3,1.0,0.0,5.03,-15.87,True
1.05,0.03,0.95,0.1,0.0,0.0,1.0,0.55,-3.07,True
1.05,0.03,0.95,0.1,0.0,0.25,0.75,0.53,-2.83,True
1.05,0.03,0.95,0.1,0.0,0.5,0.5,0.51,-2.59,True
1.05,0.03,0.95,0.1,0.0,0.75,0.25,0.49,-2.34,True
1.05,0.03,0.95,0.1,0.0,1.0,0.0,0.46,-2.1,True
1.05,0.03,0.95,0.1,0.1,0.0,1.0,2.57,-7.4,True
1.05,0.03,0.95,0.1,0.1,0.25,0.75,2.55,-7.44,True
1.05,0.03,0.95,0.1,0.1,0.5,0.5,2.54,-7.48,True
1.05,0.03,0.95,0.1,0.1,0.75,0.25,2.52,-7.52,True
1.05,0.03,0.95,0.1,0.1,1.0,0.0,2.5,-7.56,True
1.05,0.03,0.95,0.1,0.2,0.0,1.0,4.01,-11.47,True
1.05,0.03,0.95,0.1,0.2,0.25,0.75,4.0,-11.53,True
1.05,0.03,0.95,0.1,0.2,0.5,0.5,3.98,-11.58,True
1.05,0.03,0.95,0.1,0.2,0.75,0.25,3.97,-11.64,True
1.05,0.03,0.95,0.1,0.2,1.0,0.0,3.95,-11.7,True
1.05,0.03,0.95,0.1,0.3,0.0,1.0,5.18,-13.92,True
1.05,0.03,0.95,0.1,0.3,0.25,0.75,5.17,-14.0,True
1.05,0.03,0.95,0.1,0.3,0.5,0.5,5.15,-14.08,True
1.05,0.03,0.95,0.1,0.3,0.75,0.25,5.13,-14.16,True
1.05,0.03,0.95,0.1,0.3,1.0,0.0,5.1,-14.24,True
1.05,0.03,0.95,0.2,0.0,0.0,1.0,1.01,-6.12,True
1.05,0.03,0.95,0.2,0.0,0.25,0.75,0.98,-5.64,True
1.05,0.03,0.95,0.2,0.0,0.5,0.5,0.95,-5.16,True
1.05,0.03,0.95,0.2,0.0,0.75,0.25,0.91,-4.67,True
1.05,0.03,0.95,0.2,0.0,1.0,0.0,0.88,-4.19,True
1.05,0.03,0.95,0.2,0.1,0.0,1.0,3.11,-6.8,True
1.05,0.03,0.95,0.2,0.1,0.25,0.75,3.06,-6.88,True
1.05,0.03,0.95,0.2,0.1,0.5,0.5,3.02,-6.97,True
1.05,0.03,0.95,0.2,0.1,0.75,0.25,2.97,-7.07,True
1.05,0.03,0.95,0.2,0.1,1.0,0.0,2.91,-7.16,True
1.05,0.03,0.95,0.2,0.2,0.0,1.0,4.63,-10.29,True
1.05,0.03,0.95,0.2,0.2,0.25,0.75,4.57,-10.44,True
1.05,0.03,0.95,0.2,0.2,0.5,0.5,4.52,-10.59,True
1.05,0.03,0.95,0.2,0.2,0.75,0.25,4.46,-10.75,True
1.05,0.03,0.95,0.2,0.2,1.0,0.0,4.4,-10.91,True
1.05,0.03,0.95,0.2,0.3,0.0,1.0,5.78,-12.88,True
1.05,0.03,0.95,0.2,0.3,0.25,0.75,5.73,-12.87,True
1.05,0.03,0.95,0.2,0.3,0.5,0.5,5.66,-12.86,True
1.05,0.03,0.95,0.2,0.3,0.75,0.25,5.6,-13.05,True
1.05,0.03,0.95,0.2,0.3,1.0,0.0,5.54,-13.26,True
1.05,0.03,0.95,0.3,0.0,0.0,1.0,1.69,-9.14,True
1.05,0.03,0.95,0.3,0.0,0.25,0.75,1.61,-8.43,True
1.05,0.03,0.95,0.3,0.0,0.5,0.5,1.54,-7.71,True
1.05,0.03,0.95,0.3,0.0,0.75,0.25,1.45,-6.99,True
1.05,0.03,0.95,0.3,0.0,1.0,0.0,1.37,-6.26,True
1.05,0.03,0.95,0.3,0.1,0.0,1.0,3.75,-6.26,True
1.05,0.03,0.95,0.3,0.1,0.25,0.75,3.66,-6.2,True
1.05,0.03,0.95,0.3,0.1,0.5,0.5,3.58,-6.33,True
1.05,0.03,0.95,0.3,0.1,0.75,0.25,3.49,-6.47,True
1.05,0.03,0.95,0.3,0.1,1.0,0.0,3.4,-6.62,True
1.05,0.03,0.95,0.3,0.2,0.0,1.0,5.2,-9.35,True
1.05,0.03,0.95,0.3,0.2,0.25,0.75,5.11,-9.55,True
1.05,0.03,0.95,0.3,0.2,0.5,0.5,5.02,-9.76,True
1.05,0.03,0.95,0.3,0.2,0.75,0.25,4.93,-9.98,True
1.05,0.03,0.95,0.3,0.2,1.0,0.0,4.83,-10.21,True
1.05,0.03,0.95,0.3,0.3,0.0,1.0,6.36,-12.93,True
1.05,0.03,0.95,0.3,0.3,0.25,0.75,6.27,-12.91,True
1.05,0.03,0.95,0.3,0.3,0.5,0.5,6.18,-12.89,True
1.05,0.03,0.95,0.3,0.3,0.75,0.25,6.08,-12.88,True
1.05,0.03,0.95,0.3,0.3,1.0,0.0,5.98,-12.86,True
1.05,0.03,0.95,0.4,0.0,0.0,1.0,2.33,-12.14,True
1.05,0.03,0.95,0.4,0.0,0.25,0.75,2.23,-11.19,True
1.05,0.03,0.95,0.4,0.0,0.5,0.5,2.12,-10.24,True
1.05,0.03,0.95,0.4,0.0,0.75,0.25,2.01,-9.29,True
1.05,0.03,0.95,0.4,0.0,1.0,0.0,1.88,-8.33,True
1.05,0.03,0.95,0.4,0.1,0.0,1.0,4.31,-9.27,True
1.05,0.03,0.95,0.4,0.1,0.25,0.75,4.2,-8.32,True
1.05,0.03,0.95,0.4,0.1,0.5,0.5,4.08,-7.37,True
1.05,0.03,0.95,0.4,0.1,0.75,0.25,3.96,-6.41,True
1.05,0.03,0.95,0.4,0.1,1.0,0.0,3.83,-6.22,True
1.05,0.03,0.95,0.4,0.2,0.0,1.0,5.75,-8.92,True
1.05,0.03,0.95,0.4,0.2,0.25,0.75,5.65,-8.95,True
1.05,0.03,0.95,0.4,0.2,0.5,0.5,5.54,-9.06,True
1.05,0.03,0.95,0.4,0.2,0.75,0.25,5.41,-9.33,True
1.05,0.03,0.95,0.4,0.2,1.0,0.0,5.27,-9.61,True
1.05,0.03,0.95,0.4,0.3,0.0,1.0,6.86,-12.67,True
1.05,0.03,0.95,0.4,0.3,0.25,0.75,6.76,-12.72,True
1.05,0.03,0.95,0.4,0.3,0.5,0.5,6.65,-12.77,True
1.05,0.03,0.95,0.4,0.3,0.75,0.25,6.53,-12.82,True
1.05,0.03,0.95,0.4,0.3,1.0,0.0,6.41,-12.87,True
1.05,0.03,0.97,0.1,0.0,0.0,1.0,0.78,-3.07,True
1.05,0.03,0.97,0.1,0.0,0.25,0.75,0.73,-2.83,True
1.05,0.03,0.97,0.1,0.0,0.5,0.5,0.67,-2.59,True
1.05,0.03,0.97,0.1,0.0,0.75,0.25,0.61,-2.34,True
1.05,0.03,0.97,0.1,0.0,1.0,0.0,0.54,-2.1,True
1.05,0.03,0.97,0.1,0.1,0.0,1.0,2.75,-7.07,True
1.05,0.03,0.97,0.1,0.1,0.25,0.75,2.7,-7.14,True
1.05,0.03,0.97,0.1,0.1,0.5,0.5,2.65,-7.21,True
1.05,0.03,0.97,0.1,0.1,0.75,0.25,2.6,-7.28,True
1.05,0.03,0.97,0.1,0.1,1.0,0.0,2.55,-7.36,True
1.05,0.03,0.97,0.1,0.2,0.0,1.0,4.17,-11.04,True
1.05,0.03,0.97,0.1,0.2,0.25,0.75,4.12,-11.14,True
1.05,0.03,0.97,0.1,0.2,0.5,0.5,4.08,-11.24,True
1.05,0.03,0.97,0.1,0.2,0.75,0.25,4.03,-11.34,True
1.05,0.03,0.97,0.1,0.2,1.0,0.0,3.98,-11.45,True
1.05,0.03,0.97,0.1,0.3,0.0,1.0,5.31,-13.5,True
1.05,0.03,0.97,0.1,0.3,0.25,0.75,5.27,-13.62,True
1.05,0.03,0.97,0.1,0.3,0.5,0.5,5.22,-13.75,True
1.05,0.03,0.97,0.1,0.3,0.75,0.25,5.18,-13.87,True
1.05,0.03,0.97,0.1,0.3,1.0,0.0,5.13,-14.0,True
1.05,0.03,0.97,0.2,0.0,0.0,1.0,1.45,-6.12,True
1.05,0.03,0.97,0.2,0.0,0.25,0.75,1.35,-5.64,True
1.05,0.03,0.97,0.2,0.0,0.5,0.5,1.25,-5.16,True
1.05,0.03,0.97,0.2,0.0,0.75,0.25,1.15,-4.67,True
1.05,0.03,0.97,0.2,0.0,1.0,0.0,1.04,-4.19,True
1.05,0.03,0.97,0.2,0.1,0.0,1.0,3.44,-6.38,True
1.05,0.03,0.97,0.2,0.1,0.25,0.75,3.34,-6.51,True
1.05,0.03,0.97,0.2,0.1,0.5,0.5,3.24,-6.64,True
1.05,0.03,0.97,0.2,0.1,0.75,0.25,3.13,-6.77,True
1.05,0.03,0.97,0.2,0.1,1.0,0.0,3.03,-6.91,True
1.05,0.03,0.97,0.2,0.2,0.0,1.0,4.9,-9.78,True
1.05,0.03,0.97,0.2,0.2,0.25,0.75,4.8,-9.98,True
1.05,0.03,0.97,0.2,0.2,0.5,0.5,4.7,-10.18,True
1.05,0.03,0.97,0.2,0.2,0.75,0.25,4.59,-10.39,True
1.05,0.03,0.97,0.2,0.2,1.0,0.0,4.49,-10.61,True
1.05,0.03,0.97,0.2,0.3,0.0,1.0,6.02,-12.9,True
1.05,0.03,0.97,0.2,0.3,0.25,0.75,5.92,-12.88,True
1.05,0.03,0.97,0.2,0.3,0.5,0.5,5.82,-12.86,True
1.05,0.03,0.97,0.2,0.3,0.75,0.25,5.72,-12.83,True
1.05,0.03,0.97,0.2,0.3,1.0,0.0,5.62,-12.94,True
1.05,0.03,0.97,0.3,0.0,0.0,1.0,2.26,-9.14,True
1.05,0.03,0.97,0.3,0.0,0.25,0.75,2.1,-8.43,True
1.05,0.03,0.97,0.3,0.0,0.5,0.5,1.94,-7.71,True
1.05,0.03,0.97,0.3,0.0,0.75,0.25,1.77,-6.99,True
1.05,0.03,0.97,0.3,0.0,1.0,0.0,1.6,-6.26,True
1.05,0.03,0.97,0.3,0.1,0.0,1.0,4.18,-6.25,True
1.05,0.03,0.97,0.3,0.1,0.25,0.75,4.04,-5.79,True
1.05,0.03,0.97,0.3,0.1,0.5,0.5,3.88,-5.96,True
1.05,0.03,0.97,0.3,0.1,0.75,0.25,3.73,-6.14,True
1.05,0.03,0.97,0.3,0.1,1.0,0.0,3.57,-6.34,True
1.05,0.03,0.97,0.3,0.2,0.0,1.0,5.54,-9.03,True
1.05,0.03,0.97,0.3,0.2,0.25,0.75,5.4,-9.02,True
1.05,0.03,0.97,0.3,0.2,0.5,0.5,5.25,-9.28,True
1.05,0.03,0.97,0.3,0.2,0.75,0.25,5.1,-9.56,True
1.05,0.03,0.97,0.3,0.2,1.0,0.0,4.94,-9.85,True
1.05,0.03,0.97,0.3,0.3,0.0,1.0,6.58,-12.9,True
1.05,0.03,0.97,0.3,0.3,0.25,0.75,6.47,-12.97,True
1.05,0.03,0.97,0.3,0.3,0.5,0.5,6.33,-12.98,True
1.05,0.03,0.97,0.3,0.3,0.75,0.25,6.18,-12.95,True
1.05,0.03,0.97,0.3,0.3,1.0,0.0,6.03,-12.91,True
1.05,0.03,0.97,0.4,0.0,0.0,1.0,3.0,-12.14,True
1.05,0.03,0.97,0.4,0.0,0.25,0.75,2.81,-11.19,True
1.05,0.03,0.97,0.4,0.0,0.5,0.5,2.61,-10.24,True
1.05,0.03,0.97,0.4,0.0,0.75,0.25,2.39,-9.29,True
1.05,0.03,0.97,0.4,0.0,1.0,0.0,2.17,-8.33,True
1.05,0.03,0.97,0.4,0.1,0.0,1.0,4.76,-9.3,True
1.05,0.03,0.97,0.4,0.1,0.25,0.75,4.59,-8.32,True
1.05,0.03,0.97,0.4,0.1,0.5,0.5,4.42,-7.34,True
1.05,0.03,0.97,0.4,0.1,0.75,0.25,4.22,-6.39,True
1.05,0.03,0.97,0.4,0.1,1.0,0.0,4.01,-5.91,True
1.05,0.03,0.97,0.4,0.2,0.0,1.0,6.02,-8.79,True
1.05,0.03,0.97,0.4,0.2,0.25,0.75,5.87,-8.85,True
1.05,0.03,0.97,0.4,0.2,0.5,0.5,5.71,-8.92,True
1.05,0.03,0.97,0.4,0.2,0.75,0.25,5.54,-8.99,True
1.05,0.03,0.97,0.4,0.2,1.0,0.0,5.35,-9.21,True
1.05,0.03,0.97,0.4,0.3,0.0,1.0,7.04,-12.52,True
1.05,0.03,0.97,0.4,0.3,0.25,0.75,6.89,-12.61,True
1.05,0.03,0.97,0.4,0.3,0.5,0.5,6.74,-12.7,True
1.05,0.03,0.97,0.4,0.3,0.75,0.25,6.58,-12.79,True
1.05,0.03,0.97,0.4,0.3,1.0,0.0,6.41,-12.89,True
1.05,0.03,0.99,0.1,0.0,0.0,1.0,-0.28,-3.35,True
1.05,0.03,0.99,0.1,0.0,0.25,0.75,-0.25,-3.05,True
1.05,0.03,0.99,0.1,0.0,0.5,0.5,-0.23,-2.75,True
1.05,0.03,0.99,0.1,0.0,0.75,0.25,-0.2,-2.45,True
1.05,0.03,0.99,0.1,0.0,1.0,0.0,-0.18,-2.15,True
1.05,0.03,0.99,0.1,0.1,0.0,1.0,2.16,-9.06,True
1.05,0.03,0.99,0.1,0.1,0.25,0.75,2.18,-9.05,True
1.05,0.03,0.99,0.1,0.1,0.5,0.5,2.2,-9.03,True
1.05,0.03,0.99,0.1,0.1,0.75,0.25,2.22,-9.01,True
1.05,0.03,0.99,0.1,0.1,1.0,0.0,2.24,-8.99,True
1.05,0.03,0.99,0.1,0.2,0.0,1.0,3.73,-13.43,True
1.05,0.03,0.99,0.1,0.2,0.25,0.75,3.75,-13.4,True
1.05,0.03,0.99,0.1,0.2,0.5,0.5,3.77,-13.38,True
1.05,0.03,0.99,0.1,0.2,0.75,0.25,3.79,-13.35,True
1.05,0.03,0.99,0.1,0.2,1.0,0.0,3.81,-13.33,True
1.05,0.03,0.99,0.1,0.3,0.0,1.0,4.91,-15.99,True
1.05,0.03,0.99,0.1,0.3,0.25,0.75,4.93,-15.97,True
1.05,0.03,0.99,0.1,0.3,0.5,0.5,4.94,-15.94,True
1.05,0.03,0.99,0.1,0.3,0.75,0.25,4.96,-15.91,True
1.05,0.03,0.99,0.1,0.3,1.0,0.0,4.98,-15.88,True
1.05,0.03,0.99,0.2,0.0,0.0,1.0,-0.56,-6.65,True
1.05,0.03,0.99,0.2,0.0,0.25,0.75,-0.51,-6.07,True
1.05,0.03,0.99,0.2,0.0,0.5,0.5,-0.46,-5.48,True
1.05,0.03,0.99,0.2,0.0,0.75,0.25,-0.41,-4.89,True
1.05,0.03,0.99,0.2,0.0,1.0,0.0,-0.36,-4.29,True
1.05,0.03,0.99,0.2,0.1,0.0,1.0,1.93,-9.29,True
1.05,0.03,0.99,0.2,0.1,0.25,0.75,1.97,-9.25,True
1.05,0.03,0.99,0.2,0.1,0.5,0.5,2.01,-9.21,True
1.05,0.03,0.99,0.2,0.1,0.75,0.25,2.05,-9.17,True
1.05,0.03,0.99,0.2,0.1,1.0,0.0,2.09,-9.14,True
1.05,0.03,0.99,0.2,0.2,0.0,1.0,3.55,-13.69,True
1.05,0.03,0.99,0.2,0.2,0.25,0.75,3.58,-13.64,True
1.05,0.03,0.99,0.2,0.2,0.5,0.5,3.61,-13.59,True
1.05,0.03,0.99,0.2,0.2,0.75,0.25,3.65,-13.55,True
1.05,0.03,0.99,0.2,0.2,1.0,0.0,3.68,-13.5,True
1.05,0.03,0.99,0.2,0.3,0.0,1.0,4.81,-16.06,True
1.05,0.03,0.99,0.2,0.3,0.25,0.75,4.84,-16.03,True
1.05,0.03,0.99,0.2,0.3,0.5,0.5,4.87,-16.0,True
1.05,0.03,0.99,0.2,0.3,0.75,0.25,4.89,-15.96,True
1.05,0.03,0.99,0.2,0.3,1.0,0.0,4.92,-15.93,True
1.05,0.03,0.99,0.3,0.0,0.0,1.0,-0.85,-9.92,True
1.05,0.03,0.99,0.3,0.0,0.25,0.75,-0.77,-9.05,True
1.05,0.03,0.99,0.3,0.0,0.5,0.5,-0.7,-8.17,True
1.05,0.03,0.99,0.3,0.0,0.75,0.25,-0.62,-7.3,True
1.05,0.03,0.99,0.3,0.0,1.0,0.0,-0.55,-6.42,True
1.05,0.03,0.99,0.3,0.1,0.0,1.0,1.71,-9.48,True
1.05,0.03,0.99,0.3,0.1,0.25,0.75,1.77,-9.43,True
1.05,0.03,0.99,0.3,0.1,0.5,0.5,1.83,-9.38,True
1.05,0.03,0.99,0.3,0.1,0.75,0.25,1.89,-9.33,True
1.05,0.03,0.99,0.3,0.1,1.0,0.0,1.95,-9.27,True
1.05,0.03,0.99,0.3,0.2,0.0,1.0,3.48,-13.65,True
1.05,0.03,0.99,0.3,0.2,0.25,0.75,3.52,-13.61,True
1.05,0.03,0.99,0.3,0.2,0.5,0.5,3.57,-13.57,True
1.05,0.03,0.99,0.3,0.2,0.75,0.25,3.61,-13.53,True
1.05,0.03,0.99,0.3,0.2,1.0,0.0,3.65,-13.49,True
1.05,0.03,0.99,0.3,0.3,0.0,1.0,4.77,-16.07,True
1.05,0.03,0.99,0.3,0.3,0.25,0.75,4.8,-16.04,True
1.05,0.03,0.99,0.3,0.3,0.5,0.5,4.83,-16.01,True
1.05,0.03,0.99,0.3,0.3,0.75,0.25,4.87,-15.98,True
1.05,0.03,0.99,0.3,0.3,1.0,0.0,4.9,-15.95,True
1.05,0.03,0.99,0.4,0.0,0.0,1.0,-1.14,-13.13,True
1.05,0.03,0.99,0.4,0.0,0.25,0.75,-1.04,-11.99,True
1.05,0.03,0.99,0.4,0.0,0.5,0.5,-0.94,-10.85,True
1.05,0.03,0.99,0.4,0.0,0.75,0.25,-0.84,-9.69,True
1.05,0.03,0.99,0.4,0.0,1.0,0.0,-0.74,-8.53,True
1.05,0.03,0.99,0.4,0.1,0.0,1.0,1.64,-9.47,True
1.05,0.03,0.99,0.4,0.1,0.25,0.75,1.7,-9.42,True
1.05,0.03,0.99,0.4,0.1,0.5,0.5,1.77,-9.38,True
1.05,0.03,0.99,0.4,0.1,0.75,0.25,1.84,-9.33,True
1.05,0.03,0.99,0.4,0.1,1.0,0.0,1.91,-9.28,True
1.05,0.03,0.99,0.4,0.2,0.0,1.0,3.43,-13.65,True
1.05,0.03,0.99,0.4,0.2,0.25,0.75,3.48,-13.61,True
1.05,0.03,0.99,0.4,0.2,0.5,0.5,3.53,-13.57,True
1.05,0.03,0.99,0.4,0.2,0.75,0.25,3.57,-13.53,True
1.05,0.03,0.99,0.4,0.2,1.0,0.0,3.62,-13.49,True
1.05,0.03,0.99,0.4,0.3,0.0,1.0,4.72,-16.2,True
1.05,0.03,0.99,0.4,0.3,0.25,0.75,4.76,-16.16,True
1.05,0.03,0.99,0.4,0.3,0.5,0.5,4.8,-16.12,True
1.05,0.03,0.99,0.4,0.3,0.75,0.25,4.83,-16.08,True
1.05,0.03,0.99,0.4,0.3,1.0,0.0,4.87,-16.04,True
1.05,0.03,1.0,0.1,0.0,0.0,1.0,-0.18,-2.43,True
1.05,0.03,1.0,0.1,0.0,0.25,0.75,-0.16,-2.21,True
1.05,0.03,1.0,0.1,0.0,0.5,0.5,-0.15,-2.0,True
1.05,0.03,1.0,0.1,0.0,0.75,0.25,-0.13,-1.78,True
1.05,0.03,1.0,0.1,0.0,1.0,0.0,-0.12,-1.56,True
1.05,0.03,1.0,0.1,0.1,0.0,1.0,2.23,-8.98,True
1.05,0.03,1.0,0.1,0.1,0.25,0.75,2.24,-8.97,True
1.05,0.03,1.0,0.1,0.1,0.5,0.5,2.25,-8.96,True
1.05,0.03,1.0,0.1,0.1,0.75,0.25,2.27,-8.95,True
1.05,0.03,1.0,0.1,0.1,1.0,0.0,2.28,-8.93,True
1.05,0.03,1.0,0.1,0.2,0.0,1.0,3.8,-13.33,True
1.05,0.03,1.0,0.1,0.2,0.25,0.75,3.81,-13.31,True
1.05,0.03,1.0,0.1,0.2,0.5,0.5,3.82,-13.29,True
1.05,0.03,1.0,0.1,0.2,0.75,0.25,3.83,-13.28,True
1.05,0.03,1.0,0.1,0.2,1.0,0.0,3.85,-13.26,True
1.05,0.03,1.0,0.1,0.3,0.0,1.0,4.97,-15.89,True
1.05,0.03,1.0,0.1,0.3,0.25,0.75,4.98,-15.87,True
1.05,0.03,1.0,0.1,0.3,0.5,0.5,4.99,-15.85,True
1.05,0.03,1.0,0.1,0.3,0.75,0.25,5.0,-15.84,True
1.05,0.03,1.0,0.1,0.3,1.0,0.0,5.01,-15.82,True
1.05,0.03,1.0,0.2,0.0,0.0,1.0,-0.36,-4.87,True
1.05,0.03,1.0,0.2,0.0,0.25,0.75,-0.33,-4.44,True
1.05,0.03,1.0,0.2,0.0,0.5,0.5,-0.3,-4.0,True
1.05,0.03,1.0,0.2,0.0,0.75,0.25,-0.27,-3.57,True
1.05,0.03,1.0,0.2,0.0,1.0,0.0,-0.24,-3.13,True
1.05,0.03,1.0,0.2,0.1,0.0,1.0,2.07,-9.12,True
1.05,0.03,1.0,0.2,0.1,0.25,0.75,2.1,-9.1,True
1.05,0.03,1.0,0.2,0.1,0.5,0.5,2.13,-9.07,True
1.05,0.03,1.0,0.2,0.1,0.75,0.25,2.15,-9.05,True
1.05,0.03,1.0,0.2,0.1,1.0,0.0,2.18,-9.03,True
1.05,0.03,1.0,0.2,0.2,0.0,1.0,3.66,-13.5,True
1.05,0.03,1.0,0.2,0.2,0.25,0.75,3.68,-13.47,True
1.05,0.03,1.0,0.2,0.2,0.5,0.5,3.71,-13.44,True
1.05,0.03,1.0,0.2,0.2,0.75,0.25,3.73,-13.41,True
1.05,0.03,1.0,0.2,0.2,1.0,0.0,3.76,-13.38,True
1.05,0.03,1.0,0.2,0.3,0.0,1.0,4.92,-15.87,True
1.05,0.03,1.0,0.2,0.3,0.25,0.75,4.94,-15.86,True
1.05,0.03,1.0,0.2,0.3,0.5,0.5,4.95,-15.84,True
1.05,0.03,1.0,0.2,0.3,0.75,0.25,4.97,-15.83,True
1.05,0.03,1.0,0.2,0.3,1.0,0.0,4.99,-15.81,True
1.05,0.03,1.0,0.3,0.0,0.0,1.0,-0.55,-7.32,True
1.05,0.03,1.0,0.3,0.0,0.25,0.75,-0.51,-6.67,True
1.05,0.03,1.0,0.3,0.0,0.5,0.5,-0.46,-6.02,True
1.05,0.03,1.0,0.3,0.0,0.75,0.25,-0.41,-5.36,True
1.05,0.03,1.0,0.3,0.0,1.0,0.0,-0.36,-4.71,True
1.05,0.03,1.0,0.3,0.1,0.0,1.0,1.91,-9.23,True
1.05,0.03,1.0,0.3,0.1,0.25,0.75,1.96,-9.2,True
1.05,0.03,1.0,0.3,0.1,0.5,0.5,2.0,-9.18,True
1.05,0.03,1.0,0.3,0.1,0.75,0.25,2.04,-9.14,True
1.05,0.03,1.0,0.3,0.1,1.0,0.0,2.08,-9.11,True
1.05,0.03,1.0,0.3,0.2,0.0,1.0,3.65,-13.37,True
1.05,0.03,1.0,0.3,0.2,0.25,0.75,3.68,-13.35,True
1.05,0.03,1.0,0.3,0.2,0.5,0.5,3.71,-13.34,True
1.05,0.03,1.0,0.3,0.2,0.75,0.25,3.74,-13.32,True
1.05,0.03,1.0,0.3,0.2,1.0,0.0,3.76,-13.3,True
1.05,0.03,1.0,0.3,0.3,0.0,1.0,4.91,-15.77,True
1.05,0.03,1.0,0.3,0.3,0.25,0.75,4.93,-15.77,True
1.05,0.03,1.0,0.3,0.3,0.5,0.5,4.95,-15.76,True
1.05,0.03,1.0,0.3,0.3,0.75,0.25,4.97,-15.76,True
1.05,0.03,1.0,0.3,0.3,1.0,0.0,4.99,-15.75,True
1.05,0.03,1.0,0.4,0.0,0.0,1.0,-0.75,-9.78,True
1.05,0.03,1.0,0.4,0.0,0.25,0.75,-0.68,-8.91,True
1.05,0.03,1.0,0.4,0.0,0.5,0.5,-0.62,-8.04,True
1.05,0.03,1.0,0.4,0.0,0.75,0.25,-0.55,-7.16,True
1.05,0.03,1.0,0.4,0.0,1.0,0.0,-0.49,-6.29,True
1.05,0.03,1.0,0.4,0.1,0.0,1.0,1.9,-9.15,True
1.05,0.03,1.0,0.4,0.1,0.25,0.75,1.95,-9.13,True
1.05,0.03,1.0,0.4,0.1,0.5,0.5,2.0,-9.11,True
1.05,0.03,1.0,0.4,0.1,0.75,0.25,2.04,-9.09,True
1.05,0.03,1.0,0.4,0.1,1.0,0.0,2.08,-9.07,True
1.05,0.03,1.0,0.4,0.2,0.0,1.0,3.64,-13.26,True
1.05,0.03,1.0,0.4,0.2,0.25,0.75,3.67,-13.26,True
1.05,0.03,1.0,0.4,0.2,0.5,0.5,3.7,-13.25,True
1.05,0.03,1.0,0.4,0.2,0.75,0.25,3.73,-13.24,True
1.05,0.03,1.0,0.4,0.2,1.0,0.0,3.76,-13.24,True
1.05,0.03,1.0,0.4,0.3,0.0,1.0,4.88,-15.81,True
1.05,0.03,1.0,0.4,0.3,0.25,0.75,4.91,-15.8,True
1.05,0.03,1.0,0.4,0.3,0.5,0.5,4.93,-15.8,True
1.05,0.03,1.0,0.4,0.3,0.75,0.25,4.95,-15.79,True
1.05,0.03,1.0,0.4,0.3,1.0,0.0,4.97,-15.78,True
1.05,0.03,1.01,0.1,0.0,0.0,1.0,-0.1,-1.5,True
1.05,0.03,1.01,0.1,0.0,0.25,0.75,-0.09,-1.39,True
1.05,0.03,1.01,0.1,0.0,0.5,0.5,-0.09,-1.28,True
1.05,0.03,1.01,0.1,0.0,0.75,0.25,-0.08,-1.18,True
1.05,0.03,1.01,0.1,0.0,1.0,0.0,-0.07,-1.07,True
1.05,0.03,1.01,0.1,0.1,0.0,1.0,2.29,-8.98,True
1.05,0.03,1.01,0.1,0.1,0.25,0.75,2.3,-8.97,True
1.05,0.03,1.01,0.1,0.1,0.5,0.5,2.31,-8.96,True
1.05,0.03,1.01,0.1,0.1,0.75,0.25,2.32,-8.95,True
1.05,0.03,1.01,0.1,0.1,1.0,0.0,2.32,-8.94,True
1.05,0.03,1.01,0.1,0.2,0.0,1.0,3.86,-13.33,True
1.05,0.03,1.01,0.1,0.2,0.25,0.75,3.87,-13.32,True
1.05,0.03,1.01,0.1,0.2,0.5,0.5,3.87,-13.3,True
1.05,0.03,1.01,0.1,0.2,0.75,0.25,3.88,-13.29,True
1.05,0.03,1.01,0.1,0.2,1.0,0.0,3.89,-13.27,True
1.05,0.03,1.01,0.1,0.3,0.0,1.0,5.03,-15.9,True
1.05,0.03,1.01,0.1,0.3,0.25,0.75,5.03,-15.88,True
1.05,0.03,1.01,0.1,0.3,0.5,0.5,5.04,-15.87,True
1.05,0.03,1.01,0.1,0.3,0.75,0.25,5.05,-15.85,True
1.05,0.03,1.01,0.1,0.3,1.0,0.0,5.05,-15.83,True
1.05,0.03,1.01,0.2,0.0,0.0,1.0,-0.21,-2.99,True
1.05,0.03,1.01,0.2,0.0,0.25,0.75,-0.19,-2.78,True
1.05,0.03,1.01,0.2,0.0,0.5,0.5,-0.17,-2.56,True
1.05,0.03,1.01,0.2,0.0,0.75,0.25,-0.16,-2.35,True
1.05,0.03,1.01,0.2,0.0,1.0,0.0,-0.14,-2.14,True
1.05,0.03,1.01,0.2,0.1,0.0,1.0,2.21,-9.12,True
1.05,0.03,1.01,0.2,0.1,0.25,0.75,2.22,-9.1,True
1.05,0.03,1.01,0.2,0.1,0.5,0.5,2.24,-9.08,True
1.05,0.03,1.01,0.2,0.1,0.75,0.25,2.25,-9.06,True
1.05,0.03,1.01,0.2,0.1,1.0,0.0,2.26,-9.04,True
1.05,0.03,1.01,0.2,0.2,0.0,1.0,3.78,-13.53,True
1.05,0.03,1.01,0.2,0.2,0.25,0.75,3.79,-13.5,True
1.05,0.03,1.01,0.2,0.2,0.5,0.5,3.8,-13.47,True
1.05,0.03,1.01,0.2,0.2,0.75,0.25,3.82,-13.44,True
1.05,0.03,1.01,0.2,0.2,1.0,0.0,3.83,-13.41,True
1.05,0.03,1.01,0.2,0.3,0.0,1.0,4.94,-16.12,True
1.05,0.03,1.01,0.2,0.3,0.25,0.75,4.96,-16.09,True
1.05,0.03,1.01,0.2,0.3,0.5,0.5,4.97,-16.05,True
1.05,0.03,1.01,0.2,0.3,0.75,0.25,4.99,-16.02,True
1.05,0.03,1.01,0.2,0.3,1.0,0.0,5.0,-15.98,True
1.05,0.03,1.01,0.3,0.0,0.0,1.0,-0.31,-4.49,True
1.05,0.03,1.01,0.3,0.0,0.25,0.75,-0.29,-4.17,True
1.05,0.03,1.01,0.3,0.0,0.5,0.5,-0.26,-3.85,True
1.05,0.03,1.01,0.3,0.0,0.75,0.25,-0.24,-3.53,True
1.05,0.03,1.01,0.3,0.0,1.0,0.0,-0.21,-3.21,True
1.05,0.03,1.01,0.3,0.1,0.0,1.0,2.11,-9.25,True
1.05,0.03,1.01,0.3,0.1,0.25,0.75,2.13,-9.22,True
1.05,0.03,1.01,0.3,0.1,0.5,0.5,2.16,-9.2,True
1.05,0.03,1.01,0.3,0.1,0.75,0.25,2.18,-9.17,True
1.05,0.03,1.01,0.3,0.1,1.0,0.0,2.2,-9.13,True
1.05,0.03,1.01,0.3,0.2,0.0,1.0,3.68,-13.71,True
1.05,0.03,1.01,0.3,0.2,0.25,0.75,3.71,-13.67,True
1.05,0.03,1.01,0.3,0.2,0.5,0.5,3.73,-13.63,True
1.05,0.03,1.01,0.3,0.2,0.75,0.25,3.76,-13.59,True
1.05,0.03,1.01,0.3,0.2,1.0,0.0,3.78,-13.54,True
1.05,0.03,1.01,0.3,0.3,0.0,1.0,4.88,-16.27,True
1.05,0.03,1.01,0.3,0.3,0.25,0.75,4.9,-16.23,True
1.05,0.03,1.01,0.3,0.3,0.5,0.5,4.92,-16.18,True
1.05,0.03,1.01,0.3,0.3,0.75,0.25,4.95,-16.14,True
1.05,0.03,1.01,0.3,0.3,1.0,0.0,4.97,-16.1,True
1.05,0.03,1.01,0.4,0.0,0.0,1.0,-0.43,-5.98,True
1.05,0.03,1.01,0.4,0.0,0.25,0.75,-0.39,-5.56,True
1.05,0.03,1.01,0.4,0.0,0.5,0.5,-0.36,-5.13,True
1.05,0.03,1.01,0.4,0.0,0.75,0.25,-0.32,-4.7,True
1.05,0.03,1.01,0.4,0.0,1.0,0.0,-0.29,-4.28,True
1.05,0.03,1.01,0.4,0.1,0.0,1.0,2.01,-9.38,True
1.05,0.03,1.01,0.4,0.1,0.25,0.75,2.04,-9.34,True
1.05,0.03,1.01,0.4,0.1,0.5,0.5,2.08,-9.31,True
1.05,0.03,1.01,0.4,0.1,0.75,0.25,2.11,-9.27,True
1.05,0.03,1.01,0.4,0.1,1.0,0.0,2.14,-9.23,True
1.05,0.03,1.01,0.4,0.2,0.0,1.0,3.61,-13.88,True
1.05,0.03,1.01,0.4,0.2,0.25,0.75,3.64,-13.82,True
1.05,0.03,1.01,0.4,0.2,0.5,0.5,3.67,-13.77,True
1.05,0.03,1.01,0.4,0.2,0.75,0.25,3.7,-13.71,True
1.05,0.03,1.01,0.4,0.2,1.0,0.0,3.73,-13.66,True
1.05,0.03,1.01,0.4,0.3,0.0,1.0,4.86,-16.28,True
1.05,0.03,1.01,0.4,0.3,0.25,0.75,4.89,-16.24,True
1.05,0.03,1.01,0.4,0.3,0.5,0.5,4.91,-16.2,True
1.05,0.03,1.01,0.4,0.3,0.75,0.25,4.93,-16.15,True
1.05,0.03,1.01,0.4,0.3,1.0,0.0,4.95,-16.11,True
1.05,0.03,1.02,0.1,0.0,0.0,1.0,-0.04,-1.32,True
1.05,0.03,1.02,0.1,0.0,0.25,0.75,-0.04,-1.21,True
1.05,0.03,1.02,0.1,0.0,0.5,0.5,-0.03,-1.1,True
1.05,0.03,1.02,0.1,0.0,0.75,0.25,-0.03,-0.98,True
1.05,0.03,1.02,0.1,0.0,1.0,0.0,-0.02,-0.87,True
1.05,0.03,1.02,0.1,0.1,0.0,1.0,2.33,-8.86,True
1.05,0.03,1.02,0.1,0.1,0.25,0.75,2.33,-8.86,True
1.05,0.03,1.02,0.1,0.1,0.5,0.5,2.33,-8.85,True
1.05,0.03,1.02,0.1,0.1,0.75,0.25,2.34,-8.85,True
1.05,0.03,1.02,0.1,0.1,1.0,0.0,2.34,-8.84,True
1.05,0.03,1.02,0.1,0.2,0.0,1.0,3.88,-13.2,True
1.05,0.03,1.02,0.1,0.2,0.25,0.75,3.88,-13.19,True
1.05,0.03,1.02,0.1,0.2,0.5,0.5,3.89,-13.18,True
1.05,0.03,1.02,0.1,0.2,0.75,0.25,3.89,-13.17,True
1.05,0.03,1.02,0.1,0.2,1.0,0.0,3.9,-13.16,True
1.05,0.03,1.02,0.1,0.3,0.0,1.0,5.04,-15.77,True
1.05,0.03,1.02,0.1,0.3,0.25,0.75,5.05,-15.76,True
1.05,0.03,1.02,0.1,0.3,0.5,0.5,5.05,-15.75,True
1.05,0.03,1.02,0.1,0.3,0.75,0.25,5.06,-15.74,True
1.05,0.03,1.02,0.1,0.3,1.0,0.0,5.06,-15.73,True
1.05,0.03,1.02,0.2,0.0,0.0,1.0,-0.08,-2.65,True
1.05,0.03,1.02,0.2,0.0,0.25,0.75,-0.07,-2.42,True
1.05,0.03,1.02,0.2,0.0,0.5,0.5,-0.07,-2.19,True
1.05,0.03,1.02,0.2,0.0,0.75,0.25,-0.06,-1.97,True
1.05,0.03,1.02,0.2,0.0,1.0,0.0,-0.05,-1.74,True
1.05,0.03,1.02,0.2,0.1,0.0,1.0,2.28,-8.92,True
1.05,0.03,1.02,0.2,0.1,0.25,0.75,2.29,-8.91,True
1.05,0.03,1.02,0.2,0.1,0.5,0.5,2.3,-8.9,True
1.05,0.03,1.02,0.2,0.1,0.75,0.25,2.31,-8.89,True
1.05,0.03,1.02,0.2,0.1,1.0,0.0,2.32,-8.88,True
1.05,0.03,1.02,0.2,0.2,0.0,1.0,3.84,-13.29,True
1.05,0.03,1.02,0.2,0.2,0.25,0.75,3.84,-13.28,True
1.05,0.03,1.02,0.2,0.2,0.5,0.5,3.85,-13.26,True
1.05,0.03,1.02,0.2,0.2,0.75,0.25,3.86,-13.25,True
1.05,0.03,1.02,0.2,0.2,1.0,0.0,3.87,-13.23,True
1.05,0.03,1.02,0.2,0.3,0.0,1.0,5.0,-15.89,True
1.05,0.03,1.02,0.2,0.3,0.25,0.75,5.01,-15.87,True
1.05,0.03,1.02,0.2,0.3,0.5,0.5,5.02,-15.85,True
1.05,0.03,1.02,0.2,0.3,0.75,0.25,5.02,-15.83,True
1.05,0.03,1.02,0.2,0.3,1.0,0.0,5.03,-15.81,True
1.05,0.03,1.02,0.3,0.0,0.0,1.0,-0.13,-3.98,True
1.05,0.03,1.02,0.3,0.0,0.25,0.75,-0.11,-3.64,True
1.05,0.03,1.02,0.3,0.0,0.5,0.5,-0.1,-3.29,True
1.05,0.03,1.02,0.3,0.0,0.75,0.25,-0.09,-2.95,True
1.05,0.03,1.02,0.3,0.0,1.0,0.0,-0.08,-2.61,True
1.05,0.03,1.02,0.3,0.1,0.0,1.0,2.24,-8.99,True
1.05,0.03,1.02,0.3,0.1,0.25,0.75,2.25,-8.97,True
1.05,0.03,1.02,0.3,0.1,0.5,0.5,2.26,-8.96,True
1.05,0.03,1.02,0.3,0.1,0.75,0.25,2.28,-8.94,True
1.05,0.03,1.02,0.3,0.1,1.0,0.0,2.29,-8.93,True
1.05,0.03,1.02,0.3,0.2,0.0,1.0,3.79,-13.4,True
1.05,0.03,1.02,0.3,0.2,0.25,0.75,3.8,-13.37,True
1.05,0.03,1.02,0.3,0.2,0.5,0.5,3.82,-13.35,True
1.05,0.03,1.02,0.3,0.2,0.75,0.25,3.83,-13.32,True
1.05,0.03,1.02,0.3,0.2,1.0,0.0,3.84,-13.3,True
1.05,0.03,1.02,0.3,0.3,0.0,1.0,4.97,-15.99,True
1.05,0.03,1.02,0.3,0.3,0.25,0.75,4.98,-15.96,True
1.05,0.03,1.02,0.3,0.3,0.5,0.5,4.99,-15.93,True
1.05,0.03,1.02,0.3,0.3,0.75,0.25,5.01,-15.9,True
1.05,0.03,1.02,0.3,0.3,1.0,0.0,5.02,-15.87,True
1.05,0.03,1.02,0.4,0.0,0.0,1.0,-0.17,-5.31,True
1.05,0.03,1.02,0.4,0.0,0.25,0.75,-0.15,-4.85,True
1.05,0.03,1.02,0.4,0.0,0.5,0.5,-0.14,-4.39,True
1.05,0.03,1.02,0.4,0.0,0.75,0.25,-0.12,-3.94,True
1.05,0.03,1.02,0.4,0.0,1.0,0.0,-0.1,-3.48,True
1.05,0.03,1.02,0.4,0.1,0.0,1.0,2.19,-9.06,True
1.05,0.03,1.02,0.4,0.1,0.25,0.75,2.21,-9.03,True
1.05,0.03,1.02,0.4,0.1,0.5,0.5,2.23,-9.01,True
1.05,0.03,1.02,0.4,0.1,0.75,0.25,2.25,-8.99,True
1.05,0.03,1.02,0.4,0.1,1.0,0.0,2.26,-8.97,True
1.05,0.03,1.02,0.4,0.2,0.0,1.0,3.75,-13.51,True
1.05,0.03,1.02,0.4,0.2,0.25,0.75,3.77,-13.47,True
1.05,0.03,1.02,0.4,0.2,0.5,0.5,3.79,-13.43,True
1.05,0.03,1.02,0.4,0.2,0.75,0.25,3.8,-13.4,True
1.05,0.03,1.02,0.4,0.2,1.0,0.0,3.82,-13.36,True
1.05,0.03,1.02,0.4,0.3,0.0,1.0,4.99,-15.92,True
1.05,0.03,1.02,0.4,0.3,0.25,0.75,5.0,-15.9,True
1.05,0.03,1.02,0.4,0.3,0.5,0.5,5.01,-15.87,True
1.05,0.03,1.02,0.4,0.3,0.75,0.25,5.02,-15.85,True
1.05,0.03,1.02,0.4,0.3,1.0,0.0,5.03,-15.82,True
1.06,0.005,0.95,0.1,0.0,0.0,1.0,1.44,-36.94,True
1.06,0.005,0.95,0.1,0.0,0.25,0.75,1.74,-34.08,True
1.06,0.005,0.95,0.1,0.0,0.5,0.5,2.01,-31.15,True
1.06,0.005,0.95,0.1,0.0,0.75,0.25,2.24,-28.14,True
1.06,0.005,0.95,0.1,0.0,1.0,0.0,2.44,-25.06,True
1.06,0.005,0.95,0.1,0.1,0.0,1.0,3.01,-35.46,True
1.06,0.005,0.95,0.1,0.1,0.25,0.75,3.24,-32.64,True
1.06,0.005,0.95,0.1,0.1,0.5,0.5,3.45,-29.75,True
1.06,0.005,0.95,0.1,0.1,0.75,0.25,3.65,-26.79,True
1.06,0.005,0.95,0.1,0.1,1.0,0.0,3.81,-23.77,True
1.06,0.005,0.95,0.1,0.2,0.0,1.0,4.2,-33.25,True
1.06,0.005,0.95,0.1,0.2,0.25,0.75,4.36,-30.51,True
1.06,0.005,0.95,0.1,0.2,0.5,0.5,4.52,-27.69,True
1.06,0.005,0.95,0.1,0.2,0.75,0.25,4.67,-24.82,True
1.06,0.005,0.95,0.1,0.2,1.0,0.0,4.81,-21.89,True
1.06,0.005,0.95,0.1,0.3,0.0,1.0,5.39,-29.4,True
1.06,0.005,0.95,0.1,0.3,0.25,0.75,5.5,-26.82,True
1.06,0.005,0.95,0.1,0.3,0.5,0.5,5.61,-24.2,True
1.06,0.005,0.95,0.1,0.3,0.75,0.25,5.72,-21.52,True
1.06,0.005,0.95,0.1,0.3,1.0,0.0,5.82,-18.8,True
1.06,0.005,0.95,0.2,0.0,0.0,1.0,0.17,-43.01,True
1.06,0.005,0.95,0.2,0.0,0.25,0.75,0.63,-39.82,True
1.06,0.005,0.95,0.2,0.0,0.5,0.5,1.05,-36.51,True
1.06,0.005,0.95,0.2,0.0,0.75,0.25,1.43,-33.09,True
1.06,0.005,0.95,0.2,0.0,1.0,0.0,1.76,-29.55,True
1.06,0.005,0.95,0.2,0.1,0.0,1.0,2.41,-39.27,True
1.06,0.005,0.95,0.2,0.1,0.25,0.75,2.68,-36.19,True
1.06,0.005,0.95,0.2,0.1,0.5,0.5,2.94,-33.01,True
1.06,0.005,0.95,0.2,0.1,0.75,0.25,3.18,-29.74,True
1.06,0.005,0.95,0.2,0.1,1.0,0.0,3.41,-26.37,True
1.06,0.005,0.95,0.2,0.2,0.0,1.0,4.09,-35.57,True
1.06,0.005,0.95,0.2,0.2,0.25,0.75,4.26,-32.62,True
1.06,0.005,0.95,0.2,0.2,0.5,0.5,4.43,-29.58,True
1.06,0.005,0.95,0.2,0.2,0.75,0.25,4.59,-26.47,True
1.06,0.005,0.95,0.2,0.2,1.0,0.0,4.74,-23.27,True
1.06,0.005,0.95,0.2,0.3,0.0,1.0,5.26,-31.57,True
1.06,0.005,0.95,0.2,0.3,0.25,0.75,5.39,-28.77,True
1.06,0.005,0.95,0.2,0.3,0.5,0.5,5.51,-25.92,True
1.06,0.005,0.95,0.2,0.3,0.75,0.25,5.63,-23.0,True
1.06,0.005,0.95,0.2,0.3,1.0,0.0,5.75,-20.04,True
1.06,0.005,0.95,0.3,0.0,0.0,1.0,-0.4,-41.26,False
1.06,0.005,0.95,0.3,0.0,0.25,0.75,0.13,-40.19,True
1.06,0.005,0.95,0.3,0.0,0.5,0.5,0.63,-36.85,True
1.06,0.005,0.95,0.3,0.0,0.75,0.25,1.08,-33.39,True
1.06,0.005,0.95,0.3,0.0,1.0,0.0,1.47,-29.79,True
1.06,0.005,0.95,0.3,0.1,0.0,1.0,2.21,-39.74,True
1.06,0.005,0.95,0.3,0.1,0.25,0.75,2.49,-36.63,True
1.06,0.005,0.95,0.3,0.1,0.5,0.5,2.77,-33.42,True
1.06,0.005,0.95,0.3,0.1,0.75,0.25,3.04,-30.09,True
1.06,0.005,0.95,0.3,0.1,1.0,0.0,3.29,-26.66,True
1.06,0.005,0.95,0.3,0.2,0.0,1.0,3.85,-35.74,True
1.06,0.005,0.95,0.3,0.2,0.25,0.75,4.05,-32.78,True
1.06,0.005,0.95,0.3,0.2,0.5,0.5,4.23,-29.72,True
1.06,0.005,0.95,0.3,0.2,0.75,0.25,4.41,-26.58,True
1.06,0.005,0.95,0.3,0.2,1.0,0.0,4.58,-23.35,True
1.06,0.005,0.95,0.3,0.3,0.0,1.0,5.18,-31.58,True
1.06,0.005,0.95,0.3,0.3,0.25,0.75,5.29,-28.78,True
1.06,0.005,0.95,0.3,0.3,0.5,0.5,5.41,-25.91,True
1.06,0.005,0.95,0.3,0.3,0.75,0.25,5.53,-22.99,True
1.06,0.005,0.95,0.3,0.3,1.0,0.0,5.65,-20.0,True
1.06,0.005,0.95,0.4,0.0,0.0,1.0,-0.93,-41.0,False
1.06,0.005,0.95,0.4,0.0,0.25,0.75,-0.33,-40.23,True
1.06,0.005,0.95,0.4,0.0,0.5,0.5,0.21,-36.88,True
1.06,0.005,0.95,0.4,0.0,0.75,0.25,0.72,-33.4,True
1.06,0.005,0.95,0.4,0.0,1.0,0.0,1.17,-29.78,True
1.06,0.005,0.95,0.4,0.1,0.0,1.0,1.88,-39.67,True
1.06,0.005,0.95,0.4,0.1,0.25,0.75,2.18,-36.56,True
1.06,0.005,0.95,0.4,0.1,0.5,0.5,2.47,-33.34,True
1.06,0.005,0.95,0.4,0.1,0.75,0.25,2.76,-30.01,True
1.06,0.005,0.95,0.4,0.1,1.0,0.0,3.04,-26.56,True
1.06,0.005,0.95,0.4,0.2,0.0,1.0,3.78,-35.73,True
1.06,0.005,0.95,0.4,0.2,0.25,0.75,3.95,-32.76,True
1.06,0.005,0.95,0.4,0.2,0.5,0.5,4.13,-29.69,True
1.06,0.005,0.95,0.4,0.2,0.75,0.25,4.31,-26.54,True
1.06,0.005,0.95,0.4,0.2,1.0,0.0,4.49,-23.31,True
1.06,0.005,0.95,0.4,0.3,0.0,1.0,5.18,-31.69,True
1.06,0.005,0.95,0.4,0.3,0.25,0.75,5.29,-28.88,True
1.06,0.005,0.95,0.4,0.3,0.5,0.5,5.41,-26.0,True
1.06,0.005,0.95,0.4,0.3,0.75,0.25,5.53,-23.06,True
1.06,0.005,0.95,0.4,0.3,1.0,0.0,5.65,-20.06,True
1.06,0.005,0.97,0.1,0.0,0.0,1.0,-1.03,-29.6,True
1.06,0.005,0.97,0.1,0.0,0.25,0.75,-0.59,-27.27,True
1.06,0.005,0.97,0.1,0.0,0.5,0.5,-0.18,-24.89,True
1.06,0.005,0.97,0.1,0.0,0.75,0.25,0.19,-22.45,True
1.06,0.005,0.97,0.1,0.0,1.0,0.0,0.52,-19.96,True
1.06,0.005,0.97,0.1,0.1,0.0,1.0,1.42,-28.92,True
1.06,0.005,0.97,0.1,0.1,0.25,0.75,1.68,-26.58,True
1.06,0.005,0.97,0.1,0.1,0.5,0.5,1.95,-24.19,True
1.06,0.005,0.97,0.1,0.1,0.75,0.25,2.21,-21.74,True
1.06,0.005,0.97,0.1,0.1,1.0,0.0,2.45,-19.24,True
1.06,0.005,0.97,0.1,0.2,0.0,1.0,3.47,-27.73,True
1.06,0.005,0.97,0.1,0.2,0.25,0.75,3.59,-25.39,True
1.06,0.005,0.97,0.1,0.2,0.5,0.5,3.72,-23.0,True
1.06,0.005,0.97,0.1,0.2,0.75,0.25,3.87,-20.56,True
1.06,0.005,0.97,0.1,0.2,1.0,0.0,4.02,-18.07,True
1.06,0.005,0.97,0.1,0.3,0.0,1.0,4.96,-25.13,True
1.06,0.005,0.97,0.1,0.3,0.25,0.75,5.05,-22.88,True
1.06,0.005,0.97,0.1,0.3,0.5,0.5,5.14,-20.57,True
1.06,0.005,0.97,0.1,0.3,0.75,0.25,5.24,-18.22,True
1.06,0.005,0.97,0.1,0.3,1.0,0.0,5.34,-15.97,True
1.06,0.005,0.97,0.2,0.0,0.0,1.0,-2.44,-37.71,True
1.06,0.005,0.97,0.2,0.0,0.25,0.75,-1.83,-34.87,True
1.06,0.005,0.97,0.2,0.0,0.5,0.5,-1.26,-31.93,True
1.06,0.005,0.97,0.2,0.0,0.75,0.25,-0.73,-28.89,True
1.06,0.005,0.97,0.2,0.0,1.0,0.0,-0.24,-25.74,True
1.06,0.005,0.97,0.2,0.1,0.0,1.0,1.42,-34.0,True
1.06,0.005,0.97,0.2,0.1,0.25,0.75,1.66,-31.28,True
1.06,0.005,0.97,0.2,0.1,0.5,0.5,1.9,-28.48,True
1.06,0.005,0.97,0.2,0.1,0.75,0.25,2.15,-25.59,True
1.06,0.005,0.97,0.2,0.1,1.0,0.0,2.4,-22.61,True
1.06,0.005,0.97,0.2,0.2,0.0,1.0,3.52,-30.34,True
1.06,0.005,0.97,0.2,0.2,0.25,0.75,3.67,-27.76,True
1.06,0.005,0.97,0.2,0.2,0.5,0.5,3.81,-25.1,True
1.06,0.005,0.97,0.2,0.2,0.75,0.25,3.97,-22.37,True
1.06,0.005,0.97,0.2,0.2,1.0,0.0,4.14,-19.57,True
1.06,0.005,0.97,0.2,0.3,0.0,1.0,4.99,-26.48,True
1.06,0.005,0.97,0.2,0.3,0.25,0.75,5.08,-24.07,True
1.06,0.005,0.97,0.2,0.3,0.5,0.5,5.18,-21.6,True
1.06,0.005,0.97,0.2,0.3,0.75,0.25,5.28,-19.08,True
1.06,0.005,0.97,0.2,0.3,1.0,0.0,5.39,-16.5,True
1.06,0.005,0.97,0.3,0.0,0.0,1.0,-2.51,-37.54,True
1.06,0.005,0.97,0.3,0.0,0.25,0.75,-1.86,-34.68,True
1.06,0.005,0.97,0.3,0.0,0.5,0.5,-1.26,-31.72,True
1.06,0.005,0.97,0.3,0.0,0.75,0.25,-0.7,-28.64,True
1.06,0.005,0.97,0.3,0.0,1.0,0.0,-0.19,-25.62,True
1.06,0.005,0.97,0.3,0.1,0.0,1.0,1.37,-33.91,True
1.06,0.005,0.97,0.3,0.1,0.25,0.75,1.63,-31.18,True
1.06,0.005,0.97,0.3,0.1,0.5,0.5,1.89,-28.35,True
1.06,0.005,0.97,0.3,0.1,0.75,0.25,2.16,-25.43,True
1.06,0.005,0.97,0.3,0.1,1.0,0.0,2.43,-22.41,True
1.06,0.005,0.97,0.3,0.2,0.0,1.0,3.51,-29.99,True
1.06,0.005,0.97,0.3,0.2,0.25,0.75,3.66,-27.42,True
1.06,0.005,0.97,0.3,0.2,0.5,0.5,3.81,-24.77,True
1.06,0.005,0.97,0.3,0.2,0.75,0.25,3.97,-22.05,True
1.06,0.005,0.97,0.3,0.2,1.0,0.0,4.14,-19.25,True
1.06,0.005,0.97,0.3,0.3,0.0,1.0,5.0,-25.95,True
1.06,0.005,0.97,0.3,0.3,0.25,0.75,5.09,-23.57,True
1.06,0.005,0.97,0.3,0.3,0.5,0.5,5.18,-21.13,True
1.06,0.005,0.97,0.3,0.3,0.75,0.25,5.29,-18.63,True
1.06,0.005,0.97,0.3,0.3,1.0,0.0,5.39,-16.07,True
1.06,0.005,0.97,0.4,0.0,0.0,1.0,-2.67,-37.28,True
1.06,0.005,0.97,0.4,0.0,0.25,0.75,-1.99,-34.42,True
1.06,0.005,0.97,0.4,0.0,0.5,0.5,-1.36,-31.45,True
1.06,0.005,0.97,0.4,0.0,0.75,0.25,-0.78,-28.37,True
1.06,0.005,0.97,0.4,0.0,1.0,0.0,-0.25,-25.37,True
1.06,0.005,0.97,0.4,0.1,0.0,1.0,1.33,-33.49,True
1.06,0.005,0.97,0.4,0.1,0.25,0.75,1.59,-30.77,True
1.06,0.005,0.97,0.4,0.1,0.5,0.5,1.87,-27.95,True
1.06,0.005,0.97,0.4,0.1,0.75,0.25,2.14,-25.04,True
1.06,0.005,0.97,0.4,0.1,1.0,0.0,2.4,-22.03,True
1.06,0.005,0.97,0.4,0.2,0.0,1.0,3.52,-29.6,True
1.06,0.005,0.97,0.4,0.2,0.25,0.75,3.66,-27.05,True
1.06,0.005,0.97,0.4,0.2,0.5,0.5,3.81,-24.41,True
1.06,0.005,0.97,0.4,0.2,0.75,0.25,3.97,-21.7,True
1.06,0.005,0.97,0.4,0.2,1.0,0.0,4.14,-18.91,True
1.06,0.005,0.97,0.4,0.3,0.0,1.0,5.02,-25.85,True
1.06,0.005,0.97,0.4,0.3,0.25,0.75,5.11,-23.49,True
1.06,0.005,0.97,0.4,0.3,0.5,0.5,5.21,-21.07,True
1.06,0.005,0.97,0.4,0.3,0.75,0.25,5.32,-18.58,True
1.06,0.005,0.97,0.4,0.3,1.0,0.0,5.42,-16.04,True
1.06,0.005,0.99,0.1,0.0,0.0,1.0,-2.1,-32.49,True
1.06,0.005,0.99,0.1,0.0,0.25,0.75,-1.72,-29.63,True
1.06,0.005,0.99,0.1,0.0,0.5,0.5,-1.35,-26.67,True
1.06,0.005,0.99,0.1,0.0,0.75,0.25,-1.0,-23.62,True
1.06,0.005,0.99,0.1,0.0,1.0,0.0,-0.66,-20.47,True
1.06,0.005,0.99,0.1,0.1,0.0,1.0,1.46,-19.96,True
1.06,0.005,0.99,0.1,0.1,0.25,0.75,1.65,-18.31,True
1.06,0.005,0.99,0.1,0.1,0.5,0.5,1.83,-16.63,True
1.06,0.005,0.99,0.1,0.1,0.75,0.25,2.0,-14.93,True
1.06,0.005,0.99,0.1,0.1,1.0,0.0,2.16,-13.2,True
1.06,0.005,0.99,0.1,0.2,0.0,1.0,3.47,-19.28,True
1.06,0.005,0.99,0.1,0.2,0.25,0.75,3.57,-17.62,True
1.06,0.005,0.99,0.1,0.2,0.5,0.5,3.67,-15.92,True
1.06,0.005,0.99,0.1,0.2,0.75,0.25,3.78,-14.2,True
1.06,0.005,0.99,0.1,0.2,1.0,0.0,3.89,-13.19,True
1.06,0.005,0.99,0.1,0.3,0.0,1.0,4.99,-18.06,True
1.06,0.005,0.99,0.1,0.3,0.25,0.75,5.06,-16.41,True
1.06,0.005,0.99,0.1,0.3,0.5,0.5,5.13,-16.0,True
1.06,0.005,0.99,0.1,0.3,0.75,0.25,5.2,-15.82,True
1.06,0.005,0.99,0.1,0.3,1.0,0.0,5.27,-15.67,True
1.06,0.005,0.99,0.2,0.0,0.0,1.0,-2.95,-42.87,False
1.06,0.005,0.99,0.2,0.0,0.25,0.75,-2.42,-39.37,True
1.06,0.005,0.99,0.2,0.0,0.5,0.5,-1.91,-35.72,True
1.06,0.005,0.99,0.2,0.0,0.75,0.25,-1.43,-31.9,True
1.06,0.005,0.99,0.2,0.0,1.0,0.0,-0.97,-27.92,True
1.06,0.005,0.99,0.2,0.1,0.0,1.0,1.41,-29.25,True
1.06,0.005,0.99,0.2,0.1,0.25,0.75,1.6,-26.96,True
1.06,0.005,0.99,0.2,0.1,0.5,0.5,1.79,-24.61,True
1.06,0.005,0.99,0.2,0.1,0.75,0.25,1.98,-22.19,True
1.06,0.005,0.99,0.2,0.1,1.0,0.0,2.18,-19.71,True
1.06,0.005,0.99,0.2,0.2,0.0,1.0,3.54,-26.86,True
1.06,0.005,0.99,0.2,0.2,0.25,0.75,3.66,-24.65,True
1.06,0.005,0.99,0.2,0.2,0.5,0.5,3.78,-22.38,True
1.06,0.005,0.99,0.2,0.2,0.75,0.25,3.91,-20.05,True
1.06,0.005,0.99,0.2,0.2,1.0,0.0,4.03,-17.67,True
1.06,0.005,0.99,0.2,0.3,0.0,1.0,5.02,-23.93,True
1.06,0.005,0.99,0.2,0.3,0.25,0.75,5.09,-21.85,True
1.06,0.005,0.99,0.2,0.3,0.5,0.5,5.17,-19.72,True
1.06,0.005,0.99,0.2,0.3,0.75,0.25,5.25,-17.54,True
1.06,0.005,0.99,0.2,0.3,1.0,0.0,5.33,-15.4,True
1.06,0.005,0.99,0.3,0.0,0.0,1.0,-2.87,-43.88,False
1.06,0.005,0.99,0.3,0.0,0.25,0.75,-2.31,-40.32,False
1.06,0.005,0.99,0.3,0.0,0.5,0.5,-1.78,-36.6,True
1.06,0.005,0.99,0.3,0.0,0.75,0.25,-1.29,-32.71,True
1.06,0.005,0.99,0.3,0.0,1.0,0.0,-0.82,-28.63,True
1.06,0.005,0.99,0.3,0.1,0.0,1.0,1.35,-32.7,True
1.06,0.005,0.99,0.3,0.1,0.25,0.75,1.56,-30.19,True
1.06,0.005,0.99,0.3,0.1,0.5,0.5,1.78,-27.6,True
1.06,0.005,0.99,0.3,0.1,0.75,0.25,2.0,-24.93,True
1.06,0.005,0.99,0.3,0.1,1.0,0.0,2.21,-22.17,True
1.06,0.005,0.99,0.3,0.2,0.0,1.0,3.55,-29.04,True
1.06,0.005,0.99,0.3,0.2,0.25,0.75,3.66,-26.69,True
1.06,0.005,0.99,0.3,0.2,0.5,0.5,3.78,-24.26,True
1.06,0.005,0.99,0.3,0.2,0.75,0.25,3.91,-21.77,True
1.06,0.005,0.99,0.3,0.2,1.0,0.0,4.04,-19.21,True
1.06,0.005,0.99,0.3,0.3,0.0,1.0,5.02,-25.39,True
1.06,0.005,0.99,0.3,0.3,0.25,0.75,5.1,-23.2,True
1.06,0.005,0.99,0.3,0.3,0.5,0.5,5.18,-20.96,True
1.06,0.005,0.99,0.3,0.3,0.75,0.25,5.26,-18.66,True
1.06,0.005,0.99,0.3,0.3,1.0,0.0,5.35,-16.32,True
1.06,0.005,0.99,0.4,0.0,0.0,1.0,-2.92,-43.45,False
1.06,0.005,0.99,0.4,0.0,0.25,0.75,-2.34,-39.9,True
1.06,0.005,0.99,0.4,0.0,0.5,0.5,-1.79,-36.18,True
1.06,0.005,0.99,0.4,0.0,0.75,0.25,-1.28,-32.29,True
1.06,0.005,0.99,0.4,0.0,1.0,0.0,-0.81,-28.22,True
1.06,0.005,0.99,0.4,0.1,0.0,1.0,1.38,-33.67,True
1.06,0.005,0.99,0.4,0.1,0.25,0.75,1.59,-31.1,True
1.06,0.005,0.99,0.4,0.1,0.5,0.5,1.81,-28.44,True
1.06,0.005,0.99,0.4,0.1,0.75,0.25,2.02,-25.68,True
1.06,0.005,0.99,0.4,0.1,1.0,0.0,2.23,-22.83,True
1.06,0.005,0.99,0.4,0.2,0.0,1.0,3.53,-29.82,True
1.06,0.005,0.99,0.4,0.2,0.25,0.75,3.65,-27.42,True
1.06,0.005,0.99,0.4,0.2,0.5,0.5,3.78,-24.94,True
1.06,0.005,0.99,0.4,0.2,0.75,0.25,3.92,-22.38,True
1.06,0.005,0.99,0.4,0.2,1.0,0.0,4.05,-19.75,True
1.06,0.005,0.99,0.4,0.3,0.0,1.0,4.99,-25.72,True
1.06,0.005,0.99,0.4,0.3,0.25,0.75,5.07,-23.52,True
1.06,0.005,0.99,0.4,0.3,0.5,0.5,5.15,-21.26,True
1.06,0.005,0.99,0.4,0.3,0.75,0.25,5.24,-18.94,True
1.06,0.005,0.99,0.4,0.3,1.0,0.0,5.33,-16.56,True
1.06,0.005,1.0,0.1,0.0,0.0,1.0,-3.21,-42.57,False
1.06,0.005,1.0,0.1,0.0,0.25,0.75,-2.81,-39.54,True
1.06,0.005,1.0,0.1,0.0,0.5,0.5,-2.41,-36.38,True
1.06,0.005,1.0,0.1,0.0,0.75,0.25,-2.03,-33.1,True
1.06,0.005,1.0,0.1,0.0,1.0,0.0,-1.66,-29.69,True
1.06,0.005,1.0,0.1,0.1,0.0,1.0,0.83,-16.32,True
1.06,0.005,1.0,0.1,0.1,0.25,0.75,1.01,-15.46,True
1.06,0.005,1.0,0.1,0.1,0.5,0.5,1.2,-14.86,True
1.06,0.005,1.0,0.1,0.1,0.75,0.25,1.4,-13.99,True
1.06,0.005,1.0,0.1,0.1,1.0,0.0,1.58,-12.85,True
1.06,0.005,1.0,0.1,0.2,0.0,1.0,3.2,-16.01,True
1.06,0.005,1.0,0.1,0.2,0.25,0.75,3.28,-15.66,True
1.06,0.005,1.0,0.1,0.2,0.5,0.5,3.37,-15.32,True
1.06,0.005,1.0,0.1,0.2,0.75,0.25,3.47,-14.99,True
1.06,0.005,1.0,0.1,0.2,1.0,0.0,3.57,-14.68,True
1.06,0.005,1.0,0.1,0.3,0.0,1.0,4.8,-17.9,True
1.06,0.005,1.0,0.1,0.3,0.25,0.75,4.85,-17.63,True
1.06,0.005,1.0,0.1,0.3,0.5,0.5,4.92,-17.33,True
1.06,0.005,1.0,0.1,0.3,0.75,0.25,4.99,-17.06,True
1.06,0.005,1.0,0.1,0.3,1.0,0.0,5.06,-16.83,True
1.06,0.005,1.0,0.2,0.0,0.0,1.0,-4.61,-52.34,False
1.06,0.005,1.0,0.2,0.0,0.25,0.75,-4.02,-48.84,False
1.06,0.005,1.0,0.2,0.0,0.5,0.5,-3.44,-45.14,False
1.06,0.005,1.0,0.2,0.0,0.75,0.25,-2.89,-41.24,False
1.06,0.005,1.0,0.2,0.0,1.0,0.0,-2.36,-37.12,True
1.06,0.005,1.0,0.2,0.1,0.0,1.0,0.88,-22.9,True
1.06,0.005,1.0,0.2,0.1,0.25,0.75,1.05,-21.06,True
1.06,0.005,1.0,0.2,0.1,0.5,0.5,1.23,-19.18,True
1.06,0.005,1.0,0.2,0.1,0.75,0.25,1.42,-17.25,True
1.06,0.005,1.0,0.2,0.1,1.0,0.0,1.61,-15.27,True
1.06,0.005,1.0,0.2,0.2,0.0,1.0,3.25,-20.06,True
1.06,0.005,1.0,0.2,0.2,0.25,0.75,3.34,-18.37,True
1.06,0.005,1.0,0.2,0.2,0.5,0.5,3.44,-16.64,True
1.06,0.005,1.0,0.2,0.2,0.75,0.25,3.55,-14.87,True
1.06,0.005,1.0,0.2,0.2,1.0,0.0,3.67,-14.19,True
1.06,0.005,1.0,0.2,0.3,0.0,1.0,4.83,-17.52,True
1.06,0.005,1.0,0.2,0.3,0.25,0.75,4.9,-17.22,True
1.06,0.005,1.0,0.2,0.3,0.5,0.5,4.97,-16.91,True
1.06,0.005,1.0,0.2,0.3,0.75,0.25,5.04,-16.63,True
1.06,0.005,1.0,0.2,0.3,1.0,0.0,5.11,-16.42,True
1.06,0.005,1.0,0.3,0.0,0.0,1.0,-4.37,-52.33,False
1.06,0.005,1.0,0.3,0.0,0.25,0.75,-3.75,-48.8,False
1.06,0.005,1.0,0.3,0.0,0.5,0.5,-3.16,-45.06,False
1.06,0.005,1.0,0.3,0.0,0.75,0.25,-2.59,-41.12,False
1.06,0.005,1.0,0.3,0.0,1.0,0.0,-2.07,-36.95,True
1.06,0.005,1.0,0.3,0.1,0.0,1.0,0.86,-25.58,True
1.06,0.005,1.0,0.3,0.1,0.25,0.75,1.05,-23.56,True
1.06,0.005,1.0,0.3,0.1,0.5,0.5,1.25,-21.48,True
1.06,0.005,1.0,0.3,0.1,0.75,0.25,1.44,-19.34,True
1.06,0.005,1.0,0.3,0.1,1.0,0.0,1.64,-17.14,True
1.06,0.005,1.0,0.3,0.2,0.0,1.0,3.28,-22.3,True
1.06,0.005,1.0,0.3,0.2,0.25,0.75,3.38,-20.46,True
1.06,0.005,1.0,0.3,0.2,0.5,0.5,3.49,-18.56,True
1.06,0.005,1.0,0.3,0.2,0.75,0.25,3.61,-16.62,True
1.06,0.005,1.0,0.3,0.2,1.0,0.0,3.72,-14.61,True
1.06,0.005,1.0,0.3,0.3,0.0,1.0,4.85,-19.24,True
1.06,0.005,1.0,0.3,0.3,0.25,0.75,4.91,-17.58,True
1.06,0.005,1.0,0.3,0.3,0.5,0.5,4.98,-16.77,True
1.06,0.005,1.0,0.3,0.3,0.75,0.25,5.06,-16.5,True
1.06,0.005,1.0,0.3,0.3,1.0,0.0,5.14,-16.27,True
1.06,0.005,1.0,0.4,0.0,0.0,1.0,-4.32,-52.86,False
1.06,0.005,1.0,0.4,0.0,0.25,0.75,-3.69,-49.29,False
1.06,0.005,1.0,0.4,0.0,0.5,0.5,-3.08,-45.52,False
1.06,0.005,1.0,0.4,0.0,0.75,0.25,-2.51,-41.53,False
1.06,0.005,1.0,0.4,0.0,1.0,0.0,-1.98,-37.32,True
1.06,0.005,1.0,0.4,0.1,0.0,1.0,0.94,-27.42,True
1.06,0.005,1.0,0.4,0.1,0.25,0.75,1.13,-25.27,True
1.06,0.005,1.0,0.4,0.1,0.5,0.5,1.33,-23.05,True
1.06,0.005,1.0,0.4,0.1,0.75,0.25,1.53,-20.77,True
1.06,0.005,1.0,0.4,0.1,1.0,0.0,1.74,-18.41,True
1.06,0.005,1.0,0.4,0.2,0.0,1.0,3.3,-24.03,True
1.06,0.005,1.0,0.4,0.2,0.25,0.75,3.4,-22.06,True
1.06,0.005,1.0,0.4,0.2,0.5,0.5,3.52,-20.03,True
1.06,0.005,1.0,0.4,0.2,0.75,0.25,3.63,-17.94,True
1.06,0.005,1.0,0.4,0.2,1.0,0.0,3.76,-15.8,True
1.06,0.005,1.0,0.4,0.3,0.0,1.0,4.86,-20.59,True
1.06,0.005,1.0,0.4,0.3,0.25,0.75,4.92,-18.81,True
1.06,0.005,1.0,0.4,0.3,0.5,0.5,4.99,-16.98,True
1.06,0.005,1.0,0.4,0.3,0.75,0.25,5.07,-16.42,True
1.06,0.005,1.0,0.4,0.3,1.0,0.0,5.15,-16.19,True
1.06,0.005,1.01,0.1,0.0,0.0,1.0,-4.17,-27.53,True
1.06,0.005,1.01,0.1,0.0,0.25,0.75,-3.75,-25.33,True
1.06,0.005,1.01,0.1,0.0,0.5,0.5,-3.34,-23.08,True
1.06,0.005,1.01,0.1,0.0,0.75,0.25,-2.93,-20.77,True
1.06,0.005,1.01,0.1,0.0,1.0,0.0,-2.53,-18.41,True
1.06,0.005,1.01,0.1,0.1,0.0,1.0,0.41,-15.33,True
1.06,0.005,1.01,0.1,0.1,0.25,0.75,0.56,-14.25,True
1.06,0.005,1.01,0.1,0.1,0.5,0.5,0.74,-13.13,True
1.06,0.005,1.01,0.1,0.1,0.75,0.25,0.92,-12.58,True
1.06,0.005,1.01,0.1,0.1,1.0,0.0,1.11,-12.07,True
1.06,0.005,1.01,0.1,0.2,0.0,1.0,2.96,-18.21,True
1.06,0.005,1.01,0.1,0.2,0.25,0.75,3.02,-17.8,True
1.06,0.005,1.01,0.1,0.2,0.5,0.5,3.1,-17.36,True
1.06,0.005,1.01,0.1,0.2,0.75,0.25,3.18,-16.94,True
1.06,0.005,1.01,0.1,0.2,1.0,0.0,3.28,-16.54,True
1.06,0.005,1.01,0.1,0.3,0.0,1.0,4.63,-19.78,True
1.06,0.005,1.01,0.1,0.3,0.25,0.75,4.66,-19.5,True
1.06,0.005,1.01,0.1,0.3,0.5,0.5,4.71,-19.22,True
1.06,0.005,1.01,0.1,0.3,0.75,0.25,4.75,-18.92,True
1.06,0.005,1.01,0.1,0.3,1.0,0.0,4.81,-18.6,True
1.06,0.005,1.01,0.2,0.0,0.0,1.0,-6.82,-37.48,True
1.06,0.005,1.01,0.2,0.0,0.25,0.75,-6.13,-34.61,True
1.06,0.005,1.01,0.2,0.0,0.5,0.5,-5.45,-31.64,True
1.06,0.005,1.01,0.2,0.0,0.75,0.25,-4.78,-28.57,True
1.06,0.005,1.01,0.2,0.0,1.0,0.0,-4.12,-25.39,True
1.06,0.005,1.01,0.2,0.1,0.0,1.0,0.19,-22.07,True
1.06,0.005,1.01,0.2,0.1,0.25,0.75,0.31,-20.52,True
1.06,0.005,1.01,0.2,0.1,0.5,0.5,0.45,-18.92,True
1.06,0.005,1.01,0.2,0.1,0.75,0.25,0.61,-17.25,True
1.06,0.005,1.01,0.2,0.1,1.0,0.0,0.81,-15.52,True
1.06,0.005,1.01,0.2,0.2,0.0,1.0,2.91,-21.9,True
1.06,0.005,1.01,0.2,0.2,0.25,0.75,2.97,-20.46,True
1.06,0.005,1.01,0.2,0.2,0.5,0.5,3.04,-18.96,True
1.06,0.005,1.01,0.2,0.2,0.75,0.25,3.13,-17.38,True
1.06,0.005,1.01,0.2,0.2,1.0,0.0,3.22,-16.91,True
1.06,0.005,1.01,0.2,0.3,0.0,1.0,4.6,-21.22,True
1.06,0.005,1.01,0.2,0.3,0.25,0.75,4.64,-19.95,True
1.06,0.005,1.01,0.2,0.3,0.5,0.5,4.68,-19.52,True
1.06,0.005,1.01,0.2,0.3,0.75,0.25,4.73,-19.18,True
1.06,0.005,1.01,0.2,0.3,1.0,0.0,4.79,-18.81,True
1.06,0.005,1.01,0.3,0.0,0.0,1.0,-7.38,-41.13,False
1.06,0.005,1.01,0.3,0.0,0.25,0.75,-6.61,-38.08,True
1.06,0.005,1.01,0.3,0.0,0.5,0.5,-5.86,-34.91,True
1.06,0.005,1.01,0.3,0.0,0.75,0.25,-5.12,-31.6,True
1.06,0.005,1.01,0.3,0.0,1.0,0.0,-4.39,-28.14,True
1.06,0.005,1.01,0.3,0.1,0.0,1.0,0.13,-27.93,True
1.06,0.005,1.01,0.3,0.1,0.25,0.75,0.26,-26.02,True
1.06,0.005,1.01,0.3,0.1,0.5,0.5,0.4,-24.03,True
1.06,0.005,1.01,0.3,0.1,0.75,0.25,0.55,-21.96,True
1.06,0.005,1.01,0.3,0.1,1.0,0.0,0.74,-19.8,True
1.06,0.005,1.01,0.3,0.2,0.0,1.0,2.87,-26.69,True
1.06,0.005,1.01,0.3,0.2,0.25,0.75,2.92,-25.1,True
1.06,0.005,1.01,0.3,0.2,0.5,0.5,2.99,-23.4,True
1.06,0.005,1.01,0.3,0.2,0.75,0.25,3.07,-21.57,True
1.06,0.005,1.01,0.3,0.2,1.0,0.0,3.16,-19.62,True
1.06,0.005,1.01,0.3,0.3,0.0,1.0,4.6,-24.29,True
1.06,0.005,1.01,0.3,0.3,0.25,0.75,4.63,-22.91,True
1.06,0.005,1.01,0.3,0.3,0.5,0.5,4.67,-21.44,True
1.06,0.005,1.01,0.3,0.3,0.75,0.25,4.72,-19.87,True
1.06,0.005,1.01,0.3,0.3,1.0,0.0,4.77,-18.92,True
1.06,0.005,1.01,0.4,0.0,0.0,1.0,-8.07,-43.58,False
1.06,0.005,1.01,0.4,0.0,0.25,0.75,-7.22,-40.42,False
1.06,0.005,1.01,0.4,0.0,0.5,0.5,-6.4,-37.11,True
1.06,0.005,1.01,0.4,0.0,0.75,0.25,-5.59,-33.65,True
1.06,0.005,1.01,0.4,0.0,1.0,0.0,-4.8,-30.03,True
1.06,0.005,1.01,0.4,0.1,0.0,1.0,0.08,-32.24,True
1.06,0.005,1.01,0.4,0.1,0.25,0.75,0.2,-30.18,True
1.06,0.005,1.01,0.4,0.1,0.5,0.5,0.33,-28.01,True
1.06,0.005,1.01,0.4,0.1,0.75,0.25,0.5,-25.72,True
1.06,0.005,1.01,0.4,0.1,1.0,0.0,0.69,-23.3,True
1.06,0.005,1.01,0.4,0.2,0.0,1.0,2.88,-29.32,True
1.06,0.005,1.01,0.4,0.2,0.25,0.75,2.94,-27.53,True
1.06,0.005,1.01,0.4,0.2,0.5,0.5,3.0,-25.63,True
1.06,0.005,1.01,0.4,0.2,0.75,0.25,3.07,-23.63,True
1.06,0.005,1.01,0.4,0.2,1.0,0.0,3.17,-21.51,True
1.06,0.005,1.01,0.4,0.3,0.0,1.0,4.61,-27.01,True
1.06,0.005,1.01,0.4,0.3,0.25,0.75,4.64,-25.47,True
1.06,0.005,1.01,0.4,0.3,0.5,0.5,4.68,-23.76,True
1.06,0.005,1.01,0.4,0.3,0.75,0.25,4.72,-21.96,True
1.06,0.005,1.01,0.4,0.3,1.0,0.0,4.78,-20.07,True
1.06,0.005,1.02,0.1,0.0,0.0,1.0,-1.12,-24.22,True
1.06,0.005,1.02,0.1,0.0,0.25,0.75,-0.96,-22.32,True
1.06,0.005,1.02,0.1,0.0,0.5,0.5,-0.81,-20.39,True
1.06,0.005,1.02,0.1,0.0,0.75,0.25,-0.67,-18.41,True
1.06,0.005,1.02,0.1,0.0,1.0,0.0,-0.54,-16.4,True
1.06,0.005,1.02,0.1,0.1,0.0,1.0,1.66,-15.6,True
1.06,0.005,1.02,0.1,0.1,0.25,0.75,1.77,-14.23,True
1.06,0.005,1.02,0.1,0.1,0.5,0.5,1.88,-12.76,True
1.06,0.005,1.02,0.1,0.1,0.75,0.25,1.99,-11.21,True
1.06,0.005,1.02,0.1,0.1,1.0,0.0,2.09,-9.57,True
1.06,0.005,1.02,0.1,0.2,0.0,1.0,3.39,-14.18,True
1.06,0.005,1.02,0.1,0.2,0.25,0.75,3.48,-14.04,True
1.06,0.005,1.02,0.1,0.2,0.5,0.5,3.57,-13.92,True
1.06,0.005,1.02,0.1,0.2,0.75,0.25,3.66,-13.81,True
1.06,0.005,1.02,0.1,0.2,1.0,0.0,3.75,-13.72,True
1.06,0.005,1.02,0.1,0.3,0.0,1.0,4.83,-17.39,True
1.06,0.005,1.02,0.1,0.3,0.25,0.75,4.89,-17.12,True
1.06,0.005,1.02,0.1,0.3,0.5,0.5,4.94,-16.86,True
1.06,0.005,1.02,0.1,0.3,0.75,0.25,5.0,-16.61,True
1.06,0.005,1.02,0.1,0.3,1.0,0.0,5.07,-16.4,True
1.06,0.005,1.02,0.2,0.0,0.0,1.0,-3.3,-37.22,True
1.06,0.005,1.02,0.2,0.0,0.25,0.75,-2.91,-34.47,True
1.06,0.005,1.02,0.2,0.0,0.5,0.5,-2.53,-31.62,True
1.06,0.005,1.02,0.2,0.0,0.75,0.25,-2.16,-28.69,True
1.06,0.005,1.02,0.2,0.0,1.0,0.0,-1.81,-25.65,True
1.06,0.005,1.02,0.2,0.1,0.0,1.0,0.86,-18.74,True
1.06,0.005,1.02,0.2,0.1,0.25,0.75,1.02,-17.57,True
1.06,0.005,1.02,0.2,0.1,0.5,0.5,1.19,-16.17,True
1.06,0.005,1.02,0.2,0.1,0.75,0.25,1.36,-14.54,True
1.06,0.005,1.02,0.2,0.1,1.0,0.0,1.54,-13.0,True
1.06,0.005,1.02,0.2,0.2,0.0,1.0,3.2,-18.55,True
1.06,0.005,1.02,0.2,0.2,0.25,0.75,3.28,-17.29,True
1.06,0.005,1.02,0.2,0.2,0.5,0.5,3.36,-15.99,True
1.06,0.005,1.02,0.2,0.2,0.75,0.25,3.46,-14.66,True
1.06,0.005,1.02,0.2,0.2,1.0,0.0,3.57,-14.21,True
1.06,0.005,1.02,0.2,0.3,0.0,1.0,4.76,-18.37,True
1.06,0.005,1.02,0.2,0.3,0.25,0.75,4.81,-17.68,True
1.06,0.005,1.02,0.2,0.3,0.5,0.5,4.87,-17.38,True
1.06,0.005,1.02,0.2,0.3,0.75,0.25,4.94,-17.09,True
1.06,0.005,1.02,0.2,0.3,1.0,0.0,5.0,-16.85,True
1.06,0.005,1.02,0.3,0.0,0.0,1.0,-3.97,-41.39,False
1.06,0.005,1.02,0.3,0.0,0.25,0.75,-3.49,-38.41,True
1.06,0.005,1.02,0.3,0.0,0.5,0.5,-3.03,-35.32,True
1.06,0.005,1.02,0.3,0.0,0.75,0.25,-2.58,-32.1,True
1.06,0.005,1.02,0.3,0.0,1.0,0.0,-2.15,-28.74,True
1.06,0.005,1.02,0.3,0.1,0.0,1.0,0.65,-23.55,True
1.06,0.005,1.02,0.3,0.1,0.25,0.75,0.81,-21.89,True
1.06,0.005,1.02,0.3,0.1,0.5,0.5,0.99,-20.19,True
1.06,0.005,1.02,0.3,0.1,0.75,0.25,1.18,-18.42,True
1.06,0.005,1.02,0.3,0.1,1.0,0.0,1.37,-16.6,True
1.06,0.005,1.02,0.3,0.2,0.0,1.0,3.11,-23.19,True
1.06,0.005,1.02,0.3,0.2,0.25,0.75,3.19,-21.62,True
1.06,0.005,1.02,0.3,0.2,0.5,0.5,3.29,-19.99,True
1.06,0.005,1.02,0.3,0.2,0.75,0.25,3.4,-18.32,True
1.06,0.005,1.02,0.3,0.2,1.0,0.0,3.51,-16.59,True
1.06,0.005,1.02,0.3,0.3,0.0,1.0,4.74,-22.41,True
1.06,0.005,1.02,0.3,0.3,0.25,0.75,4.78,-20.94,True
1.06,0.005,1.02,0.3,0.3,0.5,0.5,4.84,-19.43,True
1.06,0.005,1.02,0.3,0.3,0.75,0.25,4.9,-17.87,True
1.06,0.005,1.02,0.3,0.3,1.0,0.0,4.97,-17.12,True
1.06,0.005,1.02,0.4,0.0,0.0,1.0,-4.71,-45.75,False
1.06,0.005,1.02,0.4,0.0,0.25,0.75,-4.15,-42.58,False
1.06,0.005,1.02,0.4,0.0,0.5,0.5,-3.6,-39.26,True
1.06,0.005,1.02,0.4,0.0,0.75,0.25,-3.08,-35.78,True
1.06,0.005,1.02,0.4,0.0,1.0,0.0,-2.57,-32.13,True
1.06,0.005,1.02,0.4,0.1,0.0,1.0,0.62,-27.68,True
1.06,0.005,1.02,0.4,0.1,0.25,0.75,0.77,-25.76,True
1.06,0.005,1.02,0.4,0.1,0.5,0.5,0.93,-23.77,True
1.06,0.005,1.02,0.4,0.1,0.75,0.25,1.11,-21.71,True
1.06,0.005,1.02,0.4,0.1,1.0,0.0,1.29,-19.58,True
1.06,0.005,1.02,0.4,0.2,0.0,1.0,3.11,-26.45,True
1.06,0.005,1.02,0.4,0.2,0.25,0.75,3.19,-24.65,True
1.06,0.005,1.02,0.4,0.2,0.5,0.5,3.28,-22.8,True
1.06,0.005,1.02,0.4,0.2,0.75,0.25,3.39,-20.88,True
1.06,0.005,1.02,0.4,0.2,1.0,0.0,3.5,-18.9,True
1.06,0.005,1.02,0.4,0.3,0.0,1.0,4.75,-25.16,True
1.06,0.005,1.02,0.4,0.3,0.25,0.75,4.8,-23.48,True
1.06,0.005,1.02,0.4,0.3,0.5,0.5,4.86,-21.75,True
1.06,0.005,1.02,0.4,0.3,0.75,0.25,4.92,-19.97,True
1.06,0.005,1.02,0.4,0.3,1.0,0.0,4.99,-18.13,True
1.06,0.01,0.95,0.1,0.0,0.0,1.0,2.5,-25.38,True
1.06,0.01,0.95,0.1,0.0,0.25,0.75,2.61,-23.49,True
1.06,0.01,0.95,0.1,0.0,0.5,0.5,2.7,-21.53,True
1.06,0.01,0.95,0.1,0.0,0.75,0.25,2.76,-19.47,True
1.06,0.01,0.95,0.1,0.0,1.0,0.0,2.8,-17.33,True
1.06,0.01,0.95,0.1,0.1,0.0,1.0,4.15,-24.91,True
1.06,0.01,0.95,0.1,0.1,0.25,0.75,4.23,-23.21,True
1.06,0.01,0.95,0.1,0.1,0.5,0.5,4.29,-21.45,True
1.06,0.01,0.95,0.1,0.1,0.75,0.25,4.34,-19.62,True
1.06,0.01,0.95,0.1,0.1,1.0,0.0,4.36,-17.73,True
1.06,0.01,0.95,0.1,0.2,0.0,1.0,5.16,-23.84,True
1.06,0.01,0.95,0.1,0.2,0.25,0.75,5.23,-22.4,True
1.06,0.01,0.95,0.1,0.2,0.5,0.5,5.29,-20.89,True
1.06,0.01,0.95,0.1,0.2,0.75,0.25,5.33,-19.32,True
1.06,0.01,0.95,0.1,0.2,1.0,0.0,5.36,-17.68,True
1.06,0.01,0.95,0.1,0.3,0.0,1.0,6.08,-21.02,True
1.06,0.01,0.95,0.1,0.3,0.25,0.75,6.14,-19.89,True
1.06,0.01,0.95,0.1,0.3,0.5,0.5,6.2,-18.71,True
1.06,0.01,0.95,0.1,0.3,0.75,0.25,6.24,-17.47,True
1.06,0.01,0.95,0.1,0.3,1.0,0.0,6.27,-16.19,True
1.06,0.01,0.95,0.2,0.0,0.0,1.0,2.2,-32.59,True
1.06,0.01,0.95,0.2,0.0,0.25,0.75,2.43,-29.99,True
1.06,0.01,0.95,0.2,0.0,0.5,0.5,2.62,-27.33,True
1.06,0.01,0.95,0.2,0.0,0.75,0.25,2.78,-24.61,True
1.06,0.01,0.95,0.2,0.0,1.0,0.0,2.9,-21.84,True
1.06,0.01,0.95,0.2,0.1,0.0,1.0,3.81,-31.0,True
1.06,0.01,0.95,0.2,0.1,0.25,0.75,3.97,-28.45,True
1.06,0.01,0.95,0.2,0.1,0.5,0.5,4.11,-25.85,True
1.06,0.01,0.95,0.2,0.1,0.75,0.25,4.22,-23.2,True
1.06,0.01,0.95,0.2,0.1,1.0,0.0,4.3,-20.5,True
1.06,0.01,0.95,0.2,0.2,0.0,1.0,4.62,-29.42,True
1.06,0.01,0.95,0.2,0.2,0.25,0.75,4.78,-26.93,True
1.06,0.01,0.95,0.2,0.2,0.5,0.5,4.93,-24.39,True
1.06,0.01,0.95,0.2,0.2,0.75,0.25,5.05,-21.79,True
1.06,0.01,0.95,0.2,0.2,1.0,0.0,5.15,-19.15,True
1.06,0.01,0.95,0.2,0.3,0.0,1.0,5.46,-27.47,True
1.06,0.01,0.95,0.2,0.3,0.25,0.75,5.56,-25.05,True
1.06,0.01,0.95,0.2,0.3,0.5,0.5,5.67,-22.58,True
1.06,0.01,0.95,0.2,0.3,0.75,0.25,5.77,-20.08,True
1.06,0.01,0.95,0.2,0.3,1.0,0.0,5.86,-17.54,True
1.06,0.01,0.95,0.3,0.0,0.0,1.0,1.44,-39.91,True
1.06,0.01,0.95,0.3,0.0,0.25,0.75,1.77,-36.9,True
1.06,0.01,0.95,0.3,0.0,0.5,0.5,2.06,-33.79,True
1.06,0.01,0.95,0.3,0.0,0.75,0.25,2.31,-30.58,True
1.06,0.01,0.95,0.3,0.0,1.0,0.0,2.52,-27.28,True
1.06,0.01,0.95,0.3,0.1,0.0,1.0,2.71,-37.98,True
1.06,0.01,0.95,0.3,0.1,0.25,0.75,2.98,-34.99,True
1.06,0.01,0.95,0.3,0.1,0.5,0.5,3.22,-31.93,True
1.06,0.01,0.95,0.3,0.1,0.75,0.25,3.44,-28.78,True
1.06,0.01,0.95,0.3,0.1,1.0,0.0,3.64,-25.54,True
1.06,0.01,0.95,0.3,0.2,0.0,1.0,4.2,-34.25,True
1.06,0.01,0.95,0.3,0.2,0.25,0.75,4.35,-31.41,True
1.06,0.01,0.95,0.3,0.2,0.5,0.5,4.5,-28.51,True
1.06,0.01,0.95,0.3,0.2,0.75,0.25,4.65,-25.54,True
1.06,0.01,0.95,0.3,0.2,1.0,0.0,4.78,-22.5,True
1.06,0.01,0.95,0.3,0.3,0.0,1.0,5.37,-30.56,True
1.06,0.01,0.95,0.3,0.3,0.25,0.75,5.49,-27.88,True
1.06,0.01,0.95,0.3,0.3,0.5,0.5,5.61,-25.15,True
1.06,0.01,0.95,0.3,0.3,0.75,0.25,5.72,-22.37,True
1.06,0.01,0.95,0.3,0.3,1.0,0.0,5.82,-19.54,True
1.06,0.01,0.95,0.4,0.0,0.0,1.0,0.63,-42.43,True
1.06,0.01,0.95,0.4,0.0,0.25,0.75,1.05,-39.28,True
1.06,0.01,0.95,0.4,0.0,0.5,0.5,1.42,-36.03,True
1.06,0.01,0.95,0.4,0.0,0.75,0.25,1.75,-32.66,True
1.06,0.01,0.95,0.4,0.0,1.0,0.0,2.04,-29.18,True
1.06,0.01,0.95,0.4,0.1,0.0,1.0,2.57,-38.94,True
1.06,0.01,0.95,0.4,0.1,0.25,0.75,2.83,-35.9,True
1.06,0.01,0.95,0.4,0.1,0.5,0.5,3.06,-32.77,True
1.06,0.01,0.95,0.4,0.1,0.75,0.25,3.29,-29.55,True
1.06,0.01,0.95,0.4,0.1,1.0,0.0,3.49,-26.23,True
1.06,0.01,0.95,0.4,0.2,0.0,1.0,4.21,-35.46,True
1.06,0.01,0.95,0.4,0.2,0.25,0.75,4.38,-32.53,True
1.06,0.01,0.95,0.4,0.2,0.5,0.5,4.55,-29.54,True
1.06,0.01,0.95,0.4,0.2,0.75,0.25,4.7,-26.46,True
1.06,0.01,0.95,0.4,0.2,1.0,0.0,4.83,-23.31,True
1.06,0.01,0.95,0.4,0.3,0.0,1.0,5.35,-31.47,True
1.06,0.01,0.95,0.4,0.3,0.25,0.75,5.46,-28.7,True
1.06,0.01,0.95,0.4,0.3,0.5,0.5,5.57,-25.88,True
1.06,0.01,0.95,0.4,0.3,0.75,0.25,5.69,-23.01,True
1.06,0.01,0.95,0.4,0.3,1.0,0.0,5.79,-20.08,True
1.06,0.01,0.97,0.1,0.0,0.0,1.0,1.03,-22.24,True
1.06,0.01,0.97,0.1,0.0,0.25,0.75,1.2,-20.61,True
1.06,0.01,0.97,0.1,0.0,0.5,0.5,1.34,-18.87,True
1.06,0.01,0.97,0.1,0.0,0.75,0.25,1.46,-16.99,True
1.06,0.01,0.97,0.1,0.0,1.0,0.0,1.55,-14.96,True
1.06,0.01,0.97,0.1,0.1,0.0,1.0,3.12,-19.19,True
1.06,0.01,0.97,0.1,0.1,0.25,0.75,3.23,-17.66,True
1.06,0.01,0.97,0.1,0.1,0.5,0.5,3.33,-16.03,True
1.06,0.01,0.97,0.1,0.1,0.75,0.25,3.41,-14.27,True
1.06,0.01,0.97,0.1,0.1,1.0,0.0,3.48,-12.39,True
1.06,0.01,0.97,0.1,0.2,0.0,1.0,4.54,-16.47,True
1.06,0.01,0.97,0.1,0.2,0.25,0.75,4.62,-15.04,True
1.06,0.01,0.97,0.1,0.2,0.5,0.5,4.69,-13.52,True
1.06,0.01,0.97,0.1,0.2,0.75,0.25,4.76,-11.9,True
1.06,0.01,0.97,0.1,0.2,1.0,0.0,4.81,-11.13,True
1.06,0.01,0.97,0.1,0.3,0.0,1.0,5.57,-14.7,True
1.06,0.01,0.97,0.1,0.3,0.25,0.75,5.66,-14.5,True
1.06,0.01,0.97,0.1,0.3,0.5,0.5,5.74,-14.34,True
1.06,0.01,0.97,0.1,0.3,0.75,0.25,5.81,-14.24,True
1.06,0.01,0.97,0.1,0.3,1.0,0.0,5.85,-14.19,True
1.06,0.01,0.97,0.2,0.0,0.0,1.0,0.31,-27.09,True
1.06,0.01,0.97,0.2,0.0,0.25,0.75,0.63,-25.1,True
1.06,0.01,0.97,0.2,0.0,0.5,0.5,0.91,-23.0,True
1.06,0.01,0.97,0.2,0.0,0.75,0.25,1.16,-20.76,True
1.06,0.01,0.97,0.2,0.0,1.0,0.0,1.36,-18.35,True
1.06,0.01,0.97,0.2,0.1,0.0,1.0,2.81,-22.35,True
1.06,0.01,0.97,0.2,0.1,0.25,0.75,3.01,-20.6,True
1.06,0.01,0.97,0.2,0.1,0.5,0.5,3.19,-18.74,True
1.06,0.01,0.97,0.2,0.1,0.75,0.25,3.34,-16.74,True
1.06,0.01,0.97,0.2,0.1,1.0,0.0,3.46,-14.6,True
1.06,0.01,0.97,0.2,0.2,0.0,1.0,4.06,-21.51,True
1.06,0.01,0.97,0.2,0.2,0.25,0.75,4.2,-19.61,True
1.06,0.01,0.97,0.2,0.2,0.5,0.5,4.35,-17.68,True
1.06,0.01,0.97,0.2,0.2,0.75,0.25,4.48,-15.72,True
1.06,0.01,0.97,0.2,0.2,1.0,0.0,4.61,-13.73,True
1.06,0.01,0.97,0.2,0.3,0.0,1.0,5.3,-20.26,True
1.06,0.01,0.97,0.2,0.3,0.25,0.75,5.4,-18.4,True
1.06,0.01,0.97,0.2,0.3,0.5,0.5,5.49,-16.51,True
1.06,0.01,0.97,0.2,0.3,0.75,0.25,5.58,-14.7,True
1.06,0.01,0.97,0.2,0.3,1.0,0.0,5.66,-14.55,True
1.06,0.01,0.97,0.3,0.0,0.0,1.0,0.18,-30.79,True
1.06,0.01,0.97,0.3,0.0,0.25,0.75,0.55,-28.37,True
1.06,0.01,0.97,0.3,0.0,0.5,0.5,0.88,-25.89,True
1.06,0.01,0.97,0.3,0.0,0.75,0.25,1.17,-23.35,True
1.06,0.01,0.97,0.3,0.0,1.0,0.0,1.42,-20.74,True
1.06,0.01,0.97,0.3,0.1,0.0,1.0,2.25,-29.48,True
1.06,0.01,0.97,0.3,0.1,0.25,0.75,2.48,-27.07,True
1.06,0.01,0.97,0.3,0.1,0.5,0.5,2.71,-24.61,True
1.06,0.01,0.97,0.3,0.1,0.75,0.25,2.93,-22.09,True
1.06,0.01,0.97,0.3,0.1,1.0,0.0,3.12,-19.5,True
1.06,0.01,0.97,0.3,0.2,0.0,1.0,4.01,-26.88,True
1.06,0.01,0.97,0.3,0.2,0.25,0.75,4.15,-24.58,True
1.06,0.01,0.97,0.3,0.2,0.5,0.5,4.29,-22.23,True
1.06,0.01,0.97,0.3,0.2,0.75,0.25,4.42,-19.83,True
1.06,0.01,0.97,0.3,0.2,1.0,0.0,4.54,-17.38,True
1.06,0.01,0.97,0.3,0.3,0.0,1.0,5.24,-24.31,True
1.06,0.01,0.97,0.3,0.3,0.25,0.75,5.35,-22.13,True
1.06,0.01,0.97,0.3,0.3,0.5,0.5,5.45,-19.9,True
1.06,0.01,0.97,0.3,0.3,0.75,0.25,5.55,-17.63,True
1.06,0.01,0.97,0.3,0.3,1.0,0.0,5.65,-15.31,True
1.06,0.01,0.97,0.4,0.0,0.0,1.0,-0.17,-34.39,True
1.06,0.01,0.97,0.4,0.0,0.25,0.75,0.25,-31.76,True
1.06,0.01,0.97,0.4,0.0,0.5,0.5,0.63,-29.04,True
1.06,0.01,0.97,0.4,0.0,0.75,0.25,0.97,-26.24,True
1.06,0.01,0.97,0.4,0.0,1.0,0.0,1.26,-23.35,True
1.06,0.01,0.97,0.4,0.1,0.0,1.0,2.28,-31.93,True
1.06,0.01,0.97,0.4,0.1,0.25,0.75,2.51,-29.38,True
1.06,0.01,0.97,0.4,0.1,0.5,0.5,2.73,-26.75,True
1.06,0.01,0.97,0.4,0.1,0.75,0.25,2.94,-24.05,True
1.06,0.01,0.97,0.4,0.1,1.0,0.0,3.12,-21.27,True
1.06,0.01,0.97,0.4,0.2,0.0,1.0,4.01,-29.43,True
1.06,0.01,0.97,0.4,0.2,0.25,0.75,4.17,-26.97,True
1.06,0.01,0.97,0.4,0.2,0.5,0.5,4.33,-24.44,True
1.06,0.01,0.97,0.4,0.2,0.75,0.25,4.47,-21.82,True
1.06,0.01,0.97,0.4,0.2,1.0,0.0,4.6,-19.14,True
1.06,0.01,0.97,0.4,0.3,0.0,1.0,5.32,-25.73,True
1.06,0.01,0.97,0.4,0.3,0.25,0.75,5.42,-23.41,True
1.06,0.01,0.97,0.4,0.3,0.5,0.5,5.51,-21.04,True
1.06,0.01,0.97,0.4,0.3,0.75,0.25,5.61,-18.62,True
1.06,0.01,0.97,0.4,0.3,1.0,0.0,5.69,-16.15,True
1.06,0.01,0.99,0.1,0.0,0.0,1.0,-0.51,-28.29,True
1.06,0.01,0.99,0.1,0.0,0.25,0.75,-0.33,-25.87,True
1.06,0.01,0.99,0.1,0.0,0.5,0.5,-0.16,-23.4,True
1.06,0.01,0.99,0.1,0.0,0.75,0.25,0.01,-20.87,True
1.06,0.01,0.99,0.1,0.0,1.0,0.0,0.16,-18.28,True
1.06,0.01,0.99,0.1,0.1,0.0,1.0,2.4,-17.41,True
1.06,0.01,0.99,0.1,0.1,0.25,0.75,2.49,-15.56,True
1.06,0.01,0.99,0.1,0.1,0.5,0.5,2.58,-13.65,True
1.06,0.01,0.99,0.1,0.1,0.75,0.25,2.66,-11.67,True
1.06,0.01,0.99,0.1,0.1,1.0,0.0,2.73,-9.63,True
1.06,0.01,0.99,0.1,0.2,0.0,1.0,4.22,-11.12,True
1.06,0.01,0.99,0.1,0.2,0.25,0.75,4.27,-11.12,True
1.06,0.01,0.99,0.1,0.2,0.5,0.5,4.31,-11.17,True
1.06,0.01,0.99,0.1,0.2,0.75,0.25,4.35,-11.24,True
1.06,0.01,0.99,0.1,0.2,1.0,0.0,4.39,-11.32,True
1.06,0.01,0.99,0.1,0.3,0.0,1.0,5.48,-13.75,True
1.06,0.01,0.99,0.1,0.3,0.25,0.75,5.52,-13.76,True
1.06,0.01,0.99,0.1,0.3,0.5,0.5,5.56,-13.79,True
1.06,0.01,0.99,0.1,0.3,0.75,0.25,5.59,-13.85,True
1.06,0.01,0.99,0.1,0.3,1.0,0.0,5.62,-13.93,True
1.06,0.01,0.99,0.2,0.0,0.0,1.0,0.11,-34.62,True
1.06,0.01,0.99,0.2,0.0,0.25,0.75,0.32,-31.63,True
1.06,0.01,0.99,0.2,0.0,0.5,0.5,0.51,-28.54,True
1.06,0.01,0.99,0.2,0.0,0.75,0.25,0.69,-25.36,True
1.06,0.01,0.99,0.2,0.0,1.0,0.0,0.84,-22.09,True
1.06,0.01,0.99,0.2,0.1,0.0,1.0,2.89,-20.13,True
1.06,0.01,0.99,0.2,0.1,0.25,0.75,3.0,-17.97,True
1.06,0.01,0.99,0.2,0.1,0.5,0.5,3.1,-15.71,True
1.06,0.01,0.99,0.2,0.1,0.75,0.25,3.18,-13.36,True
1.06,0.01,0.99,0.2,0.1,1.0,0.0,3.26,-10.94,True
1.06,0.01,0.99,0.2,0.2,0.0,1.0,4.37,-15.29,True
1.06,0.01,0.99,0.2,0.2,0.25,0.75,4.45,-13.92,True
1.06,0.01,0.99,0.2,0.2,0.5,0.5,4.53,-12.54,True
1.06,0.01,0.99,0.2,0.2,0.75,0.25,4.59,-11.14,True
1.06,0.01,0.99,0.2,0.2,1.0,0.0,4.65,-10.58,True
1.06,0.01,0.99,0.2,0.3,0.0,1.0,5.51,-14.2,True
1.06,0.01,0.99,0.2,0.3,0.25,0.75,5.56,-13.09,True
1.06,0.01,0.99,0.2,0.3,0.5,0.5,5.62,-13.12,True
1.06,0.01,0.99,0.2,0.3,0.75,0.25,5.66,-13.15,True
1.06,0.01,0.99,0.2,0.3,1.0,0.0,5.71,-13.28,True
1.06,0.01,0.99,0.3,0.0,0.0,1.0,0.77,-34.91,True
1.06,0.01,0.99,0.3,0.0,0.25,0.75,0.97,-31.76,True
1.06,0.01,0.99,0.3,0.0,0.5,0.5,1.15,-28.52,True
1.06,0.01,0.99,0.3,0.0,0.75,0.25,1.31,-25.17,True
1.06,0.01,0.99,0.3,0.0,1.0,0.0,1.44,-21.72,True
1.06,0.01,0.99,0.3,0.1,0.0,1.0,2.92,-24.16,True
1.06,0.01,0.99,0.3,0.1,0.25,0.75,3.05,-21.81,True
1.06,0.01,0.99,0.3,0.1,0.5,0.5,3.16,-19.28,True
1.06,0.01,0.99,0.3,0.1,0.75,0.25,3.26,-16.61,True
1.06,0.01,0.99,0.3,0.1,1.0,0.0,3.35,-14.3,True
1.06,0.01,0.99,0.3,0.2,0.0,1.0,4.41,-19.38,True
1.06,0.01,0.99,0.3,0.2,0.25,0.75,4.49,-17.69,True
1.06,0.01,0.99,0.3,0.2,0.5,0.5,4.57,-15.97,True
1.06,0.01,0.99,0.3,0.2,0.75,0.25,4.64,-14.23,True
1.06,0.01,0.99,0.3,0.2,1.0,0.0,4.7,-12.47,True
1.06,0.01,0.99,0.3,0.3,0.0,1.0,5.62,-17.27,True
1.06,0.01,0.99,0.3,0.3,0.25,0.75,5.68,-15.66,True
1.06,0.01,0.99,0.3,0.3,0.5,0.5,5.74,-14.04,True
1.06,0.01,0.99,0.3,0.3,0.75,0.25,5.79,-12.63,True
1.06,0.01,0.99,0.3,0.3,1.0,0.0,5.83,-12.75,True
1.06,0.01,0.99,0.4,0.0,0.0,1.0,0.9,-37.89,True
1.06,0.01,0.99,0.4,0.0,0.25,0.75,1.12,-34.57,True
1.06,0.01,0.99,0.4,0.0,0.5,0.5,1.31,-31.13,True
1.06,0.01,0.99,0.4,0.0,0.75,0.25,1.48,-27.56,True
1.06,0.01,0.99,0.4,0.0,1.0,0.0,1.61,-23.86,True
1.06,0.01,0.99,0.4,0.1,0.0,1.0,2.96,-25.8,True
1.06,0.01,0.99,0.4,0.1,0.25,0.75,3.1,-23.41,True
1.06,0.01,0.99,0.4,0.1,0.5,0.5,3.22,-20.85,True
1.06,0.01,0.99,0.4,0.1,0.75,0.25,3.33,-18.13,True
1.06,0.01,0.99,0.4,0.1,1.0,0.0,3.42,-15.65,True
1.06,0.01,0.99,0.4,0.2,0.0,1.0,4.59,-21.4,True
1.06,0.01,0.99,0.4,0.2,0.25,0.75,4.68,-19.56,True
1.06,0.01,0.99,0.4,0.2,0.5,0.5,4.76,-17.68,True
1.06,0.01,0.99,0.4,0.2,0.75,0.25,4.83,-15.78,True
1.06,0.01,0.99,0.4,0.2,1.0,0.0,4.89,-13.84,True
1.06,0.01,0.99,0.4,0.3,0.0,1.0,5.72,-18.87,True
1.06,0.01,0.99,0.4,0.3,0.25,0.75,5.79,-17.14,True
1.06,0.01,0.99,0.4,0.3,0.5,0.5,5.85,-15.38,True
1.06,0.01,0.99,0.4,0.3,0.75,0.25,5.9,-13.6,True
1.06,0.01,0.99,0.4,0.3,1.0,0.0,5.93,-12.5,True
1.06,0.01,1.0,0.1,0.0,0.0,1.0,-0.69,-26.11,True
1.06,0.01,1.0,0.1,0.0,0.25,0.75,-0.55,-24.06,True
1.06,0.01,1.0,0.1,0.0,0.5,0.5,-0.42,-21.96,True
1.06,0.01,1.0,0.1,0.0,0.75,0.25,-0.29,-19.83,True
1.06,0.01,1.0,0.1,0.0,1.0,0.0,-0.17,-17.65,True
1.06,0.01,1.0,0.1,0.1,0.0,1.0,2.01,-21.55,True
1.06,0.01,1.0,0.1,0.1,0.25,0.75,2.1,-19.63,True
1.06,0.01,1.0,0.1,0.1,0.5,0.5,2.19,-17.64,True
1.06,0.01,1.0,0.1,0.1,0.75,0.25,2.27,-15.57,True
1.06,0.01,1.0,0.1,0.1,1.0,0.0,2.35,-13.44,True
1.06,0.01,1.0,0.1,0.2,0.0,1.0,3.97,-12.01,True
1.06,0.01,1.0,0.1,0.2,0.25,0.75,4.01,-12.0,True
1.06,0.01,1.0,0.1,0.2,0.5,0.5,4.06,-12.0,True
1.06,0.01,1.0,0.1,0.2,0.75,0.25,4.1,-12.03,True
1.06,0.01,1.0,0.1,0.2,1.0,0.0,4.13,-12.07,True
1.06,0.01,1.0,0.1,0.3,0.0,1.0,5.24,-15.16,True
1.06,0.01,1.0,0.1,0.3,0.25,0.75,5.28,-15.02,True
1.06,0.01,1.0,0.1,0.3,0.5,0.5,5.32,-14.88,True
1.06,0.01,1.0,0.1,0.3,0.75,0.25,5.36,-14.74,True
1.06,0.01,1.0,0.1,0.3,1.0,0.0,5.39,-14.75,True
1.06,0.01,1.0,0.2,0.0,0.0,1.0,-0.79,-42.96,False
1.06,0.01,1.0,0.2,0.0,0.25,0.75,-0.57,-39.85,True
1.06,0.01,1.0,0.2,0.0,0.5,0.5,-0.36,-36.62,True
1.06,0.01,1.0,0.2,0.0,0.75,0.25,-0.17,-33.26,True
1.06,0.01,1.0,0.2,0.0,1.0,0.0,-0.0,-29.79,True
1.06,0.01,1.0,0.2,0.1,0.0,1.0,2.42,-24.91,True
1.06,0.01,1.0,0.2,0.1,0.25,0.75,2.52,-22.78,True
1.06,0.01,1.0,0.2,0.1,0.5,0.5,2.62,-20.53,True
1.06,0.01,1.0,0.2,0.1,0.75,0.25,2.71,-18.15,True
1.06,0.01,1.0,0.2,0.1,1.0,0.0,2.79,-15.65,True
1.06,0.01,1.0,0.2,0.2,0.0,1.0,3.95,-14.71,True
1.06,0.01,1.0,0.2,0.2,0.25,0.75,4.04,-13.4,True
1.06,0.01,1.0,0.2,0.2,0.5,0.5,4.12,-11.9,True
1.06,0.01,1.0,0.2,0.2,0.75,0.25,4.19,-11.5,True
1.06,0.01,1.0,0.2,0.2,1.0,0.0,4.25,-11.6,True
1.06,0.01,1.0,0.2,0.3,0.0,1.0,5.23,-14.79,True
1.06,0.01,1.0,0.2,0.3,0.25,0.75,5.28,-14.7,True
1.06,0.01,1.0,0.2,0.3,0.5,0.5,5.34,-14.61,True
1.06,0.01,1.0,0.2,0.3,0.75,0.25,5.39,-14.51,True
1.06,0.01,1.0,0.2,0.3,1.0,0.0,5.44,-14.43,True
1.06,0.01,1.0,0.3,0.0,0.0,1.0,-0.24,-44.48,False
1.06,0.01,1.0,0.3,0.0,0.25,0.75,-0.02,-41.2,False
1.06,0.01,1.0,0.3,0.0,0.5,0.5,0.18,-37.79,True
1.06,0.01,1.0,0.3,0.0,0.75,0.25,0.35,-34.24,True
1.06,0.01,1.0,0.3,0.0,1.0,0.0,0.5,-30.55,True
1.06,0.01,1.0,0.3,0.1,0.0,1.0,2.28,-27.83,True
1.06,0.01,1.0,0.3,0.1,0.25,0.75,2.41,-25.66,True
1.06,0.01,1.0,0.3,0.1,0.5,0.5,2.54,-23.31,True
1.06,0.01,1.0,0.3,0.1,0.75,0.25,2.65,-20.78,True
1.06,0.01,1.0,0.3,0.1,1.0,0.0,2.74,-18.07,True
1.06,0.01,1.0,0.3,0.2,0.0,1.0,4.06,-17.37,True
1.06,0.01,1.0,0.3,0.2,0.25,0.75,4.15,-15.78,True
1.06,0.01,1.0,0.3,0.2,0.5,0.5,4.23,-14.03,True
1.06,0.01,1.0,0.3,0.2,0.75,0.25,4.3,-12.13,True
1.06,0.01,1.0,0.3,0.2,1.0,0.0,4.36,-11.0,True
1.06,0.01,1.0,0.3,0.3,0.0,1.0,5.45,-13.27,True
1.06,0.01,1.0,0.3,0.3,0.25,0.75,5.5,-13.28,True
1.06,0.01,1.0,0.3,0.3,0.5,0.5,5.55,-13.29,True
1.06,0.01,1.0,0.3,0.3,0.75,0.25,5.59,-13.31,True
1.06,0.01,1.0,0.3,0.3,1.0,0.0,5.62,-13.39,True
1.06,0.01,1.0,0.4,0.0,0.0,1.0,0.04,-46.21,False
1.06,0.01,1.0,0.4,0.0,0.25,0.75,0.26,-42.84,False
1.06,0.01,1.0,0.4,0.0,0.5,0.5,0.45,-39.32,True
1.06,0.01,1.0,0.4,0.0,0.75,0.25,0.62,-35.64,True
1.06,0.01,1.0,0.4,0.0,1.0,0.0,0.76,-31.8,True
1.06,0.01,1.0,0.4,0.1,0.0,1.0,2.54,-30.48,True
1.06,0.01,1.0,0.4,0.1,0.25,0.75,2.66,-28.09,True
1.06,0.01,1.0,0.4,0.1,0.5,0.5,2.78,-25.51,True
1.06,0.01,1.0,0.4,0.1,0.75,0.25,2.88,-22.75,True
1.06,0.01,1.0,0.4,0.1,1.0,0.0,2.96,-19.81,True
1.06,0.01,1.0,0.4,0.2,0.0,1.0,4.35,-20.95,True
1.06,0.01,1.0,0.4,0.2,0.25,0.75,4.42,-19.06,True
1.06,0.01,1.0,0.4,0.2,0.5,0.5,4.49,-16.98,True
1.06,0.01,1.0,0.4,0.2,0.75,0.25,4.55,-14.72,True
1.06,0.01,1.0,0.4,0.2,1.0,0.0,4.59,-12.29,True
1.06,0.01,1.0,0.4,0.3,0.0,1.0,5.57,-14.64,True
1.06,0.01,1.0,0.4,0.3,0.25,0.75,5.62,-13.02,True
1.06,0.01,1.0,0.4,0.3,0.5,0.5,5.67,-12.55,True
1.06,0.01,1.0,0.4,0.3,0.75,0.25,5.71,-12.65,True
1.06,0.01,1.0,0.4,0.3,1.0,0.0,5.73,-12.91,True
1.06,0.01,1.01,0.1,0.0,0.0,1.0,-1.48,-14.91,True
1.06,0.01,1.01,0.1,0.0,0.25,0.75,-1.33,-13.66,True
1.06,0.01,1.01,0.1,0.0,0.5,0.5,-1.17,-12.39,True
1.06,0.01,1.01,0.1,0.0,0.75,0.25,-1.02,-11.11,True
1.06,0.01,1.01,0.1,0.0,1.0,0.0,-0.87,-9.82,True
1.06,0.01,1.01,0.1,0.1,0.0,1.0,1.54,-10.44,True
1.06,0.01,1.01,0.1,0.1,0.25,0.75,1.64,-9.71,True
1.06,0.01,1.01,0.1,0.1,0.5,0.5,1.74,-9.61,True
1.06,0.01,1.01,0.1,0.1,0.75,0.25,1.83,-9.52,True
1.06,0.01,1.01,0.1,0.1,1.0,0.0,1.93,-9.44,True
1.06,0.01,1.01,0.1,0.2,0.0,1.0,3.47,-14.34,True
1.06,0.01,1.01,0.1,0.2,0.25,0.75,3.54,-14.22,True
1.06,0.01,1.01,0.1,0.2,0.5,0.5,3.6,-14.1,True
1.06,0.01,1.01,0.1,0.2,0.75,0.25,3.66,-13.99,True
1.06,0.01,1.01,0.1,0.2,1.0,0.0,3.72,-13.88,True
1.06,0.01,1.01,0.1,0.3,0.0,1.0,4.84,-17.0,True
1.06,0.01,1.01,0.1,0.3,0.25,0.75,4.89,-16.83,True
1.06,0.01,1.01,0.1,0.3,0.5,0.5,4.94,-16.68,True
1.06,0.01,1.01,0.1,0.3,0.75,0.25,4.99,-16.54,True
1.06,0.01,1.01,0.1,0.3,1.0,0.0,5.04,-16.42,True
1.06,0.01,1.01,0.2,0.0,0.0,1.0,-2.66,-28.15,True
1.06,0.01,1.01,0.2,0.0,0.25,0.75,-2.36,-25.92,True
1.06,0.01,1.01,0.2,0.0,0.5,0.5,-2.06,-23.64,True
1.06,0.01,1.01,0.2,0.0,0.75,0.25,-1.77,-21.32,True
1.06,0.01,1.01,0.2,0.0,1.0,0.0,-1.49,-18.93,True
1.06,0.01,1.01,0.2,0.1,0.0,1.0,1.09,-16.03,True
1.06,0.01,1.01,0.2,0.1,0.25,0.75,1.25,-14.86,True
1.06,0.01,1.01,0.2,0.1,0.5,0.5,1.41,-13.66,True
1.06,0.01,1.01,0.2,0.1,0.75,0.25,1.57,-12.41,True
1.06,0.01,1.01,0.2,0.1,1.0,0.0,1.73,-11.11,True
1.06,0.01,1.01,0.2,0.2,0.0,1.0,3.16,-16.03,True
1.06,0.01,1.01,0.2,0.2,0.25,0.75,3.24,-15.72,True
1.06,0.01,1.01,0.2,0.2,0.5,0.5,3.32,-15.42,True
1.06,0.01,1.01,0.2,0.2,0.75,0.25,3.41,-15.13,True
1.06,0.01,1.01,0.2,0.2,1.0,0.0,3.51,-14.86,True
1.06,0.01,1.01,0.2,0.3,0.0,1.0,4.72,-18.32,True
1.06,0.01,1.01,0.2,0.3,0.25,0.75,4.77,-18.07,True
1.06,0.01,1.01,0.2,0.3,0.5,0.5,4.83,-17.82,True
1.06,0.01,1.01,0.2,0.3,0.75,0.25,4.88,-17.58,True
1.06,0.01,1.01,0.2,0.3,1.0,0.0,4.95,-17.35,True
1.06,0.01,1.01,0.3,0.0,0.0,1.0,-3.3,-32.44,True
1.06,0.01,1.01,0.3,0.0,0.25,0.75,-2.91,-29.87,True
1.06,0.01,1.01,0.3,0.0,0.5,0.5,-2.54,-27.24,True
1.06,0.01,1.01,0.3,0.0,0.75,0.25,-2.17,-24.54,True
1.06,0.01,1.01,0.3,0.0,1.0,0.0,-1.82,-21.77,True
1.06,0.01,1.01,0.3,0.1,0.0,1.0,0.72,-19.75,True
1.06,0.01,1.01,0.3,0.1,0.25,0.75,0.86,-18.31,True
1.06,0.01,1.01,0.3,0.1,0.5,0.5,1.03,-16.82,True
1.06,0.01,1.01,0.3,0.1,0.75,0.25,1.2,-15.28,True
1.06,0.01,1.01,0.3,0.1,1.0,0.0,1.38,-13.68,True
1.06,0.01,1.01,0.3,0.2,0.0,1.0,3.14,-19.61,True
1.06,0.01,1.01,0.3,0.2,0.25,0.75,3.22,-18.24,True
1.06,0.01,1.01,0.3,0.2,0.5,0.5,3.3,-16.82,True
1.06,0.01,1.01,0.3,0.2,0.75,0.25,3.4,-15.36,True
1.06,0.01,1.01,0.3,0.2,1.0,0.0,3.5,-15.05,True
1.06,0.01,1.01,0.3,0.3,0.0,1.0,4.75,-18.96,True
1.06,0.01,1.01,0.3,0.3,0.25,0.75,4.8,-17.8,True
1.06,0.01,1.01,0.3,0.3,0.5,0.5,4.86,-17.56,True
1.06,0.01,1.01,0.3,0.3,0.75,0.25,4.92,-17.33,True
1.06,0.01,1.01,0.3,0.3,1.0,0.0,4.98,-17.12,True
1.06,0.01,1.01,0.4,0.0,0.0,1.0,-3.77,-34.9,True
1.06,0.01,1.01,0.4,0.0,0.25,0.75,-3.32,-32.18,True
1.06,0.01,1.01,0.4,0.0,0.5,0.5,-2.89,-29.37,True
1.06,0.01,1.01,0.4,0.0,0.75,0.25,-2.47,-26.47,True
1.06,0.01,1.01,0.4,0.0,1.0,0.0,-2.07,-23.48,True
1.06,0.01,1.01,0.4,0.1,0.0,1.0,0.77,-23.34,True
1.06,0.01,1.01,0.4,0.1,0.25,0.75,0.91,-21.64,True
1.06,0.01,1.01,0.4,0.1,0.5,0.5,1.07,-19.88,True
1.06,0.01,1.01,0.4,0.1,0.75,0.25,1.23,-18.06,True
1.06,0.01,1.01,0.4,0.1,1.0,0.0,1.41,-16.17,True
1.06,0.01,1.01,0.4,0.2,0.0,1.0,3.19,-22.38,True
1.06,0.01,1.01,0.4,0.2,0.25,0.75,3.27,-20.8,True
1.06,0.01,1.01,0.4,0.2,0.5,0.5,3.36,-19.17,True
1.06,0.01,1.01,0.4,0.2,0.75,0.25,3.45,-17.48,True
1.06,0.01,1.01,0.4,0.2,1.0,0.0,3.55,-15.74,True
1.06,0.01,1.01,0.4,0.3,0.0,1.0,4.77,-21.52,True
1.06,0.01,1.01,0.4,0.3,0.25,0.75,4.82,-20.03,True
1.06,0.01,1.01,0.4,0.3,0.5,0.5,4.88,-18.51,True
1.06,0.01,1.01,0.4,0.3,0.75,0.25,4.94,-17.19,True
1.06,0.01,1.01,0.4,0.3,1.0,0.0,5.0,-16.98,True
1.06,0.01,1.02,0.1,0.0,0.0,1.0,0.09,-12.6,True
1.06,0.01,1.02,0.1,0.0,0.25,0.75,0.11,-11.55,True
1.06,0.01,1.02,0.1,0.0,0.5,0.5,0.13,-10.49,True
1.06,0.01,1.02,0.1,0.0,0.75,0.25,0.14,-9.42,True
1.06,0.01,1.02,0.1,0.0,1.0,0.0,0.16,-8.34,True
1.06,0.01,1.02,0.1,0.1,0.0,1.0,2.57,-8.72,True
1.06,0.01,1.02,0.1,0.1,0.25,0.75,2.58,-8.04,True
1.06,0.01,1.02,0.1,0.1,0.5,0.5,2.59,-8.09,True
1.06,0.01,1.02,0.1,0.1,0.75,0.25,2.6,-8.14,True
1.06,0.01,1.02,0.1,0.1,1.0,0.0,2.6,-8.2,True
1.06,0.01,1.02,0.1,0.2,0.0,1.0,4.18,-12.03,True
1.06,0.01,1.02,0.1,0.2,0.25,0.75,4.2,-12.12,True
1.06,0.01,1.02,0.1,0.2,0.5,0.5,4.22,-12.22,True
1.06,0.01,1.02,0.1,0.2,0.75,0.25,4.22,-12.28,True
1.06,0.01,1.02,0.1,0.2,1.0,0.0,4.22,-12.35,True
1.06,0.01,1.02,0.1,0.3,0.0,1.0,5.41,-15.27,True
1.06,0.01,1.02,0.1,0.3,0.25,0.75,5.43,-15.21,True
1.06,0.01,1.02,0.1,0.3,0.5,0.5,5.45,-15.15,True
1.06,0.01,1.02,0.1,0.3,0.75,0.25,5.46,-15.1,True
1.06,0.01,1.02,0.1,0.3,1.0,0.0,5.47,-15.02,True
1.06,0.01,1.02,0.2,0.0,0.0,1.0,-0.19,-24.2,True
1.06,0.01,1.02,0.2,0.0,0.25,0.75,-0.1,-22.26,True
1.06,0.01,1.02,0.2,0.0,0.5,0.5,-0.02,-20.3,True
1.06,0.01,1.02,0.2,0.0,0.75,0.25,0.06,-18.3,True
1.06,0.01,1.02,0.2,0.0,1.0,0.0,0.12,-16.27,True
1.06,0.01,1.02,0.2,0.1,0.0,1.0,2.48,-14.58,True
1.06,0.01,1.02,0.2,0.1,0.25,0.75,2.54,-12.98,True
1.06,0.01,1.02,0.2,0.1,0.5,0.5,2.58,-11.48,True
1.06,0.01,1.02,0.2,0.1,0.75,0.25,2.62,-10.44,True
1.06,0.01,1.02,0.2,0.1,1.0,0.0,2.66,-9.38,True
1.06,0.01,1.02,0.2,0.2,0.0,1.0,3.86,-13.47,True
1.06,0.01,1.02,0.2,0.2,0.25,0.75,3.93,-12.56,True
1.06,0.01,1.02,0.2,0.2,0.5,0.5,3.99,-12.44,True
1.06,0.01,1.02,0.2,0.2,0.75,0.25,4.05,-12.48,True
1.06,0.01,1.02,0.2,0.2,1.0,0.0,4.1,-12.53,True
1.06,0.01,1.02,0.2,0.3,0.0,1.0,5.09,-16.05,True
1.06,0.01,1.02,0.2,0.3,0.25,0.75,5.13,-15.91,True
1.06,0.01,1.02,0.2,0.3,0.5,0.5,5.18,-15.76,True
1.06,0.01,1.02,0.2,0.3,0.75,0.25,5.23,-15.62,True
1.06,0.01,1.02,0.2,0.3,1.0,0.0,5.28,-15.49,True
1.06,0.01,1.02,0.3,0.0,0.0,1.0,-0.56,-28.19,True
1.06,0.01,1.02,0.3,0.0,0.25,0.75,-0.41,-25.92,True
1.06,0.01,1.02,0.3,0.0,0.5,0.5,-0.27,-23.61,True
1.06,0.01,1.02,0.3,0.0,0.75,0.25,-0.14,-21.26,True
1.06,0.01,1.02,0.3,0.0,1.0,0.0,-0.03,-18.87,True
1.06,0.01,1.02,0.3,0.1,0.0,1.0,1.89,-17.25,True
1.06,0.01,1.02,0.3,0.1,0.25,0.75,2.01,-15.63,True
1.06,0.01,1.02,0.3,0.1,0.5,0.5,2.12,-14.16,True
1.06,0.01,1.02,0.3,0.1,0.75,0.25,2.22,-12.89,True
1.06,0.01,1.02,0.3,0.1,1.0,0.0,2.32,-11.57,True
1.06,0.01,1.02,0.3,0.2,0.0,1.0,3.71,-16.62,True
1.06,0.01,1.02,0.3,0.2,0.25,0.75,3.79,-15.46,True
1.06,0.01,1.02,0.3,0.2,0.5,0.5,3.86,-14.28,True
1.06,0.01,1.02,0.3,0.2,0.75,0.25,3.93,-13.06,True
1.06,0.01,1.02,0.3,0.2,1.0,0.0,4.01,-12.77,True
1.06,0.01,1.02,0.3,0.3,0.0,1.0,5.09,-16.56,True
1.06,0.01,1.02,0.3,0.3,0.25,0.75,5.15,-15.63,True
1.06,0.01,1.02,0.3,0.3,0.5,0.5,5.2,-15.55,True
1.06,0.01,1.02,0.3,0.3,0.75,0.25,5.25,-15.49,True
1.06,0.01,1.02,0.3,0.3,1.0,0.0,5.3,-15.45,True
1.06,0.01,1.02,0.4,0.0,0.0,1.0,-0.85,-31.13,True
1.06,0.01,1.02,0.4,0.0,0.25,0.75,-0.65,-28.66,True
1.06,0.01,1.02,0.4,0.0,0.5,0.5,-0.47,-26.13,True
1.06,0.01,1.02,0.4,0.0,0.75,0.25,-0.31,-23.55,True
1.06,0.01,1.02,0.4,0.0,1.0,0.0,-0.16,-20.91,True
1.06,0.01,1.02,0.4,0.1,0.0,1.0,1.86,-19.6,True
1.06,0.01,1.02,0.4,0.1,0.25,0.75,1.99,-18.18,True
1.06,0.01,1.02,0.4,0.1,0.5,0.5,2.11,-16.71,True
1.06,0.01,1.02,0.4,0.1,0.75,0.25,2.22,-15.2,True
1.06,0.01,1.02,0.4,0.1,1.0,0.0,2.33,-13.65,True
1.06,0.01,1.02,0.4,0.2,0.0,1.0,3.76,-19.38,True
1.06,0.01,1.02,0.4,0.2,0.25,0.75,3.84,-18.01,True
1.06,0.01,1.02,0.4,0.2,0.5,0.5,3.92,-16.6,True
1.06,0.01,1.02,0.4,0.2,0.75,0.25,3.99,-15.16,True
1.06,0.01,1.02,0.4,0.2,1.0,0.0,4.06,-13.68,True
1.06,0.01,1.02,0.4,0.3,0.0,1.0,5.1,-19.02,True
1.06,0.01,1.02,0.4,0.3,0.25,0.75,5.16,-17.71,True
1.06,0.01,1.02,0.4,0.3,0.5,0.5,5.21,-16.37,True
1.06,0.01,1.02,0.4,0.3,0.75,0.25,5.27,-15.39,True
1.06,0.01,1.02,0.4,0.3,1.0,0.0,5.32,-15.34,True
1.06,0.015,0.95,0.1,0.0,0.0,1.0,2.22,-15.13,True
1.06,0.015,0.95,0.1,0.0,0.25,0.75,2.23,-13.92,True
1.06,0.015,0.95,0.1,0.0,0.5,0.5,2.24,-12.6,True
1.06,0.015,0.95,0.1,0.0,0.75,0.25,2.23,-11.16,True
1.06,0.015,0.95,0.1,0.0,1.0,0.0,2.22,-9.58,True
1.06,0.015,0.95,0.1,0.1,0.0,1.0,4.23,-12.1,True
1.06,0.015,0.95,0.1,0.1,0.25,0.75,4.22,-10.98,True
1.06,0.015,0.95,0.1,0.1,0.5,0.5,4.21,-9.77,True
1.06,0.015,0.95,0.1,0.1,0.75,0.25,4.19,-8.83,True
1.06,0.015,0.95,0.1,0.1,1.0,0.0,4.17,-8.16,True
1.06,0.015,0.95,0.1,0.2,0.0,1.0,5.59,-12.65,True
1.06,0.015,0.95,0.1,0.2,0.25,0.75,5.57,-12.01,True
1.06,0.015,0.95,0.1,0.2,0.5,0.5,5.55,-11.37,True
1.06,0.015,0.95,0.1,0.2,0.75,0.25,5.53,-10.74,True
1.06,0.015,0.95,0.1,0.2,1.0,0.0,5.5,-10.1,True
1.06,0.015,0.95,0.1,0.3,0.0,1.0,6.59,-14.15,True
1.06,0.015,0.95,0.1,0.3,0.25,0.75,6.57,-14.07,True
1.06,0.015,0.95,0.1,0.3,0.5,0.5,6.55,-14.0,True
1.06,0.015,0.95,0.1,0.3,0.75,0.25,6.53,-13.93,True
1.06,0.015,0.95,0.1,0.3,1.0,0.0,6.49,-13.86,True
1.06,0.015,0.95,0.2,0.0,0.0,1.0,3.42,-22.74,True
1.06,0.015,0.95,0.2,0.0,0.25,0.75,3.43,-20.85,True
1.06,0.015,0.95,0.2,0.0,0.5,0.5,3.43,-18.93,True
1.06,0.015,0.95,0.2,0.0,0.75,0.25,3.41,-16.98,True
1.06,0.015,0.95,0.2,0.0,1.0,0.0,3.36,-15.01,True
1.06,0.015,0.95,0.2,0.1,0.0,1.0,4.73,-22.18,True
1.06,0.015,0.95,0.2,0.1,0.25,0.75,4.75,-20.27,True
1.06,0.015,0.95,0.2,0.1,0.5,0.5,4.75,-18.34,True
1.06,0.015,0.95,0.2,0.1,0.75,0.25,4.74,-16.38,True
1.06,0.015,0.95,0.2,0.1,1.0,0.0,4.7,-14.39,True
1.06,0.015,0.95,0.2,0.2,0.0,1.0,5.6,-21.63,True
1.06,0.015,0.95,0.2,0.2,0.25,0.75,5.63,-19.71,True
1.06,0.015,0.95,0.2,0.2,0.5,0.5,5.64,-17.77,True
1.06,0.015,0.95,0.2,0.2,0.75,0.25,5.65,-16.09,True
1.06,0.015,0.95,0.2,0.2,1.0,0.0,5.63,-14.79,True
1.06,0.015,0.95,0.2,0.3,0.0,1.0,6.37,-19.86,True
1.06,0.015,0.95,0.2,0.3,0.25,0.75,6.4,-18.25,True
1.06,0.015,0.95,0.2,0.3,0.5,0.5,6.42,-17.16,True
1.06,0.015,0.95,0.2,0.3,0.75,0.25,6.43,-16.05,True
1.06,0.015,0.95,0.2,0.3,1.0,0.0,6.43,-14.93,True
1.06,0.015,0.95,0.3,0.0,0.0,1.0,3.12,-30.24,True
1.06,0.015,0.95,0.3,0.0,0.25,0.75,3.22,-27.78,True
1.06,0.015,0.95,0.3,0.0,0.5,0.5,3.29,-25.27,True
1.06,0.015,0.95,0.3,0.0,0.75,0.25,3.33,-22.71,True
1.06,0.015,0.95,0.3,0.0,1.0,0.0,3.34,-20.11,True
1.06,0.015,0.95,0.3,0.1,0.0,1.0,4.26,-28.39,True
1.06,0.015,0.95,0.3,0.1,0.25,0.75,4.35,-25.98,True
1.06,0.015,0.95,0.3,0.1,0.5,0.5,4.42,-23.53,True
1.06,0.015,0.95,0.3,0.1,0.75,0.25,4.47,-21.04,True
1.06,0.015,0.95,0.3,0.1,1.0,0.0,4.5,-18.52,True
1.06,0.015,0.95,0.3,0.2,0.0,1.0,5.11,-26.72,True
1.06,0.015,0.95,0.3,0.2,0.25,0.75,5.2,-24.38,True
1.06,0.015,0.95,0.3,0.2,0.5,0.5,5.28,-22.0,True
1.06,0.015,0.95,0.3,0.2,0.75,0.25,5.34,-19.6,True
1.06,0.015,0.95,0.3,0.2,1.0,0.0,5.38,-17.16,True
1.06,0.015,0.95,0.3,0.3,0.0,1.0,5.9,-25.11,True
1.06,0.015,0.95,0.3,0.3,0.25,0.75,5.98,-22.83,True
1.06,0.015,0.95,0.3,0.3,0.5,0.5,6.05,-20.53,True
1.06,0.015,0.95,0.3,0.3,0.75,0.25,6.11,-18.19,True
1.06,0.015,0.95,0.3,0.3,1.0,0.0,6.16,-15.84,True
1.06,0.015,0.95,0.4,0.0,0.0,1.0,2.27,-34.96,True
1.06,0.015,0.95,0.4,0.0,0.25,0.75,2.48,-32.18,True
1.06,0.015,0.95,0.4,0.0,0.5,0.5,2.65,-29.35,True
1.06,0.015,0.95,0.4,0.0,0.75,0.25,2.78,-26.45,True
1.06,0.015,0.95,0.4,0.0,1.0,0.0,2.87,-23.49,True
1.06,0.015,0.95,0.4,0.1,0.0,1.0,3.56,-33.44,True
1.06,0.015,0.95,0.4,0.1,0.25,0.75,3.73,-30.71,True
1.06,0.015,0.95,0.4,0.1,0.5,0.5,3.87,-27.92,True
1.06,0.015,0.95,0.4,0.1,0.75,0.25,3.99,-25.07,True
1.06,0.015,0.95,0.4,0.1,1.0,0.0,4.09,-22.17,True
1.06,0.015,0.95,0.4,0.2,0.0,1.0,4.77,-31.33,True
1.06,0.015,0.95,0.4,0.2,0.25,0.75,4.88,-28.67,True
1.06,0.015,0.95,0.4,0.2,0.5,0.5,4.99,-25.95,True
1.06,0.015,0.95,0.4,0.2,0.75,0.25,5.09,-23.19,True
1.06,0.015,0.95,0.4,0.2,1.0,0.0,5.17,-20.38,True
1.06,0.015,0.95,0.4,0.3,0.0,1.0,5.78,-27.44,True
1.06,0.015,0.95,0.4,0.3,0.25,0.75,5.88,-24.96,True
1.06,0.015,0.95,0.4,0.3,0.5,0.5,5.97,-22.44,True
1.06,0.015,0.95,0.4,0.3,0.75,0.25,6.04,-19.88,True
1.06,0.015,0.95,0.4,0.3,1.0,0.0,6.1,-17.3,True
1.06,0.015,0.97,0.1,0.0,0.0,1.0,2.72,-15.49,True
1.06,0.015,0.97,0.1,0.0,0.25,0.75,2.64,-14.33,True
1.06,0.015,0.97,0.1,0.0,0.5,0.5,2.54,-13.07,True
1.06,0.015,0.97,0.1,0.0,0.75,0.25,2.43,-11.7,True
1.06,0.015,0.97,0.1,0.0,1.0,0.0,2.31,-10.2,True
1.06,0.015,0.97,0.1,0.1,0.0,1.0,4.36,-12.73,True
1.06,0.015,0.97,0.1,0.1,0.25,0.75,4.32,-11.62,True
1.06,0.015,0.97,0.1,0.1,0.5,0.5,4.26,-10.42,True
1.06,0.015,0.97,0.1,0.1,0.75,0.25,4.2,-9.12,True
1.06,0.015,0.97,0.1,0.1,1.0,0.0,4.12,-7.72,True
1.06,0.015,0.97,0.1,0.2,0.0,1.0,5.62,-10.31,True
1.06,0.015,0.97,0.1,0.2,0.25,0.75,5.57,-9.26,True
1.06,0.015,0.97,0.1,0.2,0.5,0.5,5.53,-8.89,True
1.06,0.015,0.97,0.1,0.2,0.75,0.25,5.47,-9.2,True
1.06,0.015,0.97,0.1,0.2,1.0,0.0,5.41,-9.54,True
1.06,0.015,0.97,0.1,0.3,0.0,1.0,6.48,-12.68,True
1.06,0.015,0.97,0.1,0.3,0.25,0.75,6.45,-12.75,True
1.06,0.015,0.97,0.1,0.3,0.5,0.5,6.42,-12.83,True
1.06,0.015,0.97,0.1,0.3,0.75,0.25,6.38,-12.92,True
1.06,0.015,0.97,0.1,0.3,1.0,0.0,6.33,-13.01,True
1.06,0.015,0.97,0.2,0.0,0.0,1.0,3.0,-16.48,True
1.06,0.015,0.97,0.2,0.0,0.25,0.75,2.99,-15.27,True
1.06,0.015,0.97,0.2,0.0,0.5,0.5,2.96,-13.95,True
1.06,0.015,0.97,0.2,0.0,0.75,0.25,2.9,-12.5,True
1.06,0.015,0.97,0.2,0.0,1.0,0.0,2.82,-10.89,True
1.06,0.015,0.97,0.2,0.1,0.0,1.0,4.3,-13.66,True
1.06,0.015,0.97,0.2,0.1,0.25,0.75,4.31,-12.51,True
1.06,0.015,0.97,0.2,0.1,0.5,0.5,4.31,-11.27,True
1.06,0.015,0.97,0.2,0.1,0.75,0.25,4.29,-9.91,True
1.06,0.015,0.97,0.2,0.1,1.0,0.0,4.25,-8.43,True
1.06,0.015,0.97,0.2,0.2,0.0,1.0,5.3,-11.67,True
1.06,0.015,0.97,0.2,0.2,0.25,0.75,5.33,-10.53,True
1.06,0.015,0.97,0.2,0.2,0.5,0.5,5.34,-9.37,True
1.06,0.015,0.97,0.2,0.2,0.75,0.25,5.34,-9.43,True
1.06,0.015,0.97,0.2,0.2,1.0,0.0,5.32,-9.7,True
1.06,0.015,0.97,0.2,0.3,0.0,1.0,6.03,-13.34,True
1.06,0.015,0.97,0.2,0.3,0.25,0.75,6.07,-13.33,True
1.06,0.015,0.97,0.2,0.3,0.5,0.5,6.11,-13.32,True
1.06,0.015,0.97,0.2,0.3,0.75,0.25,6.13,-13.33,True
1.06,0.015,0.97,0.2,0.3,1.0,0.0,6.14,-13.34,True
1.06,0.015,0.97,0.3,0.0,0.0,1.0,2.22,-18.69,True
1.06,0.015,0.97,0.3,0.0,0.25,0.75,2.33,-17.09,True
1.06,0.015,0.97,0.3,0.0,0.5,0.5,2.41,-15.47,True
1.06,0.015,0.97,0.3,0.0,0.75,0.25,2.45,-13.83,True
1.06,0.015,0.97,0.3,0.0,1.0,0.0,2.46,-12.17,True
1.06,0.015,0.97,0.3,0.1,0.0,1.0,3.57,-18.15,True
1.06,0.015,0.97,0.3,0.1,0.25,0.75,3.68,-16.53,True
1.06,0.015,0.97,0.3,0.1,0.5,0.5,3.76,-14.9,True
1.06,0.015,0.97,0.3,0.1,0.75,0.25,3.82,-13.24,True
1.06,0.015,0.97,0.3,0.1,1.0,0.0,3.86,-11.56,True
1.06,0.015,0.97,0.3,0.2,0.0,1.0,4.69,-17.4,True
1.06,0.015,0.97,0.3,0.2,0.25,0.75,4.79,-15.78,True
1.06,0.015,0.97,0.3,0.2,0.5,0.5,4.87,-14.14,True
1.06,0.015,0.97,0.3,0.2,0.75,0.25,4.94,-12.48,True
1.06,0.015,0.97,0.3,0.2,1.0,0.0,4.99,-10.82,True
1.06,0.015,0.97,0.3,0.3,0.0,1.0,5.65,-16.62,True
1.06,0.015,0.97,0.3,0.3,0.25,0.75,5.73,-15.01,True
1.06,0.015,0.97,0.3,0.3,0.5,0.5,5.81,-14.63,True
1.06,0.015,0.97,0.3,0.3,0.75,0.25,5.87,-14.48,True
1.06,0.015,0.97,0.3,0.3,1.0,0.0,5.92,-14.39,True
1.06,0.015,0.97,0.4,0.0,0.0,1.0,1.39,-23.87,True
1.06,0.015,0.97,0.4,0.0,0.25,0.75,1.6,-21.88,True
1.06,0.015,0.97,0.4,0.0,0.5,0.5,1.78,-19.84,True
1.06,0.015,0.97,0.4,0.0,0.75,0.25,1.91,-17.78,True
1.06,0.015,0.97,0.4,0.0,1.0,0.0,2.0,-15.67,True
1.06,0.015,0.97,0.4,0.1,0.0,1.0,3.09,-23.12,True
1.06,0.015,0.97,0.4,0.1,0.25,0.75,3.25,-21.12,True
1.06,0.015,0.97,0.4,0.1,0.5,0.5,3.39,-19.09,True
1.06,0.015,0.97,0.4,0.1,0.75,0.25,3.5,-17.02,True
1.06,0.015,0.97,0.4,0.1,1.0,0.0,3.6,-14.92,True
1.06,0.015,0.97,0.4,0.2,0.0,1.0,4.41,-22.06,True
1.06,0.015,0.97,0.4,0.2,0.25,0.75,4.54,-20.06,True
1.06,0.015,0.97,0.4,0.2,0.5,0.5,4.65,-18.03,True
1.06,0.015,0.97,0.4,0.2,0.75,0.25,4.75,-15.97,True
1.06,0.015,0.97,0.4,0.2,1.0,0.0,4.83,-13.86,True
1.06,0.015,0.97,0.4,0.3,0.0,1.0,5.47,-19.48,True
1.06,0.015,0.97,0.4,0.3,0.25,0.75,5.56,-17.59,True
1.06,0.015,0.97,0.4,0.3,0.5,0.5,5.65,-15.68,True
1.06,0.015,0.97,0.4,0.3,0.75,0.25,5.73,-15.17,True
1.06,0.015,0.97,0.4,0.3,1.0,0.0,5.8,-15.0,True
1.06,0.015,0.99,0.1,0.0,0.0,1.0,0.99,-13.59,True
1.06,0.015,0.99,0.1,0.0,0.25,0.75,0.98,-12.32,True
1.06,0.015,0.99,0.1,0.0,0.5,0.5,0.98,-11.04,True
1.06,0.015,0.99,0.1,0.0,0.75,0.25,0.96,-9.74,True
1.06,0.015,0.99,0.1,0.0,1.0,0.0,0.94,-8.44,True
1.06,0.015,0.99,0.1,0.1,0.0,1.0,3.02,-10.54,True
1.06,0.015,0.99,0.1,0.1,0.25,0.75,3.02,-9.18,True
1.06,0.015,0.99,0.1,0.1,0.5,0.5,3.03,-7.81,True
1.06,0.015,0.99,0.1,0.1,0.75,0.25,3.03,-6.85,True
1.06,0.015,0.99,0.1,0.1,1.0,0.0,3.02,-6.99,True
1.06,0.015,0.99,0.1,0.2,0.0,1.0,4.5,-10.08,True
1.06,0.015,0.99,0.1,0.2,0.25,0.75,4.51,-10.25,True
1.06,0.015,0.99,0.1,0.2,0.5,0.5,4.51,-10.43,True
1.06,0.015,0.99,0.1,0.2,0.75,0.25,4.51,-10.61,True
1.06,0.015,0.99,0.1,0.2,1.0,0.0,4.51,-10.8,True
1.06,0.015,0.99,0.1,0.3,0.0,1.0,5.62,-12.54,True
1.06,0.015,0.99,0.1,0.3,0.25,0.75,5.62,-12.73,True
1.06,0.015,0.99,0.1,0.3,0.5,0.5,5.63,-12.92,True
1.06,0.015,0.99,0.1,0.3,0.75,0.25,5.64,-13.13,True
1.06,0.015,0.99,0.1,0.3,1.0,0.0,5.64,-13.33,True
1.06,0.015,0.99,0.2,0.0,0.0,1.0,1.51,-23.92,True
1.06,0.015,0.99,0.2,0.0,0.25,0.75,1.52,-21.75,True
1.06,0.015,0.99,0.2,0.0,0.5,0.5,1.52,-19.55,True
1.06,0.015,0.99,0.2,0.0,0.75,0.25,1.51,-17.3,True
1.06,0.015,0.99,0.2,0.0,1.0,0.0,1.49,-15.01,True
1.06,0.015,0.99,0.2,0.1,0.0,1.0,3.39,-20.3,True
1.06,0.015,0.99,0.2,0.1,0.25,0.75,3.4,-18.1,True
1.06,0.015,0.99,0.2,0.1,0.5,0.5,3.41,-15.86,True
1.06,0.015,0.99,0.2,0.1,0.75,0.25,3.4,-13.58,True
1.06,0.015,0.99,0.2,0.1,1.0,0.0,3.4,-11.27,True
1.06,0.015,0.99,0.2,0.2,0.0,1.0,4.72,-17.3,True
1.06,0.015,0.99,0.2,0.2,0.25,0.75,4.74,-15.1,True
1.06,0.015,0.99,0.2,0.2,0.5,0.5,4.75,-12.85,True
1.06,0.015,0.99,0.2,0.2,0.75,0.25,4.75,-10.59,True
1.06,0.015,0.99,0.2,0.2,1.0,0.0,4.75,-9.95,True
1.06,0.015,0.99,0.2,0.3,0.0,1.0,5.81,-12.79,True
1.06,0.015,0.99,0.2,0.3,0.25,0.75,5.82,-12.82,True
1.06,0.015,0.99,0.2,0.3,0.5,0.5,5.83,-12.85,True
1.06,0.015,0.99,0.2,0.3,0.75,0.25,5.83,-12.89,True
1.06,0.015,0.99,0.2,0.3,1.0,0.0,5.83,-12.92,True
1.06,0.015,0.99,0.3,0.0,0.0,1.0,1.42,-32.16,True
1.06,0.015,0.99,0.3,0.0,0.25,0.75,1.47,-29.37,True
1.06,0.015,0.99,0.3,0.0,0.5,0.5,1.51,-26.52,True
1.06,0.015,0.99,0.3,0.0,0.75,0.25,1.54,-23.59,True
1.06,0.015,0.99,0.3,0.0,1.0,0.0,1.55,-20.58,True
1.06,0.015,0.99,0.3,0.1,0.0,1.0,3.16,-26.83,True
1.06,0.015,0.99,0.3,0.1,0.25,0.75,3.21,-24.13,True
1.06,0.015,0.99,0.3,0.1,0.5,0.5,3.26,-21.37,True
1.06,0.015,0.99,0.3,0.1,0.75,0.25,3.29,-18.54,True
1.06,0.015,0.99,0.3,0.1,1.0,0.0,3.32,-15.65,True
1.06,0.015,0.99,0.3,0.2,0.0,1.0,4.64,-18.66,True
1.06,0.015,0.99,0.3,0.2,0.25,0.75,4.68,-16.36,True
1.06,0.015,0.99,0.3,0.2,0.5,0.5,4.71,-14.02,True
1.06,0.015,0.99,0.3,0.2,0.75,0.25,4.73,-11.67,True
1.06,0.015,0.99,0.3,0.2,1.0,0.0,4.74,-10.2,True
1.06,0.015,0.99,0.3,0.3,0.0,1.0,5.76,-12.79,True
1.06,0.015,0.99,0.3,0.3,0.25,0.75,5.79,-12.86,True
1.06,0.015,0.99,0.3,0.3,0.5,0.5,5.82,-13.01,True
1.06,0.015,0.99,0.3,0.3,0.75,0.25,5.84,-13.18,True
1.06,0.015,0.99,0.3,0.3,1.0,0.0,5.85,-13.35,True
1.06,0.015,0.99,0.4,0.0,0.0,1.0,0.94,-37.69,True
1.06,0.015,0.99,0.4,0.0,0.25,0.75,1.07,-34.55,True
1.06,0.015,0.99,0.4,0.0,0.5,0.5,1.18,-31.31,True
1.06,0.015,0.99,0.4,0.0,0.75,0.25,1.27,-27.96,True
1.06,0.015,0.99,0.4,0.0,1.0,0.0,1.34,-24.51,True
1.06,0.015,0.99,0.4,0.1,0.0,1.0,3.05,-27.78,True
1.06,0.015,0.99,0.4,0.1,0.25,0.75,3.13,-25.06,True
1.06,0.015,0.99,0.4,0.1,0.5,0.5,3.2,-22.23,True
1.06,0.015,0.99,0.4,0.1,0.75,0.25,3.26,-19.3,True
1.06,0.015,0.99,0.4,0.1,1.0,0.0,3.32,-16.29,True
1.06,0.015,0.99,0.4,0.2,0.0,1.0,4.59,-17.1,True
1.06,0.015,0.99,0.4,0.2,0.25,0.75,4.64,-15.03,True
1.06,0.015,0.99,0.4,0.2,0.5,0.5,4.69,-12.88,True
1.06,0.015,0.99,0.4,0.2,0.75,0.25,4.74,-10.63,True
1.06,0.015,0.99,0.4,0.2,1.0,0.0,4.77,-10.58,True
1.06,0.015,0.99,0.4,0.3,0.0,1.0,5.62,-13.35,True
1.06,0.015,0.99,0.4,0.3,0.25,0.75,5.67,-13.4,True
1.06,0.015,0.99,0.4,0.3,0.5,0.5,5.72,-13.46,True
1.06,0.015,0.99,0.4,0.3,0.75,0.25,5.76,-13.54,True
1.06,0.015,0.99,0.4,0.3,1.0,0.0,5.8,-13.65,True
1.06,0.015,1.0,0.1,0.0,0.0,1.0,0.22,-12.99,True
1.06,0.015,1.0,0.1,0.0,0.25,0.75,0.25,-11.91,True
1.06,0.015,1.0,0.1,0.0,0.5,0.5,0.27,-10.82,True
1.06,0.015,1.0,0.1,0.0,0.75,0.25,0.28,-9.71,True
1.06,0.015,1.0,0.1,0.0,1.0,0.0,0.29,-8.6,True
1.06,0.015,1.0,0.1,0.1,0.0,1.0,2.66,-9.44,True
1.06,0.015,1.0,0.1,0.1,0.25,0.75,2.67,-8.28,True
1.06,0.015,1.0,0.1,0.1,0.5,0.5,2.68,-7.64,True
1.06,0.015,1.0,0.1,0.1,0.75,0.25,2.68,-7.72,True
1.06,0.015,1.0,0.1,0.1,1.0,0.0,2.69,-7.81,True
1.06,0.015,1.0,0.1,0.2,0.0,1.0,4.23,-11.25,True
1.06,0.015,1.0,0.1,0.2,0.25,0.75,4.24,-11.36,True
1.06,0.015,1.0,0.1,0.2,0.5,0.5,4.25,-11.48,True
1.06,0.015,1.0,0.1,0.2,0.75,0.25,4.26,-11.6,True
1.06,0.015,1.0,0.1,0.2,1.0,0.0,4.26,-11.73,True
1.06,0.015,1.0,0.1,0.3,0.0,1.0,5.44,-15.26,True
1.06,0.015,1.0,0.1,0.3,0.25,0.75,5.45,-15.14,True
1.06,0.015,1.0,0.1,0.3,0.5,0.5,5.45,-15.02,True
1.06,0.015,1.0,0.1,0.3,0.75,0.25,5.46,-14.91,True
1.06,0.015,1.0,0.1,0.3,1.0,0.0,5.46,-14.79,True
1.06,0.015,1.0,0.2,0.0,0.0,1.0,0.56,-24.79,True
1.06,0.015,1.0,0.2,0.0,0.25,0.75,0.59,-22.82,True
1.06,0.015,1.0,0.2,0.0,0.5,0.5,0.62,-20.82,True
1.06,0.015,1.0,0.2,0.0,0.75,0.25,0.65,-18.78,True
1.06,0.015,1.0,0.2,0.0,1.0,0.0,0.67,-16.7,True
1.06,0.015,1.0,0.2,0.1,0.0,1.0,2.92,-21.19,True
1.06,0.015,1.0,0.2,0.1,0.25,0.75,2.94,-19.13,True
1.06,0.015,1.0,0.2,0.1,0.5,0.5,2.95,-17.04,True
1.06,0.015,1.0,0.2,0.1,0.75,0.25,2.96,-14.91,True
1.06,0.015,1.0,0.2,0.1,1.0,0.0,2.96,-12.75,True
1.06,0.015,1.0,0.2,0.2,0.0,1.0,4.46,-16.51,True
1.06,0.015,1.0,0.2,0.2,0.25,0.75,4.48,-14.53,True
1.06,0.015,1.0,0.2,0.2,0.5,0.5,4.49,-12.51,True
1.06,0.015,1.0,0.2,0.2,0.75,0.25,4.5,-10.71,True
1.06,0.015,1.0,0.2,0.2,1.0,0.0,4.5,-10.85,True
1.06,0.015,1.0,0.2,0.3,0.0,1.0,5.6,-15.31,True
1.06,0.015,1.0,0.2,0.3,0.25,0.75,5.62,-15.17,True
1.06,0.015,1.0,0.2,0.3,0.5,0.5,5.63,-15.02,True
1.06,0.015,1.0,0.2,0.3,0.75,0.25,5.64,-14.88,True
1.06,0.015,1.0,0.2,0.3,1.0,0.0,5.64,-14.74,True
1.06,0.015,1.0,0.3,0.0,0.0,1.0,0.75,-34.19,True
1.06,0.015,1.0,0.3,0.0,0.25,0.75,0.81,-31.58,True
1.06,0.015,1.0,0.3,0.0,0.5,0.5,0.86,-28.89,True
1.06,0.015,1.0,0.3,0.0,0.75,0.25,0.89,-26.14,True
1.06,0.015,1.0,0.3,0.0,1.0,0.0,0.91,-23.32,True
1.06,0.015,1.0,0.3,0.1,0.0,1.0,2.91,-26.17,True
1.06,0.015,1.0,0.3,0.1,0.25,0.75,2.96,-23.71,True
1.06,0.015,1.0,0.3,0.1,0.5,0.5,2.99,-21.21,True
1.06,0.015,1.0,0.3,0.1,0.75,0.25,3.02,-18.66,True
1.06,0.015,1.0,0.3,0.1,1.0,0.0,3.04,-16.04,True
1.06,0.015,1.0,0.3,0.2,0.0,1.0,4.41,-19.22,True
1.06,0.015,1.0,0.3,0.2,0.25,0.75,4.46,-17.03,True
1.06,0.015,1.0,0.3,0.2,0.5,0.5,4.5,-14.79,True
1.06,0.015,1.0,0.3,0.2,0.75,0.25,4.53,-12.53,True
1.06,0.015,1.0,0.3,0.2,1.0,0.0,4.54,-10.84,True
1.06,0.015,1.0,0.3,0.3,0.0,1.0,5.55,-14.8,True
1.06,0.015,1.0,0.3,0.3,0.25,0.75,5.59,-14.72,True
1.06,0.015,1.0,0.3,0.3,0.5,0.5,5.63,-14.64,True
1.06,0.015,1.0,0.3,0.3,0.75,0.25,5.66,-14.57,True
1.06,0.015,1.0,0.3,0.3,1.0,0.0,5.69,-14.49,True
1.06,0.015,1.0,0.4,0.0,0.0,1.0,0.63,-38.22,True
1.06,0.015,1.0,0.4,0.0,0.25,0.75,0.73,-35.35,True
1.06,0.015,1.0,0.4,0.0,0.5,0.5,0.81,-32.39,True
1.06,0.015,1.0,0.4,0.0,0.75,0.25,0.88,-29.34,True
1.06,0.015,1.0,0.4,0.0,1.0,0.0,0.93,-26.2,True
1.06,0.015,1.0,0.4,0.1,0.0,1.0,2.86,-28.69,True
1.06,0.015,1.0,0.4,0.1,0.25,0.75,2.93,-26.05,True
1.06,0.015,1.0,0.4,0.1,0.5,0.5,3.0,-23.33,True
1.06,0.015,1.0,0.4,0.1,0.75,0.25,3.05,-20.54,True
1.06,0.015,1.0,0.4,0.1,1.0,0.0,3.09,-17.68,True
1.06,0.015,1.0,0.4,0.2,0.0,1.0,4.4,-21.62,True
1.06,0.015,1.0,0.4,0.2,0.25,0.75,4.46,-19.27,True
1.06,0.015,1.0,0.4,0.2,0.5,0.5,4.51,-16.84,True
1.06,0.015,1.0,0.4,0.2,0.75,0.25,4.56,-14.37,True
1.06,0.015,1.0,0.4,0.2,1.0,0.0,4.59,-11.84,True
1.06,0.015,1.0,0.4,0.3,0.0,1.0,5.6,-14.12,True
1.06,0.015,1.0,0.4,0.3,0.25,0.75,5.64,-14.09,True
1.06,0.015,1.0,0.4,0.3,0.5,0.5,5.68,-14.06,True
1.06,0.015,1.0,0.4,0.3,0.75,0.25,5.71,-14.03,True
1.06,0.015,1.0,0.4,0.3,1.0,0.0,5.74,-14.01,True
1.06,0.015,1.01,0.1,0.0,0.0,1.0,-0.11,-8.08,True
1.06,0.015,1.01,0.1,0.0,0.25,0.75,-0.08,-7.36,True
1.06,0.015,1.01,0.1,0.0,0.5,0.5,-0.06,-6.64,True
1.06,0.015,1.01,0.1,0.0,0.75,0.25,-0.04,-5.91,True
1.06,0.015,1.01,0.1,0.0,1.0,0.0,-0.02,-5.18,True
1.06,0.015,1.01,0.1,0.1,0.0,1.0,2.47,-8.17,True
1.06,0.015,1.01,0.1,0.1,0.25,0.75,2.48,-8.22,True
1.06,0.015,1.01,0.1,0.1,0.5,0.5,2.49,-8.28,True
1.06,0.015,1.01,0.1,0.1,0.75,0.25,2.5,-8.34,True
1.06,0.015,1.01,0.1,0.1,1.0,0.0,2.5,-8.4,True
1.06,0.015,1.01,0.1,0.2,0.0,1.0,4.09,-12.12,True
1.06,0.015,1.01,0.1,0.2,0.25,0.75,4.1,-12.2,True
1.06,0.015,1.01,0.1,0.2,0.5,0.5,4.11,-12.28,True
1.06,0.015,1.01,0.1,0.2,0.75,0.25,4.11,-12.37,True
1.06,0.015,1.01,0.1,0.2,1.0,0.0,4.12,-12.46,True
1.06,0.015,1.01,0.1,0.3,0.0,1.0,5.29,-15.58,True
1.06,0.015,1.01,0.1,0.3,0.25,0.75,5.3,-15.46,True
1.06,0.015,1.01,0.1,0.3,0.5,0.5,5.31,-15.35,True
1.06,0.015,1.01,0.1,0.3,0.75,0.25,5.32,-15.23,True
1.06,0.015,1.01,0.1,0.3,1.0,0.0,5.33,-15.11,True
1.06,0.015,1.01,0.2,0.0,0.0,1.0,-0.07,-15.7,True
1.06,0.015,1.01,0.2,0.0,0.25,0.75,-0.03,-14.34,True
1.06,0.015,1.01,0.2,0.0,0.5,0.5,0.01,-12.97,True
1.06,0.015,1.01,0.2,0.0,0.75,0.25,0.05,-11.58,True
1.06,0.015,1.01,0.2,0.0,1.0,0.0,0.08,-10.17,True
1.06,0.015,1.01,0.2,0.1,0.0,1.0,2.47,-12.04,True
1.06,0.015,1.01,0.2,0.1,0.25,0.75,2.5,-10.61,True
1.06,0.015,1.01,0.2,0.1,0.5,0.5,2.52,-9.56,True
1.06,0.015,1.01,0.2,0.1,0.75,0.25,2.55,-8.65,True
1.06,0.015,1.01,0.2,0.1,1.0,0.0,2.57,-8.02,True
1.06,0.015,1.01,0.2,0.2,0.0,1.0,4.09,-12.12,True
1.06,0.015,1.01,0.2,0.2,0.25,0.75,4.12,-11.93,True
1.06,0.015,1.01,0.2,0.2,0.5,0.5,4.14,-11.99,True
1.06,0.015,1.01,0.2,0.2,0.75,0.25,4.16,-12.09,True
1.06,0.015,1.01,0.2,0.2,1.0,0.0,4.17,-12.19,True
1.06,0.015,1.01,0.2,0.3,0.0,1.0,5.23,-16.88,True
1.06,0.015,1.01,0.2,0.3,0.25,0.75,5.26,-16.63,True
1.06,0.015,1.01,0.2,0.3,0.5,0.5,5.28,-16.38,True
1.06,0.015,1.01,0.2,0.3,0.75,0.25,5.31,-16.14,True
1.06,0.015,1.01,0.2,0.3,1.0,0.0,5.33,-15.9,True
1.06,0.015,1.01,0.3,0.0,0.0,1.0,-0.26,-22.87,True
1.06,0.015,1.01,0.3,0.0,0.25,0.75,-0.17,-20.95,True
1.06,0.015,1.01,0.3,0.0,0.5,0.5,-0.09,-19.0,True
1.06,0.015,1.01,0.3,0.0,0.75,0.25,-0.02,-17.01,True
1.06,0.015,1.01,0.3,0.0,1.0,0.0,0.04,-14.98,True
1.06,0.015,1.01,0.3,0.1,0.0,1.0,2.13,-15.52,True
1.06,0.015,1.01,0.3,0.1,0.25,0.75,2.22,-13.84,True
1.06,0.015,1.01,0.3,0.1,0.5,0.5,2.29,-12.15,True
1.06,0.015,1.01,0.3,0.1,0.75,0.25,2.35,-10.51,True
1.06,0.015,1.01,0.3,0.1,1.0,0.0,2.41,-9.38,True
1.06,0.015,1.01,0.3,0.2,0.0,1.0,3.79,-13.32,True
1.06,0.015,1.01,0.3,0.2,0.25,0.75,3.86,-12.8,True
1.06,0.015,1.01,0.3,0.2,0.5,0.5,3.93,-12.78,True
1.06,0.015,1.01,0.3,0.2,0.75,0.25,3.98,-12.76,True
1.06,0.015,1.01,0.3,0.2,1.0,0.0,4.02,-12.74,True
1.06,0.015,1.01,0.3,0.3,0.0,1.0,5.13,-17.39,True
1.06,0.015,1.01,0.3,0.3,0.25,0.75,5.18,-17.14,True
1.06,0.015,1.01,0.3,0.3,0.5,0.5,5.23,-16.89,True
1.06,0.015,1.01,0.3,0.3,0.75,0.25,5.27,-16.65,True
1.06,0.015,1.01,0.3,0.3,1.0,0.0,5.32,-16.4,True
1.06,0.015,1.01,0.4,0.0,0.0,1.0,-0.81,-27.36,True
1.06,0.015,1.01,0.4,0.0,0.25,0.75,-0.66,-25.1,True
1.06,0.015,1.01,0.4,0.0,0.5,0.5,-0.51,-22.8,True
1.06,0.015,1.01,0.4,0.0,0.75,0.25,-0.38,-20.44,True
1.06,0.015,1.01,0.4,0.0,1.0,0.0,-0.26,-18.04,True
1.06,0.015,1.01,0.4,0.1,0.0,1.0,1.81,-15.72,True
1.06,0.015,1.01,0.4,0.1,0.25,0.75,1.93,-14.19,True
1.06,0.015,1.01,0.4,0.1,0.5,0.5,2.04,-13.02,True
1.06,0.015,1.01,0.4,0.1,0.75,0.25,2.15,-11.81,True
1.06,0.015,1.01,0.4,0.1,1.0,0.0,2.26,-10.55,True
1.06,0.015,1.01,0.4,0.2,0.0,1.0,3.73,-14.37,True
1.06,0.015,1.01,0.4,0.2,0.25,0.75,3.8,-13.4,True
1.06,0.015,1.01,0.4,0.2,0.5,0.5,3.87,-13.14,True
1.06,0.015,1.01,0.4,0.2,0.75,0.25,3.94,-13.09,True
1.06,0.015,1.01,0.4,0.2,1.0,0.0,4.01,-13.05,True
1.06,0.015,1.01,0.4,0.3,0.0,1.0,5.13,-17.14,True
1.06,0.015,1.01,0.4,0.3,0.25,0.75,5.18,-16.9,True
1.06,0.015,1.01,0.4,0.3,0.5,0.5,5.23,-16.67,True
1.06,0.015,1.01,0.4,0.3,0.75,0.25,5.28,-16.44,True
1.06,0.015,1.01,0.4,0.3,1.0,0.0,5.32,-16.21,True
1.06,0.015,1.02,0.1,0.0,0.0,1.0,0.54,-7.71,True
1.06,0.015,1.02,0.1,0.0,0.25,0.75,0.51,-7.05,True
1.06,0.015,1.02,0.1,0.0,0.5,0.5,0.48,-6.38,True
1.06,0.015,1.02,0.1,0.0,0.75,0.25,0.44,-5.72,True
1.06,0.015,1.02,0.1,0.0,1.0,0.0,0.4,-5.05,True
1.06,0.015,1.02,0.1,0.1,0.0,1.0,2.96,-7.57,True
1.06,0.015,1.02,0.1,0.1,0.25,0.75,2.92,-7.66,True
1.06,0.015,1.02,0.1,0.1,0.5,0.5,2.88,-7.76,True
1.06,0.015,1.02,0.1,0.1,0.75,0.25,2.85,-7.85,True
1.06,0.015,1.02,0.1,0.1,1.0,0.0,2.81,-7.95,True
1.06,0.015,1.02,0.1,0.2,0.0,1.0,4.52,-11.36,True
1.06,0.015,1.02,0.1,0.2,0.25,0.75,4.49,-11.49,True
1.06,0.015,1.02,0.1,0.2,0.5,0.5,4.46,-11.62,True
1.06,0.015,1.02,0.1,0.2,0.75,0.25,4.43,-11.76,True
1.06,0.015,1.02,0.1,0.2,1.0,0.0,4.39,-11.9,True
1.06,0.015,1.02,0.1,0.3,0.0,1.0,5.7,-15.05,True
1.06,0.015,1.02,0.1,0.3,0.25,0.75,5.67,-14.97,True
1.06,0.015,1.02,0.1,0.3,0.5,0.5,5.64,-14.89,True
1.06,0.015,1.02,0.1,0.3,0.75,0.25,5.61,-14.81,True
1.06,0.015,1.02,0.1,0.3,1.0,0.0,5.58,-14.73,True
1.06,0.015,1.02,0.2,0.0,0.0,1.0,1.16,-15.06,True
1.06,0.015,1.02,0.2,0.0,0.25,0.75,1.1,-13.8,True
1.06,0.015,1.02,0.2,0.0,0.5,0.5,1.03,-12.53,True
1.06,0.015,1.02,0.2,0.0,0.75,0.25,0.96,-11.25,True
1.06,0.015,1.02,0.2,0.0,1.0,0.0,0.89,-9.95,True
1.06,0.015,1.02,0.2,0.1,0.0,1.0,3.38,-11.92,True
1.06,0.015,1.02,0.2,0.1,0.25,0.75,3.34,-10.54,True
1.06,0.015,1.02,0.2,0.1,0.5,0.5,3.28,-9.16,True
1.06,0.015,1.02,0.2,0.1,0.75,0.25,3.22,-7.77,True
1.06,0.015,1.02,0.2,0.1,1.0,0.0,3.15,-7.25,True
1.06,0.015,1.02,0.2,0.2,0.0,1.0,4.79,-11.13,True
1.06,0.015,1.02,0.2,0.2,0.25,0.75,4.77,-11.08,True
1.06,0.015,1.02,0.2,0.2,0.5,0.5,4.75,-11.03,True
1.06,0.015,1.02,0.2,0.2,0.75,0.25,4.72,-10.99,True
1.06,0.015,1.02,0.2,0.2,1.0,0.0,4.66,-11.2,True
1.06,0.015,1.02,0.2,0.3,0.0,1.0,5.8,-15.68,True
1.06,0.015,1.02,0.2,0.3,0.25,0.75,5.8,-15.6,True
1.06,0.015,1.02,0.2,0.3,0.5,0.5,5.8,-15.52,True
1.06,0.015,1.02,0.2,0.3,0.75,0.25,5.79,-15.44,True
1.06,0.015,1.02,0.2,0.3,1.0,0.0,5.76,-15.29,True
1.06,0.015,1.02,0.3,0.0,0.0,1.0,1.39,-22.07,True
1.06,0.015,1.02,0.3,0.0,0.25,0.75,1.33,-20.27,True
1.06,0.015,1.02,0.3,0.0,0.5,0.5,1.27,-18.44,True
1.06,0.015,1.02,0.3,0.0,0.75,0.25,1.19,-16.59,True
1.06,0.015,1.02,0.3,0.0,1.0,0.0,1.11,-14.71,True
1.06,0.015,1.02,0.3,0.1,0.0,1.0,3.3,-15.95,True
1.06,0.015,1.02,0.3,0.1,0.25,0.75,3.29,-14.16,True
1.06,0.015,1.02,0.3,0.1,0.5,0.5,3.26,-12.35,True
1.06,0.015,1.02,0.3,0.1,0.75,0.25,3.23,-10.52,True
1.06,0.015,1.02,0.3,0.1,1.0,0.0,3.19,-8.69,True
1.06,0.015,1.02,0.3,0.2,0.0,1.0,4.62,-11.53,True
1.06,0.015,1.02,0.3,0.2,0.25,0.75,4.63,-11.43,True
1.06,0.015,1.02,0.3,0.2,0.5,0.5,4.63,-11.34,True
1.06,0.015,1.02,0.3,0.2,0.75,0.25,4.63,-11.26,True
1.06,0.015,1.02,0.3,0.2,1.0,0.0,4.62,-11.37,True
1.06,0.015,1.02,0.3,0.3,0.0,1.0,5.72,-16.02,True
1.06,0.015,1.02,0.3,0.3,0.25,0.75,5.73,-15.9,True
1.06,0.015,1.02,0.3,0.3,0.5,0.5,5.74,-15.78,True
1.06,0.015,1.02,0.3,0.3,0.75,0.25,5.75,-15.67,True
1.06,0.015,1.02,0.3,0.3,1.0,0.0,5.74,-15.56,True
1.06,0.015,1.02,0.4,0.0,0.0,1.0,1.13,-25.79,True
1.06,0.015,1.02,0.4,0.0,0.25,0.75,1.11,-23.69,True
1.06,0.015,1.02,0.4,0.0,0.5,0.5,1.09,-21.56,True
1.06,0.015,1.02,0.4,0.0,0.75,0.25,1.05,-19.4,True
1.06,0.015,1.02,0.4,0.0,1.0,0.0,1.0,-17.21,True
1.06,0.015,1.02,0.4,0.1,0.0,1.0,3.09,-16.89,True
1.06,0.015,1.02,0.4,0.1,0.25,0.75,3.11,-15.0,True
1.06,0.015,1.02,0.4,0.1,0.5,0.5,3.12,-13.08,True
1.06,0.015,1.02,0.4,0.1,0.75,0.25,3.12,-11.15,True
1.06,0.015,1.02,0.4,0.1,1.0,0.0,3.11,-9.19,True
1.06,0.015,1.02,0.4,0.2,0.0,1.0,4.58,-12.65,True
1.06,0.015,1.02,0.4,0.2,0.25,0.75,4.6,-12.08,True
1.06,0.015,1.02,0.4,0.2,0.5,0.5,4.61,-11.51,True
1.06,0.015,1.02,0.4,0.2,0.75,0.25,4.62,-11.3,True
1.06,0.015,1.02,0.4,0.2,1.0,0.0,4.62,-11.38,True
1.06,0.015,1.02,0.4,0.3,0.0,1.0,5.72,-16.05,True
1.06,0.015,1.02,0.4,0.3,0.25,0.75,5.74,-15.92,True
1.06,0.015,1.02,0.4,0.3,0.5,0.5,5.75,-15.79,True
1.06,0.015,1.02,0.4,0.3,0.75,0.25,5.75,-15.66,True
1.06,0.015,1.02,0.4,0.3,1.0,0.0,5.75,-15.54,True
1.06,0.02,0.95,0.1,0.0,0.0,1.0,0.38,-15.5,True
1.06,0.02,0.95,0.1,0.0,0.25,0.75,0.44,-13.86,True
1.06,0.02,0.95,0.1,0.0,0.5,0.5,0.5,-12.18,True
1.06,0.02,0.95,0.1,0.0,0.75,0.25,0.55,-10.47,True
1.06,0.02,0.95,0.1,0.0,1.0,0.0,0.6,-8.72,True
1.06,0.02,0.95,0.1,0.1,0.0,1.0,2.55,-12.02,True
1.06,0.02,0.95,0.1,0.1,0.25,0.75,2.59,-10.53,True
1.06,0.02,0.95,0.1,0.1,0.5,0.5,2.63,-9.01,True
1.06,0.02,0.95,0.1,0.1,0.75,0.25,2.66,-7.44,True
1.06,0.02,0.95,0.1,0.1,1.0,0.0,2.69,-7.11,True
1.06,0.02,0.95,0.1,0.2,0.0,1.0,4.15,-10.4,True
1.06,0.02,0.95,0.1,0.2,0.25,0.75,4.17,-10.51,True
1.06,0.02,0.95,0.1,0.2,0.5,0.5,4.18,-10.63,True
1.06,0.02,0.95,0.1,0.2,0.75,0.25,4.19,-10.75,True
1.06,0.02,0.95,0.1,0.2,1.0,0.0,4.2,-10.88,True
1.06,0.02,0.95,0.1,0.3,0.0,1.0,5.44,-13.73,True
1.06,0.02,0.95,0.1,0.3,0.25,0.75,5.44,-13.65,True
1.06,0.02,0.95,0.1,0.3,0.5,0.5,5.44,-13.56,True
1.06,0.02,0.95,0.1,0.3,0.75,0.25,5.44,-13.48,True
1.06,0.02,0.95,0.1,0.3,1.0,0.0,5.43,-13.39,True
1.06,0.02,0.95,0.2,0.0,0.0,1.0,2.02,-15.13,True
1.06,0.02,0.95,0.2,0.0,0.25,0.75,2.02,-13.93,True
1.06,0.02,0.95,0.2,0.0,0.5,0.5,2.0,-12.61,True
1.06,0.02,0.95,0.2,0.0,0.75,0.25,1.97,-11.17,True
1.06,0.02,0.95,0.2,0.0,1.0,0.0,1.93,-9.58,True
1.06,0.02,0.95,0.2,0.1,0.0,1.0,4.04,-11.93,True
1.06,0.02,0.95,0.2,0.1,0.25,0.75,4.0,-10.69,True
1.06,0.02,0.95,0.2,0.1,0.5,0.5,3.97,-9.54,True
1.06,0.02,0.95,0.2,0.1,0.75,0.25,3.92,-8.28,True
1.06,0.02,0.95,0.2,0.1,1.0,0.0,3.86,-6.88,True
1.06,0.02,0.95,0.2,0.2,0.0,1.0,5.48,-10.23,True
1.06,0.02,0.95,0.2,0.2,0.25,0.75,5.43,-10.12,True
1.06,0.02,0.95,0.2,0.2,0.5,0.5,5.38,-10.0,True
1.06,0.02,0.95,0.2,0.2,0.75,0.25,5.32,-9.87,True
1.06,0.02,0.95,0.2,0.2,1.0,0.0,5.24,-9.75,True
1.06,0.02,0.95,0.2,0.3,0.0,1.0,6.54,-14.6,True
1.06,0.02,0.95,0.2,0.3,0.25,0.75,6.48,-14.45,True
1.06,0.02,0.95,0.2,0.3,0.5,0.5,6.42,-14.3,True
1.06,0.02,0.95,0.2,0.3,0.75,0.25,6.35,-14.15,True
1.06,0.02,0.95,0.2,0.3,1.0,0.0,6.28,-14.01,True
1.06,0.02,0.95,0.3,0.0,0.0,1.0,3.42,-18.16,True
1.06,0.02,0.95,0.3,0.0,0.25,0.75,3.34,-16.66,True
1.06,0.02,0.95,0.3,0.0,0.5,0.5,3.26,-15.14,True
1.06,0.02,0.95,0.3,0.0,0.75,0.25,3.15,-13.61,True
1.06,0.02,0.95,0.3,0.0,1.0,0.0,3.03,-12.08,True
1.06,0.02,0.95,0.3,0.1,0.0,1.0,5.06,-14.46,True
1.06,0.02,0.95,0.3,0.1,0.25,0.75,4.98,-12.89,True
1.06,0.02,0.95,0.3,0.1,0.5,0.5,4.89,-11.3,True
1.06,0.02,0.95,0.3,0.1,0.75,0.25,4.78,-9.71,True
1.06,0.02,0.95,0.3,0.1,1.0,0.0,4.66,-8.1,True
1.06,0.02,0.95,0.3,0.2,0.0,1.0,6.17,-11.41,True
1.06,0.02,0.95,0.3,0.2,0.25,0.75,6.09,-10.6,True
1.06,0.02,0.95,0.3,0.2,0.5,0.5,5.99,-10.43,True
1.06,0.02,0.95,0.3,0.2,0.75,0.25,5.88,-10.26,True
1.06,0.02,0.95,0.3,0.2,1.0,0.0,5.76,-10.1,True
1.06,0.02,0.95,0.3,0.3,0.0,1.0,6.67,-15.51,True
1.06,0.02,0.95,0.3,0.3,0.25,0.75,6.61,-15.25,True
1.06,0.02,0.95,0.3,0.3,0.5,0.5,6.55,-15.0,True
1.06,0.02,0.95,0.3,0.3,0.75,0.25,6.48,-14.76,True
1.06,0.02,0.95,0.3,0.3,1.0,0.0,6.39,-14.52,True
1.06,0.02,0.95,0.4,0.0,0.0,1.0,4.22,-20.44,True
1.06,0.02,0.95,0.4,0.0,0.25,0.75,4.13,-18.73,True
1.06,0.02,0.95,0.4,0.0,0.5,0.5,4.01,-17.02,True
1.06,0.02,0.95,0.4,0.0,0.75,0.25,3.87,-15.29,True
1.06,0.02,0.95,0.4,0.0,1.0,0.0,3.71,-13.54,True
1.06,0.02,0.95,0.4,0.1,0.0,1.0,5.52,-16.43,True
1.06,0.02,0.95,0.4,0.1,0.25,0.75,5.43,-14.71,True
1.06,0.02,0.95,0.4,0.1,0.5,0.5,5.32,-12.97,True
1.06,0.02,0.95,0.4,0.1,0.75,0.25,5.19,-11.17,True
1.06,0.02,0.95,0.4,0.1,1.0,0.0,5.05,-9.34,True
1.06,0.02,0.95,0.4,0.2,0.0,1.0,5.9,-12.86,True
1.06,0.02,0.95,0.4,0.2,0.25,0.75,5.87,-11.58,True
1.06,0.02,0.95,0.4,0.2,0.5,0.5,5.82,-10.9,True
1.06,0.02,0.95,0.4,0.2,0.75,0.25,5.76,-10.67,True
1.06,0.02,0.95,0.4,0.2,1.0,0.0,5.67,-10.44,True
1.06,0.02,0.95,0.4,0.3,0.0,1.0,6.2,-15.78,True
1.06,0.02,0.95,0.4,0.3,0.25,0.75,6.22,-15.49,True
1.06,0.02,0.95,0.4,0.3,0.5,0.5,6.22,-15.2,True
1.06,0.02,0.95,0.4,0.3,0.75,0.25,6.2,-14.93,True
1.06,0.02,0.95,0.4,0.3,1.0,0.0,6.18,-14.66,True
1.06,0.02,0.97,0.1,0.0,0.0,1.0,0.98,-10.82,True
1.06,0.02,0.97,0.1,0.0,0.25,0.75,0.95,-9.85,True
1.06,0.02,0.97,0.1,0.0,0.5,0.5,0.91,-8.83,True
1.06,0.02,0.97,0.1,0.0,0.75,0.25,0.87,-7.77,True
1.06,0.02,0.97,0.1,0.0,1.0,0.0,0.82,-6.65,True
1.06,0.02,0.97,0.1,0.1,0.0,1.0,2.96,-9.37,True
1.06,0.02,0.97,0.1,0.1,0.25,0.75,2.93,-8.42,True
1.06,0.02,0.97,0.1,0.1,0.5,0.5,2.89,-7.42,True
1.06,0.02,0.97,0.1,0.1,0.75,0.25,2.85,-6.97,True
1.06,0.02,0.97,0.1,0.1,1.0,0.0,2.81,-7.06,True
1.06,0.02,0.97,0.1,0.2,0.0,1.0,4.49,-10.28,True
1.06,0.02,0.97,0.1,0.2,0.25,0.75,4.44,-10.42,True
1.06,0.02,0.97,0.1,0.2,0.5,0.5,4.39,-10.57,True
1.06,0.02,0.97,0.1,0.2,0.75,0.25,4.34,-10.72,True
1.06,0.02,0.97,0.1,0.2,1.0,0.0,4.29,-10.88,True
1.06,0.02,0.97,0.1,0.3,0.0,1.0,5.67,-13.65,True
1.06,0.02,0.97,0.1,0.3,0.25,0.75,5.63,-13.56,True
1.06,0.02,0.97,0.1,0.3,0.5,0.5,5.58,-13.46,True
1.06,0.02,0.97,0.1,0.3,0.75,0.25,5.53,-13.37,True
1.06,0.02,0.97,0.1,0.3,1.0,0.0,5.48,-13.28,True
1.06,0.02,0.97,0.2,0.0,0.0,1.0,2.13,-16.24,True
1.06,0.02,0.97,0.2,0.0,0.25,0.75,2.07,-14.99,True
1.06,0.02,0.97,0.2,0.0,0.5,0.5,1.99,-13.75,True
1.06,0.02,0.97,0.2,0.0,0.75,0.25,1.9,-12.5,True
1.06,0.02,0.97,0.2,0.0,1.0,0.0,1.8,-11.25,True
1.06,0.02,0.97,0.2,0.1,0.0,1.0,3.79,-13.19,True
1.06,0.02,0.97,0.2,0.1,0.25,0.75,3.75,-11.95,True
1.06,0.02,0.97,0.2,0.1,0.5,0.5,3.71,-10.71,True
1.06,0.02,0.97,0.2,0.1,0.75,0.25,3.65,-9.46,True
1.06,0.02,0.97,0.2,0.1,1.0,0.0,3.58,-8.2,True
1.06,0.02,0.97,0.2,0.2,0.0,1.0,5.0,-9.9,True
1.06,0.02,0.97,0.2,0.2,0.25,0.75,4.97,-9.61,True
1.06,0.02,0.97,0.2,0.2,0.5,0.5,4.94,-9.58,True
1.06,0.02,0.97,0.2,0.2,0.75,0.25,4.9,-9.57,True
1.06,0.02,0.97,0.2,0.2,1.0,0.0,4.85,-9.84,True
1.06,0.02,0.97,0.2,0.3,0.0,1.0,6.01,-13.91,True
1.06,0.02,0.97,0.2,0.3,0.25,0.75,5.99,-13.85,True
1.06,0.02,0.97,0.2,0.3,0.5,0.5,5.96,-13.79,True
1.06,0.02,0.97,0.2,0.3,0.75,0.25,5.92,-13.73,True
1.06,0.02,0.97,0.2,0.3,1.0,0.0,5.88,-13.67,True
1.06,0.02,0.97,0.3,0.0,0.0,1.0,2.29,-22.92,True
1.06,0.02,0.97,0.3,0.0,0.25,0.75,2.27,-21.16,True
1.06,0.02,0.97,0.3,0.0,0.5,0.5,2.22,-19.41,True
1.06,0.02,0.97,0.3,0.0,0.75,0.25,2.16,-17.65,True
1.06,0.02,0.97,0.3,0.0,1.0,0.0,2.08,-15.9,True
1.06,0.02,0.97,0.3,0.1,0.0,1.0,3.98,-18.12,True
1.06,0.02,0.97,0.3,0.1,0.25,0.75,3.96,-16.53,True
1.06,0.02,0.97,0.3,0.1,0.5,0.5,3.93,-14.94,True
1.06,0.02,0.97,0.3,0.1,0.75,0.25,3.88,-13.34,True
1.06,0.02,0.97,0.3,0.1,1.0,0.0,3.82,-11.73,True
1.06,0.02,0.97,0.3,0.2,0.0,1.0,5.06,-12.03,True
1.06,0.02,0.97,0.3,0.2,0.25,0.75,5.07,-10.72,True
1.06,0.02,0.97,0.3,0.2,0.5,0.5,5.06,-9.96,True
1.06,0.02,0.97,0.3,0.2,0.75,0.25,5.04,-9.87,True
1.06,0.02,0.97,0.3,0.2,1.0,0.0,4.99,-9.79,True
1.06,0.02,0.97,0.3,0.3,0.0,1.0,5.67,-14.61,True
1.06,0.02,0.97,0.3,0.3,0.25,0.75,5.7,-14.46,True
1.06,0.02,0.97,0.3,0.3,0.5,0.5,5.72,-14.32,True
1.06,0.02,0.97,0.3,0.3,0.75,0.25,5.73,-14.19,True
1.06,0.02,0.97,0.3,0.3,1.0,0.0,5.72,-14.06,True
1.06,0.02,0.97,0.4,0.0,0.0,1.0,2.41,-25.15,True
1.06,0.02,0.97,0.4,0.0,0.25,0.75,2.42,-23.22,True
1.06,0.02,0.97,0.4,0.0,0.5,0.5,2.4,-21.29,True
1.06,0.02,0.97,0.4,0.0,0.75,0.25,2.36,-19.36,True
1.06,0.02,0.97,0.4,0.0,1.0,0.0,2.29,-17.43,True
1.06,0.02,0.97,0.4,0.1,0.0,1.0,3.95,-18.52,True
1.06,0.02,0.97,0.4,0.1,0.25,0.75,3.97,-16.92,True
1.06,0.02,0.97,0.4,0.1,0.5,0.5,3.97,-15.3,True
1.06,0.02,0.97,0.4,0.1,0.75,0.25,3.94,-13.68,True
1.06,0.02,0.97,0.4,0.1,1.0,0.0,3.89,-12.04,True
1.06,0.02,0.97,0.4,0.2,0.0,1.0,4.68,-11.95,True
1.06,0.02,0.97,0.4,0.2,0.25,0.75,4.73,-10.69,True
1.06,0.02,0.97,0.4,0.2,0.5,0.5,4.76,-10.25,True
1.06,0.02,0.97,0.4,0.2,0.75,0.25,4.78,-10.12,True
1.06,0.02,0.97,0.4,0.2,1.0,0.0,4.78,-10.0,True
1.06,0.02,0.97,0.4,0.3,0.0,1.0,5.38,-14.93,True
1.06,0.02,0.97,0.4,0.3,0.25,0.75,5.45,-14.74,True
1.06,0.02,0.97,0.4,0.3,0.5,0.5,5.49,-14.57,True
1.06,0.02,0.97,0.4,0.3,0.75,0.25,5.53,-14.4,True
1.06,0.02,0.97,0.4,0.3,1.0,0.0,5.56,-14.24,True
1.06,0.02,0.99,0.1,0.0,0.0,1.0,-0.16,-5.72,True
1.06,0.02,0.99,0.1,0.0,0.25,0.75,-0.12,-5.19,True
1.06,0.02,0.99,0.1,0.0,0.5,0.5,-0.09,-4.66,True
1.06,0.02,0.99,0.1,0.0,0.75,0.25,-0.06,-4.13,True
1.06,0.02,0.99,0.1,0.0,1.0,0.0,-0.02,-3.69,True
1.06,0.02,0.99,0.1,0.1,0.0,1.0,2.16,-8.65,True
1.06,0.02,0.99,0.1,0.1,0.25,0.75,2.2,-8.64,True
1.06,0.02,0.99,0.1,0.1,0.5,0.5,2.23,-8.63,True
1.06,0.02,0.99,0.1,0.1,0.75,0.25,2.26,-8.62,True
1.06,0.02,0.99,0.1,0.1,1.0,0.0,2.29,-8.62,True
1.06,0.02,0.99,0.1,0.2,0.0,1.0,3.69,-12.96,True
1.06,0.02,0.99,0.1,0.2,0.25,0.75,3.73,-12.95,True
1.06,0.02,0.99,0.1,0.2,0.5,0.5,3.76,-12.93,True
1.06,0.02,0.99,0.1,0.2,0.75,0.25,3.79,-12.92,True
1.06,0.02,0.99,0.1,0.2,1.0,0.0,3.82,-12.91,True
1.06,0.02,0.99,0.1,0.3,0.0,1.0,4.86,-15.51,True
1.06,0.02,0.99,0.1,0.3,0.25,0.75,4.89,-15.5,True
1.06,0.02,0.99,0.1,0.3,0.5,0.5,4.92,-15.48,True
1.06,0.02,0.99,0.1,0.3,0.75,0.25,4.95,-15.47,True
1.06,0.02,0.99,0.1,0.3,1.0,0.0,4.98,-15.46,True
1.06,0.02,0.99,0.2,0.0,0.0,1.0,-0.36,-11.32,True
1.06,0.02,0.99,0.2,0.0,0.25,0.75,-0.28,-10.29,True
1.06,0.02,0.99,0.2,0.0,0.5,0.5,-0.21,-9.25,True
1.06,0.02,0.99,0.2,0.0,0.75,0.25,-0.13,-8.21,True
1.06,0.02,0.99,0.2,0.0,1.0,0.0,-0.06,-7.36,True
1.06,0.02,0.99,0.2,0.1,0.0,1.0,1.92,-8.48,True
1.06,0.02,0.99,0.2,0.1,0.25,0.75,1.99,-8.46,True
1.06,0.02,0.99,0.2,0.1,0.5,0.5,2.06,-8.43,True
1.06,0.02,0.99,0.2,0.1,0.75,0.25,2.13,-8.42,True
1.06,0.02,0.99,0.2,0.1,1.0,0.0,2.2,-8.4,True
1.06,0.02,0.99,0.2,0.2,0.0,1.0,3.64,-12.51,True
1.06,0.02,0.99,0.2,0.2,0.25,0.75,3.68,-12.5,True
1.06,0.02,0.99,0.2,0.2,0.5,0.5,3.73,-12.5,True
1.06,0.02,0.99,0.2,0.2,0.75,0.25,3.78,-12.5,True
1.06,0.02,0.99,0.2,0.2,1.0,0.0,3.82,-12.5,True
1.06,0.02,0.99,0.2,0.3,0.0,1.0,4.89,-15.12,True
1.06,0.02,0.99,0.2,0.3,0.25,0.75,4.92,-15.11,True
1.06,0.02,0.99,0.2,0.3,0.5,0.5,4.96,-15.1,True
1.06,0.02,0.99,0.2,0.3,0.75,0.25,4.99,-15.1,True
1.06,0.02,0.99,0.2,0.3,1.0,0.0,5.03,-15.09,True
1.06,0.02,0.99,0.3,0.0,0.0,1.0,-0.68,-16.81,True
1.06,0.02,0.99,0.3,0.0,0.25,0.75,-0.55,-15.3,True
1.06,0.02,0.99,0.3,0.0,0.5,0.5,-0.43,-13.78,True
1.06,0.02,0.99,0.3,0.0,0.75,0.25,-0.31,-12.24,True
1.06,0.02,0.99,0.3,0.0,1.0,0.0,-0.19,-11.02,True
1.06,0.02,0.99,0.3,0.1,0.0,1.0,1.91,-13.29,True
1.06,0.02,0.99,0.3,0.1,0.25,0.75,2.0,-12.03,True
1.06,0.02,0.99,0.3,0.1,0.5,0.5,2.08,-10.77,True
1.06,0.02,0.99,0.3,0.1,0.75,0.25,2.16,-9.52,True
1.06,0.02,0.99,0.3,0.1,1.0,0.0,2.23,-8.27,True
1.06,0.02,0.99,0.3,0.2,0.0,1.0,3.61,-12.45,True
1.06,0.02,0.99,0.3,0.2,0.25,0.75,3.66,-12.44,True
1.06,0.02,0.99,0.3,0.2,0.5,0.5,3.72,-12.42,True
1.06,0.02,0.99,0.3,0.2,0.75,0.25,3.78,-12.42,True
1.06,0.02,0.99,0.3,0.2,1.0,0.0,3.83,-12.4,True
1.06,0.02,0.99,0.3,0.3,0.0,1.0,4.84,-15.14,True
1.06,0.02,0.99,0.3,0.3,0.25,0.75,4.89,-15.11,True
1.06,0.02,0.99,0.3,0.3,0.5,0.5,4.93,-15.09,True
1.06,0.02,0.99,0.3,0.3,0.75,0.25,4.97,-15.08,True
1.06,0.02,0.99,0.3,0.3,1.0,0.0,5.02,-15.07,True
1.06,0.02,0.99,0.4,0.0,0.0,1.0,-0.91,-20.08,True
1.06,0.02,0.99,0.4,0.0,0.25,0.75,-0.74,-18.25,True
1.06,0.02,0.99,0.4,0.0,0.5,0.5,-0.59,-16.41,True
1.06,0.02,0.99,0.4,0.0,0.75,0.25,-0.44,-14.56,True
1.06,0.02,0.99,0.4,0.0,1.0,0.0,-0.29,-12.69,True
1.06,0.02,0.99,0.4,0.1,0.0,1.0,1.83,-14.04,True
1.06,0.02,0.99,0.4,0.1,0.25,0.75,1.93,-12.71,True
1.06,0.02,0.99,0.4,0.1,0.5,0.5,2.02,-11.38,True
1.06,0.02,0.99,0.4,0.1,0.75,0.25,2.11,-10.05,True
1.06,0.02,0.99,0.4,0.1,1.0,0.0,2.2,-8.72,True
1.06,0.02,0.99,0.4,0.2,0.0,1.0,3.52,-12.61,True
1.06,0.02,0.99,0.4,0.2,0.25,0.75,3.59,-12.57,True
1.06,0.02,0.99,0.4,0.2,0.5,0.5,3.66,-12.54,True
1.06,0.02,0.99,0.4,0.2,0.75,0.25,3.72,-12.51,True
1.06,0.02,0.99,0.4,0.2,1.0,0.0,3.79,-12.49,True
1.06,0.02,0.99,0.4,0.3,0.0,1.0,4.74,-15.61,True
1.06,0.02,0.99,0.4,0.3,0.25,0.75,4.79,-15.54,True
1.06,0.02,0.99,0.4,0.3,0.5,0.5,4.84,-15.48,True
1.06,0.02,0.99,0.4,0.3,0.75,0.25,4.89,-15.42,True
1.06,0.02,0.99,0.4,0.3,1.0,0.0,4.95,-15.36,True
1.06,0.02,1.0,0.1,0.0,0.0,1.0,-0.28,-5.26,True
1.06,0.02,1.0,0.1,0.0,0.25,0.75,-0.25,-4.87,True
1.06,0.02,1.0,0.1,0.0,0.5,0.5,-0.21,-4.48,True
1.06,0.02,1.0,0.1,0.0,0.75,0.25,-0.18,-4.08,True
1.06,0.02,1.0,0.1,0.0,1.0,0.0,-0.15,-3.69,True
1.06,0.02,1.0,0.1,0.1,0.0,1.0,2.14,-8.9,True
1.06,0.02,1.0,0.1,0.1,0.25,0.75,2.17,-8.88,True
1.06,0.02,1.0,0.1,0.1,0.5,0.5,2.2,-8.87,True
1.06,0.02,1.0,0.1,0.1,0.75,0.25,2.22,-8.85,True
1.06,0.02,1.0,0.1,0.1,1.0,0.0,2.25,-8.83,True
1.06,0.02,1.0,0.1,0.2,0.0,1.0,3.72,-13.2,True
1.06,0.02,1.0,0.1,0.2,0.25,0.75,3.74,-13.18,True
1.06,0.02,1.0,0.1,0.2,0.5,0.5,3.76,-13.16,True
1.06,0.02,1.0,0.1,0.2,0.75,0.25,3.79,-13.14,True
1.06,0.02,1.0,0.1,0.2,1.0,0.0,3.81,-13.12,True
1.06,0.02,1.0,0.1,0.3,0.0,1.0,4.91,-15.67,True
1.06,0.02,1.0,0.1,0.3,0.25,0.75,4.93,-15.66,True
1.06,0.02,1.0,0.1,0.3,0.5,0.5,4.95,-15.65,True
1.06,0.02,1.0,0.1,0.3,0.75,0.25,4.97,-15.63,True
1.06,0.02,1.0,0.1,0.3,1.0,0.0,4.99,-15.62,True
1.06,0.02,1.0,0.2,0.0,0.0,1.0,-0.55,-10.48,True
1.06,0.02,1.0,0.2,0.0,0.25,0.75,-0.48,-9.7,True
1.06,0.02,1.0,0.2,0.0,0.5,0.5,-0.41,-8.93,True
1.06,0.02,1.0,0.2,0.0,0.75,0.25,-0.34,-8.15,True
1.06,0.02,1.0,0.2,0.0,1.0,0.0,-0.28,-7.36,True
1.06,0.02,1.0,0.2,0.1,0.0,1.0,1.92,-8.91,True
1.06,0.02,1.0,0.2,0.1,0.25,0.75,1.97,-8.88,True
1.06,0.02,1.0,0.2,0.1,0.5,0.5,2.02,-8.85,True
1.06,0.02,1.0,0.2,0.1,0.75,0.25,2.08,-8.82,True
1.06,0.02,1.0,0.2,0.1,1.0,0.0,2.13,-8.79,True
1.06,0.02,1.0,0.2,0.2,0.0,1.0,3.68,-12.87,True
1.06,0.02,1.0,0.2,0.2,0.25,0.75,3.72,-12.86,True
1.06,0.02,1.0,0.2,0.2,0.5,0.5,3.75,-12.85,True
1.06,0.02,1.0,0.2,0.2,0.75,0.25,3.78,-12.85,True
1.06,0.02,1.0,0.2,0.2,1.0,0.0,3.81,-12.84,True
1.06,0.02,1.0,0.2,0.3,0.0,1.0,4.96,-15.31,True
1.06,0.02,1.0,0.2,0.3,0.25,0.75,4.99,-15.32,True
1.06,0.02,1.0,0.2,0.3,0.5,0.5,5.01,-15.32,True
1.06,0.02,1.0,0.2,0.3,0.75,0.25,5.03,-15.32,True
1.06,0.02,1.0,0.2,0.3,1.0,0.0,5.05,-15.33,True
1.06,0.02,1.0,0.3,0.0,0.0,1.0,-0.79,-15.67,True
1.06,0.02,1.0,0.3,0.0,0.25,0.75,-0.69,-14.51,True
1.06,0.02,1.0,0.3,0.0,0.5,0.5,-0.59,-13.35,True
1.06,0.02,1.0,0.3,0.0,0.75,0.25,-0.49,-12.19,True
1.06,0.02,1.0,0.3,0.0,1.0,0.0,-0.4,-11.02,True
1.06,0.02,1.0,0.3,0.1,0.0,1.0,2.0,-12.41,True
1.06,0.02,1.0,0.3,0.1,0.25,0.75,2.05,-11.21,True
1.06,0.02,1.0,0.3,0.1,0.5,0.5,2.11,-10.02,True
1.06,0.02,1.0,0.3,0.1,0.75,0.25,2.16,-8.82,True
1.06,0.02,1.0,0.3,0.1,1.0,0.0,2.21,-8.46,True
1.06,0.02,1.0,0.3,0.2,0.0,1.0,3.75,-12.59,True
1.06,0.02,1.0,0.3,0.2,0.25,0.75,3.79,-12.59,True
1.06,0.02,1.0,0.3,0.2,0.5,0.5,3.82,-12.6,True
1.06,0.02,1.0,0.3,0.2,0.75,0.25,3.86,-12.61,True
1.06,0.02,1.0,0.3,0.2,1.0,0.0,3.89,-12.62,True
1.06,0.02,1.0,0.3,0.3,0.0,1.0,4.99,-15.12,True
1.06,0.02,1.0,0.3,0.3,0.25,0.75,5.02,-15.12,True
1.06,0.02,1.0,0.3,0.3,0.5,0.5,5.04,-15.12,True
1.06,0.02,1.0,0.3,0.3,0.75,0.25,5.07,-15.13,True
1.06,0.02,1.0,0.3,0.3,1.0,0.0,5.1,-15.14,True
1.06,0.02,1.0,0.4,0.0,0.0,1.0,-0.8,-18.43,True
1.06,0.02,1.0,0.4,0.0,0.25,0.75,-0.69,-16.85,True
1.06,0.02,1.0,0.4,0.0,0.5,0.5,-0.57,-15.38,True
1.06,0.02,1.0,0.4,0.0,0.75,0.25,-0.46,-14.01,True
1.06,0.02,1.0,0.4,0.0,1.0,0.0,-0.36,-12.65,True
1.06,0.02,1.0,0.4,0.1,0.0,1.0,2.06,-13.21,True
1.06,0.02,1.0,0.4,0.1,0.25,0.75,2.12,-11.94,True
1.06,0.02,1.0,0.4,0.1,0.5,0.5,2.18,-10.67,True
1.06,0.02,1.0,0.4,0.1,0.75,0.25,2.23,-9.4,True
1.06,0.02,1.0,0.4,0.1,1.0,0.0,2.29,-8.32,True
1.06,0.02,1.0,0.4,0.2,0.0,1.0,3.76,-12.51,True
1.06,0.02,1.0,0.4,0.2,0.25,0.75,3.8,-12.5,True
1.06,0.02,1.0,0.4,0.2,0.5,0.5,3.84,-12.5,True
1.06,0.02,1.0,0.4,0.2,0.75,0.25,3.88,-12.5,True
1.06,0.02,1.0,0.4,0.2,1.0,0.0,3.92,-12.51,True
1.06,0.02,1.0,0.4,0.3,0.0,1.0,4.94,-15.27,True
1.06,0.02,1.0,0.4,0.3,0.25,0.75,4.97,-15.25,True
1.06,0.02,1.0,0.4,0.3,0.5,0.5,5.01,-15.23,True
1.06,0.02,1.0,0.4,0.3,0.75,0.25,5.04,-15.22,True
1.06,0.02,1.0,0.4,0.3,1.0,0.0,5.07,-15.21,True
1.06,0.02,1.01,0.1,0.0,0.0,1.0,-0.33,-5.26,True
1.06,0.02,1.01,0.1,0.0,0.25,0.75,-0.3,-4.87,True
1.06,0.02,1.01,0.1,0.0,0.5,0.5,-0.28,-4.48,True
1.06,0.02,1.01,0.1,0.0,0.75,0.25,-0.25,-4.08,True
1.06,0.02,1.01,0.1,0.0,1.0,0.0,-0.22,-3.69,True
1.06,0.02,1.01,0.1,0.1,0.0,1.0,2.15,-9.18,True
1.06,0.02,1.01,0.1,0.1,0.25,0.75,2.17,-9.15,True
1.06,0.02,1.01,0.1,0.1,0.5,0.5,2.19,-9.13,True
1.06,0.02,1.01,0.1,0.1,0.75,0.25,2.21,-9.1,True
1.06,0.02,1.01,0.1,0.1,1.0,0.0,2.23,-9.07,True
1.06,0.02,1.01,0.1,0.2,0.0,1.0,3.74,-13.52,True
1.06,0.02,1.01,0.1,0.2,0.25,0.75,3.76,-13.49,True
1.06,0.02,1.01,0.1,0.2,0.5,0.5,3.78,-13.46,True
1.06,0.02,1.01,0.1,0.2,0.75,0.25,3.8,-13.43,True
1.06,0.02,1.01,0.1,0.2,1.0,0.0,3.81,-13.4,True
1.06,0.02,1.01,0.1,0.3,0.0,1.0,4.93,-16.06,True
1.06,0.02,1.01,0.1,0.3,0.25,0.75,4.95,-16.03,True
1.06,0.02,1.01,0.1,0.3,0.5,0.5,4.96,-16.0,True
1.06,0.02,1.01,0.1,0.3,0.75,0.25,4.98,-15.97,True
1.06,0.02,1.01,0.1,0.3,1.0,0.0,4.99,-15.94,True
1.06,0.02,1.01,0.2,0.0,0.0,1.0,-0.69,-10.48,True
1.06,0.02,1.01,0.2,0.0,0.25,0.75,-0.63,-9.7,True
1.06,0.02,1.01,0.2,0.0,0.5,0.5,-0.57,-8.93,True
1.06,0.02,1.01,0.2,0.0,0.75,0.25,-0.51,-8.15,True
1.06,0.02,1.01,0.2,0.0,1.0,0.0,-0.45,-7.36,True
1.06,0.02,1.01,0.2,0.1,0.0,1.0,1.91,-9.54,True
1.06,0.02,1.01,0.2,0.1,0.25,0.75,1.95,-9.48,True
1.06,0.02,1.01,0.2,0.1,0.5,0.5,1.99,-9.42,True
1.06,0.02,1.01,0.2,0.1,0.75,0.25,2.03,-9.37,True
1.06,0.02,1.01,0.2,0.1,1.0,0.0,2.07,-9.31,True
1.06,0.02,1.01,0.2,0.2,0.0,1.0,3.6,-13.86,True
1.06,0.02,1.01,0.2,0.2,0.25,0.75,3.63,-13.8,True
1.06,0.02,1.01,0.2,0.2,0.5,0.5,3.66,-13.75,True
1.06,0.02,1.01,0.2,0.2,0.75,0.25,3.69,-13.69,True
1.06,0.02,1.01,0.2,0.2,1.0,0.0,3.72,-13.63,True
1.06,0.02,1.01,0.2,0.3,0.0,1.0,4.89,-16.3,True
1.06,0.02,1.01,0.2,0.3,0.25,0.75,4.91,-16.25,True
1.06,0.02,1.01,0.2,0.3,0.5,0.5,4.93,-16.2,True
1.06,0.02,1.01,0.2,0.3,0.75,0.25,4.95,-16.15,True
1.06,0.02,1.01,0.2,0.3,1.0,0.0,4.97,-16.09,True
1.06,0.02,1.01,0.3,0.0,0.0,1.0,-0.95,-15.67,True
1.06,0.02,1.01,0.3,0.0,0.25,0.75,-0.86,-14.51,True
1.06,0.02,1.01,0.3,0.0,0.5,0.5,-0.78,-13.35,True
1.06,0.02,1.01,0.3,0.0,0.75,0.25,-0.69,-12.19,True
1.06,0.02,1.01,0.3,0.0,1.0,0.0,-0.61,-11.02,True
1.06,0.02,1.01,0.3,0.1,0.0,1.0,1.79,-11.98,True
1.06,0.02,1.01,0.3,0.1,0.25,0.75,1.84,-10.81,True
1.06,0.02,1.01,0.3,0.1,0.5,0.5,1.9,-9.64,True
1.06,0.02,1.01,0.3,0.1,0.75,0.25,1.95,-9.47,True
1.06,0.02,1.01,0.3,0.1,1.0,0.0,2.0,-9.39,True
1.06,0.02,1.01,0.3,0.2,0.0,1.0,3.59,-14.01,True
1.06,0.02,1.01,0.3,0.2,0.25,0.75,3.62,-13.93,True
1.06,0.02,1.01,0.3,0.2,0.5,0.5,3.66,-13.86,True
1.06,0.02,1.01,0.3,0.2,0.75,0.25,3.69,-13.79,True
1.06,0.02,1.01,0.3,0.2,1.0,0.0,3.72,-13.71,True
1.06,0.02,1.01,0.3,0.3,0.0,1.0,4.81,-16.59,True
1.06,0.02,1.01,0.3,0.3,0.25,0.75,4.85,-16.5,True
1.06,0.02,1.01,0.3,0.3,0.5,0.5,4.88,-16.41,True
1.06,0.02,1.01,0.3,0.3,0.75,0.25,4.91,-16.33,True
1.06,0.02,1.01,0.3,0.3,1.0,0.0,4.94,-16.25,True
1.06,0.02,1.01,0.4,0.0,0.0,1.0,-1.21,-18.11,True
1.06,0.02,1.01,0.4,0.0,0.25,0.75,-1.09,-16.74,True
1.06,0.02,1.01,0.4,0.0,0.5,0.5,-0.98,-15.38,True
1.06,0.02,1.01,0.4,0.0,0.75,0.25,-0.87,-14.01,True
1.06,0.02,1.01,0.4,0.0,1.0,0.0,-0.76,-12.65,True
1.06,0.02,1.01,0.4,0.1,0.0,1.0,1.74,-12.67,True
1.06,0.02,1.01,0.4,0.1,0.25,0.75,1.8,-11.44,True
1.06,0.02,1.01,0.4,0.1,0.5,0.5,1.86,-10.21,True
1.06,0.02,1.01,0.4,0.1,0.75,0.25,1.92,-9.61,True
1.06,0.02,1.01,0.4,0.1,1.0,0.0,1.98,-9.52,True
1.06,0.02,1.01,0.4,0.2,0.0,1.0,3.49,-14.33,True
1.06,0.02,1.01,0.4,0.2,0.25,0.75,3.54,-14.21,True
1.06,0.02,1.01,0.4,0.2,0.5,0.5,3.59,-14.1,True
1.06,0.02,1.01,0.4,0.2,0.75,0.25,3.63,-13.99,True
1.06,0.02,1.01,0.4,0.2,1.0,0.0,3.68,-13.89,True
1.06,0.02,1.01,0.4,0.3,0.0,1.0,4.76,-16.77,True
1.06,0.02,1.01,0.4,0.3,0.25,0.75,4.8,-16.66,True
1.06,0.02,1.01,0.4,0.3,0.5,0.5,4.83,-16.56,True
1.06,0.02,1.01,0.4,0.3,0.75,0.25,4.87,-16.47,True
1.06,0.02,1.01,0.4,0.3,1.0,0.0,4.9,-16.37,True
1.06,0.02,1.02,0.1,0.0,0.0,1.0,-0.07,-3.07,True
1.06,0.02,1.02,0.1,0.0,0.25,0.75,-0.06,-2.81,True
1.06,0.02,1.02,0.1,0.0,0.5,0.5,-0.05,-2.54,True
1.06,0.02,1.02,0.1,0.0,0.75,0.25,-0.05,-2.27,True
1.06,0.02,1.02,0.1,0.0,1.0,0.0,-0.04,-2.0,True
1.06,0.02,1.02,0.1,0.1,0.0,1.0,2.32,-8.76,True
1.06,0.02,1.02,0.1,0.1,0.25,0.75,2.32,-8.76,True
1.06,0.02,1.02,0.1,0.1,0.5,0.5,2.33,-8.77,True
1.06,0.02,1.02,0.1,0.1,0.75,0.25,2.33,-8.77,True
1.06,0.02,1.02,0.1,0.1,1.0,0.0,2.34,-8.77,True
1.06,0.02,1.02,0.1,0.2,0.0,1.0,3.88,-13.02,True
1.06,0.02,1.02,0.1,0.2,0.25,0.75,3.88,-13.03,True
1.06,0.02,1.02,0.1,0.2,0.5,0.5,3.89,-13.04,True
1.06,0.02,1.02,0.1,0.2,0.75,0.25,3.89,-13.04,True
1.06,0.02,1.02,0.1,0.2,1.0,0.0,3.9,-13.05,True
1.06,0.02,1.02,0.1,0.3,0.0,1.0,5.05,-15.55,True
1.06,0.02,1.02,0.1,0.3,0.25,0.75,5.05,-15.55,True
1.06,0.02,1.02,0.1,0.3,0.5,0.5,5.06,-15.56,True
1.06,0.02,1.02,0.1,0.3,0.75,0.25,5.06,-15.57,True
1.06,0.02,1.02,0.1,0.3,1.0,0.0,5.07,-15.58,True
1.06,0.02,1.02,0.2,0.0,0.0,1.0,-0.15,-6.09,True
1.06,0.02,1.02,0.2,0.0,0.25,0.75,-0.14,-5.57,True
1.06,0.02,1.02,0.2,0.0,0.5,0.5,-0.12,-5.04,True
1.06,0.02,1.02,0.2,0.0,0.75,0.25,-0.1,-4.51,True
1.06,0.02,1.02,0.2,0.0,1.0,0.0,-0.09,-3.98,True
1.06,0.02,1.02,0.2,0.1,0.0,1.0,2.25,-8.74,True
1.06,0.02,1.02,0.2,0.1,0.25,0.75,2.27,-8.75,True
1.06,0.02,1.02,0.2,0.1,0.5,0.5,2.28,-8.75,True
1.06,0.02,1.02,0.2,0.1,0.75,0.25,2.29,-8.75,True
1.06,0.02,1.02,0.2,0.1,1.0,0.0,2.31,-8.76,True
1.06,0.02,1.02,0.2,0.2,0.0,1.0,3.85,-12.93,True
1.06,0.02,1.02,0.2,0.2,0.25,0.75,3.86,-12.94,True
1.06,0.02,1.02,0.2,0.2,0.5,0.5,3.87,-12.95,True
1.06,0.02,1.02,0.2,0.2,0.75,0.25,3.87,-12.97,True
1.06,0.02,1.02,0.2,0.2,1.0,0.0,3.88,-12.98,True
1.06,0.02,1.02,0.2,0.3,0.0,1.0,5.09,-15.36,True
1.06,0.02,1.02,0.2,0.3,0.25,0.75,5.09,-15.38,True
1.06,0.02,1.02,0.2,0.3,0.5,0.5,5.09,-15.4,True
1.06,0.02,1.02,0.2,0.3,0.75,0.25,5.1,-15.42,True
1.06,0.02,1.02,0.2,0.3,1.0,0.0,5.1,-15.44,True
1.06,0.02,1.02,0.3,0.0,0.0,1.0,-0.17,-9.07,True
1.06,0.02,1.02,0.3,0.0,0.25,0.75,-0.14,-8.29,True
1.06,0.02,1.02,0.3,0.0,0.5,0.5,-0.12,-7.51,True
1.06,0.02,1.02,0.3,0.0,0.75,0.25,-0.1,-6.73,True
1.06,0.02,1.02,0.3,0.0,1.0,0.0,-0.08,-5.94,True
1.06,0.02,1.02,0.3,0.1,0.0,1.0,2.26,-8.59,True
1.06,0.02,1.02,0.3,0.1,0.25,0.75,2.28,-8.6,True
1.06,0.02,1.02,0.3,0.1,0.5,0.5,2.29,-8.61,True
1.06,0.02,1.02,0.3,0.1,0.75,0.25,2.31,-8.62,True
1.06,0.02,1.02,0.3,0.1,1.0,0.0,2.32,-8.64,True
1.06,0.02,1.02,0.3,0.2,0.0,1.0,3.91,-12.83,True
1.06,0.02,1.02,0.3,0.2,0.25,0.75,3.91,-12.85,True
1.06,0.02,1.02,0.3,0.2,0.5,0.5,3.92,-12.86,True
1.06,0.02,1.02,0.3,0.2,0.75,0.25,3.93,-12.88,True
1.06,0.02,1.02,0.3,0.2,1.0,0.0,3.93,-12.89,True
1.06,0.02,1.02,0.3,0.3,0.0,1.0,5.08,-15.43,True
1.06,0.02,1.02,0.3,0.3,0.25,0.75,5.09,-15.43,True
1.06,0.02,1.02,0.3,0.3,0.5,0.5,5.1,-15.44,True
1.06,0.02,1.02,0.3,0.3,0.75,0.25,5.11,-15.45,True
1.06,0.02,1.02,0.3,0.3,1.0,0.0,5.11,-15.46,True
1.06,0.02,1.02,0.4,0.0,0.0,1.0,-0.27,-11.2,True
1.06,0.02,1.02,0.4,0.0,0.25,0.75,-0.23,-10.23,True
1.06,0.02,1.02,0.4,0.0,0.5,0.5,-0.2,-9.26,True
1.06,0.02,1.02,0.4,0.0,0.75,0.25,-0.17,-8.29,True
1.06,0.02,1.02,0.4,0.0,1.0,0.0,-0.13,-7.31,True
1.06,0.02,1.02,0.4,0.1,0.0,1.0,2.25,-8.68,True
1.06,0.02,1.02,0.4,0.1,0.25,0.75,2.27,-8.68,True
1.06,0.02,1.02,0.4,0.1,0.5,0.5,2.29,-8.68,True
1.06,0.02,1.02,0.4,0.1,0.75,0.25,2.31,-8.69,True
1.06,0.02,1.02,0.4,0.1,1.0,0.0,2.33,-8.69,True
1.06,0.02,1.02,0.4,0.2,0.0,1.0,3.89,-12.95,True
1.06,0.02,1.02,0.4,0.2,0.25,0.75,3.9,-12.94,True
1.06,0.02,1.02,0.4,0.2,0.5,0.5,3.91,-12.94,True
1.06,0.02,1.02,0.4,0.2,0.75,0.25,3.93,-12.94,True
1.06,0.02,1.02,0.4,0.2,1.0,0.0,3.94,-12.94,True
1.06,0.02,1.02,0.4,0.3,0.0,1.0,5.04,-15.66,True
1.06,0.02,1.02,0.4,0.3,0.25,0.75,5.05,-15.64,True
1.06,0.02,1.02,0.4,0.3,0.5,0.5,5.06,-15.62,True
1.06,0.02,1.02,0.4,0.3,0.75,0.25,5.07,-15.61,True
1.06,0.02,1.02,0.4,0.3,1.0,0.0,5.08,-15.6,True
1.06,0.025,0.95,0.1,0.0,0.0,1.0,0.49,-6.11,True
1.06,0.025,0.95,0.1,0.0,0.25,0.75,0.51,-5.54,True
1.06,0.025,0.95,0.1,0.0,0.5,0.5,0.52,-5.03,True
1.06,0.025,0.95,0.1,0.0,0.75,0.25,0.53,-4.51,True
1.06,0.025,0.95,0.1,0.0,1.0,0.0,0.54,-4.0,True
1.06,0.025,0.95,0.1,0.1,0.0,1.0,2.56,-7.41,True
1.06,0.025,0.95,0.1,0.1,0.25,0.75,2.57,-7.44,True
1.06,0.025,0.95,0.1,0.1,0.5,0.5,2.57,-7.46,True
1.06,0.025,0.95,0.1,0.1,0.75,0.25,2.58,-7.49,True
1.06,0.025,0.95,0.1,0.1,1.0,0.0,2.58,-7.53,True
1.06,0.025,0.95,0.1,0.2,0.0,1.0,4.05,-11.36,True
1.06,0.025,0.95,0.1,0.2,0.25,0.75,4.05,-11.41,True
1.06,0.025,0.95,0.1,0.2,0.5,0.5,4.05,-11.47,True
1.06,0.025,0.95,0.1,0.2,0.75,0.25,4.05,-11.52,True
1.06,0.025,0.95,0.1,0.2,1.0,0.0,4.04,-11.58,True
1.06,0.025,0.95,0.1,0.3,0.0,1.0,5.25,-13.66,True
1.06,0.025,0.95,0.1,0.3,0.25,0.75,5.24,-13.75,True
1.06,0.025,0.95,0.1,0.3,0.5,0.5,5.23,-13.84,True
1.06,0.025,0.95,0.1,0.3,0.75,0.25,5.22,-13.93,True
1.06,0.025,0.95,0.1,0.3,1.0,0.0,5.21,-14.03,True
1.06,0.025,0.95,0.2,0.0,0.0,1.0,1.09,-11.05,True
1.06,0.025,0.95,0.2,0.0,0.25,0.75,1.1,-10.07,True
1.06,0.025,0.95,0.2,0.0,0.5,0.5,1.11,-9.12,True
1.06,0.025,0.95,0.2,0.0,0.75,0.25,1.12,-8.18,True
1.06,0.025,0.95,0.2,0.0,1.0,0.0,1.12,-7.25,True
1.06,0.025,0.95,0.2,0.1,0.0,1.0,3.24,-9.64,True
1.06,0.025,0.95,0.2,0.1,0.25,0.75,3.23,-8.59,True
1.06,0.025,0.95,0.2,0.1,0.5,0.5,3.21,-7.5,True
1.06,0.025,0.95,0.2,0.1,0.75,0.25,3.2,-6.82,True
1.06,0.025,0.95,0.2,0.1,1.0,0.0,3.17,-6.91,True
1.06,0.025,0.95,0.2,0.2,0.0,1.0,4.76,-10.0,True
1.06,0.025,0.95,0.2,0.2,0.25,0.75,4.73,-10.15,True
1.06,0.025,0.95,0.2,0.2,0.5,0.5,4.69,-10.31,True
1.06,0.025,0.95,0.2,0.2,0.75,0.25,4.65,-10.47,True
1.06,0.025,0.95,0.2,0.2,1.0,0.0,4.61,-10.63,True
1.06,0.025,0.95,0.2,0.3,0.0,1.0,5.95,-12.79,True
1.06,0.025,0.95,0.2,0.3,0.25,0.75,5.91,-12.79,True
1.06,0.025,0.95,0.2,0.3,0.5,0.5,5.86,-12.79,True
1.06,0.025,0.95,0.2,0.3,0.75,0.25,5.8,-12.79,True
1.06,0.025,0.95,0.2,0.3,1.0,0.0,5.75,-12.84,True
1.06,0.025,0.95,0.3,0.0,0.0,1.0,2.14,-14.67,True
1.06,0.025,0.95,0.3,0.0,0.25,0.75,2.09,-13.44,True
1.06,0.025,0.95,0.3,0.0,0.5,0.5,2.03,-12.14,True
1.06,0.025,0.95,0.3,0.0,0.75,0.25,1.98,-10.73,True
1.06,0.025,0.95,0.3,0.0,1.0,0.0,1.92,-9.6,True
1.06,0.025,0.95,0.3,0.1,0.0,1.0,4.25,-11.8,True
1.06,0.025,0.95,0.3,0.1,0.25,0.75,4.17,-10.5,True
1.06,0.025,0.95,0.3,0.1,0.5,0.5,4.08,-9.32,True
1.06,0.025,0.95,0.3,0.1,0.75,0.25,3.99,-8.06,True
1.06,0.025,0.95,0.3,0.1,1.0,0.0,3.9,-6.71,True
1.06,0.025,0.95,0.3,0.2,0.0,1.0,5.75,-9.35,True
1.06,0.025,0.95,0.3,0.2,0.25,0.75,5.66,-8.85,True
1.06,0.025,0.95,0.3,0.2,0.5,0.5,5.56,-8.87,True
1.06,0.025,0.95,0.3,0.2,0.75,0.25,5.45,-9.08,True
1.06,0.025,0.95,0.3,0.2,1.0,0.0,5.34,-9.37,True
1.06,0.025,0.95,0.3,0.3,0.0,1.0,6.8,-12.39,True
1.06,0.025,0.95,0.3,0.3,0.25,0.75,6.71,-12.45,True
1.06,0.025,0.95,0.3,0.3,0.5,0.5,6.61,-12.51,True
1.06,0.025,0.95,0.3,0.3,0.75,0.25,6.51,-12.56,True
1.06,0.025,0.95,0.3,0.3,1.0,0.0,6.41,-12.62,True
1.06,0.025,0.95,0.4,0.0,0.0,1.0,3.58,-14.95,True
1.06,0.025,0.95,0.4,0.0,0.25,0.75,3.44,-13.73,True
1.06,0.025,0.95,0.4,0.0,0.5,0.5,3.29,-12.42,True
1.06,0.025,0.95,0.4,0.0,0.75,0.25,3.13,-10.99,True
1.06,0.025,0.95,0.4,0.0,1.0,0.0,2.97,-9.62,True
1.06,0.025,0.95,0.4,0.1,0.0,1.0,5.36,-12.43,True
1.06,0.025,0.95,0.4,0.1,0.25,0.75,5.21,-11.28,True
1.06,0.025,0.95,0.4,0.1,0.5,0.5,5.06,-10.04,True
1.06,0.025,0.95,0.4,0.1,0.75,0.25,4.91,-8.69,True
1.06,0.025,0.95,0.4,0.1,1.0,0.0,4.74,-7.22,True
1.06,0.025,0.95,0.4,0.2,0.0,1.0,6.51,-10.21,True
1.06,0.025,0.95,0.4,0.2,0.25,0.75,6.37,-9.11,True
1.06,0.025,0.95,0.4,0.2,0.5,0.5,6.23,-8.4,True
1.06,0.025,0.95,0.4,0.2,0.75,0.25,6.08,-8.45,True
1.06,0.025,0.95,0.4,0.2,1.0,0.0,5.92,-8.51,True
1.06,0.025,0.95,0.4,0.3,0.0,1.0,7.42,-11.97,True
1.06,0.025,0.95,0.4,0.3,0.25,0.75,7.28,-12.05,True
1.06,0.025,0.95,0.4,0.3,0.5,0.5,7.14,-12.12,True
1.06,0.025,0.95,0.4,0.3,0.75,0.25,6.99,-12.2,True
1.06,0.025,0.95,0.4,0.3,1.0,0.0,6.84,-12.28,True
1.06,0.025,0.97,0.1,0.0,0.0,1.0,0.79,-8.25,True
1.06,0.025,0.97,0.1,0.0,0.25,0.75,0.74,-7.59,True
1.06,0.025,0.97,0.1,0.0,0.5,0.5,0.69,-6.92,True
1.06,0.025,0.97,0.1,0.0,0.75,0.25,0.65,-6.24,True
1.06,0.025,0.97,0.1,0.0,1.0,0.0,0.6,-5.57,True
1.06,0.025,0.97,0.1,0.1,0.0,1.0,2.74,-7.11,True
1.06,0.025,0.97,0.1,0.1,0.25,0.75,2.7,-7.17,True
1.06,0.025,0.97,0.1,0.1,0.5,0.5,2.66,-7.22,True
1.06,0.025,0.97,0.1,0.1,0.75,0.25,2.62,-7.29,True
1.06,0.025,0.97,0.1,0.1,1.0,0.0,2.58,-7.35,True
1.06,0.025,0.97,0.1,0.2,0.0,1.0,4.17,-11.07,True
1.06,0.025,0.97,0.1,0.2,0.25,0.75,4.13,-11.16,True
1.06,0.025,0.97,0.1,0.2,0.5,0.5,4.1,-11.25,True
1.06,0.025,0.97,0.1,0.2,0.75,0.25,4.06,-11.34,True
1.06,0.025,0.97,0.1,0.2,1.0,0.0,4.02,-11.44,True
1.06,0.025,0.97,0.1,0.3,0.0,1.0,5.35,-13.44,True
1.06,0.025,0.97,0.1,0.3,0.25,0.75,5.31,-13.56,True
1.06,0.025,0.97,0.1,0.3,0.5,0.5,5.27,-13.68,True
1.06,0.025,0.97,0.1,0.3,0.75,0.25,5.23,-13.8,True
1.06,0.025,0.97,0.1,0.3,1.0,0.0,5.19,-13.92,True
1.06,0.025,0.97,0.2,0.0,0.0,1.0,1.48,-15.94,True
1.06,0.025,0.97,0.2,0.0,0.25,0.75,1.39,-14.7,True
1.06,0.025,0.97,0.2,0.0,0.5,0.5,1.31,-13.45,True
1.06,0.025,0.97,0.2,0.0,0.75,0.25,1.23,-12.18,True
1.06,0.025,0.97,0.2,0.0,1.0,0.0,1.14,-10.89,True
1.06,0.025,0.97,0.2,0.1,0.0,1.0,3.5,-13.33,True
1.06,0.025,0.97,0.2,0.1,0.25,0.75,3.42,-12.07,True
1.06,0.025,0.97,0.2,0.1,0.5,0.5,3.34,-10.8,True
1.06,0.025,0.97,0.2,0.1,0.75,0.25,3.26,-9.5,True
1.06,0.025,0.97,0.2,0.1,1.0,0.0,3.17,-8.2,True
1.06,0.025,0.97,0.2,0.2,0.0,1.0,4.9,-10.83,True
1.06,0.025,0.97,0.2,0.2,0.25,0.75,4.82,-10.0,True
1.06,0.025,0.97,0.2,0.2,0.5,0.5,4.74,-10.18,True
1.06,0.025,0.97,0.2,0.2,0.75,0.25,4.66,-10.37,True
1.06,0.025,0.97,0.2,0.2,1.0,0.0,4.58,-10.56,True
1.06,0.025,0.97,0.2,0.3,0.0,1.0,6.02,-12.48,True
1.06,0.025,0.97,0.2,0.3,0.25,0.75,5.97,-12.58,True
1.06,0.025,0.97,0.2,0.3,0.5,0.5,5.89,-12.61,True
1.06,0.025,0.97,0.2,0.3,0.75,0.25,5.81,-12.66,True
1.06,0.025,0.97,0.2,0.3,1.0,0.0,5.72,-12.9,True
1.06,0.025,0.97,0.3,0.0,0.0,1.0,2.34,-23.14,True
1.06,0.025,0.97,0.3,0.0,0.25,0.75,2.23,-21.4,True
1.06,0.025,0.97,0.3,0.0,0.5,0.5,2.1,-19.63,True
1.06,0.025,0.97,0.3,0.0,0.75,0.25,1.98,-17.82,True
1.06,0.025,0.97,0.3,0.0,1.0,0.0,1.84,-15.99,True
1.06,0.025,0.97,0.3,0.1,0.0,1.0,4.19,-20.76,True
1.06,0.025,0.97,0.3,0.1,0.25,0.75,4.09,-18.97,True
1.06,0.025,0.97,0.3,0.1,0.5,0.5,3.98,-17.14,True
1.06,0.025,0.97,0.3,0.1,0.75,0.25,3.88,-15.26,True
1.06,0.025,0.97,0.3,0.1,1.0,0.0,3.76,-13.35,True
1.06,0.025,0.97,0.3,0.2,0.0,1.0,5.55,-17.77,True
1.06,0.025,0.97,0.3,0.2,0.25,0.75,5.46,-15.95,True
1.06,0.025,0.97,0.3,0.2,0.5,0.5,5.36,-14.1,True
1.06,0.025,0.97,0.3,0.2,0.75,0.25,5.26,-12.23,True
1.06,0.025,0.97,0.3,0.2,1.0,0.0,5.15,-10.32,True
1.06,0.025,0.97,0.3,0.3,0.0,1.0,6.55,-14.94,True
1.06,0.025,0.97,0.3,0.3,0.25,0.75,6.47,-13.13,True
1.06,0.025,0.97,0.3,0.3,0.5,0.5,6.38,-11.89,True
1.06,0.025,0.97,0.3,0.3,0.75,0.25,6.28,-12.03,True
1.06,0.025,0.97,0.3,0.3,1.0,0.0,6.18,-12.18,True
1.06,0.025,0.97,0.4,0.0,0.0,1.0,3.25,-28.78,True
1.06,0.025,0.97,0.4,0.0,0.25,0.75,3.09,-26.66,True
1.06,0.025,0.97,0.4,0.0,0.5,0.5,2.92,-24.51,True
1.06,0.025,0.97,0.4,0.0,0.75,0.25,2.74,-22.31,True
1.06,0.025,0.97,0.4,0.0,1.0,0.0,2.55,-20.06,True
1.06,0.025,0.97,0.4,0.1,0.0,1.0,4.94,-25.79,True
1.06,0.025,0.97,0.4,0.1,0.25,0.75,4.81,-23.67,True
1.06,0.025,0.97,0.4,0.1,0.5,0.5,4.67,-21.51,True
1.06,0.025,0.97,0.4,0.1,0.75,0.25,4.51,-19.3,True
1.06,0.025,0.97,0.4,0.1,1.0,0.0,4.35,-17.04,True
1.06,0.025,0.97,0.4,0.2,0.0,1.0,6.06,-22.8,True
1.06,0.025,0.97,0.4,0.2,0.25,0.75,5.94,-20.64,True
1.06,0.025,0.97,0.4,0.2,0.5,0.5,5.82,-18.44,True
1.06,0.025,0.97,0.4,0.2,0.75,0.25,5.68,-16.2,True
1.06,0.025,0.97,0.4,0.2,1.0,0.0,5.54,-13.92,True
1.06,0.025,0.97,0.4,0.3,0.0,1.0,6.97,-18.8,True
1.06,0.025,0.97,0.4,0.3,0.25,0.75,6.86,-16.7,True
1.06,0.025,0.97,0.4,0.3,0.5,0.5,6.75,-14.55,True
1.06,0.025,0.97,0.4,0.3,0.75,0.25,6.62,-12.38,True
1.06,0.025,0.97,0.4,0.3,1.0,0.0,6.49,-11.84,True
1.06,0.025,0.99,0.1,0.0,0.0,1.0,-0.13,-3.62,True
1.06,0.025,0.99,0.1,0.0,0.25,0.75,-0.11,-3.25,True
1.06,0.025,0.99,0.1,0.0,0.5,0.5,-0.09,-2.89,True
1.06,0.025,0.99,0.1,0.0,0.75,0.25,-0.07,-2.55,True
1.06,0.025,0.99,0.1,0.0,1.0,0.0,-0.06,-2.31,True
1.06,0.025,0.99,0.1,0.1,0.0,1.0,2.24,-8.82,True
1.06,0.025,0.99,0.1,0.1,0.25,0.75,2.25,-8.82,True
1.06,0.025,0.99,0.1,0.1,0.5,0.5,2.27,-8.81,True
1.06,0.025,0.99,0.1,0.1,0.75,0.25,2.29,-8.81,True
1.06,0.025,0.99,0.1,0.1,1.0,0.0,2.31,-8.8,True
1.06,0.025,0.99,0.1,0.2,0.0,1.0,3.79,-13.15,True
1.06,0.025,0.99,0.1,0.2,0.25,0.75,3.81,-13.14,True
1.06,0.025,0.99,0.1,0.2,0.5,0.5,3.82,-13.13,True
1.06,0.025,0.99,0.1,0.2,0.75,0.25,3.84,-13.12,True
1.06,0.025,0.99,0.1,0.2,1.0,0.0,3.86,-13.11,True
1.06,0.025,0.99,0.1,0.3,0.0,1.0,4.96,-15.68,True
1.06,0.025,0.99,0.1,0.3,0.25,0.75,4.98,-15.67,True
1.06,0.025,0.99,0.1,0.3,0.5,0.5,4.99,-15.66,True
1.06,0.025,0.99,0.1,0.3,0.75,0.25,5.01,-15.65,True
1.06,0.025,0.99,0.1,0.3,1.0,0.0,5.03,-15.65,True
1.06,0.025,0.99,0.2,0.0,0.0,1.0,-0.29,-7.18,True
1.06,0.025,0.99,0.2,0.0,0.25,0.75,-0.24,-6.47,True
1.06,0.025,0.99,0.2,0.0,0.5,0.5,-0.2,-5.75,True
1.06,0.025,0.99,0.2,0.0,0.75,0.25,-0.16,-5.1,True
1.06,0.025,0.99,0.2,0.0,1.0,0.0,-0.12,-4.62,True
1.06,0.025,0.99,0.2,0.1,0.0,1.0,2.08,-8.82,True
1.06,0.025,0.99,0.2,0.1,0.25,0.75,2.12,-8.81,True
1.06,0.025,0.99,0.2,0.1,0.5,0.5,2.16,-8.79,True
1.06,0.025,0.99,0.2,0.1,0.75,0.25,2.19,-8.78,True
1.06,0.025,0.99,0.2,0.1,1.0,0.0,2.23,-8.77,True
1.06,0.025,0.99,0.2,0.2,0.0,1.0,3.73,-12.9,True
1.06,0.025,0.99,0.2,0.2,0.25,0.75,3.76,-12.9,True
1.06,0.025,0.99,0.2,0.2,0.5,0.5,3.79,-12.9,True
1.06,0.025,0.99,0.2,0.2,0.75,0.25,3.81,-12.9,True
1.06,0.025,0.99,0.2,0.2,1.0,0.0,3.84,-12.91,True
1.06,0.025,0.99,0.2,0.3,0.0,1.0,4.9,-15.49,True
1.06,0.025,0.99,0.2,0.3,0.25,0.75,4.93,-15.5,True
1.06,0.025,0.99,0.2,0.3,0.5,0.5,4.96,-15.49,True
1.06,0.025,0.99,0.2,0.3,0.75,0.25,4.98,-15.49,True
1.06,0.025,0.99,0.2,0.3,1.0,0.0,5.01,-15.49,True
1.06,0.025,0.99,0.3,0.0,0.0,1.0,-0.46,-10.69,True
1.06,0.025,0.99,0.3,0.0,0.25,0.75,-0.39,-9.64,True
1.06,0.025,0.99,0.3,0.0,0.5,0.5,-0.33,-8.57,True
1.06,0.025,0.99,0.3,0.0,0.75,0.25,-0.26,-7.65,True
1.06,0.025,0.99,0.3,0.0,1.0,0.0,-0.2,-6.93,True
1.06,0.025,0.99,0.3,0.1,0.0,1.0,2.07,-8.53,True
1.06,0.025,0.99,0.3,0.1,0.25,0.75,2.12,-8.53,True
1.06,0.025,0.99,0.3,0.1,0.5,0.5,2.17,-8.54,True
1.06,0.025,0.99,0.3,0.1,0.75,0.25,2.21,-8.55,True
1.06,0.025,0.99,0.3,0.1,1.0,0.0,2.26,-8.55,True
1.06,0.025,0.99,0.3,0.2,0.0,1.0,3.65,-12.82,True
1.06,0.025,0.99,0.3,0.2,0.25,0.75,3.69,-12.82,True
1.06,0.025,0.99,0.3,0.2,0.5,0.5,3.73,-12.83,True
1.06,0.025,0.99,0.3,0.2,0.75,0.25,3.77,-12.84,True
1.06,0.025,0.99,0.3,0.2,1.0,0.0,3.81,-12.84,True
1.06,0.025,0.99,0.3,0.3,0.0,1.0,4.85,-15.4,True
1.06,0.025,0.99,0.3,0.3,0.25,0.75,4.88,-15.4,True
1.06,0.025,0.99,0.3,0.3,0.5,0.5,4.92,-15.41,True
1.06,0.025,0.99,0.3,0.3,0.75,0.25,4.95,-15.41,True
1.06,0.025,0.99,0.3,0.3,1.0,0.0,4.99,-15.41,True
1.06,0.025,0.99,0.4,0.0,0.0,1.0,-0.49,-13.49,True
1.06,0.025,0.99,0.4,0.0,0.25,0.75,-0.41,-12.17,True
1.06,0.025,0.99,0.4,0.0,0.5,0.5,-0.33,-11.14,True
1.06,0.025,0.99,0.4,0.0,0.75,0.25,-0.25,-10.18,True
1.06,0.025,0.99,0.4,0.0,1.0,0.0,-0.18,-9.23,True
1.06,0.025,0.99,0.4,0.1,0.0,1.0,2.0,-10.56,True
1.06,0.025,0.99,0.4,0.1,0.25,0.75,2.06,-9.54,True
1.06,0.025,0.99,0.4,0.1,0.5,0.5,2.12,-8.53,True
1.06,0.025,0.99,0.4,0.1,0.75,0.25,2.18,-8.46,True
1.06,0.025,0.99,0.4,0.1,1.0,0.0,2.24,-8.47,True
1.06,0.025,0.99,0.4,0.2,0.0,1.0,3.6,-12.66,True
1.06,0.025,0.99,0.4,0.2,0.25,0.75,3.65,-12.67,True
1.06,0.025,0.99,0.4,0.2,0.5,0.5,3.7,-12.67,True
1.06,0.025,0.99,0.4,0.2,0.75,0.25,3.75,-12.68,True
1.06,0.025,0.99,0.4,0.2,1.0,0.0,3.8,-12.7,True
1.06,0.025,0.99,0.4,0.3,0.0,1.0,4.88,-15.13,True
1.06,0.025,0.99,0.4,0.3,0.25,0.75,4.91,-15.13,True
1.06,0.025,0.99,0.4,0.3,0.5,0.5,4.95,-15.15,True
1.06,0.025,0.99,0.4,0.3,0.75,0.25,4.99,-15.16,True
1.06,0.025,0.99,0.4,0.3,1.0,0.0,5.02,-15.18,True
1.06,0.025,1.0,0.1,0.0,0.0,1.0,-0.21,-3.27,True
1.06,0.025,1.0,0.1,0.0,0.25,0.75,-0.19,-3.03,True
1.06,0.025,1.0,0.1,0.0,0.5,0.5,-0.17,-2.79,True
1.06,0.025,1.0,0.1,0.0,0.75,0.25,-0.14,-2.55,True
1.06,0.025,1.0,0.1,0.0,1.0,0.0,-0.12,-2.31,True
1.06,0.025,1.0,0.1,0.1,0.0,1.0,2.21,-9.0,True
1.06,0.025,1.0,0.1,0.1,0.25,0.75,2.23,-8.98,True
1.06,0.025,1.0,0.1,0.1,0.5,0.5,2.25,-8.96,True
1.06,0.025,1.0,0.1,0.1,0.75,0.25,2.26,-8.95,True
1.06,0.025,1.0,0.1,0.1,1.0,0.0,2.28,-8.93,True
1.06,0.025,1.0,0.1,0.2,0.0,1.0,3.79,-13.34,True
1.06,0.025,1.0,0.1,0.2,0.25,0.75,3.8,-13.32,True
1.06,0.025,1.0,0.1,0.2,0.5,0.5,3.82,-13.29,True
1.06,0.025,1.0,0.1,0.2,0.75,0.25,3.83,-13.27,True
1.06,0.025,1.0,0.1,0.2,1.0,0.0,3.85,-13.25,True
1.06,0.025,1.0,0.1,0.3,0.0,1.0,4.97,-15.84,True
1.06,0.025,1.0,0.1,0.3,0.25,0.75,4.99,-15.82,True
1.06,0.025,1.0,0.1,0.3,0.5,0.5,5.0,-15.8,True
1.06,0.025,1.0,0.1,0.3,0.75,0.25,5.01,-15.78,True
1.06,0.025,1.0,0.1,0.3,1.0,0.0,5.03,-15.76,True
1.06,0.025,1.0,0.2,0.0,0.0,1.0,-0.43,-6.54,True
1.06,0.025,1.0,0.2,0.0,0.25,0.75,-0.38,-6.06,True
1.06,0.025,1.0,0.2,0.0,0.5,0.5,-0.34,-5.58,True
1.06,0.025,1.0,0.2,0.0,0.75,0.25,-0.3,-5.1,True
1.06,0.025,1.0,0.2,0.0,1.0,0.0,-0.25,-4.62,True
1.06,0.025,1.0,0.2,0.1,0.0,1.0,2.05,-9.15,True
1.06,0.025,1.0,0.2,0.1,0.25,0.75,2.08,-9.11,True
1.06,0.025,1.0,0.2,0.1,0.5,0.5,2.12,-9.08,True
1.06,0.025,1.0,0.2,0.1,0.75,0.25,2.15,-9.05,True
1.06,0.025,1.0,0.2,0.1,1.0,0.0,2.18,-9.01,True
1.06,0.025,1.0,0.2,0.2,0.0,1.0,3.71,-13.25,True
1.06,0.025,1.0,0.2,0.2,0.25,0.75,3.74,-13.23,True
1.06,0.025,1.0,0.2,0.2,0.5,0.5,3.76,-13.21,True
1.06,0.025,1.0,0.2,0.2,0.75,0.25,3.79,-13.19,True
1.06,0.025,1.0,0.2,0.2,1.0,0.0,3.81,-13.17,True
1.06,0.025,1.0,0.2,0.3,0.0,1.0,4.92,-15.84,True
1.06,0.025,1.0,0.2,0.3,0.25,0.75,4.94,-15.82,True
1.06,0.025,1.0,0.2,0.3,0.5,0.5,4.96,-15.79,True
1.06,0.025,1.0,0.2,0.3,0.75,0.25,4.98,-15.77,True
1.06,0.025,1.0,0.2,0.3,1.0,0.0,5.0,-15.74,True
1.06,0.025,1.0,0.3,0.0,0.0,1.0,-0.67,-9.79,True
1.06,0.025,1.0,0.3,0.0,0.25,0.75,-0.59,-9.08,True
1.06,0.025,1.0,0.3,0.0,0.5,0.5,-0.53,-8.36,True
1.06,0.025,1.0,0.3,0.0,0.75,0.25,-0.46,-7.65,True
1.06,0.025,1.0,0.3,0.0,1.0,0.0,-0.39,-6.93,True
1.06,0.025,1.0,0.3,0.1,0.0,1.0,1.98,-9.02,True
1.06,0.025,1.0,0.3,0.1,0.25,0.75,2.03,-9.0,True
1.06,0.025,1.0,0.3,0.1,0.5,0.5,2.07,-8.98,True
1.06,0.025,1.0,0.3,0.1,0.75,0.25,2.12,-8.95,True
1.06,0.025,1.0,0.3,0.1,1.0,0.0,2.16,-8.92,True
1.06,0.025,1.0,0.3,0.2,0.0,1.0,3.63,-13.41,True
1.06,0.025,1.0,0.3,0.2,0.25,0.75,3.66,-13.38,True
1.06,0.025,1.0,0.3,0.2,0.5,0.5,3.7,-13.34,True
1.06,0.025,1.0,0.3,0.2,0.75,0.25,3.74,-13.31,True
1.06,0.025,1.0,0.3,0.2,1.0,0.0,3.77,-13.27,True
1.06,0.025,1.0,0.3,0.3,0.0,1.0,4.85,-15.98,True
1.06,0.025,1.0,0.3,0.3,0.25,0.75,4.88,-15.94,True
1.06,0.025,1.0,0.3,0.3,0.5,0.5,4.91,-15.9,True
1.06,0.025,1.0,0.3,0.3,0.75,0.25,4.94,-15.87,True
1.06,0.025,1.0,0.3,0.3,1.0,0.0,4.97,-15.83,True
1.06,0.025,1.0,0.4,0.0,0.0,1.0,-0.81,-13.04,True
1.06,0.025,1.0,0.4,0.0,0.25,0.75,-0.72,-12.09,True
1.06,0.025,1.0,0.4,0.0,0.5,0.5,-0.63,-11.14,True
1.06,0.025,1.0,0.4,0.0,0.75,0.25,-0.55,-10.18,True
1.06,0.025,1.0,0.4,0.0,1.0,0.0,-0.46,-9.23,True
1.06,0.025,1.0,0.4,0.1,0.0,1.0,1.88,-10.08,True
1.06,0.025,1.0,0.4,0.1,0.25,0.75,1.94,-9.12,True
1.06,0.025,1.0,0.4,0.1,0.5,0.5,1.99,-9.08,True
1.06,0.025,1.0,0.4,0.1,0.75,0.25,2.05,-9.05,True
1.06,0.025,1.0,0.4,0.1,1.0,0.0,2.11,-9.01,True
1.06,0.025,1.0,0.4,0.2,0.0,1.0,3.57,-13.44,True
1.06,0.025,1.0,0.4,0.2,0.25,0.75,3.62,-13.39,True
1.06,0.025,1.0,0.4,0.2,0.5,0.5,3.66,-13.35,True
1.06,0.025,1.0,0.4,0.2,0.75,0.25,3.71,-13.31,True
1.06,0.025,1.0,0.4,0.2,1.0,0.0,3.75,-13.27,True
1.06,0.025,1.0,0.4,0.3,0.0,1.0,4.85,-15.86,True
1.06,0.025,1.0,0.4,0.3,0.25,0.75,4.89,-15.83,True
1.06,0.025,1.0,0.4,0.3,0.5,0.5,4.92,-15.8,True
1.06,0.025,1.0,0.4,0.3,0.75,0.25,4.95,-15.77,True
1.06,0.025,1.0,0.4,0.3,1.0,0.0,4.98,-15.74,True
1.06,0.025,1.01,0.1,0.0,0.0,1.0,-0.17,-3.27,True
1.06,0.025,1.01,0.1,0.0,0.25,0.75,-0.16,-3.03,True
1.06,0.025,1.01,0.1,0.0,0.5,0.5,-0.14,-2.79,True
1.06,0.025,1.01,0.1,0.0,0.75,0.25,-0.13,-2.55,True
1.06,0.025,1.01,0.1,0.0,1.0,0.0,-0.12,-2.31,True
1.06,0.025,1.01,0.1,0.1,0.0,1.0,2.26,-9.09,True
1.06,0.025,1.01,0.1,0.1,0.25,0.75,2.27,-9.07,True
1.06,0.025,1.01,0.1,0.1,0.5,0.5,2.28,-9.05,True
1.06,0.025,1.01,0.1,0.1,0.75,0.25,2.29,-9.04,True
1.06,0.025,1.01,0.1,0.1,1.0,0.0,2.3,-9.02,True
1.06,0.025,1.01,0.1,0.2,0.0,1.0,3.83,-13.46,True
1.06,0.025,1.01,0.1,0.2,0.25,0.75,3.84,-13.43,True
1.06,0.025,1.01,0.1,0.2,0.5,0.5,3.85,-13.41,True
1.06,0.025,1.01,0.1,0.2,0.75,0.25,3.86,-13.39,True
1.06,0.025,1.01,0.1,0.2,1.0,0.0,3.87,-13.36,True
1.06,0.025,1.01,0.1,0.3,0.0,1.0,5.01,-16.02,True
1.06,0.025,1.01,0.1,0.3,0.25,0.75,5.02,-15.99,True
1.06,0.025,1.01,0.1,0.3,0.5,0.5,5.02,-15.97,True
1.06,0.025,1.01,0.1,0.3,0.75,0.25,5.03,-15.94,True
1.06,0.025,1.01,0.1,0.3,1.0,0.0,5.04,-15.92,True
1.06,0.025,1.01,0.2,0.0,0.0,1.0,-0.35,-6.54,True
1.06,0.025,1.01,0.2,0.0,0.25,0.75,-0.32,-6.06,True
1.06,0.025,1.01,0.2,0.0,0.5,0.5,-0.29,-5.58,True
1.06,0.025,1.01,0.2,0.0,0.75,0.25,-0.27,-5.1,True
1.06,0.025,1.01,0.2,0.0,1.0,0.0,-0.24,-4.62,True
1.06,0.025,1.01,0.2,0.1,0.0,1.0,2.13,-9.35,True
1.06,0.025,1.01,0.2,0.1,0.25,0.75,2.15,-9.31,True
1.06,0.025,1.01,0.2,0.1,0.5,0.5,2.17,-9.27,True
1.06,0.025,1.01,0.2,0.1,0.75,0.25,2.19,-9.24,True
1.06,0.025,1.01,0.2,0.1,1.0,0.0,2.21,-9.2,True
1.06,0.025,1.01,0.2,0.2,0.0,1.0,3.72,-13.79,True
1.06,0.025,1.01,0.2,0.2,0.25,0.75,3.74,-13.74,True
1.06,0.025,1.01,0.2,0.2,0.5,0.5,3.76,-13.69,True
1.06,0.025,1.01,0.2,0.2,0.75,0.25,3.78,-13.64,True
1.06,0.025,1.01,0.2,0.2,1.0,0.0,3.8,-13.59,True
1.06,0.025,1.01,0.2,0.3,0.0,1.0,4.9,-16.37,True
1.06,0.025,1.01,0.2,0.3,0.25,0.75,4.92,-16.32,True
1.06,0.025,1.01,0.2,0.3,0.5,0.5,4.94,-16.27,True
1.06,0.025,1.01,0.2,0.3,0.75,0.25,4.96,-16.21,True
1.06,0.025,1.01,0.2,0.3,1.0,0.0,4.98,-16.16,True
1.06,0.025,1.01,0.3,0.0,0.0,1.0,-0.54,-9.79,True
1.06,0.025,1.01,0.3,0.0,0.25,0.75,-0.49,-9.08,True
1.06,0.025,1.01,0.3,0.0,0.5,0.5,-0.45,-8.36,True
1.06,0.025,1.01,0.3,0.0,0.75,0.25,-0.4,-7.65,True
1.06,0.025,1.01,0.3,0.0,1.0,0.0,-0.36,-6.93,True
1.06,0.025,1.01,0.3,0.1,0.0,1.0,1.99,-9.61,True
1.06,0.025,1.01,0.3,0.1,0.25,0.75,2.02,-9.56,True
1.06,0.025,1.01,0.3,0.1,0.5,0.5,2.06,-9.5,True
1.06,0.025,1.01,0.3,0.1,0.75,0.25,2.09,-9.45,True
1.06,0.025,1.01,0.3,0.1,1.0,0.0,2.13,-9.39,True
1.06,0.025,1.01,0.3,0.2,0.0,1.0,3.6,-14.11,True
1.06,0.025,1.01,0.3,0.2,0.25,0.75,3.63,-14.04,True
1.06,0.025,1.01,0.3,0.2,0.5,0.5,3.66,-13.97,True
1.06,0.025,1.01,0.3,0.2,0.75,0.25,3.7,-13.9,True
1.06,0.025,1.01,0.3,0.2,1.0,0.0,3.73,-13.83,True
1.06,0.025,1.01,0.3,0.3,0.0,1.0,4.82,-16.65,True
1.06,0.025,1.01,0.3,0.3,0.25,0.75,4.84,-16.58,True
1.06,0.025,1.01,0.3,0.3,0.5,0.5,4.87,-16.5,True
1.06,0.025,1.01,0.3,0.3,0.75,0.25,4.9,-16.43,True
1.06,0.025,1.01,0.3,0.3,1.0,0.0,4.93,-16.36,True
1.06,0.025,1.01,0.4,0.0,0.0,1.0,-0.74,-13.04,True
1.06,0.025,1.01,0.4,0.0,0.25,0.75,-0.67,-12.09,True
1.06,0.025,1.01,0.4,0.0,0.5,0.5,-0.61,-11.14,True
1.06,0.025,1.01,0.4,0.0,0.75,0.25,-0.55,-10.18,True
1.06,0.025,1.01,0.4,0.0,1.0,0.0,-0.49,-9.23,True
1.06,0.025,1.01,0.4,0.1,0.0,1.0,1.84,-10.01,True
1.06,0.025,1.01,0.4,0.1,0.25,0.75,1.89,-9.81,True
1.06,0.025,1.01,0.4,0.1,0.5,0.5,1.94,-9.73,True
1.06,0.025,1.01,0.4,0.1,0.75,0.25,1.99,-9.66,True
1.06,0.025,1.01,0.4,0.1,1.0,0.0,2.04,-9.58,True
1.06,0.025,1.01,0.4,0.2,0.0,1.0,3.52,-14.31,True
1.06,0.025,1.01,0.4,0.2,0.25,0.75,3.56,-14.22,True
1.06,0.025,1.01,0.4,0.2,0.5,0.5,3.6,-14.13,True
1.06,0.025,1.01,0.4,0.2,0.75,0.25,3.64,-14.04,True
1.06,0.025,1.01,0.4,0.2,1.0,0.0,3.68,-13.96,True
1.06,0.025,1.01,0.4,0.3,0.0,1.0,4.81,-16.62,True
1.06,0.025,1.01,0.4,0.3,0.25,0.75,4.83,-16.55,True
1.06,0.025,1.01,0.4,0.3,0.5,0.5,4.86,-16.48,True
1.06,0.025,1.01,0.4,0.3,0.75,0.25,4.89,-16.41,True
1.06,0.025,1.01,0.4,0.3,1.0,0.0,4.92,-16.34,True
1.06,0.025,1.02,0.1,0.0,0.0,1.0,-0.04,-2.07,True
1.06,0.025,1.02,0.1,0.0,0.25,0.75,-0.04,-1.89,True
1.06,0.025,1.02,0.1,0.0,0.5,0.5,-0.03,-1.71,True
1.06,0.025,1.02,0.1,0.0,0.75,0.25,-0.03,-1.54,True
1.06,0.025,1.02,0.1,0.0,1.0,0.0,-0.03,-1.36,True
1.06,0.025,1.02,0.1,0.1,0.0,1.0,2.33,-8.87,True
1.06,0.025,1.02,0.1,0.1,0.25,0.75,2.33,-8.86,True
1.06,0.025,1.02,0.1,0.1,0.5,0.5,2.34,-8.86,True
1.06,0.025,1.02,0.1,0.1,0.75,0.25,2.34,-8.85,True
1.06,0.025,1.02,0.1,0.1,1.0,0.0,2.34,-8.85,True
1.06,0.025,1.02,0.1,0.2,0.0,1.0,3.88,-13.2,True
1.06,0.025,1.02,0.1,0.2,0.25,0.75,3.89,-13.19,True
1.06,0.025,1.02,0.1,0.2,0.5,0.5,3.89,-13.19,True
1.06,0.025,1.02,0.1,0.2,0.75,0.25,3.9,-13.18,True
1.06,0.025,1.02,0.1,0.2,1.0,0.0,3.9,-13.17,True
1.06,0.025,1.02,0.1,0.3,0.0,1.0,5.05,-15.77,True
1.06,0.025,1.02,0.1,0.3,0.25,0.75,5.05,-15.76,True
1.06,0.025,1.02,0.1,0.3,0.5,0.5,5.06,-15.75,True
1.06,0.025,1.02,0.1,0.3,0.75,0.25,5.06,-15.74,True
1.06,0.025,1.02,0.1,0.3,1.0,0.0,5.07,-15.73,True
1.06,0.025,1.02,0.2,0.0,0.0,1.0,-0.09,-4.12,True
1.06,0.025,1.02,0.2,0.0,0.25,0.75,-0.08,-3.77,True
1.06,0.025,1.02,0.2,0.0,0.5,0.5,-0.07,-3.41,True
1.06,0.025,1.02,0.2,0.0,0.75,0.25,-0.06,-3.06,True
1.06,0.025,1.02,0.2,0.0,1.0,0.0,-0.05,-2.7,True
1.06,0.025,1.02,0.2,0.1,0.0,1.0,2.29,-8.94,True
1.06,0.025,1.02,0.2,0.1,0.25,0.75,2.3,-8.93,True
1.06,0.025,1.02,0.2,0.1,0.5,0.5,2.3,-8.92,True
1.06,0.025,1.02,0.2,0.1,0.75,0.25,2.31,-8.91,True
1.06,0.025,1.02,0.2,0.1,1.0,0.0,2.32,-8.9,True
1.06,0.025,1.02,0.2,0.2,0.0,1.0,3.85,-13.31,True
1.06,0.025,1.02,0.2,0.2,0.25,0.75,3.85,-13.29,True
1.06,0.025,1.02,0.2,0.2,0.5,0.5,3.86,-13.28,True
1.06,0.025,1.02,0.2,0.2,0.75,0.25,3.87,-13.26,True
1.06,0.025,1.02,0.2,0.2,1.0,0.0,3.88,-13.25,True
1.06,0.025,1.02,0.2,0.3,0.0,1.0,5.01,-15.9,True
1.06,0.025,1.02,0.2,0.3,0.25,0.75,5.02,-15.88,True
1.06,0.025,1.02,0.2,0.3,0.5,0.5,5.03,-15.86,True
1.06,0.025,1.02,0.2,0.3,0.75,0.25,5.04,-15.84,True
1.06,0.025,1.02,0.2,0.3,1.0,0.0,5.04,-15.82,True
1.06,0.025,1.02,0.3,0.0,0.0,1.0,-0.14,-6.14,True
1.06,0.025,1.02,0.3,0.0,0.25,0.75,-0.13,-5.62,True
1.06,0.025,1.02,0.3,0.0,0.5,0.5,-0.11,-5.09,True
1.06,0.025,1.02,0.3,0.0,0.75,0.25,-0.1,-4.57,True
1.06,0.025,1.02,0.3,0.0,1.0,0.0,-0.09,-4.04,True
1.06,0.025,1.02,0.3,0.1,0.0,1.0,2.24,-9.02,True
1.06,0.025,1.02,0.3,0.1,0.25,0.75,2.26,-9.01,True
1.06,0.025,1.02,0.3,0.1,0.5,0.5,2.27,-8.99,True
1.06,0.025,1.02,0.3,0.1,0.75,0.25,2.28,-8.97,True
1.06,0.025,1.02,0.3,0.1,1.0,0.0,2.3,-8.95,True
1.06,0.025,1.02,0.3,0.2,0.0,1.0,3.8,-13.43,True
1.06,0.025,1.02,0.3,0.2,0.25,0.75,3.82,-13.4,True
1.06,0.025,1.02,0.3,0.2,0.5,0.5,3.83,-13.38,True
1.06,0.025,1.02,0.3,0.2,0.75,0.25,3.84,-13.35,True
1.06,0.025,1.02,0.3,0.2,1.0,0.0,3.86,-13.32,True
1.06,0.025,1.02,0.3,0.3,0.0,1.0,4.97,-16.02,True
1.06,0.025,1.02,0.3,0.3,0.25,0.75,4.98,-15.99,True
1.06,0.025,1.02,0.3,0.3,0.5,0.5,5.0,-15.95,True
1.06,0.025,1.02,0.3,0.3,0.75,0.25,5.01,-15.92,True
1.06,0.025,1.02,0.3,0.3,1.0,0.0,5.02,-15.89,True
1.06,0.025,1.02,0.4,0.0,0.0,1.0,-0.2,-8.14,True
1.06,0.025,1.02,0.4,0.0,0.25,0.75,-0.18,-7.45,True
1.06,0.025,1.02,0.4,0.0,0.5,0.5,-0.16,-6.76,True
1.06,0.025,1.02,0.4,0.0,0.75,0.25,-0.14,-6.06,True
1.06,0.025,1.02,0.4,0.0,1.0,0.0,-0.12,-5.37,True
1.06,0.025,1.02,0.4,0.1,0.0,1.0,2.19,-9.11,True
1.06,0.025,1.02,0.4,0.1,0.25,0.75,2.21,-9.09,True
1.06,0.025,1.02,0.4,0.1,0.5,0.5,2.23,-9.06,True
1.06,0.025,1.02,0.4,0.1,0.75,0.25,2.25,-9.04,True
1.06,0.025,1.02,0.4,0.1,1.0,0.0,2.27,-9.01,True
1.06,0.025,1.02,0.4,0.2,0.0,1.0,3.75,-13.54,True
1.06,0.025,1.02,0.4,0.2,0.25,0.75,3.77,-13.5,True
1.06,0.025,1.02,0.4,0.2,0.5,0.5,3.79,-13.46,True
1.06,0.025,1.02,0.4,0.2,0.75,0.25,3.81,-13.42,True
1.06,0.025,1.02,0.4,0.2,1.0,0.0,3.83,-13.39,True
1.06,0.025,1.02,0.4,0.3,0.0,1.0,4.99,-15.97,True
1.06,0.025,1.02,0.4,0.3,0.25,0.75,5.0,-15.94,True
1.06,0.025,1.02,0.4,0.3,0.5,0.5,5.01,-15.91,True
1.06,0.025,1.02,0.4,0.3,0.75,0.25,5.03,-15.88,True
1.06,0.025,1.02,0.4,0.3,1.0,0.0,5.04,-15.86,True
1.06,0.03,0.95,0.1,0.0,0.0,1.0,0.57,-3.07,True
1.06,0.03,0.95,0.1,0.0,0.25,0.75,0.54,-2.83,True
1.06,0.03,0.95,0.1,0.0,0.5,0.5,0.52,-2.59,True
1.06,0.03,0.95,0.1,0.0,0.75,0.25,0.49,-2.34,True
1.06,0.03,0.95,0.1,0.0,1.0,0.0,0.47,-2.1,True
1.06,0.03,0.95,0.1,0.1,0.0,1.0,2.58,-7.38,True
1.06,0.03,0.95,0.1,0.1,0.25,0.75,2.56,-7.42,True
1.06,0.03,0.95,0.1,0.1,0.5,0.5,2.54,-7.46,True
1.06,0.03,0.95,0.1,0.1,0.75,0.25,2.52,-7.5,True
1.06,0.03,0.95,0.1,0.1,1.0,0.0,2.5,-7.55,True
1.06,0.03,0.95,0.1,0.2,0.0,1.0,4.02,-11.45,True
1.06,0.03,0.95,0.1,0.2,0.25,0.75,4.01,-11.51,True
1.06,0.03,0.95,0.1,0.2,0.5,0.5,3.99,-11.56,True
1.06,0.03,0.95,0.1,0.2,0.75,0.25,3.97,-11.62,True
1.06,0.03,0.95,0.1,0.2,1.0,0.0,3.95,-11.69,True
1.06,0.03,0.95,0.1,0.3,0.0,1.0,5.19,-13.9,True
1.06,0.03,0.95,0.1,0.3,0.25,0.75,5.17,-13.98,True
1.06,0.03,0.95,0.1,0.3,0.5,0.5,5.15,-14.06,True
1.06,0.03,0.95,0.1,0.3,0.75,0.25,5.13,-14.14,True
1.06,0.03,0.95,0.1,0.3,1.0,0.0,5.11,-14.23,True
1.06,0.03,0.95,0.2,0.0,0.0,1.0,1.04,-6.12,True
1.06,0.03,0.95,0.2,0.0,0.25,0.75,1.01,-5.64,True
1.06,0.03,0.95,0.2,0.0,0.5,0.5,0.97,-5.16,True
1.06,0.03,0.95,0.2,0.0,0.75,0.25,0.93,-4.67,True
1.06,0.03,0.95,0.2,0.0,1.0,0.0,0.89,-4.19,True
1.06,0.03,0.95,0.2,0.1,0.0,1.0,3.13,-6.76,True
1.06,0.03,0.95,0.2,0.1,0.25,0.75,3.08,-6.85,True
1.06,0.03,0.95,0.2,0.1,0.5,0.5,3.03,-6.95,True
1.06,0.03,0.95,0.2,0.1,0.75,0.25,2.98,-7.05,True
1.06,0.03,0.95,0.2,0.1,1.0,0.0,2.92,-7.15,True
1.06,0.03,0.95,0.2,0.2,0.0,1.0,4.65,-10.25,True
1.06,0.03,0.95,0.2,0.2,0.25,0.75,4.59,-10.4,True
1.06,0.03,0.95,0.2,0.2,0.5,0.5,4.53,-10.56,True
1.06,0.03,0.95,0.2,0.2,0.75,0.25,4.47,-10.72,True
1.06,0.03,0.95,0.2,0.2,1.0,0.0,4.41,-10.89,True
1.06,0.03,0.95,0.2,0.3,0.0,1.0,5.8,-12.79,True
1.06,0.03,0.95,0.2,0.3,0.25,0.75,5.74,-12.79,True
1.06,0.03,0.95,0.2,0.3,0.5,0.5,5.68,-12.82,True
1.06,0.03,0.95,0.2,0.3,0.75,0.25,5.61,-13.02,True
1.06,0.03,0.95,0.2,0.3,1.0,0.0,5.55,-13.24,True
1.06,0.03,0.95,0.3,0.0,0.0,1.0,1.74,-9.14,True
1.06,0.03,0.95,0.3,0.0,0.25,0.75,1.66,-8.43,True
1.06,0.03,0.95,0.3,0.0,0.5,0.5,1.57,-7.71,True
1.06,0.03,0.95,0.3,0.0,0.75,0.25,1.48,-6.99,True
1.06,0.03,0.95,0.3,0.0,1.0,0.0,1.39,-6.26,True
1.06,0.03,0.95,0.3,0.1,0.0,1.0,3.78,-6.29,True
1.06,0.03,0.95,0.3,0.1,0.25,0.75,3.69,-6.16,True
1.06,0.03,0.95,0.3,0.1,0.5,0.5,3.6,-6.3,True
1.06,0.03,0.95,0.3,0.1,0.75,0.25,3.51,-6.44,True
1.06,0.03,0.95,0.3,0.1,1.0,0.0,3.41,-6.59,True
1.06,0.03,0.95,0.3,0.2,0.0,1.0,5.22,-9.29,True
1.06,0.03,0.95,0.3,0.2,0.25,0.75,5.13,-9.49,True
1.06,0.03,0.95,0.3,0.2,0.5,0.5,5.04,-9.71,True
1.06,0.03,0.95,0.3,0.2,0.75,0.25,4.94,-9.94,True
1.06,0.03,0.95,0.3,0.2,1.0,0.0,4.84,-10.18,True
1.06,0.03,0.95,0.3,0.3,0.0,1.0,6.38,-12.79,True
1.06,0.03,0.95,0.3,0.3,0.25,0.75,6.29,-12.79,True
1.06,0.03,0.95,0.3,0.3,0.5,0.5,6.19,-12.79,True
1.06,0.03,0.95,0.3,0.3,0.75,0.25,6.09,-12.79,True
1.06,0.03,0.95,0.3,0.3,1.0,0.0,5.99,-12.79,True
1.06,0.03,0.95,0.4,0.0,0.0,1.0,2.4,-12.14,True
1.06,0.03,0.95,0.4,0.0,0.25,0.75,2.29,-11.19,True
1.06,0.03,0.95,0.4,0.0,0.5,0.5,2.17,-10.24,True
1.06,0.03,0.95,0.4,0.0,0.75,0.25,2.04,-9.29,True
1.06,0.03,0.95,0.4,0.0,1.0,0.0,1.91,-8.33,True
1.06,0.03,0.95,0.4,0.1,0.0,1.0,4.35,-9.31,True
1.06,0.03,0.95,0.4,0.1,0.25,0.75,4.24,-8.36,True
1.06,0.03,0.95,0.4,0.1,0.5,0.5,4.12,-7.4,True
1.06,0.03,0.95,0.4,0.1,0.75,0.25,3.99,-6.44,True
1.06,0.03,0.95,0.4,0.1,1.0,0.0,3.85,-6.19,True
1.06,0.03,0.95,0.4,0.2,0.0,1.0,5.78,-8.78,True
1.06,0.03,0.95,0.4,0.2,0.25,0.75,5.68,-8.84,True
1.06,0.03,0.95,0.4,0.2,0.5,0.5,5.56,-9.0,True
1.06,0.03,0.95,0.4,0.2,0.75,0.25,5.43,-9.28,True
1.06,0.03,0.95,0.4,0.2,1.0,0.0,5.29,-9.57,True
1.06,0.03,0.95,0.4,0.3,0.0,1.0,6.89,-12.48,True
1.06,0.03,0.95,0.4,0.3,0.25,0.75,6.78,-12.56,True
1.06,0.03,0.95,0.4,0.3,0.5,0.5,6.67,-12.63,True
1.06,0.03,0.95,0.4,0.3,0.75,0.25,6.55,-12.7,True
1.06,0.03,0.95,0.4,0.3,1.0,0.0,6.42,-12.78,True
1.06,0.03,0.97,0.1,0.0,0.0,1.0,0.83,-3.07,True
1.06,0.03,0.97,0.1,0.0,0.25,0.75,0.77,-2.83,True
1.06,0.03,0.97,0.1,0.0,0.5,0.5,0.71,-2.59,True
1.06,0.03,0.97,0.1,0.0,0.75,0.25,0.64,-2.34,True
1.06,0.03,0.97,0.1,0.0,1.0,0.0,0.58,-2.1,True
1.06,0.03,0.97,0.1,0.1,0.0,1.0,2.78,-7.01,True
1.06,0.03,0.97,0.1,0.1,0.25,0.75,2.73,-7.09,True
1.06,0.03,0.97,0.1,0.1,0.5,0.5,2.68,-7.16,True
1.06,0.03,0.97,0.1,0.1,0.75,0.25,2.62,-7.24,True
1.06,0.03,0.97,0.1,0.1,1.0,0.0,2.57,-7.31,True
1.06,0.03,0.97,0.1,0.2,0.0,1.0,4.19,-10.97,True
1.06,0.03,0.97,0.1,0.2,0.25,0.75,4.15,-11.07,True
1.06,0.03,0.97,0.1,0.2,0.5,0.5,4.1,-11.18,True
1.06,0.03,0.97,0.1,0.2,0.75,0.25,4.05,-11.28,True
1.06,0.03,0.97,0.1,0.2,1.0,0.0,4.0,-11.39,True
1.06,0.03,0.97,0.1,0.3,0.0,1.0,5.34,-13.43,True
1.06,0.03,0.97,0.1,0.3,0.25,0.75,5.29,-13.55,True
1.06,0.03,0.97,0.1,0.3,0.5,0.5,5.24,-13.68,True
1.06,0.03,0.97,0.1,0.3,0.75,0.25,5.19,-13.81,True
1.06,0.03,0.97,0.1,0.3,1.0,0.0,5.15,-13.95,True
1.06,0.03,0.97,0.2,0.0,0.0,1.0,1.55,-6.12,True
1.06,0.03,0.97,0.2,0.0,0.25,0.75,1.44,-5.64,True
1.06,0.03,0.97,0.2,0.0,0.5,0.5,1.33,-5.16,True
1.06,0.03,0.97,0.2,0.0,0.75,0.25,1.22,-4.67,True
1.06,0.03,0.97,0.2,0.0,1.0,0.0,1.11,-4.19,True
1.06,0.03,0.97,0.2,0.1,0.0,1.0,3.5,-6.28,True
1.06,0.03,0.97,0.2,0.1,0.25,0.75,3.4,-6.41,True
1.06,0.03,0.97,0.2,0.1,0.5,0.5,3.29,-6.55,True
1.06,0.03,0.97,0.2,0.1,0.75,0.25,3.18,-6.69,True
1.06,0.03,0.97,0.2,0.1,1.0,0.0,3.07,-6.84,True
1.06,0.03,0.97,0.2,0.2,0.0,1.0,4.95,-9.66,True
1.06,0.03,0.97,0.2,0.2,0.25,0.75,4.85,-9.86,True
1.06,0.03,0.97,0.2,0.2,0.5,0.5,4.74,-10.07,True
1.06,0.03,0.97,0.2,0.2,0.75,0.25,4.63,-10.29,True
1.06,0.03,0.97,0.2,0.2,1.0,0.0,4.53,-10.51,True
1.06,0.03,0.97,0.2,0.3,0.0,1.0,6.07,-12.61,True
1.06,0.03,0.97,0.2,0.3,0.25,0.75,5.96,-12.61,True
1.06,0.03,0.97,0.2,0.3,0.5,0.5,5.86,-12.61,True
1.06,0.03,0.97,0.2,0.3,0.75,0.25,5.75,-12.61,True
1.06,0.03,0.97,0.2,0.3,1.0,0.0,5.65,-12.84,True
1.06,0.03,0.97,0.3,0.0,0.0,1.0,2.41,-9.14,True
1.06,0.03,0.97,0.3,0.0,0.25,0.75,2.24,-8.43,True
1.06,0.03,0.97,0.3,0.0,0.5,0.5,2.06,-7.71,True
1.06,0.03,0.97,0.3,0.0,0.75,0.25,1.88,-6.99,True
1.06,0.03,0.97,0.3,0.0,1.0,0.0,1.7,-6.26,True
1.06,0.03,0.97,0.3,0.1,0.0,1.0,4.29,-6.34,True
1.06,0.03,0.97,0.3,0.1,0.25,0.75,4.13,-5.66,True
1.06,0.03,0.97,0.3,0.1,0.5,0.5,3.97,-5.84,True
1.06,0.03,0.97,0.3,0.1,0.75,0.25,3.81,-6.03,True
1.06,0.03,0.97,0.3,0.1,1.0,0.0,3.64,-6.23,True
1.06,0.03,0.97,0.3,0.2,0.0,1.0,5.63,-8.73,True
1.06,0.03,0.97,0.3,0.2,0.25,0.75,5.48,-8.85,True
1.06,0.03,0.97,0.3,0.2,0.5,0.5,5.32,-9.12,True
1.06,0.03,0.97,0.3,0.2,0.75,0.25,5.16,-9.41,True
1.06,0.03,0.97,0.3,0.2,1.0,0.0,5.0,-9.72,True
1.06,0.03,0.97,0.3,0.3,0.0,1.0,6.66,-12.46,True
1.06,0.03,0.97,0.3,0.3,0.25,0.75,6.53,-12.57,True
1.06,0.03,0.97,0.3,0.3,0.5,0.5,6.39,-12.61,True
1.06,0.03,0.97,0.3,0.3,0.75,0.25,6.24,-12.61,True
1.06,0.03,0.97,0.3,0.3,1.0,0.0,6.08,-12.61,True
1.06,0.03,0.97,0.4,0.0,0.0,1.0,3.2,-12.14,True
1.06,0.03,0.97,0.4,0.0,0.25,0.75,2.99,-11.19,True
1.06,0.03,0.97,0.4,0.0,0.5,0.5,2.77,-10.24,True
1.06,0.03,0.97,0.4,0.0,0.75,0.25,2.54,-9.29,True
1.06,0.03,0.97,0.4,0.0,1.0,0.0,2.3,-8.33,True
1.06,0.03,0.97,0.4,0.1,0.0,1.0,4.91,-9.43,True
1.06,0.03,0.97,0.4,0.1,0.25,0.75,4.73,-8.44,True
1.06,0.03,0.97,0.4,0.1,0.5,0.5,4.54,-7.45,True
1.06,0.03,0.97,0.4,0.1,0.75,0.25,4.33,-6.49,True
1.06,0.03,0.97,0.4,0.1,1.0,0.0,4.11,-5.77,True
1.06,0.03,0.97,0.4,0.2,0.0,1.0,6.14,-8.39,True
1.06,0.03,0.97,0.4,0.2,0.25,0.75,5.98,-8.49,True
1.06,0.03,0.97,0.4,0.2,0.5,0.5,5.81,-8.59,True
1.06,0.03,0.97,0.4,0.2,0.75,0.25,5.63,-8.69,True
1.06,0.03,0.97,0.4,0.2,1.0,0.0,5.43,-9.03,True
1.06,0.03,0.97,0.4,0.3,0.0,1.0,7.14,-11.96,True
1.06,0.03,0.97,0.4,0.3,0.25,0.75,6.98,-12.09,True
1.06,0.03,0.97,0.4,0.3,0.5,0.5,6.82,-12.22,True
1.06,0.03,0.97,0.4,0.3,0.75,0.25,6.65,-12.35,True
1.06,0.03,0.97,0.4,0.3,1.0,0.0,6.48,-12.49,True
1.06,0.03,0.99,0.1,0.0,0.0,1.0,-0.26,-3.35,True
1.06,0.03,0.99,0.1,0.0,0.25,0.75,-0.23,-3.05,True
1.06,0.03,0.99,0.1,0.0,0.5,0.5,-0.21,-2.75,True
1.06,0.03,0.99,0.1,0.0,0.75,0.25,-0.19,-2.45,True
1.06,0.03,0.99,0.1,0.0,1.0,0.0,-0.17,-2.15,True
1.06,0.03,0.99,0.1,0.1,0.0,1.0,2.17,-9.03,True
1.06,0.03,0.99,0.1,0.1,0.25,0.75,2.19,-9.02,True
1.06,0.03,0.99,0.1,0.1,0.5,0.5,2.21,-9.0,True
1.06,0.03,0.99,0.1,0.1,0.75,0.25,2.23,-8.98,True
1.06,0.03,0.99,0.1,0.1,1.0,0.0,2.24,-8.97,True
1.06,0.03,0.99,0.1,0.2,0.0,1.0,3.74,-13.39,True
1.06,0.03,0.99,0.1,0.2,0.25,0.75,3.76,-13.37,True
1.06,0.03,0.99,0.1,0.2,0.5,0.5,3.78,-13.35,True
1.06,0.03,0.99,0.1,0.2,0.75,0.25,3.8,-13.32,True
1.06,0.03,0.99,0.1,0.2,1.0,0.0,3.81,-13.3,True
1.06,0.03,0.99,0.1,0.3,0.0,1.0,4.92,-15.96,True
1.06,0.03,0.99,0.1,0.3,0.25,0.75,4.93,-15.93,True
1.06,0.03,0.99,0.1,0.3,0.5,0.5,4.95,-15.91,True
1.06,0.03,0.99,0.1,0.3,0.75,0.25,4.97,-15.88,True
1.06,0.03,0.99,0.1,0.3,1.0,0.0,4.98,-15.86,True
1.06,0.03,0.99,0.2,0.0,0.0,1.0,-0.52,-6.65,True
1.06,0.03,0.99,0.2,0.0,0.25,0.75,-0.47,-6.07,True
1.06,0.03,0.99,0.2,0.0,0.5,0.5,-0.42,-5.48,True
1.06,0.03,0.99,0.2,0.0,0.75,0.25,-0.38,-4.89,True
1.06,0.03,0.99,0.2,0.0,1.0,0.0,-0.33,-4.29,True
1.06,0.03,0.99,0.2,0.1,0.0,1.0,1.95,-9.23,True
1.06,0.03,0.99,0.2,0.1,0.25,0.75,1.99,-9.2,True
1.06,0.03,0.99,0.2,0.1,0.5,0.5,2.03,-9.16,True
1.06,0.03,0.99,0.2,0.1,0.75,0.25,2.07,-9.13,True
1.06,0.03,0.99,0.2,0.1,1.0,0.0,2.11,-9.09,True
1.06,0.03,0.99,0.2,0.2,0.0,1.0,3.56,-13.62,True
1.06,0.03,0.99,0.2,0.2,0.25,0.75,3.6,-13.58,True
1.06,0.03,0.99,0.2,0.2,0.5,0.5,3.63,-13.54,True
1.06,0.03,0.99,0.2,0.2,0.75,0.25,3.66,-13.49,True
1.06,0.03,0.99,0.2,0.2,1.0,0.0,3.69,-13.45,True
1.06,0.03,0.99,0.2,0.3,0.0,1.0,4.83,-15.99,True
1.06,0.03,0.99,0.2,0.3,0.25,0.75,4.86,-15.97,True
1.06,0.03,0.99,0.2,0.3,0.5,0.5,4.88,-15.94,True
1.06,0.03,0.99,0.2,0.3,0.75,0.25,4.9,-15.91,True
1.06,0.03,0.99,0.2,0.3,1.0,0.0,4.93,-15.88,True
1.06,0.03,0.99,0.3,0.0,0.0,1.0,-0.78,-9.92,True
1.06,0.03,0.99,0.3,0.0,0.25,0.75,-0.71,-9.05,True
1.06,0.03,0.99,0.3,0.0,0.5,0.5,-0.64,-8.17,True
1.06,0.03,0.99,0.3,0.0,0.75,0.25,-0.57,-7.3,True
1.06,0.03,0.99,0.3,0.0,1.0,0.0,-0.5,-6.42,True
1.06,0.03,0.99,0.3,0.1,0.0,1.0,1.75,-9.39,True
1.06,0.03,0.99,0.3,0.1,0.25,0.75,1.81,-9.35,True
1.06,0.03,0.99,0.3,0.1,0.5,0.5,1.86,-9.31,True
1.06,0.03,0.99,0.3,0.1,0.75,0.25,1.92,-9.26,True
1.06,0.03,0.99,0.3,0.1,1.0,0.0,1.98,-9.21,True
1.06,0.03,0.99,0.3,0.2,0.0,1.0,3.5,-13.55,True
1.06,0.03,0.99,0.3,0.2,0.25,0.75,3.55,-13.52,True
1.06,0.03,0.99,0.3,0.2,0.5,0.5,3.59,-13.48,True
1.06,0.03,0.99,0.3,0.2,0.75,0.25,3.63,-13.45,True
1.06,0.03,0.99,0.3,0.2,1.0,0.0,3.67,-13.41,True
1.06,0.03,0.99,0.3,0.3,0.0,1.0,4.79,-15.96,True
1.06,0.03,0.99,0.3,0.3,0.25,0.75,4.82,-15.94,True
1.06,0.03,0.99,0.3,0.3,0.5,0.5,4.85,-15.92,True
1.06,0.03,0.99,0.3,0.3,0.75,0.25,4.88,-15.89,True
1.06,0.03,0.99,0.3,0.3,1.0,0.0,4.91,-15.87,True
1.06,0.03,0.99,0.4,0.0,0.0,1.0,-1.06,-13.13,True
1.06,0.03,0.99,0.4,0.0,0.25,0.75,-0.96,-11.99,True
1.06,0.03,0.99,0.4,0.0,0.5,0.5,-0.87,-10.85,True
1.06,0.03,0.99,0.4,0.0,0.75,0.25,-0.77,-9.69,True
1.06,0.03,0.99,0.4,0.0,1.0,0.0,-0.68,-8.53,True
1.06,0.03,0.99,0.4,0.1,0.0,1.0,1.68,-9.35,True
1.06,0.03,0.99,0.4,0.1,0.25,0.75,1.75,-9.31,True
1.06,0.03,0.99,0.4,0.1,0.5,0.5,1.81,-9.27,True
1.06,0.03,0.99,0.4,0.1,0.75,0.25,1.88,-9.23,True
1.06,0.03,0.99,0.4,0.1,1.0,0.0,1.94,-9.2,True
1.06,0.03,0.99,0.4,0.2,0.0,1.0,3.46,-13.51,True
1.06,0.03,0.99,0.4,0.2,0.25,0.75,3.51,-13.48,True
1.06,0.03,0.99,0.4,0.2,0.5,0.5,3.55,-13.45,True
1.06,0.03,0.99,0.4,0.2,0.75,0.25,3.6,-13.42,True
1.06,0.03,0.99,0.4,0.2,1.0,0.0,3.65,-13.39,True
1.06,0.03,0.99,0.4,0.3,0.0,1.0,4.75,-16.06,True
1.06,0.03,0.99,0.4,0.3,0.25,0.75,4.78,-16.03,True
1.06,0.03,0.99,0.4,0.3,0.5,0.5,4.82,-16.0,True
1.06,0.03,0.99,0.4,0.3,0.75,0.25,4.85,-15.97,True
1.06,0.03,0.99,0.4,0.3,1.0,0.0,4.89,-15.94,True
1.06,0.03,1.0,0.1,0.0,0.0,1.0,-0.19,-2.43,True
1.06,0.03,1.0,0.1,0.0,0.25,0.75,-0.17,-2.21,True
1.06,0.03,1.0,0.1,0.0,0.5,0.5,-0.16,-2.0,True
1.06,0.03,1.0,0.1,0.0,0.75,0.25,-0.14,-1.78,True
1.06,0.03,1.0,0.1,0.0,1.0,0.0,-0.12,-1.56,True
1.06,0.03,1.0,0.1,0.1,0.0,1.0,2.22,-9.0,True
1.06,0.03,1.0,0.1,0.1,0.25,0.75,2.23,-8.98,True
1.06,0.03,1.0,0.1,0.1,0.5,0.5,2.25,-8.97,True
1.06,0.03,1.0,0.1,0.1,0.75,0.25,2.26,-8.96,True
1.06,0.03,1.0,0.1,0.1,1.0,0.0,2.28,-8.94,True
1.06,0.03,1.0,0.1,0.2,0.0,1.0,3.79,-13.35,True
1.06,0.03,1.0,0.1,0.2,0.25,0.75,3.8,-13.33,True
1.06,0.03,1.0,0.1,0.2,0.5,0.5,3.82,-13.31,True
1.06,0.03,1.0,0.1,0.2,0.75,0.25,3.83,-13.29,True
1.06,0.03,1.0,0.1,0.2,1.0,0.0,3.84,-13.27,True
1.06,0.03,1.0,0.1,0.3,0.0,1.0,4.96,-15.91,True
1.06,0.03,1.0,0.1,0.3,0.25,0.75,4.97,-15.89,True
1.06,0.03,1.0,0.1,0.3,0.5,0.5,4.99,-15.87,True
1.06,0.03,1.0,0.1,0.3,0.75,0.25,5.0,-15.85,True
1.06,0.03,1.0,0.1,0.3,1.0,0.0,5.01,-15.83,True
1.06,0.03,1.0,0.2,0.0,0.0,1.0,-0.39,-4.87,True
1.06,0.03,1.0,0.2,0.0,0.25,0.75,-0.35,-4.44,True
1.06,0.03,1.0,0.2,0.0,0.5,0.5,-0.32,-4.0,True
1.06,0.03,1.0,0.2,0.0,0.75,0.25,-0.28,-3.57,True
1.06,0.03,1.0,0.2,0.0,1.0,0.0,-0.25,-3.13,True
1.06,0.03,1.0,0.2,0.1,0.0,1.0,2.05,-9.16,True
1.06,0.03,1.0,0.2,0.1,0.25,0.75,2.08,-9.13,True
1.06,0.03,1.0,0.2,0.1,0.5,0.5,2.11,-9.1,True
1.06,0.03,1.0,0.2,0.1,0.75,0.25,2.14,-9.07,True
1.06,0.03,1.0,0.2,0.1,1.0,0.0,2.17,-9.04,True
1.06,0.03,1.0,0.2,0.2,0.0,1.0,3.65,-13.54,True
1.06,0.03,1.0,0.2,0.2,0.25,0.75,3.67,-13.5,True
1.06,0.03,1.0,0.2,0.2,0.5,0.5,3.7,-13.47,True
1.06,0.03,1.0,0.2,0.2,0.75,0.25,3.73,-13.43,True
1.06,0.03,1.0,0.2,0.2,1.0,0.0,3.75,-13.39,True
1.06,0.03,1.0,0.2,0.3,0.0,1.0,4.91,-15.91,True
1.06,0.03,1.0,0.2,0.3,0.25,0.75,4.93,-15.89,True
1.06,0.03,1.0,0.2,0.3,0.5,0.5,4.95,-15.87,True
1.06,0.03,1.0,0.2,0.3,0.75,0.25,4.96,-15.85,True
1.06,0.03,1.0,0.2,0.3,1.0,0.0,4.98,-15.83,True
1.06,0.03,1.0,0.3,0.0,0.0,1.0,-0.59,-7.32,True
1.06,0.03,1.0,0.3,0.0,0.25,0.75,-0.54,-6.67,True
1.06,0.03,1.0,0.3,0.0,0.5,0.5,-0.48,-6.02,True
1.06,0.03,1.0,0.3,0.0,0.75,0.25,-0.43,-5.36,True
1.06,0.03,1.0,0.3,0.0,1.0,0.0,-0.38,-4.71,True
1.06,0.03,1.0,0.3,0.1,0.0,1.0,1.89,-9.29,True
1.06,0.03,1.0,0.3,0.1,0.25,0.75,1.94,-9.25,True
1.06,0.03,1.0,0.3,0.1,0.5,0.5,1.98,-9.21,True
1.06,0.03,1.0,0.3,0.1,0.75,0.25,2.03,-9.18,True
1.06,0.03,1.0,0.3,0.1,1.0,0.0,2.07,-9.13,True
1.06,0.03,1.0,0.3,0.2,0.0,1.0,3.63,-13.43,True
1.06,0.03,1.0,0.3,0.2,0.25,0.75,3.67,-13.41,True
1.06,0.03,1.0,0.3,0.2,0.5,0.5,3.7,-13.38,True
1.06,0.03,1.0,0.3,0.2,0.75,0.25,3.73,-13.36,True
1.06,0.03,1.0,0.3,0.2,1.0,0.0,3.76,-13.33,True
1.06,0.03,1.0,0.3,0.3,0.0,1.0,4.89,-15.84,True
1.06,0.03,1.0,0.3,0.3,0.25,0.75,4.92,-15.82,True
1.06,0.03,1.0,0.3,0.3,0.5,0.5,4.94,-15.81,True
1.06,0.03,1.0,0.3,0.3,0.75,0.25,4.96,-15.79,True
1.06,0.03,1.0,0.3,0.3,1.0,0.0,4.98,-15.78,True
1.06,0.03,1.0,0.4,0.0,0.0,1.0,-0.8,-9.78,True
1.06,0.03,1.0,0.4,0.0,0.25,0.75,-0.73,-8.91,True
1.06,0.03,1.0,0.4,0.0,0.5,0.5,-0.65,-8.04,True
1.06,0.03,1.0,0.4,0.0,0.75,0.25,-0.58,-7.16,True
1.06,0.03,1.0,0.4,0.0,1.0,0.0,-0.51,-6.29,True
1.06,0.03,1.0,0.4,0.1,0.0,1.0,1.88,-9.22,True
1.06,0.03,1.0,0.4,0.1,0.25,0.75,1.93,-9.19,True
1.06,0.03,1.0,0.4,0.1,0.5,0.5,1.97,-9.16,True
1.06,0.03,1.0,0.4,0.1,0.75,0.25,2.02,-9.13,True
1.06,0.03,1.0,0.4,0.1,1.0,0.0,2.07,-9.1,True
1.06,0.03,1.0,0.4,0.2,0.0,1.0,3.62,-13.35,True
1.06,0.03,1.0,0.4,0.2,0.25,0.75,3.65,-13.33,True
1.06,0.03,1.0,0.4,0.2,0.5,0.5,3.69,-13.31,True
1.06,0.03,1.0,0.4,0.2,0.75,0.25,3.72,-13.29,True
1.06,0.03,1.0,0.4,0.2,1.0,0.0,3.75,-13.27,True
1.06,0.03,1.0,0.4,0.3,0.0,1.0,4.86,-15.9,True
1.06,0.03,1.0,0.4,0.3,0.25,0.75,4.89,-15.88,True
1.06,0.03,1.0,0.4,0.3,0.5,0.5,4.92,-15.86,True
1.06,0.03,1.0,0.4,0.3,0.75,0.25,4.94,-15.84,True
1.06,0.03,1.0,0.4,0.3,1.0,0.0,4.97,-15.82,True
1.06,0.03,1.01,0.1,0.0,0.0,1.0,-0.11,-1.5,True
1.06,0.03,1.01,0.1,0.0,0.25,0.75,-0.1,-1.39,True
1.06,0.03,1.01,0.1,0.0,0.5,0.5,-0.09,-1.28,True
1.06,0.03,1.01,0.1,0.0,0.75,0.25,-0.08,-1.18,True
1.06,0.03,1.01,0.1,0.0,1.0,0.0,-0.08,-1.07,True
1.06,0.03,1.01,0.1,0.1,0.0,1.0,2.29,-9.0,True
1.06,0.03,1.01,0.1,0.1,0.25,0.75,2.29,-8.99,True
1.06,0.03,1.01,0.1,0.1,0.5,0.5,2.3,-8.97,True
1.06,0.03,1.01,0.1,0.1,0.75,0.25,2.31,-8.96,True
1.06,0.03,1.01,0.1,0.1,1.0,0.0,2.32,-8.95,True
1.06,0.03,1.01,0.1,0.2,0.0,1.0,3.85,-13.35,True
1.06,0.03,1.01,0.1,0.2,0.25,0.75,3.86,-13.34,True
1.06,0.03,1.01,0.1,0.2,0.5,0.5,3.87,-13.32,True
1.06,0.03,1.01,0.1,0.2,0.75,0.25,3.88,-13.3,True
1.06,0.03,1.01,0.1,0.2,1.0,0.0,3.88,-13.28,True
1.06,0.03,1.01,0.1,0.3,0.0,1.0,5.02,-15.92,True
1.06,0.03,1.01,0.1,0.3,0.25,0.75,5.03,-15.9,True
1.06,0.03,1.01,0.1,0.3,0.5,0.5,5.04,-15.88,True
1.06,0.03,1.01,0.1,0.3,0.75,0.25,5.04,-15.86,True
1.06,0.03,1.01,0.1,0.3,1.0,0.0,5.05,-15.84,True
1.06,0.03,1.01,0.2,0.0,0.0,1.0,-0.23,-2.99,True
1.06,0.03,1.01,0.2,0.0,0.25,0.75,-0.21,-2.78,True
1.06,0.03,1.01,0.2,0.0,0.5,0.5,-0.19,-2.56,True
1.06,0.03,1.01,0.2,0.0,0.75,0.25,-0.17,-2.35,True
1.06,0.03,1.01,0.2,0.0,1.0,0.0,-0.15,-2.14,True
1.06,0.03,1.01,0.2,0.1,0.0,1.0,2.19,-9.16,True
1.06,0.03,1.01,0.2,0.1,0.25,0.75,2.21,-9.13,True
1.06,0.03,1.01,0.2,0.1,0.5,0.5,2.22,-9.11,True
1.06,0.03,1.01,0.2,0.1,0.75,0.25,2.24,-9.08,True
1.06,0.03,1.01,0.2,0.1,1.0,0.0,2.26,-9.05,True
1.06,0.03,1.01,0.2,0.2,0.0,1.0,3.76,-13.57,True
1.06,0.03,1.01,0.2,0.2,0.25,0.75,3.78,-13.54,True
1.06,0.03,1.01,0.2,0.2,0.5,0.5,3.8,-13.5,True
1.06,0.03,1.01,0.2,0.2,0.75,0.25,3.81,-13.46,True
1.06,0.03,1.01,0.2,0.2,1.0,0.0,3.83,-13.42,True
1.06,0.03,1.01,0.2,0.3,0.0,1.0,4.93,-16.16,True
1.06,0.03,1.01,0.2,0.3,0.25,0.75,4.95,-16.13,True
1.06,0.03,1.01,0.2,0.3,0.5,0.5,4.97,-16.09,True
1.06,0.03,1.01,0.2,0.3,0.75,0.25,4.98,-16.04,True
1.06,0.03,1.01,0.2,0.3,1.0,0.0,5.0,-16.0,True
1.06,0.03,1.01,0.3,0.0,0.0,1.0,-0.35,-4.49,True
1.06,0.03,1.01,0.3,0.0,0.25,0.75,-0.32,-4.17,True
1.06,0.03,1.01,0.3,0.0,0.5,0.5,-0.29,-3.85,True
1.06,0.03,1.01,0.3,0.0,0.75,0.25,-0.26,-3.53,True
1.06,0.03,1.01,0.3,0.0,1.0,0.0,-0.23,-3.21,True
1.06,0.03,1.01,0.3,0.1,0.0,1.0,2.09,-9.31,True
1.06,0.03,1.01,0.3,0.1,0.25,0.75,2.11,-9.27,True
1.06,0.03,1.01,0.3,0.1,0.5,0.5,2.14,-9.24,True
1.06,0.03,1.01,0.3,0.1,0.75,0.25,2.17,-9.2,True
1.06,0.03,1.01,0.3,0.1,1.0,0.0,2.19,-9.16,True
1.06,0.03,1.01,0.3,0.2,0.0,1.0,3.66,-13.78,True
1.06,0.03,1.01,0.3,0.2,0.25,0.75,3.69,-13.73,True
1.06,0.03,1.01,0.3,0.2,0.5,0.5,3.72,-13.67,True
1.06,0.03,1.01,0.3,0.2,0.75,0.25,3.74,-13.63,True
1.06,0.03,1.01,0.3,0.2,1.0,0.0,3.77,-13.57,True
1.06,0.03,1.01,0.3,0.3,0.0,1.0,4.87,-16.33,True
1.06,0.03,1.01,0.3,0.3,0.25,0.75,4.89,-16.28,True
1.06,0.03,1.01,0.3,0.3,0.5,0.5,4.92,-16.23,True
1.06,0.03,1.01,0.3,0.3,0.75,0.25,4.94,-16.17,True
1.06,0.03,1.01,0.3,0.3,1.0,0.0,4.96,-16.12,True
1.06,0.03,1.01,0.4,0.0,0.0,1.0,-0.48,-5.98,True
1.06,0.03,1.01,0.4,0.0,0.25,0.75,-0.43,-5.56,True
1.06,0.03,1.01,0.4,0.0,0.5,0.5,-0.39,-5.13,True
1.06,0.03,1.01,0.4,0.0,0.75,0.25,-0.35,-4.7,True
1.06,0.03,1.01,0.4,0.0,1.0,0.0,-0.31,-4.28,True
1.06,0.03,1.01,0.4,0.1,0.0,1.0,1.98,-9.46,True
1.06,0.03,1.01,0.4,0.1,0.25,0.75,2.02,-9.41,True
1.06,0.03,1.01,0.4,0.1,0.5,0.5,2.06,-9.36,True
1.06,0.03,1.01,0.4,0.1,0.75,0.25,2.09,-9.31,True
1.06,0.03,1.01,0.4,0.1,1.0,0.0,2.13,-9.27,True
1.06,0.03,1.01,0.4,0.2,0.0,1.0,3.58,-13.96,True
1.06,0.03,1.01,0.4,0.2,0.25,0.75,3.62,-13.89,True
1.06,0.03,1.01,0.4,0.2,0.5,0.5,3.65,-13.83,True
1.06,0.03,1.01,0.4,0.2,0.75,0.25,3.69,-13.76,True
1.06,0.03,1.01,0.4,0.2,1.0,0.0,3.72,-13.7,True
1.06,0.03,1.01,0.4,0.3,0.0,1.0,4.85,-16.37,True
1.06,0.03,1.01,0.4,0.3,0.25,0.75,4.87,-16.31,True
1.06,0.03,1.01,0.4,0.3,0.5,0.5,4.9,-16.26,True
1.06,0.03,1.01,0.4,0.3,0.75,0.25,4.92,-16.2,True
1.06,0.03,1.01,0.4,0.3,1.0,0.0,4.95,-16.15,True
1.06,0.03,1.02,0.1,0.0,0.0,1.0,-0.05,-1.32,True
1.06,0.03,1.02,0.1,0.0,0.25,0.75,-0.05,-1.21,True
1.06,0.03,1.02,0.1,0.0,0.5,0.5,-0.04,-1.1,True
1.06,0.03,1.02,0.1,0.0,0.75,0.25,-0.04,-0.98,True
1.06,0.03,1.02,0.1,0.0,1.0,0.0,-0.03,-0.87,True
1.06,0.03,1.02,0.1,0.1,0.0,1.0,2.32,-8.88,True
1.06,0.03,1.02,0.1,0.1,0.25,0.75,2.32,-8.87,True
1.06,0.03,1.02,0.1,0.1,0.5,0.5,2.33,-8.86,True
1.06,0.03,1.02,0.1,0.1,0.75,0.25,2.33,-8.86,True
1.06,0.03,1.02,0.1,0.1,1.0,0.0,2.34,-8.85,True
1.06,0.03,1.02,0.1,0.2,0.0,1.0,3.87,-13.22,True
1.06,0.03,1.02,0.1,0.2,0.25,0.75,3.88,-13.21,True
1.06,0.03,1.02,0.1,0.2,0.5,0.5,3.88,-13.19,True
1.06,0.03,1.02,0.1,0.2,0.75,0.25,3.89,-13.18,True
1.06,0.03,1.02,0.1,0.2,1.0,0.0,3.89,-13.17,True
1.06,0.03,1.02,0.1,0.3,0.0,1.0,5.04,-15.79,True
1.06,0.03,1.02,0.1,0.3,0.25,0.75,5.04,-15.78,True
1.06,0.03,1.02,0.1,0.3,0.5,0.5,5.05,-15.76,True
1.06,0.03,1.02,0.1,0.3,0.75,0.25,5.05,-15.75,True
1.06,0.03,1.02,0.1,0.3,1.0,0.0,5.06,-15.74,True
1.06,0.03,1.02,0.2,0.0,0.0,1.0,-0.11,-2.65,True
1.06,0.03,1.02,0.2,0.0,0.25,0.75,-0.1,-2.42,True
1.06,0.03,1.02,0.2,0.0,0.5,0.5,-0.08,-2.19,True
1.06,0.03,1.02,0.2,0.0,0.75,0.25,-0.07,-1.97,True
1.06,0.03,1.02,0.2,0.0,1.0,0.0,-0.06,-1.74,True
1.06,0.03,1.02,0.2,0.1,0.0,1.0,2.27,-8.96,True
1.06,0.03,1.02,0.2,0.1,0.25,0.75,2.28,-8.94,True
1.06,0.03,1.02,0.2,0.1,0.5,0.5,2.29,-8.93,True
1.06,0.03,1.02,0.2,0.1,0.75,0.25,2.3,-8.91,True
1.06,0.03,1.02,0.2,0.1,1.0,0.0,2.31,-8.9,True
1.06,0.03,1.02,0.2,0.2,0.0,1.0,3.82,-13.34,True
1.06,0.03,1.02,0.2,0.2,0.25,0.75,3.83,-13.32,True
1.06,0.03,1.02,0.2,0.2,0.5,0.5,3.84,-13.29,True
1.06,0.03,1.02,0.2,0.2,0.75,0.25,3.85,-13.27,True
1.06,0.03,1.02,0.2,0.2,1.0,0.0,3.86,-13.25,True
1.06,0.03,1.02,0.2,0.3,0.0,1.0,4.99,-15.94,True
1.06,0.03,1.02,0.2,0.3,0.25,0.75,5.0,-15.91,True
1.06,0.03,1.02,0.2,0.3,0.5,0.5,5.01,-15.88,True
1.06,0.03,1.02,0.2,0.3,0.75,0.25,5.02,-15.85,True
1.06,0.03,1.02,0.2,0.3,1.0,0.0,5.03,-15.83,True
1.06,0.03,1.02,0.3,0.0,0.0,1.0,-0.16,-3.98,True
1.06,0.03,1.02,0.3,0.0,0.25,0.75,-0.15,-3.64,True
1.06,0.03,1.02,0.3,0.0,0.5,0.5,-0.13,-3.29,True
1.06,0.03,1.02,0.3,0.0,0.75,0.25,-0.11,-2.95,True
1.06,0.03,1.02,0.3,0.0,1.0,0.0,-0.09,-2.61,True
1.06,0.03,1.02,0.3,0.1,0.0,1.0,2.21,-9.04,True
1.06,0.03,1.02,0.3,0.1,0.25,0.75,2.23,-9.02,True
1.06,0.03,1.02,0.3,0.1,0.5,0.5,2.25,-9.0,True
1.06,0.03,1.02,0.3,0.1,0.75,0.25,2.26,-8.97,True
1.06,0.03,1.02,0.3,0.1,1.0,0.0,2.28,-8.95,True
1.06,0.03,1.02,0.3,0.2,0.0,1.0,3.77,-13.47,True
1.06,0.03,1.02,0.3,0.2,0.25,0.75,3.79,-13.43,True
1.06,0.03,1.02,0.3,0.2,0.5,0.5,3.8,-13.4,True
1.06,0.03,1.02,0.3,0.2,0.75,0.25,3.82,-13.36,True
1.06,0.03,1.02,0.3,0.2,1.0,0.0,3.83,-13.33,True
1.06,0.03,1.02,0.3,0.3,0.0,1.0,4.96,-16.05,True
1.06,0.03,1.02,0.3,0.3,0.25,0.75,4.97,-16.01,True
1.06,0.03,1.02,0.3,0.3,0.5,0.5,4.99,-15.97,True
1.06,0.03,1.02,0.3,0.3,0.75,0.25,5.0,-15.93,True
1.06,0.03,1.02,0.3,0.3,1.0,0.0,5.01,-15.89,True
1.06,0.03,1.02,0.4,0.0,0.0,1.0,-0.22,-5.31,True
1.06,0.03,1.02,0.4,0.0,0.25,0.75,-0.2,-4.85,True
1.06,0.03,1.02,0.4,0.0,0.5,0.5,-0.17,-4.39,True
1.06,0.03,1.02,0.4,0.0,0.75,0.25,-0.15,-3.94,True
1.06,0.03,1.02,0.4,0.0,1.0,0.0,-0.13,-3.48,True
1.06,0.03,1.02,0.4,0.1,0.0,1.0,2.16,-9.13,True
1.06,0.03,1.02,0.4,0.1,0.25,0.75,2.18,-9.1,True
1.06,0.03,1.02,0.4,0.1,0.5,0.5,2.2,-9.07,True
1.06,0.03,1.02,0.4,0.1,0.75,0.25,2.23,-9.03,True
1.06,0.03,1.02,0.4,0.1,1.0,0.0,2.25,-9.0,True
1.06,0.03,1.02,0.4,0.2,0.0,1.0,3.73,-13.6,True
1.06,0.03,1.02,0.4,0.2,0.25,0.75,3.75,-13.55,True
1.06,0.03,1.02,0.4,0.2,0.5,0.5,3.77,-13.5,True
1.06,0.03,1.02,0.4,0.2,0.75,0.25,3.79,-13.45,True
1.06,0.03,1.02,0.4,0.2,1.0,0.0,3.81,-13.4,True
1.06,0.03,1.02,0.4,0.3,0.0,1.0,4.97,-16.01,True
1.06,0.03,1.02,0.4,0.3,0.25,0.75,4.99,-15.97,True
1.06,0.03,1.02,0.4,0.3,0.5,0.5,5.0,-15.93,True
1.06,0.03,1.02,0.4,0.3,0.75,0.25,5.01,-15.9,True
1.06,0.03,1.02,0.4,0.3,1.0,0.0,5.03,-15.86,True
