entry_signal,drop_level,exit_signal,buy_pct,alloc_base,alloc_x2,alloc_x3,cagr,worst_ann_ret,passed
1.01,0.005,0.95,0.1,0.0,0.0,1.0,18.87,-32.54,True
1.01,0.005,0.95,0.1,0.0,0.25,0.75,17.71,-30.67,True
1.01,0.005,0.95,0.1,0.0,0.5,0.5,16.48,-28.51,True
1.01,0.005,0.95,0.1,0.0,0.75,0.25,15.15,-26.0,True
1.01,0.005,0.95,0.1,0.0,1.0,0.0,13.71,-23.0,True
1.01,0.005,0.95,0.1,0.1,0.0,1.0,18.65,-32.45,True
1.01,0.005,0.95,0.1,0.1,0.25,0.75,17.52,-30.58,True
1.01,0.005,0.95,0.1,0.1,0.5,0.5,16.32,-28.43,True
1.01,0.005,0.95,0.1,0.1,0.75,0.25,15.05,-25.94,True
1.01,0.005,0.95,0.1,0.1,1.0,0.0,13.69,-23.02,True
1.01,0.005,0.95,0.1,0.2,0.0,1.0,18.36,-32.35,True
1.01,0.005,0.95,0.1,0.2,0.25,0.75,17.27,-30.47,True
1.01,0.005,0.95,0.1,0.2,0.5,0.5,16.11,-28.33,True
1.01,0.005,0.95,0.1,0.2,0.75,0.25,14.88,-25.88,True
1.01,0.005,0.95,0.1,0.2,1.0,0.0,13.6,-23.05,True
1.01,0.005,0.95,0.1,0.3,0.0,1.0,18.02,-32.22,True
1.01,0.005,0.95,0.1,0.3,0.25,0.75,16.96,-30.34,True
1.01,0.005,0.95,0.1,0.3,0.5,0.5,15.85,-28.22,True
1.01,0.005,0.95,0.1,0.3,0.75,0.25,14.69,-25.81,True
1.01,0.005,0.95,0.1,0.3,1.0,0.0,13.49,-23.08,True
1.01,0.005,0.95,0.2,0.0,0.0,1.0,20.51,-37.94,True
1.01,0.005,0.95,0.2,0.0,0.25,0.75,19.25,-35.76,True
1.01,0.005,0.95,0.2,0.0,0.5,0.5,17.9,-33.3,True
1.01,0.005,0.95,0.2,0.0,0.75,0.25,16.45,-30.47,True
1.01,0.005,0.95,0.2,0.0,1.0,0.0,14.88,-27.14,True
1.01,0.005,0.95,0.2,0.1,0.0,1.0,20.14,-37.88,True
1.01,0.005,0.95,0.2,0.1,0.25,0.75,18.91,-35.71,True
1.01,0.005,0.95,0.2,0.1,0.5,0.5,17.59,-33.25,True
1.01,0.005,0.95,0.2,0.1,0.75,0.25,16.18,-30.45,True
1.01,0.005,0.95,0.2,0.1,1.0,0.0,14.68,-27.19,True
1.01,0.005,0.95,0.2,0.2,0.0,1.0,19.71,-37.82,True
1.01,0.005,0.95,0.2,0.2,0.25,0.75,18.51,-35.64,True
1.01,0.005,0.95,0.2,0.2,0.5,0.5,17.23,-33.2,True
1.01,0.005,0.95,0.2,0.2,0.75,0.25,15.88,-30.42,True
1.01,0.005,0.95,0.2,0.2,1.0,0.0,14.45,-27.24,True
1.01,0.005,0.95,0.2,0.3,0.0,1.0,19.24,-37.74,True
1.01,0.005,0.95,0.2,0.3,0.25,0.75,18.08,-35.56,True
1.01,0.005,0.95,0.2,0.3,0.5,0.5,16.85,-33.13,True
1.01,0.005,0.95,0.2,0.3,0.75,0.25,15.55,-30.39,True
1.01,0.005,0.95,0.2,0.3,1.0,0.0,14.2,-27.3,True
1.01,0.005,0.95,0.3,0.0,0.0,1.0,20.57,-43.12,False
1.01,0.005,0.95,0.3,0.0,0.25,0.75,19.33,-40.66,False
1.01,0.005,0.95,0.3,0.0,0.5,0.5,17.99,-37.92,True
1.01,0.005,0.95,0.3,0.0,0.75,0.25,16.55,-34.79,True
1.01,0.005,0.95,0.3,0.0,1.0,0.0,14.98,-31.18,True
1.01,0.005,0.95,0.3,0.1,0.0,1.0,20.14,-43.09,False
1.01,0.005,0.95,0.3,0.1,0.25,0.75,18.92,-40.63,False
1.01,0.005,0.95,0.3,0.1,0.5,0.5,17.62,-37.89,True
1.01,0.005,0.95,0.3,0.1,0.75,0.25,16.22,-34.79,True
1.01,0.005,0.95,0.3,0.1,1.0,0.0,14.73,-31.25,True
1.01,0.005,0.95,0.3,0.2,0.0,1.0,19.68,-43.04,False
1.01,0.005,0.95,0.3,0.2,0.25,0.75,18.49,-40.58,False
1.01,0.005,0.95,0.3,0.2,0.5,0.5,17.22,-37.85,True
1.01,0.005,0.95,0.3,0.2,0.75,0.25,15.87,-34.79,True
1.01,0.005,0.95,0.3,0.2,1.0,0.0,14.43,-31.33,True
1.01,0.005,0.95,0.3,0.3,0.0,1.0,19.13,-42.99,False
1.01,0.005,0.95,0.3,0.3,0.25,0.75,17.96,-40.53,False
1.01,0.005,0.95,0.3,0.3,0.5,0.5,16.74,-37.81,True
1.01,0.005,0.95,0.3,0.3,0.75,0.25,15.47,-34.74,True
1.01,0.005,0.95,0.3,0.3,1.0,0.0,14.15,-31.07,True
1.01,0.005,0.95,0.4,0.0,0.0,1.0,20.48,-46.12,False
1.01,0.005,0.95,0.4,0.0,0.25,0.75,19.27,-43.49,False
1.01,0.005,0.95,0.4,0.0,0.5,0.5,17.95,-40.58,False
1.01,0.005,0.95,0.4,0.0,0.75,0.25,16.53,-37.29,True
1.01,0.005,0.95,0.4,0.0,1.0,0.0,14.98,-33.52,True
1.01,0.005,0.95,0.4,0.1,0.0,1.0,20.07,-45.92,False
1.01,0.005,0.95,0.4,0.1,0.25,0.75,18.88,-43.27,False
1.01,0.005,0.95,0.4,0.1,0.5,0.5,17.6,-40.32,False
1.01,0.005,0.95,0.4,0.1,0.75,0.25,16.22,-37.01,True
1.01,0.005,0.95,0.4,0.1,1.0,0.0,14.74,-33.24,True
1.01,0.005,0.95,0.4,0.2,0.0,1.0,19.62,-45.69,False
1.01,0.005,0.95,0.4,0.2,0.25,0.75,18.46,-43.0,False
1.01,0.005,0.95,0.4,0.2,0.5,0.5,17.22,-40.01,False
1.01,0.005,0.95,0.4,0.2,0.75,0.25,15.9,-36.68,True
1.01,0.005,0.95,0.4,0.2,1.0,0.0,14.49,-32.91,True
1.01,0.005,0.95,0.4,0.3,0.0,1.0,19.07,-45.39,False
1.01,0.005,0.95,0.4,0.3,0.25,0.75,17.95,-42.65,False
1.01,0.005,0.95,0.4,0.3,0.5,0.5,16.76,-39.63,True
1.01,0.005,0.95,0.4,0.3,0.75,0.25,15.5,-36.27,True
1.01,0.005,0.95,0.4,0.3,1.0,0.0,14.19,-32.53,True
1.01,0.005,0.97,0.1,0.0,0.0,1.0,14.98,-28.23,True
1.01,0.005,0.97,0.1,0.0,0.25,0.75,14.08,-26.57,True
1.01,0.005,0.97,0.1,0.0,0.5,0.5,13.12,-24.66,True
1.01,0.005,0.97,0.1,0.0,0.75,0.25,12.11,-22.43,True
1.01,0.005,0.97,0.1,0.0,1.0,0.0,11.03,-19.78,True
1.01,0.005,0.97,0.1,0.1,0.0,1.0,15.09,-28.09,True
1.01,0.005,0.97,0.1,0.1,0.25,0.75,14.21,-26.46,True
1.01,0.005,0.97,0.1,0.1,0.5,0.5,13.3,-24.61,True
1.01,0.005,0.97,0.1,0.1,0.75,0.25,12.35,-22.49,True
1.01,0.005,0.97,0.1,0.1,1.0,0.0,11.35,-20.03,True
1.01,0.005,0.97,0.1,0.2,0.0,1.0,15.12,-27.95,True
1.01,0.005,0.97,0.1,0.2,0.25,0.75,14.28,-26.35,True
1.01,0.005,0.97,0.1,0.2,0.5,0.5,13.4,-24.56,True
1.01,0.005,0.97,0.1,0.2,0.75,0.25,12.5,-22.54,True
1.01,0.005,0.97,0.1,0.2,1.0,0.0,11.58,-20.26,True
1.01,0.005,0.97,0.1,0.3,0.0,1.0,15.15,-27.81,True
1.01,0.005,0.97,0.1,0.3,0.25,0.75,14.34,-26.24,True
1.01,0.005,0.97,0.1,0.3,0.5,0.5,13.51,-24.51,True
1.01,0.005,0.97,0.1,0.3,0.75,0.25,12.66,-22.6,True
1.01,0.005,0.97,0.1,0.3,1.0,0.0,11.8,-20.49,True
1.01,0.005,0.97,0.2,0.0,0.0,1.0,17.23,-32.97,True
1.01,0.005,0.97,0.2,0.0,0.25,0.75,16.18,-31.02,True
1.01,0.005,0.97,0.2,0.0,0.5,0.5,15.07,-28.83,True
1.01,0.005,0.97,0.2,0.0,0.75,0.25,13.89,-26.3,True
1.01,0.005,0.97,0.2,0.0,1.0,0.0,12.63,-23.34,True
1.01,0.005,0.97,0.2,0.1,0.0,1.0,17.02,-32.91,True
1.01,0.005,0.97,0.2,0.1,0.25,0.75,16.0,-30.98,True
1.01,0.005,0.97,0.2,0.1,0.5,0.5,14.92,-28.82,True
1.01,0.005,0.97,0.2,0.1,0.75,0.25,13.8,-26.38,True
1.01,0.005,0.97,0.2,0.1,1.0,0.0,12.62,-23.57,True
1.01,0.005,0.97,0.2,0.2,0.0,1.0,16.77,-32.83,True
1.01,0.005,0.97,0.2,0.2,0.25,0.75,15.78,-30.93,True
1.01,0.005,0.97,0.2,0.2,0.5,0.5,14.75,-28.81,True
1.01,0.005,0.97,0.2,0.2,0.75,0.25,13.69,-26.45,True
1.01,0.005,0.97,0.2,0.2,1.0,0.0,12.59,-23.8,True
1.01,0.005,0.97,0.2,0.3,0.0,1.0,16.53,-32.75,True
1.01,0.005,0.97,0.2,0.3,0.25,0.75,15.57,-30.87,True
1.01,0.005,0.97,0.2,0.3,0.5,0.5,14.59,-28.81,True
1.01,0.005,0.97,0.2,0.3,0.75,0.25,13.58,-26.53,True
1.01,0.005,0.97,0.2,0.3,1.0,0.0,12.56,-24.04,True
1.01,0.005,0.97,0.3,0.0,0.0,1.0,17.71,-37.61,True
1.01,0.005,0.97,0.3,0.0,0.25,0.75,16.63,-35.38,True
1.01,0.005,0.97,0.3,0.0,0.5,0.5,15.5,-32.89,True
1.01,0.005,0.97,0.3,0.0,0.75,0.25,14.29,-30.09,True
1.01,0.005,0.97,0.3,0.0,1.0,0.0,13.01,-26.85,True
1.01,0.005,0.97,0.3,0.1,0.0,1.0,17.49,-37.58,True
1.01,0.005,0.97,0.3,0.1,0.25,0.75,16.44,-35.36,True
1.01,0.005,0.97,0.3,0.1,0.5,0.5,15.33,-32.91,True
1.01,0.005,0.97,0.3,0.1,0.75,0.25,14.18,-30.18,True
1.01,0.005,0.97,0.3,0.1,1.0,0.0,12.97,-27.09,True
1.01,0.005,0.97,0.3,0.2,0.0,1.0,17.15,-37.54,True
1.01,0.005,0.97,0.3,0.2,0.25,0.75,16.14,-35.34,True
1.01,0.005,0.97,0.3,0.2,0.5,0.5,15.09,-32.94,True
1.01,0.005,0.97,0.3,0.2,0.75,0.25,14.0,-30.21,True
1.01,0.005,0.97,0.3,0.2,1.0,0.0,12.89,-27.02,True
1.01,0.005,0.97,0.3,0.3,0.0,1.0,16.83,-37.5,True
1.01,0.005,0.97,0.3,0.3,0.25,0.75,15.87,-35.15,True
1.01,0.005,0.97,0.3,0.3,0.5,0.5,14.89,-32.53,True
1.01,0.005,0.97,0.3,0.3,0.75,0.25,13.88,-29.68,True
1.01,0.005,0.97,0.3,0.3,1.0,0.0,12.85,-26.59,True
1.01,0.005,0.97,0.4,0.0,0.0,1.0,18.13,-39.93,True
1.01,0.005,0.97,0.4,0.0,0.25,0.75,17.04,-37.55,True
1.01,0.005,0.97,0.4,0.0,0.5,0.5,15.88,-34.92,True
1.01,0.005,0.97,0.4,0.0,0.75,0.25,14.64,-31.97,True
1.01,0.005,0.97,0.4,0.0,1.0,0.0,13.34,-28.6,True
1.01,0.005,0.97,0.4,0.1,0.0,1.0,17.9,-39.56,True
1.01,0.005,0.97,0.4,0.1,0.25,0.75,16.83,-37.15,True
1.01,0.005,0.97,0.4,0.1,0.5,0.5,15.71,-34.5,True
1.01,0.005,0.97,0.4,0.1,0.75,0.25,14.53,-31.55,True
1.01,0.005,0.97,0.4,0.1,1.0,0.0,13.3,-28.24,True
1.01,0.005,0.97,0.4,0.2,0.0,1.0,17.66,-39.15,True
1.01,0.005,0.97,0.4,0.2,0.25,0.75,16.62,-36.71,True
1.01,0.005,0.97,0.4,0.2,0.5,0.5,15.54,-34.04,True
1.01,0.005,0.97,0.4,0.2,0.75,0.25,14.42,-31.11,True
1.01,0.005,0.97,0.4,0.2,1.0,0.0,13.26,-27.86,True
1.01,0.005,0.97,0.4,0.3,0.0,1.0,17.27,-38.66,True
1.01,0.005,0.97,0.4,0.3,0.25,0.75,16.27,-36.19,True
1.01,0.005,0.97,0.4,0.3,0.5,0.5,15.24,-33.51,True
1.01,0.005,0.97,0.4,0.3,0.75,0.25,14.19,-30.59,True
1.01,0.005,0.97,0.4,0.3,1.0,0.0,13.11,-27.43,True
1.01,0.005,0.99,0.1,0.0,0.0,1.0,10.74,-22.33,True
1.01,0.005,0.99,0.1,0.0,0.25,0.75,10.12,-20.65,True
1.01,0.005,0.99,0.1,0.0,0.5,0.5,9.46,-18.88,True
1.01,0.005,0.99,0.1,0.0,0.75,0.25,8.76,-17.02,True
1.01,0.005,0.99,0.1,0.0,1.0,0.0,8.01,-15.04,True
1.01,0.005,0.99,0.1,0.1,0.0,1.0,11.22,-20.59,True
1.01,0.005,0.99,0.1,0.1,0.25,0.75,10.66,-19.05,True
1.01,0.005,0.99,0.1,0.1,0.5,0.5,10.07,-17.79,True
1.01,0.005,0.99,0.1,0.1,0.75,0.25,9.46,-16.34,True
1.01,0.005,0.99,0.1,0.1,1.0,0.0,8.81,-14.65,True
1.01,0.005,0.99,0.1,0.2,0.0,1.0,11.62,-20.18,True
1.01,0.005,0.99,0.1,0.2,0.25,0.75,11.11,-19.17,True
1.01,0.005,0.99,0.1,0.2,0.5,0.5,10.58,-18.04,True
1.01,0.005,0.99,0.1,0.2,0.75,0.25,10.04,-16.78,True
1.01,0.005,0.99,0.1,0.2,1.0,0.0,9.47,-15.37,True
1.01,0.005,0.99,0.1,0.3,0.0,1.0,12.04,-20.21,True
1.01,0.005,0.99,0.1,0.3,0.25,0.75,11.55,-19.28,True
1.01,0.005,0.99,0.1,0.3,0.5,0.5,11.03,-18.26,True
1.01,0.005,0.99,0.1,0.3,0.75,0.25,10.51,-17.17,True
1.01,0.005,0.99,0.1,0.3,1.0,0.0,9.98,-15.98,True
1.01,0.005,0.99,0.2,0.0,0.0,1.0,13.44,-23.4,True
1.01,0.005,0.99,0.2,0.0,0.25,0.75,12.65,-21.63,True
1.01,0.005,0.99,0.2,0.0,0.5,0.5,11.81,-19.83,True
1.01,0.005,0.99,0.2,0.0,0.75,0.25,10.9,-17.99,True
1.01,0.005,0.99,0.2,0.0,1.0,0.0,9.94,-16.11,True
1.01,0.005,0.99,0.2,0.1,0.0,1.0,13.38,-21.7,True
1.01,0.005,0.99,0.2,0.1,0.25,0.75,12.64,-20.46,True
1.01,0.005,0.99,0.2,0.1,0.5,0.5,11.86,-19.06,True
1.01,0.005,0.99,0.2,0.1,0.75,0.25,11.04,-17.46,True
1.01,0.005,0.99,0.2,0.1,1.0,0.0,10.19,-15.61,True
1.01,0.005,0.99,0.2,0.2,0.0,1.0,13.3,-21.74,True
1.01,0.005,0.99,0.2,0.2,0.25,0.75,12.62,-20.57,True
1.01,0.005,0.99,0.2,0.2,0.5,0.5,11.91,-19.29,True
1.01,0.005,0.99,0.2,0.2,0.75,0.25,11.19,-17.85,True
1.01,0.005,0.99,0.2,0.2,1.0,0.0,10.44,-16.26,True
1.01,0.005,0.99,0.2,0.3,0.0,1.0,13.28,-21.78,True
1.01,0.005,0.99,0.2,0.3,0.25,0.75,12.66,-20.69,True
1.01,0.005,0.99,0.2,0.3,0.5,0.5,12.02,-19.51,True
1.01,0.005,0.99,0.2,0.3,0.75,0.25,11.37,-18.23,True
1.01,0.005,0.99,0.2,0.3,1.0,0.0,10.72,-16.87,True
1.01,0.005,0.99,0.3,0.0,0.0,1.0,14.25,-23.18,True
1.01,0.005,0.99,0.3,0.0,0.25,0.75,13.4,-21.76,True
1.01,0.005,0.99,0.3,0.0,0.5,0.5,12.5,-20.13,True
1.01,0.005,0.99,0.3,0.0,0.75,0.25,11.54,-18.25,True
1.01,0.005,0.99,0.3,0.0,1.0,0.0,10.52,-16.01,True
1.01,0.005,0.99,0.3,0.1,0.0,1.0,14.25,-23.23,True
1.01,0.005,0.99,0.3,0.1,0.25,0.75,13.45,-21.87,True
1.01,0.005,0.99,0.3,0.1,0.5,0.5,12.6,-20.34,True
1.01,0.005,0.99,0.3,0.1,0.75,0.25,11.72,-18.62,True
1.01,0.005,0.99,0.3,0.1,1.0,0.0,10.79,-16.65,True
1.01,0.005,0.99,0.3,0.2,0.0,1.0,14.18,-23.23,True
1.01,0.005,0.99,0.3,0.2,0.25,0.75,13.42,-21.9,True
1.01,0.005,0.99,0.3,0.2,0.5,0.5,12.64,-20.44,True
1.01,0.005,0.99,0.3,0.2,0.75,0.25,11.83,-18.84,True
1.01,0.005,0.99,0.3,0.2,1.0,0.0,11.0,-17.07,True
1.01,0.005,0.99,0.3,0.3,0.0,1.0,14.11,-23.11,True
1.01,0.005,0.99,0.3,0.3,0.25,0.75,13.41,-21.84,True
1.01,0.005,0.99,0.3,0.3,0.5,0.5,12.69,-20.48,True
1.01,0.005,0.99,0.3,0.3,0.75,0.25,11.95,-19.03,True
1.01,0.005,0.99,0.3,0.3,1.0,0.0,11.21,-17.48,True
1.01,0.005,0.99,0.4,0.0,0.0,1.0,15.04,-24.29,True
1.01,0.005,0.99,0.4,0.0,0.25,0.75,14.13,-22.73,True
1.01,0.005,0.99,0.4,0.0,0.5,0.5,13.17,-21.03,True
1.01,0.005,0.99,0.4,0.0,0.75,0.25,12.15,-19.07,True
1.01,0.005,0.99,0.4,0.0,1.0,0.0,11.07,-16.78,True
1.01,0.005,0.99,0.4,0.1,0.0,1.0,14.98,-24.15,True
1.01,0.005,0.99,0.4,0.1,0.25,0.75,14.12,-22.69,True
1.01,0.005,0.99,0.4,0.1,0.5,0.5,13.21,-21.07,True
1.01,0.005,0.99,0.4,0.1,0.75,0.25,12.26,-19.25,True
1.01,0.005,0.99,0.4,0.1,1.0,0.0,11.28,-17.2,True
1.01,0.005,0.99,0.4,0.2,0.0,1.0,14.91,-24.05,True
1.01,0.005,0.99,0.4,0.2,0.25,0.75,14.09,-22.65,True
1.01,0.005,0.99,0.4,0.2,0.5,0.5,13.24,-21.11,True
1.01,0.005,0.99,0.4,0.2,0.75,0.25,12.37,-19.44,True
1.01,0.005,0.99,0.4,0.2,1.0,0.0,11.48,-17.6,True
1.01,0.005,0.99,0.4,0.3,0.0,1.0,14.75,-23.94,True
1.01,0.005,0.99,0.4,0.3,0.25,0.75,13.99,-22.6,True
1.01,0.005,0.99,0.4,0.3,0.5,0.5,13.21,-21.16,True
1.01,0.005,0.99,0.4,0.3,0.75,0.25,12.41,-19.61,True
1.01,0.005,0.99,0.4,0.3,1.0,0.0,11.6,-17.97,True
1.01,0.005,1.0,0.1,0.0,0.0,1.0,7.66,-18.83,True
1.01,0.005,1.0,0.1,0.0,0.25,0.75,7.23,-17.4,True
1.01,0.005,1.0,0.1,0.0,0.5,0.5,6.79,-15.88,True
1.01,0.005,1.0,0.1,0.0,0.75,0.25,6.32,-14.28,True
1.01,0.005,1.0,0.1,0.0,1.0,0.0,5.82,-12.57,True
1.01,0.005,1.0,0.1,0.1,0.0,1.0,8.79,-17.61,True
1.01,0.005,1.0,0.1,0.1,0.25,0.75,8.42,-16.53,True
1.01,0.005,1.0,0.1,0.1,0.5,0.5,8.04,-15.47,True
1.01,0.005,1.0,0.1,0.1,0.75,0.25,7.64,-14.43,True
1.01,0.005,1.0,0.1,0.1,1.0,0.0,7.24,-13.42,True
1.01,0.005,1.0,0.1,0.2,0.0,1.0,9.62,-17.98,True
1.01,0.005,1.0,0.1,0.2,0.25,0.75,9.28,-17.08,True
1.01,0.005,1.0,0.1,0.2,0.5,0.5,8.93,-16.21,True
1.01,0.005,1.0,0.1,0.2,0.75,0.25,8.58,-15.38,True
1.01,0.005,1.0,0.1,0.2,1.0,0.0,8.22,-14.61,True
1.01,0.005,1.0,0.1,0.3,0.0,1.0,10.27,-18.27,True
1.01,0.005,1.0,0.1,0.3,0.25,0.75,9.96,-17.49,True
1.01,0.005,1.0,0.1,0.3,0.5,0.5,9.66,-16.76,True
1.01,0.005,1.0,0.1,0.3,0.75,0.25,9.34,-16.08,True
1.01,0.005,1.0,0.1,0.3,1.0,0.0,9.02,-15.47,True
1.01,0.005,1.0,0.2,0.0,0.0,1.0,11.26,-18.45,True
1.01,0.005,1.0,0.2,0.0,0.25,0.75,10.58,-17.04,True
1.01,0.005,1.0,0.2,0.0,0.5,0.5,9.88,-15.61,True
1.01,0.005,1.0,0.2,0.0,0.75,0.25,9.13,-14.14,True
1.01,0.005,1.0,0.2,0.0,1.0,0.0,8.35,-12.63,True
1.01,0.005,1.0,0.2,0.1,0.0,1.0,11.53,-18.77,True
1.01,0.005,1.0,0.2,0.1,0.25,0.75,10.92,-17.53,True
1.01,0.005,1.0,0.2,0.1,0.5,0.5,10.28,-16.3,True
1.01,0.005,1.0,0.2,0.1,0.75,0.25,9.63,-15.08,True
1.01,0.005,1.0,0.2,0.1,1.0,0.0,8.96,-13.9,True
1.01,0.005,1.0,0.2,0.2,0.0,1.0,11.78,-19.06,True
1.01,0.005,1.0,0.2,0.2,0.25,0.75,11.23,-17.96,True
1.01,0.005,1.0,0.2,0.2,0.5,0.5,10.66,-16.89,True
1.01,0.005,1.0,0.2,0.2,0.75,0.25,10.09,-15.88,True
1.01,0.005,1.0,0.2,0.2,1.0,0.0,9.51,-14.93,True
1.01,0.005,1.0,0.2,0.3,0.0,1.0,12.02,-19.33,True
1.01,0.005,1.0,0.2,0.3,0.25,0.75,11.51,-18.35,True
1.01,0.005,1.0,0.2,0.3,0.5,0.5,11.0,-17.43,True
1.01,0.005,1.0,0.2,0.3,0.75,0.25,10.48,-16.58,True
1.01,0.005,1.0,0.2,0.3,1.0,0.0,9.97,-15.82,True
1.01,0.005,1.0,0.3,0.0,0.0,1.0,12.51,-19.76,True
1.01,0.005,1.0,0.3,0.0,0.25,0.75,11.74,-18.26,True
1.01,0.005,1.0,0.3,0.0,0.5,0.5,10.94,-16.74,True
1.01,0.005,1.0,0.3,0.0,0.75,0.25,10.1,-15.17,True
1.01,0.005,1.0,0.3,0.0,1.0,0.0,9.22,-13.58,True
1.01,0.005,1.0,0.3,0.1,0.0,1.0,12.67,-20.04,True
1.01,0.005,1.0,0.3,0.1,0.25,0.75,11.96,-18.69,True
1.01,0.005,1.0,0.3,0.1,0.5,0.5,11.23,-17.34,True
1.01,0.005,1.0,0.3,0.1,0.75,0.25,10.47,-16.01,True
1.01,0.005,1.0,0.3,0.1,1.0,0.0,9.7,-14.71,True
1.01,0.005,1.0,0.3,0.2,0.0,1.0,12.72,-20.32,True
1.01,0.005,1.0,0.3,0.2,0.25,0.75,12.07,-19.09,True
1.01,0.005,1.0,0.3,0.2,0.5,0.5,11.4,-17.91,True
1.01,0.005,1.0,0.3,0.2,0.75,0.25,10.73,-16.77,True
1.01,0.005,1.0,0.3,0.2,1.0,0.0,10.05,-15.7,True
1.01,0.005,1.0,0.3,0.3,0.0,1.0,12.76,-20.59,True
1.01,0.005,1.0,0.3,0.3,0.25,0.75,12.17,-19.49,True
1.01,0.005,1.0,0.3,0.3,0.5,0.5,11.57,-18.44,True
1.01,0.005,1.0,0.3,0.3,0.75,0.25,10.97,-17.47,True
1.01,0.005,1.0,0.3,0.3,1.0,0.0,10.38,-16.59,True
1.01,0.005,1.0,0.4,0.0,0.0,1.0,13.16,-23.4,True
1.01,0.005,1.0,0.4,0.0,0.25,0.75,12.36,-21.55,True
1.01,0.005,1.0,0.4,0.0,0.5,0.5,11.51,-19.67,True
1.01,0.005,1.0,0.4,0.0,0.75,0.25,10.63,-17.75,True
1.01,0.005,1.0,0.4,0.0,1.0,0.0,9.7,-15.8,True
1.01,0.005,1.0,0.4,0.1,0.0,1.0,13.21,-23.12,True
1.01,0.005,1.0,0.4,0.1,0.25,0.75,12.46,-21.27,True
1.01,0.005,1.0,0.4,0.1,0.5,0.5,11.68,-19.38,True
1.01,0.005,1.0,0.4,0.1,0.75,0.25,10.88,-17.45,True
1.01,0.005,1.0,0.4,0.1,1.0,0.0,10.06,-15.6,True
1.01,0.005,1.0,0.4,0.2,0.0,1.0,13.24,-22.83,True
1.01,0.005,1.0,0.4,0.2,0.25,0.75,12.55,-20.97,True
1.01,0.005,1.0,0.4,0.2,0.5,0.5,11.84,-19.08,True
1.01,0.005,1.0,0.4,0.2,0.75,0.25,11.12,-17.72,True
1.01,0.005,1.0,0.4,0.2,1.0,0.0,10.4,-16.53,True
1.01,0.005,1.0,0.4,0.3,0.0,1.0,13.26,-22.31,True
1.01,0.005,1.0,0.4,0.3,0.25,0.75,12.63,-20.63,True
1.01,0.005,1.0,0.4,0.3,0.5,0.5,12.0,-19.45,True
1.01,0.005,1.0,0.4,0.3,0.75,0.25,11.37,-18.35,True
1.01,0.005,1.0,0.4,0.3,1.0,0.0,10.73,-17.33,True
1.01,0.005,1.01,0.1,0.0,0.0,1.0,4.32,-16.18,True
1.01,0.005,1.01,0.1,0.0,0.25,0.75,4.12,-14.87,True
1.01,0.005,1.01,0.1,0.0,0.5,0.5,3.91,-13.55,True
1.01,0.005,1.01,0.1,0.0,0.75,0.25,3.68,-12.23,True
1.01,0.005,1.01,0.1,0.0,1.0,0.0,3.43,-10.89,True
1.01,0.005,1.01,0.1,0.1,0.0,1.0,6.0,-17.03,True
1.01,0.005,1.01,0.1,0.1,0.25,0.75,5.86,-15.72,True
1.01,0.005,1.01,0.1,0.1,0.5,0.5,5.71,-14.41,True
1.01,0.005,1.01,0.1,0.1,0.75,0.25,5.54,-13.12,True
1.01,0.005,1.01,0.1,0.1,1.0,0.0,5.36,-12.39,True
1.01,0.005,1.01,0.1,0.2,0.0,1.0,7.16,-16.67,True
1.01,0.005,1.01,0.1,0.2,0.25,0.75,7.05,-16.02,True
1.01,0.005,1.01,0.1,0.2,0.5,0.5,6.93,-15.4,True
1.01,0.005,1.01,0.1,0.2,0.75,0.25,6.8,-14.81,True
1.01,0.005,1.01,0.1,0.2,1.0,0.0,6.66,-14.25,True
1.01,0.005,1.01,0.1,0.3,0.0,1.0,8.12,-17.35,True
1.01,0.005,1.01,0.1,0.3,0.25,0.75,8.02,-16.83,True
1.01,0.005,1.01,0.1,0.3,0.5,0.5,7.92,-16.34,True
1.01,0.005,1.01,0.1,0.3,0.75,0.25,7.81,-15.88,True
1.01,0.005,1.01,0.1,0.3,1.0,0.0,7.69,-15.46,True
1.01,0.005,1.01,0.2,0.0,0.0,1.0,6.12,-24.38,True
1.01,0.005,1.01,0.2,0.0,0.25,0.75,5.83,-22.54,True
1.01,0.005,1.01,0.2,0.0,0.5,0.5,5.51,-20.66,True
1.01,0.005,1.01,0.2,0.0,0.75,0.25,5.16,-18.74,True
1.01,0.005,1.01,0.2,0.0,1.0,0.0,4.78,-16.77,True
1.01,0.005,1.01,0.2,0.1,0.0,1.0,7.38,-23.12,True
1.01,0.005,1.01,0.2,0.1,0.25,0.75,7.13,-21.38,True
1.01,0.005,1.01,0.2,0.1,0.5,0.5,6.87,-19.62,True
1.01,0.005,1.01,0.2,0.1,0.75,0.25,6.59,-17.82,True
1.01,0.005,1.01,0.2,0.1,1.0,0.0,6.3,-16.01,True
1.01,0.005,1.01,0.2,0.2,0.0,1.0,8.19,-21.4,True
1.01,0.005,1.01,0.2,0.2,0.25,0.75,8.0,-19.78,True
1.01,0.005,1.01,0.2,0.2,0.5,0.5,7.79,-18.14,True
1.01,0.005,1.01,0.2,0.2,0.75,0.25,7.57,-16.49,True
1.01,0.005,1.01,0.2,0.2,1.0,0.0,7.35,-14.84,True
1.01,0.005,1.01,0.2,0.3,0.0,1.0,8.93,-19.99,True
1.01,0.005,1.01,0.2,0.3,0.25,0.75,8.77,-18.45,True
1.01,0.005,1.01,0.2,0.3,0.5,0.5,8.6,-16.94,True
1.01,0.005,1.01,0.2,0.3,0.75,0.25,8.42,-16.33,True
1.01,0.005,1.01,0.2,0.3,1.0,0.0,8.24,-15.77,True
1.01,0.005,1.01,0.3,0.0,0.0,1.0,7.44,-27.0,True
1.01,0.005,1.01,0.3,0.0,0.25,0.75,7.05,-25.06,True
1.01,0.005,1.01,0.3,0.0,0.5,0.5,6.64,-23.06,True
1.01,0.005,1.01,0.3,0.0,0.75,0.25,6.2,-21.01,True
1.01,0.005,1.01,0.3,0.0,1.0,0.0,5.72,-18.9,True
1.01,0.005,1.01,0.3,0.1,0.0,1.0,8.31,-25.13,True
1.01,0.005,1.01,0.3,0.1,0.25,0.75,7.99,-23.22,True
1.01,0.005,1.01,0.3,0.1,0.5,0.5,7.66,-21.27,True
1.01,0.005,1.01,0.3,0.1,0.75,0.25,7.31,-19.28,True
1.01,0.005,1.01,0.3,0.1,1.0,0.0,6.95,-17.26,True
1.01,0.005,1.01,0.3,0.2,0.0,1.0,9.03,-22.79,True
1.01,0.005,1.01,0.3,0.2,0.25,0.75,8.76,-20.97,True
1.01,0.005,1.01,0.3,0.2,0.5,0.5,8.49,-19.12,True
1.01,0.005,1.01,0.3,0.2,0.75,0.25,8.2,-17.26,True
1.01,0.005,1.01,0.3,0.2,1.0,0.0,7.91,-15.38,True
1.01,0.005,1.01,0.3,0.3,0.0,1.0,9.66,-20.66,True
1.01,0.005,1.01,0.3,0.3,0.25,0.75,9.44,-18.94,True
1.01,0.005,1.01,0.3,0.3,0.5,0.5,9.2,-17.68,True
1.01,0.005,1.01,0.3,0.3,0.75,0.25,8.96,-16.94,True
1.01,0.005,1.01,0.3,0.3,1.0,0.0,8.71,-16.25,True
1.01,0.005,1.01,0.4,0.0,0.0,1.0,8.37,-27.32,True
1.01,0.005,1.01,0.4,0.0,0.25,0.75,7.92,-25.36,True
1.01,0.005,1.01,0.4,0.0,0.5,0.5,7.45,-23.33,True
1.01,0.005,1.01,0.4,0.0,0.75,0.25,6.95,-21.25,True
1.01,0.005,1.01,0.4,0.0,1.0,0.0,6.41,-19.09,True
1.01,0.005,1.01,0.4,0.1,0.0,1.0,9.1,-25.64,True
1.01,0.005,1.01,0.4,0.1,0.25,0.75,8.73,-23.67,True
1.01,0.005,1.01,0.4,0.1,0.5,0.5,8.34,-21.66,True
1.01,0.005,1.01,0.4,0.1,0.75,0.25,7.93,-19.61,True
1.01,0.005,1.01,0.4,0.1,1.0,0.0,7.5,-17.52,True
1.01,0.005,1.01,0.4,0.2,0.0,1.0,9.73,-24.96,True
1.01,0.005,1.01,0.4,0.2,0.25,0.75,9.41,-22.97,True
1.01,0.005,1.01,0.4,0.2,0.5,0.5,9.08,-20.87,True
1.01,0.005,1.01,0.4,0.2,0.75,0.25,8.73,-18.72,True
1.01,0.005,1.01,0.4,0.2,1.0,0.0,8.37,-16.5,True
1.01,0.005,1.01,0.4,0.3,0.0,1.0,10.28,-23.13,True
1.01,0.005,1.01,0.4,0.3,0.25,0.75,10.0,-21.03,True
1.01,0.005,1.01,0.4,0.3,0.5,0.5,9.71,-18.92,True
1.01,0.005,1.01,0.4,0.3,0.75,0.25,9.42,-17.66,True
1.01,0.005,1.01,0.4,0.3,1.0,0.0,9.11,-16.85,True
1.01,0.005,1.02,0.1,0.0,0.0,1.0,2.91,-14.18,True
1.01,0.005,1.02,0.1,0.0,0.25,0.75,2.8,-12.98,True
1.01,0.005,1.02,0.1,0.0,0.5,0.5,2.67,-11.78,True
1.01,0.005,1.02,0.1,0.0,0.75,0.25,2.53,-10.57,True
1.01,0.005,1.02,0.1,0.0,1.0,0.0,2.37,-9.35,True
1.01,0.005,1.02,0.1,0.1,0.0,1.0,5.14,-14.81,True
1.01,0.005,1.02,0.1,0.1,0.25,0.75,5.05,-13.67,True
1.01,0.005,1.02,0.1,0.1,0.5,0.5,4.96,-12.52,True
1.01,0.005,1.02,0.1,0.1,0.75,0.25,4.85,-11.36,True
1.01,0.005,1.02,0.1,0.1,1.0,0.0,4.74,-10.2,True
1.01,0.005,1.02,0.1,0.2,0.0,1.0,6.59,-13.87,True
1.01,0.005,1.02,0.1,0.2,0.25,0.75,6.52,-12.87,True
1.01,0.005,1.02,0.1,0.2,0.5,0.5,6.43,-12.05,True
1.01,0.005,1.02,0.1,0.2,0.75,0.25,6.34,-11.97,True
1.01,0.005,1.02,0.1,0.2,1.0,0.0,6.25,-11.91,True
1.01,0.005,1.02,0.1,0.3,0.0,1.0,7.67,-15.97,True
1.01,0.005,1.02,0.1,0.3,0.25,0.75,7.6,-15.89,True
1.01,0.005,1.02,0.1,0.3,0.5,0.5,7.53,-15.82,True
1.01,0.005,1.02,0.1,0.3,0.75,0.25,7.46,-15.74,True
1.01,0.005,1.02,0.1,0.3,1.0,0.0,7.38,-15.67,True
1.01,0.005,1.02,0.2,0.0,0.0,1.0,4.67,-21.48,True
1.01,0.005,1.02,0.2,0.0,0.25,0.75,4.46,-19.7,True
1.01,0.005,1.02,0.2,0.0,0.5,0.5,4.23,-17.89,True
1.01,0.005,1.02,0.2,0.0,0.75,0.25,3.98,-16.06,True
1.01,0.005,1.02,0.2,0.0,1.0,0.0,3.7,-14.21,True
1.01,0.005,1.02,0.2,0.1,0.0,1.0,6.37,-21.59,True
1.01,0.005,1.02,0.2,0.1,0.25,0.75,6.2,-19.87,True
1.01,0.005,1.02,0.2,0.1,0.5,0.5,6.01,-18.14,True
1.01,0.005,1.02,0.2,0.1,0.75,0.25,5.82,-16.38,True
1.01,0.005,1.02,0.2,0.1,1.0,0.0,5.61,-14.61,True
1.01,0.005,1.02,0.2,0.2,0.0,1.0,7.48,-20.15,True
1.01,0.005,1.02,0.2,0.2,0.25,0.75,7.34,-18.58,True
1.01,0.005,1.02,0.2,0.2,0.5,0.5,7.19,-16.99,True
1.01,0.005,1.02,0.2,0.2,0.75,0.25,7.03,-15.41,True
1.01,0.005,1.02,0.2,0.2,1.0,0.0,6.86,-13.83,True
1.01,0.005,1.02,0.2,0.3,0.0,1.0,8.28,-18.69,True
1.01,0.005,1.02,0.2,0.3,0.25,0.75,8.16,-17.21,True
1.01,0.005,1.02,0.2,0.3,0.5,0.5,8.04,-15.73,True
1.01,0.005,1.02,0.2,0.3,0.75,0.25,7.91,-15.29,True
1.01,0.005,1.02,0.2,0.3,1.0,0.0,7.77,-15.25,True
1.01,0.005,1.02,0.3,0.0,0.0,1.0,6.04,-26.77,True
1.01,0.005,1.02,0.3,0.0,0.25,0.75,5.74,-24.65,True
1.01,0.005,1.02,0.3,0.0,0.5,0.5,5.42,-22.48,True
1.01,0.005,1.02,0.3,0.0,0.75,0.25,5.07,-20.27,True
1.01,0.005,1.02,0.3,0.0,1.0,0.0,4.7,-18.0,True
1.01,0.005,1.02,0.3,0.1,0.0,1.0,7.17,-24.69,True
1.01,0.005,1.02,0.3,0.1,0.25,0.75,6.93,-22.71,True
1.01,0.005,1.02,0.3,0.1,0.5,0.5,6.69,-20.7,True
1.01,0.005,1.02,0.3,0.1,0.75,0.25,6.42,-18.66,True
1.01,0.005,1.02,0.3,0.1,1.0,0.0,6.15,-16.6,True
1.01,0.005,1.02,0.3,0.2,0.0,1.0,7.96,-22.73,True
1.01,0.005,1.02,0.3,0.2,0.25,0.75,7.78,-20.88,True
1.01,0.005,1.02,0.3,0.2,0.5,0.5,7.59,-19.02,True
1.01,0.005,1.02,0.3,0.2,0.75,0.25,7.4,-17.15,True
1.01,0.005,1.02,0.3,0.2,1.0,0.0,7.19,-15.28,True
1.01,0.005,1.02,0.3,0.3,0.0,1.0,8.74,-20.68,True
1.01,0.005,1.02,0.3,0.3,0.25,0.75,8.6,-18.91,True
1.01,0.005,1.02,0.3,0.3,0.5,0.5,8.44,-17.14,True
1.01,0.005,1.02,0.3,0.3,0.75,0.25,8.28,-15.65,True
1.01,0.005,1.02,0.3,0.3,1.0,0.0,8.11,-15.3,True
1.01,0.005,1.02,0.4,0.0,0.0,1.0,6.72,-28.49,True
1.01,0.005,1.02,0.4,0.0,0.25,0.75,6.38,-26.27,True
1.01,0.005,1.02,0.4,0.0,0.5,0.5,6.02,-23.99,True
1.01,0.005,1.02,0.4,0.0,0.75,0.25,5.63,-21.66,True
1.01,0.005,1.02,0.4,0.0,1.0,0.0,5.22,-19.26,True
1.01,0.005,1.02,0.4,0.1,0.0,1.0,7.59,-26.45,True
1.01,0.005,1.02,0.4,0.1,0.25,0.75,7.33,-24.33,True
1.01,0.005,1.02,0.4,0.1,0.5,0.5,7.06,-22.17,True
1.01,0.005,1.02,0.4,0.1,0.75,0.25,6.77,-19.97,True
1.01,0.005,1.02,0.4,0.1,1.0,0.0,6.47,-17.73,True
1.01,0.005,1.02,0.4,0.2,0.0,1.0,8.48,-23.78,True
1.01,0.005,1.02,0.4,0.2,0.25,0.75,8.26,-21.74,True
1.01,0.005,1.02,0.4,0.2,0.5,0.5,8.04,-19.69,True
1.01,0.005,1.02,0.4,0.2,0.75,0.25,7.8,-17.63,True
1.01,0.005,1.02,0.4,0.2,1.0,0.0,7.56,-15.57,True
1.01,0.005,1.02,0.4,0.3,0.0,1.0,9.19,-21.16,True
1.01,0.005,1.02,0.4,0.3,0.25,0.75,9.0,-19.28,True
1.01,0.005,1.02,0.4,0.3,0.5,0.5,8.81,-17.41,True
1.01,0.005,1.02,0.4,0.3,0.75,0.25,8.61,-16.4,True
1.01,0.005,1.02,0.4,0.3,1.0,0.0,8.4,-15.95,True
1.01,0.01,0.95,0.1,0.0,0.0,1.0,15.7,-31.09,True
1.01,0.01,0.95,0.1,0.0,0.25,0.75,14.73,-29.27,True
1.01,0.01,0.95,0.1,0.0,0.5,0.5,13.69,-27.18,True
1.01,0.01,0.95,0.1,0.0,0.75,0.25,12.58,-24.75,True
1.01,0.01,0.95,0.1,0.0,1.0,0.0,11.38,-21.88,True
1.01,0.01,0.95,0.1,0.1,0.0,1.0,15.63,-30.95,True
1.01,0.01,0.95,0.1,0.1,0.25,0.75,14.71,-29.13,True
1.01,0.01,0.95,0.1,0.1,0.5,0.5,13.74,-27.06,True
1.01,0.01,0.95,0.1,0.1,0.75,0.25,12.72,-24.67,True
1.01,0.01,0.95,0.1,0.1,1.0,0.0,11.64,-21.9,True
1.01,0.01,0.95,0.1,0.2,0.0,1.0,15.46,-30.8,True
1.01,0.01,0.95,0.1,0.2,0.25,0.75,14.6,-28.98,True
1.01,0.01,0.95,0.1,0.2,0.5,0.5,13.7,-26.92,True
1.01,0.01,0.95,0.1,0.2,0.75,0.25,12.75,-24.58,True
1.01,0.01,0.95,0.1,0.2,1.0,0.0,11.77,-21.92,True
1.01,0.01,0.95,0.1,0.3,0.0,1.0,15.27,-30.62,True
1.01,0.01,0.95,0.1,0.3,0.25,0.75,14.46,-28.81,True
1.01,0.01,0.95,0.1,0.3,0.5,0.5,13.63,-26.77,True
1.01,0.01,0.95,0.1,0.3,0.75,0.25,12.78,-24.49,True
1.01,0.01,0.95,0.1,0.3,1.0,0.0,11.89,-21.94,True
1.01,0.01,0.95,0.2,0.0,0.0,1.0,18.39,-35.12,True
1.01,0.01,0.95,0.2,0.0,0.25,0.75,17.25,-33.08,True
1.01,0.01,0.95,0.2,0.0,0.5,0.5,16.04,-30.76,True
1.01,0.01,0.95,0.2,0.0,0.75,0.25,14.74,-28.08,True
1.01,0.01,0.95,0.2,0.0,1.0,0.0,13.33,-24.95,True
1.01,0.01,0.95,0.2,0.1,0.0,1.0,18.18,-35.05,True
1.01,0.01,0.95,0.2,0.1,0.25,0.75,17.08,-33.01,True
1.01,0.01,0.95,0.2,0.1,0.5,0.5,15.91,-30.69,True
1.01,0.01,0.95,0.2,0.1,0.75,0.25,14.67,-28.05,True
1.01,0.01,0.95,0.2,0.1,1.0,0.0,13.35,-24.98,True
1.01,0.01,0.95,0.2,0.2,0.0,1.0,17.95,-34.97,True
1.01,0.01,0.95,0.2,0.2,0.25,0.75,16.89,-32.92,True
1.01,0.01,0.95,0.2,0.2,0.5,0.5,15.77,-30.62,True
1.01,0.01,0.95,0.2,0.2,0.75,0.25,14.6,-28.01,True
1.01,0.01,0.95,0.2,0.2,1.0,0.0,13.36,-25.02,True
1.01,0.01,0.95,0.2,0.3,0.0,1.0,17.7,-34.88,True
1.01,0.01,0.95,0.2,0.3,0.25,0.75,16.68,-32.83,True
1.01,0.01,0.95,0.2,0.3,0.5,0.5,15.62,-30.54,True
1.01,0.01,0.95,0.2,0.3,0.75,0.25,14.5,-27.96,True
1.01,0.01,0.95,0.2,0.3,1.0,0.0,13.35,-25.06,True
1.01,0.01,0.95,0.3,0.0,0.0,1.0,19.73,-39.04,True
1.01,0.01,0.95,0.3,0.0,0.25,0.75,18.51,-36.8,True
1.01,0.01,0.95,0.3,0.0,0.5,0.5,17.2,-34.27,True
1.01,0.01,0.95,0.3,0.0,0.75,0.25,15.8,-31.36,True
1.01,0.01,0.95,0.3,0.0,1.0,0.0,14.28,-27.96,True
1.01,0.01,0.95,0.3,0.1,0.0,1.0,19.38,-39.0,True
1.01,0.01,0.95,0.3,0.1,0.25,0.75,18.19,-36.75,True
1.01,0.01,0.95,0.3,0.1,0.5,0.5,16.93,-34.23,True
1.01,0.01,0.95,0.3,0.1,0.75,0.25,15.58,-31.35,True
1.01,0.01,0.95,0.3,0.1,1.0,0.0,14.15,-28.01,True
1.01,0.01,0.95,0.3,0.2,0.0,1.0,18.92,-38.94,True
1.01,0.01,0.95,0.3,0.2,0.25,0.75,17.77,-36.69,True
1.01,0.01,0.95,0.3,0.2,0.5,0.5,16.56,-34.18,True
1.01,0.01,0.95,0.3,0.2,0.75,0.25,15.28,-31.33,True
1.01,0.01,0.95,0.3,0.2,1.0,0.0,13.91,-28.06,True
1.01,0.01,0.95,0.3,0.3,0.0,1.0,18.38,-38.86,True
1.01,0.01,0.95,0.3,0.3,0.25,0.75,17.27,-36.62,True
1.01,0.01,0.95,0.3,0.3,0.5,0.5,16.11,-34.12,True
1.01,0.01,0.95,0.3,0.3,0.75,0.25,14.89,-31.31,True
1.01,0.01,0.95,0.3,0.3,1.0,0.0,13.63,-28.13,True
1.01,0.01,0.95,0.4,0.0,0.0,1.0,19.7,-42.85,False
1.01,0.01,0.95,0.4,0.0,0.25,0.75,18.51,-40.41,False
1.01,0.01,0.95,0.4,0.0,0.5,0.5,17.22,-37.67,True
1.01,0.01,0.95,0.4,0.0,0.75,0.25,15.83,-34.55,True
1.01,0.01,0.95,0.4,0.0,1.0,0.0,14.32,-30.92,True
1.01,0.01,0.95,0.4,0.1,0.0,1.0,19.22,-42.81,False
1.01,0.01,0.95,0.4,0.1,0.25,0.75,18.06,-40.37,False
1.01,0.01,0.95,0.4,0.1,0.5,0.5,16.82,-37.65,True
1.01,0.01,0.95,0.4,0.1,0.75,0.25,15.49,-34.55,True
1.01,0.01,0.95,0.4,0.1,1.0,0.0,14.06,-30.98,True
1.01,0.01,0.95,0.4,0.2,0.0,1.0,18.69,-42.76,False
1.01,0.01,0.95,0.4,0.2,0.25,0.75,17.58,-40.33,False
1.01,0.01,0.95,0.4,0.2,0.5,0.5,16.39,-37.61,True
1.01,0.01,0.95,0.4,0.2,0.75,0.25,15.13,-34.55,True
1.01,0.01,0.95,0.4,0.2,1.0,0.0,13.79,-31.06,True
1.01,0.01,0.95,0.4,0.3,0.0,1.0,18.11,-42.7,False
1.01,0.01,0.95,0.4,0.3,0.25,0.75,17.05,-40.27,False
1.01,0.01,0.95,0.4,0.3,0.5,0.5,15.94,-37.57,True
1.01,0.01,0.95,0.4,0.3,0.75,0.25,14.77,-34.55,True
1.01,0.01,0.95,0.4,0.3,1.0,0.0,13.55,-31.14,True
1.01,0.01,0.97,0.1,0.0,0.0,1.0,10.72,-26.68,True
1.01,0.01,0.97,0.1,0.0,0.25,0.75,10.08,-25.09,True
1.01,0.01,0.97,0.1,0.0,0.5,0.5,9.4,-23.26,True
1.01,0.01,0.97,0.1,0.0,0.75,0.25,8.68,-21.13,True
1.01,0.01,0.97,0.1,0.0,1.0,0.0,7.92,-18.61,True
1.01,0.01,0.97,0.1,0.1,0.0,1.0,11.28,-26.42,True
1.01,0.01,0.97,0.1,0.1,0.25,0.75,10.69,-24.89,True
1.01,0.01,0.97,0.1,0.1,0.5,0.5,10.09,-23.16,True
1.01,0.01,0.97,0.1,0.1,0.75,0.25,9.46,-21.2,True
1.01,0.01,0.97,0.1,0.1,1.0,0.0,8.82,-18.95,True
1.01,0.01,0.97,0.1,0.2,0.0,1.0,11.78,-26.19,True
1.01,0.01,0.97,0.1,0.2,0.25,0.75,11.24,-24.7,True
1.01,0.01,0.97,0.1,0.2,0.5,0.5,10.67,-23.07,True
1.01,0.01,0.97,0.1,0.2,0.75,0.25,10.09,-21.25,True
1.01,0.01,0.97,0.1,0.2,1.0,0.0,9.5,-19.24,True
1.01,0.01,0.97,0.1,0.3,0.0,1.0,12.17,-25.97,True
1.01,0.01,0.97,0.1,0.3,0.25,0.75,11.65,-24.54,True
1.01,0.01,0.97,0.1,0.3,0.5,0.5,11.13,-22.99,True
1.01,0.01,0.97,0.1,0.3,0.75,0.25,10.6,-21.3,True
1.01,0.01,0.97,0.1,0.3,1.0,0.0,10.07,-19.47,True
1.01,0.01,0.97,0.2,0.0,0.0,1.0,14.12,-29.93,True
1.01,0.01,0.97,0.2,0.0,0.25,0.75,13.26,-28.14,True
1.01,0.01,0.97,0.2,0.0,0.5,0.5,12.35,-26.12,True
1.01,0.01,0.97,0.2,0.0,0.75,0.25,11.39,-23.78,True
1.01,0.01,0.97,0.2,0.0,1.0,0.0,10.39,-21.04,True
1.01,0.01,0.97,0.2,0.1,0.0,1.0,14.31,-29.81,True
1.01,0.01,0.97,0.2,0.1,0.25,0.75,13.49,-28.06,True
1.01,0.01,0.97,0.2,0.1,0.5,0.5,12.64,-26.08,True
1.01,0.01,0.97,0.2,0.1,0.75,0.25,11.76,-23.85,True
1.01,0.01,0.97,0.2,0.1,1.0,0.0,10.85,-21.29,True
1.01,0.01,0.97,0.2,0.2,0.0,1.0,14.47,-29.7,True
1.01,0.01,0.97,0.2,0.2,0.25,0.75,13.69,-27.97,True
1.01,0.01,0.97,0.2,0.2,0.5,0.5,12.9,-26.05,True
1.01,0.01,0.97,0.2,0.2,0.75,0.25,12.08,-23.92,True
1.01,0.01,0.97,0.2,0.2,1.0,0.0,11.24,-21.52,True
1.01,0.01,0.97,0.2,0.3,0.0,1.0,14.44,-29.57,True
1.01,0.01,0.97,0.2,0.3,0.25,0.75,13.7,-27.88,True
1.01,0.01,0.97,0.2,0.3,0.5,0.5,12.95,-26.02,True
1.01,0.01,0.97,0.2,0.3,0.75,0.25,12.2,-23.99,True
1.01,0.01,0.97,0.2,0.3,1.0,0.0,11.44,-21.76,True
1.01,0.01,0.97,0.3,0.0,0.0,1.0,15.79,-33.13,True
1.01,0.01,0.97,0.3,0.0,0.25,0.75,14.82,-31.17,True
1.01,0.01,0.97,0.3,0.0,0.5,0.5,13.8,-28.95,True
1.01,0.01,0.97,0.3,0.0,0.75,0.25,12.72,-26.41,True
1.01,0.01,0.97,0.3,0.0,1.0,0.0,11.58,-23.43,True
1.01,0.01,0.97,0.3,0.1,0.0,1.0,15.67,-33.06,True
1.01,0.01,0.97,0.3,0.1,0.25,0.75,14.76,-31.12,True
1.01,0.01,0.97,0.3,0.1,0.5,0.5,13.8,-28.95,True
1.01,0.01,0.97,0.3,0.1,0.75,0.25,12.8,-26.49,True
1.01,0.01,0.97,0.3,0.1,1.0,0.0,11.75,-23.67,True
1.01,0.01,0.97,0.3,0.2,0.0,1.0,15.43,-32.98,True
1.01,0.01,0.97,0.3,0.2,0.25,0.75,14.56,-31.06,True
1.01,0.01,0.97,0.3,0.2,0.5,0.5,13.66,-28.94,True
1.01,0.01,0.97,0.3,0.2,0.75,0.25,12.73,-26.58,True
1.01,0.01,0.97,0.3,0.2,1.0,0.0,11.78,-23.92,True
1.01,0.01,0.97,0.3,0.3,0.0,1.0,15.15,-32.88,True
1.01,0.01,0.97,0.3,0.3,0.25,0.75,14.34,-31.0,True
1.01,0.01,0.97,0.3,0.3,0.5,0.5,13.51,-28.94,True
1.01,0.01,0.97,0.3,0.3,0.75,0.25,12.66,-26.67,True
1.01,0.01,0.97,0.3,0.3,1.0,0.0,11.81,-24.18,True
1.01,0.01,0.97,0.4,0.0,0.0,1.0,16.24,-36.28,True
1.01,0.01,0.97,0.4,0.0,0.25,0.75,15.25,-34.13,True
1.01,0.01,0.97,0.4,0.0,0.5,0.5,14.21,-31.73,True
1.01,0.01,0.97,0.4,0.0,0.75,0.25,13.11,-28.99,True
1.01,0.01,0.97,0.4,0.0,1.0,0.0,11.94,-25.8,True
1.01,0.01,0.97,0.4,0.1,0.0,1.0,15.98,-36.23,True
1.01,0.01,0.97,0.4,0.1,0.25,0.75,15.05,-34.11,True
1.01,0.01,0.97,0.4,0.1,0.5,0.5,14.07,-31.75,True
1.01,0.01,0.97,0.4,0.1,0.75,0.25,13.04,-29.09,True
1.01,0.01,0.97,0.4,0.1,1.0,0.0,11.97,-26.05,True
1.01,0.01,0.97,0.4,0.2,0.0,1.0,15.76,-36.18,True
1.01,0.01,0.97,0.4,0.2,0.25,0.75,14.88,-34.08,True
1.01,0.01,0.97,0.4,0.2,0.5,0.5,13.96,-31.77,True
1.01,0.01,0.97,0.4,0.2,0.75,0.25,13.01,-29.19,True
1.01,0.01,0.97,0.4,0.2,1.0,0.0,12.02,-26.31,True
1.01,0.01,0.97,0.4,0.3,0.0,1.0,15.6,-36.12,True
1.01,0.01,0.97,0.4,0.3,0.25,0.75,14.75,-34.05,True
1.01,0.01,0.97,0.4,0.3,0.5,0.5,13.87,-31.78,True
1.01,0.01,0.97,0.4,0.3,0.75,0.25,12.96,-29.3,True
1.01,0.01,0.97,0.4,0.3,1.0,0.0,12.06,-26.18,True
1.01,0.01,0.99,0.1,0.0,0.0,1.0,7.31,-19.49,True
1.01,0.01,0.99,0.1,0.0,0.25,0.75,6.88,-18.29,True
1.01,0.01,0.99,0.1,0.0,0.5,0.5,6.43,-16.91,True
1.01,0.01,0.99,0.1,0.0,0.75,0.25,5.94,-15.28,True
1.01,0.01,0.99,0.1,0.0,1.0,0.0,5.42,-13.33,True
1.01,0.01,0.99,0.1,0.1,0.0,1.0,8.14,-19.51,True
1.01,0.01,0.99,0.1,0.1,0.25,0.75,7.8,-18.46,True
1.01,0.01,0.99,0.1,0.1,0.5,0.5,7.45,-17.27,True
1.01,0.01,0.99,0.1,0.1,0.75,0.25,7.07,-15.93,True
1.01,0.01,0.99,0.1,0.1,1.0,0.0,6.68,-14.39,True
1.01,0.01,0.99,0.1,0.2,0.0,1.0,8.86,-19.53,True
1.01,0.01,0.99,0.1,0.2,0.25,0.75,8.57,-18.6,True
1.01,0.01,0.99,0.1,0.2,0.5,0.5,8.28,-17.58,True
1.01,0.01,0.99,0.1,0.2,0.75,0.25,7.99,-16.45,True
1.01,0.01,0.99,0.1,0.2,1.0,0.0,7.69,-15.21,True
1.01,0.01,0.99,0.1,0.3,0.0,1.0,9.59,-19.55,True
1.01,0.01,0.99,0.1,0.3,0.25,0.75,9.36,-18.72,True
1.01,0.01,0.99,0.1,0.3,0.5,0.5,9.13,-17.82,True
1.01,0.01,0.99,0.1,0.3,0.75,0.25,8.88,-16.86,True
1.01,0.01,0.99,0.1,0.3,1.0,0.0,8.63,-15.83,True
1.01,0.01,0.99,0.2,0.0,0.0,1.0,9.51,-20.39,True
1.01,0.01,0.99,0.2,0.0,0.25,0.75,8.95,-19.14,True
1.01,0.01,0.99,0.2,0.0,0.5,0.5,8.36,-17.7,True
1.01,0.01,0.99,0.2,0.0,0.75,0.25,7.73,-16.0,True
1.01,0.01,0.99,0.2,0.0,1.0,0.0,7.05,-13.98,True
1.01,0.01,0.99,0.2,0.1,0.0,1.0,10.4,-20.42,True
1.01,0.01,0.99,0.2,0.1,0.25,0.75,9.91,-19.27,True
1.01,0.01,0.99,0.2,0.1,0.5,0.5,9.4,-17.97,True
1.01,0.01,0.99,0.2,0.1,0.75,0.25,8.86,-16.49,True
1.01,0.01,0.99,0.2,0.1,1.0,0.0,8.28,-14.8,True
1.01,0.01,0.99,0.2,0.2,0.0,1.0,11.12,-20.44,True
1.01,0.01,0.99,0.2,0.2,0.25,0.75,10.67,-19.38,True
1.01,0.01,0.99,0.2,0.2,0.5,0.5,10.2,-18.21,True
1.01,0.01,0.99,0.2,0.2,0.75,0.25,9.71,-16.9,True
1.01,0.01,0.99,0.2,0.2,1.0,0.0,9.21,-15.45,True
1.01,0.01,0.99,0.2,0.3,0.0,1.0,11.57,-20.46,True
1.01,0.01,0.99,0.2,0.3,0.25,0.75,11.17,-19.49,True
1.01,0.01,0.99,0.2,0.3,0.5,0.5,10.74,-18.44,True
1.01,0.01,0.99,0.2,0.3,0.75,0.25,10.29,-17.3,True
1.01,0.01,0.99,0.2,0.3,1.0,0.0,9.82,-16.07,True
1.01,0.01,0.99,0.3,0.0,0.0,1.0,11.72,-21.28,True
1.01,0.01,0.99,0.3,0.0,0.25,0.75,11.02,-19.99,True
1.01,0.01,0.99,0.3,0.0,0.5,0.5,10.28,-18.5,True
1.01,0.01,0.99,0.3,0.0,0.75,0.25,9.49,-16.74,True
1.01,0.01,0.99,0.3,0.0,1.0,0.0,8.64,-14.63,True
1.01,0.01,0.99,0.3,0.1,0.0,1.0,12.07,-21.32,True
1.01,0.01,0.99,0.3,0.1,0.25,0.75,11.43,-20.11,True
1.01,0.01,0.99,0.3,0.1,0.5,0.5,10.75,-18.74,True
1.01,0.01,0.99,0.3,0.1,0.75,0.25,10.05,-17.18,True
1.01,0.01,0.99,0.3,0.1,1.0,0.0,9.31,-15.36,True
1.01,0.01,0.99,0.3,0.2,0.0,1.0,12.04,-21.35,True
1.01,0.01,0.99,0.3,0.2,0.25,0.75,11.47,-20.24,True
1.01,0.01,0.99,0.3,0.2,0.5,0.5,10.89,-19.0,True
1.01,0.01,0.99,0.3,0.2,0.75,0.25,10.29,-17.62,True
1.01,0.01,0.99,0.3,0.2,1.0,0.0,9.67,-16.07,True
1.01,0.01,0.99,0.3,0.3,0.0,1.0,12.01,-21.39,True
1.01,0.01,0.99,0.3,0.3,0.25,0.75,11.52,-20.37,True
1.01,0.01,0.99,0.3,0.3,0.5,0.5,11.02,-19.27,True
1.01,0.01,0.99,0.3,0.3,0.75,0.25,10.5,-18.06,True
1.01,0.01,0.99,0.3,0.3,1.0,0.0,9.99,-16.76,True
1.01,0.01,0.99,0.4,0.0,0.0,1.0,12.22,-22.18,True
1.01,0.01,0.99,0.4,0.0,0.25,0.75,11.51,-20.83,True
1.01,0.01,0.99,0.4,0.0,0.5,0.5,10.75,-19.28,True
1.01,0.01,0.99,0.4,0.0,0.75,0.25,9.93,-17.46,True
1.01,0.01,0.99,0.4,0.0,1.0,0.0,9.06,-15.27,True
1.01,0.01,0.99,0.4,0.1,0.0,1.0,12.19,-22.22,True
1.01,0.01,0.99,0.4,0.1,0.25,0.75,11.56,-20.96,True
1.01,0.01,0.99,0.4,0.1,0.5,0.5,10.89,-19.54,True
1.01,0.01,0.99,0.4,0.1,0.75,0.25,10.18,-17.91,True
1.01,0.01,0.99,0.4,0.1,1.0,0.0,9.44,-16.02,True
1.01,0.01,0.99,0.4,0.2,0.0,1.0,12.16,-22.27,True
1.01,0.01,0.99,0.4,0.2,0.25,0.75,11.59,-21.1,True
1.01,0.01,0.99,0.4,0.2,0.5,0.5,10.99,-19.8,True
1.01,0.01,0.99,0.4,0.2,0.75,0.25,10.36,-18.31,True
1.01,0.01,0.99,0.4,0.2,1.0,0.0,9.72,-16.65,True
1.01,0.01,0.99,0.4,0.3,0.0,1.0,12.19,-22.2,True
1.01,0.01,0.99,0.4,0.3,0.25,0.75,11.67,-21.07,True
1.01,0.01,0.99,0.4,0.3,0.5,0.5,11.13,-19.85,True
1.01,0.01,0.99,0.4,0.3,0.75,0.25,10.58,-18.53,True
1.01,0.01,0.99,0.4,0.3,1.0,0.0,10.03,-17.1,True
1.01,0.01,1.0,0.1,0.0,0.0,1.0,4.7,-12.85,True
1.01,0.01,1.0,0.1,0.0,0.25,0.75,4.43,-11.73,True
1.01,0.01,1.0,0.1,0.0,0.5,0.5,4.15,-10.61,True
1.01,0.01,1.0,0.1,0.0,0.75,0.25,3.85,-9.46,True
1.01,0.01,1.0,0.1,0.0,1.0,0.0,3.54,-8.3,True
1.01,0.01,1.0,0.1,0.1,0.0,1.0,6.26,-15.13,True
1.01,0.01,1.0,0.1,0.1,0.25,0.75,6.07,-14.42,True
1.01,0.01,1.0,0.1,0.1,0.5,0.5,5.87,-13.71,True
1.01,0.01,1.0,0.1,0.1,0.75,0.25,5.66,-13.02,True
1.01,0.01,1.0,0.1,0.1,1.0,0.0,5.45,-12.35,True
1.01,0.01,1.0,0.1,0.2,0.0,1.0,7.48,-16.98,True
1.01,0.01,1.0,0.1,0.2,0.25,0.75,7.34,-16.34,True
1.01,0.01,1.0,0.1,0.2,0.5,0.5,7.19,-15.73,True
1.01,0.01,1.0,0.1,0.2,0.75,0.25,7.03,-15.11,True
1.01,0.01,1.0,0.1,0.2,1.0,0.0,6.87,-14.53,True
1.01,0.01,1.0,0.1,0.3,0.0,1.0,8.55,-17.86,True
1.01,0.01,1.0,0.1,0.3,0.25,0.75,8.42,-17.29,True
1.01,0.01,1.0,0.1,0.3,0.5,0.5,8.28,-16.73,True
1.01,0.01,1.0,0.1,0.3,0.75,0.25,8.14,-16.15,True
1.01,0.01,1.0,0.1,0.3,1.0,0.0,7.99,-15.63,True
1.01,0.01,1.0,0.2,0.0,0.0,1.0,6.9,-19.17,True
1.01,0.01,1.0,0.2,0.0,0.25,0.75,6.51,-17.68,True
1.01,0.01,1.0,0.2,0.0,0.5,0.5,6.1,-16.17,True
1.01,0.01,1.0,0.2,0.0,0.75,0.25,5.66,-14.62,True
1.01,0.01,1.0,0.2,0.0,1.0,0.0,5.2,-13.04,True
1.01,0.01,1.0,0.2,0.1,0.0,1.0,8.41,-18.04,True
1.01,0.01,1.0,0.2,0.1,0.25,0.75,8.08,-16.91,True
1.01,0.01,1.0,0.2,0.1,0.5,0.5,7.73,-15.79,True
1.01,0.01,1.0,0.2,0.1,0.75,0.25,7.36,-14.7,True
1.01,0.01,1.0,0.2,0.1,1.0,0.0,6.99,-13.63,True
1.01,0.01,1.0,0.2,0.2,0.0,1.0,9.57,-18.35,True
1.01,0.01,1.0,0.2,0.2,0.25,0.75,9.27,-17.37,True
1.01,0.01,1.0,0.2,0.2,0.5,0.5,8.95,-16.42,True
1.01,0.01,1.0,0.2,0.2,0.75,0.25,8.63,-15.52,True
1.01,0.01,1.0,0.2,0.2,1.0,0.0,8.29,-14.68,True
1.01,0.01,1.0,0.2,0.3,0.0,1.0,10.38,-18.62,True
1.01,0.01,1.0,0.2,0.3,0.25,0.75,10.07,-17.76,True
1.01,0.01,1.0,0.2,0.3,0.5,0.5,9.74,-16.96,True
1.01,0.01,1.0,0.2,0.3,0.75,0.25,9.4,-16.22,True
1.01,0.01,1.0,0.2,0.3,1.0,0.0,9.07,-15.57,True
1.01,0.01,1.0,0.3,0.0,0.0,1.0,9.47,-22.76,True
1.01,0.01,1.0,0.3,0.0,0.25,0.75,8.89,-21.05,True
1.01,0.01,1.0,0.3,0.0,0.5,0.5,8.29,-19.29,True
1.01,0.01,1.0,0.3,0.0,0.75,0.25,7.66,-17.48,True
1.01,0.01,1.0,0.3,0.0,1.0,0.0,7.0,-15.61,True
1.01,0.01,1.0,0.3,0.1,0.0,1.0,10.28,-20.81,True
1.01,0.01,1.0,0.3,0.1,0.25,0.75,9.77,-19.02,True
1.01,0.01,1.0,0.3,0.1,0.5,0.5,9.24,-17.16,True
1.01,0.01,1.0,0.3,0.1,0.75,0.25,8.7,-15.24,True
1.01,0.01,1.0,0.3,0.1,1.0,0.0,8.14,-14.04,True
1.01,0.01,1.0,0.3,0.2,0.0,1.0,10.7,-19.18,True
1.01,0.01,1.0,0.3,0.2,0.25,0.75,10.26,-18.1,True
1.01,0.01,1.0,0.3,0.2,0.5,0.5,9.8,-17.06,True
1.01,0.01,1.0,0.3,0.2,0.75,0.25,9.35,-16.06,True
1.01,0.01,1.0,0.3,0.2,1.0,0.0,8.88,-15.13,True
1.01,0.01,1.0,0.3,0.3,0.0,1.0,11.08,-19.47,True
1.01,0.01,1.0,0.3,0.3,0.25,0.75,10.68,-18.52,True
1.01,0.01,1.0,0.3,0.3,0.5,0.5,10.28,-17.62,True
1.01,0.01,1.0,0.3,0.3,0.75,0.25,9.85,-16.8,True
1.01,0.01,1.0,0.3,0.3,1.0,0.0,9.42,-16.05,True
1.01,0.01,1.0,0.4,0.0,0.0,1.0,10.44,-24.05,True
1.01,0.01,1.0,0.4,0.0,0.25,0.75,9.82,-22.26,True
1.01,0.01,1.0,0.4,0.0,0.5,0.5,9.16,-20.41,True
1.01,0.01,1.0,0.4,0.0,0.75,0.25,8.47,-18.5,True
1.01,0.01,1.0,0.4,0.0,1.0,0.0,7.75,-16.53,True
1.01,0.01,1.0,0.4,0.1,0.0,1.0,10.9,-21.73,True
1.01,0.01,1.0,0.4,0.1,0.25,0.75,10.35,-19.86,True
1.01,0.01,1.0,0.4,0.1,0.5,0.5,9.78,-17.92,True
1.01,0.01,1.0,0.4,0.1,0.75,0.25,9.2,-15.93,True
1.01,0.01,1.0,0.4,0.1,1.0,0.0,8.59,-14.63,True
1.01,0.01,1.0,0.4,0.2,0.0,1.0,11.21,-20.07,True
1.01,0.01,1.0,0.4,0.2,0.25,0.75,10.7,-18.91,True
1.01,0.01,1.0,0.4,0.2,0.5,0.5,10.19,-17.78,True
1.01,0.01,1.0,0.4,0.2,0.75,0.25,9.66,-16.7,True
1.01,0.01,1.0,0.4,0.2,1.0,0.0,9.14,-15.69,True
1.01,0.01,1.0,0.4,0.3,0.0,1.0,11.51,-20.34,True
1.01,0.01,1.0,0.4,0.3,0.25,0.75,11.06,-19.29,True
1.01,0.01,1.0,0.4,0.3,0.5,0.5,10.6,-18.3,True
1.01,0.01,1.0,0.4,0.3,0.75,0.25,10.14,-17.37,True
1.01,0.01,1.0,0.4,0.3,1.0,0.0,9.68,-16.53,True
1.01,0.01,1.01,0.1,0.0,0.0,1.0,3.21,-6.56,True
1.01,0.01,1.01,0.1,0.0,0.25,0.75,3.03,-6.05,True
1.01,0.01,1.01,0.1,0.0,0.5,0.5,2.84,-5.49,True
1.01,0.01,1.01,0.1,0.0,0.75,0.25,2.63,-4.89,True
1.01,0.01,1.01,0.1,0.0,1.0,0.0,2.42,-4.22,True
1.01,0.01,1.01,0.1,0.1,0.0,1.0,5.02,-9.66,True
1.01,0.01,1.01,0.1,0.1,0.25,0.75,4.91,-9.44,True
1.01,0.01,1.01,0.1,0.1,0.5,0.5,4.81,-9.23,True
1.01,0.01,1.01,0.1,0.1,0.75,0.25,4.69,-9.04,True
1.01,0.01,1.01,0.1,0.1,1.0,0.0,4.57,-8.87,True
1.01,0.01,1.01,0.1,0.2,0.0,1.0,6.4,-12.77,True
1.01,0.01,1.01,0.1,0.2,0.25,0.75,6.33,-12.62,True
1.01,0.01,1.01,0.1,0.2,0.5,0.5,6.26,-12.47,True
1.01,0.01,1.01,0.1,0.2,0.75,0.25,6.18,-12.35,True
1.01,0.01,1.01,0.1,0.2,1.0,0.0,6.1,-12.24,True
1.01,0.01,1.01,0.1,0.3,0.0,1.0,7.54,-14.96,True
1.01,0.01,1.01,0.1,0.3,0.25,0.75,7.49,-14.82,True
1.01,0.01,1.01,0.1,0.3,0.5,0.5,7.43,-14.7,True
1.01,0.01,1.01,0.1,0.3,0.75,0.25,7.37,-14.59,True
1.01,0.01,1.01,0.1,0.3,1.0,0.0,7.31,-14.47,True
1.01,0.01,1.01,0.2,0.0,0.0,1.0,4.06,-10.66,True
1.01,0.01,1.01,0.2,0.0,0.25,0.75,3.87,-9.76,True
1.01,0.01,1.01,0.2,0.0,0.5,0.5,3.65,-8.86,True
1.01,0.01,1.01,0.2,0.0,0.75,0.25,3.42,-7.94,True
1.01,0.01,1.01,0.2,0.0,1.0,0.0,3.17,-7.02,True
1.01,0.01,1.01,0.2,0.1,0.0,1.0,5.91,-13.66,True
1.01,0.01,1.01,0.2,0.1,0.25,0.75,5.77,-13.01,True
1.01,0.01,1.01,0.2,0.1,0.5,0.5,5.62,-12.39,True
1.01,0.01,1.01,0.2,0.1,0.75,0.25,5.46,-11.79,True
1.01,0.01,1.01,0.2,0.1,1.0,0.0,5.29,-11.21,True
1.01,0.01,1.01,0.2,0.2,0.0,1.0,7.33,-15.61,True
1.01,0.01,1.01,0.2,0.2,0.25,0.75,7.2,-15.11,True
1.01,0.01,1.01,0.2,0.2,0.5,0.5,7.06,-14.63,True
1.01,0.01,1.01,0.2,0.2,0.75,0.25,6.91,-14.14,True
1.01,0.01,1.01,0.2,0.2,1.0,0.0,6.76,-13.7,True
1.01,0.01,1.01,0.2,0.3,0.0,1.0,8.27,-16.95,True
1.01,0.01,1.01,0.2,0.3,0.25,0.75,8.15,-16.51,True
1.01,0.01,1.01,0.2,0.3,0.5,0.5,8.03,-16.09,True
1.01,0.01,1.01,0.2,0.3,0.75,0.25,7.9,-15.71,True
1.01,0.01,1.01,0.2,0.3,1.0,0.0,7.77,-15.36,True
1.01,0.01,1.01,0.3,0.0,0.0,1.0,5.13,-15.06,True
1.01,0.01,1.01,0.3,0.0,0.25,0.75,4.87,-13.82,True
1.01,0.01,1.01,0.3,0.0,0.5,0.5,4.59,-12.57,True
1.01,0.01,1.01,0.3,0.0,0.75,0.25,4.29,-11.29,True
1.01,0.01,1.01,0.3,0.0,1.0,0.0,3.97,-10.0,True
1.01,0.01,1.01,0.3,0.1,0.0,1.0,6.66,-15.85,True
1.01,0.01,1.01,0.3,0.1,0.25,0.75,6.46,-15.0,True
1.01,0.01,1.01,0.3,0.1,0.5,0.5,6.25,-14.16,True
1.01,0.01,1.01,0.3,0.1,0.75,0.25,6.03,-13.35,True
1.01,0.01,1.01,0.3,0.1,1.0,0.0,5.8,-12.56,True
1.01,0.01,1.01,0.3,0.2,0.0,1.0,7.66,-17.5,True
1.01,0.01,1.01,0.3,0.2,0.25,0.75,7.49,-16.81,True
1.01,0.01,1.01,0.3,0.2,0.5,0.5,7.32,-16.15,True
1.01,0.01,1.01,0.3,0.2,0.75,0.25,7.14,-15.48,True
1.01,0.01,1.01,0.3,0.2,1.0,0.0,6.96,-14.82,True
1.01,0.01,1.01,0.3,0.3,0.0,1.0,8.35,-18.52,True
1.01,0.01,1.01,0.3,0.3,0.25,0.75,8.23,-17.89,True
1.01,0.01,1.01,0.3,0.3,0.5,0.5,8.11,-17.29,True
1.01,0.01,1.01,0.3,0.3,0.75,0.25,7.97,-16.73,True
1.01,0.01,1.01,0.3,0.3,1.0,0.0,7.84,-16.21,True
1.01,0.01,1.01,0.4,0.0,0.0,1.0,5.46,-17.95,True
1.01,0.01,1.01,0.4,0.0,0.25,0.75,5.2,-16.59,True
1.01,0.01,1.01,0.4,0.0,0.5,0.5,4.91,-15.22,True
1.01,0.01,1.01,0.4,0.0,0.75,0.25,4.6,-13.84,True
1.01,0.01,1.01,0.4,0.0,1.0,0.0,4.27,-12.44,True
1.01,0.01,1.01,0.4,0.1,0.0,1.0,6.74,-18.86,True
1.01,0.01,1.01,0.4,0.1,0.25,0.75,6.54,-17.53,True
1.01,0.01,1.01,0.4,0.1,0.5,0.5,6.33,-16.19,True
1.01,0.01,1.01,0.4,0.1,0.75,0.25,6.1,-14.85,True
1.01,0.01,1.01,0.4,0.1,1.0,0.0,5.86,-13.74,True
1.01,0.01,1.01,0.4,0.2,0.0,1.0,7.63,-18.74,True
1.01,0.01,1.01,0.4,0.2,0.25,0.75,7.48,-17.9,True
1.01,0.01,1.01,0.4,0.2,0.5,0.5,7.33,-17.09,True
1.01,0.01,1.01,0.4,0.2,0.75,0.25,7.16,-16.31,True
1.01,0.01,1.01,0.4,0.2,1.0,0.0,6.99,-15.56,True
1.01,0.01,1.01,0.4,0.3,0.0,1.0,8.46,-19.5,True
1.01,0.01,1.01,0.4,0.3,0.25,0.75,8.34,-18.8,True
1.01,0.01,1.01,0.4,0.3,0.5,0.5,8.21,-18.12,True
1.01,0.01,1.01,0.4,0.3,0.75,0.25,8.08,-17.47,True
1.01,0.01,1.01,0.4,0.3,1.0,0.0,7.94,-16.87,True
1.01,0.01,1.02,0.1,0.0,0.0,1.0,2.27,-8.51,True
1.01,0.01,1.02,0.1,0.0,0.25,0.75,2.13,-7.74,True
1.01,0.01,1.02,0.1,0.0,0.5,0.5,2.0,-6.98,True
1.01,0.01,1.02,0.1,0.0,0.75,0.25,1.85,-6.22,True
1.01,0.01,1.02,0.1,0.0,1.0,0.0,1.7,-5.45,True
1.01,0.01,1.02,0.1,0.1,0.0,1.0,4.49,-7.98,True
1.01,0.01,1.02,0.1,0.1,0.25,0.75,4.41,-7.93,True
1.01,0.01,1.02,0.1,0.1,0.5,0.5,4.33,-7.88,True
1.01,0.01,1.02,0.1,0.1,0.75,0.25,4.24,-7.84,True
1.01,0.01,1.02,0.1,0.1,1.0,0.0,4.14,-7.82,True
1.01,0.01,1.02,0.1,0.2,0.0,1.0,6.05,-11.44,True
1.01,0.01,1.02,0.1,0.2,0.25,0.75,5.99,-11.42,True
1.01,0.01,1.02,0.1,0.2,0.5,0.5,5.92,-11.4,True
1.01,0.01,1.02,0.1,0.2,0.75,0.25,5.85,-11.38,True
1.01,0.01,1.02,0.1,0.2,1.0,0.0,5.78,-11.39,True
1.01,0.01,1.02,0.1,0.3,0.0,1.0,7.23,-16.1,True
1.01,0.01,1.02,0.1,0.3,0.25,0.75,7.19,-16.02,True
1.01,0.01,1.02,0.1,0.3,0.5,0.5,7.14,-15.88,True
1.01,0.01,1.02,0.1,0.3,0.75,0.25,7.09,-15.73,True
1.01,0.01,1.02,0.1,0.3,1.0,0.0,7.03,-15.58,True
1.01,0.01,1.02,0.2,0.0,0.0,1.0,2.83,-12.83,True
1.01,0.01,1.02,0.2,0.0,0.25,0.75,2.71,-11.66,True
1.01,0.01,1.02,0.2,0.0,0.5,0.5,2.56,-10.49,True
1.01,0.01,1.02,0.2,0.0,0.75,0.25,2.41,-9.33,True
1.01,0.01,1.02,0.2,0.0,1.0,0.0,2.24,-8.16,True
1.01,0.01,1.02,0.2,0.1,0.0,1.0,4.98,-9.95,True
1.01,0.01,1.02,0.2,0.1,0.25,0.75,4.9,-9.57,True
1.01,0.01,1.02,0.2,0.1,0.5,0.5,4.81,-9.36,True
1.01,0.01,1.02,0.2,0.1,0.75,0.25,4.71,-9.18,True
1.01,0.01,1.02,0.2,0.1,1.0,0.0,4.6,-9.01,True
1.01,0.01,1.02,0.2,0.2,0.0,1.0,6.42,-13.18,True
1.01,0.01,1.02,0.2,0.2,0.25,0.75,6.36,-12.99,True
1.01,0.01,1.02,0.2,0.2,0.5,0.5,6.29,-12.82,True
1.01,0.01,1.02,0.2,0.2,0.75,0.25,6.22,-12.66,True
1.01,0.01,1.02,0.2,0.2,1.0,0.0,6.14,-12.53,True
1.01,0.01,1.02,0.2,0.3,0.0,1.0,7.46,-16.57,True
1.01,0.01,1.02,0.2,0.3,0.25,0.75,7.41,-16.44,True
1.01,0.01,1.02,0.2,0.3,0.5,0.5,7.36,-16.3,True
1.01,0.01,1.02,0.2,0.3,0.75,0.25,7.3,-16.17,True
1.01,0.01,1.02,0.2,0.3,1.0,0.0,7.24,-16.04,True
1.01,0.01,1.02,0.3,0.0,0.0,1.0,2.98,-13.06,True
1.01,0.01,1.02,0.3,0.0,0.25,0.75,2.87,-11.97,True
1.01,0.01,1.02,0.3,0.0,0.5,0.5,2.74,-10.87,True
1.01,0.01,1.02,0.3,0.0,0.75,0.25,2.59,-9.77,True
1.01,0.01,1.02,0.3,0.0,1.0,0.0,2.42,-8.66,True
1.01,0.01,1.02,0.3,0.1,0.0,1.0,5.11,-14.28,True
1.01,0.01,1.02,0.3,0.1,0.25,0.75,5.03,-13.2,True
1.01,0.01,1.02,0.3,0.1,0.5,0.5,4.94,-12.12,True
1.01,0.01,1.02,0.3,0.1,0.75,0.25,4.85,-11.03,True
1.01,0.01,1.02,0.3,0.1,1.0,0.0,4.74,-10.47,True
1.01,0.01,1.02,0.3,0.2,0.0,1.0,6.44,-15.22,True
1.01,0.01,1.02,0.3,0.2,0.25,0.75,6.39,-14.81,True
1.01,0.01,1.02,0.3,0.2,0.5,0.5,6.33,-14.42,True
1.01,0.01,1.02,0.3,0.2,0.75,0.25,6.26,-14.05,True
1.01,0.01,1.02,0.3,0.2,1.0,0.0,6.19,-13.71,True
1.01,0.01,1.02,0.3,0.3,0.0,1.0,7.56,-16.9,True
1.01,0.01,1.02,0.3,0.3,0.25,0.75,7.51,-16.7,True
1.01,0.01,1.02,0.3,0.3,0.5,0.5,7.45,-16.54,True
1.01,0.01,1.02,0.3,0.3,0.75,0.25,7.39,-16.38,True
1.01,0.01,1.02,0.3,0.3,1.0,0.0,7.33,-16.22,True
1.01,0.01,1.02,0.4,0.0,0.0,1.0,2.97,-17.21,True
1.01,0.01,1.02,0.4,0.0,0.25,0.75,2.88,-15.79,True
1.01,0.01,1.02,0.4,0.0,0.5,0.5,2.77,-14.36,True
1.01,0.01,1.02,0.4,0.0,0.75,0.25,2.65,-12.91,True
1.01,0.01,1.02,0.4,0.0,1.0,0.0,2.5,-11.45,True
1.01,0.01,1.02,0.4,0.1,0.0,1.0,5.08,-18.16,True
1.01,0.01,1.02,0.4,0.1,0.25,0.75,5.02,-16.72,True
1.01,0.01,1.02,0.4,0.1,0.5,0.5,4.94,-15.28,True
1.01,0.01,1.02,0.4,0.1,0.75,0.25,4.86,-13.84,True
1.01,0.01,1.02,0.4,0.1,1.0,0.0,4.76,-12.39,True
1.01,0.01,1.02,0.4,0.2,0.0,1.0,6.62,-16.49,True
1.01,0.01,1.02,0.4,0.2,0.25,0.75,6.56,-15.79,True
1.01,0.01,1.02,0.4,0.2,0.5,0.5,6.49,-15.31,True
1.01,0.01,1.02,0.4,0.2,0.75,0.25,6.41,-14.84,True
1.01,0.01,1.02,0.4,0.2,1.0,0.0,6.32,-14.4,True
1.01,0.01,1.02,0.4,0.3,0.0,1.0,7.68,-17.83,True
1.01,0.01,1.02,0.4,0.3,0.25,0.75,7.63,-17.37,True
1.01,0.01,1.02,0.4,0.3,0.5,0.5,7.57,-16.89,True
1.01,0.01,1.02,0.4,0.3,0.75,0.25,7.5,-16.41,True
1.01,0.01,1.02,0.4,0.3,1.0,0.0,7.43,-16.11,True
1.01,0.015,0.95,0.1,0.0,0.0,1.0,10.42,-29.92,True
1.01,0.015,0.95,0.1,0.0,0.25,0.75,9.74,-28.14,True
1.01,0.015,0.95,0.1,0.0,0.5,0.5,9.03,-26.11,True
1.01,0.015,0.95,0.1,0.0,0.75,0.25,8.27,-23.75,True
1.01,0.015,0.95,0.1,0.0,1.0,0.0,7.45,-20.99,True
1.01,0.015,0.95,0.1,0.1,0.0,1.0,11.16,-29.6,True
1.01,0.015,0.95,0.1,0.1,0.25,0.75,10.55,-27.84,True
1.01,0.015,0.95,0.1,0.1,0.5,0.5,9.92,-25.85,True
1.01,0.015,0.95,0.1,0.1,0.75,0.25,9.26,-23.6,True
1.01,0.015,0.95,0.1,0.1,1.0,0.0,8.57,-21.02,True
1.01,0.015,0.95,0.1,0.2,0.0,1.0,11.76,-29.31,True
1.01,0.015,0.95,0.1,0.2,0.25,0.75,11.21,-27.58,True
1.01,0.015,0.95,0.1,0.2,0.5,0.5,10.66,-25.64,True
1.01,0.015,0.95,0.1,0.2,0.75,0.25,10.06,-23.47,True
1.01,0.015,0.95,0.1,0.2,1.0,0.0,9.43,-21.04,True
1.01,0.015,0.95,0.1,0.3,0.0,1.0,12.17,-29.04,True
1.01,0.015,0.95,0.1,0.3,0.25,0.75,11.63,-27.32,True
1.01,0.015,0.95,0.1,0.3,0.5,0.5,11.08,-25.41,True
1.01,0.015,0.95,0.1,0.3,0.75,0.25,10.53,-23.33,True
1.01,0.015,0.95,0.1,0.3,1.0,0.0,9.97,-21.06,True
1.01,0.015,0.95,0.2,0.0,0.0,1.0,14.94,-32.86,True
1.01,0.015,0.95,0.2,0.0,0.25,0.75,14.0,-30.93,True
1.01,0.015,0.95,0.2,0.0,0.5,0.5,13.0,-28.73,True
1.01,0.015,0.95,0.2,0.0,0.75,0.25,11.93,-26.19,True
1.01,0.015,0.95,0.2,0.0,1.0,0.0,10.78,-23.21,True
1.01,0.015,0.95,0.2,0.1,0.0,1.0,14.98,-32.72,True
1.01,0.015,0.95,0.2,0.1,0.25,0.75,14.08,-30.79,True
1.01,0.015,0.95,0.2,0.1,0.5,0.5,13.13,-28.61,True
1.01,0.015,0.95,0.2,0.1,0.75,0.25,12.14,-26.12,True
1.01,0.015,0.95,0.2,0.1,1.0,0.0,11.09,-23.24,True
1.01,0.015,0.95,0.2,0.2,0.0,1.0,14.97,-32.58,True
1.01,0.015,0.95,0.2,0.2,0.25,0.75,14.12,-30.65,True
1.01,0.015,0.95,0.2,0.2,0.5,0.5,13.23,-28.48,True
1.01,0.015,0.95,0.2,0.2,0.75,0.25,12.31,-26.04,True
1.01,0.015,0.95,0.2,0.2,1.0,0.0,11.35,-23.28,True
1.01,0.015,0.95,0.2,0.3,0.0,1.0,14.78,-32.41,True
1.01,0.015,0.95,0.2,0.3,0.25,0.75,13.98,-30.48,True
1.01,0.015,0.95,0.2,0.3,0.5,0.5,13.15,-28.33,True
1.01,0.015,0.95,0.2,0.3,0.75,0.25,12.32,-25.95,True
1.01,0.015,0.95,0.2,0.3,1.0,0.0,11.49,-23.32,True
1.01,0.015,0.95,0.3,0.0,0.0,1.0,16.61,-35.73,True
1.01,0.015,0.95,0.3,0.0,0.25,0.75,15.58,-33.64,True
1.01,0.015,0.95,0.3,0.0,0.5,0.5,14.49,-31.27,True
1.01,0.015,0.95,0.3,0.0,0.75,0.25,13.31,-28.56,True
1.01,0.015,0.95,0.3,0.0,1.0,0.0,12.04,-25.4,True
1.01,0.015,0.95,0.3,0.1,0.0,1.0,16.42,-35.64,True
1.01,0.015,0.95,0.3,0.1,0.25,0.75,15.44,-33.54,True
1.01,0.015,0.95,0.3,0.1,0.5,0.5,14.41,-31.19,True
1.01,0.015,0.95,0.3,0.1,0.75,0.25,13.31,-28.52,True
1.01,0.015,0.95,0.3,0.1,1.0,0.0,12.15,-25.44,True
1.01,0.015,0.95,0.3,0.2,0.0,1.0,16.17,-35.53,True
1.01,0.015,0.95,0.3,0.2,0.25,0.75,15.25,-33.44,True
1.01,0.015,0.95,0.3,0.2,0.5,0.5,14.29,-31.1,True
1.01,0.015,0.95,0.3,0.2,0.75,0.25,13.28,-28.47,True
1.01,0.015,0.95,0.3,0.2,1.0,0.0,12.21,-25.49,True
1.01,0.015,0.95,0.3,0.3,0.0,1.0,15.91,-35.4,True
1.01,0.015,0.95,0.3,0.3,0.25,0.75,15.05,-33.31,True
1.01,0.015,0.95,0.3,0.3,0.5,0.5,14.15,-30.99,True
1.01,0.015,0.95,0.3,0.3,0.75,0.25,13.21,-28.41,True
1.01,0.015,0.95,0.3,0.3,1.0,0.0,12.25,-25.55,True
1.01,0.015,0.95,0.4,0.0,0.0,1.0,17.61,-38.55,True
1.01,0.015,0.95,0.4,0.0,0.25,0.75,16.53,-36.3,True
1.01,0.015,0.95,0.4,0.0,0.5,0.5,15.37,-33.78,True
1.01,0.015,0.95,0.4,0.0,0.75,0.25,14.13,-30.9,True
1.01,0.015,0.95,0.4,0.0,1.0,0.0,12.78,-27.56,True
1.01,0.015,0.95,0.4,0.1,0.0,1.0,17.33,-38.48,True
1.01,0.015,0.95,0.4,0.1,0.25,0.75,16.3,-36.23,True
1.01,0.015,0.95,0.4,0.1,0.5,0.5,15.2,-33.72,True
1.01,0.015,0.95,0.4,0.1,0.75,0.25,14.04,-30.87,True
1.01,0.015,0.95,0.4,0.1,1.0,0.0,12.79,-27.62,True
1.01,0.015,0.95,0.4,0.2,0.0,1.0,17.07,-38.4,True
1.01,0.015,0.95,0.4,0.2,0.25,0.75,16.09,-36.15,True
1.01,0.015,0.95,0.4,0.2,0.5,0.5,15.05,-33.65,True
1.01,0.015,0.95,0.4,0.2,0.75,0.25,13.96,-30.85,True
1.01,0.015,0.95,0.4,0.2,1.0,0.0,12.81,-27.68,True
1.01,0.015,0.95,0.4,0.3,0.0,1.0,16.84,-38.31,True
1.01,0.015,0.95,0.4,0.3,0.25,0.75,15.91,-36.06,True
1.01,0.015,0.95,0.4,0.3,0.5,0.5,14.93,-33.58,True
1.01,0.015,0.95,0.4,0.3,0.75,0.25,13.93,-30.82,True
1.01,0.015,0.95,0.4,0.3,1.0,0.0,12.87,-27.74,True
1.01,0.015,0.97,0.1,0.0,0.0,1.0,6.41,-25.44,True
1.01,0.015,0.97,0.1,0.0,0.25,0.75,5.99,-23.9,True
1.01,0.015,0.97,0.1,0.0,0.5,0.5,5.56,-22.14,True
1.01,0.015,0.97,0.1,0.0,0.75,0.25,5.11,-20.09,True
1.01,0.015,0.97,0.1,0.0,1.0,0.0,4.65,-17.69,True
1.01,0.015,0.97,0.1,0.1,0.0,1.0,8.09,-24.97,True
1.01,0.015,0.97,0.1,0.1,0.25,0.75,7.7,-23.56,True
1.01,0.015,0.97,0.1,0.1,0.5,0.5,7.3,-21.98,True
1.01,0.015,0.97,0.1,0.1,0.75,0.25,6.9,-20.19,True
1.01,0.015,0.97,0.1,0.1,1.0,0.0,6.48,-18.15,True
1.01,0.015,0.97,0.1,0.2,0.0,1.0,9.0,-24.58,True
1.01,0.015,0.97,0.1,0.2,0.25,0.75,8.66,-23.27,True
1.01,0.015,0.97,0.1,0.2,0.5,0.5,8.31,-21.83,True
1.01,0.015,0.97,0.1,0.2,0.75,0.25,7.96,-20.24,True
1.01,0.015,0.97,0.1,0.2,1.0,0.0,7.6,-18.49,True
1.01,0.015,0.97,0.1,0.3,0.0,1.0,9.77,-24.25,True
1.01,0.015,0.97,0.1,0.3,0.25,0.75,9.46,-23.02,True
1.01,0.015,0.97,0.1,0.3,0.5,0.5,9.15,-21.71,True
1.01,0.015,0.97,0.1,0.3,0.75,0.25,8.84,-20.29,True
1.01,0.015,0.97,0.1,0.3,1.0,0.0,8.53,-18.77,True
1.01,0.015,0.97,0.2,0.0,0.0,1.0,10.27,-27.49,True
1.01,0.015,0.97,0.2,0.0,0.25,0.75,9.61,-25.84,True
1.01,0.015,0.97,0.2,0.0,0.5,0.5,8.92,-23.96,True
1.01,0.015,0.97,0.2,0.0,0.75,0.25,8.21,-21.78,True
1.01,0.015,0.97,0.2,0.0,1.0,0.0,7.46,-19.21,True
1.01,0.015,0.97,0.2,0.1,0.0,1.0,10.92,-27.23,True
1.01,0.015,0.97,0.2,0.1,0.25,0.75,10.32,-25.64,True
1.01,0.015,0.97,0.2,0.1,0.5,0.5,9.7,-23.86,True
1.01,0.015,0.97,0.2,0.1,0.75,0.25,9.07,-21.85,True
1.01,0.015,0.97,0.2,0.1,1.0,0.0,8.43,-19.57,True
1.01,0.015,0.97,0.2,0.2,0.0,1.0,11.35,-26.99,True
1.01,0.015,0.97,0.2,0.2,0.25,0.75,10.82,-25.46,True
1.01,0.015,0.97,0.2,0.2,0.5,0.5,10.29,-23.77,True
1.01,0.015,0.97,0.2,0.2,0.75,0.25,9.75,-21.91,True
1.01,0.015,0.97,0.2,0.2,1.0,0.0,9.21,-19.86,True
1.01,0.015,0.97,0.2,0.3,0.0,1.0,11.79,-26.78,True
1.01,0.015,0.97,0.2,0.3,0.25,0.75,11.31,-25.3,True
1.01,0.015,0.97,0.2,0.3,0.5,0.5,10.82,-23.7,True
1.01,0.015,0.97,0.2,0.3,0.75,0.25,10.34,-21.97,True
1.01,0.015,0.97,0.2,0.3,1.0,0.0,9.85,-20.12,True
1.01,0.015,0.97,0.3,0.0,0.0,1.0,12.33,-29.5,True
1.01,0.015,0.97,0.3,0.0,0.25,0.75,11.55,-27.73,True
1.01,0.015,0.97,0.3,0.0,0.5,0.5,10.74,-25.72,True
1.01,0.015,0.97,0.3,0.0,0.75,0.25,9.89,-23.41,True
1.01,0.015,0.97,0.3,0.0,1.0,0.0,9.01,-20.71,True
1.01,0.015,0.97,0.3,0.1,0.0,1.0,12.71,-29.33,True
1.01,0.015,0.97,0.3,0.1,0.25,0.75,11.99,-27.6,True
1.01,0.015,0.97,0.3,0.1,0.5,0.5,11.25,-25.67,True
1.01,0.015,0.97,0.3,0.1,0.75,0.25,10.49,-23.5,True
1.01,0.015,0.97,0.3,0.1,1.0,0.0,9.71,-21.02,True
1.01,0.015,0.97,0.3,0.2,0.0,1.0,12.96,-29.17,True
1.01,0.015,0.97,0.3,0.2,0.25,0.75,12.29,-27.48,True
1.01,0.015,0.97,0.3,0.2,0.5,0.5,11.61,-25.62,True
1.01,0.015,0.97,0.3,0.2,0.75,0.25,10.91,-23.57,True
1.01,0.015,0.97,0.3,0.2,1.0,0.0,10.21,-21.3,True
1.01,0.015,0.97,0.3,0.3,0.0,1.0,13.18,-29.01,True
1.01,0.015,0.97,0.3,0.3,0.25,0.75,12.56,-27.36,True
1.01,0.015,0.97,0.3,0.3,0.5,0.5,11.93,-25.58,True
1.01,0.015,0.97,0.3,0.3,0.75,0.25,11.3,-23.65,True
1.01,0.015,0.97,0.3,0.3,1.0,0.0,10.67,-21.55,True
1.01,0.015,0.97,0.4,0.0,0.0,1.0,13.7,-31.49,True
1.01,0.015,0.97,0.4,0.0,0.25,0.75,12.84,-29.6,True
1.01,0.015,0.97,0.4,0.0,0.5,0.5,11.94,-27.47,True
1.01,0.015,0.97,0.4,0.0,0.75,0.25,11.0,-25.04,True
1.01,0.015,0.97,0.4,0.0,1.0,0.0,10.01,-22.2,True
1.01,0.015,0.97,0.4,0.1,0.0,1.0,13.91,-31.37,True
1.01,0.015,0.97,0.4,0.1,0.25,0.75,13.1,-29.52,True
1.01,0.015,0.97,0.4,0.1,0.5,0.5,12.27,-27.45,True
1.01,0.015,0.97,0.4,0.1,0.75,0.25,11.41,-25.13,True
1.01,0.015,0.97,0.4,0.1,1.0,0.0,10.52,-22.49,True
1.01,0.015,0.97,0.4,0.2,0.0,1.0,14.12,-31.25,True
1.01,0.015,0.97,0.4,0.2,0.25,0.75,13.35,-29.43,True
1.01,0.015,0.97,0.4,0.2,0.5,0.5,12.56,-27.43,True
1.01,0.015,0.97,0.4,0.2,0.75,0.25,11.77,-25.22,True
1.01,0.015,0.97,0.4,0.2,1.0,0.0,10.95,-22.75,True
1.01,0.015,0.97,0.4,0.3,0.0,1.0,14.15,-31.12,True
1.01,0.015,0.97,0.4,0.3,0.25,0.75,13.43,-29.35,True
1.01,0.015,0.97,0.4,0.3,0.5,0.5,12.69,-27.4,True
1.01,0.015,0.97,0.4,0.3,0.75,0.25,11.94,-25.18,True
1.01,0.015,0.97,0.4,0.3,1.0,0.0,11.2,-22.77,True
1.01,0.015,0.99,0.1,0.0,0.0,1.0,5.25,-20.02,True
1.01,0.015,0.99,0.1,0.0,0.25,0.75,4.89,-18.52,True
1.01,0.015,0.99,0.1,0.0,0.5,0.5,4.52,-16.93,True
1.01,0.015,0.99,0.1,0.0,0.75,0.25,4.14,-15.28,True
1.01,0.015,0.99,0.1,0.0,1.0,0.0,3.73,-13.55,True
1.01,0.015,0.99,0.1,0.1,0.0,1.0,6.66,-19.27,True
1.01,0.015,0.99,0.1,0.1,0.25,0.75,6.37,-18.28,True
1.01,0.015,0.99,0.1,0.1,0.5,0.5,6.08,-17.16,True
1.01,0.015,0.99,0.1,0.1,0.75,0.25,5.78,-15.9,True
1.01,0.015,0.99,0.1,0.1,1.0,0.0,5.47,-14.46,True
1.01,0.015,0.99,0.1,0.2,0.0,1.0,7.71,-19.29,True
1.01,0.015,0.99,0.1,0.2,0.25,0.75,7.48,-18.46,True
1.01,0.015,0.99,0.1,0.2,0.5,0.5,7.25,-17.54,True
1.01,0.015,0.99,0.1,0.2,0.75,0.25,7.0,-16.53,True
1.01,0.015,0.99,0.1,0.2,1.0,0.0,6.75,-15.41,True
1.01,0.015,0.99,0.1,0.3,0.0,1.0,8.57,-19.31,True
1.01,0.015,0.99,0.1,0.3,0.25,0.75,8.38,-18.6,True
1.01,0.015,0.99,0.1,0.3,0.5,0.5,8.17,-17.84,True
1.01,0.015,0.99,0.1,0.3,0.75,0.25,7.96,-17.02,True
1.01,0.015,0.99,0.1,0.3,1.0,0.0,7.74,-16.14,True
1.01,0.015,0.99,0.2,0.0,0.0,1.0,7.26,-25.44,True
1.01,0.015,0.99,0.2,0.0,0.25,0.75,6.8,-23.64,True
1.01,0.015,0.99,0.2,0.0,0.5,0.5,6.33,-21.74,True
1.01,0.015,0.99,0.2,0.0,0.75,0.25,5.82,-19.74,True
1.01,0.015,0.99,0.2,0.0,1.0,0.0,5.29,-17.62,True
1.01,0.015,0.99,0.2,0.1,0.0,1.0,8.24,-23.42,True
1.01,0.015,0.99,0.2,0.1,0.25,0.75,7.87,-21.59,True
1.01,0.015,0.99,0.2,0.1,0.5,0.5,7.49,-19.67,True
1.01,0.015,0.99,0.2,0.1,0.75,0.25,7.1,-17.66,True
1.01,0.015,0.99,0.2,0.1,1.0,0.0,6.69,-15.54,True
1.01,0.015,0.99,0.2,0.2,0.0,1.0,9.12,-21.27,True
1.01,0.015,0.99,0.2,0.2,0.25,0.75,8.81,-19.44,True
1.01,0.015,0.99,0.2,0.2,0.5,0.5,8.49,-17.96,True
1.01,0.015,0.99,0.2,0.2,0.75,0.25,8.16,-16.81,True
1.01,0.015,0.99,0.2,0.2,1.0,0.0,7.82,-15.56,True
1.01,0.015,0.99,0.2,0.3,0.0,1.0,9.85,-19.98,True
1.01,0.015,0.99,0.2,0.3,0.25,0.75,9.57,-19.13,True
1.01,0.015,0.99,0.2,0.3,0.5,0.5,9.28,-18.21,True
1.01,0.015,0.99,0.2,0.3,0.75,0.25,9.0,-17.23,True
1.01,0.015,0.99,0.2,0.3,1.0,0.0,8.7,-16.19,True
1.01,0.015,0.99,0.3,0.0,0.0,1.0,8.7,-27.14,True
1.01,0.015,0.99,0.3,0.0,0.25,0.75,8.17,-25.2,True
1.01,0.015,0.99,0.3,0.0,0.5,0.5,7.61,-23.17,True
1.01,0.015,0.99,0.3,0.0,0.75,0.25,7.02,-21.03,True
1.01,0.015,0.99,0.3,0.0,1.0,0.0,6.39,-18.76,True
1.01,0.015,0.99,0.3,0.1,0.0,1.0,9.62,-24.4,True
1.01,0.015,0.99,0.3,0.1,0.25,0.75,9.15,-22.47,True
1.01,0.015,0.99,0.3,0.1,0.5,0.5,8.67,-20.46,True
1.01,0.015,0.99,0.3,0.1,0.75,0.25,8.18,-18.34,True
1.01,0.015,0.99,0.3,0.1,1.0,0.0,7.66,-16.11,True
1.01,0.015,0.99,0.3,0.2,0.0,1.0,10.36,-21.29,True
1.01,0.015,0.99,0.3,0.2,0.25,0.75,9.95,-19.57,True
1.01,0.015,0.99,0.3,0.2,0.5,0.5,9.52,-18.43,True
1.01,0.015,0.99,0.3,0.2,0.75,0.25,9.09,-17.17,True
1.01,0.015,0.99,0.3,0.2,1.0,0.0,8.65,-15.78,True
1.01,0.015,0.99,0.3,0.3,0.0,1.0,11.0,-20.64,True
1.01,0.015,0.99,0.3,0.3,0.25,0.75,10.62,-19.69,True
1.01,0.015,0.99,0.3,0.3,0.5,0.5,10.23,-18.66,True
1.01,0.015,0.99,0.3,0.3,0.75,0.25,9.81,-17.55,True
1.01,0.015,0.99,0.3,0.3,1.0,0.0,9.36,-16.37,True
1.01,0.015,0.99,0.4,0.0,0.0,1.0,10.07,-26.26,True
1.01,0.015,0.99,0.4,0.0,0.25,0.75,9.46,-24.38,True
1.01,0.015,0.99,0.4,0.0,0.5,0.5,8.8,-22.39,True
1.01,0.015,0.99,0.4,0.0,0.75,0.25,8.12,-20.3,True
1.01,0.015,0.99,0.4,0.0,1.0,0.0,7.39,-18.07,True
1.01,0.015,0.99,0.4,0.1,0.0,1.0,10.86,-23.32,True
1.01,0.015,0.99,0.4,0.1,0.25,0.75,10.31,-21.45,True
1.01,0.015,0.99,0.4,0.1,0.5,0.5,9.74,-19.5,True
1.01,0.015,0.99,0.4,0.1,0.75,0.25,9.14,-17.44,True
1.01,0.015,0.99,0.4,0.1,1.0,0.0,8.53,-15.4,True
1.01,0.015,0.99,0.4,0.2,0.0,1.0,11.39,-21.28,True
1.01,0.015,0.99,0.4,0.2,0.25,0.75,10.85,-20.17,True
1.01,0.015,0.99,0.4,0.2,0.5,0.5,10.3,-18.94,True
1.01,0.015,0.99,0.4,0.2,0.75,0.25,9.74,-17.59,True
1.01,0.015,0.99,0.4,0.2,1.0,0.0,9.17,-16.1,True
1.01,0.015,0.99,0.4,0.3,0.0,1.0,11.67,-21.31,True
1.01,0.015,0.99,0.4,0.3,0.25,0.75,11.18,-20.29,True
1.01,0.015,0.99,0.4,0.3,0.5,0.5,10.69,-19.18,True
1.01,0.015,0.99,0.4,0.3,0.75,0.25,10.2,-17.99,True
1.01,0.015,0.99,0.4,0.3,1.0,0.0,9.7,-16.7,True
1.01,0.015,1.0,0.1,0.0,0.0,1.0,2.12,-15.25,True
1.01,0.015,1.0,0.1,0.0,0.25,0.75,1.99,-14.06,True
1.01,0.015,1.0,0.1,0.0,0.5,0.5,1.85,-12.8,True
1.01,0.015,1.0,0.1,0.0,0.75,0.25,1.71,-11.49,True
1.01,0.015,1.0,0.1,0.0,1.0,0.0,1.56,-10.13,True
1.01,0.015,1.0,0.1,0.1,0.0,1.0,4.59,-13.44,True
1.01,0.015,1.0,0.1,0.1,0.25,0.75,4.48,-12.28,True
1.01,0.015,1.0,0.1,0.1,0.5,0.5,4.36,-11.07,True
1.01,0.015,1.0,0.1,0.1,0.75,0.25,4.25,-10.22,True
1.01,0.015,1.0,0.1,0.1,1.0,0.0,4.13,-9.89,True
1.01,0.015,1.0,0.1,0.2,0.0,1.0,6.3,-14.2,True
1.01,0.015,1.0,0.1,0.2,0.25,0.75,6.19,-13.92,True
1.01,0.015,1.0,0.1,0.2,0.5,0.5,6.08,-13.64,True
1.01,0.015,1.0,0.1,0.2,0.75,0.25,5.97,-13.37,True
1.01,0.015,1.0,0.1,0.2,1.0,0.0,5.86,-13.1,True
1.01,0.015,1.0,0.1,0.3,0.0,1.0,7.52,-16.17,True
1.01,0.015,1.0,0.1,0.3,0.25,0.75,7.45,-15.94,True
1.01,0.015,1.0,0.1,0.3,0.5,0.5,7.35,-15.67,True
1.01,0.015,1.0,0.1,0.3,0.75,0.25,7.25,-15.4,True
1.01,0.015,1.0,0.1,0.3,1.0,0.0,7.14,-15.13,True
1.01,0.015,1.0,0.2,0.0,0.0,1.0,4.06,-18.84,True
1.01,0.015,1.0,0.2,0.0,0.25,0.75,3.82,-17.45,True
1.01,0.015,1.0,0.2,0.0,0.5,0.5,3.57,-16.0,True
1.01,0.015,1.0,0.2,0.0,0.75,0.25,3.32,-14.46,True
1.01,0.015,1.0,0.2,0.0,1.0,0.0,3.05,-12.84,True
1.01,0.015,1.0,0.2,0.1,0.0,1.0,6.02,-17.19,True
1.01,0.015,1.0,0.2,0.1,0.25,0.75,5.85,-15.78,True
1.01,0.015,1.0,0.2,0.1,0.5,0.5,5.66,-14.3,True
1.01,0.015,1.0,0.2,0.1,0.75,0.25,5.47,-12.75,True
1.01,0.015,1.0,0.2,0.1,1.0,0.0,5.28,-12.07,True
1.01,0.015,1.0,0.2,0.2,0.0,1.0,7.44,-16.77,True
1.01,0.015,1.0,0.2,0.2,0.25,0.75,7.29,-16.14,True
1.01,0.015,1.0,0.2,0.2,0.5,0.5,7.12,-15.54,True
1.01,0.015,1.0,0.2,0.2,0.75,0.25,6.96,-14.97,True
1.01,0.015,1.0,0.2,0.2,1.0,0.0,6.79,-14.43,True
1.01,0.015,1.0,0.2,0.3,0.0,1.0,8.51,-17.59,True
1.01,0.015,1.0,0.2,0.3,0.25,0.75,8.37,-17.06,True
1.01,0.015,1.0,0.2,0.3,0.5,0.5,8.23,-16.56,True
1.01,0.015,1.0,0.2,0.3,0.75,0.25,8.08,-16.09,True
1.01,0.015,1.0,0.2,0.3,1.0,0.0,7.92,-15.66,True
1.01,0.015,1.0,0.3,0.0,0.0,1.0,5.55,-20.25,True
1.01,0.015,1.0,0.3,0.0,0.25,0.75,5.22,-18.75,True
1.01,0.015,1.0,0.3,0.0,0.5,0.5,4.89,-17.18,True
1.01,0.015,1.0,0.3,0.0,0.75,0.25,4.54,-15.52,True
1.01,0.015,1.0,0.3,0.0,1.0,0.0,4.18,-13.76,True
1.01,0.015,1.0,0.3,0.1,0.0,1.0,7.27,-17.98,True
1.01,0.015,1.0,0.3,0.1,0.25,0.75,7.0,-16.48,True
1.01,0.015,1.0,0.3,0.1,0.5,0.5,6.73,-14.9,True
1.01,0.015,1.0,0.3,0.1,0.75,0.25,6.45,-13.96,True
1.01,0.015,1.0,0.3,0.1,1.0,0.0,6.16,-13.09,True
1.01,0.015,1.0,0.3,0.2,0.0,1.0,8.48,-17.73,True
1.01,0.015,1.0,0.3,0.2,0.25,0.75,8.24,-16.96,True
1.01,0.015,1.0,0.3,0.2,0.5,0.5,7.98,-16.22,True
1.01,0.015,1.0,0.3,0.2,0.75,0.25,7.71,-15.51,True
1.01,0.015,1.0,0.3,0.2,1.0,0.0,7.44,-14.81,True
1.01,0.015,1.0,0.3,0.3,0.0,1.0,9.27,-18.32,True
1.01,0.015,1.0,0.3,0.3,0.25,0.75,9.03,-17.6,True
1.01,0.015,1.0,0.3,0.3,0.5,0.5,8.79,-16.91,True
1.01,0.015,1.0,0.3,0.3,0.75,0.25,8.56,-16.28,True
1.01,0.015,1.0,0.3,0.3,1.0,0.0,8.33,-15.7,True
1.01,0.015,1.0,0.4,0.0,0.0,1.0,6.91,-18.96,True
1.01,0.015,1.0,0.4,0.0,0.25,0.75,6.5,-17.54,True
1.01,0.015,1.0,0.4,0.0,0.5,0.5,6.07,-16.05,True
1.01,0.015,1.0,0.4,0.0,0.75,0.25,5.63,-14.47,True
1.01,0.015,1.0,0.4,0.0,1.0,0.0,5.17,-12.79,True
1.01,0.015,1.0,0.4,0.1,0.0,1.0,8.34,-17.84,True
1.01,0.015,1.0,0.4,0.1,0.25,0.75,7.98,-16.8,True
1.01,0.015,1.0,0.4,0.1,0.5,0.5,7.61,-15.77,True
1.01,0.015,1.0,0.4,0.1,0.75,0.25,7.22,-14.72,True
1.01,0.015,1.0,0.4,0.1,1.0,0.0,6.84,-13.68,True
1.01,0.015,1.0,0.4,0.2,0.0,1.0,9.14,-18.35,True
1.01,0.015,1.0,0.4,0.2,0.25,0.75,8.82,-17.42,True
1.01,0.015,1.0,0.4,0.2,0.5,0.5,8.5,-16.52,True
1.01,0.015,1.0,0.4,0.2,0.75,0.25,8.18,-15.67,True
1.01,0.015,1.0,0.4,0.2,1.0,0.0,7.85,-14.86,True
1.01,0.015,1.0,0.4,0.3,0.0,1.0,9.82,-18.64,True
1.01,0.015,1.0,0.4,0.3,0.25,0.75,9.53,-17.83,True
1.01,0.015,1.0,0.4,0.3,0.5,0.5,9.25,-17.07,True
1.01,0.015,1.0,0.4,0.3,0.75,0.25,8.97,-16.37,True
1.01,0.015,1.0,0.4,0.3,1.0,0.0,8.69,-15.73,True
1.01,0.015,1.01,0.1,0.0,0.0,1.0,1.68,-13.43,True
1.01,0.015,1.01,0.1,0.0,0.25,0.75,1.57,-12.38,True
1.01,0.015,1.01,0.1,0.0,0.5,0.5,1.45,-11.26,True
1.01,0.015,1.01,0.1,0.0,0.75,0.25,1.32,-10.11,True
1.01,0.015,1.01,0.1,0.0,1.0,0.0,1.2,-8.91,True
1.01,0.015,1.01,0.1,0.1,0.0,1.0,4.22,-11.83,True
1.01,0.015,1.01,0.1,0.1,0.25,0.75,4.12,-10.79,True
1.01,0.015,1.01,0.1,0.1,0.5,0.5,4.02,-9.71,True
1.01,0.015,1.01,0.1,0.1,0.75,0.25,3.92,-8.59,True
1.01,0.015,1.01,0.1,0.1,1.0,0.0,3.82,-7.43,True
1.01,0.015,1.01,0.1,0.2,0.0,1.0,5.94,-10.61,True
1.01,0.015,1.01,0.1,0.2,0.25,0.75,5.86,-10.67,True
1.01,0.015,1.01,0.1,0.2,0.5,0.5,5.77,-10.7,True
1.01,0.015,1.01,0.1,0.2,0.75,0.25,5.67,-10.73,True
1.01,0.015,1.01,0.1,0.2,1.0,0.0,5.57,-10.77,True
1.01,0.015,1.01,0.1,0.3,0.0,1.0,7.1,-13.3,True
1.01,0.015,1.01,0.1,0.3,0.25,0.75,7.06,-13.44,True
1.01,0.015,1.01,0.1,0.3,0.5,0.5,7.01,-13.58,True
1.01,0.015,1.01,0.1,0.3,0.75,0.25,6.93,-13.59,True
1.01,0.015,1.01,0.1,0.3,1.0,0.0,6.84,-13.59,True
1.01,0.015,1.01,0.2,0.0,0.0,1.0,3.07,-17.09,True
1.01,0.015,1.01,0.2,0.0,0.25,0.75,2.87,-15.83,True
1.01,0.015,1.01,0.2,0.0,0.5,0.5,2.67,-14.51,True
1.01,0.015,1.01,0.2,0.0,0.75,0.25,2.46,-13.12,True
1.01,0.015,1.01,0.2,0.0,1.0,0.0,2.25,-11.66,True
1.01,0.015,1.01,0.2,0.1,0.0,1.0,5.08,-15.67,True
1.01,0.015,1.01,0.2,0.1,0.25,0.75,4.95,-14.37,True
1.01,0.015,1.01,0.2,0.1,0.5,0.5,4.82,-13.02,True
1.01,0.015,1.01,0.2,0.1,0.75,0.25,4.69,-11.59,True
1.01,0.015,1.01,0.2,0.1,1.0,0.0,4.55,-10.1,True
1.01,0.015,1.01,0.2,0.2,0.0,1.0,6.45,-14.25,True
1.01,0.015,1.01,0.2,0.2,0.25,0.75,6.36,-12.92,True
1.01,0.015,1.01,0.2,0.2,0.5,0.5,6.26,-11.53,True
1.01,0.015,1.01,0.2,0.2,0.75,0.25,6.17,-10.77,True
1.01,0.015,1.01,0.2,0.2,1.0,0.0,6.07,-10.86,True
1.01,0.015,1.01,0.2,0.3,0.0,1.0,7.47,-12.93,True
1.01,0.015,1.01,0.2,0.3,0.25,0.75,7.4,-12.98,True
1.01,0.015,1.01,0.2,0.3,0.5,0.5,7.33,-13.03,True
1.01,0.015,1.01,0.2,0.3,0.75,0.25,7.26,-13.1,True
1.01,0.015,1.01,0.2,0.3,1.0,0.0,7.19,-13.18,True
1.01,0.015,1.01,0.3,0.0,0.0,1.0,3.83,-18.53,True
1.01,0.015,1.01,0.3,0.0,0.25,0.75,3.61,-17.15,True
1.01,0.015,1.01,0.3,0.0,0.5,0.5,3.38,-15.71,True
1.01,0.015,1.01,0.3,0.0,0.75,0.25,3.14,-14.19,True
1.01,0.015,1.01,0.3,0.0,1.0,0.0,2.88,-12.59,True
1.01,0.015,1.01,0.3,0.1,0.0,1.0,5.55,-16.57,True
1.01,0.015,1.01,0.3,0.1,0.25,0.75,5.4,-15.16,True
1.01,0.015,1.01,0.3,0.1,0.5,0.5,5.25,-13.69,True
1.01,0.015,1.01,0.3,0.1,0.75,0.25,5.09,-12.15,True
1.01,0.015,1.01,0.3,0.1,1.0,0.0,4.92,-10.54,True
1.01,0.015,1.01,0.3,0.2,0.0,1.0,6.78,-14.35,True
1.01,0.015,1.01,0.3,0.2,0.25,0.75,6.67,-12.91,True
1.01,0.015,1.01,0.3,0.2,0.5,0.5,6.57,-11.43,True
1.01,0.015,1.01,0.3,0.2,0.75,0.25,6.45,-11.13,True
1.01,0.015,1.01,0.3,0.2,1.0,0.0,6.33,-11.15,True
1.01,0.015,1.01,0.3,0.3,0.0,1.0,7.83,-13.35,True
1.01,0.015,1.01,0.3,0.3,0.25,0.75,7.74,-13.33,True
1.01,0.015,1.01,0.3,0.3,0.5,0.5,7.65,-13.32,True
1.01,0.015,1.01,0.3,0.3,0.75,0.25,7.55,-13.33,True
1.01,0.015,1.01,0.3,0.3,1.0,0.0,7.46,-13.35,True
1.01,0.015,1.01,0.4,0.0,0.0,1.0,4.33,-17.22,True
1.01,0.015,1.01,0.4,0.0,0.25,0.75,4.1,-15.92,True
1.01,0.015,1.01,0.4,0.0,0.5,0.5,3.84,-14.56,True
1.01,0.015,1.01,0.4,0.0,0.75,0.25,3.57,-13.13,True
1.01,0.015,1.01,0.4,0.0,1.0,0.0,3.28,-11.61,True
1.01,0.015,1.01,0.4,0.1,0.0,1.0,5.93,-15.11,True
1.01,0.015,1.01,0.4,0.1,0.25,0.75,5.77,-13.79,True
1.01,0.015,1.01,0.4,0.1,0.5,0.5,5.59,-12.41,True
1.01,0.015,1.01,0.4,0.1,0.75,0.25,5.41,-10.96,True
1.01,0.015,1.01,0.4,0.1,1.0,0.0,5.22,-9.44,True
1.01,0.015,1.01,0.4,0.2,0.0,1.0,7.21,-12.86,True
1.01,0.015,1.01,0.4,0.2,0.25,0.75,7.08,-11.6,True
1.01,0.015,1.01,0.4,0.2,0.5,0.5,6.94,-11.51,True
1.01,0.015,1.01,0.4,0.2,0.75,0.25,6.79,-11.45,True
1.01,0.015,1.01,0.4,0.2,1.0,0.0,6.64,-11.41,True
1.01,0.015,1.01,0.4,0.3,0.0,1.0,8.23,-13.73,True
1.01,0.015,1.01,0.4,0.3,0.25,0.75,8.11,-13.66,True
1.01,0.015,1.01,0.4,0.3,0.5,0.5,7.98,-13.62,True
1.01,0.015,1.01,0.4,0.3,0.75,0.25,7.86,-13.58,True
1.01,0.015,1.01,0.4,0.3,1.0,0.0,7.73,-13.57,True
1.01,0.015,1.02,0.1,0.0,0.0,1.0,1.17,-13.43,True
1.01,0.015,1.02,0.1,0.0,0.25,0.75,1.09,-12.38,True
1.01,0.015,1.02,0.1,0.0,0.5,0.5,1.0,-11.26,True
1.01,0.015,1.02,0.1,0.0,0.75,0.25,0.92,-10.11,True
1.01,0.015,1.02,0.1,0.0,1.0,0.0,0.83,-8.91,True
1.01,0.015,1.02,0.1,0.1,0.0,1.0,3.88,-11.65,True
1.01,0.015,1.02,0.1,0.1,0.25,0.75,3.82,-10.61,True
1.01,0.015,1.02,0.1,0.1,0.5,0.5,3.76,-9.54,True
1.01,0.015,1.02,0.1,0.1,0.75,0.25,3.7,-8.41,True
1.01,0.015,1.02,0.1,0.1,1.0,0.0,3.63,-7.86,True
1.01,0.015,1.02,0.1,0.2,0.0,1.0,5.59,-11.21,True
1.01,0.015,1.02,0.1,0.2,0.25,0.75,5.54,-11.24,True
1.01,0.015,1.02,0.1,0.2,0.5,0.5,5.49,-11.27,True
1.01,0.015,1.02,0.1,0.2,0.75,0.25,5.44,-11.3,True
1.01,0.015,1.02,0.1,0.2,1.0,0.0,5.39,-11.34,True
1.01,0.015,1.02,0.1,0.3,0.0,1.0,6.81,-14.64,True
1.01,0.015,1.02,0.1,0.3,0.25,0.75,6.78,-14.63,True
1.01,0.015,1.02,0.1,0.3,0.5,0.5,6.74,-14.62,True
1.01,0.015,1.02,0.1,0.3,0.75,0.25,6.7,-14.61,True
1.01,0.015,1.02,0.1,0.3,1.0,0.0,6.66,-14.6,True
1.01,0.015,1.02,0.2,0.0,0.0,1.0,1.87,-17.09,True
1.01,0.015,1.02,0.2,0.0,0.25,0.75,1.76,-15.83,True
1.01,0.015,1.02,0.2,0.0,0.5,0.5,1.64,-14.51,True
1.01,0.015,1.02,0.2,0.0,0.75,0.25,1.52,-13.12,True
1.01,0.015,1.02,0.2,0.0,1.0,0.0,1.39,-11.66,True
1.01,0.015,1.02,0.2,0.1,0.0,1.0,4.32,-15.26,True
1.01,0.015,1.02,0.2,0.1,0.25,0.75,4.25,-14.0,True
1.01,0.015,1.02,0.2,0.1,0.5,0.5,4.17,-12.68,True
1.01,0.015,1.02,0.2,0.1,0.75,0.25,4.08,-11.29,True
1.01,0.015,1.02,0.2,0.1,1.0,0.0,3.99,-9.84,True
1.01,0.015,1.02,0.2,0.2,0.0,1.0,5.87,-13.4,True
1.01,0.015,1.02,0.2,0.2,0.25,0.75,5.81,-12.14,True
1.01,0.015,1.02,0.2,0.2,0.5,0.5,5.75,-12.0,True
1.01,0.015,1.02,0.2,0.2,0.75,0.25,5.69,-11.94,True
1.01,0.015,1.02,0.2,0.2,1.0,0.0,5.63,-11.88,True
1.01,0.015,1.02,0.2,0.3,0.0,1.0,7.03,-14.67,True
1.01,0.015,1.02,0.2,0.3,0.25,0.75,7.0,-14.7,True
1.01,0.015,1.02,0.2,0.3,0.5,0.5,6.96,-14.72,True
1.01,0.015,1.02,0.2,0.3,0.75,0.25,6.91,-14.69,True
1.01,0.015,1.02,0.2,0.3,1.0,0.0,6.86,-14.67,True
1.01,0.015,1.02,0.3,0.0,0.0,1.0,2.41,-18.95,True
1.01,0.015,1.02,0.3,0.0,0.25,0.75,2.28,-17.38,True
1.01,0.015,1.02,0.3,0.0,0.5,0.5,2.15,-15.79,True
1.01,0.015,1.02,0.3,0.0,0.75,0.25,2.0,-14.19,True
1.01,0.015,1.02,0.3,0.0,1.0,0.0,1.83,-12.59,True
1.01,0.015,1.02,0.3,0.1,0.0,1.0,4.65,-15.88,True
1.01,0.015,1.02,0.3,0.1,0.25,0.75,4.57,-14.52,True
1.01,0.015,1.02,0.3,0.1,0.5,0.5,4.48,-13.1,True
1.01,0.015,1.02,0.3,0.1,0.75,0.25,4.39,-11.62,True
1.01,0.015,1.02,0.3,0.1,1.0,0.0,4.29,-10.07,True
1.01,0.015,1.02,0.3,0.2,0.0,1.0,6.11,-12.91,True
1.01,0.015,1.02,0.3,0.2,0.25,0.75,6.05,-12.63,True
1.01,0.015,1.02,0.3,0.2,0.5,0.5,5.99,-12.5,True
1.01,0.015,1.02,0.3,0.2,0.75,0.25,5.93,-12.39,True
1.01,0.015,1.02,0.3,0.2,1.0,0.0,5.86,-12.28,True
1.01,0.015,1.02,0.3,0.3,0.0,1.0,7.27,-14.85,True
1.01,0.015,1.02,0.3,0.3,0.25,0.75,7.22,-14.72,True
1.01,0.015,1.02,0.3,0.3,0.5,0.5,7.17,-14.72,True
1.01,0.015,1.02,0.3,0.3,0.75,0.25,7.11,-14.74,True
1.01,0.015,1.02,0.3,0.3,1.0,0.0,7.05,-14.74,True
1.01,0.015,1.02,0.4,0.0,0.0,1.0,2.81,-20.94,True
1.01,0.015,1.02,0.4,0.0,0.25,0.75,2.67,-19.19,True
1.01,0.015,1.02,0.4,0.0,0.5,0.5,2.51,-17.43,True
1.01,0.015,1.02,0.4,0.0,0.75,0.25,2.35,-15.65,True
1.01,0.015,1.02,0.4,0.0,1.0,0.0,2.16,-13.85,True
1.01,0.015,1.02,0.4,0.1,0.0,1.0,4.89,-14.35,True
1.01,0.015,1.02,0.4,0.1,0.25,0.75,4.8,-13.08,True
1.01,0.015,1.02,0.4,0.1,0.5,0.5,4.71,-11.76,True
1.01,0.015,1.02,0.4,0.1,0.75,0.25,4.6,-10.38,True
1.01,0.015,1.02,0.4,0.1,1.0,0.0,4.48,-9.23,True
1.01,0.015,1.02,0.4,0.2,0.0,1.0,6.37,-13.29,True
1.01,0.015,1.02,0.4,0.2,0.25,0.75,6.3,-13.1,True
1.01,0.015,1.02,0.4,0.2,0.5,0.5,6.22,-12.91,True
1.01,0.015,1.02,0.4,0.2,0.75,0.25,6.14,-12.75,True
1.01,0.015,1.02,0.4,0.2,1.0,0.0,6.05,-12.59,True
1.01,0.015,1.02,0.4,0.3,0.0,1.0,7.39,-15.45,True
1.01,0.015,1.02,0.4,0.3,0.25,0.75,7.33,-15.27,True
1.01,0.015,1.02,0.4,0.3,0.5,0.5,7.27,-15.05,True
1.01,0.015,1.02,0.4,0.3,0.75,0.25,7.21,-14.8,True
1.01,0.015,1.02,0.4,0.3,1.0,0.0,7.14,-14.72,True
1.01,0.02,0.95,0.1,0.0,0.0,1.0,7.15,-27.78,True
1.01,0.02,0.95,0.1,0.0,0.25,0.75,6.61,-26.09,True
1.01,0.02,0.95,0.1,0.0,0.5,0.5,6.05,-24.17,True
1.01,0.02,0.95,0.1,0.0,0.75,0.25,5.46,-21.95,True
1.01,0.02,0.95,0.1,0.0,1.0,0.0,4.86,-19.37,True
1.01,0.02,0.95,0.1,0.1,0.0,1.0,8.3,-27.16,True
1.01,0.02,0.95,0.1,0.1,0.25,0.75,7.81,-25.55,True
1.01,0.02,0.95,0.1,0.1,0.5,0.5,7.31,-23.74,True
1.01,0.02,0.95,0.1,0.1,0.75,0.25,6.79,-21.7,True
1.01,0.02,0.95,0.1,0.1,1.0,0.0,6.27,-19.37,True
1.01,0.02,0.95,0.1,0.2,0.0,1.0,9.21,-26.63,True
1.01,0.02,0.95,0.1,0.2,0.25,0.75,8.78,-25.09,True
1.01,0.02,0.95,0.1,0.2,0.5,0.5,8.33,-23.39,True
1.01,0.02,0.95,0.1,0.2,0.75,0.25,7.87,-21.49,True
1.01,0.02,0.95,0.1,0.2,1.0,0.0,7.41,-19.37,True
1.01,0.02,0.95,0.1,0.3,0.0,1.0,9.9,-26.12,True
1.01,0.02,0.95,0.1,0.3,0.25,0.75,9.5,-24.65,True
1.01,0.02,0.95,0.1,0.3,0.5,0.5,9.1,-23.05,True
1.01,0.02,0.95,0.1,0.3,0.75,0.25,8.69,-21.29,True
1.01,0.02,0.95,0.1,0.3,1.0,0.0,8.27,-19.37,True
1.01,0.02,0.95,0.2,0.0,0.0,1.0,11.43,-28.63,True
1.01,0.02,0.95,0.2,0.0,0.25,0.75,10.63,-26.96,True
1.01,0.02,0.95,0.2,0.0,0.5,0.5,9.79,-25.02,True
1.01,0.02,0.95,0.2,0.0,0.75,0.25,8.91,-22.73,True
1.01,0.02,0.95,0.2,0.0,1.0,0.0,7.97,-20.0,True
1.01,0.02,0.95,0.2,0.1,0.0,1.0,11.94,-28.34,True
1.01,0.02,0.95,0.2,0.1,0.25,0.75,11.2,-26.67,True
1.01,0.02,0.95,0.2,0.1,0.5,0.5,10.44,-24.76,True
1.01,0.02,0.95,0.2,0.1,0.75,0.25,9.64,-22.56,True
1.01,0.02,0.95,0.2,0.1,1.0,0.0,8.79,-20.01,True
1.01,0.02,0.95,0.2,0.2,0.0,1.0,12.31,-28.07,True
1.01,0.02,0.95,0.2,0.2,0.25,0.75,11.63,-26.41,True
1.01,0.02,0.95,0.2,0.2,0.5,0.5,10.94,-24.53,True
1.01,0.02,0.95,0.2,0.2,0.75,0.25,10.23,-22.41,True
1.01,0.02,0.95,0.2,0.2,1.0,0.0,9.5,-20.01,True
1.01,0.02,0.95,0.2,0.3,0.0,1.0,12.61,-27.81,True
1.01,0.02,0.95,0.2,0.3,0.25,0.75,11.99,-26.16,True
1.01,0.02,0.95,0.2,0.3,0.5,0.5,11.34,-24.31,True
1.01,0.02,0.95,0.2,0.3,0.75,0.25,10.69,-22.27,True
1.01,0.02,0.95,0.2,0.3,1.0,0.0,10.04,-20.02,True
1.01,0.02,0.95,0.3,0.0,0.0,1.0,13.69,-29.48,True
1.01,0.02,0.95,0.3,0.0,0.25,0.75,12.79,-27.75,True
1.01,0.02,0.95,0.3,0.0,0.5,0.5,11.82,-25.75,True
1.01,0.02,0.95,0.3,0.0,0.75,0.25,10.79,-23.41,True
1.01,0.02,0.95,0.3,0.0,1.0,0.0,9.69,-20.62,True
1.01,0.02,0.95,0.3,0.1,0.0,1.0,13.88,-29.29,True
1.01,0.02,0.95,0.3,0.1,0.25,0.75,13.03,-27.56,True
1.01,0.02,0.95,0.3,0.1,0.5,0.5,12.13,-25.58,True
1.01,0.02,0.95,0.3,0.1,0.75,0.25,11.19,-23.29,True
1.01,0.02,0.95,0.3,0.1,1.0,0.0,10.21,-20.64,True
1.01,0.02,0.95,0.3,0.2,0.0,1.0,14.08,-29.11,True
1.01,0.02,0.95,0.3,0.2,0.25,0.75,13.28,-27.38,True
1.01,0.02,0.95,0.3,0.2,0.5,0.5,12.45,-25.42,True
1.01,0.02,0.95,0.3,0.2,0.75,0.25,11.58,-23.19,True
1.01,0.02,0.95,0.3,0.2,1.0,0.0,10.68,-20.65,True
1.01,0.02,0.95,0.3,0.3,0.0,1.0,14.32,-28.94,True
1.01,0.02,0.95,0.3,0.3,0.25,0.75,13.55,-27.21,True
1.01,0.02,0.95,0.3,0.3,0.5,0.5,12.76,-25.27,True
1.01,0.02,0.95,0.3,0.3,0.75,0.25,11.95,-23.09,True
1.01,0.02,0.95,0.3,0.3,1.0,0.0,11.12,-20.66,True
1.01,0.02,0.95,0.4,0.0,0.0,1.0,15.4,-30.33,True
1.01,0.02,0.95,0.4,0.0,0.25,0.75,14.42,-28.54,True
1.01,0.02,0.95,0.4,0.0,0.5,0.5,13.36,-26.49,True
1.01,0.02,0.95,0.4,0.0,0.75,0.25,12.23,-24.1,True
1.01,0.02,0.95,0.4,0.0,1.0,0.0,11.0,-21.25,True
1.01,0.02,0.95,0.4,0.1,0.0,1.0,15.59,-30.2,True
1.01,0.02,0.95,0.4,0.1,0.25,0.75,14.65,-28.42,True
1.01,0.02,0.95,0.4,0.1,0.5,0.5,13.64,-26.38,True
1.01,0.02,0.95,0.4,0.1,0.75,0.25,12.57,-24.02,True
1.01,0.02,0.95,0.4,0.1,1.0,0.0,11.44,-21.26,True
1.01,0.02,0.95,0.4,0.2,0.0,1.0,15.71,-30.08,True
1.01,0.02,0.95,0.4,0.2,0.25,0.75,14.81,-28.3,True
1.01,0.02,0.95,0.4,0.2,0.5,0.5,13.85,-26.27,True
1.01,0.02,0.95,0.4,0.2,0.75,0.25,12.85,-23.95,True
1.01,0.02,0.95,0.4,0.2,1.0,0.0,11.8,-21.28,True
1.01,0.02,0.95,0.4,0.3,0.0,1.0,15.52,-29.94,True
1.01,0.02,0.95,0.4,0.3,0.25,0.75,14.68,-28.15,True
1.01,0.02,0.95,0.4,0.3,0.5,0.5,13.79,-26.14,True
1.01,0.02,0.95,0.4,0.3,0.75,0.25,12.88,-23.86,True
1.01,0.02,0.95,0.4,0.3,1.0,0.0,11.93,-21.29,True
1.01,0.02,0.97,0.1,0.0,0.0,1.0,4.99,-23.72,True
1.01,0.02,0.97,0.1,0.0,0.25,0.75,4.63,-22.26,True
1.01,0.02,0.97,0.1,0.0,0.5,0.5,4.26,-20.58,True
1.01,0.02,0.97,0.1,0.0,0.75,0.25,3.88,-18.66,True
1.01,0.02,0.97,0.1,0.0,1.0,0.0,3.48,-16.41,True
1.01,0.02,0.97,0.1,0.1,0.0,1.0,6.65,-23.07,True
1.01,0.02,0.97,0.1,0.1,0.25,0.75,6.35,-21.79,True
1.01,0.02,0.97,0.1,0.1,0.5,0.5,6.04,-20.35,True
1.01,0.02,0.97,0.1,0.1,0.75,0.25,5.73,-18.74,True
1.01,0.02,0.97,0.1,0.1,1.0,0.0,5.42,-16.91,True
1.01,0.02,0.97,0.1,0.2,0.0,1.0,7.79,-22.59,True
1.01,0.02,0.97,0.1,0.2,0.25,0.75,7.54,-21.44,True
1.01,0.02,0.97,0.1,0.2,0.5,0.5,7.28,-20.18,True
1.01,0.02,0.97,0.1,0.2,0.75,0.25,7.01,-18.79,True
1.01,0.02,0.97,0.1,0.2,1.0,0.0,6.75,-17.25,True
1.01,0.02,0.97,0.1,0.3,0.0,1.0,8.81,-22.25,True
1.01,0.02,0.97,0.1,0.3,0.25,0.75,8.58,-21.2,True
1.01,0.02,0.97,0.1,0.3,0.5,0.5,8.34,-20.06,True
1.01,0.02,0.97,0.1,0.3,0.75,0.25,8.09,-18.83,True
1.01,0.02,0.97,0.1,0.3,1.0,0.0,7.84,-17.49,True
1.01,0.02,0.97,0.2,0.0,0.0,1.0,8.28,-24.06,True
1.01,0.02,0.97,0.2,0.0,0.25,0.75,7.72,-22.64,True
1.01,0.02,0.97,0.2,0.0,0.5,0.5,7.14,-20.98,True
1.01,0.02,0.97,0.2,0.0,0.75,0.25,6.53,-19.01,True
1.01,0.02,0.97,0.2,0.0,1.0,0.0,5.9,-16.65,True
1.01,0.02,0.97,0.2,0.1,0.0,1.0,9.23,-23.69,True
1.01,0.02,0.97,0.2,0.1,0.25,0.75,8.74,-22.33,True
1.01,0.02,0.97,0.2,0.1,0.5,0.5,8.23,-20.8,True
1.01,0.02,0.97,0.2,0.1,0.75,0.25,7.71,-19.04,True
1.01,0.02,0.97,0.2,0.1,1.0,0.0,7.18,-17.01,True
1.01,0.02,0.97,0.2,0.2,0.0,1.0,9.89,-23.36,True
1.01,0.02,0.97,0.2,0.2,0.25,0.75,9.45,-22.07,True
1.01,0.02,0.97,0.2,0.2,0.5,0.5,9.01,-20.65,True
1.01,0.02,0.97,0.2,0.2,0.75,0.25,8.57,-19.06,True
1.01,0.02,0.97,0.2,0.2,1.0,0.0,8.11,-17.31,True
1.01,0.02,0.97,0.2,0.3,0.0,1.0,10.45,-23.07,True
1.01,0.02,0.97,0.2,0.3,0.25,0.75,10.06,-21.84,True
1.01,0.02,0.97,0.2,0.3,0.5,0.5,9.67,-20.52,True
1.01,0.02,0.97,0.2,0.3,0.75,0.25,9.3,-19.09,True
1.01,0.02,0.97,0.2,0.3,1.0,0.0,8.91,-17.55,True
1.01,0.02,0.97,0.3,0.0,0.0,1.0,10.11,-24.4,True
1.01,0.02,0.97,0.3,0.0,0.25,0.75,9.43,-22.95,True
1.01,0.02,0.97,0.3,0.0,0.5,0.5,8.72,-21.26,True
1.01,0.02,0.97,0.3,0.0,0.75,0.25,7.98,-19.28,True
1.01,0.02,0.97,0.3,0.0,1.0,0.0,7.21,-16.9,True
1.01,0.02,0.97,0.3,0.1,0.0,1.0,10.76,-24.13,True
1.01,0.02,0.97,0.3,0.1,0.25,0.75,10.14,-22.73,True
1.01,0.02,0.97,0.3,0.1,0.5,0.5,9.51,-21.13,True
1.01,0.02,0.97,0.3,0.1,0.75,0.25,8.87,-19.31,True
1.01,0.02,0.97,0.3,0.1,1.0,0.0,8.21,-17.2,True
1.01,0.02,0.97,0.3,0.2,0.0,1.0,11.29,-23.89,True
1.01,0.02,0.97,0.3,0.2,0.25,0.75,10.73,-22.54,True
1.01,0.02,0.97,0.3,0.2,0.5,0.5,10.16,-21.02,True
1.01,0.02,0.97,0.3,0.2,0.75,0.25,9.59,-19.33,True
1.01,0.02,0.97,0.3,0.2,1.0,0.0,9.02,-17.44,True
1.01,0.02,0.97,0.3,0.3,0.0,1.0,11.78,-23.68,True
1.01,0.02,0.97,0.3,0.3,0.25,0.75,11.26,-22.37,True
1.01,0.02,0.97,0.3,0.3,0.5,0.5,10.74,-20.93,True
1.01,0.02,0.97,0.3,0.3,0.75,0.25,10.22,-19.36,True
1.01,0.02,0.97,0.3,0.3,1.0,0.0,9.71,-17.64,True
1.01,0.02,0.97,0.4,0.0,0.0,1.0,11.57,-24.74,True
1.01,0.02,0.97,0.4,0.0,0.25,0.75,10.8,-23.27,True
1.01,0.02,0.97,0.4,0.0,0.5,0.5,10.0,-21.56,True
1.01,0.02,0.97,0.4,0.0,0.75,0.25,9.16,-19.55,True
1.01,0.02,0.97,0.4,0.0,1.0,0.0,8.29,-17.14,True
1.01,0.02,0.97,0.4,0.1,0.0,1.0,12.08,-24.54,True
1.01,0.02,0.97,0.4,0.1,0.25,0.75,11.37,-23.1,True
1.01,0.02,0.97,0.4,0.1,0.5,0.5,10.64,-21.46,True
1.01,0.02,0.97,0.4,0.1,0.75,0.25,9.9,-19.58,True
1.01,0.02,0.97,0.4,0.1,1.0,0.0,9.13,-17.39,True
1.01,0.02,0.97,0.4,0.2,0.0,1.0,12.46,-24.36,True
1.01,0.02,0.97,0.4,0.2,0.25,0.75,11.79,-22.95,True
1.01,0.02,0.97,0.4,0.2,0.5,0.5,11.12,-21.38,True
1.01,0.02,0.97,0.4,0.2,0.75,0.25,10.44,-19.61,True
1.01,0.02,0.97,0.4,0.2,1.0,0.0,9.76,-17.61,True
1.01,0.02,0.97,0.4,0.3,0.0,1.0,12.58,-24.15,True
1.01,0.02,0.97,0.4,0.3,0.25,0.75,11.99,-22.79,True
1.01,0.02,0.97,0.4,0.3,0.5,0.5,11.38,-21.29,True
1.01,0.02,0.97,0.4,0.3,0.75,0.25,10.76,-19.64,True
1.01,0.02,0.97,0.4,0.3,1.0,0.0,10.15,-17.82,True
1.01,0.02,0.99,0.1,0.0,0.0,1.0,3.97,-18.47,True
1.01,0.02,0.99,0.1,0.0,0.25,0.75,3.68,-17.3,True
1.01,0.02,0.99,0.1,0.0,0.5,0.5,3.38,-15.96,True
1.01,0.02,0.99,0.1,0.0,0.75,0.25,3.06,-14.41,True
1.01,0.02,0.99,0.1,0.0,1.0,0.0,2.73,-12.6,True
1.01,0.02,0.99,0.1,0.1,0.0,1.0,5.68,-18.48,True
1.01,0.02,0.99,0.1,0.1,0.25,0.75,5.46,-17.56,True
1.01,0.02,0.99,0.1,0.1,0.5,0.5,5.23,-16.52,True
1.01,0.02,0.99,0.1,0.1,0.75,0.25,4.99,-15.35,True
1.01,0.02,0.99,0.1,0.1,1.0,0.0,4.74,-14.01,True
1.01,0.02,0.99,0.1,0.2,0.0,1.0,6.91,-18.49,True
1.01,0.02,0.99,0.1,0.2,0.25,0.75,6.72,-17.74,True
1.01,0.02,0.99,0.1,0.2,0.5,0.5,6.53,-16.91,True
1.01,0.02,0.99,0.1,0.2,0.75,0.25,6.33,-15.99,True
1.01,0.02,0.99,0.1,0.2,1.0,0.0,6.13,-14.96,True
1.01,0.02,0.99,0.1,0.3,0.0,1.0,7.76,-18.49,True
1.01,0.02,0.99,0.1,0.3,0.25,0.75,7.61,-17.89,True
1.01,0.02,0.99,0.1,0.3,0.5,0.5,7.45,-17.23,True
1.01,0.02,0.99,0.1,0.3,0.75,0.25,7.3,-16.52,True
1.01,0.02,0.99,0.1,0.3,1.0,0.0,7.14,-15.74,True
1.01,0.02,0.99,0.2,0.0,0.0,1.0,5.56,-21.65,True
1.01,0.02,0.99,0.2,0.0,0.25,0.75,5.18,-20.1,True
1.01,0.02,0.99,0.2,0.0,0.5,0.5,4.79,-18.46,True
1.01,0.02,0.99,0.2,0.0,0.75,0.25,4.37,-16.72,True
1.01,0.02,0.99,0.2,0.0,1.0,0.0,3.92,-14.86,True
1.01,0.02,0.99,0.2,0.1,0.0,1.0,6.52,-19.67,True
1.01,0.02,0.99,0.2,0.1,0.25,0.75,6.25,-18.11,True
1.01,0.02,0.99,0.2,0.1,0.5,0.5,5.98,-16.47,True
1.01,0.02,0.99,0.2,0.1,0.75,0.25,5.68,-15.19,True
1.01,0.02,0.99,0.2,0.1,1.0,0.0,5.36,-13.8,True
1.01,0.02,0.99,0.2,0.2,0.0,1.0,7.34,-18.37,True
1.01,0.02,0.99,0.2,0.2,0.25,0.75,7.14,-17.61,True
1.01,0.02,0.99,0.2,0.2,0.5,0.5,6.94,-16.77,True
1.01,0.02,0.99,0.2,0.2,0.75,0.25,6.74,-15.85,True
1.01,0.02,0.99,0.2,0.2,1.0,0.0,6.51,-14.81,True
1.01,0.02,0.99,0.2,0.3,0.0,1.0,8.05,-18.37,True
1.01,0.02,0.99,0.2,0.3,0.25,0.75,7.91,-17.75,True
1.01,0.02,0.99,0.2,0.3,0.5,0.5,7.76,-17.08,True
1.01,0.02,0.99,0.2,0.3,0.75,0.25,7.62,-16.37,True
1.01,0.02,0.99,0.2,0.3,1.0,0.0,7.47,-15.6,True
1.01,0.02,0.99,0.3,0.0,0.0,1.0,5.82,-24.72,True
1.01,0.02,0.99,0.3,0.0,0.25,0.75,5.45,-22.98,True
1.01,0.02,0.99,0.3,0.0,0.5,0.5,5.06,-21.14,True
1.01,0.02,0.99,0.3,0.0,0.75,0.25,4.64,-19.18,True
1.01,0.02,0.99,0.3,0.0,1.0,0.0,4.19,-17.08,True
1.01,0.02,0.99,0.3,0.1,0.0,1.0,6.77,-23.03,True
1.01,0.02,0.99,0.3,0.1,0.25,0.75,6.49,-21.26,True
1.01,0.02,0.99,0.3,0.1,0.5,0.5,6.21,-19.39,True
1.01,0.02,0.99,0.3,0.1,0.75,0.25,5.92,-17.4,True
1.01,0.02,0.99,0.3,0.1,1.0,0.0,5.61,-15.29,True
1.01,0.02,0.99,0.3,0.2,0.0,1.0,7.59,-21.21,True
1.01,0.02,0.99,0.3,0.2,0.25,0.75,7.39,-19.4,True
1.01,0.02,0.99,0.3,0.2,0.5,0.5,7.19,-17.49,True
1.01,0.02,0.99,0.3,0.2,0.75,0.25,6.97,-15.67,True
1.01,0.02,0.99,0.3,0.2,1.0,0.0,6.75,-14.61,True
1.01,0.02,0.99,0.3,0.3,0.0,1.0,8.38,-19.18,True
1.01,0.02,0.99,0.3,0.3,0.25,0.75,8.22,-17.6,True
1.01,0.02,0.99,0.3,0.3,0.5,0.5,8.06,-16.9,True
1.01,0.02,0.99,0.3,0.3,0.75,0.25,7.89,-16.13,True
1.01,0.02,0.99,0.3,0.3,1.0,0.0,7.71,-15.3,True
1.01,0.02,0.99,0.4,0.0,0.0,1.0,6.14,-27.18,True
1.01,0.02,0.99,0.4,0.0,0.25,0.75,5.77,-25.29,True
1.01,0.02,0.99,0.4,0.0,0.5,0.5,5.38,-23.28,True
1.01,0.02,0.99,0.4,0.0,0.75,0.25,4.95,-21.14,True
1.01,0.02,0.99,0.4,0.0,1.0,0.0,4.49,-18.85,True
1.01,0.02,0.99,0.4,0.1,0.0,1.0,7.08,-25.43,True
1.01,0.02,0.99,0.4,0.1,0.25,0.75,6.81,-23.5,True
1.01,0.02,0.99,0.4,0.1,0.5,0.5,6.52,-21.46,True
1.01,0.02,0.99,0.4,0.1,0.75,0.25,6.21,-19.3,True
1.01,0.02,0.99,0.4,0.1,1.0,0.0,5.88,-16.99,True
1.01,0.02,0.99,0.4,0.2,0.0,1.0,7.92,-23.64,True
1.01,0.02,0.99,0.4,0.2,0.25,0.75,7.7,-21.68,True
1.01,0.02,0.99,0.4,0.2,0.5,0.5,7.48,-19.63,True
1.01,0.02,0.99,0.4,0.2,0.75,0.25,7.24,-17.45,True
1.01,0.02,0.99,0.4,0.2,1.0,0.0,6.99,-15.14,True
1.01,0.02,0.99,0.4,0.3,0.0,1.0,8.53,-21.51,True
1.01,0.02,0.99,0.4,0.3,0.25,0.75,8.36,-19.46,True
1.01,0.02,0.99,0.4,0.3,0.5,0.5,8.19,-17.32,True
1.01,0.02,0.99,0.4,0.3,0.75,0.25,8.01,-15.99,True
1.01,0.02,0.99,0.4,0.3,1.0,0.0,7.82,-15.13,True
1.01,0.02,1.0,0.1,0.0,0.0,1.0,1.53,-11.6,True
1.01,0.02,1.0,0.1,0.0,0.25,0.75,1.42,-10.63,True
1.01,0.02,1.0,0.1,0.0,0.5,0.5,1.3,-9.62,True
1.01,0.02,1.0,0.1,0.0,0.75,0.25,1.19,-8.58,True
1.01,0.02,1.0,0.1,0.0,1.0,0.0,1.07,-7.49,True
1.01,0.02,1.0,0.1,0.1,0.0,1.0,4.03,-10.36,True
1.01,0.02,1.0,0.1,0.1,0.25,0.75,3.94,-9.37,True
1.01,0.02,1.0,0.1,0.1,0.5,0.5,3.86,-8.34,True
1.01,0.02,1.0,0.1,0.1,0.75,0.25,3.77,-7.61,True
1.01,0.02,1.0,0.1,0.1,1.0,0.0,3.68,-7.58,True
1.01,0.02,1.0,0.1,0.2,0.0,1.0,5.7,-10.97,True
1.01,0.02,1.0,0.1,0.2,0.25,0.75,5.62,-10.97,True
1.01,0.02,1.0,0.1,0.2,0.5,0.5,5.55,-10.97,True
1.01,0.02,1.0,0.1,0.2,0.75,0.25,5.47,-10.97,True
1.01,0.02,1.0,0.1,0.2,1.0,0.0,5.39,-10.98,True
1.01,0.02,1.0,0.1,0.3,0.0,1.0,6.94,-13.9,True
1.01,0.02,1.0,0.1,0.3,0.25,0.75,6.87,-13.88,True
1.01,0.02,1.0,0.1,0.3,0.5,0.5,6.8,-13.85,True
1.01,0.02,1.0,0.1,0.3,0.75,0.25,6.74,-13.83,True
1.01,0.02,1.0,0.1,0.3,1.0,0.0,6.67,-13.81,True
1.01,0.02,1.0,0.2,0.0,0.0,1.0,2.71,-16.92,True
1.01,0.02,1.0,0.2,0.0,0.25,0.75,2.53,-15.68,True
1.01,0.02,1.0,0.2,0.0,0.5,0.5,2.35,-14.36,True
1.01,0.02,1.0,0.2,0.0,0.75,0.25,2.16,-12.96,True
1.01,0.02,1.0,0.2,0.0,1.0,0.0,1.96,-11.46,True
1.01,0.02,1.0,0.2,0.1,0.0,1.0,4.83,-15.11,True
1.01,0.02,1.0,0.2,0.1,0.25,0.75,4.72,-13.85,True
1.01,0.02,1.0,0.2,0.1,0.5,0.5,4.6,-12.52,True
1.01,0.02,1.0,0.2,0.1,0.75,0.25,4.46,-11.13,True
1.01,0.02,1.0,0.2,0.1,1.0,0.0,4.31,-9.66,True
1.01,0.02,1.0,0.2,0.2,0.0,1.0,6.19,-13.3,True
1.01,0.02,1.0,0.2,0.2,0.25,0.75,6.11,-12.03,True
1.01,0.02,1.0,0.2,0.2,0.5,0.5,6.03,-11.58,True
1.01,0.02,1.0,0.2,0.2,0.75,0.25,5.95,-11.57,True
1.01,0.02,1.0,0.2,0.2,1.0,0.0,5.83,-11.48,True
1.01,0.02,1.0,0.2,0.3,0.0,1.0,7.23,-13.94,True
1.01,0.02,1.0,0.2,0.3,0.25,0.75,7.17,-13.91,True
1.01,0.02,1.0,0.2,0.3,0.5,0.5,7.11,-13.89,True
1.01,0.02,1.0,0.2,0.3,0.75,0.25,7.06,-13.87,True
1.01,0.02,1.0,0.2,0.3,1.0,0.0,7.0,-13.9,True
1.01,0.02,1.0,0.3,0.0,0.0,1.0,3.29,-19.09,True
1.01,0.02,1.0,0.3,0.0,0.25,0.75,3.1,-17.71,True
1.01,0.02,1.0,0.3,0.0,0.5,0.5,2.89,-16.24,True
1.01,0.02,1.0,0.3,0.0,0.75,0.25,2.68,-14.68,True
1.01,0.02,1.0,0.3,0.0,1.0,0.0,2.46,-13.01,True
1.01,0.02,1.0,0.3,0.1,0.0,1.0,5.07,-17.52,True
1.01,0.02,1.0,0.3,0.1,0.25,0.75,4.95,-16.11,True
1.01,0.02,1.0,0.3,0.1,0.5,0.5,4.82,-14.61,True
1.01,0.02,1.0,0.3,0.1,0.75,0.25,4.7,-13.03,True
1.01,0.02,1.0,0.3,0.1,1.0,0.0,4.56,-11.34,True
1.01,0.02,1.0,0.3,0.2,0.0,1.0,6.35,-15.93,True
1.01,0.02,1.0,0.3,0.2,0.25,0.75,6.26,-14.49,True
1.01,0.02,1.0,0.3,0.2,0.5,0.5,6.18,-12.98,True
1.01,0.02,1.0,0.3,0.2,0.75,0.25,6.09,-12.28,True
1.01,0.02,1.0,0.3,0.2,1.0,0.0,6.0,-12.17,True
1.01,0.02,1.0,0.3,0.3,0.0,1.0,7.37,-14.88,True
1.01,0.02,1.0,0.3,0.3,0.25,0.75,7.31,-14.75,True
1.01,0.02,1.0,0.3,0.3,0.5,0.5,7.25,-14.62,True
1.01,0.02,1.0,0.3,0.3,0.75,0.25,7.18,-14.5,True
1.01,0.02,1.0,0.3,0.3,1.0,0.0,7.12,-14.4,True
1.01,0.02,1.0,0.4,0.0,0.0,1.0,3.54,-21.25,True
1.01,0.02,1.0,0.4,0.0,0.25,0.75,3.35,-19.73,True
1.01,0.02,1.0,0.4,0.0,0.5,0.5,3.15,-18.11,True
1.01,0.02,1.0,0.4,0.0,0.75,0.25,2.93,-16.4,True
1.01,0.02,1.0,0.4,0.0,1.0,0.0,2.7,-14.56,True
1.01,0.02,1.0,0.4,0.1,0.0,1.0,5.23,-19.86,True
1.01,0.02,1.0,0.4,0.1,0.25,0.75,5.11,-18.3,True
1.01,0.02,1.0,0.4,0.1,0.5,0.5,4.98,-16.65,True
1.01,0.02,1.0,0.4,0.1,0.75,0.25,4.85,-14.89,True
1.01,0.02,1.0,0.4,0.1,1.0,0.0,4.71,-13.02,True
1.01,0.02,1.0,0.4,0.2,0.0,1.0,6.49,-18.44,True
1.01,0.02,1.0,0.4,0.2,0.25,0.75,6.4,-16.85,True
1.01,0.02,1.0,0.4,0.2,0.5,0.5,6.32,-15.17,True
1.01,0.02,1.0,0.4,0.2,0.75,0.25,6.22,-13.39,True
1.01,0.02,1.0,0.4,0.2,1.0,0.0,6.13,-12.79,True
1.01,0.02,1.0,0.4,0.3,0.0,1.0,7.38,-16.79,True
1.01,0.02,1.0,0.4,0.3,0.25,0.75,7.33,-15.82,True
1.01,0.02,1.0,0.4,0.3,0.5,0.5,7.27,-15.57,True
1.01,0.02,1.0,0.4,0.3,0.75,0.25,7.2,-15.34,True
1.01,0.02,1.0,0.4,0.3,1.0,0.0,7.14,-15.08,True
1.01,0.02,1.01,0.1,0.0,0.0,1.0,1.72,-10.08,True
1.01,0.02,1.01,0.1,0.0,0.25,0.75,1.58,-9.24,True
1.01,0.02,1.01,0.1,0.0,0.5,0.5,1.45,-8.37,True
1.01,0.02,1.01,0.1,0.0,0.75,0.25,1.31,-7.46,True
1.01,0.02,1.01,0.1,0.0,1.0,0.0,1.17,-6.52,True
1.01,0.02,1.01,0.1,0.1,0.0,1.0,4.14,-8.88,True
1.01,0.02,1.01,0.1,0.1,0.25,0.75,4.04,-8.02,True
1.01,0.02,1.01,0.1,0.1,0.5,0.5,3.94,-7.13,True
1.01,0.02,1.01,0.1,0.1,0.75,0.25,3.83,-6.2,True
1.01,0.02,1.01,0.1,0.1,1.0,0.0,3.73,-6.3,True
1.01,0.02,1.01,0.1,0.2,0.0,1.0,5.78,-9.42,True
1.01,0.02,1.01,0.1,0.2,0.25,0.75,5.69,-9.42,True
1.01,0.02,1.01,0.1,0.2,0.5,0.5,5.6,-9.41,True
1.01,0.02,1.01,0.1,0.2,0.75,0.25,5.51,-9.52,True
1.01,0.02,1.01,0.1,0.2,1.0,0.0,5.42,-9.69,True
1.01,0.02,1.01,0.1,0.3,0.0,1.0,7.0,-13.62,True
1.01,0.02,1.01,0.1,0.3,0.25,0.75,6.92,-13.62,True
1.01,0.02,1.01,0.1,0.3,0.5,0.5,6.84,-13.61,True
1.01,0.02,1.01,0.1,0.3,0.75,0.25,6.76,-13.61,True
1.01,0.02,1.01,0.1,0.3,1.0,0.0,6.68,-13.61,True
1.01,0.02,1.01,0.2,0.0,0.0,1.0,3.01,-15.14,True
1.01,0.02,1.01,0.2,0.0,0.25,0.75,2.79,-14.02,True
1.01,0.02,1.01,0.2,0.0,0.5,0.5,2.57,-12.84,True
1.01,0.02,1.01,0.2,0.0,0.75,0.25,2.35,-11.59,True
1.01,0.02,1.01,0.2,0.0,1.0,0.0,2.11,-10.26,True
1.01,0.02,1.01,0.2,0.1,0.0,1.0,5.0,-13.53,True
1.01,0.02,1.01,0.2,0.1,0.25,0.75,4.86,-12.39,True
1.01,0.02,1.01,0.2,0.1,0.5,0.5,4.72,-11.18,True
1.01,0.02,1.01,0.2,0.1,0.75,0.25,4.55,-9.93,True
1.01,0.02,1.01,0.2,0.1,1.0,0.0,4.38,-8.61,True
1.01,0.02,1.01,0.2,0.2,0.0,1.0,6.29,-11.93,True
1.01,0.02,1.01,0.2,0.2,0.25,0.75,6.19,-10.77,True
1.01,0.02,1.01,0.2,0.2,0.5,0.5,6.09,-9.54,True
1.01,0.02,1.01,0.2,0.2,0.75,0.25,5.99,-9.39,True
1.01,0.02,1.01,0.2,0.2,1.0,0.0,5.86,-9.41,True
1.01,0.02,1.01,0.2,0.3,0.0,1.0,7.29,-12.83,True
1.01,0.02,1.01,0.2,0.3,0.25,0.75,7.21,-13.0,True
1.01,0.02,1.01,0.2,0.3,0.5,0.5,7.14,-13.18,True
1.01,0.02,1.01,0.2,0.3,0.75,0.25,7.06,-13.36,True
1.01,0.02,1.01,0.2,0.3,1.0,0.0,6.99,-13.55,True
1.01,0.02,1.01,0.3,0.0,0.0,1.0,3.62,-17.35,True
1.01,0.02,1.01,0.3,0.0,0.25,0.75,3.38,-16.09,True
1.01,0.02,1.01,0.3,0.0,0.5,0.5,3.13,-14.75,True
1.01,0.02,1.01,0.3,0.0,0.75,0.25,2.87,-13.34,True
1.01,0.02,1.01,0.3,0.0,1.0,0.0,2.6,-11.83,True
1.01,0.02,1.01,0.3,0.1,0.0,1.0,5.26,-15.99,True
1.01,0.02,1.01,0.3,0.1,0.25,0.75,5.1,-14.69,True
1.01,0.02,1.01,0.3,0.1,0.5,0.5,4.94,-13.31,True
1.01,0.02,1.01,0.3,0.1,0.75,0.25,4.78,-11.86,True
1.01,0.02,1.01,0.3,0.1,1.0,0.0,4.61,-10.32,True
1.01,0.02,1.01,0.3,0.2,0.0,1.0,6.44,-14.62,True
1.01,0.02,1.01,0.3,0.2,0.25,0.75,6.33,-13.28,True
1.01,0.02,1.01,0.3,0.2,0.5,0.5,6.22,-11.87,True
1.01,0.02,1.01,0.3,0.2,0.75,0.25,6.11,-10.39,True
1.01,0.02,1.01,0.3,0.2,1.0,0.0,5.99,-8.98,True
1.01,0.02,1.01,0.3,0.3,0.0,1.0,7.39,-13.24,True
1.01,0.02,1.01,0.3,0.3,0.25,0.75,7.31,-12.09,True
1.01,0.02,1.01,0.3,0.3,0.5,0.5,7.23,-12.32,True
1.01,0.02,1.01,0.3,0.3,0.75,0.25,7.15,-12.56,True
1.01,0.02,1.01,0.3,0.3,1.0,0.0,7.07,-12.82,True
1.01,0.02,1.01,0.4,0.0,0.0,1.0,3.89,-19.56,True
1.01,0.02,1.01,0.4,0.0,0.25,0.75,3.65,-18.15,True
1.01,0.02,1.01,0.4,0.0,0.5,0.5,3.39,-16.66,True
1.01,0.02,1.01,0.4,0.0,0.75,0.25,3.12,-15.08,True
1.01,0.02,1.01,0.4,0.0,1.0,0.0,2.84,-13.4,True
1.01,0.02,1.01,0.4,0.1,0.0,1.0,5.41,-18.38,True
1.01,0.02,1.01,0.4,0.1,0.25,0.75,5.25,-16.92,True
1.01,0.02,1.01,0.4,0.1,0.5,0.5,5.09,-15.38,True
1.01,0.02,1.01,0.4,0.1,0.75,0.25,4.91,-13.76,True
1.01,0.02,1.01,0.4,0.1,1.0,0.0,4.74,-12.03,True
1.01,0.02,1.01,0.4,0.2,0.0,1.0,6.53,-17.17,True
1.01,0.02,1.01,0.4,0.2,0.25,0.75,6.42,-15.67,True
1.01,0.02,1.01,0.4,0.2,0.5,0.5,6.31,-14.09,True
1.01,0.02,1.01,0.4,0.2,0.75,0.25,6.19,-12.42,True
1.01,0.02,1.01,0.4,0.2,1.0,0.0,6.07,-10.66,True
1.01,0.02,1.01,0.4,0.3,0.0,1.0,7.39,-15.82,True
1.01,0.02,1.01,0.4,0.3,0.25,0.75,7.31,-14.27,True
1.01,0.02,1.01,0.4,0.3,0.5,0.5,7.24,-12.57,True
1.01,0.02,1.01,0.4,0.3,0.75,0.25,7.17,-12.2,True
1.01,0.02,1.01,0.4,0.3,1.0,0.0,7.09,-12.47,True
1.01,0.02,1.02,0.1,0.0,0.0,1.0,1.49,-10.08,True
1.01,0.02,1.02,0.1,0.0,0.25,0.75,1.37,-9.24,True
1.01,0.02,1.02,0.1,0.0,0.5,0.5,1.25,-8.37,True
1.01,0.02,1.02,0.1,0.0,0.75,0.25,1.14,-7.46,True
1.01,0.02,1.02,0.1,0.0,1.0,0.0,1.01,-6.52,True
1.01,0.02,1.02,0.1,0.1,0.0,1.0,4.08,-8.76,True
1.01,0.02,1.02,0.1,0.1,0.25,0.75,3.99,-7.9,True
1.01,0.02,1.02,0.1,0.1,0.5,0.5,3.91,-7.0,True
1.01,0.02,1.02,0.1,0.1,0.75,0.25,3.83,-6.58,True
1.01,0.02,1.02,0.1,0.1,1.0,0.0,3.75,-6.72,True
1.01,0.02,1.02,0.1,0.2,0.0,1.0,5.75,-10.19,True
1.01,0.02,1.02,0.1,0.2,0.25,0.75,5.68,-10.18,True
1.01,0.02,1.02,0.1,0.2,0.5,0.5,5.62,-10.18,True
1.01,0.02,1.02,0.1,0.2,0.75,0.25,5.55,-10.18,True
1.01,0.02,1.02,0.1,0.2,1.0,0.0,5.48,-10.18,True
1.01,0.02,1.02,0.1,0.3,0.0,1.0,6.96,-14.55,True
1.01,0.02,1.02,0.1,0.3,0.25,0.75,6.91,-14.54,True
1.01,0.02,1.02,0.1,0.3,0.5,0.5,6.85,-14.54,True
1.01,0.02,1.02,0.1,0.3,0.75,0.25,6.79,-14.54,True
1.01,0.02,1.02,0.1,0.3,1.0,0.0,6.73,-14.53,True
1.01,0.02,1.02,0.2,0.0,0.0,1.0,2.58,-15.14,True
1.01,0.02,1.02,0.2,0.0,0.25,0.75,2.4,-14.02,True
1.01,0.02,1.02,0.2,0.0,0.5,0.5,2.21,-12.84,True
1.01,0.02,1.02,0.2,0.0,0.75,0.25,2.01,-11.59,True
1.01,0.02,1.02,0.2,0.0,1.0,0.0,1.81,-10.26,True
1.01,0.02,1.02,0.2,0.1,0.0,1.0,4.76,-13.3,True
1.01,0.02,1.02,0.2,0.1,0.25,0.75,4.63,-12.19,True
1.01,0.02,1.02,0.2,0.1,0.5,0.5,4.5,-11.01,True
1.01,0.02,1.02,0.2,0.1,0.75,0.25,4.36,-9.76,True
1.01,0.02,1.02,0.2,0.1,1.0,0.0,4.23,-8.44,True
1.01,0.02,1.02,0.2,0.2,0.0,1.0,6.15,-11.45,True
1.01,0.02,1.02,0.2,0.2,0.25,0.75,6.05,-10.33,True
1.01,0.02,1.02,0.2,0.2,0.5,0.5,5.96,-10.19,True
1.01,0.02,1.02,0.2,0.2,0.75,0.25,5.86,-10.18,True
1.01,0.02,1.02,0.2,0.2,1.0,0.0,5.76,-10.18,True
1.01,0.02,1.02,0.2,0.3,0.0,1.0,7.2,-14.44,True
1.01,0.02,1.02,0.2,0.3,0.25,0.75,7.13,-14.5,True
1.01,0.02,1.02,0.2,0.3,0.5,0.5,7.07,-14.55,True
1.01,0.02,1.02,0.2,0.3,0.75,0.25,6.99,-14.54,True
1.01,0.02,1.02,0.2,0.3,1.0,0.0,6.91,-14.53,True
1.01,0.02,1.02,0.3,0.0,0.0,1.0,3.05,-17.35,True
1.01,0.02,1.02,0.3,0.0,0.25,0.75,2.85,-16.09,True
1.01,0.02,1.02,0.3,0.0,0.5,0.5,2.64,-14.75,True
1.01,0.02,1.02,0.3,0.0,0.75,0.25,2.42,-13.34,True
1.01,0.02,1.02,0.3,0.0,1.0,0.0,2.19,-11.83,True
1.01,0.02,1.02,0.3,0.1,0.0,1.0,4.94,-15.69,True
1.01,0.02,1.02,0.3,0.1,0.25,0.75,4.81,-14.41,True
1.01,0.02,1.02,0.3,0.1,0.5,0.5,4.68,-13.05,True
1.01,0.02,1.02,0.3,0.1,0.75,0.25,4.55,-11.62,True
1.01,0.02,1.02,0.3,0.1,1.0,0.0,4.4,-10.1,True
1.01,0.02,1.02,0.3,0.2,0.0,1.0,6.25,-14.02,True
1.01,0.02,1.02,0.3,0.2,0.25,0.75,6.16,-12.71,True
1.01,0.02,1.02,0.3,0.2,0.5,0.5,6.07,-11.35,True
1.01,0.02,1.02,0.3,0.2,0.75,0.25,5.98,-10.07,True
1.01,0.02,1.02,0.3,0.2,1.0,0.0,5.88,-10.13,True
1.01,0.02,1.02,0.3,0.3,0.0,1.0,7.28,-14.05,True
1.01,0.02,1.02,0.3,0.3,0.25,0.75,7.22,-14.13,True
1.01,0.02,1.02,0.3,0.3,0.5,0.5,7.15,-14.21,True
1.01,0.02,1.02,0.3,0.3,0.75,0.25,7.08,-14.29,True
1.01,0.02,1.02,0.3,0.3,1.0,0.0,7.01,-14.37,True
1.01,0.02,1.02,0.4,0.0,0.0,1.0,3.23,-19.56,True
1.01,0.02,1.02,0.4,0.0,0.25,0.75,3.03,-18.15,True
1.01,0.02,1.02,0.4,0.0,0.5,0.5,2.82,-16.66,True
1.01,0.02,1.02,0.4,0.0,0.75,0.25,2.59,-15.08,True
1.01,0.02,1.02,0.4,0.0,1.0,0.0,2.35,-13.4,True
1.01,0.02,1.02,0.4,0.1,0.0,1.0,5.05,-18.04,True
1.01,0.02,1.02,0.4,0.1,0.25,0.75,4.91,-16.6,True
1.01,0.02,1.02,0.4,0.1,0.5,0.5,4.78,-15.08,True
1.01,0.02,1.02,0.4,0.1,0.75,0.25,4.64,-13.47,True
1.01,0.02,1.02,0.4,0.1,1.0,0.0,4.49,-11.77,True
1.01,0.02,1.02,0.4,0.2,0.0,1.0,6.33,-16.5,True
1.01,0.02,1.02,0.4,0.2,0.25,0.75,6.24,-15.03,True
1.01,0.02,1.02,0.4,0.2,0.5,0.5,6.14,-13.49,True
1.01,0.02,1.02,0.4,0.2,0.75,0.25,6.05,-11.87,True
1.01,0.02,1.02,0.4,0.2,1.0,0.0,5.95,-10.15,True
1.01,0.02,1.02,0.4,0.3,0.0,1.0,7.28,-14.43,True
1.01,0.02,1.02,0.4,0.3,0.25,0.75,7.22,-13.92,True
1.01,0.02,1.02,0.4,0.3,0.5,0.5,7.16,-14.01,True
1.01,0.02,1.02,0.4,0.3,0.75,0.25,7.09,-14.1,True
1.01,0.02,1.02,0.4,0.3,1.0,0.0,7.03,-14.19,True
1.01,0.025,0.95,0.1,0.0,0.0,1.0,2.22,-18.11,True
1.01,0.025,0.95,0.1,0.0,0.25,0.75,2.06,-16.62,True
1.01,0.025,0.95,0.1,0.0,0.5,0.5,1.89,-14.97,True
1.01,0.025,0.95,0.1,0.0,0.75,0.25,1.72,-13.13,True
1.01,0.025,0.95,0.1,0.0,1.0,0.0,1.54,-11.08,True
1.01,0.025,0.95,0.1,0.1,0.0,1.0,3.82,-20.32,True
1.01,0.025,0.95,0.1,0.1,0.25,0.75,3.69,-19.04,True
1.01,0.025,0.95,0.1,0.1,0.5,0.5,3.56,-17.63,True
1.01,0.025,0.95,0.1,0.1,0.75,0.25,3.42,-16.08,True
1.01,0.025,0.95,0.1,0.1,1.0,0.0,3.28,-14.36,True
1.01,0.025,0.95,0.1,0.2,0.0,1.0,5.02,-21.78,True
1.01,0.025,0.95,0.1,0.2,0.25,0.75,4.9,-20.63,True
1.01,0.025,0.95,0.1,0.2,0.5,0.5,4.79,-19.38,True
1.01,0.025,0.95,0.1,0.2,0.75,0.25,4.67,-17.99,True
1.01,0.025,0.95,0.1,0.2,1.0,0.0,4.55,-16.47,True
1.01,0.025,0.95,0.1,0.3,0.0,1.0,6.02,-22.77,True
1.01,0.025,0.95,0.1,0.3,0.25,0.75,5.91,-21.7,True
1.01,0.025,0.95,0.1,0.3,0.5,0.5,5.8,-20.54,True
1.01,0.025,0.95,0.1,0.3,0.75,0.25,5.69,-19.27,True
1.01,0.025,0.95,0.1,0.3,1.0,0.0,5.58,-17.88,True
1.01,0.025,0.95,0.2,0.0,0.0,1.0,4.1,-25.13,True
1.01,0.025,0.95,0.2,0.0,0.25,0.75,3.83,-23.52,True
1.01,0.025,0.95,0.2,0.0,0.5,0.5,3.55,-21.67,True
1.01,0.025,0.95,0.2,0.0,0.75,0.25,3.25,-19.51,True
1.01,0.025,0.95,0.2,0.0,1.0,0.0,2.94,-16.95,True
1.01,0.025,0.95,0.2,0.1,0.0,1.0,5.56,-26.08,True
1.01,0.025,0.95,0.2,0.1,0.25,0.75,5.31,-24.62,True
1.01,0.025,0.95,0.2,0.1,0.5,0.5,5.05,-22.94,True
1.01,0.025,0.95,0.2,0.1,0.75,0.25,4.78,-20.99,True
1.01,0.025,0.95,0.2,0.1,1.0,0.0,4.5,-18.73,True
1.01,0.025,0.95,0.2,0.2,0.0,1.0,6.29,-25.34,True
1.01,0.025,0.95,0.2,0.2,0.25,0.75,6.07,-23.96,True
1.01,0.025,0.95,0.2,0.2,0.5,0.5,5.84,-22.42,True
1.01,0.025,0.95,0.2,0.2,0.75,0.25,5.61,-20.68,True
1.01,0.025,0.95,0.2,0.2,1.0,0.0,5.38,-18.72,True
1.01,0.025,0.95,0.2,0.3,0.0,1.0,6.85,-24.64,True
1.01,0.025,0.95,0.2,0.3,0.25,0.75,6.66,-23.36,True
1.01,0.025,0.95,0.2,0.3,0.5,0.5,6.47,-21.96,True
1.01,0.025,0.95,0.2,0.3,0.75,0.25,6.28,-20.41,True
1.01,0.025,0.95,0.2,0.3,1.0,0.0,6.09,-18.71,True
1.01,0.025,0.95,0.3,0.0,0.0,1.0,5.64,-26.93,True
1.01,0.025,0.95,0.3,0.0,0.25,0.75,5.28,-25.36,True
1.01,0.025,0.95,0.3,0.0,0.5,0.5,4.9,-23.53,True
1.01,0.025,0.95,0.3,0.0,0.75,0.25,4.5,-21.36,True
1.01,0.025,0.95,0.3,0.0,1.0,0.0,4.08,-18.74,True
1.01,0.025,0.95,0.3,0.1,0.0,1.0,6.24,-26.23,True
1.01,0.025,0.95,0.3,0.1,0.25,0.75,5.93,-24.73,True
1.01,0.025,0.95,0.3,0.1,0.5,0.5,5.62,-23.02,True
1.01,0.025,0.95,0.3,0.1,0.75,0.25,5.3,-21.04,True
1.01,0.025,0.95,0.3,0.1,1.0,0.0,4.97,-18.73,True
1.01,0.025,0.95,0.3,0.2,0.0,1.0,6.78,-25.56,True
1.01,0.025,0.95,0.3,0.2,0.25,0.75,6.52,-24.15,True
1.01,0.025,0.95,0.3,0.2,0.5,0.5,6.26,-22.56,True
1.01,0.025,0.95,0.3,0.2,0.75,0.25,5.99,-20.76,True
1.01,0.025,0.95,0.3,0.2,1.0,0.0,5.72,-18.72,True
1.01,0.025,0.95,0.3,0.3,0.0,1.0,7.31,-24.96,True
1.01,0.025,0.95,0.3,0.3,0.25,0.75,7.09,-23.63,True
1.01,0.025,0.95,0.3,0.3,0.5,0.5,6.86,-22.16,True
1.01,0.025,0.95,0.3,0.3,0.75,0.25,6.64,-20.52,True
1.01,0.025,0.95,0.3,0.3,1.0,0.0,6.42,-18.71,True
1.01,0.025,0.95,0.4,0.0,0.0,1.0,6.1,-26.93,True
1.01,0.025,0.95,0.4,0.0,0.25,0.75,5.72,-25.37,True
1.01,0.025,0.95,0.4,0.0,0.5,0.5,5.31,-23.54,True
1.01,0.025,0.95,0.4,0.0,0.75,0.25,4.89,-21.36,True
1.01,0.025,0.95,0.4,0.0,1.0,0.0,4.44,-18.74,True
1.01,0.025,0.95,0.4,0.1,0.0,1.0,6.7,-26.31,True
1.01,0.025,0.95,0.4,0.1,0.25,0.75,6.36,-24.81,True
1.01,0.025,0.95,0.4,0.1,0.5,0.5,6.02,-23.08,True
1.01,0.025,0.95,0.4,0.1,0.75,0.25,5.66,-21.08,True
1.01,0.025,0.95,0.4,0.1,1.0,0.0,5.29,-18.73,True
1.01,0.025,0.95,0.4,0.2,0.0,1.0,7.32,-25.75,True
1.01,0.025,0.95,0.4,0.2,0.25,0.75,7.03,-24.32,True
1.01,0.025,0.95,0.4,0.2,0.5,0.5,6.73,-22.69,True
1.01,0.025,0.95,0.4,0.2,0.75,0.25,6.42,-20.84,True
1.01,0.025,0.95,0.4,0.2,1.0,0.0,6.11,-18.72,True
1.01,0.025,0.95,0.4,0.3,0.0,1.0,7.89,-25.24,True
1.01,0.025,0.95,0.4,0.3,0.25,0.75,7.62,-23.87,True
1.01,0.025,0.95,0.4,0.3,0.5,0.5,7.35,-22.34,True
1.01,0.025,0.95,0.4,0.3,0.75,0.25,7.07,-20.63,True
1.01,0.025,0.95,0.4,0.3,1.0,0.0,6.8,-18.71,True
1.01,0.025,0.97,0.1,0.0,0.0,1.0,2.49,-15.72,True
1.01,0.025,0.97,0.1,0.0,0.25,0.75,2.29,-14.41,True
1.01,0.025,0.97,0.1,0.0,0.5,0.5,2.09,-12.96,True
1.01,0.025,0.97,0.1,0.0,0.75,0.25,1.89,-11.35,True
1.01,0.025,0.97,0.1,0.0,1.0,0.0,1.68,-9.55,True
1.01,0.025,0.97,0.1,0.1,0.0,1.0,4.04,-18.03,True
1.01,0.025,0.97,0.1,0.1,0.25,0.75,3.88,-16.93,True
1.01,0.025,0.97,0.1,0.1,0.5,0.5,3.72,-15.73,True
1.01,0.025,0.97,0.1,0.1,0.75,0.25,3.55,-14.39,True
1.01,0.025,0.97,0.1,0.1,1.0,0.0,3.38,-12.92,True
1.01,0.025,0.97,0.1,0.2,0.0,1.0,5.21,-19.59,True
1.01,0.025,0.97,0.1,0.2,0.25,0.75,5.07,-18.62,True
1.01,0.025,0.97,0.1,0.2,0.5,0.5,4.93,-17.55,True
1.01,0.025,0.97,0.1,0.2,0.75,0.25,4.78,-16.38,True
1.01,0.025,0.97,0.1,0.2,1.0,0.0,4.64,-15.1,True
1.01,0.025,0.97,0.1,0.3,0.0,1.0,6.2,-20.64,True
1.01,0.025,0.97,0.1,0.3,0.25,0.75,6.07,-19.75,True
1.01,0.025,0.97,0.1,0.3,0.5,0.5,5.94,-18.78,True
1.01,0.025,0.97,0.1,0.3,0.75,0.25,5.8,-17.72,True
1.01,0.025,0.97,0.1,0.3,1.0,0.0,5.66,-16.56,True
1.01,0.025,0.97,0.2,0.0,0.0,1.0,4.6,-21.81,True
1.01,0.025,0.97,0.2,0.0,0.25,0.75,4.27,-20.4,True
1.01,0.025,0.97,0.2,0.0,0.5,0.5,3.93,-18.77,True
1.01,0.025,0.97,0.2,0.0,0.75,0.25,3.58,-16.87,True
1.01,0.025,0.97,0.2,0.0,1.0,0.0,3.2,-14.61,True
1.01,0.025,0.97,0.2,0.1,0.0,1.0,5.94,-22.89,True
1.01,0.025,0.97,0.2,0.1,0.25,0.75,5.65,-21.62,True
1.01,0.025,0.97,0.2,0.1,0.5,0.5,5.34,-20.17,True
1.01,0.025,0.97,0.2,0.1,0.75,0.25,5.03,-18.49,True
1.01,0.025,0.97,0.2,0.1,1.0,0.0,4.7,-16.54,True
1.01,0.025,0.97,0.2,0.2,0.0,1.0,6.56,-22.45,True
1.01,0.025,0.97,0.2,0.2,0.25,0.75,6.3,-21.28,True
1.01,0.025,0.97,0.2,0.2,0.5,0.5,6.03,-19.98,True
1.01,0.025,0.97,0.2,0.2,0.75,0.25,5.77,-18.51,True
1.01,0.025,0.97,0.2,0.2,1.0,0.0,5.5,-16.86,True
1.01,0.025,0.97,0.2,0.3,0.0,1.0,7.1,-22.04,True
1.01,0.025,0.97,0.2,0.3,0.25,0.75,6.88,-20.98,True
1.01,0.025,0.97,0.2,0.3,0.5,0.5,6.66,-19.81,True
1.01,0.025,0.97,0.2,0.3,0.75,0.25,6.43,-18.53,True
1.01,0.025,0.97,0.2,0.3,1.0,0.0,6.21,-17.12,True
1.01,0.025,0.97,0.3,0.0,0.0,1.0,6.11,-23.38,True
1.01,0.025,0.97,0.3,0.0,0.25,0.75,5.69,-22.0,True
1.01,0.025,0.97,0.3,0.0,0.5,0.5,5.25,-20.38,True
1.01,0.025,0.97,0.3,0.0,0.75,0.25,4.79,-18.47,True
1.01,0.025,0.97,0.3,0.0,1.0,0.0,4.31,-16.16,True
1.01,0.025,0.97,0.3,0.1,0.0,1.0,6.68,-22.96,True
1.01,0.025,0.97,0.3,0.1,0.25,0.75,6.32,-21.67,True
1.01,0.025,0.97,0.3,0.1,0.5,0.5,5.95,-20.2,True
1.01,0.025,0.97,0.3,0.1,0.75,0.25,5.57,-18.49,True
1.01,0.025,0.97,0.3,0.1,1.0,0.0,5.18,-16.5,True
1.01,0.025,0.97,0.3,0.2,0.0,1.0,7.2,-22.58,True
1.01,0.025,0.97,0.3,0.2,0.25,0.75,6.89,-21.38,True
1.01,0.025,0.97,0.3,0.2,0.5,0.5,6.57,-20.03,True
1.01,0.025,0.97,0.3,0.2,0.75,0.25,6.25,-18.51,True
1.01,0.025,0.97,0.3,0.2,1.0,0.0,5.92,-16.79,True
1.01,0.025,0.97,0.3,0.3,0.0,1.0,7.72,-22.23,True
1.01,0.025,0.97,0.3,0.3,0.25,0.75,7.44,-21.12,True
1.01,0.025,0.97,0.3,0.3,0.5,0.5,7.16,-19.89,True
1.01,0.025,0.97,0.3,0.3,0.75,0.25,6.89,-18.54,True
1.01,0.025,0.97,0.3,0.3,1.0,0.0,6.61,-17.04,True
1.01,0.025,0.97,0.4,0.0,0.0,1.0,6.73,-23.38,True
1.01,0.025,0.97,0.4,0.0,0.25,0.75,6.27,-22.0,True
1.01,0.025,0.97,0.4,0.0,0.5,0.5,5.8,-20.39,True
1.01,0.025,0.97,0.4,0.0,0.75,0.25,5.3,-18.47,True
1.01,0.025,0.97,0.4,0.0,1.0,0.0,4.77,-16.16,True
1.01,0.025,0.97,0.4,0.1,0.0,1.0,7.3,-23.02,True
1.01,0.025,0.97,0.4,0.1,0.25,0.75,6.89,-21.72,True
1.01,0.025,0.97,0.4,0.1,0.5,0.5,6.47,-20.23,True
1.01,0.025,0.97,0.4,0.1,0.75,0.25,6.04,-18.5,True
1.01,0.025,0.97,0.4,0.1,1.0,0.0,5.6,-16.47,True
1.01,0.025,0.97,0.4,0.2,0.0,1.0,7.88,-22.69,True
1.01,0.025,0.97,0.4,0.2,0.25,0.75,7.52,-21.47,True
1.01,0.025,0.97,0.4,0.2,0.5,0.5,7.15,-20.09,True
1.01,0.025,0.97,0.4,0.2,0.75,0.25,6.77,-18.52,True
1.01,0.025,0.97,0.4,0.2,1.0,0.0,6.38,-16.73,True
1.01,0.025,0.97,0.4,0.3,0.0,1.0,8.4,-22.39,True
1.01,0.025,0.97,0.4,0.3,0.25,0.75,8.07,-21.24,True
1.01,0.025,0.97,0.4,0.3,0.5,0.5,7.74,-19.97,True
1.01,0.025,0.97,0.4,0.3,0.75,0.25,7.39,-18.55,True
1.01,0.025,0.97,0.4,0.3,1.0,0.0,7.05,-16.96,True
1.01,0.025,0.99,0.1,0.0,0.0,1.0,2.14,-12.5,True
1.01,0.025,0.99,0.1,0.0,0.25,0.75,1.96,-11.44,True
1.01,0.025,0.99,0.1,0.0,0.5,0.5,1.78,-10.26,True
1.01,0.025,0.99,0.1,0.0,0.75,0.25,1.59,-8.96,True
1.01,0.025,0.99,0.1,0.0,1.0,0.0,1.39,-7.49,True
1.01,0.025,0.99,0.1,0.1,0.0,1.0,3.82,-15.3,True
1.01,0.025,0.99,0.1,0.1,0.25,0.75,3.67,-14.45,True
1.01,0.025,0.99,0.1,0.1,0.5,0.5,3.53,-13.52,True
1.01,0.025,0.99,0.1,0.1,0.75,0.25,3.38,-12.49,True
1.01,0.025,0.99,0.1,0.1,1.0,0.0,3.22,-11.34,True
1.01,0.025,0.99,0.1,0.2,0.0,1.0,5.05,-17.11,True
1.01,0.025,0.99,0.1,0.2,0.25,0.75,4.92,-16.38,True
1.01,0.025,0.99,0.1,0.2,0.5,0.5,4.79,-15.59,True
1.01,0.025,0.99,0.1,0.2,0.75,0.25,4.66,-14.71,True
1.01,0.025,0.99,0.1,0.2,1.0,0.0,4.53,-13.75,True
1.01,0.025,0.99,0.1,0.3,0.0,1.0,6.02,-18.37,True
1.01,0.025,0.99,0.1,0.3,0.25,0.75,5.91,-17.72,True
1.01,0.025,0.99,0.1,0.3,0.5,0.5,5.79,-17.02,True
1.01,0.025,0.99,0.1,0.3,0.75,0.25,5.67,-16.24,True
1.01,0.025,0.99,0.1,0.3,1.0,0.0,5.55,-15.39,True
1.01,0.025,0.99,0.2,0.0,0.0,1.0,3.67,-17.34,True
1.01,0.025,0.99,0.2,0.0,0.25,0.75,3.4,-16.19,True
1.01,0.025,0.99,0.2,0.0,0.5,0.5,3.12,-14.86,True
1.01,0.025,0.99,0.2,0.0,0.75,0.25,2.82,-13.3,True
1.01,0.025,0.99,0.2,0.0,1.0,0.0,2.5,-11.46,True
1.01,0.025,0.99,0.2,0.1,0.0,1.0,4.9,-18.59,True
1.01,0.025,0.99,0.2,0.1,0.25,0.75,4.69,-17.63,True
1.01,0.025,0.99,0.2,0.1,0.5,0.5,4.47,-16.54,True
1.01,0.025,0.99,0.2,0.1,0.75,0.25,4.23,-15.28,True
1.01,0.025,0.99,0.2,0.1,1.0,0.0,3.99,-13.81,True
1.01,0.025,0.99,0.2,0.2,0.0,1.0,5.55,-18.6,True
1.01,0.025,0.99,0.2,0.2,0.25,0.75,5.39,-17.8,True
1.01,0.025,0.99,0.2,0.2,0.5,0.5,5.22,-16.9,True
1.01,0.025,0.99,0.2,0.2,0.75,0.25,5.05,-15.89,True
1.01,0.025,0.99,0.2,0.2,1.0,0.0,4.88,-14.75,True
1.01,0.025,0.99,0.2,0.3,0.0,1.0,6.15,-18.61,True
1.01,0.025,0.99,0.2,0.3,0.25,0.75,6.02,-17.94,True
1.01,0.025,0.99,0.2,0.3,0.5,0.5,5.9,-17.22,True
1.01,0.025,0.99,0.2,0.3,0.75,0.25,5.77,-16.41,True
1.01,0.025,0.99,0.2,0.3,1.0,0.0,5.64,-15.52,True
1.01,0.025,0.99,0.3,0.0,0.0,1.0,4.25,-18.59,True
1.01,0.025,0.99,0.3,0.0,0.25,0.75,3.96,-17.45,True
1.01,0.025,0.99,0.3,0.0,0.5,0.5,3.65,-16.13,True
1.01,0.025,0.99,0.3,0.0,0.75,0.25,3.33,-14.57,True
1.01,0.025,0.99,0.3,0.0,1.0,0.0,2.97,-12.68,True
1.01,0.025,0.99,0.3,0.1,0.0,1.0,4.99,-18.59,True
1.01,0.025,0.99,0.3,0.1,0.25,0.75,4.78,-17.63,True
1.01,0.025,0.99,0.3,0.1,0.5,0.5,4.55,-16.53,True
1.01,0.025,0.99,0.3,0.1,0.75,0.25,4.31,-15.27,True
1.01,0.025,0.99,0.3,0.1,1.0,0.0,4.06,-13.79,True
1.01,0.025,0.99,0.3,0.2,0.0,1.0,5.67,-18.6,True
1.01,0.025,0.99,0.3,0.2,0.25,0.75,5.51,-17.79,True
1.01,0.025,0.99,0.3,0.2,0.5,0.5,5.33,-16.89,True
1.01,0.025,0.99,0.3,0.2,0.75,0.25,5.15,-15.87,True
1.01,0.025,0.99,0.3,0.2,1.0,0.0,4.97,-14.7,True
1.01,0.025,0.99,0.3,0.3,0.0,1.0,6.31,-18.61,True
1.01,0.025,0.99,0.3,0.3,0.25,0.75,6.18,-17.94,True
1.01,0.025,0.99,0.3,0.3,0.5,0.5,6.04,-17.19,True
1.01,0.025,0.99,0.3,0.3,0.75,0.25,5.9,-16.36,True
1.01,0.025,0.99,0.3,0.3,1.0,0.0,5.75,-15.44,True
1.01,0.025,0.99,0.4,0.0,0.0,1.0,4.39,-18.59,True
1.01,0.025,0.99,0.4,0.0,0.25,0.75,4.1,-17.46,True
1.01,0.025,0.99,0.4,0.0,0.5,0.5,3.78,-16.14,True
1.01,0.025,0.99,0.4,0.0,0.75,0.25,3.45,-14.57,True
1.01,0.025,0.99,0.4,0.0,1.0,0.0,3.09,-12.68,True
1.01,0.025,0.99,0.4,0.1,0.0,1.0,5.16,-18.59,True
1.01,0.025,0.99,0.4,0.1,0.25,0.75,4.93,-17.63,True
1.01,0.025,0.99,0.4,0.1,0.5,0.5,4.69,-16.53,True
1.01,0.025,0.99,0.4,0.1,0.75,0.25,4.44,-15.26,True
1.01,0.025,0.99,0.4,0.1,1.0,0.0,4.18,-13.76,True
1.01,0.025,0.99,0.4,0.2,0.0,1.0,5.85,-18.6,True
1.01,0.025,0.99,0.4,0.2,0.25,0.75,5.68,-17.79,True
1.01,0.025,0.99,0.4,0.2,0.5,0.5,5.49,-16.88,True
1.01,0.025,0.99,0.4,0.2,0.75,0.25,5.3,-15.83,True
1.01,0.025,0.99,0.4,0.2,1.0,0.0,5.1,-14.64,True
1.01,0.025,0.99,0.4,0.3,0.0,1.0,6.45,-18.61,True
1.01,0.025,0.99,0.4,0.3,0.25,0.75,6.31,-17.93,True
1.01,0.025,0.99,0.4,0.3,0.5,0.5,6.16,-17.18,True
1.01,0.025,0.99,0.4,0.3,0.75,0.25,6.01,-16.33,True
1.01,0.025,0.99,0.4,0.3,1.0,0.0,5.85,-15.37,True
1.01,0.025,1.0,0.1,0.0,0.0,1.0,0.25,-4.1,True
1.01,0.025,1.0,0.1,0.0,0.25,0.75,0.23,-3.69,True
1.01,0.025,1.0,0.1,0.0,0.5,0.5,0.22,-3.28,True
1.01,0.025,1.0,0.1,0.0,0.75,0.25,0.2,-2.85,True
1.01,0.025,1.0,0.1,0.0,1.0,0.0,0.18,-2.42,True
1.01,0.025,1.0,0.1,0.1,0.0,1.0,2.3,-6.09,True
1.01,0.025,1.0,0.1,0.1,0.25,0.75,2.29,-6.11,True
1.01,0.025,1.0,0.1,0.1,0.5,0.5,2.28,-6.12,True
1.01,0.025,1.0,0.1,0.1,0.75,0.25,2.28,-6.13,True
1.01,0.025,1.0,0.1,0.1,1.0,0.0,2.27,-6.15,True
1.01,0.025,1.0,0.1,0.2,0.0,1.0,3.72,-9.75,True
1.01,0.025,1.0,0.1,0.2,0.25,0.75,3.71,-9.76,True
1.01,0.025,1.0,0.1,0.2,0.5,0.5,3.71,-9.78,True
1.01,0.025,1.0,0.1,0.2,0.75,0.25,3.7,-9.79,True
1.01,0.025,1.0,0.1,0.2,1.0,0.0,3.69,-9.8,True
1.01,0.025,1.0,0.1,0.3,0.0,1.0,4.8,-12.19,True
1.01,0.025,1.0,0.1,0.3,0.25,0.75,4.8,-12.2,True
1.01,0.025,1.0,0.1,0.3,0.5,0.5,4.79,-12.2,True
1.01,0.025,1.0,0.1,0.3,0.75,0.25,4.79,-12.21,True
1.01,0.025,1.0,0.1,0.3,1.0,0.0,4.79,-12.22,True
1.01,0.025,1.0,0.2,0.0,0.0,1.0,0.47,-7.52,True
1.01,0.025,1.0,0.2,0.0,0.25,0.75,0.44,-6.82,True
1.01,0.025,1.0,0.2,0.0,0.5,0.5,0.41,-6.1,True
1.01,0.025,1.0,0.2,0.0,0.75,0.25,0.38,-5.36,True
1.01,0.025,1.0,0.2,0.0,1.0,0.0,0.35,-4.59,True
1.01,0.025,1.0,0.2,0.1,0.0,1.0,2.44,-6.52,True
1.01,0.025,1.0,0.2,0.1,0.25,0.75,2.42,-5.96,True
1.01,0.025,1.0,0.2,0.1,0.5,0.5,2.41,-5.98,True
1.01,0.025,1.0,0.2,0.1,0.75,0.25,2.39,-6.0,True
1.01,0.025,1.0,0.2,0.1,1.0,0.0,2.37,-6.03,True
1.01,0.025,1.0,0.2,0.2,0.0,1.0,3.82,-9.57,True
1.01,0.025,1.0,0.2,0.2,0.25,0.75,3.81,-9.59,True
1.01,0.025,1.0,0.2,0.2,0.5,0.5,3.8,-9.61,True
1.01,0.025,1.0,0.2,0.2,0.75,0.25,3.79,-9.64,True
1.01,0.025,1.0,0.2,0.2,1.0,0.0,3.78,-9.66,True
1.01,0.025,1.0,0.2,0.3,0.0,1.0,4.9,-11.96,True
1.01,0.025,1.0,0.2,0.3,0.25,0.75,4.89,-11.98,True
1.01,0.025,1.0,0.2,0.3,0.5,0.5,4.88,-12.0,True
1.01,0.025,1.0,0.2,0.3,0.75,0.25,4.87,-12.03,True
1.01,0.025,1.0,0.2,0.3,1.0,0.0,4.86,-12.05,True
1.01,0.025,1.0,0.3,0.0,0.0,1.0,0.66,-10.43,True
1.01,0.025,1.0,0.3,0.0,0.25,0.75,0.62,-9.52,True
1.01,0.025,1.0,0.3,0.0,0.5,0.5,0.59,-8.57,True
1.01,0.025,1.0,0.3,0.0,0.75,0.25,0.55,-7.58,True
1.01,0.025,1.0,0.3,0.0,1.0,0.0,0.51,-6.54,True
1.01,0.025,1.0,0.3,0.1,0.0,1.0,2.59,-9.5,True
1.01,0.025,1.0,0.3,0.1,0.25,0.75,2.57,-8.58,True
1.01,0.025,1.0,0.3,0.1,0.5,0.5,2.55,-7.61,True
1.01,0.025,1.0,0.3,0.1,0.75,0.25,2.52,-6.6,True
1.01,0.025,1.0,0.3,0.1,1.0,0.0,2.5,-5.88,True
1.01,0.025,1.0,0.3,0.2,0.0,1.0,3.97,-9.26,True
1.01,0.025,1.0,0.3,0.2,0.25,0.75,3.95,-9.3,True
1.01,0.025,1.0,0.3,0.2,0.5,0.5,3.93,-9.34,True
1.01,0.025,1.0,0.3,0.2,0.75,0.25,3.91,-9.39,True
1.01,0.025,1.0,0.3,0.2,1.0,0.0,3.89,-9.43,True
1.01,0.025,1.0,0.3,0.3,0.0,1.0,5.05,-11.52,True
1.01,0.025,1.0,0.3,0.3,0.25,0.75,5.04,-11.57,True
1.01,0.025,1.0,0.3,0.3,0.5,0.5,5.02,-11.63,True
1.01,0.025,1.0,0.3,0.3,0.75,0.25,5.0,-11.68,True
1.01,0.025,1.0,0.3,0.3,1.0,0.0,4.98,-11.74,True
1.01,0.025,1.0,0.4,0.0,0.0,1.0,0.91,-12.96,True
1.01,0.025,1.0,0.4,0.0,0.25,0.75,0.86,-11.89,True
1.01,0.025,1.0,0.4,0.0,0.5,0.5,0.81,-10.76,True
1.01,0.025,1.0,0.4,0.0,0.75,0.25,0.75,-9.57,True
1.01,0.025,1.0,0.4,0.0,1.0,0.0,0.7,-8.31,True
1.01,0.025,1.0,0.4,0.1,0.0,1.0,2.8,-12.09,True
1.01,0.025,1.0,0.4,0.1,0.25,0.75,2.76,-11.0,True
1.01,0.025,1.0,0.4,0.1,0.5,0.5,2.72,-9.86,True
1.01,0.025,1.0,0.4,0.1,0.75,0.25,2.69,-8.64,True
1.01,0.025,1.0,0.4,0.1,1.0,0.0,2.65,-7.35,True
1.01,0.025,1.0,0.4,0.2,0.0,1.0,4.15,-10.88,True
1.01,0.025,1.0,0.4,0.2,0.25,0.75,4.12,-9.85,True
1.01,0.025,1.0,0.4,0.2,0.5,0.5,4.09,-8.98,True
1.01,0.025,1.0,0.4,0.2,0.75,0.25,4.06,-9.06,True
1.01,0.025,1.0,0.4,0.2,1.0,0.0,4.03,-9.13,True
1.01,0.025,1.0,0.4,0.3,0.0,1.0,5.17,-11.42,True
1.01,0.025,1.0,0.4,0.3,0.25,0.75,5.14,-11.4,True
1.01,0.025,1.0,0.4,0.3,0.5,0.5,5.12,-11.38,True
1.01,0.025,1.0,0.4,0.3,0.75,0.25,5.09,-11.37,True
1.01,0.025,1.0,0.4,0.3,1.0,0.0,5.07,-11.46,True
1.01,0.025,1.01,0.1,0.0,0.0,1.0,0.27,-3.54,True
1.01,0.025,1.01,0.1,0.0,0.25,0.75,0.25,-3.19,True
1.01,0.025,1.01,0.1,0.0,0.5,0.5,0.23,-2.83,True
1.01,0.025,1.01,0.1,0.0,0.75,0.25,0.21,-2.47,True
1.01,0.025,1.01,0.1,0.0,1.0,0.0,0.19,-2.1,True
1.01,0.025,1.01,0.1,0.1,0.0,1.0,2.3,-6.02,True
1.01,0.025,1.01,0.1,0.1,0.25,0.75,2.29,-6.04,True
1.01,0.025,1.01,0.1,0.1,0.5,0.5,2.28,-6.06,True
1.01,0.025,1.01,0.1,0.1,0.75,0.25,2.27,-6.08,True
1.01,0.025,1.01,0.1,0.1,1.0,0.0,2.25,-6.1,True
1.01,0.025,1.01,0.1,0.2,0.0,1.0,3.7,-9.65,True
1.01,0.025,1.01,0.1,0.2,0.25,0.75,3.7,-9.67,True
1.01,0.025,1.01,0.1,0.2,0.5,0.5,3.69,-9.69,True
1.01,0.025,1.01,0.1,0.2,0.75,0.25,3.68,-9.72,True
1.01,0.025,1.01,0.1,0.2,1.0,0.0,3.67,-9.74,True
1.01,0.025,1.01,0.1,0.3,0.0,1.0,4.78,-12.09,True
1.01,0.025,1.01,0.1,0.3,0.25,0.75,4.78,-12.1,True
1.01,0.025,1.01,0.1,0.3,0.5,0.5,4.77,-12.12,True
1.01,0.025,1.01,0.1,0.3,0.75,0.25,4.77,-12.14,True
1.01,0.025,1.01,0.1,0.3,1.0,0.0,4.76,-12.16,True
1.01,0.025,1.01,0.2,0.0,0.0,1.0,0.51,-6.51,True
1.01,0.025,1.01,0.2,0.0,0.25,0.75,0.47,-5.91,True
1.01,0.025,1.01,0.2,0.0,0.5,0.5,0.43,-5.29,True
1.01,0.025,1.01,0.2,0.0,0.75,0.25,0.4,-4.64,True
1.01,0.025,1.01,0.2,0.0,1.0,0.0,0.36,-3.98,True
1.01,0.025,1.01,0.2,0.1,0.0,1.0,2.43,-5.8,True
1.01,0.025,1.01,0.2,0.1,0.25,0.75,2.41,-5.84,True
1.01,0.025,1.01,0.2,0.1,0.5,0.5,2.39,-5.87,True
1.01,0.025,1.01,0.2,0.1,0.75,0.25,2.37,-5.9,True
1.01,0.025,1.01,0.2,0.1,1.0,0.0,2.35,-5.94,True
1.01,0.025,1.01,0.2,0.2,0.0,1.0,3.79,-9.4,True
1.01,0.025,1.01,0.2,0.2,0.25,0.75,3.78,-9.44,True
1.01,0.025,1.01,0.2,0.2,0.5,0.5,3.77,-9.47,True
1.01,0.025,1.01,0.2,0.2,0.75,0.25,3.76,-9.51,True
1.01,0.025,1.01,0.2,0.2,1.0,0.0,3.74,-9.55,True
1.01,0.025,1.01,0.2,0.3,0.0,1.0,4.87,-11.78,True
1.01,0.025,1.01,0.2,0.3,0.25,0.75,4.86,-11.82,True
1.01,0.025,1.01,0.2,0.3,0.5,0.5,4.85,-11.86,True
1.01,0.025,1.01,0.2,0.3,0.75,0.25,4.83,-11.9,True
1.01,0.025,1.01,0.2,0.3,1.0,0.0,4.82,-11.94,True
1.01,0.025,1.01,0.3,0.0,0.0,1.0,0.71,-9.05,True
1.01,0.025,1.01,0.3,0.0,0.25,0.75,0.67,-8.26,True
1.01,0.025,1.01,0.3,0.0,0.5,0.5,0.62,-7.44,True
1.01,0.025,1.01,0.3,0.0,0.75,0.25,0.57,-6.57,True
1.01,0.025,1.01,0.3,0.0,1.0,0.0,0.51,-5.67,True
1.01,0.025,1.01,0.3,0.1,0.0,1.0,2.59,-8.15,True
1.01,0.025,1.01,0.3,0.1,0.25,0.75,2.56,-7.35,True
1.01,0.025,1.01,0.3,0.1,0.5,0.5,2.53,-6.5,True
1.01,0.025,1.01,0.3,0.1,0.75,0.25,2.5,-5.71,True
1.01,0.025,1.01,0.3,0.1,1.0,0.0,2.47,-5.76,True
1.01,0.025,1.01,0.3,0.2,0.0,1.0,3.93,-9.02,True
1.01,0.025,1.01,0.3,0.2,0.25,0.75,3.91,-9.08,True
1.01,0.025,1.01,0.3,0.2,0.5,0.5,3.89,-9.15,True
1.01,0.025,1.01,0.3,0.2,0.75,0.25,3.87,-9.21,True
1.01,0.025,1.01,0.3,0.2,1.0,0.0,3.84,-9.28,True
1.01,0.025,1.01,0.3,0.3,0.0,1.0,5.0,-11.27,True
1.01,0.025,1.01,0.3,0.3,0.25,0.75,4.98,-11.35,True
1.01,0.025,1.01,0.3,0.3,0.5,0.5,4.97,-11.43,True
1.01,0.025,1.01,0.3,0.3,0.75,0.25,4.95,-11.51,True
1.01,0.025,1.01,0.3,0.3,1.0,0.0,4.92,-11.58,True
1.01,0.025,1.01,0.4,0.0,0.0,1.0,0.97,-11.26,True
1.01,0.025,1.01,0.4,0.0,0.25,0.75,0.91,-10.33,True
1.01,0.025,1.01,0.4,0.0,0.5,0.5,0.85,-9.35,True
1.01,0.025,1.01,0.4,0.0,0.75,0.25,0.78,-8.31,True
1.01,0.025,1.01,0.4,0.0,1.0,0.0,0.7,-7.21,True
1.01,0.025,1.01,0.4,0.1,0.0,1.0,2.79,-10.43,True
1.01,0.025,1.01,0.4,0.1,0.25,0.75,2.75,-9.48,True
1.01,0.025,1.01,0.4,0.1,0.5,0.5,2.7,-8.47,True
1.01,0.025,1.01,0.4,0.1,0.75,0.25,2.66,-7.41,True
1.01,0.025,1.01,0.4,0.1,1.0,0.0,2.61,-6.29,True
1.01,0.025,1.01,0.4,0.2,0.0,1.0,4.11,-9.34,True
1.01,0.025,1.01,0.4,0.2,0.25,0.75,4.08,-8.64,True
1.01,0.025,1.01,0.4,0.2,0.5,0.5,4.04,-8.74,True
1.01,0.025,1.01,0.4,0.2,0.75,0.25,4.01,-8.84,True
1.01,0.025,1.01,0.4,0.2,1.0,0.0,3.97,-8.94,True
1.01,0.025,1.01,0.4,0.3,0.0,1.0,5.13,-11.09,True
1.01,0.025,1.01,0.4,0.3,0.25,0.75,5.11,-11.11,True
1.01,0.025,1.01,0.4,0.3,0.5,0.5,5.08,-11.13,True
1.01,0.025,1.01,0.4,0.3,0.75,0.25,5.05,-11.15,True
1.01,0.025,1.01,0.4,0.3,1.0,0.0,5.02,-11.26,True
1.01,0.025,1.02,0.1,0.0,0.0,1.0,0.36,-3.54,True
1.01,0.025,1.02,0.1,0.0,0.25,0.75,0.33,-3.19,True
1.01,0.025,1.02,0.1,0.0,0.5,0.5,0.3,-2.83,True
1.01,0.025,1.02,0.1,0.0,0.75,0.25,0.27,-2.47,True
1.01,0.025,1.02,0.1,0.0,1.0,0.0,0.24,-2.1,True
1.01,0.025,1.02,0.1,0.1,0.0,1.0,2.37,-5.95,True
1.01,0.025,1.02,0.1,0.1,0.25,0.75,2.35,-5.97,True
1.01,0.025,1.02,0.1,0.1,0.5,0.5,2.33,-6.0,True
1.01,0.025,1.02,0.1,0.1,0.75,0.25,2.31,-6.03,True
1.01,0.025,1.02,0.1,0.1,1.0,0.0,2.3,-6.06,True
1.01,0.025,1.02,0.1,0.2,0.0,1.0,3.77,-9.55,True
1.01,0.025,1.02,0.1,0.2,0.25,0.75,3.75,-9.58,True
1.01,0.025,1.02,0.1,0.2,0.5,0.5,3.74,-9.62,True
1.01,0.025,1.02,0.1,0.2,0.75,0.25,3.73,-9.65,True
1.01,0.025,1.02,0.1,0.2,1.0,0.0,3.71,-9.68,True
1.01,0.025,1.02,0.1,0.3,0.0,1.0,4.84,-11.97,True
1.01,0.025,1.02,0.1,0.3,0.25,0.75,4.83,-12.0,True
1.01,0.025,1.02,0.1,0.3,0.5,0.5,4.82,-12.03,True
1.01,0.025,1.02,0.1,0.3,0.75,0.25,4.81,-12.06,True
1.01,0.025,1.02,0.1,0.3,1.0,0.0,4.8,-12.09,True
1.01,0.025,1.02,0.2,0.0,0.0,1.0,0.69,-6.51,True
1.01,0.025,1.02,0.2,0.0,0.25,0.75,0.63,-5.91,True
1.01,0.025,1.02,0.2,0.0,0.5,0.5,0.58,-5.29,True
1.01,0.025,1.02,0.2,0.0,0.75,0.25,0.52,-4.64,True
1.01,0.025,1.02,0.2,0.0,1.0,0.0,0.46,-3.98,True
1.01,0.025,1.02,0.2,0.1,0.0,1.0,2.58,-5.67,True
1.01,0.025,1.02,0.2,0.1,0.25,0.75,2.54,-5.71,True
1.01,0.025,1.02,0.2,0.1,0.5,0.5,2.51,-5.76,True
1.01,0.025,1.02,0.2,0.1,0.75,0.25,2.47,-5.81,True
1.01,0.025,1.02,0.2,0.1,1.0,0.0,2.44,-5.86,True
1.01,0.025,1.02,0.2,0.2,0.0,1.0,3.92,-9.21,True
1.01,0.025,1.02,0.2,0.2,0.25,0.75,3.89,-9.27,True
1.01,0.025,1.02,0.2,0.2,0.5,0.5,3.87,-9.32,True
1.01,0.025,1.02,0.2,0.2,0.75,0.25,3.84,-9.38,True
1.01,0.025,1.02,0.2,0.2,1.0,0.0,3.82,-9.44,True
1.01,0.025,1.02,0.2,0.3,0.0,1.0,4.99,-11.54,True
1.01,0.025,1.02,0.2,0.3,0.25,0.75,4.97,-11.6,True
1.01,0.025,1.02,0.2,0.3,0.5,0.5,4.94,-11.66,True
1.01,0.025,1.02,0.2,0.3,0.75,0.25,4.92,-11.73,True
1.01,0.025,1.02,0.2,0.3,1.0,0.0,4.9,-11.79,True
1.01,0.025,1.02,0.3,0.0,0.0,1.0,0.98,-9.05,True
1.01,0.025,1.02,0.3,0.0,0.25,0.75,0.91,-8.26,True
1.01,0.025,1.02,0.3,0.0,0.5,0.5,0.83,-7.44,True
1.01,0.025,1.02,0.3,0.0,0.75,0.25,0.76,-6.57,True
1.01,0.025,1.02,0.3,0.0,1.0,0.0,0.68,-5.67,True
1.01,0.025,1.02,0.3,0.1,0.0,1.0,2.82,-8.15,True
1.01,0.025,1.02,0.3,0.1,0.25,0.75,2.77,-7.35,True
1.01,0.025,1.02,0.3,0.1,0.5,0.5,2.71,-6.5,True
1.01,0.025,1.02,0.3,0.1,0.75,0.25,2.66,-5.62,True
1.01,0.025,1.02,0.3,0.1,1.0,0.0,2.6,-5.63,True
1.01,0.025,1.02,0.3,0.2,0.0,1.0,4.14,-8.71,True
1.01,0.025,1.02,0.3,0.2,0.25,0.75,4.1,-8.8,True
1.01,0.025,1.02,0.3,0.2,0.5,0.5,4.06,-8.89,True
1.01,0.025,1.02,0.3,0.2,0.75,0.25,4.01,-8.99,True
1.01,0.025,1.02,0.3,0.2,1.0,0.0,3.97,-9.08,True
1.01,0.025,1.02,0.3,0.3,0.0,1.0,5.2,-11.15,True
1.01,0.025,1.02,0.3,0.3,0.25,0.75,5.16,-11.16,True
1.01,0.025,1.02,0.3,0.3,0.5,0.5,5.13,-11.17,True
1.01,0.025,1.02,0.3,0.3,0.75,0.25,5.09,-11.23,True
1.01,0.025,1.02,0.3,0.3,1.0,0.0,5.05,-11.34,True
1.01,0.025,1.02,0.4,0.0,0.0,1.0,1.37,-11.26,True
1.01,0.025,1.02,0.4,0.0,0.25,0.75,1.26,-10.33,True
1.01,0.025,1.02,0.4,0.0,0.5,0.5,1.16,-9.35,True
1.01,0.025,1.02,0.4,0.0,0.75,0.25,1.05,-8.31,True
1.01,0.025,1.02,0.4,0.0,1.0,0.0,0.94,-7.21,True
1.01,0.025,1.02,0.4,0.1,0.0,1.0,3.12,-10.43,True
1.01,0.025,1.02,0.4,0.1,0.25,0.75,3.04,-9.48,True
1.01,0.025,1.02,0.4,0.1,0.5,0.5,2.97,-8.47,True
1.01,0.025,1.02,0.4,0.1,0.75,0.25,2.89,-7.41,True
1.01,0.025,1.02,0.4,0.1,1.0,0.0,2.81,-6.29,True
1.01,0.025,1.02,0.4,0.2,0.0,1.0,4.4,-9.34,True
1.01,0.025,1.02,0.4,0.2,0.25,0.75,4.34,-8.42,True
1.01,0.025,1.02,0.4,0.2,0.5,0.5,4.28,-8.38,True
1.01,0.025,1.02,0.4,0.2,0.75,0.25,4.22,-8.52,True
1.01,0.025,1.02,0.4,0.2,1.0,0.0,4.16,-8.66,True
1.01,0.025,1.02,0.4,0.3,0.0,1.0,5.4,-11.09,True
1.01,0.025,1.02,0.4,0.3,0.25,0.75,5.35,-11.11,True
1.01,0.025,1.02,0.4,0.3,0.5,0.5,5.29,-11.13,True
1.01,0.025,1.02,0.4,0.3,0.75,0.25,5.24,-11.14,True
1.01,0.025,1.02,0.4,0.3,1.0,0.0,5.19,-11.16,True
1.01,0.03,0.95,0.1,0.0,0.0,1.0,1.01,-10.98,True
1.01,0.03,0.95,0.1,0.0,0.25,0.75,0.93,-9.9,True
1.01,0.03,0.95,0.1,0.0,0.5,0.5,0.85,-8.76,True
1.01,0.03,0.95,0.1,0.0,0.75,0.25,0.76,-7.55,True
1.01,0.03,0.95,0.1,0.0,1.0,0.0,0.68,-6.26,True
1.01,0.03,0.95,0.1,0.1,0.0,1.0,2.89,-14.71,True
1.01,0.03,0.95,0.1,0.1,0.25,0.75,2.83,-13.82,True
1.01,0.03,0.95,0.1,0.1,0.5,0.5,2.77,-12.88,True
1.01,0.03,0.95,0.1,0.1,0.75,0.25,2.7,-11.89,True
1.01,0.03,0.95,0.1,0.1,1.0,0.0,2.64,-10.85,True
1.01,0.03,0.95,0.1,0.2,0.0,1.0,4.23,-17.03,True
1.01,0.03,0.95,0.1,0.2,0.25,0.75,4.17,-16.25,True
1.01,0.03,0.95,0.1,0.2,0.5,0.5,4.12,-15.43,True
1.01,0.03,0.95,0.1,0.2,0.75,0.25,4.07,-14.57,True
1.01,0.03,0.95,0.1,0.2,1.0,0.0,4.01,-13.66,True
1.01,0.03,0.95,0.1,0.3,0.0,1.0,5.27,-18.63,True
1.01,0.03,0.95,0.1,0.3,0.25,0.75,5.22,-17.91,True
1.01,0.03,0.95,0.1,0.3,0.5,0.5,5.17,-17.17,True
1.01,0.03,0.95,0.1,0.3,0.75,0.25,5.12,-16.38,True
1.01,0.03,0.95,0.1,0.3,1.0,0.0,5.07,-15.55,True
1.01,0.03,0.95,0.2,0.0,0.0,1.0,1.81,-17.32,True
1.01,0.03,0.95,0.2,0.0,0.25,0.75,1.69,-15.89,True
1.01,0.03,0.95,0.2,0.0,0.5,0.5,1.55,-14.33,True
1.01,0.03,0.95,0.2,0.0,0.75,0.25,1.41,-12.59,True
1.01,0.03,0.95,0.2,0.0,1.0,0.0,1.27,-10.67,True
1.01,0.03,0.95,0.2,0.1,0.0,1.0,3.59,-19.84,True
1.01,0.03,0.95,0.2,0.1,0.25,0.75,3.47,-18.62,True
1.01,0.03,0.95,0.2,0.1,0.5,0.5,3.36,-17.29,True
1.01,0.03,0.95,0.2,0.1,0.75,0.25,3.24,-15.83,True
1.01,0.03,0.95,0.2,0.1,1.0,0.0,3.12,-14.22,True
1.01,0.03,0.95,0.2,0.2,0.0,1.0,4.87,-21.44,True
1.01,0.03,0.95,0.2,0.2,0.25,0.75,4.77,-20.33,True
1.01,0.03,0.95,0.2,0.2,0.5,0.5,4.67,-19.14,True
1.01,0.03,0.95,0.2,0.2,0.75,0.25,4.56,-17.83,True
1.01,0.03,0.95,0.2,0.2,1.0,0.0,4.45,-16.4,True
1.01,0.03,0.95,0.2,0.3,0.0,1.0,5.88,-22.53,True
1.01,0.03,0.95,0.2,0.3,0.25,0.75,5.78,-21.51,True
1.01,0.03,0.95,0.2,0.3,0.5,0.5,5.69,-20.41,True
1.01,0.03,0.95,0.2,0.3,0.75,0.25,5.59,-19.21,True
1.01,0.03,0.95,0.2,0.3,1.0,0.0,5.49,-17.9,True
1.01,0.03,0.95,0.3,0.0,0.0,1.0,2.67,-21.46,True
1.01,0.03,0.95,0.3,0.0,0.25,0.75,2.5,-19.91,True
1.01,0.03,0.95,0.3,0.0,0.5,0.5,2.32,-18.17,True
1.01,0.03,0.95,0.3,0.0,0.75,0.25,2.12,-16.2,True
1.01,0.03,0.95,0.3,0.0,1.0,0.0,1.92,-13.95,True
1.01,0.03,0.95,0.3,0.1,0.0,1.0,4.28,-23.27,True
1.01,0.03,0.95,0.3,0.1,0.25,0.75,4.13,-21.91,True
1.01,0.03,0.95,0.3,0.1,0.5,0.5,3.97,-20.39,True
1.01,0.03,0.95,0.3,0.1,0.75,0.25,3.8,-18.68,True
1.01,0.03,0.95,0.3,0.1,1.0,0.0,3.63,-16.74,True
1.01,0.03,0.95,0.3,0.2,0.0,1.0,5.51,-24.43,True
1.01,0.03,0.95,0.3,0.2,0.25,0.75,5.36,-23.19,True
1.01,0.03,0.95,0.3,0.2,0.5,0.5,5.21,-21.81,True
1.01,0.03,0.95,0.3,0.2,0.75,0.25,5.05,-20.26,True
1.01,0.03,0.95,0.3,0.2,1.0,0.0,4.89,-18.52,True
1.01,0.03,0.95,0.3,0.3,0.0,1.0,6.33,-24.16,True
1.01,0.03,0.95,0.3,0.3,0.25,0.75,6.19,-22.96,True
1.01,0.03,0.95,0.3,0.3,0.5,0.5,6.05,-21.66,True
1.01,0.03,0.95,0.3,0.3,0.75,0.25,5.91,-20.24,True
1.01,0.03,0.95,0.3,0.3,1.0,0.0,5.76,-18.7,True
1.01,0.03,0.95,0.4,0.0,0.0,1.0,3.43,-24.37,True
1.01,0.03,0.95,0.4,0.0,0.25,0.75,3.22,-22.8,True
1.01,0.03,0.95,0.4,0.0,0.5,0.5,2.99,-20.99,True
1.01,0.03,0.95,0.4,0.0,0.75,0.25,2.74,-18.91,True
1.01,0.03,0.95,0.4,0.0,1.0,0.0,2.48,-16.48,True
1.01,0.03,0.95,0.4,0.1,0.0,1.0,5.0,-25.72,True
1.01,0.03,0.95,0.4,0.1,0.25,0.75,4.79,-24.31,True
1.01,0.03,0.95,0.4,0.1,0.5,0.5,4.58,-22.71,True
1.01,0.03,0.95,0.4,0.1,0.75,0.25,4.36,-20.87,True
1.01,0.03,0.95,0.4,0.1,1.0,0.0,4.13,-18.73,True
1.01,0.03,0.95,0.4,0.2,0.0,1.0,5.89,-25.1,True
1.01,0.03,0.95,0.4,0.2,0.25,0.75,5.71,-23.74,True
1.01,0.03,0.95,0.4,0.2,0.5,0.5,5.51,-22.24,True
1.01,0.03,0.95,0.4,0.2,0.75,0.25,5.32,-20.57,True
1.01,0.03,0.95,0.4,0.2,1.0,0.0,5.12,-18.71,True
1.01,0.03,0.95,0.4,0.3,0.0,1.0,6.65,-24.41,True
1.01,0.03,0.95,0.4,0.3,0.25,0.75,6.48,-23.15,True
1.01,0.03,0.95,0.4,0.3,0.5,0.5,6.31,-21.78,True
1.01,0.03,0.95,0.4,0.3,0.75,0.25,6.13,-20.3,True
1.01,0.03,0.95,0.4,0.3,1.0,0.0,5.96,-18.7,True
1.01,0.03,0.97,0.1,0.0,0.0,1.0,1.07,-9.53,True
1.01,0.03,0.97,0.1,0.0,0.25,0.75,0.98,-8.59,True
1.01,0.03,0.97,0.1,0.0,0.5,0.5,0.89,-7.59,True
1.01,0.03,0.97,0.1,0.0,0.75,0.25,0.79,-6.53,True
1.01,0.03,0.97,0.1,0.0,1.0,0.0,0.69,-5.4,True
1.01,0.03,0.97,0.1,0.1,0.0,1.0,2.93,-13.34,True
1.01,0.03,0.97,0.1,0.1,0.25,0.75,2.85,-12.58,True
1.01,0.03,0.97,0.1,0.1,0.5,0.5,2.78,-11.78,True
1.01,0.03,0.97,0.1,0.1,0.75,0.25,2.7,-10.93,True
1.01,0.03,0.97,0.1,0.1,1.0,0.0,2.63,-10.04,True
1.01,0.03,0.97,0.1,0.2,0.0,1.0,4.25,-15.74,True
1.01,0.03,0.97,0.1,0.2,0.25,0.75,4.19,-15.08,True
1.01,0.03,0.97,0.1,0.2,0.5,0.5,4.12,-14.39,True
1.01,0.03,0.97,0.1,0.2,0.75,0.25,4.06,-13.66,True
1.01,0.03,0.97,0.1,0.2,1.0,0.0,3.99,-12.9,True
1.01,0.03,0.97,0.1,0.3,0.0,1.0,5.29,-17.39,True
1.01,0.03,0.97,0.1,0.3,0.25,0.75,5.23,-16.79,True
1.01,0.03,0.97,0.1,0.3,0.5,0.5,5.17,-16.17,True
1.01,0.03,0.97,0.1,0.3,0.75,0.25,5.11,-15.52,True
1.01,0.03,0.97,0.1,0.3,1.0,0.0,5.05,-14.84,True
1.01,0.03,0.97,0.2,0.0,0.0,1.0,1.94,-15.04,True
1.01,0.03,0.97,0.2,0.0,0.25,0.75,1.78,-13.78,True
1.01,0.03,0.97,0.2,0.0,0.5,0.5,1.63,-12.41,True
1.01,0.03,0.97,0.2,0.0,0.75,0.25,1.46,-10.89,True
1.01,0.03,0.97,0.2,0.0,1.0,0.0,1.29,-9.2,True
1.01,0.03,0.97,0.2,0.1,0.0,1.0,3.62,-17.73,True
1.01,0.03,0.97,0.2,0.1,0.25,0.75,3.49,-16.68,True
1.01,0.03,0.97,0.2,0.1,0.5,0.5,3.37,-15.53,True
1.01,0.03,0.97,0.2,0.1,0.75,0.25,3.23,-14.27,True
1.01,0.03,0.97,0.2,0.1,1.0,0.0,3.1,-12.89,True
1.01,0.03,0.97,0.2,0.2,0.0,1.0,4.86,-19.48,True
1.01,0.03,0.97,0.2,0.2,0.25,0.75,4.75,-18.55,True
1.01,0.03,0.97,0.2,0.2,0.5,0.5,4.63,-17.54,True
1.01,0.03,0.97,0.2,0.2,0.75,0.25,4.52,-16.43,True
1.01,0.03,0.97,0.2,0.2,1.0,0.0,4.4,-15.22,True
1.01,0.03,0.97,0.2,0.3,0.0,1.0,5.89,-20.64,True
1.01,0.03,0.97,0.2,0.3,0.25,0.75,5.79,-19.78,True
1.01,0.03,0.97,0.2,0.3,0.5,0.5,5.68,-18.86,True
1.01,0.03,0.97,0.2,0.3,0.75,0.25,5.57,-17.86,True
1.01,0.03,0.97,0.2,0.3,1.0,0.0,5.45,-16.76,True
1.01,0.03,0.97,0.3,0.0,0.0,1.0,2.64,-18.63,True
1.01,0.03,0.97,0.3,0.0,0.25,0.75,2.45,-17.27,True
1.01,0.03,0.97,0.3,0.0,0.5,0.5,2.25,-15.74,True
1.01,0.03,0.97,0.3,0.0,0.75,0.25,2.04,-14.01,True
1.01,0.03,0.97,0.3,0.0,1.0,0.0,1.82,-12.03,True
1.01,0.03,0.97,0.3,0.1,0.0,1.0,4.29,-20.64,True
1.01,0.03,0.97,0.3,0.1,0.25,0.75,4.12,-19.47,True
1.01,0.03,0.97,0.3,0.1,0.5,0.5,3.94,-18.16,True
1.01,0.03,0.97,0.3,0.1,0.75,0.25,3.76,-16.69,True
1.01,0.03,0.97,0.3,0.1,1.0,0.0,3.57,-15.03,True
1.01,0.03,0.97,0.3,0.2,0.0,1.0,5.54,-21.92,True
1.01,0.03,0.97,0.3,0.2,0.25,0.75,5.38,-20.86,True
1.01,0.03,0.97,0.3,0.2,0.5,0.5,5.21,-19.69,True
1.01,0.03,0.97,0.3,0.2,0.75,0.25,5.04,-18.38,True
1.01,0.03,0.97,0.3,0.2,1.0,0.0,4.86,-16.91,True
1.01,0.03,0.97,0.3,0.3,0.0,1.0,6.34,-21.73,True
1.01,0.03,0.97,0.3,0.3,0.25,0.75,6.19,-20.74,True
1.01,0.03,0.97,0.3,0.3,0.5,0.5,6.03,-19.67,True
1.01,0.03,0.97,0.3,0.3,0.75,0.25,5.88,-18.51,True
1.01,0.03,0.97,0.3,0.3,1.0,0.0,5.72,-17.26,True
1.01,0.03,0.97,0.4,0.0,0.0,1.0,3.43,-21.15,True
1.01,0.03,0.97,0.4,0.0,0.25,0.75,3.2,-19.77,True
1.01,0.03,0.97,0.4,0.0,0.5,0.5,2.95,-18.18,True
1.01,0.03,0.97,0.4,0.0,0.75,0.25,2.68,-16.35,True
1.01,0.03,0.97,0.4,0.0,1.0,0.0,2.4,-14.21,True
1.01,0.03,0.97,0.4,0.1,0.0,1.0,5.04,-22.69,True
1.01,0.03,0.97,0.4,0.1,0.25,0.75,4.81,-21.47,True
1.01,0.03,0.97,0.4,0.1,0.5,0.5,4.58,-20.09,True
1.01,0.03,0.97,0.4,0.1,0.75,0.25,4.33,-18.47,True
1.01,0.03,0.97,0.4,0.1,1.0,0.0,4.07,-16.6,True
1.01,0.03,0.97,0.4,0.2,0.0,1.0,5.91,-22.28,True
1.01,0.03,0.97,0.4,0.2,0.25,0.75,5.7,-21.14,True
1.01,0.03,0.97,0.4,0.2,0.5,0.5,5.5,-19.88,True
1.01,0.03,0.97,0.4,0.2,0.75,0.25,5.28,-18.48,True
1.01,0.03,0.97,0.4,0.2,1.0,0.0,5.07,-16.93,True
1.01,0.03,0.97,0.4,0.3,0.0,1.0,6.66,-21.87,True
1.01,0.03,0.97,0.4,0.3,0.25,0.75,6.48,-20.83,True
1.01,0.03,0.97,0.4,0.3,0.5,0.5,6.29,-19.71,True
1.01,0.03,0.97,0.4,0.3,0.75,0.25,6.1,-18.5,True
1.01,0.03,0.97,0.4,0.3,1.0,0.0,5.91,-17.2,True
1.01,0.03,0.99,0.1,0.0,0.0,1.0,0.8,-7.57,True
1.01,0.03,0.99,0.1,0.0,0.25,0.75,0.73,-6.81,True
1.01,0.03,0.99,0.1,0.0,0.5,0.5,0.65,-6.01,True
1.01,0.03,0.99,0.1,0.0,0.75,0.25,0.58,-5.15,True
1.01,0.03,0.99,0.1,0.0,1.0,0.0,0.5,-4.23,True
1.01,0.03,0.99,0.1,0.1,0.0,1.0,2.79,-11.9,True
1.01,0.03,0.99,0.1,0.1,0.25,0.75,2.73,-11.31,True
1.01,0.03,0.99,0.1,0.1,0.5,0.5,2.67,-10.68,True
1.01,0.03,0.99,0.1,0.1,0.75,0.25,2.61,-10.01,True
1.01,0.03,0.99,0.1,0.1,1.0,0.0,2.55,-9.31,True
1.01,0.03,0.99,0.1,0.2,0.0,1.0,4.17,-14.51,True
1.01,0.03,0.99,0.1,0.2,0.25,0.75,4.12,-14.0,True
1.01,0.03,0.99,0.1,0.2,0.5,0.5,4.07,-13.47,True
1.01,0.03,0.99,0.1,0.2,0.75,0.25,4.02,-12.91,True
1.01,0.03,0.99,0.1,0.2,1.0,0.0,3.96,-12.32,True
1.01,0.03,0.99,0.1,0.3,0.0,1.0,5.24,-16.25,True
1.01,0.03,0.99,0.1,0.3,0.25,0.75,5.19,-15.8,True
1.01,0.03,0.99,0.1,0.3,0.5,0.5,5.14,-15.33,True
1.01,0.03,0.99,0.1,0.3,0.75,0.25,5.1,-14.84,True
1.01,0.03,0.99,0.1,0.3,1.0,0.0,5.05,-14.31,True
1.01,0.03,0.99,0.2,0.0,0.0,1.0,1.41,-11.95,True
1.01,0.03,0.99,0.2,0.0,0.25,0.75,1.3,-10.94,True
1.01,0.03,0.99,0.2,0.0,0.5,0.5,1.18,-9.82,True
1.01,0.03,0.99,0.2,0.0,0.75,0.25,1.05,-8.59,True
1.01,0.03,0.99,0.2,0.0,1.0,0.0,0.92,-7.22,True
1.01,0.03,0.99,0.2,0.1,0.0,1.0,3.29,-15.27,True
1.01,0.03,0.99,0.2,0.1,0.25,0.75,3.2,-14.45,True
1.01,0.03,0.99,0.2,0.1,0.5,0.5,3.1,-13.55,True
1.01,0.03,0.99,0.2,0.1,0.75,0.25,3.0,-12.56,True
1.01,0.03,0.99,0.2,0.1,1.0,0.0,2.89,-11.48,True
1.01,0.03,0.99,0.2,0.2,0.0,1.0,4.62,-17.31,True
1.01,0.03,0.99,0.2,0.2,0.25,0.75,4.54,-16.6,True
1.01,0.03,0.99,0.2,0.2,0.5,0.5,4.45,-15.82,True
1.01,0.03,0.99,0.2,0.2,0.75,0.25,4.36,-14.97,True
1.01,0.03,0.99,0.2,0.2,1.0,0.0,4.26,-14.04,True
1.01,0.03,0.99,0.2,0.3,0.0,1.0,5.63,-18.61,True
1.01,0.03,0.99,0.2,0.3,0.25,0.75,5.56,-18.0,True
1.01,0.03,0.99,0.2,0.3,0.5,0.5,5.49,-17.33,True
1.01,0.03,0.99,0.2,0.3,0.75,0.25,5.41,-16.59,True
1.01,0.03,0.99,0.2,0.3,1.0,0.0,5.32,-15.76,True
1.01,0.03,0.99,0.3,0.0,0.0,1.0,1.9,-14.81,True
1.01,0.03,0.99,0.3,0.0,0.25,0.75,1.76,-13.7,True
1.01,0.03,0.99,0.3,0.0,0.5,0.5,1.61,-12.46,True
1.01,0.03,0.99,0.3,0.0,0.75,0.25,1.45,-11.05,True
1.01,0.03,0.99,0.3,0.0,1.0,0.0,1.28,-9.44,True
1.01,0.03,0.99,0.3,0.1,0.0,1.0,3.7,-17.53,True
1.01,0.03,0.99,0.3,0.1,0.25,0.75,3.58,-16.61,True
1.01,0.03,0.99,0.3,0.1,0.5,0.5,3.45,-15.59,True
1.01,0.03,0.99,0.3,0.1,0.75,0.25,3.32,-14.43,True
1.01,0.03,0.99,0.3,0.1,1.0,0.0,3.18,-13.12,True
1.01,0.03,0.99,0.3,0.2,0.0,1.0,4.78,-18.61,True
1.01,0.03,0.99,0.3,0.2,0.25,0.75,4.7,-17.85,True
1.01,0.03,0.99,0.3,0.2,0.5,0.5,4.61,-17.02,True
1.01,0.03,0.99,0.3,0.2,0.75,0.25,4.51,-16.08,True
1.01,0.03,0.99,0.3,0.2,1.0,0.0,4.41,-15.03,True
1.01,0.03,0.99,0.3,0.3,0.0,1.0,5.41,-18.62,True
1.01,0.03,0.99,0.3,0.3,0.25,0.75,5.37,-18.03,True
1.01,0.03,0.99,0.3,0.3,0.5,0.5,5.32,-17.39,True
1.01,0.03,0.99,0.3,0.3,0.75,0.25,5.27,-16.68,True
1.01,0.03,0.99,0.3,0.3,1.0,0.0,5.21,-15.9,True
1.01,0.03,0.99,0.4,0.0,0.0,1.0,2.29,-16.82,True
1.01,0.03,0.99,0.4,0.0,0.25,0.75,2.13,-15.68,True
1.01,0.03,0.99,0.4,0.0,0.5,0.5,1.97,-14.39,True
1.01,0.03,0.99,0.4,0.0,0.75,0.25,1.79,-12.9,True
1.01,0.03,0.99,0.4,0.0,1.0,0.0,1.59,-11.15,True
1.01,0.03,0.99,0.4,0.1,0.0,1.0,3.83,-18.6,True
1.01,0.03,0.99,0.4,0.1,0.25,0.75,3.71,-17.66,True
1.01,0.03,0.99,0.4,0.1,0.5,0.5,3.59,-16.61,True
1.01,0.03,0.99,0.4,0.1,0.75,0.25,3.45,-15.41,True
1.01,0.03,0.99,0.4,0.1,1.0,0.0,3.31,-14.02,True
1.01,0.03,0.99,0.4,0.2,0.0,1.0,4.56,-18.61,True
1.01,0.03,0.99,0.4,0.2,0.25,0.75,4.5,-17.87,True
1.01,0.03,0.99,0.4,0.2,0.5,0.5,4.43,-17.05,True
1.01,0.03,0.99,0.4,0.2,0.75,0.25,4.36,-16.14,True
1.01,0.03,0.99,0.4,0.2,1.0,0.0,4.29,-15.11,True
1.01,0.03,0.99,0.4,0.3,0.0,1.0,5.24,-18.62,True
1.01,0.03,0.99,0.4,0.3,0.25,0.75,5.21,-18.05,True
1.01,0.03,0.99,0.4,0.3,0.5,0.5,5.18,-17.44,True
1.01,0.03,0.99,0.4,0.3,0.75,0.25,5.14,-16.76,True
1.01,0.03,0.99,0.4,0.3,1.0,0.0,5.1,-16.01,True
1.01,0.03,1.0,0.1,0.0,0.0,1.0,-0.18,-2.52,True
1.01,0.03,1.0,0.1,0.0,0.25,0.75,-0.17,-2.3,True
1.01,0.03,1.0,0.1,0.0,0.5,0.5,-0.15,-2.08,True
1.01,0.03,1.0,0.1,0.0,0.75,0.25,-0.14,-1.86,True
1.01,0.03,1.0,0.1,0.0,1.0,0.0,-0.12,-1.64,True
1.01,0.03,1.0,0.1,0.1,0.0,1.0,2.02,-6.53,True
1.01,0.03,1.0,0.1,0.1,0.25,0.75,2.03,-6.51,True
1.01,0.03,1.0,0.1,0.1,0.5,0.5,2.05,-6.49,True
1.01,0.03,1.0,0.1,0.1,0.75,0.25,2.06,-6.46,True
1.01,0.03,1.0,0.1,0.1,1.0,0.0,2.07,-6.44,True
1.01,0.03,1.0,0.1,0.2,0.0,1.0,3.5,-10.3,True
1.01,0.03,1.0,0.1,0.2,0.25,0.75,3.51,-10.27,True
1.01,0.03,1.0,0.1,0.2,0.5,0.5,3.52,-10.24,True
1.01,0.03,1.0,0.1,0.2,0.75,0.25,3.53,-10.21,True
1.01,0.03,1.0,0.1,0.2,1.0,0.0,3.54,-10.18,True
1.01,0.03,1.0,0.1,0.3,0.0,1.0,4.63,-12.75,True
1.01,0.03,1.0,0.1,0.3,0.25,0.75,4.64,-12.72,True
1.01,0.03,1.0,0.1,0.3,0.5,0.5,4.64,-12.68,True
1.01,0.03,1.0,0.1,0.3,0.75,0.25,4.65,-12.65,True
1.01,0.03,1.0,0.1,0.3,1.0,0.0,4.66,-12.61,True
1.01,0.03,1.0,0.2,0.0,0.0,1.0,-0.37,-5.0,True
1.01,0.03,1.0,0.2,0.0,0.25,0.75,-0.34,-4.57,True
1.01,0.03,1.0,0.2,0.0,0.5,0.5,-0.3,-4.14,True
1.01,0.03,1.0,0.2,0.0,0.75,0.25,-0.27,-3.71,True
1.01,0.03,1.0,0.2,0.0,1.0,0.0,-0.24,-3.28,True
1.01,0.03,1.0,0.2,0.1,0.0,1.0,1.89,-6.79,True
1.01,0.03,1.0,0.2,0.1,0.25,0.75,1.92,-6.74,True
1.01,0.03,1.0,0.2,0.1,0.5,0.5,1.94,-6.7,True
1.01,0.03,1.0,0.2,0.1,0.75,0.25,1.96,-6.65,True
1.01,0.03,1.0,0.2,0.1,1.0,0.0,1.99,-6.61,True
1.01,0.03,1.0,0.2,0.2,0.0,1.0,3.4,-10.66,True
1.01,0.03,1.0,0.2,0.2,0.25,0.75,3.42,-10.6,True
1.01,0.03,1.0,0.2,0.2,0.5,0.5,3.44,-10.54,True
1.01,0.03,1.0,0.2,0.2,0.75,0.25,3.46,-10.47,True
1.01,0.03,1.0,0.2,0.2,1.0,0.0,3.47,-10.41,True
1.01,0.03,1.0,0.2,0.3,0.0,1.0,4.54,-13.17,True
1.01,0.03,1.0,0.2,0.3,0.25,0.75,4.55,-13.1,True
1.01,0.03,1.0,0.2,0.3,0.5,0.5,4.57,-13.02,True
1.01,0.03,1.0,0.2,0.3,0.75,0.25,4.58,-12.95,True
1.01,0.03,1.0,0.2,0.3,1.0,0.0,4.6,-12.88,True
1.01,0.03,1.0,0.3,0.0,0.0,1.0,-0.56,-7.46,True
1.01,0.03,1.0,0.3,0.0,0.25,0.75,-0.51,-6.82,True
1.01,0.03,1.0,0.3,0.0,0.5,0.5,-0.46,-6.18,True
1.01,0.03,1.0,0.3,0.0,0.75,0.25,-0.41,-5.54,True
1.01,0.03,1.0,0.3,0.0,1.0,0.0,-0.36,-4.89,True
1.01,0.03,1.0,0.3,0.1,0.0,1.0,1.76,-7.06,True
1.01,0.03,1.0,0.3,0.1,0.25,0.75,1.8,-6.99,True
1.01,0.03,1.0,0.3,0.1,0.5,0.5,1.83,-6.92,True
1.01,0.03,1.0,0.3,0.1,0.75,0.25,1.87,-6.85,True
1.01,0.03,1.0,0.3,0.1,1.0,0.0,1.9,-6.78,True
1.01,0.03,1.0,0.3,0.2,0.0,1.0,3.29,-11.04,True
1.01,0.03,1.0,0.3,0.2,0.25,0.75,3.32,-10.94,True
1.01,0.03,1.0,0.3,0.2,0.5,0.5,3.35,-10.84,True
1.01,0.03,1.0,0.3,0.2,0.75,0.25,3.38,-10.75,True
1.01,0.03,1.0,0.3,0.2,1.0,0.0,3.41,-10.65,True
1.01,0.03,1.0,0.3,0.3,0.0,1.0,4.44,-13.6,True
1.01,0.03,1.0,0.3,0.3,0.25,0.75,4.47,-13.48,True
1.01,0.03,1.0,0.3,0.3,0.5,0.5,4.49,-13.37,True
1.01,0.03,1.0,0.3,0.3,0.75,0.25,4.52,-13.26,True
1.01,0.03,1.0,0.3,0.3,1.0,0.0,4.54,-13.15,True
1.01,0.03,1.0,0.4,0.0,0.0,1.0,-0.75,-9.89,True
1.01,0.03,1.0,0.4,0.0,0.25,0.75,-0.68,-9.05,True
1.01,0.03,1.0,0.4,0.0,0.5,0.5,-0.62,-8.2,True
1.01,0.03,1.0,0.4,0.0,0.75,0.25,-0.55,-7.35,True
1.01,0.03,1.0,0.4,0.0,1.0,0.0,-0.48,-6.5,True
1.01,0.03,1.0,0.4,0.1,0.0,1.0,1.63,-7.33,True
1.01,0.03,1.0,0.4,0.1,0.25,0.75,1.68,-7.24,True
1.01,0.03,1.0,0.4,0.1,0.5,0.5,1.72,-7.14,True
1.01,0.03,1.0,0.4,0.1,0.75,0.25,1.77,-7.05,True
1.01,0.03,1.0,0.4,0.1,1.0,0.0,1.82,-6.95,True
1.01,0.03,1.0,0.4,0.2,0.0,1.0,3.18,-11.42,True
1.01,0.03,1.0,0.4,0.2,0.25,0.75,3.22,-11.29,True
1.01,0.03,1.0,0.4,0.2,0.5,0.5,3.26,-11.15,True
1.01,0.03,1.0,0.4,0.2,0.75,0.25,3.3,-11.02,True
1.01,0.03,1.0,0.4,0.2,1.0,0.0,3.34,-10.89,True
1.01,0.03,1.0,0.4,0.3,0.0,1.0,4.36,-13.96,True
1.01,0.03,1.0,0.4,0.3,0.25,0.75,4.39,-13.82,True
1.01,0.03,1.0,0.4,0.3,0.5,0.5,4.42,-13.68,True
1.01,0.03,1.0,0.4,0.3,0.75,0.25,4.45,-13.54,True
1.01,0.03,1.0,0.4,0.3,1.0,0.0,4.48,-13.4,True
1.01,0.03,1.01,0.1,0.0,0.0,1.0,-0.18,-2.52,True
1.01,0.03,1.01,0.1,0.0,0.25,0.75,-0.16,-2.3,True
1.01,0.03,1.01,0.1,0.0,0.5,0.5,-0.15,-2.08,True
1.01,0.03,1.01,0.1,0.0,0.75,0.25,-0.13,-1.86,True
1.01,0.03,1.01,0.1,0.0,1.0,0.0,-0.12,-1.64,True
1.01,0.03,1.01,0.1,0.1,0.0,1.0,2.02,-6.52,True
1.01,0.03,1.01,0.1,0.1,0.25,0.75,2.03,-6.5,True
1.01,0.03,1.01,0.1,0.1,0.5,0.5,2.04,-6.47,True
1.01,0.03,1.01,0.1,0.1,0.75,0.25,2.05,-6.45,True
1.01,0.03,1.01,0.1,0.1,1.0,0.0,2.06,-6.43,True
1.01,0.03,1.01,0.1,0.2,0.0,1.0,3.5,-10.28,True
1.01,0.03,1.01,0.1,0.2,0.25,0.75,3.51,-10.25,True
1.01,0.03,1.01,0.1,0.2,0.5,0.5,3.52,-10.22,True
1.01,0.03,1.01,0.1,0.2,0.75,0.25,3.53,-10.19,True
1.01,0.03,1.01,0.1,0.2,1.0,0.0,3.54,-10.16,True
1.01,0.03,1.01,0.1,0.3,0.0,1.0,4.62,-12.74,True
1.01,0.03,1.01,0.1,0.3,0.25,0.75,4.63,-12.7,True
1.01,0.03,1.01,0.1,0.3,0.5,0.5,4.64,-12.67,True
1.01,0.03,1.01,0.1,0.3,0.75,0.25,4.65,-12.63,True
1.01,0.03,1.01,0.1,0.3,1.0,0.0,4.66,-12.6,True
1.01,0.03,1.01,0.2,0.0,0.0,1.0,-0.36,-5.0,True
1.01,0.03,1.01,0.2,0.0,0.25,0.75,-0.33,-4.57,True
1.01,0.03,1.01,0.2,0.0,0.5,0.5,-0.3,-4.14,True
1.01,0.03,1.01,0.2,0.0,0.75,0.25,-0.27,-3.71,True
1.01,0.03,1.01,0.2,0.0,1.0,0.0,-0.24,-3.28,True
1.01,0.03,1.01,0.2,0.1,0.0,1.0,1.9,-6.78,True
1.01,0.03,1.01,0.2,0.1,0.25,0.75,1.92,-6.73,True
1.01,0.03,1.01,0.2,0.1,0.5,0.5,1.94,-6.68,True
1.01,0.03,1.01,0.2,0.1,0.75,0.25,1.96,-6.64,True
1.01,0.03,1.01,0.2,0.1,1.0,0.0,1.98,-6.6,True
1.01,0.03,1.01,0.2,0.2,0.0,1.0,3.4,-10.65,True
1.01,0.03,1.01,0.2,0.2,0.25,0.75,3.42,-10.59,True
1.01,0.03,1.01,0.2,0.2,0.5,0.5,3.44,-10.52,True
1.01,0.03,1.01,0.2,0.2,0.75,0.25,3.45,-10.46,True
1.01,0.03,1.01,0.2,0.2,1.0,0.0,3.47,-10.39,True
1.01,0.03,1.01,0.2,0.3,0.0,1.0,4.54,-13.16,True
1.01,0.03,1.01,0.2,0.3,0.25,0.75,4.55,-13.08,True
1.01,0.03,1.01,0.2,0.3,0.5,0.5,4.57,-13.01,True
1.01,0.03,1.01,0.2,0.3,0.75,0.25,4.58,-12.94,True
1.01,0.03,1.01,0.2,0.3,1.0,0.0,4.6,-12.87,True
1.01,0.03,1.01,0.3,0.0,0.0,1.0,-0.55,-7.46,True
1.01,0.03,1.01,0.3,0.0,0.25,0.75,-0.5,-6.82,True
1.01,0.03,1.01,0.3,0.0,0.5,0.5,-0.45,-6.18,True
1.01,0.03,1.01,0.3,0.0,0.75,0.25,-0.4,-5.54,True
1.01,0.03,1.01,0.3,0.0,1.0,0.0,-0.36,-4.89,True
1.01,0.03,1.01,0.3,0.1,0.0,1.0,1.77,-7.05,True
1.01,0.03,1.01,0.3,0.1,0.25,0.75,1.8,-6.97,True
1.01,0.03,1.01,0.3,0.1,0.5,0.5,1.84,-6.9,True
1.01,0.03,1.01,0.3,0.1,0.75,0.25,1.87,-6.83,True
1.01,0.03,1.01,0.3,0.1,1.0,0.0,1.9,-6.76,True
1.01,0.03,1.01,0.3,0.2,0.0,1.0,3.3,-11.02,True
1.01,0.03,1.01,0.3,0.2,0.25,0.75,3.33,-10.93,True
1.01,0.03,1.01,0.3,0.2,0.5,0.5,3.35,-10.83,True
1.01,0.03,1.01,0.3,0.2,0.75,0.25,3.38,-10.73,True
1.01,0.03,1.01,0.3,0.2,1.0,0.0,3.4,-10.63,True
1.01,0.03,1.01,0.3,0.3,0.0,1.0,4.44,-13.58,True
1.01,0.03,1.01,0.3,0.3,0.25,0.75,4.47,-13.47,True
1.01,0.03,1.01,0.3,0.3,0.5,0.5,4.49,-13.36,True
1.01,0.03,1.01,0.3,0.3,0.75,0.25,4.52,-13.25,True
1.01,0.03,1.01,0.3,0.3,1.0,0.0,4.54,-13.14,True
1.01,0.03,1.01,0.4,0.0,0.0,1.0,-0.73,-9.89,True
1.01,0.03,1.01,0.4,0.0,0.25,0.75,-0.67,-9.05,True
1.01,0.03,1.01,0.4,0.0,0.5,0.5,-0.6,-8.2,True
1.01,0.03,1.01,0.4,0.0,0.75,0.25,-0.54,-7.35,True
1.01,0.03,1.01,0.4,0.0,1.0,0.0,-0.48,-6.5,True
1.01,0.03,1.01,0.4,0.1,0.0,1.0,1.64,-7.31,True
1.01,0.03,1.01,0.4,0.1,0.25,0.75,1.69,-7.22,True
1.01,0.03,1.01,0.4,0.1,0.5,0.5,1.73,-7.13,True
1.01,0.03,1.01,0.4,0.1,0.75,0.25,1.78,-7.03,True
1.01,0.03,1.01,0.4,0.1,1.0,0.0,1.82,-6.94,True
1.01,0.03,1.01,0.4,0.2,0.0,1.0,3.19,-11.4,True
1.01,0.03,1.01,0.4,0.2,0.25,0.75,3.23,-11.27,True
1.01,0.03,1.01,0.4,0.2,0.5,0.5,3.27,-11.14,True
1.01,0.03,1.01,0.4,0.2,0.75,0.25,3.3,-11.01,True
1.01,0.03,1.01,0.4,0.2,1.0,0.0,3.34,-10.88,True
1.01,0.03,1.01,0.4,0.3,0.0,1.0,4.36,-13.94,True
1.01,0.03,1.01,0.4,0.3,0.25,0.75,4.39,-13.8,True
1.01,0.03,1.01,0.4,0.3,0.5,0.5,4.42,-13.67,True
1.01,0.03,1.01,0.4,0.3,0.75,0.25,4.46,-13.53,True
1.01,0.03,1.01,0.4,0.3,1.0,0.0,4.49,-13.4,True
1.01,0.03,1.02,0.1,0.0,0.0,1.0,-0.11,-2.42,True
1.01,0.03,1.02,0.1,0.0,0.25,0.75,-0.1,-2.22,True
1.01,0.03,1.02,0.1,0.0,0.5,0.5,-0.09,-2.02,True
1.01,0.03,1.02,0.1,0.0,0.75,0.25,-0.08,-1.82,True
1.01,0.03,1.02,0.1,0.0,1.0,0.0,-0.07,-1.62,True
1.01,0.03,1.02,0.1,0.1,0.0,1.0,2.07,-6.43,True
1.01,0.03,1.02,0.1,0.1,0.25,0.75,2.08,-6.41,True
1.01,0.03,1.02,0.1,0.1,0.5,0.5,2.09,-6.4,True
1.01,0.03,1.02,0.1,0.1,0.75,0.25,2.09,-6.39,True
1.01,0.03,1.02,0.1,0.1,1.0,0.0,2.1,-6.37,True
1.01,0.03,1.02,0.1,0.2,0.0,1.0,3.54,-10.16,True
1.01,0.03,1.02,0.1,0.2,0.25,0.75,3.55,-10.14,True
1.01,0.03,1.02,0.1,0.2,0.5,0.5,3.55,-10.12,True
1.01,0.03,1.02,0.1,0.2,0.75,0.25,3.56,-10.1,True
1.01,0.03,1.02,0.1,0.2,1.0,0.0,3.56,-10.08,True
1.01,0.03,1.02,0.1,0.3,0.0,1.0,4.66,-12.59,True
1.01,0.03,1.02,0.1,0.3,0.25,0.75,4.67,-12.57,True
1.01,0.03,1.02,0.1,0.3,0.5,0.5,4.67,-12.55,True
1.01,0.03,1.02,0.1,0.3,0.75,0.25,4.67,-12.53,True
1.01,0.03,1.02,0.1,0.3,1.0,0.0,4.68,-12.51,True
1.01,0.03,1.02,0.2,0.0,0.0,1.0,-0.22,-4.83,True
1.01,0.03,1.02,0.2,0.0,0.25,0.75,-0.2,-4.43,True
1.01,0.03,1.02,0.2,0.0,0.5,0.5,-0.18,-4.04,True
1.01,0.03,1.02,0.2,0.0,0.75,0.25,-0.16,-3.64,True
1.01,0.03,1.02,0.2,0.0,1.0,0.0,-0.14,-3.24,True
1.01,0.03,1.02,0.2,0.1,0.0,1.0,2.0,-6.59,True
1.01,0.03,1.02,0.2,0.1,0.25,0.75,2.01,-6.56,True
1.01,0.03,1.02,0.2,0.1,0.5,0.5,2.02,-6.53,True
1.01,0.03,1.02,0.2,0.1,0.75,0.25,2.03,-6.5,True
1.01,0.03,1.02,0.2,0.1,1.0,0.0,2.05,-6.48,True
1.01,0.03,1.02,0.2,0.2,0.0,1.0,3.48,-10.39,True
1.01,0.03,1.02,0.2,0.2,0.25,0.75,3.49,-10.35,True
1.01,0.03,1.02,0.2,0.2,0.5,0.5,3.5,-10.31,True
1.01,0.03,1.02,0.2,0.2,0.75,0.25,3.51,-10.27,True
1.01,0.03,1.02,0.2,0.2,1.0,0.0,3.52,-10.23,True
1.01,0.03,1.02,0.2,0.3,0.0,1.0,4.61,-12.86,True
1.01,0.03,1.02,0.2,0.3,0.25,0.75,4.62,-12.81,True
1.01,0.03,1.02,0.2,0.3,0.5,0.5,4.63,-12.77,True
1.01,0.03,1.02,0.2,0.3,0.75,0.25,4.63,-12.73,True
1.01,0.03,1.02,0.2,0.3,1.0,0.0,4.64,-12.68,True
1.01,0.03,1.02,0.3,0.0,0.0,1.0,-0.33,-7.22,True
1.01,0.03,1.02,0.3,0.0,0.25,0.75,-0.3,-6.63,True
1.01,0.03,1.02,0.3,0.0,0.5,0.5,-0.27,-6.04,True
1.01,0.03,1.02,0.3,0.0,0.75,0.25,-0.25,-5.44,True
1.01,0.03,1.02,0.3,0.0,1.0,0.0,-0.22,-4.85,True
1.01,0.03,1.02,0.3,0.1,0.0,1.0,1.92,-6.75,True
1.01,0.03,1.02,0.3,0.1,0.25,0.75,1.94,-6.71,True
1.01,0.03,1.02,0.3,0.1,0.5,0.5,1.96,-6.67,True
1.01,0.03,1.02,0.3,0.1,0.75,0.25,1.98,-6.63,True
1.01,0.03,1.02,0.3,0.1,1.0,0.0,2.0,-6.59,True
1.01,0.03,1.02,0.3,0.2,0.0,1.0,3.42,-10.62,True
1.01,0.03,1.02,0.3,0.2,0.25,0.75,3.44,-10.56,True
1.01,0.03,1.02,0.3,0.2,0.5,0.5,3.45,-10.51,True
1.01,0.03,1.02,0.3,0.2,0.75,0.25,3.47,-10.45,True
1.01,0.03,1.02,0.3,0.2,1.0,0.0,3.48,-10.39,True
1.01,0.03,1.02,0.3,0.3,0.0,1.0,4.55,-13.12,True
1.01,0.03,1.02,0.3,0.3,0.25,0.75,4.57,-13.06,True
1.01,0.03,1.02,0.3,0.3,0.5,0.5,4.58,-13.0,True
1.01,0.03,1.02,0.3,0.3,0.75,0.25,4.59,-12.93,True
1.01,0.03,1.02,0.3,0.3,1.0,0.0,4.61,-12.86,True
1.01,0.03,1.02,0.4,0.0,0.0,1.0,-0.44,-9.59,True
1.01,0.03,1.02,0.4,0.0,0.25,0.75,-0.41,-8.81,True
1.01,0.03,1.02,0.4,0.0,0.5,0.5,-0.37,-8.03,True
1.01,0.03,1.02,0.4,0.0,0.75,0.25,-0.33,-7.24,True
1.01,0.03,1.02,0.4,0.0,1.0,0.0,-0.29,-6.45,True
1.01,0.03,1.02,0.4,0.1,0.0,1.0,1.84,-6.91,True
1.01,0.03,1.02,0.4,0.1,0.25,0.75,1.87,-6.86,True
1.01,0.03,1.02,0.4,0.1,0.5,0.5,1.89,-6.81,True
1.01,0.03,1.02,0.4,0.1,0.75,0.25,1.92,-6.75,True
1.01,0.03,1.02,0.4,0.1,1.0,0.0,1.94,-6.7,True
1.01,0.03,1.02,0.4,0.2,0.0,1.0,3.35,-10.85,True
1.01,0.03,1.02,0.4,0.2,0.25,0.75,3.37,-10.77,True
1.01,0.03,1.02,0.4,0.2,0.5,0.5,3.4,-10.7,True
1.01,0.03,1.02,0.4,0.2,0.75,0.25,3.42,-10.62,True
1.01,0.03,1.02,0.4,0.2,1.0,0.0,3.44,-10.55,True
1.01,0.03,1.02,0.4,0.3,0.0,1.0,4.49,-13.4,True
1.01,0.03,1.02,0.4,0.3,0.25,0.75,4.51,-13.31,True
1.01,0.03,1.02,0.4,0.3,0.5,0.5,4.53,-13.22,True
1.01,0.03,1.02,0.4,0.3,0.75,0.25,4.55,-13.13,True
1.01,0.03,1.02,0.4,0.3,1.0,0.0,4.57,-13.04,True
1.02,0.005,0.95,0.1,0.0,0.0,1.0,19.06,-28.44,True
1.02,0.005,0.95,0.1,0.0,0.25,0.75,17.88,-26.8,True
1.02,0.005,0.95,0.1,0.0,0.5,0.5,16.61,-24.89,True
1.02,0.005,0.95,0.1,0.0,0.75,0.25,15.26,-22.62,True
1.02,0.005,0.95,0.1,0.0,1.0,0.0,13.8,-19.89,True
1.02,0.005,0.95,0.1,0.1,0.0,1.0,18.78,-28.33,True
1.02,0.005,0.95,0.1,0.1,0.25,0.75,17.63,-26.69,True
1.02,0.005,0.95,0.1,0.1,0.5,0.5,16.42,-24.79,True
1.02,0.005,0.95,0.1,0.1,0.75,0.25,15.13,-22.55,True
1.02,0.005,0.95,0.1,0.1,1.0,0.0,13.76,-19.89,True
1.02,0.005,0.95,0.1,0.2,0.0,1.0,18.5,-28.22,True
1.02,0.005,0.95,0.1,0.2,0.25,0.75,17.39,-26.57,True
1.02,0.005,0.95,0.1,0.2,0.5,0.5,16.22,-24.68,True
1.02,0.005,0.95,0.1,0.2,0.75,0.25,14.98,-22.47,True
1.02,0.005,0.95,0.1,0.2,1.0,0.0,13.68,-19.9,True
1.02,0.005,0.95,0.1,0.3,0.0,1.0,18.2,-28.08,True
1.02,0.005,0.95,0.1,0.3,0.25,0.75,17.11,-26.43,True
1.02,0.005,0.95,0.1,0.3,0.5,0.5,15.97,-24.55,True
1.02,0.005,0.95,0.1,0.3,0.75,0.25,14.79,-22.38,True
1.02,0.005,0.95,0.1,0.3,1.0,0.0,13.56,-19.91,True
1.02,0.005,0.95,0.2,0.0,0.0,1.0,20.97,-29.94,True
1.02,0.005,0.95,0.2,0.0,0.25,0.75,19.66,-28.22,True
1.02,0.005,0.95,0.2,0.0,0.5,0.5,18.26,-26.23,True
1.02,0.005,0.95,0.2,0.0,0.75,0.25,16.75,-23.87,True
1.02,0.005,0.95,0.2,0.0,1.0,0.0,15.14,-21.04,True
1.02,0.005,0.95,0.2,0.1,0.0,1.0,20.6,-29.86,True
1.02,0.005,0.95,0.2,0.1,0.25,0.75,19.31,-28.14,True
1.02,0.005,0.95,0.2,0.1,0.5,0.5,17.95,-26.15,True
1.02,0.005,0.95,0.2,0.1,0.75,0.25,16.49,-23.82,True
1.02,0.005,0.95,0.2,0.1,1.0,0.0,14.95,-21.05,True
1.02,0.005,0.95,0.2,0.2,0.0,1.0,20.19,-29.77,True
1.02,0.005,0.95,0.2,0.2,0.25,0.75,18.94,-28.05,True
1.02,0.005,0.95,0.2,0.2,0.5,0.5,17.61,-26.06,True
1.02,0.005,0.95,0.2,0.2,0.75,0.25,16.22,-23.75,True
1.02,0.005,0.95,0.2,0.2,1.0,0.0,14.75,-21.06,True
1.02,0.005,0.95,0.2,0.3,0.0,1.0,19.75,-29.66,True
1.02,0.005,0.95,0.2,0.3,0.25,0.75,18.54,-27.93,True
1.02,0.005,0.95,0.2,0.3,0.5,0.5,17.27,-25.95,True
1.02,0.005,0.95,0.2,0.3,0.75,0.25,15.93,-23.68,True
1.02,0.005,0.95,0.2,0.3,1.0,0.0,14.54,-21.07,True
1.02,0.005,0.95,0.3,0.0,0.0,1.0,21.82,-31.44,True
1.02,0.005,0.95,0.3,0.0,0.25,0.75,20.44,-29.63,True
1.02,0.005,0.95,0.3,0.0,0.5,0.5,18.97,-27.54,True
1.02,0.005,0.95,0.3,0.0,0.75,0.25,17.4,-25.1,True
1.02,0.005,0.95,0.3,0.0,1.0,0.0,15.72,-22.18,True
1.02,0.005,0.95,0.3,0.1,0.0,1.0,21.38,-31.38,True
1.02,0.005,0.95,0.3,0.1,0.25,0.75,20.03,-29.56,True
1.02,0.005,0.95,0.3,0.1,0.5,0.5,18.6,-27.48,True
1.02,0.005,0.95,0.3,0.1,0.75,0.25,17.08,-25.05,True
1.02,0.005,0.95,0.3,0.1,1.0,0.0,15.47,-22.2,True
1.02,0.005,0.95,0.3,0.2,0.0,1.0,20.93,-31.3,True
1.02,0.005,0.95,0.3,0.2,0.25,0.75,19.61,-29.48,True
1.02,0.005,0.95,0.3,0.2,0.5,0.5,18.23,-27.4,True
1.02,0.005,0.95,0.3,0.2,0.75,0.25,16.77,-25.0,True
1.02,0.005,0.95,0.3,0.2,1.0,0.0,15.24,-22.22,True
1.02,0.005,0.95,0.3,0.3,0.0,1.0,20.47,-31.21,True
1.02,0.005,0.95,0.3,0.3,0.25,0.75,19.19,-29.38,True
1.02,0.005,0.95,0.3,0.3,0.5,0.5,17.85,-27.31,True
1.02,0.005,0.95,0.3,0.3,0.75,0.25,16.45,-24.94,True
1.02,0.005,0.95,0.3,0.3,1.0,0.0,14.98,-22.24,True
1.02,0.005,0.95,0.4,0.0,0.0,1.0,22.37,-32.95,True
1.02,0.005,0.95,0.4,0.0,0.25,0.75,20.94,-31.04,True
1.02,0.005,0.95,0.4,0.0,0.5,0.5,19.43,-28.86,True
1.02,0.005,0.95,0.4,0.0,0.75,0.25,17.82,-26.32,True
1.02,0.005,0.95,0.4,0.0,1.0,0.0,16.09,-23.33,True
1.02,0.005,0.95,0.4,0.1,0.0,1.0,21.98,-32.89,True
1.02,0.005,0.95,0.4,0.1,0.25,0.75,20.58,-30.98,True
1.02,0.005,0.95,0.4,0.1,0.5,0.5,19.1,-28.8,True
1.02,0.005,0.95,0.4,0.1,0.75,0.25,17.53,-26.29,True
1.02,0.005,0.95,0.4,0.1,1.0,0.0,15.86,-23.35,True
1.02,0.005,0.95,0.4,0.2,0.0,1.0,21.55,-32.82,True
1.02,0.005,0.95,0.4,0.2,0.25,0.75,20.18,-30.91,True
1.02,0.005,0.95,0.4,0.2,0.5,0.5,18.74,-28.73,True
1.02,0.005,0.95,0.4,0.2,0.75,0.25,17.21,-26.24,True
1.02,0.005,0.95,0.4,0.2,1.0,0.0,15.61,-23.38,True
1.02,0.005,0.95,0.4,0.3,0.0,1.0,21.04,-32.74,True
1.02,0.005,0.95,0.4,0.3,0.25,0.75,19.7,-30.82,True
1.02,0.005,0.95,0.4,0.3,0.5,0.5,18.3,-28.65,True
1.02,0.005,0.95,0.4,0.3,0.75,0.25,16.84,-26.19,True
1.02,0.005,0.95,0.4,0.3,1.0,0.0,15.32,-23.41,True
1.02,0.005,0.97,0.1,0.0,0.0,1.0,14.13,-24.95,True
1.02,0.005,0.97,0.1,0.0,0.25,0.75,13.28,-23.49,True
1.02,0.005,0.97,0.1,0.0,0.5,0.5,12.39,-21.79,True
1.02,0.005,0.97,0.1,0.0,0.75,0.25,11.44,-19.77,True
1.02,0.005,0.97,0.1,0.0,1.0,0.0,10.44,-17.35,True
1.02,0.005,0.97,0.1,0.1,0.0,1.0,14.32,-24.76,True
1.02,0.005,0.97,0.1,0.1,0.25,0.75,13.5,-23.34,True
1.02,0.005,0.97,0.1,0.1,0.5,0.5,12.65,-21.7,True
1.02,0.005,0.97,0.1,0.1,0.75,0.25,11.75,-19.81,True
1.02,0.005,0.97,0.1,0.1,1.0,0.0,10.83,-17.59,True
1.02,0.005,0.97,0.1,0.2,0.0,1.0,14.38,-24.57,True
1.02,0.005,0.97,0.1,0.2,0.25,0.75,13.59,-23.18,True
1.02,0.005,0.97,0.1,0.2,0.5,0.5,12.79,-21.61,True
1.02,0.005,0.97,0.1,0.2,0.75,0.25,11.96,-19.84,True
1.02,0.005,0.97,0.1,0.2,1.0,0.0,11.12,-17.82,True
1.02,0.005,0.97,0.1,0.3,0.0,1.0,14.38,-24.37,True
1.02,0.005,0.97,0.1,0.3,0.25,0.75,13.64,-23.02,True
1.02,0.005,0.97,0.1,0.3,0.5,0.5,12.89,-21.52,True
1.02,0.005,0.97,0.1,0.3,0.75,0.25,12.14,-19.87,True
1.02,0.005,0.97,0.1,0.3,1.0,0.0,11.38,-18.04,True
1.02,0.005,0.97,0.2,0.0,0.0,1.0,16.31,-26.53,True
1.02,0.005,0.97,0.2,0.0,0.25,0.75,15.32,-24.98,True
1.02,0.005,0.97,0.2,0.0,0.5,0.5,14.27,-23.18,True
1.02,0.005,0.97,0.2,0.0,0.75,0.25,13.15,-21.07,True
1.02,0.005,0.97,0.2,0.0,1.0,0.0,11.98,-18.53,True
1.02,0.005,0.97,0.2,0.1,0.0,1.0,16.24,-26.4,True
1.02,0.005,0.97,0.2,0.1,0.25,0.75,15.27,-24.87,True
1.02,0.005,0.97,0.2,0.1,0.5,0.5,14.26,-23.12,True
1.02,0.005,0.97,0.2,0.1,0.75,0.25,13.2,-21.1,True
1.02,0.005,0.97,0.2,0.1,1.0,0.0,12.1,-18.74,True
1.02,0.005,0.97,0.2,0.2,0.0,1.0,16.18,-26.27,True
1.02,0.005,0.97,0.2,0.2,0.25,0.75,15.24,-24.76,True
1.02,0.005,0.97,0.2,0.2,0.5,0.5,14.27,-23.06,True
1.02,0.005,0.97,0.2,0.2,0.75,0.25,13.26,-21.14,True
1.02,0.005,0.97,0.2,0.2,1.0,0.0,12.23,-18.94,True
1.02,0.005,0.97,0.2,0.3,0.0,1.0,15.94,-26.12,True
1.02,0.005,0.97,0.2,0.3,0.25,0.75,15.04,-24.64,True
1.02,0.005,0.97,0.2,0.3,0.5,0.5,14.12,-23.0,True
1.02,0.005,0.97,0.2,0.3,0.75,0.25,13.19,-21.17,True
1.02,0.005,0.97,0.2,0.3,1.0,0.0,12.25,-19.16,True
1.02,0.005,0.97,0.3,0.0,0.0,1.0,17.33,-28.11,True
1.02,0.005,0.97,0.3,0.0,0.25,0.75,16.26,-26.45,True
1.02,0.005,0.97,0.3,0.0,0.5,0.5,15.13,-24.55,True
1.02,0.005,0.97,0.3,0.0,0.75,0.25,13.94,-22.34,True
1.02,0.005,0.97,0.3,0.0,1.0,0.0,12.68,-19.71,True
1.02,0.005,0.97,0.3,0.1,0.0,1.0,17.11,-28.01,True
1.02,0.005,0.97,0.3,0.1,0.25,0.75,16.08,-26.37,True
1.02,0.005,0.97,0.3,0.1,0.5,0.5,15.0,-24.51,True
1.02,0.005,0.97,0.3,0.1,0.75,0.25,13.87,-22.38,True
1.02,0.005,0.97,0.3,0.1,1.0,0.0,12.69,-19.92,True
1.02,0.005,0.97,0.3,0.2,0.0,1.0,16.89,-27.89,True
1.02,0.005,0.97,0.3,0.2,0.25,0.75,15.89,-26.28,True
1.02,0.005,0.97,0.3,0.2,0.5,0.5,14.86,-24.47,True
1.02,0.005,0.97,0.3,0.2,0.75,0.25,13.78,-22.43,True
1.02,0.005,0.97,0.3,0.2,1.0,0.0,12.67,-20.13,True
1.02,0.005,0.97,0.3,0.3,0.0,1.0,16.65,-27.77,True
1.02,0.005,0.97,0.3,0.3,0.25,0.75,15.68,-26.18,True
1.02,0.005,0.97,0.3,0.3,0.5,0.5,14.69,-24.42,True
1.02,0.005,0.97,0.3,0.3,0.75,0.25,13.67,-22.48,True
1.02,0.005,0.97,0.3,0.3,1.0,0.0,12.65,-20.34,True
1.02,0.005,0.97,0.4,0.0,0.0,1.0,17.82,-29.69,True
1.02,0.005,0.97,0.4,0.0,0.25,0.75,16.72,-27.92,True
1.02,0.005,0.97,0.4,0.0,0.5,0.5,15.55,-25.92,True
1.02,0.005,0.97,0.4,0.0,0.75,0.25,14.33,-23.61,True
1.02,0.005,0.97,0.4,0.0,1.0,0.0,13.03,-20.9,True
1.02,0.005,0.97,0.4,0.1,0.0,1.0,17.61,-29.6,True
1.02,0.005,0.97,0.4,0.1,0.25,0.75,16.53,-27.86,True
1.02,0.005,0.97,0.4,0.1,0.5,0.5,15.41,-25.89,True
1.02,0.005,0.97,0.4,0.1,0.75,0.25,14.23,-23.66,True
1.02,0.005,0.97,0.4,0.1,1.0,0.0,13.01,-21.1,True
1.02,0.005,0.97,0.4,0.2,0.0,1.0,17.4,-29.51,True
1.02,0.005,0.97,0.4,0.2,0.25,0.75,16.35,-27.79,True
1.02,0.005,0.97,0.4,0.2,0.5,0.5,15.27,-25.86,True
1.02,0.005,0.97,0.4,0.2,0.75,0.25,14.14,-23.72,True
1.02,0.005,0.97,0.4,0.2,1.0,0.0,12.99,-21.31,True
1.02,0.005,0.97,0.4,0.3,0.0,1.0,17.06,-29.41,True
1.02,0.005,0.97,0.4,0.3,0.25,0.75,16.05,-27.7,True
1.02,0.005,0.97,0.4,0.3,0.5,0.5,15.01,-25.83,True
1.02,0.005,0.97,0.4,0.3,0.75,0.25,13.96,-23.78,True
1.02,0.005,0.97,0.4,0.3,1.0,0.0,12.89,-21.53,True
1.02,0.005,0.99,0.1,0.0,0.0,1.0,10.33,-22.85,True
1.02,0.005,0.99,0.1,0.0,0.25,0.75,9.73,-21.13,True
1.02,0.005,0.99,0.1,0.0,0.5,0.5,9.1,-19.33,True
1.02,0.005,0.99,0.1,0.0,0.75,0.25,8.43,-17.44,True
1.02,0.005,0.99,0.1,0.0,1.0,0.0,7.71,-15.43,True
1.02,0.005,0.99,0.1,0.1,0.0,1.0,10.87,-21.05,True
1.02,0.005,0.99,0.1,0.1,0.25,0.75,10.33,-19.4,True
1.02,0.005,0.99,0.1,0.1,0.5,0.5,9.76,-17.69,True
1.02,0.005,0.99,0.1,0.1,0.75,0.25,9.17,-15.91,True
1.02,0.005,0.99,0.1,0.1,1.0,0.0,8.55,-14.05,True
1.02,0.005,0.99,0.1,0.2,0.0,1.0,11.33,-19.54,True
1.02,0.005,0.99,0.1,0.2,0.25,0.75,10.83,-18.32,True
1.02,0.005,0.99,0.1,0.2,0.5,0.5,10.32,-17.26,True
1.02,0.005,0.99,0.1,0.2,0.75,0.25,9.8,-16.07,True
1.02,0.005,0.99,0.1,0.2,1.0,0.0,9.26,-14.74,True
1.02,0.005,0.99,0.1,0.3,0.0,1.0,11.72,-19.28,True
1.02,0.005,0.99,0.1,0.3,0.25,0.75,11.25,-18.42,True
1.02,0.005,0.99,0.1,0.3,0.5,0.5,10.77,-17.48,True
1.02,0.005,0.99,0.1,0.3,0.75,0.25,10.3,-16.46,True
1.02,0.005,0.99,0.1,0.3,1.0,0.0,9.81,-15.36,True
1.02,0.005,0.99,0.2,0.0,0.0,1.0,13.21,-22.64,True
1.02,0.005,0.99,0.2,0.0,0.25,0.75,12.41,-20.96,True
1.02,0.005,0.99,0.2,0.0,0.5,0.5,11.57,-19.26,True
1.02,0.005,0.99,0.2,0.0,0.75,0.25,10.68,-17.52,True
1.02,0.005,0.99,0.2,0.0,1.0,0.0,9.73,-15.74,True
1.02,0.005,0.99,0.2,0.1,0.0,1.0,13.25,-20.4,True
1.02,0.005,0.99,0.2,0.1,0.25,0.75,12.51,-18.78,True
1.02,0.005,0.99,0.2,0.1,0.5,0.5,11.74,-17.5,True
1.02,0.005,0.99,0.2,0.1,0.75,0.25,10.93,-16.02,True
1.02,0.005,0.99,0.2,0.1,1.0,0.0,10.08,-14.3,True
1.02,0.005,0.99,0.2,0.2,0.0,1.0,13.33,-19.92,True
1.02,0.005,0.99,0.2,0.2,0.25,0.75,12.64,-18.87,True
1.02,0.005,0.99,0.2,0.2,0.5,0.5,11.93,-17.7,True
1.02,0.005,0.99,0.2,0.2,0.75,0.25,11.21,-16.38,True
1.02,0.005,0.99,0.2,0.2,1.0,0.0,10.47,-14.91,True
1.02,0.005,0.99,0.2,0.3,0.0,1.0,13.43,-19.94,True
1.02,0.005,0.99,0.2,0.3,0.25,0.75,12.79,-18.96,True
1.02,0.005,0.99,0.2,0.3,0.5,0.5,12.15,-17.89,True
1.02,0.005,0.99,0.2,0.3,0.75,0.25,11.49,-16.73,True
1.02,0.005,0.99,0.2,0.3,1.0,0.0,10.82,-15.48,True
1.02,0.005,0.99,0.3,0.0,0.0,1.0,14.61,-21.63,True
1.02,0.005,0.99,0.3,0.0,0.25,0.75,13.71,-20.06,True
1.02,0.005,0.99,0.3,0.0,0.5,0.5,12.75,-18.46,True
1.02,0.005,0.99,0.3,0.0,0.75,0.25,11.75,-16.84,True
1.02,0.005,0.99,0.3,0.0,1.0,0.0,10.69,-15.18,True
1.02,0.005,0.99,0.3,0.1,0.0,1.0,14.65,-20.73,True
1.02,0.005,0.99,0.3,0.1,0.25,0.75,13.79,-19.37,True
1.02,0.005,0.99,0.3,0.1,0.5,0.5,12.91,-18.02,True
1.02,0.005,0.99,0.3,0.1,0.75,0.25,11.98,-16.48,True
1.02,0.005,0.99,0.3,0.1,1.0,0.0,11.01,-14.69,True
1.02,0.005,0.99,0.3,0.2,0.0,1.0,14.6,-20.57,True
1.02,0.005,0.99,0.3,0.2,0.25,0.75,13.78,-19.45,True
1.02,0.005,0.99,0.3,0.2,0.5,0.5,12.94,-18.2,True
1.02,0.005,0.99,0.3,0.2,0.75,0.25,12.07,-16.81,True
1.02,0.005,0.99,0.3,0.2,1.0,0.0,11.2,-15.26,True
1.02,0.005,0.99,0.3,0.3,0.0,1.0,14.52,-20.6,True
1.02,0.005,0.99,0.3,0.3,0.25,0.75,13.75,-19.54,True
1.02,0.005,0.99,0.3,0.3,0.5,0.5,12.97,-18.39,True
1.02,0.005,0.99,0.3,0.3,0.75,0.25,12.17,-17.15,True
1.02,0.005,0.99,0.3,0.3,1.0,0.0,11.38,-15.81,True
1.02,0.005,0.99,0.4,0.0,0.0,1.0,15.56,-22.38,True
1.02,0.005,0.99,0.4,0.0,0.25,0.75,14.58,-20.7,True
1.02,0.005,0.99,0.4,0.0,0.5,0.5,13.55,-18.92,True
1.02,0.005,0.99,0.4,0.0,0.75,0.25,12.47,-17.01,True
1.02,0.005,0.99,0.4,0.0,1.0,0.0,11.34,-14.98,True
1.02,0.005,0.99,0.4,0.1,0.0,1.0,15.48,-21.76,True
1.02,0.005,0.99,0.4,0.1,0.25,0.75,14.55,-20.07,True
1.02,0.005,0.99,0.4,0.1,0.5,0.5,13.57,-18.56,True
1.02,0.005,0.99,0.4,0.1,0.75,0.25,12.56,-16.96,True
1.02,0.005,0.99,0.4,0.1,1.0,0.0,11.52,-15.12,True
1.02,0.005,0.99,0.4,0.2,0.0,1.0,15.41,-21.23,True
1.02,0.005,0.99,0.4,0.2,0.25,0.75,14.51,-20.04,True
1.02,0.005,0.99,0.4,0.2,0.5,0.5,13.59,-18.73,True
1.02,0.005,0.99,0.4,0.2,0.75,0.25,12.66,-17.27,True
1.02,0.005,0.99,0.4,0.2,1.0,0.0,11.71,-15.65,True
1.02,0.005,0.99,0.4,0.3,0.0,1.0,15.28,-21.26,True
1.02,0.005,0.99,0.4,0.3,0.25,0.75,14.42,-20.13,True
1.02,0.005,0.99,0.4,0.3,0.5,0.5,13.56,-18.91,True
1.02,0.005,0.99,0.4,0.3,0.75,0.25,12.69,-17.6,True
1.02,0.005,0.99,0.4,0.3,1.0,0.0,11.82,-16.19,True
1.02,0.005,1.0,0.1,0.0,0.0,1.0,7.15,-20.06,True
1.02,0.005,1.0,0.1,0.0,0.25,0.75,6.76,-18.56,True
1.02,0.005,1.0,0.1,0.0,0.5,0.5,6.35,-16.96,True
1.02,0.005,1.0,0.1,0.0,0.75,0.25,5.92,-15.28,True
1.02,0.005,1.0,0.1,0.0,1.0,0.0,5.47,-13.5,True
1.02,0.005,1.0,0.1,0.1,0.0,1.0,8.38,-17.78,True
1.02,0.005,1.0,0.1,0.1,0.25,0.75,8.05,-16.38,True
1.02,0.005,1.0,0.1,0.1,0.5,0.5,7.7,-14.92,True
1.02,0.005,1.0,0.1,0.1,0.75,0.25,7.34,-13.75,True
1.02,0.005,1.0,0.1,0.1,1.0,0.0,6.97,-12.82,True
1.02,0.005,1.0,0.1,0.2,0.0,1.0,9.33,-17.06,True
1.02,0.005,1.0,0.1,0.2,0.25,0.75,9.03,-16.23,True
1.02,0.005,1.0,0.1,0.2,0.5,0.5,8.71,-15.44,True
1.02,0.005,1.0,0.1,0.2,0.75,0.25,8.39,-14.69,True
1.02,0.005,1.0,0.1,0.2,1.0,0.0,8.06,-13.99,True
1.02,0.005,1.0,0.1,0.3,0.0,1.0,10.05,-17.33,True
1.02,0.005,1.0,0.1,0.3,0.25,0.75,9.77,-16.63,True
1.02,0.005,1.0,0.1,0.3,0.5,0.5,9.47,-15.98,True
1.02,0.005,1.0,0.1,0.3,0.75,0.25,9.17,-15.39,True
1.02,0.005,1.0,0.1,0.3,1.0,0.0,8.87,-14.86,True
1.02,0.005,1.0,0.2,0.0,0.0,1.0,10.75,-18.38,True
1.02,0.005,1.0,0.2,0.0,0.25,0.75,10.11,-16.99,True
1.02,0.005,1.0,0.2,0.0,0.5,0.5,9.43,-15.5,True
1.02,0.005,1.0,0.2,0.0,0.75,0.25,8.72,-13.93,True
1.02,0.005,1.0,0.2,0.0,1.0,0.0,7.98,-12.24,True
1.02,0.005,1.0,0.2,0.1,0.0,1.0,11.1,-16.95,True
1.02,0.005,1.0,0.2,0.1,0.25,0.75,10.52,-15.84,True
1.02,0.005,1.0,0.2,0.1,0.5,0.5,9.92,-14.75,True
1.02,0.005,1.0,0.2,0.1,0.75,0.25,9.31,-13.68,True
1.02,0.005,1.0,0.2,0.1,1.0,0.0,8.68,-12.64,True
1.02,0.005,1.0,0.2,0.2,0.0,1.0,11.47,-17.22,True
1.02,0.005,1.0,0.2,0.2,0.25,0.75,10.96,-16.26,True
1.02,0.005,1.0,0.2,0.2,0.5,0.5,10.44,-15.33,True
1.02,0.005,1.0,0.2,0.2,0.75,0.25,9.91,-14.46,True
1.02,0.005,1.0,0.2,0.2,1.0,0.0,9.37,-13.65,True
1.02,0.005,1.0,0.2,0.3,0.0,1.0,11.86,-17.46,True
1.02,0.005,1.0,0.2,0.3,0.25,0.75,11.38,-16.62,True
1.02,0.005,1.0,0.2,0.3,0.5,0.5,10.89,-15.84,True
1.02,0.005,1.0,0.2,0.3,0.75,0.25,10.4,-15.13,True
1.02,0.005,1.0,0.2,0.3,1.0,0.0,9.9,-14.51,True
1.02,0.005,1.0,0.3,0.0,0.0,1.0,12.21,-17.06,True
1.02,0.005,1.0,0.3,0.0,0.25,0.75,11.45,-15.74,True
1.02,0.005,1.0,0.3,0.0,0.5,0.5,10.66,-14.4,True
1.02,0.005,1.0,0.3,0.0,0.75,0.25,9.84,-13.04,True
1.02,0.005,1.0,0.3,0.0,1.0,0.0,8.98,-11.97,True
1.02,0.005,1.0,0.3,0.1,0.0,1.0,12.45,-17.32,True
1.02,0.005,1.0,0.3,0.1,0.25,0.75,11.75,-16.16,True
1.02,0.005,1.0,0.3,0.1,0.5,0.5,11.03,-15.0,True
1.02,0.005,1.0,0.3,0.1,0.75,0.25,10.29,-13.87,True
1.02,0.005,1.0,0.3,0.1,1.0,0.0,9.53,-12.79,True
1.02,0.005,1.0,0.3,0.2,0.0,1.0,12.56,-17.58,True
1.02,0.005,1.0,0.3,0.2,0.25,0.75,11.92,-16.54,True
1.02,0.005,1.0,0.3,0.2,0.5,0.5,11.28,-15.55,True
1.02,0.005,1.0,0.3,0.2,0.75,0.25,10.63,-14.62,True
1.02,0.005,1.0,0.3,0.2,1.0,0.0,9.97,-13.77,True
1.02,0.005,1.0,0.3,0.3,0.0,1.0,12.7,-17.82,True
1.02,0.005,1.0,0.3,0.3,0.25,0.75,12.12,-16.91,True
1.02,0.005,1.0,0.3,0.3,0.5,0.5,11.54,-16.06,True
1.02,0.005,1.0,0.3,0.3,0.75,0.25,10.95,-15.29,True
1.02,0.005,1.0,0.3,0.3,1.0,0.0,10.37,-14.61,True
1.02,0.005,1.0,0.4,0.0,0.0,1.0,13.13,-17.63,True
1.02,0.005,1.0,0.4,0.0,0.25,0.75,12.31,-16.2,True
1.02,0.005,1.0,0.4,0.0,0.5,0.5,11.45,-14.76,True
1.02,0.005,1.0,0.4,0.0,0.75,0.25,10.56,-13.37,True
1.02,0.005,1.0,0.4,0.0,1.0,0.0,9.63,-11.94,True
1.02,0.005,1.0,0.4,0.1,0.0,1.0,13.26,-17.73,True
1.02,0.005,1.0,0.4,0.1,0.25,0.75,12.5,-16.51,True
1.02,0.005,1.0,0.4,0.1,0.5,0.5,11.71,-15.31,True
1.02,0.005,1.0,0.4,0.1,0.75,0.25,10.91,-14.14,True
1.02,0.005,1.0,0.4,0.1,1.0,0.0,10.08,-13.0,True
1.02,0.005,1.0,0.4,0.2,0.0,1.0,13.38,-17.96,True
1.02,0.005,1.0,0.4,0.2,0.25,0.75,12.67,-16.86,True
1.02,0.005,1.0,0.4,0.2,0.5,0.5,11.96,-15.81,True
1.02,0.005,1.0,0.4,0.2,0.75,0.25,11.23,-14.82,True
1.02,0.005,1.0,0.4,0.2,1.0,0.0,10.49,-13.91,True
1.02,0.005,1.0,0.4,0.3,0.0,1.0,13.47,-18.18,True
1.02,0.005,1.0,0.4,0.3,0.25,0.75,12.82,-17.2,True
1.02,0.005,1.0,0.4,0.3,0.5,0.5,12.17,-16.28,True
1.02,0.005,1.0,0.4,0.3,0.75,0.25,11.51,-15.44,True
1.02,0.005,1.0,0.4,0.3,1.0,0.0,10.86,-14.7,True
1.02,0.005,1.01,0.1,0.0,0.0,1.0,4.1,-15.87,True
1.02,0.005,1.01,0.1,0.0,0.25,0.75,3.92,-14.58,True
1.02,0.005,1.01,0.1,0.0,0.5,0.5,3.72,-13.29,True
1.02,0.005,1.01,0.1,0.0,0.75,0.25,3.51,-11.98,True
1.02,0.005,1.01,0.1,0.0,1.0,0.0,3.27,-10.67,True
1.02,0.005,1.01,0.1,0.1,0.0,1.0,5.84,-16.67,True
1.02,0.005,1.01,0.1,0.1,0.25,0.75,5.71,-15.4,True
1.02,0.005,1.01,0.1,0.1,0.5,0.5,5.57,-14.12,True
1.02,0.005,1.01,0.1,0.1,0.75,0.25,5.41,-12.84,True
1.02,0.005,1.01,0.1,0.1,1.0,0.0,5.25,-12.06,True
1.02,0.005,1.01,0.1,0.2,0.0,1.0,7.13,-16.04,True
1.02,0.005,1.01,0.1,0.2,0.25,0.75,7.02,-15.45,True
1.02,0.005,1.01,0.1,0.2,0.5,0.5,6.9,-14.88,True
1.02,0.005,1.01,0.1,0.2,0.75,0.25,6.78,-14.34,True
1.02,0.005,1.01,0.1,0.2,1.0,0.0,6.64,-13.84,True
1.02,0.005,1.01,0.1,0.3,0.0,1.0,8.06,-16.74,True
1.02,0.005,1.01,0.1,0.3,0.25,0.75,7.97,-16.29,True
1.02,0.005,1.01,0.1,0.3,0.5,0.5,7.87,-15.86,True
1.02,0.005,1.01,0.1,0.3,0.75,0.25,7.76,-15.46,True
1.02,0.005,1.01,0.1,0.3,1.0,0.0,7.64,-15.1,True
1.02,0.005,1.01,0.2,0.0,0.0,1.0,5.9,-23.82,True
1.02,0.005,1.01,0.2,0.0,0.25,0.75,5.62,-22.01,True
1.02,0.005,1.01,0.2,0.0,0.5,0.5,5.31,-20.17,True
1.02,0.005,1.01,0.2,0.0,0.75,0.25,4.97,-18.29,True
1.02,0.005,1.01,0.2,0.0,1.0,0.0,4.61,-16.36,True
1.02,0.005,1.01,0.2,0.1,0.0,1.0,7.19,-22.48,True
1.02,0.005,1.01,0.2,0.1,0.25,0.75,6.96,-20.79,True
1.02,0.005,1.01,0.2,0.1,0.5,0.5,6.71,-19.07,True
1.02,0.005,1.01,0.2,0.1,0.75,0.25,6.45,-17.32,True
1.02,0.005,1.01,0.2,0.1,1.0,0.0,6.17,-15.55,True
1.02,0.005,1.01,0.2,0.2,0.0,1.0,8.15,-20.73,True
1.02,0.005,1.01,0.2,0.2,0.25,0.75,7.95,-19.16,True
1.02,0.005,1.01,0.2,0.2,0.5,0.5,7.75,-17.57,True
1.02,0.005,1.01,0.2,0.2,0.75,0.25,7.54,-15.97,True
1.02,0.005,1.01,0.2,0.2,1.0,0.0,7.32,-14.37,True
1.02,0.005,1.01,0.2,0.3,0.0,1.0,8.94,-19.31,True
1.02,0.005,1.01,0.2,0.3,0.25,0.75,8.77,-17.8,True
1.02,0.005,1.01,0.2,0.3,0.5,0.5,8.6,-16.22,True
1.02,0.005,1.01,0.2,0.3,0.75,0.25,8.42,-15.36,True
1.02,0.005,1.01,0.2,0.3,1.0,0.0,8.23,-14.92,True
1.02,0.005,1.01,0.3,0.0,0.0,1.0,7.22,-26.18,True
1.02,0.005,1.01,0.3,0.0,0.25,0.75,6.85,-24.29,True
1.02,0.005,1.01,0.3,0.0,0.5,0.5,6.44,-22.34,True
1.02,0.005,1.01,0.3,0.0,0.75,0.25,6.01,-20.35,True
1.02,0.005,1.01,0.3,0.0,1.0,0.0,5.55,-18.3,True
1.02,0.005,1.01,0.3,0.1,0.0,1.0,8.19,-24.16,True
1.02,0.005,1.01,0.3,0.1,0.25,0.75,7.88,-22.31,True
1.02,0.005,1.01,0.3,0.1,0.5,0.5,7.55,-20.42,True
1.02,0.005,1.01,0.3,0.1,0.75,0.25,7.21,-18.51,True
1.02,0.005,1.01,0.3,0.1,1.0,0.0,6.86,-16.56,True
1.02,0.005,1.01,0.3,0.2,0.0,1.0,9.01,-21.75,True
1.02,0.005,1.01,0.3,0.2,0.25,0.75,8.75,-19.99,True
1.02,0.005,1.01,0.3,0.2,0.5,0.5,8.48,-18.22,True
1.02,0.005,1.01,0.3,0.2,0.75,0.25,8.2,-16.43,True
1.02,0.005,1.01,0.3,0.2,1.0,0.0,7.9,-14.64,True
1.02,0.005,1.01,0.3,0.3,0.0,1.0,9.74,-19.63,True
1.02,0.005,1.01,0.3,0.3,0.25,0.75,9.51,-17.98,True
1.02,0.005,1.01,0.3,0.3,0.5,0.5,9.27,-16.3,True
1.02,0.005,1.01,0.3,0.3,0.75,0.25,9.02,-15.42,True
1.02,0.005,1.01,0.3,0.3,1.0,0.0,8.76,-14.89,True
1.02,0.005,1.01,0.4,0.0,0.0,1.0,8.35,-26.23,True
1.02,0.005,1.01,0.4,0.0,0.25,0.75,7.89,-24.33,True
1.02,0.005,1.01,0.4,0.0,0.5,0.5,7.41,-22.37,True
1.02,0.005,1.01,0.4,0.0,0.75,0.25,6.89,-20.36,True
1.02,0.005,1.01,0.4,0.0,1.0,0.0,6.34,-18.29,True
1.02,0.005,1.01,0.4,0.1,0.0,1.0,9.21,-23.94,True
1.02,0.005,1.01,0.4,0.1,0.25,0.75,8.82,-22.07,True
1.02,0.005,1.01,0.4,0.1,0.5,0.5,8.42,-20.16,True
1.02,0.005,1.01,0.4,0.1,0.75,0.25,8.0,-18.21,True
1.02,0.005,1.01,0.4,0.1,1.0,0.0,7.55,-16.24,True
1.02,0.005,1.01,0.4,0.2,0.0,1.0,9.93,-21.89,True
1.02,0.005,1.01,0.4,0.2,0.25,0.75,9.58,-20.05,True
1.02,0.005,1.01,0.4,0.2,0.5,0.5,9.22,-18.2,True
1.02,0.005,1.01,0.4,0.2,0.75,0.25,8.85,-16.34,True
1.02,0.005,1.01,0.4,0.2,1.0,0.0,8.47,-14.49,True
1.02,0.005,1.01,0.4,0.3,0.0,1.0,10.49,-19.84,True
1.02,0.005,1.01,0.4,0.3,0.25,0.75,10.18,-18.11,True
1.02,0.005,1.01,0.4,0.3,0.5,0.5,9.87,-16.38,True
1.02,0.005,1.01,0.4,0.3,0.75,0.25,9.55,-15.61,True
1.02,0.005,1.01,0.4,0.3,1.0,0.0,9.21,-15.01,True
1.02,0.005,1.02,0.1,0.0,0.0,1.0,2.32,-13.86,True
1.02,0.005,1.02,0.1,0.0,0.25,0.75,2.25,-12.69,True
1.02,0.005,1.02,0.1,0.0,0.5,0.5,2.17,-11.51,True
1.02,0.005,1.02,0.1,0.0,0.75,0.25,2.07,-10.32,True
1.02,0.005,1.02,0.1,0.0,1.0,0.0,1.96,-9.13,True
1.02,0.005,1.02,0.1,0.1,0.0,1.0,4.81,-14.41,True
1.02,0.005,1.02,0.1,0.1,0.25,0.75,4.75,-13.31,True
1.02,0.005,1.02,0.1,0.1,0.5,0.5,4.68,-12.2,True
1.02,0.005,1.02,0.1,0.1,0.75,0.25,4.6,-11.08,True
1.02,0.005,1.02,0.1,0.1,1.0,0.0,4.51,-9.96,True
1.02,0.005,1.02,0.1,0.2,0.0,1.0,6.37,-13.44,True
1.02,0.005,1.02,0.1,0.2,0.25,0.75,6.31,-12.48,True
1.02,0.005,1.02,0.1,0.2,0.5,0.5,6.25,-11.81,True
1.02,0.005,1.02,0.1,0.2,0.75,0.25,6.18,-11.76,True
1.02,0.005,1.02,0.1,0.2,1.0,0.0,6.1,-11.72,True
1.02,0.005,1.02,0.1,0.3,0.0,1.0,7.49,-16.25,True
1.02,0.005,1.02,0.1,0.3,0.25,0.75,7.44,-16.15,True
1.02,0.005,1.02,0.1,0.3,0.5,0.5,7.39,-16.05,True
1.02,0.005,1.02,0.1,0.3,0.75,0.25,7.33,-15.96,True
1.02,0.005,1.02,0.1,0.3,1.0,0.0,7.26,-15.87,True
1.02,0.005,1.02,0.2,0.0,0.0,1.0,3.94,-20.89,True
1.02,0.005,1.02,0.2,0.0,0.25,0.75,3.79,-19.15,True
1.02,0.005,1.02,0.2,0.0,0.5,0.5,3.61,-17.38,True
1.02,0.005,1.02,0.2,0.0,0.75,0.25,3.41,-15.6,True
1.02,0.005,1.02,0.2,0.0,1.0,0.0,3.19,-13.78,True
1.02,0.005,1.02,0.2,0.1,0.0,1.0,5.92,-20.83,True
1.02,0.005,1.02,0.2,0.1,0.25,0.75,5.79,-19.18,True
1.02,0.005,1.02,0.2,0.1,0.5,0.5,5.65,-17.51,True
1.02,0.005,1.02,0.2,0.1,0.75,0.25,5.49,-15.82,True
1.02,0.005,1.02,0.2,0.1,1.0,0.0,5.32,-14.11,True
1.02,0.005,1.02,0.2,0.2,0.0,1.0,7.22,-19.36,True
1.02,0.005,1.02,0.2,0.2,0.25,0.75,7.1,-17.87,True
1.02,0.005,1.02,0.2,0.2,0.5,0.5,6.97,-16.36,True
1.02,0.005,1.02,0.2,0.2,0.75,0.25,6.84,-14.85,True
1.02,0.005,1.02,0.2,0.2,1.0,0.0,6.69,-13.33,True
1.02,0.005,1.02,0.2,0.3,0.0,1.0,8.05,-17.59,True
1.02,0.005,1.02,0.2,0.3,0.25,0.75,7.95,-16.22,True
1.02,0.005,1.02,0.2,0.3,0.5,0.5,7.86,-15.78,True
1.02,0.005,1.02,0.2,0.3,0.75,0.25,7.75,-15.7,True
1.02,0.005,1.02,0.2,0.3,1.0,0.0,7.65,-15.63,True
1.02,0.005,1.02,0.3,0.0,0.0,1.0,5.3,-25.95,True
1.02,0.005,1.02,0.3,0.0,0.25,0.75,5.06,-23.88,True
1.02,0.005,1.02,0.3,0.0,0.5,0.5,4.79,-21.76,True
1.02,0.005,1.02,0.3,0.0,0.75,0.25,4.5,-19.6,True
1.02,0.005,1.02,0.3,0.0,1.0,0.0,4.18,-17.4,True
1.02,0.005,1.02,0.3,0.1,0.0,1.0,6.65,-23.53,True
1.02,0.005,1.02,0.3,0.1,0.25,0.75,6.46,-21.64,True
1.02,0.005,1.02,0.3,0.1,0.5,0.5,6.26,-19.72,True
1.02,0.005,1.02,0.3,0.1,0.75,0.25,6.04,-17.78,True
1.02,0.005,1.02,0.3,0.1,1.0,0.0,5.81,-15.82,True
1.02,0.005,1.02,0.3,0.2,0.0,1.0,7.65,-21.41,True
1.02,0.005,1.02,0.3,0.2,0.25,0.75,7.5,-19.68,True
1.02,0.005,1.02,0.3,0.2,0.5,0.5,7.35,-17.94,True
1.02,0.005,1.02,0.3,0.2,0.75,0.25,7.18,-16.19,True
1.02,0.005,1.02,0.3,0.2,1.0,0.0,7.01,-14.43,True
1.02,0.005,1.02,0.3,0.3,0.0,1.0,8.57,-19.05,True
1.02,0.005,1.02,0.3,0.3,0.25,0.75,8.44,-17.43,True
1.02,0.005,1.02,0.3,0.3,0.5,0.5,8.3,-15.82,True
1.02,0.005,1.02,0.3,0.3,0.75,0.25,8.16,-15.24,True
1.02,0.005,1.02,0.3,0.3,1.0,0.0,8.0,-15.21,True
1.02,0.005,1.02,0.4,0.0,0.0,1.0,6.08,-27.41,True
1.02,0.005,1.02,0.4,0.0,0.25,0.75,5.79,-25.25,True
1.02,0.005,1.02,0.4,0.0,0.5,0.5,5.48,-23.04,True
1.02,0.005,1.02,0.4,0.0,0.75,0.25,5.13,-20.78,True
1.02,0.005,1.02,0.4,0.0,1.0,0.0,4.77,-18.46,True
1.02,0.005,1.02,0.4,0.1,0.0,1.0,7.21,-25.06,True
1.02,0.005,1.02,0.4,0.1,0.25,0.75,6.99,-23.03,True
1.02,0.005,1.02,0.4,0.1,0.5,0.5,6.75,-20.97,True
1.02,0.005,1.02,0.4,0.1,0.75,0.25,6.5,-18.87,True
1.02,0.005,1.02,0.4,0.1,1.0,0.0,6.23,-16.72,True
1.02,0.005,1.02,0.4,0.2,0.0,1.0,8.25,-22.05,True
1.02,0.005,1.02,0.4,0.2,0.25,0.75,8.06,-20.15,True
1.02,0.005,1.02,0.4,0.2,0.5,0.5,7.85,-18.24,True
1.02,0.005,1.02,0.4,0.2,0.75,0.25,7.63,-16.33,True
1.02,0.005,1.02,0.4,0.2,1.0,0.0,7.41,-14.41,True
1.02,0.005,1.02,0.4,0.3,0.0,1.0,9.03,-19.24,True
1.02,0.005,1.02,0.4,0.3,0.25,0.75,8.86,-17.53,True
1.02,0.005,1.02,0.4,0.3,0.5,0.5,8.68,-15.82,True
1.02,0.005,1.02,0.4,0.3,0.75,0.25,8.5,-14.96,True
1.02,0.005,1.02,0.4,0.3,1.0,0.0,8.31,-14.96,True
1.02,0.01,0.95,0.1,0.0,0.0,1.0,14.56,-26.93,True
1.02,0.01,0.95,0.1,0.0,0.25,0.75,13.67,-25.35,True
1.02,0.01,0.95,0.1,0.0,0.5,0.5,12.72,-23.51,True
1.02,0.01,0.95,0.1,0.0,0.75,0.25,11.69,-21.34,True
1.02,0.01,0.95,0.1,0.0,1.0,0.0,10.59,-18.74,True
1.02,0.01,0.95,0.1,0.1,0.0,1.0,14.62,-26.75,True
1.02,0.01,0.95,0.1,0.1,0.25,0.75,13.79,-25.17,True
1.02,0.01,0.95,0.1,0.1,0.5,0.5,12.91,-23.34,True
1.02,0.01,0.95,0.1,0.1,0.75,0.25,11.98,-21.22,True
1.02,0.01,0.95,0.1,0.1,1.0,0.0,11.01,-18.74,True
1.02,0.01,0.95,0.1,0.2,0.0,1.0,14.69,-26.55,True
1.02,0.01,0.95,0.1,0.2,0.25,0.75,13.92,-24.97,True
1.02,0.01,0.95,0.1,0.2,0.5,0.5,13.11,-23.17,True
1.02,0.01,0.95,0.1,0.2,0.75,0.25,12.28,-21.1,True
1.02,0.01,0.95,0.1,0.2,1.0,0.0,11.4,-18.73,True
1.02,0.01,0.95,0.1,0.3,0.0,1.0,14.7,-26.33,True
1.02,0.01,0.95,0.1,0.3,0.25,0.75,13.98,-24.75,True
1.02,0.01,0.95,0.1,0.3,0.5,0.5,13.23,-22.97,True
1.02,0.01,0.95,0.1,0.3,0.75,0.25,12.45,-20.97,True
1.02,0.01,0.95,0.1,0.3,1.0,0.0,11.62,-18.73,True
1.02,0.01,0.95,0.2,0.0,0.0,1.0,17.97,-26.93,True
1.02,0.01,0.95,0.2,0.0,0.25,0.75,16.86,-25.35,True
1.02,0.01,0.95,0.2,0.0,0.5,0.5,15.67,-23.51,True
1.02,0.01,0.95,0.2,0.0,0.75,0.25,14.4,-21.34,True
1.02,0.01,0.95,0.2,0.0,1.0,0.0,13.04,-18.74,True
1.02,0.01,0.95,0.2,0.1,0.0,1.0,17.79,-26.82,True
1.02,0.01,0.95,0.2,0.1,0.25,0.75,16.72,-25.24,True
1.02,0.01,0.95,0.2,0.1,0.5,0.5,15.58,-23.4,True
1.02,0.01,0.95,0.2,0.1,0.75,0.25,14.38,-21.26,True
1.02,0.01,0.95,0.2,0.1,1.0,0.0,13.1,-18.74,True
1.02,0.01,0.95,0.2,0.2,0.0,1.0,17.6,-26.7,True
1.02,0.01,0.95,0.2,0.2,0.25,0.75,16.56,-25.11,True
1.02,0.01,0.95,0.2,0.2,0.5,0.5,15.48,-23.28,True
1.02,0.01,0.95,0.2,0.2,0.75,0.25,14.34,-21.17,True
1.02,0.01,0.95,0.2,0.2,1.0,0.0,13.15,-18.74,True
1.02,0.01,0.95,0.2,0.3,0.0,1.0,17.38,-26.55,True
1.02,0.01,0.95,0.2,0.3,0.25,0.75,16.39,-24.96,True
1.02,0.01,0.95,0.2,0.3,0.5,0.5,15.36,-23.15,True
1.02,0.01,0.95,0.2,0.3,0.75,0.25,14.29,-21.08,True
1.02,0.01,0.95,0.2,0.3,1.0,0.0,13.18,-18.73,True
1.02,0.01,0.95,0.3,0.0,0.0,1.0,19.72,-26.93,True
1.02,0.01,0.95,0.3,0.0,0.25,0.75,18.48,-25.36,True
1.02,0.01,0.95,0.3,0.0,0.5,0.5,17.17,-23.52,True
1.02,0.01,0.95,0.3,0.0,0.75,0.25,15.76,-21.35,True
1.02,0.01,0.95,0.3,0.0,1.0,0.0,14.24,-18.74,True
1.02,0.01,0.95,0.3,0.1,0.0,1.0,19.42,-26.84,True
1.02,0.01,0.95,0.3,0.1,0.25,0.75,18.22,-25.26,True
1.02,0.01,0.95,0.3,0.1,0.5,0.5,16.95,-23.43,True
1.02,0.01,0.95,0.3,0.1,0.75,0.25,15.6,-21.28,True
1.02,0.01,0.95,0.3,0.1,1.0,0.0,14.17,-18.74,True
1.02,0.01,0.95,0.3,0.2,0.0,1.0,19.03,-26.74,True
1.02,0.01,0.95,0.3,0.2,0.25,0.75,17.87,-25.15,True
1.02,0.01,0.95,0.3,0.2,0.5,0.5,16.65,-23.32,True
1.02,0.01,0.95,0.3,0.2,0.75,0.25,15.37,-21.2,True
1.02,0.01,0.95,0.3,0.2,1.0,0.0,14.01,-18.74,True
1.02,0.01,0.95,0.3,0.3,0.0,1.0,18.54,-26.6,True
1.02,0.01,0.95,0.3,0.3,0.25,0.75,17.42,-25.01,True
1.02,0.01,0.95,0.3,0.3,0.5,0.5,16.25,-23.19,True
1.02,0.01,0.95,0.3,0.3,0.75,0.25,15.03,-21.11,True
1.02,0.01,0.95,0.3,0.3,1.0,0.0,13.77,-18.73,True
1.02,0.01,0.95,0.4,0.0,0.0,1.0,20.31,-26.93,True
1.02,0.01,0.95,0.4,0.0,0.25,0.75,19.04,-25.37,True
1.02,0.01,0.95,0.4,0.0,0.5,0.5,17.68,-23.55,True
1.02,0.01,0.95,0.4,0.0,0.75,0.25,16.23,-21.37,True
1.02,0.01,0.95,0.4,0.0,1.0,0.0,14.67,-18.74,True
1.02,0.01,0.95,0.4,0.1,0.0,1.0,19.84,-26.85,True
1.02,0.01,0.95,0.4,0.1,0.25,0.75,18.6,-25.28,True
1.02,0.01,0.95,0.4,0.1,0.5,0.5,17.3,-23.46,True
1.02,0.01,0.95,0.4,0.1,0.75,0.25,15.91,-21.31,True
1.02,0.01,0.95,0.4,0.1,1.0,0.0,14.44,-18.74,True
1.02,0.01,0.95,0.4,0.2,0.0,1.0,19.32,-26.73,True
1.02,0.01,0.95,0.4,0.2,0.25,0.75,18.13,-25.17,True
1.02,0.01,0.95,0.4,0.2,0.5,0.5,16.89,-23.35,True
1.02,0.01,0.95,0.4,0.2,0.75,0.25,15.57,-21.23,True
1.02,0.01,0.95,0.4,0.2,1.0,0.0,14.2,-18.74,True
1.02,0.01,0.95,0.4,0.3,0.0,1.0,18.75,-26.59,True
1.02,0.01,0.95,0.4,0.3,0.25,0.75,17.62,-25.02,True
1.02,0.01,0.95,0.4,0.3,0.5,0.5,16.46,-23.22,True
1.02,0.01,0.95,0.4,0.3,0.75,0.25,15.24,-21.13,True
1.02,0.01,0.95,0.4,0.3,1.0,0.0,13.99,-18.73,True
1.02,0.01,0.97,0.1,0.0,0.0,1.0,9.55,-23.38,True
1.02,0.01,0.97,0.1,0.0,0.25,0.75,8.98,-21.98,True
1.02,0.01,0.97,0.1,0.0,0.5,0.5,8.38,-20.36,True
1.02,0.01,0.97,0.1,0.0,0.75,0.25,7.75,-18.45,True
1.02,0.01,0.97,0.1,0.0,1.0,0.0,7.09,-16.16,True
1.02,0.01,0.97,0.1,0.1,0.0,1.0,10.47,-23.02,True
1.02,0.01,0.97,0.1,0.1,0.25,0.75,9.97,-21.7,True
1.02,0.01,0.97,0.1,0.1,0.5,0.5,9.44,-20.2,True
1.02,0.01,0.97,0.1,0.1,0.75,0.25,8.9,-18.48,True
1.02,0.01,0.97,0.1,0.1,1.0,0.0,8.34,-16.5,True
1.02,0.01,0.97,0.1,0.2,0.0,1.0,11.01,-22.68,True
1.02,0.01,0.97,0.1,0.2,0.25,0.75,10.53,-21.43,True
1.02,0.01,0.97,0.1,0.2,0.5,0.5,10.04,-20.04,True
1.02,0.01,0.97,0.1,0.2,0.75,0.25,9.53,-18.49,True
1.02,0.01,0.97,0.1,0.2,1.0,0.0,9.02,-16.78,True
1.02,0.01,0.97,0.1,0.3,0.0,1.0,11.47,-22.4,True
1.02,0.01,0.97,0.1,0.3,0.25,0.75,11.02,-21.21,True
1.02,0.01,0.97,0.1,0.3,0.5,0.5,10.57,-19.91,True
1.02,0.01,0.97,0.1,0.3,0.75,0.25,10.11,-18.51,True
1.02,0.01,0.97,0.1,0.3,1.0,0.0,9.66,-17.01,True
1.02,0.01,0.97,0.2,0.0,0.0,1.0,12.98,-23.38,True
1.02,0.01,0.97,0.2,0.0,0.25,0.75,12.19,-21.99,True
1.02,0.01,0.97,0.2,0.0,0.5,0.5,11.37,-20.36,True
1.02,0.01,0.97,0.2,0.0,0.75,0.25,10.51,-18.45,True
1.02,0.01,0.97,0.2,0.0,1.0,0.0,9.6,-16.16,True
1.02,0.01,0.97,0.2,0.1,0.0,1.0,13.28,-23.16,True
1.02,0.01,0.97,0.2,0.1,0.25,0.75,12.54,-21.8,True
1.02,0.01,0.97,0.2,0.1,0.5,0.5,11.78,-20.25,True
1.02,0.01,0.97,0.2,0.1,0.75,0.25,10.99,-18.47,True
1.02,0.01,0.97,0.2,0.1,1.0,0.0,10.17,-16.4,True
1.02,0.01,0.97,0.2,0.2,0.0,1.0,13.53,-22.95,True
1.02,0.01,0.97,0.2,0.2,0.25,0.75,12.82,-21.63,True
1.02,0.01,0.97,0.2,0.2,0.5,0.5,12.1,-20.15,True
1.02,0.01,0.97,0.2,0.2,0.75,0.25,11.37,-18.48,True
1.02,0.01,0.97,0.2,0.2,1.0,0.0,10.62,-16.61,True
1.02,0.01,0.97,0.2,0.3,0.0,1.0,13.57,-22.72,True
1.02,0.01,0.97,0.2,0.3,0.25,0.75,12.91,-21.45,True
1.02,0.01,0.97,0.2,0.3,0.5,0.5,12.25,-20.04,True
1.02,0.01,0.97,0.2,0.3,0.75,0.25,11.59,-18.5,True
1.02,0.01,0.97,0.2,0.3,1.0,0.0,10.93,-16.82,True
1.02,0.01,0.97,0.3,0.0,0.0,1.0,14.71,-23.38,True
1.02,0.01,0.97,0.3,0.0,0.25,0.75,13.81,-21.99,True
1.02,0.01,0.97,0.3,0.0,0.5,0.5,12.86,-20.37,True
1.02,0.01,0.97,0.3,0.0,0.75,0.25,11.87,-18.46,True
1.02,0.01,0.97,0.3,0.0,1.0,0.0,10.83,-16.16,True
1.02,0.01,0.97,0.3,0.1,0.0,1.0,14.73,-23.2,True
1.02,0.01,0.97,0.3,0.1,0.25,0.75,13.88,-21.84,True
1.02,0.01,0.97,0.3,0.1,0.5,0.5,12.99,-20.28,True
1.02,0.01,0.97,0.3,0.1,0.75,0.25,12.08,-18.48,True
1.02,0.01,0.97,0.3,0.1,1.0,0.0,11.13,-16.37,True
1.02,0.01,0.97,0.3,0.2,0.0,1.0,14.41,-22.99,True
1.02,0.01,0.97,0.3,0.2,0.25,0.75,13.62,-21.67,True
1.02,0.01,0.97,0.3,0.2,0.5,0.5,12.82,-20.18,True
1.02,0.01,0.97,0.3,0.2,0.75,0.25,12.0,-18.5,True
1.02,0.01,0.97,0.3,0.2,1.0,0.0,11.17,-16.58,True
1.02,0.01,0.97,0.3,0.3,0.0,1.0,14.01,-22.72,True
1.02,0.01,0.97,0.3,0.3,0.25,0.75,13.32,-21.46,True
1.02,0.01,0.97,0.3,0.3,0.5,0.5,12.62,-20.07,True
1.02,0.01,0.97,0.3,0.3,0.75,0.25,11.91,-18.52,True
1.02,0.01,0.97,0.3,0.3,1.0,0.0,11.21,-16.82,True
1.02,0.01,0.97,0.4,0.0,0.0,1.0,15.12,-23.38,True
1.02,0.01,0.97,0.4,0.0,0.25,0.75,14.2,-22.0,True
1.02,0.01,0.97,0.4,0.0,0.5,0.5,13.23,-20.39,True
1.02,0.01,0.97,0.4,0.0,0.75,0.25,12.22,-18.48,True
1.02,0.01,0.97,0.4,0.0,1.0,0.0,11.15,-16.16,True
1.02,0.01,0.97,0.4,0.1,0.0,1.0,14.74,-23.19,True
1.02,0.01,0.97,0.4,0.1,0.25,0.75,13.9,-21.85,True
1.02,0.01,0.97,0.4,0.1,0.5,0.5,13.03,-20.3,True
1.02,0.01,0.97,0.4,0.1,0.75,0.25,12.12,-18.5,True
1.02,0.01,0.97,0.4,0.1,1.0,0.0,11.18,-16.37,True
1.02,0.01,0.97,0.4,0.2,0.0,1.0,14.44,-22.97,True
1.02,0.01,0.97,0.4,0.2,0.25,0.75,13.68,-21.67,True
1.02,0.01,0.97,0.4,0.2,0.5,0.5,12.9,-20.2,True
1.02,0.01,0.97,0.4,0.2,0.75,0.25,12.09,-18.52,True
1.02,0.01,0.97,0.4,0.2,1.0,0.0,11.25,-16.59,True
1.02,0.01,0.97,0.4,0.3,0.0,1.0,14.38,-22.74,True
1.02,0.01,0.97,0.4,0.3,0.25,0.75,13.67,-21.49,True
1.02,0.01,0.97,0.4,0.3,0.5,0.5,12.92,-20.09,True
1.02,0.01,0.97,0.4,0.3,0.75,0.25,12.17,-18.53,True
1.02,0.01,0.97,0.4,0.3,1.0,0.0,11.42,-16.8,True
1.02,0.01,0.99,0.1,0.0,0.0,1.0,6.8,-18.59,True
1.02,0.01,0.99,0.1,0.0,0.25,0.75,6.41,-17.44,True
1.02,0.01,0.99,0.1,0.0,0.5,0.5,5.99,-16.12,True
1.02,0.01,0.99,0.1,0.0,0.75,0.25,5.55,-14.55,True
1.02,0.01,0.99,0.1,0.0,1.0,0.0,5.07,-12.68,True
1.02,0.01,0.99,0.1,0.1,0.0,1.0,7.82,-18.59,True
1.02,0.01,0.99,0.1,0.1,0.25,0.75,7.51,-17.61,True
1.02,0.01,0.99,0.1,0.1,0.5,0.5,7.17,-16.49,True
1.02,0.01,0.99,0.1,0.1,0.75,0.25,6.81,-15.23,True
1.02,0.01,0.99,0.1,0.1,1.0,0.0,6.45,-13.78,True
1.02,0.01,0.99,0.1,0.2,0.0,1.0,8.52,-18.6,True
1.02,0.01,0.99,0.1,0.2,0.25,0.75,8.27,-17.74,True
1.02,0.01,0.99,0.1,0.2,0.5,0.5,8.01,-16.8,True
1.02,0.01,0.99,0.1,0.2,0.75,0.25,7.75,-15.77,True
1.02,0.01,0.99,0.1,0.2,1.0,0.0,7.48,-14.63,True
1.02,0.01,0.99,0.1,0.3,0.0,1.0,9.31,-18.6,True
1.02,0.01,0.99,0.1,0.3,0.25,0.75,9.1,-17.85,True
1.02,0.01,0.99,0.1,0.3,0.5,0.5,8.88,-17.04,True
1.02,0.01,0.99,0.1,0.3,0.75,0.25,8.66,-16.17,True
1.02,0.01,0.99,0.1,0.3,1.0,0.0,8.43,-15.25,True
1.02,0.01,0.99,0.2,0.0,0.0,1.0,8.92,-19.15,True
1.02,0.01,0.99,0.2,0.0,0.25,0.75,8.4,-17.75,True
1.02,0.01,0.99,0.2,0.0,0.5,0.5,7.86,-16.28,True
1.02,0.01,0.99,0.2,0.0,0.75,0.25,7.27,-14.74,True
1.02,0.01,0.99,0.2,0.0,1.0,0.0,6.65,-13.12,True
1.02,0.01,0.99,0.2,0.1,0.0,1.0,9.81,-18.59,True
1.02,0.01,0.99,0.2,0.1,0.25,0.75,9.36,-17.56,True
1.02,0.01,0.99,0.2,0.1,0.5,0.5,8.89,-16.39,True
1.02,0.01,0.99,0.2,0.1,0.75,0.25,8.41,-15.05,True
1.02,0.01,0.99,0.2,0.1,1.0,0.0,7.9,-13.52,True
1.02,0.01,0.99,0.2,0.2,0.0,1.0,10.53,-18.59,True
1.02,0.01,0.99,0.2,0.2,0.25,0.75,10.13,-17.66,True
1.02,0.01,0.99,0.2,0.2,0.5,0.5,9.71,-16.62,True
1.02,0.01,0.99,0.2,0.2,0.75,0.25,9.29,-15.47,True
1.02,0.01,0.99,0.2,0.2,1.0,0.0,8.85,-14.2,True
1.02,0.01,0.99,0.2,0.3,0.0,1.0,11.09,-18.6,True
1.02,0.01,0.99,0.2,0.3,0.25,0.75,10.73,-17.75,True
1.02,0.01,0.99,0.2,0.3,0.5,0.5,10.37,-16.83,True
1.02,0.01,0.99,0.2,0.3,0.75,0.25,9.98,-15.85,True
1.02,0.01,0.99,0.2,0.3,1.0,0.0,9.57,-14.81,True
1.02,0.01,0.99,0.3,0.0,0.0,1.0,11.16,-18.75,True
1.02,0.01,0.99,0.3,0.0,0.25,0.75,10.49,-17.45,True
1.02,0.01,0.99,0.3,0.0,0.5,0.5,9.78,-16.12,True
1.02,0.01,0.99,0.3,0.0,0.75,0.25,9.04,-14.56,True
1.02,0.01,0.99,0.3,0.0,1.0,0.0,8.25,-12.68,True
1.02,0.01,0.99,0.3,0.1,0.0,1.0,11.7,-18.59,True
1.02,0.01,0.99,0.3,0.1,0.25,0.75,11.09,-17.54,True
1.02,0.01,0.99,0.3,0.1,0.5,0.5,10.44,-16.35,True
1.02,0.01,0.99,0.3,0.1,0.75,0.25,9.78,-14.99,True
1.02,0.01,0.99,0.3,0.1,1.0,0.0,9.08,-13.41,True
1.02,0.01,0.99,0.3,0.2,0.0,1.0,11.76,-18.59,True
1.02,0.01,0.99,0.3,0.2,0.25,0.75,11.22,-17.65,True
1.02,0.01,0.99,0.3,0.2,0.5,0.5,10.66,-16.59,True
1.02,0.01,0.99,0.3,0.2,0.75,0.25,10.09,-15.42,True
1.02,0.01,0.99,0.3,0.2,1.0,0.0,9.51,-14.1,True
1.02,0.01,0.99,0.3,0.3,0.0,1.0,11.77,-18.6,True
1.02,0.01,0.99,0.3,0.3,0.25,0.75,11.31,-17.76,True
1.02,0.01,0.99,0.3,0.3,0.5,0.5,10.83,-16.84,True
1.02,0.01,0.99,0.3,0.3,0.75,0.25,10.35,-15.85,True
1.02,0.01,0.99,0.3,0.3,1.0,0.0,9.86,-14.78,True
1.02,0.01,0.99,0.4,0.0,0.0,1.0,11.92,-19.54,True
1.02,0.01,0.99,0.4,0.0,0.25,0.75,11.21,-17.95,True
1.02,0.01,0.99,0.4,0.0,0.5,0.5,10.45,-16.34,True
1.02,0.01,0.99,0.4,0.0,0.75,0.25,9.66,-14.71,True
1.02,0.01,0.99,0.4,0.0,1.0,0.0,8.82,-13.05,True
1.02,0.01,0.99,0.4,0.1,0.0,1.0,11.92,-18.59,True
1.02,0.01,0.99,0.4,0.1,0.25,0.75,11.3,-17.56,True
1.02,0.01,0.99,0.4,0.1,0.5,0.5,10.65,-16.38,True
1.02,0.01,0.99,0.4,0.1,0.75,0.25,9.97,-15.01,True
1.02,0.01,0.99,0.4,0.1,1.0,0.0,9.27,-13.42,True
1.02,0.01,0.99,0.4,0.2,0.0,1.0,11.9,-18.59,True
1.02,0.01,0.99,0.4,0.2,0.25,0.75,11.35,-17.67,True
1.02,0.01,0.99,0.4,0.2,0.5,0.5,10.77,-16.62,True
1.02,0.01,0.99,0.4,0.2,0.75,0.25,10.18,-15.45,True
1.02,0.01,0.99,0.4,0.2,1.0,0.0,9.57,-14.14,True
1.02,0.01,0.99,0.4,0.3,0.0,1.0,11.96,-18.6,True
1.02,0.01,0.99,0.4,0.3,0.25,0.75,11.46,-17.77,True
1.02,0.01,0.99,0.4,0.3,0.5,0.5,10.95,-16.85,True
1.02,0.01,0.99,0.4,0.3,0.75,0.25,10.44,-15.86,True
1.02,0.01,0.99,0.4,0.3,1.0,0.0,9.92,-14.78,True
1.02,0.01,1.0,0.1,0.0,0.0,1.0,4.1,-12.94,True
1.02,0.01,1.0,0.1,0.0,0.25,0.75,3.87,-11.82,True
1.02,0.01,1.0,0.1,0.0,0.5,0.5,3.64,-10.69,True
1.02,0.01,1.0,0.1,0.0,0.75,0.25,3.39,-9.54,True
1.02,0.01,1.0,0.1,0.0,1.0,0.0,3.14,-8.37,True
1.02,0.01,1.0,0.1,0.1,0.0,1.0,5.86,-14.41,True
1.02,0.01,1.0,0.1,0.1,0.25,0.75,5.7,-13.76,True
1.02,0.01,1.0,0.1,0.1,0.5,0.5,5.54,-13.13,True
1.02,0.01,1.0,0.1,0.1,0.75,0.25,5.37,-12.51,True
1.02,0.01,1.0,0.1,0.1,1.0,0.0,5.19,-11.9,True
1.02,0.01,1.0,0.1,0.2,0.0,1.0,7.13,-16.28,True
1.02,0.01,1.0,0.1,0.2,0.25,0.75,7.01,-15.7,True
1.02,0.01,1.0,0.1,0.2,0.5,0.5,6.89,-15.12,True
1.02,0.01,1.0,0.1,0.2,0.75,0.25,6.76,-14.58,True
1.02,0.01,1.0,0.1,0.2,1.0,0.0,6.63,-14.07,True
1.02,0.01,1.0,0.1,0.3,0.0,1.0,8.21,-17.12,True
1.02,0.01,1.0,0.1,0.3,0.25,0.75,8.11,-16.57,True
1.02,0.01,1.0,0.1,0.3,0.5,0.5,8.0,-16.04,True
1.02,0.01,1.0,0.1,0.3,0.75,0.25,7.89,-15.56,True
1.02,0.01,1.0,0.1,0.3,1.0,0.0,7.78,-15.12,True
1.02,0.01,1.0,0.2,0.0,0.0,1.0,6.08,-19.17,True
1.02,0.01,1.0,0.2,0.0,0.25,0.75,5.75,-17.68,True
1.02,0.01,1.0,0.2,0.0,0.5,0.5,5.4,-16.17,True
1.02,0.01,1.0,0.2,0.0,0.75,0.25,5.04,-14.62,True
1.02,0.01,1.0,0.2,0.0,1.0,0.0,4.65,-13.04,True
1.02,0.01,1.0,0.2,0.1,0.0,1.0,7.69,-17.3,True
1.02,0.01,1.0,0.2,0.1,0.25,0.75,7.42,-15.74,True
1.02,0.01,1.0,0.2,0.1,0.5,0.5,7.14,-14.28,True
1.02,0.01,1.0,0.2,0.1,0.75,0.25,6.84,-13.34,True
1.02,0.01,1.0,0.2,0.1,1.0,0.0,6.53,-12.43,True
1.02,0.01,1.0,0.2,0.2,0.0,1.0,8.92,-16.55,True
1.02,0.01,1.0,0.2,0.2,0.25,0.75,8.68,-15.74,True
1.02,0.01,1.0,0.2,0.2,0.5,0.5,8.42,-14.96,True
1.02,0.01,1.0,0.2,0.2,0.75,0.25,8.16,-14.24,True
1.02,0.01,1.0,0.2,0.2,1.0,0.0,7.87,-13.57,True
1.02,0.01,1.0,0.2,0.3,0.0,1.0,9.85,-16.81,True
1.02,0.01,1.0,0.2,0.3,0.25,0.75,9.59,-16.12,True
1.02,0.01,1.0,0.2,0.3,0.5,0.5,9.33,-15.48,True
1.02,0.01,1.0,0.2,0.3,0.75,0.25,9.06,-14.91,True
1.02,0.01,1.0,0.2,0.3,1.0,0.0,8.79,-14.41,True
1.02,0.01,1.0,0.3,0.0,0.0,1.0,8.56,-22.76,True
1.02,0.01,1.0,0.3,0.0,0.25,0.75,8.05,-21.05,True
1.02,0.01,1.0,0.3,0.0,0.5,0.5,7.52,-19.29,True
1.02,0.01,1.0,0.3,0.0,0.75,0.25,6.97,-17.48,True
1.02,0.01,1.0,0.3,0.0,1.0,0.0,6.39,-15.61,True
1.02,0.01,1.0,0.3,0.1,0.0,1.0,9.66,-20.74,True
1.02,0.01,1.0,0.3,0.1,0.25,0.75,9.22,-18.95,True
1.02,0.01,1.0,0.3,0.1,0.5,0.5,8.75,-17.09,True
1.02,0.01,1.0,0.3,0.1,0.75,0.25,8.27,-15.17,True
1.02,0.01,1.0,0.3,0.1,1.0,0.0,7.78,-13.19,True
1.02,0.01,1.0,0.3,0.2,0.0,1.0,10.27,-18.16,True
1.02,0.01,1.0,0.3,0.2,0.25,0.75,9.88,-16.28,True
1.02,0.01,1.0,0.3,0.2,0.5,0.5,9.47,-14.71,True
1.02,0.01,1.0,0.3,0.2,0.75,0.25,9.06,-13.93,True
1.02,0.01,1.0,0.3,0.2,1.0,0.0,8.65,-13.22,True
1.02,0.01,1.0,0.3,0.3,0.0,1.0,10.73,-16.68,True
1.02,0.01,1.0,0.3,0.3,0.25,0.75,10.38,-15.95,True
1.02,0.01,1.0,0.3,0.3,0.5,0.5,10.01,-15.27,True
1.02,0.01,1.0,0.3,0.3,0.75,0.25,9.62,-14.67,True
1.02,0.01,1.0,0.3,0.3,1.0,0.0,9.24,-14.15,True
1.02,0.01,1.0,0.4,0.0,0.0,1.0,9.76,-24.05,True
1.02,0.01,1.0,0.4,0.0,0.25,0.75,9.18,-22.26,True
1.02,0.01,1.0,0.4,0.0,0.5,0.5,8.57,-20.41,True
1.02,0.01,1.0,0.4,0.0,0.75,0.25,7.93,-18.5,True
1.02,0.01,1.0,0.4,0.0,1.0,0.0,7.26,-16.53,True
1.02,0.01,1.0,0.4,0.1,0.0,1.0,10.37,-21.56,True
1.02,0.01,1.0,0.4,0.1,0.25,0.75,9.87,-19.69,True
1.02,0.01,1.0,0.4,0.1,0.5,0.5,9.35,-17.77,True
1.02,0.01,1.0,0.4,0.1,0.75,0.25,8.82,-15.78,True
1.02,0.01,1.0,0.4,0.1,1.0,0.0,8.26,-13.73,True
1.02,0.01,1.0,0.4,0.2,0.0,1.0,10.73,-18.87,True
1.02,0.01,1.0,0.4,0.2,0.25,0.75,10.27,-16.94,True
1.02,0.01,1.0,0.4,0.2,0.5,0.5,9.81,-14.97,True
1.02,0.01,1.0,0.4,0.2,0.75,0.25,9.34,-13.88,True
1.02,0.01,1.0,0.4,0.2,1.0,0.0,8.86,-13.16,True
1.02,0.01,1.0,0.4,0.3,0.0,1.0,11.1,-16.64,True
1.02,0.01,1.0,0.4,0.3,0.25,0.75,10.7,-15.88,True
1.02,0.01,1.0,0.4,0.3,0.5,0.5,10.29,-15.18,True
1.02,0.01,1.0,0.4,0.3,0.75,0.25,9.89,-14.55,True
1.02,0.01,1.0,0.4,0.3,1.0,0.0,9.48,-14.01,True
1.02,0.01,1.01,0.1,0.0,0.0,1.0,2.99,-7.16,True
1.02,0.01,1.01,0.1,0.0,0.25,0.75,2.82,-6.44,True
1.02,0.01,1.01,0.1,0.0,0.5,0.5,2.64,-5.73,True
1.02,0.01,1.01,0.1,0.0,0.75,0.25,2.46,-5.01,True
1.02,0.01,1.01,0.1,0.0,1.0,0.0,2.26,-4.3,True
1.02,0.01,1.01,0.1,0.1,0.0,1.0,4.93,-9.21,True
1.02,0.01,1.01,0.1,0.1,0.25,0.75,4.83,-9.03,True
1.02,0.01,1.01,0.1,0.1,0.5,0.5,4.73,-8.87,True
1.02,0.01,1.01,0.1,0.1,0.75,0.25,4.62,-8.72,True
1.02,0.01,1.01,0.1,0.1,1.0,0.0,4.51,-8.59,True
1.02,0.01,1.01,0.1,0.2,0.0,1.0,6.32,-12.43,True
1.02,0.01,1.01,0.1,0.2,0.25,0.75,6.26,-12.31,True
1.02,0.01,1.01,0.1,0.2,0.5,0.5,6.19,-12.2,True
1.02,0.01,1.01,0.1,0.2,0.75,0.25,6.12,-12.11,True
1.02,0.01,1.01,0.1,0.2,1.0,0.0,6.05,-12.03,True
1.02,0.01,1.01,0.1,0.3,0.0,1.0,7.47,-14.72,True
1.02,0.01,1.01,0.1,0.3,0.25,0.75,7.42,-14.61,True
1.02,0.01,1.01,0.1,0.3,0.5,0.5,7.37,-14.51,True
1.02,0.01,1.01,0.1,0.3,0.75,0.25,7.32,-14.4,True
1.02,0.01,1.01,0.1,0.3,1.0,0.0,7.26,-14.27,True
1.02,0.01,1.01,0.2,0.0,0.0,1.0,3.84,-10.66,True
1.02,0.01,1.01,0.2,0.0,0.25,0.75,3.66,-9.76,True
1.02,0.01,1.01,0.2,0.0,0.5,0.5,3.46,-8.86,True
1.02,0.01,1.01,0.2,0.0,0.75,0.25,3.25,-7.94,True
1.02,0.01,1.01,0.2,0.0,1.0,0.0,3.01,-7.02,True
1.02,0.01,1.01,0.2,0.1,0.0,1.0,5.73,-12.62,True
1.02,0.01,1.01,0.2,0.1,0.25,0.75,5.6,-12.07,True
1.02,0.01,1.01,0.2,0.1,0.5,0.5,5.47,-11.54,True
1.02,0.01,1.01,0.2,0.1,0.75,0.25,5.32,-11.04,True
1.02,0.01,1.01,0.2,0.1,1.0,0.0,5.17,-10.56,True
1.02,0.01,1.01,0.2,0.2,0.0,1.0,7.13,-14.74,True
1.02,0.01,1.01,0.2,0.2,0.25,0.75,7.02,-14.3,True
1.02,0.01,1.01,0.2,0.2,0.5,0.5,6.9,-13.88,True
1.02,0.01,1.01,0.2,0.2,0.75,0.25,6.77,-13.48,True
1.02,0.01,1.01,0.2,0.2,1.0,0.0,6.64,-13.12,True
1.02,0.01,1.01,0.2,0.3,0.0,1.0,8.18,-15.95,True
1.02,0.01,1.01,0.2,0.3,0.25,0.75,8.08,-15.59,True
1.02,0.01,1.01,0.2,0.3,0.5,0.5,7.97,-15.25,True
1.02,0.01,1.01,0.2,0.3,0.75,0.25,7.85,-14.95,True
1.02,0.01,1.01,0.2,0.3,1.0,0.0,7.73,-14.68,True
1.02,0.01,1.01,0.3,0.0,0.0,1.0,4.86,-15.06,True
1.02,0.01,1.01,0.3,0.0,0.25,0.75,4.63,-13.82,True
1.02,0.01,1.01,0.3,0.0,0.5,0.5,4.37,-12.57,True
1.02,0.01,1.01,0.3,0.0,0.75,0.25,4.09,-11.29,True
1.02,0.01,1.01,0.3,0.0,1.0,0.0,3.79,-10.0,True
1.02,0.01,1.01,0.3,0.1,0.0,1.0,6.61,-14.1,True
1.02,0.01,1.01,0.3,0.1,0.25,0.75,6.42,-13.39,True
1.02,0.01,1.01,0.3,0.1,0.5,0.5,6.22,-12.69,True
1.02,0.01,1.01,0.3,0.1,0.75,0.25,6.0,-12.02,True
1.02,0.01,1.01,0.3,0.1,1.0,0.0,5.77,-11.37,True
1.02,0.01,1.01,0.3,0.2,0.0,1.0,7.74,-15.69,True
1.02,0.01,1.01,0.3,0.2,0.25,0.75,7.57,-15.13,True
1.02,0.01,1.01,0.3,0.2,0.5,0.5,7.39,-14.61,True
1.02,0.01,1.01,0.3,0.2,0.75,0.25,7.2,-14.08,True
1.02,0.01,1.01,0.3,0.2,1.0,0.0,7.01,-13.57,True
1.02,0.01,1.01,0.3,0.3,0.0,1.0,8.45,-16.67,True
1.02,0.01,1.01,0.3,0.3,0.25,0.75,8.32,-16.18,True
1.02,0.01,1.01,0.3,0.3,0.5,0.5,8.19,-15.72,True
1.02,0.01,1.01,0.3,0.3,0.75,0.25,8.05,-15.31,True
1.02,0.01,1.01,0.3,0.3,1.0,0.0,7.9,-14.94,True
1.02,0.01,1.01,0.4,0.0,0.0,1.0,5.45,-17.52,True
1.02,0.01,1.01,0.4,0.0,0.25,0.75,5.18,-16.11,True
1.02,0.01,1.01,0.4,0.0,0.5,0.5,4.89,-14.67,True
1.02,0.01,1.01,0.4,0.0,0.75,0.25,4.58,-13.21,True
1.02,0.01,1.01,0.4,0.0,1.0,0.0,4.24,-11.71,True
1.02,0.01,1.01,0.4,0.1,0.0,1.0,6.86,-16.97,True
1.02,0.01,1.01,0.4,0.1,0.25,0.75,6.64,-15.77,True
1.02,0.01,1.01,0.4,0.1,0.5,0.5,6.42,-14.57,True
1.02,0.01,1.01,0.4,0.1,0.75,0.25,6.18,-13.37,True
1.02,0.01,1.01,0.4,0.1,1.0,0.0,5.93,-12.16,True
1.02,0.01,1.01,0.4,0.2,0.0,1.0,7.77,-16.45,True
1.02,0.01,1.01,0.4,0.2,0.25,0.75,7.61,-15.64,True
1.02,0.01,1.01,0.4,0.2,0.5,0.5,7.43,-15.02,True
1.02,0.01,1.01,0.4,0.2,0.75,0.25,7.26,-14.43,True
1.02,0.01,1.01,0.4,0.2,1.0,0.0,7.07,-13.88,True
1.02,0.01,1.01,0.4,0.3,0.0,1.0,8.61,-17.02,True
1.02,0.01,1.01,0.4,0.3,0.25,0.75,8.48,-16.5,True
1.02,0.01,1.01,0.4,0.3,0.5,0.5,8.34,-16.01,True
1.02,0.01,1.01,0.4,0.3,0.75,0.25,8.19,-15.56,True
1.02,0.01,1.01,0.4,0.3,1.0,0.0,8.04,-15.16,True
1.02,0.01,1.02,0.1,0.0,0.0,1.0,2.05,-10.01,True
1.02,0.01,1.02,0.1,0.0,0.25,0.75,1.93,-9.15,True
1.02,0.01,1.02,0.1,0.0,0.5,0.5,1.81,-8.29,True
1.02,0.01,1.02,0.1,0.0,0.75,0.25,1.68,-7.43,True
1.02,0.01,1.02,0.1,0.0,1.0,0.0,1.54,-6.56,True
1.02,0.01,1.02,0.1,0.1,0.0,1.0,4.35,-7.57,True
1.02,0.01,1.02,0.1,0.1,0.25,0.75,4.28,-7.56,True
1.02,0.01,1.02,0.1,0.1,0.5,0.5,4.21,-7.55,True
1.02,0.01,1.02,0.1,0.1,0.75,0.25,4.13,-7.55,True
1.02,0.01,1.02,0.1,0.1,1.0,0.0,4.05,-7.56,True
1.02,0.01,1.02,0.1,0.2,0.0,1.0,5.94,-11.29,True
1.02,0.01,1.02,0.1,0.2,0.25,0.75,5.89,-11.19,True
1.02,0.01,1.02,0.1,0.2,0.5,0.5,5.83,-11.18,True
1.02,0.01,1.02,0.1,0.2,0.75,0.25,5.78,-11.19,True
1.02,0.01,1.02,0.1,0.2,1.0,0.0,5.71,-11.21,True
1.02,0.01,1.02,0.1,0.3,0.0,1.0,7.14,-16.02,True
1.02,0.01,1.02,0.1,0.3,0.25,0.75,7.11,-15.94,True
1.02,0.01,1.02,0.1,0.3,0.5,0.5,7.07,-15.81,True
1.02,0.01,1.02,0.1,0.3,0.75,0.25,7.02,-15.67,True
1.02,0.01,1.02,0.1,0.3,1.0,0.0,6.96,-15.54,True
1.02,0.01,1.02,0.2,0.0,0.0,1.0,2.56,-17.44,True
1.02,0.01,1.02,0.2,0.0,0.25,0.75,2.45,-15.96,True
1.02,0.01,1.02,0.2,0.0,0.5,0.5,2.33,-14.48,True
1.02,0.01,1.02,0.2,0.0,0.75,0.25,2.19,-12.99,True
1.02,0.01,1.02,0.2,0.0,1.0,0.0,2.04,-11.49,True
1.02,0.01,1.02,0.2,0.1,0.0,1.0,4.73,-9.91,True
1.02,0.01,1.02,0.2,0.1,0.25,0.75,4.66,-8.8,True
1.02,0.01,1.02,0.2,0.1,0.5,0.5,4.59,-8.67,True
1.02,0.01,1.02,0.2,0.1,0.75,0.25,4.51,-8.56,True
1.02,0.01,1.02,0.2,0.1,1.0,0.0,4.43,-8.47,True
1.02,0.01,1.02,0.2,0.2,0.0,1.0,6.26,-12.42,True
1.02,0.01,1.02,0.2,0.2,0.25,0.75,6.21,-12.3,True
1.02,0.01,1.02,0.2,0.2,0.5,0.5,6.16,-12.2,True
1.02,0.01,1.02,0.2,0.2,0.75,0.25,6.1,-12.11,True
1.02,0.01,1.02,0.2,0.2,1.0,0.0,6.03,-12.04,True
1.02,0.01,1.02,0.2,0.3,0.0,1.0,7.43,-16.41,True
1.02,0.01,1.02,0.2,0.3,0.25,0.75,7.39,-16.29,True
1.02,0.01,1.02,0.2,0.3,0.5,0.5,7.34,-16.17,True
1.02,0.01,1.02,0.2,0.3,0.75,0.25,7.28,-16.06,True
1.02,0.01,1.02,0.2,0.3,1.0,0.0,7.23,-15.95,True
1.02,0.01,1.02,0.3,0.0,0.0,1.0,2.63,-20.42,True
1.02,0.01,1.02,0.3,0.0,0.25,0.75,2.54,-18.67,True
1.02,0.01,1.02,0.3,0.0,0.5,0.5,2.44,-16.91,True
1.02,0.01,1.02,0.3,0.0,0.75,0.25,2.33,-15.14,True
1.02,0.01,1.02,0.3,0.0,1.0,0.0,2.19,-13.37,True
1.02,0.01,1.02,0.3,0.1,0.0,1.0,5.06,-12.78,True
1.02,0.01,1.02,0.3,0.1,0.25,0.75,4.99,-11.81,True
1.02,0.01,1.02,0.3,0.1,0.5,0.5,4.9,-10.84,True
1.02,0.01,1.02,0.3,0.1,0.75,0.25,4.81,-9.87,True
1.02,0.01,1.02,0.3,0.1,1.0,0.0,4.7,-9.29,True
1.02,0.01,1.02,0.3,0.2,0.0,1.0,6.47,-13.71,True
1.02,0.01,1.02,0.3,0.2,0.25,0.75,6.41,-13.13,True
1.02,0.01,1.02,0.3,0.2,0.5,0.5,6.34,-12.89,True
1.02,0.01,1.02,0.3,0.2,0.75,0.25,6.27,-12.68,True
1.02,0.01,1.02,0.3,0.2,1.0,0.0,6.2,-12.48,True
1.02,0.01,1.02,0.3,0.3,0.0,1.0,7.59,-16.65,True
1.02,0.01,1.02,0.3,0.3,0.25,0.75,7.54,-16.5,True
1.02,0.01,1.02,0.3,0.3,0.5,0.5,7.48,-16.36,True
1.02,0.01,1.02,0.3,0.3,0.75,0.25,7.42,-16.22,True
1.02,0.01,1.02,0.3,0.3,1.0,0.0,7.35,-16.09,True
1.02,0.01,1.02,0.4,0.0,0.0,1.0,2.84,-15.59,True
1.02,0.01,1.02,0.4,0.0,0.25,0.75,2.76,-14.18,True
1.02,0.01,1.02,0.4,0.0,0.5,0.5,2.65,-12.77,True
1.02,0.01,1.02,0.4,0.0,0.75,0.25,2.53,-11.46,True
1.02,0.01,1.02,0.4,0.0,1.0,0.0,2.39,-10.2,True
1.02,0.01,1.02,0.4,0.1,0.0,1.0,5.09,-16.31,True
1.02,0.01,1.02,0.4,0.1,0.25,0.75,5.02,-15.0,True
1.02,0.01,1.02,0.4,0.1,0.5,0.5,4.95,-13.69,True
1.02,0.01,1.02,0.4,0.1,0.75,0.25,4.86,-12.38,True
1.02,0.01,1.02,0.4,0.1,1.0,0.0,4.76,-11.06,True
1.02,0.01,1.02,0.4,0.2,0.0,1.0,6.66,-14.56,True
1.02,0.01,1.02,0.4,0.2,0.25,0.75,6.59,-13.53,True
1.02,0.01,1.02,0.4,0.2,0.5,0.5,6.52,-13.25,True
1.02,0.01,1.02,0.4,0.2,0.75,0.25,6.44,-12.99,True
1.02,0.01,1.02,0.4,0.2,1.0,0.0,6.35,-12.75,True
1.02,0.01,1.02,0.4,0.3,0.0,1.0,7.76,-16.42,True
1.02,0.01,1.02,0.4,0.3,0.25,0.75,7.7,-16.3,True
1.02,0.01,1.02,0.4,0.3,0.5,0.5,7.63,-16.17,True
1.02,0.01,1.02,0.4,0.3,0.75,0.25,7.55,-16.05,True
1.02,0.01,1.02,0.4,0.3,1.0,0.0,7.47,-15.94,True
1.02,0.015,0.95,0.1,0.0,0.0,1.0,9.5,-26.93,True
1.02,0.015,0.95,0.1,0.0,0.25,0.75,8.88,-25.31,True
1.02,0.015,0.95,0.1,0.0,0.5,0.5,8.22,-23.44,True
1.02,0.015,0.95,0.1,0.0,0.75,0.25,7.53,-21.28,True
1.02,0.015,0.95,0.1,0.0,1.0,0.0,6.8,-18.74,True
1.02,0.015,0.95,0.1,0.1,0.0,1.0,10.3,-26.47,True
1.02,0.015,0.95,0.1,0.1,0.25,0.75,9.76,-24.88,True
1.02,0.015,0.95,0.1,0.1,0.5,0.5,9.2,-23.09,True
1.02,0.015,0.95,0.1,0.1,0.75,0.25,8.62,-21.05,True
1.02,0.015,0.95,0.1,0.1,1.0,0.0,8.01,-18.73,True
1.02,0.015,0.95,0.1,0.2,0.0,1.0,11.01,-26.09,True
1.02,0.015,0.95,0.1,0.2,0.25,0.75,10.53,-24.53,True
1.02,0.015,0.95,0.1,0.2,0.5,0.5,10.02,-22.8,True
1.02,0.015,0.95,0.1,0.2,0.75,0.25,9.49,-20.87,True
1.02,0.015,0.95,0.1,0.2,1.0,0.0,8.95,-18.73,True
1.02,0.015,0.95,0.1,0.3,0.0,1.0,11.46,-25.72,True
1.02,0.015,0.95,0.1,0.3,0.25,0.75,11.01,-24.2,True
1.02,0.015,0.95,0.1,0.3,0.5,0.5,10.56,-22.53,True
1.02,0.015,0.95,0.1,0.3,0.75,0.25,10.07,-20.7,True
1.02,0.015,0.95,0.1,0.3,1.0,0.0,9.55,-18.72,True
1.02,0.015,0.95,0.2,0.0,0.0,1.0,13.38,-26.93,True
1.02,0.015,0.95,0.2,0.0,0.25,0.75,12.56,-25.33,True
1.02,0.015,0.95,0.2,0.0,0.5,0.5,11.68,-23.48,True
1.02,0.015,0.95,0.2,0.0,0.75,0.25,10.74,-21.32,True
1.02,0.015,0.95,0.2,0.0,1.0,0.0,9.73,-18.74,True
1.02,0.015,0.95,0.2,0.1,0.0,1.0,13.52,-26.7,True
1.02,0.015,0.95,0.2,0.1,0.25,0.75,12.75,-25.1,True
1.02,0.015,0.95,0.2,0.1,0.5,0.5,11.94,-23.28,True
1.02,0.015,0.95,0.2,0.1,0.75,0.25,11.08,-21.17,True
1.02,0.015,0.95,0.2,0.1,1.0,0.0,10.18,-18.74,True
1.02,0.015,0.95,0.2,0.2,0.0,1.0,13.62,-26.45,True
1.02,0.015,0.95,0.2,0.2,0.25,0.75,12.9,-24.87,True
1.02,0.015,0.95,0.2,0.2,0.5,0.5,12.15,-23.07,True
1.02,0.015,0.95,0.2,0.2,0.75,0.25,11.38,-21.03,True
1.02,0.015,0.95,0.2,0.2,1.0,0.0,10.57,-18.73,True
1.02,0.015,0.95,0.2,0.3,0.0,1.0,13.62,-26.18,True
1.02,0.015,0.95,0.2,0.3,0.25,0.75,12.96,-24.61,True
1.02,0.015,0.95,0.2,0.3,0.5,0.5,12.28,-22.85,True
1.02,0.015,0.95,0.2,0.3,0.75,0.25,11.57,-20.89,True
1.02,0.015,0.95,0.2,0.3,1.0,0.0,10.84,-18.72,True
1.02,0.015,0.95,0.3,0.0,0.0,1.0,15.17,-26.93,True
1.02,0.015,0.95,0.3,0.0,0.25,0.75,14.24,-25.33,True
1.02,0.015,0.95,0.3,0.0,0.5,0.5,13.25,-23.48,True
1.02,0.015,0.95,0.3,0.0,0.75,0.25,12.18,-21.31,True
1.02,0.015,0.95,0.3,0.0,1.0,0.0,11.03,-18.74,True
1.02,0.015,0.95,0.3,0.1,0.0,1.0,15.02,-26.76,True
1.02,0.015,0.95,0.3,0.1,0.25,0.75,14.15,-25.15,True
1.02,0.015,0.95,0.3,0.1,0.5,0.5,13.23,-23.32,True
1.02,0.015,0.95,0.3,0.1,0.75,0.25,12.24,-21.19,True
1.02,0.015,0.95,0.3,0.1,1.0,0.0,11.21,-18.74,True
1.02,0.015,0.95,0.3,0.2,0.0,1.0,14.78,-26.55,True
1.02,0.015,0.95,0.3,0.2,0.25,0.75,13.97,-24.95,True
1.02,0.015,0.95,0.3,0.2,0.5,0.5,13.12,-23.13,True
1.02,0.015,0.95,0.3,0.2,0.75,0.25,12.24,-21.06,True
1.02,0.015,0.95,0.3,0.2,1.0,0.0,11.33,-18.73,True
1.02,0.015,0.95,0.3,0.3,0.0,1.0,14.55,-26.31,True
1.02,0.015,0.95,0.3,0.3,0.25,0.75,13.81,-24.71,True
1.02,0.015,0.95,0.3,0.3,0.5,0.5,13.05,-22.92,True
1.02,0.015,0.95,0.3,0.3,0.75,0.25,12.27,-20.92,True
1.02,0.015,0.95,0.3,0.3,1.0,0.0,11.47,-18.73,True
1.02,0.015,0.95,0.4,0.0,0.0,1.0,16.04,-26.93,True
1.02,0.015,0.95,0.4,0.0,0.25,0.75,15.07,-25.32,True
1.02,0.015,0.95,0.4,0.0,0.5,0.5,14.03,-23.46,True
1.02,0.015,0.95,0.4,0.0,0.75,0.25,12.91,-21.3,True
1.02,0.015,0.95,0.4,0.0,1.0,0.0,11.7,-18.74,True
1.02,0.015,0.95,0.4,0.1,0.0,1.0,15.82,-26.77,True
1.02,0.015,0.95,0.4,0.1,0.25,0.75,14.9,-25.16,True
1.02,0.015,0.95,0.4,0.1,0.5,0.5,13.93,-23.31,True
1.02,0.015,0.95,0.4,0.1,0.75,0.25,12.9,-21.19,True
1.02,0.015,0.95,0.4,0.1,1.0,0.0,11.81,-18.74,True
1.02,0.015,0.95,0.4,0.2,0.0,1.0,15.61,-26.58,True
1.02,0.015,0.95,0.4,0.2,0.25,0.75,14.75,-24.97,True
1.02,0.015,0.95,0.4,0.2,0.5,0.5,13.85,-23.14,True
1.02,0.015,0.95,0.4,0.2,0.75,0.25,12.91,-21.07,True
1.02,0.015,0.95,0.4,0.2,1.0,0.0,11.92,-18.73,True
1.02,0.015,0.95,0.4,0.3,0.0,1.0,15.45,-26.37,True
1.02,0.015,0.95,0.4,0.3,0.25,0.75,14.64,-24.76,True
1.02,0.015,0.95,0.4,0.3,0.5,0.5,13.81,-22.95,True
1.02,0.015,0.95,0.4,0.3,0.75,0.25,12.95,-20.94,True
1.02,0.015,0.95,0.4,0.3,1.0,0.0,12.04,-18.73,True
1.02,0.015,0.97,0.1,0.0,0.0,1.0,5.71,-23.38,True
1.02,0.015,0.97,0.1,0.0,0.25,0.75,5.34,-21.95,True
1.02,0.015,0.97,0.1,0.0,0.5,0.5,4.96,-20.3,True
1.02,0.015,0.97,0.1,0.0,0.75,0.25,4.57,-18.4,True
1.02,0.015,0.97,0.1,0.0,1.0,0.0,4.16,-16.16,True
1.02,0.015,0.97,0.1,0.1,0.0,1.0,7.45,-22.77,True
1.02,0.015,0.97,0.1,0.1,0.25,0.75,7.12,-21.5,True
1.02,0.015,0.97,0.1,0.1,0.5,0.5,6.78,-20.07,True
1.02,0.015,0.97,0.1,0.1,0.75,0.25,6.44,-18.46,True
1.02,0.015,0.97,0.1,0.1,1.0,0.0,6.09,-16.63,True
1.02,0.015,0.97,0.1,0.2,0.0,1.0,8.47,-22.3,True
1.02,0.015,0.97,0.1,0.2,0.25,0.75,8.17,-21.15,True
1.02,0.015,0.97,0.1,0.2,0.5,0.5,7.86,-19.88,True
1.02,0.015,0.97,0.1,0.2,0.75,0.25,7.55,-18.49,True
1.02,0.015,0.97,0.1,0.2,1.0,0.0,7.25,-16.97,True
1.02,0.015,0.97,0.1,0.3,0.0,1.0,9.18,-21.86,True
1.02,0.015,0.97,0.1,0.3,0.25,0.75,8.93,-20.82,True
1.02,0.015,0.97,0.1,0.3,0.5,0.5,8.68,-19.71,True
1.02,0.015,0.97,0.1,0.3,0.75,0.25,8.43,-18.52,True
1.02,0.015,0.97,0.1,0.3,1.0,0.0,8.17,-17.24,True
1.02,0.015,0.97,0.2,0.0,0.0,1.0,8.93,-23.38,True
1.02,0.015,0.97,0.2,0.0,0.25,0.75,8.37,-21.97,True
1.02,0.015,0.97,0.2,0.0,0.5,0.5,7.79,-20.34,True
1.02,0.015,0.97,0.2,0.0,0.75,0.25,7.19,-18.43,True
1.02,0.015,0.97,0.2,0.0,1.0,0.0,6.56,-16.16,True
1.02,0.015,0.97,0.2,0.1,0.0,1.0,9.78,-22.98,True
1.02,0.015,0.97,0.2,0.1,0.25,0.75,9.28,-21.65,True
1.02,0.015,0.97,0.2,0.1,0.5,0.5,8.77,-20.16,True
1.02,0.015,0.97,0.2,0.1,0.75,0.25,8.25,-18.46,True
1.02,0.015,0.97,0.2,0.1,1.0,0.0,7.72,-16.52,True
1.02,0.015,0.97,0.2,0.2,0.0,1.0,10.4,-22.63,True
1.02,0.015,0.97,0.2,0.2,0.25,0.75,9.94,-21.38,True
1.02,0.015,0.97,0.2,0.2,0.5,0.5,9.49,-20.0,True
1.02,0.015,0.97,0.2,0.2,0.75,0.25,9.03,-18.48,True
1.02,0.015,0.97,0.2,0.2,1.0,0.0,8.57,-16.81,True
1.02,0.015,0.97,0.2,0.3,0.0,1.0,10.86,-22.31,True
1.02,0.015,0.97,0.2,0.3,0.25,0.75,10.44,-21.13,True
1.02,0.015,0.97,0.2,0.3,0.5,0.5,10.03,-19.85,True
1.02,0.015,0.97,0.2,0.3,0.75,0.25,9.62,-18.49,True
1.02,0.015,0.97,0.2,0.3,1.0,0.0,9.24,-17.05,True
1.02,0.015,0.97,0.3,0.0,0.0,1.0,10.84,-23.38,True
1.02,0.015,0.97,0.3,0.0,0.25,0.75,10.16,-21.97,True
1.02,0.015,0.97,0.3,0.0,0.5,0.5,9.46,-20.34,True
1.02,0.015,0.97,0.3,0.0,0.75,0.25,8.72,-18.43,True
1.02,0.015,0.97,0.3,0.0,1.0,0.0,7.96,-16.16,True
1.02,0.015,0.97,0.3,0.1,0.0,1.0,11.19,-23.07,True
1.02,0.015,0.97,0.3,0.1,0.25,0.75,10.59,-21.71,True
1.02,0.015,0.97,0.3,0.1,0.5,0.5,9.98,-20.18,True
1.02,0.015,0.97,0.3,0.1,0.75,0.25,9.36,-18.44,True
1.02,0.015,0.97,0.3,0.1,1.0,0.0,8.72,-16.46,True
1.02,0.015,0.97,0.3,0.2,0.0,1.0,11.53,-22.77,True
1.02,0.015,0.97,0.3,0.2,0.25,0.75,10.99,-21.47,True
1.02,0.015,0.97,0.3,0.2,0.5,0.5,10.45,-20.04,True
1.02,0.015,0.97,0.3,0.2,0.75,0.25,9.91,-18.46,True
1.02,0.015,0.97,0.3,0.2,1.0,0.0,9.36,-16.73,True
1.02,0.015,0.97,0.3,0.3,0.0,1.0,11.85,-22.47,True
1.02,0.015,0.97,0.3,0.3,0.25,0.75,11.37,-21.24,True
1.02,0.015,0.97,0.3,0.3,0.5,0.5,10.88,-19.91,True
1.02,0.015,0.97,0.3,0.3,0.75,0.25,10.4,-18.48,True
1.02,0.015,0.97,0.3,0.3,1.0,0.0,9.92,-16.96,True
1.02,0.015,0.97,0.4,0.0,0.0,1.0,11.99,-23.38,True
1.02,0.015,0.97,0.4,0.0,0.25,0.75,11.24,-21.96,True
1.02,0.015,0.97,0.4,0.0,0.5,0.5,10.46,-20.32,True
1.02,0.015,0.97,0.4,0.0,0.75,0.25,9.66,-18.42,True
1.02,0.015,0.97,0.4,0.0,1.0,0.0,8.82,-16.16,True
1.02,0.015,0.97,0.4,0.1,0.0,1.0,12.3,-23.11,True
1.02,0.015,0.97,0.4,0.1,0.25,0.75,11.62,-21.74,True
1.02,0.015,0.97,0.4,0.1,0.5,0.5,10.92,-20.19,True
1.02,0.015,0.97,0.4,0.1,0.75,0.25,10.21,-18.43,True
1.02,0.015,0.97,0.4,0.1,1.0,0.0,9.48,-16.43,True
1.02,0.015,0.97,0.4,0.2,0.0,1.0,12.58,-22.85,True
1.02,0.015,0.97,0.4,0.2,0.25,0.75,11.95,-21.53,True
1.02,0.015,0.97,0.4,0.2,0.5,0.5,11.32,-20.06,True
1.02,0.015,0.97,0.4,0.2,0.75,0.25,10.66,-18.45,True
1.02,0.015,0.97,0.4,0.2,1.0,0.0,9.99,-16.68,True
1.02,0.015,0.97,0.4,0.3,0.0,1.0,12.7,-22.56,True
1.02,0.015,0.97,0.4,0.3,0.25,0.75,12.1,-21.3,True
1.02,0.015,0.97,0.4,0.3,0.5,0.5,11.5,-19.93,True
1.02,0.015,0.97,0.4,0.3,0.75,0.25,10.9,-18.47,True
1.02,0.015,0.97,0.4,0.3,1.0,0.0,10.32,-16.91,True
1.02,0.015,0.99,0.1,0.0,0.0,1.0,4.92,-20.02,True
1.02,0.015,0.99,0.1,0.0,0.25,0.75,4.59,-18.52,True
1.02,0.015,0.99,0.1,0.0,0.5,0.5,4.24,-16.93,True
1.02,0.015,0.99,0.1,0.0,0.75,0.25,3.88,-15.28,True
1.02,0.015,0.99,0.1,0.0,1.0,0.0,3.5,-13.55,True
1.02,0.015,0.99,0.1,0.1,0.0,1.0,6.48,-18.6,True
1.02,0.015,0.99,0.1,0.1,0.25,0.75,6.21,-17.65,True
1.02,0.015,0.99,0.1,0.1,0.5,0.5,5.94,-16.58,True
1.02,0.015,0.99,0.1,0.1,0.75,0.25,5.65,-15.37,True
1.02,0.015,0.99,0.1,0.1,1.0,0.0,5.36,-14.0,True
1.02,0.015,0.99,0.1,0.2,0.0,1.0,7.5,-18.6,True
1.02,0.015,0.99,0.1,0.2,0.25,0.75,7.29,-17.82,True
1.02,0.015,0.99,0.1,0.2,0.5,0.5,7.07,-16.95,True
1.02,0.015,0.99,0.1,0.2,0.75,0.25,6.85,-16.0,True
1.02,0.015,0.99,0.1,0.2,1.0,0.0,6.62,-14.96,True
1.02,0.015,0.99,0.1,0.3,0.0,1.0,8.41,-18.61,True
1.02,0.015,0.99,0.1,0.3,0.25,0.75,8.25,-17.95,True
1.02,0.015,0.99,0.1,0.3,0.5,0.5,8.07,-17.24,True
1.02,0.015,0.99,0.1,0.3,0.75,0.25,7.87,-16.48,True
1.02,0.015,0.99,0.1,0.3,1.0,0.0,7.67,-15.67,True
1.02,0.015,0.99,0.2,0.0,0.0,1.0,6.89,-25.44,True
1.02,0.015,0.99,0.2,0.0,0.25,0.75,6.46,-23.64,True
1.02,0.015,0.99,0.2,0.0,0.5,0.5,6.01,-21.74,True
1.02,0.015,0.99,0.2,0.0,0.75,0.25,5.53,-19.74,True
1.02,0.015,0.99,0.2,0.0,1.0,0.0,5.03,-17.62,True
1.02,0.015,0.99,0.2,0.1,0.0,1.0,8.06,-23.42,True
1.02,0.015,0.99,0.2,0.1,0.25,0.75,7.7,-21.59,True
1.02,0.015,0.99,0.2,0.1,0.5,0.5,7.32,-19.67,True
1.02,0.015,0.99,0.2,0.1,0.75,0.25,6.94,-17.66,True
1.02,0.015,0.99,0.2,0.1,1.0,0.0,6.55,-15.54,True
1.02,0.015,0.99,0.2,0.2,0.0,1.0,8.83,-21.27,True
1.02,0.015,0.99,0.2,0.2,0.25,0.75,8.52,-19.44,True
1.02,0.015,0.99,0.2,0.2,0.5,0.5,8.21,-17.53,True
1.02,0.015,0.99,0.2,0.2,0.75,0.25,7.9,-15.75,True
1.02,0.015,0.99,0.2,0.2,1.0,0.0,7.6,-14.63,True
1.02,0.015,0.99,0.2,0.3,0.0,1.0,9.5,-18.6,True
1.02,0.015,0.99,0.2,0.3,0.25,0.75,9.25,-17.84,True
1.02,0.015,0.99,0.2,0.3,0.5,0.5,9.01,-17.03,True
1.02,0.015,0.99,0.2,0.3,0.75,0.25,8.75,-16.17,True
1.02,0.015,0.99,0.2,0.3,1.0,0.0,8.5,-15.27,True
1.02,0.015,0.99,0.3,0.0,0.0,1.0,8.31,-27.14,True
1.02,0.015,0.99,0.3,0.0,0.25,0.75,7.8,-25.2,True
1.02,0.015,0.99,0.3,0.0,0.5,0.5,7.27,-23.17,True
1.02,0.015,0.99,0.3,0.0,0.75,0.25,6.71,-21.03,True
1.02,0.015,0.99,0.3,0.0,1.0,0.0,6.12,-18.76,True
1.02,0.015,0.99,0.3,0.1,0.0,1.0,9.15,-24.4,True
1.02,0.015,0.99,0.3,0.1,0.25,0.75,8.73,-22.47,True
1.02,0.015,0.99,0.3,0.1,0.5,0.5,8.29,-20.46,True
1.02,0.015,0.99,0.3,0.1,0.75,0.25,7.83,-18.34,True
1.02,0.015,0.99,0.3,0.1,1.0,0.0,7.36,-16.11,True
1.02,0.015,0.99,0.3,0.2,0.0,1.0,9.91,-21.29,True
1.02,0.015,0.99,0.3,0.2,0.25,0.75,9.54,-19.39,True
1.02,0.015,0.99,0.3,0.2,0.5,0.5,9.16,-17.42,True
1.02,0.015,0.99,0.3,0.2,0.75,0.25,8.77,-15.58,True
1.02,0.015,0.99,0.3,0.2,1.0,0.0,8.37,-14.38,True
1.02,0.015,0.99,0.3,0.3,0.0,1.0,10.57,-18.6,True
1.02,0.015,0.99,0.3,0.3,0.25,0.75,10.22,-17.77,True
1.02,0.015,0.99,0.3,0.3,0.5,0.5,9.87,-16.89,True
1.02,0.015,0.99,0.3,0.3,0.75,0.25,9.5,-15.97,True
1.02,0.015,0.99,0.3,0.3,1.0,0.0,9.1,-15.0,True
1.02,0.015,0.99,0.4,0.0,0.0,1.0,9.56,-26.26,True
1.02,0.015,0.99,0.4,0.0,0.25,0.75,8.97,-24.38,True
1.02,0.015,0.99,0.4,0.0,0.5,0.5,8.35,-22.39,True
1.02,0.015,0.99,0.4,0.0,0.75,0.25,7.71,-20.3,True
1.02,0.015,0.99,0.4,0.0,1.0,0.0,7.03,-18.07,True
1.02,0.015,0.99,0.4,0.1,0.0,1.0,10.35,-23.32,True
1.02,0.015,0.99,0.4,0.1,0.25,0.75,9.83,-21.45,True
1.02,0.015,0.99,0.4,0.1,0.5,0.5,9.3,-19.5,True
1.02,0.015,0.99,0.4,0.1,0.75,0.25,8.75,-17.44,True
1.02,0.015,0.99,0.4,0.1,1.0,0.0,8.19,-15.27,True
1.02,0.015,0.99,0.4,0.2,0.0,1.0,10.86,-20.2,True
1.02,0.015,0.99,0.4,0.2,0.25,0.75,10.36,-18.38,True
1.02,0.015,0.99,0.4,0.2,0.5,0.5,9.85,-16.6,True
1.02,0.015,0.99,0.4,0.2,0.75,0.25,9.34,-15.47,True
1.02,0.015,0.99,0.4,0.2,1.0,0.0,8.83,-14.25,True
1.02,0.015,0.99,0.4,0.3,0.0,1.0,11.09,-18.6,True
1.02,0.015,0.99,0.4,0.3,0.25,0.75,10.64,-17.75,True
1.02,0.015,0.99,0.4,0.3,0.5,0.5,10.19,-16.84,True
1.02,0.015,0.99,0.4,0.3,0.75,0.25,9.75,-15.89,True
1.02,0.015,0.99,0.4,0.3,1.0,0.0,9.32,-14.9,True
1.02,0.015,1.0,0.1,0.0,0.0,1.0,1.95,-15.25,True
1.02,0.015,1.0,0.1,0.0,0.25,0.75,1.82,-14.06,True
1.02,0.015,1.0,0.1,0.0,0.5,0.5,1.7,-12.8,True
1.02,0.015,1.0,0.1,0.0,0.75,0.25,1.57,-11.49,True
1.02,0.015,1.0,0.1,0.0,1.0,0.0,1.44,-10.13,True
1.02,0.015,1.0,0.1,0.1,0.0,1.0,4.42,-13.44,True
1.02,0.015,1.0,0.1,0.1,0.25,0.75,4.32,-12.28,True
1.02,0.015,1.0,0.1,0.1,0.5,0.5,4.22,-11.07,True
1.02,0.015,1.0,0.1,0.1,0.75,0.25,4.12,-9.9,True
1.02,0.015,1.0,0.1,0.1,1.0,0.0,4.01,-9.61,True
1.02,0.015,1.0,0.1,0.2,0.0,1.0,6.14,-13.91,True
1.02,0.015,1.0,0.1,0.2,0.25,0.75,6.04,-13.66,True
1.02,0.015,1.0,0.1,0.2,0.5,0.5,5.95,-13.4,True
1.02,0.015,1.0,0.1,0.2,0.75,0.25,5.85,-13.16,True
1.02,0.015,1.0,0.1,0.2,1.0,0.0,5.75,-12.91,True
1.02,0.015,1.0,0.1,0.3,0.0,1.0,7.36,-15.8,True
1.02,0.015,1.0,0.1,0.3,0.25,0.75,7.3,-15.58,True
1.02,0.015,1.0,0.1,0.3,0.5,0.5,7.22,-15.34,True
1.02,0.015,1.0,0.1,0.3,0.75,0.25,7.13,-15.1,True
1.02,0.015,1.0,0.1,0.3,1.0,0.0,7.03,-14.87,True
1.02,0.015,1.0,0.2,0.0,0.0,1.0,3.6,-18.84,True
1.02,0.015,1.0,0.2,0.0,0.25,0.75,3.4,-17.45,True
1.02,0.015,1.0,0.2,0.0,0.5,0.5,3.18,-16.0,True
1.02,0.015,1.0,0.2,0.0,0.75,0.25,2.96,-14.46,True
1.02,0.015,1.0,0.2,0.0,1.0,0.0,2.73,-12.84,True
1.02,0.015,1.0,0.2,0.1,0.0,1.0,5.72,-17.19,True
1.02,0.015,1.0,0.2,0.1,0.25,0.75,5.56,-15.78,True
1.02,0.015,1.0,0.2,0.1,0.5,0.5,5.4,-14.3,True
1.02,0.015,1.0,0.2,0.1,0.75,0.25,5.23,-12.75,True
1.02,0.015,1.0,0.2,0.1,1.0,0.0,5.06,-11.51,True
1.02,0.015,1.0,0.2,0.2,0.0,1.0,7.09,-15.97,True
1.02,0.015,1.0,0.2,0.2,0.25,0.75,6.97,-15.42,True
1.02,0.015,1.0,0.2,0.2,0.5,0.5,6.84,-14.89,True
1.02,0.015,1.0,0.2,0.2,0.75,0.25,6.7,-14.4,True
1.02,0.015,1.0,0.2,0.2,1.0,0.0,6.57,-13.93,True
1.02,0.015,1.0,0.2,0.3,0.0,1.0,8.19,-16.82,True
1.02,0.015,1.0,0.2,0.3,0.25,0.75,8.08,-16.37,True
1.02,0.015,1.0,0.2,0.3,0.5,0.5,7.97,-15.94,True
1.02,0.015,1.0,0.2,0.3,0.75,0.25,7.85,-15.54,True
1.02,0.015,1.0,0.2,0.3,1.0,0.0,7.71,-15.17,True
1.02,0.015,1.0,0.3,0.0,0.0,1.0,5.01,-20.25,True
1.02,0.015,1.0,0.3,0.0,0.25,0.75,4.73,-18.75,True
1.02,0.015,1.0,0.3,0.0,0.5,0.5,4.44,-17.18,True
1.02,0.015,1.0,0.3,0.0,0.75,0.25,4.13,-15.52,True
1.02,0.015,1.0,0.3,0.0,1.0,0.0,3.81,-13.76,True
1.02,0.015,1.0,0.3,0.1,0.0,1.0,6.75,-17.98,True
1.02,0.015,1.0,0.3,0.1,0.25,0.75,6.53,-16.48,True
1.02,0.015,1.0,0.3,0.1,0.5,0.5,6.3,-14.9,True
1.02,0.015,1.0,0.3,0.1,0.75,0.25,6.06,-13.24,True
1.02,0.015,1.0,0.3,0.1,1.0,0.0,5.82,-12.27,True
1.02,0.015,1.0,0.3,0.2,0.0,1.0,8.0,-16.53,True
1.02,0.015,1.0,0.3,0.2,0.25,0.75,7.8,-15.87,True
1.02,0.015,1.0,0.3,0.2,0.5,0.5,7.58,-15.24,True
1.02,0.015,1.0,0.3,0.2,0.75,0.25,7.36,-14.62,True
1.02,0.015,1.0,0.3,0.2,1.0,0.0,7.14,-14.0,True
1.02,0.015,1.0,0.3,0.3,0.0,1.0,8.78,-17.06,True
1.02,0.015,1.0,0.3,0.3,0.25,0.75,8.59,-16.46,True
1.02,0.015,1.0,0.3,0.3,0.5,0.5,8.4,-15.91,True
1.02,0.015,1.0,0.3,0.3,0.75,0.25,8.21,-15.4,True
1.02,0.015,1.0,0.3,0.3,1.0,0.0,8.02,-14.95,True
1.02,0.015,1.0,0.4,0.0,0.0,1.0,6.2,-20.82,True
1.02,0.015,1.0,0.4,0.0,0.25,0.75,5.84,-19.05,True
1.02,0.015,1.0,0.4,0.0,0.5,0.5,5.47,-17.25,True
1.02,0.015,1.0,0.4,0.0,0.75,0.25,5.08,-15.4,True
1.02,0.015,1.0,0.4,0.0,1.0,0.0,4.68,-13.5,True
1.02,0.015,1.0,0.4,0.1,0.0,1.0,7.69,-16.49,True
1.02,0.015,1.0,0.4,0.1,0.25,0.75,7.38,-15.28,True
1.02,0.015,1.0,0.4,0.1,0.5,0.5,7.07,-14.36,True
1.02,0.015,1.0,0.4,0.1,0.75,0.25,6.74,-13.44,True
1.02,0.015,1.0,0.4,0.1,1.0,0.0,6.41,-12.54,True
1.02,0.015,1.0,0.4,0.2,0.0,1.0,8.48,-16.66,True
1.02,0.015,1.0,0.4,0.2,0.25,0.75,8.22,-15.89,True
1.02,0.015,1.0,0.4,0.2,0.5,0.5,7.96,-15.15,True
1.02,0.015,1.0,0.4,0.2,0.75,0.25,7.7,-14.45,True
1.02,0.015,1.0,0.4,0.2,1.0,0.0,7.44,-13.81,True
1.02,0.015,1.0,0.4,0.3,0.0,1.0,9.15,-16.97,True
1.02,0.015,1.0,0.4,0.3,0.25,0.75,8.93,-16.34,True
1.02,0.015,1.0,0.4,0.3,0.5,0.5,8.71,-15.75,True
1.02,0.015,1.0,0.4,0.3,0.75,0.25,8.49,-15.22,True
1.02,0.015,1.0,0.4,0.3,1.0,0.0,8.27,-14.75,True
1.02,0.015,1.01,0.1,0.0,0.0,1.0,1.71,-13.43,True
1.02,0.015,1.01,0.1,0.0,0.25,0.75,1.59,-12.38,True
1.02,0.015,1.01,0.1,0.0,0.5,0.5,1.47,-11.26,True
1.02,0.015,1.01,0.1,0.0,0.75,0.25,1.34,-10.11,True
1.02,0.015,1.01,0.1,0.0,1.0,0.0,1.21,-8.91,True
1.02,0.015,1.01,0.1,0.1,0.0,1.0,4.24,-11.83,True
1.02,0.015,1.01,0.1,0.1,0.25,0.75,4.14,-10.79,True
1.02,0.015,1.01,0.1,0.1,0.5,0.5,4.03,-9.71,True
1.02,0.015,1.01,0.1,0.1,0.75,0.25,3.93,-8.59,True
1.02,0.015,1.01,0.1,0.1,1.0,0.0,3.82,-7.42,True
1.02,0.015,1.01,0.1,0.2,0.0,1.0,5.92,-10.43,True
1.02,0.015,1.01,0.1,0.2,0.25,0.75,5.84,-10.5,True
1.02,0.015,1.01,0.1,0.2,0.5,0.5,5.75,-10.55,True
1.02,0.015,1.01,0.1,0.2,0.75,0.25,5.65,-10.6,True
1.02,0.015,1.01,0.1,0.2,1.0,0.0,5.56,-10.66,True
1.02,0.015,1.01,0.1,0.3,0.0,1.0,7.12,-13.28,True
1.02,0.015,1.01,0.1,0.3,0.25,0.75,7.07,-13.42,True
1.02,0.015,1.01,0.1,0.3,0.5,0.5,7.02,-13.57,True
1.02,0.015,1.01,0.1,0.3,0.75,0.25,6.94,-13.57,True
1.02,0.015,1.01,0.1,0.3,1.0,0.0,6.85,-13.57,True
1.02,0.015,1.01,0.2,0.0,0.0,1.0,2.99,-17.09,True
1.02,0.015,1.01,0.2,0.0,0.25,0.75,2.8,-15.83,True
1.02,0.015,1.01,0.2,0.0,0.5,0.5,2.61,-14.51,True
1.02,0.015,1.01,0.2,0.0,0.75,0.25,2.4,-13.12,True
1.02,0.015,1.01,0.2,0.0,1.0,0.0,2.19,-11.66,True
1.02,0.015,1.01,0.2,0.1,0.0,1.0,5.12,-15.67,True
1.02,0.015,1.01,0.2,0.1,0.25,0.75,4.99,-14.38,True
1.02,0.015,1.01,0.2,0.1,0.5,0.5,4.85,-13.02,True
1.02,0.015,1.01,0.2,0.1,0.75,0.25,4.71,-11.6,True
1.02,0.015,1.01,0.2,0.1,1.0,0.0,4.57,-10.1,True
1.02,0.015,1.01,0.2,0.2,0.0,1.0,6.43,-14.25,True
1.02,0.015,1.01,0.2,0.2,0.25,0.75,6.34,-12.93,True
1.02,0.015,1.01,0.2,0.2,0.5,0.5,6.25,-11.54,True
1.02,0.015,1.01,0.2,0.2,0.75,0.25,6.16,-10.43,True
1.02,0.015,1.01,0.2,0.2,1.0,0.0,6.06,-10.57,True
1.02,0.015,1.01,0.2,0.3,0.0,1.0,7.45,-12.6,True
1.02,0.015,1.01,0.2,0.3,0.25,0.75,7.39,-12.64,True
1.02,0.015,1.01,0.2,0.3,0.5,0.5,7.32,-12.73,True
1.02,0.015,1.01,0.2,0.3,0.75,0.25,7.25,-12.83,True
1.02,0.015,1.01,0.2,0.3,1.0,0.0,7.18,-12.94,True
1.02,0.015,1.01,0.3,0.0,0.0,1.0,3.86,-18.53,True
1.02,0.015,1.01,0.3,0.0,0.25,0.75,3.63,-17.15,True
1.02,0.015,1.01,0.3,0.0,0.5,0.5,3.4,-15.71,True
1.02,0.015,1.01,0.3,0.0,0.75,0.25,3.15,-14.19,True
1.02,0.015,1.01,0.3,0.0,1.0,0.0,2.88,-12.59,True
1.02,0.015,1.01,0.3,0.1,0.0,1.0,5.53,-16.58,True
1.02,0.015,1.01,0.3,0.1,0.25,0.75,5.38,-15.17,True
1.02,0.015,1.01,0.3,0.1,0.5,0.5,5.23,-13.7,True
1.02,0.015,1.01,0.3,0.1,0.75,0.25,5.07,-12.16,True
1.02,0.015,1.01,0.3,0.1,1.0,0.0,4.91,-10.55,True
1.02,0.015,1.01,0.3,0.2,0.0,1.0,6.74,-14.37,True
1.02,0.015,1.01,0.3,0.2,0.25,0.75,6.64,-12.93,True
1.02,0.015,1.01,0.3,0.2,0.5,0.5,6.53,-11.44,True
1.02,0.015,1.01,0.3,0.2,0.75,0.25,6.41,-10.64,True
1.02,0.015,1.01,0.3,0.2,1.0,0.0,6.3,-10.73,True
1.02,0.015,1.01,0.3,0.3,0.0,1.0,7.72,-12.94,True
1.02,0.015,1.01,0.3,0.3,0.25,0.75,7.64,-12.96,True
1.02,0.015,1.01,0.3,0.3,0.5,0.5,7.56,-13.0,True
1.02,0.015,1.01,0.3,0.3,0.75,0.25,7.47,-13.05,True
1.02,0.015,1.01,0.3,0.3,1.0,0.0,7.39,-13.12,True
1.02,0.015,1.01,0.4,0.0,0.0,1.0,4.32,-19.38,True
1.02,0.015,1.01,0.4,0.0,0.25,0.75,4.08,-17.71,True
1.02,0.015,1.01,0.4,0.0,0.5,0.5,3.82,-16.02,True
1.02,0.015,1.01,0.4,0.0,0.75,0.25,3.55,-14.32,True
1.02,0.015,1.01,0.4,0.0,1.0,0.0,3.26,-12.6,True
1.02,0.015,1.01,0.4,0.1,0.0,1.0,5.87,-15.13,True
1.02,0.015,1.01,0.4,0.1,0.25,0.75,5.71,-13.8,True
1.02,0.015,1.01,0.4,0.1,0.5,0.5,5.54,-12.42,True
1.02,0.015,1.01,0.4,0.1,0.75,0.25,5.36,-10.97,True
1.02,0.015,1.01,0.4,0.1,1.0,0.0,5.17,-9.45,True
1.02,0.015,1.01,0.4,0.2,0.0,1.0,7.07,-12.89,True
1.02,0.015,1.01,0.4,0.2,0.25,0.75,6.95,-11.56,True
1.02,0.015,1.01,0.4,0.2,0.5,0.5,6.82,-10.85,True
1.02,0.015,1.01,0.4,0.2,0.75,0.25,6.68,-10.88,True
1.02,0.015,1.01,0.4,0.2,1.0,0.0,6.54,-10.92,True
1.02,0.015,1.01,0.4,0.3,0.0,1.0,8.03,-13.22,True
1.02,0.015,1.01,0.4,0.3,0.25,0.75,7.92,-13.22,True
1.02,0.015,1.01,0.4,0.3,0.5,0.5,7.82,-13.23,True
1.02,0.015,1.01,0.4,0.3,0.75,0.25,7.7,-13.26,True
1.02,0.015,1.01,0.4,0.3,1.0,0.0,7.57,-13.3,True
1.02,0.015,1.02,0.1,0.0,0.0,1.0,1.19,-13.43,True
1.02,0.015,1.02,0.1,0.0,0.25,0.75,1.11,-12.38,True
1.02,0.015,1.02,0.1,0.0,0.5,0.5,1.02,-11.26,True
1.02,0.015,1.02,0.1,0.0,0.75,0.25,0.93,-10.11,True
1.02,0.015,1.02,0.1,0.0,1.0,0.0,0.84,-8.91,True
1.02,0.015,1.02,0.1,0.1,0.0,1.0,3.89,-11.65,True
1.02,0.015,1.02,0.1,0.1,0.25,0.75,3.83,-10.61,True
1.02,0.015,1.02,0.1,0.1,0.5,0.5,3.77,-9.54,True
1.02,0.015,1.02,0.1,0.1,0.75,0.25,3.7,-8.42,True
1.02,0.015,1.02,0.1,0.1,1.0,0.0,3.64,-7.62,True
1.02,0.015,1.02,0.1,0.2,0.0,1.0,5.6,-10.87,True
1.02,0.015,1.02,0.1,0.2,0.25,0.75,5.55,-10.92,True
1.02,0.015,1.02,0.1,0.2,0.5,0.5,5.5,-10.98,True
1.02,0.015,1.02,0.1,0.2,0.75,0.25,5.45,-11.05,True
1.02,0.015,1.02,0.1,0.2,1.0,0.0,5.4,-11.12,True
1.02,0.015,1.02,0.1,0.3,0.0,1.0,6.81,-14.62,True
1.02,0.015,1.02,0.1,0.3,0.25,0.75,6.77,-14.61,True
1.02,0.015,1.02,0.1,0.3,0.5,0.5,6.73,-14.61,True
1.02,0.015,1.02,0.1,0.3,0.75,0.25,6.69,-14.6,True
1.02,0.015,1.02,0.1,0.3,1.0,0.0,6.65,-14.59,True
1.02,0.015,1.02,0.2,0.0,0.0,1.0,1.92,-17.09,True
1.02,0.015,1.02,0.2,0.0,0.25,0.75,1.8,-15.83,True
1.02,0.015,1.02,0.2,0.0,0.5,0.5,1.68,-14.51,True
1.02,0.015,1.02,0.2,0.0,0.75,0.25,1.55,-13.12,True
1.02,0.015,1.02,0.2,0.0,1.0,0.0,1.41,-11.66,True
1.02,0.015,1.02,0.2,0.1,0.0,1.0,4.31,-15.26,True
1.02,0.015,1.02,0.2,0.1,0.25,0.75,4.23,-14.0,True
1.02,0.015,1.02,0.2,0.1,0.5,0.5,4.15,-12.68,True
1.02,0.015,1.02,0.2,0.1,0.75,0.25,4.07,-11.3,True
1.02,0.015,1.02,0.2,0.1,1.0,0.0,3.98,-9.84,True
1.02,0.015,1.02,0.2,0.2,0.0,1.0,5.82,-13.41,True
1.02,0.015,1.02,0.2,0.2,0.25,0.75,5.77,-12.15,True
1.02,0.015,1.02,0.2,0.2,0.5,0.5,5.71,-11.61,True
1.02,0.015,1.02,0.2,0.2,0.75,0.25,5.65,-11.58,True
1.02,0.015,1.02,0.2,0.2,1.0,0.0,5.59,-11.57,True
1.02,0.015,1.02,0.2,0.3,0.0,1.0,6.97,-14.63,True
1.02,0.015,1.02,0.2,0.3,0.25,0.75,6.94,-14.67,True
1.02,0.015,1.02,0.2,0.3,0.5,0.5,6.91,-14.68,True
1.02,0.015,1.02,0.2,0.3,0.75,0.25,6.86,-14.66,True
1.02,0.015,1.02,0.2,0.3,1.0,0.0,6.82,-14.64,True
1.02,0.015,1.02,0.3,0.0,0.0,1.0,2.39,-24.48,True
1.02,0.015,1.02,0.3,0.0,0.25,0.75,2.26,-22.59,True
1.02,0.015,1.02,0.3,0.0,0.5,0.5,2.12,-20.67,True
1.02,0.015,1.02,0.3,0.0,0.75,0.25,1.97,-18.72,True
1.02,0.015,1.02,0.3,0.0,1.0,0.0,1.81,-16.73,True
1.02,0.015,1.02,0.3,0.1,0.0,1.0,4.57,-17.73,True
1.02,0.015,1.02,0.3,0.1,0.25,0.75,4.5,-15.86,True
1.02,0.015,1.02,0.3,0.1,0.5,0.5,4.42,-13.96,True
1.02,0.015,1.02,0.3,0.1,0.75,0.25,4.33,-12.03,True
1.02,0.015,1.02,0.3,0.1,1.0,0.0,4.24,-10.1,True
1.02,0.015,1.02,0.3,0.2,0.0,1.0,6.0,-12.94,True
1.02,0.015,1.02,0.3,0.2,0.25,0.75,5.95,-12.05,True
1.02,0.015,1.02,0.3,0.2,0.5,0.5,5.9,-11.98,True
1.02,0.015,1.02,0.3,0.2,0.75,0.25,5.85,-11.92,True
1.02,0.015,1.02,0.3,0.2,1.0,0.0,5.79,-11.87,True
1.02,0.015,1.02,0.3,0.3,0.0,1.0,7.1,-14.61,True
1.02,0.015,1.02,0.3,0.3,0.25,0.75,7.07,-14.64,True
1.02,0.015,1.02,0.3,0.3,0.5,0.5,7.03,-14.67,True
1.02,0.015,1.02,0.3,0.3,0.75,0.25,6.99,-14.7,True
1.02,0.015,1.02,0.3,0.3,1.0,0.0,6.94,-14.7,True
1.02,0.015,1.02,0.4,0.0,0.0,1.0,2.72,-28.99,True
1.02,0.015,1.02,0.4,0.0,0.25,0.75,2.59,-26.79,True
1.02,0.015,1.02,0.4,0.0,0.5,0.5,2.44,-24.55,True
1.02,0.015,1.02,0.4,0.0,0.75,0.25,2.27,-22.26,True
1.02,0.015,1.02,0.4,0.0,1.0,0.0,2.09,-19.92,True
1.02,0.015,1.02,0.4,0.1,0.0,1.0,4.75,-20.31,True
1.02,0.015,1.02,0.4,0.1,0.25,0.75,4.67,-18.25,True
1.02,0.015,1.02,0.4,0.1,0.5,0.5,4.59,-16.15,True
1.02,0.015,1.02,0.4,0.1,0.75,0.25,4.49,-14.03,True
1.02,0.015,1.02,0.4,0.1,1.0,0.0,4.39,-11.88,True
1.02,0.015,1.02,0.4,0.2,0.0,1.0,6.18,-13.27,True
1.02,0.015,1.02,0.4,0.2,0.25,0.75,6.12,-12.41,True
1.02,0.015,1.02,0.4,0.2,0.5,0.5,6.06,-12.3,True
1.02,0.015,1.02,0.4,0.2,0.75,0.25,5.99,-12.2,True
1.02,0.015,1.02,0.4,0.2,1.0,0.0,5.91,-12.12,True
1.02,0.015,1.02,0.4,0.3,0.0,1.0,7.15,-14.71,True
1.02,0.015,1.02,0.4,0.3,0.25,0.75,7.11,-14.57,True
1.02,0.015,1.02,0.4,0.3,0.5,0.5,7.07,-14.6,True
1.02,0.015,1.02,0.4,0.3,0.75,0.25,7.03,-14.63,True
1.02,0.015,1.02,0.4,0.3,1.0,0.0,6.99,-14.67,True
1.02,0.02,0.95,0.1,0.0,0.0,1.0,5.75,-26.93,True
1.02,0.02,0.95,0.1,0.0,0.25,0.75,5.31,-25.25,True
1.02,0.02,0.95,0.1,0.0,0.5,0.5,4.85,-23.36,True
1.02,0.02,0.95,0.1,0.0,0.75,0.25,4.39,-21.21,True
1.02,0.02,0.95,0.1,0.0,1.0,0.0,3.91,-18.74,True
1.02,0.02,0.95,0.1,0.1,0.0,1.0,7.14,-26.07,True
1.02,0.02,0.95,0.1,0.1,0.25,0.75,6.76,-24.52,True
1.02,0.02,0.95,0.1,0.1,0.5,0.5,6.36,-22.81,True
1.02,0.02,0.95,0.1,0.1,0.75,0.25,5.96,-20.89,True
1.02,0.02,0.95,0.1,0.1,1.0,0.0,5.55,-18.73,True
1.02,0.02,0.95,0.1,0.2,0.0,1.0,8.21,-25.37,True
1.02,0.02,0.95,0.1,0.2,0.25,0.75,7.86,-23.93,True
1.02,0.02,0.95,0.1,0.2,0.5,0.5,7.51,-22.36,True
1.02,0.02,0.95,0.1,0.2,0.75,0.25,7.15,-20.63,True
1.02,0.02,0.95,0.1,0.2,1.0,0.0,6.79,-18.72,True
1.02,0.02,0.95,0.1,0.3,0.0,1.0,9.05,-24.74,True
1.02,0.02,0.95,0.1,0.3,0.25,0.75,8.74,-23.4,True
1.02,0.02,0.95,0.1,0.3,0.5,0.5,8.42,-21.96,True
1.02,0.02,0.95,0.1,0.3,0.75,0.25,8.11,-20.4,True
1.02,0.02,0.95,0.1,0.3,1.0,0.0,7.78,-18.71,True
1.02,0.02,0.95,0.2,0.0,0.0,1.0,9.46,-26.93,True
1.02,0.02,0.95,0.2,0.0,0.25,0.75,8.82,-25.33,True
1.02,0.02,0.95,0.2,0.0,0.5,0.5,8.14,-23.47,True
1.02,0.02,0.95,0.2,0.0,0.75,0.25,7.42,-21.3,True
1.02,0.02,0.95,0.2,0.0,1.0,0.0,6.67,-18.74,True
1.02,0.02,0.95,0.2,0.1,0.0,1.0,10.23,-26.47,True
1.02,0.02,0.95,0.2,0.1,0.25,0.75,9.66,-24.9,True
1.02,0.02,0.95,0.2,0.1,0.5,0.5,9.06,-23.11,True
1.02,0.02,0.95,0.2,0.1,0.75,0.25,8.44,-21.08,True
1.02,0.02,0.95,0.2,0.1,1.0,0.0,7.77,-18.73,True
1.02,0.02,0.95,0.2,0.2,0.0,1.0,10.88,-26.09,True
1.02,0.02,0.95,0.2,0.2,0.25,0.75,10.37,-24.55,True
1.02,0.02,0.95,0.2,0.2,0.5,0.5,9.85,-22.83,True
1.02,0.02,0.95,0.2,0.2,0.75,0.25,9.28,-20.88,True
1.02,0.02,0.95,0.2,0.2,1.0,0.0,8.68,-18.72,True
1.02,0.02,0.95,0.2,0.3,0.0,1.0,11.36,-25.73,True
1.02,0.02,0.95,0.2,0.3,0.25,0.75,10.86,-24.2,True
1.02,0.02,0.95,0.2,0.3,0.5,0.5,10.35,-22.52,True
1.02,0.02,0.95,0.2,0.3,0.75,0.25,9.84,-20.69,True
1.02,0.02,0.95,0.2,0.3,1.0,0.0,9.34,-18.72,True
1.02,0.02,0.95,0.3,0.0,0.0,1.0,11.78,-26.93,True
1.02,0.02,0.95,0.3,0.0,0.25,0.75,11.02,-25.35,True
1.02,0.02,0.95,0.3,0.0,0.5,0.5,10.21,-23.5,True
1.02,0.02,0.95,0.3,0.0,0.75,0.25,9.35,-21.33,True
1.02,0.02,0.95,0.3,0.0,1.0,0.0,8.42,-18.74,True
1.02,0.02,0.95,0.3,0.1,0.0,1.0,12.02,-26.62,True
1.02,0.02,0.95,0.3,0.1,0.25,0.75,11.33,-25.04,True
1.02,0.02,0.95,0.3,0.1,0.5,0.5,10.6,-23.23,True
1.02,0.02,0.95,0.3,0.1,0.75,0.25,9.83,-21.14,True
1.02,0.02,0.95,0.3,0.1,1.0,0.0,9.02,-18.74,True
1.02,0.02,0.95,0.3,0.2,0.0,1.0,12.24,-26.31,True
1.02,0.02,0.95,0.3,0.2,0.25,0.75,11.6,-24.74,True
1.02,0.02,0.95,0.3,0.2,0.5,0.5,10.93,-22.96,True
1.02,0.02,0.95,0.3,0.2,0.75,0.25,10.24,-20.96,True
1.02,0.02,0.95,0.3,0.2,1.0,0.0,9.54,-18.73,True
1.02,0.02,0.95,0.3,0.3,0.0,1.0,12.49,-26.01,True
1.02,0.02,0.95,0.3,0.3,0.25,0.75,11.89,-24.44,True
1.02,0.02,0.95,0.3,0.3,0.5,0.5,11.27,-22.71,True
1.02,0.02,0.95,0.3,0.3,0.75,0.25,10.64,-20.79,True
1.02,0.02,0.95,0.3,0.3,1.0,0.0,10.01,-18.72,True
1.02,0.02,0.95,0.4,0.0,0.0,1.0,12.85,-26.93,True
1.02,0.02,0.95,0.4,0.0,0.25,0.75,12.06,-25.33,True
1.02,0.02,0.95,0.4,0.0,0.5,0.5,11.21,-23.48,True
1.02,0.02,0.95,0.4,0.0,0.75,0.25,10.29,-21.31,True
1.02,0.02,0.95,0.4,0.0,1.0,0.0,9.3,-18.74,True
1.02,0.02,0.95,0.4,0.1,0.0,1.0,13.08,-26.69,True
1.02,0.02,0.95,0.4,0.1,0.25,0.75,12.33,-25.09,True
1.02,0.02,0.95,0.4,0.1,0.5,0.5,11.53,-23.26,True
1.02,0.02,0.95,0.4,0.1,0.75,0.25,10.69,-21.16,True
1.02,0.02,0.95,0.4,0.1,1.0,0.0,9.8,-18.74,True
1.02,0.02,0.95,0.4,0.2,0.0,1.0,13.24,-26.45,True
1.02,0.02,0.95,0.4,0.2,0.25,0.75,12.54,-24.85,True
1.02,0.02,0.95,0.4,0.2,0.5,0.5,11.8,-23.04,True
1.02,0.02,0.95,0.4,0.2,0.75,0.25,11.03,-21.01,True
1.02,0.02,0.95,0.4,0.2,1.0,0.0,10.24,-18.73,True
1.02,0.02,0.95,0.4,0.3,0.0,1.0,13.12,-26.15,True
1.02,0.02,0.95,0.4,0.3,0.25,0.75,12.49,-24.56,True
1.02,0.02,0.95,0.4,0.3,0.5,0.5,11.87,-22.8,True
1.02,0.02,0.95,0.4,0.3,0.75,0.25,11.22,-20.85,True
1.02,0.02,0.95,0.4,0.3,1.0,0.0,10.54,-18.72,True
1.02,0.02,0.97,0.1,0.0,0.0,1.0,4.12,-23.38,True
1.02,0.02,0.97,0.1,0.0,0.25,0.75,3.82,-21.9,True
1.02,0.02,0.97,0.1,0.0,0.5,0.5,3.52,-20.23,True
1.02,0.02,0.97,0.1,0.0,0.75,0.25,3.21,-18.34,True
1.02,0.02,0.97,0.1,0.0,1.0,0.0,2.89,-16.16,True
1.02,0.02,0.97,0.1,0.1,0.0,1.0,6.04,-22.61,True
1.02,0.02,0.97,0.1,0.1,0.25,0.75,5.79,-21.36,True
1.02,0.02,0.97,0.1,0.1,0.5,0.5,5.55,-19.97,True
1.02,0.02,0.97,0.1,0.1,0.75,0.25,5.3,-18.44,True
1.02,0.02,0.97,0.1,0.1,1.0,0.0,5.04,-16.71,True
1.02,0.02,0.97,0.1,0.2,0.0,1.0,7.26,-22.04,True
1.02,0.02,0.97,0.1,0.2,0.25,0.75,7.06,-20.96,True
1.02,0.02,0.97,0.1,0.2,0.5,0.5,6.85,-19.78,True
1.02,0.02,0.97,0.1,0.2,0.75,0.25,6.65,-18.49,True
1.02,0.02,0.97,0.1,0.2,1.0,0.0,6.44,-17.08,True
1.02,0.02,0.97,0.1,0.3,0.0,1.0,8.3,-21.64,True
1.02,0.02,0.97,0.1,0.3,0.25,0.75,8.12,-20.67,True
1.02,0.02,0.97,0.1,0.3,0.5,0.5,7.93,-19.64,True
1.02,0.02,0.97,0.1,0.3,0.75,0.25,7.75,-18.53,True
1.02,0.02,0.97,0.1,0.3,1.0,0.0,7.57,-17.33,True
1.02,0.02,0.97,0.2,0.0,0.0,1.0,7.02,-23.38,True
1.02,0.02,0.97,0.2,0.0,0.25,0.75,6.55,-21.96,True
1.02,0.02,0.97,0.2,0.0,0.5,0.5,6.07,-20.33,True
1.02,0.02,0.97,0.2,0.0,0.75,0.25,5.56,-18.42,True
1.02,0.02,0.97,0.2,0.0,1.0,0.0,5.04,-16.16,True
1.02,0.02,0.97,0.2,0.1,0.0,1.0,8.32,-22.9,True
1.02,0.02,0.97,0.2,0.1,0.25,0.75,7.93,-21.6,True
1.02,0.02,0.97,0.2,0.1,0.5,0.5,7.52,-20.14,True
1.02,0.02,0.97,0.2,0.1,0.75,0.25,7.1,-18.47,True
1.02,0.02,0.97,0.2,0.1,1.0,0.0,6.67,-16.56,True
1.02,0.02,0.97,0.2,0.2,0.0,1.0,9.04,-22.47,True
1.02,0.02,0.97,0.2,0.2,0.25,0.75,8.69,-21.27,True
1.02,0.02,0.97,0.2,0.2,0.5,0.5,8.34,-19.94,True
1.02,0.02,0.97,0.2,0.2,0.75,0.25,7.98,-18.5,True
1.02,0.02,0.97,0.2,0.2,1.0,0.0,7.61,-16.9,True
1.02,0.02,0.97,0.2,0.3,0.0,1.0,9.6,-22.07,True
1.02,0.02,0.97,0.2,0.3,0.25,0.75,9.3,-20.96,True
1.02,0.02,0.97,0.2,0.3,0.5,0.5,8.99,-19.77,True
1.02,0.02,0.97,0.2,0.3,0.75,0.25,8.69,-18.51,True
1.02,0.02,0.97,0.2,0.3,1.0,0.0,8.39,-17.19,True
1.02,0.02,0.97,0.3,0.0,0.0,1.0,8.74,-23.38,True
1.02,0.02,0.97,0.3,0.0,0.25,0.75,8.16,-21.98,True
1.02,0.02,0.97,0.3,0.0,0.5,0.5,7.57,-20.35,True
1.02,0.02,0.97,0.3,0.0,0.75,0.25,6.95,-18.44,True
1.02,0.02,0.97,0.3,0.0,1.0,0.0,6.31,-16.16,True
1.02,0.02,0.97,0.3,0.1,0.0,1.0,9.37,-22.98,True
1.02,0.02,0.97,0.3,0.1,0.25,0.75,8.87,-21.65,True
1.02,0.02,0.97,0.3,0.1,0.5,0.5,8.36,-20.16,True
1.02,0.02,0.97,0.3,0.1,0.75,0.25,7.85,-18.46,True
1.02,0.02,0.97,0.3,0.1,1.0,0.0,7.33,-16.53,True
1.02,0.02,0.97,0.3,0.2,0.0,1.0,9.86,-22.61,True
1.02,0.02,0.97,0.3,0.2,0.25,0.75,9.43,-21.36,True
1.02,0.02,0.97,0.3,0.2,0.5,0.5,8.99,-19.98,True
1.02,0.02,0.97,0.3,0.2,0.75,0.25,8.56,-18.47,True
1.02,0.02,0.97,0.3,0.2,1.0,0.0,8.13,-16.83,True
1.02,0.02,0.97,0.3,0.3,0.0,1.0,10.33,-22.28,True
1.02,0.02,0.97,0.3,0.3,0.25,0.75,9.95,-21.09,True
1.02,0.02,0.97,0.3,0.3,0.5,0.5,9.57,-19.83,True
1.02,0.02,0.97,0.3,0.3,0.75,0.25,9.21,-18.49,True
1.02,0.02,0.97,0.3,0.3,1.0,0.0,8.86,-17.08,True
1.02,0.02,0.97,0.4,0.0,0.0,1.0,9.63,-23.38,True
1.02,0.02,0.97,0.4,0.0,0.25,0.75,9.01,-21.97,True
1.02,0.02,0.97,0.4,0.0,0.5,0.5,8.36,-20.34,True
1.02,0.02,0.97,0.4,0.0,0.75,0.25,7.69,-18.43,True
1.02,0.02,0.97,0.4,0.0,1.0,0.0,6.98,-16.16,True
1.02,0.02,0.97,0.4,0.1,0.0,1.0,10.15,-23.04,True
1.02,0.02,0.97,0.4,0.1,0.25,0.75,9.6,-21.69,True
1.02,0.02,0.97,0.4,0.1,0.5,0.5,9.03,-20.16,True
1.02,0.02,0.97,0.4,0.1,0.75,0.25,8.45,-18.44,True
1.02,0.02,0.97,0.4,0.1,1.0,0.0,7.87,-16.49,True
1.02,0.02,0.97,0.4,0.2,0.0,1.0,10.61,-22.73,True
1.02,0.02,0.97,0.4,0.2,0.25,0.75,10.13,-21.43,True
1.02,0.02,0.97,0.4,0.2,0.5,0.5,9.63,-20.01,True
1.02,0.02,0.97,0.4,0.2,0.75,0.25,9.13,-18.46,True
1.02,0.02,0.97,0.4,0.2,1.0,0.0,8.63,-16.76,True
1.02,0.02,0.97,0.4,0.3,0.0,1.0,10.93,-22.42,True
1.02,0.02,0.97,0.4,0.3,0.25,0.75,10.49,-21.19,True
1.02,0.02,0.97,0.4,0.3,0.5,0.5,10.05,-19.87,True
1.02,0.02,0.97,0.4,0.3,0.75,0.25,9.62,-18.47,True
1.02,0.02,0.97,0.4,0.3,1.0,0.0,9.2,-17.0,True
1.02,0.02,0.99,0.1,0.0,0.0,1.0,3.54,-18.59,True
1.02,0.02,0.99,0.1,0.0,0.25,0.75,3.27,-17.37,True
1.02,0.02,0.99,0.1,0.0,0.5,0.5,3.0,-16.01,True
1.02,0.02,0.99,0.1,0.0,0.75,0.25,2.72,-14.46,True
1.02,0.02,0.99,0.1,0.0,1.0,0.0,2.42,-12.68,True
1.02,0.02,0.99,0.1,0.1,0.0,1.0,5.44,-18.6,True
1.02,0.02,0.99,0.1,0.1,0.25,0.75,5.24,-17.66,True
1.02,0.02,0.99,0.1,0.1,0.5,0.5,5.03,-16.62,True
1.02,0.02,0.99,0.1,0.1,0.75,0.25,4.81,-15.46,True
1.02,0.02,0.99,0.1,0.1,1.0,0.0,4.59,-14.16,True
1.02,0.02,0.99,0.1,0.2,0.0,1.0,6.69,-18.61,True
1.02,0.02,0.99,0.1,0.2,0.25,0.75,6.53,-17.85,True
1.02,0.02,0.99,0.1,0.2,0.5,0.5,6.35,-17.03,True
1.02,0.02,0.99,0.1,0.2,0.75,0.25,6.18,-16.13,True
1.02,0.02,0.99,0.1,0.2,1.0,0.0,6.0,-15.14,True
1.02,0.02,0.99,0.1,0.3,0.0,1.0,7.72,-18.61,True
1.02,0.02,0.99,0.1,0.3,0.25,0.75,7.57,-18.0,True
1.02,0.02,0.99,0.1,0.3,0.5,0.5,7.42,-17.34,True
1.02,0.02,0.99,0.1,0.3,0.75,0.25,7.27,-16.62,True
1.02,0.02,0.99,0.1,0.3,1.0,0.0,7.11,-15.85,True
1.02,0.02,0.99,0.2,0.0,0.0,1.0,5.14,-21.65,True
1.02,0.02,0.99,0.2,0.0,0.25,0.75,4.79,-20.1,True
1.02,0.02,0.99,0.2,0.0,0.5,0.5,4.43,-18.46,True
1.02,0.02,0.99,0.2,0.0,0.75,0.25,4.04,-16.72,True
1.02,0.02,0.99,0.2,0.0,1.0,0.0,3.64,-14.86,True
1.02,0.02,0.99,0.2,0.1,0.0,1.0,6.47,-19.67,True
1.02,0.02,0.99,0.2,0.1,0.25,0.75,6.2,-18.11,True
1.02,0.02,0.99,0.2,0.1,0.5,0.5,5.93,-16.58,True
1.02,0.02,0.99,0.2,0.1,0.75,0.25,5.63,-15.37,True
1.02,0.02,0.99,0.2,0.1,1.0,0.0,5.32,-13.99,True
1.02,0.02,0.99,0.2,0.2,0.0,1.0,7.26,-18.6,True
1.02,0.02,0.99,0.2,0.2,0.25,0.75,7.07,-17.82,True
1.02,0.02,0.99,0.2,0.2,0.5,0.5,6.87,-16.97,True
1.02,0.02,0.99,0.2,0.2,0.75,0.25,6.68,-16.05,True
1.02,0.02,0.99,0.2,0.2,1.0,0.0,6.45,-15.02,True
1.02,0.02,0.99,0.2,0.3,0.0,1.0,7.92,-18.61,True
1.02,0.02,0.99,0.2,0.3,0.25,0.75,7.78,-17.97,True
1.02,0.02,0.99,0.2,0.3,0.5,0.5,7.65,-17.3,True
1.02,0.02,0.99,0.2,0.3,0.75,0.25,7.52,-16.6,True
1.02,0.02,0.99,0.2,0.3,1.0,0.0,7.39,-15.86,True
1.02,0.02,0.99,0.3,0.0,0.0,1.0,5.78,-24.72,True
1.02,0.02,0.99,0.3,0.0,0.25,0.75,5.41,-22.98,True
1.02,0.02,0.99,0.3,0.0,0.5,0.5,5.01,-21.14,True
1.02,0.02,0.99,0.3,0.0,0.75,0.25,4.59,-19.18,True
1.02,0.02,0.99,0.3,0.0,1.0,0.0,4.15,-17.08,True
1.02,0.02,0.99,0.3,0.1,0.0,1.0,6.64,-23.03,True
1.02,0.02,0.99,0.3,0.1,0.25,0.75,6.37,-21.26,True
1.02,0.02,0.99,0.3,0.1,0.5,0.5,6.09,-19.39,True
1.02,0.02,0.99,0.3,0.1,0.75,0.25,5.81,-17.4,True
1.02,0.02,0.99,0.3,0.1,1.0,0.0,5.52,-15.29,True
1.02,0.02,0.99,0.3,0.2,0.0,1.0,7.37,-21.21,True
1.02,0.02,0.99,0.3,0.2,0.25,0.75,7.18,-19.4,True
1.02,0.02,0.99,0.3,0.2,0.5,0.5,6.99,-17.49,True
1.02,0.02,0.99,0.3,0.2,0.75,0.25,6.8,-15.98,True
1.02,0.02,0.99,0.3,0.2,1.0,0.0,6.61,-14.96,True
1.02,0.02,0.99,0.3,0.3,0.0,1.0,8.1,-19.18,True
1.02,0.02,0.99,0.3,0.3,0.25,0.75,7.96,-17.94,True
1.02,0.02,0.99,0.3,0.3,0.5,0.5,7.82,-17.23,True
1.02,0.02,0.99,0.3,0.3,0.75,0.25,7.68,-16.49,True
1.02,0.02,0.99,0.3,0.3,1.0,0.0,7.54,-15.72,True
1.02,0.02,0.99,0.4,0.0,0.0,1.0,5.99,-27.18,True
1.02,0.02,0.99,0.4,0.0,0.25,0.75,5.63,-25.29,True
1.02,0.02,0.99,0.4,0.0,0.5,0.5,5.24,-23.28,True
1.02,0.02,0.99,0.4,0.0,0.75,0.25,4.82,-21.14,True
1.02,0.02,0.99,0.4,0.0,1.0,0.0,4.38,-18.85,True
1.02,0.02,0.99,0.4,0.1,0.0,1.0,6.79,-25.43,True
1.02,0.02,0.99,0.4,0.1,0.25,0.75,6.53,-23.5,True
1.02,0.02,0.99,0.4,0.1,0.5,0.5,6.26,-21.46,True
1.02,0.02,0.99,0.4,0.1,0.75,0.25,5.98,-19.3,True
1.02,0.02,0.99,0.4,0.1,1.0,0.0,5.69,-16.99,True
1.02,0.02,0.99,0.4,0.2,0.0,1.0,7.55,-23.64,True
1.02,0.02,0.99,0.4,0.2,0.25,0.75,7.36,-21.68,True
1.02,0.02,0.99,0.4,0.2,0.5,0.5,7.16,-19.63,True
1.02,0.02,0.99,0.4,0.2,0.75,0.25,6.96,-17.45,True
1.02,0.02,0.99,0.4,0.2,1.0,0.0,6.75,-15.14,True
1.02,0.02,0.99,0.4,0.3,0.0,1.0,8.09,-21.51,True
1.02,0.02,0.99,0.4,0.3,0.25,0.75,7.96,-19.46,True
1.02,0.02,0.99,0.4,0.3,0.5,0.5,7.83,-17.32,True
1.02,0.02,0.99,0.4,0.3,0.75,0.25,7.68,-16.48,True
1.02,0.02,0.99,0.4,0.3,1.0,0.0,7.53,-15.71,True
1.02,0.02,1.0,0.1,0.0,0.0,1.0,1.5,-11.6,True
1.02,0.02,1.0,0.1,0.0,0.25,0.75,1.39,-10.63,True
1.02,0.02,1.0,0.1,0.0,0.5,0.5,1.28,-9.62,True
1.02,0.02,1.0,0.1,0.0,0.75,0.25,1.16,-8.58,True
1.02,0.02,1.0,0.1,0.0,1.0,0.0,1.05,-7.49,True
1.02,0.02,1.0,0.1,0.1,0.0,1.0,4.0,-10.36,True
1.02,0.02,1.0,0.1,0.1,0.25,0.75,3.92,-9.37,True
1.02,0.02,1.0,0.1,0.1,0.5,0.5,3.83,-8.34,True
1.02,0.02,1.0,0.1,0.1,0.75,0.25,3.75,-7.74,True
1.02,0.02,1.0,0.1,0.1,1.0,0.0,3.66,-7.7,True
1.02,0.02,1.0,0.1,0.2,0.0,1.0,5.67,-11.16,True
1.02,0.02,1.0,0.1,0.2,0.25,0.75,5.6,-11.14,True
1.02,0.02,1.0,0.1,0.2,0.5,0.5,5.52,-11.13,True
1.02,0.02,1.0,0.1,0.2,0.75,0.25,5.45,-11.12,True
1.02,0.02,1.0,0.1,0.2,1.0,0.0,5.38,-11.12,True
1.02,0.02,1.0,0.1,0.3,0.0,1.0,6.91,-13.9,True
1.02,0.02,1.0,0.1,0.3,0.25,0.75,6.85,-13.88,True
1.02,0.02,1.0,0.1,0.3,0.5,0.5,6.78,-13.85,True
1.02,0.02,1.0,0.1,0.3,0.75,0.25,6.72,-13.83,True
1.02,0.02,1.0,0.1,0.3,1.0,0.0,6.65,-13.81,True
1.02,0.02,1.0,0.2,0.0,0.0,1.0,2.65,-16.92,True
1.02,0.02,1.0,0.2,0.0,0.25,0.75,2.48,-15.68,True
1.02,0.02,1.0,0.2,0.0,0.5,0.5,2.3,-14.36,True
1.02,0.02,1.0,0.2,0.0,0.75,0.25,2.11,-12.96,True
1.02,0.02,1.0,0.2,0.0,1.0,0.0,1.92,-11.46,True
1.02,0.02,1.0,0.2,0.1,0.0,1.0,4.79,-15.11,True
1.02,0.02,1.0,0.2,0.1,0.25,0.75,4.68,-13.85,True
1.02,0.02,1.0,0.2,0.1,0.5,0.5,4.56,-12.52,True
1.02,0.02,1.0,0.2,0.1,0.75,0.25,4.42,-11.13,True
1.02,0.02,1.0,0.2,0.1,1.0,0.0,4.28,-9.66,True
1.02,0.02,1.0,0.2,0.2,0.0,1.0,6.13,-13.3,True
1.02,0.02,1.0,0.2,0.2,0.25,0.75,6.05,-12.03,True
1.02,0.02,1.0,0.2,0.2,0.5,0.5,5.98,-11.92,True
1.02,0.02,1.0,0.2,0.2,0.75,0.25,5.9,-11.88,True
1.02,0.02,1.0,0.2,0.2,1.0,0.0,5.79,-11.77,True
1.02,0.02,1.0,0.2,0.3,0.0,1.0,7.12,-14.53,True
1.02,0.02,1.0,0.2,0.3,0.25,0.75,7.07,-14.47,True
1.02,0.02,1.0,0.2,0.3,0.5,0.5,7.02,-14.41,True
1.02,0.02,1.0,0.2,0.3,0.75,0.25,6.98,-14.35,True
1.02,0.02,1.0,0.2,0.3,1.0,0.0,6.93,-14.29,True
1.02,0.02,1.0,0.3,0.0,0.0,1.0,3.25,-19.09,True
1.02,0.02,1.0,0.3,0.0,0.25,0.75,3.05,-17.71,True
1.02,0.02,1.0,0.3,0.0,0.5,0.5,2.85,-16.24,True
1.02,0.02,1.0,0.3,0.0,0.75,0.25,2.64,-14.68,True
1.02,0.02,1.0,0.3,0.0,1.0,0.0,2.41,-13.01,True
1.02,0.02,1.0,0.3,0.1,0.0,1.0,4.96,-17.52,True
1.02,0.02,1.0,0.3,0.1,0.25,0.75,4.84,-16.11,True
1.02,0.02,1.0,0.3,0.1,0.5,0.5,4.73,-14.61,True
1.02,0.02,1.0,0.3,0.1,0.75,0.25,4.61,-13.03,True
1.02,0.02,1.0,0.3,0.1,1.0,0.0,4.48,-11.34,True
1.02,0.02,1.0,0.3,0.2,0.0,1.0,6.16,-15.93,True
1.02,0.02,1.0,0.3,0.2,0.25,0.75,6.09,-14.49,True
1.02,0.02,1.0,0.3,0.2,0.5,0.5,6.02,-13.09,True
1.02,0.02,1.0,0.3,0.2,0.75,0.25,5.95,-12.91,True
1.02,0.02,1.0,0.3,0.2,1.0,0.0,5.88,-12.75,True
1.02,0.02,1.0,0.3,0.3,0.0,1.0,7.14,-15.95,True
1.02,0.02,1.0,0.3,0.3,0.25,0.75,7.1,-15.74,True
1.02,0.02,1.0,0.3,0.3,0.5,0.5,7.05,-15.54,True
1.02,0.02,1.0,0.3,0.3,0.75,0.25,7.0,-15.34,True
1.02,0.02,1.0,0.3,0.3,1.0,0.0,6.95,-15.16,True
1.02,0.02,1.0,0.4,0.0,0.0,1.0,3.4,-21.25,True
1.02,0.02,1.0,0.4,0.0,0.25,0.75,3.21,-19.73,True
1.02,0.02,1.0,0.4,0.0,0.5,0.5,3.02,-18.11,True
1.02,0.02,1.0,0.4,0.0,0.75,0.25,2.81,-16.4,True
1.02,0.02,1.0,0.4,0.0,1.0,0.0,2.59,-14.56,True
1.02,0.02,1.0,0.4,0.1,0.0,1.0,4.97,-19.86,True
1.02,0.02,1.0,0.4,0.1,0.25,0.75,4.87,-18.3,True
1.02,0.02,1.0,0.4,0.1,0.5,0.5,4.77,-16.65,True
1.02,0.02,1.0,0.4,0.1,0.75,0.25,4.65,-14.89,True
1.02,0.02,1.0,0.4,0.1,1.0,0.0,4.54,-13.02,True
1.02,0.02,1.0,0.4,0.2,0.0,1.0,6.18,-18.44,True
1.02,0.02,1.0,0.4,0.2,0.25,0.75,6.12,-16.85,True
1.02,0.02,1.0,0.4,0.2,0.5,0.5,6.06,-15.17,True
1.02,0.02,1.0,0.4,0.2,0.75,0.25,6.0,-13.94,True
1.02,0.02,1.0,0.4,0.2,1.0,0.0,5.92,-13.64,True
1.02,0.02,1.0,0.4,0.3,0.0,1.0,7.03,-17.47,True
1.02,0.02,1.0,0.4,0.3,0.25,0.75,7.01,-17.01,True
1.02,0.02,1.0,0.4,0.3,0.5,0.5,6.98,-16.57,True
1.02,0.02,1.0,0.4,0.3,0.75,0.25,6.95,-16.15,True
1.02,0.02,1.0,0.4,0.3,1.0,0.0,6.92,-15.76,True
1.02,0.02,1.01,0.1,0.0,0.0,1.0,1.69,-10.08,True
1.02,0.02,1.01,0.1,0.0,0.25,0.75,1.56,-9.24,True
1.02,0.02,1.01,0.1,0.0,0.5,0.5,1.42,-8.37,True
1.02,0.02,1.01,0.1,0.0,0.75,0.25,1.29,-7.46,True
1.02,0.02,1.01,0.1,0.0,1.0,0.0,1.15,-6.52,True
1.02,0.02,1.01,0.1,0.1,0.0,1.0,4.12,-8.88,True
1.02,0.02,1.01,0.1,0.1,0.25,0.75,4.02,-8.02,True
1.02,0.02,1.01,0.1,0.1,0.5,0.5,3.91,-7.13,True
1.02,0.02,1.01,0.1,0.1,0.75,0.25,3.81,-6.3,True
1.02,0.02,1.01,0.1,0.1,1.0,0.0,3.71,-6.43,True
1.02,0.02,1.01,0.1,0.2,0.0,1.0,5.75,-9.42,True
1.02,0.02,1.01,0.1,0.2,0.25,0.75,5.67,-9.42,True
1.02,0.02,1.01,0.1,0.2,0.5,0.5,5.58,-9.51,True
1.02,0.02,1.01,0.1,0.2,0.75,0.25,5.49,-9.67,True
1.02,0.02,1.01,0.1,0.2,1.0,0.0,5.4,-9.83,True
1.02,0.02,1.01,0.1,0.3,0.0,1.0,6.98,-13.62,True
1.02,0.02,1.01,0.1,0.3,0.25,0.75,6.9,-13.62,True
1.02,0.02,1.01,0.1,0.3,0.5,0.5,6.82,-13.61,True
1.02,0.02,1.01,0.1,0.3,0.75,0.25,6.74,-13.61,True
1.02,0.02,1.01,0.1,0.3,1.0,0.0,6.66,-13.61,True
1.02,0.02,1.01,0.2,0.0,0.0,1.0,2.96,-15.14,True
1.02,0.02,1.01,0.2,0.0,0.25,0.75,2.74,-14.02,True
1.02,0.02,1.01,0.2,0.0,0.5,0.5,2.52,-12.84,True
1.02,0.02,1.01,0.2,0.0,0.75,0.25,2.3,-11.59,True
1.02,0.02,1.01,0.2,0.0,1.0,0.0,2.07,-10.26,True
1.02,0.02,1.01,0.2,0.1,0.0,1.0,4.96,-13.53,True
1.02,0.02,1.01,0.2,0.1,0.25,0.75,4.82,-12.39,True
1.02,0.02,1.01,0.2,0.1,0.5,0.5,4.68,-11.18,True
1.02,0.02,1.01,0.2,0.1,0.75,0.25,4.51,-9.93,True
1.02,0.02,1.01,0.2,0.1,1.0,0.0,4.34,-8.61,True
1.02,0.02,1.01,0.2,0.2,0.0,1.0,6.24,-11.93,True
1.02,0.02,1.01,0.2,0.2,0.25,0.75,6.14,-10.77,True
1.02,0.02,1.01,0.2,0.2,0.5,0.5,6.04,-9.54,True
1.02,0.02,1.01,0.2,0.2,0.75,0.25,5.95,-9.39,True
1.02,0.02,1.01,0.2,0.2,1.0,0.0,5.82,-9.41,True
1.02,0.02,1.01,0.2,0.3,0.0,1.0,7.19,-12.83,True
1.02,0.02,1.01,0.2,0.3,0.25,0.75,7.12,-13.0,True
1.02,0.02,1.01,0.2,0.3,0.5,0.5,7.05,-13.18,True
1.02,0.02,1.01,0.2,0.3,0.75,0.25,6.98,-13.36,True
1.02,0.02,1.01,0.2,0.3,1.0,0.0,6.92,-13.55,True
1.02,0.02,1.01,0.3,0.0,0.0,1.0,3.57,-17.35,True
1.02,0.02,1.01,0.3,0.0,0.25,0.75,3.34,-16.09,True
1.02,0.02,1.01,0.3,0.0,0.5,0.5,3.09,-14.75,True
1.02,0.02,1.01,0.3,0.0,0.75,0.25,2.83,-13.34,True
1.02,0.02,1.01,0.3,0.0,1.0,0.0,2.56,-11.83,True
1.02,0.02,1.01,0.3,0.1,0.0,1.0,5.15,-15.99,True
1.02,0.02,1.01,0.3,0.1,0.25,0.75,5.0,-14.69,True
1.02,0.02,1.01,0.3,0.1,0.5,0.5,4.85,-13.31,True
1.02,0.02,1.01,0.3,0.1,0.75,0.25,4.69,-11.86,True
1.02,0.02,1.01,0.3,0.1,1.0,0.0,4.53,-10.32,True
1.02,0.02,1.01,0.3,0.2,0.0,1.0,6.26,-14.62,True
1.02,0.02,1.01,0.3,0.2,0.25,0.75,6.16,-13.28,True
1.02,0.02,1.01,0.3,0.2,0.5,0.5,6.07,-11.87,True
1.02,0.02,1.01,0.3,0.2,0.75,0.25,5.97,-10.39,True
1.02,0.02,1.01,0.3,0.2,1.0,0.0,5.87,-9.26,True
1.02,0.02,1.01,0.3,0.3,0.0,1.0,7.17,-13.24,True
1.02,0.02,1.01,0.3,0.3,0.25,0.75,7.11,-12.09,True
1.02,0.02,1.01,0.3,0.3,0.5,0.5,7.04,-12.32,True
1.02,0.02,1.01,0.3,0.3,0.75,0.25,6.98,-12.56,True
1.02,0.02,1.01,0.3,0.3,1.0,0.0,6.92,-12.82,True
1.02,0.02,1.01,0.4,0.0,0.0,1.0,3.74,-19.56,True
1.02,0.02,1.01,0.4,0.0,0.25,0.75,3.51,-18.15,True
1.02,0.02,1.01,0.4,0.0,0.5,0.5,3.27,-16.66,True
1.02,0.02,1.01,0.4,0.0,0.75,0.25,3.01,-15.08,True
1.02,0.02,1.01,0.4,0.0,1.0,0.0,2.73,-13.4,True
1.02,0.02,1.01,0.4,0.1,0.0,1.0,5.15,-18.38,True
1.02,0.02,1.01,0.4,0.1,0.25,0.75,5.01,-16.92,True
1.02,0.02,1.01,0.4,0.1,0.5,0.5,4.87,-15.38,True
1.02,0.02,1.01,0.4,0.1,0.75,0.25,4.72,-13.76,True
1.02,0.02,1.01,0.4,0.1,1.0,0.0,4.56,-12.03,True
1.02,0.02,1.01,0.4,0.2,0.0,1.0,6.23,-17.17,True
1.02,0.02,1.01,0.4,0.2,0.25,0.75,6.14,-15.67,True
1.02,0.02,1.01,0.4,0.2,0.5,0.5,6.05,-14.09,True
1.02,0.02,1.01,0.4,0.2,0.75,0.25,5.96,-12.42,True
1.02,0.02,1.01,0.4,0.2,1.0,0.0,5.87,-10.66,True
1.02,0.02,1.01,0.4,0.3,0.0,1.0,7.07,-15.82,True
1.02,0.02,1.01,0.4,0.3,0.25,0.75,7.03,-14.27,True
1.02,0.02,1.01,0.4,0.3,0.5,0.5,6.98,-12.57,True
1.02,0.02,1.01,0.4,0.3,0.75,0.25,6.94,-12.2,True
1.02,0.02,1.01,0.4,0.3,1.0,0.0,6.89,-12.47,True
1.02,0.02,1.02,0.1,0.0,0.0,1.0,1.47,-10.08,True
1.02,0.02,1.02,0.1,0.0,0.25,0.75,1.36,-9.24,True
1.02,0.02,1.02,0.1,0.0,0.5,0.5,1.24,-8.37,True
1.02,0.02,1.02,0.1,0.0,0.75,0.25,1.12,-7.46,True
1.02,0.02,1.02,0.1,0.0,1.0,0.0,1.0,-6.52,True
1.02,0.02,1.02,0.1,0.1,0.0,1.0,4.06,-8.76,True
1.02,0.02,1.02,0.1,0.1,0.25,0.75,3.98,-7.9,True
1.02,0.02,1.02,0.1,0.1,0.5,0.5,3.9,-7.0,True
1.02,0.02,1.02,0.1,0.1,0.75,0.25,3.81,-6.7,True
1.02,0.02,1.02,0.1,0.1,1.0,0.0,3.73,-6.84,True
1.02,0.02,1.02,0.1,0.2,0.0,1.0,5.73,-10.19,True
1.02,0.02,1.02,0.1,0.2,0.25,0.75,5.67,-10.18,True
1.02,0.02,1.02,0.1,0.2,0.5,0.5,5.6,-10.18,True
1.02,0.02,1.02,0.1,0.2,0.75,0.25,5.53,-10.18,True
1.02,0.02,1.02,0.1,0.2,1.0,0.0,5.46,-10.25,True
1.02,0.02,1.02,0.1,0.3,0.0,1.0,6.95,-14.55,True
1.02,0.02,1.02,0.1,0.3,0.25,0.75,6.89,-14.54,True
1.02,0.02,1.02,0.1,0.3,0.5,0.5,6.83,-14.54,True
1.02,0.02,1.02,0.1,0.3,0.75,0.25,6.77,-14.54,True
1.02,0.02,1.02,0.1,0.3,1.0,0.0,6.72,-14.53,True
1.02,0.02,1.02,0.2,0.0,0.0,1.0,2.56,-15.14,True
1.02,0.02,1.02,0.2,0.0,0.25,0.75,2.37,-14.02,True
1.02,0.02,1.02,0.2,0.0,0.5,0.5,2.18,-12.84,True
1.02,0.02,1.02,0.2,0.0,0.75,0.25,1.99,-11.59,True
1.02,0.02,1.02,0.2,0.0,1.0,0.0,1.79,-10.26,True
1.02,0.02,1.02,0.2,0.1,0.0,1.0,4.73,-13.3,True
1.02,0.02,1.02,0.2,0.1,0.25,0.75,4.6,-12.19,True
1.02,0.02,1.02,0.2,0.1,0.5,0.5,4.47,-11.01,True
1.02,0.02,1.02,0.2,0.1,0.75,0.25,4.34,-9.76,True
1.02,0.02,1.02,0.2,0.1,1.0,0.0,4.2,-8.44,True
1.02,0.02,1.02,0.2,0.2,0.0,1.0,6.08,-11.45,True
1.02,0.02,1.02,0.2,0.2,0.25,0.75,5.99,-10.33,True
1.02,0.02,1.02,0.2,0.2,0.5,0.5,5.9,-10.19,True
1.02,0.02,1.02,0.2,0.2,0.75,0.25,5.81,-10.18,True
1.02,0.02,1.02,0.2,0.2,1.0,0.0,5.71,-10.18,True
1.02,0.02,1.02,0.2,0.3,0.0,1.0,7.08,-14.44,True
1.02,0.02,1.02,0.2,0.3,0.25,0.75,7.03,-14.5,True
1.02,0.02,1.02,0.2,0.3,0.5,0.5,6.97,-14.55,True
1.02,0.02,1.02,0.2,0.3,0.75,0.25,6.91,-14.54,True
1.02,0.02,1.02,0.2,0.3,1.0,0.0,6.84,-14.53,True
1.02,0.02,1.02,0.3,0.0,0.0,1.0,3.03,-17.35,True
1.02,0.02,1.02,0.3,0.0,0.25,0.75,2.82,-16.09,True
1.02,0.02,1.02,0.3,0.0,0.5,0.5,2.61,-14.75,True
1.02,0.02,1.02,0.3,0.0,0.75,0.25,2.39,-13.34,True
1.02,0.02,1.02,0.3,0.0,1.0,0.0,2.16,-11.83,True
1.02,0.02,1.02,0.3,0.1,0.0,1.0,4.82,-15.69,True
1.02,0.02,1.02,0.3,0.1,0.25,0.75,4.7,-14.41,True
1.02,0.02,1.02,0.3,0.1,0.5,0.5,4.58,-13.05,True
1.02,0.02,1.02,0.3,0.1,0.75,0.25,4.45,-11.62,True
1.02,0.02,1.02,0.3,0.1,1.0,0.0,4.32,-10.1,True
1.02,0.02,1.02,0.3,0.2,0.0,1.0,6.06,-14.02,True
1.02,0.02,1.02,0.3,0.2,0.25,0.75,5.98,-12.71,True
1.02,0.02,1.02,0.3,0.2,0.5,0.5,5.91,-11.35,True
1.02,0.02,1.02,0.3,0.2,0.75,0.25,5.83,-10.07,True
1.02,0.02,1.02,0.3,0.2,1.0,0.0,5.76,-10.13,True
1.02,0.02,1.02,0.3,0.3,0.0,1.0,7.04,-14.05,True
1.02,0.02,1.02,0.3,0.3,0.25,0.75,6.99,-14.13,True
1.02,0.02,1.02,0.3,0.3,0.5,0.5,6.95,-14.21,True
1.02,0.02,1.02,0.3,0.3,0.75,0.25,6.9,-14.29,True
1.02,0.02,1.02,0.3,0.3,1.0,0.0,6.85,-14.37,True
1.02,0.02,1.02,0.4,0.0,0.0,1.0,3.09,-19.56,True
1.02,0.02,1.02,0.4,0.0,0.25,0.75,2.9,-18.15,True
1.02,0.02,1.02,0.4,0.0,0.5,0.5,2.69,-16.66,True
1.02,0.02,1.02,0.4,0.0,0.75,0.25,2.47,-15.08,True
1.02,0.02,1.02,0.4,0.0,1.0,0.0,2.24,-13.4,True
1.02,0.02,1.02,0.4,0.1,0.0,1.0,4.77,-18.04,True
1.02,0.02,1.02,0.4,0.1,0.25,0.75,4.67,-16.6,True
1.02,0.02,1.02,0.4,0.1,0.5,0.5,4.55,-15.08,True
1.02,0.02,1.02,0.4,0.1,0.75,0.25,4.44,-13.47,True
1.02,0.02,1.02,0.4,0.1,1.0,0.0,4.31,-11.77,True
1.02,0.02,1.02,0.4,0.2,0.0,1.0,6.01,-16.5,True
1.02,0.02,1.02,0.4,0.2,0.25,0.75,5.94,-15.03,True
1.02,0.02,1.02,0.4,0.2,0.5,0.5,5.88,-13.49,True
1.02,0.02,1.02,0.4,0.2,0.75,0.25,5.81,-11.87,True
1.02,0.02,1.02,0.4,0.2,1.0,0.0,5.74,-10.15,True
1.02,0.02,1.02,0.4,0.3,0.0,1.0,6.96,-14.43,True
1.02,0.02,1.02,0.4,0.3,0.25,0.75,6.93,-13.92,True
1.02,0.02,1.02,0.4,0.3,0.5,0.5,6.9,-14.01,True
1.02,0.02,1.02,0.4,0.3,0.75,0.25,6.86,-14.1,True
1.02,0.02,1.02,0.4,0.3,1.0,0.0,6.83,-14.19,True
1.02,0.025,0.95,0.1,0.0,0.0,1.0,1.28,-14.58,True
1.02,0.025,0.95,0.1,0.0,0.25,0.75,1.2,-13.27,True
1.02,0.025,0.95,0.1,0.0,0.5,0.5,1.11,-11.87,True
1.02,0.025,0.95,0.1,0.0,0.75,0.25,1.02,-10.34,True
1.02,0.025,0.95,0.1,0.0,1.0,0.0,0.92,-8.67,True
1.02,0.025,0.95,0.1,0.1,0.0,1.0,3.09,-17.67,True
1.02,0.025,0.95,0.1,0.1,0.25,0.75,3.03,-16.57,True
1.02,0.025,0.95,0.1,0.1,0.5,0.5,2.96,-15.38,True
1.02,0.025,0.95,0.1,0.1,0.75,0.25,2.89,-14.1,True
1.02,0.025,0.95,0.1,0.1,1.0,0.0,2.82,-12.72,True
1.02,0.025,0.95,0.1,0.2,0.0,1.0,4.4,-19.62,True
1.02,0.025,0.95,0.1,0.2,0.25,0.75,4.35,-18.64,True
1.02,0.025,0.95,0.1,0.2,0.5,0.5,4.29,-17.58,True
1.02,0.025,0.95,0.1,0.2,0.75,0.25,4.23,-16.45,True
1.02,0.025,0.95,0.1,0.2,1.0,0.0,4.16,-15.23,True
1.02,0.025,0.95,0.1,0.3,0.0,1.0,5.48,-20.87,True
1.02,0.025,0.95,0.1,0.3,0.25,0.75,5.42,-19.96,True
1.02,0.025,0.95,0.1,0.3,0.5,0.5,5.36,-19.0,True
1.02,0.025,0.95,0.1,0.3,0.75,0.25,5.3,-17.96,True
1.02,0.025,0.95,0.1,0.3,1.0,0.0,5.24,-16.85,True
1.02,0.025,0.95,0.2,0.0,0.0,1.0,2.45,-21.51,True
1.02,0.025,0.95,0.2,0.0,0.25,0.75,2.3,-19.96,True
1.02,0.025,0.95,0.2,0.0,0.5,0.5,2.15,-18.22,True
1.02,0.025,0.95,0.2,0.0,0.75,0.25,1.99,-16.24,True
1.02,0.025,0.95,0.2,0.0,1.0,0.0,1.82,-13.98,True
1.02,0.025,0.95,0.2,0.1,0.0,1.0,4.17,-23.31,True
1.02,0.025,0.95,0.2,0.1,0.25,0.75,4.04,-21.95,True
1.02,0.025,0.95,0.2,0.1,0.5,0.5,3.9,-20.42,True
1.02,0.025,0.95,0.2,0.1,0.75,0.25,3.76,-18.7,True
1.02,0.025,0.95,0.2,0.1,1.0,0.0,3.61,-16.75,True
1.02,0.025,0.95,0.2,0.2,0.0,1.0,5.3,-24.54,True
1.02,0.025,0.95,0.2,0.2,0.25,0.75,5.18,-23.29,True
1.02,0.025,0.95,0.2,0.2,0.5,0.5,5.06,-21.9,True
1.02,0.025,0.95,0.2,0.2,0.75,0.25,4.94,-20.35,True
1.02,0.025,0.95,0.2,0.2,1.0,0.0,4.81,-18.59,True
1.02,0.025,0.95,0.2,0.3,0.0,1.0,5.96,-23.93,True
1.02,0.025,0.95,0.2,0.3,0.25,0.75,5.87,-22.79,True
1.02,0.025,0.95,0.2,0.3,0.5,0.5,5.78,-21.54,True
1.02,0.025,0.95,0.2,0.3,0.75,0.25,5.68,-20.18,True
1.02,0.025,0.95,0.2,0.3,1.0,0.0,5.58,-18.7,True
1.02,0.025,0.95,0.3,0.0,0.0,1.0,3.76,-25.57,True
1.02,0.025,0.95,0.3,0.0,0.25,0.75,3.54,-24.0,True
1.02,0.025,0.95,0.3,0.0,0.5,0.5,3.31,-22.18,True
1.02,0.025,0.95,0.3,0.0,0.75,0.25,3.06,-20.07,True
1.02,0.025,0.95,0.3,0.0,1.0,0.0,2.81,-17.57,True
1.02,0.025,0.95,0.3,0.1,0.0,1.0,4.8,-25.92,True
1.02,0.025,0.95,0.3,0.1,0.25,0.75,4.63,-24.46,True
1.02,0.025,0.95,0.3,0.1,0.5,0.5,4.45,-22.8,True
1.02,0.025,0.95,0.3,0.1,0.75,0.25,4.26,-20.91,True
1.02,0.025,0.95,0.3,0.1,1.0,0.0,4.07,-18.73,True
1.02,0.025,0.95,0.3,0.2,0.0,1.0,5.41,-24.94,True
1.02,0.025,0.95,0.3,0.2,0.25,0.75,5.28,-23.61,True
1.02,0.025,0.95,0.3,0.2,0.5,0.5,5.16,-22.15,True
1.02,0.025,0.95,0.3,0.2,0.75,0.25,5.04,-20.53,True
1.02,0.025,0.95,0.3,0.2,1.0,0.0,4.91,-18.71,True
1.02,0.025,0.95,0.3,0.3,0.0,1.0,6.03,-24.0,True
1.02,0.025,0.95,0.3,0.3,0.25,0.75,5.95,-22.83,True
1.02,0.025,0.95,0.3,0.3,0.5,0.5,5.86,-21.57,True
1.02,0.025,0.95,0.3,0.3,0.75,0.25,5.77,-20.2,True
1.02,0.025,0.95,0.3,0.3,1.0,0.0,5.68,-18.7,True
1.02,0.025,0.95,0.4,0.0,0.0,1.0,4.11,-26.93,True
1.02,0.025,0.95,0.4,0.0,0.25,0.75,3.88,-25.33,True
1.02,0.025,0.95,0.4,0.0,0.5,0.5,3.64,-23.48,True
1.02,0.025,0.95,0.4,0.0,0.75,0.25,3.39,-21.31,True
1.02,0.025,0.95,0.4,0.0,1.0,0.0,3.12,-18.74,True
1.02,0.025,0.95,0.4,0.1,0.0,1.0,4.8,-25.93,True
1.02,0.025,0.95,0.4,0.1,0.25,0.75,4.64,-24.45,True
1.02,0.025,0.95,0.4,0.1,0.5,0.5,4.48,-22.79,True
1.02,0.025,0.95,0.4,0.1,0.75,0.25,4.3,-20.89,True
1.02,0.025,0.95,0.4,0.1,1.0,0.0,4.13,-18.73,True
1.02,0.025,0.95,0.4,0.2,0.0,1.0,5.5,-24.96,True
1.02,0.025,0.95,0.4,0.2,0.25,0.75,5.38,-23.63,True
1.02,0.025,0.95,0.4,0.2,0.5,0.5,5.26,-22.16,True
1.02,0.025,0.95,0.4,0.2,0.75,0.25,5.14,-20.53,True
1.02,0.025,0.95,0.4,0.2,1.0,0.0,5.01,-18.71,True
1.02,0.025,0.95,0.4,0.3,0.0,1.0,6.1,-24.01,True
1.02,0.025,0.95,0.4,0.3,0.25,0.75,6.01,-22.83,True
1.02,0.025,0.95,0.4,0.3,0.5,0.5,5.93,-21.57,True
1.02,0.025,0.95,0.4,0.3,0.75,0.25,5.83,-20.19,True
1.02,0.025,0.95,0.4,0.3,1.0,0.0,5.74,-18.7,True
1.02,0.025,0.97,0.1,0.0,0.0,1.0,1.51,-12.65,True
1.02,0.025,0.97,0.1,0.0,0.25,0.75,1.4,-11.51,True
1.02,0.025,0.97,0.1,0.0,0.5,0.5,1.29,-10.28,True
1.02,0.025,0.97,0.1,0.0,0.75,0.25,1.17,-8.94,True
1.02,0.025,0.97,0.1,0.0,1.0,0.0,1.05,-7.48,True
1.02,0.025,0.97,0.1,0.1,0.0,1.0,3.27,-15.84,True
1.02,0.025,0.97,0.1,0.1,0.25,0.75,3.19,-14.89,True
1.02,0.025,0.97,0.1,0.1,0.5,0.5,3.1,-13.87,True
1.02,0.025,0.97,0.1,0.1,0.75,0.25,3.0,-12.77,True
1.02,0.025,0.97,0.1,0.1,1.0,0.0,2.91,-11.58,True
1.02,0.025,0.97,0.1,0.2,0.0,1.0,4.56,-17.88,True
1.02,0.025,0.97,0.1,0.2,0.25,0.75,4.48,-17.04,True
1.02,0.025,0.97,0.1,0.2,0.5,0.5,4.4,-16.15,True
1.02,0.025,0.97,0.1,0.2,0.75,0.25,4.32,-15.18,True
1.02,0.025,0.97,0.1,0.2,1.0,0.0,4.24,-14.15,True
1.02,0.025,0.97,0.1,0.3,0.0,1.0,5.63,-19.19,True
1.02,0.025,0.97,0.1,0.3,0.25,0.75,5.55,-18.43,True
1.02,0.025,0.97,0.1,0.3,0.5,0.5,5.47,-17.62,True
1.02,0.025,0.97,0.1,0.3,0.75,0.25,5.39,-16.75,True
1.02,0.025,0.97,0.1,0.3,1.0,0.0,5.31,-15.82,True
1.02,0.025,0.97,0.2,0.0,0.0,1.0,2.88,-18.67,True
1.02,0.025,0.97,0.2,0.0,0.25,0.75,2.69,-17.31,True
1.02,0.025,0.97,0.2,0.0,0.5,0.5,2.49,-15.78,True
1.02,0.025,0.97,0.2,0.0,0.75,0.25,2.28,-14.04,True
1.02,0.025,0.97,0.2,0.0,1.0,0.0,2.07,-12.06,True
1.02,0.025,0.97,0.2,0.1,0.0,1.0,4.54,-20.59,True
1.02,0.025,0.97,0.2,0.1,0.25,0.75,4.37,-19.41,True
1.02,0.025,0.97,0.2,0.1,0.5,0.5,4.19,-18.09,True
1.02,0.025,0.97,0.2,0.1,0.75,0.25,4.0,-16.6,True
1.02,0.025,0.97,0.2,0.1,1.0,0.0,3.81,-14.92,True
1.02,0.025,0.97,0.2,0.2,0.0,1.0,5.65,-21.91,True
1.02,0.025,0.97,0.2,0.2,0.25,0.75,5.49,-20.85,True
1.02,0.025,0.97,0.2,0.2,0.5,0.5,5.33,-19.66,True
1.02,0.025,0.97,0.2,0.2,0.75,0.25,5.16,-18.34,True
1.02,0.025,0.97,0.2,0.2,1.0,0.0,4.99,-16.84,True
1.02,0.025,0.97,0.2,0.3,0.0,1.0,6.28,-21.67,True
1.02,0.025,0.97,0.2,0.3,0.25,0.75,6.15,-20.71,True
1.02,0.025,0.97,0.2,0.3,0.5,0.5,6.01,-19.66,True
1.02,0.025,0.97,0.2,0.3,0.75,0.25,5.88,-18.52,True
1.02,0.025,0.97,0.2,0.3,1.0,0.0,5.74,-17.27,True
1.02,0.025,0.97,0.3,0.0,0.0,1.0,4.37,-22.19,True
1.02,0.025,0.97,0.3,0.0,0.25,0.75,4.09,-20.81,True
1.02,0.025,0.97,0.3,0.0,0.5,0.5,3.8,-19.21,True
1.02,0.025,0.97,0.3,0.0,0.75,0.25,3.49,-17.35,True
1.02,0.025,0.97,0.3,0.0,1.0,0.0,3.16,-15.15,True
1.02,0.025,0.97,0.3,0.1,0.0,1.0,5.36,-22.81,True
1.02,0.025,0.97,0.3,0.1,0.25,0.75,5.12,-21.54,True
1.02,0.025,0.97,0.3,0.1,0.5,0.5,4.88,-20.1,True
1.02,0.025,0.97,0.3,0.1,0.75,0.25,4.63,-18.46,True
1.02,0.025,0.97,0.3,0.1,1.0,0.0,4.37,-16.58,True
1.02,0.025,0.97,0.3,0.2,0.0,1.0,5.9,-22.24,True
1.02,0.025,0.97,0.3,0.2,0.25,0.75,5.72,-21.11,True
1.02,0.025,0.97,0.3,0.2,0.5,0.5,5.54,-19.87,True
1.02,0.025,0.97,0.3,0.2,0.75,0.25,5.35,-18.48,True
1.02,0.025,0.97,0.3,0.2,1.0,0.0,5.17,-16.94,True
1.02,0.025,0.97,0.3,0.3,0.0,1.0,6.46,-21.71,True
1.02,0.025,0.97,0.3,0.3,0.25,0.75,6.32,-20.72,True
1.02,0.025,0.97,0.3,0.3,0.5,0.5,6.18,-19.66,True
1.02,0.025,0.97,0.3,0.3,0.75,0.25,6.04,-18.5,True
1.02,0.025,0.97,0.3,0.3,1.0,0.0,5.9,-17.25,True
1.02,0.025,0.97,0.4,0.0,0.0,1.0,4.89,-23.38,True
1.02,0.025,0.97,0.4,0.0,0.25,0.75,4.58,-21.97,True
1.02,0.025,0.97,0.4,0.0,0.5,0.5,4.26,-20.33,True
1.02,0.025,0.97,0.4,0.0,0.75,0.25,3.92,-18.43,True
1.02,0.025,0.97,0.4,0.0,1.0,0.0,3.56,-16.16,True
1.02,0.025,0.97,0.4,0.1,0.0,1.0,5.48,-22.81,True
1.02,0.025,0.97,0.4,0.1,0.25,0.75,5.24,-21.53,True
1.02,0.025,0.97,0.4,0.1,0.5,0.5,5.0,-20.08,True
1.02,0.025,0.97,0.4,0.1,0.75,0.25,4.75,-18.45,True
1.02,0.025,0.97,0.4,0.1,1.0,0.0,4.49,-16.57,True
1.02,0.025,0.97,0.4,0.2,0.0,1.0,6.1,-22.26,True
1.02,0.025,0.97,0.4,0.2,0.25,0.75,5.91,-21.12,True
1.02,0.025,0.97,0.4,0.2,0.5,0.5,5.72,-19.86,True
1.02,0.025,0.97,0.4,0.2,0.75,0.25,5.52,-18.47,True
1.02,0.025,0.97,0.4,0.2,1.0,0.0,5.32,-16.93,True
1.02,0.025,0.97,0.4,0.3,0.0,1.0,6.64,-21.73,True
1.02,0.025,0.97,0.4,0.3,0.25,0.75,6.49,-20.73,True
1.02,0.025,0.97,0.4,0.3,0.5,0.5,6.34,-19.66,True
1.02,0.025,0.97,0.4,0.3,0.75,0.25,6.18,-18.5,True
1.02,0.025,0.97,0.4,0.3,1.0,0.0,6.03,-17.24,True
1.02,0.025,0.99,0.1,0.0,0.0,1.0,1.58,-10.06,True
1.02,0.025,0.99,0.1,0.0,0.25,0.75,1.45,-9.13,True
1.02,0.025,0.99,0.1,0.0,0.5,0.5,1.31,-8.13,True
1.02,0.025,0.99,0.1,0.0,0.75,0.25,1.17,-7.05,True
1.02,0.025,0.99,0.1,0.0,1.0,0.0,1.03,-5.87,True
1.02,0.025,0.99,0.1,0.1,0.0,1.0,3.36,-13.52,True
1.02,0.025,0.99,0.1,0.1,0.25,0.75,3.26,-12.79,True
1.02,0.025,0.99,0.1,0.1,0.5,0.5,3.15,-12.01,True
1.02,0.025,0.99,0.1,0.1,0.75,0.25,3.05,-11.17,True
1.02,0.025,0.99,0.1,0.1,1.0,0.0,2.93,-10.26,True
1.02,0.025,0.99,0.1,0.2,0.0,1.0,4.65,-15.7,True
1.02,0.025,0.99,0.1,0.2,0.25,0.75,4.56,-15.09,True
1.02,0.025,0.99,0.1,0.2,0.5,0.5,4.47,-14.43,True
1.02,0.025,0.99,0.1,0.2,0.75,0.25,4.37,-13.72,True
1.02,0.025,0.99,0.1,0.2,1.0,0.0,4.28,-12.95,True
1.02,0.025,0.99,0.1,0.3,0.0,1.0,5.65,-17.21,True
1.02,0.025,0.99,0.1,0.3,0.25,0.75,5.57,-16.66,True
1.02,0.025,0.99,0.1,0.3,0.5,0.5,5.49,-16.08,True
1.02,0.025,0.99,0.1,0.3,0.75,0.25,5.41,-15.45,True
1.02,0.025,0.99,0.1,0.3,1.0,0.0,5.32,-14.78,True
1.02,0.025,0.99,0.2,0.0,0.0,1.0,2.79,-14.84,True
1.02,0.025,0.99,0.2,0.0,0.25,0.75,2.58,-13.74,True
1.02,0.025,0.99,0.2,0.0,0.5,0.5,2.36,-12.49,True
1.02,0.025,0.99,0.2,0.0,0.75,0.25,2.13,-11.08,True
1.02,0.025,0.99,0.2,0.0,1.0,0.0,1.89,-9.46,True
1.02,0.025,0.99,0.2,0.1,0.0,1.0,4.34,-17.16,True
1.02,0.025,0.99,0.2,0.1,0.25,0.75,4.16,-16.25,True
1.02,0.025,0.99,0.2,0.1,0.5,0.5,3.99,-15.23,True
1.02,0.025,0.99,0.2,0.1,0.75,0.25,3.8,-14.08,True
1.02,0.025,0.99,0.2,0.1,1.0,0.0,3.61,-12.78,True
1.02,0.025,0.99,0.2,0.2,0.0,1.0,5.46,-18.6,True
1.02,0.025,0.99,0.2,0.2,0.25,0.75,5.3,-17.79,True
1.02,0.025,0.99,0.2,0.2,0.5,0.5,5.15,-16.89,True
1.02,0.025,0.99,0.2,0.2,0.75,0.25,4.98,-15.9,True
1.02,0.025,0.99,0.2,0.2,1.0,0.0,4.82,-14.78,True
1.02,0.025,0.99,0.2,0.3,0.0,1.0,6.01,-18.61,True
1.02,0.025,0.99,0.2,0.3,0.25,0.75,5.9,-17.94,True
1.02,0.025,0.99,0.2,0.3,0.5,0.5,5.79,-17.22,True
1.02,0.025,0.99,0.2,0.3,0.75,0.25,5.68,-16.44,True
1.02,0.025,0.99,0.2,0.3,1.0,0.0,5.56,-15.59,True
1.02,0.025,0.99,0.3,0.0,0.0,1.0,3.78,-17.64,True
1.02,0.025,0.99,0.3,0.0,0.25,0.75,3.52,-16.51,True
1.02,0.025,0.99,0.3,0.0,0.5,0.5,3.24,-15.2,True
1.02,0.025,0.99,0.3,0.0,0.75,0.25,2.95,-13.68,True
1.02,0.025,0.99,0.3,0.0,1.0,0.0,2.64,-11.89,True
1.02,0.025,0.99,0.3,0.1,0.0,1.0,4.84,-18.59,True
1.02,0.025,0.99,0.3,0.1,0.25,0.75,4.63,-17.62,True
1.02,0.025,0.99,0.3,0.1,0.5,0.5,4.42,-16.51,True
1.02,0.025,0.99,0.3,0.1,0.75,0.25,4.19,-15.26,True
1.02,0.025,0.99,0.3,0.1,1.0,0.0,3.96,-13.82,True
1.02,0.025,0.99,0.3,0.2,0.0,1.0,5.44,-18.6,True
1.02,0.025,0.99,0.3,0.2,0.25,0.75,5.29,-17.78,True
1.02,0.025,0.99,0.3,0.2,0.5,0.5,5.14,-16.88,True
1.02,0.025,0.99,0.3,0.2,0.75,0.25,4.98,-15.89,True
1.02,0.025,0.99,0.3,0.2,1.0,0.0,4.82,-14.79,True
1.02,0.025,0.99,0.3,0.3,0.0,1.0,6.01,-18.61,True
1.02,0.025,0.99,0.3,0.3,0.25,0.75,5.91,-17.94,True
1.02,0.025,0.99,0.3,0.3,0.5,0.5,5.8,-17.22,True
1.02,0.025,0.99,0.3,0.3,0.75,0.25,5.69,-16.43,True
1.02,0.025,0.99,0.3,0.3,1.0,0.0,5.58,-15.59,True
1.02,0.025,0.99,0.4,0.0,0.0,1.0,4.2,-18.59,True
1.02,0.025,0.99,0.4,0.0,0.25,0.75,3.91,-17.43,True
1.02,0.025,0.99,0.4,0.0,0.5,0.5,3.61,-16.09,True
1.02,0.025,0.99,0.4,0.0,0.75,0.25,3.29,-14.53,True
1.02,0.025,0.99,0.4,0.0,1.0,0.0,2.95,-12.68,True
1.02,0.025,0.99,0.4,0.1,0.0,1.0,4.84,-18.59,True
1.02,0.025,0.99,0.4,0.1,0.25,0.75,4.64,-17.61,True
1.02,0.025,0.99,0.4,0.1,0.5,0.5,4.43,-16.5,True
1.02,0.025,0.99,0.4,0.1,0.75,0.25,4.21,-15.25,True
1.02,0.025,0.99,0.4,0.1,1.0,0.0,3.98,-13.82,True
1.02,0.025,0.99,0.4,0.2,0.0,1.0,5.46,-18.6,True
1.02,0.025,0.99,0.4,0.2,0.25,0.75,5.31,-17.78,True
1.02,0.025,0.99,0.4,0.2,0.5,0.5,5.17,-16.87,True
1.02,0.025,0.99,0.4,0.2,0.75,0.25,5.01,-15.88,True
1.02,0.025,0.99,0.4,0.2,1.0,0.0,4.86,-14.78,True
1.02,0.025,0.99,0.4,0.3,0.0,1.0,5.99,-18.61,True
1.02,0.025,0.99,0.4,0.3,0.25,0.75,5.89,-17.94,True
1.02,0.025,0.99,0.4,0.3,0.5,0.5,5.79,-17.21,True
1.02,0.025,0.99,0.4,0.3,0.75,0.25,5.69,-16.44,True
1.02,0.025,0.99,0.4,0.3,1.0,0.0,5.58,-15.6,True
1.02,0.025,1.0,0.1,0.0,0.0,1.0,0.22,-4.1,True
1.02,0.025,1.0,0.1,0.0,0.25,0.75,0.2,-3.69,True
1.02,0.025,1.0,0.1,0.0,0.5,0.5,0.19,-3.28,True
1.02,0.025,1.0,0.1,0.0,0.75,0.25,0.17,-2.85,True
1.02,0.025,1.0,0.1,0.0,1.0,0.0,0.15,-2.42,True
1.02,0.025,1.0,0.1,0.1,0.0,1.0,2.28,-6.14,True
1.02,0.025,1.0,0.1,0.1,0.25,0.75,2.27,-6.15,True
1.02,0.025,1.0,0.1,0.1,0.5,0.5,2.26,-6.16,True
1.02,0.025,1.0,0.1,0.1,0.75,0.25,2.25,-6.17,True
1.02,0.025,1.0,0.1,0.1,1.0,0.0,2.24,-6.18,True
1.02,0.025,1.0,0.1,0.2,0.0,1.0,3.69,-9.82,True
1.02,0.025,1.0,0.1,0.2,0.25,0.75,3.69,-9.83,True
1.02,0.025,1.0,0.1,0.2,0.5,0.5,3.68,-9.84,True
1.02,0.025,1.0,0.1,0.2,0.75,0.25,3.68,-9.85,True
1.02,0.025,1.0,0.1,0.2,1.0,0.0,3.68,-9.86,True
1.02,0.025,1.0,0.1,0.3,0.0,1.0,4.78,-12.27,True
1.02,0.025,1.0,0.1,0.3,0.25,0.75,4.78,-12.28,True
1.02,0.025,1.0,0.1,0.3,0.5,0.5,4.77,-12.28,True
1.02,0.025,1.0,0.1,0.3,0.75,0.25,4.77,-12.29,True
1.02,0.025,1.0,0.1,0.3,1.0,0.0,4.77,-12.29,True
1.02,0.025,1.0,0.2,0.0,0.0,1.0,0.41,-7.52,True
1.02,0.025,1.0,0.2,0.0,0.25,0.75,0.38,-6.82,True
1.02,0.025,1.0,0.2,0.0,0.5,0.5,0.35,-6.1,True
1.02,0.025,1.0,0.2,0.0,0.75,0.25,0.33,-5.36,True
1.02,0.025,1.0,0.2,0.0,1.0,0.0,0.3,-4.59,True
1.02,0.025,1.0,0.2,0.1,0.0,1.0,2.39,-6.52,True
1.02,0.025,1.0,0.2,0.1,0.25,0.75,2.37,-6.04,True
1.02,0.025,1.0,0.2,0.1,0.5,0.5,2.36,-6.06,True
1.02,0.025,1.0,0.2,0.1,0.75,0.25,2.35,-6.07,True
1.02,0.025,1.0,0.2,0.1,1.0,0.0,2.33,-6.09,True
1.02,0.025,1.0,0.2,0.2,0.0,1.0,3.77,-9.72,True
1.02,0.025,1.0,0.2,0.2,0.25,0.75,3.76,-9.73,True
1.02,0.025,1.0,0.2,0.2,0.5,0.5,3.75,-9.75,True
1.02,0.025,1.0,0.2,0.2,0.75,0.25,3.74,-9.76,True
1.02,0.025,1.0,0.2,0.2,1.0,0.0,3.74,-9.78,True
1.02,0.025,1.0,0.2,0.3,0.0,1.0,4.83,-12.22,True
1.02,0.025,1.0,0.2,0.3,0.25,0.75,4.83,-12.23,True
1.02,0.025,1.0,0.2,0.3,0.5,0.5,4.82,-12.23,True
1.02,0.025,1.0,0.2,0.3,0.75,0.25,4.82,-12.24,True
1.02,0.025,1.0,0.2,0.3,1.0,0.0,4.81,-12.24,True
1.02,0.025,1.0,0.3,0.0,0.0,1.0,0.57,-10.43,True
1.02,0.025,1.0,0.3,0.0,0.25,0.75,0.54,-9.52,True
1.02,0.025,1.0,0.3,0.0,0.5,0.5,0.51,-8.57,True
1.02,0.025,1.0,0.3,0.0,0.75,0.25,0.47,-7.58,True
1.02,0.025,1.0,0.3,0.0,1.0,0.0,0.43,-6.54,True
1.02,0.025,1.0,0.3,0.1,0.0,1.0,2.49,-9.5,True
1.02,0.025,1.0,0.3,0.1,0.25,0.75,2.47,-8.58,True
1.02,0.025,1.0,0.3,0.1,0.5,0.5,2.45,-7.61,True
1.02,0.025,1.0,0.3,0.1,0.75,0.25,2.43,-6.6,True
1.02,0.025,1.0,0.3,0.1,1.0,0.0,2.41,-6.01,True
1.02,0.025,1.0,0.3,0.2,0.0,1.0,3.83,-9.64,True
1.02,0.025,1.0,0.3,0.2,0.25,0.75,3.82,-9.66,True
1.02,0.025,1.0,0.3,0.2,0.5,0.5,3.81,-9.67,True
1.02,0.025,1.0,0.3,0.2,0.75,0.25,3.8,-9.69,True
1.02,0.025,1.0,0.3,0.2,1.0,0.0,3.79,-9.7,True
1.02,0.025,1.0,0.3,0.3,0.0,1.0,4.89,-12.11,True
1.02,0.025,1.0,0.3,0.3,0.25,0.75,4.88,-12.11,True
1.02,0.025,1.0,0.3,0.3,0.5,0.5,4.88,-12.12,True
1.02,0.025,1.0,0.3,0.3,0.75,0.25,4.87,-12.14,True
1.02,0.025,1.0,0.3,0.3,1.0,0.0,4.86,-12.15,True
1.02,0.025,1.0,0.4,0.0,0.0,1.0,0.72,-12.96,True
1.02,0.025,1.0,0.4,0.0,0.25,0.75,0.68,-11.89,True
1.02,0.025,1.0,0.4,0.0,0.5,0.5,0.64,-10.76,True
1.02,0.025,1.0,0.4,0.0,0.75,0.25,0.6,-9.57,True
1.02,0.025,1.0,0.4,0.0,1.0,0.0,0.56,-8.31,True
1.02,0.025,1.0,0.4,0.1,0.0,1.0,2.57,-12.09,True
1.02,0.025,1.0,0.4,0.1,0.25,0.75,2.55,-11.0,True
1.02,0.025,1.0,0.4,0.1,0.5,0.5,2.54,-9.86,True
1.02,0.025,1.0,0.4,0.1,0.75,0.25,2.52,-8.64,True
1.02,0.025,1.0,0.4,0.1,1.0,0.0,2.49,-7.35,True
1.02,0.025,1.0,0.4,0.2,0.0,1.0,3.91,-10.88,True
1.02,0.025,1.0,0.4,0.2,0.25,0.75,3.9,-9.85,True
1.02,0.025,1.0,0.4,0.2,0.5,0.5,3.89,-9.53,True
1.02,0.025,1.0,0.4,0.2,0.75,0.25,3.88,-9.55,True
1.02,0.025,1.0,0.4,0.2,1.0,0.0,3.87,-9.58,True
1.02,0.025,1.0,0.4,0.3,0.0,1.0,4.91,-12.04,True
1.02,0.025,1.0,0.4,0.3,0.25,0.75,4.9,-12.04,True
1.02,0.025,1.0,0.4,0.3,0.5,0.5,4.9,-12.05,True
1.02,0.025,1.0,0.4,0.3,0.75,0.25,4.89,-12.06,True
1.02,0.025,1.0,0.4,0.3,1.0,0.0,4.89,-12.08,True
1.02,0.025,1.01,0.1,0.0,0.0,1.0,0.24,-3.54,True
1.02,0.025,1.01,0.1,0.0,0.25,0.75,0.22,-3.19,True
1.02,0.025,1.01,0.1,0.0,0.5,0.5,0.2,-2.83,True
1.02,0.025,1.01,0.1,0.0,0.75,0.25,0.18,-2.47,True
1.02,0.025,1.01,0.1,0.0,1.0,0.0,0.16,-2.1,True
1.02,0.025,1.01,0.1,0.1,0.0,1.0,2.27,-6.06,True
1.02,0.025,1.01,0.1,0.1,0.25,0.75,2.26,-6.08,True
1.02,0.025,1.01,0.1,0.1,0.5,0.5,2.25,-6.1,True
1.02,0.025,1.01,0.1,0.1,0.75,0.25,2.24,-6.11,True
1.02,0.025,1.01,0.1,0.1,1.0,0.0,2.23,-6.13,True
1.02,0.025,1.01,0.1,0.2,0.0,1.0,3.68,-9.72,True
1.02,0.025,1.01,0.1,0.2,0.25,0.75,3.67,-9.74,True
1.02,0.025,1.01,0.1,0.2,0.5,0.5,3.67,-9.76,True
1.02,0.025,1.01,0.1,0.2,0.75,0.25,3.66,-9.77,True
1.02,0.025,1.01,0.1,0.2,1.0,0.0,3.66,-9.79,True
1.02,0.025,1.01,0.1,0.3,0.0,1.0,4.76,-12.17,True
1.02,0.025,1.01,0.1,0.3,0.25,0.75,4.75,-12.19,True
1.02,0.025,1.01,0.1,0.3,0.5,0.5,4.75,-12.2,True
1.02,0.025,1.01,0.1,0.3,0.75,0.25,4.75,-12.21,True
1.02,0.025,1.01,0.1,0.3,1.0,0.0,4.74,-12.22,True
1.02,0.025,1.01,0.2,0.0,0.0,1.0,0.44,-6.51,True
1.02,0.025,1.01,0.2,0.0,0.25,0.75,0.41,-5.91,True
1.02,0.025,1.01,0.2,0.0,0.5,0.5,0.38,-5.29,True
1.02,0.025,1.01,0.2,0.0,0.75,0.25,0.34,-4.64,True
1.02,0.025,1.01,0.2,0.0,1.0,0.0,0.3,-4.02,True
1.02,0.025,1.01,0.2,0.1,0.0,1.0,2.38,-5.88,True
1.02,0.025,1.01,0.2,0.1,0.25,0.75,2.37,-5.91,True
1.02,0.025,1.01,0.2,0.1,0.5,0.5,2.35,-5.94,True
1.02,0.025,1.01,0.2,0.1,0.75,0.25,2.33,-5.97,True
1.02,0.025,1.01,0.2,0.1,1.0,0.0,2.31,-6.0,True
1.02,0.025,1.01,0.2,0.2,0.0,1.0,3.74,-9.54,True
1.02,0.025,1.01,0.2,0.2,0.25,0.75,3.73,-9.57,True
1.02,0.025,1.01,0.2,0.2,0.5,0.5,3.72,-9.6,True
1.02,0.025,1.01,0.2,0.2,0.75,0.25,3.71,-9.63,True
1.02,0.025,1.01,0.2,0.2,1.0,0.0,3.7,-9.66,True
1.02,0.025,1.01,0.2,0.3,0.0,1.0,4.8,-12.03,True
1.02,0.025,1.01,0.2,0.3,0.25,0.75,4.79,-12.06,True
1.02,0.025,1.01,0.2,0.3,0.5,0.5,4.79,-12.08,True
1.02,0.025,1.01,0.2,0.3,0.75,0.25,4.78,-12.1,True
1.02,0.025,1.01,0.2,0.3,1.0,0.0,4.77,-12.12,True
1.02,0.025,1.01,0.3,0.0,0.0,1.0,0.63,-9.32,True
1.02,0.025,1.01,0.3,0.0,0.25,0.75,0.58,-8.49,True
1.02,0.025,1.01,0.3,0.0,0.5,0.5,0.54,-7.67,True
1.02,0.025,1.01,0.3,0.0,0.75,0.25,0.49,-6.84,True
1.02,0.025,1.01,0.3,0.0,1.0,0.0,0.44,-6.0,True
1.02,0.025,1.01,0.3,0.1,0.0,1.0,2.48,-8.15,True
1.02,0.025,1.01,0.3,0.1,0.25,0.75,2.46,-7.35,True
1.02,0.025,1.01,0.3,0.1,0.5,0.5,2.44,-6.5,True
1.02,0.025,1.01,0.3,0.1,0.75,0.25,2.41,-5.85,True
1.02,0.025,1.01,0.3,0.1,1.0,0.0,2.39,-5.89,True
1.02,0.025,1.01,0.3,0.2,0.0,1.0,3.8,-9.38,True
1.02,0.025,1.01,0.3,0.2,0.25,0.75,3.79,-9.42,True
1.02,0.025,1.01,0.3,0.2,0.5,0.5,3.78,-9.46,True
1.02,0.025,1.01,0.3,0.2,0.75,0.25,3.76,-9.5,True
1.02,0.025,1.01,0.3,0.2,1.0,0.0,3.75,-9.54,True
1.02,0.025,1.01,0.3,0.3,0.0,1.0,4.85,-11.84,True
1.02,0.025,1.01,0.3,0.3,0.25,0.75,4.84,-11.87,True
1.02,0.025,1.01,0.3,0.3,0.5,0.5,4.83,-11.91,True
1.02,0.025,1.01,0.3,0.3,0.75,0.25,4.83,-11.94,True
1.02,0.025,1.01,0.3,0.3,1.0,0.0,4.82,-11.98,True
1.02,0.025,1.01,0.4,0.0,0.0,1.0,0.79,-12.31,True
1.02,0.025,1.01,0.4,0.0,0.25,0.75,0.74,-11.23,True
1.02,0.025,1.01,0.4,0.0,0.5,0.5,0.68,-10.15,True
1.02,0.025,1.01,0.4,0.0,0.75,0.25,0.63,-9.06,True
1.02,0.025,1.01,0.4,0.0,1.0,0.0,0.57,-7.96,True
1.02,0.025,1.01,0.4,0.1,0.0,1.0,2.57,-10.43,True
1.02,0.025,1.01,0.4,0.1,0.25,0.75,2.54,-9.48,True
1.02,0.025,1.01,0.4,0.1,0.5,0.5,2.52,-8.47,True
1.02,0.025,1.01,0.4,0.1,0.75,0.25,2.49,-7.41,True
1.02,0.025,1.01,0.4,0.1,1.0,0.0,2.46,-6.29,True
1.02,0.025,1.01,0.4,0.2,0.0,1.0,3.87,-9.34,True
1.02,0.025,1.01,0.4,0.2,0.25,0.75,3.86,-9.21,True
1.02,0.025,1.01,0.4,0.2,0.5,0.5,3.84,-9.26,True
1.02,0.025,1.01,0.4,0.2,0.75,0.25,3.83,-9.32,True
1.02,0.025,1.01,0.4,0.2,1.0,0.0,3.81,-9.38,True
1.02,0.025,1.01,0.4,0.3,0.0,1.0,4.89,-11.68,True
1.02,0.025,1.01,0.4,0.3,0.25,0.75,4.88,-11.72,True
1.02,0.025,1.01,0.4,0.3,0.5,0.5,4.87,-11.77,True
1.02,0.025,1.01,0.4,0.3,0.75,0.25,4.86,-11.82,True
1.02,0.025,1.01,0.4,0.3,1.0,0.0,4.85,-11.87,True
1.02,0.025,1.02,0.1,0.0,0.0,1.0,0.34,-3.54,True
1.02,0.025,1.02,0.1,0.0,0.25,0.75,0.31,-3.19,True
1.02,0.025,1.02,0.1,0.0,0.5,0.5,0.28,-2.83,True
1.02,0.025,1.02,0.1,0.0,0.75,0.25,0.25,-2.47,True
1.02,0.025,1.02,0.1,0.0,1.0,0.0,0.22,-2.19,True
1.02,0.025,1.02,0.1,0.1,0.0,1.0,2.35,-5.98,True
1.02,0.025,1.02,0.1,0.1,0.25,0.75,2.34,-6.0,True
1.02,0.025,1.02,0.1,0.1,0.5,0.5,2.32,-6.03,True
1.02,0.025,1.02,0.1,0.1,0.75,0.25,2.3,-6.05,True
1.02,0.025,1.02,0.1,0.1,1.0,0.0,2.28,-6.08,True
1.02,0.025,1.02,0.1,0.2,0.0,1.0,3.75,-9.6,True
1.02,0.025,1.02,0.1,0.2,0.25,0.75,3.74,-9.63,True
1.02,0.025,1.02,0.1,0.2,0.5,0.5,3.72,-9.66,True
1.02,0.025,1.02,0.1,0.2,0.75,0.25,3.71,-9.69,True
1.02,0.025,1.02,0.1,0.2,1.0,0.0,3.7,-9.72,True
1.02,0.025,1.02,0.1,0.3,0.0,1.0,4.82,-12.03,True
1.02,0.025,1.02,0.1,0.3,0.25,0.75,4.81,-12.06,True
1.02,0.025,1.02,0.1,0.3,0.5,0.5,4.8,-12.09,True
1.02,0.025,1.02,0.1,0.3,0.75,0.25,4.79,-12.11,True
1.02,0.025,1.02,0.1,0.3,1.0,0.0,4.78,-12.14,True
1.02,0.025,1.02,0.2,0.0,0.0,1.0,0.65,-6.53,True
1.02,0.025,1.02,0.2,0.0,0.25,0.75,0.6,-5.99,True
1.02,0.025,1.02,0.2,0.0,0.5,0.5,0.54,-5.45,True
1.02,0.025,1.02,0.2,0.0,0.75,0.25,0.49,-4.91,True
1.02,0.025,1.02,0.2,0.0,1.0,0.0,0.43,-4.36,True
1.02,0.025,1.02,0.2,0.1,0.0,1.0,2.55,-5.72,True
1.02,0.025,1.02,0.2,0.1,0.25,0.75,2.51,-5.76,True
1.02,0.025,1.02,0.2,0.1,0.5,0.5,2.48,-5.81,True
1.02,0.025,1.02,0.2,0.1,0.75,0.25,2.45,-5.85,True
1.02,0.025,1.02,0.2,0.1,1.0,0.0,2.41,-5.9,True
1.02,0.025,1.02,0.2,0.2,0.0,1.0,3.89,-9.3,True
1.02,0.025,1.02,0.2,0.2,0.25,0.75,3.86,-9.35,True
1.02,0.025,1.02,0.2,0.2,0.5,0.5,3.84,-9.4,True
1.02,0.025,1.02,0.2,0.2,0.75,0.25,3.82,-9.46,True
1.02,0.025,1.02,0.2,0.2,1.0,0.0,3.79,-9.52,True
1.02,0.025,1.02,0.2,0.3,0.0,1.0,4.93,-11.75,True
1.02,0.025,1.02,0.2,0.3,0.25,0.75,4.91,-11.8,True
1.02,0.025,1.02,0.2,0.3,0.5,0.5,4.89,-11.85,True
1.02,0.025,1.02,0.2,0.3,0.75,0.25,4.87,-11.9,True
1.02,0.025,1.02,0.2,0.3,1.0,0.0,4.86,-11.96,True
1.02,0.025,1.02,0.3,0.0,0.0,1.0,0.94,-9.72,True
1.02,0.025,1.02,0.3,0.0,0.25,0.75,0.87,-8.93,True
1.02,0.025,1.02,0.3,0.0,0.5,0.5,0.79,-8.13,True
1.02,0.025,1.02,0.3,0.0,0.75,0.25,0.71,-7.32,True
1.02,0.025,1.02,0.3,0.0,1.0,0.0,0.63,-6.52,True
1.02,0.025,1.02,0.3,0.1,0.0,1.0,2.73,-8.15,True
1.02,0.025,1.02,0.3,0.1,0.25,0.75,2.68,-7.35,True
1.02,0.025,1.02,0.3,0.1,0.5,0.5,2.64,-6.5,True
1.02,0.025,1.02,0.3,0.1,0.75,0.25,2.59,-5.67,True
1.02,0.025,1.02,0.3,0.1,1.0,0.0,2.54,-5.74,True
1.02,0.025,1.02,0.3,0.2,0.0,1.0,4.02,-9.02,True
1.02,0.025,1.02,0.3,0.2,0.25,0.75,3.99,-9.1,True
1.02,0.025,1.02,0.3,0.2,0.5,0.5,3.95,-9.17,True
1.02,0.025,1.02,0.3,0.2,0.75,0.25,3.92,-9.25,True
1.02,0.025,1.02,0.3,0.2,1.0,0.0,3.88,-9.33,True
1.02,0.025,1.02,0.3,0.3,0.0,1.0,5.04,-11.42,True
1.02,0.025,1.02,0.3,0.3,0.25,0.75,5.02,-11.49,True
1.02,0.025,1.02,0.3,0.3,0.5,0.5,5.0,-11.57,True
1.02,0.025,1.02,0.3,0.3,0.75,0.25,4.97,-11.64,True
1.02,0.025,1.02,0.3,0.3,1.0,0.0,4.94,-11.72,True
1.02,0.025,1.02,0.4,0.0,0.0,1.0,1.2,-12.87,True
1.02,0.025,1.02,0.4,0.0,0.25,0.75,1.11,-11.83,True
1.02,0.025,1.02,0.4,0.0,0.5,0.5,1.02,-10.77,True
1.02,0.025,1.02,0.4,0.0,0.75,0.25,0.92,-9.71,True
1.02,0.025,1.02,0.4,0.0,1.0,0.0,0.82,-8.65,True
1.02,0.025,1.02,0.4,0.1,0.0,1.0,2.9,-10.43,True
1.02,0.025,1.02,0.4,0.1,0.25,0.75,2.84,-9.48,True
1.02,0.025,1.02,0.4,0.1,0.5,0.5,2.78,-8.47,True
1.02,0.025,1.02,0.4,0.1,0.75,0.25,2.72,-7.41,True
1.02,0.025,1.02,0.4,0.1,1.0,0.0,2.66,-6.29,True
1.02,0.025,1.02,0.4,0.2,0.0,1.0,4.17,-9.34,True
1.02,0.025,1.02,0.4,0.2,0.25,0.75,4.13,-8.78,True
1.02,0.025,1.02,0.4,0.2,0.5,0.5,4.08,-8.87,True
1.02,0.025,1.02,0.4,0.2,0.75,0.25,4.04,-8.97,True
1.02,0.025,1.02,0.4,0.2,1.0,0.0,4.0,-9.07,True
1.02,0.025,1.02,0.4,0.3,0.0,1.0,5.15,-11.1,True
1.02,0.025,1.02,0.4,0.3,0.25,0.75,5.11,-11.19,True
1.02,0.025,1.02,0.4,0.3,0.5,0.5,5.08,-11.29,True
1.02,0.025,1.02,0.4,0.3,0.75,0.25,5.05,-11.39,True
1.02,0.025,1.02,0.4,0.3,1.0,0.0,5.01,-11.49,True
1.02,0.03,0.95,0.1,0.0,0.0,1.0,0.62,-10.98,True
1.02,0.03,0.95,0.1,0.0,0.25,0.75,0.57,-9.9,True
1.02,0.03,0.95,0.1,0.0,0.5,0.5,0.52,-8.76,True
1.02,0.03,0.95,0.1,0.0,0.75,0.25,0.48,-7.55,True
1.02,0.03,0.95,0.1,0.0,1.0,0.0,0.42,-6.26,True
1.02,0.03,0.95,0.1,0.1,0.0,1.0,2.62,-14.99,True
1.02,0.03,0.95,0.1,0.1,0.25,0.75,2.58,-14.09,True
1.02,0.03,0.95,0.1,0.1,0.5,0.5,2.54,-13.14,True
1.02,0.03,0.95,0.1,0.1,0.75,0.25,2.5,-12.13,True
1.02,0.03,0.95,0.1,0.1,1.0,0.0,2.46,-11.07,True
1.02,0.03,0.95,0.1,0.2,0.0,1.0,4.01,-17.42,True
1.02,0.03,0.95,0.1,0.2,0.25,0.75,3.98,-16.63,True
1.02,0.03,0.95,0.1,0.2,0.5,0.5,3.94,-15.78,True
1.02,0.03,0.95,0.1,0.2,0.75,0.25,3.91,-14.9,True
1.02,0.03,0.95,0.1,0.2,1.0,0.0,3.87,-13.96,True
1.02,0.03,0.95,0.1,0.3,0.0,1.0,5.09,-19.06,True
1.02,0.03,0.95,0.1,0.3,0.25,0.75,5.06,-18.33,True
1.02,0.03,0.95,0.1,0.3,0.5,0.5,5.02,-17.56,True
1.02,0.03,0.95,0.1,0.3,0.75,0.25,4.99,-16.74,True
1.02,0.03,0.95,0.1,0.3,1.0,0.0,4.96,-15.89,True
1.02,0.03,0.95,0.2,0.0,0.0,1.0,1.08,-17.32,True
1.02,0.03,0.95,0.2,0.0,0.25,0.75,1.01,-15.89,True
1.02,0.03,0.95,0.2,0.0,0.5,0.5,0.94,-14.33,True
1.02,0.03,0.95,0.2,0.0,0.75,0.25,0.86,-12.59,True
1.02,0.03,0.95,0.2,0.0,1.0,0.0,0.78,-10.67,True
1.02,0.03,0.95,0.2,0.1,0.0,1.0,3.0,-20.27,True
1.02,0.03,0.95,0.2,0.1,0.25,0.75,2.94,-19.03,True
1.02,0.03,0.95,0.2,0.1,0.5,0.5,2.88,-17.69,True
1.02,0.03,0.95,0.2,0.1,0.75,0.25,2.82,-16.21,True
1.02,0.03,0.95,0.2,0.1,1.0,0.0,2.75,-14.58,True
1.02,0.03,0.95,0.2,0.2,0.0,1.0,4.37,-22.06,True
1.02,0.03,0.95,0.2,0.2,0.25,0.75,4.32,-20.94,True
1.02,0.03,0.95,0.2,0.2,0.5,0.5,4.26,-19.73,True
1.02,0.03,0.95,0.2,0.2,0.75,0.25,4.2,-18.41,True
1.02,0.03,0.95,0.2,0.2,1.0,0.0,4.13,-16.95,True
1.02,0.03,0.95,0.2,0.3,0.0,1.0,5.48,-23.19,True
1.02,0.03,0.95,0.2,0.3,0.25,0.75,5.42,-22.16,True
1.02,0.03,0.95,0.2,0.3,0.5,0.5,5.36,-21.04,True
1.02,0.03,0.95,0.2,0.3,0.75,0.25,5.3,-19.81,True
1.02,0.03,0.95,0.2,0.3,1.0,0.0,5.23,-18.48,True
1.02,0.03,0.95,0.3,0.0,0.0,1.0,1.43,-21.46,True
1.02,0.03,0.95,0.3,0.0,0.25,0.75,1.36,-19.91,True
1.02,0.03,0.95,0.3,0.0,0.5,0.5,1.27,-18.17,True
1.02,0.03,0.95,0.3,0.0,0.75,0.25,1.18,-16.2,True
1.02,0.03,0.95,0.3,0.0,1.0,0.0,1.08,-13.95,True
1.02,0.03,0.95,0.3,0.1,0.0,1.0,3.4,-23.74,True
1.02,0.03,0.95,0.3,0.1,0.25,0.75,3.32,-22.38,True
1.02,0.03,0.95,0.3,0.1,0.5,0.5,3.24,-20.85,True
1.02,0.03,0.95,0.3,0.1,0.75,0.25,3.15,-19.14,True
1.02,0.03,0.95,0.3,0.1,1.0,0.0,3.05,-17.2,True
1.02,0.03,0.95,0.3,0.2,0.0,1.0,4.68,-24.32,True
1.02,0.03,0.95,0.3,0.2,0.25,0.75,4.62,-23.15,True
1.02,0.03,0.95,0.3,0.2,0.5,0.5,4.55,-21.84,True
1.02,0.03,0.95,0.3,0.2,0.75,0.25,4.47,-20.37,True
1.02,0.03,0.95,0.3,0.2,1.0,0.0,4.39,-18.71,True
1.02,0.03,0.95,0.3,0.3,0.0,1.0,5.48,-23.28,True
1.02,0.03,0.95,0.3,0.3,0.25,0.75,5.44,-22.29,True
1.02,0.03,0.95,0.3,0.3,0.5,0.5,5.38,-21.21,True
1.02,0.03,0.95,0.3,0.3,0.75,0.25,5.33,-20.01,True
1.02,0.03,0.95,0.3,0.3,1.0,0.0,5.27,-18.7,True
1.02,0.03,0.95,0.4,0.0,0.0,1.0,1.89,-24.37,True
1.02,0.03,0.95,0.4,0.0,0.25,0.75,1.8,-22.8,True
1.02,0.03,0.95,0.4,0.0,0.5,0.5,1.7,-20.99,True
1.02,0.03,0.95,0.4,0.0,0.75,0.25,1.58,-18.91,True
1.02,0.03,0.95,0.4,0.0,1.0,0.0,1.46,-16.48,True
1.02,0.03,0.95,0.4,0.1,0.0,1.0,3.71,-25.52,True
1.02,0.03,0.95,0.4,0.1,0.25,0.75,3.62,-24.14,True
1.02,0.03,0.95,0.4,0.1,0.5,0.5,3.53,-22.58,True
1.02,0.03,0.95,0.4,0.1,0.75,0.25,3.42,-20.79,True
1.02,0.03,0.95,0.4,0.1,1.0,0.0,3.31,-18.72,True
1.02,0.03,0.95,0.4,0.2,0.0,1.0,4.67,-24.31,True
1.02,0.03,0.95,0.4,0.2,0.25,0.75,4.61,-23.13,True
1.02,0.03,0.95,0.4,0.2,0.5,0.5,4.54,-21.82,True
1.02,0.03,0.95,0.4,0.2,0.75,0.25,4.47,-20.36,True
1.02,0.03,0.95,0.4,0.2,1.0,0.0,4.39,-18.71,True
1.02,0.03,0.95,0.4,0.3,0.0,1.0,5.5,-23.3,True
1.02,0.03,0.95,0.4,0.3,0.25,0.75,5.45,-22.29,True
1.02,0.03,0.95,0.4,0.3,0.5,0.5,5.4,-21.2,True
1.02,0.03,0.95,0.4,0.3,0.75,0.25,5.35,-20.01,True
1.02,0.03,0.95,0.4,0.3,1.0,0.0,5.29,-18.7,True
1.02,0.03,0.97,0.1,0.0,0.0,1.0,0.68,-9.53,True
1.02,0.03,0.97,0.1,0.0,0.25,0.75,0.62,-8.59,True
1.02,0.03,0.97,0.1,0.0,0.5,0.5,0.57,-7.59,True
1.02,0.03,0.97,0.1,0.0,0.75,0.25,0.51,-6.53,True
1.02,0.03,0.97,0.1,0.0,1.0,0.0,0.44,-5.4,True
1.02,0.03,0.97,0.1,0.1,0.0,1.0,2.65,-13.63,True
1.02,0.03,0.97,0.1,0.1,0.25,0.75,2.6,-12.86,True
1.02,0.03,0.97,0.1,0.1,0.5,0.5,2.55,-12.04,True
1.02,0.03,0.97,0.1,0.1,0.75,0.25,2.51,-11.17,True
1.02,0.03,0.97,0.1,0.1,1.0,0.0,2.46,-10.26,True
1.02,0.03,0.97,0.1,0.2,0.0,1.0,4.03,-16.15,True
1.02,0.03,0.97,0.1,0.2,0.25,0.75,3.99,-15.47,True
1.02,0.03,0.97,0.1,0.2,0.5,0.5,3.95,-14.75,True
1.02,0.03,0.97,0.1,0.2,0.75,0.25,3.9,-14.0,True
1.02,0.03,0.97,0.1,0.2,1.0,0.0,3.86,-13.2,True
1.02,0.03,0.97,0.1,0.3,0.0,1.0,5.1,-17.84,True
1.02,0.03,0.97,0.1,0.3,0.25,0.75,5.06,-17.23,True
1.02,0.03,0.97,0.1,0.3,0.5,0.5,5.02,-16.58,True
1.02,0.03,0.97,0.1,0.3,0.75,0.25,4.98,-15.89,True
1.02,0.03,0.97,0.1,0.3,1.0,0.0,4.94,-15.17,True
1.02,0.03,0.97,0.2,0.0,0.0,1.0,1.19,-15.04,True
1.02,0.03,0.97,0.2,0.0,0.25,0.75,1.1,-13.78,True
1.02,0.03,0.97,0.2,0.0,0.5,0.5,1.01,-12.41,True
1.02,0.03,0.97,0.2,0.0,0.75,0.25,0.91,-10.89,True
1.02,0.03,0.97,0.2,0.0,1.0,0.0,0.81,-9.2,True
1.02,0.03,0.97,0.2,0.1,0.0,1.0,3.07,-18.14,True
1.02,0.03,0.97,0.2,0.1,0.25,0.75,3.0,-17.08,True
1.02,0.03,0.97,0.2,0.1,0.5,0.5,2.92,-15.92,True
1.02,0.03,0.97,0.2,0.1,0.75,0.25,2.84,-14.64,True
1.02,0.03,0.97,0.2,0.1,1.0,0.0,2.75,-13.24,True
1.02,0.03,0.97,0.2,0.2,0.0,1.0,4.44,-20.04,True
1.02,0.03,0.97,0.2,0.2,0.25,0.75,4.37,-19.1,True
1.02,0.03,0.97,0.2,0.2,0.5,0.5,4.29,-18.06,True
1.02,0.03,0.97,0.2,0.2,0.75,0.25,4.21,-16.93,True
1.02,0.03,0.97,0.2,0.2,1.0,0.0,4.13,-15.7,True
1.02,0.03,0.97,0.2,0.3,0.0,1.0,5.54,-21.25,True
1.02,0.03,0.97,0.2,0.3,0.25,0.75,5.47,-20.38,True
1.02,0.03,0.97,0.2,0.3,0.5,0.5,5.39,-19.44,True
1.02,0.03,0.97,0.2,0.3,0.75,0.25,5.31,-18.41,True
1.02,0.03,0.97,0.2,0.3,1.0,0.0,5.23,-17.28,True
1.02,0.03,0.97,0.3,0.0,0.0,1.0,1.56,-18.63,True
1.02,0.03,0.97,0.3,0.0,0.25,0.75,1.47,-17.27,True
1.02,0.03,0.97,0.3,0.0,0.5,0.5,1.36,-15.74,True
1.02,0.03,0.97,0.3,0.0,0.75,0.25,1.24,-14.01,True
1.02,0.03,0.97,0.3,0.0,1.0,0.0,1.12,-12.03,True
1.02,0.03,0.97,0.3,0.1,0.0,1.0,3.51,-21.09,True
1.02,0.03,0.97,0.3,0.1,0.25,0.75,3.41,-19.92,True
1.02,0.03,0.97,0.3,0.1,0.5,0.5,3.3,-18.6,True
1.02,0.03,0.97,0.3,0.1,0.75,0.25,3.19,-17.12,True
1.02,0.03,0.97,0.3,0.1,1.0,0.0,3.07,-15.44,True
1.02,0.03,0.97,0.3,0.2,0.0,1.0,4.77,-21.86,True
1.02,0.03,0.97,0.3,0.2,0.25,0.75,4.68,-20.87,True
1.02,0.03,0.97,0.3,0.2,0.5,0.5,4.59,-19.75,True
1.02,0.03,0.97,0.3,0.2,0.75,0.25,4.49,-18.51,True
1.02,0.03,0.97,0.3,0.2,1.0,0.0,4.39,-17.1,True
1.02,0.03,0.97,0.3,0.3,0.0,1.0,5.56,-21.26,True
1.02,0.03,0.97,0.3,0.3,0.25,0.75,5.49,-20.43,True
1.02,0.03,0.97,0.3,0.3,0.5,0.5,5.42,-19.52,True
1.02,0.03,0.97,0.3,0.3,0.75,0.25,5.35,-18.53,True
1.02,0.03,0.97,0.3,0.3,1.0,0.0,5.28,-17.42,True
1.02,0.03,0.97,0.4,0.0,0.0,1.0,2.04,-21.15,True
1.02,0.03,0.97,0.4,0.0,0.25,0.75,1.92,-19.77,True
1.02,0.03,0.97,0.4,0.0,0.5,0.5,1.79,-18.18,True
1.02,0.03,0.97,0.4,0.0,0.75,0.25,1.65,-16.35,True
1.02,0.03,0.97,0.4,0.0,1.0,0.0,1.49,-14.21,True
1.02,0.03,0.97,0.4,0.1,0.0,1.0,3.83,-22.55,True
1.02,0.03,0.97,0.4,0.1,0.25,0.75,3.72,-21.36,True
1.02,0.03,0.97,0.4,0.1,0.5,0.5,3.59,-20.02,True
1.02,0.03,0.97,0.4,0.1,0.75,0.25,3.46,-18.47,True
1.02,0.03,0.97,0.4,0.1,1.0,0.0,3.32,-16.69,True
1.02,0.03,0.97,0.4,0.2,0.0,1.0,4.78,-21.85,True
1.02,0.03,0.97,0.4,0.2,0.25,0.75,4.69,-20.85,True
1.02,0.03,0.97,0.4,0.2,0.5,0.5,4.6,-19.74,True
1.02,0.03,0.97,0.4,0.2,0.75,0.25,4.51,-18.49,True
1.02,0.03,0.97,0.4,0.2,1.0,0.0,4.41,-17.1,True
1.02,0.03,0.97,0.4,0.3,0.0,1.0,5.6,-21.28,True
1.02,0.03,0.97,0.4,0.3,0.25,0.75,5.54,-20.43,True
1.02,0.03,0.97,0.4,0.3,0.5,0.5,5.46,-19.51,True
1.02,0.03,0.97,0.4,0.3,0.75,0.25,5.39,-18.51,True
1.02,0.03,0.97,0.4,0.3,1.0,0.0,5.31,-17.41,True
1.02,0.03,0.99,0.1,0.0,0.0,1.0,0.85,-7.57,True
1.02,0.03,0.99,0.1,0.0,0.25,0.75,0.78,-6.81,True
1.02,0.03,0.99,0.1,0.0,0.5,0.5,0.7,-6.01,True
1.02,0.03,0.99,0.1,0.0,0.75,0.25,0.62,-5.15,True
1.02,0.03,0.99,0.1,0.0,1.0,0.0,0.54,-4.23,True
1.02,0.03,0.99,0.1,0.1,0.0,1.0,2.83,-11.86,True
1.02,0.03,0.99,0.1,0.1,0.25,0.75,2.77,-11.26,True
1.02,0.03,0.99,0.1,0.1,0.5,0.5,2.7,-10.64,True
1.02,0.03,0.99,0.1,0.1,0.75,0.25,2.64,-9.97,True
1.02,0.03,0.99,0.1,0.1,1.0,0.0,2.58,-9.27,True
1.02,0.03,0.99,0.1,0.2,0.0,1.0,4.2,-14.45,True
1.02,0.03,0.99,0.1,0.2,0.25,0.75,4.15,-13.94,True
1.02,0.03,0.99,0.1,0.2,0.5,0.5,4.1,-13.42,True
1.02,0.03,0.99,0.1,0.2,0.75,0.25,4.04,-12.86,True
1.02,0.03,0.99,0.1,0.2,1.0,0.0,3.98,-12.27,True
1.02,0.03,0.99,0.1,0.3,0.0,1.0,5.27,-16.18,True
1.02,0.03,0.99,0.1,0.3,0.25,0.75,5.22,-15.73,True
1.02,0.03,0.99,0.1,0.3,0.5,0.5,5.17,-15.27,True
1.02,0.03,0.99,0.1,0.3,0.75,0.25,5.12,-14.78,True
1.02,0.03,0.99,0.1,0.3,1.0,0.0,5.06,-14.26,True
1.02,0.03,0.99,0.2,0.0,0.0,1.0,1.52,-11.95,True
1.02,0.03,0.99,0.2,0.0,0.25,0.75,1.39,-10.94,True
1.02,0.03,0.99,0.2,0.0,0.5,0.5,1.27,-9.82,True
1.02,0.03,0.99,0.2,0.0,0.75,0.25,1.13,-8.59,True
1.02,0.03,0.99,0.2,0.0,1.0,0.0,0.99,-7.22,True
1.02,0.03,0.99,0.2,0.1,0.0,1.0,3.37,-15.2,True
1.02,0.03,0.99,0.2,0.1,0.25,0.75,3.27,-14.38,True
1.02,0.03,0.99,0.2,0.1,0.5,0.5,3.16,-13.49,True
1.02,0.03,0.99,0.2,0.1,0.75,0.25,3.05,-12.5,True
1.02,0.03,0.99,0.2,0.1,1.0,0.0,2.94,-11.42,True
1.02,0.03,0.99,0.2,0.2,0.0,1.0,4.68,-17.21,True
1.02,0.03,0.99,0.2,0.2,0.25,0.75,4.59,-16.5,True
1.02,0.03,0.99,0.2,0.2,0.5,0.5,4.5,-15.73,True
1.02,0.03,0.99,0.2,0.2,0.75,0.25,4.4,-14.89,True
1.02,0.03,0.99,0.2,0.2,1.0,0.0,4.3,-13.96,True
1.02,0.03,0.99,0.2,0.3,0.0,1.0,5.71,-18.57,True
1.02,0.03,0.99,0.2,0.3,0.25,0.75,5.63,-17.94,True
1.02,0.03,0.99,0.2,0.3,0.5,0.5,5.54,-17.24,True
1.02,0.03,0.99,0.2,0.3,0.75,0.25,5.45,-16.49,True
1.02,0.03,0.99,0.2,0.3,1.0,0.0,5.36,-15.67,True
1.02,0.03,0.99,0.3,0.0,0.0,1.0,2.05,-14.81,True
1.02,0.03,0.99,0.3,0.0,0.25,0.75,1.9,-13.7,True
1.02,0.03,0.99,0.3,0.0,0.5,0.5,1.74,-12.46,True
1.02,0.03,0.99,0.3,0.0,0.75,0.25,1.57,-11.05,True
1.02,0.03,0.99,0.3,0.0,1.0,0.0,1.39,-9.44,True
1.02,0.03,0.99,0.3,0.1,0.0,1.0,3.82,-17.44,True
1.02,0.03,0.99,0.3,0.1,0.25,0.75,3.69,-16.53,True
1.02,0.03,0.99,0.3,0.1,0.5,0.5,3.55,-15.51,True
1.02,0.03,0.99,0.3,0.1,0.75,0.25,3.41,-14.36,True
1.02,0.03,0.99,0.3,0.1,1.0,0.0,3.26,-13.05,True
1.02,0.03,0.99,0.3,0.2,0.0,1.0,4.92,-18.61,True
1.02,0.03,0.99,0.3,0.2,0.25,0.75,4.82,-17.84,True
1.02,0.03,0.99,0.3,0.2,0.5,0.5,4.72,-16.99,True
1.02,0.03,0.99,0.3,0.2,0.75,0.25,4.61,-16.04,True
1.02,0.03,0.99,0.3,0.2,1.0,0.0,4.49,-14.97,True
1.02,0.03,0.99,0.3,0.3,0.0,1.0,5.55,-18.61,True
1.02,0.03,0.99,0.3,0.3,0.25,0.75,5.49,-18.01,True
1.02,0.03,0.99,0.3,0.3,0.5,0.5,5.42,-17.34,True
1.02,0.03,0.99,0.3,0.3,0.75,0.25,5.36,-16.62,True
1.02,0.03,0.99,0.3,0.3,1.0,0.0,5.29,-15.82,True
1.02,0.03,0.99,0.4,0.0,0.0,1.0,2.5,-16.82,True
1.02,0.03,0.99,0.4,0.0,0.25,0.75,2.33,-15.68,True
1.02,0.03,0.99,0.4,0.0,0.5,0.5,2.14,-14.39,True
1.02,0.03,0.99,0.4,0.0,0.75,0.25,1.94,-12.9,True
1.02,0.03,0.99,0.4,0.0,1.0,0.0,1.73,-11.15,True
1.02,0.03,0.99,0.4,0.1,0.0,1.0,4.02,-18.6,True
1.02,0.03,0.99,0.4,0.1,0.25,0.75,3.89,-17.65,True
1.02,0.03,0.99,0.4,0.1,0.5,0.5,3.75,-16.59,True
1.02,0.03,0.99,0.4,0.1,0.75,0.25,3.59,-15.37,True
1.02,0.03,0.99,0.4,0.1,1.0,0.0,3.43,-13.98,True
1.02,0.03,0.99,0.4,0.2,0.0,1.0,4.74,-18.61,True
1.02,0.03,0.99,0.4,0.2,0.25,0.75,4.67,-17.85,True
1.02,0.03,0.99,0.4,0.2,0.5,0.5,4.58,-17.01,True
1.02,0.03,0.99,0.4,0.2,0.75,0.25,4.49,-16.08,True
1.02,0.03,0.99,0.4,0.2,1.0,0.0,4.39,-15.04,True
1.02,0.03,0.99,0.4,0.3,0.0,1.0,5.39,-18.62,True
1.02,0.03,0.99,0.4,0.3,0.25,0.75,5.35,-18.02,True
1.02,0.03,0.99,0.4,0.3,0.5,0.5,5.3,-17.38,True
1.02,0.03,0.99,0.4,0.3,0.75,0.25,5.25,-16.68,True
1.02,0.03,0.99,0.4,0.3,1.0,0.0,5.2,-15.91,True
1.02,0.03,1.0,0.1,0.0,0.0,1.0,-0.13,-2.52,True
1.02,0.03,1.0,0.1,0.0,0.25,0.75,-0.12,-2.3,True
1.02,0.03,1.0,0.1,0.0,0.5,0.5,-0.11,-2.08,True
1.02,0.03,1.0,0.1,0.0,0.75,0.25,-0.1,-1.86,True
1.02,0.03,1.0,0.1,0.0,1.0,0.0,-0.08,-1.64,True
1.02,0.03,1.0,0.1,0.1,0.0,1.0,2.06,-6.47,True
1.02,0.03,1.0,0.1,0.1,0.25,0.75,2.07,-6.45,True
1.02,0.03,1.0,0.1,0.1,0.5,0.5,2.07,-6.43,True
1.02,0.03,1.0,0.1,0.1,0.75,0.25,2.08,-6.42,True
1.02,0.03,1.0,0.1,0.1,1.0,0.0,2.09,-6.4,True
1.02,0.03,1.0,0.1,0.2,0.0,1.0,3.53,-10.21,True
1.02,0.03,1.0,0.1,0.2,0.25,0.75,3.54,-10.19,True
1.02,0.03,1.0,0.1,0.2,0.5,0.5,3.55,-10.16,True
1.02,0.03,1.0,0.1,0.2,0.75,0.25,3.55,-10.14,True
1.02,0.03,1.0,0.1,0.2,1.0,0.0,3.56,-10.12,True
1.02,0.03,1.0,0.1,0.3,0.0,1.0,4.65,-12.65,True
1.02,0.03,1.0,0.1,0.3,0.25,0.75,4.66,-12.63,True
1.02,0.03,1.0,0.1,0.3,0.5,0.5,4.66,-12.6,True
1.02,0.03,1.0,0.1,0.3,0.75,0.25,4.67,-12.57,True
1.02,0.03,1.0,0.1,0.3,1.0,0.0,4.68,-12.55,True
1.02,0.03,1.0,0.2,0.0,0.0,1.0,-0.27,-5.0,True
1.02,0.03,1.0,0.2,0.0,0.25,0.75,-0.24,-4.57,True
1.02,0.03,1.0,0.2,0.0,0.5,0.5,-0.22,-4.14,True
1.02,0.03,1.0,0.2,0.0,0.75,0.25,-0.2,-3.71,True
1.02,0.03,1.0,0.2,0.0,1.0,0.0,-0.17,-3.28,True
1.02,0.03,1.0,0.2,0.1,0.0,1.0,1.96,-6.66,True
1.02,0.03,1.0,0.2,0.1,0.25,0.75,1.98,-6.62,True
1.02,0.03,1.0,0.2,0.1,0.5,0.5,2.0,-6.59,True
1.02,0.03,1.0,0.2,0.1,0.75,0.25,2.01,-6.56,True
1.02,0.03,1.0,0.2,0.1,1.0,0.0,2.03,-6.52,True
1.02,0.03,1.0,0.2,0.2,0.0,1.0,3.45,-10.49,True
1.02,0.03,1.0,0.2,0.2,0.25,0.75,3.47,-10.44,True
1.02,0.03,1.0,0.2,0.2,0.5,0.5,3.48,-10.39,True
1.02,0.03,1.0,0.2,0.2,0.75,0.25,3.5,-10.34,True
1.02,0.03,1.0,0.2,0.2,1.0,0.0,3.51,-10.29,True
1.02,0.03,1.0,0.2,0.3,0.0,1.0,4.58,-12.97,True
1.02,0.03,1.0,0.2,0.3,0.25,0.75,4.6,-12.91,True
1.02,0.03,1.0,0.2,0.3,0.5,0.5,4.61,-12.86,True
1.02,0.03,1.0,0.2,0.3,0.75,0.25,4.62,-12.8,True
1.02,0.03,1.0,0.2,0.3,1.0,0.0,4.63,-12.75,True
1.02,0.03,1.0,0.3,0.0,0.0,1.0,-0.41,-7.46,True
1.02,0.03,1.0,0.3,0.0,0.25,0.75,-0.37,-6.82,True
1.02,0.03,1.0,0.3,0.0,0.5,0.5,-0.33,-6.18,True
1.02,0.03,1.0,0.3,0.0,0.75,0.25,-0.29,-5.54,True
1.02,0.03,1.0,0.3,0.0,1.0,0.0,-0.26,-4.89,True
1.02,0.03,1.0,0.3,0.1,0.0,1.0,1.87,-6.86,True
1.02,0.03,1.0,0.3,0.1,0.25,0.75,1.89,-6.8,True
1.02,0.03,1.0,0.3,0.1,0.5,0.5,1.92,-6.75,True
1.02,0.03,1.0,0.3,0.1,0.75,0.25,1.95,-6.7,True
1.02,0.03,1.0,0.3,0.1,1.0,0.0,1.97,-6.65,True
1.02,0.03,1.0,0.3,0.2,0.0,1.0,3.38,-10.77,True
1.02,0.03,1.0,0.3,0.2,0.25,0.75,3.4,-10.69,True
1.02,0.03,1.0,0.3,0.2,0.5,0.5,3.42,-10.62,True
1.02,0.03,1.0,0.3,0.2,0.75,0.25,3.44,-10.54,True
1.02,0.03,1.0,0.3,0.2,1.0,0.0,3.46,-10.47,True
1.02,0.03,1.0,0.3,0.3,0.0,1.0,4.51,-13.29,True
1.02,0.03,1.0,0.3,0.3,0.25,0.75,4.53,-13.2,True
1.02,0.03,1.0,0.3,0.3,0.5,0.5,4.55,-13.12,True
1.02,0.03,1.0,0.3,0.3,0.75,0.25,4.57,-13.04,True
1.02,0.03,1.0,0.3,0.3,1.0,0.0,4.59,-12.95,True
1.02,0.03,1.0,0.4,0.0,0.0,1.0,-0.55,-9.89,True
1.02,0.03,1.0,0.4,0.0,0.25,0.75,-0.5,-9.05,True
1.02,0.03,1.0,0.4,0.0,0.5,0.5,-0.44,-8.2,True
1.02,0.03,1.0,0.4,0.0,0.75,0.25,-0.39,-7.35,True
1.02,0.03,1.0,0.4,0.0,1.0,0.0,-0.34,-6.5,True
1.02,0.03,1.0,0.4,0.1,0.0,1.0,1.77,-7.05,True
1.02,0.03,1.0,0.4,0.1,0.25,0.75,1.8,-6.98,True
1.02,0.03,1.0,0.4,0.1,0.5,0.5,1.84,-6.91,True
1.02,0.03,1.0,0.4,0.1,0.75,0.25,1.87,-6.84,True
1.02,0.03,1.0,0.4,0.1,1.0,0.0,1.91,-6.77,True
1.02,0.03,1.0,0.4,0.2,0.0,1.0,3.29,-11.05,True
1.02,0.03,1.0,0.4,0.2,0.25,0.75,3.32,-10.94,True
1.02,0.03,1.0,0.4,0.2,0.5,0.5,3.35,-10.84,True
1.02,0.03,1.0,0.4,0.2,0.75,0.25,3.38,-10.74,True
1.02,0.03,1.0,0.4,0.2,1.0,0.0,3.41,-10.65,True
1.02,0.03,1.0,0.4,0.3,0.0,1.0,4.44,-13.59,True
1.02,0.03,1.0,0.4,0.3,0.25,0.75,4.47,-13.48,True
1.02,0.03,1.0,0.4,0.3,0.5,0.5,4.49,-13.37,True
1.02,0.03,1.0,0.4,0.3,0.75,0.25,4.52,-13.26,True
1.02,0.03,1.0,0.4,0.3,1.0,0.0,4.54,-13.15,True
1.02,0.03,1.01,0.1,0.0,0.0,1.0,-0.13,-2.52,True
1.02,0.03,1.01,0.1,0.0,0.25,0.75,-0.12,-2.3,True
1.02,0.03,1.01,0.1,0.0,0.5,0.5,-0.11,-2.08,True
1.02,0.03,1.01,0.1,0.0,0.75,0.25,-0.1,-1.86,True
1.02,0.03,1.01,0.1,0.0,1.0,0.0,-0.08,-1.64,True
1.02,0.03,1.01,0.1,0.1,0.0,1.0,2.06,-6.45,True
1.02,0.03,1.01,0.1,0.1,0.25,0.75,2.06,-6.44,True
1.02,0.03,1.01,0.1,0.1,0.5,0.5,2.07,-6.42,True
1.02,0.03,1.01,0.1,0.1,0.75,0.25,2.08,-6.41,True
1.02,0.03,1.01,0.1,0.1,1.0,0.0,2.09,-6.39,True
1.02,0.03,1.01,0.1,0.2,0.0,1.0,3.53,-10.2,True
1.02,0.03,1.01,0.1,0.2,0.25,0.75,3.54,-10.17,True
1.02,0.03,1.01,0.1,0.2,0.5,0.5,3.54,-10.15,True
1.02,0.03,1.01,0.1,0.2,0.75,0.25,3.55,-10.13,True
1.02,0.03,1.01,0.1,0.2,1.0,0.0,3.56,-10.1,True
1.02,0.03,1.01,0.1,0.3,0.0,1.0,4.65,-12.64,True
1.02,0.03,1.01,0.1,0.3,0.25,0.75,4.65,-12.61,True
1.02,0.03,1.01,0.1,0.3,0.5,0.5,4.66,-12.59,True
1.02,0.03,1.01,0.1,0.3,0.75,0.25,4.67,-12.56,True
1.02,0.03,1.01,0.1,0.3,1.0,0.0,4.67,-12.53,True
1.02,0.03,1.01,0.2,0.0,0.0,1.0,-0.26,-5.0,True
1.02,0.03,1.01,0.2,0.0,0.25,0.75,-0.24,-4.57,True
1.02,0.03,1.01,0.2,0.0,0.5,0.5,-0.21,-4.14,True
1.02,0.03,1.01,0.2,0.0,0.75,0.25,-0.19,-3.71,True
1.02,0.03,1.01,0.2,0.0,1.0,0.0,-0.17,-3.28,True
1.02,0.03,1.01,0.2,0.1,0.0,1.0,1.97,-6.65,True
1.02,0.03,1.01,0.2,0.1,0.25,0.75,1.98,-6.61,True
1.02,0.03,1.01,0.2,0.1,0.5,0.5,2.0,-6.58,True
1.02,0.03,1.01,0.2,0.1,0.75,0.25,2.01,-6.54,True
1.02,0.03,1.01,0.2,0.1,1.0,0.0,2.03,-6.51,True
1.02,0.03,1.01,0.2,0.2,0.0,1.0,3.46,-10.47,True
1.02,0.03,1.01,0.2,0.2,0.25,0.75,3.47,-10.42,True
1.02,0.03,1.01,0.2,0.2,0.5,0.5,3.48,-10.37,True
1.02,0.03,1.01,0.2,0.2,0.75,0.25,3.5,-10.33,True
1.02,0.03,1.01,0.2,0.2,1.0,0.0,3.51,-10.28,True
1.02,0.03,1.01,0.2,0.3,0.0,1.0,4.59,-12.96,True
1.02,0.03,1.01,0.2,0.3,0.25,0.75,4.6,-12.9,True
1.02,0.03,1.01,0.2,0.3,0.5,0.5,4.61,-12.85,True
1.02,0.03,1.01,0.2,0.3,0.75,0.25,4.62,-12.79,True
1.02,0.03,1.01,0.2,0.3,1.0,0.0,4.63,-12.73,True
1.02,0.03,1.01,0.3,0.0,0.0,1.0,-0.39,-7.46,True
1.02,0.03,1.01,0.3,0.0,0.25,0.75,-0.36,-6.82,True
1.02,0.03,1.01,0.3,0.0,0.5,0.5,-0.32,-6.18,True
1.02,0.03,1.01,0.3,0.0,0.75,0.25,-0.29,-5.54,True
1.02,0.03,1.01,0.3,0.0,1.0,0.0,-0.25,-4.89,True
1.02,0.03,1.01,0.3,0.1,0.0,1.0,1.87,-6.84,True
1.02,0.03,1.01,0.3,0.1,0.25,0.75,1.9,-6.79,True
1.02,0.03,1.01,0.3,0.1,0.5,0.5,1.92,-6.74,True
1.02,0.03,1.01,0.3,0.1,0.75,0.25,1.95,-6.69,True
1.02,0.03,1.01,0.3,0.1,1.0,0.0,1.97,-6.63,True
1.02,0.03,1.01,0.3,0.2,0.0,1.0,3.38,-10.75,True
1.02,0.03,1.01,0.3,0.2,0.25,0.75,3.4,-10.68,True
1.02,0.03,1.01,0.3,0.2,0.5,0.5,3.42,-10.6,True
1.02,0.03,1.01,0.3,0.2,0.75,0.25,3.44,-10.53,True
1.02,0.03,1.01,0.3,0.2,1.0,0.0,3.46,-10.46,True
1.02,0.03,1.01,0.3,0.3,0.0,1.0,4.52,-13.27,True
1.02,0.03,1.01,0.3,0.3,0.25,0.75,4.53,-13.19,True
1.02,0.03,1.01,0.3,0.3,0.5,0.5,4.55,-13.11,True
1.02,0.03,1.01,0.3,0.3,0.75,0.25,4.57,-13.02,True
1.02,0.03,1.01,0.3,0.3,1.0,0.0,4.59,-12.94,True
1.02,0.03,1.01,0.4,0.0,0.0,1.0,-0.53,-9.89,True
1.02,0.03,1.01,0.4,0.0,0.25,0.75,-0.48,-9.05,True
1.02,0.03,1.01,0.4,0.0,0.5,0.5,-0.43,-8.2,True
1.02,0.03,1.01,0.4,0.0,0.75,0.25,-0.39,-7.35,True
1.02,0.03,1.01,0.4,0.0,1.0,0.0,-0.34,-6.5,True
1.02,0.03,1.01,0.4,0.1,0.0,1.0,1.78,-7.04,True
1.02,0.03,1.01,0.4,0.1,0.25,0.75,1.81,-6.97,True
1.02,0.03,1.01,0.4,0.1,0.5,0.5,1.84,-6.9,True
1.02,0.03,1.01,0.4,0.1,0.75,0.25,1.88,-6.83,True
1.02,0.03,1.01,0.4,0.1,1.0,0.0,1.91,-6.76,True
1.02,0.03,1.01,0.4,0.2,0.0,1.0,3.3,-11.02,True
1.02,0.03,1.01,0.4,0.2,0.25,0.75,3.33,-10.92,True
1.02,0.03,1.01,0.4,0.2,0.5,0.5,3.36,-10.83,True
1.02,0.03,1.01,0.4,0.2,0.75,0.25,3.38,-10.73,True
1.02,0.03,1.01,0.4,0.2,1.0,0.0,3.41,-10.64,True
1.02,0.03,1.01,0.4,0.3,0.0,1.0,4.45,-13.57,True
1.02,0.03,1.01,0.4,0.3,0.25,0.75,4.47,-13.46,True
1.02,0.03,1.01,0.4,0.3,0.5,0.5,4.5,-13.35,True
1.02,0.03,1.01,0.4,0.3,0.75,0.25,4.52,-13.25,True
1.02,0.03,1.01,0.4,0.3,1.0,0.0,4.55,-13.14,True
1.02,0.03,1.02,0.1,0.0,0.0,1.0,-0.06,-2.42,True
1.02,0.03,1.02,0.1,0.0,0.25,0.75,-0.05,-2.22,True
1.02,0.03,1.02,0.1,0.0,0.5,0.5,-0.05,-2.02,True
1.02,0.03,1.02,0.1,0.0,0.75,0.25,-0.04,-1.82,True
1.02,0.03,1.02,0.1,0.0,1.0,0.0,-0.04,-1.62,True
1.02,0.03,1.02,0.1,0.1,0.0,1.0,2.11,-6.36,True
1.02,0.03,1.02,0.1,0.1,0.25,0.75,2.11,-6.35,True
1.02,0.03,1.02,0.1,0.1,0.5,0.5,2.11,-6.35,True
1.02,0.03,1.02,0.1,0.1,0.75,0.25,2.12,-6.34,True
1.02,0.03,1.02,0.1,0.1,1.0,0.0,2.12,-6.33,True
1.02,0.03,1.02,0.1,0.2,0.0,1.0,3.57,-10.07,True
1.02,0.03,1.02,0.1,0.2,0.25,0.75,3.58,-10.06,True
1.02,0.03,1.02,0.1,0.2,0.5,0.5,3.58,-10.05,True
1.02,0.03,1.02,0.1,0.2,0.75,0.25,3.58,-10.03,True
1.02,0.03,1.02,0.1,0.2,1.0,0.0,3.58,-10.02,True
1.02,0.03,1.02,0.1,0.3,0.0,1.0,4.69,-12.5,True
1.02,0.03,1.02,0.1,0.3,0.25,0.75,4.69,-12.48,True
1.02,0.03,1.02,0.1,0.3,0.5,0.5,4.69,-12.47,True
1.02,0.03,1.02,0.1,0.3,0.75,0.25,4.69,-12.46,True
1.02,0.03,1.02,0.1,0.3,1.0,0.0,4.69,-12.44,True
1.02,0.03,1.02,0.2,0.0,0.0,1.0,-0.11,-4.83,True
1.02,0.03,1.02,0.2,0.0,0.25,0.75,-0.1,-4.43,True
1.02,0.03,1.02,0.2,0.0,0.5,0.5,-0.1,-4.04,True
1.02,0.03,1.02,0.2,0.0,0.75,0.25,-0.09,-3.64,True
1.02,0.03,1.02,0.2,0.0,1.0,0.0,-0.08,-3.24,True
1.02,0.03,1.02,0.2,0.1,0.0,1.0,2.07,-6.46,True
1.02,0.03,1.02,0.2,0.1,0.25,0.75,2.07,-6.44,True
1.02,0.03,1.02,0.2,0.1,0.5,0.5,2.08,-6.43,True
1.02,0.03,1.02,0.2,0.1,0.75,0.25,2.09,-6.41,True
1.02,0.03,1.02,0.2,0.1,1.0,0.0,2.09,-6.39,True
1.02,0.03,1.02,0.2,0.2,0.0,1.0,3.54,-10.21,True
1.02,0.03,1.02,0.2,0.2,0.25,0.75,3.55,-10.19,True
1.02,0.03,1.02,0.2,0.2,0.5,0.5,3.55,-10.16,True
1.02,0.03,1.02,0.2,0.2,0.75,0.25,3.56,-10.14,True
1.02,0.03,1.02,0.2,0.2,1.0,0.0,3.56,-10.12,True
1.02,0.03,1.02,0.2,0.3,0.0,1.0,4.66,-12.66,True
1.02,0.03,1.02,0.2,0.3,0.25,0.75,4.66,-12.63,True
1.02,0.03,1.02,0.2,0.3,0.5,0.5,4.67,-12.61,True
1.02,0.03,1.02,0.2,0.3,0.75,0.25,4.67,-12.58,True
1.02,0.03,1.02,0.2,0.3,1.0,0.0,4.68,-12.55,True
1.02,0.03,1.02,0.3,0.0,0.0,1.0,-0.18,-7.22,True
1.02,0.03,1.02,0.3,0.0,0.25,0.75,-0.16,-6.63,True
1.02,0.03,1.02,0.3,0.0,0.5,0.5,-0.15,-6.04,True
1.02,0.03,1.02,0.3,0.0,0.75,0.25,-0.13,-5.44,True
1.02,0.03,1.02,0.3,0.0,1.0,0.0,-0.12,-4.85,True
1.02,0.03,1.02,0.3,0.1,0.0,1.0,2.03,-6.56,True
1.02,0.03,1.02,0.3,0.1,0.25,0.75,2.04,-6.53,True
1.02,0.03,1.02,0.3,0.1,0.5,0.5,2.05,-6.51,True
1.02,0.03,1.02,0.3,0.1,0.75,0.25,2.06,-6.48,True
1.02,0.03,1.02,0.3,0.1,1.0,0.0,2.07,-6.46,True
1.02,0.03,1.02,0.3,0.2,0.0,1.0,3.5,-10.35,True
1.02,0.03,1.02,0.3,0.2,0.25,0.75,3.51,-10.32,True
1.02,0.03,1.02,0.3,0.2,0.5,0.5,3.52,-10.28,True
1.02,0.03,1.02,0.3,0.2,0.75,0.25,3.53,-10.25,True
1.02,0.03,1.02,0.3,0.2,1.0,0.0,3.54,-10.21,True
1.02,0.03,1.02,0.3,0.3,0.0,1.0,4.62,-12.82,True
1.02,0.03,1.02,0.3,0.3,0.25,0.75,4.63,-12.78,True
1.02,0.03,1.02,0.3,0.3,0.5,0.5,4.64,-12.75,True
1.02,0.03,1.02,0.3,0.3,0.75,0.25,4.65,-12.71,True
1.02,0.03,1.02,0.3,0.3,1.0,0.0,4.66,-12.66,True
1.02,0.03,1.02,0.4,0.0,0.0,1.0,-0.24,-9.59,True
1.02,0.03,1.02,0.4,0.0,0.25,0.75,-0.22,-8.81,True
1.02,0.03,1.02,0.4,0.0,0.5,0.5,-0.2,-8.03,True
1.02,0.03,1.02,0.4,0.0,0.75,0.25,-0.18,-7.24,True
1.02,0.03,1.02,0.4,0.0,1.0,0.0,-0.16,-6.45,True
1.02,0.03,1.02,0.4,0.1,0.0,1.0,1.98,-6.65,True
1.02,0.03,1.02,0.4,0.1,0.25,0.75,1.99,-6.62,True
1.02,0.03,1.02,0.4,0.1,0.5,0.5,2.01,-6.59,True
1.02,0.03,1.02,0.4,0.1,0.75,0.25,2.02,-6.56,True
1.02,0.03,1.02,0.4,0.1,1.0,0.0,2.04,-6.52,True
1.02,0.03,1.02,0.4,0.2,0.0,1.0,3.46,-10.49,True
1.02,0.03,1.02,0.4,0.2,0.25,0.75,3.48,-10.44,True
1.02,0.03,1.02,0.4,0.2,0.5,0.5,3.49,-10.4,True
1.02,0.03,1.02,0.4,0.2,0.75,0.25,3.5,-10.35,True
1.02,0.03,1.02,0.4,0.2,1.0,0.0,3.52,-10.31,True
1.02,0.03,1.02,0.4,0.3,0.0,1.0,4.58,-12.99,True
1.02,0.03,1.02,0.4,0.3,0.25,0.75,4.6,-12.93,True
1.02,0.03,1.02,0.4,0.3,0.5,0.5,4.61,-12.88,True
1.02,0.03,1.02,0.4,0.3,0.75,0.25,4.62,-12.83,True
1.02,0.03,1.02,0.4,0.3,1.0,0.0,4.63,-12.78,True
1.03,0.005,0.95,0.1,0.0,0.0,1.0,16.97,-28.44,True
1.03,0.005,0.95,0.1,0.0,0.25,0.75,15.94,-26.8,True
1.03,0.005,0.95,0.1,0.0,0.5,0.5,14.85,-24.89,True
1.03,0.005,0.95,0.1,0.0,0.75,0.25,13.67,-22.62,True
1.03,0.005,0.95,0.1,0.0,1.0,0.0,12.39,-19.89,True
1.03,0.005,0.95,0.1,0.1,0.0,1.0,16.82,-28.3,True
1.03,0.005,0.95,0.1,0.1,0.25,0.75,15.84,-26.66,True
1.03,0.005,0.95,0.1,0.1,0.5,0.5,14.8,-24.76,True
1.03,0.005,0.95,0.1,0.1,0.75,0.25,13.69,-22.53,True
1.03,0.005,0.95,0.1,0.1,1.0,0.0,12.51,-19.9,True
1.03,0.005,0.95,0.1,0.2,0.0,1.0,16.64,-28.14,True
1.03,0.005,0.95,0.1,0.2,0.25,0.75,15.7,-26.5,True
1.03,0.005,0.95,0.1,0.2,0.5,0.5,14.71,-24.62,True
1.03,0.005,0.95,0.1,0.2,0.75,0.25,13.67,-22.44,True
1.03,0.005,0.95,0.1,0.2,1.0,0.0,12.58,-19.9,True
1.03,0.005,0.95,0.1,0.3,0.0,1.0,16.44,-27.96,True
1.03,0.005,0.95,0.1,0.3,0.25,0.75,15.55,-26.32,True
1.03,0.005,0.95,0.1,0.3,0.5,0.5,14.61,-24.46,True
1.03,0.005,0.95,0.1,0.3,0.75,0.25,13.64,-22.33,True
1.03,0.005,0.95,0.1,0.3,1.0,0.0,12.63,-19.91,True
1.03,0.005,0.95,0.2,0.0,0.0,1.0,18.97,-29.94,True
1.03,0.005,0.95,0.2,0.0,0.25,0.75,17.81,-28.22,True
1.03,0.005,0.95,0.2,0.0,0.5,0.5,16.57,-26.23,True
1.03,0.005,0.95,0.2,0.0,0.75,0.25,15.24,-23.87,True
1.03,0.005,0.95,0.2,0.0,1.0,0.0,13.8,-21.04,True
1.03,0.005,0.95,0.2,0.1,0.0,1.0,18.65,-29.84,True
1.03,0.005,0.95,0.2,0.1,0.25,0.75,17.52,-28.12,True
1.03,0.005,0.95,0.2,0.1,0.5,0.5,16.32,-26.13,True
1.03,0.005,0.95,0.2,0.1,0.75,0.25,15.04,-23.8,True
1.03,0.005,0.95,0.2,0.1,1.0,0.0,13.68,-21.05,True
1.03,0.005,0.95,0.2,0.2,0.0,1.0,18.3,-29.72,True
1.03,0.005,0.95,0.2,0.2,0.25,0.75,17.21,-27.99,True
1.03,0.005,0.95,0.2,0.2,0.5,0.5,16.05,-26.01,True
1.03,0.005,0.95,0.2,0.2,0.75,0.25,14.83,-23.72,True
1.03,0.005,0.95,0.2,0.2,1.0,0.0,13.54,-21.07,True
1.03,0.005,0.95,0.2,0.3,0.0,1.0,17.84,-29.57,True
1.03,0.005,0.95,0.2,0.3,0.25,0.75,16.79,-27.84,True
1.03,0.005,0.95,0.2,0.3,0.5,0.5,15.69,-25.88,True
1.03,0.005,0.95,0.2,0.3,0.75,0.25,14.54,-23.63,True
1.03,0.005,0.95,0.2,0.3,1.0,0.0,13.35,-21.08,True
1.03,0.005,0.95,0.3,0.0,0.0,1.0,19.32,-31.44,True
1.03,0.005,0.95,0.3,0.0,0.25,0.75,18.15,-29.63,True
1.03,0.005,0.95,0.3,0.0,0.5,0.5,16.89,-27.54,True
1.03,0.005,0.95,0.3,0.0,0.75,0.25,15.53,-25.1,True
1.03,0.005,0.95,0.3,0.0,1.0,0.0,14.07,-22.18,True
1.03,0.005,0.95,0.3,0.1,0.0,1.0,18.93,-31.35,True
1.03,0.005,0.95,0.3,0.1,0.25,0.75,17.79,-29.54,True
1.03,0.005,0.95,0.3,0.1,0.5,0.5,16.57,-27.46,True
1.03,0.005,0.95,0.3,0.1,0.75,0.25,15.27,-25.04,True
1.03,0.005,0.95,0.3,0.1,1.0,0.0,13.88,-22.2,True
1.03,0.005,0.95,0.3,0.2,0.0,1.0,18.51,-31.24,True
1.03,0.005,0.95,0.3,0.2,0.25,0.75,17.4,-29.42,True
1.03,0.005,0.95,0.3,0.2,0.5,0.5,16.22,-27.35,True
1.03,0.005,0.95,0.3,0.2,0.75,0.25,14.99,-24.97,True
1.03,0.005,0.95,0.3,0.2,1.0,0.0,13.69,-22.23,True
1.03,0.005,0.95,0.3,0.3,0.0,1.0,18.04,-31.11,True
1.03,0.005,0.95,0.3,0.3,0.25,0.75,16.98,-29.29,True
1.03,0.005,0.95,0.3,0.3,0.5,0.5,15.86,-27.23,True
1.03,0.005,0.95,0.3,0.3,0.75,0.25,14.69,-24.89,True
1.03,0.005,0.95,0.3,0.3,1.0,0.0,13.49,-22.26,True
1.03,0.005,0.95,0.4,0.0,0.0,1.0,19.52,-32.95,True
1.03,0.005,0.95,0.4,0.0,0.25,0.75,18.33,-31.04,True
1.03,0.005,0.95,0.4,0.0,0.5,0.5,17.06,-28.86,True
1.03,0.005,0.95,0.4,0.0,0.75,0.25,15.69,-26.32,True
1.03,0.005,0.95,0.4,0.0,1.0,0.0,14.21,-23.33,True
1.03,0.005,0.95,0.4,0.1,0.0,1.0,19.14,-32.86,True
1.03,0.005,0.95,0.4,0.1,0.25,0.75,17.98,-30.95,True
1.03,0.005,0.95,0.4,0.1,0.5,0.5,16.74,-28.78,True
1.03,0.005,0.95,0.4,0.1,0.75,0.25,15.43,-26.27,True
1.03,0.005,0.95,0.4,0.1,1.0,0.0,14.03,-23.36,True
1.03,0.005,0.95,0.4,0.2,0.0,1.0,18.73,-32.76,True
1.03,0.005,0.95,0.4,0.2,0.25,0.75,17.6,-30.85,True
1.03,0.005,0.95,0.4,0.2,0.5,0.5,16.41,-28.68,True
1.03,0.005,0.95,0.4,0.2,0.75,0.25,15.16,-26.21,True
1.03,0.005,0.95,0.4,0.2,1.0,0.0,13.84,-23.39,True
1.03,0.005,0.95,0.4,0.3,0.0,1.0,18.3,-32.64,True
1.03,0.005,0.95,0.4,0.3,0.25,0.75,17.21,-30.73,True
1.03,0.005,0.95,0.4,0.3,0.5,0.5,16.07,-28.57,True
1.03,0.005,0.95,0.4,0.3,0.75,0.25,14.88,-26.15,True
1.03,0.005,0.95,0.4,0.3,1.0,0.0,13.66,-23.43,True
1.03,0.005,0.97,0.1,0.0,0.0,1.0,11.74,-24.95,True
1.03,0.005,0.97,0.1,0.0,0.25,0.75,11.07,-23.49,True
1.03,0.005,0.97,0.1,0.0,0.5,0.5,10.37,-21.79,True
1.03,0.005,0.97,0.1,0.0,0.75,0.25,9.62,-19.77,True
1.03,0.005,0.97,0.1,0.0,1.0,0.0,8.81,-17.35,True
1.03,0.005,0.97,0.1,0.1,0.0,1.0,12.12,-24.68,True
1.03,0.005,0.97,0.1,0.1,0.25,0.75,11.5,-23.27,True
1.03,0.005,0.97,0.1,0.1,0.5,0.5,10.86,-21.67,True
1.03,0.005,0.97,0.1,0.1,0.75,0.25,10.18,-19.82,True
1.03,0.005,0.97,0.1,0.1,1.0,0.0,9.47,-17.66,True
1.03,0.005,0.97,0.1,0.2,0.0,1.0,12.49,-24.42,True
1.03,0.005,0.97,0.1,0.2,0.25,0.75,11.91,-23.07,True
1.03,0.005,0.97,0.1,0.2,0.5,0.5,11.3,-21.56,True
1.03,0.005,0.97,0.1,0.2,0.75,0.25,10.67,-19.85,True
1.03,0.005,0.97,0.1,0.2,1.0,0.0,10.01,-17.93,True
1.03,0.005,0.97,0.1,0.3,0.0,1.0,12.63,-24.15,True
1.03,0.005,0.97,0.1,0.3,0.25,0.75,12.09,-22.86,True
1.03,0.005,0.97,0.1,0.3,0.5,0.5,11.53,-21.45,True
1.03,0.005,0.97,0.1,0.3,0.75,0.25,10.96,-19.89,True
1.03,0.005,0.97,0.1,0.3,1.0,0.0,10.39,-18.18,True
1.03,0.005,0.97,0.2,0.0,0.0,1.0,13.86,-26.53,True
1.03,0.005,0.97,0.2,0.0,0.25,0.75,13.06,-24.98,True
1.03,0.005,0.97,0.2,0.0,0.5,0.5,12.21,-23.18,True
1.03,0.005,0.97,0.2,0.0,0.75,0.25,11.3,-21.07,True
1.03,0.005,0.97,0.2,0.0,1.0,0.0,10.33,-18.53,True
1.03,0.005,0.97,0.2,0.1,0.0,1.0,13.84,-26.34,True
1.03,0.005,0.97,0.2,0.1,0.25,0.75,13.08,-24.82,True
1.03,0.005,0.97,0.2,0.1,0.5,0.5,12.28,-23.1,True
1.03,0.005,0.97,0.2,0.1,0.75,0.25,11.44,-21.11,True
1.03,0.005,0.97,0.2,0.1,1.0,0.0,10.56,-18.81,True
1.03,0.005,0.97,0.2,0.2,0.0,1.0,13.79,-26.14,True
1.03,0.005,0.97,0.2,0.2,0.25,0.75,13.08,-24.66,True
1.03,0.005,0.97,0.2,0.2,0.5,0.5,12.34,-23.01,True
1.03,0.005,0.97,0.2,0.2,0.75,0.25,11.56,-21.16,True
1.03,0.005,0.97,0.2,0.2,1.0,0.0,10.77,-19.07,True
1.03,0.005,0.97,0.2,0.3,0.0,1.0,13.74,-25.92,True
1.03,0.005,0.97,0.2,0.3,0.25,0.75,13.06,-24.5,True
1.03,0.005,0.97,0.2,0.3,0.5,0.5,12.36,-22.93,True
1.03,0.005,0.97,0.2,0.3,0.75,0.25,11.66,-21.21,True
1.03,0.005,0.97,0.2,0.3,1.0,0.0,10.94,-19.33,True
1.03,0.005,0.97,0.3,0.0,0.0,1.0,14.42,-28.11,True
1.03,0.005,0.97,0.3,0.0,0.25,0.75,13.59,-26.45,True
1.03,0.005,0.97,0.3,0.0,0.5,0.5,12.7,-24.55,True
1.03,0.005,0.97,0.3,0.0,0.75,0.25,11.76,-22.34,True
1.03,0.005,0.97,0.3,0.0,1.0,0.0,10.75,-19.71,True
1.03,0.005,0.97,0.3,0.1,0.0,1.0,14.35,-27.95,True
1.03,0.005,0.97,0.3,0.1,0.25,0.75,13.56,-26.33,True
1.03,0.005,0.97,0.3,0.1,0.5,0.5,12.72,-24.5,True
1.03,0.005,0.97,0.3,0.1,0.75,0.25,11.84,-22.4,True
1.03,0.005,0.97,0.3,0.1,1.0,0.0,10.92,-19.99,True
1.03,0.005,0.97,0.3,0.2,0.0,1.0,14.18,-27.78,True
1.03,0.005,0.97,0.3,0.2,0.25,0.75,13.43,-26.19,True
1.03,0.005,0.97,0.3,0.2,0.5,0.5,12.65,-24.43,True
1.03,0.005,0.97,0.3,0.2,0.75,0.25,11.85,-22.46,True
1.03,0.005,0.97,0.3,0.2,1.0,0.0,11.02,-20.26,True
1.03,0.005,0.97,0.3,0.3,0.0,1.0,14.01,-27.59,True
1.03,0.005,0.97,0.3,0.3,0.25,0.75,13.3,-26.05,True
1.03,0.005,0.97,0.3,0.3,0.5,0.5,12.59,-24.36,True
1.03,0.005,0.97,0.3,0.3,0.75,0.25,11.86,-22.52,True
1.03,0.005,0.97,0.3,0.3,1.0,0.0,11.12,-20.53,True
1.03,0.005,0.97,0.4,0.0,0.0,1.0,14.72,-29.69,True
1.03,0.005,0.97,0.4,0.0,0.25,0.75,13.87,-27.92,True
1.03,0.005,0.97,0.4,0.0,0.5,0.5,12.97,-25.92,True
1.03,0.005,0.97,0.4,0.0,0.75,0.25,12.0,-23.61,True
1.03,0.005,0.97,0.4,0.0,1.0,0.0,10.97,-20.9,True
1.03,0.005,0.97,0.4,0.1,0.0,1.0,14.57,-29.55,True
1.03,0.005,0.97,0.4,0.1,0.25,0.75,13.76,-27.82,True
1.03,0.005,0.97,0.4,0.1,0.5,0.5,12.9,-25.88,True
1.03,0.005,0.97,0.4,0.1,0.75,0.25,12.01,-23.68,True
1.03,0.005,0.97,0.4,0.1,1.0,0.0,11.07,-21.18,True
1.03,0.005,0.97,0.4,0.2,0.0,1.0,14.4,-29.4,True
1.03,0.005,0.97,0.4,0.2,0.25,0.75,13.63,-27.71,True
1.03,0.005,0.97,0.4,0.2,0.5,0.5,12.84,-25.83,True
1.03,0.005,0.97,0.4,0.2,0.75,0.25,12.02,-23.76,True
1.03,0.005,0.97,0.4,0.2,1.0,0.0,11.18,-21.46,True
1.03,0.005,0.97,0.4,0.3,0.0,1.0,14.27,-29.25,True
1.03,0.005,0.97,0.4,0.3,0.25,0.75,13.55,-27.59,True
1.03,0.005,0.97,0.4,0.3,0.5,0.5,12.81,-25.8,True
1.03,0.005,0.97,0.4,0.3,0.75,0.25,12.05,-23.84,True
1.03,0.005,0.97,0.4,0.3,1.0,0.0,11.28,-21.74,True
1.03,0.005,0.99,0.1,0.0,0.0,1.0,8.65,-25.84,True
1.03,0.005,0.99,0.1,0.0,0.25,0.75,8.19,-23.96,True
1.03,0.005,0.99,0.1,0.0,0.5,0.5,7.68,-21.99,True
1.03,0.005,0.99,0.1,0.0,0.75,0.25,7.14,-19.92,True
1.03,0.005,0.99,0.1,0.0,1.0,0.0,6.56,-17.73,True
1.03,0.005,0.99,0.1,0.1,0.0,1.0,9.44,-22.9,True
1.03,0.005,0.99,0.1,0.1,0.25,0.75,9.03,-21.15,True
1.03,0.005,0.99,0.1,0.1,0.5,0.5,8.6,-19.33,True
1.03,0.005,0.99,0.1,0.1,0.75,0.25,8.14,-17.44,True
1.03,0.005,0.99,0.1,0.1,1.0,0.0,7.65,-15.47,True
1.03,0.005,0.99,0.1,0.2,0.0,1.0,10.04,-20.99,True
1.03,0.005,0.99,0.1,0.2,0.25,0.75,9.67,-19.37,True
1.03,0.005,0.99,0.1,0.2,0.5,0.5,9.28,-17.7,True
1.03,0.005,0.99,0.1,0.2,0.75,0.25,8.87,-16.28,True
1.03,0.005,0.99,0.1,0.2,1.0,0.0,8.46,-15.03,True
1.03,0.005,0.99,0.1,0.3,0.0,1.0,10.48,-19.29,True
1.03,0.005,0.99,0.1,0.3,0.25,0.75,10.15,-18.5,True
1.03,0.005,0.99,0.1,0.3,0.5,0.5,9.8,-17.65,True
1.03,0.005,0.99,0.1,0.3,0.75,0.25,9.45,-16.72,True
1.03,0.005,0.99,0.1,0.3,1.0,0.0,9.09,-15.72,True
1.03,0.005,0.99,0.2,0.0,0.0,1.0,10.69,-24.89,True
1.03,0.005,0.99,0.2,0.0,0.25,0.75,10.1,-23.08,True
1.03,0.005,0.99,0.2,0.0,0.5,0.5,9.47,-21.17,True
1.03,0.005,0.99,0.2,0.0,0.75,0.25,8.79,-19.14,True
1.03,0.005,0.99,0.2,0.0,1.0,0.0,8.05,-16.99,True
1.03,0.005,0.99,0.2,0.1,0.0,1.0,11.15,-22.25,True
1.03,0.005,0.99,0.2,0.1,0.25,0.75,10.61,-20.48,True
1.03,0.005,0.99,0.2,0.1,0.5,0.5,10.04,-18.63,True
1.03,0.005,0.99,0.2,0.1,0.75,0.25,9.43,-16.7,True
1.03,0.005,0.99,0.2,0.1,1.0,0.0,8.79,-14.68,True
1.03,0.005,0.99,0.2,0.2,0.0,1.0,11.48,-20.01,True
1.03,0.005,0.99,0.2,0.2,0.25,0.75,10.98,-18.93,True
1.03,0.005,0.99,0.2,0.2,0.5,0.5,10.46,-17.82,True
1.03,0.005,0.99,0.2,0.2,0.75,0.25,9.91,-16.58,True
1.03,0.005,0.99,0.2,0.2,1.0,0.0,9.35,-15.2,True
1.03,0.005,0.99,0.2,0.3,0.0,1.0,11.71,-19.96,True
1.03,0.005,0.99,0.2,0.3,0.25,0.75,11.25,-19.05,True
1.03,0.005,0.99,0.2,0.3,0.5,0.5,10.77,-18.06,True
1.03,0.005,0.99,0.2,0.3,0.75,0.25,10.29,-16.99,True
1.03,0.005,0.99,0.2,0.3,1.0,0.0,9.8,-15.85,True
1.03,0.005,0.99,0.3,0.0,0.0,1.0,12.07,-23.63,True
1.03,0.005,0.99,0.3,0.0,0.25,0.75,11.37,-21.88,True
1.03,0.005,0.99,0.3,0.0,0.5,0.5,10.64,-20.04,True
1.03,0.005,0.99,0.3,0.0,0.75,0.25,9.85,-18.07,True
1.03,0.005,0.99,0.3,0.0,1.0,0.0,9.01,-15.98,True
1.03,0.005,0.99,0.3,0.1,0.0,1.0,12.27,-22.47,True
1.03,0.005,0.99,0.3,0.1,0.25,0.75,11.62,-20.75,True
1.03,0.005,0.99,0.3,0.1,0.5,0.5,10.95,-18.94,True
1.03,0.005,0.99,0.3,0.1,0.75,0.25,10.24,-17.01,True
1.03,0.005,0.99,0.3,0.1,1.0,0.0,9.5,-14.98,True
1.03,0.005,0.99,0.3,0.2,0.0,1.0,12.33,-21.27,True
1.03,0.005,0.99,0.3,0.2,0.25,0.75,11.75,-19.55,True
1.03,0.005,0.99,0.3,0.2,0.5,0.5,11.14,-18.33,True
1.03,0.005,0.99,0.3,0.2,0.75,0.25,10.51,-17.01,True
1.03,0.005,0.99,0.3,0.2,1.0,0.0,9.87,-15.55,True
1.03,0.005,0.99,0.3,0.3,0.0,1.0,12.4,-20.62,True
1.03,0.005,0.99,0.3,0.3,0.25,0.75,11.87,-19.63,True
1.03,0.005,0.99,0.3,0.3,0.5,0.5,11.32,-18.57,True
1.03,0.005,0.99,0.3,0.3,0.75,0.25,10.77,-17.42,True
1.03,0.005,0.99,0.3,0.3,1.0,0.0,10.23,-16.2,True
1.03,0.005,0.99,0.4,0.0,0.0,1.0,12.8,-24.24,True
1.03,0.005,0.99,0.4,0.0,0.25,0.75,12.05,-22.45,True
1.03,0.005,0.99,0.4,0.0,0.5,0.5,11.26,-20.55,True
1.03,0.005,0.99,0.4,0.0,0.75,0.25,10.41,-18.54,True
1.03,0.005,0.99,0.4,0.0,1.0,0.0,9.52,-16.38,True
1.03,0.005,0.99,0.4,0.1,0.0,1.0,12.86,-23.11,True
1.03,0.005,0.99,0.4,0.1,0.25,0.75,12.16,-21.32,True
1.03,0.005,0.99,0.4,0.1,0.5,0.5,11.44,-19.43,True
1.03,0.005,0.99,0.4,0.1,0.75,0.25,10.68,-17.45,True
1.03,0.005,0.99,0.4,0.1,1.0,0.0,9.89,-15.36,True
1.03,0.005,0.99,0.4,0.2,0.0,1.0,12.94,-22.0,True
1.03,0.005,0.99,0.4,0.2,0.25,0.75,12.3,-20.21,True
1.03,0.005,0.99,0.4,0.2,0.5,0.5,11.65,-18.86,True
1.03,0.005,0.99,0.4,0.2,0.75,0.25,10.96,-17.48,True
1.03,0.005,0.99,0.4,0.2,1.0,0.0,10.26,-15.96,True
1.03,0.005,0.99,0.4,0.3,0.0,1.0,13.0,-21.29,True
1.03,0.005,0.99,0.4,0.3,0.25,0.75,12.4,-20.23,True
1.03,0.005,0.99,0.4,0.3,0.5,0.5,11.8,-19.09,True
1.03,0.005,0.99,0.4,0.3,0.75,0.25,11.19,-17.87,True
1.03,0.005,0.99,0.4,0.3,1.0,0.0,10.57,-16.57,True
1.03,0.005,1.0,0.1,0.0,0.0,1.0,5.64,-21.74,True
1.03,0.005,1.0,0.1,0.0,0.25,0.75,5.37,-20.12,True
1.03,0.005,1.0,0.1,0.0,0.5,0.5,5.08,-18.42,True
1.03,0.005,1.0,0.1,0.0,0.75,0.25,4.77,-16.63,True
1.03,0.005,1.0,0.1,0.0,1.0,0.0,4.44,-14.73,True
1.03,0.005,1.0,0.1,0.1,0.0,1.0,7.22,-19.02,True
1.03,0.005,1.0,0.1,0.1,0.25,0.75,6.99,-17.57,True
1.03,0.005,1.0,0.1,0.1,0.5,0.5,6.74,-16.06,True
1.03,0.005,1.0,0.1,0.1,0.75,0.25,6.48,-14.49,True
1.03,0.005,1.0,0.1,0.1,1.0,0.0,6.21,-13.1,True
1.03,0.005,1.0,0.1,0.2,0.0,1.0,8.23,-17.27,True
1.03,0.005,1.0,0.1,0.2,0.25,0.75,8.03,-16.51,True
1.03,0.005,1.0,0.1,0.2,0.5,0.5,7.82,-15.78,True
1.03,0.005,1.0,0.1,0.2,0.75,0.25,7.6,-15.09,True
1.03,0.005,1.0,0.1,0.2,1.0,0.0,7.37,-14.43,True
1.03,0.005,1.0,0.1,0.3,0.0,1.0,9.06,-17.57,True
1.03,0.005,1.0,0.1,0.3,0.25,0.75,8.86,-16.95,True
1.03,0.005,1.0,0.1,0.3,0.5,0.5,8.65,-16.37,True
1.03,0.005,1.0,0.1,0.3,0.75,0.25,8.45,-15.83,True
1.03,0.005,1.0,0.1,0.3,1.0,0.0,8.24,-15.34,True
1.03,0.005,1.0,0.2,0.0,0.0,1.0,8.32,-22.04,True
1.03,0.005,1.0,0.2,0.0,0.25,0.75,7.87,-20.31,True
1.03,0.005,1.0,0.2,0.0,0.5,0.5,7.39,-18.55,True
1.03,0.005,1.0,0.2,0.0,0.75,0.25,6.89,-16.77,True
1.03,0.005,1.0,0.2,0.0,1.0,0.0,6.35,-14.98,True
1.03,0.005,1.0,0.2,0.1,0.0,1.0,8.95,-17.94,True
1.03,0.005,1.0,0.2,0.1,0.25,0.75,8.56,-16.49,True
1.03,0.005,1.0,0.2,0.1,0.5,0.5,8.16,-15.01,True
1.03,0.005,1.0,0.2,0.1,0.75,0.25,7.75,-14.0,True
1.03,0.005,1.0,0.2,0.1,1.0,0.0,7.33,-13.01,True
1.03,0.005,1.0,0.2,0.2,0.0,1.0,9.56,-17.46,True
1.03,0.005,1.0,0.2,0.2,0.25,0.75,9.22,-16.59,True
1.03,0.005,1.0,0.2,0.2,0.5,0.5,8.88,-15.75,True
1.03,0.005,1.0,0.2,0.2,0.75,0.25,8.53,-14.96,True
1.03,0.005,1.0,0.2,0.2,1.0,0.0,8.17,-14.22,True
1.03,0.005,1.0,0.2,0.3,0.0,1.0,10.04,-17.78,True
1.03,0.005,1.0,0.2,0.3,0.25,0.75,9.76,-17.04,True
1.03,0.005,1.0,0.2,0.3,0.5,0.5,9.47,-16.36,True
1.03,0.005,1.0,0.2,0.3,0.75,0.25,9.17,-15.73,True
1.03,0.005,1.0,0.2,0.3,1.0,0.0,8.86,-15.17,True
1.03,0.005,1.0,0.3,0.0,0.0,1.0,9.25,-22.87,True
1.03,0.005,1.0,0.3,0.0,0.25,0.75,8.74,-21.04,True
1.03,0.005,1.0,0.3,0.0,0.5,0.5,8.2,-19.19,True
1.03,0.005,1.0,0.3,0.0,0.75,0.25,7.62,-17.32,True
1.03,0.005,1.0,0.3,0.0,1.0,0.0,7.01,-15.43,True
1.03,0.005,1.0,0.3,0.1,0.0,1.0,9.8,-17.5,True
1.03,0.005,1.0,0.3,0.1,0.25,0.75,9.35,-16.36,True
1.03,0.005,1.0,0.3,0.1,0.5,0.5,8.89,-15.27,True
1.03,0.005,1.0,0.3,0.1,0.75,0.25,8.4,-14.2,True
1.03,0.005,1.0,0.3,0.1,1.0,0.0,7.9,-13.16,True
1.03,0.005,1.0,0.3,0.2,0.0,1.0,10.26,-17.82,True
1.03,0.005,1.0,0.3,0.2,0.25,0.75,9.87,-16.88,True
1.03,0.005,1.0,0.3,0.2,0.5,0.5,9.47,-15.98,True
1.03,0.005,1.0,0.3,0.2,0.75,0.25,9.05,-15.12,True
1.03,0.005,1.0,0.3,0.2,1.0,0.0,8.63,-14.34,True
1.03,0.005,1.0,0.3,0.3,0.0,1.0,10.66,-18.13,True
1.03,0.005,1.0,0.3,0.3,0.25,0.75,10.32,-17.33,True
1.03,0.005,1.0,0.3,0.3,0.5,0.5,9.95,-16.58,True
1.03,0.005,1.0,0.3,0.3,0.75,0.25,9.59,-15.89,True
1.03,0.005,1.0,0.3,0.3,1.0,0.0,9.22,-15.29,True
1.03,0.005,1.0,0.4,0.0,0.0,1.0,9.97,-21.7,True
1.03,0.005,1.0,0.4,0.0,0.25,0.75,9.41,-19.92,True
1.03,0.005,1.0,0.4,0.0,0.5,0.5,8.81,-18.13,True
1.03,0.005,1.0,0.4,0.0,0.75,0.25,8.19,-16.32,True
1.03,0.005,1.0,0.4,0.0,1.0,0.0,7.52,-14.5,True
1.03,0.005,1.0,0.4,0.1,0.0,1.0,10.45,-17.87,True
1.03,0.005,1.0,0.4,0.1,0.25,0.75,9.95,-16.71,True
1.03,0.005,1.0,0.4,0.1,0.5,0.5,9.43,-15.57,True
1.03,0.005,1.0,0.4,0.1,0.75,0.25,8.89,-14.46,True
1.03,0.005,1.0,0.4,0.1,1.0,0.0,8.33,-13.38,True
1.03,0.005,1.0,0.4,0.2,0.0,1.0,10.82,-18.21,True
1.03,0.005,1.0,0.4,0.2,0.25,0.75,10.37,-17.21,True
1.03,0.005,1.0,0.4,0.2,0.5,0.5,9.91,-16.25,True
1.03,0.005,1.0,0.4,0.2,0.75,0.25,9.44,-15.35,True
1.03,0.005,1.0,0.4,0.2,1.0,0.0,8.96,-14.51,True
1.03,0.005,1.0,0.4,0.3,0.0,1.0,11.14,-18.51,True
1.03,0.005,1.0,0.4,0.3,0.25,0.75,10.74,-17.64,True
1.03,0.005,1.0,0.4,0.3,0.5,0.5,10.34,-16.83,True
1.03,0.005,1.0,0.4,0.3,0.75,0.25,9.93,-16.09,True
1.03,0.005,1.0,0.4,0.3,1.0,0.0,9.51,-15.43,True
1.03,0.005,1.01,0.1,0.0,0.0,1.0,2.96,-16.43,True
1.03,0.005,1.01,0.1,0.0,0.25,0.75,2.87,-15.11,True
1.03,0.005,1.01,0.1,0.0,0.5,0.5,2.76,-13.78,True
1.03,0.005,1.01,0.1,0.0,0.75,0.25,2.63,-12.43,True
1.03,0.005,1.01,0.1,0.0,1.0,0.0,2.49,-11.07,True
1.03,0.005,1.01,0.1,0.1,0.0,1.0,5.13,-17.06,True
1.03,0.005,1.01,0.1,0.1,0.25,0.75,5.06,-15.78,True
1.03,0.005,1.01,0.1,0.1,0.5,0.5,4.97,-14.5,True
1.03,0.005,1.01,0.1,0.1,0.75,0.25,4.88,-13.21,True
1.03,0.005,1.01,0.1,0.1,1.0,0.0,4.78,-12.24,True
1.03,0.005,1.01,0.1,0.2,0.0,1.0,6.49,-16.16,True
1.03,0.005,1.01,0.1,0.2,0.25,0.75,6.43,-15.63,True
1.03,0.005,1.01,0.1,0.2,0.5,0.5,6.37,-15.12,True
1.03,0.005,1.01,0.1,0.2,0.75,0.25,6.3,-14.62,True
1.03,0.005,1.01,0.1,0.2,1.0,0.0,6.23,-14.15,True
1.03,0.005,1.01,0.1,0.3,0.0,1.0,7.55,-16.85,True
1.03,0.005,1.01,0.1,0.3,0.25,0.75,7.5,-16.45,True
1.03,0.005,1.01,0.1,0.3,0.5,0.5,7.45,-16.06,True
1.03,0.005,1.01,0.1,0.3,0.75,0.25,7.39,-15.69,True
1.03,0.005,1.01,0.1,0.3,1.0,0.0,7.33,-15.35,True
1.03,0.005,1.01,0.2,0.0,0.0,1.0,4.27,-24.83,True
1.03,0.005,1.01,0.2,0.0,0.25,0.75,4.11,-22.97,True
1.03,0.005,1.01,0.2,0.0,0.5,0.5,3.93,-21.06,True
1.03,0.005,1.01,0.2,0.0,0.75,0.25,3.72,-19.11,True
1.03,0.005,1.01,0.2,0.0,1.0,0.0,3.49,-17.11,True
1.03,0.005,1.01,0.2,0.1,0.0,1.0,5.93,-22.99,True
1.03,0.005,1.01,0.2,0.1,0.25,0.75,5.8,-21.3,True
1.03,0.005,1.01,0.2,0.1,0.5,0.5,5.67,-19.58,True
1.03,0.005,1.01,0.2,0.1,0.75,0.25,5.51,-17.83,True
1.03,0.005,1.01,0.2,0.1,1.0,0.0,5.35,-16.06,True
1.03,0.005,1.01,0.2,0.2,0.0,1.0,7.12,-20.99,True
1.03,0.005,1.01,0.2,0.2,0.25,0.75,7.02,-19.46,True
1.03,0.005,1.01,0.2,0.2,0.5,0.5,6.92,-17.91,True
1.03,0.005,1.01,0.2,0.2,0.75,0.25,6.8,-16.36,True
1.03,0.005,1.01,0.2,0.2,1.0,0.0,6.68,-14.79,True
1.03,0.005,1.01,0.2,0.3,0.0,1.0,8.11,-18.8,True
1.03,0.005,1.01,0.2,0.3,0.25,0.75,8.02,-17.38,True
1.03,0.005,1.01,0.2,0.3,0.5,0.5,7.93,-16.04,True
1.03,0.005,1.01,0.2,0.3,0.75,0.25,7.82,-15.62,True
1.03,0.005,1.01,0.2,0.3,1.0,0.0,7.71,-15.23,True
1.03,0.005,1.01,0.3,0.0,0.0,1.0,5.09,-27.65,True
1.03,0.005,1.01,0.3,0.0,0.25,0.75,4.88,-25.67,True
1.03,0.005,1.01,0.3,0.0,0.5,0.5,4.65,-23.64,True
1.03,0.005,1.01,0.3,0.0,0.75,0.25,4.39,-21.55,True
1.03,0.005,1.01,0.3,0.0,1.0,0.0,4.1,-19.39,True
1.03,0.005,1.01,0.3,0.1,0.0,1.0,6.53,-24.82,True
1.03,0.005,1.01,0.3,0.1,0.25,0.75,6.37,-22.97,True
1.03,0.005,1.01,0.3,0.1,0.5,0.5,6.2,-21.09,True
1.03,0.005,1.01,0.3,0.1,0.75,0.25,6.01,-19.17,True
1.03,0.005,1.01,0.3,0.1,1.0,0.0,5.8,-17.21,True
1.03,0.005,1.01,0.3,0.2,0.0,1.0,7.68,-21.88,True
1.03,0.005,1.01,0.3,0.2,0.25,0.75,7.54,-20.2,True
1.03,0.005,1.01,0.3,0.2,0.5,0.5,7.39,-18.49,True
1.03,0.005,1.01,0.3,0.2,0.75,0.25,7.22,-16.77,True
1.03,0.005,1.01,0.3,0.2,1.0,0.0,7.05,-15.04,True
1.03,0.005,1.01,0.3,0.3,0.0,1.0,8.57,-19.17,True
1.03,0.005,1.01,0.3,0.3,0.25,0.75,8.44,-17.66,True
1.03,0.005,1.01,0.3,0.3,0.5,0.5,8.31,-16.14,True
1.03,0.005,1.01,0.3,0.3,0.75,0.25,8.17,-15.65,True
1.03,0.005,1.01,0.3,0.3,1.0,0.0,8.02,-15.21,True
1.03,0.005,1.01,0.4,0.0,0.0,1.0,5.74,-28.18,True
1.03,0.005,1.01,0.4,0.0,0.25,0.75,5.49,-26.17,True
1.03,0.005,1.01,0.4,0.0,0.5,0.5,5.22,-24.09,True
1.03,0.005,1.01,0.4,0.0,0.75,0.25,4.91,-21.95,True
1.03,0.005,1.01,0.4,0.0,1.0,0.0,4.58,-19.74,True
1.03,0.005,1.01,0.4,0.1,0.0,1.0,7.14,-25.03,True
1.03,0.005,1.01,0.4,0.1,0.25,0.75,6.93,-23.13,True
1.03,0.005,1.01,0.4,0.1,0.5,0.5,6.71,-21.19,True
1.03,0.005,1.01,0.4,0.1,0.75,0.25,6.47,-19.19,True
1.03,0.005,1.01,0.4,0.1,1.0,0.0,6.22,-17.16,True
1.03,0.005,1.01,0.4,0.2,0.0,1.0,8.15,-22.22,True
1.03,0.005,1.01,0.4,0.2,0.25,0.75,7.97,-20.47,True
1.03,0.005,1.01,0.4,0.2,0.5,0.5,7.78,-18.7,True
1.03,0.005,1.01,0.4,0.2,0.75,0.25,7.59,-16.92,True
1.03,0.005,1.01,0.4,0.2,1.0,0.0,7.38,-15.13,True
1.03,0.005,1.01,0.4,0.3,0.0,1.0,9.0,-19.76,True
1.03,0.005,1.01,0.4,0.3,0.25,0.75,8.84,-18.18,True
1.03,0.005,1.01,0.4,0.3,0.5,0.5,8.67,-16.59,True
1.03,0.005,1.01,0.4,0.3,0.75,0.25,8.49,-15.72,True
1.03,0.005,1.01,0.4,0.3,1.0,0.0,8.3,-15.24,True
1.03,0.005,1.02,0.1,0.0,0.0,1.0,1.27,-14.44,True
1.03,0.005,1.02,0.1,0.0,0.25,0.75,1.28,-13.23,True
1.03,0.005,1.02,0.1,0.0,0.5,0.5,1.27,-12.01,True
1.03,0.005,1.02,0.1,0.0,0.75,0.25,1.26,-10.78,True
1.03,0.005,1.02,0.1,0.0,1.0,0.0,1.23,-9.54,True
1.03,0.005,1.02,0.1,0.1,0.0,1.0,4.21,-14.73,True
1.03,0.005,1.02,0.1,0.1,0.25,0.75,4.19,-13.65,True
1.03,0.005,1.02,0.1,0.1,0.5,0.5,4.17,-12.55,True
1.03,0.005,1.02,0.1,0.1,0.75,0.25,4.13,-11.43,True
1.03,0.005,1.02,0.1,0.1,1.0,0.0,4.08,-10.3,True
1.03,0.005,1.02,0.1,0.2,0.0,1.0,5.92,-13.86,True
1.03,0.005,1.02,0.1,0.2,0.25,0.75,5.9,-12.89,True
1.03,0.005,1.02,0.1,0.2,0.5,0.5,5.87,-12.5,True
1.03,0.005,1.02,0.1,0.2,0.75,0.25,5.84,-12.38,True
1.03,0.005,1.02,0.1,0.2,1.0,0.0,5.8,-12.26,True
1.03,0.005,1.02,0.1,0.3,0.0,1.0,7.08,-16.52,True
1.03,0.005,1.02,0.1,0.3,0.25,0.75,7.07,-16.4,True
1.03,0.005,1.02,0.1,0.3,0.5,0.5,7.05,-16.28,True
1.03,0.005,1.02,0.1,0.3,0.75,0.25,7.03,-16.17,True
1.03,0.005,1.02,0.1,0.3,1.0,0.0,7.01,-16.06,True
1.03,0.005,1.02,0.2,0.0,0.0,1.0,2.49,-21.95,True
1.03,0.005,1.02,0.2,0.0,0.25,0.75,2.44,-20.14,True
1.03,0.005,1.02,0.2,0.0,0.5,0.5,2.38,-18.31,True
1.03,0.005,1.02,0.2,0.0,0.75,0.25,2.29,-16.45,True
1.03,0.005,1.02,0.2,0.0,1.0,0.0,2.19,-14.56,True
1.03,0.005,1.02,0.2,0.1,0.0,1.0,4.89,-21.45,True
1.03,0.005,1.02,0.2,0.1,0.25,0.75,4.84,-19.8,True
1.03,0.005,1.02,0.2,0.1,0.5,0.5,4.78,-18.13,True
1.03,0.005,1.02,0.2,0.1,0.75,0.25,4.71,-16.44,True
1.03,0.005,1.02,0.2,0.1,1.0,0.0,4.63,-14.72,True
1.03,0.005,1.02,0.2,0.2,0.0,1.0,6.32,-19.7,True
1.03,0.005,1.02,0.2,0.2,0.25,0.75,6.28,-18.22,True
1.03,0.005,1.02,0.2,0.2,0.5,0.5,6.24,-16.73,True
1.03,0.005,1.02,0.2,0.2,0.75,0.25,6.18,-15.23,True
1.03,0.005,1.02,0.2,0.2,1.0,0.0,6.12,-13.71,True
1.03,0.005,1.02,0.2,0.3,0.0,1.0,7.37,-17.63,True
1.03,0.005,1.02,0.2,0.3,0.25,0.75,7.34,-16.36,True
1.03,0.005,1.02,0.2,0.3,0.5,0.5,7.3,-15.82,True
1.03,0.005,1.02,0.2,0.3,0.75,0.25,7.26,-15.74,True
1.03,0.005,1.02,0.2,0.3,1.0,0.0,7.22,-15.66,True
1.03,0.005,1.02,0.3,0.0,0.0,1.0,3.37,-27.43,True
1.03,0.005,1.02,0.3,0.0,0.25,0.75,3.28,-25.27,True
1.03,0.005,1.02,0.3,0.0,0.5,0.5,3.16,-23.06,True
1.03,0.005,1.02,0.3,0.0,0.75,0.25,3.02,-20.81,True
1.03,0.005,1.02,0.3,0.0,1.0,0.0,2.86,-18.5,True
1.03,0.005,1.02,0.3,0.1,0.0,1.0,5.24,-24.4,True
1.03,0.005,1.02,0.3,0.1,0.25,0.75,5.18,-22.52,True
1.03,0.005,1.02,0.3,0.1,0.5,0.5,5.1,-20.6,True
1.03,0.005,1.02,0.3,0.1,0.75,0.25,5.01,-18.65,True
1.03,0.005,1.02,0.3,0.1,1.0,0.0,4.91,-16.66,True
1.03,0.005,1.02,0.3,0.2,0.0,1.0,6.58,-21.75,True
1.03,0.005,1.02,0.3,0.2,0.25,0.75,6.53,-20.08,True
1.03,0.005,1.02,0.3,0.2,0.5,0.5,6.47,-18.38,True
1.03,0.005,1.02,0.3,0.2,0.75,0.25,6.4,-16.65,True
1.03,0.005,1.02,0.3,0.2,1.0,0.0,6.32,-14.91,True
1.03,0.005,1.02,0.3,0.3,0.0,1.0,7.69,-18.72,True
1.03,0.005,1.02,0.3,0.3,0.25,0.75,7.63,-17.28,True
1.03,0.005,1.02,0.3,0.3,0.5,0.5,7.58,-15.83,True
1.03,0.005,1.02,0.3,0.3,0.75,0.25,7.51,-15.34,True
1.03,0.005,1.02,0.3,0.3,1.0,0.0,7.44,-15.3,True
1.03,0.005,1.02,0.4,0.0,0.0,1.0,3.82,-29.33,True
1.03,0.005,1.02,0.4,0.0,0.25,0.75,3.7,-27.07,True
1.03,0.005,1.02,0.4,0.0,0.5,0.5,3.56,-24.75,True
1.03,0.005,1.02,0.4,0.0,0.75,0.25,3.4,-22.36,True
1.03,0.005,1.02,0.4,0.0,1.0,0.0,3.22,-19.91,True
1.03,0.005,1.02,0.4,0.1,0.0,1.0,5.57,-26.01,True
1.03,0.005,1.02,0.4,0.1,0.25,0.75,5.48,-23.98,True
1.03,0.005,1.02,0.4,0.1,0.5,0.5,5.38,-21.9,True
1.03,0.005,1.02,0.4,0.1,0.75,0.25,5.27,-19.78,True
1.03,0.005,1.02,0.4,0.1,1.0,0.0,5.15,-17.63,True
1.03,0.005,1.02,0.4,0.2,0.0,1.0,6.94,-22.36,True
1.03,0.005,1.02,0.4,0.2,0.25,0.75,6.87,-20.58,True
1.03,0.005,1.02,0.4,0.2,0.5,0.5,6.78,-18.77,True
1.03,0.005,1.02,0.4,0.2,0.75,0.25,6.68,-16.94,True
1.03,0.005,1.02,0.4,0.2,1.0,0.0,6.57,-15.1,True
1.03,0.005,1.02,0.4,0.3,0.0,1.0,7.94,-19.53,True
1.03,0.005,1.02,0.4,0.3,0.25,0.75,7.87,-17.95,True
1.03,0.005,1.02,0.4,0.3,0.5,0.5,7.79,-16.36,True
1.03,0.005,1.02,0.4,0.3,0.75,0.25,7.71,-15.05,True
1.03,0.005,1.02,0.4,0.3,1.0,0.0,7.61,-15.03,True
1.03,0.01,0.95,0.1,0.0,0.0,1.0,11.84,-26.93,True
1.03,0.01,0.95,0.1,0.0,0.25,0.75,11.16,-25.35,True
1.03,0.01,0.95,0.1,0.0,0.5,0.5,10.43,-23.51,True
1.03,0.01,0.95,0.1,0.0,0.75,0.25,9.63,-21.34,True
1.03,0.01,0.95,0.1,0.0,1.0,0.0,8.76,-18.74,True
1.03,0.01,0.95,0.1,0.1,0.0,1.0,12.07,-26.63,True
1.03,0.01,0.95,0.1,0.1,0.25,0.75,11.47,-25.06,True
1.03,0.01,0.95,0.1,0.1,0.5,0.5,10.82,-23.26,True
1.03,0.01,0.95,0.1,0.1,0.75,0.25,10.13,-21.17,True
1.03,0.01,0.95,0.1,0.1,1.0,0.0,9.39,-18.74,True
1.03,0.01,0.95,0.1,0.2,0.0,1.0,12.31,-26.31,True
1.03,0.01,0.95,0.1,0.2,0.25,0.75,11.77,-24.76,True
1.03,0.01,0.95,0.1,0.2,0.5,0.5,11.19,-23.0,True
1.03,0.01,0.95,0.1,0.2,0.75,0.25,10.57,-21.0,True
1.03,0.01,0.95,0.1,0.2,1.0,0.0,9.91,-18.73,True
1.03,0.01,0.95,0.1,0.3,0.0,1.0,12.48,-25.97,True
1.03,0.01,0.95,0.1,0.3,0.25,0.75,11.96,-24.44,True
1.03,0.01,0.95,0.1,0.3,0.5,0.5,11.42,-22.73,True
1.03,0.01,0.95,0.1,0.3,0.75,0.25,10.86,-20.82,True
1.03,0.01,0.95,0.1,0.3,1.0,0.0,10.3,-18.72,True
1.03,0.01,0.95,0.2,0.0,0.0,1.0,15.54,-26.93,True
1.03,0.01,0.95,0.2,0.0,0.25,0.75,14.6,-25.35,True
1.03,0.01,0.95,0.2,0.0,0.5,0.5,13.6,-23.51,True
1.03,0.01,0.95,0.2,0.0,0.75,0.25,12.53,-21.34,True
1.03,0.01,0.95,0.2,0.0,1.0,0.0,11.37,-18.74,True
1.03,0.01,0.95,0.2,0.1,0.0,1.0,15.44,-26.76,True
1.03,0.01,0.95,0.2,0.1,0.25,0.75,14.55,-25.18,True
1.03,0.01,0.95,0.2,0.1,0.5,0.5,13.61,-23.35,True
1.03,0.01,0.95,0.2,0.1,0.75,0.25,12.62,-21.23,True
1.03,0.01,0.95,0.2,0.1,1.0,0.0,11.57,-18.74,True
1.03,0.01,0.95,0.2,0.2,0.0,1.0,15.33,-26.56,True
1.03,0.01,0.95,0.2,0.2,0.25,0.75,14.5,-24.98,True
1.03,0.01,0.95,0.2,0.2,0.5,0.5,13.62,-23.18,True
1.03,0.01,0.95,0.2,0.2,0.75,0.25,12.71,-21.11,True
1.03,0.01,0.95,0.2,0.2,1.0,0.0,11.76,-18.73,True
1.03,0.01,0.95,0.2,0.3,0.0,1.0,15.23,-26.35,True
1.03,0.01,0.95,0.2,0.3,0.25,0.75,14.45,-24.77,True
1.03,0.01,0.95,0.2,0.3,0.5,0.5,13.64,-22.99,True
1.03,0.01,0.95,0.2,0.3,0.75,0.25,12.81,-20.98,True
1.03,0.01,0.95,0.2,0.3,1.0,0.0,11.94,-18.73,True
1.03,0.01,0.95,0.3,0.0,0.0,1.0,17.46,-26.93,True
1.03,0.01,0.95,0.3,0.0,0.25,0.75,16.38,-25.36,True
1.03,0.01,0.95,0.3,0.0,0.5,0.5,15.23,-23.52,True
1.03,0.01,0.95,0.3,0.0,0.75,0.25,14.0,-21.35,True
1.03,0.01,0.95,0.3,0.0,1.0,0.0,12.68,-18.74,True
1.03,0.01,0.95,0.3,0.1,0.0,1.0,17.31,-26.8,True
1.03,0.01,0.95,0.3,0.1,0.25,0.75,16.27,-25.22,True
1.03,0.01,0.95,0.3,0.1,0.5,0.5,15.17,-23.39,True
1.03,0.01,0.95,0.3,0.1,0.75,0.25,14.01,-21.26,True
1.03,0.01,0.95,0.3,0.1,1.0,0.0,12.79,-18.74,True
1.03,0.01,0.95,0.3,0.2,0.0,1.0,17.15,-26.65,True
1.03,0.01,0.95,0.3,0.2,0.25,0.75,16.15,-25.07,True
1.03,0.01,0.95,0.3,0.2,0.5,0.5,15.11,-23.26,True
1.03,0.01,0.95,0.3,0.2,0.75,0.25,14.0,-21.16,True
1.03,0.01,0.95,0.3,0.2,1.0,0.0,12.83,-18.73,True
1.03,0.01,0.95,0.3,0.3,0.0,1.0,16.92,-26.48,True
1.03,0.01,0.95,0.3,0.3,0.25,0.75,15.95,-24.9,True
1.03,0.01,0.95,0.3,0.3,0.5,0.5,14.93,-23.1,True
1.03,0.01,0.95,0.3,0.3,0.75,0.25,13.89,-21.05,True
1.03,0.01,0.95,0.3,0.3,1.0,0.0,12.82,-18.73,True
1.03,0.01,0.95,0.4,0.0,0.0,1.0,18.55,-26.93,True
1.03,0.01,0.95,0.4,0.0,0.25,0.75,17.39,-25.37,True
1.03,0.01,0.95,0.4,0.0,0.5,0.5,16.16,-23.55,True
1.03,0.01,0.95,0.4,0.0,0.75,0.25,14.84,-21.37,True
1.03,0.01,0.95,0.4,0.0,1.0,0.0,13.43,-18.74,True
1.03,0.01,0.95,0.4,0.1,0.0,1.0,18.31,-26.82,True
1.03,0.01,0.95,0.4,0.1,0.25,0.75,17.18,-25.26,True
1.03,0.01,0.95,0.4,0.1,0.5,0.5,16.0,-23.44,True
1.03,0.01,0.95,0.4,0.1,0.75,0.25,14.74,-21.29,True
1.03,0.01,0.95,0.4,0.1,1.0,0.0,13.41,-18.74,True
1.03,0.01,0.95,0.4,0.2,0.0,1.0,18.05,-26.69,True
1.03,0.01,0.95,0.4,0.2,0.25,0.75,16.96,-25.12,True
1.03,0.01,0.95,0.4,0.2,0.5,0.5,15.83,-23.31,True
1.03,0.01,0.95,0.4,0.2,0.75,0.25,14.63,-21.2,True
1.03,0.01,0.95,0.4,0.2,1.0,0.0,13.38,-18.74,True
1.03,0.01,0.95,0.4,0.3,0.0,1.0,17.68,-26.53,True
1.03,0.01,0.95,0.4,0.3,0.25,0.75,16.65,-24.97,True
1.03,0.01,0.95,0.4,0.3,0.5,0.5,15.56,-23.17,True
1.03,0.01,0.95,0.4,0.3,0.75,0.25,14.44,-21.1,True
1.03,0.01,0.95,0.4,0.3,1.0,0.0,13.29,-18.73,True
1.03,0.01,0.97,0.1,0.0,0.0,1.0,7.28,-23.38,True
1.03,0.01,0.97,0.1,0.0,0.25,0.75,6.88,-21.98,True
1.03,0.01,0.97,0.1,0.0,0.5,0.5,6.46,-20.36,True
1.03,0.01,0.97,0.1,0.0,0.75,0.25,6.01,-18.45,True
1.03,0.01,0.97,0.1,0.0,1.0,0.0,5.53,-16.16,True
1.03,0.01,0.97,0.1,0.1,0.0,1.0,8.55,-22.85,True
1.03,0.01,0.97,0.1,0.1,0.25,0.75,8.2,-21.57,True
1.03,0.01,0.97,0.1,0.1,0.5,0.5,7.84,-20.13,True
1.03,0.01,0.97,0.1,0.1,0.75,0.25,7.44,-18.49,True
1.03,0.01,0.97,0.1,0.1,1.0,0.0,7.03,-16.59,True
1.03,0.01,0.97,0.1,0.2,0.0,1.0,9.33,-22.41,True
1.03,0.01,0.97,0.1,0.2,0.25,0.75,9.03,-21.24,True
1.03,0.01,0.97,0.1,0.2,0.5,0.5,8.71,-19.94,True
1.03,0.01,0.97,0.1,0.2,0.75,0.25,8.38,-18.5,True
1.03,0.01,0.97,0.1,0.2,1.0,0.0,8.05,-16.91,True
1.03,0.01,0.97,0.1,0.3,0.0,1.0,10.0,-22.04,True
1.03,0.01,0.97,0.1,0.3,0.25,0.75,9.73,-20.96,True
1.03,0.01,0.97,0.1,0.3,0.5,0.5,9.45,-19.79,True
1.03,0.01,0.97,0.1,0.3,0.75,0.25,9.16,-18.52,True
1.03,0.01,0.97,0.1,0.3,1.0,0.0,8.86,-17.17,True
1.03,0.01,0.97,0.2,0.0,0.0,1.0,10.52,-23.38,True
1.03,0.01,0.97,0.2,0.0,0.25,0.75,9.91,-21.99,True
1.03,0.01,0.97,0.2,0.0,0.5,0.5,9.27,-20.36,True
1.03,0.01,0.97,0.2,0.0,0.75,0.25,8.59,-18.45,True
1.03,0.01,0.97,0.2,0.0,1.0,0.0,7.87,-16.16,True
1.03,0.01,0.97,0.2,0.1,0.0,1.0,11.25,-23.05,True
1.03,0.01,0.97,0.2,0.1,0.25,0.75,10.69,-21.72,True
1.03,0.01,0.97,0.2,0.1,0.5,0.5,10.1,-20.21,True
1.03,0.01,0.97,0.2,0.1,0.75,0.25,9.49,-18.48,True
1.03,0.01,0.97,0.2,0.1,1.0,0.0,8.85,-16.47,True
1.03,0.01,0.97,0.2,0.2,0.0,1.0,11.84,-22.76,True
1.03,0.01,0.97,0.2,0.2,0.25,0.75,11.29,-21.5,True
1.03,0.01,0.97,0.2,0.2,0.5,0.5,10.73,-20.08,True
1.03,0.01,0.97,0.2,0.2,0.75,0.25,10.16,-18.49,True
1.03,0.01,0.97,0.2,0.2,1.0,0.0,9.58,-16.73,True
1.03,0.01,0.97,0.2,0.3,0.0,1.0,12.2,-22.49,True
1.03,0.01,0.97,0.2,0.3,0.25,0.75,11.69,-21.28,True
1.03,0.01,0.97,0.2,0.3,0.5,0.5,11.17,-19.95,True
1.03,0.01,0.97,0.2,0.3,0.75,0.25,10.65,-18.51,True
1.03,0.01,0.97,0.2,0.3,1.0,0.0,10.13,-16.95,True
1.03,0.01,0.97,0.3,0.0,0.0,1.0,12.81,-23.38,True
1.03,0.01,0.97,0.3,0.0,0.25,0.75,12.03,-21.99,True
1.03,0.01,0.97,0.3,0.0,0.5,0.5,11.21,-20.37,True
1.03,0.01,0.97,0.3,0.0,0.75,0.25,10.35,-18.46,True
1.03,0.01,0.97,0.3,0.0,1.0,0.0,9.45,-16.16,True
1.03,0.01,0.97,0.3,0.1,0.0,1.0,13.16,-23.13,True
1.03,0.01,0.97,0.3,0.1,0.25,0.75,12.42,-21.79,True
1.03,0.01,0.97,0.3,0.1,0.5,0.5,11.65,-20.26,True
1.03,0.01,0.97,0.3,0.1,0.75,0.25,10.85,-18.48,True
1.03,0.01,0.97,0.3,0.1,1.0,0.0,10.03,-16.42,True
1.03,0.01,0.97,0.3,0.2,0.0,1.0,13.18,-22.88,True
1.03,0.01,0.97,0.3,0.2,0.25,0.75,12.49,-21.59,True
1.03,0.01,0.97,0.3,0.2,0.5,0.5,11.79,-20.14,True
1.03,0.01,0.97,0.3,0.2,0.75,0.25,11.08,-18.51,True
1.03,0.01,0.97,0.3,0.2,1.0,0.0,10.35,-16.66,True
1.03,0.01,0.97,0.3,0.3,0.0,1.0,13.2,-22.61,True
1.03,0.01,0.97,0.3,0.3,0.25,0.75,12.57,-21.38,True
1.03,0.01,0.97,0.3,0.3,0.5,0.5,11.93,-20.03,True
1.03,0.01,0.97,0.3,0.3,0.75,0.25,11.29,-18.53,True
1.03,0.01,0.97,0.3,0.3,1.0,0.0,10.66,-16.89,True
1.03,0.01,0.97,0.4,0.0,0.0,1.0,13.79,-23.38,True
1.03,0.01,0.97,0.4,0.0,0.25,0.75,12.94,-22.0,True
1.03,0.01,0.97,0.4,0.0,0.5,0.5,12.05,-20.39,True
1.03,0.01,0.97,0.4,0.0,0.75,0.25,11.12,-18.48,True
1.03,0.01,0.97,0.4,0.0,1.0,0.0,10.14,-16.16,True
1.03,0.01,0.97,0.4,0.1,0.0,1.0,13.81,-23.15,True
1.03,0.01,0.97,0.4,0.1,0.25,0.75,13.01,-21.82,True
1.03,0.01,0.97,0.4,0.1,0.5,0.5,12.19,-20.29,True
1.03,0.01,0.97,0.4,0.1,0.75,0.25,11.34,-18.5,True
1.03,0.01,0.97,0.4,0.1,1.0,0.0,10.47,-16.4,True
1.03,0.01,0.97,0.4,0.2,0.0,1.0,13.84,-22.92,True
1.03,0.01,0.97,0.4,0.2,0.25,0.75,13.09,-21.64,True
1.03,0.01,0.97,0.4,0.2,0.5,0.5,12.32,-20.18,True
1.03,0.01,0.97,0.4,0.2,0.75,0.25,11.55,-18.52,True
1.03,0.01,0.97,0.4,0.2,1.0,0.0,10.74,-16.63,True
1.03,0.01,0.97,0.4,0.3,0.0,1.0,13.72,-22.66,True
1.03,0.01,0.97,0.4,0.3,0.25,0.75,13.02,-21.43,True
1.03,0.01,0.97,0.4,0.3,0.5,0.5,12.31,-20.06,True
1.03,0.01,0.97,0.4,0.3,0.75,0.25,11.6,-18.54,True
1.03,0.01,0.97,0.4,0.3,1.0,0.0,10.89,-16.86,True
1.03,0.01,0.99,0.1,0.0,0.0,1.0,6.19,-18.59,True
1.03,0.01,0.99,0.1,0.0,0.25,0.75,5.83,-17.44,True
1.03,0.01,0.99,0.1,0.0,0.5,0.5,5.46,-16.12,True
1.03,0.01,0.99,0.1,0.0,0.75,0.25,5.06,-14.55,True
1.03,0.01,0.99,0.1,0.0,1.0,0.0,4.63,-12.68,True
1.03,0.01,0.99,0.1,0.1,0.0,1.0,7.24,-18.59,True
1.03,0.01,0.99,0.1,0.1,0.25,0.75,6.97,-17.63,True
1.03,0.01,0.99,0.1,0.1,0.5,0.5,6.67,-16.54,True
1.03,0.01,0.99,0.1,0.1,0.75,0.25,6.37,-15.3,True
1.03,0.01,0.99,0.1,0.1,1.0,0.0,6.06,-13.89,True
1.03,0.01,0.99,0.1,0.2,0.0,1.0,7.98,-18.6,True
1.03,0.01,0.99,0.1,0.2,0.25,0.75,7.77,-17.79,True
1.03,0.01,0.99,0.1,0.2,0.5,0.5,7.56,-16.89,True
1.03,0.01,0.99,0.1,0.2,0.75,0.25,7.34,-15.91,True
1.03,0.01,0.99,0.1,0.2,1.0,0.0,7.12,-14.83,True
1.03,0.01,0.99,0.1,0.3,0.0,1.0,8.78,-18.61,True
1.03,0.01,0.99,0.1,0.3,0.25,0.75,8.61,-17.91,True
1.03,0.01,0.99,0.1,0.3,0.5,0.5,8.44,-17.17,True
1.03,0.01,0.99,0.1,0.3,0.75,0.25,8.25,-16.37,True
1.03,0.01,0.99,0.1,0.3,1.0,0.0,8.07,-15.52,True
1.03,0.01,0.99,0.2,0.0,0.0,1.0,7.66,-19.59,True
1.03,0.01,0.99,0.2,0.0,0.25,0.75,7.23,-18.19,True
1.03,0.01,0.99,0.2,0.0,0.5,0.5,6.76,-16.74,True
1.03,0.01,0.99,0.2,0.0,0.75,0.25,6.27,-15.21,True
1.03,0.01,0.99,0.2,0.0,1.0,0.0,5.75,-13.6,True
1.03,0.01,0.99,0.2,0.1,0.0,1.0,8.77,-18.59,True
1.03,0.01,0.99,0.2,0.1,0.25,0.75,8.39,-17.59,True
1.03,0.01,0.99,0.2,0.1,0.5,0.5,8.01,-16.46,True
1.03,0.01,0.99,0.2,0.1,0.75,0.25,7.6,-15.17,True
1.03,0.01,0.99,0.2,0.1,1.0,0.0,7.18,-13.69,True
1.03,0.01,0.99,0.2,0.2,0.0,1.0,9.62,-18.6,True
1.03,0.01,0.99,0.2,0.2,0.25,0.75,9.28,-17.71,True
1.03,0.01,0.99,0.2,0.2,0.5,0.5,8.93,-16.74,True
1.03,0.01,0.99,0.2,0.2,0.75,0.25,8.58,-15.66,True
1.03,0.01,0.99,0.2,0.2,1.0,0.0,8.21,-14.48,True
1.03,0.01,0.99,0.2,0.3,0.0,1.0,10.26,-18.6,True
1.03,0.01,0.99,0.2,0.3,0.25,0.75,9.95,-17.83,True
1.03,0.01,0.99,0.2,0.3,0.5,0.5,9.63,-16.99,True
1.03,0.01,0.99,0.2,0.3,0.75,0.25,9.29,-16.1,True
1.03,0.01,0.99,0.2,0.3,1.0,0.0,8.94,-15.14,True
1.03,0.01,0.99,0.3,0.0,0.0,1.0,9.57,-19.41,True
1.03,0.01,0.99,0.3,0.0,0.25,0.75,9.0,-18.01,True
1.03,0.01,0.99,0.3,0.0,0.5,0.5,8.4,-16.54,True
1.03,0.01,0.99,0.3,0.0,0.75,0.25,7.76,-15.0,True
1.03,0.01,0.99,0.3,0.0,1.0,0.0,7.09,-13.37,True
1.03,0.01,0.99,0.3,0.1,0.0,1.0,10.2,-18.59,True
1.03,0.01,0.99,0.3,0.1,0.25,0.75,9.69,-17.58,True
1.03,0.01,0.99,0.3,0.1,0.5,0.5,9.17,-16.42,True
1.03,0.01,0.99,0.3,0.1,0.75,0.25,8.63,-15.1,True
1.03,0.01,0.99,0.3,0.1,1.0,0.0,8.07,-13.58,True
1.03,0.01,0.99,0.3,0.2,0.0,1.0,10.58,-18.6,True
1.03,0.01,0.99,0.3,0.2,0.25,0.75,10.14,-17.7,True
1.03,0.01,0.99,0.3,0.2,0.5,0.5,9.7,-16.7,True
1.03,0.01,0.99,0.3,0.2,0.75,0.25,9.24,-15.59,True
1.03,0.01,0.99,0.3,0.2,1.0,0.0,8.77,-14.35,True
1.03,0.01,0.99,0.3,0.3,0.0,1.0,10.91,-18.6,True
1.03,0.01,0.99,0.3,0.3,0.25,0.75,10.53,-17.81,True
1.03,0.01,0.99,0.3,0.3,0.5,0.5,10.13,-16.96,True
1.03,0.01,0.99,0.3,0.3,0.75,0.25,9.72,-16.03,True
1.03,0.01,0.99,0.3,0.3,1.0,0.0,9.28,-15.04,True
1.03,0.01,0.99,0.4,0.0,0.0,1.0,10.39,-19.99,True
1.03,0.01,0.99,0.4,0.0,0.25,0.75,9.77,-18.55,True
1.03,0.01,0.99,0.4,0.0,0.5,0.5,9.12,-17.05,True
1.03,0.01,0.99,0.4,0.0,0.75,0.25,8.43,-15.46,True
1.03,0.01,0.99,0.4,0.0,1.0,0.0,7.69,-13.78,True
1.03,0.01,0.99,0.4,0.1,0.0,1.0,10.79,-18.97,True
1.03,0.01,0.99,0.4,0.1,0.25,0.75,10.25,-17.58,True
1.03,0.01,0.99,0.4,0.1,0.5,0.5,9.69,-16.43,True
1.03,0.01,0.99,0.4,0.1,0.75,0.25,9.1,-15.1,True
1.03,0.01,0.99,0.4,0.1,1.0,0.0,8.48,-13.54,True
1.03,0.01,0.99,0.4,0.2,0.0,1.0,11.07,-18.6,True
1.03,0.01,0.99,0.4,0.2,0.25,0.75,10.57,-17.7,True
1.03,0.01,0.99,0.4,0.2,0.5,0.5,10.05,-16.69,True
1.03,0.01,0.99,0.4,0.2,0.75,0.25,9.52,-15.57,True
1.03,0.01,0.99,0.4,0.2,1.0,0.0,8.98,-14.31,True
1.03,0.01,0.99,0.4,0.3,0.0,1.0,11.24,-18.6,True
1.03,0.01,0.99,0.4,0.3,0.25,0.75,10.79,-17.81,True
1.03,0.01,0.99,0.4,0.3,0.5,0.5,10.34,-16.94,True
1.03,0.01,0.99,0.4,0.3,0.75,0.25,9.88,-16.0,True
1.03,0.01,0.99,0.4,0.3,1.0,0.0,9.43,-14.98,True
1.03,0.01,1.0,0.1,0.0,0.0,1.0,3.44,-14.37,True
1.03,0.01,1.0,0.1,0.0,0.25,0.75,3.26,-13.17,True
1.03,0.01,1.0,0.1,0.0,0.5,0.5,3.08,-11.96,True
1.03,0.01,1.0,0.1,0.0,0.75,0.25,2.88,-10.72,True
1.03,0.01,1.0,0.1,0.0,1.0,0.0,2.67,-9.47,True
1.03,0.01,1.0,0.1,0.1,0.0,1.0,5.36,-15.21,True
1.03,0.01,1.0,0.1,0.1,0.25,0.75,5.24,-14.18,True
1.03,0.01,1.0,0.1,0.1,0.5,0.5,5.11,-13.53,True
1.03,0.01,1.0,0.1,0.1,0.75,0.25,4.98,-12.88,True
1.03,0.01,1.0,0.1,0.1,1.0,0.0,4.85,-12.24,True
1.03,0.01,1.0,0.1,0.2,0.0,1.0,6.74,-16.62,True
1.03,0.01,1.0,0.1,0.2,0.25,0.75,6.65,-16.03,True
1.03,0.01,1.0,0.1,0.2,0.5,0.5,6.55,-15.47,True
1.03,0.01,1.0,0.1,0.2,0.75,0.25,6.45,-14.92,True
1.03,0.01,1.0,0.1,0.2,1.0,0.0,6.35,-14.41,True
1.03,0.01,1.0,0.1,0.3,0.0,1.0,7.88,-17.27,True
1.03,0.01,1.0,0.1,0.3,0.25,0.75,7.79,-16.76,True
1.03,0.01,1.0,0.1,0.3,0.5,0.5,7.7,-16.27,True
1.03,0.01,1.0,0.1,0.3,0.75,0.25,7.61,-15.81,True
1.03,0.01,1.0,0.1,0.3,1.0,0.0,7.52,-15.4,True
1.03,0.01,1.0,0.2,0.0,0.0,1.0,5.05,-19.59,True
1.03,0.01,1.0,0.2,0.0,0.25,0.75,4.78,-18.19,True
1.03,0.01,1.0,0.2,0.0,0.5,0.5,4.5,-16.74,True
1.03,0.01,1.0,0.2,0.0,0.75,0.25,4.21,-15.21,True
1.03,0.01,1.0,0.2,0.0,1.0,0.0,3.89,-13.6,True
1.03,0.01,1.0,0.2,0.1,0.0,1.0,6.85,-17.2,True
1.03,0.01,1.0,0.2,0.1,0.25,0.75,6.63,-15.94,True
1.03,0.01,1.0,0.2,0.1,0.5,0.5,6.41,-14.63,True
1.03,0.01,1.0,0.2,0.1,0.75,0.25,6.17,-13.58,True
1.03,0.01,1.0,0.2,0.1,1.0,0.0,5.92,-12.7,True
1.03,0.01,1.0,0.2,0.2,0.0,1.0,8.13,-16.73,True
1.03,0.01,1.0,0.2,0.2,0.25,0.75,7.92,-15.99,True
1.03,0.01,1.0,0.2,0.2,0.5,0.5,7.71,-15.28,True
1.03,0.01,1.0,0.2,0.2,0.75,0.25,7.48,-14.61,True
1.03,0.01,1.0,0.2,0.2,1.0,0.0,7.25,-13.98,True
1.03,0.01,1.0,0.2,0.3,0.0,1.0,9.04,-17.01,True
1.03,0.01,1.0,0.2,0.3,0.25,0.75,8.85,-16.4,True
1.03,0.01,1.0,0.2,0.3,0.5,0.5,8.65,-15.83,True
1.03,0.01,1.0,0.2,0.3,0.75,0.25,8.45,-15.31,True
1.03,0.01,1.0,0.2,0.3,1.0,0.0,8.24,-14.85,True
1.03,0.01,1.0,0.3,0.0,0.0,1.0,6.89,-22.5,True
1.03,0.01,1.0,0.3,0.0,0.25,0.75,6.5,-20.81,True
1.03,0.01,1.0,0.3,0.0,0.5,0.5,6.09,-19.07,True
1.03,0.01,1.0,0.3,0.0,0.75,0.25,5.66,-17.28,True
1.03,0.01,1.0,0.3,0.0,1.0,0.0,5.2,-15.44,True
1.03,0.01,1.0,0.3,0.1,0.0,1.0,8.23,-20.01,True
1.03,0.01,1.0,0.3,0.1,0.25,0.75,7.89,-18.23,True
1.03,0.01,1.0,0.3,0.1,0.5,0.5,7.54,-16.41,True
1.03,0.01,1.0,0.3,0.1,0.75,0.25,7.18,-14.54,True
1.03,0.01,1.0,0.3,0.1,1.0,0.0,6.8,-12.62,True
1.03,0.01,1.0,0.3,0.2,0.0,1.0,9.13,-17.02,True
1.03,0.01,1.0,0.3,0.2,0.25,0.75,8.83,-15.78,True
1.03,0.01,1.0,0.3,0.2,0.5,0.5,8.51,-15.02,True
1.03,0.01,1.0,0.3,0.2,0.75,0.25,8.19,-14.32,True
1.03,0.01,1.0,0.3,0.2,1.0,0.0,7.86,-13.67,True
1.03,0.01,1.0,0.3,0.3,0.0,1.0,9.64,-16.91,True
1.03,0.01,1.0,0.3,0.3,0.25,0.75,9.36,-16.26,True
1.03,0.01,1.0,0.3,0.3,0.5,0.5,9.07,-15.67,True
1.03,0.01,1.0,0.3,0.3,0.75,0.25,8.78,-15.14,True
1.03,0.01,1.0,0.3,0.3,1.0,0.0,8.5,-14.68,True
1.03,0.01,1.0,0.4,0.0,0.0,1.0,7.97,-23.7,True
1.03,0.01,1.0,0.4,0.0,0.25,0.75,7.51,-21.94,True
1.03,0.01,1.0,0.4,0.0,0.5,0.5,7.02,-20.12,True
1.03,0.01,1.0,0.4,0.0,0.75,0.25,6.51,-18.24,True
1.03,0.01,1.0,0.4,0.0,1.0,0.0,5.98,-16.3,True
1.03,0.01,1.0,0.4,0.1,0.0,1.0,8.97,-20.88,True
1.03,0.01,1.0,0.4,0.1,0.25,0.75,8.57,-19.05,True
1.03,0.01,1.0,0.4,0.1,0.5,0.5,8.15,-17.16,True
1.03,0.01,1.0,0.4,0.1,0.75,0.25,7.7,-15.22,True
1.03,0.01,1.0,0.4,0.1,1.0,0.0,7.24,-13.22,True
1.03,0.01,1.0,0.4,0.2,0.0,1.0,9.41,-18.01,True
1.03,0.01,1.0,0.4,0.2,0.25,0.75,9.06,-16.15,True
1.03,0.01,1.0,0.4,0.2,0.5,0.5,8.7,-14.98,True
1.03,0.01,1.0,0.4,0.2,0.75,0.25,8.34,-14.27,True
1.03,0.01,1.0,0.4,0.2,1.0,0.0,7.97,-13.62,True
1.03,0.01,1.0,0.4,0.3,0.0,1.0,9.8,-16.89,True
1.03,0.01,1.0,0.4,0.3,0.25,0.75,9.5,-16.23,True
1.03,0.01,1.0,0.4,0.3,0.5,0.5,9.21,-15.63,True
1.03,0.01,1.0,0.4,0.3,0.75,0.25,8.91,-15.09,True
1.03,0.01,1.0,0.4,0.3,1.0,0.0,8.61,-14.62,True
1.03,0.01,1.01,0.1,0.0,0.0,1.0,2.35,-7.16,True
1.03,0.01,1.01,0.1,0.0,0.25,0.75,2.23,-6.44,True
1.03,0.01,1.01,0.1,0.0,0.5,0.5,2.1,-5.81,True
1.03,0.01,1.01,0.1,0.0,0.75,0.25,1.97,-5.2,True
1.03,0.01,1.01,0.1,0.0,1.0,0.0,1.82,-4.55,True
1.03,0.01,1.01,0.1,0.1,0.0,1.0,4.48,-9.48,True
1.03,0.01,1.01,0.1,0.1,0.25,0.75,4.42,-9.29,True
1.03,0.01,1.01,0.1,0.1,0.5,0.5,4.35,-9.11,True
1.03,0.01,1.01,0.1,0.1,0.75,0.25,4.28,-8.95,True
1.03,0.01,1.01,0.1,0.1,1.0,0.0,4.2,-8.79,True
1.03,0.01,1.01,0.1,0.2,0.0,1.0,5.98,-12.94,True
1.03,0.01,1.01,0.1,0.2,0.25,0.75,5.94,-12.78,True
1.03,0.01,1.01,0.1,0.2,0.5,0.5,5.9,-12.64,True
1.03,0.01,1.01,0.1,0.2,0.75,0.25,5.85,-12.5,True
1.03,0.01,1.01,0.1,0.2,1.0,0.0,5.8,-12.37,True
1.03,0.01,1.01,0.1,0.3,0.0,1.0,7.19,-15.26,True
1.03,0.01,1.01,0.1,0.3,0.25,0.75,7.15,-15.06,True
1.03,0.01,1.01,0.1,0.3,0.5,0.5,7.12,-14.88,True
1.03,0.01,1.01,0.1,0.3,0.75,0.25,7.08,-14.7,True
1.03,0.01,1.01,0.1,0.3,1.0,0.0,7.04,-14.54,True
1.03,0.01,1.01,0.2,0.0,0.0,1.0,2.88,-11.34,True
1.03,0.01,1.01,0.2,0.0,0.25,0.75,2.76,-10.4,True
1.03,0.01,1.01,0.2,0.0,0.5,0.5,2.62,-9.45,True
1.03,0.01,1.01,0.2,0.0,0.75,0.25,2.48,-8.49,True
1.03,0.01,1.01,0.2,0.0,1.0,0.0,2.32,-7.52,True
1.03,0.01,1.01,0.2,0.1,0.0,1.0,5.07,-12.64,True
1.03,0.01,1.01,0.2,0.1,0.25,0.75,4.98,-12.13,True
1.03,0.01,1.01,0.2,0.1,0.5,0.5,4.89,-11.64,True
1.03,0.01,1.01,0.2,0.1,0.75,0.25,4.79,-11.16,True
1.03,0.01,1.01,0.2,0.1,1.0,0.0,4.69,-10.69,True
1.03,0.01,1.01,0.2,0.2,0.0,1.0,6.55,-14.8,True
1.03,0.01,1.01,0.2,0.2,0.25,0.75,6.48,-14.4,True
1.03,0.01,1.01,0.2,0.2,0.5,0.5,6.4,-14.01,True
1.03,0.01,1.01,0.2,0.2,0.75,0.25,6.32,-13.64,True
1.03,0.01,1.01,0.2,0.2,1.0,0.0,6.23,-13.3,True
1.03,0.01,1.01,0.2,0.3,0.0,1.0,7.67,-16.05,True
1.03,0.01,1.01,0.2,0.3,0.25,0.75,7.6,-15.74,True
1.03,0.01,1.01,0.2,0.3,0.5,0.5,7.52,-15.44,True
1.03,0.01,1.01,0.2,0.3,0.75,0.25,7.44,-15.13,True
1.03,0.01,1.01,0.2,0.3,1.0,0.0,7.36,-14.84,True
1.03,0.01,1.01,0.3,0.0,0.0,1.0,3.59,-16.02,True
1.03,0.01,1.01,0.3,0.0,0.25,0.75,3.43,-14.73,True
1.03,0.01,1.01,0.3,0.0,0.5,0.5,3.26,-13.41,True
1.03,0.01,1.01,0.3,0.0,0.75,0.25,3.08,-12.07,True
1.03,0.01,1.01,0.3,0.0,1.0,0.0,2.87,-10.72,True
1.03,0.01,1.01,0.3,0.1,0.0,1.0,5.69,-14.87,True
1.03,0.01,1.01,0.3,0.1,0.25,0.75,5.56,-13.84,True
1.03,0.01,1.01,0.3,0.1,0.5,0.5,5.43,-12.8,True
1.03,0.01,1.01,0.3,0.1,0.75,0.25,5.28,-11.88,True
1.03,0.01,1.01,0.3,0.1,1.0,0.0,5.12,-11.29,True
1.03,0.01,1.01,0.3,0.2,0.0,1.0,6.95,-15.7,True
1.03,0.01,1.01,0.3,0.2,0.25,0.75,6.84,-14.89,True
1.03,0.01,1.01,0.3,0.2,0.5,0.5,6.72,-14.4,True
1.03,0.01,1.01,0.3,0.2,0.75,0.25,6.6,-13.93,True
1.03,0.01,1.01,0.3,0.2,1.0,0.0,6.47,-13.5,True
1.03,0.01,1.01,0.3,0.3,0.0,1.0,7.84,-16.21,True
1.03,0.01,1.01,0.3,0.3,0.25,0.75,7.76,-15.84,True
1.03,0.01,1.01,0.3,0.3,0.5,0.5,7.67,-15.49,True
1.03,0.01,1.01,0.3,0.3,0.75,0.25,7.57,-15.17,True
1.03,0.01,1.01,0.3,0.3,1.0,0.0,7.48,-14.88,True
1.03,0.01,1.01,0.4,0.0,0.0,1.0,4.12,-18.76,True
1.03,0.01,1.01,0.4,0.0,0.25,0.75,3.94,-17.27,True
1.03,0.01,1.01,0.4,0.0,0.5,0.5,3.75,-15.76,True
1.03,0.01,1.01,0.4,0.0,0.75,0.25,3.53,-14.22,True
1.03,0.01,1.01,0.4,0.0,1.0,0.0,3.29,-12.64,True
1.03,0.01,1.01,0.4,0.1,0.0,1.0,5.91,-19.24,True
1.03,0.01,1.01,0.4,0.1,0.25,0.75,5.77,-17.89,True
1.03,0.01,1.01,0.4,0.1,0.5,0.5,5.61,-16.51,True
1.03,0.01,1.01,0.4,0.1,0.75,0.25,5.45,-15.12,True
1.03,0.01,1.01,0.4,0.1,1.0,0.0,5.28,-13.73,True
1.03,0.01,1.01,0.4,0.2,0.0,1.0,7.04,-18.15,True
1.03,0.01,1.01,0.4,0.2,0.25,0.75,6.93,-16.83,True
1.03,0.01,1.01,0.4,0.2,0.5,0.5,6.82,-15.52,True
1.03,0.01,1.01,0.4,0.2,0.75,0.25,6.69,-14.22,True
1.03,0.01,1.01,0.4,0.2,1.0,0.0,6.56,-13.57,True
1.03,0.01,1.01,0.4,0.3,0.0,1.0,7.9,-16.9,True
1.03,0.01,1.01,0.4,0.3,0.25,0.75,7.8,-15.96,True
1.03,0.01,1.01,0.4,0.3,0.5,0.5,7.71,-15.6,True
1.03,0.01,1.01,0.4,0.3,0.75,0.25,7.6,-15.28,True
1.03,0.01,1.01,0.4,0.3,1.0,0.0,7.5,-14.98,True
1.03,0.01,1.02,0.1,0.0,0.0,1.0,1.29,-10.01,True
1.03,0.01,1.02,0.1,0.0,0.25,0.75,1.23,-9.15,True
1.03,0.01,1.02,0.1,0.0,0.5,0.5,1.17,-8.29,True
1.03,0.01,1.02,0.1,0.0,0.75,0.25,1.1,-7.43,True
1.03,0.01,1.02,0.1,0.0,1.0,0.0,1.02,-6.56,True
1.03,0.01,1.02,0.1,0.1,0.0,1.0,3.83,-8.05,True
1.03,0.01,1.02,0.1,0.1,0.25,0.75,3.81,-8.01,True
1.03,0.01,1.02,0.1,0.1,0.5,0.5,3.77,-7.97,True
1.03,0.01,1.02,0.1,0.1,0.75,0.25,3.74,-7.93,True
1.03,0.01,1.02,0.1,0.1,1.0,0.0,3.7,-7.91,True
1.03,0.01,1.02,0.1,0.2,0.0,1.0,5.55,-11.9,True
1.03,0.01,1.02,0.1,0.2,0.25,0.75,5.53,-11.83,True
1.03,0.01,1.02,0.1,0.2,0.5,0.5,5.5,-11.77,True
1.03,0.01,1.02,0.1,0.2,0.75,0.25,5.48,-11.73,True
1.03,0.01,1.02,0.1,0.2,1.0,0.0,5.45,-11.69,True
1.03,0.01,1.02,0.1,0.3,0.0,1.0,6.79,-16.0,True
1.03,0.01,1.02,0.1,0.3,0.25,0.75,6.77,-15.87,True
1.03,0.01,1.02,0.1,0.3,0.5,0.5,6.74,-15.73,True
1.03,0.01,1.02,0.1,0.3,0.75,0.25,6.72,-15.6,True
1.03,0.01,1.02,0.1,0.3,1.0,0.0,6.7,-15.48,True
1.03,0.01,1.02,0.2,0.0,0.0,1.0,1.34,-17.44,True
1.03,0.01,1.02,0.2,0.0,0.25,0.75,1.32,-15.96,True
1.03,0.01,1.02,0.2,0.0,0.5,0.5,1.28,-14.48,True
1.03,0.01,1.02,0.2,0.0,0.75,0.25,1.24,-12.99,True
1.03,0.01,1.02,0.2,0.0,1.0,0.0,1.19,-11.49,True
1.03,0.01,1.02,0.2,0.1,0.0,1.0,3.91,-10.85,True
1.03,0.01,1.02,0.2,0.1,0.25,0.75,3.9,-10.06,True
1.03,0.01,1.02,0.2,0.1,0.5,0.5,3.89,-9.31,True
1.03,0.01,1.02,0.2,0.1,0.75,0.25,3.88,-9.14,True
1.03,0.01,1.02,0.2,0.1,1.0,0.0,3.85,-8.98,True
1.03,0.01,1.02,0.2,0.2,0.0,1.0,5.7,-13.18,True
1.03,0.01,1.02,0.2,0.2,0.25,0.75,5.68,-13.02,True
1.03,0.01,1.02,0.2,0.2,0.5,0.5,5.66,-12.87,True
1.03,0.01,1.02,0.2,0.2,0.75,0.25,5.64,-12.72,True
1.03,0.01,1.02,0.2,0.2,1.0,0.0,5.61,-12.59,True
1.03,0.01,1.02,0.2,0.3,0.0,1.0,6.93,-16.68,True
1.03,0.01,1.02,0.2,0.3,0.25,0.75,6.92,-16.52,True
1.03,0.01,1.02,0.2,0.3,0.5,0.5,6.9,-16.37,True
1.03,0.01,1.02,0.2,0.3,0.75,0.25,6.88,-16.22,True
1.03,0.01,1.02,0.2,0.3,1.0,0.0,6.86,-16.08,True
1.03,0.01,1.02,0.3,0.0,0.0,1.0,1.1,-20.42,True
1.03,0.01,1.02,0.3,0.0,0.25,0.75,1.13,-18.67,True
1.03,0.01,1.02,0.3,0.0,0.5,0.5,1.14,-16.91,True
1.03,0.01,1.02,0.3,0.0,0.75,0.25,1.13,-15.14,True
1.03,0.01,1.02,0.3,0.0,1.0,0.0,1.11,-13.37,True
1.03,0.01,1.02,0.3,0.1,0.0,1.0,4.12,-15.4,True
1.03,0.01,1.02,0.3,0.1,0.25,0.75,4.11,-14.24,True
1.03,0.01,1.02,0.3,0.1,0.5,0.5,4.08,-13.08,True
1.03,0.01,1.02,0.3,0.1,0.75,0.25,4.06,-11.91,True
1.03,0.01,1.02,0.3,0.1,1.0,0.0,4.02,-10.73,True
1.03,0.01,1.02,0.3,0.2,0.0,1.0,5.79,-15.56,True
1.03,0.01,1.02,0.3,0.2,0.25,0.75,5.78,-14.46,True
1.03,0.01,1.02,0.3,0.2,0.5,0.5,5.76,-13.36,True
1.03,0.01,1.02,0.3,0.2,0.75,0.25,5.73,-13.03,True
1.03,0.01,1.02,0.3,0.2,1.0,0.0,5.7,-12.84,True
1.03,0.01,1.02,0.3,0.3,0.0,1.0,6.92,-16.63,True
1.03,0.01,1.02,0.3,0.3,0.25,0.75,6.93,-16.47,True
1.03,0.01,1.02,0.3,0.3,0.5,0.5,6.92,-16.32,True
1.03,0.01,1.02,0.3,0.3,0.75,0.25,6.91,-16.18,True
1.03,0.01,1.02,0.3,0.3,1.0,0.0,6.9,-16.03,True
1.03,0.01,1.02,0.4,0.0,0.0,1.0,1.24,-18.32,True
1.03,0.01,1.02,0.4,0.0,0.25,0.75,1.27,-16.83,True
1.03,0.01,1.02,0.4,0.0,0.5,0.5,1.28,-15.32,True
1.03,0.01,1.02,0.4,0.0,0.75,0.25,1.28,-13.8,True
1.03,0.01,1.02,0.4,0.0,1.0,0.0,1.26,-12.25,True
1.03,0.01,1.02,0.4,0.1,0.0,1.0,4.17,-18.81,True
1.03,0.01,1.02,0.4,0.1,0.25,0.75,4.16,-17.38,True
1.03,0.01,1.02,0.4,0.1,0.5,0.5,4.14,-15.94,True
1.03,0.01,1.02,0.4,0.1,0.75,0.25,4.12,-14.48,True
1.03,0.01,1.02,0.4,0.1,1.0,0.0,4.09,-13.01,True
1.03,0.01,1.02,0.4,0.2,0.0,1.0,5.89,-17.05,True
1.03,0.01,1.02,0.4,0.2,0.25,0.75,5.88,-15.83,True
1.03,0.01,1.02,0.4,0.2,0.5,0.5,5.87,-14.6,True
1.03,0.01,1.02,0.4,0.2,0.75,0.25,5.84,-13.35,True
1.03,0.01,1.02,0.4,0.2,1.0,0.0,5.81,-12.91,True
1.03,0.01,1.02,0.4,0.3,0.0,1.0,6.94,-16.21,True
1.03,0.01,1.02,0.4,0.3,0.25,0.75,6.94,-16.09,True
1.03,0.01,1.02,0.4,0.3,0.5,0.5,6.94,-15.97,True
1.03,0.01,1.02,0.4,0.3,0.75,0.25,6.92,-15.86,True
1.03,0.01,1.02,0.4,0.3,1.0,0.0,6.91,-15.75,True
1.03,0.015,0.95,0.1,0.0,0.0,1.0,7.82,-26.93,True
1.03,0.015,0.95,0.1,0.0,0.25,0.75,7.29,-25.31,True
1.03,0.015,0.95,0.1,0.0,0.5,0.5,6.74,-23.44,True
1.03,0.015,0.95,0.1,0.0,0.75,0.25,6.15,-21.28,True
1.03,0.015,0.95,0.1,0.0,1.0,0.0,5.53,-18.74,True
1.03,0.015,0.95,0.1,0.1,0.0,1.0,8.83,-26.28,True
1.03,0.015,0.95,0.1,0.1,0.25,0.75,8.39,-24.72,True
1.03,0.015,0.95,0.1,0.1,0.5,0.5,7.94,-22.96,True
1.03,0.015,0.95,0.1,0.1,0.75,0.25,7.47,-20.98,True
1.03,0.015,0.95,0.1,0.1,1.0,0.0,6.98,-18.73,True
1.03,0.015,0.95,0.1,0.2,0.0,1.0,9.57,-25.72,True
1.03,0.015,0.95,0.1,0.2,0.25,0.75,9.19,-24.23,True
1.03,0.015,0.95,0.1,0.2,0.5,0.5,8.81,-22.57,True
1.03,0.015,0.95,0.1,0.2,0.75,0.25,8.41,-20.74,True
1.03,0.015,0.95,0.1,0.2,1.0,0.0,7.97,-18.72,True
1.03,0.015,0.95,0.1,0.3,0.0,1.0,10.15,-25.22,True
1.03,0.015,0.95,0.1,0.3,0.25,0.75,9.79,-23.78,True
1.03,0.015,0.95,0.1,0.3,0.5,0.5,9.43,-22.2,True
1.03,0.015,0.95,0.1,0.3,0.75,0.25,9.08,-20.51,True
1.03,0.015,0.95,0.1,0.3,1.0,0.0,8.75,-18.71,True
1.03,0.015,0.95,0.2,0.0,0.0,1.0,11.09,-26.93,True
1.03,0.015,0.95,0.2,0.0,0.25,0.75,10.44,-25.33,True
1.03,0.015,0.95,0.2,0.0,0.5,0.5,9.73,-23.48,True
1.03,0.015,0.95,0.2,0.0,0.75,0.25,8.97,-21.32,True
1.03,0.015,0.95,0.2,0.0,1.0,0.0,8.14,-18.74,True
1.03,0.015,0.95,0.2,0.1,0.0,1.0,11.41,-26.56,True
1.03,0.015,0.95,0.2,0.1,0.25,0.75,10.82,-24.98,True
1.03,0.015,0.95,0.2,0.1,0.5,0.5,10.19,-23.18,True
1.03,0.015,0.95,0.2,0.1,0.75,0.25,9.53,-21.11,True
1.03,0.015,0.95,0.2,0.1,1.0,0.0,8.82,-18.73,True
1.03,0.015,0.95,0.2,0.2,0.0,1.0,11.69,-26.19,True
1.03,0.015,0.95,0.2,0.2,0.25,0.75,11.16,-24.64,True
1.03,0.015,0.95,0.2,0.2,0.5,0.5,10.6,-22.89,True
1.03,0.015,0.95,0.2,0.2,0.75,0.25,10.01,-20.93,True
1.03,0.015,0.95,0.2,0.2,1.0,0.0,9.39,-18.73,True
1.03,0.015,0.95,0.2,0.3,0.0,1.0,11.88,-25.8,True
1.03,0.015,0.95,0.2,0.3,0.25,0.75,11.39,-24.28,True
1.03,0.015,0.95,0.2,0.3,0.5,0.5,10.89,-22.59,True
1.03,0.015,0.95,0.2,0.3,0.75,0.25,10.37,-20.73,True
1.03,0.015,0.95,0.2,0.3,1.0,0.0,9.84,-18.72,True
1.03,0.015,0.95,0.3,0.0,0.0,1.0,12.92,-26.93,True
1.03,0.015,0.95,0.3,0.0,0.25,0.75,12.14,-25.33,True
1.03,0.015,0.95,0.3,0.0,0.5,0.5,11.3,-23.48,True
1.03,0.015,0.95,0.3,0.0,0.75,0.25,10.4,-21.31,True
1.03,0.015,0.95,0.3,0.0,1.0,0.0,9.43,-18.74,True
1.03,0.015,0.95,0.3,0.1,0.0,1.0,12.94,-26.66,True
1.03,0.015,0.95,0.3,0.1,0.25,0.75,12.23,-25.06,True
1.03,0.015,0.95,0.3,0.1,0.5,0.5,11.48,-23.24,True
1.03,0.015,0.95,0.3,0.1,0.75,0.25,10.68,-21.15,True
1.03,0.015,0.95,0.3,0.1,1.0,0.0,9.84,-18.74,True
1.03,0.015,0.95,0.3,0.2,0.0,1.0,12.9,-26.36,True
1.03,0.015,0.95,0.3,0.2,0.25,0.75,12.27,-24.77,True
1.03,0.015,0.95,0.3,0.2,0.5,0.5,11.6,-22.98,True
1.03,0.015,0.95,0.3,0.2,0.75,0.25,10.9,-20.98,True
1.03,0.015,0.95,0.3,0.2,1.0,0.0,10.18,-18.73,True
1.03,0.015,0.95,0.3,0.3,0.0,1.0,12.9,-26.02,True
1.03,0.015,0.95,0.3,0.3,0.25,0.75,12.33,-24.45,True
1.03,0.015,0.95,0.3,0.3,0.5,0.5,11.74,-22.71,True
1.03,0.015,0.95,0.3,0.3,0.75,0.25,11.12,-20.8,True
1.03,0.015,0.95,0.3,0.3,1.0,0.0,10.5,-18.72,True
1.03,0.015,0.95,0.4,0.0,0.0,1.0,13.87,-26.93,True
1.03,0.015,0.95,0.4,0.0,0.25,0.75,13.04,-25.32,True
1.03,0.015,0.95,0.4,0.0,0.5,0.5,12.14,-23.46,True
1.03,0.015,0.95,0.4,0.0,0.75,0.25,11.18,-21.3,True
1.03,0.015,0.95,0.4,0.0,1.0,0.0,10.14,-18.74,True
1.03,0.015,0.95,0.4,0.1,0.0,1.0,13.82,-26.7,True
1.03,0.015,0.95,0.4,0.1,0.25,0.75,13.06,-25.09,True
1.03,0.015,0.95,0.4,0.1,0.5,0.5,12.24,-23.26,True
1.03,0.015,0.95,0.4,0.1,0.75,0.25,11.38,-21.15,True
1.03,0.015,0.95,0.4,0.1,1.0,0.0,10.46,-18.74,True
1.03,0.015,0.95,0.4,0.2,0.0,1.0,13.8,-26.44,True
1.03,0.015,0.95,0.4,0.2,0.25,0.75,13.09,-24.84,True
1.03,0.015,0.95,0.4,0.2,0.5,0.5,12.35,-23.03,True
1.03,0.015,0.95,0.4,0.2,0.75,0.25,11.58,-21.0,True
1.03,0.015,0.95,0.4,0.2,1.0,0.0,10.77,-18.73,True
1.03,0.015,0.95,0.4,0.3,0.0,1.0,13.78,-26.15,True
1.03,0.015,0.95,0.4,0.3,0.25,0.75,13.13,-24.56,True
1.03,0.015,0.95,0.4,0.3,0.5,0.5,12.45,-22.79,True
1.03,0.015,0.95,0.4,0.3,0.75,0.25,11.73,-20.85,True
1.03,0.015,0.95,0.4,0.3,1.0,0.0,11.01,-18.72,True
1.03,0.015,0.97,0.1,0.0,0.0,1.0,4.59,-23.38,True
1.03,0.015,0.97,0.1,0.0,0.25,0.75,4.31,-21.95,True
1.03,0.015,0.97,0.1,0.0,0.5,0.5,4.01,-20.3,True
1.03,0.015,0.97,0.1,0.0,0.75,0.25,3.7,-18.4,True
1.03,0.015,0.97,0.1,0.0,1.0,0.0,3.37,-16.16,True
1.03,0.015,0.97,0.1,0.1,0.0,1.0,6.36,-22.58,True
1.03,0.015,0.97,0.1,0.1,0.25,0.75,6.12,-21.37,True
1.03,0.015,0.97,0.1,0.1,0.5,0.5,5.87,-20.02,True
1.03,0.015,0.97,0.1,0.1,0.75,0.25,5.62,-18.48,True
1.03,0.015,0.97,0.1,0.1,1.0,0.0,5.36,-16.72,True
1.03,0.015,0.97,0.1,0.2,0.0,1.0,7.39,-21.94,True
1.03,0.015,0.97,0.1,0.2,0.25,0.75,7.2,-20.9,True
1.03,0.015,0.97,0.1,0.2,0.5,0.5,7.01,-19.76,True
1.03,0.015,0.97,0.1,0.2,0.75,0.25,6.81,-18.51,True
1.03,0.015,0.97,0.1,0.2,1.0,0.0,6.6,-17.12,True
1.03,0.015,0.97,0.1,0.3,0.0,1.0,8.37,-21.45,True
1.03,0.015,0.97,0.1,0.3,0.25,0.75,8.19,-20.55,True
1.03,0.015,0.97,0.1,0.3,0.5,0.5,8.02,-19.58,True
1.03,0.015,0.97,0.1,0.3,0.75,0.25,7.84,-18.54,True
1.03,0.015,0.97,0.1,0.3,1.0,0.0,7.65,-17.41,True
1.03,0.015,0.97,0.2,0.0,0.0,1.0,7.05,-23.38,True
1.03,0.015,0.97,0.2,0.0,0.25,0.75,6.63,-21.97,True
1.03,0.015,0.97,0.2,0.0,0.5,0.5,6.19,-20.34,True
1.03,0.015,0.97,0.2,0.0,0.75,0.25,5.73,-18.43,True
1.03,0.015,0.97,0.2,0.0,1.0,0.0,5.25,-16.16,True
1.03,0.015,0.97,0.2,0.1,0.0,1.0,8.17,-22.8,True
1.03,0.015,0.97,0.2,0.1,0.25,0.75,7.82,-21.53,True
1.03,0.015,0.97,0.2,0.1,0.5,0.5,7.45,-20.1,True
1.03,0.015,0.97,0.2,0.1,0.75,0.25,7.07,-18.47,True
1.03,0.015,0.97,0.2,0.1,1.0,0.0,6.68,-16.62,True
1.03,0.015,0.97,0.2,0.2,0.0,1.0,8.94,-22.33,True
1.03,0.015,0.97,0.2,0.2,0.25,0.75,8.63,-21.16,True
1.03,0.015,0.97,0.2,0.2,0.5,0.5,8.33,-19.89,True
1.03,0.015,0.97,0.2,0.2,0.75,0.25,8.01,-18.49,True
1.03,0.015,0.97,0.2,0.2,1.0,0.0,7.7,-16.96,True
1.03,0.015,0.97,0.2,0.3,0.0,1.0,9.56,-21.92,True
1.03,0.015,0.97,0.2,0.3,0.25,0.75,9.31,-20.85,True
1.03,0.015,0.97,0.2,0.3,0.5,0.5,9.05,-19.72,True
1.03,0.015,0.97,0.2,0.3,0.75,0.25,8.8,-18.51,True
1.03,0.015,0.97,0.2,0.3,1.0,0.0,8.54,-17.23,True
1.03,0.015,0.97,0.3,0.0,0.0,1.0,8.6,-23.38,True
1.03,0.015,0.97,0.3,0.0,0.25,0.75,8.08,-21.97,True
1.03,0.015,0.97,0.3,0.0,0.5,0.5,7.55,-20.34,True
1.03,0.015,0.97,0.3,0.0,0.75,0.25,6.98,-18.43,True
1.03,0.015,0.97,0.3,0.0,1.0,0.0,6.38,-16.16,True
1.03,0.015,0.97,0.3,0.1,0.0,1.0,9.25,-22.91,True
1.03,0.015,0.97,0.3,0.1,0.25,0.75,8.83,-21.6,True
1.03,0.015,0.97,0.3,0.1,0.5,0.5,8.38,-20.12,True
1.03,0.015,0.97,0.3,0.1,0.75,0.25,7.93,-18.45,True
1.03,0.015,0.97,0.3,0.1,1.0,0.0,7.46,-16.56,True
1.03,0.015,0.97,0.3,0.2,0.0,1.0,9.85,-22.49,True
1.03,0.015,0.97,0.3,0.2,0.25,0.75,9.48,-21.27,True
1.03,0.015,0.97,0.3,0.2,0.5,0.5,9.1,-19.94,True
1.03,0.015,0.97,0.3,0.2,0.75,0.25,8.71,-18.47,True
1.03,0.015,0.97,0.3,0.2,1.0,0.0,8.32,-16.88,True
1.03,0.015,0.97,0.3,0.3,0.0,1.0,10.38,-22.11,True
1.03,0.015,0.97,0.3,0.3,0.25,0.75,10.05,-20.98,True
1.03,0.015,0.97,0.3,0.3,0.5,0.5,9.72,-19.77,True
1.03,0.015,0.97,0.3,0.3,0.75,0.25,9.37,-18.49,True
1.03,0.015,0.97,0.3,0.3,1.0,0.0,9.02,-17.14,True
1.03,0.015,0.97,0.4,0.0,0.0,1.0,9.51,-23.38,True
1.03,0.015,0.97,0.4,0.0,0.25,0.75,8.95,-21.96,True
1.03,0.015,0.97,0.4,0.0,0.5,0.5,8.35,-20.32,True
1.03,0.015,0.97,0.4,0.0,0.75,0.25,7.73,-18.42,True
1.03,0.015,0.97,0.4,0.0,1.0,0.0,7.07,-16.16,True
1.03,0.015,0.97,0.4,0.1,0.0,1.0,10.12,-22.97,True
1.03,0.015,0.97,0.4,0.1,0.25,0.75,9.63,-21.63,True
1.03,0.015,0.97,0.4,0.1,0.5,0.5,9.12,-20.13,True
1.03,0.015,0.97,0.4,0.1,0.75,0.25,8.59,-18.44,True
1.03,0.015,0.97,0.4,0.1,1.0,0.0,8.05,-16.52,True
1.03,0.015,0.97,0.4,0.2,0.0,1.0,10.63,-22.59,True
1.03,0.015,0.97,0.4,0.2,0.25,0.75,10.18,-21.34,True
1.03,0.015,0.97,0.4,0.2,0.5,0.5,9.72,-19.97,True
1.03,0.015,0.97,0.4,0.2,0.75,0.25,9.26,-18.46,True
1.03,0.015,0.97,0.4,0.2,1.0,0.0,8.79,-16.82,True
1.03,0.015,0.97,0.4,0.3,0.0,1.0,11.08,-22.26,True
1.03,0.015,0.97,0.4,0.3,0.25,0.75,10.67,-21.08,True
1.03,0.015,0.97,0.4,0.3,0.5,0.5,10.26,-19.82,True
1.03,0.015,0.97,0.4,0.3,0.75,0.25,9.84,-18.48,True
1.03,0.015,0.97,0.4,0.3,1.0,0.0,9.43,-17.06,True
1.03,0.015,0.99,0.1,0.0,0.0,1.0,4.42,-18.59,True
1.03,0.015,0.99,0.1,0.0,0.25,0.75,4.13,-17.41,True
1.03,0.015,0.99,0.1,0.0,0.5,0.5,3.82,-16.07,True
1.03,0.015,0.99,0.1,0.0,0.75,0.25,3.5,-14.51,True
1.03,0.015,0.99,0.1,0.0,1.0,0.0,3.16,-12.68,True
1.03,0.015,0.99,0.1,0.1,0.0,1.0,6.08,-18.6,True
1.03,0.015,0.99,0.1,0.1,0.25,0.75,5.85,-17.67,True
1.03,0.015,0.99,0.1,0.1,0.5,0.5,5.61,-16.63,True
1.03,0.015,0.99,0.1,0.1,0.75,0.25,5.36,-15.45,True
1.03,0.015,0.99,0.1,0.1,1.0,0.0,5.1,-14.1,True
1.03,0.015,0.99,0.1,0.2,0.0,1.0,7.14,-18.61,True
1.03,0.015,0.99,0.1,0.2,0.25,0.75,6.96,-17.86,True
1.03,0.015,0.99,0.1,0.2,0.5,0.5,6.78,-17.04,True
1.03,0.015,0.99,0.1,0.2,0.75,0.25,6.59,-16.14,True
1.03,0.015,0.99,0.1,0.2,1.0,0.0,6.4,-15.14,True
1.03,0.015,0.99,0.1,0.3,0.0,1.0,8.09,-18.61,True
1.03,0.015,0.99,0.1,0.3,0.25,0.75,7.95,-18.01,True
1.03,0.015,0.99,0.1,0.3,0.5,0.5,7.8,-17.36,True
1.03,0.015,0.99,0.1,0.3,0.75,0.25,7.63,-16.66,True
1.03,0.015,0.99,0.1,0.3,1.0,0.0,7.46,-15.9,True
1.03,0.015,0.99,0.2,0.0,0.0,1.0,6.15,-25.44,True
1.03,0.015,0.99,0.2,0.0,0.25,0.75,5.77,-23.6,True
1.03,0.015,0.99,0.2,0.0,0.5,0.5,5.37,-21.68,True
1.03,0.015,0.99,0.2,0.0,0.75,0.25,4.95,-19.69,True
1.03,0.015,0.99,0.2,0.0,1.0,0.0,4.5,-17.62,True
1.03,0.015,0.99,0.2,0.1,0.0,1.0,7.33,-23.14,True
1.03,0.015,0.99,0.2,0.1,0.25,0.75,7.03,-21.29,True
1.03,0.015,0.99,0.2,0.1,0.5,0.5,6.72,-19.38,True
1.03,0.015,0.99,0.2,0.1,0.75,0.25,6.4,-17.4,True
1.03,0.015,0.99,0.2,0.1,1.0,0.0,6.07,-15.35,True
1.03,0.015,0.99,0.2,0.2,0.0,1.0,8.09,-20.73,True
1.03,0.015,0.99,0.2,0.2,0.25,0.75,7.87,-18.9,True
1.03,0.015,0.99,0.2,0.2,0.5,0.5,7.64,-17.01,True
1.03,0.015,0.99,0.2,0.2,0.75,0.25,7.41,-15.97,True
1.03,0.015,0.99,0.2,0.2,1.0,0.0,7.17,-14.93,True
1.03,0.015,0.99,0.2,0.3,0.0,1.0,8.89,-18.61,True
1.03,0.015,0.99,0.2,0.3,0.25,0.75,8.71,-17.93,True
1.03,0.015,0.99,0.2,0.3,0.5,0.5,8.52,-17.21,True
1.03,0.015,0.99,0.2,0.3,0.75,0.25,8.33,-16.45,True
1.03,0.015,0.99,0.2,0.3,1.0,0.0,8.13,-15.64,True
1.03,0.015,0.99,0.3,0.0,0.0,1.0,7.15,-27.14,True
1.03,0.015,0.99,0.3,0.0,0.25,0.75,6.73,-25.16,True
1.03,0.015,0.99,0.3,0.0,0.5,0.5,6.28,-23.1,True
1.03,0.015,0.99,0.3,0.0,0.75,0.25,5.81,-20.97,True
1.03,0.015,0.99,0.3,0.0,1.0,0.0,5.31,-18.76,True
1.03,0.015,0.99,0.3,0.1,0.0,1.0,8.11,-24.01,True
1.03,0.015,0.99,0.3,0.1,0.25,0.75,7.77,-22.06,True
1.03,0.015,0.99,0.3,0.1,0.5,0.5,7.42,-20.06,True
1.03,0.015,0.99,0.3,0.1,0.75,0.25,7.06,-17.98,True
1.03,0.015,0.99,0.3,0.1,1.0,0.0,6.68,-15.84,True
1.03,0.015,0.99,0.3,0.2,0.0,1.0,8.95,-20.46,True
1.03,0.015,0.99,0.3,0.2,0.25,0.75,8.66,-18.58,True
1.03,0.015,0.99,0.3,0.2,0.5,0.5,8.37,-16.84,True
1.03,0.015,0.99,0.3,0.2,0.75,0.25,8.07,-15.84,True
1.03,0.015,0.99,0.3,0.2,1.0,0.0,7.76,-14.75,True
1.03,0.015,0.99,0.3,0.3,0.0,1.0,9.63,-18.61,True
1.03,0.015,0.99,0.3,0.3,0.25,0.75,9.34,-17.88,True
1.03,0.015,0.99,0.3,0.3,0.5,0.5,9.05,-17.12,True
1.03,0.015,0.99,0.3,0.3,0.75,0.25,8.77,-16.32,True
1.03,0.015,0.99,0.3,0.3,1.0,0.0,8.49,-15.48,True
1.03,0.015,0.99,0.4,0.0,0.0,1.0,8.07,-26.26,True
1.03,0.015,0.99,0.4,0.0,0.25,0.75,7.58,-24.33,True
1.03,0.015,0.99,0.4,0.0,0.5,0.5,7.08,-22.32,True
1.03,0.015,0.99,0.4,0.0,0.75,0.25,6.54,-20.24,True
1.03,0.015,0.99,0.4,0.0,1.0,0.0,5.98,-18.07,True
1.03,0.015,0.99,0.4,0.1,0.0,1.0,8.97,-22.84,True
1.03,0.015,0.99,0.4,0.1,0.25,0.75,8.57,-20.96,True
1.03,0.015,0.99,0.4,0.1,0.5,0.5,8.15,-19.02,True
1.03,0.015,0.99,0.4,0.1,0.75,0.25,7.72,-17.02,True
1.03,0.015,0.99,0.4,0.1,1.0,0.0,7.26,-14.95,True
1.03,0.015,0.99,0.4,0.2,0.0,1.0,9.47,-19.25,True
1.03,0.015,0.99,0.4,0.2,0.25,0.75,9.1,-17.73,True
1.03,0.015,0.99,0.4,0.2,0.5,0.5,8.74,-16.8,True
1.03,0.015,0.99,0.4,0.2,0.75,0.25,8.37,-15.78,True
1.03,0.015,0.99,0.4,0.2,1.0,0.0,8.0,-14.69,True
1.03,0.015,0.99,0.4,0.3,0.0,1.0,9.84,-18.61,True
1.03,0.015,0.99,0.4,0.3,0.25,0.75,9.53,-17.87,True
1.03,0.015,0.99,0.4,0.3,0.5,0.5,9.23,-17.09,True
1.03,0.015,0.99,0.4,0.3,0.75,0.25,8.92,-16.28,True
1.03,0.015,0.99,0.4,0.3,1.0,0.0,8.63,-15.44,True
1.03,0.015,1.0,0.1,0.0,0.0,1.0,1.41,-12.77,True
1.03,0.015,1.0,0.1,0.0,0.25,0.75,1.33,-11.72,True
1.03,0.015,1.0,0.1,0.0,0.5,0.5,1.25,-10.65,True
1.03,0.015,1.0,0.1,0.0,0.75,0.25,1.16,-9.56,True
1.03,0.015,1.0,0.1,0.0,1.0,0.0,1.07,-8.44,True
1.03,0.015,1.0,0.1,0.1,0.0,1.0,4.1,-11.45,True
1.03,0.015,1.0,0.1,0.1,0.25,0.75,4.03,-11.07,True
1.03,0.015,1.0,0.1,0.1,0.5,0.5,3.95,-10.73,True
1.03,0.015,1.0,0.1,0.1,0.75,0.25,3.88,-10.4,True
1.03,0.015,1.0,0.1,0.1,1.0,0.0,3.8,-10.06,True
1.03,0.015,1.0,0.1,0.2,0.0,1.0,5.91,-14.62,True
1.03,0.015,1.0,0.1,0.2,0.25,0.75,5.83,-14.32,True
1.03,0.015,1.0,0.1,0.2,0.5,0.5,5.75,-14.02,True
1.03,0.015,1.0,0.1,0.2,0.75,0.25,5.67,-13.72,True
1.03,0.015,1.0,0.1,0.2,1.0,0.0,5.59,-13.42,True
1.03,0.015,1.0,0.1,0.3,0.0,1.0,7.18,-16.45,True
1.03,0.015,1.0,0.1,0.3,0.25,0.75,7.14,-16.2,True
1.03,0.015,1.0,0.1,0.3,0.5,0.5,7.07,-15.92,True
1.03,0.015,1.0,0.1,0.3,0.75,0.25,6.99,-15.64,True
1.03,0.015,1.0,0.1,0.3,1.0,0.0,6.91,-15.37,True
1.03,0.015,1.0,0.2,0.0,0.0,1.0,2.86,-18.84,True
1.03,0.015,1.0,0.2,0.0,0.25,0.75,2.7,-17.42,True
1.03,0.015,1.0,0.2,0.0,0.5,0.5,2.54,-15.95,True
1.03,0.015,1.0,0.2,0.0,0.75,0.25,2.37,-14.43,True
1.03,0.015,1.0,0.2,0.0,1.0,0.0,2.2,-12.84,True
1.03,0.015,1.0,0.2,0.1,0.0,1.0,5.2,-16.95,True
1.03,0.015,1.0,0.2,0.1,0.25,0.75,5.08,-15.52,True
1.03,0.015,1.0,0.2,0.1,0.5,0.5,4.96,-14.04,True
1.03,0.015,1.0,0.2,0.1,0.75,0.25,4.84,-12.62,True
1.03,0.015,1.0,0.2,0.1,1.0,0.0,4.71,-12.05,True
1.03,0.015,1.0,0.2,0.2,0.0,1.0,6.68,-16.48,True
1.03,0.015,1.0,0.2,0.2,0.25,0.75,6.59,-15.95,True
1.03,0.015,1.0,0.2,0.2,0.5,0.5,6.49,-15.43,True
1.03,0.015,1.0,0.2,0.2,0.75,0.25,6.4,-14.93,True
1.03,0.015,1.0,0.2,0.2,1.0,0.0,6.3,-14.45,True
1.03,0.015,1.0,0.2,0.3,0.0,1.0,7.84,-17.37,True
1.03,0.015,1.0,0.2,0.3,0.25,0.75,7.74,-16.94,True
1.03,0.015,1.0,0.2,0.3,0.5,0.5,7.64,-16.48,True
1.03,0.015,1.0,0.2,0.3,0.75,0.25,7.54,-16.05,True
1.03,0.015,1.0,0.2,0.3,1.0,0.0,7.44,-15.65,True
1.03,0.015,1.0,0.3,0.0,0.0,1.0,3.95,-20.25,True
1.03,0.015,1.0,0.3,0.0,0.25,0.75,3.75,-18.71,True
1.03,0.015,1.0,0.3,0.0,0.5,0.5,3.53,-17.12,True
1.03,0.015,1.0,0.3,0.0,0.75,0.25,3.3,-15.47,True
1.03,0.015,1.0,0.3,0.0,1.0,0.0,3.06,-13.76,True
1.03,0.015,1.0,0.3,0.1,0.0,1.0,6.01,-17.61,True
1.03,0.015,1.0,0.3,0.1,0.25,0.75,5.85,-16.09,True
1.03,0.015,1.0,0.3,0.1,0.5,0.5,5.68,-14.52,True
1.03,0.015,1.0,0.3,0.1,0.75,0.25,5.5,-13.5,True
1.03,0.015,1.0,0.3,0.1,1.0,0.0,5.32,-12.74,True
1.03,0.015,1.0,0.3,0.2,0.0,1.0,7.31,-16.97,True
1.03,0.015,1.0,0.3,0.2,0.25,0.75,7.16,-16.31,True
1.03,0.015,1.0,0.3,0.2,0.5,0.5,7.0,-15.67,True
1.03,0.015,1.0,0.3,0.2,0.75,0.25,6.85,-15.06,True
1.03,0.015,1.0,0.3,0.2,1.0,0.0,6.69,-14.48,True
1.03,0.015,1.0,0.3,0.3,0.0,1.0,8.1,-17.35,True
1.03,0.015,1.0,0.3,0.3,0.25,0.75,7.98,-16.86,True
1.03,0.015,1.0,0.3,0.3,0.5,0.5,7.86,-16.39,True
1.03,0.015,1.0,0.3,0.3,0.75,0.25,7.73,-15.95,True
1.03,0.015,1.0,0.3,0.3,1.0,0.0,7.61,-15.54,True
1.03,0.015,1.0,0.4,0.0,0.0,1.0,4.92,-19.38,True
1.03,0.015,1.0,0.4,0.0,0.25,0.75,4.65,-17.71,True
1.03,0.015,1.0,0.4,0.0,0.5,0.5,4.37,-16.02,True
1.03,0.015,1.0,0.4,0.0,0.75,0.25,4.08,-14.42,True
1.03,0.015,1.0,0.4,0.0,1.0,0.0,3.78,-12.79,True
1.03,0.015,1.0,0.4,0.1,0.0,1.0,6.65,-16.44,True
1.03,0.015,1.0,0.4,0.1,0.25,0.75,6.43,-15.54,True
1.03,0.015,1.0,0.4,0.1,0.5,0.5,6.2,-14.65,True
1.03,0.015,1.0,0.4,0.1,0.75,0.25,5.96,-13.78,True
1.03,0.015,1.0,0.4,0.1,1.0,0.0,5.72,-12.93,True
1.03,0.015,1.0,0.4,0.2,0.0,1.0,7.51,-16.95,True
1.03,0.015,1.0,0.4,0.2,0.25,0.75,7.34,-16.28,True
1.03,0.015,1.0,0.4,0.2,0.5,0.5,7.17,-15.63,True
1.03,0.015,1.0,0.4,0.2,0.75,0.25,6.99,-15.02,True
1.03,0.015,1.0,0.4,0.2,1.0,0.0,6.82,-14.43,True
1.03,0.015,1.0,0.4,0.3,0.0,1.0,8.25,-17.34,True
1.03,0.015,1.0,0.4,0.3,0.25,0.75,8.12,-16.84,True
1.03,0.015,1.0,0.4,0.3,0.5,0.5,7.98,-16.36,True
1.03,0.015,1.0,0.4,0.3,0.75,0.25,7.85,-15.92,True
1.03,0.015,1.0,0.4,0.3,1.0,0.0,7.71,-15.51,True
1.03,0.015,1.01,0.1,0.0,0.0,1.0,1.14,-11.16,True
1.03,0.015,1.01,0.1,0.0,0.25,0.75,1.06,-10.25,True
1.03,0.015,1.01,0.1,0.0,0.5,0.5,0.99,-9.31,True
1.03,0.015,1.01,0.1,0.0,0.75,0.25,0.91,-8.36,True
1.03,0.015,1.01,0.1,0.0,1.0,0.0,0.82,-7.39,True
1.03,0.015,1.01,0.1,0.1,0.0,1.0,3.9,-9.87,True
1.03,0.015,1.01,0.1,0.1,0.25,0.75,3.83,-8.95,True
1.03,0.015,1.01,0.1,0.1,0.5,0.5,3.75,-8.0,True
1.03,0.015,1.01,0.1,0.1,0.75,0.25,3.68,-7.72,True
1.03,0.015,1.01,0.1,0.1,1.0,0.0,3.6,-7.69,True
1.03,0.015,1.01,0.1,0.2,0.0,1.0,5.7,-11.18,True
1.03,0.015,1.01,0.1,0.2,0.25,0.75,5.64,-11.2,True
1.03,0.015,1.01,0.1,0.2,0.5,0.5,5.56,-11.2,True
1.03,0.015,1.01,0.1,0.2,0.75,0.25,5.49,-11.19,True
1.03,0.015,1.01,0.1,0.2,1.0,0.0,5.41,-11.19,True
1.03,0.015,1.01,0.1,0.3,0.0,1.0,6.92,-13.37,True
1.03,0.015,1.01,0.1,0.3,0.25,0.75,6.9,-13.44,True
1.03,0.015,1.01,0.1,0.3,0.5,0.5,6.86,-13.59,True
1.03,0.015,1.01,0.1,0.3,0.75,0.25,6.8,-13.59,True
1.03,0.015,1.01,0.1,0.3,1.0,0.0,6.72,-13.59,True
1.03,0.015,1.01,0.2,0.0,0.0,1.0,2.19,-17.09,True
1.03,0.015,1.01,0.2,0.0,0.25,0.75,2.06,-15.8,True
1.03,0.015,1.01,0.2,0.0,0.5,0.5,1.93,-14.47,True
1.03,0.015,1.01,0.2,0.0,0.75,0.25,1.79,-13.09,True
1.03,0.015,1.01,0.2,0.0,1.0,0.0,1.64,-11.66,True
1.03,0.015,1.01,0.2,0.1,0.0,1.0,4.59,-15.42,True
1.03,0.015,1.01,0.2,0.1,0.25,0.75,4.51,-14.11,True
1.03,0.015,1.01,0.2,0.1,0.5,0.5,4.42,-12.76,True
1.03,0.015,1.01,0.2,0.1,0.75,0.25,4.33,-11.36,True
1.03,0.015,1.01,0.2,0.1,1.0,0.0,4.24,-9.91,True
1.03,0.015,1.01,0.2,0.2,0.0,1.0,6.06,-13.75,True
1.03,0.015,1.01,0.2,0.2,0.25,0.75,6.0,-12.42,True
1.03,0.015,1.01,0.2,0.2,0.5,0.5,5.95,-11.35,True
1.03,0.015,1.01,0.2,0.2,0.75,0.25,5.88,-11.37,True
1.03,0.015,1.01,0.2,0.2,1.0,0.0,5.82,-11.41,True
1.03,0.015,1.01,0.2,0.3,0.0,1.0,7.17,-13.86,True
1.03,0.015,1.01,0.2,0.3,0.25,0.75,7.13,-13.83,True
1.03,0.015,1.01,0.2,0.3,0.5,0.5,7.09,-13.81,True
1.03,0.015,1.01,0.2,0.3,0.75,0.25,7.04,-13.8,True
1.03,0.015,1.01,0.2,0.3,1.0,0.0,7.0,-13.8,True
1.03,0.015,1.01,0.3,0.0,0.0,1.0,2.84,-18.53,True
1.03,0.015,1.01,0.3,0.0,0.25,0.75,2.69,-17.12,True
1.03,0.015,1.01,0.3,0.0,0.5,0.5,2.53,-15.66,True
1.03,0.015,1.01,0.3,0.0,0.75,0.25,2.36,-14.15,True
1.03,0.015,1.01,0.3,0.0,1.0,0.0,2.17,-12.59,True
1.03,0.015,1.01,0.3,0.1,0.0,1.0,4.88,-16.16,True
1.03,0.015,1.01,0.3,0.1,0.25,0.75,4.79,-14.74,True
1.03,0.015,1.01,0.3,0.1,0.5,0.5,4.69,-13.28,True
1.03,0.015,1.01,0.3,0.1,0.75,0.25,4.59,-11.79,True
1.03,0.015,1.01,0.3,0.1,1.0,0.0,4.48,-10.25,True
1.03,0.015,1.01,0.3,0.2,0.0,1.0,6.27,-13.46,True
1.03,0.015,1.01,0.3,0.2,0.25,0.75,6.21,-12.06,True
1.03,0.015,1.01,0.3,0.2,0.5,0.5,6.14,-11.87,True
1.03,0.015,1.01,0.3,0.2,0.75,0.25,6.07,-11.82,True
1.03,0.015,1.01,0.3,0.2,1.0,0.0,6.0,-11.79,True
1.03,0.015,1.01,0.3,0.3,0.0,1.0,7.35,-14.63,True
1.03,0.015,1.01,0.3,0.3,0.25,0.75,7.3,-14.52,True
1.03,0.015,1.01,0.3,0.3,0.5,0.5,7.25,-14.43,True
1.03,0.015,1.01,0.3,0.3,0.75,0.25,7.2,-14.34,True
1.03,0.015,1.01,0.3,0.3,1.0,0.0,7.15,-14.26,True
1.03,0.015,1.01,0.4,0.0,0.0,1.0,3.17,-19.38,True
1.03,0.015,1.01,0.4,0.0,0.25,0.75,3.01,-17.71,True
1.03,0.015,1.01,0.4,0.0,0.5,0.5,2.83,-16.02,True
1.03,0.015,1.01,0.4,0.0,0.75,0.25,2.65,-14.32,True
1.03,0.015,1.01,0.4,0.0,1.0,0.0,2.45,-12.6,True
1.03,0.015,1.01,0.4,0.1,0.0,1.0,5.11,-14.63,True
1.03,0.015,1.01,0.4,0.1,0.25,0.75,5.01,-13.3,True
1.03,0.015,1.01,0.4,0.1,0.5,0.5,4.9,-11.94,True
1.03,0.015,1.01,0.4,0.1,0.75,0.25,4.79,-10.54,True
1.03,0.015,1.01,0.4,0.1,1.0,0.0,4.67,-9.11,True
1.03,0.015,1.01,0.4,0.2,0.0,1.0,6.47,-12.75,True
1.03,0.015,1.01,0.4,0.2,0.25,0.75,6.4,-12.6,True
1.03,0.015,1.01,0.4,0.2,0.5,0.5,6.32,-12.47,True
1.03,0.015,1.01,0.4,0.2,0.75,0.25,6.24,-12.36,True
1.03,0.015,1.01,0.4,0.2,1.0,0.0,6.15,-12.25,True
1.03,0.015,1.01,0.4,0.3,0.0,1.0,7.46,-14.9,True
1.03,0.015,1.01,0.4,0.3,0.25,0.75,7.39,-14.74,True
1.03,0.015,1.01,0.4,0.3,0.5,0.5,7.33,-14.59,True
1.03,0.015,1.01,0.4,0.3,0.75,0.25,7.26,-14.45,True
1.03,0.015,1.01,0.4,0.3,1.0,0.0,7.19,-14.32,True
1.03,0.015,1.02,0.1,0.0,0.0,1.0,0.59,-11.16,True
1.03,0.015,1.02,0.1,0.0,0.25,0.75,0.55,-10.25,True
1.03,0.015,1.02,0.1,0.0,0.5,0.5,0.51,-9.31,True
1.03,0.015,1.02,0.1,0.0,0.75,0.25,0.47,-8.36,True
1.03,0.015,1.02,0.1,0.0,1.0,0.0,0.43,-7.39,True
1.03,0.015,1.02,0.1,0.1,0.0,1.0,3.54,-9.73,True
1.03,0.015,1.02,0.1,0.1,0.25,0.75,3.51,-8.8,True
1.03,0.015,1.02,0.1,0.1,0.5,0.5,3.48,-8.16,True
1.03,0.015,1.02,0.1,0.1,0.75,0.25,3.44,-8.15,True
1.03,0.015,1.02,0.1,0.1,1.0,0.0,3.41,-8.13,True
1.03,0.015,1.02,0.1,0.2,0.0,1.0,5.34,-11.78,True
1.03,0.015,1.02,0.1,0.2,0.25,0.75,5.31,-11.76,True
1.03,0.015,1.02,0.1,0.2,0.5,0.5,5.28,-11.74,True
1.03,0.015,1.02,0.1,0.2,0.75,0.25,5.26,-11.73,True
1.03,0.015,1.02,0.1,0.2,1.0,0.0,5.23,-11.72,True
1.03,0.015,1.02,0.1,0.3,0.0,1.0,6.59,-14.64,True
1.03,0.015,1.02,0.1,0.3,0.25,0.75,6.57,-14.63,True
1.03,0.015,1.02,0.1,0.3,0.5,0.5,6.55,-14.63,True
1.03,0.015,1.02,0.1,0.3,0.75,0.25,6.54,-14.62,True
1.03,0.015,1.02,0.1,0.3,1.0,0.0,6.52,-14.61,True
1.03,0.015,1.02,0.2,0.0,0.0,1.0,1.06,-17.09,True
1.03,0.015,1.02,0.2,0.0,0.25,0.75,1.0,-15.8,True
1.03,0.015,1.02,0.2,0.0,0.5,0.5,0.94,-14.47,True
1.03,0.015,1.02,0.2,0.0,0.75,0.25,0.88,-13.09,True
1.03,0.015,1.02,0.2,0.0,1.0,0.0,0.81,-11.66,True
1.03,0.015,1.02,0.2,0.1,0.0,1.0,3.77,-14.94,True
1.03,0.015,1.02,0.2,0.1,0.25,0.75,3.74,-13.67,True
1.03,0.015,1.02,0.2,0.1,0.5,0.5,3.71,-12.37,True
1.03,0.015,1.02,0.2,0.1,0.75,0.25,3.67,-11.02,True
1.03,0.015,1.02,0.2,0.1,1.0,0.0,3.63,-9.63,True
1.03,0.015,1.02,0.2,0.2,0.0,1.0,5.43,-13.09,True
1.03,0.015,1.02,0.2,0.2,0.25,0.75,5.41,-12.93,True
1.03,0.015,1.02,0.2,0.2,0.5,0.5,5.39,-12.77,True
1.03,0.015,1.02,0.2,0.2,0.75,0.25,5.37,-12.62,True
1.03,0.015,1.02,0.2,0.2,1.0,0.0,5.34,-12.48,True
1.03,0.015,1.02,0.2,0.3,0.0,1.0,6.7,-15.4,True
1.03,0.015,1.02,0.2,0.3,0.25,0.75,6.69,-15.25,True
1.03,0.015,1.02,0.2,0.3,0.5,0.5,6.68,-15.09,True
1.03,0.015,1.02,0.2,0.3,0.75,0.25,6.66,-14.93,True
1.03,0.015,1.02,0.2,0.3,1.0,0.0,6.64,-14.78,True
1.03,0.015,1.02,0.3,0.0,0.0,1.0,1.27,-24.48,True
1.03,0.015,1.02,0.3,0.0,0.25,0.75,1.22,-22.59,True
1.03,0.015,1.02,0.3,0.0,0.5,0.5,1.16,-20.67,True
1.03,0.015,1.02,0.3,0.0,0.75,0.25,1.1,-18.72,True
1.03,0.015,1.02,0.3,0.0,1.0,0.0,1.03,-16.73,True
1.03,0.015,1.02,0.3,0.1,0.0,1.0,3.9,-15.71,True
1.03,0.015,1.02,0.3,0.1,0.25,0.75,3.88,-14.04,True
1.03,0.015,1.02,0.3,0.1,0.5,0.5,3.86,-12.59,True
1.03,0.015,1.02,0.3,0.1,0.75,0.25,3.83,-11.16,True
1.03,0.015,1.02,0.3,0.1,1.0,0.0,3.79,-9.7,True
1.03,0.015,1.02,0.3,0.2,0.0,1.0,5.54,-13.77,True
1.03,0.015,1.02,0.3,0.2,0.25,0.75,5.54,-13.56,True
1.03,0.015,1.02,0.3,0.2,0.5,0.5,5.52,-13.36,True
1.03,0.015,1.02,0.3,0.2,0.75,0.25,5.51,-13.18,True
1.03,0.015,1.02,0.3,0.2,1.0,0.0,5.48,-12.99,True
1.03,0.015,1.02,0.3,0.3,0.0,1.0,6.68,-15.84,True
1.03,0.015,1.02,0.3,0.3,0.25,0.75,6.68,-15.66,True
1.03,0.015,1.02,0.3,0.3,0.5,0.5,6.68,-15.47,True
1.03,0.015,1.02,0.3,0.3,0.75,0.25,6.68,-15.3,True
1.03,0.015,1.02,0.3,0.3,1.0,0.0,6.67,-15.12,True
1.03,0.015,1.02,0.4,0.0,0.0,1.0,1.45,-28.99,True
1.03,0.015,1.02,0.4,0.0,0.25,0.75,1.41,-26.79,True
1.03,0.015,1.02,0.4,0.0,0.5,0.5,1.35,-24.55,True
1.03,0.015,1.02,0.4,0.0,0.75,0.25,1.28,-22.26,True
1.03,0.015,1.02,0.4,0.0,1.0,0.0,1.21,-19.92,True
1.03,0.015,1.02,0.4,0.1,0.0,1.0,3.99,-17.3,True
1.03,0.015,1.02,0.4,0.1,0.25,0.75,3.97,-15.56,True
1.03,0.015,1.02,0.4,0.1,0.5,0.5,3.94,-13.78,True
1.03,0.015,1.02,0.4,0.1,0.75,0.25,3.91,-11.96,True
1.03,0.015,1.02,0.4,0.1,1.0,0.0,3.87,-10.12,True
1.03,0.015,1.02,0.4,0.2,0.0,1.0,5.5,-14.48,True
1.03,0.015,1.02,0.4,0.2,0.25,0.75,5.5,-14.22,True
1.03,0.015,1.02,0.4,0.2,0.5,0.5,5.5,-13.96,True
1.03,0.015,1.02,0.4,0.2,0.75,0.25,5.49,-13.71,True
1.03,0.015,1.02,0.4,0.2,1.0,0.0,5.48,-13.47,True
1.03,0.015,1.02,0.4,0.3,0.0,1.0,6.68,-15.85,True
1.03,0.015,1.02,0.4,0.3,0.25,0.75,6.68,-15.66,True
1.03,0.015,1.02,0.4,0.3,0.5,0.5,6.68,-15.48,True
1.03,0.015,1.02,0.4,0.3,0.75,0.25,6.68,-15.3,True
1.03,0.015,1.02,0.4,0.3,1.0,0.0,6.67,-15.13,True
1.03,0.02,0.95,0.1,0.0,0.0,1.0,5.03,-26.93,True
1.03,0.02,0.95,0.1,0.0,0.25,0.75,4.64,-25.25,True
1.03,0.02,0.95,0.1,0.0,0.5,0.5,4.24,-23.36,True
1.03,0.02,0.95,0.1,0.0,0.75,0.25,3.82,-21.21,True
1.03,0.02,0.95,0.1,0.0,1.0,0.0,3.39,-18.74,True
1.03,0.02,0.95,0.1,0.1,0.0,1.0,6.56,-25.92,True
1.03,0.02,0.95,0.1,0.1,0.25,0.75,6.22,-24.4,True
1.03,0.02,0.95,0.1,0.1,0.5,0.5,5.87,-22.72,True
1.03,0.02,0.95,0.1,0.1,0.75,0.25,5.5,-20.84,True
1.03,0.02,0.95,0.1,0.1,1.0,0.0,5.13,-18.73,True
1.03,0.02,0.95,0.1,0.2,0.0,1.0,7.73,-25.12,True
1.03,0.02,0.95,0.1,0.2,0.25,0.75,7.42,-23.74,True
1.03,0.02,0.95,0.1,0.2,0.5,0.5,7.1,-22.22,True
1.03,0.02,0.95,0.1,0.2,0.75,0.25,6.77,-20.55,True
1.03,0.02,0.95,0.1,0.2,1.0,0.0,6.44,-18.71,True
1.03,0.02,0.95,0.1,0.3,0.0,1.0,8.7,-24.46,True
1.03,0.02,0.95,0.1,0.3,0.25,0.75,8.41,-23.18,True
1.03,0.02,0.95,0.1,0.3,0.5,0.5,8.11,-21.8,True
1.03,0.02,0.95,0.1,0.3,0.75,0.25,7.81,-20.31,True
1.03,0.02,0.95,0.1,0.3,1.0,0.0,7.51,-18.7,True
1.03,0.02,0.95,0.2,0.0,0.0,1.0,8.65,-26.93,True
1.03,0.02,0.95,0.2,0.0,0.25,0.75,8.05,-25.33,True
1.03,0.02,0.95,0.2,0.0,0.5,0.5,7.41,-23.47,True
1.03,0.02,0.95,0.2,0.0,0.75,0.25,6.74,-21.3,True
1.03,0.02,0.95,0.2,0.0,1.0,0.0,6.04,-18.74,True
1.03,0.02,0.95,0.2,0.1,0.0,1.0,9.41,-26.38,True
1.03,0.02,0.95,0.2,0.1,0.25,0.75,8.89,-24.82,True
1.03,0.02,0.95,0.2,0.1,0.5,0.5,8.36,-23.05,True
1.03,0.02,0.95,0.2,0.1,0.75,0.25,7.8,-21.04,True
1.03,0.02,0.95,0.2,0.1,1.0,0.0,7.18,-18.73,True
1.03,0.02,0.95,0.2,0.2,0.0,1.0,10.08,-25.91,True
1.03,0.02,0.95,0.2,0.2,0.25,0.75,9.62,-24.39,True
1.03,0.02,0.95,0.2,0.2,0.5,0.5,9.13,-22.69,True
1.03,0.02,0.95,0.2,0.2,0.75,0.25,8.64,-20.8,True
1.03,0.02,0.95,0.2,0.2,1.0,0.0,8.12,-18.72,True
1.03,0.02,0.95,0.2,0.3,0.0,1.0,10.59,-25.46,True
1.03,0.02,0.95,0.2,0.3,0.25,0.75,10.16,-23.97,True
1.03,0.02,0.95,0.2,0.3,0.5,0.5,9.73,-22.34,True
1.03,0.02,0.95,0.2,0.3,0.75,0.25,9.3,-20.58,True
1.03,0.02,0.95,0.2,0.3,1.0,0.0,8.87,-18.71,True
1.03,0.02,0.95,0.3,0.0,0.0,1.0,10.69,-26.93,True
1.03,0.02,0.95,0.3,0.0,0.25,0.75,9.99,-25.35,True
1.03,0.02,0.95,0.3,0.0,0.5,0.5,9.24,-23.5,True
1.03,0.02,0.95,0.3,0.0,0.75,0.25,8.43,-21.33,True
1.03,0.02,0.95,0.3,0.0,1.0,0.0,7.56,-18.74,True
1.03,0.02,0.95,0.3,0.1,0.0,1.0,11.03,-26.55,True
1.03,0.02,0.95,0.3,0.1,0.25,0.75,10.39,-24.97,True
1.03,0.02,0.95,0.3,0.1,0.5,0.5,9.72,-23.17,True
1.03,0.02,0.95,0.3,0.1,0.75,0.25,9.02,-21.1,True
1.03,0.02,0.95,0.3,0.1,1.0,0.0,8.29,-18.73,True
1.03,0.02,0.95,0.3,0.2,0.0,1.0,11.32,-26.17,True
1.03,0.02,0.95,0.3,0.2,0.25,0.75,10.73,-24.6,True
1.03,0.02,0.95,0.3,0.2,0.5,0.5,10.12,-22.85,True
1.03,0.02,0.95,0.3,0.2,0.75,0.25,9.5,-20.89,True
1.03,0.02,0.95,0.3,0.2,1.0,0.0,8.86,-18.73,True
1.03,0.02,0.95,0.3,0.3,0.0,1.0,11.57,-25.78,True
1.03,0.02,0.95,0.3,0.3,0.25,0.75,11.03,-24.24,True
1.03,0.02,0.95,0.3,0.3,0.5,0.5,10.48,-22.54,True
1.03,0.02,0.95,0.3,0.3,0.75,0.25,9.93,-20.69,True
1.03,0.02,0.95,0.3,0.3,1.0,0.0,9.38,-18.72,True
1.03,0.02,0.95,0.4,0.0,0.0,1.0,11.55,-26.93,True
1.03,0.02,0.95,0.4,0.0,0.25,0.75,10.82,-25.33,True
1.03,0.02,0.95,0.4,0.0,0.5,0.5,10.03,-23.48,True
1.03,0.02,0.95,0.4,0.0,0.75,0.25,9.19,-21.31,True
1.03,0.02,0.95,0.4,0.0,1.0,0.0,8.27,-18.74,True
1.03,0.02,0.95,0.4,0.1,0.0,1.0,11.79,-26.61,True
1.03,0.02,0.95,0.4,0.1,0.25,0.75,11.11,-25.02,True
1.03,0.02,0.95,0.4,0.1,0.5,0.5,10.4,-23.2,True
1.03,0.02,0.95,0.4,0.1,0.75,0.25,9.64,-21.12,True
1.03,0.02,0.95,0.4,0.1,1.0,0.0,8.84,-18.74,True
1.03,0.02,0.95,0.4,0.2,0.0,1.0,11.96,-26.29,True
1.03,0.02,0.95,0.4,0.2,0.25,0.75,11.34,-24.7,True
1.03,0.02,0.95,0.4,0.2,0.5,0.5,10.7,-22.92,True
1.03,0.02,0.95,0.4,0.2,0.75,0.25,10.04,-20.93,True
1.03,0.02,0.95,0.4,0.2,1.0,0.0,9.37,-18.73,True
1.03,0.02,0.95,0.4,0.3,0.0,1.0,11.9,-25.89,True
1.03,0.02,0.95,0.4,0.3,0.25,0.75,11.38,-24.32,True
1.03,0.02,0.95,0.4,0.3,0.5,0.5,10.83,-22.6,True
1.03,0.02,0.95,0.4,0.3,0.75,0.25,10.27,-20.73,True
1.03,0.02,0.95,0.4,0.3,1.0,0.0,9.72,-18.72,True
1.03,0.02,0.97,0.1,0.0,0.0,1.0,3.3,-23.38,True
1.03,0.02,0.97,0.1,0.0,0.25,0.75,3.07,-21.9,True
1.03,0.02,0.97,0.1,0.0,0.5,0.5,2.83,-20.23,True
1.03,0.02,0.97,0.1,0.0,0.75,0.25,2.58,-18.34,True
1.03,0.02,0.97,0.1,0.0,1.0,0.0,2.32,-16.16,True
1.03,0.02,0.97,0.1,0.1,0.0,1.0,5.39,-22.47,True
1.03,0.02,0.97,0.1,0.1,0.25,0.75,5.2,-21.27,True
1.03,0.02,0.97,0.1,0.1,0.5,0.5,5.0,-19.93,True
1.03,0.02,0.97,0.1,0.1,0.75,0.25,4.8,-18.45,True
1.03,0.02,0.97,0.1,0.1,1.0,0.0,4.6,-16.78,True
1.03,0.02,0.97,0.1,0.2,0.0,1.0,6.76,-21.85,True
1.03,0.02,0.97,0.1,0.2,0.25,0.75,6.59,-20.83,True
1.03,0.02,0.97,0.1,0.2,0.5,0.5,6.43,-19.72,True
1.03,0.02,0.97,0.1,0.2,0.75,0.25,6.26,-18.5,True
1.03,0.02,0.97,0.1,0.2,1.0,0.0,6.08,-17.17,True
1.03,0.02,0.97,0.1,0.3,0.0,1.0,7.85,-21.4,True
1.03,0.02,0.97,0.1,0.3,0.25,0.75,7.71,-20.51,True
1.03,0.02,0.97,0.1,0.3,0.5,0.5,7.55,-19.56,True
1.03,0.02,0.97,0.1,0.3,0.75,0.25,7.4,-18.54,True
1.03,0.02,0.97,0.1,0.3,1.0,0.0,7.25,-17.44,True
1.03,0.02,0.97,0.2,0.0,0.0,1.0,5.75,-23.38,True
1.03,0.02,0.97,0.2,0.0,0.25,0.75,5.36,-21.96,True
1.03,0.02,0.97,0.2,0.0,0.5,0.5,4.96,-20.33,True
1.03,0.02,0.97,0.2,0.0,0.75,0.25,4.54,-18.42,True
1.03,0.02,0.97,0.2,0.0,1.0,0.0,4.11,-16.16,True
1.03,0.02,0.97,0.2,0.1,0.0,1.0,7.17,-22.75,True
1.03,0.02,0.97,0.2,0.1,0.25,0.75,6.85,-21.49,True
1.03,0.02,0.97,0.2,0.1,0.5,0.5,6.52,-20.08,True
1.03,0.02,0.97,0.2,0.1,0.75,0.25,6.17,-18.48,True
1.03,0.02,0.97,0.2,0.1,1.0,0.0,5.82,-16.65,True
1.03,0.02,0.97,0.2,0.2,0.0,1.0,8.07,-22.22,True
1.03,0.02,0.97,0.2,0.2,0.25,0.75,7.81,-21.09,True
1.03,0.02,0.97,0.2,0.2,0.5,0.5,7.55,-19.85,True
1.03,0.02,0.97,0.2,0.2,0.75,0.25,7.27,-18.5,True
1.03,0.02,0.97,0.2,0.2,1.0,0.0,6.98,-17.03,True
1.03,0.02,0.97,0.2,0.3,0.0,1.0,8.76,-21.75,True
1.03,0.02,0.97,0.2,0.3,0.25,0.75,8.53,-20.73,True
1.03,0.02,0.97,0.2,0.3,0.5,0.5,8.31,-19.65,True
1.03,0.02,0.97,0.2,0.3,0.75,0.25,8.09,-18.52,True
1.03,0.02,0.97,0.2,0.3,1.0,0.0,7.87,-17.34,True
1.03,0.02,0.97,0.3,0.0,0.0,1.0,7.26,-23.38,True
1.03,0.02,0.97,0.3,0.0,0.25,0.75,6.77,-21.98,True
1.03,0.02,0.97,0.3,0.0,0.5,0.5,6.27,-20.35,True
1.03,0.02,0.97,0.3,0.0,0.75,0.25,5.74,-18.44,True
1.03,0.02,0.97,0.3,0.0,1.0,0.0,5.2,-16.16,True
1.03,0.02,0.97,0.3,0.1,0.0,1.0,8.07,-22.85,True
1.03,0.02,0.97,0.3,0.1,0.25,0.75,7.67,-21.56,True
1.03,0.02,0.97,0.3,0.1,0.5,0.5,7.26,-20.1,True
1.03,0.02,0.97,0.3,0.1,0.75,0.25,6.85,-18.46,True
1.03,0.02,0.97,0.3,0.1,1.0,0.0,6.44,-16.61,True
1.03,0.02,0.97,0.3,0.2,0.0,1.0,8.7,-22.38,True
1.03,0.02,0.97,0.3,0.2,0.25,0.75,8.37,-21.19,True
1.03,0.02,0.97,0.3,0.2,0.5,0.5,8.04,-19.89,True
1.03,0.02,0.97,0.3,0.2,0.75,0.25,7.71,-18.48,True
1.03,0.02,0.97,0.3,0.2,1.0,0.0,7.39,-16.96,True
1.03,0.02,0.97,0.3,0.3,0.0,1.0,9.31,-21.97,True
1.03,0.02,0.97,0.3,0.3,0.25,0.75,9.04,-20.87,True
1.03,0.02,0.97,0.3,0.3,0.5,0.5,8.76,-19.72,True
1.03,0.02,0.97,0.3,0.3,0.75,0.25,8.49,-18.5,True
1.03,0.02,0.97,0.3,0.3,1.0,0.0,8.23,-17.23,True
1.03,0.02,0.97,0.4,0.0,0.0,1.0,8.04,-23.38,True
1.03,0.02,0.97,0.4,0.0,0.25,0.75,7.51,-21.97,True
1.03,0.02,0.97,0.4,0.0,0.5,0.5,6.96,-20.34,True
1.03,0.02,0.97,0.4,0.0,0.75,0.25,6.39,-18.43,True
1.03,0.02,0.97,0.4,0.0,1.0,0.0,5.79,-16.16,True
1.03,0.02,0.97,0.4,0.1,0.0,1.0,8.72,-22.93,True
1.03,0.02,0.97,0.4,0.1,0.25,0.75,8.26,-21.6,True
1.03,0.02,0.97,0.4,0.1,0.5,0.5,7.81,-20.11,True
1.03,0.02,0.97,0.4,0.1,0.75,0.25,7.35,-18.44,True
1.03,0.02,0.97,0.4,0.1,1.0,0.0,6.89,-16.57,True
1.03,0.02,0.97,0.4,0.2,0.0,1.0,9.31,-22.52,True
1.03,0.02,0.97,0.4,0.2,0.25,0.75,8.93,-21.28,True
1.03,0.02,0.97,0.4,0.2,0.5,0.5,8.55,-19.93,True
1.03,0.02,0.97,0.4,0.2,0.75,0.25,8.16,-18.47,True
1.03,0.02,0.97,0.4,0.2,1.0,0.0,7.79,-16.88,True
1.03,0.02,0.97,0.4,0.3,0.0,1.0,9.74,-22.13,True
1.03,0.02,0.97,0.4,0.3,0.25,0.75,9.42,-20.98,True
1.03,0.02,0.97,0.4,0.3,0.5,0.5,9.1,-19.77,True
1.03,0.02,0.97,0.4,0.3,0.75,0.25,8.78,-18.49,True
1.03,0.02,0.97,0.4,0.3,1.0,0.0,8.47,-17.15,True
1.03,0.02,0.99,0.1,0.0,0.0,1.0,3.22,-18.59,True
1.03,0.02,0.99,0.1,0.0,0.25,0.75,2.98,-17.37,True
1.03,0.02,0.99,0.1,0.0,0.5,0.5,2.73,-16.01,True
1.03,0.02,0.99,0.1,0.0,0.75,0.25,2.47,-14.46,True
1.03,0.02,0.99,0.1,0.0,1.0,0.0,2.2,-12.68,True
1.03,0.02,0.99,0.1,0.1,0.0,1.0,5.24,-18.6,True
1.03,0.02,0.99,0.1,0.1,0.25,0.75,5.05,-17.68,True
1.03,0.02,0.99,0.1,0.1,0.5,0.5,4.86,-16.65,True
1.03,0.02,0.99,0.1,0.1,0.75,0.25,4.66,-15.51,True
1.03,0.02,0.99,0.1,0.1,1.0,0.0,4.46,-14.22,True
1.03,0.02,0.99,0.1,0.2,0.0,1.0,6.54,-18.61,True
1.03,0.02,0.99,0.1,0.2,0.25,0.75,6.39,-17.88,True
1.03,0.02,0.99,0.1,0.2,0.5,0.5,6.23,-17.08,True
1.03,0.02,0.99,0.1,0.2,0.75,0.25,6.07,-16.2,True
1.03,0.02,0.99,0.1,0.2,1.0,0.0,5.91,-15.23,True
1.03,0.02,0.99,0.1,0.3,0.0,1.0,7.56,-18.61,True
1.03,0.02,0.99,0.1,0.3,0.25,0.75,7.43,-18.03,True
1.03,0.02,0.99,0.1,0.3,0.5,0.5,7.3,-17.39,True
1.03,0.02,0.99,0.1,0.3,0.75,0.25,7.16,-16.71,True
1.03,0.02,0.99,0.1,0.3,1.0,0.0,7.03,-15.97,True
1.03,0.02,0.99,0.2,0.0,0.0,1.0,4.66,-20.4,True
1.03,0.02,0.99,0.2,0.0,0.25,0.75,4.34,-18.86,True
1.03,0.02,0.99,0.2,0.0,0.5,0.5,4.0,-17.26,True
1.03,0.02,0.99,0.2,0.0,0.75,0.25,3.65,-15.6,True
1.03,0.02,0.99,0.2,0.0,1.0,0.0,3.28,-13.87,True
1.03,0.02,0.99,0.2,0.1,0.0,1.0,6.15,-18.84,True
1.03,0.02,0.99,0.2,0.1,0.25,0.75,5.91,-17.67,True
1.03,0.02,0.99,0.2,0.1,0.5,0.5,5.66,-16.63,True
1.03,0.02,0.99,0.2,0.1,0.75,0.25,5.39,-15.44,True
1.03,0.02,0.99,0.2,0.1,1.0,0.0,5.11,-14.08,True
1.03,0.02,0.99,0.2,0.2,0.0,1.0,7.05,-18.61,True
1.03,0.02,0.99,0.2,0.2,0.25,0.75,6.88,-17.85,True
1.03,0.02,0.99,0.2,0.2,0.5,0.5,6.7,-17.03,True
1.03,0.02,0.99,0.2,0.2,0.75,0.25,6.53,-16.14,True
1.03,0.02,0.99,0.2,0.2,1.0,0.0,6.32,-15.15,True
1.03,0.02,0.99,0.2,0.3,0.0,1.0,7.78,-18.61,True
1.03,0.02,0.99,0.2,0.3,0.25,0.75,7.66,-18.0,True
1.03,0.02,0.99,0.2,0.3,0.5,0.5,7.55,-17.36,True
1.03,0.02,0.99,0.2,0.3,0.75,0.25,7.43,-16.69,True
1.03,0.02,0.99,0.2,0.3,1.0,0.0,7.31,-15.98,True
1.03,0.02,0.99,0.3,0.0,0.0,1.0,5.38,-24.72,True
1.03,0.02,0.99,0.3,0.0,0.25,0.75,5.02,-22.93,True
1.03,0.02,0.99,0.3,0.0,0.5,0.5,4.65,-21.07,True
1.03,0.02,0.99,0.3,0.0,0.75,0.25,4.26,-19.12,True
1.03,0.02,0.99,0.3,0.0,1.0,0.0,3.84,-17.08,True
1.03,0.02,0.99,0.3,0.1,0.0,1.0,6.37,-22.78,True
1.03,0.02,0.99,0.3,0.1,0.25,0.75,6.12,-20.98,True
1.03,0.02,0.99,0.3,0.1,0.5,0.5,5.86,-19.1,True
1.03,0.02,0.99,0.3,0.1,0.75,0.25,5.6,-17.14,True
1.03,0.02,0.99,0.3,0.1,1.0,0.0,5.33,-15.1,True
1.03,0.02,0.99,0.3,0.2,0.0,1.0,7.21,-20.69,True
1.03,0.02,0.99,0.3,0.2,0.25,0.75,7.04,-18.86,True
1.03,0.02,0.99,0.3,0.2,0.5,0.5,6.86,-16.97,True
1.03,0.02,0.99,0.3,0.2,0.75,0.25,6.69,-16.06,True
1.03,0.02,0.99,0.3,0.2,1.0,0.0,6.51,-15.08,True
1.03,0.02,0.99,0.3,0.3,0.0,1.0,8.02,-18.61,True
1.03,0.02,0.99,0.3,0.3,0.25,0.75,7.89,-17.96,True
1.03,0.02,0.99,0.3,0.3,0.5,0.5,7.76,-17.28,True
1.03,0.02,0.99,0.3,0.3,0.75,0.25,7.63,-16.57,True
1.03,0.02,0.99,0.3,0.3,1.0,0.0,7.49,-15.83,True
1.03,0.02,0.99,0.4,0.0,0.0,1.0,5.68,-27.18,True
1.03,0.02,0.99,0.4,0.0,0.25,0.75,5.32,-25.24,True
1.03,0.02,0.99,0.4,0.0,0.5,0.5,4.94,-23.21,True
1.03,0.02,0.99,0.4,0.0,0.75,0.25,4.54,-21.08,True
1.03,0.02,0.99,0.4,0.0,1.0,0.0,4.11,-18.85,True
1.03,0.02,0.99,0.4,0.1,0.0,1.0,6.61,-25.18,True
1.03,0.02,0.99,0.4,0.1,0.25,0.75,6.35,-23.21,True
1.03,0.02,0.99,0.4,0.1,0.5,0.5,6.09,-21.16,True
1.03,0.02,0.99,0.4,0.1,0.75,0.25,5.83,-19.03,True
1.03,0.02,0.99,0.4,0.1,1.0,0.0,5.55,-16.8,True
1.03,0.02,0.99,0.4,0.2,0.0,1.0,7.44,-23.17,True
1.03,0.02,0.99,0.4,0.2,0.25,0.75,7.25,-21.19,True
1.03,0.02,0.99,0.4,0.2,0.5,0.5,7.06,-19.13,True
1.03,0.02,0.99,0.4,0.2,0.75,0.25,6.87,-17.0,True
1.03,0.02,0.99,0.4,0.2,1.0,0.0,6.67,-14.98,True
1.03,0.02,0.99,0.4,0.3,0.0,1.0,8.05,-20.6,True
1.03,0.02,0.99,0.4,0.3,0.25,0.75,7.92,-18.56,True
1.03,0.02,0.99,0.4,0.3,0.5,0.5,7.79,-17.28,True
1.03,0.02,0.99,0.4,0.3,0.75,0.25,7.65,-16.56,True
1.03,0.02,0.99,0.4,0.3,1.0,0.0,7.51,-15.82,True
1.03,0.02,1.0,0.1,0.0,0.0,1.0,1.08,-8.68,True
1.03,0.02,1.0,0.1,0.0,0.25,0.75,1.0,-7.93,True
1.03,0.02,1.0,0.1,0.0,0.5,0.5,0.92,-7.17,True
1.03,0.02,1.0,0.1,0.0,0.75,0.25,0.84,-6.4,True
1.03,0.02,1.0,0.1,0.0,1.0,0.0,0.76,-5.61,True
1.03,0.02,1.0,0.1,0.1,0.0,1.0,3.77,-8.32,True
1.03,0.02,1.0,0.1,0.1,0.25,0.75,3.7,-8.25,True
1.03,0.02,1.0,0.1,0.1,0.5,0.5,3.64,-8.17,True
1.03,0.02,1.0,0.1,0.1,0.75,0.25,3.57,-8.09,True
1.03,0.02,1.0,0.1,0.1,1.0,0.0,3.5,-8.02,True
1.03,0.02,1.0,0.1,0.2,0.0,1.0,5.51,-11.66,True
1.03,0.02,1.0,0.1,0.2,0.25,0.75,5.45,-11.61,True
1.03,0.02,1.0,0.1,0.2,0.5,0.5,5.39,-11.56,True
1.03,0.02,1.0,0.1,0.2,0.75,0.25,5.33,-11.52,True
1.03,0.02,1.0,0.1,0.2,1.0,0.0,5.27,-11.48,True
1.03,0.02,1.0,0.1,0.3,0.0,1.0,6.78,-13.85,True
1.03,0.02,1.0,0.1,0.3,0.25,0.75,6.72,-13.8,True
1.03,0.02,1.0,0.1,0.3,0.5,0.5,6.67,-13.75,True
1.03,0.02,1.0,0.1,0.3,0.75,0.25,6.62,-13.71,True
1.03,0.02,1.0,0.1,0.3,1.0,0.0,6.56,-13.67,True
1.03,0.02,1.0,0.2,0.0,0.0,1.0,2.04,-15.59,True
1.03,0.02,1.0,0.2,0.0,0.25,0.75,1.9,-14.37,True
1.03,0.02,1.0,0.2,0.0,0.5,0.5,1.76,-13.11,True
1.03,0.02,1.0,0.2,0.0,0.75,0.25,1.62,-11.8,True
1.03,0.02,1.0,0.2,0.0,1.0,0.0,1.47,-10.43,True
1.03,0.02,1.0,0.2,0.1,0.0,1.0,4.45,-14.27,True
1.03,0.02,1.0,0.2,0.1,0.25,0.75,4.37,-13.01,True
1.03,0.02,1.0,0.2,0.1,0.5,0.5,4.28,-11.72,True
1.03,0.02,1.0,0.2,0.1,0.75,0.25,4.16,-10.4,True
1.03,0.02,1.0,0.2,0.1,1.0,0.0,4.05,-9.03,True
1.03,0.02,1.0,0.2,0.2,0.0,1.0,5.89,-12.86,True
1.03,0.02,1.0,0.2,0.2,0.25,0.75,5.83,-12.65,True
1.03,0.02,1.0,0.2,0.2,0.5,0.5,5.78,-12.55,True
1.03,0.02,1.0,0.2,0.2,0.75,0.25,5.73,-12.46,True
1.03,0.02,1.0,0.2,0.2,1.0,0.0,5.64,-12.29,True
1.03,0.02,1.0,0.2,0.3,0.0,1.0,6.95,-15.29,True
1.03,0.02,1.0,0.2,0.3,0.25,0.75,6.91,-15.16,True
1.03,0.02,1.0,0.2,0.3,0.5,0.5,6.88,-15.04,True
1.03,0.02,1.0,0.2,0.3,0.75,0.25,6.85,-14.92,True
1.03,0.02,1.0,0.2,0.3,1.0,0.0,6.82,-14.8,True
1.03,0.02,1.0,0.3,0.0,0.0,1.0,2.64,-19.09,True
1.03,0.02,1.0,0.3,0.0,0.25,0.75,2.48,-17.66,True
1.03,0.02,1.0,0.3,0.0,0.5,0.5,2.32,-16.18,True
1.03,0.02,1.0,0.3,0.0,0.75,0.25,2.15,-14.63,True
1.03,0.02,1.0,0.3,0.0,1.0,0.0,1.97,-13.01,True
1.03,0.02,1.0,0.3,0.1,0.0,1.0,4.57,-17.29,True
1.03,0.02,1.0,0.3,0.1,0.25,0.75,4.49,-15.85,True
1.03,0.02,1.0,0.3,0.1,0.5,0.5,4.4,-14.35,True
1.03,0.02,1.0,0.3,0.1,0.75,0.25,4.32,-12.79,True
1.03,0.02,1.0,0.3,0.1,1.0,0.0,4.22,-11.16,True
1.03,0.02,1.0,0.3,0.2,0.0,1.0,5.91,-15.52,True
1.03,0.02,1.0,0.3,0.2,0.25,0.75,5.86,-14.06,True
1.03,0.02,1.0,0.3,0.2,0.5,0.5,5.81,-13.8,True
1.03,0.02,1.0,0.3,0.2,0.75,0.25,5.76,-13.57,True
1.03,0.02,1.0,0.3,0.2,1.0,0.0,5.71,-13.35,True
1.03,0.02,1.0,0.3,0.3,0.0,1.0,6.94,-16.75,True
1.03,0.02,1.0,0.3,0.3,0.25,0.75,6.92,-16.48,True
1.03,0.02,1.0,0.3,0.3,0.5,0.5,6.89,-16.22,True
1.03,0.02,1.0,0.3,0.3,0.75,0.25,6.86,-15.97,True
1.03,0.02,1.0,0.3,0.3,1.0,0.0,6.83,-15.71,True
1.03,0.02,1.0,0.4,0.0,0.0,1.0,2.8,-21.25,True
1.03,0.02,1.0,0.4,0.0,0.25,0.75,2.65,-19.68,True
1.03,0.02,1.0,0.4,0.0,0.5,0.5,2.49,-18.05,True
1.03,0.02,1.0,0.4,0.0,0.75,0.25,2.32,-16.34,True
1.03,0.02,1.0,0.4,0.0,1.0,0.0,2.14,-14.56,True
1.03,0.02,1.0,0.4,0.1,0.0,1.0,4.6,-19.66,True
1.03,0.02,1.0,0.4,0.1,0.25,0.75,4.53,-18.06,True
1.03,0.02,1.0,0.4,0.1,0.5,0.5,4.45,-16.4,True
1.03,0.02,1.0,0.4,0.1,0.75,0.25,4.37,-14.67,True
1.03,0.02,1.0,0.4,0.1,1.0,0.0,4.28,-12.86,True
1.03,0.02,1.0,0.4,0.2,0.0,1.0,5.92,-18.07,True
1.03,0.02,1.0,0.4,0.2,0.25,0.75,5.88,-16.45,True
1.03,0.02,1.0,0.4,0.2,0.5,0.5,5.84,-14.99,True
1.03,0.02,1.0,0.4,0.2,0.75,0.25,5.79,-14.62,True
1.03,0.02,1.0,0.4,0.2,1.0,0.0,5.74,-14.26,True
1.03,0.02,1.0,0.4,0.3,0.0,1.0,6.88,-17.6,True
1.03,0.02,1.0,0.4,0.3,0.25,0.75,6.87,-17.19,True
1.03,0.02,1.0,0.4,0.3,0.5,0.5,6.85,-16.78,True
1.03,0.02,1.0,0.4,0.3,0.75,0.25,6.84,-16.39,True
1.03,0.02,1.0,0.4,0.3,1.0,0.0,6.82,-16.01,True
1.03,0.02,1.01,0.1,0.0,0.0,1.0,1.16,-7.59,True
1.03,0.02,1.01,0.1,0.0,0.25,0.75,1.07,-6.94,True
1.03,0.02,1.01,0.1,0.0,0.5,0.5,0.97,-6.28,True
1.03,0.02,1.01,0.1,0.0,0.75,0.25,0.88,-5.6,True
1.03,0.02,1.01,0.1,0.0,1.0,0.0,0.79,-4.92,True
1.03,0.02,1.01,0.1,0.1,0.0,1.0,3.81,-6.51,True
1.03,0.02,1.01,0.1,0.1,0.25,0.75,3.73,-6.59,True
1.03,0.02,1.01,0.1,0.1,0.5,0.5,3.66,-6.67,True
1.03,0.02,1.01,0.1,0.1,0.75,0.25,3.58,-6.75,True
1.03,0.02,1.01,0.1,0.1,1.0,0.0,3.5,-6.83,True
1.03,0.02,1.01,0.1,0.2,0.0,1.0,5.53,-9.87,True
1.03,0.02,1.01,0.1,0.2,0.25,0.75,5.47,-9.97,True
1.03,0.02,1.01,0.1,0.2,0.5,0.5,5.4,-10.08,True
1.03,0.02,1.01,0.1,0.2,0.75,0.25,5.33,-10.19,True
1.03,0.02,1.01,0.1,0.2,1.0,0.0,5.25,-10.3,True
1.03,0.02,1.01,0.1,0.3,0.0,1.0,6.78,-13.57,True
1.03,0.02,1.01,0.1,0.3,0.25,0.75,6.72,-13.57,True
1.03,0.02,1.01,0.1,0.3,0.5,0.5,6.66,-13.57,True
1.03,0.02,1.01,0.1,0.3,0.75,0.25,6.6,-13.58,True
1.03,0.02,1.01,0.1,0.3,1.0,0.0,6.54,-13.58,True
1.03,0.02,1.01,0.2,0.0,0.0,1.0,2.15,-13.78,True
1.03,0.02,1.01,0.2,0.0,0.25,0.75,1.99,-12.7,True
1.03,0.02,1.01,0.2,0.0,0.5,0.5,1.83,-11.58,True
1.03,0.02,1.01,0.2,0.0,0.75,0.25,1.67,-10.42,True
1.03,0.02,1.01,0.2,0.0,1.0,0.0,1.5,-9.22,True
1.03,0.02,1.01,0.2,0.1,0.0,1.0,4.47,-12.64,True
1.03,0.02,1.01,0.2,0.1,0.25,0.75,4.37,-11.52,True
1.03,0.02,1.01,0.2,0.1,0.5,0.5,4.28,-10.35,True
1.03,0.02,1.01,0.2,0.1,0.75,0.25,4.15,-9.17,True
1.03,0.02,1.01,0.2,0.1,1.0,0.0,4.02,-7.95,True
1.03,0.02,1.01,0.2,0.2,0.0,1.0,5.87,-11.44,True
1.03,0.02,1.01,0.2,0.2,0.25,0.75,5.81,-10.27,True
1.03,0.02,1.01,0.2,0.2,0.5,0.5,5.74,-9.75,True
1.03,0.02,1.01,0.2,0.2,0.75,0.25,5.68,-9.97,True
1.03,0.02,1.01,0.2,0.2,1.0,0.0,5.59,-10.11,True
1.03,0.02,1.01,0.2,0.3,0.0,1.0,6.88,-12.73,True
1.03,0.02,1.01,0.2,0.3,0.25,0.75,6.85,-12.91,True
1.03,0.02,1.01,0.2,0.3,0.5,0.5,6.81,-13.1,True
1.03,0.02,1.01,0.2,0.3,0.75,0.25,6.78,-13.3,True
1.03,0.02,1.01,0.2,0.3,1.0,0.0,6.75,-13.5,True
1.03,0.02,1.01,0.3,0.0,0.0,1.0,2.68,-17.35,True
1.03,0.02,1.01,0.3,0.0,0.25,0.75,2.5,-16.05,True
1.03,0.02,1.01,0.3,0.0,0.5,0.5,2.32,-14.7,True
1.03,0.02,1.01,0.3,0.0,0.75,0.25,2.13,-13.3,True
1.03,0.02,1.01,0.3,0.0,1.0,0.0,1.93,-11.83,True
1.03,0.02,1.01,0.3,0.1,0.0,1.0,4.53,-15.73,True
1.03,0.02,1.01,0.3,0.1,0.25,0.75,4.44,-14.4,True
1.03,0.02,1.01,0.3,0.1,0.5,0.5,4.34,-13.03,True
1.03,0.02,1.01,0.3,0.1,0.75,0.25,4.24,-11.6,True
1.03,0.02,1.01,0.3,0.1,1.0,0.0,4.14,-10.12,True
1.03,0.02,1.01,0.3,0.2,0.0,1.0,5.8,-14.12,True
1.03,0.02,1.01,0.3,0.2,0.25,0.75,5.75,-12.77,True
1.03,0.02,1.01,0.3,0.2,0.5,0.5,5.7,-11.38,True
1.03,0.02,1.01,0.3,0.2,0.75,0.25,5.65,-9.96,True
1.03,0.02,1.01,0.3,0.2,1.0,0.0,5.59,-10.17,True
1.03,0.02,1.01,0.3,0.3,0.0,1.0,6.81,-12.54,True
1.03,0.02,1.01,0.3,0.3,0.25,0.75,6.79,-12.21,True
1.03,0.02,1.01,0.3,0.3,0.5,0.5,6.77,-12.37,True
1.03,0.02,1.01,0.3,0.3,0.75,0.25,6.74,-12.53,True
1.03,0.02,1.01,0.3,0.3,1.0,0.0,6.72,-12.74,True
1.03,0.02,1.01,0.4,0.0,0.0,1.0,2.76,-19.56,True
1.03,0.02,1.01,0.4,0.0,0.25,0.75,2.6,-18.11,True
1.03,0.02,1.01,0.4,0.0,0.5,0.5,2.42,-16.6,True
1.03,0.02,1.01,0.4,0.0,0.75,0.25,2.23,-15.04,True
1.03,0.02,1.01,0.4,0.0,1.0,0.0,2.03,-13.4,True
1.03,0.02,1.01,0.4,0.1,0.0,1.0,4.47,-18.13,True
1.03,0.02,1.01,0.4,0.1,0.25,0.75,4.39,-16.64,True
1.03,0.02,1.01,0.4,0.1,0.5,0.5,4.31,-15.1,True
1.03,0.02,1.01,0.4,0.1,0.75,0.25,4.22,-13.5,True
1.03,0.02,1.01,0.4,0.1,1.0,0.0,4.12,-11.83,True
1.03,0.02,1.01,0.4,0.2,0.0,1.0,5.72,-16.7,True
1.03,0.02,1.01,0.4,0.2,0.25,0.75,5.68,-15.18,True
1.03,0.02,1.01,0.4,0.2,0.5,0.5,5.64,-13.61,True
1.03,0.02,1.01,0.4,0.2,0.75,0.25,5.6,-11.98,True
1.03,0.02,1.01,0.4,0.2,1.0,0.0,5.56,-10.29,True
1.03,0.02,1.01,0.4,0.3,0.0,1.0,6.74,-14.91,True
1.03,0.02,1.01,0.4,0.3,0.25,0.75,6.73,-13.28,True
1.03,0.02,1.01,0.4,0.3,0.5,0.5,6.72,-12.56,True
1.03,0.02,1.01,0.4,0.3,0.75,0.25,6.71,-12.67,True
1.03,0.02,1.01,0.4,0.3,1.0,0.0,6.69,-12.8,True
1.03,0.02,1.02,0.1,0.0,0.0,1.0,0.91,-7.59,True
1.03,0.02,1.02,0.1,0.0,0.25,0.75,0.84,-6.94,True
1.03,0.02,1.02,0.1,0.0,0.5,0.5,0.77,-6.28,True
1.03,0.02,1.02,0.1,0.0,0.75,0.25,0.7,-5.6,True
1.03,0.02,1.02,0.1,0.0,1.0,0.0,0.62,-4.92,True
1.03,0.02,1.02,0.1,0.1,0.0,1.0,3.74,-6.91,True
1.03,0.02,1.02,0.1,0.1,0.25,0.75,3.69,-6.99,True
1.03,0.02,1.02,0.1,0.1,0.5,0.5,3.63,-7.08,True
1.03,0.02,1.02,0.1,0.1,0.75,0.25,3.58,-7.17,True
1.03,0.02,1.02,0.1,0.1,1.0,0.0,3.52,-7.26,True
1.03,0.02,1.02,0.1,0.2,0.0,1.0,5.51,-10.25,True
1.03,0.02,1.02,0.1,0.2,0.25,0.75,5.46,-10.37,True
1.03,0.02,1.02,0.1,0.2,0.5,0.5,5.41,-10.48,True
1.03,0.02,1.02,0.1,0.2,0.75,0.25,5.36,-10.6,True
1.03,0.02,1.02,0.1,0.2,1.0,0.0,5.32,-10.73,True
1.03,0.02,1.02,0.1,0.3,0.0,1.0,6.74,-14.49,True
1.03,0.02,1.02,0.1,0.3,0.25,0.75,6.7,-14.49,True
1.03,0.02,1.02,0.1,0.3,0.5,0.5,6.67,-14.5,True
1.03,0.02,1.02,0.1,0.3,0.75,0.25,6.63,-14.5,True
1.03,0.02,1.02,0.1,0.3,1.0,0.0,6.59,-14.5,True
1.03,0.02,1.02,0.2,0.0,0.0,1.0,1.7,-13.78,True
1.03,0.02,1.02,0.2,0.0,0.25,0.75,1.57,-12.7,True
1.03,0.02,1.02,0.2,0.0,0.5,0.5,1.45,-11.58,True
1.03,0.02,1.02,0.2,0.0,0.75,0.25,1.32,-10.42,True
1.03,0.02,1.02,0.2,0.0,1.0,0.0,1.19,-9.22,True
1.03,0.02,1.02,0.2,0.1,0.0,1.0,4.22,-12.48,True
1.03,0.02,1.02,0.2,0.1,0.25,0.75,4.13,-11.38,True
1.03,0.02,1.02,0.2,0.1,0.5,0.5,4.05,-10.23,True
1.03,0.02,1.02,0.2,0.1,0.75,0.25,3.96,-9.05,True
1.03,0.02,1.02,0.2,0.1,1.0,0.0,3.87,-7.82,True
1.03,0.02,1.02,0.2,0.2,0.0,1.0,5.7,-10.89,True
1.03,0.02,1.02,0.2,0.2,0.25,0.75,5.65,-10.2,True
1.03,0.02,1.02,0.2,0.2,0.5,0.5,5.59,-10.32,True
1.03,0.02,1.02,0.2,0.2,0.75,0.25,5.53,-10.44,True
1.03,0.02,1.02,0.2,0.2,1.0,0.0,5.47,-10.57,True
1.03,0.02,1.02,0.2,0.3,0.0,1.0,6.78,-14.33,True
1.03,0.02,1.02,0.2,0.3,0.25,0.75,6.76,-14.4,True
1.03,0.02,1.02,0.2,0.3,0.5,0.5,6.73,-14.46,True
1.03,0.02,1.02,0.2,0.3,0.75,0.25,6.69,-14.47,True
1.03,0.02,1.02,0.2,0.3,1.0,0.0,6.66,-14.48,True
1.03,0.02,1.02,0.3,0.0,0.0,1.0,2.05,-17.35,True
1.03,0.02,1.02,0.3,0.0,0.25,0.75,1.92,-16.05,True
1.03,0.02,1.02,0.3,0.0,0.5,0.5,1.78,-14.7,True
1.03,0.02,1.02,0.3,0.0,0.75,0.25,1.63,-13.3,True
1.03,0.02,1.02,0.3,0.0,1.0,0.0,1.48,-11.83,True
1.03,0.02,1.02,0.3,0.1,0.0,1.0,4.18,-15.37,True
1.03,0.02,1.02,0.3,0.1,0.25,0.75,4.12,-14.07,True
1.03,0.02,1.02,0.3,0.1,0.5,0.5,4.05,-12.73,True
1.03,0.02,1.02,0.3,0.1,0.75,0.25,3.98,-11.33,True
1.03,0.02,1.02,0.3,0.1,1.0,0.0,3.9,-9.88,True
1.03,0.02,1.02,0.3,0.2,0.0,1.0,5.58,-13.42,True
1.03,0.02,1.02,0.3,0.2,0.25,0.75,5.56,-12.13,True
1.03,0.02,1.02,0.3,0.2,0.5,0.5,5.53,-10.79,True
1.03,0.02,1.02,0.3,0.2,0.75,0.25,5.5,-10.73,True
1.03,0.02,1.02,0.3,0.2,1.0,0.0,5.46,-10.85,True
1.03,0.02,1.02,0.3,0.3,0.0,1.0,6.67,-13.88,True
1.03,0.02,1.02,0.3,0.3,0.25,0.75,6.67,-13.98,True
1.03,0.02,1.02,0.3,0.3,0.5,0.5,6.66,-14.08,True
1.03,0.02,1.02,0.3,0.3,0.75,0.25,6.65,-14.18,True
1.03,0.02,1.02,0.3,0.3,1.0,0.0,6.63,-14.28,True
1.03,0.02,1.02,0.4,0.0,0.0,1.0,2.0,-19.56,True
1.03,0.02,1.02,0.4,0.0,0.25,0.75,1.88,-18.11,True
1.03,0.02,1.02,0.4,0.0,0.5,0.5,1.75,-16.6,True
1.03,0.02,1.02,0.4,0.0,0.75,0.25,1.62,-15.04,True
1.03,0.02,1.02,0.4,0.0,1.0,0.0,1.48,-13.4,True
1.03,0.02,1.02,0.4,0.1,0.0,1.0,4.05,-17.73,True
1.03,0.02,1.02,0.4,0.1,0.25,0.75,4.01,-16.27,True
1.03,0.02,1.02,0.4,0.1,0.5,0.5,3.96,-14.75,True
1.03,0.02,1.02,0.4,0.1,0.75,0.25,3.9,-13.18,True
1.03,0.02,1.02,0.4,0.1,1.0,0.0,3.85,-11.54,True
1.03,0.02,1.02,0.4,0.2,0.0,1.0,5.46,-15.91,True
1.03,0.02,1.02,0.4,0.2,0.25,0.75,5.45,-14.44,True
1.03,0.02,1.02,0.4,0.2,0.5,0.5,5.44,-12.92,True
1.03,0.02,1.02,0.4,0.2,0.75,0.25,5.42,-11.35,True
1.03,0.02,1.02,0.4,0.2,1.0,0.0,5.4,-11.02,True
1.03,0.02,1.02,0.4,0.3,0.0,1.0,6.62,-13.61,True
1.03,0.02,1.02,0.4,0.3,0.25,0.75,6.62,-13.72,True
1.03,0.02,1.02,0.4,0.3,0.5,0.5,6.62,-13.84,True
1.03,0.02,1.02,0.4,0.3,0.75,0.25,6.61,-13.96,True
1.03,0.02,1.02,0.4,0.3,1.0,0.0,6.61,-14.08,True
1.03,0.025,0.95,0.1,0.0,0.0,1.0,0.9,-14.58,True
1.03,0.025,0.95,0.1,0.0,0.25,0.75,0.84,-13.27,True
1.03,0.025,0.95,0.1,0.0,0.5,0.5,0.77,-11.87,True
1.03,0.025,0.95,0.1,0.0,0.75,0.25,0.7,-10.34,True
1.03,0.025,0.95,0.1,0.0,1.0,0.0,0.63,-8.67,True
1.03,0.025,0.95,0.1,0.1,0.0,1.0,2.83,-17.9,True
1.03,0.025,0.95,0.1,0.1,0.25,0.75,2.78,-16.8,True
1.03,0.025,0.95,0.1,0.1,0.5,0.5,2.72,-15.61,True
1.03,0.025,0.95,0.1,0.1,0.75,0.25,2.67,-14.34,True
1.03,0.025,0.95,0.1,0.1,1.0,0.0,2.61,-12.95,True
1.03,0.025,0.95,0.1,0.2,0.0,1.0,4.18,-19.95,True
1.03,0.025,0.95,0.1,0.2,0.25,0.75,4.14,-18.97,True
1.03,0.025,0.95,0.1,0.2,0.5,0.5,4.09,-17.91,True
1.03,0.025,0.95,0.1,0.2,0.75,0.25,4.05,-16.78,True
1.03,0.025,0.95,0.1,0.2,1.0,0.0,4.0,-15.55,True
1.03,0.025,0.95,0.1,0.3,0.0,1.0,5.24,-21.35,True
1.03,0.025,0.95,0.1,0.3,0.25,0.75,5.2,-20.44,True
1.03,0.025,0.95,0.1,0.3,0.5,0.5,5.15,-19.47,True
1.03,0.025,0.95,0.1,0.3,0.75,0.25,5.11,-18.43,True
1.03,0.025,0.95,0.1,0.3,1.0,0.0,5.07,-17.3,True
1.03,0.025,0.95,0.2,0.0,0.0,1.0,1.52,-21.51,True
1.03,0.025,0.95,0.2,0.0,0.25,0.75,1.43,-19.96,True
1.03,0.025,0.95,0.2,0.0,0.5,0.5,1.34,-18.22,True
1.03,0.025,0.95,0.2,0.0,0.75,0.25,1.23,-16.24,True
1.03,0.025,0.95,0.2,0.0,1.0,0.0,1.12,-13.98,True
1.03,0.025,0.95,0.2,0.1,0.0,1.0,3.33,-23.75,True
1.03,0.025,0.95,0.2,0.1,0.25,0.75,3.25,-22.39,True
1.03,0.025,0.95,0.2,0.1,0.5,0.5,3.17,-20.88,True
1.03,0.025,0.95,0.2,0.1,0.75,0.25,3.09,-19.17,True
1.03,0.025,0.95,0.2,0.1,1.0,0.0,3.0,-17.23,True
1.03,0.025,0.95,0.2,0.2,0.0,1.0,4.46,-24.23,True
1.03,0.025,0.95,0.2,0.2,0.25,0.75,4.42,-23.08,True
1.03,0.025,0.95,0.2,0.2,0.5,0.5,4.37,-21.79,True
1.03,0.025,0.95,0.2,0.2,0.75,0.25,4.31,-20.34,True
1.03,0.025,0.95,0.2,0.2,1.0,0.0,4.25,-18.71,True
1.03,0.025,0.95,0.2,0.3,0.0,1.0,5.16,-23.0,True
1.03,0.025,0.95,0.2,0.3,0.25,0.75,5.15,-22.08,True
1.03,0.025,0.95,0.2,0.3,0.5,0.5,5.13,-21.07,True
1.03,0.025,0.95,0.2,0.3,0.75,0.25,5.11,-19.94,True
1.03,0.025,0.95,0.2,0.3,1.0,0.0,5.09,-18.69,True
1.03,0.025,0.95,0.3,0.0,0.0,1.0,1.96,-25.57,True
1.03,0.025,0.95,0.3,0.0,0.25,0.75,1.87,-24.0,True
1.03,0.025,0.95,0.3,0.0,0.5,0.5,1.77,-22.18,True
1.03,0.025,0.95,0.3,0.0,0.75,0.25,1.65,-20.07,True
1.03,0.025,0.95,0.3,0.0,1.0,0.0,1.52,-17.57,True
1.03,0.025,0.95,0.3,0.1,0.0,1.0,3.3,-25.42,True
1.03,0.025,0.95,0.3,0.1,0.25,0.75,3.25,-24.06,True
1.03,0.025,0.95,0.3,0.1,0.5,0.5,3.19,-22.52,True
1.03,0.025,0.95,0.3,0.1,0.75,0.25,3.13,-20.76,True
1.03,0.025,0.95,0.3,0.1,1.0,0.0,3.06,-18.72,True
1.03,0.025,0.95,0.3,0.2,0.0,1.0,4.24,-24.04,True
1.03,0.025,0.95,0.3,0.2,0.25,0.75,4.22,-22.92,True
1.03,0.025,0.95,0.3,0.2,0.5,0.5,4.2,-21.68,True
1.03,0.025,0.95,0.3,0.2,0.75,0.25,4.18,-20.28,True
1.03,0.025,0.95,0.3,0.2,1.0,0.0,4.15,-18.71,True
1.03,0.025,0.95,0.3,0.3,0.0,1.0,5.15,-22.9,True
1.03,0.025,0.95,0.3,0.3,0.25,0.75,5.15,-22.0,True
1.03,0.025,0.95,0.3,0.3,0.5,0.5,5.14,-21.01,True
1.03,0.025,0.95,0.3,0.3,0.75,0.25,5.12,-19.91,True
1.03,0.025,0.95,0.3,0.3,1.0,0.0,5.11,-18.69,True
1.03,0.025,0.95,0.4,0.0,0.0,1.0,2.07,-26.93,True
1.03,0.025,0.95,0.4,0.0,0.25,0.75,1.99,-25.33,True
1.03,0.025,0.95,0.4,0.0,0.5,0.5,1.89,-23.48,True
1.03,0.025,0.95,0.4,0.0,0.75,0.25,1.77,-21.31,True
1.03,0.025,0.95,0.4,0.0,1.0,0.0,1.64,-18.74,True
1.03,0.025,0.95,0.4,0.1,0.0,1.0,3.2,-25.38,True
1.03,0.025,0.95,0.4,0.1,0.25,0.75,3.17,-24.02,True
1.03,0.025,0.95,0.4,0.1,0.5,0.5,3.13,-22.48,True
1.03,0.025,0.95,0.4,0.1,0.75,0.25,3.08,-20.73,True
1.03,0.025,0.95,0.4,0.1,1.0,0.0,3.03,-18.72,True
1.03,0.025,0.95,0.4,0.2,0.0,1.0,4.3,-24.05,True
1.03,0.025,0.95,0.4,0.2,0.25,0.75,4.29,-22.92,True
1.03,0.025,0.95,0.4,0.2,0.5,0.5,4.27,-21.68,True
1.03,0.025,0.95,0.4,0.2,0.75,0.25,4.24,-20.28,True
1.03,0.025,0.95,0.4,0.2,1.0,0.0,4.21,-18.71,True
1.03,0.025,0.95,0.4,0.3,0.0,1.0,5.2,-22.88,True
1.03,0.025,0.95,0.4,0.3,0.25,0.75,5.2,-21.99,True
1.03,0.025,0.95,0.4,0.3,0.5,0.5,5.19,-21.0,True
1.03,0.025,0.95,0.4,0.3,0.75,0.25,5.17,-19.9,True
1.03,0.025,0.95,0.4,0.3,1.0,0.0,5.15,-18.69,True
1.03,0.025,0.97,0.1,0.0,0.0,1.0,1.12,-12.65,True
1.03,0.025,0.97,0.1,0.0,0.25,0.75,1.03,-11.51,True
1.03,0.025,0.97,0.1,0.0,0.5,0.5,0.94,-10.28,True
1.03,0.025,0.97,0.1,0.0,0.75,0.25,0.85,-8.94,True
1.03,0.025,0.97,0.1,0.0,1.0,0.0,0.75,-7.48,True
1.03,0.025,0.97,0.1,0.1,0.0,1.0,3.0,-16.08,True
1.03,0.025,0.97,0.1,0.1,0.25,0.75,2.93,-15.14,True
1.03,0.025,0.97,0.1,0.1,0.5,0.5,2.85,-14.11,True
1.03,0.025,0.97,0.1,0.1,0.75,0.25,2.78,-13.01,True
1.03,0.025,0.97,0.1,0.1,1.0,0.0,2.7,-11.82,True
1.03,0.025,0.97,0.1,0.2,0.0,1.0,4.34,-18.22,True
1.03,0.025,0.97,0.1,0.2,0.25,0.75,4.27,-17.39,True
1.03,0.025,0.97,0.1,0.2,0.5,0.5,4.21,-16.49,True
1.03,0.025,0.97,0.1,0.2,0.75,0.25,4.14,-15.52,True
1.03,0.025,0.97,0.1,0.2,1.0,0.0,4.07,-14.48,True
1.03,0.025,0.97,0.1,0.3,0.0,1.0,5.38,-19.69,True
1.03,0.025,0.97,0.1,0.3,0.25,0.75,5.32,-18.92,True
1.03,0.025,0.97,0.1,0.3,0.5,0.5,5.26,-18.1,True
1.03,0.025,0.97,0.1,0.3,0.75,0.25,5.2,-17.22,True
1.03,0.025,0.97,0.1,0.3,1.0,0.0,5.13,-16.28,True
1.03,0.025,0.97,0.2,0.0,0.0,1.0,1.92,-18.67,True
1.03,0.025,0.97,0.2,0.0,0.25,0.75,1.8,-17.31,True
1.03,0.025,0.97,0.2,0.0,0.5,0.5,1.66,-15.78,True
1.03,0.025,0.97,0.2,0.0,0.75,0.25,1.51,-14.04,True
1.03,0.025,0.97,0.2,0.0,1.0,0.0,1.36,-12.06,True
1.03,0.025,0.97,0.2,0.1,0.0,1.0,3.67,-21.06,True
1.03,0.025,0.97,0.2,0.1,0.25,0.75,3.56,-19.89,True
1.03,0.025,0.97,0.2,0.1,0.5,0.5,3.45,-18.58,True
1.03,0.025,0.97,0.2,0.1,0.75,0.25,3.32,-17.1,True
1.03,0.025,0.97,0.2,0.1,1.0,0.0,3.19,-15.42,True
1.03,0.025,0.97,0.2,0.2,0.0,1.0,4.78,-21.84,True
1.03,0.025,0.97,0.2,0.2,0.25,0.75,4.7,-20.85,True
1.03,0.025,0.97,0.2,0.2,0.5,0.5,4.62,-19.75,True
1.03,0.025,0.97,0.2,0.2,0.75,0.25,4.52,-18.51,True
1.03,0.025,0.97,0.2,0.2,1.0,0.0,4.42,-17.11,True
1.03,0.025,0.97,0.2,0.3,0.0,1.0,5.43,-21.14,True
1.03,0.025,0.97,0.2,0.3,0.25,0.75,5.39,-20.35,True
1.03,0.025,0.97,0.2,0.3,0.5,0.5,5.34,-19.49,True
1.03,0.025,0.97,0.2,0.3,0.75,0.25,5.29,-18.53,True
1.03,0.025,0.97,0.2,0.3,1.0,0.0,5.23,-17.47,True
1.03,0.025,0.97,0.3,0.0,0.0,1.0,2.53,-22.19,True
1.03,0.025,0.97,0.3,0.0,0.25,0.75,2.38,-20.81,True
1.03,0.025,0.97,0.3,0.0,0.5,0.5,2.22,-19.21,True
1.03,0.025,0.97,0.3,0.0,0.75,0.25,2.05,-17.35,True
1.03,0.025,0.97,0.3,0.0,1.0,0.0,1.86,-15.15,True
1.03,0.025,0.97,0.3,0.1,0.0,1.0,3.78,-22.52,True
1.03,0.025,0.97,0.3,0.1,0.25,0.75,3.68,-21.34,True
1.03,0.025,0.97,0.3,0.1,0.5,0.5,3.58,-20.0,True
1.03,0.025,0.97,0.3,0.1,0.75,0.25,3.46,-18.47,True
1.03,0.025,0.97,0.3,0.1,1.0,0.0,3.33,-16.71,True
1.03,0.025,0.97,0.3,0.2,0.0,1.0,4.64,-21.72,True
1.03,0.025,0.97,0.3,0.2,0.25,0.75,4.58,-20.76,True
1.03,0.025,0.97,0.3,0.2,0.5,0.5,4.51,-19.7,True
1.03,0.025,0.97,0.3,0.2,0.75,0.25,4.44,-18.5,True
1.03,0.025,0.97,0.3,0.2,1.0,0.0,4.37,-17.15,True
1.03,0.025,0.97,0.3,0.3,0.0,1.0,5.49,-21.07,True
1.03,0.025,0.97,0.3,0.3,0.25,0.75,5.45,-20.3,True
1.03,0.025,0.97,0.3,0.3,0.5,0.5,5.4,-19.46,True
1.03,0.025,0.97,0.3,0.3,0.75,0.25,5.34,-18.53,True
1.03,0.025,0.97,0.3,0.3,1.0,0.0,5.29,-17.49,True
1.03,0.025,0.97,0.4,0.0,0.0,1.0,2.78,-23.38,True
1.03,0.025,0.97,0.4,0.0,0.25,0.75,2.63,-21.97,True
1.03,0.025,0.97,0.4,0.0,0.5,0.5,2.45,-20.33,True
1.03,0.025,0.97,0.4,0.0,0.75,0.25,2.27,-18.43,True
1.03,0.025,0.97,0.4,0.0,1.0,0.0,2.07,-16.16,True
1.03,0.025,0.97,0.4,0.1,0.0,1.0,3.77,-22.49,True
1.03,0.025,0.97,0.4,0.1,0.25,0.75,3.68,-21.31,True
1.03,0.025,0.97,0.4,0.1,0.5,0.5,3.58,-19.97,True
1.03,0.025,0.97,0.4,0.1,0.75,0.25,3.47,-18.46,True
1.03,0.025,0.97,0.4,0.1,1.0,0.0,3.35,-16.72,True
1.03,0.025,0.97,0.4,0.2,0.0,1.0,4.77,-21.72,True
1.03,0.025,0.97,0.4,0.2,0.25,0.75,4.71,-20.76,True
1.03,0.025,0.97,0.4,0.2,0.5,0.5,4.63,-19.69,True
1.03,0.025,0.97,0.4,0.2,0.75,0.25,4.56,-18.49,True
1.03,0.025,0.97,0.4,0.2,1.0,0.0,4.47,-17.15,True
1.03,0.025,0.97,0.4,0.3,0.0,1.0,5.6,-21.05,True
1.03,0.025,0.97,0.4,0.3,0.25,0.75,5.55,-20.29,True
1.03,0.025,0.97,0.4,0.3,0.5,0.5,5.49,-19.45,True
1.03,0.025,0.97,0.4,0.3,0.75,0.25,5.43,-18.52,True
1.03,0.025,0.97,0.4,0.3,1.0,0.0,5.36,-17.5,True
1.03,0.025,0.99,0.1,0.0,0.0,1.0,1.34,-10.06,True
1.03,0.025,0.99,0.1,0.0,0.25,0.75,1.23,-9.13,True
1.03,0.025,0.99,0.1,0.0,0.5,0.5,1.11,-8.13,True
1.03,0.025,0.99,0.1,0.0,0.75,0.25,0.99,-7.05,True
1.03,0.025,0.99,0.1,0.0,1.0,0.0,0.87,-5.87,True
1.03,0.025,0.99,0.1,0.1,0.0,1.0,3.21,-13.66,True
1.03,0.025,0.99,0.1,0.1,0.25,0.75,3.12,-12.93,True
1.03,0.025,0.99,0.1,0.1,0.5,0.5,3.03,-12.14,True
1.03,0.025,0.99,0.1,0.1,0.75,0.25,2.94,-11.29,True
1.03,0.025,0.99,0.1,0.1,1.0,0.0,2.84,-10.37,True
1.03,0.025,0.99,0.1,0.2,0.0,1.0,4.54,-15.88,True
1.03,0.025,0.99,0.1,0.2,0.25,0.75,4.46,-15.25,True
1.03,0.025,0.99,0.1,0.2,0.5,0.5,4.38,-14.59,True
1.03,0.025,0.99,0.1,0.2,0.75,0.25,4.3,-13.87,True
1.03,0.025,0.99,0.1,0.2,1.0,0.0,4.21,-13.09,True
1.03,0.025,0.99,0.1,0.3,0.0,1.0,5.57,-17.38,True
1.03,0.025,0.99,0.1,0.3,0.25,0.75,5.5,-16.83,True
1.03,0.025,0.99,0.1,0.3,0.5,0.5,5.42,-16.24,True
1.03,0.025,0.99,0.1,0.3,0.75,0.25,5.35,-15.6,True
1.03,0.025,0.99,0.1,0.3,1.0,0.0,5.27,-14.92,True
1.03,0.025,0.99,0.2,0.0,0.0,1.0,2.33,-14.84,True
1.03,0.025,0.99,0.2,0.0,0.25,0.75,2.16,-13.74,True
1.03,0.025,0.99,0.2,0.0,0.5,0.5,1.98,-12.49,True
1.03,0.025,0.99,0.2,0.0,0.75,0.25,1.79,-11.08,True
1.03,0.025,0.99,0.2,0.0,1.0,0.0,1.59,-9.46,True
1.03,0.025,0.99,0.2,0.1,0.0,1.0,4.03,-17.35,True
1.03,0.025,0.99,0.2,0.1,0.25,0.75,3.88,-16.44,True
1.03,0.025,0.99,0.2,0.1,0.5,0.5,3.73,-15.41,True
1.03,0.025,0.99,0.2,0.1,0.75,0.25,3.58,-14.26,True
1.03,0.025,0.99,0.2,0.1,1.0,0.0,3.41,-12.96,True
1.03,0.025,0.99,0.2,0.2,0.0,1.0,5.15,-18.6,True
1.03,0.025,0.99,0.2,0.2,0.25,0.75,5.03,-17.82,True
1.03,0.025,0.99,0.2,0.2,0.5,0.5,4.91,-16.95,True
1.03,0.025,0.99,0.2,0.2,0.75,0.25,4.78,-15.98,True
1.03,0.025,0.99,0.2,0.2,1.0,0.0,4.64,-14.89,True
1.03,0.025,0.99,0.2,0.3,0.0,1.0,5.76,-18.61,True
1.03,0.025,0.99,0.2,0.3,0.25,0.75,5.68,-17.98,True
1.03,0.025,0.99,0.2,0.3,0.5,0.5,5.59,-17.29,True
1.03,0.025,0.99,0.2,0.3,0.75,0.25,5.51,-16.54,True
1.03,0.025,0.99,0.2,0.3,1.0,0.0,5.42,-15.72,True
1.03,0.025,0.99,0.3,0.0,0.0,1.0,3.11,-17.64,True
1.03,0.025,0.99,0.3,0.0,0.25,0.75,2.9,-16.51,True
1.03,0.025,0.99,0.3,0.0,0.5,0.5,2.68,-15.2,True
1.03,0.025,0.99,0.3,0.0,0.75,0.25,2.44,-13.68,True
1.03,0.025,0.99,0.3,0.0,1.0,0.0,2.19,-11.89,True
1.03,0.025,0.99,0.3,0.1,0.0,1.0,4.3,-18.6,True
1.03,0.025,0.99,0.3,0.1,0.25,0.75,4.14,-17.64,True
1.03,0.025,0.99,0.3,0.1,0.5,0.5,3.98,-16.56,True
1.03,0.025,0.99,0.3,0.1,0.75,0.25,3.8,-15.34,True
1.03,0.025,0.99,0.3,0.1,1.0,0.0,3.62,-13.93,True
1.03,0.025,0.99,0.3,0.2,0.0,1.0,5.0,-18.6,True
1.03,0.025,0.99,0.3,0.2,0.25,0.75,4.9,-17.83,True
1.03,0.025,0.99,0.3,0.2,0.5,0.5,4.8,-16.97,True
1.03,0.025,0.99,0.3,0.2,0.75,0.25,4.68,-16.01,True
1.03,0.025,0.99,0.3,0.2,1.0,0.0,4.57,-14.95,True
1.03,0.025,0.99,0.3,0.3,0.0,1.0,5.66,-18.61,True
1.03,0.025,0.99,0.3,0.3,0.25,0.75,5.59,-17.99,True
1.03,0.025,0.99,0.3,0.3,0.5,0.5,5.52,-17.32,True
1.03,0.025,0.99,0.3,0.3,0.75,0.25,5.45,-16.59,True
1.03,0.025,0.99,0.3,0.3,1.0,0.0,5.37,-15.78,True
1.03,0.025,0.99,0.4,0.0,0.0,1.0,3.33,-18.59,True
1.03,0.025,0.99,0.4,0.0,0.25,0.75,3.11,-17.43,True
1.03,0.025,0.99,0.4,0.0,0.5,0.5,2.88,-16.09,True
1.03,0.025,0.99,0.4,0.0,0.75,0.25,2.63,-14.53,True
1.03,0.025,0.99,0.4,0.0,1.0,0.0,2.36,-12.68,True
1.03,0.025,0.99,0.4,0.1,0.0,1.0,4.15,-18.6,True
1.03,0.025,0.99,0.4,0.1,0.25,0.75,4.01,-17.64,True
1.03,0.025,0.99,0.4,0.1,0.5,0.5,3.87,-16.57,True
1.03,0.025,0.99,0.4,0.1,0.75,0.25,3.71,-15.35,True
1.03,0.025,0.99,0.4,0.1,1.0,0.0,3.55,-13.96,True
1.03,0.025,0.99,0.4,0.2,0.0,1.0,4.91,-18.61,True
1.03,0.025,0.99,0.4,0.2,0.25,0.75,4.82,-17.83,True
1.03,0.025,0.99,0.4,0.2,0.5,0.5,4.73,-16.98,True
1.03,0.025,0.99,0.4,0.2,0.75,0.25,4.63,-16.04,True
1.03,0.025,0.99,0.4,0.2,1.0,0.0,4.52,-14.99,True
1.03,0.025,0.99,0.4,0.3,0.0,1.0,5.56,-18.61,True
1.03,0.025,0.99,0.4,0.3,0.25,0.75,5.51,-18.0,True
1.03,0.025,0.99,0.4,0.3,0.5,0.5,5.45,-17.34,True
1.03,0.025,0.99,0.4,0.3,0.75,0.25,5.39,-16.62,True
1.03,0.025,0.99,0.4,0.3,1.0,0.0,5.32,-15.84,True
1.03,0.025,1.0,0.1,0.0,0.0,1.0,-0.08,-3.16,True
1.03,0.025,1.0,0.1,0.0,0.25,0.75,-0.07,-2.88,True
1.03,0.025,1.0,0.1,0.0,0.5,0.5,-0.06,-2.59,True
1.03,0.025,1.0,0.1,0.0,0.75,0.25,-0.05,-2.31,True
1.03,0.025,1.0,0.1,0.0,1.0,0.0,-0.04,-2.02,True
1.03,0.025,1.0,0.1,0.1,0.0,1.0,2.09,-6.46,True
1.03,0.025,1.0,0.1,0.1,0.25,0.75,2.1,-6.44,True
1.03,0.025,1.0,0.1,0.1,0.5,0.5,2.11,-6.42,True
1.03,0.025,1.0,0.1,0.1,0.75,0.25,2.12,-6.41,True
1.03,0.025,1.0,0.1,0.1,1.0,0.0,2.12,-6.39,True
1.03,0.025,1.0,0.1,0.2,0.0,1.0,3.56,-10.21,True
1.03,0.025,1.0,0.1,0.2,0.25,0.75,3.57,-10.19,True
1.03,0.025,1.0,0.1,0.2,0.5,0.5,3.58,-10.16,True
1.03,0.025,1.0,0.1,0.2,0.75,0.25,3.58,-10.14,True
1.03,0.025,1.0,0.1,0.2,1.0,0.0,3.59,-10.11,True
1.03,0.025,1.0,0.1,0.3,0.0,1.0,4.68,-12.67,True
1.03,0.025,1.0,0.1,0.3,0.25,0.75,4.68,-12.64,True
1.03,0.025,1.0,0.1,0.3,0.5,0.5,4.69,-12.61,True
1.03,0.025,1.0,0.1,0.3,0.75,0.25,4.7,-12.58,True
1.03,0.025,1.0,0.1,0.3,1.0,0.0,4.7,-12.55,True
1.03,0.025,1.0,0.2,0.0,0.0,1.0,-0.17,-6.26,True
1.03,0.025,1.0,0.2,0.0,0.25,0.75,-0.15,-5.71,True
1.03,0.025,1.0,0.2,0.0,0.5,0.5,-0.13,-5.15,True
1.03,0.025,1.0,0.2,0.0,0.75,0.25,-0.11,-4.59,True
1.03,0.025,1.0,0.2,0.0,1.0,0.0,-0.08,-4.02,True
1.03,0.025,1.0,0.2,0.1,0.0,1.0,2.03,-6.64,True
1.03,0.025,1.0,0.2,0.1,0.25,0.75,2.05,-6.61,True
1.03,0.025,1.0,0.2,0.1,0.5,0.5,2.06,-6.57,True
1.03,0.025,1.0,0.2,0.1,0.75,0.25,2.08,-6.54,True
1.03,0.025,1.0,0.2,0.1,1.0,0.0,2.1,-6.5,True
1.03,0.025,1.0,0.2,0.2,0.0,1.0,3.51,-10.49,True
1.03,0.025,1.0,0.2,0.2,0.25,0.75,3.53,-10.44,True
1.03,0.025,1.0,0.2,0.2,0.5,0.5,3.54,-10.39,True
1.03,0.025,1.0,0.2,0.2,0.75,0.25,3.55,-10.34,True
1.03,0.025,1.0,0.2,0.2,1.0,0.0,3.57,-10.28,True
1.03,0.025,1.0,0.2,0.3,0.0,1.0,4.63,-13.01,True
1.03,0.025,1.0,0.2,0.3,0.25,0.75,4.65,-12.94,True
1.03,0.025,1.0,0.2,0.3,0.5,0.5,4.66,-12.88,True
1.03,0.025,1.0,0.2,0.3,0.75,0.25,4.67,-12.82,True
1.03,0.025,1.0,0.2,0.3,1.0,0.0,4.68,-12.76,True
1.03,0.025,1.0,0.3,0.0,0.0,1.0,-0.26,-9.32,True
1.03,0.025,1.0,0.3,0.0,0.25,0.75,-0.23,-8.49,True
1.03,0.025,1.0,0.3,0.0,0.5,0.5,-0.19,-7.67,True
1.03,0.025,1.0,0.3,0.0,0.75,0.25,-0.16,-6.84,True
1.03,0.025,1.0,0.3,0.0,1.0,0.0,-0.13,-6.0,True
1.03,0.025,1.0,0.3,0.1,0.0,1.0,1.97,-6.83,True
1.03,0.025,1.0,0.3,0.1,0.25,0.75,1.99,-6.78,True
1.03,0.025,1.0,0.3,0.1,0.5,0.5,2.02,-6.72,True
1.03,0.025,1.0,0.3,0.1,0.75,0.25,2.04,-6.67,True
1.03,0.025,1.0,0.3,0.1,1.0,0.0,2.07,-6.62,True
1.03,0.025,1.0,0.3,0.2,0.0,1.0,3.47,-10.75,True
1.03,0.025,1.0,0.3,0.2,0.25,0.75,3.49,-10.68,True
1.03,0.025,1.0,0.3,0.2,0.5,0.5,3.51,-10.6,True
1.03,0.025,1.0,0.3,0.2,0.75,0.25,3.53,-10.52,True
1.03,0.025,1.0,0.3,0.2,1.0,0.0,3.55,-10.44,True
1.03,0.025,1.0,0.3,0.3,0.0,1.0,4.6,-13.22,True
1.03,0.025,1.0,0.3,0.3,0.25,0.75,4.61,-13.13,True
1.03,0.025,1.0,0.3,0.3,0.5,0.5,4.63,-13.05,True
1.03,0.025,1.0,0.3,0.3,0.75,0.25,4.65,-12.97,True
1.03,0.025,1.0,0.3,0.3,1.0,0.0,4.67,-12.9,True
1.03,0.025,1.0,0.4,0.0,0.0,1.0,-0.36,-12.31,True
1.03,0.025,1.0,0.4,0.0,0.25,0.75,-0.31,-11.23,True
1.03,0.025,1.0,0.4,0.0,0.5,0.5,-0.26,-10.15,True
1.03,0.025,1.0,0.4,0.0,0.75,0.25,-0.22,-9.06,True
1.03,0.025,1.0,0.4,0.0,1.0,0.0,-0.17,-7.96,True
1.03,0.025,1.0,0.4,0.1,0.0,1.0,1.91,-7.81,True
1.03,0.025,1.0,0.4,0.1,0.25,0.75,1.95,-6.93,True
1.03,0.025,1.0,0.4,0.1,0.5,0.5,1.98,-6.86,True
1.03,0.025,1.0,0.4,0.1,0.75,0.25,2.01,-6.79,True
1.03,0.025,1.0,0.4,0.1,1.0,0.0,2.05,-6.72,True
1.03,0.025,1.0,0.4,0.2,0.0,1.0,3.43,-10.91,True
1.03,0.025,1.0,0.4,0.2,0.25,0.75,3.46,-10.82,True
1.03,0.025,1.0,0.4,0.2,0.5,0.5,3.48,-10.73,True
1.03,0.025,1.0,0.4,0.2,0.75,0.25,3.51,-10.64,True
1.03,0.025,1.0,0.4,0.2,1.0,0.0,3.54,-10.55,True
1.03,0.025,1.0,0.4,0.3,0.0,1.0,4.55,-13.41,True
1.03,0.025,1.0,0.4,0.3,0.25,0.75,4.57,-13.31,True
1.03,0.025,1.0,0.4,0.3,0.5,0.5,4.59,-13.21,True
1.03,0.025,1.0,0.4,0.3,0.75,0.25,4.62,-13.12,True
1.03,0.025,1.0,0.4,0.3,1.0,0.0,4.64,-13.02,True
1.03,0.025,1.01,0.1,0.0,0.0,1.0,-0.11,-3.16,True
1.03,0.025,1.01,0.1,0.0,0.25,0.75,-0.1,-2.88,True
1.03,0.025,1.01,0.1,0.0,0.5,0.5,-0.09,-2.59,True
1.03,0.025,1.01,0.1,0.0,0.75,0.25,-0.08,-2.31,True
1.03,0.025,1.01,0.1,0.0,1.0,0.0,-0.07,-2.02,True
1.03,0.025,1.01,0.1,0.1,0.0,1.0,2.06,-6.43,True
1.03,0.025,1.01,0.1,0.1,0.25,0.75,2.07,-6.42,True
1.03,0.025,1.01,0.1,0.1,0.5,0.5,2.08,-6.4,True
1.03,0.025,1.01,0.1,0.1,0.75,0.25,2.08,-6.39,True
1.03,0.025,1.01,0.1,0.1,1.0,0.0,2.09,-6.37,True
1.03,0.025,1.01,0.1,0.2,0.0,1.0,3.52,-10.19,True
1.03,0.025,1.01,0.1,0.2,0.25,0.75,3.53,-10.16,True
1.03,0.025,1.01,0.1,0.2,0.5,0.5,3.54,-10.14,True
1.03,0.025,1.01,0.1,0.2,0.75,0.25,3.55,-10.11,True
1.03,0.025,1.01,0.1,0.2,1.0,0.0,3.56,-10.09,True
1.03,0.025,1.01,0.1,0.3,0.0,1.0,4.64,-12.64,True
1.03,0.025,1.01,0.1,0.3,0.25,0.75,4.64,-12.62,True
1.03,0.025,1.01,0.1,0.3,0.5,0.5,4.65,-12.59,True
1.03,0.025,1.01,0.1,0.3,0.75,0.25,4.66,-12.56,True
1.03,0.025,1.01,0.1,0.3,1.0,0.0,4.67,-12.53,True
1.03,0.025,1.01,0.2,0.0,0.0,1.0,-0.23,-6.26,True
1.03,0.025,1.01,0.2,0.0,0.25,0.75,-0.2,-5.71,True
1.03,0.025,1.01,0.2,0.0,0.5,0.5,-0.18,-5.15,True
1.03,0.025,1.01,0.2,0.0,0.75,0.25,-0.16,-4.59,True
1.03,0.025,1.01,0.2,0.0,1.0,0.0,-0.14,-4.02,True
1.03,0.025,1.01,0.2,0.1,0.0,1.0,1.97,-6.61,True
1.03,0.025,1.01,0.2,0.1,0.25,0.75,1.98,-6.57,True
1.03,0.025,1.01,0.2,0.1,0.5,0.5,2.0,-6.54,True
1.03,0.025,1.01,0.2,0.1,0.75,0.25,2.02,-6.51,True
1.03,0.025,1.01,0.2,0.1,1.0,0.0,2.04,-6.48,True
1.03,0.025,1.01,0.2,0.2,0.0,1.0,3.44,-10.45,True
1.03,0.025,1.01,0.2,0.2,0.25,0.75,3.46,-10.4,True
1.03,0.025,1.01,0.2,0.2,0.5,0.5,3.47,-10.35,True
1.03,0.025,1.01,0.2,0.2,0.75,0.25,3.49,-10.3,True
1.03,0.025,1.01,0.2,0.2,1.0,0.0,3.51,-10.25,True
1.03,0.025,1.01,0.2,0.3,0.0,1.0,4.56,-12.97,True
1.03,0.025,1.01,0.2,0.3,0.25,0.75,4.58,-12.91,True
1.03,0.025,1.01,0.2,0.3,0.5,0.5,4.59,-12.85,True
1.03,0.025,1.01,0.2,0.3,0.75,0.25,4.61,-12.79,True
1.03,0.025,1.01,0.2,0.3,1.0,0.0,4.62,-12.73,True
1.03,0.025,1.01,0.3,0.0,0.0,1.0,-0.35,-9.32,True
1.03,0.025,1.01,0.3,0.0,0.25,0.75,-0.31,-8.49,True
1.03,0.025,1.01,0.3,0.0,0.5,0.5,-0.28,-7.67,True
1.03,0.025,1.01,0.3,0.0,0.75,0.25,-0.24,-6.84,True
1.03,0.025,1.01,0.3,0.0,1.0,0.0,-0.21,-6.0,True
1.03,0.025,1.01,0.3,0.1,0.0,1.0,1.87,-6.79,True
1.03,0.025,1.01,0.3,0.1,0.25,0.75,1.9,-6.73,True
1.03,0.025,1.01,0.3,0.1,0.5,0.5,1.93,-6.68,True
1.03,0.025,1.01,0.3,0.1,0.75,0.25,1.95,-6.63,True
1.03,0.025,1.01,0.3,0.1,1.0,0.0,1.98,-6.58,True
1.03,0.025,1.01,0.3,0.2,0.0,1.0,3.36,-10.69,True
1.03,0.025,1.01,0.3,0.2,0.25,0.75,3.39,-10.62,True
1.03,0.025,1.01,0.3,0.2,0.5,0.5,3.41,-10.55,True
1.03,0.025,1.01,0.3,0.2,0.75,0.25,3.44,-10.48,True
1.03,0.025,1.01,0.3,0.2,1.0,0.0,3.46,-10.41,True
1.03,0.025,1.01,0.3,0.3,0.0,1.0,4.52,-13.16,True
1.03,0.025,1.01,0.3,0.3,0.25,0.75,4.54,-13.08,True
1.03,0.025,1.01,0.3,0.3,0.5,0.5,4.56,-13.01,True
1.03,0.025,1.01,0.3,0.3,0.75,0.25,4.58,-12.94,True
1.03,0.025,1.01,0.3,0.3,1.0,0.0,4.6,-12.86,True
1.03,0.025,1.01,0.4,0.0,0.0,1.0,-0.47,-12.31,True
1.03,0.025,1.01,0.4,0.0,0.25,0.75,-0.42,-11.23,True
1.03,0.025,1.01,0.4,0.0,0.5,0.5,-0.37,-10.15,True
1.03,0.025,1.01,0.4,0.0,0.75,0.25,-0.32,-9.06,True
1.03,0.025,1.01,0.4,0.0,1.0,0.0,-0.28,-7.96,True
1.03,0.025,1.01,0.4,0.1,0.0,1.0,1.78,-7.88,True
1.03,0.025,1.01,0.4,0.1,0.25,0.75,1.82,-6.87,True
1.03,0.025,1.01,0.4,0.1,0.5,0.5,1.86,-6.81,True
1.03,0.025,1.01,0.4,0.1,0.75,0.25,1.9,-6.75,True
1.03,0.025,1.01,0.4,0.1,1.0,0.0,1.93,-6.68,True
1.03,0.025,1.01,0.4,0.2,0.0,1.0,3.32,-10.84,True
1.03,0.025,1.01,0.4,0.2,0.25,0.75,3.35,-10.75,True
1.03,0.025,1.01,0.4,0.2,0.5,0.5,3.38,-10.67,True
1.03,0.025,1.01,0.4,0.2,0.75,0.25,3.41,-10.59,True
1.03,0.025,1.01,0.4,0.2,1.0,0.0,3.44,-10.51,True
1.03,0.025,1.01,0.4,0.3,0.0,1.0,4.48,-13.34,True
1.03,0.025,1.01,0.4,0.3,0.25,0.75,4.5,-13.25,True
1.03,0.025,1.01,0.4,0.3,0.5,0.5,4.53,-13.16,True
1.03,0.025,1.01,0.4,0.3,0.75,0.25,4.55,-13.07,True
1.03,0.025,1.01,0.4,0.3,1.0,0.0,4.57,-12.98,True
1.03,0.025,1.02,0.1,0.0,0.0,1.0,-0.04,-3.29,True
1.03,0.025,1.02,0.1,0.0,0.25,0.75,-0.03,-3.01,True
1.03,0.025,1.02,0.1,0.0,0.5,0.5,-0.03,-2.74,True
1.03,0.025,1.02,0.1,0.0,0.75,0.25,-0.03,-2.47,True
1.03,0.025,1.02,0.1,0.0,1.0,0.0,-0.02,-2.19,True
1.03,0.025,1.02,0.1,0.1,0.0,1.0,2.12,-6.38,True
1.03,0.025,1.02,0.1,0.1,0.25,0.75,2.12,-6.37,True
1.03,0.025,1.02,0.1,0.1,0.5,0.5,2.12,-6.36,True
1.03,0.025,1.02,0.1,0.1,0.75,0.25,2.13,-6.35,True
1.03,0.025,1.02,0.1,0.1,1.0,0.0,2.13,-6.34,True
1.03,0.025,1.02,0.1,0.2,0.0,1.0,3.58,-10.11,True
1.03,0.025,1.02,0.1,0.2,0.25,0.75,3.58,-10.1,True
1.03,0.025,1.02,0.1,0.2,0.5,0.5,3.58,-10.08,True
1.03,0.025,1.02,0.1,0.2,0.75,0.25,3.58,-10.06,True
1.03,0.025,1.02,0.1,0.2,1.0,0.0,3.59,-10.05,True
1.03,0.025,1.02,0.1,0.3,0.0,1.0,4.69,-12.56,True
1.03,0.025,1.02,0.1,0.3,0.25,0.75,4.69,-12.54,True
1.03,0.025,1.02,0.1,0.3,0.5,0.5,4.69,-12.52,True
1.03,0.025,1.02,0.1,0.3,0.75,0.25,4.69,-12.5,True
1.03,0.025,1.02,0.1,0.3,1.0,0.0,4.7,-12.48,True
1.03,0.025,1.02,0.2,0.0,0.0,1.0,-0.08,-6.53,True
1.03,0.025,1.02,0.2,0.0,0.25,0.75,-0.07,-5.99,True
1.03,0.025,1.02,0.2,0.0,0.5,0.5,-0.06,-5.45,True
1.03,0.025,1.02,0.2,0.0,0.75,0.25,-0.06,-4.91,True
1.03,0.025,1.02,0.2,0.0,1.0,0.0,-0.05,-4.36,True
1.03,0.025,1.02,0.2,0.1,0.0,1.0,2.08,-6.5,True
1.03,0.025,1.02,0.2,0.1,0.25,0.75,2.09,-6.48,True
1.03,0.025,1.02,0.2,0.1,0.5,0.5,2.1,-6.46,True
1.03,0.025,1.02,0.2,0.1,0.75,0.25,2.1,-6.44,True
1.03,0.025,1.02,0.2,0.1,1.0,0.0,2.11,-6.42,True
1.03,0.025,1.02,0.2,0.2,0.0,1.0,3.55,-10.3,True
1.03,0.025,1.02,0.2,0.2,0.25,0.75,3.55,-10.27,True
1.03,0.025,1.02,0.2,0.2,0.5,0.5,3.56,-10.23,True
1.03,0.025,1.02,0.2,0.2,0.75,0.25,3.56,-10.2,True
1.03,0.025,1.02,0.2,0.2,1.0,0.0,3.57,-10.17,True
1.03,0.025,1.02,0.2,0.3,0.0,1.0,4.66,-12.79,True
1.03,0.025,1.02,0.2,0.3,0.25,0.75,4.66,-12.75,True
1.03,0.025,1.02,0.2,0.3,0.5,0.5,4.67,-12.71,True
1.03,0.025,1.02,0.2,0.3,0.75,0.25,4.67,-12.67,True
1.03,0.025,1.02,0.2,0.3,1.0,0.0,4.68,-12.63,True
1.03,0.025,1.02,0.3,0.0,0.0,1.0,-0.13,-9.72,True
1.03,0.025,1.02,0.3,0.0,0.25,0.75,-0.11,-8.93,True
1.03,0.025,1.02,0.3,0.0,0.5,0.5,-0.1,-8.13,True
1.03,0.025,1.02,0.3,0.0,0.75,0.25,-0.09,-7.32,True
1.03,0.025,1.02,0.3,0.0,1.0,0.0,-0.07,-6.52,True
1.03,0.025,1.02,0.3,0.1,0.0,1.0,2.05,-6.62,True
1.03,0.025,1.02,0.3,0.1,0.25,0.75,2.06,-6.59,True
1.03,0.025,1.02,0.3,0.1,0.5,0.5,2.07,-6.55,True
1.03,0.025,1.02,0.3,0.1,0.75,0.25,2.08,-6.52,True
1.03,0.025,1.02,0.3,0.1,1.0,0.0,2.09,-6.49,True
1.03,0.025,1.02,0.3,0.2,0.0,1.0,3.52,-10.47,True
1.03,0.025,1.02,0.3,0.2,0.25,0.75,3.53,-10.42,True
1.03,0.025,1.02,0.3,0.2,0.5,0.5,3.54,-10.37,True
1.03,0.025,1.02,0.3,0.2,0.75,0.25,3.55,-10.32,True
1.03,0.025,1.02,0.3,0.2,1.0,0.0,3.55,-10.28,True
1.03,0.025,1.02,0.3,0.3,0.0,1.0,4.65,-12.87,True
1.03,0.025,1.02,0.3,0.3,0.25,0.75,4.66,-12.83,True
1.03,0.025,1.02,0.3,0.3,0.5,0.5,4.67,-12.78,True
1.03,0.025,1.02,0.3,0.3,0.75,0.25,4.68,-12.74,True
1.03,0.025,1.02,0.3,0.3,1.0,0.0,4.68,-12.69,True
1.03,0.025,1.02,0.4,0.0,0.0,1.0,-0.18,-12.87,True
1.03,0.025,1.02,0.4,0.0,0.25,0.75,-0.16,-11.83,True
1.03,0.025,1.02,0.4,0.0,0.5,0.5,-0.14,-10.77,True
1.03,0.025,1.02,0.4,0.0,0.75,0.25,-0.12,-9.71,True
1.03,0.025,1.02,0.4,0.0,1.0,0.0,-0.1,-8.65,True
1.03,0.025,1.02,0.4,0.1,0.0,1.0,2.01,-8.62,True
1.03,0.025,1.02,0.4,0.1,0.25,0.75,2.03,-7.55,True
1.03,0.025,1.02,0.4,0.1,0.5,0.5,2.05,-6.64,True
1.03,0.025,1.02,0.4,0.1,0.75,0.25,2.06,-6.6,True
1.03,0.025,1.02,0.4,0.1,1.0,0.0,2.07,-6.56,True
1.03,0.025,1.02,0.4,0.2,0.0,1.0,3.52,-10.49,True
1.03,0.025,1.02,0.4,0.2,0.25,0.75,3.53,-10.44,True
1.03,0.025,1.02,0.4,0.2,0.5,0.5,3.55,-10.4,True
1.03,0.025,1.02,0.4,0.2,0.75,0.25,3.56,-10.35,True
1.03,0.025,1.02,0.4,0.2,1.0,0.0,3.57,-10.3,True
1.03,0.025,1.02,0.4,0.3,0.0,1.0,4.64,-12.92,True
1.03,0.025,1.02,0.4,0.3,0.25,0.75,4.65,-12.87,True
1.03,0.025,1.02,0.4,0.3,0.5,0.5,4.66,-12.82,True
1.03,0.025,1.02,0.4,0.3,0.75,0.25,4.67,-12.77,True
1.03,0.025,1.02,0.4,0.3,1.0,0.0,4.68,-12.72,True
1.03,0.03,0.95,0.1,0.0,0.0,1.0,0.56,-10.98,True
1.03,0.03,0.95,0.1,0.0,0.25,0.75,0.51,-9.9,True
1.03,0.03,0.95,0.1,0.0,0.5,0.5,0.47,-8.76,True
1.03,0.03,0.95,0.1,0.0,0.75,0.25,0.42,-7.55,True
1.03,0.03,0.95,0.1,0.0,1.0,0.0,0.37,-6.26,True
1.03,0.03,0.95,0.1,0.1,0.0,1.0,2.58,-15.04,True
1.03,0.03,0.95,0.1,0.1,0.25,0.75,2.54,-14.14,True
1.03,0.03,0.95,0.1,0.1,0.5,0.5,2.5,-13.19,True
1.03,0.03,0.95,0.1,0.1,0.75,0.25,2.46,-12.19,True
1.03,0.03,0.95,0.1,0.1,1.0,0.0,2.42,-11.12,True
1.03,0.03,0.95,0.1,0.2,0.0,1.0,3.98,-17.49,True
1.03,0.03,0.95,0.1,0.2,0.25,0.75,3.94,-16.7,True
1.03,0.03,0.95,0.1,0.2,0.5,0.5,3.91,-15.86,True
1.03,0.03,0.95,0.1,0.2,0.75,0.25,3.88,-14.97,True
1.03,0.03,0.95,0.1,0.2,1.0,0.0,3.84,-14.04,True
1.03,0.03,0.95,0.1,0.3,0.0,1.0,5.05,-19.14,True
1.03,0.03,0.95,0.1,0.3,0.25,0.75,5.02,-18.41,True
1.03,0.03,0.95,0.1,0.3,0.5,0.5,4.99,-17.64,True
1.03,0.03,0.95,0.1,0.3,0.75,0.25,4.96,-16.83,True
1.03,0.03,0.95,0.1,0.3,1.0,0.0,4.93,-15.98,True
1.03,0.03,0.95,0.2,0.0,0.0,1.0,0.98,-17.32,True
1.03,0.03,0.95,0.2,0.0,0.25,0.75,0.91,-15.89,True
1.03,0.03,0.95,0.2,0.0,0.5,0.5,0.83,-14.33,True
1.03,0.03,0.95,0.2,0.0,0.75,0.25,0.76,-12.59,True
1.03,0.03,0.95,0.2,0.0,1.0,0.0,0.68,-10.67,True
1.03,0.03,0.95,0.2,0.1,0.0,1.0,2.92,-20.33,True
1.03,0.03,0.95,0.2,0.1,0.25,0.75,2.86,-19.1,True
1.03,0.03,0.95,0.2,0.1,0.5,0.5,2.8,-17.76,True
1.03,0.03,0.95,0.2,0.1,0.75,0.25,2.74,-16.29,True
1.03,0.03,0.95,0.2,0.1,1.0,0.0,2.67,-14.67,True
1.03,0.03,0.95,0.2,0.2,0.0,1.0,4.28,-22.18,True
1.03,0.03,0.95,0.2,0.2,0.25,0.75,4.23,-21.07,True
1.03,0.03,0.95,0.2,0.2,0.5,0.5,4.18,-19.86,True
1.03,0.03,0.95,0.2,0.2,0.75,0.25,4.12,-18.54,True
1.03,0.03,0.95,0.2,0.2,1.0,0.0,4.06,-17.09,True
1.03,0.03,0.95,0.2,0.3,0.0,1.0,5.28,-23.02,True
1.03,0.03,0.95,0.2,0.3,0.25,0.75,5.25,-22.1,True
1.03,0.03,0.95,0.2,0.3,0.5,0.5,5.21,-21.09,True
1.03,0.03,0.95,0.2,0.3,0.75,0.25,5.17,-19.96,True
1.03,0.03,0.95,0.2,0.3,1.0,0.0,5.13,-18.69,True
1.03,0.03,0.95,0.3,0.0,0.0,1.0,1.28,-21.46,True
1.03,0.03,0.95,0.3,0.0,0.25,0.75,1.21,-19.91,True
1.03,0.03,0.95,0.3,0.0,0.5,0.5,1.12,-18.17,True
1.03,0.03,0.95,0.3,0.0,0.75,0.25,1.03,-16.2,True
1.03,0.03,0.95,0.3,0.0,1.0,0.0,0.93,-13.95,True
1.03,0.03,0.95,0.3,0.1,0.0,1.0,3.18,-23.87,True
1.03,0.03,0.95,0.3,0.1,0.25,0.75,3.11,-22.52,True
1.03,0.03,0.95,0.3,0.1,0.5,0.5,3.04,-21.0,True
1.03,0.03,0.95,0.3,0.1,0.75,0.25,2.96,-19.29,True
1.03,0.03,0.95,0.3,0.1,1.0,0.0,2.88,-17.36,True
1.03,0.03,0.95,0.3,0.2,0.0,1.0,4.31,-23.99,True
1.03,0.03,0.95,0.3,0.2,0.25,0.75,4.28,-22.9,True
1.03,0.03,0.95,0.3,0.2,0.5,0.5,4.24,-21.67,True
1.03,0.03,0.95,0.3,0.2,0.75,0.25,4.19,-20.28,True
1.03,0.03,0.95,0.3,0.2,1.0,0.0,4.14,-18.7,True
1.03,0.03,0.95,0.3,0.3,0.0,1.0,5.1,-22.76,True
1.03,0.03,0.95,0.3,0.3,0.25,0.75,5.09,-21.9,True
1.03,0.03,0.95,0.3,0.3,0.5,0.5,5.08,-20.95,True
1.03,0.03,0.95,0.3,0.3,0.75,0.25,5.06,-19.88,True
1.03,0.03,0.95,0.3,0.3,1.0,0.0,5.03,-18.69,True
1.03,0.03,0.95,0.4,0.0,0.0,1.0,1.51,-24.37,True
1.03,0.03,0.95,0.4,0.0,0.25,0.75,1.43,-22.8,True
1.03,0.03,0.95,0.4,0.0,0.5,0.5,1.35,-20.99,True
1.03,0.03,0.95,0.4,0.0,0.75,0.25,1.25,-18.91,True
1.03,0.03,0.95,0.4,0.0,1.0,0.0,1.14,-16.48,True
1.03,0.03,0.95,0.4,0.1,0.0,1.0,3.18,-25.29,True
1.03,0.03,0.95,0.4,0.1,0.25,0.75,3.13,-23.97,True
1.03,0.03,0.95,0.4,0.1,0.5,0.5,3.08,-22.46,True
1.03,0.03,0.95,0.4,0.1,0.75,0.25,3.01,-20.73,True
1.03,0.03,0.95,0.4,0.1,1.0,0.0,2.94,-18.72,True
1.03,0.03,0.95,0.4,0.2,0.0,1.0,4.14,-23.82,True
1.03,0.03,0.95,0.4,0.2,0.25,0.75,4.13,-22.76,True
1.03,0.03,0.95,0.4,0.2,0.5,0.5,4.11,-21.57,True
1.03,0.03,0.95,0.4,0.2,0.75,0.25,4.08,-20.23,True
1.03,0.03,0.95,0.4,0.2,1.0,0.0,4.05,-18.7,True
1.03,0.03,0.95,0.4,0.3,0.0,1.0,5.02,-22.63,True
1.03,0.03,0.95,0.4,0.3,0.25,0.75,5.01,-21.8,True
1.03,0.03,0.95,0.4,0.3,0.5,0.5,5.0,-20.87,True
1.03,0.03,0.95,0.4,0.3,0.75,0.25,4.99,-19.84,True
1.03,0.03,0.95,0.4,0.3,1.0,0.0,4.98,-18.69,True
1.03,0.03,0.97,0.1,0.0,0.0,1.0,0.64,-9.53,True
1.03,0.03,0.97,0.1,0.0,0.25,0.75,0.59,-8.59,True
1.03,0.03,0.97,0.1,0.0,0.5,0.5,0.53,-7.59,True
1.03,0.03,0.97,0.1,0.0,0.75,0.25,0.47,-6.53,True
1.03,0.03,0.97,0.1,0.0,1.0,0.0,0.41,-5.4,True
1.03,0.03,0.97,0.1,0.1,0.0,1.0,2.62,-13.67,True
1.03,0.03,0.97,0.1,0.1,0.25,0.75,2.57,-12.89,True
1.03,0.03,0.97,0.1,0.1,0.5,0.5,2.53,-12.07,True
1.03,0.03,0.97,0.1,0.1,0.75,0.25,2.48,-11.21,True
1.03,0.03,0.97,0.1,0.1,1.0,0.0,2.43,-10.29,True
1.03,0.03,0.97,0.1,0.2,0.0,1.0,4.01,-16.2,True
1.03,0.03,0.97,0.1,0.2,0.25,0.75,3.97,-15.52,True
1.03,0.03,0.97,0.1,0.2,0.5,0.5,3.92,-14.8,True
1.03,0.03,0.97,0.1,0.2,0.75,0.25,3.88,-14.05,True
1.03,0.03,0.97,0.1,0.2,1.0,0.0,3.83,-13.25,True
1.03,0.03,0.97,0.1,0.3,0.0,1.0,5.08,-17.9,True
1.03,0.03,0.97,0.1,0.3,0.25,0.75,5.04,-17.28,True
1.03,0.03,0.97,0.1,0.3,0.5,0.5,5.0,-16.64,True
1.03,0.03,0.97,0.1,0.3,0.75,0.25,4.96,-15.95,True
1.03,0.03,0.97,0.1,0.3,1.0,0.0,4.92,-15.23,True
1.03,0.03,0.97,0.2,0.0,0.0,1.0,1.12,-15.04,True
1.03,0.03,0.97,0.2,0.0,0.25,0.75,1.03,-13.78,True
1.03,0.03,0.97,0.2,0.0,0.5,0.5,0.94,-12.41,True
1.03,0.03,0.97,0.2,0.0,0.75,0.25,0.84,-10.89,True
1.03,0.03,0.97,0.2,0.0,1.0,0.0,0.74,-9.2,True
1.03,0.03,0.97,0.2,0.1,0.0,1.0,3.02,-18.19,True
1.03,0.03,0.97,0.2,0.1,0.25,0.75,2.95,-17.12,True
1.03,0.03,0.97,0.2,0.1,0.5,0.5,2.87,-15.97,True
1.03,0.03,0.97,0.2,0.1,0.75,0.25,2.79,-14.69,True
1.03,0.03,0.97,0.2,0.1,1.0,0.0,2.7,-13.29,True
1.03,0.03,0.97,0.2,0.2,0.0,1.0,4.37,-20.14,True
1.03,0.03,0.97,0.2,0.2,0.25,0.75,4.3,-19.19,True
1.03,0.03,0.97,0.2,0.2,0.5,0.5,4.23,-18.16,True
1.03,0.03,0.97,0.2,0.2,0.75,0.25,4.16,-17.03,True
1.03,0.03,0.97,0.2,0.2,1.0,0.0,4.08,-15.8,True
1.03,0.03,0.97,0.2,0.3,0.0,1.0,5.36,-21.15,True
1.03,0.03,0.97,0.2,0.3,0.25,0.75,5.32,-20.37,True
1.03,0.03,0.97,0.2,0.3,0.5,0.5,5.27,-19.5,True
1.03,0.03,0.97,0.2,0.3,0.75,0.25,5.21,-18.54,True
1.03,0.03,0.97,0.2,0.3,1.0,0.0,5.15,-17.47,True
1.03,0.03,0.97,0.3,0.0,0.0,1.0,1.47,-18.63,True
1.03,0.03,0.97,0.3,0.0,0.25,0.75,1.37,-17.27,True
1.03,0.03,0.97,0.3,0.0,0.5,0.5,1.26,-15.74,True
1.03,0.03,0.97,0.3,0.0,0.75,0.25,1.15,-14.01,True
1.03,0.03,0.97,0.3,0.0,1.0,0.0,1.02,-12.03,True
1.03,0.03,0.97,0.3,0.1,0.0,1.0,3.33,-21.21,True
1.03,0.03,0.97,0.3,0.1,0.25,0.75,3.24,-20.04,True
1.03,0.03,0.97,0.3,0.1,0.5,0.5,3.15,-18.72,True
1.03,0.03,0.97,0.3,0.1,0.75,0.25,3.04,-17.25,True
1.03,0.03,0.97,0.3,0.1,1.0,0.0,2.94,-15.57,True
1.03,0.03,0.97,0.3,0.2,0.0,1.0,4.43,-21.7,True
1.03,0.03,0.97,0.3,0.2,0.25,0.75,4.38,-20.76,True
1.03,0.03,0.97,0.3,0.2,0.5,0.5,4.32,-19.7,True
1.03,0.03,0.97,0.3,0.2,0.75,0.25,4.25,-18.51,True
1.03,0.03,0.97,0.3,0.2,1.0,0.0,4.18,-17.16,True
1.03,0.03,0.97,0.3,0.3,0.0,1.0,5.19,-20.98,True
1.03,0.03,0.97,0.3,0.3,0.25,0.75,5.17,-20.25,True
1.03,0.03,0.97,0.3,0.3,0.5,0.5,5.13,-19.44,True
1.03,0.03,0.97,0.3,0.3,0.75,0.25,5.1,-18.53,True
1.03,0.03,0.97,0.3,0.3,1.0,0.0,5.05,-17.52,True
1.03,0.03,0.97,0.4,0.0,0.0,1.0,1.74,-21.15,True
1.03,0.03,0.97,0.4,0.0,0.25,0.75,1.63,-19.77,True
1.03,0.03,0.97,0.4,0.0,0.5,0.5,1.52,-18.18,True
1.03,0.03,0.97,0.4,0.0,0.75,0.25,1.39,-16.35,True
1.03,0.03,0.97,0.4,0.0,1.0,0.0,1.25,-14.21,True
1.03,0.03,0.97,0.4,0.1,0.0,1.0,3.36,-22.44,True
1.03,0.03,0.97,0.4,0.1,0.25,0.75,3.28,-21.29,True
1.03,0.03,0.97,0.4,0.1,0.5,0.5,3.2,-19.98,True
1.03,0.03,0.97,0.4,0.1,0.75,0.25,3.11,-18.48,True
1.03,0.03,0.97,0.4,0.1,1.0,0.0,3.01,-16.74,True
1.03,0.03,0.97,0.4,0.2,0.0,1.0,4.27,-21.59,True
1.03,0.03,0.97,0.4,0.2,0.25,0.75,4.24,-20.68,True
1.03,0.03,0.97,0.4,0.2,0.5,0.5,4.2,-19.66,True
1.03,0.03,0.97,0.4,0.2,0.75,0.25,4.15,-18.5,True
1.03,0.03,0.97,0.4,0.2,1.0,0.0,4.09,-17.19,True
1.03,0.03,0.97,0.4,0.3,0.0,1.0,5.12,-20.9,True
1.03,0.03,0.97,0.4,0.3,0.25,0.75,5.1,-20.19,True
1.03,0.03,0.97,0.4,0.3,0.5,0.5,5.07,-19.4,True
1.03,0.03,0.97,0.4,0.3,0.75,0.25,5.04,-18.53,True
1.03,0.03,0.97,0.4,0.3,1.0,0.0,5.0,-17.55,True
1.03,0.03,0.99,0.1,0.0,0.0,1.0,0.86,-7.57,True
1.03,0.03,0.99,0.1,0.0,0.25,0.75,0.78,-6.81,True
1.03,0.03,0.99,0.1,0.0,0.5,0.5,0.7,-6.01,True
1.03,0.03,0.99,0.1,0.0,0.75,0.25,0.62,-5.15,True
1.03,0.03,0.99,0.1,0.0,1.0,0.0,0.54,-4.23,True
1.03,0.03,0.99,0.1,0.1,0.0,1.0,2.83,-11.86,True
1.03,0.03,0.99,0.1,0.1,0.25,0.75,2.77,-11.26,True
1.03,0.03,0.99,0.1,0.1,0.5,0.5,2.71,-10.63,True
1.03,0.03,0.99,0.1,0.1,0.75,0.25,2.64,-9.97,True
1.03,0.03,0.99,0.1,0.1,1.0,0.0,2.58,-9.27,True
1.03,0.03,0.99,0.1,0.2,0.0,1.0,4.21,-14.44,True
1.03,0.03,0.99,0.1,0.2,0.25,0.75,4.15,-13.94,True
1.03,0.03,0.99,0.1,0.2,0.5,0.5,4.1,-13.41,True
1.03,0.03,0.99,0.1,0.2,0.75,0.25,4.04,-12.86,True
1.03,0.03,0.99,0.1,0.2,1.0,0.0,3.99,-12.27,True
1.03,0.03,0.99,0.1,0.3,0.0,1.0,5.27,-16.17,True
1.03,0.03,0.99,0.1,0.3,0.25,0.75,5.22,-15.73,True
1.03,0.03,0.99,0.1,0.3,0.5,0.5,5.17,-15.26,True
1.03,0.03,0.99,0.1,0.3,0.75,0.25,5.12,-14.77,True
1.03,0.03,0.99,0.1,0.3,1.0,0.0,5.06,-14.26,True
1.03,0.03,0.99,0.2,0.0,0.0,1.0,1.52,-11.95,True
1.03,0.03,0.99,0.2,0.0,0.25,0.75,1.4,-10.94,True
1.03,0.03,0.99,0.2,0.0,0.5,0.5,1.27,-9.82,True
1.03,0.03,0.99,0.2,0.0,0.75,0.25,1.14,-8.59,True
1.03,0.03,0.99,0.2,0.0,1.0,0.0,1.0,-7.22,True
1.03,0.03,0.99,0.2,0.1,0.0,1.0,3.37,-15.2,True
1.03,0.03,0.99,0.2,0.1,0.25,0.75,3.27,-14.38,True
1.03,0.03,0.99,0.2,0.1,0.5,0.5,3.17,-13.48,True
1.03,0.03,0.99,0.2,0.1,0.75,0.25,3.06,-12.5,True
1.03,0.03,0.99,0.2,0.1,1.0,0.0,2.94,-11.42,True
1.03,0.03,0.99,0.2,0.2,0.0,1.0,4.69,-17.2,True
1.03,0.03,0.99,0.2,0.2,0.25,0.75,4.6,-16.49,True
1.03,0.03,0.99,0.2,0.2,0.5,0.5,4.5,-15.72,True
1.03,0.03,0.99,0.2,0.2,0.75,0.25,4.41,-14.88,True
1.03,0.03,0.99,0.2,0.2,1.0,0.0,4.31,-13.96,True
1.03,0.03,0.99,0.2,0.3,0.0,1.0,5.72,-18.56,True
1.03,0.03,0.99,0.2,0.3,0.25,0.75,5.63,-17.93,True
1.03,0.03,0.99,0.2,0.3,0.5,0.5,5.54,-17.24,True
1.03,0.03,0.99,0.2,0.3,0.75,0.25,5.45,-16.49,True
1.03,0.03,0.99,0.2,0.3,1.0,0.0,5.36,-15.66,True
1.03,0.03,0.99,0.3,0.0,0.0,1.0,2.07,-14.81,True
1.03,0.03,0.99,0.3,0.0,0.25,0.75,1.91,-13.7,True
1.03,0.03,0.99,0.3,0.0,0.5,0.5,1.75,-12.46,True
1.03,0.03,0.99,0.3,0.0,0.75,0.25,1.58,-11.05,True
1.03,0.03,0.99,0.3,0.0,1.0,0.0,1.39,-9.44,True
1.03,0.03,0.99,0.3,0.1,0.0,1.0,3.83,-17.44,True
1.03,0.03,0.99,0.3,0.1,0.25,0.75,3.7,-16.52,True
1.03,0.03,0.99,0.3,0.1,0.5,0.5,3.56,-15.5,True
1.03,0.03,0.99,0.3,0.1,0.75,0.25,3.42,-14.35,True
1.03,0.03,0.99,0.3,0.1,1.0,0.0,3.27,-13.05,True
1.03,0.03,0.99,0.3,0.2,0.0,1.0,4.94,-18.6,True
1.03,0.03,0.99,0.3,0.2,0.25,0.75,4.83,-17.84,True
1.03,0.03,0.99,0.3,0.2,0.5,0.5,4.73,-16.98,True
1.03,0.03,0.99,0.3,0.2,0.75,0.25,4.62,-16.03,True
1.03,0.03,0.99,0.3,0.2,1.0,0.0,4.5,-14.97,True
1.03,0.03,0.99,0.3,0.3,0.0,1.0,5.56,-18.61,True
1.03,0.03,0.99,0.3,0.3,0.25,0.75,5.5,-18.0,True
1.03,0.03,0.99,0.3,0.3,0.5,0.5,5.43,-17.34,True
1.03,0.03,0.99,0.3,0.3,0.75,0.25,5.36,-16.62,True
1.03,0.03,0.99,0.3,0.3,1.0,0.0,5.29,-15.82,True
1.03,0.03,0.99,0.4,0.0,0.0,1.0,2.51,-16.82,True
1.03,0.03,0.99,0.4,0.0,0.25,0.75,2.34,-15.68,True
1.03,0.03,0.99,0.4,0.0,0.5,0.5,2.15,-14.39,True
1.03,0.03,0.99,0.4,0.0,0.75,0.25,1.95,-12.9,True
1.03,0.03,0.99,0.4,0.0,1.0,0.0,1.74,-11.15,True
1.03,0.03,0.99,0.4,0.1,0.0,1.0,4.04,-18.6,True
1.03,0.03,0.99,0.4,0.1,0.25,0.75,3.9,-17.65,True
1.03,0.03,0.99,0.4,0.1,0.5,0.5,3.76,-16.59,True
1.03,0.03,0.99,0.4,0.1,0.75,0.25,3.6,-15.37,True
1.03,0.03,0.99,0.4,0.1,1.0,0.0,3.44,-13.97,True
1.03,0.03,0.99,0.4,0.2,0.0,1.0,4.76,-18.61,True
1.03,0.03,0.99,0.4,0.2,0.25,0.75,4.68,-17.85,True
1.03,0.03,0.99,0.4,0.2,0.5,0.5,4.59,-17.01,True
1.03,0.03,0.99,0.4,0.2,0.75,0.25,4.5,-16.07,True
1.03,0.03,0.99,0.4,0.2,1.0,0.0,4.4,-15.03,True
1.03,0.03,0.99,0.4,0.3,0.0,1.0,5.41,-18.62,True
1.03,0.03,0.99,0.4,0.3,0.25,0.75,5.36,-18.02,True
1.03,0.03,0.99,0.4,0.3,0.5,0.5,5.31,-17.38,True
1.03,0.03,0.99,0.4,0.3,0.75,0.25,5.26,-16.67,True
1.03,0.03,0.99,0.4,0.3,1.0,0.0,5.2,-15.9,True
1.03,0.03,1.0,0.1,0.0,0.0,1.0,-0.15,-2.52,True
1.03,0.03,1.0,0.1,0.0,0.25,0.75,-0.14,-2.3,True
1.03,0.03,1.0,0.1,0.0,0.5,0.5,-0.12,-2.08,True
1.03,0.03,1.0,0.1,0.0,0.75,0.25,-0.11,-1.86,True
1.03,0.03,1.0,0.1,0.0,1.0,0.0,-0.1,-1.64,True
1.03,0.03,1.0,0.1,0.1,0.0,1.0,2.05,-6.49,True
1.03,0.03,1.0,0.1,0.1,0.25,0.75,2.06,-6.47,True
1.03,0.03,1.0,0.1,0.1,0.5,0.5,2.06,-6.45,True
1.03,0.03,1.0,0.1,0.1,0.75,0.25,2.07,-6.43,True
1.03,0.03,1.0,0.1,0.1,1.0,0.0,2.08,-6.42,True
1.03,0.03,1.0,0.1,0.2,0.0,1.0,3.52,-10.24,True
1.03,0.03,1.0,0.1,0.2,0.25,0.75,3.53,-10.22,True
1.03,0.03,1.0,0.1,0.2,0.5,0.5,3.54,-10.19,True
1.03,0.03,1.0,0.1,0.2,0.75,0.25,3.55,-10.16,True
1.03,0.03,1.0,0.1,0.2,1.0,0.0,3.55,-10.14,True
1.03,0.03,1.0,0.1,0.3,0.0,1.0,4.64,-12.69,True
1.03,0.03,1.0,0.1,0.3,0.25,0.75,4.65,-12.66,True
1.03,0.03,1.0,0.1,0.3,0.5,0.5,4.66,-12.63,True
1.03,0.03,1.0,0.1,0.3,0.75,0.25,4.66,-12.6,True
1.03,0.03,1.0,0.1,0.3,1.0,0.0,4.67,-12.57,True
1.03,0.03,1.0,0.2,0.0,0.0,1.0,-0.3,-5.0,True
1.03,0.03,1.0,0.2,0.0,0.25,0.75,-0.27,-4.57,True
1.03,0.03,1.0,0.2,0.0,0.5,0.5,-0.25,-4.14,True
1.03,0.03,1.0,0.2,0.0,0.75,0.25,-0.22,-3.71,True
1.03,0.03,1.0,0.2,0.0,1.0,0.0,-0.19,-3.28,True
1.03,0.03,1.0,0.2,0.1,0.0,1.0,1.94,-6.7,True
1.03,0.03,1.0,0.2,0.1,0.25,0.75,1.96,-6.66,True
1.03,0.03,1.0,0.2,0.1,0.5,0.5,1.98,-6.63,True
1.03,0.03,1.0,0.2,0.1,0.75,0.25,2.0,-6.59,True
1.03,0.03,1.0,0.2,0.1,1.0,0.0,2.02,-6.55,True
1.03,0.03,1.0,0.2,0.2,0.0,1.0,3.44,-10.55,True
1.03,0.03,1.0,0.2,0.2,0.25,0.75,3.45,-10.49,True
1.03,0.03,1.0,0.2,0.2,0.5,0.5,3.47,-10.44,True
1.03,0.03,1.0,0.2,0.2,0.75,0.25,3.48,-10.39,True
1.03,0.03,1.0,0.2,0.2,1.0,0.0,3.5,-10.33,True
1.03,0.03,1.0,0.2,0.3,0.0,1.0,4.57,-13.04,True
1.03,0.03,1.0,0.2,0.3,0.25,0.75,4.58,-12.98,True
1.03,0.03,1.0,0.2,0.3,0.5,0.5,4.59,-12.92,True
1.03,0.03,1.0,0.2,0.3,0.75,0.25,4.61,-12.85,True
1.03,0.03,1.0,0.2,0.3,1.0,0.0,4.62,-12.79,True
1.03,0.03,1.0,0.3,0.0,0.0,1.0,-0.46,-7.46,True
1.03,0.03,1.0,0.3,0.0,0.25,0.75,-0.41,-6.82,True
1.03,0.03,1.0,0.3,0.0,0.5,0.5,-0.37,-6.18,True
1.03,0.03,1.0,0.3,0.0,0.75,0.25,-0.33,-5.54,True
1.03,0.03,1.0,0.3,0.0,1.0,0.0,-0.29,-4.89,True
1.03,0.03,1.0,0.3,0.1,0.0,1.0,1.83,-6.92,True
1.03,0.03,1.0,0.3,0.1,0.25,0.75,1.86,-6.86,True
1.03,0.03,1.0,0.3,0.1,0.5,0.5,1.89,-6.81,True
1.03,0.03,1.0,0.3,0.1,0.75,0.25,1.92,-6.75,True
1.03,0.03,1.0,0.3,0.1,1.0,0.0,1.95,-6.69,True
1.03,0.03,1.0,0.3,0.2,0.0,1.0,3.35,-10.86,True
1.03,0.03,1.0,0.3,0.2,0.25,0.75,3.37,-10.78,True
1.03,0.03,1.0,0.3,0.2,0.5,0.5,3.4,-10.7,True
1.03,0.03,1.0,0.3,0.2,0.75,0.25,3.42,-10.61,True
1.03,0.03,1.0,0.3,0.2,1.0,0.0,3.44,-10.53,True
1.03,0.03,1.0,0.3,0.3,0.0,1.0,4.49,-13.4,True
1.03,0.03,1.0,0.3,0.3,0.25,0.75,4.51,-13.3,True
1.03,0.03,1.0,0.3,0.3,0.5,0.5,4.53,-13.21,True
1.03,0.03,1.0,0.3,0.3,0.75,0.25,4.55,-13.12,True
1.03,0.03,1.0,0.3,0.3,1.0,0.0,4.57,-13.02,True
1.03,0.03,1.0,0.4,0.0,0.0,1.0,-0.61,-9.89,True
1.03,0.03,1.0,0.4,0.0,0.25,0.75,-0.55,-9.05,True
1.03,0.03,1.0,0.4,0.0,0.5,0.5,-0.5,-8.2,True
1.03,0.03,1.0,0.4,0.0,0.75,0.25,-0.44,-7.35,True
1.03,0.03,1.0,0.4,0.0,1.0,0.0,-0.39,-6.5,True
1.03,0.03,1.0,0.4,0.1,0.0,1.0,1.72,-7.15,True
1.03,0.03,1.0,0.4,0.1,0.25,0.75,1.76,-7.07,True
1.03,0.03,1.0,0.4,0.1,0.5,0.5,1.8,-6.99,True
1.03,0.03,1.0,0.4,0.1,0.75,0.25,1.84,-6.91,True
1.03,0.03,1.0,0.4,0.1,1.0,0.0,1.88,-6.83,True
1.03,0.03,1.0,0.4,0.2,0.0,1.0,3.26,-11.17,True
1.03,0.03,1.0,0.4,0.2,0.25,0.75,3.29,-11.06,True
1.03,0.03,1.0,0.4,0.2,0.5,0.5,3.32,-10.95,True
1.03,0.03,1.0,0.4,0.2,0.75,0.25,3.35,-10.84,True
1.03,0.03,1.0,0.4,0.2,1.0,0.0,3.39,-10.73,True
1.03,0.03,1.0,0.4,0.3,0.0,1.0,4.41,-13.72,True
1.03,0.03,1.0,0.4,0.3,0.25,0.75,4.44,-13.6,True
1.03,0.03,1.0,0.4,0.3,0.5,0.5,4.47,-13.48,True
1.03,0.03,1.0,0.4,0.3,0.75,0.25,4.49,-13.36,True
1.03,0.03,1.0,0.4,0.3,1.0,0.0,4.52,-13.24,True
1.03,0.03,1.01,0.1,0.0,0.0,1.0,-0.15,-2.52,True
1.03,0.03,1.01,0.1,0.0,0.25,0.75,-0.13,-2.3,True
1.03,0.03,1.01,0.1,0.0,0.5,0.5,-0.12,-2.08,True
1.03,0.03,1.01,0.1,0.0,0.75,0.25,-0.11,-1.86,True
1.03,0.03,1.01,0.1,0.0,1.0,0.0,-0.09,-1.64,True
1.03,0.03,1.01,0.1,0.1,0.0,1.0,2.04,-6.48,True
1.03,0.03,1.01,0.1,0.1,0.25,0.75,2.05,-6.46,True
1.03,0.03,1.01,0.1,0.1,0.5,0.5,2.06,-6.44,True
1.03,0.03,1.01,0.1,0.1,0.75,0.25,2.07,-6.42,True
1.03,0.03,1.01,0.1,0.1,1.0,0.0,2.08,-6.4,True
1.03,0.03,1.01,0.1,0.2,0.0,1.0,3.52,-10.23,True
1.03,0.03,1.01,0.1,0.2,0.25,0.75,3.53,-10.2,True
1.03,0.03,1.01,0.1,0.2,0.5,0.5,3.54,-10.18,True
1.03,0.03,1.01,0.1,0.2,0.75,0.25,3.54,-10.15,True
1.03,0.03,1.01,0.1,0.2,1.0,0.0,3.55,-10.12,True
1.03,0.03,1.01,0.1,0.3,0.0,1.0,4.64,-12.68,True
1.03,0.03,1.01,0.1,0.3,0.25,0.75,4.65,-12.65,True
1.03,0.03,1.01,0.1,0.3,0.5,0.5,4.65,-12.62,True
1.03,0.03,1.01,0.1,0.3,0.75,0.25,4.66,-12.59,True
1.03,0.03,1.01,0.1,0.3,1.0,0.0,4.67,-12.56,True
1.03,0.03,1.01,0.2,0.0,0.0,1.0,-0.29,-5.0,True
1.03,0.03,1.01,0.2,0.0,0.25,0.75,-0.27,-4.57,True
1.03,0.03,1.01,0.2,0.0,0.5,0.5,-0.24,-4.14,True
1.03,0.03,1.01,0.2,0.0,0.75,0.25,-0.22,-3.71,True
1.03,0.03,1.01,0.2,0.0,1.0,0.0,-0.19,-3.28,True
1.03,0.03,1.01,0.2,0.1,0.0,1.0,1.94,-6.69,True
1.03,0.03,1.01,0.2,0.1,0.25,0.75,1.96,-6.65,True
1.03,0.03,1.01,0.2,0.1,0.5,0.5,1.98,-6.61,True
1.03,0.03,1.01,0.2,0.1,0.75,0.25,2.0,-6.58,True
1.03,0.03,1.01,0.2,0.1,1.0,0.0,2.01,-6.54,True
1.03,0.03,1.01,0.2,0.2,0.0,1.0,3.44,-10.53,True
1.03,0.03,1.01,0.2,0.2,0.25,0.75,3.45,-10.48,True
1.03,0.03,1.01,0.2,0.2,0.5,0.5,3.47,-10.42,True
1.03,0.03,1.01,0.2,0.2,0.75,0.25,3.48,-10.37,True
1.03,0.03,1.01,0.2,0.2,1.0,0.0,3.5,-10.32,True
1.03,0.03,1.01,0.2,0.3,0.0,1.0,4.57,-13.03,True
1.03,0.03,1.01,0.2,0.3,0.25,0.75,4.58,-12.97,True
1.03,0.03,1.01,0.2,0.3,0.5,0.5,4.59,-12.9,True
1.03,0.03,1.01,0.2,0.3,0.75,0.25,4.61,-12.84,True
1.03,0.03,1.01,0.2,0.3,1.0,0.0,4.62,-12.78,True
1.03,0.03,1.01,0.3,0.0,0.0,1.0,-0.44,-7.46,True
1.03,0.03,1.01,0.3,0.0,0.25,0.75,-0.4,-6.82,True
1.03,0.03,1.01,0.3,0.0,0.5,0.5,-0.36,-6.18,True
1.03,0.03,1.01,0.3,0.0,0.75,0.25,-0.33,-5.54,True
1.03,0.03,1.01,0.3,0.0,1.0,0.0,-0.29,-4.89,True
1.03,0.03,1.01,0.3,0.1,0.0,1.0,1.84,-6.91,True
1.03,0.03,1.01,0.3,0.1,0.25,0.75,1.87,-6.85,True
1.03,0.03,1.01,0.3,0.1,0.5,0.5,1.89,-6.79,True
1.03,0.03,1.01,0.3,0.1,0.75,0.25,1.92,-6.73,True
1.03,0.03,1.01,0.3,0.1,1.0,0.0,1.95,-6.68,True
1.03,0.03,1.01,0.3,0.2,0.0,1.0,3.35,-10.84,True
1.03,0.03,1.01,0.3,0.2,0.25,0.75,3.38,-10.76,True
1.03,0.03,1.01,0.3,0.2,0.5,0.5,3.4,-10.68,True
1.03,0.03,1.01,0.3,0.2,0.75,0.25,3.42,-10.6,True
1.03,0.03,1.01,0.3,0.2,1.0,0.0,3.44,-10.52,True
1.03,0.03,1.01,0.3,0.3,0.0,1.0,4.49,-13.38,True
1.03,0.03,1.01,0.3,0.3,0.25,0.75,4.51,-13.29,True
1.03,0.03,1.01,0.3,0.3,0.5,0.5,4.53,-13.2,True
1.03,0.03,1.01,0.3,0.3,0.75,0.25,4.55,-13.1,True
1.03,0.03,1.01,0.3,0.3,1.0,0.0,4.57,-13.01,True
1.03,0.03,1.01,0.4,0.0,0.0,1.0,-0.59,-9.89,True
1.03,0.03,1.01,0.4,0.0,0.25,0.75,-0.54,-9.05,True
1.03,0.03,1.01,0.4,0.0,0.5,0.5,-0.49,-8.2,True
1.03,0.03,1.01,0.4,0.0,0.75,0.25,-0.44,-7.35,True
1.03,0.03,1.01,0.4,0.0,1.0,0.0,-0.38,-6.5,True
1.03,0.03,1.01,0.4,0.1,0.0,1.0,1.73,-7.13,True
1.03,0.03,1.01,0.4,0.1,0.25,0.75,1.77,-7.05,True
1.03,0.03,1.01,0.4,0.1,0.5,0.5,1.81,-6.97,True
1.03,0.03,1.01,0.4,0.1,0.75,0.25,1.84,-6.9,True
1.03,0.03,1.01,0.4,0.1,1.0,0.0,1.88,-6.82,True
1.03,0.03,1.01,0.4,0.2,0.0,1.0,3.26,-11.15,True
1.03,0.03,1.01,0.4,0.2,0.25,0.75,3.29,-11.04,True
1.03,0.03,1.01,0.4,0.2,0.5,0.5,3.33,-10.93,True
1.03,0.03,1.01,0.4,0.2,0.75,0.25,3.36,-10.83,True
1.03,0.03,1.01,0.4,0.2,1.0,0.0,3.39,-10.72,True
1.03,0.03,1.01,0.4,0.3,0.0,1.0,4.42,-13.69,True
1.03,0.03,1.01,0.4,0.3,0.25,0.75,4.44,-13.58,True
1.03,0.03,1.01,0.4,0.3,0.5,0.5,4.47,-13.46,True
1.03,0.03,1.01,0.4,0.3,0.75,0.25,4.5,-13.35,True
1.03,0.03,1.01,0.4,0.3,1.0,0.0,4.52,-13.23,True
1.03,0.03,1.02,0.1,0.0,0.0,1.0,-0.09,-2.42,True
1.03,0.03,1.02,0.1,0.0,0.25,0.75,-0.08,-2.22,True
1.03,0.03,1.02,0.1,0.0,0.5,0.5,-0.08,-2.02,True
1.03,0.03,1.02,0.1,0.0,0.75,0.25,-0.07,-1.82,True
1.03,0.03,1.02,0.1,0.0,1.0,0.0,-0.06,-1.62,True
1.03,0.03,1.02,0.1,0.1,0.0,1.0,2.08,-6.41,True
1.03,0.03,1.02,0.1,0.1,0.25,0.75,2.09,-6.4,True
1.03,0.03,1.02,0.1,0.1,0.5,0.5,2.09,-6.38,True
1.03,0.03,1.02,0.1,0.1,0.75,0.25,2.1,-6.37,True
1.03,0.03,1.02,0.1,0.1,1.0,0.0,2.1,-6.36,True
1.03,0.03,1.02,0.1,0.2,0.0,1.0,3.55,-10.13,True
1.03,0.03,1.02,0.1,0.2,0.25,0.75,3.56,-10.12,True
1.03,0.03,1.02,0.1,0.2,0.5,0.5,3.56,-10.1,True
1.03,0.03,1.02,0.1,0.2,0.75,0.25,3.56,-10.08,True
1.03,0.03,1.02,0.1,0.2,1.0,0.0,3.57,-10.07,True
1.03,0.03,1.02,0.1,0.3,0.0,1.0,4.67,-12.57,True
1.03,0.03,1.02,0.1,0.3,0.25,0.75,4.67,-12.55,True
1.03,0.03,1.02,0.1,0.3,0.5,0.5,4.67,-12.53,True
1.03,0.03,1.02,0.1,0.3,0.75,0.25,4.68,-12.51,True
1.03,0.03,1.02,0.1,0.3,1.0,0.0,4.68,-12.49,True
1.03,0.03,1.02,0.2,0.0,0.0,1.0,-0.19,-4.83,True
1.03,0.03,1.02,0.2,0.0,0.25,0.75,-0.17,-4.43,True
1.03,0.03,1.02,0.2,0.0,0.5,0.5,-0.16,-4.04,True
1.03,0.03,1.02,0.2,0.0,0.75,0.25,-0.14,-3.64,True
1.03,0.03,1.02,0.2,0.0,1.0,0.0,-0.12,-3.24,True
1.03,0.03,1.02,0.2,0.1,0.0,1.0,2.02,-6.55,True
1.03,0.03,1.02,0.2,0.1,0.25,0.75,2.03,-6.53,True
1.03,0.03,1.02,0.2,0.1,0.5,0.5,2.04,-6.5,True
1.03,0.03,1.02,0.2,0.1,0.75,0.25,2.05,-6.48,True
1.03,0.03,1.02,0.2,0.1,1.0,0.0,2.06,-6.45,True
1.03,0.03,1.02,0.2,0.2,0.0,1.0,3.5,-10.34,True
1.03,0.03,1.02,0.2,0.2,0.25,0.75,3.51,-10.3,True
1.03,0.03,1.02,0.2,0.2,0.5,0.5,3.52,-10.27,True
1.03,0.03,1.02,0.2,0.2,0.75,0.25,3.52,-10.24,True
1.03,0.03,1.02,0.2,0.2,1.0,0.0,3.53,-10.2,True
1.03,0.03,1.02,0.2,0.3,0.0,1.0,4.62,-12.81,True
1.03,0.03,1.02,0.2,0.3,0.25,0.75,4.63,-12.77,True
1.03,0.03,1.02,0.2,0.3,0.5,0.5,4.64,-12.73,True
1.03,0.03,1.02,0.2,0.3,0.75,0.25,4.64,-12.69,True
1.03,0.03,1.02,0.2,0.3,1.0,0.0,4.65,-12.65,True
1.03,0.03,1.02,0.3,0.0,0.0,1.0,-0.28,-7.22,True
1.03,0.03,1.02,0.3,0.0,0.25,0.75,-0.26,-6.63,True
1.03,0.03,1.02,0.3,0.0,0.5,0.5,-0.24,-6.04,True
1.03,0.03,1.02,0.3,0.0,0.75,0.25,-0.21,-5.44,True
1.03,0.03,1.02,0.3,0.0,1.0,0.0,-0.19,-4.85,True
1.03,0.03,1.02,0.3,0.1,0.0,1.0,1.95,-6.7,True
1.03,0.03,1.02,0.3,0.1,0.25,0.75,1.97,-6.66,True
1.03,0.03,1.02,0.3,0.1,0.5,0.5,1.98,-6.62,True
1.03,0.03,1.02,0.3,0.1,0.75,0.25,2.0,-6.59,True
1.03,0.03,1.02,0.3,0.1,1.0,0.0,2.02,-6.55,True
1.03,0.03,1.02,0.3,0.2,0.0,1.0,3.44,-10.55,True
1.03,0.03,1.02,0.3,0.2,0.25,0.75,3.46,-10.5,True
1.03,0.03,1.02,0.3,0.2,0.5,0.5,3.47,-10.45,True
1.03,0.03,1.02,0.3,0.2,0.75,0.25,3.48,-10.39,True
1.03,0.03,1.02,0.3,0.2,1.0,0.0,3.5,-10.34,True
1.03,0.03,1.02,0.3,0.3,0.0,1.0,4.57,-13.05,True
1.03,0.03,1.02,0.3,0.3,0.25,0.75,4.58,-12.99,True
1.03,0.03,1.02,0.3,0.3,0.5,0.5,4.6,-12.93,True
1.03,0.03,1.02,0.3,0.3,0.75,0.25,4.61,-12.87,True
1.03,0.03,1.02,0.3,0.3,1.0,0.0,4.62,-12.81,True
1.03,0.03,1.02,0.4,0.0,0.0,1.0,-0.38,-9.59,True
1.03,0.03,1.02,0.4,0.0,0.25,0.75,-0.35,-8.81,True
1.03,0.03,1.02,0.4,0.0,0.5,0.5,-0.32,-8.03,True
1.03,0.03,1.02,0.4,0.0,0.75,0.25,-0.28,-7.24,True
1.03,0.03,1.02,0.4,0.0,1.0,0.0,-0.25,-6.45,True
1.03,0.03,1.02,0.4,0.1,0.0,1.0,1.88,-6.84,True
1.03,0.03,1.02,0.4,0.1,0.25,0.75,1.9,-6.79,True
1.03,0.03,1.02,0.4,0.1,0.5,0.5,1.93,-6.75,True
1.03,0.03,1.02,0.4,0.1,0.75,0.25,1.95,-6.7,True
1.03,0.03,1.02,0.4,0.1,1.0,0.0,1.97,-6.65,True
1.03,0.03,1.02,0.4,0.2,0.0,1.0,3.38,-10.75,True
1.03,0.03,1.02,0.4,0.2,0.25,0.75,3.4,-10.68,True
1.03,0.03,1.02,0.4,0.2,0.5,0.5,3.42,-10.62,True
1.03,0.03,1.02,0.4,0.2,0.75,0.25,3.44,-10.55,True
1.03,0.03,1.02,0.4,0.2,1.0,0.0,3.46,-10.48,True
1.03,0.03,1.02,0.4,0.3,0.0,1.0,4.51,-13.3,True
1.03,0.03,1.02,0.4,0.3,0.25,0.75,4.53,-13.21,True
1.03,0.03,1.02,0.4,0.3,0.5,0.5,4.55,-13.13,True
1.03,0.03,1.02,0.4,0.3,0.75,0.25,4.57,-13.05,True
1.03,0.03,1.02,0.4,0.3,1.0,0.0,4.59,-12.98,True
1.04,0.005,0.95,0.1,0.0,0.0,1.0,15.85,-26.93,True
1.04,0.005,0.95,0.1,0.0,0.25,0.75,14.91,-25.37,True
1.04,0.005,0.95,0.1,0.0,0.5,0.5,13.9,-23.54,True
1.04,0.005,0.95,0.1,0.0,0.75,0.25,12.82,-21.37,True
1.04,0.005,0.95,0.1,0.0,1.0,0.0,11.65,-18.74,True
1.04,0.005,0.95,0.1,0.1,0.0,1.0,15.72,-26.76,True
1.04,0.005,0.95,0.1,0.1,0.25,0.75,14.84,-25.2,True
1.04,0.005,0.95,0.1,0.1,0.5,0.5,13.89,-23.39,True
1.04,0.005,0.95,0.1,0.1,0.75,0.25,12.89,-21.26,True
1.04,0.005,0.95,0.1,0.1,1.0,0.0,11.82,-18.74,True
1.04,0.005,0.95,0.1,0.2,0.0,1.0,15.58,-26.55,True
1.04,0.005,0.95,0.1,0.2,0.25,0.75,14.74,-25.0,True
1.04,0.005,0.95,0.1,0.2,0.5,0.5,13.85,-23.21,True
1.04,0.005,0.95,0.1,0.2,0.75,0.25,12.91,-21.14,True
1.04,0.005,0.95,0.1,0.2,1.0,0.0,11.93,-18.73,True
1.04,0.005,0.95,0.1,0.3,0.0,1.0,15.43,-26.33,True
1.04,0.005,0.95,0.1,0.3,0.25,0.75,14.63,-24.78,True
1.04,0.005,0.95,0.1,0.3,0.5,0.5,13.8,-23.02,True
1.04,0.005,0.95,0.1,0.3,0.75,0.25,12.94,-21.01,True
1.04,0.005,0.95,0.1,0.3,1.0,0.0,12.03,-18.73,True
1.04,0.005,0.95,0.2,0.0,0.0,1.0,17.76,-27.2,True
1.04,0.005,0.95,0.2,0.0,0.25,0.75,16.71,-25.39,True
1.04,0.005,0.95,0.2,0.0,0.5,0.5,15.57,-23.57,True
1.04,0.005,0.95,0.2,0.0,0.75,0.25,14.35,-21.39,True
1.04,0.005,0.95,0.2,0.0,1.0,0.0,13.02,-19.21,True
1.04,0.005,0.95,0.2,0.1,0.0,1.0,17.53,-26.79,True
1.04,0.005,0.95,0.2,0.1,0.25,0.75,16.5,-25.25,True
1.04,0.005,0.95,0.2,0.1,0.5,0.5,15.41,-23.44,True
1.04,0.005,0.95,0.2,0.1,0.75,0.25,14.24,-21.29,True
1.04,0.005,0.95,0.2,0.1,1.0,0.0,12.99,-18.74,True
1.04,0.005,0.95,0.2,0.2,0.0,1.0,17.27,-26.64,True
1.04,0.005,0.95,0.2,0.2,0.25,0.75,16.28,-25.08,True
1.04,0.005,0.95,0.2,0.2,0.5,0.5,15.24,-23.29,True
1.04,0.005,0.95,0.2,0.2,0.75,0.25,14.13,-21.19,True
1.04,0.005,0.95,0.2,0.2,1.0,0.0,12.96,-18.73,True
1.04,0.005,0.95,0.2,0.3,0.0,1.0,16.9,-26.44,True
1.04,0.005,0.95,0.2,0.3,0.25,0.75,15.96,-24.89,True
1.04,0.005,0.95,0.2,0.3,0.5,0.5,14.97,-23.11,True
1.04,0.005,0.95,0.2,0.3,0.75,0.25,13.94,-21.06,True
1.04,0.005,0.95,0.2,0.3,1.0,0.0,12.87,-18.73,True
1.04,0.005,0.95,0.3,0.0,0.0,1.0,18.52,-27.57,True
1.04,0.005,0.95,0.3,0.0,0.25,0.75,17.41,-25.61,True
1.04,0.005,0.95,0.3,0.0,0.5,0.5,16.22,-23.62,True
1.04,0.005,0.95,0.3,0.0,0.75,0.25,14.93,-21.58,True
1.04,0.005,0.95,0.3,0.0,1.0,0.0,13.54,-19.49,True
1.04,0.005,0.95,0.3,0.1,0.0,1.0,18.17,-26.81,True
1.04,0.005,0.95,0.3,0.1,0.25,0.75,17.09,-25.25,True
1.04,0.005,0.95,0.3,0.1,0.5,0.5,15.94,-23.43,True
1.04,0.005,0.95,0.3,0.1,0.75,0.25,14.72,-21.29,True
1.04,0.005,0.95,0.3,0.1,1.0,0.0,13.41,-18.74,True
1.04,0.005,0.95,0.3,0.2,0.0,1.0,17.78,-26.66,True
1.04,0.005,0.95,0.3,0.2,0.25,0.75,16.75,-25.1,True
1.04,0.005,0.95,0.3,0.2,0.5,0.5,15.65,-23.29,True
1.04,0.005,0.95,0.3,0.2,0.75,0.25,14.49,-21.19,True
1.04,0.005,0.95,0.3,0.2,1.0,0.0,13.27,-18.73,True
1.04,0.005,0.95,0.3,0.3,0.0,1.0,17.37,-26.47,True
1.04,0.005,0.95,0.3,0.3,0.25,0.75,16.37,-24.91,True
1.04,0.005,0.95,0.3,0.3,0.5,0.5,15.33,-23.12,True
1.04,0.005,0.95,0.3,0.3,0.75,0.25,14.24,-21.06,True
1.04,0.005,0.95,0.3,0.3,1.0,0.0,13.11,-18.73,True
1.04,0.005,0.95,0.4,0.0,0.0,1.0,18.82,-27.29,True
1.04,0.005,0.95,0.4,0.0,0.25,0.75,17.69,-25.38,True
1.04,0.005,0.95,0.4,0.0,0.5,0.5,16.47,-23.55,True
1.04,0.005,0.95,0.4,0.0,0.75,0.25,15.17,-21.37,True
1.04,0.005,0.95,0.4,0.0,1.0,0.0,13.75,-19.27,True
1.04,0.005,0.95,0.4,0.1,0.0,1.0,18.46,-26.81,True
1.04,0.005,0.95,0.4,0.1,0.25,0.75,17.36,-25.25,True
1.04,0.005,0.95,0.4,0.1,0.5,0.5,16.19,-23.43,True
1.04,0.005,0.95,0.4,0.1,0.75,0.25,14.94,-21.28,True
1.04,0.005,0.95,0.4,0.1,1.0,0.0,13.61,-18.74,True
1.04,0.005,0.95,0.4,0.2,0.0,1.0,18.08,-26.66,True
1.04,0.005,0.95,0.4,0.2,0.25,0.75,17.01,-25.1,True
1.04,0.005,0.95,0.4,0.2,0.5,0.5,15.89,-23.28,True
1.04,0.005,0.95,0.4,0.2,0.75,0.25,14.7,-21.18,True
1.04,0.005,0.95,0.4,0.2,1.0,0.0,13.46,-18.74,True
1.04,0.005,0.95,0.4,0.3,0.0,1.0,17.68,-26.49,True
1.04,0.005,0.95,0.4,0.3,0.25,0.75,16.65,-24.92,True
1.04,0.005,0.95,0.4,0.3,0.5,0.5,15.58,-23.12,True
1.04,0.005,0.95,0.4,0.3,0.75,0.25,14.46,-21.06,True
1.04,0.005,0.95,0.4,0.3,1.0,0.0,13.31,-18.73,True
1.04,0.005,0.97,0.1,0.0,0.0,1.0,10.52,-23.38,True
1.04,0.005,0.97,0.1,0.0,0.25,0.75,9.94,-22.0,True
1.04,0.005,0.97,0.1,0.0,0.5,0.5,9.33,-20.39,True
1.04,0.005,0.97,0.1,0.0,0.75,0.25,8.67,-18.48,True
1.04,0.005,0.97,0.1,0.0,1.0,0.0,7.96,-16.16,True
1.04,0.005,0.97,0.1,0.1,0.0,1.0,11.12,-23.01,True
1.04,0.005,0.97,0.1,0.1,0.25,0.75,10.59,-21.72,True
1.04,0.005,0.97,0.1,0.1,0.5,0.5,10.04,-20.23,True
1.04,0.005,0.97,0.1,0.1,0.75,0.25,9.45,-18.51,True
1.04,0.005,0.97,0.1,0.1,1.0,0.0,8.83,-16.49,True
1.04,0.005,0.97,0.1,0.2,0.0,1.0,11.57,-22.68,True
1.04,0.005,0.97,0.1,0.2,0.25,0.75,11.06,-21.46,True
1.04,0.005,0.97,0.1,0.2,0.5,0.5,10.54,-20.08,True
1.04,0.005,0.97,0.1,0.2,0.75,0.25,10.0,-18.53,True
1.04,0.005,0.97,0.1,0.2,1.0,0.0,9.44,-16.77,True
1.04,0.005,0.97,0.1,0.3,0.0,1.0,11.86,-22.36,True
1.04,0.005,0.97,0.1,0.3,0.25,0.75,11.4,-21.2,True
1.04,0.005,0.97,0.1,0.3,0.5,0.5,10.92,-19.94,True
1.04,0.005,0.97,0.1,0.3,0.75,0.25,10.44,-18.54,True
1.04,0.005,0.97,0.1,0.3,1.0,0.0,9.96,-17.01,True
1.04,0.005,0.97,0.2,0.0,0.0,1.0,12.81,-23.38,True
1.04,0.005,0.97,0.2,0.0,0.25,0.75,12.09,-22.02,True
1.04,0.005,0.97,0.2,0.0,0.5,0.5,11.31,-20.41,True
1.04,0.005,0.97,0.2,0.0,0.75,0.25,10.48,-18.5,True
1.04,0.005,0.97,0.2,0.0,1.0,0.0,9.6,-16.16,True
1.04,0.005,0.97,0.2,0.1,0.0,1.0,12.89,-23.1,True
1.04,0.005,0.97,0.2,0.1,0.25,0.75,12.21,-21.79,True
1.04,0.005,0.97,0.2,0.1,0.5,0.5,11.5,-20.27,True
1.04,0.005,0.97,0.2,0.1,0.75,0.25,10.75,-18.51,True
1.04,0.005,0.97,0.2,0.1,1.0,0.0,9.96,-16.44,True
1.04,0.005,0.97,0.2,0.2,0.0,1.0,12.92,-22.81,True
1.04,0.005,0.97,0.2,0.2,0.25,0.75,12.29,-21.55,True
1.04,0.005,0.97,0.2,0.2,0.5,0.5,11.63,-20.13,True
1.04,0.005,0.97,0.2,0.2,0.75,0.25,10.95,-18.52,True
1.04,0.005,0.97,0.2,0.2,1.0,0.0,10.25,-16.69,True
1.04,0.005,0.97,0.2,0.3,0.0,1.0,12.79,-22.48,True
1.04,0.005,0.97,0.2,0.3,0.25,0.75,12.22,-21.29,True
1.04,0.005,0.97,0.2,0.3,0.5,0.5,11.64,-19.98,True
1.04,0.005,0.97,0.2,0.3,0.75,0.25,11.05,-18.53,True
1.04,0.005,0.97,0.2,0.3,1.0,0.0,10.45,-16.95,True
1.04,0.005,0.97,0.3,0.0,0.0,1.0,13.31,-27.05,True
1.04,0.005,0.97,0.3,0.0,0.25,0.75,12.56,-24.89,True
1.04,0.005,0.97,0.3,0.0,0.5,0.5,11.75,-22.69,True
1.04,0.005,0.97,0.3,0.0,0.75,0.25,10.89,-20.43,True
1.04,0.005,0.97,0.3,0.0,1.0,0.0,9.97,-18.13,True
1.04,0.005,0.97,0.3,0.1,0.0,1.0,13.18,-25.15,True
1.04,0.005,0.97,0.3,0.1,0.25,0.75,12.49,-23.05,True
1.04,0.005,0.97,0.3,0.1,0.5,0.5,11.76,-20.91,True
1.04,0.005,0.97,0.3,0.1,0.75,0.25,10.99,-18.72,True
1.04,0.005,0.97,0.3,0.1,1.0,0.0,10.18,-16.5,True
1.04,0.005,0.97,0.3,0.2,0.0,1.0,13.15,-22.82,True
1.04,0.005,0.97,0.3,0.2,0.25,0.75,12.5,-21.55,True
1.04,0.005,0.97,0.3,0.2,0.5,0.5,11.83,-20.12,True
1.04,0.005,0.97,0.3,0.2,0.75,0.25,11.13,-18.51,True
1.04,0.005,0.97,0.3,0.2,1.0,0.0,10.41,-16.69,True
1.04,0.005,0.97,0.3,0.3,0.0,1.0,13.11,-22.52,True
1.04,0.005,0.97,0.3,0.3,0.25,0.75,12.51,-21.31,True
1.04,0.005,0.97,0.3,0.3,0.5,0.5,11.89,-19.98,True
1.04,0.005,0.97,0.3,0.3,0.75,0.25,11.27,-18.52,True
1.04,0.005,0.97,0.3,0.3,1.0,0.0,10.64,-16.93,True
1.04,0.005,0.97,0.4,0.0,0.0,1.0,13.56,-27.9,True
1.04,0.005,0.97,0.4,0.0,0.25,0.75,12.8,-25.68,True
1.04,0.005,0.97,0.4,0.0,0.5,0.5,11.98,-23.41,True
1.04,0.005,0.97,0.4,0.0,0.75,0.25,11.1,-21.09,True
1.04,0.005,0.97,0.4,0.0,1.0,0.0,10.17,-18.72,True
1.04,0.005,0.97,0.4,0.1,0.0,1.0,13.54,-24.87,True
1.04,0.005,0.97,0.4,0.1,0.25,0.75,12.81,-22.79,True
1.04,0.005,0.97,0.4,0.1,0.5,0.5,12.05,-20.66,True
1.04,0.005,0.97,0.4,0.1,0.75,0.25,11.25,-18.5,True
1.04,0.005,0.97,0.4,0.1,1.0,0.0,10.41,-16.42,True
1.04,0.005,0.97,0.4,0.2,0.0,1.0,13.49,-22.84,True
1.04,0.005,0.97,0.4,0.2,0.25,0.75,12.82,-21.57,True
1.04,0.005,0.97,0.4,0.2,0.5,0.5,12.12,-20.13,True
1.04,0.005,0.97,0.4,0.2,0.75,0.25,11.4,-18.5,True
1.04,0.005,0.97,0.4,0.2,1.0,0.0,10.65,-16.67,True
1.04,0.005,0.97,0.4,0.3,0.0,1.0,13.48,-22.56,True
1.04,0.005,0.97,0.4,0.3,0.25,0.75,12.84,-21.34,True
1.04,0.005,0.97,0.4,0.3,0.5,0.5,12.2,-19.99,True
1.04,0.005,0.97,0.4,0.3,0.75,0.25,11.53,-18.51,True
1.04,0.005,0.97,0.4,0.3,1.0,0.0,10.87,-16.9,True
1.04,0.005,0.99,0.1,0.0,0.0,1.0,8.02,-26.99,True
1.04,0.005,0.99,0.1,0.0,0.25,0.75,7.59,-25.04,True
1.04,0.005,0.99,0.1,0.0,0.5,0.5,7.13,-23.01,True
1.04,0.005,0.99,0.1,0.0,0.75,0.25,6.64,-20.86,True
1.04,0.005,0.99,0.1,0.0,1.0,0.0,6.1,-18.6,True
1.04,0.005,0.99,0.1,0.1,0.0,1.0,9.03,-24.06,True
1.04,0.005,0.99,0.1,0.1,0.25,0.75,8.66,-22.24,True
1.04,0.005,0.99,0.1,0.1,0.5,0.5,8.26,-20.34,True
1.04,0.005,0.99,0.1,0.1,0.75,0.25,7.84,-18.38,True
1.04,0.005,0.99,0.1,0.1,1.0,0.0,7.39,-16.33,True
1.04,0.005,0.99,0.1,0.2,0.0,1.0,9.78,-21.62,True
1.04,0.005,0.99,0.1,0.2,0.25,0.75,9.44,-19.95,True
1.04,0.005,0.99,0.1,0.2,0.5,0.5,9.08,-18.25,True
1.04,0.005,0.99,0.1,0.2,0.75,0.25,8.71,-16.5,True
1.04,0.005,0.99,0.1,0.2,1.0,0.0,8.32,-14.64,True
1.04,0.005,0.99,0.1,0.3,0.0,1.0,10.32,-19.65,True
1.04,0.005,0.99,0.1,0.3,0.25,0.75,10.01,-18.03,True
1.04,0.005,0.99,0.1,0.3,0.5,0.5,9.67,-17.05,True
1.04,0.005,0.99,0.1,0.3,0.75,0.25,9.32,-16.17,True
1.04,0.005,0.99,0.1,0.3,1.0,0.0,8.97,-15.23,True
1.04,0.005,0.99,0.2,0.0,0.0,1.0,10.23,-25.82,True
1.04,0.005,0.99,0.2,0.0,0.25,0.75,9.66,-23.95,True
1.04,0.005,0.99,0.2,0.0,0.5,0.5,9.06,-21.99,True
1.04,0.005,0.99,0.2,0.0,0.75,0.25,8.4,-19.91,True
1.04,0.005,0.99,0.2,0.0,1.0,0.0,7.7,-17.7,True
1.04,0.005,0.99,0.2,0.1,0.0,1.0,10.56,-23.14,True
1.04,0.005,0.99,0.2,0.1,0.25,0.75,10.06,-21.33,True
1.04,0.005,0.99,0.2,0.1,0.5,0.5,9.52,-19.44,True
1.04,0.005,0.99,0.2,0.1,0.75,0.25,8.96,-17.47,True
1.04,0.005,0.99,0.2,0.1,1.0,0.0,8.37,-15.41,True
1.04,0.005,0.99,0.2,0.2,0.0,1.0,10.79,-20.72,True
1.04,0.005,0.99,0.2,0.2,0.25,0.75,10.34,-19.06,True
1.04,0.005,0.99,0.2,0.2,0.5,0.5,9.88,-17.34,True
1.04,0.005,0.99,0.2,0.2,0.75,0.25,9.39,-15.6,True
1.04,0.005,0.99,0.2,0.2,1.0,0.0,8.9,-14.35,True
1.04,0.005,0.99,0.2,0.3,0.0,1.0,10.95,-18.98,True
1.04,0.005,0.99,0.2,0.3,0.25,0.75,10.57,-17.82,True
1.04,0.005,0.99,0.2,0.3,0.5,0.5,10.17,-16.96,True
1.04,0.005,0.99,0.2,0.3,0.75,0.25,9.77,-16.04,True
1.04,0.005,0.99,0.2,0.3,1.0,0.0,9.37,-15.04,True
1.04,0.005,0.99,0.3,0.0,0.0,1.0,10.9,-24.61,True
1.04,0.005,0.99,0.3,0.0,0.25,0.75,10.29,-22.82,True
1.04,0.005,0.99,0.3,0.0,0.5,0.5,9.64,-20.92,True
1.04,0.005,0.99,0.3,0.0,0.75,0.25,8.94,-18.91,True
1.04,0.005,0.99,0.3,0.0,1.0,0.0,8.2,-16.76,True
1.04,0.005,0.99,0.3,0.1,0.0,1.0,11.05,-22.92,True
1.04,0.005,0.99,0.3,0.1,0.25,0.75,10.51,-21.15,True
1.04,0.005,0.99,0.3,0.1,0.5,0.5,9.95,-19.3,True
1.04,0.005,0.99,0.3,0.1,0.75,0.25,9.36,-17.36,True
1.04,0.005,0.99,0.3,0.1,1.0,0.0,8.73,-15.31,True
1.04,0.005,0.99,0.3,0.2,0.0,1.0,11.29,-21.29,True
1.04,0.005,0.99,0.3,0.2,0.25,0.75,10.81,-19.57,True
1.04,0.005,0.99,0.3,0.2,0.5,0.5,10.31,-17.79,True
1.04,0.005,0.99,0.3,0.2,0.75,0.25,9.79,-15.94,True
1.04,0.005,0.99,0.3,0.2,1.0,0.0,9.26,-14.27,True
1.04,0.005,0.99,0.3,0.3,0.0,1.0,11.52,-19.75,True
1.04,0.005,0.99,0.3,0.3,0.25,0.75,11.09,-18.09,True
1.04,0.005,0.99,0.3,0.3,0.5,0.5,10.65,-16.9,True
1.04,0.005,0.99,0.3,0.3,0.75,0.25,10.2,-15.94,True
1.04,0.005,0.99,0.3,0.3,1.0,0.0,9.75,-14.91,True
1.04,0.005,0.99,0.4,0.0,0.0,1.0,11.47,-24.76,True
1.04,0.005,0.99,0.4,0.0,0.25,0.75,10.83,-22.95,True
1.04,0.005,0.99,0.4,0.0,0.5,0.5,10.14,-21.03,True
1.04,0.005,0.99,0.4,0.0,0.75,0.25,9.4,-18.99,True
1.04,0.005,0.99,0.4,0.0,1.0,0.0,8.61,-16.82,True
1.04,0.005,0.99,0.4,0.1,0.0,1.0,11.71,-23.22,True
1.04,0.005,0.99,0.4,0.1,0.25,0.75,11.12,-21.42,True
1.04,0.005,0.99,0.4,0.1,0.5,0.5,10.5,-19.54,True
1.04,0.005,0.99,0.4,0.1,0.75,0.25,9.85,-17.55,True
1.04,0.005,0.99,0.4,0.1,1.0,0.0,9.17,-15.47,True
1.04,0.005,0.99,0.4,0.2,0.0,1.0,11.94,-21.77,True
1.04,0.005,0.99,0.4,0.2,0.25,0.75,11.4,-20.02,True
1.04,0.005,0.99,0.4,0.2,0.5,0.5,10.84,-18.17,True
1.04,0.005,0.99,0.4,0.2,0.75,0.25,10.26,-16.25,True
1.04,0.005,0.99,0.4,0.2,1.0,0.0,9.66,-14.26,True
1.04,0.005,0.99,0.4,0.3,0.0,1.0,12.11,-20.3,True
1.04,0.005,0.99,0.4,0.3,0.25,0.75,11.62,-18.56,True
1.04,0.005,0.99,0.4,0.3,0.5,0.5,11.12,-16.85,True
1.04,0.005,0.99,0.4,0.3,0.75,0.25,10.6,-15.86,True
1.04,0.005,0.99,0.4,0.3,1.0,0.0,10.08,-14.8,True
1.04,0.005,1.0,0.1,0.0,0.0,1.0,5.4,-22.62,True
1.04,0.005,1.0,0.1,0.0,0.25,0.75,5.14,-20.94,True
1.04,0.005,1.0,0.1,0.0,0.5,0.5,4.85,-19.17,True
1.04,0.005,1.0,0.1,0.0,0.75,0.25,4.55,-17.31,True
1.04,0.005,1.0,0.1,0.0,1.0,0.0,4.24,-15.35,True
1.04,0.005,1.0,0.1,0.1,0.0,1.0,7.11,-20.87,True
1.04,0.005,1.0,0.1,0.1,0.25,0.75,6.88,-19.29,True
1.04,0.005,1.0,0.1,0.1,0.5,0.5,6.64,-17.64,True
1.04,0.005,1.0,0.1,0.1,0.75,0.25,6.39,-15.93,True
1.04,0.005,1.0,0.1,0.1,1.0,0.0,6.13,-14.14,True
1.04,0.005,1.0,0.1,0.2,0.0,1.0,8.22,-18.77,True
1.04,0.005,1.0,0.1,0.2,0.25,0.75,8.01,-17.32,True
1.04,0.005,1.0,0.1,0.2,0.5,0.5,7.79,-15.78,True
1.04,0.005,1.0,0.1,0.2,0.75,0.25,7.57,-14.66,True
1.04,0.005,1.0,0.1,0.2,1.0,0.0,7.34,-14.04,True
1.04,0.005,1.0,0.1,0.3,0.0,1.0,9.04,-17.06,True
1.04,0.005,1.0,0.1,0.3,0.25,0.75,8.83,-16.47,True
1.04,0.005,1.0,0.1,0.3,0.5,0.5,8.62,-15.91,True
1.04,0.005,1.0,0.1,0.3,0.75,0.25,8.4,-15.41,True
1.04,0.005,1.0,0.1,0.3,1.0,0.0,8.2,-14.96,True
1.04,0.005,1.0,0.2,0.0,0.0,1.0,7.99,-22.39,True
1.04,0.005,1.0,0.2,0.0,0.25,0.75,7.55,-20.75,True
1.04,0.005,1.0,0.2,0.0,0.5,0.5,7.09,-19.01,True
1.04,0.005,1.0,0.2,0.0,0.75,0.25,6.6,-17.17,True
1.04,0.005,1.0,0.2,0.0,1.0,0.0,6.08,-15.21,True
1.04,0.005,1.0,0.2,0.1,0.0,1.0,8.58,-19.74,True
1.04,0.005,1.0,0.2,0.1,0.25,0.75,8.22,-18.15,True
1.04,0.005,1.0,0.2,0.1,0.5,0.5,7.84,-16.5,True
1.04,0.005,1.0,0.2,0.1,0.75,0.25,7.45,-14.78,True
1.04,0.005,1.0,0.2,0.1,1.0,0.0,7.05,-12.99,True
1.04,0.005,1.0,0.2,0.2,0.0,1.0,9.11,-17.71,True
1.04,0.005,1.0,0.2,0.2,0.25,0.75,8.81,-16.32,True
1.04,0.005,1.0,0.2,0.2,0.5,0.5,8.49,-15.07,True
1.04,0.005,1.0,0.2,0.2,0.75,0.25,8.17,-14.37,True
1.04,0.005,1.0,0.2,0.2,1.0,0.0,7.84,-13.73,True
1.04,0.005,1.0,0.2,0.3,0.0,1.0,9.54,-16.96,True
1.04,0.005,1.0,0.2,0.3,0.25,0.75,9.29,-16.32,True
1.04,0.005,1.0,0.2,0.3,0.5,0.5,9.04,-15.73,True
1.04,0.005,1.0,0.2,0.3,0.75,0.25,8.79,-15.2,True
1.04,0.005,1.0,0.2,0.3,1.0,0.0,8.53,-14.74,True
1.04,0.005,1.0,0.3,0.0,0.0,1.0,8.29,-22.19,True
1.04,0.005,1.0,0.3,0.0,0.25,0.75,7.84,-20.4,True
1.04,0.005,1.0,0.3,0.0,0.5,0.5,7.37,-18.6,True
1.04,0.005,1.0,0.3,0.0,0.75,0.25,6.87,-16.78,True
1.04,0.005,1.0,0.3,0.0,1.0,0.0,6.33,-14.95,True
1.04,0.005,1.0,0.3,0.1,0.0,1.0,8.83,-20.09,True
1.04,0.005,1.0,0.3,0.1,0.25,0.75,8.47,-18.52,True
1.04,0.005,1.0,0.3,0.1,0.5,0.5,8.09,-16.88,True
1.04,0.005,1.0,0.3,0.1,0.75,0.25,7.69,-15.16,True
1.04,0.005,1.0,0.3,0.1,1.0,0.0,7.28,-13.35,True
1.04,0.005,1.0,0.3,0.2,0.0,1.0,9.47,-18.28,True
1.04,0.005,1.0,0.3,0.2,0.25,0.75,9.16,-16.79,True
1.04,0.005,1.0,0.3,0.2,0.5,0.5,8.83,-15.26,True
1.04,0.005,1.0,0.3,0.2,0.75,0.25,8.5,-14.27,True
1.04,0.005,1.0,0.3,0.2,1.0,0.0,8.15,-13.61,True
1.04,0.005,1.0,0.3,0.3,0.0,1.0,9.98,-16.89,True
1.04,0.005,1.0,0.3,0.3,0.25,0.75,9.71,-16.22,True
1.04,0.005,1.0,0.3,0.3,0.5,0.5,9.42,-15.6,True
1.04,0.005,1.0,0.3,0.3,0.75,0.25,9.13,-15.05,True
1.04,0.005,1.0,0.3,0.3,1.0,0.0,8.83,-14.57,True
1.04,0.005,1.0,0.4,0.0,0.0,1.0,8.71,-21.78,True
1.04,0.005,1.0,0.4,0.0,0.25,0.75,8.24,-20.17,True
1.04,0.005,1.0,0.4,0.0,0.5,0.5,7.75,-18.46,True
1.04,0.005,1.0,0.4,0.0,0.75,0.25,7.22,-16.63,True
1.04,0.005,1.0,0.4,0.0,1.0,0.0,6.65,-14.68,True
1.04,0.005,1.0,0.4,0.1,0.0,1.0,9.41,-19.96,True
1.04,0.005,1.0,0.4,0.1,0.25,0.75,9.01,-18.39,True
1.04,0.005,1.0,0.4,0.1,0.5,0.5,8.58,-16.75,True
1.04,0.005,1.0,0.4,0.1,0.75,0.25,8.13,-15.02,True
1.04,0.005,1.0,0.4,0.1,1.0,0.0,7.66,-13.21,True
1.04,0.005,1.0,0.4,0.2,0.0,1.0,9.93,-18.32,True
1.04,0.005,1.0,0.4,0.2,0.25,0.75,9.57,-16.83,True
1.04,0.005,1.0,0.4,0.2,0.5,0.5,9.2,-15.28,True
1.04,0.005,1.0,0.4,0.2,0.75,0.25,8.82,-14.16,True
1.04,0.005,1.0,0.4,0.2,1.0,0.0,8.43,-13.49,True
1.04,0.005,1.0,0.4,0.3,0.0,1.0,10.38,-16.83,True
1.04,0.005,1.0,0.4,0.3,0.25,0.75,10.07,-16.14,True
1.04,0.005,1.0,0.4,0.3,0.5,0.5,9.75,-15.5,True
1.04,0.005,1.0,0.4,0.3,0.75,0.25,9.42,-14.93,True
1.04,0.005,1.0,0.4,0.3,1.0,0.0,9.09,-14.43,True
1.04,0.005,1.01,0.1,0.0,0.0,1.0,2.51,-16.53,True
1.04,0.005,1.01,0.1,0.0,0.25,0.75,2.45,-15.2,True
1.04,0.005,1.01,0.1,0.0,0.5,0.5,2.37,-13.86,True
1.04,0.005,1.01,0.1,0.0,0.75,0.25,2.28,-12.51,True
1.04,0.005,1.01,0.1,0.0,1.0,0.0,2.17,-11.14,True
1.04,0.005,1.01,0.1,0.1,0.0,1.0,4.96,-17.17,True
1.04,0.005,1.01,0.1,0.1,0.25,0.75,4.9,-15.89,True
1.04,0.005,1.01,0.1,0.1,0.5,0.5,4.83,-14.59,True
1.04,0.005,1.01,0.1,0.1,0.75,0.25,4.75,-13.29,True
1.04,0.005,1.01,0.1,0.1,1.0,0.0,4.66,-11.98,True
1.04,0.005,1.01,0.1,0.2,0.0,1.0,6.37,-16.25,True
1.04,0.005,1.01,0.1,0.2,0.25,0.75,6.32,-15.2,True
1.04,0.005,1.01,0.1,0.2,0.5,0.5,6.27,-14.72,True
1.04,0.005,1.01,0.1,0.2,0.75,0.25,6.21,-14.26,True
1.04,0.005,1.01,0.1,0.2,1.0,0.0,6.14,-13.82,True
1.04,0.005,1.01,0.1,0.3,0.0,1.0,7.44,-16.41,True
1.04,0.005,1.01,0.1,0.3,0.25,0.75,7.4,-16.04,True
1.04,0.005,1.01,0.1,0.3,0.5,0.5,7.36,-15.69,True
1.04,0.005,1.01,0.1,0.3,0.75,0.25,7.31,-15.36,True
1.04,0.005,1.01,0.1,0.3,1.0,0.0,7.25,-15.06,True
1.04,0.005,1.01,0.2,0.0,0.0,1.0,3.89,-25.01,True
1.04,0.005,1.01,0.2,0.0,0.25,0.75,3.76,-23.13,True
1.04,0.005,1.01,0.2,0.0,0.5,0.5,3.6,-21.22,True
1.04,0.005,1.01,0.2,0.0,0.75,0.25,3.42,-19.26,True
1.04,0.005,1.01,0.2,0.0,1.0,0.0,3.21,-17.25,True
1.04,0.005,1.01,0.2,0.1,0.0,1.0,5.6,-23.13,True
1.04,0.005,1.01,0.2,0.1,0.25,0.75,5.5,-21.43,True
1.04,0.005,1.01,0.2,0.1,0.5,0.5,5.39,-19.71,True
1.04,0.005,1.01,0.2,0.1,0.75,0.25,5.26,-17.95,True
1.04,0.005,1.01,0.2,0.1,1.0,0.0,5.12,-16.17,True
1.04,0.005,1.01,0.2,0.2,0.0,1.0,6.8,-21.06,True
1.04,0.005,1.01,0.2,0.2,0.25,0.75,6.73,-19.54,True
1.04,0.005,1.01,0.2,0.2,0.5,0.5,6.65,-18.0,True
1.04,0.005,1.01,0.2,0.2,0.75,0.25,6.56,-16.45,True
1.04,0.005,1.01,0.2,0.2,1.0,0.0,6.46,-14.89,True
1.04,0.005,1.01,0.2,0.3,0.0,1.0,7.84,-18.71,True
1.04,0.005,1.01,0.2,0.3,0.25,0.75,7.78,-17.31,True
1.04,0.005,1.01,0.2,0.3,0.5,0.5,7.7,-15.91,True
1.04,0.005,1.01,0.2,0.3,0.75,0.25,7.63,-15.06,True
1.04,0.005,1.01,0.2,0.3,1.0,0.0,7.54,-14.74,True
1.04,0.005,1.01,0.3,0.0,0.0,1.0,4.46,-27.9,True
1.04,0.005,1.01,0.3,0.0,0.25,0.75,4.29,-25.91,True
1.04,0.005,1.01,0.3,0.0,0.5,0.5,4.1,-23.87,True
1.04,0.005,1.01,0.3,0.0,0.75,0.25,3.89,-21.76,True
1.04,0.005,1.01,0.3,0.0,1.0,0.0,3.65,-19.59,True
1.04,0.005,1.01,0.3,0.1,0.0,1.0,6.03,-24.92,True
1.04,0.005,1.01,0.3,0.1,0.25,0.75,5.91,-23.08,True
1.04,0.005,1.01,0.3,0.1,0.5,0.5,5.78,-21.2,True
1.04,0.005,1.01,0.3,0.1,0.75,0.25,5.63,-19.28,True
1.04,0.005,1.01,0.3,0.1,1.0,0.0,5.46,-17.33,True
1.04,0.005,1.01,0.3,0.2,0.0,1.0,7.28,-21.88,True
1.04,0.005,1.01,0.3,0.2,0.25,0.75,7.17,-20.22,True
1.04,0.005,1.01,0.3,0.2,0.5,0.5,7.06,-18.53,True
1.04,0.005,1.01,0.3,0.2,0.75,0.25,6.93,-16.82,True
1.04,0.005,1.01,0.3,0.2,1.0,0.0,6.8,-15.09,True
1.04,0.005,1.01,0.3,0.3,0.0,1.0,8.22,-19.34,True
1.04,0.005,1.01,0.3,0.3,0.25,0.75,8.13,-17.86,True
1.04,0.005,1.01,0.3,0.3,0.5,0.5,8.02,-16.38,True
1.04,0.005,1.01,0.3,0.3,0.75,0.25,7.91,-14.89,True
1.04,0.005,1.01,0.3,0.3,1.0,0.0,7.8,-14.49,True
1.04,0.005,1.01,0.4,0.0,0.0,1.0,4.96,-28.51,True
1.04,0.005,1.01,0.4,0.0,0.25,0.75,4.77,-26.48,True
1.04,0.005,1.01,0.4,0.0,0.5,0.5,4.55,-24.39,True
1.04,0.005,1.01,0.4,0.0,0.75,0.25,4.31,-22.23,True
1.04,0.005,1.01,0.4,0.0,1.0,0.0,4.03,-20.01,True
1.04,0.005,1.01,0.4,0.1,0.0,1.0,6.56,-25.17,True
1.04,0.005,1.01,0.4,0.1,0.25,0.75,6.4,-23.27,True
1.04,0.005,1.01,0.4,0.1,0.5,0.5,6.23,-21.34,True
1.04,0.005,1.01,0.4,0.1,0.75,0.25,6.03,-19.36,True
1.04,0.005,1.01,0.4,0.1,1.0,0.0,5.82,-17.38,True
1.04,0.005,1.01,0.4,0.2,0.0,1.0,7.65,-22.64,True
1.04,0.005,1.01,0.4,0.2,0.25,0.75,7.52,-20.91,True
1.04,0.005,1.01,0.4,0.2,0.5,0.5,7.37,-19.15,True
1.04,0.005,1.01,0.4,0.2,0.75,0.25,7.21,-17.38,True
1.04,0.005,1.01,0.4,0.2,1.0,0.0,7.05,-15.59,True
1.04,0.005,1.01,0.4,0.3,0.0,1.0,8.55,-20.39,True
1.04,0.005,1.01,0.4,0.3,0.25,0.75,8.43,-18.83,True
1.04,0.005,1.01,0.4,0.3,0.5,0.5,8.3,-17.25,True
1.04,0.005,1.01,0.4,0.3,0.75,0.25,8.16,-15.67,True
1.04,0.005,1.01,0.4,0.3,1.0,0.0,8.01,-14.31,True
1.04,0.005,1.02,0.1,0.0,0.0,1.0,0.94,-14.62,True
1.04,0.005,1.02,0.1,0.0,0.25,0.75,0.97,-13.2,True
1.04,0.005,1.02,0.1,0.0,0.5,0.5,0.99,-11.78,True
1.04,0.005,1.02,0.1,0.0,0.75,0.25,1.0,-10.53,True
1.04,0.005,1.02,0.1,0.0,1.0,0.0,0.99,-9.33,True
1.04,0.005,1.02,0.1,0.1,0.0,1.0,4.03,-14.38,True
1.04,0.005,1.02,0.1,0.1,0.25,0.75,4.02,-13.33,True
1.04,0.005,1.02,0.1,0.1,0.5,0.5,4.01,-12.27,True
1.04,0.005,1.02,0.1,0.1,0.75,0.25,3.99,-11.19,True
1.04,0.005,1.02,0.1,0.1,1.0,0.0,3.96,-10.11,True
1.04,0.005,1.02,0.1,0.2,0.0,1.0,5.8,-13.49,True
1.04,0.005,1.02,0.1,0.2,0.25,0.75,5.79,-12.57,True
1.04,0.005,1.02,0.1,0.2,0.5,0.5,5.77,-12.13,True
1.04,0.005,1.02,0.1,0.2,0.75,0.25,5.75,-12.05,True
1.04,0.005,1.02,0.1,0.2,1.0,0.0,5.71,-11.97,True
1.04,0.005,1.02,0.1,0.3,0.0,1.0,6.95,-16.48,True
1.04,0.005,1.02,0.1,0.3,0.25,0.75,6.95,-16.36,True
1.04,0.005,1.02,0.1,0.3,0.5,0.5,6.94,-16.25,True
1.04,0.005,1.02,0.1,0.3,0.75,0.25,6.93,-16.14,True
1.04,0.005,1.02,0.1,0.3,1.0,0.0,6.92,-16.03,True
1.04,0.005,1.02,0.2,0.0,0.0,1.0,2.0,-21.27,True
1.04,0.005,1.02,0.2,0.0,0.25,0.75,1.99,-19.53,True
1.04,0.005,1.02,0.2,0.0,0.5,0.5,1.96,-17.77,True
1.04,0.005,1.02,0.2,0.0,0.75,0.25,1.91,-15.99,True
1.04,0.005,1.02,0.2,0.0,1.0,0.0,1.84,-14.18,True
1.04,0.005,1.02,0.2,0.1,0.0,1.0,4.54,-20.64,True
1.04,0.005,1.02,0.2,0.1,0.25,0.75,4.52,-19.09,True
1.04,0.005,1.02,0.2,0.1,0.5,0.5,4.48,-17.51,True
1.04,0.005,1.02,0.2,0.1,0.75,0.25,4.44,-15.91,True
1.04,0.005,1.02,0.2,0.1,1.0,0.0,4.38,-14.29,True
1.04,0.005,1.02,0.2,0.2,0.0,1.0,6.02,-18.68,True
1.04,0.005,1.02,0.2,0.2,0.25,0.75,6.0,-17.33,True
1.04,0.005,1.02,0.2,0.2,0.5,0.5,5.98,-15.96,True
1.04,0.005,1.02,0.2,0.2,0.75,0.25,5.95,-14.58,True
1.04,0.005,1.02,0.2,0.2,1.0,0.0,5.91,-13.18,True
1.04,0.005,1.02,0.2,0.3,0.0,1.0,7.16,-16.53,True
1.04,0.005,1.02,0.2,0.3,0.25,0.75,7.15,-16.02,True
1.04,0.005,1.02,0.2,0.3,0.5,0.5,7.13,-15.93,True
1.04,0.005,1.02,0.2,0.3,0.75,0.25,7.1,-15.84,True
1.04,0.005,1.02,0.2,0.3,1.0,0.0,7.08,-15.75,True
1.04,0.005,1.02,0.3,0.0,0.0,1.0,2.68,-26.47,True
1.04,0.005,1.02,0.3,0.0,0.25,0.75,2.64,-24.41,True
1.04,0.005,1.02,0.3,0.0,0.5,0.5,2.57,-22.3,True
1.04,0.005,1.02,0.3,0.0,0.75,0.25,2.48,-20.15,True
1.04,0.005,1.02,0.3,0.0,1.0,0.0,2.37,-17.95,True
1.04,0.005,1.02,0.3,0.1,0.0,1.0,4.75,-23.14,True
1.04,0.005,1.02,0.3,0.1,0.25,0.75,4.72,-21.4,True
1.04,0.005,1.02,0.3,0.1,0.5,0.5,4.68,-19.63,True
1.04,0.005,1.02,0.3,0.1,0.75,0.25,4.63,-17.82,True
1.04,0.005,1.02,0.3,0.1,1.0,0.0,4.57,-15.98,True
1.04,0.005,1.02,0.3,0.2,0.0,1.0,6.25,-20.09,True
1.04,0.005,1.02,0.3,0.2,0.25,0.75,6.22,-18.62,True
1.04,0.005,1.02,0.3,0.2,0.5,0.5,6.18,-17.12,True
1.04,0.005,1.02,0.3,0.2,0.75,0.25,6.14,-15.59,True
1.04,0.005,1.02,0.3,0.2,1.0,0.0,6.09,-14.05,True
1.04,0.005,1.02,0.3,0.3,0.0,1.0,7.42,-16.94,True
1.04,0.005,1.02,0.3,0.3,0.25,0.75,7.39,-15.73,True
1.04,0.005,1.02,0.3,0.3,0.5,0.5,7.35,-15.6,True
1.04,0.005,1.02,0.3,0.3,0.75,0.25,7.31,-15.53,True
1.04,0.005,1.02,0.3,0.3,1.0,0.0,7.26,-15.46,True
1.04,0.005,1.02,0.4,0.0,0.0,1.0,3.0,-28.08,True
1.04,0.005,1.02,0.4,0.0,0.25,0.75,2.94,-25.94,True
1.04,0.005,1.02,0.4,0.0,0.5,0.5,2.86,-23.74,True
1.04,0.005,1.02,0.4,0.0,0.75,0.25,2.76,-21.49,True
1.04,0.005,1.02,0.4,0.0,1.0,0.0,2.64,-19.19,True
1.04,0.005,1.02,0.4,0.1,0.0,1.0,5.03,-24.2,True
1.04,0.005,1.02,0.4,0.1,0.25,0.75,4.98,-22.37,True
1.04,0.005,1.02,0.4,0.1,0.5,0.5,4.93,-20.5,True
1.04,0.005,1.02,0.4,0.1,0.75,0.25,4.86,-18.59,True
1.04,0.005,1.02,0.4,0.1,1.0,0.0,4.78,-16.64,True
1.04,0.005,1.02,0.4,0.2,0.0,1.0,6.55,-20.28,True
1.04,0.005,1.02,0.4,0.2,0.25,0.75,6.51,-18.74,True
1.04,0.005,1.02,0.4,0.2,0.5,0.5,6.45,-17.18,True
1.04,0.005,1.02,0.4,0.2,0.75,0.25,6.39,-15.6,True
1.04,0.005,1.02,0.4,0.2,1.0,0.0,6.31,-14.0,True
1.04,0.005,1.02,0.4,0.3,0.0,1.0,7.64,-17.33,True
1.04,0.005,1.02,0.4,0.3,0.25,0.75,7.6,-16.02,True
1.04,0.005,1.02,0.4,0.3,0.5,0.5,7.54,-15.34,True
1.04,0.005,1.02,0.4,0.3,0.75,0.25,7.48,-15.29,True
1.04,0.005,1.02,0.4,0.3,1.0,0.0,7.41,-15.25,True
1.04,0.01,0.95,0.1,0.0,0.0,1.0,11.03,-26.93,True
1.04,0.01,0.95,0.1,0.0,0.25,0.75,10.4,-25.35,True
1.04,0.01,0.95,0.1,0.0,0.5,0.5,9.73,-23.51,True
1.04,0.01,0.95,0.1,0.0,0.75,0.25,9.0,-21.34,True
1.04,0.01,0.95,0.1,0.0,1.0,0.0,8.2,-18.74,True
1.04,0.01,0.95,0.1,0.1,0.0,1.0,11.29,-26.59,True
1.04,0.01,0.95,0.1,0.1,0.25,0.75,10.73,-25.03,True
1.04,0.01,0.95,0.1,0.1,0.5,0.5,10.14,-23.23,True
1.04,0.01,0.95,0.1,0.1,0.75,0.25,9.52,-21.15,True
1.04,0.01,0.95,0.1,0.1,1.0,0.0,8.86,-18.74,True
1.04,0.01,0.95,0.1,0.2,0.0,1.0,11.56,-26.23,True
1.04,0.01,0.95,0.1,0.2,0.25,0.75,11.07,-24.69,True
1.04,0.01,0.95,0.1,0.2,0.5,0.5,10.56,-22.94,True
1.04,0.01,0.95,0.1,0.2,0.75,0.25,10.01,-20.96,True
1.04,0.01,0.95,0.1,0.2,1.0,0.0,9.42,-18.73,True
1.04,0.01,0.95,0.1,0.3,0.0,1.0,11.73,-25.84,True
1.04,0.01,0.95,0.1,0.3,0.25,0.75,11.28,-24.32,True
1.04,0.01,0.95,0.1,0.3,0.5,0.5,10.81,-22.63,True
1.04,0.01,0.95,0.1,0.3,0.75,0.25,10.32,-20.76,True
1.04,0.01,0.95,0.1,0.3,1.0,0.0,9.81,-18.72,True
1.04,0.01,0.95,0.2,0.0,0.0,1.0,13.98,-26.93,True
1.04,0.01,0.95,0.2,0.0,0.25,0.75,13.16,-25.35,True
1.04,0.01,0.95,0.2,0.0,0.5,0.5,12.29,-23.51,True
1.04,0.01,0.95,0.2,0.0,0.75,0.25,11.35,-21.34,True
1.04,0.01,0.95,0.2,0.0,1.0,0.0,10.34,-18.74,True
1.04,0.01,0.95,0.2,0.1,0.0,1.0,13.95,-26.71,True
1.04,0.01,0.95,0.2,0.1,0.25,0.75,13.19,-25.13,True
1.04,0.01,0.95,0.2,0.1,0.5,0.5,12.38,-23.32,True
1.04,0.01,0.95,0.2,0.1,0.75,0.25,11.53,-21.21,True
1.04,0.01,0.95,0.2,0.1,1.0,0.0,10.62,-18.74,True
1.04,0.01,0.95,0.2,0.2,0.0,1.0,13.92,-26.47,True
1.04,0.01,0.95,0.2,0.2,0.25,0.75,13.21,-24.9,True
1.04,0.01,0.95,0.2,0.2,0.5,0.5,12.47,-23.11,True
1.04,0.01,0.95,0.2,0.2,0.75,0.25,11.7,-21.06,True
1.04,0.01,0.95,0.2,0.2,1.0,0.0,10.89,-18.73,True
1.04,0.01,0.95,0.2,0.3,0.0,1.0,13.89,-26.2,True
1.04,0.01,0.95,0.2,0.3,0.25,0.75,13.24,-24.64,True
1.04,0.01,0.95,0.2,0.3,0.5,0.5,12.56,-22.89,True
1.04,0.01,0.95,0.2,0.3,0.75,0.25,11.87,-20.92,True
1.04,0.01,0.95,0.2,0.3,1.0,0.0,11.16,-18.72,True
1.04,0.01,0.95,0.3,0.0,0.0,1.0,15.77,-26.93,True
1.04,0.01,0.95,0.3,0.0,0.25,0.75,14.83,-25.36,True
1.04,0.01,0.95,0.3,0.0,0.5,0.5,13.81,-23.52,True
1.04,0.01,0.95,0.3,0.0,0.75,0.25,12.73,-21.35,True
1.04,0.01,0.95,0.3,0.0,1.0,0.0,11.57,-18.74,True
1.04,0.01,0.95,0.3,0.1,0.0,1.0,15.72,-26.77,True
1.04,0.01,0.95,0.3,0.1,0.25,0.75,14.82,-25.19,True
1.04,0.01,0.95,0.3,0.1,0.5,0.5,13.87,-23.37,True
1.04,0.01,0.95,0.3,0.1,0.75,0.25,12.86,-21.24,True
1.04,0.01,0.95,0.3,0.1,1.0,0.0,11.8,-18.74,True
1.04,0.01,0.95,0.3,0.2,0.0,1.0,15.66,-26.59,True
1.04,0.01,0.95,0.3,0.2,0.25,0.75,14.81,-25.02,True
1.04,0.01,0.95,0.3,0.2,0.5,0.5,13.9,-23.21,True
1.04,0.01,0.95,0.3,0.2,0.75,0.25,12.94,-21.13,True
1.04,0.01,0.95,0.3,0.2,1.0,0.0,11.94,-18.73,True
1.04,0.01,0.95,0.3,0.3,0.0,1.0,15.49,-26.39,True
1.04,0.01,0.95,0.3,0.3,0.25,0.75,14.66,-24.81,True
1.04,0.01,0.95,0.3,0.3,0.5,0.5,13.8,-23.03,True
1.04,0.01,0.95,0.3,0.3,0.75,0.25,12.92,-21.01,True
1.04,0.01,0.95,0.3,0.3,1.0,0.0,12.01,-18.73,True
1.04,0.01,0.95,0.4,0.0,0.0,1.0,16.89,-26.93,True
1.04,0.01,0.95,0.4,0.0,0.25,0.75,15.86,-25.37,True
1.04,0.01,0.95,0.4,0.0,0.5,0.5,14.76,-23.55,True
1.04,0.01,0.95,0.4,0.0,0.75,0.25,13.59,-21.37,True
1.04,0.01,0.95,0.4,0.0,1.0,0.0,12.33,-18.74,True
1.04,0.01,0.95,0.4,0.1,0.0,1.0,16.69,-26.79,True
1.04,0.01,0.95,0.4,0.1,0.25,0.75,15.7,-25.23,True
1.04,0.01,0.95,0.4,0.1,0.5,0.5,14.66,-23.41,True
1.04,0.01,0.95,0.4,0.1,0.75,0.25,13.55,-21.28,True
1.04,0.01,0.95,0.4,0.1,1.0,0.0,12.39,-18.74,True
1.04,0.01,0.95,0.4,0.2,0.0,1.0,16.48,-26.63,True
1.04,0.01,0.95,0.4,0.2,0.25,0.75,15.54,-25.07,True
1.04,0.01,0.95,0.4,0.2,0.5,0.5,14.55,-23.27,True
1.04,0.01,0.95,0.4,0.2,0.75,0.25,13.52,-21.18,True
1.04,0.01,0.95,0.4,0.2,1.0,0.0,12.44,-18.73,True
1.04,0.01,0.95,0.4,0.3,0.0,1.0,16.17,-26.44,True
1.04,0.01,0.95,0.4,0.3,0.25,0.75,15.28,-24.88,True
1.04,0.01,0.95,0.4,0.3,0.5,0.5,14.36,-23.1,True
1.04,0.01,0.95,0.4,0.3,0.75,0.25,13.41,-21.06,True
1.04,0.01,0.95,0.4,0.3,1.0,0.0,12.41,-18.73,True
1.04,0.01,0.97,0.1,0.0,0.0,1.0,7.66,-23.38,True
1.04,0.01,0.97,0.1,0.0,0.25,0.75,7.22,-21.98,True
1.04,0.01,0.97,0.1,0.0,0.5,0.5,6.75,-20.36,True
1.04,0.01,0.97,0.1,0.0,0.75,0.25,6.25,-18.45,True
1.04,0.01,0.97,0.1,0.0,1.0,0.0,5.73,-16.16,True
1.04,0.01,0.97,0.1,0.1,0.0,1.0,8.62,-22.89,True
1.04,0.01,0.97,0.1,0.1,0.25,0.75,8.25,-21.6,True
1.04,0.01,0.97,0.1,0.1,0.5,0.5,7.87,-20.15,True
1.04,0.01,0.97,0.1,0.1,0.75,0.25,7.46,-18.48,True
1.04,0.01,0.97,0.1,0.1,1.0,0.0,7.03,-16.58,True
1.04,0.01,0.97,0.1,0.2,0.0,1.0,9.27,-22.44,True
1.04,0.01,0.97,0.1,0.2,0.25,0.75,8.95,-21.26,True
1.04,0.01,0.97,0.1,0.2,0.5,0.5,8.61,-19.95,True
1.04,0.01,0.97,0.1,0.2,0.75,0.25,8.26,-18.5,True
1.04,0.01,0.97,0.1,0.2,1.0,0.0,7.91,-16.91,True
1.04,0.01,0.97,0.1,0.3,0.0,1.0,9.8,-22.05,True
1.04,0.01,0.97,0.1,0.3,0.25,0.75,9.53,-20.96,True
1.04,0.01,0.97,0.1,0.3,0.5,0.5,9.26,-19.79,True
1.04,0.01,0.97,0.1,0.3,0.75,0.25,8.98,-18.52,True
1.04,0.01,0.97,0.1,0.3,1.0,0.0,8.7,-17.17,True
1.04,0.01,0.97,0.2,0.0,0.0,1.0,10.01,-23.38,True
1.04,0.01,0.97,0.2,0.0,0.25,0.75,9.43,-21.99,True
1.04,0.01,0.97,0.2,0.0,0.5,0.5,8.82,-20.36,True
1.04,0.01,0.97,0.2,0.0,0.75,0.25,8.17,-18.45,True
1.04,0.01,0.97,0.2,0.0,1.0,0.0,7.48,-16.16,True
1.04,0.01,0.97,0.2,0.1,0.0,1.0,10.62,-23.03,True
1.04,0.01,0.97,0.2,0.1,0.25,0.75,10.09,-21.7,True
1.04,0.01,0.97,0.2,0.1,0.5,0.5,9.54,-20.2,True
1.04,0.01,0.97,0.2,0.1,0.75,0.25,8.97,-18.48,True
1.04,0.01,0.97,0.2,0.1,1.0,0.0,8.38,-16.49,True
1.04,0.01,0.97,0.2,0.2,0.0,1.0,11.14,-22.71,True
1.04,0.01,0.97,0.2,0.2,0.25,0.75,10.66,-21.46,True
1.04,0.01,0.97,0.2,0.2,0.5,0.5,10.16,-20.06,True
1.04,0.01,0.97,0.2,0.2,0.75,0.25,9.65,-18.5,True
1.04,0.01,0.97,0.2,0.2,1.0,0.0,9.14,-16.75,True
1.04,0.01,0.97,0.2,0.3,0.0,1.0,11.6,-22.43,True
1.04,0.01,0.97,0.2,0.3,0.25,0.75,11.15,-21.24,True
1.04,0.01,0.97,0.2,0.3,0.5,0.5,10.7,-19.94,True
1.04,0.01,0.97,0.2,0.3,0.75,0.25,10.24,-18.51,True
1.04,0.01,0.97,0.2,0.3,1.0,0.0,9.78,-16.97,True
1.04,0.01,0.97,0.3,0.0,0.0,1.0,11.9,-23.38,True
1.04,0.01,0.97,0.3,0.0,0.25,0.75,11.19,-21.99,True
1.04,0.01,0.97,0.3,0.0,0.5,0.5,10.43,-20.37,True
1.04,0.01,0.97,0.3,0.0,0.75,0.25,9.64,-18.46,True
1.04,0.01,0.97,0.3,0.0,1.0,0.0,8.8,-16.16,True
1.04,0.01,0.97,0.3,0.1,0.0,1.0,12.34,-23.12,True
1.04,0.01,0.97,0.3,0.1,0.25,0.75,11.66,-21.78,True
1.04,0.01,0.97,0.3,0.1,0.5,0.5,10.96,-20.25,True
1.04,0.01,0.97,0.3,0.1,0.75,0.25,10.23,-18.48,True
1.04,0.01,0.97,0.3,0.1,1.0,0.0,9.47,-16.43,True
1.04,0.01,0.97,0.3,0.2,0.0,1.0,12.29,-22.83,True
1.04,0.01,0.97,0.3,0.2,0.25,0.75,11.68,-21.56,True
1.04,0.01,0.97,0.3,0.2,0.5,0.5,11.06,-20.12,True
1.04,0.01,0.97,0.3,0.2,0.75,0.25,10.43,-18.51,True
1.04,0.01,0.97,0.3,0.2,1.0,0.0,9.79,-16.69,True
1.04,0.01,0.97,0.3,0.3,0.0,1.0,12.23,-22.51,True
1.04,0.01,0.97,0.3,0.3,0.25,0.75,11.7,-21.31,True
1.04,0.01,0.97,0.3,0.3,0.5,0.5,11.16,-19.99,True
1.04,0.01,0.97,0.3,0.3,0.75,0.25,10.62,-18.54,True
1.04,0.01,0.97,0.3,0.3,1.0,0.0,10.07,-16.95,True
1.04,0.01,0.97,0.4,0.0,0.0,1.0,12.64,-23.7,True
1.04,0.01,0.97,0.4,0.0,0.25,0.75,11.88,-22.0,True
1.04,0.01,0.97,0.4,0.0,0.5,0.5,11.07,-20.39,True
1.04,0.01,0.97,0.4,0.0,0.75,0.25,10.23,-18.48,True
1.04,0.01,0.97,0.4,0.0,1.0,0.0,9.33,-16.3,True
1.04,0.01,0.97,0.4,0.1,0.0,1.0,12.57,-23.12,True
1.04,0.01,0.97,0.4,0.1,0.25,0.75,11.88,-21.8,True
1.04,0.01,0.97,0.4,0.1,0.5,0.5,11.17,-20.27,True
1.04,0.01,0.97,0.4,0.1,0.75,0.25,10.43,-18.51,True
1.04,0.01,0.97,0.4,0.1,1.0,0.0,9.66,-16.43,True
1.04,0.01,0.97,0.4,0.2,0.0,1.0,12.52,-22.83,True
1.04,0.01,0.97,0.4,0.2,0.25,0.75,11.91,-21.57,True
1.04,0.01,0.97,0.4,0.2,0.5,0.5,11.28,-20.14,True
1.04,0.01,0.97,0.4,0.2,0.75,0.25,10.62,-18.53,True
1.04,0.01,0.97,0.4,0.2,1.0,0.0,9.95,-16.69,True
1.04,0.01,0.97,0.4,0.3,0.0,1.0,12.53,-22.53,True
1.04,0.01,0.97,0.4,0.3,0.25,0.75,11.97,-21.34,True
1.04,0.01,0.97,0.4,0.3,0.5,0.5,11.4,-20.01,True
1.04,0.01,0.97,0.4,0.3,0.75,0.25,10.82,-18.54,True
1.04,0.01,0.97,0.4,0.3,1.0,0.0,10.24,-16.93,True
1.04,0.01,0.99,0.1,0.0,0.0,1.0,6.09,-18.59,True
1.04,0.01,0.99,0.1,0.0,0.25,0.75,5.74,-17.44,True
1.04,0.01,0.99,0.1,0.0,0.5,0.5,5.36,-16.12,True
1.04,0.01,0.99,0.1,0.0,0.75,0.25,4.96,-14.55,True
1.04,0.01,0.99,0.1,0.0,1.0,0.0,4.53,-12.68,True
1.04,0.01,0.99,0.1,0.1,0.0,1.0,7.14,-18.59,True
1.04,0.01,0.99,0.1,0.1,0.25,0.75,6.87,-17.63,True
1.04,0.01,0.99,0.1,0.1,0.5,0.5,6.58,-16.53,True
1.04,0.01,0.99,0.1,0.1,0.75,0.25,6.28,-15.29,True
1.04,0.01,0.99,0.1,0.1,1.0,0.0,5.98,-13.88,True
1.04,0.01,0.99,0.1,0.2,0.0,1.0,7.82,-18.6,True
1.04,0.01,0.99,0.1,0.2,0.25,0.75,7.61,-17.78,True
1.04,0.01,0.99,0.1,0.2,0.5,0.5,7.41,-16.89,True
1.04,0.01,0.99,0.1,0.2,0.75,0.25,7.19,-15.9,True
1.04,0.01,0.99,0.1,0.2,1.0,0.0,6.97,-14.82,True
1.04,0.01,0.99,0.1,0.3,0.0,1.0,8.59,-18.61,True
1.04,0.01,0.99,0.1,0.3,0.25,0.75,8.44,-17.91,True
1.04,0.01,0.99,0.1,0.3,0.5,0.5,8.27,-17.16,True
1.04,0.01,0.99,0.1,0.3,0.75,0.25,8.1,-16.36,True
1.04,0.01,0.99,0.1,0.3,1.0,0.0,7.93,-15.51,True
1.04,0.01,0.99,0.2,0.0,0.0,1.0,7.2,-19.59,True
1.04,0.01,0.99,0.2,0.0,0.25,0.75,6.79,-18.19,True
1.04,0.01,0.99,0.2,0.0,0.5,0.5,6.36,-16.74,True
1.04,0.01,0.99,0.2,0.0,0.75,0.25,5.9,-15.21,True
1.04,0.01,0.99,0.2,0.0,1.0,0.0,5.41,-13.6,True
1.04,0.01,0.99,0.2,0.1,0.0,1.0,8.27,-18.59,True
1.04,0.01,0.99,0.2,0.1,0.25,0.75,7.94,-17.59,True
1.04,0.01,0.99,0.2,0.1,0.5,0.5,7.58,-16.46,True
1.04,0.01,0.99,0.2,0.1,0.75,0.25,7.21,-15.17,True
1.04,0.01,0.99,0.2,0.1,1.0,0.0,6.82,-13.69,True
1.04,0.01,0.99,0.2,0.2,0.0,1.0,9.12,-18.6,True
1.04,0.01,0.99,0.2,0.2,0.25,0.75,8.81,-17.71,True
1.04,0.01,0.99,0.2,0.2,0.5,0.5,8.5,-16.74,True
1.04,0.01,0.99,0.2,0.2,0.75,0.25,8.18,-15.66,True
1.04,0.01,0.99,0.2,0.2,1.0,0.0,7.85,-14.48,True
1.04,0.01,0.99,0.2,0.3,0.0,1.0,9.76,-18.6,True
1.04,0.01,0.99,0.2,0.3,0.25,0.75,9.5,-17.83,True
1.04,0.01,0.99,0.2,0.3,0.5,0.5,9.22,-16.99,True
1.04,0.01,0.99,0.2,0.3,0.75,0.25,8.93,-16.09,True
1.04,0.01,0.99,0.2,0.3,1.0,0.0,8.65,-15.13,True
1.04,0.01,0.99,0.3,0.0,0.0,1.0,8.75,-19.41,True
1.04,0.01,0.99,0.3,0.0,0.25,0.75,8.24,-18.01,True
1.04,0.01,0.99,0.3,0.0,0.5,0.5,7.7,-16.54,True
1.04,0.01,0.99,0.3,0.0,0.75,0.25,7.12,-15.0,True
1.04,0.01,0.99,0.3,0.0,1.0,0.0,6.51,-13.37,True
1.04,0.01,0.99,0.3,0.1,0.0,1.0,9.47,-18.59,True
1.04,0.01,0.99,0.3,0.1,0.25,0.75,9.03,-17.58,True
1.04,0.01,0.99,0.3,0.1,0.5,0.5,8.58,-16.42,True
1.04,0.01,0.99,0.3,0.1,0.75,0.25,8.1,-15.1,True
1.04,0.01,0.99,0.3,0.1,1.0,0.0,7.61,-13.57,True
1.04,0.01,0.99,0.3,0.2,0.0,1.0,10.01,-18.6,True
1.04,0.01,0.99,0.3,0.2,0.25,0.75,9.64,-17.7,True
1.04,0.01,0.99,0.3,0.2,0.5,0.5,9.25,-16.7,True
1.04,0.01,0.99,0.3,0.2,0.75,0.25,8.86,-15.58,True
1.04,0.01,0.99,0.3,0.2,1.0,0.0,8.45,-14.34,True
1.04,0.01,0.99,0.3,0.3,0.0,1.0,10.47,-18.6,True
1.04,0.01,0.99,0.3,0.3,0.25,0.75,10.15,-17.81,True
1.04,0.01,0.99,0.3,0.3,0.5,0.5,9.81,-16.95,True
1.04,0.01,0.99,0.3,0.3,0.75,0.25,9.45,-16.02,True
1.04,0.01,0.99,0.3,0.3,1.0,0.0,9.05,-15.02,True
1.04,0.01,0.99,0.4,0.0,0.0,1.0,9.64,-19.99,True
1.04,0.01,0.99,0.4,0.0,0.25,0.75,9.07,-18.55,True
1.04,0.01,0.99,0.4,0.0,0.5,0.5,8.47,-17.05,True
1.04,0.01,0.99,0.4,0.0,0.75,0.25,7.83,-15.46,True
1.04,0.01,0.99,0.4,0.0,1.0,0.0,7.15,-13.78,True
1.04,0.01,0.99,0.4,0.1,0.0,1.0,10.21,-18.97,True
1.04,0.01,0.99,0.4,0.1,0.25,0.75,9.72,-17.58,True
1.04,0.01,0.99,0.4,0.1,0.5,0.5,9.21,-16.43,True
1.04,0.01,0.99,0.4,0.1,0.75,0.25,8.68,-15.09,True
1.04,0.01,0.99,0.4,0.1,1.0,0.0,8.12,-13.54,True
1.04,0.01,0.99,0.4,0.2,0.0,1.0,10.6,-18.6,True
1.04,0.01,0.99,0.4,0.2,0.25,0.75,10.15,-17.69,True
1.04,0.01,0.99,0.4,0.2,0.5,0.5,9.68,-16.69,True
1.04,0.01,0.99,0.4,0.2,0.75,0.25,9.2,-15.56,True
1.04,0.01,0.99,0.4,0.2,1.0,0.0,8.7,-14.29,True
1.04,0.01,0.99,0.4,0.3,0.0,1.0,10.87,-18.6,True
1.04,0.01,0.99,0.4,0.3,0.25,0.75,10.47,-17.8,True
1.04,0.01,0.99,0.4,0.3,0.5,0.5,10.06,-16.92,True
1.04,0.01,0.99,0.4,0.3,0.75,0.25,9.65,-15.97,True
1.04,0.01,0.99,0.4,0.3,1.0,0.0,9.23,-14.95,True
1.04,0.01,1.0,0.1,0.0,0.0,1.0,3.45,-14.37,True
1.04,0.01,1.0,0.1,0.0,0.25,0.75,3.26,-13.17,True
1.04,0.01,1.0,0.1,0.0,0.5,0.5,3.07,-11.96,True
1.04,0.01,1.0,0.1,0.0,0.75,0.25,2.87,-10.72,True
1.04,0.01,1.0,0.1,0.0,1.0,0.0,2.65,-9.47,True
1.04,0.01,1.0,0.1,0.1,0.0,1.0,5.34,-15.17,True
1.04,0.01,1.0,0.1,0.1,0.25,0.75,5.22,-14.02,True
1.04,0.01,1.0,0.1,0.1,0.5,0.5,5.08,-13.38,True
1.04,0.01,1.0,0.1,0.1,0.75,0.25,4.94,-12.75,True
1.04,0.01,1.0,0.1,0.1,1.0,0.0,4.8,-12.13,True
1.04,0.01,1.0,0.1,0.2,0.0,1.0,6.65,-16.49,True
1.04,0.01,1.0,0.1,0.2,0.25,0.75,6.56,-15.91,True
1.04,0.01,1.0,0.1,0.2,0.5,0.5,6.47,-15.34,True
1.04,0.01,1.0,0.1,0.2,0.75,0.25,6.37,-14.8,True
1.04,0.01,1.0,0.1,0.2,1.0,0.0,6.27,-14.29,True
1.04,0.01,1.0,0.1,0.3,0.0,1.0,7.75,-17.23,True
1.04,0.01,1.0,0.1,0.3,0.25,0.75,7.67,-16.7,True
1.04,0.01,1.0,0.1,0.3,0.5,0.5,7.58,-16.2,True
1.04,0.01,1.0,0.1,0.3,0.75,0.25,7.5,-15.74,True
1.04,0.01,1.0,0.1,0.3,1.0,0.0,7.41,-15.32,True
1.04,0.01,1.0,0.2,0.0,0.0,1.0,4.87,-19.59,True
1.04,0.01,1.0,0.2,0.0,0.25,0.75,4.61,-18.19,True
1.04,0.01,1.0,0.2,0.0,0.5,0.5,4.34,-16.74,True
1.04,0.01,1.0,0.2,0.0,0.75,0.25,4.05,-15.21,True
1.04,0.01,1.0,0.2,0.0,1.0,0.0,3.75,-13.6,True
1.04,0.01,1.0,0.2,0.1,0.0,1.0,6.54,-17.32,True
1.04,0.01,1.0,0.2,0.1,0.25,0.75,6.34,-16.04,True
1.04,0.01,1.0,0.2,0.1,0.5,0.5,6.14,-14.71,True
1.04,0.01,1.0,0.2,0.1,0.75,0.25,5.92,-13.52,True
1.04,0.01,1.0,0.2,0.1,1.0,0.0,5.69,-12.64,True
1.04,0.01,1.0,0.2,0.2,0.0,1.0,7.77,-16.69,True
1.04,0.01,1.0,0.2,0.2,0.25,0.75,7.6,-15.93,True
1.04,0.01,1.0,0.2,0.2,0.5,0.5,7.41,-15.21,True
1.04,0.01,1.0,0.2,0.2,0.75,0.25,7.22,-14.53,True
1.04,0.01,1.0,0.2,0.2,1.0,0.0,7.03,-13.9,True
1.04,0.01,1.0,0.2,0.3,0.0,1.0,8.77,-16.96,True
1.04,0.01,1.0,0.2,0.3,0.25,0.75,8.61,-16.34,True
1.04,0.01,1.0,0.2,0.3,0.5,0.5,8.45,-15.75,True
1.04,0.01,1.0,0.2,0.3,0.75,0.25,8.28,-15.23,True
1.04,0.01,1.0,0.2,0.3,1.0,0.0,8.11,-14.76,True
1.04,0.01,1.0,0.3,0.0,0.0,1.0,6.41,-21.44,True
1.04,0.01,1.0,0.3,0.0,0.25,0.75,6.05,-19.82,True
1.04,0.01,1.0,0.3,0.0,0.5,0.5,5.67,-18.14,True
1.04,0.01,1.0,0.3,0.0,0.75,0.25,5.27,-16.42,True
1.04,0.01,1.0,0.3,0.0,1.0,0.0,4.85,-14.65,True
1.04,0.01,1.0,0.3,0.1,0.0,1.0,7.84,-19.01,True
1.04,0.01,1.0,0.3,0.1,0.25,0.75,7.54,-17.3,True
1.04,0.01,1.0,0.3,0.1,0.5,0.5,7.22,-15.54,True
1.04,0.01,1.0,0.3,0.1,0.75,0.25,6.89,-13.74,True
1.04,0.01,1.0,0.3,0.1,1.0,0.0,6.56,-12.38,True
1.04,0.01,1.0,0.3,0.2,0.0,1.0,8.87,-16.75,True
1.04,0.01,1.0,0.3,0.2,0.25,0.75,8.61,-15.71,True
1.04,0.01,1.0,0.3,0.2,0.5,0.5,8.33,-14.94,True
1.04,0.01,1.0,0.3,0.2,0.75,0.25,8.05,-14.21,True
1.04,0.01,1.0,0.3,0.2,1.0,0.0,7.74,-13.55,True
1.04,0.01,1.0,0.3,0.3,0.0,1.0,9.55,-16.83,True
1.04,0.01,1.0,0.3,0.3,0.25,0.75,9.27,-16.16,True
1.04,0.01,1.0,0.3,0.3,0.5,0.5,8.99,-15.55,True
1.04,0.01,1.0,0.3,0.3,0.75,0.25,8.71,-15.01,True
1.04,0.01,1.0,0.3,0.3,1.0,0.0,8.44,-14.54,True
1.04,0.01,1.0,0.4,0.0,0.0,1.0,7.61,-22.3,True
1.04,0.01,1.0,0.4,0.0,0.25,0.75,7.17,-20.62,True
1.04,0.01,1.0,0.4,0.0,0.5,0.5,6.7,-18.89,True
1.04,0.01,1.0,0.4,0.0,0.75,0.25,6.21,-17.1,True
1.04,0.01,1.0,0.4,0.0,1.0,0.0,5.69,-15.26,True
1.04,0.01,1.0,0.4,0.1,0.0,1.0,8.79,-19.52,True
1.04,0.01,1.0,0.4,0.1,0.25,0.75,8.41,-17.77,True
1.04,0.01,1.0,0.4,0.1,0.5,0.5,8.0,-16.04,True
1.04,0.01,1.0,0.4,0.1,0.75,0.25,7.58,-14.54,True
1.04,0.01,1.0,0.4,0.1,1.0,0.0,7.14,-12.97,True
1.04,0.01,1.0,0.4,0.2,0.0,1.0,9.33,-17.72,True
1.04,0.01,1.0,0.4,0.2,0.25,0.75,8.98,-16.34,True
1.04,0.01,1.0,0.4,0.2,0.5,0.5,8.63,-14.94,True
1.04,0.01,1.0,0.4,0.2,0.75,0.25,8.27,-14.14,True
1.04,0.01,1.0,0.4,0.2,1.0,0.0,7.91,-13.48,True
1.04,0.01,1.0,0.4,0.3,0.0,1.0,9.75,-16.8,True
1.04,0.01,1.0,0.4,0.3,0.25,0.75,9.46,-16.11,True
1.04,0.01,1.0,0.4,0.3,0.5,0.5,9.17,-15.48,True
1.04,0.01,1.0,0.4,0.3,0.75,0.25,8.87,-14.92,True
1.04,0.01,1.0,0.4,0.3,1.0,0.0,8.58,-14.45,True
1.04,0.01,1.01,0.1,0.0,0.0,1.0,2.26,-7.16,True
1.04,0.01,1.01,0.1,0.0,0.25,0.75,2.14,-6.44,True
1.04,0.01,1.01,0.1,0.0,0.5,0.5,2.02,-5.81,True
1.04,0.01,1.01,0.1,0.0,0.75,0.25,1.89,-5.2,True
1.04,0.01,1.01,0.1,0.0,1.0,0.0,1.75,-4.55,True
1.04,0.01,1.01,0.1,0.1,0.0,1.0,4.34,-9.36,True
1.04,0.01,1.01,0.1,0.1,0.25,0.75,4.28,-9.18,True
1.04,0.01,1.01,0.1,0.1,0.5,0.5,4.23,-9.01,True
1.04,0.01,1.01,0.1,0.1,0.75,0.25,4.16,-8.85,True
1.04,0.01,1.01,0.1,0.1,1.0,0.0,4.1,-8.71,True
1.04,0.01,1.01,0.1,0.2,0.0,1.0,5.83,-12.77,True
1.04,0.01,1.01,0.1,0.2,0.25,0.75,5.8,-12.63,True
1.04,0.01,1.01,0.1,0.2,0.5,0.5,5.76,-12.49,True
1.04,0.01,1.01,0.1,0.2,0.75,0.25,5.73,-12.37,True
1.04,0.01,1.01,0.1,0.2,1.0,0.0,5.69,-12.26,True
1.04,0.01,1.01,0.1,0.3,0.0,1.0,7.01,-15.12,True
1.04,0.01,1.01,0.1,0.3,0.25,0.75,6.99,-14.93,True
1.04,0.01,1.01,0.1,0.3,0.5,0.5,6.97,-14.75,True
1.04,0.01,1.01,0.1,0.3,0.75,0.25,6.95,-14.59,True
1.04,0.01,1.01,0.1,0.3,1.0,0.0,6.92,-14.44,True
1.04,0.01,1.01,0.2,0.0,0.0,1.0,2.6,-10.94,True
1.04,0.01,1.01,0.2,0.0,0.25,0.75,2.5,-10.03,True
1.04,0.01,1.01,0.2,0.0,0.5,0.5,2.38,-9.11,True
1.04,0.01,1.01,0.2,0.0,0.75,0.25,2.26,-8.18,True
1.04,0.01,1.01,0.2,0.0,1.0,0.0,2.12,-7.24,True
1.04,0.01,1.01,0.2,0.1,0.0,1.0,4.71,-12.49,True
1.04,0.01,1.01,0.2,0.1,0.25,0.75,4.65,-11.98,True
1.04,0.01,1.01,0.2,0.1,0.5,0.5,4.58,-11.49,True
1.04,0.01,1.01,0.2,0.1,0.75,0.25,4.51,-11.02,True
1.04,0.01,1.01,0.2,0.1,1.0,0.0,4.43,-10.57,True
1.04,0.01,1.01,0.2,0.2,0.0,1.0,6.29,-14.63,True
1.04,0.01,1.01,0.2,0.2,0.25,0.75,6.24,-14.23,True
1.04,0.01,1.01,0.2,0.2,0.5,0.5,6.18,-13.85,True
1.04,0.01,1.01,0.2,0.2,0.75,0.25,6.13,-13.49,True
1.04,0.01,1.01,0.2,0.2,1.0,0.0,6.06,-13.15,True
1.04,0.01,1.01,0.2,0.3,0.0,1.0,7.52,-15.83,True
1.04,0.01,1.01,0.2,0.3,0.25,0.75,7.47,-15.52,True
1.04,0.01,1.01,0.2,0.3,0.5,0.5,7.41,-15.23,True
1.04,0.01,1.01,0.2,0.3,0.75,0.25,7.35,-14.97,True
1.04,0.01,1.01,0.2,0.3,1.0,0.0,7.27,-14.7,True
1.04,0.01,1.01,0.3,0.0,0.0,1.0,3.04,-15.45,True
1.04,0.01,1.01,0.3,0.0,0.25,0.75,2.93,-14.2,True
1.04,0.01,1.01,0.3,0.0,0.5,0.5,2.8,-12.92,True
1.04,0.01,1.01,0.3,0.0,0.75,0.25,2.65,-11.63,True
1.04,0.01,1.01,0.3,0.0,1.0,0.0,2.49,-10.31,True
1.04,0.01,1.01,0.3,0.1,0.0,1.0,5.37,-14.82,True
1.04,0.01,1.01,0.3,0.1,0.25,0.75,5.27,-13.79,True
1.04,0.01,1.01,0.3,0.1,0.5,0.5,5.16,-12.75,True
1.04,0.01,1.01,0.3,0.1,0.75,0.25,5.04,-11.72,True
1.04,0.01,1.01,0.3,0.1,1.0,0.0,4.92,-11.14,True
1.04,0.01,1.01,0.3,0.2,0.0,1.0,6.79,-15.61,True
1.04,0.01,1.01,0.3,0.2,0.25,0.75,6.7,-14.74,True
1.04,0.01,1.01,0.3,0.2,0.5,0.5,6.59,-14.23,True
1.04,0.01,1.01,0.3,0.2,0.75,0.25,6.48,-13.76,True
1.04,0.01,1.01,0.3,0.2,1.0,0.0,6.37,-13.33,True
1.04,0.01,1.01,0.3,0.3,0.0,1.0,7.72,-16.05,True
1.04,0.01,1.01,0.3,0.3,0.25,0.75,7.65,-15.66,True
1.04,0.01,1.01,0.3,0.3,0.5,0.5,7.57,-15.31,True
1.04,0.01,1.01,0.3,0.3,0.75,0.25,7.49,-14.98,True
1.04,0.01,1.01,0.3,0.3,1.0,0.0,7.4,-14.7,True
1.04,0.01,1.01,0.4,0.0,0.0,1.0,3.67,-18.23,True
1.04,0.01,1.01,0.4,0.0,0.25,0.75,3.52,-16.86,True
1.04,0.01,1.01,0.4,0.0,0.5,0.5,3.35,-15.47,True
1.04,0.01,1.01,0.4,0.0,0.75,0.25,3.16,-14.06,True
1.04,0.01,1.01,0.4,0.0,1.0,0.0,2.96,-12.64,True
1.04,0.01,1.01,0.4,0.1,0.0,1.0,5.71,-19.18,True
1.04,0.01,1.01,0.4,0.1,0.25,0.75,5.58,-17.83,True
1.04,0.01,1.01,0.4,0.1,0.5,0.5,5.44,-16.47,True
1.04,0.01,1.01,0.4,0.1,0.75,0.25,5.29,-15.1,True
1.04,0.01,1.01,0.4,0.1,1.0,0.0,5.13,-13.71,True
1.04,0.01,1.01,0.4,0.2,0.0,1.0,6.89,-18.33,True
1.04,0.01,1.01,0.4,0.2,0.25,0.75,6.79,-16.98,True
1.04,0.01,1.01,0.4,0.2,0.5,0.5,6.69,-15.64,True
1.04,0.01,1.01,0.4,0.2,0.75,0.25,6.58,-14.31,True
1.04,0.01,1.01,0.4,0.2,1.0,0.0,6.46,-13.39,True
1.04,0.01,1.01,0.4,0.3,0.0,1.0,7.83,-17.13,True
1.04,0.01,1.01,0.4,0.3,0.25,0.75,7.75,-15.91,True
1.04,0.01,1.01,0.4,0.3,0.5,0.5,7.66,-15.37,True
1.04,0.01,1.01,0.4,0.3,0.75,0.25,7.56,-15.04,True
1.04,0.01,1.01,0.4,0.3,1.0,0.0,7.46,-14.74,True
1.04,0.01,1.02,0.1,0.0,0.0,1.0,1.21,-10.01,True
1.04,0.01,1.02,0.1,0.0,0.25,0.75,1.15,-9.15,True
1.04,0.01,1.02,0.1,0.0,0.5,0.5,1.09,-8.29,True
1.04,0.01,1.02,0.1,0.0,0.75,0.25,1.03,-7.43,True
1.04,0.01,1.02,0.1,0.0,1.0,0.0,0.96,-6.56,True
1.04,0.01,1.02,0.1,0.1,0.0,1.0,3.72,-7.99,True
1.04,0.01,1.02,0.1,0.1,0.25,0.75,3.7,-7.95,True
1.04,0.01,1.02,0.1,0.1,0.5,0.5,3.67,-7.92,True
1.04,0.01,1.02,0.1,0.1,0.75,0.25,3.65,-7.89,True
1.04,0.01,1.02,0.1,0.1,1.0,0.0,3.62,-7.88,True
1.04,0.01,1.02,0.1,0.2,0.0,1.0,5.42,-11.81,True
1.04,0.01,1.02,0.1,0.2,0.25,0.75,5.4,-11.76,True
1.04,0.01,1.02,0.1,0.2,0.5,0.5,5.39,-11.71,True
1.04,0.01,1.02,0.1,0.2,0.75,0.25,5.37,-11.67,True
1.04,0.01,1.02,0.1,0.2,1.0,0.0,5.35,-11.65,True
1.04,0.01,1.02,0.1,0.3,0.0,1.0,6.68,-15.95,True
1.04,0.01,1.02,0.1,0.3,0.25,0.75,6.67,-15.82,True
1.04,0.01,1.02,0.1,0.3,0.5,0.5,6.66,-15.7,True
1.04,0.01,1.02,0.1,0.3,0.75,0.25,6.64,-15.57,True
1.04,0.01,1.02,0.1,0.3,1.0,0.0,6.62,-15.45,True
1.04,0.01,1.02,0.2,0.0,0.0,1.0,1.11,-17.44,True
1.04,0.01,1.02,0.2,0.0,0.25,0.75,1.11,-15.96,True
1.04,0.01,1.02,0.2,0.0,0.5,0.5,1.09,-14.48,True
1.04,0.01,1.02,0.2,0.0,0.75,0.25,1.06,-12.99,True
1.04,0.01,1.02,0.2,0.0,1.0,0.0,1.02,-11.49,True
1.04,0.01,1.02,0.2,0.1,0.0,1.0,3.69,-9.55,True
1.04,0.01,1.02,0.2,0.1,0.25,0.75,3.7,-9.37,True
1.04,0.01,1.02,0.2,0.1,0.5,0.5,3.71,-9.21,True
1.04,0.01,1.02,0.2,0.1,0.75,0.25,3.7,-9.06,True
1.04,0.01,1.02,0.2,0.1,1.0,0.0,3.7,-8.91,True
1.04,0.01,1.02,0.2,0.2,0.0,1.0,5.55,-13.04,True
1.04,0.01,1.02,0.2,0.2,0.25,0.75,5.54,-12.9,True
1.04,0.01,1.02,0.2,0.2,0.5,0.5,5.53,-12.76,True
1.04,0.01,1.02,0.2,0.2,0.75,0.25,5.52,-12.63,True
1.04,0.01,1.02,0.2,0.2,1.0,0.0,5.5,-12.51,True
1.04,0.01,1.02,0.2,0.3,0.0,1.0,6.83,-16.59,True
1.04,0.01,1.02,0.2,0.3,0.25,0.75,6.82,-16.44,True
1.04,0.01,1.02,0.2,0.3,0.5,0.5,6.81,-16.3,True
1.04,0.01,1.02,0.2,0.3,0.75,0.25,6.8,-16.16,True
1.04,0.01,1.02,0.2,0.3,1.0,0.0,6.78,-16.02,True
1.04,0.01,1.02,0.3,0.0,0.0,1.0,0.73,-20.42,True
1.04,0.01,1.02,0.3,0.0,0.25,0.75,0.78,-18.67,True
1.04,0.01,1.02,0.3,0.0,0.5,0.5,0.82,-16.91,True
1.04,0.01,1.02,0.3,0.0,0.75,0.25,0.84,-15.14,True
1.04,0.01,1.02,0.3,0.0,1.0,0.0,0.84,-13.37,True
1.04,0.01,1.02,0.3,0.1,0.0,1.0,3.9,-13.42,True
1.04,0.01,1.02,0.3,0.1,0.25,0.75,3.9,-12.45,True
1.04,0.01,1.02,0.3,0.1,0.5,0.5,3.89,-11.48,True
1.04,0.01,1.02,0.3,0.1,0.75,0.25,3.88,-10.51,True
1.04,0.01,1.02,0.3,0.1,1.0,0.0,3.86,-9.61,True
1.04,0.01,1.02,0.3,0.2,0.0,1.0,5.65,-13.69,True
1.04,0.01,1.02,0.3,0.2,0.25,0.75,5.65,-13.32,True
1.04,0.01,1.02,0.3,0.2,0.5,0.5,5.64,-13.11,True
1.04,0.01,1.02,0.3,0.2,0.75,0.25,5.62,-12.92,True
1.04,0.01,1.02,0.3,0.2,1.0,0.0,5.6,-12.74,True
1.04,0.01,1.02,0.3,0.3,0.0,1.0,6.86,-16.5,True
1.04,0.01,1.02,0.3,0.3,0.25,0.75,6.86,-16.36,True
1.04,0.01,1.02,0.3,0.3,0.5,0.5,6.86,-16.22,True
1.04,0.01,1.02,0.3,0.3,0.75,0.25,6.85,-16.08,True
1.04,0.01,1.02,0.3,0.3,1.0,0.0,6.84,-15.94,True
1.04,0.01,1.02,0.4,0.0,0.0,1.0,0.88,-15.83,True
1.04,0.01,1.02,0.4,0.0,0.25,0.75,0.93,-14.57,True
1.04,0.01,1.02,0.4,0.0,0.5,0.5,0.96,-13.29,True
1.04,0.01,1.02,0.4,0.0,0.75,0.25,0.98,-12.01,True
1.04,0.01,1.02,0.4,0.0,1.0,0.0,0.98,-10.72,True
1.04,0.01,1.02,0.4,0.1,0.0,1.0,3.97,-16.38,True
1.04,0.01,1.02,0.4,0.1,0.25,0.75,3.98,-15.17,True
1.04,0.01,1.02,0.4,0.1,0.5,0.5,3.97,-13.95,True
1.04,0.01,1.02,0.4,0.1,0.75,0.25,3.96,-12.72,True
1.04,0.01,1.02,0.4,0.1,1.0,0.0,3.94,-11.49,True
1.04,0.01,1.02,0.4,0.2,0.0,1.0,5.78,-14.59,True
1.04,0.01,1.02,0.4,0.2,0.25,0.75,5.77,-13.59,True
1.04,0.01,1.02,0.4,0.2,0.5,0.5,5.76,-13.17,True
1.04,0.01,1.02,0.4,0.2,0.75,0.25,5.74,-12.96,True
1.04,0.01,1.02,0.4,0.2,1.0,0.0,5.71,-12.77,True
1.04,0.01,1.02,0.4,0.3,0.0,1.0,6.89,-16.04,True
1.04,0.01,1.02,0.4,0.3,0.25,0.75,6.89,-15.94,True
1.04,0.01,1.02,0.4,0.3,0.5,0.5,6.89,-15.83,True
1.04,0.01,1.02,0.4,0.3,0.75,0.25,6.88,-15.74,True
1.04,0.01,1.02,0.4,0.3,1.0,0.0,6.86,-15.64,True
1.04,0.015,0.95,0.1,0.0,0.0,1.0,7.31,-26.93,True
1.04,0.015,0.95,0.1,0.0,0.25,0.75,6.82,-25.31,True
1.04,0.015,0.95,0.1,0.0,0.5,0.5,6.3,-23.44,True
1.04,0.015,0.95,0.1,0.0,0.75,0.25,5.75,-21.28,True
1.04,0.015,0.95,0.1,0.0,1.0,0.0,5.18,-18.74,True
1.04,0.015,0.95,0.1,0.1,0.0,1.0,8.44,-26.2,True
1.04,0.015,0.95,0.1,0.1,0.25,0.75,8.04,-24.65,True
1.04,0.015,0.95,0.1,0.1,0.5,0.5,7.62,-22.92,True
1.04,0.015,0.95,0.1,0.1,0.75,0.25,7.19,-20.95,True
1.04,0.015,0.95,0.1,0.1,1.0,0.0,6.74,-18.73,True
1.04,0.015,0.95,0.1,0.2,0.0,1.0,9.27,-25.6,True
1.04,0.015,0.95,0.1,0.2,0.25,0.75,8.93,-24.13,True
1.04,0.015,0.95,0.1,0.2,0.5,0.5,8.57,-22.5,True
1.04,0.015,0.95,0.1,0.2,0.75,0.25,8.18,-20.7,True
1.04,0.015,0.95,0.1,0.2,1.0,0.0,7.78,-18.72,True
1.04,0.015,0.95,0.1,0.3,0.0,1.0,9.85,-25.05,True
1.04,0.015,0.95,0.1,0.3,0.25,0.75,9.52,-23.63,True
1.04,0.015,0.95,0.1,0.3,0.5,0.5,9.21,-22.1,True
1.04,0.015,0.95,0.1,0.3,0.75,0.25,8.91,-20.46,True
1.04,0.015,0.95,0.1,0.3,1.0,0.0,8.61,-18.71,True
1.04,0.015,0.95,0.2,0.0,0.0,1.0,10.72,-26.93,True
1.04,0.015,0.95,0.2,0.0,0.25,0.75,10.09,-25.33,True
1.04,0.015,0.95,0.2,0.0,0.5,0.5,9.41,-23.48,True
1.04,0.015,0.95,0.2,0.0,0.75,0.25,8.67,-21.32,True
1.04,0.015,0.95,0.2,0.0,1.0,0.0,7.88,-18.74,True
1.04,0.015,0.95,0.2,0.1,0.0,1.0,11.04,-26.52,True
1.04,0.015,0.95,0.2,0.1,0.25,0.75,10.47,-24.94,True
1.04,0.015,0.95,0.2,0.1,0.5,0.5,9.87,-23.15,True
1.04,0.015,0.95,0.2,0.1,0.75,0.25,9.23,-21.1,True
1.04,0.015,0.95,0.2,0.1,1.0,0.0,8.56,-18.73,True
1.04,0.015,0.95,0.2,0.2,0.0,1.0,11.32,-26.1,True
1.04,0.015,0.95,0.2,0.2,0.25,0.75,10.81,-24.55,True
1.04,0.015,0.95,0.2,0.2,0.5,0.5,10.29,-22.83,True
1.04,0.015,0.95,0.2,0.2,0.75,0.25,9.74,-20.89,True
1.04,0.015,0.95,0.2,0.2,1.0,0.0,9.16,-18.73,True
1.04,0.015,0.95,0.2,0.3,0.0,1.0,11.53,-25.66,True
1.04,0.015,0.95,0.2,0.3,0.25,0.75,11.08,-24.15,True
1.04,0.015,0.95,0.2,0.3,0.5,0.5,10.61,-22.49,True
1.04,0.015,0.95,0.2,0.3,0.75,0.25,10.14,-20.68,True
1.04,0.015,0.95,0.2,0.3,1.0,0.0,9.65,-18.72,True
1.04,0.015,0.95,0.3,0.0,0.0,1.0,12.38,-26.93,True
1.04,0.015,0.95,0.3,0.0,0.25,0.75,11.62,-25.33,True
1.04,0.015,0.95,0.3,0.0,0.5,0.5,10.82,-23.48,True
1.04,0.015,0.95,0.3,0.0,0.75,0.25,9.96,-21.31,True
1.04,0.015,0.95,0.3,0.0,1.0,0.0,9.04,-18.74,True
1.04,0.015,0.95,0.3,0.1,0.0,1.0,12.44,-26.62,True
1.04,0.015,0.95,0.3,0.1,0.25,0.75,11.77,-25.02,True
1.04,0.015,0.95,0.3,0.1,0.5,0.5,11.05,-23.2,True
1.04,0.015,0.95,0.3,0.1,0.75,0.25,10.3,-21.12,True
1.04,0.015,0.95,0.3,0.1,1.0,0.0,9.51,-18.74,True
1.04,0.015,0.95,0.3,0.2,0.0,1.0,12.47,-26.26,True
1.04,0.015,0.95,0.3,0.2,0.25,0.75,11.87,-24.69,True
1.04,0.015,0.95,0.3,0.2,0.5,0.5,11.24,-22.92,True
1.04,0.015,0.95,0.3,0.2,0.75,0.25,10.59,-20.94,True
1.04,0.015,0.95,0.3,0.2,1.0,0.0,9.92,-18.73,True
1.04,0.015,0.95,0.3,0.3,0.0,1.0,12.52,-25.88,True
1.04,0.015,0.95,0.3,0.3,0.25,0.75,11.98,-24.33,True
1.04,0.015,0.95,0.3,0.3,0.5,0.5,11.43,-22.62,True
1.04,0.015,0.95,0.3,0.3,0.75,0.25,10.87,-20.74,True
1.04,0.015,0.95,0.3,0.3,1.0,0.0,10.29,-18.72,True
1.04,0.015,0.95,0.4,0.0,0.0,1.0,13.36,-26.93,True
1.04,0.015,0.95,0.4,0.0,0.25,0.75,12.54,-25.32,True
1.04,0.015,0.95,0.4,0.0,0.5,0.5,11.68,-23.46,True
1.04,0.015,0.95,0.4,0.0,0.75,0.25,10.75,-21.3,True
1.04,0.015,0.95,0.4,0.0,1.0,0.0,9.76,-18.74,True
1.04,0.015,0.95,0.4,0.1,0.0,1.0,13.36,-26.65,True
1.04,0.015,0.95,0.4,0.1,0.25,0.75,12.62,-25.05,True
1.04,0.015,0.95,0.4,0.1,0.5,0.5,11.83,-23.22,True
1.04,0.015,0.95,0.4,0.1,0.75,0.25,11.01,-21.13,True
1.04,0.015,0.95,0.4,0.1,1.0,0.0,10.15,-18.74,True
1.04,0.015,0.95,0.4,0.2,0.0,1.0,13.39,-26.35,True
1.04,0.015,0.95,0.4,0.2,0.25,0.75,12.71,-24.76,True
1.04,0.015,0.95,0.4,0.2,0.5,0.5,12.0,-22.97,True
1.04,0.015,0.95,0.4,0.2,0.75,0.25,11.27,-20.97,True
1.04,0.015,0.95,0.4,0.2,1.0,0.0,10.5,-18.73,True
1.04,0.015,0.95,0.4,0.3,0.0,1.0,13.42,-26.01,True
1.04,0.015,0.95,0.4,0.3,0.25,0.75,12.79,-24.44,True
1.04,0.015,0.95,0.4,0.3,0.5,0.5,12.13,-22.7,True
1.04,0.015,0.95,0.4,0.3,0.75,0.25,11.46,-20.79,True
1.04,0.015,0.95,0.4,0.3,1.0,0.0,10.77,-18.72,True
1.04,0.015,0.97,0.1,0.0,0.0,1.0,4.78,-23.38,True
1.04,0.015,0.97,0.1,0.0,0.25,0.75,4.47,-21.95,True
1.04,0.015,0.97,0.1,0.0,0.5,0.5,4.15,-20.3,True
1.04,0.015,0.97,0.1,0.0,0.75,0.25,3.82,-18.4,True
1.04,0.015,0.97,0.1,0.0,1.0,0.0,3.47,-16.16,True
1.04,0.015,0.97,0.1,0.1,0.0,1.0,6.52,-22.61,True
1.04,0.015,0.97,0.1,0.1,0.25,0.75,6.26,-21.39,True
1.04,0.015,0.97,0.1,0.1,0.5,0.5,5.99,-20.02,True
1.04,0.015,0.97,0.1,0.1,0.75,0.25,5.72,-18.48,True
1.04,0.015,0.97,0.1,0.1,1.0,0.0,5.44,-16.71,True
1.04,0.015,0.97,0.1,0.2,0.0,1.0,7.55,-22.01,True
1.04,0.015,0.97,0.1,0.2,0.25,0.75,7.34,-20.94,True
1.04,0.015,0.97,0.1,0.2,0.5,0.5,7.12,-19.78,True
1.04,0.015,0.97,0.1,0.2,0.75,0.25,6.9,-18.51,True
1.04,0.015,0.97,0.1,0.2,1.0,0.0,6.68,-17.1,True
1.04,0.015,0.97,0.1,0.3,0.0,1.0,8.49,-21.52,True
1.04,0.015,0.97,0.1,0.3,0.25,0.75,8.29,-20.59,True
1.04,0.015,0.97,0.1,0.3,0.5,0.5,8.1,-19.6,True
1.04,0.015,0.97,0.1,0.3,0.75,0.25,7.9,-18.53,True
1.04,0.015,0.97,0.1,0.3,1.0,0.0,7.7,-17.39,True
1.04,0.015,0.97,0.2,0.0,0.0,1.0,7.35,-23.38,True
1.04,0.015,0.97,0.2,0.0,0.25,0.75,6.9,-21.97,True
1.04,0.015,0.97,0.2,0.0,0.5,0.5,6.42,-20.34,True
1.04,0.015,0.97,0.2,0.0,0.75,0.25,5.92,-18.43,True
1.04,0.015,0.97,0.2,0.0,1.0,0.0,5.4,-16.16,True
1.04,0.015,0.97,0.2,0.1,0.0,1.0,8.32,-22.82,True
1.04,0.015,0.97,0.2,0.1,0.25,0.75,7.95,-21.54,True
1.04,0.015,0.97,0.2,0.1,0.5,0.5,7.56,-20.1,True
1.04,0.015,0.97,0.2,0.1,0.75,0.25,7.15,-18.47,True
1.04,0.015,0.97,0.2,0.1,1.0,0.0,6.74,-16.61,True
1.04,0.015,0.97,0.2,0.2,0.0,1.0,9.07,-22.36,True
1.04,0.015,0.97,0.2,0.2,0.25,0.75,8.74,-21.19,True
1.04,0.015,0.97,0.2,0.2,0.5,0.5,8.41,-19.9,True
1.04,0.015,0.97,0.2,0.2,0.75,0.25,8.07,-18.49,True
1.04,0.015,0.97,0.2,0.2,1.0,0.0,7.73,-16.95,True
1.04,0.015,0.97,0.2,0.3,0.0,1.0,9.65,-21.95,True
1.04,0.015,0.97,0.2,0.3,0.25,0.75,9.37,-20.87,True
1.04,0.015,0.97,0.2,0.3,0.5,0.5,9.1,-19.72,True
1.04,0.015,0.97,0.2,0.3,0.75,0.25,8.82,-18.51,True
1.04,0.015,0.97,0.2,0.3,1.0,0.0,8.55,-17.22,True
1.04,0.015,0.97,0.3,0.0,0.0,1.0,8.77,-23.38,True
1.04,0.015,0.97,0.3,0.0,0.25,0.75,8.23,-21.97,True
1.04,0.015,0.97,0.3,0.0,0.5,0.5,7.65,-20.34,True
1.04,0.015,0.97,0.3,0.0,0.75,0.25,7.06,-18.43,True
1.04,0.015,0.97,0.3,0.0,1.0,0.0,6.43,-16.16,True
1.04,0.015,0.97,0.3,0.1,0.0,1.0,9.36,-22.92,True
1.04,0.015,0.97,0.3,0.1,0.25,0.75,8.91,-21.6,True
1.04,0.015,0.97,0.3,0.1,0.5,0.5,8.44,-20.12,True
1.04,0.015,0.97,0.3,0.1,0.75,0.25,7.96,-18.45,True
1.04,0.015,0.97,0.3,0.1,1.0,0.0,7.47,-16.56,True
1.04,0.015,0.97,0.3,0.2,0.0,1.0,9.92,-22.5,True
1.04,0.015,0.97,0.3,0.2,0.25,0.75,9.52,-21.28,True
1.04,0.015,0.97,0.3,0.2,0.5,0.5,9.13,-19.94,True
1.04,0.015,0.97,0.3,0.2,0.75,0.25,8.72,-18.47,True
1.04,0.015,0.97,0.3,0.2,1.0,0.0,8.32,-16.88,True
1.04,0.015,0.97,0.3,0.3,0.0,1.0,10.41,-22.11,True
1.04,0.015,0.97,0.3,0.3,0.25,0.75,10.07,-20.98,True
1.04,0.015,0.97,0.3,0.3,0.5,0.5,9.73,-19.77,True
1.04,0.015,0.97,0.3,0.3,0.75,0.25,9.36,-18.49,True
1.04,0.015,0.97,0.3,0.3,1.0,0.0,8.99,-17.14,True
1.04,0.015,0.97,0.4,0.0,0.0,1.0,9.62,-23.38,True
1.04,0.015,0.97,0.4,0.0,0.25,0.75,9.02,-21.96,True
1.04,0.015,0.97,0.4,0.0,0.5,0.5,8.39,-20.32,True
1.04,0.015,0.97,0.4,0.0,0.75,0.25,7.74,-18.42,True
1.04,0.015,0.97,0.4,0.0,1.0,0.0,7.06,-16.16,True
1.04,0.015,0.97,0.4,0.1,0.0,1.0,10.18,-22.97,True
1.04,0.015,0.97,0.4,0.1,0.25,0.75,9.66,-21.63,True
1.04,0.015,0.97,0.4,0.1,0.5,0.5,9.13,-20.13,True
1.04,0.015,0.97,0.4,0.1,0.75,0.25,8.58,-18.44,True
1.04,0.015,0.97,0.4,0.1,1.0,0.0,8.02,-16.53,True
1.04,0.015,0.97,0.4,0.2,0.0,1.0,10.6,-22.59,True
1.04,0.015,0.97,0.4,0.2,0.25,0.75,10.13,-21.33,True
1.04,0.015,0.97,0.4,0.2,0.5,0.5,9.66,-19.96,True
1.04,0.015,0.97,0.4,0.2,0.75,0.25,9.18,-18.46,True
1.04,0.015,0.97,0.4,0.2,1.0,0.0,8.7,-16.83,True
1.04,0.015,0.97,0.4,0.3,0.0,1.0,10.94,-22.22,True
1.04,0.015,0.97,0.4,0.3,0.25,0.75,10.52,-21.06,True
1.04,0.015,0.97,0.4,0.3,0.5,0.5,10.1,-19.81,True
1.04,0.015,0.97,0.4,0.3,0.75,0.25,9.69,-18.48,True
1.04,0.015,0.97,0.4,0.3,1.0,0.0,9.28,-17.09,True
1.04,0.015,0.99,0.1,0.0,0.0,1.0,4.35,-18.59,True
1.04,0.015,0.99,0.1,0.0,0.25,0.75,4.06,-17.41,True
1.04,0.015,0.99,0.1,0.0,0.5,0.5,3.75,-16.07,True
1.04,0.015,0.99,0.1,0.0,0.75,0.25,3.43,-14.51,True
1.04,0.015,0.99,0.1,0.0,1.0,0.0,3.09,-12.68,True
1.04,0.015,0.99,0.1,0.1,0.0,1.0,6.02,-18.6,True
1.04,0.015,0.99,0.1,0.1,0.25,0.75,5.79,-17.67,True
1.04,0.015,0.99,0.1,0.1,0.5,0.5,5.55,-16.63,True
1.04,0.015,0.99,0.1,0.1,0.75,0.25,5.3,-15.46,True
1.04,0.015,0.99,0.1,0.1,1.0,0.0,5.04,-14.11,True
1.04,0.015,0.99,0.1,0.2,0.0,1.0,7.09,-18.61,True
1.04,0.015,0.99,0.1,0.2,0.25,0.75,6.91,-17.86,True
1.04,0.015,0.99,0.1,0.2,0.5,0.5,6.73,-17.05,True
1.04,0.015,0.99,0.1,0.2,0.75,0.25,6.54,-16.15,True
1.04,0.015,0.99,0.1,0.2,1.0,0.0,6.35,-15.15,True
1.04,0.015,0.99,0.1,0.3,0.0,1.0,8.03,-18.61,True
1.04,0.015,0.99,0.1,0.3,0.25,0.75,7.9,-18.01,True
1.04,0.015,0.99,0.1,0.3,0.5,0.5,7.74,-17.36,True
1.04,0.015,0.99,0.1,0.3,0.75,0.25,7.58,-16.67,True
1.04,0.015,0.99,0.1,0.3,1.0,0.0,7.41,-15.91,True
1.04,0.015,0.99,0.2,0.0,0.0,1.0,6.0,-24.76,True
1.04,0.015,0.99,0.2,0.0,0.25,0.75,5.62,-22.96,True
1.04,0.015,0.99,0.2,0.0,0.5,0.5,5.23,-21.09,True
1.04,0.015,0.99,0.2,0.0,0.75,0.25,4.81,-19.15,True
1.04,0.015,0.99,0.2,0.0,1.0,0.0,4.37,-17.13,True
1.04,0.015,0.99,0.2,0.1,0.0,1.0,7.19,-22.7,True
1.04,0.015,0.99,0.2,0.1,0.25,0.75,6.89,-20.9,True
1.04,0.015,0.99,0.2,0.1,0.5,0.5,6.58,-19.03,True
1.04,0.015,0.99,0.2,0.1,0.75,0.25,6.27,-17.09,True
1.04,0.015,0.99,0.2,0.1,1.0,0.0,5.95,-15.08,True
1.04,0.015,0.99,0.2,0.2,0.0,1.0,7.95,-20.65,True
1.04,0.015,0.99,0.2,0.2,0.25,0.75,7.73,-18.84,True
1.04,0.015,0.99,0.2,0.2,0.5,0.5,7.51,-16.98,True
1.04,0.015,0.99,0.2,0.2,0.75,0.25,7.29,-15.99,True
1.04,0.015,0.99,0.2,0.2,1.0,0.0,7.06,-14.96,True
1.04,0.015,0.99,0.2,0.3,0.0,1.0,8.77,-18.61,True
1.04,0.015,0.99,0.2,0.3,0.25,0.75,8.59,-17.93,True
1.04,0.015,0.99,0.2,0.3,0.5,0.5,8.41,-17.22,True
1.04,0.015,0.99,0.2,0.3,0.75,0.25,8.23,-16.46,True
1.04,0.015,0.99,0.2,0.3,1.0,0.0,8.04,-15.67,True
1.04,0.015,0.99,0.3,0.0,0.0,1.0,6.88,-27.14,True
1.04,0.015,0.99,0.3,0.0,0.25,0.75,6.46,-25.16,True
1.04,0.015,0.99,0.3,0.0,0.5,0.5,6.02,-23.1,True
1.04,0.015,0.99,0.3,0.0,0.75,0.25,5.56,-20.97,True
1.04,0.015,0.99,0.3,0.0,1.0,0.0,5.07,-18.76,True
1.04,0.015,0.99,0.3,0.1,0.0,1.0,7.89,-24.01,True
1.04,0.015,0.99,0.3,0.1,0.25,0.75,7.56,-22.06,True
1.04,0.015,0.99,0.3,0.1,0.5,0.5,7.22,-20.06,True
1.04,0.015,0.99,0.3,0.1,0.75,0.25,6.87,-17.98,True
1.04,0.015,0.99,0.3,0.1,1.0,0.0,6.5,-15.84,True
1.04,0.015,0.99,0.3,0.2,0.0,1.0,8.77,-20.46,True
1.04,0.015,0.99,0.3,0.2,0.25,0.75,8.49,-18.58,True
1.04,0.015,0.99,0.3,0.2,0.5,0.5,8.21,-16.84,True
1.04,0.015,0.99,0.3,0.2,0.75,0.25,7.92,-15.85,True
1.04,0.015,0.99,0.3,0.2,1.0,0.0,7.62,-14.78,True
1.04,0.015,0.99,0.3,0.3,0.0,1.0,9.45,-18.61,True
1.04,0.015,0.99,0.3,0.3,0.25,0.75,9.17,-17.89,True
1.04,0.015,0.99,0.3,0.3,0.5,0.5,8.89,-17.13,True
1.04,0.015,0.99,0.3,0.3,0.75,0.25,8.62,-16.33,True
1.04,0.015,0.99,0.3,0.3,1.0,0.0,8.35,-15.5,True
1.04,0.015,0.99,0.4,0.0,0.0,1.0,7.75,-26.26,True
1.04,0.015,0.99,0.4,0.0,0.25,0.75,7.28,-24.33,True
1.04,0.015,0.99,0.4,0.0,0.5,0.5,6.78,-22.32,True
1.04,0.015,0.99,0.4,0.0,0.75,0.25,6.26,-20.24,True
1.04,0.015,0.99,0.4,0.0,1.0,0.0,5.71,-18.07,True
1.04,0.015,0.99,0.4,0.1,0.0,1.0,8.72,-22.84,True
1.04,0.015,0.99,0.4,0.1,0.25,0.75,8.33,-20.96,True
1.04,0.015,0.99,0.4,0.1,0.5,0.5,7.92,-19.02,True
1.04,0.015,0.99,0.4,0.1,0.75,0.25,7.5,-17.02,True
1.04,0.015,0.99,0.4,0.1,1.0,0.0,7.05,-14.95,True
1.04,0.015,0.99,0.4,0.2,0.0,1.0,9.23,-19.25,True
1.04,0.015,0.99,0.4,0.2,0.25,0.75,8.88,-17.74,True
1.04,0.015,0.99,0.4,0.2,0.5,0.5,8.53,-16.8,True
1.04,0.015,0.99,0.4,0.2,0.75,0.25,8.17,-15.79,True
1.04,0.015,0.99,0.4,0.2,1.0,0.0,7.82,-14.7,True
1.04,0.015,0.99,0.4,0.3,0.0,1.0,9.64,-18.61,True
1.04,0.015,0.99,0.4,0.3,0.25,0.75,9.35,-17.87,True
1.04,0.015,0.99,0.4,0.3,0.5,0.5,9.06,-17.09,True
1.04,0.015,0.99,0.4,0.3,0.75,0.25,8.77,-16.28,True
1.04,0.015,0.99,0.4,0.3,1.0,0.0,8.48,-15.44,True
1.04,0.015,1.0,0.1,0.0,0.0,1.0,1.4,-12.77,True
1.04,0.015,1.0,0.1,0.0,0.25,0.75,1.32,-11.72,True
1.04,0.015,1.0,0.1,0.0,0.5,0.5,1.23,-10.65,True
1.04,0.015,1.0,0.1,0.0,0.75,0.25,1.14,-9.56,True
1.04,0.015,1.0,0.1,0.0,1.0,0.0,1.06,-8.44,True
1.04,0.015,1.0,0.1,0.1,0.0,1.0,4.09,-11.45,True
1.04,0.015,1.0,0.1,0.1,0.25,0.75,4.01,-11.01,True
1.04,0.015,1.0,0.1,0.1,0.5,0.5,3.94,-10.68,True
1.04,0.015,1.0,0.1,0.1,0.75,0.25,3.86,-10.35,True
1.04,0.015,1.0,0.1,0.1,1.0,0.0,3.78,-10.02,True
1.04,0.015,1.0,0.1,0.2,0.0,1.0,5.88,-14.54,True
1.04,0.015,1.0,0.1,0.2,0.25,0.75,5.81,-14.25,True
1.04,0.015,1.0,0.1,0.2,0.5,0.5,5.73,-13.96,True
1.04,0.015,1.0,0.1,0.2,0.75,0.25,5.65,-13.67,True
1.04,0.015,1.0,0.1,0.2,1.0,0.0,5.57,-13.38,True
1.04,0.015,1.0,0.1,0.3,0.0,1.0,7.17,-16.36,True
1.04,0.015,1.0,0.1,0.3,0.25,0.75,7.12,-16.12,True
1.04,0.015,1.0,0.1,0.3,0.5,0.5,7.05,-15.85,True
1.04,0.015,1.0,0.1,0.3,0.75,0.25,6.97,-15.58,True
1.04,0.015,1.0,0.1,0.3,1.0,0.0,6.89,-15.31,True
1.04,0.015,1.0,0.2,0.0,0.0,1.0,2.83,-18.84,True
1.04,0.015,1.0,0.2,0.0,0.25,0.75,2.68,-17.42,True
1.04,0.015,1.0,0.2,0.0,0.5,0.5,2.51,-15.95,True
1.04,0.015,1.0,0.2,0.0,0.75,0.25,2.35,-14.43,True
1.04,0.015,1.0,0.2,0.0,1.0,0.0,2.17,-12.84,True
1.04,0.015,1.0,0.2,0.1,0.0,1.0,5.17,-16.95,True
1.04,0.015,1.0,0.2,0.1,0.25,0.75,5.05,-15.52,True
1.04,0.015,1.0,0.2,0.1,0.5,0.5,4.93,-14.04,True
1.04,0.015,1.0,0.2,0.1,0.75,0.25,4.81,-12.55,True
1.04,0.015,1.0,0.2,0.1,1.0,0.0,4.68,-11.99,True
1.04,0.015,1.0,0.2,0.2,0.0,1.0,6.65,-16.41,True
1.04,0.015,1.0,0.2,0.2,0.25,0.75,6.56,-15.88,True
1.04,0.015,1.0,0.2,0.2,0.5,0.5,6.46,-15.36,True
1.04,0.015,1.0,0.2,0.2,0.75,0.25,6.36,-14.87,True
1.04,0.015,1.0,0.2,0.2,1.0,0.0,6.26,-14.39,True
1.04,0.015,1.0,0.2,0.3,0.0,1.0,7.8,-17.28,True
1.04,0.015,1.0,0.2,0.3,0.25,0.75,7.7,-16.85,True
1.04,0.015,1.0,0.2,0.3,0.5,0.5,7.61,-16.44,True
1.04,0.015,1.0,0.2,0.3,0.75,0.25,7.51,-16.0,True
1.04,0.015,1.0,0.2,0.3,1.0,0.0,7.4,-15.6,True
1.04,0.015,1.0,0.3,0.0,0.0,1.0,3.93,-20.25,True
1.04,0.015,1.0,0.3,0.0,0.25,0.75,3.71,-18.71,True
1.04,0.015,1.0,0.3,0.0,0.5,0.5,3.49,-17.12,True
1.04,0.015,1.0,0.3,0.0,0.75,0.25,3.26,-15.47,True
1.04,0.015,1.0,0.3,0.0,1.0,0.0,3.01,-13.76,True
1.04,0.015,1.0,0.3,0.1,0.0,1.0,5.97,-17.61,True
1.04,0.015,1.0,0.3,0.1,0.25,0.75,5.8,-16.09,True
1.04,0.015,1.0,0.3,0.1,0.5,0.5,5.63,-14.52,True
1.04,0.015,1.0,0.3,0.1,0.75,0.25,5.46,-13.44,True
1.04,0.015,1.0,0.3,0.1,1.0,0.0,5.27,-12.68,True
1.04,0.015,1.0,0.3,0.2,0.0,1.0,7.27,-16.93,True
1.04,0.015,1.0,0.3,0.2,0.25,0.75,7.11,-16.26,True
1.04,0.015,1.0,0.3,0.2,0.5,0.5,6.95,-15.61,True
1.04,0.015,1.0,0.3,0.2,0.75,0.25,6.79,-15.0,True
1.04,0.015,1.0,0.3,0.2,1.0,0.0,6.63,-14.41,True
1.04,0.015,1.0,0.3,0.3,0.0,1.0,8.06,-17.3,True
1.04,0.015,1.0,0.3,0.3,0.25,0.75,7.93,-16.79,True
1.04,0.015,1.0,0.3,0.3,0.5,0.5,7.81,-16.31,True
1.04,0.015,1.0,0.3,0.3,0.75,0.25,7.68,-15.87,True
1.04,0.015,1.0,0.3,0.3,1.0,0.0,7.56,-15.46,True
1.04,0.015,1.0,0.4,0.0,0.0,1.0,4.89,-19.38,True
1.04,0.015,1.0,0.4,0.0,0.25,0.75,4.61,-17.71,True
1.04,0.015,1.0,0.4,0.0,0.5,0.5,4.32,-16.02,True
1.04,0.015,1.0,0.4,0.0,0.75,0.25,4.03,-14.42,True
1.04,0.015,1.0,0.4,0.0,1.0,0.0,3.72,-12.79,True
1.04,0.015,1.0,0.4,0.1,0.0,1.0,6.61,-16.41,True
1.04,0.015,1.0,0.4,0.1,0.25,0.75,6.38,-15.5,True
1.04,0.015,1.0,0.4,0.1,0.5,0.5,6.14,-14.61,True
1.04,0.015,1.0,0.4,0.1,0.75,0.25,5.9,-13.73,True
1.04,0.015,1.0,0.4,0.1,1.0,0.0,5.66,-12.88,True
1.04,0.015,1.0,0.4,0.2,0.0,1.0,7.45,-16.9,True
1.04,0.015,1.0,0.4,0.2,0.25,0.75,7.27,-16.22,True
1.04,0.015,1.0,0.4,0.2,0.5,0.5,7.1,-15.56,True
1.04,0.015,1.0,0.4,0.2,0.75,0.25,6.92,-14.94,True
1.04,0.015,1.0,0.4,0.2,1.0,0.0,6.74,-14.35,True
1.04,0.015,1.0,0.4,0.3,0.0,1.0,8.17,-17.29,True
1.04,0.015,1.0,0.4,0.3,0.25,0.75,8.04,-16.77,True
1.04,0.015,1.0,0.4,0.3,0.5,0.5,7.89,-16.28,True
1.04,0.015,1.0,0.4,0.3,0.75,0.25,7.75,-15.83,True
1.04,0.015,1.0,0.4,0.3,1.0,0.0,7.62,-15.42,True
1.04,0.015,1.01,0.1,0.0,0.0,1.0,1.08,-11.16,True
1.04,0.015,1.01,0.1,0.0,0.25,0.75,1.01,-10.25,True
1.04,0.015,1.01,0.1,0.0,0.5,0.5,0.94,-9.31,True
1.04,0.015,1.01,0.1,0.0,0.75,0.25,0.86,-8.36,True
1.04,0.015,1.01,0.1,0.0,1.0,0.0,0.78,-7.39,True
1.04,0.015,1.01,0.1,0.1,0.0,1.0,3.85,-9.87,True
1.04,0.015,1.01,0.1,0.1,0.25,0.75,3.78,-8.95,True
1.04,0.015,1.01,0.1,0.1,0.5,0.5,3.71,-8.0,True
1.04,0.015,1.01,0.1,0.1,0.75,0.25,3.64,-7.67,True
1.04,0.015,1.01,0.1,0.1,1.0,0.0,3.56,-7.65,True
1.04,0.015,1.01,0.1,0.2,0.0,1.0,5.64,-11.11,True
1.04,0.015,1.01,0.1,0.2,0.25,0.75,5.59,-11.14,True
1.04,0.015,1.01,0.1,0.2,0.5,0.5,5.52,-11.14,True
1.04,0.015,1.01,0.1,0.2,0.75,0.25,5.44,-11.14,True
1.04,0.015,1.01,0.1,0.2,1.0,0.0,5.37,-11.15,True
1.04,0.015,1.01,0.1,0.3,0.0,1.0,6.88,-13.3,True
1.04,0.015,1.01,0.1,0.3,0.25,0.75,6.85,-13.44,True
1.04,0.015,1.01,0.1,0.3,0.5,0.5,6.83,-13.59,True
1.04,0.015,1.01,0.1,0.3,0.75,0.25,6.76,-13.59,True
1.04,0.015,1.01,0.1,0.3,1.0,0.0,6.69,-13.59,True
1.04,0.015,1.01,0.2,0.0,0.0,1.0,2.08,-17.09,True
1.04,0.015,1.01,0.2,0.0,0.25,0.75,1.96,-15.8,True
1.04,0.015,1.01,0.2,0.0,0.5,0.5,1.83,-14.47,True
1.04,0.015,1.01,0.2,0.0,0.75,0.25,1.69,-13.09,True
1.04,0.015,1.01,0.2,0.0,1.0,0.0,1.55,-11.66,True
1.04,0.015,1.01,0.2,0.1,0.0,1.0,4.49,-15.42,True
1.04,0.015,1.01,0.2,0.1,0.25,0.75,4.41,-14.11,True
1.04,0.015,1.01,0.2,0.1,0.5,0.5,4.33,-12.76,True
1.04,0.015,1.01,0.2,0.1,0.75,0.25,4.25,-11.36,True
1.04,0.015,1.01,0.2,0.1,1.0,0.0,4.16,-9.91,True
1.04,0.015,1.01,0.2,0.2,0.0,1.0,5.96,-13.75,True
1.04,0.015,1.01,0.2,0.2,0.25,0.75,5.91,-12.42,True
1.04,0.015,1.01,0.2,0.2,0.5,0.5,5.86,-11.21,True
1.04,0.015,1.01,0.2,0.2,0.75,0.25,5.8,-11.25,True
1.04,0.015,1.01,0.2,0.2,1.0,0.0,5.74,-11.3,True
1.04,0.015,1.01,0.2,0.3,0.0,1.0,7.08,-13.66,True
1.04,0.015,1.01,0.2,0.3,0.25,0.75,7.04,-13.65,True
1.04,0.015,1.01,0.2,0.3,0.5,0.5,7.01,-13.65,True
1.04,0.015,1.01,0.2,0.3,0.75,0.25,6.97,-13.66,True
1.04,0.015,1.01,0.2,0.3,1.0,0.0,6.93,-13.68,True
1.04,0.015,1.01,0.3,0.0,0.0,1.0,2.67,-18.53,True
1.04,0.015,1.01,0.3,0.0,0.25,0.75,2.53,-17.12,True
1.04,0.015,1.01,0.3,0.0,0.5,0.5,2.38,-15.66,True
1.04,0.015,1.01,0.3,0.0,0.75,0.25,2.21,-14.15,True
1.04,0.015,1.01,0.3,0.0,1.0,0.0,2.04,-12.59,True
1.04,0.015,1.01,0.3,0.1,0.0,1.0,4.73,-16.16,True
1.04,0.015,1.01,0.3,0.1,0.25,0.75,4.65,-14.74,True
1.04,0.015,1.01,0.3,0.1,0.5,0.5,4.56,-13.28,True
1.04,0.015,1.01,0.3,0.1,0.75,0.25,4.46,-11.79,True
1.04,0.015,1.01,0.3,0.1,1.0,0.0,4.36,-10.25,True
1.04,0.015,1.01,0.3,0.2,0.0,1.0,6.13,-13.46,True
1.04,0.015,1.01,0.3,0.2,0.25,0.75,6.08,-12.06,True
1.04,0.015,1.01,0.3,0.2,0.5,0.5,6.02,-11.66,True
1.04,0.015,1.01,0.3,0.2,0.75,0.25,5.96,-11.63,True
1.04,0.015,1.01,0.3,0.2,1.0,0.0,5.89,-11.63,True
1.04,0.015,1.01,0.3,0.3,0.0,1.0,7.21,-14.32,True
1.04,0.015,1.01,0.3,0.3,0.25,0.75,7.17,-14.24,True
1.04,0.015,1.01,0.3,0.3,0.5,0.5,7.13,-14.18,True
1.04,0.015,1.01,0.3,0.3,0.75,0.25,7.08,-14.12,True
1.04,0.015,1.01,0.3,0.3,1.0,0.0,7.03,-14.08,True
1.04,0.015,1.01,0.4,0.0,0.0,1.0,2.95,-19.38,True
1.04,0.015,1.01,0.4,0.0,0.25,0.75,2.8,-17.71,True
1.04,0.015,1.01,0.4,0.0,0.5,0.5,2.64,-16.02,True
1.04,0.015,1.01,0.4,0.0,0.75,0.25,2.46,-14.32,True
1.04,0.015,1.01,0.4,0.0,1.0,0.0,2.28,-12.6,True
1.04,0.015,1.01,0.4,0.1,0.0,1.0,4.91,-14.63,True
1.04,0.015,1.01,0.4,0.1,0.25,0.75,4.82,-13.3,True
1.04,0.015,1.01,0.4,0.1,0.5,0.5,4.73,-11.94,True
1.04,0.015,1.01,0.4,0.1,0.75,0.25,4.62,-10.54,True
1.04,0.015,1.01,0.4,0.1,1.0,0.0,4.52,-9.11,True
1.04,0.015,1.01,0.4,0.2,0.0,1.0,6.28,-12.41,True
1.04,0.015,1.01,0.4,0.2,0.25,0.75,6.22,-12.3,True
1.04,0.015,1.01,0.4,0.2,0.5,0.5,6.15,-12.2,True
1.04,0.015,1.01,0.4,0.2,0.75,0.25,6.08,-12.12,True
1.04,0.015,1.01,0.4,0.2,1.0,0.0,6.01,-12.05,True
1.04,0.015,1.01,0.4,0.3,0.0,1.0,7.25,-14.7,True
1.04,0.015,1.01,0.4,0.3,0.25,0.75,7.21,-14.54,True
1.04,0.015,1.01,0.4,0.3,0.5,0.5,7.16,-14.4,True
1.04,0.015,1.01,0.4,0.3,0.75,0.25,7.11,-14.28,True
1.04,0.015,1.01,0.4,0.3,1.0,0.0,7.05,-14.17,True
1.04,0.015,1.02,0.1,0.0,0.0,1.0,0.61,-11.16,True
1.04,0.015,1.02,0.1,0.0,0.25,0.75,0.57,-10.25,True
1.04,0.015,1.02,0.1,0.0,0.5,0.5,0.53,-9.31,True
1.04,0.015,1.02,0.1,0.0,0.75,0.25,0.49,-8.36,True
1.04,0.015,1.02,0.1,0.0,1.0,0.0,0.44,-7.39,True
1.04,0.015,1.02,0.1,0.1,0.0,1.0,3.56,-9.73,True
1.04,0.015,1.02,0.1,0.1,0.25,0.75,3.52,-8.8,True
1.04,0.015,1.02,0.1,0.1,0.5,0.5,3.49,-8.12,True
1.04,0.015,1.02,0.1,0.1,0.75,0.25,3.45,-8.11,True
1.04,0.015,1.02,0.1,0.1,1.0,0.0,3.42,-8.1,True
1.04,0.015,1.02,0.1,0.2,0.0,1.0,5.35,-11.71,True
1.04,0.015,1.02,0.1,0.2,0.25,0.75,5.32,-11.69,True
1.04,0.015,1.02,0.1,0.2,0.5,0.5,5.29,-11.68,True
1.04,0.015,1.02,0.1,0.2,0.75,0.25,5.26,-11.68,True
1.04,0.015,1.02,0.1,0.2,1.0,0.0,5.23,-11.67,True
1.04,0.015,1.02,0.1,0.3,0.0,1.0,6.6,-14.64,True
1.04,0.015,1.02,0.1,0.3,0.25,0.75,6.58,-14.63,True
1.04,0.015,1.02,0.1,0.3,0.5,0.5,6.56,-14.63,True
1.04,0.015,1.02,0.1,0.3,0.75,0.25,6.54,-14.62,True
1.04,0.015,1.02,0.1,0.3,1.0,0.0,6.52,-14.61,True
1.04,0.015,1.02,0.2,0.0,0.0,1.0,1.11,-17.09,True
1.04,0.015,1.02,0.2,0.0,0.25,0.75,1.05,-15.8,True
1.04,0.015,1.02,0.2,0.0,0.5,0.5,0.99,-14.47,True
1.04,0.015,1.02,0.2,0.0,0.75,0.25,0.92,-13.09,True
1.04,0.015,1.02,0.2,0.0,1.0,0.0,0.84,-11.66,True
1.04,0.015,1.02,0.2,0.1,0.0,1.0,3.8,-14.94,True
1.04,0.015,1.02,0.2,0.1,0.25,0.75,3.77,-13.67,True
1.04,0.015,1.02,0.2,0.1,0.5,0.5,3.73,-12.37,True
1.04,0.015,1.02,0.2,0.1,0.75,0.25,3.69,-11.02,True
1.04,0.015,1.02,0.2,0.1,1.0,0.0,3.65,-9.63,True
1.04,0.015,1.02,0.2,0.2,0.0,1.0,5.45,-12.94,True
1.04,0.015,1.02,0.2,0.2,0.25,0.75,5.43,-12.78,True
1.04,0.015,1.02,0.2,0.2,0.5,0.5,5.41,-12.64,True
1.04,0.015,1.02,0.2,0.2,0.75,0.25,5.39,-12.51,True
1.04,0.015,1.02,0.2,0.2,1.0,0.0,5.36,-12.39,True
1.04,0.015,1.02,0.2,0.3,0.0,1.0,6.72,-15.23,True
1.04,0.015,1.02,0.2,0.3,0.25,0.75,6.71,-15.09,True
1.04,0.015,1.02,0.2,0.3,0.5,0.5,6.7,-14.95,True
1.04,0.015,1.02,0.2,0.3,0.75,0.25,6.67,-14.81,True
1.04,0.015,1.02,0.2,0.3,1.0,0.0,6.65,-14.68,True
1.04,0.015,1.02,0.3,0.0,0.0,1.0,1.35,-24.48,True
1.04,0.015,1.02,0.3,0.0,0.25,0.75,1.29,-22.59,True
1.04,0.015,1.02,0.3,0.0,0.5,0.5,1.23,-20.67,True
1.04,0.015,1.02,0.3,0.0,0.75,0.25,1.15,-18.72,True
1.04,0.015,1.02,0.3,0.0,1.0,0.0,1.07,-16.73,True
1.04,0.015,1.02,0.3,0.1,0.0,1.0,3.95,-15.97,True
1.04,0.015,1.02,0.3,0.1,0.25,0.75,3.93,-14.26,True
1.04,0.015,1.02,0.3,0.1,0.5,0.5,3.9,-12.59,True
1.04,0.015,1.02,0.3,0.1,0.75,0.25,3.86,-11.16,True
1.04,0.015,1.02,0.3,0.1,1.0,0.0,3.82,-9.7,True
1.04,0.015,1.02,0.3,0.2,0.0,1.0,5.58,-13.54,True
1.04,0.015,1.02,0.3,0.2,0.25,0.75,5.57,-13.35,True
1.04,0.015,1.02,0.3,0.2,0.5,0.5,5.55,-13.18,True
1.04,0.015,1.02,0.3,0.2,0.75,0.25,5.53,-13.02,True
1.04,0.015,1.02,0.3,0.2,1.0,0.0,5.5,-12.86,True
1.04,0.015,1.02,0.3,0.3,0.0,1.0,6.72,-15.69,True
1.04,0.015,1.02,0.3,0.3,0.25,0.75,6.72,-15.52,True
1.04,0.015,1.02,0.3,0.3,0.5,0.5,6.72,-15.35,True
1.04,0.015,1.02,0.3,0.3,0.75,0.25,6.71,-15.18,True
1.04,0.015,1.02,0.3,0.3,1.0,0.0,6.69,-15.01,True
1.04,0.015,1.02,0.4,0.0,0.0,1.0,1.56,-28.99,True
1.04,0.015,1.02,0.4,0.0,0.25,0.75,1.5,-26.79,True
1.04,0.015,1.02,0.4,0.0,0.5,0.5,1.44,-24.55,True
1.04,0.015,1.02,0.4,0.0,0.75,0.25,1.36,-22.26,True
1.04,0.015,1.02,0.4,0.0,1.0,0.0,1.27,-19.92,True
1.04,0.015,1.02,0.4,0.1,0.0,1.0,4.05,-17.74,True
1.04,0.015,1.02,0.4,0.1,0.25,0.75,4.03,-15.93,True
1.04,0.015,1.02,0.4,0.1,0.5,0.5,3.99,-14.1,True
1.04,0.015,1.02,0.4,0.1,0.75,0.25,3.96,-12.22,True
1.04,0.015,1.02,0.4,0.1,1.0,0.0,3.91,-10.33,True
1.04,0.015,1.02,0.4,0.2,0.0,1.0,5.57,-14.3,True
1.04,0.015,1.02,0.4,0.2,0.25,0.75,5.56,-14.05,True
1.04,0.015,1.02,0.4,0.2,0.5,0.5,5.55,-13.81,True
1.04,0.015,1.02,0.4,0.2,0.75,0.25,5.53,-13.57,True
1.04,0.015,1.02,0.4,0.2,1.0,0.0,5.51,-13.34,True
1.04,0.015,1.02,0.4,0.3,0.0,1.0,6.73,-15.67,True
1.04,0.015,1.02,0.4,0.3,0.25,0.75,6.73,-15.49,True
1.04,0.015,1.02,0.4,0.3,0.5,0.5,6.72,-15.32,True
1.04,0.015,1.02,0.4,0.3,0.75,0.25,6.72,-15.16,True
1.04,0.015,1.02,0.4,0.3,1.0,0.0,6.71,-15.0,True
1.04,0.02,0.95,0.1,0.0,0.0,1.0,4.37,-26.93,True
1.04,0.02,0.95,0.1,0.0,0.25,0.75,4.04,-25.25,True
1.04,0.02,0.95,0.1,0.0,0.5,0.5,3.7,-23.36,True
1.04,0.02,0.95,0.1,0.0,0.75,0.25,3.34,-21.21,True
1.04,0.02,0.95,0.1,0.0,1.0,0.0,2.98,-18.74,True
1.04,0.02,0.95,0.1,0.1,0.0,1.0,6.02,-25.77,True
1.04,0.02,0.95,0.1,0.1,0.25,0.75,5.74,-24.29,True
1.04,0.02,0.95,0.1,0.1,0.5,0.5,5.44,-22.65,True
1.04,0.02,0.95,0.1,0.1,0.75,0.25,5.14,-20.8,True
1.04,0.02,0.95,0.1,0.1,1.0,0.0,4.82,-18.73,True
1.04,0.02,0.95,0.1,0.2,0.0,1.0,7.26,-24.87,True
1.04,0.02,0.95,0.1,0.2,0.25,0.75,6.99,-23.54,True
1.04,0.02,0.95,0.1,0.2,0.5,0.5,6.72,-22.09,True
1.04,0.02,0.95,0.1,0.2,0.75,0.25,6.45,-20.49,True
1.04,0.02,0.95,0.1,0.2,1.0,0.0,6.17,-18.71,True
1.04,0.02,0.95,0.1,0.3,0.0,1.0,8.28,-24.13,True
1.04,0.02,0.95,0.1,0.3,0.25,0.75,8.04,-22.93,True
1.04,0.02,0.95,0.1,0.3,0.5,0.5,7.79,-21.64,True
1.04,0.02,0.95,0.1,0.3,0.75,0.25,7.54,-20.23,True
1.04,0.02,0.95,0.1,0.3,1.0,0.0,7.28,-18.7,True
1.04,0.02,0.95,0.2,0.0,0.0,1.0,7.55,-26.93,True
1.04,0.02,0.95,0.2,0.0,0.25,0.75,7.03,-25.33,True
1.04,0.02,0.95,0.2,0.0,0.5,0.5,6.48,-23.47,True
1.04,0.02,0.95,0.2,0.0,0.75,0.25,5.9,-21.3,True
1.04,0.02,0.95,0.2,0.0,1.0,0.0,5.3,-18.74,True
1.04,0.02,0.95,0.2,0.1,0.0,1.0,8.54,-26.26,True
1.04,0.02,0.95,0.2,0.1,0.25,0.75,8.1,-24.71,True
1.04,0.02,0.95,0.2,0.1,0.5,0.5,7.65,-22.97,True
1.04,0.02,0.95,0.2,0.1,0.75,0.25,7.19,-21.0,True
1.04,0.02,0.95,0.2,0.1,1.0,0.0,6.66,-18.73,True
1.04,0.02,0.95,0.2,0.2,0.0,1.0,9.29,-25.68,True
1.04,0.02,0.95,0.2,0.2,0.25,0.75,8.9,-24.19,True
1.04,0.02,0.95,0.2,0.2,0.5,0.5,8.5,-22.54,True
1.04,0.02,0.95,0.2,0.2,0.75,0.25,8.11,-20.72,True
1.04,0.02,0.95,0.2,0.2,1.0,0.0,7.69,-18.72,True
1.04,0.02,0.95,0.2,0.3,0.0,1.0,9.85,-25.13,True
1.04,0.02,0.95,0.2,0.3,0.25,0.75,9.51,-23.69,True
1.04,0.02,0.95,0.2,0.3,0.5,0.5,9.17,-22.14,True
1.04,0.02,0.95,0.2,0.3,0.75,0.25,8.83,-20.47,True
1.04,0.02,0.95,0.2,0.3,1.0,0.0,8.48,-18.71,True
1.04,0.02,0.95,0.3,0.0,0.0,1.0,9.4,-26.93,True
1.04,0.02,0.95,0.3,0.0,0.25,0.75,8.78,-25.35,True
1.04,0.02,0.95,0.3,0.0,0.5,0.5,8.13,-23.5,True
1.04,0.02,0.95,0.3,0.0,0.75,0.25,7.44,-21.33,True
1.04,0.02,0.95,0.3,0.0,1.0,0.0,6.71,-18.74,True
1.04,0.02,0.95,0.3,0.1,0.0,1.0,9.93,-26.44,True
1.04,0.02,0.95,0.3,0.1,0.25,0.75,9.38,-24.87,True
1.04,0.02,0.95,0.3,0.1,0.5,0.5,8.82,-23.09,True
1.04,0.02,0.95,0.3,0.1,0.75,0.25,8.23,-21.06,True
1.04,0.02,0.95,0.3,0.1,1.0,0.0,7.62,-18.73,True
1.04,0.02,0.95,0.3,0.2,0.0,1.0,10.36,-25.97,True
1.04,0.02,0.95,0.3,0.2,0.25,0.75,9.87,-24.43,True
1.04,0.02,0.95,0.3,0.2,0.5,0.5,9.37,-22.71,True
1.04,0.02,0.95,0.3,0.2,0.75,0.25,8.86,-20.81,True
1.04,0.02,0.95,0.3,0.2,1.0,0.0,8.35,-18.72,True
1.04,0.02,0.95,0.3,0.3,0.0,1.0,10.74,-25.52,True
1.04,0.02,0.95,0.3,0.3,0.25,0.75,10.31,-24.01,True
1.04,0.02,0.95,0.3,0.3,0.5,0.5,9.86,-22.37,True
1.04,0.02,0.95,0.3,0.3,0.75,0.25,9.42,-20.59,True
1.04,0.02,0.95,0.3,0.3,1.0,0.0,9.0,-18.71,True
1.04,0.02,0.95,0.4,0.0,0.0,1.0,10.37,-26.93,True
1.04,0.02,0.95,0.4,0.0,0.25,0.75,9.72,-25.33,True
1.04,0.02,0.95,0.4,0.0,0.5,0.5,9.03,-23.48,True
1.04,0.02,0.95,0.4,0.0,0.75,0.25,8.29,-21.31,True
1.04,0.02,0.95,0.4,0.0,1.0,0.0,7.49,-18.74,True
1.04,0.02,0.95,0.4,0.1,0.0,1.0,10.77,-26.53,True
1.04,0.02,0.95,0.4,0.1,0.25,0.75,10.18,-24.94,True
1.04,0.02,0.95,0.4,0.1,0.5,0.5,9.56,-23.14,True
1.04,0.02,0.95,0.4,0.1,0.75,0.25,8.91,-21.08,True
1.04,0.02,0.95,0.4,0.1,1.0,0.0,8.23,-18.73,True
1.04,0.02,0.95,0.4,0.2,0.0,1.0,11.09,-26.14,True
1.04,0.02,0.95,0.4,0.2,0.25,0.75,10.56,-24.57,True
1.04,0.02,0.95,0.4,0.2,0.5,0.5,10.03,-22.82,True
1.04,0.02,0.95,0.4,0.2,0.75,0.25,9.49,-20.87,True
1.04,0.02,0.95,0.4,0.2,1.0,0.0,8.91,-18.73,True
1.04,0.02,0.95,0.4,0.3,0.0,1.0,11.18,-25.68,True
1.04,0.02,0.95,0.4,0.3,0.25,0.75,10.72,-24.14,True
1.04,0.02,0.95,0.4,0.3,0.5,0.5,10.25,-22.46,True
1.04,0.02,0.95,0.4,0.3,0.75,0.25,9.77,-20.65,True
1.04,0.02,0.95,0.4,0.3,1.0,0.0,9.3,-18.72,True
1.04,0.02,0.97,0.1,0.0,0.0,1.0,3.45,-23.38,True
1.04,0.02,0.97,0.1,0.0,0.25,0.75,3.2,-21.9,True
1.04,0.02,0.97,0.1,0.0,0.5,0.5,2.94,-20.23,True
1.04,0.02,0.97,0.1,0.0,0.75,0.25,2.68,-18.34,True
1.04,0.02,0.97,0.1,0.0,1.0,0.0,2.41,-16.16,True
1.04,0.02,0.97,0.1,0.1,0.0,1.0,5.46,-22.49,True
1.04,0.02,0.97,0.1,0.1,0.25,0.75,5.26,-21.28,True
1.04,0.02,0.97,0.1,0.1,0.5,0.5,5.06,-19.94,True
1.04,0.02,0.97,0.1,0.1,0.75,0.25,4.86,-18.45,True
1.04,0.02,0.97,0.1,0.1,1.0,0.0,4.65,-16.77,True
1.04,0.02,0.97,0.1,0.2,0.0,1.0,6.82,-21.88,True
1.04,0.02,0.97,0.1,0.2,0.25,0.75,6.65,-20.85,True
1.04,0.02,0.97,0.1,0.2,0.5,0.5,6.47,-19.73,True
1.04,0.02,0.97,0.1,0.2,0.75,0.25,6.3,-18.5,True
1.04,0.02,0.97,0.1,0.2,1.0,0.0,6.12,-17.16,True
1.04,0.02,0.97,0.1,0.3,0.0,1.0,7.92,-21.44,True
1.04,0.02,0.97,0.1,0.3,0.25,0.75,7.76,-20.54,True
1.04,0.02,0.97,0.1,0.3,0.5,0.5,7.6,-19.57,True
1.04,0.02,0.97,0.1,0.3,0.75,0.25,7.44,-18.54,True
1.04,0.02,0.97,0.1,0.3,1.0,0.0,7.29,-17.43,True
1.04,0.02,0.97,0.2,0.0,0.0,1.0,5.9,-23.38,True
1.04,0.02,0.97,0.2,0.0,0.25,0.75,5.5,-21.96,True
1.04,0.02,0.97,0.2,0.0,0.5,0.5,5.08,-20.33,True
1.04,0.02,0.97,0.2,0.0,0.75,0.25,4.64,-18.42,True
1.04,0.02,0.97,0.2,0.0,1.0,0.0,4.19,-16.16,True
1.04,0.02,0.97,0.2,0.1,0.0,1.0,7.3,-22.77,True
1.04,0.02,0.97,0.2,0.1,0.25,0.75,6.96,-21.51,True
1.04,0.02,0.97,0.2,0.1,0.5,0.5,6.62,-20.09,True
1.04,0.02,0.97,0.2,0.1,0.75,0.25,6.26,-18.48,True
1.04,0.02,0.97,0.2,0.1,1.0,0.0,5.89,-16.64,True
1.04,0.02,0.97,0.2,0.2,0.0,1.0,8.16,-22.25,True
1.04,0.02,0.97,0.2,0.2,0.25,0.75,7.89,-21.11,True
1.04,0.02,0.97,0.2,0.2,0.5,0.5,7.62,-19.86,True
1.04,0.02,0.97,0.2,0.2,0.75,0.25,7.34,-18.5,True
1.04,0.02,0.97,0.2,0.2,1.0,0.0,7.03,-17.01,True
1.04,0.02,0.97,0.2,0.3,0.0,1.0,8.86,-21.79,True
1.04,0.02,0.97,0.2,0.3,0.25,0.75,8.62,-20.76,True
1.04,0.02,0.97,0.2,0.3,0.5,0.5,8.38,-19.67,True
1.04,0.02,0.97,0.2,0.3,0.75,0.25,8.15,-18.52,True
1.04,0.02,0.97,0.2,0.3,1.0,0.0,7.92,-17.32,True
1.04,0.02,0.97,0.3,0.0,0.0,1.0,7.38,-23.38,True
1.04,0.02,0.97,0.3,0.0,0.25,0.75,6.88,-21.98,True
1.04,0.02,0.97,0.3,0.0,0.5,0.5,6.37,-20.35,True
1.04,0.02,0.97,0.3,0.0,0.75,0.25,5.83,-18.44,True
1.04,0.02,0.97,0.3,0.0,1.0,0.0,5.27,-16.16,True
1.04,0.02,0.97,0.3,0.1,0.0,1.0,8.2,-22.87,True
1.04,0.02,0.97,0.3,0.1,0.25,0.75,7.79,-21.57,True
1.04,0.02,0.97,0.3,0.1,0.5,0.5,7.37,-20.11,True
1.04,0.02,0.97,0.3,0.1,0.75,0.25,6.94,-18.46,True
1.04,0.02,0.97,0.3,0.1,1.0,0.0,6.51,-16.6,True
1.04,0.02,0.97,0.3,0.2,0.0,1.0,8.84,-22.42,True
1.04,0.02,0.97,0.3,0.2,0.25,0.75,8.49,-21.21,True
1.04,0.02,0.97,0.3,0.2,0.5,0.5,8.15,-19.9,True
1.04,0.02,0.97,0.3,0.2,0.75,0.25,7.8,-18.48,True
1.04,0.02,0.97,0.3,0.2,1.0,0.0,7.47,-16.94,True
1.04,0.02,0.97,0.3,0.3,0.0,1.0,9.45,-22.03,True
1.04,0.02,0.97,0.3,0.3,0.25,0.75,9.17,-20.91,True
1.04,0.02,0.97,0.3,0.3,0.5,0.5,8.87,-19.74,True
1.04,0.02,0.97,0.3,0.3,0.75,0.25,8.58,-18.5,True
1.04,0.02,0.97,0.3,0.3,1.0,0.0,8.29,-17.21,True
1.04,0.02,0.97,0.4,0.0,0.0,1.0,8.21,-23.38,True
1.04,0.02,0.97,0.4,0.0,0.25,0.75,7.66,-21.97,True
1.04,0.02,0.97,0.4,0.0,0.5,0.5,7.1,-20.34,True
1.04,0.02,0.97,0.4,0.0,0.75,0.25,6.51,-18.43,True
1.04,0.02,0.97,0.4,0.0,1.0,0.0,5.89,-16.16,True
1.04,0.02,0.97,0.4,0.1,0.0,1.0,8.9,-22.95,True
1.04,0.02,0.97,0.4,0.1,0.25,0.75,8.43,-21.61,True
1.04,0.02,0.97,0.4,0.1,0.5,0.5,7.95,-20.12,True
1.04,0.02,0.97,0.4,0.1,0.75,0.25,7.47,-18.44,True
1.04,0.02,0.97,0.4,0.1,1.0,0.0,6.99,-16.56,True
1.04,0.02,0.97,0.4,0.2,0.0,1.0,9.48,-22.55,True
1.04,0.02,0.97,0.4,0.2,0.25,0.75,9.07,-21.3,True
1.04,0.02,0.97,0.4,0.2,0.5,0.5,8.66,-19.94,True
1.04,0.02,0.97,0.4,0.2,0.75,0.25,8.25,-18.46,True
1.04,0.02,0.97,0.4,0.2,1.0,0.0,7.85,-16.87,True
1.04,0.02,0.97,0.4,0.3,0.0,1.0,9.84,-22.16,True
1.04,0.02,0.97,0.4,0.3,0.25,0.75,9.49,-21.0,True
1.04,0.02,0.97,0.4,0.3,0.5,0.5,9.15,-19.77,True
1.04,0.02,0.97,0.4,0.3,0.75,0.25,8.81,-18.49,True
1.04,0.02,0.97,0.4,0.3,1.0,0.0,8.49,-17.15,True
1.04,0.02,0.99,0.1,0.0,0.0,1.0,3.27,-18.59,True
1.04,0.02,0.99,0.1,0.0,0.25,0.75,3.02,-17.37,True
1.04,0.02,0.99,0.1,0.0,0.5,0.5,2.77,-16.01,True
1.04,0.02,0.99,0.1,0.0,0.75,0.25,2.51,-14.46,True
1.04,0.02,0.99,0.1,0.0,1.0,0.0,2.23,-12.68,True
1.04,0.02,0.99,0.1,0.1,0.0,1.0,5.28,-18.6,True
1.04,0.02,0.99,0.1,0.1,0.25,0.75,5.08,-17.67,True
1.04,0.02,0.99,0.1,0.1,0.5,0.5,4.89,-16.65,True
1.04,0.02,0.99,0.1,0.1,0.75,0.25,4.69,-15.5,True
1.04,0.02,0.99,0.1,0.1,1.0,0.0,4.48,-14.21,True
1.04,0.02,0.99,0.1,0.2,0.0,1.0,6.58,-18.61,True
1.04,0.02,0.99,0.1,0.2,0.25,0.75,6.42,-17.87,True
1.04,0.02,0.99,0.1,0.2,0.5,0.5,6.26,-17.07,True
1.04,0.02,0.99,0.1,0.2,0.75,0.25,6.09,-16.19,True
1.04,0.02,0.99,0.1,0.2,1.0,0.0,5.93,-15.22,True
1.04,0.02,0.99,0.1,0.3,0.0,1.0,7.6,-18.61,True
1.04,0.02,0.99,0.1,0.3,0.25,0.75,7.46,-18.02,True
1.04,0.02,0.99,0.1,0.3,0.5,0.5,7.33,-17.38,True
1.04,0.02,0.99,0.1,0.3,0.75,0.25,7.19,-16.69,True
1.04,0.02,0.99,0.1,0.3,1.0,0.0,7.05,-15.95,True
1.04,0.02,0.99,0.2,0.0,0.0,1.0,4.75,-19.68,True
1.04,0.02,0.99,0.2,0.0,0.25,0.75,4.43,-18.19,True
1.04,0.02,0.99,0.2,0.0,0.5,0.5,4.08,-16.64,True
1.04,0.02,0.99,0.2,0.0,0.75,0.25,3.72,-15.04,True
1.04,0.02,0.99,0.2,0.0,1.0,0.0,3.34,-13.36,True
1.04,0.02,0.99,0.2,0.1,0.0,1.0,6.24,-18.6,True
1.04,0.02,0.99,0.2,0.1,0.25,0.75,5.99,-17.66,True
1.04,0.02,0.99,0.2,0.1,0.5,0.5,5.73,-16.62,True
1.04,0.02,0.99,0.2,0.1,0.75,0.25,5.45,-15.43,True
1.04,0.02,0.99,0.2,0.1,1.0,0.0,5.16,-14.06,True
1.04,0.02,0.99,0.2,0.2,0.0,1.0,7.13,-18.6,True
1.04,0.02,0.99,0.2,0.2,0.25,0.75,6.95,-17.84,True
1.04,0.02,0.99,0.2,0.2,0.5,0.5,6.77,-17.01,True
1.04,0.02,0.99,0.2,0.2,0.75,0.25,6.58,-16.12,True
1.04,0.02,0.99,0.2,0.2,1.0,0.0,6.37,-15.11,True
1.04,0.02,0.99,0.2,0.3,0.0,1.0,7.86,-18.61,True
1.04,0.02,0.99,0.2,0.3,0.25,0.75,7.73,-17.99,True
1.04,0.02,0.99,0.2,0.3,0.5,0.5,7.6,-17.34,True
1.04,0.02,0.99,0.2,0.3,0.75,0.25,7.48,-16.66,True
1.04,0.02,0.99,0.2,0.3,1.0,0.0,7.35,-15.94,True
1.04,0.02,0.99,0.3,0.0,0.0,1.0,5.53,-23.68,True
1.04,0.02,0.99,0.3,0.0,0.25,0.75,5.16,-21.97,True
1.04,0.02,0.99,0.3,0.0,0.5,0.5,4.77,-20.18,True
1.04,0.02,0.99,0.3,0.0,0.75,0.25,4.36,-18.31,True
1.04,0.02,0.99,0.3,0.0,1.0,0.0,3.93,-16.34,True
1.04,0.02,0.99,0.3,0.1,0.0,1.0,6.5,-21.74,True
1.04,0.02,0.99,0.3,0.1,0.25,0.75,6.24,-20.0,True
1.04,0.02,0.99,0.3,0.1,0.5,0.5,5.97,-18.2,True
1.04,0.02,0.99,0.3,0.1,0.75,0.25,5.69,-16.32,True
1.04,0.02,0.99,0.3,0.1,1.0,0.0,5.41,-14.36,True
1.04,0.02,0.99,0.3,0.2,0.0,1.0,7.33,-19.81,True
1.04,0.02,0.99,0.3,0.2,0.25,0.75,7.14,-18.07,True
1.04,0.02,0.99,0.3,0.2,0.5,0.5,6.95,-16.95,True
1.04,0.02,0.99,0.3,0.2,0.75,0.25,6.76,-16.03,True
1.04,0.02,0.99,0.3,0.2,1.0,0.0,6.56,-15.04,True
1.04,0.02,0.99,0.3,0.3,0.0,1.0,8.11,-18.61,True
1.04,0.02,0.99,0.3,0.3,0.25,0.75,7.97,-17.95,True
1.04,0.02,0.99,0.3,0.3,0.5,0.5,7.82,-17.26,True
1.04,0.02,0.99,0.3,0.3,0.75,0.25,7.68,-16.54,True
1.04,0.02,0.99,0.3,0.3,1.0,0.0,7.53,-15.79,True
1.04,0.02,0.99,0.4,0.0,0.0,1.0,5.84,-26.42,True
1.04,0.02,0.99,0.4,0.0,0.25,0.75,5.46,-24.53,True
1.04,0.02,0.99,0.4,0.0,0.5,0.5,5.07,-22.56,True
1.04,0.02,0.99,0.4,0.0,0.75,0.25,4.65,-20.49,True
1.04,0.02,0.99,0.4,0.0,1.0,0.0,4.2,-18.33,True
1.04,0.02,0.99,0.4,0.1,0.0,1.0,6.74,-24.71,True
1.04,0.02,0.99,0.4,0.1,0.25,0.75,6.47,-22.79,True
1.04,0.02,0.99,0.4,0.1,0.5,0.5,6.2,-20.79,True
1.04,0.02,0.99,0.4,0.1,0.75,0.25,5.91,-18.7,True
1.04,0.02,0.99,0.4,0.1,1.0,0.0,5.62,-16.52,True
1.04,0.02,0.99,0.4,0.2,0.0,1.0,7.54,-22.99,True
1.04,0.02,0.99,0.4,0.2,0.25,0.75,7.34,-21.05,True
1.04,0.02,0.99,0.4,0.2,0.5,0.5,7.14,-19.02,True
1.04,0.02,0.99,0.4,0.2,0.75,0.25,6.93,-16.92,True
1.04,0.02,0.99,0.4,0.2,1.0,0.0,6.73,-14.95,True
1.04,0.02,0.99,0.4,0.3,0.0,1.0,8.14,-20.6,True
1.04,0.02,0.99,0.4,0.3,0.25,0.75,8.0,-18.56,True
1.04,0.02,0.99,0.4,0.3,0.5,0.5,7.86,-17.25,True
1.04,0.02,0.99,0.4,0.3,0.75,0.25,7.71,-16.53,True
1.04,0.02,0.99,0.4,0.3,1.0,0.0,7.55,-15.78,True
1.04,0.02,1.0,0.1,0.0,0.0,1.0,1.1,-8.68,True
1.04,0.02,1.0,0.1,0.0,0.25,0.75,1.02,-7.93,True
1.04,0.02,1.0,0.1,0.0,0.5,0.5,0.94,-7.17,True
1.04,0.02,1.0,0.1,0.0,0.75,0.25,0.86,-6.4,True
1.04,0.02,1.0,0.1,0.0,1.0,0.0,0.78,-5.61,True
1.04,0.02,1.0,0.1,0.1,0.0,1.0,3.78,-8.3,True
1.04,0.02,1.0,0.1,0.1,0.25,0.75,3.72,-8.22,True
1.04,0.02,1.0,0.1,0.1,0.5,0.5,3.65,-8.15,True
1.04,0.02,1.0,0.1,0.1,0.75,0.25,3.58,-8.07,True
1.04,0.02,1.0,0.1,0.1,1.0,0.0,3.51,-8.0,True
1.04,0.02,1.0,0.1,0.2,0.0,1.0,5.53,-11.62,True
1.04,0.02,1.0,0.1,0.2,0.25,0.75,5.47,-11.57,True
1.04,0.02,1.0,0.1,0.2,0.5,0.5,5.4,-11.53,True
1.04,0.02,1.0,0.1,0.2,0.75,0.25,5.34,-11.49,True
1.04,0.02,1.0,0.1,0.2,1.0,0.0,5.28,-11.45,True
1.04,0.02,1.0,0.1,0.3,0.0,1.0,6.79,-13.8,True
1.04,0.02,1.0,0.1,0.3,0.25,0.75,6.74,-13.75,True
1.04,0.02,1.0,0.1,0.3,0.5,0.5,6.68,-13.71,True
1.04,0.02,1.0,0.1,0.3,0.75,0.25,6.63,-13.68,True
1.04,0.02,1.0,0.1,0.3,1.0,0.0,6.57,-13.67,True
1.04,0.02,1.0,0.2,0.0,0.0,1.0,2.08,-15.59,True
1.04,0.02,1.0,0.2,0.0,0.25,0.75,1.94,-14.37,True
1.04,0.02,1.0,0.2,0.0,0.5,0.5,1.8,-13.11,True
1.04,0.02,1.0,0.2,0.0,0.75,0.25,1.65,-11.8,True
1.04,0.02,1.0,0.2,0.0,1.0,0.0,1.5,-10.43,True
1.04,0.02,1.0,0.2,0.1,0.0,1.0,4.49,-14.27,True
1.04,0.02,1.0,0.2,0.1,0.25,0.75,4.4,-13.01,True
1.04,0.02,1.0,0.2,0.1,0.5,0.5,4.3,-11.72,True
1.04,0.02,1.0,0.2,0.1,0.75,0.25,4.19,-10.4,True
1.04,0.02,1.0,0.2,0.1,1.0,0.0,4.06,-9.03,True
1.04,0.02,1.0,0.2,0.2,0.0,1.0,5.92,-12.86,True
1.04,0.02,1.0,0.2,0.2,0.25,0.75,5.86,-12.57,True
1.04,0.02,1.0,0.2,0.2,0.5,0.5,5.81,-12.48,True
1.04,0.02,1.0,0.2,0.2,0.75,0.25,5.75,-12.4,True
1.04,0.02,1.0,0.2,0.2,1.0,0.0,5.65,-12.24,True
1.04,0.02,1.0,0.2,0.3,0.0,1.0,6.98,-15.18,True
1.04,0.02,1.0,0.2,0.3,0.25,0.75,6.94,-15.06,True
1.04,0.02,1.0,0.2,0.3,0.5,0.5,6.91,-14.95,True
1.04,0.02,1.0,0.2,0.3,0.75,0.25,6.87,-14.84,True
1.04,0.02,1.0,0.2,0.3,1.0,0.0,6.84,-14.74,True
1.04,0.02,1.0,0.3,0.0,0.0,1.0,2.71,-19.09,True
1.04,0.02,1.0,0.3,0.0,0.25,0.75,2.54,-17.66,True
1.04,0.02,1.0,0.3,0.0,0.5,0.5,2.37,-16.18,True
1.04,0.02,1.0,0.3,0.0,0.75,0.25,2.19,-14.63,True
1.04,0.02,1.0,0.3,0.0,1.0,0.0,2.0,-13.01,True
1.04,0.02,1.0,0.3,0.1,0.0,1.0,4.63,-17.29,True
1.04,0.02,1.0,0.3,0.1,0.25,0.75,4.54,-15.85,True
1.04,0.02,1.0,0.3,0.1,0.5,0.5,4.45,-14.35,True
1.04,0.02,1.0,0.3,0.1,0.75,0.25,4.35,-12.79,True
1.04,0.02,1.0,0.3,0.1,1.0,0.0,4.25,-11.16,True
1.04,0.02,1.0,0.3,0.2,0.0,1.0,5.96,-15.52,True
1.04,0.02,1.0,0.3,0.2,0.25,0.75,5.9,-14.06,True
1.04,0.02,1.0,0.3,0.2,0.5,0.5,5.85,-13.69,True
1.04,0.02,1.0,0.3,0.2,0.75,0.25,5.79,-13.47,True
1.04,0.02,1.0,0.3,0.2,1.0,0.0,5.74,-13.27,True
1.04,0.02,1.0,0.3,0.3,0.0,1.0,7.0,-16.58,True
1.04,0.02,1.0,0.3,0.3,0.25,0.75,6.96,-16.33,True
1.04,0.02,1.0,0.3,0.3,0.5,0.5,6.93,-16.09,True
1.04,0.02,1.0,0.3,0.3,0.75,0.25,6.9,-15.85,True
1.04,0.02,1.0,0.3,0.3,1.0,0.0,6.86,-15.62,True
1.04,0.02,1.0,0.4,0.0,0.0,1.0,2.89,-21.25,True
1.04,0.02,1.0,0.4,0.0,0.25,0.75,2.73,-19.68,True
1.04,0.02,1.0,0.4,0.0,0.5,0.5,2.56,-18.05,True
1.04,0.02,1.0,0.4,0.0,0.75,0.25,2.38,-16.34,True
1.04,0.02,1.0,0.4,0.0,1.0,0.0,2.19,-14.56,True
1.04,0.02,1.0,0.4,0.1,0.0,1.0,4.68,-19.66,True
1.04,0.02,1.0,0.4,0.1,0.25,0.75,4.59,-18.06,True
1.04,0.02,1.0,0.4,0.1,0.5,0.5,4.51,-16.4,True
1.04,0.02,1.0,0.4,0.1,0.75,0.25,4.42,-14.67,True
1.04,0.02,1.0,0.4,0.1,1.0,0.0,4.32,-12.86,True
1.04,0.02,1.0,0.4,0.2,0.0,1.0,6.0,-18.07,True
1.04,0.02,1.0,0.4,0.2,0.25,0.75,5.95,-16.45,True
1.04,0.02,1.0,0.4,0.2,0.5,0.5,5.89,-14.85,True
1.04,0.02,1.0,0.4,0.2,0.75,0.25,5.84,-14.5,True
1.04,0.02,1.0,0.4,0.2,1.0,0.0,5.78,-14.16,True
1.04,0.02,1.0,0.4,0.3,0.0,1.0,6.94,-17.57,True
1.04,0.02,1.0,0.4,0.3,0.25,0.75,6.92,-17.14,True
1.04,0.02,1.0,0.4,0.3,0.5,0.5,6.9,-16.73,True
1.04,0.02,1.0,0.4,0.3,0.75,0.25,6.87,-16.33,True
1.04,0.02,1.0,0.4,0.3,1.0,0.0,6.85,-15.96,True
1.04,0.02,1.01,0.1,0.0,0.0,1.0,1.18,-7.59,True
1.04,0.02,1.01,0.1,0.0,0.25,0.75,1.09,-6.94,True
1.04,0.02,1.01,0.1,0.0,0.5,0.5,0.99,-6.28,True
1.04,0.02,1.01,0.1,0.0,0.75,0.25,0.9,-5.6,True
1.04,0.02,1.01,0.1,0.0,1.0,0.0,0.8,-4.92,True
1.04,0.02,1.01,0.1,0.1,0.0,1.0,3.82,-6.48,True
1.04,0.02,1.01,0.1,0.1,0.25,0.75,3.75,-6.56,True
1.04,0.02,1.01,0.1,0.1,0.5,0.5,3.67,-6.64,True
1.04,0.02,1.01,0.1,0.1,0.75,0.25,3.59,-6.73,True
1.04,0.02,1.01,0.1,0.1,1.0,0.0,3.51,-6.81,True
1.04,0.02,1.01,0.1,0.2,0.0,1.0,5.55,-9.83,True
1.04,0.02,1.01,0.1,0.2,0.25,0.75,5.48,-9.93,True
1.04,0.02,1.01,0.1,0.2,0.5,0.5,5.41,-10.05,True
1.04,0.02,1.01,0.1,0.2,0.75,0.25,5.34,-10.16,True
1.04,0.02,1.01,0.1,0.2,1.0,0.0,5.26,-10.28,True
1.04,0.02,1.01,0.1,0.3,0.0,1.0,6.8,-13.57,True
1.04,0.02,1.01,0.1,0.3,0.25,0.75,6.74,-13.57,True
1.04,0.02,1.01,0.1,0.3,0.5,0.5,6.67,-13.57,True
1.04,0.02,1.01,0.1,0.3,0.75,0.25,6.61,-13.58,True
1.04,0.02,1.01,0.1,0.3,1.0,0.0,6.55,-13.58,True
1.04,0.02,1.01,0.2,0.0,0.0,1.0,2.19,-13.78,True
1.04,0.02,1.01,0.2,0.0,0.25,0.75,2.03,-12.7,True
1.04,0.02,1.01,0.2,0.0,0.5,0.5,1.87,-11.58,True
1.04,0.02,1.01,0.2,0.0,0.75,0.25,1.7,-10.42,True
1.04,0.02,1.01,0.2,0.0,1.0,0.0,1.53,-9.22,True
1.04,0.02,1.01,0.2,0.1,0.0,1.0,4.51,-12.64,True
1.04,0.02,1.01,0.2,0.1,0.25,0.75,4.41,-11.52,True
1.04,0.02,1.01,0.2,0.1,0.5,0.5,4.3,-10.35,True
1.04,0.02,1.01,0.2,0.1,0.75,0.25,4.18,-9.17,True
1.04,0.02,1.01,0.2,0.1,1.0,0.0,4.04,-7.95,True
1.04,0.02,1.01,0.2,0.2,0.0,1.0,5.9,-11.44,True
1.04,0.02,1.01,0.2,0.2,0.25,0.75,5.84,-10.27,True
1.04,0.02,1.01,0.2,0.2,0.5,0.5,5.77,-9.68,True
1.04,0.02,1.01,0.2,0.2,0.75,0.25,5.71,-9.9,True
1.04,0.02,1.01,0.2,0.2,1.0,0.0,5.61,-10.05,True
1.04,0.02,1.01,0.2,0.3,0.0,1.0,6.91,-12.73,True
1.04,0.02,1.01,0.2,0.3,0.25,0.75,6.88,-12.91,True
1.04,0.02,1.01,0.2,0.3,0.5,0.5,6.84,-13.1,True
1.04,0.02,1.01,0.2,0.3,0.75,0.25,6.8,-13.3,True
1.04,0.02,1.01,0.2,0.3,1.0,0.0,6.76,-13.5,True
1.04,0.02,1.01,0.3,0.0,0.0,1.0,2.75,-17.35,True
1.04,0.02,1.01,0.3,0.0,0.25,0.75,2.57,-16.05,True
1.04,0.02,1.01,0.3,0.0,0.5,0.5,2.37,-14.7,True
1.04,0.02,1.01,0.3,0.0,0.75,0.25,2.17,-13.3,True
1.04,0.02,1.01,0.3,0.0,1.0,0.0,1.97,-11.83,True
1.04,0.02,1.01,0.3,0.1,0.0,1.0,4.59,-15.73,True
1.04,0.02,1.01,0.3,0.1,0.25,0.75,4.49,-14.4,True
1.04,0.02,1.01,0.3,0.1,0.5,0.5,4.39,-13.03,True
1.04,0.02,1.01,0.3,0.1,0.75,0.25,4.28,-11.6,True
1.04,0.02,1.01,0.3,0.1,1.0,0.0,4.17,-10.12,True
1.04,0.02,1.01,0.3,0.2,0.0,1.0,5.85,-14.12,True
1.04,0.02,1.01,0.3,0.2,0.25,0.75,5.79,-12.77,True
1.04,0.02,1.01,0.3,0.2,0.5,0.5,5.74,-11.38,True
1.04,0.02,1.01,0.3,0.2,0.75,0.25,5.68,-9.94,True
1.04,0.02,1.01,0.3,0.2,1.0,0.0,5.62,-10.08,True
1.04,0.02,1.01,0.3,0.3,0.0,1.0,6.86,-12.54,True
1.04,0.02,1.01,0.3,0.3,0.25,0.75,6.83,-12.05,True
1.04,0.02,1.01,0.3,0.3,0.5,0.5,6.8,-12.23,True
1.04,0.02,1.01,0.3,0.3,0.75,0.25,6.77,-12.47,True
1.04,0.02,1.01,0.3,0.3,1.0,0.0,6.74,-12.74,True
1.04,0.02,1.01,0.4,0.0,0.0,1.0,2.86,-19.56,True
1.04,0.02,1.01,0.4,0.0,0.25,0.75,2.68,-18.11,True
1.04,0.02,1.01,0.4,0.0,0.5,0.5,2.49,-16.6,True
1.04,0.02,1.01,0.4,0.0,0.75,0.25,2.29,-15.04,True
1.04,0.02,1.01,0.4,0.0,1.0,0.0,2.09,-13.4,True
1.04,0.02,1.01,0.4,0.1,0.0,1.0,4.55,-18.13,True
1.04,0.02,1.01,0.4,0.1,0.25,0.75,4.46,-16.64,True
1.04,0.02,1.01,0.4,0.1,0.5,0.5,4.36,-15.1,True
1.04,0.02,1.01,0.4,0.1,0.75,0.25,4.27,-13.5,True
1.04,0.02,1.01,0.4,0.1,1.0,0.0,4.16,-11.83,True
1.04,0.02,1.01,0.4,0.2,0.0,1.0,5.78,-16.7,True
1.04,0.02,1.01,0.4,0.2,0.25,0.75,5.74,-15.18,True
1.04,0.02,1.01,0.4,0.2,0.5,0.5,5.69,-13.61,True
1.04,0.02,1.01,0.4,0.2,0.75,0.25,5.65,-11.98,True
1.04,0.02,1.01,0.4,0.2,1.0,0.0,5.6,-10.29,True
1.04,0.02,1.01,0.4,0.3,0.0,1.0,6.79,-14.91,True
1.04,0.02,1.01,0.4,0.3,0.25,0.75,6.78,-13.28,True
1.04,0.02,1.01,0.4,0.3,0.5,0.5,6.76,-12.39,True
1.04,0.02,1.01,0.4,0.3,0.75,0.25,6.74,-12.53,True
1.04,0.02,1.01,0.4,0.3,1.0,0.0,6.72,-12.68,True
1.04,0.02,1.02,0.1,0.0,0.0,1.0,0.93,-7.59,True
1.04,0.02,1.02,0.1,0.0,0.25,0.75,0.86,-6.94,True
1.04,0.02,1.02,0.1,0.0,0.5,0.5,0.79,-6.28,True
1.04,0.02,1.02,0.1,0.0,0.75,0.25,0.71,-5.6,True
1.04,0.02,1.02,0.1,0.0,1.0,0.0,0.63,-4.92,True
1.04,0.02,1.02,0.1,0.1,0.0,1.0,3.76,-6.88,True
1.04,0.02,1.02,0.1,0.1,0.25,0.75,3.7,-6.97,True
1.04,0.02,1.02,0.1,0.1,0.5,0.5,3.64,-7.06,True
1.04,0.02,1.02,0.1,0.1,0.75,0.25,3.59,-7.15,True
1.04,0.02,1.02,0.1,0.1,1.0,0.0,3.53,-7.24,True
1.04,0.02,1.02,0.1,0.2,0.0,1.0,5.52,-10.21,True
1.04,0.02,1.02,0.1,0.2,0.25,0.75,5.47,-10.33,True
1.04,0.02,1.02,0.1,0.2,0.5,0.5,5.42,-10.45,True
1.04,0.02,1.02,0.1,0.2,0.75,0.25,5.37,-10.57,True
1.04,0.02,1.02,0.1,0.2,1.0,0.0,5.32,-10.7,True
1.04,0.02,1.02,0.1,0.3,0.0,1.0,6.76,-14.49,True
1.04,0.02,1.02,0.1,0.3,0.25,0.75,6.72,-14.49,True
1.04,0.02,1.02,0.1,0.3,0.5,0.5,6.68,-14.5,True
1.04,0.02,1.02,0.1,0.3,0.75,0.25,6.64,-14.5,True
1.04,0.02,1.02,0.1,0.3,1.0,0.0,6.6,-14.5,True
1.04,0.02,1.02,0.2,0.0,0.0,1.0,1.74,-13.78,True
1.04,0.02,1.02,0.2,0.0,0.25,0.75,1.61,-12.7,True
1.04,0.02,1.02,0.2,0.0,0.5,0.5,1.48,-11.58,True
1.04,0.02,1.02,0.2,0.0,0.75,0.25,1.35,-10.42,True
1.04,0.02,1.02,0.2,0.0,1.0,0.0,1.21,-9.22,True
1.04,0.02,1.02,0.2,0.1,0.0,1.0,4.25,-12.48,True
1.04,0.02,1.02,0.2,0.1,0.25,0.75,4.16,-11.38,True
1.04,0.02,1.02,0.2,0.1,0.5,0.5,4.07,-10.23,True
1.04,0.02,1.02,0.2,0.1,0.75,0.25,3.98,-9.05,True
1.04,0.02,1.02,0.2,0.1,1.0,0.0,3.89,-7.82,True
1.04,0.02,1.02,0.2,0.2,0.0,1.0,5.73,-10.89,True
1.04,0.02,1.02,0.2,0.2,0.25,0.75,5.68,-10.12,True
1.04,0.02,1.02,0.2,0.2,0.5,0.5,5.62,-10.24,True
1.04,0.02,1.02,0.2,0.2,0.75,0.25,5.55,-10.37,True
1.04,0.02,1.02,0.2,0.2,1.0,0.0,5.49,-10.51,True
1.04,0.02,1.02,0.2,0.3,0.0,1.0,6.81,-14.33,True
1.04,0.02,1.02,0.2,0.3,0.25,0.75,6.78,-14.4,True
1.04,0.02,1.02,0.2,0.3,0.5,0.5,6.76,-14.46,True
1.04,0.02,1.02,0.2,0.3,0.75,0.25,6.72,-14.47,True
1.04,0.02,1.02,0.2,0.3,1.0,0.0,6.67,-14.48,True
1.04,0.02,1.02,0.3,0.0,0.0,1.0,2.12,-17.35,True
1.04,0.02,1.02,0.3,0.0,0.25,0.75,1.98,-16.05,True
1.04,0.02,1.02,0.3,0.0,0.5,0.5,1.83,-14.7,True
1.04,0.02,1.02,0.3,0.0,0.75,0.25,1.68,-13.3,True
1.04,0.02,1.02,0.3,0.0,1.0,0.0,1.52,-11.83,True
1.04,0.02,1.02,0.3,0.1,0.0,1.0,4.24,-15.37,True
1.04,0.02,1.02,0.3,0.1,0.25,0.75,4.17,-14.07,True
1.04,0.02,1.02,0.3,0.1,0.5,0.5,4.09,-12.73,True
1.04,0.02,1.02,0.3,0.1,0.75,0.25,4.02,-11.33,True
1.04,0.02,1.02,0.3,0.1,1.0,0.0,3.93,-9.88,True
1.04,0.02,1.02,0.3,0.2,0.0,1.0,5.63,-13.42,True
1.04,0.02,1.02,0.3,0.2,0.25,0.75,5.6,-12.13,True
1.04,0.02,1.02,0.3,0.2,0.5,0.5,5.57,-10.79,True
1.04,0.02,1.02,0.3,0.2,0.75,0.25,5.53,-10.62,True
1.04,0.02,1.02,0.3,0.2,1.0,0.0,5.49,-10.76,True
1.04,0.02,1.02,0.3,0.3,0.0,1.0,6.72,-13.88,True
1.04,0.02,1.02,0.3,0.3,0.25,0.75,6.71,-13.98,True
1.04,0.02,1.02,0.3,0.3,0.5,0.5,6.69,-14.08,True
1.04,0.02,1.02,0.3,0.3,0.75,0.25,6.67,-14.18,True
1.04,0.02,1.02,0.3,0.3,1.0,0.0,6.66,-14.28,True
1.04,0.02,1.02,0.4,0.0,0.0,1.0,2.09,-19.56,True
1.04,0.02,1.02,0.4,0.0,0.25,0.75,1.96,-18.11,True
1.04,0.02,1.02,0.4,0.0,0.5,0.5,1.83,-16.6,True
1.04,0.02,1.02,0.4,0.0,0.75,0.25,1.68,-15.04,True
1.04,0.02,1.02,0.4,0.0,1.0,0.0,1.53,-13.4,True
1.04,0.02,1.02,0.4,0.1,0.0,1.0,4.13,-17.73,True
1.04,0.02,1.02,0.4,0.1,0.25,0.75,4.07,-16.27,True
1.04,0.02,1.02,0.4,0.1,0.5,0.5,4.01,-14.75,True
1.04,0.02,1.02,0.4,0.1,0.75,0.25,3.95,-13.18,True
1.04,0.02,1.02,0.4,0.1,1.0,0.0,3.89,-11.54,True
1.04,0.02,1.02,0.4,0.2,0.0,1.0,5.53,-15.91,True
1.04,0.02,1.02,0.4,0.2,0.25,0.75,5.51,-14.44,True
1.04,0.02,1.02,0.4,0.2,0.5,0.5,5.49,-12.92,True
1.04,0.02,1.02,0.4,0.2,0.75,0.25,5.46,-11.35,True
1.04,0.02,1.02,0.4,0.2,1.0,0.0,5.43,-10.9,True
1.04,0.02,1.02,0.4,0.3,0.0,1.0,6.67,-13.61,True
1.04,0.02,1.02,0.4,0.3,0.25,0.75,6.67,-13.72,True
1.04,0.02,1.02,0.4,0.3,0.5,0.5,6.66,-13.84,True
1.04,0.02,1.02,0.4,0.3,0.75,0.25,6.65,-13.96,True
1.04,0.02,1.02,0.4,0.3,1.0,0.0,6.64,-14.08,True
1.04,0.025,0.95,0.1,0.0,0.0,1.0,1.03,-14.58,True
1.04,0.025,0.95,0.1,0.0,0.25,0.75,0.96,-13.27,True
1.04,0.025,0.95,0.1,0.0,0.5,0.5,0.88,-11.87,True
1.04,0.025,0.95,0.1,0.0,0.75,0.25,0.8,-10.34,True
1.04,0.025,0.95,0.1,0.0,1.0,0.0,0.71,-8.67,True
1.04,0.025,0.95,0.1,0.1,0.0,1.0,2.92,-17.82,True
1.04,0.025,0.95,0.1,0.1,0.25,0.75,2.86,-16.72,True
1.04,0.025,0.95,0.1,0.1,0.5,0.5,2.8,-15.54,True
1.04,0.025,0.95,0.1,0.1,0.75,0.25,2.74,-14.26,True
1.04,0.025,0.95,0.1,0.1,1.0,0.0,2.67,-12.88,True
1.04,0.025,0.95,0.1,0.2,0.0,1.0,4.26,-19.84,True
1.04,0.025,0.95,0.1,0.2,0.25,0.75,4.21,-18.86,True
1.04,0.025,0.95,0.1,0.2,0.5,0.5,4.16,-17.81,True
1.04,0.025,0.95,0.1,0.2,0.75,0.25,4.1,-16.68,True
1.04,0.025,0.95,0.1,0.2,1.0,0.0,4.04,-15.46,True
1.04,0.025,0.95,0.1,0.3,0.0,1.0,5.3,-21.21,True
1.04,0.025,0.95,0.1,0.3,0.25,0.75,5.26,-20.31,True
1.04,0.025,0.95,0.1,0.3,0.5,0.5,5.21,-19.35,True
1.04,0.025,0.95,0.1,0.3,0.75,0.25,5.16,-18.31,True
1.04,0.025,0.95,0.1,0.3,1.0,0.0,5.11,-17.19,True
1.04,0.025,0.95,0.2,0.0,0.0,1.0,1.8,-21.51,True
1.04,0.025,0.95,0.2,0.0,0.25,0.75,1.68,-19.96,True
1.04,0.025,0.95,0.2,0.0,0.5,0.5,1.56,-18.22,True
1.04,0.025,0.95,0.2,0.0,0.75,0.25,1.43,-16.24,True
1.04,0.025,0.95,0.2,0.0,1.0,0.0,1.3,-13.98,True
1.04,0.025,0.95,0.2,0.1,0.0,1.0,3.53,-23.63,True
1.04,0.025,0.95,0.2,0.1,0.25,0.75,3.44,-22.28,True
1.04,0.025,0.95,0.2,0.1,0.5,0.5,3.34,-20.76,True
1.04,0.025,0.95,0.2,0.1,0.75,0.25,3.24,-19.06,True
1.04,0.025,0.95,0.2,0.1,1.0,0.0,3.13,-17.12,True
1.04,0.025,0.95,0.2,0.2,0.0,1.0,4.69,-24.41,True
1.04,0.025,0.95,0.2,0.2,0.25,0.75,4.62,-23.21,True
1.04,0.025,0.95,0.2,0.2,0.5,0.5,4.54,-21.88,True
1.04,0.025,0.95,0.2,0.2,0.75,0.25,4.46,-20.39,True
1.04,0.025,0.95,0.2,0.2,1.0,0.0,4.38,-18.71,True
1.04,0.025,0.95,0.2,0.3,0.0,1.0,5.36,-23.27,True
1.04,0.025,0.95,0.2,0.3,0.25,0.75,5.32,-22.27,True
1.04,0.025,0.95,0.2,0.3,0.5,0.5,5.28,-21.19,True
1.04,0.025,0.95,0.2,0.3,0.75,0.25,5.24,-20.0,True
1.04,0.025,0.95,0.2,0.3,1.0,0.0,5.2,-18.69,True
1.04,0.025,0.95,0.3,0.0,0.0,1.0,2.39,-25.57,True
1.04,0.025,0.95,0.3,0.0,0.25,0.75,2.26,-24.0,True
1.04,0.025,0.95,0.3,0.0,0.5,0.5,2.11,-22.18,True
1.04,0.025,0.95,0.3,0.0,0.75,0.25,1.96,-20.07,True
1.04,0.025,0.95,0.3,0.0,1.0,0.0,1.79,-17.57,True
1.04,0.025,0.95,0.3,0.1,0.0,1.0,3.66,-25.57,True
1.04,0.025,0.95,0.3,0.1,0.25,0.75,3.57,-24.17,True
1.04,0.025,0.95,0.3,0.1,0.5,0.5,3.48,-22.59,True
1.04,0.025,0.95,0.3,0.1,0.75,0.25,3.38,-20.79,True
1.04,0.025,0.95,0.3,0.1,1.0,0.0,3.27,-18.72,True
1.04,0.025,0.95,0.3,0.2,0.0,1.0,4.49,-24.27,True
1.04,0.025,0.95,0.3,0.2,0.25,0.75,4.45,-23.1,True
1.04,0.025,0.95,0.3,0.2,0.5,0.5,4.4,-21.79,True
1.04,0.025,0.95,0.3,0.2,0.75,0.25,4.35,-20.34,True
1.04,0.025,0.95,0.3,0.2,1.0,0.0,4.3,-18.71,True
1.04,0.025,0.95,0.3,0.3,0.0,1.0,5.28,-23.09,True
1.04,0.025,0.95,0.3,0.3,0.25,0.75,5.26,-22.14,True
1.04,0.025,0.95,0.3,0.3,0.5,0.5,5.24,-21.1,True
1.04,0.025,0.95,0.3,0.3,0.75,0.25,5.21,-19.96,True
1.04,0.025,0.95,0.3,0.3,1.0,0.0,5.18,-18.69,True
1.04,0.025,0.95,0.4,0.0,0.0,1.0,2.47,-26.93,True
1.04,0.025,0.95,0.4,0.0,0.25,0.75,2.35,-25.33,True
1.04,0.025,0.95,0.4,0.0,0.5,0.5,2.21,-23.48,True
1.04,0.025,0.95,0.4,0.0,0.75,0.25,2.07,-21.31,True
1.04,0.025,0.95,0.4,0.0,1.0,0.0,1.9,-18.74,True
1.04,0.025,0.95,0.4,0.1,0.0,1.0,3.49,-25.5,True
1.04,0.025,0.95,0.4,0.1,0.25,0.75,3.43,-24.11,True
1.04,0.025,0.95,0.4,0.1,0.5,0.5,3.36,-22.54,True
1.04,0.025,0.95,0.4,0.1,0.75,0.25,3.29,-20.76,True
1.04,0.025,0.95,0.4,0.1,1.0,0.0,3.2,-18.72,True
1.04,0.025,0.95,0.4,0.2,0.0,1.0,4.42,-24.16,True
1.04,0.025,0.95,0.4,0.2,0.25,0.75,4.4,-23.01,True
1.04,0.025,0.95,0.4,0.2,0.5,0.5,4.37,-21.73,True
1.04,0.025,0.95,0.4,0.2,0.75,0.25,4.33,-20.31,True
1.04,0.025,0.95,0.4,0.2,1.0,0.0,4.29,-18.71,True
1.04,0.025,0.95,0.4,0.3,0.0,1.0,5.23,-22.92,True
1.04,0.025,0.95,0.4,0.3,0.25,0.75,5.22,-22.01,True
1.04,0.025,0.95,0.4,0.3,0.5,0.5,5.21,-21.01,True
1.04,0.025,0.95,0.4,0.3,0.75,0.25,5.19,-19.91,True
1.04,0.025,0.95,0.4,0.3,1.0,0.0,5.17,-18.69,True
1.04,0.025,0.97,0.1,0.0,0.0,1.0,1.25,-12.65,True
1.04,0.025,0.97,0.1,0.0,0.25,0.75,1.15,-11.51,True
1.04,0.025,0.97,0.1,0.0,0.5,0.5,1.05,-10.28,True
1.04,0.025,0.97,0.1,0.0,0.75,0.25,0.95,-8.94,True
1.04,0.025,0.97,0.1,0.0,1.0,0.0,0.84,-7.48,True
1.04,0.025,0.97,0.1,0.1,0.0,1.0,3.09,-16.0,True
1.04,0.025,0.97,0.1,0.1,0.25,0.75,3.01,-15.05,True
1.04,0.025,0.97,0.1,0.1,0.5,0.5,2.93,-14.03,True
1.04,0.025,0.97,0.1,0.1,0.75,0.25,2.85,-12.94,True
1.04,0.025,0.97,0.1,0.1,1.0,0.0,2.76,-11.75,True
1.04,0.025,0.97,0.1,0.2,0.0,1.0,4.41,-18.1,True
1.04,0.025,0.97,0.1,0.2,0.25,0.75,4.34,-17.27,True
1.04,0.025,0.97,0.1,0.2,0.5,0.5,4.27,-16.38,True
1.04,0.025,0.97,0.1,0.2,0.75,0.25,4.19,-15.42,True
1.04,0.025,0.97,0.1,0.2,1.0,0.0,4.12,-14.38,True
1.04,0.025,0.97,0.1,0.3,0.0,1.0,5.45,-19.55,True
1.04,0.025,0.97,0.1,0.3,0.25,0.75,5.38,-18.79,True
1.04,0.025,0.97,0.1,0.3,0.5,0.5,5.32,-17.97,True
1.04,0.025,0.97,0.1,0.3,0.75,0.25,5.25,-17.1,True
1.04,0.025,0.97,0.1,0.3,1.0,0.0,5.18,-16.17,True
1.04,0.025,0.97,0.2,0.0,0.0,1.0,2.2,-18.67,True
1.04,0.025,0.97,0.2,0.0,0.25,0.75,2.05,-17.31,True
1.04,0.025,0.97,0.2,0.0,0.5,0.5,1.88,-15.78,True
1.04,0.025,0.97,0.2,0.0,0.75,0.25,1.71,-14.04,True
1.04,0.025,0.97,0.2,0.0,1.0,0.0,1.54,-12.06,True
1.04,0.025,0.97,0.2,0.1,0.0,1.0,3.88,-20.94,True
1.04,0.025,0.97,0.2,0.1,0.25,0.75,3.75,-19.77,True
1.04,0.025,0.97,0.2,0.1,0.5,0.5,3.61,-18.46,True
1.04,0.025,0.97,0.2,0.1,0.75,0.25,3.47,-16.98,True
1.04,0.025,0.97,0.2,0.1,1.0,0.0,3.32,-15.31,True
1.04,0.025,0.97,0.2,0.2,0.0,1.0,5.01,-21.95,True
1.04,0.025,0.97,0.2,0.2,0.25,0.75,4.91,-20.92,True
1.04,0.025,0.97,0.2,0.2,0.5,0.5,4.79,-19.78,True
1.04,0.025,0.97,0.2,0.2,0.75,0.25,4.68,-18.51,True
1.04,0.025,0.97,0.2,0.2,1.0,0.0,4.56,-17.07,True
1.04,0.025,0.97,0.2,0.3,0.0,1.0,5.64,-21.29,True
1.04,0.025,0.97,0.2,0.3,0.25,0.75,5.57,-20.45,True
1.04,0.025,0.97,0.2,0.3,0.5,0.5,5.5,-19.53,True
1.04,0.025,0.97,0.2,0.3,0.75,0.25,5.43,-18.53,True
1.04,0.025,0.97,0.2,0.3,1.0,0.0,5.35,-17.42,True
1.04,0.025,0.97,0.3,0.0,0.0,1.0,2.96,-22.19,True
1.04,0.025,0.97,0.3,0.0,0.25,0.75,2.77,-20.81,True
1.04,0.025,0.97,0.3,0.0,0.5,0.5,2.57,-19.21,True
1.04,0.025,0.97,0.3,0.0,0.75,0.25,2.36,-17.35,True
1.04,0.025,0.97,0.3,0.0,1.0,0.0,2.13,-15.15,True
1.04,0.025,0.97,0.3,0.1,0.0,1.0,4.16,-22.6,True
1.04,0.025,0.97,0.3,0.1,0.25,0.75,4.02,-21.39,True
1.04,0.025,0.97,0.3,0.1,0.5,0.5,3.87,-20.03,True
1.04,0.025,0.97,0.3,0.1,0.75,0.25,3.72,-18.47,True
1.04,0.025,0.97,0.3,0.1,1.0,0.0,3.56,-16.67,True
1.04,0.025,0.97,0.3,0.2,0.0,1.0,4.91,-21.86,True
1.04,0.025,0.97,0.3,0.2,0.25,0.75,4.82,-20.85,True
1.04,0.025,0.97,0.3,0.2,0.5,0.5,4.73,-19.74,True
1.04,0.025,0.97,0.3,0.2,0.75,0.25,4.63,-18.49,True
1.04,0.025,0.97,0.3,0.2,1.0,0.0,4.53,-17.1,True
1.04,0.025,0.97,0.3,0.3,0.0,1.0,5.63,-21.18,True
1.04,0.025,0.97,0.3,0.3,0.25,0.75,5.57,-20.37,True
1.04,0.025,0.97,0.3,0.3,0.5,0.5,5.5,-19.49,True
1.04,0.025,0.97,0.3,0.3,0.75,0.25,5.44,-18.52,True
1.04,0.025,0.97,0.3,0.3,1.0,0.0,5.37,-17.45,True
1.04,0.025,0.97,0.4,0.0,0.0,1.0,3.19,-23.38,True
1.04,0.025,0.97,0.4,0.0,0.25,0.75,2.99,-21.97,True
1.04,0.025,0.97,0.4,0.0,0.5,0.5,2.78,-20.33,True
1.04,0.025,0.97,0.4,0.0,0.75,0.25,2.56,-18.43,True
1.04,0.025,0.97,0.4,0.0,1.0,0.0,2.33,-16.16,True
1.04,0.025,0.97,0.4,0.1,0.0,1.0,4.07,-22.56,True
1.04,0.025,0.97,0.4,0.1,0.25,0.75,3.95,-21.35,True
1.04,0.025,0.97,0.4,0.1,0.5,0.5,3.82,-20.0,True
1.04,0.025,0.97,0.4,0.1,0.75,0.25,3.68,-18.45,True
1.04,0.025,0.97,0.4,0.1,1.0,0.0,3.54,-16.69,True
1.04,0.025,0.97,0.4,0.2,0.0,1.0,4.9,-21.79,True
1.04,0.025,0.97,0.4,0.2,0.25,0.75,4.82,-20.8,True
1.04,0.025,0.97,0.4,0.2,0.5,0.5,4.74,-19.71,True
1.04,0.025,0.97,0.4,0.2,0.75,0.25,4.65,-18.49,True
1.04,0.025,0.97,0.4,0.2,1.0,0.0,4.55,-17.12,True
1.04,0.025,0.97,0.4,0.3,0.0,1.0,5.62,-21.07,True
1.04,0.025,0.97,0.4,0.3,0.25,0.75,5.57,-20.3,True
1.04,0.025,0.97,0.4,0.3,0.5,0.5,5.51,-19.45,True
1.04,0.025,0.97,0.4,0.3,0.75,0.25,5.45,-18.52,True
1.04,0.025,0.97,0.4,0.3,1.0,0.0,5.38,-17.49,True
1.04,0.025,0.99,0.1,0.0,0.0,1.0,1.36,-10.06,True
1.04,0.025,0.99,0.1,0.0,0.25,0.75,1.25,-9.13,True
1.04,0.025,0.99,0.1,0.0,0.5,0.5,1.13,-8.13,True
1.04,0.025,0.99,0.1,0.0,0.75,0.25,1.01,-7.05,True
1.04,0.025,0.99,0.1,0.0,1.0,0.0,0.89,-5.87,True
1.04,0.025,0.99,0.1,0.1,0.0,1.0,3.23,-13.64,True
1.04,0.025,0.99,0.1,0.1,0.25,0.75,3.14,-12.91,True
1.04,0.025,0.99,0.1,0.1,0.5,0.5,3.04,-12.12,True
1.04,0.025,0.99,0.1,0.1,0.75,0.25,2.95,-11.28,True
1.04,0.025,0.99,0.1,0.1,1.0,0.0,2.85,-10.36,True
1.04,0.025,0.99,0.1,0.2,0.0,1.0,4.55,-15.86,True
1.04,0.025,0.99,0.1,0.2,0.25,0.75,4.47,-15.23,True
1.04,0.025,0.99,0.1,0.2,0.5,0.5,4.39,-14.57,True
1.04,0.025,0.99,0.1,0.2,0.75,0.25,4.3,-13.85,True
1.04,0.025,0.99,0.1,0.2,1.0,0.0,4.22,-13.08,True
1.04,0.025,0.99,0.1,0.3,0.0,1.0,5.58,-17.36,True
1.04,0.025,0.99,0.1,0.3,0.25,0.75,5.51,-16.81,True
1.04,0.025,0.99,0.1,0.3,0.5,0.5,5.43,-16.21,True
1.04,0.025,0.99,0.1,0.3,0.75,0.25,5.36,-15.58,True
1.04,0.025,0.99,0.1,0.3,1.0,0.0,5.28,-14.9,True
1.04,0.025,0.99,0.2,0.0,0.0,1.0,2.38,-14.84,True
1.04,0.025,0.99,0.2,0.0,0.25,0.75,2.2,-13.74,True
1.04,0.025,0.99,0.2,0.0,0.5,0.5,2.02,-12.49,True
1.04,0.025,0.99,0.2,0.0,0.75,0.25,1.82,-11.08,True
1.04,0.025,0.99,0.2,0.0,1.0,0.0,1.62,-9.46,True
1.04,0.025,0.99,0.2,0.1,0.0,1.0,4.06,-17.33,True
1.04,0.025,0.99,0.2,0.1,0.25,0.75,3.92,-16.42,True
1.04,0.025,0.99,0.2,0.1,0.5,0.5,3.76,-15.39,True
1.04,0.025,0.99,0.2,0.1,0.75,0.25,3.6,-14.24,True
1.04,0.025,0.99,0.2,0.1,1.0,0.0,3.43,-12.94,True
1.04,0.025,0.99,0.2,0.2,0.0,1.0,5.19,-18.6,True
1.04,0.025,0.99,0.2,0.2,0.25,0.75,5.06,-17.82,True
1.04,0.025,0.99,0.2,0.2,0.5,0.5,4.93,-16.94,True
1.04,0.025,0.99,0.2,0.2,0.75,0.25,4.8,-15.97,True
1.04,0.025,0.99,0.2,0.2,1.0,0.0,4.66,-14.88,True
1.04,0.025,0.99,0.2,0.3,0.0,1.0,5.79,-18.61,True
1.04,0.025,0.99,0.2,0.3,0.25,0.75,5.71,-17.97,True
1.04,0.025,0.99,0.2,0.3,0.5,0.5,5.62,-17.28,True
1.04,0.025,0.99,0.2,0.3,0.75,0.25,5.53,-16.53,True
1.04,0.025,0.99,0.2,0.3,1.0,0.0,5.44,-15.71,True
1.04,0.025,0.99,0.3,0.0,0.0,1.0,3.18,-17.64,True
1.04,0.025,0.99,0.3,0.0,0.25,0.75,2.97,-16.51,True
1.04,0.025,0.99,0.3,0.0,0.5,0.5,2.74,-15.2,True
1.04,0.025,0.99,0.3,0.0,0.75,0.25,2.49,-13.68,True
1.04,0.025,0.99,0.3,0.0,1.0,0.0,2.23,-11.89,True
1.04,0.025,0.99,0.3,0.1,0.0,1.0,4.36,-18.6,True
1.04,0.025,0.99,0.3,0.1,0.25,0.75,4.2,-17.64,True
1.04,0.025,0.99,0.3,0.1,0.5,0.5,4.03,-16.56,True
1.04,0.025,0.99,0.3,0.1,0.75,0.25,3.85,-15.33,True
1.04,0.025,0.99,0.3,0.1,1.0,0.0,3.66,-13.92,True
1.04,0.025,0.99,0.3,0.2,0.0,1.0,5.06,-18.6,True
1.04,0.025,0.99,0.3,0.2,0.25,0.75,4.95,-17.82,True
1.04,0.025,0.99,0.3,0.2,0.5,0.5,4.84,-16.96,True
1.04,0.025,0.99,0.3,0.2,0.75,0.25,4.72,-16.0,True
1.04,0.025,0.99,0.3,0.2,1.0,0.0,4.6,-14.93,True
1.04,0.025,0.99,0.3,0.3,0.0,1.0,5.7,-18.61,True
1.04,0.025,0.99,0.3,0.3,0.25,0.75,5.63,-17.99,True
1.04,0.025,0.99,0.3,0.3,0.5,0.5,5.55,-17.31,True
1.04,0.025,0.99,0.3,0.3,0.75,0.25,5.48,-16.57,True
1.04,0.025,0.99,0.3,0.3,1.0,0.0,5.4,-15.76,True
1.04,0.025,0.99,0.4,0.0,0.0,1.0,3.43,-18.59,True
1.04,0.025,0.99,0.4,0.0,0.25,0.75,3.2,-17.43,True
1.04,0.025,0.99,0.4,0.0,0.5,0.5,2.96,-16.09,True
1.04,0.025,0.99,0.4,0.0,0.75,0.25,2.7,-14.53,True
1.04,0.025,0.99,0.4,0.0,1.0,0.0,2.42,-12.68,True
1.04,0.025,0.99,0.4,0.1,0.0,1.0,4.24,-18.6,True
1.04,0.025,0.99,0.4,0.1,0.25,0.75,4.09,-17.64,True
1.04,0.025,0.99,0.4,0.1,0.5,0.5,3.93,-16.56,True
1.04,0.025,0.99,0.4,0.1,0.75,0.25,3.77,-15.34,True
1.04,0.025,0.99,0.4,0.1,1.0,0.0,3.6,-13.94,True
1.04,0.025,0.99,0.4,0.2,0.0,1.0,4.97,-18.61,True
1.04,0.025,0.99,0.4,0.2,0.25,0.75,4.88,-17.83,True
1.04,0.025,0.99,0.4,0.2,0.5,0.5,4.77,-16.97,True
1.04,0.025,0.99,0.4,0.2,0.75,0.25,4.67,-16.02,True
1.04,0.025,0.99,0.4,0.2,1.0,0.0,4.56,-14.97,True
1.04,0.025,0.99,0.4,0.3,0.0,1.0,5.61,-18.61,True
1.04,0.025,0.99,0.4,0.3,0.25,0.75,5.55,-18.0,True
1.04,0.025,0.99,0.4,0.3,0.5,0.5,5.48,-17.33,True
1.04,0.025,0.99,0.4,0.3,0.75,0.25,5.42,-16.6,True
1.04,0.025,0.99,0.4,0.3,1.0,0.0,5.35,-15.82,True
1.04,0.025,1.0,0.1,0.0,0.0,1.0,-0.06,-3.16,True
1.04,0.025,1.0,0.1,0.0,0.25,0.75,-0.06,-2.88,True
1.04,0.025,1.0,0.1,0.0,0.5,0.5,-0.05,-2.59,True
1.04,0.025,1.0,0.1,0.0,0.75,0.25,-0.04,-2.31,True
1.04,0.025,1.0,0.1,0.0,1.0,0.0,-0.03,-2.02,True
1.04,0.025,1.0,0.1,0.1,0.0,1.0,2.1,-6.44,True
1.04,0.025,1.0,0.1,0.1,0.25,0.75,2.11,-6.42,True
1.04,0.025,1.0,0.1,0.1,0.5,0.5,2.12,-6.41,True
1.04,0.025,1.0,0.1,0.1,0.75,0.25,2.13,-6.39,True
1.04,0.025,1.0,0.1,0.1,1.0,0.0,2.13,-6.38,True
1.04,0.025,1.0,0.1,0.2,0.0,1.0,3.57,-10.19,True
1.04,0.025,1.0,0.1,0.2,0.25,0.75,3.58,-10.17,True
1.04,0.025,1.0,0.1,0.2,0.5,0.5,3.58,-10.14,True
1.04,0.025,1.0,0.1,0.2,0.75,0.25,3.59,-10.12,True
1.04,0.025,1.0,0.1,0.2,1.0,0.0,3.59,-10.1,True
1.04,0.025,1.0,0.1,0.3,0.0,1.0,4.68,-12.65,True
1.04,0.025,1.0,0.1,0.3,0.25,0.75,4.69,-12.62,True
1.04,0.025,1.0,0.1,0.3,0.5,0.5,4.69,-12.59,True
1.04,0.025,1.0,0.1,0.3,0.75,0.25,4.7,-12.56,True
1.04,0.025,1.0,0.1,0.3,1.0,0.0,4.71,-12.53,True
1.04,0.025,1.0,0.2,0.0,0.0,1.0,-0.13,-6.26,True
1.04,0.025,1.0,0.2,0.0,0.25,0.75,-0.11,-5.71,True
1.04,0.025,1.0,0.2,0.0,0.5,0.5,-0.1,-5.15,True
1.04,0.025,1.0,0.2,0.0,0.75,0.25,-0.08,-4.59,True
1.04,0.025,1.0,0.2,0.0,1.0,0.0,-0.06,-4.02,True
1.04,0.025,1.0,0.2,0.1,0.0,1.0,2.05,-6.6,True
1.04,0.025,1.0,0.2,0.1,0.25,0.75,2.07,-6.57,True
1.04,0.025,1.0,0.2,0.1,0.5,0.5,2.08,-6.54,True
1.04,0.025,1.0,0.2,0.1,0.75,0.25,2.1,-6.51,True
1.04,0.025,1.0,0.2,0.1,1.0,0.0,2.11,-6.48,True
1.04,0.025,1.0,0.2,0.2,0.0,1.0,3.53,-10.44,True
1.04,0.025,1.0,0.2,0.2,0.25,0.75,3.54,-10.39,True
1.04,0.025,1.0,0.2,0.2,0.5,0.5,3.55,-10.34,True
1.04,0.025,1.0,0.2,0.2,0.75,0.25,3.57,-10.3,True
1.04,0.025,1.0,0.2,0.2,1.0,0.0,3.58,-10.25,True
1.04,0.025,1.0,0.2,0.3,0.0,1.0,4.65,-12.95,True
1.04,0.025,1.0,0.2,0.3,0.25,0.75,4.66,-12.9,True
1.04,0.025,1.0,0.2,0.3,0.5,0.5,4.67,-12.84,True
1.04,0.025,1.0,0.2,0.3,0.75,0.25,4.68,-12.78,True
1.04,0.025,1.0,0.2,0.3,1.0,0.0,4.69,-12.72,True
1.04,0.025,1.0,0.3,0.0,0.0,1.0,-0.2,-9.32,True
1.04,0.025,1.0,0.3,0.0,0.25,0.75,-0.18,-8.49,True
1.04,0.025,1.0,0.3,0.0,0.5,0.5,-0.15,-7.67,True
1.04,0.025,1.0,0.3,0.0,0.75,0.25,-0.12,-6.84,True
1.04,0.025,1.0,0.3,0.0,1.0,0.0,-0.09,-6.0,True
1.04,0.025,1.0,0.3,0.1,0.0,1.0,2.0,-6.77,True
1.04,0.025,1.0,0.3,0.1,0.25,0.75,2.03,-6.72,True
1.04,0.025,1.0,0.3,0.1,0.5,0.5,2.05,-6.67,True
1.04,0.025,1.0,0.3,0.1,0.75,0.25,2.07,-6.62,True
1.04,0.025,1.0,0.3,0.1,1.0,0.0,2.09,-6.58,True
1.04,0.025,1.0,0.3,0.2,0.0,1.0,3.49,-10.67,True
1.04,0.025,1.0,0.3,0.2,0.25,0.75,3.51,-10.6,True
1.04,0.025,1.0,0.3,0.2,0.5,0.5,3.53,-10.53,True
1.04,0.025,1.0,0.3,0.2,0.75,0.25,3.55,-10.46,True
1.04,0.025,1.0,0.3,0.2,1.0,0.0,3.57,-10.39,True
1.04,0.025,1.0,0.3,0.3,0.0,1.0,4.62,-13.14,True
1.04,0.025,1.0,0.3,0.3,0.25,0.75,4.63,-13.06,True
1.04,0.025,1.0,0.3,0.3,0.5,0.5,4.65,-12.99,True
1.04,0.025,1.0,0.3,0.3,0.75,0.25,4.67,-12.92,True
1.04,0.025,1.0,0.3,0.3,1.0,0.0,4.68,-12.85,True
1.04,0.025,1.0,0.4,0.0,0.0,1.0,-0.28,-12.31,True
1.04,0.025,1.0,0.4,0.0,0.25,0.75,-0.24,-11.23,True
1.04,0.025,1.0,0.4,0.0,0.5,0.5,-0.2,-10.15,True
1.04,0.025,1.0,0.4,0.0,0.75,0.25,-0.16,-9.06,True
1.04,0.025,1.0,0.4,0.0,1.0,0.0,-0.12,-7.96,True
1.04,0.025,1.0,0.4,0.1,0.0,1.0,1.96,-7.9,True
1.04,0.025,1.0,0.4,0.1,0.25,0.75,1.99,-6.85,True
1.04,0.025,1.0,0.4,0.1,0.5,0.5,2.02,-6.79,True
1.04,0.025,1.0,0.4,0.1,0.75,0.25,2.05,-6.73,True
1.04,0.025,1.0,0.4,0.1,1.0,0.0,2.07,-6.67,True
1.04,0.025,1.0,0.4,0.2,0.0,1.0,3.46,-10.81,True
1.04,0.025,1.0,0.4,0.2,0.25,0.75,3.49,-10.73,True
1.04,0.025,1.0,0.4,0.2,0.5,0.5,3.51,-10.64,True
1.04,0.025,1.0,0.4,0.2,0.75,0.25,3.53,-10.56,True
1.04,0.025,1.0,0.4,0.2,1.0,0.0,3.56,-10.48,True
1.04,0.025,1.0,0.4,0.3,0.0,1.0,4.57,-13.31,True
1.04,0.025,1.0,0.4,0.3,0.25,0.75,4.59,-13.22,True
1.04,0.025,1.0,0.4,0.3,0.5,0.5,4.61,-13.13,True
1.04,0.025,1.0,0.4,0.3,0.75,0.25,4.63,-13.04,True
1.04,0.025,1.0,0.4,0.3,1.0,0.0,4.65,-12.95,True
1.04,0.025,1.01,0.1,0.0,0.0,1.0,-0.09,-3.16,True
1.04,0.025,1.01,0.1,0.0,0.25,0.75,-0.08,-2.88,True
1.04,0.025,1.01,0.1,0.0,0.5,0.5,-0.07,-2.59,True
1.04,0.025,1.01,0.1,0.0,0.75,0.25,-0.06,-2.31,True
1.04,0.025,1.01,0.1,0.0,1.0,0.0,-0.05,-2.02,True
1.04,0.025,1.01,0.1,0.1,0.0,1.0,2.07,-6.41,True
1.04,0.025,1.01,0.1,0.1,0.25,0.75,2.08,-6.4,True
1.04,0.025,1.01,0.1,0.1,0.5,0.5,2.08,-6.39,True
1.04,0.025,1.01,0.1,0.1,0.75,0.25,2.09,-6.37,True
1.04,0.025,1.01,0.1,0.1,1.0,0.0,2.1,-6.36,True
1.04,0.025,1.01,0.1,0.2,0.0,1.0,3.53,-10.16,True
1.04,0.025,1.01,0.1,0.2,0.25,0.75,3.54,-10.14,True
1.04,0.025,1.01,0.1,0.2,0.5,0.5,3.55,-10.12,True
1.04,0.025,1.01,0.1,0.2,0.75,0.25,3.55,-10.1,True
1.04,0.025,1.01,0.1,0.2,1.0,0.0,3.56,-10.07,True
1.04,0.025,1.01,0.1,0.3,0.0,1.0,4.64,-12.62,True
1.04,0.025,1.01,0.1,0.3,0.25,0.75,4.65,-12.59,True
1.04,0.025,1.01,0.1,0.3,0.5,0.5,4.66,-12.57,True
1.04,0.025,1.01,0.1,0.3,0.75,0.25,4.66,-12.54,True
1.04,0.025,1.01,0.1,0.3,1.0,0.0,4.67,-12.51,True
1.04,0.025,1.01,0.2,0.0,0.0,1.0,-0.19,-6.26,True
1.04,0.025,1.01,0.2,0.0,0.25,0.75,-0.17,-5.71,True
1.04,0.025,1.01,0.2,0.0,0.5,0.5,-0.15,-5.15,True
1.04,0.025,1.01,0.2,0.0,0.75,0.25,-0.13,-4.59,True
1.04,0.025,1.01,0.2,0.0,1.0,0.0,-0.11,-4.02,True
1.04,0.025,1.01,0.2,0.1,0.0,1.0,1.99,-6.56,True
1.04,0.025,1.01,0.2,0.1,0.25,0.75,2.0,-6.53,True
1.04,0.025,1.01,0.2,0.1,0.5,0.5,2.02,-6.51,True
1.04,0.025,1.01,0.2,0.1,0.75,0.25,2.04,-6.48,True
1.04,0.025,1.01,0.2,0.1,1.0,0.0,2.05,-6.45,True
1.04,0.025,1.01,0.2,0.2,0.0,1.0,3.46,-10.4,True
1.04,0.025,1.01,0.2,0.2,0.25,0.75,3.47,-10.35,True
1.04,0.025,1.01,0.2,0.2,0.5,0.5,3.49,-10.31,True
1.04,0.025,1.01,0.2,0.2,0.75,0.25,3.5,-10.26,True
1.04,0.025,1.01,0.2,0.2,1.0,0.0,3.52,-10.22,True
1.04,0.025,1.01,0.2,0.3,0.0,1.0,4.57,-12.91,True
1.04,0.025,1.01,0.2,0.3,0.25,0.75,4.59,-12.86,True
1.04,0.025,1.01,0.2,0.3,0.5,0.5,4.6,-12.8,True
1.04,0.025,1.01,0.2,0.3,0.75,0.25,4.62,-12.75,True
1.04,0.025,1.01,0.2,0.3,1.0,0.0,4.63,-12.69,True
1.04,0.025,1.01,0.3,0.0,0.0,1.0,-0.29,-9.32,True
1.04,0.025,1.01,0.3,0.0,0.25,0.75,-0.26,-8.49,True
1.04,0.025,1.01,0.3,0.0,0.5,0.5,-0.23,-7.67,True
1.04,0.025,1.01,0.3,0.0,0.75,0.25,-0.2,-6.84,True
1.04,0.025,1.01,0.3,0.0,1.0,0.0,-0.17,-6.0,True
1.04,0.025,1.01,0.3,0.1,0.0,1.0,1.91,-6.72,True
1.04,0.025,1.01,0.3,0.1,0.25,0.75,1.93,-6.68,True
1.04,0.025,1.01,0.3,0.1,0.5,0.5,1.96,-6.63,True
1.04,0.025,1.01,0.3,0.1,0.75,0.25,1.98,-6.59,True
1.04,0.025,1.01,0.3,0.1,1.0,0.0,2.0,-6.54,True
1.04,0.025,1.01,0.3,0.2,0.0,1.0,3.39,-10.62,True
1.04,0.025,1.01,0.3,0.2,0.25,0.75,3.41,-10.55,True
1.04,0.025,1.01,0.3,0.2,0.5,0.5,3.43,-10.49,True
1.04,0.025,1.01,0.3,0.2,0.75,0.25,3.45,-10.42,True
1.04,0.025,1.01,0.3,0.2,1.0,0.0,3.48,-10.36,True
1.04,0.025,1.01,0.3,0.3,0.0,1.0,4.54,-13.08,True
1.04,0.025,1.01,0.3,0.3,0.25,0.75,4.56,-13.01,True
1.04,0.025,1.01,0.3,0.3,0.5,0.5,4.57,-12.95,True
1.04,0.025,1.01,0.3,0.3,0.75,0.25,4.59,-12.88,True
1.04,0.025,1.01,0.3,0.3,1.0,0.0,4.61,-12.81,True
1.04,0.025,1.01,0.4,0.0,0.0,1.0,-0.39,-12.31,True
1.04,0.025,1.01,0.4,0.0,0.25,0.75,-0.35,-11.23,True
1.04,0.025,1.01,0.4,0.0,0.5,0.5,-0.31,-10.15,True
1.04,0.025,1.01,0.4,0.0,0.75,0.25,-0.27,-9.06,True
1.04,0.025,1.01,0.4,0.0,1.0,0.0,-0.23,-7.96,True
1.04,0.025,1.01,0.4,0.1,0.0,1.0,1.83,-7.96,True
1.04,0.025,1.01,0.4,0.1,0.25,0.75,1.86,-6.88,True
1.04,0.025,1.01,0.4,0.1,0.5,0.5,1.9,-6.74,True
1.04,0.025,1.01,0.4,0.1,0.75,0.25,1.93,-6.69,True
1.04,0.025,1.01,0.4,0.1,1.0,0.0,1.96,-6.63,True
1.04,0.025,1.01,0.4,0.2,0.0,1.0,3.35,-10.73,True
1.04,0.025,1.01,0.4,0.2,0.25,0.75,3.38,-10.66,True
1.04,0.025,1.01,0.4,0.2,0.5,0.5,3.4,-10.59,True
1.04,0.025,1.01,0.4,0.2,0.75,0.25,3.43,-10.51,True
1.04,0.025,1.01,0.4,0.2,1.0,0.0,3.46,-10.44,True
1.04,0.025,1.01,0.4,0.3,0.0,1.0,4.5,-13.23,True
1.04,0.025,1.01,0.4,0.3,0.25,0.75,4.52,-13.15,True
1.04,0.025,1.01,0.4,0.3,0.5,0.5,4.55,-13.07,True
1.04,0.025,1.01,0.4,0.3,0.75,0.25,4.57,-12.99,True
1.04,0.025,1.01,0.4,0.3,1.0,0.0,4.59,-12.91,True
1.04,0.025,1.02,0.1,0.0,0.0,1.0,-0.02,-3.29,True
1.04,0.025,1.02,0.1,0.0,0.25,0.75,-0.02,-3.01,True
1.04,0.025,1.02,0.1,0.0,0.5,0.5,-0.01,-2.74,True
1.04,0.025,1.02,0.1,0.0,0.75,0.25,-0.01,-2.47,True
1.04,0.025,1.02,0.1,0.0,1.0,0.0,-0.01,-2.19,True
1.04,0.025,1.02,0.1,0.1,0.0,1.0,2.13,-6.36,True
1.04,0.025,1.02,0.1,0.1,0.25,0.75,2.13,-6.35,True
1.04,0.025,1.02,0.1,0.1,0.5,0.5,2.13,-6.34,True
1.04,0.025,1.02,0.1,0.1,0.75,0.25,2.13,-6.34,True
1.04,0.025,1.02,0.1,0.1,1.0,0.0,2.14,-6.33,True
1.04,0.025,1.02,0.1,0.2,0.0,1.0,3.58,-10.09,True
1.04,0.025,1.02,0.1,0.2,0.25,0.75,3.59,-10.07,True
1.04,0.025,1.02,0.1,0.2,0.5,0.5,3.59,-10.06,True
1.04,0.025,1.02,0.1,0.2,0.75,0.25,3.59,-10.05,True
1.04,0.025,1.02,0.1,0.2,1.0,0.0,3.59,-10.03,True
1.04,0.025,1.02,0.1,0.3,0.0,1.0,4.69,-12.53,True
1.04,0.025,1.02,0.1,0.3,0.25,0.75,4.69,-12.52,True
1.04,0.025,1.02,0.1,0.3,0.5,0.5,4.7,-12.5,True
1.04,0.025,1.02,0.1,0.3,0.75,0.25,4.7,-12.48,True
1.04,0.025,1.02,0.1,0.3,1.0,0.0,4.7,-12.47,True
1.04,0.025,1.02,0.2,0.0,0.0,1.0,-0.04,-6.53,True
1.04,0.025,1.02,0.2,0.0,0.25,0.75,-0.04,-5.99,True
1.04,0.025,1.02,0.2,0.0,0.5,0.5,-0.03,-5.45,True
1.04,0.025,1.02,0.2,0.0,0.75,0.25,-0.03,-4.91,True
1.04,0.025,1.02,0.2,0.0,1.0,0.0,-0.02,-4.36,True
1.04,0.025,1.02,0.2,0.1,0.0,1.0,2.11,-6.45,True
1.04,0.025,1.02,0.2,0.1,0.25,0.75,2.11,-6.44,True
1.04,0.025,1.02,0.2,0.1,0.5,0.5,2.11,-6.42,True
1.04,0.025,1.02,0.2,0.1,0.75,0.25,2.12,-6.4,True
1.04,0.025,1.02,0.2,0.1,1.0,0.0,2.12,-6.39,True
1.04,0.025,1.02,0.2,0.2,0.0,1.0,3.56,-10.25,True
1.04,0.025,1.02,0.2,0.2,0.25,0.75,3.57,-10.22,True
1.04,0.025,1.02,0.2,0.2,0.5,0.5,3.57,-10.19,True
1.04,0.025,1.02,0.2,0.2,0.75,0.25,3.58,-10.16,True
1.04,0.025,1.02,0.2,0.2,1.0,0.0,3.58,-10.14,True
1.04,0.025,1.02,0.2,0.3,0.0,1.0,4.67,-12.74,True
1.04,0.025,1.02,0.2,0.3,0.25,0.75,4.68,-12.71,True
1.04,0.025,1.02,0.2,0.3,0.5,0.5,4.68,-12.67,True
1.04,0.025,1.02,0.2,0.3,0.75,0.25,4.68,-12.64,True
1.04,0.025,1.02,0.2,0.3,1.0,0.0,4.69,-12.6,True
1.04,0.025,1.02,0.3,0.0,0.0,1.0,-0.07,-9.72,True
1.04,0.025,1.02,0.3,0.0,0.25,0.75,-0.06,-8.93,True
1.04,0.025,1.02,0.3,0.0,0.5,0.5,-0.05,-8.13,True
1.04,0.025,1.02,0.3,0.0,0.75,0.25,-0.04,-7.32,True
1.04,0.025,1.02,0.3,0.0,1.0,0.0,-0.04,-6.52,True
1.04,0.025,1.02,0.3,0.1,0.0,1.0,2.08,-6.56,True
1.04,0.025,1.02,0.3,0.1,0.25,0.75,2.09,-6.53,True
1.04,0.025,1.02,0.3,0.1,0.5,0.5,2.1,-6.5,True
1.04,0.025,1.02,0.3,0.1,0.75,0.25,2.1,-6.48,True
1.04,0.025,1.02,0.3,0.1,1.0,0.0,2.11,-6.45,True
1.04,0.025,1.02,0.3,0.2,0.0,1.0,3.54,-10.39,True
1.04,0.025,1.02,0.3,0.2,0.25,0.75,3.55,-10.35,True
1.04,0.025,1.02,0.3,0.2,0.5,0.5,3.56,-10.31,True
1.04,0.025,1.02,0.3,0.2,0.75,0.25,3.56,-10.27,True
1.04,0.025,1.02,0.3,0.2,1.0,0.0,3.57,-10.23,True
1.04,0.025,1.02,0.3,0.3,0.0,1.0,4.67,-12.8,True
1.04,0.025,1.02,0.3,0.3,0.25,0.75,4.68,-12.76,True
1.04,0.025,1.02,0.3,0.3,0.5,0.5,4.69,-12.72,True
1.04,0.025,1.02,0.3,0.3,0.75,0.25,4.69,-12.68,True
1.04,0.025,1.02,0.3,0.3,1.0,0.0,4.7,-12.64,True
1.04,0.025,1.02,0.4,0.0,0.0,1.0,-0.1,-12.87,True
1.04,0.025,1.02,0.4,0.0,0.25,0.75,-0.09,-11.83,True
1.04,0.025,1.02,0.4,0.0,0.5,0.5,-0.08,-10.77,True
1.04,0.025,1.02,0.4,0.0,0.75,0.25,-0.06,-9.71,True
1.04,0.025,1.02,0.4,0.0,1.0,0.0,-0.05,-8.65,True
1.04,0.025,1.02,0.4,0.1,0.0,1.0,2.06,-8.71,True
1.04,0.025,1.02,0.4,0.1,0.25,0.75,2.07,-7.63,True
1.04,0.025,1.02,0.4,0.1,0.5,0.5,2.08,-6.57,True
1.04,0.025,1.02,0.4,0.1,0.75,0.25,2.09,-6.54,True
1.04,0.025,1.02,0.4,0.1,1.0,0.0,2.1,-6.5,True
1.04,0.025,1.02,0.4,0.2,0.0,1.0,3.56,-10.39,True
1.04,0.025,1.02,0.4,0.2,0.25,0.75,3.56,-10.35,True
1.04,0.025,1.02,0.4,0.2,0.5,0.5,3.57,-10.31,True
1.04,0.025,1.02,0.4,0.2,0.75,0.25,3.58,-10.28,True
1.04,0.025,1.02,0.4,0.2,1.0,0.0,3.59,-10.24,True
1.04,0.025,1.02,0.4,0.3,0.0,1.0,4.67,-12.82,True
1.04,0.025,1.02,0.4,0.3,0.25,0.75,4.68,-12.78,True
1.04,0.025,1.02,0.4,0.3,0.5,0.5,4.68,-12.74,True
1.04,0.025,1.02,0.4,0.3,0.75,0.25,4.69,-12.7,True
1.04,0.025,1.02,0.4,0.3,1.0,0.0,4.7,-12.66,True
1.04,0.03,0.95,0.1,0.0,0.0,1.0,0.69,-10.98,True
1.04,0.03,0.95,0.1,0.0,0.25,0.75,0.63,-9.9,True
1.04,0.03,0.95,0.1,0.0,0.5,0.5,0.58,-8.76,True
1.04,0.03,0.95,0.1,0.0,0.75,0.25,0.52,-7.55,True
1.04,0.03,0.95,0.1,0.0,1.0,0.0,0.45,-6.26,True
1.04,0.03,0.95,0.1,0.1,0.0,1.0,2.67,-14.94,True
1.04,0.03,0.95,0.1,0.1,0.25,0.75,2.62,-14.04,True
1.04,0.03,0.95,0.1,0.1,0.5,0.5,2.58,-13.1,True
1.04,0.03,0.95,0.1,0.1,0.75,0.25,2.53,-12.1,True
1.04,0.03,0.95,0.1,0.1,1.0,0.0,2.48,-11.05,True
1.04,0.03,0.95,0.1,0.2,0.0,1.0,4.05,-17.35,True
1.04,0.03,0.95,0.1,0.2,0.25,0.75,4.01,-16.56,True
1.04,0.03,0.95,0.1,0.2,0.5,0.5,3.97,-15.73,True
1.04,0.03,0.95,0.1,0.2,0.75,0.25,3.93,-14.86,True
1.04,0.03,0.95,0.1,0.2,1.0,0.0,3.89,-13.93,True
1.04,0.03,0.95,0.1,0.3,0.0,1.0,5.12,-18.98,True
1.04,0.03,0.95,0.1,0.3,0.25,0.75,5.08,-18.26,True
1.04,0.03,0.95,0.1,0.3,0.5,0.5,5.04,-17.5,True
1.04,0.03,0.95,0.1,0.3,0.75,0.25,5.01,-16.7,True
1.04,0.03,0.95,0.1,0.3,1.0,0.0,4.97,-15.86,True
1.04,0.03,0.95,0.2,0.0,0.0,1.0,1.24,-17.32,True
1.04,0.03,0.95,0.2,0.0,0.25,0.75,1.15,-15.89,True
1.04,0.03,0.95,0.2,0.0,0.5,0.5,1.05,-14.33,True
1.04,0.03,0.95,0.2,0.0,0.75,0.25,0.95,-12.59,True
1.04,0.03,0.95,0.2,0.0,1.0,0.0,0.85,-10.67,True
1.04,0.03,0.95,0.2,0.1,0.0,1.0,3.11,-20.18,True
1.04,0.03,0.95,0.2,0.1,0.25,0.75,3.03,-18.96,True
1.04,0.03,0.95,0.2,0.1,0.5,0.5,2.96,-17.62,True
1.04,0.03,0.95,0.2,0.1,0.75,0.25,2.87,-16.15,True
1.04,0.03,0.95,0.2,0.1,1.0,0.0,2.79,-14.54,True
1.04,0.03,0.95,0.2,0.2,0.0,1.0,4.44,-21.97,True
1.04,0.03,0.95,0.2,0.2,0.25,0.75,4.37,-20.86,True
1.04,0.03,0.95,0.2,0.2,0.5,0.5,4.3,-19.66,True
1.04,0.03,0.95,0.2,0.2,0.75,0.25,4.23,-18.35,True
1.04,0.03,0.95,0.2,0.2,1.0,0.0,4.16,-16.91,True
1.04,0.03,0.95,0.2,0.3,0.0,1.0,5.48,-23.19,True
1.04,0.03,0.95,0.2,0.3,0.25,0.75,5.41,-22.17,True
1.04,0.03,0.95,0.2,0.3,0.5,0.5,5.35,-21.05,True
1.04,0.03,0.95,0.2,0.3,0.75,0.25,5.28,-19.84,True
1.04,0.03,0.95,0.2,0.3,1.0,0.0,5.21,-18.52,True
1.04,0.03,0.95,0.3,0.0,0.0,1.0,1.7,-21.46,True
1.04,0.03,0.95,0.3,0.0,0.25,0.75,1.58,-19.91,True
1.04,0.03,0.95,0.3,0.0,0.5,0.5,1.46,-18.17,True
1.04,0.03,0.95,0.3,0.0,0.75,0.25,1.33,-16.2,True
1.04,0.03,0.95,0.3,0.0,1.0,0.0,1.2,-13.95,True
1.04,0.03,0.95,0.3,0.1,0.0,1.0,3.48,-23.69,True
1.04,0.03,0.95,0.3,0.1,0.25,0.75,3.39,-22.33,True
1.04,0.03,0.95,0.3,0.1,0.5,0.5,3.28,-20.82,True
1.04,0.03,0.95,0.3,0.1,0.75,0.25,3.18,-19.12,True
1.04,0.03,0.95,0.3,0.1,1.0,0.0,3.07,-17.19,True
1.04,0.03,0.95,0.3,0.2,0.0,1.0,4.63,-24.27,True
1.04,0.03,0.95,0.3,0.2,0.25,0.75,4.56,-23.1,True
1.04,0.03,0.95,0.3,0.2,0.5,0.5,4.48,-21.81,True
1.04,0.03,0.95,0.3,0.2,0.75,0.25,4.4,-20.35,True
1.04,0.03,0.95,0.3,0.2,1.0,0.0,4.32,-18.71,True
1.04,0.03,0.95,0.3,0.3,0.0,1.0,5.3,-23.04,True
1.04,0.03,0.95,0.3,0.3,0.25,0.75,5.27,-22.11,True
1.04,0.03,0.95,0.3,0.3,0.5,0.5,5.23,-21.08,True
1.04,0.03,0.95,0.3,0.3,0.75,0.25,5.19,-19.95,True
1.04,0.03,0.95,0.3,0.3,1.0,0.0,5.14,-18.69,True
1.04,0.03,0.95,0.4,0.0,0.0,1.0,2.08,-24.37,True
1.04,0.03,0.95,0.4,0.0,0.25,0.75,1.95,-22.8,True
1.04,0.03,0.95,0.4,0.0,0.5,0.5,1.81,-20.99,True
1.04,0.03,0.95,0.4,0.0,0.75,0.25,1.66,-18.91,True
1.04,0.03,0.95,0.4,0.0,1.0,0.0,1.5,-16.48,True
1.04,0.03,0.95,0.4,0.1,0.0,1.0,3.65,-25.49,True
1.04,0.03,0.95,0.4,0.1,0.25,0.75,3.55,-24.12,True
1.04,0.03,0.95,0.4,0.1,0.5,0.5,3.45,-22.56,True
1.04,0.03,0.95,0.4,0.1,0.75,0.25,3.34,-20.78,True
1.04,0.03,0.95,0.4,0.1,1.0,0.0,3.22,-18.72,True
1.04,0.03,0.95,0.4,0.2,0.0,1.0,4.44,-24.11,True
1.04,0.03,0.95,0.4,0.2,0.25,0.75,4.39,-22.97,True
1.04,0.03,0.95,0.4,0.2,0.5,0.5,4.34,-21.71,True
1.04,0.03,0.95,0.4,0.2,0.75,0.25,4.28,-20.3,True
1.04,0.03,0.95,0.4,0.2,1.0,0.0,4.22,-18.71,True
1.04,0.03,0.95,0.4,0.3,0.0,1.0,5.14,-22.82,True
1.04,0.03,0.95,0.4,0.3,0.25,0.75,5.13,-21.93,True
1.04,0.03,0.95,0.4,0.3,0.5,0.5,5.11,-20.96,True
1.04,0.03,0.95,0.4,0.3,0.75,0.25,5.08,-19.88,True
1.04,0.03,0.95,0.4,0.3,1.0,0.0,5.05,-18.69,True
1.04,0.03,0.97,0.1,0.0,0.0,1.0,0.77,-9.53,True
1.04,0.03,0.97,0.1,0.0,0.25,0.75,0.7,-8.59,True
1.04,0.03,0.97,0.1,0.0,0.5,0.5,0.64,-7.59,True
1.04,0.03,0.97,0.1,0.0,0.75,0.25,0.56,-6.53,True
1.04,0.03,0.97,0.1,0.0,1.0,0.0,0.49,-5.4,True
1.04,0.03,0.97,0.1,0.1,0.0,1.0,2.71,-13.56,True
1.04,0.03,0.97,0.1,0.1,0.25,0.75,2.66,-12.8,True
1.04,0.03,0.97,0.1,0.1,0.5,0.5,2.6,-11.98,True
1.04,0.03,0.97,0.1,0.1,0.75,0.25,2.55,-11.12,True
1.04,0.03,0.97,0.1,0.1,1.0,0.0,2.49,-10.22,True
1.04,0.03,0.97,0.1,0.2,0.0,1.0,4.08,-16.05,True
1.04,0.03,0.97,0.1,0.2,0.25,0.75,4.03,-15.38,True
1.04,0.03,0.97,0.1,0.2,0.5,0.5,3.98,-14.68,True
1.04,0.03,0.97,0.1,0.2,0.75,0.25,3.93,-13.93,True
1.04,0.03,0.97,0.1,0.2,1.0,0.0,3.88,-13.14,True
1.04,0.03,0.97,0.1,0.3,0.0,1.0,5.14,-17.74,True
1.04,0.03,0.97,0.1,0.3,0.25,0.75,5.1,-17.13,True
1.04,0.03,0.97,0.1,0.3,0.5,0.5,5.05,-16.49,True
1.04,0.03,0.97,0.1,0.3,0.75,0.25,5.01,-15.82,True
1.04,0.03,0.97,0.1,0.3,1.0,0.0,4.96,-15.11,True
1.04,0.03,0.97,0.2,0.0,0.0,1.0,1.39,-15.04,True
1.04,0.03,0.97,0.2,0.0,0.25,0.75,1.28,-13.78,True
1.04,0.03,0.97,0.2,0.0,0.5,0.5,1.16,-12.41,True
1.04,0.03,0.97,0.2,0.0,0.75,0.25,1.04,-10.89,True
1.04,0.03,0.97,0.2,0.0,1.0,0.0,0.92,-9.2,True
1.04,0.03,0.97,0.2,0.1,0.0,1.0,3.21,-18.03,True
1.04,0.03,0.97,0.2,0.1,0.25,0.75,3.12,-16.97,True
1.04,0.03,0.97,0.2,0.1,0.5,0.5,3.03,-15.82,True
1.04,0.03,0.97,0.2,0.1,0.75,0.25,2.93,-14.55,True
1.04,0.03,0.97,0.2,0.1,1.0,0.0,2.83,-13.16,True
1.04,0.03,0.97,0.2,0.2,0.0,1.0,4.53,-19.91,True
1.04,0.03,0.97,0.2,0.2,0.25,0.75,4.45,-18.97,True
1.04,0.03,0.97,0.2,0.2,0.5,0.5,4.36,-17.95,True
1.04,0.03,0.97,0.2,0.2,0.75,0.25,4.27,-16.84,True
1.04,0.03,0.97,0.2,0.2,1.0,0.0,4.18,-15.61,True
1.04,0.03,0.97,0.2,0.3,0.0,1.0,5.56,-21.21,True
1.04,0.03,0.97,0.2,0.3,0.25,0.75,5.48,-20.35,True
1.04,0.03,0.97,0.2,0.3,0.5,0.5,5.4,-19.41,True
1.04,0.03,0.97,0.2,0.3,0.75,0.25,5.32,-18.39,True
1.04,0.03,0.97,0.2,0.3,1.0,0.0,5.24,-17.28,True
1.04,0.03,0.97,0.3,0.0,0.0,1.0,1.89,-18.63,True
1.04,0.03,0.97,0.3,0.0,0.25,0.75,1.75,-17.27,True
1.04,0.03,0.97,0.3,0.0,0.5,0.5,1.6,-15.74,True
1.04,0.03,0.97,0.3,0.0,0.75,0.25,1.45,-14.01,True
1.04,0.03,0.97,0.3,0.0,1.0,0.0,1.28,-12.03,True
1.04,0.03,0.97,0.3,0.1,0.0,1.0,3.63,-21.01,True
1.04,0.03,0.97,0.3,0.1,0.25,0.75,3.52,-19.84,True
1.04,0.03,0.97,0.3,0.1,0.5,0.5,3.39,-18.54,True
1.04,0.03,0.97,0.3,0.1,0.75,0.25,3.26,-17.06,True
1.04,0.03,0.97,0.3,0.1,1.0,0.0,3.13,-15.4,True
1.04,0.03,0.97,0.3,0.2,0.0,1.0,4.76,-21.86,True
1.04,0.03,0.97,0.3,0.2,0.25,0.75,4.67,-20.86,True
1.04,0.03,0.97,0.3,0.2,0.5,0.5,4.57,-19.75,True
1.04,0.03,0.97,0.3,0.2,0.75,0.25,4.47,-18.51,True
1.04,0.03,0.97,0.3,0.2,1.0,0.0,4.36,-17.1,True
1.04,0.03,0.97,0.3,0.3,0.0,1.0,5.4,-21.15,True
1.04,0.03,0.97,0.3,0.3,0.25,0.75,5.35,-20.36,True
1.04,0.03,0.97,0.3,0.3,0.5,0.5,5.29,-19.49,True
1.04,0.03,0.97,0.3,0.3,0.75,0.25,5.23,-18.53,True
1.04,0.03,0.97,0.3,0.3,1.0,0.0,5.17,-17.47,True
1.04,0.03,0.97,0.4,0.0,0.0,1.0,2.31,-21.15,True
1.04,0.03,0.97,0.4,0.0,0.25,0.75,2.15,-19.77,True
1.04,0.03,0.97,0.4,0.0,0.5,0.5,1.98,-18.18,True
1.04,0.03,0.97,0.4,0.0,0.75,0.25,1.8,-16.35,True
1.04,0.03,0.97,0.4,0.0,1.0,0.0,1.61,-14.21,True
1.04,0.03,0.97,0.4,0.1,0.0,1.0,3.83,-22.55,True
1.04,0.03,0.97,0.4,0.1,0.25,0.75,3.71,-21.36,True
1.04,0.03,0.97,0.4,0.1,0.5,0.5,3.58,-20.01,True
1.04,0.03,0.97,0.4,0.1,0.75,0.25,3.44,-18.47,True
1.04,0.03,0.97,0.4,0.1,1.0,0.0,3.29,-16.69,True
1.04,0.03,0.97,0.4,0.2,0.0,1.0,4.57,-21.75,True
1.04,0.03,0.97,0.4,0.2,0.25,0.75,4.51,-20.78,True
1.04,0.03,0.97,0.4,0.2,0.5,0.5,4.43,-19.7,True
1.04,0.03,0.97,0.4,0.2,0.75,0.25,4.35,-18.5,True
1.04,0.03,0.97,0.4,0.2,1.0,0.0,4.26,-17.14,True
1.04,0.03,0.97,0.4,0.3,0.0,1.0,5.25,-21.01,True
1.04,0.03,0.97,0.4,0.3,0.25,0.75,5.22,-20.26,True
1.04,0.03,0.97,0.4,0.3,0.5,0.5,5.17,-19.43,True
1.04,0.03,0.97,0.4,0.3,0.75,0.25,5.13,-18.52,True
1.04,0.03,0.97,0.4,0.3,1.0,0.0,5.08,-17.51,True
1.04,0.03,0.99,0.1,0.0,0.0,1.0,0.88,-7.57,True
1.04,0.03,0.99,0.1,0.0,0.25,0.75,0.8,-6.81,True
1.04,0.03,0.99,0.1,0.0,0.5,0.5,0.72,-6.01,True
1.04,0.03,0.99,0.1,0.0,0.75,0.25,0.64,-5.15,True
1.04,0.03,0.99,0.1,0.0,1.0,0.0,0.55,-4.23,True
1.04,0.03,0.99,0.1,0.1,0.0,1.0,2.85,-11.84,True
1.04,0.03,0.99,0.1,0.1,0.25,0.75,2.78,-11.24,True
1.04,0.03,0.99,0.1,0.1,0.5,0.5,2.72,-10.62,True
1.04,0.03,0.99,0.1,0.1,0.75,0.25,2.65,-9.96,True
1.04,0.03,0.99,0.1,0.1,1.0,0.0,2.59,-9.26,True
1.04,0.03,0.99,0.1,0.2,0.0,1.0,4.22,-14.42,True
1.04,0.03,0.99,0.1,0.2,0.25,0.75,4.16,-13.92,True
1.04,0.03,0.99,0.1,0.2,0.5,0.5,4.11,-13.39,True
1.04,0.03,0.99,0.1,0.2,0.75,0.25,4.05,-12.84,True
1.04,0.03,0.99,0.1,0.2,1.0,0.0,3.99,-12.25,True
1.04,0.03,0.99,0.1,0.3,0.0,1.0,5.28,-16.15,True
1.04,0.03,0.99,0.1,0.3,0.25,0.75,5.23,-15.7,True
1.04,0.03,0.99,0.1,0.3,0.5,0.5,5.18,-15.24,True
1.04,0.03,0.99,0.1,0.3,0.75,0.25,5.12,-14.75,True
1.04,0.03,0.99,0.1,0.3,1.0,0.0,5.07,-14.24,True
1.04,0.03,0.99,0.2,0.0,0.0,1.0,1.57,-11.95,True
1.04,0.03,0.99,0.2,0.0,0.25,0.75,1.44,-10.94,True
1.04,0.03,0.99,0.2,0.0,0.5,0.5,1.31,-9.82,True
1.04,0.03,0.99,0.2,0.0,0.75,0.25,1.17,-8.59,True
1.04,0.03,0.99,0.2,0.0,1.0,0.0,1.03,-7.22,True
1.04,0.03,0.99,0.2,0.1,0.0,1.0,3.41,-15.17,True
1.04,0.03,0.99,0.2,0.1,0.25,0.75,3.3,-14.35,True
1.04,0.03,0.99,0.2,0.1,0.5,0.5,3.19,-13.46,True
1.04,0.03,0.99,0.2,0.1,0.75,0.25,3.08,-12.47,True
1.04,0.03,0.99,0.2,0.1,1.0,0.0,2.96,-11.39,True
1.04,0.03,0.99,0.2,0.2,0.0,1.0,4.72,-17.17,True
1.04,0.03,0.99,0.2,0.2,0.25,0.75,4.62,-16.46,True
1.04,0.03,0.99,0.2,0.2,0.5,0.5,4.53,-15.69,True
1.04,0.03,0.99,0.2,0.2,0.75,0.25,4.43,-14.85,True
1.04,0.03,0.99,0.2,0.2,1.0,0.0,4.32,-13.93,True
1.04,0.03,0.99,0.2,0.3,0.0,1.0,5.74,-18.52,True
1.04,0.03,0.99,0.2,0.3,0.25,0.75,5.65,-17.89,True
1.04,0.03,0.99,0.2,0.3,0.5,0.5,5.56,-17.2,True
1.04,0.03,0.99,0.2,0.3,0.75,0.25,5.47,-16.45,True
1.04,0.03,0.99,0.2,0.3,1.0,0.0,5.37,-15.63,True
1.04,0.03,0.99,0.3,0.0,0.0,1.0,2.14,-14.81,True
1.04,0.03,0.99,0.3,0.0,0.25,0.75,1.98,-13.7,True
1.04,0.03,0.99,0.3,0.0,0.5,0.5,1.81,-12.46,True
1.04,0.03,0.99,0.3,0.0,0.75,0.25,1.63,-11.05,True
1.04,0.03,0.99,0.3,0.0,1.0,0.0,1.44,-9.44,True
1.04,0.03,0.99,0.3,0.1,0.0,1.0,3.88,-17.4,True
1.04,0.03,0.99,0.3,0.1,0.25,0.75,3.74,-16.49,True
1.04,0.03,0.99,0.3,0.1,0.5,0.5,3.6,-15.47,True
1.04,0.03,0.99,0.3,0.1,0.75,0.25,3.45,-14.32,True
1.04,0.03,0.99,0.3,0.1,1.0,0.0,3.3,-13.02,True
1.04,0.03,0.99,0.3,0.2,0.0,1.0,4.99,-18.6,True
1.04,0.03,0.99,0.3,0.2,0.25,0.75,4.88,-17.83,True
1.04,0.03,0.99,0.3,0.2,0.5,0.5,4.77,-16.97,True
1.04,0.03,0.99,0.3,0.2,0.75,0.25,4.65,-16.02,True
1.04,0.03,0.99,0.3,0.2,1.0,0.0,4.53,-14.95,True
1.04,0.03,0.99,0.3,0.3,0.0,1.0,5.6,-18.61,True
1.04,0.03,0.99,0.3,0.3,0.25,0.75,5.53,-18.0,True
1.04,0.03,0.99,0.3,0.3,0.5,0.5,5.46,-17.33,True
1.04,0.03,0.99,0.3,0.3,0.75,0.25,5.39,-16.6,True
1.04,0.03,0.99,0.3,0.3,1.0,0.0,5.31,-15.8,True
1.04,0.03,0.99,0.4,0.0,0.0,1.0,2.61,-16.82,True
1.04,0.03,0.99,0.4,0.0,0.25,0.75,2.43,-15.68,True
1.04,0.03,0.99,0.4,0.0,0.5,0.5,2.23,-14.39,True
1.04,0.03,0.99,0.4,0.0,0.75,0.25,2.03,-12.9,True
1.04,0.03,0.99,0.4,0.0,1.0,0.0,1.8,-11.15,True
1.04,0.03,0.99,0.4,0.1,0.0,1.0,4.12,-18.6,True
1.04,0.03,0.99,0.4,0.1,0.25,0.75,3.98,-17.65,True
1.04,0.03,0.99,0.4,0.1,0.5,0.5,3.82,-16.58,True
1.04,0.03,0.99,0.4,0.1,0.75,0.25,3.66,-15.36,True
1.04,0.03,0.99,0.4,0.1,1.0,0.0,3.49,-13.96,True
1.04,0.03,0.99,0.4,0.2,0.0,1.0,4.82,-18.61,True
1.04,0.03,0.99,0.4,0.2,0.25,0.75,4.73,-17.84,True
1.04,0.03,0.99,0.4,0.2,0.5,0.5,4.64,-16.99,True
1.04,0.03,0.99,0.4,0.2,0.75,0.25,4.54,-16.06,True
1.04,0.03,0.99,0.4,0.2,1.0,0.0,4.44,-15.01,True
1.04,0.03,0.99,0.4,0.3,0.0,1.0,5.45,-18.61,True
1.04,0.03,0.99,0.4,0.3,0.25,0.75,5.4,-18.01,True
1.04,0.03,0.99,0.4,0.3,0.5,0.5,5.35,-17.36,True
1.04,0.03,0.99,0.4,0.3,0.75,0.25,5.29,-16.65,True
1.04,0.03,0.99,0.4,0.3,1.0,0.0,5.23,-15.88,True
1.04,0.03,1.0,0.1,0.0,0.0,1.0,-0.13,-2.52,True
1.04,0.03,1.0,0.1,0.0,0.25,0.75,-0.12,-2.3,True
1.04,0.03,1.0,0.1,0.0,0.5,0.5,-0.11,-2.08,True
1.04,0.03,1.0,0.1,0.0,0.75,0.25,-0.1,-1.86,True
1.04,0.03,1.0,0.1,0.0,1.0,0.0,-0.08,-1.64,True
1.04,0.03,1.0,0.1,0.1,0.0,1.0,2.06,-6.47,True
1.04,0.03,1.0,0.1,0.1,0.25,0.75,2.07,-6.45,True
1.04,0.03,1.0,0.1,0.1,0.5,0.5,2.07,-6.43,True
1.04,0.03,1.0,0.1,0.1,0.75,0.25,2.08,-6.42,True
1.04,0.03,1.0,0.1,0.1,1.0,0.0,2.09,-6.4,True
1.04,0.03,1.0,0.1,0.2,0.0,1.0,3.53,-10.22,True
1.04,0.03,1.0,0.1,0.2,0.25,0.75,3.54,-10.19,True
1.04,0.03,1.0,0.1,0.2,0.5,0.5,3.55,-10.17,True
1.04,0.03,1.0,0.1,0.2,0.75,0.25,3.55,-10.14,True
1.04,0.03,1.0,0.1,0.2,1.0,0.0,3.56,-10.12,True
1.04,0.03,1.0,0.1,0.3,0.0,1.0,4.65,-12.66,True
1.04,0.03,1.0,0.1,0.3,0.25,0.75,4.66,-12.63,True
1.04,0.03,1.0,0.1,0.3,0.5,0.5,4.66,-12.61,True
1.04,0.03,1.0,0.1,0.3,0.75,0.25,4.67,-12.58,True
1.04,0.03,1.0,0.1,0.3,1.0,0.0,4.67,-12.55,True
1.04,0.03,1.0,0.2,0.0,0.0,1.0,-0.26,-5.0,True
1.04,0.03,1.0,0.2,0.0,0.25,0.75,-0.24,-4.57,True
1.04,0.03,1.0,0.2,0.0,0.5,0.5,-0.22,-4.14,True
1.04,0.03,1.0,0.2,0.0,0.75,0.25,-0.19,-3.71,True
1.04,0.03,1.0,0.2,0.0,1.0,0.0,-0.17,-3.28,True
1.04,0.03,1.0,0.2,0.1,0.0,1.0,1.96,-6.66,True
1.04,0.03,1.0,0.2,0.1,0.25,0.75,1.98,-6.62,True
1.04,0.03,1.0,0.2,0.1,0.5,0.5,2.0,-6.59,True
1.04,0.03,1.0,0.2,0.1,0.75,0.25,2.01,-6.56,True
1.04,0.03,1.0,0.2,0.1,1.0,0.0,2.03,-6.52,True
1.04,0.03,1.0,0.2,0.2,0.0,1.0,3.45,-10.49,True
1.04,0.03,1.0,0.2,0.2,0.25,0.75,3.47,-10.44,True
1.04,0.03,1.0,0.2,0.2,0.5,0.5,3.48,-10.4,True
1.04,0.03,1.0,0.2,0.2,0.75,0.25,3.5,-10.35,True
1.04,0.03,1.0,0.2,0.2,1.0,0.0,3.51,-10.3,True
1.04,0.03,1.0,0.2,0.3,0.0,1.0,4.58,-12.99,True
1.04,0.03,1.0,0.2,0.3,0.25,0.75,4.59,-12.93,True
1.04,0.03,1.0,0.2,0.3,0.5,0.5,4.6,-12.87,True
1.04,0.03,1.0,0.2,0.3,0.75,0.25,4.62,-12.82,True
1.04,0.03,1.0,0.2,0.3,1.0,0.0,4.63,-12.76,True
1.04,0.03,1.0,0.3,0.0,0.0,1.0,-0.4,-7.46,True
1.04,0.03,1.0,0.3,0.0,0.25,0.75,-0.36,-6.82,True
1.04,0.03,1.0,0.3,0.0,0.5,0.5,-0.33,-6.18,True
1.04,0.03,1.0,0.3,0.0,0.75,0.25,-0.29,-5.54,True
1.04,0.03,1.0,0.3,0.0,1.0,0.0,-0.25,-4.89,True
1.04,0.03,1.0,0.3,0.1,0.0,1.0,1.87,-6.86,True
1.04,0.03,1.0,0.3,0.1,0.25,0.75,1.89,-6.8,True
1.04,0.03,1.0,0.3,0.1,0.5,0.5,1.92,-6.75,True
1.04,0.03,1.0,0.3,0.1,0.75,0.25,1.94,-6.7,True
1.04,0.03,1.0,0.3,0.1,1.0,0.0,1.97,-6.65,True
1.04,0.03,1.0,0.3,0.2,0.0,1.0,3.37,-10.78,True
1.04,0.03,1.0,0.3,0.2,0.25,0.75,3.39,-10.7,True
1.04,0.03,1.0,0.3,0.2,0.5,0.5,3.42,-10.63,True
1.04,0.03,1.0,0.3,0.2,0.75,0.25,3.44,-10.56,True
1.04,0.03,1.0,0.3,0.2,1.0,0.0,3.46,-10.48,True
1.04,0.03,1.0,0.3,0.3,0.0,1.0,4.51,-13.32,True
1.04,0.03,1.0,0.3,0.3,0.25,0.75,4.53,-13.23,True
1.04,0.03,1.0,0.3,0.3,0.5,0.5,4.55,-13.14,True
1.04,0.03,1.0,0.3,0.3,0.75,0.25,4.57,-13.06,True
1.04,0.03,1.0,0.3,0.3,1.0,0.0,4.59,-12.97,True
1.04,0.03,1.0,0.4,0.0,0.0,1.0,-0.53,-9.89,True
1.04,0.03,1.0,0.4,0.0,0.25,0.75,-0.49,-9.05,True
1.04,0.03,1.0,0.4,0.0,0.5,0.5,-0.44,-8.2,True
1.04,0.03,1.0,0.4,0.0,0.75,0.25,-0.39,-7.35,True
1.04,0.03,1.0,0.4,0.0,1.0,0.0,-0.34,-6.5,True
1.04,0.03,1.0,0.4,0.1,0.0,1.0,1.77,-7.05,True
1.04,0.03,1.0,0.4,0.1,0.25,0.75,1.8,-6.98,True
1.04,0.03,1.0,0.4,0.1,0.5,0.5,1.84,-6.91,True
1.04,0.03,1.0,0.4,0.1,0.75,0.25,1.87,-6.85,True
1.04,0.03,1.0,0.4,0.1,1.0,0.0,1.91,-6.78,True
1.04,0.03,1.0,0.4,0.2,0.0,1.0,3.29,-11.06,True
1.04,0.03,1.0,0.4,0.2,0.25,0.75,3.32,-10.96,True
1.04,0.03,1.0,0.4,0.2,0.5,0.5,3.35,-10.86,True
1.04,0.03,1.0,0.4,0.2,0.75,0.25,3.38,-10.76,True
1.04,0.03,1.0,0.4,0.2,1.0,0.0,3.41,-10.66,True
1.04,0.03,1.0,0.4,0.3,0.0,1.0,4.44,-13.62,True
1.04,0.03,1.0,0.4,0.3,0.25,0.75,4.46,-13.51,True
1.04,0.03,1.0,0.4,0.3,0.5,0.5,4.49,-13.4,True
1.04,0.03,1.0,0.4,0.3,0.75,0.25,4.51,-13.29,True
1.04,0.03,1.0,0.4,0.3,1.0,0.0,4.54,-13.18,True
1.04,0.03,1.01,0.1,0.0,0.0,1.0,-0.13,-2.52,True
1.04,0.03,1.01,0.1,0.0,0.25,0.75,-0.12,-2.3,True
1.04,0.03,1.01,0.1,0.0,0.5,0.5,-0.1,-2.08,True
1.04,0.03,1.01,0.1,0.0,0.75,0.25,-0.09,-1.86,True
1.04,0.03,1.01,0.1,0.0,1.0,0.0,-0.08,-1.64,True
1.04,0.03,1.01,0.1,0.1,0.0,1.0,2.06,-6.45,True
1.04,0.03,1.01,0.1,0.1,0.25,0.75,2.06,-6.44,True
1.04,0.03,1.01,0.1,0.1,0.5,0.5,2.07,-6.42,True
1.04,0.03,1.01,0.1,0.1,0.75,0.25,2.08,-6.41,True
1.04,0.03,1.01,0.1,0.1,1.0,0.0,2.09,-6.39,True
1.04,0.03,1.01,0.1,0.2,0.0,1.0,3.53,-10.2,True
1.04,0.03,1.01,0.1,0.2,0.25,0.75,3.54,-10.18,True
1.04,0.03,1.01,0.1,0.2,0.5,0.5,3.54,-10.15,True
1.04,0.03,1.01,0.1,0.2,0.75,0.25,3.55,-10.13,True
1.04,0.03,1.01,0.1,0.2,1.0,0.0,3.56,-10.11,True
1.04,0.03,1.01,0.1,0.3,0.0,1.0,4.65,-12.65,True
1.04,0.03,1.01,0.1,0.3,0.25,0.75,4.65,-12.62,True
1.04,0.03,1.01,0.1,0.3,0.5,0.5,4.66,-12.59,True
1.04,0.03,1.01,0.1,0.3,0.75,0.25,4.66,-12.57,True
1.04,0.03,1.01,0.1,0.3,1.0,0.0,4.67,-12.54,True
1.04,0.03,1.01,0.2,0.0,0.0,1.0,-0.26,-5.0,True
1.04,0.03,1.01,0.2,0.0,0.25,0.75,-0.23,-4.57,True
1.04,0.03,1.01,0.2,0.0,0.5,0.5,-0.21,-4.14,True
1.04,0.03,1.01,0.2,0.0,0.75,0.25,-0.19,-3.71,True
1.04,0.03,1.01,0.2,0.0,1.0,0.0,-0.17,-3.28,True
1.04,0.03,1.01,0.2,0.1,0.0,1.0,1.97,-6.65,True
1.04,0.03,1.01,0.2,0.1,0.25,0.75,1.98,-6.61,True
1.04,0.03,1.01,0.2,0.1,0.5,0.5,2.0,-6.58,True
1.04,0.03,1.01,0.2,0.1,0.75,0.25,2.01,-6.54,True
1.04,0.03,1.01,0.2,0.1,1.0,0.0,2.03,-6.51,True
1.04,0.03,1.01,0.2,0.2,0.0,1.0,3.45,-10.48,True
1.04,0.03,1.01,0.2,0.2,0.25,0.75,3.47,-10.43,True
1.04,0.03,1.01,0.2,0.2,0.5,0.5,3.48,-10.38,True
1.04,0.03,1.01,0.2,0.2,0.75,0.25,3.49,-10.33,True
1.04,0.03,1.01,0.2,0.2,1.0,0.0,3.51,-10.28,True
1.04,0.03,1.01,0.2,0.3,0.0,1.0,4.58,-12.97,True
1.04,0.03,1.01,0.2,0.3,0.25,0.75,4.59,-12.92,True
1.04,0.03,1.01,0.2,0.3,0.5,0.5,4.6,-12.86,True
1.04,0.03,1.01,0.2,0.3,0.75,0.25,4.61,-12.8,True
1.04,0.03,1.01,0.2,0.3,1.0,0.0,4.63,-12.75,True
1.04,0.03,1.01,0.3,0.0,0.0,1.0,-0.39,-7.46,True
1.04,0.03,1.01,0.3,0.0,0.25,0.75,-0.35,-6.82,True
1.04,0.03,1.01,0.3,0.0,0.5,0.5,-0.32,-6.18,True
1.04,0.03,1.01,0.3,0.0,0.75,0.25,-0.28,-5.54,True
1.04,0.03,1.01,0.3,0.0,1.0,0.0,-0.25,-4.89,True
1.04,0.03,1.01,0.3,0.1,0.0,1.0,1.87,-6.84,True
1.04,0.03,1.01,0.3,0.1,0.25,0.75,1.9,-6.79,True
1.04,0.03,1.01,0.3,0.1,0.5,0.5,1.92,-6.74,True
1.04,0.03,1.01,0.3,0.1,0.75,0.25,1.94,-6.69,True
1.04,0.03,1.01,0.3,0.1,1.0,0.0,1.97,-6.64,True
1.04,0.03,1.01,0.3,0.2,0.0,1.0,3.38,-10.76,True
1.04,0.03,1.01,0.3,0.2,0.25,0.75,3.4,-10.69,True
1.04,0.03,1.01,0.3,0.2,0.5,0.5,3.42,-10.62,True
1.04,0.03,1.01,0.3,0.2,0.75,0.25,3.44,-10.54,True
1.04,0.03,1.01,0.3,0.2,1.0,0.0,3.46,-10.47,True
1.04,0.03,1.01,0.3,0.3,0.0,1.0,4.51,-13.3,True
1.04,0.03,1.01,0.3,0.3,0.25,0.75,4.53,-13.21,True
1.04,0.03,1.01,0.3,0.3,0.5,0.5,4.55,-13.13,True
1.04,0.03,1.01,0.3,0.3,0.75,0.25,4.57,-13.05,True
1.04,0.03,1.01,0.3,0.3,1.0,0.0,4.58,-12.96,True
1.04,0.03,1.01,0.4,0.0,0.0,1.0,-0.52,-9.89,True
1.04,0.03,1.01,0.4,0.0,0.25,0.75,-0.47,-9.05,True
1.04,0.03,1.01,0.4,0.0,0.5,0.5,-0.43,-8.2,True
1.04,0.03,1.01,0.4,0.0,0.75,0.25,-0.38,-7.35,True
1.04,0.03,1.01,0.4,0.0,1.0,0.0,-0.33,-6.5,True
1.04,0.03,1.01,0.4,0.1,0.0,1.0,1.78,-7.04,True
1.04,0.03,1.01,0.4,0.1,0.25,0.75,1.81,-6.97,True
1.04,0.03,1.01,0.4,0.1,0.5,0.5,1.84,-6.9,True
1.04,0.03,1.01,0.4,0.1,0.75,0.25,1.88,-6.83,True
1.04,0.03,1.01,0.4,0.1,1.0,0.0,1.91,-6.76,True
1.04,0.03,1.01,0.4,0.2,0.0,1.0,3.29,-11.04,True
1.04,0.03,1.01,0.4,0.2,0.25,0.75,3.32,-10.94,True
1.04,0.03,1.01,0.4,0.2,0.5,0.5,3.35,-10.85,True
1.04,0.03,1.01,0.4,0.2,0.75,0.25,3.38,-10.75,True
1.04,0.03,1.01,0.4,0.2,1.0,0.0,3.41,-10.65,True
1.04,0.03,1.01,0.4,0.3,0.0,1.0,4.44,-13.6,True
1.04,0.03,1.01,0.4,0.3,0.25,0.75,4.46,-13.49,True
1.04,0.03,1.01,0.4,0.3,0.5,0.5,4.49,-13.38,True
1.04,0.03,1.01,0.4,0.3,0.75,0.25,4.51,-13.28,True
1.04,0.03,1.01,0.4,0.3,1.0,0.0,4.54,-13.17,True
1.04,0.03,1.02,0.1,0.0,0.0,1.0,-0.07,-2.42,True
1.04,0.03,1.02,0.1,0.0,0.25,0.75,-0.07,-2.22,True
1.04,0.03,1.02,0.1,0.0,0.5,0.5,-0.06,-2.02,True
1.04,0.03,1.02,0.1,0.0,0.75,0.25,-0.06,-1.82,True
1.04,0.03,1.02,0.1,0.0,1.0,0.0,-0.05,-1.62,True
1.04,0.03,1.02,0.1,0.1,0.0,1.0,2.09,-6.39,True
1.04,0.03,1.02,0.1,0.1,0.25,0.75,2.1,-6.38,True
1.04,0.03,1.02,0.1,0.1,0.5,0.5,2.1,-6.37,True
1.04,0.03,1.02,0.1,0.1,0.75,0.25,2.11,-6.36,True
1.04,0.03,1.02,0.1,0.1,1.0,0.0,2.11,-6.35,True
1.04,0.03,1.02,0.1,0.2,0.0,1.0,3.56,-10.11,True
1.04,0.03,1.02,0.1,0.2,0.25,0.75,3.56,-10.09,True
1.04,0.03,1.02,0.1,0.2,0.5,0.5,3.57,-10.08,True
1.04,0.03,1.02,0.1,0.2,0.75,0.25,3.57,-10.06,True
1.04,0.03,1.02,0.1,0.2,1.0,0.0,3.57,-10.05,True
1.04,0.03,1.02,0.1,0.3,0.0,1.0,4.67,-12.54,True
1.04,0.03,1.02,0.1,0.3,0.25,0.75,4.68,-12.53,True
1.04,0.03,1.02,0.1,0.3,0.5,0.5,4.68,-12.51,True
1.04,0.03,1.02,0.1,0.3,0.75,0.25,4.68,-12.49,True
1.04,0.03,1.02,0.1,0.3,1.0,0.0,4.69,-12.47,True
1.04,0.03,1.02,0.2,0.0,0.0,1.0,-0.15,-4.83,True
1.04,0.03,1.02,0.2,0.0,0.25,0.75,-0.14,-4.43,True
1.04,0.03,1.02,0.2,0.0,0.5,0.5,-0.12,-4.04,True
1.04,0.03,1.02,0.2,0.0,0.75,0.25,-0.11,-3.64,True
1.04,0.03,1.02,0.2,0.0,1.0,0.0,-0.1,-3.24,True
1.04,0.03,1.02,0.2,0.1,0.0,1.0,2.04,-6.51,True
1.04,0.03,1.02,0.2,0.1,0.25,0.75,2.05,-6.49,True
1.04,0.03,1.02,0.2,0.1,0.5,0.5,2.06,-6.47,True
1.04,0.03,1.02,0.2,0.1,0.75,0.25,2.07,-6.45,True
1.04,0.03,1.02,0.2,0.1,1.0,0.0,2.07,-6.43,True
1.04,0.03,1.02,0.2,0.2,0.0,1.0,3.51,-10.29,True
1.04,0.03,1.02,0.2,0.2,0.25,0.75,3.52,-10.26,True
1.04,0.03,1.02,0.2,0.2,0.5,0.5,3.53,-10.23,True
1.04,0.03,1.02,0.2,0.2,0.75,0.25,3.54,-10.2,True
1.04,0.03,1.02,0.2,0.2,1.0,0.0,3.54,-10.17,True
1.04,0.03,1.02,0.2,0.3,0.0,1.0,4.63,-12.76,True
1.04,0.03,1.02,0.2,0.3,0.25,0.75,4.64,-12.72,True
1.04,0.03,1.02,0.2,0.3,0.5,0.5,4.65,-12.69,True
1.04,0.03,1.02,0.2,0.3,0.75,0.25,4.65,-12.65,True
1.04,0.03,1.02,0.2,0.3,1.0,0.0,4.66,-12.61,True
1.04,0.03,1.02,0.3,0.0,0.0,1.0,-0.23,-7.22,True
1.04,0.03,1.02,0.3,0.0,0.25,0.75,-0.21,-6.63,True
1.04,0.03,1.02,0.3,0.0,0.5,0.5,-0.19,-6.04,True
1.04,0.03,1.02,0.3,0.0,0.75,0.25,-0.17,-5.44,True
1.04,0.03,1.02,0.3,0.0,1.0,0.0,-0.15,-4.85,True
1.04,0.03,1.02,0.3,0.1,0.0,1.0,1.98,-6.63,True
1.04,0.03,1.02,0.3,0.1,0.25,0.75,2.0,-6.6,True
1.04,0.03,1.02,0.3,0.1,0.5,0.5,2.01,-6.57,True
1.04,0.03,1.02,0.3,0.1,0.75,0.25,2.02,-6.54,True
1.04,0.03,1.02,0.3,0.1,1.0,0.0,2.04,-6.51,True
1.04,0.03,1.02,0.3,0.2,0.0,1.0,3.47,-10.47,True
1.04,0.03,1.02,0.3,0.2,0.25,0.75,3.48,-10.43,True
1.04,0.03,1.02,0.3,0.2,0.5,0.5,3.49,-10.38,True
1.04,0.03,1.02,0.3,0.2,0.75,0.25,3.5,-10.34,True
1.04,0.03,1.02,0.3,0.2,1.0,0.0,3.51,-10.29,True
1.04,0.03,1.02,0.3,0.3,0.0,1.0,4.59,-12.97,True
1.04,0.03,1.02,0.3,0.3,0.25,0.75,4.6,-12.92,True
1.04,0.03,1.02,0.3,0.3,0.5,0.5,4.61,-12.87,True
1.04,0.03,1.02,0.3,0.3,0.75,0.25,4.62,-12.81,True
1.04,0.03,1.02,0.3,0.3,1.0,0.0,4.63,-12.76,True
1.04,0.03,1.02,0.4,0.0,0.0,1.0,-0.31,-9.59,True
1.04,0.03,1.02,0.4,0.0,0.25,0.75,-0.28,-8.81,True
1.04,0.03,1.02,0.4,0.0,0.5,0.5,-0.25,-8.03,True
1.04,0.03,1.02,0.4,0.0,0.75,0.25,-0.23,-7.24,True
1.04,0.03,1.02,0.4,0.0,1.0,0.0,-0.2,-6.45,True
1.04,0.03,1.02,0.4,0.1,0.0,1.0,1.92,-6.75,True
1.04,0.03,1.02,0.4,0.1,0.25,0.75,1.94,-6.71,True
1.04,0.03,1.02,0.4,0.1,0.5,0.5,1.96,-6.67,True
1.04,0.03,1.02,0.4,0.1,0.75,0.25,1.98,-6.64,True
1.04,0.03,1.02,0.4,0.1,1.0,0.0,2.0,-6.59,True
1.04,0.03,1.02,0.4,0.2,0.0,1.0,3.41,-10.64,True
1.04,0.03,1.02,0.4,0.2,0.25,0.75,3.43,-10.59,True
1.04,0.03,1.02,0.4,0.2,0.5,0.5,3.45,-10.53,True
1.04,0.03,1.02,0.4,0.2,0.75,0.25,3.47,-10.47,True
1.04,0.03,1.02,0.4,0.2,1.0,0.0,3.48,-10.41,True
1.04,0.03,1.02,0.4,0.3,0.0,1.0,4.54,-13.19,True
1.04,0.03,1.02,0.4,0.3,0.25,0.75,4.55,-13.11,True
1.04,0.03,1.02,0.4,0.3,0.5,0.5,4.57,-13.04,True
1.04,0.03,1.02,0.4,0.3,0.75,0.25,4.59,-12.97,True
1.04,0.03,1.02,0.4,0.3,1.0,0.0,4.6,-12.91,True
1.05,0.005,0.95,0.1,0.0,0.0,1.0,13.8,-26.93,True
1.05,0.005,0.95,0.1,0.0,0.25,0.75,13.02,-25.36,True
1.05,0.005,0.95,0.1,0.0,0.5,0.5,12.17,-23.53,True
1.05,0.005,0.95,0.1,0.0,0.75,0.25,11.25,-21.36,True
1.05,0.005,0.95,0.1,0.0,1.0,0.0,10.26,-18.74,True
1.05,0.005,0.95,0.1,0.1,0.0,1.0,13.83,-26.71,True
1.05,0.005,0.95,0.1,0.1,0.25,0.75,13.11,-25.14,True
1.05,0.005,0.95,0.1,0.1,0.5,0.5,12.33,-23.33,True
1.05,0.005,0.95,0.1,0.1,0.75,0.25,11.5,-21.22,True
1.05,0.005,0.95,0.1,0.1,1.0,0.0,10.61,-18.74,True
1.05,0.005,0.95,0.1,0.2,0.0,1.0,13.83,-26.45,True
1.05,0.005,0.95,0.1,0.2,0.25,0.75,13.16,-24.9,True
1.05,0.005,0.95,0.1,0.2,0.5,0.5,12.45,-23.13,True
1.05,0.005,0.95,0.1,0.2,0.75,0.25,11.7,-21.08,True
1.05,0.005,0.95,0.1,0.2,1.0,0.0,10.92,-18.73,True
1.05,0.005,0.95,0.1,0.3,0.0,1.0,13.84,-26.18,True
1.05,0.005,0.95,0.1,0.3,0.25,0.75,13.22,-24.64,True
1.05,0.005,0.95,0.1,0.3,0.5,0.5,12.56,-22.9,True
1.05,0.005,0.95,0.1,0.3,0.75,0.25,11.87,-20.94,True
1.05,0.005,0.95,0.1,0.3,1.0,0.0,11.15,-18.72,True
1.05,0.005,0.95,0.2,0.0,0.0,1.0,16.61,-26.93,True
1.05,0.005,0.95,0.2,0.0,0.25,0.75,15.61,-25.38,True
1.05,0.005,0.95,0.2,0.0,0.5,0.5,14.55,-23.56,True
1.05,0.005,0.95,0.2,0.0,0.75,0.25,13.41,-21.38,True
1.05,0.005,0.95,0.2,0.0,1.0,0.0,12.18,-18.74,True
1.05,0.005,0.95,0.2,0.1,0.0,1.0,16.4,-26.77,True
1.05,0.005,0.95,0.2,0.1,0.25,0.75,15.45,-25.22,True
1.05,0.005,0.95,0.2,0.1,0.5,0.5,14.43,-23.41,True
1.05,0.005,0.95,0.2,0.1,0.75,0.25,13.35,-21.28,True
1.05,0.005,0.95,0.2,0.1,1.0,0.0,12.21,-18.74,True
1.05,0.005,0.95,0.2,0.2,0.0,1.0,16.17,-26.59,True
1.05,0.005,0.95,0.2,0.2,0.25,0.75,15.25,-25.03,True
1.05,0.005,0.95,0.2,0.2,0.5,0.5,14.29,-23.24,True
1.05,0.005,0.95,0.2,0.2,0.75,0.25,13.28,-21.16,True
1.05,0.005,0.95,0.2,0.2,1.0,0.0,12.23,-18.73,True
1.05,0.005,0.95,0.2,0.3,0.0,1.0,15.9,-26.37,True
1.05,0.005,0.95,0.2,0.3,0.25,0.75,15.03,-24.82,True
1.05,0.005,0.95,0.2,0.3,0.5,0.5,14.13,-23.05,True
1.05,0.005,0.95,0.2,0.3,0.75,0.25,13.19,-21.02,True
1.05,0.005,0.95,0.2,0.3,1.0,0.0,12.23,-18.73,True
1.05,0.005,0.95,0.3,0.0,0.0,1.0,17.43,-26.93,True
1.05,0.005,0.95,0.3,0.0,0.25,0.75,16.38,-25.38,True
1.05,0.005,0.95,0.3,0.0,0.5,0.5,15.25,-23.56,True
1.05,0.005,0.95,0.3,0.0,0.75,0.25,14.04,-21.38,True
1.05,0.005,0.95,0.3,0.0,1.0,0.0,12.75,-18.74,True
1.05,0.005,0.95,0.3,0.1,0.0,1.0,17.13,-26.78,True
1.05,0.005,0.95,0.3,0.1,0.25,0.75,16.12,-25.23,True
1.05,0.005,0.95,0.3,0.1,0.5,0.5,15.04,-23.41,True
1.05,0.005,0.95,0.3,0.1,0.75,0.25,13.9,-21.28,True
1.05,0.005,0.95,0.3,0.1,1.0,0.0,12.69,-18.74,True
1.05,0.005,0.95,0.3,0.2,0.0,1.0,16.71,-26.6,True
1.05,0.005,0.95,0.3,0.2,0.25,0.75,15.74,-25.04,True
1.05,0.005,0.95,0.3,0.2,0.5,0.5,14.73,-23.24,True
1.05,0.005,0.95,0.3,0.2,0.75,0.25,13.66,-21.15,True
1.05,0.005,0.95,0.3,0.2,1.0,0.0,12.54,-18.73,True
1.05,0.005,0.95,0.3,0.3,0.0,1.0,16.22,-26.36,True
1.05,0.005,0.95,0.3,0.3,0.25,0.75,15.31,-24.8,True
1.05,0.005,0.95,0.3,0.3,0.5,0.5,14.35,-23.03,True
1.05,0.005,0.95,0.3,0.3,0.75,0.25,13.37,-21.01,True
1.05,0.005,0.95,0.3,0.3,1.0,0.0,12.36,-18.73,True
1.05,0.005,0.95,0.4,0.0,0.0,1.0,17.45,-26.93,True
1.05,0.005,0.95,0.4,0.0,0.25,0.75,16.41,-25.37,True
1.05,0.005,0.95,0.4,0.0,0.5,0.5,15.29,-23.55,True
1.05,0.005,0.95,0.4,0.0,0.75,0.25,14.09,-21.37,True
1.05,0.005,0.95,0.4,0.0,1.0,0.0,12.8,-18.74,True
1.05,0.005,0.95,0.4,0.1,0.0,1.0,17.01,-26.77,True
1.05,0.005,0.95,0.4,0.1,0.25,0.75,16.01,-25.21,True
1.05,0.005,0.95,0.4,0.1,0.5,0.5,14.95,-23.39,True
1.05,0.005,0.95,0.4,0.1,0.75,0.25,13.82,-21.26,True
1.05,0.005,0.95,0.4,0.1,1.0,0.0,12.62,-18.74,True
1.05,0.005,0.95,0.4,0.2,0.0,1.0,16.52,-26.57,True
1.05,0.005,0.95,0.4,0.2,0.25,0.75,15.57,-25.01,True
1.05,0.005,0.95,0.4,0.2,0.5,0.5,14.57,-23.21,True
1.05,0.005,0.95,0.4,0.2,0.75,0.25,13.53,-21.13,True
1.05,0.005,0.95,0.4,0.2,1.0,0.0,12.44,-18.73,True
1.05,0.005,0.95,0.4,0.3,0.0,1.0,15.98,-26.31,True
1.05,0.005,0.95,0.4,0.3,0.25,0.75,15.11,-24.75,True
1.05,0.005,0.95,0.4,0.3,0.5,0.5,14.21,-22.98,True
1.05,0.005,0.95,0.4,0.3,0.75,0.25,13.27,-20.98,True
1.05,0.005,0.95,0.4,0.3,1.0,0.0,12.31,-18.73,True
1.05,0.005,0.97,0.1,0.0,0.0,1.0,9.25,-23.45,True
1.05,0.005,0.97,0.1,0.0,0.25,0.75,8.74,-21.99,True
1.05,0.005,0.97,0.1,0.0,0.5,0.5,8.19,-20.38,True
1.05,0.005,0.97,0.1,0.0,0.75,0.25,7.61,-18.46,True
1.05,0.005,0.97,0.1,0.0,1.0,0.0,6.99,-16.16,True
1.05,0.005,0.97,0.1,0.1,0.0,1.0,9.91,-22.96,True
1.05,0.005,0.97,0.1,0.1,0.25,0.75,9.47,-21.67,True
1.05,0.005,0.97,0.1,0.1,0.5,0.5,8.99,-20.2,True
1.05,0.005,0.97,0.1,0.1,0.75,0.25,8.5,-18.5,True
1.05,0.005,0.97,0.1,0.1,1.0,0.0,7.98,-16.53,True
1.05,0.005,0.97,0.1,0.2,0.0,1.0,10.45,-22.57,True
1.05,0.005,0.97,0.1,0.2,0.25,0.75,10.04,-21.37,True
1.05,0.005,0.97,0.1,0.2,0.5,0.5,9.61,-20.03,True
1.05,0.005,0.97,0.1,0.2,0.75,0.25,9.17,-18.53,True
1.05,0.005,0.97,0.1,0.2,1.0,0.0,8.71,-16.83,True
1.05,0.005,0.97,0.1,0.3,0.0,1.0,10.84,-22.19,True
1.05,0.005,0.97,0.1,0.3,0.25,0.75,10.47,-21.08,True
1.05,0.005,0.97,0.1,0.3,0.5,0.5,10.09,-19.87,True
1.05,0.005,0.97,0.1,0.3,0.75,0.25,9.7,-18.54,True
1.05,0.005,0.97,0.1,0.3,1.0,0.0,9.29,-17.11,True
1.05,0.005,0.97,0.2,0.0,0.0,1.0,11.4,-26.0,True
1.05,0.005,0.97,0.2,0.0,0.25,0.75,10.75,-24.03,True
1.05,0.005,0.97,0.2,0.0,0.5,0.5,10.05,-21.93,True
1.05,0.005,0.97,0.2,0.0,0.75,0.25,9.31,-19.68,True
1.05,0.005,0.97,0.2,0.0,1.0,0.0,8.52,-17.25,True
1.05,0.005,0.97,0.2,0.1,0.0,1.0,11.6,-23.99,True
1.05,0.005,0.97,0.2,0.1,0.25,0.75,11.01,-22.05,True
1.05,0.005,0.97,0.2,0.1,0.5,0.5,10.38,-20.24,True
1.05,0.005,0.97,0.2,0.1,0.75,0.25,9.73,-18.51,True
1.05,0.005,0.97,0.2,0.1,1.0,0.0,9.05,-16.48,True
1.05,0.005,0.97,0.2,0.2,0.0,1.0,11.7,-22.68,True
1.05,0.005,0.97,0.2,0.2,0.25,0.75,11.17,-21.46,True
1.05,0.005,0.97,0.2,0.2,0.5,0.5,10.62,-20.08,True
1.05,0.005,0.97,0.2,0.2,0.75,0.25,10.05,-18.52,True
1.05,0.005,0.97,0.2,0.2,1.0,0.0,9.47,-16.77,True
1.05,0.005,0.97,0.2,0.3,0.0,1.0,11.7,-22.29,True
1.05,0.005,0.97,0.2,0.3,0.25,0.75,11.24,-21.15,True
1.05,0.005,0.97,0.2,0.3,0.5,0.5,10.77,-19.9,True
1.05,0.005,0.97,0.2,0.3,0.75,0.25,10.29,-18.54,True
1.05,0.005,0.97,0.2,0.3,1.0,0.0,9.8,-17.05,True
1.05,0.005,0.97,0.3,0.0,0.0,1.0,12.04,-24.99,True
1.05,0.005,0.97,0.3,0.0,0.25,0.75,11.35,-23.07,True
1.05,0.005,0.97,0.3,0.0,0.5,0.5,10.62,-21.03,True
1.05,0.005,0.97,0.3,0.0,0.75,0.25,9.84,-18.83,True
1.05,0.005,0.97,0.3,0.0,1.0,0.0,9.01,-16.47,True
1.05,0.005,0.97,0.3,0.1,0.0,1.0,12.02,-23.04,True
1.05,0.005,0.97,0.3,0.1,0.25,0.75,11.41,-21.73,True
1.05,0.005,0.97,0.3,0.1,0.5,0.5,10.76,-20.24,True
1.05,0.005,0.97,0.3,0.1,0.75,0.25,10.07,-18.5,True
1.05,0.005,0.97,0.3,0.1,1.0,0.0,9.36,-16.48,True
1.05,0.005,0.97,0.3,0.2,0.0,1.0,11.89,-22.66,True
1.05,0.005,0.97,0.3,0.2,0.25,0.75,11.34,-21.43,True
1.05,0.005,0.97,0.3,0.2,0.5,0.5,10.78,-20.06,True
1.05,0.005,0.97,0.3,0.2,0.75,0.25,10.19,-18.51,True
1.05,0.005,0.97,0.3,0.2,1.0,0.0,9.59,-16.78,True
1.05,0.005,0.97,0.3,0.3,0.0,1.0,11.73,-22.24,True
1.05,0.005,0.97,0.3,0.3,0.25,0.75,11.27,-21.11,True
1.05,0.005,0.97,0.3,0.3,0.5,0.5,10.79,-19.87,True
1.05,0.005,0.97,0.3,0.3,0.75,0.25,10.31,-18.53,True
1.05,0.005,0.97,0.3,0.3,1.0,0.0,9.82,-17.07,True
1.05,0.005,0.97,0.4,0.0,0.0,1.0,12.07,-23.94,True
1.05,0.005,0.97,0.4,0.0,0.25,0.75,11.39,-22.08,True
1.05,0.005,0.97,0.4,0.0,0.5,0.5,10.67,-20.39,True
1.05,0.005,0.97,0.4,0.0,0.75,0.25,9.89,-18.48,True
1.05,0.005,0.97,0.4,0.0,1.0,0.0,9.07,-16.16,True
1.05,0.005,0.97,0.4,0.1,0.0,1.0,11.91,-23.02,True
1.05,0.005,0.97,0.4,0.1,0.25,0.75,11.3,-21.71,True
1.05,0.005,0.97,0.4,0.1,0.5,0.5,10.67,-20.22,True
1.05,0.005,0.97,0.4,0.1,0.75,0.25,10.01,-18.49,True
1.05,0.005,0.97,0.4,0.1,1.0,0.0,9.32,-16.49,True
1.05,0.005,0.97,0.4,0.2,0.0,1.0,11.8,-22.62,True
1.05,0.005,0.97,0.4,0.2,0.25,0.75,11.28,-21.4,True
1.05,0.005,0.97,0.4,0.2,0.5,0.5,10.73,-20.04,True
1.05,0.005,0.97,0.4,0.2,0.75,0.25,10.17,-18.51,True
1.05,0.005,0.97,0.4,0.2,1.0,0.0,9.58,-16.79,True
1.05,0.005,0.97,0.4,0.3,0.0,1.0,11.82,-22.23,True
1.05,0.005,0.97,0.4,0.3,0.25,0.75,11.35,-21.1,True
1.05,0.005,0.97,0.4,0.3,0.5,0.5,10.87,-19.87,True
1.05,0.005,0.97,0.4,0.3,0.75,0.25,10.38,-18.53,True
1.05,0.005,0.97,0.4,0.3,1.0,0.0,9.89,-17.07,True
1.05,0.005,0.99,0.1,0.0,0.0,1.0,7.23,-24.36,True
1.05,0.005,0.99,0.1,0.0,0.25,0.75,6.84,-22.61,True
1.05,0.005,0.99,0.1,0.0,0.5,0.5,6.42,-20.79,True
1.05,0.005,0.99,0.1,0.0,0.75,0.25,5.97,-18.86,True
1.05,0.005,0.99,0.1,0.0,1.0,0.0,5.49,-16.83,True
1.05,0.005,0.99,0.1,0.1,0.0,1.0,8.18,-23.56,True
1.05,0.005,0.99,0.1,0.1,0.25,0.75,7.85,-21.88,True
1.05,0.005,0.99,0.1,0.1,0.5,0.5,7.51,-20.14,True
1.05,0.005,0.99,0.1,0.1,0.75,0.25,7.15,-18.33,True
1.05,0.005,0.99,0.1,0.1,1.0,0.0,6.77,-16.44,True
1.05,0.005,0.99,0.1,0.2,0.0,1.0,8.94,-22.88,True
1.05,0.005,0.99,0.1,0.2,0.25,0.75,8.67,-21.27,True
1.05,0.005,0.99,0.1,0.2,0.5,0.5,8.38,-19.61,True
1.05,0.005,0.99,0.1,0.2,0.75,0.25,8.08,-17.84,True
1.05,0.005,0.99,0.1,0.2,1.0,0.0,7.77,-16.01,True
1.05,0.005,0.99,0.1,0.3,0.0,1.0,9.62,-21.83,True
1.05,0.005,0.99,0.1,0.3,0.25,0.75,9.35,-20.23,True
1.05,0.005,0.99,0.1,0.3,0.5,0.5,9.09,-18.56,True
1.05,0.005,0.99,0.1,0.3,0.75,0.25,8.81,-16.85,True
1.05,0.005,0.99,0.1,0.3,1.0,0.0,8.53,-15.42,True
1.05,0.005,0.99,0.2,0.0,0.0,1.0,9.44,-31.76,True
1.05,0.005,0.99,0.2,0.0,0.25,0.75,8.9,-29.58,True
1.05,0.005,0.99,0.2,0.0,0.5,0.5,8.33,-27.28,True
1.05,0.005,0.99,0.2,0.0,0.75,0.25,7.71,-24.87,True
1.05,0.005,0.99,0.2,0.0,1.0,0.0,7.06,-22.32,True
1.05,0.005,0.99,0.2,0.1,0.0,1.0,10.13,-28.59,True
1.05,0.005,0.99,0.2,0.1,0.25,0.75,9.65,-26.43,True
1.05,0.005,0.99,0.2,0.1,0.5,0.5,9.13,-24.19,True
1.05,0.005,0.99,0.2,0.1,0.75,0.25,8.6,-21.86,True
1.05,0.005,0.99,0.2,0.1,1.0,0.0,8.04,-19.44,True
1.05,0.005,0.99,0.2,0.2,0.0,1.0,10.59,-25.73,True
1.05,0.005,0.99,0.2,0.2,0.25,0.75,10.13,-23.7,True
1.05,0.005,0.99,0.2,0.2,0.5,0.5,9.66,-21.61,True
1.05,0.005,0.99,0.2,0.2,0.75,0.25,9.18,-19.46,True
1.05,0.005,0.99,0.2,0.2,1.0,0.0,8.69,-17.25,True
1.05,0.005,0.99,0.2,0.3,0.0,1.0,10.81,-23.5,True
1.05,0.005,0.99,0.2,0.3,0.25,0.75,10.41,-21.55,True
1.05,0.005,0.99,0.2,0.3,0.5,0.5,10.01,-19.57,True
1.05,0.005,0.99,0.2,0.3,0.75,0.25,9.6,-17.55,True
1.05,0.005,0.99,0.2,0.3,1.0,0.0,9.19,-15.52,True
1.05,0.005,0.99,0.3,0.0,0.0,1.0,10.72,-30.59,True
1.05,0.005,0.99,0.3,0.0,0.25,0.75,10.09,-28.47,True
1.05,0.005,0.99,0.3,0.0,0.5,0.5,9.42,-26.25,True
1.05,0.005,0.99,0.3,0.0,0.75,0.25,8.71,-23.89,True
1.05,0.005,0.99,0.3,0.0,1.0,0.0,7.95,-21.39,True
1.05,0.005,0.99,0.3,0.1,0.0,1.0,10.92,-28.4,True
1.05,0.005,0.99,0.3,0.1,0.25,0.75,10.35,-26.28,True
1.05,0.005,0.99,0.3,0.1,0.5,0.5,9.77,-24.05,True
1.05,0.005,0.99,0.3,0.1,0.75,0.25,9.16,-21.72,True
1.05,0.005,0.99,0.3,0.1,1.0,0.0,8.52,-19.3,True
1.05,0.005,0.99,0.3,0.2,0.0,1.0,11.01,-25.94,True
1.05,0.005,0.99,0.3,0.2,0.25,0.75,10.52,-23.85,True
1.05,0.005,0.99,0.3,0.2,0.5,0.5,10.02,-21.69,True
1.05,0.005,0.99,0.3,0.2,0.75,0.25,9.5,-19.46,True
1.05,0.005,0.99,0.3,0.2,1.0,0.0,8.98,-17.18,True
1.05,0.005,0.99,0.3,0.3,0.0,1.0,11.08,-23.42,True
1.05,0.005,0.99,0.3,0.3,0.25,0.75,10.66,-21.41,True
1.05,0.005,0.99,0.3,0.3,0.5,0.5,10.22,-19.36,True
1.05,0.005,0.99,0.3,0.3,0.75,0.25,9.8,-17.28,True
1.05,0.005,0.99,0.3,0.3,1.0,0.0,9.37,-15.18,True
1.05,0.005,0.99,0.4,0.0,0.0,1.0,11.03,-30.19,True
1.05,0.005,0.99,0.4,0.0,0.25,0.75,10.38,-28.09,True
1.05,0.005,0.99,0.4,0.0,0.5,0.5,9.7,-25.87,True
1.05,0.005,0.99,0.4,0.0,0.75,0.25,8.97,-23.53,True
1.05,0.005,0.99,0.4,0.0,1.0,0.0,8.2,-21.04,True
1.05,0.005,0.99,0.4,0.1,0.0,1.0,11.12,-27.81,True
1.05,0.005,0.99,0.4,0.1,0.25,0.75,10.54,-25.7,True
1.05,0.005,0.99,0.4,0.1,0.5,0.5,9.95,-23.51,True
1.05,0.005,0.99,0.4,0.1,0.75,0.25,9.33,-21.21,True
1.05,0.005,0.99,0.4,0.1,1.0,0.0,8.68,-18.81,True
1.05,0.005,0.99,0.4,0.2,0.0,1.0,11.18,-25.45,True
1.05,0.005,0.99,0.4,0.2,0.25,0.75,10.68,-23.4,True
1.05,0.005,0.99,0.4,0.2,0.5,0.5,10.16,-21.29,True
1.05,0.005,0.99,0.4,0.2,0.75,0.25,9.63,-19.1,True
1.05,0.005,0.99,0.4,0.2,1.0,0.0,9.09,-16.86,True
1.05,0.005,0.99,0.4,0.3,0.0,1.0,11.26,-23.22,True
1.05,0.005,0.99,0.4,0.3,0.25,0.75,10.82,-21.24,True
1.05,0.005,0.99,0.4,0.3,0.5,0.5,10.37,-19.22,True
1.05,0.005,0.99,0.4,0.3,0.75,0.25,9.92,-17.17,True
1.05,0.005,0.99,0.4,0.3,1.0,0.0,9.47,-15.09,True
1.05,0.005,1.0,0.1,0.0,0.0,1.0,4.79,-21.91,True
1.05,0.005,1.0,0.1,0.0,0.25,0.75,4.56,-20.32,True
1.05,0.005,1.0,0.1,0.0,0.5,0.5,4.31,-18.65,True
1.05,0.005,1.0,0.1,0.0,0.75,0.25,4.04,-16.88,True
1.05,0.005,1.0,0.1,0.0,1.0,0.0,3.76,-15.01,True
1.05,0.005,1.0,0.1,0.1,0.0,1.0,6.66,-20.97,True
1.05,0.005,1.0,0.1,0.1,0.25,0.75,6.46,-19.46,True
1.05,0.005,1.0,0.1,0.1,0.5,0.5,6.24,-17.89,True
1.05,0.005,1.0,0.1,0.1,0.75,0.25,6.02,-16.25,True
1.05,0.005,1.0,0.1,0.1,1.0,0.0,5.79,-14.53,True
1.05,0.005,1.0,0.1,0.2,0.0,1.0,7.89,-20.22,True
1.05,0.005,1.0,0.1,0.2,0.25,0.75,7.7,-18.78,True
1.05,0.005,1.0,0.1,0.2,0.5,0.5,7.5,-17.23,True
1.05,0.005,1.0,0.1,0.2,0.75,0.25,7.29,-15.64,True
1.05,0.005,1.0,0.1,0.2,1.0,0.0,7.08,-14.08,True
1.05,0.005,1.0,0.1,0.3,0.0,1.0,8.76,-19.06,True
1.05,0.005,1.0,0.1,0.3,0.25,0.75,8.59,-17.61,True
1.05,0.005,1.0,0.1,0.3,0.5,0.5,8.41,-16.12,True
1.05,0.005,1.0,0.1,0.3,0.75,0.25,8.22,-15.45,True
1.05,0.005,1.0,0.1,0.3,1.0,0.0,8.03,-15.0,True
1.05,0.005,1.0,0.2,0.0,0.0,1.0,8.0,-27.03,True
1.05,0.005,1.0,0.2,0.0,0.25,0.75,7.53,-25.13,True
1.05,0.005,1.0,0.2,0.0,0.5,0.5,7.04,-23.12,True
1.05,0.005,1.0,0.2,0.0,0.75,0.25,6.53,-21.0,True
1.05,0.005,1.0,0.2,0.0,1.0,0.0,5.99,-18.76,True
1.05,0.005,1.0,0.2,0.1,0.0,1.0,8.92,-24.35,True
1.05,0.005,1.0,0.2,0.1,0.25,0.75,8.51,-22.46,True
1.05,0.005,1.0,0.2,0.1,0.5,0.5,8.09,-20.5,True
1.05,0.005,1.0,0.2,0.1,0.75,0.25,7.65,-18.45,True
1.05,0.005,1.0,0.2,0.1,1.0,0.0,7.2,-16.33,True
1.05,0.005,1.0,0.2,0.2,0.0,1.0,9.54,-21.92,True
1.05,0.005,1.0,0.2,0.2,0.25,0.75,9.17,-20.16,True
1.05,0.005,1.0,0.2,0.2,0.5,0.5,8.78,-18.33,True
1.05,0.005,1.0,0.2,0.2,0.75,0.25,8.4,-16.46,True
1.05,0.005,1.0,0.2,0.2,1.0,0.0,8.01,-14.54,True
1.05,0.005,1.0,0.2,0.3,0.0,1.0,9.93,-20.1,True
1.05,0.005,1.0,0.2,0.3,0.25,0.75,9.61,-18.4,True
1.05,0.005,1.0,0.2,0.3,0.5,0.5,9.29,-16.66,True
1.05,0.005,1.0,0.2,0.3,0.75,0.25,8.97,-14.96,True
1.05,0.005,1.0,0.2,0.3,1.0,0.0,8.65,-14.49,True
1.05,0.005,1.0,0.3,0.0,0.0,1.0,9.23,-25.78,True
1.05,0.005,1.0,0.3,0.0,0.25,0.75,8.66,-23.95,True
1.05,0.005,1.0,0.3,0.0,0.5,0.5,8.08,-22.02,True
1.05,0.005,1.0,0.3,0.0,0.75,0.25,7.46,-19.97,True
1.05,0.005,1.0,0.3,0.0,1.0,0.0,6.82,-17.79,True
1.05,0.005,1.0,0.3,0.1,0.0,1.0,9.62,-24.01,True
1.05,0.005,1.0,0.3,0.1,0.25,0.75,9.14,-22.17,True
1.05,0.005,1.0,0.3,0.1,0.5,0.5,8.64,-20.23,True
1.05,0.005,1.0,0.3,0.1,0.75,0.25,8.14,-18.21,True
1.05,0.005,1.0,0.3,0.1,1.0,0.0,7.62,-16.09,True
1.05,0.005,1.0,0.3,0.2,0.0,1.0,9.91,-21.92,True
1.05,0.005,1.0,0.3,0.2,0.25,0.75,9.5,-20.09,True
1.05,0.005,1.0,0.3,0.2,0.5,0.5,9.09,-18.21,True
1.05,0.005,1.0,0.3,0.2,0.75,0.25,8.67,-16.28,True
1.05,0.005,1.0,0.3,0.2,1.0,0.0,8.25,-14.3,True
1.05,0.005,1.0,0.3,0.3,0.0,1.0,10.15,-19.7,True
1.05,0.005,1.0,0.3,0.3,0.25,0.75,9.8,-17.95,True
1.05,0.005,1.0,0.3,0.3,0.5,0.5,9.44,-16.17,True
1.05,0.005,1.0,0.3,0.3,0.75,0.25,9.1,-14.94,True
1.05,0.005,1.0,0.3,0.3,1.0,0.0,8.76,-14.46,True
1.05,0.005,1.0,0.4,0.0,0.0,1.0,9.4,-25.35,True
1.05,0.005,1.0,0.4,0.0,0.25,0.75,8.84,-23.54,True
1.05,0.005,1.0,0.4,0.0,0.5,0.5,8.25,-21.63,True
1.05,0.005,1.0,0.4,0.0,0.75,0.25,7.63,-19.59,True
1.05,0.005,1.0,0.4,0.0,1.0,0.0,6.98,-17.42,True
1.05,0.005,1.0,0.4,0.1,0.0,1.0,9.71,-23.27,True
1.05,0.005,1.0,0.4,0.1,0.25,0.75,9.23,-21.46,True
1.05,0.005,1.0,0.4,0.1,0.5,0.5,8.73,-19.56,True
1.05,0.005,1.0,0.4,0.1,0.75,0.25,8.22,-17.58,True
1.05,0.005,1.0,0.4,0.1,1.0,0.0,7.7,-15.5,True
1.05,0.005,1.0,0.4,0.2,0.0,1.0,9.93,-21.18,True
1.05,0.005,1.0,0.4,0.2,0.25,0.75,9.52,-19.43,True
1.05,0.005,1.0,0.4,0.2,0.5,0.5,9.11,-17.62,True
1.05,0.005,1.0,0.4,0.2,0.75,0.25,8.7,-15.77,True
1.05,0.005,1.0,0.4,0.2,1.0,0.0,8.29,-13.87,True
1.05,0.005,1.0,0.4,0.3,0.0,1.0,10.22,-19.19,True
1.05,0.005,1.0,0.4,0.3,0.25,0.75,9.88,-17.52,True
1.05,0.005,1.0,0.4,0.3,0.5,0.5,9.54,-15.83,True
1.05,0.005,1.0,0.4,0.3,0.75,0.25,9.2,-14.88,True
1.05,0.005,1.0,0.4,0.3,1.0,0.0,8.85,-14.39,True
1.05,0.005,1.01,0.1,0.0,0.0,1.0,1.67,-14.77,True
1.05,0.005,1.01,0.1,0.0,0.25,0.75,1.66,-13.63,True
1.05,0.005,1.01,0.1,0.0,0.5,0.5,1.64,-12.47,True
1.05,0.005,1.01,0.1,0.0,0.75,0.25,1.61,-11.3,True
1.05,0.005,1.01,0.1,0.0,1.0,0.0,1.56,-10.12,True
1.05,0.005,1.01,0.1,0.1,0.0,1.0,4.49,-16.07,True
1.05,0.005,1.01,0.1,0.1,0.25,0.75,4.46,-14.94,True
1.05,0.005,1.01,0.1,0.1,0.5,0.5,4.42,-13.79,True
1.05,0.005,1.01,0.1,0.1,0.75,0.25,4.37,-12.73,True
1.05,0.005,1.01,0.1,0.1,1.0,0.0,4.31,-12.07,True
1.05,0.005,1.01,0.1,0.2,0.0,1.0,6.06,-17.02,True
1.05,0.005,1.01,0.1,0.2,0.25,0.75,6.03,-15.88,True
1.05,0.005,1.01,0.1,0.2,0.5,0.5,5.99,-14.92,True
1.05,0.005,1.01,0.1,0.2,0.75,0.25,5.95,-14.46,True
1.05,0.005,1.01,0.1,0.2,1.0,0.0,5.9,-14.02,True
1.05,0.005,1.01,0.1,0.3,0.0,1.0,7.16,-16.89,True
1.05,0.005,1.01,0.1,0.3,0.25,0.75,7.14,-16.24,True
1.05,0.005,1.01,0.1,0.3,0.5,0.5,7.11,-15.9,True
1.05,0.005,1.01,0.1,0.3,0.75,0.25,7.07,-15.58,True
1.05,0.005,1.01,0.1,0.3,1.0,0.0,7.03,-15.27,True
1.05,0.005,1.01,0.2,0.0,0.0,1.0,3.51,-27.87,True
1.05,0.005,1.01,0.2,0.0,0.25,0.75,3.39,-25.83,True
1.05,0.005,1.01,0.2,0.0,0.5,0.5,3.24,-23.74,True
1.05,0.005,1.01,0.2,0.0,0.75,0.25,3.08,-21.62,True
1.05,0.005,1.01,0.2,0.0,1.0,0.0,2.9,-19.46,True
1.05,0.005,1.01,0.2,0.1,0.0,1.0,5.37,-26.94,True
1.05,0.005,1.01,0.2,0.1,0.25,0.75,5.28,-24.99,True
1.05,0.005,1.01,0.2,0.1,0.5,0.5,5.17,-23.02,True
1.05,0.005,1.01,0.2,0.1,0.75,0.25,5.06,-21.01,True
1.05,0.005,1.01,0.2,0.1,1.0,0.0,4.93,-18.98,True
1.05,0.005,1.01,0.2,0.2,0.0,1.0,6.63,-24.78,True
1.05,0.005,1.01,0.2,0.2,0.25,0.75,6.56,-23.0,True
1.05,0.005,1.01,0.2,0.2,0.5,0.5,6.48,-21.2,True
1.05,0.005,1.01,0.2,0.2,0.75,0.25,6.39,-19.39,True
1.05,0.005,1.01,0.2,0.2,1.0,0.0,6.3,-17.57,True
1.05,0.005,1.01,0.2,0.3,0.0,1.0,7.64,-22.05,True
1.05,0.005,1.01,0.2,0.3,0.25,0.75,7.58,-20.37,True
1.05,0.005,1.01,0.2,0.3,0.5,0.5,7.51,-18.69,True
1.05,0.005,1.01,0.2,0.3,0.75,0.25,7.43,-17.01,True
1.05,0.005,1.01,0.2,0.3,1.0,0.0,7.35,-15.35,True
1.05,0.005,1.01,0.3,0.0,0.0,1.0,4.27,-33.35,True
1.05,0.005,1.01,0.3,0.0,0.25,0.75,4.09,-31.03,True
1.05,0.005,1.01,0.3,0.0,0.5,0.5,3.9,-28.64,True
1.05,0.005,1.01,0.3,0.0,0.75,0.25,3.69,-26.18,True
1.05,0.005,1.01,0.3,0.0,1.0,0.0,3.45,-23.67,True
1.05,0.005,1.01,0.3,0.1,0.0,1.0,5.82,-29.88,True
1.05,0.005,1.01,0.3,0.1,0.25,0.75,5.69,-27.7,True
1.05,0.005,1.01,0.3,0.1,0.5,0.5,5.56,-25.47,True
1.05,0.005,1.01,0.3,0.1,0.75,0.25,5.41,-23.21,True
1.05,0.005,1.01,0.3,0.1,1.0,0.0,5.25,-20.92,True
1.05,0.005,1.01,0.3,0.2,0.0,1.0,6.93,-25.97,True
1.05,0.005,1.01,0.3,0.2,0.25,0.75,6.83,-23.99,True
1.05,0.005,1.01,0.3,0.2,0.5,0.5,6.73,-22.0,True
1.05,0.005,1.01,0.3,0.2,0.75,0.25,6.62,-20.01,True
1.05,0.005,1.01,0.3,0.2,1.0,0.0,6.5,-18.02,True
1.05,0.005,1.01,0.3,0.3,0.0,1.0,7.82,-22.47,True
1.05,0.005,1.01,0.3,0.3,0.25,0.75,7.74,-20.7,True
1.05,0.005,1.01,0.3,0.3,0.5,0.5,7.66,-18.92,True
1.05,0.005,1.01,0.3,0.3,0.75,0.25,7.58,-17.16,True
1.05,0.005,1.01,0.3,0.3,1.0,0.0,7.48,-15.42,True
1.05,0.005,1.01,0.4,0.0,0.0,1.0,4.52,-34.38,True
1.05,0.005,1.01,0.4,0.0,0.25,0.75,4.34,-32.02,True
1.05,0.005,1.01,0.4,0.0,0.5,0.5,4.14,-29.59,True
1.05,0.005,1.01,0.4,0.0,0.75,0.25,3.91,-27.08,True
1.05,0.005,1.01,0.4,0.0,1.0,0.0,3.66,-24.5,True
1.05,0.005,1.01,0.4,0.1,0.0,1.0,5.99,-30.06,True
1.05,0.005,1.01,0.4,0.1,0.25,0.75,5.86,-27.88,True
1.05,0.005,1.01,0.4,0.1,0.5,0.5,5.71,-25.64,True
1.05,0.005,1.01,0.4,0.1,0.75,0.25,5.55,-23.35,True
1.05,0.005,1.01,0.4,0.1,1.0,0.0,5.38,-21.01,True
1.05,0.005,1.01,0.4,0.2,0.0,1.0,7.1,-25.9,True
1.05,0.005,1.01,0.4,0.2,0.25,0.75,7.0,-23.91,True
1.05,0.005,1.01,0.4,0.2,0.5,0.5,6.89,-21.9,True
1.05,0.005,1.01,0.4,0.2,0.75,0.25,6.77,-19.87,True
1.05,0.005,1.01,0.4,0.2,1.0,0.0,6.64,-17.84,True
1.05,0.005,1.01,0.4,0.3,0.0,1.0,8.0,-22.21,True
1.05,0.005,1.01,0.4,0.3,0.25,0.75,7.91,-20.44,True
1.05,0.005,1.01,0.4,0.3,0.5,0.5,7.82,-18.67,True
1.05,0.005,1.01,0.4,0.3,0.75,0.25,7.71,-16.91,True
1.05,0.005,1.01,0.4,0.3,1.0,0.0,7.6,-15.16,True
1.05,0.005,1.02,0.1,0.0,0.0,1.0,0.52,-16.74,True
1.05,0.005,1.02,0.1,0.0,0.25,0.75,0.58,-15.19,True
1.05,0.005,1.02,0.1,0.0,0.5,0.5,0.63,-13.63,True
1.05,0.005,1.02,0.1,0.0,0.75,0.25,0.67,-12.06,True
1.05,0.005,1.02,0.1,0.0,1.0,0.0,0.7,-10.48,True
1.05,0.005,1.02,0.1,0.1,0.0,1.0,3.75,-14.73,True
1.05,0.005,1.02,0.1,0.1,0.25,0.75,3.76,-13.64,True
1.05,0.005,1.02,0.1,0.1,0.5,0.5,3.77,-12.55,True
1.05,0.005,1.02,0.1,0.1,0.75,0.25,3.77,-11.45,True
1.05,0.005,1.02,0.1,0.1,1.0,0.0,3.76,-10.34,True
1.05,0.005,1.02,0.1,0.2,0.0,1.0,5.52,-15.44,True
1.05,0.005,1.02,0.1,0.2,0.25,0.75,5.53,-14.41,True
1.05,0.005,1.02,0.1,0.2,0.5,0.5,5.52,-13.38,True
1.05,0.005,1.02,0.1,0.2,0.75,0.25,5.52,-12.35,True
1.05,0.005,1.02,0.1,0.2,1.0,0.0,5.5,-12.25,True
1.05,0.005,1.02,0.1,0.3,0.0,1.0,6.77,-15.88,True
1.05,0.005,1.02,0.1,0.3,0.25,0.75,6.77,-15.8,True
1.05,0.005,1.02,0.1,0.3,0.5,0.5,6.77,-15.73,True
1.05,0.005,1.02,0.1,0.3,0.75,0.25,6.76,-15.65,True
1.05,0.005,1.02,0.1,0.3,1.0,0.0,6.76,-15.58,True
1.05,0.005,1.02,0.2,0.0,0.0,1.0,1.66,-24.91,True
1.05,0.005,1.02,0.2,0.0,0.25,0.75,1.67,-22.97,True
1.05,0.005,1.02,0.2,0.0,0.5,0.5,1.65,-21.0,True
1.05,0.005,1.02,0.2,0.0,0.75,0.25,1.63,-19.0,True
1.05,0.005,1.02,0.2,0.0,1.0,0.0,1.58,-16.96,True
1.05,0.005,1.02,0.2,0.1,0.0,1.0,4.36,-22.9,True
1.05,0.005,1.02,0.2,0.1,0.25,0.75,4.34,-21.21,True
1.05,0.005,1.02,0.2,0.1,0.5,0.5,4.31,-19.5,True
1.05,0.005,1.02,0.2,0.1,0.75,0.25,4.27,-17.75,True
1.05,0.005,1.02,0.2,0.1,1.0,0.0,4.23,-15.98,True
1.05,0.005,1.02,0.2,0.2,0.0,1.0,5.89,-20.0,True
1.05,0.005,1.02,0.2,0.2,0.25,0.75,5.87,-18.56,True
1.05,0.005,1.02,0.2,0.2,0.5,0.5,5.85,-17.1,True
1.05,0.005,1.02,0.2,0.2,0.75,0.25,5.83,-15.62,True
1.05,0.005,1.02,0.2,0.2,1.0,0.0,5.79,-14.13,True
1.05,0.005,1.02,0.2,0.3,0.0,1.0,7.03,-17.06,True
1.05,0.005,1.02,0.2,0.3,0.25,0.75,7.01,-15.87,True
1.05,0.005,1.02,0.2,0.3,0.5,0.5,7.0,-15.0,True
1.05,0.005,1.02,0.2,0.3,0.75,0.25,6.97,-14.99,True
1.05,0.005,1.02,0.2,0.3,1.0,0.0,6.95,-14.99,True
1.05,0.005,1.02,0.3,0.0,0.0,1.0,2.56,-29.14,True
1.05,0.005,1.02,0.3,0.0,0.25,0.75,2.51,-26.94,True
1.05,0.005,1.02,0.3,0.0,0.5,0.5,2.44,-24.69,True
1.05,0.005,1.02,0.3,0.0,0.75,0.25,2.35,-22.39,True
1.05,0.005,1.02,0.3,0.0,1.0,0.0,2.24,-20.04,True
1.05,0.005,1.02,0.3,0.1,0.0,1.0,4.65,-24.47,True
1.05,0.005,1.02,0.3,0.1,0.25,0.75,4.62,-22.64,True
1.05,0.005,1.02,0.3,0.1,0.5,0.5,4.58,-20.77,True
1.05,0.005,1.02,0.3,0.1,0.75,0.25,4.52,-18.88,True
1.05,0.005,1.02,0.3,0.1,1.0,0.0,4.46,-16.94,True
1.05,0.005,1.02,0.3,0.2,0.0,1.0,6.05,-20.61,True
1.05,0.005,1.02,0.3,0.2,0.25,0.75,6.03,-19.07,True
1.05,0.005,1.02,0.3,0.2,0.5,0.5,6.0,-17.52,True
1.05,0.005,1.02,0.3,0.2,0.75,0.25,5.96,-15.96,True
1.05,0.005,1.02,0.3,0.2,1.0,0.0,5.92,-14.37,True
1.05,0.005,1.02,0.3,0.3,0.0,1.0,7.17,-17.08,True
1.05,0.005,1.02,0.3,0.3,0.25,0.75,7.14,-15.85,True
1.05,0.005,1.02,0.3,0.3,0.5,0.5,7.12,-14.73,True
1.05,0.005,1.02,0.3,0.3,0.75,0.25,7.09,-14.74,True
1.05,0.005,1.02,0.3,0.3,1.0,0.0,7.05,-14.76,True
1.05,0.005,1.02,0.4,0.0,0.0,1.0,2.77,-29.66,True
1.05,0.005,1.02,0.4,0.0,0.25,0.75,2.71,-27.45,True
1.05,0.005,1.02,0.4,0.0,0.5,0.5,2.64,-25.18,True
1.05,0.005,1.02,0.4,0.0,0.75,0.25,2.54,-22.85,True
1.05,0.005,1.02,0.4,0.0,1.0,0.0,2.43,-20.45,True
1.05,0.005,1.02,0.4,0.1,0.0,1.0,4.72,-24.56,True
1.05,0.005,1.02,0.4,0.1,0.25,0.75,4.68,-22.7,True
1.05,0.005,1.02,0.4,0.1,0.5,0.5,4.64,-20.81,True
1.05,0.005,1.02,0.4,0.1,0.75,0.25,4.59,-18.89,True
1.05,0.005,1.02,0.4,0.1,1.0,0.0,4.52,-16.93,True
1.05,0.005,1.02,0.4,0.2,0.0,1.0,6.2,-20.27,True
1.05,0.005,1.02,0.4,0.2,0.25,0.75,6.16,-18.75,True
1.05,0.005,1.02,0.4,0.2,0.5,0.5,6.12,-17.2,True
1.05,0.005,1.02,0.4,0.2,0.75,0.25,6.08,-15.64,True
1.05,0.005,1.02,0.4,0.2,1.0,0.0,6.03,-14.06,True
1.05,0.005,1.02,0.4,0.3,0.0,1.0,7.23,-16.91,True
1.05,0.005,1.02,0.4,0.3,0.25,0.75,7.21,-15.66,True
1.05,0.005,1.02,0.4,0.3,0.5,0.5,7.18,-14.57,True
1.05,0.005,1.02,0.4,0.3,0.75,0.25,7.15,-14.59,True
1.05,0.005,1.02,0.4,0.3,1.0,0.0,7.11,-14.62,True
1.05,0.01,0.95,0.1,0.0,0.0,1.0,9.63,-26.93,True
1.05,0.01,0.95,0.1,0.0,0.25,0.75,9.11,-25.34,True
1.05,0.01,0.95,0.1,0.0,0.5,0.5,8.54,-23.49,True
1.05,0.01,0.95,0.1,0.0,0.75,0.25,7.92,-21.33,True
1.05,0.01,0.95,0.1,0.0,1.0,0.0,7.23,-18.74,True
1.05,0.01,0.95,0.1,0.1,0.0,1.0,9.9,-26.45,True
1.05,0.01,0.95,0.1,0.1,0.25,0.75,9.46,-24.88,True
1.05,0.01,0.95,0.1,0.1,0.5,0.5,8.99,-23.1,True
1.05,0.01,0.95,0.1,0.1,0.75,0.25,8.48,-21.07,True
1.05,0.01,0.95,0.1,0.1,1.0,0.0,7.93,-18.73,True
1.05,0.01,0.95,0.1,0.2,0.0,1.0,10.2,-25.93,True
1.05,0.01,0.95,0.1,0.2,0.25,0.75,9.81,-24.41,True
1.05,0.01,0.95,0.1,0.2,0.5,0.5,9.4,-22.72,True
1.05,0.01,0.95,0.1,0.2,0.75,0.25,8.96,-20.83,True
1.05,0.01,0.95,0.1,0.2,1.0,0.0,8.49,-18.72,True
1.05,0.01,0.95,0.1,0.3,0.0,1.0,10.36,-25.36,True
1.05,0.01,0.95,0.1,0.3,0.25,0.75,10.02,-23.91,True
1.05,0.01,0.95,0.1,0.3,0.5,0.5,9.66,-22.31,True
1.05,0.01,0.95,0.1,0.3,0.75,0.25,9.3,-20.58,True
1.05,0.01,0.95,0.1,0.3,1.0,0.0,8.93,-18.71,True
1.05,0.01,0.95,0.2,0.0,0.0,1.0,10.35,-26.93,True
1.05,0.01,0.95,0.2,0.0,0.25,0.75,9.82,-25.34,True
1.05,0.01,0.95,0.2,0.0,0.5,0.5,9.23,-23.49,True
1.05,0.01,0.95,0.2,0.0,0.75,0.25,8.59,-21.32,True
1.05,0.01,0.95,0.2,0.0,1.0,0.0,7.87,-18.74,True
1.05,0.01,0.95,0.2,0.1,0.0,1.0,10.66,-26.54,True
1.05,0.01,0.95,0.2,0.1,0.25,0.75,10.2,-24.96,True
1.05,0.01,0.95,0.2,0.1,0.5,0.5,9.69,-23.17,True
1.05,0.01,0.95,0.2,0.1,0.75,0.25,9.14,-21.11,True
1.05,0.01,0.95,0.2,0.1,1.0,0.0,8.54,-18.73,True
1.05,0.01,0.95,0.2,0.2,0.0,1.0,10.96,-26.12,True
1.05,0.01,0.95,0.2,0.2,0.25,0.75,10.56,-24.58,True
1.05,0.01,0.95,0.2,0.2,0.5,0.5,10.12,-22.85,True
1.05,0.01,0.95,0.2,0.2,0.75,0.25,9.65,-20.9,True
1.05,0.01,0.95,0.2,0.2,1.0,0.0,9.15,-18.73,True
1.05,0.01,0.95,0.2,0.3,0.0,1.0,11.29,-25.7,True
1.05,0.01,0.95,0.2,0.3,0.25,0.75,10.93,-24.2,True
1.05,0.01,0.95,0.2,0.3,0.5,0.5,10.55,-22.54,True
1.05,0.01,0.95,0.2,0.3,0.75,0.25,10.15,-20.71,True
1.05,0.01,0.95,0.2,0.3,1.0,0.0,9.72,-18.72,True
1.05,0.01,0.95,0.3,0.0,0.0,1.0,12.25,-26.93,True
1.05,0.01,0.95,0.3,0.0,0.25,0.75,11.58,-25.34,True
1.05,0.01,0.95,0.3,0.0,0.5,0.5,10.84,-23.49,True
1.05,0.01,0.95,0.3,0.0,0.75,0.25,10.04,-21.32,True
1.05,0.01,0.95,0.3,0.0,1.0,0.0,9.17,-18.74,True
1.05,0.01,0.95,0.3,0.1,0.0,1.0,12.46,-26.65,True
1.05,0.01,0.95,0.3,0.1,0.25,0.75,11.85,-25.06,True
1.05,0.01,0.95,0.3,0.1,0.5,0.5,11.19,-23.24,True
1.05,0.01,0.95,0.3,0.1,0.75,0.25,10.48,-21.15,True
1.05,0.01,0.95,0.3,0.1,1.0,0.0,9.72,-18.74,True
1.05,0.01,0.95,0.3,0.2,0.0,1.0,12.58,-26.34,True
1.05,0.01,0.95,0.3,0.2,0.25,0.75,12.01,-24.76,True
1.05,0.01,0.95,0.3,0.2,0.5,0.5,11.4,-22.99,True
1.05,0.01,0.95,0.3,0.2,0.75,0.25,10.76,-20.98,True
1.05,0.01,0.95,0.3,0.2,1.0,0.0,10.08,-18.73,True
1.05,0.01,0.95,0.3,0.3,0.0,1.0,12.62,-25.99,True
1.05,0.01,0.95,0.3,0.3,0.25,0.75,12.1,-24.44,True
1.05,0.01,0.95,0.3,0.3,0.5,0.5,11.56,-22.71,True
1.05,0.01,0.95,0.3,0.3,0.75,0.25,10.99,-20.8,True
1.05,0.01,0.95,0.3,0.3,1.0,0.0,10.4,-18.72,True
1.05,0.01,0.95,0.4,0.0,0.0,1.0,13.29,-26.93,True
1.05,0.01,0.95,0.4,0.0,0.25,0.75,12.55,-25.34,True
1.05,0.01,0.95,0.4,0.0,0.5,0.5,11.74,-23.49,True
1.05,0.01,0.95,0.4,0.0,0.75,0.25,10.86,-21.32,True
1.05,0.01,0.95,0.4,0.0,1.0,0.0,9.91,-18.74,True
1.05,0.01,0.95,0.4,0.1,0.0,1.0,13.3,-26.68,True
1.05,0.01,0.95,0.4,0.1,0.25,0.75,12.61,-25.08,True
1.05,0.01,0.95,0.4,0.1,0.5,0.5,11.88,-23.26,True
1.05,0.01,0.95,0.4,0.1,0.75,0.25,11.09,-21.17,True
1.05,0.01,0.95,0.4,0.1,1.0,0.0,10.24,-18.74,True
1.05,0.01,0.95,0.4,0.2,0.0,1.0,13.32,-26.39,True
1.05,0.01,0.95,0.4,0.2,0.25,0.75,12.68,-24.81,True
1.05,0.01,0.95,0.4,0.2,0.5,0.5,12.01,-23.03,True
1.05,0.01,0.95,0.4,0.2,0.75,0.25,11.3,-21.01,True
1.05,0.01,0.95,0.4,0.2,1.0,0.0,10.56,-18.73,True
1.05,0.01,0.95,0.4,0.3,0.0,1.0,13.26,-26.07,True
1.05,0.01,0.95,0.4,0.3,0.25,0.75,12.68,-24.5,True
1.05,0.01,0.95,0.4,0.3,0.5,0.5,12.07,-22.77,True
1.05,0.01,0.95,0.4,0.3,0.75,0.25,11.44,-20.84,True
1.05,0.01,0.95,0.4,0.3,1.0,0.0,10.78,-18.72,True
1.05,0.01,0.97,0.1,0.0,0.0,1.0,6.49,-23.38,True
1.05,0.01,0.97,0.1,0.0,0.25,0.75,6.12,-21.98,True
1.05,0.01,0.97,0.1,0.0,0.5,0.5,5.74,-20.35,True
1.05,0.01,0.97,0.1,0.0,0.75,0.25,5.33,-18.44,True
1.05,0.01,0.97,0.1,0.0,1.0,0.0,4.89,-16.16,True
1.05,0.01,0.97,0.1,0.1,0.0,1.0,7.43,-22.73,True
1.05,0.01,0.97,0.1,0.1,0.25,0.75,7.14,-21.48,True
1.05,0.01,0.97,0.1,0.1,0.5,0.5,6.84,-20.07,True
1.05,0.01,0.97,0.1,0.1,0.75,0.25,6.53,-18.48,True
1.05,0.01,0.97,0.1,0.1,1.0,0.0,6.21,-16.66,True
1.05,0.01,0.97,0.1,0.2,0.0,1.0,8.08,-22.15,True
1.05,0.01,0.97,0.1,0.2,0.25,0.75,7.84,-21.05,True
1.05,0.01,0.97,0.1,0.2,0.5,0.5,7.61,-19.84,True
1.05,0.01,0.97,0.1,0.2,0.75,0.25,7.37,-18.51,True
1.05,0.01,0.97,0.1,0.2,1.0,0.0,7.13,-17.05,True
1.05,0.01,0.97,0.1,0.3,0.0,1.0,8.63,-21.62,True
1.05,0.01,0.97,0.1,0.3,0.25,0.75,8.45,-20.65,True
1.05,0.01,0.97,0.1,0.3,0.5,0.5,8.27,-19.63,True
1.05,0.01,0.97,0.1,0.3,0.75,0.25,8.1,-18.53,True
1.05,0.01,0.97,0.1,0.3,1.0,0.0,7.93,-17.36,True
1.05,0.01,0.97,0.2,0.0,0.0,1.0,7.34,-23.38,True
1.05,0.01,0.97,0.2,0.0,0.25,0.75,6.94,-21.97,True
1.05,0.01,0.97,0.2,0.0,0.5,0.5,6.52,-20.35,True
1.05,0.01,0.97,0.2,0.0,0.75,0.25,6.07,-18.44,True
1.05,0.01,0.97,0.2,0.0,1.0,0.0,5.57,-16.16,True
1.05,0.01,0.97,0.2,0.1,0.0,1.0,8.28,-22.84,True
1.05,0.01,0.97,0.2,0.1,0.25,0.75,7.95,-21.56,True
1.05,0.01,0.97,0.2,0.1,0.5,0.5,7.61,-20.11,True
1.05,0.01,0.97,0.2,0.1,0.75,0.25,7.25,-18.47,True
1.05,0.01,0.97,0.2,0.1,1.0,0.0,6.87,-16.6,True
1.05,0.01,0.97,0.2,0.2,0.0,1.0,9.16,-22.41,True
1.05,0.01,0.97,0.2,0.2,0.25,0.75,8.87,-21.23,True
1.05,0.01,0.97,0.2,0.2,0.5,0.5,8.57,-19.93,True
1.05,0.01,0.97,0.2,0.2,0.75,0.25,8.25,-18.49,True
1.05,0.01,0.97,0.2,0.2,1.0,0.0,7.93,-16.91,True
1.05,0.01,0.97,0.2,0.3,0.0,1.0,9.87,-22.04,True
1.05,0.01,0.97,0.2,0.3,0.25,0.75,9.6,-20.95,True
1.05,0.01,0.97,0.2,0.3,0.5,0.5,9.33,-19.77,True
1.05,0.01,0.97,0.2,0.3,0.75,0.25,9.04,-18.51,True
1.05,0.01,0.97,0.2,0.3,1.0,0.0,8.75,-17.17,True
1.05,0.01,0.97,0.3,0.0,0.0,1.0,9.05,-23.38,True
1.05,0.01,0.97,0.3,0.0,0.25,0.75,8.53,-21.97,True
1.05,0.01,0.97,0.3,0.0,0.5,0.5,7.97,-20.34,True
1.05,0.01,0.97,0.3,0.0,0.75,0.25,7.38,-18.43,True
1.05,0.01,0.97,0.3,0.0,1.0,0.0,6.75,-16.16,True
1.05,0.01,0.97,0.3,0.1,0.0,1.0,9.75,-22.97,True
1.05,0.01,0.97,0.3,0.1,0.25,0.75,9.29,-21.65,True
1.05,0.01,0.97,0.3,0.1,0.5,0.5,8.81,-20.15,True
1.05,0.01,0.97,0.3,0.1,0.75,0.25,8.31,-18.46,True
1.05,0.01,0.97,0.3,0.1,1.0,0.0,7.79,-16.53,True
1.05,0.01,0.97,0.3,0.2,0.0,1.0,10.17,-22.57,True
1.05,0.01,0.97,0.3,0.2,0.25,0.75,9.77,-21.34,True
1.05,0.01,0.97,0.3,0.2,0.5,0.5,9.36,-19.98,True
1.05,0.01,0.97,0.3,0.2,0.75,0.25,8.94,-18.48,True
1.05,0.01,0.97,0.3,0.2,1.0,0.0,8.51,-16.84,True
1.05,0.01,0.97,0.3,0.3,0.0,1.0,10.56,-22.19,True
1.05,0.01,0.97,0.3,0.3,0.25,0.75,10.22,-21.05,True
1.05,0.01,0.97,0.3,0.3,0.5,0.5,9.87,-19.82,True
1.05,0.01,0.97,0.3,0.3,0.75,0.25,9.5,-18.51,True
1.05,0.01,0.97,0.3,0.3,1.0,0.0,9.13,-17.11,True
1.05,0.01,0.97,0.4,0.0,0.0,1.0,9.97,-23.7,True
1.05,0.01,0.97,0.4,0.0,0.25,0.75,9.39,-21.97,True
1.05,0.01,0.97,0.4,0.0,0.5,0.5,8.76,-20.34,True
1.05,0.01,0.97,0.4,0.0,0.75,0.25,8.11,-18.43,True
1.05,0.01,0.97,0.4,0.0,1.0,0.0,7.41,-16.3,True
1.05,0.01,0.97,0.4,0.1,0.0,1.0,10.39,-23.0,True
1.05,0.01,0.97,0.4,0.1,0.25,0.75,9.87,-21.67,True
1.05,0.01,0.97,0.4,0.1,0.5,0.5,9.34,-20.16,True
1.05,0.01,0.97,0.4,0.1,0.75,0.25,8.78,-18.46,True
1.05,0.01,0.97,0.4,0.1,1.0,0.0,8.21,-16.51,True
1.05,0.01,0.97,0.4,0.2,0.0,1.0,10.79,-22.64,True
1.05,0.01,0.97,0.4,0.2,0.25,0.75,10.32,-21.39,True
1.05,0.01,0.97,0.4,0.2,0.5,0.5,9.85,-20.01,True
1.05,0.01,0.97,0.4,0.2,0.75,0.25,9.37,-18.49,True
1.05,0.01,0.97,0.4,0.2,1.0,0.0,8.88,-16.8,True
1.05,0.01,0.97,0.4,0.3,0.0,1.0,11.08,-22.28,True
1.05,0.01,0.97,0.4,0.3,0.25,0.75,10.67,-21.12,True
1.05,0.01,0.97,0.4,0.3,0.5,0.5,10.27,-19.86,True
1.05,0.01,0.97,0.4,0.3,0.75,0.25,9.85,-18.51,True
1.05,0.01,0.97,0.4,0.3,1.0,0.0,9.44,-17.06,True
1.05,0.01,0.99,0.1,0.0,0.0,1.0,6.02,-18.59,True
1.05,0.01,0.99,0.1,0.0,0.25,0.75,5.66,-17.44,True
1.05,0.01,0.99,0.1,0.0,0.5,0.5,5.28,-16.11,True
1.05,0.01,0.99,0.1,0.0,0.75,0.25,4.87,-14.54,True
1.05,0.01,0.99,0.1,0.0,1.0,0.0,4.44,-12.68,True
1.05,0.01,0.99,0.1,0.1,0.0,1.0,7.02,-18.59,True
1.05,0.01,0.99,0.1,0.1,0.25,0.75,6.75,-17.63,True
1.05,0.01,0.99,0.1,0.1,0.5,0.5,6.47,-16.54,True
1.05,0.01,0.99,0.1,0.1,0.75,0.25,6.17,-15.31,True
1.05,0.01,0.99,0.1,0.1,1.0,0.0,5.87,-13.92,True
1.05,0.01,0.99,0.1,0.2,0.0,1.0,7.69,-18.6,True
1.05,0.01,0.99,0.1,0.2,0.25,0.75,7.49,-17.8,True
1.05,0.01,0.99,0.1,0.2,0.5,0.5,7.29,-16.92,True
1.05,0.01,0.99,0.1,0.2,0.75,0.25,7.08,-15.96,True
1.05,0.01,0.99,0.1,0.2,1.0,0.0,6.87,-14.91,True
1.05,0.01,0.99,0.1,0.3,0.0,1.0,8.38,-18.61,True
1.05,0.01,0.99,0.1,0.3,0.25,0.75,8.23,-17.94,True
1.05,0.01,0.99,0.1,0.3,0.5,0.5,8.07,-17.23,True
1.05,0.01,0.99,0.1,0.3,0.75,0.25,7.91,-16.48,True
1.05,0.01,0.99,0.1,0.3,1.0,0.0,7.75,-15.68,True
1.05,0.01,0.99,0.2,0.0,0.0,1.0,6.73,-20.92,True
1.05,0.01,0.99,0.2,0.0,0.25,0.75,6.34,-19.41,True
1.05,0.01,0.99,0.2,0.0,0.5,0.5,5.93,-17.84,True
1.05,0.01,0.99,0.2,0.0,0.75,0.25,5.49,-16.21,True
1.05,0.01,0.99,0.2,0.0,1.0,0.0,5.02,-14.53,True
1.05,0.01,0.99,0.2,0.1,0.0,1.0,7.68,-19.23,True
1.05,0.01,0.99,0.2,0.1,0.25,0.75,7.37,-17.82,True
1.05,0.01,0.99,0.2,0.1,0.5,0.5,7.05,-16.49,True
1.05,0.01,0.99,0.2,0.1,0.75,0.25,6.72,-15.24,True
1.05,0.01,0.99,0.2,0.1,1.0,0.0,6.37,-13.82,True
1.05,0.01,0.99,0.2,0.2,0.0,1.0,8.61,-18.6,True
1.05,0.01,0.99,0.2,0.2,0.25,0.75,8.35,-17.74,True
1.05,0.01,0.99,0.2,0.2,0.5,0.5,8.09,-16.8,True
1.05,0.01,0.99,0.2,0.2,0.75,0.25,7.82,-15.77,True
1.05,0.01,0.99,0.2,0.2,1.0,0.0,7.53,-14.65,True
1.05,0.01,0.99,0.2,0.3,0.0,1.0,9.39,-18.6,True
1.05,0.01,0.99,0.2,0.3,0.25,0.75,9.16,-17.85,True
1.05,0.01,0.99,0.2,0.3,0.5,0.5,8.92,-17.04,True
1.05,0.01,0.99,0.2,0.3,0.75,0.25,8.67,-16.19,True
1.05,0.01,0.99,0.2,0.3,1.0,0.0,8.4,-15.3,True
1.05,0.01,0.99,0.3,0.0,0.0,1.0,8.14,-19.96,True
1.05,0.01,0.99,0.3,0.0,0.25,0.75,7.65,-18.55,True
1.05,0.01,0.99,0.3,0.0,0.5,0.5,7.14,-17.07,True
1.05,0.01,0.99,0.3,0.0,0.75,0.25,6.59,-15.51,True
1.05,0.01,0.99,0.3,0.0,1.0,0.0,6.01,-13.87,True
1.05,0.01,0.99,0.3,0.1,0.0,1.0,8.99,-18.59,True
1.05,0.01,0.99,0.3,0.1,0.25,0.75,8.56,-17.57,True
1.05,0.01,0.99,0.3,0.1,0.5,0.5,8.12,-16.42,True
1.05,0.01,0.99,0.3,0.1,0.75,0.25,7.66,-15.13,True
1.05,0.01,0.99,0.3,0.1,1.0,0.0,7.19,-13.66,True
1.05,0.01,0.99,0.3,0.2,0.0,1.0,9.41,-18.6,True
1.05,0.01,0.99,0.3,0.2,0.25,0.75,9.06,-17.7,True
1.05,0.01,0.99,0.3,0.2,0.5,0.5,8.7,-16.73,True
1.05,0.01,0.99,0.3,0.2,0.75,0.25,8.33,-15.66,True
1.05,0.01,0.99,0.3,0.2,1.0,0.0,7.96,-14.51,True
1.05,0.01,0.99,0.3,0.3,0.0,1.0,9.83,-18.6,True
1.05,0.01,0.99,0.3,0.3,0.25,0.75,9.51,-17.83,True
1.05,0.01,0.99,0.3,0.3,0.5,0.5,9.18,-17.01,True
1.05,0.01,0.99,0.3,0.3,0.75,0.25,8.86,-16.14,True
1.05,0.01,0.99,0.3,0.3,1.0,0.0,8.54,-15.23,True
1.05,0.01,0.99,0.4,0.0,0.0,1.0,8.79,-19.99,True
1.05,0.01,0.99,0.4,0.0,0.25,0.75,8.26,-18.55,True
1.05,0.01,0.99,0.4,0.0,0.5,0.5,7.71,-17.05,True
1.05,0.01,0.99,0.4,0.0,0.75,0.25,7.11,-15.46,True
1.05,0.01,0.99,0.4,0.0,1.0,0.0,6.49,-13.78,True
1.05,0.01,0.99,0.4,0.1,0.0,1.0,9.25,-18.99,True
1.05,0.01,0.99,0.4,0.1,0.25,0.75,8.81,-17.59,True
1.05,0.01,0.99,0.4,0.1,0.5,0.5,8.35,-16.42,True
1.05,0.01,0.99,0.4,0.1,0.75,0.25,7.88,-15.12,True
1.05,0.01,0.99,0.4,0.1,1.0,0.0,7.38,-13.65,True
1.05,0.01,0.99,0.4,0.2,0.0,1.0,9.61,-18.6,True
1.05,0.01,0.99,0.4,0.2,0.25,0.75,9.23,-17.7,True
1.05,0.01,0.99,0.4,0.2,0.5,0.5,8.83,-16.72,True
1.05,0.01,0.99,0.4,0.2,0.75,0.25,8.43,-15.64,True
1.05,0.01,0.99,0.4,0.2,1.0,0.0,8.03,-14.47,True
1.05,0.01,0.99,0.4,0.3,0.0,1.0,9.93,-18.6,True
1.05,0.01,0.99,0.4,0.3,0.25,0.75,9.6,-17.82,True
1.05,0.01,0.99,0.4,0.3,0.5,0.5,9.27,-16.99,True
1.05,0.01,0.99,0.4,0.3,0.75,0.25,8.94,-16.1,True
1.05,0.01,0.99,0.4,0.3,1.0,0.0,8.62,-15.17,True
1.05,0.01,1.0,0.1,0.0,0.0,1.0,3.33,-12.92,True
1.05,0.01,1.0,0.1,0.0,0.25,0.75,3.14,-11.85,True
1.05,0.01,1.0,0.1,0.0,0.5,0.5,2.95,-10.76,True
1.05,0.01,1.0,0.1,0.0,0.75,0.25,2.75,-9.66,True
1.05,0.01,1.0,0.1,0.0,1.0,0.0,2.54,-8.54,True
1.05,0.01,1.0,0.1,0.1,0.0,1.0,5.23,-14.71,True
1.05,0.01,1.0,0.1,0.1,0.25,0.75,5.11,-14.09,True
1.05,0.01,1.0,0.1,0.1,0.5,0.5,4.98,-13.47,True
1.05,0.01,1.0,0.1,0.1,0.75,0.25,4.85,-12.87,True
1.05,0.01,1.0,0.1,0.1,1.0,0.0,4.71,-12.24,True
1.05,0.01,1.0,0.1,0.2,0.0,1.0,6.53,-16.63,True
1.05,0.01,1.0,0.1,0.2,0.25,0.75,6.44,-16.05,True
1.05,0.01,1.0,0.1,0.2,0.5,0.5,6.35,-15.49,True
1.05,0.01,1.0,0.1,0.2,0.75,0.25,6.26,-14.96,True
1.05,0.01,1.0,0.1,0.2,1.0,0.0,6.16,-14.46,True
1.05,0.01,1.0,0.1,0.3,0.0,1.0,7.58,-17.31,True
1.05,0.01,1.0,0.1,0.3,0.25,0.75,7.51,-16.81,True
1.05,0.01,1.0,0.1,0.3,0.5,0.5,7.44,-16.33,True
1.05,0.01,1.0,0.1,0.3,0.75,0.25,7.36,-15.89,True
1.05,0.01,1.0,0.1,0.3,1.0,0.0,7.29,-15.49,True
1.05,0.01,1.0,0.2,0.0,0.0,1.0,4.4,-20.92,True
1.05,0.01,1.0,0.2,0.0,0.25,0.75,4.17,-19.41,True
1.05,0.01,1.0,0.2,0.0,0.5,0.5,3.92,-17.84,True
1.05,0.01,1.0,0.2,0.0,0.75,0.25,3.65,-16.21,True
1.05,0.01,1.0,0.2,0.0,1.0,0.0,3.37,-14.53,True
1.05,0.01,1.0,0.2,0.1,0.0,1.0,6.11,-18.86,True
1.05,0.01,1.0,0.2,0.1,0.25,0.75,5.94,-17.49,True
1.05,0.01,1.0,0.2,0.1,0.5,0.5,5.76,-16.08,True
1.05,0.01,1.0,0.2,0.1,0.75,0.25,5.57,-14.63,True
1.05,0.01,1.0,0.2,0.1,1.0,0.0,5.37,-13.14,True
1.05,0.01,1.0,0.2,0.2,0.0,1.0,7.5,-16.75,True
1.05,0.01,1.0,0.2,0.2,0.25,0.75,7.35,-16.02,True
1.05,0.01,1.0,0.2,0.2,0.5,0.5,7.18,-15.32,True
1.05,0.01,1.0,0.2,0.2,0.75,0.25,7.01,-14.65,True
1.05,0.01,1.0,0.2,0.2,1.0,0.0,6.83,-14.04,True
1.05,0.01,1.0,0.2,0.3,0.0,1.0,8.49,-17.04,True
1.05,0.01,1.0,0.2,0.3,0.25,0.75,8.34,-16.44,True
1.05,0.01,1.0,0.2,0.3,0.5,0.5,8.18,-15.89,True
1.05,0.01,1.0,0.2,0.3,0.75,0.25,8.02,-15.39,True
1.05,0.01,1.0,0.2,0.3,1.0,0.0,7.85,-14.95,True
1.05,0.01,1.0,0.3,0.0,0.0,1.0,5.83,-19.96,True
1.05,0.01,1.0,0.3,0.0,0.25,0.75,5.5,-18.55,True
1.05,0.01,1.0,0.3,0.0,0.5,0.5,5.15,-17.07,True
1.05,0.01,1.0,0.3,0.0,0.75,0.25,4.78,-15.51,True
1.05,0.01,1.0,0.3,0.0,1.0,0.0,4.38,-13.87,True
1.05,0.01,1.0,0.3,0.1,0.0,1.0,7.29,-17.76,True
1.05,0.01,1.0,0.3,0.1,0.25,0.75,7.02,-16.45,True
1.05,0.01,1.0,0.3,0.1,0.5,0.5,6.73,-15.09,True
1.05,0.01,1.0,0.3,0.1,0.75,0.25,6.43,-13.67,True
1.05,0.01,1.0,0.3,0.1,1.0,0.0,6.12,-12.52,True
1.05,0.01,1.0,0.3,0.2,0.0,1.0,8.22,-16.63,True
1.05,0.01,1.0,0.3,0.2,0.25,0.75,7.99,-15.84,True
1.05,0.01,1.0,0.3,0.2,0.5,0.5,7.74,-15.1,True
1.05,0.01,1.0,0.3,0.2,0.75,0.25,7.48,-14.41,True
1.05,0.01,1.0,0.3,0.2,1.0,0.0,7.21,-13.78,True
1.05,0.01,1.0,0.3,0.3,0.0,1.0,8.87,-16.93,True
1.05,0.01,1.0,0.3,0.3,0.25,0.75,8.66,-16.3,True
1.05,0.01,1.0,0.3,0.3,0.5,0.5,8.44,-15.72,True
1.05,0.01,1.0,0.3,0.3,0.75,0.25,8.23,-15.2,True
1.05,0.01,1.0,0.3,0.3,1.0,0.0,8.02,-14.75,True
1.05,0.01,1.0,0.4,0.0,0.0,1.0,6.7,-19.99,True
1.05,0.01,1.0,0.4,0.0,0.25,0.75,6.31,-18.55,True
1.05,0.01,1.0,0.4,0.0,0.5,0.5,5.9,-17.05,True
1.05,0.01,1.0,0.4,0.0,0.75,0.25,5.47,-15.46,True
1.05,0.01,1.0,0.4,0.0,1.0,0.0,5.01,-13.78,True
1.05,0.01,1.0,0.4,0.1,0.0,1.0,7.78,-18.78,True
1.05,0.01,1.0,0.4,0.1,0.25,0.75,7.45,-17.4,True
1.05,0.01,1.0,0.4,0.1,0.5,0.5,7.11,-15.96,True
1.05,0.01,1.0,0.4,0.1,0.75,0.25,6.76,-14.47,True
1.05,0.01,1.0,0.4,0.1,1.0,0.0,6.4,-12.91,True
1.05,0.01,1.0,0.4,0.2,0.0,1.0,8.47,-17.49,True
1.05,0.01,1.0,0.4,0.2,0.25,0.75,8.2,-16.14,True
1.05,0.01,1.0,0.4,0.2,0.5,0.5,7.92,-15.01,True
1.05,0.01,1.0,0.4,0.2,0.75,0.25,7.64,-14.3,True
1.05,0.01,1.0,0.4,0.2,1.0,0.0,7.36,-13.66,True
1.05,0.01,1.0,0.4,0.3,0.0,1.0,9.07,-16.87,True
1.05,0.01,1.0,0.4,0.3,0.25,0.75,8.84,-16.21,True
1.05,0.01,1.0,0.4,0.3,0.5,0.5,8.62,-15.6,True
1.05,0.01,1.0,0.4,0.3,0.75,0.25,8.39,-15.06,True
1.05,0.01,1.0,0.4,0.3,1.0,0.0,8.16,-14.6,True
1.05,0.01,1.01,0.1,0.0,0.0,1.0,2.05,-9.6,True
1.05,0.01,1.01,0.1,0.0,0.25,0.75,1.94,-8.72,True
1.05,0.01,1.01,0.1,0.0,0.5,0.5,1.83,-7.83,True
1.05,0.01,1.01,0.1,0.0,0.75,0.25,1.71,-6.94,True
1.05,0.01,1.01,0.1,0.0,1.0,0.0,1.59,-6.08,True
1.05,0.01,1.01,0.1,0.1,0.0,1.0,4.2,-9.54,True
1.05,0.01,1.01,0.1,0.1,0.25,0.75,4.15,-9.35,True
1.05,0.01,1.01,0.1,0.1,0.5,0.5,4.1,-9.18,True
1.05,0.01,1.01,0.1,0.1,0.75,0.25,4.05,-9.01,True
1.05,0.01,1.01,0.1,0.1,1.0,0.0,3.99,-8.85,True
1.05,0.01,1.01,0.1,0.2,0.0,1.0,5.71,-13.05,True
1.05,0.01,1.01,0.1,0.2,0.25,0.75,5.68,-12.89,True
1.05,0.01,1.01,0.1,0.2,0.5,0.5,5.66,-12.74,True
1.05,0.01,1.01,0.1,0.2,0.75,0.25,5.63,-12.6,True
1.05,0.01,1.01,0.1,0.2,1.0,0.0,5.6,-12.47,True
1.05,0.01,1.01,0.1,0.3,0.0,1.0,6.92,-15.37,True
1.05,0.01,1.01,0.1,0.3,0.25,0.75,6.9,-15.17,True
1.05,0.01,1.01,0.1,0.3,0.5,0.5,6.88,-14.98,True
1.05,0.01,1.01,0.1,0.3,0.75,0.25,6.87,-14.8,True
1.05,0.01,1.01,0.1,0.3,1.0,0.0,6.84,-14.64,True
1.05,0.01,1.01,0.2,0.0,0.0,1.0,2.25,-12.32,True
1.05,0.01,1.01,0.2,0.0,0.25,0.75,2.16,-11.16,True
1.05,0.01,1.01,0.2,0.0,0.5,0.5,2.07,-9.99,True
1.05,0.01,1.01,0.2,0.0,0.75,0.25,1.96,-8.83,True
1.05,0.01,1.01,0.2,0.0,1.0,0.0,1.84,-7.67,True
1.05,0.01,1.01,0.2,0.1,0.0,1.0,4.5,-12.65,True
1.05,0.01,1.01,0.2,0.1,0.25,0.75,4.46,-12.15,True
1.05,0.01,1.01,0.2,0.1,0.5,0.5,4.4,-11.65,True
1.05,0.01,1.01,0.2,0.1,0.75,0.25,4.34,-11.18,True
1.05,0.01,1.01,0.2,0.1,1.0,0.0,4.27,-10.72,True
1.05,0.01,1.01,0.2,0.2,0.0,1.0,6.08,-14.83,True
1.05,0.01,1.01,0.2,0.2,0.25,0.75,6.04,-14.43,True
1.05,0.01,1.01,0.2,0.2,0.5,0.5,6.0,-14.04,True
1.05,0.01,1.01,0.2,0.2,0.75,0.25,5.94,-13.68,True
1.05,0.01,1.01,0.2,0.2,1.0,0.0,5.88,-13.34,True
1.05,0.01,1.01,0.2,0.3,0.0,1.0,7.22,-16.13,True
1.05,0.01,1.01,0.2,0.3,0.25,0.75,7.19,-15.82,True
1.05,0.01,1.01,0.2,0.3,0.5,0.5,7.15,-15.5,True
1.05,0.01,1.01,0.2,0.3,0.75,0.25,7.1,-15.18,True
1.05,0.01,1.01,0.2,0.3,1.0,0.0,7.05,-14.9,True
1.05,0.01,1.01,0.3,0.0,0.0,1.0,2.73,-14.08,True
1.05,0.01,1.01,0.3,0.0,0.25,0.75,2.62,-12.82,True
1.05,0.01,1.01,0.3,0.0,0.5,0.5,2.5,-11.75,True
1.05,0.01,1.01,0.3,0.0,0.75,0.25,2.37,-10.67,True
1.05,0.01,1.01,0.3,0.0,1.0,0.0,2.22,-9.58,True
1.05,0.01,1.01,0.3,0.1,0.0,1.0,4.93,-14.84,True
1.05,0.01,1.01,0.3,0.1,0.25,0.75,4.85,-13.81,True
1.05,0.01,1.01,0.3,0.1,0.5,0.5,4.77,-12.77,True
1.05,0.01,1.01,0.3,0.1,0.75,0.25,4.68,-11.91,True
1.05,0.01,1.01,0.3,0.1,1.0,0.0,4.57,-11.33,True
1.05,0.01,1.01,0.3,0.2,0.0,1.0,6.33,-15.63,True
1.05,0.01,1.01,0.3,0.2,0.25,0.75,6.27,-14.89,True
1.05,0.01,1.01,0.3,0.2,0.5,0.5,6.2,-14.4,True
1.05,0.01,1.01,0.3,0.2,0.75,0.25,6.13,-13.94,True
1.05,0.01,1.01,0.3,0.2,1.0,0.0,6.05,-13.52,True
1.05,0.01,1.01,0.3,0.3,0.0,1.0,7.41,-16.13,True
1.05,0.01,1.01,0.3,0.3,0.25,0.75,7.35,-15.75,True
1.05,0.01,1.01,0.3,0.3,0.5,0.5,7.3,-15.4,True
1.05,0.01,1.01,0.3,0.3,0.75,0.25,7.24,-15.08,True
1.05,0.01,1.01,0.3,0.3,1.0,0.0,7.18,-14.79,True
1.05,0.01,1.01,0.4,0.0,0.0,1.0,3.05,-18.23,True
1.05,0.01,1.01,0.4,0.0,0.25,0.75,2.93,-16.86,True
1.05,0.01,1.01,0.4,0.0,0.5,0.5,2.8,-15.47,True
1.05,0.01,1.01,0.4,0.0,0.75,0.25,2.64,-14.06,True
1.05,0.01,1.01,0.4,0.0,1.0,0.0,2.47,-12.64,True
1.05,0.01,1.01,0.4,0.1,0.0,1.0,5.08,-19.17,True
1.05,0.01,1.01,0.4,0.1,0.25,0.75,4.99,-17.83,True
1.05,0.01,1.01,0.4,0.1,0.5,0.5,4.9,-16.47,True
1.05,0.01,1.01,0.4,0.1,0.75,0.25,4.79,-15.1,True
1.05,0.01,1.01,0.4,0.1,1.0,0.0,4.68,-13.71,True
1.05,0.01,1.01,0.4,0.2,0.0,1.0,6.47,-18.37,True
1.05,0.01,1.01,0.4,0.2,0.25,0.75,6.4,-17.01,True
1.05,0.01,1.01,0.4,0.2,0.5,0.5,6.33,-15.66,True
1.05,0.01,1.01,0.4,0.2,0.75,0.25,6.25,-14.32,True
1.05,0.01,1.01,0.4,0.2,1.0,0.0,6.16,-13.46,True
1.05,0.01,1.01,0.4,0.3,0.0,1.0,7.49,-17.2,True
1.05,0.01,1.01,0.4,0.3,0.25,0.75,7.43,-15.97,True
1.05,0.01,1.01,0.4,0.3,0.5,0.5,7.36,-15.34,True
1.05,0.01,1.01,0.4,0.3,0.75,0.25,7.28,-15.02,True
1.05,0.01,1.01,0.4,0.3,1.0,0.0,7.2,-14.73,True
1.05,0.01,1.02,0.1,0.0,0.0,1.0,1.2,-10.63,True
1.05,0.01,1.02,0.1,0.0,0.25,0.75,1.14,-9.74,True
1.05,0.01,1.02,0.1,0.0,0.5,0.5,1.08,-8.85,True
1.05,0.01,1.02,0.1,0.0,0.75,0.25,1.02,-7.96,True
1.05,0.01,1.02,0.1,0.0,1.0,0.0,0.95,-7.06,True
1.05,0.01,1.02,0.1,0.1,0.0,1.0,3.7,-8.09,True
1.05,0.01,1.02,0.1,0.1,0.25,0.75,3.68,-8.04,True
1.05,0.01,1.02,0.1,0.1,0.5,0.5,3.65,-8.0,True
1.05,0.01,1.02,0.1,0.1,0.75,0.25,3.63,-7.97,True
1.05,0.01,1.02,0.1,0.1,1.0,0.0,3.6,-7.94,True
1.05,0.01,1.02,0.1,0.2,0.0,1.0,5.38,-12.03,True
1.05,0.01,1.02,0.1,0.2,0.25,0.75,5.37,-11.96,True
1.05,0.01,1.02,0.1,0.2,0.5,0.5,5.35,-11.89,True
1.05,0.01,1.02,0.1,0.2,0.75,0.25,5.34,-11.84,True
1.05,0.01,1.02,0.1,0.2,1.0,0.0,5.32,-11.79,True
1.05,0.01,1.02,0.1,0.3,0.0,1.0,6.65,-15.8,True
1.05,0.01,1.02,0.1,0.3,0.25,0.75,6.64,-15.69,True
1.05,0.01,1.02,0.1,0.3,0.5,0.5,6.62,-15.58,True
1.05,0.01,1.02,0.1,0.3,0.75,0.25,6.61,-15.46,True
1.05,0.01,1.02,0.1,0.3,1.0,0.0,6.59,-15.35,True
1.05,0.01,1.02,0.2,0.0,0.0,1.0,1.04,-20.02,True
1.05,0.01,1.02,0.2,0.0,0.25,0.75,1.04,-18.39,True
1.05,0.01,1.02,0.2,0.0,0.5,0.5,1.02,-16.74,True
1.05,0.01,1.02,0.2,0.0,0.75,0.25,0.99,-15.08,True
1.05,0.01,1.02,0.2,0.0,1.0,0.0,0.95,-13.41,True
1.05,0.01,1.02,0.2,0.1,0.0,1.0,3.71,-11.05,True
1.05,0.01,1.02,0.2,0.1,0.25,0.75,3.71,-9.68,True
1.05,0.01,1.02,0.2,0.1,0.5,0.5,3.71,-9.28,True
1.05,0.01,1.02,0.2,0.1,0.75,0.25,3.71,-9.13,True
1.05,0.01,1.02,0.2,0.1,1.0,0.0,3.69,-8.98,True
1.05,0.01,1.02,0.2,0.2,0.0,1.0,5.44,-13.32,True
1.05,0.01,1.02,0.2,0.2,0.25,0.75,5.44,-13.15,True
1.05,0.01,1.02,0.2,0.2,0.5,0.5,5.44,-12.98,True
1.05,0.01,1.02,0.2,0.2,0.75,0.25,5.43,-12.83,True
1.05,0.01,1.02,0.2,0.2,1.0,0.0,5.43,-12.69,True
1.05,0.01,1.02,0.2,0.3,0.0,1.0,6.72,-16.28,True
1.05,0.01,1.02,0.2,0.3,0.25,0.75,6.72,-16.16,True
1.05,0.01,1.02,0.2,0.3,0.5,0.5,6.71,-16.05,True
1.05,0.01,1.02,0.2,0.3,0.75,0.25,6.71,-15.94,True
1.05,0.01,1.02,0.2,0.3,1.0,0.0,6.7,-15.83,True
1.05,0.01,1.02,0.3,0.0,0.0,1.0,0.9,-24.39,True
1.05,0.01,1.02,0.3,0.0,0.25,0.75,0.93,-22.41,True
1.05,0.01,1.02,0.3,0.0,0.5,0.5,0.94,-20.41,True
1.05,0.01,1.02,0.3,0.0,0.75,0.25,0.94,-18.4,True
1.05,0.01,1.02,0.3,0.0,1.0,0.0,0.93,-16.36,True
1.05,0.01,1.02,0.3,0.1,0.0,1.0,3.74,-13.36,True
1.05,0.01,1.02,0.3,0.1,0.25,0.75,3.75,-12.4,True
1.05,0.01,1.02,0.3,0.1,0.5,0.5,3.76,-11.43,True
1.05,0.01,1.02,0.3,0.1,0.75,0.25,3.76,-10.46,True
1.05,0.01,1.02,0.3,0.1,1.0,0.0,3.75,-9.76,True
1.05,0.01,1.02,0.3,0.2,0.0,1.0,5.48,-13.86,True
1.05,0.01,1.02,0.3,0.2,0.25,0.75,5.48,-13.39,True
1.05,0.01,1.02,0.3,0.2,0.5,0.5,5.48,-13.18,True
1.05,0.01,1.02,0.3,0.2,0.75,0.25,5.48,-12.99,True
1.05,0.01,1.02,0.3,0.2,1.0,0.0,5.47,-12.81,True
1.05,0.01,1.02,0.3,0.3,0.0,1.0,6.7,-16.19,True
1.05,0.01,1.02,0.3,0.3,0.25,0.75,6.71,-16.08,True
1.05,0.01,1.02,0.3,0.3,0.5,0.5,6.71,-15.97,True
1.05,0.01,1.02,0.3,0.3,0.75,0.25,6.71,-15.86,True
1.05,0.01,1.02,0.3,0.3,1.0,0.0,6.71,-15.75,True
1.05,0.01,1.02,0.4,0.0,0.0,1.0,0.84,-23.28,True
1.05,0.01,1.02,0.4,0.0,0.25,0.75,0.89,-21.35,True
1.05,0.01,1.02,0.4,0.0,0.5,0.5,0.92,-19.41,True
1.05,0.01,1.02,0.4,0.0,0.75,0.25,0.93,-17.45,True
1.05,0.01,1.02,0.4,0.0,1.0,0.0,0.93,-15.48,True
1.05,0.01,1.02,0.4,0.1,0.0,1.0,3.74,-16.51,True
1.05,0.01,1.02,0.4,0.1,0.25,0.75,3.76,-15.27,True
1.05,0.01,1.02,0.4,0.1,0.5,0.5,3.77,-14.03,True
1.05,0.01,1.02,0.4,0.1,0.75,0.25,3.77,-12.78,True
1.05,0.01,1.02,0.4,0.1,1.0,0.0,3.76,-11.53,True
1.05,0.01,1.02,0.4,0.2,0.0,1.0,5.52,-14.75,True
1.05,0.01,1.02,0.4,0.2,0.25,0.75,5.53,-13.72,True
1.05,0.01,1.02,0.4,0.2,0.5,0.5,5.53,-13.14,True
1.05,0.01,1.02,0.4,0.2,0.75,0.25,5.52,-12.95,True
1.05,0.01,1.02,0.4,0.2,1.0,0.0,5.51,-12.77,True
1.05,0.01,1.02,0.4,0.3,0.0,1.0,6.71,-15.78,True
1.05,0.01,1.02,0.4,0.3,0.25,0.75,6.72,-15.7,True
1.05,0.01,1.02,0.4,0.3,0.5,0.5,6.73,-15.63,True
1.05,0.01,1.02,0.4,0.3,0.75,0.25,6.73,-15.55,True
1.05,0.01,1.02,0.4,0.3,1.0,0.0,6.73,-15.48,True
1.05,0.015,0.95,0.1,0.0,0.0,1.0,6.21,-26.93,True
1.05,0.015,0.95,0.1,0.0,0.25,0.75,5.79,-25.29,True
1.05,0.015,0.95,0.1,0.0,0.5,0.5,5.34,-23.41,True
1.05,0.015,0.95,0.1,0.0,0.75,0.25,4.86,-21.25,True
1.05,0.015,0.95,0.1,0.0,1.0,0.0,4.38,-18.74,True
1.05,0.015,0.95,0.1,0.1,0.0,1.0,7.58,-26.06,True
1.05,0.015,0.95,0.1,0.1,0.25,0.75,7.24,-24.52,True
1.05,0.015,0.95,0.1,0.1,0.5,0.5,6.88,-22.8,True
1.05,0.015,0.95,0.1,0.1,0.75,0.25,6.52,-20.88,True
1.05,0.015,0.95,0.1,0.1,1.0,0.0,6.11,-18.73,True
1.05,0.015,0.95,0.1,0.2,0.0,1.0,8.55,-25.37,True
1.05,0.015,0.95,0.1,0.2,0.25,0.75,8.26,-23.92,True
1.05,0.015,0.95,0.1,0.2,0.5,0.5,7.97,-22.33,True
1.05,0.015,0.95,0.1,0.2,0.75,0.25,7.66,-20.6,True
1.05,0.015,0.95,0.1,0.2,1.0,0.0,7.37,-18.72,True
1.05,0.015,0.95,0.1,0.3,0.0,1.0,9.36,-24.82,True
1.05,0.015,0.95,0.1,0.3,0.25,0.75,9.12,-23.45,True
1.05,0.015,0.95,0.1,0.3,0.5,0.5,8.85,-21.96,True
1.05,0.015,0.95,0.1,0.3,0.75,0.25,8.58,-20.37,True
1.05,0.015,0.95,0.1,0.3,1.0,0.0,8.3,-18.71,True
1.05,0.015,0.95,0.2,0.0,0.0,1.0,9.55,-26.93,True
1.05,0.015,0.95,0.2,0.0,0.25,0.75,9.0,-25.32,True
1.05,0.015,0.95,0.2,0.0,0.5,0.5,8.4,-23.47,True
1.05,0.015,0.95,0.2,0.0,0.75,0.25,7.75,-21.3,True
1.05,0.015,0.95,0.2,0.0,1.0,0.0,7.05,-18.74,True
1.05,0.015,0.95,0.2,0.1,0.0,1.0,9.98,-26.41,True
1.05,0.015,0.95,0.2,0.1,0.25,0.75,9.5,-24.83,True
1.05,0.015,0.95,0.2,0.1,0.5,0.5,8.99,-23.05,True
1.05,0.015,0.95,0.2,0.1,0.75,0.25,8.45,-21.03,True
1.05,0.015,0.95,0.2,0.1,1.0,0.0,7.88,-18.73,True
1.05,0.015,0.95,0.2,0.2,0.0,1.0,10.32,-25.86,True
1.05,0.015,0.95,0.2,0.2,0.25,0.75,9.89,-24.34,True
1.05,0.015,0.95,0.2,0.2,0.5,0.5,9.45,-22.65,True
1.05,0.015,0.95,0.2,0.2,0.75,0.25,8.98,-20.78,True
1.05,0.015,0.95,0.2,0.2,1.0,0.0,8.5,-18.72,True
1.05,0.015,0.95,0.2,0.3,0.0,1.0,10.51,-25.27,True
1.05,0.015,0.95,0.2,0.3,0.25,0.75,10.15,-23.81,True
1.05,0.015,0.95,0.2,0.3,0.5,0.5,9.77,-22.23,True
1.05,0.015,0.95,0.2,0.3,0.75,0.25,9.39,-20.52,True
1.05,0.015,0.95,0.2,0.3,1.0,0.0,9.01,-18.71,True
1.05,0.015,0.95,0.3,0.0,0.0,1.0,10.35,-26.93,True
1.05,0.015,0.95,0.3,0.0,0.25,0.75,9.78,-25.32,True
1.05,0.015,0.95,0.3,0.0,0.5,0.5,9.15,-23.47,True
1.05,0.015,0.95,0.3,0.0,0.75,0.25,8.46,-21.3,True
1.05,0.015,0.95,0.3,0.0,1.0,0.0,7.71,-18.74,True
1.05,0.015,0.95,0.3,0.1,0.0,1.0,10.54,-26.45,True
1.05,0.015,0.95,0.3,0.1,0.25,0.75,10.04,-24.87,True
1.05,0.015,0.95,0.3,0.1,0.5,0.5,9.5,-23.09,True
1.05,0.015,0.95,0.3,0.1,0.75,0.25,8.93,-21.05,True
1.05,0.015,0.95,0.3,0.1,1.0,0.0,8.32,-18.73,True
1.05,0.015,0.95,0.3,0.2,0.0,1.0,10.74,-25.92,True
1.05,0.015,0.95,0.3,0.2,0.25,0.75,10.32,-24.39,True
1.05,0.015,0.95,0.3,0.2,0.5,0.5,9.87,-22.69,True
1.05,0.015,0.95,0.3,0.2,0.75,0.25,9.39,-20.81,True
1.05,0.015,0.95,0.3,0.2,1.0,0.0,8.89,-18.72,True
1.05,0.015,0.95,0.3,0.3,0.0,1.0,10.95,-25.35,True
1.05,0.015,0.95,0.3,0.3,0.25,0.75,10.59,-23.89,True
1.05,0.015,0.95,0.3,0.3,0.5,0.5,10.21,-22.29,True
1.05,0.015,0.95,0.3,0.3,0.75,0.25,9.81,-20.56,True
1.05,0.015,0.95,0.3,0.3,1.0,0.0,9.39,-18.71,True
1.05,0.015,0.95,0.4,0.0,0.0,1.0,10.96,-26.93,True
1.05,0.015,0.95,0.4,0.0,0.25,0.75,10.35,-25.32,True
1.05,0.015,0.95,0.4,0.0,0.5,0.5,9.68,-23.46,True
1.05,0.015,0.95,0.4,0.0,0.75,0.25,8.96,-21.3,True
1.05,0.015,0.95,0.4,0.0,1.0,0.0,8.17,-18.74,True
1.05,0.015,0.95,0.4,0.1,0.0,1.0,11.14,-26.48,True
1.05,0.015,0.95,0.4,0.1,0.25,0.75,10.61,-24.89,True
1.05,0.015,0.95,0.4,0.1,0.5,0.5,10.03,-23.1,True
1.05,0.015,0.95,0.4,0.1,0.75,0.25,9.41,-21.06,True
1.05,0.015,0.95,0.4,0.1,1.0,0.0,8.75,-18.73,True
1.05,0.015,0.95,0.4,0.2,0.0,1.0,11.35,-25.99,True
1.05,0.015,0.95,0.4,0.2,0.25,0.75,10.88,-24.45,True
1.05,0.015,0.95,0.4,0.2,0.5,0.5,10.37,-22.73,True
1.05,0.015,0.95,0.4,0.2,0.75,0.25,9.82,-20.83,True
1.05,0.015,0.95,0.4,0.2,1.0,0.0,9.25,-18.72,True
1.05,0.015,0.95,0.4,0.3,0.0,1.0,11.52,-25.48,True
1.05,0.015,0.95,0.4,0.3,0.25,0.75,11.08,-23.99,True
1.05,0.015,0.95,0.4,0.3,0.5,0.5,10.63,-22.36,True
1.05,0.015,0.95,0.4,0.3,0.75,0.25,10.16,-20.6,True
1.05,0.015,0.95,0.4,0.3,1.0,0.0,9.68,-18.71,True
1.05,0.015,0.97,0.1,0.0,0.0,1.0,4.18,-23.38,True
1.05,0.015,0.97,0.1,0.0,0.25,0.75,3.91,-21.93,True
1.05,0.015,0.97,0.1,0.0,0.5,0.5,3.62,-20.27,True
1.05,0.015,0.97,0.1,0.0,0.75,0.25,3.33,-18.37,True
1.05,0.015,0.97,0.1,0.0,1.0,0.0,3.02,-16.16,True
1.05,0.015,0.97,0.1,0.1,0.0,1.0,6.0,-22.53,True
1.05,0.015,0.97,0.1,0.1,0.25,0.75,5.78,-21.32,True
1.05,0.015,0.97,0.1,0.1,0.5,0.5,5.56,-19.97,True
1.05,0.015,0.97,0.1,0.1,0.75,0.25,5.33,-18.46,True
1.05,0.015,0.97,0.1,0.1,1.0,0.0,5.1,-16.75,True
1.05,0.015,0.97,0.1,0.2,0.0,1.0,7.18,-21.87,True
1.05,0.015,0.97,0.1,0.2,0.25,0.75,7.0,-20.85,True
1.05,0.015,0.97,0.1,0.2,0.5,0.5,6.81,-19.73,True
1.05,0.015,0.97,0.1,0.2,0.75,0.25,6.62,-18.5,True
1.05,0.015,0.97,0.1,0.2,1.0,0.0,6.43,-17.16,True
1.05,0.015,0.97,0.1,0.3,0.0,1.0,8.11,-21.32,True
1.05,0.015,0.97,0.1,0.3,0.25,0.75,7.96,-20.45,True
1.05,0.015,0.97,0.1,0.3,0.5,0.5,7.8,-19.52,True
1.05,0.015,0.97,0.1,0.3,0.75,0.25,7.65,-18.53,True
1.05,0.015,0.97,0.1,0.3,1.0,0.0,7.48,-17.47,True
1.05,0.015,0.97,0.2,0.0,0.0,1.0,6.5,-23.38,True
1.05,0.015,0.97,0.2,0.0,0.25,0.75,6.1,-21.96,True
1.05,0.015,0.97,0.2,0.0,0.5,0.5,5.68,-20.32,True
1.05,0.015,0.97,0.2,0.0,0.75,0.25,5.25,-18.42,True
1.05,0.015,0.97,0.2,0.0,1.0,0.0,4.79,-16.16,True
1.05,0.015,0.97,0.2,0.1,0.0,1.0,7.53,-22.71,True
1.05,0.015,0.97,0.2,0.1,0.25,0.75,7.21,-21.45,True
1.05,0.015,0.97,0.2,0.1,0.5,0.5,6.88,-20.04,True
1.05,0.015,0.97,0.2,0.1,0.75,0.25,6.54,-18.46,True
1.05,0.015,0.97,0.2,0.1,1.0,0.0,6.2,-16.68,True
1.05,0.015,0.97,0.2,0.2,0.0,1.0,8.17,-22.1,True
1.05,0.015,0.97,0.2,0.2,0.25,0.75,7.92,-21.0,True
1.05,0.015,0.97,0.2,0.2,0.5,0.5,7.67,-19.8,True
1.05,0.015,0.97,0.2,0.2,0.75,0.25,7.42,-18.5,True
1.05,0.015,0.97,0.2,0.2,1.0,0.0,7.17,-17.08,True
1.05,0.015,0.97,0.2,0.3,0.0,1.0,8.78,-21.54,True
1.05,0.015,0.97,0.2,0.3,0.25,0.75,8.6,-20.59,True
1.05,0.015,0.97,0.2,0.3,0.5,0.5,8.42,-19.59,True
1.05,0.015,0.97,0.2,0.3,0.75,0.25,8.23,-18.52,True
1.05,0.015,0.97,0.2,0.3,1.0,0.0,8.04,-17.4,True
1.05,0.015,0.97,0.3,0.0,0.0,1.0,7.15,-23.38,True
1.05,0.015,0.97,0.3,0.0,0.25,0.75,6.73,-21.96,True
1.05,0.015,0.97,0.3,0.0,0.5,0.5,6.3,-20.32,True
1.05,0.015,0.97,0.3,0.0,0.75,0.25,5.83,-18.42,True
1.05,0.015,0.97,0.3,0.0,1.0,0.0,5.34,-16.16,True
1.05,0.015,0.97,0.3,0.1,0.0,1.0,7.89,-22.73,True
1.05,0.015,0.97,0.3,0.1,0.25,0.75,7.57,-21.47,True
1.05,0.015,0.97,0.3,0.1,0.5,0.5,7.24,-20.05,True
1.05,0.015,0.97,0.3,0.1,0.75,0.25,6.89,-18.46,True
1.05,0.015,0.97,0.3,0.1,1.0,0.0,6.53,-16.66,True
1.05,0.015,0.97,0.3,0.2,0.0,1.0,8.58,-22.14,True
1.05,0.015,0.97,0.3,0.2,0.25,0.75,8.33,-21.02,True
1.05,0.015,0.97,0.3,0.2,0.5,0.5,8.06,-19.81,True
1.05,0.015,0.97,0.3,0.2,0.75,0.25,7.79,-18.49,True
1.05,0.015,0.97,0.3,0.2,1.0,0.0,7.49,-17.05,True
1.05,0.015,0.97,0.3,0.3,0.0,1.0,9.14,-21.6,True
1.05,0.015,0.97,0.3,0.3,0.25,0.75,8.91,-20.63,True
1.05,0.015,0.97,0.3,0.3,0.5,0.5,8.69,-19.6,True
1.05,0.015,0.97,0.3,0.3,0.75,0.25,8.46,-18.51,True
1.05,0.015,0.97,0.3,0.3,1.0,0.0,8.23,-17.36,True
1.05,0.015,0.97,0.4,0.0,0.0,1.0,7.54,-23.38,True
1.05,0.015,0.97,0.4,0.0,0.25,0.75,7.11,-21.96,True
1.05,0.015,0.97,0.4,0.0,0.5,0.5,6.65,-20.32,True
1.05,0.015,0.97,0.4,0.0,0.75,0.25,6.16,-18.42,True
1.05,0.015,0.97,0.4,0.0,1.0,0.0,5.64,-16.16,True
1.05,0.015,0.97,0.4,0.1,0.0,1.0,8.31,-22.75,True
1.05,0.015,0.97,0.4,0.1,0.25,0.75,7.97,-21.47,True
1.05,0.015,0.97,0.4,0.1,0.5,0.5,7.59,-20.05,True
1.05,0.015,0.97,0.4,0.1,0.75,0.25,7.2,-18.45,True
1.05,0.015,0.97,0.4,0.1,1.0,0.0,6.8,-16.65,True
1.05,0.015,0.97,0.4,0.2,0.0,1.0,8.9,-22.18,True
1.05,0.015,0.97,0.4,0.2,0.25,0.75,8.6,-21.05,True
1.05,0.015,0.97,0.4,0.2,0.5,0.5,8.3,-19.82,True
1.05,0.015,0.97,0.4,0.2,0.75,0.25,7.99,-18.48,True
1.05,0.015,0.97,0.4,0.2,1.0,0.0,7.68,-17.02,True
1.05,0.015,0.97,0.4,0.3,0.0,1.0,9.47,-21.71,True
1.05,0.015,0.97,0.4,0.3,0.25,0.75,9.22,-20.7,True
1.05,0.015,0.97,0.4,0.3,0.5,0.5,8.96,-19.63,True
1.05,0.015,0.97,0.4,0.3,0.75,0.25,8.7,-18.5,True
1.05,0.015,0.97,0.4,0.3,1.0,0.0,8.44,-17.32,True
1.05,0.015,0.99,0.1,0.0,0.0,1.0,4.09,-18.59,True
1.05,0.015,0.99,0.1,0.0,0.25,0.75,3.81,-17.4,True
1.05,0.015,0.99,0.1,0.0,0.5,0.5,3.52,-16.04,True
1.05,0.015,0.99,0.1,0.0,0.75,0.25,3.22,-14.49,True
1.05,0.015,0.99,0.1,0.0,1.0,0.0,2.9,-12.68,True
1.05,0.015,0.99,0.1,0.1,0.0,1.0,5.83,-18.6,True
1.05,0.015,0.99,0.1,0.1,0.25,0.75,5.61,-17.67,True
1.05,0.015,0.99,0.1,0.1,0.5,0.5,5.39,-16.64,True
1.05,0.015,0.99,0.1,0.1,0.75,0.25,5.15,-15.48,True
1.05,0.015,0.99,0.1,0.1,1.0,0.0,4.91,-14.16,True
1.05,0.015,0.99,0.1,0.2,0.0,1.0,7.01,-18.61,True
1.05,0.015,0.99,0.1,0.2,0.25,0.75,6.84,-17.87,True
1.05,0.015,0.99,0.1,0.2,0.5,0.5,6.66,-17.06,True
1.05,0.015,0.99,0.1,0.2,0.75,0.25,6.48,-16.17,True
1.05,0.015,0.99,0.1,0.2,1.0,0.0,6.29,-15.2,True
1.05,0.015,0.99,0.1,0.3,0.0,1.0,7.95,-18.61,True
1.05,0.015,0.99,0.1,0.3,0.25,0.75,7.82,-18.02,True
1.05,0.015,0.99,0.1,0.3,0.5,0.5,7.68,-17.38,True
1.05,0.015,0.99,0.1,0.3,0.75,0.25,7.52,-16.7,True
1.05,0.015,0.99,0.1,0.3,1.0,0.0,7.36,-15.97,True
1.05,0.015,0.99,0.2,0.0,0.0,1.0,5.84,-24.17,True
1.05,0.015,0.99,0.2,0.0,0.25,0.75,5.47,-22.4,True
1.05,0.015,0.99,0.2,0.0,0.5,0.5,5.07,-20.57,True
1.05,0.015,0.99,0.2,0.0,0.75,0.25,4.66,-18.67,True
1.05,0.015,0.99,0.2,0.0,1.0,0.0,4.23,-16.69,True
1.05,0.015,0.99,0.2,0.1,0.0,1.0,7.02,-22.11,True
1.05,0.015,0.99,0.2,0.1,0.25,0.75,6.74,-20.34,True
1.05,0.015,0.99,0.2,0.1,0.5,0.5,6.44,-18.5,True
1.05,0.015,0.99,0.2,0.1,0.75,0.25,6.14,-16.6,True
1.05,0.015,0.99,0.2,0.1,1.0,0.0,5.83,-14.64,True
1.05,0.015,0.99,0.2,0.2,0.0,1.0,7.87,-20.05,True
1.05,0.015,0.99,0.2,0.2,0.25,0.75,7.66,-18.27,True
1.05,0.015,0.99,0.2,0.2,0.5,0.5,7.44,-16.95,True
1.05,0.015,0.99,0.2,0.2,0.75,0.25,7.22,-16.02,True
1.05,0.015,0.99,0.2,0.2,1.0,0.0,6.99,-15.01,True
1.05,0.015,0.99,0.2,0.3,0.0,1.0,8.66,-18.61,True
1.05,0.015,0.99,0.2,0.3,0.25,0.75,8.49,-17.95,True
1.05,0.015,0.99,0.2,0.3,0.5,0.5,8.31,-17.26,True
1.05,0.015,0.99,0.2,0.3,0.75,0.25,8.13,-16.52,True
1.05,0.015,0.99,0.2,0.3,1.0,0.0,7.95,-15.76,True
1.05,0.015,0.99,0.3,0.0,0.0,1.0,6.63,-26.28,True
1.05,0.015,0.99,0.3,0.0,0.25,0.75,6.23,-24.35,True
1.05,0.015,0.99,0.3,0.0,0.5,0.5,5.8,-22.35,True
1.05,0.015,0.99,0.3,0.0,0.75,0.25,5.35,-20.27,True
1.05,0.015,0.99,0.3,0.0,1.0,0.0,4.87,-18.11,True
1.05,0.015,0.99,0.3,0.1,0.0,1.0,7.66,-23.13,True
1.05,0.015,0.99,0.3,0.1,0.25,0.75,7.35,-21.23,True
1.05,0.015,0.99,0.3,0.1,0.5,0.5,7.02,-19.28,True
1.05,0.015,0.99,0.3,0.1,0.75,0.25,6.68,-17.26,True
1.05,0.015,0.99,0.3,0.1,1.0,0.0,6.33,-15.18,True
1.05,0.015,0.99,0.3,0.2,0.0,1.0,8.49,-19.55,True
1.05,0.015,0.99,0.3,0.2,0.25,0.75,8.23,-17.78,True
1.05,0.015,0.99,0.3,0.2,0.5,0.5,7.97,-16.9,True
1.05,0.015,0.99,0.3,0.2,0.75,0.25,7.69,-15.94,True
1.05,0.015,0.99,0.3,0.2,1.0,0.0,7.39,-14.9,True
1.05,0.015,0.99,0.3,0.3,0.0,1.0,9.14,-18.61,True
1.05,0.015,0.99,0.3,0.3,0.25,0.75,8.9,-17.92,True
1.05,0.015,0.99,0.3,0.3,0.5,0.5,8.66,-17.19,True
1.05,0.015,0.99,0.3,0.3,0.75,0.25,8.41,-16.43,True
1.05,0.015,0.99,0.3,0.3,1.0,0.0,8.17,-15.64,True
1.05,0.015,0.99,0.4,0.0,0.0,1.0,7.32,-25.1,True
1.05,0.015,0.99,0.4,0.0,0.25,0.75,6.87,-23.23,True
1.05,0.015,0.99,0.4,0.0,0.5,0.5,6.4,-21.29,True
1.05,0.015,0.99,0.4,0.0,0.75,0.25,5.9,-19.29,True
1.05,0.015,0.99,0.4,0.0,1.0,0.0,5.38,-17.2,True
1.05,0.015,0.99,0.4,0.1,0.0,1.0,8.27,-21.65,True
1.05,0.015,0.99,0.4,0.1,0.25,0.75,7.9,-19.83,True
1.05,0.015,0.99,0.4,0.1,0.5,0.5,7.52,-17.97,True
1.05,0.015,0.99,0.4,0.1,0.75,0.25,7.11,-16.04,True
1.05,0.015,0.99,0.4,0.1,1.0,0.0,6.7,-14.05,True
1.05,0.015,0.99,0.4,0.2,0.0,1.0,8.91,-18.6,True
1.05,0.015,0.99,0.4,0.2,0.25,0.75,8.59,-17.76,True
1.05,0.015,0.99,0.4,0.2,0.5,0.5,8.27,-16.85,True
1.05,0.015,0.99,0.4,0.2,0.75,0.25,7.94,-15.86,True
1.05,0.015,0.99,0.4,0.2,1.0,0.0,7.61,-14.81,True
1.05,0.015,0.99,0.4,0.3,0.0,1.0,9.49,-18.61,True
1.05,0.015,0.99,0.4,0.3,0.25,0.75,9.21,-17.88,True
1.05,0.015,0.99,0.4,0.3,0.5,0.5,8.94,-17.12,True
1.05,0.015,0.99,0.4,0.3,0.75,0.25,8.66,-16.33,True
1.05,0.015,0.99,0.4,0.3,1.0,0.0,8.39,-15.51,True
1.05,0.015,1.0,0.1,0.0,0.0,1.0,1.42,-12.78,True
1.05,0.015,1.0,0.1,0.0,0.25,0.75,1.33,-11.73,True
1.05,0.015,1.0,0.1,0.0,0.5,0.5,1.24,-10.66,True
1.05,0.015,1.0,0.1,0.0,0.75,0.25,1.15,-9.56,True
1.05,0.015,1.0,0.1,0.0,1.0,0.0,1.06,-8.44,True
1.05,0.015,1.0,0.1,0.1,0.0,1.0,4.1,-11.45,True
1.05,0.015,1.0,0.1,0.1,0.25,0.75,4.02,-10.74,True
1.05,0.015,1.0,0.1,0.1,0.5,0.5,3.94,-10.43,True
1.05,0.015,1.0,0.1,0.1,0.75,0.25,3.87,-10.13,True
1.05,0.015,1.0,0.1,0.1,1.0,0.0,3.78,-9.82,True
1.05,0.015,1.0,0.1,0.2,0.0,1.0,5.87,-14.34,True
1.05,0.015,1.0,0.1,0.2,0.25,0.75,5.79,-14.06,True
1.05,0.015,1.0,0.1,0.2,0.5,0.5,5.71,-13.79,True
1.05,0.015,1.0,0.1,0.2,0.75,0.25,5.63,-13.52,True
1.05,0.015,1.0,0.1,0.2,1.0,0.0,5.55,-13.25,True
1.05,0.015,1.0,0.1,0.3,0.0,1.0,7.15,-16.27,True
1.05,0.015,1.0,0.1,0.3,0.25,0.75,7.11,-16.06,True
1.05,0.015,1.0,0.1,0.3,0.5,0.5,7.04,-15.82,True
1.05,0.015,1.0,0.1,0.3,0.75,0.25,6.96,-15.56,True
1.05,0.015,1.0,0.1,0.3,1.0,0.0,6.88,-15.31,True
1.05,0.015,1.0,0.2,0.0,0.0,1.0,2.78,-18.85,True
1.05,0.015,1.0,0.2,0.0,0.25,0.75,2.62,-17.44,True
1.05,0.015,1.0,0.2,0.0,0.5,0.5,2.46,-15.97,True
1.05,0.015,1.0,0.2,0.0,0.75,0.25,2.29,-14.44,True
1.05,0.015,1.0,0.2,0.0,1.0,0.0,2.11,-12.85,True
1.05,0.015,1.0,0.2,0.1,0.0,1.0,5.12,-16.95,True
1.05,0.015,1.0,0.2,0.1,0.25,0.75,5.0,-15.52,True
1.05,0.015,1.0,0.2,0.1,0.5,0.5,4.88,-14.05,True
1.05,0.015,1.0,0.2,0.1,0.75,0.25,4.76,-12.52,True
1.05,0.015,1.0,0.2,0.1,1.0,0.0,4.64,-11.92,True
1.05,0.015,1.0,0.2,0.2,0.0,1.0,6.63,-16.43,True
1.05,0.015,1.0,0.2,0.2,0.25,0.75,6.53,-15.91,True
1.05,0.015,1.0,0.2,0.2,0.5,0.5,6.44,-15.4,True
1.05,0.015,1.0,0.2,0.2,0.75,0.25,6.34,-14.91,True
1.05,0.015,1.0,0.2,0.2,1.0,0.0,6.24,-14.44,True
1.05,0.015,1.0,0.2,0.3,0.0,1.0,7.74,-17.36,True
1.05,0.015,1.0,0.2,0.3,0.25,0.75,7.64,-16.93,True
1.05,0.015,1.0,0.2,0.3,0.5,0.5,7.55,-16.49,True
1.05,0.015,1.0,0.2,0.3,0.75,0.25,7.45,-16.07,True
1.05,0.015,1.0,0.2,0.3,1.0,0.0,7.35,-15.67,True
1.05,0.015,1.0,0.3,0.0,0.0,1.0,3.81,-20.27,True
1.05,0.015,1.0,0.3,0.0,0.25,0.75,3.6,-18.73,True
1.05,0.015,1.0,0.3,0.0,0.5,0.5,3.38,-17.14,True
1.05,0.015,1.0,0.3,0.0,0.75,0.25,3.16,-15.49,True
1.05,0.015,1.0,0.3,0.0,1.0,0.0,2.92,-13.78,True
1.05,0.015,1.0,0.3,0.1,0.0,1.0,5.87,-17.61,True
1.05,0.015,1.0,0.3,0.1,0.25,0.75,5.71,-16.08,True
1.05,0.015,1.0,0.3,0.1,0.5,0.5,5.54,-14.52,True
1.05,0.015,1.0,0.3,0.1,0.75,0.25,5.37,-13.5,True
1.05,0.015,1.0,0.3,0.1,1.0,0.0,5.19,-12.76,True
1.05,0.015,1.0,0.3,0.2,0.0,1.0,7.11,-16.98,True
1.05,0.015,1.0,0.3,0.2,0.25,0.75,6.97,-16.33,True
1.05,0.015,1.0,0.3,0.2,0.5,0.5,6.82,-15.7,True
1.05,0.015,1.0,0.3,0.2,0.75,0.25,6.67,-15.1,True
1.05,0.015,1.0,0.3,0.2,1.0,0.0,6.52,-14.53,True
1.05,0.015,1.0,0.3,0.3,0.0,1.0,7.98,-17.34,True
1.05,0.015,1.0,0.3,0.3,0.25,0.75,7.86,-16.84,True
1.05,0.015,1.0,0.3,0.3,0.5,0.5,7.75,-16.36,True
1.05,0.015,1.0,0.3,0.3,0.75,0.25,7.63,-15.92,True
1.05,0.015,1.0,0.3,0.3,1.0,0.0,7.52,-15.52,True
1.05,0.015,1.0,0.4,0.0,0.0,1.0,4.67,-19.38,True
1.05,0.015,1.0,0.4,0.0,0.25,0.75,4.41,-17.71,True
1.05,0.015,1.0,0.4,0.0,0.5,0.5,4.13,-16.02,True
1.05,0.015,1.0,0.4,0.0,0.75,0.25,3.84,-14.45,True
1.05,0.015,1.0,0.4,0.0,1.0,0.0,3.54,-12.82,True
1.05,0.015,1.0,0.4,0.1,0.0,1.0,6.38,-16.45,True
1.05,0.015,1.0,0.4,0.1,0.25,0.75,6.17,-15.55,True
1.05,0.015,1.0,0.4,0.1,0.5,0.5,5.95,-14.67,True
1.05,0.015,1.0,0.4,0.1,0.75,0.25,5.72,-13.81,True
1.05,0.015,1.0,0.4,0.1,1.0,0.0,5.49,-12.97,True
1.05,0.015,1.0,0.4,0.2,0.0,1.0,7.4,-16.91,True
1.05,0.015,1.0,0.4,0.2,0.25,0.75,7.23,-16.24,True
1.05,0.015,1.0,0.4,0.2,0.5,0.5,7.06,-15.59,True
1.05,0.015,1.0,0.4,0.2,0.75,0.25,6.88,-14.97,True
1.05,0.015,1.0,0.4,0.2,1.0,0.0,6.71,-14.39,True
1.05,0.015,1.0,0.4,0.3,0.0,1.0,8.24,-17.26,True
1.05,0.015,1.0,0.4,0.3,0.25,0.75,8.1,-16.73,True
1.05,0.015,1.0,0.4,0.3,0.5,0.5,7.96,-16.24,True
1.05,0.015,1.0,0.4,0.3,0.75,0.25,7.81,-15.78,True
1.05,0.015,1.0,0.4,0.3,1.0,0.0,7.66,-15.36,True
1.05,0.015,1.01,0.1,0.0,0.0,1.0,1.12,-11.17,True
1.05,0.015,1.01,0.1,0.0,0.25,0.75,1.05,-10.26,True
1.05,0.015,1.01,0.1,0.0,0.5,0.5,0.97,-9.32,True
1.05,0.015,1.01,0.1,0.0,0.75,0.25,0.88,-8.37,True
1.05,0.015,1.01,0.1,0.0,1.0,0.0,0.8,-7.4,True
1.05,0.015,1.01,0.1,0.1,0.0,1.0,3.87,-9.87,True
1.05,0.015,1.01,0.1,0.1,0.25,0.75,3.8,-8.94,True
1.05,0.015,1.01,0.1,0.1,0.5,0.5,3.73,-8.0,True
1.05,0.015,1.01,0.1,0.1,0.75,0.25,3.65,-7.63,True
1.05,0.015,1.01,0.1,0.1,1.0,0.0,3.58,-7.61,True
1.05,0.015,1.01,0.1,0.2,0.0,1.0,5.63,-11.12,True
1.05,0.015,1.01,0.1,0.2,0.25,0.75,5.57,-11.15,True
1.05,0.015,1.01,0.1,0.2,0.5,0.5,5.5,-11.15,True
1.05,0.015,1.01,0.1,0.2,0.75,0.25,5.43,-11.16,True
1.05,0.015,1.01,0.1,0.2,1.0,0.0,5.36,-11.16,True
1.05,0.015,1.01,0.1,0.3,0.0,1.0,6.89,-13.42,True
1.05,0.015,1.01,0.1,0.3,0.25,0.75,6.86,-13.55,True
1.05,0.015,1.01,0.1,0.3,0.5,0.5,6.83,-13.69,True
1.05,0.015,1.01,0.1,0.3,0.75,0.25,6.76,-13.69,True
1.05,0.015,1.01,0.1,0.3,1.0,0.0,6.69,-13.68,True
1.05,0.015,1.01,0.2,0.0,0.0,1.0,2.06,-17.11,True
1.05,0.015,1.01,0.2,0.0,0.25,0.75,1.93,-15.82,True
1.05,0.015,1.01,0.2,0.0,0.5,0.5,1.8,-14.49,True
1.05,0.015,1.01,0.2,0.0,0.75,0.25,1.67,-13.1,True
1.05,0.015,1.01,0.2,0.0,1.0,0.0,1.52,-11.67,True
1.05,0.015,1.01,0.2,0.1,0.0,1.0,4.5,-15.41,True
1.05,0.015,1.01,0.2,0.1,0.25,0.75,4.42,-14.1,True
1.05,0.015,1.01,0.2,0.1,0.5,0.5,4.34,-12.74,True
1.05,0.015,1.01,0.2,0.1,0.75,0.25,4.26,-11.35,True
1.05,0.015,1.01,0.2,0.1,1.0,0.0,4.17,-9.9,True
1.05,0.015,1.01,0.2,0.2,0.0,1.0,6.02,-13.7,True
1.05,0.015,1.01,0.2,0.2,0.25,0.75,5.97,-12.38,True
1.05,0.015,1.01,0.2,0.2,0.5,0.5,5.91,-11.02,True
1.05,0.015,1.01,0.2,0.2,0.75,0.25,5.84,-11.08,True
1.05,0.015,1.01,0.2,0.2,1.0,0.0,5.78,-11.15,True
1.05,0.015,1.01,0.2,0.3,0.0,1.0,7.13,-13.36,True
1.05,0.015,1.01,0.2,0.3,0.25,0.75,7.09,-13.38,True
1.05,0.015,1.01,0.2,0.3,0.5,0.5,7.05,-13.41,True
1.05,0.015,1.01,0.2,0.3,0.75,0.25,7.01,-13.45,True
1.05,0.015,1.01,0.2,0.3,1.0,0.0,6.96,-13.5,True
1.05,0.015,1.01,0.3,0.0,0.0,1.0,2.73,-18.56,True
1.05,0.015,1.01,0.3,0.0,0.25,0.75,2.58,-17.14,True
1.05,0.015,1.01,0.3,0.0,0.5,0.5,2.42,-15.68,True
1.05,0.015,1.01,0.3,0.0,0.75,0.25,2.25,-14.17,True
1.05,0.015,1.01,0.3,0.0,1.0,0.0,2.07,-12.61,True
1.05,0.015,1.01,0.3,0.1,0.0,1.0,4.85,-16.11,True
1.05,0.015,1.01,0.3,0.1,0.25,0.75,4.75,-14.7,True
1.05,0.015,1.01,0.3,0.1,0.5,0.5,4.65,-13.25,True
1.05,0.015,1.01,0.3,0.1,0.75,0.25,4.54,-11.76,True
1.05,0.015,1.01,0.3,0.1,1.0,0.0,4.43,-10.22,True
1.05,0.015,1.01,0.3,0.2,0.0,1.0,6.23,-13.33,True
1.05,0.015,1.01,0.3,0.2,0.25,0.75,6.16,-11.93,True
1.05,0.015,1.01,0.3,0.2,0.5,0.5,6.09,-11.36,True
1.05,0.015,1.01,0.3,0.2,0.75,0.25,6.02,-11.37,True
1.05,0.015,1.01,0.3,0.2,1.0,0.0,5.94,-11.4,True
1.05,0.015,1.01,0.3,0.3,0.0,1.0,7.3,-13.88,True
1.05,0.015,1.01,0.3,0.3,0.25,0.75,7.25,-13.85,True
1.05,0.015,1.01,0.3,0.3,0.5,0.5,7.2,-13.82,True
1.05,0.015,1.01,0.3,0.3,0.75,0.25,7.14,-13.81,True
1.05,0.015,1.01,0.3,0.3,1.0,0.0,7.09,-13.81,True
1.05,0.015,1.01,0.4,0.0,0.0,1.0,3.15,-19.38,True
1.05,0.015,1.01,0.4,0.0,0.25,0.75,2.98,-17.71,True
1.05,0.015,1.01,0.4,0.0,0.5,0.5,2.8,-16.02,True
1.05,0.015,1.01,0.4,0.0,0.75,0.25,2.61,-14.32,True
1.05,0.015,1.01,0.4,0.0,1.0,0.0,2.4,-12.6,True
1.05,0.015,1.01,0.4,0.1,0.0,1.0,5.07,-14.57,True
1.05,0.015,1.01,0.4,0.1,0.25,0.75,4.96,-13.24,True
1.05,0.015,1.01,0.4,0.1,0.5,0.5,4.85,-11.89,True
1.05,0.015,1.01,0.4,0.1,0.75,0.25,4.73,-10.49,True
1.05,0.015,1.01,0.4,0.1,1.0,0.0,4.6,-9.07,True
1.05,0.015,1.01,0.4,0.2,0.0,1.0,6.41,-11.94,True
1.05,0.015,1.01,0.4,0.2,0.25,0.75,6.33,-11.87,True
1.05,0.015,1.01,0.4,0.2,0.5,0.5,6.25,-11.82,True
1.05,0.015,1.01,0.4,0.2,0.75,0.25,6.17,-11.77,True
1.05,0.015,1.01,0.4,0.2,1.0,0.0,6.08,-11.75,True
1.05,0.015,1.01,0.4,0.3,0.0,1.0,7.39,-14.37,True
1.05,0.015,1.01,0.4,0.3,0.25,0.75,7.33,-14.24,True
1.05,0.015,1.01,0.4,0.3,0.5,0.5,7.27,-14.11,True
1.05,0.015,1.01,0.4,0.3,0.75,0.25,7.2,-14.01,True
1.05,0.015,1.01,0.4,0.3,1.0,0.0,7.13,-13.93,True
1.05,0.015,1.02,0.1,0.0,0.0,1.0,0.65,-11.17,True
1.05,0.015,1.02,0.1,0.0,0.25,0.75,0.61,-10.26,True
1.05,0.015,1.02,0.1,0.0,0.5,0.5,0.56,-9.32,True
1.05,0.015,1.02,0.1,0.0,0.75,0.25,0.52,-8.37,True
1.05,0.015,1.02,0.1,0.0,1.0,0.0,0.47,-7.4,True
1.05,0.015,1.02,0.1,0.1,0.0,1.0,3.58,-9.74,True
1.05,0.015,1.02,0.1,0.1,0.25,0.75,3.54,-8.81,True
1.05,0.015,1.02,0.1,0.1,0.5,0.5,3.51,-8.07,True
1.05,0.015,1.02,0.1,0.1,0.75,0.25,3.47,-8.06,True
1.05,0.015,1.02,0.1,0.1,1.0,0.0,3.43,-8.05,True
1.05,0.015,1.02,0.1,0.2,0.0,1.0,5.37,-11.61,True
1.05,0.015,1.02,0.1,0.2,0.25,0.75,5.34,-11.6,True
1.05,0.015,1.02,0.1,0.2,0.5,0.5,5.31,-11.6,True
1.05,0.015,1.02,0.1,0.2,0.75,0.25,5.28,-11.61,True
1.05,0.015,1.02,0.1,0.2,1.0,0.0,5.25,-11.61,True
1.05,0.015,1.02,0.1,0.3,0.0,1.0,6.62,-14.67,True
1.05,0.015,1.02,0.1,0.3,0.25,0.75,6.6,-14.66,True
1.05,0.015,1.02,0.1,0.3,0.5,0.5,6.58,-14.64,True
1.05,0.015,1.02,0.1,0.3,0.75,0.25,6.55,-14.63,True
1.05,0.015,1.02,0.1,0.3,1.0,0.0,6.53,-14.62,True
1.05,0.015,1.02,0.2,0.0,0.0,1.0,1.19,-17.11,True
1.05,0.015,1.02,0.2,0.0,0.25,0.75,1.12,-15.82,True
1.05,0.015,1.02,0.2,0.0,0.5,0.5,1.05,-14.49,True
1.05,0.015,1.02,0.2,0.0,0.75,0.25,0.97,-13.1,True
1.05,0.015,1.02,0.2,0.0,1.0,0.0,0.89,-11.67,True
1.05,0.015,1.02,0.2,0.1,0.0,1.0,3.86,-14.95,True
1.05,0.015,1.02,0.2,0.1,0.25,0.75,3.82,-13.68,True
1.05,0.015,1.02,0.2,0.1,0.5,0.5,3.78,-12.38,True
1.05,0.015,1.02,0.2,0.1,0.75,0.25,3.73,-11.03,True
1.05,0.015,1.02,0.2,0.1,1.0,0.0,3.68,-9.63,True
1.05,0.015,1.02,0.2,0.2,0.0,1.0,5.49,-12.72,True
1.05,0.015,1.02,0.2,0.2,0.25,0.75,5.47,-12.59,True
1.05,0.015,1.02,0.2,0.2,0.5,0.5,5.44,-12.47,True
1.05,0.015,1.02,0.2,0.2,0.75,0.25,5.41,-12.36,True
1.05,0.015,1.02,0.2,0.2,1.0,0.0,5.38,-12.26,True
1.05,0.015,1.02,0.2,0.3,0.0,1.0,6.75,-15.0,True
1.05,0.015,1.02,0.2,0.3,0.25,0.75,6.74,-14.89,True
1.05,0.015,1.02,0.2,0.3,0.5,0.5,6.72,-14.77,True
1.05,0.015,1.02,0.2,0.3,0.75,0.25,6.7,-14.74,True
1.05,0.015,1.02,0.2,0.3,1.0,0.0,6.67,-14.71,True
1.05,0.015,1.02,0.3,0.0,0.0,1.0,1.47,-24.48,True
1.05,0.015,1.02,0.3,0.0,0.25,0.75,1.4,-22.59,True
1.05,0.015,1.02,0.3,0.0,0.5,0.5,1.32,-20.67,True
1.05,0.015,1.02,0.3,0.0,0.75,0.25,1.24,-18.72,True
1.05,0.015,1.02,0.3,0.0,1.0,0.0,1.15,-16.73,True
1.05,0.015,1.02,0.3,0.1,0.0,1.0,4.03,-16.3,True
1.05,0.015,1.02,0.3,0.1,0.25,0.75,4.0,-14.55,True
1.05,0.015,1.02,0.3,0.1,0.5,0.5,3.96,-12.78,True
1.05,0.015,1.02,0.3,0.1,0.75,0.25,3.92,-11.17,True
1.05,0.015,1.02,0.3,0.1,1.0,0.0,3.87,-9.71,True
1.05,0.015,1.02,0.3,0.2,0.0,1.0,5.64,-13.24,True
1.05,0.015,1.02,0.3,0.2,0.25,0.75,5.62,-13.08,True
1.05,0.015,1.02,0.3,0.2,0.5,0.5,5.6,-12.94,True
1.05,0.015,1.02,0.3,0.2,0.75,0.25,5.57,-12.8,True
1.05,0.015,1.02,0.3,0.2,1.0,0.0,5.54,-12.67,True
1.05,0.015,1.02,0.3,0.3,0.0,1.0,6.78,-15.5,True
1.05,0.015,1.02,0.3,0.3,0.25,0.75,6.77,-15.33,True
1.05,0.015,1.02,0.3,0.3,0.5,0.5,6.76,-15.17,True
1.05,0.015,1.02,0.3,0.3,0.75,0.25,6.75,-15.02,True
1.05,0.015,1.02,0.3,0.3,1.0,0.0,6.73,-14.87,True
1.05,0.015,1.02,0.4,0.0,0.0,1.0,1.73,-28.99,True
1.05,0.015,1.02,0.4,0.0,0.25,0.75,1.65,-26.79,True
1.05,0.015,1.02,0.4,0.0,0.5,0.5,1.57,-24.55,True
1.05,0.015,1.02,0.4,0.0,0.75,0.25,1.47,-22.26,True
1.05,0.015,1.02,0.4,0.0,1.0,0.0,1.37,-19.92,True
1.05,0.015,1.02,0.4,0.1,0.0,1.0,4.16,-18.3,True
1.05,0.015,1.02,0.4,0.1,0.25,0.75,4.12,-16.43,True
1.05,0.015,1.02,0.4,0.1,0.5,0.5,4.08,-14.52,True
1.05,0.015,1.02,0.4,0.1,0.75,0.25,4.03,-12.58,True
1.05,0.015,1.02,0.4,0.1,1.0,0.0,3.97,-10.63,True
1.05,0.015,1.02,0.4,0.2,0.0,1.0,5.66,-13.91,True
1.05,0.015,1.02,0.4,0.2,0.25,0.75,5.65,-13.69,True
1.05,0.015,1.02,0.4,0.2,0.5,0.5,5.62,-13.49,True
1.05,0.015,1.02,0.4,0.2,0.75,0.25,5.6,-13.3,True
1.05,0.015,1.02,0.4,0.2,1.0,0.0,5.57,-13.12,True
1.05,0.015,1.02,0.4,0.3,0.0,1.0,6.81,-15.44,True
1.05,0.015,1.02,0.4,0.3,0.25,0.75,6.8,-15.27,True
1.05,0.015,1.02,0.4,0.3,0.5,0.5,6.79,-15.11,True
1.05,0.015,1.02,0.4,0.3,0.75,0.25,6.77,-14.96,True
1.05,0.015,1.02,0.4,0.3,1.0,0.0,6.75,-14.81,True
1.05,0.02,0.95,0.1,0.0,0.0,1.0,3.41,-26.93,True
1.05,0.02,0.95,0.1,0.0,0.25,0.75,3.15,-25.22,True
1.05,0.02,0.95,0.1,0.0,0.5,0.5,2.87,-23.3,True
1.05,0.02,0.95,0.1,0.0,0.75,0.25,2.59,-21.16,True
1.05,0.02,0.95,0.1,0.0,1.0,0.0,2.3,-18.74,True
1.05,0.02,0.95,0.1,0.1,0.0,1.0,5.33,-25.56,True
1.05,0.02,0.95,0.1,0.1,0.25,0.75,5.1,-24.1,True
1.05,0.02,0.95,0.1,0.1,0.5,0.5,4.86,-22.49,True
1.05,0.02,0.95,0.1,0.1,0.75,0.25,4.61,-20.71,True
1.05,0.02,0.95,0.1,0.1,1.0,0.0,4.36,-18.72,True
1.05,0.02,0.95,0.1,0.2,0.0,1.0,6.68,-24.54,True
1.05,0.02,0.95,0.1,0.2,0.25,0.75,6.47,-23.27,True
1.05,0.02,0.95,0.1,0.2,0.5,0.5,6.25,-21.88,True
1.05,0.02,0.95,0.1,0.2,0.75,0.25,6.03,-20.37,True
1.05,0.02,0.95,0.1,0.2,1.0,0.0,5.79,-18.71,True
1.05,0.02,0.95,0.1,0.3,0.0,1.0,7.77,-23.7,True
1.05,0.02,0.95,0.1,0.3,0.25,0.75,7.57,-22.59,True
1.05,0.02,0.95,0.1,0.3,0.5,0.5,7.37,-21.39,True
1.05,0.02,0.95,0.1,0.3,0.75,0.25,7.16,-20.1,True
1.05,0.02,0.95,0.1,0.3,1.0,0.0,6.95,-18.7,True
1.05,0.02,0.95,0.2,0.0,0.0,1.0,6.17,-26.93,True
1.05,0.02,0.95,0.2,0.0,0.25,0.75,5.75,-25.3,True
1.05,0.02,0.95,0.2,0.0,0.5,0.5,5.3,-23.42,True
1.05,0.02,0.95,0.2,0.0,0.75,0.25,4.83,-21.26,True
1.05,0.02,0.95,0.2,0.0,1.0,0.0,4.34,-18.74,True
1.05,0.02,0.95,0.2,0.1,0.0,1.0,7.28,-26.05,True
1.05,0.02,0.95,0.2,0.1,0.25,0.75,6.95,-24.51,True
1.05,0.02,0.95,0.2,0.1,0.5,0.5,6.61,-22.79,True
1.05,0.02,0.95,0.2,0.1,0.75,0.25,6.25,-20.88,True
1.05,0.02,0.95,0.2,0.1,1.0,0.0,5.82,-18.73,True
1.05,0.02,0.95,0.2,0.2,0.0,1.0,8.2,-25.34,True
1.05,0.02,0.95,0.2,0.2,0.25,0.75,7.93,-23.9,True
1.05,0.02,0.95,0.2,0.2,0.5,0.5,7.64,-22.32,True
1.05,0.02,0.95,0.2,0.2,0.75,0.25,7.36,-20.6,True
1.05,0.02,0.95,0.2,0.2,1.0,0.0,7.04,-18.72,True
1.05,0.02,0.95,0.2,0.3,0.0,1.0,8.96,-24.76,True
1.05,0.02,0.95,0.2,0.3,0.25,0.75,8.72,-23.39,True
1.05,0.02,0.95,0.2,0.3,0.5,0.5,8.47,-21.92,True
1.05,0.02,0.95,0.2,0.3,0.75,0.25,8.22,-20.35,True
1.05,0.02,0.95,0.2,0.3,1.0,0.0,7.98,-18.7,True
1.05,0.02,0.95,0.3,0.0,0.0,1.0,7.7,-26.93,True
1.05,0.02,0.95,0.3,0.0,0.25,0.75,7.21,-25.33,True
1.05,0.02,0.95,0.3,0.0,0.5,0.5,6.7,-23.47,True
1.05,0.02,0.95,0.3,0.0,0.75,0.25,6.14,-21.3,True
1.05,0.02,0.95,0.3,0.0,1.0,0.0,5.54,-18.74,True
1.05,0.02,0.95,0.3,0.1,0.0,1.0,8.49,-26.3,True
1.05,0.02,0.95,0.3,0.1,0.25,0.75,8.08,-24.75,True
1.05,0.02,0.95,0.3,0.1,0.5,0.5,7.65,-23.0,True
1.05,0.02,0.95,0.3,0.1,0.75,0.25,7.2,-21.0,True
1.05,0.02,0.95,0.3,0.1,1.0,0.0,6.73,-18.73,True
1.05,0.02,0.95,0.3,0.2,0.0,1.0,9.03,-25.7,True
1.05,0.02,0.95,0.3,0.2,0.25,0.75,8.68,-24.19,True
1.05,0.02,0.95,0.3,0.2,0.5,0.5,8.33,-22.54,True
1.05,0.02,0.95,0.3,0.2,0.75,0.25,7.96,-20.71,True
1.05,0.02,0.95,0.3,0.2,1.0,0.0,7.59,-18.72,True
1.05,0.02,0.95,0.3,0.3,0.0,1.0,9.52,-25.11,True
1.05,0.02,0.95,0.3,0.3,0.25,0.75,9.23,-23.67,True
1.05,0.02,0.95,0.3,0.3,0.5,0.5,8.95,-22.11,True
1.05,0.02,0.95,0.3,0.3,0.75,0.25,8.67,-20.45,True
1.05,0.02,0.95,0.3,0.3,1.0,0.0,8.37,-18.71,True
1.05,0.02,0.95,0.4,0.0,0.0,1.0,8.48,-26.93,True
1.05,0.02,0.95,0.4,0.0,0.25,0.75,7.99,-25.33,True
1.05,0.02,0.95,0.4,0.0,0.5,0.5,7.45,-23.48,True
1.05,0.02,0.95,0.4,0.0,0.75,0.25,6.87,-21.31,True
1.05,0.02,0.95,0.4,0.0,1.0,0.0,6.23,-18.74,True
1.05,0.02,0.95,0.4,0.1,0.0,1.0,9.0,-26.38,True
1.05,0.02,0.95,0.4,0.1,0.25,0.75,8.58,-24.81,True
1.05,0.02,0.95,0.4,0.1,0.5,0.5,8.14,-23.04,True
1.05,0.02,0.95,0.4,0.1,0.75,0.25,7.67,-21.02,True
1.05,0.02,0.95,0.4,0.1,1.0,0.0,7.17,-18.73,True
1.05,0.02,0.95,0.4,0.2,0.0,1.0,9.47,-25.83,True
1.05,0.02,0.95,0.4,0.2,0.25,0.75,9.13,-24.3,True
1.05,0.02,0.95,0.4,0.2,0.5,0.5,8.76,-22.62,True
1.05,0.02,0.95,0.4,0.2,0.75,0.25,8.38,-20.76,True
1.05,0.02,0.95,0.4,0.2,1.0,0.0,7.98,-18.72,True
1.05,0.02,0.95,0.4,0.3,0.0,1.0,9.68,-25.17,True
1.05,0.02,0.95,0.4,0.3,0.25,0.75,9.4,-23.71,True
1.05,0.02,0.95,0.4,0.3,0.5,0.5,9.1,-22.14,True
1.05,0.02,0.95,0.4,0.3,0.75,0.25,8.8,-20.47,True
1.05,0.02,0.95,0.4,0.3,1.0,0.0,8.49,-18.71,True
1.05,0.02,0.97,0.1,0.0,0.0,1.0,2.53,-23.38,True
1.05,0.02,0.97,0.1,0.0,0.25,0.75,2.35,-21.86,True
1.05,0.02,0.97,0.1,0.0,0.5,0.5,2.16,-20.18,True
1.05,0.02,0.97,0.1,0.0,0.75,0.25,1.97,-18.29,True
1.05,0.02,0.97,0.1,0.0,1.0,0.0,1.77,-16.16,True
1.05,0.02,0.97,0.1,0.1,0.0,1.0,4.83,-22.35,True
1.05,0.02,0.97,0.1,0.1,0.25,0.75,4.69,-21.17,True
1.05,0.02,0.97,0.1,0.1,0.5,0.5,4.55,-19.86,True
1.05,0.02,0.97,0.1,0.1,0.75,0.25,4.4,-18.43,True
1.05,0.02,0.97,0.1,0.1,1.0,0.0,4.25,-16.83,True
1.05,0.02,0.97,0.1,0.2,0.0,1.0,6.31,-21.68,True
1.05,0.02,0.97,0.1,0.2,0.25,0.75,6.18,-20.7,True
1.05,0.02,0.97,0.1,0.2,0.5,0.5,6.06,-19.64,True
1.05,0.02,0.97,0.1,0.2,0.75,0.25,5.93,-18.49,True
1.05,0.02,0.97,0.1,0.2,1.0,0.0,5.8,-17.24,True
1.05,0.02,0.97,0.1,0.3,0.0,1.0,7.43,-21.17,True
1.05,0.02,0.97,0.1,0.3,0.25,0.75,7.32,-20.35,True
1.05,0.02,0.97,0.1,0.3,0.5,0.5,7.21,-19.47,True
1.05,0.02,0.97,0.1,0.3,0.75,0.25,7.1,-18.53,True
1.05,0.02,0.97,0.1,0.3,1.0,0.0,6.98,-17.53,True
1.05,0.02,0.97,0.2,0.0,0.0,1.0,4.6,-23.38,True
1.05,0.02,0.97,0.2,0.0,0.25,0.75,4.3,-21.93,True
1.05,0.02,0.97,0.2,0.0,0.5,0.5,3.98,-20.29,True
1.05,0.02,0.97,0.2,0.0,0.75,0.25,3.65,-18.38,True
1.05,0.02,0.97,0.2,0.0,1.0,0.0,3.31,-16.16,True
1.05,0.02,0.97,0.2,0.1,0.0,1.0,6.15,-22.6,True
1.05,0.02,0.97,0.2,0.1,0.25,0.75,5.93,-21.37,True
1.05,0.02,0.97,0.2,0.1,0.5,0.5,5.69,-20.0,True
1.05,0.02,0.97,0.2,0.1,0.75,0.25,5.43,-18.46,True
1.05,0.02,0.97,0.2,0.1,1.0,0.0,5.18,-16.72,True
1.05,0.02,0.97,0.2,0.2,0.0,1.0,7.29,-22.04,True
1.05,0.02,0.97,0.2,0.2,0.25,0.75,7.11,-20.96,True
1.05,0.02,0.97,0.2,0.2,0.5,0.5,6.92,-19.78,True
1.05,0.02,0.97,0.2,0.2,0.75,0.25,6.73,-18.51,True
1.05,0.02,0.97,0.2,0.2,1.0,0.0,6.52,-17.11,True
1.05,0.02,0.97,0.2,0.3,0.0,1.0,8.05,-21.48,True
1.05,0.02,0.97,0.2,0.3,0.25,0.75,7.91,-20.55,True
1.05,0.02,0.97,0.2,0.3,0.5,0.5,7.77,-19.56,True
1.05,0.02,0.97,0.2,0.3,0.75,0.25,7.64,-18.53,True
1.05,0.02,0.97,0.2,0.3,1.0,0.0,7.51,-17.44,True
1.05,0.02,0.97,0.3,0.0,0.0,1.0,5.69,-23.38,True
1.05,0.02,0.97,0.3,0.0,0.25,0.75,5.33,-21.96,True
1.05,0.02,0.97,0.3,0.0,0.5,0.5,4.96,-20.33,True
1.05,0.02,0.97,0.3,0.0,0.75,0.25,4.56,-18.42,True
1.05,0.02,0.97,0.3,0.0,1.0,0.0,4.15,-16.16,True
1.05,0.02,0.97,0.3,0.1,0.0,1.0,6.81,-22.73,True
1.05,0.02,0.97,0.3,0.1,0.25,0.75,6.54,-21.46,True
1.05,0.02,0.97,0.3,0.1,0.5,0.5,6.27,-20.05,True
1.05,0.02,0.97,0.3,0.1,0.75,0.25,5.98,-18.47,True
1.05,0.02,0.97,0.3,0.1,1.0,0.0,5.69,-16.67,True
1.05,0.02,0.97,0.3,0.2,0.0,1.0,7.6,-22.13,True
1.05,0.02,0.97,0.3,0.2,0.25,0.75,7.4,-21.01,True
1.05,0.02,0.97,0.3,0.2,0.5,0.5,7.2,-19.8,True
1.05,0.02,0.97,0.3,0.2,0.75,0.25,7.0,-18.49,True
1.05,0.02,0.97,0.3,0.2,1.0,0.0,6.79,-17.07,True
1.05,0.02,0.97,0.3,0.3,0.0,1.0,8.32,-21.59,True
1.05,0.02,0.97,0.3,0.3,0.25,0.75,8.16,-20.62,True
1.05,0.02,0.97,0.3,0.3,0.5,0.5,8.0,-19.59,True
1.05,0.02,0.97,0.3,0.3,0.75,0.25,7.84,-18.51,True
1.05,0.02,0.97,0.3,0.3,1.0,0.0,7.68,-17.39,True
1.05,0.02,0.97,0.4,0.0,0.0,1.0,6.28,-23.38,True
1.05,0.02,0.97,0.4,0.0,0.25,0.75,5.9,-21.97,True
1.05,0.02,0.97,0.4,0.0,0.5,0.5,5.5,-20.33,True
1.05,0.02,0.97,0.4,0.0,0.75,0.25,5.07,-18.43,True
1.05,0.02,0.97,0.4,0.0,1.0,0.0,4.63,-16.16,True
1.05,0.02,0.97,0.4,0.1,0.0,1.0,7.13,-22.76,True
1.05,0.02,0.97,0.4,0.1,0.25,0.75,6.85,-21.48,True
1.05,0.02,0.97,0.4,0.1,0.5,0.5,6.56,-20.05,True
1.05,0.02,0.97,0.4,0.1,0.75,0.25,6.26,-18.45,True
1.05,0.02,0.97,0.4,0.1,1.0,0.0,5.95,-16.65,True
1.05,0.02,0.97,0.4,0.2,0.0,1.0,7.83,-22.18,True
1.05,0.02,0.97,0.4,0.2,0.25,0.75,7.61,-21.04,True
1.05,0.02,0.97,0.4,0.2,0.5,0.5,7.39,-19.81,True
1.05,0.02,0.97,0.4,0.2,0.75,0.25,7.17,-18.48,True
1.05,0.02,0.97,0.4,0.2,1.0,0.0,6.94,-17.04,True
1.05,0.02,0.97,0.4,0.3,0.0,1.0,8.34,-21.58,True
1.05,0.02,0.97,0.4,0.3,0.25,0.75,8.18,-20.6,True
1.05,0.02,0.97,0.4,0.3,0.5,0.5,8.02,-19.58,True
1.05,0.02,0.97,0.4,0.3,0.75,0.25,7.86,-18.51,True
1.05,0.02,0.97,0.4,0.3,1.0,0.0,7.7,-17.39,True
1.05,0.02,0.99,0.1,0.0,0.0,1.0,2.79,-18.59,True
1.05,0.02,0.99,0.1,0.0,0.25,0.75,2.57,-17.35,True
1.05,0.02,0.99,0.1,0.0,0.5,0.5,2.35,-15.97,True
1.05,0.02,0.99,0.1,0.0,0.75,0.25,2.12,-14.42,True
1.05,0.02,0.99,0.1,0.0,1.0,0.0,1.89,-12.68,True
1.05,0.02,0.99,0.1,0.1,0.0,1.0,5.01,-18.6,True
1.05,0.02,0.99,0.1,0.1,0.25,0.75,4.84,-17.67,True
1.05,0.02,0.99,0.1,0.1,0.5,0.5,4.66,-16.66,True
1.05,0.02,0.99,0.1,0.1,0.75,0.25,4.48,-15.53,True
1.05,0.02,0.99,0.1,0.1,1.0,0.0,4.3,-14.29,True
1.05,0.02,0.99,0.1,0.2,0.0,1.0,6.38,-18.61,True
1.05,0.02,0.99,0.1,0.2,0.25,0.75,6.24,-17.88,True
1.05,0.02,0.99,0.1,0.2,0.5,0.5,6.1,-17.1,True
1.05,0.02,0.99,0.1,0.2,0.75,0.25,5.95,-16.24,True
1.05,0.02,0.99,0.1,0.2,1.0,0.0,5.8,-15.31,True
1.05,0.02,0.99,0.1,0.3,0.0,1.0,7.43,-18.62,True
1.05,0.02,0.99,0.1,0.3,0.25,0.75,7.31,-18.04,True
1.05,0.02,0.99,0.1,0.3,0.5,0.5,7.2,-17.42,True
1.05,0.02,0.99,0.1,0.3,0.75,0.25,7.07,-16.76,True
1.05,0.02,0.99,0.1,0.3,1.0,0.0,6.95,-16.05,True
1.05,0.02,0.99,0.2,0.0,0.0,1.0,4.31,-19.68,True
1.05,0.02,0.99,0.2,0.0,0.25,0.75,4.01,-18.19,True
1.05,0.02,0.99,0.2,0.0,0.5,0.5,3.7,-16.64,True
1.05,0.02,0.99,0.2,0.0,0.75,0.25,3.37,-15.04,True
1.05,0.02,0.99,0.2,0.0,1.0,0.0,3.03,-13.36,True
1.05,0.02,0.99,0.2,0.1,0.0,1.0,5.92,-18.6,True
1.05,0.02,0.99,0.2,0.1,0.25,0.75,5.71,-17.67,True
1.05,0.02,0.99,0.2,0.1,0.5,0.5,5.48,-16.63,True
1.05,0.02,0.99,0.2,0.1,0.75,0.25,5.23,-15.46,True
1.05,0.02,0.99,0.2,0.1,1.0,0.0,4.97,-14.14,True
1.05,0.02,0.99,0.2,0.2,0.0,1.0,7.03,-18.61,True
1.05,0.02,0.99,0.2,0.2,0.25,0.75,6.86,-17.85,True
1.05,0.02,0.99,0.2,0.2,0.5,0.5,6.68,-17.03,True
1.05,0.02,0.99,0.2,0.2,0.75,0.25,6.51,-16.15,True
1.05,0.02,0.99,0.2,0.2,1.0,0.0,6.31,-15.16,True
1.05,0.02,0.99,0.2,0.3,0.0,1.0,7.78,-18.61,True
1.05,0.02,0.99,0.2,0.3,0.25,0.75,7.66,-18.0,True
1.05,0.02,0.99,0.2,0.3,0.5,0.5,7.54,-17.36,True
1.05,0.02,0.99,0.2,0.3,0.75,0.25,7.42,-16.69,True
1.05,0.02,0.99,0.2,0.3,1.0,0.0,7.31,-15.99,True
1.05,0.02,0.99,0.3,0.0,0.0,1.0,5.11,-23.68,True
1.05,0.02,0.99,0.3,0.0,0.25,0.75,4.78,-21.97,True
1.05,0.02,0.99,0.3,0.0,0.5,0.5,4.42,-20.18,True
1.05,0.02,0.99,0.3,0.0,0.75,0.25,4.05,-18.31,True
1.05,0.02,0.99,0.3,0.0,1.0,0.0,3.65,-16.34,True
1.05,0.02,0.99,0.3,0.1,0.0,1.0,6.34,-21.75,True
1.05,0.02,0.99,0.3,0.1,0.25,0.75,6.09,-20.02,True
1.05,0.02,0.99,0.3,0.1,0.5,0.5,5.83,-18.21,True
1.05,0.02,0.99,0.3,0.1,0.75,0.25,5.57,-16.33,True
1.05,0.02,0.99,0.3,0.1,1.0,0.0,5.3,-14.37,True
1.05,0.02,0.99,0.3,0.2,0.0,1.0,7.2,-19.83,True
1.05,0.02,0.99,0.3,0.2,0.25,0.75,7.02,-18.09,True
1.05,0.02,0.99,0.3,0.2,0.5,0.5,6.85,-16.98,True
1.05,0.02,0.99,0.3,0.2,0.75,0.25,6.67,-16.07,True
1.05,0.02,0.99,0.3,0.2,1.0,0.0,6.49,-15.09,True
1.05,0.02,0.99,0.3,0.3,0.0,1.0,8.0,-18.61,True
1.05,0.02,0.99,0.3,0.3,0.25,0.75,7.87,-17.97,True
1.05,0.02,0.99,0.3,0.3,0.5,0.5,7.73,-17.29,True
1.05,0.02,0.99,0.3,0.3,0.75,0.25,7.6,-16.59,True
1.05,0.02,0.99,0.3,0.3,1.0,0.0,7.47,-15.85,True
1.05,0.02,0.99,0.4,0.0,0.0,1.0,5.6,-26.42,True
1.05,0.02,0.99,0.4,0.0,0.25,0.75,5.24,-24.53,True
1.05,0.02,0.99,0.4,0.0,0.5,0.5,4.86,-22.56,True
1.05,0.02,0.99,0.4,0.0,0.75,0.25,4.45,-20.49,True
1.05,0.02,0.99,0.4,0.0,1.0,0.0,4.03,-18.33,True
1.05,0.02,0.99,0.4,0.1,0.0,1.0,6.55,-24.72,True
1.05,0.02,0.99,0.4,0.1,0.25,0.75,6.3,-22.8,True
1.05,0.02,0.99,0.4,0.1,0.5,0.5,6.04,-20.8,True
1.05,0.02,0.99,0.4,0.1,0.75,0.25,5.77,-18.71,True
1.05,0.02,0.99,0.4,0.1,1.0,0.0,5.5,-16.52,True
1.05,0.02,0.99,0.4,0.2,0.0,1.0,7.38,-23.02,True
1.05,0.02,0.99,0.4,0.2,0.25,0.75,7.19,-21.07,True
1.05,0.02,0.99,0.4,0.2,0.5,0.5,7.01,-19.05,True
1.05,0.02,0.99,0.4,0.2,0.75,0.25,6.82,-16.94,True
1.05,0.02,0.99,0.4,0.2,1.0,0.0,6.62,-15.02,True
1.05,0.02,0.99,0.4,0.3,0.0,1.0,7.99,-20.68,True
1.05,0.02,0.99,0.4,0.3,0.25,0.75,7.87,-18.63,True
1.05,0.02,0.99,0.4,0.3,0.5,0.5,7.74,-17.3,True
1.05,0.02,0.99,0.4,0.3,0.75,0.25,7.6,-16.6,True
1.05,0.02,0.99,0.4,0.3,1.0,0.0,7.46,-15.87,True
1.05,0.02,1.0,0.1,0.0,0.0,1.0,1.1,-8.68,True
1.05,0.02,1.0,0.1,0.0,0.25,0.75,1.02,-7.93,True
1.05,0.02,1.0,0.1,0.0,0.5,0.5,0.93,-7.17,True
1.05,0.02,1.0,0.1,0.0,0.75,0.25,0.85,-6.4,True
1.05,0.02,1.0,0.1,0.0,1.0,0.0,0.77,-5.61,True
1.05,0.02,1.0,0.1,0.1,0.0,1.0,3.78,-8.3,True
1.05,0.02,1.0,0.1,0.1,0.25,0.75,3.71,-8.23,True
1.05,0.02,1.0,0.1,0.1,0.5,0.5,3.64,-8.16,True
1.05,0.02,1.0,0.1,0.1,0.75,0.25,3.58,-8.08,True
1.05,0.02,1.0,0.1,0.1,1.0,0.0,3.51,-8.01,True
1.05,0.02,1.0,0.1,0.2,0.0,1.0,5.52,-11.63,True
1.05,0.02,1.0,0.1,0.2,0.25,0.75,5.46,-11.59,True
1.05,0.02,1.0,0.1,0.2,0.5,0.5,5.4,-11.55,True
1.05,0.02,1.0,0.1,0.2,0.75,0.25,5.34,-11.51,True
1.05,0.02,1.0,0.1,0.2,1.0,0.0,5.27,-11.47,True
1.05,0.02,1.0,0.1,0.3,0.0,1.0,6.79,-13.81,True
1.05,0.02,1.0,0.1,0.3,0.25,0.75,6.73,-13.77,True
1.05,0.02,1.0,0.1,0.3,0.5,0.5,6.68,-13.73,True
1.05,0.02,1.0,0.1,0.3,0.75,0.25,6.62,-13.69,True
1.05,0.02,1.0,0.1,0.3,1.0,0.0,6.56,-13.69,True
1.05,0.02,1.0,0.2,0.0,0.0,1.0,2.07,-15.59,True
1.05,0.02,1.0,0.2,0.0,0.25,0.75,1.93,-14.37,True
1.05,0.02,1.0,0.2,0.0,0.5,0.5,1.78,-13.11,True
1.05,0.02,1.0,0.2,0.0,0.75,0.25,1.64,-11.8,True
1.05,0.02,1.0,0.2,0.0,1.0,0.0,1.48,-10.43,True
1.05,0.02,1.0,0.2,0.1,0.0,1.0,4.48,-14.26,True
1.05,0.02,1.0,0.2,0.1,0.25,0.75,4.39,-13.01,True
1.05,0.02,1.0,0.2,0.1,0.5,0.5,4.29,-11.72,True
1.05,0.02,1.0,0.2,0.1,0.75,0.25,4.17,-10.39,True
1.05,0.02,1.0,0.2,0.1,1.0,0.0,4.05,-9.02,True
1.05,0.02,1.0,0.2,0.2,0.0,1.0,5.92,-12.84,True
1.05,0.02,1.0,0.2,0.2,0.25,0.75,5.86,-12.58,True
1.05,0.02,1.0,0.2,0.2,0.5,0.5,5.8,-12.49,True
1.05,0.02,1.0,0.2,0.2,0.75,0.25,5.74,-12.41,True
1.05,0.02,1.0,0.2,0.2,1.0,0.0,5.65,-12.25,True
1.05,0.02,1.0,0.2,0.3,0.0,1.0,6.98,-15.16,True
1.05,0.02,1.0,0.2,0.3,0.25,0.75,6.95,-15.04,True
1.05,0.02,1.0,0.2,0.3,0.5,0.5,6.91,-14.94,True
1.05,0.02,1.0,0.2,0.3,0.75,0.25,6.87,-14.83,True
1.05,0.02,1.0,0.2,0.3,1.0,0.0,6.84,-14.73,True
1.05,0.02,1.0,0.3,0.0,0.0,1.0,2.69,-19.09,True
1.05,0.02,1.0,0.3,0.0,0.25,0.75,2.52,-17.66,True
1.05,0.02,1.0,0.3,0.0,0.5,0.5,2.35,-16.18,True
1.05,0.02,1.0,0.3,0.0,0.75,0.25,2.17,-14.63,True
1.05,0.02,1.0,0.3,0.0,1.0,0.0,1.98,-13.01,True
1.05,0.02,1.0,0.3,0.1,0.0,1.0,4.63,-17.28,True
1.05,0.02,1.0,0.3,0.1,0.25,0.75,4.54,-15.84,True
1.05,0.02,1.0,0.3,0.1,0.5,0.5,4.44,-14.34,True
1.05,0.02,1.0,0.3,0.1,0.75,0.25,4.35,-12.78,True
1.05,0.02,1.0,0.3,0.1,1.0,0.0,4.25,-11.16,True
1.05,0.02,1.0,0.3,0.2,0.0,1.0,5.96,-15.49,True
1.05,0.02,1.0,0.3,0.2,0.25,0.75,5.91,-14.04,True
1.05,0.02,1.0,0.3,0.2,0.5,0.5,5.85,-13.67,True
1.05,0.02,1.0,0.3,0.2,0.75,0.25,5.8,-13.46,True
1.05,0.02,1.0,0.3,0.2,1.0,0.0,5.74,-13.26,True
1.05,0.02,1.0,0.3,0.3,0.0,1.0,7.0,-16.55,True
1.05,0.02,1.0,0.3,0.3,0.25,0.75,6.97,-16.31,True
1.05,0.02,1.0,0.3,0.3,0.5,0.5,6.93,-16.07,True
1.05,0.02,1.0,0.3,0.3,0.75,0.25,6.9,-15.84,True
1.05,0.02,1.0,0.3,0.3,1.0,0.0,6.86,-15.61,True
1.05,0.02,1.0,0.4,0.0,0.0,1.0,2.89,-21.25,True
1.05,0.02,1.0,0.4,0.0,0.25,0.75,2.72,-19.68,True
1.05,0.02,1.0,0.4,0.0,0.5,0.5,2.55,-18.05,True
1.05,0.02,1.0,0.4,0.0,0.75,0.25,2.37,-16.34,True
1.05,0.02,1.0,0.4,0.0,1.0,0.0,2.17,-14.56,True
1.05,0.02,1.0,0.4,0.1,0.0,1.0,4.69,-19.65,True
1.05,0.02,1.0,0.4,0.1,0.25,0.75,4.61,-18.05,True
1.05,0.02,1.0,0.4,0.1,0.5,0.5,4.52,-16.39,True
1.05,0.02,1.0,0.4,0.1,0.75,0.25,4.42,-14.66,True
1.05,0.02,1.0,0.4,0.1,1.0,0.0,4.32,-12.85,True
1.05,0.02,1.0,0.4,0.2,0.0,1.0,6.01,-18.04,True
1.05,0.02,1.0,0.4,0.2,0.25,0.75,5.96,-16.42,True
1.05,0.02,1.0,0.4,0.2,0.5,0.5,5.9,-14.83,True
1.05,0.02,1.0,0.4,0.2,0.75,0.25,5.84,-14.49,True
1.05,0.02,1.0,0.4,0.2,1.0,0.0,5.78,-14.15,True
1.05,0.02,1.0,0.4,0.3,0.0,1.0,6.95,-17.56,True
1.05,0.02,1.0,0.4,0.3,0.25,0.75,6.93,-17.14,True
1.05,0.02,1.0,0.4,0.3,0.5,0.5,6.9,-16.72,True
1.05,0.02,1.0,0.4,0.3,0.75,0.25,6.88,-16.33,True
1.05,0.02,1.0,0.4,0.3,1.0,0.0,6.85,-15.95,True
1.05,0.02,1.01,0.1,0.0,0.0,1.0,1.16,-7.59,True
1.05,0.02,1.01,0.1,0.0,0.25,0.75,1.06,-6.94,True
1.05,0.02,1.01,0.1,0.0,0.5,0.5,0.97,-6.28,True
1.05,0.02,1.01,0.1,0.0,0.75,0.25,0.88,-5.6,True
1.05,0.02,1.01,0.1,0.0,1.0,0.0,0.78,-4.92,True
1.05,0.02,1.01,0.1,0.1,0.0,1.0,3.81,-6.5,True
1.05,0.02,1.01,0.1,0.1,0.25,0.75,3.73,-6.58,True
1.05,0.02,1.01,0.1,0.1,0.5,0.5,3.65,-6.66,True
1.05,0.02,1.01,0.1,0.1,0.75,0.25,3.58,-6.74,True
1.05,0.02,1.01,0.1,0.1,1.0,0.0,3.5,-6.82,True
1.05,0.02,1.01,0.1,0.2,0.0,1.0,5.53,-9.84,True
1.05,0.02,1.01,0.1,0.2,0.25,0.75,5.46,-9.95,True
1.05,0.02,1.01,0.1,0.2,0.5,0.5,5.39,-10.06,True
1.05,0.02,1.01,0.1,0.2,0.75,0.25,5.32,-10.18,True
1.05,0.02,1.01,0.1,0.2,1.0,0.0,5.25,-10.29,True
1.05,0.02,1.01,0.1,0.3,0.0,1.0,6.78,-13.61,True
1.05,0.02,1.01,0.1,0.3,0.25,0.75,6.72,-13.61,True
1.05,0.02,1.01,0.1,0.3,0.5,0.5,6.66,-13.61,True
1.05,0.02,1.01,0.1,0.3,0.75,0.25,6.6,-13.61,True
1.05,0.02,1.01,0.1,0.3,1.0,0.0,6.53,-13.61,True
1.05,0.02,1.01,0.2,0.0,0.0,1.0,2.15,-13.78,True
1.05,0.02,1.01,0.2,0.0,0.25,0.75,1.99,-12.7,True
1.05,0.02,1.01,0.2,0.0,0.5,0.5,1.83,-11.58,True
1.05,0.02,1.01,0.2,0.0,0.75,0.25,1.66,-10.42,True
1.05,0.02,1.01,0.2,0.0,1.0,0.0,1.49,-9.22,True
1.05,0.02,1.01,0.2,0.1,0.0,1.0,4.47,-12.63,True
1.05,0.02,1.01,0.2,0.1,0.25,0.75,4.37,-11.51,True
1.05,0.02,1.01,0.2,0.1,0.5,0.5,4.27,-10.35,True
1.05,0.02,1.01,0.2,0.1,0.75,0.25,4.15,-9.16,True
1.05,0.02,1.01,0.2,0.1,1.0,0.0,4.01,-7.94,True
1.05,0.02,1.01,0.2,0.2,0.0,1.0,5.87,-11.41,True
1.05,0.02,1.01,0.2,0.2,0.25,0.75,5.81,-10.25,True
1.05,0.02,1.01,0.2,0.2,0.5,0.5,5.75,-9.7,True
1.05,0.02,1.01,0.2,0.2,0.75,0.25,5.68,-9.92,True
1.05,0.02,1.01,0.2,0.2,1.0,0.0,5.59,-10.07,True
1.05,0.02,1.01,0.2,0.3,0.0,1.0,6.9,-12.8,True
1.05,0.02,1.01,0.2,0.3,0.25,0.75,6.86,-12.98,True
1.05,0.02,1.01,0.2,0.3,0.5,0.5,6.82,-13.17,True
1.05,0.02,1.01,0.2,0.3,0.75,0.25,6.79,-13.36,True
1.05,0.02,1.01,0.2,0.3,1.0,0.0,6.75,-13.55,True
1.05,0.02,1.01,0.3,0.0,0.0,1.0,2.68,-17.35,True
1.05,0.02,1.01,0.3,0.0,0.25,0.75,2.5,-16.05,True
1.05,0.02,1.01,0.3,0.0,0.5,0.5,2.31,-14.7,True
1.05,0.02,1.01,0.3,0.0,0.75,0.25,2.12,-13.3,True
1.05,0.02,1.01,0.3,0.0,1.0,0.0,1.92,-11.83,True
1.05,0.02,1.01,0.3,0.1,0.0,1.0,4.55,-15.71,True
1.05,0.02,1.01,0.3,0.1,0.25,0.75,4.45,-14.39,True
1.05,0.02,1.01,0.3,0.1,0.5,0.5,4.35,-13.01,True
1.05,0.02,1.01,0.3,0.1,0.75,0.25,4.25,-11.59,True
1.05,0.02,1.01,0.3,0.1,1.0,0.0,4.14,-10.11,True
1.05,0.02,1.01,0.3,0.2,0.0,1.0,5.82,-14.09,True
1.05,0.02,1.01,0.3,0.2,0.25,0.75,5.77,-12.75,True
1.05,0.02,1.01,0.3,0.2,0.5,0.5,5.71,-11.36,True
1.05,0.02,1.01,0.3,0.2,0.75,0.25,5.66,-9.92,True
1.05,0.02,1.01,0.3,0.2,1.0,0.0,5.6,-10.08,True
1.05,0.02,1.01,0.3,0.3,0.0,1.0,6.84,-12.49,True
1.05,0.02,1.01,0.3,0.3,0.25,0.75,6.81,-12.06,True
1.05,0.02,1.01,0.3,0.3,0.5,0.5,6.78,-12.3,True
1.05,0.02,1.01,0.3,0.3,0.75,0.25,6.75,-12.55,True
1.05,0.02,1.01,0.3,0.3,1.0,0.0,6.73,-12.81,True
1.05,0.02,1.01,0.4,0.0,0.0,1.0,2.78,-19.56,True
1.05,0.02,1.01,0.4,0.0,0.25,0.75,2.61,-18.11,True
1.05,0.02,1.01,0.4,0.0,0.5,0.5,2.43,-16.6,True
1.05,0.02,1.01,0.4,0.0,0.75,0.25,2.24,-15.04,True
1.05,0.02,1.01,0.4,0.0,1.0,0.0,2.03,-13.4,True
1.05,0.02,1.01,0.4,0.1,0.0,1.0,4.51,-18.11,True
1.05,0.02,1.01,0.4,0.1,0.25,0.75,4.42,-16.63,True
1.05,0.02,1.01,0.4,0.1,0.5,0.5,4.33,-15.09,True
1.05,0.02,1.01,0.4,0.1,0.75,0.25,4.24,-13.49,True
1.05,0.02,1.01,0.4,0.1,1.0,0.0,4.14,-11.82,True
1.05,0.02,1.01,0.4,0.2,0.0,1.0,5.75,-16.66,True
1.05,0.02,1.01,0.4,0.2,0.25,0.75,5.71,-15.15,True
1.05,0.02,1.01,0.4,0.2,0.5,0.5,5.66,-13.58,True
1.05,0.02,1.01,0.4,0.2,0.75,0.25,5.62,-11.95,True
1.05,0.02,1.01,0.4,0.2,1.0,0.0,5.57,-10.27,True
1.05,0.02,1.01,0.4,0.3,0.0,1.0,6.77,-14.81,True
1.05,0.02,1.01,0.4,0.3,0.25,0.75,6.76,-13.2,True
1.05,0.02,1.01,0.4,0.3,0.5,0.5,6.74,-12.38,True
1.05,0.02,1.01,0.4,0.3,0.75,0.25,6.73,-12.52,True
1.05,0.02,1.01,0.4,0.3,1.0,0.0,6.71,-12.67,True
1.05,0.02,1.02,0.1,0.0,0.0,1.0,0.92,-7.59,True
1.05,0.02,1.02,0.1,0.0,0.25,0.75,0.85,-6.94,True
1.05,0.02,1.02,0.1,0.0,0.5,0.5,0.78,-6.28,True
1.05,0.02,1.02,0.1,0.0,0.75,0.25,0.7,-5.6,True
1.05,0.02,1.02,0.1,0.0,1.0,0.0,0.63,-4.92,True
1.05,0.02,1.02,0.1,0.1,0.0,1.0,3.75,-6.88,True
1.05,0.02,1.02,0.1,0.1,0.25,0.75,3.69,-6.97,True
1.05,0.02,1.02,0.1,0.1,0.5,0.5,3.64,-7.05,True
1.05,0.02,1.02,0.1,0.1,0.75,0.25,3.58,-7.15,True
1.05,0.02,1.02,0.1,0.1,1.0,0.0,3.52,-7.24,True
1.05,0.02,1.02,0.1,0.2,0.0,1.0,5.51,-10.21,True
1.05,0.02,1.02,0.1,0.2,0.25,0.75,5.46,-10.33,True
1.05,0.02,1.02,0.1,0.2,0.5,0.5,5.42,-10.45,True
1.05,0.02,1.02,0.1,0.2,0.75,0.25,5.37,-10.57,True
1.05,0.02,1.02,0.1,0.2,1.0,0.0,5.32,-10.7,True
1.05,0.02,1.02,0.1,0.3,0.0,1.0,6.75,-14.53,True
1.05,0.02,1.02,0.1,0.3,0.25,0.75,6.71,-14.53,True
1.05,0.02,1.02,0.1,0.3,0.5,0.5,6.67,-14.53,True
1.05,0.02,1.02,0.1,0.3,0.75,0.25,6.63,-14.53,True
1.05,0.02,1.02,0.1,0.3,1.0,0.0,6.59,-14.53,True
1.05,0.02,1.02,0.2,0.0,0.0,1.0,1.72,-13.78,True
1.05,0.02,1.02,0.2,0.0,0.25,0.75,1.59,-12.7,True
1.05,0.02,1.02,0.2,0.0,0.5,0.5,1.46,-11.58,True
1.05,0.02,1.02,0.2,0.0,0.75,0.25,1.33,-10.42,True
1.05,0.02,1.02,0.2,0.0,1.0,0.0,1.2,-9.22,True
1.05,0.02,1.02,0.2,0.1,0.0,1.0,4.23,-12.48,True
1.05,0.02,1.02,0.2,0.1,0.25,0.75,4.15,-11.37,True
1.05,0.02,1.02,0.2,0.1,0.5,0.5,4.06,-10.22,True
1.05,0.02,1.02,0.2,0.1,0.75,0.25,3.97,-9.04,True
1.05,0.02,1.02,0.2,0.1,1.0,0.0,3.87,-7.81,True
1.05,0.02,1.02,0.2,0.2,0.0,1.0,5.71,-10.86,True
1.05,0.02,1.02,0.2,0.2,0.25,0.75,5.66,-10.18,True
1.05,0.02,1.02,0.2,0.2,0.5,0.5,5.6,-10.24,True
1.05,0.02,1.02,0.2,0.2,0.75,0.25,5.54,-10.37,True
1.05,0.02,1.02,0.2,0.2,1.0,0.0,5.48,-10.51,True
1.05,0.02,1.02,0.2,0.3,0.0,1.0,6.79,-14.41,True
1.05,0.02,1.02,0.2,0.3,0.25,0.75,6.77,-14.47,True
1.05,0.02,1.02,0.2,0.3,0.5,0.5,6.74,-14.53,True
1.05,0.02,1.02,0.2,0.3,0.75,0.25,6.7,-14.53,True
1.05,0.02,1.02,0.2,0.3,1.0,0.0,6.66,-14.53,True
1.05,0.02,1.02,0.3,0.0,0.0,1.0,2.08,-17.35,True
1.05,0.02,1.02,0.3,0.0,0.25,0.75,1.94,-16.05,True
1.05,0.02,1.02,0.3,0.0,0.5,0.5,1.8,-14.7,True
1.05,0.02,1.02,0.3,0.0,0.75,0.25,1.65,-13.3,True
1.05,0.02,1.02,0.3,0.0,1.0,0.0,1.49,-11.83,True
1.05,0.02,1.02,0.3,0.1,0.0,1.0,4.21,-15.35,True
1.05,0.02,1.02,0.3,0.1,0.25,0.75,4.14,-14.06,True
1.05,0.02,1.02,0.3,0.1,0.5,0.5,4.07,-12.71,True
1.05,0.02,1.02,0.3,0.1,0.75,0.25,3.99,-11.31,True
1.05,0.02,1.02,0.3,0.1,1.0,0.0,3.91,-9.87,True
1.05,0.02,1.02,0.3,0.2,0.0,1.0,5.61,-13.38,True
1.05,0.02,1.02,0.3,0.2,0.25,0.75,5.58,-12.09,True
1.05,0.02,1.02,0.3,0.2,0.5,0.5,5.54,-10.76,True
1.05,0.02,1.02,0.3,0.2,0.75,0.25,5.51,-10.62,True
1.05,0.02,1.02,0.3,0.2,1.0,0.0,5.47,-10.76,True
1.05,0.02,1.02,0.3,0.3,0.0,1.0,6.7,-14.01,True
1.05,0.02,1.02,0.3,0.3,0.25,0.75,6.69,-14.09,True
1.05,0.02,1.02,0.3,0.3,0.5,0.5,6.67,-14.18,True
1.05,0.02,1.02,0.3,0.3,0.75,0.25,6.66,-14.27,True
1.05,0.02,1.02,0.3,0.3,1.0,0.0,6.64,-14.36,True
1.05,0.02,1.02,0.4,0.0,0.0,1.0,2.04,-19.56,True
1.05,0.02,1.02,0.4,0.0,0.25,0.75,1.92,-18.11,True
1.05,0.02,1.02,0.4,0.0,0.5,0.5,1.79,-16.6,True
1.05,0.02,1.02,0.4,0.0,0.75,0.25,1.64,-15.04,True
1.05,0.02,1.02,0.4,0.0,1.0,0.0,1.49,-13.4,True
1.05,0.02,1.02,0.4,0.1,0.0,1.0,4.09,-17.7,True
1.05,0.02,1.02,0.4,0.1,0.25,0.75,4.04,-16.24,True
1.05,0.02,1.02,0.4,0.1,0.5,0.5,3.98,-14.73,True
1.05,0.02,1.02,0.4,0.1,0.75,0.25,3.92,-13.16,True
1.05,0.02,1.02,0.4,0.1,1.0,0.0,3.86,-11.53,True
1.05,0.02,1.02,0.4,0.2,0.0,1.0,5.49,-15.86,True
1.05,0.02,1.02,0.4,0.2,0.25,0.75,5.47,-14.4,True
1.05,0.02,1.02,0.4,0.2,0.5,0.5,5.46,-12.88,True
1.05,0.02,1.02,0.4,0.2,0.75,0.25,5.43,-11.32,True
1.05,0.02,1.02,0.4,0.2,1.0,0.0,5.41,-10.9,True
1.05,0.02,1.02,0.4,0.3,0.0,1.0,6.65,-13.77,True
1.05,0.02,1.02,0.4,0.3,0.25,0.75,6.65,-13.87,True
1.05,0.02,1.02,0.4,0.3,0.5,0.5,6.64,-13.98,True
1.05,0.02,1.02,0.4,0.3,0.75,0.25,6.63,-14.08,True
1.05,0.02,1.02,0.4,0.3,1.0,0.0,6.62,-14.19,True
1.05,0.025,0.95,0.1,0.0,0.0,1.0,0.96,-14.58,True
1.05,0.025,0.95,0.1,0.0,0.25,0.75,0.89,-13.27,True
1.05,0.025,0.95,0.1,0.0,0.5,0.5,0.81,-11.87,True
1.05,0.025,0.95,0.1,0.0,0.75,0.25,0.74,-10.34,True
1.05,0.025,0.95,0.1,0.0,1.0,0.0,0.65,-8.67,True
1.05,0.025,0.95,0.1,0.1,0.0,1.0,3.3,-18.33,True
1.05,0.025,0.95,0.1,0.1,0.25,0.75,3.24,-17.26,True
1.05,0.025,0.95,0.1,0.1,0.5,0.5,3.19,-16.11,True
1.05,0.025,0.95,0.1,0.1,0.75,0.25,3.13,-14.88,True
1.05,0.025,0.95,0.1,0.1,1.0,0.0,3.07,-13.54,True
1.05,0.025,0.95,0.1,0.2,0.0,1.0,4.85,-20.42,True
1.05,0.025,0.95,0.1,0.2,0.25,0.75,4.81,-19.47,True
1.05,0.025,0.95,0.1,0.2,0.5,0.5,4.76,-18.45,True
1.05,0.025,0.95,0.1,0.2,0.75,0.25,4.71,-17.36,True
1.05,0.025,0.95,0.1,0.2,1.0,0.0,4.66,-16.19,True
1.05,0.025,0.95,0.1,0.3,0.0,1.0,6.03,-21.74,True
1.05,0.025,0.95,0.1,0.3,0.25,0.75,5.98,-20.87,True
1.05,0.025,0.95,0.1,0.3,0.5,0.5,5.94,-19.93,True
1.05,0.025,0.95,0.1,0.3,0.75,0.25,5.9,-18.93,True
1.05,0.025,0.95,0.1,0.3,1.0,0.0,5.85,-17.85,True
1.05,0.025,0.95,0.2,0.0,0.0,1.0,1.66,-21.51,True
1.05,0.025,0.95,0.2,0.0,0.25,0.75,1.55,-19.96,True
1.05,0.025,0.95,0.2,0.0,0.5,0.5,1.44,-18.22,True
1.05,0.025,0.95,0.2,0.0,0.75,0.25,1.32,-16.24,True
1.05,0.025,0.95,0.2,0.0,1.0,0.0,1.19,-13.98,True
1.05,0.025,0.95,0.2,0.1,0.0,1.0,3.84,-24.0,True
1.05,0.025,0.95,0.2,0.1,0.25,0.75,3.75,-22.67,True
1.05,0.025,0.95,0.2,0.1,0.5,0.5,3.67,-21.19,True
1.05,0.025,0.95,0.2,0.1,0.75,0.25,3.57,-19.53,True
1.05,0.025,0.95,0.2,0.1,1.0,0.0,3.47,-17.64,True
1.05,0.025,0.95,0.2,0.2,0.0,1.0,5.08,-23.95,True
1.05,0.025,0.95,0.2,0.2,0.25,0.75,5.03,-22.83,True
1.05,0.025,0.95,0.2,0.2,0.5,0.5,4.97,-21.6,True
1.05,0.025,0.95,0.2,0.2,0.75,0.25,4.92,-20.23,True
1.05,0.025,0.95,0.2,0.2,1.0,0.0,4.85,-18.7,True
1.05,0.025,0.95,0.2,0.3,0.0,1.0,5.92,-22.72,True
1.05,0.025,0.95,0.2,0.3,0.25,0.75,5.9,-21.84,True
1.05,0.025,0.95,0.2,0.3,0.5,0.5,5.88,-20.88,True
1.05,0.025,0.95,0.2,0.3,0.75,0.25,5.85,-19.83,True
1.05,0.025,0.95,0.2,0.3,1.0,0.0,5.83,-18.69,True
1.05,0.025,0.95,0.3,0.0,0.0,1.0,2.18,-25.57,True
1.05,0.025,0.95,0.3,0.0,0.25,0.75,2.06,-24.0,True
1.05,0.025,0.95,0.3,0.0,0.5,0.5,1.93,-22.18,True
1.05,0.025,0.95,0.3,0.0,0.75,0.25,1.78,-20.07,True
1.05,0.025,0.95,0.3,0.0,1.0,0.0,1.63,-17.57,True
1.05,0.025,0.95,0.3,0.1,0.0,1.0,3.79,-25.25,True
1.05,0.025,0.95,0.3,0.1,0.25,0.75,3.72,-23.91,True
1.05,0.025,0.95,0.3,0.1,0.5,0.5,3.65,-22.39,True
1.05,0.025,0.95,0.3,0.1,0.75,0.25,3.58,-20.68,True
1.05,0.025,0.95,0.3,0.1,1.0,0.0,3.49,-18.72,True
1.05,0.025,0.95,0.3,0.2,0.0,1.0,4.82,-23.77,True
1.05,0.025,0.95,0.3,0.2,0.25,0.75,4.8,-22.69,True
1.05,0.025,0.95,0.3,0.2,0.5,0.5,4.78,-21.49,True
1.05,0.025,0.95,0.3,0.2,0.75,0.25,4.75,-20.17,True
1.05,0.025,0.95,0.3,0.2,1.0,0.0,4.72,-18.7,True
1.05,0.025,0.95,0.3,0.3,0.0,1.0,5.71,-22.48,True
1.05,0.025,0.95,0.3,0.3,0.25,0.75,5.71,-21.66,True
1.05,0.025,0.95,0.3,0.3,0.5,0.5,5.72,-20.76,True
1.05,0.025,0.95,0.3,0.3,0.75,0.25,5.72,-19.77,True
1.05,0.025,0.95,0.3,0.3,1.0,0.0,5.72,-18.69,True
1.05,0.025,0.95,0.4,0.0,0.0,1.0,2.21,-26.93,True
1.05,0.025,0.95,0.4,0.0,0.25,0.75,2.1,-25.33,True
1.05,0.025,0.95,0.4,0.0,0.5,0.5,1.97,-23.48,True
1.05,0.025,0.95,0.4,0.0,0.75,0.25,1.83,-21.31,True
1.05,0.025,0.95,0.4,0.0,1.0,0.0,1.68,-18.74,True
1.05,0.025,0.95,0.4,0.1,0.0,1.0,3.52,-25.16,True
1.05,0.025,0.95,0.4,0.1,0.25,0.75,3.48,-23.83,True
1.05,0.025,0.95,0.4,0.1,0.5,0.5,3.45,-22.33,True
1.05,0.025,0.95,0.4,0.1,0.75,0.25,3.4,-20.64,True
1.05,0.025,0.95,0.4,0.1,1.0,0.0,3.35,-18.72,True
1.05,0.025,0.95,0.4,0.2,0.0,1.0,4.59,-23.6,True
1.05,0.025,0.95,0.4,0.2,0.25,0.75,4.6,-22.56,True
1.05,0.025,0.95,0.4,0.2,0.5,0.5,4.61,-21.4,True
1.05,0.025,0.95,0.4,0.2,0.75,0.25,4.61,-20.13,True
1.05,0.025,0.95,0.4,0.2,1.0,0.0,4.61,-18.7,True
1.05,0.025,0.95,0.4,0.3,0.0,1.0,5.64,-22.33,True
1.05,0.025,0.95,0.4,0.3,0.25,0.75,5.66,-21.54,True
1.05,0.025,0.95,0.4,0.3,0.5,0.5,5.68,-20.68,True
1.05,0.025,0.95,0.4,0.3,0.75,0.25,5.69,-19.73,True
1.05,0.025,0.95,0.4,0.3,1.0,0.0,5.7,-18.69,True
1.05,0.025,0.97,0.1,0.0,0.0,1.0,1.11,-12.65,True
1.05,0.025,0.97,0.1,0.0,0.25,0.75,1.03,-11.51,True
1.05,0.025,0.97,0.1,0.0,0.5,0.5,0.93,-10.28,True
1.05,0.025,0.97,0.1,0.0,0.75,0.25,0.84,-8.94,True
1.05,0.025,0.97,0.1,0.0,1.0,0.0,0.74,-7.48,True
1.05,0.025,0.97,0.1,0.1,0.0,1.0,3.43,-16.58,True
1.05,0.025,0.97,0.1,0.1,0.25,0.75,3.36,-15.67,True
1.05,0.025,0.97,0.1,0.1,0.5,0.5,3.29,-14.68,True
1.05,0.025,0.97,0.1,0.1,0.75,0.25,3.22,-13.62,True
1.05,0.025,0.97,0.1,0.1,1.0,0.0,3.14,-12.48,True
1.05,0.025,0.97,0.1,0.2,0.0,1.0,4.98,-18.76,True
1.05,0.025,0.97,0.1,0.2,0.25,0.75,4.92,-17.96,True
1.05,0.025,0.97,0.1,0.2,0.5,0.5,4.86,-17.1,True
1.05,0.025,0.97,0.1,0.2,0.75,0.25,4.79,-16.19,True
1.05,0.025,0.97,0.1,0.2,1.0,0.0,4.73,-15.2,True
1.05,0.025,0.97,0.1,0.3,0.0,1.0,6.15,-20.15,True
1.05,0.025,0.97,0.1,0.3,0.25,0.75,6.09,-19.42,True
1.05,0.025,0.97,0.1,0.3,0.5,0.5,6.04,-18.64,True
1.05,0.025,0.97,0.1,0.3,0.75,0.25,5.98,-17.8,True
1.05,0.025,0.97,0.1,0.3,1.0,0.0,5.92,-16.9,True
1.05,0.025,0.97,0.2,0.0,0.0,1.0,1.93,-18.67,True
1.05,0.025,0.97,0.2,0.0,0.25,0.75,1.79,-17.31,True
1.05,0.025,0.97,0.2,0.0,0.5,0.5,1.65,-15.78,True
1.05,0.025,0.97,0.2,0.0,0.75,0.25,1.5,-14.04,True
1.05,0.025,0.97,0.2,0.0,1.0,0.0,1.35,-12.06,True
1.05,0.025,0.97,0.2,0.1,0.0,1.0,4.08,-21.36,True
1.05,0.025,0.97,0.2,0.1,0.25,0.75,3.97,-20.22,True
1.05,0.025,0.97,0.2,0.1,0.5,0.5,3.86,-18.95,True
1.05,0.025,0.97,0.2,0.1,0.75,0.25,3.74,-17.52,True
1.05,0.025,0.97,0.2,0.1,1.0,0.0,3.62,-15.9,True
1.05,0.025,0.97,0.2,0.2,0.0,1.0,5.28,-21.66,True
1.05,0.025,0.97,0.2,0.2,0.25,0.75,5.21,-20.71,True
1.05,0.025,0.97,0.2,0.2,0.5,0.5,5.14,-19.67,True
1.05,0.025,0.97,0.2,0.2,0.75,0.25,5.06,-18.52,True
1.05,0.025,0.97,0.2,0.2,1.0,0.0,4.98,-17.23,True
1.05,0.025,0.97,0.2,0.3,0.0,1.0,6.09,-20.95,True
1.05,0.025,0.97,0.2,0.3,0.25,0.75,6.06,-20.21,True
1.05,0.025,0.97,0.2,0.3,0.5,0.5,6.02,-19.41,True
1.05,0.025,0.97,0.2,0.3,0.75,0.25,5.98,-18.54,True
1.05,0.025,0.97,0.2,0.3,1.0,0.0,5.93,-17.59,True
1.05,0.025,0.97,0.3,0.0,0.0,1.0,2.55,-22.19,True
1.05,0.025,0.97,0.3,0.0,0.25,0.75,2.39,-20.81,True
1.05,0.025,0.97,0.3,0.0,0.5,0.5,2.23,-19.21,True
1.05,0.025,0.97,0.3,0.0,0.75,0.25,2.04,-17.35,True
1.05,0.025,0.97,0.3,0.0,1.0,0.0,1.85,-15.15,True
1.05,0.025,0.97,0.3,0.1,0.0,1.0,4.09,-22.4,True
1.05,0.025,0.97,0.3,0.1,0.25,0.75,4.0,-21.25,True
1.05,0.025,0.97,0.3,0.1,0.5,0.5,3.9,-19.95,True
1.05,0.025,0.97,0.3,0.1,0.75,0.25,3.79,-18.47,True
1.05,0.025,0.97,0.3,0.1,1.0,0.0,3.67,-16.79,True
1.05,0.025,0.97,0.3,0.2,0.0,1.0,5.07,-21.54,True
1.05,0.025,0.97,0.3,0.2,0.25,0.75,5.03,-20.63,True
1.05,0.025,0.97,0.3,0.2,0.5,0.5,4.98,-19.62,True
1.05,0.025,0.97,0.3,0.2,0.75,0.25,4.93,-18.51,True
1.05,0.025,0.97,0.3,0.2,1.0,0.0,4.88,-17.27,True
1.05,0.025,0.97,0.3,0.3,0.0,1.0,5.91,-20.79,True
1.05,0.025,0.97,0.3,0.3,0.25,0.75,5.9,-20.11,True
1.05,0.025,0.97,0.3,0.3,0.5,0.5,5.89,-19.36,True
1.05,0.025,0.97,0.3,0.3,0.75,0.25,5.87,-18.54,True
1.05,0.025,0.97,0.3,0.3,1.0,0.0,5.85,-17.64,True
1.05,0.025,0.97,0.4,0.0,0.0,1.0,2.65,-23.38,True
1.05,0.025,0.97,0.4,0.0,0.25,0.75,2.49,-21.97,True
1.05,0.025,0.97,0.4,0.0,0.5,0.5,2.33,-20.33,True
1.05,0.025,0.97,0.4,0.0,0.75,0.25,2.15,-18.43,True
1.05,0.025,0.97,0.4,0.0,1.0,0.0,1.95,-16.16,True
1.05,0.025,0.97,0.4,0.1,0.0,1.0,3.87,-22.34,True
1.05,0.025,0.97,0.4,0.1,0.25,0.75,3.8,-21.2,True
1.05,0.025,0.97,0.4,0.1,0.5,0.5,3.73,-19.92,True
1.05,0.025,0.97,0.4,0.1,0.75,0.25,3.65,-18.46,True
1.05,0.025,0.97,0.4,0.1,1.0,0.0,3.57,-16.81,True
1.05,0.025,0.97,0.4,0.2,0.0,1.0,4.89,-21.43,True
1.05,0.025,0.97,0.4,0.2,0.25,0.75,4.87,-20.55,True
1.05,0.025,0.97,0.4,0.2,0.5,0.5,4.85,-19.58,True
1.05,0.025,0.97,0.4,0.2,0.75,0.25,4.82,-18.5,True
1.05,0.025,0.97,0.4,0.2,1.0,0.0,4.79,-17.3,True
1.05,0.025,0.97,0.4,0.3,0.0,1.0,5.84,-20.7,True
1.05,0.025,0.97,0.4,0.3,0.25,0.75,5.84,-20.05,True
1.05,0.025,0.97,0.4,0.3,0.5,0.5,5.84,-19.33,True
1.05,0.025,0.97,0.4,0.3,0.75,0.25,5.83,-18.54,True
1.05,0.025,0.97,0.4,0.3,1.0,0.0,5.82,-17.67,True
1.05,0.025,0.99,0.1,0.0,0.0,1.0,1.36,-10.06,True
1.05,0.025,0.99,0.1,0.0,0.25,0.75,1.25,-9.13,True
1.05,0.025,0.99,0.1,0.0,0.5,0.5,1.13,-8.13,True
1.05,0.025,0.99,0.1,0.0,0.75,0.25,1.01,-7.05,True
1.05,0.025,0.99,0.1,0.0,1.0,0.0,0.88,-5.87,True
1.05,0.025,0.99,0.1,0.1,0.0,1.0,3.64,-14.17,True
1.05,0.025,0.99,0.1,0.1,0.25,0.75,3.55,-13.46,True
1.05,0.025,0.99,0.1,0.1,0.5,0.5,3.46,-12.7,True
1.05,0.025,0.99,0.1,0.1,0.75,0.25,3.36,-11.88,True
1.05,0.025,0.99,0.1,0.1,1.0,0.0,3.27,-11.0,True
1.05,0.025,0.99,0.1,0.2,0.0,1.0,5.17,-16.45,True
1.05,0.025,0.99,0.1,0.2,0.25,0.75,5.09,-15.85,True
1.05,0.025,0.99,0.1,0.2,0.5,0.5,5.01,-15.21,True
1.05,0.025,0.99,0.1,0.2,0.75,0.25,4.93,-14.52,True
1.05,0.025,0.99,0.1,0.2,1.0,0.0,4.84,-13.78,True
1.05,0.025,0.99,0.1,0.3,0.0,1.0,6.33,-17.9,True
1.05,0.025,0.99,0.1,0.3,0.25,0.75,6.26,-17.37,True
1.05,0.025,0.99,0.1,0.3,0.5,0.5,6.18,-16.8,True
1.05,0.025,0.99,0.1,0.3,0.75,0.25,6.11,-16.19,True
1.05,0.025,0.99,0.1,0.3,1.0,0.0,6.03,-15.53,True
1.05,0.025,0.99,0.2,0.0,0.0,1.0,2.37,-14.84,True
1.05,0.025,0.99,0.2,0.0,0.25,0.75,2.2,-13.74,True
1.05,0.025,0.99,0.2,0.0,0.5,0.5,2.01,-12.49,True
1.05,0.025,0.99,0.2,0.0,0.75,0.25,1.82,-11.08,True
1.05,0.025,0.99,0.2,0.0,1.0,0.0,1.61,-9.46,True
1.05,0.025,0.99,0.2,0.1,0.0,1.0,4.47,-17.72,True
1.05,0.025,0.99,0.2,0.1,0.25,0.75,4.32,-16.83,True
1.05,0.025,0.99,0.2,0.1,0.5,0.5,4.17,-15.84,True
1.05,0.025,0.99,0.2,0.1,0.75,0.25,4.01,-14.73,True
1.05,0.025,0.99,0.2,0.1,1.0,0.0,3.85,-13.46,True
1.05,0.025,0.99,0.2,0.2,0.0,1.0,5.65,-18.61,True
1.05,0.025,0.99,0.2,0.2,0.25,0.75,5.54,-17.88,True
1.05,0.025,0.99,0.2,0.2,0.5,0.5,5.43,-17.07,True
1.05,0.025,0.99,0.2,0.2,0.75,0.25,5.31,-16.18,True
1.05,0.025,0.99,0.2,0.2,1.0,0.0,5.19,-15.19,True
1.05,0.025,0.99,0.2,0.3,0.0,1.0,6.42,-18.62,True
1.05,0.025,0.99,0.2,0.3,0.25,0.75,6.35,-18.05,True
1.05,0.025,0.99,0.2,0.3,0.5,0.5,6.27,-17.43,True
1.05,0.025,0.99,0.2,0.3,0.75,0.25,6.19,-16.77,True
1.05,0.025,0.99,0.2,0.3,1.0,0.0,6.11,-16.04,True
1.05,0.025,0.99,0.3,0.0,0.0,1.0,3.17,-17.64,True
1.05,0.025,0.99,0.3,0.0,0.25,0.75,2.96,-16.51,True
1.05,0.025,0.99,0.3,0.0,0.5,0.5,2.73,-15.2,True
1.05,0.025,0.99,0.3,0.0,0.75,0.25,2.49,-13.68,True
1.05,0.025,0.99,0.3,0.0,1.0,0.0,2.23,-11.89,True
1.05,0.025,0.99,0.3,0.1,0.0,1.0,4.63,-18.6,True
1.05,0.025,0.99,0.3,0.1,0.25,0.75,4.48,-17.68,True
1.05,0.025,0.99,0.3,0.1,0.5,0.5,4.33,-16.65,True
1.05,0.025,0.99,0.3,0.1,0.75,0.25,4.16,-15.48,True
1.05,0.025,0.99,0.3,0.1,1.0,0.0,3.99,-14.15,True
1.05,0.025,0.99,0.3,0.2,0.0,1.0,5.55,-18.61,True
1.05,0.025,0.99,0.3,0.2,0.25,0.75,5.46,-17.89,True
1.05,0.025,0.99,0.3,0.2,0.5,0.5,5.36,-17.1,True
1.05,0.025,0.99,0.3,0.2,0.75,0.25,5.25,-16.23,True
1.05,0.025,0.99,0.3,0.2,1.0,0.0,5.14,-15.26,True
1.05,0.025,0.99,0.3,0.3,0.0,1.0,6.34,-18.62,True
1.05,0.025,0.99,0.3,0.3,0.25,0.75,6.29,-18.06,True
1.05,0.025,0.99,0.3,0.3,0.5,0.5,6.22,-17.47,True
1.05,0.025,0.99,0.3,0.3,0.75,0.25,6.16,-16.82,True
1.05,0.025,0.99,0.3,0.3,1.0,0.0,6.09,-16.12,True
1.05,0.025,0.99,0.4,0.0,0.0,1.0,3.42,-18.59,True
1.05,0.025,0.99,0.4,0.0,0.25,0.75,3.19,-17.43,True
1.05,0.025,0.99,0.4,0.0,0.5,0.5,2.95,-16.09,True
1.05,0.025,0.99,0.4,0.0,0.75,0.25,2.69,-14.53,True
1.05,0.025,0.99,0.4,0.0,1.0,0.0,2.41,-12.68,True
1.05,0.025,0.99,0.4,0.1,0.0,1.0,4.52,-18.6,True
1.05,0.025,0.99,0.4,0.1,0.25,0.75,4.39,-17.68,True
1.05,0.025,0.99,0.4,0.1,0.5,0.5,4.25,-16.66,True
1.05,0.025,0.99,0.4,0.1,0.75,0.25,4.1,-15.5,True
1.05,0.025,0.99,0.4,0.1,1.0,0.0,3.94,-14.19,True
1.05,0.025,0.99,0.4,0.2,0.0,1.0,5.47,-18.61,True
1.05,0.025,0.99,0.4,0.2,0.25,0.75,5.39,-17.9,True
1.05,0.025,0.99,0.4,0.2,0.5,0.5,5.3,-17.12,True
1.05,0.025,0.99,0.4,0.2,0.75,0.25,5.21,-16.26,True
1.05,0.025,0.99,0.4,0.2,1.0,0.0,5.12,-15.32,True
1.05,0.025,0.99,0.4,0.3,0.0,1.0,6.28,-18.62,True
1.05,0.025,0.99,0.4,0.3,0.25,0.75,6.24,-18.07,True
1.05,0.025,0.99,0.4,0.3,0.5,0.5,6.18,-17.49,True
1.05,0.025,0.99,0.4,0.3,0.75,0.25,6.13,-16.85,True
1.05,0.025,0.99,0.4,0.3,1.0,0.0,6.07,-16.17,True
1.05,0.025,1.0,0.1,0.0,0.0,1.0,-0.09,-3.16,True
1.05,0.025,1.0,0.1,0.0,0.25,0.75,-0.07,-2.88,True
1.05,0.025,1.0,0.1,0.0,0.5,0.5,-0.06,-2.59,True
1.05,0.025,1.0,0.1,0.0,0.75,0.25,-0.05,-2.31,True
1.05,0.025,1.0,0.1,0.0,1.0,0.0,-0.04,-2.02,True
1.05,0.025,1.0,0.1,0.1,0.0,1.0,2.54,-7.36,True
1.05,0.025,1.0,0.1,0.1,0.25,0.75,2.54,-7.33,True
1.05,0.025,1.0,0.1,0.1,0.5,0.5,2.55,-7.31,True
1.05,0.025,1.0,0.1,0.1,0.75,0.25,2.56,-7.29,True
1.05,0.025,1.0,0.1,0.1,1.0,0.0,2.56,-7.27,True
1.05,0.025,1.0,0.1,0.2,0.0,1.0,4.21,-11.18,True
1.05,0.025,1.0,0.1,0.2,0.25,0.75,4.21,-11.15,True
1.05,0.025,1.0,0.1,0.2,0.5,0.5,4.22,-11.12,True
1.05,0.025,1.0,0.1,0.2,0.75,0.25,4.22,-11.09,True
1.05,0.025,1.0,0.1,0.2,1.0,0.0,4.23,-11.05,True
1.05,0.025,1.0,0.1,0.3,0.0,1.0,5.45,-13.52,True
1.05,0.025,1.0,0.1,0.3,0.25,0.75,5.45,-13.49,True
1.05,0.025,1.0,0.1,0.3,0.5,0.5,5.46,-13.45,True
1.05,0.025,1.0,0.1,0.3,0.75,0.25,5.46,-13.41,True
1.05,0.025,1.0,0.1,0.3,1.0,0.0,5.46,-13.38,True
1.05,0.025,1.0,0.2,0.0,0.0,1.0,-0.17,-6.26,True
1.05,0.025,1.0,0.2,0.0,0.25,0.75,-0.15,-5.71,True
1.05,0.025,1.0,0.2,0.0,0.5,0.5,-0.13,-5.15,True
1.05,0.025,1.0,0.2,0.0,0.75,0.25,-0.11,-4.59,True
1.05,0.025,1.0,0.2,0.0,1.0,0.0,-0.09,-4.02,True
1.05,0.025,1.0,0.2,0.1,0.0,1.0,2.5,-7.62,True
1.05,0.025,1.0,0.2,0.1,0.25,0.75,2.51,-7.57,True
1.05,0.025,1.0,0.2,0.1,0.5,0.5,2.52,-7.52,True
1.05,0.025,1.0,0.2,0.1,0.75,0.25,2.54,-7.47,True
1.05,0.025,1.0,0.2,0.1,1.0,0.0,2.55,-7.43,True
1.05,0.025,1.0,0.2,0.2,0.0,1.0,4.19,-11.54,True
1.05,0.025,1.0,0.2,0.2,0.25,0.75,4.2,-11.47,True
1.05,0.025,1.0,0.2,0.2,0.5,0.5,4.21,-11.41,True
1.05,0.025,1.0,0.2,0.2,0.75,0.25,4.22,-11.34,True
1.05,0.025,1.0,0.2,0.2,1.0,0.0,4.23,-11.28,True
1.05,0.025,1.0,0.2,0.3,0.0,1.0,5.44,-13.91,True
1.05,0.025,1.0,0.2,0.3,0.25,0.75,5.45,-13.84,True
1.05,0.025,1.0,0.2,0.3,0.5,0.5,5.46,-13.76,True
1.05,0.025,1.0,0.2,0.3,0.75,0.25,5.46,-13.69,True
1.05,0.025,1.0,0.2,0.3,1.0,0.0,5.47,-13.62,True
1.05,0.025,1.0,0.3,0.0,0.0,1.0,-0.27,-9.32,True
1.05,0.025,1.0,0.3,0.0,0.25,0.75,-0.23,-8.49,True
1.05,0.025,1.0,0.3,0.0,0.5,0.5,-0.2,-7.67,True
1.05,0.025,1.0,0.3,0.0,0.75,0.25,-0.17,-6.84,True
1.05,0.025,1.0,0.3,0.0,1.0,0.0,-0.14,-6.0,True
1.05,0.025,1.0,0.3,0.1,0.0,1.0,2.46,-7.89,True
1.05,0.025,1.0,0.3,0.1,0.25,0.75,2.48,-7.81,True
1.05,0.025,1.0,0.3,0.1,0.5,0.5,2.5,-7.74,True
1.05,0.025,1.0,0.3,0.1,0.75,0.25,2.52,-7.67,True
1.05,0.025,1.0,0.3,0.1,1.0,0.0,2.53,-7.59,True
1.05,0.025,1.0,0.3,0.2,0.0,1.0,4.18,-11.84,True
1.05,0.025,1.0,0.3,0.2,0.25,0.75,4.2,-11.75,True
1.05,0.025,1.0,0.3,0.2,0.5,0.5,4.21,-11.66,True
1.05,0.025,1.0,0.3,0.2,0.75,0.25,4.22,-11.57,True
1.05,0.025,1.0,0.3,0.2,1.0,0.0,4.23,-11.47,True
1.05,0.025,1.0,0.3,0.3,0.0,1.0,5.43,-14.14,True
1.05,0.025,1.0,0.3,0.3,0.25,0.75,5.44,-14.07,True
1.05,0.025,1.0,0.3,0.3,0.5,0.5,5.46,-13.99,True
1.05,0.025,1.0,0.3,0.3,0.75,0.25,5.47,-13.89,True
1.05,0.025,1.0,0.3,0.3,1.0,0.0,5.47,-13.8,True
1.05,0.025,1.0,0.4,0.0,0.0,1.0,-0.36,-12.31,True
1.05,0.025,1.0,0.4,0.0,0.25,0.75,-0.32,-11.23,True
1.05,0.025,1.0,0.4,0.0,0.5,0.5,-0.27,-10.15,True
1.05,0.025,1.0,0.4,0.0,0.75,0.25,-0.23,-9.06,True
1.05,0.025,1.0,0.4,0.0,1.0,0.0,-0.18,-7.96,True
1.05,0.025,1.0,0.4,0.1,0.0,1.0,2.42,-8.06,True
1.05,0.025,1.0,0.4,0.1,0.25,0.75,2.45,-7.99,True
1.05,0.025,1.0,0.4,0.1,0.5,0.5,2.49,-7.92,True
1.05,0.025,1.0,0.4,0.1,0.75,0.25,2.51,-7.83,True
1.05,0.025,1.0,0.4,0.1,1.0,0.0,2.53,-7.74,True
1.05,0.025,1.0,0.4,0.2,0.0,1.0,4.14,-12.0,True
1.05,0.025,1.0,0.4,0.2,0.25,0.75,4.16,-11.91,True
1.05,0.025,1.0,0.4,0.2,0.5,0.5,4.19,-11.82,True
1.05,0.025,1.0,0.4,0.2,0.75,0.25,4.21,-11.74,True
1.05,0.025,1.0,0.4,0.2,1.0,0.0,4.23,-11.63,True
1.05,0.025,1.0,0.4,0.3,0.0,1.0,5.4,-14.26,True
1.05,0.025,1.0,0.4,0.3,0.25,0.75,5.42,-14.17,True
1.05,0.025,1.0,0.4,0.3,0.5,0.5,5.44,-14.09,True
1.05,0.025,1.0,0.4,0.3,0.75,0.25,5.46,-14.0,True
1.05,0.025,1.0,0.4,0.3,1.0,0.0,5.48,-13.92,True
1.05,0.025,1.01,0.1,0.0,0.0,1.0,-0.12,-3.16,True
1.05,0.025,1.01,0.1,0.0,0.25,0.75,-0.11,-2.88,True
1.05,0.025,1.01,0.1,0.0,0.5,0.5,-0.09,-2.59,True
1.05,0.025,1.01,0.1,0.0,0.75,0.25,-0.08,-2.31,True
1.05,0.025,1.01,0.1,0.0,1.0,0.0,-0.07,-2.02,True
1.05,0.025,1.01,0.1,0.1,0.0,1.0,2.5,-7.33,True
1.05,0.025,1.01,0.1,0.1,0.25,0.75,2.5,-7.31,True
1.05,0.025,1.01,0.1,0.1,0.5,0.5,2.51,-7.29,True
1.05,0.025,1.01,0.1,0.1,0.75,0.25,2.52,-7.26,True
1.05,0.025,1.01,0.1,0.1,1.0,0.0,2.53,-7.24,True
1.05,0.025,1.01,0.1,0.2,0.0,1.0,4.17,-11.15,True
1.05,0.025,1.01,0.1,0.2,0.25,0.75,4.17,-11.12,True
1.05,0.025,1.01,0.1,0.2,0.5,0.5,4.18,-11.09,True
1.05,0.025,1.01,0.1,0.2,0.75,0.25,4.18,-11.06,True
1.05,0.025,1.01,0.1,0.2,1.0,0.0,4.19,-11.03,True
1.05,0.025,1.01,0.1,0.3,0.0,1.0,5.41,-13.5,True
1.05,0.025,1.01,0.1,0.3,0.25,0.75,5.41,-13.46,True
1.05,0.025,1.01,0.1,0.3,0.5,0.5,5.42,-13.43,True
1.05,0.025,1.01,0.1,0.3,0.75,0.25,5.42,-13.39,True
1.05,0.025,1.01,0.1,0.3,1.0,0.0,5.42,-13.36,True
1.05,0.025,1.01,0.2,0.0,0.0,1.0,-0.24,-6.26,True
1.05,0.025,1.01,0.2,0.0,0.25,0.75,-0.21,-5.71,True
1.05,0.025,1.01,0.2,0.0,0.5,0.5,-0.19,-5.15,True
1.05,0.025,1.01,0.2,0.0,0.75,0.25,-0.17,-4.59,True
1.05,0.025,1.01,0.2,0.0,1.0,0.0,-0.14,-4.02,True
1.05,0.025,1.01,0.2,0.1,0.0,1.0,2.43,-7.59,True
1.05,0.025,1.01,0.2,0.1,0.25,0.75,2.44,-7.54,True
1.05,0.025,1.01,0.2,0.1,0.5,0.5,2.46,-7.49,True
1.05,0.025,1.01,0.2,0.1,0.75,0.25,2.47,-7.45,True
1.05,0.025,1.01,0.2,0.1,1.0,0.0,2.49,-7.4,True
1.05,0.025,1.01,0.2,0.2,0.0,1.0,4.12,-11.51,True
1.05,0.025,1.01,0.2,0.2,0.25,0.75,4.13,-11.45,True
1.05,0.025,1.01,0.2,0.2,0.5,0.5,4.14,-11.38,True
1.05,0.025,1.01,0.2,0.2,0.75,0.25,4.15,-11.32,True
1.05,0.025,1.01,0.2,0.2,1.0,0.0,4.16,-11.25,True
1.05,0.025,1.01,0.2,0.3,0.0,1.0,5.38,-13.88,True
1.05,0.025,1.01,0.2,0.3,0.25,0.75,5.38,-13.81,True
1.05,0.025,1.01,0.2,0.3,0.5,0.5,5.39,-13.74,True
1.05,0.025,1.01,0.2,0.3,0.75,0.25,5.4,-13.67,True
1.05,0.025,1.01,0.2,0.3,1.0,0.0,5.41,-13.6,True
1.05,0.025,1.01,0.3,0.0,0.0,1.0,-0.36,-9.32,True
1.05,0.025,1.01,0.3,0.0,0.25,0.75,-0.33,-8.49,True
1.05,0.025,1.01,0.3,0.0,0.5,0.5,-0.29,-7.67,True
1.05,0.025,1.01,0.3,0.0,0.75,0.25,-0.25,-6.84,True
1.05,0.025,1.01,0.3,0.0,1.0,0.0,-0.22,-6.0,True
1.05,0.025,1.01,0.3,0.1,0.0,1.0,2.36,-7.86,True
1.05,0.025,1.01,0.3,0.1,0.25,0.75,2.38,-7.78,True
1.05,0.025,1.01,0.3,0.1,0.5,0.5,2.4,-7.71,True
1.05,0.025,1.01,0.3,0.1,0.75,0.25,2.42,-7.64,True
1.05,0.025,1.01,0.3,0.1,1.0,0.0,2.45,-7.57,True
1.05,0.025,1.01,0.3,0.2,0.0,1.0,4.08,-11.8,True
1.05,0.025,1.01,0.3,0.2,0.25,0.75,4.1,-11.72,True
1.05,0.025,1.01,0.3,0.2,0.5,0.5,4.12,-11.63,True
1.05,0.025,1.01,0.3,0.2,0.75,0.25,4.13,-11.54,True
1.05,0.025,1.01,0.3,0.2,1.0,0.0,4.14,-11.45,True
1.05,0.025,1.01,0.3,0.3,0.0,1.0,5.36,-14.1,True
1.05,0.025,1.01,0.3,0.3,0.25,0.75,5.38,-14.03,True
1.05,0.025,1.01,0.3,0.3,0.5,0.5,5.4,-13.96,True
1.05,0.025,1.01,0.3,0.3,0.75,0.25,5.41,-13.87,True
1.05,0.025,1.01,0.3,0.3,1.0,0.0,5.42,-13.78,True
1.05,0.025,1.01,0.4,0.0,0.0,1.0,-0.49,-12.31,True
1.05,0.025,1.01,0.4,0.0,0.25,0.75,-0.44,-11.23,True
1.05,0.025,1.01,0.4,0.0,0.5,0.5,-0.39,-10.15,True
1.05,0.025,1.01,0.4,0.0,0.75,0.25,-0.34,-9.06,True
1.05,0.025,1.01,0.4,0.0,1.0,0.0,-0.29,-7.96,True
1.05,0.025,1.01,0.4,0.1,0.0,1.0,2.28,-8.01,True
1.05,0.025,1.01,0.4,0.1,0.25,0.75,2.32,-7.95,True
1.05,0.025,1.01,0.4,0.1,0.5,0.5,2.36,-7.88,True
1.05,0.025,1.01,0.4,0.1,0.75,0.25,2.39,-7.8,True
1.05,0.025,1.01,0.4,0.1,1.0,0.0,2.42,-7.71,True
1.05,0.025,1.01,0.4,0.2,0.0,1.0,4.04,-11.95,True
1.05,0.025,1.01,0.4,0.2,0.25,0.75,4.07,-11.86,True
1.05,0.025,1.01,0.4,0.2,0.5,0.5,4.1,-11.78,True
1.05,0.025,1.01,0.4,0.2,0.75,0.25,4.12,-11.7,True
1.05,0.025,1.01,0.4,0.2,1.0,0.0,4.15,-11.61,True
1.05,0.025,1.01,0.4,0.3,0.0,1.0,5.34,-14.21,True
1.05,0.025,1.01,0.4,0.3,0.25,0.75,5.36,-14.13,True
1.05,0.025,1.01,0.4,0.3,0.5,0.5,5.38,-14.05,True
1.05,0.025,1.01,0.4,0.3,0.75,0.25,5.4,-13.97,True
1.05,0.025,1.01,0.4,0.3,1.0,0.0,5.42,-13.89,True
1.05,0.025,1.02,0.1,0.0,0.0,1.0,-0.04,-3.29,True
1.05,0.025,1.02,0.1,0.0,0.25,0.75,-0.04,-3.01,True
1.05,0.025,1.02,0.1,0.0,0.5,0.5,-0.04,-2.74,True
1.05,0.025,1.02,0.1,0.0,0.75,0.25,-0.03,-2.47,True
1.05,0.025,1.02,0.1,0.0,1.0,0.0,-0.03,-2.19,True
1.05,0.025,1.02,0.1,0.1,0.0,1.0,2.55,-7.27,True
1.05,0.025,1.02,0.1,0.1,0.25,0.75,2.56,-7.26,True
1.05,0.025,1.02,0.1,0.1,0.5,0.5,2.56,-7.24,True
1.05,0.025,1.02,0.1,0.1,0.75,0.25,2.56,-7.22,True
1.05,0.025,1.02,0.1,0.1,1.0,0.0,2.56,-7.21,True
1.05,0.025,1.02,0.1,0.2,0.0,1.0,4.22,-11.07,True
1.05,0.025,1.02,0.1,0.2,0.25,0.75,4.22,-11.05,True
1.05,0.025,1.02,0.1,0.2,0.5,0.5,4.22,-11.03,True
1.05,0.025,1.02,0.1,0.2,0.75,0.25,4.22,-11.01,True
1.05,0.025,1.02,0.1,0.2,1.0,0.0,4.22,-10.98,True
1.05,0.025,1.02,0.1,0.3,0.0,1.0,5.45,-13.41,True
1.05,0.025,1.02,0.1,0.3,0.25,0.75,5.45,-13.39,True
1.05,0.025,1.02,0.1,0.3,0.5,0.5,5.45,-13.36,True
1.05,0.025,1.02,0.1,0.3,0.75,0.25,5.45,-13.33,True
1.05,0.025,1.02,0.1,0.3,1.0,0.0,5.45,-13.31,True
1.05,0.025,1.02,0.2,0.0,0.0,1.0,-0.09,-6.53,True
1.05,0.025,1.02,0.2,0.0,0.25,0.75,-0.08,-5.99,True
1.05,0.025,1.02,0.2,0.0,0.5,0.5,-0.07,-5.45,True
1.05,0.025,1.02,0.2,0.0,0.75,0.25,-0.06,-4.91,True
1.05,0.025,1.02,0.2,0.0,1.0,0.0,-0.05,-4.36,True
1.05,0.025,1.02,0.2,0.1,0.0,1.0,2.54,-7.47,True
1.05,0.025,1.02,0.2,0.1,0.25,0.75,2.55,-7.43,True
1.05,0.025,1.02,0.2,0.1,0.5,0.5,2.55,-7.4,True
1.05,0.025,1.02,0.2,0.1,0.75,0.25,2.55,-7.37,True
1.05,0.025,1.02,0.2,0.1,1.0,0.0,2.55,-7.33,True
1.05,0.025,1.02,0.2,0.2,0.0,1.0,4.22,-11.35,True
1.05,0.025,1.02,0.2,0.2,0.25,0.75,4.22,-11.3,True
1.05,0.025,1.02,0.2,0.2,0.5,0.5,4.22,-11.26,True
1.05,0.025,1.02,0.2,0.2,0.75,0.25,4.22,-11.21,True
1.05,0.025,1.02,0.2,0.2,1.0,0.0,4.22,-11.16,True
1.05,0.025,1.02,0.2,0.3,0.0,1.0,5.47,-13.71,True
1.05,0.025,1.02,0.2,0.3,0.25,0.75,5.47,-13.66,True
1.05,0.025,1.02,0.2,0.3,0.5,0.5,5.47,-13.61,True
1.05,0.025,1.02,0.2,0.3,0.75,0.25,5.47,-13.55,True
1.05,0.025,1.02,0.2,0.3,1.0,0.0,5.46,-13.5,True
1.05,0.025,1.02,0.3,0.0,0.0,1.0,-0.14,-9.72,True
1.05,0.025,1.02,0.3,0.0,0.25,0.75,-0.13,-8.93,True
1.05,0.025,1.02,0.3,0.0,0.5,0.5,-0.11,-8.13,True
1.05,0.025,1.02,0.3,0.0,0.75,0.25,-0.1,-7.32,True
1.05,0.025,1.02,0.3,0.0,1.0,0.0,-0.09,-6.52,True
1.05,0.025,1.02,0.3,0.1,0.0,1.0,2.53,-7.67,True
1.05,0.025,1.02,0.3,0.1,0.25,0.75,2.53,-7.62,True
1.05,0.025,1.02,0.3,0.1,0.5,0.5,2.54,-7.57,True
1.05,0.025,1.02,0.3,0.1,0.75,0.25,2.54,-7.52,True
1.05,0.025,1.02,0.3,0.1,1.0,0.0,2.55,-7.47,True
1.05,0.025,1.02,0.3,0.2,0.0,1.0,4.23,-11.54,True
1.05,0.025,1.02,0.3,0.2,0.25,0.75,4.24,-11.5,True
1.05,0.025,1.02,0.3,0.2,0.5,0.5,4.24,-11.43,True
1.05,0.025,1.02,0.3,0.2,0.75,0.25,4.24,-11.37,True
1.05,0.025,1.02,0.3,0.2,1.0,0.0,4.24,-11.3,True
1.05,0.025,1.02,0.3,0.3,0.0,1.0,5.48,-13.79,True
1.05,0.025,1.02,0.3,0.3,0.25,0.75,5.49,-13.75,True
1.05,0.025,1.02,0.3,0.3,0.5,0.5,5.5,-13.71,True
1.05,0.025,1.02,0.3,0.3,0.75,0.25,5.5,-13.65,True
1.05,0.025,1.02,0.3,0.3,1.0,0.0,5.49,-13.59,True
1.05,0.025,1.02,0.4,0.0,0.0,1.0,-0.2,-12.87,True
1.05,0.025,1.02,0.4,0.0,0.25,0.75,-0.18,-11.83,True
1.05,0.025,1.02,0.4,0.0,0.5,0.5,-0.16,-10.77,True
1.05,0.025,1.02,0.4,0.0,0.75,0.25,-0.14,-9.71,True
1.05,0.025,1.02,0.4,0.0,1.0,0.0,-0.12,-8.65,True
1.05,0.025,1.02,0.4,0.1,0.0,1.0,2.51,-7.76,True
1.05,0.025,1.02,0.4,0.1,0.25,0.75,2.52,-7.71,True
1.05,0.025,1.02,0.4,0.1,0.5,0.5,2.54,-7.68,True
1.05,0.025,1.02,0.4,0.1,0.75,0.25,2.55,-7.63,True
1.05,0.025,1.02,0.4,0.1,1.0,0.0,2.56,-7.56,True
1.05,0.025,1.02,0.4,0.2,0.0,1.0,4.22,-11.57,True
1.05,0.025,1.02,0.4,0.2,0.25,0.75,4.24,-11.52,True
1.05,0.025,1.02,0.4,0.2,0.5,0.5,4.25,-11.48,True
1.05,0.025,1.02,0.4,0.2,0.75,0.25,4.26,-11.43,True
1.05,0.025,1.02,0.4,0.2,1.0,0.0,4.27,-11.38,True
1.05,0.025,1.02,0.4,0.3,0.0,1.0,5.47,-13.83,True
1.05,0.025,1.02,0.4,0.3,0.25,0.75,5.48,-13.78,True
1.05,0.025,1.02,0.4,0.3,0.5,0.5,5.49,-13.73,True
1.05,0.025,1.02,0.4,0.3,0.75,0.25,5.5,-13.69,True
1.05,0.025,1.02,0.4,0.3,1.0,0.0,5.51,-13.64,True
1.05,0.03,0.95,0.1,0.0,0.0,1.0,0.69,-10.98,True
1.05,0.03,0.95,0.1,0.0,0.25,0.75,0.63,-9.9,True
1.05,0.03,0.95,0.1,0.0,0.5,0.5,0.57,-8.76,True
1.05,0.03,0.95,0.1,0.0,0.75,0.25,0.52,-7.55,True
1.05,0.03,0.95,0.1,0.0,1.0,0.0,0.45,-6.26,True
1.05,0.03,0.95,0.1,0.1,0.0,1.0,3.09,-15.53,True
1.05,0.03,0.95,0.1,0.1,0.25,0.75,3.04,-14.66,True
1.05,0.03,0.95,0.1,0.1,0.5,0.5,3.0,-13.75,True
1.05,0.03,0.95,0.1,0.1,0.75,0.25,2.95,-12.78,True
1.05,0.03,0.95,0.1,0.1,1.0,0.0,2.91,-11.76,True
1.05,0.03,0.95,0.1,0.2,0.0,1.0,4.66,-18.01,True
1.05,0.03,0.95,0.1,0.2,0.25,0.75,4.62,-17.25,True
1.05,0.03,0.95,0.1,0.2,0.5,0.5,4.58,-16.44,True
1.05,0.03,0.95,0.1,0.2,0.75,0.25,4.54,-15.6,True
1.05,0.03,0.95,0.1,0.2,1.0,0.0,4.5,-14.71,True
1.05,0.03,0.95,0.1,0.3,0.0,1.0,5.84,-19.57,True
1.05,0.03,0.95,0.1,0.3,0.25,0.75,5.8,-18.87,True
1.05,0.03,0.95,0.1,0.3,0.5,0.5,5.77,-18.14,True
1.05,0.03,0.95,0.1,0.3,0.75,0.25,5.73,-17.36,True
1.05,0.03,0.95,0.1,0.3,1.0,0.0,5.69,-16.55,True
1.05,0.03,0.95,0.2,0.0,0.0,1.0,1.24,-17.32,True
1.05,0.03,0.95,0.2,0.0,0.25,0.75,1.15,-15.89,True
1.05,0.03,0.95,0.2,0.0,0.5,0.5,1.05,-14.33,True
1.05,0.03,0.95,0.2,0.0,0.75,0.25,0.95,-12.59,True
1.05,0.03,0.95,0.2,0.0,1.0,0.0,0.85,-10.67,True
1.05,0.03,0.95,0.2,0.1,0.0,1.0,3.52,-20.62,True
1.05,0.03,0.95,0.2,0.1,0.25,0.75,3.44,-19.42,True
1.05,0.03,0.95,0.2,0.1,0.5,0.5,3.37,-18.12,True
1.05,0.03,0.95,0.2,0.1,0.75,0.25,3.29,-16.69,True
1.05,0.03,0.95,0.2,0.1,1.0,0.0,3.21,-15.12,True
1.05,0.03,0.95,0.2,0.2,0.0,1.0,5.04,-22.46,True
1.05,0.03,0.95,0.2,0.2,0.25,0.75,4.97,-21.39,True
1.05,0.03,0.95,0.2,0.2,0.5,0.5,4.91,-20.22,True
1.05,0.03,0.95,0.2,0.2,0.75,0.25,4.84,-18.96,True
1.05,0.03,0.95,0.2,0.2,1.0,0.0,4.77,-17.56,True
1.05,0.03,0.95,0.2,0.3,0.0,1.0,6.07,-22.78,True
1.05,0.03,0.95,0.2,0.3,0.25,0.75,6.03,-21.89,True
1.05,0.03,0.95,0.2,0.3,0.5,0.5,5.98,-20.92,True
1.05,0.03,0.95,0.2,0.3,0.75,0.25,5.93,-19.86,True
1.05,0.03,0.95,0.2,0.3,1.0,0.0,5.88,-18.69,True
1.05,0.03,0.95,0.3,0.0,0.0,1.0,1.7,-21.46,True
1.05,0.03,0.95,0.3,0.0,0.25,0.75,1.58,-19.91,True
1.05,0.03,0.95,0.3,0.0,0.5,0.5,1.46,-18.17,True
1.05,0.03,0.95,0.3,0.0,0.75,0.25,1.33,-16.2,True
1.05,0.03,0.95,0.3,0.0,1.0,0.0,1.19,-13.95,True
1.05,0.03,0.95,0.3,0.1,0.0,1.0,3.88,-24.03,True
1.05,0.03,0.95,0.3,0.1,0.25,0.75,3.79,-22.71,True
1.05,0.03,0.95,0.3,0.1,0.5,0.5,3.69,-21.23,True
1.05,0.03,0.95,0.3,0.1,0.75,0.25,3.59,-19.57,True
1.05,0.03,0.95,0.3,0.1,1.0,0.0,3.48,-17.69,True
1.05,0.03,0.95,0.3,0.2,0.0,1.0,5.08,-23.82,True
1.05,0.03,0.95,0.3,0.2,0.25,0.75,5.03,-22.73,True
1.05,0.03,0.95,0.3,0.2,0.5,0.5,4.97,-21.53,True
1.05,0.03,0.95,0.3,0.2,0.75,0.25,4.91,-20.2,True
1.05,0.03,0.95,0.3,0.2,1.0,0.0,4.84,-18.7,True
1.05,0.03,0.95,0.3,0.3,0.0,1.0,5.88,-22.49,True
1.05,0.03,0.95,0.3,0.3,0.25,0.75,5.87,-21.67,True
1.05,0.03,0.95,0.3,0.3,0.5,0.5,5.84,-20.77,True
1.05,0.03,0.95,0.3,0.3,0.75,0.25,5.82,-19.78,True
1.05,0.03,0.95,0.3,0.3,1.0,0.0,5.79,-18.69,True
1.05,0.03,0.95,0.4,0.0,0.0,1.0,2.07,-24.37,True
1.05,0.03,0.95,0.4,0.0,0.25,0.75,1.94,-22.8,True
1.05,0.03,0.95,0.4,0.0,0.5,0.5,1.81,-20.99,True
1.05,0.03,0.95,0.4,0.0,0.75,0.25,1.66,-18.91,True
1.05,0.03,0.95,0.4,0.0,1.0,0.0,1.5,-16.48,True
1.05,0.03,0.95,0.4,0.1,0.0,1.0,3.92,-25.2,True
1.05,0.03,0.95,0.4,0.1,0.25,0.75,3.84,-23.87,True
1.05,0.03,0.95,0.4,0.1,0.5,0.5,3.75,-22.37,True
1.05,0.03,0.95,0.4,0.1,0.75,0.25,3.65,-20.67,True
1.05,0.03,0.95,0.4,0.1,1.0,0.0,3.55,-18.72,True
1.05,0.03,0.95,0.4,0.2,0.0,1.0,4.89,-23.61,True
1.05,0.03,0.95,0.4,0.2,0.25,0.75,4.86,-22.57,True
1.05,0.03,0.95,0.4,0.2,0.5,0.5,4.83,-21.42,True
1.05,0.03,0.95,0.4,0.2,0.75,0.25,4.79,-20.14,True
1.05,0.03,0.95,0.4,0.2,1.0,0.0,4.74,-18.7,True
1.05,0.03,0.95,0.4,0.3,0.0,1.0,5.79,-22.32,True
1.05,0.03,0.95,0.4,0.3,0.25,0.75,5.78,-21.54,True
1.05,0.03,0.95,0.4,0.3,0.5,0.5,5.76,-20.68,True
1.05,0.03,0.95,0.4,0.3,0.75,0.25,5.75,-19.73,True
1.05,0.03,0.95,0.4,0.3,1.0,0.0,5.73,-18.69,True
1.05,0.03,0.97,0.1,0.0,0.0,1.0,0.74,-9.53,True
1.05,0.03,0.97,0.1,0.0,0.25,0.75,0.68,-8.59,True
1.05,0.03,0.97,0.1,0.0,0.5,0.5,0.61,-7.59,True
1.05,0.03,0.97,0.1,0.0,0.75,0.25,0.54,-6.53,True
1.05,0.03,0.97,0.1,0.0,1.0,0.0,0.48,-5.4,True
1.05,0.03,0.97,0.1,0.1,0.0,1.0,3.13,-14.23,True
1.05,0.03,0.97,0.1,0.1,0.25,0.75,3.08,-13.49,True
1.05,0.03,0.97,0.1,0.1,0.5,0.5,3.03,-12.7,True
1.05,0.03,0.97,0.1,0.1,0.75,0.25,2.98,-11.88,True
1.05,0.03,0.97,0.1,0.1,1.0,0.0,2.93,-11.0,True
1.05,0.03,0.97,0.1,0.2,0.0,1.0,4.69,-16.79,True
1.05,0.03,0.97,0.1,0.2,0.25,0.75,4.65,-16.15,True
1.05,0.03,0.97,0.1,0.2,0.5,0.5,4.61,-15.47,True
1.05,0.03,0.97,0.1,0.2,0.75,0.25,4.56,-14.76,True
1.05,0.03,0.97,0.1,0.2,1.0,0.0,4.52,-14.01,True
1.05,0.03,0.97,0.1,0.3,0.0,1.0,5.87,-18.4,True
1.05,0.03,0.97,0.1,0.3,0.25,0.75,5.83,-17.82,True
1.05,0.03,0.97,0.1,0.3,0.5,0.5,5.79,-17.21,True
1.05,0.03,0.97,0.1,0.3,0.75,0.25,5.75,-16.56,True
1.05,0.03,0.97,0.1,0.3,1.0,0.0,5.71,-15.89,True
1.05,0.03,0.97,0.2,0.0,0.0,1.0,1.33,-15.04,True
1.05,0.03,0.97,0.2,0.0,0.25,0.75,1.22,-13.78,True
1.05,0.03,0.97,0.2,0.0,0.5,0.5,1.11,-12.41,True
1.05,0.03,0.97,0.2,0.0,0.75,0.25,1.0,-10.89,True
1.05,0.03,0.97,0.2,0.0,1.0,0.0,0.88,-9.2,True
1.05,0.03,0.97,0.2,0.1,0.0,1.0,3.58,-18.53,True
1.05,0.03,0.97,0.2,0.1,0.25,0.75,3.5,-17.51,True
1.05,0.03,0.97,0.2,0.1,0.5,0.5,3.42,-16.39,True
1.05,0.03,0.97,0.2,0.1,0.75,0.25,3.33,-15.17,True
1.05,0.03,0.97,0.2,0.1,1.0,0.0,3.24,-13.82,True
1.05,0.03,0.97,0.2,0.2,0.0,1.0,5.1,-20.48,True
1.05,0.03,0.97,0.2,0.2,0.25,0.75,5.02,-19.58,True
1.05,0.03,0.97,0.2,0.2,0.5,0.5,4.95,-18.59,True
1.05,0.03,0.97,0.2,0.2,0.75,0.25,4.87,-17.52,True
1.05,0.03,0.97,0.2,0.2,1.0,0.0,4.79,-16.35,True
1.05,0.03,0.97,0.2,0.3,0.0,1.0,6.11,-20.98,True
1.05,0.03,0.97,0.2,0.3,0.25,0.75,6.06,-20.24,True
1.05,0.03,0.97,0.2,0.3,0.5,0.5,6.0,-19.43,True
1.05,0.03,0.97,0.2,0.3,0.75,0.25,5.95,-18.55,True
1.05,0.03,0.97,0.2,0.3,1.0,0.0,5.89,-17.58,True
1.05,0.03,0.97,0.3,0.0,0.0,1.0,1.8,-18.63,True
1.05,0.03,0.97,0.3,0.0,0.25,0.75,1.67,-17.27,True
1.05,0.03,0.97,0.3,0.0,0.5,0.5,1.53,-15.74,True
1.05,0.03,0.97,0.3,0.0,0.75,0.25,1.39,-14.01,True
1.05,0.03,0.97,0.3,0.0,1.0,0.0,1.23,-12.03,True
1.05,0.03,0.97,0.3,0.1,0.0,1.0,3.96,-21.42,True
1.05,0.03,0.97,0.3,0.1,0.25,0.75,3.86,-20.28,True
1.05,0.03,0.97,0.3,0.1,0.5,0.5,3.75,-19.01,True
1.05,0.03,0.97,0.3,0.1,0.75,0.25,3.63,-17.58,True
1.05,0.03,0.97,0.3,0.1,1.0,0.0,3.51,-15.97,True
1.05,0.03,0.97,0.3,0.2,0.0,1.0,5.12,-21.57,True
1.05,0.03,0.97,0.3,0.2,0.25,0.75,5.06,-20.65,True
1.05,0.03,0.97,0.3,0.2,0.5,0.5,5.0,-19.64,True
1.05,0.03,0.97,0.3,0.2,0.75,0.25,4.93,-18.52,True
1.05,0.03,0.97,0.3,0.2,1.0,0.0,4.85,-17.26,True
1.05,0.03,0.97,0.3,0.3,0.0,1.0,5.9,-20.8,True
1.05,0.03,0.97,0.3,0.3,0.25,0.75,5.88,-20.11,True
1.05,0.03,0.97,0.3,0.3,0.5,0.5,5.85,-19.36,True
1.05,0.03,0.97,0.3,0.3,0.75,0.25,5.82,-18.54,True
1.05,0.03,0.97,0.3,0.3,1.0,0.0,5.78,-17.63,True
1.05,0.03,0.97,0.4,0.0,0.0,1.0,2.18,-21.15,True
1.05,0.03,0.97,0.4,0.0,0.25,0.75,2.04,-19.77,True
1.05,0.03,0.97,0.4,0.0,0.5,0.5,1.89,-18.18,True
1.05,0.03,0.97,0.4,0.0,0.75,0.25,1.72,-16.35,True
1.05,0.03,0.97,0.4,0.0,1.0,0.0,1.54,-14.21,True
1.05,0.03,0.97,0.4,0.1,0.0,1.0,3.99,-22.37,True
1.05,0.03,0.97,0.4,0.1,0.25,0.75,3.89,-21.23,True
1.05,0.03,0.97,0.4,0.1,0.5,0.5,3.79,-19.94,True
1.05,0.03,0.97,0.4,0.1,0.75,0.25,3.68,-18.48,True
1.05,0.03,0.97,0.4,0.1,1.0,0.0,3.57,-16.81,True
1.05,0.03,0.97,0.4,0.2,0.0,1.0,4.91,-21.44,True
1.05,0.03,0.97,0.4,0.2,0.25,0.75,4.88,-20.56,True
1.05,0.03,0.97,0.4,0.2,0.5,0.5,4.84,-19.59,True
1.05,0.03,0.97,0.4,0.2,0.75,0.25,4.79,-18.51,True
1.05,0.03,0.97,0.4,0.2,1.0,0.0,4.74,-17.3,True
1.05,0.03,0.97,0.4,0.3,0.0,1.0,5.8,-20.7,True
1.05,0.03,0.97,0.4,0.3,0.25,0.75,5.78,-20.04,True
1.05,0.03,0.97,0.4,0.3,0.5,0.5,5.76,-19.33,True
1.05,0.03,0.97,0.4,0.3,0.75,0.25,5.74,-18.54,True
1.05,0.03,0.97,0.4,0.3,1.0,0.0,5.72,-17.67,True
1.05,0.03,0.99,0.1,0.0,0.0,1.0,0.89,-7.57,True
1.05,0.03,0.99,0.1,0.0,0.25,0.75,0.81,-6.81,True
1.05,0.03,0.99,0.1,0.0,0.5,0.5,0.73,-6.01,True
1.05,0.03,0.99,0.1,0.0,0.75,0.25,0.64,-5.15,True
1.05,0.03,0.99,0.1,0.0,1.0,0.0,0.56,-4.23,True
1.05,0.03,0.99,0.1,0.1,0.0,1.0,3.26,-12.44,True
1.05,0.03,0.99,0.1,0.1,0.25,0.75,3.2,-11.87,True
1.05,0.03,0.99,0.1,0.1,0.5,0.5,3.14,-11.27,True
1.05,0.03,0.99,0.1,0.1,0.75,0.25,3.07,-10.63,True
1.05,0.03,0.99,0.1,0.1,1.0,0.0,3.01,-9.96,True
1.05,0.03,0.99,0.1,0.2,0.0,1.0,4.82,-15.08,True
1.05,0.03,0.99,0.1,0.2,0.25,0.75,4.76,-14.6,True
1.05,0.03,0.99,0.1,0.2,0.5,0.5,4.71,-14.1,True
1.05,0.03,0.99,0.1,0.2,0.75,0.25,4.65,-13.57,True
1.05,0.03,0.99,0.1,0.2,1.0,0.0,4.6,-13.02,True
1.05,0.03,0.99,0.1,0.3,0.0,1.0,5.98,-16.74,True
1.05,0.03,0.99,0.1,0.3,0.25,0.75,5.94,-16.32,True
1.05,0.03,0.99,0.1,0.3,0.5,0.5,5.89,-15.87,True
1.05,0.03,0.99,0.1,0.3,0.75,0.25,5.83,-15.41,True
1.05,0.03,0.99,0.1,0.3,1.0,0.0,5.78,-14.92,True
1.05,0.03,0.99,0.2,0.0,0.0,1.0,1.59,-11.95,True
1.05,0.03,0.99,0.2,0.0,0.25,0.75,1.46,-10.94,True
1.05,0.03,0.99,0.2,0.0,0.5,0.5,1.33,-9.82,True
1.05,0.03,0.99,0.2,0.0,0.75,0.25,1.18,-8.59,True
1.05,0.03,0.99,0.2,0.0,1.0,0.0,1.04,-7.22,True
1.05,0.03,0.99,0.2,0.1,0.0,1.0,3.81,-15.63,True
1.05,0.03,0.99,0.2,0.1,0.25,0.75,3.71,-14.84,True
1.05,0.03,0.99,0.2,0.1,0.5,0.5,3.6,-13.97,True
1.05,0.03,0.99,0.2,0.1,0.75,0.25,3.49,-13.03,True
1.05,0.03,0.99,0.2,0.1,1.0,0.0,3.38,-11.98,True
1.05,0.03,0.99,0.2,0.2,0.0,1.0,5.31,-17.68,True
1.05,0.03,0.99,0.2,0.2,0.25,0.75,5.21,-17.0,True
1.05,0.03,0.99,0.2,0.2,0.5,0.5,5.12,-16.26,True
1.05,0.03,0.99,0.2,0.2,0.75,0.25,5.02,-15.46,True
1.05,0.03,0.99,0.2,0.2,1.0,0.0,4.92,-14.58,True
1.05,0.03,0.99,0.2,0.3,0.0,1.0,6.33,-18.62,True
1.05,0.03,0.99,0.2,0.3,0.25,0.75,6.25,-18.05,True
1.05,0.03,0.99,0.2,0.3,0.5,0.5,6.18,-17.43,True
1.05,0.03,0.99,0.2,0.3,0.75,0.25,6.1,-16.76,True
1.05,0.03,0.99,0.2,0.3,1.0,0.0,6.02,-16.03,True
1.05,0.03,0.99,0.3,0.0,0.0,1.0,2.16,-14.81,True
1.05,0.03,0.99,0.3,0.0,0.25,0.75,2.0,-13.7,True
1.05,0.03,0.99,0.3,0.0,0.5,0.5,1.83,-12.46,True
1.05,0.03,0.99,0.3,0.0,0.75,0.25,1.65,-11.05,True
1.05,0.03,0.99,0.3,0.0,1.0,0.0,1.46,-9.44,True
1.05,0.03,0.99,0.3,0.1,0.0,1.0,4.28,-17.78,True
1.05,0.03,0.99,0.3,0.1,0.25,0.75,4.14,-16.89,True
1.05,0.03,0.99,0.3,0.1,0.5,0.5,4.0,-15.9,True
1.05,0.03,0.99,0.3,0.1,0.75,0.25,3.86,-14.79,True
1.05,0.03,0.99,0.3,0.1,1.0,0.0,3.7,-13.53,True
1.05,0.03,0.99,0.3,0.2,0.0,1.0,5.43,-18.61,True
1.05,0.03,0.99,0.3,0.2,0.25,0.75,5.34,-17.89,True
1.05,0.03,0.99,0.3,0.2,0.5,0.5,5.24,-17.1,True
1.05,0.03,0.99,0.3,0.2,0.75,0.25,5.14,-16.22,True
1.05,0.03,0.99,0.3,0.2,1.0,0.0,5.03,-15.25,True
1.05,0.03,0.99,0.3,0.3,0.0,1.0,6.17,-18.62,True
1.05,0.03,0.99,0.3,0.3,0.25,0.75,6.12,-18.07,True
1.05,0.03,0.99,0.3,0.3,0.5,0.5,6.06,-17.47,True
1.05,0.03,0.99,0.3,0.3,0.75,0.25,6.0,-16.83,True
1.05,0.03,0.99,0.3,0.3,1.0,0.0,5.94,-16.12,True
1.05,0.03,0.99,0.4,0.0,0.0,1.0,2.65,-16.82,True
1.05,0.03,0.99,0.4,0.0,0.25,0.75,2.46,-15.68,True
1.05,0.03,0.99,0.4,0.0,0.5,0.5,2.26,-14.39,True
1.05,0.03,0.99,0.4,0.0,0.75,0.25,2.05,-12.9,True
1.05,0.03,0.99,0.4,0.0,1.0,0.0,1.82,-11.15,True
1.05,0.03,0.99,0.4,0.1,0.0,1.0,4.4,-18.6,True
1.05,0.03,0.99,0.4,0.1,0.25,0.75,4.27,-17.69,True
1.05,0.03,0.99,0.4,0.1,0.5,0.5,4.12,-16.66,True
1.05,0.03,0.99,0.4,0.1,0.75,0.25,3.97,-15.5,True
1.05,0.03,0.99,0.4,0.1,1.0,0.0,3.81,-14.18,True
1.05,0.03,0.99,0.4,0.2,0.0,1.0,5.27,-18.61,True
1.05,0.03,0.99,0.4,0.2,0.25,0.75,5.2,-17.9,True
1.05,0.03,0.99,0.4,0.2,0.5,0.5,5.12,-17.12,True
1.05,0.03,0.99,0.4,0.2,0.75,0.25,5.03,-16.27,True
1.05,0.03,0.99,0.4,0.2,1.0,0.0,4.94,-15.32,True
1.05,0.03,0.99,0.4,0.3,0.0,1.0,6.08,-18.62,True
1.05,0.03,0.99,0.4,0.3,0.25,0.75,6.04,-18.08,True
1.05,0.03,0.99,0.4,0.3,0.5,0.5,5.99,-17.5,True
1.05,0.03,0.99,0.4,0.3,0.75,0.25,5.94,-16.87,True
1.05,0.03,0.99,0.4,0.3,1.0,0.0,5.88,-16.18,True
1.05,0.03,1.0,0.1,0.0,0.0,1.0,-0.14,-2.52,True
1.05,0.03,1.0,0.1,0.0,0.25,0.75,-0.13,-2.3,True
1.05,0.03,1.0,0.1,0.0,0.5,0.5,-0.12,-2.08,True
1.05,0.03,1.0,0.1,0.0,0.75,0.25,-0.1,-1.86,True
1.05,0.03,1.0,0.1,0.0,1.0,0.0,-0.09,-1.64,True
1.05,0.03,1.0,0.1,0.1,0.0,1.0,2.49,-7.4,True
1.05,0.03,1.0,0.1,0.1,0.25,0.75,2.5,-7.38,True
1.05,0.03,1.0,0.1,0.1,0.5,0.5,2.51,-7.36,True
1.05,0.03,1.0,0.1,0.1,0.75,0.25,2.52,-7.34,True
1.05,0.03,1.0,0.1,0.1,1.0,0.0,2.53,-7.32,True
1.05,0.03,1.0,0.1,0.2,0.0,1.0,4.15,-11.21,True
1.05,0.03,1.0,0.1,0.2,0.25,0.75,4.16,-11.18,True
1.05,0.03,1.0,0.1,0.2,0.5,0.5,4.17,-11.16,True
1.05,0.03,1.0,0.1,0.2,0.75,0.25,4.18,-11.13,True
1.05,0.03,1.0,0.1,0.2,1.0,0.0,4.18,-11.1,True
1.05,0.03,1.0,0.1,0.3,0.0,1.0,5.38,-13.53,True
1.05,0.03,1.0,0.1,0.3,0.25,0.75,5.38,-13.5,True
1.05,0.03,1.0,0.1,0.3,0.5,0.5,5.39,-13.47,True
1.05,0.03,1.0,0.1,0.3,0.75,0.25,5.4,-13.44,True
1.05,0.03,1.0,0.1,0.3,1.0,0.0,5.4,-13.41,True
1.05,0.03,1.0,0.2,0.0,0.0,1.0,-0.28,-5.0,True
1.05,0.03,1.0,0.2,0.0,0.25,0.75,-0.26,-4.57,True
1.05,0.03,1.0,0.2,0.0,0.5,0.5,-0.23,-4.14,True
1.05,0.03,1.0,0.2,0.0,0.75,0.25,-0.21,-3.71,True
1.05,0.03,1.0,0.2,0.0,1.0,0.0,-0.18,-3.28,True
1.05,0.03,1.0,0.2,0.1,0.0,1.0,2.39,-7.62,True
1.05,0.03,1.0,0.2,0.1,0.25,0.75,2.41,-7.58,True
1.05,0.03,1.0,0.2,0.1,0.5,0.5,2.43,-7.54,True
1.05,0.03,1.0,0.2,0.1,0.75,0.25,2.45,-7.5,True
1.05,0.03,1.0,0.2,0.1,1.0,0.0,2.46,-7.46,True
1.05,0.03,1.0,0.2,0.2,0.0,1.0,4.07,-11.51,True
1.05,0.03,1.0,0.2,0.2,0.25,0.75,4.09,-11.45,True
1.05,0.03,1.0,0.2,0.2,0.5,0.5,4.1,-11.4,True
1.05,0.03,1.0,0.2,0.2,0.75,0.25,4.11,-11.35,True
1.05,0.03,1.0,0.2,0.2,1.0,0.0,4.13,-11.3,True
1.05,0.03,1.0,0.2,0.3,0.0,1.0,5.3,-13.87,True
1.05,0.03,1.0,0.2,0.3,0.25,0.75,5.31,-13.81,True
1.05,0.03,1.0,0.2,0.3,0.5,0.5,5.33,-13.75,True
1.05,0.03,1.0,0.2,0.3,0.75,0.25,5.34,-13.69,True
1.05,0.03,1.0,0.2,0.3,1.0,0.0,5.35,-13.63,True
1.05,0.03,1.0,0.3,0.0,0.0,1.0,-0.43,-7.46,True
1.05,0.03,1.0,0.3,0.0,0.25,0.75,-0.39,-6.82,True
1.05,0.03,1.0,0.3,0.0,0.5,0.5,-0.35,-6.18,True
1.05,0.03,1.0,0.3,0.0,0.75,0.25,-0.31,-5.54,True
1.05,0.03,1.0,0.3,0.0,1.0,0.0,-0.27,-4.89,True
1.05,0.03,1.0,0.3,0.1,0.0,1.0,2.29,-7.84,True
1.05,0.03,1.0,0.3,0.1,0.25,0.75,2.32,-7.78,True
1.05,0.03,1.0,0.3,0.1,0.5,0.5,2.35,-7.72,True
1.05,0.03,1.0,0.3,0.1,0.75,0.25,2.37,-7.66,True
1.05,0.03,1.0,0.3,0.1,1.0,0.0,2.4,-7.61,True
1.05,0.03,1.0,0.3,0.2,0.0,1.0,3.99,-11.82,True
1.05,0.03,1.0,0.3,0.2,0.25,0.75,4.01,-11.74,True
1.05,0.03,1.0,0.3,0.2,0.5,0.5,4.03,-11.66,True
1.05,0.03,1.0,0.3,0.2,0.75,0.25,4.05,-11.58,True
1.05,0.03,1.0,0.3,0.2,1.0,0.0,4.08,-11.5,True
1.05,0.03,1.0,0.3,0.3,0.0,1.0,5.23,-14.22,True
1.05,0.03,1.0,0.3,0.3,0.25,0.75,5.25,-14.13,True
1.05,0.03,1.0,0.3,0.3,0.5,0.5,5.27,-14.04,True
1.05,0.03,1.0,0.3,0.3,0.75,0.25,5.29,-13.95,True
1.05,0.03,1.0,0.3,0.3,1.0,0.0,5.31,-13.86,True
1.05,0.03,1.0,0.4,0.0,0.0,1.0,-0.57,-9.89,True
1.05,0.03,1.0,0.4,0.0,0.25,0.75,-0.52,-9.05,True
1.05,0.03,1.0,0.4,0.0,0.5,0.5,-0.47,-8.2,True
1.05,0.03,1.0,0.4,0.0,0.75,0.25,-0.42,-7.35,True
1.05,0.03,1.0,0.4,0.0,1.0,0.0,-0.37,-6.5,True
1.05,0.03,1.0,0.4,0.1,0.0,1.0,2.19,-8.07,True
1.05,0.03,1.0,0.4,0.1,0.25,0.75,2.23,-7.99,True
1.05,0.03,1.0,0.4,0.1,0.5,0.5,2.26,-7.91,True
1.05,0.03,1.0,0.4,0.1,0.75,0.25,2.3,-7.83,True
1.05,0.03,1.0,0.4,0.1,1.0,0.0,2.33,-7.75,True
1.05,0.03,1.0,0.4,0.2,0.0,1.0,3.9,-12.14,True
1.05,0.03,1.0,0.4,0.2,0.25,0.75,3.93,-12.02,True
1.05,0.03,1.0,0.4,0.2,0.5,0.5,3.96,-11.91,True
1.05,0.03,1.0,0.4,0.2,0.75,0.25,3.99,-11.8,True
1.05,0.03,1.0,0.4,0.2,1.0,0.0,4.02,-11.7,True
1.05,0.03,1.0,0.4,0.3,0.0,1.0,5.18,-14.42,True
1.05,0.03,1.0,0.4,0.3,0.25,0.75,5.21,-14.32,True
1.05,0.03,1.0,0.4,0.3,0.5,0.5,5.23,-14.21,True
1.05,0.03,1.0,0.4,0.3,0.75,0.25,5.25,-14.11,True
1.05,0.03,1.0,0.4,0.3,1.0,0.0,5.27,-14.0,True
1.05,0.03,1.01,0.1,0.0,0.0,1.0,-0.14,-2.52,True
1.05,0.03,1.01,0.1,0.0,0.25,0.75,-0.13,-2.3,True
1.05,0.03,1.01,0.1,0.0,0.5,0.5,-0.12,-2.08,True
1.05,0.03,1.01,0.1,0.0,0.75,0.25,-0.1,-1.86,True
1.05,0.03,1.01,0.1,0.0,1.0,0.0,-0.09,-1.64,True
1.05,0.03,1.01,0.1,0.1,0.0,1.0,2.49,-7.4,True
1.05,0.03,1.01,0.1,0.1,0.25,0.75,2.5,-7.38,True
1.05,0.03,1.01,0.1,0.1,0.5,0.5,2.51,-7.36,True
1.05,0.03,1.01,0.1,0.1,0.75,0.25,2.52,-7.34,True
1.05,0.03,1.01,0.1,0.1,1.0,0.0,2.53,-7.32,True
1.05,0.03,1.01,0.1,0.2,0.0,1.0,4.15,-11.21,True
1.05,0.03,1.01,0.1,0.2,0.25,0.75,4.16,-11.18,True
1.05,0.03,1.01,0.1,0.2,0.5,0.5,4.17,-11.16,True
1.05,0.03,1.01,0.1,0.2,0.75,0.25,4.18,-11.13,True
1.05,0.03,1.01,0.1,0.2,1.0,0.0,4.18,-11.1,True
1.05,0.03,1.01,0.1,0.3,0.0,1.0,5.38,-13.53,True
1.05,0.03,1.01,0.1,0.3,0.25,0.75,5.38,-13.5,True
1.05,0.03,1.01,0.1,0.3,0.5,0.5,5.39,-13.47,True
1.05,0.03,1.01,0.1,0.3,0.75,0.25,5.4,-13.44,True
1.05,0.03,1.01,0.1,0.3,1.0,0.0,5.4,-13.41,True
1.05,0.03,1.01,0.2,0.0,0.0,1.0,-0.28,-5.0,True
1.05,0.03,1.01,0.2,0.0,0.25,0.75,-0.26,-4.57,True
1.05,0.03,1.01,0.2,0.0,0.5,0.5,-0.23,-4.14,True
1.05,0.03,1.01,0.2,0.0,0.75,0.25,-0.21,-3.71,True
1.05,0.03,1.01,0.2,0.0,1.0,0.0,-0.18,-3.28,True
1.05,0.03,1.01,0.2,0.1,0.0,1.0,2.39,-7.62,True
1.05,0.03,1.01,0.2,0.1,0.25,0.75,2.41,-7.58,True
1.05,0.03,1.01,0.2,0.1,0.5,0.5,2.43,-7.54,True
1.05,0.03,1.01,0.2,0.1,0.75,0.25,2.45,-7.5,True
1.05,0.03,1.01,0.2,0.1,1.0,0.0,2.46,-7.46,True
1.05,0.03,1.01,0.2,0.2,0.0,1.0,4.07,-11.51,True
1.05,0.03,1.01,0.2,0.2,0.25,0.75,4.09,-11.45,True
1.05,0.03,1.01,0.2,0.2,0.5,0.5,4.1,-11.4,True
1.05,0.03,1.01,0.2,0.2,0.75,0.25,4.11,-11.35,True
1.05,0.03,1.01,0.2,0.2,1.0,0.0,4.13,-11.3,True
1.05,0.03,1.01,0.2,0.3,0.0,1.0,5.3,-13.87,True
1.05,0.03,1.01,0.2,0.3,0.25,0.75,5.31,-13.81,True
1.05,0.03,1.01,0.2,0.3,0.5,0.5,5.33,-13.75,True
1.05,0.03,1.01,0.2,0.3,0.75,0.25,5.34,-13.69,True
1.05,0.03,1.01,0.2,0.3,1.0,0.0,5.35,-13.63,True
1.05,0.03,1.01,0.3,0.0,0.0,1.0,-0.43,-7.46,True
1.05,0.03,1.01,0.3,0.0,0.25,0.75,-0.39,-6.82,True
1.05,0.03,1.01,0.3,0.0,0.5,0.5,-0.35,-6.18,True
1.05,0.03,1.01,0.3,0.0,0.75,0.25,-0.31,-5.54,True
1.05,0.03,1.01,0.3,0.0,1.0,0.0,-0.27,-4.89,True
1.05,0.03,1.01,0.3,0.1,0.0,1.0,2.29,-7.84,True
1.05,0.03,1.01,0.3,0.1,0.25,0.75,2.32,-7.78,True
1.05,0.03,1.01,0.3,0.1,0.5,0.5,2.35,-7.72,True
1.05,0.03,1.01,0.3,0.1,0.75,0.25,2.37,-7.66,True
1.05,0.03,1.01,0.3,0.1,1.0,0.0,2.4,-7.61,True
1.05,0.03,1.01,0.3,0.2,0.0,1.0,3.99,-11.82,True
1.05,0.03,1.01,0.3,0.2,0.25,0.75,4.01,-11.74,True
1.05,0.03,1.01,0.3,0.2,0.5,0.5,4.03,-11.66,True
1.05,0.03,1.01,0.3,0.2,0.75,0.25,4.05,-11.58,True
1.05,0.03,1.01,0.3,0.2,1.0,0.0,4.08,-11.5,True
1.05,0.03,1.01,0.3,0.3,0.0,1.0,5.23,-14.22,True
1.05,0.03,1.01,0.3,0.3,0.25,0.75,5.25,-14.13,True
1.05,0.03,1.01,0.3,0.3,0.5,0.5,5.27,-14.04,True
1.05,0.03,1.01,0.3,0.3,0.75,0.25,5.29,-13.95,True
1.05,0.03,1.01,0.3,0.3,1.0,0.0,5.31,-13.86,True
1.05,0.03,1.01,0.4,0.0,0.0,1.0,-0.57,-9.89,True
1.05,0.03,1.01,0.4,0.0,0.25,0.75,-0.52,-9.05,True
1.05,0.03,1.01,0.4,0.0,0.5,0.5,-0.47,-8.2,True
1.05,0.03,1.01,0.4,0.0,0.75,0.25,-0.42,-7.35,True
1.05,0.03,1.01,0.4,0.0,1.0,0.0,-0.37,-6.5,True
1.05,0.03,1.01,0.4,0.1,0.0,1.0,2.19,-8.07,True
1.05,0.03,1.01,0.4,0.1,0.25,0.75,2.23,-7.99,True
1.05,0.03,1.01,0.4,0.1,0.5,0.5,2.26,-7.91,True
1.05,0.03,1.01,0.4,0.1,0.75,0.25,2.3,-7.83,True
1.05,0.03,1.01,0.4,0.1,1.0,0.0,2.33,-7.75,True
1.05,0.03,1.01,0.4,0.2,0.0,1.0,3.9,-12.14,True
1.05,0.03,1.01,0.4,0.2,0.25,0.75,3.93,-12.02,True
1.05,0.03,1.01,0.4,0.2,0.5,0.5,3.96,-11.91,True
1.05,0.03,1.01,0.4,0.2,0.75,0.25,3.99,-11.8,True
1.05,0.03,1.01,0.4,0.2,1.0,0.0,4.02,-11.7,True
1.05,0.03,1.01,0.4,0.3,0.0,1.0,5.18,-14.42,True
1.05,0.03,1.01,0.4,0.3,0.25,0.75,5.21,-14.32,True
1.05,0.03,1.01,0.4,0.3,0.5,0.5,5.23,-14.21,True
1.05,0.03,1.01,0.4,0.3,0.75,0.25,5.25,-14.11,True
1.05,0.03,1.01,0.4,0.3,1.0,0.0,5.27,-14.0,True
1.05,0.03,1.02,0.1,0.0,0.0,1.0,-0.09,-2.42,True
1.05,0.03,1.02,0.1,0.0,0.25,0.75,-0.08,-2.22,True
1.05,0.03,1.02,0.1,0.0,0.5,0.5,-0.07,-2.02,True
1.05,0.03,1.02,0.1,0.0,0.75,0.25,-0.06,-1.82,True
1.05,0.03,1.02,0.1,0.0,1.0,0.0,-0.06,-1.62,True
1.05,0.03,1.02,0.1,0.1,0.0,1.0,2.53,-7.32,True
1.05,0.03,1.02,0.1,0.1,0.25,0.75,2.53,-7.31,True
1.05,0.03,1.02,0.1,0.1,0.5,0.5,2.54,-7.3,True
1.05,0.03,1.02,0.1,0.1,0.75,0.25,2.54,-7.29,True
1.05,0.03,1.02,0.1,0.1,1.0,0.0,2.55,-7.28,True
1.05,0.03,1.02,0.1,0.2,0.0,1.0,4.18,-11.11,True
1.05,0.03,1.02,0.1,0.2,0.25,0.75,4.19,-11.09,True
1.05,0.03,1.02,0.1,0.2,0.5,0.5,4.19,-11.07,True
1.05,0.03,1.02,0.1,0.2,0.75,0.25,4.2,-11.06,True
1.05,0.03,1.02,0.1,0.2,1.0,0.0,4.2,-11.04,True
1.05,0.03,1.02,0.1,0.3,0.0,1.0,5.4,-13.42,True
1.05,0.03,1.02,0.1,0.3,0.25,0.75,5.41,-13.4,True
1.05,0.03,1.02,0.1,0.3,0.5,0.5,5.41,-13.38,True
1.05,0.03,1.02,0.1,0.3,0.75,0.25,5.41,-13.36,True
1.05,0.03,1.02,0.1,0.3,1.0,0.0,5.42,-13.34,True
1.05,0.03,1.02,0.2,0.0,0.0,1.0,-0.17,-4.83,True
1.05,0.03,1.02,0.2,0.0,0.25,0.75,-0.16,-4.43,True
1.05,0.03,1.02,0.2,0.0,0.5,0.5,-0.15,-4.04,True
1.05,0.03,1.02,0.2,0.0,0.75,0.25,-0.13,-3.64,True
1.05,0.03,1.02,0.2,0.0,1.0,0.0,-0.12,-3.24,True
1.05,0.03,1.02,0.2,0.1,0.0,1.0,2.46,-7.46,True
1.05,0.03,1.02,0.2,0.1,0.25,0.75,2.48,-7.44,True
1.05,0.03,1.02,0.2,0.1,0.5,0.5,2.49,-7.42,True
1.05,0.03,1.02,0.2,0.1,0.75,0.25,2.5,-7.39,True
1.05,0.03,1.02,0.2,0.1,1.0,0.0,2.51,-7.37,True
1.05,0.03,1.02,0.2,0.2,0.0,1.0,4.13,-11.3,True
1.05,0.03,1.02,0.2,0.2,0.25,0.75,4.14,-11.27,True
1.05,0.03,1.02,0.2,0.2,0.5,0.5,4.15,-11.24,True
1.05,0.03,1.02,0.2,0.2,0.75,0.25,4.16,-11.21,True
1.05,0.03,1.02,0.2,0.2,1.0,0.0,4.17,-11.17,True
1.05,0.03,1.02,0.2,0.3,0.0,1.0,5.35,-13.65,True
1.05,0.03,1.02,0.2,0.3,0.25,0.75,5.36,-13.61,True
1.05,0.03,1.02,0.2,0.3,0.5,0.5,5.37,-13.57,True
1.05,0.03,1.02,0.2,0.3,0.75,0.25,5.38,-13.53,True
1.05,0.03,1.02,0.2,0.3,1.0,0.0,5.39,-13.5,True
1.05,0.03,1.02,0.3,0.0,0.0,1.0,-0.27,-7.22,True
1.05,0.03,1.02,0.3,0.0,0.25,0.75,-0.24,-6.63,True
1.05,0.03,1.02,0.3,0.0,0.5,0.5,-0.22,-6.04,True
1.05,0.03,1.02,0.3,0.0,0.75,0.25,-0.2,-5.44,True
1.05,0.03,1.02,0.3,0.0,1.0,0.0,-0.18,-4.85,True
1.05,0.03,1.02,0.3,0.1,0.0,1.0,2.4,-7.61,True
1.05,0.03,1.02,0.3,0.1,0.25,0.75,2.42,-7.57,True
1.05,0.03,1.02,0.3,0.1,0.5,0.5,2.43,-7.54,True
1.05,0.03,1.02,0.3,0.1,0.75,0.25,2.45,-7.5,True
1.05,0.03,1.02,0.3,0.1,1.0,0.0,2.46,-7.47,True
1.05,0.03,1.02,0.3,0.2,0.0,1.0,4.07,-11.51,True
1.05,0.03,1.02,0.3,0.2,0.25,0.75,4.09,-11.46,True
1.05,0.03,1.02,0.3,0.2,0.5,0.5,4.1,-11.41,True
1.05,0.03,1.02,0.3,0.2,0.75,0.25,4.11,-11.36,True
1.05,0.03,1.02,0.3,0.2,1.0,0.0,4.13,-11.31,True
1.05,0.03,1.02,0.3,0.3,0.0,1.0,5.3,-13.88,True
1.05,0.03,1.02,0.3,0.3,0.25,0.75,5.31,-13.82,True
1.05,0.03,1.02,0.3,0.3,0.5,0.5,5.33,-13.76,True
1.05,0.03,1.02,0.3,0.3,0.75,0.25,5.34,-13.71,True
1.05,0.03,1.02,0.3,0.3,1.0,0.0,5.35,-13.65,True
1.05,0.03,1.02,0.4,0.0,0.0,1.0,-0.36,-9.59,True
1.05,0.03,1.02,0.4,0.0,0.25,0.75,-0.33,-8.81,True
1.05,0.03,1.02,0.4,0.0,0.5,0.5,-0.3,-8.03,True
1.05,0.03,1.02,0.4,0.0,0.75,0.25,-0.27,-7.24,True
1.05,0.03,1.02,0.4,0.0,1.0,0.0,-0.24,-6.45,True
1.05,0.03,1.02,0.4,0.1,0.0,1.0,2.33,-7.76,True
1.05,0.03,1.02,0.4,0.1,0.25,0.75,2.35,-7.71,True
1.05,0.03,1.02,0.4,0.1,0.5,0.5,2.38,-7.66,True
1.05,0.03,1.02,0.4,0.1,0.75,0.25,2.4,-7.61,True
1.05,0.03,1.02,0.4,0.1,1.0,0.0,2.42,-7.56,True
1.05,0.03,1.02,0.4,0.2,0.0,1.0,4.01,-11.72,True
1.05,0.03,1.02,0.4,0.2,0.25,0.75,4.03,-11.65,True
1.05,0.03,1.02,0.4,0.2,0.5,0.5,4.05,-11.58,True
1.05,0.03,1.02,0.4,0.2,0.75,0.25,4.07,-11.51,True
1.05,0.03,1.02,0.4,0.2,1.0,0.0,4.09,-11.44,True
1.05,0.03,1.02,0.4,0.3,0.0,1.0,5.26,-14.05,True
1.05,0.03,1.02,0.4,0.3,0.25,0.75,5.28,-13.97,True
1.05,0.03,1.02,0.4,0.3,0.5,0.5,5.3,-13.9,True
1.05,0.03,1.02,0.4,0.3,0.75,0.25,5.31,-13.83,True
1.05,0.03,1.02,0.4,0.3,1.0,0.0,5.33,-13.76,True
1.06,0.005,0.95,0.1,0.0,0.0,1.0,11.6,-26.93,True
1.06,0.005,0.95,0.1,0.0,0.25,0.75,10.99,-25.35,True
1.06,0.005,0.95,0.1,0.0,0.5,0.5,10.32,-23.51,True
1.06,0.005,0.95,0.1,0.0,0.75,0.25,9.58,-21.34,True
1.06,0.005,0.95,0.1,0.0,1.0,0.0,8.77,-18.74,True
1.06,0.005,0.95,0.1,0.1,0.0,1.0,11.85,-26.6,True
1.06,0.005,0.95,0.1,0.1,0.25,0.75,11.29,-25.03,True
1.06,0.005,0.95,0.1,0.1,0.5,0.5,10.69,-23.23,True
1.06,0.005,0.95,0.1,0.1,0.75,0.25,10.04,-21.15,True
1.06,0.005,0.95,0.1,0.1,1.0,0.0,9.34,-18.74,True
1.06,0.005,0.95,0.1,0.2,0.0,1.0,12.05,-26.25,True
1.06,0.005,0.95,0.1,0.2,0.25,0.75,11.55,-24.7,True
1.06,0.005,0.95,0.1,0.2,0.5,0.5,11.01,-22.96,True
1.06,0.005,0.95,0.1,0.2,0.75,0.25,10.44,-20.97,True
1.06,0.005,0.95,0.1,0.2,1.0,0.0,9.83,-18.73,True
1.06,0.005,0.95,0.1,0.3,0.0,1.0,12.21,-25.88,True
1.06,0.005,0.95,0.1,0.3,0.25,0.75,11.75,-24.37,True
1.06,0.005,0.95,0.1,0.3,0.5,0.5,11.27,-22.68,True
1.06,0.005,0.95,0.1,0.3,0.75,0.25,10.76,-20.8,True
1.06,0.005,0.95,0.1,0.3,1.0,0.0,10.24,-18.72,True
1.06,0.005,0.95,0.2,0.0,0.0,1.0,14.32,-26.93,True
1.06,0.005,0.95,0.2,0.0,0.25,0.75,13.51,-25.37,True
1.06,0.005,0.95,0.2,0.0,0.5,0.5,12.64,-23.54,True
1.06,0.005,0.95,0.2,0.0,0.75,0.25,11.69,-21.37,True
1.06,0.005,0.95,0.2,0.0,1.0,0.0,10.67,-18.74,True
1.06,0.005,0.95,0.2,0.1,0.0,1.0,14.2,-26.7,True
1.06,0.005,0.95,0.2,0.1,0.25,0.75,13.44,-25.14,True
1.06,0.005,0.95,0.2,0.1,0.5,0.5,12.63,-23.34,True
1.06,0.005,0.95,0.2,0.1,0.75,0.25,11.77,-21.23,True
1.06,0.005,0.95,0.2,0.1,1.0,0.0,10.84,-18.74,True
1.06,0.005,0.95,0.2,0.2,0.0,1.0,14.08,-26.44,True
1.06,0.005,0.95,0.2,0.2,0.25,0.75,13.37,-24.89,True
1.06,0.005,0.95,0.2,0.2,0.5,0.5,12.63,-23.11,True
1.06,0.005,0.95,0.2,0.2,0.75,0.25,11.84,-21.07,True
1.06,0.005,0.95,0.2,0.2,1.0,0.0,11.01,-18.73,True
1.06,0.005,0.95,0.2,0.3,0.0,1.0,13.96,-26.14,True
1.06,0.005,0.95,0.2,0.3,0.25,0.75,13.31,-24.61,True
1.06,0.005,0.95,0.2,0.3,0.5,0.5,12.62,-22.87,True
1.06,0.005,0.95,0.2,0.3,0.75,0.25,11.91,-20.91,True
1.06,0.005,0.95,0.2,0.3,1.0,0.0,11.16,-18.72,True
1.06,0.005,0.95,0.3,0.0,0.0,1.0,15.17,-26.93,True
1.06,0.005,0.95,0.3,0.0,0.25,0.75,14.3,-25.37,True
1.06,0.005,0.95,0.3,0.0,0.5,0.5,13.36,-23.54,True
1.06,0.005,0.95,0.3,0.0,0.75,0.25,12.35,-21.37,True
1.06,0.005,0.95,0.3,0.0,1.0,0.0,11.26,-18.74,True
1.06,0.005,0.95,0.3,0.1,0.0,1.0,14.99,-26.72,True
1.06,0.005,0.95,0.3,0.1,0.25,0.75,14.16,-25.16,True
1.06,0.005,0.95,0.3,0.1,0.5,0.5,13.28,-23.35,True
1.06,0.005,0.95,0.3,0.1,0.75,0.25,12.35,-21.23,True
1.06,0.005,0.95,0.3,0.1,1.0,0.0,11.35,-18.74,True
1.06,0.005,0.95,0.3,0.2,0.0,1.0,14.81,-26.49,True
1.06,0.005,0.95,0.3,0.2,0.25,0.75,14.03,-24.93,True
1.06,0.005,0.95,0.3,0.2,0.5,0.5,13.21,-23.14,True
1.06,0.005,0.95,0.3,0.2,0.75,0.25,12.34,-21.09,True
1.06,0.005,0.95,0.3,0.2,1.0,0.0,11.44,-18.73,True
1.06,0.005,0.95,0.3,0.3,0.0,1.0,14.62,-26.21,True
1.06,0.005,0.95,0.3,0.3,0.25,0.75,13.89,-24.67,True
1.06,0.005,0.95,0.3,0.3,0.5,0.5,13.12,-22.91,True
1.06,0.005,0.95,0.3,0.3,0.75,0.25,12.33,-20.94,True
1.06,0.005,0.95,0.3,0.3,1.0,0.0,11.51,-18.73,True
1.06,0.005,0.95,0.4,0.0,0.0,1.0,15.73,-26.93,True
1.06,0.005,0.95,0.4,0.0,0.25,0.75,14.81,-25.37,True
1.06,0.005,0.95,0.4,0.0,0.5,0.5,13.83,-23.54,True
1.06,0.005,0.95,0.4,0.0,0.75,0.25,12.77,-21.36,True
1.06,0.005,0.95,0.4,0.0,1.0,0.0,11.63,-18.74,True
1.06,0.005,0.95,0.4,0.1,0.0,1.0,15.55,-26.74,True
1.06,0.005,0.95,0.4,0.1,0.25,0.75,14.67,-25.18,True
1.06,0.005,0.95,0.4,0.1,0.5,0.5,13.74,-23.36,True
1.06,0.005,0.95,0.4,0.1,0.75,0.25,12.75,-21.24,True
1.06,0.005,0.95,0.4,0.1,1.0,0.0,11.7,-18.74,True
1.06,0.005,0.95,0.4,0.2,0.0,1.0,15.35,-26.53,True
1.06,0.005,0.95,0.4,0.2,0.25,0.75,14.52,-24.96,True
1.06,0.005,0.95,0.4,0.2,0.5,0.5,13.65,-23.17,True
1.06,0.005,0.95,0.4,0.2,0.75,0.25,12.73,-21.11,True
1.06,0.005,0.95,0.4,0.2,1.0,0.0,11.77,-18.73,True
1.06,0.005,0.95,0.4,0.3,0.0,1.0,15.13,-26.27,True
1.06,0.005,0.95,0.4,0.3,0.25,0.75,14.34,-24.72,True
1.06,0.005,0.95,0.4,0.3,0.5,0.5,13.52,-22.95,True
1.06,0.005,0.95,0.4,0.3,0.75,0.25,12.67,-20.96,True
1.06,0.005,0.95,0.4,0.3,1.0,0.0,11.78,-18.73,True
1.06,0.005,0.97,0.1,0.0,0.0,1.0,8.58,-23.38,True
1.06,0.005,0.97,0.1,0.0,0.25,0.75,8.1,-21.98,True
1.06,0.005,0.97,0.1,0.0,0.5,0.5,7.58,-20.36,True
1.06,0.005,0.97,0.1,0.0,0.75,0.25,7.04,-18.45,True
1.06,0.005,0.97,0.1,0.0,1.0,0.0,6.45,-16.16,True
1.06,0.005,0.97,0.1,0.1,0.0,1.0,9.34,-22.93,True
1.06,0.005,0.97,0.1,0.1,0.25,0.75,8.92,-21.63,True
1.06,0.005,0.97,0.1,0.1,0.5,0.5,8.49,-20.16,True
1.06,0.005,0.97,0.1,0.1,0.75,0.25,8.03,-18.48,True
1.06,0.005,0.97,0.1,0.1,1.0,0.0,7.55,-16.55,True
1.06,0.005,0.97,0.1,0.2,0.0,1.0,9.93,-22.52,True
1.06,0.005,0.97,0.1,0.2,0.25,0.75,9.56,-21.32,True
1.06,0.005,0.97,0.1,0.2,0.5,0.5,9.18,-19.99,True
1.06,0.005,0.97,0.1,0.2,0.75,0.25,8.79,-18.51,True
1.06,0.005,0.97,0.1,0.2,1.0,0.0,8.39,-16.86,True
1.06,0.005,0.97,0.1,0.3,0.0,1.0,10.43,-22.15,True
1.06,0.005,0.97,0.1,0.3,0.25,0.75,10.11,-21.04,True
1.06,0.005,0.97,0.1,0.3,0.5,0.5,9.76,-19.84,True
1.06,0.005,0.97,0.1,0.3,0.75,0.25,9.4,-18.53,True
1.06,0.005,0.97,0.1,0.3,1.0,0.0,9.03,-17.13,True
1.06,0.005,0.97,0.2,0.0,0.0,1.0,10.38,-26.94,True
1.06,0.005,0.97,0.2,0.0,0.25,0.75,9.79,-24.87,True
1.06,0.005,0.97,0.2,0.0,0.5,0.5,9.16,-22.77,True
1.06,0.005,0.97,0.2,0.0,0.75,0.25,8.48,-20.64,True
1.06,0.005,0.97,0.2,0.0,1.0,0.0,7.76,-18.48,True
1.06,0.005,0.97,0.2,0.1,0.0,1.0,10.67,-23.0,True
1.06,0.005,0.97,0.2,0.1,0.25,0.75,10.14,-21.7,True
1.06,0.005,0.97,0.2,0.1,0.5,0.5,9.59,-20.21,True
1.06,0.005,0.97,0.2,0.1,0.75,0.25,9.01,-18.5,True
1.06,0.005,0.97,0.2,0.1,1.0,0.0,8.41,-16.51,True
1.06,0.005,0.97,0.2,0.2,0.0,1.0,10.86,-22.6,True
1.06,0.005,0.97,0.2,0.2,0.25,0.75,10.39,-21.39,True
1.06,0.005,0.97,0.2,0.2,0.5,0.5,9.91,-20.03,True
1.06,0.005,0.97,0.2,0.2,0.75,0.25,9.41,-18.51,True
1.06,0.005,0.97,0.2,0.2,1.0,0.0,8.9,-16.82,True
1.06,0.005,0.97,0.2,0.3,0.0,1.0,10.91,-22.17,True
1.06,0.005,0.97,0.2,0.3,0.25,0.75,10.51,-21.06,True
1.06,0.005,0.97,0.2,0.3,0.5,0.5,10.1,-19.85,True
1.06,0.005,0.97,0.2,0.3,0.75,0.25,9.69,-18.53,True
1.06,0.005,0.97,0.2,0.3,1.0,0.0,9.27,-17.12,True
1.06,0.005,0.97,0.3,0.0,0.0,1.0,10.76,-24.77,True
1.06,0.005,0.97,0.3,0.0,0.25,0.75,10.16,-22.83,True
1.06,0.005,0.97,0.3,0.0,0.5,0.5,9.51,-20.87,True
1.06,0.005,0.97,0.3,0.0,0.75,0.25,8.82,-18.88,True
1.06,0.005,0.97,0.3,0.0,1.0,0.0,8.08,-16.87,True
1.06,0.005,0.97,0.3,0.1,0.0,1.0,10.82,-22.99,True
1.06,0.005,0.97,0.3,0.1,0.25,0.75,10.29,-21.69,True
1.06,0.005,0.97,0.3,0.1,0.5,0.5,9.73,-20.2,True
1.06,0.005,0.97,0.3,0.1,0.75,0.25,9.15,-18.49,True
1.06,0.005,0.97,0.3,0.1,1.0,0.0,8.53,-16.51,True
1.06,0.005,0.97,0.3,0.2,0.0,1.0,11.01,-22.6,True
1.06,0.005,0.97,0.3,0.2,0.25,0.75,10.54,-21.38,True
1.06,0.005,0.97,0.3,0.2,0.5,0.5,10.05,-20.03,True
1.06,0.005,0.97,0.3,0.2,0.75,0.25,9.54,-18.51,True
1.06,0.005,0.97,0.3,0.2,1.0,0.0,9.02,-16.81,True
1.06,0.005,0.97,0.3,0.3,0.0,1.0,11.2,-22.21,True
1.06,0.005,0.97,0.3,0.3,0.25,0.75,10.78,-21.09,True
1.06,0.005,0.97,0.3,0.3,0.5,0.5,10.34,-19.86,True
1.06,0.005,0.97,0.3,0.3,0.75,0.25,9.9,-18.53,True
1.06,0.005,0.97,0.3,0.3,1.0,0.0,9.45,-17.09,True
1.06,0.005,0.97,0.4,0.0,0.0,1.0,11.05,-23.38,True
1.06,0.005,0.97,0.4,0.0,0.25,0.75,10.42,-22.0,True
1.06,0.005,0.97,0.4,0.0,0.5,0.5,9.75,-20.39,True
1.06,0.005,0.97,0.4,0.0,0.75,0.25,9.04,-18.47,True
1.06,0.005,0.97,0.4,0.0,1.0,0.0,8.28,-16.16,True
1.06,0.005,0.97,0.4,0.1,0.0,1.0,11.24,-23.01,True
1.06,0.005,0.97,0.4,0.1,0.25,0.75,10.67,-21.7,True
1.06,0.005,0.97,0.4,0.1,0.5,0.5,10.08,-20.21,True
1.06,0.005,0.97,0.4,0.1,0.75,0.25,9.45,-18.49,True
1.06,0.005,0.97,0.4,0.1,1.0,0.0,8.8,-16.49,True
1.06,0.005,0.97,0.4,0.2,0.0,1.0,11.39,-22.64,True
1.06,0.005,0.97,0.4,0.2,0.25,0.75,10.87,-21.41,True
1.06,0.005,0.97,0.4,0.2,0.5,0.5,10.33,-20.04,True
1.06,0.005,0.97,0.4,0.2,0.75,0.25,9.78,-18.51,True
1.06,0.005,0.97,0.4,0.2,1.0,0.0,9.21,-16.8,True
1.06,0.005,0.97,0.4,0.3,0.0,1.0,11.31,-22.22,True
1.06,0.005,0.97,0.4,0.3,0.25,0.75,10.87,-21.09,True
1.06,0.005,0.97,0.4,0.3,0.5,0.5,10.41,-19.86,True
1.06,0.005,0.97,0.4,0.3,0.75,0.25,9.95,-18.53,True
1.06,0.005,0.97,0.4,0.3,1.0,0.0,9.49,-17.09,True
1.06,0.005,0.99,0.1,0.0,0.0,1.0,6.13,-23.84,True
1.06,0.005,0.99,0.1,0.0,0.25,0.75,5.81,-22.07,True
1.06,0.005,0.99,0.1,0.0,0.5,0.5,5.47,-20.23,True
1.06,0.005,0.99,0.1,0.0,0.75,0.25,5.09,-18.32,True
1.06,0.005,0.99,0.1,0.0,1.0,0.0,4.69,-16.33,True
1.06,0.005,0.99,0.1,0.1,0.0,1.0,7.44,-21.48,True
1.06,0.005,0.99,0.1,0.1,0.25,0.75,7.18,-19.73,True
1.06,0.005,0.99,0.1,0.1,0.5,0.5,6.9,-17.91,True
1.06,0.005,0.99,0.1,0.1,0.75,0.25,6.6,-16.04,True
1.06,0.005,0.99,0.1,0.1,1.0,0.0,6.28,-14.1,True
1.06,0.005,0.99,0.1,0.2,0.0,1.0,8.34,-18.83,True
1.06,0.005,0.99,0.1,0.2,0.25,0.75,8.12,-17.81,True
1.06,0.005,0.99,0.1,0.2,0.5,0.5,7.88,-16.93,True
1.06,0.005,0.99,0.1,0.2,0.75,0.25,7.63,-15.95,True
1.06,0.005,0.99,0.1,0.2,1.0,0.0,7.37,-14.87,True
1.06,0.005,0.99,0.1,0.3,0.0,1.0,9.03,-18.61,True
1.06,0.005,0.99,0.1,0.3,0.25,0.75,8.83,-17.94,True
1.06,0.005,0.99,0.1,0.3,0.5,0.5,8.63,-17.22,True
1.06,0.005,0.99,0.1,0.3,0.75,0.25,8.41,-16.45,True
1.06,0.005,0.99,0.1,0.3,1.0,0.0,8.19,-15.61,True
1.06,0.005,0.99,0.2,0.0,0.0,1.0,7.89,-24.26,True
1.06,0.005,0.99,0.2,0.0,0.25,0.75,7.46,-22.57,True
1.06,0.005,0.99,0.2,0.0,0.5,0.5,7.0,-20.79,True
1.06,0.005,0.99,0.2,0.0,0.75,0.25,6.51,-18.91,True
1.06,0.005,0.99,0.2,0.0,1.0,0.0,5.98,-16.9,True
1.06,0.005,0.99,0.2,0.1,0.0,1.0,8.69,-22.14,True
1.06,0.005,0.99,0.2,0.1,0.25,0.75,8.33,-20.54,True
1.06,0.005,0.99,0.2,0.1,0.5,0.5,7.95,-18.86,True
1.06,0.005,0.99,0.2,0.1,0.75,0.25,7.54,-17.1,True
1.06,0.005,0.99,0.2,0.1,1.0,0.0,7.11,-15.27,True
1.06,0.005,0.99,0.2,0.2,0.0,1.0,9.31,-20.2,True
1.06,0.005,0.99,0.2,0.2,0.25,0.75,8.99,-18.68,True
1.06,0.005,0.99,0.2,0.2,0.5,0.5,8.66,-17.11,True
1.06,0.005,0.99,0.2,0.2,0.75,0.25,8.32,-15.83,True
1.06,0.005,0.99,0.2,0.2,1.0,0.0,7.96,-14.7,True
1.06,0.005,0.99,0.2,0.3,0.0,1.0,9.78,-18.61,True
1.06,0.005,0.99,0.2,0.3,0.25,0.75,9.5,-17.9,True
1.06,0.005,0.99,0.2,0.3,0.5,0.5,9.2,-17.14,True
1.06,0.005,0.99,0.2,0.3,0.75,0.25,8.9,-16.31,True
1.06,0.005,0.99,0.2,0.3,1.0,0.0,8.6,-15.42,True
1.06,0.005,0.99,0.3,0.0,0.0,1.0,8.84,-24.83,True
1.06,0.005,0.99,0.3,0.0,0.25,0.75,8.35,-23.11,True
1.06,0.005,0.99,0.3,0.0,0.5,0.5,7.83,-21.29,True
1.06,0.005,0.99,0.3,0.0,0.75,0.25,7.27,-19.36,True
1.06,0.005,0.99,0.3,0.0,1.0,0.0,6.66,-17.3,True
1.06,0.005,0.99,0.3,0.1,0.0,1.0,9.37,-22.93,True
1.06,0.005,0.99,0.3,0.1,0.25,0.75,8.95,-21.29,True
1.06,0.005,0.99,0.3,0.1,0.5,0.5,8.5,-19.57,True
1.06,0.005,0.99,0.3,0.1,0.75,0.25,8.03,-17.76,True
1.06,0.005,0.99,0.3,0.1,1.0,0.0,7.54,-15.86,True
1.06,0.005,0.99,0.3,0.2,0.0,1.0,9.84,-21.61,True
1.06,0.005,0.99,0.3,0.2,0.25,0.75,9.46,-20.03,True
1.06,0.005,0.99,0.3,0.2,0.5,0.5,9.07,-18.39,True
1.06,0.005,0.99,0.3,0.2,0.75,0.25,8.67,-16.68,True
1.06,0.005,0.99,0.3,0.2,1.0,0.0,8.26,-14.91,True
1.06,0.005,0.99,0.3,0.3,0.0,1.0,10.2,-20.45,True
1.06,0.005,0.99,0.3,0.3,0.25,0.75,9.86,-18.93,True
1.06,0.005,0.99,0.3,0.3,0.5,0.5,9.52,-17.36,True
1.06,0.005,0.99,0.3,0.3,0.75,0.25,9.17,-16.22,True
1.06,0.005,0.99,0.3,0.3,1.0,0.0,8.82,-15.31,True
1.06,0.005,0.99,0.4,0.0,0.0,1.0,9.47,-26.0,True
1.06,0.005,0.99,0.4,0.0,0.25,0.75,8.93,-24.21,True
1.06,0.005,0.99,0.4,0.0,0.5,0.5,8.36,-22.31,True
1.06,0.005,0.99,0.4,0.0,0.75,0.25,7.74,-20.29,True
1.06,0.005,0.99,0.4,0.0,1.0,0.0,7.09,-18.14,True
1.06,0.005,0.99,0.4,0.1,0.0,1.0,9.95,-24.73,True
1.06,0.005,0.99,0.4,0.1,0.25,0.75,9.47,-22.97,True
1.06,0.005,0.99,0.4,0.1,0.5,0.5,8.96,-21.12,True
1.06,0.005,0.99,0.4,0.1,0.75,0.25,8.44,-19.18,True
1.06,0.005,0.99,0.4,0.1,1.0,0.0,7.89,-17.13,True
1.06,0.005,0.99,0.4,0.2,0.0,1.0,10.24,-23.52,True
1.06,0.005,0.99,0.4,0.2,0.25,0.75,9.81,-21.76,True
1.06,0.005,0.99,0.4,0.2,0.5,0.5,9.37,-19.94,True
1.06,0.005,0.99,0.4,0.2,0.75,0.25,8.92,-18.05,True
1.06,0.005,0.99,0.4,0.2,1.0,0.0,8.46,-16.1,True
1.06,0.005,0.99,0.4,0.3,0.0,1.0,10.31,-22.03,True
1.06,0.005,0.99,0.4,0.3,0.25,0.75,9.95,-20.34,True
1.06,0.005,0.99,0.4,0.3,0.5,0.5,9.59,-18.61,True
1.06,0.005,0.99,0.4,0.3,0.75,0.25,9.23,-16.85,True
1.06,0.005,0.99,0.4,0.3,1.0,0.0,8.87,-15.32,True
1.06,0.005,1.0,0.1,0.0,0.0,1.0,3.35,-20.21,True
1.06,0.005,1.0,0.1,0.0,0.25,0.75,3.22,-18.65,True
1.06,0.005,1.0,0.1,0.0,0.5,0.5,3.07,-17.04,True
1.06,0.005,1.0,0.1,0.0,0.75,0.25,2.92,-15.45,True
1.06,0.005,1.0,0.1,0.0,1.0,0.0,2.74,-13.78,True
1.06,0.005,1.0,0.1,0.1,0.0,1.0,5.65,-17.23,True
1.06,0.005,1.0,0.1,0.1,0.25,0.75,5.52,-15.99,True
1.06,0.005,1.0,0.1,0.1,0.5,0.5,5.39,-14.77,True
1.06,0.005,1.0,0.1,0.1,0.75,0.25,5.26,-13.92,True
1.06,0.005,1.0,0.1,0.1,1.0,0.0,5.11,-13.09,True
1.06,0.005,1.0,0.1,0.2,0.0,1.0,7.04,-16.98,True
1.06,0.005,1.0,0.1,0.2,0.25,0.75,6.92,-16.32,True
1.06,0.005,1.0,0.1,0.2,0.5,0.5,6.8,-15.68,True
1.06,0.005,1.0,0.1,0.2,0.75,0.25,6.67,-15.07,True
1.06,0.005,1.0,0.1,0.2,1.0,0.0,6.54,-14.49,True
1.06,0.005,1.0,0.1,0.3,0.0,1.0,8.01,-17.32,True
1.06,0.005,1.0,0.1,0.3,0.25,0.75,7.91,-16.8,True
1.06,0.005,1.0,0.1,0.3,0.5,0.5,7.81,-16.32,True
1.06,0.005,1.0,0.1,0.3,0.75,0.25,7.7,-15.86,True
1.06,0.005,1.0,0.1,0.3,1.0,0.0,7.58,-15.45,True
1.06,0.005,1.0,0.2,0.0,0.0,1.0,5.57,-24.22,True
1.06,0.005,1.0,0.2,0.0,0.25,0.75,5.29,-22.41,True
1.06,0.005,1.0,0.2,0.0,0.5,0.5,4.99,-20.54,True
1.06,0.005,1.0,0.2,0.0,0.75,0.25,4.67,-18.6,True
1.06,0.005,1.0,0.2,0.0,1.0,0.0,4.34,-16.6,True
1.06,0.005,1.0,0.2,0.1,0.0,1.0,7.03,-20.93,True
1.06,0.005,1.0,0.2,0.1,0.25,0.75,6.79,-19.4,True
1.06,0.005,1.0,0.2,0.1,0.5,0.5,6.54,-17.81,True
1.06,0.005,1.0,0.2,0.1,0.75,0.25,6.29,-16.14,True
1.06,0.005,1.0,0.2,0.1,1.0,0.0,6.02,-14.39,True
1.06,0.005,1.0,0.2,0.2,0.0,1.0,8.02,-18.8,True
1.06,0.005,1.0,0.2,0.2,0.25,0.75,7.81,-17.37,True
1.06,0.005,1.0,0.2,0.2,0.5,0.5,7.59,-15.9,True
1.06,0.005,1.0,0.2,0.2,0.75,0.25,7.37,-14.72,True
1.06,0.005,1.0,0.2,0.2,1.0,0.0,7.14,-14.11,True
1.06,0.005,1.0,0.2,0.3,0.0,1.0,8.66,-17.15,True
1.06,0.005,1.0,0.2,0.3,0.25,0.75,8.48,-16.59,True
1.06,0.005,1.0,0.2,0.3,0.5,0.5,8.3,-16.06,True
1.06,0.005,1.0,0.2,0.3,0.75,0.25,8.12,-15.57,True
1.06,0.005,1.0,0.2,0.3,1.0,0.0,7.94,-15.14,True
1.06,0.005,1.0,0.3,0.0,0.0,1.0,6.77,-24.73,True
1.06,0.005,1.0,0.3,0.0,0.25,0.75,6.4,-22.88,True
1.06,0.005,1.0,0.3,0.0,0.5,0.5,6.01,-20.96,True
1.06,0.005,1.0,0.3,0.0,0.75,0.25,5.61,-18.97,True
1.06,0.005,1.0,0.3,0.0,1.0,0.0,5.18,-16.91,True
1.06,0.005,1.0,0.3,0.1,0.0,1.0,7.66,-21.37,True
1.06,0.005,1.0,0.3,0.1,0.25,0.75,7.36,-19.77,True
1.06,0.005,1.0,0.3,0.1,0.5,0.5,7.05,-18.15,True
1.06,0.005,1.0,0.3,0.1,0.75,0.25,6.73,-16.45,True
1.06,0.005,1.0,0.3,0.1,1.0,0.0,6.41,-14.66,True
1.06,0.005,1.0,0.3,0.2,0.0,1.0,8.34,-19.78,True
1.06,0.005,1.0,0.3,0.2,0.25,0.75,8.1,-18.31,True
1.06,0.005,1.0,0.3,0.2,0.5,0.5,7.84,-16.79,True
1.06,0.005,1.0,0.3,0.2,0.75,0.25,7.59,-15.22,True
1.06,0.005,1.0,0.3,0.2,1.0,0.0,7.33,-14.01,True
1.06,0.005,1.0,0.3,0.3,0.0,1.0,8.89,-18.41,True
1.06,0.005,1.0,0.3,0.3,0.25,0.75,8.68,-17.02,True
1.06,0.005,1.0,0.3,0.3,0.5,0.5,8.48,-15.98,True
1.06,0.005,1.0,0.3,0.3,0.75,0.25,8.27,-15.49,True
1.06,0.005,1.0,0.3,0.3,1.0,0.0,8.07,-15.06,True
1.06,0.005,1.0,0.4,0.0,0.0,1.0,7.29,-25.95,True
1.06,0.005,1.0,0.4,0.0,0.25,0.75,6.88,-24.02,True
1.06,0.005,1.0,0.4,0.0,0.5,0.5,6.46,-22.01,True
1.06,0.005,1.0,0.4,0.0,0.75,0.25,6.01,-19.94,True
1.06,0.005,1.0,0.4,0.0,1.0,0.0,5.54,-17.79,True
1.06,0.005,1.0,0.4,0.1,0.0,1.0,8.03,-23.08,True
1.06,0.005,1.0,0.4,0.1,0.25,0.75,7.69,-21.07,True
1.06,0.005,1.0,0.4,0.1,0.5,0.5,7.35,-19.26,True
1.06,0.005,1.0,0.4,0.1,0.75,0.25,6.99,-17.45,True
1.06,0.005,1.0,0.4,0.1,1.0,0.0,6.63,-15.56,True
1.06,0.005,1.0,0.4,0.2,0.0,1.0,8.61,-21.07,True
1.06,0.005,1.0,0.4,0.2,0.25,0.75,8.34,-19.47,True
1.06,0.005,1.0,0.4,0.2,0.5,0.5,8.06,-17.81,True
1.06,0.005,1.0,0.4,0.2,0.75,0.25,7.77,-16.1,True
1.06,0.005,1.0,0.4,0.2,1.0,0.0,7.48,-14.33,True
1.06,0.005,1.0,0.4,0.3,0.0,1.0,9.03,-19.37,True
1.06,0.005,1.0,0.4,0.3,0.25,0.75,8.81,-17.86,True
1.06,0.005,1.0,0.4,0.3,0.5,0.5,8.58,-16.32,True
1.06,0.005,1.0,0.4,0.3,0.75,0.25,8.36,-15.47,True
1.06,0.005,1.0,0.4,0.3,1.0,0.0,8.14,-15.04,True
1.06,0.005,1.01,0.1,0.0,0.0,1.0,1.04,-16.6,True
1.06,0.005,1.01,0.1,0.0,0.25,0.75,1.08,-15.32,True
1.06,0.005,1.01,0.1,0.0,0.5,0.5,1.1,-14.0,True
1.06,0.005,1.01,0.1,0.0,0.75,0.25,1.1,-12.63,True
1.06,0.005,1.01,0.1,0.0,1.0,0.0,1.09,-11.21,True
1.06,0.005,1.01,0.1,0.1,0.0,1.0,4.04,-14.76,True
1.06,0.005,1.01,0.1,0.1,0.25,0.75,4.04,-13.52,True
1.06,0.005,1.01,0.1,0.1,0.5,0.5,4.02,-12.95,True
1.06,0.005,1.01,0.1,0.1,0.75,0.25,4.01,-12.39,True
1.06,0.005,1.01,0.1,0.1,1.0,0.0,3.98,-11.84,True
1.06,0.005,1.01,0.1,0.2,0.0,1.0,5.74,-16.1,True
1.06,0.005,1.01,0.1,0.2,0.25,0.75,5.74,-15.64,True
1.06,0.005,1.01,0.1,0.2,0.5,0.5,5.72,-15.19,True
1.06,0.005,1.01,0.1,0.2,0.75,0.25,5.7,-14.75,True
1.06,0.005,1.01,0.1,0.2,1.0,0.0,5.68,-14.33,True
1.06,0.005,1.01,0.1,0.3,0.0,1.0,6.87,-16.88,True
1.06,0.005,1.01,0.1,0.3,0.25,0.75,6.87,-16.55,True
1.06,0.005,1.01,0.1,0.3,0.5,0.5,6.86,-16.23,True
1.06,0.005,1.01,0.1,0.3,0.75,0.25,6.85,-15.92,True
1.06,0.005,1.01,0.1,0.3,1.0,0.0,6.83,-15.62,True
1.06,0.005,1.01,0.2,0.0,0.0,1.0,2.09,-20.42,True
1.06,0.005,1.01,0.2,0.0,0.25,0.75,2.06,-18.91,True
1.06,0.005,1.01,0.2,0.0,0.5,0.5,2.02,-17.38,True
1.06,0.005,1.01,0.2,0.0,0.75,0.25,1.97,-15.83,True
1.06,0.005,1.01,0.2,0.0,1.0,0.0,1.9,-14.26,True
1.06,0.005,1.01,0.2,0.1,0.0,1.0,4.37,-21.82,True
1.06,0.005,1.01,0.2,0.1,0.25,0.75,4.36,-20.32,True
1.06,0.005,1.01,0.2,0.1,0.5,0.5,4.34,-18.79,True
1.06,0.005,1.01,0.2,0.1,0.75,0.25,4.3,-17.25,True
1.06,0.005,1.01,0.2,0.1,1.0,0.0,4.26,-15.68,True
1.06,0.005,1.01,0.2,0.2,0.0,1.0,5.86,-22.61,True
1.06,0.005,1.01,0.2,0.2,0.25,0.75,5.85,-21.1,True
1.06,0.005,1.01,0.2,0.2,0.5,0.5,5.83,-19.54,True
1.06,0.005,1.01,0.2,0.2,0.75,0.25,5.81,-17.97,True
1.06,0.005,1.01,0.2,0.2,1.0,0.0,5.78,-16.38,True
1.06,0.005,1.01,0.2,0.3,0.0,1.0,6.92,-21.47,True
1.06,0.005,1.01,0.2,0.3,0.25,0.75,6.92,-20.08,True
1.06,0.005,1.01,0.2,0.3,0.5,0.5,6.92,-18.67,True
1.06,0.005,1.01,0.2,0.3,0.75,0.25,6.9,-17.24,True
1.06,0.005,1.01,0.2,0.3,1.0,0.0,6.89,-15.8,True
1.06,0.005,1.01,0.3,0.0,0.0,1.0,2.46,-29.37,True
1.06,0.005,1.01,0.3,0.0,0.25,0.75,2.43,-27.3,True
1.06,0.005,1.01,0.3,0.0,0.5,0.5,2.37,-25.17,True
1.06,0.005,1.01,0.3,0.0,0.75,0.25,2.3,-23.01,True
1.06,0.005,1.01,0.3,0.0,1.0,0.0,2.21,-20.79,True
1.06,0.005,1.01,0.3,0.1,0.0,1.0,4.51,-29.17,True
1.06,0.005,1.01,0.3,0.1,0.25,0.75,4.49,-27.15,True
1.06,0.005,1.01,0.3,0.1,0.5,0.5,4.46,-25.1,True
1.06,0.005,1.01,0.3,0.1,0.75,0.25,4.43,-23.02,True
1.06,0.005,1.01,0.3,0.1,1.0,0.0,4.38,-20.9,True
1.06,0.005,1.01,0.3,0.2,0.0,1.0,5.92,-27.35,True
1.06,0.005,1.01,0.3,0.2,0.25,0.75,5.91,-25.51,True
1.06,0.005,1.01,0.3,0.2,0.5,0.5,5.89,-23.63,True
1.06,0.005,1.01,0.3,0.2,0.75,0.25,5.87,-21.73,True
1.06,0.005,1.01,0.3,0.2,1.0,0.0,5.84,-19.77,True
1.06,0.005,1.01,0.3,0.3,0.0,1.0,7.02,-24.44,True
1.06,0.005,1.01,0.3,0.3,0.25,0.75,7.02,-22.79,True
1.06,0.005,1.01,0.3,0.3,0.5,0.5,7.01,-21.12,True
1.06,0.005,1.01,0.3,0.3,0.75,0.25,7.0,-19.42,True
1.06,0.005,1.01,0.3,0.3,1.0,0.0,6.98,-17.71,True
1.06,0.005,1.01,0.4,0.0,0.0,1.0,2.67,-35.39,True
1.06,0.005,1.01,0.4,0.0,0.25,0.75,2.63,-32.96,True
1.06,0.005,1.01,0.4,0.0,0.5,0.5,2.57,-30.47,True
1.06,0.005,1.01,0.4,0.0,0.75,0.25,2.48,-27.92,True
1.06,0.005,1.01,0.4,0.0,1.0,0.0,2.38,-25.3,True
1.06,0.005,1.01,0.4,0.1,0.0,1.0,4.69,-33.48,True
1.06,0.005,1.01,0.4,0.1,0.25,0.75,4.67,-31.19,True
1.06,0.005,1.01,0.4,0.1,0.5,0.5,4.63,-28.84,True
1.06,0.005,1.01,0.4,0.1,0.75,0.25,4.57,-26.44,True
1.06,0.005,1.01,0.4,0.1,1.0,0.0,4.51,-23.99,True
1.06,0.005,1.01,0.4,0.2,0.0,1.0,6.12,-29.93,True
1.06,0.005,1.01,0.4,0.2,0.25,0.75,6.1,-27.85,True
1.06,0.005,1.01,0.4,0.2,0.5,0.5,6.07,-25.73,True
1.06,0.005,1.01,0.4,0.2,0.75,0.25,6.03,-23.59,True
1.06,0.005,1.01,0.4,0.2,1.0,0.0,5.98,-21.41,True
1.06,0.005,1.01,0.4,0.3,0.0,1.0,7.07,-26.81,True
1.06,0.005,1.01,0.4,0.3,0.25,0.75,7.06,-24.94,True
1.06,0.005,1.01,0.4,0.3,0.5,0.5,7.04,-23.04,True
1.06,0.005,1.01,0.4,0.3,0.75,0.25,7.01,-21.13,True
1.06,0.005,1.01,0.4,0.3,1.0,0.0,6.98,-19.2,True
1.06,0.005,1.02,0.1,0.0,0.0,1.0,0.15,-19.91,True
1.06,0.005,1.02,0.1,0.0,0.25,0.75,0.24,-18.15,True
1.06,0.005,1.02,0.1,0.0,0.5,0.5,0.31,-16.37,True
1.06,0.005,1.02,0.1,0.0,0.75,0.25,0.37,-14.58,True
1.06,0.005,1.02,0.1,0.0,1.0,0.0,0.42,-12.77,True
1.06,0.005,1.02,0.1,0.1,0.0,1.0,3.52,-14.56,True
1.06,0.005,1.02,0.1,0.1,0.25,0.75,3.53,-13.32,True
1.06,0.005,1.02,0.1,0.1,0.5,0.5,3.54,-12.03,True
1.06,0.005,1.02,0.1,0.1,0.75,0.25,3.55,-10.7,True
1.06,0.005,1.02,0.1,0.1,1.0,0.0,3.55,-9.33,True
1.06,0.005,1.02,0.1,0.2,0.0,1.0,5.37,-13.0,True
1.06,0.005,1.02,0.1,0.2,0.25,0.75,5.38,-12.83,True
1.06,0.005,1.02,0.1,0.2,0.5,0.5,5.38,-12.67,True
1.06,0.005,1.02,0.1,0.2,0.75,0.25,5.37,-12.52,True
1.06,0.005,1.02,0.1,0.2,1.0,0.0,5.36,-12.38,True
1.06,0.005,1.02,0.1,0.3,0.0,1.0,6.63,-15.28,True
1.06,0.005,1.02,0.1,0.3,0.25,0.75,6.63,-15.23,True
1.06,0.005,1.02,0.1,0.3,0.5,0.5,6.63,-15.18,True
1.06,0.005,1.02,0.1,0.3,0.75,0.25,6.63,-15.13,True
1.06,0.005,1.02,0.1,0.3,1.0,0.0,6.63,-15.09,True
1.06,0.005,1.02,0.2,0.0,0.0,1.0,1.08,-19.56,True
1.06,0.005,1.02,0.2,0.0,0.25,0.75,1.11,-18.07,True
1.06,0.005,1.02,0.2,0.0,0.5,0.5,1.14,-16.53,True
1.06,0.005,1.02,0.2,0.0,0.75,0.25,1.15,-14.93,True
1.06,0.005,1.02,0.2,0.0,1.0,0.0,1.14,-13.28,True
1.06,0.005,1.02,0.2,0.1,0.0,1.0,3.99,-19.9,True
1.06,0.005,1.02,0.2,0.1,0.25,0.75,3.99,-18.47,True
1.06,0.005,1.02,0.2,0.1,0.5,0.5,3.98,-17.02,True
1.06,0.005,1.02,0.2,0.1,0.75,0.25,3.96,-15.55,True
1.06,0.005,1.02,0.2,0.1,1.0,0.0,3.93,-14.06,True
1.06,0.005,1.02,0.2,0.2,0.0,1.0,5.55,-20.08,True
1.06,0.005,1.02,0.2,0.2,0.25,0.75,5.55,-18.71,True
1.06,0.005,1.02,0.2,0.2,0.5,0.5,5.55,-17.31,True
1.06,0.005,1.02,0.2,0.2,0.75,0.25,5.54,-15.9,True
1.06,0.005,1.02,0.2,0.2,1.0,0.0,5.53,-14.47,True
1.06,0.005,1.02,0.2,0.3,0.0,1.0,6.74,-18.65,True
1.06,0.005,1.02,0.2,0.3,0.25,0.75,6.74,-17.46,True
1.06,0.005,1.02,0.2,0.3,0.5,0.5,6.74,-16.25,True
1.06,0.005,1.02,0.2,0.3,0.75,0.25,6.73,-15.02,True
1.06,0.005,1.02,0.2,0.3,1.0,0.0,6.72,-14.82,True
1.06,0.005,1.02,0.3,0.0,0.0,1.0,1.86,-26.48,True
1.06,0.005,1.02,0.3,0.0,0.25,0.75,1.85,-24.5,True
1.06,0.005,1.02,0.3,0.0,0.5,0.5,1.83,-22.49,True
1.06,0.005,1.02,0.3,0.0,0.75,0.25,1.79,-20.43,True
1.06,0.005,1.02,0.3,0.0,1.0,0.0,1.74,-18.34,True
1.06,0.005,1.02,0.3,0.1,0.0,1.0,4.15,-25.93,True
1.06,0.005,1.02,0.3,0.1,0.25,0.75,4.15,-24.06,True
1.06,0.005,1.02,0.3,0.1,0.5,0.5,4.14,-22.17,True
1.06,0.005,1.02,0.3,0.1,0.75,0.25,4.12,-20.25,True
1.06,0.005,1.02,0.3,0.1,1.0,0.0,4.09,-18.29,True
1.06,0.005,1.02,0.3,0.2,0.0,1.0,5.68,-23.86,True
1.06,0.005,1.02,0.3,0.2,0.25,0.75,5.69,-22.2,True
1.06,0.005,1.02,0.3,0.2,0.5,0.5,5.68,-20.51,True
1.06,0.005,1.02,0.3,0.2,0.75,0.25,5.68,-18.79,True
1.06,0.005,1.02,0.3,0.2,1.0,0.0,5.65,-17.07,True
1.06,0.005,1.02,0.3,0.3,0.0,1.0,6.81,-21.45,True
1.06,0.005,1.02,0.3,0.3,0.25,0.75,6.82,-19.98,True
1.06,0.005,1.02,0.3,0.3,0.5,0.5,6.83,-18.5,True
1.06,0.005,1.02,0.3,0.3,0.75,0.25,6.82,-17.0,True
1.06,0.005,1.02,0.3,0.3,1.0,0.0,6.82,-15.5,True
1.06,0.005,1.02,0.4,0.0,0.0,1.0,2.17,-31.78,True
1.06,0.005,1.02,0.4,0.0,0.25,0.75,2.15,-29.45,True
1.06,0.005,1.02,0.4,0.0,0.5,0.5,2.11,-27.07,True
1.06,0.005,1.02,0.4,0.0,0.75,0.25,2.06,-24.64,True
1.06,0.005,1.02,0.4,0.0,1.0,0.0,1.98,-22.16,True
1.06,0.005,1.02,0.4,0.1,0.0,1.0,4.32,-29.39,True
1.06,0.005,1.02,0.4,0.1,0.25,0.75,4.31,-27.27,True
1.06,0.005,1.02,0.4,0.1,0.5,0.5,4.3,-25.12,True
1.06,0.005,1.02,0.4,0.1,0.75,0.25,4.27,-22.93,True
1.06,0.005,1.02,0.4,0.1,1.0,0.0,4.23,-20.7,True
1.06,0.005,1.02,0.4,0.2,0.0,1.0,5.78,-26.26,True
1.06,0.005,1.02,0.4,0.2,0.25,0.75,5.78,-24.38,True
1.06,0.005,1.02,0.4,0.2,0.5,0.5,5.77,-22.48,True
1.06,0.005,1.02,0.4,0.2,0.75,0.25,5.76,-20.56,True
1.06,0.005,1.02,0.4,0.2,1.0,0.0,5.73,-18.62,True
1.06,0.005,1.02,0.4,0.3,0.0,1.0,6.8,-23.14,True
1.06,0.005,1.02,0.4,0.3,0.25,0.75,6.8,-21.57,True
1.06,0.005,1.02,0.4,0.3,0.5,0.5,6.81,-19.97,True
1.06,0.005,1.02,0.4,0.3,0.75,0.25,6.8,-18.35,True
1.06,0.005,1.02,0.4,0.3,1.0,0.0,6.79,-16.71,True
1.06,0.01,0.95,0.1,0.0,0.0,1.0,8.65,-26.93,True
1.06,0.01,0.95,0.1,0.0,0.25,0.75,8.19,-25.33,True
1.06,0.01,0.95,0.1,0.0,0.5,0.5,7.68,-23.48,True
1.06,0.01,0.95,0.1,0.0,0.75,0.25,7.13,-21.31,True
1.06,0.01,0.95,0.1,0.0,1.0,0.0,6.52,-18.74,True
1.06,0.01,0.95,0.1,0.1,0.0,1.0,9.05,-26.37,True
1.06,0.01,0.95,0.1,0.1,0.25,0.75,8.67,-24.82,True
1.06,0.01,0.95,0.1,0.1,0.5,0.5,8.25,-23.06,True
1.06,0.01,0.95,0.1,0.1,0.75,0.25,7.8,-21.04,True
1.06,0.01,0.95,0.1,0.1,1.0,0.0,7.31,-18.73,True
1.06,0.01,0.95,0.1,0.2,0.0,1.0,9.36,-25.77,True
1.06,0.01,0.95,0.1,0.2,0.25,0.75,9.03,-24.28,True
1.06,0.01,0.95,0.1,0.2,0.5,0.5,8.68,-22.62,True
1.06,0.01,0.95,0.1,0.2,0.75,0.25,8.3,-20.77,True
1.06,0.01,0.95,0.1,0.2,1.0,0.0,7.89,-18.72,True
1.06,0.01,0.95,0.1,0.3,0.0,1.0,9.57,-25.12,True
1.06,0.01,0.95,0.1,0.3,0.25,0.75,9.28,-23.71,True
1.06,0.01,0.95,0.1,0.3,0.5,0.5,8.98,-22.17,True
1.06,0.01,0.95,0.1,0.3,0.75,0.25,8.68,-20.5,True
1.06,0.01,0.95,0.1,0.3,1.0,0.0,8.36,-18.71,True
1.06,0.01,0.95,0.2,0.0,0.0,1.0,8.33,-26.93,True
1.06,0.01,0.95,0.2,0.0,0.25,0.75,7.95,-25.34,True
1.06,0.01,0.95,0.2,0.0,0.5,0.5,7.52,-23.49,True
1.06,0.01,0.95,0.2,0.0,0.75,0.25,7.03,-21.32,True
1.06,0.01,0.95,0.2,0.0,1.0,0.0,6.48,-18.74,True
1.06,0.01,0.95,0.2,0.1,0.0,1.0,8.71,-26.34,True
1.06,0.01,0.95,0.2,0.1,0.25,0.75,8.4,-24.8,True
1.06,0.01,0.95,0.2,0.1,0.5,0.5,8.05,-23.05,True
1.06,0.01,0.95,0.2,0.1,0.75,0.25,7.66,-21.04,True
1.06,0.01,0.95,0.2,0.1,1.0,0.0,7.22,-18.73,True
1.06,0.01,0.95,0.2,0.2,0.0,1.0,9.1,-25.74,True
1.06,0.01,0.95,0.2,0.2,0.25,0.75,8.85,-24.26,True
1.06,0.01,0.95,0.2,0.2,0.5,0.5,8.57,-22.61,True
1.06,0.01,0.95,0.2,0.2,0.75,0.25,8.26,-20.77,True
1.06,0.01,0.95,0.2,0.2,1.0,0.0,7.93,-18.72,True
1.06,0.01,0.95,0.2,0.3,0.0,1.0,9.53,-25.12,True
1.06,0.01,0.95,0.2,0.3,0.25,0.75,9.32,-23.72,True
1.06,0.01,0.95,0.2,0.3,0.5,0.5,9.1,-22.19,True
1.06,0.01,0.95,0.2,0.3,0.75,0.25,8.85,-20.52,True
1.06,0.01,0.95,0.2,0.3,1.0,0.0,8.58,-18.71,True
1.06,0.01,0.95,0.3,0.0,0.0,1.0,9.12,-26.93,True
1.06,0.01,0.95,0.3,0.0,0.25,0.75,8.69,-25.34,True
1.06,0.01,0.95,0.3,0.0,0.5,0.5,8.2,-23.49,True
1.06,0.01,0.95,0.3,0.0,0.75,0.25,7.66,-21.32,True
1.06,0.01,0.95,0.3,0.0,1.0,0.0,7.05,-18.74,True
1.06,0.01,0.95,0.3,0.1,0.0,1.0,9.57,-26.43,True
1.06,0.01,0.95,0.3,0.1,0.25,0.75,9.19,-24.87,True
1.06,0.01,0.95,0.3,0.1,0.5,0.5,8.78,-23.1,True
1.06,0.01,0.95,0.3,0.1,0.75,0.25,8.33,-21.07,True
1.06,0.01,0.95,0.3,0.1,1.0,0.0,7.83,-18.73,True
1.06,0.01,0.95,0.3,0.2,0.0,1.0,9.95,-25.91,True
1.06,0.01,0.95,0.3,0.2,0.25,0.75,9.63,-24.41,True
1.06,0.01,0.95,0.3,0.2,0.5,0.5,9.27,-22.72,True
1.06,0.01,0.95,0.3,0.2,0.75,0.25,8.88,-20.83,True
1.06,0.01,0.95,0.3,0.2,1.0,0.0,8.46,-18.72,True
1.06,0.01,0.95,0.3,0.3,0.0,1.0,10.28,-25.38,True
1.06,0.01,0.95,0.3,0.3,0.25,0.75,9.99,-23.93,True
1.06,0.01,0.95,0.3,0.3,0.5,0.5,9.69,-22.34,True
1.06,0.01,0.95,0.3,0.3,0.75,0.25,9.36,-20.6,True
1.06,0.01,0.95,0.3,0.3,1.0,0.0,9.0,-18.71,True
1.06,0.01,0.95,0.4,0.0,0.0,1.0,10.02,-26.93,True
1.06,0.01,0.95,0.4,0.0,0.25,0.75,9.52,-25.34,True
1.06,0.01,0.95,0.4,0.0,0.5,0.5,8.96,-23.49,True
1.06,0.01,0.95,0.4,0.0,0.75,0.25,8.35,-21.32,True
1.06,0.01,0.95,0.4,0.0,1.0,0.0,7.67,-18.74,True
1.06,0.01,0.95,0.4,0.1,0.0,1.0,10.33,-26.49,True
1.06,0.01,0.95,0.4,0.1,0.25,0.75,9.89,-24.92,True
1.06,0.01,0.95,0.4,0.1,0.5,0.5,9.41,-23.14,True
1.06,0.01,0.95,0.4,0.1,0.75,0.25,8.89,-21.09,True
1.06,0.01,0.95,0.4,0.1,1.0,0.0,8.32,-18.73,True
1.06,0.01,0.95,0.4,0.2,0.0,1.0,10.64,-26.04,True
1.06,0.01,0.95,0.4,0.2,0.25,0.75,10.25,-24.51,True
1.06,0.01,0.95,0.4,0.2,0.5,0.5,9.82,-22.8,True
1.06,0.01,0.95,0.4,0.2,0.75,0.25,9.37,-20.88,True
1.06,0.01,0.95,0.4,0.2,1.0,0.0,8.89,-18.73,True
1.06,0.01,0.95,0.4,0.3,0.0,1.0,10.91,-25.58,True
1.06,0.01,0.95,0.4,0.3,0.25,0.75,10.57,-24.1,True
1.06,0.01,0.95,0.4,0.3,0.5,0.5,10.2,-22.47,True
1.06,0.01,0.95,0.4,0.3,0.75,0.25,9.81,-20.68,True
1.06,0.01,0.95,0.4,0.3,1.0,0.0,9.4,-18.72,True
1.06,0.01,0.97,0.1,0.0,0.0,1.0,6.1,-23.38,True
1.06,0.01,0.97,0.1,0.0,0.25,0.75,5.76,-21.97,True
1.06,0.01,0.97,0.1,0.0,0.5,0.5,5.4,-20.34,True
1.06,0.01,0.97,0.1,0.0,0.75,0.25,5.01,-18.43,True
1.06,0.01,0.97,0.1,0.0,1.0,0.0,4.6,-16.16,True
1.06,0.01,0.97,0.1,0.1,0.0,1.0,6.98,-22.7,True
1.06,0.01,0.97,0.1,0.1,0.25,0.75,6.72,-21.46,True
1.06,0.01,0.97,0.1,0.1,0.5,0.5,6.45,-20.06,True
1.06,0.01,0.97,0.1,0.1,0.75,0.25,6.16,-18.48,True
1.06,0.01,0.97,0.1,0.1,1.0,0.0,5.86,-16.67,True
1.06,0.01,0.97,0.1,0.2,0.0,1.0,7.52,-22.06,True
1.06,0.01,0.97,0.1,0.2,0.25,0.75,7.32,-20.98,True
1.06,0.01,0.97,0.1,0.2,0.5,0.5,7.12,-19.81,True
1.06,0.01,0.97,0.1,0.2,0.75,0.25,6.92,-18.51,True
1.06,0.01,0.97,0.1,0.2,1.0,0.0,6.71,-17.09,True
1.06,0.01,0.97,0.1,0.3,0.0,1.0,8.03,-21.44,True
1.06,0.01,0.97,0.1,0.3,0.25,0.75,7.9,-20.54,True
1.06,0.01,0.97,0.1,0.3,0.5,0.5,7.77,-19.58,True
1.06,0.01,0.97,0.1,0.3,0.75,0.25,7.63,-18.54,True
1.06,0.01,0.97,0.1,0.3,1.0,0.0,7.48,-17.42,True
1.06,0.01,0.97,0.2,0.0,0.0,1.0,5.98,-23.38,True
1.06,0.01,0.97,0.2,0.0,0.25,0.75,5.69,-21.97,True
1.06,0.01,0.97,0.2,0.0,0.5,0.5,5.36,-20.35,True
1.06,0.01,0.97,0.2,0.0,0.75,0.25,5.01,-18.44,True
1.06,0.01,0.97,0.2,0.0,1.0,0.0,4.62,-16.16,True
1.06,0.01,0.97,0.2,0.1,0.0,1.0,6.92,-22.7,True
1.06,0.01,0.97,0.2,0.1,0.25,0.75,6.7,-21.46,True
1.06,0.01,0.97,0.2,0.1,0.5,0.5,6.45,-20.06,True
1.06,0.01,0.97,0.2,0.1,0.75,0.25,6.19,-18.47,True
1.06,0.01,0.97,0.2,0.1,1.0,0.0,5.91,-16.67,True
1.06,0.01,0.97,0.2,0.2,0.0,1.0,7.87,-22.14,True
1.06,0.01,0.97,0.2,0.2,0.25,0.75,7.69,-21.04,True
1.06,0.01,0.97,0.2,0.2,0.5,0.5,7.49,-19.83,True
1.06,0.01,0.97,0.2,0.2,0.75,0.25,7.27,-18.5,True
1.06,0.01,0.97,0.2,0.2,1.0,0.0,7.04,-17.03,True
1.06,0.01,0.97,0.2,0.3,0.0,1.0,8.67,-21.69,True
1.06,0.01,0.97,0.2,0.3,0.25,0.75,8.49,-20.71,True
1.06,0.01,0.97,0.2,0.3,0.5,0.5,8.31,-19.66,True
1.06,0.01,0.97,0.2,0.3,0.75,0.25,8.12,-18.52,True
1.06,0.01,0.97,0.2,0.3,1.0,0.0,7.92,-17.32,True
1.06,0.01,0.97,0.3,0.0,0.0,1.0,6.97,-23.38,True
1.06,0.01,0.97,0.3,0.0,0.25,0.75,6.6,-21.97,True
1.06,0.01,0.97,0.3,0.0,0.5,0.5,6.2,-20.34,True
1.06,0.01,0.97,0.3,0.0,0.75,0.25,5.77,-18.43,True
1.06,0.01,0.97,0.3,0.0,1.0,0.0,5.3,-16.16,True
1.06,0.01,0.97,0.3,0.1,0.0,1.0,7.98,-22.82,True
1.06,0.01,0.97,0.3,0.1,0.25,0.75,7.66,-21.54,True
1.06,0.01,0.97,0.3,0.1,0.5,0.5,7.32,-20.1,True
1.06,0.01,0.97,0.3,0.1,0.75,0.25,6.97,-18.47,True
1.06,0.01,0.97,0.3,0.1,1.0,0.0,6.59,-16.61,True
1.06,0.01,0.97,0.3,0.2,0.0,1.0,8.68,-22.32,True
1.06,0.01,0.97,0.3,0.2,0.25,0.75,8.41,-21.17,True
1.06,0.01,0.97,0.3,0.2,0.5,0.5,8.12,-19.89,True
1.06,0.01,0.97,0.3,0.2,0.75,0.25,7.83,-18.49,True
1.06,0.01,0.97,0.3,0.2,1.0,0.0,7.52,-16.95,True
1.06,0.01,0.97,0.3,0.3,0.0,1.0,9.32,-21.91,True
1.06,0.01,0.97,0.3,0.3,0.25,0.75,9.07,-20.86,True
1.06,0.01,0.97,0.3,0.3,0.5,0.5,8.82,-19.73,True
1.06,0.01,0.97,0.3,0.3,0.75,0.25,8.56,-18.52,True
1.06,0.01,0.97,0.3,0.3,1.0,0.0,8.3,-17.22,True
1.06,0.01,0.97,0.4,0.0,0.0,1.0,7.91,-23.38,True
1.06,0.01,0.97,0.4,0.0,0.25,0.75,7.46,-21.97,True
1.06,0.01,0.97,0.4,0.0,0.5,0.5,6.99,-20.34,True
1.06,0.01,0.97,0.4,0.0,0.75,0.25,6.48,-18.43,True
1.06,0.01,0.97,0.4,0.0,1.0,0.0,5.94,-16.16,True
1.06,0.01,0.97,0.4,0.1,0.0,1.0,8.67,-22.88,True
1.06,0.01,0.97,0.4,0.1,0.25,0.75,8.29,-21.58,True
1.06,0.01,0.97,0.4,0.1,0.5,0.5,7.89,-20.12,True
1.06,0.01,0.97,0.4,0.1,0.75,0.25,7.47,-18.46,True
1.06,0.01,0.97,0.4,0.1,1.0,0.0,7.03,-16.57,True
1.06,0.01,0.97,0.4,0.2,0.0,1.0,9.33,-22.46,True
1.06,0.01,0.97,0.4,0.2,0.25,0.75,8.99,-21.27,True
1.06,0.01,0.97,0.4,0.2,0.5,0.5,8.64,-19.95,True
1.06,0.01,0.97,0.4,0.2,0.75,0.25,8.28,-18.5,True
1.06,0.01,0.97,0.4,0.2,1.0,0.0,7.91,-16.89,True
1.06,0.01,0.97,0.4,0.3,0.0,1.0,9.87,-22.08,True
1.06,0.01,0.97,0.4,0.3,0.25,0.75,9.58,-20.99,True
1.06,0.01,0.97,0.4,0.3,0.5,0.5,9.27,-19.81,True
1.06,0.01,0.97,0.4,0.3,0.75,0.25,8.96,-18.52,True
1.06,0.01,0.97,0.4,0.3,1.0,0.0,8.64,-17.14,True
1.06,0.01,0.99,0.1,0.0,0.0,1.0,5.37,-20.79,True
1.06,0.01,0.99,0.1,0.0,0.25,0.75,5.05,-19.23,True
1.06,0.01,0.99,0.1,0.0,0.5,0.5,4.71,-17.62,True
1.06,0.01,0.99,0.1,0.0,0.75,0.25,4.35,-15.95,True
1.06,0.01,0.99,0.1,0.0,1.0,0.0,3.97,-14.22,True
1.06,0.01,0.99,0.1,0.1,0.0,1.0,6.5,-18.59,True
1.06,0.01,0.99,0.1,0.1,0.25,0.75,6.26,-17.63,True
1.06,0.01,0.99,0.1,0.1,0.5,0.5,6.02,-16.56,True
1.06,0.01,0.99,0.1,0.1,0.75,0.25,5.76,-15.34,True
1.06,0.01,0.99,0.1,0.1,1.0,0.0,5.49,-13.95,True
1.06,0.01,0.99,0.1,0.2,0.0,1.0,7.18,-18.6,True
1.06,0.01,0.99,0.1,0.2,0.25,0.75,7.01,-17.81,True
1.06,0.01,0.99,0.1,0.2,0.5,0.5,6.84,-16.95,True
1.06,0.01,0.99,0.1,0.2,0.75,0.25,6.66,-16.01,True
1.06,0.01,0.99,0.1,0.2,1.0,0.0,6.47,-14.97,True
1.06,0.01,0.99,0.1,0.3,0.0,1.0,7.79,-18.61,True
1.06,0.01,0.99,0.1,0.3,0.25,0.75,7.67,-17.98,True
1.06,0.01,0.99,0.1,0.3,0.5,0.5,7.56,-17.31,True
1.06,0.01,0.99,0.1,0.3,0.75,0.25,7.44,-16.59,True
1.06,0.01,0.99,0.1,0.3,1.0,0.0,7.31,-15.83,True
1.06,0.01,0.99,0.2,0.0,0.0,1.0,5.28,-26.03,True
1.06,0.01,0.99,0.2,0.0,0.25,0.75,5.01,-24.14,True
1.06,0.01,0.99,0.2,0.0,0.5,0.5,4.71,-22.18,True
1.06,0.01,0.99,0.2,0.0,0.75,0.25,4.39,-20.13,True
1.06,0.01,0.99,0.2,0.0,1.0,0.0,4.04,-18.0,True
1.06,0.01,0.99,0.2,0.1,0.0,1.0,6.28,-22.67,True
1.06,0.01,0.99,0.2,0.1,0.25,0.75,6.09,-20.85,True
1.06,0.01,0.99,0.2,0.1,0.5,0.5,5.89,-18.97,True
1.06,0.01,0.99,0.2,0.1,0.75,0.25,5.67,-17.01,True
1.06,0.01,0.99,0.2,0.1,1.0,0.0,5.44,-14.99,True
1.06,0.01,0.99,0.2,0.2,0.0,1.0,7.23,-19.1,True
1.06,0.01,0.99,0.2,0.2,0.25,0.75,7.09,-17.84,True
1.06,0.01,0.99,0.2,0.2,0.5,0.5,6.93,-16.99,True
1.06,0.01,0.99,0.2,0.2,0.75,0.25,6.77,-16.07,True
1.06,0.01,0.99,0.2,0.2,1.0,0.0,6.59,-15.05,True
1.06,0.01,0.99,0.2,0.3,0.0,1.0,8.12,-18.61,True
1.06,0.01,0.99,0.2,0.3,0.25,0.75,7.99,-17.98,True
1.06,0.01,0.99,0.2,0.3,0.5,0.5,7.86,-17.29,True
1.06,0.01,0.99,0.2,0.3,0.75,0.25,7.72,-16.56,True
1.06,0.01,0.99,0.2,0.3,1.0,0.0,7.57,-15.78,True
1.06,0.01,0.99,0.3,0.0,0.0,1.0,5.68,-24.23,True
1.06,0.01,0.99,0.3,0.0,0.25,0.75,5.38,-22.46,True
1.06,0.01,0.99,0.3,0.0,0.5,0.5,5.06,-20.62,True
1.06,0.01,0.99,0.3,0.0,0.75,0.25,4.72,-18.7,True
1.06,0.01,0.99,0.3,0.0,1.0,0.0,4.35,-16.68,True
1.06,0.01,0.99,0.3,0.1,0.0,1.0,6.94,-20.96,True
1.06,0.01,0.99,0.3,0.1,0.25,0.75,6.7,-19.41,True
1.06,0.01,0.99,0.3,0.1,0.5,0.5,6.44,-17.83,True
1.06,0.01,0.99,0.3,0.1,0.75,0.25,6.17,-16.23,True
1.06,0.01,0.99,0.3,0.1,1.0,0.0,5.88,-14.61,True
1.06,0.01,0.99,0.3,0.2,0.0,1.0,7.89,-19.44,True
1.06,0.01,0.99,0.3,0.2,0.25,0.75,7.68,-18.01,True
1.06,0.01,0.99,0.3,0.2,0.5,0.5,7.46,-16.92,True
1.06,0.01,0.99,0.3,0.2,0.75,0.25,7.22,-15.96,True
1.06,0.01,0.99,0.3,0.2,1.0,0.0,6.98,-14.9,True
1.06,0.01,0.99,0.3,0.3,0.0,1.0,8.61,-18.61,True
1.06,0.01,0.99,0.3,0.3,0.25,0.75,8.43,-17.94,True
1.06,0.01,0.99,0.3,0.3,0.5,0.5,8.24,-17.21,True
1.06,0.01,0.99,0.3,0.3,0.75,0.25,8.04,-16.43,True
1.06,0.01,0.99,0.3,0.3,1.0,0.0,7.84,-15.6,True
1.06,0.01,0.99,0.4,0.0,0.0,1.0,6.46,-24.15,True
1.06,0.01,0.99,0.4,0.0,0.25,0.75,6.1,-22.41,True
1.06,0.01,0.99,0.4,0.0,0.5,0.5,5.72,-20.62,True
1.06,0.01,0.99,0.4,0.0,0.75,0.25,5.31,-18.78,True
1.06,0.01,0.99,0.4,0.0,1.0,0.0,4.86,-16.87,True
1.06,0.01,0.99,0.4,0.1,0.0,1.0,7.55,-22.26,True
1.06,0.01,0.99,0.4,0.1,0.25,0.75,7.25,-20.65,True
1.06,0.01,0.99,0.4,0.1,0.5,0.5,6.92,-19.01,True
1.06,0.01,0.99,0.4,0.1,0.75,0.25,6.59,-17.33,True
1.06,0.01,0.99,0.4,0.1,1.0,0.0,6.24,-15.61,True
1.06,0.01,0.99,0.4,0.2,0.0,1.0,8.36,-19.89,True
1.06,0.01,0.99,0.4,0.2,0.25,0.75,8.1,-18.37,True
1.06,0.01,0.99,0.4,0.2,0.5,0.5,7.83,-16.87,True
1.06,0.01,0.99,0.4,0.2,0.75,0.25,7.56,-15.87,True
1.06,0.01,0.99,0.4,0.2,1.0,0.0,7.27,-14.77,True
1.06,0.01,0.99,0.4,0.3,0.0,1.0,9.06,-18.61,True
1.06,0.01,0.99,0.4,0.3,0.25,0.75,8.83,-17.9,True
1.06,0.01,0.99,0.4,0.3,0.5,0.5,8.6,-17.14,True
1.06,0.01,0.99,0.4,0.3,0.75,0.25,8.36,-16.32,True
1.06,0.01,0.99,0.4,0.3,1.0,0.0,8.12,-15.44,True
1.06,0.01,1.0,0.1,0.0,0.0,1.0,2.41,-16.25,True
1.06,0.01,1.0,0.1,0.0,0.25,0.75,2.29,-15.0,True
1.06,0.01,1.0,0.1,0.0,0.5,0.5,2.17,-13.7,True
1.06,0.01,1.0,0.1,0.0,0.75,0.25,2.04,-12.36,True
1.06,0.01,1.0,0.1,0.0,1.0,0.0,1.9,-10.96,True
1.06,0.01,1.0,0.1,0.1,0.0,1.0,4.54,-14.25,True
1.06,0.01,1.0,0.1,0.1,0.25,0.75,4.47,-13.01,True
1.06,0.01,1.0,0.1,0.1,0.5,0.5,4.39,-11.72,True
1.06,0.01,1.0,0.1,0.1,0.75,0.25,4.3,-10.93,True
1.06,0.01,1.0,0.1,0.1,1.0,0.0,4.22,-10.54,True
1.06,0.01,1.0,0.1,0.2,0.0,1.0,5.85,-15.6,True
1.06,0.01,1.0,0.1,0.2,0.25,0.75,5.81,-15.22,True
1.06,0.01,1.0,0.1,0.2,0.5,0.5,5.76,-14.85,True
1.06,0.01,1.0,0.1,0.2,0.75,0.25,5.71,-14.43,True
1.06,0.01,1.0,0.1,0.2,1.0,0.0,5.65,-14.02,True
1.06,0.01,1.0,0.1,0.3,0.0,1.0,6.92,-17.12,True
1.06,0.01,1.0,0.1,0.3,0.25,0.75,6.89,-16.74,True
1.06,0.01,1.0,0.1,0.3,0.5,0.5,6.86,-16.37,True
1.06,0.01,1.0,0.1,0.3,0.75,0.25,6.82,-16.01,True
1.06,0.01,1.0,0.1,0.3,1.0,0.0,6.78,-15.67,True
1.06,0.01,1.0,0.2,0.0,0.0,1.0,2.43,-19.87,True
1.06,0.01,1.0,0.2,0.0,0.25,0.75,2.35,-18.37,True
1.06,0.01,1.0,0.2,0.0,0.5,0.5,2.26,-16.82,True
1.06,0.01,1.0,0.2,0.0,0.75,0.25,2.16,-15.21,True
1.06,0.01,1.0,0.2,0.0,1.0,0.0,2.05,-13.53,True
1.06,0.01,1.0,0.2,0.1,0.0,1.0,4.55,-17.06,True
1.06,0.01,1.0,0.2,0.1,0.25,0.75,4.5,-15.61,True
1.06,0.01,1.0,0.2,0.1,0.5,0.5,4.44,-14.6,True
1.06,0.01,1.0,0.2,0.1,0.75,0.25,4.37,-13.82,True
1.06,0.01,1.0,0.2,0.1,1.0,0.0,4.3,-13.05,True
1.06,0.01,1.0,0.2,0.2,0.0,1.0,6.06,-17.15,True
1.06,0.01,1.0,0.2,0.2,0.25,0.75,6.01,-16.54,True
1.06,0.01,1.0,0.2,0.2,0.5,0.5,5.95,-15.95,True
1.06,0.01,1.0,0.2,0.2,0.75,0.25,5.89,-15.36,True
1.06,0.01,1.0,0.2,0.2,1.0,0.0,5.83,-14.8,True
1.06,0.01,1.0,0.2,0.3,0.0,1.0,7.2,-17.47,True
1.06,0.01,1.0,0.2,0.3,0.25,0.75,7.15,-17.0,True
1.06,0.01,1.0,0.2,0.3,0.5,0.5,7.1,-16.56,True
1.06,0.01,1.0,0.2,0.3,0.75,0.25,7.04,-16.13,True
1.06,0.01,1.0,0.2,0.3,1.0,0.0,6.97,-15.73,True
1.06,0.01,1.0,0.3,0.0,0.0,1.0,2.82,-22.78,True
1.06,0.01,1.0,0.3,0.0,0.25,0.75,2.72,-21.1,True
1.06,0.01,1.0,0.3,0.0,0.5,0.5,2.61,-19.31,True
1.06,0.01,1.0,0.3,0.0,0.75,0.25,2.49,-17.42,True
1.06,0.01,1.0,0.3,0.0,1.0,0.0,2.35,-15.51,True
1.06,0.01,1.0,0.3,0.1,0.0,1.0,5.12,-20.62,True
1.06,0.01,1.0,0.3,0.1,0.25,0.75,5.02,-19.11,True
1.06,0.01,1.0,0.3,0.1,0.5,0.5,4.92,-17.59,True
1.06,0.01,1.0,0.3,0.1,0.75,0.25,4.8,-16.03,True
1.06,0.01,1.0,0.3,0.1,1.0,0.0,4.68,-14.45,True
1.06,0.01,1.0,0.3,0.2,0.0,1.0,6.49,-18.85,True
1.06,0.01,1.0,0.3,0.2,0.25,0.75,6.4,-17.5,True
1.06,0.01,1.0,0.3,0.2,0.5,0.5,6.3,-16.14,True
1.06,0.01,1.0,0.3,0.2,0.75,0.25,6.2,-15.16,True
1.06,0.01,1.0,0.3,0.2,1.0,0.0,6.1,-14.58,True
1.06,0.01,1.0,0.3,0.3,0.0,1.0,7.54,-17.35,True
1.06,0.01,1.0,0.3,0.3,0.25,0.75,7.46,-16.85,True
1.06,0.01,1.0,0.3,0.3,0.5,0.5,7.38,-16.37,True
1.06,0.01,1.0,0.3,0.3,0.75,0.25,7.29,-15.92,True
1.06,0.01,1.0,0.3,0.3,1.0,0.0,7.2,-15.51,True
1.06,0.01,1.0,0.4,0.0,0.0,1.0,3.58,-24.15,True
1.06,0.01,1.0,0.4,0.0,0.25,0.75,3.42,-22.41,True
1.06,0.01,1.0,0.4,0.0,0.5,0.5,3.25,-20.62,True
1.06,0.01,1.0,0.4,0.0,0.75,0.25,3.07,-18.78,True
1.06,0.01,1.0,0.4,0.0,1.0,0.0,2.87,-16.87,True
1.06,0.01,1.0,0.4,0.1,0.0,1.0,5.54,-21.78,True
1.06,0.01,1.0,0.4,0.1,0.25,0.75,5.4,-20.23,True
1.06,0.01,1.0,0.4,0.1,0.5,0.5,5.26,-18.65,True
1.06,0.01,1.0,0.4,0.1,0.75,0.25,5.11,-17.0,True
1.06,0.01,1.0,0.4,0.1,1.0,0.0,4.95,-15.31,True
1.06,0.01,1.0,0.4,0.2,0.0,1.0,6.86,-18.85,True
1.06,0.01,1.0,0.4,0.2,0.25,0.75,6.75,-17.45,True
1.06,0.01,1.0,0.4,0.2,0.5,0.5,6.62,-16.03,True
1.06,0.01,1.0,0.4,0.2,0.75,0.25,6.49,-14.98,True
1.06,0.01,1.0,0.4,0.2,1.0,0.0,6.36,-14.39,True
1.06,0.01,1.0,0.4,0.3,0.0,1.0,7.92,-17.23,True
1.06,0.01,1.0,0.4,0.3,0.25,0.75,7.81,-16.69,True
1.06,0.01,1.0,0.4,0.3,0.5,0.5,7.69,-16.17,True
1.06,0.01,1.0,0.4,0.3,0.75,0.25,7.56,-15.7,True
1.06,0.01,1.0,0.4,0.3,1.0,0.0,7.43,-15.26,True
1.06,0.01,1.01,0.1,0.0,0.0,1.0,1.8,-14.49,True
1.06,0.01,1.01,0.1,0.0,0.25,0.75,1.71,-13.37,True
1.06,0.01,1.01,0.1,0.0,0.5,0.5,1.62,-12.22,True
1.06,0.01,1.01,0.1,0.0,0.75,0.25,1.51,-11.03,True
1.06,0.01,1.01,0.1,0.0,1.0,0.0,1.4,-9.79,True
1.06,0.01,1.01,0.1,0.1,0.0,1.0,3.91,-12.69,True
1.06,0.01,1.01,0.1,0.1,0.25,0.75,3.88,-11.57,True
1.06,0.01,1.01,0.1,0.1,0.5,0.5,3.84,-10.42,True
1.06,0.01,1.01,0.1,0.1,0.75,0.25,3.8,-9.23,True
1.06,0.01,1.01,0.1,0.1,1.0,0.0,3.75,-8.0,True
1.06,0.01,1.01,0.1,0.2,0.0,1.0,5.4,-12.02,True
1.06,0.01,1.01,0.1,0.2,0.25,0.75,5.38,-11.94,True
1.06,0.01,1.01,0.1,0.2,0.5,0.5,5.37,-11.87,True
1.06,0.01,1.01,0.1,0.2,0.75,0.25,5.35,-11.81,True
1.06,0.01,1.01,0.1,0.2,1.0,0.0,5.32,-11.75,True
1.06,0.01,1.01,0.1,0.3,0.0,1.0,6.58,-14.66,True
1.06,0.01,1.01,0.1,0.3,0.25,0.75,6.58,-14.54,True
1.06,0.01,1.01,0.1,0.3,0.5,0.5,6.57,-14.44,True
1.06,0.01,1.01,0.1,0.3,0.75,0.25,6.55,-14.34,True
1.06,0.01,1.01,0.1,0.3,1.0,0.0,6.54,-14.25,True
1.06,0.01,1.01,0.2,0.0,0.0,1.0,1.37,-18.21,True
1.06,0.01,1.01,0.2,0.0,0.25,0.75,1.35,-16.84,True
1.06,0.01,1.01,0.2,0.0,0.5,0.5,1.32,-15.43,True
1.06,0.01,1.01,0.2,0.0,0.75,0.25,1.28,-13.96,True
1.06,0.01,1.01,0.2,0.0,1.0,0.0,1.22,-12.43,True
1.06,0.01,1.01,0.2,0.1,0.0,1.0,3.85,-15.62,True
1.06,0.01,1.01,0.2,0.1,0.25,0.75,3.84,-14.28,True
1.06,0.01,1.01,0.2,0.1,0.5,0.5,3.83,-12.9,True
1.06,0.01,1.01,0.2,0.1,0.75,0.25,3.81,-11.47,True
1.06,0.01,1.01,0.2,0.1,1.0,0.0,3.78,-10.0,True
1.06,0.01,1.01,0.2,0.2,0.0,1.0,5.5,-14.29,True
1.06,0.01,1.01,0.2,0.2,0.25,0.75,5.49,-13.97,True
1.06,0.01,1.01,0.2,0.2,0.5,0.5,5.47,-13.67,True
1.06,0.01,1.01,0.2,0.2,0.75,0.25,5.45,-13.38,True
1.06,0.01,1.01,0.2,0.2,1.0,0.0,5.43,-13.11,True
1.06,0.01,1.01,0.2,0.3,0.0,1.0,6.73,-15.8,True
1.06,0.01,1.01,0.2,0.3,0.25,0.75,6.71,-15.54,True
1.06,0.01,1.01,0.2,0.3,0.5,0.5,6.7,-15.29,True
1.06,0.01,1.01,0.2,0.3,0.75,0.25,6.68,-15.06,True
1.06,0.01,1.01,0.2,0.3,1.0,0.0,6.65,-14.84,True
1.06,0.01,1.01,0.3,0.0,0.0,1.0,1.59,-16.17,True
1.06,0.01,1.01,0.3,0.0,0.25,0.75,1.57,-14.96,True
1.06,0.01,1.01,0.3,0.0,0.5,0.5,1.53,-13.69,True
1.06,0.01,1.01,0.3,0.0,0.75,0.25,1.48,-12.37,True
1.06,0.01,1.01,0.3,0.0,1.0,0.0,1.42,-10.99,True
1.06,0.01,1.01,0.3,0.1,0.0,1.0,4.15,-13.4,True
1.06,0.01,1.01,0.3,0.1,0.25,0.75,4.12,-12.32,True
1.06,0.01,1.01,0.3,0.1,0.5,0.5,4.08,-11.61,True
1.06,0.01,1.01,0.3,0.1,0.75,0.25,4.04,-11.15,True
1.06,0.01,1.01,0.3,0.1,1.0,0.0,3.99,-10.69,True
1.06,0.01,1.01,0.3,0.2,0.0,1.0,5.72,-14.81,True
1.06,0.01,1.01,0.3,0.2,0.25,0.75,5.7,-14.44,True
1.06,0.01,1.01,0.3,0.2,0.5,0.5,5.67,-14.07,True
1.06,0.01,1.01,0.3,0.2,0.75,0.25,5.63,-13.72,True
1.06,0.01,1.01,0.3,0.2,1.0,0.0,5.59,-13.39,True
1.06,0.01,1.01,0.3,0.3,0.0,1.0,6.95,-16.1,True
1.06,0.01,1.01,0.3,0.3,0.25,0.75,6.92,-15.8,True
1.06,0.01,1.01,0.3,0.3,0.5,0.5,6.89,-15.52,True
1.06,0.01,1.01,0.3,0.3,0.75,0.25,6.85,-15.24,True
1.06,0.01,1.01,0.3,0.3,1.0,0.0,6.81,-14.99,True
1.06,0.01,1.01,0.4,0.0,0.0,1.0,1.9,-15.98,True
1.06,0.01,1.01,0.4,0.0,0.25,0.75,1.87,-14.71,True
1.06,0.01,1.01,0.4,0.0,0.5,0.5,1.81,-13.42,True
1.06,0.01,1.01,0.4,0.0,0.75,0.25,1.75,-12.13,True
1.06,0.01,1.01,0.4,0.0,1.0,0.0,1.67,-10.83,True
1.06,0.01,1.01,0.4,0.1,0.0,1.0,4.32,-17.04,True
1.06,0.01,1.01,0.4,0.1,0.25,0.75,4.28,-15.78,True
1.06,0.01,1.01,0.4,0.1,0.5,0.5,4.24,-14.46,True
1.06,0.01,1.01,0.4,0.1,0.75,0.25,4.19,-13.13,True
1.06,0.01,1.01,0.4,0.1,1.0,0.0,4.13,-11.81,True
1.06,0.01,1.01,0.4,0.2,0.0,1.0,5.96,-15.51,True
1.06,0.01,1.01,0.4,0.2,0.25,0.75,5.92,-14.73,True
1.06,0.01,1.01,0.4,0.2,0.5,0.5,5.88,-14.32,True
1.06,0.01,1.01,0.4,0.2,0.75,0.25,5.83,-13.92,True
1.06,0.01,1.01,0.4,0.2,1.0,0.0,5.77,-13.54,True
1.06,0.01,1.01,0.4,0.3,0.0,1.0,7.08,-16.39,True
1.06,0.01,1.01,0.4,0.3,0.25,0.75,7.04,-16.02,True
1.06,0.01,1.01,0.4,0.3,0.5,0.5,6.99,-15.66,True
1.06,0.01,1.01,0.4,0.3,0.75,0.25,6.95,-15.33,True
1.06,0.01,1.01,0.4,0.3,1.0,0.0,6.89,-15.02,True
1.06,0.01,1.02,0.1,0.0,0.0,1.0,0.91,-14.88,True
1.06,0.01,1.02,0.1,0.0,0.25,0.75,0.87,-13.76,True
1.06,0.01,1.02,0.1,0.0,0.5,0.5,0.83,-12.59,True
1.06,0.01,1.02,0.1,0.0,0.75,0.25,0.79,-11.37,True
1.06,0.01,1.02,0.1,0.0,1.0,0.0,0.74,-10.12,True
1.06,0.01,1.02,0.1,0.1,0.0,1.0,3.39,-12.49,True
1.06,0.01,1.02,0.1,0.1,0.25,0.75,3.39,-11.41,True
1.06,0.01,1.02,0.1,0.1,0.5,0.5,3.39,-10.29,True
1.06,0.01,1.02,0.1,0.1,0.75,0.25,3.38,-9.14,True
1.06,0.01,1.02,0.1,0.1,1.0,0.0,3.38,-8.09,True
1.06,0.01,1.02,0.1,0.2,0.0,1.0,5.04,-12.39,True
1.06,0.01,1.02,0.1,0.2,0.25,0.75,5.05,-12.29,True
1.06,0.01,1.02,0.1,0.2,0.5,0.5,5.06,-12.19,True
1.06,0.01,1.02,0.1,0.2,0.75,0.25,5.07,-12.1,True
1.06,0.01,1.02,0.1,0.2,1.0,0.0,5.07,-12.03,True
1.06,0.01,1.02,0.1,0.3,0.0,1.0,6.3,-15.37,True
1.06,0.01,1.02,0.1,0.3,0.25,0.75,6.31,-15.29,True
1.06,0.01,1.02,0.1,0.3,0.5,0.5,6.31,-15.22,True
1.06,0.01,1.02,0.1,0.3,0.75,0.25,6.32,-15.15,True
1.06,0.01,1.02,0.1,0.3,1.0,0.0,6.33,-15.07,True
1.06,0.01,1.02,0.2,0.0,0.0,1.0,0.19,-20.56,True
1.06,0.01,1.02,0.2,0.0,0.25,0.75,0.25,-18.9,True
1.06,0.01,1.02,0.2,0.0,0.5,0.5,0.3,-17.21,True
1.06,0.01,1.02,0.2,0.0,0.75,0.25,0.33,-15.51,True
1.06,0.01,1.02,0.2,0.0,1.0,0.0,0.36,-13.8,True
1.06,0.01,1.02,0.2,0.1,0.0,1.0,3.1,-16.81,True
1.06,0.01,1.02,0.2,0.1,0.25,0.75,3.14,-15.43,True
1.06,0.01,1.02,0.2,0.1,0.5,0.5,3.17,-14.0,True
1.06,0.01,1.02,0.2,0.1,0.75,0.25,3.2,-12.53,True
1.06,0.01,1.02,0.2,0.1,1.0,0.0,3.22,-11.01,True
1.06,0.01,1.02,0.2,0.2,0.0,1.0,4.94,-14.16,True
1.06,0.01,1.02,0.2,0.2,0.25,0.75,4.96,-13.87,True
1.06,0.01,1.02,0.2,0.2,0.5,0.5,4.98,-13.64,True
1.06,0.01,1.02,0.2,0.2,0.75,0.25,5.0,-13.42,True
1.06,0.01,1.02,0.2,0.2,1.0,0.0,5.01,-13.2,True
1.06,0.01,1.02,0.2,0.3,0.0,1.0,6.27,-16.1,True
1.06,0.01,1.02,0.2,0.3,0.25,0.75,6.29,-15.96,True
1.06,0.01,1.02,0.2,0.3,0.5,0.5,6.3,-15.83,True
1.06,0.01,1.02,0.2,0.3,0.75,0.25,6.32,-15.7,True
1.06,0.01,1.02,0.2,0.3,1.0,0.0,6.33,-15.57,True
1.06,0.01,1.02,0.3,0.0,0.0,1.0,-0.14,-25.16,True
1.06,0.01,1.02,0.3,0.0,0.25,0.75,-0.04,-23.14,True
1.06,0.01,1.02,0.3,0.0,0.5,0.5,0.05,-21.09,True
1.06,0.01,1.02,0.3,0.0,0.75,0.25,0.13,-19.02,True
1.06,0.01,1.02,0.3,0.0,1.0,0.0,0.19,-16.92,True
1.06,0.01,1.02,0.3,0.1,0.0,1.0,3.1,-17.89,True
1.06,0.01,1.02,0.3,0.1,0.25,0.75,3.14,-16.42,True
1.06,0.01,1.02,0.3,0.1,0.5,0.5,3.18,-14.9,True
1.06,0.01,1.02,0.3,0.1,0.75,0.25,3.22,-13.33,True
1.06,0.01,1.02,0.3,0.1,1.0,0.0,3.25,-11.7,True
1.06,0.01,1.02,0.3,0.2,0.0,1.0,4.99,-14.2,True
1.06,0.01,1.02,0.3,0.2,0.25,0.75,5.02,-13.95,True
1.06,0.01,1.02,0.3,0.2,0.5,0.5,5.04,-13.71,True
1.06,0.01,1.02,0.3,0.2,0.75,0.25,5.06,-13.48,True
1.06,0.01,1.02,0.3,0.2,1.0,0.0,5.07,-13.25,True
1.06,0.01,1.02,0.3,0.3,0.0,1.0,6.29,-16.43,True
1.06,0.01,1.02,0.3,0.3,0.25,0.75,6.31,-16.27,True
1.06,0.01,1.02,0.3,0.3,0.5,0.5,6.33,-16.12,True
1.06,0.01,1.02,0.3,0.3,0.75,0.25,6.35,-15.97,True
1.06,0.01,1.02,0.3,0.3,1.0,0.0,6.36,-15.81,True
1.06,0.01,1.02,0.4,0.0,0.0,1.0,-0.11,-24.32,True
1.06,0.01,1.02,0.4,0.0,0.25,0.75,0.0,-22.33,True
1.06,0.01,1.02,0.4,0.0,0.5,0.5,0.1,-20.32,True
1.06,0.01,1.02,0.4,0.0,0.75,0.25,0.18,-18.28,True
1.06,0.01,1.02,0.4,0.0,1.0,0.0,0.25,-16.23,True
1.06,0.01,1.02,0.4,0.1,0.0,1.0,3.18,-17.2,True
1.06,0.01,1.02,0.4,0.1,0.25,0.75,3.22,-15.77,True
1.06,0.01,1.02,0.4,0.1,0.5,0.5,3.26,-14.31,True
1.06,0.01,1.02,0.4,0.1,0.75,0.25,3.29,-12.79,True
1.06,0.01,1.02,0.4,0.1,1.0,0.0,3.31,-11.55,True
1.06,0.01,1.02,0.4,0.2,0.0,1.0,5.05,-14.5,True
1.06,0.01,1.02,0.4,0.2,0.25,0.75,5.08,-14.01,True
1.06,0.01,1.02,0.4,0.2,0.5,0.5,5.1,-13.74,True
1.06,0.01,1.02,0.4,0.2,0.75,0.25,5.11,-13.49,True
1.06,0.01,1.02,0.4,0.2,1.0,0.0,5.12,-13.25,True
1.06,0.01,1.02,0.4,0.3,0.0,1.0,6.31,-16.41,True
1.06,0.01,1.02,0.4,0.3,0.25,0.75,6.33,-16.25,True
1.06,0.01,1.02,0.4,0.3,0.5,0.5,6.35,-16.09,True
1.06,0.01,1.02,0.4,0.3,0.75,0.25,6.36,-15.94,True
1.06,0.01,1.02,0.4,0.3,1.0,0.0,6.37,-15.79,True
1.06,0.015,0.95,0.1,0.0,0.0,1.0,3.69,-26.93,True
1.06,0.015,0.95,0.1,0.0,0.25,0.75,3.44,-25.26,True
1.06,0.015,0.95,0.1,0.0,0.5,0.5,3.19,-23.37,True
1.06,0.015,0.95,0.1,0.0,0.75,0.25,2.92,-21.22,True
1.06,0.015,0.95,0.1,0.0,1.0,0.0,2.64,-18.74,True
1.06,0.015,0.95,0.1,0.1,0.0,1.0,5.39,-25.62,True
1.06,0.015,0.95,0.1,0.1,0.25,0.75,5.18,-24.18,True
1.06,0.015,0.95,0.1,0.1,0.5,0.5,4.96,-22.57,True
1.06,0.015,0.95,0.1,0.1,0.75,0.25,4.73,-20.77,True
1.06,0.015,0.95,0.1,0.1,1.0,0.0,4.49,-18.72,True
1.06,0.015,0.95,0.1,0.2,0.0,1.0,6.69,-24.59,True
1.06,0.015,0.95,0.1,0.2,0.25,0.75,6.5,-23.33,True
1.06,0.015,0.95,0.1,0.2,0.5,0.5,6.3,-21.95,True
1.06,0.015,0.95,0.1,0.2,0.75,0.25,6.09,-20.41,True
1.06,0.015,0.95,0.1,0.2,1.0,0.0,5.88,-18.71,True
1.06,0.015,0.95,0.1,0.3,0.0,1.0,7.7,-23.7,True
1.06,0.015,0.95,0.1,0.3,0.25,0.75,7.54,-22.59,True
1.06,0.015,0.95,0.1,0.3,0.5,0.5,7.37,-21.41,True
1.06,0.015,0.95,0.1,0.3,0.75,0.25,7.18,-20.11,True
1.06,0.015,0.95,0.1,0.3,1.0,0.0,6.99,-18.7,True
1.06,0.015,0.95,0.2,0.0,0.0,1.0,6.3,-26.93,True
1.06,0.015,0.95,0.2,0.0,0.25,0.75,5.93,-25.32,True
1.06,0.015,0.95,0.2,0.0,0.5,0.5,5.53,-23.46,True
1.06,0.015,0.95,0.2,0.0,0.75,0.25,5.12,-21.3,True
1.06,0.015,0.95,0.2,0.0,1.0,0.0,4.67,-18.74,True
1.06,0.015,0.95,0.2,0.1,0.0,1.0,7.4,-26.03,True
1.06,0.015,0.95,0.2,0.1,0.25,0.75,7.11,-24.52,True
1.06,0.015,0.95,0.2,0.1,0.5,0.5,6.78,-22.81,True
1.06,0.015,0.95,0.2,0.1,0.75,0.25,6.44,-20.9,True
1.06,0.015,0.95,0.2,0.1,1.0,0.0,6.08,-18.73,True
1.06,0.015,0.95,0.2,0.2,0.0,1.0,8.16,-25.23,True
1.06,0.015,0.95,0.2,0.2,0.25,0.75,7.91,-23.82,True
1.06,0.015,0.95,0.2,0.2,0.5,0.5,7.64,-22.27,True
1.06,0.015,0.95,0.2,0.2,0.75,0.25,7.36,-20.57,True
1.06,0.015,0.95,0.2,0.2,1.0,0.0,7.08,-18.71,True
1.06,0.015,0.95,0.2,0.3,0.0,1.0,8.82,-24.51,True
1.06,0.015,0.95,0.2,0.3,0.25,0.75,8.61,-23.2,True
1.06,0.015,0.95,0.2,0.3,0.5,0.5,8.39,-21.79,True
1.06,0.015,0.95,0.2,0.3,0.75,0.25,8.18,-20.29,True
1.06,0.015,0.95,0.2,0.3,1.0,0.0,7.96,-18.7,True
1.06,0.015,0.95,0.3,0.0,0.0,1.0,7.81,-26.93,True
1.06,0.015,0.95,0.3,0.0,0.25,0.75,7.38,-25.32,True
1.06,0.015,0.95,0.3,0.0,0.5,0.5,6.92,-23.47,True
1.06,0.015,0.95,0.3,0.0,0.75,0.25,6.42,-21.3,True
1.06,0.015,0.95,0.3,0.0,1.0,0.0,5.87,-18.74,True
1.06,0.015,0.95,0.3,0.1,0.0,1.0,8.4,-26.19,True
1.06,0.015,0.95,0.3,0.1,0.25,0.75,8.06,-24.66,True
1.06,0.015,0.95,0.3,0.1,0.5,0.5,7.7,-22.93,True
1.06,0.015,0.95,0.3,0.1,0.75,0.25,7.31,-20.96,True
1.06,0.015,0.95,0.3,0.1,1.0,0.0,6.89,-18.73,True
1.06,0.015,0.95,0.3,0.2,0.0,1.0,8.91,-25.45,True
1.06,0.015,0.95,0.3,0.2,0.25,0.75,8.63,-24.0,True
1.06,0.015,0.95,0.3,0.2,0.5,0.5,8.34,-22.41,True
1.06,0.015,0.95,0.3,0.2,0.75,0.25,8.02,-20.65,True
1.06,0.015,0.95,0.3,0.2,1.0,0.0,7.68,-18.72,True
1.06,0.015,0.95,0.3,0.3,0.0,1.0,9.38,-24.7,True
1.06,0.015,0.95,0.3,0.3,0.25,0.75,9.15,-23.36,True
1.06,0.015,0.95,0.3,0.3,0.5,0.5,8.89,-21.91,True
1.06,0.015,0.95,0.3,0.3,0.75,0.25,8.61,-20.35,True
1.06,0.015,0.95,0.3,0.3,1.0,0.0,8.31,-18.71,True
1.06,0.015,0.95,0.4,0.0,0.0,1.0,8.36,-26.93,True
1.06,0.015,0.95,0.4,0.0,0.25,0.75,7.93,-25.32,True
1.06,0.015,0.95,0.4,0.0,0.5,0.5,7.46,-23.46,True
1.06,0.015,0.95,0.4,0.0,0.75,0.25,6.93,-21.3,True
1.06,0.015,0.95,0.4,0.0,1.0,0.0,6.35,-18.74,True
1.06,0.015,0.95,0.4,0.1,0.0,1.0,8.89,-26.22,True
1.06,0.015,0.95,0.4,0.1,0.25,0.75,8.53,-24.68,True
1.06,0.015,0.95,0.4,0.1,0.5,0.5,8.13,-22.94,True
1.06,0.015,0.95,0.4,0.1,0.75,0.25,7.71,-20.97,True
1.06,0.015,0.95,0.4,0.1,1.0,0.0,7.25,-18.73,True
1.06,0.015,0.95,0.4,0.2,0.0,1.0,9.3,-25.5,True
1.06,0.015,0.95,0.4,0.2,0.25,0.75,8.99,-24.04,True
1.06,0.015,0.95,0.4,0.2,0.5,0.5,8.64,-22.43,True
1.06,0.015,0.95,0.4,0.2,0.75,0.25,8.28,-20.66,True
1.06,0.015,0.95,0.4,0.2,1.0,0.0,7.89,-18.72,True
1.06,0.015,0.95,0.4,0.3,0.0,1.0,9.53,-24.72,True
1.06,0.015,0.95,0.4,0.3,0.25,0.75,9.28,-23.37,True
1.06,0.015,0.95,0.4,0.3,0.5,0.5,9.0,-21.92,True
1.06,0.015,0.95,0.4,0.3,0.75,0.25,8.72,-20.36,True
1.06,0.015,0.95,0.4,0.3,1.0,0.0,8.42,-18.71,True
1.06,0.015,0.97,0.1,0.0,0.0,1.0,3.23,-23.38,True
1.06,0.015,0.97,0.1,0.0,0.25,0.75,3.02,-21.91,True
1.06,0.015,0.97,0.1,0.0,0.5,0.5,2.8,-20.24,True
1.06,0.015,0.97,0.1,0.0,0.75,0.25,2.57,-18.34,True
1.06,0.015,0.97,0.1,0.0,1.0,0.0,2.33,-16.16,True
1.06,0.015,0.97,0.1,0.1,0.0,1.0,5.2,-22.44,True
1.06,0.015,0.97,0.1,0.1,0.25,0.75,5.04,-21.24,True
1.06,0.015,0.97,0.1,0.1,0.5,0.5,4.87,-19.92,True
1.06,0.015,0.97,0.1,0.1,0.75,0.25,4.7,-18.45,True
1.06,0.015,0.97,0.1,0.1,1.0,0.0,4.53,-16.79,True
1.06,0.015,0.97,0.1,0.2,0.0,1.0,6.53,-21.77,True
1.06,0.015,0.97,0.1,0.2,0.25,0.75,6.4,-20.78,True
1.06,0.015,0.97,0.1,0.2,0.5,0.5,6.26,-19.69,True
1.06,0.015,0.97,0.1,0.2,0.75,0.25,6.12,-18.51,True
1.06,0.015,0.97,0.1,0.2,1.0,0.0,5.98,-17.2,True
1.06,0.015,0.97,0.1,0.3,0.0,1.0,7.46,-21.19,True
1.06,0.015,0.97,0.1,0.3,0.25,0.75,7.35,-20.36,True
1.06,0.015,0.97,0.1,0.3,0.5,0.5,7.24,-19.48,True
1.06,0.015,0.97,0.1,0.3,0.75,0.25,7.12,-18.54,True
1.06,0.015,0.97,0.1,0.3,1.0,0.0,7.0,-17.52,True
1.06,0.015,0.97,0.2,0.0,0.0,1.0,5.33,-23.38,True
1.06,0.015,0.97,0.2,0.0,0.25,0.75,5.01,-21.96,True
1.06,0.015,0.97,0.2,0.0,0.5,0.5,4.68,-20.32,True
1.06,0.015,0.97,0.2,0.0,0.75,0.25,4.33,-18.42,True
1.06,0.015,0.97,0.2,0.0,1.0,0.0,3.95,-16.16,True
1.06,0.015,0.97,0.2,0.1,0.0,1.0,6.4,-22.59,True
1.06,0.015,0.97,0.2,0.1,0.25,0.75,6.17,-21.37,True
1.06,0.015,0.97,0.2,0.1,0.5,0.5,5.92,-20.0,True
1.06,0.015,0.97,0.2,0.1,0.75,0.25,5.66,-18.46,True
1.06,0.015,0.97,0.2,0.1,1.0,0.0,5.39,-16.72,True
1.06,0.015,0.97,0.2,0.2,0.0,1.0,7.18,-21.88,True
1.06,0.015,0.97,0.2,0.2,0.25,0.75,7.01,-20.86,True
1.06,0.015,0.97,0.2,0.2,0.5,0.5,6.83,-19.73,True
1.06,0.015,0.97,0.2,0.2,0.75,0.25,6.65,-18.5,True
1.06,0.015,0.97,0.2,0.2,1.0,0.0,6.46,-17.15,True
1.06,0.015,0.97,0.2,0.3,0.0,1.0,8.0,-21.29,True
1.06,0.015,0.97,0.2,0.3,0.25,0.75,7.87,-20.44,True
1.06,0.015,0.97,0.2,0.3,0.5,0.5,7.73,-19.52,True
1.06,0.015,0.97,0.2,0.3,0.75,0.25,7.58,-18.53,True
1.06,0.015,0.97,0.2,0.3,1.0,0.0,7.43,-17.47,True
1.06,0.015,0.97,0.3,0.0,0.0,1.0,5.79,-23.38,True
1.06,0.015,0.97,0.3,0.0,0.25,0.75,5.48,-21.96,True
1.06,0.015,0.97,0.3,0.0,0.5,0.5,5.14,-20.32,True
1.06,0.015,0.97,0.3,0.0,0.75,0.25,4.77,-18.42,True
1.06,0.015,0.97,0.3,0.0,1.0,0.0,4.38,-16.16,True
1.06,0.015,0.97,0.3,0.1,0.0,1.0,6.78,-22.6,True
1.06,0.015,0.97,0.3,0.1,0.25,0.75,6.55,-21.37,True
1.06,0.015,0.97,0.3,0.1,0.5,0.5,6.3,-20.0,True
1.06,0.015,0.97,0.3,0.1,0.75,0.25,6.03,-18.46,True
1.06,0.015,0.97,0.3,0.1,1.0,0.0,5.75,-16.71,True
1.06,0.015,0.97,0.3,0.2,0.0,1.0,7.65,-21.92,True
1.06,0.015,0.97,0.3,0.2,0.25,0.75,7.46,-20.88,True
1.06,0.015,0.97,0.3,0.2,0.5,0.5,7.24,-19.74,True
1.06,0.015,0.97,0.3,0.2,0.75,0.25,7.03,-18.49,True
1.06,0.015,0.97,0.3,0.2,1.0,0.0,6.8,-17.13,True
1.06,0.015,0.97,0.3,0.3,0.0,1.0,8.25,-21.33,True
1.06,0.015,0.97,0.3,0.3,0.25,0.75,8.09,-20.45,True
1.06,0.015,0.97,0.3,0.3,0.5,0.5,7.93,-19.52,True
1.06,0.015,0.97,0.3,0.3,0.75,0.25,7.76,-18.52,True
1.06,0.015,0.97,0.3,0.3,1.0,0.0,7.59,-17.46,True
1.06,0.015,0.97,0.4,0.0,0.0,1.0,6.26,-23.38,True
1.06,0.015,0.97,0.4,0.0,0.25,0.75,5.92,-21.96,True
1.06,0.015,0.97,0.4,0.0,0.5,0.5,5.55,-20.32,True
1.06,0.015,0.97,0.4,0.0,0.75,0.25,5.16,-18.42,True
1.06,0.015,0.97,0.4,0.0,1.0,0.0,4.75,-16.16,True
1.06,0.015,0.97,0.4,0.1,0.0,1.0,7.21,-22.62,True
1.06,0.015,0.97,0.4,0.1,0.25,0.75,6.94,-21.39,True
1.06,0.015,0.97,0.4,0.1,0.5,0.5,6.65,-20.01,True
1.06,0.015,0.97,0.4,0.1,0.75,0.25,6.35,-18.45,True
1.06,0.015,0.97,0.4,0.1,1.0,0.0,6.03,-16.7,True
1.06,0.015,0.97,0.4,0.2,0.0,1.0,7.85,-21.96,True
1.06,0.015,0.97,0.4,0.2,0.25,0.75,7.63,-20.9,True
1.06,0.015,0.97,0.4,0.2,0.5,0.5,7.41,-19.74,True
1.06,0.015,0.97,0.4,0.2,0.75,0.25,7.18,-18.49,True
1.06,0.015,0.97,0.4,0.2,1.0,0.0,6.94,-17.12,True
1.06,0.015,0.97,0.4,0.3,0.0,1.0,8.34,-21.33,True
1.06,0.015,0.97,0.4,0.3,0.25,0.75,8.18,-20.45,True
1.06,0.015,0.97,0.4,0.3,0.5,0.5,8.01,-19.51,True
1.06,0.015,0.97,0.4,0.3,0.75,0.25,7.84,-18.51,True
1.06,0.015,0.97,0.4,0.3,1.0,0.0,7.66,-17.46,True
1.06,0.015,0.99,0.1,0.0,0.0,1.0,3.15,-18.59,True
1.06,0.015,0.99,0.1,0.0,0.25,0.75,2.93,-17.38,True
1.06,0.015,0.99,0.1,0.0,0.5,0.5,2.7,-16.02,True
1.06,0.015,0.99,0.1,0.0,0.75,0.25,2.47,-14.46,True
1.06,0.015,0.99,0.1,0.0,1.0,0.0,2.22,-12.68,True
1.06,0.015,0.99,0.1,0.1,0.0,1.0,5.01,-18.6,True
1.06,0.015,0.99,0.1,0.1,0.25,0.75,4.85,-17.68,True
1.06,0.015,0.99,0.1,0.1,0.5,0.5,4.69,-16.66,True
1.06,0.015,0.99,0.1,0.1,0.75,0.25,4.52,-15.52,True
1.06,0.015,0.99,0.1,0.1,1.0,0.0,4.34,-14.24,True
1.06,0.015,0.99,0.1,0.2,0.0,1.0,6.28,-18.61,True
1.06,0.015,0.99,0.1,0.2,0.25,0.75,6.16,-17.88,True
1.06,0.015,0.99,0.1,0.2,0.5,0.5,6.03,-17.09,True
1.06,0.015,0.99,0.1,0.2,0.75,0.25,5.9,-16.22,True
1.06,0.015,0.99,0.1,0.2,1.0,0.0,5.76,-15.27,True
1.06,0.015,0.99,0.1,0.3,0.0,1.0,7.2,-18.62,True
1.06,0.015,0.99,0.1,0.3,0.25,0.75,7.1,-18.05,True
1.06,0.015,0.99,0.1,0.3,0.5,0.5,7.0,-17.43,True
1.06,0.015,0.99,0.1,0.3,0.75,0.25,6.9,-16.77,True
1.06,0.015,0.99,0.1,0.3,1.0,0.0,6.8,-16.06,True
1.06,0.015,0.99,0.2,0.0,0.0,1.0,4.42,-27.42,True
1.06,0.015,0.99,0.2,0.0,0.25,0.75,4.15,-25.46,True
1.06,0.015,0.99,0.2,0.0,0.5,0.5,3.87,-23.43,True
1.06,0.015,0.99,0.2,0.0,0.75,0.25,3.56,-21.31,True
1.06,0.015,0.99,0.2,0.0,1.0,0.0,3.24,-19.09,True
1.06,0.015,0.99,0.2,0.1,0.0,1.0,5.69,-25.22,True
1.06,0.015,0.99,0.2,0.1,0.25,0.75,5.5,-23.28,True
1.06,0.015,0.99,0.2,0.1,0.5,0.5,5.3,-21.28,True
1.06,0.015,0.99,0.2,0.1,0.75,0.25,5.09,-19.2,True
1.06,0.015,0.99,0.2,0.1,1.0,0.0,4.87,-17.03,True
1.06,0.015,0.99,0.2,0.2,0.0,1.0,6.77,-23.0,True
1.06,0.015,0.99,0.2,0.2,0.25,0.75,6.64,-21.04,True
1.06,0.015,0.99,0.2,0.2,0.5,0.5,6.5,-19.03,True
1.06,0.015,0.99,0.2,0.2,0.75,0.25,6.34,-16.98,True
1.06,0.015,0.99,0.2,0.2,1.0,0.0,6.18,-15.22,True
1.06,0.015,0.99,0.2,0.3,0.0,1.0,7.72,-19.48,True
1.06,0.015,0.99,0.2,0.3,0.25,0.75,7.62,-18.03,True
1.06,0.015,0.99,0.2,0.3,0.5,0.5,7.5,-17.4,True
1.06,0.015,0.99,0.2,0.3,0.75,0.25,7.39,-16.73,True
1.06,0.015,0.99,0.2,0.3,1.0,0.0,7.24,-16.0,True
1.06,0.015,0.99,0.3,0.0,0.0,1.0,4.89,-30.93,True
1.06,0.015,0.99,0.3,0.0,0.25,0.75,4.6,-28.74,True
1.06,0.015,0.99,0.3,0.0,0.5,0.5,4.3,-26.46,True
1.06,0.015,0.99,0.3,0.0,0.75,0.25,3.98,-24.09,True
1.06,0.015,0.99,0.3,0.0,1.0,0.0,3.64,-21.61,True
1.06,0.015,0.99,0.3,0.1,0.0,1.0,6.25,-27.66,True
1.06,0.015,0.99,0.3,0.1,0.25,0.75,6.04,-25.52,True
1.06,0.015,0.99,0.3,0.1,0.5,0.5,5.82,-23.31,True
1.06,0.015,0.99,0.3,0.1,0.75,0.25,5.6,-21.01,True
1.06,0.015,0.99,0.3,0.1,1.0,0.0,5.36,-18.62,True
1.06,0.015,0.99,0.3,0.2,0.0,1.0,7.28,-24.17,True
1.06,0.015,0.99,0.3,0.2,0.25,0.75,7.11,-22.1,True
1.06,0.015,0.99,0.3,0.2,0.5,0.5,6.92,-19.97,True
1.06,0.015,0.99,0.3,0.2,0.75,0.25,6.73,-17.77,True
1.06,0.015,0.99,0.3,0.2,1.0,0.0,6.53,-15.51,True
1.06,0.015,0.99,0.3,0.3,0.0,1.0,7.99,-20.68,True
1.06,0.015,0.99,0.3,0.3,0.25,0.75,7.85,-18.7,True
1.06,0.015,0.99,0.3,0.3,0.5,0.5,7.7,-17.36,True
1.06,0.015,0.99,0.3,0.3,0.75,0.25,7.56,-16.68,True
1.06,0.015,0.99,0.3,0.3,1.0,0.0,7.41,-15.95,True
1.06,0.015,0.99,0.4,0.0,0.0,1.0,5.57,-31.27,True
1.06,0.015,0.99,0.4,0.0,0.25,0.75,5.25,-29.06,True
1.06,0.015,0.99,0.4,0.0,0.5,0.5,4.91,-26.76,True
1.06,0.015,0.99,0.4,0.0,0.75,0.25,4.54,-24.36,True
1.06,0.015,0.99,0.4,0.0,1.0,0.0,4.15,-21.85,True
1.06,0.015,0.99,0.4,0.1,0.0,1.0,6.76,-28.01,True
1.06,0.015,0.99,0.4,0.1,0.25,0.75,6.51,-25.84,True
1.06,0.015,0.99,0.4,0.1,0.5,0.5,6.24,-23.6,True
1.06,0.015,0.99,0.4,0.1,0.75,0.25,5.97,-21.27,True
1.06,0.015,0.99,0.4,0.1,1.0,0.0,5.68,-18.85,True
1.06,0.015,0.99,0.4,0.2,0.0,1.0,7.53,-24.75,True
1.06,0.015,0.99,0.4,0.2,0.25,0.75,7.34,-22.64,True
1.06,0.015,0.99,0.4,0.2,0.5,0.5,7.13,-20.46,True
1.06,0.015,0.99,0.4,0.2,0.75,0.25,6.92,-18.21,True
1.06,0.015,0.99,0.4,0.2,1.0,0.0,6.71,-15.89,True
1.06,0.015,0.99,0.4,0.3,0.0,1.0,8.12,-21.18,True
1.06,0.015,0.99,0.4,0.3,0.25,0.75,7.98,-19.16,True
1.06,0.015,0.99,0.4,0.3,0.5,0.5,7.82,-17.35,True
1.06,0.015,0.99,0.4,0.3,0.75,0.25,7.67,-16.66,True
1.06,0.015,0.99,0.4,0.3,1.0,0.0,7.51,-15.93,True
1.06,0.015,1.0,0.1,0.0,0.0,1.0,0.8,-14.69,True
1.06,0.015,1.0,0.1,0.0,0.25,0.75,0.76,-13.51,True
1.06,0.015,1.0,0.1,0.0,0.5,0.5,0.71,-12.29,True
1.06,0.015,1.0,0.1,0.0,0.75,0.25,0.67,-11.05,True
1.06,0.015,1.0,0.1,0.0,1.0,0.0,0.62,-9.78,True
1.06,0.015,1.0,0.1,0.1,0.0,1.0,3.49,-13.39,True
1.06,0.015,1.0,0.1,0.1,0.25,0.75,3.46,-12.19,True
1.06,0.015,1.0,0.1,0.1,0.5,0.5,3.42,-10.96,True
1.06,0.015,1.0,0.1,0.1,0.75,0.25,3.38,-10.26,True
1.06,0.015,1.0,0.1,0.1,1.0,0.0,3.35,-9.94,True
1.06,0.015,1.0,0.1,0.2,0.0,1.0,5.21,-14.55,True
1.06,0.015,1.0,0.1,0.2,0.25,0.75,5.18,-14.26,True
1.06,0.015,1.0,0.1,0.2,0.5,0.5,5.14,-13.97,True
1.06,0.015,1.0,0.1,0.2,0.75,0.25,5.11,-13.69,True
1.06,0.015,1.0,0.1,0.2,1.0,0.0,5.07,-13.4,True
1.06,0.015,1.0,0.1,0.3,0.0,1.0,6.51,-16.59,True
1.06,0.015,1.0,0.1,0.3,0.25,0.75,6.48,-16.31,True
1.06,0.015,1.0,0.1,0.3,0.5,0.5,6.44,-16.04,True
1.06,0.015,1.0,0.1,0.3,0.75,0.25,6.41,-15.76,True
1.06,0.015,1.0,0.1,0.3,1.0,0.0,6.37,-15.49,True
1.06,0.015,1.0,0.2,0.0,0.0,1.0,1.56,-22.33,True
1.06,0.015,1.0,0.2,0.0,0.25,0.75,1.49,-20.69,True
1.06,0.015,1.0,0.2,0.0,0.5,0.5,1.42,-18.99,True
1.06,0.015,1.0,0.2,0.0,0.75,0.25,1.34,-17.21,True
1.06,0.015,1.0,0.2,0.0,1.0,0.0,1.25,-15.37,True
1.06,0.015,1.0,0.2,0.1,0.0,1.0,4.1,-20.3,True
1.06,0.015,1.0,0.2,0.1,0.25,0.75,4.04,-18.67,True
1.06,0.015,1.0,0.2,0.1,0.5,0.5,3.97,-16.99,True
1.06,0.015,1.0,0.2,0.1,0.75,0.25,3.9,-15.25,True
1.06,0.015,1.0,0.2,0.1,1.0,0.0,3.83,-13.44,True
1.06,0.015,1.0,0.2,0.2,0.0,1.0,5.78,-18.23,True
1.06,0.015,1.0,0.2,0.2,0.25,0.75,5.72,-16.62,True
1.06,0.015,1.0,0.2,0.2,0.5,0.5,5.66,-15.85,True
1.06,0.015,1.0,0.2,0.2,0.75,0.25,5.59,-15.32,True
1.06,0.015,1.0,0.2,0.2,1.0,0.0,5.52,-14.8,True
1.06,0.015,1.0,0.2,0.3,0.0,1.0,6.88,-17.62,True
1.06,0.015,1.0,0.2,0.3,0.25,0.75,6.84,-17.21,True
1.06,0.015,1.0,0.2,0.3,0.5,0.5,6.8,-16.81,True
1.06,0.015,1.0,0.2,0.3,0.75,0.25,6.75,-16.41,True
1.06,0.015,1.0,0.2,0.3,1.0,0.0,6.68,-16.01,True
1.06,0.015,1.0,0.3,0.0,0.0,1.0,2.05,-25.3,True
1.06,0.015,1.0,0.3,0.0,0.25,0.75,1.97,-23.45,True
1.06,0.015,1.0,0.3,0.0,0.5,0.5,1.88,-21.53,True
1.06,0.015,1.0,0.3,0.0,0.75,0.25,1.78,-19.53,True
1.06,0.015,1.0,0.3,0.0,1.0,0.0,1.68,-17.46,True
1.06,0.015,1.0,0.3,0.1,0.0,1.0,4.62,-22.48,True
1.06,0.015,1.0,0.3,0.1,0.25,0.75,4.54,-20.66,True
1.06,0.015,1.0,0.3,0.1,0.5,0.5,4.46,-18.79,True
1.06,0.015,1.0,0.3,0.1,0.75,0.25,4.38,-16.85,True
1.06,0.015,1.0,0.3,0.1,1.0,0.0,4.28,-14.84,True
1.06,0.015,1.0,0.3,0.2,0.0,1.0,6.01,-19.45,True
1.06,0.015,1.0,0.3,0.2,0.25,0.75,5.94,-17.69,True
1.06,0.015,1.0,0.3,0.2,0.5,0.5,5.88,-16.05,True
1.06,0.015,1.0,0.3,0.2,0.75,0.25,5.81,-15.49,True
1.06,0.015,1.0,0.3,0.2,1.0,0.0,5.74,-14.94,True
1.06,0.015,1.0,0.3,0.3,0.0,1.0,7.03,-17.6,True
1.06,0.015,1.0,0.3,0.3,0.25,0.75,6.99,-17.18,True
1.06,0.015,1.0,0.3,0.3,0.5,0.5,6.94,-16.77,True
1.06,0.015,1.0,0.3,0.3,0.75,0.25,6.88,-16.37,True
1.06,0.015,1.0,0.3,0.3,1.0,0.0,6.82,-15.98,True
1.06,0.015,1.0,0.4,0.0,0.0,1.0,2.8,-25.67,True
1.06,0.015,1.0,0.4,0.0,0.25,0.75,2.67,-23.79,True
1.06,0.015,1.0,0.4,0.0,0.5,0.5,2.54,-21.85,True
1.06,0.015,1.0,0.4,0.0,0.75,0.25,2.39,-19.82,True
1.06,0.015,1.0,0.4,0.0,1.0,0.0,2.24,-17.71,True
1.06,0.015,1.0,0.4,0.1,0.0,1.0,4.94,-22.83,True
1.06,0.015,1.0,0.4,0.1,0.25,0.75,4.84,-20.99,True
1.06,0.015,1.0,0.4,0.1,0.5,0.5,4.73,-19.08,True
1.06,0.015,1.0,0.4,0.1,0.75,0.25,4.62,-17.11,True
1.06,0.015,1.0,0.4,0.1,1.0,0.0,4.5,-15.06,True
1.06,0.015,1.0,0.4,0.2,0.0,1.0,6.19,-20.01,True
1.06,0.015,1.0,0.4,0.2,0.25,0.75,6.12,-18.2,True
1.06,0.015,1.0,0.4,0.2,0.5,0.5,6.04,-16.35,True
1.06,0.015,1.0,0.4,0.2,0.75,0.25,5.96,-15.43,True
1.06,0.015,1.0,0.4,0.2,1.0,0.0,5.88,-14.88,True
1.06,0.015,1.0,0.4,0.3,0.0,1.0,7.05,-17.6,True
1.06,0.015,1.0,0.4,0.3,0.25,0.75,7.0,-17.18,True
1.06,0.015,1.0,0.4,0.3,0.5,0.5,6.95,-16.76,True
1.06,0.015,1.0,0.4,0.3,0.75,0.25,6.89,-16.36,True
1.06,0.015,1.0,0.4,0.3,1.0,0.0,6.83,-15.97,True
1.06,0.015,1.01,0.1,0.0,0.0,1.0,0.59,-13.11,True
1.06,0.015,1.01,0.1,0.0,0.25,0.75,0.55,-12.06,True
1.06,0.015,1.01,0.1,0.0,0.5,0.5,0.52,-10.98,True
1.06,0.015,1.01,0.1,0.0,0.75,0.25,0.48,-9.88,True
1.06,0.015,1.01,0.1,0.0,1.0,0.0,0.44,-8.75,True
1.06,0.015,1.01,0.1,0.1,0.0,1.0,3.33,-11.84,True
1.06,0.015,1.01,0.1,0.1,0.25,0.75,3.3,-10.76,True
1.06,0.015,1.01,0.1,0.1,0.5,0.5,3.26,-9.67,True
1.06,0.015,1.01,0.1,0.1,0.75,0.25,3.23,-8.55,True
1.06,0.015,1.01,0.1,0.1,1.0,0.0,3.19,-7.68,True
1.06,0.015,1.01,0.1,0.2,0.0,1.0,5.08,-11.27,True
1.06,0.015,1.01,0.1,0.2,0.25,0.75,5.05,-11.26,True
1.06,0.015,1.01,0.1,0.2,0.5,0.5,5.01,-11.25,True
1.06,0.015,1.01,0.1,0.2,0.75,0.25,4.98,-11.25,True
1.06,0.015,1.01,0.1,0.2,1.0,0.0,4.94,-11.24,True
1.06,0.015,1.01,0.1,0.3,0.0,1.0,6.36,-13.64,True
1.06,0.015,1.01,0.1,0.3,0.25,0.75,6.33,-13.64,True
1.06,0.015,1.01,0.1,0.3,0.5,0.5,6.31,-13.64,True
1.06,0.015,1.01,0.1,0.3,0.75,0.25,6.28,-13.63,True
1.06,0.015,1.01,0.1,0.3,1.0,0.0,6.24,-13.63,True
1.06,0.015,1.01,0.2,0.0,0.0,1.0,1.03,-20.67,True
1.06,0.015,1.01,0.2,0.0,0.25,0.75,0.98,-19.14,True
1.06,0.015,1.01,0.2,0.0,0.5,0.5,0.93,-17.56,True
1.06,0.015,1.01,0.2,0.0,0.75,0.25,0.88,-15.92,True
1.06,0.015,1.01,0.2,0.0,1.0,0.0,0.81,-14.22,True
1.06,0.015,1.01,0.2,0.1,0.0,1.0,3.71,-18.8,True
1.06,0.015,1.01,0.2,0.1,0.25,0.75,3.68,-17.28,True
1.06,0.015,1.01,0.2,0.1,0.5,0.5,3.63,-15.71,True
1.06,0.015,1.01,0.2,0.1,0.75,0.25,3.58,-14.09,True
1.06,0.015,1.01,0.2,0.1,1.0,0.0,3.52,-12.42,True
1.06,0.015,1.01,0.2,0.2,0.0,1.0,5.31,-16.94,True
1.06,0.015,1.01,0.2,0.2,0.25,0.75,5.29,-15.41,True
1.06,0.015,1.01,0.2,0.2,0.5,0.5,5.27,-13.84,True
1.06,0.015,1.01,0.2,0.2,0.75,0.25,5.23,-12.24,True
1.06,0.015,1.01,0.2,0.2,1.0,0.0,5.19,-11.75,True
1.06,0.015,1.01,0.2,0.3,0.0,1.0,6.52,-14.48,True
1.06,0.015,1.01,0.2,0.3,0.25,0.75,6.51,-14.39,True
1.06,0.015,1.01,0.2,0.3,0.5,0.5,6.49,-14.3,True
1.06,0.015,1.01,0.2,0.3,0.75,0.25,6.48,-14.22,True
1.06,0.015,1.01,0.2,0.3,1.0,0.0,6.45,-14.13,True
1.06,0.015,1.01,0.3,0.0,0.0,1.0,1.33,-23.69,True
1.06,0.015,1.01,0.3,0.0,0.25,0.75,1.29,-21.95,True
1.06,0.015,1.01,0.3,0.0,0.5,0.5,1.23,-20.14,True
1.06,0.015,1.01,0.3,0.0,0.75,0.25,1.17,-18.28,True
1.06,0.015,1.01,0.3,0.0,1.0,0.0,1.1,-16.34,True
1.06,0.015,1.01,0.3,0.1,0.0,1.0,3.89,-21.08,True
1.06,0.015,1.01,0.3,0.1,0.25,0.75,3.86,-19.36,True
1.06,0.015,1.01,0.3,0.1,0.5,0.5,3.82,-17.59,True
1.06,0.015,1.01,0.3,0.1,0.75,0.25,3.78,-15.76,True
1.06,0.015,1.01,0.3,0.1,1.0,0.0,3.73,-13.88,True
1.06,0.015,1.01,0.3,0.2,0.0,1.0,5.49,-18.27,True
1.06,0.015,1.01,0.3,0.2,0.25,0.75,5.47,-16.58,True
1.06,0.015,1.01,0.3,0.2,0.5,0.5,5.44,-14.86,True
1.06,0.015,1.01,0.3,0.2,0.75,0.25,5.41,-13.09,True
1.06,0.015,1.01,0.3,0.2,1.0,0.0,5.38,-12.13,True
1.06,0.015,1.01,0.3,0.3,0.0,1.0,6.67,-15.43,True
1.06,0.015,1.01,0.3,0.3,0.25,0.75,6.64,-14.83,True
1.06,0.015,1.01,0.3,0.3,0.5,0.5,6.62,-14.69,True
1.06,0.015,1.01,0.3,0.3,0.75,0.25,6.59,-14.57,True
1.06,0.015,1.01,0.3,0.3,1.0,0.0,6.57,-14.45,True
1.06,0.015,1.01,0.4,0.0,0.0,1.0,1.8,-24.07,True
1.06,0.015,1.01,0.4,0.0,0.25,0.75,1.73,-22.3,True
1.06,0.015,1.01,0.4,0.0,0.5,0.5,1.65,-20.47,True
1.06,0.015,1.01,0.4,0.0,0.75,0.25,1.56,-18.57,True
1.06,0.015,1.01,0.4,0.0,1.0,0.0,1.46,-16.6,True
1.06,0.015,1.01,0.4,0.1,0.0,1.0,4.16,-21.43,True
1.06,0.015,1.01,0.4,0.1,0.25,0.75,4.12,-19.68,True
1.06,0.015,1.01,0.4,0.1,0.5,0.5,4.06,-17.88,True
1.06,0.015,1.01,0.4,0.1,0.75,0.25,4.01,-16.02,True
1.06,0.015,1.01,0.4,0.1,1.0,0.0,3.94,-14.09,True
1.06,0.015,1.01,0.4,0.2,0.0,1.0,5.69,-18.8,True
1.06,0.015,1.01,0.4,0.2,0.25,0.75,5.66,-17.07,True
1.06,0.015,1.01,0.4,0.2,0.5,0.5,5.62,-15.31,True
1.06,0.015,1.01,0.4,0.2,0.75,0.25,5.57,-13.49,True
1.06,0.015,1.01,0.4,0.2,1.0,0.0,5.53,-12.41,True
1.06,0.015,1.01,0.4,0.3,0.0,1.0,6.7,-15.92,True
1.06,0.015,1.01,0.4,0.3,0.25,0.75,6.68,-14.89,True
1.06,0.015,1.01,0.4,0.3,0.5,0.5,6.65,-14.72,True
1.06,0.015,1.01,0.4,0.3,0.75,0.25,6.62,-14.57,True
1.06,0.015,1.01,0.4,0.3,1.0,0.0,6.59,-14.42,True
1.06,0.015,1.02,0.1,0.0,0.0,1.0,0.44,-13.11,True
1.06,0.015,1.02,0.1,0.0,0.25,0.75,0.41,-12.06,True
1.06,0.015,1.02,0.1,0.0,0.5,0.5,0.38,-10.98,True
1.06,0.015,1.02,0.1,0.0,0.75,0.25,0.35,-9.88,True
1.06,0.015,1.02,0.1,0.0,1.0,0.0,0.32,-8.75,True
1.06,0.015,1.02,0.1,0.1,0.0,1.0,3.35,-11.7,True
1.06,0.015,1.02,0.1,0.1,0.25,0.75,3.33,-10.63,True
1.06,0.015,1.02,0.1,0.1,0.5,0.5,3.31,-9.54,True
1.06,0.015,1.02,0.1,0.1,0.75,0.25,3.29,-8.42,True
1.06,0.015,1.02,0.1,0.1,1.0,0.0,3.26,-8.1,True
1.06,0.015,1.02,0.1,0.2,0.0,1.0,5.11,-11.7,True
1.06,0.015,1.02,0.1,0.2,0.25,0.75,5.1,-11.69,True
1.06,0.015,1.02,0.1,0.2,0.5,0.5,5.08,-11.68,True
1.06,0.015,1.02,0.1,0.2,0.75,0.25,5.06,-11.68,True
1.06,0.015,1.02,0.1,0.2,1.0,0.0,5.05,-11.68,True
1.06,0.015,1.02,0.1,0.3,0.0,1.0,6.33,-14.6,True
1.06,0.015,1.02,0.1,0.3,0.25,0.75,6.32,-14.59,True
1.06,0.015,1.02,0.1,0.3,0.5,0.5,6.32,-14.58,True
1.06,0.015,1.02,0.1,0.3,0.75,0.25,6.31,-14.58,True
1.06,0.015,1.02,0.1,0.3,1.0,0.0,6.3,-14.57,True
1.06,0.015,1.02,0.2,0.0,0.0,1.0,0.75,-20.67,True
1.06,0.015,1.02,0.2,0.0,0.25,0.75,0.71,-19.14,True
1.06,0.015,1.02,0.2,0.0,0.5,0.5,0.68,-17.56,True
1.06,0.015,1.02,0.2,0.0,0.75,0.25,0.63,-15.92,True
1.06,0.015,1.02,0.2,0.0,1.0,0.0,0.59,-14.22,True
1.06,0.015,1.02,0.2,0.1,0.0,1.0,3.4,-18.59,True
1.06,0.015,1.02,0.2,0.1,0.25,0.75,3.39,-17.08,True
1.06,0.015,1.02,0.2,0.1,0.5,0.5,3.38,-15.51,True
1.06,0.015,1.02,0.2,0.1,0.75,0.25,3.37,-13.9,True
1.06,0.015,1.02,0.2,0.1,1.0,0.0,3.35,-12.23,True
1.06,0.015,1.02,0.2,0.2,0.0,1.0,5.01,-16.42,True
1.06,0.015,1.02,0.2,0.2,0.25,0.75,5.02,-14.91,True
1.06,0.015,1.02,0.2,0.2,0.5,0.5,5.02,-13.35,True
1.06,0.015,1.02,0.2,0.2,0.75,0.25,5.03,-12.61,True
1.06,0.015,1.02,0.2,0.2,1.0,0.0,5.02,-12.48,True
1.06,0.015,1.02,0.2,0.3,0.0,1.0,6.26,-15.39,True
1.06,0.015,1.02,0.2,0.3,0.25,0.75,6.27,-15.22,True
1.06,0.015,1.02,0.2,0.3,0.5,0.5,6.27,-15.06,True
1.06,0.015,1.02,0.2,0.3,0.75,0.25,6.28,-14.91,True
1.06,0.015,1.02,0.2,0.3,1.0,0.0,6.28,-14.77,True
1.06,0.015,1.02,0.3,0.0,0.0,1.0,0.64,-24.48,True
1.06,0.015,1.02,0.3,0.0,0.25,0.75,0.64,-22.59,True
1.06,0.015,1.02,0.3,0.0,0.5,0.5,0.63,-20.67,True
1.06,0.015,1.02,0.3,0.0,0.75,0.25,0.61,-18.72,True
1.06,0.015,1.02,0.3,0.0,1.0,0.0,0.58,-16.73,True
1.06,0.015,1.02,0.3,0.1,0.0,1.0,3.34,-20.61,True
1.06,0.015,1.02,0.3,0.1,0.25,0.75,3.35,-18.93,True
1.06,0.015,1.02,0.3,0.1,0.5,0.5,3.36,-17.19,True
1.06,0.015,1.02,0.3,0.1,0.75,0.25,3.36,-15.41,True
1.06,0.015,1.02,0.3,0.1,1.0,0.0,3.35,-13.56,True
1.06,0.015,1.02,0.3,0.2,0.0,1.0,5.03,-17.22,True
1.06,0.015,1.02,0.3,0.2,0.25,0.75,5.05,-15.64,True
1.06,0.015,1.02,0.3,0.2,0.5,0.5,5.05,-14.01,True
1.06,0.015,1.02,0.3,0.2,0.75,0.25,5.06,-13.23,True
1.06,0.015,1.02,0.3,0.2,1.0,0.0,5.06,-13.03,True
1.06,0.015,1.02,0.3,0.3,0.0,1.0,6.21,-15.88,True
1.06,0.015,1.02,0.3,0.3,0.25,0.75,6.23,-15.69,True
1.06,0.015,1.02,0.3,0.3,0.5,0.5,6.24,-15.5,True
1.06,0.015,1.02,0.3,0.3,0.75,0.25,6.25,-15.31,True
1.06,0.015,1.02,0.3,0.3,1.0,0.0,6.26,-15.13,True
1.06,0.015,1.02,0.4,0.0,0.0,1.0,0.71,-28.99,True
1.06,0.015,1.02,0.4,0.0,0.25,0.75,0.71,-26.79,True
1.06,0.015,1.02,0.4,0.0,0.5,0.5,0.71,-24.55,True
1.06,0.015,1.02,0.4,0.0,0.75,0.25,0.69,-22.26,True
1.06,0.015,1.02,0.4,0.0,1.0,0.0,0.67,-19.92,True
1.06,0.015,1.02,0.4,0.1,0.0,1.0,3.39,-20.76,True
1.06,0.015,1.02,0.4,0.1,0.25,0.75,3.4,-19.07,True
1.06,0.015,1.02,0.4,0.1,0.5,0.5,3.4,-17.33,True
1.06,0.015,1.02,0.4,0.1,0.75,0.25,3.4,-15.53,True
1.06,0.015,1.02,0.4,0.1,1.0,0.0,3.4,-13.66,True
1.06,0.015,1.02,0.4,0.2,0.0,1.0,4.98,-17.42,True
1.06,0.015,1.02,0.4,0.2,0.25,0.75,5.0,-15.83,True
1.06,0.015,1.02,0.4,0.2,0.5,0.5,5.01,-14.19,True
1.06,0.015,1.02,0.4,0.2,0.75,0.25,5.02,-13.76,True
1.06,0.015,1.02,0.4,0.2,1.0,0.0,5.03,-13.5,True
1.06,0.015,1.02,0.4,0.3,0.0,1.0,6.21,-15.87,True
1.06,0.015,1.02,0.4,0.3,0.25,0.75,6.23,-15.68,True
1.06,0.015,1.02,0.4,0.3,0.5,0.5,6.24,-15.49,True
1.06,0.015,1.02,0.4,0.3,0.75,0.25,6.26,-15.3,True
1.06,0.015,1.02,0.4,0.3,1.0,0.0,6.27,-15.12,True
1.06,0.02,0.95,0.1,0.0,0.0,1.0,1.51,-23.85,True
1.06,0.02,0.95,0.1,0.0,0.25,0.75,1.42,-22.04,True
1.06,0.02,0.95,0.1,0.0,0.5,0.5,1.32,-20.09,True
1.06,0.02,0.95,0.1,0.0,0.75,0.25,1.22,-17.97,True
1.06,0.02,0.95,0.1,0.0,1.0,0.0,1.11,-15.66,True
1.06,0.02,0.95,0.1,0.1,0.0,1.0,3.69,-25.2,True
1.06,0.02,0.95,0.1,0.1,0.25,0.75,3.62,-23.77,True
1.06,0.02,0.95,0.1,0.1,0.5,0.5,3.55,-22.22,True
1.06,0.02,0.95,0.1,0.1,0.75,0.25,3.48,-20.55,True
1.06,0.02,0.95,0.1,0.1,1.0,0.0,3.4,-18.72,True
1.06,0.02,0.95,0.1,0.2,0.0,1.0,5.14,-24.06,True
1.06,0.02,0.95,0.1,0.2,0.25,0.75,5.09,-22.86,True
1.06,0.02,0.95,0.1,0.2,0.5,0.5,5.04,-21.57,True
1.06,0.02,0.95,0.1,0.2,0.75,0.25,4.99,-20.19,True
1.06,0.02,0.95,0.1,0.2,1.0,0.0,4.93,-18.7,True
1.06,0.02,0.95,0.1,0.3,0.0,1.0,6.27,-23.13,True
1.06,0.02,0.95,0.1,0.3,0.25,0.75,6.22,-22.11,True
1.06,0.02,0.95,0.1,0.3,0.5,0.5,6.17,-21.03,True
1.06,0.02,0.95,0.1,0.3,0.75,0.25,6.12,-19.89,True
1.06,0.02,0.95,0.1,0.3,1.0,0.0,6.07,-18.69,True
1.06,0.02,0.95,0.2,0.0,0.0,1.0,3.14,-26.93,True
1.06,0.02,0.95,0.2,0.0,0.25,0.75,2.96,-25.26,True
1.06,0.02,0.95,0.2,0.0,0.5,0.5,2.77,-23.37,True
1.06,0.02,0.95,0.2,0.0,0.75,0.25,2.56,-21.21,True
1.06,0.02,0.95,0.2,0.0,1.0,0.0,2.35,-18.74,True
1.06,0.02,0.95,0.2,0.1,0.0,1.0,4.72,-25.54,True
1.06,0.02,0.95,0.2,0.1,0.25,0.75,4.6,-24.09,True
1.06,0.02,0.95,0.2,0.1,0.5,0.5,4.47,-22.48,True
1.06,0.02,0.95,0.2,0.1,0.75,0.25,4.33,-20.7,True
1.06,0.02,0.95,0.2,0.1,1.0,0.0,4.19,-18.72,True
1.06,0.02,0.95,0.2,0.2,0.0,1.0,5.88,-24.49,True
1.06,0.02,0.95,0.2,0.2,0.25,0.75,5.8,-23.21,True
1.06,0.02,0.95,0.2,0.2,0.5,0.5,5.71,-21.83,True
1.06,0.02,0.95,0.2,0.2,0.75,0.25,5.62,-20.33,True
1.06,0.02,0.95,0.2,0.2,1.0,0.0,5.52,-18.71,True
1.06,0.02,0.95,0.2,0.3,0.0,1.0,6.82,-23.61,True
1.06,0.02,0.95,0.2,0.3,0.25,0.75,6.76,-22.5,True
1.06,0.02,0.95,0.2,0.3,0.5,0.5,6.7,-21.31,True
1.06,0.02,0.95,0.2,0.3,0.75,0.25,6.63,-20.05,True
1.06,0.02,0.95,0.2,0.3,1.0,0.0,6.57,-18.7,True
1.06,0.02,0.95,0.3,0.0,0.0,1.0,3.62,-26.93,True
1.06,0.02,0.95,0.3,0.0,0.25,0.75,3.44,-25.28,True
1.06,0.02,0.95,0.3,0.0,0.5,0.5,3.24,-23.4,True
1.06,0.02,0.95,0.3,0.0,0.75,0.25,3.03,-21.24,True
1.06,0.02,0.95,0.3,0.0,1.0,0.0,2.79,-18.74,True
1.06,0.02,0.95,0.3,0.1,0.0,1.0,4.98,-25.68,True
1.06,0.02,0.95,0.3,0.1,0.25,0.75,4.87,-24.22,True
1.06,0.02,0.95,0.3,0.1,0.5,0.5,4.74,-22.59,True
1.06,0.02,0.95,0.3,0.1,0.75,0.25,4.6,-20.77,True
1.06,0.02,0.95,0.3,0.1,1.0,0.0,4.46,-18.72,True
1.06,0.02,0.95,0.3,0.2,0.0,1.0,6.1,-24.66,True
1.06,0.02,0.95,0.3,0.2,0.25,0.75,6.02,-23.37,True
1.06,0.02,0.95,0.3,0.2,0.5,0.5,5.92,-21.95,True
1.06,0.02,0.95,0.3,0.2,0.75,0.25,5.82,-20.41,True
1.06,0.02,0.95,0.3,0.2,1.0,0.0,5.71,-18.71,True
1.06,0.02,0.95,0.3,0.3,0.0,1.0,6.85,-23.57,True
1.06,0.02,0.95,0.3,0.3,0.25,0.75,6.8,-22.48,True
1.06,0.02,0.95,0.3,0.3,0.5,0.5,6.73,-21.3,True
1.06,0.02,0.95,0.3,0.3,0.75,0.25,6.67,-20.04,True
1.06,0.02,0.95,0.3,0.3,1.0,0.0,6.59,-18.7,True
1.06,0.02,0.95,0.4,0.0,0.0,1.0,3.74,-26.93,True
1.06,0.02,0.95,0.4,0.0,0.25,0.75,3.58,-25.3,True
1.06,0.02,0.95,0.4,0.0,0.5,0.5,3.4,-23.43,True
1.06,0.02,0.95,0.4,0.0,0.75,0.25,3.2,-21.27,True
1.06,0.02,0.95,0.4,0.0,1.0,0.0,2.97,-18.74,True
1.06,0.02,0.95,0.4,0.1,0.0,1.0,5.14,-25.73,True
1.06,0.02,0.95,0.4,0.1,0.25,0.75,5.03,-24.28,True
1.06,0.02,0.95,0.4,0.1,0.5,0.5,4.9,-22.65,True
1.06,0.02,0.95,0.4,0.1,0.75,0.25,4.76,-20.81,True
1.06,0.02,0.95,0.4,0.1,1.0,0.0,4.61,-18.72,True
1.06,0.02,0.95,0.4,0.2,0.0,1.0,5.96,-24.51,True
1.06,0.02,0.95,0.4,0.2,0.25,0.75,5.9,-23.25,True
1.06,0.02,0.95,0.4,0.2,0.5,0.5,5.83,-21.88,True
1.06,0.02,0.95,0.4,0.2,0.75,0.25,5.75,-20.37,True
1.06,0.02,0.95,0.4,0.2,1.0,0.0,5.66,-18.71,True
1.06,0.02,0.95,0.4,0.3,0.0,1.0,6.7,-23.32,True
1.06,0.02,0.95,0.4,0.3,0.25,0.75,6.67,-22.29,True
1.06,0.02,0.95,0.4,0.3,0.5,0.5,6.63,-21.17,True
1.06,0.02,0.95,0.4,0.3,0.75,0.25,6.58,-19.98,True
1.06,0.02,0.95,0.4,0.3,1.0,0.0,6.52,-18.69,True
1.06,0.02,0.97,0.1,0.0,0.0,1.0,1.72,-20.7,True
1.06,0.02,0.97,0.1,0.0,0.25,0.75,1.6,-19.11,True
1.06,0.02,0.97,0.1,0.0,0.5,0.5,1.48,-17.39,True
1.06,0.02,0.97,0.1,0.0,0.75,0.25,1.36,-15.53,True
1.06,0.02,0.97,0.1,0.0,1.0,0.0,1.23,-13.5,True
1.06,0.02,0.97,0.1,0.1,0.0,1.0,3.89,-22.36,True
1.06,0.02,0.97,0.1,0.1,0.25,0.75,3.81,-21.14,True
1.06,0.02,0.97,0.1,0.1,0.5,0.5,3.72,-19.82,True
1.06,0.02,0.97,0.1,0.1,0.75,0.25,3.62,-18.38,True
1.06,0.02,0.97,0.1,0.1,1.0,0.0,3.53,-16.82,True
1.06,0.02,0.97,0.1,0.2,0.0,1.0,5.32,-21.69,True
1.06,0.02,0.97,0.1,0.2,0.25,0.75,5.25,-20.69,True
1.06,0.02,0.97,0.1,0.2,0.5,0.5,5.18,-19.61,True
1.06,0.02,0.97,0.1,0.2,0.75,0.25,5.11,-18.46,True
1.06,0.02,0.97,0.1,0.2,1.0,0.0,5.03,-17.22,True
1.06,0.02,0.97,0.1,0.3,0.0,1.0,6.42,-21.14,True
1.06,0.02,0.97,0.1,0.3,0.25,0.75,6.36,-20.31,True
1.06,0.02,0.97,0.1,0.3,0.5,0.5,6.3,-19.44,True
1.06,0.02,0.97,0.1,0.3,0.75,0.25,6.23,-18.51,True
1.06,0.02,0.97,0.1,0.3,1.0,0.0,6.17,-17.53,True
1.06,0.02,0.97,0.2,0.0,0.0,1.0,3.51,-23.38,True
1.06,0.02,0.97,0.2,0.0,0.25,0.75,3.28,-21.9,True
1.06,0.02,0.97,0.2,0.0,0.5,0.5,3.05,-20.24,True
1.06,0.02,0.97,0.2,0.0,0.75,0.25,2.8,-18.34,True
1.06,0.02,0.97,0.2,0.0,1.0,0.0,2.55,-16.16,True
1.06,0.02,0.97,0.2,0.1,0.0,1.0,5.05,-22.54,True
1.06,0.02,0.97,0.2,0.1,0.25,0.75,4.88,-21.3,True
1.06,0.02,0.97,0.2,0.1,0.5,0.5,4.72,-19.93,True
1.06,0.02,0.97,0.2,0.1,0.75,0.25,4.55,-18.42,True
1.06,0.02,0.97,0.2,0.1,1.0,0.0,4.37,-16.74,True
1.06,0.02,0.97,0.2,0.2,0.0,1.0,6.18,-21.92,True
1.06,0.02,0.97,0.2,0.2,0.25,0.75,6.06,-20.86,True
1.06,0.02,0.97,0.2,0.2,0.5,0.5,5.94,-19.71,True
1.06,0.02,0.97,0.2,0.2,0.75,0.25,5.81,-18.48,True
1.06,0.02,0.97,0.2,0.2,1.0,0.0,5.68,-17.14,True
1.06,0.02,0.97,0.2,0.3,0.0,1.0,7.1,-21.41,True
1.06,0.02,0.97,0.2,0.3,0.25,0.75,7.0,-20.5,True
1.06,0.02,0.97,0.2,0.3,0.5,0.5,6.9,-19.54,True
1.06,0.02,0.97,0.2,0.3,0.75,0.25,6.81,-18.52,True
1.06,0.02,0.97,0.2,0.3,1.0,0.0,6.71,-17.43,True
1.06,0.02,0.97,0.3,0.0,0.0,1.0,4.18,-23.38,True
1.06,0.02,0.97,0.3,0.0,0.25,0.75,3.92,-21.92,True
1.06,0.02,0.97,0.3,0.0,0.5,0.5,3.65,-20.26,True
1.06,0.02,0.97,0.3,0.0,0.75,0.25,3.37,-18.37,True
1.06,0.02,0.97,0.3,0.0,1.0,0.0,3.08,-16.16,True
1.06,0.02,0.97,0.3,0.1,0.0,1.0,5.5,-22.64,True
1.06,0.02,0.97,0.3,0.1,0.25,0.75,5.32,-21.38,True
1.06,0.02,0.97,0.3,0.1,0.5,0.5,5.13,-19.99,True
1.06,0.02,0.97,0.3,0.1,0.75,0.25,4.93,-18.44,True
1.06,0.02,0.97,0.3,0.1,1.0,0.0,4.73,-16.69,True
1.06,0.02,0.97,0.3,0.2,0.0,1.0,6.55,-22.04,True
1.06,0.02,0.97,0.3,0.2,0.25,0.75,6.4,-20.96,True
1.06,0.02,0.97,0.3,0.2,0.5,0.5,6.25,-19.78,True
1.06,0.02,0.97,0.3,0.2,0.75,0.25,6.09,-18.49,True
1.06,0.02,0.97,0.3,0.2,1.0,0.0,5.92,-17.08,True
1.06,0.02,0.97,0.3,0.3,0.0,1.0,7.24,-21.45,True
1.06,0.02,0.97,0.3,0.3,0.25,0.75,7.13,-20.53,True
1.06,0.02,0.97,0.3,0.3,0.5,0.5,7.01,-19.55,True
1.06,0.02,0.97,0.3,0.3,0.75,0.25,6.89,-18.52,True
1.06,0.02,0.97,0.3,0.3,1.0,0.0,6.77,-17.42,True
1.06,0.02,0.97,0.4,0.0,0.0,1.0,4.59,-23.38,True
1.06,0.02,0.97,0.4,0.0,0.25,0.75,4.32,-21.94,True
1.06,0.02,0.97,0.4,0.0,0.5,0.5,4.04,-20.29,True
1.06,0.02,0.97,0.4,0.0,0.75,0.25,3.74,-18.39,True
1.06,0.02,0.97,0.4,0.0,1.0,0.0,3.42,-16.16,True
1.06,0.02,0.97,0.4,0.1,0.0,1.0,5.85,-22.69,True
1.06,0.02,0.97,0.4,0.1,0.25,0.75,5.64,-21.43,True
1.06,0.02,0.97,0.4,0.1,0.5,0.5,5.43,-20.03,True
1.06,0.02,0.97,0.4,0.1,0.75,0.25,5.2,-18.45,True
1.06,0.02,0.97,0.4,0.1,1.0,0.0,4.96,-16.67,True
1.06,0.02,0.97,0.4,0.2,0.0,1.0,6.53,-22.01,True
1.06,0.02,0.97,0.4,0.2,0.25,0.75,6.39,-20.93,True
1.06,0.02,0.97,0.4,0.2,0.5,0.5,6.24,-19.76,True
1.06,0.02,0.97,0.4,0.2,0.75,0.25,6.09,-18.48,True
1.06,0.02,0.97,0.4,0.2,1.0,0.0,5.93,-17.09,True
1.06,0.02,0.97,0.4,0.3,0.0,1.0,7.1,-21.33,True
1.06,0.02,0.97,0.4,0.3,0.25,0.75,7.01,-20.45,True
1.06,0.02,0.97,0.4,0.3,0.5,0.5,6.91,-19.51,True
1.06,0.02,0.97,0.4,0.3,0.75,0.25,6.8,-18.51,True
1.06,0.02,0.97,0.4,0.3,1.0,0.0,6.7,-17.46,True
1.06,0.02,0.99,0.1,0.0,0.0,1.0,1.86,-16.46,True
1.06,0.02,0.99,0.1,0.0,0.25,0.75,1.72,-15.16,True
1.06,0.02,0.99,0.1,0.0,0.5,0.5,1.57,-13.76,True
1.06,0.02,0.99,0.1,0.0,0.75,0.25,1.42,-12.24,True
1.06,0.02,0.99,0.1,0.0,1.0,0.0,1.27,-10.59,True
1.06,0.02,0.99,0.1,0.1,0.0,1.0,4.16,-18.6,True
1.06,0.02,0.99,0.1,0.1,0.25,0.75,4.04,-17.67,True
1.06,0.02,0.99,0.1,0.1,0.5,0.5,3.91,-16.65,True
1.06,0.02,0.99,0.1,0.1,0.75,0.25,3.79,-15.55,True
1.06,0.02,0.99,0.1,0.1,1.0,0.0,3.66,-14.34,True
1.06,0.02,0.99,0.1,0.2,0.0,1.0,5.57,-18.61,True
1.06,0.02,0.99,0.1,0.2,0.25,0.75,5.48,-17.89,True
1.06,0.02,0.99,0.1,0.2,0.5,0.5,5.37,-17.11,True
1.06,0.02,0.99,0.1,0.2,0.75,0.25,5.27,-16.26,True
1.06,0.02,0.99,0.1,0.2,1.0,0.0,5.17,-15.35,True
1.06,0.02,0.99,0.1,0.3,0.0,1.0,6.59,-18.62,True
1.06,0.02,0.99,0.1,0.3,0.25,0.75,6.51,-18.05,True
1.06,0.02,0.99,0.1,0.3,0.5,0.5,6.42,-17.45,True
1.06,0.02,0.99,0.1,0.3,0.75,0.25,6.34,-16.8,True
1.06,0.02,0.99,0.1,0.3,1.0,0.0,6.26,-16.11,True
1.06,0.02,0.99,0.2,0.0,0.0,1.0,3.08,-19.77,True
1.06,0.02,0.99,0.2,0.0,0.25,0.75,2.87,-18.28,True
1.06,0.02,0.99,0.2,0.0,0.5,0.5,2.65,-16.73,True
1.06,0.02,0.99,0.2,0.0,0.75,0.25,2.42,-15.13,True
1.06,0.02,0.99,0.2,0.0,1.0,0.0,2.18,-13.45,True
1.06,0.02,0.99,0.2,0.1,0.0,1.0,4.72,-18.6,True
1.06,0.02,0.99,0.2,0.1,0.25,0.75,4.57,-17.66,True
1.06,0.02,0.99,0.2,0.1,0.5,0.5,4.42,-16.63,True
1.06,0.02,0.99,0.2,0.1,0.75,0.25,4.27,-15.49,True
1.06,0.02,0.99,0.2,0.1,1.0,0.0,4.11,-14.22,True
1.06,0.02,0.99,0.2,0.2,0.0,1.0,5.9,-18.61,True
1.06,0.02,0.99,0.2,0.2,0.25,0.75,5.79,-17.86,True
1.06,0.02,0.99,0.2,0.2,0.5,0.5,5.68,-17.06,True
1.06,0.02,0.99,0.2,0.2,0.75,0.25,5.57,-16.19,True
1.06,0.02,0.99,0.2,0.2,1.0,0.0,5.45,-15.24,True
1.06,0.02,0.99,0.2,0.3,0.0,1.0,6.83,-18.61,True
1.06,0.02,0.99,0.2,0.3,0.25,0.75,6.74,-18.02,True
1.06,0.02,0.99,0.2,0.3,0.5,0.5,6.66,-17.39,True
1.06,0.02,0.99,0.2,0.3,0.75,0.25,6.57,-16.71,True
1.06,0.02,0.99,0.2,0.3,1.0,0.0,6.48,-15.99,True
1.06,0.02,0.99,0.3,0.0,0.0,1.0,3.41,-23.81,True
1.06,0.02,0.99,0.3,0.0,0.25,0.75,3.19,-22.1,True
1.06,0.02,0.99,0.3,0.0,0.5,0.5,2.96,-20.31,True
1.06,0.02,0.99,0.3,0.0,0.75,0.25,2.72,-18.44,True
1.06,0.02,0.99,0.3,0.0,1.0,0.0,2.46,-16.47,True
1.06,0.02,0.99,0.3,0.1,0.0,1.0,4.96,-21.61,True
1.06,0.02,0.99,0.3,0.1,0.25,0.75,4.8,-19.92,True
1.06,0.02,0.99,0.3,0.1,0.5,0.5,4.64,-18.16,True
1.06,0.02,0.99,0.3,0.1,0.75,0.25,4.47,-16.33,True
1.06,0.02,0.99,0.3,0.1,1.0,0.0,4.3,-14.41,True
1.06,0.02,0.99,0.3,0.2,0.0,1.0,6.04,-19.36,True
1.06,0.02,0.99,0.3,0.2,0.25,0.75,5.93,-17.86,True
1.06,0.02,0.99,0.3,0.2,0.5,0.5,5.81,-17.04,True
1.06,0.02,0.99,0.3,0.2,0.75,0.25,5.69,-16.15,True
1.06,0.02,0.99,0.3,0.2,1.0,0.0,5.57,-15.17,True
1.06,0.02,0.99,0.3,0.3,0.0,1.0,6.82,-18.61,True
1.06,0.02,0.99,0.3,0.3,0.25,0.75,6.74,-18.02,True
1.06,0.02,0.99,0.3,0.3,0.5,0.5,6.66,-17.39,True
1.06,0.02,0.99,0.3,0.3,0.75,0.25,6.58,-16.72,True
1.06,0.02,0.99,0.3,0.3,1.0,0.0,6.5,-16.0,True
1.06,0.02,0.99,0.4,0.0,0.0,1.0,3.66,-26.59,True
1.06,0.02,0.99,0.4,0.0,0.25,0.75,3.44,-24.7,True
1.06,0.02,0.99,0.4,0.0,0.5,0.5,3.2,-22.73,True
1.06,0.02,0.99,0.4,0.0,0.75,0.25,2.95,-20.66,True
1.06,0.02,0.99,0.4,0.0,1.0,0.0,2.67,-18.5,True
1.06,0.02,0.99,0.4,0.1,0.0,1.0,5.1,-24.49,True
1.06,0.02,0.99,0.4,0.1,0.25,0.75,4.94,-22.61,True
1.06,0.02,0.99,0.4,0.1,0.5,0.5,4.78,-20.66,True
1.06,0.02,0.99,0.4,0.1,0.75,0.25,4.6,-18.62,True
1.06,0.02,0.99,0.4,0.1,1.0,0.0,4.42,-16.49,True
1.06,0.02,0.99,0.4,0.2,0.0,1.0,5.95,-22.34,True
1.06,0.02,0.99,0.4,0.2,0.25,0.75,5.85,-20.49,True
1.06,0.02,0.99,0.4,0.2,0.5,0.5,5.75,-18.56,True
1.06,0.02,0.99,0.4,0.2,0.75,0.25,5.64,-16.56,True
1.06,0.02,0.99,0.4,0.2,1.0,0.0,5.53,-15.22,True
1.06,0.02,0.99,0.4,0.3,0.0,1.0,6.66,-18.87,True
1.06,0.02,0.99,0.4,0.3,0.25,0.75,6.61,-18.05,True
1.06,0.02,0.99,0.4,0.3,0.5,0.5,6.55,-17.44,True
1.06,0.02,0.99,0.4,0.3,0.75,0.25,6.48,-16.79,True
1.06,0.02,0.99,0.4,0.3,1.0,0.0,6.42,-16.09,True
1.06,0.02,1.0,0.1,0.0,0.0,1.0,0.71,-8.73,True
1.06,0.02,1.0,0.1,0.0,0.25,0.75,0.66,-7.98,True
1.06,0.02,1.0,0.1,0.0,0.5,0.5,0.61,-7.22,True
1.06,0.02,1.0,0.1,0.0,0.75,0.25,0.55,-6.45,True
1.06,0.02,1.0,0.1,0.0,1.0,0.0,0.5,-5.65,True
1.06,0.02,1.0,0.1,0.1,0.0,1.0,3.26,-8.2,True
1.06,0.02,1.0,0.1,0.1,0.25,0.75,3.22,-8.1,True
1.06,0.02,1.0,0.1,0.1,0.5,0.5,3.17,-8.0,True
1.06,0.02,1.0,0.1,0.1,0.75,0.25,3.12,-7.9,True
1.06,0.02,1.0,0.1,0.1,1.0,0.0,3.07,-7.8,True
1.06,0.02,1.0,0.1,0.2,0.0,1.0,4.93,-11.57,True
1.06,0.02,1.0,0.1,0.2,0.25,0.75,4.88,-11.49,True
1.06,0.02,1.0,0.1,0.2,0.5,0.5,4.83,-11.42,True
1.06,0.02,1.0,0.1,0.2,0.75,0.25,4.79,-11.36,True
1.06,0.02,1.0,0.1,0.2,1.0,0.0,4.74,-11.29,True
1.06,0.02,1.0,0.1,0.3,0.0,1.0,6.11,-13.76,True
1.06,0.02,1.0,0.1,0.3,0.25,0.75,6.09,-13.72,True
1.06,0.02,1.0,0.1,0.3,0.5,0.5,6.05,-13.66,True
1.06,0.02,1.0,0.1,0.3,0.75,0.25,6.01,-13.59,True
1.06,0.02,1.0,0.1,0.3,1.0,0.0,5.96,-13.53,True
1.06,0.02,1.0,0.2,0.0,0.0,1.0,1.31,-15.69,True
1.06,0.02,1.0,0.2,0.0,0.25,0.75,1.23,-14.47,True
1.06,0.02,1.0,0.2,0.0,0.5,0.5,1.14,-13.2,True
1.06,0.02,1.0,0.2,0.0,0.75,0.25,1.05,-11.89,True
1.06,0.02,1.0,0.2,0.0,1.0,0.0,0.96,-10.52,True
1.06,0.02,1.0,0.2,0.1,0.0,1.0,3.64,-14.32,True
1.06,0.02,1.0,0.2,0.1,0.25,0.75,3.59,-13.09,True
1.06,0.02,1.0,0.2,0.1,0.5,0.5,3.53,-11.81,True
1.06,0.02,1.0,0.2,0.1,0.75,0.25,3.47,-10.48,True
1.06,0.02,1.0,0.2,0.1,1.0,0.0,3.42,-9.11,True
1.06,0.02,1.0,0.2,0.2,0.0,1.0,5.05,-12.81,True
1.06,0.02,1.0,0.2,0.2,0.25,0.75,5.02,-12.65,True
1.06,0.02,1.0,0.2,0.2,0.5,0.5,4.99,-12.49,True
1.06,0.02,1.0,0.2,0.2,0.75,0.25,4.95,-12.34,True
1.06,0.02,1.0,0.2,0.2,1.0,0.0,4.92,-12.19,True
1.06,0.02,1.0,0.2,0.3,0.0,1.0,6.09,-15.41,True
1.06,0.02,1.0,0.2,0.3,0.25,0.75,6.08,-15.21,True
1.06,0.02,1.0,0.2,0.3,0.5,0.5,6.06,-15.03,True
1.06,0.02,1.0,0.2,0.3,0.75,0.25,6.05,-14.84,True
1.06,0.02,1.0,0.2,0.3,1.0,0.0,6.03,-14.66,True
1.06,0.02,1.0,0.3,0.0,0.0,1.0,1.57,-19.23,True
1.06,0.02,1.0,0.3,0.0,0.25,0.75,1.48,-17.8,True
1.06,0.02,1.0,0.3,0.0,0.5,0.5,1.39,-16.32,True
1.06,0.02,1.0,0.3,0.0,0.75,0.25,1.3,-14.77,True
1.06,0.02,1.0,0.3,0.0,1.0,0.0,1.19,-13.14,True
1.06,0.02,1.0,0.3,0.1,0.0,1.0,3.57,-17.2,True
1.06,0.02,1.0,0.3,0.1,0.25,0.75,3.54,-15.8,True
1.06,0.02,1.0,0.3,0.1,0.5,0.5,3.5,-14.34,True
1.06,0.02,1.0,0.3,0.1,0.75,0.25,3.45,-12.82,True
1.06,0.02,1.0,0.3,0.1,1.0,0.0,3.41,-11.23,True
1.06,0.02,1.0,0.3,0.2,0.0,1.0,4.93,-15.13,True
1.06,0.02,1.0,0.3,0.2,0.25,0.75,4.92,-14.38,True
1.06,0.02,1.0,0.3,0.2,0.5,0.5,4.9,-14.06,True
1.06,0.02,1.0,0.3,0.2,0.75,0.25,4.89,-13.74,True
1.06,0.02,1.0,0.3,0.2,1.0,0.0,4.87,-13.42,True
1.06,0.02,1.0,0.3,0.3,0.0,1.0,5.95,-17.34,True
1.06,0.02,1.0,0.3,0.3,0.25,0.75,5.95,-16.98,True
1.06,0.02,1.0,0.3,0.3,0.5,0.5,5.95,-16.63,True
1.06,0.02,1.0,0.3,0.3,0.75,0.25,5.95,-16.28,True
1.06,0.02,1.0,0.3,0.3,1.0,0.0,5.95,-15.93,True
1.06,0.02,1.0,0.4,0.0,0.0,1.0,1.45,-21.43,True
1.06,0.02,1.0,0.4,0.0,0.25,0.75,1.39,-19.86,True
1.06,0.02,1.0,0.4,0.0,0.5,0.5,1.32,-18.23,True
1.06,0.02,1.0,0.4,0.0,0.75,0.25,1.24,-16.52,True
1.06,0.02,1.0,0.4,0.0,1.0,0.0,1.15,-14.73,True
1.06,0.02,1.0,0.4,0.1,0.0,1.0,3.43,-19.49,True
1.06,0.02,1.0,0.4,0.1,0.25,0.75,3.41,-17.93,True
1.06,0.02,1.0,0.4,0.1,0.5,0.5,3.39,-16.32,True
1.06,0.02,1.0,0.4,0.1,0.75,0.25,3.37,-14.63,True
1.06,0.02,1.0,0.4,0.1,1.0,0.0,3.34,-12.87,True
1.06,0.02,1.0,0.4,0.2,0.0,1.0,4.76,-17.5,True
1.06,0.02,1.0,0.4,0.2,0.25,0.75,4.77,-16.14,True
1.06,0.02,1.0,0.4,0.2,0.5,0.5,4.77,-15.65,True
1.06,0.02,1.0,0.4,0.2,0.75,0.25,4.78,-15.16,True
1.06,0.02,1.0,0.4,0.2,1.0,0.0,4.77,-14.68,True
1.06,0.02,1.0,0.4,0.3,0.0,1.0,5.85,-17.73,True
1.06,0.02,1.0,0.4,0.3,0.25,0.75,5.87,-17.35,True
1.06,0.02,1.0,0.4,0.3,0.5,0.5,5.88,-16.96,True
1.06,0.02,1.0,0.4,0.3,0.75,0.25,5.89,-16.57,True
1.06,0.02,1.0,0.4,0.3,1.0,0.0,5.89,-16.18,True
1.06,0.02,1.01,0.1,0.0,0.0,1.0,0.67,-7.64,True
1.06,0.02,1.01,0.1,0.0,0.25,0.75,0.62,-6.99,True
1.06,0.02,1.01,0.1,0.0,0.5,0.5,0.57,-6.33,True
1.06,0.02,1.01,0.1,0.0,0.75,0.25,0.51,-5.65,True
1.06,0.02,1.01,0.1,0.0,1.0,0.0,0.46,-4.97,True
1.06,0.02,1.01,0.1,0.1,0.0,1.0,3.24,-6.52,True
1.06,0.02,1.01,0.1,0.1,0.25,0.75,3.19,-6.57,True
1.06,0.02,1.01,0.1,0.1,0.5,0.5,3.14,-6.61,True
1.06,0.02,1.01,0.1,0.1,0.75,0.25,3.09,-6.66,True
1.06,0.02,1.01,0.1,0.1,1.0,0.0,3.03,-6.71,True
1.06,0.02,1.01,0.1,0.2,0.0,1.0,4.9,-9.9,True
1.06,0.02,1.01,0.1,0.2,0.25,0.75,4.86,-9.99,True
1.06,0.02,1.01,0.1,0.2,0.5,0.5,4.81,-10.06,True
1.06,0.02,1.01,0.1,0.2,0.75,0.25,4.76,-10.14,True
1.06,0.02,1.01,0.1,0.2,1.0,0.0,4.71,-10.21,True
1.06,0.02,1.01,0.1,0.3,0.0,1.0,6.07,-12.13,True
1.06,0.02,1.01,0.1,0.3,0.25,0.75,6.04,-12.24,True
1.06,0.02,1.01,0.1,0.3,0.5,0.5,6.02,-12.35,True
1.06,0.02,1.01,0.1,0.3,0.75,0.25,5.98,-12.42,True
1.06,0.02,1.01,0.1,0.3,1.0,0.0,5.93,-12.49,True
1.06,0.02,1.01,0.2,0.0,0.0,1.0,1.22,-13.88,True
1.06,0.02,1.01,0.2,0.0,0.25,0.75,1.14,-12.8,True
1.06,0.02,1.01,0.2,0.0,0.5,0.5,1.05,-11.68,True
1.06,0.02,1.01,0.2,0.0,0.75,0.25,0.96,-10.51,True
1.06,0.02,1.01,0.2,0.0,1.0,0.0,0.86,-9.31,True
1.06,0.02,1.01,0.2,0.1,0.0,1.0,3.53,-12.68,True
1.06,0.02,1.01,0.2,0.1,0.25,0.75,3.48,-11.57,True
1.06,0.02,1.01,0.2,0.1,0.5,0.5,3.43,-10.43,True
1.06,0.02,1.01,0.2,0.1,0.75,0.25,3.37,-9.24,True
1.06,0.02,1.01,0.2,0.1,1.0,0.0,3.31,-8.02,True
1.06,0.02,1.01,0.2,0.2,0.0,1.0,4.91,-11.27,True
1.06,0.02,1.01,0.2,0.2,0.25,0.75,4.89,-10.17,True
1.06,0.02,1.01,0.2,0.2,0.5,0.5,4.86,-9.9,True
1.06,0.02,1.01,0.2,0.2,0.75,0.25,4.83,-10.02,True
1.06,0.02,1.01,0.2,0.2,1.0,0.0,4.81,-10.14,True
1.06,0.02,1.01,0.2,0.3,0.0,1.0,5.92,-12.42,True
1.06,0.02,1.01,0.2,0.3,0.25,0.75,5.92,-12.48,True
1.06,0.02,1.01,0.2,0.3,0.5,0.5,5.92,-12.55,True
1.06,0.02,1.01,0.2,0.3,0.75,0.25,5.91,-12.63,True
1.06,0.02,1.01,0.2,0.3,1.0,0.0,5.9,-12.71,True
1.06,0.02,1.01,0.3,0.0,0.0,1.0,1.35,-17.49,True
1.06,0.02,1.01,0.3,0.0,0.25,0.75,1.27,-16.19,True
1.06,0.02,1.01,0.3,0.0,0.5,0.5,1.18,-14.84,True
1.06,0.02,1.01,0.3,0.0,0.75,0.25,1.09,-13.44,True
1.06,0.02,1.01,0.3,0.0,1.0,0.0,0.99,-11.97,True
1.06,0.02,1.01,0.3,0.1,0.0,1.0,3.33,-15.61,True
1.06,0.02,1.01,0.3,0.1,0.25,0.75,3.31,-14.33,True
1.06,0.02,1.01,0.3,0.1,0.5,0.5,3.28,-12.99,True
1.06,0.02,1.01,0.3,0.1,0.75,0.25,3.24,-11.61,True
1.06,0.02,1.01,0.3,0.1,1.0,0.0,3.21,-10.16,True
1.06,0.02,1.01,0.3,0.2,0.0,1.0,4.66,-13.69,True
1.06,0.02,1.01,0.3,0.2,0.25,0.75,4.66,-12.42,True
1.06,0.02,1.01,0.3,0.2,0.5,0.5,4.66,-11.11,True
1.06,0.02,1.01,0.3,0.2,0.75,0.25,4.66,-10.41,True
1.06,0.02,1.01,0.3,0.2,1.0,0.0,4.66,-10.48,True
1.06,0.02,1.01,0.3,0.3,0.0,1.0,5.73,-13.07,True
1.06,0.02,1.01,0.3,0.3,0.25,0.75,5.75,-13.07,True
1.06,0.02,1.01,0.3,0.3,0.5,0.5,5.76,-13.08,True
1.06,0.02,1.01,0.3,0.3,0.75,0.25,5.77,-13.09,True
1.06,0.02,1.01,0.3,0.3,1.0,0.0,5.78,-13.11,True
1.06,0.02,1.01,0.4,0.0,0.0,1.0,1.08,-19.74,True
1.06,0.02,1.01,0.4,0.0,0.25,0.75,1.03,-18.29,True
1.06,0.02,1.01,0.4,0.0,0.5,0.5,0.97,-16.79,True
1.06,0.02,1.01,0.4,0.0,0.75,0.25,0.91,-15.22,True
1.06,0.02,1.01,0.4,0.0,1.0,0.0,0.84,-13.58,True
1.06,0.02,1.01,0.4,0.1,0.0,1.0,3.04,-17.94,True
1.06,0.02,1.01,0.4,0.1,0.25,0.75,3.04,-16.49,True
1.06,0.02,1.01,0.4,0.1,0.5,0.5,3.04,-15.0,True
1.06,0.02,1.01,0.4,0.1,0.75,0.25,3.04,-13.44,True
1.06,0.02,1.01,0.4,0.1,1.0,0.0,3.03,-11.82,True
1.06,0.02,1.01,0.4,0.2,0.0,1.0,4.44,-16.09,True
1.06,0.02,1.01,0.4,0.2,0.25,0.75,4.47,-14.66,True
1.06,0.02,1.01,0.4,0.2,0.5,0.5,4.49,-13.18,True
1.06,0.02,1.01,0.4,0.2,0.75,0.25,4.51,-11.64,True
1.06,0.02,1.01,0.4,0.2,1.0,0.0,4.52,-10.83,True
1.06,0.02,1.01,0.4,0.3,0.0,1.0,5.67,-13.4,True
1.06,0.02,1.01,0.4,0.3,0.25,0.75,5.69,-13.37,True
1.06,0.02,1.01,0.4,0.3,0.5,0.5,5.71,-13.34,True
1.06,0.02,1.01,0.4,0.3,0.75,0.25,5.72,-13.33,True
1.06,0.02,1.01,0.4,0.3,1.0,0.0,5.74,-13.32,True
1.06,0.02,1.02,0.1,0.0,0.0,1.0,0.75,-7.64,True
1.06,0.02,1.02,0.1,0.0,0.25,0.75,0.69,-6.99,True
1.06,0.02,1.02,0.1,0.0,0.5,0.5,0.63,-6.33,True
1.06,0.02,1.02,0.1,0.0,0.75,0.25,0.57,-5.65,True
1.06,0.02,1.02,0.1,0.0,1.0,0.0,0.5,-4.97,True
1.06,0.02,1.02,0.1,0.1,0.0,1.0,3.31,-6.49,True
1.06,0.02,1.02,0.1,0.1,0.25,0.75,3.25,-6.54,True
1.06,0.02,1.02,0.1,0.1,0.5,0.5,3.19,-6.59,True
1.06,0.02,1.02,0.1,0.1,0.75,0.25,3.13,-6.64,True
1.06,0.02,1.02,0.1,0.1,1.0,0.0,3.07,-6.69,True
1.06,0.02,1.02,0.1,0.2,0.0,1.0,4.96,-9.86,True
1.06,0.02,1.02,0.1,0.2,0.25,0.75,4.92,-9.96,True
1.06,0.02,1.02,0.1,0.2,0.5,0.5,4.86,-10.03,True
1.06,0.02,1.02,0.1,0.2,0.75,0.25,4.8,-10.11,True
1.06,0.02,1.02,0.1,0.2,1.0,0.0,4.74,-10.19,True
1.06,0.02,1.02,0.1,0.3,0.0,1.0,6.12,-12.09,True
1.06,0.02,1.02,0.1,0.3,0.25,0.75,6.09,-12.2,True
1.06,0.02,1.02,0.1,0.3,0.5,0.5,6.07,-12.32,True
1.06,0.02,1.02,0.1,0.3,0.75,0.25,6.02,-12.39,True
1.06,0.02,1.02,0.1,0.3,1.0,0.0,5.96,-12.47,True
1.06,0.02,1.02,0.2,0.0,0.0,1.0,1.38,-13.88,True
1.06,0.02,1.02,0.2,0.0,0.25,0.75,1.28,-12.8,True
1.06,0.02,1.02,0.2,0.0,0.5,0.5,1.17,-11.68,True
1.06,0.02,1.02,0.2,0.0,0.75,0.25,1.06,-10.51,True
1.06,0.02,1.02,0.2,0.0,1.0,0.0,0.95,-9.31,True
1.06,0.02,1.02,0.2,0.1,0.0,1.0,3.66,-12.68,True
1.06,0.02,1.02,0.2,0.1,0.25,0.75,3.59,-11.57,True
1.06,0.02,1.02,0.2,0.1,0.5,0.5,3.53,-10.43,True
1.06,0.02,1.02,0.2,0.1,0.75,0.25,3.46,-9.24,True
1.06,0.02,1.02,0.2,0.1,1.0,0.0,3.39,-8.02,True
1.06,0.02,1.02,0.2,0.2,0.0,1.0,5.03,-11.27,True
1.06,0.02,1.02,0.2,0.2,0.25,0.75,5.0,-10.17,True
1.06,0.02,1.02,0.2,0.2,0.5,0.5,4.96,-9.84,True
1.06,0.02,1.02,0.2,0.2,0.75,0.25,4.92,-9.97,True
1.06,0.02,1.02,0.2,0.2,1.0,0.0,4.88,-10.11,True
1.06,0.02,1.02,0.2,0.3,0.0,1.0,6.04,-12.32,True
1.06,0.02,1.02,0.2,0.3,0.25,0.75,6.02,-12.4,True
1.06,0.02,1.02,0.2,0.3,0.5,0.5,6.01,-12.48,True
1.06,0.02,1.02,0.2,0.3,0.75,0.25,5.99,-12.57,True
1.06,0.02,1.02,0.2,0.3,1.0,0.0,5.97,-12.67,True
1.06,0.02,1.02,0.3,0.0,0.0,1.0,1.57,-17.49,True
1.06,0.02,1.02,0.3,0.0,0.25,0.75,1.47,-16.19,True
1.06,0.02,1.02,0.3,0.0,0.5,0.5,1.36,-14.84,True
1.06,0.02,1.02,0.3,0.0,0.75,0.25,1.25,-13.44,True
1.06,0.02,1.02,0.3,0.0,1.0,0.0,1.13,-11.97,True
1.06,0.02,1.02,0.3,0.1,0.0,1.0,3.53,-15.61,True
1.06,0.02,1.02,0.3,0.1,0.25,0.75,3.48,-14.33,True
1.06,0.02,1.02,0.3,0.1,0.5,0.5,3.43,-12.99,True
1.06,0.02,1.02,0.3,0.1,0.75,0.25,3.38,-11.61,True
1.06,0.02,1.02,0.3,0.1,1.0,0.0,3.32,-10.16,True
1.06,0.02,1.02,0.3,0.2,0.0,1.0,4.84,-13.69,True
1.06,0.02,1.02,0.3,0.2,0.25,0.75,4.83,-12.42,True
1.06,0.02,1.02,0.3,0.2,0.5,0.5,4.81,-11.11,True
1.06,0.02,1.02,0.3,0.2,0.75,0.25,4.79,-10.31,True
1.06,0.02,1.02,0.3,0.2,1.0,0.0,4.77,-10.4,True
1.06,0.02,1.02,0.3,0.3,0.0,1.0,5.88,-12.86,True
1.06,0.02,1.02,0.3,0.3,0.25,0.75,5.88,-12.88,True
1.06,0.02,1.02,0.3,0.3,0.5,0.5,5.88,-12.91,True
1.06,0.02,1.02,0.3,0.3,0.75,0.25,5.88,-12.95,True
1.06,0.02,1.02,0.3,0.3,1.0,0.0,5.87,-13.0,True
1.06,0.02,1.02,0.4,0.0,0.0,1.0,1.37,-19.74,True
1.06,0.02,1.02,0.4,0.0,0.25,0.75,1.3,-18.29,True
1.06,0.02,1.02,0.4,0.0,0.5,0.5,1.21,-16.79,True
1.06,0.02,1.02,0.4,0.0,0.75,0.25,1.12,-15.22,True
1.06,0.02,1.02,0.4,0.0,1.0,0.0,1.02,-13.58,True
1.06,0.02,1.02,0.4,0.1,0.0,1.0,3.3,-17.94,True
1.06,0.02,1.02,0.4,0.1,0.25,0.75,3.28,-16.49,True
1.06,0.02,1.02,0.4,0.1,0.5,0.5,3.25,-15.0,True
1.06,0.02,1.02,0.4,0.1,0.75,0.25,3.22,-13.44,True
1.06,0.02,1.02,0.4,0.1,1.0,0.0,3.19,-11.82,True
1.06,0.02,1.02,0.4,0.2,0.0,1.0,4.65,-16.09,True
1.06,0.02,1.02,0.4,0.2,0.25,0.75,4.66,-14.66,True
1.06,0.02,1.02,0.4,0.2,0.5,0.5,4.66,-13.18,True
1.06,0.02,1.02,0.4,0.2,0.75,0.25,4.66,-11.64,True
1.06,0.02,1.02,0.4,0.2,1.0,0.0,4.65,-10.7,True
1.06,0.02,1.02,0.4,0.3,0.0,1.0,5.8,-13.33,True
1.06,0.02,1.02,0.4,0.3,0.25,0.75,5.81,-13.19,True
1.06,0.02,1.02,0.4,0.3,0.5,0.5,5.82,-13.18,True
1.06,0.02,1.02,0.4,0.3,0.75,0.25,5.82,-13.19,True
1.06,0.02,1.02,0.4,0.3,1.0,0.0,5.82,-13.2,True
1.06,0.025,0.95,0.1,0.0,0.0,1.0,0.57,-10.77,True
1.06,0.025,0.95,0.1,0.0,0.25,0.75,0.52,-9.72,True
1.06,0.025,0.95,0.1,0.0,0.5,0.5,0.48,-8.61,True
1.06,0.025,0.95,0.1,0.0,0.75,0.25,0.43,-7.43,True
1.06,0.025,0.95,0.1,0.0,1.0,0.0,0.38,-6.18,True
1.06,0.025,0.95,0.1,0.1,0.0,1.0,2.99,-15.4,True
1.06,0.025,0.95,0.1,0.1,0.25,0.75,2.96,-14.55,True
1.06,0.025,0.95,0.1,0.1,0.5,0.5,2.93,-13.66,True
1.06,0.025,0.95,0.1,0.1,0.75,0.25,2.9,-12.72,True
1.06,0.025,0.95,0.1,0.1,1.0,0.0,2.86,-11.73,True
1.06,0.025,0.95,0.1,0.2,0.0,1.0,4.59,-17.92,True
1.06,0.025,0.95,0.1,0.2,0.25,0.75,4.56,-17.17,True
1.06,0.025,0.95,0.1,0.2,0.5,0.5,4.53,-16.39,True
1.06,0.025,0.95,0.1,0.2,0.75,0.25,4.5,-15.56,True
1.06,0.025,0.95,0.1,0.2,1.0,0.0,4.48,-14.7,True
1.06,0.025,0.95,0.1,0.3,0.0,1.0,5.78,-19.5,True
1.06,0.025,0.95,0.1,0.3,0.25,0.75,5.76,-18.81,True
1.06,0.025,0.95,0.1,0.3,0.5,0.5,5.73,-18.1,True
1.06,0.025,0.95,0.1,0.3,0.75,0.25,5.71,-17.34,True
1.06,0.025,0.95,0.1,0.3,1.0,0.0,5.68,-16.55,True
1.06,0.025,0.95,0.2,0.0,0.0,1.0,1.01,-17.16,True
1.06,0.025,0.95,0.2,0.0,0.25,0.75,0.94,-15.74,True
1.06,0.025,0.95,0.2,0.0,0.5,0.5,0.87,-14.19,True
1.06,0.025,0.95,0.2,0.0,0.75,0.25,0.79,-12.48,True
1.06,0.025,0.95,0.2,0.0,1.0,0.0,0.71,-10.61,True
1.06,0.025,0.95,0.2,0.1,0.0,1.0,3.33,-20.53,True
1.06,0.025,0.95,0.2,0.1,0.25,0.75,3.27,-19.34,True
1.06,0.025,0.95,0.2,0.1,0.5,0.5,3.22,-18.06,True
1.06,0.025,0.95,0.2,0.1,0.75,0.25,3.16,-16.65,True
1.06,0.025,0.95,0.2,0.1,1.0,0.0,3.1,-15.12,True
1.06,0.025,0.95,0.2,0.2,0.0,1.0,4.87,-22.41,True
1.06,0.025,0.95,0.2,0.2,0.25,0.75,4.83,-21.35,True
1.06,0.025,0.95,0.2,0.2,0.5,0.5,4.78,-20.2,True
1.06,0.025,0.95,0.2,0.2,0.75,0.25,4.73,-18.95,True
1.06,0.025,0.95,0.2,0.2,1.0,0.0,4.68,-17.58,True
1.06,0.025,0.95,0.2,0.3,0.0,1.0,5.94,-22.76,True
1.06,0.025,0.95,0.2,0.3,0.25,0.75,5.91,-21.86,True
1.06,0.025,0.95,0.2,0.3,0.5,0.5,5.88,-20.89,True
1.06,0.025,0.95,0.2,0.3,0.75,0.25,5.85,-19.84,True
1.06,0.025,0.95,0.2,0.3,1.0,0.0,5.82,-18.69,True
1.06,0.025,0.95,0.3,0.0,0.0,1.0,1.37,-21.4,True
1.06,0.025,0.95,0.3,0.0,0.25,0.75,1.28,-19.84,True
1.06,0.025,0.95,0.3,0.0,0.5,0.5,1.19,-18.1,True
1.06,0.025,0.95,0.3,0.0,0.75,0.25,1.09,-16.15,True
1.06,0.025,0.95,0.3,0.0,1.0,0.0,0.99,-13.93,True
1.06,0.025,0.95,0.3,0.1,0.0,1.0,3.6,-24.03,True
1.06,0.025,0.95,0.3,0.1,0.25,0.75,3.53,-22.7,True
1.06,0.025,0.95,0.3,0.1,0.5,0.5,3.46,-21.23,True
1.06,0.025,0.95,0.3,0.1,0.75,0.25,3.39,-19.58,True
1.06,0.025,0.95,0.3,0.1,1.0,0.0,3.32,-17.72,True
1.06,0.025,0.95,0.3,0.2,0.0,1.0,4.85,-23.81,True
1.06,0.025,0.95,0.3,0.2,0.25,0.75,4.82,-22.71,True
1.06,0.025,0.95,0.3,0.2,0.5,0.5,4.79,-21.51,True
1.06,0.025,0.95,0.3,0.2,0.75,0.25,4.75,-20.18,True
1.06,0.025,0.95,0.3,0.2,1.0,0.0,4.71,-18.7,True
1.06,0.025,0.95,0.3,0.3,0.0,1.0,5.73,-22.54,True
1.06,0.025,0.95,0.3,0.3,0.25,0.75,5.73,-21.7,True
1.06,0.025,0.95,0.3,0.3,0.5,0.5,5.73,-20.78,True
1.06,0.025,0.95,0.3,0.3,0.75,0.25,5.72,-19.78,True
1.06,0.025,0.95,0.3,0.3,1.0,0.0,5.71,-18.69,True
1.06,0.025,0.95,0.4,0.0,0.0,1.0,1.65,-24.42,True
1.06,0.025,0.95,0.4,0.0,0.25,0.75,1.56,-22.82,True
1.06,0.025,0.95,0.4,0.0,0.5,0.5,1.46,-21.0,True
1.06,0.025,0.95,0.4,0.0,0.75,0.25,1.35,-18.92,True
1.06,0.025,0.95,0.4,0.0,1.0,0.0,1.24,-16.51,True
1.06,0.025,0.95,0.4,0.1,0.0,1.0,3.56,-25.19,True
1.06,0.025,0.95,0.4,0.1,0.25,0.75,3.51,-23.85,True
1.06,0.025,0.95,0.4,0.1,0.5,0.5,3.46,-22.34,True
1.06,0.025,0.95,0.4,0.1,0.75,0.25,3.4,-20.65,True
1.06,0.025,0.95,0.4,0.1,1.0,0.0,3.33,-18.72,True
1.06,0.025,0.95,0.4,0.2,0.0,1.0,4.63,-23.66,True
1.06,0.025,0.95,0.4,0.2,0.25,0.75,4.62,-22.59,True
1.06,0.025,0.95,0.4,0.2,0.5,0.5,4.61,-21.42,True
1.06,0.025,0.95,0.4,0.2,0.75,0.25,4.6,-20.13,True
1.06,0.025,0.95,0.4,0.2,1.0,0.0,4.59,-18.7,True
1.06,0.025,0.95,0.4,0.3,0.0,1.0,5.67,-22.39,True
1.06,0.025,0.95,0.4,0.3,0.25,0.75,5.68,-21.58,True
1.06,0.025,0.95,0.4,0.3,0.5,0.5,5.69,-20.7,True
1.06,0.025,0.95,0.4,0.3,0.75,0.25,5.69,-19.74,True
1.06,0.025,0.95,0.4,0.3,1.0,0.0,5.69,-18.69,True
1.06,0.025,0.97,0.1,0.0,0.0,1.0,0.71,-9.35,True
1.06,0.025,0.97,0.1,0.0,0.25,0.75,0.65,-8.43,True
1.06,0.025,0.97,0.1,0.0,0.5,0.5,0.59,-7.45,True
1.06,0.025,0.97,0.1,0.0,0.75,0.25,0.53,-6.42,True
1.06,0.025,0.97,0.1,0.0,1.0,0.0,0.47,-5.33,True
1.06,0.025,0.97,0.1,0.1,0.0,1.0,3.12,-14.11,True
1.06,0.025,0.97,0.1,0.1,0.25,0.75,3.07,-13.38,True
1.06,0.025,0.97,0.1,0.1,0.5,0.5,3.03,-12.61,True
1.06,0.025,0.97,0.1,0.1,0.75,0.25,2.98,-11.81,True
1.06,0.025,0.97,0.1,0.1,1.0,0.0,2.94,-10.96,True
1.06,0.025,0.97,0.1,0.2,0.0,1.0,4.7,-16.7,True
1.06,0.025,0.97,0.1,0.2,0.25,0.75,4.66,-16.07,True
1.06,0.025,0.97,0.1,0.2,0.5,0.5,4.63,-15.41,True
1.06,0.025,0.97,0.1,0.2,0.75,0.25,4.59,-14.71,True
1.06,0.025,0.97,0.1,0.2,1.0,0.0,4.55,-13.98,True
1.06,0.025,0.97,0.1,0.3,0.0,1.0,5.89,-18.33,True
1.06,0.025,0.97,0.1,0.3,0.25,0.75,5.86,-17.75,True
1.06,0.025,0.97,0.1,0.3,0.5,0.5,5.82,-17.15,True
1.06,0.025,0.97,0.1,0.3,0.75,0.25,5.79,-16.52,True
1.06,0.025,0.97,0.1,0.3,1.0,0.0,5.75,-15.86,True
1.06,0.025,0.97,0.2,0.0,0.0,1.0,1.28,-14.9,True
1.06,0.025,0.97,0.2,0.0,0.25,0.75,1.18,-13.65,True
1.06,0.025,0.97,0.2,0.0,0.5,0.5,1.09,-12.29,True
1.06,0.025,0.97,0.2,0.0,0.75,0.25,0.98,-10.79,True
1.06,0.025,0.97,0.2,0.0,1.0,0.0,0.88,-9.15,True
1.06,0.025,0.97,0.2,0.1,0.0,1.0,3.56,-18.44,True
1.06,0.025,0.97,0.2,0.1,0.25,0.75,3.49,-17.42,True
1.06,0.025,0.97,0.2,0.1,0.5,0.5,3.41,-16.31,True
1.06,0.025,0.97,0.2,0.1,0.75,0.25,3.33,-15.11,True
1.06,0.025,0.97,0.2,0.1,1.0,0.0,3.25,-13.79,True
1.06,0.025,0.97,0.2,0.2,0.0,1.0,5.09,-20.42,True
1.06,0.025,0.97,0.2,0.2,0.25,0.75,5.03,-19.51,True
1.06,0.025,0.97,0.2,0.2,0.5,0.5,4.96,-18.54,True
1.06,0.025,0.97,0.2,0.2,0.75,0.25,4.9,-17.48,True
1.06,0.025,0.97,0.2,0.2,1.0,0.0,4.83,-16.33,True
1.06,0.025,0.97,0.2,0.3,0.0,1.0,6.14,-20.99,True
1.06,0.025,0.97,0.2,0.3,0.25,0.75,6.1,-20.24,True
1.06,0.025,0.97,0.2,0.3,0.5,0.5,6.05,-19.42,True
1.06,0.025,0.97,0.2,0.3,0.75,0.25,6.0,-18.54,True
1.06,0.025,0.97,0.2,0.3,1.0,0.0,5.95,-17.57,True
1.06,0.025,0.97,0.3,0.0,0.0,1.0,1.75,-18.58,True
1.06,0.025,0.97,0.3,0.0,0.25,0.75,1.63,-17.21,True
1.06,0.025,0.97,0.3,0.0,0.5,0.5,1.51,-15.68,True
1.06,0.025,0.97,0.3,0.0,0.75,0.25,1.38,-13.96,True
1.06,0.025,0.97,0.3,0.0,1.0,0.0,1.24,-12.01,True
1.06,0.025,0.97,0.3,0.1,0.0,1.0,3.93,-21.4,True
1.06,0.025,0.97,0.3,0.1,0.25,0.75,3.84,-20.25,True
1.06,0.025,0.97,0.3,0.1,0.5,0.5,3.74,-18.98,True
1.06,0.025,0.97,0.3,0.1,0.75,0.25,3.64,-17.56,True
1.06,0.025,0.97,0.3,0.1,1.0,0.0,3.54,-15.96,True
1.06,0.025,0.97,0.3,0.2,0.0,1.0,5.15,-21.59,True
1.06,0.025,0.97,0.3,0.2,0.25,0.75,5.1,-20.66,True
1.06,0.025,0.97,0.3,0.2,0.5,0.5,5.04,-19.64,True
1.06,0.025,0.97,0.3,0.2,0.75,0.25,4.97,-18.51,True
1.06,0.025,0.97,0.3,0.2,1.0,0.0,4.91,-17.25,True
1.06,0.025,0.97,0.3,0.3,0.0,1.0,5.99,-20.87,True
1.06,0.025,0.97,0.3,0.3,0.25,0.75,5.97,-20.16,True
1.06,0.025,0.97,0.3,0.3,0.5,0.5,5.94,-19.38,True
1.06,0.025,0.97,0.3,0.3,0.75,0.25,5.91,-18.53,True
1.06,0.025,0.97,0.3,0.3,1.0,0.0,5.88,-17.61,True
1.06,0.025,0.97,0.4,0.0,0.0,1.0,2.14,-21.19,True
1.06,0.025,0.97,0.4,0.0,0.25,0.75,2.01,-19.79,True
1.06,0.025,0.97,0.4,0.0,0.5,0.5,1.87,-18.19,True
1.06,0.025,0.97,0.4,0.0,0.75,0.25,1.72,-16.36,True
1.06,0.025,0.97,0.4,0.0,1.0,0.0,1.56,-14.24,True
1.06,0.025,0.97,0.4,0.1,0.0,1.0,3.99,-22.38,True
1.06,0.025,0.97,0.4,0.1,0.25,0.75,3.9,-21.22,True
1.06,0.025,0.97,0.4,0.1,0.5,0.5,3.81,-19.93,True
1.06,0.025,0.97,0.4,0.1,0.75,0.25,3.71,-18.46,True
1.06,0.025,0.97,0.4,0.1,1.0,0.0,3.61,-16.8,True
1.06,0.025,0.97,0.4,0.2,0.0,1.0,5.0,-21.51,True
1.06,0.025,0.97,0.4,0.2,0.25,0.75,4.96,-20.6,True
1.06,0.025,0.97,0.4,0.2,0.5,0.5,4.92,-19.6,True
1.06,0.025,0.97,0.4,0.2,0.75,0.25,4.88,-18.5,True
1.06,0.025,0.97,0.4,0.2,1.0,0.0,4.83,-17.28,True
1.06,0.025,0.97,0.4,0.3,0.0,1.0,5.92,-20.79,True
1.06,0.025,0.97,0.4,0.3,0.25,0.75,5.91,-20.1,True
1.06,0.025,0.97,0.4,0.3,0.5,0.5,5.89,-19.35,True
1.06,0.025,0.97,0.4,0.3,0.75,0.25,5.87,-18.54,True
1.06,0.025,0.97,0.4,0.3,1.0,0.0,5.85,-17.64,True
1.06,0.025,0.99,0.1,0.0,0.0,1.0,0.92,-7.43,True
1.06,0.025,0.99,0.1,0.0,0.25,0.75,0.84,-6.69,True
1.06,0.025,0.99,0.1,0.0,0.5,0.5,0.76,-5.9,True
1.06,0.025,0.99,0.1,0.0,0.75,0.25,0.68,-5.07,True
1.06,0.025,0.99,0.1,0.0,1.0,0.0,0.6,-4.18,True
1.06,0.025,0.99,0.1,0.1,0.0,1.0,3.3,-12.33,True
1.06,0.025,0.99,0.1,0.1,0.25,0.75,3.24,-11.77,True
1.06,0.025,0.99,0.1,0.1,0.5,0.5,3.18,-11.18,True
1.06,0.025,0.99,0.1,0.1,0.75,0.25,3.11,-10.56,True
1.06,0.025,0.99,0.1,0.1,1.0,0.0,3.05,-9.91,True
1.06,0.025,0.99,0.1,0.2,0.0,1.0,4.87,-14.99,True
1.06,0.025,0.99,0.1,0.2,0.25,0.75,4.82,-14.52,True
1.06,0.025,0.99,0.1,0.2,0.5,0.5,4.76,-14.03,True
1.06,0.025,0.99,0.1,0.2,0.75,0.25,4.71,-13.51,True
1.06,0.025,0.99,0.1,0.2,1.0,0.0,4.65,-12.97,True
1.06,0.025,0.99,0.1,0.3,0.0,1.0,6.06,-16.67,True
1.06,0.025,0.99,0.1,0.3,0.25,0.75,6.01,-16.25,True
1.06,0.025,0.99,0.1,0.3,0.5,0.5,5.96,-15.81,True
1.06,0.025,0.99,0.1,0.3,0.75,0.25,5.9,-15.36,True
1.06,0.025,0.99,0.1,0.3,1.0,0.0,5.85,-14.88,True
1.06,0.025,0.99,0.2,0.0,0.0,1.0,1.67,-11.84,True
1.06,0.025,0.99,0.2,0.0,0.25,0.75,1.54,-10.83,True
1.06,0.025,0.99,0.2,0.0,0.5,0.5,1.41,-9.73,True
1.06,0.025,0.99,0.2,0.0,0.75,0.25,1.27,-8.51,True
1.06,0.025,0.99,0.2,0.0,1.0,0.0,1.12,-7.18,True
1.06,0.025,0.99,0.2,0.1,0.0,1.0,3.9,-15.55,True
1.06,0.025,0.99,0.2,0.1,0.25,0.75,3.8,-14.75,True
1.06,0.025,0.99,0.2,0.1,0.5,0.5,3.69,-13.9,True
1.06,0.025,0.99,0.2,0.1,0.75,0.25,3.58,-12.96,True
1.06,0.025,0.99,0.2,0.1,1.0,0.0,3.46,-11.94,True
1.06,0.025,0.99,0.2,0.2,0.0,1.0,5.41,-17.62,True
1.06,0.025,0.99,0.2,0.2,0.25,0.75,5.32,-16.94,True
1.06,0.025,0.99,0.2,0.2,0.5,0.5,5.22,-16.2,True
1.06,0.025,0.99,0.2,0.2,0.75,0.25,5.12,-15.41,True
1.06,0.025,0.99,0.2,0.2,1.0,0.0,5.02,-14.54,True
1.06,0.025,0.99,0.2,0.3,0.0,1.0,6.48,-18.62,True
1.06,0.025,0.99,0.2,0.3,0.25,0.75,6.4,-18.04,True
1.06,0.025,0.99,0.2,0.3,0.5,0.5,6.31,-17.41,True
1.06,0.025,0.99,0.2,0.3,0.75,0.25,6.23,-16.74,True
1.06,0.025,0.99,0.2,0.3,1.0,0.0,6.14,-16.01,True
1.06,0.025,0.99,0.3,0.0,0.0,1.0,2.31,-14.77,True
1.06,0.025,0.99,0.3,0.0,0.25,0.75,2.15,-13.65,True
1.06,0.025,0.99,0.3,0.0,0.5,0.5,1.97,-12.41,True
1.06,0.025,0.99,0.3,0.0,0.75,0.25,1.78,-11.01,True
1.06,0.025,0.99,0.3,0.0,1.0,0.0,1.59,-9.42,True
1.06,0.025,0.99,0.3,0.1,0.0,1.0,4.43,-17.74,True
1.06,0.025,0.99,0.3,0.1,0.25,0.75,4.29,-16.85,True
1.06,0.025,0.99,0.3,0.1,0.5,0.5,4.15,-15.85,True
1.06,0.025,0.99,0.3,0.1,0.75,0.25,4.0,-14.74,True
1.06,0.025,0.99,0.3,0.1,1.0,0.0,3.84,-13.5,True
1.06,0.025,0.99,0.3,0.2,0.0,1.0,5.64,-18.61,True
1.06,0.025,0.99,0.3,0.2,0.25,0.75,5.53,-17.88,True
1.06,0.025,0.99,0.3,0.2,0.5,0.5,5.42,-17.08,True
1.06,0.025,0.99,0.3,0.2,0.75,0.25,5.31,-16.2,True
1.06,0.025,0.99,0.3,0.2,1.0,0.0,5.19,-15.22,True
1.06,0.025,0.99,0.3,0.3,0.0,1.0,6.43,-18.62,True
1.06,0.025,0.99,0.3,0.3,0.25,0.75,6.36,-18.05,True
1.06,0.025,0.99,0.3,0.3,0.5,0.5,6.29,-17.44,True
1.06,0.025,0.99,0.3,0.3,0.75,0.25,6.21,-16.78,True
1.06,0.025,0.99,0.3,0.3,1.0,0.0,6.14,-16.07,True
1.06,0.025,0.99,0.4,0.0,0.0,1.0,2.87,-16.85,True
1.06,0.025,0.99,0.4,0.0,0.25,0.75,2.67,-15.7,True
1.06,0.025,0.99,0.4,0.0,0.5,0.5,2.47,-14.4,True
1.06,0.025,0.99,0.4,0.0,0.75,0.25,2.25,-12.9,True
1.06,0.025,0.99,0.4,0.0,1.0,0.0,2.01,-11.17,True
1.06,0.025,0.99,0.4,0.1,0.0,1.0,4.65,-18.6,True
1.06,0.025,0.99,0.4,0.1,0.25,0.75,4.5,-17.67,True
1.06,0.025,0.99,0.4,0.1,0.5,0.5,4.35,-16.64,True
1.06,0.025,0.99,0.4,0.1,0.75,0.25,4.18,-15.48,True
1.06,0.025,0.99,0.4,0.1,1.0,0.0,4.01,-14.16,True
1.06,0.025,0.99,0.4,0.2,0.0,1.0,5.58,-18.61,True
1.06,0.025,0.99,0.4,0.2,0.25,0.75,5.49,-17.88,True
1.06,0.025,0.99,0.4,0.2,0.5,0.5,5.39,-17.09,True
1.06,0.025,0.99,0.4,0.2,0.75,0.25,5.29,-16.22,True
1.06,0.025,0.99,0.4,0.2,1.0,0.0,5.18,-15.26,True
1.06,0.025,0.99,0.4,0.3,0.0,1.0,6.38,-18.62,True
1.06,0.025,0.99,0.4,0.3,0.25,0.75,6.32,-18.05,True
1.06,0.025,0.99,0.4,0.3,0.5,0.5,6.26,-17.45,True
1.06,0.025,0.99,0.4,0.3,0.75,0.25,6.2,-16.8,True
1.06,0.025,0.99,0.4,0.3,1.0,0.0,6.13,-16.11,True
1.06,0.025,1.0,0.1,0.0,0.0,1.0,-0.05,-3.16,True
1.06,0.025,1.0,0.1,0.0,0.25,0.75,-0.05,-2.88,True
1.06,0.025,1.0,0.1,0.0,0.5,0.5,-0.04,-2.59,True
1.06,0.025,1.0,0.1,0.0,0.75,0.25,-0.03,-2.31,True
1.06,0.025,1.0,0.1,0.0,1.0,0.0,-0.02,-2.02,True
1.06,0.025,1.0,0.1,0.1,0.0,1.0,2.56,-7.31,True
1.06,0.025,1.0,0.1,0.1,0.25,0.75,2.56,-7.3,True
1.06,0.025,1.0,0.1,0.1,0.5,0.5,2.57,-7.28,True
1.06,0.025,1.0,0.1,0.1,0.75,0.25,2.57,-7.26,True
1.06,0.025,1.0,0.1,0.1,1.0,0.0,2.58,-7.24,True
1.06,0.025,1.0,0.1,0.2,0.0,1.0,4.23,-11.12,True
1.06,0.025,1.0,0.1,0.2,0.25,0.75,4.23,-11.1,True
1.06,0.025,1.0,0.1,0.2,0.5,0.5,4.23,-11.07,True
1.06,0.025,1.0,0.1,0.2,0.75,0.25,4.24,-11.04,True
1.06,0.025,1.0,0.1,0.2,1.0,0.0,4.24,-11.02,True
1.06,0.025,1.0,0.1,0.3,0.0,1.0,5.47,-13.46,True
1.06,0.025,1.0,0.1,0.3,0.25,0.75,5.47,-13.43,True
1.06,0.025,1.0,0.1,0.3,0.5,0.5,5.47,-13.4,True
1.06,0.025,1.0,0.1,0.3,0.75,0.25,5.47,-13.37,True
1.06,0.025,1.0,0.1,0.3,1.0,0.0,5.47,-13.34,True
1.06,0.025,1.0,0.2,0.0,0.0,1.0,-0.11,-6.26,True
1.06,0.025,1.0,0.2,0.0,0.25,0.75,-0.1,-5.71,True
1.06,0.025,1.0,0.2,0.0,0.5,0.5,-0.08,-5.15,True
1.06,0.025,1.0,0.2,0.0,0.75,0.25,-0.06,-4.59,True
1.06,0.025,1.0,0.2,0.0,1.0,0.0,-0.05,-4.02,True
1.06,0.025,1.0,0.2,0.1,0.0,1.0,2.54,-7.53,True
1.06,0.025,1.0,0.2,0.1,0.25,0.75,2.55,-7.49,True
1.06,0.025,1.0,0.2,0.1,0.5,0.5,2.56,-7.45,True
1.06,0.025,1.0,0.2,0.1,0.75,0.25,2.57,-7.41,True
1.06,0.025,1.0,0.2,0.1,1.0,0.0,2.58,-7.37,True
1.06,0.025,1.0,0.2,0.2,0.0,1.0,4.23,-11.42,True
1.06,0.025,1.0,0.2,0.2,0.25,0.75,4.23,-11.37,True
1.06,0.025,1.0,0.2,0.2,0.5,0.5,4.24,-11.31,True
1.06,0.025,1.0,0.2,0.2,0.75,0.25,4.24,-11.26,True
1.06,0.025,1.0,0.2,0.2,1.0,0.0,4.25,-11.2,True
1.06,0.025,1.0,0.2,0.3,0.0,1.0,5.47,-13.78,True
1.06,0.025,1.0,0.2,0.3,0.25,0.75,5.48,-13.72,True
1.06,0.025,1.0,0.2,0.3,0.5,0.5,5.48,-13.66,True
1.06,0.025,1.0,0.2,0.3,0.75,0.25,5.49,-13.6,True
1.06,0.025,1.0,0.2,0.3,1.0,0.0,5.49,-13.54,True
1.06,0.025,1.0,0.3,0.0,0.0,1.0,-0.17,-9.32,True
1.06,0.025,1.0,0.3,0.0,0.25,0.75,-0.15,-8.49,True
1.06,0.025,1.0,0.3,0.0,0.5,0.5,-0.12,-7.67,True
1.06,0.025,1.0,0.3,0.0,0.75,0.25,-0.1,-6.84,True
1.06,0.025,1.0,0.3,0.0,1.0,0.0,-0.08,-6.0,True
1.06,0.025,1.0,0.3,0.1,0.0,1.0,2.52,-7.75,True
1.06,0.025,1.0,0.3,0.1,0.25,0.75,2.54,-7.69,True
1.06,0.025,1.0,0.3,0.1,0.5,0.5,2.55,-7.63,True
1.06,0.025,1.0,0.3,0.1,0.75,0.25,2.56,-7.57,True
1.06,0.025,1.0,0.3,0.1,1.0,0.0,2.57,-7.51,True
1.06,0.025,1.0,0.3,0.2,0.0,1.0,4.23,-11.66,True
1.06,0.025,1.0,0.3,0.2,0.25,0.75,4.24,-11.59,True
1.06,0.025,1.0,0.3,0.2,0.5,0.5,4.25,-11.51,True
1.06,0.025,1.0,0.3,0.2,0.75,0.25,4.26,-11.44,True
1.06,0.025,1.0,0.3,0.2,1.0,0.0,4.27,-11.36,True
1.06,0.025,1.0,0.3,0.3,0.0,1.0,5.47,-13.95,True
1.06,0.025,1.0,0.3,0.3,0.25,0.75,5.48,-13.89,True
1.06,0.025,1.0,0.3,0.3,0.5,0.5,5.5,-13.83,True
1.06,0.025,1.0,0.3,0.3,0.75,0.25,5.5,-13.75,True
1.06,0.025,1.0,0.3,0.3,1.0,0.0,5.5,-13.67,True
1.06,0.025,1.0,0.4,0.0,0.0,1.0,-0.24,-12.31,True
1.06,0.025,1.0,0.4,0.0,0.25,0.75,-0.2,-11.23,True
1.06,0.025,1.0,0.4,0.0,0.5,0.5,-0.17,-10.15,True
1.06,0.025,1.0,0.4,0.0,0.75,0.25,-0.14,-9.06,True
1.06,0.025,1.0,0.4,0.0,1.0,0.0,-0.1,-7.96,True
1.06,0.025,1.0,0.4,0.1,0.0,1.0,2.5,-7.88,True
1.06,0.025,1.0,0.4,0.1,0.25,0.75,2.53,-7.82,True
1.06,0.025,1.0,0.4,0.1,0.5,0.5,2.55,-7.77,True
1.06,0.025,1.0,0.4,0.1,0.75,0.25,2.57,-7.7,True
1.06,0.025,1.0,0.4,0.1,1.0,0.0,2.58,-7.62,True
1.06,0.025,1.0,0.4,0.2,0.0,1.0,4.2,-11.76,True
1.06,0.025,1.0,0.4,0.2,0.25,0.75,4.22,-11.69,True
1.06,0.025,1.0,0.4,0.2,0.5,0.5,4.24,-11.63,True
1.06,0.025,1.0,0.4,0.2,0.75,0.25,4.26,-11.56,True
1.06,0.025,1.0,0.4,0.2,1.0,0.0,4.27,-11.48,True
1.06,0.025,1.0,0.4,0.3,0.0,1.0,5.45,-14.03,True
1.06,0.025,1.0,0.4,0.3,0.25,0.75,5.47,-13.96,True
1.06,0.025,1.0,0.4,0.3,0.5,0.5,5.48,-13.89,True
1.06,0.025,1.0,0.4,0.3,0.75,0.25,5.5,-13.82,True
1.06,0.025,1.0,0.4,0.3,1.0,0.0,5.51,-13.76,True
1.06,0.025,1.01,0.1,0.0,0.0,1.0,-0.09,-3.16,True
1.06,0.025,1.01,0.1,0.0,0.25,0.75,-0.08,-2.88,True
1.06,0.025,1.01,0.1,0.0,0.5,0.5,-0.07,-2.59,True
1.06,0.025,1.01,0.1,0.0,0.75,0.25,-0.06,-2.31,True
1.06,0.025,1.01,0.1,0.0,1.0,0.0,-0.05,-2.02,True
1.06,0.025,1.01,0.1,0.1,0.0,1.0,2.52,-7.29,True
1.06,0.025,1.01,0.1,0.1,0.25,0.75,2.52,-7.27,True
1.06,0.025,1.01,0.1,0.1,0.5,0.5,2.53,-7.25,True
1.06,0.025,1.01,0.1,0.1,0.75,0.25,2.53,-7.23,True
1.06,0.025,1.01,0.1,0.1,1.0,0.0,2.54,-7.21,True
1.06,0.025,1.01,0.1,0.2,0.0,1.0,4.18,-11.09,True
1.06,0.025,1.01,0.1,0.2,0.25,0.75,4.19,-11.07,True
1.06,0.025,1.01,0.1,0.2,0.5,0.5,4.19,-11.04,True
1.06,0.025,1.01,0.1,0.2,0.75,0.25,4.2,-11.02,True
1.06,0.025,1.01,0.1,0.2,1.0,0.0,4.2,-10.99,True
1.06,0.025,1.01,0.1,0.3,0.0,1.0,5.42,-13.43,True
1.06,0.025,1.01,0.1,0.3,0.25,0.75,5.43,-13.4,True
1.06,0.025,1.01,0.1,0.3,0.5,0.5,5.43,-13.37,True
1.06,0.025,1.01,0.1,0.3,0.75,0.25,5.43,-13.34,True
1.06,0.025,1.01,0.1,0.3,1.0,0.0,5.43,-13.31,True
1.06,0.025,1.01,0.2,0.0,0.0,1.0,-0.18,-6.26,True
1.06,0.025,1.01,0.2,0.0,0.25,0.75,-0.16,-5.71,True
1.06,0.025,1.01,0.2,0.0,0.5,0.5,-0.14,-5.15,True
1.06,0.025,1.01,0.2,0.0,0.75,0.25,-0.12,-4.59,True
1.06,0.025,1.01,0.2,0.0,1.0,0.0,-0.1,-4.02,True
1.06,0.025,1.01,0.2,0.1,0.0,1.0,2.47,-7.5,True
1.06,0.025,1.01,0.2,0.1,0.25,0.75,2.48,-7.46,True
1.06,0.025,1.01,0.2,0.1,0.5,0.5,2.49,-7.42,True
1.06,0.025,1.01,0.2,0.1,0.75,0.25,2.5,-7.38,True
1.06,0.025,1.01,0.2,0.1,1.0,0.0,2.51,-7.35,True
1.06,0.025,1.01,0.2,0.2,0.0,1.0,4.15,-11.39,True
1.06,0.025,1.01,0.2,0.2,0.25,0.75,4.16,-11.34,True
1.06,0.025,1.01,0.2,0.2,0.5,0.5,4.17,-11.28,True
1.06,0.025,1.01,0.2,0.2,0.75,0.25,4.18,-11.23,True
1.06,0.025,1.01,0.2,0.2,1.0,0.0,4.18,-11.18,True
1.06,0.025,1.01,0.2,0.3,0.0,1.0,5.4,-13.76,True
1.06,0.025,1.01,0.2,0.3,0.25,0.75,5.41,-13.7,True
1.06,0.025,1.01,0.2,0.3,0.5,0.5,5.41,-13.64,True
1.06,0.025,1.01,0.2,0.3,0.75,0.25,5.42,-13.58,True
1.06,0.025,1.01,0.2,0.3,1.0,0.0,5.43,-13.52,True
1.06,0.025,1.01,0.3,0.0,0.0,1.0,-0.27,-9.32,True
1.06,0.025,1.01,0.3,0.0,0.25,0.75,-0.24,-8.49,True
1.06,0.025,1.01,0.3,0.0,0.5,0.5,-0.21,-7.67,True
1.06,0.025,1.01,0.3,0.0,0.75,0.25,-0.19,-6.84,True
1.06,0.025,1.01,0.3,0.0,1.0,0.0,-0.16,-6.0,True
1.06,0.025,1.01,0.3,0.1,0.0,1.0,2.42,-7.72,True
1.06,0.025,1.01,0.3,0.1,0.25,0.75,2.44,-7.66,True
1.06,0.025,1.01,0.3,0.1,0.5,0.5,2.45,-7.6,True
1.06,0.025,1.01,0.3,0.1,0.75,0.25,2.47,-7.54,True
1.06,0.025,1.01,0.3,0.1,1.0,0.0,2.49,-7.48,True
1.06,0.025,1.01,0.3,0.2,0.0,1.0,4.13,-11.62,True
1.06,0.025,1.01,0.3,0.2,0.25,0.75,4.15,-11.56,True
1.06,0.025,1.01,0.3,0.2,0.5,0.5,4.16,-11.48,True
1.06,0.025,1.01,0.3,0.2,0.75,0.25,4.17,-11.41,True
1.06,0.025,1.01,0.3,0.2,1.0,0.0,4.18,-11.33,True
1.06,0.025,1.01,0.3,0.3,0.0,1.0,5.4,-13.91,True
1.06,0.025,1.01,0.3,0.3,0.25,0.75,5.42,-13.85,True
1.06,0.025,1.01,0.3,0.3,0.5,0.5,5.43,-13.8,True
1.06,0.025,1.01,0.3,0.3,0.75,0.25,5.44,-13.73,True
1.06,0.025,1.01,0.3,0.3,1.0,0.0,5.44,-13.65,True
1.06,0.025,1.01,0.4,0.0,0.0,1.0,-0.37,-12.31,True
1.06,0.025,1.01,0.4,0.0,0.25,0.75,-0.33,-11.23,True
1.06,0.025,1.01,0.4,0.0,0.5,0.5,-0.29,-10.15,True
1.06,0.025,1.01,0.4,0.0,0.75,0.25,-0.25,-9.06,True
1.06,0.025,1.01,0.4,0.0,1.0,0.0,-0.21,-7.96,True
1.06,0.025,1.01,0.4,0.1,0.0,1.0,2.36,-7.83,True
1.06,0.025,1.01,0.4,0.1,0.25,0.75,2.39,-7.78,True
1.06,0.025,1.01,0.4,0.1,0.5,0.5,2.42,-7.73,True
1.06,0.025,1.01,0.4,0.1,0.75,0.25,2.45,-7.67,True
1.06,0.025,1.01,0.4,0.1,1.0,0.0,2.47,-7.59,True
1.06,0.025,1.01,0.4,0.2,0.0,1.0,4.1,-11.71,True
1.06,0.025,1.01,0.4,0.2,0.25,0.75,4.13,-11.64,True
1.06,0.025,1.01,0.4,0.2,0.5,0.5,4.15,-11.58,True
1.06,0.025,1.01,0.4,0.2,0.75,0.25,4.17,-11.52,True
1.06,0.025,1.01,0.4,0.2,1.0,0.0,4.19,-11.45,True
1.06,0.025,1.01,0.4,0.3,0.0,1.0,5.39,-13.98,True
1.06,0.025,1.01,0.4,0.3,0.25,0.75,5.4,-13.92,True
1.06,0.025,1.01,0.4,0.3,0.5,0.5,5.42,-13.85,True
1.06,0.025,1.01,0.4,0.3,0.75,0.25,5.44,-13.79,True
1.06,0.025,1.01,0.4,0.3,1.0,0.0,5.46,-13.73,True
1.06,0.025,1.02,0.1,0.0,0.0,1.0,-0.08,-3.57,True
1.06,0.025,1.02,0.1,0.0,0.25,0.75,-0.07,-3.28,True
1.06,0.025,1.02,0.1,0.0,0.5,0.5,-0.06,-2.98,True
1.06,0.025,1.02,0.1,0.0,0.75,0.25,-0.05,-2.68,True
1.06,0.025,1.02,0.1,0.0,1.0,0.0,-0.05,-2.39,True
1.06,0.025,1.02,0.1,0.1,0.0,1.0,2.53,-7.32,True
1.06,0.025,1.02,0.1,0.1,0.25,0.75,2.54,-7.3,True
1.06,0.025,1.02,0.1,0.1,0.5,0.5,2.54,-7.28,True
1.06,0.025,1.02,0.1,0.1,0.75,0.25,2.54,-7.26,True
1.06,0.025,1.02,0.1,0.1,1.0,0.0,2.55,-7.24,True
1.06,0.025,1.02,0.1,0.2,0.0,1.0,4.2,-11.13,True
1.06,0.025,1.02,0.1,0.2,0.25,0.75,4.2,-11.11,True
1.06,0.025,1.02,0.1,0.2,0.5,0.5,4.2,-11.08,True
1.06,0.025,1.02,0.1,0.2,0.75,0.25,4.21,-11.05,True
1.06,0.025,1.02,0.1,0.2,1.0,0.0,4.21,-11.02,True
1.06,0.025,1.02,0.1,0.3,0.0,1.0,5.44,-13.48,True
1.06,0.025,1.02,0.1,0.3,0.25,0.75,5.44,-13.45,True
1.06,0.025,1.02,0.1,0.3,0.5,0.5,5.44,-13.42,True
1.06,0.025,1.02,0.1,0.3,0.75,0.25,5.44,-13.38,True
1.06,0.025,1.02,0.1,0.3,1.0,0.0,5.44,-13.35,True
1.06,0.025,1.02,0.2,0.0,0.0,1.0,-0.15,-7.08,True
1.06,0.025,1.02,0.2,0.0,0.25,0.75,-0.14,-6.5,True
1.06,0.025,1.02,0.2,0.0,0.5,0.5,-0.13,-5.92,True
1.06,0.025,1.02,0.2,0.0,0.75,0.25,-0.11,-5.33,True
1.06,0.025,1.02,0.2,0.0,1.0,0.0,-0.1,-4.74,True
1.06,0.025,1.02,0.2,0.1,0.0,1.0,2.5,-7.56,True
1.06,0.025,1.02,0.2,0.1,0.25,0.75,2.51,-7.52,True
1.06,0.025,1.02,0.2,0.1,0.5,0.5,2.51,-7.47,True
1.06,0.025,1.02,0.2,0.1,0.75,0.25,2.52,-7.43,True
1.06,0.025,1.02,0.2,0.1,1.0,0.0,2.53,-7.39,True
1.06,0.025,1.02,0.2,0.2,0.0,1.0,4.18,-11.47,True
1.06,0.025,1.02,0.2,0.2,0.25,0.75,4.19,-11.42,True
1.06,0.025,1.02,0.2,0.2,0.5,0.5,4.19,-11.36,True
1.06,0.025,1.02,0.2,0.2,0.75,0.25,4.2,-11.3,True
1.06,0.025,1.02,0.2,0.2,1.0,0.0,4.2,-11.24,True
1.06,0.025,1.02,0.2,0.3,0.0,1.0,5.44,-13.84,True
1.06,0.025,1.02,0.2,0.3,0.25,0.75,5.44,-13.78,True
1.06,0.025,1.02,0.2,0.3,0.5,0.5,5.44,-13.72,True
1.06,0.025,1.02,0.2,0.3,0.75,0.25,5.44,-13.65,True
1.06,0.025,1.02,0.2,0.3,1.0,0.0,5.44,-13.59,True
1.06,0.025,1.02,0.3,0.0,0.0,1.0,-0.24,-10.52,True
1.06,0.025,1.02,0.3,0.0,0.25,0.75,-0.21,-9.67,True
1.06,0.025,1.02,0.3,0.0,0.5,0.5,-0.19,-8.81,True
1.06,0.025,1.02,0.3,0.0,0.75,0.25,-0.17,-7.94,True
1.06,0.025,1.02,0.3,0.0,1.0,0.0,-0.15,-7.07,True
1.06,0.025,1.02,0.3,0.1,0.0,1.0,2.46,-7.81,True
1.06,0.025,1.02,0.3,0.1,0.25,0.75,2.47,-7.74,True
1.06,0.025,1.02,0.3,0.1,0.5,0.5,2.49,-7.68,True
1.06,0.025,1.02,0.3,0.1,0.75,0.25,2.5,-7.62,True
1.06,0.025,1.02,0.3,0.1,1.0,0.0,2.51,-7.56,True
1.06,0.025,1.02,0.3,0.2,0.0,1.0,4.18,-11.72,True
1.06,0.025,1.02,0.3,0.2,0.25,0.75,4.19,-11.66,True
1.06,0.025,1.02,0.3,0.2,0.5,0.5,4.2,-11.58,True
1.06,0.025,1.02,0.3,0.2,0.75,0.25,4.2,-11.5,True
1.06,0.025,1.02,0.3,0.2,1.0,0.0,4.21,-11.42,True
1.06,0.025,1.02,0.3,0.3,0.0,1.0,5.44,-13.99,True
1.06,0.025,1.02,0.3,0.3,0.25,0.75,5.45,-13.93,True
1.06,0.025,1.02,0.3,0.3,0.5,0.5,5.46,-13.88,True
1.06,0.025,1.02,0.3,0.3,0.75,0.25,5.46,-13.8,True
1.06,0.025,1.02,0.3,0.3,1.0,0.0,5.46,-13.72,True
1.06,0.025,1.02,0.4,0.0,0.0,1.0,-0.32,-13.9,True
1.06,0.025,1.02,0.4,0.0,0.25,0.75,-0.29,-12.78,True
1.06,0.025,1.02,0.4,0.0,0.5,0.5,-0.26,-11.65,True
1.06,0.025,1.02,0.4,0.0,0.75,0.25,-0.23,-10.52,True
1.06,0.025,1.02,0.4,0.0,1.0,0.0,-0.2,-9.37,True
1.06,0.025,1.02,0.4,0.1,0.0,1.0,2.42,-8.41,True
1.06,0.025,1.02,0.4,0.1,0.25,0.75,2.45,-7.88,True
1.06,0.025,1.02,0.4,0.1,0.5,0.5,2.47,-7.83,True
1.06,0.025,1.02,0.4,0.1,0.75,0.25,2.49,-7.76,True
1.06,0.025,1.02,0.4,0.1,1.0,0.0,2.5,-7.68,True
1.06,0.025,1.02,0.4,0.2,0.0,1.0,4.16,-11.81,True
1.06,0.025,1.02,0.4,0.2,0.25,0.75,4.17,-11.75,True
1.06,0.025,1.02,0.4,0.2,0.5,0.5,4.19,-11.68,True
1.06,0.025,1.02,0.4,0.2,0.75,0.25,4.21,-11.61,True
1.06,0.025,1.02,0.4,0.2,1.0,0.0,4.22,-11.54,True
1.06,0.025,1.02,0.4,0.3,0.0,1.0,5.42,-14.06,True
1.06,0.025,1.02,0.4,0.3,0.25,0.75,5.44,-14.0,True
1.06,0.025,1.02,0.4,0.3,0.5,0.5,5.45,-13.93,True
1.06,0.025,1.02,0.4,0.3,0.75,0.25,5.46,-13.87,True
1.06,0.025,1.02,0.4,0.3,1.0,0.0,5.48,-13.8,True
1.06,0.03,0.95,0.1,0.0,0.0,1.0,0.25,-5.92,True
1.06,0.03,0.95,0.1,0.0,0.25,0.75,0.23,-5.29,True
1.06,0.03,0.95,0.1,0.0,0.5,0.5,0.21,-4.64,True
1.06,0.03,0.95,0.1,0.0,0.75,0.25,0.19,-3.97,True
1.06,0.03,0.95,0.1,0.0,1.0,0.0,0.16,-3.28,True
1.06,0.03,0.95,0.1,0.1,0.0,1.0,0.82,-8.11,True
1.06,0.03,0.95,0.1,0.1,0.25,0.75,0.8,-7.53,True
1.06,0.03,0.95,0.1,0.1,0.5,0.5,0.78,-6.93,True
1.06,0.03,0.95,0.1,0.1,0.75,0.25,0.76,-6.31,True
1.06,0.03,0.95,0.1,0.1,1.0,0.0,0.74,-5.67,True
1.06,0.03,0.95,0.1,0.2,0.0,1.0,1.32,-10.11,True
1.06,0.03,0.95,0.1,0.2,0.25,0.75,1.31,-9.57,True
1.06,0.03,0.95,0.1,0.2,0.5,0.5,1.29,-9.01,True
1.06,0.03,0.95,0.1,0.2,0.75,0.25,1.27,-8.44,True
1.06,0.03,0.95,0.1,0.2,1.0,0.0,1.25,-7.86,True
1.06,0.03,0.95,0.1,0.3,0.0,1.0,1.78,-11.94,True
1.06,0.03,0.95,0.1,0.3,0.25,0.75,1.76,-11.43,True
1.06,0.03,0.95,0.1,0.3,0.5,0.5,1.74,-10.92,True
1.06,0.03,0.95,0.1,0.3,0.75,0.25,1.73,-10.39,True
1.06,0.03,0.95,0.1,0.3,1.0,0.0,1.71,-9.85,True
1.06,0.03,0.95,0.2,0.0,0.0,1.0,0.48,-10.45,True
1.06,0.03,0.95,0.2,0.0,0.25,0.75,0.44,-9.43,True
1.06,0.03,0.95,0.2,0.0,0.5,0.5,0.4,-8.36,True
1.06,0.03,0.95,0.2,0.0,0.75,0.25,0.36,-7.24,True
1.06,0.03,0.95,0.2,0.0,1.0,0.0,0.32,-6.05,True
1.06,0.03,0.95,0.2,0.1,0.0,1.0,1.02,-12.28,True
1.06,0.03,0.95,0.2,0.1,0.25,0.75,0.99,-11.33,True
1.06,0.03,0.95,0.2,0.1,0.5,0.5,0.95,-10.34,True
1.06,0.03,0.95,0.2,0.1,0.75,0.25,0.91,-9.3,True
1.06,0.03,0.95,0.2,0.1,1.0,0.0,0.88,-8.2,True
1.06,0.03,0.95,0.2,0.2,0.0,1.0,1.51,-13.96,True
1.06,0.03,0.95,0.2,0.2,0.25,0.75,1.47,-13.08,True
1.06,0.03,0.95,0.2,0.2,0.5,0.5,1.44,-12.15,True
1.06,0.03,0.95,0.2,0.2,0.75,0.25,1.41,-11.18,True
1.06,0.03,0.95,0.2,0.2,1.0,0.0,1.37,-10.16,True
1.06,0.03,0.95,0.2,0.3,0.0,1.0,1.94,-15.51,True
1.06,0.03,0.95,0.2,0.3,0.25,0.75,1.91,-14.68,True
1.06,0.03,0.95,0.2,0.3,0.5,0.5,1.88,-13.82,True
1.06,0.03,0.95,0.2,0.3,0.75,0.25,1.85,-12.91,True
1.06,0.03,0.95,0.2,0.3,1.0,0.0,1.82,-11.97,True
1.06,0.03,0.95,0.3,0.0,0.0,1.0,0.68,-14.03,True
1.06,0.03,0.95,0.3,0.0,0.25,0.75,0.63,-12.77,True
1.06,0.03,0.95,0.3,0.0,0.5,0.5,0.57,-11.42,True
1.06,0.03,0.95,0.3,0.0,0.75,0.25,0.52,-9.98,True
1.06,0.03,0.95,0.3,0.0,1.0,0.0,0.46,-8.43,True
1.06,0.03,0.95,0.3,0.1,0.0,1.0,1.2,-15.59,True
1.06,0.03,0.95,0.3,0.1,0.25,0.75,1.16,-14.42,True
1.06,0.03,0.95,0.3,0.1,0.5,0.5,1.11,-13.16,True
1.06,0.03,0.95,0.3,0.1,0.75,0.25,1.05,-11.82,True
1.06,0.03,0.95,0.3,0.1,1.0,0.0,1.0,-10.38,True
1.06,0.03,0.95,0.3,0.2,0.0,1.0,1.67,-17.03,True
1.06,0.03,0.95,0.3,0.2,0.25,0.75,1.63,-15.94,True
1.06,0.03,0.95,0.3,0.2,0.5,0.5,1.58,-14.76,True
1.06,0.03,0.95,0.3,0.2,0.75,0.25,1.54,-13.51,True
1.06,0.03,0.95,0.3,0.2,1.0,0.0,1.49,-12.16,True
1.06,0.03,0.95,0.3,0.3,0.0,1.0,2.08,-18.33,True
1.06,0.03,0.95,0.3,0.3,0.25,0.75,2.05,-17.31,True
1.06,0.03,0.95,0.3,0.3,0.5,0.5,2.01,-16.23,True
1.06,0.03,0.95,0.3,0.3,0.75,0.25,1.97,-15.06,True
1.06,0.03,0.95,0.3,0.3,1.0,0.0,1.93,-13.81,True
1.06,0.03,0.95,0.4,0.0,0.0,1.0,0.86,-16.92,True
1.06,0.03,0.95,0.4,0.0,0.25,0.75,0.8,-15.51,True
1.06,0.03,0.95,0.4,0.0,0.5,0.5,0.73,-13.98,True
1.06,0.03,0.95,0.4,0.0,0.75,0.25,0.66,-12.31,True
1.06,0.03,0.95,0.4,0.0,1.0,0.0,0.59,-10.49,True
1.06,0.03,0.95,0.4,0.1,0.0,1.0,1.36,-18.27,True
1.06,0.03,0.95,0.4,0.1,0.25,0.75,1.3,-16.95,True
1.06,0.03,0.95,0.4,0.1,0.5,0.5,1.24,-15.52,True
1.06,0.03,0.95,0.4,0.1,0.75,0.25,1.18,-13.97,True
1.06,0.03,0.95,0.4,0.1,1.0,0.0,1.12,-12.27,True
1.06,0.03,0.95,0.4,0.2,0.0,1.0,1.79,-19.49,True
1.06,0.03,0.95,0.4,0.2,0.25,0.75,1.75,-18.26,True
1.06,0.03,0.95,0.4,0.2,0.5,0.5,1.7,-16.93,True
1.06,0.03,0.95,0.4,0.2,0.75,0.25,1.65,-15.49,True
1.06,0.03,0.95,0.4,0.2,1.0,0.0,1.59,-13.91,True
1.06,0.03,0.95,0.4,0.3,0.0,1.0,2.19,-20.62,True
1.06,0.03,0.95,0.4,0.3,0.25,0.75,2.15,-19.46,True
1.06,0.03,0.95,0.4,0.3,0.5,0.5,2.1,-18.21,True
1.06,0.03,0.95,0.4,0.3,0.75,0.25,2.06,-16.86,True
1.06,0.03,0.95,0.4,0.3,1.0,0.0,2.02,-15.4,True
1.06,0.03,0.97,0.1,0.0,0.0,1.0,0.29,-5.14,True
1.06,0.03,0.97,0.1,0.0,0.25,0.75,0.26,-4.58,True
1.06,0.03,0.97,0.1,0.0,0.5,0.5,0.24,-4.01,True
1.06,0.03,0.97,0.1,0.0,0.75,0.25,0.21,-3.43,True
1.06,0.03,0.97,0.1,0.0,1.0,0.0,0.18,-2.83,True
1.06,0.03,0.97,0.1,0.1,0.0,1.0,0.85,-7.36,True
1.06,0.03,0.97,0.1,0.1,0.25,0.75,0.83,-6.85,True
1.06,0.03,0.97,0.1,0.1,0.5,0.5,0.81,-6.33,True
1.06,0.03,0.97,0.1,0.1,0.75,0.25,0.78,-5.79,True
1.06,0.03,0.97,0.1,0.1,1.0,0.0,0.76,-5.24,True
1.06,0.03,0.97,0.1,0.2,0.0,1.0,1.35,-9.38,True
1.06,0.03,0.97,0.1,0.2,0.25,0.75,1.33,-8.91,True
1.06,0.03,0.97,0.1,0.2,0.5,0.5,1.31,-8.44,True
1.06,0.03,0.97,0.1,0.2,0.75,0.25,1.29,-7.94,True
1.06,0.03,0.97,0.1,0.2,1.0,0.0,1.27,-7.44,True
1.06,0.03,0.97,0.1,0.3,0.0,1.0,1.8,-11.23,True
1.06,0.03,0.97,0.1,0.3,0.25,0.75,1.78,-10.8,True
1.06,0.03,0.97,0.1,0.3,0.5,0.5,1.76,-10.36,True
1.06,0.03,0.97,0.1,0.3,0.75,0.25,1.74,-9.91,True
1.06,0.03,0.97,0.1,0.3,1.0,0.0,1.72,-9.44,True
1.06,0.03,0.97,0.2,0.0,0.0,1.0,0.55,-9.07,True
1.06,0.03,0.97,0.2,0.0,0.25,0.75,0.5,-8.18,True
1.06,0.03,0.97,0.2,0.0,0.5,0.5,0.45,-7.24,True
1.06,0.03,0.97,0.2,0.0,0.75,0.25,0.4,-6.26,True
1.06,0.03,0.97,0.2,0.0,1.0,0.0,0.35,-5.22,True
1.06,0.03,0.97,0.2,0.1,0.0,1.0,1.08,-10.95,True
1.06,0.03,0.97,0.2,0.1,0.25,0.75,1.04,-10.12,True
1.06,0.03,0.97,0.2,0.1,0.5,0.5,1.0,-9.26,True
1.06,0.03,0.97,0.2,0.1,0.75,0.25,0.95,-8.35,True
1.06,0.03,0.97,0.2,0.1,1.0,0.0,0.91,-7.4,True
1.06,0.03,0.97,0.2,0.2,0.0,1.0,1.56,-12.67,True
1.06,0.03,0.97,0.2,0.2,0.25,0.75,1.52,-11.91,True
1.06,0.03,0.97,0.2,0.2,0.5,0.5,1.48,-11.11,True
1.06,0.03,0.97,0.2,0.2,0.75,0.25,1.44,-10.27,True
1.06,0.03,0.97,0.2,0.2,1.0,0.0,1.4,-9.39,True
1.06,0.03,0.97,0.2,0.3,0.0,1.0,1.99,-14.26,True
1.06,0.03,0.97,0.2,0.3,0.25,0.75,1.96,-13.55,True
1.06,0.03,0.97,0.2,0.3,0.5,0.5,1.92,-12.81,True
1.06,0.03,0.97,0.2,0.3,0.75,0.25,1.89,-12.03,True
1.06,0.03,0.97,0.2,0.3,1.0,0.0,1.85,-11.22,True
1.06,0.03,0.97,0.3,0.0,0.0,1.0,0.77,-12.18,True
1.06,0.03,0.97,0.3,0.0,0.25,0.75,0.71,-11.07,True
1.06,0.03,0.97,0.3,0.0,0.5,0.5,0.65,-9.89,True
1.06,0.03,0.97,0.3,0.0,0.75,0.25,0.58,-8.63,True
1.06,0.03,0.97,0.3,0.0,1.0,0.0,0.51,-7.27,True
1.06,0.03,0.97,0.3,0.1,0.0,1.0,1.29,-13.8,True
1.06,0.03,0.97,0.3,0.1,0.25,0.75,1.23,-12.78,True
1.06,0.03,0.97,0.3,0.1,0.5,0.5,1.17,-11.68,True
1.06,0.03,0.97,0.3,0.1,0.75,0.25,1.11,-10.51,True
1.06,0.03,0.97,0.3,0.1,1.0,0.0,1.05,-9.26,True
1.06,0.03,0.97,0.3,0.2,0.0,1.0,1.74,-15.29,True
1.06,0.03,0.97,0.3,0.2,0.25,0.75,1.7,-14.35,True
1.06,0.03,0.97,0.3,0.2,0.5,0.5,1.64,-13.33,True
1.06,0.03,0.97,0.3,0.2,0.75,0.25,1.59,-12.24,True
1.06,0.03,0.97,0.3,0.2,1.0,0.0,1.53,-11.08,True
1.06,0.03,0.97,0.3,0.3,0.0,1.0,2.15,-16.64,True
1.06,0.03,0.97,0.3,0.3,0.25,0.75,2.11,-15.77,True
1.06,0.03,0.97,0.3,0.3,0.5,0.5,2.07,-14.84,True
1.06,0.03,0.97,0.3,0.3,0.75,0.25,2.02,-13.84,True
1.06,0.03,0.97,0.3,0.3,1.0,0.0,1.97,-12.76,True
1.06,0.03,0.97,0.4,0.0,0.0,1.0,0.98,-14.69,True
1.06,0.03,0.97,0.4,0.0,0.25,0.75,0.9,-13.45,True
1.06,0.03,0.97,0.4,0.0,0.5,0.5,0.82,-12.11,True
1.06,0.03,0.97,0.4,0.0,0.75,0.25,0.74,-10.64,True
1.06,0.03,0.97,0.4,0.0,1.0,0.0,0.66,-9.05,True
1.06,0.03,0.97,0.4,0.1,0.0,1.0,1.46,-16.1,True
1.06,0.03,0.97,0.4,0.1,0.25,0.75,1.39,-14.95,True
1.06,0.03,0.97,0.4,0.1,0.5,0.5,1.33,-13.71,True
1.06,0.03,0.97,0.4,0.1,0.75,0.25,1.26,-12.36,True
1.06,0.03,0.97,0.4,0.1,1.0,0.0,1.18,-10.88,True
1.06,0.03,0.97,0.4,0.2,0.0,1.0,1.89,-17.38,True
1.06,0.03,0.97,0.4,0.2,0.25,0.75,1.83,-16.32,True
1.06,0.03,0.97,0.4,0.2,0.5,0.5,1.77,-15.17,True
1.06,0.03,0.97,0.4,0.2,0.75,0.25,1.71,-13.92,True
1.06,0.03,0.97,0.4,0.2,1.0,0.0,1.65,-12.56,True
1.06,0.03,0.97,0.4,0.3,0.0,1.0,2.27,-18.56,True
1.06,0.03,0.97,0.4,0.3,0.25,0.75,2.23,-17.57,True
1.06,0.03,0.97,0.4,0.3,0.5,0.5,2.17,-16.5,True
1.06,0.03,0.97,0.4,0.3,0.75,0.25,2.12,-15.34,True
1.06,0.03,0.97,0.4,0.3,1.0,0.0,2.07,-14.09,True
1.06,0.03,0.99,0.1,0.0,0.0,1.0,0.39,-4.09,True
1.06,0.03,0.99,0.1,0.0,0.25,0.75,0.36,-3.64,True
1.06,0.03,0.99,0.1,0.0,0.5,0.5,0.32,-3.18,True
1.06,0.03,0.99,0.1,0.0,0.75,0.25,0.28,-2.7,True
1.06,0.03,0.99,0.1,0.0,1.0,0.0,0.25,-2.22,True
1.06,0.03,0.99,0.1,0.1,0.0,1.0,0.94,-6.32,True
1.06,0.03,0.99,0.1,0.1,0.25,0.75,0.91,-5.91,True
1.06,0.03,0.99,0.1,0.1,0.5,0.5,0.88,-5.5,True
1.06,0.03,0.99,0.1,0.1,0.75,0.25,0.85,-5.07,True
1.06,0.03,0.99,0.1,0.1,1.0,0.0,0.81,-4.64,True
1.06,0.03,0.99,0.1,0.2,0.0,1.0,1.43,-8.35,True
1.06,0.03,0.99,0.1,0.2,0.25,0.75,1.4,-7.99,True
1.06,0.03,0.99,0.1,0.2,0.5,0.5,1.37,-7.62,True
1.06,0.03,0.99,0.1,0.2,0.75,0.25,1.35,-7.23,True
1.06,0.03,0.99,0.1,0.2,1.0,0.0,1.32,-6.84,True
1.06,0.03,0.99,0.1,0.3,0.0,1.0,1.87,-10.22,True
1.06,0.03,0.99,0.1,0.3,0.25,0.75,1.85,-9.89,True
1.06,0.03,0.99,0.1,0.3,0.5,0.5,1.82,-9.56,True
1.06,0.03,0.99,0.1,0.3,0.75,0.25,1.8,-9.21,True
1.06,0.03,0.99,0.1,0.3,1.0,0.0,1.77,-8.85,True
1.06,0.03,0.99,0.2,0.0,0.0,1.0,0.74,-7.21,True
1.06,0.03,0.99,0.2,0.0,0.25,0.75,0.68,-6.49,True
1.06,0.03,0.99,0.2,0.0,0.5,0.5,0.61,-5.73,True
1.06,0.03,0.99,0.2,0.0,0.75,0.25,0.55,-4.93,True
1.06,0.03,0.99,0.2,0.0,1.0,0.0,0.48,-4.09,True
1.06,0.03,0.99,0.2,0.1,0.0,1.0,1.26,-9.1,True
1.06,0.03,0.99,0.2,0.1,0.25,0.75,1.2,-8.45,True
1.06,0.03,0.99,0.2,0.1,0.5,0.5,1.14,-7.76,True
1.06,0.03,0.99,0.2,0.1,0.75,0.25,1.08,-7.04,True
1.06,0.03,0.99,0.2,0.1,1.0,0.0,1.02,-6.28,True
1.06,0.03,0.99,0.2,0.2,0.0,1.0,1.72,-10.85,True
1.06,0.03,0.99,0.2,0.2,0.25,0.75,1.67,-10.25,True
1.06,0.03,0.99,0.2,0.2,0.5,0.5,1.61,-9.62,True
1.06,0.03,0.99,0.2,0.2,0.75,0.25,1.56,-8.97,True
1.06,0.03,0.99,0.2,0.2,1.0,0.0,1.5,-8.28,True
1.06,0.03,0.99,0.2,0.3,0.0,1.0,2.14,-12.45,True
1.06,0.03,0.99,0.2,0.3,0.25,0.75,2.09,-11.91,True
1.06,0.03,0.99,0.2,0.3,0.5,0.5,2.04,-11.34,True
1.06,0.03,0.99,0.2,0.3,0.75,0.25,1.99,-10.74,True
1.06,0.03,0.99,0.2,0.3,1.0,0.0,1.94,-10.12,True
1.06,0.03,0.99,0.3,0.0,0.0,1.0,1.06,-9.68,True
1.06,0.03,0.99,0.3,0.0,0.25,0.75,0.97,-8.78,True
1.06,0.03,0.99,0.3,0.0,0.5,0.5,0.88,-7.83,True
1.06,0.03,0.99,0.3,0.0,0.75,0.25,0.79,-6.8,True
1.06,0.03,0.99,0.3,0.0,1.0,0.0,0.7,-5.7,True
1.06,0.03,0.99,0.3,0.1,0.0,1.0,1.55,-11.32,True
1.06,0.03,0.99,0.3,0.1,0.25,0.75,1.47,-10.5,True
1.06,0.03,0.99,0.3,0.1,0.5,0.5,1.38,-9.63,True
1.06,0.03,0.99,0.3,0.1,0.75,0.25,1.3,-8.7,True
1.06,0.03,0.99,0.3,0.1,1.0,0.0,1.21,-7.7,True
1.06,0.03,0.99,0.3,0.2,0.0,1.0,1.98,-12.83,True
1.06,0.03,0.99,0.3,0.2,0.25,0.75,1.91,-12.09,True
1.06,0.03,0.99,0.3,0.2,0.5,0.5,1.84,-11.29,True
1.06,0.03,0.99,0.3,0.2,0.75,0.25,1.76,-10.44,True
1.06,0.03,0.99,0.3,0.2,1.0,0.0,1.68,-9.53,True
1.06,0.03,0.99,0.3,0.3,0.0,1.0,2.37,-14.23,True
1.06,0.03,0.99,0.3,0.3,0.25,0.75,2.31,-13.55,True
1.06,0.03,0.99,0.3,0.3,0.5,0.5,2.24,-12.83,True
1.06,0.03,0.99,0.3,0.3,0.75,0.25,2.17,-12.05,True
1.06,0.03,0.99,0.3,0.3,1.0,0.0,2.1,-11.22,True
1.06,0.03,0.99,0.4,0.0,0.0,1.0,1.35,-11.68,True
1.06,0.03,0.99,0.4,0.0,0.25,0.75,1.25,-10.67,True
1.06,0.03,0.99,0.4,0.0,0.5,0.5,1.13,-9.58,True
1.06,0.03,0.99,0.4,0.0,0.75,0.25,1.02,-8.39,True
1.06,0.03,0.99,0.4,0.0,1.0,0.0,0.9,-7.1,True
1.06,0.03,0.99,0.4,0.1,0.0,1.0,1.81,-13.11,True
1.06,0.03,0.99,0.4,0.1,0.25,0.75,1.71,-12.19,True
1.06,0.03,0.99,0.4,0.1,0.5,0.5,1.61,-11.2,True
1.06,0.03,0.99,0.4,0.1,0.75,0.25,1.51,-10.11,True
1.06,0.03,0.99,0.4,0.1,1.0,0.0,1.4,-8.93,True
1.06,0.03,0.99,0.4,0.2,0.0,1.0,2.22,-14.44,True
1.06,0.03,0.99,0.4,0.2,0.25,0.75,2.13,-13.6,True
1.06,0.03,0.99,0.4,0.2,0.5,0.5,2.04,-12.68,True
1.06,0.03,0.99,0.4,0.2,0.75,0.25,1.94,-11.7,True
1.06,0.03,0.99,0.4,0.2,1.0,0.0,1.85,-10.62,True
1.06,0.03,0.99,0.4,0.3,0.0,1.0,2.59,-15.67,True
1.06,0.03,0.99,0.4,0.3,0.25,0.75,2.51,-14.89,True
1.06,0.03,0.99,0.4,0.3,0.5,0.5,2.43,-14.06,True
1.06,0.03,0.99,0.4,0.3,0.75,0.25,2.34,-13.15,True
1.06,0.03,0.99,0.4,0.3,1.0,0.0,2.25,-12.17,True
1.06,0.03,1.0,0.1,0.0,0.0,1.0,-0.11,-2.52,True
1.06,0.03,1.0,0.1,0.0,0.25,0.75,-0.1,-2.3,True
1.06,0.03,1.0,0.1,0.0,0.5,0.5,-0.09,-2.08,True
1.06,0.03,1.0,0.1,0.0,0.75,0.25,-0.08,-1.86,True
1.06,0.03,1.0,0.1,0.0,1.0,0.0,-0.07,-1.64,True
1.06,0.03,1.0,0.1,0.1,0.0,1.0,0.5,-2.78,True
1.06,0.03,1.0,0.1,0.1,0.25,0.75,0.51,-2.77,True
1.06,0.03,1.0,0.1,0.1,0.5,0.5,0.51,-2.76,True
1.06,0.03,1.0,0.1,0.1,0.75,0.25,0.52,-2.76,True
1.06,0.03,1.0,0.1,0.1,1.0,0.0,0.53,-2.75,True
1.06,0.03,1.0,0.1,0.2,0.0,1.0,1.03,-5.28,True
1.06,0.03,1.0,0.1,0.2,0.25,0.75,1.04,-5.27,True
1.06,0.03,1.0,0.1,0.2,0.5,0.5,1.05,-5.26,True
1.06,0.03,1.0,0.1,0.2,0.75,0.25,1.06,-5.25,True
1.06,0.03,1.0,0.1,0.2,1.0,0.0,1.06,-5.24,True
1.06,0.03,1.0,0.1,0.3,0.0,1.0,1.51,-7.55,True
1.06,0.03,1.0,0.1,0.3,0.25,0.75,1.52,-7.53,True
1.06,0.03,1.0,0.1,0.3,0.5,0.5,1.52,-7.52,True
1.06,0.03,1.0,0.1,0.3,0.75,0.25,1.53,-7.51,True
1.06,0.03,1.0,0.1,0.3,1.0,0.0,1.54,-7.49,True
1.06,0.03,1.0,0.2,0.0,0.0,1.0,-0.22,-5.0,True
1.06,0.03,1.0,0.2,0.0,0.25,0.75,-0.2,-4.57,True
1.06,0.03,1.0,0.2,0.0,0.5,0.5,-0.18,-4.14,True
1.06,0.03,1.0,0.2,0.0,0.75,0.25,-0.16,-3.71,True
1.06,0.03,1.0,0.2,0.0,1.0,0.0,-0.14,-3.28,True
1.06,0.03,1.0,0.2,0.1,0.0,1.0,0.4,-3.22,True
1.06,0.03,1.0,0.2,0.1,0.25,0.75,0.42,-2.83,True
1.06,0.03,1.0,0.2,0.1,0.5,0.5,0.44,-2.82,True
1.06,0.03,1.0,0.2,0.1,0.75,0.25,0.45,-2.81,True
1.06,0.03,1.0,0.2,0.1,1.0,0.0,0.47,-2.8,True
1.06,0.03,1.0,0.2,0.2,0.0,1.0,0.95,-5.4,True
1.06,0.03,1.0,0.2,0.2,0.25,0.75,0.96,-5.38,True
1.06,0.03,1.0,0.2,0.2,0.5,0.5,0.98,-5.36,True
1.06,0.03,1.0,0.2,0.2,0.75,0.25,0.99,-5.34,True
1.06,0.03,1.0,0.2,0.2,1.0,0.0,1.01,-5.32,True
1.06,0.03,1.0,0.2,0.3,0.0,1.0,1.43,-7.72,True
1.06,0.03,1.0,0.2,0.3,0.25,0.75,1.45,-7.69,True
1.06,0.03,1.0,0.2,0.3,0.5,0.5,1.46,-7.66,True
1.06,0.03,1.0,0.2,0.3,0.75,0.25,1.47,-7.63,True
1.06,0.03,1.0,0.2,0.3,1.0,0.0,1.49,-7.6,True
1.06,0.03,1.0,0.3,0.0,0.0,1.0,-0.33,-7.46,True
1.06,0.03,1.0,0.3,0.0,0.25,0.75,-0.3,-6.82,True
1.06,0.03,1.0,0.3,0.0,0.5,0.5,-0.27,-6.18,True
1.06,0.03,1.0,0.3,0.0,0.75,0.25,-0.24,-5.54,True
1.06,0.03,1.0,0.3,0.0,1.0,0.0,-0.21,-4.89,True
1.06,0.03,1.0,0.3,0.1,0.0,1.0,0.3,-5.69,True
1.06,0.03,1.0,0.3,0.1,0.25,0.75,0.33,-5.05,True
1.06,0.03,1.0,0.3,0.1,0.5,0.5,0.35,-4.4,True
1.06,0.03,1.0,0.3,0.1,0.75,0.25,0.38,-3.76,True
1.06,0.03,1.0,0.3,0.1,1.0,0.0,0.41,-3.11,True
1.06,0.03,1.0,0.3,0.2,0.0,1.0,0.86,-5.52,True
1.06,0.03,1.0,0.3,0.2,0.25,0.75,0.88,-5.5,True
1.06,0.03,1.0,0.3,0.2,0.5,0.5,0.91,-5.47,True
1.06,0.03,1.0,0.3,0.2,0.75,0.25,0.93,-5.43,True
1.06,0.03,1.0,0.3,0.2,1.0,0.0,0.95,-5.4,True
1.06,0.03,1.0,0.3,0.3,0.0,1.0,1.35,-7.86,True
1.06,0.03,1.0,0.3,0.3,0.25,0.75,1.37,-7.83,True
1.06,0.03,1.0,0.3,0.3,0.5,0.5,1.39,-7.8,True
1.06,0.03,1.0,0.3,0.3,0.75,0.25,1.42,-7.76,True
1.06,0.03,1.0,0.3,0.3,1.0,0.0,1.44,-7.71,True
1.06,0.03,1.0,0.4,0.0,0.0,1.0,-0.45,-9.89,True
1.06,0.03,1.0,0.4,0.0,0.25,0.75,-0.41,-9.05,True
1.06,0.03,1.0,0.4,0.0,0.5,0.5,-0.37,-8.2,True
1.06,0.03,1.0,0.4,0.0,0.75,0.25,-0.33,-7.35,True
1.06,0.03,1.0,0.4,0.0,1.0,0.0,-0.29,-6.5,True
1.06,0.03,1.0,0.4,0.1,0.0,1.0,0.2,-8.15,True
1.06,0.03,1.0,0.4,0.1,0.25,0.75,0.24,-7.3,True
1.06,0.03,1.0,0.4,0.1,0.5,0.5,0.27,-6.44,True
1.06,0.03,1.0,0.4,0.1,0.75,0.25,0.31,-5.58,True
1.06,0.03,1.0,0.4,0.1,1.0,0.0,0.34,-4.72,True
1.06,0.03,1.0,0.4,0.2,0.0,1.0,0.76,-6.42,True
1.06,0.03,1.0,0.4,0.2,0.25,0.75,0.79,-5.58,True
1.06,0.03,1.0,0.4,0.2,0.5,0.5,0.83,-5.55,True
1.06,0.03,1.0,0.4,0.2,0.75,0.25,0.86,-5.52,True
1.06,0.03,1.0,0.4,0.2,1.0,0.0,0.89,-5.48,True
1.06,0.03,1.0,0.4,0.3,0.0,1.0,1.25,-7.98,True
1.06,0.03,1.0,0.4,0.3,0.25,0.75,1.29,-7.94,True
1.06,0.03,1.0,0.4,0.3,0.5,0.5,1.32,-7.89,True
1.06,0.03,1.0,0.4,0.3,0.75,0.25,1.35,-7.85,True
1.06,0.03,1.0,0.4,0.3,1.0,0.0,1.38,-7.81,True
1.06,0.03,1.01,0.1,0.0,0.0,1.0,-0.11,-2.52,True
1.06,0.03,1.01,0.1,0.0,0.25,0.75,-0.1,-2.3,True
1.06,0.03,1.01,0.1,0.0,0.5,0.5,-0.09,-2.08,True
1.06,0.03,1.01,0.1,0.0,0.75,0.25,-0.08,-1.86,True
1.06,0.03,1.01,0.1,0.0,1.0,0.0,-0.07,-1.64,True
1.06,0.03,1.01,0.1,0.1,0.0,1.0,0.5,-2.78,True
1.06,0.03,1.01,0.1,0.1,0.25,0.75,0.51,-2.77,True
1.06,0.03,1.01,0.1,0.1,0.5,0.5,0.51,-2.76,True
1.06,0.03,1.01,0.1,0.1,0.75,0.25,0.52,-2.76,True
1.06,0.03,1.01,0.1,0.1,1.0,0.0,0.53,-2.75,True
1.06,0.03,1.01,0.1,0.2,0.0,1.0,1.03,-5.28,True
1.06,0.03,1.01,0.1,0.2,0.25,0.75,1.04,-5.27,True
1.06,0.03,1.01,0.1,0.2,0.5,0.5,1.05,-5.26,True
1.06,0.03,1.01,0.1,0.2,0.75,0.25,1.06,-5.25,True
1.06,0.03,1.01,0.1,0.2,1.0,0.0,1.06,-5.24,True
1.06,0.03,1.01,0.1,0.3,0.0,1.0,1.51,-7.55,True
1.06,0.03,1.01,0.1,0.3,0.25,0.75,1.52,-7.53,True
1.06,0.03,1.01,0.1,0.3,0.5,0.5,1.52,-7.52,True
1.06,0.03,1.01,0.1,0.3,0.75,0.25,1.53,-7.51,True
1.06,0.03,1.01,0.1,0.3,1.0,0.0,1.54,-7.49,True
1.06,0.03,1.01,0.2,0.0,0.0,1.0,-0.22,-5.0,True
1.06,0.03,1.01,0.2,0.0,0.25,0.75,-0.2,-4.57,True
1.06,0.03,1.01,0.2,0.0,0.5,0.5,-0.18,-4.14,True
1.06,0.03,1.01,0.2,0.0,0.75,0.25,-0.16,-3.71,True
1.06,0.03,1.01,0.2,0.0,1.0,0.0,-0.14,-3.28,True
1.06,0.03,1.01,0.2,0.1,0.0,1.0,0.4,-3.22,True
1.06,0.03,1.01,0.2,0.1,0.25,0.75,0.42,-2.83,True
1.06,0.03,1.01,0.2,0.1,0.5,0.5,0.44,-2.82,True
1.06,0.03,1.01,0.2,0.1,0.75,0.25,0.45,-2.81,True
1.06,0.03,1.01,0.2,0.1,1.0,0.0,0.47,-2.8,True
1.06,0.03,1.01,0.2,0.2,0.0,1.0,0.95,-5.4,True
1.06,0.03,1.01,0.2,0.2,0.25,0.75,0.96,-5.38,True
1.06,0.03,1.01,0.2,0.2,0.5,0.5,0.98,-5.36,True
1.06,0.03,1.01,0.2,0.2,0.75,0.25,0.99,-5.34,True
1.06,0.03,1.01,0.2,0.2,1.0,0.0,1.01,-5.32,True
1.06,0.03,1.01,0.2,0.3,0.0,1.0,1.43,-7.72,True
1.06,0.03,1.01,0.2,0.3,0.25,0.75,1.45,-7.69,True
1.06,0.03,1.01,0.2,0.3,0.5,0.5,1.46,-7.66,True
1.06,0.03,1.01,0.2,0.3,0.75,0.25,1.47,-7.63,True
1.06,0.03,1.01,0.2,0.3,1.0,0.0,1.49,-7.6,True
1.06,0.03,1.01,0.3,0.0,0.0,1.0,-0.33,-7.46,True
1.06,0.03,1.01,0.3,0.0,0.25,0.75,-0.3,-6.82,True
1.06,0.03,1.01,0.3,0.0,0.5,0.5,-0.27,-6.18,True
1.06,0.03,1.01,0.3,0.0,0.75,0.25,-0.24,-5.54,True
1.06,0.03,1.01,0.3,0.0,1.0,0.0,-0.21,-4.89,True
1.06,0.03,1.01,0.3,0.1,0.0,1.0,0.3,-5.69,True
1.06,0.03,1.01,0.3,0.1,0.25,0.75,0.33,-5.05,True
1.06,0.03,1.01,0.3,0.1,0.5,0.5,0.35,-4.4,True
1.06,0.03,1.01,0.3,0.1,0.75,0.25,0.38,-3.76,True
1.06,0.03,1.01,0.3,0.1,1.0,0.0,0.41,-3.11,True
1.06,0.03,1.01,0.3,0.2,0.0,1.0,0.86,-5.52,True
1.06,0.03,1.01,0.3,0.2,0.25,0.75,0.88,-5.5,True
1.06,0.03,1.01,0.3,0.2,0.5,0.5,0.91,-5.47,True
1.06,0.03,1.01,0.3,0.2,0.75,0.25,0.93,-5.43,True
1.06,0.03,1.01,0.3,0.2,1.0,0.0,0.95,-5.4,True
1.06,0.03,1.01,0.3,0.3,0.0,1.0,1.35,-7.86,True
1.06,0.03,1.01,0.3,0.3,0.25,0.75,1.37,-7.83,True
1.06,0.03,1.01,0.3,0.3,0.5,0.5,1.39,-7.8,True
1.06,0.03,1.01,0.3,0.3,0.75,0.25,1.42,-7.76,True
1.06,0.03,1.01,0.3,0.3,1.0,0.0,1.44,-7.71,True
1.06,0.03,1.01,0.4,0.0,0.0,1.0,-0.45,-9.89,True
1.06,0.03,1.01,0.4,0.0,0.25,0.75,-0.41,-9.05,True
1.06,0.03,1.01,0.4,0.0,0.5,0.5,-0.37,-8.2,True
1.06,0.03,1.01,0.4,0.0,0.75,0.25,-0.33,-7.35,True
1.06,0.03,1.01,0.4,0.0,1.0,0.0,-0.29,-6.5,True
1.06,0.03,1.01,0.4,0.1,0.0,1.0,0.2,-8.15,True
1.06,0.03,1.01,0.4,0.1,0.25,0.75,0.24,-7.3,True
1.06,0.03,1.01,0.4,0.1,0.5,0.5,0.27,-6.44,True
1.06,0.03,1.01,0.4,0.1,0.75,0.25,0.31,-5.58,True
1.06,0.03,1.01,0.4,0.1,1.0,0.0,0.34,-4.72,True
1.06,0.03,1.01,0.4,0.2,0.0,1.0,0.76,-6.42,True
1.06,0.03,1.01,0.4,0.2,0.25,0.75,0.79,-5.58,True
1.06,0.03,1.01,0.4,0.2,0.5,0.5,0.83,-5.55,True
1.06,0.03,1.01,0.4,0.2,0.75,0.25,0.86,-5.52,True
1.06,0.03,1.01,0.4,0.2,1.0,0.0,0.89,-5.48,True
1.06,0.03,1.01,0.4,0.3,0.0,1.0,1.25,-7.98,True
1.06,0.03,1.01,0.4,0.3,0.25,0.75,1.29,-7.94,True
1.06,0.03,1.01,0.4,0.3,0.5,0.5,1.32,-7.89,True
1.06,0.03,1.01,0.4,0.3,0.75,0.25,1.35,-7.85,True
1.06,0.03,1.01,0.4,0.3,1.0,0.0,1.38,-7.81,True
1.06,0.03,1.02,0.1,0.0,0.0,1.0,-0.12,-2.71,True
1.06,0.03,1.02,0.1,0.0,0.25,0.75,-0.11,-2.49,True
1.06,0.03,1.02,0.1,0.0,0.5,0.5,-0.1,-2.27,True
1.06,0.03,1.02,0.1,0.0,0.75,0.25,-0.09,-2.04,True
1.06,0.03,1.02,0.1,0.0,1.0,0.0,-0.08,-1.82,True
1.06,0.03,1.02,0.1,0.1,0.0,1.0,0.49,-2.78,True
1.06,0.03,1.02,0.1,0.1,0.25,0.75,0.5,-2.77,True
1.06,0.03,1.02,0.1,0.1,0.5,0.5,0.51,-2.77,True
1.06,0.03,1.02,0.1,0.1,0.75,0.25,0.52,-2.76,True
1.06,0.03,1.02,0.1,0.1,1.0,0.0,0.52,-2.76,True
1.06,0.03,1.02,0.1,0.2,0.0,1.0,1.03,-5.29,True
1.06,0.03,1.02,0.1,0.2,0.25,0.75,1.03,-5.28,True
1.06,0.03,1.02,0.1,0.2,0.5,0.5,1.04,-5.27,True
1.06,0.03,1.02,0.1,0.2,0.75,0.25,1.05,-5.26,True
1.06,0.03,1.02,0.1,0.2,1.0,0.0,1.06,-5.24,True
1.06,0.03,1.02,0.1,0.3,0.0,1.0,1.51,-7.56,True
1.06,0.03,1.02,0.1,0.3,0.25,0.75,1.51,-7.55,True
1.06,0.03,1.02,0.1,0.3,0.5,0.5,1.52,-7.53,True
1.06,0.03,1.02,0.1,0.3,0.75,0.25,1.53,-7.52,True
1.06,0.03,1.02,0.1,0.3,1.0,0.0,1.53,-7.5,True
1.06,0.03,1.02,0.2,0.0,0.0,1.0,-0.24,-5.4,True
1.06,0.03,1.02,0.2,0.0,0.25,0.75,-0.22,-4.95,True
1.06,0.03,1.02,0.2,0.0,0.5,0.5,-0.2,-4.51,True
1.06,0.03,1.02,0.2,0.0,0.75,0.25,-0.18,-4.07,True
1.06,0.03,1.02,0.2,0.0,1.0,0.0,-0.16,-3.63,True
1.06,0.03,1.02,0.2,0.1,0.0,1.0,0.39,-3.61,True
1.06,0.03,1.02,0.2,0.1,0.25,0.75,0.4,-3.17,True
1.06,0.03,1.02,0.2,0.1,0.5,0.5,0.42,-2.83,True
1.06,0.03,1.02,0.2,0.1,0.75,0.25,0.44,-2.82,True
1.06,0.03,1.02,0.2,0.1,1.0,0.0,0.46,-2.81,True
1.06,0.03,1.02,0.2,0.2,0.0,1.0,0.93,-5.43,True
1.06,0.03,1.02,0.2,0.2,0.25,0.75,0.95,-5.4,True
1.06,0.03,1.02,0.2,0.2,0.5,0.5,0.96,-5.38,True
1.06,0.03,1.02,0.2,0.2,0.75,0.25,0.98,-5.36,True
1.06,0.03,1.02,0.2,0.2,1.0,0.0,0.99,-5.33,True
1.06,0.03,1.02,0.2,0.3,0.0,1.0,1.42,-7.75,True
1.06,0.03,1.02,0.2,0.3,0.25,0.75,1.43,-7.72,True
1.06,0.03,1.02,0.2,0.3,0.5,0.5,1.45,-7.69,True
1.06,0.03,1.02,0.2,0.3,0.75,0.25,1.46,-7.66,True
1.06,0.03,1.02,0.2,0.3,1.0,0.0,1.48,-7.63,True
1.06,0.03,1.02,0.3,0.0,0.0,1.0,-0.36,-8.04,True
1.06,0.03,1.02,0.3,0.0,0.25,0.75,-0.33,-7.39,True
1.06,0.03,1.02,0.3,0.0,0.5,0.5,-0.3,-6.73,True
1.06,0.03,1.02,0.3,0.0,0.75,0.25,-0.27,-6.08,True
1.06,0.03,1.02,0.3,0.0,1.0,0.0,-0.24,-5.42,True
1.06,0.03,1.02,0.3,0.1,0.0,1.0,0.28,-6.28,True
1.06,0.03,1.02,0.3,0.1,0.25,0.75,0.31,-5.62,True
1.06,0.03,1.02,0.3,0.1,0.5,0.5,0.33,-4.96,True
1.06,0.03,1.02,0.3,0.1,0.75,0.25,0.36,-4.3,True
1.06,0.03,1.02,0.3,0.1,1.0,0.0,0.38,-3.63,True
1.06,0.03,1.02,0.3,0.2,0.0,1.0,0.84,-5.55,True
1.06,0.03,1.02,0.3,0.2,0.25,0.75,0.86,-5.53,True
1.06,0.03,1.02,0.3,0.2,0.5,0.5,0.89,-5.5,True
1.06,0.03,1.02,0.3,0.2,0.75,0.25,0.91,-5.46,True
1.06,0.03,1.02,0.3,0.2,1.0,0.0,0.93,-5.43,True
1.06,0.03,1.02,0.3,0.3,0.0,1.0,1.33,-7.9,True
1.06,0.03,1.02,0.3,0.3,0.25,0.75,1.35,-7.87,True
1.06,0.03,1.02,0.3,0.3,0.5,0.5,1.38,-7.84,True
1.06,0.03,1.02,0.3,0.3,0.75,0.25,1.4,-7.8,True
1.06,0.03,1.02,0.3,0.3,1.0,0.0,1.42,-7.75,True
1.06,0.03,1.02,0.4,0.0,0.0,1.0,-0.48,-10.66,True
1.06,0.03,1.02,0.4,0.0,0.25,0.75,-0.44,-9.8,True
1.06,0.03,1.02,0.4,0.0,0.5,0.5,-0.4,-8.93,True
1.06,0.03,1.02,0.4,0.0,0.75,0.25,-0.36,-8.06,True
1.06,0.03,1.02,0.4,0.0,1.0,0.0,-0.32,-7.19,True
1.06,0.03,1.02,0.4,0.1,0.0,1.0,0.17,-8.92,True
1.06,0.03,1.02,0.4,0.1,0.25,0.75,0.2,-8.05,True
1.06,0.03,1.02,0.4,0.1,0.5,0.5,0.24,-7.18,True
1.06,0.03,1.02,0.4,0.1,0.75,0.25,0.28,-6.3,True
1.06,0.03,1.02,0.4,0.1,1.0,0.0,0.31,-5.42,True
1.06,0.03,1.02,0.4,0.2,0.0,1.0,0.73,-7.2,True
1.06,0.03,1.02,0.4,0.2,0.25,0.75,0.77,-6.32,True
1.06,0.03,1.02,0.4,0.2,0.5,0.5,0.8,-5.59,True
1.06,0.03,1.02,0.4,0.2,0.75,0.25,0.84,-5.56,True
1.06,0.03,1.02,0.4,0.2,1.0,0.0,0.87,-5.52,True
1.06,0.03,1.02,0.4,0.3,0.0,1.0,1.23,-8.04,True
1.06,0.03,1.02,0.4,0.3,0.25,0.75,1.26,-7.99,True
1.06,0.03,1.02,0.4,0.3,0.5,0.5,1.29,-7.95,True
1.06,0.03,1.02,0.4,0.3,0.75,0.25,1.33,-7.91,True
1.06,0.03,1.02,0.4,0.3,1.0,0.0,1.36,-7.86,True
