entry_signal,drop_level,exit_signal,buy_pct,alloc_base,alloc_x2,alloc_x3,cagr,worst_ann_ret,passed
1.01,0.005,0.95,0.1,0.0,0.0,1.0,7.27,-44.39,False
1.01,0.005,0.95,0.1,0.0,0.25,0.75,7.46,-41.22,False
1.01,0.005,0.95,0.1,0.0,0.5,0.5,7.59,-37.98,True
1.01,0.005,0.95,0.1,0.0,0.75,0.25,7.67,-34.67,True
1.01,0.005,0.95,0.1,0.0,1.0,0.0,7.69,-31.29,True
1.01,0.005,0.95,0.1,0.1,0.0,1.0,7.29,-39.37,True
1.01,0.005,0.95,0.1,0.1,0.25,0.75,7.48,-36.37,True
1.01,0.005,0.95,0.1,0.1,0.5,0.5,7.62,-33.28,True
1.01,0.005,0.95,0.1,0.1,0.75,0.25,7.71,-30.1,True
1.01,0.005,0.95,0.1,0.1,1.0,0.0,7.75,-26.82,True
1.01,0.005,0.95,0.1,0.2,0.0,1.0,7.3,-33.45,True
1.01,0.005,0.95,0.1,0.2,0.25,0.75,7.49,-30.73,True
1.01,0.005,0.95,0.1,0.2,0.5,0.5,7.64,-27.87,True
1.01,0.005,0.95,0.1,0.2,0.75,0.25,7.74,-24.92,True
1.01,0.005,0.95,0.1,0.2,1.0,0.0,7.8,-21.86,True
1.01,0.005,0.95,0.1,0.3,0.0,1.0,7.3,-29.99,True
1.01,0.005,0.95,0.1,0.3,0.25,0.75,7.5,-28.19,True
1.01,0.005,0.95,0.1,0.3,0.5,0.5,7.65,-26.38,True
1.01,0.005,0.95,0.1,0.3,0.75,0.25,7.77,-24.58,True
1.01,0.005,0.95,0.1,0.3,1.0,0.0,7.85,-22.77,True
1.01,0.005,0.95,0.2,0.0,0.0,1.0,5.59,-39.55,True
1.01,0.005,0.95,0.2,0.0,0.25,0.75,5.99,-36.54,True
1.01,0.005,0.95,0.2,0.0,0.5,0.5,6.33,-33.48,True
1.01,0.005,0.95,0.2,0.0,0.75,0.25,6.61,-30.37,True
1.01,0.005,0.95,0.2,0.0,1.0,0.0,6.81,-27.22,True
1.01,0.005,0.95,0.2,0.1,0.0,1.0,6.0,-36.64,True
1.01,0.005,0.95,0.2,0.1,0.25,0.75,6.35,-33.62,True
1.01,0.005,0.95,0.2,0.1,0.5,0.5,6.65,-30.59,True
1.01,0.005,0.95,0.2,0.1,0.75,0.25,6.9,-27.54,True
1.01,0.005,0.95,0.2,0.1,1.0,0.0,7.09,-24.47,True
1.01,0.005,0.95,0.2,0.2,0.0,1.0,6.45,-36.8,True
1.01,0.005,0.95,0.2,0.2,0.25,0.75,6.74,-34.16,True
1.01,0.005,0.95,0.2,0.2,0.5,0.5,6.99,-31.49,True
1.01,0.005,0.95,0.2,0.2,0.75,0.25,7.2,-28.77,True
1.01,0.005,0.95,0.2,0.2,1.0,0.0,7.36,-26.03,True
1.01,0.005,0.95,0.2,0.3,0.0,1.0,6.85,-36.34,True
1.01,0.005,0.95,0.2,0.3,0.25,0.75,7.11,-34.1,True
1.01,0.005,0.95,0.2,0.3,0.5,0.5,7.33,-31.82,True
1.01,0.005,0.95,0.2,0.3,0.75,0.25,7.51,-29.49,True
1.01,0.005,0.95,0.2,0.3,1.0,0.0,7.64,-27.12,True
1.01,0.005,0.95,0.3,0.0,0.0,1.0,5.62,-38.78,True
1.01,0.005,0.95,0.3,0.0,0.25,0.75,6.06,-35.97,True
1.01,0.005,0.95,0.3,0.0,0.5,0.5,6.43,-33.07,True
1.01,0.005,0.95,0.3,0.0,0.75,0.25,6.72,-30.07,True
1.01,0.005,0.95,0.3,0.0,1.0,0.0,6.95,-26.98,True
1.01,0.005,0.95,0.3,0.1,0.0,1.0,6.13,-37.51,True
1.01,0.005,0.95,0.3,0.1,0.25,0.75,6.49,-34.4,True
1.01,0.005,0.95,0.3,0.1,0.5,0.5,6.8,-31.27,True
1.01,0.005,0.95,0.3,0.1,0.75,0.25,7.06,-28.12,True
1.01,0.005,0.95,0.3,0.1,1.0,0.0,7.25,-24.95,True
1.01,0.005,0.95,0.3,0.2,0.0,1.0,6.59,-37.25,True
1.01,0.005,0.95,0.3,0.2,0.25,0.75,6.9,-34.55,True
1.01,0.005,0.95,0.3,0.2,0.5,0.5,7.15,-31.82,True
1.01,0.005,0.95,0.3,0.2,0.75,0.25,7.36,-29.06,True
1.01,0.005,0.95,0.3,0.2,1.0,0.0,7.52,-26.27,True
1.01,0.005,0.95,0.3,0.3,0.0,1.0,7.01,-37.01,True
1.01,0.005,0.95,0.3,0.3,0.25,0.75,7.26,-34.69,True
1.01,0.005,0.95,0.3,0.3,0.5,0.5,7.48,-32.34,True
1.01,0.005,0.95,0.3,0.3,0.75,0.25,7.65,-29.94,True
1.01,0.005,0.95,0.3,0.3,1.0,0.0,7.78,-27.51,True
1.01,0.005,0.95,0.4,0.0,0.0,1.0,5.8,-39.26,True
1.01,0.005,0.95,0.4,0.0,0.25,0.75,6.24,-36.42,True
1.01,0.005,0.95,0.4,0.0,0.5,0.5,6.6,-33.5,True
1.01,0.005,0.95,0.4,0.0,0.75,0.25,6.89,-30.47,True
1.01,0.005,0.95,0.4,0.0,1.0,0.0,7.11,-27.33,True
1.01,0.005,0.95,0.4,0.1,0.0,1.0,6.3,-38.23,True
1.01,0.005,0.95,0.4,0.1,0.25,0.75,6.66,-35.07,True
1.01,0.005,0.95,0.4,0.1,0.5,0.5,6.96,-31.9,True
1.01,0.005,0.95,0.4,0.1,0.75,0.25,7.21,-28.71,True
1.01,0.005,0.95,0.4,0.1,1.0,0.0,7.39,-25.5,True
1.01,0.005,0.95,0.4,0.2,0.0,1.0,6.74,-37.83,True
1.01,0.005,0.95,0.4,0.2,0.25,0.75,7.04,-35.1,True
1.01,0.005,0.95,0.4,0.2,0.5,0.5,7.3,-32.34,True
1.01,0.005,0.95,0.4,0.2,0.75,0.25,7.5,-29.54,True
1.01,0.005,0.95,0.4,0.2,1.0,0.0,7.65,-26.72,True
1.01,0.005,0.95,0.4,0.3,0.0,1.0,7.1,-37.22,True
1.01,0.005,0.95,0.4,0.3,0.25,0.75,7.35,-34.89,True
1.01,0.005,0.95,0.4,0.3,0.5,0.5,7.56,-32.53,True
1.01,0.005,0.95,0.4,0.3,0.75,0.25,7.72,-30.12,True
1.01,0.005,0.95,0.4,0.3,1.0,0.0,7.85,-27.68,True
1.01,0.005,0.97,0.1,0.0,0.0,1.0,6.53,-36.78,True
1.01,0.005,0.97,0.1,0.0,0.25,0.75,6.67,-34.02,True
1.01,0.005,0.97,0.1,0.0,0.5,0.5,6.74,-31.21,True
1.01,0.005,0.97,0.1,0.0,0.75,0.25,6.75,-28.36,True
1.01,0.005,0.97,0.1,0.0,1.0,0.0,6.7,-25.46,True
1.01,0.005,0.97,0.1,0.1,0.0,1.0,6.96,-30.87,True
1.01,0.005,0.97,0.1,0.1,0.25,0.75,7.07,-28.32,True
1.01,0.005,0.97,0.1,0.1,0.5,0.5,7.14,-25.7,True
1.01,0.005,0.97,0.1,0.1,0.75,0.25,7.15,-23.0,True
1.01,0.005,0.97,0.1,0.1,1.0,0.0,7.1,-20.23,True
1.01,0.005,0.97,0.1,0.2,0.0,1.0,7.28,-25.01,True
1.01,0.005,0.97,0.1,0.2,0.25,0.75,7.39,-22.71,True
1.01,0.005,0.97,0.1,0.2,0.5,0.5,7.45,-20.3,True
1.01,0.005,0.97,0.1,0.2,0.75,0.25,7.47,-18.65,True
1.01,0.005,0.97,0.1,0.2,1.0,0.0,7.44,-17.36,True
1.01,0.005,0.97,0.1,0.3,0.0,1.0,7.53,-26.9,True
1.01,0.005,0.97,0.1,0.3,0.25,0.75,7.64,-25.52,True
1.01,0.005,0.97,0.1,0.3,0.5,0.5,7.71,-24.15,True
1.01,0.005,0.97,0.1,0.3,0.75,0.25,7.73,-22.8,True
1.01,0.005,0.97,0.1,0.3,1.0,0.0,7.72,-21.45,True
1.01,0.005,0.97,0.2,0.0,0.0,1.0,7.1,-31.28,True
1.01,0.005,0.97,0.2,0.0,0.25,0.75,7.24,-28.75,True
1.01,0.005,0.97,0.2,0.0,0.5,0.5,7.32,-26.2,True
1.01,0.005,0.97,0.2,0.0,0.75,0.25,7.33,-23.63,True
1.01,0.005,0.97,0.2,0.0,1.0,0.0,7.28,-21.06,True
1.01,0.005,0.97,0.2,0.1,0.0,1.0,7.43,-27.22,True
1.01,0.005,0.97,0.2,0.1,0.25,0.75,7.55,-25.23,True
1.01,0.005,0.97,0.2,0.1,0.5,0.5,7.62,-23.23,True
1.01,0.005,0.97,0.2,0.1,0.75,0.25,7.63,-21.23,True
1.01,0.005,0.97,0.2,0.1,1.0,0.0,7.57,-19.22,True
1.01,0.005,0.97,0.2,0.2,0.0,1.0,7.69,-29.78,True
1.01,0.005,0.97,0.2,0.2,0.25,0.75,7.8,-28.05,True
1.01,0.005,0.97,0.2,0.2,0.5,0.5,7.86,-26.28,True
1.01,0.005,0.97,0.2,0.2,0.75,0.25,7.87,-24.47,True
1.01,0.005,0.97,0.2,0.2,1.0,0.0,7.83,-22.63,True
1.01,0.005,0.97,0.2,0.3,0.0,1.0,7.9,-31.7,True
1.01,0.005,0.97,0.2,0.3,0.25,0.75,8.0,-30.11,True
1.01,0.005,0.97,0.2,0.3,0.5,0.5,8.06,-28.49,True
1.01,0.005,0.97,0.2,0.3,0.75,0.25,8.08,-26.83,True
1.01,0.005,0.97,0.2,0.3,1.0,0.0,8.05,-25.1,True
1.01,0.005,0.97,0.3,0.0,0.0,1.0,7.52,-31.29,True
1.01,0.005,0.97,0.3,0.0,0.25,0.75,7.65,-29.11,True
1.01,0.005,0.97,0.3,0.0,0.5,0.5,7.72,-26.89,True
1.01,0.005,0.97,0.3,0.0,0.75,0.25,7.72,-24.62,True
1.01,0.005,0.97,0.3,0.0,1.0,0.0,7.65,-22.31,True
1.01,0.005,0.97,0.3,0.1,0.0,1.0,7.71,-30.22,True
1.01,0.005,0.97,0.3,0.1,0.25,0.75,7.83,-28.09,True
1.01,0.005,0.97,0.3,0.1,0.5,0.5,7.9,-25.94,True
1.01,0.005,0.97,0.3,0.1,0.75,0.25,7.91,-23.75,True
1.01,0.005,0.97,0.3,0.1,1.0,0.0,7.85,-21.49,True
1.01,0.005,0.97,0.3,0.2,0.0,1.0,7.83,-32.72,True
1.01,0.005,0.97,0.3,0.2,0.25,0.75,7.95,-30.74,True
1.01,0.005,0.97,0.3,0.2,0.5,0.5,8.02,-28.72,True
1.01,0.005,0.97,0.3,0.2,0.75,0.25,8.03,-26.66,True
1.01,0.005,0.97,0.3,0.2,1.0,0.0,7.99,-24.52,True
1.01,0.005,0.97,0.3,0.3,0.0,1.0,7.91,-34.63,True
1.01,0.005,0.97,0.3,0.3,0.25,0.75,8.04,-32.85,True
1.01,0.005,0.97,0.3,0.3,0.5,0.5,8.11,-31.02,True
1.01,0.005,0.97,0.3,0.3,0.75,0.25,8.14,-29.15,True
1.01,0.005,0.97,0.3,0.3,1.0,0.0,8.12,-27.2,True
1.01,0.005,0.97,0.4,0.0,0.0,1.0,7.65,-31.82,True
1.01,0.005,0.97,0.4,0.0,0.25,0.75,7.79,-29.61,True
1.01,0.005,0.97,0.4,0.0,0.5,0.5,7.86,-27.35,True
1.01,0.005,0.97,0.4,0.0,0.75,0.25,7.86,-25.04,True
1.01,0.005,0.97,0.4,0.0,1.0,0.0,7.79,-22.68,True
1.01,0.005,0.97,0.4,0.1,0.0,1.0,7.74,-33.26,True
1.01,0.005,0.97,0.4,0.1,0.25,0.75,7.88,-30.93,True
1.01,0.005,0.97,0.4,0.1,0.5,0.5,7.95,-28.56,True
1.01,0.005,0.97,0.4,0.1,0.75,0.25,7.97,-26.14,True
1.01,0.005,0.97,0.4,0.1,1.0,0.0,7.91,-23.67,True
1.01,0.005,0.97,0.4,0.2,0.0,1.0,7.79,-35.36,True
1.01,0.005,0.97,0.4,0.2,0.25,0.75,7.93,-33.21,True
1.01,0.005,0.97,0.4,0.2,0.5,0.5,8.02,-31.01,True
1.01,0.005,0.97,0.4,0.2,0.75,0.25,8.05,-28.76,True
1.01,0.005,0.97,0.4,0.2,1.0,0.0,8.02,-26.46,True
1.01,0.005,0.97,0.4,0.3,0.0,1.0,7.71,-37.18,True
1.01,0.005,0.97,0.4,0.3,0.25,0.75,7.86,-35.19,True
1.01,0.005,0.97,0.4,0.3,0.5,0.5,7.97,-33.15,True
1.01,0.005,0.97,0.4,0.3,0.75,0.25,8.03,-31.07,True
1.01,0.005,0.97,0.4,0.3,1.0,0.0,8.03,-28.92,True
1.01,0.005,0.99,0.1,0.0,0.0,1.0,5.74,-39.91,True
1.01,0.005,0.99,0.1,0.0,0.25,0.75,5.87,-36.81,True
1.01,0.005,0.99,0.1,0.0,0.5,0.5,5.95,-33.6,True
1.01,0.005,0.99,0.1,0.0,0.75,0.25,5.97,-30.28,True
1.01,0.005,0.99,0.1,0.0,1.0,0.0,5.92,-26.84,True
1.01,0.005,0.99,0.1,0.1,0.0,1.0,6.22,-34.35,True
1.01,0.005,0.99,0.1,0.1,0.25,0.75,6.34,-31.62,True
1.01,0.005,0.99,0.1,0.1,0.5,0.5,6.41,-28.78,True
1.01,0.005,0.99,0.1,0.1,0.75,0.25,6.43,-25.85,True
1.01,0.005,0.99,0.1,0.1,1.0,0.0,6.4,-22.81,True
1.01,0.005,0.99,0.1,0.2,0.0,1.0,6.54,-28.83,True
1.01,0.005,0.99,0.1,0.2,0.25,0.75,6.66,-26.44,True
1.01,0.005,0.99,0.1,0.2,0.5,0.5,6.75,-23.97,True
1.01,0.005,0.99,0.1,0.2,0.75,0.25,6.78,-21.4,True
1.01,0.005,0.99,0.1,0.2,1.0,0.0,6.77,-18.74,True
1.01,0.005,0.99,0.1,0.3,0.0,1.0,6.71,-25.64,True
1.01,0.005,0.99,0.1,0.3,0.25,0.75,6.86,-24.36,True
1.01,0.005,0.99,0.1,0.3,0.5,0.5,6.97,-23.09,True
1.01,0.005,0.99,0.1,0.3,0.75,0.25,7.03,-21.83,True
1.01,0.005,0.99,0.1,0.3,1.0,0.0,7.06,-20.59,True
1.01,0.005,0.99,0.2,0.0,0.0,1.0,5.42,-36.55,True
1.01,0.005,0.99,0.2,0.0,0.25,0.75,5.64,-33.58,True
1.01,0.005,0.99,0.2,0.0,0.5,0.5,5.8,-30.5,True
1.01,0.005,0.99,0.2,0.0,0.75,0.25,5.89,-27.28,True
1.01,0.005,0.99,0.2,0.0,1.0,0.0,5.92,-23.92,True
1.01,0.005,0.99,0.2,0.1,0.0,1.0,5.78,-31.23,True
1.01,0.005,0.99,0.2,0.1,0.25,0.75,6.01,-28.61,True
1.01,0.005,0.99,0.2,0.1,0.5,0.5,6.19,-25.88,True
1.01,0.005,0.99,0.2,0.1,0.75,0.25,6.3,-23.03,True
1.01,0.005,0.99,0.2,0.1,1.0,0.0,6.34,-20.06,True
1.01,0.005,0.99,0.2,0.2,0.0,1.0,6.34,-26.63,True
1.01,0.005,0.99,0.2,0.2,0.25,0.75,6.52,-25.16,True
1.01,0.005,0.99,0.2,0.2,0.5,0.5,6.65,-23.65,True
1.01,0.005,0.99,0.2,0.2,0.75,0.25,6.74,-22.1,True
1.01,0.005,0.99,0.2,0.2,1.0,0.0,6.77,-20.5,True
1.01,0.005,0.99,0.2,0.3,0.0,1.0,6.84,-28.54,True
1.01,0.005,0.99,0.2,0.3,0.25,0.75,6.98,-27.22,True
1.01,0.005,0.99,0.2,0.3,0.5,0.5,7.09,-25.86,True
1.01,0.005,0.99,0.2,0.3,0.75,0.25,7.16,-24.46,True
1.01,0.005,0.99,0.2,0.3,1.0,0.0,7.19,-22.96,True
1.01,0.005,0.99,0.3,0.0,0.0,1.0,5.58,-35.18,True
1.01,0.005,0.99,0.3,0.0,0.25,0.75,5.83,-32.27,True
1.01,0.005,0.99,0.3,0.0,0.5,0.5,6.01,-29.23,True
1.01,0.005,0.99,0.3,0.0,0.75,0.25,6.13,-26.06,True
1.01,0.005,0.99,0.3,0.0,1.0,0.0,6.17,-22.73,True
1.01,0.005,0.99,0.3,0.1,0.0,1.0,6.16,-30.77,True
1.01,0.005,0.99,0.3,0.1,0.25,0.75,6.37,-28.14,True
1.01,0.005,0.99,0.3,0.1,0.5,0.5,6.52,-25.4,True
1.01,0.005,0.99,0.3,0.1,0.75,0.25,6.61,-22.56,True
1.01,0.005,0.99,0.3,0.1,1.0,0.0,6.64,-19.59,True
1.01,0.005,0.99,0.3,0.2,0.0,1.0,6.63,-27.89,True
1.01,0.005,0.99,0.3,0.2,0.25,0.75,6.8,-26.29,True
1.01,0.005,0.99,0.3,0.2,0.5,0.5,6.92,-24.64,True
1.01,0.005,0.99,0.3,0.2,0.75,0.25,6.99,-22.94,True
1.01,0.005,0.99,0.3,0.2,1.0,0.0,7.01,-21.18,True
1.01,0.005,0.99,0.3,0.3,0.0,1.0,7.04,-29.68,True
1.01,0.005,0.99,0.3,0.3,0.25,0.75,7.17,-28.3,True
1.01,0.005,0.99,0.3,0.3,0.5,0.5,7.28,-26.88,True
1.01,0.005,0.99,0.3,0.3,0.75,0.25,7.34,-25.4,True
1.01,0.005,0.99,0.3,0.3,1.0,0.0,7.36,-23.84,True
1.01,0.005,0.99,0.4,0.0,0.0,1.0,5.79,-34.41,True
1.01,0.005,0.99,0.4,0.0,0.25,0.75,6.03,-31.54,True
1.01,0.005,0.99,0.4,0.0,0.5,0.5,6.22,-28.53,True
1.01,0.005,0.99,0.4,0.0,0.75,0.25,6.33,-25.38,True
1.01,0.005,0.99,0.4,0.0,1.0,0.0,6.36,-22.07,True
1.01,0.005,0.99,0.4,0.1,0.0,1.0,6.28,-29.86,True
1.01,0.005,0.99,0.4,0.1,0.25,0.75,6.49,-27.27,True
1.01,0.005,0.99,0.4,0.1,0.5,0.5,6.64,-24.55,True
1.01,0.005,0.99,0.4,0.1,0.75,0.25,6.73,-21.72,True
1.01,0.005,0.99,0.4,0.1,1.0,0.0,6.76,-19.19,True
1.01,0.005,0.99,0.4,0.2,0.0,1.0,6.71,-28.85,True
1.01,0.005,0.99,0.4,0.2,0.25,0.75,6.88,-27.21,True
1.01,0.005,0.99,0.4,0.2,0.5,0.5,7.0,-25.52,True
1.01,0.005,0.99,0.4,0.2,0.75,0.25,7.08,-23.79,True
1.01,0.005,0.99,0.4,0.2,1.0,0.0,7.1,-21.98,True
1.01,0.005,0.99,0.4,0.3,0.0,1.0,7.04,-30.54,True
1.01,0.005,0.99,0.4,0.3,0.25,0.75,7.21,-29.09,True
1.01,0.005,0.99,0.4,0.3,0.5,0.5,7.31,-27.59,True
1.01,0.005,0.99,0.4,0.3,0.75,0.25,7.37,-26.04,True
1.01,0.005,0.99,0.4,0.3,1.0,0.0,7.39,-24.42,True
1.01,0.005,1.0,0.1,0.0,0.0,1.0,0.86,-33.06,True
1.01,0.005,1.0,0.1,0.0,0.25,0.75,1.3,-30.6,True
1.01,0.005,1.0,0.1,0.0,0.5,0.5,1.71,-28.1,True
1.01,0.005,1.0,0.1,0.0,0.75,0.25,2.09,-25.55,True
1.01,0.005,1.0,0.1,0.0,1.0,0.0,2.42,-22.95,True
1.01,0.005,1.0,0.1,0.1,0.0,1.0,2.46,-28.14,True
1.01,0.005,1.0,0.1,0.1,0.25,0.75,2.78,-25.7,True
1.01,0.005,1.0,0.1,0.1,0.5,0.5,3.08,-23.2,True
1.01,0.005,1.0,0.1,0.1,0.75,0.25,3.36,-20.81,True
1.01,0.005,1.0,0.1,0.1,1.0,0.0,3.61,-18.56,True
1.01,0.005,1.0,0.1,0.2,0.0,1.0,3.57,-23.58,True
1.01,0.005,1.0,0.1,0.2,0.25,0.75,3.8,-21.47,True
1.01,0.005,1.0,0.1,0.2,0.5,0.5,4.03,-19.32,True
1.01,0.005,1.0,0.1,0.2,0.75,0.25,4.25,-17.1,True
1.01,0.005,1.0,0.1,0.2,1.0,0.0,4.46,-14.83,True
1.01,0.005,1.0,0.1,0.3,0.0,1.0,4.57,-22.45,True
1.01,0.005,1.0,0.1,0.3,0.25,0.75,4.75,-21.49,True
1.01,0.005,1.0,0.1,0.3,0.5,0.5,4.93,-20.54,True
1.01,0.005,1.0,0.1,0.3,0.75,0.25,5.1,-19.61,True
1.01,0.005,1.0,0.1,0.3,1.0,0.0,5.26,-18.68,True
1.01,0.005,1.0,0.2,0.0,0.0,1.0,-0.34,-34.08,True
1.01,0.005,1.0,0.2,0.0,0.25,0.75,0.26,-31.55,True
1.01,0.005,1.0,0.2,0.0,0.5,0.5,0.83,-28.97,True
1.01,0.005,1.0,0.2,0.0,0.75,0.25,1.35,-26.33,True
1.01,0.005,1.0,0.2,0.0,1.0,0.0,1.82,-23.64,True
1.01,0.005,1.0,0.2,0.1,0.0,1.0,1.95,-26.02,True
1.01,0.005,1.0,0.2,0.1,0.25,0.75,2.32,-24.17,True
1.01,0.005,1.0,0.2,0.1,0.5,0.5,2.67,-22.22,True
1.01,0.005,1.0,0.2,0.1,0.75,0.25,3.01,-20.22,True
1.01,0.005,1.0,0.2,0.1,1.0,0.0,3.32,-18.13,True
1.01,0.005,1.0,0.2,0.2,0.0,1.0,3.47,-21.73,True
1.01,0.005,1.0,0.2,0.2,0.25,0.75,3.72,-20.66,True
1.01,0.005,1.0,0.2,0.2,0.5,0.5,3.96,-19.57,True
1.01,0.005,1.0,0.2,0.2,0.75,0.25,4.21,-18.47,True
1.01,0.005,1.0,0.2,0.2,1.0,0.0,4.43,-17.32,True
1.01,0.005,1.0,0.2,0.3,0.0,1.0,4.7,-24.79,True
1.01,0.005,1.0,0.2,0.3,0.25,0.75,4.86,-23.78,True
1.01,0.005,1.0,0.2,0.3,0.5,0.5,5.03,-22.76,True
1.01,0.005,1.0,0.2,0.3,0.75,0.25,5.2,-21.7,True
1.01,0.005,1.0,0.2,0.3,1.0,0.0,5.35,-20.57,True
1.01,0.005,1.0,0.3,0.0,0.0,1.0,-0.23,-31.99,True
1.01,0.005,1.0,0.3,0.0,0.25,0.75,0.4,-29.55,True
1.01,0.005,1.0,0.3,0.0,0.5,0.5,0.98,-27.07,True
1.01,0.005,1.0,0.3,0.0,0.75,0.25,1.52,-24.53,True
1.01,0.005,1.0,0.3,0.0,1.0,0.0,2.01,-21.95,True
1.01,0.005,1.0,0.3,0.1,0.0,1.0,2.16,-24.85,True
1.01,0.005,1.0,0.3,0.1,0.25,0.75,2.52,-22.62,True
1.01,0.005,1.0,0.3,0.1,0.5,0.5,2.86,-20.68,True
1.01,0.005,1.0,0.3,0.1,0.75,0.25,3.19,-18.56,True
1.01,0.005,1.0,0.3,0.1,1.0,0.0,3.49,-16.51,True
1.01,0.005,1.0,0.3,0.2,0.0,1.0,3.72,-23.05,True
1.01,0.005,1.0,0.3,0.2,0.25,0.75,3.95,-21.88,True
1.01,0.005,1.0,0.3,0.2,0.5,0.5,4.19,-20.69,True
1.01,0.005,1.0,0.3,0.2,0.75,0.25,4.41,-19.45,True
1.01,0.005,1.0,0.3,0.2,1.0,0.0,4.62,-18.18,True
1.01,0.005,1.0,0.3,0.3,0.0,1.0,4.87,-25.74,True
1.01,0.005,1.0,0.3,0.3,0.25,0.75,5.03,-24.76,True
1.01,0.005,1.0,0.3,0.3,0.5,0.5,5.2,-23.74,True
1.01,0.005,1.0,0.3,0.3,0.75,0.25,5.36,-22.66,True
1.01,0.005,1.0,0.3,0.3,1.0,0.0,5.5,-21.52,True
1.01,0.005,1.0,0.4,0.0,0.0,1.0,-0.05,-29.64,True
1.01,0.005,1.0,0.4,0.0,0.25,0.75,0.57,-27.45,True
1.01,0.005,1.0,0.4,0.0,0.5,0.5,1.16,-25.12,True
1.01,0.005,1.0,0.4,0.0,0.75,0.25,1.69,-22.59,True
1.01,0.005,1.0,0.4,0.0,1.0,0.0,2.18,-20.08,True
1.01,0.005,1.0,0.4,0.1,0.0,1.0,2.3,-24.63,True
1.01,0.005,1.0,0.4,0.1,0.25,0.75,2.65,-22.88,True
1.01,0.005,1.0,0.4,0.1,0.5,0.5,3.0,-20.93,True
1.01,0.005,1.0,0.4,0.1,0.75,0.25,3.33,-18.77,True
1.01,0.005,1.0,0.4,0.1,1.0,0.0,3.64,-16.38,True
1.01,0.005,1.0,0.4,0.2,0.0,1.0,3.84,-23.76,True
1.01,0.005,1.0,0.4,0.2,0.25,0.75,4.07,-22.62,True
1.01,0.005,1.0,0.4,0.2,0.5,0.5,4.3,-21.45,True
1.01,0.005,1.0,0.4,0.2,0.75,0.25,4.53,-20.25,True
1.01,0.005,1.0,0.4,0.2,1.0,0.0,4.73,-19.0,True
1.01,0.005,1.0,0.4,0.3,0.0,1.0,4.98,-26.35,True
1.01,0.005,1.0,0.4,0.3,0.25,0.75,5.17,-25.34,True
1.01,0.005,1.0,0.4,0.3,0.5,0.5,5.34,-24.29,True
1.01,0.005,1.0,0.4,0.3,0.75,0.25,5.49,-23.2,True
1.01,0.005,1.0,0.4,0.3,1.0,0.0,5.64,-22.05,True
1.01,0.01,0.95,0.1,0.0,0.0,1.0,7.56,-35.52,True
1.01,0.01,0.95,0.1,0.0,0.25,0.75,7.63,-32.92,True
1.01,0.01,0.95,0.1,0.0,0.5,0.5,7.66,-30.28,True
1.01,0.01,0.95,0.1,0.0,0.75,0.25,7.64,-27.6,True
1.01,0.01,0.95,0.1,0.0,1.0,0.0,7.57,-24.87,True
1.01,0.01,0.95,0.1,0.1,0.0,1.0,7.86,-34.62,True
1.01,0.01,0.95,0.1,0.1,0.25,0.75,7.91,-31.96,True
1.01,0.01,0.95,0.1,0.1,0.5,0.5,7.93,-29.26,True
1.01,0.01,0.95,0.1,0.1,0.75,0.25,7.91,-26.5,True
1.01,0.01,0.95,0.1,0.1,1.0,0.0,7.84,-23.68,True
1.01,0.01,0.95,0.1,0.2,0.0,1.0,7.98,-33.68,True
1.01,0.01,0.95,0.1,0.2,0.25,0.75,8.04,-30.97,True
1.01,0.01,0.95,0.1,0.2,0.5,0.5,8.05,-28.2,True
1.01,0.01,0.95,0.1,0.2,0.75,0.25,8.03,-25.37,True
1.01,0.01,0.95,0.1,0.2,1.0,0.0,7.97,-22.43,True
1.01,0.01,0.95,0.1,0.3,0.0,1.0,8.15,-30.98,True
1.01,0.01,0.95,0.1,0.3,0.25,0.75,8.21,-28.11,True
1.01,0.01,0.95,0.1,0.3,0.5,0.5,8.23,-25.15,True
1.01,0.01,0.95,0.1,0.3,0.75,0.25,8.23,-22.12,True
1.01,0.01,0.95,0.1,0.3,1.0,0.0,8.19,-19.02,True
1.01,0.01,0.95,0.2,0.0,0.0,1.0,7.87,-43.38,False
1.01,0.01,0.95,0.2,0.0,0.25,0.75,8.01,-40.25,False
1.01,0.01,0.95,0.2,0.0,0.5,0.5,8.09,-37.06,True
1.01,0.01,0.95,0.2,0.0,0.75,0.25,8.12,-33.82,True
1.01,0.01,0.95,0.2,0.0,1.0,0.0,8.08,-30.51,True
1.01,0.01,0.95,0.2,0.1,0.0,1.0,7.8,-38.52,True
1.01,0.01,0.95,0.2,0.1,0.25,0.75,7.95,-35.52,True
1.01,0.01,0.95,0.2,0.1,0.5,0.5,8.05,-32.43,True
1.01,0.01,0.95,0.2,0.1,0.75,0.25,8.1,-29.27,True
1.01,0.01,0.95,0.2,0.1,1.0,0.0,8.09,-26.03,True
1.01,0.01,0.95,0.2,0.2,0.0,1.0,7.64,-32.33,True
1.01,0.01,0.95,0.2,0.2,0.25,0.75,7.82,-29.65,True
1.01,0.01,0.95,0.2,0.2,0.5,0.5,7.95,-26.84,True
1.01,0.01,0.95,0.2,0.2,0.75,0.25,8.03,-23.93,True
1.01,0.01,0.95,0.2,0.2,1.0,0.0,8.06,-20.93,True
1.01,0.01,0.95,0.2,0.3,0.0,1.0,7.4,-32.15,True
1.01,0.01,0.95,0.2,0.3,0.25,0.75,7.61,-30.17,True
1.01,0.01,0.95,0.2,0.3,0.5,0.5,7.78,-28.18,True
1.01,0.01,0.95,0.2,0.3,0.75,0.25,7.9,-26.19,True
1.01,0.01,0.95,0.2,0.3,1.0,0.0,7.98,-24.2,True
1.01,0.01,0.95,0.3,0.0,0.0,1.0,6.8,-37.99,True
1.01,0.01,0.95,0.3,0.0,0.25,0.75,7.07,-35.04,True
1.01,0.01,0.95,0.3,0.0,0.5,0.5,7.29,-32.06,True
1.01,0.01,0.95,0.3,0.0,0.75,0.25,7.44,-29.05,True
1.01,0.01,0.95,0.3,0.0,1.0,0.0,7.53,-26.0,True
1.01,0.01,0.95,0.3,0.1,0.0,1.0,6.55,-34.7,True
1.01,0.01,0.95,0.3,0.1,0.25,0.75,6.86,-32.15,True
1.01,0.01,0.95,0.3,0.1,0.5,0.5,7.11,-29.52,True
1.01,0.01,0.95,0.3,0.1,0.75,0.25,7.31,-26.82,True
1.01,0.01,0.95,0.3,0.1,1.0,0.0,7.45,-24.03,True
1.01,0.01,0.95,0.3,0.2,0.0,1.0,6.79,-34.95,True
1.01,0.01,0.95,0.3,0.2,0.25,0.75,7.06,-32.44,True
1.01,0.01,0.95,0.3,0.2,0.5,0.5,7.29,-29.92,True
1.01,0.01,0.95,0.3,0.2,0.75,0.25,7.47,-27.37,True
1.01,0.01,0.95,0.3,0.2,1.0,0.0,7.61,-24.81,True
1.01,0.01,0.95,0.3,0.3,0.0,1.0,7.02,-35.5,True
1.01,0.01,0.95,0.3,0.3,0.25,0.75,7.26,-33.26,True
1.01,0.01,0.95,0.3,0.3,0.5,0.5,7.47,-30.99,True
1.01,0.01,0.95,0.3,0.3,0.75,0.25,7.64,-28.7,True
1.01,0.01,0.95,0.3,0.3,1.0,0.0,7.77,-26.39,True
1.01,0.01,0.95,0.4,0.0,0.0,1.0,6.18,-38.14,True
1.01,0.01,0.95,0.4,0.0,0.25,0.75,6.54,-35.38,True
1.01,0.01,0.95,0.4,0.0,0.5,0.5,6.84,-32.52,True
1.01,0.01,0.95,0.4,0.0,0.75,0.25,7.07,-29.57,True
1.01,0.01,0.95,0.4,0.0,1.0,0.0,7.24,-26.51,True
1.01,0.01,0.95,0.4,0.1,0.0,1.0,6.41,-36.08,True
1.01,0.01,0.95,0.4,0.1,0.25,0.75,6.74,-33.08,True
1.01,0.01,0.95,0.4,0.1,0.5,0.5,7.02,-30.08,True
1.01,0.01,0.95,0.4,0.1,0.75,0.25,7.24,-27.3,True
1.01,0.01,0.95,0.4,0.1,1.0,0.0,7.41,-24.45,True
1.01,0.01,0.95,0.4,0.2,0.0,1.0,6.67,-36.43,True
1.01,0.01,0.95,0.4,0.2,0.25,0.75,6.96,-33.76,True
1.01,0.01,0.95,0.4,0.2,0.5,0.5,7.21,-31.07,True
1.01,0.01,0.95,0.4,0.2,0.75,0.25,7.41,-28.35,True
1.01,0.01,0.95,0.4,0.2,1.0,0.0,7.57,-25.6,True
1.01,0.01,0.95,0.4,0.3,0.0,1.0,6.88,-36.18,True
1.01,0.01,0.95,0.4,0.3,0.25,0.75,7.14,-33.91,True
1.01,0.01,0.95,0.4,0.3,0.5,0.5,7.36,-31.59,True
1.01,0.01,0.95,0.4,0.3,0.75,0.25,7.54,-29.25,True
1.01,0.01,0.95,0.4,0.3,1.0,0.0,7.68,-26.87,True
1.01,0.01,0.97,0.1,0.0,0.0,1.0,6.38,-28.94,True
1.01,0.01,0.97,0.1,0.0,0.25,0.75,6.43,-26.74,True
1.01,0.01,0.97,0.1,0.0,0.5,0.5,6.44,-24.51,True
1.01,0.01,0.97,0.1,0.0,0.75,0.25,6.41,-22.26,True
1.01,0.01,0.97,0.1,0.0,1.0,0.0,6.32,-19.98,True
1.01,0.01,0.97,0.1,0.1,0.0,1.0,6.77,-27.53,True
1.01,0.01,0.97,0.1,0.1,0.25,0.75,6.82,-25.27,True
1.01,0.01,0.97,0.1,0.1,0.5,0.5,6.82,-22.97,True
1.01,0.01,0.97,0.1,0.1,0.75,0.25,6.79,-20.63,True
1.01,0.01,0.97,0.1,0.1,1.0,0.0,6.71,-18.25,True
1.01,0.01,0.97,0.1,0.2,0.0,1.0,7.07,-25.41,True
1.01,0.01,0.97,0.1,0.2,0.25,0.75,7.12,-23.04,True
1.01,0.01,0.97,0.1,0.2,0.5,0.5,7.13,-20.58,True
1.01,0.01,0.97,0.1,0.2,0.75,0.25,7.11,-18.06,True
1.01,0.01,0.97,0.1,0.2,1.0,0.0,7.05,-15.48,True
1.01,0.01,0.97,0.1,0.3,0.0,1.0,7.43,-23.36,True
1.01,0.01,0.97,0.1,0.3,0.25,0.75,7.51,-22.3,True
1.01,0.01,0.97,0.1,0.3,0.5,0.5,7.55,-21.26,True
1.01,0.01,0.97,0.1,0.3,0.75,0.25,7.53,-20.22,True
1.01,0.01,0.97,0.1,0.3,1.0,0.0,7.49,-19.2,True
1.01,0.01,0.97,0.2,0.0,0.0,1.0,6.74,-35.63,True
1.01,0.01,0.97,0.2,0.0,0.25,0.75,6.85,-32.93,True
1.01,0.01,0.97,0.2,0.0,0.5,0.5,6.9,-30.19,True
1.01,0.01,0.97,0.2,0.0,0.75,0.25,6.89,-27.42,True
1.01,0.01,0.97,0.2,0.0,1.0,0.0,6.83,-24.61,True
1.01,0.01,0.97,0.2,0.1,0.0,1.0,6.88,-28.99,True
1.01,0.01,0.97,0.2,0.1,0.25,0.75,7.0,-26.57,True
1.01,0.01,0.97,0.2,0.1,0.5,0.5,7.07,-24.06,True
1.01,0.01,0.97,0.2,0.1,0.75,0.25,7.09,-21.49,True
1.01,0.01,0.97,0.2,0.1,1.0,0.0,7.06,-18.85,True
1.01,0.01,0.97,0.2,0.2,0.0,1.0,6.81,-25.11,True
1.01,0.01,0.97,0.2,0.2,0.25,0.75,6.98,-23.58,True
1.01,0.01,0.97,0.2,0.2,0.5,0.5,7.11,-22.06,True
1.01,0.01,0.97,0.2,0.2,0.75,0.25,7.18,-20.55,True
1.01,0.01,0.97,0.2,0.2,1.0,0.0,7.2,-19.04,True
1.01,0.01,0.97,0.2,0.3,0.0,1.0,6.87,-29.38,True
1.01,0.01,0.97,0.2,0.3,0.25,0.75,7.04,-27.82,True
1.01,0.01,0.97,0.2,0.3,0.5,0.5,7.18,-26.26,True
1.01,0.01,0.97,0.2,0.3,0.75,0.25,7.27,-24.71,True
1.01,0.01,0.97,0.2,0.3,1.0,0.0,7.33,-23.15,True
1.01,0.01,0.97,0.3,0.0,0.0,1.0,6.38,-29.5,True
1.01,0.01,0.97,0.3,0.0,0.25,0.75,6.55,-27.07,True
1.01,0.01,0.97,0.3,0.0,0.5,0.5,6.67,-24.63,True
1.01,0.01,0.97,0.3,0.0,0.75,0.25,6.72,-22.38,True
1.01,0.01,0.97,0.3,0.0,1.0,0.0,6.72,-20.32,True
1.01,0.01,0.97,0.3,0.1,0.0,1.0,6.35,-26.13,True
1.01,0.01,0.97,0.3,0.1,0.25,0.75,6.55,-24.41,True
1.01,0.01,0.97,0.3,0.1,0.5,0.5,6.7,-22.63,True
1.01,0.01,0.97,0.3,0.1,0.75,0.25,6.8,-20.81,True
1.01,0.01,0.97,0.3,0.1,1.0,0.0,6.84,-18.95,True
1.01,0.01,0.97,0.3,0.2,0.0,1.0,6.56,-30.86,True
1.01,0.01,0.97,0.3,0.2,0.25,0.75,6.76,-28.88,True
1.01,0.01,0.97,0.3,0.2,0.5,0.5,6.92,-26.89,True
1.01,0.01,0.97,0.3,0.2,0.75,0.25,7.03,-24.9,True
1.01,0.01,0.97,0.3,0.2,1.0,0.0,7.09,-22.91,True
1.01,0.01,0.97,0.3,0.3,0.0,1.0,6.81,-33.89,True
1.01,0.01,0.97,0.3,0.3,0.25,0.75,6.99,-32.17,True
1.01,0.01,0.97,0.3,0.3,0.5,0.5,7.14,-30.4,True
1.01,0.01,0.97,0.3,0.3,0.75,0.25,7.25,-28.58,True
1.01,0.01,0.97,0.3,0.3,1.0,0.0,7.33,-26.72,True
1.01,0.01,0.97,0.4,0.0,0.0,1.0,6.12,-30.57,True
1.01,0.01,0.97,0.4,0.0,0.25,0.75,6.33,-28.44,True
1.01,0.01,0.97,0.4,0.0,0.5,0.5,6.49,-26.27,True
1.01,0.01,0.97,0.4,0.0,0.75,0.25,6.59,-24.06,True
1.01,0.01,0.97,0.4,0.0,1.0,0.0,6.63,-21.81,True
1.01,0.01,0.97,0.4,0.1,0.0,1.0,6.26,-31.46,True
1.01,0.01,0.97,0.4,0.1,0.25,0.75,6.5,-29.16,True
1.01,0.01,0.97,0.4,0.1,0.5,0.5,6.67,-26.85,True
1.01,0.01,0.97,0.4,0.1,0.75,0.25,6.8,-24.53,True
1.01,0.01,0.97,0.4,0.1,1.0,0.0,6.87,-22.18,True
1.01,0.01,0.97,0.4,0.2,0.0,1.0,6.48,-34.4,True
1.01,0.01,0.97,0.4,0.2,0.25,0.75,6.7,-32.31,True
1.01,0.01,0.97,0.4,0.2,0.5,0.5,6.88,-30.19,True
1.01,0.01,0.97,0.4,0.2,0.75,0.25,7.0,-28.02,True
1.01,0.01,0.97,0.4,0.2,1.0,0.0,7.09,-25.79,True
1.01,0.01,0.97,0.4,0.3,0.0,1.0,6.51,-36.69,True
1.01,0.01,0.97,0.4,0.3,0.25,0.75,6.74,-34.75,True
1.01,0.01,0.97,0.4,0.3,0.5,0.5,6.93,-32.76,True
1.01,0.01,0.97,0.4,0.3,0.75,0.25,7.08,-30.72,True
1.01,0.01,0.97,0.4,0.3,1.0,0.0,7.18,-28.64,True
1.01,0.01,0.99,0.1,0.0,0.0,1.0,6.34,-36.36,True
1.01,0.01,0.99,0.1,0.0,0.25,0.75,6.34,-33.47,True
1.01,0.01,0.99,0.1,0.0,0.5,0.5,6.29,-30.5,True
1.01,0.01,0.99,0.1,0.0,0.75,0.25,6.19,-27.44,True
1.01,0.01,0.99,0.1,0.0,1.0,0.0,6.03,-24.29,True
1.01,0.01,0.99,0.1,0.1,0.0,1.0,6.65,-31.98,True
1.01,0.01,0.99,0.1,0.1,0.25,0.75,6.67,-29.38,True
1.01,0.01,0.99,0.1,0.1,0.5,0.5,6.63,-26.69,True
1.01,0.01,0.99,0.1,0.1,0.75,0.25,6.56,-23.93,True
1.01,0.01,0.99,0.1,0.1,1.0,0.0,6.44,-21.09,True
1.01,0.01,0.99,0.1,0.2,0.0,1.0,6.81,-28.14,True
1.01,0.01,0.99,0.1,0.2,0.25,0.75,6.84,-25.77,True
1.01,0.01,0.99,0.1,0.2,0.5,0.5,6.83,-23.33,True
1.01,0.01,0.99,0.1,0.2,0.75,0.25,6.79,-20.82,True
1.01,0.01,0.99,0.1,0.2,1.0,0.0,6.71,-18.24,True
1.01,0.01,0.99,0.1,0.3,0.0,1.0,7.06,-24.31,True
1.01,0.01,0.99,0.1,0.3,0.25,0.75,7.14,-22.22,True
1.01,0.01,0.99,0.1,0.3,0.5,0.5,7.18,-20.13,True
1.01,0.01,0.99,0.1,0.3,0.75,0.25,7.16,-19.24,True
1.01,0.01,0.99,0.1,0.3,1.0,0.0,7.11,-18.35,True
1.01,0.01,0.99,0.2,0.0,0.0,1.0,5.9,-39.63,True
1.01,0.01,0.99,0.2,0.0,0.25,0.75,6.02,-36.58,True
1.01,0.01,0.99,0.2,0.0,0.5,0.5,6.09,-33.41,True
1.01,0.01,0.99,0.2,0.0,0.75,0.25,6.1,-30.11,True
1.01,0.01,0.99,0.2,0.0,1.0,0.0,6.04,-26.68,True
1.01,0.01,0.99,0.2,0.1,0.0,1.0,6.01,-34.15,True
1.01,0.01,0.99,0.2,0.1,0.25,0.75,6.18,-31.44,True
1.01,0.01,0.99,0.2,0.1,0.5,0.5,6.29,-28.62,True
1.01,0.01,0.99,0.2,0.1,0.75,0.25,6.34,-25.69,True
1.01,0.01,0.99,0.2,0.1,1.0,0.0,6.34,-22.64,True
1.01,0.01,0.99,0.2,0.2,0.0,1.0,6.01,-28.82,True
1.01,0.01,0.99,0.2,0.2,0.25,0.75,6.21,-26.44,True
1.01,0.01,0.99,0.2,0.2,0.5,0.5,6.37,-23.97,True
1.01,0.01,0.99,0.2,0.2,0.75,0.25,6.48,-21.39,True
1.01,0.01,0.99,0.2,0.2,1.0,0.0,6.54,-18.71,True
1.01,0.01,0.99,0.2,0.3,0.0,1.0,6.16,-25.76,True
1.01,0.01,0.99,0.2,0.3,0.25,0.75,6.36,-24.5,True
1.01,0.01,0.99,0.2,0.3,0.5,0.5,6.52,-23.23,True
1.01,0.01,0.99,0.2,0.3,0.75,0.25,6.65,-21.98,True
1.01,0.01,0.99,0.2,0.3,1.0,0.0,6.74,-20.73,True
1.01,0.01,0.99,0.3,0.0,0.0,1.0,5.36,-37.4,True
1.01,0.01,0.99,0.3,0.0,0.25,0.75,5.57,-34.44,True
1.01,0.01,0.99,0.3,0.0,0.5,0.5,5.72,-31.36,True
1.01,0.01,0.99,0.3,0.0,0.75,0.25,5.8,-28.13,True
1.01,0.01,0.99,0.3,0.0,1.0,0.0,5.82,-24.76,True
1.01,0.01,0.99,0.3,0.1,0.0,1.0,5.36,-31.84,True
1.01,0.01,0.99,0.3,0.1,0.25,0.75,5.61,-29.22,True
1.01,0.01,0.99,0.3,0.1,0.5,0.5,5.8,-26.49,True
1.01,0.01,0.99,0.3,0.1,0.75,0.25,5.94,-23.63,True
1.01,0.01,0.99,0.3,0.1,1.0,0.0,6.02,-20.64,True
1.01,0.01,0.99,0.3,0.2,0.0,1.0,5.53,-26.26,True
1.01,0.01,0.99,0.3,0.2,0.25,0.75,5.79,-23.98,True
1.01,0.01,0.99,0.3,0.2,0.5,0.5,6.0,-22.32,True
1.01,0.01,0.99,0.3,0.2,0.75,0.25,6.16,-20.77,True
1.01,0.01,0.99,0.3,0.2,1.0,0.0,6.27,-19.22,True
1.01,0.01,0.99,0.3,0.3,0.0,1.0,5.95,-28.43,True
1.01,0.01,0.99,0.3,0.3,0.25,0.75,6.15,-27.13,True
1.01,0.01,0.99,0.3,0.3,0.5,0.5,6.33,-25.8,True
1.01,0.01,0.99,0.3,0.3,0.75,0.25,6.48,-24.43,True
1.01,0.01,0.99,0.3,0.3,1.0,0.0,6.58,-23.01,True
1.01,0.01,0.99,0.4,0.0,0.0,1.0,4.82,-34.5,True
1.01,0.01,0.99,0.4,0.0,0.25,0.75,5.1,-31.66,True
1.01,0.01,0.99,0.4,0.0,0.5,0.5,5.31,-28.69,True
1.01,0.01,0.99,0.4,0.0,0.75,0.25,5.46,-25.59,True
1.01,0.01,0.99,0.4,0.0,1.0,0.0,5.54,-22.34,True
1.01,0.01,0.99,0.4,0.1,0.0,1.0,4.91,-28.78,True
1.01,0.01,0.99,0.4,0.1,0.25,0.75,5.21,-26.29,True
1.01,0.01,0.99,0.4,0.1,0.5,0.5,5.46,-23.69,True
1.01,0.01,0.99,0.4,0.1,0.75,0.25,5.65,-20.96,True
1.01,0.01,0.99,0.4,0.1,1.0,0.0,5.78,-18.12,True
1.01,0.01,0.99,0.4,0.2,0.0,1.0,5.43,-27.36,True
1.01,0.01,0.99,0.4,0.2,0.25,0.75,5.68,-25.81,True
1.01,0.01,0.99,0.4,0.2,0.5,0.5,5.89,-24.23,True
1.01,0.01,0.99,0.4,0.2,0.75,0.25,6.06,-22.62,True
1.01,0.01,0.99,0.4,0.2,1.0,0.0,6.17,-20.94,True
1.01,0.01,0.99,0.4,0.3,0.0,1.0,5.9,-29.44,True
1.01,0.01,0.99,0.4,0.3,0.25,0.75,6.09,-28.06,True
1.01,0.01,0.99,0.4,0.3,0.5,0.5,6.27,-26.65,True
1.01,0.01,0.99,0.4,0.3,0.75,0.25,6.42,-25.19,True
1.01,0.01,0.99,0.4,0.3,1.0,0.0,6.53,-23.67,True
1.01,0.01,1.0,0.1,0.0,0.0,1.0,1.79,-28.7,True
1.01,0.01,1.0,0.1,0.0,0.25,0.75,2.06,-26.23,True
1.01,0.01,1.0,0.1,0.0,0.5,0.5,2.3,-23.72,True
1.01,0.01,1.0,0.1,0.0,0.75,0.25,2.52,-21.16,True
1.01,0.01,1.0,0.1,0.0,1.0,0.0,2.71,-19.03,True
1.01,0.01,1.0,0.1,0.1,0.0,1.0,3.16,-24.6,True
1.01,0.01,1.0,0.1,0.1,0.25,0.75,3.37,-22.42,True
1.01,0.01,1.0,0.1,0.1,0.5,0.5,3.56,-20.2,True
1.01,0.01,1.0,0.1,0.1,0.75,0.25,3.73,-17.94,True
1.01,0.01,1.0,0.1,0.1,1.0,0.0,3.88,-15.64,True
1.01,0.01,1.0,0.1,0.2,0.0,1.0,4.09,-20.86,True
1.01,0.01,1.0,0.1,0.2,0.25,0.75,4.27,-18.93,True
1.01,0.01,1.0,0.1,0.2,0.5,0.5,4.43,-16.96,True
1.01,0.01,1.0,0.1,0.2,0.75,0.25,4.58,-14.95,True
1.01,0.01,1.0,0.1,0.2,1.0,0.0,4.72,-12.9,True
1.01,0.01,1.0,0.1,0.3,0.0,1.0,4.93,-19.6,True
1.01,0.01,1.0,0.1,0.3,0.25,0.75,5.08,-18.94,True
1.01,0.01,1.0,0.1,0.3,0.5,0.5,5.22,-18.29,True
1.01,0.01,1.0,0.1,0.3,0.75,0.25,5.34,-17.64,True
1.01,0.01,1.0,0.1,0.3,1.0,0.0,5.46,-17.0,True
1.01,0.01,1.0,0.2,0.0,0.0,1.0,0.75,-35.38,True
1.01,0.01,1.0,0.2,0.0,0.25,0.75,1.2,-32.84,True
1.01,0.01,1.0,0.2,0.0,0.5,0.5,1.61,-30.25,True
1.01,0.01,1.0,0.2,0.0,0.75,0.25,1.99,-27.59,True
1.01,0.01,1.0,0.2,0.0,1.0,0.0,2.33,-24.88,True
1.01,0.01,1.0,0.2,0.1,0.0,1.0,2.22,-30.21,True
1.01,0.01,1.0,0.2,0.1,0.25,0.75,2.55,-28.01,True
1.01,0.01,1.0,0.2,0.1,0.5,0.5,2.87,-25.73,True
1.01,0.01,1.0,0.2,0.1,0.75,0.25,3.16,-23.38,True
1.01,0.01,1.0,0.2,0.1,1.0,0.0,3.44,-20.96,True
1.01,0.01,1.0,0.2,0.2,0.0,1.0,3.31,-24.14,True
1.01,0.01,1.0,0.2,0.2,0.25,0.75,3.59,-22.44,True
1.01,0.01,1.0,0.2,0.2,0.5,0.5,3.86,-20.63,True
1.01,0.01,1.0,0.2,0.2,0.75,0.25,4.1,-18.71,True
1.01,0.01,1.0,0.2,0.2,1.0,0.0,4.34,-16.69,True
1.01,0.01,1.0,0.2,0.3,0.0,1.0,4.3,-22.83,True
1.01,0.01,1.0,0.2,0.3,0.25,0.75,4.49,-21.9,True
1.01,0.01,1.0,0.2,0.3,0.5,0.5,4.68,-20.98,True
1.01,0.01,1.0,0.2,0.3,0.75,0.25,4.87,-20.06,True
1.01,0.01,1.0,0.2,0.3,1.0,0.0,5.07,-19.15,True
1.01,0.01,1.0,0.3,0.0,0.0,1.0,-0.12,-38.67,True
1.01,0.01,1.0,0.3,0.0,0.25,0.75,0.44,-35.95,True
1.01,0.01,1.0,0.3,0.0,0.5,0.5,0.96,-33.15,True
1.01,0.01,1.0,0.3,0.0,0.75,0.25,1.43,-30.27,True
1.01,0.01,1.0,0.3,0.0,1.0,0.0,1.87,-27.32,True
1.01,0.01,1.0,0.3,0.1,0.0,1.0,1.64,-32.31,True
1.01,0.01,1.0,0.3,0.1,0.25,0.75,2.04,-30.12,True
1.01,0.01,1.0,0.3,0.1,0.5,0.5,2.41,-27.82,True
1.01,0.01,1.0,0.3,0.1,0.75,0.25,2.77,-25.41,True
1.01,0.01,1.0,0.3,0.1,1.0,0.0,3.1,-22.89,True
1.01,0.01,1.0,0.3,0.2,0.0,1.0,3.09,-25.76,True
1.01,0.01,1.0,0.3,0.2,0.25,0.75,3.34,-24.08,True
1.01,0.01,1.0,0.3,0.2,0.5,0.5,3.59,-22.25,True
1.01,0.01,1.0,0.3,0.2,0.75,0.25,3.85,-20.3,True
1.01,0.01,1.0,0.3,0.2,1.0,0.0,4.1,-18.21,True
1.01,0.01,1.0,0.3,0.3,0.0,1.0,4.27,-24.27,True
1.01,0.01,1.0,0.3,0.3,0.25,0.75,4.46,-23.36,True
1.01,0.01,1.0,0.3,0.3,0.5,0.5,4.65,-22.44,True
1.01,0.01,1.0,0.3,0.3,0.75,0.25,4.85,-21.49,True
1.01,0.01,1.0,0.3,0.3,1.0,0.0,5.03,-20.53,True
1.01,0.01,1.0,0.4,0.0,0.0,1.0,-0.67,-40.56,False
1.01,0.01,1.0,0.4,0.0,0.25,0.75,-0.05,-37.73,True
1.01,0.01,1.0,0.4,0.0,0.5,0.5,0.53,-34.83,True
1.01,0.01,1.0,0.4,0.0,0.75,0.25,1.07,-31.83,True
1.01,0.01,1.0,0.4,0.0,1.0,0.0,1.57,-28.75,True
1.01,0.01,1.0,0.4,0.1,0.0,1.0,1.44,-33.39,True
1.01,0.01,1.0,0.4,0.1,0.25,0.75,1.81,-31.22,True
1.01,0.01,1.0,0.4,0.1,0.5,0.5,2.18,-28.89,True
1.01,0.01,1.0,0.4,0.1,0.75,0.25,2.55,-26.42,True
1.01,0.01,1.0,0.4,0.1,1.0,0.0,2.9,-23.84,True
1.01,0.01,1.0,0.4,0.2,0.0,1.0,3.04,-25.59,True
1.01,0.01,1.0,0.4,0.2,0.25,0.75,3.3,-24.07,True
1.01,0.01,1.0,0.4,0.2,0.5,0.5,3.57,-22.38,True
1.01,0.01,1.0,0.4,0.2,0.75,0.25,3.83,-20.53,True
1.01,0.01,1.0,0.4,0.2,1.0,0.0,4.06,-18.6,True
1.01,0.01,1.0,0.4,0.3,0.0,1.0,4.2,-25.3,True
1.01,0.01,1.0,0.4,0.3,0.25,0.75,4.39,-24.35,True
1.01,0.01,1.0,0.4,0.3,0.5,0.5,4.58,-23.38,True
1.01,0.01,1.0,0.4,0.3,0.75,0.25,4.78,-22.39,True
1.01,0.01,1.0,0.4,0.3,1.0,0.0,4.96,-21.34,True
1.01,0.015,0.95,0.1,0.0,0.0,1.0,7.0,-28.85,True
1.01,0.015,0.95,0.1,0.0,0.25,0.75,6.98,-26.32,True
1.01,0.015,0.95,0.1,0.0,0.5,0.5,6.91,-23.73,True
1.01,0.015,0.95,0.1,0.0,0.75,0.25,6.81,-21.08,True
1.01,0.015,0.95,0.1,0.0,1.0,0.0,6.68,-18.39,True
1.01,0.015,0.95,0.1,0.1,0.0,1.0,7.83,-26.52,True
1.01,0.015,0.95,0.1,0.1,0.25,0.75,7.77,-24.23,True
1.01,0.015,0.95,0.1,0.1,0.5,0.5,7.68,-21.89,True
1.01,0.015,0.95,0.1,0.1,0.75,0.25,7.57,-19.5,True
1.01,0.015,0.95,0.1,0.1,1.0,0.0,7.42,-17.06,True
1.01,0.015,0.95,0.1,0.2,0.0,1.0,8.4,-24.23,True
1.01,0.015,0.95,0.1,0.2,0.25,0.75,8.33,-22.17,True
1.01,0.015,0.95,0.1,0.2,0.5,0.5,8.23,-20.06,True
1.01,0.015,0.95,0.1,0.2,0.75,0.25,8.11,-17.99,True
1.01,0.015,0.95,0.1,0.2,1.0,0.0,7.95,-16.37,True
1.01,0.015,0.95,0.1,0.3,0.0,1.0,8.7,-22.02,True
1.01,0.015,0.95,0.1,0.3,0.25,0.75,8.63,-20.9,True
1.01,0.015,0.95,0.1,0.3,0.5,0.5,8.54,-19.68,True
1.01,0.015,0.95,0.1,0.3,0.75,0.25,8.43,-18.36,True
1.01,0.015,0.95,0.1,0.3,1.0,0.0,8.29,-16.93,True
1.01,0.015,0.95,0.2,0.0,0.0,1.0,9.28,-27.67,True
1.01,0.015,0.95,0.2,0.0,0.25,0.75,9.18,-25.2,True
1.01,0.015,0.95,0.2,0.0,0.5,0.5,9.05,-22.63,True
1.01,0.015,0.95,0.2,0.0,0.75,0.25,8.86,-19.96,True
1.01,0.015,0.95,0.2,0.0,1.0,0.0,8.63,-17.19,True
1.01,0.015,0.95,0.2,0.1,0.0,1.0,9.24,-26.24,True
1.01,0.015,0.95,0.2,0.1,0.25,0.75,9.15,-23.95,True
1.01,0.015,0.95,0.2,0.1,0.5,0.5,9.03,-21.56,True
1.01,0.015,0.95,0.2,0.1,0.75,0.25,8.87,-19.08,True
1.01,0.015,0.95,0.2,0.1,1.0,0.0,8.66,-16.5,True
1.01,0.015,0.95,0.2,0.2,0.0,1.0,9.11,-24.58,True
1.01,0.015,0.95,0.2,0.2,0.25,0.75,9.04,-22.51,True
1.01,0.015,0.95,0.2,0.2,0.5,0.5,8.95,-20.34,True
1.01,0.015,0.95,0.2,0.2,0.75,0.25,8.82,-18.09,True
1.01,0.015,0.95,0.2,0.2,1.0,0.0,8.65,-16.19,True
1.01,0.015,0.95,0.2,0.3,0.0,1.0,8.94,-23.44,True
1.01,0.015,0.95,0.2,0.3,0.25,0.75,8.9,-22.26,True
1.01,0.015,0.95,0.2,0.3,0.5,0.5,8.83,-21.07,True
1.01,0.015,0.95,0.2,0.3,0.75,0.25,8.72,-19.88,True
1.01,0.015,0.95,0.2,0.3,1.0,0.0,8.59,-18.69,True
1.01,0.015,0.95,0.3,0.0,0.0,1.0,8.48,-29.03,True
1.01,0.015,0.95,0.3,0.0,0.25,0.75,8.5,-26.74,True
1.01,0.015,0.95,0.3,0.0,0.5,0.5,8.48,-24.42,True
1.01,0.015,0.95,0.3,0.0,0.75,0.25,8.41,-22.08,True
1.01,0.015,0.95,0.3,0.0,1.0,0.0,8.28,-19.71,True
1.01,0.015,0.95,0.3,0.1,0.0,1.0,8.33,-28.01,True
1.01,0.015,0.95,0.3,0.1,0.25,0.75,8.38,-25.68,True
1.01,0.015,0.95,0.3,0.1,0.5,0.5,8.38,-23.3,True
1.01,0.015,0.95,0.3,0.1,0.75,0.25,8.34,-20.89,True
1.01,0.015,0.95,0.3,0.1,1.0,0.0,8.25,-18.4,True
1.01,0.015,0.95,0.3,0.2,0.0,1.0,8.17,-26.09,True
1.01,0.015,0.95,0.3,0.2,0.25,0.75,8.24,-24.36,True
1.01,0.015,0.95,0.3,0.2,0.5,0.5,8.27,-22.63,True
1.01,0.015,0.95,0.3,0.2,0.75,0.25,8.26,-20.89,True
1.01,0.015,0.95,0.3,0.2,1.0,0.0,8.2,-19.14,True
1.01,0.015,0.95,0.3,0.3,0.0,1.0,7.97,-29.45,True
1.01,0.015,0.95,0.3,0.3,0.25,0.75,8.08,-27.73,True
1.01,0.015,0.95,0.3,0.3,0.5,0.5,8.15,-26.0,True
1.01,0.015,0.95,0.3,0.3,0.75,0.25,8.17,-24.27,True
1.01,0.015,0.95,0.3,0.3,1.0,0.0,8.16,-22.52,True
1.01,0.015,0.95,0.4,0.0,0.0,1.0,7.67,-33.56,True
1.01,0.015,0.95,0.4,0.0,0.25,0.75,7.8,-30.95,True
1.01,0.015,0.95,0.4,0.0,0.5,0.5,7.87,-28.3,True
1.01,0.015,0.95,0.4,0.0,0.75,0.25,7.89,-25.61,True
1.01,0.015,0.95,0.4,0.0,1.0,0.0,7.85,-22.87,True
1.01,0.015,0.95,0.4,0.1,0.0,1.0,7.5,-30.41,True
1.01,0.015,0.95,0.4,0.1,0.25,0.75,7.65,-27.9,True
1.01,0.015,0.95,0.4,0.1,0.5,0.5,7.76,-25.32,True
1.01,0.015,0.95,0.4,0.1,0.75,0.25,7.81,-22.68,True
1.01,0.015,0.95,0.4,0.1,1.0,0.0,7.81,-19.98,True
1.01,0.015,0.95,0.4,0.2,0.0,1.0,7.3,-32.11,True
1.01,0.015,0.95,0.4,0.2,0.25,0.75,7.48,-29.85,True
1.01,0.015,0.95,0.4,0.2,0.5,0.5,7.62,-27.58,True
1.01,0.015,0.95,0.4,0.2,0.75,0.25,7.7,-25.3,True
1.01,0.015,0.95,0.4,0.2,1.0,0.0,7.74,-23.01,True
1.01,0.015,0.95,0.4,0.3,0.0,1.0,7.51,-32.88,True
1.01,0.015,0.95,0.4,0.3,0.25,0.75,7.67,-30.79,True
1.01,0.015,0.95,0.4,0.3,0.5,0.5,7.79,-28.7,True
1.01,0.015,0.95,0.4,0.3,0.75,0.25,7.87,-26.61,True
1.01,0.015,0.95,0.4,0.3,1.0,0.0,7.91,-24.52,True
1.01,0.015,0.97,0.1,0.0,0.0,1.0,5.09,-18.06,True
1.01,0.015,0.97,0.1,0.0,0.25,0.75,5.09,-15.78,True
1.01,0.015,0.97,0.1,0.0,0.5,0.5,5.07,-13.65,True
1.01,0.015,0.97,0.1,0.0,0.75,0.25,5.02,-11.77,True
1.01,0.015,0.97,0.1,0.0,1.0,0.0,4.94,-9.87,True
1.01,0.015,0.97,0.1,0.1,0.0,1.0,6.69,-16.61,True
1.01,0.015,0.97,0.1,0.1,0.25,0.75,6.61,-14.76,True
1.01,0.015,0.97,0.1,0.1,0.5,0.5,6.51,-12.9,True
1.01,0.015,0.97,0.1,0.1,0.75,0.25,6.39,-11.02,True
1.01,0.015,0.97,0.1,0.1,1.0,0.0,6.25,-9.13,True
1.01,0.015,0.97,0.1,0.2,0.0,1.0,7.57,-16.17,True
1.01,0.015,0.97,0.1,0.2,0.25,0.75,7.48,-15.05,True
1.01,0.015,0.97,0.1,0.2,0.5,0.5,7.38,-14.36,True
1.01,0.015,0.97,0.1,0.2,0.75,0.25,7.26,-13.67,True
1.01,0.015,0.97,0.1,0.2,1.0,0.0,7.11,-13.0,True
1.01,0.015,0.97,0.1,0.3,0.0,1.0,8.17,-20.19,True
1.01,0.015,0.97,0.1,0.3,0.25,0.75,8.07,-19.42,True
1.01,0.015,0.97,0.1,0.3,0.5,0.5,7.96,-18.67,True
1.01,0.015,0.97,0.1,0.3,0.75,0.25,7.83,-17.93,True
1.01,0.015,0.97,0.1,0.3,1.0,0.0,7.68,-17.19,True
1.01,0.015,0.97,0.2,0.0,0.0,1.0,8.14,-26.03,True
1.01,0.015,0.97,0.2,0.0,0.25,0.75,8.04,-23.36,True
1.01,0.015,0.97,0.2,0.0,0.5,0.5,7.89,-20.64,True
1.01,0.015,0.97,0.2,0.0,0.75,0.25,7.7,-17.88,True
1.01,0.015,0.97,0.2,0.0,1.0,0.0,7.46,-15.07,True
1.01,0.015,0.97,0.2,0.1,0.0,1.0,8.2,-23.36,True
1.01,0.015,0.97,0.2,0.1,0.25,0.75,8.12,-20.89,True
1.01,0.015,0.97,0.2,0.1,0.5,0.5,8.0,-18.38,True
1.01,0.015,0.97,0.2,0.1,0.75,0.25,7.84,-15.83,True
1.01,0.015,0.97,0.2,0.1,1.0,0.0,7.64,-13.24,True
1.01,0.015,0.97,0.2,0.2,0.0,1.0,8.21,-20.65,True
1.01,0.015,0.97,0.2,0.2,0.25,0.75,8.16,-19.29,True
1.01,0.015,0.97,0.2,0.2,0.5,0.5,8.06,-18.19,True
1.01,0.015,0.97,0.2,0.2,0.75,0.25,7.94,-17.1,True
1.01,0.015,0.97,0.2,0.2,1.0,0.0,7.77,-16.02,True
1.01,0.015,0.97,0.2,0.3,0.0,1.0,8.17,-24.63,True
1.01,0.015,0.97,0.2,0.3,0.25,0.75,8.16,-23.5,True
1.01,0.015,0.97,0.2,0.3,0.5,0.5,8.12,-22.37,True
1.01,0.015,0.97,0.2,0.3,0.75,0.25,8.03,-21.24,True
1.01,0.015,0.97,0.2,0.3,1.0,0.0,7.9,-20.11,True
1.01,0.015,0.97,0.3,0.0,0.0,1.0,7.76,-29.06,True
1.01,0.015,0.97,0.3,0.0,0.25,0.75,7.74,-26.18,True
1.01,0.015,0.97,0.3,0.0,0.5,0.5,7.66,-23.23,True
1.01,0.015,0.97,0.3,0.0,0.75,0.25,7.54,-20.23,True
1.01,0.015,0.97,0.3,0.0,1.0,0.0,7.36,-17.15,True
1.01,0.015,0.97,0.3,0.1,0.0,1.0,7.74,-25.68,True
1.01,0.015,0.97,0.3,0.1,0.25,0.75,7.75,-23.1,True
1.01,0.015,0.97,0.3,0.1,0.5,0.5,7.71,-20.45,True
1.01,0.015,0.97,0.3,0.1,0.75,0.25,7.63,-17.74,True
1.01,0.015,0.97,0.3,0.1,1.0,0.0,7.49,-14.97,True
1.01,0.015,0.97,0.3,0.2,0.0,1.0,7.68,-24.38,True
1.01,0.015,0.97,0.3,0.2,0.25,0.75,7.73,-22.95,True
1.01,0.015,0.97,0.3,0.2,0.5,0.5,7.73,-21.52,True
1.01,0.015,0.97,0.3,0.2,0.75,0.25,7.69,-20.09,True
1.01,0.015,0.97,0.3,0.2,1.0,0.0,7.6,-18.66,True
1.01,0.015,0.97,0.3,0.3,0.0,1.0,7.59,-28.34,True
1.01,0.015,0.97,0.3,0.3,0.25,0.75,7.67,-26.9,True
1.01,0.015,0.97,0.3,0.3,0.5,0.5,7.71,-25.45,True
1.01,0.015,0.97,0.3,0.3,0.75,0.25,7.71,-24.01,True
1.01,0.015,0.97,0.3,0.3,1.0,0.0,7.67,-22.56,True
1.01,0.015,0.97,0.4,0.0,0.0,1.0,7.43,-29.29,True
1.01,0.015,0.97,0.4,0.0,0.25,0.75,7.46,-26.43,True
1.01,0.015,0.97,0.4,0.0,0.5,0.5,7.44,-23.48,True
1.01,0.015,0.97,0.4,0.0,0.75,0.25,7.36,-20.46,True
1.01,0.015,0.97,0.4,0.0,1.0,0.0,7.23,-17.35,True
1.01,0.015,0.97,0.4,0.1,0.0,1.0,7.34,-25.33,True
1.01,0.015,0.97,0.4,0.1,0.25,0.75,7.41,-22.76,True
1.01,0.015,0.97,0.4,0.1,0.5,0.5,7.44,-20.13,True
1.01,0.015,0.97,0.4,0.1,0.75,0.25,7.41,-18.45,True
1.01,0.015,0.97,0.4,0.1,1.0,0.0,7.33,-16.77,True
1.01,0.015,0.97,0.4,0.2,0.0,1.0,7.32,-28.15,True
1.01,0.015,0.97,0.4,0.2,0.25,0.75,7.42,-26.42,True
1.01,0.015,0.97,0.4,0.2,0.5,0.5,7.47,-24.68,True
1.01,0.015,0.97,0.4,0.2,0.75,0.25,7.48,-22.93,True
1.01,0.015,0.97,0.4,0.2,1.0,0.0,7.44,-21.16,True
1.01,0.015,0.97,0.4,0.3,0.0,1.0,7.43,-32.0,True
1.01,0.015,0.97,0.4,0.3,0.25,0.75,7.53,-30.26,True
1.01,0.015,0.97,0.4,0.3,0.5,0.5,7.6,-28.52,True
1.01,0.015,0.97,0.4,0.3,0.75,0.25,7.62,-26.76,True
1.01,0.015,0.97,0.4,0.3,1.0,0.0,7.61,-24.99,True
1.01,0.015,0.99,0.1,0.0,0.0,1.0,5.39,-26.91,True
1.01,0.015,0.99,0.1,0.0,0.25,0.75,5.3,-24.74,True
1.01,0.015,0.99,0.1,0.0,0.5,0.5,5.18,-22.54,True
1.01,0.015,0.99,0.1,0.0,0.75,0.25,5.03,-20.29,True
1.01,0.015,0.99,0.1,0.0,1.0,0.0,4.86,-18.0,True
1.01,0.015,0.99,0.1,0.1,0.0,1.0,6.6,-26.19,True
1.01,0.015,0.99,0.1,0.1,0.25,0.75,6.47,-24.02,True
1.01,0.015,0.99,0.1,0.1,0.5,0.5,6.32,-21.82,True
1.01,0.015,0.99,0.1,0.1,0.75,0.25,6.16,-19.57,True
1.01,0.015,0.99,0.1,0.1,1.0,0.0,5.97,-17.29,True
1.01,0.015,0.99,0.1,0.2,0.0,1.0,7.32,-24.48,True
1.01,0.015,0.99,0.1,0.2,0.25,0.75,7.23,-22.42,True
1.01,0.015,0.99,0.1,0.2,0.5,0.5,7.1,-20.32,True
1.01,0.015,0.99,0.1,0.2,0.75,0.25,6.95,-18.18,True
1.01,0.015,0.99,0.1,0.2,1.0,0.0,6.77,-15.99,True
1.01,0.015,0.99,0.1,0.3,0.0,1.0,7.83,-21.25,True
1.01,0.015,0.99,0.1,0.3,0.25,0.75,7.74,-20.44,True
1.01,0.015,0.99,0.1,0.3,0.5,0.5,7.62,-19.63,True
1.01,0.015,0.99,0.1,0.3,0.75,0.25,7.48,-18.84,True
1.01,0.015,0.99,0.1,0.3,1.0,0.0,7.32,-18.06,True
1.01,0.015,0.99,0.2,0.0,0.0,1.0,7.15,-36.62,True
1.01,0.015,0.99,0.2,0.0,0.25,0.75,7.08,-33.73,True
1.01,0.015,0.99,0.2,0.0,0.5,0.5,6.95,-30.75,True
1.01,0.015,0.99,0.2,0.0,0.75,0.25,6.77,-27.7,True
1.01,0.015,0.99,0.2,0.0,1.0,0.0,6.54,-24.56,True
1.01,0.015,0.99,0.2,0.1,0.0,1.0,7.3,-32.32,True
1.01,0.015,0.99,0.2,0.1,0.25,0.75,7.24,-29.71,True
1.01,0.015,0.99,0.2,0.1,0.5,0.5,7.13,-27.03,True
1.01,0.015,0.99,0.2,0.1,0.75,0.25,6.99,-24.27,True
1.01,0.015,0.99,0.2,0.1,1.0,0.0,6.8,-21.44,True
1.01,0.015,0.99,0.2,0.2,0.0,1.0,7.73,-28.19,True
1.01,0.015,0.99,0.2,0.2,0.25,0.75,7.66,-25.86,True
1.01,0.015,0.99,0.2,0.2,0.5,0.5,7.55,-23.47,True
1.01,0.015,0.99,0.2,0.2,0.75,0.25,7.41,-21.0,True
1.01,0.015,0.99,0.2,0.2,1.0,0.0,7.23,-18.46,True
1.01,0.015,0.99,0.2,0.3,0.0,1.0,7.58,-24.26,True
1.01,0.015,0.99,0.2,0.3,0.25,0.75,7.61,-22.47,True
1.01,0.015,0.99,0.2,0.3,0.5,0.5,7.59,-21.47,True
1.01,0.015,0.99,0.2,0.3,0.75,0.25,7.53,-20.48,True
1.01,0.015,0.99,0.2,0.3,1.0,0.0,7.43,-19.49,True
1.01,0.015,0.99,0.3,0.0,0.0,1.0,7.17,-39.21,True
1.01,0.015,0.99,0.3,0.0,0.25,0.75,7.13,-36.16,True
1.01,0.015,0.99,0.3,0.0,0.5,0.5,7.04,-33.01,True
1.01,0.015,0.99,0.3,0.0,0.75,0.25,6.9,-29.76,True
1.01,0.015,0.99,0.3,0.0,1.0,0.0,6.69,-26.4,True
1.01,0.015,0.99,0.3,0.1,0.0,1.0,7.28,-34.44,True
1.01,0.015,0.99,0.3,0.1,0.25,0.75,7.28,-31.74,True
1.01,0.015,0.99,0.3,0.1,0.5,0.5,7.24,-28.94,True
1.01,0.015,0.99,0.3,0.1,0.75,0.25,7.13,-26.04,True
1.01,0.015,0.99,0.3,0.1,1.0,0.0,6.98,-23.04,True
1.01,0.015,0.99,0.3,0.2,0.0,1.0,7.06,-29.35,True
1.01,0.015,0.99,0.3,0.2,0.25,0.75,7.15,-26.98,True
1.01,0.015,0.99,0.3,0.2,0.5,0.5,7.17,-24.52,True
1.01,0.015,0.99,0.3,0.2,0.75,0.25,7.13,-21.97,True
1.01,0.015,0.99,0.3,0.2,1.0,0.0,7.05,-19.33,True
1.01,0.015,0.99,0.3,0.3,0.0,1.0,6.82,-25.07,True
1.01,0.015,0.99,0.3,0.3,0.25,0.75,6.96,-23.9,True
1.01,0.015,0.99,0.3,0.3,0.5,0.5,7.06,-22.74,True
1.01,0.015,0.99,0.3,0.3,0.75,0.25,7.1,-21.59,True
1.01,0.015,0.99,0.3,0.3,1.0,0.0,7.11,-20.44,True
1.01,0.015,0.99,0.4,0.0,0.0,1.0,6.92,-39.41,True
1.01,0.015,0.99,0.4,0.0,0.25,0.75,6.93,-36.38,True
1.01,0.015,0.99,0.4,0.0,0.5,0.5,6.89,-33.23,True
1.01,0.015,0.99,0.4,0.0,0.75,0.25,6.79,-29.96,True
1.01,0.015,0.99,0.4,0.0,1.0,0.0,6.63,-26.58,True
1.01,0.015,0.99,0.4,0.1,0.0,1.0,6.59,-34.18,True
1.01,0.015,0.99,0.4,0.1,0.25,0.75,6.7,-31.48,True
1.01,0.015,0.99,0.4,0.1,0.5,0.5,6.76,-28.68,True
1.01,0.015,0.99,0.4,0.1,0.75,0.25,6.75,-25.77,True
1.01,0.015,0.99,0.4,0.1,1.0,0.0,6.67,-22.75,True
1.01,0.015,0.99,0.4,0.2,0.0,1.0,6.46,-29.03,True
1.01,0.015,0.99,0.4,0.2,0.25,0.75,6.61,-26.67,True
1.01,0.015,0.99,0.4,0.2,0.5,0.5,6.72,-24.21,True
1.01,0.015,0.99,0.4,0.2,0.75,0.25,6.77,-21.65,True
1.01,0.015,0.99,0.4,0.2,1.0,0.0,6.76,-19.04,True
1.01,0.015,0.99,0.4,0.3,0.0,1.0,6.38,-27.0,True
1.01,0.015,0.99,0.4,0.3,0.25,0.75,6.58,-25.67,True
1.01,0.015,0.99,0.4,0.3,0.5,0.5,6.72,-24.35,True
1.01,0.015,0.99,0.4,0.3,0.75,0.25,6.83,-23.02,True
1.01,0.015,0.99,0.4,0.3,1.0,0.0,6.88,-21.65,True
1.01,0.015,1.0,0.1,0.0,0.0,1.0,1.21,-23.54,True
1.01,0.015,1.0,0.1,0.0,0.25,0.75,1.4,-21.24,True
1.01,0.015,1.0,0.1,0.0,0.5,0.5,1.57,-18.89,True
1.01,0.015,1.0,0.1,0.0,0.75,0.25,1.73,-16.5,True
1.01,0.015,1.0,0.1,0.0,1.0,0.0,1.88,-14.06,True
1.01,0.015,1.0,0.1,0.1,0.0,1.0,3.3,-20.08,True
1.01,0.015,1.0,0.1,0.1,0.25,0.75,3.41,-17.91,True
1.01,0.015,1.0,0.1,0.1,0.5,0.5,3.51,-15.69,True
1.01,0.015,1.0,0.1,0.1,0.75,0.25,3.61,-13.53,True
1.01,0.015,1.0,0.1,0.1,1.0,0.0,3.69,-11.83,True
1.01,0.015,1.0,0.1,0.2,0.0,1.0,4.58,-17.34,True
1.01,0.015,1.0,0.1,0.2,0.25,0.75,4.66,-15.76,True
1.01,0.015,1.0,0.1,0.2,0.5,0.5,4.73,-14.15,True
1.01,0.015,1.0,0.1,0.2,0.75,0.25,4.8,-12.64,True
1.01,0.015,1.0,0.1,0.2,1.0,0.0,4.85,-12.17,True
1.01,0.015,1.0,0.1,0.3,0.0,1.0,5.51,-19.0,True
1.01,0.015,1.0,0.1,0.3,0.25,0.75,5.57,-18.43,True
1.01,0.015,1.0,0.1,0.3,0.5,0.5,5.62,-17.86,True
1.01,0.015,1.0,0.1,0.3,0.75,0.25,5.67,-17.29,True
1.01,0.015,1.0,0.1,0.3,1.0,0.0,5.71,-16.73,True
1.01,0.015,1.0,0.2,0.0,0.0,1.0,2.76,-28.75,True
1.01,0.015,1.0,0.2,0.0,0.25,0.75,2.94,-26.3,True
1.01,0.015,1.0,0.2,0.0,0.5,0.5,3.1,-23.81,True
1.01,0.015,1.0,0.2,0.0,0.75,0.25,3.23,-21.27,True
1.01,0.015,1.0,0.2,0.0,1.0,0.0,3.33,-18.69,True
1.01,0.015,1.0,0.2,0.1,0.0,1.0,3.82,-25.26,True
1.01,0.015,1.0,0.2,0.1,0.25,0.75,3.97,-23.06,True
1.01,0.015,1.0,0.2,0.1,0.5,0.5,4.1,-20.82,True
1.01,0.015,1.0,0.2,0.1,0.75,0.25,4.22,-18.54,True
1.01,0.015,1.0,0.2,0.1,1.0,0.0,4.31,-16.22,True
1.01,0.015,1.0,0.2,0.2,0.0,1.0,4.65,-21.63,True
1.01,0.015,1.0,0.2,0.2,0.25,0.75,4.79,-19.7,True
1.01,0.015,1.0,0.2,0.2,0.5,0.5,4.91,-17.74,True
1.01,0.015,1.0,0.2,0.2,0.75,0.25,5.01,-15.73,True
1.01,0.015,1.0,0.2,0.2,1.0,0.0,5.1,-13.68,True
1.01,0.015,1.0,0.2,0.3,0.0,1.0,5.26,-20.56,True
1.01,0.015,1.0,0.2,0.3,0.25,0.75,5.4,-19.89,True
1.01,0.015,1.0,0.2,0.3,0.5,0.5,5.52,-19.22,True
1.01,0.015,1.0,0.2,0.3,0.75,0.25,5.63,-18.55,True
1.01,0.015,1.0,0.2,0.3,1.0,0.0,5.72,-17.89,True
1.01,0.015,1.0,0.3,0.0,0.0,1.0,2.66,-30.97,True
1.01,0.015,1.0,0.3,0.0,0.25,0.75,2.9,-28.33,True
1.01,0.015,1.0,0.3,0.0,0.5,0.5,3.1,-25.64,True
1.01,0.015,1.0,0.3,0.0,0.75,0.25,3.28,-22.89,True
1.01,0.015,1.0,0.3,0.0,1.0,0.0,3.42,-20.1,True
1.01,0.015,1.0,0.3,0.1,0.0,1.0,3.53,-26.4,True
1.01,0.015,1.0,0.3,0.1,0.25,0.75,3.75,-24.13,True
1.01,0.015,1.0,0.3,0.1,0.5,0.5,3.95,-21.8,True
1.01,0.015,1.0,0.3,0.1,0.75,0.25,4.11,-19.41,True
1.01,0.015,1.0,0.3,0.1,1.0,0.0,4.25,-16.98,True
1.01,0.015,1.0,0.3,0.2,0.0,1.0,4.11,-21.89,True
1.01,0.015,1.0,0.3,0.2,0.25,0.75,4.32,-19.96,True
1.01,0.015,1.0,0.3,0.2,0.5,0.5,4.52,-17.98,True
1.01,0.015,1.0,0.3,0.2,0.75,0.25,4.69,-15.95,True
1.01,0.015,1.0,0.3,0.2,1.0,0.0,4.84,-14.42,True
1.01,0.015,1.0,0.3,0.3,0.0,1.0,4.72,-21.56,True
1.01,0.015,1.0,0.3,0.3,0.25,0.75,4.9,-20.81,True
1.01,0.015,1.0,0.3,0.3,0.5,0.5,5.08,-20.06,True
1.01,0.015,1.0,0.3,0.3,0.75,0.25,5.24,-19.31,True
1.01,0.015,1.0,0.3,0.3,1.0,0.0,5.39,-18.58,True
1.01,0.015,1.0,0.4,0.0,0.0,1.0,2.03,-31.13,True
1.01,0.015,1.0,0.4,0.0,0.25,0.75,2.35,-28.48,True
1.01,0.015,1.0,0.4,0.0,0.5,0.5,2.63,-25.76,True
1.01,0.015,1.0,0.4,0.0,0.75,0.25,2.88,-23.15,True
1.01,0.015,1.0,0.4,0.0,1.0,0.0,3.09,-20.85,True
1.01,0.015,1.0,0.4,0.1,0.0,1.0,2.8,-26.32,True
1.01,0.015,1.0,0.4,0.1,0.25,0.75,3.09,-24.04,True
1.01,0.015,1.0,0.4,0.1,0.5,0.5,3.36,-21.71,True
1.01,0.015,1.0,0.4,0.1,0.75,0.25,3.6,-19.32,True
1.01,0.015,1.0,0.4,0.1,1.0,0.0,3.81,-17.19,True
1.01,0.015,1.0,0.4,0.2,0.0,1.0,3.66,-21.71,True
1.01,0.015,1.0,0.4,0.2,0.25,0.75,3.89,-19.79,True
1.01,0.015,1.0,0.4,0.2,0.5,0.5,4.12,-17.82,True
1.01,0.015,1.0,0.4,0.2,0.75,0.25,4.33,-16.14,True
1.01,0.015,1.0,0.4,0.2,1.0,0.0,4.51,-15.3,True
1.01,0.015,1.0,0.4,0.3,0.0,1.0,4.43,-22.81,True
1.01,0.015,1.0,0.4,0.3,0.25,0.75,4.61,-21.98,True
1.01,0.015,1.0,0.4,0.3,0.5,0.5,4.79,-21.16,True
1.01,0.015,1.0,0.4,0.3,0.75,0.25,4.97,-20.34,True
1.01,0.015,1.0,0.4,0.3,1.0,0.0,5.14,-19.48,True
1.01,0.02,0.95,0.1,0.0,0.0,1.0,2.49,-25.01,True
1.01,0.02,0.95,0.1,0.0,0.25,0.75,2.58,-22.73,True
1.01,0.02,0.95,0.1,0.0,0.5,0.5,2.66,-20.29,True
1.01,0.02,0.95,0.1,0.0,0.75,0.25,2.72,-17.73,True
1.01,0.02,0.95,0.1,0.0,1.0,0.0,2.77,-15.7,True
1.01,0.02,0.95,0.1,0.1,0.0,1.0,4.15,-24.67,True
1.01,0.02,0.95,0.1,0.1,0.25,0.75,4.22,-22.62,True
1.01,0.02,0.95,0.1,0.1,0.5,0.5,4.27,-20.57,True
1.01,0.02,0.95,0.1,0.1,0.75,0.25,4.3,-18.52,True
1.01,0.02,0.95,0.1,0.1,1.0,0.0,4.32,-16.48,True
1.01,0.02,0.95,0.1,0.2,0.0,1.0,5.45,-23.98,True
1.01,0.02,0.95,0.1,0.2,0.25,0.75,5.49,-22.07,True
1.01,0.02,0.95,0.1,0.2,0.5,0.5,5.52,-20.15,True
1.01,0.02,0.95,0.1,0.2,0.75,0.25,5.53,-18.45,True
1.01,0.02,0.95,0.1,0.2,1.0,0.0,5.53,-17.11,True
1.01,0.02,0.95,0.1,0.3,0.0,1.0,6.49,-21.94,True
1.01,0.02,0.95,0.1,0.3,0.25,0.75,6.5,-20.97,True
1.01,0.02,0.95,0.1,0.3,0.5,0.5,6.5,-19.94,True
1.01,0.02,0.95,0.1,0.3,0.75,0.25,6.49,-18.84,True
1.01,0.02,0.95,0.1,0.3,1.0,0.0,6.47,-17.67,True
1.01,0.02,0.95,0.2,0.0,0.0,1.0,6.24,-28.03,True
1.01,0.02,0.95,0.2,0.0,0.25,0.75,6.23,-25.5,True
1.01,0.02,0.95,0.2,0.0,0.5,0.5,6.18,-22.96,True
1.01,0.02,0.95,0.2,0.0,0.75,0.25,6.09,-20.42,True
1.01,0.02,0.95,0.2,0.0,1.0,0.0,5.96,-17.89,True
1.01,0.02,0.95,0.2,0.1,0.0,1.0,7.37,-25.61,True
1.01,0.02,0.95,0.2,0.1,0.25,0.75,7.32,-23.35,True
1.01,0.02,0.95,0.2,0.1,0.5,0.5,7.24,-21.08,True
1.01,0.02,0.95,0.2,0.1,0.75,0.25,7.12,-18.81,True
1.01,0.02,0.95,0.2,0.1,1.0,0.0,6.96,-16.54,True
1.01,0.02,0.95,0.2,0.2,0.0,1.0,8.17,-23.41,True
1.01,0.02,0.95,0.2,0.2,0.25,0.75,8.08,-21.38,True
1.01,0.02,0.95,0.2,0.2,0.5,0.5,7.97,-19.52,True
1.01,0.02,0.95,0.2,0.2,0.75,0.25,7.82,-18.04,True
1.01,0.02,0.95,0.2,0.2,1.0,0.0,7.65,-16.4,True
1.01,0.02,0.95,0.2,0.3,0.0,1.0,8.7,-22.03,True
1.01,0.02,0.95,0.2,0.3,0.25,0.75,8.6,-20.91,True
1.01,0.02,0.95,0.2,0.3,0.5,0.5,8.47,-19.69,True
1.01,0.02,0.95,0.2,0.3,0.75,0.25,8.32,-18.36,True
1.01,0.02,0.95,0.2,0.3,1.0,0.0,8.14,-16.93,True
1.01,0.02,0.95,0.3,0.0,0.0,1.0,8.39,-27.37,True
1.01,0.02,0.95,0.3,0.0,0.25,0.75,8.29,-24.84,True
1.01,0.02,0.95,0.3,0.0,0.5,0.5,8.15,-22.31,True
1.01,0.02,0.95,0.3,0.0,0.75,0.25,7.95,-19.78,True
1.01,0.02,0.95,0.3,0.0,1.0,0.0,7.71,-17.26,True
1.01,0.02,0.95,0.3,0.1,0.0,1.0,8.84,-24.91,True
1.01,0.02,0.95,0.3,0.1,0.25,0.75,8.73,-22.65,True
1.01,0.02,0.95,0.3,0.1,0.5,0.5,8.57,-20.38,True
1.01,0.02,0.95,0.3,0.1,0.75,0.25,8.38,-18.12,True
1.01,0.02,0.95,0.3,0.1,1.0,0.0,8.14,-15.85,True
1.01,0.02,0.95,0.3,0.2,0.0,1.0,9.01,-22.23,True
1.01,0.02,0.95,0.3,0.2,0.25,0.75,8.89,-20.84,True
1.01,0.02,0.95,0.3,0.2,0.5,0.5,8.75,-19.47,True
1.01,0.02,0.95,0.3,0.2,0.75,0.25,8.56,-17.94,True
1.01,0.02,0.95,0.3,0.2,1.0,0.0,8.35,-16.24,True
1.01,0.02,0.95,0.3,0.3,0.0,1.0,9.17,-22.04,True
1.01,0.02,0.95,0.3,0.3,0.25,0.75,9.06,-20.9,True
1.01,0.02,0.95,0.3,0.3,0.5,0.5,8.92,-19.64,True
1.01,0.02,0.95,0.3,0.3,0.75,0.25,8.76,-18.27,True
1.01,0.02,0.95,0.3,0.3,1.0,0.0,8.56,-16.77,True
1.01,0.02,0.95,0.4,0.0,0.0,1.0,8.92,-25.9,True
1.01,0.02,0.95,0.4,0.0,0.25,0.75,8.82,-23.45,True
1.01,0.02,0.95,0.4,0.0,0.5,0.5,8.67,-20.99,True
1.01,0.02,0.95,0.4,0.0,0.75,0.25,8.47,-18.54,True
1.01,0.02,0.95,0.4,0.0,1.0,0.0,8.21,-16.09,True
1.01,0.02,0.95,0.4,0.1,0.0,1.0,9.09,-23.2,True
1.01,0.02,0.95,0.4,0.1,0.25,0.75,8.99,-21.04,True
1.01,0.02,0.95,0.4,0.1,0.5,0.5,8.85,-19.29,True
1.01,0.02,0.95,0.4,0.1,0.75,0.25,8.66,-17.59,True
1.01,0.02,0.95,0.4,0.1,1.0,0.0,8.42,-15.65,True
1.01,0.02,0.95,0.4,0.2,0.0,1.0,9.16,-22.09,True
1.01,0.02,0.95,0.4,0.2,0.25,0.75,9.08,-20.84,True
1.01,0.02,0.95,0.4,0.2,0.5,0.5,8.96,-19.46,True
1.01,0.02,0.95,0.4,0.2,0.75,0.25,8.79,-17.91,True
1.01,0.02,0.95,0.4,0.2,1.0,0.0,8.58,-16.17,True
1.01,0.02,0.95,0.4,0.3,0.0,1.0,8.93,-22.53,True
1.01,0.02,0.95,0.4,0.3,0.25,0.75,8.88,-21.5,True
1.01,0.02,0.95,0.4,0.3,0.5,0.5,8.8,-20.47,True
1.01,0.02,0.95,0.4,0.3,0.75,0.25,8.68,-19.44,True
1.01,0.02,0.95,0.4,0.3,1.0,0.0,8.52,-18.41,True
1.01,0.02,0.97,0.1,0.0,0.0,1.0,2.19,-20.84,True
1.01,0.02,0.97,0.1,0.0,0.25,0.75,2.23,-18.78,True
1.01,0.02,0.97,0.1,0.0,0.5,0.5,2.26,-16.57,True
1.01,0.02,0.97,0.1,0.0,0.75,0.25,2.27,-14.2,True
1.01,0.02,0.97,0.1,0.0,1.0,0.0,2.28,-11.63,True
1.01,0.02,0.97,0.1,0.1,0.0,1.0,4.07,-16.92,True
1.01,0.02,0.97,0.1,0.1,0.25,0.75,4.07,-14.91,True
1.01,0.02,0.97,0.1,0.1,0.5,0.5,4.05,-12.9,True
1.01,0.02,0.97,0.1,0.1,0.75,0.25,4.03,-10.87,True
1.01,0.02,0.97,0.1,0.1,1.0,0.0,4.0,-8.85,True
1.01,0.02,0.97,0.1,0.2,0.0,1.0,5.54,-14.54,True
1.01,0.02,0.97,0.1,0.2,0.25,0.75,5.51,-13.26,True
1.01,0.02,0.97,0.1,0.2,0.5,0.5,5.46,-12.85,True
1.01,0.02,0.97,0.1,0.2,0.75,0.25,5.4,-12.44,True
1.01,0.02,0.97,0.1,0.2,1.0,0.0,5.33,-12.03,True
1.01,0.02,0.97,0.1,0.3,0.0,1.0,6.66,-18.14,True
1.01,0.02,0.97,0.1,0.3,0.25,0.75,6.61,-17.67,True
1.01,0.02,0.97,0.1,0.3,0.5,0.5,6.54,-17.2,True
1.01,0.02,0.97,0.1,0.3,0.75,0.25,6.47,-16.74,True
1.01,0.02,0.97,0.1,0.3,1.0,0.0,6.38,-16.28,True
1.01,0.02,0.97,0.2,0.0,0.0,1.0,5.72,-21.04,True
1.01,0.02,0.97,0.2,0.0,0.25,0.75,5.62,-18.86,True
1.01,0.02,0.97,0.2,0.0,0.5,0.5,5.5,-16.68,True
1.01,0.02,0.97,0.2,0.0,0.75,0.25,5.34,-14.28,True
1.01,0.02,0.97,0.2,0.0,1.0,0.0,5.15,-11.79,True
1.01,0.02,0.97,0.2,0.1,0.0,1.0,6.92,-17.67,True
1.01,0.02,0.97,0.2,0.1,0.25,0.75,6.8,-15.46,True
1.01,0.02,0.97,0.2,0.1,0.5,0.5,6.66,-13.22,True
1.01,0.02,0.97,0.2,0.1,0.75,0.25,6.49,-10.95,True
1.01,0.02,0.97,0.2,0.1,1.0,0.0,6.29,-9.52,True
1.01,0.02,0.97,0.2,0.2,0.0,1.0,7.39,-17.57,True
1.01,0.02,0.97,0.2,0.2,0.25,0.75,7.29,-16.79,True
1.01,0.02,0.97,0.2,0.2,0.5,0.5,7.17,-16.02,True
1.01,0.02,0.97,0.2,0.2,0.75,0.25,7.02,-15.26,True
1.01,0.02,0.97,0.2,0.2,1.0,0.0,6.85,-14.51,True
1.01,0.02,0.97,0.2,0.3,0.0,1.0,7.79,-22.06,True
1.01,0.02,0.97,0.2,0.3,0.25,0.75,7.69,-21.24,True
1.01,0.02,0.97,0.2,0.3,0.5,0.5,7.57,-20.44,True
1.01,0.02,0.97,0.2,0.3,0.75,0.25,7.43,-19.63,True
1.01,0.02,0.97,0.2,0.3,1.0,0.0,7.27,-18.83,True
1.01,0.02,0.97,0.3,0.0,0.0,1.0,6.84,-20.84,True
1.01,0.02,0.97,0.3,0.0,0.25,0.75,6.73,-18.88,True
1.01,0.02,0.97,0.3,0.0,0.5,0.5,6.59,-16.71,True
1.01,0.02,0.97,0.3,0.0,0.75,0.25,6.4,-14.31,True
1.01,0.02,0.97,0.3,0.0,1.0,0.0,6.17,-11.9,True
1.01,0.02,0.97,0.3,0.1,0.0,1.0,7.34,-17.28,True
1.01,0.02,0.97,0.3,0.1,0.25,0.75,7.22,-15.05,True
1.01,0.02,0.97,0.3,0.1,0.5,0.5,7.08,-13.38,True
1.01,0.02,0.97,0.3,0.1,0.75,0.25,6.91,-12.44,True
1.01,0.02,0.97,0.3,0.1,1.0,0.0,6.7,-11.52,True
1.01,0.02,0.97,0.3,0.2,0.0,1.0,7.81,-20.68,True
1.01,0.02,0.97,0.3,0.2,0.25,0.75,7.69,-19.62,True
1.01,0.02,0.97,0.3,0.2,0.5,0.5,7.55,-18.58,True
1.01,0.02,0.97,0.3,0.2,0.75,0.25,7.38,-17.54,True
1.01,0.02,0.97,0.3,0.2,1.0,0.0,7.18,-16.51,True
1.01,0.02,0.97,0.3,0.3,0.0,1.0,7.92,-25.05,True
1.01,0.02,0.97,0.3,0.3,0.25,0.75,7.87,-23.97,True
1.01,0.02,0.97,0.3,0.3,0.5,0.5,7.79,-22.89,True
1.01,0.02,0.97,0.3,0.3,0.75,0.25,7.67,-21.82,True
1.01,0.02,0.97,0.3,0.3,1.0,0.0,7.53,-20.75,True
1.01,0.02,0.97,0.4,0.0,0.0,1.0,7.11,-20.84,True
1.01,0.02,0.97,0.4,0.0,0.25,0.75,7.02,-18.87,True
1.01,0.02,0.97,0.4,0.0,0.5,0.5,6.89,-16.7,True
1.01,0.02,0.97,0.4,0.0,0.75,0.25,6.71,-14.3,True
1.01,0.02,0.97,0.4,0.0,1.0,0.0,6.48,-11.63,True
1.01,0.02,0.97,0.4,0.1,0.0,1.0,7.61,-18.25,True
1.01,0.02,0.97,0.4,0.1,0.25,0.75,7.52,-17.03,True
1.01,0.02,0.97,0.4,0.1,0.5,0.5,7.39,-15.82,True
1.01,0.02,0.97,0.4,0.1,0.75,0.25,7.22,-14.62,True
1.01,0.02,0.97,0.4,0.1,1.0,0.0,7.01,-13.43,True
1.01,0.02,0.97,0.4,0.2,0.0,1.0,7.63,-23.56,True
1.01,0.02,0.97,0.4,0.2,0.25,0.75,7.6,-22.24,True
1.01,0.02,0.97,0.4,0.2,0.5,0.5,7.53,-20.94,True
1.01,0.02,0.97,0.4,0.2,0.75,0.25,7.41,-19.64,True
1.01,0.02,0.97,0.4,0.2,1.0,0.0,7.27,-18.35,True
1.01,0.02,0.97,0.4,0.3,0.0,1.0,7.73,-27.46,True
1.01,0.02,0.97,0.4,0.3,0.25,0.75,7.72,-26.16,True
1.01,0.02,0.97,0.4,0.3,0.5,0.5,7.68,-24.87,True
1.01,0.02,0.97,0.4,0.3,0.75,0.25,7.6,-23.58,True
1.01,0.02,0.97,0.4,0.3,1.0,0.0,7.49,-22.29,True
1.01,0.02,0.99,0.1,0.0,0.0,1.0,3.48,-17.21,True
1.01,0.02,0.99,0.1,0.0,0.25,0.75,3.38,-15.52,True
1.01,0.02,0.99,0.1,0.0,0.5,0.5,3.27,-13.89,True
1.01,0.02,0.99,0.1,0.0,0.75,0.25,3.15,-12.26,True
1.01,0.02,0.99,0.1,0.0,1.0,0.0,3.02,-10.62,True
1.01,0.02,0.99,0.1,0.1,0.0,1.0,5.02,-15.77,True
1.01,0.02,0.99,0.1,0.1,0.25,0.75,4.91,-14.11,True
1.01,0.02,0.99,0.1,0.1,0.5,0.5,4.79,-12.45,True
1.01,0.02,0.99,0.1,0.1,0.75,0.25,4.66,-10.79,True
1.01,0.02,0.99,0.1,0.1,1.0,0.0,4.53,-9.11,True
1.01,0.02,0.99,0.1,0.2,0.0,1.0,6.27,-13.43,True
1.01,0.02,0.99,0.1,0.2,0.25,0.75,6.16,-12.05,True
1.01,0.02,0.99,0.1,0.2,0.5,0.5,6.04,-10.95,True
1.01,0.02,0.99,0.1,0.2,0.75,0.25,5.91,-10.46,True
1.01,0.02,0.99,0.1,0.2,1.0,0.0,5.76,-10.28,True
1.01,0.02,0.99,0.1,0.3,0.0,1.0,7.34,-15.31,True
1.01,0.02,0.99,0.1,0.3,0.25,0.75,7.2,-15.09,True
1.01,0.02,0.99,0.1,0.3,0.5,0.5,7.05,-14.87,True
1.01,0.02,0.99,0.1,0.3,0.75,0.25,6.89,-14.66,True
1.01,0.02,0.99,0.1,0.3,1.0,0.0,6.72,-14.44,True
1.01,0.02,0.99,0.2,0.0,0.0,1.0,7.17,-19.68,True
1.01,0.02,0.99,0.2,0.0,0.25,0.75,6.9,-17.71,True
1.01,0.02,0.99,0.2,0.0,0.5,0.5,6.6,-15.73,True
1.01,0.02,0.99,0.2,0.0,0.75,0.25,6.27,-13.71,True
1.01,0.02,0.99,0.2,0.0,1.0,0.0,5.92,-11.68,True
1.01,0.02,0.99,0.2,0.1,0.0,1.0,8.03,-16.42,True
1.01,0.02,0.99,0.2,0.1,0.25,0.75,7.77,-14.59,True
1.01,0.02,0.99,0.2,0.1,0.5,0.5,7.49,-12.73,True
1.01,0.02,0.99,0.2,0.1,0.75,0.25,7.18,-10.85,True
1.01,0.02,0.99,0.2,0.1,1.0,0.0,6.85,-8.95,True
1.01,0.02,0.99,0.2,0.2,0.0,1.0,8.37,-13.1,True
1.01,0.02,0.99,0.2,0.2,0.25,0.75,8.14,-12.73,True
1.01,0.02,0.99,0.2,0.2,0.5,0.5,7.88,-12.36,True
1.01,0.02,0.99,0.2,0.2,0.75,0.25,7.61,-11.99,True
1.01,0.02,0.99,0.2,0.2,1.0,0.0,7.31,-11.64,True
1.01,0.02,0.99,0.2,0.3,0.0,1.0,8.46,-17.73,True
1.01,0.02,0.99,0.2,0.3,0.25,0.75,8.28,-17.3,True
1.01,0.02,0.99,0.2,0.3,0.5,0.5,8.08,-16.87,True
1.01,0.02,0.99,0.2,0.3,0.75,0.25,7.86,-16.44,True
1.01,0.02,0.99,0.2,0.3,1.0,0.0,7.62,-16.02,True
1.01,0.02,0.99,0.3,0.0,0.0,1.0,8.16,-19.55,True
1.01,0.02,0.99,0.3,0.0,0.25,0.75,7.88,-17.77,True
1.01,0.02,0.99,0.3,0.0,0.5,0.5,7.57,-15.82,True
1.01,0.02,0.99,0.3,0.0,0.75,0.25,7.22,-13.68,True
1.01,0.02,0.99,0.3,0.0,1.0,0.0,6.82,-11.32,True
1.01,0.02,0.99,0.3,0.1,0.0,1.0,8.25,-16.02,True
1.01,0.02,0.99,0.3,0.1,0.25,0.75,8.02,-14.16,True
1.01,0.02,0.99,0.3,0.1,0.5,0.5,7.75,-12.49,True
1.01,0.02,0.99,0.3,0.1,0.75,0.25,7.45,-11.16,True
1.01,0.02,0.99,0.3,0.1,1.0,0.0,7.12,-9.83,True
1.01,0.02,0.99,0.3,0.2,0.0,1.0,8.21,-14.78,True
1.01,0.02,0.99,0.3,0.2,0.25,0.75,8.03,-14.24,True
1.01,0.02,0.99,0.3,0.2,0.5,0.5,7.82,-13.71,True
1.01,0.02,0.99,0.3,0.2,0.75,0.25,7.58,-13.19,True
1.01,0.02,0.99,0.3,0.2,1.0,0.0,7.31,-12.68,True
1.01,0.02,0.99,0.3,0.3,0.0,1.0,8.07,-19.67,True
1.01,0.02,0.99,0.3,0.3,0.25,0.75,7.96,-19.06,True
1.01,0.02,0.99,0.3,0.3,0.5,0.5,7.82,-18.45,True
1.01,0.02,0.99,0.3,0.3,0.75,0.25,7.65,-17.86,True
1.01,0.02,0.99,0.3,0.3,1.0,0.0,7.46,-17.27,True
1.01,0.02,0.99,0.4,0.0,0.0,1.0,7.9,-20.89,True
1.01,0.02,0.99,0.4,0.0,0.25,0.75,7.68,-19.18,True
1.01,0.02,0.99,0.4,0.0,0.5,0.5,7.42,-17.45,True
1.01,0.02,0.99,0.4,0.0,0.75,0.25,7.12,-15.71,True
1.01,0.02,0.99,0.4,0.0,1.0,0.0,6.77,-13.96,True
1.01,0.02,0.99,0.4,0.1,0.0,1.0,7.85,-20.17,True
1.01,0.02,0.99,0.4,0.1,0.25,0.75,7.68,-18.45,True
1.01,0.02,0.99,0.4,0.1,0.5,0.5,7.48,-16.73,True
1.01,0.02,0.99,0.4,0.1,0.75,0.25,7.24,-14.99,True
1.01,0.02,0.99,0.4,0.1,1.0,0.0,6.96,-13.24,True
1.01,0.02,0.99,0.4,0.2,0.0,1.0,7.75,-19.04,True
1.01,0.02,0.99,0.4,0.2,0.25,0.75,7.65,-17.36,True
1.01,0.02,0.99,0.4,0.2,0.5,0.5,7.51,-15.66,True
1.01,0.02,0.99,0.4,0.2,0.75,0.25,7.34,-14.31,True
1.01,0.02,0.99,0.4,0.2,1.0,0.0,7.14,-13.67,True
1.01,0.02,0.99,0.4,0.3,0.0,1.0,7.72,-20.87,True
1.01,0.02,0.99,0.4,0.3,0.25,0.75,7.67,-20.15,True
1.01,0.02,0.99,0.4,0.3,0.5,0.5,7.58,-19.44,True
1.01,0.02,0.99,0.4,0.3,0.75,0.25,7.46,-18.74,True
1.01,0.02,0.99,0.4,0.3,1.0,0.0,7.32,-18.05,True
1.01,0.02,1.0,0.1,0.0,0.0,1.0,0.94,-17.14,True
1.01,0.02,1.0,0.1,0.0,0.25,0.75,1.03,-15.52,True
1.01,0.02,1.0,0.1,0.0,0.5,0.5,1.1,-13.89,True
1.01,0.02,1.0,0.1,0.0,0.75,0.25,1.17,-12.26,True
1.01,0.02,1.0,0.1,0.0,1.0,0.0,1.24,-10.62,True
1.01,0.02,1.0,0.1,0.1,0.0,1.0,2.56,-15.77,True
1.01,0.02,1.0,0.1,0.1,0.25,0.75,2.64,-14.11,True
1.01,0.02,1.0,0.1,0.1,0.5,0.5,2.72,-12.45,True
1.01,0.02,1.0,0.1,0.1,0.75,0.25,2.79,-10.79,True
1.01,0.02,1.0,0.1,0.1,1.0,0.0,2.85,-9.11,True
1.01,0.02,1.0,0.1,0.2,0.0,1.0,3.95,-13.43,True
1.01,0.02,1.0,0.1,0.2,0.25,0.75,4.02,-11.85,True
1.01,0.02,1.0,0.1,0.2,0.5,0.5,4.07,-10.25,True
1.01,0.02,1.0,0.1,0.2,0.75,0.25,4.12,-10.02,True
1.01,0.02,1.0,0.1,0.2,1.0,0.0,4.17,-9.94,True
1.01,0.02,1.0,0.1,0.3,0.0,1.0,5.18,-14.42,True
1.01,0.02,1.0,0.1,0.3,0.25,0.75,5.22,-14.31,True
1.01,0.02,1.0,0.1,0.3,0.5,0.5,5.26,-14.21,True
1.01,0.02,1.0,0.1,0.3,0.75,0.25,5.28,-14.1,True
1.01,0.02,1.0,0.1,0.3,1.0,0.0,5.3,-14.0,True
1.01,0.02,1.0,0.2,0.0,0.0,1.0,2.95,-19.68,True
1.01,0.02,1.0,0.2,0.0,0.25,0.75,2.96,-17.71,True
1.01,0.02,1.0,0.2,0.0,0.5,0.5,2.96,-15.73,True
1.01,0.02,1.0,0.2,0.0,0.75,0.25,2.94,-13.71,True
1.01,0.02,1.0,0.2,0.0,1.0,0.0,2.9,-11.68,True
1.01,0.02,1.0,0.2,0.1,0.0,1.0,4.14,-16.42,True
1.01,0.02,1.0,0.2,0.1,0.25,0.75,4.17,-14.59,True
1.01,0.02,1.0,0.2,0.1,0.5,0.5,4.17,-12.73,True
1.01,0.02,1.0,0.2,0.1,0.75,0.25,4.17,-10.85,True
1.01,0.02,1.0,0.2,0.1,1.0,0.0,4.15,-8.95,True
1.01,0.02,1.0,0.2,0.2,0.0,1.0,5.27,-12.98,True
1.01,0.02,1.0,0.2,0.2,0.25,0.75,5.28,-11.42,True
1.01,0.02,1.0,0.2,0.2,0.5,0.5,5.28,-11.25,True
1.01,0.02,1.0,0.2,0.2,0.75,0.25,5.27,-11.09,True
1.01,0.02,1.0,0.2,0.2,1.0,0.0,5.24,-10.93,True
1.01,0.02,1.0,0.2,0.3,0.0,1.0,6.11,-16.07,True
1.01,0.02,1.0,0.2,0.3,0.25,0.75,6.11,-15.85,True
1.01,0.02,1.0,0.2,0.3,0.5,0.5,6.1,-15.63,True
1.01,0.02,1.0,0.2,0.3,0.75,0.25,6.08,-15.42,True
1.01,0.02,1.0,0.2,0.3,1.0,0.0,6.04,-15.21,True
1.01,0.02,1.0,0.3,0.0,0.0,1.0,3.82,-19.37,True
1.01,0.02,1.0,0.3,0.0,0.25,0.75,3.82,-17.38,True
1.01,0.02,1.0,0.3,0.0,0.5,0.5,3.79,-15.36,True
1.01,0.02,1.0,0.3,0.0,0.75,0.25,3.74,-13.29,True
1.01,0.02,1.0,0.3,0.0,1.0,0.0,3.67,-11.19,True
1.01,0.02,1.0,0.3,0.1,0.0,1.0,4.88,-16.02,True
1.01,0.02,1.0,0.3,0.1,0.25,0.75,4.88,-14.16,True
1.01,0.02,1.0,0.3,0.1,0.5,0.5,4.86,-12.27,True
1.01,0.02,1.0,0.3,0.1,0.75,0.25,4.82,-10.34,True
1.01,0.02,1.0,0.3,0.1,1.0,0.0,4.76,-8.38,True
1.01,0.02,1.0,0.3,0.2,0.0,1.0,5.64,-12.74,True
1.01,0.02,1.0,0.3,0.2,0.25,0.75,5.65,-12.46,True
1.01,0.02,1.0,0.3,0.2,0.5,0.5,5.64,-12.22,True
1.01,0.02,1.0,0.3,0.2,0.75,0.25,5.61,-11.99,True
1.01,0.02,1.0,0.3,0.2,1.0,0.0,5.57,-11.77,True
1.01,0.02,1.0,0.3,0.3,0.0,1.0,6.06,-17.46,True
1.01,0.02,1.0,0.3,0.3,0.25,0.75,6.09,-17.15,True
1.01,0.02,1.0,0.3,0.3,0.5,0.5,6.11,-16.84,True
1.01,0.02,1.0,0.3,0.3,0.75,0.25,6.11,-16.53,True
1.01,0.02,1.0,0.3,0.3,1.0,0.0,6.1,-16.24,True
1.01,0.02,1.0,0.4,0.0,0.0,1.0,4.11,-19.29,True
1.01,0.02,1.0,0.4,0.0,0.25,0.75,4.13,-17.29,True
1.01,0.02,1.0,0.4,0.0,0.5,0.5,4.12,-15.24,True
1.01,0.02,1.0,0.4,0.0,0.75,0.25,4.08,-13.14,True
1.01,0.02,1.0,0.4,0.0,1.0,0.0,4.01,-11.1,True
1.01,0.02,1.0,0.4,0.1,0.0,1.0,4.98,-16.25,True
1.01,0.02,1.0,0.4,0.1,0.25,0.75,5.0,-14.79,True
1.01,0.02,1.0,0.4,0.1,0.5,0.5,5.01,-13.33,True
1.01,0.02,1.0,0.4,0.1,0.75,0.25,4.99,-11.86,True
1.01,0.02,1.0,0.4,0.1,1.0,0.0,4.94,-10.39,True
1.01,0.02,1.0,0.4,0.2,0.0,1.0,5.4,-15.19,True
1.01,0.02,1.0,0.4,0.2,0.25,0.75,5.46,-13.76,True
1.01,0.02,1.0,0.4,0.2,0.5,0.5,5.49,-13.13,True
1.01,0.02,1.0,0.4,0.2,0.75,0.25,5.5,-12.84,True
1.01,0.02,1.0,0.4,0.2,1.0,0.0,5.5,-12.56,True
1.01,0.02,1.0,0.4,0.3,0.0,1.0,5.83,-18.18,True
1.01,0.02,1.0,0.4,0.3,0.25,0.75,5.9,-17.83,True
1.01,0.02,1.0,0.4,0.3,0.5,0.5,5.95,-17.5,True
1.01,0.02,1.0,0.4,0.3,0.75,0.25,5.98,-17.17,True
1.01,0.02,1.0,0.4,0.3,1.0,0.0,6.0,-16.84,True
1.01,0.025,0.95,0.1,0.0,0.0,1.0,1.29,-23.59,True
1.01,0.025,0.95,0.1,0.0,0.25,0.75,1.33,-21.45,True
1.01,0.025,0.95,0.1,0.0,0.5,0.5,1.38,-19.16,True
1.01,0.025,0.95,0.1,0.0,0.75,0.25,1.41,-17.06,True
1.01,0.025,0.95,0.1,0.0,1.0,0.0,1.44,-15.13,True
1.01,0.025,0.95,0.1,0.1,0.0,1.0,3.2,-22.02,True
1.01,0.025,0.95,0.1,0.1,0.25,0.75,3.21,-20.8,True
1.01,0.025,0.95,0.1,0.1,0.5,0.5,3.22,-19.49,True
1.01,0.025,0.95,0.1,0.1,0.75,0.25,3.23,-18.11,True
1.01,0.025,0.95,0.1,0.1,1.0,0.0,3.23,-16.63,True
1.01,0.025,0.95,0.1,0.2,0.0,1.0,4.63,-21.94,True
1.01,0.025,0.95,0.1,0.2,0.25,0.75,4.61,-20.94,True
1.01,0.025,0.95,0.1,0.2,0.5,0.5,4.6,-19.88,True
1.01,0.025,0.95,0.1,0.2,0.75,0.25,4.57,-18.76,True
1.01,0.025,0.95,0.1,0.2,1.0,0.0,4.55,-17.56,True
1.01,0.025,0.95,0.1,0.3,0.0,1.0,5.64,-21.88,True
1.01,0.025,0.95,0.1,0.3,0.25,0.75,5.61,-21.04,True
1.01,0.025,0.95,0.1,0.3,0.5,0.5,5.58,-20.15,True
1.01,0.025,0.95,0.1,0.3,0.75,0.25,5.54,-19.22,True
1.01,0.025,0.95,0.1,0.3,1.0,0.0,5.51,-18.22,True
1.01,0.025,0.95,0.2,0.0,0.0,1.0,3.14,-29.32,True
1.01,0.025,0.95,0.2,0.0,0.25,0.75,3.17,-26.82,True
1.01,0.025,0.95,0.2,0.0,0.5,0.5,3.18,-24.33,True
1.01,0.025,0.95,0.2,0.0,0.75,0.25,3.18,-21.83,True
1.01,0.025,0.95,0.2,0.0,1.0,0.0,3.15,-19.34,True
1.01,0.025,0.95,0.2,0.1,0.0,1.0,4.98,-26.78,True
1.01,0.025,0.95,0.2,0.1,0.25,0.75,4.94,-24.56,True
1.01,0.025,0.95,0.2,0.1,0.5,0.5,4.89,-22.33,True
1.01,0.025,0.95,0.2,0.1,0.75,0.25,4.83,-20.1,True
1.01,0.025,0.95,0.2,0.1,1.0,0.0,4.75,-17.87,True
1.01,0.025,0.95,0.2,0.2,0.0,1.0,6.3,-24.2,True
1.01,0.025,0.95,0.2,0.2,0.25,0.75,6.23,-22.24,True
1.01,0.025,0.95,0.2,0.2,0.5,0.5,6.13,-20.29,True
1.01,0.025,0.95,0.2,0.2,0.75,0.25,6.03,-18.41,True
1.01,0.025,0.95,0.2,0.2,1.0,0.0,5.92,-16.94,True
1.01,0.025,0.95,0.2,0.3,0.0,1.0,7.22,-21.96,True
1.01,0.025,0.95,0.2,0.3,0.25,0.75,7.13,-20.99,True
1.01,0.025,0.95,0.2,0.3,0.5,0.5,7.02,-19.93,True
1.01,0.025,0.95,0.2,0.3,0.75,0.25,6.89,-18.78,True
1.01,0.025,0.95,0.2,0.3,1.0,0.0,6.75,-17.52,True
1.01,0.025,0.95,0.3,0.0,0.0,1.0,5.62,-29.36,True
1.01,0.025,0.95,0.3,0.0,0.25,0.75,5.53,-26.77,True
1.01,0.025,0.95,0.3,0.0,0.5,0.5,5.42,-24.19,True
1.01,0.025,0.95,0.3,0.0,0.75,0.25,5.29,-21.6,True
1.01,0.025,0.95,0.3,0.0,1.0,0.0,5.12,-19.01,True
1.01,0.025,0.95,0.3,0.1,0.0,1.0,6.86,-26.41,True
1.01,0.025,0.95,0.3,0.1,0.25,0.75,6.74,-24.11,True
1.01,0.025,0.95,0.3,0.1,0.5,0.5,6.59,-21.81,True
1.01,0.025,0.95,0.3,0.1,0.75,0.25,6.42,-19.52,True
1.01,0.025,0.95,0.3,0.1,1.0,0.0,6.22,-17.23,True
1.01,0.025,0.95,0.3,0.2,0.0,1.0,7.48,-23.92,True
1.01,0.025,0.95,0.3,0.2,0.25,0.75,7.35,-21.9,True
1.01,0.025,0.95,0.3,0.2,0.5,0.5,7.2,-19.88,True
1.01,0.025,0.95,0.3,0.2,0.75,0.25,7.03,-18.23,True
1.01,0.025,0.95,0.3,0.2,1.0,0.0,6.84,-16.67,True
1.01,0.025,0.95,0.3,0.3,0.0,1.0,7.77,-21.98,True
1.01,0.025,0.95,0.3,0.3,0.25,0.75,7.68,-20.97,True
1.01,0.025,0.95,0.3,0.3,0.5,0.5,7.56,-19.86,True
1.01,0.025,0.95,0.3,0.3,0.75,0.25,7.42,-18.65,True
1.01,0.025,0.95,0.3,0.3,1.0,0.0,7.25,-17.53,True
1.01,0.025,0.95,0.4,0.0,0.0,1.0,6.82,-29.12,True
1.01,0.025,0.95,0.4,0.0,0.25,0.75,6.69,-26.51,True
1.01,0.025,0.95,0.4,0.0,0.5,0.5,6.52,-23.89,True
1.01,0.025,0.95,0.4,0.0,0.75,0.25,6.33,-21.28,True
1.01,0.025,0.95,0.4,0.0,1.0,0.0,6.1,-18.67,True
1.01,0.025,0.95,0.4,0.1,0.0,1.0,7.45,-26.55,True
1.01,0.025,0.95,0.4,0.1,0.25,0.75,7.33,-24.22,True
1.01,0.025,0.95,0.4,0.1,0.5,0.5,7.17,-21.9,True
1.01,0.025,0.95,0.4,0.1,0.75,0.25,6.99,-19.57,True
1.01,0.025,0.95,0.4,0.1,1.0,0.0,6.77,-17.24,True
1.01,0.025,0.95,0.4,0.2,0.0,1.0,7.44,-23.85,True
1.01,0.025,0.95,0.4,0.2,0.25,0.75,7.35,-21.83,True
1.01,0.025,0.95,0.4,0.2,0.5,0.5,7.23,-19.81,True
1.01,0.025,0.95,0.4,0.2,0.75,0.25,7.09,-18.22,True
1.01,0.025,0.95,0.4,0.2,1.0,0.0,6.93,-16.65,True
1.01,0.025,0.95,0.4,0.3,0.0,1.0,7.26,-23.15,True
1.01,0.025,0.95,0.4,0.3,0.25,0.75,7.22,-22.15,True
1.01,0.025,0.95,0.4,0.3,0.5,0.5,7.16,-21.16,True
1.01,0.025,0.95,0.4,0.3,0.75,0.25,7.07,-20.17,True
1.01,0.025,0.95,0.4,0.3,1.0,0.0,6.96,-19.17,True
1.01,0.025,0.97,0.1,0.0,0.0,1.0,2.61,-19.34,True
1.01,0.025,0.97,0.1,0.0,0.25,0.75,2.52,-17.44,True
1.01,0.025,0.97,0.1,0.0,0.5,0.5,2.43,-15.4,True
1.01,0.025,0.97,0.1,0.0,0.75,0.25,2.33,-13.21,True
1.01,0.025,0.97,0.1,0.0,1.0,0.0,2.22,-10.86,True
1.01,0.025,0.97,0.1,0.1,0.0,1.0,4.13,-16.52,True
1.01,0.025,0.97,0.1,0.1,0.25,0.75,4.05,-14.48,True
1.01,0.025,0.97,0.1,0.1,0.5,0.5,3.97,-12.33,True
1.01,0.025,0.97,0.1,0.1,0.75,0.25,3.88,-10.04,True
1.01,0.025,0.97,0.1,0.1,1.0,0.0,3.79,-7.62,True
1.01,0.025,0.97,0.1,0.2,0.0,1.0,5.38,-12.93,True
1.01,0.025,0.97,0.1,0.2,0.25,0.75,5.29,-11.74,True
1.01,0.025,0.97,0.1,0.2,0.5,0.5,5.19,-11.43,True
1.01,0.025,0.97,0.1,0.2,0.75,0.25,5.09,-11.13,True
1.01,0.025,0.97,0.1,0.2,1.0,0.0,4.99,-10.82,True
1.01,0.025,0.97,0.1,0.3,0.0,1.0,6.29,-16.15,True
1.01,0.025,0.97,0.1,0.3,0.25,0.75,6.2,-15.82,True
1.01,0.025,0.97,0.1,0.3,0.5,0.5,6.1,-15.49,True
1.01,0.025,0.97,0.1,0.3,0.75,0.25,5.99,-15.16,True
1.01,0.025,0.97,0.1,0.3,1.0,0.0,5.88,-14.83,True
1.01,0.025,0.97,0.2,0.0,0.0,1.0,5.06,-20.84,True
1.01,0.025,0.97,0.2,0.0,0.25,0.75,4.88,-18.82,True
1.01,0.025,0.97,0.2,0.0,0.5,0.5,4.68,-16.62,True
1.01,0.025,0.97,0.2,0.0,0.75,0.25,4.47,-14.24,True
1.01,0.025,0.97,0.2,0.0,1.0,0.0,4.24,-11.63,True
1.01,0.025,0.97,0.2,0.1,0.0,1.0,6.32,-16.97,True
1.01,0.025,0.97,0.2,0.1,0.25,0.75,6.14,-15.07,True
1.01,0.025,0.97,0.2,0.1,0.5,0.5,5.94,-13.01,True
1.01,0.025,0.97,0.2,0.1,0.75,0.25,5.73,-10.76,True
1.01,0.025,0.97,0.2,0.1,1.0,0.0,5.49,-9.21,True
1.01,0.025,0.97,0.2,0.2,0.0,1.0,7.25,-15.49,True
1.01,0.025,0.97,0.2,0.2,0.25,0.75,7.07,-14.9,True
1.01,0.025,0.97,0.2,0.2,0.5,0.5,6.88,-14.28,True
1.01,0.025,0.97,0.2,0.2,0.75,0.25,6.67,-13.66,True
1.01,0.025,0.97,0.2,0.2,1.0,0.0,6.45,-13.05,True
1.01,0.025,0.97,0.2,0.3,0.0,1.0,8.06,-19.8,True
1.01,0.025,0.97,0.2,0.3,0.25,0.75,7.86,-19.17,True
1.01,0.025,0.97,0.2,0.3,0.5,0.5,7.65,-18.55,True
1.01,0.025,0.97,0.2,0.3,0.75,0.25,7.42,-17.87,True
1.01,0.025,0.97,0.2,0.3,1.0,0.0,7.18,-17.2,True
1.01,0.025,0.97,0.3,0.0,0.0,1.0,7.16,-20.84,True
1.01,0.025,0.97,0.3,0.0,0.25,0.75,6.89,-18.86,True
1.01,0.025,0.97,0.3,0.0,0.5,0.5,6.59,-16.68,True
1.01,0.025,0.97,0.3,0.0,0.75,0.25,6.27,-14.29,True
1.01,0.025,0.97,0.3,0.0,1.0,0.0,5.91,-11.63,True
1.01,0.025,0.97,0.3,0.1,0.0,1.0,8.11,-16.94,True
1.01,0.025,0.97,0.3,0.1,0.25,0.75,7.83,-15.08,True
1.01,0.025,0.97,0.3,0.1,0.5,0.5,7.53,-13.03,True
1.01,0.025,0.97,0.3,0.1,0.75,0.25,7.2,-11.43,True
1.01,0.025,0.97,0.3,0.1,1.0,0.0,6.84,-10.6,True
1.01,0.025,0.97,0.3,0.2,0.0,1.0,8.55,-18.48,True
1.01,0.025,0.97,0.3,0.2,0.25,0.75,8.28,-17.63,True
1.01,0.025,0.97,0.3,0.2,0.5,0.5,7.99,-16.78,True
1.01,0.025,0.97,0.3,0.2,0.75,0.25,7.69,-15.94,True
1.01,0.025,0.97,0.3,0.2,1.0,0.0,7.36,-15.08,True
1.01,0.025,0.97,0.3,0.3,0.0,1.0,8.71,-22.56,True
1.01,0.025,0.97,0.3,0.3,0.25,0.75,8.49,-21.69,True
1.01,0.025,0.97,0.3,0.3,0.5,0.5,8.25,-20.82,True
1.01,0.025,0.97,0.3,0.3,0.75,0.25,8.0,-19.95,True
1.01,0.025,0.97,0.3,0.3,1.0,0.0,7.72,-19.09,True
1.01,0.025,0.97,0.4,0.0,0.0,1.0,8.34,-20.84,True
1.01,0.025,0.97,0.4,0.0,0.25,0.75,8.02,-18.87,True
1.01,0.025,0.97,0.4,0.0,0.5,0.5,7.67,-16.7,True
1.01,0.025,0.97,0.4,0.0,0.75,0.25,7.29,-14.3,True
1.01,0.025,0.97,0.4,0.0,1.0,0.0,6.86,-11.63,True
1.01,0.025,0.97,0.4,0.1,0.0,1.0,8.79,-16.82,True
1.01,0.025,0.97,0.4,0.1,0.25,0.75,8.5,-15.58,True
1.01,0.025,0.97,0.4,0.1,0.5,0.5,8.18,-14.53,True
1.01,0.025,0.97,0.4,0.1,0.75,0.25,7.82,-13.49,True
1.01,0.025,0.97,0.4,0.1,1.0,0.0,7.42,-12.44,True
1.01,0.025,0.97,0.4,0.2,0.0,1.0,8.74,-21.2,True
1.01,0.025,0.97,0.4,0.2,0.25,0.75,8.48,-20.11,True
1.01,0.025,0.97,0.4,0.2,0.5,0.5,8.2,-19.02,True
1.01,0.025,0.97,0.4,0.2,0.75,0.25,7.88,-17.94,True
1.01,0.025,0.97,0.4,0.2,1.0,0.0,7.54,-16.86,True
1.01,0.025,0.97,0.4,0.3,0.0,1.0,8.46,-25.2,True
1.01,0.025,0.97,0.4,0.3,0.25,0.75,8.26,-24.09,True
1.01,0.025,0.97,0.4,0.3,0.5,0.5,8.03,-22.99,True
1.01,0.025,0.97,0.4,0.3,0.75,0.25,7.79,-21.89,True
1.01,0.025,0.97,0.4,0.3,1.0,0.0,7.52,-20.79,True
1.01,0.025,0.99,0.1,0.0,0.0,1.0,3.29,-14.45,True
1.01,0.025,0.99,0.1,0.0,0.25,0.75,3.13,-13.02,True
1.01,0.025,0.99,0.1,0.0,0.5,0.5,2.95,-11.47,True
1.01,0.025,0.99,0.1,0.0,0.75,0.25,2.77,-9.81,True
1.01,0.025,0.99,0.1,0.0,1.0,0.0,2.59,-8.02,True
1.01,0.025,0.99,0.1,0.1,0.0,1.0,4.66,-12.18,True
1.01,0.025,0.99,0.1,0.1,0.25,0.75,4.52,-10.55,True
1.01,0.025,0.99,0.1,0.1,0.5,0.5,4.37,-8.83,True
1.01,0.025,0.99,0.1,0.1,0.75,0.25,4.22,-7.01,True
1.01,0.025,0.99,0.1,0.1,1.0,0.0,4.07,-5.5,True
1.01,0.025,0.99,0.1,0.2,0.0,1.0,5.78,-9.9,True
1.01,0.025,0.99,0.1,0.2,0.25,0.75,5.64,-9.79,True
1.01,0.025,0.99,0.1,0.2,0.5,0.5,5.49,-9.68,True
1.01,0.025,0.99,0.1,0.2,0.75,0.25,5.35,-9.57,True
1.01,0.025,0.99,0.1,0.2,1.0,0.0,5.19,-9.46,True
1.01,0.025,0.99,0.1,0.3,0.0,1.0,6.62,-13.96,True
1.01,0.025,0.99,0.1,0.3,0.25,0.75,6.48,-13.83,True
1.01,0.025,0.99,0.1,0.3,0.5,0.5,6.33,-13.7,True
1.01,0.025,0.99,0.1,0.3,0.75,0.25,6.19,-13.57,True
1.01,0.025,0.99,0.1,0.3,1.0,0.0,6.04,-13.44,True
1.01,0.025,0.99,0.2,0.0,0.0,1.0,5.74,-16.04,True
1.01,0.025,0.99,0.2,0.0,0.25,0.75,5.47,-14.45,True
1.01,0.025,0.99,0.2,0.0,0.5,0.5,5.18,-12.73,True
1.01,0.025,0.99,0.2,0.0,0.75,0.25,4.87,-10.88,True
1.01,0.025,0.99,0.2,0.0,1.0,0.0,4.54,-9.47,True
1.01,0.025,0.99,0.2,0.1,0.0,1.0,6.92,-14.47,True
1.01,0.025,0.99,0.2,0.1,0.25,0.75,6.65,-13.15,True
1.01,0.025,0.99,0.2,0.1,0.5,0.5,6.38,-11.84,True
1.01,0.025,0.99,0.2,0.1,0.75,0.25,6.08,-10.53,True
1.01,0.025,0.99,0.2,0.1,1.0,0.0,5.77,-9.22,True
1.01,0.025,0.99,0.2,0.2,0.0,1.0,7.83,-13.56,True
1.01,0.025,0.99,0.2,0.2,0.25,0.75,7.57,-12.36,True
1.01,0.025,0.99,0.2,0.2,0.5,0.5,7.3,-11.16,True
1.01,0.025,0.99,0.2,0.2,0.75,0.25,7.02,-10.53,True
1.01,0.025,0.99,0.2,0.2,1.0,0.0,6.73,-10.3,True
1.01,0.025,0.99,0.2,0.3,0.0,1.0,8.54,-15.48,True
1.01,0.025,0.99,0.2,0.3,0.25,0.75,8.27,-15.21,True
1.01,0.025,0.99,0.2,0.3,0.5,0.5,7.99,-14.94,True
1.01,0.025,0.99,0.2,0.3,0.75,0.25,7.69,-14.67,True
1.01,0.025,0.99,0.2,0.3,1.0,0.0,7.39,-14.41,True
1.01,0.025,0.99,0.3,0.0,0.0,1.0,8.1,-16.04,True
1.01,0.025,0.99,0.3,0.0,0.25,0.75,7.7,-14.49,True
1.01,0.025,0.99,0.3,0.0,0.5,0.5,7.29,-12.78,True
1.01,0.025,0.99,0.3,0.0,0.75,0.25,6.84,-10.9,True
1.01,0.025,0.99,0.3,0.0,1.0,0.0,6.36,-9.23,True
1.01,0.025,0.99,0.3,0.1,0.0,1.0,8.85,-13.75,True
1.01,0.025,0.99,0.3,0.1,0.25,0.75,8.46,-12.41,True
1.01,0.025,0.99,0.3,0.1,0.5,0.5,8.06,-11.06,True
1.01,0.025,0.99,0.3,0.1,0.75,0.25,7.63,-9.73,True
1.01,0.025,0.99,0.3,0.1,1.0,0.0,7.17,-8.39,True
1.01,0.025,0.99,0.3,0.2,0.0,1.0,9.03,-12.82,True
1.01,0.025,0.99,0.3,0.2,0.25,0.75,8.68,-12.14,True
1.01,0.025,0.99,0.3,0.2,0.5,0.5,8.32,-11.84,True
1.01,0.025,0.99,0.3,0.2,0.75,0.25,7.94,-11.51,True
1.01,0.025,0.99,0.3,0.2,1.0,0.0,7.54,-11.16,True
1.01,0.025,0.99,0.3,0.3,0.0,1.0,9.09,-16.82,True
1.01,0.025,0.99,0.3,0.3,0.25,0.75,8.8,-16.47,True
1.01,0.025,0.99,0.3,0.3,0.5,0.5,8.49,-16.13,True
1.01,0.025,0.99,0.3,0.3,0.75,0.25,8.16,-15.78,True
1.01,0.025,0.99,0.3,0.3,1.0,0.0,7.82,-15.41,True
1.01,0.025,0.99,0.4,0.0,0.0,1.0,9.07,-16.04,True
1.01,0.025,0.99,0.4,0.0,0.25,0.75,8.65,-14.49,True
1.01,0.025,0.99,0.4,0.0,0.5,0.5,8.19,-12.79,True
1.01,0.025,0.99,0.4,0.0,0.75,0.25,7.7,-10.99,True
1.01,0.025,0.99,0.4,0.0,1.0,0.0,7.16,-9.43,True
1.01,0.025,0.99,0.4,0.1,0.0,1.0,9.26,-13.91,True
1.01,0.025,0.99,0.4,0.1,0.25,0.75,8.87,-12.53,True
1.01,0.025,0.99,0.4,0.1,0.5,0.5,8.46,-11.15,True
1.01,0.025,0.99,0.4,0.1,0.75,0.25,8.02,-9.78,True
1.01,0.025,0.99,0.4,0.1,1.0,0.0,7.55,-8.41,True
1.01,0.025,0.99,0.4,0.2,0.0,1.0,9.16,-13.58,True
1.01,0.025,0.99,0.4,0.2,0.25,0.75,8.82,-13.17,True
1.01,0.025,0.99,0.4,0.2,0.5,0.5,8.45,-12.77,True
1.01,0.025,0.99,0.4,0.2,0.75,0.25,8.06,-12.38,True
1.01,0.025,0.99,0.4,0.2,1.0,0.0,7.64,-11.98,True
1.01,0.025,0.99,0.4,0.3,0.0,1.0,8.83,-17.92,True
1.01,0.025,0.99,0.4,0.3,0.25,0.75,8.55,-17.48,True
1.01,0.025,0.99,0.4,0.3,0.5,0.5,8.24,-17.04,True
1.01,0.025,0.99,0.4,0.3,0.75,0.25,7.92,-16.61,True
1.01,0.025,0.99,0.4,0.3,1.0,0.0,7.59,-16.17,True
1.01,0.025,1.0,0.1,0.0,0.0,1.0,1.21,-14.45,True
1.01,0.025,1.0,0.1,0.0,0.25,0.75,1.2,-13.02,True
1.01,0.025,1.0,0.1,0.0,0.5,0.5,1.19,-11.47,True
1.01,0.025,1.0,0.1,0.0,0.75,0.25,1.17,-9.81,True
1.01,0.025,1.0,0.1,0.0,1.0,0.0,1.16,-8.02,True
1.01,0.025,1.0,0.1,0.1,0.0,1.0,2.83,-12.21,True
1.01,0.025,1.0,0.1,0.1,0.25,0.75,2.83,-10.58,True
1.01,0.025,1.0,0.1,0.1,0.5,0.5,2.82,-8.86,True
1.01,0.025,1.0,0.1,0.1,0.75,0.25,2.82,-7.04,True
1.01,0.025,1.0,0.1,0.1,1.0,0.0,2.82,-6.35,True
1.01,0.025,1.0,0.1,0.2,0.0,1.0,4.01,-9.82,True
1.01,0.025,1.0,0.1,0.2,0.25,0.75,4.01,-9.91,True
1.01,0.025,1.0,0.1,0.2,0.5,0.5,4.0,-10.0,True
1.01,0.025,1.0,0.1,0.2,0.75,0.25,4.0,-10.1,True
1.01,0.025,1.0,0.1,0.2,1.0,0.0,3.99,-10.2,True
1.01,0.025,1.0,0.1,0.3,0.0,1.0,4.94,-13.36,True
1.01,0.025,1.0,0.1,0.3,0.25,0.75,4.94,-13.32,True
1.01,0.025,1.0,0.1,0.3,0.5,0.5,4.94,-13.27,True
1.01,0.025,1.0,0.1,0.3,0.75,0.25,4.93,-13.23,True
1.01,0.025,1.0,0.1,0.3,1.0,0.0,4.92,-13.19,True
1.01,0.025,1.0,0.2,0.0,0.0,1.0,2.11,-16.04,True
1.01,0.025,1.0,0.2,0.0,0.25,0.75,2.08,-14.45,True
1.01,0.025,1.0,0.2,0.0,0.5,0.5,2.06,-12.73,True
1.01,0.025,1.0,0.2,0.0,0.75,0.25,2.02,-10.86,True
1.01,0.025,1.0,0.2,0.0,1.0,0.0,1.98,-8.81,True
1.01,0.025,1.0,0.2,0.1,0.0,1.0,3.65,-12.98,True
1.01,0.025,1.0,0.2,0.1,0.25,0.75,3.62,-11.43,True
1.01,0.025,1.0,0.2,0.1,0.5,0.5,3.58,-9.75,True
1.01,0.025,1.0,0.2,0.1,0.75,0.25,3.54,-7.93,True
1.01,0.025,1.0,0.2,0.1,1.0,0.0,3.49,-5.95,True
1.01,0.025,1.0,0.2,0.2,0.0,1.0,4.77,-10.13,True
1.01,0.025,1.0,0.2,0.2,0.25,0.75,4.74,-10.06,True
1.01,0.025,1.0,0.2,0.2,0.5,0.5,4.71,-10.0,True
1.01,0.025,1.0,0.2,0.2,0.75,0.25,4.67,-9.93,True
1.01,0.025,1.0,0.2,0.2,1.0,0.0,4.62,-9.87,True
1.01,0.025,1.0,0.2,0.3,0.0,1.0,5.64,-14.26,True
1.01,0.025,1.0,0.2,0.3,0.25,0.75,5.6,-14.16,True
1.01,0.025,1.0,0.2,0.3,0.5,0.5,5.56,-14.07,True
1.01,0.025,1.0,0.2,0.3,0.75,0.25,5.51,-13.98,True
1.01,0.025,1.0,0.2,0.3,1.0,0.0,5.46,-13.89,True
1.01,0.025,1.0,0.3,0.0,0.0,1.0,3.26,-16.04,True
1.01,0.025,1.0,0.3,0.0,0.25,0.75,3.19,-14.49,True
1.01,0.025,1.0,0.3,0.0,0.5,0.5,3.1,-12.78,True
1.01,0.025,1.0,0.3,0.0,0.75,0.25,3.0,-10.9,True
1.01,0.025,1.0,0.3,0.0,1.0,0.0,2.9,-8.81,True
1.01,0.025,1.0,0.3,0.1,0.0,1.0,4.5,-13.09,True
1.01,0.025,1.0,0.3,0.1,0.25,0.75,4.43,-11.55,True
1.01,0.025,1.0,0.3,0.1,0.5,0.5,4.35,-9.88,True
1.01,0.025,1.0,0.3,0.1,0.75,0.25,4.26,-8.05,True
1.01,0.025,1.0,0.3,0.1,1.0,0.0,4.16,-6.09,True
1.01,0.025,1.0,0.3,0.2,0.0,1.0,5.36,-10.78,True
1.01,0.025,1.0,0.3,0.2,0.25,0.75,5.31,-10.73,True
1.01,0.025,1.0,0.3,0.2,0.5,0.5,5.24,-10.68,True
1.01,0.025,1.0,0.3,0.2,0.75,0.25,5.17,-10.6,True
1.01,0.025,1.0,0.3,0.2,1.0,0.0,5.08,-10.5,True
1.01,0.025,1.0,0.3,0.3,0.0,1.0,6.09,-14.94,True
1.01,0.025,1.0,0.3,0.3,0.25,0.75,6.04,-14.86,True
1.01,0.025,1.0,0.3,0.3,0.5,0.5,5.99,-14.79,True
1.01,0.025,1.0,0.3,0.3,0.75,0.25,5.92,-14.71,True
1.01,0.025,1.0,0.3,0.3,1.0,0.0,5.85,-14.6,True
1.01,0.025,1.0,0.4,0.0,0.0,1.0,3.96,-16.04,True
1.01,0.025,1.0,0.4,0.0,0.25,0.75,3.86,-14.49,True
1.01,0.025,1.0,0.4,0.0,0.5,0.5,3.74,-12.79,True
1.01,0.025,1.0,0.4,0.0,0.75,0.25,3.61,-10.91,True
1.01,0.025,1.0,0.4,0.0,1.0,0.0,3.47,-8.81,True
1.01,0.025,1.0,0.4,0.1,0.0,1.0,4.95,-13.0,True
1.01,0.025,1.0,0.4,0.1,0.25,0.75,4.87,-11.47,True
1.01,0.025,1.0,0.4,0.1,0.5,0.5,4.77,-9.79,True
1.01,0.025,1.0,0.4,0.1,0.75,0.25,4.67,-7.96,True
1.01,0.025,1.0,0.4,0.1,1.0,0.0,4.55,-6.63,True
1.01,0.025,1.0,0.4,0.2,0.0,1.0,5.64,-11.38,True
1.01,0.025,1.0,0.4,0.2,0.25,0.75,5.58,-11.31,True
1.01,0.025,1.0,0.4,0.2,0.5,0.5,5.51,-11.24,True
1.01,0.025,1.0,0.4,0.2,0.75,0.25,5.43,-11.18,True
1.01,0.025,1.0,0.4,0.2,1.0,0.0,5.33,-11.11,True
1.01,0.025,1.0,0.4,0.3,0.0,1.0,6.22,-15.57,True
1.01,0.025,1.0,0.4,0.3,0.25,0.75,6.17,-15.48,True
1.01,0.025,1.0,0.4,0.3,0.5,0.5,6.12,-15.39,True
1.01,0.025,1.0,0.4,0.3,0.75,0.25,6.05,-15.29,True
1.01,0.025,1.0,0.4,0.3,1.0,0.0,5.97,-15.2,True
1.01,0.03,0.95,0.1,0.0,0.0,1.0,0.41,-24.44,True
1.01,0.03,0.95,0.1,0.0,0.25,0.75,0.47,-21.95,True
1.01,0.03,0.95,0.1,0.0,0.5,0.5,0.52,-19.42,True
1.01,0.03,0.95,0.1,0.0,0.75,0.25,0.57,-16.85,True
1.01,0.03,0.95,0.1,0.0,1.0,0.0,0.61,-14.24,True
1.01,0.03,0.95,0.1,0.1,0.0,1.0,1.66,-22.14,True
1.01,0.03,0.95,0.1,0.1,0.25,0.75,1.7,-20.07,True
1.01,0.03,0.95,0.1,0.1,0.5,0.5,1.74,-18.57,True
1.01,0.03,0.95,0.1,0.1,0.75,0.25,1.79,-17.03,True
1.01,0.03,0.95,0.1,0.1,1.0,0.0,1.82,-15.45,True
1.01,0.03,0.95,0.1,0.2,0.0,1.0,2.73,-21.94,True
1.01,0.03,0.95,0.1,0.2,0.25,0.75,2.75,-20.89,True
1.01,0.03,0.95,0.1,0.2,0.5,0.5,2.77,-19.79,True
1.01,0.03,0.95,0.1,0.2,0.75,0.25,2.8,-18.64,True
1.01,0.03,0.95,0.1,0.2,1.0,0.0,2.81,-17.45,True
1.01,0.03,0.95,0.1,0.3,0.0,1.0,3.71,-21.88,True
1.01,0.03,0.95,0.1,0.3,0.25,0.75,3.72,-21.0,True
1.01,0.03,0.95,0.1,0.3,0.5,0.5,3.72,-20.08,True
1.01,0.03,0.95,0.1,0.3,0.75,0.25,3.73,-19.13,True
1.01,0.03,0.95,0.1,0.3,1.0,0.0,3.72,-18.15,True
1.01,0.03,0.95,0.2,0.0,0.0,1.0,2.25,-22.92,True
1.01,0.03,0.95,0.2,0.0,0.25,0.75,2.18,-20.88,True
1.01,0.03,0.95,0.2,0.0,0.5,0.5,2.11,-18.93,True
1.01,0.03,0.95,0.2,0.0,0.75,0.25,2.04,-17.11,True
1.01,0.03,0.95,0.2,0.0,1.0,0.0,1.96,-15.13,True
1.01,0.03,0.95,0.2,0.1,0.0,1.0,3.51,-22.09,True
1.01,0.03,0.95,0.2,0.1,0.25,0.75,3.43,-20.75,True
1.01,0.03,0.95,0.2,0.1,0.5,0.5,3.35,-19.31,True
1.01,0.03,0.95,0.2,0.1,0.75,0.25,3.26,-17.76,True
1.01,0.03,0.95,0.2,0.1,1.0,0.0,3.17,-16.1,True
1.01,0.03,0.95,0.2,0.2,0.0,1.0,4.42,-22.03,True
1.01,0.03,0.95,0.2,0.2,0.25,0.75,4.34,-20.85,True
1.01,0.03,0.95,0.2,0.2,0.5,0.5,4.26,-19.59,True
1.01,0.03,0.95,0.2,0.2,0.75,0.25,4.18,-18.24,True
1.01,0.03,0.95,0.2,0.2,1.0,0.0,4.08,-16.8,True
1.01,0.03,0.95,0.2,0.3,0.0,1.0,5.11,-21.98,True
1.01,0.03,0.95,0.2,0.3,0.25,0.75,5.04,-20.93,True
1.01,0.03,0.95,0.2,0.3,0.5,0.5,4.95,-19.81,True
1.01,0.03,0.95,0.2,0.3,0.75,0.25,4.87,-18.63,True
1.01,0.03,0.95,0.2,0.3,1.0,0.0,4.77,-17.37,True
1.01,0.03,0.95,0.3,0.0,0.0,1.0,4.07,-24.78,True
1.01,0.03,0.95,0.3,0.0,0.25,0.75,3.92,-22.49,True
1.01,0.03,0.95,0.3,0.0,0.5,0.5,3.76,-20.0,True
1.01,0.03,0.95,0.3,0.0,0.75,0.25,3.59,-17.29,True
1.01,0.03,0.95,0.3,0.0,1.0,0.0,3.4,-15.13,True
1.01,0.03,0.95,0.3,0.1,0.0,1.0,4.85,-22.25,True
1.01,0.03,0.95,0.3,0.1,0.25,0.75,4.71,-20.77,True
1.01,0.03,0.95,0.3,0.1,0.5,0.5,4.56,-19.3,True
1.01,0.03,0.95,0.3,0.1,0.75,0.25,4.41,-17.67,True
1.01,0.03,0.95,0.3,0.1,1.0,0.0,4.23,-15.86,True
1.01,0.03,0.95,0.3,0.2,0.0,1.0,5.53,-22.07,True
1.01,0.03,0.95,0.3,0.2,0.25,0.75,5.4,-20.85,True
1.01,0.03,0.95,0.3,0.2,0.5,0.5,5.26,-19.52,True
1.01,0.03,0.95,0.3,0.2,0.75,0.25,5.11,-18.06,True
1.01,0.03,0.95,0.3,0.2,1.0,0.0,4.94,-16.45,True
1.01,0.03,0.95,0.3,0.3,0.0,1.0,6.13,-22.03,True
1.01,0.03,0.95,0.3,0.3,0.25,0.75,6.01,-20.91,True
1.01,0.03,0.95,0.3,0.3,0.5,0.5,5.87,-19.7,True
1.01,0.03,0.95,0.3,0.3,0.75,0.25,5.72,-18.37,True
1.01,0.03,0.95,0.3,0.3,1.0,0.0,5.56,-16.93,True
1.01,0.03,0.95,0.4,0.0,0.0,1.0,5.3,-25.01,True
1.01,0.03,0.95,0.4,0.0,0.25,0.75,5.1,-22.82,True
1.01,0.03,0.95,0.4,0.0,0.5,0.5,4.89,-20.41,True
1.01,0.03,0.95,0.4,0.0,0.75,0.25,4.65,-17.76,True
1.01,0.03,0.95,0.4,0.0,1.0,0.0,4.39,-15.13,True
1.01,0.03,0.95,0.4,0.1,0.0,1.0,5.98,-22.34,True
1.01,0.03,0.95,0.4,0.1,0.25,0.75,5.79,-20.8,True
1.01,0.03,0.95,0.4,0.1,0.5,0.5,5.58,-19.31,True
1.01,0.03,0.95,0.4,0.1,0.75,0.25,5.35,-17.63,True
1.01,0.03,0.95,0.4,0.1,1.0,0.0,5.11,-15.72,True
1.01,0.03,0.95,0.4,0.2,0.0,1.0,6.4,-22.09,True
1.01,0.03,0.95,0.4,0.2,0.25,0.75,6.21,-20.86,True
1.01,0.03,0.95,0.4,0.2,0.5,0.5,6.01,-19.49,True
1.01,0.03,0.95,0.4,0.2,0.75,0.25,5.8,-17.96,True
1.01,0.03,0.95,0.4,0.2,1.0,0.0,5.57,-16.25,True
1.01,0.03,0.95,0.4,0.3,0.0,1.0,6.49,-22.04,True
1.01,0.03,0.95,0.4,0.3,0.25,0.75,6.34,-20.91,True
1.01,0.03,0.95,0.4,0.3,0.5,0.5,6.17,-19.67,True
1.01,0.03,0.95,0.4,0.3,0.75,0.25,5.99,-18.42,True
1.01,0.03,0.95,0.4,0.3,1.0,0.0,5.79,-17.46,True
1.01,0.03,0.97,0.1,0.0,0.0,1.0,1.29,-20.5,True
1.01,0.03,0.97,0.1,0.0,0.25,0.75,1.26,-18.27,True
1.01,0.03,0.97,0.1,0.0,0.5,0.5,1.23,-16.01,True
1.01,0.03,0.97,0.1,0.0,0.75,0.25,1.18,-13.71,True
1.01,0.03,0.97,0.1,0.0,1.0,0.0,1.14,-11.38,True
1.01,0.03,0.97,0.1,0.1,0.0,1.0,2.4,-18.33,True
1.01,0.03,0.97,0.1,0.1,0.25,0.75,2.37,-16.27,True
1.01,0.03,0.97,0.1,0.1,0.5,0.5,2.33,-14.15,True
1.01,0.03,0.97,0.1,0.1,0.75,0.25,2.3,-11.84,True
1.01,0.03,0.97,0.1,0.1,1.0,0.0,2.26,-9.5,True
1.01,0.03,0.97,0.1,0.2,0.0,1.0,3.33,-15.29,True
1.01,0.03,0.97,0.1,0.2,0.25,0.75,3.29,-13.3,True
1.01,0.03,0.97,0.1,0.2,0.5,0.5,3.26,-11.26,True
1.01,0.03,0.97,0.1,0.2,0.75,0.25,3.22,-9.17,True
1.01,0.03,0.97,0.1,0.2,1.0,0.0,3.18,-8.45,True
1.01,0.03,0.97,0.1,0.3,0.0,1.0,4.16,-12.76,True
1.01,0.03,0.97,0.1,0.3,0.25,0.75,4.12,-12.52,True
1.01,0.03,0.97,0.1,0.3,0.5,0.5,4.09,-12.27,True
1.01,0.03,0.97,0.1,0.3,0.75,0.25,4.05,-12.02,True
1.01,0.03,0.97,0.1,0.3,1.0,0.0,4.01,-11.77,True
1.01,0.03,0.97,0.2,0.0,0.0,1.0,3.56,-18.64,True
1.01,0.03,0.97,0.2,0.0,0.25,0.75,3.37,-17.05,True
1.01,0.03,0.97,0.2,0.0,0.5,0.5,3.18,-15.47,True
1.01,0.03,0.97,0.2,0.0,0.75,0.25,2.98,-13.88,True
1.01,0.03,0.97,0.2,0.0,1.0,0.0,2.77,-12.3,True
1.01,0.03,0.97,0.2,0.1,0.0,1.0,4.56,-15.21,True
1.01,0.03,0.97,0.2,0.1,0.25,0.75,4.38,-13.6,True
1.01,0.03,0.97,0.2,0.1,0.5,0.5,4.2,-11.99,True
1.01,0.03,0.97,0.2,0.1,0.75,0.25,4.01,-10.38,True
1.01,0.03,0.97,0.2,0.1,1.0,0.0,3.81,-8.79,True
1.01,0.03,0.97,0.2,0.2,0.0,1.0,5.34,-12.62,True
1.01,0.03,0.97,0.2,0.2,0.25,0.75,5.17,-11.78,True
1.01,0.03,0.97,0.2,0.2,0.5,0.5,4.99,-11.3,True
1.01,0.03,0.97,0.2,0.2,0.75,0.25,4.81,-10.82,True
1.01,0.03,0.97,0.2,0.2,1.0,0.0,4.62,-10.33,True
1.01,0.03,0.97,0.2,0.3,0.0,1.0,5.91,-15.57,True
1.01,0.03,0.97,0.2,0.3,0.25,0.75,5.75,-15.09,True
1.01,0.03,0.97,0.2,0.3,0.5,0.5,5.59,-14.61,True
1.01,0.03,0.97,0.2,0.3,0.75,0.25,5.41,-14.13,True
1.01,0.03,0.97,0.2,0.3,1.0,0.0,5.23,-13.65,True
1.01,0.03,0.97,0.3,0.0,0.0,1.0,5.62,-20.6,True
1.01,0.03,0.97,0.3,0.0,0.25,0.75,5.33,-18.52,True
1.01,0.03,0.97,0.3,0.0,0.5,0.5,5.03,-16.26,True
1.01,0.03,0.97,0.3,0.0,0.75,0.25,4.71,-13.88,True
1.01,0.03,0.97,0.3,0.0,1.0,0.0,4.37,-12.3,True
1.01,0.03,0.97,0.3,0.1,0.0,1.0,6.18,-18.35,True
1.01,0.03,0.97,0.3,0.1,0.25,0.75,5.91,-16.39,True
1.01,0.03,0.97,0.3,0.1,0.5,0.5,5.64,-14.25,True
1.01,0.03,0.97,0.3,0.1,0.75,0.25,5.34,-11.92,True
1.01,0.03,0.97,0.3,0.1,1.0,0.0,5.04,-9.69,True
1.01,0.03,0.97,0.3,0.2,0.0,1.0,6.69,-15.65,True
1.01,0.03,0.97,0.3,0.2,0.25,0.75,6.45,-14.36,True
1.01,0.03,0.97,0.3,0.2,0.5,0.5,6.19,-13.64,True
1.01,0.03,0.97,0.3,0.2,0.75,0.25,5.91,-12.91,True
1.01,0.03,0.97,0.3,0.2,1.0,0.0,5.62,-12.19,True
1.01,0.03,0.97,0.3,0.3,0.0,1.0,7.16,-18.38,True
1.01,0.03,0.97,0.3,0.3,0.25,0.75,6.93,-17.66,True
1.01,0.03,0.97,0.3,0.3,0.5,0.5,6.68,-16.94,True
1.01,0.03,0.97,0.3,0.3,0.75,0.25,6.42,-16.21,True
1.01,0.03,0.97,0.3,0.3,1.0,0.0,6.15,-15.49,True
1.01,0.03,0.97,0.4,0.0,0.0,1.0,7.06,-20.84,True
1.01,0.03,0.97,0.4,0.0,0.25,0.75,6.7,-18.86,True
1.01,0.03,0.97,0.4,0.0,0.5,0.5,6.32,-16.69,True
1.01,0.03,0.97,0.4,0.0,0.75,0.25,5.91,-14.29,True
1.01,0.03,0.97,0.4,0.0,1.0,0.0,5.48,-12.3,True
1.01,0.03,0.97,0.4,0.1,0.0,1.0,7.52,-18.44,True
1.01,0.03,0.97,0.4,0.1,0.25,0.75,7.19,-16.5,True
1.01,0.03,0.97,0.4,0.1,0.5,0.5,6.83,-14.37,True
1.01,0.03,0.97,0.4,0.1,0.75,0.25,6.45,-12.02,True
1.01,0.03,0.97,0.4,0.1,1.0,0.0,6.05,-10.75,True
1.01,0.03,0.97,0.4,0.2,0.0,1.0,7.87,-17.91,True
1.01,0.03,0.97,0.4,0.2,0.25,0.75,7.55,-16.94,True
1.01,0.03,0.97,0.4,0.2,0.5,0.5,7.22,-15.97,True
1.01,0.03,0.97,0.4,0.2,0.75,0.25,6.86,-15.01,True
1.01,0.03,0.97,0.4,0.2,1.0,0.0,6.46,-14.04,True
1.01,0.03,0.97,0.4,0.3,0.0,1.0,7.87,-21.19,True
1.01,0.03,0.97,0.4,0.3,0.25,0.75,7.57,-20.23,True
1.01,0.03,0.97,0.4,0.3,0.5,0.5,7.26,-19.27,True
1.01,0.03,0.97,0.4,0.3,0.75,0.25,6.93,-18.3,True
1.01,0.03,0.97,0.4,0.3,1.0,0.0,6.58,-17.34,True
1.01,0.03,0.99,0.1,0.0,0.0,1.0,1.67,-15.96,True
1.01,0.03,0.99,0.1,0.0,0.25,0.75,1.59,-14.21,True
1.01,0.03,0.99,0.1,0.0,0.5,0.5,1.51,-12.45,True
1.01,0.03,0.99,0.1,0.0,0.75,0.25,1.42,-10.67,True
1.01,0.03,0.99,0.1,0.0,1.0,0.0,1.32,-8.86,True
1.01,0.03,0.99,0.1,0.1,0.0,1.0,2.72,-14.02,True
1.01,0.03,0.99,0.1,0.1,0.25,0.75,2.65,-12.38,True
1.01,0.03,0.99,0.1,0.1,0.5,0.5,2.58,-10.68,True
1.01,0.03,0.99,0.1,0.1,0.75,0.25,2.5,-8.88,True
1.01,0.03,0.99,0.1,0.1,1.0,0.0,2.43,-7.05,True
1.01,0.03,0.99,0.1,0.2,0.0,1.0,3.58,-11.47,True
1.01,0.03,0.99,0.1,0.2,0.25,0.75,3.52,-9.86,True
1.01,0.03,0.99,0.1,0.2,0.5,0.5,3.46,-8.22,True
1.01,0.03,0.99,0.1,0.2,0.75,0.25,3.39,-7.73,True
1.01,0.03,0.99,0.1,0.2,1.0,0.0,3.32,-7.92,True
1.01,0.03,0.99,0.1,0.3,0.0,1.0,4.35,-10.58,True
1.01,0.03,0.99,0.1,0.3,0.25,0.75,4.29,-10.52,True
1.01,0.03,0.99,0.1,0.3,0.5,0.5,4.23,-10.45,True
1.01,0.03,0.99,0.1,0.3,0.75,0.25,4.16,-10.39,True
1.01,0.03,0.99,0.1,0.3,1.0,0.0,4.1,-10.36,True
1.01,0.03,0.99,0.2,0.0,0.0,1.0,3.93,-13.7,True
1.01,0.03,0.99,0.2,0.0,0.25,0.75,3.69,-12.38,True
1.01,0.03,0.99,0.2,0.0,0.5,0.5,3.44,-10.94,True
1.01,0.03,0.99,0.2,0.0,0.75,0.25,3.19,-9.39,True
1.01,0.03,0.99,0.2,0.0,1.0,0.0,2.94,-7.7,True
1.01,0.03,0.99,0.2,0.1,0.0,1.0,4.82,-10.36,True
1.01,0.03,0.99,0.2,0.1,0.25,0.75,4.6,-9.09,True
1.01,0.03,0.99,0.2,0.1,0.5,0.5,4.37,-7.71,True
1.01,0.03,0.99,0.2,0.1,0.75,0.25,4.13,-6.23,True
1.01,0.03,0.99,0.2,0.1,1.0,0.0,3.89,-4.61,True
1.01,0.03,0.99,0.2,0.2,0.0,1.0,5.52,-8.11,True
1.01,0.03,0.99,0.2,0.2,0.25,0.75,5.32,-7.98,True
1.01,0.03,0.99,0.2,0.2,0.5,0.5,5.1,-7.85,True
1.01,0.03,0.99,0.2,0.2,0.75,0.25,4.89,-7.72,True
1.01,0.03,0.99,0.2,0.2,1.0,0.0,4.66,-7.59,True
1.01,0.03,0.99,0.2,0.3,0.0,1.0,6.05,-11.38,True
1.01,0.03,0.99,0.2,0.3,0.25,0.75,5.85,-11.26,True
1.01,0.03,0.99,0.2,0.3,0.5,0.5,5.65,-11.13,True
1.01,0.03,0.99,0.2,0.3,0.75,0.25,5.45,-11.0,True
1.01,0.03,0.99,0.2,0.3,1.0,0.0,5.24,-10.87,True
1.01,0.03,0.99,0.3,0.0,0.0,1.0,5.8,-15.79,True
1.01,0.03,0.99,0.3,0.0,0.25,0.75,5.47,-14.13,True
1.01,0.03,0.99,0.3,0.0,0.5,0.5,5.12,-12.34,True
1.01,0.03,0.99,0.3,0.0,0.75,0.25,4.75,-10.41,True
1.01,0.03,0.99,0.3,0.0,1.0,0.0,4.37,-8.3,True
1.01,0.03,0.99,0.3,0.1,0.0,1.0,6.31,-14.01,True
1.01,0.03,0.99,0.3,0.1,0.25,0.75,6.01,-12.44,True
1.01,0.03,0.99,0.3,0.1,0.5,0.5,5.69,-10.74,True
1.01,0.03,0.99,0.3,0.1,0.75,0.25,5.36,-8.89,True
1.01,0.03,0.99,0.3,0.1,1.0,0.0,5.01,-6.86,True
1.01,0.03,0.99,0.3,0.2,0.0,1.0,6.79,-11.81,True
1.01,0.03,0.99,0.3,0.2,0.25,0.75,6.51,-10.26,True
1.01,0.03,0.99,0.3,0.2,0.5,0.5,6.22,-8.58,True
1.01,0.03,0.99,0.3,0.2,0.75,0.25,5.91,-8.33,True
1.01,0.03,0.99,0.3,0.2,1.0,0.0,5.59,-8.13,True
1.01,0.03,0.99,0.3,0.3,0.0,1.0,7.23,-12.19,True
1.01,0.03,0.99,0.3,0.3,0.25,0.75,6.97,-11.99,True
1.01,0.03,0.99,0.3,0.3,0.5,0.5,6.69,-11.8,True
1.01,0.03,0.99,0.3,0.3,0.75,0.25,6.4,-11.6,True
1.01,0.03,0.99,0.3,0.3,1.0,0.0,6.1,-11.41,True
1.01,0.03,0.99,0.4,0.0,0.0,1.0,7.14,-16.04,True
1.01,0.03,0.99,0.4,0.0,0.25,0.75,6.74,-14.49,True
1.01,0.03,0.99,0.4,0.0,0.5,0.5,6.31,-12.78,True
1.01,0.03,0.99,0.4,0.0,0.75,0.25,5.87,-10.9,True
1.01,0.03,0.99,0.4,0.0,1.0,0.0,5.39,-8.81,True
1.01,0.03,0.99,0.4,0.1,0.0,1.0,7.57,-14.13,True
1.01,0.03,0.99,0.4,0.1,0.25,0.75,7.19,-12.58,True
1.01,0.03,0.99,0.4,0.1,0.5,0.5,6.8,-10.88,True
1.01,0.03,0.99,0.4,0.1,0.75,0.25,6.39,-9.01,True
1.01,0.03,0.99,0.4,0.1,1.0,0.0,5.95,-6.94,True
1.01,0.03,0.99,0.4,0.2,0.0,1.0,7.92,-12.05,True
1.01,0.03,0.99,0.4,0.2,0.25,0.75,7.55,-10.51,True
1.01,0.03,0.99,0.4,0.2,0.5,0.5,7.16,-9.2,True
1.01,0.03,0.99,0.4,0.2,0.75,0.25,6.76,-8.94,True
1.01,0.03,0.99,0.4,0.2,1.0,0.0,6.34,-8.67,True
1.01,0.03,0.99,0.4,0.3,0.0,1.0,7.98,-12.99,True
1.01,0.03,0.99,0.4,0.3,0.25,0.75,7.65,-12.73,True
1.01,0.03,0.99,0.4,0.3,0.5,0.5,7.3,-12.47,True
1.01,0.03,0.99,0.4,0.3,0.75,0.25,6.94,-12.21,True
1.01,0.03,0.99,0.4,0.3,1.0,0.0,6.57,-11.95,True
1.01,0.03,1.0,0.1,0.0,0.0,1.0,0.76,-15.96,True
1.01,0.03,1.0,0.1,0.0,0.25,0.75,0.75,-14.21,True
1.01,0.03,1.0,0.1,0.0,0.5,0.5,0.74,-12.45,True
1.01,0.03,1.0,0.1,0.0,0.75,0.25,0.72,-10.67,True
1.01,0.03,1.0,0.1,0.0,1.0,0.0,0.7,-8.86,True
1.01,0.03,1.0,0.1,0.1,0.0,1.0,1.92,-14.03,True
1.01,0.03,1.0,0.1,0.1,0.25,0.75,1.92,-12.39,True
1.01,0.03,1.0,0.1,0.1,0.5,0.5,1.91,-10.69,True
1.01,0.03,1.0,0.1,0.1,0.75,0.25,1.9,-8.88,True
1.01,0.03,1.0,0.1,0.1,1.0,0.0,1.88,-7.05,True
1.01,0.03,1.0,0.1,0.2,0.0,1.0,2.87,-11.49,True
1.01,0.03,1.0,0.1,0.2,0.25,0.75,2.87,-9.88,True
1.01,0.03,1.0,0.1,0.2,0.5,0.5,2.86,-8.85,True
1.01,0.03,1.0,0.1,0.2,0.75,0.25,2.85,-8.92,True
1.01,0.03,1.0,0.1,0.2,1.0,0.0,2.84,-9.0,True
1.01,0.03,1.0,0.1,0.3,0.0,1.0,3.7,-11.31,True
1.01,0.03,1.0,0.1,0.3,0.25,0.75,3.69,-11.39,True
1.01,0.03,1.0,0.1,0.3,0.5,0.5,3.68,-11.48,True
1.01,0.03,1.0,0.1,0.3,0.75,0.25,3.67,-11.58,True
1.01,0.03,1.0,0.1,0.3,1.0,0.0,3.66,-11.68,True
1.01,0.03,1.0,0.2,0.0,0.0,1.0,2.25,-13.7,True
1.01,0.03,1.0,0.2,0.0,0.25,0.75,2.14,-12.38,True
1.01,0.03,1.0,0.2,0.0,0.5,0.5,2.03,-10.94,True
1.01,0.03,1.0,0.2,0.0,0.75,0.25,1.92,-9.39,True
1.01,0.03,1.0,0.2,0.0,1.0,0.0,1.8,-7.7,True
1.01,0.03,1.0,0.2,0.1,0.0,1.0,3.29,-10.38,True
1.01,0.03,1.0,0.2,0.1,0.25,0.75,3.18,-9.11,True
1.01,0.03,1.0,0.2,0.1,0.5,0.5,3.08,-7.73,True
1.01,0.03,1.0,0.2,0.1,0.75,0.25,2.97,-6.24,True
1.01,0.03,1.0,0.2,0.1,1.0,0.0,2.86,-4.62,True
1.01,0.03,1.0,0.2,0.2,0.0,1.0,4.07,-7.98,True
1.01,0.03,1.0,0.2,0.2,0.25,0.75,3.97,-7.34,True
1.01,0.03,1.0,0.2,0.2,0.5,0.5,3.88,-7.35,True
1.01,0.03,1.0,0.2,0.2,0.75,0.25,3.78,-7.36,True
1.01,0.03,1.0,0.2,0.2,1.0,0.0,3.68,-7.36,True
1.01,0.03,1.0,0.2,0.3,0.0,1.0,4.71,-10.62,True
1.01,0.03,1.0,0.2,0.3,0.25,0.75,4.63,-10.63,True
1.01,0.03,1.0,0.2,0.3,0.5,0.5,4.54,-10.63,True
1.01,0.03,1.0,0.2,0.3,0.75,0.25,4.45,-10.64,True
1.01,0.03,1.0,0.2,0.3,1.0,0.0,4.36,-10.64,True
1.01,0.03,1.0,0.3,0.0,0.0,1.0,3.59,-15.79,True
1.01,0.03,1.0,0.3,0.0,0.25,0.75,3.39,-14.13,True
1.01,0.03,1.0,0.3,0.0,0.5,0.5,3.19,-12.34,True
1.01,0.03,1.0,0.3,0.0,0.75,0.25,2.99,-10.41,True
1.01,0.03,1.0,0.3,0.0,1.0,0.0,2.77,-8.3,True
1.01,0.03,1.0,0.3,0.1,0.0,1.0,4.31,-14.04,True
1.01,0.03,1.0,0.3,0.1,0.25,0.75,4.14,-12.46,True
1.01,0.03,1.0,0.3,0.1,0.5,0.5,3.97,-10.76,True
1.01,0.03,1.0,0.3,0.1,0.75,0.25,3.79,-8.9,True
1.01,0.03,1.0,0.3,0.1,1.0,0.0,3.6,-6.87,True
1.01,0.03,1.0,0.3,0.2,0.0,1.0,4.95,-11.86,True
1.01,0.03,1.0,0.3,0.2,0.25,0.75,4.8,-10.3,True
1.01,0.03,1.0,0.3,0.2,0.5,0.5,4.64,-8.61,True
1.01,0.03,1.0,0.3,0.2,0.75,0.25,4.48,-7.79,True
1.01,0.03,1.0,0.3,0.2,1.0,0.0,4.32,-7.8,True
1.01,0.03,1.0,0.3,0.3,0.0,1.0,5.5,-11.04,True
1.01,0.03,1.0,0.3,0.3,0.25,0.75,5.36,-11.05,True
1.01,0.03,1.0,0.3,0.3,0.5,0.5,5.22,-11.06,True
1.01,0.03,1.0,0.3,0.3,0.75,0.25,5.07,-11.07,True
1.01,0.03,1.0,0.3,0.3,1.0,0.0,4.92,-11.08,True
1.01,0.03,1.0,0.4,0.0,0.0,1.0,4.61,-16.04,True
1.01,0.03,1.0,0.4,0.0,0.25,0.75,4.36,-14.49,True
1.01,0.03,1.0,0.4,0.0,0.5,0.5,4.1,-12.78,True
1.01,0.03,1.0,0.4,0.0,0.75,0.25,3.83,-10.9,True
1.01,0.03,1.0,0.4,0.0,1.0,0.0,3.54,-8.81,True
1.01,0.03,1.0,0.4,0.1,0.0,1.0,5.21,-14.16,True
1.01,0.03,1.0,0.4,0.1,0.25,0.75,4.99,-12.6,True
1.01,0.03,1.0,0.4,0.1,0.5,0.5,4.75,-10.9,True
1.01,0.03,1.0,0.4,0.1,0.75,0.25,4.51,-9.02,True
1.01,0.03,1.0,0.4,0.1,1.0,0.0,4.26,-6.95,True
1.01,0.03,1.0,0.4,0.2,0.0,1.0,5.75,-12.12,True
1.01,0.03,1.0,0.4,0.2,0.25,0.75,5.55,-10.56,True
1.01,0.03,1.0,0.4,0.2,0.5,0.5,5.34,-8.86,True
1.01,0.03,1.0,0.4,0.2,0.75,0.25,5.12,-8.22,True
1.01,0.03,1.0,0.4,0.2,1.0,0.0,4.9,-8.23,True
1.01,0.03,1.0,0.4,0.3,0.0,1.0,6.23,-11.46,True
1.01,0.03,1.0,0.4,0.3,0.25,0.75,6.05,-11.47,True
1.01,0.03,1.0,0.4,0.3,0.5,0.5,5.86,-11.48,True
1.01,0.03,1.0,0.4,0.3,0.75,0.25,5.66,-11.49,True
1.01,0.03,1.0,0.4,0.3,1.0,0.0,5.45,-11.51,True
1.02,0.005,0.95,0.1,0.0,0.0,1.0,6.62,-45.96,False
1.02,0.005,0.95,0.1,0.0,0.25,0.75,6.83,-42.76,False
1.02,0.005,0.95,0.1,0.0,0.5,0.5,6.99,-39.47,True
1.02,0.005,0.95,0.1,0.0,0.75,0.25,7.1,-36.1,True
1.02,0.005,0.95,0.1,0.0,1.0,0.0,7.16,-32.66,True
1.02,0.005,0.95,0.1,0.1,0.0,1.0,6.88,-40.63,False
1.02,0.005,0.95,0.1,0.1,0.25,0.75,7.07,-37.58,True
1.02,0.005,0.95,0.1,0.1,0.5,0.5,7.21,-34.43,True
1.02,0.005,0.95,0.1,0.1,0.75,0.25,7.32,-31.19,True
1.02,0.005,0.95,0.1,0.1,1.0,0.0,7.37,-27.86,True
1.02,0.005,0.95,0.1,0.2,0.0,1.0,7.03,-34.71,True
1.02,0.005,0.95,0.1,0.2,0.25,0.75,7.21,-31.91,True
1.02,0.005,0.95,0.1,0.2,0.5,0.5,7.36,-29.01,True
1.02,0.005,0.95,0.1,0.2,0.75,0.25,7.47,-25.99,True
1.02,0.005,0.95,0.1,0.2,1.0,0.0,7.53,-22.87,True
1.02,0.005,0.95,0.1,0.3,0.0,1.0,7.24,-28.23,True
1.02,0.005,0.95,0.1,0.3,0.25,0.75,7.41,-25.76,True
1.02,0.005,0.95,0.1,0.3,0.5,0.5,7.55,-23.15,True
1.02,0.005,0.95,0.1,0.3,0.75,0.25,7.65,-20.43,True
1.02,0.005,0.95,0.1,0.3,1.0,0.0,7.72,-18.94,True
1.02,0.005,0.95,0.2,0.0,0.0,1.0,6.0,-42.47,False
1.02,0.005,0.95,0.2,0.0,0.25,0.75,6.32,-39.34,True
1.02,0.005,0.95,0.2,0.0,0.5,0.5,6.58,-36.15,True
1.02,0.005,0.95,0.2,0.0,0.75,0.25,6.78,-32.9,True
1.02,0.005,0.95,0.2,0.0,1.0,0.0,6.93,-29.6,True
1.02,0.005,0.95,0.2,0.1,0.0,1.0,5.99,-35.68,True
1.02,0.005,0.95,0.2,0.1,0.25,0.75,6.31,-33.01,True
1.02,0.005,0.95,0.2,0.1,0.5,0.5,6.58,-30.22,True
1.02,0.005,0.95,0.2,0.1,0.75,0.25,6.81,-27.33,True
1.02,0.005,0.95,0.2,0.1,1.0,0.0,6.98,-24.35,True
1.02,0.005,0.95,0.2,0.2,0.0,1.0,6.14,-32.09,True
1.02,0.005,0.95,0.2,0.2,0.25,0.75,6.44,-29.74,True
1.02,0.005,0.95,0.2,0.2,0.5,0.5,6.69,-27.4,True
1.02,0.005,0.95,0.2,0.2,0.75,0.25,6.91,-25.06,True
1.02,0.005,0.95,0.2,0.2,1.0,0.0,7.09,-22.73,True
1.02,0.005,0.95,0.2,0.3,0.0,1.0,6.42,-35.99,True
1.02,0.005,0.95,0.2,0.3,0.25,0.75,6.69,-33.59,True
1.02,0.005,0.95,0.2,0.3,0.5,0.5,6.93,-31.2,True
1.02,0.005,0.95,0.2,0.3,0.75,0.25,7.14,-28.82,True
1.02,0.005,0.95,0.2,0.3,1.0,0.0,7.31,-26.45,True
1.02,0.005,0.95,0.3,0.0,0.0,1.0,5.04,-39.51,True
1.02,0.005,0.95,0.3,0.0,0.25,0.75,5.48,-36.47,True
1.02,0.005,0.95,0.3,0.0,0.5,0.5,5.86,-33.4,True
1.02,0.005,0.95,0.3,0.0,0.75,0.25,6.19,-30.29,True
1.02,0.005,0.95,0.3,0.0,1.0,0.0,6.45,-27.15,True
1.02,0.005,0.95,0.3,0.1,0.0,1.0,5.44,-37.99,True
1.02,0.005,0.95,0.3,0.1,0.25,0.75,5.82,-34.9,True
1.02,0.005,0.95,0.3,0.1,0.5,0.5,6.17,-31.78,True
1.02,0.005,0.95,0.3,0.1,0.75,0.25,6.46,-28.64,True
1.02,0.005,0.95,0.3,0.1,1.0,0.0,6.71,-25.48,True
1.02,0.005,0.95,0.3,0.2,0.0,1.0,6.0,-37.47,True
1.02,0.005,0.95,0.3,0.2,0.25,0.75,6.31,-34.83,True
1.02,0.005,0.95,0.3,0.2,0.5,0.5,6.59,-32.14,True
1.02,0.005,0.95,0.3,0.2,0.75,0.25,6.84,-29.42,True
1.02,0.005,0.95,0.3,0.2,1.0,0.0,7.04,-26.65,True
1.02,0.005,0.95,0.3,0.3,0.0,1.0,6.49,-37.0,True
1.02,0.005,0.95,0.3,0.3,0.25,0.75,6.74,-34.77,True
1.02,0.005,0.95,0.3,0.3,0.5,0.5,6.98,-32.48,True
1.02,0.005,0.95,0.3,0.3,0.75,0.25,7.18,-30.14,True
1.02,0.005,0.95,0.3,0.3,1.0,0.0,7.35,-27.76,True
1.02,0.005,0.95,0.4,0.0,0.0,1.0,4.9,-39.26,True
1.02,0.005,0.95,0.4,0.0,0.25,0.75,5.37,-36.41,True
1.02,0.005,0.95,0.4,0.0,0.5,0.5,5.79,-33.47,True
1.02,0.005,0.95,0.4,0.0,0.75,0.25,6.14,-30.45,True
1.02,0.005,0.95,0.4,0.0,1.0,0.0,6.43,-27.33,True
1.02,0.005,0.95,0.4,0.1,0.0,1.0,5.51,-38.33,True
1.02,0.005,0.95,0.4,0.1,0.25,0.75,5.9,-35.21,True
1.02,0.005,0.95,0.4,0.1,0.5,0.5,6.24,-32.07,True
1.02,0.005,0.95,0.4,0.1,0.75,0.25,6.54,-28.9,True
1.02,0.005,0.95,0.4,0.1,1.0,0.0,6.78,-25.71,True
1.02,0.005,0.95,0.4,0.2,0.0,1.0,6.06,-37.73,True
1.02,0.005,0.95,0.4,0.2,0.25,0.75,6.37,-35.07,True
1.02,0.005,0.95,0.4,0.2,0.5,0.5,6.66,-32.36,True
1.02,0.005,0.95,0.4,0.2,0.75,0.25,6.9,-29.61,True
1.02,0.005,0.95,0.4,0.2,1.0,0.0,7.11,-26.82,True
1.02,0.005,0.95,0.4,0.3,0.0,1.0,6.56,-37.11,True
1.02,0.005,0.95,0.4,0.3,0.25,0.75,6.82,-34.86,True
1.02,0.005,0.95,0.4,0.3,0.5,0.5,7.05,-32.55,True
1.02,0.005,0.95,0.4,0.3,0.75,0.25,7.25,-30.2,True
1.02,0.005,0.95,0.4,0.3,1.0,0.0,7.41,-27.79,True
1.02,0.005,0.97,0.1,0.0,0.0,1.0,5.37,-38.57,True
1.02,0.005,0.97,0.1,0.0,0.25,0.75,5.57,-35.74,True
1.02,0.005,0.97,0.1,0.0,0.5,0.5,5.72,-32.86,True
1.02,0.005,0.97,0.1,0.0,0.75,0.25,5.81,-29.93,True
1.02,0.005,0.97,0.1,0.0,1.0,0.0,5.84,-26.95,True
1.02,0.005,0.97,0.1,0.1,0.0,1.0,5.97,-31.42,True
1.02,0.005,0.97,0.1,0.1,0.25,0.75,6.14,-28.91,True
1.02,0.005,0.97,0.1,0.1,0.5,0.5,6.26,-26.31,True
1.02,0.005,0.97,0.1,0.1,0.75,0.25,6.33,-23.62,True
1.02,0.005,0.97,0.1,0.1,1.0,0.0,6.35,-20.86,True
1.02,0.005,0.97,0.1,0.2,0.0,1.0,6.54,-24.86,True
1.02,0.005,0.97,0.1,0.2,0.25,0.75,6.67,-22.65,True
1.02,0.005,0.97,0.1,0.2,0.5,0.5,6.76,-20.3,True
1.02,0.005,0.97,0.1,0.2,0.75,0.25,6.81,-17.85,True
1.02,0.005,0.97,0.1,0.2,1.0,0.0,6.82,-15.31,True
1.02,0.005,0.97,0.1,0.3,0.0,1.0,7.04,-23.21,True
1.02,0.005,0.97,0.1,0.3,0.25,0.75,7.16,-22.15,True
1.02,0.005,0.97,0.1,0.3,0.5,0.5,7.25,-21.1,True
1.02,0.005,0.97,0.1,0.3,0.75,0.25,7.28,-20.07,True
1.02,0.005,0.97,0.1,0.3,1.0,0.0,7.29,-19.05,True
1.02,0.005,0.97,0.2,0.0,0.0,1.0,6.39,-34.6,True
1.02,0.005,0.97,0.2,0.0,0.25,0.75,6.56,-31.9,True
1.02,0.005,0.97,0.2,0.0,0.5,0.5,6.67,-29.17,True
1.02,0.005,0.97,0.2,0.0,0.75,0.25,6.72,-26.41,True
1.02,0.005,0.97,0.2,0.0,1.0,0.0,6.7,-23.63,True
1.02,0.005,0.97,0.2,0.1,0.0,1.0,6.53,-28.2,True
1.02,0.005,0.97,0.2,0.1,0.25,0.75,6.72,-25.86,True
1.02,0.005,0.97,0.2,0.1,0.5,0.5,6.85,-23.42,True
1.02,0.005,0.97,0.2,0.1,0.75,0.25,6.92,-20.9,True
1.02,0.005,0.97,0.2,0.1,1.0,0.0,6.93,-18.63,True
1.02,0.005,0.97,0.2,0.2,0.0,1.0,6.77,-25.05,True
1.02,0.005,0.97,0.2,0.2,0.25,0.75,6.94,-23.48,True
1.02,0.005,0.97,0.2,0.2,0.5,0.5,7.07,-21.93,True
1.02,0.005,0.97,0.2,0.2,0.75,0.25,7.15,-20.39,True
1.02,0.005,0.97,0.2,0.2,1.0,0.0,7.18,-18.87,True
1.02,0.005,0.97,0.2,0.3,0.0,1.0,7.13,-27.61,True
1.02,0.005,0.97,0.2,0.3,0.25,0.75,7.26,-26.43,True
1.02,0.005,0.97,0.2,0.3,0.5,0.5,7.36,-25.21,True
1.02,0.005,0.97,0.2,0.3,0.75,0.25,7.42,-23.94,True
1.02,0.005,0.97,0.2,0.3,1.0,0.0,7.44,-22.61,True
1.02,0.005,0.97,0.3,0.0,0.0,1.0,6.25,-31.29,True
1.02,0.005,0.97,0.3,0.0,0.25,0.75,6.46,-29.1,True
1.02,0.005,0.97,0.3,0.0,0.5,0.5,6.61,-26.87,True
1.02,0.005,0.97,0.3,0.0,0.75,0.25,6.69,-24.61,True
1.02,0.005,0.97,0.3,0.0,1.0,0.0,6.71,-22.31,True
1.02,0.005,0.97,0.3,0.1,0.0,1.0,6.59,-27.2,True
1.02,0.005,0.97,0.3,0.1,0.25,0.75,6.77,-25.41,True
1.02,0.005,0.97,0.3,0.1,0.5,0.5,6.9,-23.57,True
1.02,0.005,0.97,0.3,0.1,0.75,0.25,6.98,-21.67,True
1.02,0.005,0.97,0.3,0.1,1.0,0.0,7.0,-19.75,True
1.02,0.005,0.97,0.3,0.2,0.0,1.0,6.98,-26.22,True
1.02,0.005,0.97,0.3,0.2,0.25,0.75,7.13,-24.79,True
1.02,0.005,0.97,0.3,0.2,0.5,0.5,7.24,-23.33,True
1.02,0.005,0.97,0.3,0.2,0.75,0.25,7.31,-21.83,True
1.02,0.005,0.97,0.3,0.2,1.0,0.0,7.32,-20.24,True
1.02,0.005,0.97,0.3,0.3,0.0,1.0,7.31,-27.8,True
1.02,0.005,0.97,0.3,0.3,0.25,0.75,7.44,-26.61,True
1.02,0.005,0.97,0.3,0.3,0.5,0.5,7.53,-25.38,True
1.02,0.005,0.97,0.3,0.3,0.75,0.25,7.59,-24.09,True
1.02,0.005,0.97,0.3,0.3,1.0,0.0,7.61,-22.73,True
1.02,0.005,0.97,0.4,0.0,0.0,1.0,6.35,-31.82,True
1.02,0.005,0.97,0.4,0.0,0.25,0.75,6.56,-29.6,True
1.02,0.005,0.97,0.4,0.0,0.5,0.5,6.71,-27.33,True
1.02,0.005,0.97,0.4,0.0,0.75,0.25,6.8,-25.03,True
1.02,0.005,0.97,0.4,0.0,1.0,0.0,6.82,-22.68,True
1.02,0.005,0.97,0.4,0.1,0.0,1.0,6.75,-27.57,True
1.02,0.005,0.97,0.4,0.1,0.25,0.75,6.94,-25.75,True
1.02,0.005,0.97,0.4,0.1,0.5,0.5,7.06,-23.88,True
1.02,0.005,0.97,0.4,0.1,0.75,0.25,7.13,-21.96,True
1.02,0.005,0.97,0.4,0.1,1.0,0.0,7.15,-20.0,True
1.02,0.005,0.97,0.4,0.2,0.0,1.0,7.08,-26.34,True
1.02,0.005,0.97,0.4,0.2,0.25,0.75,7.23,-24.91,True
1.02,0.005,0.97,0.4,0.2,0.5,0.5,7.34,-23.43,True
1.02,0.005,0.97,0.4,0.2,0.75,0.25,7.41,-21.92,True
1.02,0.005,0.97,0.4,0.2,1.0,0.0,7.42,-20.36,True
1.02,0.005,0.97,0.4,0.3,0.0,1.0,7.35,-27.87,True
1.02,0.005,0.97,0.4,0.3,0.25,0.75,7.48,-26.66,True
1.02,0.005,0.97,0.4,0.3,0.5,0.5,7.58,-25.4,True
1.02,0.005,0.97,0.4,0.3,0.75,0.25,7.63,-24.09,True
1.02,0.005,0.97,0.4,0.3,1.0,0.0,7.65,-22.74,True
1.02,0.005,0.99,0.1,0.0,0.0,1.0,5.28,-38.3,True
1.02,0.005,0.99,0.1,0.0,0.25,0.75,5.43,-35.25,True
1.02,0.005,0.99,0.1,0.0,0.5,0.5,5.53,-32.1,True
1.02,0.005,0.99,0.1,0.0,0.75,0.25,5.57,-28.87,True
1.02,0.005,0.99,0.1,0.0,1.0,0.0,5.54,-25.54,True
1.02,0.005,0.99,0.1,0.1,0.0,1.0,5.77,-33.05,True
1.02,0.005,0.99,0.1,0.1,0.25,0.75,5.91,-30.36,True
1.02,0.005,0.99,0.1,0.1,0.5,0.5,6.0,-27.59,True
1.02,0.005,0.99,0.1,0.1,0.75,0.25,6.05,-24.74,True
1.02,0.005,0.99,0.1,0.1,1.0,0.0,6.04,-21.8,True
1.02,0.005,0.99,0.1,0.2,0.0,1.0,6.29,-27.49,True
1.02,0.005,0.99,0.1,0.2,0.25,0.75,6.41,-25.18,True
1.02,0.005,0.99,0.1,0.2,0.5,0.5,6.48,-22.8,True
1.02,0.005,0.99,0.1,0.2,0.75,0.25,6.51,-20.34,True
1.02,0.005,0.99,0.1,0.2,1.0,0.0,6.5,-17.81,True
1.02,0.005,0.99,0.1,0.3,0.0,1.0,6.75,-23.58,True
1.02,0.005,0.99,0.1,0.3,0.25,0.75,6.86,-22.5,True
1.02,0.005,0.99,0.1,0.3,0.5,0.5,6.93,-21.43,True
1.02,0.005,0.99,0.1,0.3,0.75,0.25,6.96,-20.37,True
1.02,0.005,0.99,0.1,0.3,1.0,0.0,6.95,-19.32,True
1.02,0.005,0.99,0.2,0.0,0.0,1.0,5.54,-34.7,True
1.02,0.005,0.99,0.2,0.0,0.25,0.75,5.73,-31.79,True
1.02,0.005,0.99,0.2,0.0,0.5,0.5,5.86,-28.78,True
1.02,0.005,0.99,0.2,0.0,0.75,0.25,5.92,-25.67,True
1.02,0.005,0.99,0.2,0.0,1.0,0.0,5.92,-22.46,True
1.02,0.005,0.99,0.2,0.1,0.0,1.0,5.86,-28.96,True
1.02,0.005,0.99,0.2,0.1,0.25,0.75,6.07,-26.45,True
1.02,0.005,0.99,0.2,0.1,0.5,0.5,6.22,-23.86,True
1.02,0.005,0.99,0.2,0.1,0.75,0.25,6.3,-21.18,True
1.02,0.005,0.99,0.2,0.1,1.0,0.0,6.32,-18.4,True
1.02,0.005,0.99,0.2,0.2,0.0,1.0,6.23,-25.47,True
1.02,0.005,0.99,0.2,0.2,0.25,0.75,6.42,-23.86,True
1.02,0.005,0.99,0.2,0.2,0.5,0.5,6.56,-22.26,True
1.02,0.005,0.99,0.2,0.2,0.75,0.25,6.64,-20.69,True
1.02,0.005,0.99,0.2,0.2,1.0,0.0,6.67,-19.09,True
1.02,0.005,0.99,0.2,0.3,0.0,1.0,6.68,-27.73,True
1.02,0.005,0.99,0.2,0.3,0.25,0.75,6.82,-26.56,True
1.02,0.005,0.99,0.2,0.3,0.5,0.5,6.93,-25.34,True
1.02,0.005,0.99,0.2,0.3,0.75,0.25,7.0,-24.07,True
1.02,0.005,0.99,0.2,0.3,1.0,0.0,7.02,-22.71,True
1.02,0.005,0.99,0.3,0.0,0.0,1.0,5.44,-32.31,True
1.02,0.005,0.99,0.3,0.0,0.25,0.75,5.67,-29.5,True
1.02,0.005,0.99,0.3,0.0,0.5,0.5,5.84,-26.6,True
1.02,0.005,0.99,0.3,0.0,0.75,0.25,5.94,-23.59,True
1.02,0.005,0.99,0.3,0.0,1.0,0.0,5.96,-20.49,True
1.02,0.005,0.99,0.3,0.1,0.0,1.0,5.92,-27.3,True
1.02,0.005,0.99,0.3,0.1,0.25,0.75,6.12,-24.86,True
1.02,0.005,0.99,0.3,0.1,0.5,0.5,6.27,-22.34,True
1.02,0.005,0.99,0.3,0.1,0.75,0.25,6.36,-19.75,True
1.02,0.005,0.99,0.3,0.1,1.0,0.0,6.39,-17.38,True
1.02,0.005,0.99,0.3,0.2,0.0,1.0,6.44,-26.26,True
1.02,0.005,0.99,0.3,0.2,0.25,0.75,6.61,-24.83,True
1.02,0.005,0.99,0.3,0.2,0.5,0.5,6.73,-23.37,True
1.02,0.005,0.99,0.3,0.2,0.75,0.25,6.8,-21.84,True
1.02,0.005,0.99,0.3,0.2,1.0,0.0,6.82,-20.25,True
1.02,0.005,0.99,0.3,0.3,0.0,1.0,6.88,-27.77,True
1.02,0.005,0.99,0.3,0.3,0.25,0.75,7.02,-26.58,True
1.02,0.005,0.99,0.3,0.3,0.5,0.5,7.13,-25.34,True
1.02,0.005,0.99,0.3,0.3,0.75,0.25,7.19,-24.04,True
1.02,0.005,0.99,0.3,0.3,1.0,0.0,7.21,-22.66,True
1.02,0.005,0.99,0.4,0.0,0.0,1.0,5.58,-30.48,True
1.02,0.005,0.99,0.4,0.0,0.25,0.75,5.82,-27.76,True
1.02,0.005,0.99,0.4,0.0,0.5,0.5,5.99,-24.94,True
1.02,0.005,0.99,0.4,0.0,0.75,0.25,6.09,-22.03,True
1.02,0.005,0.99,0.4,0.0,1.0,0.0,6.12,-19.02,True
1.02,0.005,0.99,0.4,0.1,0.0,1.0,6.12,-25.27,True
1.02,0.005,0.99,0.4,0.1,0.25,0.75,6.32,-22.92,True
1.02,0.005,0.99,0.4,0.1,0.5,0.5,6.47,-21.06,True
1.02,0.005,0.99,0.4,0.1,0.75,0.25,6.55,-19.33,True
1.02,0.005,0.99,0.4,0.1,1.0,0.0,6.57,-17.55,True
1.02,0.005,0.99,0.4,0.2,0.0,1.0,6.54,-26.27,True
1.02,0.005,0.99,0.4,0.2,0.25,0.75,6.71,-24.83,True
1.02,0.005,0.99,0.4,0.2,0.5,0.5,6.84,-23.35,True
1.02,0.005,0.99,0.4,0.2,0.75,0.25,6.92,-21.84,True
1.02,0.005,0.99,0.4,0.2,1.0,0.0,6.94,-20.25,True
1.02,0.005,0.99,0.4,0.3,0.0,1.0,6.9,-27.75,True
1.02,0.005,0.99,0.4,0.3,0.25,0.75,7.05,-26.53,True
1.02,0.005,0.99,0.4,0.3,0.5,0.5,7.16,-25.27,True
1.02,0.005,0.99,0.4,0.3,0.75,0.25,7.23,-23.96,True
1.02,0.005,0.99,0.4,0.3,1.0,0.0,7.25,-22.57,True
1.02,0.005,1.0,0.1,0.0,0.0,1.0,0.93,-32.88,True
1.02,0.005,1.0,0.1,0.0,0.25,0.75,1.36,-30.43,True
1.02,0.005,1.0,0.1,0.0,0.5,0.5,1.76,-27.94,True
1.02,0.005,1.0,0.1,0.0,0.75,0.25,2.11,-25.42,True
1.02,0.005,1.0,0.1,0.0,1.0,0.0,2.43,-22.86,True
1.02,0.005,1.0,0.1,0.1,0.0,1.0,2.61,-27.16,True
1.02,0.005,1.0,0.1,0.1,0.25,0.75,2.91,-24.77,True
1.02,0.005,1.0,0.1,0.1,0.5,0.5,3.19,-22.32,True
1.02,0.005,1.0,0.1,0.1,0.75,0.25,3.45,-20.17,True
1.02,0.005,1.0,0.1,0.1,1.0,0.0,3.69,-18.03,True
1.02,0.005,1.0,0.1,0.2,0.0,1.0,3.8,-22.59,True
1.02,0.005,1.0,0.1,0.2,0.25,0.75,4.02,-20.53,True
1.02,0.005,1.0,0.1,0.2,0.5,0.5,4.23,-18.43,True
1.02,0.005,1.0,0.1,0.2,0.75,0.25,4.43,-16.28,True
1.02,0.005,1.0,0.1,0.2,1.0,0.0,4.61,-14.07,True
1.02,0.005,1.0,0.1,0.3,0.0,1.0,4.81,-20.45,True
1.02,0.005,1.0,0.1,0.3,0.25,0.75,4.97,-19.65,True
1.02,0.005,1.0,0.1,0.3,0.5,0.5,5.12,-18.86,True
1.02,0.005,1.0,0.1,0.3,0.75,0.25,5.27,-18.08,True
1.02,0.005,1.0,0.1,0.3,1.0,0.0,5.41,-17.3,True
1.02,0.005,1.0,0.2,0.0,0.0,1.0,0.57,-33.12,True
1.02,0.005,1.0,0.2,0.0,0.25,0.75,1.09,-30.63,True
1.02,0.005,1.0,0.2,0.0,0.5,0.5,1.57,-28.11,True
1.02,0.005,1.0,0.2,0.0,0.75,0.25,2.0,-25.55,True
1.02,0.005,1.0,0.2,0.0,1.0,0.0,2.39,-22.95,True
1.02,0.005,1.0,0.2,0.1,0.0,1.0,2.44,-26.19,True
1.02,0.005,1.0,0.2,0.1,0.25,0.75,2.78,-24.24,True
1.02,0.005,1.0,0.2,0.1,0.5,0.5,3.1,-22.26,True
1.02,0.005,1.0,0.2,0.1,0.75,0.25,3.4,-20.22,True
1.02,0.005,1.0,0.2,0.1,1.0,0.0,3.68,-18.11,True
1.02,0.005,1.0,0.2,0.2,0.0,1.0,3.69,-20.4,True
1.02,0.005,1.0,0.2,0.2,0.25,0.75,3.93,-19.24,True
1.02,0.005,1.0,0.2,0.2,0.5,0.5,4.17,-18.1,True
1.02,0.005,1.0,0.2,0.2,0.75,0.25,4.4,-16.97,True
1.02,0.005,1.0,0.2,0.2,1.0,0.0,4.61,-15.82,True
1.02,0.005,1.0,0.2,0.3,0.0,1.0,4.81,-23.72,True
1.02,0.005,1.0,0.2,0.3,0.25,0.75,4.98,-22.78,True
1.02,0.005,1.0,0.2,0.3,0.5,0.5,5.14,-21.81,True
1.02,0.005,1.0,0.2,0.3,0.75,0.25,5.3,-20.81,True
1.02,0.005,1.0,0.2,0.3,1.0,0.0,5.44,-19.73,True
1.02,0.005,1.0,0.3,0.0,0.0,1.0,0.33,-32.43,True
1.02,0.005,1.0,0.3,0.0,0.25,0.75,0.9,-29.97,True
1.02,0.005,1.0,0.3,0.0,0.5,0.5,1.43,-27.49,True
1.02,0.005,1.0,0.3,0.0,0.75,0.25,1.91,-24.96,True
1.02,0.005,1.0,0.3,0.0,1.0,0.0,2.33,-22.4,True
1.02,0.005,1.0,0.3,0.1,0.0,1.0,2.43,-25.44,True
1.02,0.005,1.0,0.3,0.1,0.25,0.75,2.76,-23.6,True
1.02,0.005,1.0,0.3,0.1,0.5,0.5,3.09,-21.59,True
1.02,0.005,1.0,0.3,0.1,0.75,0.25,3.38,-19.51,True
1.02,0.005,1.0,0.3,0.1,1.0,0.0,3.66,-17.53,True
1.02,0.005,1.0,0.3,0.2,0.0,1.0,3.93,-21.72,True
1.02,0.005,1.0,0.3,0.2,0.25,0.75,4.16,-20.24,True
1.02,0.005,1.0,0.3,0.2,0.5,0.5,4.39,-19.12,True
1.02,0.005,1.0,0.3,0.2,0.75,0.25,4.59,-17.95,True
1.02,0.005,1.0,0.3,0.2,1.0,0.0,4.78,-16.75,True
1.02,0.005,1.0,0.3,0.3,0.0,1.0,5.01,-23.75,True
1.02,0.005,1.0,0.3,0.3,0.25,0.75,5.18,-22.79,True
1.02,0.005,1.0,0.3,0.3,0.5,0.5,5.34,-21.81,True
1.02,0.005,1.0,0.3,0.3,0.75,0.25,5.5,-20.79,True
1.02,0.005,1.0,0.3,0.3,1.0,0.0,5.64,-19.71,True
1.02,0.005,1.0,0.4,0.0,0.0,1.0,0.54,-31.06,True
1.02,0.005,1.0,0.4,0.0,0.25,0.75,1.11,-28.66,True
1.02,0.005,1.0,0.4,0.0,0.5,0.5,1.63,-26.24,True
1.02,0.005,1.0,0.4,0.0,0.75,0.25,2.1,-23.78,True
1.02,0.005,1.0,0.4,0.0,1.0,0.0,2.53,-21.29,True
1.02,0.005,1.0,0.4,0.1,0.0,1.0,2.71,-26.76,True
1.02,0.005,1.0,0.4,0.1,0.25,0.75,3.05,-24.82,True
1.02,0.005,1.0,0.4,0.1,0.5,0.5,3.37,-22.7,True
1.02,0.005,1.0,0.4,0.1,0.75,0.25,3.67,-20.39,True
1.02,0.005,1.0,0.4,0.1,1.0,0.0,3.94,-17.85,True
1.02,0.005,1.0,0.4,0.2,0.0,1.0,4.06,-22.33,True
1.02,0.005,1.0,0.4,0.2,0.25,0.75,4.3,-20.72,True
1.02,0.005,1.0,0.4,0.2,0.5,0.5,4.53,-19.14,True
1.02,0.005,1.0,0.4,0.2,0.75,0.25,4.75,-17.99,True
1.02,0.005,1.0,0.4,0.2,1.0,0.0,4.94,-16.78,True
1.02,0.005,1.0,0.4,0.3,0.0,1.0,5.11,-23.81,True
1.02,0.005,1.0,0.4,0.3,0.25,0.75,5.29,-22.83,True
1.02,0.005,1.0,0.4,0.3,0.5,0.5,5.45,-21.82,True
1.02,0.005,1.0,0.4,0.3,0.75,0.25,5.61,-20.79,True
1.02,0.005,1.0,0.4,0.3,1.0,0.0,5.75,-19.7,True
1.02,0.005,1.01,0.1,0.0,0.0,1.0,1.93,-28.56,True
1.02,0.005,1.01,0.1,0.0,0.25,0.75,2.27,-26.01,True
1.02,0.005,1.01,0.1,0.0,0.5,0.5,2.56,-23.41,True
1.02,0.005,1.01,0.1,0.0,0.75,0.25,2.82,-21.07,True
1.02,0.005,1.01,0.1,0.0,1.0,0.0,3.04,-18.7,True
1.02,0.005,1.01,0.1,0.1,0.0,1.0,3.21,-24.64,True
1.02,0.005,1.01,0.1,0.1,0.25,0.75,3.47,-22.38,True
1.02,0.005,1.01,0.1,0.1,0.5,0.5,3.7,-20.07,True
1.02,0.005,1.01,0.1,0.1,0.75,0.25,3.91,-17.72,True
1.02,0.005,1.01,0.1,0.1,1.0,0.0,4.08,-15.32,True
1.02,0.005,1.01,0.1,0.2,0.0,1.0,4.16,-20.55,True
1.02,0.005,1.01,0.1,0.2,0.25,0.75,4.36,-18.59,True
1.02,0.005,1.01,0.1,0.2,0.5,0.5,4.55,-16.6,True
1.02,0.005,1.01,0.1,0.2,0.75,0.25,4.72,-14.56,True
1.02,0.005,1.01,0.1,0.2,1.0,0.0,4.87,-12.47,True
1.02,0.005,1.01,0.1,0.3,0.0,1.0,5.01,-17.72,True
1.02,0.005,1.01,0.1,0.3,0.25,0.75,5.16,-17.15,True
1.02,0.005,1.01,0.1,0.3,0.5,0.5,5.31,-16.59,True
1.02,0.005,1.01,0.1,0.3,0.75,0.25,5.44,-16.04,True
1.02,0.005,1.01,0.1,0.3,1.0,0.0,5.56,-15.5,True
1.02,0.005,1.01,0.2,0.0,0.0,1.0,0.97,-28.26,True
1.02,0.005,1.01,0.2,0.0,0.25,0.75,1.44,-25.94,True
1.02,0.005,1.01,0.2,0.0,0.5,0.5,1.86,-23.59,True
1.02,0.005,1.01,0.2,0.0,0.75,0.25,2.25,-21.2,True
1.02,0.005,1.01,0.2,0.0,1.0,0.0,2.58,-18.8,True
1.02,0.005,1.01,0.2,0.1,0.0,1.0,2.68,-21.06,True
1.02,0.005,1.01,0.2,0.1,0.25,0.75,3.0,-19.35,True
1.02,0.005,1.01,0.2,0.1,0.5,0.5,3.29,-17.58,True
1.02,0.005,1.01,0.2,0.1,0.75,0.25,3.55,-15.81,True
1.02,0.005,1.01,0.2,0.1,1.0,0.0,3.78,-13.99,True
1.02,0.005,1.01,0.2,0.2,0.0,1.0,3.89,-17.29,True
1.02,0.005,1.01,0.2,0.2,0.25,0.75,4.1,-15.99,True
1.02,0.005,1.01,0.2,0.2,0.5,0.5,4.3,-14.54,True
1.02,0.005,1.01,0.2,0.2,0.75,0.25,4.5,-13.52,True
1.02,0.005,1.01,0.2,0.2,1.0,0.0,4.68,-12.77,True
1.02,0.005,1.01,0.2,0.3,0.0,1.0,4.89,-20.01,True
1.02,0.005,1.01,0.2,0.3,0.25,0.75,5.04,-19.19,True
1.02,0.005,1.01,0.2,0.3,0.5,0.5,5.19,-18.37,True
1.02,0.005,1.01,0.2,0.3,0.75,0.25,5.34,-17.56,True
1.02,0.005,1.01,0.2,0.3,1.0,0.0,5.47,-16.75,True
1.02,0.005,1.01,0.3,0.0,0.0,1.0,0.65,-27.52,True
1.02,0.005,1.01,0.3,0.0,0.25,0.75,1.18,-25.23,True
1.02,0.005,1.01,0.3,0.0,0.5,0.5,1.66,-22.92,True
1.02,0.005,1.01,0.3,0.0,0.75,0.25,2.09,-20.58,True
1.02,0.005,1.01,0.3,0.0,1.0,0.0,2.47,-18.22,True
1.02,0.005,1.01,0.3,0.1,0.0,1.0,2.55,-22.69,True
1.02,0.005,1.01,0.3,0.1,0.25,0.75,2.87,-21.03,True
1.02,0.005,1.01,0.3,0.1,0.5,0.5,3.17,-19.21,True
1.02,0.005,1.01,0.3,0.1,0.75,0.25,3.45,-17.21,True
1.02,0.005,1.01,0.3,0.1,1.0,0.0,3.71,-15.01,True
1.02,0.005,1.01,0.3,0.2,0.0,1.0,3.88,-19.18,True
1.02,0.005,1.01,0.3,0.2,0.25,0.75,4.11,-17.76,True
1.02,0.005,1.01,0.3,0.2,0.5,0.5,4.33,-16.18,True
1.02,0.005,1.01,0.3,0.2,0.75,0.25,4.53,-15.12,True
1.02,0.005,1.01,0.3,0.2,1.0,0.0,4.72,-14.19,True
1.02,0.005,1.01,0.3,0.3,0.0,1.0,4.88,-21.68,True
1.02,0.005,1.01,0.3,0.3,0.25,0.75,5.04,-20.8,True
1.02,0.005,1.01,0.3,0.3,0.5,0.5,5.2,-19.91,True
1.02,0.005,1.01,0.3,0.3,0.75,0.25,5.35,-18.98,True
1.02,0.005,1.01,0.3,0.3,1.0,0.0,5.5,-18.02,True
1.02,0.005,1.01,0.4,0.0,0.0,1.0,0.64,-28.2,True
1.02,0.005,1.01,0.4,0.0,0.25,0.75,1.18,-26.12,True
1.02,0.005,1.01,0.4,0.0,0.5,0.5,1.67,-23.91,True
1.02,0.005,1.01,0.4,0.0,0.75,0.25,2.12,-21.51,True
1.02,0.005,1.01,0.4,0.0,1.0,0.0,2.51,-18.89,True
1.02,0.005,1.01,0.4,0.1,0.0,1.0,2.56,-24.27,True
1.02,0.005,1.01,0.4,0.1,0.25,0.75,2.9,-22.51,True
1.02,0.005,1.01,0.4,0.1,0.5,0.5,3.22,-20.59,True
1.02,0.005,1.01,0.4,0.1,0.75,0.25,3.52,-18.47,True
1.02,0.005,1.01,0.4,0.1,1.0,0.0,3.79,-16.13,True
1.02,0.005,1.01,0.4,0.2,0.0,1.0,3.88,-19.74,True
1.02,0.005,1.01,0.4,0.2,0.25,0.75,4.11,-18.37,True
1.02,0.005,1.01,0.4,0.2,0.5,0.5,4.33,-17.32,True
1.02,0.005,1.01,0.4,0.2,0.75,0.25,4.54,-16.29,True
1.02,0.005,1.01,0.4,0.2,1.0,0.0,4.73,-15.26,True
1.02,0.005,1.01,0.4,0.3,0.0,1.0,4.91,-22.53,True
1.02,0.005,1.01,0.4,0.3,0.25,0.75,5.07,-21.55,True
1.02,0.005,1.01,0.4,0.3,0.5,0.5,5.23,-20.55,True
1.02,0.005,1.01,0.4,0.3,0.75,0.25,5.39,-19.55,True
1.02,0.005,1.01,0.4,0.3,1.0,0.0,5.52,-18.54,True
1.02,0.01,0.95,0.1,0.0,0.0,1.0,6.88,-33.93,True
1.02,0.01,0.95,0.1,0.0,0.25,0.75,6.98,-31.45,True
1.02,0.01,0.95,0.1,0.0,0.5,0.5,7.03,-28.94,True
1.02,0.01,0.95,0.1,0.0,0.75,0.25,7.04,-26.4,True
1.02,0.01,0.95,0.1,0.0,1.0,0.0,7.0,-23.81,True
1.02,0.01,0.95,0.1,0.1,0.0,1.0,7.04,-32.84,True
1.02,0.01,0.95,0.1,0.1,0.25,0.75,7.14,-30.31,True
1.02,0.01,0.95,0.1,0.1,0.5,0.5,7.2,-27.74,True
1.02,0.01,0.95,0.1,0.1,0.75,0.25,7.22,-25.12,True
1.02,0.01,0.95,0.1,0.1,1.0,0.0,7.19,-22.44,True
1.02,0.01,0.95,0.1,0.2,0.0,1.0,7.04,-31.65,True
1.02,0.01,0.95,0.1,0.2,0.25,0.75,7.15,-29.08,True
1.02,0.01,0.95,0.1,0.2,0.5,0.5,7.23,-26.45,True
1.02,0.01,0.95,0.1,0.2,0.75,0.25,7.28,-23.77,True
1.02,0.01,0.95,0.1,0.2,1.0,0.0,7.29,-21.02,True
1.02,0.01,0.95,0.1,0.3,0.0,1.0,7.3,-28.93,True
1.02,0.01,0.95,0.1,0.3,0.25,0.75,7.41,-26.28,True
1.02,0.01,0.95,0.1,0.3,0.5,0.5,7.5,-23.54,True
1.02,0.01,0.95,0.1,0.3,0.75,0.25,7.55,-20.71,True
1.02,0.01,0.95,0.1,0.3,1.0,0.0,7.57,-17.8,True
1.02,0.01,0.95,0.2,0.0,0.0,1.0,6.97,-44.75,False
1.02,0.01,0.95,0.2,0.0,0.25,0.75,7.15,-41.57,False
1.02,0.01,0.95,0.2,0.0,0.5,0.5,7.28,-38.32,True
1.02,0.01,0.95,0.2,0.0,0.75,0.25,7.35,-35.01,True
1.02,0.01,0.95,0.2,0.0,1.0,0.0,7.36,-31.63,True
1.02,0.01,0.95,0.2,0.1,0.0,1.0,7.17,-40.13,False
1.02,0.01,0.95,0.2,0.1,0.25,0.75,7.34,-37.06,True
1.02,0.01,0.95,0.2,0.1,0.5,0.5,7.46,-33.9,True
1.02,0.01,0.95,0.2,0.1,0.75,0.25,7.53,-30.67,True
1.02,0.01,0.95,0.2,0.1,1.0,0.0,7.55,-27.36,True
1.02,0.01,0.95,0.2,0.2,0.0,1.0,7.37,-34.89,True
1.02,0.01,0.95,0.2,0.2,0.25,0.75,7.52,-32.0,True
1.02,0.01,0.95,0.2,0.2,0.5,0.5,7.64,-29.01,True
1.02,0.01,0.95,0.2,0.2,0.75,0.25,7.71,-25.92,True
1.02,0.01,0.95,0.2,0.2,1.0,0.0,7.74,-22.75,True
1.02,0.01,0.95,0.2,0.3,0.0,1.0,7.47,-27.65,True
1.02,0.01,0.95,0.2,0.3,0.25,0.75,7.62,-25.19,True
1.02,0.01,0.95,0.2,0.3,0.5,0.5,7.75,-22.58,True
1.02,0.01,0.95,0.2,0.3,0.75,0.25,7.83,-20.22,True
1.02,0.01,0.95,0.2,0.3,1.0,0.0,7.88,-18.15,True
1.02,0.01,0.95,0.3,0.0,0.0,1.0,6.85,-41.6,False
1.02,0.01,0.95,0.3,0.0,0.25,0.75,7.07,-38.51,True
1.02,0.01,0.95,0.3,0.0,0.5,0.5,7.24,-35.38,True
1.02,0.01,0.95,0.3,0.0,0.75,0.25,7.35,-32.2,True
1.02,0.01,0.95,0.3,0.0,1.0,0.0,7.4,-28.98,True
1.02,0.01,0.95,0.3,0.1,0.0,1.0,6.96,-35.23,True
1.02,0.01,0.95,0.3,0.1,0.25,0.75,7.18,-32.43,True
1.02,0.01,0.95,0.3,0.1,0.5,0.5,7.35,-29.55,True
1.02,0.01,0.95,0.3,0.1,0.75,0.25,7.47,-26.67,True
1.02,0.01,0.95,0.3,0.1,1.0,0.0,7.54,-23.93,True
1.02,0.01,0.95,0.3,0.2,0.0,1.0,7.19,-31.36,True
1.02,0.01,0.95,0.3,0.2,0.25,0.75,7.39,-29.03,True
1.02,0.01,0.95,0.3,0.2,0.5,0.5,7.54,-26.65,True
1.02,0.01,0.95,0.3,0.2,0.75,0.25,7.66,-24.21,True
1.02,0.01,0.95,0.3,0.2,1.0,0.0,7.73,-21.72,True
1.02,0.01,0.95,0.3,0.3,0.0,1.0,7.39,-28.25,True
1.02,0.01,0.95,0.3,0.3,0.25,0.75,7.58,-26.13,True
1.02,0.01,0.95,0.3,0.3,0.5,0.5,7.73,-23.98,True
1.02,0.01,0.95,0.3,0.3,0.75,0.25,7.85,-21.77,True
1.02,0.01,0.95,0.3,0.3,1.0,0.0,7.93,-19.52,True
1.02,0.01,0.95,0.4,0.0,0.0,1.0,6.75,-38.14,True
1.02,0.01,0.95,0.4,0.0,0.25,0.75,7.0,-35.36,True
1.02,0.01,0.95,0.4,0.0,0.5,0.5,7.19,-32.5,True
1.02,0.01,0.95,0.4,0.0,0.75,0.25,7.33,-29.55,True
1.02,0.01,0.95,0.4,0.0,1.0,0.0,7.42,-26.51,True
1.02,0.01,0.95,0.4,0.1,0.0,1.0,6.96,-35.1,True
1.02,0.01,0.95,0.4,0.1,0.25,0.75,7.2,-32.52,True
1.02,0.01,0.95,0.4,0.1,0.5,0.5,7.38,-29.86,True
1.02,0.01,0.95,0.4,0.1,0.75,0.25,7.53,-27.14,True
1.02,0.01,0.95,0.4,0.1,1.0,0.0,7.62,-24.33,True
1.02,0.01,0.95,0.4,0.2,0.0,1.0,7.13,-32.0,True
1.02,0.01,0.95,0.4,0.2,0.25,0.75,7.35,-29.63,True
1.02,0.01,0.95,0.4,0.2,0.5,0.5,7.53,-27.19,True
1.02,0.01,0.95,0.4,0.2,0.75,0.25,7.67,-24.69,True
1.02,0.01,0.95,0.4,0.2,1.0,0.0,7.77,-22.13,True
1.02,0.01,0.95,0.4,0.3,0.0,1.0,7.22,-28.68,True
1.02,0.01,0.95,0.4,0.3,0.25,0.75,7.43,-26.53,True
1.02,0.01,0.95,0.4,0.3,0.5,0.5,7.6,-24.74,True
1.02,0.01,0.95,0.4,0.3,0.75,0.25,7.74,-23.1,True
1.02,0.01,0.95,0.4,0.3,1.0,0.0,7.84,-21.47,True
1.02,0.01,0.97,0.1,0.0,0.0,1.0,5.51,-27.96,True
1.02,0.01,0.97,0.1,0.0,0.25,0.75,5.61,-25.85,True
1.02,0.01,0.97,0.1,0.0,0.5,0.5,5.66,-23.71,True
1.02,0.01,0.97,0.1,0.0,0.75,0.25,5.68,-21.55,True
1.02,0.01,0.97,0.1,0.0,1.0,0.0,5.64,-19.37,True
1.02,0.01,0.97,0.1,0.1,0.0,1.0,6.02,-26.31,True
1.02,0.01,0.97,0.1,0.1,0.25,0.75,6.11,-24.14,True
1.02,0.01,0.97,0.1,0.1,0.5,0.5,6.16,-21.94,True
1.02,0.01,0.97,0.1,0.1,0.75,0.25,6.18,-19.69,True
1.02,0.01,0.97,0.1,0.1,1.0,0.0,6.15,-17.41,True
1.02,0.01,0.97,0.1,0.2,0.0,1.0,6.26,-23.99,True
1.02,0.01,0.97,0.1,0.2,0.25,0.75,6.35,-21.75,True
1.02,0.01,0.97,0.1,0.2,0.5,0.5,6.42,-19.46,True
1.02,0.01,0.97,0.1,0.2,0.75,0.25,6.45,-17.12,True
1.02,0.01,0.97,0.1,0.2,1.0,0.0,6.45,-14.73,True
1.02,0.01,0.97,0.1,0.3,0.0,1.0,6.76,-19.47,True
1.02,0.01,0.97,0.1,0.3,0.25,0.75,6.83,-18.74,True
1.02,0.01,0.97,0.1,0.3,0.5,0.5,6.88,-18.04,True
1.02,0.01,0.97,0.1,0.3,0.75,0.25,6.9,-17.35,True
1.02,0.01,0.97,0.1,0.3,1.0,0.0,6.91,-16.67,True
1.02,0.01,0.97,0.2,0.0,0.0,1.0,5.52,-37.19,True
1.02,0.01,0.97,0.2,0.0,0.25,0.75,5.71,-34.41,True
1.02,0.01,0.97,0.2,0.0,0.5,0.5,5.84,-31.58,True
1.02,0.01,0.97,0.2,0.0,0.75,0.25,5.92,-28.72,True
1.02,0.01,0.97,0.2,0.0,1.0,0.0,5.93,-25.83,True
1.02,0.01,0.97,0.2,0.1,0.0,1.0,6.06,-30.79,True
1.02,0.01,0.97,0.2,0.1,0.25,0.75,6.22,-28.28,True
1.02,0.01,0.97,0.2,0.1,0.5,0.5,6.33,-25.69,True
1.02,0.01,0.97,0.2,0.1,0.75,0.25,6.4,-23.04,True
1.02,0.01,0.97,0.2,0.1,1.0,0.0,6.41,-20.31,True
1.02,0.01,0.97,0.2,0.2,0.0,1.0,6.33,-22.7,True
1.02,0.01,0.97,0.2,0.2,0.25,0.75,6.51,-20.8,True
1.02,0.01,0.97,0.2,0.2,0.5,0.5,6.64,-18.73,True
1.02,0.01,0.97,0.2,0.2,0.75,0.25,6.73,-16.5,True
1.02,0.01,0.97,0.2,0.2,1.0,0.0,6.77,-14.92,True
1.02,0.01,0.97,0.2,0.3,0.0,1.0,6.69,-21.84,True
1.02,0.01,0.97,0.2,0.3,0.25,0.75,6.84,-20.92,True
1.02,0.01,0.97,0.2,0.3,0.5,0.5,6.96,-20.01,True
1.02,0.01,0.97,0.2,0.3,0.75,0.25,7.04,-19.1,True
1.02,0.01,0.97,0.2,0.3,1.0,0.0,7.08,-18.21,True
1.02,0.01,0.97,0.3,0.0,0.0,1.0,5.69,-33.61,True
1.02,0.01,0.97,0.3,0.0,0.25,0.75,5.89,-30.98,True
1.02,0.01,0.97,0.3,0.0,0.5,0.5,6.04,-28.32,True
1.02,0.01,0.97,0.3,0.0,0.75,0.25,6.12,-25.65,True
1.02,0.01,0.97,0.3,0.0,1.0,0.0,6.15,-22.96,True
1.02,0.01,0.97,0.3,0.1,0.0,1.0,5.99,-25.69,True
1.02,0.01,0.97,0.3,0.1,0.25,0.75,6.19,-24.03,True
1.02,0.01,0.97,0.3,0.1,0.5,0.5,6.33,-22.32,True
1.02,0.01,0.97,0.3,0.1,0.75,0.25,6.43,-20.56,True
1.02,0.01,0.97,0.3,0.1,1.0,0.0,6.48,-18.75,True
1.02,0.01,0.97,0.3,0.2,0.0,1.0,6.32,-22.13,True
1.02,0.01,0.97,0.3,0.2,0.25,0.75,6.5,-20.78,True
1.02,0.01,0.97,0.3,0.2,0.5,0.5,6.64,-19.37,True
1.02,0.01,0.97,0.3,0.2,0.75,0.25,6.74,-17.91,True
1.02,0.01,0.97,0.3,0.2,1.0,0.0,6.8,-16.4,True
1.02,0.01,0.97,0.3,0.3,0.0,1.0,6.56,-23.48,True
1.02,0.01,0.97,0.3,0.3,0.25,0.75,6.74,-22.4,True
1.02,0.01,0.97,0.3,0.3,0.5,0.5,6.89,-21.34,True
1.02,0.01,0.97,0.3,0.3,0.75,0.25,7.01,-20.28,True
1.02,0.01,0.97,0.3,0.3,1.0,0.0,7.09,-19.24,True
1.02,0.01,0.97,0.4,0.0,0.0,1.0,5.61,-30.57,True
1.02,0.01,0.97,0.4,0.0,0.25,0.75,5.83,-28.43,True
1.02,0.01,0.97,0.4,0.0,0.5,0.5,6.0,-26.26,True
1.02,0.01,0.97,0.4,0.0,0.75,0.25,6.11,-24.05,True
1.02,0.01,0.97,0.4,0.0,1.0,0.0,6.16,-21.81,True
1.02,0.01,0.97,0.4,0.1,0.0,1.0,5.9,-26.49,True
1.02,0.01,0.97,0.4,0.1,0.25,0.75,6.13,-24.75,True
1.02,0.01,0.97,0.4,0.1,0.5,0.5,6.3,-22.96,True
1.02,0.01,0.97,0.4,0.1,0.75,0.25,6.42,-21.12,True
1.02,0.01,0.97,0.4,0.1,1.0,0.0,6.49,-19.23,True
1.02,0.01,0.97,0.4,0.2,0.0,1.0,6.12,-22.56,True
1.02,0.01,0.97,0.4,0.2,0.25,0.75,6.33,-21.2,True
1.02,0.01,0.97,0.4,0.2,0.5,0.5,6.51,-19.77,True
1.02,0.01,0.97,0.4,0.2,0.75,0.25,6.65,-18.29,True
1.02,0.01,0.97,0.4,0.2,1.0,0.0,6.74,-16.75,True
1.02,0.01,0.97,0.4,0.3,0.0,1.0,6.28,-25.8,True
1.02,0.01,0.97,0.4,0.3,0.25,0.75,6.49,-24.5,True
1.02,0.01,0.97,0.4,0.3,0.5,0.5,6.68,-23.23,True
1.02,0.01,0.97,0.4,0.3,0.75,0.25,6.82,-21.96,True
1.02,0.01,0.97,0.4,0.3,1.0,0.0,6.93,-20.71,True
1.02,0.01,0.99,0.1,0.0,0.0,1.0,5.39,-35.55,True
1.02,0.01,0.99,0.1,0.0,0.25,0.75,5.44,-32.71,True
1.02,0.01,0.99,0.1,0.0,0.5,0.5,5.44,-29.79,True
1.02,0.01,0.99,0.1,0.0,0.75,0.25,5.4,-26.8,True
1.02,0.01,0.99,0.1,0.0,1.0,0.0,5.31,-23.74,True
1.02,0.01,0.99,0.1,0.1,0.0,1.0,6.03,-30.78,True
1.02,0.01,0.99,0.1,0.1,0.25,0.75,6.1,-28.25,True
1.02,0.01,0.99,0.1,0.1,0.5,0.5,6.12,-25.65,True
1.02,0.01,0.99,0.1,0.1,0.75,0.25,6.09,-22.99,True
1.02,0.01,0.99,0.1,0.1,1.0,0.0,6.01,-20.25,True
1.02,0.01,0.99,0.1,0.2,0.0,1.0,6.17,-26.78,True
1.02,0.01,0.99,0.1,0.2,0.25,0.75,6.25,-24.5,True
1.02,0.01,0.99,0.1,0.2,0.5,0.5,6.29,-22.15,True
1.02,0.01,0.99,0.1,0.2,0.75,0.25,6.3,-19.75,True
1.02,0.01,0.99,0.1,0.2,1.0,0.0,6.28,-17.29,True
1.02,0.01,0.99,0.1,0.3,0.0,1.0,6.71,-22.95,True
1.02,0.01,0.99,0.1,0.3,0.25,0.75,6.76,-20.95,True
1.02,0.01,0.99,0.1,0.3,0.5,0.5,6.79,-18.9,True
1.02,0.01,0.99,0.1,0.3,0.75,0.25,6.79,-17.75,True
1.02,0.01,0.99,0.1,0.3,1.0,0.0,6.76,-17.05,True
1.02,0.01,0.99,0.2,0.0,0.0,1.0,5.36,-39.02,True
1.02,0.01,0.99,0.2,0.0,0.25,0.75,5.52,-35.95,True
1.02,0.01,0.99,0.2,0.0,0.5,0.5,5.61,-32.79,True
1.02,0.01,0.99,0.2,0.0,0.75,0.25,5.65,-29.52,True
1.02,0.01,0.99,0.2,0.0,1.0,0.0,5.62,-26.15,True
1.02,0.01,0.99,0.2,0.1,0.0,1.0,5.78,-33.62,True
1.02,0.01,0.99,0.2,0.1,0.25,0.75,5.92,-30.93,True
1.02,0.01,0.99,0.2,0.1,0.5,0.5,6.03,-28.14,True
1.02,0.01,0.99,0.2,0.1,0.75,0.25,6.08,-25.26,True
1.02,0.01,0.99,0.2,0.1,1.0,0.0,6.09,-22.28,True
1.02,0.01,0.99,0.2,0.2,0.0,1.0,6.08,-27.99,True
1.02,0.01,0.99,0.2,0.2,0.25,0.75,6.23,-25.69,True
1.02,0.01,0.99,0.2,0.2,0.5,0.5,6.35,-23.31,True
1.02,0.01,0.99,0.2,0.2,0.75,0.25,6.43,-20.85,True
1.02,0.01,0.99,0.2,0.2,1.0,0.0,6.46,-18.29,True
1.02,0.01,0.99,0.2,0.3,0.0,1.0,6.44,-22.38,True
1.02,0.01,0.99,0.2,0.3,0.25,0.75,6.59,-21.14,True
1.02,0.01,0.99,0.2,0.3,0.5,0.5,6.7,-20.21,True
1.02,0.01,0.99,0.2,0.3,0.75,0.25,6.79,-19.29,True
1.02,0.01,0.99,0.2,0.3,1.0,0.0,6.83,-18.38,True
1.02,0.01,0.99,0.3,0.0,0.0,1.0,5.33,-37.4,True
1.02,0.01,0.99,0.3,0.0,0.25,0.75,5.52,-34.41,True
1.02,0.01,0.99,0.3,0.0,0.5,0.5,5.65,-31.31,True
1.02,0.01,0.99,0.3,0.0,0.75,0.25,5.72,-28.09,True
1.02,0.01,0.99,0.3,0.0,1.0,0.0,5.72,-24.76,True
1.02,0.01,0.99,0.3,0.1,0.0,1.0,5.66,-31.23,True
1.02,0.01,0.99,0.3,0.1,0.25,0.75,5.85,-28.66,True
1.02,0.01,0.99,0.3,0.1,0.5,0.5,6.0,-25.99,True
1.02,0.01,0.99,0.3,0.1,0.75,0.25,6.09,-23.22,True
1.02,0.01,0.99,0.3,0.1,1.0,0.0,6.12,-20.33,True
1.02,0.01,0.99,0.3,0.2,0.0,1.0,6.02,-25.26,True
1.02,0.01,0.99,0.3,0.2,0.25,0.75,6.22,-23.09,True
1.02,0.01,0.99,0.3,0.2,0.5,0.5,6.37,-20.82,True
1.02,0.01,0.99,0.3,0.2,0.75,0.25,6.46,-18.46,True
1.02,0.01,0.99,0.3,0.2,1.0,0.0,6.51,-16.01,True
1.02,0.01,0.99,0.3,0.3,0.0,1.0,6.38,-23.4,True
1.02,0.01,0.99,0.3,0.3,0.25,0.75,6.55,-22.33,True
1.02,0.01,0.99,0.3,0.3,0.5,0.5,6.69,-21.26,True
1.02,0.01,0.99,0.3,0.3,0.75,0.25,6.8,-20.21,True
1.02,0.01,0.99,0.3,0.3,1.0,0.0,6.86,-19.16,True
1.02,0.01,0.99,0.4,0.0,0.0,1.0,5.31,-34.5,True
1.02,0.01,0.99,0.4,0.0,0.25,0.75,5.52,-31.62,True
1.02,0.01,0.99,0.4,0.0,0.5,0.5,5.67,-28.64,True
1.02,0.01,0.99,0.4,0.0,0.75,0.25,5.75,-25.55,True
1.02,0.01,0.99,0.4,0.0,1.0,0.0,5.78,-22.34,True
1.02,0.01,0.99,0.4,0.1,0.0,1.0,5.63,-28.27,True
1.02,0.01,0.99,0.4,0.1,0.25,0.75,5.85,-25.81,True
1.02,0.01,0.99,0.4,0.1,0.5,0.5,6.01,-23.26,True
1.02,0.01,0.99,0.4,0.1,0.75,0.25,6.12,-20.6,True
1.02,0.01,0.99,0.4,0.1,1.0,0.0,6.17,-17.85,True
1.02,0.01,0.99,0.4,0.2,0.0,1.0,5.94,-23.38,True
1.02,0.01,0.99,0.4,0.2,0.25,0.75,6.15,-21.2,True
1.02,0.01,0.99,0.4,0.2,0.5,0.5,6.32,-18.93,True
1.02,0.01,0.99,0.4,0.2,0.75,0.25,6.44,-17.42,True
1.02,0.01,0.99,0.4,0.2,1.0,0.0,6.5,-16.2,True
1.02,0.01,0.99,0.4,0.3,0.0,1.0,6.14,-25.5,True
1.02,0.01,0.99,0.4,0.3,0.25,0.75,6.37,-24.23,True
1.02,0.01,0.99,0.4,0.3,0.5,0.5,6.54,-22.97,True
1.02,0.01,0.99,0.4,0.3,0.75,0.25,6.67,-21.72,True
1.02,0.01,0.99,0.4,0.3,1.0,0.0,6.75,-20.44,True
1.02,0.01,1.0,0.1,0.0,0.0,1.0,1.44,-28.7,True
1.02,0.01,1.0,0.1,0.0,0.25,0.75,1.73,-26.23,True
1.02,0.01,1.0,0.1,0.0,0.5,0.5,1.99,-23.72,True
1.02,0.01,1.0,0.1,0.0,0.75,0.25,2.23,-21.16,True
1.02,0.01,1.0,0.1,0.0,1.0,0.0,2.44,-18.56,True
1.02,0.01,1.0,0.1,0.1,0.0,1.0,3.05,-24.64,True
1.02,0.01,1.0,0.1,0.1,0.25,0.75,3.27,-22.46,True
1.02,0.01,1.0,0.1,0.1,0.5,0.5,3.46,-20.23,True
1.02,0.01,1.0,0.1,0.1,0.75,0.25,3.64,-17.97,True
1.02,0.01,1.0,0.1,0.1,1.0,0.0,3.79,-15.65,True
1.02,0.01,1.0,0.1,0.2,0.0,1.0,3.99,-20.92,True
1.02,0.01,1.0,0.1,0.2,0.25,0.75,4.17,-18.98,True
1.02,0.01,1.0,0.1,0.2,0.5,0.5,4.34,-17.0,True
1.02,0.01,1.0,0.1,0.2,0.75,0.25,4.5,-14.98,True
1.02,0.01,1.0,0.1,0.2,1.0,0.0,4.64,-12.92,True
1.02,0.01,1.0,0.1,0.3,0.0,1.0,4.91,-18.01,True
1.02,0.01,1.0,0.1,0.3,0.25,0.75,5.04,-17.46,True
1.02,0.01,1.0,0.1,0.3,0.5,0.5,5.17,-16.91,True
1.02,0.01,1.0,0.1,0.3,0.75,0.25,5.29,-16.37,True
1.02,0.01,1.0,0.1,0.3,1.0,0.0,5.41,-15.84,True
1.02,0.01,1.0,0.2,0.0,0.0,1.0,1.19,-32.52,True
1.02,0.01,1.0,0.2,0.0,0.25,0.75,1.59,-30.15,True
1.02,0.01,1.0,0.2,0.0,0.5,0.5,1.97,-27.73,True
1.02,0.01,1.0,0.2,0.0,0.75,0.25,2.3,-25.26,True
1.02,0.01,1.0,0.2,0.0,1.0,0.0,2.6,-22.76,True
1.02,0.01,1.0,0.2,0.1,0.0,1.0,2.65,-27.74,True
1.02,0.01,1.0,0.2,0.1,0.25,0.75,2.95,-25.65,True
1.02,0.01,1.0,0.2,0.1,0.5,0.5,3.23,-23.51,True
1.02,0.01,1.0,0.2,0.1,0.75,0.25,3.49,-21.32,True
1.02,0.01,1.0,0.2,0.1,1.0,0.0,3.72,-19.06,True
1.02,0.01,1.0,0.2,0.2,0.0,1.0,3.72,-23.65,True
1.02,0.01,1.0,0.2,0.2,0.25,0.75,3.95,-21.79,True
1.02,0.01,1.0,0.2,0.2,0.5,0.5,4.17,-19.86,True
1.02,0.01,1.0,0.2,0.2,0.75,0.25,4.38,-17.87,True
1.02,0.01,1.0,0.2,0.2,1.0,0.0,4.58,-15.81,True
1.02,0.01,1.0,0.2,0.3,0.0,1.0,4.6,-19.99,True
1.02,0.01,1.0,0.2,0.3,0.25,0.75,4.78,-19.25,True
1.02,0.01,1.0,0.2,0.3,0.5,0.5,4.96,-18.51,True
1.02,0.01,1.0,0.2,0.3,0.75,0.25,5.14,-17.77,True
1.02,0.01,1.0,0.2,0.3,1.0,0.0,5.31,-17.05,True
1.02,0.01,1.0,0.3,0.0,0.0,1.0,0.58,-37.48,True
1.02,0.01,1.0,0.3,0.0,0.25,0.75,1.07,-34.84,True
1.02,0.01,1.0,0.3,0.0,0.5,0.5,1.52,-32.12,True
1.02,0.01,1.0,0.3,0.0,0.75,0.25,1.93,-29.34,True
1.02,0.01,1.0,0.3,0.0,1.0,0.0,2.3,-26.48,True
1.02,0.01,1.0,0.3,0.1,0.0,1.0,2.24,-32.64,True
1.02,0.01,1.0,0.3,0.1,0.25,0.75,2.58,-30.4,True
1.02,0.01,1.0,0.3,0.1,0.5,0.5,2.89,-28.07,True
1.02,0.01,1.0,0.3,0.1,0.75,0.25,3.19,-25.63,True
1.02,0.01,1.0,0.3,0.1,1.0,0.0,3.47,-23.1,True
1.02,0.01,1.0,0.3,0.2,0.0,1.0,3.52,-26.62,True
1.02,0.01,1.0,0.3,0.2,0.25,0.75,3.77,-24.8,True
1.02,0.01,1.0,0.3,0.2,0.5,0.5,4.01,-22.87,True
1.02,0.01,1.0,0.3,0.2,0.75,0.25,4.24,-20.83,True
1.02,0.01,1.0,0.3,0.2,1.0,0.0,4.47,-18.67,True
1.02,0.01,1.0,0.3,0.3,0.0,1.0,4.64,-20.72,True
1.02,0.01,1.0,0.3,0.3,0.25,0.75,4.82,-19.88,True
1.02,0.01,1.0,0.3,0.3,0.5,0.5,5.0,-19.07,True
1.02,0.01,1.0,0.3,0.3,0.75,0.25,5.17,-18.26,True
1.02,0.01,1.0,0.3,0.3,1.0,0.0,5.34,-17.46,True
1.02,0.01,1.0,0.4,0.0,0.0,1.0,0.26,-40.82,False
1.02,0.01,1.0,0.4,0.0,0.25,0.75,0.8,-37.99,True
1.02,0.01,1.0,0.4,0.0,0.5,0.5,1.29,-35.08,True
1.02,0.01,1.0,0.4,0.0,0.75,0.25,1.75,-32.08,True
1.02,0.01,1.0,0.4,0.0,1.0,0.0,2.17,-29.0,True
1.02,0.01,1.0,0.4,0.1,0.0,1.0,2.14,-34.35,True
1.02,0.01,1.0,0.4,0.1,0.25,0.75,2.49,-32.02,True
1.02,0.01,1.0,0.4,0.1,0.5,0.5,2.83,-29.58,True
1.02,0.01,1.0,0.4,0.1,0.75,0.25,3.15,-27.03,True
1.02,0.01,1.0,0.4,0.1,1.0,0.0,3.46,-24.39,True
1.02,0.01,1.0,0.4,0.2,0.0,1.0,3.59,-27.53,True
1.02,0.01,1.0,0.4,0.2,0.25,0.75,3.82,-25.77,True
1.02,0.01,1.0,0.4,0.2,0.5,0.5,4.06,-23.86,True
1.02,0.01,1.0,0.4,0.2,0.75,0.25,4.29,-21.82,True
1.02,0.01,1.0,0.4,0.2,1.0,0.0,4.5,-19.7,True
1.02,0.01,1.0,0.4,0.3,0.0,1.0,4.58,-22.28,True
1.02,0.01,1.0,0.4,0.3,0.25,0.75,4.77,-21.31,True
1.02,0.01,1.0,0.4,0.3,0.5,0.5,4.96,-20.34,True
1.02,0.01,1.0,0.4,0.3,0.75,0.25,5.15,-19.38,True
1.02,0.01,1.0,0.4,0.3,1.0,0.0,5.32,-18.38,True
1.02,0.01,1.01,0.1,0.0,0.0,1.0,2.04,-25.57,True
1.02,0.01,1.01,0.1,0.0,0.25,0.75,2.25,-23.29,True
1.02,0.01,1.01,0.1,0.0,0.5,0.5,2.45,-20.97,True
1.02,0.01,1.01,0.1,0.0,0.75,0.25,2.62,-18.62,True
1.02,0.01,1.01,0.1,0.0,1.0,0.0,2.76,-16.23,True
1.02,0.01,1.01,0.1,0.1,0.0,1.0,3.5,-22.03,True
1.02,0.01,1.01,0.1,0.1,0.25,0.75,3.67,-19.99,True
1.02,0.01,1.01,0.1,0.1,0.5,0.5,3.83,-17.92,True
1.02,0.01,1.01,0.1,0.1,0.75,0.25,3.95,-15.82,True
1.02,0.01,1.01,0.1,0.1,1.0,0.0,4.06,-13.68,True
1.02,0.01,1.01,0.1,0.2,0.0,1.0,4.34,-18.73,True
1.02,0.01,1.01,0.1,0.2,0.25,0.75,4.48,-17.38,True
1.02,0.01,1.01,0.1,0.2,0.5,0.5,4.61,-16.14,True
1.02,0.01,1.01,0.1,0.2,0.75,0.25,4.73,-14.9,True
1.02,0.01,1.01,0.1,0.2,1.0,0.0,4.83,-13.64,True
1.02,0.01,1.01,0.1,0.3,0.0,1.0,5.12,-18.63,True
1.02,0.01,1.01,0.1,0.3,0.25,0.75,5.26,-17.53,True
1.02,0.01,1.01,0.1,0.3,0.5,0.5,5.38,-16.41,True
1.02,0.01,1.01,0.1,0.3,0.75,0.25,5.47,-15.27,True
1.02,0.01,1.01,0.1,0.3,1.0,0.0,5.56,-14.75,True
1.02,0.01,1.01,0.2,0.0,0.0,1.0,1.57,-28.93,True
1.02,0.01,1.01,0.2,0.0,0.25,0.75,1.92,-26.66,True
1.02,0.01,1.01,0.2,0.0,0.5,0.5,2.24,-24.34,True
1.02,0.01,1.01,0.2,0.0,0.75,0.25,2.53,-21.99,True
1.02,0.01,1.01,0.2,0.0,1.0,0.0,2.77,-19.6,True
1.02,0.01,1.01,0.2,0.1,0.0,1.0,2.85,-24.75,True
1.02,0.01,1.01,0.2,0.1,0.25,0.75,3.13,-22.49,True
1.02,0.01,1.01,0.2,0.1,0.5,0.5,3.38,-20.19,True
1.02,0.01,1.01,0.2,0.1,0.75,0.25,3.62,-17.94,True
1.02,0.01,1.01,0.2,0.1,1.0,0.0,3.82,-15.85,True
1.02,0.01,1.01,0.2,0.2,0.0,1.0,3.82,-20.51,True
1.02,0.01,1.01,0.2,0.2,0.25,0.75,4.04,-18.59,True
1.02,0.01,1.01,0.2,0.2,0.5,0.5,4.25,-16.63,True
1.02,0.01,1.01,0.2,0.2,0.75,0.25,4.45,-14.85,True
1.02,0.01,1.01,0.2,0.2,1.0,0.0,4.63,-13.57,True
1.02,0.01,1.01,0.2,0.3,0.0,1.0,4.72,-17.49,True
1.02,0.01,1.01,0.2,0.3,0.25,0.75,4.88,-16.96,True
1.02,0.01,1.01,0.2,0.3,0.5,0.5,5.04,-16.44,True
1.02,0.01,1.01,0.2,0.3,0.75,0.25,5.2,-15.93,True
1.02,0.01,1.01,0.2,0.3,1.0,0.0,5.34,-15.4,True
1.02,0.01,1.01,0.3,0.0,0.0,1.0,0.81,-33.3,True
1.02,0.01,1.01,0.3,0.0,0.25,0.75,1.25,-30.76,True
1.02,0.01,1.01,0.3,0.0,0.5,0.5,1.67,-28.16,True
1.02,0.01,1.01,0.3,0.0,0.75,0.25,2.04,-25.5,True
1.02,0.01,1.01,0.3,0.0,1.0,0.0,2.37,-22.79,True
1.02,0.01,1.01,0.3,0.1,0.0,1.0,2.38,-28.08,True
1.02,0.01,1.01,0.3,0.1,0.25,0.75,2.69,-26.03,True
1.02,0.01,1.01,0.3,0.1,0.5,0.5,2.99,-23.88,True
1.02,0.01,1.01,0.3,0.1,0.75,0.25,3.26,-21.63,True
1.02,0.01,1.01,0.3,0.1,1.0,0.0,3.51,-19.32,True
1.02,0.01,1.01,0.3,0.2,0.0,1.0,3.71,-22.24,True
1.02,0.01,1.01,0.3,0.2,0.25,0.75,3.94,-20.61,True
1.02,0.01,1.01,0.3,0.2,0.5,0.5,4.15,-18.87,True
1.02,0.01,1.01,0.3,0.2,0.75,0.25,4.35,-17.07,True
1.02,0.01,1.01,0.3,0.2,1.0,0.0,4.54,-15.16,True
1.02,0.01,1.01,0.3,0.3,0.0,1.0,4.82,-17.46,True
1.02,0.01,1.01,0.3,0.3,0.25,0.75,4.97,-16.93,True
1.02,0.01,1.01,0.3,0.3,0.5,0.5,5.12,-16.37,True
1.02,0.01,1.01,0.3,0.3,0.75,0.25,5.26,-15.82,True
1.02,0.01,1.01,0.3,0.3,1.0,0.0,5.4,-15.27,True
1.02,0.01,1.01,0.4,0.0,0.0,1.0,0.55,-36.52,True
1.02,0.01,1.01,0.4,0.0,0.25,0.75,1.04,-33.79,True
1.02,0.01,1.01,0.4,0.0,0.5,0.5,1.5,-30.99,True
1.02,0.01,1.01,0.4,0.0,0.75,0.25,1.91,-28.12,True
1.02,0.01,1.01,0.4,0.0,1.0,0.0,2.28,-25.17,True
1.02,0.01,1.01,0.4,0.1,0.0,1.0,2.41,-29.89,True
1.02,0.01,1.01,0.4,0.1,0.25,0.75,2.73,-27.77,True
1.02,0.01,1.01,0.4,0.1,0.5,0.5,3.03,-25.54,True
1.02,0.01,1.01,0.4,0.1,0.75,0.25,3.32,-23.18,True
1.02,0.01,1.01,0.4,0.1,1.0,0.0,3.58,-20.73,True
1.02,0.01,1.01,0.4,0.2,0.0,1.0,3.8,-23.25,True
1.02,0.01,1.01,0.4,0.2,0.25,0.75,4.01,-21.72,True
1.02,0.01,1.01,0.4,0.2,0.5,0.5,4.22,-20.04,True
1.02,0.01,1.01,0.4,0.2,0.75,0.25,4.42,-18.23,True
1.02,0.01,1.01,0.4,0.2,1.0,0.0,4.61,-16.27,True
1.02,0.01,1.01,0.4,0.3,0.0,1.0,4.81,-18.22,True
1.02,0.01,1.01,0.4,0.3,0.25,0.75,4.96,-17.57,True
1.02,0.01,1.01,0.4,0.3,0.5,0.5,5.12,-16.93,True
1.02,0.01,1.01,0.4,0.3,0.75,0.25,5.27,-16.3,True
1.02,0.01,1.01,0.4,0.3,1.0,0.0,5.41,-15.68,True
1.02,0.015,0.95,0.1,0.0,0.0,1.0,5.96,-28.85,True
1.02,0.015,0.95,0.1,0.0,0.25,0.75,5.97,-26.32,True
1.02,0.015,0.95,0.1,0.0,0.5,0.5,5.96,-23.73,True
1.02,0.015,0.95,0.1,0.0,0.75,0.25,5.92,-21.08,True
1.02,0.015,0.95,0.1,0.0,1.0,0.0,5.85,-18.39,True
1.02,0.015,0.95,0.1,0.1,0.0,1.0,7.02,-26.42,True
1.02,0.015,0.95,0.1,0.1,0.25,0.75,6.99,-24.14,True
1.02,0.015,0.95,0.1,0.1,0.5,0.5,6.95,-21.82,True
1.02,0.015,0.95,0.1,0.1,0.75,0.25,6.87,-19.44,True
1.02,0.015,0.95,0.1,0.1,1.0,0.0,6.78,-17.01,True
1.02,0.015,0.95,0.1,0.2,0.0,1.0,7.76,-24.17,True
1.02,0.015,0.95,0.1,0.2,0.25,0.75,7.7,-22.12,True
1.02,0.015,0.95,0.1,0.2,0.5,0.5,7.63,-20.01,True
1.02,0.015,0.95,0.1,0.2,0.75,0.25,7.53,-18.11,True
1.02,0.015,0.95,0.1,0.2,1.0,0.0,7.41,-16.53,True
1.02,0.015,0.95,0.1,0.3,0.0,1.0,8.36,-22.13,True
1.02,0.015,0.95,0.1,0.3,0.25,0.75,8.29,-20.91,True
1.02,0.015,0.95,0.1,0.3,0.5,0.5,8.2,-19.73,True
1.02,0.015,0.95,0.1,0.3,0.75,0.25,8.09,-18.45,True
1.02,0.015,0.95,0.1,0.3,1.0,0.0,7.96,-17.06,True
1.02,0.015,0.95,0.2,0.0,0.0,1.0,8.55,-27.67,True
1.02,0.015,0.95,0.2,0.0,0.25,0.75,8.48,-25.2,True
1.02,0.015,0.95,0.2,0.0,0.5,0.5,8.37,-22.63,True
1.02,0.015,0.95,0.2,0.0,0.75,0.25,8.22,-19.96,True
1.02,0.015,0.95,0.2,0.0,1.0,0.0,8.02,-17.54,True
1.02,0.015,0.95,0.2,0.1,0.0,1.0,8.68,-26.33,True
1.02,0.015,0.95,0.2,0.1,0.25,0.75,8.61,-24.01,True
1.02,0.015,0.95,0.2,0.1,0.5,0.5,8.5,-21.61,True
1.02,0.015,0.95,0.2,0.1,0.75,0.25,8.36,-19.11,True
1.02,0.015,0.95,0.2,0.1,1.0,0.0,8.18,-16.52,True
1.02,0.015,0.95,0.2,0.2,0.0,1.0,8.84,-24.92,True
1.02,0.015,0.95,0.2,0.2,0.25,0.75,8.76,-22.77,True
1.02,0.015,0.95,0.2,0.2,0.5,0.5,8.66,-20.55,True
1.02,0.015,0.95,0.2,0.2,0.75,0.25,8.52,-18.23,True
1.02,0.015,0.95,0.2,0.2,1.0,0.0,8.36,-16.24,True
1.02,0.015,0.95,0.2,0.3,0.0,1.0,9.0,-23.37,True
1.02,0.015,0.95,0.2,0.3,0.25,0.75,8.92,-21.38,True
1.02,0.015,0.95,0.2,0.3,0.5,0.5,8.81,-19.65,True
1.02,0.015,0.95,0.2,0.3,0.75,0.25,8.68,-18.28,True
1.02,0.015,0.95,0.2,0.3,1.0,0.0,8.53,-16.77,True
1.02,0.015,0.95,0.3,0.0,0.0,1.0,8.91,-28.88,True
1.02,0.015,0.95,0.3,0.0,0.25,0.75,8.85,-26.41,True
1.02,0.015,0.95,0.3,0.0,0.5,0.5,8.74,-23.81,True
1.02,0.015,0.95,0.3,0.0,0.75,0.25,8.59,-21.07,True
1.02,0.015,0.95,0.3,0.0,1.0,0.0,8.39,-18.18,True
1.02,0.015,0.95,0.3,0.1,0.0,1.0,9.09,-27.5,True
1.02,0.015,0.95,0.3,0.1,0.25,0.75,9.02,-25.17,True
1.02,0.015,0.95,0.3,0.1,0.5,0.5,8.91,-22.71,True
1.02,0.015,0.95,0.3,0.1,0.75,0.25,8.75,-20.12,True
1.02,0.015,0.95,0.3,0.1,1.0,0.0,8.56,-17.39,True
1.02,0.015,0.95,0.3,0.2,0.0,1.0,9.0,-25.88,True
1.02,0.015,0.95,0.3,0.2,0.25,0.75,8.93,-23.68,True
1.02,0.015,0.95,0.3,0.2,0.5,0.5,8.83,-21.37,True
1.02,0.015,0.95,0.3,0.2,0.75,0.25,8.69,-18.96,True
1.02,0.015,0.95,0.3,0.2,1.0,0.0,8.52,-16.43,True
1.02,0.015,0.95,0.3,0.3,0.0,1.0,8.81,-24.07,True
1.02,0.015,0.95,0.3,0.3,0.25,0.75,8.76,-22.03,True
1.02,0.015,0.95,0.3,0.3,0.5,0.5,8.68,-19.91,True
1.02,0.015,0.95,0.3,0.3,0.75,0.25,8.57,-18.25,True
1.02,0.015,0.95,0.3,0.3,1.0,0.0,8.44,-16.74,True
1.02,0.015,0.95,0.4,0.0,0.0,1.0,8.54,-31.71,True
1.02,0.015,0.95,0.4,0.0,0.25,0.75,8.53,-29.28,True
1.02,0.015,0.95,0.4,0.0,0.5,0.5,8.47,-26.82,True
1.02,0.015,0.95,0.4,0.0,0.75,0.25,8.37,-24.32,True
1.02,0.015,0.95,0.4,0.0,1.0,0.0,8.22,-21.79,True
1.02,0.015,0.95,0.4,0.1,0.0,1.0,8.38,-30.82,True
1.02,0.015,0.95,0.4,0.1,0.25,0.75,8.38,-28.33,True
1.02,0.015,0.95,0.4,0.1,0.5,0.5,8.34,-25.79,True
1.02,0.015,0.95,0.4,0.1,0.75,0.25,8.26,-23.21,True
1.02,0.015,0.95,0.4,0.1,1.0,0.0,8.14,-20.58,True
1.02,0.015,0.95,0.4,0.2,0.0,1.0,8.18,-29.76,True
1.02,0.015,0.95,0.4,0.2,0.25,0.75,8.2,-27.21,True
1.02,0.015,0.95,0.4,0.2,0.5,0.5,8.19,-24.61,True
1.02,0.015,0.95,0.4,0.2,0.75,0.25,8.14,-21.95,True
1.02,0.015,0.95,0.4,0.2,1.0,0.0,8.05,-19.24,True
1.02,0.015,0.95,0.4,0.3,0.0,1.0,8.18,-26.73,True
1.02,0.015,0.95,0.4,0.3,0.25,0.75,8.23,-24.0,True
1.02,0.015,0.95,0.4,0.3,0.5,0.5,8.24,-21.19,True
1.02,0.015,0.95,0.4,0.3,0.75,0.25,8.23,-18.32,True
1.02,0.015,0.95,0.4,0.3,1.0,0.0,8.18,-16.8,True
1.02,0.015,0.97,0.1,0.0,0.0,1.0,4.44,-18.06,True
1.02,0.015,0.97,0.1,0.0,0.25,0.75,4.46,-15.78,True
1.02,0.015,0.97,0.1,0.0,0.5,0.5,4.47,-13.48,True
1.02,0.015,0.97,0.1,0.0,0.75,0.25,4.45,-11.16,True
1.02,0.015,0.97,0.1,0.0,1.0,0.0,4.41,-9.51,True
1.02,0.015,0.97,0.1,0.1,0.0,1.0,6.05,-15.19,True
1.02,0.015,0.97,0.1,0.1,0.25,0.75,6.01,-13.45,True
1.02,0.015,0.97,0.1,0.1,0.5,0.5,5.95,-11.7,True
1.02,0.015,0.97,0.1,0.1,0.75,0.25,5.87,-9.93,True
1.02,0.015,0.97,0.1,0.1,1.0,0.0,5.77,-8.16,True
1.02,0.015,0.97,0.1,0.2,0.0,1.0,7.03,-15.04,True
1.02,0.015,0.97,0.1,0.2,0.25,0.75,6.96,-13.26,True
1.02,0.015,0.97,0.1,0.2,0.5,0.5,6.87,-11.47,True
1.02,0.015,0.97,0.1,0.2,0.75,0.25,6.77,-10.39,True
1.02,0.015,0.97,0.1,0.2,1.0,0.0,6.65,-10.11,True
1.02,0.015,0.97,0.1,0.3,0.0,1.0,7.53,-15.73,True
1.02,0.015,0.97,0.1,0.3,0.25,0.75,7.48,-15.36,True
1.02,0.015,0.97,0.1,0.3,0.5,0.5,7.41,-14.99,True
1.02,0.015,0.97,0.1,0.3,0.75,0.25,7.33,-14.64,True
1.02,0.015,0.97,0.1,0.3,1.0,0.0,7.23,-14.3,True
1.02,0.015,0.97,0.2,0.0,0.0,1.0,6.99,-26.03,True
1.02,0.015,0.97,0.2,0.0,0.25,0.75,6.95,-23.36,True
1.02,0.015,0.97,0.2,0.0,0.5,0.5,6.87,-20.64,True
1.02,0.015,0.97,0.2,0.0,0.75,0.25,6.75,-17.88,True
1.02,0.015,0.97,0.2,0.0,1.0,0.0,6.59,-15.07,True
1.02,0.015,0.97,0.2,0.1,0.0,1.0,7.36,-23.36,True
1.02,0.015,0.97,0.2,0.1,0.25,0.75,7.31,-20.89,True
1.02,0.015,0.97,0.2,0.1,0.5,0.5,7.23,-18.38,True
1.02,0.015,0.97,0.2,0.1,0.75,0.25,7.11,-15.83,True
1.02,0.015,0.97,0.2,0.1,1.0,0.0,6.97,-13.24,True
1.02,0.015,0.97,0.2,0.2,0.0,1.0,7.85,-20.65,True
1.02,0.015,0.97,0.2,0.2,0.25,0.75,7.77,-18.4,True
1.02,0.015,0.97,0.2,0.2,0.5,0.5,7.67,-16.11,True
1.02,0.015,0.97,0.2,0.2,0.75,0.25,7.55,-13.79,True
1.02,0.015,0.97,0.2,0.2,1.0,0.0,7.4,-11.42,True
1.02,0.015,0.97,0.2,0.3,0.0,1.0,8.24,-17.97,True
1.02,0.015,0.97,0.2,0.3,0.25,0.75,8.15,-15.99,True
1.02,0.015,0.97,0.2,0.3,0.5,0.5,8.04,-15.02,True
1.02,0.015,0.97,0.2,0.3,0.75,0.25,7.91,-14.66,True
1.02,0.015,0.97,0.2,0.3,1.0,0.0,7.76,-14.31,True
1.02,0.015,0.97,0.3,0.0,0.0,1.0,7.49,-29.06,True
1.02,0.015,0.97,0.3,0.0,0.25,0.75,7.44,-26.18,True
1.02,0.015,0.97,0.3,0.0,0.5,0.5,7.36,-23.23,True
1.02,0.015,0.97,0.3,0.0,0.75,0.25,7.23,-20.23,True
1.02,0.015,0.97,0.3,0.0,1.0,0.0,7.05,-17.15,True
1.02,0.015,0.97,0.3,0.1,0.0,1.0,7.88,-25.68,True
1.02,0.015,0.97,0.3,0.1,0.25,0.75,7.82,-23.1,True
1.02,0.015,0.97,0.3,0.1,0.5,0.5,7.73,-20.45,True
1.02,0.015,0.97,0.3,0.1,0.75,0.25,7.6,-17.74,True
1.02,0.015,0.97,0.3,0.1,1.0,0.0,7.42,-14.97,True
1.02,0.015,0.97,0.3,0.2,0.0,1.0,7.88,-21.79,True
1.02,0.015,0.97,0.3,0.2,0.25,0.75,7.84,-19.49,True
1.02,0.015,0.97,0.3,0.2,0.5,0.5,7.77,-17.15,True
1.02,0.015,0.97,0.3,0.2,0.75,0.25,7.67,-14.74,True
1.02,0.015,0.97,0.3,0.2,1.0,0.0,7.53,-12.29,True
1.02,0.015,0.97,0.3,0.3,0.0,1.0,7.85,-18.04,True
1.02,0.015,0.97,0.3,0.3,0.25,0.75,7.84,-16.02,True
1.02,0.015,0.97,0.3,0.3,0.5,0.5,7.8,-14.53,True
1.02,0.015,0.97,0.3,0.3,0.75,0.25,7.73,-14.21,True
1.02,0.015,0.97,0.3,0.3,1.0,0.0,7.63,-13.9,True
1.02,0.015,0.97,0.4,0.0,0.0,1.0,7.45,-29.29,True
1.02,0.015,0.97,0.4,0.0,0.25,0.75,7.43,-26.43,True
1.02,0.015,0.97,0.4,0.0,0.5,0.5,7.37,-23.48,True
1.02,0.015,0.97,0.4,0.0,0.75,0.25,7.26,-20.46,True
1.02,0.015,0.97,0.4,0.0,1.0,0.0,7.09,-17.35,True
1.02,0.015,0.97,0.4,0.1,0.0,1.0,7.45,-25.33,True
1.02,0.015,0.97,0.4,0.1,0.25,0.75,7.45,-22.76,True
1.02,0.015,0.97,0.4,0.1,0.5,0.5,7.41,-20.11,True
1.02,0.015,0.97,0.4,0.1,0.75,0.25,7.33,-17.4,True
1.02,0.015,0.97,0.4,0.1,1.0,0.0,7.21,-14.96,True
1.02,0.015,0.97,0.4,0.2,0.0,1.0,7.48,-21.41,True
1.02,0.015,0.97,0.4,0.2,0.25,0.75,7.5,-19.32,True
1.02,0.015,0.97,0.4,0.2,0.5,0.5,7.5,-17.11,True
1.02,0.015,0.97,0.4,0.2,0.75,0.25,7.46,-14.79,True
1.02,0.015,0.97,0.4,0.2,1.0,0.0,7.38,-12.43,True
1.02,0.015,0.97,0.4,0.3,0.0,1.0,7.77,-17.37,True
1.02,0.015,0.97,0.4,0.3,0.25,0.75,7.79,-15.38,True
1.02,0.015,0.97,0.4,0.3,0.5,0.5,7.79,-14.08,True
1.02,0.015,0.97,0.4,0.3,0.75,0.25,7.75,-13.8,True
1.02,0.015,0.97,0.4,0.3,1.0,0.0,7.69,-13.53,True
1.02,0.015,0.99,0.1,0.0,0.0,1.0,4.95,-26.12,True
1.02,0.015,0.99,0.1,0.0,0.25,0.75,4.87,-24.0,True
1.02,0.015,0.99,0.1,0.0,0.5,0.5,4.77,-21.85,True
1.02,0.015,0.99,0.1,0.0,0.75,0.25,4.65,-19.65,True
1.02,0.015,0.99,0.1,0.0,1.0,0.0,4.5,-17.42,True
1.02,0.015,0.99,0.1,0.1,0.0,1.0,6.33,-25.41,True
1.02,0.015,0.99,0.1,0.1,0.25,0.75,6.21,-23.29,True
1.02,0.015,0.99,0.1,0.1,0.5,0.5,6.07,-21.14,True
1.02,0.015,0.99,0.1,0.1,0.75,0.25,5.91,-18.94,True
1.02,0.015,0.99,0.1,0.1,1.0,0.0,5.73,-16.71,True
1.02,0.015,0.99,0.1,0.2,0.0,1.0,7.04,-23.99,True
1.02,0.015,0.99,0.1,0.2,0.25,0.75,6.95,-21.96,True
1.02,0.015,0.99,0.1,0.2,0.5,0.5,6.84,-19.88,True
1.02,0.015,0.99,0.1,0.2,0.75,0.25,6.71,-17.77,True
1.02,0.015,0.99,0.1,0.2,1.0,0.0,6.55,-15.61,True
1.02,0.015,0.99,0.1,0.3,0.0,1.0,7.4,-20.92,True
1.02,0.015,0.99,0.1,0.3,0.25,0.75,7.35,-19.1,True
1.02,0.015,0.99,0.1,0.3,0.5,0.5,7.26,-17.51,True
1.02,0.015,0.99,0.1,0.3,0.75,0.25,7.16,-16.95,True
1.02,0.015,0.99,0.1,0.3,1.0,0.0,7.03,-16.39,True
1.02,0.015,0.99,0.2,0.0,0.0,1.0,6.41,-36.62,True
1.02,0.015,0.99,0.2,0.0,0.25,0.75,6.36,-33.73,True
1.02,0.015,0.99,0.2,0.0,0.5,0.5,6.27,-30.75,True
1.02,0.015,0.99,0.2,0.0,0.75,0.25,6.13,-27.7,True
1.02,0.015,0.99,0.2,0.0,1.0,0.0,5.95,-24.56,True
1.02,0.015,0.99,0.2,0.1,0.0,1.0,6.96,-32.3,True
1.02,0.015,0.99,0.2,0.1,0.25,0.75,6.89,-29.7,True
1.02,0.015,0.99,0.2,0.1,0.5,0.5,6.78,-27.02,True
1.02,0.015,0.99,0.2,0.1,0.75,0.25,6.64,-24.26,True
1.02,0.015,0.99,0.2,0.1,1.0,0.0,6.46,-21.42,True
1.02,0.015,0.99,0.2,0.2,0.0,1.0,7.54,-28.07,True
1.02,0.015,0.99,0.2,0.2,0.25,0.75,7.46,-25.76,True
1.02,0.015,0.99,0.2,0.2,0.5,0.5,7.34,-23.38,True
1.02,0.015,0.99,0.2,0.2,0.75,0.25,7.19,-20.93,True
1.02,0.015,0.99,0.2,0.2,1.0,0.0,7.0,-18.4,True
1.02,0.015,0.99,0.2,0.3,0.0,1.0,7.71,-24.0,True
1.02,0.015,0.99,0.2,0.3,0.25,0.75,7.67,-22.01,True
1.02,0.015,0.99,0.2,0.3,0.5,0.5,7.6,-19.95,True
1.02,0.015,0.99,0.2,0.3,0.75,0.25,7.5,-17.82,True
1.02,0.015,0.99,0.2,0.3,1.0,0.0,7.36,-16.38,True
1.02,0.015,0.99,0.3,0.0,0.0,1.0,6.87,-39.21,True
1.02,0.015,0.99,0.3,0.0,0.25,0.75,6.83,-36.16,True
1.02,0.015,0.99,0.3,0.0,0.5,0.5,6.74,-33.01,True
1.02,0.015,0.99,0.3,0.0,0.75,0.25,6.59,-29.76,True
1.02,0.015,0.99,0.3,0.0,1.0,0.0,6.39,-26.4,True
1.02,0.015,0.99,0.3,0.1,0.0,1.0,7.28,-34.27,True
1.02,0.015,0.99,0.3,0.1,0.25,0.75,7.24,-31.59,True
1.02,0.015,0.99,0.3,0.1,0.5,0.5,7.15,-28.81,True
1.02,0.015,0.99,0.3,0.1,0.75,0.25,7.02,-25.93,True
1.02,0.015,0.99,0.3,0.1,1.0,0.0,6.84,-22.96,True
1.02,0.015,0.99,0.3,0.2,0.0,1.0,7.33,-29.14,True
1.02,0.015,0.99,0.3,0.2,0.25,0.75,7.32,-26.79,True
1.02,0.015,0.99,0.3,0.2,0.5,0.5,7.27,-24.36,True
1.02,0.015,0.99,0.3,0.2,0.75,0.25,7.18,-21.83,True
1.02,0.015,0.99,0.3,0.2,1.0,0.0,7.04,-19.22,True
1.02,0.015,0.99,0.3,0.3,0.0,1.0,7.3,-24.38,True
1.02,0.015,0.99,0.3,0.3,0.25,0.75,7.34,-22.32,True
1.02,0.015,0.99,0.3,0.3,0.5,0.5,7.34,-20.18,True
1.02,0.015,0.99,0.3,0.3,0.75,0.25,7.3,-17.98,True
1.02,0.015,0.99,0.3,0.3,1.0,0.0,7.24,-15.69,True
1.02,0.015,0.99,0.4,0.0,0.0,1.0,6.96,-39.41,True
1.02,0.015,0.99,0.4,0.0,0.25,0.75,6.94,-36.38,True
1.02,0.015,0.99,0.4,0.0,0.5,0.5,6.86,-33.23,True
1.02,0.015,0.99,0.4,0.0,0.75,0.25,6.72,-29.96,True
1.02,0.015,0.99,0.4,0.0,1.0,0.0,6.53,-26.58,True
1.02,0.015,0.99,0.4,0.1,0.0,1.0,6.96,-34.13,True
1.02,0.015,0.99,0.4,0.1,0.25,0.75,6.98,-31.43,True
1.02,0.015,0.99,0.4,0.1,0.5,0.5,6.95,-28.64,True
1.02,0.015,0.99,0.4,0.1,0.75,0.25,6.87,-25.73,True
1.02,0.015,0.99,0.4,0.1,1.0,0.0,6.73,-22.72,True
1.02,0.015,0.99,0.4,0.2,0.0,1.0,7.12,-29.03,True
1.02,0.015,0.99,0.4,0.2,0.25,0.75,7.15,-26.67,True
1.02,0.015,0.99,0.4,0.2,0.5,0.5,7.15,-24.21,True
1.02,0.015,0.99,0.4,0.2,0.75,0.25,7.11,-21.65,True
1.02,0.015,0.99,0.4,0.2,1.0,0.0,7.01,-19.04,True
1.02,0.015,0.99,0.4,0.3,0.0,1.0,7.35,-23.98,True
1.02,0.015,0.99,0.4,0.3,0.25,0.75,7.4,-21.92,True
1.02,0.015,0.99,0.4,0.3,0.5,0.5,7.4,-19.79,True
1.02,0.015,0.99,0.4,0.3,0.75,0.25,7.38,-17.57,True
1.02,0.015,0.99,0.4,0.3,1.0,0.0,7.31,-15.32,True
1.02,0.015,1.0,0.1,0.0,0.0,1.0,1.0,-23.26,True
1.02,0.015,1.0,0.1,0.0,0.25,0.75,1.19,-20.99,True
1.02,0.015,1.0,0.1,0.0,0.5,0.5,1.37,-18.67,True
1.02,0.015,1.0,0.1,0.0,0.75,0.25,1.55,-16.31,True
1.02,0.015,1.0,0.1,0.0,1.0,0.0,1.71,-13.9,True
1.02,0.015,1.0,0.1,0.1,0.0,1.0,3.19,-19.79,True
1.02,0.015,1.0,0.1,0.1,0.25,0.75,3.29,-17.65,True
1.02,0.015,1.0,0.1,0.1,0.5,0.5,3.39,-15.46,True
1.02,0.015,1.0,0.1,0.1,0.75,0.25,3.49,-13.24,True
1.02,0.015,1.0,0.1,0.1,1.0,0.0,3.58,-11.48,True
1.02,0.015,1.0,0.1,0.2,0.0,1.0,4.55,-16.86,True
1.02,0.015,1.0,0.1,0.2,0.25,0.75,4.62,-15.31,True
1.02,0.015,1.0,0.1,0.2,0.5,0.5,4.69,-13.74,True
1.02,0.015,1.0,0.1,0.2,0.75,0.25,4.75,-12.14,True
1.02,0.015,1.0,0.1,0.2,1.0,0.0,4.8,-11.16,True
1.02,0.015,1.0,0.1,0.3,0.0,1.0,5.46,-17.49,True
1.02,0.015,1.0,0.1,0.3,0.25,0.75,5.52,-17.02,True
1.02,0.015,1.0,0.1,0.3,0.5,0.5,5.58,-16.55,True
1.02,0.015,1.0,0.1,0.3,0.75,0.25,5.63,-16.08,True
1.02,0.015,1.0,0.1,0.3,1.0,0.0,5.67,-15.63,True
1.02,0.015,1.0,0.2,0.0,0.0,1.0,2.53,-28.75,True
1.02,0.015,1.0,0.2,0.0,0.25,0.75,2.71,-26.3,True
1.02,0.015,1.0,0.2,0.0,0.5,0.5,2.87,-23.81,True
1.02,0.015,1.0,0.2,0.0,0.75,0.25,3.01,-21.27,True
1.02,0.015,1.0,0.2,0.0,1.0,0.0,3.12,-18.69,True
1.02,0.015,1.0,0.2,0.1,0.0,1.0,3.86,-25.25,True
1.02,0.015,1.0,0.2,0.1,0.25,0.75,3.99,-23.05,True
1.02,0.015,1.0,0.2,0.1,0.5,0.5,4.1,-20.81,True
1.02,0.015,1.0,0.2,0.1,0.75,0.25,4.19,-18.53,True
1.02,0.015,1.0,0.2,0.1,1.0,0.0,4.27,-16.21,True
1.02,0.015,1.0,0.2,0.2,0.0,1.0,4.93,-21.52,True
1.02,0.015,1.0,0.2,0.2,0.25,0.75,5.02,-19.61,True
1.02,0.015,1.0,0.2,0.2,0.5,0.5,5.1,-17.66,True
1.02,0.015,1.0,0.2,0.2,0.75,0.25,5.16,-15.66,True
1.02,0.015,1.0,0.2,0.2,1.0,0.0,5.21,-13.62,True
1.02,0.015,1.0,0.2,0.3,0.0,1.0,5.69,-17.96,True
1.02,0.015,1.0,0.2,0.3,0.25,0.75,5.78,-17.45,True
1.02,0.015,1.0,0.2,0.3,0.5,0.5,5.86,-16.95,True
1.02,0.015,1.0,0.2,0.3,0.75,0.25,5.91,-16.44,True
1.02,0.015,1.0,0.2,0.3,1.0,0.0,5.94,-15.94,True
1.02,0.015,1.0,0.3,0.0,0.0,1.0,3.07,-30.97,True
1.02,0.015,1.0,0.3,0.0,0.25,0.75,3.26,-28.33,True
1.02,0.015,1.0,0.3,0.0,0.5,0.5,3.43,-25.64,True
1.02,0.015,1.0,0.3,0.0,0.75,0.25,3.56,-22.89,True
1.02,0.015,1.0,0.3,0.0,1.0,0.0,3.65,-20.1,True
1.02,0.015,1.0,0.3,0.1,0.0,1.0,4.17,-26.25,True
1.02,0.015,1.0,0.3,0.1,0.25,0.75,4.32,-24.0,True
1.02,0.015,1.0,0.3,0.1,0.5,0.5,4.45,-21.69,True
1.02,0.015,1.0,0.3,0.1,0.75,0.25,4.55,-19.32,True
1.02,0.015,1.0,0.3,0.1,1.0,0.0,4.63,-16.9,True
1.02,0.015,1.0,0.3,0.2,0.0,1.0,4.88,-21.7,True
1.02,0.015,1.0,0.3,0.2,0.25,0.75,5.01,-19.8,True
1.02,0.015,1.0,0.3,0.2,0.5,0.5,5.12,-17.85,True
1.02,0.015,1.0,0.3,0.2,0.75,0.25,5.21,-15.83,True
1.02,0.015,1.0,0.3,0.2,1.0,0.0,5.28,-13.77,True
1.02,0.015,1.0,0.3,0.3,0.0,1.0,5.42,-17.53,True
1.02,0.015,1.0,0.3,0.3,0.25,0.75,5.55,-16.97,True
1.02,0.015,1.0,0.3,0.3,0.5,0.5,5.66,-16.48,True
1.02,0.015,1.0,0.3,0.3,0.75,0.25,5.77,-15.99,True
1.02,0.015,1.0,0.3,0.3,1.0,0.0,5.85,-15.51,True
1.02,0.015,1.0,0.4,0.0,0.0,1.0,3.06,-31.13,True
1.02,0.015,1.0,0.4,0.0,0.25,0.75,3.28,-28.48,True
1.02,0.015,1.0,0.4,0.0,0.5,0.5,3.47,-25.76,True
1.02,0.015,1.0,0.4,0.0,0.75,0.25,3.63,-22.99,True
1.02,0.015,1.0,0.4,0.0,1.0,0.0,3.74,-20.16,True
1.02,0.015,1.0,0.4,0.1,0.0,1.0,3.91,-26.27,True
1.02,0.015,1.0,0.4,0.1,0.25,0.75,4.11,-24.0,True
1.02,0.015,1.0,0.4,0.1,0.5,0.5,4.27,-21.67,True
1.02,0.015,1.0,0.4,0.1,0.75,0.25,4.41,-19.29,True
1.02,0.015,1.0,0.4,0.1,1.0,0.0,4.52,-16.85,True
1.02,0.015,1.0,0.4,0.2,0.0,1.0,4.65,-21.71,True
1.02,0.015,1.0,0.4,0.2,0.25,0.75,4.81,-19.79,True
1.02,0.015,1.0,0.4,0.2,0.5,0.5,4.96,-17.82,True
1.02,0.015,1.0,0.4,0.2,0.75,0.25,5.09,-15.79,True
1.02,0.015,1.0,0.4,0.2,1.0,0.0,5.19,-13.74,True
1.02,0.015,1.0,0.4,0.3,0.0,1.0,5.29,-17.22,True
1.02,0.015,1.0,0.4,0.3,0.25,0.75,5.43,-16.74,True
1.02,0.015,1.0,0.4,0.3,0.5,0.5,5.56,-16.27,True
1.02,0.015,1.0,0.4,0.3,0.75,0.25,5.68,-15.8,True
1.02,0.015,1.0,0.4,0.3,1.0,0.0,5.77,-15.29,True
1.02,0.015,1.01,0.1,0.0,0.0,1.0,1.97,-17.47,True
1.02,0.015,1.01,0.1,0.0,0.25,0.75,2.07,-15.57,True
1.02,0.015,1.01,0.1,0.0,0.5,0.5,2.16,-13.64,True
1.02,0.015,1.01,0.1,0.0,0.75,0.25,2.25,-11.68,True
1.02,0.015,1.01,0.1,0.0,1.0,0.0,2.32,-10.2,True
1.02,0.015,1.01,0.1,0.1,0.0,1.0,3.69,-15.26,True
1.02,0.015,1.01,0.1,0.1,0.25,0.75,3.76,-13.84,True
1.02,0.015,1.01,0.1,0.1,0.5,0.5,3.81,-12.41,True
1.02,0.015,1.01,0.1,0.1,0.75,0.25,3.86,-10.97,True
1.02,0.015,1.01,0.1,0.1,1.0,0.0,3.89,-9.51,True
1.02,0.015,1.01,0.1,0.2,0.0,1.0,4.85,-14.39,True
1.02,0.015,1.01,0.1,0.2,0.25,0.75,4.88,-13.0,True
1.02,0.015,1.01,0.1,0.2,0.5,0.5,4.91,-11.59,True
1.02,0.015,1.01,0.1,0.2,0.75,0.25,4.94,-10.89,True
1.02,0.015,1.01,0.1,0.2,1.0,0.0,4.96,-10.59,True
1.02,0.015,1.01,0.1,0.3,0.0,1.0,5.7,-16.52,True
1.02,0.015,1.01,0.1,0.3,0.25,0.75,5.74,-16.12,True
1.02,0.015,1.01,0.1,0.3,0.5,0.5,5.77,-15.72,True
1.02,0.015,1.01,0.1,0.3,0.75,0.25,5.79,-15.33,True
1.02,0.015,1.01,0.1,0.3,1.0,0.0,5.81,-14.95,True
1.02,0.015,1.01,0.2,0.0,0.0,1.0,2.95,-25.63,True
1.02,0.015,1.01,0.2,0.0,0.25,0.75,3.08,-23.36,True
1.02,0.015,1.01,0.2,0.0,0.5,0.5,3.2,-21.06,True
1.02,0.015,1.01,0.2,0.0,0.75,0.25,3.28,-18.73,True
1.02,0.015,1.01,0.2,0.0,1.0,0.0,3.35,-16.36,True
1.02,0.015,1.01,0.2,0.1,0.0,1.0,4.17,-22.72,True
1.02,0.015,1.01,0.2,0.1,0.25,0.75,4.27,-20.65,True
1.02,0.015,1.01,0.2,0.1,0.5,0.5,4.34,-18.56,True
1.02,0.015,1.01,0.2,0.1,0.75,0.25,4.4,-16.43,True
1.02,0.015,1.01,0.2,0.1,1.0,0.0,4.44,-14.26,True
1.02,0.015,1.01,0.2,0.2,0.0,1.0,5.09,-19.58,True
1.02,0.015,1.01,0.2,0.2,0.25,0.75,5.17,-17.75,True
1.02,0.015,1.01,0.2,0.2,0.5,0.5,5.23,-15.89,True
1.02,0.015,1.01,0.2,0.2,0.75,0.25,5.28,-13.99,True
1.02,0.015,1.01,0.2,0.2,1.0,0.0,5.31,-12.07,True
1.02,0.015,1.01,0.2,0.3,0.0,1.0,5.7,-16.92,True
1.02,0.015,1.01,0.2,0.3,0.25,0.75,5.78,-16.48,True
1.02,0.015,1.01,0.2,0.3,0.5,0.5,5.85,-16.05,True
1.02,0.015,1.01,0.2,0.3,0.75,0.25,5.91,-15.62,True
1.02,0.015,1.01,0.2,0.3,1.0,0.0,5.94,-15.17,True
1.02,0.015,1.01,0.3,0.0,0.0,1.0,3.27,-27.95,True
1.02,0.015,1.01,0.3,0.0,0.25,0.75,3.42,-25.47,True
1.02,0.015,1.01,0.3,0.0,0.5,0.5,3.55,-22.96,True
1.02,0.015,1.01,0.3,0.0,0.75,0.25,3.65,-20.4,True
1.02,0.015,1.01,0.3,0.0,1.0,0.0,3.71,-17.81,True
1.02,0.015,1.01,0.3,0.1,0.0,1.0,4.18,-23.86,True
1.02,0.015,1.01,0.3,0.1,0.25,0.75,4.32,-21.72,True
1.02,0.015,1.01,0.3,0.1,0.5,0.5,4.44,-19.53,True
1.02,0.015,1.01,0.3,0.1,0.75,0.25,4.53,-17.3,True
1.02,0.015,1.01,0.3,0.1,1.0,0.0,4.58,-15.04,True
1.02,0.015,1.01,0.3,0.2,0.0,1.0,4.8,-19.85,True
1.02,0.015,1.01,0.3,0.2,0.25,0.75,4.95,-18.01,True
1.02,0.015,1.01,0.3,0.2,0.5,0.5,5.07,-16.13,True
1.02,0.015,1.01,0.3,0.2,0.75,0.25,5.16,-14.23,True
1.02,0.015,1.01,0.3,0.2,1.0,0.0,5.23,-12.3,True
1.02,0.015,1.01,0.3,0.3,0.0,1.0,5.42,-16.36,True
1.02,0.015,1.01,0.3,0.3,0.25,0.75,5.54,-15.95,True
1.02,0.015,1.01,0.3,0.3,0.5,0.5,5.64,-15.49,True
1.02,0.015,1.01,0.3,0.3,0.75,0.25,5.73,-15.04,True
1.02,0.015,1.01,0.3,0.3,1.0,0.0,5.8,-14.59,True
1.02,0.015,1.01,0.4,0.0,0.0,1.0,3.06,-28.11,True
1.02,0.015,1.01,0.4,0.0,0.25,0.75,3.27,-25.62,True
1.02,0.015,1.01,0.4,0.0,0.5,0.5,3.43,-23.09,True
1.02,0.015,1.01,0.4,0.0,0.75,0.25,3.57,-20.5,True
1.02,0.015,1.01,0.4,0.0,1.0,0.0,3.67,-17.87,True
1.02,0.015,1.01,0.4,0.1,0.0,1.0,3.84,-23.88,True
1.02,0.015,1.01,0.4,0.1,0.25,0.75,4.03,-21.73,True
1.02,0.015,1.01,0.4,0.1,0.5,0.5,4.19,-19.54,True
1.02,0.015,1.01,0.4,0.1,0.75,0.25,4.32,-17.3,True
1.02,0.015,1.01,0.4,0.1,1.0,0.0,4.43,-15.02,True
1.02,0.015,1.01,0.4,0.2,0.0,1.0,4.64,-19.91,True
1.02,0.015,1.01,0.4,0.2,0.25,0.75,4.79,-18.09,True
1.02,0.015,1.01,0.4,0.2,0.5,0.5,4.92,-16.21,True
1.02,0.015,1.01,0.4,0.2,0.75,0.25,5.04,-14.29,True
1.02,0.015,1.01,0.4,0.2,1.0,0.0,5.13,-12.31,True
1.02,0.015,1.01,0.4,0.3,0.0,1.0,5.32,-16.09,True
1.02,0.015,1.01,0.4,0.3,0.25,0.75,5.44,-15.65,True
1.02,0.015,1.01,0.4,0.3,0.5,0.5,5.56,-15.22,True
1.02,0.015,1.01,0.4,0.3,0.75,0.25,5.66,-14.79,True
1.02,0.015,1.01,0.4,0.3,1.0,0.0,5.74,-14.36,True
1.02,0.02,0.95,0.1,0.0,0.0,1.0,1.4,-25.01,True
1.02,0.02,0.95,0.1,0.0,0.25,0.75,1.58,-22.67,True
1.02,0.02,0.95,0.1,0.0,0.5,0.5,1.74,-20.2,True
1.02,0.02,0.95,0.1,0.0,0.75,0.25,1.88,-17.59,True
1.02,0.02,0.95,0.1,0.0,1.0,0.0,2.01,-15.13,True
1.02,0.02,0.95,0.1,0.1,0.0,1.0,3.42,-22.18,True
1.02,0.02,0.95,0.1,0.1,0.25,0.75,3.52,-20.81,True
1.02,0.02,0.95,0.1,0.1,0.5,0.5,3.61,-19.48,True
1.02,0.02,0.95,0.1,0.1,0.75,0.25,3.69,-18.05,True
1.02,0.02,0.95,0.1,0.1,1.0,0.0,3.75,-16.5,True
1.02,0.02,0.95,0.1,0.2,0.0,1.0,4.79,-22.95,True
1.02,0.02,0.95,0.1,0.2,0.25,0.75,4.87,-21.08,True
1.02,0.02,0.95,0.1,0.2,0.5,0.5,4.94,-19.83,True
1.02,0.02,0.95,0.1,0.2,0.75,0.25,5.0,-18.65,True
1.02,0.02,0.95,0.1,0.2,1.0,0.0,5.04,-17.36,True
1.02,0.02,0.95,0.1,0.3,0.0,1.0,5.95,-21.9,True
1.02,0.02,0.95,0.1,0.3,0.25,0.75,5.99,-21.02,True
1.02,0.02,0.95,0.1,0.3,0.5,0.5,6.02,-20.07,True
1.02,0.02,0.95,0.1,0.3,0.75,0.25,6.05,-19.05,True
1.02,0.02,0.95,0.1,0.3,1.0,0.0,6.06,-17.95,True
1.02,0.02,0.95,0.2,0.0,0.0,1.0,4.89,-28.03,True
1.02,0.02,0.95,0.2,0.0,0.25,0.75,4.95,-25.5,True
1.02,0.02,0.95,0.2,0.0,0.5,0.5,4.98,-22.96,True
1.02,0.02,0.95,0.2,0.0,0.75,0.25,4.98,-20.42,True
1.02,0.02,0.95,0.2,0.0,1.0,0.0,4.95,-17.89,True
1.02,0.02,0.95,0.2,0.1,0.0,1.0,6.08,-25.43,True
1.02,0.02,0.95,0.2,0.1,0.25,0.75,6.1,-23.19,True
1.02,0.02,0.95,0.2,0.1,0.5,0.5,6.1,-20.95,True
1.02,0.02,0.95,0.2,0.1,0.75,0.25,6.07,-18.71,True
1.02,0.02,0.95,0.2,0.1,1.0,0.0,6.01,-16.46,True
1.02,0.02,0.95,0.2,0.2,0.0,1.0,6.76,-23.04,True
1.02,0.02,0.95,0.2,0.2,0.25,0.75,6.77,-21.07,True
1.02,0.02,0.95,0.2,0.2,0.5,0.5,6.76,-19.65,True
1.02,0.02,0.95,0.2,0.2,0.75,0.25,6.73,-18.26,True
1.02,0.02,0.95,0.2,0.2,1.0,0.0,6.67,-16.73,True
1.02,0.02,0.95,0.2,0.3,0.0,1.0,7.34,-21.97,True
1.02,0.02,0.95,0.2,0.3,0.25,0.75,7.34,-20.97,True
1.02,0.02,0.95,0.2,0.3,0.5,0.5,7.32,-19.87,True
1.02,0.02,0.95,0.2,0.3,0.75,0.25,7.27,-18.68,True
1.02,0.02,0.95,0.2,0.3,1.0,0.0,7.21,-17.37,True
1.02,0.02,0.95,0.3,0.0,0.0,1.0,6.4,-27.37,True
1.02,0.02,0.95,0.3,0.0,0.25,0.75,6.42,-24.84,True
1.02,0.02,0.95,0.3,0.0,0.5,0.5,6.41,-22.31,True
1.02,0.02,0.95,0.3,0.0,0.75,0.25,6.36,-19.78,True
1.02,0.02,0.95,0.3,0.0,1.0,0.0,6.27,-17.26,True
1.02,0.02,0.95,0.3,0.1,0.0,1.0,6.95,-25.12,True
1.02,0.02,0.95,0.3,0.1,0.25,0.75,6.96,-23.1,True
1.02,0.02,0.95,0.3,0.1,0.5,0.5,6.94,-21.08,True
1.02,0.02,0.95,0.3,0.1,0.75,0.25,6.89,-19.06,True
1.02,0.02,0.95,0.3,0.1,1.0,0.0,6.81,-17.04,True
1.02,0.02,0.95,0.3,0.2,0.0,1.0,7.37,-22.67,True
1.02,0.02,0.95,0.3,0.2,0.25,0.75,7.38,-20.88,True
1.02,0.02,0.95,0.3,0.2,0.5,0.5,7.35,-19.59,True
1.02,0.02,0.95,0.3,0.2,0.75,0.25,7.3,-18.16,True
1.02,0.02,0.95,0.3,0.2,1.0,0.0,7.22,-16.56,True
1.02,0.02,0.95,0.3,0.3,0.0,1.0,7.78,-21.99,True
1.02,0.02,0.95,0.3,0.3,0.25,0.75,7.78,-20.95,True
1.02,0.02,0.95,0.3,0.3,0.5,0.5,7.75,-19.8,True
1.02,0.02,0.95,0.3,0.3,0.75,0.25,7.69,-18.54,True
1.02,0.02,0.95,0.3,0.3,1.0,0.0,7.62,-17.15,True
1.02,0.02,0.95,0.4,0.0,0.0,1.0,7.01,-27.22,True
1.02,0.02,0.95,0.4,0.0,0.25,0.75,7.03,-25.01,True
1.02,0.02,0.95,0.4,0.0,0.5,0.5,7.01,-22.8,True
1.02,0.02,0.95,0.4,0.0,0.75,0.25,6.94,-20.59,True
1.02,0.02,0.95,0.4,0.0,1.0,0.0,6.83,-18.39,True
1.02,0.02,0.95,0.4,0.1,0.0,1.0,7.43,-24.82,True
1.02,0.02,0.95,0.4,0.1,0.25,0.75,7.44,-22.77,True
1.02,0.02,0.95,0.4,0.1,0.5,0.5,7.41,-20.73,True
1.02,0.02,0.95,0.4,0.1,0.75,0.25,7.34,-18.7,True
1.02,0.02,0.95,0.4,0.1,1.0,0.0,7.24,-16.67,True
1.02,0.02,0.95,0.4,0.2,0.0,1.0,7.79,-22.59,True
1.02,0.02,0.95,0.4,0.2,0.25,0.75,7.79,-20.87,True
1.02,0.02,0.95,0.4,0.2,0.5,0.5,7.77,-19.55,True
1.02,0.02,0.95,0.4,0.2,0.75,0.25,7.71,-18.08,True
1.02,0.02,0.95,0.4,0.2,1.0,0.0,7.61,-16.42,True
1.02,0.02,0.95,0.4,0.3,0.0,1.0,7.97,-22.01,True
1.02,0.02,0.95,0.4,0.3,0.25,0.75,7.97,-20.93,True
1.02,0.02,0.95,0.4,0.3,0.5,0.5,7.95,-19.75,True
1.02,0.02,0.95,0.4,0.3,0.75,0.25,7.89,-18.46,True
1.02,0.02,0.95,0.4,0.3,1.0,0.0,7.81,-17.04,True
1.02,0.02,0.97,0.1,0.0,0.0,1.0,1.6,-20.84,True
1.02,0.02,0.97,0.1,0.0,0.25,0.75,1.69,-18.73,True
1.02,0.02,0.97,0.1,0.0,0.5,0.5,1.76,-16.5,True
1.02,0.02,0.97,0.1,0.0,0.75,0.25,1.82,-14.14,True
1.02,0.02,0.97,0.1,0.0,1.0,0.0,1.88,-11.63,True
1.02,0.02,0.97,0.1,0.1,0.0,1.0,3.56,-16.92,True
1.02,0.02,0.97,0.1,0.1,0.25,0.75,3.6,-14.91,True
1.02,0.02,0.97,0.1,0.1,0.5,0.5,3.63,-12.9,True
1.02,0.02,0.97,0.1,0.1,0.75,0.25,3.64,-10.87,True
1.02,0.02,0.97,0.1,0.1,1.0,0.0,3.65,-8.85,True
1.02,0.02,0.97,0.1,0.2,0.0,1.0,4.99,-14.54,True
1.02,0.02,0.97,0.1,0.2,0.25,0.75,4.99,-12.62,True
1.02,0.02,0.97,0.1,0.2,0.5,0.5,4.98,-10.68,True
1.02,0.02,0.97,0.1,0.2,0.75,0.25,4.96,-10.38,True
1.02,0.02,0.97,0.1,0.2,1.0,0.0,4.94,-10.21,True
1.02,0.02,0.97,0.1,0.3,0.0,1.0,6.22,-15.26,True
1.02,0.02,0.97,0.1,0.3,0.25,0.75,6.19,-15.05,True
1.02,0.02,0.97,0.1,0.3,0.5,0.5,6.16,-14.84,True
1.02,0.02,0.97,0.1,0.3,0.75,0.25,6.12,-14.64,True
1.02,0.02,0.97,0.1,0.3,1.0,0.0,6.07,-14.43,True
1.02,0.02,0.97,0.2,0.0,0.0,1.0,4.64,-21.04,True
1.02,0.02,0.97,0.2,0.0,0.25,0.75,4.6,-18.79,True
1.02,0.02,0.97,0.2,0.0,0.5,0.5,4.55,-16.58,True
1.02,0.02,0.97,0.2,0.0,0.75,0.25,4.46,-14.2,True
1.02,0.02,0.97,0.2,0.0,1.0,0.0,4.35,-11.63,True
1.02,0.02,0.97,0.2,0.1,0.0,1.0,5.73,-17.67,True
1.02,0.02,0.97,0.2,0.1,0.25,0.75,5.7,-15.46,True
1.02,0.02,0.97,0.2,0.1,0.5,0.5,5.64,-13.22,True
1.02,0.02,0.97,0.2,0.1,0.75,0.25,5.56,-10.95,True
1.02,0.02,0.97,0.2,0.1,1.0,0.0,5.46,-8.66,True
1.02,0.02,0.97,0.2,0.2,0.0,1.0,6.31,-14.13,True
1.02,0.02,0.97,0.2,0.2,0.25,0.75,6.29,-12.1,True
1.02,0.02,0.97,0.2,0.2,0.5,0.5,6.25,-11.38,True
1.02,0.02,0.97,0.2,0.2,0.75,0.25,6.19,-11.1,True
1.02,0.02,0.97,0.2,0.2,1.0,0.0,6.11,-10.83,True
1.02,0.02,0.97,0.2,0.3,0.0,1.0,6.78,-16.48,True
1.02,0.02,0.97,0.2,0.3,0.25,0.75,6.75,-16.14,True
1.02,0.02,0.97,0.2,0.3,0.5,0.5,6.72,-15.81,True
1.02,0.02,0.97,0.2,0.3,0.75,0.25,6.66,-15.48,True
1.02,0.02,0.97,0.2,0.3,1.0,0.0,6.59,-15.16,True
1.02,0.02,0.97,0.3,0.0,0.0,1.0,5.36,-20.84,True
1.02,0.02,0.97,0.3,0.0,0.25,0.75,5.35,-18.81,True
1.02,0.02,0.97,0.3,0.0,0.5,0.5,5.3,-16.61,True
1.02,0.02,0.97,0.3,0.0,0.75,0.25,5.22,-14.23,True
1.02,0.02,0.97,0.3,0.0,1.0,0.0,5.1,-11.94,True
1.02,0.02,0.97,0.3,0.1,0.0,1.0,5.98,-17.28,True
1.02,0.02,0.97,0.3,0.1,0.25,0.75,5.97,-15.05,True
1.02,0.02,0.97,0.3,0.1,0.5,0.5,5.93,-12.77,True
1.02,0.02,0.97,0.3,0.1,0.75,0.25,5.86,-10.45,True
1.02,0.02,0.97,0.3,0.1,1.0,0.0,5.76,-8.61,True
1.02,0.02,0.97,0.3,0.2,0.0,1.0,6.5,-13.9,True
1.02,0.02,0.97,0.3,0.2,0.25,0.75,6.49,-11.93,True
1.02,0.02,0.97,0.3,0.2,0.5,0.5,6.45,-11.6,True
1.02,0.02,0.97,0.3,0.2,0.75,0.25,6.39,-11.28,True
1.02,0.02,0.97,0.3,0.2,1.0,0.0,6.31,-10.97,True
1.02,0.02,0.97,0.3,0.3,0.0,1.0,7.02,-16.68,True
1.02,0.02,0.97,0.3,0.3,0.25,0.75,7.0,-16.31,True
1.02,0.02,0.97,0.3,0.3,0.5,0.5,6.96,-15.95,True
1.02,0.02,0.97,0.3,0.3,0.75,0.25,6.9,-15.6,True
1.02,0.02,0.97,0.3,0.3,1.0,0.0,6.83,-15.24,True
1.02,0.02,0.97,0.4,0.0,0.0,1.0,5.57,-20.84,True
1.02,0.02,0.97,0.4,0.0,0.25,0.75,5.57,-18.83,True
1.02,0.02,0.97,0.4,0.0,0.5,0.5,5.54,-16.65,True
1.02,0.02,0.97,0.4,0.0,0.75,0.25,5.47,-14.26,True
1.02,0.02,0.97,0.4,0.0,1.0,0.0,5.36,-11.63,True
1.02,0.02,0.97,0.4,0.1,0.0,1.0,6.13,-17.38,True
1.02,0.02,0.97,0.4,0.1,0.25,0.75,6.13,-15.24,True
1.02,0.02,0.97,0.4,0.1,0.5,0.5,6.11,-13.58,True
1.02,0.02,0.97,0.4,0.1,0.75,0.25,6.05,-11.93,True
1.02,0.02,0.97,0.4,0.1,1.0,0.0,5.95,-10.27,True
1.02,0.02,0.97,0.4,0.2,0.0,1.0,6.68,-15.66,True
1.02,0.02,0.97,0.4,0.2,0.25,0.75,6.68,-14.03,True
1.02,0.02,0.97,0.4,0.2,0.5,0.5,6.65,-12.41,True
1.02,0.02,0.97,0.4,0.2,0.75,0.25,6.6,-11.3,True
1.02,0.02,0.97,0.4,0.2,1.0,0.0,6.52,-10.97,True
1.02,0.02,0.97,0.4,0.3,0.0,1.0,7.15,-16.3,True
1.02,0.02,0.97,0.4,0.3,0.25,0.75,7.14,-15.95,True
1.02,0.02,0.97,0.4,0.3,0.5,0.5,7.12,-15.61,True
1.02,0.02,0.97,0.4,0.3,0.75,0.25,7.06,-15.28,True
1.02,0.02,0.97,0.4,0.3,1.0,0.0,6.99,-14.94,True
1.02,0.02,0.99,0.1,0.0,0.0,1.0,3.17,-17.14,True
1.02,0.02,0.99,0.1,0.0,0.25,0.75,3.09,-15.52,True
1.02,0.02,0.99,0.1,0.0,0.5,0.5,3.01,-13.89,True
1.02,0.02,0.99,0.1,0.0,0.75,0.25,2.91,-12.26,True
1.02,0.02,0.99,0.1,0.0,1.0,0.0,2.8,-10.62,True
1.02,0.02,0.99,0.1,0.1,0.0,1.0,4.74,-15.77,True
1.02,0.02,0.99,0.1,0.1,0.25,0.75,4.65,-14.11,True
1.02,0.02,0.99,0.1,0.1,0.5,0.5,4.55,-12.45,True
1.02,0.02,0.99,0.1,0.1,0.75,0.25,4.45,-10.79,True
1.02,0.02,0.99,0.1,0.1,1.0,0.0,4.33,-9.11,True
1.02,0.02,0.99,0.1,0.2,0.0,1.0,5.98,-13.43,True
1.02,0.02,0.99,0.1,0.2,0.25,0.75,5.89,-11.88,True
1.02,0.02,0.99,0.1,0.2,0.5,0.5,5.78,-10.79,True
1.02,0.02,0.99,0.1,0.2,0.75,0.25,5.67,-9.92,True
1.02,0.02,0.99,0.1,0.2,1.0,0.0,5.55,-9.8,True
1.02,0.02,0.99,0.1,0.3,0.0,1.0,7.11,-14.53,True
1.02,0.02,0.99,0.1,0.3,0.25,0.75,6.99,-14.38,True
1.02,0.02,0.99,0.1,0.3,0.5,0.5,6.85,-14.23,True
1.02,0.02,0.99,0.1,0.3,0.75,0.25,6.71,-14.09,True
1.02,0.02,0.99,0.1,0.3,1.0,0.0,6.56,-13.94,True
1.02,0.02,0.99,0.2,0.0,0.0,1.0,6.7,-19.68,True
1.02,0.02,0.99,0.2,0.0,0.25,0.75,6.45,-17.71,True
1.02,0.02,0.99,0.2,0.0,0.5,0.5,6.18,-15.73,True
1.02,0.02,0.99,0.2,0.0,0.75,0.25,5.88,-13.71,True
1.02,0.02,0.99,0.2,0.0,1.0,0.0,5.56,-11.68,True
1.02,0.02,0.99,0.2,0.1,0.0,1.0,7.56,-16.42,True
1.02,0.02,0.99,0.2,0.1,0.25,0.75,7.33,-14.59,True
1.02,0.02,0.99,0.2,0.1,0.5,0.5,7.08,-12.73,True
1.02,0.02,0.99,0.2,0.1,0.75,0.25,6.8,-10.85,True
1.02,0.02,0.99,0.2,0.1,1.0,0.0,6.49,-8.95,True
1.02,0.02,0.99,0.2,0.2,0.0,1.0,7.83,-12.98,True
1.02,0.02,0.99,0.2,0.2,0.25,0.75,7.63,-11.3,True
1.02,0.02,0.99,0.2,0.2,0.5,0.5,7.41,-10.87,True
1.02,0.02,0.99,0.2,0.2,0.75,0.25,7.18,-10.65,True
1.02,0.02,0.99,0.2,0.2,1.0,0.0,6.92,-10.44,True
1.02,0.02,0.99,0.2,0.3,0.0,1.0,8.0,-16.18,True
1.02,0.02,0.99,0.2,0.3,0.25,0.75,7.84,-15.86,True
1.02,0.02,0.99,0.2,0.3,0.5,0.5,7.67,-15.56,True
1.02,0.02,0.99,0.2,0.3,0.75,0.25,7.47,-15.26,True
1.02,0.02,0.99,0.2,0.3,1.0,0.0,7.26,-14.96,True
1.02,0.02,0.99,0.3,0.0,0.0,1.0,7.47,-19.37,True
1.02,0.02,0.99,0.3,0.0,0.25,0.75,7.23,-17.38,True
1.02,0.02,0.99,0.3,0.0,0.5,0.5,6.96,-15.36,True
1.02,0.02,0.99,0.3,0.0,0.75,0.25,6.65,-13.29,True
1.02,0.02,0.99,0.3,0.0,1.0,0.0,6.3,-11.19,True
1.02,0.02,0.99,0.3,0.1,0.0,1.0,7.67,-16.02,True
1.02,0.02,0.99,0.3,0.1,0.25,0.75,7.46,-14.16,True
1.02,0.02,0.99,0.3,0.1,0.5,0.5,7.23,-12.49,True
1.02,0.02,0.99,0.3,0.1,0.75,0.25,6.97,-11.16,True
1.02,0.02,0.99,0.3,0.1,1.0,0.0,6.68,-9.83,True
1.02,0.02,0.99,0.3,0.2,0.0,1.0,7.85,-14.43,True
1.02,0.02,0.99,0.3,0.2,0.25,0.75,7.67,-13.12,True
1.02,0.02,0.99,0.3,0.2,0.5,0.5,7.48,-11.8,True
1.02,0.02,0.99,0.3,0.2,0.75,0.25,7.26,-11.38,True
1.02,0.02,0.99,0.3,0.2,1.0,0.0,7.01,-11.07,True
1.02,0.02,0.99,0.3,0.3,0.0,1.0,7.9,-17.29,True
1.02,0.02,0.99,0.3,0.3,0.25,0.75,7.8,-16.87,True
1.02,0.02,0.99,0.3,0.3,0.5,0.5,7.66,-16.45,True
1.02,0.02,0.99,0.3,0.3,0.75,0.25,7.49,-16.05,True
1.02,0.02,0.99,0.3,0.3,1.0,0.0,7.3,-15.65,True
1.02,0.02,0.99,0.4,0.0,0.0,1.0,7.4,-20.89,True
1.02,0.02,0.99,0.4,0.0,0.25,0.75,7.2,-19.18,True
1.02,0.02,0.99,0.4,0.0,0.5,0.5,6.97,-17.45,True
1.02,0.02,0.99,0.4,0.0,0.75,0.25,6.69,-15.71,True
1.02,0.02,0.99,0.4,0.0,1.0,0.0,6.37,-13.96,True
1.02,0.02,0.99,0.4,0.1,0.0,1.0,7.56,-20.17,True
1.02,0.02,0.99,0.4,0.1,0.25,0.75,7.4,-18.45,True
1.02,0.02,0.99,0.4,0.1,0.5,0.5,7.21,-16.73,True
1.02,0.02,0.99,0.4,0.1,0.75,0.25,6.98,-14.99,True
1.02,0.02,0.99,0.4,0.1,1.0,0.0,6.71,-13.24,True
1.02,0.02,0.99,0.4,0.2,0.0,1.0,7.57,-19.04,True
1.02,0.02,0.99,0.4,0.2,0.25,0.75,7.47,-17.36,True
1.02,0.02,0.99,0.4,0.2,0.5,0.5,7.34,-15.66,True
1.02,0.02,0.99,0.4,0.2,0.75,0.25,7.18,-13.95,True
1.02,0.02,0.99,0.4,0.2,1.0,0.0,6.98,-12.24,True
1.02,0.02,0.99,0.4,0.3,0.0,1.0,7.57,-17.69,True
1.02,0.02,0.99,0.4,0.3,0.25,0.75,7.52,-17.23,True
1.02,0.02,0.99,0.4,0.3,0.5,0.5,7.44,-16.77,True
1.02,0.02,0.99,0.4,0.3,0.75,0.25,7.33,-16.33,True
1.02,0.02,0.99,0.4,0.3,1.0,0.0,7.19,-15.9,True
1.02,0.02,1.0,0.1,0.0,0.0,1.0,0.62,-17.14,True
1.02,0.02,1.0,0.1,0.0,0.25,0.75,0.73,-15.52,True
1.02,0.02,1.0,0.1,0.0,0.5,0.5,0.83,-13.89,True
1.02,0.02,1.0,0.1,0.0,0.75,0.25,0.93,-12.26,True
1.02,0.02,1.0,0.1,0.0,1.0,0.0,1.02,-10.62,True
1.02,0.02,1.0,0.1,0.1,0.0,1.0,2.29,-15.77,True
1.02,0.02,1.0,0.1,0.1,0.25,0.75,2.39,-14.11,True
1.02,0.02,1.0,0.1,0.1,0.5,0.5,2.49,-12.45,True
1.02,0.02,1.0,0.1,0.1,0.75,0.25,2.58,-10.79,True
1.02,0.02,1.0,0.1,0.1,1.0,0.0,2.67,-9.11,True
1.02,0.02,1.0,0.1,0.2,0.0,1.0,3.73,-13.43,True
1.02,0.02,1.0,0.1,0.2,0.25,0.75,3.81,-11.85,True
1.02,0.02,1.0,0.1,0.2,0.5,0.5,3.88,-10.25,True
1.02,0.02,1.0,0.1,0.2,0.75,0.25,3.95,-9.71,True
1.02,0.02,1.0,0.1,0.2,1.0,0.0,4.01,-9.83,True
1.02,0.02,1.0,0.1,0.3,0.0,1.0,5.04,-14.14,True
1.02,0.02,1.0,0.1,0.3,0.25,0.75,5.08,-14.02,True
1.02,0.02,1.0,0.1,0.3,0.5,0.5,5.12,-13.91,True
1.02,0.02,1.0,0.1,0.3,0.75,0.25,5.15,-13.79,True
1.02,0.02,1.0,0.1,0.3,1.0,0.0,5.18,-13.68,True
1.02,0.02,1.0,0.2,0.0,0.0,1.0,2.54,-19.68,True
1.02,0.02,1.0,0.2,0.0,0.25,0.75,2.59,-17.71,True
1.02,0.02,1.0,0.2,0.0,0.5,0.5,2.61,-15.73,True
1.02,0.02,1.0,0.2,0.0,0.75,0.25,2.62,-13.71,True
1.02,0.02,1.0,0.2,0.0,1.0,0.0,2.62,-11.68,True
1.02,0.02,1.0,0.2,0.1,0.0,1.0,3.86,-16.42,True
1.02,0.02,1.0,0.2,0.1,0.25,0.75,3.9,-14.59,True
1.02,0.02,1.0,0.2,0.1,0.5,0.5,3.93,-12.73,True
1.02,0.02,1.0,0.2,0.1,0.75,0.25,3.95,-10.85,True
1.02,0.02,1.0,0.2,0.1,1.0,0.0,3.95,-8.95,True
1.02,0.02,1.0,0.2,0.2,0.0,1.0,5.03,-12.98,True
1.02,0.02,1.0,0.2,0.2,0.25,0.75,5.05,-11.3,True
1.02,0.02,1.0,0.2,0.2,0.5,0.5,5.07,-10.34,True
1.02,0.02,1.0,0.2,0.2,0.75,0.25,5.07,-10.18,True
1.02,0.02,1.0,0.2,0.2,1.0,0.0,5.07,-10.02,True
1.02,0.02,1.0,0.2,0.3,0.0,1.0,5.92,-15.26,True
1.02,0.02,1.0,0.2,0.3,0.25,0.75,5.93,-15.03,True
1.02,0.02,1.0,0.2,0.3,0.5,0.5,5.93,-14.81,True
1.02,0.02,1.0,0.2,0.3,0.75,0.25,5.93,-14.59,True
1.02,0.02,1.0,0.2,0.3,1.0,0.0,5.91,-14.37,True
1.02,0.02,1.0,0.3,0.0,0.0,1.0,3.36,-19.37,True
1.02,0.02,1.0,0.3,0.0,0.25,0.75,3.38,-17.38,True
1.02,0.02,1.0,0.3,0.0,0.5,0.5,3.39,-15.36,True
1.02,0.02,1.0,0.3,0.0,0.75,0.25,3.38,-13.29,True
1.02,0.02,1.0,0.3,0.0,1.0,0.0,3.35,-11.19,True
1.02,0.02,1.0,0.3,0.1,0.0,1.0,4.63,-16.02,True
1.02,0.02,1.0,0.3,0.1,0.25,0.75,4.64,-14.16,True
1.02,0.02,1.0,0.3,0.1,0.5,0.5,4.64,-12.27,True
1.02,0.02,1.0,0.3,0.1,0.75,0.25,4.62,-10.34,True
1.02,0.02,1.0,0.3,0.1,1.0,0.0,4.58,-8.38,True
1.02,0.02,1.0,0.3,0.2,0.0,1.0,5.6,-12.74,True
1.02,0.02,1.0,0.3,0.2,0.25,0.75,5.6,-11.21,True
1.02,0.02,1.0,0.3,0.2,0.5,0.5,5.59,-10.96,True
1.02,0.02,1.0,0.3,0.2,0.75,0.25,5.57,-10.72,True
1.02,0.02,1.0,0.3,0.2,1.0,0.0,5.53,-10.49,True
1.02,0.02,1.0,0.3,0.3,0.0,1.0,6.18,-16.22,True
1.02,0.02,1.0,0.3,0.3,0.25,0.75,6.19,-15.89,True
1.02,0.02,1.0,0.3,0.3,0.5,0.5,6.19,-15.57,True
1.02,0.02,1.0,0.3,0.3,0.75,0.25,6.18,-15.26,True
1.02,0.02,1.0,0.3,0.3,1.0,0.0,6.16,-14.95,True
1.02,0.02,1.0,0.4,0.0,0.0,1.0,3.97,-19.29,True
1.02,0.02,1.0,0.4,0.0,0.25,0.75,3.99,-17.29,True
1.02,0.02,1.0,0.4,0.0,0.5,0.5,3.99,-15.24,True
1.02,0.02,1.0,0.4,0.0,0.75,0.25,3.97,-13.14,True
1.02,0.02,1.0,0.4,0.0,1.0,0.0,3.91,-11.1,True
1.02,0.02,1.0,0.4,0.1,0.0,1.0,5.08,-16.25,True
1.02,0.02,1.0,0.4,0.1,0.25,0.75,5.09,-14.79,True
1.02,0.02,1.0,0.4,0.1,0.5,0.5,5.09,-13.33,True
1.02,0.02,1.0,0.4,0.1,0.75,0.25,5.06,-11.86,True
1.02,0.02,1.0,0.4,0.1,1.0,0.0,5.0,-10.39,True
1.02,0.02,1.0,0.4,0.2,0.0,1.0,5.6,-15.19,True
1.02,0.02,1.0,0.4,0.2,0.25,0.75,5.63,-13.76,True
1.02,0.02,1.0,0.4,0.2,0.5,0.5,5.65,-12.33,True
1.02,0.02,1.0,0.4,0.2,0.75,0.25,5.65,-11.13,True
1.02,0.02,1.0,0.4,0.2,1.0,0.0,5.63,-10.83,True
1.02,0.02,1.0,0.4,0.3,0.0,1.0,6.02,-16.52,True
1.02,0.02,1.0,0.4,0.3,0.25,0.75,6.07,-16.16,True
1.02,0.02,1.0,0.4,0.3,0.5,0.5,6.1,-15.81,True
1.02,0.02,1.0,0.4,0.3,0.75,0.25,6.12,-15.46,True
1.02,0.02,1.0,0.4,0.3,1.0,0.0,6.12,-15.13,True
1.02,0.02,1.01,0.1,0.0,0.0,1.0,1.29,-13.35,True
1.02,0.02,1.01,0.1,0.0,0.25,0.75,1.33,-12.0,True
1.02,0.02,1.01,0.1,0.0,0.5,0.5,1.37,-10.65,True
1.02,0.02,1.01,0.1,0.0,0.75,0.25,1.41,-9.3,True
1.02,0.02,1.01,0.1,0.0,1.0,0.0,1.44,-7.94,True
1.02,0.02,1.01,0.1,0.1,0.0,1.0,2.81,-11.9,True
1.02,0.02,1.01,0.1,0.1,0.25,0.75,2.86,-10.53,True
1.02,0.02,1.01,0.1,0.1,0.5,0.5,2.91,-9.15,True
1.02,0.02,1.01,0.1,0.1,0.75,0.25,2.95,-7.77,True
1.02,0.02,1.01,0.1,0.1,1.0,0.0,2.98,-6.39,True
1.02,0.02,1.01,0.1,0.2,0.0,1.0,4.09,-9.77,True
1.02,0.02,1.01,0.1,0.2,0.25,0.75,4.14,-9.69,True
1.02,0.02,1.01,0.1,0.2,0.5,0.5,4.17,-9.6,True
1.02,0.02,1.01,0.1,0.2,0.75,0.25,4.21,-9.55,True
1.02,0.02,1.01,0.1,0.2,1.0,0.0,4.24,-9.71,True
1.02,0.02,1.01,0.1,0.3,0.0,1.0,5.3,-13.85,True
1.02,0.02,1.01,0.1,0.3,0.25,0.75,5.32,-13.75,True
1.02,0.02,1.01,0.1,0.3,0.5,0.5,5.33,-13.65,True
1.02,0.02,1.01,0.1,0.3,0.75,0.25,5.33,-13.54,True
1.02,0.02,1.01,0.1,0.3,1.0,0.0,5.34,-13.44,True
1.02,0.02,1.01,0.2,0.0,0.0,1.0,2.82,-15.11,True
1.02,0.02,1.01,0.2,0.0,0.25,0.75,2.83,-13.47,True
1.02,0.02,1.01,0.2,0.0,0.5,0.5,2.82,-11.8,True
1.02,0.02,1.01,0.2,0.0,0.75,0.25,2.79,-10.12,True
1.02,0.02,1.01,0.2,0.0,1.0,0.0,2.75,-8.41,True
1.02,0.02,1.01,0.2,0.1,0.0,1.0,4.09,-12.24,True
1.02,0.02,1.01,0.2,0.1,0.25,0.75,4.1,-10.7,True
1.02,0.02,1.01,0.2,0.1,0.5,0.5,4.1,-9.14,True
1.02,0.02,1.01,0.2,0.1,0.75,0.25,4.08,-7.57,True
1.02,0.02,1.01,0.2,0.1,1.0,0.0,4.06,-5.97,True
1.02,0.02,1.01,0.2,0.2,0.0,1.0,5.25,-10.31,True
1.02,0.02,1.01,0.2,0.2,0.25,0.75,5.24,-10.17,True
1.02,0.02,1.01,0.2,0.2,0.5,0.5,5.23,-10.03,True
1.02,0.02,1.01,0.2,0.2,0.75,0.25,5.2,-9.89,True
1.02,0.02,1.01,0.2,0.2,1.0,0.0,5.16,-9.75,True
1.02,0.02,1.01,0.2,0.3,0.0,1.0,6.16,-14.78,True
1.02,0.02,1.01,0.2,0.3,0.25,0.75,6.14,-14.58,True
1.02,0.02,1.01,0.2,0.3,0.5,0.5,6.11,-14.39,True
1.02,0.02,1.01,0.2,0.3,0.75,0.25,6.07,-14.2,True
1.02,0.02,1.01,0.2,0.3,1.0,0.0,6.02,-14.01,True
1.02,0.02,1.01,0.3,0.0,0.0,1.0,3.62,-14.79,True
1.02,0.02,1.01,0.3,0.0,0.25,0.75,3.6,-13.12,True
1.02,0.02,1.01,0.3,0.0,0.5,0.5,3.57,-11.41,True
1.02,0.02,1.01,0.3,0.0,0.75,0.25,3.52,-9.67,True
1.02,0.02,1.01,0.3,0.0,1.0,0.0,3.45,-7.91,True
1.02,0.02,1.01,0.3,0.1,0.0,1.0,4.87,-11.79,True
1.02,0.02,1.01,0.3,0.1,0.25,0.75,4.85,-10.23,True
1.02,0.02,1.01,0.3,0.1,0.5,0.5,4.81,-8.98,True
1.02,0.02,1.01,0.3,0.1,0.75,0.25,4.76,-7.94,True
1.02,0.02,1.01,0.3,0.1,1.0,0.0,4.69,-6.91,True
1.02,0.02,1.01,0.3,0.2,0.0,1.0,5.71,-11.01,True
1.02,0.02,1.01,0.3,0.2,0.25,0.75,5.7,-10.79,True
1.02,0.02,1.01,0.3,0.2,0.5,0.5,5.68,-10.57,True
1.02,0.02,1.01,0.3,0.2,0.75,0.25,5.64,-10.36,True
1.02,0.02,1.01,0.3,0.2,1.0,0.0,5.58,-10.16,True
1.02,0.02,1.01,0.3,0.3,0.0,1.0,6.04,-15.68,True
1.02,0.02,1.01,0.3,0.3,0.25,0.75,6.08,-15.39,True
1.02,0.02,1.01,0.3,0.3,0.5,0.5,6.09,-15.1,True
1.02,0.02,1.01,0.3,0.3,0.75,0.25,6.09,-14.83,True
1.02,0.02,1.01,0.3,0.3,1.0,0.0,6.08,-14.55,True
1.02,0.02,1.01,0.4,0.0,0.0,1.0,4.05,-15.58,True
1.02,0.02,1.01,0.4,0.0,0.25,0.75,4.05,-14.22,True
1.02,0.02,1.01,0.4,0.0,0.5,0.5,4.02,-12.86,True
1.02,0.02,1.01,0.4,0.0,0.75,0.25,3.96,-11.49,True
1.02,0.02,1.01,0.4,0.0,1.0,0.0,3.88,-10.11,True
1.02,0.02,1.01,0.4,0.1,0.0,1.0,4.98,-14.87,True
1.02,0.02,1.01,0.4,0.1,0.25,0.75,5.0,-13.51,True
1.02,0.02,1.01,0.4,0.1,0.5,0.5,4.99,-12.15,True
1.02,0.02,1.01,0.4,0.1,0.75,0.25,4.95,-10.78,True
1.02,0.02,1.01,0.4,0.1,1.0,0.0,4.9,-9.41,True
1.02,0.02,1.01,0.4,0.2,0.0,1.0,5.36,-13.86,True
1.02,0.02,1.01,0.4,0.2,0.25,0.75,5.41,-12.53,True
1.02,0.02,1.01,0.4,0.2,0.5,0.5,5.44,-11.19,True
1.02,0.02,1.01,0.4,0.2,0.75,0.25,5.46,-10.73,True
1.02,0.02,1.01,0.4,0.2,1.0,0.0,5.44,-10.48,True
1.02,0.02,1.01,0.4,0.3,0.0,1.0,5.74,-15.93,True
1.02,0.02,1.01,0.4,0.3,0.25,0.75,5.81,-15.61,True
1.02,0.02,1.01,0.4,0.3,0.5,0.5,5.87,-15.3,True
1.02,0.02,1.01,0.4,0.3,0.75,0.25,5.91,-14.99,True
1.02,0.02,1.01,0.4,0.3,1.0,0.0,5.93,-14.7,True
1.02,0.025,0.95,0.1,0.0,0.0,1.0,0.66,-25.45,True
1.02,0.025,0.95,0.1,0.0,0.25,0.75,0.75,-23.21,True
1.02,0.025,0.95,0.1,0.0,0.5,0.5,0.83,-20.84,True
1.02,0.025,0.95,0.1,0.0,0.75,0.25,0.91,-18.34,True
1.02,0.025,0.95,0.1,0.0,1.0,0.0,0.98,-15.67,True
1.02,0.025,0.95,0.1,0.1,0.0,1.0,2.88,-22.01,True
1.02,0.025,0.95,0.1,0.1,0.25,0.75,2.9,-20.82,True
1.02,0.025,0.95,0.1,0.1,0.5,0.5,2.92,-19.55,True
1.02,0.025,0.95,0.1,0.1,0.75,0.25,2.94,-18.19,True
1.02,0.025,0.95,0.1,0.1,1.0,0.0,2.96,-16.75,True
1.02,0.025,0.95,0.1,0.2,0.0,1.0,4.38,-21.92,True
1.02,0.025,0.95,0.1,0.2,0.25,0.75,4.38,-20.97,True
1.02,0.025,0.95,0.1,0.2,0.5,0.5,4.38,-19.95,True
1.02,0.025,0.95,0.1,0.2,0.75,0.25,4.37,-18.85,True
1.02,0.025,0.95,0.1,0.2,1.0,0.0,4.36,-17.69,True
1.02,0.025,0.95,0.1,0.3,0.0,1.0,5.45,-21.86,True
1.02,0.025,0.95,0.1,0.3,0.25,0.75,5.43,-21.07,True
1.02,0.025,0.95,0.1,0.3,0.5,0.5,5.41,-20.22,True
1.02,0.025,0.95,0.1,0.3,0.75,0.25,5.38,-19.32,True
1.02,0.025,0.95,0.1,0.3,1.0,0.0,5.35,-18.36,True
1.02,0.025,0.95,0.2,0.0,0.0,1.0,2.52,-25.01,True
1.02,0.025,0.95,0.2,0.0,0.25,0.75,2.57,-22.73,True
1.02,0.025,0.95,0.2,0.0,0.5,0.5,2.61,-20.28,True
1.02,0.025,0.95,0.2,0.0,0.75,0.25,2.64,-17.96,True
1.02,0.025,0.95,0.2,0.0,1.0,0.0,2.65,-15.86,True
1.02,0.025,0.95,0.2,0.1,0.0,1.0,4.39,-25.12,True
1.02,0.025,0.95,0.2,0.1,0.25,0.75,4.38,-23.0,True
1.02,0.025,0.95,0.2,0.1,0.5,0.5,4.36,-20.88,True
1.02,0.025,0.95,0.2,0.1,0.75,0.25,4.33,-18.76,True
1.02,0.025,0.95,0.2,0.1,1.0,0.0,4.28,-16.65,True
1.02,0.025,0.95,0.2,0.2,0.0,1.0,5.81,-23.9,True
1.02,0.025,0.95,0.2,0.2,0.25,0.75,5.77,-21.98,True
1.02,0.025,0.95,0.2,0.2,0.5,0.5,5.7,-20.06,True
1.02,0.025,0.95,0.2,0.2,0.75,0.25,5.63,-18.55,True
1.02,0.025,0.95,0.2,0.2,1.0,0.0,5.55,-17.13,True
1.02,0.025,0.95,0.2,0.3,0.0,1.0,6.63,-21.93,True
1.02,0.025,0.95,0.2,0.3,0.25,0.75,6.58,-21.03,True
1.02,0.025,0.95,0.2,0.3,0.5,0.5,6.51,-20.05,True
1.02,0.025,0.95,0.2,0.3,0.75,0.25,6.42,-18.98,True
1.02,0.025,0.95,0.2,0.3,1.0,0.0,6.33,-17.8,True
1.02,0.025,0.95,0.3,0.0,0.0,1.0,4.59,-29.36,True
1.02,0.025,0.95,0.3,0.0,0.25,0.75,4.55,-26.77,True
1.02,0.025,0.95,0.3,0.0,0.5,0.5,4.5,-24.19,True
1.02,0.025,0.95,0.3,0.0,0.75,0.25,4.42,-21.6,True
1.02,0.025,0.95,0.3,0.0,1.0,0.0,4.32,-19.01,True
1.02,0.025,0.95,0.3,0.1,0.0,1.0,6.0,-26.34,True
1.02,0.025,0.95,0.3,0.1,0.25,0.75,5.93,-24.04,True
1.02,0.025,0.95,0.3,0.1,0.5,0.5,5.84,-21.75,True
1.02,0.025,0.95,0.3,0.1,0.75,0.25,5.73,-19.46,True
1.02,0.025,0.95,0.3,0.1,1.0,0.0,5.59,-17.18,True
1.02,0.025,0.95,0.3,0.2,0.0,1.0,6.79,-23.99,True
1.02,0.025,0.95,0.3,0.2,0.25,0.75,6.7,-21.94,True
1.02,0.025,0.95,0.3,0.2,0.5,0.5,6.6,-19.9,True
1.02,0.025,0.95,0.3,0.2,0.75,0.25,6.49,-18.37,True
1.02,0.025,0.95,0.3,0.2,1.0,0.0,6.35,-16.87,True
1.02,0.025,0.95,0.3,0.3,0.0,1.0,7.27,-21.96,True
1.02,0.025,0.95,0.3,0.3,0.25,0.75,7.2,-20.99,True
1.02,0.025,0.95,0.3,0.3,0.5,0.5,7.11,-19.94,True
1.02,0.025,0.95,0.3,0.3,0.75,0.25,7.0,-18.79,True
1.02,0.025,0.95,0.3,0.3,1.0,0.0,6.88,-17.53,True
1.02,0.025,0.95,0.4,0.0,0.0,1.0,5.98,-29.12,True
1.02,0.025,0.95,0.4,0.0,0.25,0.75,5.89,-26.51,True
1.02,0.025,0.95,0.4,0.0,0.5,0.5,5.78,-23.89,True
1.02,0.025,0.95,0.4,0.0,0.75,0.25,5.63,-21.28,True
1.02,0.025,0.95,0.4,0.0,1.0,0.0,5.46,-18.67,True
1.02,0.025,0.95,0.4,0.1,0.0,1.0,6.83,-26.74,True
1.02,0.025,0.95,0.4,0.1,0.25,0.75,6.73,-24.37,True
1.02,0.025,0.95,0.4,0.1,0.5,0.5,6.6,-22.01,True
1.02,0.025,0.95,0.4,0.1,0.75,0.25,6.46,-19.65,True
1.02,0.025,0.95,0.4,0.1,1.0,0.0,6.29,-17.3,True
1.02,0.025,0.95,0.4,0.2,0.0,1.0,7.04,-24.46,True
1.02,0.025,0.95,0.4,0.2,0.25,0.75,6.97,-22.32,True
1.02,0.025,0.95,0.4,0.2,0.5,0.5,6.87,-20.19,True
1.02,0.025,0.95,0.4,0.2,0.75,0.25,6.75,-18.29,True
1.02,0.025,0.95,0.4,0.2,1.0,0.0,6.62,-16.76,True
1.02,0.025,0.95,0.4,0.3,0.0,1.0,7.07,-21.96,True
1.02,0.025,0.95,0.4,0.3,0.25,0.75,7.02,-20.98,True
1.02,0.025,0.95,0.4,0.3,0.5,0.5,6.96,-19.92,True
1.02,0.025,0.95,0.4,0.3,0.75,0.25,6.88,-18.76,True
1.02,0.025,0.95,0.4,0.3,1.0,0.0,6.79,-17.49,True
1.02,0.025,0.97,0.1,0.0,0.0,1.0,1.95,-21.31,True
1.02,0.025,0.97,0.1,0.0,0.25,0.75,1.91,-19.3,True
1.02,0.025,0.97,0.1,0.0,0.5,0.5,1.86,-17.17,True
1.02,0.025,0.97,0.1,0.0,0.75,0.25,1.81,-14.92,True
1.02,0.025,0.97,0.1,0.0,1.0,0.0,1.75,-12.51,True
1.02,0.025,0.97,0.1,0.1,0.0,1.0,3.76,-15.57,True
1.02,0.025,0.97,0.1,0.1,0.25,0.75,3.7,-13.74,True
1.02,0.025,0.97,0.1,0.1,0.5,0.5,3.64,-11.79,True
1.02,0.025,0.97,0.1,0.1,0.75,0.25,3.57,-9.73,True
1.02,0.025,0.97,0.1,0.1,1.0,0.0,3.5,-7.54,True
1.02,0.025,0.97,0.1,0.2,0.0,1.0,5.1,-12.19,True
1.02,0.025,0.97,0.1,0.2,0.25,0.75,5.04,-10.29,True
1.02,0.025,0.97,0.1,0.2,0.5,0.5,4.96,-8.97,True
1.02,0.025,0.97,0.1,0.2,0.75,0.25,4.88,-8.92,True
1.02,0.025,0.97,0.1,0.2,1.0,0.0,4.8,-8.87,True
1.02,0.025,0.97,0.1,0.3,0.0,1.0,6.05,-13.12,True
1.02,0.025,0.97,0.1,0.3,0.25,0.75,5.97,-13.05,True
1.02,0.025,0.97,0.1,0.3,0.5,0.5,5.89,-12.98,True
1.02,0.025,0.97,0.1,0.3,0.75,0.25,5.8,-12.91,True
1.02,0.025,0.97,0.1,0.3,1.0,0.0,5.71,-12.84,True
1.02,0.025,0.97,0.2,0.0,0.0,1.0,4.41,-20.84,True
1.02,0.025,0.97,0.2,0.0,0.25,0.75,4.27,-18.78,True
1.02,0.025,0.97,0.2,0.0,0.5,0.5,4.12,-16.57,True
1.02,0.025,0.97,0.2,0.0,0.75,0.25,3.95,-14.19,True
1.02,0.025,0.97,0.2,0.0,1.0,0.0,3.76,-11.63,True
1.02,0.025,0.97,0.2,0.1,0.0,1.0,5.77,-17.0,True
1.02,0.025,0.97,0.2,0.1,0.25,0.75,5.62,-15.05,True
1.02,0.025,0.97,0.2,0.1,0.5,0.5,5.46,-12.96,True
1.02,0.025,0.97,0.2,0.1,0.75,0.25,5.28,-10.72,True
1.02,0.025,0.97,0.2,0.1,1.0,0.0,5.1,-8.7,True
1.02,0.025,0.97,0.2,0.2,0.0,1.0,6.88,-13.25,True
1.02,0.025,0.97,0.2,0.2,0.25,0.75,6.72,-12.1,True
1.02,0.025,0.97,0.2,0.2,0.5,0.5,6.55,-10.97,True
1.02,0.025,0.97,0.2,0.2,0.75,0.25,6.37,-9.83,True
1.02,0.025,0.97,0.2,0.2,1.0,0.0,6.17,-9.13,True
1.02,0.025,0.97,0.2,0.3,0.0,1.0,7.67,-13.69,True
1.02,0.025,0.97,0.2,0.3,0.25,0.75,7.5,-13.59,True
1.02,0.025,0.97,0.2,0.3,0.5,0.5,7.32,-13.5,True
1.02,0.025,0.97,0.2,0.3,0.75,0.25,7.12,-13.35,True
1.02,0.025,0.97,0.2,0.3,1.0,0.0,6.92,-13.21,True
1.02,0.025,0.97,0.3,0.0,0.0,1.0,6.61,-20.84,True
1.02,0.025,0.97,0.3,0.0,0.25,0.75,6.36,-18.82,True
1.02,0.025,0.97,0.3,0.0,0.5,0.5,6.08,-16.62,True
1.02,0.025,0.97,0.3,0.0,0.75,0.25,5.79,-14.24,True
1.02,0.025,0.97,0.3,0.0,1.0,0.0,5.47,-11.63,True
1.02,0.025,0.97,0.3,0.1,0.0,1.0,7.58,-17.19,True
1.02,0.025,0.97,0.3,0.1,0.25,0.75,7.33,-15.25,True
1.02,0.025,0.97,0.3,0.1,0.5,0.5,7.06,-13.15,True
1.02,0.025,0.97,0.3,0.1,0.75,0.25,6.77,-10.87,True
1.02,0.025,0.97,0.3,0.1,1.0,0.0,6.46,-8.4,True
1.02,0.025,0.97,0.3,0.2,0.0,1.0,8.03,-13.37,True
1.02,0.025,0.97,0.3,0.2,0.25,0.75,7.8,-11.56,True
1.02,0.025,0.97,0.3,0.2,0.5,0.5,7.55,-10.4,True
1.02,0.025,0.97,0.3,0.2,0.75,0.25,7.28,-9.52,True
1.02,0.025,0.97,0.3,0.2,1.0,0.0,7.0,-9.4,True
1.02,0.025,0.97,0.3,0.3,0.0,1.0,8.33,-14.15,True
1.02,0.025,0.97,0.3,0.3,0.25,0.75,8.13,-14.0,True
1.02,0.025,0.97,0.3,0.3,0.5,0.5,7.91,-13.85,True
1.02,0.025,0.97,0.3,0.3,0.75,0.25,7.68,-13.71,True
1.02,0.025,0.97,0.3,0.3,1.0,0.0,7.42,-13.56,True
1.02,0.025,0.97,0.4,0.0,0.0,1.0,7.75,-20.84,True
1.02,0.025,0.97,0.4,0.0,0.25,0.75,7.45,-18.84,True
1.02,0.025,0.97,0.4,0.0,0.5,0.5,7.14,-16.66,True
1.02,0.025,0.97,0.4,0.0,0.75,0.25,6.79,-14.27,True
1.02,0.025,0.97,0.4,0.0,1.0,0.0,6.41,-11.63,True
1.02,0.025,0.97,0.4,0.1,0.0,1.0,8.22,-17.2,True
1.02,0.025,0.97,0.4,0.1,0.25,0.75,7.95,-15.28,True
1.02,0.025,0.97,0.4,0.1,0.5,0.5,7.65,-13.2,True
1.02,0.025,0.97,0.4,0.1,0.75,0.25,7.33,-10.91,True
1.02,0.025,0.97,0.4,0.1,1.0,0.0,6.99,-8.41,True
1.02,0.025,0.97,0.4,0.2,0.0,1.0,8.39,-13.51,True
1.02,0.025,0.97,0.4,0.2,0.25,0.75,8.14,-11.69,True
1.02,0.025,0.97,0.4,0.2,0.5,0.5,7.86,-10.34,True
1.02,0.025,0.97,0.4,0.2,0.75,0.25,7.57,-9.62,True
1.02,0.025,0.97,0.4,0.2,1.0,0.0,7.26,-9.5,True
1.02,0.025,0.97,0.4,0.3,0.0,1.0,8.3,-14.04,True
1.02,0.025,0.97,0.4,0.3,0.25,0.75,8.08,-13.89,True
1.02,0.025,0.97,0.4,0.3,0.5,0.5,7.85,-13.75,True
1.02,0.025,0.97,0.4,0.3,0.75,0.25,7.61,-13.6,True
1.02,0.025,0.97,0.4,0.3,1.0,0.0,7.36,-13.46,True
1.02,0.025,0.99,0.1,0.0,0.0,1.0,3.03,-16.54,True
1.02,0.025,0.99,0.1,0.0,0.25,0.75,2.88,-14.99,True
1.02,0.025,0.99,0.1,0.0,0.5,0.5,2.73,-13.34,True
1.02,0.025,0.99,0.1,0.0,0.75,0.25,2.57,-11.59,True
1.02,0.025,0.99,0.1,0.0,1.0,0.0,2.4,-9.72,True
1.02,0.025,0.99,0.1,0.1,0.0,1.0,4.59,-11.18,True
1.02,0.025,0.99,0.1,0.1,0.25,0.75,4.45,-9.77,True
1.02,0.025,0.99,0.1,0.1,0.5,0.5,4.3,-8.27,True
1.02,0.025,0.99,0.1,0.1,0.75,0.25,4.15,-6.68,True
1.02,0.025,0.99,0.1,0.1,1.0,0.0,4.0,-5.09,True
1.02,0.025,0.99,0.1,0.2,0.0,1.0,5.78,-8.99,True
1.02,0.025,0.99,0.1,0.2,0.25,0.75,5.64,-8.95,True
1.02,0.025,0.99,0.1,0.2,0.5,0.5,5.49,-8.92,True
1.02,0.025,0.99,0.1,0.2,0.75,0.25,5.34,-8.88,True
1.02,0.025,0.99,0.1,0.2,1.0,0.0,5.19,-8.85,True
1.02,0.025,0.99,0.1,0.3,0.0,1.0,6.64,-13.01,True
1.02,0.025,0.99,0.1,0.3,0.25,0.75,6.5,-12.95,True
1.02,0.025,0.99,0.1,0.3,0.5,0.5,6.35,-12.9,True
1.02,0.025,0.99,0.1,0.3,0.75,0.25,6.2,-12.85,True
1.02,0.025,0.99,0.1,0.3,1.0,0.0,6.05,-12.8,True
1.02,0.025,0.99,0.2,0.0,0.0,1.0,5.77,-16.04,True
1.02,0.025,0.99,0.2,0.0,0.25,0.75,5.49,-14.42,True
1.02,0.025,0.99,0.2,0.0,0.5,0.5,5.19,-12.69,True
1.02,0.025,0.99,0.2,0.0,0.75,0.25,4.88,-10.82,True
1.02,0.025,0.99,0.2,0.0,1.0,0.0,4.55,-8.81,True
1.02,0.025,0.99,0.2,0.1,0.0,1.0,6.87,-13.65,True
1.02,0.025,0.99,0.2,0.1,0.25,0.75,6.6,-12.4,True
1.02,0.025,0.99,0.2,0.1,0.5,0.5,6.33,-11.16,True
1.02,0.025,0.99,0.2,0.1,0.75,0.25,6.04,-9.92,True
1.02,0.025,0.99,0.2,0.1,1.0,0.0,5.73,-8.68,True
1.02,0.025,0.99,0.2,0.2,0.0,1.0,7.79,-13.44,True
1.02,0.025,0.99,0.2,0.2,0.25,0.75,7.53,-12.26,True
1.02,0.025,0.99,0.2,0.2,0.5,0.5,7.26,-11.08,True
1.02,0.025,0.99,0.2,0.2,0.75,0.25,6.98,-9.91,True
1.02,0.025,0.99,0.2,0.2,1.0,0.0,6.69,-9.07,True
1.02,0.025,0.99,0.2,0.3,0.0,1.0,8.57,-13.55,True
1.02,0.025,0.99,0.2,0.3,0.25,0.75,8.29,-13.44,True
1.02,0.025,0.99,0.2,0.3,0.5,0.5,8.0,-13.33,True
1.02,0.025,0.99,0.2,0.3,0.75,0.25,7.7,-13.23,True
1.02,0.025,0.99,0.2,0.3,1.0,0.0,7.39,-13.12,True
1.02,0.025,0.99,0.3,0.0,0.0,1.0,8.11,-16.04,True
1.02,0.025,0.99,0.3,0.0,0.25,0.75,7.71,-14.45,True
1.02,0.025,0.99,0.3,0.0,0.5,0.5,7.28,-12.73,True
1.02,0.025,0.99,0.3,0.0,0.75,0.25,6.83,-10.86,True
1.02,0.025,0.99,0.3,0.0,1.0,0.0,6.34,-9.23,True
1.02,0.025,0.99,0.3,0.1,0.0,1.0,8.93,-13.74,True
1.02,0.025,0.99,0.3,0.1,0.25,0.75,8.54,-12.4,True
1.02,0.025,0.99,0.3,0.1,0.5,0.5,8.12,-11.05,True
1.02,0.025,0.99,0.3,0.1,0.75,0.25,7.67,-9.72,True
1.02,0.025,0.99,0.3,0.1,1.0,0.0,7.21,-8.39,True
1.02,0.025,0.99,0.3,0.2,0.0,1.0,9.25,-12.85,True
1.02,0.025,0.99,0.3,0.2,0.25,0.75,8.87,-11.65,True
1.02,0.025,0.99,0.3,0.2,0.5,0.5,8.48,-10.46,True
1.02,0.025,0.99,0.3,0.2,0.75,0.25,8.08,-9.42,True
1.02,0.025,0.99,0.3,0.2,1.0,0.0,7.65,-9.31,True
1.02,0.025,0.99,0.3,0.3,0.0,1.0,9.47,-13.89,True
1.02,0.025,0.99,0.3,0.3,0.25,0.75,9.12,-13.79,True
1.02,0.025,0.99,0.3,0.3,0.5,0.5,8.77,-13.69,True
1.02,0.025,0.99,0.3,0.3,0.75,0.25,8.4,-13.59,True
1.02,0.025,0.99,0.3,0.3,1.0,0.0,8.02,-13.45,True
1.02,0.025,0.99,0.4,0.0,0.0,1.0,9.38,-16.04,True
1.02,0.025,0.99,0.4,0.0,0.25,0.75,8.92,-14.47,True
1.02,0.025,0.99,0.4,0.0,0.5,0.5,8.43,-12.76,True
1.02,0.025,0.99,0.4,0.0,0.75,0.25,7.9,-10.99,True
1.02,0.025,0.99,0.4,0.0,1.0,0.0,7.34,-9.43,True
1.02,0.025,0.99,0.4,0.1,0.0,1.0,9.7,-13.96,True
1.02,0.025,0.99,0.4,0.1,0.25,0.75,9.27,-12.57,True
1.02,0.025,0.99,0.4,0.1,0.5,0.5,8.81,-11.18,True
1.02,0.025,0.99,0.4,0.1,0.75,0.25,8.32,-9.79,True
1.02,0.025,0.99,0.4,0.1,1.0,0.0,7.81,-8.42,True
1.02,0.025,0.99,0.4,0.2,0.0,1.0,9.73,-12.87,True
1.02,0.025,0.99,0.4,0.2,0.25,0.75,9.34,-11.64,True
1.02,0.025,0.99,0.4,0.2,0.5,0.5,8.92,-10.41,True
1.02,0.025,0.99,0.4,0.2,0.75,0.25,8.47,-9.64,True
1.02,0.025,0.99,0.4,0.2,1.0,0.0,7.99,-9.55,True
1.02,0.025,0.99,0.4,0.3,0.0,1.0,9.43,-14.35,True
1.02,0.025,0.99,0.4,0.3,0.25,0.75,9.07,-14.21,True
1.02,0.025,0.99,0.4,0.3,0.5,0.5,8.69,-14.07,True
1.02,0.025,0.99,0.4,0.3,0.75,0.25,8.31,-13.93,True
1.02,0.025,0.99,0.4,0.3,1.0,0.0,7.91,-13.79,True
1.02,0.025,1.0,0.1,0.0,0.0,1.0,0.87,-16.54,True
1.02,0.025,1.0,0.1,0.0,0.25,0.75,0.88,-14.99,True
1.02,0.025,1.0,0.1,0.0,0.5,0.5,0.9,-13.34,True
1.02,0.025,1.0,0.1,0.0,0.75,0.25,0.91,-11.59,True
1.02,0.025,1.0,0.1,0.0,1.0,0.0,0.92,-9.72,True
1.02,0.025,1.0,0.1,0.1,0.0,1.0,2.7,-11.23,True
1.02,0.025,1.0,0.1,0.1,0.25,0.75,2.71,-9.82,True
1.02,0.025,1.0,0.1,0.1,0.5,0.5,2.71,-8.32,True
1.02,0.025,1.0,0.1,0.1,0.75,0.25,2.71,-6.72,True
1.02,0.025,1.0,0.1,0.1,1.0,0.0,2.71,-6.52,True
1.02,0.025,1.0,0.1,0.2,0.0,1.0,3.96,-9.95,True
1.02,0.025,1.0,0.1,0.2,0.25,0.75,3.96,-10.03,True
1.02,0.025,1.0,0.1,0.2,0.5,0.5,3.96,-10.12,True
1.02,0.025,1.0,0.1,0.2,0.75,0.25,3.96,-10.2,True
1.02,0.025,1.0,0.1,0.2,1.0,0.0,3.95,-10.3,True
1.02,0.025,1.0,0.1,0.3,0.0,1.0,4.92,-12.87,True
1.02,0.025,1.0,0.1,0.3,0.25,0.75,4.92,-12.83,True
1.02,0.025,1.0,0.1,0.3,0.5,0.5,4.92,-12.79,True
1.02,0.025,1.0,0.1,0.3,0.75,0.25,4.91,-12.75,True
1.02,0.025,1.0,0.1,0.3,1.0,0.0,4.91,-12.84,True
1.02,0.025,1.0,0.2,0.0,0.0,1.0,1.96,-16.04,True
1.02,0.025,1.0,0.2,0.0,0.25,0.75,1.94,-14.42,True
1.02,0.025,1.0,0.2,0.0,0.5,0.5,1.93,-12.69,True
1.02,0.025,1.0,0.2,0.0,0.75,0.25,1.91,-10.82,True
1.02,0.025,1.0,0.2,0.0,1.0,0.0,1.88,-8.81,True
1.02,0.025,1.0,0.2,0.1,0.0,1.0,3.51,-12.75,True
1.02,0.025,1.0,0.2,0.1,0.25,0.75,3.49,-11.19,True
1.02,0.025,1.0,0.2,0.1,0.5,0.5,3.46,-9.53,True
1.02,0.025,1.0,0.2,0.1,0.75,0.25,3.44,-7.74,True
1.02,0.025,1.0,0.2,0.1,1.0,0.0,3.4,-5.82,True
1.02,0.025,1.0,0.2,0.2,0.0,1.0,4.68,-9.41,True
1.02,0.025,1.0,0.2,0.2,0.25,0.75,4.65,-9.12,True
1.02,0.025,1.0,0.2,0.2,0.5,0.5,4.62,-9.06,True
1.02,0.025,1.0,0.2,0.2,0.75,0.25,4.59,-9.01,True
1.02,0.025,1.0,0.2,0.2,1.0,0.0,4.55,-9.0,True
1.02,0.025,1.0,0.2,0.3,0.0,1.0,5.6,-13.28,True
1.02,0.025,1.0,0.2,0.3,0.25,0.75,5.57,-13.19,True
1.02,0.025,1.0,0.2,0.3,0.5,0.5,5.53,-13.11,True
1.02,0.025,1.0,0.2,0.3,0.75,0.25,5.48,-13.02,True
1.02,0.025,1.0,0.2,0.3,1.0,0.0,5.44,-12.94,True
1.02,0.025,1.0,0.3,0.0,0.0,1.0,3.13,-16.04,True
1.02,0.025,1.0,0.3,0.0,0.25,0.75,3.06,-14.45,True
1.02,0.025,1.0,0.3,0.0,0.5,0.5,2.98,-12.73,True
1.02,0.025,1.0,0.3,0.0,0.75,0.25,2.9,-10.86,True
1.02,0.025,1.0,0.3,0.0,1.0,0.0,2.8,-8.81,True
1.02,0.025,1.0,0.3,0.1,0.0,1.0,4.44,-12.94,True
1.02,0.025,1.0,0.3,0.1,0.25,0.75,4.38,-11.39,True
1.02,0.025,1.0,0.3,0.1,0.5,0.5,4.3,-9.71,True
1.02,0.025,1.0,0.3,0.1,0.75,0.25,4.22,-7.91,True
1.02,0.025,1.0,0.3,0.1,1.0,0.0,4.13,-5.93,True
1.02,0.025,1.0,0.3,0.2,0.0,1.0,5.4,-9.74,True
1.02,0.025,1.0,0.3,0.2,0.25,0.75,5.34,-9.32,True
1.02,0.025,1.0,0.3,0.2,0.5,0.5,5.27,-9.27,True
1.02,0.025,1.0,0.3,0.2,0.75,0.25,5.19,-9.2,True
1.02,0.025,1.0,0.3,0.2,1.0,0.0,5.1,-9.11,True
1.02,0.025,1.0,0.3,0.3,0.0,1.0,6.19,-13.46,True
1.02,0.025,1.0,0.3,0.3,0.25,0.75,6.14,-13.4,True
1.02,0.025,1.0,0.3,0.3,0.5,0.5,6.07,-13.33,True
1.02,0.025,1.0,0.3,0.3,0.75,0.25,6.0,-13.27,True
1.02,0.025,1.0,0.3,0.3,1.0,0.0,5.91,-13.18,True
1.02,0.025,1.0,0.4,0.0,0.0,1.0,4.05,-16.04,True
1.02,0.025,1.0,0.4,0.0,0.25,0.75,3.94,-14.47,True
1.02,0.025,1.0,0.4,0.0,0.5,0.5,3.81,-12.76,True
1.02,0.025,1.0,0.4,0.0,0.75,0.25,3.68,-10.88,True
1.02,0.025,1.0,0.4,0.0,1.0,0.0,3.53,-8.81,True
1.02,0.025,1.0,0.4,0.1,0.0,1.0,5.13,-13.02,True
1.02,0.025,1.0,0.4,0.1,0.25,0.75,5.03,-11.47,True
1.02,0.025,1.0,0.4,0.1,0.5,0.5,4.92,-9.8,True
1.02,0.025,1.0,0.4,0.1,0.75,0.25,4.8,-7.96,True
1.02,0.025,1.0,0.4,0.1,1.0,0.0,4.67,-6.08,True
1.02,0.025,1.0,0.4,0.2,0.0,1.0,5.87,-9.87,True
1.02,0.025,1.0,0.4,0.2,0.25,0.75,5.79,-9.46,True
1.02,0.025,1.0,0.4,0.2,0.5,0.5,5.7,-9.4,True
1.02,0.025,1.0,0.4,0.2,0.75,0.25,5.6,-9.34,True
1.02,0.025,1.0,0.4,0.2,1.0,0.0,5.49,-9.28,True
1.02,0.025,1.0,0.4,0.3,0.0,1.0,6.41,-13.76,True
1.02,0.025,1.0,0.4,0.3,0.25,0.75,6.35,-13.67,True
1.02,0.025,1.0,0.4,0.3,0.5,0.5,6.28,-13.58,True
1.02,0.025,1.0,0.4,0.3,0.75,0.25,6.2,-13.49,True
1.02,0.025,1.0,0.4,0.3,1.0,0.0,6.1,-13.4,True
1.02,0.025,1.01,0.1,0.0,0.0,1.0,0.7,-13.64,True
1.02,0.025,1.01,0.1,0.0,0.25,0.75,0.73,-12.17,True
1.02,0.025,1.01,0.1,0.0,0.5,0.5,0.75,-10.68,True
1.02,0.025,1.01,0.1,0.0,0.75,0.25,0.78,-9.15,True
1.02,0.025,1.01,0.1,0.0,1.0,0.0,0.8,-7.54,True
1.02,0.025,1.01,0.1,0.1,0.0,1.0,2.59,-8.94,True
1.02,0.025,1.01,0.1,0.1,0.25,0.75,2.6,-7.74,True
1.02,0.025,1.01,0.1,0.1,0.5,0.5,2.61,-6.74,True
1.02,0.025,1.01,0.1,0.1,0.75,0.25,2.61,-6.79,True
1.02,0.025,1.01,0.1,0.1,1.0,0.0,2.62,-6.82,True
1.02,0.025,1.01,0.1,0.2,0.0,1.0,3.93,-10.28,True
1.02,0.025,1.01,0.1,0.2,0.25,0.75,3.93,-10.36,True
1.02,0.025,1.01,0.1,0.2,0.5,0.5,3.92,-10.44,True
1.02,0.025,1.01,0.1,0.2,0.75,0.25,3.91,-10.53,True
1.02,0.025,1.01,0.1,0.2,1.0,0.0,3.91,-10.61,True
1.02,0.025,1.01,0.1,0.3,0.0,1.0,4.99,-12.74,True
1.02,0.025,1.01,0.1,0.3,0.25,0.75,4.98,-12.71,True
1.02,0.025,1.01,0.1,0.3,0.5,0.5,4.97,-12.71,True
1.02,0.025,1.01,0.1,0.3,0.75,0.25,4.95,-12.84,True
1.02,0.025,1.01,0.1,0.3,1.0,0.0,4.93,-12.97,True
1.02,0.025,1.01,0.2,0.0,0.0,1.0,2.19,-9.05,True
1.02,0.025,1.01,0.2,0.0,0.25,0.75,2.14,-7.88,True
1.02,0.025,1.01,0.2,0.0,0.5,0.5,2.1,-6.65,True
1.02,0.025,1.01,0.2,0.0,0.75,0.25,2.05,-5.35,True
1.02,0.025,1.01,0.2,0.0,1.0,0.0,1.99,-3.98,True
1.02,0.025,1.01,0.2,0.1,0.0,1.0,3.69,-5.9,True
1.02,0.025,1.01,0.2,0.1,0.25,0.75,3.64,-5.22,True
1.02,0.025,1.01,0.2,0.1,0.5,0.5,3.59,-5.34,True
1.02,0.025,1.01,0.2,0.1,0.75,0.25,3.54,-5.47,True
1.02,0.025,1.01,0.2,0.1,1.0,0.0,3.49,-5.61,True
1.02,0.025,1.01,0.2,0.2,0.0,1.0,4.8,-8.99,True
1.02,0.025,1.01,0.2,0.2,0.25,0.75,4.76,-8.95,True
1.02,0.025,1.01,0.2,0.2,0.5,0.5,4.71,-8.9,True
1.02,0.025,1.01,0.2,0.2,0.75,0.25,4.66,-8.95,True
1.02,0.025,1.01,0.2,0.2,1.0,0.0,4.61,-9.15,True
1.02,0.025,1.01,0.2,0.3,0.0,1.0,5.67,-12.97,True
1.02,0.025,1.01,0.2,0.3,0.25,0.75,5.62,-12.94,True
1.02,0.025,1.01,0.2,0.3,0.5,0.5,5.57,-12.88,True
1.02,0.025,1.01,0.2,0.3,0.75,0.25,5.51,-12.82,True
1.02,0.025,1.01,0.2,0.3,1.0,0.0,5.46,-12.76,True
1.02,0.025,1.01,0.3,0.0,0.0,1.0,3.03,-9.97,True
1.02,0.025,1.01,0.3,0.0,0.25,0.75,2.96,-9.04,True
1.02,0.025,1.01,0.3,0.0,0.5,0.5,2.88,-8.04,True
1.02,0.025,1.01,0.3,0.0,0.75,0.25,2.79,-6.98,True
1.02,0.025,1.01,0.3,0.0,1.0,0.0,2.69,-5.83,True
1.02,0.025,1.01,0.3,0.1,0.0,1.0,4.34,-8.01,True
1.02,0.025,1.01,0.3,0.1,0.25,0.75,4.27,-7.14,True
1.02,0.025,1.01,0.3,0.1,0.5,0.5,4.19,-6.22,True
1.02,0.025,1.01,0.3,0.1,0.75,0.25,4.11,-5.24,True
1.02,0.025,1.01,0.3,0.1,1.0,0.0,4.01,-5.07,True
1.02,0.025,1.01,0.3,0.2,0.0,1.0,5.33,-9.07,True
1.02,0.025,1.01,0.3,0.2,0.25,0.75,5.27,-9.04,True
1.02,0.025,1.01,0.3,0.2,0.5,0.5,5.19,-9.01,True
1.02,0.025,1.01,0.3,0.2,0.75,0.25,5.11,-8.98,True
1.02,0.025,1.01,0.3,0.2,1.0,0.0,5.02,-8.92,True
1.02,0.025,1.01,0.3,0.3,0.0,1.0,6.09,-13.07,True
1.02,0.025,1.01,0.3,0.3,0.25,0.75,6.03,-13.02,True
1.02,0.025,1.01,0.3,0.3,0.5,0.5,5.96,-12.98,True
1.02,0.025,1.01,0.3,0.3,0.75,0.25,5.89,-12.94,True
1.02,0.025,1.01,0.3,0.3,1.0,0.0,5.81,-12.9,True
1.02,0.025,1.01,0.4,0.0,0.0,1.0,3.68,-10.26,True
1.02,0.025,1.01,0.4,0.0,0.25,0.75,3.58,-9.33,True
1.02,0.025,1.01,0.4,0.0,0.5,0.5,3.47,-8.33,True
1.02,0.025,1.01,0.4,0.0,0.75,0.25,3.35,-7.23,True
1.02,0.025,1.01,0.4,0.0,1.0,0.0,3.22,-6.04,True
1.02,0.025,1.01,0.4,0.1,0.0,1.0,4.87,-8.43,True
1.02,0.025,1.01,0.4,0.1,0.25,0.75,4.78,-7.56,True
1.02,0.025,1.01,0.4,0.1,0.5,0.5,4.68,-6.61,True
1.02,0.025,1.01,0.4,0.1,0.75,0.25,4.56,-5.58,True
1.02,0.025,1.01,0.4,0.1,1.0,0.0,4.44,-4.68,True
1.02,0.025,1.01,0.4,0.2,0.0,1.0,5.64,-9.16,True
1.02,0.025,1.01,0.4,0.2,0.25,0.75,5.56,-9.12,True
1.02,0.025,1.01,0.4,0.2,0.5,0.5,5.48,-9.08,True
1.02,0.025,1.01,0.4,0.2,0.75,0.25,5.38,-9.04,True
1.02,0.025,1.01,0.4,0.2,1.0,0.0,5.28,-9.0,True
1.02,0.025,1.01,0.4,0.3,0.0,1.0,6.31,-13.26,True
1.02,0.025,1.01,0.4,0.3,0.25,0.75,6.24,-13.21,True
1.02,0.025,1.01,0.4,0.3,0.5,0.5,6.16,-13.15,True
1.02,0.025,1.01,0.4,0.3,0.75,0.25,6.07,-13.09,True
1.02,0.025,1.01,0.4,0.3,1.0,0.0,5.98,-13.03,True
1.02,0.03,0.95,0.1,0.0,0.0,1.0,-0.09,-20.65,True
1.02,0.03,0.95,0.1,0.0,0.25,0.75,0.0,-18.55,True
1.02,0.03,0.95,0.1,0.0,0.5,0.5,0.08,-16.44,True
1.02,0.03,0.95,0.1,0.0,0.75,0.25,0.16,-14.33,True
1.02,0.03,0.95,0.1,0.0,1.0,0.0,0.23,-12.19,True
1.02,0.03,0.95,0.1,0.1,0.0,1.0,1.25,-21.94,True
1.02,0.03,0.95,0.1,0.1,0.25,0.75,1.32,-20.44,True
1.02,0.03,0.95,0.1,0.1,0.5,0.5,1.4,-18.92,True
1.02,0.03,0.95,0.1,0.1,0.75,0.25,1.46,-17.36,True
1.02,0.03,0.95,0.1,0.1,1.0,0.0,1.52,-15.77,True
1.02,0.03,0.95,0.1,0.2,0.0,1.0,2.38,-21.92,True
1.02,0.03,0.95,0.1,0.2,0.25,0.75,2.43,-20.92,True
1.02,0.03,0.95,0.1,0.2,0.5,0.5,2.48,-19.88,True
1.02,0.03,0.95,0.1,0.2,0.75,0.25,2.52,-18.78,True
1.02,0.03,0.95,0.1,0.2,1.0,0.0,2.57,-17.62,True
1.02,0.03,0.95,0.1,0.3,0.0,1.0,3.41,-21.85,True
1.02,0.03,0.95,0.1,0.3,0.25,0.75,3.44,-21.04,True
1.02,0.03,0.95,0.1,0.3,0.5,0.5,3.46,-20.2,True
1.02,0.03,0.95,0.1,0.3,0.75,0.25,3.47,-19.31,True
1.02,0.03,0.95,0.1,0.3,1.0,0.0,3.49,-18.37,True
1.02,0.03,0.95,0.2,0.0,0.0,1.0,0.8,-26.33,True
1.02,0.03,0.95,0.2,0.0,0.25,0.75,0.85,-23.96,True
1.02,0.03,0.95,0.2,0.0,0.5,0.5,0.89,-21.49,True
1.02,0.03,0.95,0.2,0.0,0.75,0.25,0.92,-18.92,True
1.02,0.03,0.95,0.2,0.0,1.0,0.0,0.95,-16.24,True
1.02,0.03,0.95,0.2,0.1,0.0,1.0,2.41,-22.06,True
1.02,0.03,0.95,0.2,0.1,0.25,0.75,2.4,-20.79,True
1.02,0.03,0.95,0.2,0.1,0.5,0.5,2.4,-19.41,True
1.02,0.03,0.95,0.2,0.1,0.75,0.25,2.38,-17.93,True
1.02,0.03,0.95,0.2,0.1,1.0,0.0,2.37,-16.31,True
1.02,0.03,0.95,0.2,0.2,0.0,1.0,3.52,-21.99,True
1.02,0.03,0.95,0.2,0.2,0.25,0.75,3.5,-20.91,True
1.02,0.03,0.95,0.2,0.2,0.5,0.5,3.48,-19.74,True
1.02,0.03,0.95,0.2,0.2,0.75,0.25,3.45,-18.48,True
1.02,0.03,0.95,0.2,0.2,1.0,0.0,3.41,-17.12,True
1.02,0.03,0.95,0.2,0.3,0.0,1.0,4.41,-21.94,True
1.02,0.03,0.95,0.2,0.3,0.25,0.75,4.38,-20.99,True
1.02,0.03,0.95,0.2,0.3,0.5,0.5,4.34,-19.98,True
1.02,0.03,0.95,0.2,0.3,0.75,0.25,4.31,-18.89,True
1.02,0.03,0.95,0.2,0.3,1.0,0.0,4.26,-17.71,True
1.02,0.03,0.95,0.3,0.0,0.0,1.0,2.66,-22.17,True
1.02,0.03,0.95,0.3,0.0,0.25,0.75,2.59,-20.68,True
1.02,0.03,0.95,0.3,0.0,0.5,0.5,2.52,-19.03,True
1.02,0.03,0.95,0.3,0.0,0.75,0.25,2.43,-17.19,True
1.02,0.03,0.95,0.3,0.0,1.0,0.0,2.34,-15.13,True
1.02,0.03,0.95,0.3,0.1,0.0,1.0,3.7,-22.09,True
1.02,0.03,0.95,0.3,0.1,0.25,0.75,3.64,-20.8,True
1.02,0.03,0.95,0.3,0.1,0.5,0.5,3.57,-19.37,True
1.02,0.03,0.95,0.3,0.1,0.75,0.25,3.49,-17.79,True
1.02,0.03,0.95,0.3,0.1,1.0,0.0,3.4,-16.03,True
1.02,0.03,0.95,0.3,0.2,0.0,1.0,4.56,-22.04,True
1.02,0.03,0.95,0.3,0.2,0.25,0.75,4.49,-20.89,True
1.02,0.03,0.95,0.3,0.2,0.5,0.5,4.42,-19.64,True
1.02,0.03,0.95,0.3,0.2,0.75,0.25,4.33,-18.25,True
1.02,0.03,0.95,0.3,0.2,1.0,0.0,4.24,-16.71,True
1.02,0.03,0.95,0.3,0.3,0.0,1.0,5.25,-21.99,True
1.02,0.03,0.95,0.3,0.3,0.25,0.75,5.18,-20.97,True
1.02,0.03,0.95,0.3,0.3,0.5,0.5,5.09,-19.84,True
1.02,0.03,0.95,0.3,0.3,0.75,0.25,5.0,-18.62,True
1.02,0.03,0.95,0.3,0.3,1.0,0.0,4.9,-17.27,True
1.02,0.03,0.95,0.4,0.0,0.0,1.0,3.71,-23.23,True
1.02,0.03,0.95,0.4,0.0,0.25,0.75,3.61,-20.94,True
1.02,0.03,0.95,0.4,0.0,0.5,0.5,3.49,-19.1,True
1.02,0.03,0.95,0.4,0.0,0.75,0.25,3.35,-17.25,True
1.02,0.03,0.95,0.4,0.0,1.0,0.0,3.21,-15.13,True
1.02,0.03,0.95,0.4,0.1,0.0,1.0,4.61,-22.11,True
1.02,0.03,0.95,0.4,0.1,0.25,0.75,4.51,-20.82,True
1.02,0.03,0.95,0.4,0.1,0.5,0.5,4.39,-19.38,True
1.02,0.03,0.95,0.4,0.1,0.75,0.25,4.26,-17.74,True
1.02,0.03,0.95,0.4,0.1,1.0,0.0,4.12,-15.88,True
1.02,0.03,0.95,0.4,0.2,0.0,1.0,5.16,-22.06,True
1.02,0.03,0.95,0.4,0.2,0.25,0.75,5.07,-20.89,True
1.02,0.03,0.95,0.4,0.2,0.5,0.5,4.96,-19.59,True
1.02,0.03,0.95,0.4,0.2,0.75,0.25,4.84,-18.15,True
1.02,0.03,0.95,0.4,0.2,1.0,0.0,4.71,-16.52,True
1.02,0.03,0.95,0.4,0.3,0.0,1.0,5.58,-22.01,True
1.02,0.03,0.95,0.4,0.3,0.25,0.75,5.49,-20.95,True
1.02,0.03,0.95,0.4,0.3,0.5,0.5,5.39,-19.79,True
1.02,0.03,0.95,0.4,0.3,0.75,0.25,5.28,-18.52,True
1.02,0.03,0.95,0.4,0.3,1.0,0.0,5.16,-17.13,True
1.02,0.03,0.97,0.1,0.0,0.0,1.0,0.71,-17.3,True
1.02,0.03,0.97,0.1,0.0,0.25,0.75,0.72,-15.43,True
1.02,0.03,0.97,0.1,0.0,0.5,0.5,0.73,-13.55,True
1.02,0.03,0.97,0.1,0.0,0.75,0.25,0.72,-11.66,True
1.02,0.03,0.97,0.1,0.0,1.0,0.0,0.72,-9.76,True
1.02,0.03,0.97,0.1,0.1,0.0,1.0,1.92,-15.42,True
1.02,0.03,0.97,0.1,0.1,0.25,0.75,1.93,-13.53,True
1.02,0.03,0.97,0.1,0.1,0.5,0.5,1.93,-11.64,True
1.02,0.03,0.97,0.1,0.1,0.75,0.25,1.93,-9.74,True
1.02,0.03,0.97,0.1,0.1,1.0,0.0,1.93,-7.83,True
1.02,0.03,0.97,0.1,0.2,0.0,1.0,2.89,-13.47,True
1.02,0.03,0.97,0.1,0.2,0.25,0.75,2.89,-11.58,True
1.02,0.03,0.97,0.1,0.2,0.5,0.5,2.89,-9.67,True
1.02,0.03,0.97,0.1,0.2,0.75,0.25,2.89,-8.5,True
1.02,0.03,0.97,0.1,0.2,1.0,0.0,2.88,-8.6,True
1.02,0.03,0.97,0.1,0.3,0.0,1.0,3.8,-10.85,True
1.02,0.03,0.97,0.1,0.3,0.25,0.75,3.79,-10.67,True
1.02,0.03,0.97,0.1,0.3,0.5,0.5,3.78,-10.81,True
1.02,0.03,0.97,0.1,0.3,0.75,0.25,3.77,-10.96,True
1.02,0.03,0.97,0.1,0.3,1.0,0.0,3.75,-11.11,True
1.02,0.03,0.97,0.2,0.0,0.0,1.0,2.04,-22.23,True
1.02,0.03,0.97,0.2,0.0,0.25,0.75,1.97,-20.09,True
1.02,0.03,0.97,0.2,0.0,0.5,0.5,1.9,-17.86,True
1.02,0.03,0.97,0.2,0.0,0.75,0.25,1.81,-15.53,True
1.02,0.03,0.97,0.2,0.0,1.0,0.0,1.73,-13.1,True
1.02,0.03,0.97,0.2,0.1,0.0,1.0,3.34,-18.17,True
1.02,0.03,0.97,0.2,0.1,0.25,0.75,3.25,-16.28,True
1.02,0.03,0.97,0.2,0.1,0.5,0.5,3.15,-14.31,True
1.02,0.03,0.97,0.2,0.1,0.75,0.25,3.05,-12.24,True
1.02,0.03,0.97,0.2,0.1,1.0,0.0,2.95,-9.98,True
1.02,0.03,0.97,0.2,0.2,0.0,1.0,4.31,-13.77,True
1.02,0.03,0.97,0.2,0.2,0.25,0.75,4.21,-12.01,True
1.02,0.03,0.97,0.2,0.2,0.5,0.5,4.11,-10.18,True
1.02,0.03,0.97,0.2,0.2,0.75,0.25,4.0,-8.25,True
1.02,0.03,0.97,0.2,0.2,1.0,0.0,3.89,-6.72,True
1.02,0.03,0.97,0.2,0.3,0.0,1.0,5.08,-9.95,True
1.02,0.03,0.97,0.2,0.3,0.25,0.75,4.98,-9.95,True
1.02,0.03,0.97,0.2,0.3,0.5,0.5,4.88,-9.95,True
1.02,0.03,0.97,0.2,0.3,0.75,0.25,4.77,-9.95,True
1.02,0.03,0.97,0.2,0.3,1.0,0.0,4.65,-9.95,True
1.02,0.03,0.97,0.3,0.0,0.0,1.0,4.15,-18.64,True
1.02,0.03,0.97,0.3,0.0,0.25,0.75,3.94,-17.05,True
1.02,0.03,0.97,0.3,0.0,0.5,0.5,3.72,-15.46,True
1.02,0.03,0.97,0.3,0.0,0.75,0.25,3.5,-13.88,True
1.02,0.03,0.97,0.3,0.0,1.0,0.0,3.26,-12.3,True
1.02,0.03,0.97,0.3,0.1,0.0,1.0,4.92,-15.53,True
1.02,0.03,0.97,0.3,0.1,0.25,0.75,4.74,-13.91,True
1.02,0.03,0.97,0.3,0.1,0.5,0.5,4.55,-12.29,True
1.02,0.03,0.97,0.3,0.1,0.75,0.25,4.35,-10.68,True
1.02,0.03,0.97,0.3,0.1,1.0,0.0,4.14,-9.08,True
1.02,0.03,0.97,0.3,0.2,0.0,1.0,5.61,-13.07,True
1.02,0.03,0.97,0.3,0.2,0.25,0.75,5.44,-11.44,True
1.02,0.03,0.97,0.3,0.2,0.5,0.5,5.26,-9.81,True
1.02,0.03,0.97,0.3,0.2,0.75,0.25,5.07,-8.19,True
1.02,0.03,0.97,0.3,0.2,1.0,0.0,4.87,-6.63,True
1.02,0.03,0.97,0.3,0.3,0.0,1.0,6.2,-11.08,True
1.02,0.03,0.97,0.3,0.3,0.25,0.75,6.04,-9.95,True
1.02,0.03,0.97,0.3,0.3,0.5,0.5,5.87,-9.95,True
1.02,0.03,0.97,0.3,0.3,0.75,0.25,5.68,-9.95,True
1.02,0.03,0.97,0.3,0.3,1.0,0.0,5.49,-9.95,True
1.02,0.03,0.97,0.4,0.0,0.0,1.0,5.43,-18.96,True
1.02,0.03,0.97,0.4,0.0,0.25,0.75,5.17,-17.04,True
1.02,0.03,0.97,0.4,0.0,0.5,0.5,4.89,-15.45,True
1.02,0.03,0.97,0.4,0.0,0.75,0.25,4.59,-13.87,True
1.02,0.03,0.97,0.4,0.0,1.0,0.0,4.28,-12.3,True
1.02,0.03,0.97,0.4,0.1,0.0,1.0,6.08,-17.51,True
1.02,0.03,0.97,0.4,0.1,0.25,0.75,5.84,-15.44,True
1.02,0.03,0.97,0.4,0.1,0.5,0.5,5.58,-13.24,True
1.02,0.03,0.97,0.4,0.1,0.75,0.25,5.31,-11.34,True
1.02,0.03,0.97,0.4,0.1,1.0,0.0,5.02,-9.7,True
1.02,0.03,0.97,0.4,0.2,0.0,1.0,6.53,-15.73,True
1.02,0.03,0.97,0.4,0.2,0.25,0.75,6.3,-13.76,True
1.02,0.03,0.97,0.4,0.2,0.5,0.5,6.05,-11.65,True
1.02,0.03,0.97,0.4,0.2,0.75,0.25,5.79,-9.39,True
1.02,0.03,0.97,0.4,0.2,1.0,0.0,5.51,-7.47,True
1.02,0.03,0.97,0.4,0.3,0.0,1.0,6.78,-12.85,True
1.02,0.03,0.97,0.4,0.3,0.25,0.75,6.57,-10.93,True
1.02,0.03,0.97,0.4,0.3,0.5,0.5,6.34,-9.95,True
1.02,0.03,0.97,0.4,0.3,0.75,0.25,6.11,-9.95,True
1.02,0.03,0.97,0.4,0.3,1.0,0.0,5.86,-9.95,True
1.02,0.03,0.99,0.1,0.0,0.0,1.0,1.49,-13.44,True
1.02,0.03,0.99,0.1,0.0,0.25,0.75,1.42,-11.99,True
1.02,0.03,0.99,0.1,0.0,0.5,0.5,1.34,-10.53,True
1.02,0.03,0.99,0.1,0.0,0.75,0.25,1.27,-9.07,True
1.02,0.03,0.99,0.1,0.0,1.0,0.0,1.18,-7.6,True
1.02,0.03,0.99,0.1,0.1,0.0,1.0,2.58,-11.62,True
1.02,0.03,0.99,0.1,0.1,0.25,0.75,2.52,-10.15,True
1.02,0.03,0.99,0.1,0.1,0.5,0.5,2.46,-8.68,True
1.02,0.03,0.99,0.1,0.1,0.75,0.25,2.39,-7.2,True
1.02,0.03,0.99,0.1,0.1,1.0,0.0,2.32,-5.72,True
1.02,0.03,0.99,0.1,0.2,0.0,1.0,3.44,-9.73,True
1.02,0.03,0.99,0.1,0.2,0.25,0.75,3.39,-8.24,True
1.02,0.03,0.99,0.1,0.2,0.5,0.5,3.34,-7.77,True
1.02,0.03,0.99,0.1,0.2,0.75,0.25,3.29,-7.93,True
1.02,0.03,0.99,0.1,0.2,1.0,0.0,3.23,-8.11,True
1.02,0.03,0.99,0.1,0.3,0.0,1.0,4.24,-9.78,True
1.02,0.03,0.99,0.1,0.3,0.25,0.75,4.18,-9.93,True
1.02,0.03,0.99,0.1,0.3,0.5,0.5,4.13,-10.14,True
1.02,0.03,0.99,0.1,0.3,0.75,0.25,4.07,-10.36,True
1.02,0.03,0.99,0.1,0.3,1.0,0.0,4.01,-10.58,True
1.02,0.03,0.99,0.2,0.0,0.0,1.0,3.2,-17.52,True
1.02,0.03,0.99,0.2,0.0,0.25,0.75,3.02,-15.83,True
1.02,0.03,0.99,0.2,0.0,0.5,0.5,2.84,-14.07,True
1.02,0.03,0.99,0.2,0.0,0.75,0.25,2.64,-12.24,True
1.02,0.03,0.99,0.2,0.0,1.0,0.0,2.45,-10.33,True
1.02,0.03,0.99,0.2,0.1,0.0,1.0,4.25,-13.81,True
1.02,0.03,0.99,0.2,0.1,0.25,0.75,4.07,-12.37,True
1.02,0.03,0.99,0.2,0.1,0.5,0.5,3.88,-10.85,True
1.02,0.03,0.99,0.2,0.1,0.75,0.25,3.69,-9.25,True
1.02,0.03,0.99,0.2,0.1,1.0,0.0,3.5,-7.47,True
1.02,0.03,0.99,0.2,0.2,0.0,1.0,5.09,-9.75,True
1.02,0.03,0.99,0.2,0.2,0.25,0.75,4.91,-8.42,True
1.02,0.03,0.99,0.2,0.2,0.5,0.5,4.73,-7.01,True
1.02,0.03,0.99,0.2,0.2,0.75,0.25,4.54,-6.5,True
1.02,0.03,0.99,0.2,0.2,1.0,0.0,4.34,-6.5,True
1.02,0.03,0.99,0.2,0.3,0.0,1.0,5.77,-9.78,True
1.02,0.03,0.99,0.2,0.3,0.25,0.75,5.59,-9.78,True
1.02,0.03,0.99,0.2,0.3,0.5,0.5,5.41,-9.78,True
1.02,0.03,0.99,0.2,0.3,0.75,0.25,5.22,-9.78,True
1.02,0.03,0.99,0.2,0.3,1.0,0.0,5.03,-9.78,True
1.02,0.03,0.99,0.3,0.0,0.0,1.0,5.4,-10.2,True
1.02,0.03,0.99,0.3,0.0,0.25,0.75,5.08,-9.2,True
1.02,0.03,0.99,0.3,0.0,0.5,0.5,4.74,-8.24,True
1.02,0.03,0.99,0.3,0.0,0.75,0.25,4.39,-7.27,True
1.02,0.03,0.99,0.3,0.0,1.0,0.0,4.03,-6.32,True
1.02,0.03,0.99,0.3,0.1,0.0,1.0,6.0,-8.9,True
1.02,0.03,0.99,0.3,0.1,0.25,0.75,5.71,-7.48,True
1.02,0.03,0.99,0.3,0.1,0.5,0.5,5.42,-6.17,True
1.02,0.03,0.99,0.3,0.1,0.75,0.25,5.11,-5.14,True
1.02,0.03,0.99,0.3,0.1,1.0,0.0,4.78,-4.43,True
1.02,0.03,0.99,0.3,0.2,0.0,1.0,6.55,-7.68,True
1.02,0.03,0.99,0.3,0.2,0.25,0.75,6.29,-6.5,True
1.02,0.03,0.99,0.3,0.2,0.5,0.5,6.01,-6.5,True
1.02,0.03,0.99,0.3,0.2,0.75,0.25,5.72,-6.5,True
1.02,0.03,0.99,0.3,0.2,1.0,0.0,5.42,-6.5,True
1.02,0.03,0.99,0.3,0.3,0.0,1.0,7.05,-9.78,True
1.02,0.03,0.99,0.3,0.3,0.25,0.75,6.8,-9.78,True
1.02,0.03,0.99,0.3,0.3,0.5,0.5,6.53,-9.78,True
1.02,0.03,0.99,0.3,0.3,0.75,0.25,6.26,-9.78,True
1.02,0.03,0.99,0.3,0.3,1.0,0.0,5.97,-9.78,True
1.02,0.03,0.99,0.4,0.0,0.0,1.0,6.77,-14.05,True
1.02,0.03,0.99,0.4,0.0,0.25,0.75,6.38,-12.44,True
1.02,0.03,0.99,0.4,0.0,0.5,0.5,5.97,-10.72,True
1.02,0.03,0.99,0.4,0.0,0.75,0.25,5.55,-8.89,True
1.02,0.03,0.99,0.4,0.0,1.0,0.0,5.1,-6.93,True
1.02,0.03,0.99,0.4,0.1,0.0,1.0,7.27,-12.95,True
1.02,0.03,0.99,0.4,0.1,0.25,0.75,6.91,-11.31,True
1.02,0.03,0.99,0.4,0.1,0.5,0.5,6.54,-9.57,True
1.02,0.03,0.99,0.4,0.1,0.75,0.25,6.14,-7.72,True
1.02,0.03,0.99,0.4,0.1,1.0,0.0,5.73,-5.74,True
1.02,0.03,0.99,0.4,0.2,0.0,1.0,7.65,-11.58,True
1.02,0.03,0.99,0.4,0.2,0.25,0.75,7.3,-10.01,True
1.02,0.03,0.99,0.4,0.2,0.5,0.5,6.93,-8.33,True
1.02,0.03,0.99,0.4,0.2,0.75,0.25,6.55,-6.88,True
1.02,0.03,0.99,0.4,0.2,1.0,0.0,6.15,-6.5,True
1.02,0.03,0.99,0.4,0.3,0.0,1.0,7.79,-9.78,True
1.02,0.03,0.99,0.4,0.3,0.25,0.75,7.46,-9.78,True
1.02,0.03,0.99,0.4,0.3,0.5,0.5,7.13,-9.78,True
1.02,0.03,0.99,0.4,0.3,0.75,0.25,6.78,-9.78,True
1.02,0.03,0.99,0.4,0.3,1.0,0.0,6.43,-9.78,True
1.02,0.03,1.0,0.1,0.0,0.0,1.0,0.57,-13.44,True
1.02,0.03,1.0,0.1,0.0,0.25,0.75,0.57,-11.99,True
1.02,0.03,1.0,0.1,0.0,0.5,0.5,0.57,-10.53,True
1.02,0.03,1.0,0.1,0.0,0.75,0.25,0.56,-9.07,True
1.02,0.03,1.0,0.1,0.0,1.0,0.0,0.55,-7.6,True
1.02,0.03,1.0,0.1,0.1,0.0,1.0,1.78,-11.62,True
1.02,0.03,1.0,0.1,0.1,0.25,0.75,1.78,-10.15,True
1.02,0.03,1.0,0.1,0.1,0.5,0.5,1.78,-8.68,True
1.02,0.03,1.0,0.1,0.1,0.75,0.25,1.78,-7.2,True
1.02,0.03,1.0,0.1,0.1,1.0,0.0,1.78,-5.72,True
1.02,0.03,1.0,0.1,0.2,0.0,1.0,2.74,-9.73,True
1.02,0.03,1.0,0.1,0.2,0.25,0.75,2.74,-9.06,True
1.02,0.03,1.0,0.1,0.2,0.5,0.5,2.75,-9.11,True
1.02,0.03,1.0,0.1,0.2,0.75,0.25,2.75,-9.16,True
1.02,0.03,1.0,0.1,0.2,1.0,0.0,2.75,-9.21,True
1.02,0.03,1.0,0.1,0.3,0.0,1.0,3.59,-11.67,True
1.02,0.03,1.0,0.1,0.3,0.25,0.75,3.59,-11.73,True
1.02,0.03,1.0,0.1,0.3,0.5,0.5,3.58,-11.8,True
1.02,0.03,1.0,0.1,0.3,0.75,0.25,3.58,-11.86,True
1.02,0.03,1.0,0.1,0.3,1.0,0.0,3.57,-11.93,True
1.02,0.03,1.0,0.2,0.0,0.0,1.0,1.5,-17.52,True
1.02,0.03,1.0,0.2,0.0,0.25,0.75,1.45,-15.83,True
1.02,0.03,1.0,0.2,0.0,0.5,0.5,1.41,-14.07,True
1.02,0.03,1.0,0.2,0.0,0.75,0.25,1.36,-12.24,True
1.02,0.03,1.0,0.2,0.0,1.0,0.0,1.31,-10.33,True
1.02,0.03,1.0,0.2,0.1,0.0,1.0,2.72,-13.81,True
1.02,0.03,1.0,0.2,0.1,0.25,0.75,2.66,-12.37,True
1.02,0.03,1.0,0.2,0.1,0.5,0.5,2.6,-10.85,True
1.02,0.03,1.0,0.2,0.1,0.75,0.25,2.53,-9.25,True
1.02,0.03,1.0,0.2,0.1,1.0,0.0,2.47,-7.47,True
1.02,0.03,1.0,0.2,0.2,0.0,1.0,3.66,-9.75,True
1.02,0.03,1.0,0.2,0.2,0.25,0.75,3.59,-8.42,True
1.02,0.03,1.0,0.2,0.2,0.5,0.5,3.52,-7.53,True
1.02,0.03,1.0,0.2,0.2,0.75,0.25,3.45,-7.72,True
1.02,0.03,1.0,0.2,0.2,1.0,0.0,3.38,-7.91,True
1.02,0.03,1.0,0.2,0.3,0.0,1.0,4.45,-9.78,True
1.02,0.03,1.0,0.2,0.3,0.25,0.75,4.39,-9.78,True
1.02,0.03,1.0,0.2,0.3,0.5,0.5,4.32,-9.78,True
1.02,0.03,1.0,0.2,0.3,0.75,0.25,4.25,-9.92,True
1.02,0.03,1.0,0.2,0.3,1.0,0.0,4.18,-10.18,True
1.02,0.03,1.0,0.3,0.0,0.0,1.0,3.15,-10.2,True
1.02,0.03,1.0,0.3,0.0,0.25,0.75,2.97,-9.03,True
1.02,0.03,1.0,0.3,0.0,0.5,0.5,2.79,-7.76,True
1.02,0.03,1.0,0.3,0.0,0.75,0.25,2.61,-6.55,True
1.02,0.03,1.0,0.3,0.0,1.0,0.0,2.43,-5.7,True
1.02,0.03,1.0,0.3,0.1,0.0,1.0,3.97,-8.9,True
1.02,0.03,1.0,0.3,0.1,0.25,0.75,3.83,-7.48,True
1.02,0.03,1.0,0.3,0.1,0.5,0.5,3.68,-5.98,True
1.02,0.03,1.0,0.3,0.1,0.75,0.25,3.53,-4.4,True
1.02,0.03,1.0,0.3,0.1,1.0,0.0,3.37,-3.75,True
1.02,0.03,1.0,0.3,0.2,0.0,1.0,4.69,-7.68,True
1.02,0.03,1.0,0.3,0.2,0.25,0.75,4.56,-6.5,True
1.02,0.03,1.0,0.3,0.2,0.5,0.5,4.43,-6.5,True
1.02,0.03,1.0,0.3,0.2,0.75,0.25,4.29,-6.5,True
1.02,0.03,1.0,0.3,0.2,1.0,0.0,4.15,-6.53,True
1.02,0.03,1.0,0.3,0.3,0.0,1.0,5.31,-9.78,True
1.02,0.03,1.0,0.3,0.3,0.25,0.75,5.18,-9.78,True
1.02,0.03,1.0,0.3,0.3,0.5,0.5,5.06,-9.78,True
1.02,0.03,1.0,0.3,0.3,0.75,0.25,4.93,-9.78,True
1.02,0.03,1.0,0.3,0.3,1.0,0.0,4.8,-9.78,True
1.02,0.03,1.0,0.4,0.0,0.0,1.0,4.17,-14.05,True
1.02,0.03,1.0,0.4,0.0,0.25,0.75,3.95,-12.44,True
1.02,0.03,1.0,0.4,0.0,0.5,0.5,3.72,-10.72,True
1.02,0.03,1.0,0.4,0.0,0.75,0.25,3.48,-8.89,True
1.02,0.03,1.0,0.4,0.0,1.0,0.0,3.23,-6.93,True
1.02,0.03,1.0,0.4,0.1,0.0,1.0,4.87,-12.95,True
1.02,0.03,1.0,0.4,0.1,0.25,0.75,4.67,-11.31,True
1.02,0.03,1.0,0.4,0.1,0.5,0.5,4.46,-9.57,True
1.02,0.03,1.0,0.4,0.1,0.75,0.25,4.25,-7.72,True
1.02,0.03,1.0,0.4,0.1,1.0,0.0,4.03,-5.74,True
1.02,0.03,1.0,0.4,0.2,0.0,1.0,5.49,-11.58,True
1.02,0.03,1.0,0.4,0.2,0.25,0.75,5.31,-10.01,True
1.02,0.03,1.0,0.4,0.2,0.5,0.5,5.12,-8.33,True
1.02,0.03,1.0,0.4,0.2,0.75,0.25,4.93,-6.5,True
1.02,0.03,1.0,0.4,0.2,1.0,0.0,4.73,-6.5,True
1.02,0.03,1.0,0.4,0.3,0.0,1.0,6.04,-9.78,True
1.02,0.03,1.0,0.4,0.3,0.25,0.75,5.87,-9.78,True
1.02,0.03,1.0,0.4,0.3,0.5,0.5,5.7,-9.78,True
1.02,0.03,1.0,0.4,0.3,0.75,0.25,5.52,-9.78,True
1.02,0.03,1.0,0.4,0.3,1.0,0.0,5.33,-9.78,True
1.02,0.03,1.01,0.1,0.0,0.0,1.0,0.62,-6.05,True
1.02,0.03,1.01,0.1,0.0,0.25,0.75,0.61,-5.34,True
1.02,0.03,1.01,0.1,0.0,0.5,0.5,0.59,-4.63,True
1.02,0.03,1.01,0.1,0.0,0.75,0.25,0.57,-3.93,True
1.02,0.03,1.01,0.1,0.0,1.0,0.0,0.56,-3.23,True
1.02,0.03,1.01,0.1,0.1,0.0,1.0,1.84,-5.32,True
1.02,0.03,1.01,0.1,0.1,0.25,0.75,1.83,-5.35,True
1.02,0.03,1.01,0.1,0.1,0.5,0.5,1.82,-5.39,True
1.02,0.03,1.01,0.1,0.1,0.75,0.25,1.81,-5.44,True
1.02,0.03,1.01,0.1,0.1,1.0,0.0,1.8,-5.48,True
1.02,0.03,1.01,0.1,0.2,0.0,1.0,2.81,-8.97,True
1.02,0.03,1.01,0.1,0.2,0.25,0.75,2.8,-9.03,True
1.02,0.03,1.01,0.1,0.2,0.5,0.5,2.8,-9.09,True
1.02,0.03,1.01,0.1,0.2,0.75,0.25,2.79,-9.16,True
1.02,0.03,1.01,0.1,0.2,1.0,0.0,2.78,-9.23,True
1.02,0.03,1.01,0.1,0.3,0.0,1.0,3.63,-11.65,True
1.02,0.03,1.01,0.1,0.3,0.25,0.75,3.62,-11.72,True
1.02,0.03,1.01,0.1,0.3,0.5,0.5,3.61,-11.8,True
1.02,0.03,1.01,0.1,0.3,0.75,0.25,3.6,-11.88,True
1.02,0.03,1.01,0.1,0.3,1.0,0.0,3.59,-11.96,True
1.02,0.03,1.01,0.2,0.0,0.0,1.0,1.19,-11.66,True
1.02,0.03,1.01,0.2,0.0,0.25,0.75,1.17,-10.26,True
1.02,0.03,1.01,0.2,0.0,0.5,0.5,1.15,-8.87,True
1.02,0.03,1.01,0.2,0.0,0.75,0.25,1.13,-7.5,True
1.02,0.03,1.01,0.2,0.0,1.0,0.0,1.1,-6.13,True
1.02,0.03,1.01,0.2,0.1,0.0,1.0,2.41,-9.4,True
1.02,0.03,1.01,0.2,0.1,0.25,0.75,2.38,-8.03,True
1.02,0.03,1.01,0.2,0.1,0.5,0.5,2.34,-6.67,True
1.02,0.03,1.01,0.2,0.1,0.75,0.25,2.3,-5.33,True
1.02,0.03,1.01,0.2,0.1,1.0,0.0,2.26,-5.01,True
1.02,0.03,1.01,0.2,0.2,0.0,1.0,3.37,-7.79,True
1.02,0.03,1.01,0.2,0.2,0.25,0.75,3.33,-7.93,True
1.02,0.03,1.01,0.2,0.2,0.5,0.5,3.28,-8.07,True
1.02,0.03,1.01,0.2,0.2,0.75,0.25,3.23,-8.23,True
1.02,0.03,1.01,0.2,0.2,1.0,0.0,3.18,-8.38,True
1.02,0.03,1.01,0.2,0.3,0.0,1.0,4.2,-9.93,True
1.02,0.03,1.01,0.2,0.3,0.25,0.75,4.15,-10.12,True
1.02,0.03,1.01,0.2,0.3,0.5,0.5,4.1,-10.32,True
1.02,0.03,1.01,0.2,0.3,0.75,0.25,4.05,-10.53,True
1.02,0.03,1.01,0.2,0.3,1.0,0.0,3.99,-10.75,True
1.02,0.03,1.01,0.3,0.0,0.0,1.0,2.16,-9.94,True
1.02,0.03,1.01,0.3,0.0,0.25,0.75,2.06,-8.85,True
1.02,0.03,1.01,0.3,0.0,0.5,0.5,1.95,-7.74,True
1.02,0.03,1.01,0.3,0.0,0.75,0.25,1.84,-6.61,True
1.02,0.03,1.01,0.3,0.0,1.0,0.0,1.73,-5.41,True
1.02,0.03,1.01,0.3,0.1,0.0,1.0,3.29,-5.69,True
1.02,0.03,1.01,0.3,0.1,0.25,0.75,3.19,-4.78,True
1.02,0.03,1.01,0.3,0.1,0.5,0.5,3.09,-3.99,True
1.02,0.03,1.01,0.3,0.1,0.75,0.25,2.98,-4.14,True
1.02,0.03,1.01,0.3,0.1,1.0,0.0,2.86,-4.29,True
1.02,0.03,1.01,0.3,0.2,0.0,1.0,4.21,-6.5,True
1.02,0.03,1.01,0.3,0.2,0.25,0.75,4.11,-6.5,True
1.02,0.03,1.01,0.3,0.2,0.5,0.5,4.0,-6.72,True
1.02,0.03,1.01,0.3,0.2,0.75,0.25,3.89,-6.96,True
1.02,0.03,1.01,0.3,0.2,1.0,0.0,3.78,-7.22,True
1.02,0.03,1.01,0.3,0.3,0.0,1.0,4.97,-9.78,True
1.02,0.03,1.01,0.3,0.3,0.25,0.75,4.87,-9.78,True
1.02,0.03,1.01,0.3,0.3,0.5,0.5,4.76,-9.78,True
1.02,0.03,1.01,0.3,0.3,0.75,0.25,4.66,-9.78,True
1.02,0.03,1.01,0.3,0.3,1.0,0.0,4.55,-9.78,True
1.02,0.03,1.01,0.4,0.0,0.0,1.0,3.32,-7.13,True
1.02,0.03,1.01,0.4,0.0,0.25,0.75,3.15,-6.4,True
1.02,0.03,1.01,0.4,0.0,0.5,0.5,2.97,-5.67,True
1.02,0.03,1.01,0.4,0.0,0.75,0.25,2.79,-4.94,True
1.02,0.03,1.01,0.4,0.0,1.0,0.0,2.59,-4.22,True
1.02,0.03,1.01,0.4,0.1,0.0,1.0,4.27,-4.57,True
1.02,0.03,1.01,0.4,0.1,0.25,0.75,4.1,-3.92,True
1.02,0.03,1.01,0.4,0.1,0.5,0.5,3.94,-3.56,True
1.02,0.03,1.01,0.4,0.1,0.75,0.25,3.76,-3.43,True
1.02,0.03,1.01,0.4,0.1,1.0,0.0,3.58,-3.63,True
1.02,0.03,1.01,0.4,0.2,0.0,1.0,5.07,-6.5,True
1.02,0.03,1.01,0.4,0.2,0.25,0.75,4.92,-6.5,True
1.02,0.03,1.01,0.4,0.2,0.5,0.5,4.75,-6.5,True
1.02,0.03,1.01,0.4,0.2,0.75,0.25,4.58,-6.5,True
1.02,0.03,1.01,0.4,0.2,1.0,0.0,4.41,-6.5,True
1.02,0.03,1.01,0.4,0.3,0.0,1.0,5.7,-9.78,True
1.02,0.03,1.01,0.4,0.3,0.25,0.75,5.55,-9.78,True
1.02,0.03,1.01,0.4,0.3,0.5,0.5,5.4,-9.78,True
1.02,0.03,1.01,0.4,0.3,0.75,0.25,5.24,-9.78,True
1.02,0.03,1.01,0.4,0.3,1.0,0.0,5.07,-9.78,True
1.03,0.005,0.95,0.1,0.0,0.0,1.0,6.13,-48.58,False
1.03,0.005,0.95,0.1,0.0,0.25,0.75,6.36,-45.35,False
1.03,0.005,0.95,0.1,0.0,0.5,0.5,6.54,-42.01,False
1.03,0.005,0.95,0.1,0.0,0.75,0.25,6.66,-38.57,True
1.03,0.005,0.95,0.1,0.0,1.0,0.0,6.74,-35.03,True
1.03,0.005,0.95,0.1,0.1,0.0,1.0,6.53,-44.12,False
1.03,0.005,0.95,0.1,0.1,0.25,0.75,6.73,-40.95,False
1.03,0.005,0.95,0.1,0.1,0.5,0.5,6.89,-37.67,True
1.03,0.005,0.95,0.1,0.1,0.75,0.25,7.0,-34.28,True
1.03,0.005,0.95,0.1,0.1,1.0,0.0,7.07,-30.79,True
1.03,0.005,0.95,0.1,0.2,0.0,1.0,6.83,-38.75,True
1.03,0.005,0.95,0.1,0.2,0.25,0.75,7.01,-35.76,True
1.03,0.005,0.95,0.1,0.2,0.5,0.5,7.16,-32.64,True
1.03,0.005,0.95,0.1,0.2,0.75,0.25,7.27,-29.39,True
1.03,0.005,0.95,0.1,0.2,1.0,0.0,7.34,-26.04,True
1.03,0.005,0.95,0.1,0.3,0.0,1.0,7.16,-33.07,True
1.03,0.005,0.95,0.1,0.3,0.25,0.75,7.32,-30.26,True
1.03,0.005,0.95,0.1,0.3,0.5,0.5,7.45,-27.33,True
1.03,0.005,0.95,0.1,0.3,0.75,0.25,7.54,-24.28,True
1.03,0.005,0.95,0.1,0.3,1.0,0.0,7.6,-21.13,True
1.03,0.005,0.95,0.2,0.0,0.0,1.0,6.44,-47.73,False
1.03,0.005,0.95,0.2,0.0,0.25,0.75,6.71,-44.44,False
1.03,0.005,0.95,0.2,0.0,0.5,0.5,6.92,-41.06,False
1.03,0.005,0.95,0.2,0.0,0.75,0.25,7.07,-37.59,True
1.03,0.005,0.95,0.2,0.0,1.0,0.0,7.17,-34.02,True
1.03,0.005,0.95,0.2,0.1,0.0,1.0,6.57,-42.35,False
1.03,0.005,0.95,0.2,0.1,0.25,0.75,6.83,-39.27,True
1.03,0.005,0.95,0.2,0.1,0.5,0.5,7.04,-36.07,True
1.03,0.005,0.95,0.2,0.1,0.75,0.25,7.2,-32.76,True
1.03,0.005,0.95,0.2,0.1,1.0,0.0,7.31,-29.35,True
1.03,0.005,0.95,0.2,0.2,0.0,1.0,6.61,-35.95,True
1.03,0.005,0.95,0.2,0.2,0.25,0.75,6.88,-33.25,True
1.03,0.005,0.95,0.2,0.2,0.5,0.5,7.1,-30.4,True
1.03,0.005,0.95,0.2,0.2,0.75,0.25,7.27,-27.4,True
1.03,0.005,0.95,0.2,0.2,1.0,0.0,7.4,-24.27,True
1.03,0.005,0.95,0.2,0.3,0.0,1.0,6.61,-36.32,True
1.03,0.005,0.95,0.2,0.3,0.25,0.75,6.87,-33.9,True
1.03,0.005,0.95,0.2,0.3,0.5,0.5,7.11,-31.48,True
1.03,0.005,0.95,0.2,0.3,0.75,0.25,7.3,-29.07,True
1.03,0.005,0.95,0.2,0.3,1.0,0.0,7.45,-26.67,True
1.03,0.005,0.95,0.3,0.0,0.0,1.0,5.57,-46.82,False
1.03,0.005,0.95,0.3,0.0,0.25,0.75,5.95,-43.53,False
1.03,0.005,0.95,0.3,0.0,0.5,0.5,6.28,-40.16,False
1.03,0.005,0.95,0.3,0.0,0.75,0.25,6.54,-36.7,True
1.03,0.005,0.95,0.3,0.0,1.0,0.0,6.74,-33.15,True
1.03,0.005,0.95,0.3,0.1,0.0,1.0,5.68,-40.11,False
1.03,0.005,0.95,0.3,0.1,0.25,0.75,6.04,-37.29,True
1.03,0.005,0.95,0.3,0.1,0.5,0.5,6.36,-34.33,True
1.03,0.005,0.95,0.3,0.1,0.75,0.25,6.63,-31.23,True
1.03,0.005,0.95,0.3,0.1,1.0,0.0,6.84,-28.01,True
1.03,0.005,0.95,0.3,0.2,0.0,1.0,6.2,-37.41,True
1.03,0.005,0.95,0.3,0.2,0.25,0.75,6.5,-34.82,True
1.03,0.005,0.95,0.3,0.2,0.5,0.5,6.76,-32.18,True
1.03,0.005,0.95,0.3,0.2,0.75,0.25,6.98,-29.48,True
1.03,0.005,0.95,0.3,0.2,1.0,0.0,7.15,-26.74,True
1.03,0.005,0.95,0.3,0.3,0.0,1.0,6.63,-36.93,True
1.03,0.005,0.95,0.3,0.3,0.25,0.75,6.88,-34.76,True
1.03,0.005,0.95,0.3,0.3,0.5,0.5,7.1,-32.52,True
1.03,0.005,0.95,0.3,0.3,0.75,0.25,7.29,-30.23,True
1.03,0.005,0.95,0.3,0.3,1.0,0.0,7.44,-27.87,True
1.03,0.005,0.95,0.4,0.0,0.0,1.0,5.21,-45.95,False
1.03,0.005,0.95,0.4,0.0,0.25,0.75,5.65,-42.68,False
1.03,0.005,0.95,0.4,0.0,0.5,0.5,6.03,-39.33,True
1.03,0.005,0.95,0.4,0.0,0.75,0.25,6.34,-35.9,True
1.03,0.005,0.95,0.4,0.0,1.0,0.0,6.59,-32.39,True
1.03,0.005,0.95,0.4,0.1,0.0,1.0,5.77,-39.08,True
1.03,0.005,0.95,0.4,0.1,0.25,0.75,6.14,-36.29,True
1.03,0.005,0.95,0.4,0.1,0.5,0.5,6.45,-33.37,True
1.03,0.005,0.95,0.4,0.1,0.75,0.25,6.71,-30.31,True
1.03,0.005,0.95,0.4,0.1,1.0,0.0,6.92,-27.13,True
1.03,0.005,0.95,0.4,0.2,0.0,1.0,6.26,-37.65,True
1.03,0.005,0.95,0.4,0.2,0.25,0.75,6.56,-35.04,True
1.03,0.005,0.95,0.4,0.2,0.5,0.5,6.82,-32.38,True
1.03,0.005,0.95,0.4,0.2,0.75,0.25,7.04,-29.67,True
1.03,0.005,0.95,0.4,0.2,1.0,0.0,7.22,-26.92,True
1.03,0.005,0.95,0.4,0.3,0.0,1.0,6.74,-36.99,True
1.03,0.005,0.95,0.4,0.3,0.25,0.75,6.98,-34.82,True
1.03,0.005,0.95,0.4,0.3,0.5,0.5,7.19,-32.59,True
1.03,0.005,0.95,0.4,0.3,0.75,0.25,7.37,-30.29,True
1.03,0.005,0.95,0.4,0.3,1.0,0.0,7.51,-27.93,True
1.03,0.005,0.97,0.1,0.0,0.0,1.0,5.17,-41.61,False
1.03,0.005,0.97,0.1,0.0,0.25,0.75,5.37,-38.7,True
1.03,0.005,0.97,0.1,0.0,0.5,0.5,5.51,-35.72,True
1.03,0.005,0.97,0.1,0.0,0.75,0.25,5.6,-32.67,True
1.03,0.005,0.97,0.1,0.0,1.0,0.0,5.64,-29.54,True
1.03,0.005,0.97,0.1,0.1,0.0,1.0,5.91,-35.96,True
1.03,0.005,0.97,0.1,0.1,0.25,0.75,6.07,-33.2,True
1.03,0.005,0.97,0.1,0.1,0.5,0.5,6.18,-30.35,True
1.03,0.005,0.97,0.1,0.1,0.75,0.25,6.24,-27.39,True
1.03,0.005,0.97,0.1,0.1,1.0,0.0,6.25,-24.35,True
1.03,0.005,0.97,0.1,0.2,0.0,1.0,6.42,-29.75,True
1.03,0.005,0.97,0.1,0.2,0.25,0.75,6.53,-27.2,True
1.03,0.005,0.97,0.1,0.2,0.5,0.5,6.62,-24.53,True
1.03,0.005,0.97,0.1,0.2,0.75,0.25,6.67,-21.76,True
1.03,0.005,0.97,0.1,0.2,1.0,0.0,6.68,-18.91,True
1.03,0.005,0.97,0.1,0.3,0.0,1.0,6.94,-24.27,True
1.03,0.005,0.97,0.1,0.3,0.25,0.75,7.03,-22.76,True
1.03,0.005,0.97,0.1,0.3,0.5,0.5,7.09,-21.66,True
1.03,0.005,0.97,0.1,0.3,0.75,0.25,7.13,-20.58,True
1.03,0.005,0.97,0.1,0.3,1.0,0.0,7.13,-19.52,True
1.03,0.005,0.97,0.2,0.0,0.0,1.0,6.17,-40.58,False
1.03,0.005,0.97,0.2,0.0,0.25,0.75,6.34,-37.63,True
1.03,0.005,0.97,0.2,0.0,0.5,0.5,6.45,-34.62,True
1.03,0.005,0.97,0.2,0.0,0.75,0.25,6.51,-31.55,True
1.03,0.005,0.97,0.2,0.0,1.0,0.0,6.49,-28.42,True
1.03,0.005,0.97,0.2,0.1,0.0,1.0,6.49,-34.62,True
1.03,0.005,0.97,0.2,0.1,0.25,0.75,6.66,-31.9,True
1.03,0.005,0.97,0.2,0.1,0.5,0.5,6.77,-29.08,True
1.03,0.005,0.97,0.2,0.1,0.75,0.25,6.83,-26.17,True
1.03,0.005,0.97,0.2,0.1,1.0,0.0,6.83,-23.16,True
1.03,0.005,0.97,0.2,0.2,0.0,1.0,6.64,-28.19,True
1.03,0.005,0.97,0.2,0.2,0.25,0.75,6.82,-25.85,True
1.03,0.005,0.97,0.2,0.2,0.5,0.5,6.95,-23.35,True
1.03,0.005,0.97,0.2,0.2,0.75,0.25,7.03,-20.98,True
1.03,0.005,0.97,0.2,0.2,1.0,0.0,7.06,-19.39,True
1.03,0.005,0.97,0.2,0.3,0.0,1.0,6.93,-27.97,True
1.03,0.005,0.97,0.2,0.3,0.25,0.75,7.07,-26.81,True
1.03,0.005,0.97,0.2,0.3,0.5,0.5,7.17,-25.6,True
1.03,0.005,0.97,0.2,0.3,0.75,0.25,7.24,-24.34,True
1.03,0.005,0.97,0.2,0.3,1.0,0.0,7.26,-23.01,True
1.03,0.005,0.97,0.3,0.0,0.0,1.0,5.98,-39.55,True
1.03,0.005,0.97,0.3,0.0,0.25,0.75,6.19,-36.61,True
1.03,0.005,0.97,0.3,0.0,0.5,0.5,6.35,-33.62,True
1.03,0.005,0.97,0.3,0.0,0.75,0.25,6.44,-30.58,True
1.03,0.005,0.97,0.3,0.0,1.0,0.0,6.46,-27.48,True
1.03,0.005,0.97,0.3,0.1,0.0,1.0,6.23,-33.22,True
1.03,0.005,0.97,0.3,0.1,0.25,0.75,6.43,-30.6,True
1.03,0.005,0.97,0.3,0.1,0.5,0.5,6.58,-27.89,True
1.03,0.005,0.97,0.3,0.1,0.75,0.25,6.68,-25.08,True
1.03,0.005,0.97,0.3,0.1,1.0,0.0,6.71,-22.23,True
1.03,0.005,0.97,0.3,0.2,0.0,1.0,6.74,-27.09,True
1.03,0.005,0.97,0.3,0.2,0.25,0.75,6.9,-25.1,True
1.03,0.005,0.97,0.3,0.2,0.5,0.5,7.02,-23.64,True
1.03,0.005,0.97,0.3,0.2,0.75,0.25,7.09,-22.14,True
1.03,0.005,0.97,0.3,0.2,1.0,0.0,7.11,-20.55,True
1.03,0.005,0.97,0.3,0.3,0.0,1.0,7.2,-28.02,True
1.03,0.005,0.97,0.3,0.3,0.25,0.75,7.33,-26.85,True
1.03,0.005,0.97,0.3,0.3,0.5,0.5,7.41,-25.63,True
1.03,0.005,0.97,0.3,0.3,0.75,0.25,7.47,-24.36,True
1.03,0.005,0.97,0.3,0.3,1.0,0.0,7.47,-23.0,True
1.03,0.005,0.97,0.4,0.0,0.0,1.0,5.97,-38.56,True
1.03,0.005,0.97,0.4,0.0,0.25,0.75,6.2,-35.66,True
1.03,0.005,0.97,0.4,0.0,0.5,0.5,6.37,-32.7,True
1.03,0.005,0.97,0.4,0.0,0.75,0.25,6.47,-29.7,True
1.03,0.005,0.97,0.4,0.0,1.0,0.0,6.51,-26.65,True
1.03,0.005,0.97,0.4,0.1,0.0,1.0,6.52,-32.35,True
1.03,0.005,0.97,0.4,0.1,0.25,0.75,6.7,-29.74,True
1.03,0.005,0.97,0.4,0.1,0.5,0.5,6.84,-27.04,True
1.03,0.005,0.97,0.4,0.1,0.75,0.25,6.91,-24.26,True
1.03,0.005,0.97,0.4,0.1,1.0,0.0,6.93,-21.42,True
1.03,0.005,0.97,0.4,0.2,0.0,1.0,6.99,-26.95,True
1.03,0.005,0.97,0.4,0.2,0.25,0.75,7.14,-25.11,True
1.03,0.005,0.97,0.4,0.2,0.5,0.5,7.24,-23.64,True
1.03,0.005,0.97,0.4,0.2,0.75,0.25,7.29,-22.13,True
1.03,0.005,0.97,0.4,0.2,1.0,0.0,7.3,-20.58,True
1.03,0.005,0.97,0.4,0.3,0.0,1.0,7.41,-28.03,True
1.03,0.005,0.97,0.4,0.3,0.25,0.75,7.52,-26.84,True
1.03,0.005,0.97,0.4,0.3,0.5,0.5,7.6,-25.6,True
1.03,0.005,0.97,0.4,0.3,0.75,0.25,7.63,-24.3,True
1.03,0.005,0.97,0.4,0.3,1.0,0.0,7.63,-22.96,True
1.03,0.005,0.99,0.1,0.0,0.0,1.0,5.02,-40.35,True
1.03,0.005,0.99,0.1,0.0,0.25,0.75,5.18,-37.23,True
1.03,0.005,0.99,0.1,0.0,0.5,0.5,5.28,-34.03,True
1.03,0.005,0.99,0.1,0.0,0.75,0.25,5.32,-30.73,True
1.03,0.005,0.99,0.1,0.0,1.0,0.0,5.31,-27.34,True
1.03,0.005,0.99,0.1,0.1,0.0,1.0,5.7,-36.21,True
1.03,0.005,0.99,0.1,0.1,0.25,0.75,5.84,-33.37,True
1.03,0.005,0.99,0.1,0.1,0.5,0.5,5.92,-30.45,True
1.03,0.005,0.99,0.1,0.1,0.75,0.25,5.96,-27.45,True
1.03,0.005,0.99,0.1,0.1,1.0,0.0,5.94,-24.36,True
1.03,0.005,0.99,0.1,0.2,0.0,1.0,6.09,-31.46,True
1.03,0.005,0.99,0.1,0.2,0.25,0.75,6.2,-28.97,True
1.03,0.005,0.99,0.1,0.2,0.5,0.5,6.27,-26.4,True
1.03,0.005,0.99,0.1,0.2,0.75,0.25,6.32,-23.74,True
1.03,0.005,0.99,0.1,0.2,1.0,0.0,6.32,-21.0,True
1.03,0.005,0.99,0.1,0.3,0.0,1.0,6.55,-26.17,True
1.03,0.005,0.99,0.1,0.3,0.25,0.75,6.65,-24.02,True
1.03,0.005,0.99,0.1,0.3,0.5,0.5,6.72,-21.86,True
1.03,0.005,0.99,0.1,0.3,0.75,0.25,6.75,-20.78,True
1.03,0.005,0.99,0.1,0.3,1.0,0.0,6.76,-19.7,True
1.03,0.005,0.99,0.2,0.0,0.0,1.0,5.27,-41.49,True
1.03,0.005,0.99,0.2,0.0,0.25,0.75,5.46,-38.31,True
1.03,0.005,0.99,0.2,0.0,0.5,0.5,5.59,-35.02,True
1.03,0.005,0.99,0.2,0.0,0.75,0.25,5.66,-31.62,True
1.03,0.005,0.99,0.2,0.0,1.0,0.0,5.66,-28.11,True
1.03,0.005,0.99,0.2,0.1,0.0,1.0,5.57,-35.31,True
1.03,0.005,0.99,0.2,0.1,0.25,0.75,5.77,-32.53,True
1.03,0.005,0.99,0.2,0.1,0.5,0.5,5.92,-29.66,True
1.03,0.005,0.99,0.2,0.1,0.75,0.25,6.0,-26.68,True
1.03,0.005,0.99,0.2,0.1,1.0,0.0,6.03,-23.6,True
1.03,0.005,0.99,0.2,0.2,0.0,1.0,5.95,-29.5,True
1.03,0.005,0.99,0.2,0.2,0.25,0.75,6.15,-27.1,True
1.03,0.005,0.99,0.2,0.2,0.5,0.5,6.29,-24.6,True
1.03,0.005,0.99,0.2,0.2,0.75,0.25,6.38,-22.03,True
1.03,0.005,0.99,0.2,0.2,1.0,0.0,6.42,-19.41,True
1.03,0.005,0.99,0.2,0.3,0.0,1.0,6.44,-27.9,True
1.03,0.005,0.99,0.2,0.3,0.25,0.75,6.58,-26.75,True
1.03,0.005,0.99,0.2,0.3,0.5,0.5,6.69,-25.55,True
1.03,0.005,0.99,0.2,0.3,0.75,0.25,6.77,-24.3,True
1.03,0.005,0.99,0.2,0.3,1.0,0.0,6.8,-22.95,True
1.03,0.005,0.99,0.3,0.0,0.0,1.0,4.93,-39.33,True
1.03,0.005,0.99,0.3,0.0,0.25,0.75,5.18,-36.22,True
1.03,0.005,0.99,0.3,0.0,0.5,0.5,5.37,-33.01,True
1.03,0.005,0.99,0.3,0.0,0.75,0.25,5.49,-29.69,True
1.03,0.005,0.99,0.3,0.0,1.0,0.0,5.54,-26.26,True
1.03,0.005,0.99,0.3,0.1,0.0,1.0,5.48,-33.1,True
1.03,0.005,0.99,0.3,0.1,0.25,0.75,5.7,-30.42,True
1.03,0.005,0.99,0.3,0.1,0.5,0.5,5.86,-27.64,True
1.03,0.005,0.99,0.3,0.1,0.75,0.25,5.96,-24.81,True
1.03,0.005,0.99,0.3,0.1,1.0,0.0,6.01,-21.87,True
1.03,0.005,0.99,0.3,0.2,0.0,1.0,6.12,-26.92,True
1.03,0.005,0.99,0.3,0.2,0.25,0.75,6.29,-25.04,True
1.03,0.005,0.99,0.3,0.2,0.5,0.5,6.41,-23.59,True
1.03,0.005,0.99,0.3,0.2,0.75,0.25,6.49,-22.07,True
1.03,0.005,0.99,0.3,0.2,1.0,0.0,6.52,-20.49,True
1.03,0.005,0.99,0.3,0.3,0.0,1.0,6.64,-27.94,True
1.03,0.005,0.99,0.3,0.3,0.25,0.75,6.77,-26.78,True
1.03,0.005,0.99,0.3,0.3,0.5,0.5,6.88,-25.56,True
1.03,0.005,0.99,0.3,0.3,0.75,0.25,6.94,-24.28,True
1.03,0.005,0.99,0.3,0.3,1.0,0.0,6.97,-22.92,True
1.03,0.005,0.99,0.4,0.0,0.0,1.0,4.96,-37.02,True
1.03,0.005,0.99,0.4,0.0,0.25,0.75,5.22,-34.0,True
1.03,0.005,0.99,0.4,0.0,0.5,0.5,5.42,-30.89,True
1.03,0.005,0.99,0.4,0.0,0.75,0.25,5.55,-27.68,True
1.03,0.005,0.99,0.4,0.0,1.0,0.0,5.61,-24.37,True
1.03,0.005,0.99,0.4,0.1,0.0,1.0,5.67,-30.48,True
1.03,0.005,0.99,0.4,0.1,0.25,0.75,5.87,-27.92,True
1.03,0.005,0.99,0.4,0.1,0.5,0.5,6.03,-25.27,True
1.03,0.005,0.99,0.4,0.1,0.75,0.25,6.13,-22.55,True
1.03,0.005,0.99,0.4,0.1,1.0,0.0,6.17,-19.76,True
1.03,0.005,0.99,0.4,0.2,0.0,1.0,6.21,-26.48,True
1.03,0.005,0.99,0.4,0.2,0.25,0.75,6.38,-25.06,True
1.03,0.005,0.99,0.4,0.2,0.5,0.5,6.51,-23.6,True
1.03,0.005,0.99,0.4,0.2,0.75,0.25,6.59,-22.1,True
1.03,0.005,0.99,0.4,0.2,1.0,0.0,6.63,-20.52,True
1.03,0.005,0.99,0.4,0.3,0.0,1.0,6.68,-27.98,True
1.03,0.005,0.99,0.4,0.3,0.25,0.75,6.82,-26.79,True
1.03,0.005,0.99,0.4,0.3,0.5,0.5,6.93,-25.55,True
1.03,0.005,0.99,0.4,0.3,0.75,0.25,6.99,-24.27,True
1.03,0.005,0.99,0.4,0.3,1.0,0.0,7.02,-22.9,True
1.03,0.005,1.0,0.1,0.0,0.0,1.0,1.31,-35.0,True
1.03,0.005,1.0,0.1,0.0,0.25,0.75,1.69,-32.13,True
1.03,0.005,1.0,0.1,0.0,0.5,0.5,2.04,-29.2,True
1.03,0.005,1.0,0.1,0.0,0.75,0.25,2.35,-26.19,True
1.03,0.005,1.0,0.1,0.0,1.0,0.0,2.63,-23.11,True
1.03,0.005,1.0,0.1,0.1,0.0,1.0,2.9,-31.56,True
1.03,0.005,1.0,0.1,0.1,0.25,0.75,3.18,-28.94,True
1.03,0.005,1.0,0.1,0.1,0.5,0.5,3.43,-26.25,True
1.03,0.005,1.0,0.1,0.1,0.75,0.25,3.66,-23.49,True
1.03,0.005,1.0,0.1,0.1,1.0,0.0,3.86,-20.66,True
1.03,0.005,1.0,0.1,0.2,0.0,1.0,3.86,-27.5,True
1.03,0.005,1.0,0.1,0.2,0.25,0.75,4.08,-25.17,True
1.03,0.005,1.0,0.1,0.2,0.5,0.5,4.28,-22.78,True
1.03,0.005,1.0,0.1,0.2,0.75,0.25,4.47,-20.33,True
1.03,0.005,1.0,0.1,0.2,1.0,0.0,4.64,-17.81,True
1.03,0.005,1.0,0.1,0.3,0.0,1.0,4.82,-22.73,True
1.03,0.005,1.0,0.1,0.3,0.25,0.75,4.98,-20.74,True
1.03,0.005,1.0,0.1,0.3,0.5,0.5,5.13,-18.99,True
1.03,0.005,1.0,0.1,0.3,0.75,0.25,5.28,-18.21,True
1.03,0.005,1.0,0.1,0.3,1.0,0.0,5.41,-17.43,True
1.03,0.005,1.0,0.2,0.0,0.0,1.0,1.12,-36.25,True
1.03,0.005,1.0,0.2,0.0,0.25,0.75,1.58,-33.3,True
1.03,0.005,1.0,0.2,0.0,0.5,0.5,2.0,-30.26,True
1.03,0.005,1.0,0.2,0.0,0.75,0.25,2.37,-27.14,True
1.03,0.005,1.0,0.2,0.0,1.0,0.0,2.7,-23.92,True
1.03,0.005,1.0,0.2,0.1,0.0,1.0,2.52,-30.64,True
1.03,0.005,1.0,0.2,0.1,0.25,0.75,2.85,-28.07,True
1.03,0.005,1.0,0.2,0.1,0.5,0.5,3.15,-25.42,True
1.03,0.005,1.0,0.2,0.1,0.75,0.25,3.43,-22.69,True
1.03,0.005,1.0,0.2,0.1,1.0,0.0,3.69,-19.88,True
1.03,0.005,1.0,0.2,0.2,0.0,1.0,3.7,-25.38,True
1.03,0.005,1.0,0.2,0.2,0.25,0.75,3.93,-23.17,True
1.03,0.005,1.0,0.2,0.2,0.5,0.5,4.16,-20.88,True
1.03,0.005,1.0,0.2,0.2,0.75,0.25,4.38,-18.52,True
1.03,0.005,1.0,0.2,0.2,1.0,0.0,4.58,-16.12,True
1.03,0.005,1.0,0.2,0.3,0.0,1.0,4.66,-23.69,True
1.03,0.005,1.0,0.2,0.3,0.25,0.75,4.84,-22.76,True
1.03,0.005,1.0,0.2,0.3,0.5,0.5,5.02,-21.8,True
1.03,0.005,1.0,0.2,0.3,0.75,0.25,5.2,-20.82,True
1.03,0.005,1.0,0.2,0.3,1.0,0.0,5.35,-19.76,True
1.03,0.005,1.0,0.3,0.0,0.0,1.0,0.48,-33.89,True
1.03,0.005,1.0,0.3,0.0,0.25,0.75,1.01,-31.04,True
1.03,0.005,1.0,0.3,0.0,0.5,0.5,1.51,-28.1,True
1.03,0.005,1.0,0.3,0.0,0.75,0.25,1.95,-25.08,True
1.03,0.005,1.0,0.3,0.0,1.0,0.0,2.35,-21.97,True
1.03,0.005,1.0,0.3,0.1,0.0,1.0,2.31,-28.26,True
1.03,0.005,1.0,0.3,0.1,0.25,0.75,2.65,-25.81,True
1.03,0.005,1.0,0.3,0.1,0.5,0.5,2.97,-23.28,True
1.03,0.005,1.0,0.3,0.1,0.75,0.25,3.28,-20.71,True
1.03,0.005,1.0,0.3,0.1,1.0,0.0,3.55,-18.06,True
1.03,0.005,1.0,0.3,0.2,0.0,1.0,3.62,-22.66,True
1.03,0.005,1.0,0.3,0.2,0.25,0.75,3.86,-20.6,True
1.03,0.005,1.0,0.3,0.2,0.5,0.5,4.11,-19.11,True
1.03,0.005,1.0,0.3,0.2,0.75,0.25,4.33,-17.95,True
1.03,0.005,1.0,0.3,0.2,1.0,0.0,4.54,-16.77,True
1.03,0.005,1.0,0.3,0.3,0.0,1.0,4.68,-23.7,True
1.03,0.005,1.0,0.3,0.3,0.25,0.75,4.86,-22.76,True
1.03,0.005,1.0,0.3,0.3,0.5,0.5,5.05,-21.79,True
1.03,0.005,1.0,0.3,0.3,0.75,0.25,5.22,-20.79,True
1.03,0.005,1.0,0.3,0.3,1.0,0.0,5.37,-19.73,True
1.03,0.005,1.0,0.4,0.0,0.0,1.0,0.32,-31.37,True
1.03,0.005,1.0,0.4,0.0,0.25,0.75,0.88,-28.64,True
1.03,0.005,1.0,0.4,0.0,0.5,0.5,1.4,-26.0,True
1.03,0.005,1.0,0.4,0.0,0.75,0.25,1.87,-23.55,True
1.03,0.005,1.0,0.4,0.0,1.0,0.0,2.29,-21.06,True
1.03,0.005,1.0,0.4,0.1,0.0,1.0,2.24,-25.45,True
1.03,0.005,1.0,0.4,0.1,0.25,0.75,2.6,-23.25,True
1.03,0.005,1.0,0.4,0.1,0.5,0.5,2.94,-21.2,True
1.03,0.005,1.0,0.4,0.1,0.75,0.25,3.26,-19.11,True
1.03,0.005,1.0,0.4,0.1,1.0,0.0,3.55,-17.0,True
1.03,0.005,1.0,0.4,0.2,0.0,1.0,3.59,-21.35,True
1.03,0.005,1.0,0.4,0.2,0.25,0.75,3.84,-20.25,True
1.03,0.005,1.0,0.4,0.2,0.5,0.5,4.09,-19.14,True
1.03,0.005,1.0,0.4,0.2,0.75,0.25,4.33,-18.0,True
1.03,0.005,1.0,0.4,0.2,1.0,0.0,4.55,-16.81,True
1.03,0.005,1.0,0.4,0.3,0.0,1.0,4.65,-23.72,True
1.03,0.005,1.0,0.4,0.3,0.25,0.75,4.83,-22.76,True
1.03,0.005,1.0,0.4,0.3,0.5,0.5,5.02,-21.77,True
1.03,0.005,1.0,0.4,0.3,0.75,0.25,5.2,-20.76,True
1.03,0.005,1.0,0.4,0.3,1.0,0.0,5.36,-19.7,True
1.03,0.005,1.01,0.1,0.0,0.0,1.0,2.24,-32.15,True
1.03,0.005,1.01,0.1,0.0,0.25,0.75,2.53,-29.43,True
1.03,0.005,1.01,0.1,0.0,0.5,0.5,2.79,-26.65,True
1.03,0.005,1.01,0.1,0.0,0.75,0.25,3.01,-23.8,True
1.03,0.005,1.01,0.1,0.0,1.0,0.0,3.2,-20.9,True
1.03,0.005,1.01,0.1,0.1,0.0,1.0,3.5,-29.15,True
1.03,0.005,1.01,0.1,0.1,0.25,0.75,3.73,-26.64,True
1.03,0.005,1.01,0.1,0.1,0.5,0.5,3.94,-24.08,True
1.03,0.005,1.01,0.1,0.1,0.75,0.25,4.12,-21.46,True
1.03,0.005,1.01,0.1,0.1,1.0,0.0,4.26,-18.78,True
1.03,0.005,1.01,0.1,0.2,0.0,1.0,4.25,-25.51,True
1.03,0.005,1.01,0.1,0.2,0.25,0.75,4.44,-23.28,True
1.03,0.005,1.01,0.1,0.2,0.5,0.5,4.61,-20.99,True
1.03,0.005,1.01,0.1,0.2,0.75,0.25,4.77,-18.64,True
1.03,0.005,1.01,0.1,0.2,1.0,0.0,4.9,-16.25,True
1.03,0.005,1.01,0.1,0.3,0.0,1.0,5.03,-21.1,True
1.03,0.005,1.01,0.1,0.3,0.25,0.75,5.18,-19.18,True
1.03,0.005,1.01,0.1,0.3,0.5,0.5,5.32,-17.2,True
1.03,0.005,1.01,0.1,0.3,0.75,0.25,5.46,-16.34,True
1.03,0.005,1.01,0.1,0.3,1.0,0.0,5.57,-15.78,True
1.03,0.005,1.01,0.2,0.0,0.0,1.0,1.38,-33.45,True
1.03,0.005,1.01,0.2,0.0,0.25,0.75,1.79,-30.64,True
1.03,0.005,1.01,0.2,0.0,0.5,0.5,2.17,-27.75,True
1.03,0.005,1.01,0.2,0.0,0.75,0.25,2.51,-24.78,True
1.03,0.005,1.01,0.2,0.0,1.0,0.0,2.8,-21.74,True
1.03,0.005,1.01,0.2,0.1,0.0,1.0,2.76,-28.26,True
1.03,0.005,1.01,0.2,0.1,0.25,0.75,3.05,-25.8,True
1.03,0.005,1.01,0.2,0.1,0.5,0.5,3.32,-23.28,True
1.03,0.005,1.01,0.2,0.1,0.75,0.25,3.57,-20.71,True
1.03,0.005,1.01,0.2,0.1,1.0,0.0,3.79,-18.06,True
1.03,0.005,1.01,0.2,0.2,0.0,1.0,3.92,-23.39,True
1.03,0.005,1.01,0.2,0.2,0.25,0.75,4.13,-21.3,True
1.03,0.005,1.01,0.2,0.2,0.5,0.5,4.33,-19.15,True
1.03,0.005,1.01,0.2,0.2,0.75,0.25,4.52,-16.93,True
1.03,0.005,1.01,0.2,0.2,1.0,0.0,4.68,-14.64,True
1.03,0.005,1.01,0.2,0.3,0.0,1.0,4.77,-20.35,True
1.03,0.005,1.01,0.2,0.3,0.25,0.75,4.94,-19.52,True
1.03,0.005,1.01,0.2,0.3,0.5,0.5,5.11,-18.69,True
1.03,0.005,1.01,0.2,0.3,0.75,0.25,5.26,-17.87,True
1.03,0.005,1.01,0.2,0.3,1.0,0.0,5.41,-17.05,True
1.03,0.005,1.01,0.3,0.0,0.0,1.0,0.79,-30.99,True
1.03,0.005,1.01,0.3,0.0,0.25,0.75,1.29,-28.28,True
1.03,0.005,1.01,0.3,0.0,0.5,0.5,1.74,-25.51,True
1.03,0.005,1.01,0.3,0.0,0.75,0.25,2.14,-22.66,True
1.03,0.005,1.01,0.3,0.0,1.0,0.0,2.5,-19.73,True
1.03,0.005,1.01,0.3,0.1,0.0,1.0,2.47,-25.9,True
1.03,0.005,1.01,0.3,0.1,0.25,0.75,2.79,-23.58,True
1.03,0.005,1.01,0.3,0.1,0.5,0.5,3.09,-21.19,True
1.03,0.005,1.01,0.3,0.1,0.75,0.25,3.37,-18.73,True
1.03,0.005,1.01,0.3,0.1,1.0,0.0,3.63,-16.21,True
1.03,0.005,1.01,0.3,0.2,0.0,1.0,3.69,-20.76,True
1.03,0.005,1.01,0.3,0.2,0.25,0.75,3.92,-18.82,True
1.03,0.005,1.01,0.3,0.2,0.5,0.5,4.14,-16.82,True
1.03,0.005,1.01,0.3,0.2,0.75,0.25,4.35,-15.37,True
1.03,0.005,1.01,0.3,0.2,1.0,0.0,4.54,-14.43,True
1.03,0.005,1.01,0.3,0.3,0.0,1.0,4.74,-21.94,True
1.03,0.005,1.01,0.3,0.3,0.25,0.75,4.89,-21.05,True
1.03,0.005,1.01,0.3,0.3,0.5,0.5,5.05,-20.15,True
1.03,0.005,1.01,0.3,0.3,0.75,0.25,5.2,-19.24,True
1.03,0.005,1.01,0.3,0.3,1.0,0.0,5.34,-18.3,True
1.03,0.005,1.01,0.4,0.0,0.0,1.0,0.5,-28.36,True
1.03,0.005,1.01,0.4,0.0,0.25,0.75,1.03,-25.79,True
1.03,0.005,1.01,0.4,0.0,0.5,0.5,1.51,-23.15,True
1.03,0.005,1.01,0.4,0.0,0.75,0.25,1.95,-20.44,True
1.03,0.005,1.01,0.4,0.0,1.0,0.0,2.34,-17.67,True
1.03,0.005,1.01,0.4,0.1,0.0,1.0,2.28,-22.97,True
1.03,0.005,1.01,0.4,0.1,0.25,0.75,2.62,-20.81,True
1.03,0.005,1.01,0.4,0.1,0.5,0.5,2.94,-18.58,True
1.03,0.005,1.01,0.4,0.1,0.75,0.25,3.24,-16.3,True
1.03,0.005,1.01,0.4,0.1,1.0,0.0,3.52,-13.95,True
1.03,0.005,1.01,0.4,0.2,0.0,1.0,3.67,-19.62,True
1.03,0.005,1.01,0.4,0.2,0.25,0.75,3.89,-18.59,True
1.03,0.005,1.01,0.4,0.2,0.5,0.5,4.1,-17.56,True
1.03,0.005,1.01,0.4,0.2,0.75,0.25,4.32,-16.53,True
1.03,0.005,1.01,0.4,0.2,1.0,0.0,4.51,-15.49,True
1.03,0.005,1.01,0.4,0.3,0.0,1.0,4.76,-22.77,True
1.03,0.005,1.01,0.4,0.3,0.25,0.75,4.91,-21.79,True
1.03,0.005,1.01,0.4,0.3,0.5,0.5,5.07,-20.79,True
1.03,0.005,1.01,0.4,0.3,0.75,0.25,5.21,-19.79,True
1.03,0.005,1.01,0.4,0.3,1.0,0.0,5.36,-18.78,True
1.03,0.005,1.02,0.1,0.0,0.0,1.0,-0.07,-27.18,True
1.03,0.005,1.02,0.1,0.0,0.25,0.75,0.37,-24.74,True
1.03,0.005,1.02,0.1,0.0,0.5,0.5,0.77,-22.26,True
1.03,0.005,1.02,0.1,0.0,0.75,0.25,1.14,-19.74,True
1.03,0.005,1.02,0.1,0.0,1.0,0.0,1.48,-17.16,True
1.03,0.005,1.02,0.1,0.1,0.0,1.0,1.81,-24.82,True
1.03,0.005,1.02,0.1,0.1,0.25,0.75,2.11,-22.56,True
1.03,0.005,1.02,0.1,0.1,0.5,0.5,2.4,-20.25,True
1.03,0.005,1.02,0.1,0.1,0.75,0.25,2.68,-17.9,True
1.03,0.005,1.02,0.1,0.1,1.0,0.0,2.93,-15.5,True
1.03,0.005,1.02,0.1,0.2,0.0,1.0,3.16,-21.79,True
1.03,0.005,1.02,0.1,0.2,0.25,0.75,3.38,-19.76,True
1.03,0.005,1.02,0.1,0.2,0.5,0.5,3.59,-17.69,True
1.03,0.005,1.02,0.1,0.2,0.75,0.25,3.79,-15.57,True
1.03,0.005,1.02,0.1,0.2,1.0,0.0,3.98,-13.42,True
1.03,0.005,1.02,0.1,0.3,0.0,1.0,4.33,-17.91,True
1.03,0.005,1.02,0.1,0.3,0.25,0.75,4.47,-16.64,True
1.03,0.005,1.02,0.1,0.3,0.5,0.5,4.62,-16.18,True
1.03,0.005,1.02,0.1,0.3,0.75,0.25,4.76,-15.72,True
1.03,0.005,1.02,0.1,0.3,1.0,0.0,4.91,-15.27,True
1.03,0.005,1.02,0.2,0.0,0.0,1.0,-0.85,-30.85,True
1.03,0.005,1.02,0.2,0.0,0.25,0.75,-0.3,-28.52,True
1.03,0.005,1.02,0.2,0.0,0.5,0.5,0.21,-26.15,True
1.03,0.005,1.02,0.2,0.0,0.75,0.25,0.68,-23.74,True
1.03,0.005,1.02,0.2,0.0,1.0,0.0,1.12,-21.29,True
1.03,0.005,1.02,0.2,0.1,0.0,1.0,1.57,-23.92,True
1.03,0.005,1.02,0.2,0.1,0.25,0.75,1.88,-21.71,True
1.03,0.005,1.02,0.2,0.1,0.5,0.5,2.19,-19.44,True
1.03,0.005,1.02,0.2,0.1,0.75,0.25,2.48,-17.14,True
1.03,0.005,1.02,0.2,0.1,1.0,0.0,2.75,-14.77,True
1.03,0.005,1.02,0.2,0.2,0.0,1.0,3.27,-19.55,True
1.03,0.005,1.02,0.2,0.2,0.25,0.75,3.46,-17.67,True
1.03,0.005,1.02,0.2,0.2,0.5,0.5,3.65,-15.75,True
1.03,0.005,1.02,0.2,0.2,0.75,0.25,3.84,-13.77,True
1.03,0.005,1.02,0.2,0.2,1.0,0.0,4.02,-11.89,True
1.03,0.005,1.02,0.2,0.3,0.0,1.0,4.42,-18.35,True
1.03,0.005,1.02,0.2,0.3,0.25,0.75,4.55,-17.72,True
1.03,0.005,1.02,0.2,0.3,0.5,0.5,4.69,-17.09,True
1.03,0.005,1.02,0.2,0.3,0.75,0.25,4.84,-16.46,True
1.03,0.005,1.02,0.2,0.3,1.0,0.0,4.98,-15.83,True
1.03,0.005,1.02,0.3,0.0,0.0,1.0,-0.94,-31.51,True
1.03,0.005,1.02,0.3,0.0,0.25,0.75,-0.36,-29.12,True
1.03,0.005,1.02,0.3,0.0,0.5,0.5,0.19,-26.68,True
1.03,0.005,1.02,0.3,0.0,0.75,0.25,0.69,-24.2,True
1.03,0.005,1.02,0.3,0.0,1.0,0.0,1.14,-21.68,True
1.03,0.005,1.02,0.3,0.1,0.0,1.0,1.65,-21.39,True
1.03,0.005,1.02,0.3,0.1,0.25,0.75,1.96,-19.34,True
1.03,0.005,1.02,0.3,0.1,0.5,0.5,2.26,-17.22,True
1.03,0.005,1.02,0.3,0.1,0.75,0.25,2.56,-15.05,True
1.03,0.005,1.02,0.3,0.1,1.0,0.0,2.84,-12.82,True
1.03,0.005,1.02,0.3,0.2,0.0,1.0,3.28,-16.78,True
1.03,0.005,1.02,0.3,0.2,0.25,0.75,3.48,-15.07,True
1.03,0.005,1.02,0.3,0.2,0.5,0.5,3.68,-14.25,True
1.03,0.005,1.02,0.3,0.2,0.75,0.25,3.88,-13.53,True
1.03,0.005,1.02,0.3,0.2,1.0,0.0,4.07,-12.82,True
1.03,0.005,1.02,0.3,0.3,0.0,1.0,4.55,-19.43,True
1.03,0.005,1.02,0.3,0.3,0.25,0.75,4.67,-18.73,True
1.03,0.005,1.02,0.3,0.3,0.5,0.5,4.81,-18.0,True
1.03,0.005,1.02,0.3,0.3,0.75,0.25,4.94,-17.28,True
1.03,0.005,1.02,0.3,0.3,1.0,0.0,5.08,-16.55,True
1.03,0.005,1.02,0.4,0.0,0.0,1.0,-0.81,-29.75,True
1.03,0.005,1.02,0.4,0.0,0.25,0.75,-0.23,-27.45,True
1.03,0.005,1.02,0.4,0.0,0.5,0.5,0.31,-25.1,True
1.03,0.005,1.02,0.4,0.0,0.75,0.25,0.82,-22.72,True
1.03,0.005,1.02,0.4,0.0,1.0,0.0,1.27,-20.3,True
1.03,0.005,1.02,0.4,0.1,0.0,1.0,1.75,-18.28,True
1.03,0.005,1.02,0.4,0.1,0.25,0.75,2.06,-16.41,True
1.03,0.005,1.02,0.4,0.1,0.5,0.5,2.37,-14.48,True
1.03,0.005,1.02,0.4,0.1,0.75,0.25,2.67,-12.51,True
1.03,0.005,1.02,0.4,0.1,1.0,0.0,2.95,-10.56,True
1.03,0.005,1.02,0.4,0.2,0.0,1.0,3.4,-16.86,True
1.03,0.005,1.02,0.4,0.2,0.25,0.75,3.59,-16.04,True
1.03,0.005,1.02,0.4,0.2,0.5,0.5,3.79,-15.23,True
1.03,0.005,1.02,0.4,0.2,0.75,0.25,3.99,-14.42,True
1.03,0.005,1.02,0.4,0.2,1.0,0.0,4.18,-13.61,True
1.03,0.005,1.02,0.4,0.3,0.0,1.0,4.62,-20.23,True
1.03,0.005,1.02,0.4,0.3,0.25,0.75,4.75,-19.44,True
1.03,0.005,1.02,0.4,0.3,0.5,0.5,4.89,-18.64,True
1.03,0.005,1.02,0.4,0.3,0.75,0.25,5.02,-17.84,True
1.03,0.005,1.02,0.4,0.3,1.0,0.0,5.15,-17.03,True
1.03,0.01,0.95,0.1,0.0,0.0,1.0,6.93,-28.36,True
1.03,0.01,0.95,0.1,0.0,0.25,0.75,6.99,-26.3,True
1.03,0.01,0.95,0.1,0.0,0.5,0.5,7.02,-24.2,True
1.03,0.01,0.95,0.1,0.0,0.75,0.25,7.0,-22.08,True
1.03,0.01,0.95,0.1,0.0,1.0,0.0,6.94,-19.93,True
1.03,0.01,0.95,0.1,0.1,0.0,1.0,7.28,-27.25,True
1.03,0.01,0.95,0.1,0.1,0.25,0.75,7.34,-25.12,True
1.03,0.01,0.95,0.1,0.1,0.5,0.5,7.36,-22.96,True
1.03,0.01,0.95,0.1,0.1,0.75,0.25,7.35,-20.76,True
1.03,0.01,0.95,0.1,0.1,1.0,0.0,7.29,-18.52,True
1.03,0.01,0.95,0.1,0.2,0.0,1.0,7.32,-26.02,True
1.03,0.01,0.95,0.1,0.2,0.25,0.75,7.39,-23.85,True
1.03,0.01,0.95,0.1,0.2,0.5,0.5,7.42,-21.64,True
1.03,0.01,0.95,0.1,0.2,0.75,0.25,7.42,-19.37,True
1.03,0.01,0.95,0.1,0.2,1.0,0.0,7.39,-17.05,True
1.03,0.01,0.95,0.1,0.3,0.0,1.0,7.31,-24.66,True
1.03,0.01,0.95,0.1,0.3,0.25,0.75,7.4,-22.46,True
1.03,0.01,0.95,0.1,0.3,0.5,0.5,7.46,-20.21,True
1.03,0.01,0.95,0.1,0.3,0.75,0.25,7.49,-18.46,True
1.03,0.01,0.95,0.1,0.3,1.0,0.0,7.49,-17.05,True
1.03,0.01,0.95,0.2,0.0,0.0,1.0,6.57,-45.09,False
1.03,0.01,0.95,0.2,0.0,0.25,0.75,6.75,-42.0,False
1.03,0.01,0.95,0.2,0.0,0.5,0.5,6.88,-38.84,True
1.03,0.01,0.95,0.2,0.0,0.75,0.25,6.95,-35.59,True
1.03,0.01,0.95,0.2,0.0,1.0,0.0,6.98,-32.27,True
1.03,0.01,0.95,0.2,0.1,0.0,1.0,6.8,-42.64,False
1.03,0.01,0.95,0.2,0.1,0.25,0.75,6.97,-39.54,True
1.03,0.01,0.95,0.2,0.1,0.5,0.5,7.09,-36.35,True
1.03,0.01,0.95,0.2,0.1,0.75,0.25,7.17,-33.08,True
1.03,0.01,0.95,0.2,0.1,1.0,0.0,7.2,-29.72,True
1.03,0.01,0.95,0.2,0.2,0.0,1.0,6.99,-39.88,True
1.03,0.01,0.95,0.2,0.2,0.25,0.75,7.16,-36.79,True
1.03,0.01,0.95,0.2,0.2,0.5,0.5,7.28,-33.58,True
1.03,0.01,0.95,0.2,0.2,0.75,0.25,7.36,-30.26,True
1.03,0.01,0.95,0.2,0.2,1.0,0.0,7.4,-26.83,True
1.03,0.01,0.95,0.2,0.3,0.0,1.0,7.18,-34.68,True
1.03,0.01,0.95,0.2,0.3,0.25,0.75,7.34,-31.76,True
1.03,0.01,0.95,0.2,0.3,0.5,0.5,7.46,-28.7,True
1.03,0.01,0.95,0.2,0.3,0.75,0.25,7.54,-25.53,True
1.03,0.01,0.95,0.2,0.3,1.0,0.0,7.59,-22.26,True
1.03,0.01,0.95,0.3,0.0,0.0,1.0,6.4,-50.4,False
1.03,0.01,0.95,0.3,0.0,0.25,0.75,6.63,-47.04,False
1.03,0.01,0.95,0.3,0.0,0.5,0.5,6.81,-43.58,False
1.03,0.01,0.95,0.3,0.0,0.75,0.25,6.93,-40.02,False
1.03,0.01,0.95,0.3,0.0,1.0,0.0,6.99,-36.36,True
1.03,0.01,0.95,0.3,0.1,0.0,1.0,6.63,-45.75,False
1.03,0.01,0.95,0.3,0.1,0.25,0.75,6.84,-42.5,False
1.03,0.01,0.95,0.3,0.1,0.5,0.5,7.01,-39.13,True
1.03,0.01,0.95,0.3,0.1,0.75,0.25,7.13,-35.65,True
1.03,0.01,0.95,0.3,0.1,1.0,0.0,7.2,-32.05,True
1.03,0.01,0.95,0.3,0.2,0.0,1.0,6.83,-39.75,True
1.03,0.01,0.95,0.3,0.2,0.25,0.75,7.03,-36.73,True
1.03,0.01,0.95,0.3,0.2,0.5,0.5,7.2,-33.56,True
1.03,0.01,0.95,0.3,0.2,0.75,0.25,7.32,-30.26,True
1.03,0.01,0.95,0.3,0.2,1.0,0.0,7.4,-26.84,True
1.03,0.01,0.95,0.3,0.3,0.0,1.0,7.0,-32.71,True
1.03,0.01,0.95,0.3,0.3,0.25,0.75,7.2,-30.08,True
1.03,0.01,0.95,0.3,0.3,0.5,0.5,7.36,-27.27,True
1.03,0.01,0.95,0.3,0.3,0.75,0.25,7.48,-24.3,True
1.03,0.01,0.95,0.3,0.3,1.0,0.0,7.57,-21.19,True
1.03,0.01,0.95,0.4,0.0,0.0,1.0,6.27,-49.72,False
1.03,0.01,0.95,0.4,0.0,0.25,0.75,6.54,-46.38,False
1.03,0.01,0.95,0.4,0.0,0.5,0.5,6.74,-42.94,False
1.03,0.01,0.95,0.4,0.0,0.75,0.25,6.89,-39.39,True
1.03,0.01,0.95,0.4,0.0,1.0,0.0,6.98,-35.76,True
1.03,0.01,0.95,0.4,0.1,0.0,1.0,6.44,-43.98,False
1.03,0.01,0.95,0.4,0.1,0.25,0.75,6.7,-40.83,False
1.03,0.01,0.95,0.4,0.1,0.5,0.5,6.9,-37.56,True
1.03,0.01,0.95,0.4,0.1,0.75,0.25,7.06,-34.17,True
1.03,0.01,0.95,0.4,0.1,1.0,0.0,7.16,-30.67,True
1.03,0.01,0.95,0.4,0.2,0.0,1.0,6.66,-37.36,True
1.03,0.01,0.95,0.4,0.2,0.25,0.75,6.89,-34.55,True
1.03,0.01,0.95,0.4,0.2,0.5,0.5,7.09,-31.58,True
1.03,0.01,0.95,0.4,0.2,0.75,0.25,7.25,-28.47,True
1.03,0.01,0.95,0.4,0.2,1.0,0.0,7.36,-25.23,True
1.03,0.01,0.95,0.4,0.3,0.0,1.0,6.95,-30.14,True
1.03,0.01,0.95,0.4,0.3,0.25,0.75,7.16,-27.76,True
1.03,0.01,0.95,0.4,0.3,0.5,0.5,7.34,-25.46,True
1.03,0.01,0.95,0.4,0.3,0.75,0.25,7.48,-23.75,True
1.03,0.01,0.95,0.4,0.3,1.0,0.0,7.59,-22.06,True
1.03,0.01,0.97,0.1,0.0,0.0,1.0,5.31,-24.59,True
1.03,0.01,0.97,0.1,0.0,0.25,0.75,5.4,-22.54,True
1.03,0.01,0.97,0.1,0.0,0.5,0.5,5.45,-20.7,True
1.03,0.01,0.97,0.1,0.0,0.75,0.25,5.46,-18.84,True
1.03,0.01,0.97,0.1,0.0,1.0,0.0,5.43,-16.97,True
1.03,0.01,0.97,0.1,0.1,0.0,1.0,6.02,-22.63,True
1.03,0.01,0.97,0.1,0.1,0.25,0.75,6.1,-20.76,True
1.03,0.01,0.97,0.1,0.1,0.5,0.5,6.14,-18.86,True
1.03,0.01,0.97,0.1,0.1,0.75,0.25,6.14,-16.92,True
1.03,0.01,0.97,0.1,0.1,1.0,0.0,6.11,-14.94,True
1.03,0.01,0.97,0.1,0.2,0.0,1.0,6.22,-20.88,True
1.03,0.01,0.97,0.1,0.2,0.25,0.75,6.3,-18.98,True
1.03,0.01,0.97,0.1,0.2,0.5,0.5,6.36,-17.03,True
1.03,0.01,0.97,0.1,0.2,0.75,0.25,6.39,-15.03,True
1.03,0.01,0.97,0.1,0.2,1.0,0.0,6.38,-12.98,True
1.03,0.01,0.97,0.1,0.3,0.0,1.0,6.62,-19.2,True
1.03,0.01,0.97,0.1,0.3,0.25,0.75,6.69,-18.52,True
1.03,0.01,0.97,0.1,0.3,0.5,0.5,6.73,-17.85,True
1.03,0.01,0.97,0.1,0.3,0.75,0.25,6.76,-17.19,True
1.03,0.01,0.97,0.1,0.3,1.0,0.0,6.76,-16.55,True
1.03,0.01,0.97,0.2,0.0,0.0,1.0,5.19,-38.93,True
1.03,0.01,0.97,0.2,0.0,0.25,0.75,5.37,-36.15,True
1.03,0.01,0.97,0.2,0.0,0.5,0.5,5.5,-33.31,True
1.03,0.01,0.97,0.2,0.0,0.75,0.25,5.58,-30.42,True
1.03,0.01,0.97,0.2,0.0,1.0,0.0,5.61,-27.47,True
1.03,0.01,0.97,0.2,0.1,0.0,1.0,5.83,-35.37,True
1.03,0.01,0.97,0.2,0.1,0.25,0.75,5.98,-32.64,True
1.03,0.01,0.97,0.2,0.1,0.5,0.5,6.09,-29.83,True
1.03,0.01,0.97,0.2,0.1,0.75,0.25,6.15,-26.94,True
1.03,0.01,0.97,0.2,0.1,1.0,0.0,6.17,-23.99,True
1.03,0.01,0.97,0.2,0.2,0.0,1.0,6.22,-30.53,True
1.03,0.01,0.97,0.2,0.2,0.25,0.75,6.37,-27.97,True
1.03,0.01,0.97,0.2,0.2,0.5,0.5,6.47,-25.3,True
1.03,0.01,0.97,0.2,0.2,0.75,0.25,6.54,-22.52,True
1.03,0.01,0.97,0.2,0.2,1.0,0.0,6.57,-19.63,True
1.03,0.01,0.97,0.2,0.3,0.0,1.0,6.58,-24.47,True
1.03,0.01,0.97,0.2,0.3,0.25,0.75,6.73,-22.31,True
1.03,0.01,0.97,0.2,0.3,0.5,0.5,6.84,-20.28,True
1.03,0.01,0.97,0.2,0.3,0.75,0.25,6.91,-19.34,True
1.03,0.01,0.97,0.2,0.3,1.0,0.0,6.94,-18.43,True
1.03,0.01,0.97,0.3,0.0,0.0,1.0,5.36,-43.61,False
1.03,0.01,0.97,0.3,0.0,0.25,0.75,5.57,-40.56,False
1.03,0.01,0.97,0.3,0.0,0.5,0.5,5.72,-37.43,True
1.03,0.01,0.97,0.3,0.0,0.75,0.25,5.81,-34.23,True
1.03,0.01,0.97,0.3,0.0,1.0,0.0,5.84,-30.96,True
1.03,0.01,0.97,0.3,0.1,0.0,1.0,5.81,-37.23,True
1.03,0.01,0.97,0.3,0.1,0.25,0.75,6.0,-34.43,True
1.03,0.01,0.97,0.3,0.1,0.5,0.5,6.14,-31.53,True
1.03,0.01,0.97,0.3,0.1,0.75,0.25,6.23,-28.51,True
1.03,0.01,0.97,0.3,0.1,1.0,0.0,6.27,-25.38,True
1.03,0.01,0.97,0.3,0.2,0.0,1.0,6.13,-29.58,True
1.03,0.01,0.97,0.3,0.2,0.25,0.75,6.32,-27.22,True
1.03,0.01,0.97,0.3,0.2,0.5,0.5,6.47,-24.69,True
1.03,0.01,0.97,0.3,0.2,0.75,0.25,6.57,-22.0,True
1.03,0.01,0.97,0.3,0.2,1.0,0.0,6.62,-19.17,True
1.03,0.01,0.97,0.3,0.3,0.0,1.0,6.53,-24.25,True
1.03,0.01,0.97,0.3,0.3,0.25,0.75,6.69,-23.12,True
1.03,0.01,0.97,0.3,0.3,0.5,0.5,6.82,-22.0,True
1.03,0.01,0.97,0.3,0.3,0.75,0.25,6.92,-20.9,True
1.03,0.01,0.97,0.3,0.3,1.0,0.0,6.98,-19.81,True
1.03,0.01,0.97,0.4,0.0,0.0,1.0,5.41,-42.84,False
1.03,0.01,0.97,0.4,0.0,0.25,0.75,5.63,-39.81,True
1.03,0.01,0.97,0.4,0.0,0.5,0.5,5.79,-36.71,True
1.03,0.01,0.97,0.4,0.0,0.75,0.25,5.89,-33.54,True
1.03,0.01,0.97,0.4,0.0,1.0,0.0,5.93,-30.3,True
1.03,0.01,0.97,0.4,0.1,0.0,1.0,5.72,-35.28,True
1.03,0.01,0.97,0.4,0.1,0.25,0.75,5.94,-32.62,True
1.03,0.01,0.97,0.4,0.1,0.5,0.5,6.11,-29.83,True
1.03,0.01,0.97,0.4,0.1,0.75,0.25,6.22,-26.93,True
1.03,0.01,0.97,0.4,0.1,1.0,0.0,6.29,-23.92,True
1.03,0.01,0.97,0.4,0.2,0.0,1.0,6.17,-27.4,True
1.03,0.01,0.97,0.4,0.2,0.25,0.75,6.35,-25.2,True
1.03,0.01,0.97,0.4,0.2,0.5,0.5,6.5,-22.82,True
1.03,0.01,0.97,0.4,0.2,0.75,0.25,6.61,-20.28,True
1.03,0.01,0.97,0.4,0.2,1.0,0.0,6.67,-17.63,True
1.03,0.01,0.97,0.4,0.3,0.0,1.0,6.54,-26.22,True
1.03,0.01,0.97,0.4,0.3,0.25,0.75,6.7,-24.92,True
1.03,0.01,0.97,0.4,0.3,0.5,0.5,6.84,-23.63,True
1.03,0.01,0.97,0.4,0.3,0.75,0.25,6.94,-22.36,True
1.03,0.01,0.97,0.4,0.3,1.0,0.0,7.0,-21.09,True
1.03,0.01,0.99,0.1,0.0,0.0,1.0,5.14,-35.5,True
1.03,0.01,0.99,0.1,0.0,0.25,0.75,5.18,-32.69,True
1.03,0.01,0.99,0.1,0.0,0.5,0.5,5.18,-29.81,True
1.03,0.01,0.99,0.1,0.0,0.75,0.25,5.14,-26.87,True
1.03,0.01,0.99,0.1,0.0,1.0,0.0,5.06,-23.87,True
1.03,0.01,0.99,0.1,0.1,0.0,1.0,6.01,-30.97,True
1.03,0.01,0.99,0.1,0.1,0.25,0.75,6.04,-28.45,True
1.03,0.01,0.99,0.1,0.1,0.5,0.5,6.03,-25.86,True
1.03,0.01,0.99,0.1,0.1,0.75,0.25,5.99,-23.22,True
1.03,0.01,0.99,0.1,0.1,1.0,0.0,5.9,-20.52,True
1.03,0.01,0.99,0.1,0.2,0.0,1.0,6.12,-26.32,True
1.03,0.01,0.99,0.1,0.2,0.25,0.75,6.19,-24.1,True
1.03,0.01,0.99,0.1,0.2,0.5,0.5,6.23,-21.84,True
1.03,0.01,0.99,0.1,0.2,0.75,0.25,6.23,-19.51,True
1.03,0.01,0.99,0.1,0.2,1.0,0.0,6.2,-17.14,True
1.03,0.01,0.99,0.1,0.3,0.0,1.0,6.6,-22.57,True
1.03,0.01,0.99,0.1,0.3,0.25,0.75,6.64,-20.59,True
1.03,0.01,0.99,0.1,0.3,0.5,0.5,6.66,-18.56,True
1.03,0.01,0.99,0.1,0.3,0.75,0.25,6.66,-17.48,True
1.03,0.01,0.99,0.1,0.3,1.0,0.0,6.63,-16.84,True
1.03,0.01,0.99,0.2,0.0,0.0,1.0,5.08,-39.1,True
1.03,0.01,0.99,0.2,0.0,0.25,0.75,5.22,-36.03,True
1.03,0.01,0.99,0.2,0.0,0.5,0.5,5.31,-32.88,True
1.03,0.01,0.99,0.2,0.0,0.75,0.25,5.34,-29.65,True
1.03,0.01,0.99,0.2,0.0,1.0,0.0,5.32,-26.33,True
1.03,0.01,0.99,0.2,0.1,0.0,1.0,5.52,-34.4,True
1.03,0.01,0.99,0.2,0.1,0.25,0.75,5.66,-31.66,True
1.03,0.01,0.99,0.2,0.1,0.5,0.5,5.77,-28.84,True
1.03,0.01,0.99,0.2,0.1,0.75,0.25,5.82,-25.94,True
1.03,0.01,0.99,0.2,0.1,1.0,0.0,5.82,-22.97,True
1.03,0.01,0.99,0.2,0.2,0.0,1.0,5.78,-29.71,True
1.03,0.01,0.99,0.2,0.2,0.25,0.75,5.94,-27.29,True
1.03,0.01,0.99,0.2,0.2,0.5,0.5,6.07,-24.81,True
1.03,0.01,0.99,0.2,0.2,0.75,0.25,6.14,-22.25,True
1.03,0.01,0.99,0.2,0.2,1.0,0.0,6.18,-19.62,True
1.03,0.01,0.99,0.2,0.3,0.0,1.0,6.12,-24.52,True
1.03,0.01,0.99,0.2,0.3,0.25,0.75,6.28,-22.52,True
1.03,0.01,0.99,0.2,0.3,0.5,0.5,6.41,-20.44,True
1.03,0.01,0.99,0.2,0.3,0.75,0.25,6.5,-19.41,True
1.03,0.01,0.99,0.2,0.3,1.0,0.0,6.54,-18.5,True
1.03,0.01,0.99,0.3,0.0,0.0,1.0,4.77,-40.66,True
1.03,0.01,0.99,0.3,0.0,0.25,0.75,4.97,-37.5,True
1.03,0.01,0.99,0.3,0.0,0.5,0.5,5.12,-34.25,True
1.03,0.01,0.99,0.3,0.0,0.75,0.25,5.21,-30.91,True
1.03,0.01,0.99,0.3,0.0,1.0,0.0,5.24,-27.46,True
1.03,0.01,0.99,0.3,0.1,0.0,1.0,5.15,-34.73,True
1.03,0.01,0.99,0.3,0.1,0.25,0.75,5.36,-32.01,True
1.03,0.01,0.99,0.3,0.1,0.5,0.5,5.51,-29.19,True
1.03,0.01,0.99,0.3,0.1,0.75,0.25,5.62,-26.29,True
1.03,0.01,0.99,0.3,0.1,1.0,0.0,5.67,-23.29,True
1.03,0.01,0.99,0.3,0.2,0.0,1.0,5.55,-28.39,True
1.03,0.01,0.99,0.3,0.2,0.25,0.75,5.74,-26.09,True
1.03,0.01,0.99,0.3,0.2,0.5,0.5,5.89,-23.71,True
1.03,0.01,0.99,0.3,0.2,0.75,0.25,6.01,-21.25,True
1.03,0.01,0.99,0.3,0.2,1.0,0.0,6.08,-18.7,True
1.03,0.01,0.99,0.3,0.3,0.0,1.0,6.11,-24.06,True
1.03,0.01,0.99,0.3,0.3,0.25,0.75,6.27,-22.96,True
1.03,0.01,0.99,0.3,0.3,0.5,0.5,6.4,-21.87,True
1.03,0.01,0.99,0.3,0.3,0.75,0.25,6.5,-20.79,True
1.03,0.01,0.99,0.3,0.3,1.0,0.0,6.57,-19.71,True
1.03,0.01,0.99,0.4,0.0,0.0,1.0,4.59,-39.2,True
1.03,0.01,0.99,0.4,0.0,0.25,0.75,4.82,-36.11,True
1.03,0.01,0.99,0.4,0.0,0.5,0.5,5.0,-32.92,True
1.03,0.01,0.99,0.4,0.0,0.75,0.25,5.12,-29.64,True
1.03,0.01,0.99,0.4,0.0,1.0,0.0,5.18,-26.26,True
1.03,0.01,0.99,0.4,0.1,0.0,1.0,4.99,-32.49,True
1.03,0.01,0.99,0.4,0.1,0.25,0.75,5.22,-29.85,True
1.03,0.01,0.99,0.4,0.1,0.5,0.5,5.39,-27.13,True
1.03,0.01,0.99,0.4,0.1,0.75,0.25,5.53,-24.33,True
1.03,0.01,0.99,0.4,0.1,1.0,0.0,5.61,-21.44,True
1.03,0.01,0.99,0.4,0.2,0.0,1.0,5.58,-26.57,True
1.03,0.01,0.99,0.4,0.2,0.25,0.75,5.77,-24.32,True
1.03,0.01,0.99,0.4,0.2,0.5,0.5,5.93,-21.99,True
1.03,0.01,0.99,0.4,0.2,0.75,0.25,6.05,-19.59,True
1.03,0.01,0.99,0.4,0.2,1.0,0.0,6.13,-17.16,True
1.03,0.01,0.99,0.4,0.3,0.0,1.0,6.06,-26.1,True
1.03,0.01,0.99,0.4,0.3,0.25,0.75,6.23,-24.83,True
1.03,0.01,0.99,0.4,0.3,0.5,0.5,6.36,-23.56,True
1.03,0.01,0.99,0.4,0.3,0.75,0.25,6.48,-22.31,True
1.03,0.01,0.99,0.4,0.3,1.0,0.0,6.55,-21.01,True
1.03,0.01,1.0,0.1,0.0,0.0,1.0,1.49,-29.71,True
1.03,0.01,1.0,0.1,0.0,0.25,0.75,1.75,-27.21,True
1.03,0.01,1.0,0.1,0.0,0.5,0.5,1.99,-24.67,True
1.03,0.01,1.0,0.1,0.0,0.75,0.25,2.21,-22.08,True
1.03,0.01,1.0,0.1,0.0,1.0,0.0,2.4,-19.44,True
1.03,0.01,1.0,0.1,0.1,0.0,1.0,3.33,-25.89,True
1.03,0.01,1.0,0.1,0.1,0.25,0.75,3.51,-23.64,True
1.03,0.01,1.0,0.1,0.1,0.5,0.5,3.66,-21.34,True
1.03,0.01,1.0,0.1,0.1,0.75,0.25,3.81,-19.0,True
1.03,0.01,1.0,0.1,0.1,1.0,0.0,3.93,-16.62,True
1.03,0.01,1.0,0.1,0.2,0.0,1.0,4.31,-21.92,True
1.03,0.01,1.0,0.1,0.2,0.25,0.75,4.46,-19.93,True
1.03,0.01,1.0,0.1,0.2,0.5,0.5,4.6,-17.91,True
1.03,0.01,1.0,0.1,0.2,0.75,0.25,4.72,-15.85,True
1.03,0.01,1.0,0.1,0.2,1.0,0.0,4.83,-13.75,True
1.03,0.01,1.0,0.1,0.3,0.0,1.0,5.07,-18.81,True
1.03,0.01,1.0,0.1,0.3,0.25,0.75,5.2,-17.02,True
1.03,0.01,1.0,0.1,0.3,0.5,0.5,5.32,-16.47,True
1.03,0.01,1.0,0.1,0.3,0.75,0.25,5.43,-15.99,True
1.03,0.01,1.0,0.1,0.3,1.0,0.0,5.53,-15.52,True
1.03,0.01,1.0,0.2,0.0,0.0,1.0,1.84,-33.63,True
1.03,0.01,1.0,0.2,0.0,0.25,0.75,2.17,-30.83,True
1.03,0.01,1.0,0.2,0.0,0.5,0.5,2.47,-27.97,True
1.03,0.01,1.0,0.2,0.0,0.75,0.25,2.74,-25.04,True
1.03,0.01,1.0,0.2,0.0,1.0,0.0,2.96,-22.03,True
1.03,0.01,1.0,0.2,0.1,0.0,1.0,3.01,-29.64,True
1.03,0.01,1.0,0.2,0.1,0.25,0.75,3.27,-27.12,True
1.03,0.01,1.0,0.2,0.1,0.5,0.5,3.51,-24.55,True
1.03,0.01,1.0,0.2,0.1,0.75,0.25,3.73,-21.91,True
1.03,0.01,1.0,0.2,0.1,1.0,0.0,3.92,-19.21,True
1.03,0.01,1.0,0.2,0.2,0.0,1.0,3.91,-25.6,True
1.03,0.01,1.0,0.2,0.2,0.25,0.75,4.13,-23.38,True
1.03,0.01,1.0,0.2,0.2,0.5,0.5,4.33,-21.09,True
1.03,0.01,1.0,0.2,0.2,0.75,0.25,4.52,-18.76,True
1.03,0.01,1.0,0.2,0.2,1.0,0.0,4.69,-16.36,True
1.03,0.01,1.0,0.2,0.3,0.0,1.0,4.67,-21.1,True
1.03,0.01,1.0,0.2,0.3,0.25,0.75,4.85,-19.25,True
1.03,0.01,1.0,0.2,0.3,0.5,0.5,5.02,-18.03,True
1.03,0.01,1.0,0.2,0.3,0.75,0.25,5.18,-17.36,True
1.03,0.01,1.0,0.2,0.3,1.0,0.0,5.33,-16.7,True
1.03,0.01,1.0,0.3,0.0,0.0,1.0,1.25,-35.34,True
1.03,0.01,1.0,0.3,0.0,0.25,0.75,1.66,-32.43,True
1.03,0.01,1.0,0.3,0.0,0.5,0.5,2.04,-29.44,True
1.03,0.01,1.0,0.3,0.0,0.75,0.25,2.38,-26.69,True
1.03,0.01,1.0,0.3,0.0,1.0,0.0,2.68,-23.97,True
1.03,0.01,1.0,0.3,0.1,0.0,1.0,2.48,-30.43,True
1.03,0.01,1.0,0.3,0.1,0.25,0.75,2.8,-28.14,True
1.03,0.01,1.0,0.3,0.1,0.5,0.5,3.1,-25.78,True
1.03,0.01,1.0,0.3,0.1,0.75,0.25,3.38,-23.37,True
1.03,0.01,1.0,0.3,0.1,1.0,0.0,3.63,-20.9,True
1.03,0.01,1.0,0.3,0.2,0.0,1.0,3.47,-26.89,True
1.03,0.01,1.0,0.3,0.2,0.25,0.75,3.71,-24.78,True
1.03,0.01,1.0,0.3,0.2,0.5,0.5,3.94,-22.6,True
1.03,0.01,1.0,0.3,0.2,0.75,0.25,4.17,-20.36,True
1.03,0.01,1.0,0.3,0.2,1.0,0.0,4.39,-18.05,True
1.03,0.01,1.0,0.3,0.3,0.0,1.0,4.55,-22.69,True
1.03,0.01,1.0,0.3,0.3,0.25,0.75,4.72,-21.02,True
1.03,0.01,1.0,0.3,0.3,0.5,0.5,4.89,-19.24,True
1.03,0.01,1.0,0.3,0.3,0.75,0.25,5.06,-18.22,True
1.03,0.01,1.0,0.3,0.3,1.0,0.0,5.22,-17.45,True
1.03,0.01,1.0,0.4,0.0,0.0,1.0,0.59,-38.2,True
1.03,0.01,1.0,0.4,0.0,0.25,0.75,1.07,-35.51,True
1.03,0.01,1.0,0.4,0.0,0.5,0.5,1.52,-32.74,True
1.03,0.01,1.0,0.4,0.0,0.75,0.25,1.92,-29.91,True
1.03,0.01,1.0,0.4,0.0,1.0,0.0,2.29,-27.0,True
1.03,0.01,1.0,0.4,0.1,0.0,1.0,1.98,-34.73,True
1.03,0.01,1.0,0.4,0.1,0.25,0.75,2.33,-32.21,True
1.03,0.01,1.0,0.4,0.1,0.5,0.5,2.66,-29.6,True
1.03,0.01,1.0,0.4,0.1,0.75,0.25,2.98,-26.93,True
1.03,0.01,1.0,0.4,0.1,1.0,0.0,3.28,-24.18,True
1.03,0.01,1.0,0.4,0.2,0.0,1.0,3.46,-29.24,True
1.03,0.01,1.0,0.4,0.2,0.25,0.75,3.69,-27.2,True
1.03,0.01,1.0,0.4,0.2,0.5,0.5,3.91,-25.04,True
1.03,0.01,1.0,0.4,0.2,0.75,0.25,4.14,-22.77,True
1.03,0.01,1.0,0.4,0.2,1.0,0.0,4.34,-20.45,True
1.03,0.01,1.0,0.4,0.3,0.0,1.0,4.5,-23.08,True
1.03,0.01,1.0,0.4,0.3,0.25,0.75,4.69,-21.45,True
1.03,0.01,1.0,0.4,0.3,0.5,0.5,4.87,-20.11,True
1.03,0.01,1.0,0.4,0.3,0.75,0.25,5.05,-19.21,True
1.03,0.01,1.0,0.4,0.3,1.0,0.0,5.21,-18.27,True
1.03,0.01,1.01,0.1,0.0,0.0,1.0,2.32,-26.63,True
1.03,0.01,1.01,0.1,0.0,0.25,0.75,2.5,-24.31,True
1.03,0.01,1.01,0.1,0.0,0.5,0.5,2.66,-21.95,True
1.03,0.01,1.01,0.1,0.0,0.75,0.25,2.8,-19.56,True
1.03,0.01,1.01,0.1,0.0,1.0,0.0,2.91,-17.12,True
1.03,0.01,1.01,0.1,0.1,0.0,1.0,3.77,-23.25,True
1.03,0.01,1.01,0.1,0.1,0.25,0.75,3.91,-21.15,True
1.03,0.01,1.01,0.1,0.1,0.5,0.5,4.02,-19.01,True
1.03,0.01,1.01,0.1,0.1,0.75,0.25,4.12,-16.84,True
1.03,0.01,1.01,0.1,0.1,1.0,0.0,4.19,-14.63,True
1.03,0.01,1.01,0.1,0.2,0.0,1.0,4.64,-20.35,True
1.03,0.01,1.01,0.1,0.2,0.25,0.75,4.75,-19.0,True
1.03,0.01,1.01,0.1,0.2,0.5,0.5,4.85,-17.64,True
1.03,0.01,1.01,0.1,0.2,0.75,0.25,4.93,-16.27,True
1.03,0.01,1.01,0.1,0.2,1.0,0.0,5.0,-14.88,True
1.03,0.01,1.01,0.1,0.3,0.0,1.0,5.35,-20.21,True
1.03,0.01,1.01,0.1,0.3,0.25,0.75,5.45,-18.99,True
1.03,0.01,1.01,0.1,0.3,0.5,0.5,5.54,-17.75,True
1.03,0.01,1.01,0.1,0.3,0.75,0.25,5.62,-16.51,True
1.03,0.01,1.01,0.1,0.3,1.0,0.0,5.68,-15.25,True
1.03,0.01,1.01,0.2,0.0,0.0,1.0,2.16,-30.72,True
1.03,0.01,1.01,0.2,0.0,0.25,0.75,2.45,-28.08,True
1.03,0.01,1.01,0.2,0.0,0.5,0.5,2.7,-25.37,True
1.03,0.01,1.01,0.2,0.0,0.75,0.25,2.92,-22.61,True
1.03,0.01,1.01,0.2,0.0,1.0,0.0,3.1,-19.8,True
1.03,0.01,1.01,0.2,0.1,0.0,1.0,3.13,-27.19,True
1.03,0.01,1.01,0.2,0.1,0.25,0.75,3.38,-24.79,True
1.03,0.01,1.01,0.2,0.1,0.5,0.5,3.6,-22.35,True
1.03,0.01,1.01,0.2,0.1,0.75,0.25,3.8,-20.24,True
1.03,0.01,1.01,0.2,0.1,1.0,0.0,3.97,-18.2,True
1.03,0.01,1.01,0.2,0.2,0.0,1.0,3.85,-23.81,True
1.03,0.01,1.01,0.2,0.2,0.25,0.75,4.07,-22.3,True
1.03,0.01,1.01,0.2,0.2,0.5,0.5,4.28,-20.71,True
1.03,0.01,1.01,0.2,0.2,0.75,0.25,4.47,-19.05,True
1.03,0.01,1.01,0.2,0.2,1.0,0.0,4.64,-17.33,True
1.03,0.01,1.01,0.2,0.3,0.0,1.0,4.61,-20.42,True
1.03,0.01,1.01,0.2,0.3,0.25,0.75,4.76,-19.42,True
1.03,0.01,1.01,0.2,0.3,0.5,0.5,4.92,-18.32,True
1.03,0.01,1.01,0.2,0.3,0.75,0.25,5.08,-17.13,True
1.03,0.01,1.01,0.2,0.3,1.0,0.0,5.23,-15.87,True
1.03,0.01,1.01,0.3,0.0,0.0,1.0,1.1,-32.5,True
1.03,0.01,1.01,0.3,0.0,0.25,0.75,1.51,-29.73,True
1.03,0.01,1.01,0.3,0.0,0.5,0.5,1.87,-26.9,True
1.03,0.01,1.01,0.3,0.0,0.75,0.25,2.2,-24.0,True
1.03,0.01,1.01,0.3,0.0,1.0,0.0,2.49,-21.03,True
1.03,0.01,1.01,0.3,0.1,0.0,1.0,2.2,-27.71,True
1.03,0.01,1.01,0.3,0.1,0.25,0.75,2.54,-25.31,True
1.03,0.01,1.01,0.3,0.1,0.5,0.5,2.85,-22.85,True
1.03,0.01,1.01,0.3,0.1,0.75,0.25,3.13,-20.32,True
1.03,0.01,1.01,0.3,0.1,1.0,0.0,3.39,-18.14,True
1.03,0.01,1.01,0.3,0.2,0.0,1.0,3.45,-22.76,True
1.03,0.01,1.01,0.3,0.2,0.25,0.75,3.66,-20.84,True
1.03,0.01,1.01,0.3,0.2,0.5,0.5,3.88,-19.26,True
1.03,0.01,1.01,0.3,0.2,0.75,0.25,4.08,-17.79,True
1.03,0.01,1.01,0.3,0.2,1.0,0.0,4.27,-16.25,True
1.03,0.01,1.01,0.3,0.3,0.0,1.0,4.54,-20.17,True
1.03,0.01,1.01,0.3,0.3,0.25,0.75,4.7,-19.14,True
1.03,0.01,1.01,0.3,0.3,0.5,0.5,4.85,-18.03,True
1.03,0.01,1.01,0.3,0.3,0.75,0.25,4.99,-16.84,True
1.03,0.01,1.01,0.3,0.3,1.0,0.0,5.13,-15.57,True
1.03,0.01,1.01,0.4,0.0,0.0,1.0,0.26,-34.36,True
1.03,0.01,1.01,0.4,0.0,0.25,0.75,0.74,-31.75,True
1.03,0.01,1.01,0.4,0.0,0.5,0.5,1.2,-29.08,True
1.03,0.01,1.01,0.4,0.0,0.75,0.25,1.61,-26.35,True
1.03,0.01,1.01,0.4,0.0,1.0,0.0,1.99,-23.56,True
1.03,0.01,1.01,0.4,0.1,0.0,1.0,1.89,-30.43,True
1.03,0.01,1.01,0.4,0.1,0.25,0.75,2.21,-28.07,True
1.03,0.01,1.01,0.4,0.1,0.5,0.5,2.53,-25.65,True
1.03,0.01,1.01,0.4,0.1,0.75,0.25,2.83,-23.16,True
1.03,0.01,1.01,0.4,0.1,1.0,0.0,3.11,-20.6,True
1.03,0.01,1.01,0.4,0.2,0.0,1.0,3.4,-24.35,True
1.03,0.01,1.01,0.4,0.2,0.25,0.75,3.6,-22.63,True
1.03,0.01,1.01,0.4,0.2,0.5,0.5,3.81,-20.79,True
1.03,0.01,1.01,0.4,0.2,0.75,0.25,4.01,-18.82,True
1.03,0.01,1.01,0.4,0.2,1.0,0.0,4.21,-16.73,True
1.03,0.01,1.01,0.4,0.3,0.0,1.0,4.47,-20.72,True
1.03,0.01,1.01,0.4,0.3,0.25,0.75,4.61,-19.7,True
1.03,0.01,1.01,0.4,0.3,0.5,0.5,4.77,-18.56,True
1.03,0.01,1.01,0.4,0.3,0.75,0.25,4.93,-17.33,True
1.03,0.01,1.01,0.4,0.3,1.0,0.0,5.09,-16.02,True
1.03,0.01,1.02,0.1,0.0,0.0,1.0,0.86,-21.25,True
1.03,0.01,1.02,0.1,0.0,0.25,0.75,1.12,-19.28,True
1.03,0.01,1.02,0.1,0.0,0.5,0.5,1.36,-17.28,True
1.03,0.01,1.02,0.1,0.0,0.75,0.25,1.59,-15.3,True
1.03,0.01,1.02,0.1,0.0,1.0,0.0,1.78,-13.59,True
1.03,0.01,1.02,0.1,0.1,0.0,1.0,2.52,-19.13,True
1.03,0.01,1.02,0.1,0.1,0.25,0.75,2.72,-17.77,True
1.03,0.01,1.02,0.1,0.1,0.5,0.5,2.91,-16.34,True
1.03,0.01,1.02,0.1,0.1,0.75,0.25,3.08,-14.89,True
1.03,0.01,1.02,0.1,0.1,1.0,0.0,3.24,-13.44,True
1.03,0.01,1.02,0.1,0.2,0.0,1.0,3.61,-19.44,True
1.03,0.01,1.02,0.1,0.2,0.25,0.75,3.78,-18.23,True
1.03,0.01,1.02,0.1,0.2,0.5,0.5,3.94,-17.04,True
1.03,0.01,1.02,0.1,0.2,0.75,0.25,4.09,-15.81,True
1.03,0.01,1.02,0.1,0.2,1.0,0.0,4.23,-14.55,True
1.03,0.01,1.02,0.1,0.3,0.0,1.0,4.52,-18.87,True
1.03,0.01,1.02,0.1,0.3,0.25,0.75,4.67,-17.93,True
1.03,0.01,1.02,0.1,0.3,0.5,0.5,4.81,-16.94,True
1.03,0.01,1.02,0.1,0.3,0.75,0.25,4.95,-15.91,True
1.03,0.01,1.02,0.1,0.3,1.0,0.0,5.07,-14.84,True
1.03,0.01,1.02,0.2,0.0,0.0,1.0,0.26,-26.69,True
1.03,0.01,1.02,0.2,0.0,0.25,0.75,0.65,-24.56,True
1.03,0.01,1.02,0.2,0.0,0.5,0.5,1.02,-22.38,True
1.03,0.01,1.02,0.2,0.0,0.75,0.25,1.36,-20.15,True
1.03,0.01,1.02,0.2,0.0,1.0,0.0,1.67,-17.87,True
1.03,0.01,1.02,0.2,0.1,0.0,1.0,1.9,-24.04,True
1.03,0.01,1.02,0.2,0.1,0.25,0.75,2.21,-22.41,True
1.03,0.01,1.02,0.2,0.1,0.5,0.5,2.49,-20.72,True
1.03,0.01,1.02,0.2,0.1,0.75,0.25,2.75,-18.96,True
1.03,0.01,1.02,0.2,0.1,1.0,0.0,2.99,-17.13,True
1.03,0.01,1.02,0.2,0.2,0.0,1.0,3.02,-20.93,True
1.03,0.01,1.02,0.2,0.2,0.25,0.75,3.25,-19.87,True
1.03,0.01,1.02,0.2,0.2,0.5,0.5,3.49,-18.71,True
1.03,0.01,1.02,0.2,0.2,0.75,0.25,3.73,-17.44,True
1.03,0.01,1.02,0.2,0.2,1.0,0.0,3.95,-16.07,True
1.03,0.01,1.02,0.2,0.3,0.0,1.0,4.2,-18.23,True
1.03,0.01,1.02,0.2,0.3,0.25,0.75,4.35,-17.39,True
1.03,0.01,1.02,0.2,0.3,0.5,0.5,4.49,-16.52,True
1.03,0.01,1.02,0.2,0.3,0.75,0.25,4.64,-15.57,True
1.03,0.01,1.02,0.2,0.3,1.0,0.0,4.79,-14.81,True
1.03,0.01,1.02,0.3,0.0,0.0,1.0,-0.47,-28.18,True
1.03,0.01,1.02,0.3,0.0,0.25,0.75,0.01,-25.93,True
1.03,0.01,1.02,0.3,0.0,0.5,0.5,0.46,-23.63,True
1.03,0.01,1.02,0.3,0.0,0.75,0.25,0.88,-21.26,True
1.03,0.01,1.02,0.3,0.0,1.0,0.0,1.27,-18.84,True
1.03,0.01,1.02,0.3,0.1,0.0,1.0,1.23,-23.36,True
1.03,0.01,1.02,0.3,0.1,0.25,0.75,1.56,-21.82,True
1.03,0.01,1.02,0.3,0.1,0.5,0.5,1.9,-20.26,True
1.03,0.01,1.02,0.3,0.1,0.75,0.25,2.24,-18.59,True
1.03,0.01,1.02,0.3,0.1,1.0,0.0,2.55,-16.84,True
1.03,0.01,1.02,0.3,0.2,0.0,1.0,2.92,-20.35,True
1.03,0.01,1.02,0.3,0.2,0.25,0.75,3.13,-19.21,True
1.03,0.01,1.02,0.3,0.2,0.5,0.5,3.34,-17.98,True
1.03,0.01,1.02,0.3,0.2,0.75,0.25,3.54,-16.68,True
1.03,0.01,1.02,0.3,0.2,1.0,0.0,3.74,-15.29,True
1.03,0.01,1.02,0.3,0.3,0.0,1.0,4.2,-18.85,True
1.03,0.01,1.02,0.3,0.3,0.25,0.75,4.34,-17.97,True
1.03,0.01,1.02,0.3,0.3,0.5,0.5,4.48,-17.03,True
1.03,0.01,1.02,0.3,0.3,0.75,0.25,4.62,-16.0,True
1.03,0.01,1.02,0.3,0.3,1.0,0.0,4.76,-14.89,True
1.03,0.01,1.02,0.4,0.0,0.0,1.0,-1.13,-29.87,True
1.03,0.01,1.02,0.4,0.0,0.25,0.75,-0.58,-27.52,True
1.03,0.01,1.02,0.4,0.0,0.5,0.5,-0.06,-25.14,True
1.03,0.01,1.02,0.4,0.0,0.75,0.25,0.43,-22.72,True
1.03,0.01,1.02,0.4,0.0,1.0,0.0,0.88,-20.26,True
1.03,0.01,1.02,0.4,0.1,0.0,1.0,1.17,-25.61,True
1.03,0.01,1.02,0.4,0.1,0.25,0.75,1.49,-23.54,True
1.03,0.01,1.02,0.4,0.1,0.5,0.5,1.8,-21.44,True
1.03,0.01,1.02,0.4,0.1,0.75,0.25,2.11,-19.28,True
1.03,0.01,1.02,0.4,0.1,1.0,0.0,2.41,-17.08,True
1.03,0.01,1.02,0.4,0.2,0.0,1.0,2.9,-20.98,True
1.03,0.01,1.02,0.4,0.2,0.25,0.75,3.1,-19.81,True
1.03,0.01,1.02,0.4,0.2,0.5,0.5,3.3,-18.55,True
1.03,0.01,1.02,0.4,0.2,0.75,0.25,3.51,-17.2,True
1.03,0.01,1.02,0.4,0.2,1.0,0.0,3.72,-15.76,True
1.03,0.01,1.02,0.4,0.3,0.0,1.0,4.2,-19.27,True
1.03,0.01,1.02,0.4,0.3,0.25,0.75,4.32,-18.48,True
1.03,0.01,1.02,0.4,0.3,0.5,0.5,4.45,-17.55,True
1.03,0.01,1.02,0.4,0.3,0.75,0.25,4.59,-16.51,True
1.03,0.01,1.02,0.4,0.3,1.0,0.0,4.73,-15.37,True
1.03,0.015,0.95,0.1,0.0,0.0,1.0,5.52,-28.85,True
1.03,0.015,0.95,0.1,0.0,0.25,0.75,5.55,-26.32,True
1.03,0.015,0.95,0.1,0.0,0.5,0.5,5.56,-23.73,True
1.03,0.015,0.95,0.1,0.0,0.75,0.25,5.54,-21.08,True
1.03,0.015,0.95,0.1,0.0,1.0,0.0,5.5,-18.39,True
1.03,0.015,0.95,0.1,0.1,0.0,1.0,6.64,-26.22,True
1.03,0.015,0.95,0.1,0.1,0.25,0.75,6.62,-23.97,True
1.03,0.015,0.95,0.1,0.1,0.5,0.5,6.59,-21.68,True
1.03,0.015,0.95,0.1,0.1,0.75,0.25,6.53,-19.33,True
1.03,0.015,0.95,0.1,0.1,1.0,0.0,6.45,-16.93,True
1.03,0.015,0.95,0.1,0.2,0.0,1.0,7.61,-23.83,True
1.03,0.015,0.95,0.1,0.2,0.25,0.75,7.55,-21.83,True
1.03,0.015,0.95,0.1,0.2,0.5,0.5,7.48,-19.78,True
1.03,0.015,0.95,0.1,0.2,0.75,0.25,7.39,-18.14,True
1.03,0.015,0.95,0.1,0.2,1.0,0.0,7.28,-16.63,True
1.03,0.015,0.95,0.1,0.3,0.0,1.0,8.38,-22.0,True
1.03,0.015,0.95,0.1,0.3,0.25,0.75,8.28,-20.9,True
1.03,0.015,0.95,0.1,0.3,0.5,0.5,8.18,-19.74,True
1.03,0.015,0.95,0.1,0.3,0.75,0.25,8.06,-18.49,True
1.03,0.015,0.95,0.1,0.3,1.0,0.0,7.93,-17.15,True
1.03,0.015,0.95,0.2,0.0,0.0,1.0,9.03,-27.67,True
1.03,0.015,0.95,0.2,0.0,0.25,0.75,8.89,-25.2,True
1.03,0.015,0.95,0.2,0.0,0.5,0.5,8.72,-22.63,True
1.03,0.015,0.95,0.2,0.0,0.75,0.25,8.51,-19.96,True
1.03,0.015,0.95,0.2,0.0,1.0,0.0,8.26,-17.19,True
1.03,0.015,0.95,0.2,0.1,0.0,1.0,9.08,-26.27,True
1.03,0.015,0.95,0.2,0.1,0.25,0.75,8.94,-23.96,True
1.03,0.015,0.95,0.2,0.1,0.5,0.5,8.78,-21.57,True
1.03,0.015,0.95,0.2,0.1,0.75,0.25,8.59,-19.08,True
1.03,0.015,0.95,0.2,0.1,1.0,0.0,8.37,-16.5,True
1.03,0.015,0.95,0.2,0.2,0.0,1.0,9.12,-24.76,True
1.03,0.015,0.95,0.2,0.2,0.25,0.75,8.99,-22.64,True
1.03,0.015,0.95,0.2,0.2,0.5,0.5,8.84,-20.43,True
1.03,0.015,0.95,0.2,0.2,0.75,0.25,8.66,-18.17,True
1.03,0.015,0.95,0.2,0.2,1.0,0.0,8.46,-16.36,True
1.03,0.015,0.95,0.2,0.3,0.0,1.0,9.2,-23.15,True
1.03,0.015,0.95,0.2,0.3,0.25,0.75,9.09,-21.2,True
1.03,0.015,0.95,0.2,0.3,0.5,0.5,8.95,-19.65,True
1.03,0.015,0.95,0.2,0.3,0.75,0.25,8.79,-18.3,True
1.03,0.015,0.95,0.2,0.3,1.0,0.0,8.61,-16.83,True
1.03,0.015,0.95,0.3,0.0,0.0,1.0,9.31,-28.88,True
1.03,0.015,0.95,0.3,0.0,0.25,0.75,9.18,-26.41,True
1.03,0.015,0.95,0.3,0.0,0.5,0.5,9.01,-23.81,True
1.03,0.015,0.95,0.3,0.0,0.75,0.25,8.81,-21.41,True
1.03,0.015,0.95,0.3,0.0,1.0,0.0,8.56,-19.14,True
1.03,0.015,0.95,0.3,0.1,0.0,1.0,9.43,-27.42,True
1.03,0.015,0.95,0.3,0.1,0.25,0.75,9.3,-25.09,True
1.03,0.015,0.95,0.3,0.1,0.5,0.5,9.14,-22.65,True
1.03,0.015,0.95,0.3,0.1,0.75,0.25,8.94,-20.07,True
1.03,0.015,0.95,0.3,0.1,1.0,0.0,8.7,-17.68,True
1.03,0.015,0.95,0.3,0.2,0.0,1.0,9.37,-25.68,True
1.03,0.015,0.95,0.3,0.2,0.25,0.75,9.25,-23.51,True
1.03,0.015,0.95,0.3,0.2,0.5,0.5,9.1,-21.23,True
1.03,0.015,0.95,0.3,0.2,0.75,0.25,8.92,-18.85,True
1.03,0.015,0.95,0.3,0.2,1.0,0.0,8.71,-16.5,True
1.03,0.015,0.95,0.3,0.3,0.0,1.0,9.29,-23.87,True
1.03,0.015,0.95,0.3,0.3,0.25,0.75,9.18,-21.86,True
1.03,0.015,0.95,0.3,0.3,0.5,0.5,9.05,-19.76,True
1.03,0.015,0.95,0.3,0.3,0.75,0.25,8.89,-18.26,True
1.03,0.015,0.95,0.3,0.3,1.0,0.0,8.71,-16.76,True
1.03,0.015,0.95,0.4,0.0,0.0,1.0,9.34,-29.09,True
1.03,0.015,0.95,0.4,0.0,0.25,0.75,9.23,-26.63,True
1.03,0.015,0.95,0.4,0.0,0.5,0.5,9.08,-24.02,True
1.03,0.015,0.95,0.4,0.0,0.75,0.25,8.89,-21.7,True
1.03,0.015,0.95,0.4,0.0,1.0,0.0,8.65,-19.4,True
1.03,0.015,0.95,0.4,0.1,0.0,1.0,9.27,-27.49,True
1.03,0.015,0.95,0.4,0.1,0.25,0.75,9.17,-25.15,True
1.03,0.015,0.95,0.4,0.1,0.5,0.5,9.03,-22.71,True
1.03,0.015,0.95,0.4,0.1,0.75,0.25,8.86,-20.51,True
1.03,0.015,0.95,0.4,0.1,1.0,0.0,8.64,-18.32,True
1.03,0.015,0.95,0.4,0.2,0.0,1.0,9.21,-25.82,True
1.03,0.015,0.95,0.4,0.2,0.25,0.75,9.12,-23.63,True
1.03,0.015,0.95,0.4,0.2,0.5,0.5,9.0,-21.37,True
1.03,0.015,0.95,0.4,0.2,0.75,0.25,8.84,-19.29,True
1.03,0.015,0.95,0.4,0.2,1.0,0.0,8.65,-17.23,True
1.03,0.015,0.95,0.4,0.3,0.0,1.0,9.17,-24.06,True
1.03,0.015,0.95,0.4,0.3,0.25,0.75,9.09,-22.02,True
1.03,0.015,0.95,0.4,0.3,0.5,0.5,8.99,-19.9,True
1.03,0.015,0.95,0.4,0.3,0.75,0.25,8.87,-18.25,True
1.03,0.015,0.95,0.4,0.3,1.0,0.0,8.71,-16.74,True
1.03,0.015,0.97,0.1,0.0,0.0,1.0,4.0,-20.93,True
1.03,0.015,0.97,0.1,0.0,0.25,0.75,4.04,-18.49,True
1.03,0.015,0.97,0.1,0.0,0.5,0.5,4.07,-16.02,True
1.03,0.015,0.97,0.1,0.0,0.75,0.25,4.07,-13.51,True
1.03,0.015,0.97,0.1,0.0,1.0,0.0,4.06,-10.96,True
1.03,0.015,0.97,0.1,0.1,0.0,1.0,5.85,-17.26,True
1.03,0.015,0.97,0.1,0.1,0.25,0.75,5.8,-15.0,True
1.03,0.015,0.97,0.1,0.1,0.5,0.5,5.74,-12.7,True
1.03,0.015,0.97,0.1,0.1,0.75,0.25,5.66,-10.38,True
1.03,0.015,0.97,0.1,0.1,1.0,0.0,5.57,-8.02,True
1.03,0.015,0.97,0.1,0.2,0.0,1.0,7.1,-13.59,True
1.03,0.015,0.97,0.1,0.2,0.25,0.75,7.01,-11.54,True
1.03,0.015,0.97,0.1,0.2,0.5,0.5,6.9,-10.72,True
1.03,0.015,0.97,0.1,0.2,0.75,0.25,6.77,-10.45,True
1.03,0.015,0.97,0.1,0.2,1.0,0.0,6.64,-10.19,True
1.03,0.015,0.97,0.1,0.3,0.0,1.0,7.78,-15.44,True
1.03,0.015,0.97,0.1,0.3,0.25,0.75,7.68,-15.12,True
1.03,0.015,0.97,0.1,0.3,0.5,0.5,7.58,-14.81,True
1.03,0.015,0.97,0.1,0.3,0.75,0.25,7.46,-14.5,True
1.03,0.015,0.97,0.1,0.3,1.0,0.0,7.33,-14.2,True
1.03,0.015,0.97,0.2,0.0,0.0,1.0,7.08,-23.47,True
1.03,0.015,0.97,0.2,0.0,0.25,0.75,7.01,-20.99,True
1.03,0.015,0.97,0.2,0.0,0.5,0.5,6.9,-18.5,True
1.03,0.015,0.97,0.2,0.0,0.75,0.25,6.76,-15.98,True
1.03,0.015,0.97,0.2,0.0,1.0,0.0,6.58,-13.43,True
1.03,0.015,0.97,0.2,0.1,0.0,1.0,7.4,-21.22,True
1.03,0.015,0.97,0.2,0.1,0.25,0.75,7.33,-18.9,True
1.03,0.015,0.97,0.2,0.1,0.5,0.5,7.23,-16.56,True
1.03,0.015,0.97,0.2,0.1,0.75,0.25,7.1,-14.21,True
1.03,0.015,0.97,0.2,0.1,1.0,0.0,6.94,-11.84,True
1.03,0.015,0.97,0.2,0.2,0.0,1.0,7.84,-18.5,True
1.03,0.015,0.97,0.2,0.2,0.25,0.75,7.75,-16.41,True
1.03,0.015,0.97,0.2,0.2,0.5,0.5,7.63,-14.31,True
1.03,0.015,0.97,0.2,0.2,0.75,0.25,7.5,-12.19,True
1.03,0.015,0.97,0.2,0.2,1.0,0.0,7.34,-10.42,True
1.03,0.015,0.97,0.2,0.3,0.0,1.0,8.17,-16.14,True
1.03,0.015,0.97,0.2,0.3,0.25,0.75,8.08,-15.74,True
1.03,0.015,0.97,0.2,0.3,0.5,0.5,7.97,-15.35,True
1.03,0.015,0.97,0.2,0.3,0.75,0.25,7.84,-14.97,True
1.03,0.015,0.97,0.2,0.3,1.0,0.0,7.69,-14.59,True
1.03,0.015,0.97,0.3,0.0,0.0,1.0,7.5,-26.07,True
1.03,0.015,0.97,0.3,0.0,0.25,0.75,7.43,-23.34,True
1.03,0.015,0.97,0.3,0.0,0.5,0.5,7.32,-20.59,True
1.03,0.015,0.97,0.3,0.0,0.75,0.25,7.17,-17.81,True
1.03,0.015,0.97,0.3,0.0,1.0,0.0,6.97,-15.01,True
1.03,0.015,0.97,0.3,0.1,0.0,1.0,7.88,-22.39,True
1.03,0.015,0.97,0.3,0.1,0.25,0.75,7.79,-19.99,True
1.03,0.015,0.97,0.3,0.1,0.5,0.5,7.68,-17.56,True
1.03,0.015,0.97,0.3,0.1,0.75,0.25,7.53,-15.11,True
1.03,0.015,0.97,0.3,0.1,1.0,0.0,7.34,-12.62,True
1.03,0.015,0.97,0.3,0.2,0.0,1.0,8.08,-18.67,True
1.03,0.015,0.97,0.3,0.2,0.25,0.75,8.0,-16.59,True
1.03,0.015,0.97,0.3,0.2,0.5,0.5,7.89,-14.48,True
1.03,0.015,0.97,0.3,0.2,0.75,0.25,7.75,-12.34,True
1.03,0.015,0.97,0.3,0.2,1.0,0.0,7.59,-10.31,True
1.03,0.015,0.97,0.3,0.3,0.0,1.0,8.26,-15.88,True
1.03,0.015,0.97,0.3,0.3,0.25,0.75,8.19,-15.49,True
1.03,0.015,0.97,0.3,0.3,0.5,0.5,8.09,-15.12,True
1.03,0.015,0.97,0.3,0.3,0.75,0.25,7.96,-14.75,True
1.03,0.015,0.97,0.3,0.3,1.0,0.0,7.81,-14.4,True
1.03,0.015,0.97,0.4,0.0,0.0,1.0,7.73,-26.24,True
1.03,0.015,0.97,0.4,0.0,0.25,0.75,7.66,-23.5,True
1.03,0.015,0.97,0.4,0.0,0.5,0.5,7.55,-20.72,True
1.03,0.015,0.97,0.4,0.0,0.75,0.25,7.39,-17.91,True
1.03,0.015,0.97,0.4,0.0,1.0,0.0,7.19,-15.08,True
1.03,0.015,0.97,0.4,0.1,0.0,1.0,7.94,-22.36,True
1.03,0.015,0.97,0.4,0.1,0.25,0.75,7.87,-19.94,True
1.03,0.015,0.97,0.4,0.1,0.5,0.5,7.76,-17.5,True
1.03,0.015,0.97,0.4,0.1,0.75,0.25,7.62,-15.02,True
1.03,0.015,0.97,0.4,0.1,1.0,0.0,7.44,-12.53,True
1.03,0.015,0.97,0.4,0.2,0.0,1.0,8.12,-18.68,True
1.03,0.015,0.97,0.4,0.2,0.25,0.75,8.07,-16.57,True
1.03,0.015,0.97,0.4,0.2,0.5,0.5,7.98,-14.43,True
1.03,0.015,0.97,0.4,0.2,0.75,0.25,7.86,-12.28,True
1.03,0.015,0.97,0.4,0.2,1.0,0.0,7.7,-10.18,True
1.03,0.015,0.97,0.4,0.3,0.0,1.0,8.29,-15.59,True
1.03,0.015,0.97,0.4,0.3,0.25,0.75,8.24,-15.24,True
1.03,0.015,0.97,0.4,0.3,0.5,0.5,8.16,-14.89,True
1.03,0.015,0.97,0.4,0.3,0.75,0.25,8.05,-14.55,True
1.03,0.015,0.97,0.4,0.3,1.0,0.0,7.91,-14.21,True
1.03,0.015,0.99,0.1,0.0,0.0,1.0,4.87,-20.7,True
1.03,0.015,0.99,0.1,0.0,0.25,0.75,4.79,-18.61,True
1.03,0.015,0.99,0.1,0.0,0.5,0.5,4.68,-16.56,True
1.03,0.015,0.99,0.1,0.0,0.75,0.25,4.55,-14.86,True
1.03,0.015,0.99,0.1,0.0,1.0,0.0,4.4,-13.15,True
1.03,0.015,0.99,0.1,0.1,0.0,1.0,6.33,-19.21,True
1.03,0.015,0.99,0.1,0.1,0.25,0.75,6.2,-17.55,True
1.03,0.015,0.99,0.1,0.1,0.5,0.5,6.05,-15.87,True
1.03,0.015,0.99,0.1,0.1,0.75,0.25,5.89,-14.17,True
1.03,0.015,0.99,0.1,0.1,1.0,0.0,5.7,-12.46,True
1.03,0.015,0.99,0.1,0.2,0.0,1.0,7.26,-18.55,True
1.03,0.015,0.99,0.1,0.2,0.25,0.75,7.13,-16.89,True
1.03,0.015,0.99,0.1,0.2,0.5,0.5,6.97,-15.21,True
1.03,0.015,0.99,0.1,0.2,0.75,0.25,6.79,-13.51,True
1.03,0.015,0.99,0.1,0.2,1.0,0.0,6.6,-11.8,True
1.03,0.015,0.99,0.1,0.3,0.0,1.0,7.6,-18.2,True
1.03,0.015,0.99,0.1,0.3,0.25,0.75,7.51,-17.66,True
1.03,0.015,0.99,0.1,0.3,0.5,0.5,7.39,-17.13,True
1.03,0.015,0.99,0.1,0.3,0.75,0.25,7.26,-16.61,True
1.03,0.015,0.99,0.1,0.3,1.0,0.0,7.11,-16.1,True
1.03,0.015,0.99,0.2,0.0,0.0,1.0,6.59,-34.48,True
1.03,0.015,0.99,0.2,0.0,0.25,0.75,6.5,-31.73,True
1.03,0.015,0.99,0.2,0.0,0.5,0.5,6.37,-28.92,True
1.03,0.015,0.99,0.2,0.0,0.75,0.25,6.19,-26.05,True
1.03,0.015,0.99,0.2,0.0,1.0,0.0,5.98,-23.12,True
1.03,0.015,0.99,0.2,0.1,0.0,1.0,7.15,-30.58,True
1.03,0.015,0.99,0.2,0.1,0.25,0.75,7.03,-28.07,True
1.03,0.015,0.99,0.2,0.1,0.5,0.5,6.89,-25.51,True
1.03,0.015,0.99,0.2,0.1,0.75,0.25,6.72,-22.9,True
1.03,0.015,0.99,0.2,0.1,1.0,0.0,6.51,-20.23,True
1.03,0.015,0.99,0.2,0.2,0.0,1.0,7.65,-26.41,True
1.03,0.015,0.99,0.2,0.2,0.25,0.75,7.54,-24.19,True
1.03,0.015,0.99,0.2,0.2,0.5,0.5,7.4,-21.92,True
1.03,0.015,0.99,0.2,0.2,0.75,0.25,7.22,-19.6,True
1.03,0.015,0.99,0.2,0.2,1.0,0.0,7.02,-17.23,True
1.03,0.015,0.99,0.2,0.3,0.0,1.0,7.9,-21.97,True
1.03,0.015,0.99,0.2,0.3,0.25,0.75,7.8,-20.1,True
1.03,0.015,0.99,0.2,0.3,0.5,0.5,7.68,-18.17,True
1.03,0.015,0.99,0.2,0.3,0.75,0.25,7.53,-16.93,True
1.03,0.015,0.99,0.2,0.3,1.0,0.0,7.37,-16.39,True
1.03,0.015,0.99,0.3,0.0,0.0,1.0,7.04,-36.65,True
1.03,0.015,0.99,0.3,0.0,0.25,0.75,6.95,-33.72,True
1.03,0.015,0.99,0.3,0.0,0.5,0.5,6.81,-30.71,True
1.03,0.015,0.99,0.3,0.0,0.75,0.25,6.63,-27.64,True
1.03,0.015,0.99,0.3,0.0,1.0,0.0,6.4,-24.5,True
1.03,0.015,0.99,0.3,0.1,0.0,1.0,7.47,-31.54,True
1.03,0.015,0.99,0.3,0.1,0.25,0.75,7.37,-28.98,True
1.03,0.015,0.99,0.3,0.1,0.5,0.5,7.24,-26.35,True
1.03,0.015,0.99,0.3,0.1,0.75,0.25,7.06,-23.66,True
1.03,0.015,0.99,0.3,0.1,1.0,0.0,6.85,-20.89,True
1.03,0.015,0.99,0.3,0.2,0.0,1.0,7.76,-26.48,True
1.03,0.015,0.99,0.3,0.2,0.25,0.75,7.65,-24.28,True
1.03,0.015,0.99,0.3,0.2,0.5,0.5,7.52,-22.02,True
1.03,0.015,0.99,0.3,0.2,0.75,0.25,7.36,-19.69,True
1.03,0.015,0.99,0.3,0.2,1.0,0.0,7.17,-17.31,True
1.03,0.015,0.99,0.3,0.3,0.0,1.0,7.85,-21.67,True
1.03,0.015,0.99,0.3,0.3,0.25,0.75,7.8,-19.8,True
1.03,0.015,0.99,0.3,0.3,0.5,0.5,7.72,-17.88,True
1.03,0.015,0.99,0.3,0.3,0.75,0.25,7.61,-16.64,True
1.03,0.015,0.99,0.3,0.3,1.0,0.0,7.46,-16.1,True
1.03,0.015,0.99,0.4,0.0,0.0,1.0,7.22,-36.8,True
1.03,0.015,0.99,0.4,0.0,0.25,0.75,7.14,-33.85,True
1.03,0.015,0.99,0.4,0.0,0.5,0.5,7.01,-30.83,True
1.03,0.015,0.99,0.4,0.0,0.75,0.25,6.83,-27.73,True
1.03,0.015,0.99,0.4,0.0,1.0,0.0,6.6,-24.56,True
1.03,0.015,0.99,0.4,0.1,0.0,1.0,7.52,-31.45,True
1.03,0.015,0.99,0.4,0.1,0.25,0.75,7.44,-28.89,True
1.03,0.015,0.99,0.4,0.1,0.5,0.5,7.31,-26.26,True
1.03,0.015,0.99,0.4,0.1,0.75,0.25,7.15,-23.56,True
1.03,0.015,0.99,0.4,0.1,1.0,0.0,6.94,-20.79,True
1.03,0.015,0.99,0.4,0.2,0.0,1.0,7.66,-26.33,True
1.03,0.015,0.99,0.4,0.2,0.25,0.75,7.61,-24.13,True
1.03,0.015,0.99,0.4,0.2,0.5,0.5,7.52,-21.88,True
1.03,0.015,0.99,0.4,0.2,0.75,0.25,7.39,-19.55,True
1.03,0.015,0.99,0.4,0.2,1.0,0.0,7.23,-17.21,True
1.03,0.015,0.99,0.4,0.3,0.0,1.0,7.79,-21.13,True
1.03,0.015,0.99,0.4,0.3,0.25,0.75,7.75,-19.31,True
1.03,0.015,0.99,0.4,0.3,0.5,0.5,7.68,-17.43,True
1.03,0.015,0.99,0.4,0.3,0.75,0.25,7.59,-16.57,True
1.03,0.015,0.99,0.4,0.3,1.0,0.0,7.45,-15.99,True
1.03,0.015,1.0,0.1,0.0,0.0,1.0,1.22,-20.68,True
1.03,0.015,1.0,0.1,0.0,0.25,0.75,1.38,-18.58,True
1.03,0.015,1.0,0.1,0.0,0.5,0.5,1.54,-16.46,True
1.03,0.015,1.0,0.1,0.0,0.75,0.25,1.69,-14.3,True
1.03,0.015,1.0,0.1,0.0,1.0,0.0,1.82,-12.1,True
1.03,0.015,1.0,0.1,0.1,0.0,1.0,3.25,-17.13,True
1.03,0.015,1.0,0.1,0.1,0.25,0.75,3.35,-15.18,True
1.03,0.015,1.0,0.1,0.1,0.5,0.5,3.44,-13.2,True
1.03,0.015,1.0,0.1,0.1,0.75,0.25,3.52,-11.32,True
1.03,0.015,1.0,0.1,0.1,1.0,0.0,3.59,-9.85,True
1.03,0.015,1.0,0.1,0.2,0.0,1.0,4.55,-15.0,True
1.03,0.015,1.0,0.1,0.2,0.25,0.75,4.61,-13.56,True
1.03,0.015,1.0,0.1,0.2,0.5,0.5,4.67,-12.12,True
1.03,0.015,1.0,0.1,0.2,0.75,0.25,4.72,-11.11,True
1.03,0.015,1.0,0.1,0.2,1.0,0.0,4.76,-10.8,True
1.03,0.015,1.0,0.1,0.3,0.0,1.0,5.55,-16.96,True
1.03,0.015,1.0,0.1,0.3,0.25,0.75,5.6,-16.53,True
1.03,0.015,1.0,0.1,0.3,0.5,0.5,5.65,-16.11,True
1.03,0.015,1.0,0.1,0.3,0.75,0.25,5.68,-15.69,True
1.03,0.015,1.0,0.1,0.3,1.0,0.0,5.71,-15.29,True
1.03,0.015,1.0,0.2,0.0,0.0,1.0,2.78,-28.65,True
1.03,0.015,1.0,0.2,0.0,0.25,0.75,2.92,-26.22,True
1.03,0.015,1.0,0.2,0.0,0.5,0.5,3.05,-23.74,True
1.03,0.015,1.0,0.2,0.0,0.75,0.25,3.15,-21.22,True
1.03,0.015,1.0,0.2,0.0,1.0,0.0,3.23,-18.65,True
1.03,0.015,1.0,0.2,0.1,0.0,1.0,4.11,-25.48,True
1.03,0.015,1.0,0.2,0.1,0.25,0.75,4.21,-23.24,True
1.03,0.015,1.0,0.2,0.1,0.5,0.5,4.29,-20.97,True
1.03,0.015,1.0,0.2,0.1,0.75,0.25,4.36,-18.66,True
1.03,0.015,1.0,0.2,0.1,1.0,0.0,4.4,-16.31,True
1.03,0.015,1.0,0.2,0.2,0.0,1.0,5.28,-22.03,True
1.03,0.015,1.0,0.2,0.2,0.25,0.75,5.33,-20.04,True
1.03,0.015,1.0,0.2,0.2,0.5,0.5,5.37,-18.01,True
1.03,0.015,1.0,0.2,0.2,0.75,0.25,5.4,-15.95,True
1.03,0.015,1.0,0.2,0.2,1.0,0.0,5.41,-13.85,True
1.03,0.015,1.0,0.2,0.3,0.0,1.0,6.06,-18.31,True
1.03,0.015,1.0,0.2,0.3,0.25,0.75,6.1,-16.87,True
1.03,0.015,1.0,0.2,0.3,0.5,0.5,6.13,-16.42,True
1.03,0.015,1.0,0.2,0.3,0.75,0.25,6.14,-15.98,True
1.03,0.015,1.0,0.2,0.3,1.0,0.0,6.13,-15.53,True
1.03,0.015,1.0,0.3,0.0,0.0,1.0,3.7,-30.97,True
1.03,0.015,1.0,0.3,0.0,0.25,0.75,3.81,-28.33,True
1.03,0.015,1.0,0.3,0.0,0.5,0.5,3.9,-25.64,True
1.03,0.015,1.0,0.3,0.0,0.75,0.25,3.96,-22.89,True
1.03,0.015,1.0,0.3,0.0,1.0,0.0,3.99,-20.1,True
1.03,0.015,1.0,0.3,0.1,0.0,1.0,4.81,-26.57,True
1.03,0.015,1.0,0.3,0.1,0.25,0.75,4.89,-24.27,True
1.03,0.015,1.0,0.3,0.1,0.5,0.5,4.94,-21.91,True
1.03,0.015,1.0,0.3,0.1,0.75,0.25,4.97,-19.5,True
1.03,0.015,1.0,0.3,0.1,1.0,0.0,4.98,-17.04,True
1.03,0.015,1.0,0.3,0.2,0.0,1.0,5.52,-22.19,True
1.03,0.015,1.0,0.3,0.2,0.25,0.75,5.58,-20.2,True
1.03,0.015,1.0,0.3,0.2,0.5,0.5,5.62,-18.17,True
1.03,0.015,1.0,0.3,0.2,0.75,0.25,5.64,-16.09,True
1.03,0.015,1.0,0.3,0.2,1.0,0.0,5.64,-13.97,True
1.03,0.015,1.0,0.3,0.3,0.0,1.0,6.05,-18.01,True
1.03,0.015,1.0,0.3,0.3,0.25,0.75,6.12,-16.55,True
1.03,0.015,1.0,0.3,0.3,0.5,0.5,6.16,-16.11,True
1.03,0.015,1.0,0.3,0.3,0.75,0.25,6.19,-15.67,True
1.03,0.015,1.0,0.3,0.3,1.0,0.0,6.2,-15.24,True
1.03,0.015,1.0,0.4,0.0,0.0,1.0,4.03,-31.13,True
1.03,0.015,1.0,0.4,0.0,0.25,0.75,4.15,-28.48,True
1.03,0.015,1.0,0.4,0.0,0.5,0.5,4.24,-25.76,True
1.03,0.015,1.0,0.4,0.0,0.75,0.25,4.29,-22.99,True
1.03,0.015,1.0,0.4,0.0,1.0,0.0,4.31,-20.16,True
1.03,0.015,1.0,0.4,0.1,0.0,1.0,4.85,-26.5,True
1.03,0.015,1.0,0.4,0.1,0.25,0.75,4.94,-24.19,True
1.03,0.015,1.0,0.4,0.1,0.5,0.5,5.01,-21.83,True
1.03,0.015,1.0,0.4,0.1,0.75,0.25,5.05,-19.41,True
1.03,0.015,1.0,0.4,0.1,1.0,0.0,5.06,-16.94,True
1.03,0.015,1.0,0.4,0.2,0.0,1.0,5.42,-22.04,True
1.03,0.015,1.0,0.4,0.2,0.25,0.75,5.51,-20.06,True
1.03,0.015,1.0,0.4,0.2,0.5,0.5,5.58,-18.03,True
1.03,0.015,1.0,0.4,0.2,0.75,0.25,5.63,-15.95,True
1.03,0.015,1.0,0.4,0.2,1.0,0.0,5.65,-13.86,True
1.03,0.015,1.0,0.4,0.3,0.0,1.0,5.88,-17.47,True
1.03,0.015,1.0,0.4,0.3,0.25,0.75,5.96,-16.47,True
1.03,0.015,1.0,0.4,0.3,0.5,0.5,6.03,-16.04,True
1.03,0.015,1.0,0.4,0.3,0.75,0.25,6.08,-15.61,True
1.03,0.015,1.0,0.4,0.3,1.0,0.0,6.11,-15.13,True
1.03,0.015,1.01,0.1,0.0,0.0,1.0,2.42,-15.86,True
1.03,0.015,1.01,0.1,0.0,0.25,0.75,2.48,-14.1,True
1.03,0.015,1.01,0.1,0.0,0.5,0.5,2.53,-12.3,True
1.03,0.015,1.01,0.1,0.0,0.75,0.25,2.57,-10.48,True
1.03,0.015,1.01,0.1,0.0,1.0,0.0,2.59,-9.04,True
1.03,0.015,1.01,0.1,0.1,0.0,1.0,4.05,-13.58,True
1.03,0.015,1.01,0.1,0.1,0.25,0.75,4.08,-12.29,True
1.03,0.015,1.01,0.1,0.1,0.5,0.5,4.1,-10.99,True
1.03,0.015,1.01,0.1,0.1,0.75,0.25,4.12,-9.68,True
1.03,0.015,1.01,0.1,0.1,1.0,0.0,4.12,-8.36,True
1.03,0.015,1.01,0.1,0.2,0.0,1.0,5.16,-12.92,True
1.03,0.015,1.01,0.1,0.2,0.25,0.75,5.17,-11.64,True
1.03,0.015,1.01,0.1,0.2,0.5,0.5,5.17,-10.9,True
1.03,0.015,1.01,0.1,0.2,0.75,0.25,5.17,-10.63,True
1.03,0.015,1.01,0.1,0.2,1.0,0.0,5.16,-10.36,True
1.03,0.015,1.01,0.1,0.3,0.0,1.0,5.97,-16.18,True
1.03,0.015,1.01,0.1,0.3,0.25,0.75,5.98,-15.8,True
1.03,0.015,1.01,0.1,0.3,0.5,0.5,5.98,-15.44,True
1.03,0.015,1.01,0.1,0.3,0.75,0.25,5.98,-15.08,True
1.03,0.015,1.01,0.1,0.3,1.0,0.0,5.97,-14.73,True
1.03,0.015,1.01,0.2,0.0,0.0,1.0,3.62,-25.52,True
1.03,0.015,1.01,0.2,0.0,0.25,0.75,3.69,-23.28,True
1.03,0.015,1.01,0.2,0.0,0.5,0.5,3.73,-20.99,True
1.03,0.015,1.01,0.2,0.0,0.75,0.25,3.75,-18.68,True
1.03,0.015,1.01,0.2,0.0,1.0,0.0,3.75,-16.32,True
1.03,0.015,1.01,0.2,0.1,0.0,1.0,4.68,-22.83,True
1.03,0.015,1.01,0.2,0.1,0.25,0.75,4.72,-20.75,True
1.03,0.015,1.01,0.2,0.1,0.5,0.5,4.75,-18.63,True
1.03,0.015,1.01,0.2,0.1,0.75,0.25,4.75,-16.49,True
1.03,0.015,1.01,0.2,0.1,1.0,0.0,4.74,-14.31,True
1.03,0.015,1.01,0.2,0.2,0.0,1.0,5.52,-19.84,True
1.03,0.015,1.01,0.2,0.2,0.25,0.75,5.55,-17.97,True
1.03,0.015,1.01,0.2,0.2,0.5,0.5,5.57,-16.07,True
1.03,0.015,1.01,0.2,0.2,0.75,0.25,5.57,-14.14,True
1.03,0.015,1.01,0.2,0.2,1.0,0.0,5.56,-12.18,True
1.03,0.015,1.01,0.2,0.3,0.0,1.0,6.06,-16.57,True
1.03,0.015,1.01,0.2,0.3,0.25,0.75,6.11,-16.15,True
1.03,0.015,1.01,0.2,0.3,0.5,0.5,6.14,-15.75,True
1.03,0.015,1.01,0.2,0.3,0.75,0.25,6.16,-15.36,True
1.03,0.015,1.01,0.2,0.3,1.0,0.0,6.16,-14.95,True
1.03,0.015,1.01,0.3,0.0,0.0,1.0,4.04,-27.95,True
1.03,0.015,1.01,0.3,0.0,0.25,0.75,4.12,-25.47,True
1.03,0.015,1.01,0.3,0.0,0.5,0.5,4.17,-22.96,True
1.03,0.015,1.01,0.3,0.0,0.75,0.25,4.18,-20.4,True
1.03,0.015,1.01,0.3,0.0,1.0,0.0,4.17,-17.81,True
1.03,0.015,1.01,0.3,0.1,0.0,1.0,4.78,-24.02,True
1.03,0.015,1.01,0.3,0.1,0.25,0.75,4.86,-21.85,True
1.03,0.015,1.01,0.3,0.1,0.5,0.5,4.91,-19.64,True
1.03,0.015,1.01,0.3,0.1,0.75,0.25,4.94,-17.39,True
1.03,0.015,1.01,0.3,0.1,1.0,0.0,4.94,-15.11,True
1.03,0.015,1.01,0.3,0.2,0.0,1.0,5.22,-20.07,True
1.03,0.015,1.01,0.3,0.2,0.25,0.75,5.32,-18.19,True
1.03,0.015,1.01,0.3,0.2,0.5,0.5,5.4,-16.28,True
1.03,0.015,1.01,0.3,0.2,0.75,0.25,5.45,-14.35,True
1.03,0.015,1.01,0.3,0.2,1.0,0.0,5.47,-12.38,True
1.03,0.015,1.01,0.3,0.3,0.0,1.0,5.69,-16.98,True
1.03,0.015,1.01,0.3,0.3,0.25,0.75,5.78,-16.0,True
1.03,0.015,1.01,0.3,0.3,0.5,0.5,5.85,-15.34,True
1.03,0.015,1.01,0.3,0.3,0.75,0.25,5.91,-14.91,True
1.03,0.015,1.01,0.3,0.3,1.0,0.0,5.95,-14.49,True
1.03,0.015,1.01,0.4,0.0,0.0,1.0,3.8,-28.11,True
1.03,0.015,1.01,0.4,0.0,0.25,0.75,3.92,-25.62,True
1.03,0.015,1.01,0.4,0.0,0.5,0.5,4.01,-23.09,True
1.03,0.015,1.01,0.4,0.0,0.75,0.25,4.07,-20.5,True
1.03,0.015,1.01,0.4,0.0,1.0,0.0,4.09,-17.87,True
1.03,0.015,1.01,0.4,0.1,0.0,1.0,4.33,-23.97,True
1.03,0.015,1.01,0.4,0.1,0.25,0.75,4.46,-21.8,True
1.03,0.015,1.01,0.4,0.1,0.5,0.5,4.57,-19.59,True
1.03,0.015,1.01,0.4,0.1,0.75,0.25,4.65,-17.34,True
1.03,0.015,1.01,0.4,0.1,1.0,0.0,4.69,-15.04,True
1.03,0.015,1.01,0.4,0.2,0.0,1.0,4.94,-20.0,True
1.03,0.015,1.01,0.4,0.2,0.25,0.75,5.06,-18.16,True
1.03,0.015,1.01,0.4,0.2,0.5,0.5,5.16,-16.26,True
1.03,0.015,1.01,0.4,0.2,0.75,0.25,5.23,-14.73,True
1.03,0.015,1.01,0.4,0.2,1.0,0.0,5.29,-13.44,True
1.03,0.015,1.01,0.4,0.3,0.0,1.0,5.48,-18.19,True
1.03,0.015,1.01,0.4,0.3,0.25,0.75,5.58,-17.12,True
1.03,0.015,1.01,0.4,0.3,0.5,0.5,5.67,-16.03,True
1.03,0.015,1.01,0.4,0.3,0.75,0.25,5.75,-14.92,True
1.03,0.015,1.01,0.4,0.3,1.0,0.0,5.81,-14.36,True
1.03,0.015,1.02,0.1,0.0,0.0,1.0,1.78,-15.86,True
1.03,0.015,1.02,0.1,0.0,0.25,0.75,1.86,-14.1,True
1.03,0.015,1.02,0.1,0.0,0.5,0.5,1.93,-12.3,True
1.03,0.015,1.02,0.1,0.0,0.75,0.25,1.99,-10.48,True
1.03,0.015,1.02,0.1,0.0,1.0,0.0,2.04,-8.63,True
1.03,0.015,1.02,0.1,0.1,0.0,1.0,3.48,-12.66,True
1.03,0.015,1.02,0.1,0.1,0.25,0.75,3.53,-11.02,True
1.03,0.015,1.02,0.1,0.1,0.5,0.5,3.58,-9.35,True
1.03,0.015,1.02,0.1,0.1,0.75,0.25,3.61,-7.99,True
1.03,0.015,1.02,0.1,0.1,1.0,0.0,3.64,-6.88,True
1.03,0.015,1.02,0.1,0.2,0.0,1.0,4.56,-11.55,True
1.03,0.015,1.02,0.1,0.2,0.25,0.75,4.6,-11.27,True
1.03,0.015,1.02,0.1,0.2,0.5,0.5,4.64,-11.0,True
1.03,0.015,1.02,0.1,0.2,0.75,0.25,4.68,-10.74,True
1.03,0.015,1.02,0.1,0.2,1.0,0.0,4.7,-10.49,True
1.03,0.015,1.02,0.1,0.3,0.0,1.0,5.36,-16.25,True
1.03,0.015,1.02,0.1,0.3,0.25,0.75,5.42,-15.92,True
1.03,0.015,1.02,0.1,0.3,0.5,0.5,5.46,-15.59,True
1.03,0.015,1.02,0.1,0.3,0.75,0.25,5.49,-15.27,True
1.03,0.015,1.02,0.1,0.3,1.0,0.0,5.52,-14.95,True
1.03,0.015,1.02,0.2,0.0,0.0,1.0,2.23,-20.13,True
1.03,0.015,1.02,0.2,0.0,0.25,0.75,2.37,-18.23,True
1.03,0.015,1.02,0.2,0.0,0.5,0.5,2.48,-16.31,True
1.03,0.015,1.02,0.2,0.0,0.75,0.25,2.58,-14.36,True
1.03,0.015,1.02,0.2,0.0,1.0,0.0,2.65,-12.39,True
1.03,0.015,1.02,0.2,0.1,0.0,1.0,3.5,-18.05,True
1.03,0.015,1.02,0.2,0.1,0.25,0.75,3.61,-16.28,True
1.03,0.015,1.02,0.2,0.1,0.5,0.5,3.71,-14.49,True
1.03,0.015,1.02,0.2,0.1,0.75,0.25,3.79,-12.67,True
1.03,0.015,1.02,0.2,0.1,1.0,0.0,3.85,-10.83,True
1.03,0.015,1.02,0.2,0.2,0.0,1.0,4.36,-15.72,True
1.03,0.015,1.02,0.2,0.2,0.25,0.75,4.47,-14.11,True
1.03,0.015,1.02,0.2,0.2,0.5,0.5,4.57,-12.49,True
1.03,0.015,1.02,0.2,0.2,0.75,0.25,4.65,-11.47,True
1.03,0.015,1.02,0.2,0.2,1.0,0.0,4.72,-10.75,True
1.03,0.015,1.02,0.2,0.3,0.0,1.0,5.01,-16.17,True
1.03,0.015,1.02,0.2,0.3,0.25,0.75,5.14,-15.84,True
1.03,0.015,1.02,0.2,0.3,0.5,0.5,5.24,-15.51,True
1.03,0.015,1.02,0.2,0.3,0.75,0.25,5.34,-15.19,True
1.03,0.015,1.02,0.2,0.3,1.0,0.0,5.41,-14.85,True
1.03,0.015,1.02,0.3,0.0,0.0,1.0,2.15,-22.67,True
1.03,0.015,1.02,0.3,0.0,0.25,0.75,2.34,-20.52,True
1.03,0.015,1.02,0.3,0.0,0.5,0.5,2.5,-18.35,True
1.03,0.015,1.02,0.3,0.0,0.75,0.25,2.63,-16.15,True
1.03,0.015,1.02,0.3,0.0,1.0,0.0,2.74,-13.92,True
1.03,0.015,1.02,0.3,0.1,0.0,1.0,3.2,-19.4,True
1.03,0.015,1.02,0.3,0.1,0.25,0.75,3.37,-17.52,True
1.03,0.015,1.02,0.3,0.1,0.5,0.5,3.52,-15.6,True
1.03,0.015,1.02,0.3,0.1,0.75,0.25,3.65,-13.66,True
1.03,0.015,1.02,0.3,0.1,1.0,0.0,3.75,-11.69,True
1.03,0.015,1.02,0.3,0.2,0.0,1.0,4.04,-16.2,True
1.03,0.015,1.02,0.3,0.2,0.25,0.75,4.2,-15.25,True
1.03,0.015,1.02,0.3,0.2,0.5,0.5,4.34,-14.27,True
1.03,0.015,1.02,0.3,0.2,0.75,0.25,4.46,-13.26,True
1.03,0.015,1.02,0.3,0.2,1.0,0.0,4.56,-12.22,True
1.03,0.015,1.02,0.3,0.3,0.0,1.0,4.85,-16.08,True
1.03,0.015,1.02,0.3,0.3,0.25,0.75,4.97,-15.29,True
1.03,0.015,1.02,0.3,0.3,0.5,0.5,5.09,-14.87,True
1.03,0.015,1.02,0.3,0.3,0.75,0.25,5.19,-14.54,True
1.03,0.015,1.02,0.3,0.3,1.0,0.0,5.29,-14.22,True
1.03,0.015,1.02,0.4,0.0,0.0,1.0,1.76,-22.85,True
1.03,0.015,1.02,0.4,0.0,0.25,0.75,2.01,-20.69,True
1.03,0.015,1.02,0.4,0.0,0.5,0.5,2.22,-18.49,True
1.03,0.015,1.02,0.4,0.0,0.75,0.25,2.41,-16.26,True
1.03,0.015,1.02,0.4,0.0,1.0,0.0,2.56,-13.99,True
1.03,0.015,1.02,0.4,0.1,0.0,1.0,2.87,-19.36,True
1.03,0.015,1.02,0.4,0.1,0.25,0.75,3.08,-17.47,True
1.03,0.015,1.02,0.4,0.1,0.5,0.5,3.27,-15.56,True
1.03,0.015,1.02,0.4,0.1,0.75,0.25,3.43,-13.72,True
1.03,0.015,1.02,0.4,0.1,1.0,0.0,3.57,-12.37,True
1.03,0.015,1.02,0.4,0.2,0.0,1.0,3.86,-17.43,True
1.03,0.015,1.02,0.4,0.2,0.25,0.75,4.02,-16.39,True
1.03,0.015,1.02,0.4,0.2,0.5,0.5,4.18,-15.31,True
1.03,0.015,1.02,0.4,0.2,0.75,0.25,4.32,-14.2,True
1.03,0.015,1.02,0.4,0.2,1.0,0.0,4.44,-13.05,True
1.03,0.015,1.02,0.4,0.3,0.0,1.0,4.76,-17.25,True
1.03,0.015,1.02,0.4,0.3,0.25,0.75,4.87,-16.35,True
1.03,0.015,1.02,0.4,0.3,0.5,0.5,4.98,-15.47,True
1.03,0.015,1.02,0.4,0.3,0.75,0.25,5.08,-14.55,True
1.03,0.015,1.02,0.4,0.3,1.0,0.0,5.18,-13.93,True
1.03,0.02,0.95,0.1,0.0,0.0,1.0,0.28,-25.01,True
1.03,0.02,0.95,0.1,0.0,0.25,0.75,0.52,-22.67,True
1.03,0.02,0.95,0.1,0.0,0.5,0.5,0.75,-20.2,True
1.03,0.02,0.95,0.1,0.0,0.75,0.25,0.96,-17.59,True
1.03,0.02,0.95,0.1,0.0,1.0,0.0,1.16,-15.13,True
1.03,0.02,0.95,0.1,0.1,0.0,1.0,2.62,-22.23,True
1.03,0.02,0.95,0.1,0.1,0.25,0.75,2.75,-20.81,True
1.03,0.02,0.95,0.1,0.1,0.5,0.5,2.88,-19.55,True
1.03,0.02,0.95,0.1,0.1,0.75,0.25,3.01,-18.2,True
1.03,0.02,0.95,0.1,0.1,1.0,0.0,3.14,-16.77,True
1.03,0.02,0.95,0.1,0.2,0.0,1.0,4.17,-23.03,True
1.03,0.02,0.95,0.1,0.2,0.25,0.75,4.28,-21.15,True
1.03,0.02,0.95,0.1,0.2,0.5,0.5,4.38,-19.94,True
1.03,0.02,0.95,0.1,0.2,0.75,0.25,4.47,-18.86,True
1.03,0.02,0.95,0.1,0.2,1.0,0.0,4.55,-17.7,True
1.03,0.02,0.95,0.1,0.3,0.0,1.0,5.42,-21.86,True
1.03,0.02,0.95,0.1,0.3,0.25,0.75,5.49,-21.05,True
1.03,0.02,0.95,0.1,0.3,0.5,0.5,5.55,-20.2,True
1.03,0.02,0.95,0.1,0.3,0.75,0.25,5.6,-19.29,True
1.03,0.02,0.95,0.1,0.3,1.0,0.0,5.65,-18.32,True
1.03,0.02,0.95,0.2,0.0,0.0,1.0,3.56,-28.03,True
1.03,0.02,0.95,0.2,0.0,0.25,0.75,3.69,-25.5,True
1.03,0.02,0.95,0.2,0.0,0.5,0.5,3.81,-22.96,True
1.03,0.02,0.95,0.2,0.0,0.75,0.25,3.89,-20.42,True
1.03,0.02,0.95,0.2,0.0,1.0,0.0,3.96,-17.89,True
1.03,0.02,0.95,0.2,0.1,0.0,1.0,4.94,-25.26,True
1.03,0.02,0.95,0.2,0.1,0.25,0.75,5.03,-23.05,True
1.03,0.02,0.95,0.2,0.1,0.5,0.5,5.09,-20.84,True
1.03,0.02,0.95,0.2,0.1,0.75,0.25,5.14,-18.62,True
1.03,0.02,0.95,0.2,0.1,1.0,0.0,5.16,-16.39,True
1.03,0.02,0.95,0.2,0.2,0.0,1.0,6.17,-22.65,True
1.03,0.02,0.95,0.2,0.2,0.25,0.75,6.21,-20.91,True
1.03,0.02,0.95,0.2,0.2,0.5,0.5,6.23,-19.72,True
1.03,0.02,0.95,0.2,0.2,0.75,0.25,6.23,-18.41,True
1.03,0.02,0.95,0.2,0.2,1.0,0.0,6.22,-16.97,True
1.03,0.02,0.95,0.2,0.3,0.0,1.0,6.75,-21.93,True
1.03,0.02,0.95,0.2,0.3,0.25,0.75,6.8,-21.0,True
1.03,0.02,0.95,0.2,0.3,0.5,0.5,6.84,-19.98,True
1.03,0.02,0.95,0.2,0.3,0.75,0.25,6.85,-18.87,True
1.03,0.02,0.95,0.2,0.3,1.0,0.0,6.84,-17.65,True
1.03,0.02,0.95,0.3,0.0,0.0,1.0,5.36,-27.37,True
1.03,0.02,0.95,0.3,0.0,0.25,0.75,5.44,-24.84,True
1.03,0.02,0.95,0.3,0.0,0.5,0.5,5.49,-22.31,True
1.03,0.02,0.95,0.3,0.0,0.75,0.25,5.5,-19.78,True
1.03,0.02,0.95,0.3,0.0,1.0,0.0,5.48,-17.26,True
1.03,0.02,0.95,0.3,0.1,0.0,1.0,6.25,-24.58,True
1.03,0.02,0.95,0.3,0.1,0.25,0.75,6.31,-22.63,True
1.03,0.02,0.95,0.3,0.1,0.5,0.5,6.34,-20.68,True
1.03,0.02,0.95,0.3,0.1,0.75,0.25,6.34,-18.73,True
1.03,0.02,0.95,0.3,0.1,1.0,0.0,6.31,-16.77,True
1.03,0.02,0.95,0.3,0.2,0.0,1.0,6.79,-22.02,True
1.03,0.02,0.95,0.3,0.2,0.25,0.75,6.84,-20.89,True
1.03,0.02,0.95,0.3,0.2,0.5,0.5,6.86,-19.65,True
1.03,0.02,0.95,0.3,0.2,0.75,0.25,6.85,-18.28,True
1.03,0.02,0.95,0.3,0.2,1.0,0.0,6.83,-16.77,True
1.03,0.02,0.95,0.3,0.3,0.0,1.0,7.34,-21.96,True
1.03,0.02,0.95,0.3,0.3,0.25,0.75,7.37,-20.96,True
1.03,0.02,0.95,0.3,0.3,0.5,0.5,7.38,-19.87,True
1.03,0.02,0.95,0.3,0.3,0.75,0.25,7.36,-18.69,True
1.03,0.02,0.95,0.3,0.3,1.0,0.0,7.33,-17.4,True
1.03,0.02,0.95,0.4,0.0,0.0,1.0,6.37,-27.22,True
1.03,0.02,0.95,0.4,0.0,0.25,0.75,6.42,-25.01,True
1.03,0.02,0.95,0.4,0.0,0.5,0.5,6.44,-22.8,True
1.03,0.02,0.95,0.4,0.0,0.75,0.25,6.42,-20.59,True
1.03,0.02,0.95,0.4,0.0,1.0,0.0,6.36,-18.39,True
1.03,0.02,0.95,0.4,0.1,0.0,1.0,6.89,-24.49,True
1.03,0.02,0.95,0.4,0.1,0.25,0.75,6.93,-22.49,True
1.03,0.02,0.95,0.4,0.1,0.5,0.5,6.94,-20.49,True
1.03,0.02,0.95,0.4,0.1,0.75,0.25,6.92,-18.5,True
1.03,0.02,0.95,0.4,0.1,1.0,0.0,6.86,-16.5,True
1.03,0.02,0.95,0.4,0.2,0.0,1.0,7.49,-22.17,True
1.03,0.02,0.95,0.4,0.2,0.25,0.75,7.51,-20.87,True
1.03,0.02,0.95,0.4,0.2,0.5,0.5,7.5,-19.57,True
1.03,0.02,0.95,0.4,0.2,0.75,0.25,7.47,-18.15,True
1.03,0.02,0.95,0.4,0.2,1.0,0.0,7.41,-16.58,True
1.03,0.02,0.95,0.4,0.3,0.0,1.0,7.88,-21.99,True
1.03,0.02,0.95,0.4,0.3,0.25,0.75,7.88,-20.93,True
1.03,0.02,0.95,0.4,0.3,0.5,0.5,7.86,-19.79,True
1.03,0.02,0.95,0.4,0.3,0.75,0.25,7.82,-18.55,True
1.03,0.02,0.95,0.4,0.3,1.0,0.0,7.76,-17.19,True
1.03,0.02,0.97,0.1,0.0,0.0,1.0,1.22,-20.84,True
1.03,0.02,0.97,0.1,0.0,0.25,0.75,1.33,-18.73,True
1.03,0.02,0.97,0.1,0.0,0.5,0.5,1.43,-16.5,True
1.03,0.02,0.97,0.1,0.0,0.75,0.25,1.51,-14.14,True
1.03,0.02,0.97,0.1,0.0,1.0,0.0,1.58,-11.63,True
1.03,0.02,0.97,0.1,0.1,0.0,1.0,3.23,-16.92,True
1.03,0.02,0.97,0.1,0.1,0.25,0.75,3.28,-14.91,True
1.03,0.02,0.97,0.1,0.1,0.5,0.5,3.33,-12.9,True
1.03,0.02,0.97,0.1,0.1,0.75,0.25,3.36,-10.87,True
1.03,0.02,0.97,0.1,0.1,1.0,0.0,3.39,-8.85,True
1.03,0.02,0.97,0.1,0.2,0.0,1.0,4.69,-14.54,True
1.03,0.02,0.97,0.1,0.2,0.25,0.75,4.71,-12.62,True
1.03,0.02,0.97,0.1,0.2,0.5,0.5,4.72,-10.69,True
1.03,0.02,0.97,0.1,0.2,0.75,0.25,4.73,-10.27,True
1.03,0.02,0.97,0.1,0.2,1.0,0.0,4.73,-10.13,True
1.03,0.02,0.97,0.1,0.3,0.0,1.0,5.92,-14.99,True
1.03,0.02,0.97,0.1,0.3,0.25,0.75,5.91,-14.82,True
1.03,0.02,0.97,0.1,0.3,0.5,0.5,5.9,-14.65,True
1.03,0.02,0.97,0.1,0.3,0.75,0.25,5.88,-14.48,True
1.03,0.02,0.97,0.1,0.3,1.0,0.0,5.85,-14.32,True
1.03,0.02,0.97,0.2,0.0,0.0,1.0,4.23,-21.04,True
1.03,0.02,0.97,0.2,0.0,0.25,0.75,4.2,-18.79,True
1.03,0.02,0.97,0.2,0.0,0.5,0.5,4.15,-16.58,True
1.03,0.02,0.97,0.2,0.0,0.75,0.25,4.08,-14.2,True
1.03,0.02,0.97,0.2,0.0,1.0,0.0,3.99,-11.63,True
1.03,0.02,0.97,0.2,0.1,0.0,1.0,5.47,-17.67,True
1.03,0.02,0.97,0.2,0.1,0.25,0.75,5.42,-15.46,True
1.03,0.02,0.97,0.2,0.1,0.5,0.5,5.36,-13.22,True
1.03,0.02,0.97,0.2,0.1,0.75,0.25,5.28,-10.95,True
1.03,0.02,0.97,0.2,0.1,1.0,0.0,5.18,-8.66,True
1.03,0.02,0.97,0.2,0.2,0.0,1.0,6.55,-14.13,True
1.03,0.02,0.97,0.2,0.2,0.25,0.75,6.49,-12.1,True
1.03,0.02,0.97,0.2,0.2,0.5,0.5,6.41,-11.2,True
1.03,0.02,0.97,0.2,0.2,0.75,0.25,6.32,-10.97,True
1.03,0.02,0.97,0.2,0.2,1.0,0.0,6.21,-10.74,True
1.03,0.02,0.97,0.2,0.3,0.0,1.0,6.88,-16.55,True
1.03,0.02,0.97,0.2,0.3,0.25,0.75,6.85,-16.22,True
1.03,0.02,0.97,0.2,0.3,0.5,0.5,6.79,-15.9,True
1.03,0.02,0.97,0.2,0.3,0.75,0.25,6.72,-15.59,True
1.03,0.02,0.97,0.2,0.3,1.0,0.0,6.64,-15.28,True
1.03,0.02,0.97,0.3,0.0,0.0,1.0,5.49,-20.84,True
1.03,0.02,0.97,0.3,0.0,0.25,0.75,5.43,-18.81,True
1.03,0.02,0.97,0.3,0.0,0.5,0.5,5.34,-16.61,True
1.03,0.02,0.97,0.3,0.0,0.75,0.25,5.22,-14.23,True
1.03,0.02,0.97,0.3,0.0,1.0,0.0,5.07,-11.63,True
1.03,0.02,0.97,0.3,0.1,0.0,1.0,6.15,-17.28,True
1.03,0.02,0.97,0.3,0.1,0.25,0.75,6.1,-15.05,True
1.03,0.02,0.97,0.3,0.1,0.5,0.5,6.03,-12.77,True
1.03,0.02,0.97,0.3,0.1,0.75,0.25,5.94,-10.89,True
1.03,0.02,0.97,0.3,0.1,1.0,0.0,5.81,-9.56,True
1.03,0.02,0.97,0.3,0.2,0.0,1.0,6.35,-14.15,True
1.03,0.02,0.97,0.3,0.2,0.25,0.75,6.34,-12.84,True
1.03,0.02,0.97,0.3,0.2,0.5,0.5,6.31,-12.26,True
1.03,0.02,0.97,0.3,0.2,0.75,0.25,6.25,-11.89,True
1.03,0.02,0.97,0.3,0.2,1.0,0.0,6.18,-11.53,True
1.03,0.02,0.97,0.3,0.3,0.0,1.0,6.72,-18.27,True
1.03,0.02,0.97,0.3,0.3,0.25,0.75,6.74,-17.78,True
1.03,0.02,0.97,0.3,0.3,0.5,0.5,6.73,-17.29,True
1.03,0.02,0.97,0.3,0.3,0.75,0.25,6.71,-16.82,True
1.03,0.02,0.97,0.3,0.3,1.0,0.0,6.66,-16.36,True
1.03,0.02,0.97,0.4,0.0,0.0,1.0,5.59,-20.84,True
1.03,0.02,0.97,0.4,0.0,0.25,0.75,5.57,-18.98,True
1.03,0.02,0.97,0.4,0.0,0.5,0.5,5.51,-17.22,True
1.03,0.02,0.97,0.4,0.0,0.75,0.25,5.42,-15.45,True
1.03,0.02,0.97,0.4,0.0,1.0,0.0,5.29,-13.68,True
1.03,0.02,0.97,0.4,0.1,0.0,1.0,5.79,-20.0,True
1.03,0.02,0.97,0.4,0.1,0.25,0.75,5.81,-18.25,True
1.03,0.02,0.97,0.4,0.1,0.5,0.5,5.8,-16.49,True
1.03,0.02,0.97,0.4,0.1,0.75,0.25,5.76,-14.73,True
1.03,0.02,0.97,0.4,0.1,1.0,0.0,5.69,-12.96,True
1.03,0.02,0.97,0.4,0.2,0.0,1.0,6.26,-18.78,True
1.03,0.02,0.97,0.4,0.2,0.25,0.75,6.29,-17.06,True
1.03,0.02,0.97,0.4,0.2,0.5,0.5,6.3,-15.34,True
1.03,0.02,0.97,0.4,0.2,0.75,0.25,6.28,-13.61,True
1.03,0.02,0.97,0.4,0.2,1.0,0.0,6.24,-12.15,True
1.03,0.02,0.97,0.4,0.3,0.0,1.0,6.75,-18.56,True
1.03,0.02,0.97,0.4,0.3,0.25,0.75,6.78,-18.04,True
1.03,0.02,0.97,0.4,0.3,0.5,0.5,6.79,-17.52,True
1.03,0.02,0.97,0.4,0.3,0.75,0.25,6.77,-17.02,True
1.03,0.02,0.97,0.4,0.3,1.0,0.0,6.73,-16.53,True
1.03,0.02,0.99,0.1,0.0,0.0,1.0,2.71,-17.14,True
1.03,0.02,0.99,0.1,0.0,0.25,0.75,2.67,-15.52,True
1.03,0.02,0.99,0.1,0.0,0.5,0.5,2.62,-13.89,True
1.03,0.02,0.99,0.1,0.0,0.75,0.25,2.55,-12.26,True
1.03,0.02,0.99,0.1,0.0,1.0,0.0,2.48,-10.62,True
1.03,0.02,0.99,0.1,0.1,0.0,1.0,4.3,-15.77,True
1.03,0.02,0.99,0.1,0.1,0.25,0.75,4.24,-14.11,True
1.03,0.02,0.99,0.1,0.1,0.5,0.5,4.18,-12.45,True
1.03,0.02,0.99,0.1,0.1,0.75,0.25,4.11,-10.79,True
1.03,0.02,0.99,0.1,0.1,1.0,0.0,4.04,-9.11,True
1.03,0.02,0.99,0.1,0.2,0.0,1.0,5.64,-13.43,True
1.03,0.02,0.99,0.1,0.2,0.25,0.75,5.56,-11.85,True
1.03,0.02,0.99,0.1,0.2,0.5,0.5,5.47,-10.75,True
1.03,0.02,0.99,0.1,0.2,0.75,0.25,5.38,-9.75,True
1.03,0.02,0.99,0.1,0.2,1.0,0.0,5.28,-9.65,True
1.03,0.02,0.99,0.1,0.3,0.0,1.0,6.74,-14.2,True
1.03,0.02,0.99,0.1,0.3,0.25,0.75,6.64,-14.08,True
1.03,0.02,0.99,0.1,0.3,0.5,0.5,6.54,-13.96,True
1.03,0.02,0.99,0.1,0.3,0.75,0.25,6.43,-13.85,True
1.03,0.02,0.99,0.1,0.3,1.0,0.0,6.31,-13.73,True
1.03,0.02,0.99,0.2,0.0,0.0,1.0,6.16,-19.68,True
1.03,0.02,0.99,0.2,0.0,0.25,0.75,5.94,-17.71,True
1.03,0.02,0.99,0.2,0.0,0.5,0.5,5.7,-15.73,True
1.03,0.02,0.99,0.2,0.0,0.75,0.25,5.44,-13.71,True
1.03,0.02,0.99,0.2,0.0,1.0,0.0,5.15,-11.68,True
1.03,0.02,0.99,0.2,0.1,0.0,1.0,7.06,-16.42,True
1.03,0.02,0.99,0.2,0.1,0.25,0.75,6.85,-14.59,True
1.03,0.02,0.99,0.2,0.1,0.5,0.5,6.62,-12.73,True
1.03,0.02,0.99,0.2,0.1,0.75,0.25,6.37,-10.85,True
1.03,0.02,0.99,0.2,0.1,1.0,0.0,6.11,-8.95,True
1.03,0.02,0.99,0.2,0.2,0.0,1.0,7.87,-12.98,True
1.03,0.02,0.99,0.2,0.2,0.25,0.75,7.66,-11.3,True
1.03,0.02,0.99,0.2,0.2,0.5,0.5,7.45,-10.43,True
1.03,0.02,0.99,0.2,0.2,0.75,0.25,7.22,-10.27,True
1.03,0.02,0.99,0.2,0.2,1.0,0.0,6.97,-10.11,True
1.03,0.02,0.99,0.2,0.3,0.0,1.0,8.29,-15.41,True
1.03,0.02,0.99,0.2,0.3,0.25,0.75,8.1,-15.18,True
1.03,0.02,0.99,0.2,0.3,0.5,0.5,7.9,-14.94,True
1.03,0.02,0.99,0.2,0.3,0.75,0.25,7.68,-14.71,True
1.03,0.02,0.99,0.2,0.3,1.0,0.0,7.44,-14.49,True
1.03,0.02,0.99,0.3,0.0,0.0,1.0,7.65,-19.37,True
1.03,0.02,0.99,0.3,0.0,0.25,0.75,7.38,-17.38,True
1.03,0.02,0.99,0.3,0.0,0.5,0.5,7.08,-15.36,True
1.03,0.02,0.99,0.3,0.0,0.75,0.25,6.75,-13.29,True
1.03,0.02,0.99,0.3,0.0,1.0,0.0,6.38,-11.19,True
1.03,0.02,0.99,0.3,0.1,0.0,1.0,8.13,-16.02,True
1.03,0.02,0.99,0.3,0.1,0.25,0.75,7.88,-14.16,True
1.03,0.02,0.99,0.3,0.1,0.5,0.5,7.6,-12.27,True
1.03,0.02,0.99,0.3,0.1,0.75,0.25,7.29,-10.34,True
1.03,0.02,0.99,0.3,0.1,1.0,0.0,6.96,-8.38,True
1.03,0.02,0.99,0.3,0.2,0.0,1.0,8.1,-12.74,True
1.03,0.02,0.99,0.3,0.2,0.25,0.75,7.89,-11.52,True
1.03,0.02,0.99,0.3,0.2,0.5,0.5,7.67,-11.24,True
1.03,0.02,0.99,0.3,0.2,0.75,0.25,7.42,-10.97,True
1.03,0.02,0.99,0.3,0.2,1.0,0.0,7.16,-10.71,True
1.03,0.02,0.99,0.3,0.3,0.0,1.0,8.12,-16.8,True
1.03,0.02,0.99,0.3,0.3,0.25,0.75,7.97,-16.42,True
1.03,0.02,0.99,0.3,0.3,0.5,0.5,7.8,-16.05,True
1.03,0.02,0.99,0.3,0.3,0.75,0.25,7.62,-15.69,True
1.03,0.02,0.99,0.3,0.3,1.0,0.0,7.42,-15.34,True
1.03,0.02,0.99,0.4,0.0,0.0,1.0,7.88,-19.29,True
1.03,0.02,0.99,0.4,0.0,0.25,0.75,7.64,-17.29,True
1.03,0.02,0.99,0.4,0.0,0.5,0.5,7.35,-15.24,True
1.03,0.02,0.99,0.4,0.0,0.75,0.25,7.04,-13.14,True
1.03,0.02,0.99,0.4,0.0,1.0,0.0,6.68,-11.22,True
1.03,0.02,0.99,0.4,0.1,0.0,1.0,7.81,-16.34,True
1.03,0.02,0.99,0.4,0.1,0.25,0.75,7.62,-14.88,True
1.03,0.02,0.99,0.4,0.1,0.5,0.5,7.4,-13.42,True
1.03,0.02,0.99,0.4,0.1,0.75,0.25,7.14,-11.96,True
1.03,0.02,0.99,0.4,0.1,1.0,0.0,6.86,-10.5,True
1.03,0.02,0.99,0.4,0.2,0.0,1.0,7.93,-15.19,True
1.03,0.02,0.99,0.4,0.2,0.25,0.75,7.79,-13.76,True
1.03,0.02,0.99,0.4,0.2,0.5,0.5,7.62,-12.33,True
1.03,0.02,0.99,0.4,0.2,0.75,0.25,7.42,-11.52,True
1.03,0.02,0.99,0.4,0.2,1.0,0.0,7.2,-11.18,True
1.03,0.02,0.99,0.4,0.3,0.0,1.0,8.11,-17.03,True
1.03,0.02,0.99,0.4,0.3,0.25,0.75,7.99,-16.63,True
1.03,0.02,0.99,0.4,0.3,0.5,0.5,7.85,-16.23,True
1.03,0.02,0.99,0.4,0.3,0.75,0.25,7.69,-15.85,True
1.03,0.02,0.99,0.4,0.3,1.0,0.0,7.5,-15.47,True
1.03,0.02,1.0,0.1,0.0,0.0,1.0,0.63,-17.14,True
1.03,0.02,1.0,0.1,0.0,0.25,0.75,0.74,-15.52,True
1.03,0.02,1.0,0.1,0.0,0.5,0.5,0.84,-13.89,True
1.03,0.02,1.0,0.1,0.0,0.75,0.25,0.93,-12.26,True
1.03,0.02,1.0,0.1,0.0,1.0,0.0,1.02,-10.62,True
1.03,0.02,1.0,0.1,0.1,0.0,1.0,2.34,-15.77,True
1.03,0.02,1.0,0.1,0.1,0.25,0.75,2.44,-14.11,True
1.03,0.02,1.0,0.1,0.1,0.5,0.5,2.53,-12.45,True
1.03,0.02,1.0,0.1,0.1,0.75,0.25,2.61,-10.79,True
1.03,0.02,1.0,0.1,0.1,1.0,0.0,2.69,-9.11,True
1.03,0.02,1.0,0.1,0.2,0.0,1.0,3.77,-13.43,True
1.03,0.02,1.0,0.1,0.2,0.25,0.75,3.84,-11.85,True
1.03,0.02,1.0,0.1,0.2,0.5,0.5,3.91,-10.25,True
1.03,0.02,1.0,0.1,0.2,0.75,0.25,3.97,-9.67,True
1.03,0.02,1.0,0.1,0.2,1.0,0.0,4.03,-9.83,True
1.03,0.02,1.0,0.1,0.3,0.0,1.0,5.07,-13.95,True
1.03,0.02,1.0,0.1,0.3,0.25,0.75,5.11,-13.86,True
1.03,0.02,1.0,0.1,0.3,0.5,0.5,5.14,-13.76,True
1.03,0.02,1.0,0.1,0.3,0.75,0.25,5.17,-13.66,True
1.03,0.02,1.0,0.1,0.3,1.0,0.0,5.2,-13.56,True
1.03,0.02,1.0,0.2,0.0,0.0,1.0,2.7,-19.68,True
1.03,0.02,1.0,0.2,0.0,0.25,0.75,2.72,-17.71,True
1.03,0.02,1.0,0.2,0.0,0.5,0.5,2.73,-15.73,True
1.03,0.02,1.0,0.2,0.0,0.75,0.25,2.72,-13.71,True
1.03,0.02,1.0,0.2,0.0,1.0,0.0,2.69,-11.68,True
1.03,0.02,1.0,0.2,0.1,0.0,1.0,3.99,-16.42,True
1.03,0.02,1.0,0.2,0.1,0.25,0.75,4.01,-14.59,True
1.03,0.02,1.0,0.2,0.1,0.5,0.5,4.02,-12.73,True
1.03,0.02,1.0,0.2,0.1,0.75,0.25,4.02,-10.85,True
1.03,0.02,1.0,0.2,0.1,1.0,0.0,4.01,-8.95,True
1.03,0.02,1.0,0.2,0.2,0.0,1.0,5.13,-12.98,True
1.03,0.02,1.0,0.2,0.2,0.25,0.75,5.14,-11.3,True
1.03,0.02,1.0,0.2,0.2,0.5,0.5,5.14,-10.11,True
1.03,0.02,1.0,0.2,0.2,0.75,0.25,5.13,-9.97,True
1.03,0.02,1.0,0.2,0.2,1.0,0.0,5.12,-9.84,True
1.03,0.02,1.0,0.2,0.3,0.0,1.0,6.05,-14.85,True
1.03,0.02,1.0,0.2,0.3,0.25,0.75,6.04,-14.66,True
1.03,0.02,1.0,0.2,0.3,0.5,0.5,6.03,-14.47,True
1.03,0.02,1.0,0.2,0.3,0.75,0.25,6.0,-14.29,True
1.03,0.02,1.0,0.2,0.3,1.0,0.0,5.97,-14.11,True
1.03,0.02,1.0,0.3,0.0,0.0,1.0,3.6,-19.37,True
1.03,0.02,1.0,0.3,0.0,0.25,0.75,3.6,-17.38,True
1.03,0.02,1.0,0.3,0.0,0.5,0.5,3.57,-15.36,True
1.03,0.02,1.0,0.3,0.0,0.75,0.25,3.53,-13.29,True
1.03,0.02,1.0,0.3,0.0,1.0,0.0,3.47,-11.19,True
1.03,0.02,1.0,0.3,0.1,0.0,1.0,4.86,-16.02,True
1.03,0.02,1.0,0.3,0.1,0.25,0.75,4.84,-14.16,True
1.03,0.02,1.0,0.3,0.1,0.5,0.5,4.81,-12.27,True
1.03,0.02,1.0,0.3,0.1,0.75,0.25,4.77,-10.34,True
1.03,0.02,1.0,0.3,0.1,1.0,0.0,4.71,-8.38,True
1.03,0.02,1.0,0.3,0.2,0.0,1.0,5.81,-12.74,True
1.03,0.02,1.0,0.3,0.2,0.25,0.75,5.79,-11.02,True
1.03,0.02,1.0,0.3,0.2,0.5,0.5,5.76,-10.69,True
1.03,0.02,1.0,0.3,0.2,0.75,0.25,5.71,-10.48,True
1.03,0.02,1.0,0.3,0.2,1.0,0.0,5.65,-10.28,True
1.03,0.02,1.0,0.3,0.3,0.0,1.0,6.38,-15.9,True
1.03,0.02,1.0,0.3,0.3,0.25,0.75,6.38,-15.61,True
1.03,0.02,1.0,0.3,0.3,0.5,0.5,6.35,-15.32,True
1.03,0.02,1.0,0.3,0.3,0.75,0.25,6.32,-15.03,True
1.03,0.02,1.0,0.3,0.3,1.0,0.0,6.27,-14.75,True
1.03,0.02,1.0,0.4,0.0,0.0,1.0,4.34,-19.29,True
1.03,0.02,1.0,0.4,0.0,0.25,0.75,4.32,-17.29,True
1.03,0.02,1.0,0.4,0.0,0.5,0.5,4.27,-15.24,True
1.03,0.02,1.0,0.4,0.0,0.75,0.25,4.21,-13.14,True
1.03,0.02,1.0,0.4,0.0,1.0,0.0,4.11,-11.0,True
1.03,0.02,1.0,0.4,0.1,0.0,1.0,5.41,-16.11,True
1.03,0.02,1.0,0.4,0.1,0.25,0.75,5.39,-14.23,True
1.03,0.02,1.0,0.4,0.1,0.5,0.5,5.35,-12.32,True
1.03,0.02,1.0,0.4,0.1,0.75,0.25,5.28,-10.36,True
1.03,0.02,1.0,0.4,0.1,1.0,0.0,5.2,-8.56,True
1.03,0.02,1.0,0.4,0.2,0.0,1.0,5.9,-12.87,True
1.03,0.02,1.0,0.4,0.2,0.25,0.75,5.9,-11.45,True
1.03,0.02,1.0,0.4,0.2,0.5,0.5,5.89,-11.17,True
1.03,0.02,1.0,0.4,0.2,0.75,0.25,5.85,-10.9,True
1.03,0.02,1.0,0.4,0.2,1.0,0.0,5.8,-10.63,True
1.03,0.02,1.0,0.4,0.3,0.0,1.0,6.27,-16.1,True
1.03,0.02,1.0,0.4,0.3,0.25,0.75,6.3,-15.78,True
1.03,0.02,1.0,0.4,0.3,0.5,0.5,6.3,-15.46,True
1.03,0.02,1.0,0.4,0.3,0.75,0.25,6.29,-15.16,True
1.03,0.02,1.0,0.4,0.3,1.0,0.0,6.27,-14.86,True
1.03,0.02,1.01,0.1,0.0,0.0,1.0,1.38,-13.35,True
1.03,0.02,1.01,0.1,0.0,0.25,0.75,1.41,-12.0,True
1.03,0.02,1.01,0.1,0.0,0.5,0.5,1.44,-10.65,True
1.03,0.02,1.01,0.1,0.0,0.75,0.25,1.47,-9.3,True
1.03,0.02,1.01,0.1,0.0,1.0,0.0,1.49,-7.94,True
1.03,0.02,1.01,0.1,0.1,0.0,1.0,2.93,-11.9,True
1.03,0.02,1.01,0.1,0.1,0.25,0.75,2.97,-10.53,True
1.03,0.02,1.01,0.1,0.1,0.5,0.5,3.01,-9.15,True
1.03,0.02,1.01,0.1,0.1,0.75,0.25,3.04,-7.77,True
1.03,0.02,1.01,0.1,0.1,1.0,0.0,3.07,-6.39,True
1.03,0.02,1.01,0.1,0.2,0.0,1.0,4.19,-9.7,True
1.03,0.02,1.01,0.1,0.2,0.25,0.75,4.22,-9.62,True
1.03,0.02,1.01,0.1,0.2,0.5,0.5,4.25,-9.54,True
1.03,0.02,1.01,0.1,0.2,0.75,0.25,4.28,-9.46,True
1.03,0.02,1.01,0.1,0.2,1.0,0.0,4.3,-9.57,True
1.03,0.02,1.01,0.1,0.3,0.0,1.0,5.39,-13.75,True
1.03,0.02,1.01,0.1,0.3,0.25,0.75,5.4,-13.66,True
1.03,0.02,1.01,0.1,0.3,0.5,0.5,5.41,-13.57,True
1.03,0.02,1.01,0.1,0.3,0.75,0.25,5.41,-13.47,True
1.03,0.02,1.01,0.1,0.3,1.0,0.0,5.4,-13.38,True
1.03,0.02,1.01,0.2,0.0,0.0,1.0,3.13,-15.11,True
1.03,0.02,1.01,0.2,0.0,0.25,0.75,3.11,-13.47,True
1.03,0.02,1.01,0.2,0.0,0.5,0.5,3.07,-11.8,True
1.03,0.02,1.01,0.2,0.0,0.75,0.25,3.02,-10.12,True
1.03,0.02,1.01,0.2,0.0,1.0,0.0,2.96,-8.41,True
1.03,0.02,1.01,0.2,0.1,0.0,1.0,4.35,-12.24,True
1.03,0.02,1.01,0.2,0.1,0.25,0.75,4.34,-10.7,True
1.03,0.02,1.01,0.2,0.1,0.5,0.5,4.31,-9.14,True
1.03,0.02,1.01,0.2,0.1,0.75,0.25,4.28,-7.57,True
1.03,0.02,1.01,0.2,0.1,1.0,0.0,4.23,-5.97,True
1.03,0.02,1.01,0.2,0.2,0.0,1.0,5.48,-10.15,True
1.03,0.02,1.01,0.2,0.2,0.25,0.75,5.45,-10.03,True
1.03,0.02,1.01,0.2,0.2,0.5,0.5,5.41,-9.9,True
1.03,0.02,1.01,0.2,0.2,0.75,0.25,5.37,-9.78,True
1.03,0.02,1.01,0.2,0.2,1.0,0.0,5.31,-9.66,True
1.03,0.02,1.01,0.2,0.3,0.0,1.0,6.4,-14.56,True
1.03,0.02,1.01,0.2,0.3,0.25,0.75,6.35,-14.38,True
1.03,0.02,1.01,0.2,0.3,0.5,0.5,6.3,-14.21,True
1.03,0.02,1.01,0.2,0.3,0.75,0.25,6.24,-14.04,True
1.03,0.02,1.01,0.2,0.3,1.0,0.0,6.17,-13.88,True
1.03,0.02,1.01,0.3,0.0,0.0,1.0,4.09,-14.79,True
1.03,0.02,1.01,0.3,0.0,0.25,0.75,4.04,-13.12,True
1.03,0.02,1.01,0.3,0.0,0.5,0.5,3.96,-11.41,True
1.03,0.02,1.01,0.3,0.0,0.75,0.25,3.87,-9.67,True
1.03,0.02,1.01,0.3,0.0,1.0,0.0,3.76,-7.91,True
1.03,0.02,1.01,0.3,0.1,0.0,1.0,5.29,-11.79,True
1.03,0.02,1.01,0.3,0.1,0.25,0.75,5.23,-10.23,True
1.03,0.02,1.01,0.3,0.1,0.5,0.5,5.16,-8.64,True
1.03,0.02,1.01,0.3,0.1,0.75,0.25,5.07,-7.22,True
1.03,0.02,1.01,0.3,0.1,1.0,0.0,4.96,-6.27,True
1.03,0.02,1.01,0.3,0.2,0.0,1.0,6.11,-10.84,True
1.03,0.02,1.01,0.3,0.2,0.25,0.75,6.06,-10.63,True
1.03,0.02,1.01,0.3,0.2,0.5,0.5,6.0,-10.44,True
1.03,0.02,1.01,0.3,0.2,0.75,0.25,5.91,-10.24,True
1.03,0.02,1.01,0.3,0.2,1.0,0.0,5.82,-10.05,True
1.03,0.02,1.01,0.3,0.3,0.0,1.0,6.41,-15.54,True
1.03,0.02,1.01,0.3,0.3,0.25,0.75,6.41,-15.26,True
1.03,0.02,1.01,0.3,0.3,0.5,0.5,6.39,-14.99,True
1.03,0.02,1.01,0.3,0.3,0.75,0.25,6.35,-14.72,True
1.03,0.02,1.01,0.3,0.3,1.0,0.0,6.3,-14.46,True
1.03,0.02,1.01,0.4,0.0,0.0,1.0,4.66,-14.7,True
1.03,0.02,1.01,0.4,0.0,0.25,0.75,4.6,-13.11,True
1.03,0.02,1.01,0.4,0.0,0.5,0.5,4.51,-11.83,True
1.03,0.02,1.01,0.4,0.0,0.75,0.25,4.41,-10.56,True
1.03,0.02,1.01,0.4,0.0,1.0,0.0,4.27,-9.28,True
1.03,0.02,1.01,0.4,0.1,0.0,1.0,5.57,-13.66,True
1.03,0.02,1.01,0.4,0.1,0.25,0.75,5.52,-12.39,True
1.03,0.02,1.01,0.4,0.1,0.5,0.5,5.46,-11.12,True
1.03,0.02,1.01,0.4,0.1,0.75,0.25,5.37,-9.85,True
1.03,0.02,1.01,0.4,0.1,1.0,0.0,5.25,-8.57,True
1.03,0.02,1.01,0.4,0.2,0.0,1.0,5.83,-12.65,True
1.03,0.02,1.01,0.4,0.2,0.25,0.75,5.84,-11.4,True
1.03,0.02,1.01,0.4,0.2,0.5,0.5,5.82,-10.89,True
1.03,0.02,1.01,0.4,0.2,0.75,0.25,5.79,-10.63,True
1.03,0.02,1.01,0.4,0.2,1.0,0.0,5.73,-10.39,True
1.03,0.02,1.01,0.4,0.3,0.0,1.0,6.11,-15.74,True
1.03,0.02,1.01,0.4,0.3,0.25,0.75,6.15,-15.44,True
1.03,0.02,1.01,0.4,0.3,0.5,0.5,6.17,-15.14,True
1.03,0.02,1.01,0.4,0.3,0.75,0.25,6.18,-14.86,True
1.03,0.02,1.01,0.4,0.3,1.0,0.0,6.16,-14.58,True
1.03,0.02,1.02,0.1,0.0,0.0,1.0,1.23,-13.35,True
1.03,0.02,1.02,0.1,0.0,0.25,0.75,1.25,-12.0,True
1.03,0.02,1.02,0.1,0.0,0.5,0.5,1.28,-10.65,True
1.03,0.02,1.02,0.1,0.0,0.75,0.25,1.29,-9.3,True
1.03,0.02,1.02,0.1,0.0,1.0,0.0,1.3,-7.94,True
1.03,0.02,1.02,0.1,0.1,0.0,1.0,2.8,-11.9,True
1.03,0.02,1.02,0.1,0.1,0.25,0.75,2.84,-10.53,True
1.03,0.02,1.02,0.1,0.1,0.5,0.5,2.87,-9.15,True
1.03,0.02,1.02,0.1,0.1,0.75,0.25,2.89,-7.77,True
1.03,0.02,1.02,0.1,0.1,1.0,0.0,2.91,-6.39,True
1.03,0.02,1.02,0.1,0.2,0.0,1.0,4.09,-9.69,True
1.03,0.02,1.02,0.1,0.2,0.25,0.75,4.12,-9.54,True
1.03,0.02,1.02,0.1,0.2,0.5,0.5,4.14,-9.54,True
1.03,0.02,1.02,0.1,0.2,0.75,0.25,4.17,-9.71,True
1.03,0.02,1.02,0.1,0.2,1.0,0.0,4.18,-9.88,True
1.03,0.02,1.02,0.1,0.3,0.0,1.0,5.22,-13.83,True
1.03,0.02,1.02,0.1,0.3,0.25,0.75,5.23,-13.74,True
1.03,0.02,1.02,0.1,0.3,0.5,0.5,5.24,-13.66,True
1.03,0.02,1.02,0.1,0.3,0.75,0.25,5.24,-13.58,True
1.03,0.02,1.02,0.1,0.3,1.0,0.0,5.24,-13.49,True
1.03,0.02,1.02,0.2,0.0,0.0,1.0,2.41,-15.11,True
1.03,0.02,1.02,0.2,0.0,0.25,0.75,2.42,-13.47,True
1.03,0.02,1.02,0.2,0.0,0.5,0.5,2.41,-11.8,True
1.03,0.02,1.02,0.2,0.0,0.75,0.25,2.39,-10.12,True
1.03,0.02,1.02,0.2,0.0,1.0,0.0,2.35,-8.41,True
1.03,0.02,1.02,0.2,0.1,0.0,1.0,3.82,-12.24,True
1.03,0.02,1.02,0.2,0.1,0.25,0.75,3.83,-10.7,True
1.03,0.02,1.02,0.2,0.1,0.5,0.5,3.83,-9.14,True
1.03,0.02,1.02,0.2,0.1,0.75,0.25,3.81,-7.57,True
1.03,0.02,1.02,0.2,0.1,1.0,0.0,3.79,-6.45,True
1.03,0.02,1.02,0.2,0.2,0.0,1.0,5.08,-10.28,True
1.03,0.02,1.02,0.2,0.2,0.25,0.75,5.07,-10.16,True
1.03,0.02,1.02,0.2,0.2,0.5,0.5,5.05,-10.05,True
1.03,0.02,1.02,0.2,0.2,0.75,0.25,5.02,-9.94,True
1.03,0.02,1.02,0.2,0.2,1.0,0.0,4.97,-9.82,True
1.03,0.02,1.02,0.2,0.3,0.0,1.0,6.05,-14.55,True
1.03,0.02,1.02,0.2,0.3,0.25,0.75,6.02,-14.41,True
1.03,0.02,1.02,0.2,0.3,0.5,0.5,5.98,-14.27,True
1.03,0.02,1.02,0.2,0.3,0.75,0.25,5.93,-14.13,True
1.03,0.02,1.02,0.2,0.3,1.0,0.0,5.88,-13.99,True
1.03,0.02,1.02,0.3,0.0,0.0,1.0,3.22,-14.79,True
1.03,0.02,1.02,0.3,0.0,0.25,0.75,3.21,-13.12,True
1.03,0.02,1.02,0.3,0.0,0.5,0.5,3.17,-11.41,True
1.03,0.02,1.02,0.3,0.0,0.75,0.25,3.12,-9.67,True
1.03,0.02,1.02,0.3,0.0,1.0,0.0,3.04,-7.91,True
1.03,0.02,1.02,0.3,0.1,0.0,1.0,4.65,-11.79,True
1.03,0.02,1.02,0.3,0.1,0.25,0.75,4.62,-10.23,True
1.03,0.02,1.02,0.3,0.1,0.5,0.5,4.57,-8.64,True
1.03,0.02,1.02,0.3,0.1,0.75,0.25,4.51,-7.21,True
1.03,0.02,1.02,0.3,0.1,1.0,0.0,4.43,-6.25,True
1.03,0.02,1.02,0.3,0.2,0.0,1.0,5.47,-10.59,True
1.03,0.02,1.02,0.3,0.2,0.25,0.75,5.46,-10.44,True
1.03,0.02,1.02,0.3,0.2,0.5,0.5,5.44,-10.29,True
1.03,0.02,1.02,0.3,0.2,0.75,0.25,5.4,-10.15,True
1.03,0.02,1.02,0.3,0.2,1.0,0.0,5.34,-10.01,True
1.03,0.02,1.02,0.3,0.3,0.0,1.0,5.83,-15.0,True
1.03,0.02,1.02,0.3,0.3,0.25,0.75,5.86,-14.8,True
1.03,0.02,1.02,0.3,0.3,0.5,0.5,5.88,-14.61,True
1.03,0.02,1.02,0.3,0.3,0.75,0.25,5.88,-14.42,True
1.03,0.02,1.02,0.3,0.3,1.0,0.0,5.87,-14.24,True
1.03,0.02,1.02,0.4,0.0,0.0,1.0,3.74,-14.7,True
1.03,0.02,1.02,0.4,0.0,0.25,0.75,3.72,-13.02,True
1.03,0.02,1.02,0.4,0.0,0.5,0.5,3.68,-11.29,True
1.03,0.02,1.02,0.4,0.0,0.75,0.25,3.61,-9.52,True
1.03,0.02,1.02,0.4,0.0,1.0,0.0,3.51,-7.7,True
1.03,0.02,1.02,0.4,0.1,0.0,1.0,4.75,-11.88,True
1.03,0.02,1.02,0.4,0.1,0.25,0.75,4.76,-10.3,True
1.03,0.02,1.02,0.4,0.1,0.5,0.5,4.74,-8.68,True
1.03,0.02,1.02,0.4,0.1,0.75,0.25,4.69,-7.03,True
1.03,0.02,1.02,0.4,0.1,1.0,0.0,4.62,-5.63,True
1.03,0.02,1.02,0.4,0.2,0.0,1.0,5.09,-10.83,True
1.03,0.02,1.02,0.4,0.2,0.25,0.75,5.14,-10.65,True
1.03,0.02,1.02,0.4,0.2,0.5,0.5,5.17,-10.47,True
1.03,0.02,1.02,0.4,0.2,0.75,0.25,5.18,-10.3,True
1.03,0.02,1.02,0.4,0.2,1.0,0.0,5.17,-10.13,True
1.03,0.02,1.02,0.4,0.3,0.0,1.0,5.46,-14.9,True
1.03,0.02,1.02,0.4,0.3,0.25,0.75,5.53,-14.72,True
1.03,0.02,1.02,0.4,0.3,0.5,0.5,5.59,-14.53,True
1.03,0.02,1.02,0.4,0.3,0.75,0.25,5.63,-14.35,True
1.03,0.02,1.02,0.4,0.3,1.0,0.0,5.66,-14.17,True
1.03,0.025,0.95,0.1,0.0,0.0,1.0,0.07,-25.45,True
1.03,0.025,0.95,0.1,0.0,0.25,0.75,0.19,-23.21,True
1.03,0.025,0.95,0.1,0.0,0.5,0.5,0.3,-20.84,True
1.03,0.025,0.95,0.1,0.0,0.75,0.25,0.41,-18.34,True
1.03,0.025,0.95,0.1,0.0,1.0,0.0,0.52,-15.67,True
1.03,0.025,0.95,0.1,0.1,0.0,1.0,2.35,-21.99,True
1.03,0.025,0.95,0.1,0.1,0.25,0.75,2.4,-20.8,True
1.03,0.025,0.95,0.1,0.1,0.5,0.5,2.45,-19.55,True
1.03,0.025,0.95,0.1,0.1,0.75,0.25,2.5,-18.26,True
1.03,0.025,0.95,0.1,0.1,1.0,0.0,2.55,-16.91,True
1.03,0.025,0.95,0.1,0.2,0.0,1.0,3.95,-21.89,True
1.03,0.025,0.95,0.1,0.2,0.25,0.75,3.97,-20.96,True
1.03,0.025,0.95,0.1,0.2,0.5,0.5,3.98,-20.0,True
1.03,0.025,0.95,0.1,0.2,0.75,0.25,3.99,-18.99,True
1.03,0.025,0.95,0.1,0.2,1.0,0.0,4.01,-17.94,True
1.03,0.025,0.95,0.1,0.3,0.0,1.0,5.1,-21.82,True
1.03,0.025,0.95,0.1,0.3,0.25,0.75,5.09,-21.08,True
1.03,0.025,0.95,0.1,0.3,0.5,0.5,5.09,-20.3,True
1.03,0.025,0.95,0.1,0.3,0.75,0.25,5.08,-19.49,True
1.03,0.025,0.95,0.1,0.3,1.0,0.0,5.08,-18.63,True
1.03,0.025,0.95,0.2,0.0,0.0,1.0,1.49,-25.01,True
1.03,0.025,0.95,0.2,0.0,0.25,0.75,1.59,-22.73,True
1.03,0.025,0.95,0.2,0.0,0.5,0.5,1.68,-20.28,True
1.03,0.025,0.95,0.2,0.0,0.75,0.25,1.74,-17.96,True
1.03,0.025,0.95,0.2,0.0,1.0,0.0,1.8,-15.86,True
1.03,0.025,0.95,0.2,0.1,0.0,1.0,3.54,-25.15,True
1.03,0.025,0.95,0.2,0.1,0.25,0.75,3.56,-23.03,True
1.03,0.025,0.95,0.2,0.1,0.5,0.5,3.57,-20.92,True
1.03,0.025,0.95,0.2,0.1,0.75,0.25,3.58,-18.8,True
1.03,0.025,0.95,0.2,0.1,1.0,0.0,3.58,-16.69,True
1.03,0.025,0.95,0.2,0.2,0.0,1.0,5.08,-23.58,True
1.03,0.025,0.95,0.2,0.2,0.25,0.75,5.05,-21.68,True
1.03,0.025,0.95,0.2,0.2,0.5,0.5,5.01,-19.89,True
1.03,0.025,0.95,0.2,0.2,0.75,0.25,4.98,-18.75,True
1.03,0.025,0.95,0.2,0.2,1.0,0.0,4.93,-17.51,True
1.03,0.025,0.95,0.2,0.3,0.0,1.0,6.19,-21.89,True
1.03,0.025,0.95,0.2,0.3,0.25,0.75,6.14,-21.04,True
1.03,0.025,0.95,0.2,0.3,0.5,0.5,6.09,-20.13,True
1.03,0.025,0.95,0.2,0.3,0.75,0.25,6.02,-19.16,True
1.03,0.025,0.95,0.2,0.3,1.0,0.0,5.94,-18.1,True
1.03,0.025,0.95,0.3,0.0,0.0,1.0,3.04,-29.36,True
1.03,0.025,0.95,0.3,0.0,0.25,0.75,3.07,-26.77,True
1.03,0.025,0.95,0.3,0.0,0.5,0.5,3.08,-24.19,True
1.03,0.025,0.95,0.3,0.0,0.75,0.25,3.07,-21.6,True
1.03,0.025,0.95,0.3,0.0,1.0,0.0,3.05,-19.01,True
1.03,0.025,0.95,0.3,0.1,0.0,1.0,4.94,-26.05,True
1.03,0.025,0.95,0.3,0.1,0.25,0.75,4.9,-23.79,True
1.03,0.025,0.95,0.3,0.1,0.5,0.5,4.85,-21.53,True
1.03,0.025,0.95,0.3,0.1,0.75,0.25,4.79,-19.27,True
1.03,0.025,0.95,0.3,0.1,1.0,0.0,4.7,-17.03,True
1.03,0.025,0.95,0.3,0.2,0.0,1.0,6.18,-23.35,True
1.03,0.025,0.95,0.3,0.2,0.25,0.75,6.11,-21.38,True
1.03,0.025,0.95,0.3,0.2,0.5,0.5,6.04,-19.78,True
1.03,0.025,0.95,0.3,0.2,0.75,0.25,5.95,-18.52,True
1.03,0.025,0.95,0.3,0.2,1.0,0.0,5.84,-17.12,True
1.03,0.025,0.95,0.3,0.3,0.0,1.0,6.51,-21.92,True
1.03,0.025,0.95,0.3,0.3,0.25,0.75,6.48,-21.03,True
1.03,0.025,0.95,0.3,0.3,0.5,0.5,6.43,-20.06,True
1.03,0.025,0.95,0.3,0.3,0.75,0.25,6.36,-19.01,True
1.03,0.025,0.95,0.3,0.3,1.0,0.0,6.29,-17.88,True
1.03,0.025,0.95,0.4,0.0,0.0,1.0,4.43,-29.12,True
1.03,0.025,0.95,0.4,0.0,0.25,0.75,4.4,-26.51,True
1.03,0.025,0.95,0.4,0.0,0.5,0.5,4.35,-23.89,True
1.03,0.025,0.95,0.4,0.0,0.75,0.25,4.27,-21.28,True
1.03,0.025,0.95,0.4,0.0,1.0,0.0,4.17,-18.67,True
1.03,0.025,0.95,0.4,0.1,0.0,1.0,5.89,-26.26,True
1.03,0.025,0.95,0.4,0.1,0.25,0.75,5.83,-23.95,True
1.03,0.025,0.95,0.4,0.1,0.5,0.5,5.75,-21.65,True
1.03,0.025,0.95,0.4,0.1,0.75,0.25,5.64,-19.35,True
1.03,0.025,0.95,0.4,0.1,1.0,0.0,5.51,-17.05,True
1.03,0.025,0.95,0.4,0.2,0.0,1.0,6.06,-23.35,True
1.03,0.025,0.95,0.4,0.2,0.25,0.75,6.03,-21.35,True
1.03,0.025,0.95,0.4,0.2,0.5,0.5,5.99,-19.77,True
1.03,0.025,0.95,0.4,0.2,0.75,0.25,5.92,-18.49,True
1.03,0.025,0.95,0.4,0.2,1.0,0.0,5.84,-17.07,True
1.03,0.025,0.95,0.4,0.3,0.0,1.0,6.15,-21.91,True
1.03,0.025,0.95,0.4,0.3,0.25,0.75,6.16,-21.03,True
1.03,0.025,0.95,0.4,0.3,0.5,0.5,6.15,-20.07,True
1.03,0.025,0.95,0.4,0.3,0.75,0.25,6.13,-19.03,True
1.03,0.025,0.95,0.4,0.3,1.0,0.0,6.09,-17.9,True
1.03,0.025,0.97,0.1,0.0,0.0,1.0,1.45,-21.31,True
1.03,0.025,0.97,0.1,0.0,0.25,0.75,1.44,-19.3,True
1.03,0.025,0.97,0.1,0.0,0.5,0.5,1.43,-17.17,True
1.03,0.025,0.97,0.1,0.0,0.75,0.25,1.41,-14.92,True
1.03,0.025,0.97,0.1,0.0,1.0,0.0,1.39,-12.51,True
1.03,0.025,0.97,0.1,0.1,0.0,1.0,3.28,-15.67,True
1.03,0.025,0.97,0.1,0.1,0.25,0.75,3.25,-13.82,True
1.03,0.025,0.97,0.1,0.1,0.5,0.5,3.22,-11.85,True
1.03,0.025,0.97,0.1,0.1,0.75,0.25,3.19,-9.78,True
1.03,0.025,0.97,0.1,0.1,1.0,0.0,3.15,-7.58,True
1.03,0.025,0.97,0.1,0.2,0.0,1.0,4.64,-12.27,True
1.03,0.025,0.97,0.1,0.2,0.25,0.75,4.6,-10.36,True
1.03,0.025,0.97,0.1,0.2,0.5,0.5,4.56,-8.99,True
1.03,0.025,0.97,0.1,0.2,0.75,0.25,4.51,-9.15,True
1.03,0.025,0.97,0.1,0.2,1.0,0.0,4.46,-9.31,True
1.03,0.025,0.97,0.1,0.3,0.0,1.0,5.68,-12.91,True
1.03,0.025,0.97,0.1,0.3,0.25,0.75,5.63,-12.87,True
1.03,0.025,0.97,0.1,0.3,0.5,0.5,5.58,-12.83,True
1.03,0.025,0.97,0.1,0.3,0.75,0.25,5.52,-12.79,True
1.03,0.025,0.97,0.1,0.3,1.0,0.0,5.46,-12.75,True
1.03,0.025,0.97,0.2,0.0,0.0,1.0,3.64,-20.84,True
1.03,0.025,0.97,0.2,0.0,0.25,0.75,3.53,-18.78,True
1.03,0.025,0.97,0.2,0.0,0.5,0.5,3.42,-16.57,True
1.03,0.025,0.97,0.2,0.0,0.75,0.25,3.29,-14.19,True
1.03,0.025,0.97,0.2,0.0,1.0,0.0,3.15,-11.63,True
1.03,0.025,0.97,0.2,0.1,0.0,1.0,5.04,-17.14,True
1.03,0.025,0.97,0.2,0.1,0.25,0.75,4.93,-15.17,True
1.03,0.025,0.97,0.2,0.1,0.5,0.5,4.82,-13.05,True
1.03,0.025,0.97,0.2,0.1,0.75,0.25,4.69,-10.79,True
1.03,0.025,0.97,0.2,0.1,1.0,0.0,4.56,-8.69,True
1.03,0.025,0.97,0.2,0.2,0.0,1.0,6.22,-13.41,True
1.03,0.025,0.97,0.2,0.2,0.25,0.75,6.1,-12.19,True
1.03,0.025,0.97,0.2,0.2,0.5,0.5,5.97,-11.03,True
1.03,0.025,0.97,0.2,0.2,0.75,0.25,5.83,-9.87,True
1.03,0.025,0.97,0.2,0.2,1.0,0.0,5.68,-8.99,True
1.03,0.025,0.97,0.2,0.3,0.0,1.0,7.16,-13.23,True
1.03,0.025,0.97,0.2,0.3,0.25,0.75,7.03,-13.21,True
1.03,0.025,0.97,0.2,0.3,0.5,0.5,6.9,-13.18,True
1.03,0.025,0.97,0.2,0.3,0.75,0.25,6.74,-13.09,True
1.03,0.025,0.97,0.2,0.3,1.0,0.0,6.58,-13.01,True
1.03,0.025,0.97,0.3,0.0,0.0,1.0,5.65,-20.84,True
1.03,0.025,0.97,0.3,0.0,0.25,0.75,5.44,-18.82,True
1.03,0.025,0.97,0.3,0.0,0.5,0.5,5.2,-16.62,True
1.03,0.025,0.97,0.3,0.0,0.75,0.25,4.95,-14.24,True
1.03,0.025,0.97,0.3,0.0,1.0,0.0,4.69,-11.63,True
1.03,0.025,0.97,0.3,0.1,0.0,1.0,6.87,-17.39,True
1.03,0.025,0.97,0.3,0.1,0.25,0.75,6.66,-15.42,True
1.03,0.025,0.97,0.3,0.1,0.5,0.5,6.43,-13.29,True
1.03,0.025,0.97,0.3,0.1,0.75,0.25,6.18,-10.98,True
1.03,0.025,0.97,0.3,0.1,1.0,0.0,5.92,-8.48,True
1.03,0.025,0.97,0.3,0.2,0.0,1.0,7.72,-13.81,True
1.03,0.025,0.97,0.3,0.2,0.25,0.75,7.51,-11.9,True
1.03,0.025,0.97,0.3,0.2,0.5,0.5,7.29,-10.45,True
1.03,0.025,0.97,0.3,0.2,0.75,0.25,7.05,-9.26,True
1.03,0.025,0.97,0.3,0.2,1.0,0.0,6.79,-9.19,True
1.03,0.025,0.97,0.3,0.3,0.0,1.0,8.39,-13.43,True
1.03,0.025,0.97,0.3,0.3,0.25,0.75,8.18,-13.39,True
1.03,0.025,0.97,0.3,0.3,0.5,0.5,7.96,-13.34,True
1.03,0.025,0.97,0.3,0.3,0.75,0.25,7.7,-13.3,True
1.03,0.025,0.97,0.3,0.3,1.0,0.0,7.43,-13.25,True
1.03,0.025,0.97,0.4,0.0,0.0,1.0,7.26,-20.84,True
1.03,0.025,0.97,0.4,0.0,0.25,0.75,6.96,-18.84,True
1.03,0.025,0.97,0.4,0.0,0.5,0.5,6.65,-16.66,True
1.03,0.025,0.97,0.4,0.0,0.75,0.25,6.31,-14.27,True
1.03,0.025,0.97,0.4,0.0,1.0,0.0,5.94,-11.63,True
1.03,0.025,0.97,0.4,0.1,0.0,1.0,8.16,-17.47,True
1.03,0.025,0.97,0.4,0.1,0.25,0.75,7.88,-15.51,True
1.03,0.025,0.97,0.4,0.1,0.5,0.5,7.58,-13.38,True
1.03,0.025,0.97,0.4,0.1,0.75,0.25,7.25,-11.06,True
1.03,0.025,0.97,0.4,0.1,1.0,0.0,6.91,-8.52,True
1.03,0.025,0.97,0.4,0.2,0.0,1.0,8.52,-13.99,True
1.03,0.025,0.97,0.4,0.2,0.25,0.75,8.23,-12.09,True
1.03,0.025,0.97,0.4,0.2,0.5,0.5,7.92,-10.43,True
1.03,0.025,0.97,0.4,0.2,0.75,0.25,7.6,-9.32,True
1.03,0.025,0.97,0.4,0.2,1.0,0.0,7.26,-9.28,True
1.03,0.025,0.97,0.4,0.3,0.0,1.0,8.38,-13.54,True
1.03,0.025,0.97,0.4,0.3,0.25,0.75,8.14,-13.49,True
1.03,0.025,0.97,0.4,0.3,0.5,0.5,7.88,-13.44,True
1.03,0.025,0.97,0.4,0.3,0.75,0.25,7.62,-13.38,True
1.03,0.025,0.97,0.4,0.3,1.0,0.0,7.34,-13.33,True
1.03,0.025,0.99,0.1,0.0,0.0,1.0,2.5,-16.54,True
1.03,0.025,0.99,0.1,0.0,0.25,0.75,2.39,-14.99,True
1.03,0.025,0.99,0.1,0.0,0.5,0.5,2.28,-13.34,True
1.03,0.025,0.99,0.1,0.0,0.75,0.25,2.16,-11.59,True
1.03,0.025,0.99,0.1,0.0,1.0,0.0,2.04,-9.72,True
1.03,0.025,0.99,0.1,0.1,0.0,1.0,4.1,-11.31,True
1.03,0.025,0.99,0.1,0.1,0.25,0.75,3.99,-9.89,True
1.03,0.025,0.99,0.1,0.1,0.5,0.5,3.88,-8.38,True
1.03,0.025,0.99,0.1,0.1,0.75,0.25,3.77,-6.77,True
1.03,0.025,0.99,0.1,0.1,1.0,0.0,3.66,-5.46,True
1.03,0.025,0.99,0.1,0.2,0.0,1.0,5.26,-8.78,True
1.03,0.025,0.99,0.1,0.2,0.25,0.75,5.17,-8.76,True
1.03,0.025,0.99,0.1,0.2,0.5,0.5,5.06,-8.74,True
1.03,0.025,0.99,0.1,0.2,0.75,0.25,4.96,-8.72,True
1.03,0.025,0.99,0.1,0.2,1.0,0.0,4.85,-8.78,True
1.03,0.025,0.99,0.1,0.3,0.0,1.0,6.2,-12.7,True
1.03,0.025,0.99,0.1,0.3,0.25,0.75,6.1,-12.67,True
1.03,0.025,0.99,0.1,0.3,0.5,0.5,5.99,-12.65,True
1.03,0.025,0.99,0.1,0.3,0.75,0.25,5.89,-12.62,True
1.03,0.025,0.99,0.1,0.3,1.0,0.0,5.78,-12.6,True
1.03,0.025,0.99,0.2,0.0,0.0,1.0,5.01,-16.04,True
1.03,0.025,0.99,0.2,0.0,0.25,0.75,4.77,-14.42,True
1.03,0.025,0.99,0.2,0.0,0.5,0.5,4.53,-12.69,True
1.03,0.025,0.99,0.2,0.0,0.75,0.25,4.27,-10.82,True
1.03,0.025,0.99,0.2,0.0,1.0,0.0,3.99,-8.81,True
1.03,0.025,0.99,0.2,0.1,0.0,1.0,6.12,-13.61,True
1.03,0.025,0.99,0.2,0.1,0.25,0.75,5.9,-12.37,True
1.03,0.025,0.99,0.2,0.1,0.5,0.5,5.68,-11.13,True
1.03,0.025,0.99,0.2,0.1,0.75,0.25,5.45,-9.89,True
1.03,0.025,0.99,0.2,0.1,1.0,0.0,5.2,-8.65,True
1.03,0.025,0.99,0.2,0.2,0.0,1.0,7.11,-13.59,True
1.03,0.025,0.99,0.2,0.2,0.25,0.75,6.9,-12.38,True
1.03,0.025,0.99,0.2,0.2,0.5,0.5,6.68,-11.18,True
1.03,0.025,0.99,0.2,0.2,0.75,0.25,6.45,-9.98,True
1.03,0.025,0.99,0.2,0.2,1.0,0.0,6.22,-8.79,True
1.03,0.025,0.99,0.2,0.3,0.0,1.0,7.95,-12.92,True
1.03,0.025,0.99,0.2,0.3,0.25,0.75,7.74,-12.86,True
1.03,0.025,0.99,0.2,0.3,0.5,0.5,7.51,-12.81,True
1.03,0.025,0.99,0.2,0.3,0.75,0.25,7.28,-12.76,True
1.03,0.025,0.99,0.2,0.3,1.0,0.0,7.05,-12.71,True
1.03,0.025,0.99,0.3,0.0,0.0,1.0,7.24,-16.04,True
1.03,0.025,0.99,0.3,0.0,0.25,0.75,6.88,-14.45,True
1.03,0.025,0.99,0.3,0.0,0.5,0.5,6.49,-12.73,True
1.03,0.025,0.99,0.3,0.0,0.75,0.25,6.09,-10.86,True
1.03,0.025,0.99,0.3,0.0,1.0,0.0,5.67,-9.23,True
1.03,0.025,0.99,0.3,0.1,0.0,1.0,8.23,-13.81,True
1.03,0.025,0.99,0.3,0.1,0.25,0.75,7.88,-12.45,True
1.03,0.025,0.99,0.3,0.1,0.5,0.5,7.51,-11.09,True
1.03,0.025,0.99,0.3,0.1,0.75,0.25,7.13,-9.75,True
1.03,0.025,0.99,0.3,0.1,1.0,0.0,6.73,-8.4,True
1.03,0.025,0.99,0.3,0.2,0.0,1.0,8.9,-12.99,True
1.03,0.025,0.99,0.3,0.2,0.25,0.75,8.57,-11.75,True
1.03,0.025,0.99,0.3,0.2,0.5,0.5,8.23,-10.53,True
1.03,0.025,0.99,0.3,0.2,0.75,0.25,7.86,-9.32,True
1.03,0.025,0.99,0.3,0.2,1.0,0.0,7.48,-8.87,True
1.03,0.025,0.99,0.3,0.3,0.0,1.0,9.48,-12.92,True
1.03,0.025,0.99,0.3,0.3,0.25,0.75,9.17,-12.9,True
1.03,0.025,0.99,0.3,0.3,0.5,0.5,8.83,-12.88,True
1.03,0.025,0.99,0.3,0.3,0.75,0.25,8.49,-12.87,True
1.03,0.025,0.99,0.3,0.3,1.0,0.0,8.13,-12.82,True
1.03,0.025,0.99,0.4,0.0,0.0,1.0,9.01,-16.04,True
1.03,0.025,0.99,0.4,0.0,0.25,0.75,8.56,-14.47,True
1.03,0.025,0.99,0.4,0.0,0.5,0.5,8.08,-12.76,True
1.03,0.025,0.99,0.4,0.0,0.75,0.25,7.57,-10.99,True
1.03,0.025,0.99,0.4,0.0,1.0,0.0,7.03,-9.43,True
1.03,0.025,0.99,0.4,0.1,0.0,1.0,9.7,-14.05,True
1.03,0.025,0.99,0.4,0.1,0.25,0.75,9.27,-12.64,True
1.03,0.025,0.99,0.4,0.1,0.5,0.5,8.82,-11.23,True
1.03,0.025,0.99,0.4,0.1,0.75,0.25,8.34,-9.83,True
1.03,0.025,0.99,0.4,0.1,1.0,0.0,7.84,-8.44,True
1.03,0.025,0.99,0.4,0.2,0.0,1.0,10.06,-13.16,True
1.03,0.025,0.99,0.4,0.2,0.25,0.75,9.63,-11.87,True
1.03,0.025,0.99,0.4,0.2,0.5,0.5,9.18,-10.59,True
1.03,0.025,0.99,0.4,0.2,0.75,0.25,8.7,-9.32,True
1.03,0.025,0.99,0.4,0.2,1.0,0.0,8.2,-8.94,True
1.03,0.025,0.99,0.4,0.3,0.0,1.0,9.89,-13.01,True
1.03,0.025,0.99,0.4,0.3,0.25,0.75,9.48,-12.99,True
1.03,0.025,0.99,0.4,0.3,0.5,0.5,9.05,-12.96,True
1.03,0.025,0.99,0.4,0.3,0.75,0.25,8.62,-12.94,True
1.03,0.025,0.99,0.4,0.3,1.0,0.0,8.18,-12.92,True
1.03,0.025,1.0,0.1,0.0,0.0,1.0,0.89,-16.54,True
1.03,0.025,1.0,0.1,0.0,0.25,0.75,0.9,-14.99,True
1.03,0.025,1.0,0.1,0.0,0.5,0.5,0.91,-13.34,True
1.03,0.025,1.0,0.1,0.0,0.75,0.25,0.91,-11.59,True
1.03,0.025,1.0,0.1,0.0,1.0,0.0,0.91,-9.72,True
1.03,0.025,1.0,0.1,0.1,0.0,1.0,2.67,-11.31,True
1.03,0.025,1.0,0.1,0.1,0.25,0.75,2.67,-9.89,True
1.03,0.025,1.0,0.1,0.1,0.5,0.5,2.68,-8.38,True
1.03,0.025,1.0,0.1,0.1,0.75,0.25,2.68,-6.77,True
1.03,0.025,1.0,0.1,0.1,1.0,0.0,2.68,-6.49,True
1.03,0.025,1.0,0.1,0.2,0.0,1.0,3.97,-9.86,True
1.03,0.025,1.0,0.1,0.2,0.25,0.75,3.97,-9.95,True
1.03,0.025,1.0,0.1,0.2,0.5,0.5,3.97,-10.05,True
1.03,0.025,1.0,0.1,0.2,0.75,0.25,3.97,-10.15,True
1.03,0.025,1.0,0.1,0.2,1.0,0.0,3.96,-10.25,True
1.03,0.025,1.0,0.1,0.3,0.0,1.0,4.95,-12.7,True
1.03,0.025,1.0,0.1,0.3,0.25,0.75,4.94,-12.67,True
1.03,0.025,1.0,0.1,0.3,0.5,0.5,4.93,-12.65,True
1.03,0.025,1.0,0.1,0.3,0.75,0.25,4.93,-12.67,True
1.03,0.025,1.0,0.1,0.3,1.0,0.0,4.92,-12.8,True
1.03,0.025,1.0,0.2,0.0,0.0,1.0,2.05,-16.04,True
1.03,0.025,1.0,0.2,0.0,0.25,0.75,2.03,-14.42,True
1.03,0.025,1.0,0.2,0.0,0.5,0.5,2.0,-12.69,True
1.03,0.025,1.0,0.2,0.0,0.75,0.25,1.97,-10.82,True
1.03,0.025,1.0,0.2,0.0,1.0,0.0,1.94,-8.81,True
1.03,0.025,1.0,0.2,0.1,0.0,1.0,3.57,-12.85,True
1.03,0.025,1.0,0.2,0.1,0.25,0.75,3.54,-11.28,True
1.03,0.025,1.0,0.2,0.1,0.5,0.5,3.5,-9.6,True
1.03,0.025,1.0,0.2,0.1,0.75,0.25,3.47,-7.81,True
1.03,0.025,1.0,0.2,0.1,1.0,0.0,3.43,-5.88,True
1.03,0.025,1.0,0.2,0.2,0.0,1.0,4.72,-9.61,True
1.03,0.025,1.0,0.2,0.2,0.25,0.75,4.69,-8.89,True
1.03,0.025,1.0,0.2,0.2,0.5,0.5,4.65,-8.86,True
1.03,0.025,1.0,0.2,0.2,0.75,0.25,4.61,-8.82,True
1.03,0.025,1.0,0.2,0.2,1.0,0.0,4.57,-8.96,True
1.03,0.025,1.0,0.2,0.3,0.0,1.0,5.63,-12.92,True
1.03,0.025,1.0,0.2,0.3,0.25,0.75,5.59,-12.86,True
1.03,0.025,1.0,0.2,0.3,0.5,0.5,5.55,-12.81,True
1.03,0.025,1.0,0.2,0.3,0.75,0.25,5.5,-12.76,True
1.03,0.025,1.0,0.2,0.3,1.0,0.0,5.45,-12.71,True
1.03,0.025,1.0,0.3,0.0,0.0,1.0,3.25,-16.04,True
1.03,0.025,1.0,0.3,0.0,0.25,0.75,3.17,-14.45,True
1.03,0.025,1.0,0.3,0.0,0.5,0.5,3.07,-12.73,True
1.03,0.025,1.0,0.3,0.0,0.75,0.25,2.97,-10.86,True
1.03,0.025,1.0,0.3,0.0,1.0,0.0,2.86,-8.81,True
1.03,0.025,1.0,0.3,0.1,0.0,1.0,4.54,-13.08,True
1.03,0.025,1.0,0.3,0.1,0.25,0.75,4.46,-11.51,True
1.03,0.025,1.0,0.3,0.1,0.5,0.5,4.37,-9.82,True
1.03,0.025,1.0,0.3,0.1,0.75,0.25,4.27,-8.0,True
1.03,0.025,1.0,0.3,0.1,1.0,0.0,4.17,-6.02,True
1.03,0.025,1.0,0.3,0.2,0.0,1.0,5.47,-10.03,True
1.03,0.025,1.0,0.3,0.2,0.25,0.75,5.4,-8.97,True
1.03,0.025,1.0,0.3,0.2,0.5,0.5,5.32,-8.96,True
1.03,0.025,1.0,0.3,0.2,0.75,0.25,5.23,-8.92,True
1.03,0.025,1.0,0.3,0.2,1.0,0.0,5.13,-8.87,True
1.03,0.025,1.0,0.3,0.3,0.0,1.0,6.25,-12.92,True
1.03,0.025,1.0,0.3,0.3,0.25,0.75,6.19,-12.9,True
1.03,0.025,1.0,0.3,0.3,0.5,0.5,6.11,-12.88,True
1.03,0.025,1.0,0.3,0.3,0.75,0.25,6.03,-12.87,True
1.03,0.025,1.0,0.3,0.3,1.0,0.0,5.93,-12.82,True
1.03,0.025,1.0,0.4,0.0,0.0,1.0,4.22,-16.04,True
1.03,0.025,1.0,0.4,0.0,0.25,0.75,4.08,-14.47,True
1.03,0.025,1.0,0.4,0.0,0.5,0.5,3.94,-12.76,True
1.03,0.025,1.0,0.4,0.0,0.75,0.25,3.78,-10.88,True
1.03,0.025,1.0,0.4,0.0,1.0,0.0,3.61,-8.81,True
1.03,0.025,1.0,0.4,0.1,0.0,1.0,5.26,-13.2,True
1.03,0.025,1.0,0.4,0.1,0.25,0.75,5.14,-11.64,True
1.03,0.025,1.0,0.4,0.1,0.5,0.5,5.02,-9.94,True
1.03,0.025,1.0,0.4,0.1,0.75,0.25,4.88,-8.09,True
1.03,0.025,1.0,0.4,0.1,1.0,0.0,4.73,-6.14,True
1.03,0.025,1.0,0.4,0.2,0.0,1.0,5.99,-10.25,True
1.03,0.025,1.0,0.4,0.2,0.25,0.75,5.89,-8.98,True
1.03,0.025,1.0,0.4,0.2,0.5,0.5,5.78,-8.97,True
1.03,0.025,1.0,0.4,0.2,0.75,0.25,5.66,-8.95,True
1.03,0.025,1.0,0.4,0.2,1.0,0.0,5.53,-8.94,True
1.03,0.025,1.0,0.4,0.3,0.0,1.0,6.5,-13.01,True
1.03,0.025,1.0,0.4,0.3,0.25,0.75,6.41,-12.99,True
1.03,0.025,1.0,0.4,0.3,0.5,0.5,6.32,-12.96,True
1.03,0.025,1.0,0.4,0.3,0.75,0.25,6.22,-12.94,True
1.03,0.025,1.0,0.4,0.3,1.0,0.0,6.12,-12.92,True
1.03,0.025,1.01,0.1,0.0,0.0,1.0,0.75,-13.64,True
1.03,0.025,1.01,0.1,0.0,0.25,0.75,0.77,-12.17,True
1.03,0.025,1.01,0.1,0.0,0.5,0.5,0.79,-10.68,True
1.03,0.025,1.01,0.1,0.0,0.75,0.25,0.81,-9.15,True
1.03,0.025,1.01,0.1,0.0,1.0,0.0,0.82,-7.54,True
1.03,0.025,1.01,0.1,0.1,0.0,1.0,2.6,-8.98,True
1.03,0.025,1.01,0.1,0.1,0.25,0.75,2.6,-7.78,True
1.03,0.025,1.01,0.1,0.1,0.5,0.5,2.61,-6.64,True
1.03,0.025,1.01,0.1,0.1,0.75,0.25,2.61,-6.69,True
1.03,0.025,1.01,0.1,0.1,1.0,0.0,2.61,-6.74,True
1.03,0.025,1.01,0.1,0.2,0.0,1.0,3.98,-10.11,True
1.03,0.025,1.01,0.1,0.2,0.25,0.75,3.97,-10.2,True
1.03,0.025,1.01,0.1,0.2,0.5,0.5,3.96,-10.3,True
1.03,0.025,1.01,0.1,0.2,0.75,0.25,3.95,-10.4,True
1.03,0.025,1.01,0.1,0.2,1.0,0.0,3.94,-10.5,True
1.03,0.025,1.01,0.1,0.3,0.0,1.0,5.05,-12.65,True
1.03,0.025,1.01,0.1,0.3,0.25,0.75,5.03,-12.63,True
1.03,0.025,1.01,0.1,0.3,0.5,0.5,5.01,-12.6,True
1.03,0.025,1.01,0.1,0.3,0.75,0.25,4.99,-12.7,True
1.03,0.025,1.01,0.1,0.3,1.0,0.0,4.97,-12.85,True
1.03,0.025,1.01,0.2,0.0,0.0,1.0,2.38,-9.05,True
1.03,0.025,1.01,0.2,0.0,0.25,0.75,2.32,-7.88,True
1.03,0.025,1.01,0.2,0.0,0.5,0.5,2.26,-6.65,True
1.03,0.025,1.01,0.2,0.0,0.75,0.25,2.19,-5.35,True
1.03,0.025,1.01,0.2,0.0,1.0,0.0,2.12,-3.98,True
1.03,0.025,1.01,0.2,0.1,0.0,1.0,3.83,-5.94,True
1.03,0.025,1.01,0.2,0.1,0.25,0.75,3.77,-5.1,True
1.03,0.025,1.01,0.2,0.1,0.5,0.5,3.71,-5.19,True
1.03,0.025,1.01,0.2,0.1,0.75,0.25,3.65,-5.33,True
1.03,0.025,1.01,0.2,0.1,1.0,0.0,3.58,-5.48,True
1.03,0.025,1.01,0.2,0.2,0.0,1.0,4.92,-8.85,True
1.03,0.025,1.01,0.2,0.2,0.25,0.75,4.87,-8.82,True
1.03,0.025,1.01,0.2,0.2,0.5,0.5,4.82,-8.79,True
1.03,0.025,1.01,0.2,0.2,0.75,0.25,4.76,-8.76,True
1.03,0.025,1.01,0.2,0.2,1.0,0.0,4.69,-8.96,True
1.03,0.025,1.01,0.2,0.3,0.0,1.0,5.78,-12.78,True
1.03,0.025,1.01,0.2,0.3,0.25,0.75,5.73,-12.76,True
1.03,0.025,1.01,0.2,0.3,0.5,0.5,5.67,-12.72,True
1.03,0.025,1.01,0.2,0.3,0.75,0.25,5.6,-12.68,True
1.03,0.025,1.01,0.2,0.3,1.0,0.0,5.53,-12.63,True
1.03,0.025,1.01,0.3,0.0,0.0,1.0,3.31,-9.97,True
1.03,0.025,1.01,0.3,0.0,0.25,0.75,3.21,-9.04,True
1.03,0.025,1.01,0.3,0.0,0.5,0.5,3.1,-8.04,True
1.03,0.025,1.01,0.3,0.0,0.75,0.25,2.99,-6.98,True
1.03,0.025,1.01,0.3,0.0,1.0,0.0,2.87,-5.83,True
1.03,0.025,1.01,0.3,0.1,0.0,1.0,4.57,-8.05,True
1.03,0.025,1.01,0.3,0.1,0.25,0.75,4.48,-7.18,True
1.03,0.025,1.01,0.3,0.1,0.5,0.5,4.38,-6.25,True
1.03,0.025,1.01,0.3,0.1,0.75,0.25,4.28,-5.27,True
1.03,0.025,1.01,0.3,0.1,1.0,0.0,4.16,-4.89,True
1.03,0.025,1.01,0.3,0.2,0.0,1.0,5.54,-8.86,True
1.03,0.025,1.01,0.3,0.2,0.25,0.75,5.45,-8.85,True
1.03,0.025,1.01,0.3,0.2,0.5,0.5,5.36,-8.84,True
1.03,0.025,1.01,0.3,0.2,0.75,0.25,5.26,-8.83,True
1.03,0.025,1.01,0.3,0.2,1.0,0.0,5.15,-8.78,True
1.03,0.025,1.01,0.3,0.3,0.0,1.0,6.28,-12.77,True
1.03,0.025,1.01,0.3,0.3,0.25,0.75,6.2,-12.76,True
1.03,0.025,1.01,0.3,0.3,0.5,0.5,6.11,-12.74,True
1.03,0.025,1.01,0.3,0.3,0.75,0.25,6.02,-12.73,True
1.03,0.025,1.01,0.3,0.3,1.0,0.0,5.92,-12.71,True
1.03,0.025,1.01,0.4,0.0,0.0,1.0,4.05,-10.26,True
1.03,0.025,1.01,0.4,0.0,0.25,0.75,3.92,-9.33,True
1.03,0.025,1.01,0.4,0.0,0.5,0.5,3.77,-8.33,True
1.03,0.025,1.01,0.4,0.0,0.75,0.25,3.62,-7.23,True
1.03,0.025,1.01,0.4,0.0,1.0,0.0,3.46,-6.04,True
1.03,0.025,1.01,0.4,0.1,0.0,1.0,5.18,-8.48,True
1.03,0.025,1.01,0.4,0.1,0.25,0.75,5.06,-7.6,True
1.03,0.025,1.01,0.4,0.1,0.5,0.5,4.93,-6.65,True
1.03,0.025,1.01,0.4,0.1,0.75,0.25,4.8,-5.62,True
1.03,0.025,1.01,0.4,0.1,1.0,0.0,4.65,-4.59,True
1.03,0.025,1.01,0.4,0.2,0.0,1.0,5.91,-8.88,True
1.03,0.025,1.01,0.4,0.2,0.25,0.75,5.81,-8.87,True
1.03,0.025,1.01,0.4,0.2,0.5,0.5,5.69,-8.85,True
1.03,0.025,1.01,0.4,0.2,0.75,0.25,5.57,-8.84,True
1.03,0.025,1.01,0.4,0.2,1.0,0.0,5.44,-8.82,True
1.03,0.025,1.01,0.4,0.3,0.0,1.0,6.52,-12.87,True
1.03,0.025,1.01,0.4,0.3,0.25,0.75,6.43,-12.84,True
1.03,0.025,1.01,0.4,0.3,0.5,0.5,6.33,-12.82,True
1.03,0.025,1.01,0.4,0.3,0.75,0.25,6.22,-12.8,True
1.03,0.025,1.01,0.4,0.3,1.0,0.0,6.11,-12.77,True
1.03,0.025,1.02,0.1,0.0,0.0,1.0,0.59,-13.64,True
1.03,0.025,1.02,0.1,0.0,0.25,0.75,0.61,-12.17,True
1.03,0.025,1.02,0.1,0.0,0.5,0.5,0.63,-10.68,True
1.03,0.025,1.02,0.1,0.0,0.75,0.25,0.64,-9.15,True
1.03,0.025,1.02,0.1,0.0,1.0,0.0,0.66,-7.54,True
1.03,0.025,1.02,0.1,0.1,0.0,1.0,2.48,-9.02,True
1.03,0.025,1.02,0.1,0.1,0.25,0.75,2.48,-7.81,True
1.03,0.025,1.02,0.1,0.1,0.5,0.5,2.48,-6.88,True
1.03,0.025,1.02,0.1,0.1,0.75,0.25,2.49,-6.92,True
1.03,0.025,1.02,0.1,0.1,1.0,0.0,2.49,-6.96,True
1.03,0.025,1.02,0.1,0.2,0.0,1.0,3.86,-10.49,True
1.03,0.025,1.02,0.1,0.2,0.25,0.75,3.86,-10.57,True
1.03,0.025,1.02,0.1,0.2,0.5,0.5,3.85,-10.65,True
1.03,0.025,1.02,0.1,0.2,0.75,0.25,3.84,-10.73,True
1.03,0.025,1.02,0.1,0.2,1.0,0.0,3.83,-10.81,True
1.03,0.025,1.02,0.1,0.3,0.0,1.0,4.94,-12.69,True
1.03,0.025,1.02,0.1,0.3,0.25,0.75,4.93,-12.81,True
1.03,0.025,1.02,0.1,0.3,0.5,0.5,4.91,-12.93,True
1.03,0.025,1.02,0.1,0.3,0.75,0.25,4.89,-13.06,True
1.03,0.025,1.02,0.1,0.3,1.0,0.0,4.87,-13.19,True
1.03,0.025,1.02,0.2,0.0,0.0,1.0,1.93,-9.05,True
1.03,0.025,1.02,0.2,0.0,0.25,0.75,1.88,-8.08,True
1.03,0.025,1.02,0.2,0.0,0.5,0.5,1.84,-7.23,True
1.03,0.025,1.02,0.2,0.0,0.75,0.25,1.79,-6.37,True
1.03,0.025,1.02,0.2,0.0,1.0,0.0,1.73,-5.52,True
1.03,0.025,1.02,0.2,0.1,0.0,1.0,3.47,-9.72,True
1.03,0.025,1.02,0.2,0.1,0.25,0.75,3.43,-8.86,True
1.03,0.025,1.02,0.2,0.1,0.5,0.5,3.38,-8.01,True
1.03,0.025,1.02,0.2,0.1,0.75,0.25,3.33,-7.15,True
1.03,0.025,1.02,0.2,0.1,1.0,0.0,3.28,-6.3,True
1.03,0.025,1.02,0.2,0.2,0.0,1.0,4.61,-9.63,True
1.03,0.025,1.02,0.2,0.2,0.25,0.75,4.57,-9.05,True
1.03,0.025,1.02,0.2,0.2,0.5,0.5,4.52,-9.22,True
1.03,0.025,1.02,0.2,0.2,0.75,0.25,4.47,-9.4,True
1.03,0.025,1.02,0.2,0.2,1.0,0.0,4.42,-9.59,True
1.03,0.025,1.02,0.2,0.3,0.0,1.0,5.52,-12.71,True
1.03,0.025,1.02,0.2,0.3,0.25,0.75,5.47,-12.71,True
1.03,0.025,1.02,0.2,0.3,0.5,0.5,5.42,-12.69,True
1.03,0.025,1.02,0.2,0.3,0.75,0.25,5.37,-12.66,True
1.03,0.025,1.02,0.2,0.3,1.0,0.0,5.31,-12.64,True
1.03,0.025,1.02,0.3,0.0,0.0,1.0,2.62,-11.04,True
1.03,0.025,1.02,0.3,0.0,0.25,0.75,2.55,-10.06,True
1.03,0.025,1.02,0.3,0.0,0.5,0.5,2.48,-9.0,True
1.03,0.025,1.02,0.3,0.0,0.75,0.25,2.39,-7.87,True
1.03,0.025,1.02,0.3,0.0,1.0,0.0,2.3,-6.65,True
1.03,0.025,1.02,0.3,0.1,0.0,1.0,4.03,-9.34,True
1.03,0.025,1.02,0.3,0.1,0.25,0.75,3.97,-8.44,True
1.03,0.025,1.02,0.3,0.1,0.5,0.5,3.9,-7.54,True
1.03,0.025,1.02,0.3,0.1,0.75,0.25,3.81,-6.65,True
1.03,0.025,1.02,0.3,0.1,1.0,0.0,3.73,-5.76,True
1.03,0.025,1.02,0.3,0.2,0.0,1.0,5.1,-8.97,True
1.03,0.025,1.02,0.3,0.2,0.25,0.75,5.03,-8.8,True
1.03,0.025,1.02,0.3,0.2,0.5,0.5,4.96,-8.81,True
1.03,0.025,1.02,0.3,0.2,0.75,0.25,4.89,-8.82,True
1.03,0.025,1.02,0.3,0.2,1.0,0.0,4.8,-8.8,True
1.03,0.025,1.02,0.3,0.3,0.0,1.0,5.88,-12.68,True
1.03,0.025,1.02,0.3,0.3,0.25,0.75,5.82,-12.69,True
1.03,0.025,1.02,0.3,0.3,0.5,0.5,5.76,-12.7,True
1.03,0.025,1.02,0.3,0.3,0.75,0.25,5.68,-12.71,True
1.03,0.025,1.02,0.3,0.3,1.0,0.0,5.6,-12.71,True
1.03,0.025,1.02,0.4,0.0,0.0,1.0,3.23,-11.33,True
1.03,0.025,1.02,0.4,0.0,0.25,0.75,3.13,-10.35,True
1.03,0.025,1.02,0.4,0.0,0.5,0.5,3.03,-9.28,True
1.03,0.025,1.02,0.4,0.0,0.75,0.25,2.91,-8.12,True
1.03,0.025,1.02,0.4,0.0,1.0,0.0,2.79,-6.85,True
1.03,0.025,1.02,0.4,0.1,0.0,1.0,4.52,-9.55,True
1.03,0.025,1.02,0.4,0.1,0.25,0.75,4.44,-8.61,True
1.03,0.025,1.02,0.4,0.1,0.5,0.5,4.34,-7.66,True
1.03,0.025,1.02,0.4,0.1,0.75,0.25,4.23,-6.73,True
1.03,0.025,1.02,0.4,0.1,1.0,0.0,4.12,-5.79,True
1.03,0.025,1.02,0.4,0.2,0.0,1.0,5.34,-8.84,True
1.03,0.025,1.02,0.4,0.2,0.25,0.75,5.26,-8.78,True
1.03,0.025,1.02,0.4,0.2,0.5,0.5,5.18,-8.79,True
1.03,0.025,1.02,0.4,0.2,0.75,0.25,5.09,-8.8,True
1.03,0.025,1.02,0.4,0.2,1.0,0.0,4.99,-8.81,True
1.03,0.025,1.02,0.4,0.3,0.0,1.0,6.03,-12.65,True
1.03,0.025,1.02,0.4,0.3,0.25,0.75,5.97,-12.66,True
1.03,0.025,1.02,0.4,0.3,0.5,0.5,5.9,-12.67,True
1.03,0.025,1.02,0.4,0.3,0.75,0.25,5.81,-12.69,True
1.03,0.025,1.02,0.4,0.3,1.0,0.0,5.73,-12.7,True
1.03,0.03,0.95,0.1,0.0,0.0,1.0,-0.32,-16.6,True
1.03,0.03,0.95,0.1,0.0,0.25,0.75,-0.23,-14.84,True
1.03,0.03,0.95,0.1,0.0,0.5,0.5,-0.15,-13.08,True
1.03,0.03,0.95,0.1,0.0,0.75,0.25,-0.06,-11.31,True
1.03,0.03,0.95,0.1,0.0,1.0,0.0,0.02,-9.53,True
1.03,0.03,0.95,0.1,0.1,0.0,1.0,1.03,-18.65,True
1.03,0.03,0.95,0.1,0.1,0.25,0.75,1.11,-17.48,True
1.03,0.03,0.95,0.1,0.1,0.5,0.5,1.18,-16.31,True
1.03,0.03,0.95,0.1,0.1,0.75,0.25,1.26,-15.13,True
1.03,0.03,0.95,0.1,0.1,1.0,0.0,1.33,-13.95,True
1.03,0.03,0.95,0.1,0.2,0.0,1.0,2.07,-21.84,True
1.03,0.03,0.95,0.1,0.2,0.25,0.75,2.14,-20.73,True
1.03,0.03,0.95,0.1,0.2,0.5,0.5,2.21,-19.61,True
1.03,0.03,0.95,0.1,0.2,0.75,0.25,2.28,-18.49,True
1.03,0.03,0.95,0.1,0.2,1.0,0.0,2.34,-17.37,True
1.03,0.03,0.95,0.1,0.3,0.0,1.0,3.05,-21.81,True
1.03,0.03,0.95,0.1,0.3,0.25,0.75,3.1,-21.04,True
1.03,0.03,0.95,0.1,0.3,0.5,0.5,3.15,-20.24,True
1.03,0.03,0.95,0.1,0.3,0.75,0.25,3.19,-19.43,True
1.03,0.03,0.95,0.1,0.3,1.0,0.0,3.24,-18.59,True
1.03,0.03,0.95,0.2,0.0,0.0,1.0,-0.5,-26.33,True
1.03,0.03,0.95,0.2,0.0,0.25,0.75,-0.35,-23.96,True
1.03,0.03,0.95,0.2,0.0,0.5,0.5,-0.2,-21.49,True
1.03,0.03,0.95,0.2,0.0,0.75,0.25,-0.06,-18.92,True
1.03,0.03,0.95,0.2,0.0,1.0,0.0,0.08,-16.24,True
1.03,0.03,0.95,0.2,0.1,0.0,1.0,1.33,-22.03,True
1.03,0.03,0.95,0.2,0.1,0.25,0.75,1.41,-20.73,True
1.03,0.03,0.95,0.2,0.1,0.5,0.5,1.48,-19.39,True
1.03,0.03,0.95,0.2,0.1,0.75,0.25,1.55,-17.99,True
1.03,0.03,0.95,0.2,0.1,1.0,0.0,1.62,-16.54,True
1.03,0.03,0.95,0.2,0.2,0.0,1.0,2.64,-21.94,True
1.03,0.03,0.95,0.2,0.2,0.25,0.75,2.68,-20.88,True
1.03,0.03,0.95,0.2,0.2,0.5,0.5,2.72,-19.79,True
1.03,0.03,0.95,0.2,0.2,0.75,0.25,2.76,-18.66,True
1.03,0.03,0.95,0.2,0.2,1.0,0.0,2.79,-17.48,True
1.03,0.03,0.95,0.2,0.3,0.0,1.0,3.65,-21.88,True
1.03,0.03,0.95,0.2,0.3,0.25,0.75,3.67,-20.99,True
1.03,0.03,0.95,0.2,0.3,0.5,0.5,3.69,-20.07,True
1.03,0.03,0.95,0.2,0.3,0.75,0.25,3.71,-19.13,True
1.03,0.03,0.95,0.2,0.3,1.0,0.0,3.72,-18.15,True
1.03,0.03,0.95,0.3,0.0,0.0,1.0,1.05,-22.17,True
1.03,0.03,0.95,0.3,0.0,0.25,0.75,1.08,-20.55,True
1.03,0.03,0.95,0.3,0.0,0.5,0.5,1.12,-18.85,True
1.03,0.03,0.95,0.3,0.0,0.75,0.25,1.14,-17.04,True
1.03,0.03,0.95,0.3,0.0,1.0,0.0,1.17,-15.13,True
1.03,0.03,0.95,0.3,0.1,0.0,1.0,2.39,-22.06,True
1.03,0.03,0.95,0.3,0.1,0.25,0.75,2.41,-20.73,True
1.03,0.03,0.95,0.3,0.1,0.5,0.5,2.43,-19.32,True
1.03,0.03,0.95,0.3,0.1,0.75,0.25,2.44,-17.84,True
1.03,0.03,0.95,0.3,0.1,1.0,0.0,2.45,-16.27,True
1.03,0.03,0.95,0.3,0.2,0.0,1.0,3.4,-21.99,True
1.03,0.03,0.95,0.3,0.2,0.25,0.75,3.41,-20.85,True
1.03,0.03,0.95,0.3,0.2,0.5,0.5,3.41,-19.66,True
1.03,0.03,0.95,0.3,0.2,0.75,0.25,3.41,-18.42,True
1.03,0.03,0.95,0.3,0.2,1.0,0.0,3.4,-17.1,True
1.03,0.03,0.95,0.3,0.3,0.0,1.0,4.22,-21.93,True
1.03,0.03,0.95,0.3,0.3,0.25,0.75,4.22,-20.95,True
1.03,0.03,0.95,0.3,0.3,0.5,0.5,4.22,-19.93,True
1.03,0.03,0.95,0.3,0.3,0.75,0.25,4.21,-18.86,True
1.03,0.03,0.95,0.3,0.3,1.0,0.0,4.19,-17.75,True
1.03,0.03,0.95,0.4,0.0,0.0,1.0,1.91,-23.23,True
1.03,0.03,0.95,0.4,0.0,0.25,0.75,1.92,-20.94,True
1.03,0.03,0.95,0.4,0.0,0.5,0.5,1.91,-18.91,True
1.03,0.03,0.95,0.4,0.0,0.75,0.25,1.9,-17.09,True
1.03,0.03,0.95,0.4,0.0,1.0,0.0,1.88,-15.13,True
1.03,0.03,0.95,0.4,0.1,0.0,1.0,3.04,-22.08,True
1.03,0.03,0.95,0.4,0.1,0.25,0.75,3.03,-20.74,True
1.03,0.03,0.95,0.4,0.1,0.5,0.5,3.01,-19.31,True
1.03,0.03,0.95,0.4,0.1,0.75,0.25,2.99,-17.77,True
1.03,0.03,0.95,0.4,0.1,1.0,0.0,2.96,-16.13,True
1.03,0.03,0.95,0.4,0.2,0.0,1.0,3.98,-22.02,True
1.03,0.03,0.95,0.4,0.2,0.25,0.75,3.96,-20.85,True
1.03,0.03,0.95,0.4,0.2,0.5,0.5,3.94,-19.61,True
1.03,0.03,0.95,0.4,0.2,0.75,0.25,3.9,-18.28,True
1.03,0.03,0.95,0.4,0.2,1.0,0.0,3.86,-16.87,True
1.03,0.03,0.95,0.4,0.3,0.0,1.0,4.75,-21.97,True
1.03,0.03,0.95,0.4,0.3,0.25,0.75,4.73,-20.93,True
1.03,0.03,0.95,0.4,0.3,0.5,0.5,4.69,-19.84,True
1.03,0.03,0.95,0.4,0.3,0.75,0.25,4.65,-18.69,True
1.03,0.03,0.95,0.4,0.3,1.0,0.0,4.6,-17.47,True
1.03,0.03,0.97,0.1,0.0,0.0,1.0,0.31,-14.09,True
1.03,0.03,0.97,0.1,0.0,0.25,0.75,0.34,-12.5,True
1.03,0.03,0.97,0.1,0.0,0.5,0.5,0.36,-10.92,True
1.03,0.03,0.97,0.1,0.0,0.75,0.25,0.39,-9.32,True
1.03,0.03,0.97,0.1,0.0,1.0,0.0,0.4,-7.72,True
1.03,0.03,0.97,0.1,0.1,0.0,1.0,1.55,-12.21,True
1.03,0.03,0.97,0.1,0.1,0.25,0.75,1.58,-10.61,True
1.03,0.03,0.97,0.1,0.1,0.5,0.5,1.61,-9.01,True
1.03,0.03,0.97,0.1,0.1,0.75,0.25,1.63,-7.41,True
1.03,0.03,0.97,0.1,0.1,1.0,0.0,1.65,-5.8,True
1.03,0.03,0.97,0.1,0.2,0.0,1.0,2.53,-10.26,True
1.03,0.03,0.97,0.1,0.2,0.25,0.75,2.56,-9.09,True
1.03,0.03,0.97,0.1,0.2,0.5,0.5,2.58,-9.11,True
1.03,0.03,0.97,0.1,0.2,0.75,0.25,2.61,-9.14,True
1.03,0.03,0.97,0.1,0.2,1.0,0.0,2.63,-9.18,True
1.03,0.03,0.97,0.1,0.3,0.0,1.0,3.38,-11.72,True
1.03,0.03,0.97,0.1,0.3,0.25,0.75,3.4,-11.76,True
1.03,0.03,0.97,0.1,0.3,0.5,0.5,3.42,-11.8,True
1.03,0.03,0.97,0.1,0.3,0.75,0.25,3.44,-11.85,True
1.03,0.03,0.97,0.1,0.3,1.0,0.0,3.46,-11.9,True
1.03,0.03,0.97,0.2,0.0,0.0,1.0,0.68,-22.23,True
1.03,0.03,0.97,0.2,0.0,0.25,0.75,0.72,-20.09,True
1.03,0.03,0.97,0.2,0.0,0.5,0.5,0.76,-17.86,True
1.03,0.03,0.97,0.2,0.0,0.75,0.25,0.8,-15.53,True
1.03,0.03,0.97,0.2,0.0,1.0,0.0,0.82,-13.1,True
1.03,0.03,0.97,0.2,0.1,0.0,1.0,2.16,-18.17,True
1.03,0.03,0.97,0.2,0.1,0.25,0.75,2.16,-16.28,True
1.03,0.03,0.97,0.2,0.1,0.5,0.5,2.16,-14.31,True
1.03,0.03,0.97,0.2,0.1,0.75,0.25,2.16,-12.24,True
1.03,0.03,0.97,0.2,0.1,1.0,0.0,2.15,-9.98,True
1.03,0.03,0.97,0.2,0.2,0.0,1.0,3.28,-13.77,True
1.03,0.03,0.97,0.2,0.2,0.25,0.75,3.26,-12.01,True
1.03,0.03,0.97,0.2,0.2,0.5,0.5,3.24,-10.18,True
1.03,0.03,0.97,0.2,0.2,0.75,0.25,3.22,-8.25,True
1.03,0.03,0.97,0.2,0.2,1.0,0.0,3.19,-7.97,True
1.03,0.03,0.97,0.2,0.3,0.0,1.0,4.18,-9.95,True
1.03,0.03,0.97,0.2,0.3,0.25,0.75,4.15,-9.95,True
1.03,0.03,0.97,0.2,0.3,0.5,0.5,4.12,-9.95,True
1.03,0.03,0.97,0.2,0.3,0.75,0.25,4.08,-9.96,True
1.03,0.03,0.97,0.2,0.3,1.0,0.0,4.05,-10.19,True
1.03,0.03,0.97,0.3,0.0,0.0,1.0,2.45,-18.64,True
1.03,0.03,0.97,0.3,0.0,0.25,0.75,2.35,-17.04,True
1.03,0.03,0.97,0.3,0.0,0.5,0.5,2.26,-15.45,True
1.03,0.03,0.97,0.3,0.0,0.75,0.25,2.15,-13.87,True
1.03,0.03,0.97,0.3,0.0,1.0,0.0,2.04,-12.3,True
1.03,0.03,0.97,0.3,0.1,0.0,1.0,3.48,-14.24,True
1.03,0.03,0.97,0.3,0.1,0.25,0.75,3.39,-12.71,True
1.03,0.03,0.97,0.3,0.1,0.5,0.5,3.31,-11.18,True
1.03,0.03,0.97,0.3,0.1,0.75,0.25,3.21,-9.67,True
1.03,0.03,0.97,0.3,0.1,1.0,0.0,3.12,-8.18,True
1.03,0.03,0.97,0.3,0.2,0.0,1.0,4.29,-12.02,True
1.03,0.03,0.97,0.3,0.2,0.25,0.75,4.22,-10.15,True
1.03,0.03,0.97,0.3,0.2,0.5,0.5,4.13,-8.17,True
1.03,0.03,0.97,0.3,0.2,0.75,0.25,4.04,-6.63,True
1.03,0.03,0.97,0.3,0.2,1.0,0.0,3.95,-6.63,True
1.03,0.03,0.97,0.3,0.3,0.0,1.0,4.98,-10.33,True
1.03,0.03,0.97,0.3,0.3,0.25,0.75,4.9,-9.95,True
1.03,0.03,0.97,0.3,0.3,0.5,0.5,4.82,-9.95,True
1.03,0.03,0.97,0.3,0.3,0.75,0.25,4.73,-9.95,True
1.03,0.03,0.97,0.3,0.3,1.0,0.0,4.64,-9.95,True
1.03,0.03,0.97,0.4,0.0,0.0,1.0,3.53,-18.96,True
1.03,0.03,0.97,0.4,0.0,0.25,0.75,3.38,-17.04,True
1.03,0.03,0.97,0.4,0.0,0.5,0.5,3.23,-15.45,True
1.03,0.03,0.97,0.4,0.0,0.75,0.25,3.06,-13.87,True
1.03,0.03,0.97,0.4,0.0,1.0,0.0,2.89,-12.3,True
1.03,0.03,0.97,0.4,0.1,0.0,1.0,4.34,-17.51,True
1.03,0.03,0.97,0.4,0.1,0.25,0.75,4.21,-15.44,True
1.03,0.03,0.97,0.4,0.1,0.5,0.5,4.07,-13.24,True
1.03,0.03,0.97,0.4,0.1,0.75,0.25,3.92,-10.89,True
1.03,0.03,0.97,0.4,0.1,1.0,0.0,3.76,-8.81,True
1.03,0.03,0.97,0.4,0.2,0.0,1.0,5.05,-15.73,True
1.03,0.03,0.97,0.4,0.2,0.25,0.75,4.93,-13.76,True
1.03,0.03,0.97,0.4,0.2,0.5,0.5,4.8,-11.65,True
1.03,0.03,0.97,0.4,0.2,0.75,0.25,4.66,-9.39,True
1.03,0.03,0.97,0.4,0.2,1.0,0.0,4.51,-6.89,True
1.03,0.03,0.97,0.4,0.3,0.0,1.0,5.66,-12.85,True
1.03,0.03,0.97,0.4,0.3,0.25,0.75,5.55,-10.93,True
1.03,0.03,0.97,0.4,0.3,0.5,0.5,5.42,-9.95,True
1.03,0.03,0.97,0.4,0.3,0.75,0.25,5.29,-9.95,True
1.03,0.03,0.97,0.4,0.3,1.0,0.0,5.15,-9.95,True
1.03,0.03,0.99,0.1,0.0,0.0,1.0,0.89,-11.2,True
1.03,0.03,0.99,0.1,0.0,0.25,0.75,0.86,-9.93,True
1.03,0.03,0.99,0.1,0.0,0.5,0.5,0.83,-8.67,True
1.03,0.03,0.99,0.1,0.0,0.75,0.25,0.8,-7.4,True
1.03,0.03,0.99,0.1,0.0,1.0,0.0,0.76,-6.13,True
1.03,0.03,0.99,0.1,0.1,0.0,1.0,2.05,-9.37,True
1.03,0.03,0.99,0.1,0.1,0.25,0.75,2.02,-8.09,True
1.03,0.03,0.99,0.1,0.1,0.5,0.5,2.0,-6.81,True
1.03,0.03,0.99,0.1,0.1,0.75,0.25,1.98,-5.53,True
1.03,0.03,0.99,0.1,0.1,1.0,0.0,1.95,-5.17,True
1.03,0.03,0.99,0.1,0.2,0.0,1.0,2.97,-8.38,True
1.03,0.03,0.99,0.1,0.2,0.25,0.75,2.95,-8.46,True
1.03,0.03,0.99,0.1,0.2,0.5,0.5,2.93,-8.56,True
1.03,0.03,0.99,0.1,0.2,0.75,0.25,2.92,-8.65,True
1.03,0.03,0.99,0.1,0.2,1.0,0.0,2.89,-8.75,True
1.03,0.03,0.99,0.1,0.3,0.0,1.0,3.73,-10.97,True
1.03,0.03,0.99,0.1,0.3,0.25,0.75,3.72,-11.08,True
1.03,0.03,0.99,0.1,0.3,0.5,0.5,3.71,-11.19,True
1.03,0.03,0.99,0.1,0.3,0.75,0.25,3.69,-11.3,True
1.03,0.03,0.99,0.1,0.3,1.0,0.0,3.68,-11.42,True
1.03,0.03,0.99,0.2,0.0,0.0,1.0,1.77,-17.52,True
1.03,0.03,0.99,0.2,0.0,0.25,0.75,1.71,-15.83,True
1.03,0.03,0.99,0.2,0.0,0.5,0.5,1.64,-14.07,True
1.03,0.03,0.99,0.2,0.0,0.75,0.25,1.58,-12.24,True
1.03,0.03,0.99,0.2,0.0,1.0,0.0,1.5,-10.33,True
1.03,0.03,0.99,0.2,0.1,0.0,1.0,2.96,-13.81,True
1.03,0.03,0.99,0.2,0.1,0.25,0.75,2.88,-12.37,True
1.03,0.03,0.99,0.2,0.1,0.5,0.5,2.8,-10.85,True
1.03,0.03,0.99,0.2,0.1,0.75,0.25,2.72,-9.25,True
1.03,0.03,0.99,0.2,0.1,1.0,0.0,2.64,-7.47,True
1.03,0.03,0.99,0.2,0.2,0.0,1.0,3.91,-9.75,True
1.03,0.03,0.99,0.2,0.2,0.25,0.75,3.82,-8.42,True
1.03,0.03,0.99,0.2,0.2,0.5,0.5,3.74,-7.03,True
1.03,0.03,0.99,0.2,0.2,0.75,0.25,3.65,-7.26,True
1.03,0.03,0.99,0.2,0.2,1.0,0.0,3.57,-7.49,True
1.03,0.03,0.99,0.2,0.3,0.0,1.0,4.71,-9.78,True
1.03,0.03,0.99,0.2,0.3,0.25,0.75,4.62,-9.78,True
1.03,0.03,0.99,0.2,0.3,0.5,0.5,4.54,-9.78,True
1.03,0.03,0.99,0.2,0.3,0.75,0.25,4.44,-9.78,True
1.03,0.03,0.99,0.2,0.3,1.0,0.0,4.35,-9.78,True
1.03,0.03,0.99,0.3,0.0,0.0,1.0,3.6,-10.2,True
1.03,0.03,0.99,0.3,0.0,0.25,0.75,3.4,-9.2,True
1.03,0.03,0.99,0.3,0.0,0.5,0.5,3.19,-8.23,True
1.03,0.03,0.99,0.3,0.0,0.75,0.25,2.98,-7.27,True
1.03,0.03,0.99,0.3,0.0,1.0,0.0,2.76,-6.32,True
1.03,0.03,0.99,0.3,0.1,0.0,1.0,4.41,-8.9,True
1.03,0.03,0.99,0.3,0.1,0.25,0.75,4.23,-7.48,True
1.03,0.03,0.99,0.3,0.1,0.5,0.5,4.05,-5.98,True
1.03,0.03,0.99,0.3,0.1,0.75,0.25,3.87,-4.91,True
1.03,0.03,0.99,0.3,0.1,1.0,0.0,3.68,-4.43,True
1.03,0.03,0.99,0.3,0.2,0.0,1.0,5.08,-7.68,True
1.03,0.03,0.99,0.3,0.2,0.25,0.75,4.92,-6.5,True
1.03,0.03,0.99,0.3,0.2,0.5,0.5,4.75,-6.5,True
1.03,0.03,0.99,0.3,0.2,0.75,0.25,4.58,-6.5,True
1.03,0.03,0.99,0.3,0.2,1.0,0.0,4.41,-6.5,True
1.03,0.03,0.99,0.3,0.3,0.0,1.0,5.65,-9.78,True
1.03,0.03,0.99,0.3,0.3,0.25,0.75,5.5,-9.78,True
1.03,0.03,0.99,0.3,0.3,0.5,0.5,5.35,-9.78,True
1.03,0.03,0.99,0.3,0.3,0.75,0.25,5.19,-9.78,True
1.03,0.03,0.99,0.3,0.3,1.0,0.0,5.02,-9.78,True
1.03,0.03,0.99,0.4,0.0,0.0,1.0,4.73,-14.05,True
1.03,0.03,0.99,0.4,0.0,0.25,0.75,4.48,-12.44,True
1.03,0.03,0.99,0.4,0.0,0.5,0.5,4.21,-10.72,True
1.03,0.03,0.99,0.4,0.0,0.75,0.25,3.93,-8.89,True
1.03,0.03,0.99,0.4,0.0,1.0,0.0,3.63,-6.93,True
1.03,0.03,0.99,0.4,0.1,0.0,1.0,5.37,-12.95,True
1.03,0.03,0.99,0.4,0.1,0.25,0.75,5.13,-11.31,True
1.03,0.03,0.99,0.4,0.1,0.5,0.5,4.89,-9.57,True
1.03,0.03,0.99,0.4,0.1,0.75,0.25,4.64,-7.72,True
1.03,0.03,0.99,0.4,0.1,1.0,0.0,4.37,-5.74,True
1.03,0.03,0.99,0.4,0.2,0.0,1.0,5.94,-11.58,True
1.03,0.03,0.99,0.4,0.2,0.25,0.75,5.72,-10.01,True
1.03,0.03,0.99,0.4,0.2,0.5,0.5,5.5,-8.33,True
1.03,0.03,0.99,0.4,0.2,0.75,0.25,5.27,-6.88,True
1.03,0.03,0.99,0.4,0.2,1.0,0.0,5.03,-6.5,True
1.03,0.03,0.99,0.4,0.3,0.0,1.0,6.45,-9.78,True
1.03,0.03,0.99,0.4,0.3,0.25,0.75,6.25,-9.78,True
1.03,0.03,0.99,0.4,0.3,0.5,0.5,6.04,-9.78,True
1.03,0.03,0.99,0.4,0.3,0.75,0.25,5.83,-9.78,True
1.03,0.03,0.99,0.4,0.3,1.0,0.0,5.6,-9.78,True
1.03,0.03,1.0,0.1,0.0,0.0,1.0,0.62,-11.2,True
1.03,0.03,1.0,0.1,0.0,0.25,0.75,0.61,-9.93,True
1.03,0.03,1.0,0.1,0.0,0.5,0.5,0.59,-8.67,True
1.03,0.03,1.0,0.1,0.0,0.75,0.25,0.58,-7.4,True
1.03,0.03,1.0,0.1,0.0,1.0,0.0,0.56,-6.13,True
1.03,0.03,1.0,0.1,0.1,0.0,1.0,1.8,-9.37,True
1.03,0.03,1.0,0.1,0.1,0.25,0.75,1.8,-8.09,True
1.03,0.03,1.0,0.1,0.1,0.5,0.5,1.79,-6.81,True
1.03,0.03,1.0,0.1,0.1,0.75,0.25,1.78,-5.53,True
1.03,0.03,1.0,0.1,0.1,1.0,0.0,1.77,-5.41,True
1.03,0.03,1.0,0.1,0.2,0.0,1.0,2.75,-8.91,True
1.03,0.03,1.0,0.1,0.2,0.25,0.75,2.75,-8.96,True
1.03,0.03,1.0,0.1,0.2,0.5,0.5,2.74,-9.02,True
1.03,0.03,1.0,0.1,0.2,0.75,0.25,2.74,-9.09,True
1.03,0.03,1.0,0.1,0.2,1.0,0.0,2.73,-9.15,True
1.03,0.03,1.0,0.1,0.3,0.0,1.0,3.55,-11.58,True
1.03,0.03,1.0,0.1,0.3,0.25,0.75,3.55,-11.65,True
1.03,0.03,1.0,0.1,0.3,0.5,0.5,3.55,-11.72,True
1.03,0.03,1.0,0.1,0.3,0.75,0.25,3.55,-11.8,True
1.03,0.03,1.0,0.1,0.3,1.0,0.0,3.54,-11.88,True
1.03,0.03,1.0,0.2,0.0,0.0,1.0,1.3,-17.52,True
1.03,0.03,1.0,0.2,0.0,0.25,0.75,1.26,-15.83,True
1.03,0.03,1.0,0.2,0.0,0.5,0.5,1.22,-14.07,True
1.03,0.03,1.0,0.2,0.0,0.75,0.25,1.18,-12.24,True
1.03,0.03,1.0,0.2,0.0,1.0,0.0,1.14,-10.33,True
1.03,0.03,1.0,0.2,0.1,0.0,1.0,2.57,-13.81,True
1.03,0.03,1.0,0.2,0.1,0.25,0.75,2.52,-12.37,True
1.03,0.03,1.0,0.2,0.1,0.5,0.5,2.47,-10.85,True
1.03,0.03,1.0,0.2,0.1,0.75,0.25,2.41,-9.25,True
1.03,0.03,1.0,0.2,0.1,1.0,0.0,2.35,-7.47,True
1.03,0.03,1.0,0.2,0.2,0.0,1.0,3.58,-9.75,True
1.03,0.03,1.0,0.2,0.2,0.25,0.75,3.52,-8.42,True
1.03,0.03,1.0,0.2,0.2,0.5,0.5,3.46,-7.6,True
1.03,0.03,1.0,0.2,0.2,0.75,0.25,3.39,-7.79,True
1.03,0.03,1.0,0.2,0.2,1.0,0.0,3.33,-7.98,True
1.03,0.03,1.0,0.2,0.3,0.0,1.0,4.42,-9.78,True
1.03,0.03,1.0,0.2,0.3,0.25,0.75,4.36,-9.78,True
1.03,0.03,1.0,0.2,0.3,0.5,0.5,4.29,-9.78,True
1.03,0.03,1.0,0.2,0.3,0.75,0.25,4.22,-10.0,True
1.03,0.03,1.0,0.2,0.3,1.0,0.0,4.14,-10.26,True
1.03,0.03,1.0,0.3,0.0,0.0,1.0,3.03,-10.2,True
1.03,0.03,1.0,0.3,0.0,0.25,0.75,2.86,-9.03,True
1.03,0.03,1.0,0.3,0.0,0.5,0.5,2.68,-7.76,True
1.03,0.03,1.0,0.3,0.0,0.75,0.25,2.51,-6.55,True
1.03,0.03,1.0,0.3,0.0,1.0,0.0,2.33,-5.7,True
1.03,0.03,1.0,0.3,0.1,0.0,1.0,3.91,-8.9,True
1.03,0.03,1.0,0.3,0.1,0.25,0.75,3.77,-7.48,True
1.03,0.03,1.0,0.3,0.1,0.5,0.5,3.62,-5.98,True
1.03,0.03,1.0,0.3,0.1,0.75,0.25,3.47,-4.4,True
1.03,0.03,1.0,0.3,0.1,1.0,0.0,3.31,-3.81,True
1.03,0.03,1.0,0.3,0.2,0.0,1.0,4.64,-7.68,True
1.03,0.03,1.0,0.3,0.2,0.25,0.75,4.51,-6.5,True
1.03,0.03,1.0,0.3,0.2,0.5,0.5,4.37,-6.5,True
1.03,0.03,1.0,0.3,0.2,0.75,0.25,4.23,-6.5,True
1.03,0.03,1.0,0.3,0.2,1.0,0.0,4.09,-6.62,True
1.03,0.03,1.0,0.3,0.3,0.0,1.0,5.25,-9.78,True
1.03,0.03,1.0,0.3,0.3,0.25,0.75,5.13,-9.78,True
1.03,0.03,1.0,0.3,0.3,0.5,0.5,5.01,-9.78,True
1.03,0.03,1.0,0.3,0.3,0.75,0.25,4.88,-9.78,True
1.03,0.03,1.0,0.3,0.3,1.0,0.0,4.75,-9.78,True
1.03,0.03,1.0,0.4,0.0,0.0,1.0,4.08,-14.05,True
1.03,0.03,1.0,0.4,0.0,0.25,0.75,3.86,-12.44,True
1.03,0.03,1.0,0.4,0.0,0.5,0.5,3.63,-10.72,True
1.03,0.03,1.0,0.4,0.0,0.75,0.25,3.39,-8.89,True
1.03,0.03,1.0,0.4,0.0,1.0,0.0,3.14,-6.93,True
1.03,0.03,1.0,0.4,0.1,0.0,1.0,4.79,-12.95,True
1.03,0.03,1.0,0.4,0.1,0.25,0.75,4.59,-11.31,True
1.03,0.03,1.0,0.4,0.1,0.5,0.5,4.38,-9.57,True
1.03,0.03,1.0,0.4,0.1,0.75,0.25,4.17,-7.72,True
1.03,0.03,1.0,0.4,0.1,1.0,0.0,3.95,-5.74,True
1.03,0.03,1.0,0.4,0.2,0.0,1.0,5.41,-11.58,True
1.03,0.03,1.0,0.4,0.2,0.25,0.75,5.23,-10.01,True
1.03,0.03,1.0,0.4,0.2,0.5,0.5,5.05,-8.33,True
1.03,0.03,1.0,0.4,0.2,0.75,0.25,4.86,-6.5,True
1.03,0.03,1.0,0.4,0.2,1.0,0.0,4.66,-6.5,True
1.03,0.03,1.0,0.4,0.3,0.0,1.0,5.97,-9.78,True
1.03,0.03,1.0,0.4,0.3,0.25,0.75,5.8,-9.78,True
1.03,0.03,1.0,0.4,0.3,0.5,0.5,5.63,-9.78,True
1.03,0.03,1.0,0.4,0.3,0.75,0.25,5.45,-9.78,True
1.03,0.03,1.0,0.4,0.3,1.0,0.0,5.26,-9.78,True
1.03,0.03,1.01,0.1,0.0,0.0,1.0,0.66,-5.2,True
1.03,0.03,1.01,0.1,0.0,0.25,0.75,0.64,-4.57,True
1.03,0.03,1.01,0.1,0.0,0.5,0.5,0.62,-3.95,True
1.03,0.03,1.01,0.1,0.0,0.75,0.25,0.6,-3.33,True
1.03,0.03,1.01,0.1,0.0,1.0,0.0,0.57,-2.71,True
1.03,0.03,1.01,0.1,0.1,0.0,1.0,1.87,-5.22,True
1.03,0.03,1.01,0.1,0.1,0.25,0.75,1.86,-5.26,True
1.03,0.03,1.01,0.1,0.1,0.5,0.5,1.84,-5.31,True
1.03,0.03,1.01,0.1,0.1,0.75,0.25,1.82,-5.36,True
1.03,0.03,1.01,0.1,0.1,1.0,0.0,1.8,-5.42,True
1.03,0.03,1.01,0.1,0.2,0.0,1.0,2.83,-8.82,True
1.03,0.03,1.01,0.1,0.2,0.25,0.75,2.81,-8.9,True
1.03,0.03,1.01,0.1,0.2,0.5,0.5,2.8,-8.97,True
1.03,0.03,1.01,0.1,0.2,0.75,0.25,2.79,-9.05,True
1.03,0.03,1.01,0.1,0.2,1.0,0.0,2.77,-9.13,True
1.03,0.03,1.01,0.1,0.3,0.0,1.0,3.62,-11.47,True
1.03,0.03,1.01,0.1,0.3,0.25,0.75,3.62,-11.56,True
1.03,0.03,1.01,0.1,0.3,0.5,0.5,3.61,-11.65,True
1.03,0.03,1.01,0.1,0.3,0.75,0.25,3.59,-11.75,True
1.03,0.03,1.01,0.1,0.3,1.0,0.0,3.58,-11.85,True
1.03,0.03,1.01,0.2,0.0,0.0,1.0,1.16,-11.22,True
1.03,0.03,1.01,0.2,0.0,0.25,0.75,1.14,-9.83,True
1.03,0.03,1.01,0.2,0.0,0.5,0.5,1.12,-8.47,True
1.03,0.03,1.01,0.2,0.0,0.75,0.25,1.1,-7.12,True
1.03,0.03,1.01,0.2,0.0,1.0,0.0,1.06,-5.8,True
1.03,0.03,1.01,0.2,0.1,0.0,1.0,2.4,-9.34,True
1.03,0.03,1.01,0.2,0.1,0.25,0.75,2.37,-7.94,True
1.03,0.03,1.01,0.2,0.1,0.5,0.5,2.34,-6.57,True
1.03,0.03,1.01,0.2,0.1,0.75,0.25,2.3,-5.21,True
1.03,0.03,1.01,0.2,0.1,1.0,0.0,2.26,-4.93,True
1.03,0.03,1.01,0.2,0.2,0.0,1.0,3.43,-7.63,True
1.03,0.03,1.01,0.2,0.2,0.25,0.75,3.38,-7.78,True
1.03,0.03,1.01,0.2,0.2,0.5,0.5,3.33,-7.94,True
1.03,0.03,1.01,0.2,0.2,0.75,0.25,3.28,-8.1,True
1.03,0.03,1.01,0.2,0.2,1.0,0.0,3.23,-8.27,True
1.03,0.03,1.01,0.2,0.3,0.0,1.0,4.28,-9.78,True
1.03,0.03,1.01,0.2,0.3,0.25,0.75,4.22,-9.94,True
1.03,0.03,1.01,0.2,0.3,0.5,0.5,4.17,-10.15,True
1.03,0.03,1.01,0.2,0.3,0.75,0.25,4.11,-10.38,True
1.03,0.03,1.01,0.2,0.3,1.0,0.0,4.04,-10.61,True
1.03,0.03,1.01,0.3,0.0,0.0,1.0,2.28,-9.94,True
1.03,0.03,1.01,0.3,0.0,0.25,0.75,2.16,-8.85,True
1.03,0.03,1.01,0.3,0.0,0.5,0.5,2.05,-7.74,True
1.03,0.03,1.01,0.3,0.0,0.75,0.25,1.93,-6.61,True
1.03,0.03,1.01,0.3,0.0,1.0,0.0,1.8,-5.41,True
1.03,0.03,1.01,0.3,0.1,0.0,1.0,3.44,-5.69,True
1.03,0.03,1.01,0.3,0.1,0.25,0.75,3.32,-4.78,True
1.03,0.03,1.01,0.3,0.1,0.5,0.5,3.21,-3.88,True
1.03,0.03,1.01,0.3,0.1,0.75,0.25,3.08,-4.03,True
1.03,0.03,1.01,0.3,0.1,1.0,0.0,2.96,-4.2,True
1.03,0.03,1.01,0.3,0.2,0.0,1.0,4.35,-6.5,True
1.03,0.03,1.01,0.3,0.2,0.25,0.75,4.23,-6.5,True
1.03,0.03,1.01,0.3,0.2,0.5,0.5,4.12,-6.54,True
1.03,0.03,1.01,0.3,0.2,0.75,0.25,3.99,-6.8,True
1.03,0.03,1.01,0.3,0.2,1.0,0.0,3.87,-7.07,True
1.03,0.03,1.01,0.3,0.3,0.0,1.0,5.1,-9.78,True
1.03,0.03,1.01,0.3,0.3,0.25,0.75,4.98,-9.78,True
1.03,0.03,1.01,0.3,0.3,0.5,0.5,4.87,-9.78,True
1.03,0.03,1.01,0.3,0.3,0.75,0.25,4.75,-9.78,True
1.03,0.03,1.01,0.3,0.3,1.0,0.0,4.63,-9.78,True
1.03,0.03,1.01,0.4,0.0,0.0,1.0,3.55,-7.13,True
1.03,0.03,1.01,0.4,0.0,0.25,0.75,3.36,-6.4,True
1.03,0.03,1.01,0.4,0.0,0.5,0.5,3.16,-5.67,True
1.03,0.03,1.01,0.4,0.0,0.75,0.25,2.95,-4.94,True
1.03,0.03,1.01,0.4,0.0,1.0,0.0,2.73,-4.22,True
1.03,0.03,1.01,0.4,0.1,0.0,1.0,4.47,-4.69,True
1.03,0.03,1.01,0.4,0.1,0.25,0.75,4.29,-3.92,True
1.03,0.03,1.01,0.4,0.1,0.5,0.5,4.1,-3.56,True
1.03,0.03,1.01,0.4,0.1,0.75,0.25,3.91,-3.32,True
1.03,0.03,1.01,0.4,0.1,1.0,0.0,3.71,-3.51,True
1.03,0.03,1.01,0.4,0.2,0.0,1.0,5.26,-6.5,True
1.03,0.03,1.01,0.4,0.2,0.25,0.75,5.09,-6.5,True
1.03,0.03,1.01,0.4,0.2,0.5,0.5,4.91,-6.5,True
1.03,0.03,1.01,0.4,0.2,0.75,0.25,4.72,-6.5,True
1.03,0.03,1.01,0.4,0.2,1.0,0.0,4.53,-6.5,True
1.03,0.03,1.01,0.4,0.3,0.0,1.0,5.87,-9.78,True
1.03,0.03,1.01,0.4,0.3,0.25,0.75,5.71,-9.78,True
1.03,0.03,1.01,0.4,0.3,0.5,0.5,5.54,-9.78,True
1.03,0.03,1.01,0.4,0.3,0.75,0.25,5.36,-9.78,True
1.03,0.03,1.01,0.4,0.3,1.0,0.0,5.18,-9.78,True
1.03,0.03,1.02,0.1,0.0,0.0,1.0,0.48,-5.2,True
1.03,0.03,1.02,0.1,0.0,0.25,0.75,0.47,-4.57,True
1.03,0.03,1.02,0.1,0.0,0.5,0.5,0.45,-3.95,True
1.03,0.03,1.02,0.1,0.0,0.75,0.25,0.43,-3.33,True
1.03,0.03,1.02,0.1,0.0,1.0,0.0,0.42,-2.71,True
1.03,0.03,1.02,0.1,0.1,0.0,1.0,1.75,-5.49,True
1.03,0.03,1.02,0.1,0.1,0.25,0.75,1.74,-5.52,True
1.03,0.03,1.02,0.1,0.1,0.5,0.5,1.72,-5.56,True
1.03,0.03,1.02,0.1,0.1,0.75,0.25,1.71,-5.59,True
1.03,0.03,1.02,0.1,0.1,1.0,0.0,1.7,-5.63,True
1.03,0.03,1.02,0.1,0.2,0.0,1.0,2.73,-9.21,True
1.03,0.03,1.02,0.1,0.2,0.25,0.75,2.73,-9.26,True
1.03,0.03,1.02,0.1,0.2,0.5,0.5,2.72,-9.31,True
1.03,0.03,1.02,0.1,0.2,0.75,0.25,2.71,-9.37,True
1.03,0.03,1.02,0.1,0.2,1.0,0.0,2.69,-9.43,True
1.03,0.03,1.02,0.1,0.3,0.0,1.0,3.55,-11.92,True
1.03,0.03,1.02,0.1,0.3,0.25,0.75,3.54,-11.99,True
1.03,0.03,1.02,0.1,0.3,0.5,0.5,3.53,-12.06,True
1.03,0.03,1.02,0.1,0.3,0.75,0.25,3.52,-12.13,True
1.03,0.03,1.02,0.1,0.3,1.0,0.0,3.51,-12.21,True
1.03,0.03,1.02,0.2,0.0,0.0,1.0,0.77,-11.22,True
1.03,0.03,1.02,0.2,0.0,0.25,0.75,0.77,-9.83,True
1.03,0.03,1.02,0.2,0.0,0.5,0.5,0.77,-8.47,True
1.03,0.03,1.02,0.2,0.0,0.75,0.25,0.76,-7.12,True
1.03,0.03,1.02,0.2,0.0,1.0,0.0,0.75,-5.8,True
1.03,0.03,1.02,0.2,0.1,0.0,1.0,2.09,-9.29,True
1.03,0.03,1.02,0.2,0.1,0.25,0.75,2.08,-7.89,True
1.03,0.03,1.02,0.2,0.1,0.5,0.5,2.06,-6.52,True
1.03,0.03,1.02,0.2,0.1,0.75,0.25,2.04,-5.26,True
1.03,0.03,1.02,0.2,0.1,1.0,0.0,2.01,-5.32,True
1.03,0.03,1.02,0.2,0.2,0.0,1.0,3.18,-8.33,True
1.03,0.03,1.02,0.2,0.2,0.25,0.75,3.14,-8.45,True
1.03,0.03,1.02,0.2,0.2,0.5,0.5,3.11,-8.57,True
1.03,0.03,1.02,0.2,0.2,0.75,0.25,3.07,-8.7,True
1.03,0.03,1.02,0.2,0.2,1.0,0.0,3.02,-8.83,True
1.03,0.03,1.02,0.2,0.3,0.0,1.0,4.05,-10.55,True
1.03,0.03,1.02,0.2,0.3,0.25,0.75,4.01,-10.71,True
1.03,0.03,1.02,0.2,0.3,0.5,0.5,3.96,-10.89,True
1.03,0.03,1.02,0.2,0.3,0.75,0.25,3.91,-11.07,True
1.03,0.03,1.02,0.2,0.3,1.0,0.0,3.86,-11.26,True
1.03,0.03,1.02,0.3,0.0,0.0,1.0,1.61,-9.94,True
1.03,0.03,1.02,0.3,0.0,0.25,0.75,1.54,-8.85,True
1.03,0.03,1.02,0.3,0.0,0.5,0.5,1.46,-7.74,True
1.03,0.03,1.02,0.3,0.0,0.75,0.25,1.38,-6.61,True
1.03,0.03,1.02,0.3,0.0,1.0,0.0,1.29,-5.41,True
1.03,0.03,1.02,0.3,0.1,0.0,1.0,2.9,-5.53,True
1.03,0.03,1.02,0.3,0.1,0.25,0.75,2.82,-4.75,True
1.03,0.03,1.02,0.3,0.1,0.5,0.5,2.73,-4.45,True
1.03,0.03,1.02,0.3,0.1,0.75,0.25,2.64,-4.58,True
1.03,0.03,1.02,0.3,0.1,1.0,0.0,2.54,-4.71,True
1.03,0.03,1.02,0.3,0.2,0.0,1.0,3.87,-6.99,True
1.03,0.03,1.02,0.3,0.2,0.25,0.75,3.79,-7.2,True
1.03,0.03,1.02,0.3,0.2,0.5,0.5,3.7,-7.41,True
1.03,0.03,1.02,0.3,0.2,0.75,0.25,3.6,-7.62,True
1.03,0.03,1.02,0.3,0.2,1.0,0.0,3.51,-7.85,True
1.03,0.03,1.02,0.3,0.3,0.0,1.0,4.67,-10.11,True
1.03,0.03,1.02,0.3,0.3,0.25,0.75,4.59,-10.11,True
1.03,0.03,1.02,0.3,0.3,0.5,0.5,4.5,-10.11,True
1.03,0.03,1.02,0.3,0.3,0.75,0.25,4.41,-10.11,True
1.03,0.03,1.02,0.3,0.3,1.0,0.0,4.31,-10.12,True
1.03,0.03,1.02,0.4,0.0,0.0,1.0,2.61,-6.08,True
1.03,0.03,1.02,0.4,0.0,0.25,0.75,2.47,-5.57,True
1.03,0.03,1.02,0.4,0.0,0.5,0.5,2.33,-5.06,True
1.03,0.03,1.02,0.4,0.0,0.75,0.25,2.18,-4.56,True
1.03,0.03,1.02,0.4,0.0,1.0,0.0,2.02,-4.05,True
1.03,0.03,1.02,0.4,0.1,0.0,1.0,3.66,-6.52,True
1.03,0.03,1.02,0.4,0.1,0.25,0.75,3.53,-6.06,True
1.03,0.03,1.02,0.4,0.1,0.5,0.5,3.4,-5.6,True
1.03,0.03,1.02,0.4,0.1,0.75,0.25,3.26,-5.13,True
1.03,0.03,1.02,0.4,0.1,1.0,0.0,3.11,-4.67,True
1.03,0.03,1.02,0.4,0.2,0.0,1.0,4.55,-7.11,True
1.03,0.03,1.02,0.4,0.2,0.25,0.75,4.43,-6.75,True
1.03,0.03,1.02,0.4,0.2,0.5,0.5,4.3,-6.75,True
1.03,0.03,1.02,0.4,0.2,0.75,0.25,4.16,-6.75,True
1.03,0.03,1.02,0.4,0.2,1.0,0.0,4.02,-7.0,True
1.03,0.03,1.02,0.4,0.3,0.0,1.0,5.21,-10.11,True
1.03,0.03,1.02,0.4,0.3,0.25,0.75,5.1,-10.11,True
1.03,0.03,1.02,0.4,0.3,0.5,0.5,4.98,-10.11,True
1.03,0.03,1.02,0.4,0.3,0.75,0.25,4.85,-10.11,True
1.03,0.03,1.02,0.4,0.3,1.0,0.0,4.71,-10.11,True
1.04,0.005,0.95,0.1,0.0,0.0,1.0,5.8,-45.58,False
1.04,0.005,0.95,0.1,0.0,0.25,0.75,6.02,-42.47,False
1.04,0.005,0.95,0.1,0.0,0.5,0.5,6.19,-39.29,True
1.04,0.005,0.95,0.1,0.0,0.75,0.25,6.32,-36.02,True
1.04,0.005,0.95,0.1,0.0,1.0,0.0,6.4,-32.68,True
1.04,0.005,0.95,0.1,0.1,0.0,1.0,6.02,-43.9,False
1.04,0.005,0.95,0.1,0.1,0.25,0.75,6.23,-40.8,False
1.04,0.005,0.95,0.1,0.1,0.5,0.5,6.4,-37.6,True
1.04,0.005,0.95,0.1,0.1,0.75,0.25,6.53,-34.29,True
1.04,0.005,0.95,0.1,0.1,1.0,0.0,6.62,-30.88,True
1.04,0.005,0.95,0.1,0.2,0.0,1.0,6.48,-39.37,True
1.04,0.005,0.95,0.1,0.2,0.25,0.75,6.66,-36.3,True
1.04,0.005,0.95,0.1,0.2,0.5,0.5,6.8,-33.11,True
1.04,0.005,0.95,0.1,0.2,0.75,0.25,6.92,-29.8,True
1.04,0.005,0.95,0.1,0.2,1.0,0.0,6.99,-26.39,True
1.04,0.005,0.95,0.1,0.3,0.0,1.0,6.91,-33.91,True
1.04,0.005,0.95,0.1,0.3,0.25,0.75,7.06,-30.99,True
1.04,0.005,0.95,0.1,0.3,0.5,0.5,7.18,-27.95,True
1.04,0.005,0.95,0.1,0.3,0.75,0.25,7.27,-24.8,True
1.04,0.005,0.95,0.1,0.3,1.0,0.0,7.33,-21.55,True
1.04,0.005,0.95,0.2,0.0,0.0,1.0,6.24,-49.12,False
1.04,0.005,0.95,0.2,0.0,0.25,0.75,6.46,-45.81,False
1.04,0.005,0.95,0.2,0.0,0.5,0.5,6.63,-42.39,False
1.04,0.005,0.95,0.2,0.0,0.75,0.25,6.75,-38.88,True
1.04,0.005,0.95,0.2,0.0,1.0,0.0,6.82,-35.27,True
1.04,0.005,0.95,0.2,0.1,0.0,1.0,6.79,-44.27,False
1.04,0.005,0.95,0.2,0.1,0.25,0.75,6.97,-41.02,False
1.04,0.005,0.95,0.2,0.1,0.5,0.5,7.1,-37.66,True
1.04,0.005,0.95,0.2,0.1,0.75,0.25,7.19,-34.19,True
1.04,0.005,0.95,0.2,0.1,1.0,0.0,7.24,-30.63,True
1.04,0.005,0.95,0.2,0.2,0.0,1.0,7.3,-39.42,True
1.04,0.005,0.95,0.2,0.2,0.25,0.75,7.44,-36.24,True
1.04,0.005,0.95,0.2,0.2,0.5,0.5,7.54,-32.95,True
1.04,0.005,0.95,0.2,0.2,0.75,0.25,7.6,-29.56,True
1.04,0.005,0.95,0.2,0.2,1.0,0.0,7.63,-26.07,True
1.04,0.005,0.95,0.2,0.3,0.0,1.0,7.68,-34.45,True
1.04,0.005,0.95,0.2,0.3,0.25,0.75,7.79,-31.34,True
1.04,0.005,0.95,0.2,0.3,0.5,0.5,7.87,-28.13,True
1.04,0.005,0.95,0.2,0.3,0.75,0.25,7.91,-24.82,True
1.04,0.005,0.95,0.2,0.3,1.0,0.0,7.93,-21.43,True
1.04,0.005,0.95,0.3,0.0,0.0,1.0,7.21,-47.31,False
1.04,0.005,0.95,0.3,0.0,0.25,0.75,7.37,-44.01,False
1.04,0.005,0.95,0.3,0.0,0.5,0.5,7.48,-40.63,False
1.04,0.005,0.95,0.3,0.0,0.75,0.25,7.53,-37.16,True
1.04,0.005,0.95,0.3,0.0,1.0,0.0,7.54,-33.61,True
1.04,0.005,0.95,0.3,0.1,0.0,1.0,7.58,-42.97,False
1.04,0.005,0.95,0.3,0.1,0.25,0.75,7.71,-39.7,True
1.04,0.005,0.95,0.3,0.1,0.5,0.5,7.8,-36.34,True
1.04,0.005,0.95,0.3,0.1,0.75,0.25,7.84,-32.89,True
1.04,0.005,0.95,0.3,0.1,1.0,0.0,7.84,-29.35,True
1.04,0.005,0.95,0.3,0.2,0.0,1.0,7.74,-38.39,True
1.04,0.005,0.95,0.3,0.2,0.25,0.75,7.85,-35.2,True
1.04,0.005,0.95,0.3,0.2,0.5,0.5,7.93,-31.92,True
1.04,0.005,0.95,0.3,0.2,0.75,0.25,7.97,-28.54,True
1.04,0.005,0.95,0.3,0.2,1.0,0.0,7.96,-25.08,True
1.04,0.005,0.95,0.3,0.3,0.0,1.0,7.82,-33.05,True
1.04,0.005,0.95,0.3,0.3,0.25,0.75,7.93,-30.02,True
1.04,0.005,0.95,0.3,0.3,0.5,0.5,8.01,-26.89,True
1.04,0.005,0.95,0.3,0.3,0.75,0.25,8.05,-23.67,True
1.04,0.005,0.95,0.3,0.3,1.0,0.0,8.06,-20.38,True
1.04,0.005,0.95,0.4,0.0,0.0,1.0,7.34,-46.09,False
1.04,0.005,0.95,0.4,0.0,0.25,0.75,7.5,-42.83,False
1.04,0.005,0.95,0.4,0.0,0.5,0.5,7.6,-39.48,True
1.04,0.005,0.95,0.4,0.0,0.75,0.25,7.65,-36.05,True
1.04,0.005,0.95,0.4,0.0,1.0,0.0,7.66,-32.54,True
1.04,0.005,0.95,0.4,0.1,0.0,1.0,7.44,-41.78,False
1.04,0.005,0.95,0.4,0.1,0.25,0.75,7.58,-38.57,True
1.04,0.005,0.95,0.4,0.1,0.5,0.5,7.69,-35.27,True
1.04,0.005,0.95,0.4,0.1,0.75,0.25,7.75,-31.89,True
1.04,0.005,0.95,0.4,0.1,1.0,0.0,7.76,-28.43,True
1.04,0.005,0.95,0.4,0.2,0.0,1.0,7.48,-36.98,True
1.04,0.005,0.95,0.4,0.2,0.25,0.75,7.63,-33.88,True
1.04,0.005,0.95,0.4,0.2,0.5,0.5,7.73,-30.69,True
1.04,0.005,0.95,0.4,0.2,0.75,0.25,7.8,-27.42,True
1.04,0.005,0.95,0.4,0.2,1.0,0.0,7.83,-24.07,True
1.04,0.005,0.95,0.4,0.3,0.0,1.0,7.61,-31.81,True
1.04,0.005,0.95,0.4,0.3,0.25,0.75,7.74,-28.85,True
1.04,0.005,0.95,0.4,0.3,0.5,0.5,7.85,-25.81,True
1.04,0.005,0.95,0.4,0.3,0.75,0.25,7.91,-22.68,True
1.04,0.005,0.95,0.4,0.3,1.0,0.0,7.95,-19.47,True
1.04,0.005,0.97,0.1,0.0,0.0,1.0,4.36,-39.09,True
1.04,0.005,0.97,0.1,0.0,0.25,0.75,4.58,-36.31,True
1.04,0.005,0.97,0.1,0.0,0.5,0.5,4.77,-33.48,True
1.04,0.005,0.97,0.1,0.0,0.75,0.25,4.91,-30.58,True
1.04,0.005,0.97,0.1,0.0,1.0,0.0,5.0,-27.63,True
1.04,0.005,0.97,0.1,0.1,0.0,1.0,4.97,-35.66,True
1.04,0.005,0.97,0.1,0.1,0.25,0.75,5.17,-32.95,True
1.04,0.005,0.97,0.1,0.1,0.5,0.5,5.33,-30.15,True
1.04,0.005,0.97,0.1,0.1,0.75,0.25,5.46,-27.25,True
1.04,0.005,0.97,0.1,0.1,1.0,0.0,5.54,-24.26,True
1.04,0.005,0.97,0.1,0.2,0.0,1.0,5.71,-29.26,True
1.04,0.005,0.97,0.1,0.2,0.25,0.75,5.86,-26.79,True
1.04,0.005,0.97,0.1,0.2,0.5,0.5,5.98,-24.21,True
1.04,0.005,0.97,0.1,0.2,0.75,0.25,6.08,-21.52,True
1.04,0.005,0.97,0.1,0.2,1.0,0.0,6.14,-18.73,True
1.04,0.005,0.97,0.1,0.3,0.0,1.0,6.32,-23.06,True
1.04,0.005,0.97,0.1,0.3,0.25,0.75,6.44,-20.86,True
1.04,0.005,0.97,0.1,0.3,0.5,0.5,6.54,-18.54,True
1.04,0.005,0.97,0.1,0.3,0.75,0.25,6.62,-16.11,True
1.04,0.005,0.97,0.1,0.3,1.0,0.0,6.67,-15.34,True
1.04,0.005,0.97,0.2,0.0,0.0,1.0,4.96,-42.16,False
1.04,0.005,0.97,0.2,0.0,0.25,0.75,5.19,-39.17,True
1.04,0.005,0.97,0.2,0.0,0.5,0.5,5.37,-36.1,True
1.04,0.005,0.97,0.2,0.0,0.75,0.25,5.49,-32.97,True
1.04,0.005,0.97,0.2,0.0,1.0,0.0,5.56,-29.78,True
1.04,0.005,0.97,0.2,0.1,0.0,1.0,5.91,-35.55,True
1.04,0.005,0.97,0.2,0.1,0.25,0.75,6.06,-32.76,True
1.04,0.005,0.97,0.2,0.1,0.5,0.5,6.18,-29.87,True
1.04,0.005,0.97,0.2,0.1,0.75,0.25,6.25,-26.9,True
1.04,0.005,0.97,0.2,0.1,1.0,0.0,6.27,-23.85,True
1.04,0.005,0.97,0.2,0.2,0.0,1.0,6.63,-29.73,True
1.04,0.005,0.97,0.2,0.2,0.25,0.75,6.74,-27.09,True
1.04,0.005,0.97,0.2,0.2,0.5,0.5,6.81,-24.34,True
1.04,0.005,0.97,0.2,0.2,0.75,0.25,6.85,-21.5,True
1.04,0.005,0.97,0.2,0.2,1.0,0.0,6.85,-18.58,True
1.04,0.005,0.97,0.2,0.3,0.0,1.0,7.16,-23.91,True
1.04,0.005,0.97,0.2,0.3,0.25,0.75,7.25,-21.51,True
1.04,0.005,0.97,0.2,0.3,0.5,0.5,7.3,-18.93,True
1.04,0.005,0.97,0.2,0.3,0.75,0.25,7.32,-16.26,True
1.04,0.005,0.97,0.2,0.3,1.0,0.0,7.31,-14.95,True
1.04,0.005,0.97,0.3,0.0,0.0,1.0,6.03,-40.1,False
1.04,0.005,0.97,0.3,0.0,0.25,0.75,6.19,-37.15,True
1.04,0.005,0.97,0.3,0.0,0.5,0.5,6.3,-34.15,True
1.04,0.005,0.97,0.3,0.0,0.75,0.25,6.35,-31.09,True
1.04,0.005,0.97,0.3,0.0,1.0,0.0,6.34,-27.97,True
1.04,0.005,0.97,0.3,0.1,0.0,1.0,6.61,-34.18,True
1.04,0.005,0.97,0.3,0.1,0.25,0.75,6.74,-31.41,True
1.04,0.005,0.97,0.3,0.1,0.5,0.5,6.82,-28.56,True
1.04,0.005,0.97,0.3,0.1,0.75,0.25,6.85,-25.63,True
1.04,0.005,0.97,0.3,0.1,1.0,0.0,6.83,-22.68,True
1.04,0.005,0.97,0.3,0.2,0.0,1.0,6.88,-28.25,True
1.04,0.005,0.97,0.3,0.2,0.25,0.75,7.0,-25.72,True
1.04,0.005,0.97,0.3,0.2,0.5,0.5,7.08,-23.09,True
1.04,0.005,0.97,0.3,0.2,0.75,0.25,7.12,-20.36,True
1.04,0.005,0.97,0.3,0.2,1.0,0.0,7.11,-17.62,True
1.04,0.005,0.97,0.3,0.3,0.0,1.0,7.13,-22.22,True
1.04,0.005,0.97,0.3,0.3,0.25,0.75,7.23,-19.9,True
1.04,0.005,0.97,0.3,0.3,0.5,0.5,7.3,-17.5,True
1.04,0.005,0.97,0.3,0.3,0.75,0.25,7.35,-15.62,True
1.04,0.005,0.97,0.3,0.3,1.0,0.0,7.35,-15.06,True
1.04,0.005,0.97,0.4,0.0,0.0,1.0,6.27,-38.72,True
1.04,0.005,0.97,0.4,0.0,0.25,0.75,6.42,-35.82,True
1.04,0.005,0.97,0.4,0.0,0.5,0.5,6.51,-32.87,True
1.04,0.005,0.97,0.4,0.0,0.75,0.25,6.55,-29.87,True
1.04,0.005,0.97,0.4,0.0,1.0,0.0,6.53,-26.82,True
1.04,0.005,0.97,0.4,0.1,0.0,1.0,6.54,-32.92,True
1.04,0.005,0.97,0.4,0.1,0.25,0.75,6.68,-30.22,True
1.04,0.005,0.97,0.4,0.1,0.5,0.5,6.78,-27.45,True
1.04,0.005,0.97,0.4,0.1,0.75,0.25,6.82,-24.59,True
1.04,0.005,0.97,0.4,0.1,1.0,0.0,6.82,-21.7,True
1.04,0.005,0.97,0.4,0.2,0.0,1.0,6.82,-27.33,True
1.04,0.005,0.97,0.4,0.2,0.25,0.75,6.94,-24.81,True
1.04,0.005,0.97,0.4,0.2,0.5,0.5,7.03,-22.19,True
1.04,0.005,0.97,0.4,0.2,0.75,0.25,7.07,-19.5,True
1.04,0.005,0.97,0.4,0.2,1.0,0.0,7.07,-16.75,True
1.04,0.005,0.97,0.4,0.3,0.0,1.0,7.1,-21.43,True
1.04,0.005,0.97,0.4,0.3,0.25,0.75,7.2,-19.16,True
1.04,0.005,0.97,0.4,0.3,0.5,0.5,7.28,-16.78,True
1.04,0.005,0.97,0.4,0.3,0.75,0.25,7.32,-15.81,True
1.04,0.005,0.97,0.4,0.3,1.0,0.0,7.33,-15.27,True
1.04,0.005,0.99,0.1,0.0,0.0,1.0,4.2,-41.49,True
1.04,0.005,0.99,0.1,0.0,0.25,0.75,4.39,-38.36,True
1.04,0.005,0.99,0.1,0.0,0.5,0.5,4.53,-35.13,True
1.04,0.005,0.99,0.1,0.0,0.75,0.25,4.62,-31.8,True
1.04,0.005,0.99,0.1,0.0,1.0,0.0,4.66,-28.37,True
1.04,0.005,0.99,0.1,0.1,0.0,1.0,4.72,-37.23,True
1.04,0.005,0.99,0.1,0.1,0.25,0.75,4.9,-34.36,True
1.04,0.005,0.99,0.1,0.1,0.5,0.5,5.04,-31.41,True
1.04,0.005,0.99,0.1,0.1,0.75,0.25,5.14,-28.37,True
1.04,0.005,0.99,0.1,0.1,1.0,0.0,5.2,-25.24,True
1.04,0.005,0.99,0.1,0.2,0.0,1.0,5.35,-32.9,True
1.04,0.005,0.99,0.1,0.2,0.25,0.75,5.51,-30.34,True
1.04,0.005,0.99,0.1,0.2,0.5,0.5,5.64,-27.69,True
1.04,0.005,0.99,0.1,0.2,0.75,0.25,5.73,-24.97,True
1.04,0.005,0.99,0.1,0.2,1.0,0.0,5.79,-22.16,True
1.04,0.005,0.99,0.1,0.3,0.0,1.0,5.97,-27.86,True
1.04,0.005,0.99,0.1,0.3,0.25,0.75,6.09,-25.65,True
1.04,0.005,0.99,0.1,0.3,0.5,0.5,6.19,-23.36,True
1.04,0.005,0.99,0.1,0.3,0.75,0.25,6.27,-21.0,True
1.04,0.005,0.99,0.1,0.3,1.0,0.0,6.32,-18.55,True
1.04,0.005,0.99,0.2,0.0,0.0,1.0,4.09,-44.41,True
1.04,0.005,0.99,0.2,0.0,0.25,0.75,4.33,-41.14,True
1.04,0.005,0.99,0.2,0.0,0.5,0.5,4.53,-37.75,True
1.04,0.005,0.99,0.2,0.0,0.75,0.25,4.67,-34.23,True
1.04,0.005,0.99,0.2,0.0,1.0,0.0,4.75,-30.58,True
1.04,0.005,0.99,0.2,0.1,0.0,1.0,5.05,-38.75,True
1.04,0.005,0.99,0.2,0.1,0.25,0.75,5.23,-35.82,True
1.04,0.005,0.99,0.2,0.1,0.5,0.5,5.36,-32.79,True
1.04,0.005,0.99,0.2,0.1,0.75,0.25,5.46,-29.64,True
1.04,0.005,0.99,0.2,0.1,1.0,0.0,5.51,-26.38,True
1.04,0.005,0.99,0.2,0.2,0.0,1.0,5.93,-32.95,True
1.04,0.005,0.99,0.2,0.2,0.25,0.75,6.05,-30.4,True
1.04,0.005,0.99,0.2,0.2,0.5,0.5,6.14,-27.75,True
1.04,0.005,0.99,0.2,0.2,0.75,0.25,6.2,-25.01,True
1.04,0.005,0.99,0.2,0.2,1.0,0.0,6.21,-22.19,True
1.04,0.005,0.99,0.2,0.3,0.0,1.0,6.57,-27.32,True
1.04,0.005,0.99,0.2,0.3,0.25,0.75,6.68,-25.11,True
1.04,0.005,0.99,0.2,0.3,0.5,0.5,6.75,-22.83,True
1.04,0.005,0.99,0.2,0.3,0.75,0.25,6.78,-20.47,True
1.04,0.005,0.99,0.2,0.3,1.0,0.0,6.78,-18.11,True
1.04,0.005,0.99,0.3,0.0,0.0,1.0,4.78,-43.87,True
1.04,0.005,0.99,0.3,0.0,0.25,0.75,4.99,-40.62,True
1.04,0.005,0.99,0.3,0.0,0.5,0.5,5.15,-37.24,True
1.04,0.005,0.99,0.3,0.0,0.75,0.25,5.25,-33.72,True
1.04,0.005,0.99,0.3,0.0,1.0,0.0,5.28,-30.07,True
1.04,0.005,0.99,0.3,0.1,0.0,1.0,5.61,-37.94,True
1.04,0.005,0.99,0.3,0.1,0.25,0.75,5.77,-35.05,True
1.04,0.005,0.99,0.3,0.1,0.5,0.5,5.89,-32.05,True
1.04,0.005,0.99,0.3,0.1,0.75,0.25,5.95,-28.98,True
1.04,0.005,0.99,0.3,0.1,1.0,0.0,5.97,-25.77,True
1.04,0.005,0.99,0.3,0.2,0.0,1.0,6.09,-32.26,True
1.04,0.005,0.99,0.3,0.2,0.25,0.75,6.23,-29.74,True
1.04,0.005,0.99,0.3,0.2,0.5,0.5,6.33,-27.12,True
1.04,0.005,0.99,0.3,0.2,0.75,0.25,6.39,-24.45,True
1.04,0.005,0.99,0.3,0.2,1.0,0.0,6.41,-21.68,True
1.04,0.005,0.99,0.3,0.3,0.0,1.0,6.41,-26.66,True
1.04,0.005,0.99,0.3,0.3,0.25,0.75,6.54,-24.51,True
1.04,0.005,0.99,0.3,0.3,0.5,0.5,6.64,-22.28,True
1.04,0.005,0.99,0.3,0.3,0.75,0.25,6.71,-19.99,True
1.04,0.005,0.99,0.3,0.3,1.0,0.0,6.74,-17.65,True
1.04,0.005,0.99,0.4,0.0,0.0,1.0,4.93,-43.34,True
1.04,0.005,0.99,0.4,0.0,0.25,0.75,5.14,-40.1,True
1.04,0.005,0.99,0.4,0.0,0.5,0.5,5.3,-36.73,True
1.04,0.005,0.99,0.4,0.0,0.75,0.25,5.39,-33.24,True
1.04,0.005,0.99,0.4,0.0,1.0,0.0,5.43,-29.6,True
1.04,0.005,0.99,0.4,0.1,0.0,1.0,5.45,-37.46,True
1.04,0.005,0.99,0.4,0.1,0.25,0.75,5.64,-34.6,True
1.04,0.005,0.99,0.4,0.1,0.5,0.5,5.79,-31.62,True
1.04,0.005,0.99,0.4,0.1,0.75,0.25,5.88,-28.54,True
1.04,0.005,0.99,0.4,0.1,1.0,0.0,5.92,-25.36,True
1.04,0.005,0.99,0.4,0.2,0.0,1.0,5.89,-31.51,True
1.04,0.005,0.99,0.4,0.2,0.25,0.75,6.05,-29.05,True
1.04,0.005,0.99,0.4,0.2,0.5,0.5,6.18,-26.48,True
1.04,0.005,0.99,0.4,0.2,0.75,0.25,6.26,-23.81,True
1.04,0.005,0.99,0.4,0.2,1.0,0.0,6.31,-21.1,True
1.04,0.005,0.99,0.4,0.3,0.0,1.0,6.31,-25.58,True
1.04,0.005,0.99,0.4,0.3,0.25,0.75,6.45,-23.51,True
1.04,0.005,0.99,0.4,0.3,0.5,0.5,6.57,-21.36,True
1.04,0.005,0.99,0.4,0.3,0.75,0.25,6.65,-19.12,True
1.04,0.005,0.99,0.4,0.3,1.0,0.0,6.69,-16.84,True
1.04,0.005,1.0,0.1,0.0,0.0,1.0,1.36,-36.25,True
1.04,0.005,1.0,0.1,0.0,0.25,0.75,1.71,-33.35,True
1.04,0.005,1.0,0.1,0.0,0.5,0.5,2.04,-30.38,True
1.04,0.005,1.0,0.1,0.0,0.75,0.25,2.33,-27.33,True
1.04,0.005,1.0,0.1,0.0,1.0,0.0,2.59,-24.2,True
1.04,0.005,1.0,0.1,0.1,0.0,1.0,2.68,-32.66,True
1.04,0.005,1.0,0.1,0.1,0.25,0.75,2.96,-29.99,True
1.04,0.005,1.0,0.1,0.1,0.5,0.5,3.21,-27.26,True
1.04,0.005,1.0,0.1,0.1,0.75,0.25,3.45,-24.46,True
1.04,0.005,1.0,0.1,0.1,1.0,0.0,3.67,-21.59,True
1.04,0.005,1.0,0.1,0.2,0.0,1.0,3.78,-29.0,True
1.04,0.005,1.0,0.1,0.2,0.25,0.75,3.99,-26.61,True
1.04,0.005,1.0,0.1,0.2,0.5,0.5,4.19,-24.14,True
1.04,0.005,1.0,0.1,0.2,0.75,0.25,4.38,-21.61,True
1.04,0.005,1.0,0.1,0.2,1.0,0.0,4.55,-19.01,True
1.04,0.005,1.0,0.1,0.3,0.0,1.0,4.73,-24.55,True
1.04,0.005,1.0,0.1,0.3,0.25,0.75,4.89,-22.48,True
1.04,0.005,1.0,0.1,0.3,0.5,0.5,5.04,-20.34,True
1.04,0.005,1.0,0.1,0.3,0.75,0.25,5.19,-18.13,True
1.04,0.005,1.0,0.1,0.3,1.0,0.0,5.33,-15.86,True
1.04,0.005,1.0,0.2,0.0,0.0,1.0,0.74,-39.42,True
1.04,0.005,1.0,0.2,0.0,0.25,0.75,1.19,-36.36,True
1.04,0.005,1.0,0.2,0.0,0.5,0.5,1.61,-33.19,True
1.04,0.005,1.0,0.2,0.0,0.75,0.25,1.99,-29.92,True
1.04,0.005,1.0,0.2,0.0,1.0,0.0,2.34,-26.54,True
1.04,0.005,1.0,0.2,0.1,0.0,1.0,2.57,-34.31,True
1.04,0.005,1.0,0.2,0.1,0.25,0.75,2.86,-31.57,True
1.04,0.005,1.0,0.2,0.1,0.5,0.5,3.14,-28.74,True
1.04,0.005,1.0,0.2,0.1,0.75,0.25,3.4,-25.81,True
1.04,0.005,1.0,0.2,0.1,1.0,0.0,3.64,-22.79,True
1.04,0.005,1.0,0.2,0.2,0.0,1.0,3.86,-29.08,True
1.04,0.005,1.0,0.2,0.2,0.25,0.75,4.07,-26.69,True
1.04,0.005,1.0,0.2,0.2,0.5,0.5,4.27,-24.22,True
1.04,0.005,1.0,0.2,0.2,0.75,0.25,4.46,-21.67,True
1.04,0.005,1.0,0.2,0.2,1.0,0.0,4.63,-19.05,True
1.04,0.005,1.0,0.2,0.3,0.0,1.0,4.88,-23.95,True
1.04,0.005,1.0,0.2,0.3,0.25,0.75,5.04,-21.9,True
1.04,0.005,1.0,0.2,0.3,0.5,0.5,5.2,-19.78,True
1.04,0.005,1.0,0.2,0.3,0.75,0.25,5.35,-17.59,True
1.04,0.005,1.0,0.2,0.3,1.0,0.0,5.47,-15.4,True
1.04,0.005,1.0,0.3,0.0,0.0,1.0,0.99,-38.84,True
1.04,0.005,1.0,0.3,0.0,0.25,0.75,1.45,-35.79,True
1.04,0.005,1.0,0.3,0.0,0.5,0.5,1.87,-32.67,True
1.04,0.005,1.0,0.3,0.0,0.75,0.25,2.25,-29.8,True
1.04,0.005,1.0,0.3,0.0,1.0,0.0,2.58,-26.85,True
1.04,0.005,1.0,0.3,0.1,0.0,1.0,2.7,-33.46,True
1.04,0.005,1.0,0.3,0.1,0.25,0.75,3.01,-30.76,True
1.04,0.005,1.0,0.3,0.1,0.5,0.5,3.3,-27.97,True
1.04,0.005,1.0,0.3,0.1,0.75,0.25,3.55,-25.11,True
1.04,0.005,1.0,0.3,0.1,1.0,0.0,3.79,-22.46,True
1.04,0.005,1.0,0.3,0.2,0.0,1.0,3.79,-28.35,True
1.04,0.005,1.0,0.3,0.2,0.25,0.75,4.02,-25.99,True
1.04,0.005,1.0,0.3,0.2,0.5,0.5,4.25,-23.55,True
1.04,0.005,1.0,0.3,0.2,0.75,0.25,4.45,-21.07,True
1.04,0.005,1.0,0.3,0.2,1.0,0.0,4.64,-18.51,True
1.04,0.005,1.0,0.3,0.3,0.0,1.0,4.66,-23.3,True
1.04,0.005,1.0,0.3,0.3,0.25,0.75,4.83,-21.3,True
1.04,0.005,1.0,0.3,0.3,0.5,0.5,5.01,-19.22,True
1.04,0.005,1.0,0.3,0.3,0.75,0.25,5.17,-17.09,True
1.04,0.005,1.0,0.3,0.3,1.0,0.0,5.33,-14.93,True
1.04,0.005,1.0,0.4,0.0,0.0,1.0,0.77,-38.93,True
1.04,0.005,1.0,0.4,0.0,0.25,0.75,1.26,-36.16,True
1.04,0.005,1.0,0.4,0.0,0.5,0.5,1.7,-33.31,True
1.04,0.005,1.0,0.4,0.0,0.75,0.25,2.11,-30.39,True
1.04,0.005,1.0,0.4,0.0,1.0,0.0,2.47,-27.39,True
1.04,0.005,1.0,0.4,0.1,0.0,1.0,2.33,-32.96,True
1.04,0.005,1.0,0.4,0.1,0.25,0.75,2.67,-30.59,True
1.04,0.005,1.0,0.4,0.1,0.5,0.5,2.99,-28.15,True
1.04,0.005,1.0,0.4,0.1,0.75,0.25,3.3,-25.62,True
1.04,0.005,1.0,0.4,0.1,1.0,0.0,3.57,-23.03,True
1.04,0.005,1.0,0.4,0.2,0.0,1.0,3.54,-27.59,True
1.04,0.005,1.0,0.4,0.2,0.25,0.75,3.78,-25.29,True
1.04,0.005,1.0,0.4,0.2,0.5,0.5,4.02,-22.9,True
1.04,0.005,1.0,0.4,0.2,0.75,0.25,4.25,-20.43,True
1.04,0.005,1.0,0.4,0.2,1.0,0.0,4.45,-18.3,True
1.04,0.005,1.0,0.4,0.3,0.0,1.0,4.56,-22.21,True
1.04,0.005,1.0,0.4,0.3,0.25,0.75,4.74,-20.28,True
1.04,0.005,1.0,0.4,0.3,0.5,0.5,4.92,-18.29,True
1.04,0.005,1.0,0.4,0.3,0.75,0.25,5.09,-16.21,True
1.04,0.005,1.0,0.4,0.3,1.0,0.0,5.25,-14.85,True
1.04,0.005,1.01,0.1,0.0,0.0,1.0,2.37,-33.45,True
1.04,0.005,1.01,0.1,0.0,0.25,0.75,2.64,-30.69,True
1.04,0.005,1.01,0.1,0.0,0.5,0.5,2.87,-27.87,True
1.04,0.005,1.01,0.1,0.0,0.75,0.25,3.07,-24.98,True
1.04,0.005,1.01,0.1,0.0,1.0,0.0,3.23,-22.02,True
1.04,0.005,1.01,0.1,0.1,0.0,1.0,3.4,-30.29,True
1.04,0.005,1.01,0.1,0.1,0.25,0.75,3.61,-27.74,True
1.04,0.005,1.01,0.1,0.1,0.5,0.5,3.81,-25.13,True
1.04,0.005,1.01,0.1,0.1,0.75,0.25,3.99,-22.45,True
1.04,0.005,1.01,0.1,0.1,1.0,0.0,4.13,-19.72,True
1.04,0.005,1.01,0.1,0.2,0.0,1.0,4.3,-27.07,True
1.04,0.005,1.01,0.1,0.2,0.25,0.75,4.47,-24.75,True
1.04,0.005,1.01,0.1,0.2,0.5,0.5,4.63,-22.38,True
1.04,0.005,1.01,0.1,0.2,0.75,0.25,4.78,-19.95,True
1.04,0.005,1.01,0.1,0.2,1.0,0.0,4.9,-17.46,True
1.04,0.005,1.01,0.1,0.3,0.0,1.0,5.08,-23.0,True
1.04,0.005,1.01,0.1,0.3,0.25,0.75,5.22,-20.99,True
1.04,0.005,1.01,0.1,0.3,0.5,0.5,5.36,-18.92,True
1.04,0.005,1.01,0.1,0.3,0.75,0.25,5.48,-16.78,True
1.04,0.005,1.01,0.1,0.3,1.0,0.0,5.59,-14.6,True
1.04,0.005,1.01,0.2,0.0,0.0,1.0,1.48,-36.77,True
1.04,0.005,1.01,0.2,0.0,0.25,0.75,1.86,-33.82,True
1.04,0.005,1.01,0.2,0.0,0.5,0.5,2.21,-30.79,True
1.04,0.005,1.01,0.2,0.0,0.75,0.25,2.52,-27.66,True
1.04,0.005,1.01,0.2,0.0,1.0,0.0,2.79,-24.43,True
1.04,0.005,1.01,0.2,0.1,0.0,1.0,3.0,-32.05,True
1.04,0.005,1.01,0.2,0.1,0.25,0.75,3.27,-29.41,True
1.04,0.005,1.01,0.2,0.1,0.5,0.5,3.51,-26.69,True
1.04,0.005,1.01,0.2,0.1,0.75,0.25,3.73,-23.9,True
1.04,0.005,1.01,0.2,0.1,1.0,0.0,3.92,-21.03,True
1.04,0.005,1.01,0.2,0.2,0.0,1.0,4.14,-27.22,True
1.04,0.005,1.01,0.2,0.2,0.25,0.75,4.32,-24.95,True
1.04,0.005,1.01,0.2,0.2,0.5,0.5,4.49,-22.6,True
1.04,0.005,1.01,0.2,0.2,0.75,0.25,4.65,-20.16,True
1.04,0.005,1.01,0.2,0.2,1.0,0.0,4.8,-17.65,True
1.04,0.005,1.01,0.2,0.3,0.0,1.0,5.04,-22.52,True
1.04,0.005,1.01,0.2,0.3,0.25,0.75,5.19,-20.57,True
1.04,0.005,1.01,0.2,0.3,0.5,0.5,5.33,-18.55,True
1.04,0.005,1.01,0.2,0.3,0.75,0.25,5.46,-16.45,True
1.04,0.005,1.01,0.2,0.3,1.0,0.0,5.57,-14.29,True
1.04,0.005,1.01,0.3,0.0,0.0,1.0,1.4,-36.15,True
1.04,0.005,1.01,0.3,0.0,0.25,0.75,1.81,-33.23,True
1.04,0.005,1.01,0.3,0.0,0.5,0.5,2.18,-30.21,True
1.04,0.005,1.01,0.3,0.0,0.75,0.25,2.51,-27.1,True
1.04,0.005,1.01,0.3,0.0,1.0,0.0,2.81,-23.88,True
1.04,0.005,1.01,0.3,0.1,0.0,1.0,2.9,-31.29,True
1.04,0.005,1.01,0.3,0.1,0.25,0.75,3.18,-28.7,True
1.04,0.005,1.01,0.3,0.1,0.5,0.5,3.44,-26.02,True
1.04,0.005,1.01,0.3,0.1,0.75,0.25,3.68,-23.25,True
1.04,0.005,1.01,0.3,0.1,1.0,0.0,3.89,-20.4,True
1.04,0.005,1.01,0.3,0.2,0.0,1.0,3.95,-26.61,True
1.04,0.005,1.01,0.3,0.2,0.25,0.75,4.16,-24.35,True
1.04,0.005,1.01,0.3,0.2,0.5,0.5,4.36,-22.01,True
1.04,0.005,1.01,0.3,0.2,0.75,0.25,4.55,-19.59,True
1.04,0.005,1.01,0.3,0.2,1.0,0.0,4.72,-17.09,True
1.04,0.005,1.01,0.3,0.3,0.0,1.0,4.78,-21.96,True
1.04,0.005,1.01,0.3,0.3,0.25,0.75,4.94,-20.03,True
1.04,0.005,1.01,0.3,0.3,0.5,0.5,5.09,-18.04,True
1.04,0.005,1.01,0.3,0.3,0.75,0.25,5.24,-15.97,True
1.04,0.005,1.01,0.3,0.3,1.0,0.0,5.37,-13.89,True
1.04,0.005,1.01,0.4,0.0,0.0,1.0,1.03,-35.55,True
1.04,0.005,1.01,0.4,0.0,0.25,0.75,1.48,-32.65,True
1.04,0.005,1.01,0.4,0.0,0.5,0.5,1.89,-29.66,True
1.04,0.005,1.01,0.4,0.0,0.75,0.25,2.27,-26.56,True
1.04,0.005,1.01,0.4,0.0,1.0,0.0,2.6,-23.47,True
1.04,0.005,1.01,0.4,0.1,0.0,1.0,2.51,-30.75,True
1.04,0.005,1.01,0.4,0.1,0.25,0.75,2.83,-28.19,True
1.04,0.005,1.01,0.4,0.1,0.5,0.5,3.13,-25.54,True
1.04,0.005,1.01,0.4,0.1,0.75,0.25,3.4,-22.81,True
1.04,0.005,1.01,0.4,0.1,1.0,0.0,3.66,-19.98,True
1.04,0.005,1.01,0.4,0.2,0.0,1.0,3.7,-25.81,True
1.04,0.005,1.01,0.4,0.2,0.25,0.75,3.92,-23.62,True
1.04,0.005,1.01,0.4,0.2,0.5,0.5,4.13,-21.34,True
1.04,0.005,1.01,0.4,0.2,0.75,0.25,4.33,-18.98,True
1.04,0.005,1.01,0.4,0.2,1.0,0.0,4.51,-16.54,True
1.04,0.005,1.01,0.4,0.3,0.0,1.0,4.71,-20.81,True
1.04,0.005,1.01,0.4,0.3,0.25,0.75,4.86,-18.98,True
1.04,0.005,1.01,0.4,0.3,0.5,0.5,5.01,-17.08,True
1.04,0.005,1.01,0.4,0.3,0.75,0.25,5.16,-15.11,True
1.04,0.005,1.01,0.4,0.3,1.0,0.0,5.3,-14.04,True
1.04,0.005,1.02,0.1,0.0,0.0,1.0,-0.0,-28.58,True
1.04,0.005,1.02,0.1,0.0,0.25,0.75,0.41,-26.1,True
1.04,0.005,1.02,0.1,0.0,0.5,0.5,0.79,-23.56,True
1.04,0.005,1.02,0.1,0.0,0.75,0.25,1.14,-20.98,True
1.04,0.005,1.02,0.1,0.0,1.0,0.0,1.46,-18.34,True
1.04,0.005,1.02,0.1,0.1,0.0,1.0,1.69,-26.01,True
1.04,0.005,1.02,0.1,0.1,0.25,0.75,1.98,-23.7,True
1.04,0.005,1.02,0.1,0.1,0.5,0.5,2.27,-21.34,True
1.04,0.005,1.02,0.1,0.1,0.75,0.25,2.55,-18.94,True
1.04,0.005,1.02,0.1,0.1,1.0,0.0,2.8,-16.48,True
1.04,0.005,1.02,0.1,0.2,0.0,1.0,3.13,-23.41,True
1.04,0.005,1.02,0.1,0.2,0.25,0.75,3.33,-21.29,True
1.04,0.005,1.02,0.1,0.2,0.5,0.5,3.53,-19.12,True
1.04,0.005,1.02,0.1,0.2,0.75,0.25,3.72,-16.91,True
1.04,0.005,1.02,0.1,0.2,1.0,0.0,3.91,-14.65,True
1.04,0.005,1.02,0.1,0.3,0.0,1.0,4.28,-19.9,True
1.04,0.005,1.02,0.1,0.3,0.25,0.75,4.42,-18.04,True
1.04,0.005,1.02,0.1,0.3,0.5,0.5,4.57,-16.13,True
1.04,0.005,1.02,0.1,0.3,0.75,0.25,4.72,-14.74,True
1.04,0.005,1.02,0.1,0.3,1.0,0.0,4.87,-14.43,True
1.04,0.005,1.02,0.2,0.0,0.0,1.0,-1.28,-32.13,True
1.04,0.005,1.02,0.2,0.0,0.25,0.75,-0.72,-29.43,True
1.04,0.005,1.02,0.2,0.0,0.5,0.5,-0.19,-26.65,True
1.04,0.005,1.02,0.2,0.0,0.75,0.25,0.3,-23.79,True
1.04,0.005,1.02,0.2,0.0,1.0,0.0,0.76,-20.86,True
1.04,0.005,1.02,0.2,0.1,0.0,1.0,1.33,-27.92,True
1.04,0.005,1.02,0.2,0.1,0.25,0.75,1.64,-25.5,True
1.04,0.005,1.02,0.2,0.1,0.5,0.5,1.95,-23.01,True
1.04,0.005,1.02,0.2,0.1,0.75,0.25,2.24,-20.47,True
1.04,0.005,1.02,0.2,0.1,1.0,0.0,2.53,-17.85,True
1.04,0.005,1.02,0.2,0.2,0.0,1.0,3.12,-23.61,True
1.04,0.005,1.02,0.2,0.2,0.25,0.75,3.3,-21.52,True
1.04,0.005,1.02,0.2,0.2,0.5,0.5,3.49,-19.37,True
1.04,0.005,1.02,0.2,0.2,0.75,0.25,3.67,-17.15,True
1.04,0.005,1.02,0.2,0.2,1.0,0.0,3.85,-14.86,True
1.04,0.005,1.02,0.2,0.3,0.0,1.0,4.38,-19.38,True
1.04,0.005,1.02,0.2,0.3,0.25,0.75,4.5,-17.59,True
1.04,0.005,1.02,0.2,0.3,0.5,0.5,4.63,-15.74,True
1.04,0.005,1.02,0.2,0.3,0.75,0.25,4.77,-14.08,True
1.04,0.005,1.02,0.2,0.3,1.0,0.0,4.89,-13.8,True
1.04,0.005,1.02,0.3,0.0,0.0,1.0,-1.37,-31.48,True
1.04,0.005,1.02,0.3,0.0,0.25,0.75,-0.79,-28.8,True
1.04,0.005,1.02,0.3,0.0,0.5,0.5,-0.24,-26.04,True
1.04,0.005,1.02,0.3,0.0,0.75,0.25,0.28,-23.2,True
1.04,0.005,1.02,0.3,0.0,1.0,0.0,0.76,-20.38,True
1.04,0.005,1.02,0.3,0.1,0.0,1.0,1.42,-27.1,True
1.04,0.005,1.02,0.3,0.1,0.25,0.75,1.73,-24.73,True
1.04,0.005,1.02,0.3,0.1,0.5,0.5,2.03,-22.29,True
1.04,0.005,1.02,0.3,0.1,0.75,0.25,2.32,-19.77,True
1.04,0.005,1.02,0.3,0.1,1.0,0.0,2.6,-17.18,True
1.04,0.005,1.02,0.3,0.2,0.0,1.0,3.1,-22.93,True
1.04,0.005,1.02,0.3,0.2,0.25,0.75,3.29,-20.86,True
1.04,0.005,1.02,0.3,0.2,0.5,0.5,3.48,-18.73,True
1.04,0.005,1.02,0.3,0.2,0.75,0.25,3.67,-16.53,True
1.04,0.005,1.02,0.3,0.2,1.0,0.0,3.87,-14.26,True
1.04,0.005,1.02,0.3,0.3,0.0,1.0,4.34,-18.78,True
1.04,0.005,1.02,0.3,0.3,0.25,0.75,4.46,-17.02,True
1.04,0.005,1.02,0.3,0.3,0.5,0.5,4.59,-15.2,True
1.04,0.005,1.02,0.3,0.3,0.75,0.25,4.72,-14.46,True
1.04,0.005,1.02,0.3,0.3,1.0,0.0,4.86,-14.11,True
1.04,0.005,1.02,0.4,0.0,0.0,1.0,-1.54,-30.83,True
1.04,0.005,1.02,0.4,0.0,0.25,0.75,-0.94,-28.18,True
1.04,0.005,1.02,0.4,0.0,0.5,0.5,-0.36,-25.45,True
1.04,0.005,1.02,0.4,0.0,0.75,0.25,0.17,-22.64,True
1.04,0.005,1.02,0.4,0.0,1.0,0.0,0.67,-19.74,True
1.04,0.005,1.02,0.4,0.1,0.0,1.0,1.29,-26.54,True
1.04,0.005,1.02,0.4,0.1,0.25,0.75,1.6,-24.2,True
1.04,0.005,1.02,0.4,0.1,0.5,0.5,1.91,-21.79,True
1.04,0.005,1.02,0.4,0.1,0.75,0.25,2.21,-19.31,True
1.04,0.005,1.02,0.4,0.1,1.0,0.0,2.51,-16.75,True
1.04,0.005,1.02,0.4,0.2,0.0,1.0,3.07,-22.13,True
1.04,0.005,1.02,0.4,0.2,0.25,0.75,3.25,-20.12,True
1.04,0.005,1.02,0.4,0.2,0.5,0.5,3.43,-18.05,True
1.04,0.005,1.02,0.4,0.2,0.75,0.25,3.63,-15.92,True
1.04,0.005,1.02,0.4,0.2,1.0,0.0,3.82,-13.71,True
1.04,0.005,1.02,0.4,0.3,0.0,1.0,4.36,-17.64,True
1.04,0.005,1.02,0.4,0.3,0.25,0.75,4.48,-16.24,True
1.04,0.005,1.02,0.4,0.3,0.5,0.5,4.61,-14.93,True
1.04,0.005,1.02,0.4,0.3,0.75,0.25,4.74,-14.49,True
1.04,0.005,1.02,0.4,0.3,1.0,0.0,4.88,-14.16,True
1.04,0.01,0.95,0.1,0.0,0.0,1.0,6.95,-27.66,True
1.04,0.01,0.95,0.1,0.0,0.25,0.75,6.97,-25.17,True
1.04,0.01,0.95,0.1,0.0,0.5,0.5,6.96,-22.62,True
1.04,0.01,0.95,0.1,0.0,0.75,0.25,6.92,-20.0,True
1.04,0.01,0.95,0.1,0.0,1.0,0.0,6.83,-17.31,True
1.04,0.01,0.95,0.1,0.1,0.0,1.0,7.31,-25.21,True
1.04,0.01,0.95,0.1,0.1,0.25,0.75,7.33,-22.99,True
1.04,0.01,0.95,0.1,0.1,0.5,0.5,7.32,-20.71,True
1.04,0.01,0.95,0.1,0.1,0.75,0.25,7.27,-18.37,True
1.04,0.01,0.95,0.1,0.1,1.0,0.0,7.2,-16.14,True
1.04,0.01,0.95,0.1,0.2,0.0,1.0,7.48,-23.94,True
1.04,0.01,0.95,0.1,0.2,0.25,0.75,7.51,-22.01,True
1.04,0.01,0.95,0.1,0.2,0.5,0.5,7.52,-20.08,True
1.04,0.01,0.95,0.1,0.2,0.75,0.25,7.49,-18.16,True
1.04,0.01,0.95,0.1,0.2,1.0,0.0,7.44,-16.39,True
1.04,0.01,0.95,0.1,0.3,0.0,1.0,7.66,-22.01,True
1.04,0.01,0.95,0.1,0.3,0.25,0.75,7.69,-20.91,True
1.04,0.01,0.95,0.1,0.3,0.5,0.5,7.7,-19.71,True
1.04,0.01,0.95,0.1,0.3,0.75,0.25,7.68,-18.41,True
1.04,0.01,0.95,0.1,0.3,1.0,0.0,7.64,-16.99,True
1.04,0.01,0.95,0.2,0.0,0.0,1.0,6.51,-41.53,False
1.04,0.01,0.95,0.2,0.0,0.25,0.75,6.65,-38.61,True
1.04,0.01,0.95,0.2,0.0,0.5,0.5,6.75,-35.64,True
1.04,0.01,0.95,0.2,0.0,0.75,0.25,6.8,-32.6,True
1.04,0.01,0.95,0.2,0.0,1.0,0.0,6.8,-29.51,True
1.04,0.01,0.95,0.2,0.1,0.0,1.0,6.62,-38.91,True
1.04,0.01,0.95,0.2,0.1,0.25,0.75,6.76,-35.98,True
1.04,0.01,0.95,0.2,0.1,0.5,0.5,6.86,-32.99,True
1.04,0.01,0.95,0.2,0.1,0.75,0.25,6.93,-29.92,True
1.04,0.01,0.95,0.2,0.1,1.0,0.0,6.95,-26.79,True
1.04,0.01,0.95,0.2,0.2,0.0,1.0,6.83,-36.17,True
1.04,0.01,0.95,0.2,0.2,0.25,0.75,6.96,-33.25,True
1.04,0.01,0.95,0.2,0.2,0.5,0.5,7.05,-30.24,True
1.04,0.01,0.95,0.2,0.2,0.75,0.25,7.12,-27.17,True
1.04,0.01,0.95,0.2,0.2,1.0,0.0,7.15,-24.04,True
1.04,0.01,0.95,0.2,0.3,0.0,1.0,7.05,-33.21,True
1.04,0.01,0.95,0.2,0.3,0.25,0.75,7.18,-30.31,True
1.04,0.01,0.95,0.2,0.3,0.5,0.5,7.29,-27.32,True
1.04,0.01,0.95,0.2,0.3,0.75,0.25,7.36,-24.26,True
1.04,0.01,0.95,0.2,0.3,1.0,0.0,7.4,-21.13,True
1.04,0.01,0.95,0.3,0.0,0.0,1.0,6.09,-48.98,False
1.04,0.01,0.95,0.3,0.0,0.25,0.75,6.3,-45.67,False
1.04,0.01,0.95,0.3,0.0,0.5,0.5,6.47,-42.26,False
1.04,0.01,0.95,0.3,0.0,0.75,0.25,6.58,-38.76,True
1.04,0.01,0.95,0.3,0.0,1.0,0.0,6.64,-35.18,True
1.04,0.01,0.95,0.3,0.1,0.0,1.0,6.44,-45.93,False
1.04,0.01,0.95,0.3,0.1,0.25,0.75,6.63,-42.63,False
1.04,0.01,0.95,0.3,0.1,0.5,0.5,6.78,-39.21,True
1.04,0.01,0.95,0.3,0.1,0.75,0.25,6.88,-35.68,True
1.04,0.01,0.95,0.3,0.1,1.0,0.0,6.94,-32.04,True
1.04,0.01,0.95,0.3,0.2,0.0,1.0,6.96,-40.91,False
1.04,0.01,0.95,0.3,0.2,0.25,0.75,7.12,-37.66,True
1.04,0.01,0.95,0.3,0.2,0.5,0.5,7.23,-34.3,True
1.04,0.01,0.95,0.3,0.2,0.75,0.25,7.31,-30.81,True
1.04,0.01,0.95,0.3,0.2,1.0,0.0,7.35,-27.22,True
1.04,0.01,0.95,0.3,0.3,0.0,1.0,7.43,-35.86,True
1.04,0.01,0.95,0.3,0.3,0.25,0.75,7.56,-32.68,True
1.04,0.01,0.95,0.3,0.3,0.5,0.5,7.65,-29.39,True
1.04,0.01,0.95,0.3,0.3,0.75,0.25,7.71,-25.98,True
1.04,0.01,0.95,0.3,0.3,1.0,0.0,7.73,-22.48,True
1.04,0.01,0.95,0.4,0.0,0.0,1.0,6.54,-49.72,False
1.04,0.01,0.95,0.4,0.0,0.25,0.75,6.73,-46.38,False
1.04,0.01,0.95,0.4,0.0,0.5,0.5,6.87,-42.94,False
1.04,0.01,0.95,0.4,0.0,0.75,0.25,6.96,-39.39,True
1.04,0.01,0.95,0.4,0.0,1.0,0.0,6.99,-35.76,True
1.04,0.01,0.95,0.4,0.1,0.0,1.0,7.07,-45.14,False
1.04,0.01,0.95,0.4,0.1,0.25,0.75,7.22,-41.82,False
1.04,0.01,0.95,0.4,0.1,0.5,0.5,7.33,-38.39,True
1.04,0.01,0.95,0.4,0.1,0.75,0.25,7.39,-34.85,True
1.04,0.01,0.95,0.4,0.1,1.0,0.0,7.41,-31.21,True
1.04,0.01,0.95,0.4,0.2,0.0,1.0,7.53,-40.55,False
1.04,0.01,0.95,0.4,0.2,0.25,0.75,7.66,-37.26,True
1.04,0.01,0.95,0.4,0.2,0.5,0.5,7.74,-33.85,True
1.04,0.01,0.95,0.4,0.2,0.75,0.25,7.78,-30.34,True
1.04,0.01,0.95,0.4,0.2,1.0,0.0,7.78,-26.71,True
1.04,0.01,0.95,0.4,0.3,0.0,1.0,7.84,-35.55,True
1.04,0.01,0.95,0.4,0.3,0.25,0.75,7.93,-32.29,True
1.04,0.01,0.95,0.4,0.3,0.5,0.5,7.99,-28.93,True
1.04,0.01,0.95,0.4,0.3,0.75,0.25,8.02,-25.46,True
1.04,0.01,0.95,0.4,0.3,1.0,0.0,8.01,-21.9,True
1.04,0.01,0.97,0.1,0.0,0.0,1.0,4.62,-26.5,True
1.04,0.01,0.97,0.1,0.0,0.25,0.75,4.73,-23.93,True
1.04,0.01,0.97,0.1,0.0,0.5,0.5,4.81,-21.34,True
1.04,0.01,0.97,0.1,0.0,0.75,0.25,4.86,-18.71,True
1.04,0.01,0.97,0.1,0.0,1.0,0.0,4.87,-16.07,True
1.04,0.01,0.97,0.1,0.1,0.0,1.0,5.69,-22.77,True
1.04,0.01,0.97,0.1,0.1,0.25,0.75,5.76,-20.45,True
1.04,0.01,0.97,0.1,0.1,0.5,0.5,5.81,-18.1,True
1.04,0.01,0.97,0.1,0.1,0.75,0.25,5.82,-15.73,True
1.04,0.01,0.97,0.1,0.1,1.0,0.0,5.8,-13.33,True
1.04,0.01,0.97,0.1,0.2,0.0,1.0,6.23,-19.46,True
1.04,0.01,0.97,0.1,0.2,0.25,0.75,6.3,-17.37,True
1.04,0.01,0.97,0.1,0.2,0.5,0.5,6.33,-15.26,True
1.04,0.01,0.97,0.1,0.2,0.75,0.25,6.35,-13.12,True
1.04,0.01,0.97,0.1,0.2,1.0,0.0,6.34,-10.97,True
1.04,0.01,0.97,0.1,0.3,0.0,1.0,6.58,-16.7,True
1.04,0.01,0.97,0.1,0.3,0.25,0.75,6.64,-16.21,True
1.04,0.01,0.97,0.1,0.3,0.5,0.5,6.68,-15.77,True
1.04,0.01,0.97,0.1,0.3,0.75,0.25,6.69,-15.35,True
1.04,0.01,0.97,0.1,0.3,1.0,0.0,6.69,-14.93,True
1.04,0.01,0.97,0.2,0.0,0.0,1.0,4.89,-36.19,True
1.04,0.01,0.97,0.2,0.0,0.25,0.75,5.06,-33.56,True
1.04,0.01,0.97,0.2,0.0,0.5,0.5,5.19,-30.88,True
1.04,0.01,0.97,0.2,0.0,0.75,0.25,5.28,-28.17,True
1.04,0.01,0.97,0.2,0.0,1.0,0.0,5.31,-25.41,True
1.04,0.01,0.97,0.2,0.1,0.0,1.0,5.4,-32.28,True
1.04,0.01,0.97,0.2,0.1,0.25,0.75,5.55,-29.71,True
1.04,0.01,0.97,0.2,0.1,0.5,0.5,5.66,-27.08,True
1.04,0.01,0.97,0.2,0.1,0.75,0.25,5.74,-24.39,True
1.04,0.01,0.97,0.2,0.1,1.0,0.0,5.78,-21.65,True
1.04,0.01,0.97,0.2,0.2,0.0,1.0,5.86,-28.51,True
1.04,0.01,0.97,0.2,0.2,0.25,0.75,6.01,-26.02,True
1.04,0.01,0.97,0.2,0.2,0.5,0.5,6.13,-23.46,True
1.04,0.01,0.97,0.2,0.2,0.75,0.25,6.21,-20.82,True
1.04,0.01,0.97,0.2,0.2,1.0,0.0,6.26,-18.12,True
1.04,0.01,0.97,0.2,0.3,0.0,1.0,6.4,-24.58,True
1.04,0.01,0.97,0.2,0.3,0.25,0.75,6.51,-22.18,True
1.04,0.01,0.97,0.2,0.3,0.5,0.5,6.6,-19.67,True
1.04,0.01,0.97,0.2,0.3,0.75,0.25,6.67,-17.05,True
1.04,0.01,0.97,0.2,0.3,1.0,0.0,6.71,-15.14,True
1.04,0.01,0.97,0.3,0.0,0.0,1.0,4.69,-42.53,False
1.04,0.01,0.97,0.3,0.0,0.25,0.75,4.92,-39.51,True
1.04,0.01,0.97,0.3,0.0,0.5,0.5,5.1,-36.43,True
1.04,0.01,0.97,0.3,0.0,0.75,0.25,5.23,-33.28,True
1.04,0.01,0.97,0.3,0.0,1.0,0.0,5.3,-30.08,True
1.04,0.01,0.97,0.3,0.1,0.0,1.0,5.44,-37.15,True
1.04,0.01,0.97,0.3,0.1,0.25,0.75,5.62,-34.31,True
1.04,0.01,0.97,0.3,0.1,0.5,0.5,5.76,-31.36,True
1.04,0.01,0.97,0.3,0.1,0.75,0.25,5.85,-28.32,True
1.04,0.01,0.97,0.3,0.1,1.0,0.0,5.91,-25.18,True
1.04,0.01,0.97,0.3,0.2,0.0,1.0,6.28,-31.01,True
1.04,0.01,0.97,0.3,0.2,0.25,0.75,6.4,-28.3,True
1.04,0.01,0.97,0.3,0.2,0.5,0.5,6.49,-25.49,True
1.04,0.01,0.97,0.3,0.2,0.75,0.25,6.54,-22.58,True
1.04,0.01,0.97,0.3,0.2,1.0,0.0,6.57,-19.57,True
1.04,0.01,0.97,0.3,0.3,0.0,1.0,6.93,-25.4,True
1.04,0.01,0.97,0.3,0.3,0.25,0.75,7.02,-22.83,True
1.04,0.01,0.97,0.3,0.3,0.5,0.5,7.09,-20.16,True
1.04,0.01,0.97,0.3,0.3,0.75,0.25,7.12,-17.38,True
1.04,0.01,0.97,0.3,0.3,1.0,0.0,7.13,-14.97,True
1.04,0.01,0.97,0.4,0.0,0.0,1.0,5.18,-42.84,False
1.04,0.01,0.97,0.4,0.0,0.25,0.75,5.39,-39.81,True
1.04,0.01,0.97,0.4,0.0,0.5,0.5,5.54,-36.71,True
1.04,0.01,0.97,0.4,0.0,0.75,0.25,5.64,-33.54,True
1.04,0.01,0.97,0.4,0.0,1.0,0.0,5.68,-30.3,True
1.04,0.01,0.97,0.4,0.1,0.0,1.0,6.11,-36.44,True
1.04,0.01,0.97,0.4,0.1,0.25,0.75,6.25,-33.57,True
1.04,0.01,0.97,0.4,0.1,0.5,0.5,6.35,-30.61,True
1.04,0.01,0.97,0.4,0.1,0.75,0.25,6.4,-27.55,True
1.04,0.01,0.97,0.4,0.1,1.0,0.0,6.41,-24.41,True
1.04,0.01,0.97,0.4,0.2,0.0,1.0,6.7,-30.33,True
1.04,0.01,0.97,0.4,0.2,0.25,0.75,6.81,-27.65,True
1.04,0.01,0.97,0.4,0.2,0.5,0.5,6.89,-24.85,True
1.04,0.01,0.97,0.4,0.2,0.75,0.25,6.93,-21.95,True
1.04,0.01,0.97,0.4,0.2,1.0,0.0,6.93,-18.96,True
1.04,0.01,0.97,0.4,0.3,0.0,1.0,7.08,-23.68,True
1.04,0.01,0.97,0.4,0.3,0.25,0.75,7.17,-21.26,True
1.04,0.01,0.97,0.4,0.3,0.5,0.5,7.24,-18.71,True
1.04,0.01,0.97,0.4,0.3,0.75,0.25,7.27,-16.05,True
1.04,0.01,0.97,0.4,0.3,1.0,0.0,7.27,-14.85,True
1.04,0.01,0.99,0.1,0.0,0.0,1.0,4.39,-34.02,True
1.04,0.01,0.99,0.1,0.0,0.25,0.75,4.46,-31.37,True
1.04,0.01,0.99,0.1,0.0,0.5,0.5,4.5,-28.65,True
1.04,0.01,0.99,0.1,0.0,0.75,0.25,4.5,-25.87,True
1.04,0.01,0.99,0.1,0.0,1.0,0.0,4.47,-23.04,True
1.04,0.01,0.99,0.1,0.1,0.0,1.0,5.5,-31.64,True
1.04,0.01,0.99,0.1,0.1,0.25,0.75,5.54,-29.1,True
1.04,0.01,0.99,0.1,0.1,0.5,0.5,5.53,-26.51,True
1.04,0.01,0.99,0.1,0.1,0.75,0.25,5.51,-23.86,True
1.04,0.01,0.99,0.1,0.1,1.0,0.0,5.45,-21.16,True
1.04,0.01,0.99,0.1,0.2,0.0,1.0,5.94,-28.0,True
1.04,0.01,0.99,0.1,0.2,0.25,0.75,6.03,-25.72,True
1.04,0.01,0.99,0.1,0.2,0.5,0.5,6.08,-23.39,True
1.04,0.01,0.99,0.1,0.2,0.75,0.25,6.09,-21.0,True
1.04,0.01,0.99,0.1,0.2,1.0,0.0,6.07,-18.55,True
1.04,0.01,0.99,0.1,0.3,0.0,1.0,6.15,-24.01,True
1.04,0.01,0.99,0.1,0.3,0.25,0.75,6.24,-21.99,True
1.04,0.01,0.99,0.1,0.3,0.5,0.5,6.3,-19.92,True
1.04,0.01,0.99,0.1,0.3,0.75,0.25,6.34,-17.8,True
1.04,0.01,0.99,0.1,0.3,1.0,0.0,6.35,-15.64,True
1.04,0.01,0.99,0.2,0.0,0.0,1.0,4.49,-40.97,True
1.04,0.01,0.99,0.2,0.0,0.25,0.75,4.65,-37.87,True
1.04,0.01,0.99,0.2,0.0,0.5,0.5,4.75,-34.67,True
1.04,0.01,0.99,0.2,0.0,0.75,0.25,4.81,-31.38,True
1.04,0.01,0.99,0.2,0.0,1.0,0.0,4.81,-27.99,True
1.04,0.01,0.99,0.2,0.1,0.0,1.0,4.88,-36.76,True
1.04,0.01,0.99,0.2,0.1,0.25,0.75,5.03,-33.94,True
1.04,0.01,0.99,0.2,0.1,0.5,0.5,5.14,-31.03,True
1.04,0.01,0.99,0.2,0.1,0.75,0.25,5.22,-28.03,True
1.04,0.01,0.99,0.2,0.1,1.0,0.0,5.26,-24.95,True
1.04,0.01,0.99,0.2,0.2,0.0,1.0,5.35,-32.27,True
1.04,0.01,0.99,0.2,0.2,0.25,0.75,5.51,-29.76,True
1.04,0.01,0.99,0.2,0.2,0.5,0.5,5.63,-27.17,True
1.04,0.01,0.99,0.2,0.2,0.75,0.25,5.73,-24.51,True
1.04,0.01,0.99,0.2,0.2,1.0,0.0,5.78,-21.76,True
1.04,0.01,0.99,0.2,0.3,0.0,1.0,5.97,-27.69,True
1.04,0.01,0.99,0.2,0.3,0.25,0.75,6.09,-25.48,True
1.04,0.01,0.99,0.2,0.3,0.5,0.5,6.18,-23.19,True
1.04,0.01,0.99,0.2,0.3,0.75,0.25,6.26,-20.84,True
1.04,0.01,0.99,0.2,0.3,1.0,0.0,6.3,-18.41,True
1.04,0.01,0.99,0.3,0.0,0.0,1.0,3.9,-44.13,True
1.04,0.01,0.99,0.3,0.0,0.25,0.75,4.14,-40.89,True
1.04,0.01,0.99,0.3,0.0,0.5,0.5,4.33,-37.54,True
1.04,0.01,0.99,0.3,0.0,0.75,0.25,4.47,-34.08,True
1.04,0.01,0.99,0.3,0.0,1.0,0.0,4.54,-30.49,True
1.04,0.01,0.99,0.3,0.1,0.0,1.0,4.67,-39.02,True
1.04,0.01,0.99,0.3,0.1,0.25,0.75,4.86,-36.11,True
1.04,0.01,0.99,0.3,0.1,0.5,0.5,5.02,-33.1,True
1.04,0.01,0.99,0.3,0.1,0.75,0.25,5.14,-29.99,True
1.04,0.01,0.99,0.3,0.1,1.0,0.0,5.21,-26.77,True
1.04,0.01,0.99,0.3,0.2,0.0,1.0,5.46,-33.79,True
1.04,0.01,0.99,0.3,0.2,0.25,0.75,5.61,-31.21,True
1.04,0.01,0.99,0.3,0.2,0.5,0.5,5.74,-28.54,True
1.04,0.01,0.99,0.3,0.2,0.75,0.25,5.83,-25.78,True
1.04,0.01,0.99,0.3,0.2,1.0,0.0,5.89,-22.92,True
1.04,0.01,0.99,0.3,0.3,0.0,1.0,6.14,-28.38,True
1.04,0.01,0.99,0.3,0.3,0.25,0.75,6.27,-26.2,True
1.04,0.01,0.99,0.3,0.3,0.5,0.5,6.37,-23.93,True
1.04,0.01,0.99,0.3,0.3,0.75,0.25,6.44,-21.58,True
1.04,0.01,0.99,0.3,0.3,1.0,0.0,6.48,-19.12,True
1.04,0.01,0.99,0.4,0.0,0.0,1.0,3.94,-45.14,True
1.04,0.01,0.99,0.4,0.0,0.25,0.75,4.2,-41.87,True
1.04,0.01,0.99,0.4,0.0,0.5,0.5,4.4,-38.47,True
1.04,0.01,0.99,0.4,0.0,0.75,0.25,4.54,-34.95,True
1.04,0.01,0.99,0.4,0.0,1.0,0.0,4.63,-31.3,True
1.04,0.01,0.99,0.4,0.1,0.0,1.0,4.87,-39.75,True
1.04,0.01,0.99,0.4,0.1,0.25,0.75,5.06,-36.83,True
1.04,0.01,0.99,0.4,0.1,0.5,0.5,5.22,-33.78,True
1.04,0.01,0.99,0.4,0.1,0.75,0.25,5.34,-30.62,True
1.04,0.01,0.99,0.4,0.1,1.0,0.0,5.4,-27.34,True
1.04,0.01,0.99,0.4,0.2,0.0,1.0,5.62,-33.79,True
1.04,0.01,0.99,0.4,0.2,0.25,0.75,5.78,-31.27,True
1.04,0.01,0.99,0.4,0.2,0.5,0.5,5.91,-28.64,True
1.04,0.01,0.99,0.4,0.2,0.75,0.25,6.0,-25.91,True
1.04,0.01,0.99,0.4,0.2,1.0,0.0,6.04,-23.12,True
1.04,0.01,0.99,0.4,0.3,0.0,1.0,6.19,-27.85,True
1.04,0.01,0.99,0.4,0.3,0.25,0.75,6.32,-25.71,True
1.04,0.01,0.99,0.4,0.3,0.5,0.5,6.42,-23.48,True
1.04,0.01,0.99,0.4,0.3,0.75,0.25,6.5,-21.15,True
1.04,0.01,0.99,0.4,0.3,1.0,0.0,6.54,-18.79,True
1.04,0.01,1.0,0.1,0.0,0.0,1.0,1.26,-28.86,True
1.04,0.01,1.0,0.1,0.0,0.25,0.75,1.52,-26.48,True
1.04,0.01,1.0,0.1,0.0,0.5,0.5,1.77,-24.06,True
1.04,0.01,1.0,0.1,0.0,0.75,0.25,1.99,-21.59,True
1.04,0.01,1.0,0.1,0.0,1.0,0.0,2.19,-19.07,True
1.04,0.01,1.0,0.1,0.1,0.0,1.0,3.28,-26.76,True
1.04,0.01,1.0,0.1,0.1,0.25,0.75,3.44,-24.49,True
1.04,0.01,1.0,0.1,0.1,0.5,0.5,3.59,-22.18,True
1.04,0.01,1.0,0.1,0.1,0.75,0.25,3.71,-19.82,True
1.04,0.01,1.0,0.1,0.1,1.0,0.0,3.83,-17.43,True
1.04,0.01,1.0,0.1,0.2,0.0,1.0,4.43,-23.7,True
1.04,0.01,1.0,0.1,0.2,0.25,0.75,4.56,-21.65,True
1.04,0.01,1.0,0.1,0.2,0.5,0.5,4.67,-19.54,True
1.04,0.01,1.0,0.1,0.2,0.75,0.25,4.78,-17.4,True
1.04,0.01,1.0,0.1,0.2,1.0,0.0,4.87,-15.21,True
1.04,0.01,1.0,0.1,0.3,0.0,1.0,5.17,-20.37,True
1.04,0.01,1.0,0.1,0.3,0.25,0.75,5.28,-18.53,True
1.04,0.01,1.0,0.1,0.3,0.5,0.5,5.39,-16.65,True
1.04,0.01,1.0,0.1,0.3,0.75,0.25,5.48,-15.15,True
1.04,0.01,1.0,0.1,0.3,1.0,0.0,5.57,-14.79,True
1.04,0.01,1.0,0.2,0.0,0.0,1.0,2.05,-35.68,True
1.04,0.01,1.0,0.2,0.0,0.25,0.75,2.34,-32.82,True
1.04,0.01,1.0,0.2,0.0,0.5,0.5,2.6,-29.89,True
1.04,0.01,1.0,0.2,0.0,0.75,0.25,2.83,-26.88,True
1.04,0.01,1.0,0.2,0.0,1.0,0.0,3.02,-23.8,True
1.04,0.01,1.0,0.2,0.1,0.0,1.0,3.29,-32.16,True
1.04,0.01,1.0,0.2,0.1,0.25,0.75,3.52,-29.54,True
1.04,0.01,1.0,0.2,0.1,0.5,0.5,3.72,-26.86,True
1.04,0.01,1.0,0.2,0.1,0.75,0.25,3.9,-24.11,True
1.04,0.01,1.0,0.2,0.1,1.0,0.0,4.05,-21.28,True
1.04,0.01,1.0,0.2,0.2,0.0,1.0,4.1,-28.34,True
1.04,0.01,1.0,0.2,0.2,0.25,0.75,4.29,-26.01,True
1.04,0.01,1.0,0.2,0.2,0.5,0.5,4.47,-23.61,True
1.04,0.01,1.0,0.2,0.2,0.75,0.25,4.64,-21.14,True
1.04,0.01,1.0,0.2,0.2,1.0,0.0,4.79,-18.6,True
1.04,0.01,1.0,0.2,0.3,0.0,1.0,4.79,-24.35,True
1.04,0.01,1.0,0.2,0.3,0.25,0.75,4.96,-22.28,True
1.04,0.01,1.0,0.2,0.3,0.5,0.5,5.12,-20.15,True
1.04,0.01,1.0,0.2,0.3,0.75,0.25,5.27,-17.96,True
1.04,0.01,1.0,0.2,0.3,1.0,0.0,5.42,-15.71,True
1.04,0.01,1.0,0.3,0.0,0.0,1.0,1.62,-39.12,True
1.04,0.01,1.0,0.3,0.0,0.25,0.75,1.98,-36.09,True
1.04,0.01,1.0,0.3,0.0,0.5,0.5,2.3,-32.97,True
1.04,0.01,1.0,0.3,0.0,0.75,0.25,2.59,-29.76,True
1.04,0.01,1.0,0.3,0.0,1.0,0.0,2.83,-26.44,True
1.04,0.01,1.0,0.3,0.1,0.0,1.0,2.71,-34.63,True
1.04,0.01,1.0,0.3,0.1,0.25,0.75,3.0,-31.9,True
1.04,0.01,1.0,0.3,0.1,0.5,0.5,3.26,-29.09,True
1.04,0.01,1.0,0.3,0.1,0.75,0.25,3.51,-26.2,True
1.04,0.01,1.0,0.3,0.1,1.0,0.0,3.72,-23.21,True
1.04,0.01,1.0,0.3,0.2,0.0,1.0,3.71,-29.97,True
1.04,0.01,1.0,0.3,0.2,0.25,0.75,3.92,-27.54,True
1.04,0.01,1.0,0.3,0.2,0.5,0.5,4.13,-25.05,True
1.04,0.01,1.0,0.3,0.2,0.75,0.25,4.32,-22.47,True
1.04,0.01,1.0,0.3,0.2,1.0,0.0,4.51,-19.82,True
1.04,0.01,1.0,0.3,0.3,0.0,1.0,4.78,-25.19,True
1.04,0.01,1.0,0.3,0.3,0.25,0.75,4.93,-23.14,True
1.04,0.01,1.0,0.3,0.3,0.5,0.5,5.07,-21.01,True
1.04,0.01,1.0,0.3,0.3,0.75,0.25,5.21,-18.79,True
1.04,0.01,1.0,0.3,0.3,1.0,0.0,5.35,-16.49,True
1.04,0.01,1.0,0.4,0.0,0.0,1.0,1.0,-40.22,True
1.04,0.01,1.0,0.4,0.0,0.25,0.75,1.43,-37.15,True
1.04,0.01,1.0,0.4,0.0,0.5,0.5,1.82,-33.97,True
1.04,0.01,1.0,0.4,0.0,0.75,0.25,2.17,-30.69,True
1.04,0.01,1.0,0.4,0.0,1.0,0.0,2.48,-27.3,True
1.04,0.01,1.0,0.4,0.1,0.0,1.0,2.36,-35.43,True
1.04,0.01,1.0,0.4,0.1,0.25,0.75,2.67,-32.67,True
1.04,0.01,1.0,0.4,0.1,0.5,0.5,2.96,-29.81,True
1.04,0.01,1.0,0.4,0.1,0.75,0.25,3.24,-26.86,True
1.04,0.01,1.0,0.4,0.1,1.0,0.0,3.49,-24.03,True
1.04,0.01,1.0,0.4,0.2,0.0,1.0,3.79,-30.06,True
1.04,0.01,1.0,0.4,0.2,0.25,0.75,3.99,-27.68,True
1.04,0.01,1.0,0.4,0.2,0.5,0.5,4.2,-25.22,True
1.04,0.01,1.0,0.4,0.2,0.75,0.25,4.39,-22.66,True
1.04,0.01,1.0,0.4,0.2,1.0,0.0,4.56,-20.18,True
1.04,0.01,1.0,0.4,0.3,0.0,1.0,4.8,-24.65,True
1.04,0.01,1.0,0.4,0.3,0.25,0.75,4.97,-22.64,True
1.04,0.01,1.0,0.4,0.3,0.5,0.5,5.12,-20.54,True
1.04,0.01,1.0,0.4,0.3,0.75,0.25,5.27,-18.37,True
1.04,0.01,1.0,0.4,0.3,1.0,0.0,5.41,-16.17,True
1.04,0.01,1.01,0.1,0.0,0.0,1.0,2.3,-26.47,True
1.04,0.01,1.01,0.1,0.0,0.25,0.75,2.47,-24.23,True
1.04,0.01,1.01,0.1,0.0,0.5,0.5,2.62,-21.95,True
1.04,0.01,1.01,0.1,0.0,0.75,0.25,2.75,-19.62,True
1.04,0.01,1.01,0.1,0.0,1.0,0.0,2.85,-17.27,True
1.04,0.01,1.01,0.1,0.1,0.0,1.0,3.8,-24.36,True
1.04,0.01,1.01,0.1,0.1,0.25,0.75,3.92,-22.23,True
1.04,0.01,1.01,0.1,0.1,0.5,0.5,4.03,-20.06,True
1.04,0.01,1.01,0.1,0.1,0.75,0.25,4.11,-17.86,True
1.04,0.01,1.01,0.1,0.1,1.0,0.0,4.17,-15.62,True
1.04,0.01,1.01,0.1,0.2,0.0,1.0,4.8,-21.53,True
1.04,0.01,1.01,0.1,0.2,0.25,0.75,4.89,-19.59,True
1.04,0.01,1.01,0.1,0.2,0.5,0.5,4.97,-17.61,True
1.04,0.01,1.01,0.1,0.2,0.75,0.25,5.04,-16.05,True
1.04,0.01,1.01,0.1,0.2,1.0,0.0,5.09,-14.71,True
1.04,0.01,1.01,0.1,0.3,0.0,1.0,5.46,-19.85,True
1.04,0.01,1.01,0.1,0.3,0.25,0.75,5.57,-18.68,True
1.04,0.01,1.01,0.1,0.3,0.5,0.5,5.64,-17.5,True
1.04,0.01,1.01,0.1,0.3,0.75,0.25,5.71,-16.3,True
1.04,0.01,1.01,0.1,0.3,1.0,0.0,5.76,-15.09,True
1.04,0.01,1.01,0.2,0.0,0.0,1.0,2.63,-32.86,True
1.04,0.01,1.01,0.2,0.0,0.25,0.75,2.85,-30.14,True
1.04,0.01,1.01,0.2,0.0,0.5,0.5,3.05,-27.36,True
1.04,0.01,1.01,0.2,0.0,0.75,0.25,3.21,-24.52,True
1.04,0.01,1.01,0.2,0.0,1.0,0.0,3.34,-21.61,True
1.04,0.01,1.01,0.2,0.1,0.0,1.0,3.66,-29.79,True
1.04,0.01,1.01,0.2,0.1,0.25,0.75,3.85,-27.28,True
1.04,0.01,1.01,0.2,0.1,0.5,0.5,4.01,-24.72,True
1.04,0.01,1.01,0.2,0.1,0.75,0.25,4.15,-22.1,True
1.04,0.01,1.01,0.2,0.1,1.0,0.0,4.27,-19.42,True
1.04,0.01,1.01,0.2,0.2,0.0,1.0,4.26,-26.42,True
1.04,0.01,1.01,0.2,0.2,0.25,0.75,4.45,-24.17,True
1.04,0.01,1.01,0.2,0.2,0.5,0.5,4.62,-21.86,True
1.04,0.01,1.01,0.2,0.2,0.75,0.25,4.77,-19.49,True
1.04,0.01,1.01,0.2,0.2,1.0,0.0,4.9,-17.07,True
1.04,0.01,1.01,0.2,0.3,0.0,1.0,4.84,-22.8,True
1.04,0.01,1.01,0.2,0.3,0.25,0.75,4.99,-20.78,True
1.04,0.01,1.01,0.2,0.3,0.5,0.5,5.15,-18.72,True
1.04,0.01,1.01,0.2,0.3,0.75,0.25,5.29,-17.17,True
1.04,0.01,1.01,0.2,0.3,1.0,0.0,5.42,-15.89,True
1.04,0.01,1.01,0.3,0.0,0.0,1.0,1.89,-36.45,True
1.04,0.01,1.01,0.3,0.0,0.25,0.75,2.21,-33.55,True
1.04,0.01,1.01,0.3,0.0,0.5,0.5,2.49,-30.56,True
1.04,0.01,1.01,0.3,0.0,0.75,0.25,2.74,-27.49,True
1.04,0.01,1.01,0.3,0.0,1.0,0.0,2.95,-24.33,True
1.04,0.01,1.01,0.3,0.1,0.0,1.0,2.72,-32.41,True
1.04,0.01,1.01,0.3,0.1,0.25,0.75,3.0,-29.78,True
1.04,0.01,1.01,0.3,0.1,0.5,0.5,3.26,-27.07,True
1.04,0.01,1.01,0.3,0.1,0.75,0.25,3.49,-24.29,True
1.04,0.01,1.01,0.3,0.1,1.0,0.0,3.7,-21.45,True
1.04,0.01,1.01,0.3,0.2,0.0,1.0,3.7,-28.15,True
1.04,0.01,1.01,0.3,0.2,0.25,0.75,3.9,-25.8,True
1.04,0.01,1.01,0.3,0.2,0.5,0.5,4.1,-23.38,True
1.04,0.01,1.01,0.3,0.2,0.75,0.25,4.29,-20.92,True
1.04,0.01,1.01,0.3,0.2,1.0,0.0,4.46,-18.4,True
1.04,0.01,1.01,0.3,0.3,0.0,1.0,4.75,-23.83,True
1.04,0.01,1.01,0.3,0.3,0.25,0.75,4.89,-21.81,True
1.04,0.01,1.01,0.3,0.3,0.5,0.5,5.02,-19.76,True
1.04,0.01,1.01,0.3,0.3,0.75,0.25,5.14,-17.64,True
1.04,0.01,1.01,0.3,0.3,1.0,0.0,5.26,-16.11,True
1.04,0.01,1.01,0.4,0.0,0.0,1.0,0.93,-37.59,True
1.04,0.01,1.01,0.4,0.0,0.25,0.75,1.34,-34.64,True
1.04,0.01,1.01,0.4,0.0,0.5,0.5,1.72,-31.6,True
1.04,0.01,1.01,0.4,0.0,0.75,0.25,2.06,-28.46,True
1.04,0.01,1.01,0.4,0.0,1.0,0.0,2.36,-25.22,True
1.04,0.01,1.01,0.4,0.1,0.0,1.0,2.23,-33.26,True
1.04,0.01,1.01,0.4,0.1,0.25,0.75,2.53,-30.59,True
1.04,0.01,1.01,0.4,0.1,0.5,0.5,2.81,-27.85,True
1.04,0.01,1.01,0.4,0.1,0.75,0.25,3.08,-25.03,True
1.04,0.01,1.01,0.4,0.1,1.0,0.0,3.33,-22.11,True
1.04,0.01,1.01,0.4,0.2,0.0,1.0,3.69,-28.4,True
1.04,0.01,1.01,0.4,0.2,0.25,0.75,3.87,-26.12,True
1.04,0.01,1.01,0.4,0.2,0.5,0.5,4.05,-23.75,True
1.04,0.01,1.01,0.4,0.2,0.75,0.25,4.23,-21.3,True
1.04,0.01,1.01,0.4,0.2,1.0,0.0,4.4,-18.75,True
1.04,0.01,1.01,0.4,0.3,0.0,1.0,4.72,-23.37,True
1.04,0.01,1.01,0.4,0.3,0.25,0.75,4.86,-21.44,True
1.04,0.01,1.01,0.4,0.3,0.5,0.5,5.0,-19.43,True
1.04,0.01,1.01,0.4,0.3,0.75,0.25,5.14,-17.4,True
1.04,0.01,1.01,0.4,0.3,1.0,0.0,5.27,-16.17,True
1.04,0.01,1.02,0.1,0.0,0.0,1.0,1.11,-21.24,True
1.04,0.01,1.02,0.1,0.0,0.25,0.75,1.34,-19.33,True
1.04,0.01,1.02,0.1,0.0,0.5,0.5,1.56,-17.4,True
1.04,0.01,1.02,0.1,0.0,0.75,0.25,1.75,-15.44,True
1.04,0.01,1.02,0.1,0.0,1.0,0.0,1.92,-13.59,True
1.04,0.01,1.02,0.1,0.1,0.0,1.0,2.69,-19.68,True
1.04,0.01,1.02,0.1,0.1,0.25,0.75,2.87,-17.85,True
1.04,0.01,1.02,0.1,0.1,0.5,0.5,3.04,-16.1,True
1.04,0.01,1.02,0.1,0.1,0.75,0.25,3.19,-14.7,True
1.04,0.01,1.02,0.1,0.1,1.0,0.0,3.33,-13.29,True
1.04,0.01,1.02,0.1,0.2,0.0,1.0,3.7,-19.1,True
1.04,0.01,1.02,0.1,0.2,0.25,0.75,3.87,-17.92,True
1.04,0.01,1.02,0.1,0.2,0.5,0.5,4.03,-16.72,True
1.04,0.01,1.02,0.1,0.2,0.75,0.25,4.17,-15.54,True
1.04,0.01,1.02,0.1,0.2,1.0,0.0,4.29,-14.33,True
1.04,0.01,1.02,0.1,0.3,0.0,1.0,4.56,-18.23,True
1.04,0.01,1.02,0.1,0.3,0.25,0.75,4.71,-17.38,True
1.04,0.01,1.02,0.1,0.3,0.5,0.5,4.85,-16.47,True
1.04,0.01,1.02,0.1,0.3,0.75,0.25,4.97,-15.52,True
1.04,0.01,1.02,0.1,0.3,1.0,0.0,5.09,-14.64,True
1.04,0.01,1.02,0.2,0.0,0.0,1.0,0.55,-27.94,True
1.04,0.01,1.02,0.2,0.0,0.25,0.75,0.91,-25.5,True
1.04,0.01,1.02,0.2,0.0,0.5,0.5,1.23,-23.02,True
1.04,0.01,1.02,0.2,0.0,0.75,0.25,1.53,-20.49,True
1.04,0.01,1.02,0.2,0.0,1.0,0.0,1.8,-17.9,True
1.04,0.01,1.02,0.2,0.1,0.0,1.0,2.21,-25.48,True
1.04,0.01,1.02,0.2,0.1,0.25,0.75,2.48,-23.22,True
1.04,0.01,1.02,0.2,0.1,0.5,0.5,2.73,-20.92,True
1.04,0.01,1.02,0.2,0.1,0.75,0.25,2.96,-18.57,True
1.04,0.01,1.02,0.2,0.1,1.0,0.0,3.16,-16.58,True
1.04,0.01,1.02,0.2,0.2,0.0,1.0,3.18,-22.73,True
1.04,0.01,1.02,0.2,0.2,0.25,0.75,3.41,-20.68,True
1.04,0.01,1.02,0.2,0.2,0.5,0.5,3.66,-18.59,True
1.04,0.01,1.02,0.2,0.2,0.75,0.25,3.89,-17.01,True
1.04,0.01,1.02,0.2,0.2,1.0,0.0,4.08,-15.66,True
1.04,0.01,1.02,0.2,0.3,0.0,1.0,4.22,-19.62,True
1.04,0.01,1.02,0.2,0.3,0.25,0.75,4.37,-18.02,True
1.04,0.01,1.02,0.2,0.3,0.5,0.5,4.52,-17.15,True
1.04,0.01,1.02,0.2,0.3,0.75,0.25,4.67,-16.15,True
1.04,0.01,1.02,0.2,0.3,1.0,0.0,4.82,-15.03,True
1.04,0.01,1.02,0.3,0.0,0.0,1.0,-0.04,-31.8,True
1.04,0.01,1.02,0.3,0.0,0.25,0.75,0.39,-29.14,True
1.04,0.01,1.02,0.3,0.0,0.5,0.5,0.79,-26.42,True
1.04,0.01,1.02,0.3,0.0,0.75,0.25,1.16,-23.62,True
1.04,0.01,1.02,0.3,0.0,1.0,0.0,1.49,-20.76,True
1.04,0.01,1.02,0.3,0.1,0.0,1.0,1.3,-28.3,True
1.04,0.01,1.02,0.3,0.1,0.25,0.75,1.64,-25.89,True
1.04,0.01,1.02,0.3,0.1,0.5,0.5,1.97,-23.42,True
1.04,0.01,1.02,0.3,0.1,0.75,0.25,2.31,-20.88,True
1.04,0.01,1.02,0.3,0.1,1.0,0.0,2.61,-18.29,True
1.04,0.01,1.02,0.3,0.2,0.0,1.0,2.92,-24.55,True
1.04,0.01,1.02,0.3,0.2,0.25,0.75,3.13,-22.39,True
1.04,0.01,1.02,0.3,0.2,0.5,0.5,3.34,-20.17,True
1.04,0.01,1.02,0.3,0.2,0.75,0.25,3.54,-17.93,True
1.04,0.01,1.02,0.3,0.2,1.0,0.0,3.73,-16.11,True
1.04,0.01,1.02,0.3,0.3,0.0,1.0,4.22,-20.79,True
1.04,0.01,1.02,0.3,0.3,0.25,0.75,4.35,-18.91,True
1.04,0.01,1.02,0.3,0.3,0.5,0.5,4.47,-17.16,True
1.04,0.01,1.02,0.3,0.3,0.75,0.25,4.61,-16.23,True
1.04,0.01,1.02,0.3,0.3,1.0,0.0,4.75,-15.22,True
1.04,0.01,1.02,0.4,0.0,0.0,1.0,-0.96,-33.02,True
1.04,0.01,1.02,0.4,0.0,0.25,0.75,-0.44,-30.31,True
1.04,0.01,1.02,0.4,0.0,0.5,0.5,0.05,-27.51,True
1.04,0.01,1.02,0.4,0.0,0.75,0.25,0.5,-24.64,True
1.04,0.01,1.02,0.4,0.0,1.0,0.0,0.93,-21.68,True
1.04,0.01,1.02,0.4,0.1,0.0,1.0,1.14,-29.2,True
1.04,0.01,1.02,0.4,0.1,0.25,0.75,1.45,-26.74,True
1.04,0.01,1.02,0.4,0.1,0.5,0.5,1.75,-24.22,True
1.04,0.01,1.02,0.4,0.1,0.75,0.25,2.06,-21.63,True
1.04,0.01,1.02,0.4,0.1,1.0,0.0,2.36,-18.96,True
1.04,0.01,1.02,0.4,0.2,0.0,1.0,2.93,-24.89,True
1.04,0.01,1.02,0.4,0.2,0.25,0.75,3.1,-22.78,True
1.04,0.01,1.02,0.4,0.2,0.5,0.5,3.3,-20.6,True
1.04,0.01,1.02,0.4,0.2,0.75,0.25,3.49,-18.35,True
1.04,0.01,1.02,0.4,0.2,1.0,0.0,3.69,-16.2,True
1.04,0.01,1.02,0.4,0.3,0.0,1.0,4.23,-20.34,True
1.04,0.01,1.02,0.4,0.3,0.25,0.75,4.35,-18.56,True
1.04,0.01,1.02,0.4,0.3,0.5,0.5,4.47,-17.18,True
1.04,0.01,1.02,0.4,0.3,0.75,0.25,4.6,-16.28,True
1.04,0.01,1.02,0.4,0.3,1.0,0.0,4.74,-15.28,True
1.04,0.015,0.95,0.1,0.0,0.0,1.0,4.84,-28.85,True
1.04,0.015,0.95,0.1,0.0,0.25,0.75,4.9,-26.32,True
1.04,0.015,0.95,0.1,0.0,0.5,0.5,4.94,-23.73,True
1.04,0.015,0.95,0.1,0.0,0.75,0.25,4.96,-21.08,True
1.04,0.015,0.95,0.1,0.0,1.0,0.0,4.95,-18.39,True
1.04,0.015,0.95,0.1,0.1,0.0,1.0,6.2,-26.09,True
1.04,0.015,0.95,0.1,0.1,0.25,0.75,6.21,-23.87,True
1.04,0.015,0.95,0.1,0.1,0.5,0.5,6.2,-21.6,True
1.04,0.015,0.95,0.1,0.1,0.75,0.25,6.17,-19.27,True
1.04,0.015,0.95,0.1,0.1,1.0,0.0,6.13,-16.88,True
1.04,0.015,0.95,0.1,0.2,0.0,1.0,7.24,-23.57,True
1.04,0.015,0.95,0.1,0.2,0.25,0.75,7.21,-21.61,True
1.04,0.015,0.95,0.1,0.2,0.5,0.5,7.16,-19.6,True
1.04,0.015,0.95,0.1,0.2,0.75,0.25,7.1,-18.17,True
1.04,0.015,0.95,0.1,0.2,1.0,0.0,7.02,-16.73,True
1.04,0.015,0.95,0.1,0.3,0.0,1.0,8.04,-21.99,True
1.04,0.015,0.95,0.1,0.3,0.25,0.75,7.98,-20.89,True
1.04,0.015,0.95,0.1,0.3,0.5,0.5,7.9,-19.74,True
1.04,0.015,0.95,0.1,0.3,0.75,0.25,7.81,-18.53,True
1.04,0.015,0.95,0.1,0.3,1.0,0.0,7.7,-17.25,True
1.04,0.015,0.95,0.2,0.0,0.0,1.0,9.18,-27.67,True
1.04,0.015,0.95,0.2,0.0,0.25,0.75,9.01,-25.2,True
1.04,0.015,0.95,0.2,0.0,0.5,0.5,8.81,-22.63,True
1.04,0.015,0.95,0.2,0.0,0.75,0.25,8.58,-19.96,True
1.04,0.015,0.95,0.2,0.0,1.0,0.0,8.32,-17.19,True
1.04,0.015,0.95,0.2,0.1,0.0,1.0,9.33,-26.21,True
1.04,0.015,0.95,0.2,0.1,0.25,0.75,9.16,-23.92,True
1.04,0.015,0.95,0.2,0.1,0.5,0.5,8.97,-21.53,True
1.04,0.015,0.95,0.2,0.1,0.75,0.25,8.75,-19.06,True
1.04,0.015,0.95,0.2,0.1,1.0,0.0,8.5,-16.48,True
1.04,0.015,0.95,0.2,0.2,0.0,1.0,9.46,-24.64,True
1.04,0.015,0.95,0.2,0.2,0.25,0.75,9.29,-22.54,True
1.04,0.015,0.95,0.2,0.2,0.5,0.5,9.11,-20.36,True
1.04,0.015,0.95,0.2,0.2,0.75,0.25,8.9,-18.09,True
1.04,0.015,0.95,0.2,0.2,1.0,0.0,8.67,-16.23,True
1.04,0.015,0.95,0.2,0.3,0.0,1.0,9.55,-22.95,True
1.04,0.015,0.95,0.2,0.3,0.25,0.75,9.39,-21.03,True
1.04,0.015,0.95,0.2,0.3,0.5,0.5,9.21,-19.6,True
1.04,0.015,0.95,0.2,0.3,0.75,0.25,9.02,-18.23,True
1.04,0.015,0.95,0.2,0.3,1.0,0.0,8.81,-16.76,True
1.04,0.015,0.95,0.3,0.0,0.0,1.0,9.64,-28.88,True
1.04,0.015,0.95,0.3,0.0,0.25,0.75,9.47,-26.41,True
1.04,0.015,0.95,0.3,0.0,0.5,0.5,9.26,-23.81,True
1.04,0.015,0.95,0.3,0.0,0.75,0.25,9.02,-21.07,True
1.04,0.015,0.95,0.3,0.0,1.0,0.0,8.74,-18.29,True
1.04,0.015,0.95,0.3,0.1,0.0,1.0,9.72,-27.3,True
1.04,0.015,0.95,0.3,0.1,0.25,0.75,9.55,-25.05,True
1.04,0.015,0.95,0.3,0.1,0.5,0.5,9.36,-22.94,True
1.04,0.015,0.95,0.3,0.1,0.75,0.25,9.12,-20.83,True
1.04,0.015,0.95,0.3,0.1,1.0,0.0,8.86,-18.72,True
1.04,0.015,0.95,0.3,0.2,0.0,1.0,9.62,-25.43,True
1.04,0.015,0.95,0.3,0.2,0.25,0.75,9.47,-23.32,True
1.04,0.015,0.95,0.3,0.2,0.5,0.5,9.29,-21.26,True
1.04,0.015,0.95,0.3,0.2,0.75,0.25,9.08,-19.22,True
1.04,0.015,0.95,0.3,0.2,1.0,0.0,8.85,-17.19,True
1.04,0.015,0.95,0.3,0.3,0.0,1.0,9.53,-23.48,True
1.04,0.015,0.95,0.3,0.3,0.25,0.75,9.39,-21.53,True
1.04,0.015,0.95,0.3,0.3,0.5,0.5,9.23,-19.59,True
1.04,0.015,0.95,0.3,0.3,0.75,0.25,9.05,-18.21,True
1.04,0.015,0.95,0.3,0.3,1.0,0.0,8.84,-16.71,True
1.04,0.015,0.95,0.4,0.0,0.0,1.0,9.69,-29.53,True
1.04,0.015,0.95,0.4,0.0,0.25,0.75,9.53,-27.18,True
1.04,0.015,0.95,0.4,0.0,0.5,0.5,9.34,-24.84,True
1.04,0.015,0.95,0.4,0.0,0.75,0.25,9.1,-22.49,True
1.04,0.015,0.95,0.4,0.0,1.0,0.0,8.83,-20.15,True
1.04,0.015,0.95,0.4,0.1,0.0,1.0,9.61,-27.5,True
1.04,0.015,0.95,0.4,0.1,0.25,0.75,9.46,-25.28,True
1.04,0.015,0.95,0.4,0.1,0.5,0.5,9.28,-23.06,True
1.04,0.015,0.95,0.4,0.1,0.75,0.25,9.07,-20.85,True
1.04,0.015,0.95,0.4,0.1,1.0,0.0,8.82,-18.64,True
1.04,0.015,0.95,0.4,0.2,0.0,1.0,9.54,-25.51,True
1.04,0.015,0.95,0.4,0.2,0.25,0.75,9.41,-23.36,True
1.04,0.015,0.95,0.4,0.2,0.5,0.5,9.24,-21.24,True
1.04,0.015,0.95,0.4,0.2,0.75,0.25,9.05,-19.17,True
1.04,0.015,0.95,0.4,0.2,1.0,0.0,8.83,-17.12,True
1.04,0.015,0.95,0.4,0.3,0.0,1.0,9.58,-23.68,True
1.04,0.015,0.95,0.4,0.3,0.25,0.75,9.45,-21.69,True
1.04,0.015,0.95,0.4,0.3,0.5,0.5,9.3,-19.63,True
1.04,0.015,0.95,0.4,0.3,0.75,0.25,9.12,-18.17,True
1.04,0.015,0.95,0.4,0.3,1.0,0.0,8.92,-16.66,True
1.04,0.015,0.97,0.1,0.0,0.0,1.0,2.87,-21.35,True
1.04,0.015,0.97,0.1,0.0,0.25,0.75,2.98,-19.29,True
1.04,0.015,0.97,0.1,0.0,0.5,0.5,3.07,-17.24,True
1.04,0.015,0.97,0.1,0.0,0.75,0.25,3.15,-15.19,True
1.04,0.015,0.97,0.1,0.0,1.0,0.0,3.2,-13.15,True
1.04,0.015,0.97,0.1,0.1,0.0,1.0,5.0,-17.26,True
1.04,0.015,0.97,0.1,0.1,0.25,0.75,5.0,-15.0,True
1.04,0.015,0.97,0.1,0.1,0.5,0.5,4.99,-12.7,True
1.04,0.015,0.97,0.1,0.1,0.75,0.25,4.97,-10.38,True
1.04,0.015,0.97,0.1,0.1,1.0,0.0,4.93,-9.15,True
1.04,0.015,0.97,0.1,0.2,0.0,1.0,6.36,-13.59,True
1.04,0.015,0.97,0.1,0.2,0.25,0.75,6.32,-12.03,True
1.04,0.015,0.97,0.1,0.2,0.5,0.5,6.27,-11.67,True
1.04,0.015,0.97,0.1,0.2,0.75,0.25,6.2,-11.31,True
1.04,0.015,0.97,0.1,0.2,1.0,0.0,6.12,-10.97,True
1.04,0.015,0.97,0.1,0.3,0.0,1.0,7.3,-16.6,True
1.04,0.015,0.97,0.1,0.3,0.25,0.75,7.24,-16.21,True
1.04,0.015,0.97,0.1,0.3,0.5,0.5,7.17,-15.83,True
1.04,0.015,0.97,0.1,0.3,0.75,0.25,7.08,-15.45,True
1.04,0.015,0.97,0.1,0.3,1.0,0.0,6.98,-15.08,True
1.04,0.015,0.97,0.2,0.0,0.0,1.0,6.49,-26.08,True
1.04,0.015,0.97,0.2,0.0,0.25,0.75,6.44,-23.59,True
1.04,0.015,0.97,0.2,0.0,0.5,0.5,6.37,-21.07,True
1.04,0.015,0.97,0.2,0.0,0.75,0.25,6.26,-18.53,True
1.04,0.015,0.97,0.2,0.0,1.0,0.0,6.11,-15.95,True
1.04,0.015,0.97,0.2,0.1,0.0,1.0,7.28,-23.1,True
1.04,0.015,0.97,0.2,0.1,0.25,0.75,7.19,-20.77,True
1.04,0.015,0.97,0.2,0.1,0.5,0.5,7.09,-18.42,True
1.04,0.015,0.97,0.2,0.1,0.75,0.25,6.96,-16.04,True
1.04,0.015,0.97,0.2,0.1,1.0,0.0,6.8,-13.64,True
1.04,0.015,0.97,0.2,0.2,0.0,1.0,7.78,-20.03,True
1.04,0.015,0.97,0.2,0.2,0.25,0.75,7.7,-17.91,True
1.04,0.015,0.97,0.2,0.2,0.5,0.5,7.59,-15.77,True
1.04,0.015,0.97,0.2,0.2,0.75,0.25,7.46,-13.6,True
1.04,0.015,0.97,0.2,0.2,1.0,0.0,7.3,-11.41,True
1.04,0.015,0.97,0.2,0.3,0.0,1.0,8.07,-16.92,True
1.04,0.015,0.97,0.2,0.3,0.25,0.75,7.99,-16.26,True
1.04,0.015,0.97,0.2,0.3,0.5,0.5,7.9,-15.82,True
1.04,0.015,0.97,0.2,0.3,0.75,0.25,7.78,-15.39,True
1.04,0.015,0.97,0.2,0.3,1.0,0.0,7.64,-14.96,True
1.04,0.015,0.97,0.3,0.0,0.0,1.0,7.38,-28.02,True
1.04,0.015,0.97,0.3,0.0,0.25,0.75,7.3,-25.26,True
1.04,0.015,0.97,0.3,0.0,0.5,0.5,7.19,-22.46,True
1.04,0.015,0.97,0.3,0.0,0.75,0.25,7.04,-19.62,True
1.04,0.015,0.97,0.3,0.0,1.0,0.0,6.85,-16.75,True
1.04,0.015,0.97,0.3,0.1,0.0,1.0,7.73,-24.79,True
1.04,0.015,0.97,0.3,0.1,0.25,0.75,7.65,-22.27,True
1.04,0.015,0.97,0.3,0.1,0.5,0.5,7.54,-19.71,True
1.04,0.015,0.97,0.3,0.1,0.75,0.25,7.4,-17.12,True
1.04,0.015,0.97,0.3,0.1,1.0,0.0,7.22,-14.5,True
1.04,0.015,0.97,0.3,0.2,0.0,1.0,7.88,-22.1,True
1.04,0.015,0.97,0.3,0.2,0.25,0.75,7.8,-19.81,True
1.04,0.015,0.97,0.3,0.2,0.5,0.5,7.7,-17.48,True
1.04,0.015,0.97,0.3,0.2,0.75,0.25,7.58,-15.13,True
1.04,0.015,0.97,0.3,0.2,1.0,0.0,7.43,-12.74,True
1.04,0.015,0.97,0.3,0.3,0.0,1.0,8.0,-19.35,True
1.04,0.015,0.97,0.3,0.3,0.25,0.75,7.93,-17.33,True
1.04,0.015,0.97,0.3,0.3,0.5,0.5,7.85,-16.04,True
1.04,0.015,0.97,0.3,0.3,0.75,0.25,7.75,-15.58,True
1.04,0.015,0.97,0.3,0.3,1.0,0.0,7.63,-15.13,True
1.04,0.015,0.97,0.4,0.0,0.0,1.0,7.51,-30.08,True
1.04,0.015,0.97,0.4,0.0,0.25,0.75,7.44,-27.18,True
1.04,0.015,0.97,0.4,0.0,0.5,0.5,7.32,-24.24,True
1.04,0.015,0.97,0.4,0.0,0.75,0.25,7.17,-21.24,True
1.04,0.015,0.97,0.4,0.0,1.0,0.0,6.98,-18.2,True
1.04,0.015,0.97,0.4,0.1,0.0,1.0,7.66,-27.36,True
1.04,0.015,0.97,0.4,0.1,0.25,0.75,7.59,-24.68,True
1.04,0.015,0.97,0.4,0.1,0.5,0.5,7.49,-21.97,True
1.04,0.015,0.97,0.4,0.1,0.75,0.25,7.36,-19.21,True
1.04,0.015,0.97,0.4,0.1,1.0,0.0,7.2,-16.41,True
1.04,0.015,0.97,0.4,0.2,0.0,1.0,7.93,-23.91,True
1.04,0.015,0.97,0.4,0.2,0.25,0.75,7.86,-21.55,True
1.04,0.015,0.97,0.4,0.2,0.5,0.5,7.76,-19.14,True
1.04,0.015,0.97,0.4,0.2,0.75,0.25,7.64,-16.69,True
1.04,0.015,0.97,0.4,0.2,1.0,0.0,7.49,-14.2,True
1.04,0.015,0.97,0.4,0.3,0.0,1.0,8.25,-20.01,True
1.04,0.015,0.97,0.4,0.3,0.25,0.75,8.17,-17.95,True
1.04,0.015,0.97,0.4,0.3,0.5,0.5,8.07,-16.04,True
1.04,0.015,0.97,0.4,0.3,0.75,0.25,7.95,-15.58,True
1.04,0.015,0.97,0.4,0.3,1.0,0.0,7.81,-15.13,True
1.04,0.015,0.99,0.1,0.0,0.0,1.0,4.15,-20.7,True
1.04,0.015,0.99,0.1,0.0,0.25,0.75,4.1,-18.61,True
1.04,0.015,0.99,0.1,0.0,0.5,0.5,4.03,-16.48,True
1.04,0.015,0.99,0.1,0.0,0.75,0.25,3.94,-14.32,True
1.04,0.015,0.99,0.1,0.0,1.0,0.0,3.84,-12.12,True
1.04,0.015,0.99,0.1,0.1,0.0,1.0,5.78,-17.16,True
1.04,0.015,0.99,0.1,0.1,0.25,0.75,5.67,-15.61,True
1.04,0.015,0.99,0.1,0.1,0.5,0.5,5.55,-14.13,True
1.04,0.015,0.99,0.1,0.1,0.75,0.25,5.43,-12.65,True
1.04,0.015,0.99,0.1,0.1,1.0,0.0,5.29,-11.14,True
1.04,0.015,0.99,0.1,0.2,0.0,1.0,6.85,-16.4,True
1.04,0.015,0.99,0.1,0.2,0.25,0.75,6.73,-14.94,True
1.04,0.015,0.99,0.1,0.2,0.5,0.5,6.6,-13.47,True
1.04,0.015,0.99,0.1,0.2,0.75,0.25,6.45,-11.99,True
1.04,0.015,0.99,0.1,0.2,1.0,0.0,6.3,-11.57,True
1.04,0.015,0.99,0.1,0.3,0.0,1.0,7.52,-18.07,True
1.04,0.015,0.99,0.1,0.3,0.25,0.75,7.4,-17.57,True
1.04,0.015,0.99,0.1,0.3,0.5,0.5,7.27,-17.08,True
1.04,0.015,0.99,0.1,0.3,0.75,0.25,7.14,-16.6,True
1.04,0.015,0.99,0.1,0.3,1.0,0.0,6.99,-16.13,True
1.04,0.015,0.99,0.2,0.0,0.0,1.0,6.34,-33.54,True
1.04,0.015,0.99,0.2,0.0,0.25,0.75,6.25,-30.95,True
1.04,0.015,0.99,0.2,0.0,0.5,0.5,6.12,-28.3,True
1.04,0.015,0.99,0.2,0.0,0.75,0.25,5.95,-25.59,True
1.04,0.015,0.99,0.2,0.0,1.0,0.0,5.75,-22.82,True
1.04,0.015,0.99,0.2,0.1,0.0,1.0,7.05,-31.32,True
1.04,0.015,0.99,0.2,0.1,0.25,0.75,6.94,-28.82,True
1.04,0.015,0.99,0.2,0.1,0.5,0.5,6.8,-26.27,True
1.04,0.015,0.99,0.2,0.1,0.75,0.25,6.63,-23.67,True
1.04,0.015,0.99,0.2,0.1,1.0,0.0,6.43,-21.01,True
1.04,0.015,0.99,0.2,0.2,0.0,1.0,7.53,-27.7,True
1.04,0.015,0.99,0.2,0.2,0.25,0.75,7.43,-25.47,True
1.04,0.015,0.99,0.2,0.2,0.5,0.5,7.29,-23.18,True
1.04,0.015,0.99,0.2,0.2,0.75,0.25,7.14,-20.83,True
1.04,0.015,0.99,0.2,0.2,1.0,0.0,6.96,-18.43,True
1.04,0.015,0.99,0.2,0.3,0.0,1.0,7.81,-23.27,True
1.04,0.015,0.99,0.2,0.3,0.25,0.75,7.71,-21.31,True
1.04,0.015,0.99,0.2,0.3,0.5,0.5,7.6,-19.3,True
1.04,0.015,0.99,0.2,0.3,0.75,0.25,7.46,-17.36,True
1.04,0.015,0.99,0.2,0.3,1.0,0.0,7.3,-16.77,True
1.04,0.015,0.99,0.3,0.0,0.0,1.0,6.88,-38.32,True
1.04,0.015,0.99,0.3,0.0,0.25,0.75,6.79,-35.37,True
1.04,0.015,0.99,0.3,0.0,0.5,0.5,6.65,-32.33,True
1.04,0.015,0.99,0.3,0.0,0.75,0.25,6.47,-29.23,True
1.04,0.015,0.99,0.3,0.0,1.0,0.0,6.25,-26.04,True
1.04,0.015,0.99,0.3,0.1,0.0,1.0,7.33,-33.57,True
1.04,0.015,0.99,0.3,0.1,0.25,0.75,7.24,-30.92,True
1.04,0.015,0.99,0.3,0.1,0.5,0.5,7.1,-28.21,True
1.04,0.015,0.99,0.3,0.1,0.75,0.25,6.93,-25.42,True
1.04,0.015,0.99,0.3,0.1,1.0,0.0,6.72,-22.56,True
1.04,0.015,0.99,0.3,0.2,0.0,1.0,7.53,-29.38,True
1.04,0.015,0.99,0.3,0.2,0.25,0.75,7.45,-27.03,True
1.04,0.015,0.99,0.3,0.2,0.5,0.5,7.34,-24.61,True
1.04,0.015,0.99,0.3,0.2,0.75,0.25,7.19,-22.12,True
1.04,0.015,0.99,0.3,0.2,1.0,0.0,7.02,-19.58,True
1.04,0.015,0.99,0.3,0.3,0.0,1.0,7.69,-25.19,True
1.04,0.015,0.99,0.3,0.3,0.25,0.75,7.63,-23.17,True
1.04,0.015,0.99,0.3,0.3,0.5,0.5,7.54,-21.08,True
1.04,0.015,0.99,0.3,0.3,0.75,0.25,7.42,-18.93,True
1.04,0.015,0.99,0.3,0.3,1.0,0.0,7.29,-16.88,True
1.04,0.015,0.99,0.4,0.0,0.0,1.0,7.0,-40.09,True
1.04,0.015,0.99,0.4,0.0,0.25,0.75,6.92,-37.03,True
1.04,0.015,0.99,0.4,0.0,0.5,0.5,6.79,-33.88,True
1.04,0.015,0.99,0.4,0.0,0.75,0.25,6.61,-30.65,True
1.04,0.015,0.99,0.4,0.0,1.0,0.0,6.39,-27.34,True
1.04,0.015,0.99,0.4,0.1,0.0,1.0,7.23,-35.72,True
1.04,0.015,0.99,0.4,0.1,0.25,0.75,7.15,-32.97,True
1.04,0.015,0.99,0.4,0.1,0.5,0.5,7.04,-30.13,True
1.04,0.015,0.99,0.4,0.1,0.75,0.25,6.89,-27.22,True
1.04,0.015,0.99,0.4,0.1,1.0,0.0,6.7,-24.23,True
1.04,0.015,0.99,0.4,0.2,0.0,1.0,7.53,-30.75,True
1.04,0.015,0.99,0.4,0.2,0.25,0.75,7.45,-28.37,True
1.04,0.015,0.99,0.4,0.2,0.5,0.5,7.35,-25.91,True
1.04,0.015,0.99,0.4,0.2,0.75,0.25,7.22,-23.38,True
1.04,0.015,0.99,0.4,0.2,1.0,0.0,7.05,-20.82,True
1.04,0.015,0.99,0.4,0.3,0.0,1.0,7.84,-25.51,True
1.04,0.015,0.99,0.4,0.3,0.25,0.75,7.76,-23.49,True
1.04,0.015,0.99,0.4,0.3,0.5,0.5,7.66,-21.4,True
1.04,0.015,0.99,0.4,0.3,0.75,0.25,7.54,-19.24,True
1.04,0.015,0.99,0.4,0.3,1.0,0.0,7.39,-17.06,True
1.04,0.015,1.0,0.1,0.0,0.0,1.0,1.13,-20.68,True
1.04,0.015,1.0,0.1,0.0,0.25,0.75,1.29,-18.58,True
1.04,0.015,1.0,0.1,0.0,0.5,0.5,1.45,-16.46,True
1.04,0.015,1.0,0.1,0.0,0.75,0.25,1.6,-14.3,True
1.04,0.015,1.0,0.1,0.0,1.0,0.0,1.73,-12.1,True
1.04,0.015,1.0,0.1,0.1,0.0,1.0,3.16,-17.13,True
1.04,0.015,1.0,0.1,0.1,0.25,0.75,3.25,-15.18,True
1.04,0.015,1.0,0.1,0.1,0.5,0.5,3.34,-13.2,True
1.04,0.015,1.0,0.1,0.1,0.75,0.25,3.43,-11.19,True
1.04,0.015,1.0,0.1,0.1,1.0,0.0,3.5,-9.14,True
1.04,0.015,1.0,0.1,0.2,0.0,1.0,4.5,-13.6,True
1.04,0.015,1.0,0.1,0.2,0.25,0.75,4.56,-12.26,True
1.04,0.015,1.0,0.1,0.2,0.5,0.5,4.62,-11.65,True
1.04,0.015,1.0,0.1,0.2,0.75,0.25,4.67,-11.31,True
1.04,0.015,1.0,0.1,0.2,1.0,0.0,4.71,-10.98,True
1.04,0.015,1.0,0.1,0.3,0.0,1.0,5.52,-17.02,True
1.04,0.015,1.0,0.1,0.3,0.25,0.75,5.56,-16.61,True
1.04,0.015,1.0,0.1,0.3,0.5,0.5,5.59,-16.21,True
1.04,0.015,1.0,0.1,0.3,0.75,0.25,5.62,-15.82,True
1.04,0.015,1.0,0.1,0.3,1.0,0.0,5.64,-15.43,True
1.04,0.015,1.0,0.2,0.0,0.0,1.0,2.6,-28.38,True
1.04,0.015,1.0,0.2,0.0,0.25,0.75,2.74,-26.07,True
1.04,0.015,1.0,0.2,0.0,0.5,0.5,2.87,-23.72,True
1.04,0.015,1.0,0.2,0.0,0.75,0.25,2.97,-21.32,True
1.04,0.015,1.0,0.2,0.0,1.0,0.0,3.05,-18.87,True
1.04,0.015,1.0,0.2,0.1,0.0,1.0,4.06,-26.44,True
1.04,0.015,1.0,0.2,0.1,0.25,0.75,4.15,-24.21,True
1.04,0.015,1.0,0.2,0.1,0.5,0.5,4.23,-21.94,True
1.04,0.015,1.0,0.2,0.1,0.75,0.25,4.29,-19.63,True
1.04,0.015,1.0,0.2,0.1,1.0,0.0,4.33,-17.29,True
1.04,0.015,1.0,0.2,0.2,0.0,1.0,5.09,-23.44,True
1.04,0.015,1.0,0.2,0.2,0.25,0.75,5.16,-21.42,True
1.04,0.015,1.0,0.2,0.2,0.5,0.5,5.21,-19.36,True
1.04,0.015,1.0,0.2,0.2,0.75,0.25,5.25,-17.26,True
1.04,0.015,1.0,0.2,0.2,1.0,0.0,5.28,-15.12,True
1.04,0.015,1.0,0.2,0.3,0.0,1.0,5.88,-19.63,True
1.04,0.015,1.0,0.2,0.3,0.25,0.75,5.93,-17.86,True
1.04,0.015,1.0,0.2,0.3,0.5,0.5,5.97,-16.89,True
1.04,0.015,1.0,0.2,0.3,0.75,0.25,5.99,-16.4,True
1.04,0.015,1.0,0.2,0.3,1.0,0.0,6.01,-15.91,True
1.04,0.015,1.0,0.3,0.0,0.0,1.0,3.29,-32.79,True
1.04,0.015,1.0,0.3,0.0,0.25,0.75,3.43,-30.11,True
1.04,0.015,1.0,0.3,0.0,0.5,0.5,3.54,-27.38,True
1.04,0.015,1.0,0.3,0.0,0.75,0.25,3.62,-24.59,True
1.04,0.015,1.0,0.3,0.0,1.0,0.0,3.67,-21.74,True
1.04,0.015,1.0,0.3,0.1,0.0,1.0,4.47,-28.74,True
1.04,0.015,1.0,0.3,0.1,0.25,0.75,4.56,-26.33,True
1.04,0.015,1.0,0.3,0.1,0.5,0.5,4.64,-23.87,True
1.04,0.015,1.0,0.3,0.1,0.75,0.25,4.69,-21.35,True
1.04,0.015,1.0,0.3,0.1,1.0,0.0,4.71,-18.78,True
1.04,0.015,1.0,0.3,0.2,0.0,1.0,5.34,-25.26,True
1.04,0.015,1.0,0.3,0.2,0.25,0.75,5.41,-23.1,True
1.04,0.015,1.0,0.3,0.2,0.5,0.5,5.45,-20.89,True
1.04,0.015,1.0,0.3,0.2,0.75,0.25,5.48,-18.63,True
1.04,0.015,1.0,0.3,0.2,1.0,0.0,5.49,-16.32,True
1.04,0.015,1.0,0.3,0.3,0.0,1.0,5.87,-21.8,True
1.04,0.015,1.0,0.3,0.3,0.25,0.75,5.93,-19.92,True
1.04,0.015,1.0,0.3,0.3,0.5,0.5,5.99,-18.0,True
1.04,0.015,1.0,0.3,0.3,0.75,0.25,6.03,-16.52,True
1.04,0.015,1.0,0.3,0.3,1.0,0.0,6.05,-16.0,True
1.04,0.015,1.0,0.4,0.0,0.0,1.0,3.59,-34.72,True
1.04,0.015,1.0,0.4,0.0,0.25,0.75,3.72,-31.91,True
1.04,0.015,1.0,0.4,0.0,0.5,0.5,3.83,-29.04,True
1.04,0.015,1.0,0.4,0.0,0.75,0.25,3.9,-26.11,True
1.04,0.015,1.0,0.4,0.0,1.0,0.0,3.94,-23.1,True
1.04,0.015,1.0,0.4,0.1,0.0,1.0,4.64,-31.09,True
1.04,0.015,1.0,0.4,0.1,0.25,0.75,4.73,-28.54,True
1.04,0.015,1.0,0.4,0.1,0.5,0.5,4.8,-25.94,True
1.04,0.015,1.0,0.4,0.1,0.75,0.25,4.85,-23.27,True
1.04,0.015,1.0,0.4,0.1,1.0,0.0,4.87,-20.55,True
1.04,0.015,1.0,0.4,0.2,0.0,1.0,5.22,-26.82,True
1.04,0.015,1.0,0.4,0.2,0.25,0.75,5.31,-24.61,True
1.04,0.015,1.0,0.4,0.2,0.5,0.5,5.38,-22.34,True
1.04,0.015,1.0,0.4,0.2,0.75,0.25,5.43,-20.01,True
1.04,0.015,1.0,0.4,0.2,1.0,0.0,5.45,-17.66,True
1.04,0.015,1.0,0.4,0.3,0.0,1.0,5.75,-22.18,True
1.04,0.015,1.0,0.4,0.3,0.25,0.75,5.83,-20.3,True
1.04,0.015,1.0,0.4,0.3,0.5,0.5,5.89,-18.37,True
1.04,0.015,1.0,0.4,0.3,0.75,0.25,5.94,-16.69,True
1.04,0.015,1.0,0.4,0.3,1.0,0.0,5.97,-16.09,True
1.04,0.015,1.01,0.1,0.0,0.0,1.0,2.46,-15.86,True
1.04,0.015,1.01,0.1,0.0,0.25,0.75,2.51,-14.1,True
1.04,0.015,1.01,0.1,0.0,0.5,0.5,2.55,-12.3,True
1.04,0.015,1.01,0.1,0.0,0.75,0.25,2.59,-10.48,True
1.04,0.015,1.01,0.1,0.0,1.0,0.0,2.61,-8.76,True
1.04,0.015,1.01,0.1,0.1,0.0,1.0,4.11,-12.88,True
1.04,0.015,1.01,0.1,0.1,0.25,0.75,4.13,-11.69,True
1.04,0.015,1.01,0.1,0.1,0.5,0.5,4.14,-10.5,True
1.04,0.015,1.01,0.1,0.1,0.75,0.25,4.15,-9.29,True
1.04,0.015,1.01,0.1,0.1,1.0,0.0,4.14,-8.08,True
1.04,0.015,1.01,0.1,0.2,0.0,1.0,5.23,-12.22,True
1.04,0.015,1.01,0.1,0.2,0.25,0.75,5.23,-11.49,True
1.04,0.015,1.01,0.1,0.2,0.5,0.5,5.22,-11.18,True
1.04,0.015,1.01,0.1,0.2,0.75,0.25,5.21,-10.89,True
1.04,0.015,1.01,0.1,0.2,1.0,0.0,5.19,-10.6,True
1.04,0.015,1.01,0.1,0.3,0.0,1.0,6.1,-16.4,True
1.04,0.015,1.01,0.1,0.3,0.25,0.75,6.09,-16.04,True
1.04,0.015,1.01,0.1,0.3,0.5,0.5,6.08,-15.68,True
1.04,0.015,1.01,0.1,0.3,0.75,0.25,6.06,-15.32,True
1.04,0.015,1.01,0.1,0.3,1.0,0.0,6.03,-14.97,True
1.04,0.015,1.01,0.2,0.0,0.0,1.0,3.89,-25.99,True
1.04,0.015,1.01,0.2,0.0,0.25,0.75,3.92,-23.82,True
1.04,0.015,1.01,0.2,0.0,0.5,0.5,3.93,-21.6,True
1.04,0.015,1.01,0.2,0.0,0.75,0.25,3.92,-19.35,True
1.04,0.015,1.01,0.2,0.0,1.0,0.0,3.89,-17.06,True
1.04,0.015,1.01,0.2,0.1,0.0,1.0,5.0,-24.04,True
1.04,0.015,1.01,0.2,0.1,0.25,0.75,5.01,-21.95,True
1.04,0.015,1.01,0.2,0.1,0.5,0.5,5.0,-19.83,True
1.04,0.015,1.01,0.2,0.1,0.75,0.25,4.97,-17.67,True
1.04,0.015,1.01,0.2,0.1,1.0,0.0,4.93,-15.48,True
1.04,0.015,1.01,0.2,0.2,0.0,1.0,5.76,-21.32,True
1.04,0.015,1.01,0.2,0.2,0.25,0.75,5.77,-19.41,True
1.04,0.015,1.01,0.2,0.2,0.5,0.5,5.76,-17.47,True
1.04,0.015,1.01,0.2,0.2,0.75,0.25,5.74,-15.5,True
1.04,0.015,1.01,0.2,0.2,1.0,0.0,5.7,-13.49,True
1.04,0.015,1.01,0.2,0.3,0.0,1.0,6.29,-17.91,True
1.04,0.015,1.01,0.2,0.3,0.25,0.75,6.31,-16.65,True
1.04,0.015,1.01,0.2,0.3,0.5,0.5,6.32,-16.21,True
1.04,0.015,1.01,0.2,0.3,0.75,0.25,6.31,-15.77,True
1.04,0.015,1.01,0.2,0.3,1.0,0.0,6.28,-15.32,True
1.04,0.015,1.01,0.3,0.0,0.0,1.0,4.41,-29.85,True
1.04,0.015,1.01,0.3,0.0,0.25,0.75,4.45,-27.33,True
1.04,0.015,1.01,0.3,0.0,0.5,0.5,4.46,-24.76,True
1.04,0.015,1.01,0.3,0.0,0.75,0.25,4.44,-22.15,True
1.04,0.015,1.01,0.3,0.0,1.0,0.0,4.39,-19.49,True
1.04,0.015,1.01,0.3,0.1,0.0,1.0,5.11,-26.26,True
1.04,0.015,1.01,0.3,0.1,0.25,0.75,5.15,-23.98,True
1.04,0.015,1.01,0.3,0.1,0.5,0.5,5.17,-21.65,True
1.04,0.015,1.01,0.3,0.1,0.75,0.25,5.16,-19.28,True
1.04,0.015,1.01,0.3,0.1,1.0,0.0,5.13,-16.88,True
1.04,0.015,1.01,0.3,0.2,0.0,1.0,5.61,-23.23,True
1.04,0.015,1.01,0.3,0.2,0.25,0.75,5.66,-21.16,True
1.04,0.015,1.01,0.3,0.2,0.5,0.5,5.69,-19.06,True
1.04,0.015,1.01,0.3,0.2,0.75,0.25,5.69,-16.93,True
1.04,0.015,1.01,0.3,0.2,1.0,0.0,5.67,-14.77,True
1.04,0.015,1.01,0.3,0.3,0.0,1.0,5.86,-20.24,True
1.04,0.015,1.01,0.3,0.3,0.25,0.75,5.94,-18.43,True
1.04,0.015,1.01,0.3,0.3,0.5,0.5,5.99,-16.58,True
1.04,0.015,1.01,0.3,0.3,0.75,0.25,6.03,-15.73,True
1.04,0.015,1.01,0.3,0.3,1.0,0.0,6.05,-15.21,True
1.04,0.015,1.01,0.4,0.0,0.0,1.0,4.23,-31.85,True
1.04,0.015,1.01,0.4,0.0,0.25,0.75,4.31,-29.2,True
1.04,0.015,1.01,0.4,0.0,0.5,0.5,4.35,-26.49,True
1.04,0.015,1.01,0.4,0.0,0.75,0.25,4.36,-23.72,True
1.04,0.015,1.01,0.4,0.0,1.0,0.0,4.34,-20.9,True
1.04,0.015,1.01,0.4,0.1,0.0,1.0,4.79,-28.72,True
1.04,0.015,1.01,0.4,0.1,0.25,0.75,4.87,-26.3,True
1.04,0.015,1.01,0.4,0.1,0.5,0.5,4.93,-23.83,True
1.04,0.015,1.01,0.4,0.1,0.75,0.25,4.96,-21.3,True
1.04,0.015,1.01,0.4,0.1,1.0,0.0,4.96,-18.72,True
1.04,0.015,1.01,0.4,0.2,0.0,1.0,5.13,-24.99,True
1.04,0.015,1.01,0.4,0.2,0.25,0.75,5.23,-22.89,True
1.04,0.015,1.01,0.4,0.2,0.5,0.5,5.31,-20.74,True
1.04,0.015,1.01,0.4,0.2,0.75,0.25,5.36,-18.52,True
1.04,0.015,1.01,0.4,0.2,1.0,0.0,5.39,-16.24,True
1.04,0.015,1.01,0.4,0.3,0.0,1.0,5.46,-20.75,True
1.04,0.015,1.01,0.4,0.3,0.25,0.75,5.57,-18.97,True
1.04,0.015,1.01,0.4,0.3,0.5,0.5,5.66,-17.13,True
1.04,0.015,1.01,0.4,0.3,0.75,0.25,5.74,-15.81,True
1.04,0.015,1.01,0.4,0.3,1.0,0.0,5.8,-15.29,True
1.04,0.015,1.02,0.1,0.0,0.0,1.0,1.93,-15.86,True
1.04,0.015,1.02,0.1,0.0,0.25,0.75,1.99,-14.1,True
1.04,0.015,1.02,0.1,0.0,0.5,0.5,2.04,-12.3,True
1.04,0.015,1.02,0.1,0.0,0.75,0.25,2.09,-10.48,True
1.04,0.015,1.02,0.1,0.0,1.0,0.0,2.12,-8.63,True
1.04,0.015,1.02,0.1,0.1,0.0,1.0,3.63,-12.66,True
1.04,0.015,1.02,0.1,0.1,0.25,0.75,3.67,-11.02,True
1.04,0.015,1.02,0.1,0.1,0.5,0.5,3.7,-9.35,True
1.04,0.015,1.02,0.1,0.1,0.75,0.25,3.72,-7.66,True
1.04,0.015,1.02,0.1,0.1,1.0,0.0,3.73,-6.52,True
1.04,0.015,1.02,0.1,0.2,0.0,1.0,4.71,-11.63,True
1.04,0.015,1.02,0.1,0.2,0.25,0.75,4.74,-11.35,True
1.04,0.015,1.02,0.1,0.2,0.5,0.5,4.76,-11.08,True
1.04,0.015,1.02,0.1,0.2,0.75,0.25,4.78,-10.82,True
1.04,0.015,1.02,0.1,0.2,1.0,0.0,4.79,-10.56,True
1.04,0.015,1.02,0.1,0.3,0.0,1.0,5.5,-16.54,True
1.04,0.015,1.02,0.1,0.3,0.25,0.75,5.53,-16.18,True
1.04,0.015,1.02,0.1,0.3,0.5,0.5,5.56,-15.82,True
1.04,0.015,1.02,0.1,0.3,0.75,0.25,5.58,-15.46,True
1.04,0.015,1.02,0.1,0.3,1.0,0.0,5.59,-15.12,True
1.04,0.015,1.02,0.2,0.0,0.0,1.0,2.43,-20.79,True
1.04,0.015,1.02,0.2,0.0,0.25,0.75,2.54,-18.95,True
1.04,0.015,1.02,0.2,0.0,0.5,0.5,2.63,-17.08,True
1.04,0.015,1.02,0.2,0.0,0.75,0.25,2.7,-15.19,True
1.04,0.015,1.02,0.2,0.0,1.0,0.0,2.74,-13.26,True
1.04,0.015,1.02,0.2,0.1,0.0,1.0,3.64,-19.36,True
1.04,0.015,1.02,0.2,0.1,0.25,0.75,3.73,-17.57,True
1.04,0.015,1.02,0.2,0.1,0.5,0.5,3.81,-15.76,True
1.04,0.015,1.02,0.2,0.1,0.75,0.25,3.87,-13.93,True
1.04,0.015,1.02,0.2,0.1,1.0,0.0,3.91,-12.07,True
1.04,0.015,1.02,0.2,0.2,0.0,1.0,4.46,-17.31,True
1.04,0.015,1.02,0.2,0.2,0.25,0.75,4.56,-15.66,True
1.04,0.015,1.02,0.2,0.2,0.5,0.5,4.64,-13.98,True
1.04,0.015,1.02,0.2,0.2,0.75,0.25,4.71,-12.27,True
1.04,0.015,1.02,0.2,0.2,1.0,0.0,4.76,-11.31,True
1.04,0.015,1.02,0.2,0.3,0.0,1.0,5.13,-17.3,True
1.04,0.015,1.02,0.2,0.3,0.25,0.75,5.24,-16.88,True
1.04,0.015,1.02,0.2,0.3,0.5,0.5,5.34,-16.45,True
1.04,0.015,1.02,0.2,0.3,0.75,0.25,5.43,-16.03,True
1.04,0.015,1.02,0.2,0.3,1.0,0.0,5.49,-15.6,True
1.04,0.015,1.02,0.3,0.0,0.0,1.0,2.26,-24.71,True
1.04,0.015,1.02,0.3,0.0,0.25,0.75,2.43,-22.5,True
1.04,0.015,1.02,0.3,0.0,0.5,0.5,2.57,-20.27,True
1.04,0.015,1.02,0.3,0.0,0.75,0.25,2.69,-17.99,True
1.04,0.015,1.02,0.3,0.0,1.0,0.0,2.77,-15.68,True
1.04,0.015,1.02,0.3,0.1,0.0,1.0,3.35,-21.74,True
1.04,0.015,1.02,0.3,0.1,0.25,0.75,3.5,-19.73,True
1.04,0.015,1.02,0.3,0.1,0.5,0.5,3.62,-17.69,True
1.04,0.015,1.02,0.3,0.1,0.75,0.25,3.73,-15.61,True
1.04,0.015,1.02,0.3,0.1,1.0,0.0,3.81,-13.52,True
1.04,0.015,1.02,0.3,0.2,0.0,1.0,4.06,-19.32,True
1.04,0.015,1.02,0.3,0.2,0.25,0.75,4.22,-17.49,True
1.04,0.015,1.02,0.3,0.2,0.5,0.5,4.37,-15.63,True
1.04,0.015,1.02,0.3,0.2,0.75,0.25,4.49,-13.75,True
1.04,0.015,1.02,0.3,0.2,1.0,0.0,4.59,-11.85,True
1.04,0.015,1.02,0.3,0.3,0.0,1.0,4.66,-17.41,True
1.04,0.015,1.02,0.3,0.3,0.25,0.75,4.81,-16.95,True
1.04,0.015,1.02,0.3,0.3,0.5,0.5,4.95,-16.45,True
1.04,0.015,1.02,0.3,0.3,0.75,0.25,5.07,-15.95,True
1.04,0.015,1.02,0.3,0.3,1.0,0.0,5.18,-15.46,True
1.04,0.015,1.02,0.4,0.0,0.0,1.0,1.87,-26.86,True
1.04,0.015,1.02,0.4,0.0,0.25,0.75,2.09,-24.5,True
1.04,0.015,1.02,0.4,0.0,0.5,0.5,2.28,-22.1,True
1.04,0.015,1.02,0.4,0.0,0.75,0.25,2.45,-19.65,True
1.04,0.015,1.02,0.4,0.0,1.0,0.0,2.58,-17.16,True
1.04,0.015,1.02,0.4,0.1,0.0,1.0,2.86,-24.37,True
1.04,0.015,1.02,0.4,0.1,0.25,0.75,3.08,-22.19,True
1.04,0.015,1.02,0.4,0.1,0.5,0.5,3.27,-19.99,True
1.04,0.015,1.02,0.4,0.1,0.75,0.25,3.43,-17.73,True
1.04,0.015,1.02,0.4,0.1,1.0,0.0,3.57,-15.44,True
1.04,0.015,1.02,0.4,0.2,0.0,1.0,3.61,-21.29,True
1.04,0.015,1.02,0.4,0.2,0.25,0.75,3.79,-19.39,True
1.04,0.015,1.02,0.4,0.2,0.5,0.5,3.98,-17.45,True
1.04,0.015,1.02,0.4,0.2,0.75,0.25,4.15,-15.46,True
1.04,0.015,1.02,0.4,0.2,1.0,0.0,4.29,-13.73,True
1.04,0.015,1.02,0.4,0.3,0.0,1.0,4.54,-18.34,True
1.04,0.015,1.02,0.4,0.3,0.25,0.75,4.65,-17.71,True
1.04,0.015,1.02,0.4,0.3,0.5,0.5,4.76,-16.99,True
1.04,0.015,1.02,0.4,0.3,0.75,0.25,4.87,-16.09,True
1.04,0.015,1.02,0.4,0.3,1.0,0.0,4.98,-15.51,True
1.04,0.02,0.95,0.1,0.0,0.0,1.0,0.02,-25.01,True
1.04,0.02,0.95,0.1,0.0,0.25,0.75,0.28,-22.66,True
1.04,0.02,0.95,0.1,0.0,0.5,0.5,0.52,-20.18,True
1.04,0.02,0.95,0.1,0.0,0.75,0.25,0.75,-17.58,True
1.04,0.02,0.95,0.1,0.0,1.0,0.0,0.96,-15.13,True
1.04,0.02,0.95,0.1,0.1,0.0,1.0,2.46,-22.27,True
1.04,0.02,0.95,0.1,0.1,0.25,0.75,2.6,-20.81,True
1.04,0.02,0.95,0.1,0.1,0.5,0.5,2.74,-19.54,True
1.04,0.02,0.95,0.1,0.1,0.75,0.25,2.87,-18.19,True
1.04,0.02,0.95,0.1,0.1,1.0,0.0,3.0,-16.76,True
1.04,0.02,0.95,0.1,0.2,0.0,1.0,4.11,-23.0,True
1.04,0.02,0.95,0.1,0.2,0.25,0.75,4.22,-21.23,True
1.04,0.02,0.95,0.1,0.2,0.5,0.5,4.32,-19.93,True
1.04,0.02,0.95,0.1,0.2,0.75,0.25,4.42,-18.84,True
1.04,0.02,0.95,0.1,0.2,1.0,0.0,4.49,-17.68,True
1.04,0.02,0.95,0.1,0.3,0.0,1.0,5.39,-21.86,True
1.04,0.02,0.95,0.1,0.3,0.25,0.75,5.46,-21.04,True
1.04,0.02,0.95,0.1,0.3,0.5,0.5,5.52,-20.18,True
1.04,0.02,0.95,0.1,0.3,0.75,0.25,5.58,-19.26,True
1.04,0.02,0.95,0.1,0.3,1.0,0.0,5.62,-18.29,True
1.04,0.02,0.95,0.2,0.0,0.0,1.0,3.46,-28.03,True
1.04,0.02,0.95,0.2,0.0,0.25,0.75,3.59,-25.5,True
1.04,0.02,0.95,0.2,0.0,0.5,0.5,3.69,-22.96,True
1.04,0.02,0.95,0.2,0.0,0.75,0.25,3.77,-20.42,True
1.04,0.02,0.95,0.2,0.0,1.0,0.0,3.82,-17.89,True
1.04,0.02,0.95,0.2,0.1,0.0,1.0,5.15,-25.11,True
1.04,0.02,0.95,0.2,0.1,0.25,0.75,5.21,-22.92,True
1.04,0.02,0.95,0.2,0.1,0.5,0.5,5.25,-20.73,True
1.04,0.02,0.95,0.2,0.1,0.75,0.25,5.27,-18.53,True
1.04,0.02,0.95,0.2,0.1,1.0,0.0,5.27,-16.33,True
1.04,0.02,0.95,0.2,0.2,0.0,1.0,6.41,-22.42,True
1.04,0.02,0.95,0.2,0.2,0.25,0.75,6.42,-20.9,True
1.04,0.02,0.95,0.2,0.2,0.5,0.5,6.42,-19.69,True
1.04,0.02,0.95,0.2,0.2,0.75,0.25,6.39,-18.36,True
1.04,0.02,0.95,0.2,0.2,1.0,0.0,6.36,-16.91,True
1.04,0.02,0.95,0.2,0.3,0.0,1.0,7.3,-21.96,True
1.04,0.02,0.95,0.2,0.3,0.25,0.75,7.28,-20.97,True
1.04,0.02,0.95,0.2,0.3,0.5,0.5,7.24,-19.9,True
1.04,0.02,0.95,0.2,0.3,0.75,0.25,7.19,-18.75,True
1.04,0.02,0.95,0.2,0.3,1.0,0.0,7.12,-17.49,True
1.04,0.02,0.95,0.3,0.0,0.0,1.0,5.89,-27.37,True
1.04,0.02,0.95,0.3,0.0,0.25,0.75,5.91,-24.84,True
1.04,0.02,0.95,0.3,0.0,0.5,0.5,5.89,-22.31,True
1.04,0.02,0.95,0.3,0.0,0.75,0.25,5.84,-19.78,True
1.04,0.02,0.95,0.3,0.0,1.0,0.0,5.77,-17.26,True
1.04,0.02,0.95,0.3,0.1,0.0,1.0,6.97,-24.43,True
1.04,0.02,0.95,0.3,0.1,0.25,0.75,6.94,-22.24,True
1.04,0.02,0.95,0.3,0.1,0.5,0.5,6.88,-20.04,True
1.04,0.02,0.95,0.3,0.1,0.75,0.25,6.8,-17.84,True
1.04,0.02,0.95,0.3,0.1,1.0,0.0,6.7,-15.95,True
1.04,0.02,0.95,0.3,0.2,0.0,1.0,7.54,-22.04,True
1.04,0.02,0.95,0.3,0.2,0.25,0.75,7.49,-20.87,True
1.04,0.02,0.95,0.3,0.2,0.5,0.5,7.42,-19.58,True
1.04,0.02,0.95,0.3,0.2,0.75,0.25,7.33,-18.18,True
1.04,0.02,0.95,0.3,0.2,1.0,0.0,7.23,-16.63,True
1.04,0.02,0.95,0.3,0.3,0.0,1.0,7.97,-21.99,True
1.04,0.02,0.95,0.3,0.3,0.25,0.75,7.93,-20.93,True
1.04,0.02,0.95,0.3,0.3,0.5,0.5,7.86,-19.78,True
1.04,0.02,0.95,0.3,0.3,0.75,0.25,7.78,-18.55,True
1.04,0.02,0.95,0.3,0.3,1.0,0.0,7.69,-17.22,True
1.04,0.02,0.95,0.4,0.0,0.0,1.0,7.1,-25.9,True
1.04,0.02,0.95,0.4,0.0,0.25,0.75,7.06,-23.45,True
1.04,0.02,0.95,0.4,0.0,0.5,0.5,6.99,-20.99,True
1.04,0.02,0.95,0.4,0.0,0.75,0.25,6.89,-18.54,True
1.04,0.02,0.95,0.4,0.0,1.0,0.0,6.75,-16.09,True
1.04,0.02,0.95,0.4,0.1,0.0,1.0,7.65,-23.77,True
1.04,0.02,0.95,0.4,0.1,0.25,0.75,7.6,-21.93,True
1.04,0.02,0.95,0.4,0.1,0.5,0.5,7.53,-20.09,True
1.04,0.02,0.95,0.4,0.1,0.75,0.25,7.43,-18.25,True
1.04,0.02,0.95,0.4,0.1,1.0,0.0,7.29,-16.41,True
1.04,0.02,0.95,0.4,0.2,0.0,1.0,8.07,-23.59,True
1.04,0.02,0.95,0.4,0.2,0.25,0.75,8.02,-21.73,True
1.04,0.02,0.95,0.4,0.2,0.5,0.5,7.94,-19.88,True
1.04,0.02,0.95,0.4,0.2,0.75,0.25,7.85,-18.07,True
1.04,0.02,0.95,0.4,0.2,1.0,0.0,7.72,-16.48,True
1.04,0.02,0.95,0.4,0.3,0.0,1.0,8.43,-22.01,True
1.04,0.02,0.95,0.4,0.3,0.25,0.75,8.37,-20.91,True
1.04,0.02,0.95,0.4,0.3,0.5,0.5,8.28,-19.72,True
1.04,0.02,0.95,0.4,0.3,0.75,0.25,8.18,-18.44,True
1.04,0.02,0.95,0.4,0.3,1.0,0.0,8.06,-17.06,True
1.04,0.02,0.97,0.1,0.0,0.0,1.0,1.03,-20.84,True
1.04,0.02,0.97,0.1,0.0,0.25,0.75,1.14,-18.72,True
1.04,0.02,0.97,0.1,0.0,0.5,0.5,1.24,-16.48,True
1.04,0.02,0.97,0.1,0.0,0.75,0.25,1.32,-14.12,True
1.04,0.02,0.97,0.1,0.0,1.0,0.0,1.4,-11.63,True
1.04,0.02,0.97,0.1,0.1,0.0,1.0,3.02,-16.92,True
1.04,0.02,0.97,0.1,0.1,0.25,0.75,3.08,-14.91,True
1.04,0.02,0.97,0.1,0.1,0.5,0.5,3.13,-12.9,True
1.04,0.02,0.97,0.1,0.1,0.75,0.25,3.18,-10.87,True
1.04,0.02,0.97,0.1,0.1,1.0,0.0,3.23,-8.85,True
1.04,0.02,0.97,0.1,0.2,0.0,1.0,4.56,-14.54,True
1.04,0.02,0.97,0.1,0.2,0.25,0.75,4.59,-12.62,True
1.04,0.02,0.97,0.1,0.2,0.5,0.5,4.61,-10.68,True
1.04,0.02,0.97,0.1,0.2,0.75,0.25,4.62,-10.24,True
1.04,0.02,0.97,0.1,0.2,1.0,0.0,4.63,-10.1,True
1.04,0.02,0.97,0.1,0.3,0.0,1.0,5.77,-15.36,True
1.04,0.02,0.97,0.1,0.3,0.25,0.75,5.77,-15.15,True
1.04,0.02,0.97,0.1,0.3,0.5,0.5,5.77,-14.94,True
1.04,0.02,0.97,0.1,0.3,0.75,0.25,5.76,-14.73,True
1.04,0.02,0.97,0.1,0.3,1.0,0.0,5.75,-14.53,True
1.04,0.02,0.97,0.2,0.0,0.0,1.0,3.62,-21.04,True
1.04,0.02,0.97,0.2,0.0,0.25,0.75,3.62,-18.75,True
1.04,0.02,0.97,0.2,0.0,0.5,0.5,3.6,-16.53,True
1.04,0.02,0.97,0.2,0.0,0.75,0.25,3.56,-14.16,True
1.04,0.02,0.97,0.2,0.0,1.0,0.0,3.5,-11.63,True
1.04,0.02,0.97,0.2,0.1,0.0,1.0,5.37,-17.67,True
1.04,0.02,0.97,0.2,0.1,0.25,0.75,5.32,-15.46,True
1.04,0.02,0.97,0.2,0.1,0.5,0.5,5.25,-13.22,True
1.04,0.02,0.97,0.2,0.1,0.75,0.25,5.17,-10.95,True
1.04,0.02,0.97,0.2,0.1,1.0,0.0,5.07,-8.66,True
1.04,0.02,0.97,0.2,0.2,0.0,1.0,6.58,-14.13,True
1.04,0.02,0.97,0.2,0.2,0.25,0.75,6.5,-12.1,True
1.04,0.02,0.97,0.2,0.2,0.5,0.5,6.41,-11.46,True
1.04,0.02,0.97,0.2,0.2,0.75,0.25,6.31,-11.2,True
1.04,0.02,0.97,0.2,0.2,1.0,0.0,6.19,-10.94,True
1.04,0.02,0.97,0.2,0.3,0.0,1.0,7.16,-16.87,True
1.04,0.02,0.97,0.2,0.3,0.25,0.75,7.08,-16.51,True
1.04,0.02,0.97,0.2,0.3,0.5,0.5,6.99,-16.16,True
1.04,0.02,0.97,0.2,0.3,0.75,0.25,6.88,-15.83,True
1.04,0.02,0.97,0.2,0.3,1.0,0.0,6.77,-15.49,True
1.04,0.02,0.97,0.3,0.0,0.0,1.0,5.49,-20.84,True
1.04,0.02,0.97,0.3,0.0,0.25,0.75,5.41,-18.79,True
1.04,0.02,0.97,0.3,0.0,0.5,0.5,5.31,-16.58,True
1.04,0.02,0.97,0.3,0.0,0.75,0.25,5.17,-14.2,True
1.04,0.02,0.97,0.3,0.0,1.0,0.0,5.01,-11.63,True
1.04,0.02,0.97,0.3,0.1,0.0,1.0,6.4,-17.28,True
1.04,0.02,0.97,0.3,0.1,0.25,0.75,6.31,-15.05,True
1.04,0.02,0.97,0.3,0.1,0.5,0.5,6.2,-12.77,True
1.04,0.02,0.97,0.3,0.1,0.75,0.25,6.07,-10.89,True
1.04,0.02,0.97,0.3,0.1,1.0,0.0,5.91,-9.56,True
1.04,0.02,0.97,0.3,0.2,0.0,1.0,6.64,-14.15,True
1.04,0.02,0.97,0.3,0.2,0.25,0.75,6.6,-12.94,True
1.04,0.02,0.97,0.3,0.2,0.5,0.5,6.54,-12.53,True
1.04,0.02,0.97,0.3,0.2,0.75,0.25,6.46,-12.13,True
1.04,0.02,0.97,0.3,0.2,1.0,0.0,6.35,-11.74,True
1.04,0.02,0.97,0.3,0.3,0.0,1.0,6.95,-18.7,True
1.04,0.02,0.97,0.3,0.3,0.25,0.75,6.92,-18.16,True
1.04,0.02,0.97,0.3,0.3,0.5,0.5,6.88,-17.64,True
1.04,0.02,0.97,0.3,0.3,0.75,0.25,6.82,-17.14,True
1.04,0.02,0.97,0.3,0.3,1.0,0.0,6.75,-16.64,True
1.04,0.02,0.97,0.4,0.0,0.0,1.0,5.82,-22.05,True
1.04,0.02,0.97,0.4,0.0,0.25,0.75,5.75,-20.27,True
1.04,0.02,0.97,0.4,0.0,0.5,0.5,5.66,-18.49,True
1.04,0.02,0.97,0.4,0.0,0.75,0.25,5.53,-16.71,True
1.04,0.02,0.97,0.4,0.0,1.0,0.0,5.37,-14.94,True
1.04,0.02,0.97,0.4,0.1,0.0,1.0,6.09,-20.0,True
1.04,0.02,0.97,0.4,0.1,0.25,0.75,6.06,-18.25,True
1.04,0.02,0.97,0.4,0.1,0.5,0.5,6.01,-16.49,True
1.04,0.02,0.97,0.4,0.1,0.75,0.25,5.93,-14.73,True
1.04,0.02,0.97,0.4,0.1,1.0,0.0,5.83,-12.96,True
1.04,0.02,0.97,0.4,0.2,0.0,1.0,6.59,-18.78,True
1.04,0.02,0.97,0.4,0.2,0.25,0.75,6.57,-17.06,True
1.04,0.02,0.97,0.4,0.2,0.5,0.5,6.52,-15.34,True
1.04,0.02,0.97,0.4,0.2,0.75,0.25,6.46,-13.61,True
1.04,0.02,0.97,0.4,0.2,1.0,0.0,6.37,-12.43,True
1.04,0.02,0.97,0.4,0.3,0.0,1.0,7.17,-19.15,True
1.04,0.02,0.97,0.4,0.3,0.25,0.75,7.13,-18.56,True
1.04,0.02,0.97,0.4,0.3,0.5,0.5,7.08,-17.99,True
1.04,0.02,0.97,0.4,0.3,0.75,0.25,7.0,-17.44,True
1.04,0.02,0.97,0.4,0.3,1.0,0.0,6.92,-16.9,True
1.04,0.02,0.99,0.1,0.0,0.0,1.0,2.36,-17.14,True
1.04,0.02,0.99,0.1,0.0,0.25,0.75,2.33,-15.52,True
1.04,0.02,0.99,0.1,0.0,0.5,0.5,2.29,-13.89,True
1.04,0.02,0.99,0.1,0.0,0.75,0.25,2.24,-12.26,True
1.04,0.02,0.99,0.1,0.0,1.0,0.0,2.19,-10.62,True
1.04,0.02,0.99,0.1,0.1,0.0,1.0,3.97,-15.77,True
1.04,0.02,0.99,0.1,0.1,0.25,0.75,3.93,-14.11,True
1.04,0.02,0.99,0.1,0.1,0.5,0.5,3.89,-12.45,True
1.04,0.02,0.99,0.1,0.1,0.75,0.25,3.85,-10.79,True
1.04,0.02,0.99,0.1,0.1,1.0,0.0,3.79,-9.11,True
1.04,0.02,0.99,0.1,0.2,0.0,1.0,5.31,-13.43,True
1.04,0.02,0.99,0.1,0.2,0.25,0.75,5.26,-11.89,True
1.04,0.02,0.99,0.1,0.2,0.5,0.5,5.2,-10.83,True
1.04,0.02,0.99,0.1,0.2,0.75,0.25,5.13,-9.85,True
1.04,0.02,0.99,0.1,0.2,1.0,0.0,5.06,-9.74,True
1.04,0.02,0.99,0.1,0.3,0.0,1.0,6.51,-14.62,True
1.04,0.02,0.99,0.1,0.3,0.25,0.75,6.43,-14.46,True
1.04,0.02,0.99,0.1,0.3,0.5,0.5,6.35,-14.31,True
1.04,0.02,0.99,0.1,0.3,0.75,0.25,6.26,-14.15,True
1.04,0.02,0.99,0.1,0.3,1.0,0.0,6.15,-14.0,True
1.04,0.02,0.99,0.2,0.0,0.0,1.0,5.41,-19.68,True
1.04,0.02,0.99,0.2,0.0,0.25,0.75,5.23,-17.71,True
1.04,0.02,0.99,0.2,0.0,0.5,0.5,5.04,-15.73,True
1.04,0.02,0.99,0.2,0.0,0.75,0.25,4.82,-13.71,True
1.04,0.02,0.99,0.2,0.0,1.0,0.0,4.58,-11.68,True
1.04,0.02,0.99,0.2,0.1,0.0,1.0,6.79,-16.42,True
1.04,0.02,0.99,0.2,0.1,0.25,0.75,6.59,-14.59,True
1.04,0.02,0.99,0.2,0.1,0.5,0.5,6.38,-12.73,True
1.04,0.02,0.99,0.2,0.1,0.75,0.25,6.15,-10.85,True
1.04,0.02,0.99,0.2,0.1,1.0,0.0,5.91,-8.95,True
1.04,0.02,0.99,0.2,0.2,0.0,1.0,7.8,-12.98,True
1.04,0.02,0.99,0.2,0.2,0.25,0.75,7.59,-11.3,True
1.04,0.02,0.99,0.2,0.2,0.5,0.5,7.38,-10.68,True
1.04,0.02,0.99,0.2,0.2,0.75,0.25,7.14,-10.49,True
1.04,0.02,0.99,0.2,0.2,1.0,0.0,6.9,-10.3,True
1.04,0.02,0.99,0.2,0.3,0.0,1.0,8.42,-15.73,True
1.04,0.02,0.99,0.2,0.3,0.25,0.75,8.21,-15.46,True
1.04,0.02,0.99,0.2,0.3,0.5,0.5,7.99,-15.2,True
1.04,0.02,0.99,0.2,0.3,0.75,0.25,7.75,-14.94,True
1.04,0.02,0.99,0.2,0.3,1.0,0.0,7.49,-14.69,True
1.04,0.02,0.99,0.3,0.0,0.0,1.0,7.54,-19.37,True
1.04,0.02,0.99,0.3,0.0,0.25,0.75,7.26,-17.38,True
1.04,0.02,0.99,0.3,0.0,0.5,0.5,6.95,-15.36,True
1.04,0.02,0.99,0.3,0.0,0.75,0.25,6.61,-13.29,True
1.04,0.02,0.99,0.3,0.0,1.0,0.0,6.24,-11.19,True
1.04,0.02,0.99,0.3,0.1,0.0,1.0,8.25,-16.02,True
1.04,0.02,0.99,0.3,0.1,0.25,0.75,7.97,-14.16,True
1.04,0.02,0.99,0.3,0.1,0.5,0.5,7.66,-12.27,True
1.04,0.02,0.99,0.3,0.1,0.75,0.25,7.33,-10.34,True
1.04,0.02,0.99,0.3,0.1,1.0,0.0,6.98,-8.38,True
1.04,0.02,0.99,0.3,0.2,0.0,1.0,8.39,-12.74,True
1.04,0.02,0.99,0.3,0.2,0.25,0.75,8.15,-11.8,True
1.04,0.02,0.99,0.3,0.2,0.5,0.5,7.89,-11.49,True
1.04,0.02,0.99,0.3,0.2,0.75,0.25,7.6,-11.2,True
1.04,0.02,0.99,0.3,0.2,1.0,0.0,7.31,-10.91,True
1.04,0.02,0.99,0.3,0.3,0.0,1.0,8.34,-17.21,True
1.04,0.02,0.99,0.3,0.3,0.25,0.75,8.16,-16.8,True
1.04,0.02,0.99,0.3,0.3,0.5,0.5,7.95,-16.39,True
1.04,0.02,0.99,0.3,0.3,0.75,0.25,7.74,-16.0,True
1.04,0.02,0.99,0.3,0.3,1.0,0.0,7.52,-15.61,True
1.04,0.02,0.99,0.4,0.0,0.0,1.0,8.04,-19.29,True
1.04,0.02,0.99,0.4,0.0,0.25,0.75,7.75,-17.29,True
1.04,0.02,0.99,0.4,0.0,0.5,0.5,7.44,-15.5,True
1.04,0.02,0.99,0.4,0.0,0.75,0.25,7.09,-13.95,True
1.04,0.02,0.99,0.4,0.0,1.0,0.0,6.7,-12.39,True
1.04,0.02,0.99,0.4,0.1,0.0,1.0,8.09,-16.44,True
1.04,0.02,0.99,0.4,0.1,0.25,0.75,7.85,-14.9,True
1.04,0.02,0.99,0.4,0.1,0.5,0.5,7.59,-13.42,True
1.04,0.02,0.99,0.4,0.1,0.75,0.25,7.31,-11.96,True
1.04,0.02,0.99,0.4,0.1,1.0,0.0,6.99,-10.5,True
1.04,0.02,0.99,0.4,0.2,0.0,1.0,8.25,-15.19,True
1.04,0.02,0.99,0.4,0.2,0.25,0.75,8.05,-13.76,True
1.04,0.02,0.99,0.4,0.2,0.5,0.5,7.83,-12.33,True
1.04,0.02,0.99,0.4,0.2,0.75,0.25,7.59,-11.82,True
1.04,0.02,0.99,0.4,0.2,1.0,0.0,7.32,-11.45,True
1.04,0.02,0.99,0.4,0.3,0.0,1.0,8.53,-17.59,True
1.04,0.02,0.99,0.4,0.3,0.25,0.75,8.35,-17.13,True
1.04,0.02,0.99,0.4,0.3,0.5,0.5,8.14,-16.69,True
1.04,0.02,0.99,0.4,0.3,0.75,0.25,7.92,-16.25,True
1.04,0.02,0.99,0.4,0.3,1.0,0.0,7.68,-15.83,True
1.04,0.02,1.0,0.1,0.0,0.0,1.0,0.56,-17.14,True
1.04,0.02,1.0,0.1,0.0,0.25,0.75,0.66,-15.52,True
1.04,0.02,1.0,0.1,0.0,0.5,0.5,0.75,-13.89,True
1.04,0.02,1.0,0.1,0.0,0.75,0.25,0.84,-12.26,True
1.04,0.02,1.0,0.1,0.0,1.0,0.0,0.92,-10.62,True
1.04,0.02,1.0,0.1,0.1,0.0,1.0,2.28,-15.77,True
1.04,0.02,1.0,0.1,0.1,0.25,0.75,2.38,-14.11,True
1.04,0.02,1.0,0.1,0.1,0.5,0.5,2.47,-12.45,True
1.04,0.02,1.0,0.1,0.1,0.75,0.25,2.56,-10.79,True
1.04,0.02,1.0,0.1,0.1,1.0,0.0,2.64,-9.11,True
1.04,0.02,1.0,0.1,0.2,0.0,1.0,3.66,-13.43,True
1.04,0.02,1.0,0.1,0.2,0.25,0.75,3.73,-11.85,True
1.04,0.02,1.0,0.1,0.2,0.5,0.5,3.8,-10.25,True
1.04,0.02,1.0,0.1,0.2,0.75,0.25,3.87,-9.75,True
1.04,0.02,1.0,0.1,0.2,1.0,0.0,3.93,-9.9,True
1.04,0.02,1.0,0.1,0.3,0.0,1.0,4.96,-14.36,True
1.04,0.02,1.0,0.1,0.3,0.25,0.75,5.01,-14.22,True
1.04,0.02,1.0,0.1,0.3,0.5,0.5,5.05,-14.09,True
1.04,0.02,1.0,0.1,0.3,0.75,0.25,5.09,-13.95,True
1.04,0.02,1.0,0.1,0.3,1.0,0.0,5.13,-13.82,True
1.04,0.02,1.0,0.2,0.0,0.0,1.0,2.11,-19.68,True
1.04,0.02,1.0,0.2,0.0,0.25,0.75,2.17,-17.71,True
1.04,0.02,1.0,0.2,0.0,0.5,0.5,2.21,-15.73,True
1.04,0.02,1.0,0.2,0.0,0.75,0.25,2.23,-13.71,True
1.04,0.02,1.0,0.2,0.0,1.0,0.0,2.25,-11.68,True
1.04,0.02,1.0,0.2,0.1,0.0,1.0,3.9,-16.42,True
1.04,0.02,1.0,0.2,0.1,0.25,0.75,3.92,-14.59,True
1.04,0.02,1.0,0.2,0.1,0.5,0.5,3.94,-12.73,True
1.04,0.02,1.0,0.2,0.1,0.75,0.25,3.94,-10.85,True
1.04,0.02,1.0,0.2,0.1,1.0,0.0,3.93,-8.95,True
1.04,0.02,1.0,0.2,0.2,0.0,1.0,5.14,-12.98,True
1.04,0.02,1.0,0.2,0.2,0.25,0.75,5.15,-11.3,True
1.04,0.02,1.0,0.2,0.2,0.5,0.5,5.14,-10.35,True
1.04,0.02,1.0,0.2,0.2,0.75,0.25,5.13,-10.19,True
1.04,0.02,1.0,0.2,0.2,1.0,0.0,5.11,-10.04,True
1.04,0.02,1.0,0.2,0.3,0.0,1.0,6.1,-15.16,True
1.04,0.02,1.0,0.2,0.3,0.25,0.75,6.09,-14.94,True
1.04,0.02,1.0,0.2,0.3,0.5,0.5,6.06,-14.73,True
1.04,0.02,1.0,0.2,0.3,0.75,0.25,6.03,-14.52,True
1.04,0.02,1.0,0.2,0.3,1.0,0.0,6.0,-14.32,True
1.04,0.02,1.0,0.3,0.0,0.0,1.0,3.61,-19.37,True
1.04,0.02,1.0,0.3,0.0,0.25,0.75,3.6,-17.38,True
1.04,0.02,1.0,0.3,0.0,0.5,0.5,3.57,-15.36,True
1.04,0.02,1.0,0.3,0.0,0.75,0.25,3.51,-13.29,True
1.04,0.02,1.0,0.3,0.0,1.0,0.0,3.44,-11.19,True
1.04,0.02,1.0,0.3,0.1,0.0,1.0,4.89,-16.02,True
1.04,0.02,1.0,0.3,0.1,0.25,0.75,4.87,-14.16,True
1.04,0.02,1.0,0.3,0.1,0.5,0.5,4.83,-12.27,True
1.04,0.02,1.0,0.3,0.1,0.75,0.25,4.78,-10.34,True
1.04,0.02,1.0,0.3,0.1,1.0,0.0,4.71,-8.38,True
1.04,0.02,1.0,0.3,0.2,0.0,1.0,5.8,-12.74,True
1.04,0.02,1.0,0.3,0.2,0.25,0.75,5.78,-11.18,True
1.04,0.02,1.0,0.3,0.2,0.5,0.5,5.74,-10.94,True
1.04,0.02,1.0,0.3,0.2,0.75,0.25,5.69,-10.7,True
1.04,0.02,1.0,0.3,0.2,1.0,0.0,5.63,-10.48,True
1.04,0.02,1.0,0.3,0.3,0.0,1.0,6.29,-16.29,True
1.04,0.02,1.0,0.3,0.3,0.25,0.75,6.29,-15.96,True
1.04,0.02,1.0,0.3,0.3,0.5,0.5,6.27,-15.64,True
1.04,0.02,1.0,0.3,0.3,0.75,0.25,6.24,-15.32,True
1.04,0.02,1.0,0.3,0.3,1.0,0.0,6.19,-15.01,True
1.04,0.02,1.0,0.4,0.0,0.0,1.0,4.26,-19.29,True
1.04,0.02,1.0,0.4,0.0,0.25,0.75,4.24,-17.29,True
1.04,0.02,1.0,0.4,0.0,0.5,0.5,4.19,-15.24,True
1.04,0.02,1.0,0.4,0.0,0.75,0.25,4.12,-13.14,True
1.04,0.02,1.0,0.4,0.0,1.0,0.0,4.02,-11.0,True
1.04,0.02,1.0,0.4,0.1,0.0,1.0,5.31,-16.11,True
1.04,0.02,1.0,0.4,0.1,0.25,0.75,5.28,-14.23,True
1.04,0.02,1.0,0.4,0.1,0.5,0.5,5.24,-12.32,True
1.04,0.02,1.0,0.4,0.1,0.75,0.25,5.18,-10.36,True
1.04,0.02,1.0,0.4,0.1,1.0,0.0,5.09,-8.56,True
1.04,0.02,1.0,0.4,0.2,0.0,1.0,5.81,-12.87,True
1.04,0.02,1.0,0.4,0.2,0.25,0.75,5.8,-11.8,True
1.04,0.02,1.0,0.4,0.2,0.5,0.5,5.78,-11.48,True
1.04,0.02,1.0,0.4,0.2,0.75,0.25,5.74,-11.18,True
1.04,0.02,1.0,0.4,0.2,1.0,0.0,5.68,-10.89,True
1.04,0.02,1.0,0.4,0.3,0.0,1.0,6.3,-16.62,True
1.04,0.02,1.0,0.4,0.3,0.25,0.75,6.3,-16.25,True
1.04,0.02,1.0,0.4,0.3,0.5,0.5,6.29,-15.89,True
1.04,0.02,1.0,0.4,0.3,0.75,0.25,6.27,-15.54,True
1.04,0.02,1.0,0.4,0.3,1.0,0.0,6.23,-15.2,True
1.04,0.02,1.01,0.1,0.0,0.0,1.0,1.4,-13.35,True
1.04,0.02,1.01,0.1,0.0,0.25,0.75,1.42,-12.0,True
1.04,0.02,1.01,0.1,0.0,0.5,0.5,1.44,-10.65,True
1.04,0.02,1.01,0.1,0.0,0.75,0.25,1.46,-9.3,True
1.04,0.02,1.01,0.1,0.0,1.0,0.0,1.47,-7.94,True
1.04,0.02,1.01,0.1,0.1,0.0,1.0,2.93,-11.9,True
1.04,0.02,1.01,0.1,0.1,0.25,0.75,2.97,-10.53,True
1.04,0.02,1.01,0.1,0.1,0.5,0.5,3.0,-9.15,True
1.04,0.02,1.01,0.1,0.1,0.75,0.25,3.03,-7.77,True
1.04,0.02,1.01,0.1,0.1,1.0,0.0,3.06,-6.39,True
1.04,0.02,1.01,0.1,0.2,0.0,1.0,4.17,-9.82,True
1.04,0.02,1.01,0.1,0.2,0.25,0.75,4.2,-9.73,True
1.04,0.02,1.01,0.1,0.2,0.5,0.5,4.23,-9.64,True
1.04,0.02,1.01,0.1,0.2,0.75,0.25,4.25,-9.55,True
1.04,0.02,1.01,0.1,0.2,1.0,0.0,4.26,-9.5,True
1.04,0.02,1.01,0.1,0.3,0.0,1.0,5.32,-14.14,True
1.04,0.02,1.01,0.1,0.3,0.25,0.75,5.34,-14.01,True
1.04,0.02,1.01,0.1,0.3,0.5,0.5,5.35,-13.88,True
1.04,0.02,1.01,0.1,0.3,0.75,0.25,5.36,-13.76,True
1.04,0.02,1.01,0.1,0.3,1.0,0.0,5.36,-13.63,True
1.04,0.02,1.01,0.2,0.0,0.0,1.0,2.88,-15.11,True
1.04,0.02,1.01,0.2,0.0,0.25,0.75,2.88,-13.47,True
1.04,0.02,1.01,0.2,0.0,0.5,0.5,2.85,-11.8,True
1.04,0.02,1.01,0.2,0.0,0.75,0.25,2.81,-10.12,True
1.04,0.02,1.01,0.2,0.0,1.0,0.0,2.76,-8.41,True
1.04,0.02,1.01,0.2,0.1,0.0,1.0,4.42,-12.24,True
1.04,0.02,1.01,0.2,0.1,0.25,0.75,4.4,-10.7,True
1.04,0.02,1.01,0.2,0.1,0.5,0.5,4.37,-9.14,True
1.04,0.02,1.01,0.2,0.1,0.75,0.25,4.33,-7.57,True
1.04,0.02,1.01,0.2,0.1,1.0,0.0,4.27,-5.97,True
1.04,0.02,1.01,0.2,0.2,0.0,1.0,5.59,-10.45,True
1.04,0.02,1.01,0.2,0.2,0.25,0.75,5.55,-10.3,True
1.04,0.02,1.01,0.2,0.2,0.5,0.5,5.5,-10.15,True
1.04,0.02,1.01,0.2,0.2,0.75,0.25,5.45,-10.0,True
1.04,0.02,1.01,0.2,0.2,1.0,0.0,5.38,-9.85,True
1.04,0.02,1.01,0.2,0.3,0.0,1.0,6.54,-14.87,True
1.04,0.02,1.01,0.2,0.3,0.25,0.75,6.48,-14.67,True
1.04,0.02,1.01,0.2,0.3,0.5,0.5,6.41,-14.47,True
1.04,0.02,1.01,0.2,0.3,0.75,0.25,6.34,-14.27,True
1.04,0.02,1.01,0.2,0.3,1.0,0.0,6.25,-14.08,True
1.04,0.02,1.01,0.3,0.0,0.0,1.0,4.34,-14.79,True
1.04,0.02,1.01,0.3,0.0,0.25,0.75,4.26,-13.12,True
1.04,0.02,1.01,0.3,0.0,0.5,0.5,4.16,-11.41,True
1.04,0.02,1.01,0.3,0.0,0.75,0.25,4.05,-9.67,True
1.04,0.02,1.01,0.3,0.0,1.0,0.0,3.91,-7.91,True
1.04,0.02,1.01,0.3,0.1,0.0,1.0,5.55,-11.79,True
1.04,0.02,1.01,0.3,0.1,0.25,0.75,5.46,-10.23,True
1.04,0.02,1.01,0.3,0.1,0.5,0.5,5.36,-8.64,True
1.04,0.02,1.01,0.3,0.1,0.75,0.25,5.25,-7.22,True
1.04,0.02,1.01,0.3,0.1,1.0,0.0,5.11,-6.27,True
1.04,0.02,1.01,0.3,0.2,0.0,1.0,6.34,-11.13,True
1.04,0.02,1.01,0.3,0.2,0.25,0.75,6.26,-10.9,True
1.04,0.02,1.01,0.3,0.2,0.5,0.5,6.17,-10.68,True
1.04,0.02,1.01,0.3,0.2,0.75,0.25,6.07,-10.46,True
1.04,0.02,1.01,0.3,0.2,1.0,0.0,5.95,-10.25,True
1.04,0.02,1.01,0.3,0.3,0.0,1.0,6.64,-15.91,True
1.04,0.02,1.01,0.3,0.3,0.25,0.75,6.61,-15.61,True
1.04,0.02,1.01,0.3,0.3,0.5,0.5,6.56,-15.3,True
1.04,0.02,1.01,0.3,0.3,0.75,0.25,6.5,-15.01,True
1.04,0.02,1.01,0.3,0.3,1.0,0.0,6.42,-14.72,True
1.04,0.02,1.01,0.4,0.0,0.0,1.0,5.03,-14.7,True
1.04,0.02,1.01,0.4,0.0,0.25,0.75,4.93,-13.11,True
1.04,0.02,1.01,0.4,0.0,0.5,0.5,4.81,-11.83,True
1.04,0.02,1.01,0.4,0.0,0.75,0.25,4.66,-10.56,True
1.04,0.02,1.01,0.4,0.0,1.0,0.0,4.49,-9.28,True
1.04,0.02,1.01,0.4,0.1,0.0,1.0,5.92,-13.66,True
1.04,0.02,1.01,0.4,0.1,0.25,0.75,5.84,-12.39,True
1.04,0.02,1.01,0.4,0.1,0.5,0.5,5.74,-11.12,True
1.04,0.02,1.01,0.4,0.1,0.75,0.25,5.61,-9.85,True
1.04,0.02,1.01,0.4,0.1,1.0,0.0,5.46,-8.57,True
1.04,0.02,1.01,0.4,0.2,0.0,1.0,6.13,-12.65,True
1.04,0.02,1.01,0.4,0.2,0.25,0.75,6.1,-11.49,True
1.04,0.02,1.01,0.4,0.2,0.5,0.5,6.05,-11.19,True
1.04,0.02,1.01,0.4,0.2,0.75,0.25,5.98,-10.91,True
1.04,0.02,1.01,0.4,0.2,1.0,0.0,5.9,-10.63,True
1.04,0.02,1.01,0.4,0.3,0.0,1.0,6.38,-16.25,True
1.04,0.02,1.01,0.4,0.3,0.25,0.75,6.39,-15.91,True
1.04,0.02,1.01,0.4,0.3,0.5,0.5,6.38,-15.57,True
1.04,0.02,1.01,0.4,0.3,0.75,0.25,6.35,-15.24,True
1.04,0.02,1.01,0.4,0.3,1.0,0.0,6.31,-14.91,True
1.04,0.02,1.02,0.1,0.0,0.0,1.0,1.22,-13.35,True
1.04,0.02,1.02,0.1,0.0,0.25,0.75,1.24,-12.0,True
1.04,0.02,1.02,0.1,0.0,0.5,0.5,1.25,-10.65,True
1.04,0.02,1.02,0.1,0.0,0.75,0.25,1.27,-9.3,True
1.04,0.02,1.02,0.1,0.0,1.0,0.0,1.27,-7.94,True
1.04,0.02,1.02,0.1,0.1,0.0,1.0,2.78,-11.9,True
1.04,0.02,1.02,0.1,0.1,0.25,0.75,2.81,-10.53,True
1.04,0.02,1.02,0.1,0.1,0.5,0.5,2.85,-9.15,True
1.04,0.02,1.02,0.1,0.1,0.75,0.25,2.87,-7.77,True
1.04,0.02,1.02,0.1,0.1,1.0,0.0,2.89,-6.39,True
1.04,0.02,1.02,0.1,0.2,0.0,1.0,4.05,-9.73,True
1.04,0.02,1.02,0.1,0.2,0.25,0.75,4.08,-9.66,True
1.04,0.02,1.02,0.1,0.2,0.5,0.5,4.1,-9.59,True
1.04,0.02,1.02,0.1,0.2,0.75,0.25,4.12,-9.64,True
1.04,0.02,1.02,0.1,0.2,1.0,0.0,4.14,-9.83,True
1.04,0.02,1.02,0.1,0.3,0.0,1.0,5.18,-14.01,True
1.04,0.02,1.02,0.1,0.3,0.25,0.75,5.2,-13.91,True
1.04,0.02,1.02,0.1,0.3,0.5,0.5,5.21,-13.81,True
1.04,0.02,1.02,0.1,0.3,0.75,0.25,5.22,-13.71,True
1.04,0.02,1.02,0.1,0.3,1.0,0.0,5.23,-13.61,True
1.04,0.02,1.02,0.2,0.0,0.0,1.0,2.32,-15.11,True
1.04,0.02,1.02,0.2,0.0,0.25,0.75,2.33,-13.47,True
1.04,0.02,1.02,0.2,0.0,0.5,0.5,2.32,-11.8,True
1.04,0.02,1.02,0.2,0.0,0.75,0.25,2.3,-10.12,True
1.04,0.02,1.02,0.2,0.0,1.0,0.0,2.27,-8.41,True
1.04,0.02,1.02,0.2,0.1,0.0,1.0,3.92,-12.24,True
1.04,0.02,1.02,0.2,0.1,0.25,0.75,3.92,-10.7,True
1.04,0.02,1.02,0.2,0.1,0.5,0.5,3.91,-9.14,True
1.04,0.02,1.02,0.2,0.1,0.75,0.25,3.89,-7.57,True
1.04,0.02,1.02,0.2,0.1,1.0,0.0,3.85,-6.45,True
1.04,0.02,1.02,0.2,0.2,0.0,1.0,5.14,-10.69,True
1.04,0.02,1.02,0.2,0.2,0.25,0.75,5.12,-10.53,True
1.04,0.02,1.02,0.2,0.2,0.5,0.5,5.09,-10.38,True
1.04,0.02,1.02,0.2,0.2,0.75,0.25,5.06,-10.22,True
1.04,0.02,1.02,0.2,0.2,1.0,0.0,5.01,-10.07,True
1.04,0.02,1.02,0.2,0.3,0.0,1.0,6.07,-15.33,True
1.04,0.02,1.02,0.2,0.3,0.25,0.75,6.03,-15.12,True
1.04,0.02,1.02,0.2,0.3,0.5,0.5,5.99,-14.9,True
1.04,0.02,1.02,0.2,0.3,0.75,0.25,5.94,-14.69,True
1.04,0.02,1.02,0.2,0.3,1.0,0.0,5.88,-14.49,True
1.04,0.02,1.02,0.3,0.0,0.0,1.0,3.3,-14.79,True
1.04,0.02,1.02,0.3,0.0,0.25,0.75,3.27,-13.12,True
1.04,0.02,1.02,0.3,0.0,0.5,0.5,3.23,-11.41,True
1.04,0.02,1.02,0.3,0.0,0.75,0.25,3.16,-9.67,True
1.04,0.02,1.02,0.3,0.0,1.0,0.0,3.08,-8.52,True
1.04,0.02,1.02,0.3,0.1,0.0,1.0,4.65,-11.79,True
1.04,0.02,1.02,0.3,0.1,0.25,0.75,4.62,-10.39,True
1.04,0.02,1.02,0.3,0.1,0.5,0.5,4.57,-9.73,True
1.04,0.02,1.02,0.3,0.1,0.75,0.25,4.5,-9.06,True
1.04,0.02,1.02,0.3,0.1,1.0,0.0,4.42,-8.38,True
1.04,0.02,1.02,0.3,0.2,0.0,1.0,5.44,-11.47,True
1.04,0.02,1.02,0.3,0.2,0.25,0.75,5.43,-11.24,True
1.04,0.02,1.02,0.3,0.2,0.5,0.5,5.4,-11.01,True
1.04,0.02,1.02,0.3,0.2,0.75,0.25,5.36,-10.79,True
1.04,0.02,1.02,0.3,0.2,1.0,0.0,5.29,-10.57,True
1.04,0.02,1.02,0.3,0.3,0.0,1.0,5.72,-16.19,True
1.04,0.02,1.02,0.3,0.3,0.25,0.75,5.76,-15.9,True
1.04,0.02,1.02,0.3,0.3,0.5,0.5,5.79,-15.61,True
1.04,0.02,1.02,0.3,0.3,0.75,0.25,5.8,-15.32,True
1.04,0.02,1.02,0.3,0.3,1.0,0.0,5.79,-15.04,True
1.04,0.02,1.02,0.4,0.0,0.0,1.0,3.71,-14.7,True
1.04,0.02,1.02,0.4,0.0,0.25,0.75,3.69,-13.02,True
1.04,0.02,1.02,0.4,0.0,0.5,0.5,3.64,-11.4,True
1.04,0.02,1.02,0.4,0.0,0.75,0.25,3.56,-10.59,True
1.04,0.02,1.02,0.4,0.0,1.0,0.0,3.47,-9.78,True
1.04,0.02,1.02,0.4,0.1,0.0,1.0,4.66,-11.88,True
1.04,0.02,1.02,0.4,0.1,0.25,0.75,4.66,-10.82,True
1.04,0.02,1.02,0.4,0.1,0.5,0.5,4.64,-10.19,True
1.04,0.02,1.02,0.4,0.1,0.75,0.25,4.6,-9.55,True
1.04,0.02,1.02,0.4,0.1,1.0,0.0,4.53,-8.89,True
1.04,0.02,1.02,0.4,0.2,0.0,1.0,4.96,-11.98,True
1.04,0.02,1.02,0.4,0.2,0.25,0.75,5.02,-11.7,True
1.04,0.02,1.02,0.4,0.2,0.5,0.5,5.06,-11.42,True
1.04,0.02,1.02,0.4,0.2,0.75,0.25,5.08,-11.15,True
1.04,0.02,1.02,0.4,0.2,1.0,0.0,5.08,-10.89,True
1.04,0.02,1.02,0.4,0.3,0.0,1.0,5.34,-16.42,True
1.04,0.02,1.02,0.4,0.3,0.25,0.75,5.42,-16.1,True
1.04,0.02,1.02,0.4,0.3,0.5,0.5,5.48,-15.79,True
1.04,0.02,1.02,0.4,0.3,0.75,0.25,5.53,-15.48,True
1.04,0.02,1.02,0.4,0.3,1.0,0.0,5.57,-15.18,True
1.04,0.025,0.95,0.1,0.0,0.0,1.0,-0.26,-27.28,True
1.04,0.025,0.95,0.1,0.0,0.25,0.75,-0.12,-24.92,True
1.04,0.025,0.95,0.1,0.0,0.5,0.5,0.01,-22.46,True
1.04,0.025,0.95,0.1,0.0,0.75,0.25,0.14,-19.89,True
1.04,0.025,0.95,0.1,0.0,1.0,0.0,0.27,-17.19,True
1.04,0.025,0.95,0.1,0.1,0.0,1.0,2.17,-21.98,True
1.04,0.025,0.95,0.1,0.1,0.25,0.75,2.23,-20.81,True
1.04,0.025,0.95,0.1,0.1,0.5,0.5,2.28,-19.59,True
1.04,0.025,0.95,0.1,0.1,0.75,0.25,2.34,-18.32,True
1.04,0.025,0.95,0.1,0.1,1.0,0.0,2.4,-16.99,True
1.04,0.025,0.95,0.1,0.2,0.0,1.0,3.88,-21.88,True
1.04,0.025,0.95,0.1,0.2,0.25,0.75,3.89,-20.97,True
1.04,0.025,0.95,0.1,0.2,0.5,0.5,3.91,-20.03,True
1.04,0.025,0.95,0.1,0.2,0.75,0.25,3.92,-19.04,True
1.04,0.025,0.95,0.1,0.2,1.0,0.0,3.93,-18.01,True
1.04,0.025,0.95,0.1,0.3,0.0,1.0,5.07,-21.82,True
1.04,0.025,0.95,0.1,0.3,0.25,0.75,5.07,-21.08,True
1.04,0.025,0.95,0.1,0.3,0.5,0.5,5.06,-20.31,True
1.04,0.025,0.95,0.1,0.3,0.75,0.25,5.06,-19.51,True
1.04,0.025,0.95,0.1,0.3,1.0,0.0,5.05,-18.67,True
1.04,0.025,0.95,0.2,0.0,0.0,1.0,1.41,-25.01,True
1.04,0.025,0.95,0.2,0.0,0.25,0.75,1.5,-22.7,True
1.04,0.025,0.95,0.2,0.0,0.5,0.5,1.58,-20.25,True
1.04,0.025,0.95,0.2,0.0,0.75,0.25,1.64,-17.96,True
1.04,0.025,0.95,0.2,0.0,1.0,0.0,1.7,-15.86,True
1.04,0.025,0.95,0.2,0.1,0.0,1.0,3.48,-25.18,True
1.04,0.025,0.95,0.2,0.1,0.25,0.75,3.49,-23.06,True
1.04,0.025,0.95,0.2,0.1,0.5,0.5,3.5,-20.94,True
1.04,0.025,0.95,0.2,0.1,0.75,0.25,3.51,-18.83,True
1.04,0.025,0.95,0.2,0.1,1.0,0.0,3.51,-16.71,True
1.04,0.025,0.95,0.2,0.2,0.0,1.0,5.07,-23.33,True
1.04,0.025,0.95,0.2,0.2,0.25,0.75,5.03,-21.47,True
1.04,0.025,0.95,0.2,0.2,0.5,0.5,4.99,-19.9,True
1.04,0.025,0.95,0.2,0.2,0.75,0.25,4.94,-18.77,True
1.04,0.025,0.95,0.2,0.2,1.0,0.0,4.88,-17.54,True
1.04,0.025,0.95,0.2,0.3,0.0,1.0,6.25,-21.9,True
1.04,0.025,0.95,0.2,0.3,0.25,0.75,6.2,-21.04,True
1.04,0.025,0.95,0.2,0.3,0.5,0.5,6.13,-20.12,True
1.04,0.025,0.95,0.2,0.3,0.75,0.25,6.05,-19.14,True
1.04,0.025,0.95,0.2,0.3,1.0,0.0,5.97,-18.08,True
1.04,0.025,0.95,0.3,0.0,0.0,1.0,2.76,-29.36,True
1.04,0.025,0.95,0.3,0.0,0.25,0.75,2.8,-26.77,True
1.04,0.025,0.95,0.3,0.0,0.5,0.5,2.81,-24.19,True
1.04,0.025,0.95,0.3,0.0,0.75,0.25,2.82,-21.6,True
1.04,0.025,0.95,0.3,0.0,1.0,0.0,2.8,-19.01,True
1.04,0.025,0.95,0.3,0.1,0.0,1.0,4.96,-25.88,True
1.04,0.025,0.95,0.3,0.1,0.25,0.75,4.9,-23.64,True
1.04,0.025,0.95,0.3,0.1,0.5,0.5,4.84,-21.4,True
1.04,0.025,0.95,0.3,0.1,0.75,0.25,4.75,-19.17,True
1.04,0.025,0.95,0.3,0.1,1.0,0.0,4.65,-16.95,True
1.04,0.025,0.95,0.3,0.2,0.0,1.0,6.36,-23.13,True
1.04,0.025,0.95,0.3,0.2,0.25,0.75,6.28,-21.19,True
1.04,0.025,0.95,0.3,0.2,0.5,0.5,6.18,-19.75,True
1.04,0.025,0.95,0.3,0.2,0.75,0.25,6.07,-18.47,True
1.04,0.025,0.95,0.3,0.2,1.0,0.0,5.94,-17.06,True
1.04,0.025,0.95,0.3,0.3,0.0,1.0,6.88,-21.94,True
1.04,0.025,0.95,0.3,0.3,0.25,0.75,6.8,-21.0,True
1.04,0.025,0.95,0.3,0.3,0.5,0.5,6.71,-20.0,True
1.04,0.025,0.95,0.3,0.3,0.75,0.25,6.6,-18.92,True
1.04,0.025,0.95,0.3,0.3,1.0,0.0,6.49,-17.76,True
1.04,0.025,0.95,0.4,0.0,0.0,1.0,4.56,-29.12,True
1.04,0.025,0.95,0.4,0.0,0.25,0.75,4.5,-26.51,True
1.04,0.025,0.95,0.4,0.0,0.5,0.5,4.41,-23.89,True
1.04,0.025,0.95,0.4,0.0,0.75,0.25,4.31,-21.28,True
1.04,0.025,0.95,0.4,0.0,1.0,0.0,4.18,-18.67,True
1.04,0.025,0.95,0.4,0.1,0.0,1.0,6.25,-26.18,True
1.04,0.025,0.95,0.4,0.1,0.25,0.75,6.15,-23.88,True
1.04,0.025,0.95,0.4,0.1,0.5,0.5,6.03,-21.59,True
1.04,0.025,0.95,0.4,0.1,0.75,0.25,5.9,-19.3,True
1.04,0.025,0.95,0.4,0.1,1.0,0.0,5.74,-17.01,True
1.04,0.025,0.95,0.4,0.2,0.0,1.0,6.54,-23.2,True
1.04,0.025,0.95,0.4,0.2,0.25,0.75,6.46,-21.22,True
1.04,0.025,0.95,0.4,0.2,0.5,0.5,6.36,-19.71,True
1.04,0.025,0.95,0.4,0.2,0.75,0.25,6.24,-18.4,True
1.04,0.025,0.95,0.4,0.2,1.0,0.0,6.11,-16.95,True
1.04,0.025,0.95,0.4,0.3,0.0,1.0,6.74,-21.95,True
1.04,0.025,0.95,0.4,0.3,0.25,0.75,6.68,-20.99,True
1.04,0.025,0.95,0.4,0.3,0.5,0.5,6.61,-19.97,True
1.04,0.025,0.95,0.4,0.3,0.75,0.25,6.53,-18.87,True
1.04,0.025,0.95,0.4,0.3,1.0,0.0,6.43,-17.69,True
1.04,0.025,0.97,0.1,0.0,0.0,1.0,1.03,-23.24,True
1.04,0.025,0.97,0.1,0.0,0.25,0.75,1.05,-21.1,True
1.04,0.025,0.97,0.1,0.0,0.5,0.5,1.06,-18.87,True
1.04,0.025,0.97,0.1,0.0,0.75,0.25,1.07,-16.54,True
1.04,0.025,0.97,0.1,0.0,1.0,0.0,1.08,-14.09,True
1.04,0.025,0.97,0.1,0.1,0.0,1.0,3.0,-17.35,True
1.04,0.025,0.97,0.1,0.1,0.25,0.75,2.99,-15.42,True
1.04,0.025,0.97,0.1,0.1,0.5,0.5,2.97,-13.4,True
1.04,0.025,0.97,0.1,0.1,0.75,0.25,2.96,-11.26,True
1.04,0.025,0.97,0.1,0.1,1.0,0.0,2.94,-9.03,True
1.04,0.025,0.97,0.1,0.2,0.0,1.0,4.5,-11.52,True
1.04,0.025,0.97,0.1,0.2,0.25,0.75,4.46,-9.78,True
1.04,0.025,0.97,0.1,0.2,0.5,0.5,4.42,-9.31,True
1.04,0.025,0.97,0.1,0.2,0.75,0.25,4.38,-9.46,True
1.04,0.025,0.97,0.1,0.2,1.0,0.0,4.34,-9.62,True
1.04,0.025,0.97,0.1,0.3,0.0,1.0,5.6,-12.86,True
1.04,0.025,0.97,0.1,0.3,0.25,0.75,5.55,-12.82,True
1.04,0.025,0.97,0.1,0.3,0.5,0.5,5.5,-12.79,True
1.04,0.025,0.97,0.1,0.3,0.75,0.25,5.45,-12.75,True
1.04,0.025,0.97,0.1,0.3,1.0,0.0,5.39,-12.72,True
1.04,0.025,0.97,0.2,0.0,0.0,1.0,3.38,-20.84,True
1.04,0.025,0.97,0.2,0.0,0.25,0.75,3.29,-18.76,True
1.04,0.025,0.97,0.2,0.0,0.5,0.5,3.18,-16.54,True
1.04,0.025,0.97,0.2,0.0,0.75,0.25,3.06,-14.17,True
1.04,0.025,0.97,0.2,0.0,1.0,0.0,2.93,-11.63,True
1.04,0.025,0.97,0.2,0.1,0.0,1.0,4.85,-16.97,True
1.04,0.025,0.97,0.2,0.1,0.25,0.75,4.75,-14.99,True
1.04,0.025,0.97,0.2,0.1,0.5,0.5,4.64,-12.88,True
1.04,0.025,0.97,0.2,0.1,0.75,0.25,4.52,-10.65,True
1.04,0.025,0.97,0.2,0.1,1.0,0.0,4.39,-8.71,True
1.04,0.025,0.97,0.2,0.2,0.0,1.0,6.07,-13.21,True
1.04,0.025,0.97,0.2,0.2,0.25,0.75,5.96,-12.06,True
1.04,0.025,0.97,0.2,0.2,0.5,0.5,5.83,-10.93,True
1.04,0.025,0.97,0.2,0.2,0.75,0.25,5.7,-9.79,True
1.04,0.025,0.97,0.2,0.2,1.0,0.0,5.56,-8.95,True
1.04,0.025,0.97,0.2,0.3,0.0,1.0,7.09,-13.14,True
1.04,0.025,0.97,0.2,0.3,0.25,0.75,6.97,-13.12,True
1.04,0.025,0.97,0.2,0.3,0.5,0.5,6.84,-13.1,True
1.04,0.025,0.97,0.2,0.3,0.75,0.25,6.68,-13.02,True
1.04,0.025,0.97,0.2,0.3,1.0,0.0,6.52,-12.95,True
1.04,0.025,0.97,0.3,0.0,0.0,1.0,5.19,-20.84,True
1.04,0.025,0.97,0.3,0.0,0.25,0.75,5.0,-18.77,True
1.04,0.025,0.97,0.3,0.0,0.5,0.5,4.79,-16.56,True
1.04,0.025,0.97,0.3,0.0,0.75,0.25,4.57,-14.18,True
1.04,0.025,0.97,0.3,0.0,1.0,0.0,4.33,-11.63,True
1.04,0.025,0.97,0.3,0.1,0.0,1.0,6.68,-17.09,True
1.04,0.025,0.97,0.3,0.1,0.25,0.75,6.47,-15.1,True
1.04,0.025,0.97,0.3,0.1,0.5,0.5,6.25,-12.97,True
1.04,0.025,0.97,0.3,0.1,0.75,0.25,6.01,-10.7,True
1.04,0.025,0.97,0.3,0.1,1.0,0.0,5.75,-8.36,True
1.04,0.025,0.97,0.3,0.2,0.0,1.0,7.76,-13.34,True
1.04,0.025,0.97,0.3,0.2,0.25,0.75,7.54,-11.55,True
1.04,0.025,0.97,0.3,0.2,0.5,0.5,7.31,-10.38,True
1.04,0.025,0.97,0.3,0.2,0.75,0.25,7.06,-9.22,True
1.04,0.025,0.97,0.3,0.2,1.0,0.0,6.8,-9.12,True
1.04,0.025,0.97,0.3,0.3,0.0,1.0,8.51,-13.29,True
1.04,0.025,0.97,0.3,0.3,0.25,0.75,8.3,-13.26,True
1.04,0.025,0.97,0.3,0.3,0.5,0.5,8.07,-13.22,True
1.04,0.025,0.97,0.3,0.3,0.75,0.25,7.81,-13.19,True
1.04,0.025,0.97,0.3,0.3,1.0,0.0,7.53,-13.16,True
1.04,0.025,0.97,0.4,0.0,0.0,1.0,7.2,-20.84,True
1.04,0.025,0.97,0.4,0.0,0.25,0.75,6.89,-18.8,True
1.04,0.025,0.97,0.4,0.0,0.5,0.5,6.56,-16.6,True
1.04,0.025,0.97,0.4,0.0,0.75,0.25,6.21,-14.22,True
1.04,0.025,0.97,0.4,0.0,1.0,0.0,5.84,-11.63,True
1.04,0.025,0.97,0.4,0.1,0.0,1.0,8.37,-17.28,True
1.04,0.025,0.97,0.4,0.1,0.25,0.75,8.06,-15.3,True
1.04,0.025,0.97,0.4,0.1,0.5,0.5,7.73,-13.17,True
1.04,0.025,0.97,0.4,0.1,0.75,0.25,7.39,-10.87,True
1.04,0.025,0.97,0.4,0.1,1.0,0.0,7.02,-8.4,True
1.04,0.025,0.97,0.4,0.2,0.0,1.0,8.8,-13.64,True
1.04,0.025,0.97,0.4,0.2,0.25,0.75,8.48,-11.74,True
1.04,0.025,0.97,0.4,0.2,0.5,0.5,8.15,-10.34,True
1.04,0.025,0.97,0.4,0.2,0.75,0.25,7.79,-9.24,True
1.04,0.025,0.97,0.4,0.2,1.0,0.0,7.43,-9.21,True
1.04,0.025,0.97,0.4,0.3,0.0,1.0,8.8,-13.44,True
1.04,0.025,0.97,0.4,0.3,0.25,0.75,8.51,-13.4,True
1.04,0.025,0.97,0.4,0.3,0.5,0.5,8.22,-13.35,True
1.04,0.025,0.97,0.4,0.3,0.75,0.25,7.91,-13.31,True
1.04,0.025,0.97,0.4,0.3,1.0,0.0,7.59,-13.26,True
1.04,0.025,0.99,0.1,0.0,0.0,1.0,2.02,-18.58,True
1.04,0.025,0.99,0.1,0.0,0.25,0.75,1.94,-16.9,True
1.04,0.025,0.99,0.1,0.0,0.5,0.5,1.86,-15.14,True
1.04,0.025,0.99,0.1,0.0,0.75,0.25,1.78,-13.29,True
1.04,0.025,0.99,0.1,0.0,1.0,0.0,1.69,-11.35,True
1.04,0.025,0.99,0.1,0.1,0.0,1.0,3.75,-13.09,True
1.04,0.025,0.99,0.1,0.1,0.25,0.75,3.67,-11.58,True
1.04,0.025,0.99,0.1,0.1,0.5,0.5,3.58,-9.99,True
1.04,0.025,0.99,0.1,0.1,0.75,0.25,3.49,-8.32,True
1.04,0.025,0.99,0.1,0.1,1.0,0.0,3.4,-6.56,True
1.04,0.025,0.99,0.1,0.2,0.0,1.0,5.07,-8.81,True
1.04,0.025,0.99,0.1,0.2,0.25,0.75,4.98,-8.79,True
1.04,0.025,0.99,0.1,0.2,0.5,0.5,4.88,-8.78,True
1.04,0.025,0.99,0.1,0.2,0.75,0.25,4.79,-8.92,True
1.04,0.025,0.99,0.1,0.2,1.0,0.0,4.69,-9.15,True
1.04,0.025,0.99,0.1,0.3,0.0,1.0,6.08,-12.75,True
1.04,0.025,0.99,0.1,0.3,0.25,0.75,5.99,-12.73,True
1.04,0.025,0.99,0.1,0.3,0.5,0.5,5.89,-12.7,True
1.04,0.025,0.99,0.1,0.3,0.75,0.25,5.79,-12.67,True
1.04,0.025,0.99,0.1,0.3,1.0,0.0,5.68,-12.65,True
1.04,0.025,0.99,0.2,0.0,0.0,1.0,4.65,-16.04,True
1.04,0.025,0.99,0.2,0.0,0.25,0.75,4.43,-14.41,True
1.04,0.025,0.99,0.2,0.0,0.5,0.5,4.2,-12.66,True
1.04,0.025,0.99,0.2,0.0,0.75,0.25,3.96,-10.8,True
1.04,0.025,0.99,0.2,0.0,1.0,0.0,3.71,-8.81,True
1.04,0.025,0.99,0.2,0.1,0.0,1.0,5.82,-13.65,True
1.04,0.025,0.99,0.2,0.1,0.25,0.75,5.62,-12.41,True
1.04,0.025,0.99,0.2,0.1,0.5,0.5,5.41,-11.16,True
1.04,0.025,0.99,0.2,0.1,0.75,0.25,5.2,-9.92,True
1.04,0.025,0.99,0.2,0.1,1.0,0.0,4.97,-8.68,True
1.04,0.025,0.99,0.2,0.2,0.0,1.0,6.86,-13.4,True
1.04,0.025,0.99,0.2,0.2,0.25,0.75,6.66,-12.22,True
1.04,0.025,0.99,0.2,0.2,0.5,0.5,6.45,-11.05,True
1.04,0.025,0.99,0.2,0.2,0.75,0.25,6.24,-9.88,True
1.04,0.025,0.99,0.2,0.2,1.0,0.0,6.02,-8.85,True
1.04,0.025,0.99,0.2,0.3,0.0,1.0,7.79,-13.02,True
1.04,0.025,0.99,0.2,0.3,0.25,0.75,7.59,-12.97,True
1.04,0.025,0.99,0.2,0.3,0.5,0.5,7.38,-12.91,True
1.04,0.025,0.99,0.2,0.3,0.75,0.25,7.16,-12.86,True
1.04,0.025,0.99,0.2,0.3,1.0,0.0,6.93,-12.81,True
1.04,0.025,0.99,0.3,0.0,0.0,1.0,6.6,-16.04,True
1.04,0.025,0.99,0.3,0.0,0.25,0.75,6.27,-14.42,True
1.04,0.025,0.99,0.3,0.0,0.5,0.5,5.93,-12.68,True
1.04,0.025,0.99,0.3,0.0,0.75,0.25,5.56,-10.82,True
1.04,0.025,0.99,0.3,0.0,1.0,0.0,5.18,-9.23,True
1.04,0.025,0.99,0.3,0.1,0.0,1.0,7.88,-13.72,True
1.04,0.025,0.99,0.3,0.1,0.25,0.75,7.55,-12.37,True
1.04,0.025,0.99,0.3,0.1,0.5,0.5,7.19,-11.04,True
1.04,0.025,0.99,0.3,0.1,0.75,0.25,6.83,-9.71,True
1.04,0.025,0.99,0.3,0.1,1.0,0.0,6.45,-8.38,True
1.04,0.025,0.99,0.3,0.2,0.0,1.0,8.82,-12.84,True
1.04,0.025,0.99,0.3,0.2,0.25,0.75,8.49,-11.64,True
1.04,0.025,0.99,0.3,0.2,0.5,0.5,8.15,-10.44,True
1.04,0.025,0.99,0.3,0.2,0.75,0.25,7.79,-9.26,True
1.04,0.025,0.99,0.3,0.2,1.0,0.0,7.41,-8.97,True
1.04,0.025,0.99,0.3,0.3,0.0,1.0,9.52,-13.08,True
1.04,0.025,0.99,0.3,0.3,0.25,0.75,9.19,-13.06,True
1.04,0.025,0.99,0.3,0.3,0.5,0.5,8.85,-13.04,True
1.04,0.025,0.99,0.3,0.3,0.75,0.25,8.5,-13.02,True
1.04,0.025,0.99,0.3,0.3,1.0,0.0,8.14,-12.97,True
1.04,0.025,0.99,0.4,0.0,0.0,1.0,8.79,-16.04,True
1.04,0.025,0.99,0.4,0.0,0.25,0.75,8.32,-14.44,True
1.04,0.025,0.99,0.4,0.0,0.5,0.5,7.84,-12.72,True
1.04,0.025,0.99,0.4,0.0,0.75,0.25,7.33,-10.99,True
1.04,0.025,0.99,0.4,0.0,1.0,0.0,6.79,-9.43,True
1.04,0.025,0.99,0.4,0.1,0.0,1.0,9.78,-13.98,True
1.04,0.025,0.99,0.4,0.1,0.25,0.75,9.33,-12.58,True
1.04,0.025,0.99,0.4,0.1,0.5,0.5,8.86,-11.18,True
1.04,0.025,0.99,0.4,0.1,0.75,0.25,8.37,-9.8,True
1.04,0.025,0.99,0.4,0.1,1.0,0.0,7.85,-8.42,True
1.04,0.025,0.99,0.4,0.2,0.0,1.0,10.19,-12.97,True
1.04,0.025,0.99,0.4,0.2,0.25,0.75,9.74,-11.71,True
1.04,0.025,0.99,0.4,0.2,0.5,0.5,9.28,-10.46,True
1.04,0.025,0.99,0.4,0.2,0.75,0.25,8.79,-9.22,True
1.04,0.025,0.99,0.4,0.2,1.0,0.0,8.27,-9.05,True
1.04,0.025,0.99,0.4,0.3,0.0,1.0,10.21,-13.13,True
1.04,0.025,0.99,0.4,0.3,0.25,0.75,9.76,-13.1,True
1.04,0.025,0.99,0.4,0.3,0.5,0.5,9.3,-13.07,True
1.04,0.025,0.99,0.4,0.3,0.75,0.25,8.83,-13.05,True
1.04,0.025,0.99,0.4,0.3,1.0,0.0,8.36,-13.02,True
1.04,0.025,1.0,0.1,0.0,0.0,1.0,0.54,-18.58,True
1.04,0.025,1.0,0.1,0.0,0.25,0.75,0.57,-16.9,True
1.04,0.025,1.0,0.1,0.0,0.5,0.5,0.6,-15.14,True
1.04,0.025,1.0,0.1,0.0,0.75,0.25,0.63,-13.29,True
1.04,0.025,1.0,0.1,0.0,1.0,0.0,0.66,-11.35,True
1.04,0.025,1.0,0.1,0.1,0.0,1.0,2.45,-13.09,True
1.04,0.025,1.0,0.1,0.1,0.25,0.75,2.47,-11.58,True
1.04,0.025,1.0,0.1,0.1,0.5,0.5,2.48,-9.99,True
1.04,0.025,1.0,0.1,0.1,0.75,0.25,2.5,-8.32,True
1.04,0.025,1.0,0.1,0.1,1.0,0.0,2.51,-6.77,True
1.04,0.025,1.0,0.1,0.2,0.0,1.0,3.87,-10.13,True
1.04,0.025,1.0,0.1,0.2,0.25,0.75,3.87,-10.22,True
1.04,0.025,1.0,0.1,0.2,0.5,0.5,3.87,-10.31,True
1.04,0.025,1.0,0.1,0.2,0.75,0.25,3.87,-10.41,True
1.04,0.025,1.0,0.1,0.2,1.0,0.0,3.87,-10.5,True
1.04,0.025,1.0,0.1,0.3,0.0,1.0,4.91,-12.75,True
1.04,0.025,1.0,0.1,0.3,0.25,0.75,4.91,-12.73,True
1.04,0.025,1.0,0.1,0.3,0.5,0.5,4.9,-12.7,True
1.04,0.025,1.0,0.1,0.3,0.75,0.25,4.89,-12.78,True
1.04,0.025,1.0,0.1,0.3,1.0,0.0,4.89,-12.91,True
1.04,0.025,1.0,0.2,0.0,0.0,1.0,1.92,-16.04,True
1.04,0.025,1.0,0.2,0.0,0.25,0.75,1.89,-14.41,True
1.04,0.025,1.0,0.2,0.0,0.5,0.5,1.87,-12.66,True
1.04,0.025,1.0,0.2,0.0,0.75,0.25,1.85,-10.8,True
1.04,0.025,1.0,0.2,0.0,1.0,0.0,1.82,-8.81,True
1.04,0.025,1.0,0.2,0.1,0.0,1.0,3.48,-12.65,True
1.04,0.025,1.0,0.2,0.1,0.25,0.75,3.45,-11.08,True
1.04,0.025,1.0,0.2,0.1,0.5,0.5,3.42,-9.41,True
1.04,0.025,1.0,0.2,0.1,0.75,0.25,3.38,-7.64,True
1.04,0.025,1.0,0.2,0.1,1.0,0.0,3.34,-5.75,True
1.04,0.025,1.0,0.2,0.2,0.0,1.0,4.65,-9.16,True
1.04,0.025,1.0,0.2,0.2,0.25,0.75,4.62,-8.97,True
1.04,0.025,1.0,0.2,0.2,0.5,0.5,4.59,-8.93,True
1.04,0.025,1.0,0.2,0.2,0.75,0.25,4.55,-8.9,True
1.04,0.025,1.0,0.2,0.2,1.0,0.0,4.51,-9.1,True
1.04,0.025,1.0,0.2,0.3,0.0,1.0,5.57,-13.02,True
1.04,0.025,1.0,0.2,0.3,0.25,0.75,5.53,-12.97,True
1.04,0.025,1.0,0.2,0.3,0.5,0.5,5.49,-12.91,True
1.04,0.025,1.0,0.2,0.3,0.75,0.25,5.44,-12.86,True
1.04,0.025,1.0,0.2,0.3,1.0,0.0,5.4,-12.81,True
1.04,0.025,1.0,0.3,0.0,0.0,1.0,2.95,-16.04,True
1.04,0.025,1.0,0.3,0.0,0.25,0.75,2.88,-14.42,True
1.04,0.025,1.0,0.3,0.0,0.5,0.5,2.81,-12.68,True
1.04,0.025,1.0,0.3,0.0,0.75,0.25,2.72,-10.82,True
1.04,0.025,1.0,0.3,0.0,1.0,0.0,2.63,-8.81,True
1.04,0.025,1.0,0.3,0.1,0.0,1.0,4.35,-12.75,True
1.04,0.025,1.0,0.3,0.1,0.25,0.75,4.28,-11.16,True
1.04,0.025,1.0,0.3,0.1,0.5,0.5,4.2,-9.49,True
1.04,0.025,1.0,0.3,0.1,0.75,0.25,4.11,-7.7,True
1.04,0.025,1.0,0.3,0.1,1.0,0.0,4.01,-5.79,True
1.04,0.025,1.0,0.3,0.2,0.0,1.0,5.38,-9.45,True
1.04,0.025,1.0,0.3,0.2,0.25,0.75,5.31,-9.08,True
1.04,0.025,1.0,0.3,0.2,0.5,0.5,5.23,-9.06,True
1.04,0.025,1.0,0.3,0.2,0.75,0.25,5.15,-9.03,True
1.04,0.025,1.0,0.3,0.2,1.0,0.0,5.05,-8.97,True
1.04,0.025,1.0,0.3,0.3,0.0,1.0,6.22,-13.08,True
1.04,0.025,1.0,0.3,0.3,0.25,0.75,6.15,-13.06,True
1.04,0.025,1.0,0.3,0.3,0.5,0.5,6.07,-13.04,True
1.04,0.025,1.0,0.3,0.3,0.75,0.25,5.99,-13.02,True
1.04,0.025,1.0,0.3,0.3,1.0,0.0,5.89,-12.97,True
1.04,0.025,1.0,0.4,0.0,0.0,1.0,4.02,-16.04,True
1.04,0.025,1.0,0.4,0.0,0.25,0.75,3.88,-14.44,True
1.04,0.025,1.0,0.4,0.0,0.5,0.5,3.74,-12.72,True
1.04,0.025,1.0,0.4,0.0,0.75,0.25,3.58,-10.85,True
1.04,0.025,1.0,0.4,0.0,1.0,0.0,3.42,-8.81,True
1.04,0.025,1.0,0.4,0.1,0.0,1.0,5.18,-12.94,True
1.04,0.025,1.0,0.4,0.1,0.25,0.75,5.06,-11.36,True
1.04,0.025,1.0,0.4,0.1,0.5,0.5,4.93,-9.67,True
1.04,0.025,1.0,0.4,0.1,0.75,0.25,4.79,-7.84,True
1.04,0.025,1.0,0.4,0.1,1.0,0.0,4.64,-6.04,True
1.04,0.025,1.0,0.4,0.2,0.0,1.0,5.95,-9.78,True
1.04,0.025,1.0,0.4,0.2,0.25,0.75,5.85,-9.11,True
1.04,0.025,1.0,0.4,0.2,0.5,0.5,5.74,-9.09,True
1.04,0.025,1.0,0.4,0.2,0.75,0.25,5.61,-9.07,True
1.04,0.025,1.0,0.4,0.2,1.0,0.0,5.48,-9.05,True
1.04,0.025,1.0,0.4,0.3,0.0,1.0,6.56,-13.13,True
1.04,0.025,1.0,0.4,0.3,0.25,0.75,6.47,-13.1,True
1.04,0.025,1.0,0.4,0.3,0.5,0.5,6.37,-13.07,True
1.04,0.025,1.0,0.4,0.3,0.75,0.25,6.26,-13.05,True
1.04,0.025,1.0,0.4,0.3,1.0,0.0,6.15,-13.02,True
1.04,0.025,1.01,0.1,0.0,0.0,1.0,0.8,-13.64,True
1.04,0.025,1.01,0.1,0.0,0.25,0.75,0.82,-12.17,True
1.04,0.025,1.01,0.1,0.0,0.5,0.5,0.83,-10.68,True
1.04,0.025,1.01,0.1,0.0,0.75,0.25,0.84,-9.15,True
1.04,0.025,1.01,0.1,0.0,1.0,0.0,0.85,-7.54,True
1.04,0.025,1.01,0.1,0.1,0.0,1.0,2.63,-9.03,True
1.04,0.025,1.01,0.1,0.1,0.25,0.75,2.63,-7.82,True
1.04,0.025,1.01,0.1,0.1,0.5,0.5,2.63,-6.59,True
1.04,0.025,1.01,0.1,0.1,0.75,0.25,2.63,-6.65,True
1.04,0.025,1.01,0.1,0.1,1.0,0.0,2.63,-6.71,True
1.04,0.025,1.01,0.1,0.2,0.0,1.0,4.01,-10.03,True
1.04,0.025,1.01,0.1,0.2,0.25,0.75,4.0,-10.13,True
1.04,0.025,1.01,0.1,0.2,0.5,0.5,3.99,-10.24,True
1.04,0.025,1.01,0.1,0.2,0.75,0.25,3.97,-10.34,True
1.04,0.025,1.01,0.1,0.2,1.0,0.0,3.96,-10.45,True
1.04,0.025,1.01,0.1,0.3,0.0,1.0,5.07,-12.7,True
1.04,0.025,1.01,0.1,0.3,0.25,0.75,5.05,-12.68,True
1.04,0.025,1.01,0.1,0.3,0.5,0.5,5.03,-12.65,True
1.04,0.025,1.01,0.1,0.3,0.75,0.25,5.01,-12.65,True
1.04,0.025,1.01,0.1,0.3,1.0,0.0,4.98,-12.8,True
1.04,0.025,1.01,0.2,0.0,0.0,1.0,2.48,-9.05,True
1.04,0.025,1.01,0.2,0.0,0.25,0.75,2.41,-7.88,True
1.04,0.025,1.01,0.2,0.0,0.5,0.5,2.34,-6.65,True
1.04,0.025,1.01,0.2,0.0,0.75,0.25,2.26,-5.35,True
1.04,0.025,1.01,0.2,0.0,1.0,0.0,2.18,-4.13,True
1.04,0.025,1.01,0.2,0.1,0.0,1.0,3.92,-6.49,True
1.04,0.025,1.01,0.2,0.1,0.25,0.75,3.85,-5.69,True
1.04,0.025,1.01,0.2,0.1,0.5,0.5,3.78,-5.1,True
1.04,0.025,1.01,0.2,0.1,0.75,0.25,3.71,-5.26,True
1.04,0.025,1.01,0.2,0.1,1.0,0.0,3.63,-5.42,True
1.04,0.025,1.01,0.2,0.2,0.0,1.0,5.02,-8.93,True
1.04,0.025,1.01,0.2,0.2,0.25,0.75,4.96,-8.89,True
1.04,0.025,1.01,0.2,0.2,0.5,0.5,4.89,-8.86,True
1.04,0.025,1.01,0.2,0.2,0.75,0.25,4.82,-8.83,True
1.04,0.025,1.01,0.2,0.2,1.0,0.0,4.75,-8.84,True
1.04,0.025,1.01,0.2,0.3,0.0,1.0,5.88,-12.88,True
1.04,0.025,1.01,0.2,0.3,0.25,0.75,5.82,-12.87,True
1.04,0.025,1.01,0.2,0.3,0.5,0.5,5.74,-12.82,True
1.04,0.025,1.01,0.2,0.3,0.75,0.25,5.67,-12.78,True
1.04,0.025,1.01,0.2,0.3,1.0,0.0,5.59,-12.73,True
1.04,0.025,1.01,0.3,0.0,0.0,1.0,3.53,-9.97,True
1.04,0.025,1.01,0.3,0.0,0.25,0.75,3.41,-9.04,True
1.04,0.025,1.01,0.3,0.0,0.5,0.5,3.28,-8.04,True
1.04,0.025,1.01,0.3,0.0,0.75,0.25,3.14,-6.98,True
1.04,0.025,1.01,0.3,0.0,1.0,0.0,3.0,-5.83,True
1.04,0.025,1.01,0.3,0.1,0.0,1.0,4.77,-8.09,True
1.04,0.025,1.01,0.3,0.1,0.25,0.75,4.66,-7.22,True
1.04,0.025,1.01,0.3,0.1,0.5,0.5,4.54,-6.29,True
1.04,0.025,1.01,0.3,0.1,0.75,0.25,4.42,-5.29,True
1.04,0.025,1.01,0.3,0.1,1.0,0.0,4.28,-4.76,True
1.04,0.025,1.01,0.3,0.2,0.0,1.0,5.72,-8.97,True
1.04,0.025,1.01,0.3,0.2,0.25,0.75,5.61,-8.96,True
1.04,0.025,1.01,0.3,0.2,0.5,0.5,5.5,-8.94,True
1.04,0.025,1.01,0.3,0.2,0.75,0.25,5.39,-8.93,True
1.04,0.025,1.01,0.3,0.2,1.0,0.0,5.26,-8.88,True
1.04,0.025,1.01,0.3,0.3,0.0,1.0,6.46,-12.93,True
1.04,0.025,1.01,0.3,0.3,0.25,0.75,6.37,-12.91,True
1.04,0.025,1.01,0.3,0.3,0.5,0.5,6.26,-12.89,True
1.04,0.025,1.01,0.3,0.3,0.75,0.25,6.15,-12.88,True
1.04,0.025,1.01,0.3,0.3,1.0,0.0,6.04,-12.85,True
1.04,0.025,1.01,0.4,0.0,0.0,1.0,4.39,-10.26,True
1.04,0.025,1.01,0.4,0.0,0.25,0.75,4.22,-9.33,True
1.04,0.025,1.01,0.4,0.0,0.5,0.5,4.04,-8.33,True
1.04,0.025,1.01,0.4,0.0,0.75,0.25,3.86,-7.23,True
1.04,0.025,1.01,0.4,0.0,1.0,0.0,3.66,-6.04,True
1.04,0.025,1.01,0.4,0.1,0.0,1.0,5.48,-8.54,True
1.04,0.025,1.01,0.4,0.1,0.25,0.75,5.33,-7.65,True
1.04,0.025,1.01,0.4,0.1,0.5,0.5,5.17,-6.7,True
1.04,0.025,1.01,0.4,0.1,0.75,0.25,5.01,-5.65,True
1.04,0.025,1.01,0.4,0.1,1.0,0.0,4.83,-4.66,True
1.04,0.025,1.01,0.4,0.2,0.0,1.0,6.19,-9.0,True
1.04,0.025,1.01,0.4,0.2,0.25,0.75,6.06,-8.99,True
1.04,0.025,1.01,0.4,0.2,0.5,0.5,5.92,-8.97,True
1.04,0.025,1.01,0.4,0.2,0.75,0.25,5.77,-8.95,True
1.04,0.025,1.01,0.4,0.2,1.0,0.0,5.62,-8.93,True
1.04,0.025,1.01,0.4,0.3,0.0,1.0,6.8,-12.98,True
1.04,0.025,1.01,0.4,0.3,0.25,0.75,6.68,-12.96,True
1.04,0.025,1.01,0.4,0.3,0.5,0.5,6.55,-12.93,True
1.04,0.025,1.01,0.4,0.3,0.75,0.25,6.42,-12.91,True
1.04,0.025,1.01,0.4,0.3,1.0,0.0,6.28,-12.88,True
1.04,0.025,1.02,0.1,0.0,0.0,1.0,0.59,-13.64,True
1.04,0.025,1.02,0.1,0.0,0.25,0.75,0.61,-12.17,True
1.04,0.025,1.02,0.1,0.0,0.5,0.5,0.63,-10.68,True
1.04,0.025,1.02,0.1,0.0,0.75,0.25,0.64,-9.15,True
1.04,0.025,1.02,0.1,0.0,1.0,0.0,0.66,-7.54,True
1.04,0.025,1.02,0.1,0.1,0.0,1.0,2.48,-9.0,True
1.04,0.025,1.02,0.1,0.1,0.25,0.75,2.48,-7.79,True
1.04,0.025,1.02,0.1,0.1,0.5,0.5,2.49,-6.87,True
1.04,0.025,1.02,0.1,0.1,0.75,0.25,2.49,-6.92,True
1.04,0.025,1.02,0.1,0.1,1.0,0.0,2.49,-6.96,True
1.04,0.025,1.02,0.1,0.2,0.0,1.0,3.87,-10.47,True
1.04,0.025,1.02,0.1,0.2,0.25,0.75,3.86,-10.55,True
1.04,0.025,1.02,0.1,0.2,0.5,0.5,3.85,-10.64,True
1.04,0.025,1.02,0.1,0.2,0.75,0.25,3.84,-10.72,True
1.04,0.025,1.02,0.1,0.2,1.0,0.0,3.83,-10.81,True
1.04,0.025,1.02,0.1,0.3,0.0,1.0,4.95,-12.8,True
1.04,0.025,1.02,0.1,0.3,0.25,0.75,4.93,-12.79,True
1.04,0.025,1.02,0.1,0.3,0.5,0.5,4.91,-12.92,True
1.04,0.025,1.02,0.1,0.3,0.75,0.25,4.89,-13.05,True
1.04,0.025,1.02,0.1,0.3,1.0,0.0,4.87,-13.18,True
1.04,0.025,1.02,0.2,0.0,0.0,1.0,1.93,-9.05,True
1.04,0.025,1.02,0.2,0.0,0.25,0.75,1.88,-8.08,True
1.04,0.025,1.02,0.2,0.0,0.5,0.5,1.84,-7.23,True
1.04,0.025,1.02,0.2,0.0,0.75,0.25,1.79,-6.37,True
1.04,0.025,1.02,0.2,0.0,1.0,0.0,1.73,-5.52,True
1.04,0.025,1.02,0.2,0.1,0.0,1.0,3.49,-9.72,True
1.04,0.025,1.02,0.2,0.1,0.25,0.75,3.44,-8.87,True
1.04,0.025,1.02,0.2,0.1,0.5,0.5,3.39,-8.01,True
1.04,0.025,1.02,0.2,0.1,0.75,0.25,3.34,-7.16,True
1.04,0.025,1.02,0.2,0.1,1.0,0.0,3.28,-6.31,True
1.04,0.025,1.02,0.2,0.2,0.0,1.0,4.64,-9.61,True
1.04,0.025,1.02,0.2,0.2,0.25,0.75,4.6,-9.02,True
1.04,0.025,1.02,0.2,0.2,0.5,0.5,4.55,-9.17,True
1.04,0.025,1.02,0.2,0.2,0.75,0.25,4.49,-9.35,True
1.04,0.025,1.02,0.2,0.2,1.0,0.0,4.44,-9.55,True
1.04,0.025,1.02,0.2,0.3,0.0,1.0,5.55,-13.08,True
1.04,0.025,1.02,0.2,0.3,0.25,0.75,5.5,-13.05,True
1.04,0.025,1.02,0.2,0.3,0.5,0.5,5.45,-13.0,True
1.04,0.025,1.02,0.2,0.3,0.75,0.25,5.39,-12.94,True
1.04,0.025,1.02,0.2,0.3,1.0,0.0,5.33,-12.88,True
1.04,0.025,1.02,0.3,0.0,0.0,1.0,2.68,-11.04,True
1.04,0.025,1.02,0.3,0.0,0.25,0.75,2.6,-10.06,True
1.04,0.025,1.02,0.3,0.0,0.5,0.5,2.52,-9.0,True
1.04,0.025,1.02,0.3,0.0,0.75,0.25,2.44,-7.87,True
1.04,0.025,1.02,0.3,0.0,1.0,0.0,2.34,-6.65,True
1.04,0.025,1.02,0.3,0.1,0.0,1.0,4.09,-9.33,True
1.04,0.025,1.02,0.3,0.1,0.25,0.75,4.01,-8.44,True
1.04,0.025,1.02,0.3,0.1,0.5,0.5,3.94,-7.54,True
1.04,0.025,1.02,0.3,0.1,0.75,0.25,3.85,-6.65,True
1.04,0.025,1.02,0.3,0.1,1.0,0.0,3.76,-5.76,True
1.04,0.025,1.02,0.3,0.2,0.0,1.0,5.15,-9.18,True
1.04,0.025,1.02,0.3,0.2,0.25,0.75,5.08,-9.15,True
1.04,0.025,1.02,0.3,0.2,0.5,0.5,5.0,-9.13,True
1.04,0.025,1.02,0.3,0.2,0.75,0.25,4.92,-9.11,True
1.04,0.025,1.02,0.3,0.2,1.0,0.0,4.83,-9.04,True
1.04,0.025,1.02,0.3,0.3,0.0,1.0,5.93,-13.23,True
1.04,0.025,1.02,0.3,0.3,0.25,0.75,5.87,-13.2,True
1.04,0.025,1.02,0.3,0.3,0.5,0.5,5.8,-13.16,True
1.04,0.025,1.02,0.3,0.3,0.75,0.25,5.72,-13.13,True
1.04,0.025,1.02,0.3,0.3,1.0,0.0,5.64,-13.09,True
1.04,0.025,1.02,0.4,0.0,0.0,1.0,3.3,-11.33,True
1.04,0.025,1.02,0.4,0.0,0.25,0.75,3.2,-10.35,True
1.04,0.025,1.02,0.4,0.0,0.5,0.5,3.09,-9.28,True
1.04,0.025,1.02,0.4,0.0,0.75,0.25,2.97,-8.12,True
1.04,0.025,1.02,0.4,0.0,1.0,0.0,2.84,-6.85,True
1.04,0.025,1.02,0.4,0.1,0.0,1.0,4.6,-9.54,True
1.04,0.025,1.02,0.4,0.1,0.25,0.75,4.5,-8.6,True
1.04,0.025,1.02,0.4,0.1,0.5,0.5,4.4,-7.66,True
1.04,0.025,1.02,0.4,0.1,0.75,0.25,4.29,-6.72,True
1.04,0.025,1.02,0.4,0.1,1.0,0.0,4.16,-5.79,True
1.04,0.025,1.02,0.4,0.2,0.0,1.0,5.42,-9.29,True
1.04,0.025,1.02,0.4,0.2,0.25,0.75,5.34,-9.25,True
1.04,0.025,1.02,0.4,0.2,0.5,0.5,5.25,-9.22,True
1.04,0.025,1.02,0.4,0.2,0.75,0.25,5.15,-9.19,True
1.04,0.025,1.02,0.4,0.2,1.0,0.0,5.05,-9.15,True
1.04,0.025,1.02,0.4,0.3,0.0,1.0,6.12,-13.39,True
1.04,0.025,1.02,0.4,0.3,0.25,0.75,6.05,-13.34,True
1.04,0.025,1.02,0.4,0.3,0.5,0.5,5.97,-13.29,True
1.04,0.025,1.02,0.4,0.3,0.75,0.25,5.88,-13.24,True
1.04,0.025,1.02,0.4,0.3,1.0,0.0,5.78,-13.2,True
1.04,0.03,0.95,0.1,0.0,0.0,1.0,-0.19,-16.6,True
1.04,0.03,0.95,0.1,0.0,0.25,0.75,-0.11,-14.84,True
1.04,0.03,0.95,0.1,0.0,0.5,0.5,-0.04,-13.08,True
1.04,0.03,0.95,0.1,0.0,0.75,0.25,0.04,-11.31,True
1.04,0.03,0.95,0.1,0.0,1.0,0.0,0.1,-9.53,True
1.04,0.03,0.95,0.1,0.1,0.0,1.0,1.14,-18.51,True
1.04,0.03,0.95,0.1,0.1,0.25,0.75,1.21,-17.36,True
1.04,0.03,0.95,0.1,0.1,0.5,0.5,1.28,-16.19,True
1.04,0.03,0.95,0.1,0.1,0.75,0.25,1.34,-15.03,True
1.04,0.03,0.95,0.1,0.1,1.0,0.0,1.4,-13.86,True
1.04,0.03,0.95,0.1,0.2,0.0,1.0,2.17,-21.63,True
1.04,0.03,0.95,0.1,0.2,0.25,0.75,2.23,-20.53,True
1.04,0.03,0.95,0.1,0.2,0.5,0.5,2.29,-19.43,True
1.04,0.03,0.95,0.1,0.2,0.75,0.25,2.35,-18.33,True
1.04,0.03,0.95,0.1,0.2,1.0,0.0,2.41,-17.22,True
1.04,0.03,0.95,0.1,0.3,0.0,1.0,3.12,-21.82,True
1.04,0.03,0.95,0.1,0.3,0.25,0.75,3.17,-21.02,True
1.04,0.03,0.95,0.1,0.3,0.5,0.5,3.21,-20.21,True
1.04,0.03,0.95,0.1,0.3,0.75,0.25,3.25,-19.38,True
1.04,0.03,0.95,0.1,0.3,1.0,0.0,3.29,-18.53,True
1.04,0.03,0.95,0.2,0.0,0.0,1.0,-0.23,-26.33,True
1.04,0.03,0.95,0.2,0.0,0.25,0.75,-0.11,-23.96,True
1.04,0.03,0.95,0.2,0.0,0.5,0.5,0.02,-21.49,True
1.04,0.03,0.95,0.2,0.0,0.75,0.25,0.14,-18.92,True
1.04,0.03,0.95,0.2,0.0,1.0,0.0,0.26,-16.24,True
1.04,0.03,0.95,0.2,0.1,0.0,1.0,1.54,-22.04,True
1.04,0.03,0.95,0.2,0.1,0.25,0.75,1.6,-20.72,True
1.04,0.03,0.95,0.2,0.1,0.5,0.5,1.66,-19.36,True
1.04,0.03,0.95,0.2,0.1,0.75,0.25,1.71,-17.95,True
1.04,0.03,0.95,0.2,0.1,1.0,0.0,1.77,-16.49,True
1.04,0.03,0.95,0.2,0.2,0.0,1.0,2.82,-21.95,True
1.04,0.03,0.95,0.2,0.2,0.25,0.75,2.85,-20.86,True
1.04,0.03,0.95,0.2,0.2,0.5,0.5,2.88,-19.74,True
1.04,0.03,0.95,0.2,0.2,0.75,0.25,2.9,-18.59,True
1.04,0.03,0.95,0.2,0.2,1.0,0.0,2.91,-17.4,True
1.04,0.03,0.95,0.2,0.3,0.0,1.0,3.81,-21.89,True
1.04,0.03,0.95,0.2,0.3,0.25,0.75,3.82,-20.96,True
1.04,0.03,0.95,0.2,0.3,0.5,0.5,3.83,-20.02,True
1.04,0.03,0.95,0.2,0.3,0.75,0.25,3.83,-19.04,True
1.04,0.03,0.95,0.2,0.3,1.0,0.0,3.83,-18.05,True
1.04,0.03,0.95,0.3,0.0,0.0,1.0,1.47,-22.17,True
1.04,0.03,0.95,0.3,0.0,0.25,0.75,1.46,-20.55,True
1.04,0.03,0.95,0.3,0.0,0.5,0.5,1.46,-18.85,True
1.04,0.03,0.95,0.3,0.0,0.75,0.25,1.45,-17.04,True
1.04,0.03,0.95,0.3,0.0,1.0,0.0,1.44,-15.13,True
1.04,0.03,0.95,0.3,0.1,0.0,1.0,2.74,-22.07,True
1.04,0.03,0.95,0.3,0.1,0.25,0.75,2.73,-20.71,True
1.04,0.03,0.95,0.3,0.1,0.5,0.5,2.72,-19.28,True
1.04,0.03,0.95,0.3,0.1,0.75,0.25,2.7,-17.79,True
1.04,0.03,0.95,0.3,0.1,1.0,0.0,2.68,-16.21,True
1.04,0.03,0.95,0.3,0.2,0.0,1.0,3.71,-22.0,True
1.04,0.03,0.95,0.3,0.2,0.25,0.75,3.69,-20.83,True
1.04,0.03,0.95,0.3,0.2,0.5,0.5,3.67,-19.61,True
1.04,0.03,0.95,0.3,0.2,0.75,0.25,3.64,-18.33,True
1.04,0.03,0.95,0.3,0.2,1.0,0.0,3.61,-17.0,True
1.04,0.03,0.95,0.3,0.3,0.0,1.0,4.5,-21.95,True
1.04,0.03,0.95,0.3,0.3,0.25,0.75,4.47,-20.92,True
1.04,0.03,0.95,0.3,0.3,0.5,0.5,4.44,-19.86,True
1.04,0.03,0.95,0.3,0.3,0.75,0.25,4.41,-18.76,True
1.04,0.03,0.95,0.3,0.3,1.0,0.0,4.38,-17.61,True
1.04,0.03,0.95,0.4,0.0,0.0,1.0,2.48,-23.23,True
1.04,0.03,0.95,0.4,0.0,0.25,0.75,2.43,-20.94,True
1.04,0.03,0.95,0.4,0.0,0.5,0.5,2.38,-18.91,True
1.04,0.03,0.95,0.4,0.0,0.75,0.25,2.32,-17.09,True
1.04,0.03,0.95,0.4,0.0,1.0,0.0,2.24,-15.13,True
1.04,0.03,0.95,0.4,0.1,0.0,1.0,3.52,-22.09,True
1.04,0.03,0.95,0.4,0.1,0.25,0.75,3.47,-20.72,True
1.04,0.03,0.95,0.4,0.1,0.5,0.5,3.41,-19.27,True
1.04,0.03,0.95,0.4,0.1,0.75,0.25,3.35,-17.71,True
1.04,0.03,0.95,0.4,0.1,1.0,0.0,3.27,-16.05,True
1.04,0.03,0.95,0.4,0.2,0.0,1.0,4.39,-22.03,True
1.04,0.03,0.95,0.4,0.2,0.25,0.75,4.34,-20.82,True
1.04,0.03,0.95,0.4,0.2,0.5,0.5,4.28,-19.54,True
1.04,0.03,0.95,0.4,0.2,0.75,0.25,4.21,-18.19,True
1.04,0.03,0.95,0.4,0.2,1.0,0.0,4.14,-16.75,True
1.04,0.03,0.95,0.4,0.3,0.0,1.0,5.12,-21.99,True
1.04,0.03,0.95,0.4,0.3,0.25,0.75,5.06,-20.9,True
1.04,0.03,0.95,0.4,0.3,0.5,0.5,5.0,-19.76,True
1.04,0.03,0.95,0.4,0.3,0.75,0.25,4.93,-18.57,True
1.04,0.03,0.95,0.4,0.3,1.0,0.0,4.85,-17.31,True
1.04,0.03,0.97,0.1,0.0,0.0,1.0,0.4,-14.09,True
1.04,0.03,0.97,0.1,0.0,0.25,0.75,0.42,-12.5,True
1.04,0.03,0.97,0.1,0.0,0.5,0.5,0.44,-10.92,True
1.04,0.03,0.97,0.1,0.0,0.75,0.25,0.45,-9.32,True
1.04,0.03,0.97,0.1,0.0,1.0,0.0,0.46,-7.72,True
1.04,0.03,0.97,0.1,0.1,0.0,1.0,1.63,-12.21,True
1.04,0.03,0.97,0.1,0.1,0.25,0.75,1.66,-10.61,True
1.04,0.03,0.97,0.1,0.1,0.5,0.5,1.67,-9.01,True
1.04,0.03,0.97,0.1,0.1,0.75,0.25,1.69,-7.41,True
1.04,0.03,0.97,0.1,0.1,1.0,0.0,1.7,-5.8,True
1.04,0.03,0.97,0.1,0.2,0.0,1.0,2.6,-10.26,True
1.04,0.03,0.97,0.1,0.2,0.25,0.75,2.62,-8.93,True
1.04,0.03,0.97,0.1,0.2,0.5,0.5,2.64,-8.97,True
1.04,0.03,0.97,0.1,0.2,0.75,0.25,2.66,-9.02,True
1.04,0.03,0.97,0.1,0.2,1.0,0.0,2.67,-9.07,True
1.04,0.03,0.97,0.1,0.3,0.0,1.0,3.44,-11.51,True
1.04,0.03,0.97,0.1,0.3,0.25,0.75,3.46,-11.57,True
1.04,0.03,0.97,0.1,0.3,0.5,0.5,3.47,-11.63,True
1.04,0.03,0.97,0.1,0.3,0.75,0.25,3.49,-11.69,True
1.04,0.03,0.97,0.1,0.3,1.0,0.0,3.5,-11.76,True
1.04,0.03,0.97,0.2,0.0,0.0,1.0,0.87,-22.23,True
1.04,0.03,0.97,0.2,0.0,0.25,0.75,0.89,-20.09,True
1.04,0.03,0.97,0.2,0.0,0.5,0.5,0.92,-17.86,True
1.04,0.03,0.97,0.2,0.0,0.75,0.25,0.93,-15.53,True
1.04,0.03,0.97,0.2,0.0,1.0,0.0,0.94,-13.1,True
1.04,0.03,0.97,0.2,0.1,0.0,1.0,2.32,-18.17,True
1.04,0.03,0.97,0.2,0.1,0.25,0.75,2.31,-16.28,True
1.04,0.03,0.97,0.2,0.1,0.5,0.5,2.29,-14.31,True
1.04,0.03,0.97,0.2,0.1,0.75,0.25,2.27,-12.24,True
1.04,0.03,0.97,0.2,0.1,1.0,0.0,2.26,-9.98,True
1.04,0.03,0.97,0.2,0.2,0.0,1.0,3.42,-13.77,True
1.04,0.03,0.97,0.2,0.2,0.25,0.75,3.39,-12.01,True
1.04,0.03,0.97,0.2,0.2,0.5,0.5,3.36,-10.18,True
1.04,0.03,0.97,0.2,0.2,0.75,0.25,3.32,-8.25,True
1.04,0.03,0.97,0.2,0.2,1.0,0.0,3.28,-7.78,True
1.04,0.03,0.97,0.2,0.3,0.0,1.0,4.31,-9.95,True
1.04,0.03,0.97,0.2,0.3,0.25,0.75,4.27,-9.95,True
1.04,0.03,0.97,0.2,0.3,0.5,0.5,4.23,-9.95,True
1.04,0.03,0.97,0.2,0.3,0.75,0.25,4.18,-9.95,True
1.04,0.03,0.97,0.2,0.3,1.0,0.0,4.13,-9.96,True
1.04,0.03,0.97,0.3,0.0,0.0,1.0,2.74,-18.64,True
1.04,0.03,0.97,0.3,0.0,0.25,0.75,2.62,-17.04,True
1.04,0.03,0.97,0.3,0.0,0.5,0.5,2.49,-15.45,True
1.04,0.03,0.97,0.3,0.0,0.75,0.25,2.36,-13.87,True
1.04,0.03,0.97,0.3,0.0,1.0,0.0,2.23,-12.3,True
1.04,0.03,0.97,0.3,0.1,0.0,1.0,3.73,-14.51,True
1.04,0.03,0.97,0.3,0.1,0.25,0.75,3.63,-12.95,True
1.04,0.03,0.97,0.3,0.1,0.5,0.5,3.52,-11.39,True
1.04,0.03,0.97,0.3,0.1,0.75,0.25,3.4,-9.86,True
1.04,0.03,0.97,0.3,0.1,1.0,0.0,3.28,-8.34,True
1.04,0.03,0.97,0.3,0.2,0.0,1.0,4.53,-12.02,True
1.04,0.03,0.97,0.3,0.2,0.25,0.75,4.43,-10.15,True
1.04,0.03,0.97,0.3,0.2,0.5,0.5,4.33,-8.33,True
1.04,0.03,0.97,0.3,0.2,0.75,0.25,4.22,-6.85,True
1.04,0.03,0.97,0.3,0.2,1.0,0.0,4.1,-6.63,True
1.04,0.03,0.97,0.3,0.3,0.0,1.0,5.2,-10.33,True
1.04,0.03,0.97,0.3,0.3,0.25,0.75,5.1,-9.95,True
1.04,0.03,0.97,0.3,0.3,0.5,0.5,5.0,-9.95,True
1.04,0.03,0.97,0.3,0.3,0.75,0.25,4.89,-9.95,True
1.04,0.03,0.97,0.3,0.3,1.0,0.0,4.78,-9.95,True
1.04,0.03,0.97,0.4,0.0,0.0,1.0,3.92,-18.96,True
1.04,0.03,0.97,0.4,0.0,0.25,0.75,3.74,-17.04,True
1.04,0.03,0.97,0.4,0.0,0.5,0.5,3.55,-15.45,True
1.04,0.03,0.97,0.4,0.0,0.75,0.25,3.35,-13.87,True
1.04,0.03,0.97,0.4,0.0,1.0,0.0,3.13,-12.3,True
1.04,0.03,0.97,0.4,0.1,0.0,1.0,4.71,-17.51,True
1.04,0.03,0.97,0.4,0.1,0.25,0.75,4.54,-15.44,True
1.04,0.03,0.97,0.4,0.1,0.5,0.5,4.36,-13.24,True
1.04,0.03,0.97,0.4,0.1,0.75,0.25,4.18,-10.89,True
1.04,0.03,0.97,0.4,0.1,1.0,0.0,3.99,-8.99,True
1.04,0.03,0.97,0.4,0.2,0.0,1.0,5.39,-15.73,True
1.04,0.03,0.97,0.4,0.2,0.25,0.75,5.23,-13.76,True
1.04,0.03,0.97,0.4,0.2,0.5,0.5,5.07,-11.65,True
1.04,0.03,0.97,0.4,0.2,0.75,0.25,4.9,-9.39,True
1.04,0.03,0.97,0.4,0.2,1.0,0.0,4.72,-6.89,True
1.04,0.03,0.97,0.4,0.3,0.0,1.0,5.99,-12.85,True
1.04,0.03,0.97,0.4,0.3,0.25,0.75,5.84,-10.93,True
1.04,0.03,0.97,0.4,0.3,0.5,0.5,5.68,-9.95,True
1.04,0.03,0.97,0.4,0.3,0.75,0.25,5.52,-9.95,True
1.04,0.03,0.97,0.4,0.3,1.0,0.0,5.35,-9.95,True
1.04,0.03,0.99,0.1,0.0,0.0,1.0,1.0,-11.2,True
1.04,0.03,0.99,0.1,0.0,0.25,0.75,0.96,-9.93,True
1.04,0.03,0.99,0.1,0.0,0.5,0.5,0.92,-8.67,True
1.04,0.03,0.99,0.1,0.0,0.75,0.25,0.88,-7.4,True
1.04,0.03,0.99,0.1,0.0,1.0,0.0,0.83,-6.13,True
1.04,0.03,0.99,0.1,0.1,0.0,1.0,2.14,-9.37,True
1.04,0.03,0.99,0.1,0.1,0.25,0.75,2.11,-8.09,True
1.04,0.03,0.99,0.1,0.1,0.5,0.5,2.08,-6.81,True
1.04,0.03,0.99,0.1,0.1,0.75,0.25,2.04,-5.53,True
1.04,0.03,0.99,0.1,0.1,1.0,0.0,2.01,-5.09,True
1.04,0.03,0.99,0.1,0.2,0.0,1.0,3.05,-8.2,True
1.04,0.03,0.99,0.1,0.2,0.25,0.75,3.03,-8.3,True
1.04,0.03,0.99,0.1,0.2,0.5,0.5,3.0,-8.41,True
1.04,0.03,0.99,0.1,0.2,0.75,0.25,2.98,-8.52,True
1.04,0.03,0.99,0.1,0.2,1.0,0.0,2.95,-8.63,True
1.04,0.03,0.99,0.1,0.3,0.0,1.0,3.8,-10.75,True
1.04,0.03,0.99,0.1,0.3,0.25,0.75,3.79,-10.87,True
1.04,0.03,0.99,0.1,0.3,0.5,0.5,3.77,-11.0,True
1.04,0.03,0.99,0.1,0.3,0.75,0.25,3.75,-11.13,True
1.04,0.03,0.99,0.1,0.3,1.0,0.0,3.73,-11.27,True
1.04,0.03,0.99,0.2,0.0,0.0,1.0,1.98,-17.52,True
1.04,0.03,0.99,0.2,0.0,0.25,0.75,1.9,-15.83,True
1.04,0.03,0.99,0.2,0.0,0.5,0.5,1.82,-14.07,True
1.04,0.03,0.99,0.2,0.0,0.75,0.25,1.73,-12.24,True
1.04,0.03,0.99,0.2,0.0,1.0,0.0,1.64,-10.33,True
1.04,0.03,0.99,0.2,0.1,0.0,1.0,3.14,-13.81,True
1.04,0.03,0.99,0.2,0.1,0.25,0.75,3.05,-12.37,True
1.04,0.03,0.99,0.2,0.1,0.5,0.5,2.96,-10.85,True
1.04,0.03,0.99,0.2,0.1,0.75,0.25,2.86,-9.25,True
1.04,0.03,0.99,0.2,0.1,1.0,0.0,2.76,-7.47,True
1.04,0.03,0.99,0.2,0.2,0.0,1.0,4.07,-9.75,True
1.04,0.03,0.99,0.2,0.2,0.25,0.75,3.98,-8.42,True
1.04,0.03,0.99,0.2,0.2,0.5,0.5,3.88,-7.01,True
1.04,0.03,0.99,0.2,0.2,0.75,0.25,3.78,-7.03,True
1.04,0.03,0.99,0.2,0.2,1.0,0.0,3.68,-7.28,True
1.04,0.03,0.99,0.2,0.3,0.0,1.0,4.87,-9.78,True
1.04,0.03,0.99,0.2,0.3,0.25,0.75,4.77,-9.78,True
1.04,0.03,0.99,0.2,0.3,0.5,0.5,4.67,-9.78,True
1.04,0.03,0.99,0.2,0.3,0.75,0.25,4.56,-9.78,True
1.04,0.03,0.99,0.2,0.3,1.0,0.0,4.46,-9.78,True
1.04,0.03,0.99,0.3,0.0,0.0,1.0,3.93,-10.2,True
1.04,0.03,0.99,0.3,0.0,0.25,0.75,3.69,-9.2,True
1.04,0.03,0.99,0.3,0.0,0.5,0.5,3.46,-8.23,True
1.04,0.03,0.99,0.3,0.0,0.75,0.25,3.22,-7.27,True
1.04,0.03,0.99,0.3,0.0,1.0,0.0,2.97,-6.32,True
1.04,0.03,0.99,0.3,0.1,0.0,1.0,4.7,-8.9,True
1.04,0.03,0.99,0.3,0.1,0.25,0.75,4.5,-7.48,True
1.04,0.03,0.99,0.3,0.1,0.5,0.5,4.3,-5.98,True
1.04,0.03,0.99,0.3,0.1,0.75,0.25,4.09,-4.91,True
1.04,0.03,0.99,0.3,0.1,1.0,0.0,3.87,-4.43,True
1.04,0.03,0.99,0.3,0.2,0.0,1.0,5.36,-7.68,True
1.04,0.03,0.99,0.3,0.2,0.25,0.75,5.17,-6.5,True
1.04,0.03,0.99,0.3,0.2,0.5,0.5,4.98,-6.5,True
1.04,0.03,0.99,0.3,0.2,0.75,0.25,4.79,-6.5,True
1.04,0.03,0.99,0.3,0.2,1.0,0.0,4.58,-6.5,True
1.04,0.03,0.99,0.3,0.3,0.0,1.0,5.92,-9.78,True
1.04,0.03,0.99,0.3,0.3,0.25,0.75,5.74,-9.78,True
1.04,0.03,0.99,0.3,0.3,0.5,0.5,5.56,-9.78,True
1.04,0.03,0.99,0.3,0.3,0.75,0.25,5.38,-9.78,True
1.04,0.03,0.99,0.3,0.3,1.0,0.0,5.19,-9.78,True
1.04,0.03,0.99,0.4,0.0,0.0,1.0,5.17,-14.05,True
1.04,0.03,0.99,0.4,0.0,0.25,0.75,4.88,-12.44,True
1.04,0.03,0.99,0.4,0.0,0.5,0.5,4.57,-10.72,True
1.04,0.03,0.99,0.4,0.0,0.75,0.25,4.25,-8.89,True
1.04,0.03,0.99,0.4,0.0,1.0,0.0,3.92,-6.93,True
1.04,0.03,0.99,0.4,0.1,0.0,1.0,5.78,-12.95,True
1.04,0.03,0.99,0.4,0.1,0.25,0.75,5.51,-11.31,True
1.04,0.03,0.99,0.4,0.1,0.5,0.5,5.23,-9.57,True
1.04,0.03,0.99,0.4,0.1,0.75,0.25,4.94,-7.72,True
1.04,0.03,0.99,0.4,0.1,1.0,0.0,4.64,-5.74,True
1.04,0.03,0.99,0.4,0.2,0.0,1.0,6.32,-11.58,True
1.04,0.03,0.99,0.4,0.2,0.25,0.75,6.07,-10.01,True
1.04,0.03,0.99,0.4,0.2,0.5,0.5,5.82,-8.33,True
1.04,0.03,0.99,0.4,0.2,0.75,0.25,5.55,-6.88,True
1.04,0.03,0.99,0.4,0.2,1.0,0.0,5.28,-6.5,True
1.04,0.03,0.99,0.4,0.3,0.0,1.0,6.82,-9.78,True
1.04,0.03,0.99,0.4,0.3,0.25,0.75,6.58,-9.78,True
1.04,0.03,0.99,0.4,0.3,0.5,0.5,6.34,-9.78,True
1.04,0.03,0.99,0.4,0.3,0.75,0.25,6.09,-9.78,True
1.04,0.03,0.99,0.4,0.3,1.0,0.0,5.84,-9.78,True
1.04,0.03,1.0,0.1,0.0,0.0,1.0,0.67,-11.2,True
1.04,0.03,1.0,0.1,0.0,0.25,0.75,0.65,-9.93,True
1.04,0.03,1.0,0.1,0.0,0.5,0.5,0.63,-8.67,True
1.04,0.03,1.0,0.1,0.0,0.75,0.25,0.61,-7.4,True
1.04,0.03,1.0,0.1,0.0,1.0,0.0,0.59,-6.13,True
1.04,0.03,1.0,0.1,0.1,0.0,1.0,1.85,-9.37,True
1.04,0.03,1.0,0.1,0.1,0.25,0.75,1.84,-8.09,True
1.04,0.03,1.0,0.1,0.1,0.5,0.5,1.83,-6.81,True
1.04,0.03,1.0,0.1,0.1,0.75,0.25,1.82,-5.53,True
1.04,0.03,1.0,0.1,0.1,1.0,0.0,1.8,-5.38,True
1.04,0.03,1.0,0.1,0.2,0.0,1.0,2.79,-8.82,True
1.04,0.03,1.0,0.1,0.2,0.25,0.75,2.78,-8.88,True
1.04,0.03,1.0,0.1,0.2,0.5,0.5,2.78,-8.95,True
1.04,0.03,1.0,0.1,0.2,0.75,0.25,2.77,-9.02,True
1.04,0.03,1.0,0.1,0.2,1.0,0.0,2.76,-9.09,True
1.04,0.03,1.0,0.1,0.3,0.0,1.0,3.59,-11.47,True
1.04,0.03,1.0,0.1,0.3,0.25,0.75,3.59,-11.55,True
1.04,0.03,1.0,0.1,0.3,0.5,0.5,3.58,-11.63,True
1.04,0.03,1.0,0.1,0.3,0.75,0.25,3.57,-11.72,True
1.04,0.03,1.0,0.1,0.3,1.0,0.0,3.57,-11.81,True
1.04,0.03,1.0,0.2,0.0,0.0,1.0,1.4,-17.52,True
1.04,0.03,1.0,0.2,0.0,0.25,0.75,1.35,-15.83,True
1.04,0.03,1.0,0.2,0.0,0.5,0.5,1.3,-14.07,True
1.04,0.03,1.0,0.2,0.0,0.75,0.25,1.25,-12.24,True
1.04,0.03,1.0,0.2,0.0,1.0,0.0,1.2,-10.33,True
1.04,0.03,1.0,0.2,0.1,0.0,1.0,2.66,-13.81,True
1.04,0.03,1.0,0.2,0.1,0.25,0.75,2.6,-12.37,True
1.04,0.03,1.0,0.2,0.1,0.5,0.5,2.54,-10.85,True
1.04,0.03,1.0,0.2,0.1,0.75,0.25,2.47,-9.25,True
1.04,0.03,1.0,0.2,0.1,1.0,0.0,2.41,-7.47,True
1.04,0.03,1.0,0.2,0.2,0.0,1.0,3.66,-9.75,True
1.04,0.03,1.0,0.2,0.2,0.25,0.75,3.6,-8.42,True
1.04,0.03,1.0,0.2,0.2,0.5,0.5,3.52,-7.47,True
1.04,0.03,1.0,0.2,0.2,0.75,0.25,3.45,-7.67,True
1.04,0.03,1.0,0.2,0.2,1.0,0.0,3.38,-7.88,True
1.04,0.03,1.0,0.2,0.3,0.0,1.0,4.5,-9.78,True
1.04,0.03,1.0,0.2,0.3,0.25,0.75,4.42,-9.78,True
1.04,0.03,1.0,0.2,0.3,0.5,0.5,4.35,-9.78,True
1.04,0.03,1.0,0.2,0.3,0.75,0.25,4.27,-9.86,True
1.04,0.03,1.0,0.2,0.3,1.0,0.0,4.19,-10.13,True
1.04,0.03,1.0,0.3,0.0,0.0,1.0,3.18,-10.2,True
1.04,0.03,1.0,0.3,0.0,0.25,0.75,3.0,-9.03,True
1.04,0.03,1.0,0.3,0.0,0.5,0.5,2.81,-7.76,True
1.04,0.03,1.0,0.3,0.0,0.75,0.25,2.62,-6.55,True
1.04,0.03,1.0,0.3,0.0,1.0,0.0,2.42,-5.7,True
1.04,0.03,1.0,0.3,0.1,0.0,1.0,4.05,-8.9,True
1.04,0.03,1.0,0.3,0.1,0.25,0.75,3.9,-7.48,True
1.04,0.03,1.0,0.3,0.1,0.5,0.5,3.74,-5.98,True
1.04,0.03,1.0,0.3,0.1,0.75,0.25,3.57,-4.4,True
1.04,0.03,1.0,0.3,0.1,1.0,0.0,3.4,-3.73,True
1.04,0.03,1.0,0.3,0.2,0.0,1.0,4.77,-7.68,True
1.04,0.03,1.0,0.3,0.2,0.25,0.75,4.63,-6.5,True
1.04,0.03,1.0,0.3,0.2,0.5,0.5,4.48,-6.5,True
1.04,0.03,1.0,0.3,0.2,0.75,0.25,4.33,-6.5,True
1.04,0.03,1.0,0.3,0.2,1.0,0.0,4.17,-6.5,True
1.04,0.03,1.0,0.3,0.3,0.0,1.0,5.38,-9.78,True
1.04,0.03,1.0,0.3,0.3,0.25,0.75,5.25,-9.78,True
1.04,0.03,1.0,0.3,0.3,0.5,0.5,5.11,-9.78,True
1.04,0.03,1.0,0.3,0.3,0.75,0.25,4.97,-9.78,True
1.04,0.03,1.0,0.3,0.3,1.0,0.0,4.82,-9.78,True
1.04,0.03,1.0,0.4,0.0,0.0,1.0,4.29,-14.05,True
1.04,0.03,1.0,0.4,0.0,0.25,0.75,4.05,-12.44,True
1.04,0.03,1.0,0.4,0.0,0.5,0.5,3.8,-10.72,True
1.04,0.03,1.0,0.4,0.0,0.75,0.25,3.54,-8.89,True
1.04,0.03,1.0,0.4,0.0,1.0,0.0,3.27,-6.93,True
1.04,0.03,1.0,0.4,0.1,0.0,1.0,4.98,-12.95,True
1.04,0.03,1.0,0.4,0.1,0.25,0.75,4.77,-11.31,True
1.04,0.03,1.0,0.4,0.1,0.5,0.5,4.54,-9.57,True
1.04,0.03,1.0,0.4,0.1,0.75,0.25,4.31,-7.72,True
1.04,0.03,1.0,0.4,0.1,1.0,0.0,4.07,-5.74,True
1.04,0.03,1.0,0.4,0.2,0.0,1.0,5.6,-11.58,True
1.04,0.03,1.0,0.4,0.2,0.25,0.75,5.4,-10.01,True
1.04,0.03,1.0,0.4,0.2,0.5,0.5,5.2,-8.33,True
1.04,0.03,1.0,0.4,0.2,0.75,0.25,4.99,-6.5,True
1.04,0.03,1.0,0.4,0.2,1.0,0.0,4.77,-6.5,True
1.04,0.03,1.0,0.4,0.3,0.0,1.0,6.15,-9.78,True
1.04,0.03,1.0,0.4,0.3,0.25,0.75,5.97,-9.78,True
1.04,0.03,1.0,0.4,0.3,0.5,0.5,5.78,-9.78,True
1.04,0.03,1.0,0.4,0.3,0.75,0.25,5.58,-9.78,True
1.04,0.03,1.0,0.4,0.3,1.0,0.0,5.38,-9.78,True
1.04,0.03,1.01,0.1,0.0,0.0,1.0,0.69,-5.2,True
1.04,0.03,1.01,0.1,0.0,0.25,0.75,0.67,-4.57,True
1.04,0.03,1.01,0.1,0.0,0.5,0.5,0.64,-3.95,True
1.04,0.03,1.01,0.1,0.0,0.75,0.25,0.61,-3.33,True
1.04,0.03,1.01,0.1,0.0,1.0,0.0,0.58,-2.71,True
1.04,0.03,1.01,0.1,0.1,0.0,1.0,1.89,-5.19,True
1.04,0.03,1.01,0.1,0.1,0.25,0.75,1.88,-5.24,True
1.04,0.03,1.01,0.1,0.1,0.5,0.5,1.86,-5.29,True
1.04,0.03,1.01,0.1,0.1,0.75,0.25,1.84,-5.34,True
1.04,0.03,1.01,0.1,0.1,1.0,0.0,1.82,-5.4,True
1.04,0.03,1.01,0.1,0.2,0.0,1.0,2.85,-8.77,True
1.04,0.03,1.01,0.1,0.2,0.25,0.75,2.83,-8.85,True
1.04,0.03,1.01,0.1,0.2,0.5,0.5,2.82,-8.93,True
1.04,0.03,1.01,0.1,0.2,0.75,0.25,2.8,-9.01,True
1.04,0.03,1.01,0.1,0.2,1.0,0.0,2.79,-9.1,True
1.04,0.03,1.01,0.1,0.3,0.0,1.0,3.64,-11.41,True
1.04,0.03,1.01,0.1,0.3,0.25,0.75,3.63,-11.5,True
1.04,0.03,1.01,0.1,0.3,0.5,0.5,3.62,-11.6,True
1.04,0.03,1.01,0.1,0.3,0.75,0.25,3.61,-11.7,True
1.04,0.03,1.01,0.1,0.3,1.0,0.0,3.59,-11.81,True
1.04,0.03,1.01,0.2,0.0,0.0,1.0,1.21,-11.22,True
1.04,0.03,1.01,0.2,0.0,0.25,0.75,1.19,-9.83,True
1.04,0.03,1.01,0.2,0.0,0.5,0.5,1.16,-8.47,True
1.04,0.03,1.01,0.2,0.0,0.75,0.25,1.13,-7.12,True
1.04,0.03,1.01,0.2,0.0,1.0,0.0,1.09,-5.8,True
1.04,0.03,1.01,0.2,0.1,0.0,1.0,2.45,-9.34,True
1.04,0.03,1.01,0.2,0.1,0.25,0.75,2.41,-7.94,True
1.04,0.03,1.01,0.2,0.1,0.5,0.5,2.38,-6.57,True
1.04,0.03,1.01,0.2,0.1,0.75,0.25,2.34,-5.21,True
1.04,0.03,1.01,0.2,0.1,1.0,0.0,2.29,-4.89,True
1.04,0.03,1.01,0.2,0.2,0.0,1.0,3.47,-7.55,True
1.04,0.03,1.01,0.2,0.2,0.25,0.75,3.42,-7.7,True
1.04,0.03,1.01,0.2,0.2,0.5,0.5,3.37,-7.87,True
1.04,0.03,1.01,0.2,0.2,0.75,0.25,3.31,-8.04,True
1.04,0.03,1.01,0.2,0.2,1.0,0.0,3.25,-8.22,True
1.04,0.03,1.01,0.2,0.3,0.0,1.0,4.32,-9.78,True
1.04,0.03,1.01,0.2,0.3,0.25,0.75,4.26,-9.84,True
1.04,0.03,1.01,0.2,0.3,0.5,0.5,4.2,-10.07,True
1.04,0.03,1.01,0.2,0.3,0.75,0.25,4.14,-10.3,True
1.04,0.03,1.01,0.2,0.3,1.0,0.0,4.07,-10.54,True
1.04,0.03,1.01,0.3,0.0,0.0,1.0,2.36,-9.94,True
1.04,0.03,1.01,0.3,0.0,0.25,0.75,2.23,-8.85,True
1.04,0.03,1.01,0.3,0.0,0.5,0.5,2.11,-7.74,True
1.04,0.03,1.01,0.3,0.0,0.75,0.25,1.98,-6.61,True
1.04,0.03,1.01,0.3,0.0,1.0,0.0,1.85,-5.41,True
1.04,0.03,1.01,0.3,0.1,0.0,1.0,3.51,-5.69,True
1.04,0.03,1.01,0.3,0.1,0.25,0.75,3.39,-4.78,True
1.04,0.03,1.01,0.3,0.1,0.5,0.5,3.26,-3.84,True
1.04,0.03,1.01,0.3,0.1,0.75,0.25,3.13,-3.99,True
1.04,0.03,1.01,0.3,0.1,1.0,0.0,3.0,-4.15,True
1.04,0.03,1.01,0.3,0.2,0.0,1.0,4.42,-6.5,True
1.04,0.03,1.01,0.3,0.2,0.25,0.75,4.3,-6.5,True
1.04,0.03,1.01,0.3,0.2,0.5,0.5,4.17,-6.5,True
1.04,0.03,1.01,0.3,0.2,0.75,0.25,4.04,-6.72,True
1.04,0.03,1.01,0.3,0.2,1.0,0.0,3.91,-7.0,True
1.04,0.03,1.01,0.3,0.3,0.0,1.0,5.17,-9.78,True
1.04,0.03,1.01,0.3,0.3,0.25,0.75,5.05,-9.78,True
1.04,0.03,1.01,0.3,0.3,0.5,0.5,4.92,-9.78,True
1.04,0.03,1.01,0.3,0.3,0.75,0.25,4.8,-9.78,True
1.04,0.03,1.01,0.3,0.3,1.0,0.0,4.67,-9.78,True
1.04,0.03,1.01,0.4,0.0,0.0,1.0,3.65,-7.13,True
1.04,0.03,1.01,0.4,0.0,0.25,0.75,3.45,-6.4,True
1.04,0.03,1.01,0.4,0.0,0.5,0.5,3.24,-5.67,True
1.04,0.03,1.01,0.4,0.0,0.75,0.25,3.02,-4.94,True
1.04,0.03,1.01,0.4,0.0,1.0,0.0,2.79,-4.22,True
1.04,0.03,1.01,0.4,0.1,0.0,1.0,4.58,-5.17,True
1.04,0.03,1.01,0.4,0.1,0.25,0.75,4.39,-4.53,True
1.04,0.03,1.01,0.4,0.1,0.5,0.5,4.19,-3.86,True
1.04,0.03,1.01,0.4,0.1,0.75,0.25,3.98,-3.26,True
1.04,0.03,1.01,0.4,0.1,1.0,0.0,3.77,-3.47,True
1.04,0.03,1.01,0.4,0.2,0.0,1.0,5.37,-6.5,True
1.04,0.03,1.01,0.4,0.2,0.25,0.75,5.19,-6.5,True
1.04,0.03,1.01,0.4,0.2,0.5,0.5,5.0,-6.5,True
1.04,0.03,1.01,0.4,0.2,0.75,0.25,4.8,-6.5,True
1.04,0.03,1.01,0.4,0.2,1.0,0.0,4.6,-6.5,True
1.04,0.03,1.01,0.4,0.3,0.0,1.0,5.99,-9.78,True
1.04,0.03,1.01,0.4,0.3,0.25,0.75,5.82,-9.78,True
1.04,0.03,1.01,0.4,0.3,0.5,0.5,5.64,-9.78,True
1.04,0.03,1.01,0.4,0.3,0.75,0.25,5.45,-9.78,True
1.04,0.03,1.01,0.4,0.3,1.0,0.0,5.26,-9.78,True
1.04,0.03,1.02,0.1,0.0,0.0,1.0,0.51,-5.2,True
1.04,0.03,1.02,0.1,0.0,0.25,0.75,0.49,-4.57,True
1.04,0.03,1.02,0.1,0.0,0.5,0.5,0.48,-3.95,True
1.04,0.03,1.02,0.1,0.0,0.75,0.25,0.46,-3.33,True
1.04,0.03,1.02,0.1,0.0,1.0,0.0,0.43,-2.71,True
1.04,0.03,1.02,0.1,0.1,0.0,1.0,1.77,-5.45,True
1.04,0.03,1.02,0.1,0.1,0.25,0.75,1.76,-5.49,True
1.04,0.03,1.02,0.1,0.1,0.5,0.5,1.75,-5.53,True
1.04,0.03,1.02,0.1,0.1,0.75,0.25,1.73,-5.57,True
1.04,0.03,1.02,0.1,0.1,1.0,0.0,1.71,-5.61,True
1.04,0.03,1.02,0.1,0.2,0.0,1.0,2.76,-9.15,True
1.04,0.03,1.02,0.1,0.2,0.25,0.75,2.75,-9.2,True
1.04,0.03,1.02,0.1,0.2,0.5,0.5,2.74,-9.27,True
1.04,0.03,1.02,0.1,0.2,0.75,0.25,2.72,-9.33,True
1.04,0.03,1.02,0.1,0.2,1.0,0.0,2.71,-9.4,True
1.04,0.03,1.02,0.1,0.3,0.0,1.0,3.57,-11.85,True
1.04,0.03,1.02,0.1,0.3,0.25,0.75,3.56,-11.92,True
1.04,0.03,1.02,0.1,0.3,0.5,0.5,3.55,-12.0,True
1.04,0.03,1.02,0.1,0.3,0.75,0.25,3.54,-12.08,True
1.04,0.03,1.02,0.1,0.3,1.0,0.0,3.53,-12.16,True
1.04,0.03,1.02,0.2,0.0,0.0,1.0,0.83,-11.22,True
1.04,0.03,1.02,0.2,0.0,0.25,0.75,0.83,-9.83,True
1.04,0.03,1.02,0.2,0.0,0.5,0.5,0.82,-8.47,True
1.04,0.03,1.02,0.2,0.0,0.75,0.25,0.81,-7.12,True
1.04,0.03,1.02,0.2,0.0,1.0,0.0,0.78,-5.8,True
1.04,0.03,1.02,0.2,0.1,0.0,1.0,2.14,-9.29,True
1.04,0.03,1.02,0.2,0.1,0.25,0.75,2.13,-7.89,True
1.04,0.03,1.02,0.2,0.1,0.5,0.5,2.1,-6.52,True
1.04,0.03,1.02,0.2,0.1,0.75,0.25,2.08,-5.21,True
1.04,0.03,1.02,0.2,0.1,1.0,0.0,2.05,-5.27,True
1.04,0.03,1.02,0.2,0.2,0.0,1.0,3.23,-8.22,True
1.04,0.03,1.02,0.2,0.2,0.25,0.75,3.19,-8.35,True
1.04,0.03,1.02,0.2,0.2,0.5,0.5,3.15,-8.48,True
1.04,0.03,1.02,0.2,0.2,0.75,0.25,3.1,-8.62,True
1.04,0.03,1.02,0.2,0.2,1.0,0.0,3.05,-8.76,True
1.04,0.03,1.02,0.2,0.3,0.0,1.0,4.1,-10.41,True
1.04,0.03,1.02,0.2,0.3,0.25,0.75,4.05,-10.59,True
1.04,0.03,1.02,0.2,0.3,0.5,0.5,4.0,-10.78,True
1.04,0.03,1.02,0.2,0.3,0.75,0.25,3.95,-10.97,True
1.04,0.03,1.02,0.2,0.3,1.0,0.0,3.89,-11.17,True
1.04,0.03,1.02,0.3,0.0,0.0,1.0,1.71,-9.94,True
1.04,0.03,1.02,0.3,0.0,0.25,0.75,1.62,-8.85,True
1.04,0.03,1.02,0.3,0.0,0.5,0.5,1.54,-7.74,True
1.04,0.03,1.02,0.3,0.0,0.75,0.25,1.44,-6.61,True
1.04,0.03,1.02,0.3,0.0,1.0,0.0,1.35,-5.41,True
1.04,0.03,1.02,0.3,0.1,0.0,1.0,2.99,-5.53,True
1.04,0.03,1.02,0.3,0.1,0.25,0.75,2.89,-4.75,True
1.04,0.03,1.02,0.3,0.1,0.5,0.5,2.8,-4.4,True
1.04,0.03,1.02,0.3,0.1,0.75,0.25,2.7,-4.51,True
1.04,0.03,1.02,0.3,0.1,1.0,0.0,2.59,-4.65,True
1.04,0.03,1.02,0.3,0.2,0.0,1.0,3.95,-6.85,True
1.04,0.03,1.02,0.3,0.2,0.25,0.75,3.86,-7.07,True
1.04,0.03,1.02,0.3,0.2,0.5,0.5,3.76,-7.29,True
1.04,0.03,1.02,0.3,0.2,0.75,0.25,3.66,-7.52,True
1.04,0.03,1.02,0.3,0.2,1.0,0.0,3.55,-7.76,True
1.04,0.03,1.02,0.3,0.3,0.0,1.0,4.74,-10.11,True
1.04,0.03,1.02,0.3,0.3,0.25,0.75,4.66,-10.11,True
1.04,0.03,1.02,0.3,0.3,0.5,0.5,4.56,-10.11,True
1.04,0.03,1.02,0.3,0.3,0.75,0.25,4.47,-10.11,True
1.04,0.03,1.02,0.3,0.3,1.0,0.0,4.36,-10.08,True
1.04,0.03,1.02,0.4,0.0,0.0,1.0,2.73,-6.56,True
1.04,0.03,1.02,0.4,0.0,0.25,0.75,2.59,-5.88,True
1.04,0.03,1.02,0.4,0.0,0.5,0.5,2.43,-5.17,True
1.04,0.03,1.02,0.4,0.0,0.75,0.25,2.27,-4.56,True
1.04,0.03,1.02,0.4,0.0,1.0,0.0,2.1,-4.05,True
1.04,0.03,1.02,0.4,0.1,0.0,1.0,3.78,-6.52,True
1.04,0.03,1.02,0.4,0.1,0.25,0.75,3.64,-6.06,True
1.04,0.03,1.02,0.4,0.1,0.5,0.5,3.5,-5.6,True
1.04,0.03,1.02,0.4,0.1,0.75,0.25,3.35,-5.13,True
1.04,0.03,1.02,0.4,0.1,1.0,0.0,3.18,-4.67,True
1.04,0.03,1.02,0.4,0.2,0.0,1.0,4.67,-7.11,True
1.04,0.03,1.02,0.4,0.2,0.25,0.75,4.54,-6.75,True
1.04,0.03,1.02,0.4,0.2,0.5,0.5,4.4,-6.75,True
1.04,0.03,1.02,0.4,0.2,0.75,0.25,4.25,-6.75,True
1.04,0.03,1.02,0.4,0.2,1.0,0.0,4.09,-6.87,True
1.04,0.03,1.02,0.4,0.3,0.0,1.0,5.34,-10.11,True
1.04,0.03,1.02,0.4,0.3,0.25,0.75,5.21,-10.11,True
1.04,0.03,1.02,0.4,0.3,0.5,0.5,5.08,-10.11,True
1.04,0.03,1.02,0.4,0.3,0.75,0.25,4.94,-10.11,True
1.04,0.03,1.02,0.4,0.3,1.0,0.0,4.79,-10.11,True
1.05,0.005,0.95,0.1,0.0,0.0,1.0,6.71,-31.32,True
1.05,0.005,0.95,0.1,0.0,0.25,0.75,6.82,-29.12,True
1.05,0.005,0.95,0.1,0.0,0.5,0.5,6.9,-26.89,True
1.05,0.005,0.95,0.1,0.0,0.75,0.25,6.93,-24.62,True
1.05,0.005,0.95,0.1,0.0,1.0,0.0,6.92,-22.32,True
1.05,0.005,0.95,0.1,0.1,0.0,1.0,6.83,-30.23,True
1.05,0.005,0.95,0.1,0.1,0.25,0.75,6.94,-27.98,True
1.05,0.005,0.95,0.1,0.1,0.5,0.5,7.02,-25.68,True
1.05,0.005,0.95,0.1,0.1,0.75,0.25,7.05,-23.34,True
1.05,0.005,0.95,0.1,0.1,1.0,0.0,7.06,-20.95,True
1.05,0.005,0.95,0.1,0.2,0.0,1.0,6.9,-29.08,True
1.05,0.005,0.95,0.1,0.2,0.25,0.75,7.01,-26.78,True
1.05,0.005,0.95,0.1,0.2,0.5,0.5,7.09,-24.43,True
1.05,0.005,0.95,0.1,0.2,0.75,0.25,7.14,-22.02,True
1.05,0.005,0.95,0.1,0.2,1.0,0.0,7.15,-19.56,True
1.05,0.005,0.95,0.1,0.3,0.0,1.0,6.92,-27.83,True
1.05,0.005,0.95,0.1,0.3,0.25,0.75,7.04,-25.5,True
1.05,0.005,0.95,0.1,0.3,0.5,0.5,7.14,-23.1,True
1.05,0.005,0.95,0.1,0.3,0.75,0.25,7.21,-20.65,True
1.05,0.005,0.95,0.1,0.3,1.0,0.0,7.26,-18.13,True
1.05,0.005,0.95,0.2,0.0,0.0,1.0,5.31,-52.84,False
1.05,0.005,0.95,0.2,0.0,0.25,0.75,5.59,-49.48,False
1.05,0.005,0.95,0.2,0.0,0.5,0.5,5.83,-46.0,False
1.05,0.005,0.95,0.2,0.0,0.75,0.25,6.01,-42.41,False
1.05,0.005,0.95,0.2,0.0,1.0,0.0,6.14,-38.71,True
1.05,0.005,0.95,0.2,0.1,0.0,1.0,5.88,-47.85,False
1.05,0.005,0.95,0.2,0.1,0.25,0.75,6.12,-44.55,False
1.05,0.005,0.95,0.2,0.1,0.5,0.5,6.32,-41.13,False
1.05,0.005,0.95,0.2,0.1,0.75,0.25,6.47,-37.58,True
1.05,0.005,0.95,0.2,0.1,1.0,0.0,6.58,-33.92,True
1.05,0.005,0.95,0.2,0.2,0.0,1.0,6.46,-42.4,False
1.05,0.005,0.95,0.2,0.2,0.25,0.75,6.64,-39.22,True
1.05,0.005,0.95,0.2,0.2,0.5,0.5,6.8,-35.9,True
1.05,0.005,0.95,0.2,0.2,0.75,0.25,6.92,-32.46,True
1.05,0.005,0.95,0.2,0.2,1.0,0.0,7.0,-28.91,True
1.05,0.005,0.95,0.2,0.3,0.0,1.0,6.97,-36.82,True
1.05,0.005,0.95,0.2,0.3,0.25,0.75,7.11,-33.78,True
1.05,0.005,0.95,0.2,0.3,0.5,0.5,7.23,-30.61,True
1.05,0.005,0.95,0.2,0.3,0.75,0.25,7.32,-27.33,True
1.05,0.005,0.95,0.2,0.3,1.0,0.0,7.39,-23.94,True
1.05,0.005,0.95,0.3,0.0,0.0,1.0,5.87,-53.33,False
1.05,0.005,0.95,0.3,0.0,0.25,0.75,6.12,-49.9,False
1.05,0.005,0.95,0.3,0.0,0.5,0.5,6.33,-46.37,False
1.05,0.005,0.95,0.3,0.0,0.75,0.25,6.48,-42.73,False
1.05,0.005,0.95,0.3,0.0,1.0,0.0,6.57,-38.97,True
1.05,0.005,0.95,0.3,0.1,0.0,1.0,6.44,-48.41,False
1.05,0.005,0.95,0.3,0.1,0.25,0.75,6.65,-45.06,False
1.05,0.005,0.95,0.3,0.1,0.5,0.5,6.81,-41.59,False
1.05,0.005,0.95,0.3,0.1,0.75,0.25,6.92,-38.0,True
1.05,0.005,0.95,0.3,0.1,1.0,0.0,6.99,-34.3,True
1.05,0.005,0.95,0.3,0.2,0.0,1.0,6.86,-43.25,False
1.05,0.005,0.95,0.3,0.2,0.25,0.75,7.03,-39.98,True
1.05,0.005,0.95,0.3,0.2,0.5,0.5,7.16,-36.59,True
1.05,0.005,0.95,0.3,0.2,0.75,0.25,7.25,-33.08,True
1.05,0.005,0.95,0.3,0.2,1.0,0.0,7.3,-29.46,True
1.05,0.005,0.95,0.3,0.3,0.0,1.0,7.21,-37.79,True
1.05,0.005,0.95,0.3,0.3,0.25,0.75,7.36,-34.62,True
1.05,0.005,0.95,0.3,0.3,0.5,0.5,7.47,-31.34,True
1.05,0.005,0.95,0.3,0.3,0.75,0.25,7.54,-27.96,True
1.05,0.005,0.95,0.3,0.3,1.0,0.0,7.59,-24.48,True
1.05,0.005,0.95,0.4,0.0,0.0,1.0,6.22,-53.33,False
1.05,0.005,0.95,0.4,0.0,0.25,0.75,6.45,-49.89,False
1.05,0.005,0.95,0.4,0.0,0.5,0.5,6.63,-46.34,False
1.05,0.005,0.95,0.4,0.0,0.75,0.25,6.75,-42.69,False
1.05,0.005,0.95,0.4,0.0,1.0,0.0,6.82,-38.93,True
1.05,0.005,0.95,0.4,0.1,0.0,1.0,6.66,-48.48,False
1.05,0.005,0.95,0.4,0.1,0.25,0.75,6.85,-45.1,False
1.05,0.005,0.95,0.4,0.1,0.5,0.5,6.99,-41.61,False
1.05,0.005,0.95,0.4,0.1,0.75,0.25,7.09,-38.0,True
1.05,0.005,0.95,0.4,0.1,1.0,0.0,7.15,-34.28,True
1.05,0.005,0.95,0.4,0.2,0.0,1.0,6.99,-43.67,False
1.05,0.005,0.95,0.4,0.2,0.25,0.75,7.15,-40.35,False
1.05,0.005,0.95,0.4,0.2,0.5,0.5,7.28,-36.91,True
1.05,0.005,0.95,0.4,0.2,0.75,0.25,7.37,-33.36,True
1.05,0.005,0.95,0.4,0.2,1.0,0.0,7.42,-29.71,True
1.05,0.005,0.95,0.4,0.3,0.0,1.0,7.29,-38.63,True
1.05,0.005,0.95,0.4,0.3,0.25,0.75,7.43,-35.4,True
1.05,0.005,0.95,0.4,0.3,0.5,0.5,7.54,-32.04,True
1.05,0.005,0.95,0.4,0.3,0.75,0.25,7.62,-28.58,True
1.05,0.005,0.95,0.4,0.3,1.0,0.0,7.66,-25.02,True
1.05,0.005,0.97,0.1,0.0,0.0,1.0,4.75,-30.7,True
1.05,0.005,0.97,0.1,0.0,0.25,0.75,4.93,-27.76,True
1.05,0.005,0.97,0.1,0.0,0.5,0.5,5.07,-24.77,True
1.05,0.005,0.97,0.1,0.0,0.75,0.25,5.16,-21.74,True
1.05,0.005,0.97,0.1,0.0,1.0,0.0,5.21,-19.02,True
1.05,0.005,0.97,0.1,0.1,0.0,1.0,5.28,-27.32,True
1.05,0.005,0.97,0.1,0.1,0.25,0.75,5.44,-24.64,True
1.05,0.005,0.97,0.1,0.1,0.5,0.5,5.56,-21.93,True
1.05,0.005,0.97,0.1,0.1,0.75,0.25,5.64,-19.17,True
1.05,0.005,0.97,0.1,0.1,1.0,0.0,5.69,-16.95,True
1.05,0.005,0.97,0.1,0.2,0.0,1.0,5.61,-24.15,True
1.05,0.005,0.97,0.1,0.2,0.25,0.75,5.77,-21.74,True
1.05,0.005,0.97,0.1,0.2,0.5,0.5,5.89,-19.36,True
1.05,0.005,0.97,0.1,0.2,0.75,0.25,5.98,-17.24,True
1.05,0.005,0.97,0.1,0.2,1.0,0.0,6.04,-15.06,True
1.05,0.005,0.97,0.1,0.3,0.0,1.0,6.08,-21.22,True
1.05,0.005,0.97,0.1,0.3,0.25,0.75,6.22,-19.3,True
1.05,0.005,0.97,0.1,0.3,0.5,0.5,6.34,-17.25,True
1.05,0.005,0.97,0.1,0.3,0.75,0.25,6.42,-15.55,True
1.05,0.005,0.97,0.1,0.3,1.0,0.0,6.48,-15.1,True
1.05,0.005,0.97,0.2,0.0,0.0,1.0,4.08,-46.44,False
1.05,0.005,0.97,0.2,0.0,0.25,0.75,4.37,-43.34,False
1.05,0.005,0.97,0.2,0.0,0.5,0.5,4.61,-40.16,False
1.05,0.005,0.97,0.2,0.0,0.75,0.25,4.8,-36.88,True
1.05,0.005,0.97,0.2,0.0,1.0,0.0,4.93,-33.53,True
1.05,0.005,0.97,0.2,0.1,0.0,1.0,5.01,-39.52,True
1.05,0.005,0.97,0.2,0.1,0.25,0.75,5.23,-36.65,True
1.05,0.005,0.97,0.2,0.1,0.5,0.5,5.41,-33.67,True
1.05,0.005,0.97,0.2,0.1,0.75,0.25,5.55,-30.59,True
1.05,0.005,0.97,0.2,0.1,1.0,0.0,5.65,-27.4,True
1.05,0.005,0.97,0.2,0.2,0.0,1.0,5.87,-32.95,True
1.05,0.005,0.97,0.2,0.2,0.25,0.75,6.02,-30.3,True
1.05,0.005,0.97,0.2,0.2,0.5,0.5,6.15,-27.54,True
1.05,0.005,0.97,0.2,0.2,0.75,0.25,6.25,-24.67,True
1.05,0.005,0.97,0.2,0.2,1.0,0.0,6.31,-21.69,True
1.05,0.005,0.97,0.2,0.3,0.0,1.0,6.54,-27.01,True
1.05,0.005,0.97,0.2,0.3,0.25,0.75,6.66,-24.57,True
1.05,0.005,0.97,0.2,0.3,0.5,0.5,6.75,-22.0,True
1.05,0.005,0.97,0.2,0.3,0.75,0.25,6.82,-19.32,True
1.05,0.005,0.97,0.2,0.3,1.0,0.0,6.85,-16.58,True
1.05,0.005,0.97,0.3,0.0,0.0,1.0,4.78,-46.94,False
1.05,0.005,0.97,0.3,0.0,0.25,0.75,5.03,-43.78,False
1.05,0.005,0.97,0.3,0.0,0.5,0.5,5.23,-40.53,False
1.05,0.005,0.97,0.3,0.0,0.75,0.25,5.37,-37.2,True
1.05,0.005,0.97,0.3,0.0,1.0,0.0,5.46,-33.79,True
1.05,0.005,0.97,0.3,0.1,0.0,1.0,5.64,-40.4,False
1.05,0.005,0.97,0.3,0.1,0.25,0.75,5.82,-37.45,True
1.05,0.005,0.97,0.3,0.1,0.5,0.5,5.96,-34.39,True
1.05,0.005,0.97,0.3,0.1,0.75,0.25,6.06,-31.22,True
1.05,0.005,0.97,0.3,0.1,1.0,0.0,6.11,-28.02,True
1.05,0.005,0.97,0.3,0.2,0.0,1.0,6.27,-34.05,True
1.05,0.005,0.97,0.3,0.2,0.25,0.75,6.41,-31.29,True
1.05,0.005,0.97,0.3,0.2,0.5,0.5,6.51,-28.41,True
1.05,0.005,0.97,0.3,0.2,0.75,0.25,6.58,-25.43,True
1.05,0.005,0.97,0.3,0.2,1.0,0.0,6.61,-22.44,True
1.05,0.005,0.97,0.3,0.3,0.0,1.0,6.76,-28.34,True
1.05,0.005,0.97,0.3,0.3,0.25,0.75,6.87,-25.73,True
1.05,0.005,0.97,0.3,0.3,0.5,0.5,6.96,-23.0,True
1.05,0.005,0.97,0.3,0.3,0.75,0.25,7.01,-20.18,True
1.05,0.005,0.97,0.3,0.3,1.0,0.0,7.04,-17.34,True
1.05,0.005,0.97,0.4,0.0,0.0,1.0,5.2,-46.95,False
1.05,0.005,0.97,0.4,0.0,0.25,0.75,5.42,-43.76,False
1.05,0.005,0.97,0.4,0.0,0.5,0.5,5.59,-40.5,False
1.05,0.005,0.97,0.4,0.0,0.75,0.25,5.7,-37.16,True
1.05,0.005,0.97,0.4,0.0,1.0,0.0,5.76,-33.75,True
1.05,0.005,0.97,0.4,0.1,0.0,1.0,5.9,-40.52,False
1.05,0.005,0.97,0.4,0.1,0.25,0.75,6.07,-37.53,True
1.05,0.005,0.97,0.4,0.1,0.5,0.5,6.2,-34.44,True
1.05,0.005,0.97,0.4,0.1,0.75,0.25,6.28,-31.25,True
1.05,0.005,0.97,0.4,0.1,1.0,0.0,6.31,-28.01,True
1.05,0.005,0.97,0.4,0.2,0.0,1.0,6.41,-34.87,True
1.05,0.005,0.97,0.4,0.2,0.25,0.75,6.55,-32.01,True
1.05,0.005,0.97,0.4,0.2,0.5,0.5,6.65,-29.05,True
1.05,0.005,0.97,0.4,0.2,0.75,0.25,6.72,-25.98,True
1.05,0.005,0.97,0.4,0.2,1.0,0.0,6.75,-22.85,True
1.05,0.005,0.97,0.4,0.3,0.0,1.0,6.88,-29.27,True
1.05,0.005,0.97,0.4,0.3,0.25,0.75,6.99,-26.55,True
1.05,0.005,0.97,0.4,0.3,0.5,0.5,7.07,-23.74,True
1.05,0.005,0.97,0.4,0.3,0.75,0.25,7.12,-20.83,True
1.05,0.005,0.97,0.4,0.3,1.0,0.0,7.14,-17.84,True
1.05,0.005,0.99,0.1,0.0,0.0,1.0,4.87,-41.94,True
1.05,0.005,0.99,0.1,0.0,0.25,0.75,4.98,-38.79,True
1.05,0.005,0.99,0.1,0.0,0.5,0.5,5.05,-35.54,True
1.05,0.005,0.99,0.1,0.0,0.75,0.25,5.07,-32.2,True
1.05,0.005,0.99,0.1,0.0,1.0,0.0,5.05,-28.76,True
1.05,0.005,0.99,0.1,0.1,0.0,1.0,5.26,-37.4,True
1.05,0.005,0.99,0.1,0.1,0.25,0.75,5.39,-34.53,True
1.05,0.005,0.99,0.1,0.1,0.5,0.5,5.48,-31.58,True
1.05,0.005,0.99,0.1,0.1,0.75,0.25,5.52,-28.53,True
1.05,0.005,0.99,0.1,0.1,1.0,0.0,5.53,-25.4,True
1.05,0.005,0.99,0.1,0.2,0.0,1.0,5.51,-33.04,True
1.05,0.005,0.99,0.1,0.2,0.25,0.75,5.66,-30.45,True
1.05,0.005,0.99,0.1,0.2,0.5,0.5,5.77,-27.79,True
1.05,0.005,0.99,0.1,0.2,0.75,0.25,5.84,-25.05,True
1.05,0.005,0.99,0.1,0.2,1.0,0.0,5.87,-22.23,True
1.05,0.005,0.99,0.1,0.3,0.0,1.0,5.85,-28.09,True
1.05,0.005,0.99,0.1,0.3,0.25,0.75,6.0,-25.85,True
1.05,0.005,0.99,0.1,0.3,0.5,0.5,6.11,-23.53,True
1.05,0.005,0.99,0.1,0.3,0.75,0.25,6.2,-21.14,True
1.05,0.005,0.99,0.1,0.3,1.0,0.0,6.27,-18.66,True
1.05,0.005,0.99,0.2,0.0,0.0,1.0,3.81,-40.51,False
1.05,0.005,0.99,0.2,0.0,0.25,0.75,4.07,-41.14,True
1.05,0.005,0.99,0.2,0.0,0.5,0.5,4.27,-37.75,True
1.05,0.005,0.99,0.2,0.0,0.75,0.25,4.42,-34.23,True
1.05,0.005,0.99,0.2,0.0,1.0,0.0,4.52,-30.58,True
1.05,0.005,0.99,0.2,0.1,0.0,1.0,4.69,-38.91,True
1.05,0.005,0.99,0.2,0.1,0.25,0.75,4.89,-35.96,True
1.05,0.005,0.99,0.2,0.1,0.5,0.5,5.05,-32.9,True
1.05,0.005,0.99,0.2,0.1,0.75,0.25,5.17,-29.74,True
1.05,0.005,0.99,0.2,0.1,1.0,0.0,5.25,-26.46,True
1.05,0.005,0.99,0.2,0.2,0.0,1.0,5.52,-33.28,True
1.05,0.005,0.99,0.2,0.2,0.25,0.75,5.67,-30.68,True
1.05,0.005,0.99,0.2,0.2,0.5,0.5,5.79,-27.99,True
1.05,0.005,0.99,0.2,0.2,0.75,0.25,5.88,-25.21,True
1.05,0.005,0.99,0.2,0.2,1.0,0.0,5.93,-22.35,True
1.05,0.005,0.99,0.2,0.3,0.0,1.0,6.28,-27.78,True
1.05,0.005,0.99,0.2,0.3,0.25,0.75,6.38,-25.52,True
1.05,0.005,0.99,0.2,0.3,0.5,0.5,6.46,-23.18,True
1.05,0.005,0.99,0.2,0.3,0.75,0.25,6.51,-20.77,True
1.05,0.005,0.99,0.2,0.3,1.0,0.0,6.52,-18.34,True
1.05,0.005,0.99,0.3,0.0,0.0,1.0,4.22,-40.99,False
1.05,0.005,0.99,0.3,0.0,0.25,0.75,4.46,-40.62,True
1.05,0.005,0.99,0.3,0.0,0.5,0.5,4.64,-37.24,True
1.05,0.005,0.99,0.3,0.0,0.75,0.25,4.77,-33.72,True
1.05,0.005,0.99,0.3,0.0,1.0,0.0,4.85,-30.07,True
1.05,0.005,0.99,0.3,0.1,0.0,1.0,5.18,-38.18,True
1.05,0.005,0.99,0.3,0.1,0.25,0.75,5.34,-35.26,True
1.05,0.005,0.99,0.3,0.1,0.5,0.5,5.47,-32.23,True
1.05,0.005,0.99,0.3,0.1,0.75,0.25,5.55,-29.12,True
1.05,0.005,0.99,0.3,0.1,1.0,0.0,5.59,-25.89,True
1.05,0.005,0.99,0.3,0.2,0.0,1.0,5.96,-32.75,True
1.05,0.005,0.99,0.3,0.2,0.25,0.75,6.08,-30.16,True
1.05,0.005,0.99,0.3,0.2,0.5,0.5,6.17,-27.47,True
1.05,0.005,0.99,0.3,0.2,0.75,0.25,6.22,-24.74,True
1.05,0.005,0.99,0.3,0.2,1.0,0.0,6.23,-21.91,True
1.05,0.005,0.99,0.3,0.3,0.0,1.0,6.54,-27.39,True
1.05,0.005,0.99,0.3,0.3,0.25,0.75,6.64,-25.14,True
1.05,0.005,0.99,0.3,0.3,0.5,0.5,6.71,-22.81,True
1.05,0.005,0.99,0.3,0.3,0.75,0.25,6.74,-20.42,True
1.05,0.005,0.99,0.3,0.3,1.0,0.0,6.74,-18.0,True
1.05,0.005,0.99,0.4,0.0,0.0,1.0,4.6,-41.0,False
1.05,0.005,0.99,0.4,0.0,0.25,0.75,4.81,-40.1,True
1.05,0.005,0.99,0.4,0.0,0.5,0.5,4.98,-36.73,True
1.05,0.005,0.99,0.4,0.0,0.75,0.25,5.08,-33.24,True
1.05,0.005,0.99,0.4,0.0,1.0,0.0,5.13,-29.6,True
1.05,0.005,0.99,0.4,0.1,0.0,1.0,5.49,-37.79,True
1.05,0.005,0.99,0.4,0.1,0.25,0.75,5.65,-34.88,True
1.05,0.005,0.99,0.4,0.1,0.5,0.5,5.76,-31.86,True
1.05,0.005,0.99,0.4,0.1,0.75,0.25,5.83,-28.74,True
1.05,0.005,0.99,0.4,0.1,1.0,0.0,5.85,-25.52,True
1.05,0.005,0.99,0.4,0.2,0.0,1.0,6.15,-32.2,True
1.05,0.005,0.99,0.4,0.2,0.25,0.75,6.27,-29.63,True
1.05,0.005,0.99,0.4,0.2,0.5,0.5,6.35,-26.98,True
1.05,0.005,0.99,0.4,0.2,0.75,0.25,6.4,-24.22,True
1.05,0.005,0.99,0.4,0.2,1.0,0.0,6.4,-21.42,True
1.05,0.005,0.99,0.4,0.3,0.0,1.0,6.73,-26.6,True
1.05,0.005,0.99,0.4,0.3,0.25,0.75,6.81,-24.39,True
1.05,0.005,0.99,0.4,0.3,0.5,0.5,6.87,-22.1,True
1.05,0.005,0.99,0.4,0.3,0.75,0.25,6.9,-19.73,True
1.05,0.005,0.99,0.4,0.3,1.0,0.0,6.89,-17.33,True
1.05,0.005,1.0,0.1,0.0,0.0,1.0,1.89,-36.74,True
1.05,0.005,1.0,0.1,0.0,0.25,0.75,2.19,-33.82,True
1.05,0.005,1.0,0.1,0.0,0.5,0.5,2.46,-30.83,True
1.05,0.005,1.0,0.1,0.0,0.75,0.25,2.7,-27.76,True
1.05,0.005,1.0,0.1,0.0,1.0,0.0,2.91,-24.61,True
1.05,0.005,1.0,0.1,0.1,0.0,1.0,3.0,-32.85,True
1.05,0.005,1.0,0.1,0.1,0.25,0.75,3.25,-30.18,True
1.05,0.005,1.0,0.1,0.1,0.5,0.5,3.48,-27.44,True
1.05,0.005,1.0,0.1,0.1,0.75,0.25,3.69,-24.63,True
1.05,0.005,1.0,0.1,0.1,1.0,0.0,3.87,-21.75,True
1.05,0.005,1.0,0.1,0.2,0.0,1.0,3.88,-29.12,True
1.05,0.005,1.0,0.1,0.2,0.25,0.75,4.08,-26.7,True
1.05,0.005,1.0,0.1,0.2,0.5,0.5,4.27,-24.23,True
1.05,0.005,1.0,0.1,0.2,0.75,0.25,4.45,-21.68,True
1.05,0.005,1.0,0.1,0.2,1.0,0.0,4.61,-19.06,True
1.05,0.005,1.0,0.1,0.3,0.0,1.0,4.71,-24.76,True
1.05,0.005,1.0,0.1,0.3,0.25,0.75,4.88,-22.65,True
1.05,0.005,1.0,0.1,0.3,0.5,0.5,5.03,-20.49,True
1.05,0.005,1.0,0.1,0.3,0.75,0.25,5.18,-18.25,True
1.05,0.005,1.0,0.1,0.3,1.0,0.0,5.32,-15.95,True
1.05,0.005,1.0,0.2,0.0,0.0,1.0,0.78,-39.42,True
1.05,0.005,1.0,0.2,0.0,0.25,0.75,1.22,-36.36,True
1.05,0.005,1.0,0.2,0.0,0.5,0.5,1.63,-33.19,True
1.05,0.005,1.0,0.2,0.0,0.75,0.25,2.0,-29.92,True
1.05,0.005,1.0,0.2,0.0,1.0,0.0,2.33,-26.84,True
1.05,0.005,1.0,0.2,0.1,0.0,1.0,2.45,-34.45,True
1.05,0.005,1.0,0.2,0.1,0.25,0.75,2.75,-31.69,True
1.05,0.005,1.0,0.2,0.1,0.5,0.5,3.03,-28.84,True
1.05,0.005,1.0,0.2,0.1,0.75,0.25,3.3,-25.9,True
1.05,0.005,1.0,0.2,0.1,1.0,0.0,3.55,-22.86,True
1.05,0.005,1.0,0.2,0.2,0.0,1.0,3.71,-29.37,True
1.05,0.005,1.0,0.2,0.2,0.25,0.75,3.92,-26.94,True
1.05,0.005,1.0,0.2,0.2,0.5,0.5,4.13,-24.43,True
1.05,0.005,1.0,0.2,0.2,0.75,0.25,4.32,-21.84,True
1.05,0.005,1.0,0.2,0.2,1.0,0.0,4.51,-19.19,True
1.05,0.005,1.0,0.2,0.3,0.0,1.0,4.77,-24.38,True
1.05,0.005,1.0,0.2,0.3,0.25,0.75,4.93,-22.27,True
1.05,0.005,1.0,0.2,0.3,0.5,0.5,5.09,-20.09,True
1.05,0.005,1.0,0.2,0.3,0.75,0.25,5.24,-17.85,True
1.05,0.005,1.0,0.2,0.3,1.0,0.0,5.36,-15.6,True
1.05,0.005,1.0,0.3,0.0,0.0,1.0,0.71,-38.84,True
1.05,0.005,1.0,0.3,0.0,0.25,0.75,1.18,-35.79,True
1.05,0.005,1.0,0.3,0.0,0.5,0.5,1.6,-32.87,True
1.05,0.005,1.0,0.3,0.0,0.75,0.25,1.99,-30.01,True
1.05,0.005,1.0,0.3,0.0,1.0,0.0,2.35,-27.1,True
1.05,0.005,1.0,0.3,0.1,0.0,1.0,2.55,-33.68,True
1.05,0.005,1.0,0.3,0.1,0.25,0.75,2.84,-30.95,True
1.05,0.005,1.0,0.3,0.1,0.5,0.5,3.12,-28.13,True
1.05,0.005,1.0,0.3,0.1,0.75,0.25,3.38,-25.24,True
1.05,0.005,1.0,0.3,0.1,1.0,0.0,3.62,-22.25,True
1.05,0.005,1.0,0.3,0.2,0.0,1.0,3.84,-28.77,True
1.05,0.005,1.0,0.3,0.2,0.25,0.75,4.06,-26.35,True
1.05,0.005,1.0,0.3,0.2,0.5,0.5,4.27,-23.86,True
1.05,0.005,1.0,0.3,0.2,0.75,0.25,4.45,-21.32,True
1.05,0.005,1.0,0.3,0.2,1.0,0.0,4.62,-18.71,True
1.05,0.005,1.0,0.3,0.3,0.0,1.0,4.86,-23.95,True
1.05,0.005,1.0,0.3,0.3,0.25,0.75,5.02,-21.85,True
1.05,0.005,1.0,0.3,0.3,0.5,0.5,5.18,-19.68,True
1.05,0.005,1.0,0.3,0.3,0.75,0.25,5.32,-17.47,True
1.05,0.005,1.0,0.3,0.3,1.0,0.0,5.45,-15.23,True
1.05,0.005,1.0,0.4,0.0,0.0,1.0,0.81,-38.44,True
1.05,0.005,1.0,0.4,0.0,0.25,0.75,1.27,-35.66,True
1.05,0.005,1.0,0.4,0.0,0.5,0.5,1.7,-32.84,True
1.05,0.005,1.0,0.4,0.0,0.75,0.25,2.09,-29.97,True
1.05,0.005,1.0,0.4,0.0,1.0,0.0,2.44,-27.05,True
1.05,0.005,1.0,0.4,0.1,0.0,1.0,2.62,-33.25,True
1.05,0.005,1.0,0.4,0.1,0.25,0.75,2.92,-30.54,True
1.05,0.005,1.0,0.4,0.1,0.5,0.5,3.21,-27.73,True
1.05,0.005,1.0,0.4,0.1,0.75,0.25,3.47,-24.83,True
1.05,0.005,1.0,0.4,0.1,1.0,0.0,3.71,-21.99,True
1.05,0.005,1.0,0.4,0.2,0.0,1.0,3.88,-28.19,True
1.05,0.005,1.0,0.4,0.2,0.25,0.75,4.1,-25.8,True
1.05,0.005,1.0,0.4,0.2,0.5,0.5,4.31,-23.34,True
1.05,0.005,1.0,0.4,0.2,0.75,0.25,4.51,-20.79,True
1.05,0.005,1.0,0.4,0.2,1.0,0.0,4.69,-18.21,True
1.05,0.005,1.0,0.4,0.3,0.0,1.0,4.88,-23.11,True
1.05,0.005,1.0,0.4,0.3,0.25,0.75,5.04,-21.05,True
1.05,0.005,1.0,0.4,0.3,0.5,0.5,5.2,-18.93,True
1.05,0.005,1.0,0.4,0.3,0.75,0.25,5.35,-16.75,True
1.05,0.005,1.0,0.4,0.3,1.0,0.0,5.48,-14.54,True
1.05,0.005,1.01,0.1,0.0,0.0,1.0,2.91,-33.96,True
1.05,0.005,1.01,0.1,0.0,0.25,0.75,3.12,-31.18,True
1.05,0.005,1.01,0.1,0.0,0.5,0.5,3.29,-28.34,True
1.05,0.005,1.01,0.1,0.0,0.75,0.25,3.44,-25.42,True
1.05,0.005,1.01,0.1,0.0,1.0,0.0,3.55,-22.44,True
1.05,0.005,1.01,0.1,0.1,0.0,1.0,3.79,-30.47,True
1.05,0.005,1.01,0.1,0.1,0.25,0.75,3.98,-27.92,True
1.05,0.005,1.01,0.1,0.1,0.5,0.5,4.14,-25.3,True
1.05,0.005,1.01,0.1,0.1,0.75,0.25,4.28,-22.63,True
1.05,0.005,1.01,0.1,0.1,1.0,0.0,4.39,-19.89,True
1.05,0.005,1.01,0.1,0.2,0.0,1.0,4.47,-27.14,True
1.05,0.005,1.01,0.1,0.2,0.25,0.75,4.63,-24.82,True
1.05,0.005,1.01,0.1,0.2,0.5,0.5,4.78,-22.44,True
1.05,0.005,1.01,0.1,0.2,0.75,0.25,4.91,-19.99,True
1.05,0.005,1.01,0.1,0.2,1.0,0.0,5.01,-17.49,True
1.05,0.005,1.01,0.1,0.3,0.0,1.0,5.24,-23.14,True
1.05,0.005,1.01,0.1,0.3,0.25,0.75,5.37,-21.11,True
1.05,0.005,1.01,0.1,0.3,0.5,0.5,5.48,-19.01,True
1.05,0.005,1.01,0.1,0.3,0.75,0.25,5.59,-16.86,True
1.05,0.005,1.01,0.1,0.3,1.0,0.0,5.68,-14.66,True
1.05,0.005,1.01,0.2,0.0,0.0,1.0,2.04,-36.77,True
1.05,0.005,1.01,0.2,0.0,0.25,0.75,2.37,-33.82,True
1.05,0.005,1.01,0.2,0.0,0.5,0.5,2.66,-30.79,True
1.05,0.005,1.01,0.2,0.0,0.75,0.25,2.91,-27.66,True
1.05,0.005,1.01,0.2,0.0,1.0,0.0,3.13,-24.43,True
1.05,0.005,1.01,0.2,0.1,0.0,1.0,3.3,-32.14,True
1.05,0.005,1.01,0.2,0.1,0.25,0.75,3.54,-29.49,True
1.05,0.005,1.01,0.2,0.1,0.5,0.5,3.76,-26.76,True
1.05,0.005,1.01,0.2,0.1,0.75,0.25,3.95,-23.96,True
1.05,0.005,1.01,0.2,0.1,1.0,0.0,4.12,-21.07,True
1.05,0.005,1.01,0.2,0.2,0.0,1.0,4.28,-27.42,True
1.05,0.005,1.01,0.2,0.2,0.25,0.75,4.45,-25.12,True
1.05,0.005,1.01,0.2,0.2,0.5,0.5,4.62,-22.74,True
1.05,0.005,1.01,0.2,0.2,0.75,0.25,4.77,-20.28,True
1.05,0.005,1.01,0.2,0.2,1.0,0.0,4.9,-17.74,True
1.05,0.005,1.01,0.2,0.3,0.0,1.0,5.17,-22.81,True
1.05,0.005,1.01,0.2,0.3,0.25,0.75,5.3,-20.82,True
1.05,0.005,1.01,0.2,0.3,0.5,0.5,5.43,-18.76,True
1.05,0.005,1.01,0.2,0.3,0.75,0.25,5.54,-16.63,True
1.05,0.005,1.01,0.2,0.3,1.0,0.0,5.64,-14.42,True
1.05,0.005,1.01,0.3,0.0,0.0,1.0,1.83,-36.15,True
1.05,0.005,1.01,0.3,0.0,0.25,0.75,2.2,-33.23,True
1.05,0.005,1.01,0.3,0.0,0.5,0.5,2.52,-30.21,True
1.05,0.005,1.01,0.3,0.0,0.75,0.25,2.81,-27.1,True
1.05,0.005,1.01,0.3,0.0,1.0,0.0,3.06,-23.88,True
1.05,0.005,1.01,0.3,0.1,0.0,1.0,3.23,-31.43,True
1.05,0.005,1.01,0.3,0.1,0.25,0.75,3.47,-28.82,True
1.05,0.005,1.01,0.3,0.1,0.5,0.5,3.7,-26.12,True
1.05,0.005,1.01,0.3,0.1,0.75,0.25,3.91,-23.34,True
1.05,0.005,1.01,0.3,0.1,1.0,0.0,4.09,-20.47,True
1.05,0.005,1.01,0.3,0.2,0.0,1.0,4.33,-26.9,True
1.05,0.005,1.01,0.3,0.2,0.25,0.75,4.51,-24.6,True
1.05,0.005,1.01,0.3,0.2,0.5,0.5,4.68,-22.22,True
1.05,0.005,1.01,0.3,0.2,0.75,0.25,4.83,-19.76,True
1.05,0.005,1.01,0.3,0.2,1.0,0.0,4.97,-17.23,True
1.05,0.005,1.01,0.3,0.3,0.0,1.0,5.21,-22.39,True
1.05,0.005,1.01,0.3,0.3,0.25,0.75,5.34,-20.4,True
1.05,0.005,1.01,0.3,0.3,0.5,0.5,5.47,-18.34,True
1.05,0.005,1.01,0.3,0.3,0.75,0.25,5.59,-16.22,True
1.05,0.005,1.01,0.3,0.3,1.0,0.0,5.69,-14.02,True
1.05,0.005,1.01,0.4,0.0,0.0,1.0,1.78,-35.55,True
1.05,0.005,1.01,0.4,0.0,0.25,0.75,2.16,-32.65,True
1.05,0.005,1.01,0.4,0.0,0.5,0.5,2.5,-29.66,True
1.05,0.005,1.01,0.4,0.0,0.75,0.25,2.8,-26.56,True
1.05,0.005,1.01,0.4,0.0,1.0,0.0,3.06,-23.36,True
1.05,0.005,1.01,0.4,0.1,0.0,1.0,3.26,-30.94,True
1.05,0.005,1.01,0.4,0.1,0.25,0.75,3.51,-28.35,True
1.05,0.005,1.01,0.4,0.1,0.5,0.5,3.75,-25.68,True
1.05,0.005,1.01,0.4,0.1,0.75,0.25,3.96,-22.92,True
1.05,0.005,1.01,0.4,0.1,1.0,0.0,4.14,-20.07,True
1.05,0.005,1.01,0.4,0.2,0.0,1.0,4.33,-26.22,True
1.05,0.005,1.01,0.4,0.2,0.25,0.75,4.51,-23.96,True
1.05,0.005,1.01,0.4,0.2,0.5,0.5,4.69,-21.63,True
1.05,0.005,1.01,0.4,0.2,0.75,0.25,4.84,-19.22,True
1.05,0.005,1.01,0.4,0.2,1.0,0.0,4.98,-16.73,True
1.05,0.005,1.01,0.4,0.3,0.0,1.0,5.21,-21.43,True
1.05,0.005,1.01,0.4,0.3,0.25,0.75,5.34,-19.51,True
1.05,0.005,1.01,0.4,0.3,0.5,0.5,5.47,-17.52,True
1.05,0.005,1.01,0.4,0.3,0.75,0.25,5.58,-15.46,True
1.05,0.005,1.01,0.4,0.3,1.0,0.0,5.69,-13.34,True
1.05,0.005,1.02,0.1,0.0,0.0,1.0,0.47,-29.12,True
1.05,0.005,1.02,0.1,0.0,0.25,0.75,0.83,-26.62,True
1.05,0.005,1.02,0.1,0.0,0.5,0.5,1.17,-24.06,True
1.05,0.005,1.02,0.1,0.0,0.75,0.25,1.48,-21.44,True
1.05,0.005,1.02,0.1,0.0,1.0,0.0,1.75,-18.78,True
1.05,0.005,1.02,0.1,0.1,0.0,1.0,1.94,-26.23,True
1.05,0.005,1.02,0.1,0.1,0.25,0.75,2.23,-23.91,True
1.05,0.005,1.02,0.1,0.1,0.5,0.5,2.5,-21.54,True
1.05,0.005,1.02,0.1,0.1,0.75,0.25,2.76,-19.13,True
1.05,0.005,1.02,0.1,0.1,1.0,0.0,3.0,-16.67,True
1.05,0.005,1.02,0.1,0.2,0.0,1.0,3.23,-23.47,True
1.05,0.005,1.02,0.1,0.2,0.25,0.75,3.43,-21.34,True
1.05,0.005,1.02,0.1,0.2,0.5,0.5,3.64,-19.16,True
1.05,0.005,1.02,0.1,0.2,0.75,0.25,3.83,-16.94,True
1.05,0.005,1.02,0.1,0.2,1.0,0.0,4.01,-14.68,True
1.05,0.005,1.02,0.1,0.3,0.0,1.0,4.36,-20.01,True
1.05,0.005,1.02,0.1,0.3,0.25,0.75,4.5,-18.14,True
1.05,0.005,1.02,0.1,0.3,0.5,0.5,4.65,-16.22,True
1.05,0.005,1.02,0.1,0.3,0.75,0.25,4.79,-14.65,True
1.05,0.005,1.02,0.1,0.3,1.0,0.0,4.93,-14.35,True
1.05,0.005,1.02,0.2,0.0,0.0,1.0,-0.64,-32.13,True
1.05,0.005,1.02,0.2,0.0,0.25,0.75,-0.14,-29.43,True
1.05,0.005,1.02,0.2,0.0,0.5,0.5,0.32,-26.65,True
1.05,0.005,1.02,0.2,0.0,0.75,0.25,0.76,-23.79,True
1.05,0.005,1.02,0.2,0.0,1.0,0.0,1.16,-20.86,True
1.05,0.005,1.02,0.2,0.1,0.0,1.0,1.52,-28.01,True
1.05,0.005,1.02,0.2,0.1,0.25,0.75,1.82,-25.57,True
1.05,0.005,1.02,0.2,0.1,0.5,0.5,2.12,-23.07,True
1.05,0.005,1.02,0.2,0.1,0.75,0.25,2.42,-20.52,True
1.05,0.005,1.02,0.2,0.1,1.0,0.0,2.7,-17.89,True
1.05,0.005,1.02,0.2,0.2,0.0,1.0,3.15,-23.79,True
1.05,0.005,1.02,0.2,0.2,0.25,0.75,3.34,-21.67,True
1.05,0.005,1.02,0.2,0.2,0.5,0.5,3.53,-19.49,True
1.05,0.005,1.02,0.2,0.2,0.75,0.25,3.71,-17.25,True
1.05,0.005,1.02,0.2,0.2,1.0,0.0,3.89,-14.94,True
1.05,0.005,1.02,0.2,0.3,0.0,1.0,4.4,-19.65,True
1.05,0.005,1.02,0.2,0.3,0.25,0.75,4.52,-17.82,True
1.05,0.005,1.02,0.2,0.3,0.5,0.5,4.65,-15.93,True
1.05,0.005,1.02,0.2,0.3,0.75,0.25,4.78,-13.99,True
1.05,0.005,1.02,0.2,0.3,1.0,0.0,4.91,-13.6,True
1.05,0.005,1.02,0.3,0.0,0.0,1.0,-0.95,-31.48,True
1.05,0.005,1.02,0.3,0.0,0.25,0.75,-0.41,-28.8,True
1.05,0.005,1.02,0.3,0.0,0.5,0.5,0.1,-26.04,True
1.05,0.005,1.02,0.3,0.0,0.75,0.25,0.58,-23.2,True
1.05,0.005,1.02,0.3,0.0,1.0,0.0,1.02,-20.6,True
1.05,0.005,1.02,0.3,0.1,0.0,1.0,1.57,-27.23,True
1.05,0.005,1.02,0.3,0.1,0.25,0.75,1.86,-24.84,True
1.05,0.005,1.02,0.3,0.1,0.5,0.5,2.15,-22.38,True
1.05,0.005,1.02,0.3,0.1,0.75,0.25,2.44,-19.85,True
1.05,0.005,1.02,0.3,0.1,1.0,0.0,2.7,-17.24,True
1.05,0.005,1.02,0.3,0.2,0.0,1.0,3.19,-23.18,True
1.05,0.005,1.02,0.3,0.2,0.25,0.75,3.37,-21.08,True
1.05,0.005,1.02,0.3,0.2,0.5,0.5,3.56,-18.91,True
1.05,0.005,1.02,0.3,0.2,0.75,0.25,3.75,-16.67,True
1.05,0.005,1.02,0.3,0.2,1.0,0.0,3.94,-14.38,True
1.05,0.005,1.02,0.3,0.3,0.0,1.0,4.41,-19.16,True
1.05,0.005,1.02,0.3,0.3,0.25,0.75,4.53,-17.34,True
1.05,0.005,1.02,0.3,0.3,0.5,0.5,4.65,-15.47,True
1.05,0.005,1.02,0.3,0.3,0.75,0.25,4.78,-13.8,True
1.05,0.005,1.02,0.3,0.3,1.0,0.0,4.92,-13.53,True
1.05,0.005,1.02,0.4,0.0,0.0,1.0,-1.12,-30.83,True
1.05,0.005,1.02,0.4,0.0,0.25,0.75,-0.56,-28.18,True
1.05,0.005,1.02,0.4,0.0,0.5,0.5,-0.03,-25.45,True
1.05,0.005,1.02,0.4,0.0,0.75,0.25,0.47,-22.93,True
1.05,0.005,1.02,0.4,0.0,1.0,0.0,0.93,-20.55,True
1.05,0.005,1.02,0.4,0.1,0.0,1.0,1.5,-26.71,True
1.05,0.005,1.02,0.4,0.1,0.25,0.75,1.8,-24.35,True
1.05,0.005,1.02,0.4,0.1,0.5,0.5,2.09,-21.92,True
1.05,0.005,1.02,0.4,0.1,0.75,0.25,2.38,-19.41,True
1.05,0.005,1.02,0.4,0.1,1.0,0.0,2.66,-16.83,True
1.05,0.005,1.02,0.4,0.2,0.0,1.0,3.18,-22.49,True
1.05,0.005,1.02,0.4,0.2,0.25,0.75,3.36,-20.44,True
1.05,0.005,1.02,0.4,0.2,0.5,0.5,3.54,-18.32,True
1.05,0.005,1.02,0.4,0.2,0.75,0.25,3.73,-16.13,True
1.05,0.005,1.02,0.4,0.2,1.0,0.0,3.92,-13.88,True
1.05,0.005,1.02,0.4,0.3,0.0,1.0,4.44,-18.43,True
1.05,0.005,1.02,0.4,0.3,0.25,0.75,4.56,-16.99,True
1.05,0.005,1.02,0.4,0.3,0.5,0.5,4.68,-15.49,True
1.05,0.005,1.02,0.4,0.3,0.75,0.25,4.81,-13.94,True
1.05,0.005,1.02,0.4,0.3,1.0,0.0,4.94,-13.43,True
1.05,0.01,0.95,0.1,0.0,0.0,1.0,7.12,-27.66,True
1.05,0.01,0.95,0.1,0.0,0.25,0.75,7.12,-25.17,True
1.05,0.01,0.95,0.1,0.0,0.5,0.5,7.08,-22.62,True
1.05,0.01,0.95,0.1,0.0,0.75,0.25,7.02,-20.0,True
1.05,0.01,0.95,0.1,0.0,1.0,0.0,6.92,-17.31,True
1.05,0.01,0.95,0.1,0.1,0.0,1.0,7.48,-25.06,True
1.05,0.01,0.95,0.1,0.1,0.25,0.75,7.47,-22.87,True
1.05,0.01,0.95,0.1,0.1,0.5,0.5,7.43,-20.62,True
1.05,0.01,0.95,0.1,0.1,0.75,0.25,7.37,-18.29,True
1.05,0.01,0.95,0.1,0.1,1.0,0.0,7.28,-15.9,True
1.05,0.01,0.95,0.1,0.2,0.0,1.0,7.8,-23.12,True
1.05,0.01,0.95,0.1,0.2,0.25,0.75,7.78,-21.11,True
1.05,0.01,0.95,0.1,0.2,0.5,0.5,7.75,-19.5,True
1.05,0.01,0.95,0.1,0.2,0.75,0.25,7.69,-18.04,True
1.05,0.01,0.95,0.1,0.2,1.0,0.0,7.6,-16.44,True
1.05,0.01,0.95,0.1,0.3,0.0,1.0,8.03,-22.0,True
1.05,0.01,0.95,0.1,0.3,0.25,0.75,8.01,-20.91,True
1.05,0.01,0.95,0.1,0.3,0.5,0.5,7.97,-19.73,True
1.05,0.01,0.95,0.1,0.3,0.75,0.25,7.91,-18.44,True
1.05,0.01,0.95,0.1,0.3,1.0,0.0,7.83,-17.05,True
1.05,0.01,0.95,0.2,0.0,0.0,1.0,6.9,-28.97,True
1.05,0.01,0.95,0.2,0.0,0.25,0.75,6.99,-26.63,True
1.05,0.01,0.95,0.2,0.0,0.5,0.5,7.04,-24.46,True
1.05,0.01,0.95,0.2,0.0,0.75,0.25,7.05,-22.38,True
1.05,0.01,0.95,0.2,0.0,1.0,0.0,7.01,-20.27,True
1.05,0.01,0.95,0.2,0.1,0.0,1.0,6.86,-27.38,True
1.05,0.01,0.95,0.2,0.1,0.25,0.75,6.96,-25.3,True
1.05,0.01,0.95,0.2,0.1,0.5,0.5,7.03,-23.18,True
1.05,0.01,0.95,0.2,0.1,0.75,0.25,7.06,-21.03,True
1.05,0.01,0.95,0.2,0.1,1.0,0.0,7.05,-18.83,True
1.05,0.01,0.95,0.2,0.2,0.0,1.0,6.9,-26.13,True
1.05,0.01,0.95,0.2,0.2,0.25,0.75,7.01,-24.02,True
1.05,0.01,0.95,0.2,0.2,0.5,0.5,7.1,-21.85,True
1.05,0.01,0.95,0.2,0.2,0.75,0.25,7.15,-19.64,True
1.05,0.01,0.95,0.2,0.2,1.0,0.0,7.17,-17.38,True
1.05,0.01,0.95,0.2,0.3,0.0,1.0,7.02,-24.89,True
1.05,0.01,0.95,0.2,0.3,0.25,0.75,7.13,-22.74,True
1.05,0.01,0.95,0.2,0.3,0.5,0.5,7.22,-20.53,True
1.05,0.01,0.95,0.2,0.3,0.75,0.25,7.28,-18.46,True
1.05,0.01,0.95,0.2,0.3,1.0,0.0,7.32,-17.07,True
1.05,0.01,0.95,0.3,0.0,0.0,1.0,5.93,-41.11,False
1.05,0.01,0.95,0.3,0.0,0.25,0.75,6.13,-38.32,True
1.05,0.01,0.95,0.3,0.0,0.5,0.5,6.29,-35.48,True
1.05,0.01,0.95,0.3,0.0,0.75,0.25,6.4,-32.57,True
1.05,0.01,0.95,0.3,0.0,1.0,0.0,6.46,-29.6,True
1.05,0.01,0.95,0.3,0.1,0.0,1.0,6.1,-40.09,False
1.05,0.01,0.95,0.3,0.1,0.25,0.75,6.29,-37.25,True
1.05,0.01,0.95,0.3,0.1,0.5,0.5,6.45,-34.34,True
1.05,0.01,0.95,0.3,0.1,0.75,0.25,6.56,-31.35,True
1.05,0.01,0.95,0.3,0.1,1.0,0.0,6.63,-28.3,True
1.05,0.01,0.95,0.3,0.2,0.0,1.0,6.45,-37.61,True
1.05,0.01,0.95,0.3,0.2,0.25,0.75,6.63,-34.68,True
1.05,0.01,0.95,0.3,0.2,0.5,0.5,6.77,-31.68,True
1.05,0.01,0.95,0.3,0.2,0.75,0.25,6.88,-28.59,True
1.05,0.01,0.95,0.3,0.2,1.0,0.0,6.95,-25.43,True
1.05,0.01,0.95,0.3,0.3,0.0,1.0,6.81,-34.65,True
1.05,0.01,0.95,0.3,0.3,0.25,0.75,6.96,-31.75,True
1.05,0.01,0.95,0.3,0.3,0.5,0.5,7.09,-28.76,True
1.05,0.01,0.95,0.3,0.3,0.75,0.25,7.18,-25.7,True
1.05,0.01,0.95,0.3,0.3,1.0,0.0,7.25,-22.56,True
1.05,0.01,0.95,0.4,0.0,0.0,1.0,5.68,-48.69,False
1.05,0.01,0.95,0.4,0.0,0.25,0.75,5.92,-45.48,False
1.05,0.01,0.95,0.4,0.0,0.5,0.5,6.12,-42.19,False
1.05,0.01,0.95,0.4,0.0,0.75,0.25,6.26,-38.81,True
1.05,0.01,0.95,0.4,0.0,1.0,0.0,6.36,-35.34,True
1.05,0.01,0.95,0.4,0.1,0.0,1.0,6.08,-46.06,False
1.05,0.01,0.95,0.4,0.1,0.25,0.75,6.3,-42.83,False
1.05,0.01,0.95,0.4,0.1,0.5,0.5,6.48,-39.52,True
1.05,0.01,0.95,0.4,0.1,0.75,0.25,6.61,-36.11,True
1.05,0.01,0.95,0.4,0.1,1.0,0.0,6.69,-32.6,True
1.05,0.01,0.95,0.4,0.2,0.0,1.0,6.5,-42.79,False
1.05,0.01,0.95,0.4,0.2,0.25,0.75,6.68,-39.58,True
1.05,0.01,0.95,0.4,0.2,0.5,0.5,6.84,-36.25,True
1.05,0.01,0.95,0.4,0.2,0.75,0.25,6.95,-32.79,True
1.05,0.01,0.95,0.4,0.2,1.0,0.0,7.03,-29.22,True
1.05,0.01,0.95,0.4,0.3,0.0,1.0,6.94,-37.21,True
1.05,0.01,0.95,0.4,0.3,0.25,0.75,7.1,-34.11,True
1.05,0.01,0.95,0.4,0.3,0.5,0.5,7.22,-30.89,True
1.05,0.01,0.95,0.4,0.3,0.75,0.25,7.31,-27.55,True
1.05,0.01,0.95,0.4,0.3,1.0,0.0,7.37,-24.1,True
1.05,0.01,0.97,0.1,0.0,0.0,1.0,4.35,-27.18,True
1.05,0.01,0.97,0.1,0.0,0.25,0.75,4.47,-24.67,True
1.05,0.01,0.97,0.1,0.0,0.5,0.5,4.56,-22.14,True
1.05,0.01,0.97,0.1,0.0,0.75,0.25,4.61,-19.58,True
1.05,0.01,0.97,0.1,0.0,1.0,0.0,4.64,-16.99,True
1.05,0.01,0.97,0.1,0.1,0.0,1.0,5.6,-23.87,True
1.05,0.01,0.97,0.1,0.1,0.25,0.75,5.65,-21.57,True
1.05,0.01,0.97,0.1,0.1,0.5,0.5,5.68,-19.25,True
1.05,0.01,0.97,0.1,0.1,0.75,0.25,5.69,-16.91,True
1.05,0.01,0.97,0.1,0.1,1.0,0.0,5.67,-14.55,True
1.05,0.01,0.97,0.1,0.2,0.0,1.0,6.29,-20.47,True
1.05,0.01,0.97,0.1,0.2,0.25,0.75,6.35,-18.39,True
1.05,0.01,0.97,0.1,0.2,0.5,0.5,6.38,-16.3,True
1.05,0.01,0.97,0.1,0.2,0.75,0.25,6.37,-14.18,True
1.05,0.01,0.97,0.1,0.2,1.0,0.0,6.34,-12.04,True
1.05,0.01,0.97,0.1,0.3,0.0,1.0,6.65,-17.11,True
1.05,0.01,0.97,0.1,0.3,0.25,0.75,6.69,-16.27,True
1.05,0.01,0.97,0.1,0.3,0.5,0.5,6.72,-15.84,True
1.05,0.01,0.97,0.1,0.3,0.75,0.25,6.72,-15.42,True
1.05,0.01,0.97,0.1,0.3,1.0,0.0,6.72,-15.01,True
1.05,0.01,0.97,0.2,0.0,0.0,1.0,5.06,-30.61,True
1.05,0.01,0.97,0.2,0.0,0.25,0.75,5.2,-27.7,True
1.05,0.01,0.97,0.2,0.0,0.5,0.5,5.3,-24.75,True
1.05,0.01,0.97,0.2,0.0,0.75,0.25,5.36,-21.75,True
1.05,0.01,0.97,0.2,0.0,1.0,0.0,5.38,-18.69,True
1.05,0.01,0.97,0.2,0.1,0.0,1.0,5.38,-27.29,True
1.05,0.01,0.97,0.2,0.1,0.25,0.75,5.53,-24.64,True
1.05,0.01,0.97,0.2,0.1,0.5,0.5,5.64,-21.95,True
1.05,0.01,0.97,0.2,0.1,0.75,0.25,5.71,-19.21,True
1.05,0.01,0.97,0.2,0.1,1.0,0.0,5.74,-16.44,True
1.05,0.01,0.97,0.2,0.2,0.0,1.0,5.69,-24.13,True
1.05,0.01,0.97,0.2,0.2,0.25,0.75,5.85,-21.73,True
1.05,0.01,0.97,0.2,0.2,0.5,0.5,5.97,-19.29,True
1.05,0.01,0.97,0.2,0.2,0.75,0.25,6.06,-16.81,True
1.05,0.01,0.97,0.2,0.2,1.0,0.0,6.12,-14.3,True
1.05,0.01,0.97,0.2,0.3,0.0,1.0,6.12,-20.82,True
1.05,0.01,0.97,0.2,0.3,0.25,0.75,6.24,-18.69,True
1.05,0.01,0.97,0.2,0.3,0.5,0.5,6.34,-16.53,True
1.05,0.01,0.97,0.2,0.3,0.75,0.25,6.42,-15.59,True
1.05,0.01,0.97,0.2,0.3,1.0,0.0,6.47,-15.14,True
1.05,0.01,0.97,0.3,0.0,0.0,1.0,4.35,-36.24,True
1.05,0.01,0.97,0.3,0.0,0.25,0.75,4.59,-33.7,True
1.05,0.01,0.97,0.3,0.0,0.5,0.5,4.78,-31.12,True
1.05,0.01,0.97,0.3,0.0,0.75,0.25,4.92,-28.48,True
1.05,0.01,0.97,0.3,0.0,1.0,0.0,5.01,-25.81,True
1.05,0.01,0.97,0.3,0.1,0.0,1.0,4.88,-34.06,True
1.05,0.01,0.97,0.3,0.1,0.25,0.75,5.09,-31.47,True
1.05,0.01,0.97,0.3,0.1,0.5,0.5,5.26,-28.81,True
1.05,0.01,0.97,0.3,0.1,0.75,0.25,5.4,-26.08,True
1.05,0.01,0.97,0.3,0.1,1.0,0.0,5.49,-23.28,True
1.05,0.01,0.97,0.3,0.2,0.0,1.0,5.59,-30.21,True
1.05,0.01,0.97,0.3,0.2,0.25,0.75,5.76,-27.68,True
1.05,0.01,0.97,0.3,0.2,0.5,0.5,5.9,-25.08,True
1.05,0.01,0.97,0.3,0.2,0.75,0.25,6.01,-22.4,True
1.05,0.01,0.97,0.3,0.2,1.0,0.0,6.08,-19.65,True
1.05,0.01,0.97,0.3,0.3,0.0,1.0,6.2,-25.83,True
1.05,0.01,0.97,0.3,0.3,0.25,0.75,6.34,-23.51,True
1.05,0.01,0.97,0.3,0.3,0.5,0.5,6.45,-21.06,True
1.05,0.01,0.97,0.3,0.3,0.75,0.25,6.54,-18.48,True
1.05,0.01,0.97,0.3,0.3,1.0,0.0,6.6,-15.8,True
1.05,0.01,0.97,0.4,0.0,0.0,1.0,4.23,-42.98,False
1.05,0.01,0.97,0.4,0.0,0.25,0.75,4.5,-40.03,False
1.05,0.01,0.97,0.4,0.0,0.5,0.5,4.72,-37.01,True
1.05,0.01,0.97,0.4,0.0,0.75,0.25,4.88,-33.93,True
1.05,0.01,0.97,0.4,0.0,1.0,0.0,4.99,-30.78,True
1.05,0.01,0.97,0.4,0.1,0.0,1.0,5.04,-39.02,True
1.05,0.01,0.97,0.4,0.1,0.25,0.75,5.25,-36.14,True
1.05,0.01,0.97,0.4,0.1,0.5,0.5,5.43,-33.17,True
1.05,0.01,0.97,0.4,0.1,0.75,0.25,5.56,-30.12,True
1.05,0.01,0.97,0.4,0.1,1.0,0.0,5.65,-26.99,True
1.05,0.01,0.97,0.4,0.2,0.0,1.0,5.79,-32.99,True
1.05,0.01,0.97,0.4,0.2,0.25,0.75,5.95,-30.34,True
1.05,0.01,0.97,0.4,0.2,0.5,0.5,6.08,-27.57,True
1.05,0.01,0.97,0.4,0.2,0.75,0.25,6.18,-24.68,True
1.05,0.01,0.97,0.4,0.2,1.0,0.0,6.25,-21.69,True
1.05,0.01,0.97,0.4,0.3,0.0,1.0,6.44,-26.65,True
1.05,0.01,0.97,0.4,0.3,0.25,0.75,6.56,-24.21,True
1.05,0.01,0.97,0.4,0.3,0.5,0.5,6.65,-21.63,True
1.05,0.01,0.97,0.4,0.3,0.75,0.25,6.73,-18.94,True
1.05,0.01,0.97,0.4,0.3,1.0,0.0,6.77,-16.15,True
1.05,0.01,0.99,0.1,0.0,0.0,1.0,4.96,-30.01,True
1.05,0.01,0.99,0.1,0.0,0.25,0.75,4.97,-27.6,True
1.05,0.01,0.99,0.1,0.0,0.5,0.5,4.95,-25.14,True
1.05,0.01,0.99,0.1,0.0,0.75,0.25,4.91,-22.63,True
1.05,0.01,0.99,0.1,0.0,1.0,0.0,4.82,-20.09,True
1.05,0.01,0.99,0.1,0.1,0.0,1.0,6.05,-27.54,True
1.05,0.01,0.99,0.1,0.1,0.25,0.75,6.02,-25.25,True
1.05,0.01,0.99,0.1,0.1,0.5,0.5,5.97,-22.93,True
1.05,0.01,0.99,0.1,0.1,0.75,0.25,5.89,-20.57,True
1.05,0.01,0.99,0.1,0.1,1.0,0.0,5.79,-18.17,True
1.05,0.01,0.99,0.1,0.2,0.0,1.0,6.71,-24.99,True
1.05,0.01,0.99,0.1,0.2,0.25,0.75,6.68,-22.85,True
1.05,0.01,0.99,0.1,0.2,0.5,0.5,6.63,-20.67,True
1.05,0.01,0.99,0.1,0.2,0.75,0.25,6.54,-18.46,True
1.05,0.01,0.99,0.1,0.2,1.0,0.0,6.44,-16.21,True
1.05,0.01,0.99,0.1,0.3,0.0,1.0,6.95,-22.81,True
1.05,0.01,0.99,0.1,0.3,0.25,0.75,6.94,-20.79,True
1.05,0.01,0.99,0.1,0.3,0.5,0.5,6.91,-18.74,True
1.05,0.01,0.99,0.1,0.3,0.75,0.25,6.86,-16.66,True
1.05,0.01,0.99,0.1,0.3,1.0,0.0,6.79,-15.34,True
1.05,0.01,0.99,0.2,0.0,0.0,1.0,5.56,-41.44,True
1.05,0.01,0.99,0.2,0.0,0.25,0.75,5.61,-38.35,True
1.05,0.01,0.99,0.2,0.0,0.5,0.5,5.62,-35.16,True
1.05,0.01,0.99,0.2,0.0,0.75,0.25,5.58,-31.86,True
1.05,0.01,0.99,0.2,0.0,1.0,0.0,5.49,-28.48,True
1.05,0.01,0.99,0.2,0.1,0.0,1.0,5.73,-37.05,True
1.05,0.01,0.99,0.2,0.1,0.25,0.75,5.81,-34.21,True
1.05,0.01,0.99,0.2,0.1,0.5,0.5,5.85,-31.29,True
1.05,0.01,0.99,0.2,0.1,0.75,0.25,5.85,-28.28,True
1.05,0.01,0.99,0.2,0.1,1.0,0.0,5.8,-25.18,True
1.05,0.01,0.99,0.2,0.2,0.0,1.0,5.98,-32.54,True
1.05,0.01,0.99,0.2,0.2,0.25,0.75,6.08,-30.0,True
1.05,0.01,0.99,0.2,0.2,0.5,0.5,6.15,-27.37,True
1.05,0.01,0.99,0.2,0.2,0.75,0.25,6.18,-24.67,True
1.05,0.01,0.99,0.2,0.2,1.0,0.0,6.17,-21.89,True
1.05,0.01,0.99,0.2,0.3,0.0,1.0,6.24,-28.09,True
1.05,0.01,0.99,0.2,0.3,0.25,0.75,6.35,-25.82,True
1.05,0.01,0.99,0.2,0.3,0.5,0.5,6.42,-23.48,True
1.05,0.01,0.99,0.2,0.3,0.75,0.25,6.47,-21.07,True
1.05,0.01,0.99,0.2,0.3,1.0,0.0,6.49,-18.59,True
1.05,0.01,0.99,0.3,0.0,0.0,1.0,4.84,-44.13,True
1.05,0.01,0.99,0.3,0.0,0.25,0.75,4.98,-40.89,True
1.05,0.01,0.99,0.3,0.0,0.5,0.5,5.08,-37.54,True
1.05,0.01,0.99,0.3,0.0,0.75,0.25,5.12,-34.08,True
1.05,0.01,0.99,0.3,0.0,1.0,0.0,5.12,-30.49,True
1.05,0.01,0.99,0.3,0.1,0.0,1.0,5.18,-39.24,True
1.05,0.01,0.99,0.3,0.1,0.25,0.75,5.33,-36.31,True
1.05,0.01,0.99,0.3,0.1,0.5,0.5,5.44,-33.27,True
1.05,0.01,0.99,0.3,0.1,0.75,0.25,5.51,-30.13,True
1.05,0.01,0.99,0.3,0.1,1.0,0.0,5.53,-26.88,True
1.05,0.01,0.99,0.3,0.2,0.0,1.0,5.67,-34.23,True
1.05,0.01,0.99,0.3,0.2,0.25,0.75,5.82,-31.59,True
1.05,0.01,0.99,0.3,0.2,0.5,0.5,5.93,-28.86,True
1.05,0.01,0.99,0.3,0.2,0.75,0.25,6.0,-26.04,True
1.05,0.01,0.99,0.3,0.2,1.0,0.0,6.03,-23.14,True
1.05,0.01,0.99,0.3,0.3,0.0,1.0,6.25,-29.12,True
1.05,0.01,0.99,0.3,0.3,0.25,0.75,6.35,-26.84,True
1.05,0.01,0.99,0.3,0.3,0.5,0.5,6.43,-24.46,True
1.05,0.01,0.99,0.3,0.3,0.75,0.25,6.49,-22.0,True
1.05,0.01,0.99,0.3,0.3,1.0,0.0,6.51,-19.46,True
1.05,0.01,0.99,0.4,0.0,0.0,1.0,4.54,-45.14,True
1.05,0.01,0.99,0.4,0.0,0.25,0.75,4.73,-41.87,True
1.05,0.01,0.99,0.4,0.0,0.5,0.5,4.87,-38.47,True
1.05,0.01,0.99,0.4,0.0,0.75,0.25,4.96,-34.95,True
1.05,0.01,0.99,0.4,0.0,1.0,0.0,4.98,-31.3,True
1.05,0.01,0.99,0.4,0.1,0.0,1.0,5.1,-40.07,True
1.05,0.01,0.99,0.4,0.1,0.25,0.75,5.27,-37.09,True
1.05,0.01,0.99,0.4,0.1,0.5,0.5,5.4,-34.0,True
1.05,0.01,0.99,0.4,0.1,0.75,0.25,5.49,-30.8,True
1.05,0.01,0.99,0.4,0.1,1.0,0.0,5.53,-27.49,True
1.05,0.01,0.99,0.4,0.2,0.0,1.0,5.83,-34.48,True
1.05,0.01,0.99,0.4,0.2,0.25,0.75,5.96,-31.86,True
1.05,0.01,0.99,0.4,0.2,0.5,0.5,6.05,-29.14,True
1.05,0.01,0.99,0.4,0.2,0.75,0.25,6.11,-26.32,True
1.05,0.01,0.99,0.4,0.2,1.0,0.0,6.13,-23.45,True
1.05,0.01,0.99,0.4,0.3,0.0,1.0,6.45,-28.87,True
1.05,0.01,0.99,0.4,0.3,0.25,0.75,6.54,-26.58,True
1.05,0.01,0.99,0.4,0.3,0.5,0.5,6.61,-24.21,True
1.05,0.01,0.99,0.4,0.3,0.75,0.25,6.65,-21.76,True
1.05,0.01,0.99,0.4,0.3,1.0,0.0,6.65,-19.28,True
1.05,0.01,1.0,0.1,0.0,0.0,1.0,1.59,-25.56,True
1.05,0.01,1.0,0.1,0.0,0.25,0.75,1.82,-23.4,True
1.05,0.01,1.0,0.1,0.0,0.5,0.5,2.04,-21.2,True
1.05,0.01,1.0,0.1,0.0,0.75,0.25,2.23,-18.98,True
1.05,0.01,1.0,0.1,0.0,1.0,0.0,2.4,-16.72,True
1.05,0.01,1.0,0.1,0.1,0.0,1.0,3.58,-23.41,True
1.05,0.01,1.0,0.1,0.1,0.25,0.75,3.72,-21.36,True
1.05,0.01,1.0,0.1,0.1,0.5,0.5,3.83,-19.29,True
1.05,0.01,1.0,0.1,0.1,0.75,0.25,3.94,-17.18,True
1.05,0.01,1.0,0.1,0.1,1.0,0.0,4.02,-15.05,True
1.05,0.01,1.0,0.1,0.2,0.0,1.0,4.81,-21.16,True
1.05,0.01,1.0,0.1,0.2,0.25,0.75,4.89,-19.25,True
1.05,0.01,1.0,0.1,0.2,0.5,0.5,4.97,-17.3,True
1.05,0.01,1.0,0.1,0.2,0.75,0.25,5.04,-15.33,True
1.05,0.01,1.0,0.1,0.2,1.0,0.0,5.1,-13.33,True
1.05,0.01,1.0,0.1,0.3,0.0,1.0,5.59,-19.29,True
1.05,0.01,1.0,0.1,0.3,0.25,0.75,5.66,-17.48,True
1.05,0.01,1.0,0.1,0.3,0.5,0.5,5.73,-15.64,True
1.05,0.01,1.0,0.1,0.3,0.75,0.25,5.78,-14.87,True
1.05,0.01,1.0,0.1,0.3,1.0,0.0,5.83,-14.54,True
1.05,0.01,1.0,0.2,0.0,0.0,1.0,2.98,-36.22,True
1.05,0.01,1.0,0.2,0.0,0.25,0.75,3.18,-33.36,True
1.05,0.01,1.0,0.2,0.0,0.5,0.5,3.36,-30.43,True
1.05,0.01,1.0,0.2,0.0,0.75,0.25,3.5,-27.41,True
1.05,0.01,1.0,0.2,0.0,1.0,0.0,3.62,-24.32,True
1.05,0.01,1.0,0.2,0.1,0.0,1.0,3.94,-32.46,True
1.05,0.01,1.0,0.2,0.1,0.25,0.75,4.11,-29.83,True
1.05,0.01,1.0,0.2,0.1,0.5,0.5,4.26,-27.13,True
1.05,0.01,1.0,0.2,0.1,0.75,0.25,4.38,-24.36,True
1.05,0.01,1.0,0.2,0.1,1.0,0.0,4.48,-21.53,True
1.05,0.01,1.0,0.2,0.2,0.0,1.0,4.52,-28.58,True
1.05,0.01,1.0,0.2,0.2,0.25,0.75,4.69,-26.2,True
1.05,0.01,1.0,0.2,0.2,0.5,0.5,4.84,-23.77,True
1.05,0.01,1.0,0.2,0.2,0.75,0.25,4.97,-21.28,True
1.05,0.01,1.0,0.2,0.2,1.0,0.0,5.08,-18.71,True
1.05,0.01,1.0,0.2,0.3,0.0,1.0,5.01,-24.69,True
1.05,0.01,1.0,0.2,0.3,0.25,0.75,5.17,-22.56,True
1.05,0.01,1.0,0.2,0.3,0.5,0.5,5.33,-20.39,True
1.05,0.01,1.0,0.2,0.3,0.75,0.25,5.46,-18.15,True
1.05,0.01,1.0,0.2,0.3,1.0,0.0,5.58,-15.87,True
1.05,0.01,1.0,0.3,0.0,0.0,1.0,2.48,-39.12,True
1.05,0.01,1.0,0.3,0.0,0.25,0.75,2.76,-36.09,True
1.05,0.01,1.0,0.3,0.0,0.5,0.5,3.0,-32.97,True
1.05,0.01,1.0,0.3,0.0,0.75,0.25,3.21,-29.76,True
1.05,0.01,1.0,0.3,0.0,1.0,0.0,3.38,-26.44,True
1.05,0.01,1.0,0.3,0.1,0.0,1.0,3.21,-34.82,True
1.05,0.01,1.0,0.3,0.1,0.25,0.75,3.45,-32.07,True
1.05,0.01,1.0,0.3,0.1,0.5,0.5,3.68,-29.24,True
1.05,0.01,1.0,0.3,0.1,0.75,0.25,3.88,-26.31,True
1.05,0.01,1.0,0.3,0.1,1.0,0.0,4.05,-23.31,True
1.05,0.01,1.0,0.3,0.2,0.0,1.0,3.97,-30.35,True
1.05,0.01,1.0,0.3,0.2,0.25,0.75,4.18,-27.87,True
1.05,0.01,1.0,0.3,0.2,0.5,0.5,4.37,-25.33,True
1.05,0.01,1.0,0.3,0.2,0.75,0.25,4.55,-22.7,True
1.05,0.01,1.0,0.3,0.2,1.0,0.0,4.71,-20.01,True
1.05,0.01,1.0,0.3,0.3,0.0,1.0,4.92,-25.84,True
1.05,0.01,1.0,0.3,0.3,0.25,0.75,5.07,-23.68,True
1.05,0.01,1.0,0.3,0.3,0.5,0.5,5.22,-21.45,True
1.05,0.01,1.0,0.3,0.3,0.75,0.25,5.36,-19.16,True
1.05,0.01,1.0,0.3,0.3,1.0,0.0,5.48,-16.79,True
1.05,0.01,1.0,0.4,0.0,0.0,1.0,1.8,-40.22,True
1.05,0.01,1.0,0.4,0.0,0.25,0.75,2.15,-37.15,True
1.05,0.01,1.0,0.4,0.0,0.5,0.5,2.46,-33.97,True
1.05,0.01,1.0,0.4,0.0,0.75,0.25,2.74,-30.69,True
1.05,0.01,1.0,0.4,0.0,1.0,0.0,2.98,-27.3,True
1.05,0.01,1.0,0.4,0.1,0.0,1.0,2.8,-35.69,True
1.05,0.01,1.0,0.4,0.1,0.25,0.75,3.08,-32.89,True
1.05,0.01,1.0,0.4,0.1,0.5,0.5,3.34,-30.0,True
1.05,0.01,1.0,0.4,0.1,0.75,0.25,3.58,-27.02,True
1.05,0.01,1.0,0.4,0.1,1.0,0.0,3.79,-23.94,True
1.05,0.01,1.0,0.4,0.2,0.0,1.0,4.0,-30.68,True
1.05,0.01,1.0,0.4,0.2,0.25,0.75,4.2,-28.21,True
1.05,0.01,1.0,0.4,0.2,0.5,0.5,4.4,-25.66,True
1.05,0.01,1.0,0.4,0.2,0.75,0.25,4.58,-23.03,True
1.05,0.01,1.0,0.4,0.2,1.0,0.0,4.73,-20.36,True
1.05,0.01,1.0,0.4,0.3,0.0,1.0,4.91,-25.56,True
1.05,0.01,1.0,0.4,0.3,0.25,0.75,5.07,-23.41,True
1.05,0.01,1.0,0.4,0.3,0.5,0.5,5.23,-21.2,True
1.05,0.01,1.0,0.4,0.3,0.75,0.25,5.37,-18.91,True
1.05,0.01,1.0,0.4,0.3,1.0,0.0,5.49,-16.6,True
1.05,0.01,1.01,0.1,0.0,0.0,1.0,2.88,-24.09,True
1.05,0.01,1.01,0.1,0.0,0.25,0.75,2.99,-22.01,True
1.05,0.01,1.01,0.1,0.0,0.5,0.5,3.09,-19.9,True
1.05,0.01,1.01,0.1,0.0,0.75,0.25,3.16,-17.76,True
1.05,0.01,1.01,0.1,0.0,1.0,0.0,3.21,-15.6,True
1.05,0.01,1.01,0.1,0.1,0.0,1.0,4.32,-21.94,True
1.05,0.01,1.01,0.1,0.1,0.25,0.75,4.39,-19.98,True
1.05,0.01,1.01,0.1,0.1,0.5,0.5,4.44,-17.99,True
1.05,0.01,1.01,0.1,0.1,0.75,0.25,4.48,-15.98,True
1.05,0.01,1.01,0.1,0.1,1.0,0.0,4.49,-13.94,True
1.05,0.01,1.01,0.1,0.2,0.0,1.0,5.23,-19.67,True
1.05,0.01,1.01,0.1,0.2,0.25,0.75,5.28,-17.84,True
1.05,0.01,1.01,0.1,0.2,0.5,0.5,5.32,-16.41,True
1.05,0.01,1.01,0.1,0.2,0.75,0.25,5.34,-15.16,True
1.05,0.01,1.01,0.1,0.2,1.0,0.0,5.35,-13.9,True
1.05,0.01,1.01,0.1,0.3,0.0,1.0,5.95,-18.93,True
1.05,0.01,1.01,0.1,0.3,0.25,0.75,5.99,-17.81,True
1.05,0.01,1.01,0.1,0.3,0.5,0.5,6.02,-16.67,True
1.05,0.01,1.01,0.1,0.3,0.75,0.25,6.03,-15.53,True
1.05,0.01,1.01,0.1,0.3,1.0,0.0,6.04,-14.38,True
1.05,0.01,1.01,0.2,0.0,0.0,1.0,3.72,-33.45,True
1.05,0.01,1.01,0.2,0.0,0.25,0.75,3.85,-30.73,True
1.05,0.01,1.01,0.2,0.0,0.5,0.5,3.95,-27.94,True
1.05,0.01,1.01,0.2,0.0,0.75,0.25,4.02,-25.08,True
1.05,0.01,1.01,0.2,0.0,1.0,0.0,4.05,-22.16,True
1.05,0.01,1.01,0.2,0.1,0.0,1.0,4.58,-30.07,True
1.05,0.01,1.01,0.2,0.1,0.25,0.75,4.69,-27.56,True
1.05,0.01,1.01,0.2,0.1,0.5,0.5,4.78,-24.99,True
1.05,0.01,1.01,0.2,0.1,0.75,0.25,4.83,-22.35,True
1.05,0.01,1.01,0.2,0.1,1.0,0.0,4.86,-19.66,True
1.05,0.01,1.01,0.2,0.2,0.0,1.0,5.02,-26.58,True
1.05,0.01,1.01,0.2,0.2,0.25,0.75,5.16,-24.3,True
1.05,0.01,1.01,0.2,0.2,0.5,0.5,5.27,-21.97,True
1.05,0.01,1.01,0.2,0.2,0.75,0.25,5.35,-19.58,True
1.05,0.01,1.01,0.2,0.2,1.0,0.0,5.41,-17.14,True
1.05,0.01,1.01,0.2,0.3,0.0,1.0,5.35,-23.02,True
1.05,0.01,1.01,0.2,0.3,0.25,0.75,5.5,-20.97,True
1.05,0.01,1.01,0.2,0.3,0.5,0.5,5.62,-18.87,True
1.05,0.01,1.01,0.2,0.3,0.75,0.25,5.73,-16.73,True
1.05,0.01,1.01,0.2,0.3,1.0,0.0,5.81,-14.94,True
1.05,0.01,1.01,0.3,0.0,0.0,1.0,3.29,-36.45,True
1.05,0.01,1.01,0.3,0.0,0.25,0.75,3.49,-33.55,True
1.05,0.01,1.01,0.3,0.0,0.5,0.5,3.65,-30.56,True
1.05,0.01,1.01,0.3,0.0,0.75,0.25,3.77,-27.49,True
1.05,0.01,1.01,0.3,0.0,1.0,0.0,3.86,-24.33,True
1.05,0.01,1.01,0.3,0.1,0.0,1.0,3.75,-32.54,True
1.05,0.01,1.01,0.3,0.1,0.25,0.75,3.95,-29.89,True
1.05,0.01,1.01,0.3,0.1,0.5,0.5,4.13,-27.17,True
1.05,0.01,1.01,0.3,0.1,0.75,0.25,4.28,-24.37,True
1.05,0.01,1.01,0.3,0.1,1.0,0.0,4.39,-21.52,True
1.05,0.01,1.01,0.3,0.2,0.0,1.0,4.34,-28.41,True
1.05,0.01,1.01,0.3,0.2,0.25,0.75,4.51,-26.02,True
1.05,0.01,1.01,0.3,0.2,0.5,0.5,4.68,-23.57,True
1.05,0.01,1.01,0.3,0.2,0.75,0.25,4.82,-21.08,True
1.05,0.01,1.01,0.3,0.2,1.0,0.0,4.94,-18.52,True
1.05,0.01,1.01,0.3,0.3,0.0,1.0,5.17,-24.26,True
1.05,0.01,1.01,0.3,0.3,0.25,0.75,5.3,-22.17,True
1.05,0.01,1.01,0.3,0.3,0.5,0.5,5.42,-20.06,True
1.05,0.01,1.01,0.3,0.3,0.75,0.25,5.53,-17.89,True
1.05,0.01,1.01,0.3,0.3,1.0,0.0,5.62,-15.65,True
1.05,0.01,1.01,0.4,0.0,0.0,1.0,2.5,-37.59,True
1.05,0.01,1.01,0.4,0.0,0.25,0.75,2.78,-34.64,True
1.05,0.01,1.01,0.4,0.0,0.5,0.5,3.02,-31.6,True
1.05,0.01,1.01,0.4,0.0,0.75,0.25,3.22,-28.46,True
1.05,0.01,1.01,0.4,0.0,1.0,0.0,3.39,-25.22,True
1.05,0.01,1.01,0.4,0.1,0.0,1.0,3.26,-33.43,True
1.05,0.01,1.01,0.4,0.1,0.25,0.75,3.49,-30.74,True
1.05,0.01,1.01,0.4,0.1,0.5,0.5,3.7,-27.98,True
1.05,0.01,1.01,0.4,0.1,0.75,0.25,3.89,-25.13,True
1.05,0.01,1.01,0.4,0.1,1.0,0.0,4.06,-22.19,True
1.05,0.01,1.01,0.4,0.2,0.0,1.0,4.27,-28.81,True
1.05,0.01,1.01,0.4,0.2,0.25,0.75,4.44,-26.47,True
1.05,0.01,1.01,0.4,0.2,0.5,0.5,4.6,-24.05,True
1.05,0.01,1.01,0.4,0.2,0.75,0.25,4.75,-21.54,True
1.05,0.01,1.01,0.4,0.2,1.0,0.0,4.88,-18.95,True
1.05,0.01,1.01,0.4,0.3,0.0,1.0,5.05,-23.99,True
1.05,0.01,1.01,0.4,0.3,0.25,0.75,5.19,-21.96,True
1.05,0.01,1.01,0.4,0.3,0.5,0.5,5.32,-19.87,True
1.05,0.01,1.01,0.4,0.3,0.75,0.25,5.44,-17.7,True
1.05,0.01,1.01,0.4,0.3,1.0,0.0,5.55,-15.85,True
1.05,0.01,1.02,0.1,0.0,0.0,1.0,1.94,-20.11,True
1.05,0.01,1.02,0.1,0.0,0.25,0.75,2.1,-18.45,True
1.05,0.01,1.02,0.1,0.0,0.5,0.5,2.24,-16.78,True
1.05,0.01,1.02,0.1,0.0,0.75,0.25,2.36,-15.1,True
1.05,0.01,1.02,0.1,0.0,1.0,0.0,2.46,-13.42,True
1.05,0.01,1.02,0.1,0.1,0.0,1.0,3.36,-17.31,True
1.05,0.01,1.02,0.1,0.1,0.25,0.75,3.49,-15.78,True
1.05,0.01,1.02,0.1,0.1,0.5,0.5,3.61,-14.53,True
1.05,0.01,1.02,0.1,0.1,0.75,0.25,3.7,-13.27,True
1.05,0.01,1.02,0.1,0.1,1.0,0.0,3.78,-12.01,True
1.05,0.01,1.02,0.1,0.2,0.0,1.0,4.23,-18.13,True
1.05,0.01,1.02,0.1,0.2,0.25,0.75,4.36,-17.05,True
1.05,0.01,1.02,0.1,0.2,0.5,0.5,4.46,-15.95,True
1.05,0.01,1.02,0.1,0.2,0.75,0.25,4.56,-14.82,True
1.05,0.01,1.02,0.1,0.2,1.0,0.0,4.64,-13.66,True
1.05,0.01,1.02,0.1,0.3,0.0,1.0,4.91,-17.59,True
1.05,0.01,1.02,0.1,0.3,0.25,0.75,5.03,-16.73,True
1.05,0.01,1.02,0.1,0.3,0.5,0.5,5.14,-15.84,True
1.05,0.01,1.02,0.1,0.3,0.75,0.25,5.24,-14.91,True
1.05,0.01,1.02,0.1,0.3,1.0,0.0,5.32,-14.5,True
1.05,0.01,1.02,0.2,0.0,0.0,1.0,1.5,-28.58,True
1.05,0.01,1.02,0.2,0.0,0.25,0.75,1.77,-26.13,True
1.05,0.01,1.02,0.2,0.0,0.5,0.5,2.01,-23.64,True
1.05,0.01,1.02,0.2,0.0,0.75,0.25,2.23,-21.08,True
1.05,0.01,1.02,0.2,0.0,1.0,0.0,2.41,-18.48,True
1.05,0.01,1.02,0.2,0.1,0.0,1.0,2.9,-25.79,True
1.05,0.01,1.02,0.2,0.1,0.25,0.75,3.11,-23.52,True
1.05,0.01,1.02,0.2,0.1,0.5,0.5,3.31,-21.2,True
1.05,0.01,1.02,0.2,0.1,0.75,0.25,3.48,-18.84,True
1.05,0.01,1.02,0.2,0.1,1.0,0.0,3.63,-16.42,True
1.05,0.01,1.02,0.2,0.2,0.0,1.0,3.75,-22.86,True
1.05,0.01,1.02,0.2,0.2,0.25,0.75,3.96,-20.79,True
1.05,0.01,1.02,0.2,0.2,0.5,0.5,4.14,-18.68,True
1.05,0.01,1.02,0.2,0.2,0.75,0.25,4.31,-16.52,True
1.05,0.01,1.02,0.2,0.2,1.0,0.0,4.46,-14.57,True
1.05,0.01,1.02,0.2,0.3,0.0,1.0,4.58,-19.8,True
1.05,0.01,1.02,0.2,0.3,0.25,0.75,4.71,-17.94,True
1.05,0.01,1.02,0.2,0.3,0.5,0.5,4.85,-16.03,True
1.05,0.01,1.02,0.2,0.3,0.75,0.25,4.98,-14.88,True
1.05,0.01,1.02,0.2,0.3,1.0,0.0,5.1,-14.37,True
1.05,0.01,1.02,0.3,0.0,0.0,1.0,1.14,-31.8,True
1.05,0.01,1.02,0.3,0.0,0.25,0.75,1.47,-29.14,True
1.05,0.01,1.02,0.3,0.0,0.5,0.5,1.77,-26.42,True
1.05,0.01,1.02,0.3,0.0,0.75,0.25,2.04,-23.62,True
1.05,0.01,1.02,0.3,0.0,1.0,0.0,2.27,-20.76,True
1.05,0.01,1.02,0.3,0.1,0.0,1.0,2.16,-28.42,True
1.05,0.01,1.02,0.3,0.1,0.25,0.75,2.47,-25.99,True
1.05,0.01,1.02,0.3,0.1,0.5,0.5,2.74,-23.5,True
1.05,0.01,1.02,0.3,0.1,0.75,0.25,2.99,-20.95,True
1.05,0.01,1.02,0.3,0.1,1.0,0.0,3.21,-18.35,True
1.05,0.01,1.02,0.3,0.2,0.0,1.0,3.46,-24.78,True
1.05,0.01,1.02,0.3,0.2,0.25,0.75,3.65,-22.58,True
1.05,0.01,1.02,0.3,0.2,0.5,0.5,3.83,-20.34,True
1.05,0.01,1.02,0.3,0.2,0.75,0.25,4.0,-18.06,True
1.05,0.01,1.02,0.3,0.2,1.0,0.0,4.16,-15.73,True
1.05,0.01,1.02,0.3,0.3,0.0,1.0,4.54,-21.17,True
1.05,0.01,1.02,0.3,0.3,0.25,0.75,4.69,-19.23,True
1.05,0.01,1.02,0.3,0.3,0.5,0.5,4.82,-17.29,True
1.05,0.01,1.02,0.3,0.3,0.75,0.25,4.95,-15.63,True
1.05,0.01,1.02,0.3,0.3,1.0,0.0,5.07,-14.51,True
1.05,0.01,1.02,0.4,0.0,0.0,1.0,0.4,-33.02,True
1.05,0.01,1.02,0.4,0.0,0.25,0.75,0.8,-30.31,True
1.05,0.01,1.02,0.4,0.0,0.5,0.5,1.18,-27.51,True
1.05,0.01,1.02,0.4,0.0,0.75,0.25,1.52,-24.64,True
1.05,0.01,1.02,0.4,0.0,1.0,0.0,1.82,-21.68,True
1.05,0.01,1.02,0.4,0.1,0.0,1.0,1.98,-29.35,True
1.05,0.01,1.02,0.4,0.1,0.25,0.75,2.26,-26.87,True
1.05,0.01,1.02,0.4,0.1,0.5,0.5,2.52,-24.33,True
1.05,0.01,1.02,0.4,0.1,0.75,0.25,2.77,-21.72,True
1.05,0.01,1.02,0.4,0.1,1.0,0.0,3.0,-19.04,True
1.05,0.01,1.02,0.4,0.2,0.0,1.0,3.44,-25.27,True
1.05,0.01,1.02,0.4,0.2,0.25,0.75,3.62,-23.1,True
1.05,0.01,1.02,0.4,0.2,0.5,0.5,3.8,-20.87,True
1.05,0.01,1.02,0.4,0.2,0.75,0.25,3.97,-18.57,True
1.05,0.01,1.02,0.4,0.2,1.0,0.0,4.14,-16.2,True
1.05,0.01,1.02,0.4,0.3,0.0,1.0,4.52,-20.9,True
1.05,0.01,1.02,0.4,0.3,0.25,0.75,4.65,-19.03,True
1.05,0.01,1.02,0.4,0.3,0.5,0.5,4.78,-17.61,True
1.05,0.01,1.02,0.4,0.3,0.75,0.25,4.91,-16.47,True
1.05,0.01,1.02,0.4,0.3,1.0,0.0,5.03,-15.25,True
1.05,0.015,0.95,0.1,0.0,0.0,1.0,4.32,-28.85,True
1.05,0.015,0.95,0.1,0.0,0.25,0.75,4.4,-26.32,True
1.05,0.015,0.95,0.1,0.0,0.5,0.5,4.47,-23.73,True
1.05,0.015,0.95,0.1,0.0,0.75,0.25,4.52,-21.08,True
1.05,0.015,0.95,0.1,0.0,1.0,0.0,4.54,-18.39,True
1.05,0.015,0.95,0.1,0.1,0.0,1.0,5.79,-25.89,True
1.05,0.015,0.95,0.1,0.1,0.25,0.75,5.82,-23.7,True
1.05,0.015,0.95,0.1,0.1,0.5,0.5,5.83,-21.46,True
1.05,0.015,0.95,0.1,0.1,0.75,0.25,5.83,-19.16,True
1.05,0.015,0.95,0.1,0.1,1.0,0.0,5.82,-16.79,True
1.05,0.015,0.95,0.1,0.2,0.0,1.0,6.99,-23.27,True
1.05,0.015,0.95,0.1,0.2,0.25,0.75,6.97,-21.37,True
1.05,0.015,0.95,0.1,0.2,0.5,0.5,6.93,-19.57,True
1.05,0.015,0.95,0.1,0.2,0.75,0.25,6.88,-18.22,True
1.05,0.015,0.95,0.1,0.2,1.0,0.0,6.82,-16.79,True
1.05,0.015,0.95,0.1,0.3,0.0,1.0,7.93,-21.98,True
1.05,0.015,0.95,0.1,0.3,0.25,0.75,7.88,-20.91,True
1.05,0.015,0.95,0.1,0.3,0.5,0.5,7.82,-19.77,True
1.05,0.015,0.95,0.1,0.3,0.75,0.25,7.74,-18.58,True
1.05,0.015,0.95,0.1,0.3,1.0,0.0,7.65,-17.32,True
1.05,0.015,0.95,0.2,0.0,0.0,1.0,8.89,-27.67,True
1.05,0.015,0.95,0.2,0.0,0.25,0.75,8.74,-25.2,True
1.05,0.015,0.95,0.2,0.0,0.5,0.5,8.55,-22.63,True
1.05,0.015,0.95,0.2,0.0,0.75,0.25,8.34,-19.96,True
1.05,0.015,0.95,0.2,0.0,1.0,0.0,8.1,-17.19,True
1.05,0.015,0.95,0.2,0.1,0.0,1.0,9.33,-26.07,True
1.05,0.015,0.95,0.2,0.1,0.25,0.75,9.16,-23.81,True
1.05,0.015,0.95,0.2,0.1,0.5,0.5,8.96,-21.45,True
1.05,0.015,0.95,0.2,0.1,0.75,0.25,8.74,-18.99,True
1.05,0.015,0.95,0.2,0.1,1.0,0.0,8.49,-16.44,True
1.05,0.015,0.95,0.2,0.2,0.0,1.0,9.69,-24.4,True
1.05,0.015,0.95,0.2,0.2,0.25,0.75,9.5,-22.34,True
1.05,0.015,0.95,0.2,0.2,0.5,0.5,9.3,-20.2,True
1.05,0.015,0.95,0.2,0.2,0.75,0.25,9.07,-17.97,True
1.05,0.015,0.95,0.2,0.2,1.0,0.0,8.82,-16.23,True
1.05,0.015,0.95,0.2,0.3,0.0,1.0,9.84,-22.64,True
1.05,0.015,0.95,0.2,0.3,0.25,0.75,9.65,-20.87,True
1.05,0.015,0.95,0.2,0.3,0.5,0.5,9.45,-19.6,True
1.05,0.015,0.95,0.2,0.3,0.75,0.25,9.23,-18.23,True
1.05,0.015,0.95,0.2,0.3,1.0,0.0,9.0,-16.75,True
1.05,0.015,0.95,0.3,0.0,0.0,1.0,10.13,-28.88,True
1.05,0.015,0.95,0.3,0.0,0.25,0.75,9.91,-26.41,True
1.05,0.015,0.95,0.3,0.0,0.5,0.5,9.66,-23.81,True
1.05,0.015,0.95,0.3,0.0,0.75,0.25,9.37,-21.07,True
1.05,0.015,0.95,0.3,0.0,1.0,0.0,9.05,-18.18,True
1.05,0.015,0.95,0.3,0.1,0.0,1.0,10.23,-27.13,True
1.05,0.015,0.95,0.3,0.1,0.25,0.75,10.01,-24.86,True
1.05,0.015,0.95,0.3,0.1,0.5,0.5,9.77,-22.46,True
1.05,0.015,0.95,0.3,0.1,0.75,0.25,9.49,-19.93,True
1.05,0.015,0.95,0.3,0.1,1.0,0.0,9.19,-17.25,True
1.05,0.015,0.95,0.3,0.2,0.0,1.0,9.95,-25.06,True
1.05,0.015,0.95,0.3,0.2,0.25,0.75,9.76,-23.0,True
1.05,0.015,0.95,0.3,0.2,0.5,0.5,9.55,-20.82,True
1.05,0.015,0.95,0.3,0.2,0.75,0.25,9.31,-18.53,True
1.05,0.015,0.95,0.3,0.2,1.0,0.0,9.04,-16.17,True
1.05,0.015,0.95,0.3,0.3,0.0,1.0,9.62,-22.87,True
1.05,0.015,0.95,0.3,0.3,0.25,0.75,9.47,-21.03,True
1.05,0.015,0.95,0.3,0.3,0.5,0.5,9.3,-19.61,True
1.05,0.015,0.95,0.3,0.3,0.75,0.25,9.11,-18.25,True
1.05,0.015,0.95,0.3,0.3,1.0,0.0,8.9,-16.78,True
1.05,0.015,0.95,0.4,0.0,0.0,1.0,9.93,-29.09,True
1.05,0.015,0.95,0.4,0.0,0.25,0.75,9.75,-26.63,True
1.05,0.015,0.95,0.4,0.0,0.5,0.5,9.53,-24.02,True
1.05,0.015,0.95,0.4,0.0,0.75,0.25,9.28,-21.27,True
1.05,0.015,0.95,0.4,0.0,1.0,0.0,8.98,-18.35,True
1.05,0.015,0.95,0.4,0.1,0.0,1.0,9.63,-27.07,True
1.05,0.015,0.95,0.4,0.1,0.25,0.75,9.48,-24.8,True
1.05,0.015,0.95,0.4,0.1,0.5,0.5,9.3,-22.41,True
1.05,0.015,0.95,0.4,0.1,0.75,0.25,9.08,-19.89,True
1.05,0.015,0.95,0.4,0.1,1.0,0.0,8.84,-17.23,True
1.05,0.015,0.95,0.4,0.2,0.0,1.0,9.35,-24.94,True
1.05,0.015,0.95,0.4,0.2,0.25,0.75,9.23,-22.9,True
1.05,0.015,0.95,0.4,0.2,0.5,0.5,9.09,-20.79,True
1.05,0.015,0.95,0.4,0.2,0.75,0.25,8.92,-18.8,True
1.05,0.015,0.95,0.4,0.2,1.0,0.0,8.73,-16.83,True
1.05,0.015,0.95,0.4,0.3,0.0,1.0,9.39,-22.83,True
1.05,0.015,0.95,0.4,0.3,0.25,0.75,9.28,-21.0,True
1.05,0.015,0.95,0.4,0.3,0.5,0.5,9.15,-19.63,True
1.05,0.015,0.95,0.4,0.3,0.75,0.25,9.0,-18.28,True
1.05,0.015,0.95,0.4,0.3,1.0,0.0,8.83,-16.81,True
1.05,0.015,0.97,0.1,0.0,0.0,1.0,2.83,-20.93,True
1.05,0.015,0.97,0.1,0.0,0.25,0.75,2.93,-18.49,True
1.05,0.015,0.97,0.1,0.0,0.5,0.5,3.0,-16.24,True
1.05,0.015,0.97,0.1,0.0,0.75,0.25,3.07,-14.39,True
1.05,0.015,0.97,0.1,0.0,1.0,0.0,3.11,-12.56,True
1.05,0.015,0.97,0.1,0.1,0.0,1.0,4.68,-17.88,True
1.05,0.015,0.97,0.1,0.1,0.25,0.75,4.7,-16.02,True
1.05,0.015,0.97,0.1,0.1,0.5,0.5,4.71,-14.17,True
1.05,0.015,0.97,0.1,0.1,0.75,0.25,4.71,-12.34,True
1.05,0.015,0.97,0.1,0.1,1.0,0.0,4.7,-10.52,True
1.05,0.015,0.97,0.1,0.2,0.0,1.0,6.09,-13.59,True
1.05,0.015,0.97,0.1,0.2,0.25,0.75,6.06,-12.89,True
1.05,0.015,0.97,0.1,0.2,0.5,0.5,6.03,-12.46,True
1.05,0.015,0.97,0.1,0.2,0.75,0.25,5.98,-12.04,True
1.05,0.015,0.97,0.1,0.2,1.0,0.0,5.92,-11.63,True
1.05,0.015,0.97,0.1,0.3,0.0,1.0,7.04,-17.67,True
1.05,0.015,0.97,0.1,0.3,0.25,0.75,7.0,-17.21,True
1.05,0.015,0.97,0.1,0.3,0.5,0.5,6.95,-16.76,True
1.05,0.015,0.97,0.1,0.3,0.75,0.25,6.88,-16.32,True
1.05,0.015,0.97,0.1,0.3,1.0,0.0,6.81,-15.88,True
1.05,0.015,0.97,0.2,0.0,0.0,1.0,5.83,-26.81,True
1.05,0.015,0.97,0.2,0.0,0.25,0.75,5.82,-24.41,True
1.05,0.015,0.97,0.2,0.0,0.5,0.5,5.78,-21.99,True
1.05,0.015,0.97,0.2,0.0,0.75,0.25,5.71,-19.54,True
1.05,0.015,0.97,0.2,0.0,1.0,0.0,5.6,-17.06,True
1.05,0.015,0.97,0.2,0.1,0.0,1.0,6.85,-23.86,True
1.05,0.015,0.97,0.2,0.1,0.25,0.75,6.78,-21.62,True
1.05,0.015,0.97,0.2,0.1,0.5,0.5,6.7,-19.36,True
1.05,0.015,0.97,0.2,0.1,0.75,0.25,6.59,-17.08,True
1.05,0.015,0.97,0.2,0.1,1.0,0.0,6.46,-14.78,True
1.05,0.015,0.97,0.2,0.2,0.0,1.0,7.61,-20.73,True
1.05,0.015,0.97,0.2,0.2,0.25,0.75,7.51,-18.69,True
1.05,0.015,0.97,0.2,0.2,0.5,0.5,7.4,-16.62,True
1.05,0.015,0.97,0.2,0.2,0.75,0.25,7.28,-14.54,True
1.05,0.015,0.97,0.2,0.2,1.0,0.0,7.13,-12.45,True
1.05,0.015,0.97,0.2,0.3,0.0,1.0,7.85,-17.49,True
1.05,0.015,0.97,0.2,0.3,0.25,0.75,7.81,-16.88,True
1.05,0.015,0.97,0.2,0.3,0.5,0.5,7.74,-16.4,True
1.05,0.015,0.97,0.2,0.3,0.75,0.25,7.64,-15.94,True
1.05,0.015,0.97,0.2,0.3,1.0,0.0,7.53,-15.49,True
1.05,0.015,0.97,0.3,0.0,0.0,1.0,7.08,-28.92,True
1.05,0.015,0.97,0.3,0.0,0.25,0.75,7.02,-26.25,True
1.05,0.015,0.97,0.3,0.0,0.5,0.5,6.92,-23.54,True
1.05,0.015,0.97,0.3,0.0,0.75,0.25,6.78,-20.81,True
1.05,0.015,0.97,0.3,0.0,1.0,0.0,6.6,-18.04,True
1.05,0.015,0.97,0.3,0.1,0.0,1.0,7.52,-25.48,True
1.05,0.015,0.97,0.3,0.1,0.25,0.75,7.46,-23.03,True
1.05,0.015,0.97,0.3,0.1,0.5,0.5,7.37,-20.54,True
1.05,0.015,0.97,0.3,0.1,0.75,0.25,7.24,-18.03,True
1.05,0.015,0.97,0.3,0.1,1.0,0.0,7.08,-15.49,True
1.05,0.015,0.97,0.3,0.2,0.0,1.0,7.58,-22.41,True
1.05,0.015,0.97,0.3,0.2,0.25,0.75,7.55,-20.15,True
1.05,0.015,0.97,0.3,0.2,0.5,0.5,7.49,-17.87,True
1.05,0.015,0.97,0.3,0.2,0.75,0.25,7.4,-15.57,True
1.05,0.015,0.97,0.3,0.2,1.0,0.0,7.28,-13.24,True
1.05,0.015,0.97,0.3,0.3,0.0,1.0,7.76,-19.35,True
1.05,0.015,0.97,0.3,0.3,0.25,0.75,7.73,-17.33,True
1.05,0.015,0.97,0.3,0.3,0.5,0.5,7.68,-16.04,True
1.05,0.015,0.97,0.3,0.3,0.75,0.25,7.61,-15.58,True
1.05,0.015,0.97,0.3,0.3,1.0,0.0,7.52,-15.14,True
1.05,0.015,0.97,0.4,0.0,0.0,1.0,7.28,-30.61,True
1.05,0.015,0.97,0.4,0.0,0.25,0.75,7.23,-27.76,True
1.05,0.015,0.97,0.4,0.0,0.5,0.5,7.13,-24.86,True
1.05,0.015,0.97,0.4,0.0,0.75,0.25,6.99,-21.92,True
1.05,0.015,0.97,0.4,0.0,1.0,0.0,6.81,-18.94,True
1.05,0.015,0.97,0.4,0.1,0.0,1.0,7.32,-27.46,True
1.05,0.015,0.97,0.4,0.1,0.25,0.75,7.29,-24.81,True
1.05,0.015,0.97,0.4,0.1,0.5,0.5,7.24,-22.12,True
1.05,0.015,0.97,0.4,0.1,0.75,0.25,7.14,-19.38,True
1.05,0.015,0.97,0.4,0.1,1.0,0.0,7.01,-16.61,True
1.05,0.015,0.97,0.4,0.2,0.0,1.0,7.64,-23.91,True
1.05,0.015,0.97,0.4,0.2,0.25,0.75,7.61,-21.55,True
1.05,0.015,0.97,0.4,0.2,0.5,0.5,7.55,-19.14,True
1.05,0.015,0.97,0.4,0.2,0.75,0.25,7.46,-16.69,True
1.05,0.015,0.97,0.4,0.2,1.0,0.0,7.35,-14.2,True
1.05,0.015,0.97,0.4,0.3,0.0,1.0,7.96,-20.01,True
1.05,0.015,0.97,0.4,0.3,0.25,0.75,7.92,-17.95,True
1.05,0.015,0.97,0.4,0.3,0.5,0.5,7.86,-16.04,True
1.05,0.015,0.97,0.4,0.3,0.75,0.25,7.78,-15.58,True
1.05,0.015,0.97,0.4,0.3,1.0,0.0,7.67,-15.13,True
1.05,0.015,0.99,0.1,0.0,0.0,1.0,4.42,-19.57,True
1.05,0.015,0.99,0.1,0.0,0.25,0.75,4.33,-17.54,True
1.05,0.015,0.99,0.1,0.0,0.5,0.5,4.23,-15.49,True
1.05,0.015,0.99,0.1,0.0,0.75,0.25,4.11,-13.4,True
1.05,0.015,0.99,0.1,0.0,1.0,0.0,3.98,-11.29,True
1.05,0.015,0.99,0.1,0.1,0.0,1.0,5.88,-15.99,True
1.05,0.015,0.99,0.1,0.1,0.25,0.75,5.76,-14.11,True
1.05,0.015,0.99,0.1,0.1,0.5,0.5,5.64,-12.2,True
1.05,0.015,0.99,0.1,0.1,0.75,0.25,5.5,-10.28,True
1.05,0.015,0.99,0.1,0.1,1.0,0.0,5.35,-9.03,True
1.05,0.015,0.99,0.1,0.2,0.0,1.0,6.98,-13.34,True
1.05,0.015,0.99,0.1,0.2,0.25,0.75,6.85,-12.35,True
1.05,0.015,0.99,0.1,0.2,0.5,0.5,6.71,-11.98,True
1.05,0.015,0.99,0.1,0.2,0.75,0.25,6.57,-11.62,True
1.05,0.015,0.99,0.1,0.2,1.0,0.0,6.4,-11.26,True
1.05,0.015,0.99,0.1,0.3,0.0,1.0,7.72,-17.62,True
1.05,0.015,0.99,0.1,0.3,0.25,0.75,7.59,-17.17,True
1.05,0.015,0.99,0.1,0.3,0.5,0.5,7.45,-16.73,True
1.05,0.015,0.99,0.1,0.3,0.75,0.25,7.3,-16.29,True
1.05,0.015,0.99,0.1,0.3,1.0,0.0,7.13,-15.86,True
1.05,0.015,0.99,0.2,0.0,0.0,1.0,6.81,-28.2,True
1.05,0.015,0.99,0.2,0.0,0.25,0.75,6.66,-25.93,True
1.05,0.015,0.99,0.2,0.0,0.5,0.5,6.49,-23.63,True
1.05,0.015,0.99,0.2,0.0,0.75,0.25,6.28,-21.3,True
1.05,0.015,0.99,0.2,0.0,1.0,0.0,6.03,-18.93,True
1.05,0.015,0.99,0.2,0.1,0.0,1.0,7.53,-25.9,True
1.05,0.015,0.99,0.2,0.1,0.25,0.75,7.37,-23.74,True
1.05,0.015,0.99,0.2,0.1,0.5,0.5,7.18,-21.55,True
1.05,0.015,0.99,0.2,0.1,0.75,0.25,6.96,-19.33,True
1.05,0.015,0.99,0.2,0.1,1.0,0.0,6.72,-17.08,True
1.05,0.015,0.99,0.2,0.2,0.0,1.0,8.13,-23.47,True
1.05,0.015,0.99,0.2,0.2,0.25,0.75,7.97,-21.44,True
1.05,0.015,0.99,0.2,0.2,0.5,0.5,7.78,-19.38,True
1.05,0.015,0.99,0.2,0.2,0.75,0.25,7.56,-17.3,True
1.05,0.015,0.99,0.2,0.2,1.0,0.0,7.31,-15.2,True
1.05,0.015,0.99,0.2,0.3,0.0,1.0,8.19,-20.91,True
1.05,0.015,0.99,0.2,0.3,0.25,0.75,8.08,-19.03,True
1.05,0.015,0.99,0.2,0.3,0.5,0.5,7.94,-17.24,True
1.05,0.015,0.99,0.2,0.3,0.75,0.25,7.78,-16.72,True
1.05,0.015,0.99,0.2,0.3,1.0,0.0,7.59,-16.2,True
1.05,0.015,0.99,0.3,0.0,0.0,1.0,7.64,-33.13,True
1.05,0.015,0.99,0.3,0.0,0.25,0.75,7.47,-30.51,True
1.05,0.015,0.99,0.3,0.0,0.5,0.5,7.27,-27.83,True
1.05,0.015,0.99,0.3,0.0,0.75,0.25,7.02,-25.09,True
1.05,0.015,0.99,0.3,0.0,1.0,0.0,6.73,-22.31,True
1.05,0.015,0.99,0.3,0.1,0.0,1.0,7.91,-30.53,True
1.05,0.015,0.99,0.3,0.1,0.25,0.75,7.77,-28.04,True
1.05,0.015,0.99,0.3,0.1,0.5,0.5,7.59,-25.5,True
1.05,0.015,0.99,0.3,0.1,0.75,0.25,7.38,-22.91,True
1.05,0.015,0.99,0.3,0.1,1.0,0.0,7.13,-20.28,True
1.05,0.015,0.99,0.3,0.2,0.0,1.0,7.79,-28.24,True
1.05,0.015,0.99,0.3,0.2,0.25,0.75,7.71,-25.87,True
1.05,0.015,0.99,0.3,0.2,0.5,0.5,7.59,-23.47,True
1.05,0.015,0.99,0.3,0.2,0.75,0.25,7.44,-21.02,True
1.05,0.015,0.99,0.3,0.2,1.0,0.0,7.26,-18.53,True
1.05,0.015,0.99,0.3,0.3,0.0,1.0,7.85,-25.8,True
1.05,0.015,0.99,0.3,0.3,0.25,0.75,7.78,-23.69,True
1.05,0.015,0.99,0.3,0.3,0.5,0.5,7.68,-21.51,True
1.05,0.015,0.99,0.3,0.3,0.75,0.25,7.57,-19.2,True
1.05,0.015,0.99,0.3,0.3,1.0,0.0,7.44,-16.84,True
1.05,0.015,0.99,0.4,0.0,0.0,1.0,7.61,-37.65,True
1.05,0.015,0.99,0.4,0.0,0.25,0.75,7.47,-34.75,True
1.05,0.015,0.99,0.4,0.0,0.5,0.5,7.29,-31.77,True
1.05,0.015,0.99,0.4,0.0,0.75,0.25,7.06,-28.72,True
1.05,0.015,0.99,0.4,0.0,1.0,0.0,6.78,-25.59,True
1.05,0.015,0.99,0.4,0.1,0.0,1.0,7.5,-35.4,True
1.05,0.015,0.99,0.4,0.1,0.25,0.75,7.41,-32.61,True
1.05,0.015,0.99,0.4,0.1,0.5,0.5,7.28,-29.75,True
1.05,0.015,0.99,0.4,0.1,0.75,0.25,7.12,-26.82,True
1.05,0.015,0.99,0.4,0.1,1.0,0.0,6.91,-23.83,True
1.05,0.015,0.99,0.4,0.2,0.0,1.0,7.75,-31.36,True
1.05,0.015,0.99,0.4,0.2,0.25,0.75,7.66,-28.89,True
1.05,0.015,0.99,0.4,0.2,0.5,0.5,7.55,-26.35,True
1.05,0.015,0.99,0.4,0.2,0.75,0.25,7.41,-23.75,True
1.05,0.015,0.99,0.4,0.2,1.0,0.0,7.23,-21.11,True
1.05,0.015,0.99,0.4,0.3,0.0,1.0,8.06,-26.4,True
1.05,0.015,0.99,0.4,0.3,0.25,0.75,7.97,-24.25,True
1.05,0.015,0.99,0.4,0.3,0.5,0.5,7.87,-22.04,True
1.05,0.015,0.99,0.4,0.3,0.75,0.25,7.74,-19.77,True
1.05,0.015,0.99,0.4,0.3,1.0,0.0,7.58,-17.49,True
1.05,0.015,1.0,0.1,0.0,0.0,1.0,1.34,-19.57,True
1.05,0.015,1.0,0.1,0.0,0.25,0.75,1.48,-17.54,True
1.05,0.015,1.0,0.1,0.0,0.5,0.5,1.62,-15.49,True
1.05,0.015,1.0,0.1,0.0,0.75,0.25,1.74,-13.4,True
1.05,0.015,1.0,0.1,0.0,1.0,0.0,1.85,-11.29,True
1.05,0.015,1.0,0.1,0.1,0.0,1.0,3.24,-15.99,True
1.05,0.015,1.0,0.1,0.1,0.25,0.75,3.33,-14.11,True
1.05,0.015,1.0,0.1,0.1,0.5,0.5,3.42,-12.2,True
1.05,0.015,1.0,0.1,0.1,0.75,0.25,3.49,-10.27,True
1.05,0.015,1.0,0.1,0.1,1.0,0.0,3.56,-8.31,True
1.05,0.015,1.0,0.1,0.2,0.0,1.0,4.61,-12.42,True
1.05,0.015,1.0,0.1,0.2,0.25,0.75,4.66,-11.69,True
1.05,0.015,1.0,0.1,0.2,0.5,0.5,4.7,-11.39,True
1.05,0.015,1.0,0.1,0.2,0.75,0.25,4.74,-11.09,True
1.05,0.015,1.0,0.1,0.2,1.0,0.0,4.78,-10.8,True
1.05,0.015,1.0,0.1,0.3,0.0,1.0,5.58,-16.7,True
1.05,0.015,1.0,0.1,0.3,0.25,0.75,5.62,-16.33,True
1.05,0.015,1.0,0.1,0.3,0.5,0.5,5.65,-15.97,True
1.05,0.015,1.0,0.1,0.3,0.75,0.25,5.68,-15.61,True
1.05,0.015,1.0,0.1,0.3,1.0,0.0,5.7,-15.25,True
1.05,0.015,1.0,0.2,0.0,0.0,1.0,2.84,-24.0,True
1.05,0.015,1.0,0.2,0.0,0.25,0.75,2.96,-21.98,True
1.05,0.015,1.0,0.2,0.0,0.5,0.5,3.06,-19.94,True
1.05,0.015,1.0,0.2,0.0,0.75,0.25,3.13,-17.87,True
1.05,0.015,1.0,0.2,0.0,1.0,0.0,3.19,-15.77,True
1.05,0.015,1.0,0.2,0.1,0.0,1.0,4.18,-22.02,True
1.05,0.015,1.0,0.2,0.1,0.25,0.75,4.26,-20.09,True
1.05,0.015,1.0,0.2,0.1,0.5,0.5,4.32,-18.14,True
1.05,0.015,1.0,0.2,0.1,0.75,0.25,4.37,-16.16,True
1.05,0.015,1.0,0.2,0.1,1.0,0.0,4.4,-14.16,True
1.05,0.015,1.0,0.2,0.2,0.0,1.0,5.3,-19.91,True
1.05,0.015,1.0,0.2,0.2,0.25,0.75,5.34,-18.1,True
1.05,0.015,1.0,0.2,0.2,0.5,0.5,5.37,-16.26,True
1.05,0.015,1.0,0.2,0.2,0.75,0.25,5.39,-14.41,True
1.05,0.015,1.0,0.2,0.2,1.0,0.0,5.4,-12.53,True
1.05,0.015,1.0,0.2,0.3,0.0,1.0,5.98,-17.66,True
1.05,0.015,1.0,0.2,0.3,0.25,0.75,6.03,-16.71,True
1.05,0.015,1.0,0.2,0.3,0.5,0.5,6.07,-16.28,True
1.05,0.015,1.0,0.2,0.3,0.75,0.25,6.09,-15.85,True
1.05,0.015,1.0,0.2,0.3,1.0,0.0,6.1,-15.43,True
1.05,0.015,1.0,0.3,0.0,0.0,1.0,3.64,-28.57,True
1.05,0.015,1.0,0.3,0.0,0.25,0.75,3.74,-26.19,True
1.05,0.015,1.0,0.3,0.0,0.5,0.5,3.81,-23.77,True
1.05,0.015,1.0,0.3,0.0,0.75,0.25,3.86,-21.3,True
1.05,0.015,1.0,0.3,0.0,1.0,0.0,3.88,-18.8,True
1.05,0.015,1.0,0.3,0.1,0.0,1.0,4.66,-26.25,True
1.05,0.015,1.0,0.3,0.1,0.25,0.75,4.74,-24.0,True
1.05,0.015,1.0,0.3,0.1,0.5,0.5,4.8,-21.7,True
1.05,0.015,1.0,0.3,0.1,0.75,0.25,4.84,-19.37,True
1.05,0.015,1.0,0.3,0.1,1.0,0.0,4.85,-17.01,True
1.05,0.015,1.0,0.3,0.2,0.0,1.0,5.31,-24.26,True
1.05,0.015,1.0,0.3,0.2,0.25,0.75,5.39,-22.12,True
1.05,0.015,1.0,0.3,0.2,0.5,0.5,5.45,-19.94,True
1.05,0.015,1.0,0.3,0.2,0.75,0.25,5.48,-17.73,True
1.05,0.015,1.0,0.3,0.2,1.0,0.0,5.5,-15.48,True
1.05,0.015,1.0,0.3,0.3,0.0,1.0,5.76,-22.31,True
1.05,0.015,1.0,0.3,0.3,0.25,0.75,5.85,-20.31,True
1.05,0.015,1.0,0.3,0.3,0.5,0.5,5.92,-18.24,True
1.05,0.015,1.0,0.3,0.3,0.75,0.25,5.98,-16.15,True
1.05,0.015,1.0,0.3,0.3,1.0,0.0,6.02,-15.62,True
1.05,0.015,1.0,0.4,0.0,0.0,1.0,3.73,-32.76,True
1.05,0.015,1.0,0.4,0.0,0.25,0.75,3.85,-30.09,True
1.05,0.015,1.0,0.4,0.0,0.5,0.5,3.94,-27.37,True
1.05,0.015,1.0,0.4,0.0,0.75,0.25,4.0,-24.59,True
1.05,0.015,1.0,0.4,0.0,1.0,0.0,4.03,-21.76,True
1.05,0.015,1.0,0.4,0.1,0.0,1.0,4.47,-30.78,True
1.05,0.015,1.0,0.4,0.1,0.25,0.75,4.59,-28.22,True
1.05,0.015,1.0,0.4,0.1,0.5,0.5,4.69,-25.6,True
1.05,0.015,1.0,0.4,0.1,0.75,0.25,4.76,-22.94,True
1.05,0.015,1.0,0.4,0.1,1.0,0.0,4.79,-20.22,True
1.05,0.015,1.0,0.4,0.2,0.0,1.0,5.14,-27.35,True
1.05,0.015,1.0,0.4,0.2,0.25,0.75,5.24,-25.06,True
1.05,0.015,1.0,0.4,0.2,0.5,0.5,5.33,-22.72,True
1.05,0.015,1.0,0.4,0.2,0.75,0.25,5.39,-20.32,True
1.05,0.015,1.0,0.4,0.2,1.0,0.0,5.43,-17.91,True
1.05,0.015,1.0,0.4,0.3,0.0,1.0,5.75,-22.95,True
1.05,0.015,1.0,0.4,0.3,0.25,0.75,5.84,-20.96,True
1.05,0.015,1.0,0.4,0.3,0.5,0.5,5.91,-18.92,True
1.05,0.015,1.0,0.4,0.3,0.75,0.25,5.97,-16.83,True
1.05,0.015,1.0,0.4,0.3,1.0,0.0,6.01,-15.63,True
1.05,0.015,1.01,0.1,0.0,0.0,1.0,2.85,-15.0,True
1.05,0.015,1.01,0.1,0.0,0.25,0.75,2.86,-13.29,True
1.05,0.015,1.01,0.1,0.0,0.5,0.5,2.87,-11.55,True
1.05,0.015,1.01,0.1,0.0,0.75,0.25,2.86,-10.06,True
1.05,0.015,1.01,0.1,0.0,1.0,0.0,2.85,-8.68,True
1.05,0.015,1.01,0.1,0.1,0.0,1.0,4.31,-11.77,True
1.05,0.015,1.01,0.1,0.1,0.25,0.75,4.31,-10.19,True
1.05,0.015,1.01,0.1,0.1,0.5,0.5,4.31,-9.02,True
1.05,0.015,1.01,0.1,0.1,0.75,0.25,4.3,-7.97,True
1.05,0.015,1.01,0.1,0.1,1.0,0.0,4.27,-6.91,True
1.05,0.015,1.01,0.1,0.2,0.0,1.0,5.44,-11.62,True
1.05,0.015,1.01,0.1,0.2,0.25,0.75,5.42,-11.34,True
1.05,0.015,1.01,0.1,0.2,0.5,0.5,5.4,-11.06,True
1.05,0.015,1.01,0.1,0.2,0.75,0.25,5.38,-10.78,True
1.05,0.015,1.01,0.1,0.2,1.0,0.0,5.35,-10.52,True
1.05,0.015,1.01,0.1,0.3,0.0,1.0,6.36,-16.24,True
1.05,0.015,1.01,0.1,0.3,0.25,0.75,6.33,-15.9,True
1.05,0.015,1.01,0.1,0.3,0.5,0.5,6.29,-15.56,True
1.05,0.015,1.01,0.1,0.3,0.75,0.25,6.24,-15.23,True
1.05,0.015,1.01,0.1,0.3,1.0,0.0,6.19,-14.9,True
1.05,0.015,1.01,0.2,0.0,0.0,1.0,4.64,-22.83,True
1.05,0.015,1.01,0.2,0.0,0.25,0.75,4.61,-20.88,True
1.05,0.015,1.01,0.2,0.0,0.5,0.5,4.55,-18.9,True
1.05,0.015,1.01,0.2,0.0,0.75,0.25,4.47,-16.9,True
1.05,0.015,1.01,0.2,0.0,1.0,0.0,4.37,-14.87,True
1.05,0.015,1.01,0.2,0.1,0.0,1.0,5.61,-20.85,True
1.05,0.015,1.01,0.2,0.1,0.25,0.75,5.56,-18.99,True
1.05,0.015,1.01,0.2,0.1,0.5,0.5,5.49,-17.11,True
1.05,0.015,1.01,0.2,0.1,0.75,0.25,5.41,-15.2,True
1.05,0.015,1.01,0.2,0.1,1.0,0.0,5.31,-13.28,True
1.05,0.015,1.01,0.2,0.2,0.0,1.0,6.36,-18.75,True
1.05,0.015,1.01,0.2,0.2,0.25,0.75,6.31,-17.0,True
1.05,0.015,1.01,0.2,0.2,0.5,0.5,6.24,-15.24,True
1.05,0.015,1.01,0.2,0.2,0.75,0.25,6.16,-13.45,True
1.05,0.015,1.01,0.2,0.2,1.0,0.0,6.07,-11.65,True
1.05,0.015,1.01,0.2,0.3,0.0,1.0,6.89,-16.58,True
1.05,0.015,1.01,0.2,0.3,0.25,0.75,6.85,-16.18,True
1.05,0.015,1.01,0.2,0.3,0.5,0.5,6.8,-15.78,True
1.05,0.015,1.01,0.2,0.3,0.75,0.25,6.73,-15.39,True
1.05,0.015,1.01,0.2,0.3,1.0,0.0,6.64,-14.99,True
1.05,0.015,1.01,0.3,0.0,0.0,1.0,5.41,-26.84,True
1.05,0.015,1.01,0.3,0.0,0.25,0.75,5.36,-24.55,True
1.05,0.015,1.01,0.3,0.0,0.5,0.5,5.28,-22.23,True
1.05,0.015,1.01,0.3,0.0,0.75,0.25,5.18,-19.87,True
1.05,0.015,1.01,0.3,0.0,1.0,0.0,5.04,-17.47,True
1.05,0.015,1.01,0.3,0.1,0.0,1.0,6.03,-24.51,True
1.05,0.015,1.01,0.3,0.1,0.25,0.75,5.99,-22.35,True
1.05,0.015,1.01,0.3,0.1,0.5,0.5,5.93,-20.16,True
1.05,0.015,1.01,0.3,0.1,0.75,0.25,5.84,-17.93,True
1.05,0.015,1.01,0.3,0.1,1.0,0.0,5.72,-15.69,True
1.05,0.015,1.01,0.3,0.2,0.0,1.0,6.39,-22.49,True
1.05,0.015,1.01,0.3,0.2,0.25,0.75,6.37,-20.45,True
1.05,0.015,1.01,0.3,0.2,0.5,0.5,6.33,-18.38,True
1.05,0.015,1.01,0.3,0.2,0.75,0.25,6.26,-16.29,True
1.05,0.015,1.01,0.3,0.2,1.0,0.0,6.17,-14.18,True
1.05,0.015,1.01,0.3,0.3,0.0,1.0,6.56,-20.55,True
1.05,0.015,1.01,0.3,0.3,0.25,0.75,6.57,-18.62,True
1.05,0.015,1.01,0.3,0.3,0.5,0.5,6.57,-16.69,True
1.05,0.015,1.01,0.3,0.3,0.75,0.25,6.55,-15.42,True
1.05,0.015,1.01,0.3,0.3,1.0,0.0,6.51,-14.94,True
1.05,0.015,1.01,0.4,0.0,0.0,1.0,5.41,-30.49,True
1.05,0.015,1.01,0.4,0.0,0.25,0.75,5.39,-27.95,True
1.05,0.015,1.01,0.4,0.0,0.5,0.5,5.33,-25.35,True
1.05,0.015,1.01,0.4,0.0,0.75,0.25,5.24,-22.7,True
1.05,0.015,1.01,0.4,0.0,1.0,0.0,5.12,-20.0,True
1.05,0.015,1.01,0.4,0.1,0.0,1.0,5.81,-28.48,True
1.05,0.015,1.01,0.4,0.1,0.25,0.75,5.81,-26.05,True
1.05,0.015,1.01,0.4,0.1,0.5,0.5,5.77,-23.57,True
1.05,0.015,1.01,0.4,0.1,0.75,0.25,5.71,-21.05,True
1.05,0.015,1.01,0.4,0.1,1.0,0.0,5.62,-18.49,True
1.05,0.015,1.01,0.4,0.2,0.0,1.0,6.08,-25.34,True
1.05,0.015,1.01,0.4,0.2,0.25,0.75,6.1,-23.19,True
1.05,0.015,1.01,0.4,0.2,0.5,0.5,6.09,-20.99,True
1.05,0.015,1.01,0.4,0.2,0.75,0.25,6.06,-18.73,True
1.05,0.015,1.01,0.4,0.2,1.0,0.0,6.01,-16.41,True
1.05,0.015,1.01,0.4,0.3,0.0,1.0,6.38,-21.27,True
1.05,0.015,1.01,0.4,0.3,0.25,0.75,6.41,-19.41,True
1.05,0.015,1.01,0.4,0.3,0.5,0.5,6.42,-17.49,True
1.05,0.015,1.01,0.4,0.3,0.75,0.25,6.41,-15.53,True
1.05,0.015,1.01,0.4,0.3,1.0,0.0,6.38,-14.96,True
1.05,0.015,1.02,0.1,0.0,0.0,1.0,2.28,-15.0,True
1.05,0.015,1.02,0.1,0.0,0.25,0.75,2.31,-13.29,True
1.05,0.015,1.02,0.1,0.0,0.5,0.5,2.33,-11.55,True
1.05,0.015,1.02,0.1,0.0,0.75,0.25,2.34,-10.06,True
1.05,0.015,1.02,0.1,0.0,1.0,0.0,2.35,-8.68,True
1.05,0.015,1.02,0.1,0.1,0.0,1.0,3.88,-11.77,True
1.05,0.015,1.02,0.1,0.1,0.25,0.75,3.89,-10.19,True
1.05,0.015,1.02,0.1,0.1,0.5,0.5,3.9,-8.58,True
1.05,0.015,1.02,0.1,0.1,0.75,0.25,3.9,-6.99,True
1.05,0.015,1.02,0.1,0.1,1.0,0.0,3.89,-5.99,True
1.05,0.015,1.02,0.1,0.2,0.0,1.0,5.05,-11.12,True
1.05,0.015,1.02,0.1,0.2,0.25,0.75,5.06,-10.89,True
1.05,0.015,1.02,0.1,0.2,0.5,0.5,5.05,-10.67,True
1.05,0.015,1.02,0.1,0.2,0.75,0.25,5.04,-10.46,True
1.05,0.015,1.02,0.1,0.2,1.0,0.0,5.02,-10.25,True
1.05,0.015,1.02,0.1,0.3,0.0,1.0,5.86,-15.97,True
1.05,0.015,1.02,0.1,0.3,0.25,0.75,5.86,-15.66,True
1.05,0.015,1.02,0.1,0.3,0.5,0.5,5.85,-15.36,True
1.05,0.015,1.02,0.1,0.3,0.75,0.25,5.84,-15.06,True
1.05,0.015,1.02,0.1,0.3,1.0,0.0,5.81,-14.76,True
1.05,0.015,1.02,0.2,0.0,0.0,1.0,3.36,-17.69,True
1.05,0.015,1.02,0.2,0.0,0.25,0.75,3.39,-16.08,True
1.05,0.015,1.02,0.2,0.0,0.5,0.5,3.4,-14.46,True
1.05,0.015,1.02,0.2,0.0,0.75,0.25,3.39,-12.82,True
1.05,0.015,1.02,0.2,0.0,1.0,0.0,3.35,-11.16,True
1.05,0.015,1.02,0.2,0.1,0.0,1.0,4.29,-16.24,True
1.05,0.015,1.02,0.2,0.1,0.25,0.75,4.33,-14.69,True
1.05,0.015,1.02,0.2,0.1,0.5,0.5,4.35,-13.13,True
1.05,0.015,1.02,0.2,0.1,0.75,0.25,4.35,-11.55,True
1.05,0.015,1.02,0.2,0.1,1.0,0.0,4.34,-9.96,True
1.05,0.015,1.02,0.2,0.2,0.0,1.0,5.02,-14.7,True
1.05,0.015,1.02,0.2,0.2,0.25,0.75,5.07,-13.23,True
1.05,0.015,1.02,0.2,0.2,0.5,0.5,5.1,-11.75,True
1.05,0.015,1.02,0.2,0.2,0.75,0.25,5.12,-11.35,True
1.05,0.015,1.02,0.2,0.2,1.0,0.0,5.12,-11.02,True
1.05,0.015,1.02,0.2,0.3,0.0,1.0,5.66,-16.87,True
1.05,0.015,1.02,0.2,0.3,0.25,0.75,5.72,-16.49,True
1.05,0.015,1.02,0.2,0.3,0.5,0.5,5.77,-16.11,True
1.05,0.015,1.02,0.2,0.3,0.75,0.25,5.79,-15.74,True
1.05,0.015,1.02,0.2,0.3,1.0,0.0,5.79,-15.34,True
1.05,0.015,1.02,0.3,0.0,0.0,1.0,3.23,-21.77,True
1.05,0.015,1.02,0.3,0.0,0.25,0.75,3.31,-19.81,True
1.05,0.015,1.02,0.3,0.0,0.5,0.5,3.37,-17.82,True
1.05,0.015,1.02,0.3,0.0,0.75,0.25,3.4,-15.8,True
1.05,0.015,1.02,0.3,0.0,1.0,0.0,3.4,-13.76,True
1.05,0.015,1.02,0.3,0.1,0.0,1.0,4.12,-19.98,True
1.05,0.015,1.02,0.3,0.1,0.25,0.75,4.2,-18.11,True
1.05,0.015,1.02,0.3,0.1,0.5,0.5,4.27,-16.22,True
1.05,0.015,1.02,0.3,0.1,0.75,0.25,4.3,-14.3,True
1.05,0.015,1.02,0.3,0.1,1.0,0.0,4.31,-12.37,True
1.05,0.015,1.02,0.3,0.2,0.0,1.0,4.78,-18.51,True
1.05,0.015,1.02,0.3,0.2,0.25,0.75,4.88,-16.72,True
1.05,0.015,1.02,0.3,0.2,0.5,0.5,4.96,-14.91,True
1.05,0.015,1.02,0.3,0.2,0.75,0.25,5.01,-13.09,True
1.05,0.015,1.02,0.3,0.2,1.0,0.0,5.04,-11.25,True
1.05,0.015,1.02,0.3,0.3,0.0,1.0,5.26,-17.08,True
1.05,0.015,1.02,0.3,0.3,0.25,0.75,5.37,-16.56,True
1.05,0.015,1.02,0.3,0.3,0.5,0.5,5.46,-16.1,True
1.05,0.015,1.02,0.3,0.3,0.75,0.25,5.54,-15.63,True
1.05,0.015,1.02,0.3,0.3,1.0,0.0,5.59,-15.18,True
1.05,0.015,1.02,0.4,0.0,0.0,1.0,2.98,-25.54,True
1.05,0.015,1.02,0.4,0.0,0.25,0.75,3.11,-23.29,True
1.05,0.015,1.02,0.4,0.0,0.5,0.5,3.21,-21.0,True
1.05,0.015,1.02,0.4,0.0,0.75,0.25,3.27,-18.68,True
1.05,0.015,1.02,0.4,0.0,1.0,0.0,3.31,-16.32,True
1.05,0.015,1.02,0.4,0.1,0.0,1.0,3.83,-24.06,True
1.05,0.015,1.02,0.4,0.1,0.25,0.75,3.97,-21.89,True
1.05,0.015,1.02,0.4,0.1,0.5,0.5,4.07,-19.7,True
1.05,0.015,1.02,0.4,0.1,0.75,0.25,4.15,-17.46,True
1.05,0.015,1.02,0.4,0.1,1.0,0.0,4.2,-15.19,True
1.05,0.015,1.02,0.4,0.2,0.0,1.0,4.43,-21.6,True
1.05,0.015,1.02,0.4,0.2,0.25,0.75,4.56,-19.65,True
1.05,0.015,1.02,0.4,0.2,0.5,0.5,4.68,-17.67,True
1.05,0.015,1.02,0.4,0.2,0.75,0.25,4.77,-15.64,True
1.05,0.015,1.02,0.4,0.2,1.0,0.0,4.84,-13.56,True
1.05,0.015,1.02,0.4,0.3,0.0,1.0,5.07,-18.05,True
1.05,0.015,1.02,0.4,0.3,0.25,0.75,5.17,-16.57,True
1.05,0.015,1.02,0.4,0.3,0.5,0.5,5.27,-16.1,True
1.05,0.015,1.02,0.4,0.3,0.75,0.25,5.35,-15.64,True
1.05,0.015,1.02,0.4,0.3,1.0,0.0,5.43,-15.18,True
1.05,0.02,0.95,0.1,0.0,0.0,1.0,-0.26,-25.01,True
1.05,0.02,0.95,0.1,0.0,0.25,0.75,0.01,-22.63,True
1.05,0.02,0.95,0.1,0.0,0.5,0.5,0.27,-20.14,True
1.05,0.02,0.95,0.1,0.0,0.75,0.25,0.51,-17.54,True
1.05,0.02,0.95,0.1,0.0,1.0,0.0,0.75,-15.13,True
1.05,0.02,0.95,0.1,0.1,0.0,1.0,2.2,-22.31,True
1.05,0.02,0.95,0.1,0.1,0.25,0.75,2.36,-20.83,True
1.05,0.02,0.95,0.1,0.1,0.5,0.5,2.51,-19.6,True
1.05,0.02,0.95,0.1,0.1,0.75,0.25,2.65,-18.29,True
1.05,0.02,0.95,0.1,0.1,1.0,0.0,2.8,-16.88,True
1.05,0.02,0.95,0.1,0.2,0.0,1.0,3.97,-22.71,True
1.05,0.02,0.95,0.1,0.2,0.25,0.75,4.08,-21.06,True
1.05,0.02,0.95,0.1,0.2,0.5,0.5,4.17,-20.0,True
1.05,0.02,0.95,0.1,0.2,0.75,0.25,4.27,-18.95,True
1.05,0.02,0.95,0.1,0.2,1.0,0.0,4.36,-17.83,True
1.05,0.02,0.95,0.1,0.3,0.0,1.0,5.33,-21.85,True
1.05,0.02,0.95,0.1,0.3,0.25,0.75,5.39,-21.07,True
1.05,0.02,0.95,0.1,0.3,0.5,0.5,5.45,-20.23,True
1.05,0.02,0.95,0.1,0.3,0.75,0.25,5.51,-19.35,True
1.05,0.02,0.95,0.1,0.3,1.0,0.0,5.56,-18.4,True
1.05,0.02,0.95,0.2,0.0,0.0,1.0,2.9,-28.03,True
1.05,0.02,0.95,0.2,0.0,0.25,0.75,3.06,-25.5,True
1.05,0.02,0.95,0.2,0.0,0.5,0.5,3.2,-22.96,True
1.05,0.02,0.95,0.2,0.0,0.75,0.25,3.32,-20.42,True
1.05,0.02,0.95,0.2,0.0,1.0,0.0,3.42,-17.89,True
1.05,0.02,0.95,0.2,0.1,0.0,1.0,4.86,-24.76,True
1.05,0.02,0.95,0.2,0.1,0.25,0.75,4.93,-22.65,True
1.05,0.02,0.95,0.2,0.1,0.5,0.5,4.98,-20.52,True
1.05,0.02,0.95,0.2,0.1,0.75,0.25,5.02,-18.38,True
1.05,0.02,0.95,0.2,0.1,1.0,0.0,5.04,-16.3,True
1.05,0.02,0.95,0.2,0.2,0.0,1.0,6.27,-21.99,True
1.05,0.02,0.95,0.2,0.2,0.25,0.75,6.27,-20.92,True
1.05,0.02,0.95,0.2,0.2,0.5,0.5,6.27,-19.75,True
1.05,0.02,0.95,0.2,0.2,0.75,0.25,6.25,-18.46,True
1.05,0.02,0.95,0.2,0.2,1.0,0.0,6.22,-17.04,True
1.05,0.02,0.95,0.2,0.3,0.0,1.0,7.12,-21.94,True
1.05,0.02,0.95,0.2,0.3,0.25,0.75,7.1,-20.99,True
1.05,0.02,0.95,0.2,0.3,0.5,0.5,7.08,-19.97,True
1.05,0.02,0.95,0.2,0.3,0.75,0.25,7.04,-18.86,True
1.05,0.02,0.95,0.2,0.3,1.0,0.0,6.99,-17.65,True
1.05,0.02,0.95,0.3,0.0,0.0,1.0,5.54,-27.37,True
1.05,0.02,0.95,0.3,0.0,0.25,0.75,5.57,-24.84,True
1.05,0.02,0.95,0.3,0.0,0.5,0.5,5.57,-22.31,True
1.05,0.02,0.95,0.3,0.0,0.75,0.25,5.54,-19.78,True
1.05,0.02,0.95,0.3,0.0,1.0,0.0,5.49,-17.26,True
1.05,0.02,0.95,0.3,0.1,0.0,1.0,6.79,-24.11,True
1.05,0.02,0.95,0.3,0.1,0.25,0.75,6.76,-21.98,True
1.05,0.02,0.95,0.3,0.1,0.5,0.5,6.71,-19.84,True
1.05,0.02,0.95,0.3,0.1,0.75,0.25,6.64,-17.8,True
1.05,0.02,0.95,0.3,0.1,1.0,0.0,6.54,-16.02,True
1.05,0.02,0.95,0.3,0.2,0.0,1.0,7.39,-22.03,True
1.05,0.02,0.95,0.3,0.2,0.25,0.75,7.35,-20.88,True
1.05,0.02,0.95,0.3,0.2,0.5,0.5,7.29,-19.63,True
1.05,0.02,0.95,0.3,0.2,0.75,0.25,7.21,-18.26,True
1.05,0.02,0.95,0.3,0.2,1.0,0.0,7.12,-16.75,True
1.05,0.02,0.95,0.3,0.3,0.0,1.0,7.84,-21.97,True
1.05,0.02,0.95,0.3,0.3,0.25,0.75,7.8,-20.95,True
1.05,0.02,0.95,0.3,0.3,0.5,0.5,7.75,-19.85,True
1.05,0.02,0.95,0.3,0.3,0.75,0.25,7.68,-18.66,True
1.05,0.02,0.95,0.3,0.3,1.0,0.0,7.6,-17.37,True
1.05,0.02,0.95,0.4,0.0,0.0,1.0,6.91,-25.9,True
1.05,0.02,0.95,0.4,0.0,0.25,0.75,6.87,-23.45,True
1.05,0.02,0.95,0.4,0.0,0.5,0.5,6.8,-20.99,True
1.05,0.02,0.95,0.4,0.0,0.75,0.25,6.7,-18.54,True
1.05,0.02,0.95,0.4,0.0,1.0,0.0,6.57,-16.09,True
1.05,0.02,0.95,0.4,0.1,0.0,1.0,7.5,-22.75,True
1.05,0.02,0.95,0.4,0.1,0.25,0.75,7.44,-20.79,True
1.05,0.02,0.95,0.4,0.1,0.5,0.5,7.37,-19.34,True
1.05,0.02,0.95,0.4,0.1,0.75,0.25,7.28,-17.73,True
1.05,0.02,0.95,0.4,0.1,1.0,0.0,7.16,-15.92,True
1.05,0.02,0.95,0.4,0.2,0.0,1.0,7.93,-22.04,True
1.05,0.02,0.95,0.4,0.2,0.25,0.75,7.87,-20.87,True
1.05,0.02,0.95,0.4,0.2,0.5,0.5,7.8,-19.58,True
1.05,0.02,0.95,0.4,0.2,0.75,0.25,7.71,-18.17,True
1.05,0.02,0.95,0.4,0.2,1.0,0.0,7.6,-16.62,True
1.05,0.02,0.95,0.4,0.3,0.0,1.0,8.12,-21.98,True
1.05,0.02,0.95,0.4,0.3,0.25,0.75,8.07,-20.95,True
1.05,0.02,0.95,0.4,0.3,0.5,0.5,8.01,-19.83,True
1.05,0.02,0.95,0.4,0.3,0.75,0.25,7.93,-18.62,True
1.05,0.02,0.95,0.4,0.3,1.0,0.0,7.83,-17.31,True
1.05,0.02,0.97,0.1,0.0,0.0,1.0,1.16,-20.84,True
1.05,0.02,0.97,0.1,0.0,0.25,0.75,1.25,-18.69,True
1.05,0.02,0.97,0.1,0.0,0.5,0.5,1.33,-16.44,True
1.05,0.02,0.97,0.1,0.0,0.75,0.25,1.41,-14.09,True
1.05,0.02,0.97,0.1,0.0,1.0,0.0,1.47,-11.63,True
1.05,0.02,0.97,0.1,0.1,0.0,1.0,3.09,-16.92,True
1.05,0.02,0.97,0.1,0.1,0.25,0.75,3.14,-14.91,True
1.05,0.02,0.97,0.1,0.1,0.5,0.5,3.18,-12.9,True
1.05,0.02,0.97,0.1,0.1,0.75,0.25,3.22,-10.87,True
1.05,0.02,0.97,0.1,0.1,1.0,0.0,3.26,-8.85,True
1.05,0.02,0.97,0.1,0.2,0.0,1.0,4.64,-14.54,True
1.05,0.02,0.97,0.1,0.2,0.25,0.75,4.66,-12.62,True
1.05,0.02,0.97,0.1,0.2,0.5,0.5,4.67,-10.68,True
1.05,0.02,0.97,0.1,0.2,0.75,0.25,4.68,-10.24,True
1.05,0.02,0.97,0.1,0.2,1.0,0.0,4.68,-10.1,True
1.05,0.02,0.97,0.1,0.3,0.0,1.0,5.83,-15.36,True
1.05,0.02,0.97,0.1,0.3,0.25,0.75,5.82,-15.15,True
1.05,0.02,0.97,0.1,0.3,0.5,0.5,5.81,-14.94,True
1.05,0.02,0.97,0.1,0.3,0.75,0.25,5.8,-14.73,True
1.05,0.02,0.97,0.1,0.3,1.0,0.0,5.78,-14.53,True
1.05,0.02,0.97,0.2,0.0,0.0,1.0,3.61,-21.04,True
1.05,0.02,0.97,0.2,0.0,0.25,0.75,3.61,-18.69,True
1.05,0.02,0.97,0.2,0.0,0.5,0.5,3.59,-16.44,True
1.05,0.02,0.97,0.2,0.0,0.75,0.25,3.55,-14.09,True
1.05,0.02,0.97,0.2,0.0,1.0,0.0,3.49,-11.63,True
1.05,0.02,0.97,0.2,0.1,0.0,1.0,5.39,-17.67,True
1.05,0.02,0.97,0.2,0.1,0.25,0.75,5.33,-15.46,True
1.05,0.02,0.97,0.2,0.1,0.5,0.5,5.26,-13.22,True
1.05,0.02,0.97,0.2,0.1,0.75,0.25,5.18,-10.95,True
1.05,0.02,0.97,0.2,0.1,1.0,0.0,5.08,-8.66,True
1.05,0.02,0.97,0.2,0.2,0.0,1.0,6.7,-14.13,True
1.05,0.02,0.97,0.2,0.2,0.25,0.75,6.61,-12.1,True
1.05,0.02,0.97,0.2,0.2,0.5,0.5,6.51,-11.46,True
1.05,0.02,0.97,0.2,0.2,0.75,0.25,6.38,-11.2,True
1.05,0.02,0.97,0.2,0.2,1.0,0.0,6.25,-10.94,True
1.05,0.02,0.97,0.2,0.3,0.0,1.0,7.38,-16.87,True
1.05,0.02,0.97,0.2,0.3,0.25,0.75,7.27,-16.51,True
1.05,0.02,0.97,0.2,0.3,0.5,0.5,7.16,-16.16,True
1.05,0.02,0.97,0.2,0.3,0.75,0.25,7.03,-15.83,True
1.05,0.02,0.97,0.2,0.3,1.0,0.0,6.89,-15.49,True
1.05,0.02,0.97,0.3,0.0,0.0,1.0,5.66,-20.84,True
1.05,0.02,0.97,0.3,0.0,0.25,0.75,5.56,-18.72,True
1.05,0.02,0.97,0.3,0.0,0.5,0.5,5.43,-16.48,True
1.05,0.02,0.97,0.3,0.0,0.75,0.25,5.27,-14.12,True
1.05,0.02,0.97,0.3,0.0,1.0,0.0,5.08,-11.63,True
1.05,0.02,0.97,0.3,0.1,0.0,1.0,6.7,-17.28,True
1.05,0.02,0.97,0.3,0.1,0.25,0.75,6.58,-15.05,True
1.05,0.02,0.97,0.3,0.1,0.5,0.5,6.43,-12.77,True
1.05,0.02,0.97,0.3,0.1,0.75,0.25,6.27,-10.89,True
1.05,0.02,0.97,0.3,0.1,1.0,0.0,6.08,-9.56,True
1.05,0.02,0.97,0.3,0.2,0.0,1.0,7.0,-14.15,True
1.05,0.02,0.97,0.3,0.2,0.25,0.75,6.92,-12.94,True
1.05,0.02,0.97,0.3,0.2,0.5,0.5,6.82,-12.53,True
1.05,0.02,0.97,0.3,0.2,0.75,0.25,6.7,-12.13,True
1.05,0.02,0.97,0.3,0.2,1.0,0.0,6.55,-11.74,True
1.05,0.02,0.97,0.3,0.3,0.0,1.0,7.14,-18.7,True
1.05,0.02,0.97,0.3,0.3,0.25,0.75,7.1,-18.16,True
1.05,0.02,0.97,0.3,0.3,0.5,0.5,7.05,-17.64,True
1.05,0.02,0.97,0.3,0.3,0.75,0.25,6.97,-17.14,True
1.05,0.02,0.97,0.3,0.3,1.0,0.0,6.89,-16.64,True
1.05,0.02,0.97,0.4,0.0,0.0,1.0,6.22,-22.05,True
1.05,0.02,0.97,0.4,0.0,0.25,0.75,6.11,-20.27,True
1.05,0.02,0.97,0.4,0.0,0.5,0.5,5.97,-18.49,True
1.05,0.02,0.97,0.4,0.0,0.75,0.25,5.79,-16.71,True
1.05,0.02,0.97,0.4,0.0,1.0,0.0,5.59,-14.94,True
1.05,0.02,0.97,0.4,0.1,0.0,1.0,6.5,-20.0,True
1.05,0.02,0.97,0.4,0.1,0.25,0.75,6.44,-18.25,True
1.05,0.02,0.97,0.4,0.1,0.5,0.5,6.35,-16.49,True
1.05,0.02,0.97,0.4,0.1,0.75,0.25,6.23,-14.73,True
1.05,0.02,0.97,0.4,0.1,1.0,0.0,6.09,-12.96,True
1.05,0.02,0.97,0.4,0.2,0.0,1.0,6.79,-18.78,True
1.05,0.02,0.97,0.4,0.2,0.25,0.75,6.75,-17.06,True
1.05,0.02,0.97,0.4,0.2,0.5,0.5,6.7,-15.34,True
1.05,0.02,0.97,0.4,0.2,0.75,0.25,6.62,-13.61,True
1.05,0.02,0.97,0.4,0.2,1.0,0.0,6.51,-12.43,True
1.05,0.02,0.97,0.4,0.3,0.0,1.0,7.16,-19.15,True
1.05,0.02,0.97,0.4,0.3,0.25,0.75,7.16,-18.56,True
1.05,0.02,0.97,0.4,0.3,0.5,0.5,7.12,-17.99,True
1.05,0.02,0.97,0.4,0.3,0.75,0.25,7.05,-17.44,True
1.05,0.02,0.97,0.4,0.3,1.0,0.0,6.96,-16.9,True
1.05,0.02,0.99,0.1,0.0,0.0,1.0,2.41,-17.14,True
1.05,0.02,0.99,0.1,0.0,0.25,0.75,2.37,-15.52,True
1.05,0.02,0.99,0.1,0.0,0.5,0.5,2.33,-13.89,True
1.05,0.02,0.99,0.1,0.0,0.75,0.25,2.27,-12.26,True
1.05,0.02,0.99,0.1,0.0,1.0,0.0,2.21,-10.62,True
1.05,0.02,0.99,0.1,0.1,0.0,1.0,4.01,-15.77,True
1.05,0.02,0.99,0.1,0.1,0.25,0.75,3.96,-14.11,True
1.05,0.02,0.99,0.1,0.1,0.5,0.5,3.92,-12.45,True
1.05,0.02,0.99,0.1,0.1,0.75,0.25,3.86,-10.79,True
1.05,0.02,0.99,0.1,0.1,1.0,0.0,3.81,-9.11,True
1.05,0.02,0.99,0.1,0.2,0.0,1.0,5.37,-13.43,True
1.05,0.02,0.99,0.1,0.2,0.25,0.75,5.31,-11.85,True
1.05,0.02,0.99,0.1,0.2,0.5,0.5,5.24,-10.74,True
1.05,0.02,0.99,0.1,0.2,0.75,0.25,5.17,-9.85,True
1.05,0.02,0.99,0.1,0.2,1.0,0.0,5.09,-9.74,True
1.05,0.02,0.99,0.1,0.3,0.0,1.0,6.53,-14.62,True
1.05,0.02,0.99,0.1,0.3,0.25,0.75,6.45,-14.46,True
1.05,0.02,0.99,0.1,0.3,0.5,0.5,6.36,-14.31,True
1.05,0.02,0.99,0.1,0.3,0.75,0.25,6.27,-14.15,True
1.05,0.02,0.99,0.1,0.3,1.0,0.0,6.17,-14.0,True
1.05,0.02,0.99,0.2,0.0,0.0,1.0,5.33,-19.68,True
1.05,0.02,0.99,0.2,0.0,0.25,0.75,5.16,-17.71,True
1.05,0.02,0.99,0.2,0.0,0.5,0.5,4.97,-15.73,True
1.05,0.02,0.99,0.2,0.0,0.75,0.25,4.77,-13.71,True
1.05,0.02,0.99,0.2,0.0,1.0,0.0,4.54,-11.68,True
1.05,0.02,0.99,0.2,0.1,0.0,1.0,6.74,-16.42,True
1.05,0.02,0.99,0.2,0.1,0.25,0.75,6.55,-14.59,True
1.05,0.02,0.99,0.2,0.1,0.5,0.5,6.34,-12.73,True
1.05,0.02,0.99,0.2,0.1,0.75,0.25,6.12,-10.85,True
1.05,0.02,0.99,0.2,0.1,1.0,0.0,5.88,-8.95,True
1.05,0.02,0.99,0.2,0.2,0.0,1.0,7.86,-12.98,True
1.05,0.02,0.99,0.2,0.2,0.25,0.75,7.64,-11.3,True
1.05,0.02,0.99,0.2,0.2,0.5,0.5,7.41,-10.68,True
1.05,0.02,0.99,0.2,0.2,0.75,0.25,7.17,-10.49,True
1.05,0.02,0.99,0.2,0.2,1.0,0.0,6.92,-10.3,True
1.05,0.02,0.99,0.2,0.3,0.0,1.0,8.59,-15.73,True
1.05,0.02,0.99,0.2,0.3,0.25,0.75,8.35,-15.46,True
1.05,0.02,0.99,0.2,0.3,0.5,0.5,8.11,-15.2,True
1.05,0.02,0.99,0.2,0.3,0.75,0.25,7.85,-14.94,True
1.05,0.02,0.99,0.2,0.3,1.0,0.0,7.59,-14.69,True
1.05,0.02,0.99,0.3,0.0,0.0,1.0,7.62,-19.37,True
1.05,0.02,0.99,0.3,0.0,0.25,0.75,7.32,-17.38,True
1.05,0.02,0.99,0.3,0.0,0.5,0.5,7.0,-15.36,True
1.05,0.02,0.99,0.3,0.0,0.75,0.25,6.65,-13.29,True
1.05,0.02,0.99,0.3,0.0,1.0,0.0,6.27,-11.19,True
1.05,0.02,0.99,0.3,0.1,0.0,1.0,8.5,-16.02,True
1.05,0.02,0.99,0.3,0.1,0.25,0.75,8.19,-14.16,True
1.05,0.02,0.99,0.3,0.1,0.5,0.5,7.86,-12.27,True
1.05,0.02,0.99,0.3,0.1,0.75,0.25,7.51,-10.34,True
1.05,0.02,0.99,0.3,0.1,1.0,0.0,7.13,-8.38,True
1.05,0.02,0.99,0.3,0.2,0.0,1.0,8.73,-12.74,True
1.05,0.02,0.99,0.3,0.2,0.25,0.75,8.45,-11.8,True
1.05,0.02,0.99,0.3,0.2,0.5,0.5,8.15,-11.49,True
1.05,0.02,0.99,0.3,0.2,0.75,0.25,7.84,-11.2,True
1.05,0.02,0.99,0.3,0.2,1.0,0.0,7.51,-10.91,True
1.05,0.02,0.99,0.3,0.3,0.0,1.0,8.63,-17.21,True
1.05,0.02,0.99,0.3,0.3,0.25,0.75,8.42,-16.8,True
1.05,0.02,0.99,0.3,0.3,0.5,0.5,8.2,-16.39,True
1.05,0.02,0.99,0.3,0.3,0.75,0.25,7.96,-16.0,True
1.05,0.02,0.99,0.3,0.3,1.0,0.0,7.71,-15.61,True
1.05,0.02,0.99,0.4,0.0,0.0,1.0,8.39,-19.29,True
1.05,0.02,0.99,0.4,0.0,0.25,0.75,8.06,-17.29,True
1.05,0.02,0.99,0.4,0.0,0.5,0.5,7.71,-15.5,True
1.05,0.02,0.99,0.4,0.0,0.75,0.25,7.33,-13.95,True
1.05,0.02,0.99,0.4,0.0,1.0,0.0,6.92,-12.39,True
1.05,0.02,0.99,0.4,0.1,0.0,1.0,8.53,-16.44,True
1.05,0.02,0.99,0.4,0.1,0.25,0.75,8.25,-14.9,True
1.05,0.02,0.99,0.4,0.1,0.5,0.5,7.95,-13.42,True
1.05,0.02,0.99,0.4,0.1,0.75,0.25,7.63,-11.96,True
1.05,0.02,0.99,0.4,0.1,1.0,0.0,7.27,-10.5,True
1.05,0.02,0.99,0.4,0.2,0.0,1.0,8.55,-15.19,True
1.05,0.02,0.99,0.4,0.2,0.25,0.75,8.33,-13.76,True
1.05,0.02,0.99,0.4,0.2,0.5,0.5,8.09,-12.33,True
1.05,0.02,0.99,0.4,0.2,0.75,0.25,7.82,-11.82,True
1.05,0.02,0.99,0.4,0.2,1.0,0.0,7.53,-11.45,True
1.05,0.02,0.99,0.4,0.3,0.0,1.0,8.71,-17.59,True
1.05,0.02,0.99,0.4,0.3,0.25,0.75,8.51,-17.13,True
1.05,0.02,0.99,0.4,0.3,0.5,0.5,8.3,-16.69,True
1.05,0.02,0.99,0.4,0.3,0.75,0.25,8.07,-16.25,True
1.05,0.02,0.99,0.4,0.3,1.0,0.0,7.82,-15.83,True
1.05,0.02,1.0,0.1,0.0,0.0,1.0,0.58,-17.14,True
1.05,0.02,1.0,0.1,0.0,0.25,0.75,0.67,-15.52,True
1.05,0.02,1.0,0.1,0.0,0.5,0.5,0.76,-13.89,True
1.05,0.02,1.0,0.1,0.0,0.75,0.25,0.85,-12.26,True
1.05,0.02,1.0,0.1,0.0,1.0,0.0,0.93,-10.62,True
1.05,0.02,1.0,0.1,0.1,0.0,1.0,2.3,-15.77,True
1.05,0.02,1.0,0.1,0.1,0.25,0.75,2.39,-14.11,True
1.05,0.02,1.0,0.1,0.1,0.5,0.5,2.48,-12.45,True
1.05,0.02,1.0,0.1,0.1,0.75,0.25,2.56,-10.79,True
1.05,0.02,1.0,0.1,0.1,1.0,0.0,2.64,-9.11,True
1.05,0.02,1.0,0.1,0.2,0.0,1.0,3.7,-13.43,True
1.05,0.02,1.0,0.1,0.2,0.25,0.75,3.77,-11.85,True
1.05,0.02,1.0,0.1,0.2,0.5,0.5,3.84,-10.25,True
1.05,0.02,1.0,0.1,0.2,0.75,0.25,3.9,-9.81,True
1.05,0.02,1.0,0.1,0.2,1.0,0.0,3.96,-9.96,True
1.05,0.02,1.0,0.1,0.3,0.0,1.0,4.96,-14.36,True
1.05,0.02,1.0,0.1,0.3,0.25,0.75,5.02,-14.22,True
1.05,0.02,1.0,0.1,0.3,0.5,0.5,5.06,-14.09,True
1.05,0.02,1.0,0.1,0.3,0.75,0.25,5.1,-13.95,True
1.05,0.02,1.0,0.1,0.3,1.0,0.0,5.14,-13.82,True
1.05,0.02,1.0,0.2,0.0,0.0,1.0,1.99,-19.68,True
1.05,0.02,1.0,0.2,0.0,0.25,0.75,2.06,-17.71,True
1.05,0.02,1.0,0.2,0.0,0.5,0.5,2.11,-15.73,True
1.05,0.02,1.0,0.2,0.0,0.75,0.25,2.15,-13.71,True
1.05,0.02,1.0,0.2,0.0,1.0,0.0,2.17,-11.68,True
1.05,0.02,1.0,0.2,0.1,0.0,1.0,3.81,-16.42,True
1.05,0.02,1.0,0.2,0.1,0.25,0.75,3.85,-14.59,True
1.05,0.02,1.0,0.2,0.1,0.5,0.5,3.87,-12.73,True
1.05,0.02,1.0,0.2,0.1,0.75,0.25,3.88,-10.85,True
1.05,0.02,1.0,0.2,0.1,1.0,0.0,3.88,-8.95,True
1.05,0.02,1.0,0.2,0.2,0.0,1.0,5.14,-12.98,True
1.05,0.02,1.0,0.2,0.2,0.25,0.75,5.15,-11.3,True
1.05,0.02,1.0,0.2,0.2,0.5,0.5,5.14,-10.35,True
1.05,0.02,1.0,0.2,0.2,0.75,0.25,5.13,-10.19,True
1.05,0.02,1.0,0.2,0.2,1.0,0.0,5.1,-10.04,True
1.05,0.02,1.0,0.2,0.3,0.0,1.0,6.19,-15.16,True
1.05,0.02,1.0,0.2,0.3,0.25,0.75,6.16,-14.94,True
1.05,0.02,1.0,0.2,0.3,0.5,0.5,6.13,-14.73,True
1.05,0.02,1.0,0.2,0.3,0.75,0.25,6.09,-14.52,True
1.05,0.02,1.0,0.2,0.3,1.0,0.0,6.04,-14.32,True
1.05,0.02,1.0,0.3,0.0,0.0,1.0,3.61,-19.37,True
1.05,0.02,1.0,0.3,0.0,0.25,0.75,3.59,-17.38,True
1.05,0.02,1.0,0.3,0.0,0.5,0.5,3.56,-15.36,True
1.05,0.02,1.0,0.3,0.0,0.75,0.25,3.5,-13.29,True
1.05,0.02,1.0,0.3,0.0,1.0,0.0,3.43,-11.19,True
1.05,0.02,1.0,0.3,0.1,0.0,1.0,5.03,-16.02,True
1.05,0.02,1.0,0.3,0.1,0.25,0.75,5.0,-14.16,True
1.05,0.02,1.0,0.3,0.1,0.5,0.5,4.94,-12.27,True
1.05,0.02,1.0,0.3,0.1,0.75,0.25,4.87,-10.34,True
1.05,0.02,1.0,0.3,0.1,1.0,0.0,4.79,-8.38,True
1.05,0.02,1.0,0.3,0.2,0.0,1.0,5.98,-12.74,True
1.05,0.02,1.0,0.3,0.2,0.25,0.75,5.94,-11.18,True
1.05,0.02,1.0,0.3,0.2,0.5,0.5,5.89,-10.94,True
1.05,0.02,1.0,0.3,0.2,0.75,0.25,5.82,-10.7,True
1.05,0.02,1.0,0.3,0.2,1.0,0.0,5.74,-10.48,True
1.05,0.02,1.0,0.3,0.3,0.0,1.0,6.43,-16.29,True
1.05,0.02,1.0,0.3,0.3,0.25,0.75,6.41,-15.96,True
1.05,0.02,1.0,0.3,0.3,0.5,0.5,6.39,-15.64,True
1.05,0.02,1.0,0.3,0.3,0.75,0.25,6.34,-15.32,True
1.05,0.02,1.0,0.3,0.3,1.0,0.0,6.29,-15.01,True
1.05,0.02,1.0,0.4,0.0,0.0,1.0,4.47,-19.29,True
1.05,0.02,1.0,0.4,0.0,0.25,0.75,4.42,-17.29,True
1.05,0.02,1.0,0.4,0.0,0.5,0.5,4.35,-15.24,True
1.05,0.02,1.0,0.4,0.0,0.75,0.25,4.25,-13.14,True
1.05,0.02,1.0,0.4,0.0,1.0,0.0,4.14,-11.0,True
1.05,0.02,1.0,0.4,0.1,0.0,1.0,5.57,-16.11,True
1.05,0.02,1.0,0.4,0.1,0.25,0.75,5.52,-14.23,True
1.05,0.02,1.0,0.4,0.1,0.5,0.5,5.45,-12.32,True
1.05,0.02,1.0,0.4,0.1,0.75,0.25,5.35,-10.36,True
1.05,0.02,1.0,0.4,0.1,1.0,0.0,5.24,-8.56,True
1.05,0.02,1.0,0.4,0.2,0.0,1.0,5.95,-12.87,True
1.05,0.02,1.0,0.4,0.2,0.25,0.75,5.93,-11.8,True
1.05,0.02,1.0,0.4,0.2,0.5,0.5,5.9,-11.48,True
1.05,0.02,1.0,0.4,0.2,0.75,0.25,5.85,-11.18,True
1.05,0.02,1.0,0.4,0.2,1.0,0.0,5.78,-10.89,True
1.05,0.02,1.0,0.4,0.3,0.0,1.0,6.34,-16.62,True
1.05,0.02,1.0,0.4,0.3,0.25,0.75,6.34,-16.25,True
1.05,0.02,1.0,0.4,0.3,0.5,0.5,6.33,-15.89,True
1.05,0.02,1.0,0.4,0.3,0.75,0.25,6.31,-15.54,True
1.05,0.02,1.0,0.4,0.3,1.0,0.0,6.28,-15.2,True
1.05,0.02,1.01,0.1,0.0,0.0,1.0,1.66,-13.35,True
1.05,0.02,1.01,0.1,0.0,0.25,0.75,1.66,-12.0,True
1.05,0.02,1.01,0.1,0.0,0.5,0.5,1.66,-10.65,True
1.05,0.02,1.01,0.1,0.0,0.75,0.25,1.65,-9.3,True
1.05,0.02,1.01,0.1,0.0,1.0,0.0,1.64,-7.94,True
1.05,0.02,1.01,0.1,0.1,0.0,1.0,3.12,-11.9,True
1.05,0.02,1.01,0.1,0.1,0.25,0.75,3.14,-10.53,True
1.05,0.02,1.01,0.1,0.1,0.5,0.5,3.16,-9.15,True
1.05,0.02,1.01,0.1,0.1,0.75,0.25,3.17,-7.77,True
1.05,0.02,1.01,0.1,0.1,1.0,0.0,3.18,-6.39,True
1.05,0.02,1.01,0.1,0.2,0.0,1.0,4.32,-9.82,True
1.05,0.02,1.01,0.1,0.2,0.25,0.75,4.33,-9.73,True
1.05,0.02,1.01,0.1,0.2,0.5,0.5,4.35,-9.64,True
1.05,0.02,1.01,0.1,0.2,0.75,0.25,4.36,-9.55,True
1.05,0.02,1.01,0.1,0.2,1.0,0.0,4.36,-9.46,True
1.05,0.02,1.01,0.1,0.3,0.0,1.0,5.44,-14.14,True
1.05,0.02,1.01,0.1,0.3,0.25,0.75,5.45,-14.01,True
1.05,0.02,1.01,0.1,0.3,0.5,0.5,5.45,-13.88,True
1.05,0.02,1.01,0.1,0.3,0.75,0.25,5.45,-13.76,True
1.05,0.02,1.01,0.1,0.3,1.0,0.0,5.45,-13.63,True
1.05,0.02,1.01,0.2,0.0,0.0,1.0,3.35,-15.11,True
1.05,0.02,1.01,0.2,0.0,0.25,0.75,3.3,-13.47,True
1.05,0.02,1.01,0.2,0.0,0.5,0.5,3.24,-11.8,True
1.05,0.02,1.01,0.2,0.0,0.75,0.25,3.16,-10.12,True
1.05,0.02,1.01,0.2,0.0,1.0,0.0,3.07,-8.41,True
1.05,0.02,1.01,0.2,0.1,0.0,1.0,4.8,-12.24,True
1.05,0.02,1.01,0.2,0.1,0.25,0.75,4.75,-10.7,True
1.05,0.02,1.01,0.2,0.1,0.5,0.5,4.69,-9.14,True
1.05,0.02,1.01,0.2,0.1,0.75,0.25,4.61,-7.57,True
1.05,0.02,1.01,0.2,0.1,1.0,0.0,4.53,-5.97,True
1.05,0.02,1.01,0.2,0.2,0.0,1.0,5.93,-10.45,True
1.05,0.02,1.01,0.2,0.2,0.25,0.75,5.86,-10.3,True
1.05,0.02,1.01,0.2,0.2,0.5,0.5,5.78,-10.15,True
1.05,0.02,1.01,0.2,0.2,0.75,0.25,5.7,-10.0,True
1.05,0.02,1.01,0.2,0.2,1.0,0.0,5.6,-9.85,True
1.05,0.02,1.01,0.2,0.3,0.0,1.0,6.86,-14.87,True
1.05,0.02,1.01,0.2,0.3,0.25,0.75,6.79,-14.67,True
1.05,0.02,1.01,0.2,0.3,0.5,0.5,6.69,-14.47,True
1.05,0.02,1.01,0.2,0.3,0.75,0.25,6.59,-14.27,True
1.05,0.02,1.01,0.2,0.3,1.0,0.0,6.48,-14.08,True
1.05,0.02,1.01,0.3,0.0,0.0,1.0,5.06,-14.79,True
1.05,0.02,1.01,0.3,0.0,0.25,0.75,4.91,-13.12,True
1.05,0.02,1.01,0.3,0.0,0.5,0.5,4.75,-11.41,True
1.05,0.02,1.01,0.3,0.0,0.75,0.25,4.58,-9.67,True
1.05,0.02,1.01,0.3,0.0,1.0,0.0,4.38,-7.91,True
1.05,0.02,1.01,0.3,0.1,0.0,1.0,6.19,-11.79,True
1.05,0.02,1.01,0.3,0.1,0.25,0.75,6.05,-10.23,True
1.05,0.02,1.01,0.3,0.1,0.5,0.5,5.89,-8.64,True
1.05,0.02,1.01,0.3,0.1,0.75,0.25,5.72,-7.22,True
1.05,0.02,1.01,0.3,0.1,1.0,0.0,5.53,-6.27,True
1.05,0.02,1.01,0.3,0.2,0.0,1.0,6.92,-11.13,True
1.05,0.02,1.01,0.3,0.2,0.25,0.75,6.79,-10.9,True
1.05,0.02,1.01,0.3,0.2,0.5,0.5,6.65,-10.68,True
1.05,0.02,1.01,0.3,0.2,0.75,0.25,6.5,-10.46,True
1.05,0.02,1.01,0.3,0.2,1.0,0.0,6.33,-10.25,True
1.05,0.02,1.01,0.3,0.3,0.0,1.0,7.38,-15.91,True
1.05,0.02,1.01,0.3,0.3,0.25,0.75,7.26,-15.61,True
1.05,0.02,1.01,0.3,0.3,0.5,0.5,7.13,-15.3,True
1.05,0.02,1.01,0.3,0.3,0.75,0.25,6.99,-15.01,True
1.05,0.02,1.01,0.3,0.3,1.0,0.0,6.84,-14.72,True
1.05,0.02,1.01,0.4,0.0,0.0,1.0,5.99,-14.7,True
1.05,0.02,1.01,0.4,0.0,0.25,0.75,5.81,-13.11,True
1.05,0.02,1.01,0.4,0.0,0.5,0.5,5.61,-11.83,True
1.05,0.02,1.01,0.4,0.0,0.75,0.25,5.38,-10.56,True
1.05,0.02,1.01,0.4,0.0,1.0,0.0,5.13,-9.28,True
1.05,0.02,1.01,0.4,0.1,0.0,1.0,6.79,-13.66,True
1.05,0.02,1.01,0.4,0.1,0.25,0.75,6.63,-12.39,True
1.05,0.02,1.01,0.4,0.1,0.5,0.5,6.45,-11.12,True
1.05,0.02,1.01,0.4,0.1,0.75,0.25,6.25,-9.85,True
1.05,0.02,1.01,0.4,0.1,1.0,0.0,6.03,-8.57,True
1.05,0.02,1.01,0.4,0.2,0.0,1.0,7.06,-12.65,True
1.05,0.02,1.01,0.4,0.2,0.25,0.75,6.94,-11.49,True
1.05,0.02,1.01,0.4,0.2,0.5,0.5,6.8,-11.19,True
1.05,0.02,1.01,0.4,0.2,0.75,0.25,6.64,-10.91,True
1.05,0.02,1.01,0.4,0.2,1.0,0.0,6.46,-10.63,True
1.05,0.02,1.01,0.4,0.3,0.0,1.0,7.26,-16.25,True
1.05,0.02,1.01,0.4,0.3,0.25,0.75,7.17,-15.91,True
1.05,0.02,1.01,0.4,0.3,0.5,0.5,7.07,-15.57,True
1.05,0.02,1.01,0.4,0.3,0.75,0.25,6.95,-15.24,True
1.05,0.02,1.01,0.4,0.3,1.0,0.0,6.82,-14.91,True
1.05,0.02,1.02,0.1,0.0,0.0,1.0,1.46,-13.35,True
1.05,0.02,1.02,0.1,0.0,0.25,0.75,1.46,-12.0,True
1.05,0.02,1.02,0.1,0.0,0.5,0.5,1.45,-10.65,True
1.05,0.02,1.02,0.1,0.0,0.75,0.25,1.44,-9.3,True
1.05,0.02,1.02,0.1,0.0,1.0,0.0,1.43,-7.94,True
1.05,0.02,1.02,0.1,0.1,0.0,1.0,2.95,-11.9,True
1.05,0.02,1.02,0.1,0.1,0.25,0.75,2.97,-10.53,True
1.05,0.02,1.02,0.1,0.1,0.5,0.5,2.98,-9.15,True
1.05,0.02,1.02,0.1,0.1,0.75,0.25,3.0,-7.77,True
1.05,0.02,1.02,0.1,0.1,1.0,0.0,3.0,-6.39,True
1.05,0.02,1.02,0.1,0.2,0.0,1.0,4.19,-9.73,True
1.05,0.02,1.02,0.1,0.2,0.25,0.75,4.2,-9.66,True
1.05,0.02,1.02,0.1,0.2,0.5,0.5,4.21,-9.59,True
1.05,0.02,1.02,0.1,0.2,0.75,0.25,4.22,-9.52,True
1.05,0.02,1.02,0.1,0.2,1.0,0.0,4.23,-9.67,True
1.05,0.02,1.02,0.1,0.3,0.0,1.0,5.3,-14.01,True
1.05,0.02,1.02,0.1,0.3,0.25,0.75,5.31,-13.91,True
1.05,0.02,1.02,0.1,0.3,0.5,0.5,5.31,-13.81,True
1.05,0.02,1.02,0.1,0.3,0.75,0.25,5.31,-13.71,True
1.05,0.02,1.02,0.1,0.3,1.0,0.0,5.31,-13.61,True
1.05,0.02,1.02,0.2,0.0,0.0,1.0,2.74,-15.11,True
1.05,0.02,1.02,0.2,0.0,0.25,0.75,2.72,-13.47,True
1.05,0.02,1.02,0.2,0.0,0.5,0.5,2.67,-11.8,True
1.05,0.02,1.02,0.2,0.0,0.75,0.25,2.62,-10.12,True
1.05,0.02,1.02,0.2,0.0,1.0,0.0,2.55,-8.41,True
1.05,0.02,1.02,0.2,0.1,0.0,1.0,4.26,-12.24,True
1.05,0.02,1.02,0.2,0.1,0.25,0.75,4.24,-10.7,True
1.05,0.02,1.02,0.2,0.1,0.5,0.5,4.2,-9.14,True
1.05,0.02,1.02,0.2,0.1,0.75,0.25,4.15,-7.57,True
1.05,0.02,1.02,0.2,0.1,1.0,0.0,4.08,-6.45,True
1.05,0.02,1.02,0.2,0.2,0.0,1.0,5.43,-10.69,True
1.05,0.02,1.02,0.2,0.2,0.25,0.75,5.39,-10.53,True
1.05,0.02,1.02,0.2,0.2,0.5,0.5,5.34,-10.38,True
1.05,0.02,1.02,0.2,0.2,0.75,0.25,5.28,-10.22,True
1.05,0.02,1.02,0.2,0.2,1.0,0.0,5.21,-10.07,True
1.05,0.02,1.02,0.2,0.3,0.0,1.0,6.38,-15.33,True
1.05,0.02,1.02,0.2,0.3,0.25,0.75,6.31,-15.12,True
1.05,0.02,1.02,0.2,0.3,0.5,0.5,6.24,-14.9,True
1.05,0.02,1.02,0.2,0.3,0.75,0.25,6.17,-14.69,True
1.05,0.02,1.02,0.2,0.3,1.0,0.0,6.08,-14.49,True
1.05,0.02,1.02,0.3,0.0,0.0,1.0,3.94,-14.79,True
1.05,0.02,1.02,0.3,0.0,0.25,0.75,3.86,-13.12,True
1.05,0.02,1.02,0.3,0.0,0.5,0.5,3.76,-11.41,True
1.05,0.02,1.02,0.3,0.0,0.75,0.25,3.64,-9.67,True
1.05,0.02,1.02,0.3,0.0,1.0,0.0,3.5,-8.52,True
1.05,0.02,1.02,0.3,0.1,0.0,1.0,5.22,-11.79,True
1.05,0.02,1.02,0.3,0.1,0.25,0.75,5.14,-10.39,True
1.05,0.02,1.02,0.3,0.1,0.5,0.5,5.03,-9.73,True
1.05,0.02,1.02,0.3,0.1,0.75,0.25,4.92,-9.06,True
1.05,0.02,1.02,0.3,0.1,1.0,0.0,4.79,-8.38,True
1.05,0.02,1.02,0.3,0.2,0.0,1.0,6.1,-11.47,True
1.05,0.02,1.02,0.3,0.2,0.25,0.75,6.02,-11.24,True
1.05,0.02,1.02,0.3,0.2,0.5,0.5,5.93,-11.01,True
1.05,0.02,1.02,0.3,0.2,0.75,0.25,5.82,-10.79,True
1.05,0.02,1.02,0.3,0.2,1.0,0.0,5.7,-10.57,True
1.05,0.02,1.02,0.3,0.3,0.0,1.0,6.35,-16.19,True
1.05,0.02,1.02,0.3,0.3,0.25,0.75,6.33,-15.9,True
1.05,0.02,1.02,0.3,0.3,0.5,0.5,6.29,-15.61,True
1.05,0.02,1.02,0.3,0.3,0.75,0.25,6.23,-15.32,True
1.05,0.02,1.02,0.3,0.3,1.0,0.0,6.16,-15.04,True
1.05,0.02,1.02,0.4,0.0,0.0,1.0,4.58,-14.7,True
1.05,0.02,1.02,0.4,0.0,0.25,0.75,4.48,-13.02,True
1.05,0.02,1.02,0.4,0.0,0.5,0.5,4.36,-11.4,True
1.05,0.02,1.02,0.4,0.0,0.75,0.25,4.21,-10.59,True
1.05,0.02,1.02,0.4,0.0,1.0,0.0,4.04,-9.78,True
1.05,0.02,1.02,0.4,0.1,0.0,1.0,5.54,-11.88,True
1.05,0.02,1.02,0.4,0.1,0.25,0.75,5.46,-10.82,True
1.05,0.02,1.02,0.4,0.1,0.5,0.5,5.35,-10.19,True
1.05,0.02,1.02,0.4,0.1,0.75,0.25,5.22,-9.55,True
1.05,0.02,1.02,0.4,0.1,1.0,0.0,5.08,-8.89,True
1.05,0.02,1.02,0.4,0.2,0.0,1.0,5.8,-11.98,True
1.05,0.02,1.02,0.4,0.2,0.25,0.75,5.77,-11.7,True
1.05,0.02,1.02,0.4,0.2,0.5,0.5,5.73,-11.42,True
1.05,0.02,1.02,0.4,0.2,0.75,0.25,5.66,-11.15,True
1.05,0.02,1.02,0.4,0.2,1.0,0.0,5.58,-10.89,True
1.05,0.02,1.02,0.4,0.3,0.0,1.0,6.07,-16.42,True
1.05,0.02,1.02,0.4,0.3,0.25,0.75,6.08,-16.1,True
1.05,0.02,1.02,0.4,0.3,0.5,0.5,6.07,-15.79,True
1.05,0.02,1.02,0.4,0.3,0.75,0.25,6.06,-15.48,True
1.05,0.02,1.02,0.4,0.3,1.0,0.0,6.03,-15.18,True
1.05,0.025,0.95,0.1,0.0,0.0,1.0,-0.49,-30.82,True
1.05,0.025,0.95,0.1,0.0,0.25,0.75,-0.32,-28.09,True
1.05,0.025,0.95,0.1,0.0,0.5,0.5,-0.16,-25.29,True
1.05,0.025,0.95,0.1,0.0,0.75,0.25,-0.0,-22.36,True
1.05,0.025,0.95,0.1,0.0,1.0,0.0,0.15,-19.25,True
1.05,0.025,0.95,0.1,0.1,0.0,1.0,2.03,-25.38,True
1.05,0.025,0.95,0.1,0.1,0.25,0.75,2.1,-22.92,True
1.05,0.025,0.95,0.1,0.1,0.5,0.5,2.17,-20.39,True
1.05,0.025,0.95,0.1,0.1,0.75,0.25,2.24,-18.4,True
1.05,0.025,0.95,0.1,0.1,1.0,0.0,2.3,-17.09,True
1.05,0.025,0.95,0.1,0.2,0.0,1.0,3.78,-21.86,True
1.05,0.025,0.95,0.1,0.2,0.25,0.75,3.79,-21.0,True
1.05,0.025,0.95,0.1,0.2,0.5,0.5,3.81,-20.1,True
1.05,0.025,0.95,0.1,0.2,0.75,0.25,3.82,-19.14,True
1.05,0.025,0.95,0.1,0.2,1.0,0.0,3.84,-18.13,True
1.05,0.025,0.95,0.1,0.3,0.0,1.0,5.04,-21.8,True
1.05,0.025,0.95,0.1,0.3,0.25,0.75,5.03,-21.1,True
1.05,0.025,0.95,0.1,0.3,0.5,0.5,5.03,-20.36,True
1.05,0.025,0.95,0.1,0.3,0.75,0.25,5.02,-19.59,True
1.05,0.025,0.95,0.1,0.3,1.0,0.0,5.01,-18.77,True
1.05,0.025,0.95,0.2,0.0,0.0,1.0,1.55,-25.01,True
1.05,0.025,0.95,0.2,0.0,0.25,0.75,1.62,-22.66,True
1.05,0.025,0.95,0.2,0.0,0.5,0.5,1.69,-20.18,True
1.05,0.025,0.95,0.2,0.0,0.75,0.25,1.74,-17.96,True
1.05,0.025,0.95,0.2,0.0,1.0,0.0,1.78,-15.86,True
1.05,0.025,0.95,0.2,0.1,0.0,1.0,3.66,-25.24,True
1.05,0.025,0.95,0.2,0.1,0.25,0.75,3.66,-23.12,True
1.05,0.025,0.95,0.2,0.1,0.5,0.5,3.66,-20.99,True
1.05,0.025,0.95,0.2,0.1,0.75,0.25,3.65,-18.87,True
1.05,0.025,0.95,0.2,0.1,1.0,0.0,3.63,-16.76,True
1.05,0.025,0.95,0.2,0.2,0.0,1.0,5.29,-22.84,True
1.05,0.025,0.95,0.2,0.2,0.25,0.75,5.23,-21.07,True
1.05,0.025,0.95,0.2,0.2,0.5,0.5,5.17,-19.89,True
1.05,0.025,0.95,0.2,0.2,0.75,0.25,5.1,-18.75,True
1.05,0.025,0.95,0.2,0.2,1.0,0.0,5.03,-17.52,True
1.05,0.025,0.95,0.2,0.3,0.0,1.0,6.49,-21.9,True
1.05,0.025,0.95,0.2,0.3,0.25,0.75,6.42,-21.03,True
1.05,0.025,0.95,0.2,0.3,0.5,0.5,6.33,-20.1,True
1.05,0.025,0.95,0.2,0.3,0.75,0.25,6.23,-19.12,True
1.05,0.025,0.95,0.2,0.3,1.0,0.0,6.13,-18.06,True
1.05,0.025,0.95,0.3,0.0,0.0,1.0,3.03,-29.36,True
1.05,0.025,0.95,0.3,0.0,0.25,0.75,3.04,-26.77,True
1.05,0.025,0.95,0.3,0.0,0.5,0.5,3.04,-24.19,True
1.05,0.025,0.95,0.3,0.0,0.75,0.25,3.02,-21.6,True
1.05,0.025,0.95,0.3,0.0,1.0,0.0,2.98,-19.01,True
1.05,0.025,0.95,0.3,0.1,0.0,1.0,5.26,-25.49,True
1.05,0.025,0.95,0.3,0.1,0.25,0.75,5.18,-23.33,True
1.05,0.025,0.95,0.3,0.1,0.5,0.5,5.09,-21.16,True
1.05,0.025,0.95,0.3,0.1,0.75,0.25,4.98,-18.99,True
1.05,0.025,0.95,0.3,0.1,1.0,0.0,4.86,-16.81,True
1.05,0.025,0.95,0.3,0.2,0.0,1.0,6.65,-22.38,True
1.05,0.025,0.95,0.3,0.2,0.25,0.75,6.56,-20.92,True
1.05,0.025,0.95,0.3,0.2,0.5,0.5,6.45,-19.75,True
1.05,0.025,0.95,0.3,0.2,0.75,0.25,6.32,-18.47,True
1.05,0.025,0.95,0.3,0.2,1.0,0.0,6.16,-17.06,True
1.05,0.025,0.95,0.3,0.3,0.0,1.0,7.22,-21.94,True
1.05,0.025,0.95,0.3,0.3,0.25,0.75,7.11,-21.01,True
1.05,0.025,0.95,0.3,0.3,0.5,0.5,6.99,-20.0,True
1.05,0.025,0.95,0.3,0.3,0.75,0.25,6.86,-18.92,True
1.05,0.025,0.95,0.3,0.3,1.0,0.0,6.72,-17.76,True
1.05,0.025,0.95,0.4,0.0,0.0,1.0,4.81,-29.12,True
1.05,0.025,0.95,0.4,0.0,0.25,0.75,4.73,-26.51,True
1.05,0.025,0.95,0.4,0.0,0.5,0.5,4.63,-23.89,True
1.05,0.025,0.95,0.4,0.0,0.75,0.25,4.51,-21.28,True
1.05,0.025,0.95,0.4,0.0,1.0,0.0,4.36,-18.67,True
1.05,0.025,0.95,0.4,0.1,0.0,1.0,6.55,-25.6,True
1.05,0.025,0.95,0.4,0.1,0.25,0.75,6.43,-23.42,True
1.05,0.025,0.95,0.4,0.1,0.5,0.5,6.29,-21.22,True
1.05,0.025,0.95,0.4,0.1,0.75,0.25,6.13,-19.02,True
1.05,0.025,0.95,0.4,0.1,1.0,0.0,5.94,-16.8,True
1.05,0.025,0.95,0.4,0.2,0.0,1.0,6.99,-22.03,True
1.05,0.025,0.95,0.4,0.2,0.25,0.75,6.86,-20.92,True
1.05,0.025,0.95,0.4,0.2,0.5,0.5,6.72,-19.72,True
1.05,0.025,0.95,0.4,0.2,0.75,0.25,6.56,-18.41,True
1.05,0.025,0.95,0.4,0.2,1.0,0.0,6.39,-16.97,True
1.05,0.025,0.95,0.4,0.3,0.0,1.0,7.33,-21.95,True
1.05,0.025,0.95,0.4,0.3,0.25,0.75,7.21,-20.99,True
1.05,0.025,0.95,0.4,0.3,0.5,0.5,7.09,-19.96,True
1.05,0.025,0.95,0.4,0.3,0.75,0.25,6.95,-18.85,True
1.05,0.025,0.95,0.4,0.3,1.0,0.0,6.8,-17.66,True
1.05,0.025,0.97,0.1,0.0,0.0,1.0,0.72,-26.97,True
1.05,0.025,0.97,0.1,0.0,0.25,0.75,0.77,-24.44,True
1.05,0.025,0.97,0.1,0.0,0.5,0.5,0.82,-21.84,True
1.05,0.025,0.97,0.1,0.0,0.75,0.25,0.87,-19.14,True
1.05,0.025,0.97,0.1,0.0,1.0,0.0,0.91,-16.27,True
1.05,0.025,0.97,0.1,0.1,0.0,1.0,2.81,-21.99,True
1.05,0.025,0.97,0.1,0.1,0.25,0.75,2.81,-19.7,True
1.05,0.025,0.97,0.1,0.1,0.5,0.5,2.81,-17.36,True
1.05,0.025,0.97,0.1,0.1,0.75,0.25,2.81,-14.94,True
1.05,0.025,0.97,0.1,0.1,1.0,0.0,2.81,-12.42,True
1.05,0.025,0.97,0.1,0.2,0.0,1.0,4.32,-16.57,True
1.05,0.025,0.97,0.1,0.2,0.25,0.75,4.29,-14.58,True
1.05,0.025,0.97,0.1,0.2,0.5,0.5,4.26,-12.52,True
1.05,0.025,0.97,0.1,0.2,0.75,0.25,4.23,-10.36,True
1.05,0.025,0.97,0.1,0.2,1.0,0.0,4.2,-10.11,True
1.05,0.025,0.97,0.1,0.3,0.0,1.0,5.5,-12.86,True
1.05,0.025,0.97,0.1,0.3,0.25,0.75,5.46,-12.82,True
1.05,0.025,0.97,0.1,0.3,0.5,0.5,5.41,-12.79,True
1.05,0.025,0.97,0.1,0.3,0.75,0.25,5.36,-12.75,True
1.05,0.025,0.97,0.1,0.3,1.0,0.0,5.31,-12.72,True
1.05,0.025,0.97,0.2,0.0,0.0,1.0,3.37,-20.84,True
1.05,0.025,0.97,0.2,0.0,0.25,0.75,3.28,-18.71,True
1.05,0.025,0.97,0.2,0.0,0.5,0.5,3.17,-16.48,True
1.05,0.025,0.97,0.2,0.0,0.75,0.25,3.05,-14.12,True
1.05,0.025,0.97,0.2,0.0,1.0,0.0,2.92,-11.63,True
1.05,0.025,0.97,0.2,0.1,0.0,1.0,4.92,-16.67,True
1.05,0.025,0.97,0.2,0.1,0.25,0.75,4.81,-14.67,True
1.05,0.025,0.97,0.2,0.1,0.5,0.5,4.69,-12.58,True
1.05,0.025,0.97,0.2,0.1,0.75,0.25,4.57,-10.39,True
1.05,0.025,0.97,0.2,0.1,1.0,0.0,4.44,-8.75,True
1.05,0.025,0.97,0.2,0.2,0.0,1.0,6.19,-12.98,True
1.05,0.025,0.97,0.2,0.2,0.25,0.75,6.06,-11.87,True
1.05,0.025,0.97,0.2,0.2,0.5,0.5,5.93,-10.78,True
1.05,0.025,0.97,0.2,0.2,0.75,0.25,5.78,-9.68,True
1.05,0.025,0.97,0.2,0.2,1.0,0.0,5.63,-8.95,True
1.05,0.025,0.97,0.2,0.3,0.0,1.0,7.22,-13.14,True
1.05,0.025,0.97,0.2,0.3,0.25,0.75,7.08,-13.12,True
1.05,0.025,0.97,0.2,0.3,0.5,0.5,6.94,-13.1,True
1.05,0.025,0.97,0.2,0.3,0.75,0.25,6.78,-13.02,True
1.05,0.025,0.97,0.2,0.3,1.0,0.0,6.6,-12.95,True
1.05,0.025,0.97,0.3,0.0,0.0,1.0,5.24,-20.84,True
1.05,0.025,0.97,0.3,0.0,0.25,0.75,5.04,-18.71,True
1.05,0.025,0.97,0.3,0.0,0.5,0.5,4.83,-16.47,True
1.05,0.025,0.97,0.3,0.0,0.75,0.25,4.6,-14.12,True
1.05,0.025,0.97,0.3,0.0,1.0,0.0,4.36,-11.63,True
1.05,0.025,0.97,0.3,0.1,0.0,1.0,6.78,-16.6,True
1.05,0.025,0.97,0.3,0.1,0.25,0.75,6.56,-14.59,True
1.05,0.025,0.97,0.3,0.1,0.5,0.5,6.33,-12.49,True
1.05,0.025,0.97,0.3,0.1,0.75,0.25,6.08,-10.29,True
1.05,0.025,0.97,0.3,0.1,1.0,0.0,5.82,-8.34,True
1.05,0.025,0.97,0.3,0.2,0.0,1.0,7.88,-12.47,True
1.05,0.025,0.97,0.3,0.2,0.25,0.75,7.65,-11.36,True
1.05,0.025,0.97,0.3,0.2,0.5,0.5,7.41,-10.24,True
1.05,0.025,0.97,0.3,0.2,0.75,0.25,7.16,-9.16,True
1.05,0.025,0.97,0.3,0.2,1.0,0.0,6.89,-9.12,True
1.05,0.025,0.97,0.3,0.3,0.0,1.0,8.57,-13.29,True
1.05,0.025,0.97,0.3,0.3,0.25,0.75,8.35,-13.26,True
1.05,0.025,0.97,0.3,0.3,0.5,0.5,8.09,-13.22,True
1.05,0.025,0.97,0.3,0.3,0.75,0.25,7.83,-13.19,True
1.05,0.025,0.97,0.3,0.3,1.0,0.0,7.56,-13.16,True
1.05,0.025,0.97,0.4,0.0,0.0,1.0,7.14,-20.84,True
1.05,0.025,0.97,0.4,0.0,0.25,0.75,6.84,-18.71,True
1.05,0.025,0.97,0.4,0.0,0.5,0.5,6.52,-16.47,True
1.05,0.025,0.97,0.4,0.0,0.75,0.25,6.18,-14.11,True
1.05,0.025,0.97,0.4,0.0,1.0,0.0,5.81,-11.63,True
1.05,0.025,0.97,0.4,0.1,0.0,1.0,8.36,-16.54,True
1.05,0.025,0.97,0.4,0.1,0.25,0.75,8.06,-14.54,True
1.05,0.025,0.97,0.4,0.1,0.5,0.5,7.75,-12.44,True
1.05,0.025,0.97,0.4,0.1,0.75,0.25,7.41,-10.25,True
1.05,0.025,0.97,0.4,0.1,1.0,0.0,7.05,-8.36,True
1.05,0.025,0.97,0.4,0.2,0.0,1.0,8.81,-12.23,True
1.05,0.025,0.97,0.4,0.2,0.25,0.75,8.49,-11.13,True
1.05,0.025,0.97,0.4,0.2,0.5,0.5,8.16,-10.02,True
1.05,0.025,0.97,0.4,0.2,0.75,0.25,7.82,-9.24,True
1.05,0.025,0.97,0.4,0.2,1.0,0.0,7.46,-9.21,True
1.05,0.025,0.97,0.4,0.3,0.0,1.0,8.94,-13.44,True
1.05,0.025,0.97,0.4,0.3,0.25,0.75,8.64,-13.4,True
1.05,0.025,0.97,0.4,0.3,0.5,0.5,8.33,-13.35,True
1.05,0.025,0.97,0.4,0.3,0.75,0.25,8.02,-13.31,True
1.05,0.025,0.97,0.4,0.3,1.0,0.0,7.7,-13.26,True
1.05,0.025,0.99,0.1,0.0,0.0,1.0,1.61,-22.54,True
1.05,0.025,0.99,0.1,0.0,0.25,0.75,1.58,-20.43,True
1.05,0.025,0.99,0.1,0.0,0.5,0.5,1.54,-18.26,True
1.05,0.025,0.99,0.1,0.0,0.75,0.25,1.5,-16.02,True
1.05,0.025,0.99,0.1,0.0,1.0,0.0,1.46,-13.64,True
1.05,0.025,0.99,0.1,0.1,0.0,1.0,3.46,-18.07,True
1.05,0.025,0.99,0.1,0.1,0.25,0.75,3.4,-16.16,True
1.05,0.025,0.99,0.1,0.1,0.5,0.5,3.34,-14.2,True
1.05,0.025,0.99,0.1,0.1,0.75,0.25,3.28,-12.18,True
1.05,0.025,0.99,0.1,0.1,1.0,0.0,3.21,-10.08,True
1.05,0.025,0.99,0.1,0.2,0.0,1.0,4.82,-13.12,True
1.05,0.025,0.99,0.1,0.2,0.25,0.75,4.75,-11.47,True
1.05,0.025,0.99,0.1,0.2,0.5,0.5,4.67,-9.76,True
1.05,0.025,0.99,0.1,0.2,0.75,0.25,4.59,-9.48,True
1.05,0.025,0.99,0.1,0.2,1.0,0.0,4.52,-9.67,True
1.05,0.025,0.99,0.1,0.3,0.0,1.0,5.93,-12.75,True
1.05,0.025,0.99,0.1,0.3,0.25,0.75,5.84,-12.73,True
1.05,0.025,0.99,0.1,0.3,0.5,0.5,5.75,-12.7,True
1.05,0.025,0.99,0.1,0.3,0.75,0.25,5.66,-12.67,True
1.05,0.025,0.99,0.1,0.3,1.0,0.0,5.57,-12.65,True
1.05,0.025,0.99,0.2,0.0,0.0,1.0,4.54,-16.04,True
1.05,0.025,0.99,0.2,0.0,0.25,0.75,4.33,-14.37,True
1.05,0.025,0.99,0.2,0.0,0.5,0.5,4.11,-12.62,True
1.05,0.025,0.99,0.2,0.0,0.75,0.25,3.88,-10.77,True
1.05,0.025,0.99,0.2,0.0,1.0,0.0,3.63,-8.81,True
1.05,0.025,0.99,0.2,0.1,0.0,1.0,5.8,-13.71,True
1.05,0.025,0.99,0.2,0.1,0.25,0.75,5.6,-12.46,True
1.05,0.025,0.99,0.2,0.1,0.5,0.5,5.39,-11.21,True
1.05,0.025,0.99,0.2,0.1,0.75,0.25,5.18,-9.97,True
1.05,0.025,0.99,0.2,0.1,1.0,0.0,4.96,-8.72,True
1.05,0.025,0.99,0.2,0.2,0.0,1.0,6.9,-13.17,True
1.05,0.025,0.99,0.2,0.2,0.25,0.75,6.69,-12.04,True
1.05,0.025,0.99,0.2,0.2,0.5,0.5,6.48,-10.91,True
1.05,0.025,0.99,0.2,0.2,0.75,0.25,6.27,-9.77,True
1.05,0.025,0.99,0.2,0.2,1.0,0.0,6.04,-8.85,True
1.05,0.025,0.99,0.2,0.3,0.0,1.0,7.85,-13.02,True
1.05,0.025,0.99,0.2,0.3,0.25,0.75,7.64,-12.97,True
1.05,0.025,0.99,0.2,0.3,0.5,0.5,7.42,-12.91,True
1.05,0.025,0.99,0.2,0.3,0.75,0.25,7.2,-12.86,True
1.05,0.025,0.99,0.2,0.3,1.0,0.0,6.96,-12.81,True
1.05,0.025,0.99,0.3,0.0,0.0,1.0,6.5,-16.04,True
1.05,0.025,0.99,0.3,0.0,0.25,0.75,6.17,-14.37,True
1.05,0.025,0.99,0.3,0.0,0.5,0.5,5.84,-12.61,True
1.05,0.025,0.99,0.3,0.0,0.75,0.25,5.48,-10.76,True
1.05,0.025,0.99,0.3,0.0,1.0,0.0,5.11,-9.23,True
1.05,0.025,0.99,0.3,0.1,0.0,1.0,7.83,-13.6,True
1.05,0.025,0.99,0.3,0.1,0.25,0.75,7.5,-12.28,True
1.05,0.025,0.99,0.3,0.1,0.5,0.5,7.15,-10.97,True
1.05,0.025,0.99,0.3,0.1,0.75,0.25,6.79,-9.66,True
1.05,0.025,0.99,0.3,0.1,1.0,0.0,6.42,-8.35,True
1.05,0.025,0.99,0.3,0.2,0.0,1.0,8.81,-12.6,True
1.05,0.025,0.99,0.3,0.2,0.25,0.75,8.48,-11.45,True
1.05,0.025,0.99,0.3,0.2,0.5,0.5,8.14,-10.31,True
1.05,0.025,0.99,0.3,0.2,0.75,0.25,7.78,-9.17,True
1.05,0.025,0.99,0.3,0.2,1.0,0.0,7.41,-8.97,True
1.05,0.025,0.99,0.3,0.3,0.0,1.0,9.43,-13.08,True
1.05,0.025,0.99,0.3,0.3,0.25,0.75,9.12,-13.06,True
1.05,0.025,0.99,0.3,0.3,0.5,0.5,8.79,-13.04,True
1.05,0.025,0.99,0.3,0.3,0.75,0.25,8.45,-13.02,True
1.05,0.025,0.99,0.3,0.3,1.0,0.0,8.07,-12.97,True
1.05,0.025,0.99,0.4,0.0,0.0,1.0,8.51,-16.04,True
1.05,0.025,0.99,0.4,0.0,0.25,0.75,8.08,-14.37,True
1.05,0.025,0.99,0.4,0.0,0.5,0.5,7.62,-12.61,True
1.05,0.025,0.99,0.4,0.0,0.75,0.25,7.14,-10.99,True
1.05,0.025,0.99,0.4,0.0,1.0,0.0,6.63,-9.43,True
1.05,0.025,0.99,0.4,0.1,0.0,1.0,9.58,-13.8,True
1.05,0.025,0.99,0.4,0.1,0.25,0.75,9.15,-12.44,True
1.05,0.025,0.99,0.4,0.1,0.5,0.5,8.71,-11.08,True
1.05,0.025,0.99,0.4,0.1,0.75,0.25,8.24,-9.73,True
1.05,0.025,0.99,0.4,0.1,1.0,0.0,7.75,-8.38,True
1.05,0.025,0.99,0.4,0.2,0.0,1.0,9.96,-12.45,True
1.05,0.025,0.99,0.4,0.2,0.25,0.75,9.54,-11.3,True
1.05,0.025,0.99,0.4,0.2,0.5,0.5,9.1,-10.15,True
1.05,0.025,0.99,0.4,0.2,0.75,0.25,8.63,-9.07,True
1.05,0.025,0.99,0.4,0.2,1.0,0.0,8.13,-9.05,True
1.05,0.025,0.99,0.4,0.3,0.0,1.0,10.06,-13.13,True
1.05,0.025,0.99,0.4,0.3,0.25,0.75,9.63,-13.1,True
1.05,0.025,0.99,0.4,0.3,0.5,0.5,9.2,-13.07,True
1.05,0.025,0.99,0.4,0.3,0.75,0.25,8.75,-13.05,True
1.05,0.025,0.99,0.4,0.3,1.0,0.0,8.3,-13.02,True
1.05,0.025,1.0,0.1,0.0,0.0,1.0,0.13,-22.54,True
1.05,0.025,1.0,0.1,0.0,0.25,0.75,0.2,-20.43,True
1.05,0.025,1.0,0.1,0.0,0.5,0.5,0.28,-18.26,True
1.05,0.025,1.0,0.1,0.0,0.75,0.25,0.35,-16.02,True
1.05,0.025,1.0,0.1,0.0,1.0,0.0,0.42,-13.64,True
1.05,0.025,1.0,0.1,0.1,0.0,1.0,2.17,-18.07,True
1.05,0.025,1.0,0.1,0.1,0.25,0.75,2.21,-16.16,True
1.05,0.025,1.0,0.1,0.1,0.5,0.5,2.25,-14.2,True
1.05,0.025,1.0,0.1,0.1,0.75,0.25,2.29,-12.18,True
1.05,0.025,1.0,0.1,0.1,1.0,0.0,2.32,-10.08,True
1.05,0.025,1.0,0.1,0.2,0.0,1.0,3.63,-13.12,True
1.05,0.025,1.0,0.1,0.2,0.25,0.75,3.65,-11.47,True
1.05,0.025,1.0,0.1,0.2,0.5,0.5,3.67,-11.04,True
1.05,0.025,1.0,0.1,0.2,0.75,0.25,3.68,-11.07,True
1.05,0.025,1.0,0.1,0.2,1.0,0.0,3.7,-11.09,True
1.05,0.025,1.0,0.1,0.3,0.0,1.0,4.78,-13.08,True
1.05,0.025,1.0,0.1,0.3,0.25,0.75,4.78,-13.16,True
1.05,0.025,1.0,0.1,0.3,0.5,0.5,4.79,-13.24,True
1.05,0.025,1.0,0.1,0.3,0.75,0.25,4.79,-13.33,True
1.05,0.025,1.0,0.1,0.3,1.0,0.0,4.79,-13.41,True
1.05,0.025,1.0,0.2,0.0,0.0,1.0,1.8,-16.04,True
1.05,0.025,1.0,0.2,0.0,0.25,0.75,1.78,-14.37,True
1.05,0.025,1.0,0.2,0.0,0.5,0.5,1.77,-12.62,True
1.05,0.025,1.0,0.2,0.0,0.75,0.25,1.75,-10.77,True
1.05,0.025,1.0,0.2,0.0,1.0,0.0,1.73,-8.81,True
1.05,0.025,1.0,0.2,0.1,0.0,1.0,3.46,-12.38,True
1.05,0.025,1.0,0.2,0.1,0.25,0.75,3.43,-10.8,True
1.05,0.025,1.0,0.2,0.1,0.5,0.5,3.4,-9.15,True
1.05,0.025,1.0,0.2,0.1,0.75,0.25,3.36,-7.41,True
1.05,0.025,1.0,0.2,0.1,1.0,0.0,3.33,-5.78,True
1.05,0.025,1.0,0.2,0.2,0.0,1.0,4.67,-9.01,True
1.05,0.025,1.0,0.2,0.2,0.25,0.75,4.64,-8.97,True
1.05,0.025,1.0,0.2,0.2,0.5,0.5,4.6,-8.93,True
1.05,0.025,1.0,0.2,0.2,0.75,0.25,4.56,-9.1,True
1.05,0.025,1.0,0.2,0.2,1.0,0.0,4.52,-9.28,True
1.05,0.025,1.0,0.2,0.3,0.0,1.0,5.62,-13.02,True
1.05,0.025,1.0,0.2,0.3,0.25,0.75,5.57,-12.97,True
1.05,0.025,1.0,0.2,0.3,0.5,0.5,5.52,-12.91,True
1.05,0.025,1.0,0.2,0.3,0.75,0.25,5.47,-12.86,True
1.05,0.025,1.0,0.2,0.3,1.0,0.0,5.42,-12.81,True
1.05,0.025,1.0,0.3,0.0,0.0,1.0,2.83,-16.04,True
1.05,0.025,1.0,0.3,0.0,0.25,0.75,2.77,-14.37,True
1.05,0.025,1.0,0.3,0.0,0.5,0.5,2.7,-12.61,True
1.05,0.025,1.0,0.3,0.0,0.75,0.25,2.63,-10.76,True
1.05,0.025,1.0,0.3,0.0,1.0,0.0,2.55,-8.81,True
1.05,0.025,1.0,0.3,0.1,0.0,1.0,4.28,-12.31,True
1.05,0.025,1.0,0.3,0.1,0.25,0.75,4.22,-10.72,True
1.05,0.025,1.0,0.3,0.1,0.5,0.5,4.14,-9.07,True
1.05,0.025,1.0,0.3,0.1,0.75,0.25,4.06,-7.34,True
1.05,0.025,1.0,0.3,0.1,1.0,0.0,3.97,-5.54,True
1.05,0.025,1.0,0.3,0.2,0.0,1.0,5.36,-9.09,True
1.05,0.025,1.0,0.3,0.2,0.25,0.75,5.29,-9.08,True
1.05,0.025,1.0,0.3,0.2,0.5,0.5,5.21,-9.06,True
1.05,0.025,1.0,0.3,0.2,0.75,0.25,5.13,-9.03,True
1.05,0.025,1.0,0.3,0.2,1.0,0.0,5.04,-8.97,True
1.05,0.025,1.0,0.3,0.3,0.0,1.0,6.17,-13.08,True
1.05,0.025,1.0,0.3,0.3,0.25,0.75,6.1,-13.06,True
1.05,0.025,1.0,0.3,0.3,0.5,0.5,6.03,-13.04,True
1.05,0.025,1.0,0.3,0.3,0.75,0.25,5.96,-13.02,True
1.05,0.025,1.0,0.3,0.3,1.0,0.0,5.87,-12.97,True
1.05,0.025,1.0,0.4,0.0,0.0,1.0,3.73,-16.04,True
1.05,0.025,1.0,0.4,0.0,0.25,0.75,3.62,-14.37,True
1.05,0.025,1.0,0.4,0.0,0.5,0.5,3.5,-12.61,True
1.05,0.025,1.0,0.4,0.0,0.75,0.25,3.38,-10.76,True
1.05,0.025,1.0,0.4,0.0,1.0,0.0,3.24,-8.81,True
1.05,0.025,1.0,0.4,0.1,0.0,1.0,5.01,-12.29,True
1.05,0.025,1.0,0.4,0.1,0.25,0.75,4.9,-10.7,True
1.05,0.025,1.0,0.4,0.1,0.5,0.5,4.79,-9.04,True
1.05,0.025,1.0,0.4,0.1,0.75,0.25,4.67,-7.3,True
1.05,0.025,1.0,0.4,0.1,1.0,0.0,4.54,-5.85,True
1.05,0.025,1.0,0.4,0.2,0.0,1.0,5.84,-9.12,True
1.05,0.025,1.0,0.4,0.2,0.25,0.75,5.75,-9.11,True
1.05,0.025,1.0,0.4,0.2,0.5,0.5,5.65,-9.09,True
1.05,0.025,1.0,0.4,0.2,0.75,0.25,5.54,-9.07,True
1.05,0.025,1.0,0.4,0.2,1.0,0.0,5.42,-9.05,True
1.05,0.025,1.0,0.4,0.3,0.0,1.0,6.55,-13.13,True
1.05,0.025,1.0,0.4,0.3,0.25,0.75,6.46,-13.1,True
1.05,0.025,1.0,0.4,0.3,0.5,0.5,6.36,-13.07,True
1.05,0.025,1.0,0.4,0.3,0.75,0.25,6.26,-13.05,True
1.05,0.025,1.0,0.4,0.3,1.0,0.0,6.15,-13.02,True
1.05,0.025,1.01,0.1,0.0,0.0,1.0,0.84,-16.09,True
1.05,0.025,1.01,0.1,0.0,0.25,0.75,0.86,-14.42,True
1.05,0.025,1.01,0.1,0.0,0.5,0.5,0.87,-12.72,True
1.05,0.025,1.01,0.1,0.0,0.75,0.25,0.87,-10.97,True
1.05,0.025,1.01,0.1,0.0,1.0,0.0,0.88,-9.14,True
1.05,0.025,1.01,0.1,0.1,0.0,1.0,2.65,-12.32,True
1.05,0.025,1.01,0.1,0.1,0.25,0.75,2.65,-10.81,True
1.05,0.025,1.01,0.1,0.1,0.5,0.5,2.65,-9.26,True
1.05,0.025,1.01,0.1,0.1,0.75,0.25,2.65,-7.68,True
1.05,0.025,1.01,0.1,0.1,1.0,0.0,2.65,-6.75,True
1.05,0.025,1.01,0.1,0.2,0.0,1.0,3.99,-10.19,True
1.05,0.025,1.01,0.1,0.2,0.25,0.75,3.98,-10.28,True
1.05,0.025,1.01,0.1,0.2,0.5,0.5,3.97,-10.38,True
1.05,0.025,1.01,0.1,0.2,0.75,0.25,3.95,-10.47,True
1.05,0.025,1.01,0.1,0.2,1.0,0.0,3.94,-10.56,True
1.05,0.025,1.01,0.1,0.3,0.0,1.0,5.06,-12.7,True
1.05,0.025,1.01,0.1,0.3,0.25,0.75,5.04,-12.68,True
1.05,0.025,1.01,0.1,0.3,0.5,0.5,5.02,-12.65,True
1.05,0.025,1.01,0.1,0.3,0.75,0.25,5.0,-12.77,True
1.05,0.025,1.01,0.1,0.3,1.0,0.0,4.97,-12.92,True
1.05,0.025,1.01,0.2,0.0,0.0,1.0,2.75,-9.05,True
1.05,0.025,1.01,0.2,0.0,0.25,0.75,2.65,-7.88,True
1.05,0.025,1.01,0.2,0.0,0.5,0.5,2.56,-6.65,True
1.05,0.025,1.01,0.2,0.0,0.75,0.25,2.46,-5.35,True
1.05,0.025,1.01,0.2,0.0,1.0,0.0,2.35,-4.13,True
1.05,0.025,1.01,0.2,0.1,0.0,1.0,4.13,-6.51,True
1.05,0.025,1.01,0.2,0.1,0.25,0.75,4.04,-5.71,True
1.05,0.025,1.01,0.2,0.1,0.5,0.5,3.96,-4.97,True
1.05,0.025,1.01,0.2,0.1,0.75,0.25,3.86,-5.13,True
1.05,0.025,1.01,0.2,0.1,1.0,0.0,3.77,-5.3,True
1.05,0.025,1.01,0.2,0.2,0.0,1.0,5.2,-8.93,True
1.05,0.025,1.01,0.2,0.2,0.25,0.75,5.13,-8.89,True
1.05,0.025,1.01,0.2,0.2,0.5,0.5,5.04,-8.86,True
1.05,0.025,1.01,0.2,0.2,0.75,0.25,4.96,-8.83,True
1.05,0.025,1.01,0.2,0.2,1.0,0.0,4.87,-8.8,True
1.05,0.025,1.01,0.2,0.3,0.0,1.0,6.05,-12.88,True
1.05,0.025,1.01,0.2,0.3,0.25,0.75,5.98,-12.87,True
1.05,0.025,1.01,0.2,0.3,0.5,0.5,5.89,-12.82,True
1.05,0.025,1.01,0.2,0.3,0.75,0.25,5.8,-12.78,True
1.05,0.025,1.01,0.2,0.3,1.0,0.0,5.71,-12.73,True
1.05,0.025,1.01,0.3,0.0,0.0,1.0,3.93,-9.97,True
1.05,0.025,1.01,0.3,0.0,0.25,0.75,3.77,-9.04,True
1.05,0.025,1.01,0.3,0.0,0.5,0.5,3.61,-8.04,True
1.05,0.025,1.01,0.3,0.0,0.75,0.25,3.45,-6.98,True
1.05,0.025,1.01,0.3,0.0,1.0,0.0,3.27,-5.83,True
1.05,0.025,1.01,0.3,0.1,0.0,1.0,5.11,-8.15,True
1.05,0.025,1.01,0.3,0.1,0.25,0.75,4.97,-7.27,True
1.05,0.025,1.01,0.3,0.1,0.5,0.5,4.83,-6.33,True
1.05,0.025,1.01,0.3,0.1,0.75,0.25,4.67,-5.33,True
1.05,0.025,1.01,0.3,0.1,1.0,0.0,4.51,-4.61,True
1.05,0.025,1.01,0.3,0.2,0.0,1.0,6.02,-8.97,True
1.05,0.025,1.01,0.3,0.2,0.25,0.75,5.89,-8.96,True
1.05,0.025,1.01,0.3,0.2,0.5,0.5,5.76,-8.94,True
1.05,0.025,1.01,0.3,0.2,0.75,0.25,5.62,-8.93,True
1.05,0.025,1.01,0.3,0.2,1.0,0.0,5.46,-8.88,True
1.05,0.025,1.01,0.3,0.3,0.0,1.0,6.76,-12.93,True
1.05,0.025,1.01,0.3,0.3,0.25,0.75,6.64,-12.91,True
1.05,0.025,1.01,0.3,0.3,0.5,0.5,6.51,-12.89,True
1.05,0.025,1.01,0.3,0.3,0.75,0.25,6.38,-12.88,True
1.05,0.025,1.01,0.3,0.3,1.0,0.0,6.24,-12.85,True
1.05,0.025,1.01,0.4,0.0,0.0,1.0,4.93,-10.26,True
1.05,0.025,1.01,0.4,0.0,0.25,0.75,4.72,-9.33,True
1.05,0.025,1.01,0.4,0.0,0.5,0.5,4.49,-8.33,True
1.05,0.025,1.01,0.4,0.0,0.75,0.25,4.26,-7.23,True
1.05,0.025,1.01,0.4,0.0,1.0,0.0,4.03,-6.04,True
1.05,0.025,1.01,0.4,0.1,0.0,1.0,5.95,-8.61,True
1.05,0.025,1.01,0.4,0.1,0.25,0.75,5.76,-7.72,True
1.05,0.025,1.01,0.4,0.1,0.5,0.5,5.56,-6.75,True
1.05,0.025,1.01,0.4,0.1,0.75,0.25,5.36,-5.71,True
1.05,0.025,1.01,0.4,0.1,1.0,0.0,5.14,-4.66,True
1.05,0.025,1.01,0.4,0.2,0.0,1.0,6.64,-9.0,True
1.05,0.025,1.01,0.4,0.2,0.25,0.75,6.47,-8.99,True
1.05,0.025,1.01,0.4,0.2,0.5,0.5,6.29,-8.97,True
1.05,0.025,1.01,0.4,0.2,0.75,0.25,6.1,-8.95,True
1.05,0.025,1.01,0.4,0.2,1.0,0.0,5.91,-8.93,True
1.05,0.025,1.01,0.4,0.3,0.0,1.0,7.21,-12.98,True
1.05,0.025,1.01,0.4,0.3,0.25,0.75,7.06,-12.96,True
1.05,0.025,1.01,0.4,0.3,0.5,0.5,6.89,-12.93,True
1.05,0.025,1.01,0.4,0.3,0.75,0.25,6.73,-12.91,True
1.05,0.025,1.01,0.4,0.3,1.0,0.0,6.55,-12.88,True
1.05,0.025,1.02,0.1,0.0,0.0,1.0,0.61,-16.09,True
1.05,0.025,1.02,0.1,0.0,0.25,0.75,0.63,-14.42,True
1.05,0.025,1.02,0.1,0.0,0.5,0.5,0.64,-12.72,True
1.05,0.025,1.02,0.1,0.0,0.75,0.25,0.66,-10.97,True
1.05,0.025,1.02,0.1,0.0,1.0,0.0,0.68,-9.14,True
1.05,0.025,1.02,0.1,0.1,0.0,1.0,2.48,-12.29,True
1.05,0.025,1.02,0.1,0.1,0.25,0.75,2.48,-10.78,True
1.05,0.025,1.02,0.1,0.1,0.5,0.5,2.49,-9.24,True
1.05,0.025,1.02,0.1,0.1,0.75,0.25,2.49,-7.66,True
1.05,0.025,1.02,0.1,0.1,1.0,0.0,2.49,-7.02,True
1.05,0.025,1.02,0.1,0.2,0.0,1.0,3.83,-10.66,True
1.05,0.025,1.02,0.1,0.2,0.25,0.75,3.83,-10.73,True
1.05,0.025,1.02,0.1,0.2,0.5,0.5,3.82,-10.8,True
1.05,0.025,1.02,0.1,0.2,0.75,0.25,3.82,-10.87,True
1.05,0.025,1.02,0.1,0.2,1.0,0.0,3.81,-10.94,True
1.05,0.025,1.02,0.1,0.3,0.0,1.0,4.93,-12.85,True
1.05,0.025,1.02,0.1,0.3,0.25,0.75,4.91,-12.97,True
1.05,0.025,1.02,0.1,0.3,0.5,0.5,4.89,-13.08,True
1.05,0.025,1.02,0.1,0.3,0.75,0.25,4.87,-13.2,True
1.05,0.025,1.02,0.1,0.3,1.0,0.0,4.86,-13.33,True
1.05,0.025,1.02,0.2,0.0,0.0,1.0,2.15,-9.05,True
1.05,0.025,1.02,0.2,0.0,0.25,0.75,2.09,-8.08,True
1.05,0.025,1.02,0.2,0.0,0.5,0.5,2.02,-7.23,True
1.05,0.025,1.02,0.2,0.0,0.75,0.25,1.96,-6.37,True
1.05,0.025,1.02,0.2,0.0,1.0,0.0,1.88,-5.52,True
1.05,0.025,1.02,0.2,0.1,0.0,1.0,3.67,-9.71,True
1.05,0.025,1.02,0.2,0.1,0.25,0.75,3.61,-8.85,True
1.05,0.025,1.02,0.2,0.1,0.5,0.5,3.54,-8.0,True
1.05,0.025,1.02,0.2,0.1,0.75,0.25,3.47,-7.15,True
1.05,0.025,1.02,0.2,0.1,1.0,0.0,3.4,-6.3,True
1.05,0.025,1.02,0.2,0.2,0.0,1.0,4.8,-9.65,True
1.05,0.025,1.02,0.2,0.2,0.25,0.75,4.74,-9.02,True
1.05,0.025,1.02,0.2,0.2,0.5,0.5,4.68,-9.01,True
1.05,0.025,1.02,0.2,0.2,0.75,0.25,4.62,-9.21,True
1.05,0.025,1.02,0.2,0.2,1.0,0.0,4.55,-9.41,True
1.05,0.025,1.02,0.2,0.3,0.0,1.0,5.69,-13.08,True
1.05,0.025,1.02,0.2,0.3,0.25,0.75,5.63,-13.05,True
1.05,0.025,1.02,0.2,0.3,0.5,0.5,5.57,-13.0,True
1.05,0.025,1.02,0.2,0.3,0.75,0.25,5.5,-12.94,True
1.05,0.025,1.02,0.2,0.3,1.0,0.0,5.43,-12.88,True
1.05,0.025,1.02,0.3,0.0,0.0,1.0,3.01,-11.04,True
1.05,0.025,1.02,0.3,0.0,0.25,0.75,2.91,-10.06,True
1.05,0.025,1.02,0.3,0.0,0.5,0.5,2.8,-9.0,True
1.05,0.025,1.02,0.3,0.0,0.75,0.25,2.69,-7.87,True
1.05,0.025,1.02,0.3,0.0,1.0,0.0,2.57,-6.65,True
1.05,0.025,1.02,0.3,0.1,0.0,1.0,4.37,-9.34,True
1.05,0.025,1.02,0.3,0.1,0.25,0.75,4.27,-8.44,True
1.05,0.025,1.02,0.3,0.1,0.5,0.5,4.18,-7.55,True
1.05,0.025,1.02,0.3,0.1,0.75,0.25,4.07,-6.65,True
1.05,0.025,1.02,0.3,0.1,1.0,0.0,3.95,-5.76,True
1.05,0.025,1.02,0.3,0.2,0.0,1.0,5.4,-9.18,True
1.05,0.025,1.02,0.3,0.2,0.25,0.75,5.31,-9.15,True
1.05,0.025,1.02,0.3,0.2,0.5,0.5,5.21,-9.13,True
1.05,0.025,1.02,0.3,0.2,0.75,0.25,5.11,-9.11,True
1.05,0.025,1.02,0.3,0.2,1.0,0.0,5.0,-9.04,True
1.05,0.025,1.02,0.3,0.3,0.0,1.0,6.18,-13.23,True
1.05,0.025,1.02,0.3,0.3,0.25,0.75,6.09,-13.2,True
1.05,0.025,1.02,0.3,0.3,0.5,0.5,6.0,-13.16,True
1.05,0.025,1.02,0.3,0.3,0.75,0.25,5.91,-13.13,True
1.05,0.025,1.02,0.3,0.3,1.0,0.0,5.8,-13.09,True
1.05,0.025,1.02,0.4,0.0,0.0,1.0,3.76,-11.33,True
1.05,0.025,1.02,0.4,0.0,0.25,0.75,3.62,-10.35,True
1.05,0.025,1.02,0.4,0.0,0.5,0.5,3.47,-9.28,True
1.05,0.025,1.02,0.4,0.0,0.75,0.25,3.31,-8.12,True
1.05,0.025,1.02,0.4,0.0,1.0,0.0,3.14,-6.85,True
1.05,0.025,1.02,0.4,0.1,0.0,1.0,4.98,-9.56,True
1.05,0.025,1.02,0.4,0.1,0.25,0.75,4.86,-8.61,True
1.05,0.025,1.02,0.4,0.1,0.5,0.5,4.72,-7.67,True
1.05,0.025,1.02,0.4,0.1,0.75,0.25,4.58,-6.73,True
1.05,0.025,1.02,0.4,0.1,1.0,0.0,4.42,-5.79,True
1.05,0.025,1.02,0.4,0.2,0.0,1.0,5.78,-9.29,True
1.05,0.025,1.02,0.4,0.2,0.25,0.75,5.67,-9.25,True
1.05,0.025,1.02,0.4,0.2,0.5,0.5,5.55,-9.22,True
1.05,0.025,1.02,0.4,0.2,0.75,0.25,5.42,-9.19,True
1.05,0.025,1.02,0.4,0.2,1.0,0.0,5.28,-9.15,True
1.05,0.025,1.02,0.4,0.3,0.0,1.0,6.45,-13.39,True
1.05,0.025,1.02,0.4,0.3,0.25,0.75,6.35,-13.34,True
1.05,0.025,1.02,0.4,0.3,0.5,0.5,6.25,-13.29,True
1.05,0.025,1.02,0.4,0.3,0.75,0.25,6.13,-13.24,True
1.05,0.025,1.02,0.4,0.3,1.0,0.0,6.0,-13.2,True
1.05,0.03,0.95,0.1,0.0,0.0,1.0,-0.21,-13.92,True
1.05,0.03,0.95,0.1,0.0,0.25,0.75,-0.15,-12.68,True
1.05,0.03,0.95,0.1,0.0,0.5,0.5,-0.08,-11.43,True
1.05,0.03,0.95,0.1,0.0,0.75,0.25,-0.02,-10.17,True
1.05,0.03,0.95,0.1,0.0,1.0,0.0,0.03,-8.9,True
1.05,0.03,0.95,0.1,0.1,0.0,1.0,1.15,-18.62,True
1.05,0.03,0.95,0.1,0.1,0.25,0.75,1.21,-17.47,True
1.05,0.03,0.95,0.1,0.1,0.5,0.5,1.26,-16.31,True
1.05,0.03,0.95,0.1,0.1,0.75,0.25,1.31,-15.15,True
1.05,0.03,0.95,0.1,0.1,1.0,0.0,1.37,-13.98,True
1.05,0.03,0.95,0.1,0.2,0.0,1.0,2.19,-21.78,True
1.05,0.03,0.95,0.1,0.2,0.25,0.75,2.25,-20.69,True
1.05,0.03,0.95,0.1,0.2,0.5,0.5,2.3,-19.59,True
1.05,0.03,0.95,0.1,0.2,0.75,0.25,2.35,-18.49,True
1.05,0.03,0.95,0.1,0.2,1.0,0.0,2.4,-17.39,True
1.05,0.03,0.95,0.1,0.3,0.0,1.0,3.1,-21.81,True
1.05,0.03,0.95,0.1,0.3,0.25,0.75,3.14,-21.03,True
1.05,0.03,0.95,0.1,0.3,0.5,0.5,3.18,-20.23,True
1.05,0.03,0.95,0.1,0.3,0.75,0.25,3.22,-19.42,True
1.05,0.03,0.95,0.1,0.3,1.0,0.0,3.25,-18.59,True
1.05,0.03,0.95,0.2,0.0,0.0,1.0,-0.56,-22.73,True
1.05,0.03,0.95,0.2,0.0,0.25,0.75,-0.41,-20.62,True
1.05,0.03,0.95,0.2,0.0,0.5,0.5,-0.27,-18.78,True
1.05,0.03,0.95,0.2,0.0,0.75,0.25,-0.13,-16.99,True
1.05,0.03,0.95,0.2,0.0,1.0,0.0,0.0,-15.13,True
1.05,0.03,0.95,0.2,0.1,0.0,1.0,1.09,-22.02,True
1.05,0.03,0.95,0.2,0.1,0.25,0.75,1.18,-20.75,True
1.05,0.03,0.95,0.2,0.1,0.5,0.5,1.28,-19.42,True
1.05,0.03,0.95,0.2,0.1,0.75,0.25,1.36,-18.04,True
1.05,0.03,0.95,0.2,0.1,1.0,0.0,1.45,-16.61,True
1.05,0.03,0.95,0.2,0.2,0.0,1.0,2.41,-21.92,True
1.05,0.03,0.95,0.2,0.2,0.25,0.75,2.47,-20.91,True
1.05,0.03,0.95,0.2,0.2,0.5,0.5,2.52,-19.85,True
1.05,0.03,0.95,0.2,0.2,0.75,0.25,2.57,-18.75,True
1.05,0.03,0.95,0.2,0.2,1.0,0.0,2.61,-17.6,True
1.05,0.03,0.95,0.2,0.3,0.0,1.0,3.42,-21.86,True
1.05,0.03,0.95,0.2,0.3,0.25,0.75,3.45,-21.02,True
1.05,0.03,0.95,0.2,0.3,0.5,0.5,3.49,-20.15,True
1.05,0.03,0.95,0.2,0.3,0.75,0.25,3.52,-19.25,True
1.05,0.03,0.95,0.2,0.3,1.0,0.0,3.54,-18.31,True
1.05,0.03,0.95,0.3,0.0,0.0,1.0,-0.41,-33.81,True
1.05,0.03,0.95,0.3,0.0,0.25,0.75,-0.25,-30.96,True
1.05,0.03,0.95,0.3,0.0,0.5,0.5,-0.09,-27.88,True
1.05,0.03,0.95,0.3,0.0,0.75,0.25,0.07,-24.71,True
1.05,0.03,0.95,0.3,0.0,1.0,0.0,0.21,-21.54,True
1.05,0.03,0.95,0.3,0.1,0.0,1.0,1.52,-29.28,True
1.05,0.03,0.95,0.3,0.1,0.25,0.75,1.6,-26.63,True
1.05,0.03,0.95,0.3,0.1,0.5,0.5,1.67,-23.93,True
1.05,0.03,0.95,0.3,0.1,0.75,0.25,1.74,-21.18,True
1.05,0.03,0.95,0.3,0.1,1.0,0.0,1.8,-18.39,True
1.05,0.03,0.95,0.3,0.2,0.0,1.0,2.83,-24.64,True
1.05,0.03,0.95,0.3,0.2,0.25,0.75,2.87,-22.18,True
1.05,0.03,0.95,0.3,0.2,0.5,0.5,2.91,-19.79,True
1.05,0.03,0.95,0.3,0.2,0.75,0.25,2.94,-18.61,True
1.05,0.03,0.95,0.3,0.2,1.0,0.0,2.97,-17.36,True
1.05,0.03,0.95,0.3,0.3,0.0,1.0,3.87,-21.9,True
1.05,0.03,0.95,0.3,0.3,0.25,0.75,3.89,-21.0,True
1.05,0.03,0.95,0.3,0.3,0.5,0.5,3.9,-20.04,True
1.05,0.03,0.95,0.3,0.3,0.75,0.25,3.91,-19.04,True
1.05,0.03,0.95,0.3,0.3,1.0,0.0,3.91,-17.98,True
1.05,0.03,0.95,0.4,0.0,0.0,1.0,0.48,-34.12,True
1.05,0.03,0.95,0.4,0.0,0.25,0.75,0.59,-31.27,True
1.05,0.03,0.95,0.4,0.0,0.5,0.5,0.69,-28.36,True
1.05,0.03,0.95,0.4,0.0,0.75,0.25,0.78,-25.38,True
1.05,0.03,0.95,0.4,0.0,1.0,0.0,0.85,-22.34,True
1.05,0.03,0.95,0.4,0.1,0.0,1.0,2.17,-29.55,True
1.05,0.03,0.95,0.4,0.1,0.25,0.75,2.21,-26.98,True
1.05,0.03,0.95,0.4,0.1,0.5,0.5,2.25,-24.36,True
1.05,0.03,0.95,0.4,0.1,0.75,0.25,2.28,-21.57,True
1.05,0.03,0.95,0.4,0.1,1.0,0.0,2.31,-18.72,True
1.05,0.03,0.95,0.4,0.2,0.0,1.0,3.45,-24.3,True
1.05,0.03,0.95,0.4,0.2,0.25,0.75,3.46,-21.94,True
1.05,0.03,0.95,0.4,0.2,0.5,0.5,3.46,-19.71,True
1.05,0.03,0.95,0.4,0.2,0.75,0.25,3.45,-18.44,True
1.05,0.03,0.95,0.4,0.2,1.0,0.0,3.44,-17.09,True
1.05,0.03,0.95,0.4,0.3,0.0,1.0,4.44,-21.95,True
1.05,0.03,0.95,0.4,0.3,0.25,0.75,4.43,-20.97,True
1.05,0.03,0.95,0.4,0.3,0.5,0.5,4.41,-19.92,True
1.05,0.03,0.95,0.4,0.3,0.75,0.25,4.39,-18.82,True
1.05,0.03,0.95,0.4,0.3,1.0,0.0,4.35,-17.64,True
1.05,0.03,0.97,0.1,0.0,0.0,1.0,0.3,-10.05,True
1.05,0.03,0.97,0.1,0.0,0.25,0.75,0.31,-9.08,True
1.05,0.03,0.97,0.1,0.0,0.5,0.5,0.32,-8.11,True
1.05,0.03,0.97,0.1,0.0,0.75,0.25,0.34,-7.14,True
1.05,0.03,0.97,0.1,0.0,1.0,0.0,0.34,-6.17,True
1.05,0.03,0.97,0.1,0.1,0.0,1.0,1.58,-8.07,True
1.05,0.03,0.97,0.1,0.1,0.25,0.75,1.59,-7.09,True
1.05,0.03,0.97,0.1,0.1,0.5,0.5,1.6,-6.12,True
1.05,0.03,0.97,0.1,0.1,0.75,0.25,1.62,-5.53,True
1.05,0.03,0.97,0.1,0.1,1.0,0.0,1.63,-5.56,True
1.05,0.03,0.97,0.1,0.2,0.0,1.0,2.57,-9.15,True
1.05,0.03,0.97,0.1,0.2,0.25,0.75,2.59,-9.19,True
1.05,0.03,0.97,0.1,0.2,0.5,0.5,2.6,-9.23,True
1.05,0.03,0.97,0.1,0.2,0.75,0.25,2.61,-9.27,True
1.05,0.03,0.97,0.1,0.2,1.0,0.0,2.63,-9.31,True
1.05,0.03,0.97,0.1,0.3,0.0,1.0,3.4,-11.79,True
1.05,0.03,0.97,0.1,0.3,0.25,0.75,3.41,-11.84,True
1.05,0.03,0.97,0.1,0.3,0.5,0.5,3.43,-11.9,True
1.05,0.03,0.97,0.1,0.3,0.75,0.25,3.44,-11.95,True
1.05,0.03,0.97,0.1,0.3,1.0,0.0,3.45,-12.01,True
1.05,0.03,0.97,0.2,0.0,0.0,1.0,0.41,-20.23,True
1.05,0.03,0.97,0.2,0.0,0.25,0.75,0.47,-18.27,True
1.05,0.03,0.97,0.2,0.0,0.5,0.5,0.52,-16.32,True
1.05,0.03,0.97,0.2,0.0,0.75,0.25,0.57,-14.36,True
1.05,0.03,0.97,0.2,0.0,1.0,0.0,0.6,-12.41,True
1.05,0.03,0.97,0.2,0.1,0.0,1.0,1.77,-18.33,True
1.05,0.03,0.97,0.2,0.1,0.25,0.75,1.81,-16.36,True
1.05,0.03,0.97,0.2,0.1,0.5,0.5,1.84,-14.39,True
1.05,0.03,0.97,0.2,0.1,0.75,0.25,1.86,-12.43,True
1.05,0.03,0.97,0.2,0.1,1.0,0.0,1.88,-10.46,True
1.05,0.03,0.97,0.2,0.2,0.0,1.0,2.93,-16.38,True
1.05,0.03,0.97,0.2,0.2,0.25,0.75,2.94,-14.4,True
1.05,0.03,0.97,0.2,0.2,0.5,0.5,2.94,-12.42,True
1.05,0.03,0.97,0.2,0.2,0.75,0.25,2.95,-10.44,True
1.05,0.03,0.97,0.2,0.2,1.0,0.0,2.94,-8.5,True
1.05,0.03,0.97,0.2,0.3,0.0,1.0,3.84,-14.37,True
1.05,0.03,0.97,0.2,0.3,0.25,0.75,3.84,-12.37,True
1.05,0.03,0.97,0.2,0.3,0.5,0.5,3.83,-10.52,True
1.05,0.03,0.97,0.2,0.3,0.75,0.25,3.82,-10.69,True
1.05,0.03,0.97,0.2,0.3,1.0,0.0,3.81,-10.87,True
1.05,0.03,0.97,0.3,0.0,0.0,1.0,0.84,-30.13,True
1.05,0.03,0.97,0.3,0.0,0.25,0.75,0.88,-27.46,True
1.05,0.03,0.97,0.3,0.0,0.5,0.5,0.92,-24.6,True
1.05,0.03,0.97,0.3,0.0,0.75,0.25,0.96,-21.65,True
1.05,0.03,0.97,0.3,0.0,1.0,0.0,0.98,-18.71,True
1.05,0.03,0.97,0.3,0.1,0.0,1.0,2.4,-25.96,True
1.05,0.03,0.97,0.3,0.1,0.25,0.75,2.4,-23.48,True
1.05,0.03,0.97,0.3,0.1,0.5,0.5,2.39,-20.95,True
1.05,0.03,0.97,0.3,0.1,0.75,0.25,2.37,-18.38,True
1.05,0.03,0.97,0.3,0.1,1.0,0.0,2.35,-15.77,True
1.05,0.03,0.97,0.3,0.2,0.0,1.0,3.54,-21.67,True
1.05,0.03,0.97,0.3,0.2,0.25,0.75,3.51,-19.37,True
1.05,0.03,0.97,0.3,0.2,0.5,0.5,3.48,-17.03,True
1.05,0.03,0.97,0.3,0.2,0.75,0.25,3.44,-14.65,True
1.05,0.03,0.97,0.3,0.2,1.0,0.0,3.4,-12.23,True
1.05,0.03,0.97,0.3,0.3,0.0,1.0,4.44,-17.25,True
1.05,0.03,0.97,0.3,0.3,0.25,0.75,4.41,-15.14,True
1.05,0.03,0.97,0.3,0.3,0.5,0.5,4.36,-12.99,True
1.05,0.03,0.97,0.3,0.3,0.75,0.25,4.31,-10.81,True
1.05,0.03,0.97,0.3,0.3,1.0,0.0,4.26,-9.95,True
1.05,0.03,0.97,0.4,0.0,0.0,1.0,1.89,-30.46,True
1.05,0.03,0.97,0.4,0.0,0.25,0.75,1.87,-27.79,True
1.05,0.03,0.97,0.4,0.0,0.5,0.5,1.84,-25.06,True
1.05,0.03,0.97,0.4,0.0,0.75,0.25,1.79,-22.28,True
1.05,0.03,0.97,0.4,0.0,1.0,0.0,1.73,-19.44,True
1.05,0.03,0.97,0.4,0.1,0.0,1.0,3.22,-26.23,True
1.05,0.03,0.97,0.4,0.1,0.25,0.75,3.17,-23.84,True
1.05,0.03,0.97,0.4,0.1,0.5,0.5,3.1,-21.38,True
1.05,0.03,0.97,0.4,0.1,0.75,0.25,3.03,-18.77,True
1.05,0.03,0.97,0.4,0.1,1.0,0.0,2.96,-16.1,True
1.05,0.03,0.97,0.4,0.2,0.0,1.0,4.31,-21.3,True
1.05,0.03,0.97,0.4,0.2,0.25,0.75,4.23,-19.1,True
1.05,0.03,0.97,0.4,0.2,0.5,0.5,4.15,-16.85,True
1.05,0.03,0.97,0.4,0.2,0.75,0.25,4.06,-14.54,True
1.05,0.03,0.97,0.4,0.2,1.0,0.0,3.97,-12.17,True
1.05,0.03,0.97,0.4,0.3,0.0,1.0,5.19,-16.22,True
1.05,0.03,0.97,0.4,0.3,0.25,0.75,5.1,-14.21,True
1.05,0.03,0.97,0.4,0.3,0.5,0.5,5.01,-12.16,True
1.05,0.03,0.97,0.4,0.3,0.75,0.25,4.91,-10.06,True
1.05,0.03,0.97,0.4,0.3,1.0,0.0,4.8,-9.95,True
1.05,0.03,0.99,0.1,0.0,0.0,1.0,0.77,-8.61,True
1.05,0.03,0.99,0.1,0.0,0.25,0.75,0.74,-7.78,True
1.05,0.03,0.99,0.1,0.0,0.5,0.5,0.71,-6.97,True
1.05,0.03,0.99,0.1,0.0,0.75,0.25,0.68,-6.15,True
1.05,0.03,0.99,0.1,0.0,1.0,0.0,0.65,-5.33,True
1.05,0.03,0.99,0.1,0.1,0.0,1.0,1.98,-6.66,True
1.05,0.03,0.99,0.1,0.1,0.25,0.75,1.96,-5.84,True
1.05,0.03,0.99,0.1,0.1,0.5,0.5,1.93,-5.17,True
1.05,0.03,0.99,0.1,0.1,0.75,0.25,1.91,-5.23,True
1.05,0.03,0.99,0.1,0.1,1.0,0.0,1.88,-5.29,True
1.05,0.03,0.99,0.1,0.2,0.0,1.0,2.93,-8.54,True
1.05,0.03,0.99,0.1,0.2,0.25,0.75,2.91,-8.63,True
1.05,0.03,0.99,0.1,0.2,0.5,0.5,2.89,-8.72,True
1.05,0.03,0.99,0.1,0.2,0.75,0.25,2.87,-8.81,True
1.05,0.03,0.99,0.1,0.2,1.0,0.0,2.85,-8.91,True
1.05,0.03,0.99,0.1,0.3,0.0,1.0,3.71,-11.13,True
1.05,0.03,0.99,0.1,0.3,0.25,0.75,3.7,-11.23,True
1.05,0.03,0.99,0.1,0.3,0.5,0.5,3.68,-11.35,True
1.05,0.03,0.99,0.1,0.3,0.75,0.25,3.66,-11.46,True
1.05,0.03,0.99,0.1,0.3,1.0,0.0,3.64,-11.58,True
1.05,0.03,0.99,0.2,0.0,0.0,1.0,1.33,-17.35,True
1.05,0.03,0.99,0.2,0.0,0.25,0.75,1.3,-15.69,True
1.05,0.03,0.99,0.2,0.0,0.5,0.5,1.27,-14.04,True
1.05,0.03,0.99,0.2,0.0,0.75,0.25,1.24,-12.38,True
1.05,0.03,0.99,0.2,0.0,1.0,0.0,1.19,-10.73,True
1.05,0.03,0.99,0.2,0.1,0.0,1.0,2.5,-15.5,True
1.05,0.03,0.99,0.2,0.1,0.25,0.75,2.46,-13.83,True
1.05,0.03,0.99,0.2,0.1,0.5,0.5,2.43,-12.16,True
1.05,0.03,0.99,0.2,0.1,0.75,0.25,2.39,-10.49,True
1.05,0.03,0.99,0.2,0.1,1.0,0.0,2.34,-8.83,True
1.05,0.03,0.99,0.2,0.2,0.0,1.0,3.49,-13.59,True
1.05,0.03,0.99,0.2,0.2,0.25,0.75,3.45,-11.9,True
1.05,0.03,0.99,0.2,0.2,0.5,0.5,3.4,-10.22,True
1.05,0.03,0.99,0.2,0.2,0.75,0.25,3.35,-8.54,True
1.05,0.03,0.99,0.2,0.2,1.0,0.0,3.29,-8.02,True
1.05,0.03,0.99,0.2,0.3,0.0,1.0,4.32,-11.6,True
1.05,0.03,0.99,0.2,0.3,0.25,0.75,4.27,-9.91,True
1.05,0.03,0.99,0.2,0.3,0.5,0.5,4.21,-9.89,True
1.05,0.03,0.99,0.2,0.3,0.75,0.25,4.15,-10.12,True
1.05,0.03,0.99,0.2,0.3,1.0,0.0,4.09,-10.36,True
1.05,0.03,0.99,0.3,0.0,0.0,1.0,2.0,-25.89,True
1.05,0.03,0.99,0.3,0.0,0.25,0.75,1.94,-23.63,True
1.05,0.03,0.99,0.3,0.0,0.5,0.5,1.87,-21.19,True
1.05,0.03,0.99,0.3,0.0,0.75,0.25,1.8,-18.69,True
1.05,0.03,0.99,0.3,0.0,1.0,0.0,1.71,-16.2,True
1.05,0.03,0.99,0.3,0.1,0.0,1.0,3.27,-22.15,True
1.05,0.03,0.99,0.3,0.1,0.25,0.75,3.19,-20.03,True
1.05,0.03,0.99,0.3,0.1,0.5,0.5,3.1,-17.88,True
1.05,0.03,0.99,0.3,0.1,0.75,0.25,3.0,-15.69,True
1.05,0.03,0.99,0.3,0.1,1.0,0.0,2.89,-13.47,True
1.05,0.03,0.99,0.3,0.2,0.0,1.0,4.25,-18.28,True
1.05,0.03,0.99,0.3,0.2,0.25,0.75,4.16,-16.31,True
1.05,0.03,0.99,0.3,0.2,0.5,0.5,4.06,-14.31,True
1.05,0.03,0.99,0.3,0.2,0.75,0.25,3.95,-12.28,True
1.05,0.03,0.99,0.3,0.2,1.0,0.0,3.84,-10.22,True
1.05,0.03,0.99,0.3,0.3,0.0,1.0,5.05,-14.27,True
1.05,0.03,0.99,0.3,0.3,0.25,0.75,4.95,-12.45,True
1.05,0.03,0.99,0.3,0.3,0.5,0.5,4.84,-10.61,True
1.05,0.03,0.99,0.3,0.3,0.75,0.25,4.73,-9.78,True
1.05,0.03,0.99,0.3,0.3,1.0,0.0,4.62,-9.78,True
1.05,0.03,0.99,0.4,0.0,0.0,1.0,3.12,-26.25,True
1.05,0.03,0.99,0.4,0.0,0.25,0.75,2.98,-23.97,True
1.05,0.03,0.99,0.4,0.0,0.5,0.5,2.84,-21.65,True
1.05,0.03,0.99,0.4,0.0,0.75,0.25,2.68,-19.28,True
1.05,0.03,0.99,0.4,0.0,1.0,0.0,2.51,-16.87,True
1.05,0.03,0.99,0.4,0.1,0.0,1.0,4.2,-22.43,True
1.05,0.03,0.99,0.4,0.1,0.25,0.75,4.05,-20.41,True
1.05,0.03,0.99,0.4,0.1,0.5,0.5,3.9,-18.31,True
1.05,0.03,0.99,0.4,0.1,0.75,0.25,3.73,-16.08,True
1.05,0.03,0.99,0.4,0.1,1.0,0.0,3.56,-13.81,True
1.05,0.03,0.99,0.4,0.2,0.0,1.0,5.13,-17.87,True
1.05,0.03,0.99,0.4,0.2,0.25,0.75,4.98,-16.01,True
1.05,0.03,0.99,0.4,0.2,0.5,0.5,4.81,-14.11,True
1.05,0.03,0.99,0.4,0.2,0.75,0.25,4.64,-12.16,True
1.05,0.03,0.99,0.4,0.2,1.0,0.0,4.46,-10.16,True
1.05,0.03,0.99,0.4,0.3,0.0,1.0,5.92,-13.15,True
1.05,0.03,0.99,0.4,0.3,0.25,0.75,5.76,-11.46,True
1.05,0.03,0.99,0.4,0.3,0.5,0.5,5.59,-9.78,True
1.05,0.03,0.99,0.4,0.3,0.75,0.25,5.41,-9.78,True
1.05,0.03,0.99,0.4,0.3,1.0,0.0,5.23,-9.78,True
1.05,0.03,1.0,0.1,0.0,0.0,1.0,0.44,-8.61,True
1.05,0.03,1.0,0.1,0.0,0.25,0.75,0.43,-7.78,True
1.05,0.03,1.0,0.1,0.0,0.5,0.5,0.42,-6.97,True
1.05,0.03,1.0,0.1,0.0,0.75,0.25,0.42,-6.15,True
1.05,0.03,1.0,0.1,0.0,1.0,0.0,0.4,-5.33,True
1.05,0.03,1.0,0.1,0.1,0.0,1.0,1.69,-6.66,True
1.05,0.03,1.0,0.1,0.1,0.25,0.75,1.69,-5.84,True
1.05,0.03,1.0,0.1,0.1,0.5,0.5,1.68,-5.52,True
1.05,0.03,1.0,0.1,0.1,0.75,0.25,1.68,-5.55,True
1.05,0.03,1.0,0.1,0.1,1.0,0.0,1.67,-5.59,True
1.05,0.03,1.0,0.1,0.2,0.0,1.0,2.67,-9.18,True
1.05,0.03,1.0,0.1,0.2,0.25,0.75,2.67,-9.23,True
1.05,0.03,1.0,0.1,0.2,0.5,0.5,2.67,-9.28,True
1.05,0.03,1.0,0.1,0.2,0.75,0.25,2.67,-9.33,True
1.05,0.03,1.0,0.1,0.2,1.0,0.0,2.66,-9.39,True
1.05,0.03,1.0,0.1,0.3,0.0,1.0,3.49,-11.86,True
1.05,0.03,1.0,0.1,0.3,0.25,0.75,3.49,-11.92,True
1.05,0.03,1.0,0.1,0.3,0.5,0.5,3.49,-11.98,True
1.05,0.03,1.0,0.1,0.3,0.75,0.25,3.48,-12.05,True
1.05,0.03,1.0,0.1,0.3,1.0,0.0,3.48,-12.12,True
1.05,0.03,1.0,0.2,0.0,0.0,1.0,0.74,-17.35,True
1.05,0.03,1.0,0.2,0.0,0.25,0.75,0.75,-15.69,True
1.05,0.03,1.0,0.2,0.0,0.5,0.5,0.75,-14.04,True
1.05,0.03,1.0,0.2,0.0,0.75,0.25,0.75,-12.38,True
1.05,0.03,1.0,0.2,0.0,1.0,0.0,0.75,-10.73,True
1.05,0.03,1.0,0.2,0.1,0.0,1.0,2.03,-15.5,True
1.05,0.03,1.0,0.2,0.1,0.25,0.75,2.03,-13.83,True
1.05,0.03,1.0,0.2,0.1,0.5,0.5,2.02,-12.16,True
1.05,0.03,1.0,0.2,0.1,0.75,0.25,2.01,-10.49,True
1.05,0.03,1.0,0.2,0.1,1.0,0.0,2.0,-8.83,True
1.05,0.03,1.0,0.2,0.2,0.0,1.0,3.11,-13.59,True
1.05,0.03,1.0,0.2,0.2,0.25,0.75,3.09,-11.9,True
1.05,0.03,1.0,0.2,0.2,0.5,0.5,3.07,-10.22,True
1.05,0.03,1.0,0.2,0.2,0.75,0.25,3.04,-8.54,True
1.05,0.03,1.0,0.2,0.2,1.0,0.0,3.01,-8.65,True
1.05,0.03,1.0,0.2,0.3,0.0,1.0,3.98,-11.6,True
1.05,0.03,1.0,0.2,0.3,0.25,0.75,3.95,-10.56,True
1.05,0.03,1.0,0.2,0.3,0.5,0.5,3.92,-10.73,True
1.05,0.03,1.0,0.2,0.3,0.75,0.25,3.88,-10.9,True
1.05,0.03,1.0,0.2,0.3,1.0,0.0,3.84,-11.08,True
1.05,0.03,1.0,0.3,0.0,0.0,1.0,1.27,-25.89,True
1.05,0.03,1.0,0.3,0.0,0.25,0.75,1.25,-23.63,True
1.05,0.03,1.0,0.3,0.0,0.5,0.5,1.23,-21.19,True
1.05,0.03,1.0,0.3,0.0,0.75,0.25,1.21,-18.69,True
1.05,0.03,1.0,0.3,0.0,1.0,0.0,1.17,-16.2,True
1.05,0.03,1.0,0.3,0.1,0.0,1.0,2.67,-22.15,True
1.05,0.03,1.0,0.3,0.1,0.25,0.75,2.62,-20.03,True
1.05,0.03,1.0,0.3,0.1,0.5,0.5,2.57,-17.88,True
1.05,0.03,1.0,0.3,0.1,0.75,0.25,2.51,-15.69,True
1.05,0.03,1.0,0.3,0.1,1.0,0.0,2.45,-13.47,True
1.05,0.03,1.0,0.3,0.2,0.0,1.0,3.71,-18.28,True
1.05,0.03,1.0,0.3,0.2,0.25,0.75,3.65,-16.31,True
1.05,0.03,1.0,0.3,0.2,0.5,0.5,3.59,-14.31,True
1.05,0.03,1.0,0.3,0.2,0.75,0.25,3.52,-12.28,True
1.05,0.03,1.0,0.3,0.2,1.0,0.0,3.45,-10.22,True
1.05,0.03,1.0,0.3,0.3,0.0,1.0,4.57,-14.27,True
1.05,0.03,1.0,0.3,0.3,0.25,0.75,4.51,-12.45,True
1.05,0.03,1.0,0.3,0.3,0.5,0.5,4.44,-10.61,True
1.05,0.03,1.0,0.3,0.3,0.75,0.25,4.36,-9.78,True
1.05,0.03,1.0,0.3,0.3,1.0,0.0,4.28,-9.96,True
1.05,0.03,1.0,0.4,0.0,0.0,1.0,2.25,-26.25,True
1.05,0.03,1.0,0.4,0.0,0.25,0.75,2.17,-23.97,True
1.05,0.03,1.0,0.4,0.0,0.5,0.5,2.08,-21.65,True
1.05,0.03,1.0,0.4,0.0,0.75,0.25,1.98,-19.28,True
1.05,0.03,1.0,0.4,0.0,1.0,0.0,1.87,-16.87,True
1.05,0.03,1.0,0.4,0.1,0.0,1.0,3.45,-22.43,True
1.05,0.03,1.0,0.4,0.1,0.25,0.75,3.35,-20.41,True
1.05,0.03,1.0,0.4,0.1,0.5,0.5,3.25,-18.31,True
1.05,0.03,1.0,0.4,0.1,0.75,0.25,3.14,-16.08,True
1.05,0.03,1.0,0.4,0.1,1.0,0.0,3.02,-13.81,True
1.05,0.03,1.0,0.4,0.2,0.0,1.0,4.47,-17.87,True
1.05,0.03,1.0,0.4,0.2,0.25,0.75,4.36,-16.01,True
1.05,0.03,1.0,0.4,0.2,0.5,0.5,4.24,-14.11,True
1.05,0.03,1.0,0.4,0.2,0.75,0.25,4.12,-12.16,True
1.05,0.03,1.0,0.4,0.2,1.0,0.0,3.99,-10.16,True
1.05,0.03,1.0,0.4,0.3,0.0,1.0,5.31,-13.15,True
1.05,0.03,1.0,0.4,0.3,0.25,0.75,5.19,-11.46,True
1.05,0.03,1.0,0.4,0.3,0.5,0.5,5.07,-9.78,True
1.05,0.03,1.0,0.4,0.3,0.75,0.25,4.94,-9.78,True
1.05,0.03,1.0,0.4,0.3,1.0,0.0,4.8,-9.78,True
1.05,0.03,1.01,0.1,0.0,0.0,1.0,0.72,-6.5,True
1.05,0.03,1.01,0.1,0.0,0.25,0.75,0.69,-5.84,True
1.05,0.03,1.01,0.1,0.0,0.5,0.5,0.65,-5.19,True
1.05,0.03,1.01,0.1,0.0,0.75,0.25,0.62,-4.54,True
1.05,0.03,1.01,0.1,0.0,1.0,0.0,0.59,-3.88,True
1.05,0.03,1.01,0.1,0.1,0.0,1.0,1.92,-5.2,True
1.05,0.03,1.01,0.1,0.1,0.25,0.75,1.9,-5.25,True
1.05,0.03,1.01,0.1,0.1,0.5,0.5,1.87,-5.3,True
1.05,0.03,1.01,0.1,0.1,0.75,0.25,1.85,-5.36,True
1.05,0.03,1.01,0.1,0.1,1.0,0.0,1.82,-5.42,True
1.05,0.03,1.01,0.1,0.2,0.0,1.0,2.87,-8.79,True
1.05,0.03,1.01,0.1,0.2,0.25,0.75,2.86,-8.87,True
1.05,0.03,1.01,0.1,0.2,0.5,0.5,2.84,-8.95,True
1.05,0.03,1.01,0.1,0.2,0.75,0.25,2.82,-9.04,True
1.05,0.03,1.01,0.1,0.2,1.0,0.0,2.79,-9.12,True
1.05,0.03,1.01,0.1,0.3,0.0,1.0,3.66,-11.43,True
1.05,0.03,1.01,0.1,0.3,0.25,0.75,3.65,-11.52,True
1.05,0.03,1.01,0.1,0.3,0.5,0.5,3.63,-11.62,True
1.05,0.03,1.01,0.1,0.3,0.75,0.25,3.61,-11.73,True
1.05,0.03,1.01,0.1,0.3,1.0,0.0,3.59,-11.83,True
1.05,0.03,1.01,0.2,0.0,0.0,1.0,1.28,-13.16,True
1.05,0.03,1.01,0.2,0.0,0.25,0.75,1.24,-11.83,True
1.05,0.03,1.01,0.2,0.0,0.5,0.5,1.2,-10.5,True
1.05,0.03,1.01,0.2,0.0,0.75,0.25,1.15,-9.17,True
1.05,0.03,1.01,0.2,0.0,1.0,0.0,1.1,-7.85,True
1.05,0.03,1.01,0.2,0.1,0.0,1.0,2.45,-11.31,True
1.05,0.03,1.01,0.2,0.1,0.25,0.75,2.41,-9.97,True
1.05,0.03,1.01,0.2,0.1,0.5,0.5,2.37,-8.62,True
1.05,0.03,1.01,0.2,0.1,0.75,0.25,2.32,-7.28,True
1.05,0.03,1.01,0.2,0.1,1.0,0.0,2.27,-5.95,True
1.05,0.03,1.01,0.2,0.2,0.0,1.0,3.44,-9.4,True
1.05,0.03,1.01,0.2,0.2,0.25,0.75,3.39,-8.04,True
1.05,0.03,1.01,0.2,0.2,0.5,0.5,3.34,-7.93,True
1.05,0.03,1.01,0.2,0.2,0.75,0.25,3.28,-8.1,True
1.05,0.03,1.01,0.2,0.2,1.0,0.0,3.23,-8.27,True
1.05,0.03,1.01,0.2,0.3,0.0,1.0,4.25,-9.81,True
1.05,0.03,1.01,0.2,0.3,0.25,0.75,4.2,-10.01,True
1.05,0.03,1.01,0.2,0.3,0.5,0.5,4.14,-10.22,True
1.05,0.03,1.01,0.2,0.3,0.75,0.25,4.08,-10.44,True
1.05,0.03,1.01,0.2,0.3,1.0,0.0,4.02,-10.67,True
1.05,0.03,1.01,0.3,0.0,0.0,1.0,2.01,-19.72,True
1.05,0.03,1.01,0.3,0.0,0.25,0.75,1.92,-17.88,True
1.05,0.03,1.01,0.3,0.0,0.5,0.5,1.83,-15.91,True
1.05,0.03,1.01,0.3,0.0,0.75,0.25,1.74,-13.9,True
1.05,0.03,1.01,0.3,0.0,1.0,0.0,1.65,-11.89,True
1.05,0.03,1.01,0.3,0.1,0.0,1.0,3.21,-16.46,True
1.05,0.03,1.01,0.3,0.1,0.25,0.75,3.12,-14.73,True
1.05,0.03,1.01,0.3,0.1,0.5,0.5,3.02,-12.98,True
1.05,0.03,1.01,0.3,0.1,0.75,0.25,2.91,-11.21,True
1.05,0.03,1.01,0.3,0.1,1.0,0.0,2.81,-9.41,True
1.05,0.03,1.01,0.3,0.2,0.0,1.0,4.14,-13.08,True
1.05,0.03,1.01,0.3,0.2,0.25,0.75,4.05,-11.47,True
1.05,0.03,1.01,0.3,0.2,0.5,0.5,3.94,-9.84,True
1.05,0.03,1.01,0.3,0.2,0.75,0.25,3.84,-8.19,True
1.05,0.03,1.01,0.3,0.2,1.0,0.0,3.73,-7.31,True
1.05,0.03,1.01,0.3,0.3,0.0,1.0,4.91,-9.78,True
1.05,0.03,1.01,0.3,0.3,0.25,0.75,4.82,-9.78,True
1.05,0.03,1.01,0.3,0.3,0.5,0.5,4.72,-9.78,True
1.05,0.03,1.01,0.3,0.3,0.75,0.25,4.61,-9.78,True
1.05,0.03,1.01,0.3,0.3,1.0,0.0,4.5,-9.78,True
1.05,0.03,1.01,0.4,0.0,0.0,1.0,3.03,-20.1,True
1.05,0.03,1.01,0.4,0.0,0.25,0.75,2.88,-18.24,True
1.05,0.03,1.01,0.4,0.0,0.5,0.5,2.72,-16.35,True
1.05,0.03,1.01,0.4,0.0,0.75,0.25,2.56,-14.42,True
1.05,0.03,1.01,0.4,0.0,1.0,0.0,2.38,-12.46,True
1.05,0.03,1.01,0.4,0.1,0.0,1.0,4.05,-16.73,True
1.05,0.03,1.01,0.4,0.1,0.25,0.75,3.9,-15.11,True
1.05,0.03,1.01,0.4,0.1,0.5,0.5,3.74,-13.41,True
1.05,0.03,1.01,0.4,0.1,0.75,0.25,3.58,-11.59,True
1.05,0.03,1.01,0.4,0.1,1.0,0.0,3.41,-9.75,True
1.05,0.03,1.01,0.4,0.2,0.0,1.0,4.95,-12.58,True
1.05,0.03,1.01,0.4,0.2,0.25,0.75,4.8,-11.1,True
1.05,0.03,1.01,0.4,0.2,0.5,0.5,4.64,-9.58,True
1.05,0.03,1.01,0.4,0.2,0.75,0.25,4.47,-8.03,True
1.05,0.03,1.01,0.4,0.2,1.0,0.0,4.3,-6.5,True
1.05,0.03,1.01,0.4,0.3,0.0,1.0,5.71,-9.78,True
1.05,0.03,1.01,0.4,0.3,0.25,0.75,5.56,-9.78,True
1.05,0.03,1.01,0.4,0.3,0.5,0.5,5.4,-9.78,True
1.05,0.03,1.01,0.4,0.3,0.75,0.25,5.23,-9.78,True
1.05,0.03,1.01,0.4,0.3,1.0,0.0,5.06,-9.78,True
1.05,0.03,1.02,0.1,0.0,0.0,1.0,0.52,-6.5,True
1.05,0.03,1.02,0.1,0.0,0.25,0.75,0.5,-5.84,True
1.05,0.03,1.02,0.1,0.0,0.5,0.5,0.48,-5.19,True
1.05,0.03,1.02,0.1,0.0,0.75,0.25,0.46,-4.54,True
1.05,0.03,1.02,0.1,0.0,1.0,0.0,0.43,-3.88,True
1.05,0.03,1.02,0.1,0.1,0.0,1.0,1.79,-5.47,True
1.05,0.03,1.02,0.1,0.1,0.25,0.75,1.77,-5.51,True
1.05,0.03,1.02,0.1,0.1,0.5,0.5,1.75,-5.55,True
1.05,0.03,1.02,0.1,0.1,0.75,0.25,1.73,-5.59,True
1.05,0.03,1.02,0.1,0.1,1.0,0.0,1.71,-5.64,True
1.05,0.03,1.02,0.1,0.2,0.0,1.0,2.78,-9.17,True
1.05,0.03,1.02,0.1,0.2,0.25,0.75,2.76,-9.23,True
1.05,0.03,1.02,0.1,0.2,0.5,0.5,2.75,-9.3,True
1.05,0.03,1.02,0.1,0.2,0.75,0.25,2.73,-9.36,True
1.05,0.03,1.02,0.1,0.2,1.0,0.0,2.71,-9.43,True
1.05,0.03,1.02,0.1,0.3,0.0,1.0,3.58,-11.88,True
1.05,0.03,1.02,0.1,0.3,0.25,0.75,3.57,-11.95,True
1.05,0.03,1.02,0.1,0.3,0.5,0.5,3.55,-12.03,True
1.05,0.03,1.02,0.1,0.3,0.75,0.25,3.54,-12.11,True
1.05,0.03,1.02,0.1,0.3,1.0,0.0,3.52,-12.2,True
1.05,0.03,1.02,0.2,0.0,0.0,1.0,0.87,-13.16,True
1.05,0.03,1.02,0.2,0.0,0.25,0.75,0.86,-11.83,True
1.05,0.03,1.02,0.2,0.0,0.5,0.5,0.84,-10.5,True
1.05,0.03,1.02,0.2,0.0,0.75,0.25,0.81,-9.17,True
1.05,0.03,1.02,0.2,0.0,1.0,0.0,0.78,-7.85,True
1.05,0.03,1.02,0.2,0.1,0.0,1.0,2.13,-11.25,True
1.05,0.03,1.02,0.2,0.1,0.25,0.75,2.11,-9.91,True
1.05,0.03,1.02,0.2,0.1,0.5,0.5,2.08,-8.57,True
1.05,0.03,1.02,0.2,0.1,0.75,0.25,2.05,-7.23,True
1.05,0.03,1.02,0.2,0.1,1.0,0.0,2.02,-5.9,True
1.05,0.03,1.02,0.2,0.2,0.0,1.0,3.18,-9.28,True
1.05,0.03,1.02,0.2,0.2,0.25,0.75,3.15,-8.45,True
1.05,0.03,1.02,0.2,0.2,0.5,0.5,3.11,-8.57,True
1.05,0.03,1.02,0.2,0.2,0.75,0.25,3.06,-8.7,True
1.05,0.03,1.02,0.2,0.2,1.0,0.0,3.02,-8.84,True
1.05,0.03,1.02,0.2,0.3,0.0,1.0,4.02,-10.64,True
1.05,0.03,1.02,0.2,0.3,0.25,0.75,3.98,-10.8,True
1.05,0.03,1.02,0.2,0.3,0.5,0.5,3.94,-10.96,True
1.05,0.03,1.02,0.2,0.3,0.75,0.25,3.89,-11.14,True
1.05,0.03,1.02,0.2,0.3,1.0,0.0,3.84,-11.32,True
1.05,0.03,1.02,0.3,0.0,0.0,1.0,1.33,-19.72,True
1.05,0.03,1.02,0.3,0.0,0.25,0.75,1.29,-17.88,True
1.05,0.03,1.02,0.3,0.0,0.5,0.5,1.24,-15.91,True
1.05,0.03,1.02,0.3,0.0,0.75,0.25,1.19,-13.9,True
1.05,0.03,1.02,0.3,0.0,1.0,0.0,1.13,-11.89,True
1.05,0.03,1.02,0.3,0.1,0.0,1.0,2.67,-16.31,True
1.05,0.03,1.02,0.3,0.1,0.25,0.75,2.61,-14.6,True
1.05,0.03,1.02,0.3,0.1,0.5,0.5,2.54,-12.86,True
1.05,0.03,1.02,0.3,0.1,0.75,0.25,2.47,-11.1,True
1.05,0.03,1.02,0.3,0.1,1.0,0.0,2.39,-9.32,True
1.05,0.03,1.02,0.3,0.2,0.0,1.0,3.67,-12.81,True
1.05,0.03,1.02,0.3,0.2,0.25,0.75,3.6,-11.21,True
1.05,0.03,1.02,0.3,0.2,0.5,0.5,3.53,-9.6,True
1.05,0.03,1.02,0.3,0.2,0.75,0.25,3.45,-7.98,True
1.05,0.03,1.02,0.3,0.2,1.0,0.0,3.37,-8.12,True
1.05,0.03,1.02,0.3,0.3,0.0,1.0,4.5,-10.11,True
1.05,0.03,1.02,0.3,0.3,0.25,0.75,4.43,-10.11,True
1.05,0.03,1.02,0.3,0.3,0.5,0.5,4.36,-10.11,True
1.05,0.03,1.02,0.3,0.3,0.75,0.25,4.28,-10.16,True
1.05,0.03,1.02,0.3,0.3,1.0,0.0,4.19,-10.44,True
1.05,0.03,1.02,0.4,0.0,0.0,1.0,2.08,-20.1,True
1.05,0.03,1.02,0.4,0.0,0.25,0.75,1.99,-18.24,True
1.05,0.03,1.02,0.4,0.0,0.5,0.5,1.89,-16.35,True
1.05,0.03,1.02,0.4,0.0,0.75,0.25,1.78,-14.42,True
1.05,0.03,1.02,0.4,0.0,1.0,0.0,1.66,-12.46,True
1.05,0.03,1.02,0.4,0.1,0.0,1.0,3.26,-16.55,True
1.05,0.03,1.02,0.4,0.1,0.25,0.75,3.16,-14.93,True
1.05,0.03,1.02,0.4,0.1,0.5,0.5,3.05,-13.28,True
1.05,0.03,1.02,0.4,0.1,0.75,0.25,2.94,-11.47,True
1.05,0.03,1.02,0.4,0.1,1.0,0.0,2.83,-9.63,True
1.05,0.03,1.02,0.4,0.2,0.0,1.0,4.26,-12.25,True
1.05,0.03,1.02,0.4,0.2,0.25,0.75,4.15,-10.78,True
1.05,0.03,1.02,0.4,0.2,0.5,0.5,4.04,-9.28,True
1.05,0.03,1.02,0.4,0.2,0.75,0.25,3.92,-7.73,True
1.05,0.03,1.02,0.4,0.2,1.0,0.0,3.8,-7.4,True
1.05,0.03,1.02,0.4,0.3,0.0,1.0,5.07,-10.11,True
1.05,0.03,1.02,0.4,0.3,0.25,0.75,4.96,-10.11,True
1.05,0.03,1.02,0.4,0.3,0.5,0.5,4.85,-10.11,True
1.05,0.03,1.02,0.4,0.3,0.75,0.25,4.73,-10.11,True
1.05,0.03,1.02,0.4,0.3,1.0,0.0,4.6,-10.11,True
1.06,0.005,0.95,0.1,0.0,0.0,1.0,6.98,-29.09,True
1.06,0.005,0.95,0.1,0.0,0.25,0.75,7.05,-26.6,True
1.06,0.005,0.95,0.1,0.0,0.5,0.5,7.08,-23.99,True
1.06,0.005,0.95,0.1,0.0,0.75,0.25,7.07,-21.24,True
1.06,0.005,0.95,0.1,0.0,1.0,0.0,7.03,-18.76,True
1.06,0.005,0.95,0.1,0.1,0.0,1.0,6.95,-26.99,True
1.06,0.005,0.95,0.1,0.1,0.25,0.75,7.03,-24.72,True
1.06,0.005,0.95,0.1,0.1,0.5,0.5,7.08,-22.5,True
1.06,0.005,0.95,0.1,0.1,0.75,0.25,7.11,-20.34,True
1.06,0.005,0.95,0.1,0.1,1.0,0.0,7.09,-18.18,True
1.06,0.005,0.95,0.1,0.2,0.0,1.0,7.03,-24.83,True
1.06,0.005,0.95,0.1,0.2,0.25,0.75,7.11,-22.8,True
1.06,0.005,0.95,0.1,0.2,0.5,0.5,7.17,-20.65,True
1.06,0.005,0.95,0.1,0.2,0.75,0.25,7.2,-18.4,True
1.06,0.005,0.95,0.1,0.2,1.0,0.0,7.21,-16.42,True
1.06,0.005,0.95,0.1,0.3,0.0,1.0,7.19,-22.88,True
1.06,0.005,0.95,0.1,0.3,0.25,0.75,7.27,-20.91,True
1.06,0.005,0.95,0.1,0.3,0.5,0.5,7.33,-19.73,True
1.06,0.005,0.95,0.1,0.3,0.75,0.25,7.36,-18.45,True
1.06,0.005,0.95,0.1,0.3,1.0,0.0,7.37,-17.05,True
1.06,0.005,0.95,0.2,0.0,0.0,1.0,5.2,-49.02,False
1.06,0.005,0.95,0.2,0.0,0.25,0.75,5.46,-45.82,False
1.06,0.005,0.95,0.2,0.0,0.5,0.5,5.68,-42.53,False
1.06,0.005,0.95,0.2,0.0,0.75,0.25,5.86,-39.14,True
1.06,0.005,0.95,0.2,0.0,1.0,0.0,5.99,-35.67,True
1.06,0.005,0.95,0.2,0.1,0.0,1.0,5.52,-45.04,False
1.06,0.005,0.95,0.2,0.1,0.25,0.75,5.76,-41.95,False
1.06,0.005,0.95,0.2,0.1,0.5,0.5,5.97,-38.75,True
1.06,0.005,0.95,0.2,0.1,0.75,0.25,6.13,-35.45,True
1.06,0.005,0.95,0.2,0.1,1.0,0.0,6.25,-32.05,True
1.06,0.005,0.95,0.2,0.2,0.0,1.0,5.89,-40.67,False
1.06,0.005,0.95,0.2,0.2,0.25,0.75,6.1,-37.75,True
1.06,0.005,0.95,0.2,0.2,0.5,0.5,6.28,-34.7,True
1.06,0.005,0.95,0.2,0.2,0.75,0.25,6.43,-31.54,True
1.06,0.005,0.95,0.2,0.2,1.0,0.0,6.56,-28.18,True
1.06,0.005,0.95,0.2,0.3,0.0,1.0,6.46,-34.84,True
1.06,0.005,0.95,0.2,0.3,0.25,0.75,6.63,-32.0,True
1.06,0.005,0.95,0.2,0.3,0.5,0.5,6.78,-29.03,True
1.06,0.005,0.95,0.2,0.3,0.75,0.25,6.91,-25.92,True
1.06,0.005,0.95,0.2,0.3,1.0,0.0,7.01,-22.71,True
1.06,0.005,0.95,0.3,0.0,0.0,1.0,4.92,-53.54,False
1.06,0.005,0.95,0.3,0.0,0.25,0.75,5.24,-50.11,False
1.06,0.005,0.95,0.3,0.0,0.5,0.5,5.51,-46.56,False
1.06,0.005,0.95,0.3,0.0,0.75,0.25,5.72,-42.9,False
1.06,0.005,0.95,0.3,0.0,1.0,0.0,5.89,-39.14,True
1.06,0.005,0.95,0.3,0.1,0.0,1.0,5.64,-47.57,False
1.06,0.005,0.95,0.3,0.1,0.25,0.75,5.89,-44.29,False
1.06,0.005,0.95,0.3,0.1,0.5,0.5,6.11,-40.89,False
1.06,0.005,0.95,0.3,0.1,0.75,0.25,6.28,-37.37,True
1.06,0.005,0.95,0.3,0.1,1.0,0.0,6.4,-33.73,True
1.06,0.005,0.95,0.3,0.2,0.0,1.0,6.16,-41.42,False
1.06,0.005,0.95,0.3,0.2,0.25,0.75,6.36,-38.33,True
1.06,0.005,0.95,0.3,0.2,0.5,0.5,6.54,-35.1,True
1.06,0.005,0.95,0.3,0.2,0.75,0.25,6.68,-31.75,True
1.06,0.005,0.95,0.3,0.2,1.0,0.0,6.78,-28.29,True
1.06,0.005,0.95,0.3,0.3,0.0,1.0,6.6,-35.26,True
1.06,0.005,0.95,0.3,0.3,0.25,0.75,6.77,-32.34,True
1.06,0.005,0.95,0.3,0.3,0.5,0.5,6.91,-29.29,True
1.06,0.005,0.95,0.3,0.3,0.75,0.25,7.03,-26.13,True
1.06,0.005,0.95,0.3,0.3,1.0,0.0,7.12,-22.87,True
1.06,0.005,0.95,0.4,0.0,0.0,1.0,5.14,-53.33,False
1.06,0.005,0.95,0.4,0.0,0.25,0.75,5.44,-49.89,False
1.06,0.005,0.95,0.4,0.0,0.5,0.5,5.69,-46.34,False
1.06,0.005,0.95,0.4,0.0,0.75,0.25,5.89,-42.69,False
1.06,0.005,0.95,0.4,0.0,1.0,0.0,6.04,-38.93,True
1.06,0.005,0.95,0.4,0.1,0.0,1.0,5.7,-47.39,False
1.06,0.005,0.95,0.4,0.1,0.25,0.75,5.95,-44.11,False
1.06,0.005,0.95,0.4,0.1,0.5,0.5,6.16,-40.71,False
1.06,0.005,0.95,0.4,0.1,0.75,0.25,6.33,-37.19,True
1.06,0.005,0.95,0.4,0.1,1.0,0.0,6.45,-33.56,True
1.06,0.005,0.95,0.4,0.2,0.0,1.0,6.16,-41.63,False
1.06,0.005,0.95,0.4,0.2,0.25,0.75,6.37,-38.5,True
1.06,0.005,0.95,0.4,0.2,0.5,0.5,6.55,-35.24,True
1.06,0.005,0.95,0.4,0.2,0.75,0.25,6.69,-31.86,True
1.06,0.005,0.95,0.4,0.2,1.0,0.0,6.8,-28.38,True
1.06,0.005,0.95,0.4,0.3,0.0,1.0,6.61,-35.57,True
1.06,0.005,0.95,0.4,0.3,0.25,0.75,6.78,-32.62,True
1.06,0.005,0.95,0.4,0.3,0.5,0.5,6.93,-29.55,True
1.06,0.005,0.95,0.4,0.3,0.75,0.25,7.05,-26.36,True
1.06,0.005,0.95,0.4,0.3,1.0,0.0,7.14,-23.07,True
1.06,0.005,0.97,0.1,0.0,0.0,1.0,4.45,-32.37,True
1.06,0.005,0.97,0.1,0.0,0.25,0.75,4.63,-29.43,True
1.06,0.005,0.97,0.1,0.0,0.5,0.5,4.78,-26.44,True
1.06,0.005,0.97,0.1,0.0,0.75,0.25,4.88,-23.4,True
1.06,0.005,0.97,0.1,0.0,1.0,0.0,4.95,-20.31,True
1.06,0.005,0.97,0.1,0.1,0.0,1.0,4.94,-28.6,True
1.06,0.005,0.97,0.1,0.1,0.25,0.75,5.11,-25.91,True
1.06,0.005,0.97,0.1,0.1,0.5,0.5,5.25,-23.17,True
1.06,0.005,0.97,0.1,0.1,0.75,0.25,5.36,-20.39,True
1.06,0.005,0.97,0.1,0.1,1.0,0.0,5.44,-17.57,True
1.06,0.005,0.97,0.1,0.2,0.0,1.0,5.54,-24.83,True
1.06,0.005,0.97,0.1,0.2,0.25,0.75,5.66,-22.42,True
1.06,0.005,0.97,0.1,0.2,0.5,0.5,5.76,-19.96,True
1.06,0.005,0.97,0.1,0.2,0.75,0.25,5.84,-17.47,True
1.06,0.005,0.97,0.1,0.2,1.0,0.0,5.9,-14.93,True
1.06,0.005,0.97,0.1,0.3,0.0,1.0,5.88,-20.88,True
1.06,0.005,0.97,0.1,0.3,0.25,0.75,6.04,-18.74,True
1.06,0.005,0.97,0.1,0.3,0.5,0.5,6.18,-16.57,True
1.06,0.005,0.97,0.1,0.3,0.75,0.25,6.28,-15.98,True
1.06,0.005,0.97,0.1,0.3,1.0,0.0,6.34,-15.5,True
1.06,0.005,0.97,0.2,0.0,0.0,1.0,3.54,-42.7,False
1.06,0.005,0.97,0.2,0.0,0.25,0.75,3.85,-39.79,True
1.06,0.005,0.97,0.2,0.0,0.5,0.5,4.1,-36.81,True
1.06,0.005,0.97,0.2,0.0,0.75,0.25,4.31,-33.77,True
1.06,0.005,0.97,0.2,0.0,1.0,0.0,4.47,-30.65,True
1.06,0.005,0.97,0.2,0.1,0.0,1.0,4.13,-36.92,True
1.06,0.005,0.97,0.2,0.1,0.25,0.75,4.4,-34.32,True
1.06,0.005,0.97,0.2,0.1,0.5,0.5,4.63,-31.61,True
1.06,0.005,0.97,0.2,0.1,0.75,0.25,4.83,-28.78,True
1.06,0.005,0.97,0.2,0.1,1.0,0.0,4.98,-25.86,True
1.06,0.005,0.97,0.2,0.2,0.0,1.0,5.07,-30.16,True
1.06,0.005,0.97,0.2,0.2,0.25,0.75,5.27,-27.84,True
1.06,0.005,0.97,0.2,0.2,0.5,0.5,5.44,-25.37,True
1.06,0.005,0.97,0.2,0.2,0.75,0.25,5.59,-22.77,True
1.06,0.005,0.97,0.2,0.2,1.0,0.0,5.7,-20.04,True
1.06,0.005,0.97,0.2,0.3,0.0,1.0,5.86,-23.03,True
1.06,0.005,0.97,0.2,0.3,0.25,0.75,6.01,-21.05,True
1.06,0.005,0.97,0.2,0.3,0.5,0.5,6.15,-18.92,True
1.06,0.005,0.97,0.2,0.3,0.75,0.25,6.26,-16.64,True
1.06,0.005,0.97,0.2,0.3,1.0,0.0,6.34,-15.11,True
1.06,0.005,0.97,0.3,0.0,0.0,1.0,3.39,-47.18,False
1.06,0.005,0.97,0.3,0.0,0.25,0.75,3.73,-44.0,False
1.06,0.005,0.97,0.3,0.0,0.5,0.5,4.03,-40.74,False
1.06,0.005,0.97,0.3,0.0,0.75,0.25,4.26,-37.4,True
1.06,0.005,0.97,0.3,0.0,1.0,0.0,4.45,-33.98,True
1.06,0.005,0.97,0.3,0.1,0.0,1.0,4.52,-38.42,True
1.06,0.005,0.97,0.3,0.1,0.25,0.75,4.77,-35.69,True
1.06,0.005,0.97,0.3,0.1,0.5,0.5,4.98,-32.83,True
1.06,0.005,0.97,0.3,0.1,0.75,0.25,5.15,-29.84,True
1.06,0.005,0.97,0.3,0.1,1.0,0.0,5.28,-26.83,True
1.06,0.005,0.97,0.3,0.2,0.0,1.0,5.32,-30.59,True
1.06,0.005,0.97,0.3,0.2,0.25,0.75,5.51,-28.17,True
1.06,0.005,0.97,0.3,0.2,0.5,0.5,5.68,-25.63,True
1.06,0.005,0.97,0.3,0.2,0.75,0.25,5.81,-22.99,True
1.06,0.005,0.97,0.3,0.2,1.0,0.0,5.9,-20.33,True
1.06,0.005,0.97,0.3,0.3,0.0,1.0,5.96,-23.75,True
1.06,0.005,0.97,0.3,0.3,0.25,0.75,6.11,-21.66,True
1.06,0.005,0.97,0.3,0.3,0.5,0.5,6.24,-19.43,True
1.06,0.005,0.97,0.3,0.3,0.75,0.25,6.35,-17.07,True
1.06,0.005,0.97,0.3,0.3,1.0,0.0,6.43,-14.97,True
1.06,0.005,0.97,0.4,0.0,0.0,1.0,3.67,-46.95,False
1.06,0.005,0.97,0.4,0.0,0.25,0.75,3.99,-43.76,False
1.06,0.005,0.97,0.4,0.0,0.5,0.5,4.27,-40.5,False
1.06,0.005,0.97,0.4,0.0,0.75,0.25,4.49,-37.16,True
1.06,0.005,0.97,0.4,0.0,1.0,0.0,4.65,-33.75,True
1.06,0.005,0.97,0.4,0.1,0.0,1.0,4.61,-38.51,True
1.06,0.005,0.97,0.4,0.1,0.25,0.75,4.86,-35.72,True
1.06,0.005,0.97,0.4,0.1,0.5,0.5,5.07,-32.82,True
1.06,0.005,0.97,0.4,0.1,0.75,0.25,5.24,-29.81,True
1.06,0.005,0.97,0.4,0.1,1.0,0.0,5.37,-26.73,True
1.06,0.005,0.97,0.4,0.2,0.0,1.0,5.35,-31.08,True
1.06,0.005,0.97,0.4,0.2,0.25,0.75,5.55,-28.63,True
1.06,0.005,0.97,0.4,0.2,0.5,0.5,5.71,-26.05,True
1.06,0.005,0.97,0.4,0.2,0.75,0.25,5.85,-23.35,True
1.06,0.005,0.97,0.4,0.2,1.0,0.0,5.95,-20.55,True
1.06,0.005,0.97,0.4,0.3,0.0,1.0,6.0,-24.03,True
1.06,0.005,0.97,0.4,0.3,0.25,0.75,6.15,-21.91,True
1.06,0.005,0.97,0.4,0.3,0.5,0.5,6.28,-19.64,True
1.06,0.005,0.97,0.4,0.3,0.75,0.25,6.39,-17.24,True
1.06,0.005,0.97,0.4,0.3,1.0,0.0,6.47,-15.04,True
1.06,0.005,0.99,0.1,0.0,0.0,1.0,4.92,-39.56,True
1.06,0.005,0.99,0.1,0.0,0.25,0.75,5.01,-36.57,True
1.06,0.005,0.99,0.1,0.0,0.5,0.5,5.06,-33.51,True
1.06,0.005,0.99,0.1,0.0,0.75,0.25,5.07,-30.36,True
1.06,0.005,0.99,0.1,0.0,1.0,0.0,5.03,-27.13,True
1.06,0.005,0.99,0.1,0.1,0.0,1.0,5.24,-37.38,True
1.06,0.005,0.99,0.1,0.1,0.25,0.75,5.35,-34.5,True
1.06,0.005,0.99,0.1,0.1,0.5,0.5,5.42,-31.54,True
1.06,0.005,0.99,0.1,0.1,0.75,0.25,5.46,-28.51,True
1.06,0.005,0.99,0.1,0.1,1.0,0.0,5.46,-25.4,True
1.06,0.005,0.99,0.1,0.2,0.0,1.0,5.73,-33.33,True
1.06,0.005,0.99,0.1,0.2,0.25,0.75,5.81,-30.76,True
1.06,0.005,0.99,0.1,0.2,0.5,0.5,5.86,-28.12,True
1.06,0.005,0.99,0.1,0.2,0.75,0.25,5.89,-25.4,True
1.06,0.005,0.99,0.1,0.2,1.0,0.0,5.89,-22.59,True
1.06,0.005,0.99,0.1,0.3,0.0,1.0,5.89,-28.38,True
1.06,0.005,0.99,0.1,0.3,0.25,0.75,6.04,-26.1,True
1.06,0.005,0.99,0.1,0.3,0.5,0.5,6.16,-23.76,True
1.06,0.005,0.99,0.1,0.3,0.75,0.25,6.24,-21.35,True
1.06,0.005,0.99,0.1,0.3,1.0,0.0,6.29,-18.89,True
1.06,0.005,0.99,0.2,0.0,0.0,1.0,3.97,-45.37,True
1.06,0.005,0.99,0.2,0.0,0.25,0.75,4.18,-42.09,True
1.06,0.005,0.99,0.2,0.0,0.5,0.5,4.35,-38.69,True
1.06,0.005,0.99,0.2,0.0,0.75,0.25,4.47,-35.15,True
1.06,0.005,0.99,0.2,0.0,1.0,0.0,4.53,-31.49,True
1.06,0.005,0.99,0.2,0.1,0.0,1.0,4.43,-39.98,True
1.06,0.005,0.99,0.2,0.1,0.25,0.75,4.63,-37.01,True
1.06,0.005,0.99,0.2,0.1,0.5,0.5,4.79,-33.92,True
1.06,0.005,0.99,0.2,0.1,0.75,0.25,4.92,-30.73,True
1.06,0.005,0.99,0.2,0.1,1.0,0.0,5.0,-27.42,True
1.06,0.005,0.99,0.2,0.2,0.0,1.0,5.31,-34.76,True
1.06,0.005,0.99,0.2,0.2,0.25,0.75,5.46,-32.09,True
1.06,0.005,0.99,0.2,0.2,0.5,0.5,5.58,-29.32,True
1.06,0.005,0.99,0.2,0.2,0.75,0.25,5.68,-26.45,True
1.06,0.005,0.99,0.2,0.2,1.0,0.0,5.73,-23.52,True
1.06,0.005,0.99,0.2,0.3,0.0,1.0,5.98,-29.39,True
1.06,0.005,0.99,0.2,0.3,0.25,0.75,6.11,-27.07,True
1.06,0.005,0.99,0.2,0.3,0.5,0.5,6.22,-24.66,True
1.06,0.005,0.99,0.2,0.3,0.75,0.25,6.29,-22.18,True
1.06,0.005,0.99,0.2,0.3,1.0,0.0,6.33,-19.68,True
1.06,0.005,0.99,0.3,0.0,0.0,1.0,3.82,-41.26,False
1.06,0.005,0.99,0.3,0.0,0.25,0.75,4.07,-42.45,True
1.06,0.005,0.99,0.3,0.0,0.5,0.5,4.27,-39.01,True
1.06,0.005,0.99,0.3,0.0,0.75,0.25,4.42,-35.44,True
1.06,0.005,0.99,0.3,0.0,1.0,0.0,4.51,-31.72,True
1.06,0.005,0.99,0.3,0.1,0.0,1.0,4.75,-40.28,True
1.06,0.005,0.99,0.3,0.1,0.25,0.75,4.94,-37.3,True
1.06,0.005,0.99,0.3,0.1,0.5,0.5,5.1,-34.2,True
1.06,0.005,0.99,0.3,0.1,0.75,0.25,5.21,-31.01,True
1.06,0.005,0.99,0.3,0.1,1.0,0.0,5.27,-27.68,True
1.06,0.005,0.99,0.3,0.2,0.0,1.0,5.37,-34.78,True
1.06,0.005,0.99,0.3,0.2,0.25,0.75,5.53,-32.11,True
1.06,0.005,0.99,0.3,0.2,0.5,0.5,5.67,-29.35,True
1.06,0.005,0.99,0.3,0.2,0.75,0.25,5.77,-26.53,True
1.06,0.005,0.99,0.3,0.2,1.0,0.0,5.83,-23.61,True
1.06,0.005,0.99,0.3,0.3,0.0,1.0,5.96,-29.38,True
1.06,0.005,0.99,0.3,0.3,0.25,0.75,6.09,-27.04,True
1.06,0.005,0.99,0.3,0.3,0.5,0.5,6.19,-24.62,True
1.06,0.005,0.99,0.3,0.3,0.75,0.25,6.27,-22.13,True
1.06,0.005,0.99,0.3,0.3,1.0,0.0,6.32,-19.61,True
1.06,0.005,0.99,0.4,0.0,0.0,1.0,3.92,-41.0,False
1.06,0.005,0.99,0.4,0.0,0.25,0.75,4.17,-42.48,True
1.06,0.005,0.99,0.4,0.0,0.5,0.5,4.37,-39.04,True
1.06,0.005,0.99,0.4,0.0,0.75,0.25,4.51,-35.45,True
1.06,0.005,0.99,0.4,0.0,1.0,0.0,4.6,-31.72,True
1.06,0.005,0.99,0.4,0.1,0.0,1.0,4.66,-40.19,True
1.06,0.005,0.99,0.4,0.1,0.25,0.75,4.86,-37.21,True
1.06,0.005,0.99,0.4,0.1,0.5,0.5,5.03,-34.1,True
1.06,0.005,0.99,0.4,0.1,0.75,0.25,5.15,-30.87,True
1.06,0.005,0.99,0.4,0.1,1.0,0.0,5.23,-27.55,True
1.06,0.005,0.99,0.4,0.2,0.0,1.0,5.34,-34.81,True
1.06,0.005,0.99,0.4,0.2,0.25,0.75,5.5,-32.14,True
1.06,0.005,0.99,0.4,0.2,0.5,0.5,5.63,-29.36,True
1.06,0.005,0.99,0.4,0.2,0.75,0.25,5.74,-26.47,True
1.06,0.005,0.99,0.4,0.2,1.0,0.0,5.8,-23.53,True
1.06,0.005,0.99,0.4,0.3,0.0,1.0,5.91,-29.56,True
1.06,0.005,0.99,0.4,0.3,0.25,0.75,6.05,-27.2,True
1.06,0.005,0.99,0.4,0.3,0.5,0.5,6.17,-24.76,True
1.06,0.005,0.99,0.4,0.3,0.75,0.25,6.25,-22.23,True
1.06,0.005,0.99,0.4,0.3,1.0,0.0,6.3,-19.65,True
1.06,0.005,1.0,0.1,0.0,0.0,1.0,1.97,-34.81,True
1.06,0.005,1.0,0.1,0.0,0.25,0.75,2.25,-32.05,True
1.06,0.005,1.0,0.1,0.0,0.5,0.5,2.5,-29.22,True
1.06,0.005,1.0,0.1,0.0,0.75,0.25,2.72,-26.33,True
1.06,0.005,1.0,0.1,0.0,1.0,0.0,2.91,-23.37,True
1.06,0.005,1.0,0.1,0.1,0.0,1.0,3.04,-32.9,True
1.06,0.005,1.0,0.1,0.1,0.25,0.75,3.28,-30.23,True
1.06,0.005,1.0,0.1,0.1,0.5,0.5,3.5,-27.5,True
1.06,0.005,1.0,0.1,0.1,0.75,0.25,3.7,-24.71,True
1.06,0.005,1.0,0.1,0.1,1.0,0.0,3.88,-21.86,True
1.06,0.005,1.0,0.1,0.2,0.0,1.0,3.85,-29.44,True
1.06,0.005,1.0,0.1,0.2,0.25,0.75,4.04,-27.05,True
1.06,0.005,1.0,0.1,0.2,0.5,0.5,4.22,-24.59,True
1.06,0.005,1.0,0.1,0.2,0.75,0.25,4.38,-22.06,True
1.06,0.005,1.0,0.1,0.2,1.0,0.0,4.54,-19.47,True
1.06,0.005,1.0,0.1,0.3,0.0,1.0,4.73,-25.01,True
1.06,0.005,1.0,0.1,0.3,0.25,0.75,4.89,-22.88,True
1.06,0.005,1.0,0.1,0.3,0.5,0.5,5.05,-20.71,True
1.06,0.005,1.0,0.1,0.3,0.75,0.25,5.19,-18.48,True
1.06,0.005,1.0,0.1,0.3,1.0,0.0,5.31,-16.19,True
1.06,0.005,1.0,0.2,0.0,0.0,1.0,0.91,-40.47,True
1.06,0.005,1.0,0.2,0.0,0.25,0.75,1.31,-37.39,True
1.06,0.005,1.0,0.2,0.0,0.5,0.5,1.69,-34.2,True
1.06,0.005,1.0,0.2,0.0,0.75,0.25,2.03,-30.9,True
1.06,0.005,1.0,0.2,0.0,1.0,0.0,2.33,-27.5,True
1.06,0.005,1.0,0.2,0.1,0.0,1.0,2.37,-35.61,True
1.06,0.005,1.0,0.2,0.1,0.25,0.75,2.66,-32.82,True
1.06,0.005,1.0,0.2,0.1,0.5,0.5,2.93,-29.93,True
1.06,0.005,1.0,0.2,0.1,0.75,0.25,3.18,-26.95,True
1.06,0.005,1.0,0.2,0.1,1.0,0.0,3.42,-23.87,True
1.06,0.005,1.0,0.2,0.2,0.0,1.0,3.75,-30.91,True
1.06,0.005,1.0,0.2,0.2,0.25,0.75,3.95,-28.39,True
1.06,0.005,1.0,0.2,0.2,0.5,0.5,4.15,-25.8,True
1.06,0.005,1.0,0.2,0.2,0.75,0.25,4.33,-23.13,True
1.06,0.005,1.0,0.2,0.2,1.0,0.0,4.5,-20.39,True
1.06,0.005,1.0,0.2,0.3,0.0,1.0,4.75,-26.1,True
1.06,0.005,1.0,0.2,0.3,0.25,0.75,4.91,-23.92,True
1.06,0.005,1.0,0.2,0.3,0.5,0.5,5.07,-21.66,True
1.06,0.005,1.0,0.2,0.3,0.75,0.25,5.21,-19.34,True
1.06,0.005,1.0,0.2,0.3,1.0,0.0,5.33,-17.01,True
1.06,0.005,1.0,0.3,0.0,0.0,1.0,0.75,-40.88,True
1.06,0.005,1.0,0.3,0.0,0.25,0.75,1.19,-37.77,True
1.06,0.005,1.0,0.3,0.0,0.5,0.5,1.59,-34.55,True
1.06,0.005,1.0,0.3,0.0,0.75,0.25,1.96,-31.21,True
1.06,0.005,1.0,0.3,0.0,1.0,0.0,2.29,-27.75,True
1.06,0.005,1.0,0.3,0.1,0.0,1.0,2.51,-35.95,True
1.06,0.005,1.0,0.3,0.1,0.25,0.75,2.8,-33.14,True
1.06,0.005,1.0,0.3,0.1,0.5,0.5,3.08,-30.23,True
1.06,0.005,1.0,0.3,0.1,0.75,0.25,3.32,-27.24,True
1.06,0.005,1.0,0.3,0.1,1.0,0.0,3.55,-24.15,True
1.06,0.005,1.0,0.3,0.2,0.0,1.0,3.66,-30.95,True
1.06,0.005,1.0,0.3,0.2,0.25,0.75,3.87,-28.44,True
1.06,0.005,1.0,0.3,0.2,0.5,0.5,4.08,-25.85,True
1.06,0.005,1.0,0.3,0.2,0.75,0.25,4.26,-23.21,True
1.06,0.005,1.0,0.3,0.2,1.0,0.0,4.44,-20.49,True
1.06,0.005,1.0,0.3,0.3,0.0,1.0,4.64,-26.06,True
1.06,0.005,1.0,0.3,0.3,0.25,0.75,4.8,-23.86,True
1.06,0.005,1.0,0.3,0.3,0.5,0.5,4.96,-21.58,True
1.06,0.005,1.0,0.3,0.3,0.75,0.25,5.11,-19.26,True
1.06,0.005,1.0,0.3,0.3,1.0,0.0,5.24,-16.91,True
1.06,0.005,1.0,0.4,0.0,0.0,1.0,0.63,-40.93,True
1.06,0.005,1.0,0.4,0.0,0.25,0.75,1.08,-37.81,True
1.06,0.005,1.0,0.4,0.0,0.5,0.5,1.5,-34.58,True
1.06,0.005,1.0,0.4,0.0,0.75,0.25,1.88,-31.22,True
1.06,0.005,1.0,0.4,0.0,1.0,0.0,2.22,-27.74,True
1.06,0.005,1.0,0.4,0.1,0.0,1.0,2.24,-35.84,True
1.06,0.005,1.0,0.4,0.1,0.25,0.75,2.55,-33.03,True
1.06,0.005,1.0,0.4,0.1,0.5,0.5,2.84,-30.12,True
1.06,0.005,1.0,0.4,0.1,0.75,0.25,3.12,-27.1,True
1.06,0.005,1.0,0.4,0.1,1.0,0.0,3.37,-24.0,True
1.06,0.005,1.0,0.4,0.2,0.0,1.0,3.5,-30.97,True
1.06,0.005,1.0,0.4,0.2,0.25,0.75,3.72,-28.45,True
1.06,0.005,1.0,0.4,0.2,0.5,0.5,3.94,-25.84,True
1.06,0.005,1.0,0.4,0.2,0.75,0.25,4.15,-23.15,True
1.06,0.005,1.0,0.4,0.2,1.0,0.0,4.34,-20.4,True
1.06,0.005,1.0,0.4,0.3,0.0,1.0,4.46,-26.23,True
1.06,0.005,1.0,0.4,0.3,0.25,0.75,4.63,-24.01,True
1.06,0.005,1.0,0.4,0.3,0.5,0.5,4.81,-21.71,True
1.06,0.005,1.0,0.4,0.3,0.75,0.25,4.98,-19.35,True
1.06,0.005,1.0,0.4,0.3,1.0,0.0,5.13,-16.95,True
1.06,0.005,1.01,0.1,0.0,0.0,1.0,2.81,-32.61,True
1.06,0.005,1.01,0.1,0.0,0.25,0.75,3.01,-29.95,True
1.06,0.005,1.01,0.1,0.0,0.5,0.5,3.18,-27.24,True
1.06,0.005,1.01,0.1,0.0,0.75,0.25,3.32,-24.47,True
1.06,0.005,1.01,0.1,0.0,1.0,0.0,3.43,-21.64,True
1.06,0.005,1.01,0.1,0.1,0.0,1.0,3.7,-30.67,True
1.06,0.005,1.01,0.1,0.1,0.25,0.75,3.89,-28.12,True
1.06,0.005,1.01,0.1,0.1,0.5,0.5,4.05,-25.51,True
1.06,0.005,1.01,0.1,0.1,0.75,0.25,4.19,-22.85,True
1.06,0.005,1.01,0.1,0.1,1.0,0.0,4.3,-20.13,True
1.06,0.005,1.01,0.1,0.2,0.0,1.0,4.37,-27.49,True
1.06,0.005,1.01,0.1,0.2,0.25,0.75,4.52,-25.18,True
1.06,0.005,1.01,0.1,0.2,0.5,0.5,4.66,-22.82,True
1.06,0.005,1.01,0.1,0.2,0.75,0.25,4.78,-20.4,True
1.06,0.005,1.01,0.1,0.2,1.0,0.0,4.88,-17.92,True
1.06,0.005,1.01,0.1,0.3,0.0,1.0,5.15,-23.38,True
1.06,0.005,1.01,0.1,0.3,0.25,0.75,5.27,-21.33,True
1.06,0.005,1.01,0.1,0.3,0.5,0.5,5.39,-19.24,True
1.06,0.005,1.01,0.1,0.3,0.75,0.25,5.49,-17.1,True
1.06,0.005,1.01,0.1,0.3,1.0,0.0,5.58,-15.65,True
1.06,0.005,1.01,0.2,0.0,0.0,1.0,2.02,-37.86,True
1.06,0.005,1.01,0.2,0.0,0.25,0.75,2.33,-34.9,True
1.06,0.005,1.01,0.2,0.0,0.5,0.5,2.6,-31.83,True
1.06,0.005,1.01,0.2,0.0,0.75,0.25,2.84,-28.68,True
1.06,0.005,1.01,0.2,0.0,1.0,0.0,3.04,-25.42,True
1.06,0.005,1.01,0.2,0.1,0.0,1.0,3.15,-33.35,True
1.06,0.005,1.01,0.2,0.1,0.25,0.75,3.38,-30.66,True
1.06,0.005,1.01,0.2,0.1,0.5,0.5,3.59,-27.88,True
1.06,0.005,1.01,0.2,0.1,0.75,0.25,3.78,-25.04,True
1.06,0.005,1.01,0.2,0.1,1.0,0.0,3.94,-22.11,True
1.06,0.005,1.01,0.2,0.2,0.0,1.0,4.32,-28.97,True
1.06,0.005,1.01,0.2,0.2,0.25,0.75,4.48,-26.58,True
1.06,0.005,1.01,0.2,0.2,0.5,0.5,4.63,-24.12,True
1.06,0.005,1.01,0.2,0.2,0.75,0.25,4.76,-21.57,True
1.06,0.005,1.01,0.2,0.2,1.0,0.0,4.88,-18.95,True
1.06,0.005,1.01,0.2,0.3,0.0,1.0,5.18,-24.6,True
1.06,0.005,1.01,0.2,0.3,0.25,0.75,5.31,-22.53,True
1.06,0.005,1.01,0.2,0.3,0.5,0.5,5.42,-20.38,True
1.06,0.005,1.01,0.2,0.3,0.75,0.25,5.52,-18.26,True
1.06,0.005,1.01,0.2,0.3,1.0,0.0,5.61,-16.72,True
1.06,0.005,1.01,0.3,0.0,0.0,1.0,1.94,-38.29,True
1.06,0.005,1.01,0.3,0.0,0.25,0.75,2.27,-35.29,True
1.06,0.005,1.01,0.3,0.0,0.5,0.5,2.57,-32.2,True
1.06,0.005,1.01,0.3,0.0,0.75,0.25,2.82,-28.99,True
1.06,0.005,1.01,0.3,0.0,1.0,0.0,3.04,-25.67,True
1.06,0.005,1.01,0.3,0.1,0.0,1.0,3.28,-33.8,True
1.06,0.005,1.01,0.3,0.1,0.25,0.75,3.51,-31.1,True
1.06,0.005,1.01,0.3,0.1,0.5,0.5,3.72,-28.3,True
1.06,0.005,1.01,0.3,0.1,0.75,0.25,3.91,-25.41,True
1.06,0.005,1.01,0.3,0.1,1.0,0.0,4.07,-22.41,True
1.06,0.005,1.01,0.3,0.2,0.0,1.0,4.17,-29.17,True
1.06,0.005,1.01,0.3,0.2,0.25,0.75,4.34,-26.77,True
1.06,0.005,1.01,0.3,0.2,0.5,0.5,4.51,-24.28,True
1.06,0.005,1.01,0.3,0.2,0.75,0.25,4.66,-21.71,True
1.06,0.005,1.01,0.3,0.2,1.0,0.0,4.8,-19.06,True
1.06,0.005,1.01,0.3,0.3,0.0,1.0,5.02,-24.56,True
1.06,0.005,1.01,0.3,0.3,0.25,0.75,5.15,-22.58,True
1.06,0.005,1.01,0.3,0.3,0.5,0.5,5.27,-21.0,True
1.06,0.005,1.01,0.3,0.3,0.75,0.25,5.39,-19.37,True
1.06,0.005,1.01,0.3,0.3,1.0,0.0,5.5,-17.7,True
1.06,0.005,1.01,0.4,0.0,0.0,1.0,1.75,-38.34,True
1.06,0.005,1.01,0.4,0.0,0.25,0.75,2.1,-35.33,True
1.06,0.005,1.01,0.4,0.0,0.5,0.5,2.42,-32.22,True
1.06,0.005,1.01,0.4,0.0,0.75,0.25,2.7,-29.0,True
1.06,0.005,1.01,0.4,0.0,1.0,0.0,2.94,-25.67,True
1.06,0.005,1.01,0.4,0.1,0.0,1.0,2.94,-33.64,True
1.06,0.005,1.01,0.4,0.1,0.25,0.75,3.19,-30.95,True
1.06,0.005,1.01,0.4,0.1,0.5,0.5,3.43,-28.15,True
1.06,0.005,1.01,0.4,0.1,0.75,0.25,3.64,-25.26,True
1.06,0.005,1.01,0.4,0.1,1.0,0.0,3.84,-22.26,True
1.06,0.005,1.01,0.4,0.2,0.0,1.0,4.02,-29.08,True
1.06,0.005,1.01,0.4,0.2,0.25,0.75,4.2,-26.68,True
1.06,0.005,1.01,0.4,0.2,0.5,0.5,4.37,-24.2,True
1.06,0.005,1.01,0.4,0.2,0.75,0.25,4.54,-21.62,True
1.06,0.005,1.01,0.4,0.2,1.0,0.0,4.69,-18.96,True
1.06,0.005,1.01,0.4,0.3,0.0,1.0,4.87,-24.63,True
1.06,0.005,1.01,0.4,0.3,0.25,0.75,5.01,-22.53,True
1.06,0.005,1.01,0.4,0.3,0.5,0.5,5.15,-20.74,True
1.06,0.005,1.01,0.4,0.3,0.75,0.25,5.28,-19.17,True
1.06,0.005,1.01,0.4,0.3,1.0,0.0,5.4,-17.56,True
1.06,0.005,1.02,0.1,0.0,0.0,1.0,0.68,-27.8,True
1.06,0.005,1.02,0.1,0.0,0.25,0.75,1.01,-25.43,True
1.06,0.005,1.02,0.1,0.0,0.5,0.5,1.32,-23.01,True
1.06,0.005,1.02,0.1,0.0,0.75,0.25,1.6,-20.54,True
1.06,0.005,1.02,0.1,0.0,1.0,0.0,1.84,-18.03,True
1.06,0.005,1.02,0.1,0.1,0.0,1.0,1.89,-26.39,True
1.06,0.005,1.02,0.1,0.1,0.25,0.75,2.19,-24.09,True
1.06,0.005,1.02,0.1,0.1,0.5,0.5,2.47,-21.74,True
1.06,0.005,1.02,0.1,0.1,0.75,0.25,2.73,-19.35,True
1.06,0.005,1.02,0.1,0.1,1.0,0.0,2.97,-16.91,True
1.06,0.005,1.02,0.1,0.2,0.0,1.0,3.15,-23.87,True
1.06,0.005,1.02,0.1,0.2,0.25,0.75,3.35,-21.76,True
1.06,0.005,1.02,0.1,0.2,0.5,0.5,3.55,-19.61,True
1.06,0.005,1.02,0.1,0.2,0.75,0.25,3.74,-17.4,True
1.06,0.005,1.02,0.1,0.2,1.0,0.0,3.92,-15.16,True
1.06,0.005,1.02,0.1,0.3,0.0,1.0,4.32,-20.25,True
1.06,0.005,1.02,0.1,0.3,0.25,0.75,4.46,-18.38,True
1.06,0.005,1.02,0.1,0.3,0.5,0.5,4.6,-16.88,True
1.06,0.005,1.02,0.1,0.3,0.75,0.25,4.74,-15.9,True
1.06,0.005,1.02,0.1,0.3,1.0,0.0,4.88,-15.23,True
1.06,0.005,1.02,0.2,0.0,0.0,1.0,-0.41,-33.31,True
1.06,0.005,1.02,0.2,0.0,0.25,0.75,0.05,-30.58,True
1.06,0.005,1.02,0.2,0.0,0.5,0.5,0.48,-27.76,True
1.06,0.005,1.02,0.2,0.0,0.75,0.25,0.87,-24.87,True
1.06,0.005,1.02,0.2,0.0,1.0,0.0,1.23,-21.89,True
1.06,0.005,1.02,0.2,0.1,0.0,1.0,1.63,-29.29,True
1.06,0.005,1.02,0.2,0.1,0.25,0.75,1.91,-26.81,True
1.06,0.005,1.02,0.2,0.1,0.5,0.5,2.19,-24.26,True
1.06,0.005,1.02,0.2,0.1,0.75,0.25,2.45,-21.65,True
1.06,0.005,1.02,0.2,0.1,1.0,0.0,2.7,-18.97,True
1.06,0.005,1.02,0.2,0.2,0.0,1.0,3.19,-25.39,True
1.06,0.005,1.02,0.2,0.2,0.25,0.75,3.38,-23.18,True
1.06,0.005,1.02,0.2,0.2,0.5,0.5,3.57,-20.91,True
1.06,0.005,1.02,0.2,0.2,0.75,0.25,3.75,-18.58,True
1.06,0.005,1.02,0.2,0.2,1.0,0.0,3.93,-16.19,True
1.06,0.005,1.02,0.2,0.3,0.0,1.0,4.34,-21.54,True
1.06,0.005,1.02,0.2,0.3,0.25,0.75,4.47,-19.62,True
1.06,0.005,1.02,0.2,0.3,0.5,0.5,4.6,-18.19,True
1.06,0.005,1.02,0.2,0.3,0.75,0.25,4.73,-17.0,True
1.06,0.005,1.02,0.2,0.3,1.0,0.0,4.86,-15.78,True
1.06,0.005,1.02,0.3,0.0,0.0,1.0,-0.59,-33.77,True
1.06,0.005,1.02,0.3,0.0,0.25,0.75,-0.1,-31.0,True
1.06,0.005,1.02,0.3,0.0,0.5,0.5,0.36,-28.14,True
1.06,0.005,1.02,0.3,0.0,0.75,0.25,0.78,-25.2,True
1.06,0.005,1.02,0.3,0.0,1.0,0.0,1.17,-22.16,True
1.06,0.005,1.02,0.3,0.1,0.0,1.0,1.58,-29.76,True
1.06,0.005,1.02,0.3,0.1,0.25,0.75,1.88,-27.26,True
1.06,0.005,1.02,0.3,0.1,0.5,0.5,2.17,-24.68,True
1.06,0.005,1.02,0.3,0.1,0.75,0.25,2.45,-22.02,True
1.06,0.005,1.02,0.3,0.1,1.0,0.0,2.71,-19.28,True
1.06,0.005,1.02,0.3,0.2,0.0,1.0,3.05,-25.59,True
1.06,0.005,1.02,0.3,0.2,0.25,0.75,3.24,-23.37,True
1.06,0.005,1.02,0.3,0.2,0.5,0.5,3.43,-21.08,True
1.06,0.005,1.02,0.3,0.2,0.75,0.25,3.62,-18.94,True
1.06,0.005,1.02,0.3,0.2,1.0,0.0,3.81,-17.37,True
1.06,0.005,1.02,0.3,0.3,0.0,1.0,4.25,-21.46,True
1.06,0.005,1.02,0.3,0.3,0.25,0.75,4.37,-19.52,True
1.06,0.005,1.02,0.3,0.3,0.5,0.5,4.5,-18.47,True
1.06,0.005,1.02,0.3,0.3,0.75,0.25,4.63,-17.35,True
1.06,0.005,1.02,0.3,0.3,1.0,0.0,4.77,-16.15,True
1.06,0.005,1.02,0.4,0.0,0.0,1.0,-0.88,-33.82,True
1.06,0.005,1.02,0.4,0.0,0.25,0.75,-0.37,-31.04,True
1.06,0.005,1.02,0.4,0.0,0.5,0.5,0.12,-28.17,True
1.06,0.005,1.02,0.4,0.0,0.75,0.25,0.58,-25.21,True
1.06,0.005,1.02,0.4,0.0,1.0,0.0,0.99,-22.15,True
1.06,0.005,1.02,0.4,0.1,0.0,1.0,1.3,-29.6,True
1.06,0.005,1.02,0.4,0.1,0.25,0.75,1.6,-27.1,True
1.06,0.005,1.02,0.4,0.1,0.5,0.5,1.9,-24.53,True
1.06,0.005,1.02,0.4,0.1,0.75,0.25,2.19,-21.87,True
1.06,0.005,1.02,0.4,0.1,1.0,0.0,2.47,-19.12,True
1.06,0.005,1.02,0.4,0.2,0.0,1.0,2.92,-25.49,True
1.06,0.005,1.02,0.4,0.2,0.25,0.75,3.1,-23.27,True
1.06,0.005,1.02,0.4,0.2,0.5,0.5,3.29,-20.98,True
1.06,0.005,1.02,0.4,0.2,0.75,0.25,3.48,-18.8,True
1.06,0.005,1.02,0.4,0.2,1.0,0.0,3.69,-17.26,True
1.06,0.005,1.02,0.4,0.3,0.0,1.0,4.18,-21.51,True
1.06,0.005,1.02,0.4,0.3,0.25,0.75,4.3,-19.57,True
1.06,0.005,1.02,0.4,0.3,0.5,0.5,4.43,-18.26,True
1.06,0.005,1.02,0.4,0.3,0.75,0.25,4.56,-17.18,True
1.06,0.005,1.02,0.4,0.3,1.0,0.0,4.69,-16.02,True
1.06,0.01,0.95,0.1,0.0,0.0,1.0,6.4,-27.66,True
1.06,0.01,0.95,0.1,0.0,0.25,0.75,6.43,-25.17,True
1.06,0.01,0.95,0.1,0.0,0.5,0.5,6.42,-22.62,True
1.06,0.01,0.95,0.1,0.0,0.75,0.25,6.4,-20.0,True
1.06,0.01,0.95,0.1,0.0,1.0,0.0,6.34,-17.31,True
1.06,0.01,0.95,0.1,0.1,0.0,1.0,7.12,-24.9,True
1.06,0.01,0.95,0.1,0.1,0.25,0.75,7.12,-22.74,True
1.06,0.01,0.95,0.1,0.1,0.5,0.5,7.09,-20.51,True
1.06,0.01,0.95,0.1,0.1,0.75,0.25,7.05,-18.21,True
1.06,0.01,0.95,0.1,0.1,1.0,0.0,6.97,-15.85,True
1.06,0.01,0.95,0.1,0.2,0.0,1.0,7.54,-22.96,True
1.06,0.01,0.95,0.1,0.2,0.25,0.75,7.54,-20.98,True
1.06,0.01,0.95,0.1,0.2,0.5,0.5,7.51,-19.51,True
1.06,0.01,0.95,0.1,0.2,0.75,0.25,7.47,-18.06,True
1.06,0.01,0.95,0.1,0.2,1.0,0.0,7.4,-16.49,True
1.06,0.01,0.95,0.1,0.3,0.0,1.0,7.92,-22.0,True
1.06,0.01,0.95,0.1,0.3,0.25,0.75,7.9,-20.91,True
1.06,0.01,0.95,0.1,0.3,0.5,0.5,7.86,-19.73,True
1.06,0.01,0.95,0.1,0.3,0.75,0.25,7.81,-18.46,True
1.06,0.01,0.95,0.1,0.3,1.0,0.0,7.74,-17.09,True
1.06,0.01,0.95,0.2,0.0,0.0,1.0,7.33,-28.63,True
1.06,0.01,0.95,0.2,0.0,0.25,0.75,7.36,-26.14,True
1.06,0.01,0.95,0.2,0.0,0.5,0.5,7.35,-23.53,True
1.06,0.01,0.95,0.2,0.0,0.75,0.25,7.3,-20.8,True
1.06,0.01,0.95,0.2,0.0,1.0,0.0,7.22,-17.95,True
1.06,0.01,0.95,0.2,0.1,0.0,1.0,7.2,-26.79,True
1.06,0.01,0.95,0.2,0.1,0.25,0.75,7.25,-24.51,True
1.06,0.01,0.95,0.2,0.1,0.5,0.5,7.27,-22.13,True
1.06,0.01,0.95,0.2,0.1,0.75,0.25,7.25,-19.63,True
1.06,0.01,0.95,0.2,0.1,1.0,0.0,7.2,-17.0,True
1.06,0.01,0.95,0.2,0.2,0.0,1.0,7.09,-24.98,True
1.06,0.01,0.95,0.2,0.2,0.25,0.75,7.16,-23.02,True
1.06,0.01,0.95,0.2,0.2,0.5,0.5,7.21,-21.03,True
1.06,0.01,0.95,0.2,0.2,0.75,0.25,7.23,-19.04,True
1.06,0.01,0.95,0.2,0.2,1.0,0.0,7.22,-17.06,True
1.06,0.01,0.95,0.2,0.3,0.0,1.0,7.0,-22.75,True
1.06,0.01,0.95,0.2,0.3,0.25,0.75,7.1,-20.93,True
1.06,0.01,0.95,0.2,0.3,0.5,0.5,7.17,-19.78,True
1.06,0.01,0.95,0.2,0.3,0.75,0.25,7.22,-18.54,True
1.06,0.01,0.95,0.2,0.3,1.0,0.0,7.24,-17.19,True
1.06,0.01,0.95,0.3,0.0,0.0,1.0,5.89,-34.33,True
1.06,0.01,0.95,0.3,0.0,0.25,0.75,6.07,-31.94,True
1.06,0.01,0.95,0.3,0.0,0.5,0.5,6.21,-29.52,True
1.06,0.01,0.95,0.3,0.0,0.75,0.25,6.31,-27.05,True
1.06,0.01,0.95,0.3,0.0,1.0,0.0,6.36,-24.55,True
1.06,0.01,0.95,0.3,0.1,0.0,1.0,5.87,-33.07,True
1.06,0.01,0.95,0.3,0.1,0.25,0.75,6.06,-30.63,True
1.06,0.01,0.95,0.3,0.1,0.5,0.5,6.22,-28.15,True
1.06,0.01,0.95,0.3,0.1,0.75,0.25,6.34,-25.62,True
1.06,0.01,0.95,0.3,0.1,1.0,0.0,6.42,-23.03,True
1.06,0.01,0.95,0.3,0.2,0.0,1.0,6.11,-31.82,True
1.06,0.01,0.95,0.3,0.2,0.25,0.75,6.29,-29.35,True
1.06,0.01,0.95,0.3,0.2,0.5,0.5,6.45,-26.81,True
1.06,0.01,0.95,0.3,0.2,0.75,0.25,6.56,-24.22,True
1.06,0.01,0.95,0.3,0.2,1.0,0.0,6.65,-21.57,True
1.06,0.01,0.95,0.3,0.3,0.0,1.0,6.34,-30.6,True
1.06,0.01,0.95,0.3,0.3,0.25,0.75,6.51,-28.08,True
1.06,0.01,0.95,0.3,0.3,0.5,0.5,6.65,-25.5,True
1.06,0.01,0.95,0.3,0.3,0.75,0.25,6.77,-22.85,True
1.06,0.01,0.95,0.3,0.3,1.0,0.0,6.86,-20.14,True
1.06,0.01,0.95,0.4,0.0,0.0,1.0,5.1,-44.29,False
1.06,0.01,0.95,0.4,0.0,0.25,0.75,5.36,-41.33,False
1.06,0.01,0.95,0.4,0.0,0.5,0.5,5.58,-38.3,True
1.06,0.01,0.95,0.4,0.0,0.75,0.25,5.76,-35.2,True
1.06,0.01,0.95,0.4,0.0,1.0,0.0,5.88,-32.03,True
1.06,0.01,0.95,0.4,0.1,0.0,1.0,5.34,-43.19,False
1.06,0.01,0.95,0.4,0.1,0.25,0.75,5.6,-40.18,False
1.06,0.01,0.95,0.4,0.1,0.5,0.5,5.82,-37.08,True
1.06,0.01,0.95,0.4,0.1,0.75,0.25,5.99,-33.91,True
1.06,0.01,0.95,0.4,0.1,1.0,0.0,6.12,-30.65,True
1.06,0.01,0.95,0.4,0.2,0.0,1.0,5.77,-40.22,False
1.06,0.01,0.95,0.4,0.2,0.25,0.75,5.98,-37.32,True
1.06,0.01,0.95,0.4,0.2,0.5,0.5,6.17,-34.24,True
1.06,0.01,0.95,0.4,0.2,0.75,0.25,6.33,-30.98,True
1.06,0.01,0.95,0.4,0.2,1.0,0.0,6.46,-27.6,True
1.06,0.01,0.95,0.4,0.3,0.0,1.0,6.35,-33.81,True
1.06,0.01,0.95,0.4,0.3,0.25,0.75,6.53,-31.04,True
1.06,0.01,0.95,0.4,0.3,0.5,0.5,6.68,-28.13,True
1.06,0.01,0.95,0.4,0.3,0.75,0.25,6.81,-25.1,True
1.06,0.01,0.95,0.4,0.3,1.0,0.0,6.91,-21.95,True
1.06,0.01,0.97,0.1,0.0,0.0,1.0,3.78,-23.22,True
1.06,0.01,0.97,0.1,0.0,0.25,0.75,3.92,-21.15,True
1.06,0.01,0.97,0.1,0.0,0.5,0.5,4.02,-19.07,True
1.06,0.01,0.97,0.1,0.0,0.75,0.25,4.1,-16.97,True
1.06,0.01,0.97,0.1,0.0,1.0,0.0,4.14,-14.86,True
1.06,0.01,0.97,0.1,0.1,0.0,1.0,4.88,-22.49,True
1.06,0.01,0.97,0.1,0.1,0.25,0.75,4.98,-20.43,True
1.06,0.01,0.97,0.1,0.1,0.5,0.5,5.06,-18.35,True
1.06,0.01,0.97,0.1,0.1,0.75,0.25,5.11,-16.26,True
1.06,0.01,0.97,0.1,0.1,1.0,0.0,5.14,-14.14,True
1.06,0.01,0.97,0.1,0.2,0.0,1.0,5.66,-21.21,True
1.06,0.01,0.97,0.1,0.2,0.25,0.75,5.74,-19.18,True
1.06,0.01,0.97,0.1,0.2,0.5,0.5,5.8,-17.14,True
1.06,0.01,0.97,0.1,0.2,0.75,0.25,5.83,-15.09,True
1.06,0.01,0.97,0.1,0.2,1.0,0.0,5.85,-13.02,True
1.06,0.01,0.97,0.1,0.3,0.0,1.0,6.33,-17.94,True
1.06,0.01,0.97,0.1,0.3,0.25,0.75,6.4,-17.42,True
1.06,0.01,0.97,0.1,0.3,0.5,0.5,6.44,-16.92,True
1.06,0.01,0.97,0.1,0.3,0.75,0.25,6.47,-16.43,True
1.06,0.01,0.97,0.1,0.3,1.0,0.0,6.48,-15.93,True
1.06,0.01,0.97,0.2,0.0,0.0,1.0,4.7,-31.34,True
1.06,0.01,0.97,0.2,0.0,0.25,0.75,4.85,-28.53,True
1.06,0.01,0.97,0.2,0.0,0.5,0.5,4.96,-25.68,True
1.06,0.01,0.97,0.2,0.0,0.75,0.25,5.02,-22.78,True
1.06,0.01,0.97,0.2,0.0,1.0,0.0,5.05,-19.84,True
1.06,0.01,0.97,0.2,0.1,0.0,1.0,5.14,-28.22,True
1.06,0.01,0.97,0.2,0.1,0.25,0.75,5.29,-25.6,True
1.06,0.01,0.97,0.2,0.1,0.5,0.5,5.39,-22.95,True
1.06,0.01,0.97,0.2,0.1,0.75,0.25,5.47,-20.26,True
1.06,0.01,0.97,0.2,0.1,1.0,0.0,5.51,-17.53,True
1.06,0.01,0.97,0.2,0.2,0.0,1.0,5.3,-24.64,True
1.06,0.01,0.97,0.2,0.2,0.25,0.75,5.48,-22.28,True
1.06,0.01,0.97,0.2,0.2,0.5,0.5,5.63,-19.88,True
1.06,0.01,0.97,0.2,0.2,0.75,0.25,5.74,-17.45,True
1.06,0.01,0.97,0.2,0.2,1.0,0.0,5.82,-14.98,True
1.06,0.01,0.97,0.2,0.3,0.0,1.0,5.73,-20.82,True
1.06,0.01,0.97,0.2,0.3,0.25,0.75,5.89,-18.69,True
1.06,0.01,0.97,0.2,0.3,0.5,0.5,6.02,-16.53,True
1.06,0.01,0.97,0.2,0.3,0.75,0.25,6.12,-15.92,True
1.06,0.01,0.97,0.2,0.3,1.0,0.0,6.2,-15.44,True
1.06,0.01,0.97,0.3,0.0,0.0,1.0,3.94,-33.8,True
1.06,0.01,0.97,0.3,0.0,0.25,0.75,4.18,-30.74,True
1.06,0.01,0.97,0.3,0.0,0.5,0.5,4.39,-27.63,True
1.06,0.01,0.97,0.3,0.0,0.75,0.25,4.54,-24.46,True
1.06,0.01,0.97,0.3,0.0,1.0,0.0,4.65,-21.22,True
1.06,0.01,0.97,0.3,0.1,0.0,1.0,4.36,-29.67,True
1.06,0.01,0.97,0.3,0.1,0.25,0.75,4.59,-26.89,True
1.06,0.01,0.97,0.3,0.1,0.5,0.5,4.79,-24.06,True
1.06,0.01,0.97,0.3,0.1,0.75,0.25,4.95,-21.17,True
1.06,0.01,0.97,0.3,0.1,1.0,0.0,5.07,-18.84,True
1.06,0.01,0.97,0.3,0.2,0.0,1.0,4.93,-26.01,True
1.06,0.01,0.97,0.3,0.2,0.25,0.75,5.14,-23.81,True
1.06,0.01,0.97,0.3,0.2,0.5,0.5,5.31,-21.55,True
1.06,0.01,0.97,0.3,0.2,0.75,0.25,5.46,-19.25,True
1.06,0.01,0.97,0.3,0.2,1.0,0.0,5.57,-16.89,True
1.06,0.01,0.97,0.3,0.3,0.0,1.0,5.64,-21.74,True
1.06,0.01,0.97,0.3,0.3,0.25,0.75,5.79,-19.7,True
1.06,0.01,0.97,0.3,0.3,0.5,0.5,5.93,-17.67,True
1.06,0.01,0.97,0.3,0.3,0.75,0.25,6.04,-15.72,True
1.06,0.01,0.97,0.3,0.3,1.0,0.0,6.14,-15.26,True
1.06,0.01,0.97,0.4,0.0,0.0,1.0,3.39,-38.78,True
1.06,0.01,0.97,0.4,0.0,0.25,0.75,3.7,-36.09,True
1.06,0.01,0.97,0.4,0.0,0.5,0.5,3.96,-33.34,True
1.06,0.01,0.97,0.4,0.0,0.75,0.25,4.18,-30.54,True
1.06,0.01,0.97,0.4,0.0,1.0,0.0,4.34,-27.69,True
1.06,0.01,0.97,0.4,0.1,0.0,1.0,4.08,-36.66,True
1.06,0.01,0.97,0.4,0.1,0.25,0.75,4.34,-34.06,True
1.06,0.01,0.97,0.4,0.1,0.5,0.5,4.56,-31.35,True
1.06,0.01,0.97,0.4,0.1,0.75,0.25,4.75,-28.53,True
1.06,0.01,0.97,0.4,0.1,1.0,0.0,4.9,-25.6,True
1.06,0.01,0.97,0.4,0.2,0.0,1.0,5.03,-29.39,True
1.06,0.01,0.97,0.4,0.2,0.25,0.75,5.23,-27.12,True
1.06,0.01,0.97,0.4,0.2,0.5,0.5,5.39,-24.7,True
1.06,0.01,0.97,0.4,0.2,0.75,0.25,5.54,-22.15,True
1.06,0.01,0.97,0.4,0.2,1.0,0.0,5.65,-19.48,True
1.06,0.01,0.97,0.4,0.3,0.0,1.0,5.84,-22.28,True
1.06,0.01,0.97,0.4,0.3,0.25,0.75,5.99,-20.29,True
1.06,0.01,0.97,0.4,0.3,0.5,0.5,6.11,-18.15,True
1.06,0.01,0.97,0.4,0.3,0.75,0.25,6.22,-15.88,True
1.06,0.01,0.97,0.4,0.3,1.0,0.0,6.3,-15.15,True
1.06,0.01,0.99,0.1,0.0,0.0,1.0,4.99,-24.2,True
1.06,0.01,0.99,0.1,0.0,0.25,0.75,4.97,-22.23,True
1.06,0.01,0.99,0.1,0.0,0.5,0.5,4.92,-20.24,True
1.06,0.01,0.99,0.1,0.0,0.75,0.25,4.85,-18.23,True
1.06,0.01,0.99,0.1,0.0,1.0,0.0,4.74,-16.19,True
1.06,0.01,0.99,0.1,0.1,0.0,1.0,5.73,-23.51,True
1.06,0.01,0.99,0.1,0.1,0.25,0.75,5.72,-21.54,True
1.06,0.01,0.99,0.1,0.1,0.5,0.5,5.7,-19.55,True
1.06,0.01,0.99,0.1,0.1,0.75,0.25,5.64,-17.54,True
1.06,0.01,0.99,0.1,0.1,1.0,0.0,5.56,-15.5,True
1.06,0.01,0.99,0.1,0.2,0.0,1.0,6.31,-22.36,True
1.06,0.01,0.99,0.1,0.2,0.25,0.75,6.3,-20.42,True
1.06,0.01,0.99,0.1,0.2,0.5,0.5,6.27,-18.46,True
1.06,0.01,0.99,0.1,0.2,0.75,0.25,6.21,-16.47,True
1.06,0.01,0.99,0.1,0.2,1.0,0.0,6.14,-14.47,True
1.06,0.01,0.99,0.1,0.3,0.0,1.0,6.8,-19.64,True
1.06,0.01,0.99,0.1,0.3,0.25,0.75,6.82,-17.85,True
1.06,0.01,0.99,0.1,0.3,0.5,0.5,6.8,-17.05,True
1.06,0.01,0.99,0.1,0.3,0.75,0.25,6.76,-16.55,True
1.06,0.01,0.99,0.1,0.3,1.0,0.0,6.69,-16.05,True
1.06,0.01,0.99,0.2,0.0,0.0,1.0,5.44,-35.38,True
1.06,0.01,0.99,0.2,0.0,0.25,0.75,5.47,-32.63,True
1.06,0.01,0.99,0.2,0.0,0.5,0.5,5.47,-29.82,True
1.06,0.01,0.99,0.2,0.0,0.75,0.25,5.42,-26.94,True
1.06,0.01,0.99,0.2,0.0,1.0,0.0,5.32,-23.99,True
1.06,0.01,0.99,0.2,0.1,0.0,1.0,5.64,-33.04,True
1.06,0.01,0.99,0.2,0.1,0.25,0.75,5.72,-30.42,True
1.06,0.01,0.99,0.2,0.1,0.5,0.5,5.75,-27.73,True
1.06,0.01,0.99,0.2,0.1,0.75,0.25,5.74,-24.99,True
1.06,0.01,0.99,0.2,0.1,1.0,0.0,5.68,-22.19,True
1.06,0.01,0.99,0.2,0.2,0.0,1.0,5.53,-30.64,True
1.06,0.01,0.99,0.2,0.2,0.25,0.75,5.67,-28.15,True
1.06,0.01,0.99,0.2,0.2,0.5,0.5,5.77,-25.6,True
1.06,0.01,0.99,0.2,0.2,0.75,0.25,5.84,-23.0,True
1.06,0.01,0.99,0.2,0.2,1.0,0.0,5.86,-20.35,True
1.06,0.01,0.99,0.2,0.3,0.0,1.0,5.87,-27.88,True
1.06,0.01,0.99,0.2,0.3,0.25,0.75,6.0,-25.63,True
1.06,0.01,0.99,0.2,0.3,0.5,0.5,6.09,-23.29,True
1.06,0.01,0.99,0.2,0.3,0.75,0.25,6.16,-20.84,True
1.06,0.01,0.99,0.2,0.3,1.0,0.0,6.2,-18.35,True
1.06,0.01,0.99,0.3,0.0,0.0,1.0,4.38,-42.4,True
1.06,0.01,0.99,0.3,0.0,0.25,0.75,4.54,-39.28,True
1.06,0.01,0.99,0.3,0.0,0.5,0.5,4.65,-36.05,True
1.06,0.01,0.99,0.3,0.0,0.75,0.25,4.71,-32.72,True
1.06,0.01,0.99,0.3,0.0,1.0,0.0,4.73,-29.29,True
1.06,0.01,0.99,0.3,0.1,0.0,1.0,4.61,-38.97,True
1.06,0.01,0.99,0.3,0.1,0.25,0.75,4.79,-36.06,True
1.06,0.01,0.99,0.3,0.1,0.5,0.5,4.93,-33.05,True
1.06,0.01,0.99,0.3,0.1,0.75,0.25,5.02,-29.94,True
1.06,0.01,0.99,0.3,0.1,1.0,0.0,5.08,-26.73,True
1.06,0.01,0.99,0.3,0.2,0.0,1.0,5.2,-33.97,True
1.06,0.01,0.99,0.3,0.2,0.25,0.75,5.34,-31.36,True
1.06,0.01,0.99,0.3,0.2,0.5,0.5,5.46,-28.66,True
1.06,0.01,0.99,0.3,0.2,0.75,0.25,5.55,-25.87,True
1.06,0.01,0.99,0.3,0.2,1.0,0.0,5.61,-23.0,True
1.06,0.01,0.99,0.3,0.3,0.0,1.0,5.97,-29.14,True
1.06,0.01,0.99,0.3,0.3,0.25,0.75,6.06,-26.83,True
1.06,0.01,0.99,0.3,0.3,0.5,0.5,6.14,-24.43,True
1.06,0.01,0.99,0.3,0.3,0.75,0.25,6.2,-21.96,True
1.06,0.01,0.99,0.3,0.3,1.0,0.0,6.24,-19.41,True
1.06,0.01,0.99,0.4,0.0,0.0,1.0,3.78,-44.81,True
1.06,0.01,0.99,0.4,0.0,0.25,0.75,4.01,-41.58,True
1.06,0.01,0.99,0.4,0.0,0.5,0.5,4.19,-38.22,True
1.06,0.01,0.99,0.4,0.0,0.75,0.25,4.31,-34.73,True
1.06,0.01,0.99,0.4,0.0,1.0,0.0,4.39,-31.13,True
1.06,0.01,0.99,0.4,0.1,0.0,1.0,4.47,-39.76,True
1.06,0.01,0.99,0.4,0.1,0.25,0.75,4.66,-36.81,True
1.06,0.01,0.99,0.4,0.1,0.5,0.5,4.81,-33.76,True
1.06,0.01,0.99,0.4,0.1,0.75,0.25,4.92,-30.59,True
1.06,0.01,0.99,0.4,0.1,1.0,0.0,4.99,-27.33,True
1.06,0.01,0.99,0.4,0.2,0.0,1.0,5.46,-34.66,True
1.06,0.01,0.99,0.4,0.2,0.25,0.75,5.58,-32.01,True
1.06,0.01,0.99,0.4,0.2,0.5,0.5,5.68,-29.27,True
1.06,0.01,0.99,0.4,0.2,0.75,0.25,5.75,-26.44,True
1.06,0.01,0.99,0.4,0.2,1.0,0.0,5.78,-23.56,True
1.06,0.01,0.99,0.4,0.3,0.0,1.0,6.27,-29.53,True
1.06,0.01,0.99,0.4,0.3,0.25,0.75,6.34,-27.19,True
1.06,0.01,0.99,0.4,0.3,0.5,0.5,6.4,-24.76,True
1.06,0.01,0.99,0.4,0.3,0.75,0.25,6.44,-22.26,True
1.06,0.01,0.99,0.4,0.3,1.0,0.0,6.45,-19.72,True
1.06,0.01,1.0,0.1,0.0,0.0,1.0,1.6,-20.84,True
1.06,0.01,1.0,0.1,0.0,0.25,0.75,1.8,-19.08,True
1.06,0.01,1.0,0.1,0.0,0.5,0.5,1.99,-17.3,True
1.06,0.01,1.0,0.1,0.0,0.75,0.25,2.16,-15.5,True
1.06,0.01,1.0,0.1,0.0,1.0,0.0,2.31,-13.68,True
1.06,0.01,1.0,0.1,0.1,0.0,1.0,3.35,-20.16,True
1.06,0.01,1.0,0.1,0.1,0.25,0.75,3.49,-18.39,True
1.06,0.01,1.0,0.1,0.1,0.5,0.5,3.63,-16.61,True
1.06,0.01,1.0,0.1,0.1,0.75,0.25,3.74,-14.81,True
1.06,0.01,1.0,0.1,0.1,1.0,0.0,3.84,-12.99,True
1.06,0.01,1.0,0.1,0.2,0.0,1.0,4.52,-19.08,True
1.06,0.01,1.0,0.1,0.2,0.25,0.75,4.62,-17.34,True
1.06,0.01,1.0,0.1,0.2,0.5,0.5,4.71,-15.58,True
1.06,0.01,1.0,0.1,0.2,0.75,0.25,4.79,-13.81,True
1.06,0.01,1.0,0.1,0.2,1.0,0.0,4.86,-12.02,True
1.06,0.01,1.0,0.1,0.3,0.0,1.0,5.51,-16.99,True
1.06,0.01,1.0,0.1,0.3,0.25,0.75,5.58,-16.57,True
1.06,0.01,1.0,0.1,0.3,0.5,0.5,5.64,-16.15,True
1.06,0.01,1.0,0.1,0.3,0.75,0.25,5.7,-15.74,True
1.06,0.01,1.0,0.1,0.3,1.0,0.0,5.74,-15.33,True
1.06,0.01,1.0,0.2,0.0,0.0,1.0,2.71,-30.97,True
1.06,0.01,1.0,0.2,0.0,0.25,0.75,2.92,-28.45,True
1.06,0.01,1.0,0.2,0.0,0.5,0.5,3.09,-25.87,True
1.06,0.01,1.0,0.2,0.0,0.75,0.25,3.24,-23.24,True
1.06,0.01,1.0,0.2,0.0,1.0,0.0,3.35,-20.56,True
1.06,0.01,1.0,0.2,0.1,0.0,1.0,3.91,-28.93,True
1.06,0.01,1.0,0.2,0.1,0.25,0.75,4.07,-26.52,True
1.06,0.01,1.0,0.2,0.1,0.5,0.5,4.21,-24.06,True
1.06,0.01,1.0,0.2,0.1,0.75,0.25,4.32,-21.56,True
1.06,0.01,1.0,0.2,0.1,1.0,0.0,4.41,-19.0,True
1.06,0.01,1.0,0.2,0.2,0.0,1.0,4.35,-26.81,True
1.06,0.01,1.0,0.2,0.2,0.25,0.75,4.52,-24.52,True
1.06,0.01,1.0,0.2,0.2,0.5,0.5,4.68,-22.19,True
1.06,0.01,1.0,0.2,0.2,0.75,0.25,4.82,-19.81,True
1.06,0.01,1.0,0.2,0.2,1.0,0.0,4.94,-17.38,True
1.06,0.01,1.0,0.2,0.3,0.0,1.0,4.93,-24.46,True
1.06,0.01,1.0,0.2,0.3,0.25,0.75,5.08,-22.3,True
1.06,0.01,1.0,0.2,0.3,0.5,0.5,5.23,-20.1,True
1.06,0.01,1.0,0.2,0.3,0.75,0.25,5.37,-17.86,True
1.06,0.01,1.0,0.2,0.3,1.0,0.0,5.49,-15.58,True
1.06,0.01,1.0,0.3,0.0,0.0,1.0,2.29,-37.58,True
1.06,0.01,1.0,0.3,0.0,0.25,0.75,2.56,-34.67,True
1.06,0.01,1.0,0.3,0.0,0.5,0.5,2.8,-31.67,True
1.06,0.01,1.0,0.3,0.0,0.75,0.25,3.01,-28.59,True
1.06,0.01,1.0,0.3,0.0,1.0,0.0,3.18,-25.42,True
1.06,0.01,1.0,0.3,0.1,0.0,1.0,3.08,-34.53,True
1.06,0.01,1.0,0.3,0.1,0.25,0.75,3.32,-31.8,True
1.06,0.01,1.0,0.3,0.1,0.5,0.5,3.54,-29.0,True
1.06,0.01,1.0,0.3,0.1,0.75,0.25,3.73,-26.12,True
1.06,0.01,1.0,0.3,0.1,1.0,0.0,3.91,-23.15,True
1.06,0.01,1.0,0.3,0.2,0.0,1.0,3.96,-30.07,True
1.06,0.01,1.0,0.3,0.2,0.25,0.75,4.16,-27.62,True
1.06,0.01,1.0,0.3,0.2,0.5,0.5,4.34,-25.11,True
1.06,0.01,1.0,0.3,0.2,0.75,0.25,4.5,-22.52,True
1.06,0.01,1.0,0.3,0.2,1.0,0.0,4.65,-19.86,True
1.06,0.01,1.0,0.3,0.3,0.0,1.0,4.87,-25.79,True
1.06,0.01,1.0,0.3,0.3,0.25,0.75,5.02,-23.61,True
1.06,0.01,1.0,0.3,0.3,0.5,0.5,5.16,-21.36,True
1.06,0.01,1.0,0.3,0.3,0.75,0.25,5.3,-19.06,True
1.06,0.01,1.0,0.3,0.3,1.0,0.0,5.42,-16.7,True
1.06,0.01,1.0,0.4,0.0,0.0,1.0,1.7,-39.87,True
1.06,0.01,1.0,0.4,0.0,0.25,0.75,2.03,-36.83,True
1.06,0.01,1.0,0.4,0.0,0.5,0.5,2.33,-33.7,True
1.06,0.01,1.0,0.4,0.0,0.75,0.25,2.6,-30.46,True
1.06,0.01,1.0,0.4,0.0,1.0,0.0,2.83,-27.12,True
1.06,0.01,1.0,0.4,0.1,0.0,1.0,2.81,-35.36,True
1.06,0.01,1.0,0.4,0.1,0.25,0.75,3.07,-32.6,True
1.06,0.01,1.0,0.4,0.1,0.5,0.5,3.32,-29.74,True
1.06,0.01,1.0,0.4,0.1,0.75,0.25,3.54,-26.8,True
1.06,0.01,1.0,0.4,0.1,1.0,0.0,3.74,-23.77,True
1.06,0.01,1.0,0.4,0.2,0.0,1.0,3.94,-30.8,True
1.06,0.01,1.0,0.4,0.2,0.25,0.75,4.14,-28.31,True
1.06,0.01,1.0,0.4,0.2,0.5,0.5,4.32,-25.75,True
1.06,0.01,1.0,0.4,0.2,0.75,0.25,4.5,-23.11,True
1.06,0.01,1.0,0.4,0.2,1.0,0.0,4.65,-20.43,True
1.06,0.01,1.0,0.4,0.3,0.0,1.0,4.79,-26.18,True
1.06,0.01,1.0,0.4,0.3,0.25,0.75,4.96,-23.97,True
1.06,0.01,1.0,0.4,0.3,0.5,0.5,5.11,-21.71,True
1.06,0.01,1.0,0.4,0.3,0.75,0.25,5.26,-19.37,True
1.06,0.01,1.0,0.4,0.3,1.0,0.0,5.39,-17.02,True
1.06,0.01,1.01,0.1,0.0,0.0,1.0,3.3,-19.94,True
1.06,0.01,1.01,0.1,0.0,0.25,0.75,3.36,-18.23,True
1.06,0.01,1.01,0.1,0.0,0.5,0.5,3.4,-16.51,True
1.06,0.01,1.01,0.1,0.0,0.75,0.25,3.42,-14.76,True
1.06,0.01,1.01,0.1,0.0,1.0,0.0,3.42,-13.0,True
1.06,0.01,1.01,0.1,0.1,0.0,1.0,4.45,-19.26,True
1.06,0.01,1.01,0.1,0.1,0.25,0.75,4.51,-17.55,True
1.06,0.01,1.01,0.1,0.1,0.5,0.5,4.54,-15.83,True
1.06,0.01,1.01,0.1,0.1,0.75,0.25,4.55,-14.08,True
1.06,0.01,1.01,0.1,0.1,1.0,0.0,4.55,-12.32,True
1.06,0.01,1.01,0.1,0.2,0.0,1.0,5.21,-18.24,True
1.06,0.01,1.01,0.1,0.2,0.25,0.75,5.27,-16.55,True
1.06,0.01,1.01,0.1,0.2,0.5,0.5,5.3,-14.84,True
1.06,0.01,1.01,0.1,0.2,0.75,0.25,5.33,-13.48,True
1.06,0.01,1.01,0.1,0.2,1.0,0.0,5.33,-12.42,True
1.06,0.01,1.01,0.1,0.3,0.0,1.0,6.06,-16.53,True
1.06,0.01,1.01,0.1,0.3,0.25,0.75,6.08,-16.1,True
1.06,0.01,1.01,0.1,0.3,0.5,0.5,6.1,-15.71,True
1.06,0.01,1.01,0.1,0.3,0.75,0.25,6.1,-15.33,True
1.06,0.01,1.01,0.1,0.3,1.0,0.0,6.09,-14.95,True
1.06,0.01,1.01,0.2,0.0,0.0,1.0,3.96,-29.31,True
1.06,0.01,1.01,0.2,0.0,0.25,0.75,4.05,-26.87,True
1.06,0.01,1.01,0.2,0.0,0.5,0.5,4.12,-24.38,True
1.06,0.01,1.01,0.2,0.0,0.75,0.25,4.15,-21.85,True
1.06,0.01,1.01,0.2,0.0,1.0,0.0,4.15,-19.27,True
1.06,0.01,1.01,0.2,0.1,0.0,1.0,4.76,-27.26,True
1.06,0.01,1.01,0.2,0.1,0.25,0.75,4.85,-24.93,True
1.06,0.01,1.01,0.2,0.1,0.5,0.5,4.91,-22.57,True
1.06,0.01,1.01,0.2,0.1,0.75,0.25,4.94,-20.16,True
1.06,0.01,1.01,0.2,0.1,1.0,0.0,4.94,-17.7,True
1.06,0.01,1.01,0.2,0.2,0.0,1.0,5.09,-25.13,True
1.06,0.01,1.01,0.2,0.2,0.25,0.75,5.21,-22.93,True
1.06,0.01,1.01,0.2,0.2,0.5,0.5,5.31,-20.69,True
1.06,0.01,1.01,0.2,0.2,0.75,0.25,5.38,-18.41,True
1.06,0.01,1.01,0.2,0.2,1.0,0.0,5.42,-16.09,True
1.06,0.01,1.01,0.2,0.3,0.0,1.0,5.57,-22.74,True
1.06,0.01,1.01,0.2,0.3,0.25,0.75,5.68,-20.68,True
1.06,0.01,1.01,0.2,0.3,0.5,0.5,5.77,-18.58,True
1.06,0.01,1.01,0.2,0.3,0.75,0.25,5.84,-16.45,True
1.06,0.01,1.01,0.2,0.3,1.0,0.0,5.89,-14.99,True
1.06,0.01,1.01,0.3,0.0,0.0,1.0,3.53,-35.19,True
1.06,0.01,1.01,0.3,0.0,0.25,0.75,3.69,-32.38,True
1.06,0.01,1.01,0.3,0.0,0.5,0.5,3.82,-29.5,True
1.06,0.01,1.01,0.3,0.0,0.75,0.25,3.91,-26.55,True
1.06,0.01,1.01,0.3,0.0,1.0,0.0,3.96,-23.52,True
1.06,0.01,1.01,0.3,0.1,0.0,1.0,4.11,-32.23,True
1.06,0.01,1.01,0.3,0.1,0.25,0.75,4.27,-29.61,True
1.06,0.01,1.01,0.3,0.1,0.5,0.5,4.4,-26.93,True
1.06,0.01,1.01,0.3,0.1,0.75,0.25,4.5,-24.17,True
1.06,0.01,1.01,0.3,0.1,1.0,0.0,4.57,-21.36,True
1.06,0.01,1.01,0.3,0.2,0.0,1.0,4.8,-28.12,True
1.06,0.01,1.01,0.3,0.2,0.25,0.75,4.94,-25.76,True
1.06,0.01,1.01,0.3,0.2,0.5,0.5,5.05,-23.34,True
1.06,0.01,1.01,0.3,0.2,0.75,0.25,5.14,-20.89,True
1.06,0.01,1.01,0.3,0.2,1.0,0.0,5.21,-18.37,True
1.06,0.01,1.01,0.3,0.3,0.0,1.0,5.51,-24.15,True
1.06,0.01,1.01,0.3,0.3,0.25,0.75,5.62,-22.04,True
1.06,0.01,1.01,0.3,0.3,0.5,0.5,5.71,-19.92,True
1.06,0.01,1.01,0.3,0.3,0.75,0.25,5.79,-17.75,True
1.06,0.01,1.01,0.3,0.3,1.0,0.0,5.85,-15.51,True
1.06,0.01,1.01,0.4,0.0,0.0,1.0,3.15,-37.23,True
1.06,0.01,1.01,0.4,0.0,0.25,0.75,3.36,-34.32,True
1.06,0.01,1.01,0.4,0.0,0.5,0.5,3.52,-31.31,True
1.06,0.01,1.01,0.4,0.0,0.75,0.25,3.66,-28.22,True
1.06,0.01,1.01,0.4,0.0,1.0,0.0,3.75,-25.03,True
1.06,0.01,1.01,0.4,0.1,0.0,1.0,3.98,-33.09,True
1.06,0.01,1.01,0.4,0.1,0.25,0.75,4.15,-30.43,True
1.06,0.01,1.01,0.4,0.1,0.5,0.5,4.29,-27.71,True
1.06,0.01,1.01,0.4,0.1,0.75,0.25,4.4,-24.9,True
1.06,0.01,1.01,0.4,0.1,1.0,0.0,4.49,-22.01,True
1.06,0.01,1.01,0.4,0.2,0.0,1.0,4.79,-28.89,True
1.06,0.01,1.01,0.4,0.2,0.25,0.75,4.92,-26.53,True
1.06,0.01,1.01,0.4,0.2,0.5,0.5,5.04,-24.09,True
1.06,0.01,1.01,0.4,0.2,0.75,0.25,5.14,-21.58,True
1.06,0.01,1.01,0.4,0.2,1.0,0.0,5.22,-18.99,True
1.06,0.01,1.01,0.4,0.3,0.0,1.0,5.45,-24.56,True
1.06,0.01,1.01,0.4,0.3,0.25,0.75,5.56,-22.48,True
1.06,0.01,1.01,0.4,0.3,0.5,0.5,5.66,-20.33,True
1.06,0.01,1.01,0.4,0.3,0.75,0.25,5.74,-18.12,True
1.06,0.01,1.01,0.4,0.3,1.0,0.0,5.81,-15.84,True
1.06,0.01,1.02,0.1,0.0,0.0,1.0,2.5,-15.82,True
1.06,0.01,1.02,0.1,0.0,0.25,0.75,2.6,-14.52,True
1.06,0.01,1.02,0.1,0.0,0.5,0.5,2.68,-13.22,True
1.06,0.01,1.02,0.1,0.0,0.75,0.25,2.74,-11.92,True
1.06,0.01,1.02,0.1,0.0,1.0,0.0,2.77,-10.61,True
1.06,0.01,1.02,0.1,0.1,0.0,1.0,3.79,-15.15,True
1.06,0.01,1.02,0.1,0.1,0.25,0.75,3.88,-13.72,True
1.06,0.01,1.02,0.1,0.1,0.5,0.5,3.94,-12.3,True
1.06,0.01,1.02,0.1,0.1,0.75,0.25,3.99,-11.27,True
1.06,0.01,1.02,0.1,0.1,1.0,0.0,4.03,-10.25,True
1.06,0.01,1.02,0.1,0.2,0.0,1.0,4.61,-15.72,True
1.06,0.01,1.02,0.1,0.2,0.25,0.75,4.69,-14.82,True
1.06,0.01,1.02,0.1,0.2,0.5,0.5,4.77,-13.91,True
1.06,0.01,1.02,0.1,0.2,0.75,0.25,4.82,-12.97,True
1.06,0.01,1.02,0.1,0.2,1.0,0.0,4.86,-12.02,True
1.06,0.01,1.02,0.1,0.3,0.0,1.0,5.27,-16.17,True
1.06,0.01,1.02,0.1,0.3,0.25,0.75,5.36,-15.34,True
1.06,0.01,1.02,0.1,0.3,0.5,0.5,5.45,-15.04,True
1.06,0.01,1.02,0.1,0.3,0.75,0.25,5.52,-14.74,True
1.06,0.01,1.02,0.1,0.3,1.0,0.0,5.58,-14.45,True
1.06,0.01,1.02,0.2,0.0,0.0,1.0,2.3,-24.41,True
1.06,0.01,1.02,0.2,0.0,0.25,0.75,2.49,-22.27,True
1.06,0.01,1.02,0.2,0.0,0.5,0.5,2.66,-20.09,True
1.06,0.01,1.02,0.2,0.0,0.75,0.25,2.79,-17.88,True
1.06,0.01,1.02,0.2,0.0,1.0,0.0,2.9,-15.74,True
1.06,0.01,1.02,0.2,0.1,0.0,1.0,3.33,-22.91,True
1.06,0.01,1.02,0.2,0.1,0.25,0.75,3.51,-20.85,True
1.06,0.01,1.02,0.2,0.1,0.5,0.5,3.67,-18.76,True
1.06,0.01,1.02,0.2,0.1,0.75,0.25,3.8,-16.63,True
1.06,0.01,1.02,0.2,0.1,1.0,0.0,3.9,-14.47,True
1.06,0.01,1.02,0.2,0.2,0.0,1.0,4.05,-21.29,True
1.06,0.01,1.02,0.2,0.2,0.25,0.75,4.22,-19.33,True
1.06,0.01,1.02,0.2,0.2,0.5,0.5,4.37,-17.33,True
1.06,0.01,1.02,0.2,0.2,0.75,0.25,4.5,-15.3,True
1.06,0.01,1.02,0.2,0.2,1.0,0.0,4.62,-13.9,True
1.06,0.01,1.02,0.2,0.3,0.0,1.0,4.79,-19.38,True
1.06,0.01,1.02,0.2,0.3,0.25,0.75,4.92,-17.53,True
1.06,0.01,1.02,0.2,0.3,0.5,0.5,5.05,-15.73,True
1.06,0.01,1.02,0.2,0.3,0.75,0.25,5.16,-15.35,True
1.06,0.01,1.02,0.2,0.3,1.0,0.0,5.27,-14.96,True
1.06,0.01,1.02,0.3,0.0,0.0,1.0,1.72,-30.51,True
1.06,0.01,1.02,0.3,0.0,0.25,0.75,1.99,-27.96,True
1.06,0.01,1.02,0.3,0.0,0.5,0.5,2.23,-25.35,True
1.06,0.01,1.02,0.3,0.0,0.75,0.25,2.43,-22.68,True
1.06,0.01,1.02,0.3,0.0,1.0,0.0,2.6,-19.95,True
1.06,0.01,1.02,0.3,0.1,0.0,1.0,2.7,-28.09,True
1.06,0.01,1.02,0.3,0.1,0.25,0.75,2.94,-25.7,True
1.06,0.01,1.02,0.3,0.1,0.5,0.5,3.15,-23.24,True
1.06,0.01,1.02,0.3,0.1,0.75,0.25,3.35,-20.74,True
1.06,0.01,1.02,0.3,0.1,1.0,0.0,3.51,-18.18,True
1.06,0.01,1.02,0.3,0.2,0.0,1.0,3.78,-24.47,True
1.06,0.01,1.02,0.3,0.2,0.25,0.75,3.95,-22.31,True
1.06,0.01,1.02,0.3,0.2,0.5,0.5,4.12,-20.1,True
1.06,0.01,1.02,0.3,0.2,0.75,0.25,4.26,-17.87,True
1.06,0.01,1.02,0.3,0.2,1.0,0.0,4.4,-15.58,True
1.06,0.01,1.02,0.3,0.3,0.0,1.0,4.74,-20.97,True
1.06,0.01,1.02,0.3,0.3,0.25,0.75,4.88,-19.04,True
1.06,0.01,1.02,0.3,0.3,0.5,0.5,5.0,-17.1,True
1.06,0.01,1.02,0.3,0.3,0.75,0.25,5.11,-15.16,True
1.06,0.01,1.02,0.3,0.3,1.0,0.0,5.21,-14.76,True
1.06,0.01,1.02,0.4,0.0,0.0,1.0,1.21,-32.63,True
1.06,0.01,1.02,0.4,0.0,0.25,0.75,1.53,-29.96,True
1.06,0.01,1.02,0.4,0.0,0.5,0.5,1.82,-27.21,True
1.06,0.01,1.02,0.4,0.0,0.75,0.25,2.07,-24.38,True
1.06,0.01,1.02,0.4,0.0,1.0,0.0,2.3,-21.48,True
1.06,0.01,1.02,0.4,0.1,0.0,1.0,2.53,-28.99,True
1.06,0.01,1.02,0.4,0.1,0.25,0.75,2.77,-26.54,True
1.06,0.01,1.02,0.4,0.1,0.5,0.5,2.99,-24.05,True
1.06,0.01,1.02,0.4,0.1,0.75,0.25,3.2,-21.49,True
1.06,0.01,1.02,0.4,0.1,1.0,0.0,3.38,-18.85,True
1.06,0.01,1.02,0.4,0.2,0.0,1.0,3.76,-25.28,True
1.06,0.01,1.02,0.4,0.2,0.25,0.75,3.92,-23.11,True
1.06,0.01,1.02,0.4,0.2,0.5,0.5,4.08,-20.87,True
1.06,0.01,1.02,0.4,0.2,0.75,0.25,4.24,-18.58,True
1.06,0.01,1.02,0.4,0.2,1.0,0.0,4.37,-16.21,True
1.06,0.01,1.02,0.4,0.3,0.0,1.0,4.72,-21.42,True
1.06,0.01,1.02,0.4,0.3,0.25,0.75,4.83,-19.51,True
1.06,0.01,1.02,0.4,0.3,0.5,0.5,4.94,-17.54,True
1.06,0.01,1.02,0.4,0.3,0.75,0.25,5.06,-15.51,True
1.06,0.01,1.02,0.4,0.3,1.0,0.0,5.17,-14.5,True
1.06,0.015,0.95,0.1,0.0,0.0,1.0,2.69,-28.85,True
1.06,0.015,0.95,0.1,0.0,0.25,0.75,2.9,-26.32,True
1.06,0.015,0.95,0.1,0.0,0.5,0.5,3.08,-23.73,True
1.06,0.015,0.95,0.1,0.0,0.75,0.25,3.25,-21.08,True
1.06,0.015,0.95,0.1,0.0,1.0,0.0,3.4,-18.39,True
1.06,0.015,0.95,0.1,0.1,0.0,1.0,4.75,-25.78,True
1.06,0.015,0.95,0.1,0.1,0.25,0.75,4.84,-23.61,True
1.06,0.015,0.95,0.1,0.1,0.5,0.5,4.92,-21.38,True
1.06,0.015,0.95,0.1,0.1,0.75,0.25,4.99,-19.1,True
1.06,0.015,0.95,0.1,0.1,1.0,0.0,5.03,-16.74,True
1.06,0.015,0.95,0.1,0.2,0.0,1.0,6.03,-23.09,True
1.06,0.015,0.95,0.1,0.2,0.25,0.75,6.07,-21.22,True
1.06,0.015,0.95,0.1,0.2,0.5,0.5,6.1,-19.66,True
1.06,0.015,0.95,0.1,0.2,0.75,0.25,6.12,-18.41,True
1.06,0.015,0.95,0.1,0.2,1.0,0.0,6.13,-17.08,True
1.06,0.015,0.95,0.1,0.3,0.0,1.0,7.04,-21.94,True
1.06,0.015,0.95,0.1,0.3,0.25,0.75,7.04,-20.94,True
1.06,0.015,0.95,0.1,0.3,0.5,0.5,7.03,-19.89,True
1.06,0.015,0.95,0.1,0.3,0.75,0.25,7.01,-18.8,True
1.06,0.015,0.95,0.1,0.3,1.0,0.0,6.98,-17.65,True
1.06,0.015,0.95,0.2,0.0,0.0,1.0,7.27,-27.67,True
1.06,0.015,0.95,0.2,0.0,0.25,0.75,7.2,-25.2,True
1.06,0.015,0.95,0.2,0.0,0.5,0.5,7.11,-22.63,True
1.06,0.015,0.95,0.2,0.0,0.75,0.25,7.0,-19.96,True
1.06,0.015,0.95,0.2,0.0,1.0,0.0,6.86,-17.19,True
1.06,0.015,0.95,0.2,0.1,0.0,1.0,8.1,-26.05,True
1.06,0.015,0.95,0.2,0.1,0.25,0.75,8.0,-23.79,True
1.06,0.015,0.95,0.2,0.1,0.5,0.5,7.88,-21.43,True
1.06,0.015,0.95,0.2,0.1,0.75,0.25,7.75,-18.98,True
1.06,0.015,0.95,0.2,0.1,1.0,0.0,7.59,-16.43,True
1.06,0.015,0.95,0.2,0.2,0.0,1.0,8.66,-24.4,True
1.06,0.015,0.95,0.2,0.2,0.25,0.75,8.54,-22.34,True
1.06,0.015,0.95,0.2,0.2,0.5,0.5,8.41,-20.2,True
1.06,0.015,0.95,0.2,0.2,0.75,0.25,8.27,-18.0,True
1.06,0.015,0.95,0.2,0.2,1.0,0.0,8.11,-16.42,True
1.06,0.015,0.95,0.2,0.3,0.0,1.0,9.04,-22.64,True
1.06,0.015,0.95,0.2,0.3,0.25,0.75,8.91,-20.87,True
1.06,0.015,0.95,0.2,0.3,0.5,0.5,8.77,-19.65,True
1.06,0.015,0.95,0.2,0.3,0.75,0.25,8.62,-18.35,True
1.06,0.015,0.95,0.2,0.3,1.0,0.0,8.45,-16.95,True
1.06,0.015,0.95,0.3,0.0,0.0,1.0,9.03,-28.88,True
1.06,0.015,0.95,0.3,0.0,0.25,0.75,8.87,-26.41,True
1.06,0.015,0.95,0.3,0.0,0.5,0.5,8.69,-23.81,True
1.06,0.015,0.95,0.3,0.0,0.75,0.25,8.48,-21.07,True
1.06,0.015,0.95,0.3,0.0,1.0,0.0,8.23,-18.18,True
1.06,0.015,0.95,0.3,0.1,0.0,1.0,9.33,-27.13,True
1.06,0.015,0.95,0.3,0.1,0.25,0.75,9.17,-24.86,True
1.06,0.015,0.95,0.3,0.1,0.5,0.5,8.98,-22.46,True
1.06,0.015,0.95,0.3,0.1,0.75,0.25,8.77,-19.93,True
1.06,0.015,0.95,0.3,0.1,1.0,0.0,8.54,-17.25,True
1.06,0.015,0.95,0.3,0.2,0.0,1.0,9.33,-25.06,True
1.06,0.015,0.95,0.3,0.2,0.25,0.75,9.18,-23.0,True
1.06,0.015,0.95,0.3,0.2,0.5,0.5,9.01,-20.82,True
1.06,0.015,0.95,0.3,0.2,0.75,0.25,8.82,-18.53,True
1.06,0.015,0.95,0.3,0.2,1.0,0.0,8.61,-16.28,True
1.06,0.015,0.95,0.3,0.3,0.0,1.0,9.31,-22.87,True
1.06,0.015,0.95,0.3,0.3,0.25,0.75,9.18,-21.03,True
1.06,0.015,0.95,0.3,0.3,0.5,0.5,9.04,-19.64,True
1.06,0.015,0.95,0.3,0.3,0.75,0.25,8.87,-18.3,True
1.06,0.015,0.95,0.3,0.3,1.0,0.0,8.68,-16.86,True
1.06,0.015,0.95,0.4,0.0,0.0,1.0,9.31,-29.09,True
1.06,0.015,0.95,0.4,0.0,0.25,0.75,9.16,-26.63,True
1.06,0.015,0.95,0.4,0.0,0.5,0.5,8.98,-24.02,True
1.06,0.015,0.95,0.4,0.0,0.75,0.25,8.76,-21.27,True
1.06,0.015,0.95,0.4,0.0,1.0,0.0,8.51,-18.35,True
1.06,0.015,0.95,0.4,0.1,0.0,1.0,9.3,-27.07,True
1.06,0.015,0.95,0.4,0.1,0.25,0.75,9.17,-24.8,True
1.06,0.015,0.95,0.4,0.1,0.5,0.5,9.0,-22.41,True
1.06,0.015,0.95,0.4,0.1,0.75,0.25,8.81,-19.89,True
1.06,0.015,0.95,0.4,0.1,1.0,0.0,8.58,-17.23,True
1.06,0.015,0.95,0.4,0.2,0.0,1.0,9.25,-24.94,True
1.06,0.015,0.95,0.4,0.2,0.25,0.75,9.15,-22.9,True
1.06,0.015,0.95,0.4,0.2,0.5,0.5,9.01,-20.74,True
1.06,0.015,0.95,0.4,0.2,0.75,0.25,8.84,-18.72,True
1.06,0.015,0.95,0.4,0.2,1.0,0.0,8.65,-16.76,True
1.06,0.015,0.95,0.4,0.3,0.0,1.0,9.21,-22.83,True
1.06,0.015,0.95,0.4,0.3,0.25,0.75,9.11,-21.0,True
1.06,0.015,0.95,0.4,0.3,0.5,0.5,8.99,-19.66,True
1.06,0.015,0.95,0.4,0.3,0.75,0.25,8.85,-18.32,True
1.06,0.015,0.95,0.4,0.3,1.0,0.0,8.68,-16.87,True
1.06,0.015,0.97,0.1,0.0,0.0,1.0,2.55,-20.93,True
1.06,0.015,0.97,0.1,0.0,0.25,0.75,2.67,-18.49,True
1.06,0.015,0.97,0.1,0.0,0.5,0.5,2.77,-16.61,True
1.06,0.015,0.97,0.1,0.0,0.75,0.25,2.85,-14.75,True
1.06,0.015,0.97,0.1,0.0,1.0,0.0,2.92,-12.89,True
1.06,0.015,0.97,0.1,0.1,0.0,1.0,4.55,-18.35,True
1.06,0.015,0.97,0.1,0.1,0.25,0.75,4.58,-16.47,True
1.06,0.015,0.97,0.1,0.1,0.5,0.5,4.6,-14.6,True
1.06,0.015,0.97,0.1,0.1,0.75,0.25,4.61,-12.74,True
1.06,0.015,0.97,0.1,0.1,1.0,0.0,4.6,-10.89,True
1.06,0.015,0.97,0.1,0.2,0.0,1.0,5.94,-13.59,True
1.06,0.015,0.97,0.1,0.2,0.25,0.75,5.91,-11.71,True
1.06,0.015,0.97,0.1,0.2,0.5,0.5,5.88,-11.38,True
1.06,0.015,0.97,0.1,0.2,0.75,0.25,5.84,-11.06,True
1.06,0.015,0.97,0.1,0.2,1.0,0.0,5.79,-10.75,True
1.06,0.015,0.97,0.1,0.3,0.0,1.0,6.95,-16.52,True
1.06,0.015,0.97,0.1,0.3,0.25,0.75,6.9,-16.13,True
1.06,0.015,0.97,0.1,0.3,0.5,0.5,6.85,-15.75,True
1.06,0.015,0.97,0.1,0.3,0.75,0.25,6.78,-15.38,True
1.06,0.015,0.97,0.1,0.3,1.0,0.0,6.71,-15.01,True
1.06,0.015,0.97,0.2,0.0,0.0,1.0,5.94,-22.64,True
1.06,0.015,0.97,0.2,0.0,0.25,0.75,5.89,-20.56,True
1.06,0.015,0.97,0.2,0.0,0.5,0.5,5.81,-18.47,True
1.06,0.015,0.97,0.2,0.0,0.75,0.25,5.7,-16.36,True
1.06,0.015,0.97,0.2,0.0,1.0,0.0,5.57,-14.22,True
1.06,0.015,0.97,0.2,0.1,0.0,1.0,6.94,-21.91,True
1.06,0.015,0.97,0.2,0.1,0.25,0.75,6.86,-19.83,True
1.06,0.015,0.97,0.2,0.1,0.5,0.5,6.76,-17.74,True
1.06,0.015,0.97,0.2,0.1,0.75,0.25,6.63,-15.63,True
1.06,0.015,0.97,0.2,0.1,1.0,0.0,6.49,-13.5,True
1.06,0.015,0.97,0.2,0.2,0.0,1.0,7.52,-20.73,True
1.06,0.015,0.97,0.2,0.2,0.25,0.75,7.44,-18.69,True
1.06,0.015,0.97,0.2,0.2,0.5,0.5,7.34,-16.62,True
1.06,0.015,0.97,0.2,0.2,0.75,0.25,7.22,-14.54,True
1.06,0.015,0.97,0.2,0.2,1.0,0.0,7.08,-12.45,True
1.06,0.015,0.97,0.2,0.3,0.0,1.0,7.76,-17.49,True
1.06,0.015,0.97,0.2,0.3,0.25,0.75,7.73,-16.73,True
1.06,0.015,0.97,0.2,0.3,0.5,0.5,7.67,-16.24,True
1.06,0.015,0.97,0.2,0.3,0.75,0.25,7.59,-15.77,True
1.06,0.015,0.97,0.2,0.3,1.0,0.0,7.48,-15.31,True
1.06,0.015,0.97,0.3,0.0,0.0,1.0,7.11,-28.92,True
1.06,0.015,0.97,0.3,0.0,0.25,0.75,7.02,-26.25,True
1.06,0.015,0.97,0.3,0.0,0.5,0.5,6.9,-23.54,True
1.06,0.015,0.97,0.3,0.0,0.75,0.25,6.75,-20.81,True
1.06,0.015,0.97,0.3,0.0,1.0,0.0,6.56,-18.04,True
1.06,0.015,0.97,0.3,0.1,0.0,1.0,7.44,-25.48,True
1.06,0.015,0.97,0.3,0.1,0.25,0.75,7.38,-23.03,True
1.06,0.015,0.97,0.3,0.1,0.5,0.5,7.29,-20.54,True
1.06,0.015,0.97,0.3,0.1,0.75,0.25,7.17,-18.03,True
1.06,0.015,0.97,0.3,0.1,1.0,0.0,7.01,-15.49,True
1.06,0.015,0.97,0.3,0.2,0.0,1.0,7.48,-22.41,True
1.06,0.015,0.97,0.3,0.2,0.25,0.75,7.47,-20.15,True
1.06,0.015,0.97,0.3,0.2,0.5,0.5,7.42,-17.87,True
1.06,0.015,0.97,0.3,0.2,0.75,0.25,7.34,-15.57,True
1.06,0.015,0.97,0.3,0.2,1.0,0.0,7.23,-13.24,True
1.06,0.015,0.97,0.3,0.3,0.0,1.0,7.56,-19.35,True
1.06,0.015,0.97,0.3,0.3,0.25,0.75,7.57,-17.33,True
1.06,0.015,0.97,0.3,0.3,0.5,0.5,7.55,-16.16,True
1.06,0.015,0.97,0.3,0.3,0.75,0.25,7.5,-15.66,True
1.06,0.015,0.97,0.3,0.3,1.0,0.0,7.43,-15.19,True
1.06,0.015,0.97,0.4,0.0,0.0,1.0,7.21,-30.61,True
1.06,0.015,0.97,0.4,0.0,0.25,0.75,7.15,-27.76,True
1.06,0.015,0.97,0.4,0.0,0.5,0.5,7.05,-24.86,True
1.06,0.015,0.97,0.4,0.0,0.75,0.25,6.91,-21.92,True
1.06,0.015,0.97,0.4,0.0,1.0,0.0,6.73,-18.94,True
1.06,0.015,0.97,0.4,0.1,0.0,1.0,7.21,-27.46,True
1.06,0.015,0.97,0.4,0.1,0.25,0.75,7.2,-24.81,True
1.06,0.015,0.97,0.4,0.1,0.5,0.5,7.16,-22.12,True
1.06,0.015,0.97,0.4,0.1,0.75,0.25,7.08,-19.38,True
1.06,0.015,0.97,0.4,0.1,1.0,0.0,6.96,-16.61,True
1.06,0.015,0.97,0.4,0.2,0.0,1.0,7.34,-23.91,True
1.06,0.015,0.97,0.4,0.2,0.25,0.75,7.35,-21.55,True
1.06,0.015,0.97,0.4,0.2,0.5,0.5,7.32,-19.14,True
1.06,0.015,0.97,0.4,0.2,0.75,0.25,7.27,-16.69,True
1.06,0.015,0.97,0.4,0.2,1.0,0.0,7.18,-14.2,True
1.06,0.015,0.97,0.4,0.3,0.0,1.0,7.45,-20.01,True
1.06,0.015,0.97,0.4,0.3,0.25,0.75,7.48,-17.95,True
1.06,0.015,0.97,0.4,0.3,0.5,0.5,7.47,-16.43,True
1.06,0.015,0.97,0.4,0.3,0.75,0.25,7.44,-15.9,True
1.06,0.015,0.97,0.4,0.3,1.0,0.0,7.39,-15.38,True
1.06,0.015,0.99,0.1,0.0,0.0,1.0,4.0,-19.57,True
1.06,0.015,0.99,0.1,0.0,0.25,0.75,3.94,-17.54,True
1.06,0.015,0.99,0.1,0.0,0.5,0.5,3.86,-15.49,True
1.06,0.015,0.99,0.1,0.0,0.75,0.25,3.78,-13.4,True
1.06,0.015,0.99,0.1,0.0,1.0,0.0,3.67,-11.29,True
1.06,0.015,0.99,0.1,0.1,0.0,1.0,5.64,-15.99,True
1.06,0.015,0.99,0.1,0.1,0.25,0.75,5.54,-14.11,True
1.06,0.015,0.99,0.1,0.1,0.5,0.5,5.43,-12.2,True
1.06,0.015,0.99,0.1,0.1,0.75,0.25,5.31,-10.27,True
1.06,0.015,0.99,0.1,0.1,1.0,0.0,5.18,-8.31,True
1.06,0.015,0.99,0.1,0.2,0.0,1.0,6.75,-12.42,True
1.06,0.015,0.99,0.1,0.2,0.25,0.75,6.63,-11.7,True
1.06,0.015,0.99,0.1,0.2,0.5,0.5,6.49,-11.39,True
1.06,0.015,0.99,0.1,0.2,0.75,0.25,6.35,-11.09,True
1.06,0.015,0.99,0.1,0.2,1.0,0.0,6.21,-10.81,True
1.06,0.015,0.99,0.1,0.3,0.0,1.0,7.59,-17.09,True
1.06,0.015,0.99,0.1,0.3,0.25,0.75,7.45,-16.67,True
1.06,0.015,0.99,0.1,0.3,0.5,0.5,7.3,-16.26,True
1.06,0.015,0.99,0.1,0.3,0.75,0.25,7.15,-15.87,True
1.06,0.015,0.99,0.1,0.3,1.0,0.0,7.0,-15.48,True
1.06,0.015,0.99,0.2,0.0,0.0,1.0,6.79,-25.18,True
1.06,0.015,0.99,0.2,0.0,0.25,0.75,6.61,-23.14,True
1.06,0.015,0.99,0.2,0.0,0.5,0.5,6.4,-21.06,True
1.06,0.015,0.99,0.2,0.0,0.75,0.25,6.17,-18.96,True
1.06,0.015,0.99,0.2,0.0,1.0,0.0,5.9,-16.83,True
1.06,0.015,0.99,0.2,0.1,0.0,1.0,7.63,-24.5,True
1.06,0.015,0.99,0.2,0.1,0.25,0.75,7.44,-22.45,True
1.06,0.015,0.99,0.2,0.1,0.5,0.5,7.22,-20.38,True
1.06,0.015,0.99,0.2,0.1,0.75,0.25,6.99,-18.28,True
1.06,0.015,0.99,0.2,0.1,1.0,0.0,6.73,-16.15,True
1.06,0.015,0.99,0.2,0.2,0.0,1.0,8.05,-23.47,True
1.06,0.015,0.99,0.2,0.2,0.25,0.75,7.89,-21.44,True
1.06,0.015,0.99,0.2,0.2,0.5,0.5,7.7,-19.38,True
1.06,0.015,0.99,0.2,0.2,0.75,0.25,7.48,-17.3,True
1.06,0.015,0.99,0.2,0.2,1.0,0.0,7.25,-15.2,True
1.06,0.015,0.99,0.2,0.3,0.0,1.0,8.01,-20.91,True
1.06,0.015,0.99,0.2,0.3,0.25,0.75,7.93,-19.03,True
1.06,0.015,0.99,0.2,0.3,0.5,0.5,7.82,-17.49,True
1.06,0.015,0.99,0.2,0.3,0.75,0.25,7.68,-16.92,True
1.06,0.015,0.99,0.2,0.3,1.0,0.0,7.52,-16.38,True
1.06,0.015,0.99,0.3,0.0,0.0,1.0,7.66,-33.13,True
1.06,0.015,0.99,0.3,0.0,0.25,0.75,7.47,-30.51,True
1.06,0.015,0.99,0.3,0.0,0.5,0.5,7.24,-27.83,True
1.06,0.015,0.99,0.3,0.0,0.75,0.25,6.97,-25.09,True
1.06,0.015,0.99,0.3,0.0,1.0,0.0,6.67,-22.31,True
1.06,0.015,0.99,0.3,0.1,0.0,1.0,7.76,-30.53,True
1.06,0.015,0.99,0.3,0.1,0.25,0.75,7.63,-28.04,True
1.06,0.015,0.99,0.3,0.1,0.5,0.5,7.46,-25.5,True
1.06,0.015,0.99,0.3,0.1,0.75,0.25,7.25,-22.91,True
1.06,0.015,0.99,0.3,0.1,1.0,0.0,7.01,-20.28,True
1.06,0.015,0.99,0.3,0.2,0.0,1.0,7.55,-28.24,True
1.06,0.015,0.99,0.3,0.2,0.25,0.75,7.5,-25.87,True
1.06,0.015,0.99,0.3,0.2,0.5,0.5,7.42,-23.47,True
1.06,0.015,0.99,0.3,0.2,0.75,0.25,7.3,-21.02,True
1.06,0.015,0.99,0.3,0.2,1.0,0.0,7.14,-18.53,True
1.06,0.015,0.99,0.3,0.3,0.0,1.0,7.46,-25.8,True
1.06,0.015,0.99,0.3,0.3,0.25,0.75,7.45,-23.69,True
1.06,0.015,0.99,0.3,0.3,0.5,0.5,7.4,-21.51,True
1.06,0.015,0.99,0.3,0.3,0.75,0.25,7.33,-19.2,True
1.06,0.015,0.99,0.3,0.3,1.0,0.0,7.24,-16.84,True
1.06,0.015,0.99,0.4,0.0,0.0,1.0,7.45,-37.65,True
1.06,0.015,0.99,0.4,0.0,0.25,0.75,7.3,-34.75,True
1.06,0.015,0.99,0.4,0.0,0.5,0.5,7.12,-31.77,True
1.06,0.015,0.99,0.4,0.0,0.75,0.25,6.89,-28.72,True
1.06,0.015,0.99,0.4,0.0,1.0,0.0,6.62,-25.59,True
1.06,0.015,0.99,0.4,0.1,0.0,1.0,7.21,-35.4,True
1.06,0.015,0.99,0.4,0.1,0.25,0.75,7.15,-32.61,True
1.06,0.015,0.99,0.4,0.1,0.5,0.5,7.06,-29.75,True
1.06,0.015,0.99,0.4,0.1,0.75,0.25,6.92,-26.82,True
1.06,0.015,0.99,0.4,0.1,1.0,0.0,6.74,-23.83,True
1.06,0.015,0.99,0.4,0.2,0.0,1.0,7.26,-31.36,True
1.06,0.015,0.99,0.4,0.2,0.25,0.75,7.23,-28.89,True
1.06,0.015,0.99,0.4,0.2,0.5,0.5,7.17,-26.35,True
1.06,0.015,0.99,0.4,0.2,0.75,0.25,7.08,-23.75,True
1.06,0.015,0.99,0.4,0.2,1.0,0.0,6.95,-21.11,True
1.06,0.015,0.99,0.4,0.3,0.0,1.0,7.4,-26.4,True
1.06,0.015,0.99,0.4,0.3,0.25,0.75,7.38,-24.25,True
1.06,0.015,0.99,0.4,0.3,0.5,0.5,7.35,-22.04,True
1.06,0.015,0.99,0.4,0.3,0.75,0.25,7.29,-19.77,True
1.06,0.015,0.99,0.4,0.3,1.0,0.0,7.2,-17.49,True
1.06,0.015,1.0,0.1,0.0,0.0,1.0,1.67,-19.57,True
1.06,0.015,1.0,0.1,0.0,0.25,0.75,1.77,-17.54,True
1.06,0.015,1.0,0.1,0.0,0.5,0.5,1.87,-15.49,True
1.06,0.015,1.0,0.1,0.0,0.75,0.25,1.96,-13.4,True
1.06,0.015,1.0,0.1,0.0,1.0,0.0,2.03,-11.29,True
1.06,0.015,1.0,0.1,0.1,0.0,1.0,3.6,-15.99,True
1.06,0.015,1.0,0.1,0.1,0.25,0.75,3.66,-14.11,True
1.06,0.015,1.0,0.1,0.1,0.5,0.5,3.71,-12.2,True
1.06,0.015,1.0,0.1,0.1,0.75,0.25,3.76,-10.27,True
1.06,0.015,1.0,0.1,0.1,1.0,0.0,3.79,-8.31,True
1.06,0.015,1.0,0.1,0.2,0.0,1.0,4.87,-12.42,True
1.06,0.015,1.0,0.1,0.2,0.25,0.75,4.9,-11.07,True
1.06,0.015,1.0,0.1,0.2,0.5,0.5,4.93,-10.83,True
1.06,0.015,1.0,0.1,0.2,0.75,0.25,4.95,-10.6,True
1.06,0.015,1.0,0.1,0.2,1.0,0.0,4.97,-10.37,True
1.06,0.015,1.0,0.1,0.3,0.0,1.0,5.8,-16.17,True
1.06,0.015,1.0,0.1,0.3,0.25,0.75,5.82,-15.84,True
1.06,0.015,1.0,0.1,0.3,0.5,0.5,5.83,-15.51,True
1.06,0.015,1.0,0.1,0.3,0.75,0.25,5.84,-15.19,True
1.06,0.015,1.0,0.1,0.3,1.0,0.0,5.84,-14.88,True
1.06,0.015,1.0,0.2,0.0,0.0,1.0,3.53,-21.57,True
1.06,0.015,1.0,0.2,0.0,0.25,0.75,3.58,-19.74,True
1.06,0.015,1.0,0.2,0.0,0.5,0.5,3.61,-17.88,True
1.06,0.015,1.0,0.2,0.0,0.75,0.25,3.62,-16.01,True
1.06,0.015,1.0,0.2,0.0,1.0,0.0,3.62,-14.11,True
1.06,0.015,1.0,0.2,0.1,0.0,1.0,4.67,-20.89,True
1.06,0.015,1.0,0.2,0.1,0.25,0.75,4.71,-19.06,True
1.06,0.015,1.0,0.2,0.1,0.5,0.5,4.72,-17.2,True
1.06,0.015,1.0,0.2,0.1,0.75,0.25,4.73,-15.33,True
1.06,0.015,1.0,0.2,0.1,1.0,0.0,4.72,-13.43,True
1.06,0.015,1.0,0.2,0.2,0.0,1.0,5.61,-19.91,True
1.06,0.015,1.0,0.2,0.2,0.25,0.75,5.63,-18.1,True
1.06,0.015,1.0,0.2,0.2,0.5,0.5,5.64,-16.26,True
1.06,0.015,1.0,0.2,0.2,0.75,0.25,5.63,-14.41,True
1.06,0.015,1.0,0.2,0.2,1.0,0.0,5.61,-12.53,True
1.06,0.015,1.0,0.2,0.3,0.0,1.0,6.17,-17.66,True
1.06,0.015,1.0,0.2,0.3,0.25,0.75,6.21,-16.96,True
1.06,0.015,1.0,0.2,0.3,0.5,0.5,6.24,-16.5,True
1.06,0.015,1.0,0.2,0.3,0.75,0.25,6.25,-16.04,True
1.06,0.015,1.0,0.2,0.3,1.0,0.0,6.24,-15.59,True
1.06,0.015,1.0,0.3,0.0,0.0,1.0,4.2,-28.57,True
1.06,0.015,1.0,0.3,0.0,0.25,0.75,4.24,-26.19,True
1.06,0.015,1.0,0.3,0.0,0.5,0.5,4.26,-23.77,True
1.06,0.015,1.0,0.3,0.0,0.75,0.25,4.26,-21.3,True
1.06,0.015,1.0,0.3,0.0,1.0,0.0,4.22,-18.8,True
1.06,0.015,1.0,0.3,0.1,0.0,1.0,4.98,-26.25,True
1.06,0.015,1.0,0.3,0.1,0.25,0.75,5.03,-24.0,True
1.06,0.015,1.0,0.3,0.1,0.5,0.5,5.07,-21.7,True
1.06,0.015,1.0,0.3,0.1,0.75,0.25,5.07,-19.37,True
1.06,0.015,1.0,0.3,0.1,1.0,0.0,5.06,-17.01,True
1.06,0.015,1.0,0.3,0.2,0.0,1.0,5.44,-24.26,True
1.06,0.015,1.0,0.3,0.2,0.25,0.75,5.51,-22.12,True
1.06,0.015,1.0,0.3,0.2,0.5,0.5,5.57,-19.94,True
1.06,0.015,1.0,0.3,0.2,0.75,0.25,5.6,-17.73,True
1.06,0.015,1.0,0.3,0.2,1.0,0.0,5.61,-15.48,True
1.06,0.015,1.0,0.3,0.3,0.0,1.0,5.8,-22.31,True
1.06,0.015,1.0,0.3,0.3,0.25,0.75,5.89,-20.31,True
1.06,0.015,1.0,0.3,0.3,0.5,0.5,5.96,-18.24,True
1.06,0.015,1.0,0.3,0.3,0.75,0.25,6.02,-16.46,True
1.06,0.015,1.0,0.3,0.3,1.0,0.0,6.05,-15.93,True
1.06,0.015,1.0,0.4,0.0,0.0,1.0,4.07,-32.76,True
1.06,0.015,1.0,0.4,0.0,0.25,0.75,4.15,-30.09,True
1.06,0.015,1.0,0.4,0.0,0.5,0.5,4.21,-27.37,True
1.06,0.015,1.0,0.4,0.0,0.75,0.25,4.23,-24.59,True
1.06,0.015,1.0,0.4,0.0,1.0,0.0,4.23,-21.76,True
1.06,0.015,1.0,0.4,0.1,0.0,1.0,4.58,-30.78,True
1.06,0.015,1.0,0.4,0.1,0.25,0.75,4.69,-28.22,True
1.06,0.015,1.0,0.4,0.1,0.5,0.5,4.78,-25.6,True
1.06,0.015,1.0,0.4,0.1,0.75,0.25,4.84,-22.94,True
1.06,0.015,1.0,0.4,0.1,1.0,0.0,4.87,-20.22,True
1.06,0.015,1.0,0.4,0.2,0.0,1.0,5.18,-27.35,True
1.06,0.015,1.0,0.4,0.2,0.25,0.75,5.28,-25.06,True
1.06,0.015,1.0,0.4,0.2,0.5,0.5,5.36,-22.72,True
1.06,0.015,1.0,0.4,0.2,0.75,0.25,5.42,-20.32,True
1.06,0.015,1.0,0.4,0.2,1.0,0.0,5.46,-17.91,True
1.06,0.015,1.0,0.4,0.3,0.0,1.0,5.77,-22.95,True
1.06,0.015,1.0,0.4,0.3,0.25,0.75,5.86,-20.96,True
1.06,0.015,1.0,0.4,0.3,0.5,0.5,5.93,-18.92,True
1.06,0.015,1.0,0.4,0.3,0.75,0.25,5.99,-16.83,True
1.06,0.015,1.0,0.4,0.3,1.0,0.0,6.03,-16.06,True
1.06,0.015,1.01,0.1,0.0,0.0,1.0,3.14,-15.0,True
1.06,0.015,1.01,0.1,0.0,0.25,0.75,3.12,-13.29,True
1.06,0.015,1.01,0.1,0.0,0.5,0.5,3.09,-11.55,True
1.06,0.015,1.01,0.1,0.0,0.75,0.25,3.05,-10.06,True
1.06,0.015,1.01,0.1,0.0,1.0,0.0,3.0,-8.68,True
1.06,0.015,1.01,0.1,0.1,0.0,1.0,4.65,-11.77,True
1.06,0.015,1.01,0.1,0.1,0.25,0.75,4.63,-10.19,True
1.06,0.015,1.01,0.1,0.1,0.5,0.5,4.59,-8.58,True
1.06,0.015,1.01,0.1,0.1,0.75,0.25,4.55,-6.99,True
1.06,0.015,1.01,0.1,0.1,1.0,0.0,4.5,-6.04,True
1.06,0.015,1.01,0.1,0.2,0.0,1.0,5.73,-10.94,True
1.06,0.015,1.01,0.1,0.2,0.25,0.75,5.69,-10.72,True
1.06,0.015,1.01,0.1,0.2,0.5,0.5,5.65,-10.5,True
1.06,0.015,1.01,0.1,0.2,0.75,0.25,5.59,-10.29,True
1.06,0.015,1.01,0.1,0.2,1.0,0.0,5.53,-10.09,True
1.06,0.015,1.01,0.1,0.3,0.0,1.0,6.58,-15.69,True
1.06,0.015,1.01,0.1,0.3,0.25,0.75,6.52,-15.39,True
1.06,0.015,1.01,0.1,0.3,0.5,0.5,6.46,-15.1,True
1.06,0.015,1.01,0.1,0.3,0.75,0.25,6.4,-14.81,True
1.06,0.015,1.01,0.1,0.3,1.0,0.0,6.32,-14.52,True
1.06,0.015,1.01,0.2,0.0,0.0,1.0,5.27,-20.36,True
1.06,0.015,1.01,0.2,0.0,0.25,0.75,5.17,-18.6,True
1.06,0.015,1.01,0.2,0.0,0.5,0.5,5.05,-16.82,True
1.06,0.015,1.01,0.2,0.0,0.75,0.25,4.91,-15.02,True
1.06,0.015,1.01,0.2,0.0,1.0,0.0,4.75,-13.2,True
1.06,0.015,1.01,0.2,0.1,0.0,1.0,6.08,-19.68,True
1.06,0.015,1.01,0.2,0.1,0.25,0.75,5.99,-17.92,True
1.06,0.015,1.01,0.2,0.1,0.5,0.5,5.88,-16.14,True
1.06,0.015,1.01,0.2,0.1,0.75,0.25,5.76,-14.34,True
1.06,0.015,1.01,0.2,0.1,1.0,0.0,5.61,-12.52,True
1.06,0.015,1.01,0.2,0.2,0.0,1.0,6.67,-18.75,True
1.06,0.015,1.01,0.2,0.2,0.25,0.75,6.6,-17.0,True
1.06,0.015,1.01,0.2,0.2,0.5,0.5,6.5,-15.24,True
1.06,0.015,1.01,0.2,0.2,0.75,0.25,6.39,-13.45,True
1.06,0.015,1.01,0.2,0.2,1.0,0.0,6.27,-11.65,True
1.06,0.015,1.01,0.2,0.3,0.0,1.0,7.11,-16.85,True
1.06,0.015,1.01,0.2,0.3,0.25,0.75,7.06,-16.41,True
1.06,0.015,1.01,0.2,0.3,0.5,0.5,6.99,-15.99,True
1.06,0.015,1.01,0.2,0.3,0.75,0.25,6.9,-15.57,True
1.06,0.015,1.01,0.2,0.3,1.0,0.0,6.79,-15.14,True
1.06,0.015,1.01,0.3,0.0,0.0,1.0,5.92,-26.84,True
1.06,0.015,1.01,0.3,0.0,0.25,0.75,5.82,-24.55,True
1.06,0.015,1.01,0.3,0.0,0.5,0.5,5.69,-22.23,True
1.06,0.015,1.01,0.3,0.0,0.75,0.25,5.53,-19.87,True
1.06,0.015,1.01,0.3,0.0,1.0,0.0,5.34,-17.47,True
1.06,0.015,1.01,0.3,0.1,0.0,1.0,6.35,-24.51,True
1.06,0.015,1.01,0.3,0.1,0.25,0.75,6.28,-22.35,True
1.06,0.015,1.01,0.3,0.1,0.5,0.5,6.19,-20.16,True
1.06,0.015,1.01,0.3,0.1,0.75,0.25,6.07,-17.93,True
1.06,0.015,1.01,0.3,0.1,1.0,0.0,5.92,-15.69,True
1.06,0.015,1.01,0.3,0.2,0.0,1.0,6.54,-22.49,True
1.06,0.015,1.01,0.3,0.2,0.25,0.75,6.51,-20.45,True
1.06,0.015,1.01,0.3,0.2,0.5,0.5,6.46,-18.38,True
1.06,0.015,1.01,0.3,0.2,0.75,0.25,6.38,-16.29,True
1.06,0.015,1.01,0.3,0.2,1.0,0.0,6.28,-14.18,True
1.06,0.015,1.01,0.3,0.3,0.0,1.0,6.59,-20.55,True
1.06,0.015,1.01,0.3,0.3,0.25,0.75,6.61,-18.62,True
1.06,0.015,1.01,0.3,0.3,0.5,0.5,6.61,-16.69,True
1.06,0.015,1.01,0.3,0.3,0.75,0.25,6.59,-15.76,True
1.06,0.015,1.01,0.3,0.3,1.0,0.0,6.55,-15.23,True
1.06,0.015,1.01,0.4,0.0,0.0,1.0,5.72,-30.49,True
1.06,0.015,1.01,0.4,0.0,0.25,0.75,5.66,-27.95,True
1.06,0.015,1.01,0.4,0.0,0.5,0.5,5.57,-25.35,True
1.06,0.015,1.01,0.4,0.0,0.75,0.25,5.45,-22.7,True
1.06,0.015,1.01,0.4,0.0,1.0,0.0,5.29,-20.0,True
1.06,0.015,1.01,0.4,0.1,0.0,1.0,5.92,-28.48,True
1.06,0.015,1.01,0.4,0.1,0.25,0.75,5.91,-26.05,True
1.06,0.015,1.01,0.4,0.1,0.5,0.5,5.87,-23.57,True
1.06,0.015,1.01,0.4,0.1,0.75,0.25,5.8,-21.05,True
1.06,0.015,1.01,0.4,0.1,1.0,0.0,5.7,-18.49,True
1.06,0.015,1.01,0.4,0.2,0.0,1.0,6.1,-25.34,True
1.06,0.015,1.01,0.4,0.2,0.25,0.75,6.12,-23.19,True
1.06,0.015,1.01,0.4,0.2,0.5,0.5,6.11,-20.99,True
1.06,0.015,1.01,0.4,0.2,0.75,0.25,6.08,-18.73,True
1.06,0.015,1.01,0.4,0.2,1.0,0.0,6.03,-16.41,True
1.06,0.015,1.01,0.4,0.3,0.0,1.0,6.36,-21.27,True
1.06,0.015,1.01,0.4,0.3,0.25,0.75,6.4,-19.41,True
1.06,0.015,1.01,0.4,0.3,0.5,0.5,6.41,-17.49,True
1.06,0.015,1.01,0.4,0.3,0.75,0.25,6.41,-15.92,True
1.06,0.015,1.01,0.4,0.3,1.0,0.0,6.39,-15.36,True
1.06,0.015,1.02,0.1,0.0,0.0,1.0,2.51,-15.0,True
1.06,0.015,1.02,0.1,0.0,0.25,0.75,2.52,-13.29,True
1.06,0.015,1.02,0.1,0.0,0.5,0.5,2.52,-11.55,True
1.06,0.015,1.02,0.1,0.0,0.75,0.25,2.51,-10.06,True
1.06,0.015,1.02,0.1,0.0,1.0,0.0,2.49,-8.68,True
1.06,0.015,1.02,0.1,0.1,0.0,1.0,4.18,-11.77,True
1.06,0.015,1.02,0.1,0.1,0.25,0.75,4.18,-10.19,True
1.06,0.015,1.02,0.1,0.1,0.5,0.5,4.16,-8.58,True
1.06,0.015,1.02,0.1,0.1,0.75,0.25,4.13,-7.01,True
1.06,0.015,1.02,0.1,0.1,1.0,0.0,4.1,-6.01,True
1.06,0.015,1.02,0.1,0.2,0.0,1.0,5.32,-10.49,True
1.06,0.015,1.02,0.1,0.2,0.25,0.75,5.3,-10.32,True
1.06,0.015,1.02,0.1,0.2,0.5,0.5,5.27,-10.16,True
1.06,0.015,1.02,0.1,0.2,0.75,0.25,5.24,-10.0,True
1.06,0.015,1.02,0.1,0.2,1.0,0.0,5.19,-9.84,True
1.06,0.015,1.02,0.1,0.3,0.0,1.0,6.15,-15.08,True
1.06,0.015,1.02,0.1,0.3,0.25,0.75,6.11,-14.85,True
1.06,0.015,1.02,0.1,0.3,0.5,0.5,6.08,-14.62,True
1.06,0.015,1.02,0.1,0.3,0.75,0.25,6.04,-14.39,True
1.06,0.015,1.02,0.1,0.3,1.0,0.0,5.99,-14.17,True
1.06,0.015,1.02,0.2,0.0,0.0,1.0,4.19,-16.2,True
1.06,0.015,1.02,0.2,0.0,0.25,0.75,4.15,-14.72,True
1.06,0.015,1.02,0.2,0.0,0.5,0.5,4.09,-13.23,True
1.06,0.015,1.02,0.2,0.0,0.75,0.25,4.0,-11.72,True
1.06,0.015,1.02,0.2,0.0,1.0,0.0,3.9,-10.2,True
1.06,0.015,1.02,0.2,0.1,0.0,1.0,5.08,-15.54,True
1.06,0.015,1.02,0.2,0.1,0.25,0.75,5.05,-14.06,True
1.06,0.015,1.02,0.2,0.1,0.5,0.5,5.0,-12.56,True
1.06,0.015,1.02,0.2,0.1,0.75,0.25,4.94,-11.05,True
1.06,0.015,1.02,0.2,0.1,1.0,0.0,4.86,-9.53,True
1.06,0.015,1.02,0.2,0.2,0.0,1.0,5.7,-14.7,True
1.06,0.015,1.02,0.2,0.2,0.25,0.75,5.68,-13.23,True
1.06,0.015,1.02,0.2,0.2,0.5,0.5,5.65,-11.75,True
1.06,0.015,1.02,0.2,0.2,0.75,0.25,5.61,-10.59,True
1.06,0.015,1.02,0.2,0.2,1.0,0.0,5.55,-10.33,True
1.06,0.015,1.02,0.2,0.3,0.0,1.0,6.19,-15.82,True
1.06,0.015,1.02,0.2,0.3,0.25,0.75,6.19,-15.5,True
1.06,0.015,1.02,0.2,0.3,0.5,0.5,6.18,-15.18,True
1.06,0.015,1.02,0.2,0.3,0.75,0.25,6.15,-14.87,True
1.06,0.015,1.02,0.2,0.3,1.0,0.0,6.11,-14.55,True
1.06,0.015,1.02,0.3,0.0,0.0,1.0,4.3,-21.77,True
1.06,0.015,1.02,0.3,0.0,0.25,0.75,4.29,-19.81,True
1.06,0.015,1.02,0.3,0.0,0.5,0.5,4.25,-17.82,True
1.06,0.015,1.02,0.3,0.0,0.75,0.25,4.19,-15.8,True
1.06,0.015,1.02,0.3,0.0,1.0,0.0,4.11,-13.76,True
1.06,0.015,1.02,0.3,0.1,0.0,1.0,4.91,-19.98,True
1.06,0.015,1.02,0.3,0.1,0.25,0.75,4.93,-18.11,True
1.06,0.015,1.02,0.3,0.1,0.5,0.5,4.93,-16.22,True
1.06,0.015,1.02,0.3,0.1,0.75,0.25,4.9,-14.3,True
1.06,0.015,1.02,0.3,0.1,1.0,0.0,4.85,-12.37,True
1.06,0.015,1.02,0.3,0.2,0.0,1.0,5.38,-18.51,True
1.06,0.015,1.02,0.3,0.2,0.25,0.75,5.43,-16.72,True
1.06,0.015,1.02,0.3,0.2,0.5,0.5,5.45,-14.91,True
1.06,0.015,1.02,0.3,0.2,0.75,0.25,5.46,-13.09,True
1.06,0.015,1.02,0.3,0.2,1.0,0.0,5.44,-11.25,True
1.06,0.015,1.02,0.3,0.3,0.0,1.0,5.65,-17.08,True
1.06,0.015,1.02,0.3,0.3,0.25,0.75,5.73,-15.75,True
1.06,0.015,1.02,0.3,0.3,0.5,0.5,5.79,-15.34,True
1.06,0.015,1.02,0.3,0.3,0.75,0.25,5.84,-14.93,True
1.06,0.015,1.02,0.3,0.3,1.0,0.0,5.87,-14.53,True
1.06,0.015,1.02,0.4,0.0,0.0,1.0,3.9,-25.54,True
1.06,0.015,1.02,0.4,0.0,0.25,0.75,3.95,-23.29,True
1.06,0.015,1.02,0.4,0.0,0.5,0.5,3.97,-21.0,True
1.06,0.015,1.02,0.4,0.0,0.75,0.25,3.96,-18.68,True
1.06,0.015,1.02,0.4,0.0,1.0,0.0,3.92,-16.32,True
1.06,0.015,1.02,0.4,0.1,0.0,1.0,4.45,-24.06,True
1.06,0.015,1.02,0.4,0.1,0.25,0.75,4.53,-21.89,True
1.06,0.015,1.02,0.4,0.1,0.5,0.5,4.59,-19.7,True
1.06,0.015,1.02,0.4,0.1,0.75,0.25,4.62,-17.46,True
1.06,0.015,1.02,0.4,0.1,1.0,0.0,4.61,-15.19,True
1.06,0.015,1.02,0.4,0.2,0.0,1.0,4.91,-21.6,True
1.06,0.015,1.02,0.4,0.2,0.25,0.75,5.0,-19.65,True
1.06,0.015,1.02,0.4,0.2,0.5,0.5,5.08,-17.67,True
1.06,0.015,1.02,0.4,0.2,0.75,0.25,5.13,-15.64,True
1.06,0.015,1.02,0.4,0.2,1.0,0.0,5.16,-13.56,True
1.06,0.015,1.02,0.4,0.3,0.0,1.0,5.43,-18.05,True
1.06,0.015,1.02,0.4,0.3,0.25,0.75,5.51,-16.36,True
1.06,0.015,1.02,0.4,0.3,0.5,0.5,5.58,-15.4,True
1.06,0.015,1.02,0.4,0.3,0.75,0.25,5.64,-14.99,True
1.06,0.015,1.02,0.4,0.3,1.0,0.0,5.69,-14.58,True
1.06,0.02,0.95,0.1,0.0,0.0,1.0,-0.55,-25.01,True
1.06,0.02,0.95,0.1,0.0,0.25,0.75,-0.28,-22.63,True
1.06,0.02,0.95,0.1,0.0,0.5,0.5,-0.02,-20.14,True
1.06,0.02,0.95,0.1,0.0,0.75,0.25,0.23,-17.54,True
1.06,0.02,0.95,0.1,0.0,1.0,0.0,0.48,-15.13,True
1.06,0.02,0.95,0.1,0.1,0.0,1.0,1.71,-22.26,True
1.06,0.02,0.95,0.1,0.1,0.25,0.75,1.9,-20.81,True
1.06,0.02,0.95,0.1,0.1,0.5,0.5,2.08,-19.6,True
1.06,0.02,0.95,0.1,0.1,0.75,0.25,2.27,-18.32,True
1.06,0.02,0.95,0.1,0.1,1.0,0.0,2.44,-16.98,True
1.06,0.02,0.95,0.1,0.2,0.0,1.0,3.45,-22.89,True
1.06,0.02,0.95,0.1,0.2,0.25,0.75,3.57,-21.21,True
1.06,0.02,0.95,0.1,0.2,0.5,0.5,3.69,-20.06,True
1.06,0.02,0.95,0.1,0.2,0.75,0.25,3.81,-19.09,True
1.06,0.02,0.95,0.1,0.2,1.0,0.0,3.93,-18.06,True
1.06,0.02,0.95,0.1,0.3,0.0,1.0,4.85,-21.81,True
1.06,0.02,0.95,0.1,0.3,0.25,0.75,4.95,-21.09,True
1.06,0.02,0.95,0.1,0.3,0.5,0.5,5.03,-20.33,True
1.06,0.02,0.95,0.1,0.3,0.75,0.25,5.12,-19.52,True
1.06,0.02,0.95,0.1,0.3,1.0,0.0,5.2,-18.67,True
1.06,0.02,0.95,0.2,0.0,0.0,1.0,1.4,-28.03,True
1.06,0.02,0.95,0.2,0.0,0.25,0.75,1.65,-25.5,True
1.06,0.02,0.95,0.2,0.0,0.5,0.5,1.88,-22.96,True
1.06,0.02,0.95,0.2,0.0,0.75,0.25,2.08,-20.42,True
1.06,0.02,0.95,0.2,0.0,1.0,0.0,2.27,-17.89,True
1.06,0.02,0.95,0.2,0.1,0.0,1.0,3.75,-24.76,True
1.06,0.02,0.95,0.2,0.1,0.25,0.75,3.88,-22.65,True
1.06,0.02,0.95,0.2,0.1,0.5,0.5,4.0,-20.52,True
1.06,0.02,0.95,0.2,0.1,0.75,0.25,4.1,-18.37,True
1.06,0.02,0.95,0.2,0.1,1.0,0.0,4.2,-16.51,True
1.06,0.02,0.95,0.2,0.2,0.0,1.0,5.28,-21.95,True
1.06,0.02,0.95,0.2,0.2,0.25,0.75,5.35,-20.93,True
1.06,0.02,0.95,0.2,0.2,0.5,0.5,5.4,-19.83,True
1.06,0.02,0.95,0.2,0.2,0.75,0.25,5.45,-18.64,True
1.06,0.02,0.95,0.2,0.2,1.0,0.0,5.49,-17.37,True
1.06,0.02,0.95,0.2,0.3,0.0,1.0,6.4,-21.9,True
1.06,0.02,0.95,0.2,0.3,0.25,0.75,6.42,-21.02,True
1.06,0.02,0.95,0.2,0.3,0.5,0.5,6.44,-20.07,True
1.06,0.02,0.95,0.2,0.3,0.75,0.25,6.45,-19.05,True
1.06,0.02,0.95,0.2,0.3,1.0,0.0,6.45,-17.96,True
1.06,0.02,0.95,0.3,0.0,0.0,1.0,3.94,-27.37,True
1.06,0.02,0.95,0.3,0.0,0.25,0.75,4.05,-24.84,True
1.06,0.02,0.95,0.3,0.0,0.5,0.5,4.14,-22.31,True
1.06,0.02,0.95,0.3,0.0,0.75,0.25,4.21,-19.78,True
1.06,0.02,0.95,0.3,0.0,1.0,0.0,4.25,-17.26,True
1.06,0.02,0.95,0.3,0.1,0.0,1.0,5.6,-24.11,True
1.06,0.02,0.95,0.3,0.1,0.25,0.75,5.63,-21.98,True
1.06,0.02,0.95,0.3,0.1,0.5,0.5,5.65,-19.84,True
1.06,0.02,0.95,0.3,0.1,0.75,0.25,5.65,-17.88,True
1.06,0.02,0.95,0.3,0.1,1.0,0.0,5.63,-16.2,True
1.06,0.02,0.95,0.3,0.2,0.0,1.0,6.71,-22.01,True
1.06,0.02,0.95,0.3,0.2,0.25,0.75,6.7,-20.9,True
1.06,0.02,0.95,0.3,0.2,0.5,0.5,6.68,-19.69,True
1.06,0.02,0.95,0.3,0.2,0.75,0.25,6.65,-18.38,True
1.06,0.02,0.95,0.3,0.2,1.0,0.0,6.6,-16.93,True
1.06,0.02,0.95,0.3,0.3,0.0,1.0,7.53,-21.95,True
1.06,0.02,0.95,0.3,0.3,0.25,0.75,7.5,-20.97,True
1.06,0.02,0.95,0.3,0.3,0.5,0.5,7.46,-19.91,True
1.06,0.02,0.95,0.3,0.3,0.75,0.25,7.41,-18.76,True
1.06,0.02,0.95,0.3,0.3,1.0,0.0,7.34,-17.51,True
1.06,0.02,0.95,0.4,0.0,0.0,1.0,5.68,-25.9,True
1.06,0.02,0.95,0.4,0.0,0.25,0.75,5.7,-23.45,True
1.06,0.02,0.95,0.4,0.0,0.5,0.5,5.69,-20.99,True
1.06,0.02,0.95,0.4,0.0,0.75,0.25,5.66,-18.54,True
1.06,0.02,0.95,0.4,0.0,1.0,0.0,5.6,-16.09,True
1.06,0.02,0.95,0.4,0.1,0.0,1.0,6.89,-22.75,True
1.06,0.02,0.95,0.4,0.1,0.25,0.75,6.86,-20.8,True
1.06,0.02,0.95,0.4,0.1,0.5,0.5,6.82,-19.38,True
1.06,0.02,0.95,0.4,0.1,0.75,0.25,6.75,-17.79,True
1.06,0.02,0.95,0.4,0.1,1.0,0.0,6.66,-16.01,True
1.06,0.02,0.95,0.4,0.2,0.0,1.0,7.58,-22.03,True
1.06,0.02,0.95,0.4,0.2,0.25,0.75,7.54,-20.88,True
1.06,0.02,0.95,0.4,0.2,0.5,0.5,7.47,-19.63,True
1.06,0.02,0.95,0.4,0.2,0.75,0.25,7.39,-18.24,True
1.06,0.02,0.95,0.4,0.2,1.0,0.0,7.29,-16.72,True
1.06,0.02,0.95,0.4,0.3,0.0,1.0,7.85,-21.96,True
1.06,0.02,0.95,0.4,0.3,0.25,0.75,7.81,-20.96,True
1.06,0.02,0.95,0.4,0.3,0.5,0.5,7.75,-19.87,True
1.06,0.02,0.95,0.4,0.3,0.75,0.25,7.68,-18.69,True
1.06,0.02,0.95,0.4,0.3,1.0,0.0,7.6,-17.42,True
1.06,0.02,0.97,0.1,0.0,0.0,1.0,0.67,-20.84,True
1.06,0.02,0.97,0.1,0.0,0.25,0.75,0.79,-18.69,True
1.06,0.02,0.97,0.1,0.0,0.5,0.5,0.89,-16.44,True
1.06,0.02,0.97,0.1,0.0,0.75,0.25,0.99,-14.09,True
1.06,0.02,0.97,0.1,0.0,1.0,0.0,1.08,-11.63,True
1.06,0.02,0.97,0.1,0.1,0.0,1.0,2.54,-16.92,True
1.06,0.02,0.97,0.1,0.1,0.25,0.75,2.63,-14.91,True
1.06,0.02,0.97,0.1,0.1,0.5,0.5,2.72,-12.9,True
1.06,0.02,0.97,0.1,0.1,0.75,0.25,2.8,-10.87,True
1.06,0.02,0.97,0.1,0.1,1.0,0.0,2.88,-8.85,True
1.06,0.02,0.97,0.1,0.2,0.0,1.0,4.08,-14.54,True
1.06,0.02,0.97,0.1,0.2,0.25,0.75,4.13,-12.62,True
1.06,0.02,0.97,0.1,0.2,0.5,0.5,4.18,-10.68,True
1.06,0.02,0.97,0.1,0.2,0.75,0.25,4.22,-10.02,True
1.06,0.02,0.97,0.1,0.2,1.0,0.0,4.26,-10.13,True
1.06,0.02,0.97,0.1,0.3,0.0,1.0,5.37,-14.61,True
1.06,0.02,0.97,0.1,0.3,0.25,0.75,5.4,-14.46,True
1.06,0.02,0.97,0.1,0.3,0.5,0.5,5.43,-14.31,True
1.06,0.02,0.97,0.1,0.3,0.75,0.25,5.44,-14.16,True
1.06,0.02,0.97,0.1,0.3,1.0,0.0,5.46,-14.01,True
1.06,0.02,0.97,0.2,0.0,0.0,1.0,2.54,-21.04,True
1.06,0.02,0.97,0.2,0.0,0.25,0.75,2.6,-18.69,True
1.06,0.02,0.97,0.2,0.0,0.5,0.5,2.64,-16.44,True
1.06,0.02,0.97,0.2,0.0,0.75,0.25,2.66,-14.09,True
1.06,0.02,0.97,0.2,0.0,1.0,0.0,2.66,-11.63,True
1.06,0.02,0.97,0.2,0.1,0.0,1.0,4.4,-17.67,True
1.06,0.02,0.97,0.2,0.1,0.25,0.75,4.41,-15.46,True
1.06,0.02,0.97,0.2,0.1,0.5,0.5,4.41,-13.22,True
1.06,0.02,0.97,0.2,0.1,0.75,0.25,4.39,-10.95,True
1.06,0.02,0.97,0.2,0.1,1.0,0.0,4.36,-8.66,True
1.06,0.02,0.97,0.2,0.2,0.0,1.0,5.74,-14.13,True
1.06,0.02,0.97,0.2,0.2,0.25,0.75,5.72,-12.1,True
1.06,0.02,0.97,0.2,0.2,0.5,0.5,5.68,-11.13,True
1.06,0.02,0.97,0.2,0.2,0.75,0.25,5.62,-10.89,True
1.06,0.02,0.97,0.2,0.2,1.0,0.0,5.56,-10.65,True
1.06,0.02,0.97,0.2,0.3,0.0,1.0,6.7,-16.71,True
1.06,0.02,0.97,0.2,0.3,0.25,0.75,6.64,-16.35,True
1.06,0.02,0.97,0.2,0.3,0.5,0.5,6.59,-15.99,True
1.06,0.02,0.97,0.2,0.3,0.75,0.25,6.52,-15.65,True
1.06,0.02,0.97,0.2,0.3,1.0,0.0,6.44,-15.31,True
1.06,0.02,0.97,0.3,0.0,0.0,1.0,4.21,-20.84,True
1.06,0.02,0.97,0.3,0.0,0.25,0.75,4.19,-18.72,True
1.06,0.02,0.97,0.3,0.0,0.5,0.5,4.14,-16.48,True
1.06,0.02,0.97,0.3,0.0,0.75,0.25,4.07,-14.12,True
1.06,0.02,0.97,0.3,0.0,1.0,0.0,3.98,-12.18,True
1.06,0.02,0.97,0.3,0.1,0.0,1.0,5.62,-17.28,True
1.06,0.02,0.97,0.3,0.1,0.25,0.75,5.57,-15.05,True
1.06,0.02,0.97,0.3,0.1,0.5,0.5,5.49,-12.91,True
1.06,0.02,0.97,0.3,0.1,0.75,0.25,5.4,-11.52,True
1.06,0.02,0.97,0.3,0.1,1.0,0.0,5.29,-10.12,True
1.06,0.02,0.97,0.3,0.2,0.0,1.0,6.55,-14.15,True
1.06,0.02,0.97,0.3,0.2,0.25,0.75,6.49,-12.96,True
1.06,0.02,0.97,0.3,0.2,0.5,0.5,6.41,-12.52,True
1.06,0.02,0.97,0.3,0.2,0.75,0.25,6.31,-12.09,True
1.06,0.02,0.97,0.3,0.2,1.0,0.0,6.2,-11.69,True
1.06,0.02,0.97,0.3,0.3,0.0,1.0,6.8,-19.03,True
1.06,0.02,0.97,0.3,0.3,0.25,0.75,6.79,-18.43,True
1.06,0.02,0.97,0.3,0.3,0.5,0.5,6.75,-17.85,True
1.06,0.02,0.97,0.3,0.3,0.75,0.25,6.7,-17.29,True
1.06,0.02,0.97,0.3,0.3,1.0,0.0,6.63,-16.74,True
1.06,0.02,0.97,0.4,0.0,0.0,1.0,5.0,-23.65,True
1.06,0.02,0.97,0.4,0.0,0.25,0.75,4.96,-21.8,True
1.06,0.02,0.97,0.4,0.0,0.5,0.5,4.89,-19.94,True
1.06,0.02,0.97,0.4,0.0,0.75,0.25,4.79,-18.07,True
1.06,0.02,0.97,0.4,0.0,1.0,0.0,4.66,-16.2,True
1.06,0.02,0.97,0.4,0.1,0.0,1.0,6.01,-21.5,True
1.06,0.02,0.97,0.4,0.1,0.25,0.75,5.97,-19.66,True
1.06,0.02,0.97,0.4,0.1,0.5,0.5,5.91,-17.82,True
1.06,0.02,0.97,0.4,0.1,0.75,0.25,5.82,-15.97,True
1.06,0.02,0.97,0.4,0.1,1.0,0.0,5.7,-14.12,True
1.06,0.02,0.97,0.4,0.2,0.0,1.0,6.37,-18.78,True
1.06,0.02,0.97,0.4,0.2,0.25,0.75,6.36,-17.06,True
1.06,0.02,0.97,0.4,0.2,0.5,0.5,6.33,-15.34,True
1.06,0.02,0.97,0.4,0.2,0.75,0.25,6.27,-13.61,True
1.06,0.02,0.97,0.4,0.2,1.0,0.0,6.19,-12.56,True
1.06,0.02,0.97,0.4,0.3,0.0,1.0,6.69,-19.88,True
1.06,0.02,0.97,0.4,0.3,0.25,0.75,6.77,-19.19,True
1.06,0.02,0.97,0.4,0.3,0.5,0.5,6.8,-18.51,True
1.06,0.02,0.97,0.4,0.3,0.75,0.25,6.76,-17.87,True
1.06,0.02,0.97,0.4,0.3,1.0,0.0,6.7,-17.24,True
1.06,0.02,0.99,0.1,0.0,0.0,1.0,1.71,-17.14,True
1.06,0.02,0.99,0.1,0.0,0.25,0.75,1.71,-15.52,True
1.06,0.02,0.99,0.1,0.0,0.5,0.5,1.7,-13.89,True
1.06,0.02,0.99,0.1,0.0,0.75,0.25,1.69,-12.26,True
1.06,0.02,0.99,0.1,0.0,1.0,0.0,1.67,-10.62,True
1.06,0.02,0.99,0.1,0.1,0.0,1.0,3.33,-15.77,True
1.06,0.02,0.99,0.1,0.1,0.25,0.75,3.34,-14.11,True
1.06,0.02,0.99,0.1,0.1,0.5,0.5,3.34,-12.45,True
1.06,0.02,0.99,0.1,0.1,0.75,0.25,3.34,-10.79,True
1.06,0.02,0.99,0.1,0.1,1.0,0.0,3.33,-9.11,True
1.06,0.02,0.99,0.1,0.2,0.0,1.0,4.67,-13.43,True
1.06,0.02,0.99,0.1,0.2,0.25,0.75,4.65,-11.85,True
1.06,0.02,0.99,0.1,0.2,0.5,0.5,4.64,-10.8,True
1.06,0.02,0.99,0.1,0.2,0.75,0.25,4.61,-9.76,True
1.06,0.02,0.99,0.1,0.2,1.0,0.0,4.59,-9.7,True
1.06,0.02,0.99,0.1,0.3,0.0,1.0,5.87,-14.34,True
1.06,0.02,0.99,0.1,0.3,0.25,0.75,5.84,-14.21,True
1.06,0.02,0.99,0.1,0.3,0.5,0.5,5.81,-14.09,True
1.06,0.02,0.99,0.1,0.3,0.75,0.25,5.78,-13.96,True
1.06,0.02,0.99,0.1,0.3,1.0,0.0,5.73,-13.84,True
1.06,0.02,0.99,0.2,0.0,0.0,1.0,3.91,-19.68,True
1.06,0.02,0.99,0.2,0.0,0.25,0.75,3.82,-17.71,True
1.06,0.02,0.99,0.2,0.0,0.5,0.5,3.71,-15.73,True
1.06,0.02,0.99,0.2,0.0,0.75,0.25,3.59,-13.71,True
1.06,0.02,0.99,0.2,0.0,1.0,0.0,3.45,-11.68,True
1.06,0.02,0.99,0.2,0.1,0.0,1.0,5.47,-16.42,True
1.06,0.02,0.99,0.2,0.1,0.25,0.75,5.36,-14.59,True
1.06,0.02,0.99,0.2,0.1,0.5,0.5,5.24,-12.73,True
1.06,0.02,0.99,0.2,0.1,0.75,0.25,5.11,-10.85,True
1.06,0.02,0.99,0.2,0.1,1.0,0.0,4.96,-8.95,True
1.06,0.02,0.99,0.2,0.2,0.0,1.0,6.63,-12.98,True
1.06,0.02,0.99,0.2,0.2,0.25,0.75,6.5,-11.3,True
1.06,0.02,0.99,0.2,0.2,0.5,0.5,6.37,-10.72,True
1.06,0.02,0.99,0.2,0.2,0.75,0.25,6.22,-10.52,True
1.06,0.02,0.99,0.2,0.2,1.0,0.0,6.06,-10.33,True
1.06,0.02,0.99,0.2,0.3,0.0,1.0,7.56,-15.97,True
1.06,0.02,0.99,0.2,0.3,0.25,0.75,7.42,-15.67,True
1.06,0.02,0.99,0.2,0.3,0.5,0.5,7.26,-15.39,True
1.06,0.02,0.99,0.2,0.3,0.75,0.25,7.09,-15.11,True
1.06,0.02,0.99,0.2,0.3,1.0,0.0,6.91,-14.84,True
1.06,0.02,0.99,0.3,0.0,0.0,1.0,5.81,-19.37,True
1.06,0.02,0.99,0.3,0.0,0.25,0.75,5.62,-17.38,True
1.06,0.02,0.99,0.3,0.0,0.5,0.5,5.4,-15.36,True
1.06,0.02,0.99,0.3,0.0,0.75,0.25,5.17,-13.29,True
1.06,0.02,0.99,0.3,0.0,1.0,0.0,4.91,-11.19,True
1.06,0.02,0.99,0.3,0.1,0.0,1.0,6.99,-16.02,True
1.06,0.02,0.99,0.3,0.1,0.25,0.75,6.79,-14.16,True
1.06,0.02,0.99,0.3,0.1,0.5,0.5,6.57,-12.27,True
1.06,0.02,0.99,0.3,0.1,0.75,0.25,6.33,-10.34,True
1.06,0.02,0.99,0.3,0.1,1.0,0.0,6.07,-8.38,True
1.06,0.02,0.99,0.3,0.2,0.0,1.0,7.76,-12.74,True
1.06,0.02,0.99,0.3,0.2,0.25,0.75,7.56,-12.1,True
1.06,0.02,0.99,0.3,0.2,0.5,0.5,7.35,-11.76,True
1.06,0.02,0.99,0.3,0.2,0.75,0.25,7.12,-11.43,True
1.06,0.02,0.99,0.3,0.2,1.0,0.0,6.88,-11.11,True
1.06,0.02,0.99,0.3,0.3,0.0,1.0,8.06,-17.75,True
1.06,0.02,0.99,0.3,0.3,0.25,0.75,7.89,-17.27,True
1.06,0.02,0.99,0.3,0.3,0.5,0.5,7.72,-16.81,True
1.06,0.02,0.99,0.3,0.3,0.75,0.25,7.53,-16.36,True
1.06,0.02,0.99,0.3,0.3,1.0,0.0,7.32,-15.92,True
1.06,0.02,0.99,0.4,0.0,0.0,1.0,6.82,-20.28,True
1.06,0.02,0.99,0.4,0.0,0.25,0.75,6.59,-18.64,True
1.06,0.02,0.99,0.4,0.0,0.5,0.5,6.34,-17.0,True
1.06,0.02,0.99,0.4,0.0,0.75,0.25,6.05,-15.35,True
1.06,0.02,0.99,0.4,0.0,1.0,0.0,5.74,-13.7,True
1.06,0.02,0.99,0.4,0.1,0.0,1.0,7.69,-18.15,True
1.06,0.02,0.99,0.4,0.1,0.25,0.75,7.47,-16.53,True
1.06,0.02,0.99,0.4,0.1,0.5,0.5,7.23,-14.9,True
1.06,0.02,0.99,0.4,0.1,0.75,0.25,6.96,-13.26,True
1.06,0.02,0.99,0.4,0.1,1.0,0.0,6.67,-11.62,True
1.06,0.02,0.99,0.4,0.2,0.0,1.0,7.93,-15.19,True
1.06,0.02,0.99,0.4,0.2,0.25,0.75,7.75,-13.76,True
1.06,0.02,0.99,0.4,0.2,0.5,0.5,7.54,-12.62,True
1.06,0.02,0.99,0.4,0.2,0.75,0.25,7.31,-12.18,True
1.06,0.02,0.99,0.4,0.2,1.0,0.0,7.07,-11.75,True
1.06,0.02,0.99,0.4,0.3,0.0,1.0,8.22,-18.34,True
1.06,0.02,0.99,0.4,0.3,0.25,0.75,8.05,-17.8,True
1.06,0.02,0.99,0.4,0.3,0.5,0.5,7.87,-17.27,True
1.06,0.02,0.99,0.4,0.3,0.75,0.25,7.68,-16.76,True
1.06,0.02,0.99,0.4,0.3,1.0,0.0,7.47,-16.27,True
1.06,0.02,1.0,0.1,0.0,0.0,1.0,0.81,-17.14,True
1.06,0.02,1.0,0.1,0.0,0.25,0.75,0.87,-15.52,True
1.06,0.02,1.0,0.1,0.0,0.5,0.5,0.93,-13.89,True
1.06,0.02,1.0,0.1,0.0,0.75,0.25,0.99,-12.26,True
1.06,0.02,1.0,0.1,0.0,1.0,0.0,1.03,-10.62,True
1.06,0.02,1.0,0.1,0.1,0.0,1.0,2.47,-15.77,True
1.06,0.02,1.0,0.1,0.1,0.25,0.75,2.54,-14.11,True
1.06,0.02,1.0,0.1,0.1,0.5,0.5,2.61,-12.45,True
1.06,0.02,1.0,0.1,0.1,0.75,0.25,2.67,-10.79,True
1.06,0.02,1.0,0.1,0.1,1.0,0.0,2.73,-9.11,True
1.06,0.02,1.0,0.1,0.2,0.0,1.0,3.79,-13.43,True
1.06,0.02,1.0,0.1,0.2,0.25,0.75,3.85,-11.85,True
1.06,0.02,1.0,0.1,0.2,0.5,0.5,3.9,-10.25,True
1.06,0.02,1.0,0.1,0.2,0.75,0.25,3.95,-9.63,True
1.06,0.02,1.0,0.1,0.2,1.0,0.0,4.0,-9.79,True
1.06,0.02,1.0,0.1,0.3,0.0,1.0,4.99,-14.08,True
1.06,0.02,1.0,0.1,0.3,0.25,0.75,5.03,-13.98,True
1.06,0.02,1.0,0.1,0.3,0.5,0.5,5.07,-13.87,True
1.06,0.02,1.0,0.1,0.3,0.75,0.25,5.1,-13.77,True
1.06,0.02,1.0,0.1,0.3,1.0,0.0,5.13,-13.66,True
1.06,0.02,1.0,0.2,0.0,0.0,1.0,2.21,-19.68,True
1.06,0.02,1.0,0.2,0.0,0.25,0.75,2.25,-17.71,True
1.06,0.02,1.0,0.2,0.0,0.5,0.5,2.27,-15.73,True
1.06,0.02,1.0,0.2,0.0,0.75,0.25,2.28,-13.71,True
1.06,0.02,1.0,0.2,0.0,1.0,0.0,2.27,-11.68,True
1.06,0.02,1.0,0.2,0.1,0.0,1.0,3.78,-16.42,True
1.06,0.02,1.0,0.2,0.1,0.25,0.75,3.81,-14.59,True
1.06,0.02,1.0,0.2,0.1,0.5,0.5,3.83,-12.73,True
1.06,0.02,1.0,0.2,0.1,0.75,0.25,3.84,-10.85,True
1.06,0.02,1.0,0.2,0.1,1.0,0.0,3.84,-8.95,True
1.06,0.02,1.0,0.2,0.2,0.0,1.0,5.13,-12.98,True
1.06,0.02,1.0,0.2,0.2,0.25,0.75,5.14,-11.3,True
1.06,0.02,1.0,0.2,0.2,0.5,0.5,5.13,-10.38,True
1.06,0.02,1.0,0.2,0.2,0.75,0.25,5.12,-10.22,True
1.06,0.02,1.0,0.2,0.2,1.0,0.0,5.1,-10.06,True
1.06,0.02,1.0,0.2,0.3,0.0,1.0,6.2,-15.38,True
1.06,0.02,1.0,0.2,0.3,0.25,0.75,6.17,-15.14,True
1.06,0.02,1.0,0.2,0.3,0.5,0.5,6.14,-14.91,True
1.06,0.02,1.0,0.2,0.3,0.75,0.25,6.1,-14.68,True
1.06,0.02,1.0,0.2,0.3,1.0,0.0,6.05,-14.46,True
1.06,0.02,1.0,0.3,0.0,0.0,1.0,3.64,-19.37,True
1.06,0.02,1.0,0.3,0.0,0.25,0.75,3.61,-17.38,True
1.06,0.02,1.0,0.3,0.0,0.5,0.5,3.56,-15.36,True
1.06,0.02,1.0,0.3,0.0,0.75,0.25,3.49,-13.29,True
1.06,0.02,1.0,0.3,0.0,1.0,0.0,3.41,-11.19,True
1.06,0.02,1.0,0.3,0.1,0.0,1.0,5.08,-16.02,True
1.06,0.02,1.0,0.3,0.1,0.25,0.75,5.03,-14.16,True
1.06,0.02,1.0,0.3,0.1,0.5,0.5,4.97,-12.27,True
1.06,0.02,1.0,0.3,0.1,0.75,0.25,4.89,-10.34,True
1.06,0.02,1.0,0.3,0.1,1.0,0.0,4.8,-8.38,True
1.06,0.02,1.0,0.3,0.2,0.0,1.0,6.03,-12.74,True
1.06,0.02,1.0,0.3,0.2,0.25,0.75,5.98,-11.46,True
1.06,0.02,1.0,0.3,0.2,0.5,0.5,5.92,-11.19,True
1.06,0.02,1.0,0.3,0.2,0.75,0.25,5.85,-10.92,True
1.06,0.02,1.0,0.3,0.2,1.0,0.0,5.76,-10.66,True
1.06,0.02,1.0,0.3,0.3,0.0,1.0,6.52,-16.79,True
1.06,0.02,1.0,0.3,0.3,0.25,0.75,6.5,-16.41,True
1.06,0.02,1.0,0.3,0.3,0.5,0.5,6.47,-16.03,True
1.06,0.02,1.0,0.3,0.3,0.75,0.25,6.41,-15.67,True
1.06,0.02,1.0,0.3,0.3,1.0,0.0,6.35,-15.31,True
1.06,0.02,1.0,0.4,0.0,0.0,1.0,4.56,-19.29,True
1.06,0.02,1.0,0.4,0.0,0.25,0.75,4.5,-17.29,True
1.06,0.02,1.0,0.4,0.0,0.5,0.5,4.41,-15.24,True
1.06,0.02,1.0,0.4,0.0,0.75,0.25,4.3,-13.14,True
1.06,0.02,1.0,0.4,0.0,1.0,0.0,4.16,-11.0,True
1.06,0.02,1.0,0.4,0.1,0.0,1.0,5.66,-16.11,True
1.06,0.02,1.0,0.4,0.1,0.25,0.75,5.6,-14.23,True
1.06,0.02,1.0,0.4,0.1,0.5,0.5,5.52,-12.32,True
1.06,0.02,1.0,0.4,0.1,0.75,0.25,5.42,-10.36,True
1.06,0.02,1.0,0.4,0.1,1.0,0.0,5.3,-8.56,True
1.06,0.02,1.0,0.4,0.2,0.0,1.0,6.08,-12.87,True
1.06,0.02,1.0,0.4,0.2,0.25,0.75,6.05,-12.24,True
1.06,0.02,1.0,0.4,0.2,0.5,0.5,6.01,-11.87,True
1.06,0.02,1.0,0.4,0.2,0.75,0.25,5.94,-11.52,True
1.06,0.02,1.0,0.4,0.2,1.0,0.0,5.86,-11.17,True
1.06,0.02,1.0,0.4,0.3,0.0,1.0,6.49,-17.33,True
1.06,0.02,1.0,0.4,0.3,0.25,0.75,6.48,-16.88,True
1.06,0.02,1.0,0.4,0.3,0.5,0.5,6.46,-16.45,True
1.06,0.02,1.0,0.4,0.3,0.75,0.25,6.42,-16.03,True
1.06,0.02,1.0,0.4,0.3,1.0,0.0,6.37,-15.62,True
1.06,0.02,1.01,0.1,0.0,0.0,1.0,1.84,-13.35,True
1.06,0.02,1.01,0.1,0.0,0.25,0.75,1.81,-12.0,True
1.06,0.02,1.01,0.1,0.0,0.5,0.5,1.79,-10.65,True
1.06,0.02,1.01,0.1,0.0,0.75,0.25,1.75,-9.3,True
1.06,0.02,1.01,0.1,0.0,1.0,0.0,1.72,-7.94,True
1.06,0.02,1.01,0.1,0.1,0.0,1.0,3.25,-11.9,True
1.06,0.02,1.01,0.1,0.1,0.25,0.75,3.26,-10.53,True
1.06,0.02,1.01,0.1,0.1,0.5,0.5,3.26,-9.15,True
1.06,0.02,1.01,0.1,0.1,0.75,0.25,3.25,-7.77,True
1.06,0.02,1.01,0.1,0.1,1.0,0.0,3.24,-6.39,True
1.06,0.02,1.01,0.1,0.2,0.0,1.0,4.41,-9.69,True
1.06,0.02,1.01,0.1,0.2,0.25,0.75,4.42,-9.56,True
1.06,0.02,1.01,0.1,0.2,0.5,0.5,4.42,-9.49,True
1.06,0.02,1.01,0.1,0.2,0.75,0.25,4.41,-9.42,True
1.06,0.02,1.01,0.1,0.2,1.0,0.0,4.41,-9.35,True
1.06,0.02,1.01,0.1,0.3,0.0,1.0,5.48,-13.87,True
1.06,0.02,1.01,0.1,0.3,0.25,0.75,5.47,-13.77,True
1.06,0.02,1.01,0.1,0.3,0.5,0.5,5.46,-13.67,True
1.06,0.02,1.01,0.1,0.3,0.75,0.25,5.45,-13.57,True
1.06,0.02,1.01,0.1,0.3,1.0,0.0,5.44,-13.47,True
1.06,0.02,1.01,0.2,0.0,0.0,1.0,3.51,-15.11,True
1.06,0.02,1.01,0.2,0.0,0.25,0.75,3.44,-13.47,True
1.06,0.02,1.01,0.2,0.0,0.5,0.5,3.35,-11.8,True
1.06,0.02,1.01,0.2,0.0,0.75,0.25,3.24,-10.12,True
1.06,0.02,1.01,0.2,0.0,1.0,0.0,3.13,-8.41,True
1.06,0.02,1.01,0.2,0.1,0.0,1.0,4.75,-12.24,True
1.06,0.02,1.01,0.2,0.1,0.25,0.75,4.69,-10.7,True
1.06,0.02,1.01,0.2,0.1,0.5,0.5,4.63,-9.14,True
1.06,0.02,1.01,0.2,0.1,0.75,0.25,4.55,-7.57,True
1.06,0.02,1.01,0.2,0.1,1.0,0.0,4.46,-5.97,True
1.06,0.02,1.01,0.2,0.2,0.0,1.0,5.87,-10.48,True
1.06,0.02,1.01,0.2,0.2,0.25,0.75,5.81,-10.32,True
1.06,0.02,1.01,0.2,0.2,0.5,0.5,5.74,-10.17,True
1.06,0.02,1.01,0.2,0.2,0.75,0.25,5.66,-10.02,True
1.06,0.02,1.01,0.2,0.2,1.0,0.0,5.57,-9.87,True
1.06,0.02,1.01,0.2,0.3,0.0,1.0,6.83,-15.08,True
1.06,0.02,1.01,0.2,0.3,0.25,0.75,6.76,-14.85,True
1.06,0.02,1.01,0.2,0.3,0.5,0.5,6.68,-14.64,True
1.06,0.02,1.01,0.2,0.3,0.75,0.25,6.58,-14.42,True
1.06,0.02,1.01,0.2,0.3,1.0,0.0,6.47,-14.21,True
1.06,0.02,1.01,0.3,0.0,0.0,1.0,5.04,-14.79,True
1.06,0.02,1.01,0.3,0.0,0.25,0.75,4.89,-13.12,True
1.06,0.02,1.01,0.3,0.0,0.5,0.5,4.72,-11.41,True
1.06,0.02,1.01,0.3,0.0,0.75,0.25,4.53,-9.67,True
1.06,0.02,1.01,0.3,0.0,1.0,0.0,4.32,-7.91,True
1.06,0.02,1.01,0.3,0.1,0.0,1.0,6.18,-11.79,True
1.06,0.02,1.01,0.3,0.1,0.25,0.75,6.04,-10.23,True
1.06,0.02,1.01,0.3,0.1,0.5,0.5,5.88,-8.64,True
1.06,0.02,1.01,0.3,0.1,0.75,0.25,5.7,-7.22,True
1.06,0.02,1.01,0.3,0.1,1.0,0.0,5.51,-6.27,True
1.06,0.02,1.01,0.3,0.2,0.0,1.0,6.92,-11.43,True
1.06,0.02,1.01,0.3,0.2,0.25,0.75,6.8,-11.17,True
1.06,0.02,1.01,0.3,0.2,0.5,0.5,6.65,-10.91,True
1.06,0.02,1.01,0.3,0.2,0.75,0.25,6.5,-10.67,True
1.06,0.02,1.01,0.3,0.2,1.0,0.0,6.33,-10.43,True
1.06,0.02,1.01,0.3,0.3,0.0,1.0,7.41,-16.4,True
1.06,0.02,1.01,0.3,0.3,0.25,0.75,7.29,-16.04,True
1.06,0.02,1.01,0.3,0.3,0.5,0.5,7.16,-15.69,True
1.06,0.02,1.01,0.3,0.3,0.75,0.25,7.02,-15.35,True
1.06,0.02,1.01,0.3,0.3,1.0,0.0,6.87,-15.0,True
1.06,0.02,1.01,0.4,0.0,0.0,1.0,6.02,-14.7,True
1.06,0.02,1.01,0.4,0.0,0.25,0.75,5.83,-13.11,True
1.06,0.02,1.01,0.4,0.0,0.5,0.5,5.62,-11.83,True
1.06,0.02,1.01,0.4,0.0,0.75,0.25,5.38,-10.6,True
1.06,0.02,1.01,0.4,0.0,1.0,0.0,5.12,-9.38,True
1.06,0.02,1.01,0.4,0.1,0.0,1.0,6.83,-13.66,True
1.06,0.02,1.01,0.4,0.1,0.25,0.75,6.66,-12.39,True
1.06,0.02,1.01,0.4,0.1,0.5,0.5,6.48,-11.12,True
1.06,0.02,1.01,0.4,0.1,0.75,0.25,6.27,-9.85,True
1.06,0.02,1.01,0.4,0.1,1.0,0.0,6.04,-8.57,True
1.06,0.02,1.01,0.4,0.2,0.0,1.0,7.15,-12.65,True
1.06,0.02,1.01,0.4,0.2,0.25,0.75,7.02,-11.92,True
1.06,0.02,1.01,0.4,0.2,0.5,0.5,6.87,-11.57,True
1.06,0.02,1.01,0.4,0.2,0.75,0.25,6.7,-11.24,True
1.06,0.02,1.01,0.4,0.2,1.0,0.0,6.52,-10.91,True
1.06,0.02,1.01,0.4,0.3,0.0,1.0,7.37,-16.94,True
1.06,0.02,1.01,0.4,0.3,0.25,0.75,7.28,-16.52,True
1.06,0.02,1.01,0.4,0.3,0.5,0.5,7.17,-16.11,True
1.06,0.02,1.01,0.4,0.3,0.75,0.25,7.04,-15.71,True
1.06,0.02,1.01,0.4,0.3,1.0,0.0,6.9,-15.32,True
1.06,0.02,1.02,0.1,0.0,0.0,1.0,1.69,-13.35,True
1.06,0.02,1.02,0.1,0.0,0.25,0.75,1.66,-12.0,True
1.06,0.02,1.02,0.1,0.0,0.5,0.5,1.63,-10.65,True
1.06,0.02,1.02,0.1,0.0,0.75,0.25,1.6,-9.3,True
1.06,0.02,1.02,0.1,0.0,1.0,0.0,1.56,-7.94,True
1.06,0.02,1.02,0.1,0.1,0.0,1.0,3.13,-11.9,True
1.06,0.02,1.02,0.1,0.1,0.25,0.75,3.13,-10.53,True
1.06,0.02,1.02,0.1,0.1,0.5,0.5,3.13,-9.15,True
1.06,0.02,1.02,0.1,0.1,0.75,0.25,3.12,-7.77,True
1.06,0.02,1.02,0.1,0.1,1.0,0.0,3.11,-6.39,True
1.06,0.02,1.02,0.1,0.2,0.0,1.0,4.31,-9.69,True
1.06,0.02,1.02,0.1,0.2,0.25,0.75,4.31,-9.37,True
1.06,0.02,1.02,0.1,0.2,0.5,0.5,4.31,-9.32,True
1.06,0.02,1.02,0.1,0.2,0.75,0.25,4.3,-9.27,True
1.06,0.02,1.02,0.1,0.2,1.0,0.0,4.29,-9.44,True
1.06,0.02,1.02,0.1,0.3,0.0,1.0,5.35,-13.56,True
1.06,0.02,1.02,0.1,0.3,0.25,0.75,5.35,-13.49,True
1.06,0.02,1.02,0.1,0.3,0.5,0.5,5.34,-13.43,True
1.06,0.02,1.02,0.1,0.3,0.75,0.25,5.34,-13.36,True
1.06,0.02,1.02,0.1,0.3,1.0,0.0,5.32,-13.29,True
1.06,0.02,1.02,0.2,0.0,0.0,1.0,3.03,-15.11,True
1.06,0.02,1.02,0.2,0.0,0.25,0.75,2.97,-13.47,True
1.06,0.02,1.02,0.2,0.0,0.5,0.5,2.9,-11.8,True
1.06,0.02,1.02,0.2,0.0,0.75,0.25,2.82,-10.12,True
1.06,0.02,1.02,0.2,0.0,1.0,0.0,2.72,-8.41,True
1.06,0.02,1.02,0.2,0.1,0.0,1.0,4.39,-12.24,True
1.06,0.02,1.02,0.2,0.1,0.25,0.75,4.35,-10.7,True
1.06,0.02,1.02,0.2,0.1,0.5,0.5,4.3,-9.14,True
1.06,0.02,1.02,0.2,0.1,0.75,0.25,4.23,-7.57,True
1.06,0.02,1.02,0.2,0.1,1.0,0.0,4.16,-6.45,True
1.06,0.02,1.02,0.2,0.2,0.0,1.0,5.59,-10.01,True
1.06,0.02,1.02,0.2,0.2,0.25,0.75,5.54,-9.9,True
1.06,0.02,1.02,0.2,0.2,0.5,0.5,5.48,-9.8,True
1.06,0.02,1.02,0.2,0.2,0.75,0.25,5.41,-9.7,True
1.06,0.02,1.02,0.2,0.2,1.0,0.0,5.33,-9.6,True
1.06,0.02,1.02,0.2,0.3,0.0,1.0,6.58,-14.41,True
1.06,0.02,1.02,0.2,0.3,0.25,0.75,6.51,-14.26,True
1.06,0.02,1.02,0.2,0.3,0.5,0.5,6.43,-14.11,True
1.06,0.02,1.02,0.2,0.3,0.75,0.25,6.34,-13.97,True
1.06,0.02,1.02,0.2,0.3,1.0,0.0,6.23,-13.82,True
1.06,0.02,1.02,0.3,0.0,0.0,1.0,4.4,-14.79,True
1.06,0.02,1.02,0.3,0.0,0.25,0.75,4.28,-13.12,True
1.06,0.02,1.02,0.3,0.0,0.5,0.5,4.14,-11.41,True
1.06,0.02,1.02,0.3,0.0,0.75,0.25,3.98,-9.67,True
1.06,0.02,1.02,0.3,0.0,1.0,0.0,3.8,-7.91,True
1.06,0.02,1.02,0.3,0.1,0.0,1.0,5.66,-11.79,True
1.06,0.02,1.02,0.3,0.1,0.25,0.75,5.54,-10.23,True
1.06,0.02,1.02,0.3,0.1,0.5,0.5,5.4,-8.64,True
1.06,0.02,1.02,0.3,0.1,0.75,0.25,5.25,-7.24,True
1.06,0.02,1.02,0.3,0.1,1.0,0.0,5.08,-6.23,True
1.06,0.02,1.02,0.3,0.2,0.0,1.0,6.49,-10.65,True
1.06,0.02,1.02,0.3,0.2,0.25,0.75,6.38,-10.48,True
1.06,0.02,1.02,0.3,0.2,0.5,0.5,6.26,-10.32,True
1.06,0.02,1.02,0.3,0.2,0.75,0.25,6.12,-10.15,True
1.06,0.02,1.02,0.3,0.2,1.0,0.0,5.97,-9.99,True
1.06,0.02,1.02,0.3,0.3,0.0,1.0,6.84,-15.32,True
1.06,0.02,1.02,0.3,0.3,0.25,0.75,6.76,-15.08,True
1.06,0.02,1.02,0.3,0.3,0.5,0.5,6.68,-14.84,True
1.06,0.02,1.02,0.3,0.3,0.75,0.25,6.57,-14.61,True
1.06,0.02,1.02,0.3,0.3,1.0,0.0,6.46,-14.38,True
1.06,0.02,1.02,0.4,0.0,0.0,1.0,5.24,-14.7,True
1.06,0.02,1.02,0.4,0.0,0.25,0.75,5.09,-13.02,True
1.06,0.02,1.02,0.4,0.0,0.5,0.5,4.91,-11.29,True
1.06,0.02,1.02,0.4,0.0,0.75,0.25,4.71,-9.92,True
1.06,0.02,1.02,0.4,0.0,1.0,0.0,4.48,-8.87,True
1.06,0.02,1.02,0.4,0.1,0.0,1.0,6.18,-11.88,True
1.06,0.02,1.02,0.4,0.1,0.25,0.75,6.05,-10.3,True
1.06,0.02,1.02,0.4,0.1,0.5,0.5,5.89,-8.96,True
1.06,0.02,1.02,0.4,0.1,0.75,0.25,5.7,-7.92,True
1.06,0.02,1.02,0.4,0.1,1.0,0.0,5.5,-6.87,True
1.06,0.02,1.02,0.4,0.2,0.0,1.0,6.41,-11.21,True
1.06,0.02,1.02,0.4,0.2,0.25,0.75,6.33,-10.98,True
1.06,0.02,1.02,0.4,0.2,0.5,0.5,6.22,-10.75,True
1.06,0.02,1.02,0.4,0.2,0.75,0.25,6.1,-10.54,True
1.06,0.02,1.02,0.4,0.2,1.0,0.0,5.96,-10.33,True
1.06,0.02,1.02,0.4,0.3,0.0,1.0,6.62,-15.62,True
1.06,0.02,1.02,0.4,0.3,0.25,0.75,6.58,-15.35,True
1.06,0.02,1.02,0.4,0.3,0.5,0.5,6.52,-15.09,True
1.06,0.02,1.02,0.4,0.3,0.75,0.25,6.45,-14.83,True
1.06,0.02,1.02,0.4,0.3,1.0,0.0,6.36,-14.58,True
1.06,0.025,0.95,0.1,0.0,0.0,1.0,-0.85,-28.93,True
1.06,0.025,0.95,0.1,0.0,0.25,0.75,-0.64,-26.12,True
1.06,0.025,0.95,0.1,0.0,0.5,0.5,-0.45,-23.29,True
1.06,0.025,0.95,0.1,0.0,0.75,0.25,-0.27,-20.43,True
1.06,0.025,0.95,0.1,0.0,1.0,0.0,-0.1,-17.55,True
1.06,0.025,0.95,0.1,0.1,0.0,1.0,1.59,-25.47,True
1.06,0.025,0.95,0.1,0.1,0.25,0.75,1.69,-23.0,True
1.06,0.025,0.95,0.1,0.1,0.5,0.5,1.79,-20.46,True
1.06,0.025,0.95,0.1,0.1,0.75,0.25,1.89,-18.49,True
1.06,0.025,0.95,0.1,0.1,1.0,0.0,1.99,-17.26,True
1.06,0.025,0.95,0.1,0.2,0.0,1.0,3.37,-21.82,True
1.06,0.025,0.95,0.1,0.2,0.25,0.75,3.41,-21.02,True
1.06,0.025,0.95,0.1,0.2,0.5,0.5,3.46,-20.18,True
1.06,0.025,0.95,0.1,0.2,0.75,0.25,3.5,-19.31,True
1.06,0.025,0.95,0.1,0.2,1.0,0.0,3.54,-18.41,True
1.06,0.025,0.95,0.1,0.3,0.0,1.0,4.72,-21.76,True
1.06,0.025,0.95,0.1,0.3,0.25,0.75,4.72,-21.13,True
1.06,0.025,0.95,0.1,0.3,0.5,0.5,4.73,-20.47,True
1.06,0.025,0.95,0.1,0.3,0.75,0.25,4.74,-19.79,True
1.06,0.025,0.95,0.1,0.3,1.0,0.0,4.75,-19.08,True
1.06,0.025,0.95,0.2,0.0,0.0,1.0,0.43,-25.01,True
1.06,0.025,0.95,0.2,0.0,0.25,0.75,0.57,-22.66,True
1.06,0.025,0.95,0.2,0.0,0.5,0.5,0.72,-20.18,True
1.06,0.025,0.95,0.2,0.0,0.75,0.25,0.85,-17.96,True
1.06,0.025,0.95,0.2,0.0,1.0,0.0,0.98,-15.86,True
1.06,0.025,0.95,0.2,0.1,0.0,1.0,2.9,-25.21,True
1.06,0.025,0.95,0.2,0.1,0.25,0.75,2.94,-23.09,True
1.06,0.025,0.95,0.2,0.1,0.5,0.5,2.98,-20.97,True
1.06,0.025,0.95,0.2,0.1,0.75,0.25,3.01,-18.85,True
1.06,0.025,0.95,0.2,0.1,1.0,0.0,3.04,-16.9,True
1.06,0.025,0.95,0.2,0.2,0.0,1.0,4.55,-23.08,True
1.06,0.025,0.95,0.2,0.2,0.25,0.75,4.53,-21.27,True
1.06,0.025,0.95,0.2,0.2,0.5,0.5,4.51,-20.0,True
1.06,0.025,0.95,0.2,0.2,0.75,0.25,4.49,-18.98,True
1.06,0.025,0.95,0.2,0.2,1.0,0.0,4.47,-17.92,True
1.06,0.025,0.95,0.2,0.3,0.0,1.0,5.76,-21.84,True
1.06,0.025,0.95,0.2,0.3,0.25,0.75,5.73,-21.06,True
1.06,0.025,0.95,0.2,0.3,0.5,0.5,5.69,-20.25,True
1.06,0.025,0.95,0.2,0.3,0.75,0.25,5.63,-19.41,True
1.06,0.025,0.95,0.2,0.3,1.0,0.0,5.58,-18.54,True
1.06,0.025,0.95,0.3,0.0,0.0,1.0,1.69,-29.36,True
1.06,0.025,0.95,0.3,0.0,0.25,0.75,1.78,-26.77,True
1.06,0.025,0.95,0.3,0.0,0.5,0.5,1.86,-24.19,True
1.06,0.025,0.95,0.3,0.0,0.75,0.25,1.93,-21.6,True
1.06,0.025,0.95,0.3,0.0,1.0,0.0,1.99,-19.01,True
1.06,0.025,0.95,0.3,0.1,0.0,1.0,4.07,-25.66,True
1.06,0.025,0.95,0.3,0.1,0.25,0.75,4.05,-23.46,True
1.06,0.025,0.95,0.3,0.1,0.5,0.5,4.03,-21.26,True
1.06,0.025,0.95,0.3,0.1,0.75,0.25,4.0,-19.07,True
1.06,0.025,0.95,0.3,0.1,1.0,0.0,3.96,-16.87,True
1.06,0.025,0.95,0.3,0.2,0.0,1.0,5.55,-22.69,True
1.06,0.025,0.95,0.3,0.2,0.25,0.75,5.51,-20.92,True
1.06,0.025,0.95,0.3,0.2,0.5,0.5,5.44,-19.85,True
1.06,0.025,0.95,0.3,0.2,0.75,0.25,5.37,-18.72,True
1.06,0.025,0.95,0.3,0.2,1.0,0.0,5.28,-17.53,True
1.06,0.025,0.95,0.3,0.3,0.0,1.0,6.4,-21.89,True
1.06,0.025,0.95,0.3,0.3,0.25,0.75,6.34,-21.02,True
1.06,0.025,0.95,0.3,0.3,0.5,0.5,6.27,-20.1,True
1.06,0.025,0.95,0.3,0.3,0.75,0.25,6.2,-19.15,True
1.06,0.025,0.95,0.3,0.3,1.0,0.0,6.12,-18.14,True
1.06,0.025,0.95,0.4,0.0,0.0,1.0,3.16,-29.12,True
1.06,0.025,0.95,0.4,0.0,0.25,0.75,3.16,-26.51,True
1.06,0.025,0.95,0.4,0.0,0.5,0.5,3.15,-23.89,True
1.06,0.025,0.95,0.4,0.0,0.75,0.25,3.12,-21.28,True
1.06,0.025,0.95,0.4,0.0,1.0,0.0,3.08,-18.67,True
1.06,0.025,0.95,0.4,0.1,0.0,1.0,5.11,-25.83,True
1.06,0.025,0.95,0.4,0.1,0.25,0.75,5.05,-23.6,True
1.06,0.025,0.95,0.4,0.1,0.5,0.5,4.98,-21.36,True
1.06,0.025,0.95,0.4,0.1,0.75,0.25,4.89,-19.12,True
1.06,0.025,0.95,0.4,0.1,1.0,0.0,4.79,-16.88,True
1.06,0.025,0.95,0.4,0.2,0.0,1.0,6.12,-22.52,True
1.06,0.025,0.95,0.4,0.2,0.25,0.75,6.04,-20.91,True
1.06,0.025,0.95,0.4,0.2,0.5,0.5,5.95,-19.77,True
1.06,0.025,0.95,0.4,0.2,0.75,0.25,5.85,-18.56,True
1.06,0.025,0.95,0.4,0.2,1.0,0.0,5.74,-17.26,True
1.06,0.025,0.95,0.4,0.3,0.0,1.0,6.96,-21.93,True
1.06,0.025,0.95,0.4,0.3,0.25,0.75,6.87,-20.99,True
1.06,0.025,0.95,0.4,0.3,0.5,0.5,6.77,-19.99,True
1.06,0.025,0.95,0.4,0.3,0.75,0.25,6.65,-18.94,True
1.06,0.025,0.95,0.4,0.3,1.0,0.0,6.53,-17.82,True
1.06,0.025,0.97,0.1,0.0,0.0,1.0,0.24,-25.36,True
1.06,0.025,0.97,0.1,0.0,0.25,0.75,0.34,-22.77,True
1.06,0.025,0.97,0.1,0.0,0.5,0.5,0.43,-20.16,True
1.06,0.025,0.97,0.1,0.0,0.75,0.25,0.51,-17.53,True
1.06,0.025,0.97,0.1,0.0,1.0,0.0,0.58,-14.88,True
1.06,0.025,0.97,0.1,0.1,0.0,1.0,2.3,-22.05,True
1.06,0.025,0.97,0.1,0.1,0.25,0.75,2.34,-19.76,True
1.06,0.025,0.97,0.1,0.1,0.5,0.5,2.38,-17.4,True
1.06,0.025,0.97,0.1,0.1,0.75,0.25,2.42,-14.98,True
1.06,0.025,0.97,0.1,0.1,1.0,0.0,2.46,-12.33,True
1.06,0.025,0.97,0.1,0.2,0.0,1.0,3.86,-16.71,True
1.06,0.025,0.97,0.1,0.2,0.25,0.75,3.86,-14.7,True
1.06,0.025,0.97,0.1,0.2,0.5,0.5,3.87,-12.63,True
1.06,0.025,0.97,0.1,0.2,0.75,0.25,3.88,-11.02,True
1.06,0.025,0.97,0.1,0.2,1.0,0.0,3.88,-11.02,True
1.06,0.025,0.97,0.1,0.3,0.0,1.0,5.07,-13.04,True
1.06,0.025,0.97,0.1,0.3,0.25,0.75,5.05,-13.1,True
1.06,0.025,0.97,0.1,0.3,0.5,0.5,5.04,-13.16,True
1.06,0.025,0.97,0.1,0.3,0.75,0.25,5.02,-13.22,True
1.06,0.025,0.97,0.1,0.3,1.0,0.0,5.0,-13.29,True
1.06,0.025,0.97,0.2,0.0,0.0,1.0,2.15,-20.84,True
1.06,0.025,0.97,0.2,0.0,0.25,0.75,2.13,-18.71,True
1.06,0.025,0.97,0.2,0.0,0.5,0.5,2.11,-16.48,True
1.06,0.025,0.97,0.2,0.0,0.75,0.25,2.09,-14.12,True
1.06,0.025,0.97,0.2,0.0,1.0,0.0,2.06,-11.63,True
1.06,0.025,0.97,0.2,0.1,0.0,1.0,4.0,-16.76,True
1.06,0.025,0.97,0.2,0.1,0.25,0.75,3.95,-14.76,True
1.06,0.025,0.97,0.2,0.1,0.5,0.5,3.89,-12.66,True
1.06,0.025,0.97,0.2,0.1,0.75,0.25,3.83,-10.45,True
1.06,0.025,0.97,0.2,0.1,1.0,0.0,3.76,-8.74,True
1.06,0.025,0.97,0.2,0.2,0.0,1.0,5.34,-13.06,True
1.06,0.025,0.97,0.2,0.2,0.25,0.75,5.28,-11.94,True
1.06,0.025,0.97,0.2,0.2,0.5,0.5,5.2,-10.83,True
1.06,0.025,0.97,0.2,0.2,0.75,0.25,5.11,-9.72,True
1.06,0.025,0.97,0.2,0.2,1.0,0.0,5.03,-9.05,True
1.06,0.025,0.97,0.2,0.3,0.0,1.0,6.38,-12.86,True
1.06,0.025,0.97,0.2,0.3,0.25,0.75,6.29,-12.86,True
1.06,0.025,0.97,0.2,0.3,0.5,0.5,6.2,-12.86,True
1.06,0.025,0.97,0.2,0.3,0.75,0.25,6.1,-12.8,True
1.06,0.025,0.97,0.2,0.3,1.0,0.0,5.99,-12.75,True
1.06,0.025,0.97,0.3,0.0,0.0,1.0,3.75,-20.84,True
1.06,0.025,0.97,0.3,0.0,0.25,0.75,3.65,-18.71,True
1.06,0.025,0.97,0.3,0.0,0.5,0.5,3.53,-16.47,True
1.06,0.025,0.97,0.3,0.0,0.75,0.25,3.41,-14.12,True
1.06,0.025,0.97,0.3,0.0,1.0,0.0,3.28,-11.63,True
1.06,0.025,0.97,0.3,0.1,0.0,1.0,5.4,-16.74,True
1.06,0.025,0.97,0.3,0.1,0.25,0.75,5.26,-14.72,True
1.06,0.025,0.97,0.3,0.1,0.5,0.5,5.13,-12.6,True
1.06,0.025,0.97,0.3,0.1,0.75,0.25,4.98,-10.39,True
1.06,0.025,0.97,0.3,0.1,1.0,0.0,4.81,-8.35,True
1.06,0.025,0.97,0.3,0.2,0.0,1.0,6.58,-12.56,True
1.06,0.025,0.97,0.3,0.2,0.25,0.75,6.44,-11.41,True
1.06,0.025,0.97,0.3,0.2,0.5,0.5,6.28,-10.28,True
1.06,0.025,0.97,0.3,0.2,0.75,0.25,6.12,-9.15,True
1.06,0.025,0.97,0.3,0.2,1.0,0.0,5.94,-8.91,True
1.06,0.025,0.97,0.3,0.3,0.0,1.0,7.39,-12.86,True
1.06,0.025,0.97,0.3,0.3,0.25,0.75,7.23,-12.86,True
1.06,0.025,0.97,0.3,0.3,0.5,0.5,7.07,-12.86,True
1.06,0.025,0.97,0.3,0.3,0.75,0.25,6.89,-12.86,True
1.06,0.025,0.97,0.3,0.3,1.0,0.0,6.71,-12.86,True
1.06,0.025,0.97,0.4,0.0,0.0,1.0,5.29,-20.84,True
1.06,0.025,0.97,0.4,0.0,0.25,0.75,5.09,-18.71,True
1.06,0.025,0.97,0.4,0.0,0.5,0.5,4.88,-16.47,True
1.06,0.025,0.97,0.4,0.0,0.75,0.25,4.65,-14.11,True
1.06,0.025,0.97,0.4,0.0,1.0,0.0,4.42,-11.63,True
1.06,0.025,0.97,0.4,0.1,0.0,1.0,6.69,-16.74,True
1.06,0.025,0.97,0.4,0.1,0.25,0.75,6.48,-14.71,True
1.06,0.025,0.97,0.4,0.1,0.5,0.5,6.27,-12.6,True
1.06,0.025,0.97,0.4,0.1,0.75,0.25,6.03,-10.39,True
1.06,0.025,0.97,0.4,0.1,1.0,0.0,5.78,-8.37,True
1.06,0.025,0.97,0.4,0.2,0.0,1.0,7.46,-12.59,True
1.06,0.025,0.97,0.4,0.2,0.25,0.75,7.24,-11.24,True
1.06,0.025,0.97,0.4,0.2,0.5,0.5,7.02,-10.11,True
1.06,0.025,0.97,0.4,0.2,0.75,0.25,6.78,-8.97,True
1.06,0.025,0.97,0.4,0.2,1.0,0.0,6.54,-8.93,True
1.06,0.025,0.97,0.4,0.3,0.0,1.0,8.08,-12.86,True
1.06,0.025,0.97,0.4,0.3,0.25,0.75,7.87,-12.86,True
1.06,0.025,0.97,0.4,0.3,0.5,0.5,7.65,-12.86,True
1.06,0.025,0.97,0.4,0.3,0.75,0.25,7.42,-12.86,True
1.06,0.025,0.97,0.4,0.3,1.0,0.0,7.19,-12.86,True
1.06,0.025,0.99,0.1,0.0,0.0,1.0,1.02,-21.25,True
1.06,0.025,0.99,0.1,0.0,0.25,0.75,1.04,-19.09,True
1.06,0.025,0.99,0.1,0.0,0.5,0.5,1.04,-16.91,True
1.06,0.025,0.99,0.1,0.0,0.75,0.25,1.04,-14.72,True
1.06,0.025,0.99,0.1,0.0,1.0,0.0,1.04,-12.52,True
1.06,0.025,0.99,0.1,0.1,0.0,1.0,2.88,-18.09,True
1.06,0.025,0.99,0.1,0.1,0.25,0.75,2.86,-16.18,True
1.06,0.025,0.99,0.1,0.1,0.5,0.5,2.85,-14.21,True
1.06,0.025,0.99,0.1,0.1,0.75,0.25,2.83,-12.19,True
1.06,0.025,0.99,0.1,0.1,1.0,0.0,2.82,-9.98,True
1.06,0.025,0.99,0.1,0.2,0.0,1.0,4.28,-13.17,True
1.06,0.025,0.99,0.1,0.2,0.25,0.75,4.25,-11.5,True
1.06,0.025,0.99,0.1,0.2,0.5,0.5,4.21,-10.48,True
1.06,0.025,0.99,0.1,0.2,0.75,0.25,4.18,-10.56,True
1.06,0.025,0.99,0.1,0.2,1.0,0.0,4.14,-10.63,True
1.06,0.025,0.99,0.1,0.3,0.0,1.0,5.4,-12.71,True
1.06,0.025,0.99,0.1,0.3,0.25,0.75,5.35,-12.68,True
1.06,0.025,0.99,0.1,0.3,0.5,0.5,5.3,-12.67,True
1.06,0.025,0.99,0.1,0.3,0.75,0.25,5.25,-12.8,True
1.06,0.025,0.99,0.1,0.3,1.0,0.0,5.2,-12.93,True
1.06,0.025,0.99,0.2,0.0,0.0,1.0,3.18,-16.04,True
1.06,0.025,0.99,0.2,0.0,0.25,0.75,3.06,-14.37,True
1.06,0.025,0.99,0.2,0.0,0.5,0.5,2.93,-12.62,True
1.06,0.025,0.99,0.2,0.0,0.75,0.25,2.81,-10.77,True
1.06,0.025,0.99,0.2,0.0,1.0,0.0,2.67,-8.81,True
1.06,0.025,0.99,0.2,0.1,0.0,1.0,4.72,-13.7,True
1.06,0.025,0.99,0.2,0.1,0.25,0.75,4.59,-12.46,True
1.06,0.025,0.99,0.2,0.1,0.5,0.5,4.46,-11.21,True
1.06,0.025,0.99,0.2,0.1,0.75,0.25,4.32,-9.96,True
1.06,0.025,0.99,0.2,0.1,1.0,0.0,4.18,-8.72,True
1.06,0.025,0.99,0.2,0.2,0.0,1.0,5.9,-13.2,True
1.06,0.025,0.99,0.2,0.2,0.25,0.75,5.77,-12.06,True
1.06,0.025,0.99,0.2,0.2,0.5,0.5,5.63,-10.92,True
1.06,0.025,0.99,0.2,0.2,0.75,0.25,5.49,-9.78,True
1.06,0.025,0.99,0.2,0.2,1.0,0.0,5.34,-8.82,True
1.06,0.025,0.99,0.2,0.3,0.0,1.0,6.87,-12.93,True
1.06,0.025,0.99,0.2,0.3,0.25,0.75,6.72,-12.88,True
1.06,0.025,0.99,0.2,0.3,0.5,0.5,6.57,-12.84,True
1.06,0.025,0.99,0.2,0.3,0.75,0.25,6.41,-12.8,True
1.06,0.025,0.99,0.2,0.3,1.0,0.0,6.25,-12.76,True
1.06,0.025,0.99,0.3,0.0,0.0,1.0,4.81,-16.04,True
1.06,0.025,0.99,0.3,0.0,0.25,0.75,4.6,-14.37,True
1.06,0.025,0.99,0.3,0.0,0.5,0.5,4.37,-12.61,True
1.06,0.025,0.99,0.3,0.0,0.75,0.25,4.14,-10.76,True
1.06,0.025,0.99,0.3,0.0,1.0,0.0,3.89,-9.23,True
1.06,0.025,0.99,0.3,0.1,0.0,1.0,6.23,-13.61,True
1.06,0.025,0.99,0.3,0.1,0.25,0.75,6.01,-12.29,True
1.06,0.025,0.99,0.3,0.1,0.5,0.5,5.77,-10.98,True
1.06,0.025,0.99,0.3,0.1,0.75,0.25,5.53,-9.67,True
1.06,0.025,0.99,0.3,0.1,1.0,0.0,5.27,-8.36,True
1.06,0.025,0.99,0.3,0.2,0.0,1.0,7.29,-12.62,True
1.06,0.025,0.99,0.3,0.2,0.25,0.75,7.06,-11.47,True
1.06,0.025,0.99,0.3,0.2,0.5,0.5,6.82,-10.32,True
1.06,0.025,0.99,0.3,0.2,0.75,0.25,6.58,-9.18,True
1.06,0.025,0.99,0.3,0.2,1.0,0.0,6.32,-8.92,True
1.06,0.025,0.99,0.3,0.3,0.0,1.0,8.06,-12.93,True
1.06,0.025,0.99,0.3,0.3,0.25,0.75,7.84,-12.93,True
1.06,0.025,0.99,0.3,0.3,0.5,0.5,7.61,-12.93,True
1.06,0.025,0.99,0.3,0.3,0.75,0.25,7.35,-12.93,True
1.06,0.025,0.99,0.3,0.3,1.0,0.0,7.08,-12.9,True
1.06,0.025,0.99,0.4,0.0,0.0,1.0,6.4,-16.04,True
1.06,0.025,0.99,0.4,0.0,0.25,0.75,6.08,-14.37,True
1.06,0.025,0.99,0.4,0.0,0.5,0.5,5.75,-12.61,True
1.06,0.025,0.99,0.4,0.0,0.75,0.25,5.41,-10.99,True
1.06,0.025,0.99,0.4,0.0,1.0,0.0,5.05,-9.43,True
1.06,0.025,0.99,0.4,0.1,0.0,1.0,7.62,-13.81,True
1.06,0.025,0.99,0.4,0.1,0.25,0.75,7.31,-12.45,True
1.06,0.025,0.99,0.4,0.1,0.5,0.5,6.99,-11.09,True
1.06,0.025,0.99,0.4,0.1,0.75,0.25,6.65,-9.74,True
1.06,0.025,0.99,0.4,0.1,1.0,0.0,6.29,-8.38,True
1.06,0.025,0.99,0.4,0.2,0.0,1.0,8.35,-12.5,True
1.06,0.025,0.99,0.4,0.2,0.25,0.75,8.03,-11.33,True
1.06,0.025,0.99,0.4,0.2,0.5,0.5,7.7,-10.17,True
1.06,0.025,0.99,0.4,0.2,0.75,0.25,7.36,-9.01,True
1.06,0.025,0.99,0.4,0.2,1.0,0.0,7.01,-8.99,True
1.06,0.025,0.99,0.4,0.3,0.0,1.0,8.89,-12.93,True
1.06,0.025,0.99,0.4,0.3,0.25,0.75,8.58,-12.93,True
1.06,0.025,0.99,0.4,0.3,0.5,0.5,8.27,-12.93,True
1.06,0.025,0.99,0.4,0.3,0.75,0.25,7.94,-12.93,True
1.06,0.025,0.99,0.4,0.3,1.0,0.0,7.61,-12.93,True
1.06,0.025,1.0,0.1,0.0,0.0,1.0,0.29,-21.25,True
1.06,0.025,1.0,0.1,0.0,0.25,0.75,0.36,-19.09,True
1.06,0.025,1.0,0.1,0.0,0.5,0.5,0.42,-16.91,True
1.06,0.025,1.0,0.1,0.0,0.75,0.25,0.47,-14.72,True
1.06,0.025,1.0,0.1,0.0,1.0,0.0,0.53,-12.52,True
1.06,0.025,1.0,0.1,0.1,0.0,1.0,2.24,-18.09,True
1.06,0.025,1.0,0.1,0.1,0.25,0.75,2.27,-16.18,True
1.06,0.025,1.0,0.1,0.1,0.5,0.5,2.3,-14.21,True
1.06,0.025,1.0,0.1,0.1,0.75,0.25,2.34,-12.19,True
1.06,0.025,1.0,0.1,0.1,1.0,0.0,2.37,-9.98,True
1.06,0.025,1.0,0.1,0.2,0.0,1.0,3.69,-13.17,True
1.06,0.025,1.0,0.1,0.2,0.25,0.75,3.7,-11.5,True
1.06,0.025,1.0,0.1,0.2,0.5,0.5,3.71,-10.9,True
1.06,0.025,1.0,0.1,0.2,0.75,0.25,3.73,-10.94,True
1.06,0.025,1.0,0.1,0.2,1.0,0.0,3.74,-10.99,True
1.06,0.025,1.0,0.1,0.3,0.0,1.0,4.83,-12.9,True
1.06,0.025,1.0,0.1,0.3,0.25,0.75,4.83,-12.99,True
1.06,0.025,1.0,0.1,0.3,0.5,0.5,4.83,-13.09,True
1.06,0.025,1.0,0.1,0.3,0.75,0.25,4.82,-13.19,True
1.06,0.025,1.0,0.1,0.3,1.0,0.0,4.82,-13.29,True
1.06,0.025,1.0,0.2,0.0,0.0,1.0,1.99,-16.04,True
1.06,0.025,1.0,0.2,0.0,0.25,0.75,1.95,-14.37,True
1.06,0.025,1.0,0.2,0.0,0.5,0.5,1.92,-12.62,True
1.06,0.025,1.0,0.2,0.0,0.75,0.25,1.88,-10.77,True
1.06,0.025,1.0,0.2,0.0,1.0,0.0,1.84,-8.81,True
1.06,0.025,1.0,0.2,0.1,0.0,1.0,3.6,-12.41,True
1.06,0.025,1.0,0.2,0.1,0.25,0.75,3.56,-10.83,True
1.06,0.025,1.0,0.2,0.1,0.5,0.5,3.51,-9.17,True
1.06,0.025,1.0,0.2,0.1,0.75,0.25,3.47,-7.42,True
1.06,0.025,1.0,0.2,0.1,1.0,0.0,3.41,-5.65,True
1.06,0.025,1.0,0.2,0.2,0.0,1.0,4.8,-8.94,True
1.06,0.025,1.0,0.2,0.2,0.25,0.75,4.76,-8.91,True
1.06,0.025,1.0,0.2,0.2,0.5,0.5,4.71,-8.88,True
1.06,0.025,1.0,0.2,0.2,0.75,0.25,4.66,-8.89,True
1.06,0.025,1.0,0.2,0.2,1.0,0.0,4.6,-9.09,True
1.06,0.025,1.0,0.2,0.3,0.0,1.0,5.75,-12.93,True
1.06,0.025,1.0,0.2,0.3,0.25,0.75,5.69,-12.88,True
1.06,0.025,1.0,0.2,0.3,0.5,0.5,5.63,-12.84,True
1.06,0.025,1.0,0.2,0.3,0.75,0.25,5.57,-12.8,True
1.06,0.025,1.0,0.2,0.3,1.0,0.0,5.5,-12.76,True
1.06,0.025,1.0,0.3,0.0,0.0,1.0,3.12,-16.04,True
1.06,0.025,1.0,0.3,0.0,0.25,0.75,3.02,-14.37,True
1.06,0.025,1.0,0.3,0.0,0.5,0.5,2.93,-12.61,True
1.06,0.025,1.0,0.3,0.0,0.75,0.25,2.82,-10.76,True
1.06,0.025,1.0,0.3,0.0,1.0,0.0,2.72,-8.81,True
1.06,0.025,1.0,0.3,0.1,0.0,1.0,4.53,-12.35,True
1.06,0.025,1.0,0.3,0.1,0.25,0.75,4.43,-10.75,True
1.06,0.025,1.0,0.3,0.1,0.5,0.5,4.34,-9.1,True
1.06,0.025,1.0,0.3,0.1,0.75,0.25,4.23,-7.37,True
1.06,0.025,1.0,0.3,0.1,1.0,0.0,4.12,-5.55,True
1.06,0.025,1.0,0.3,0.2,0.0,1.0,5.58,-8.99,True
1.06,0.025,1.0,0.3,0.2,0.25,0.75,5.49,-8.99,True
1.06,0.025,1.0,0.3,0.2,0.5,0.5,5.39,-8.99,True
1.06,0.025,1.0,0.3,0.2,0.75,0.25,5.28,-8.96,True
1.06,0.025,1.0,0.3,0.2,1.0,0.0,5.17,-8.92,True
1.06,0.025,1.0,0.3,0.3,0.0,1.0,6.37,-12.93,True
1.06,0.025,1.0,0.3,0.3,0.25,0.75,6.29,-12.93,True
1.06,0.025,1.0,0.3,0.3,0.5,0.5,6.2,-12.93,True
1.06,0.025,1.0,0.3,0.3,0.75,0.25,6.11,-12.93,True
1.06,0.025,1.0,0.3,0.3,1.0,0.0,6.0,-12.9,True
1.06,0.025,1.0,0.4,0.0,0.0,1.0,4.12,-16.04,True
1.06,0.025,1.0,0.4,0.0,0.25,0.75,3.97,-14.37,True
1.06,0.025,1.0,0.4,0.0,0.5,0.5,3.81,-12.61,True
1.06,0.025,1.0,0.4,0.0,0.75,0.25,3.64,-10.76,True
1.06,0.025,1.0,0.4,0.0,1.0,0.0,3.47,-8.81,True
1.06,0.025,1.0,0.4,0.1,0.0,1.0,5.34,-12.35,True
1.06,0.025,1.0,0.4,0.1,0.25,0.75,5.2,-10.75,True
1.06,0.025,1.0,0.4,0.1,0.5,0.5,5.06,-9.08,True
1.06,0.025,1.0,0.4,0.1,0.75,0.25,4.9,-7.34,True
1.06,0.025,1.0,0.4,0.1,1.0,0.0,4.74,-5.86,True
1.06,0.025,1.0,0.4,0.2,0.0,1.0,6.16,-8.99,True
1.06,0.025,1.0,0.4,0.2,0.25,0.75,6.03,-8.99,True
1.06,0.025,1.0,0.4,0.2,0.5,0.5,5.9,-8.99,True
1.06,0.025,1.0,0.4,0.2,0.75,0.25,5.76,-8.99,True
1.06,0.025,1.0,0.4,0.2,1.0,0.0,5.61,-8.99,True
1.06,0.025,1.0,0.4,0.3,0.0,1.0,6.85,-12.93,True
1.06,0.025,1.0,0.4,0.3,0.25,0.75,6.73,-12.93,True
1.06,0.025,1.0,0.4,0.3,0.5,0.5,6.61,-12.93,True
1.06,0.025,1.0,0.4,0.3,0.75,0.25,6.47,-12.93,True
1.06,0.025,1.0,0.4,0.3,1.0,0.0,6.33,-12.93,True
1.06,0.025,1.01,0.1,0.0,0.0,1.0,0.96,-15.27,True
1.06,0.025,1.01,0.1,0.0,0.25,0.75,0.97,-13.57,True
1.06,0.025,1.01,0.1,0.0,0.5,0.5,0.97,-11.88,True
1.06,0.025,1.01,0.1,0.0,0.75,0.25,0.96,-10.18,True
1.06,0.025,1.01,0.1,0.0,1.0,0.0,0.96,-8.47,True
1.06,0.025,1.01,0.1,0.1,0.0,1.0,2.71,-12.33,True
1.06,0.025,1.01,0.1,0.1,0.25,0.75,2.71,-10.82,True
1.06,0.025,1.01,0.1,0.1,0.5,0.5,2.7,-9.28,True
1.06,0.025,1.01,0.1,0.1,0.75,0.25,2.69,-7.69,True
1.06,0.025,1.01,0.1,0.1,1.0,0.0,2.68,-6.69,True
1.06,0.025,1.01,0.1,0.2,0.0,1.0,4.04,-10.05,True
1.06,0.025,1.01,0.1,0.2,0.25,0.75,4.02,-10.16,True
1.06,0.025,1.01,0.1,0.2,0.5,0.5,4.01,-10.26,True
1.06,0.025,1.01,0.1,0.2,0.75,0.25,3.99,-10.37,True
1.06,0.025,1.01,0.1,0.2,1.0,0.0,3.98,-10.48,True
1.06,0.025,1.01,0.1,0.3,0.0,1.0,5.11,-12.65,True
1.06,0.025,1.01,0.1,0.3,0.25,0.75,5.08,-12.64,True
1.06,0.025,1.01,0.1,0.3,0.5,0.5,5.06,-12.62,True
1.06,0.025,1.01,0.1,0.3,0.75,0.25,5.03,-12.66,True
1.06,0.025,1.01,0.1,0.3,1.0,0.0,5.0,-12.82,True
1.06,0.025,1.01,0.2,0.0,0.0,1.0,2.9,-9.05,True
1.06,0.025,1.01,0.2,0.0,0.25,0.75,2.79,-7.88,True
1.06,0.025,1.01,0.2,0.0,0.5,0.5,2.68,-6.65,True
1.06,0.025,1.01,0.2,0.0,0.75,0.25,2.56,-5.35,True
1.06,0.025,1.01,0.2,0.0,1.0,0.0,2.44,-4.13,True
1.06,0.025,1.01,0.2,0.1,0.0,1.0,4.26,-6.52,True
1.06,0.025,1.01,0.2,0.1,0.25,0.75,4.16,-5.72,True
1.06,0.025,1.01,0.2,0.1,0.5,0.5,4.06,-4.88,True
1.06,0.025,1.01,0.2,0.1,0.75,0.25,3.95,-5.02,True
1.06,0.025,1.01,0.2,0.1,1.0,0.0,3.85,-5.2,True
1.06,0.025,1.01,0.2,0.2,0.0,1.0,5.32,-8.86,True
1.06,0.025,1.01,0.2,0.2,0.25,0.75,5.23,-8.84,True
1.06,0.025,1.01,0.2,0.2,0.5,0.5,5.14,-8.81,True
1.06,0.025,1.01,0.2,0.2,0.75,0.25,5.04,-8.79,True
1.06,0.025,1.01,0.2,0.2,1.0,0.0,4.94,-8.77,True
1.06,0.025,1.01,0.2,0.3,0.0,1.0,6.17,-12.79,True
1.06,0.025,1.01,0.2,0.3,0.25,0.75,6.08,-12.78,True
1.06,0.025,1.01,0.2,0.3,0.5,0.5,5.99,-12.75,True
1.06,0.025,1.01,0.2,0.3,0.75,0.25,5.88,-12.72,True
1.06,0.025,1.01,0.2,0.3,1.0,0.0,5.78,-12.68,True
1.06,0.025,1.01,0.3,0.0,0.0,1.0,4.17,-9.97,True
1.06,0.025,1.01,0.3,0.0,0.25,0.75,3.99,-9.04,True
1.06,0.025,1.01,0.3,0.0,0.5,0.5,3.8,-8.04,True
1.06,0.025,1.01,0.3,0.0,0.75,0.25,3.61,-6.98,True
1.06,0.025,1.01,0.3,0.0,1.0,0.0,3.41,-5.83,True
1.06,0.025,1.01,0.3,0.1,0.0,1.0,5.33,-8.17,True
1.06,0.025,1.01,0.3,0.1,0.25,0.75,5.16,-7.29,True
1.06,0.025,1.01,0.3,0.1,0.5,0.5,5.0,-6.35,True
1.06,0.025,1.01,0.3,0.1,0.75,0.25,4.82,-5.35,True
1.06,0.025,1.01,0.3,0.1,1.0,0.0,4.64,-4.59,True
1.06,0.025,1.01,0.3,0.2,0.0,1.0,6.22,-8.87,True
1.06,0.025,1.01,0.3,0.2,0.25,0.75,6.07,-8.87,True
1.06,0.025,1.01,0.3,0.2,0.5,0.5,5.91,-8.87,True
1.06,0.025,1.01,0.3,0.2,0.75,0.25,5.75,-8.87,True
1.06,0.025,1.01,0.3,0.2,1.0,0.0,5.58,-8.84,True
1.06,0.025,1.01,0.3,0.3,0.0,1.0,6.95,-12.79,True
1.06,0.025,1.01,0.3,0.3,0.25,0.75,6.81,-12.79,True
1.06,0.025,1.01,0.3,0.3,0.5,0.5,6.66,-12.79,True
1.06,0.025,1.01,0.3,0.3,0.75,0.25,6.51,-12.79,True
1.06,0.025,1.01,0.3,0.3,1.0,0.0,6.35,-12.78,True
1.06,0.025,1.01,0.4,0.0,0.0,1.0,5.25,-10.26,True
1.06,0.025,1.01,0.4,0.0,0.25,0.75,5.01,-9.33,True
1.06,0.025,1.01,0.4,0.0,0.5,0.5,4.75,-8.33,True
1.06,0.025,1.01,0.4,0.0,0.75,0.25,4.48,-7.23,True
1.06,0.025,1.01,0.4,0.0,1.0,0.0,4.21,-6.04,True
1.06,0.025,1.01,0.4,0.1,0.0,1.0,6.25,-8.64,True
1.06,0.025,1.01,0.4,0.1,0.25,0.75,6.03,-7.74,True
1.06,0.025,1.01,0.4,0.1,0.5,0.5,5.8,-6.77,True
1.06,0.025,1.01,0.4,0.1,0.75,0.25,5.56,-5.72,True
1.06,0.025,1.01,0.4,0.1,1.0,0.0,5.31,-4.62,True
1.06,0.025,1.01,0.4,0.2,0.0,1.0,6.94,-8.87,True
1.06,0.025,1.01,0.4,0.2,0.25,0.75,6.73,-8.87,True
1.06,0.025,1.01,0.4,0.2,0.5,0.5,6.53,-8.87,True
1.06,0.025,1.01,0.4,0.2,0.75,0.25,6.31,-8.87,True
1.06,0.025,1.01,0.4,0.2,1.0,0.0,6.08,-8.87,True
1.06,0.025,1.01,0.4,0.3,0.0,1.0,7.51,-12.79,True
1.06,0.025,1.01,0.4,0.3,0.25,0.75,7.32,-12.79,True
1.06,0.025,1.01,0.4,0.3,0.5,0.5,7.13,-12.79,True
1.06,0.025,1.01,0.4,0.3,0.75,0.25,6.93,-12.79,True
1.06,0.025,1.01,0.4,0.3,1.0,0.0,6.73,-12.79,True
1.06,0.025,1.02,0.1,0.0,0.0,1.0,0.76,-15.27,True
1.06,0.025,1.02,0.1,0.0,0.25,0.75,0.77,-13.57,True
1.06,0.025,1.02,0.1,0.0,0.5,0.5,0.77,-11.88,True
1.06,0.025,1.02,0.1,0.0,0.75,0.25,0.78,-10.18,True
1.06,0.025,1.02,0.1,0.0,1.0,0.0,0.78,-8.47,True
1.06,0.025,1.02,0.1,0.1,0.0,1.0,2.56,-12.33,True
1.06,0.025,1.02,0.1,0.1,0.25,0.75,2.56,-10.82,True
1.06,0.025,1.02,0.1,0.1,0.5,0.5,2.55,-9.28,True
1.06,0.025,1.02,0.1,0.1,0.75,0.25,2.55,-7.69,True
1.06,0.025,1.02,0.1,0.1,1.0,0.0,2.55,-6.92,True
1.06,0.025,1.02,0.1,0.2,0.0,1.0,3.9,-10.47,True
1.06,0.025,1.02,0.1,0.2,0.25,0.75,3.89,-10.56,True
1.06,0.025,1.02,0.1,0.2,0.5,0.5,3.88,-10.64,True
1.06,0.025,1.02,0.1,0.2,0.75,0.25,3.87,-10.73,True
1.06,0.025,1.02,0.1,0.2,1.0,0.0,3.86,-10.82,True
1.06,0.025,1.02,0.1,0.3,0.0,1.0,4.99,-12.66,True
1.06,0.025,1.02,0.1,0.3,0.25,0.75,4.97,-12.78,True
1.06,0.025,1.02,0.1,0.3,0.5,0.5,4.94,-12.92,True
1.06,0.025,1.02,0.1,0.3,0.75,0.25,4.92,-13.05,True
1.06,0.025,1.02,0.1,0.3,1.0,0.0,4.89,-13.19,True
1.06,0.025,1.02,0.2,0.0,0.0,1.0,2.38,-9.05,True
1.06,0.025,1.02,0.2,0.0,0.25,0.75,2.29,-8.08,True
1.06,0.025,1.02,0.2,0.0,0.5,0.5,2.2,-7.23,True
1.06,0.025,1.02,0.2,0.0,0.75,0.25,2.12,-6.37,True
1.06,0.025,1.02,0.2,0.0,1.0,0.0,2.02,-5.52,True
1.06,0.025,1.02,0.2,0.1,0.0,1.0,3.84,-9.69,True
1.06,0.025,1.02,0.2,0.1,0.25,0.75,3.76,-8.84,True
1.06,0.025,1.02,0.2,0.1,0.5,0.5,3.68,-7.98,True
1.06,0.025,1.02,0.2,0.1,0.75,0.25,3.6,-7.13,True
1.06,0.025,1.02,0.2,0.1,1.0,0.0,3.51,-6.28,True
1.06,0.025,1.02,0.2,0.2,0.0,1.0,4.95,-9.7,True
1.06,0.025,1.02,0.2,0.2,0.25,0.75,4.88,-8.89,True
1.06,0.025,1.02,0.2,0.2,0.5,0.5,4.81,-8.81,True
1.06,0.025,1.02,0.2,0.2,0.75,0.25,4.73,-8.94,True
1.06,0.025,1.02,0.2,0.2,1.0,0.0,4.65,-9.18,True
1.06,0.025,1.02,0.2,0.3,0.0,1.0,5.84,-12.79,True
1.06,0.025,1.02,0.2,0.3,0.25,0.75,5.77,-12.78,True
1.06,0.025,1.02,0.2,0.3,0.5,0.5,5.69,-12.75,True
1.06,0.025,1.02,0.2,0.3,0.75,0.25,5.61,-12.72,True
1.06,0.025,1.02,0.2,0.3,1.0,0.0,5.52,-12.68,True
1.06,0.025,1.02,0.3,0.0,0.0,1.0,3.35,-11.04,True
1.06,0.025,1.02,0.3,0.0,0.25,0.75,3.22,-10.06,True
1.06,0.025,1.02,0.3,0.0,0.5,0.5,3.08,-9.0,True
1.06,0.025,1.02,0.3,0.0,0.75,0.25,2.93,-7.87,True
1.06,0.025,1.02,0.3,0.0,1.0,0.0,2.78,-6.65,True
1.06,0.025,1.02,0.3,0.1,0.0,1.0,4.66,-9.36,True
1.06,0.025,1.02,0.3,0.1,0.25,0.75,4.54,-8.45,True
1.06,0.025,1.02,0.3,0.1,0.5,0.5,4.41,-7.55,True
1.06,0.025,1.02,0.3,0.1,0.75,0.25,4.28,-6.65,True
1.06,0.025,1.02,0.3,0.1,1.0,0.0,4.13,-5.75,True
1.06,0.025,1.02,0.3,0.2,0.0,1.0,5.66,-9.01,True
1.06,0.025,1.02,0.3,0.2,0.25,0.75,5.54,-8.87,True
1.06,0.025,1.02,0.3,0.2,0.5,0.5,5.42,-8.87,True
1.06,0.025,1.02,0.3,0.2,0.75,0.25,5.3,-8.87,True
1.06,0.025,1.02,0.3,0.2,1.0,0.0,5.16,-8.84,True
1.06,0.025,1.02,0.3,0.3,0.0,1.0,6.44,-12.79,True
1.06,0.025,1.02,0.3,0.3,0.25,0.75,6.33,-12.79,True
1.06,0.025,1.02,0.3,0.3,0.5,0.5,6.21,-12.79,True
1.06,0.025,1.02,0.3,0.3,0.75,0.25,6.09,-12.79,True
1.06,0.025,1.02,0.3,0.3,1.0,0.0,5.96,-12.78,True
1.06,0.025,1.02,0.4,0.0,0.0,1.0,4.22,-11.33,True
1.06,0.025,1.02,0.4,0.0,0.25,0.75,4.03,-10.35,True
1.06,0.025,1.02,0.4,0.0,0.5,0.5,3.84,-9.28,True
1.06,0.025,1.02,0.4,0.0,0.75,0.25,3.64,-8.12,True
1.06,0.025,1.02,0.4,0.0,1.0,0.0,3.43,-6.85,True
1.06,0.025,1.02,0.4,0.1,0.0,1.0,5.38,-9.58,True
1.06,0.025,1.02,0.4,0.1,0.25,0.75,5.22,-8.62,True
1.06,0.025,1.02,0.4,0.1,0.5,0.5,5.05,-7.67,True
1.06,0.025,1.02,0.4,0.1,0.75,0.25,4.86,-6.73,True
1.06,0.025,1.02,0.4,0.1,1.0,0.0,4.67,-5.79,True
1.06,0.025,1.02,0.4,0.2,0.0,1.0,6.15,-8.96,True
1.06,0.025,1.02,0.4,0.2,0.25,0.75,6.01,-8.87,True
1.06,0.025,1.02,0.4,0.2,0.5,0.5,5.85,-8.87,True
1.06,0.025,1.02,0.4,0.2,0.75,0.25,5.69,-8.87,True
1.06,0.025,1.02,0.4,0.2,1.0,0.0,5.52,-8.87,True
1.06,0.025,1.02,0.4,0.3,0.0,1.0,6.81,-12.79,True
1.06,0.025,1.02,0.4,0.3,0.25,0.75,6.67,-12.79,True
1.06,0.025,1.02,0.4,0.3,0.5,0.5,6.53,-12.79,True
1.06,0.025,1.02,0.4,0.3,0.75,0.25,6.38,-12.79,True
1.06,0.025,1.02,0.4,0.3,1.0,0.0,6.22,-12.79,True
1.06,0.03,0.95,0.1,0.0,0.0,1.0,-0.15,-13.92,True
1.06,0.03,0.95,0.1,0.0,0.25,0.75,-0.09,-12.68,True
1.06,0.03,0.95,0.1,0.0,0.5,0.5,-0.03,-11.43,True
1.06,0.03,0.95,0.1,0.0,0.75,0.25,0.03,-10.17,True
1.06,0.03,0.95,0.1,0.0,1.0,0.0,0.08,-8.9,True
1.06,0.03,0.95,0.1,0.1,0.0,1.0,1.47,-19.02,True
1.06,0.03,0.95,0.1,0.1,0.25,0.75,1.53,-17.91,True
1.06,0.03,0.95,0.1,0.1,0.5,0.5,1.59,-16.8,True
1.06,0.03,0.95,0.1,0.1,0.75,0.25,1.65,-15.69,True
1.06,0.03,0.95,0.1,0.1,1.0,0.0,1.71,-14.57,True
1.06,0.03,0.95,0.1,0.2,0.0,1.0,2.67,-21.88,True
1.06,0.03,0.95,0.1,0.2,0.25,0.75,2.74,-20.93,True
1.06,0.03,0.95,0.1,0.2,0.5,0.5,2.8,-19.96,True
1.06,0.03,0.95,0.1,0.2,0.75,0.25,2.86,-18.99,True
1.06,0.03,0.95,0.1,0.2,1.0,0.0,2.92,-18.0,True
1.06,0.03,0.95,0.1,0.3,0.0,1.0,3.69,-21.8,True
1.06,0.03,0.95,0.1,0.3,0.25,0.75,3.75,-21.05,True
1.06,0.03,0.95,0.1,0.3,0.5,0.5,3.81,-20.3,True
1.06,0.03,0.95,0.1,0.3,0.75,0.25,3.86,-19.54,True
1.06,0.03,0.95,0.1,0.3,1.0,0.0,3.92,-18.78,True
1.06,0.03,0.95,0.2,0.0,0.0,1.0,-0.43,-22.73,True
1.06,0.03,0.95,0.2,0.0,0.25,0.75,-0.29,-20.62,True
1.06,0.03,0.95,0.2,0.0,0.5,0.5,-0.15,-18.78,True
1.06,0.03,0.95,0.2,0.0,0.75,0.25,-0.03,-16.99,True
1.06,0.03,0.95,0.2,0.0,1.0,0.0,0.09,-15.13,True
1.06,0.03,0.95,0.2,0.1,0.0,1.0,1.32,-22.02,True
1.06,0.03,0.95,0.2,0.1,0.25,0.75,1.44,-20.75,True
1.06,0.03,0.95,0.2,0.1,0.5,0.5,1.55,-19.44,True
1.06,0.03,0.95,0.2,0.1,0.75,0.25,1.66,-18.09,True
1.06,0.03,0.95,0.2,0.1,1.0,0.0,1.76,-16.7,True
1.06,0.03,0.95,0.2,0.2,0.0,1.0,2.71,-21.93,True
1.06,0.03,0.95,0.2,0.2,0.25,0.75,2.81,-20.91,True
1.06,0.03,0.95,0.2,0.2,0.5,0.5,2.9,-19.86,True
1.06,0.03,0.95,0.2,0.2,0.75,0.25,2.98,-18.79,True
1.06,0.03,0.95,0.2,0.2,1.0,0.0,3.06,-17.69,True
1.06,0.03,0.95,0.2,0.3,0.0,1.0,3.78,-21.86,True
1.06,0.03,0.95,0.2,0.3,0.25,0.75,3.86,-21.01,True
1.06,0.03,0.95,0.2,0.3,0.5,0.5,3.94,-20.15,True
1.06,0.03,0.95,0.2,0.3,0.75,0.25,4.01,-19.27,True
1.06,0.03,0.95,0.2,0.3,1.0,0.0,4.08,-18.36,True
1.06,0.03,0.95,0.3,0.0,0.0,1.0,-0.2,-33.81,True
1.06,0.03,0.95,0.3,0.0,0.25,0.75,-0.06,-30.96,True
1.06,0.03,0.95,0.3,0.0,0.5,0.5,0.08,-27.88,True
1.06,0.03,0.95,0.3,0.0,0.75,0.25,0.22,-24.71,True
1.06,0.03,0.95,0.3,0.0,1.0,0.0,0.35,-21.54,True
1.06,0.03,0.95,0.3,0.1,0.0,1.0,1.76,-28.92,True
1.06,0.03,0.95,0.3,0.1,0.25,0.75,1.85,-26.26,True
1.06,0.03,0.95,0.3,0.1,0.5,0.5,1.95,-23.55,True
1.06,0.03,0.95,0.3,0.1,0.75,0.25,2.03,-20.8,True
1.06,0.03,0.95,0.3,0.1,1.0,0.0,2.11,-18.0,True
1.06,0.03,0.95,0.3,0.2,0.0,1.0,3.2,-23.92,True
1.06,0.03,0.95,0.3,0.2,0.25,0.75,3.27,-21.46,True
1.06,0.03,0.95,0.3,0.2,0.5,0.5,3.33,-19.77,True
1.06,0.03,0.95,0.3,0.2,0.75,0.25,3.39,-18.61,True
1.06,0.03,0.95,0.3,0.2,1.0,0.0,3.44,-17.39,True
1.06,0.03,0.95,0.3,0.3,0.0,1.0,4.4,-21.91,True
1.06,0.03,0.95,0.3,0.3,0.25,0.75,4.44,-20.99,True
1.06,0.03,0.95,0.3,0.3,0.5,0.5,4.48,-20.03,True
1.06,0.03,0.95,0.3,0.3,0.75,0.25,4.51,-19.04,True
1.06,0.03,0.95,0.3,0.3,1.0,0.0,4.54,-18.02,True
1.06,0.03,0.95,0.4,0.0,0.0,1.0,0.76,-34.12,True
1.06,0.03,0.95,0.4,0.0,0.25,0.75,0.85,-31.27,True
1.06,0.03,0.95,0.4,0.0,0.5,0.5,0.92,-28.36,True
1.06,0.03,0.95,0.4,0.0,0.75,0.25,0.99,-25.38,True
1.06,0.03,0.95,0.4,0.0,1.0,0.0,1.04,-22.34,True
1.06,0.03,0.95,0.4,0.1,0.0,1.0,2.54,-28.93,True
1.06,0.03,0.95,0.4,0.1,0.25,0.75,2.59,-26.37,True
1.06,0.03,0.95,0.4,0.1,0.5,0.5,2.63,-23.75,True
1.06,0.03,0.95,0.4,0.1,0.75,0.25,2.67,-21.07,True
1.06,0.03,0.95,0.4,0.1,1.0,0.0,2.69,-18.29,True
1.06,0.03,0.95,0.4,0.2,0.0,1.0,4.0,-23.08,True
1.06,0.03,0.95,0.4,0.2,0.25,0.75,4.02,-20.88,True
1.06,0.03,0.95,0.4,0.2,0.5,0.5,4.03,-19.71,True
1.06,0.03,0.95,0.4,0.2,0.75,0.25,4.04,-18.47,True
1.06,0.03,0.95,0.4,0.2,1.0,0.0,4.03,-17.15,True
1.06,0.03,0.95,0.4,0.3,0.0,1.0,5.21,-21.95,True
1.06,0.03,0.95,0.4,0.3,0.25,0.75,5.2,-20.97,True
1.06,0.03,0.95,0.4,0.3,0.5,0.5,5.19,-19.94,True
1.06,0.03,0.95,0.4,0.3,0.75,0.25,5.17,-18.86,True
1.06,0.03,0.95,0.4,0.3,1.0,0.0,5.14,-17.73,True
1.06,0.03,0.97,0.1,0.0,0.0,1.0,0.34,-10.05,True
1.06,0.03,0.97,0.1,0.0,0.25,0.75,0.36,-9.08,True
1.06,0.03,0.97,0.1,0.0,0.5,0.5,0.36,-8.11,True
1.06,0.03,0.97,0.1,0.0,0.75,0.25,0.37,-7.14,True
1.06,0.03,0.97,0.1,0.0,1.0,0.0,0.38,-6.17,True
1.06,0.03,0.97,0.1,0.1,0.0,1.0,1.87,-7.91,True
1.06,0.03,0.97,0.1,0.1,0.25,0.75,1.89,-6.91,True
1.06,0.03,0.97,0.1,0.1,0.5,0.5,1.91,-6.06,True
1.06,0.03,0.97,0.1,0.1,0.75,0.25,1.93,-6.13,True
1.06,0.03,0.97,0.1,0.1,1.0,0.0,1.95,-6.19,True
1.06,0.03,0.97,0.1,0.2,0.0,1.0,3.03,-9.68,True
1.06,0.03,0.97,0.1,0.2,0.25,0.75,3.06,-9.77,True
1.06,0.03,0.97,0.1,0.2,0.5,0.5,3.08,-9.86,True
1.06,0.03,0.97,0.1,0.2,0.75,0.25,3.11,-9.95,True
1.06,0.03,0.97,0.1,0.2,1.0,0.0,3.13,-10.05,True
1.06,0.03,0.97,0.1,0.3,0.0,1.0,3.98,-12.2,True
1.06,0.03,0.97,0.1,0.3,0.25,0.75,4.01,-12.31,True
1.06,0.03,0.97,0.1,0.3,0.5,0.5,4.04,-12.43,True
1.06,0.03,0.97,0.1,0.3,0.75,0.25,4.06,-12.54,True
1.06,0.03,0.97,0.1,0.3,1.0,0.0,4.09,-12.66,True
1.06,0.03,0.97,0.2,0.0,0.0,1.0,0.5,-20.23,True
1.06,0.03,0.97,0.2,0.0,0.25,0.75,0.55,-18.27,True
1.06,0.03,0.97,0.2,0.0,0.5,0.5,0.6,-16.32,True
1.06,0.03,0.97,0.2,0.0,0.75,0.25,0.64,-14.36,True
1.06,0.03,0.97,0.2,0.0,1.0,0.0,0.67,-12.41,True
1.06,0.03,0.97,0.2,0.1,0.0,1.0,2.01,-18.39,True
1.06,0.03,0.97,0.2,0.1,0.25,0.75,2.06,-16.38,True
1.06,0.03,0.97,0.2,0.1,0.5,0.5,2.11,-14.37,True
1.06,0.03,0.97,0.2,0.1,0.75,0.25,2.15,-12.36,True
1.06,0.03,0.97,0.2,0.1,1.0,0.0,2.18,-10.35,True
1.06,0.03,0.97,0.2,0.2,0.0,1.0,3.26,-16.57,True
1.06,0.03,0.97,0.2,0.2,0.25,0.75,3.31,-14.5,True
1.06,0.03,0.97,0.2,0.2,0.5,0.5,3.34,-12.44,True
1.06,0.03,0.97,0.2,0.2,0.75,0.25,3.37,-10.37,True
1.06,0.03,0.97,0.2,0.2,1.0,0.0,3.4,-8.88,True
1.06,0.03,0.97,0.2,0.3,0.0,1.0,4.25,-14.76,True
1.06,0.03,0.97,0.2,0.3,0.25,0.75,4.29,-12.64,True
1.06,0.03,0.97,0.2,0.3,0.5,0.5,4.32,-10.62,True
1.06,0.03,0.97,0.2,0.3,0.75,0.25,4.35,-10.89,True
1.06,0.03,0.97,0.2,0.3,1.0,0.0,4.37,-11.16,True
1.06,0.03,0.97,0.3,0.0,0.0,1.0,0.98,-30.13,True
1.06,0.03,0.97,0.3,0.0,0.25,0.75,1.01,-27.46,True
1.06,0.03,0.97,0.3,0.0,0.5,0.5,1.05,-24.6,True
1.06,0.03,0.97,0.3,0.0,0.75,0.25,1.07,-21.65,True
1.06,0.03,0.97,0.3,0.0,1.0,0.0,1.08,-18.71,True
1.06,0.03,0.97,0.3,0.1,0.0,1.0,2.65,-25.5,True
1.06,0.03,0.97,0.3,0.1,0.25,0.75,2.66,-23.02,True
1.06,0.03,0.97,0.3,0.1,0.5,0.5,2.67,-20.49,True
1.06,0.03,0.97,0.3,0.1,0.75,0.25,2.67,-17.93,True
1.06,0.03,0.97,0.3,0.1,1.0,0.0,2.66,-15.32,True
1.06,0.03,0.97,0.3,0.2,0.0,1.0,3.93,-20.78,True
1.06,0.03,0.97,0.3,0.2,0.25,0.75,3.93,-18.49,True
1.06,0.03,0.97,0.3,0.2,0.5,0.5,3.92,-16.16,True
1.06,0.03,0.97,0.3,0.2,0.75,0.25,3.9,-13.79,True
1.06,0.03,0.97,0.3,0.2,1.0,0.0,3.88,-11.39,True
1.06,0.03,0.97,0.3,0.3,0.0,1.0,5.0,-15.98,True
1.06,0.03,0.97,0.3,0.3,0.25,0.75,4.99,-13.89,True
1.06,0.03,0.97,0.3,0.3,0.5,0.5,4.96,-11.76,True
1.06,0.03,0.97,0.3,0.3,0.75,0.25,4.94,-9.6,True
1.06,0.03,0.97,0.3,0.3,1.0,0.0,4.9,-9.89,True
1.06,0.03,0.97,0.4,0.0,0.0,1.0,2.08,-30.46,True
1.06,0.03,0.97,0.4,0.0,0.25,0.75,2.05,-27.79,True
1.06,0.03,0.97,0.4,0.0,0.5,0.5,2.0,-25.06,True
1.06,0.03,0.97,0.4,0.0,0.75,0.25,1.94,-22.28,True
1.06,0.03,0.97,0.4,0.0,1.0,0.0,1.87,-19.44,True
1.06,0.03,0.97,0.4,0.1,0.0,1.0,3.57,-25.5,True
1.06,0.03,0.97,0.4,0.1,0.25,0.75,3.52,-23.12,True
1.06,0.03,0.97,0.4,0.1,0.5,0.5,3.46,-20.69,True
1.06,0.03,0.97,0.4,0.1,0.75,0.25,3.39,-18.19,True
1.06,0.03,0.97,0.4,0.1,1.0,0.0,3.32,-15.62,True
1.06,0.03,0.97,0.4,0.2,0.0,1.0,4.85,-19.87,True
1.06,0.03,0.97,0.4,0.2,0.25,0.75,4.79,-17.7,True
1.06,0.03,0.97,0.4,0.2,0.5,0.5,4.72,-15.48,True
1.06,0.03,0.97,0.4,0.2,0.75,0.25,4.63,-13.21,True
1.06,0.03,0.97,0.4,0.2,1.0,0.0,4.54,-10.88,True
1.06,0.03,0.97,0.4,0.3,0.0,1.0,5.94,-14.12,True
1.06,0.03,0.97,0.4,0.3,0.25,0.75,5.86,-12.17,True
1.06,0.03,0.97,0.4,0.3,0.5,0.5,5.77,-10.17,True
1.06,0.03,0.97,0.4,0.3,0.75,0.25,5.68,-8.37,True
1.06,0.03,0.97,0.4,0.3,1.0,0.0,5.57,-8.82,True
1.06,0.03,0.99,0.1,0.0,0.0,1.0,0.79,-8.61,True
1.06,0.03,0.99,0.1,0.0,0.25,0.75,0.76,-7.78,True
1.06,0.03,0.99,0.1,0.0,0.5,0.5,0.73,-6.97,True
1.06,0.03,0.99,0.1,0.0,0.75,0.25,0.69,-6.15,True
1.06,0.03,0.99,0.1,0.0,1.0,0.0,0.65,-5.33,True
1.06,0.03,0.99,0.1,0.1,0.0,1.0,2.27,-6.44,True
1.06,0.03,0.99,0.1,0.1,0.25,0.75,2.25,-5.7,True
1.06,0.03,0.99,0.1,0.1,0.5,0.5,2.23,-5.78,True
1.06,0.03,0.99,0.1,0.1,0.75,0.25,2.21,-5.88,True
1.06,0.03,0.99,0.1,0.1,1.0,0.0,2.19,-5.97,True
1.06,0.03,0.99,0.1,0.2,0.0,1.0,3.4,-9.19,True
1.06,0.03,0.99,0.1,0.2,0.25,0.75,3.39,-9.32,True
1.06,0.03,0.99,0.1,0.2,0.5,0.5,3.38,-9.45,True
1.06,0.03,0.99,0.1,0.2,0.75,0.25,3.37,-9.58,True
1.06,0.03,0.99,0.1,0.2,1.0,0.0,3.36,-9.72,True
1.06,0.03,0.99,0.1,0.3,0.0,1.0,4.31,-11.71,True
1.06,0.03,0.99,0.1,0.3,0.25,0.75,4.3,-11.86,True
1.06,0.03,0.99,0.1,0.3,0.5,0.5,4.3,-12.01,True
1.06,0.03,0.99,0.1,0.3,0.75,0.25,4.29,-12.17,True
1.06,0.03,0.99,0.1,0.3,1.0,0.0,4.29,-12.34,True
1.06,0.03,0.99,0.2,0.0,0.0,1.0,1.36,-17.35,True
1.06,0.03,0.99,0.2,0.0,0.25,0.75,1.33,-15.69,True
1.06,0.03,0.99,0.2,0.0,0.5,0.5,1.3,-14.04,True
1.06,0.03,0.99,0.2,0.0,0.75,0.25,1.25,-12.38,True
1.06,0.03,0.99,0.2,0.0,1.0,0.0,1.21,-10.73,True
1.06,0.03,0.99,0.2,0.1,0.0,1.0,2.72,-15.44,True
1.06,0.03,0.99,0.2,0.1,0.25,0.75,2.7,-13.73,True
1.06,0.03,0.99,0.2,0.1,0.5,0.5,2.68,-12.03,True
1.06,0.03,0.99,0.2,0.1,0.75,0.25,2.65,-10.33,True
1.06,0.03,0.99,0.2,0.1,1.0,0.0,2.61,-8.63,True
1.06,0.03,0.99,0.2,0.2,0.0,1.0,3.86,-13.53,True
1.06,0.03,0.99,0.2,0.2,0.25,0.75,3.83,-11.78,True
1.06,0.03,0.99,0.2,0.2,0.5,0.5,3.81,-10.04,True
1.06,0.03,0.99,0.2,0.2,0.75,0.25,3.78,-8.29,True
1.06,0.03,0.99,0.2,0.2,1.0,0.0,3.74,-8.55,True
1.06,0.03,0.99,0.2,0.3,0.0,1.0,4.78,-11.64,True
1.06,0.03,0.99,0.2,0.3,0.25,0.75,4.75,-9.89,True
1.06,0.03,0.99,0.2,0.3,0.5,0.5,4.73,-10.18,True
1.06,0.03,0.99,0.2,0.3,0.75,0.25,4.7,-10.49,True
1.06,0.03,0.99,0.2,0.3,1.0,0.0,4.66,-10.81,True
1.06,0.03,0.99,0.3,0.0,0.0,1.0,2.05,-25.89,True
1.06,0.03,0.99,0.3,0.0,0.25,0.75,1.98,-23.63,True
1.06,0.03,0.99,0.3,0.0,0.5,0.5,1.91,-21.19,True
1.06,0.03,0.99,0.3,0.0,0.75,0.25,1.83,-18.69,True
1.06,0.03,0.99,0.3,0.0,1.0,0.0,1.74,-16.2,True
1.06,0.03,0.99,0.3,0.1,0.0,1.0,3.5,-21.58,True
1.06,0.03,0.99,0.3,0.1,0.25,0.75,3.42,-19.47,True
1.06,0.03,0.99,0.3,0.1,0.5,0.5,3.34,-17.33,True
1.06,0.03,0.99,0.3,0.1,0.75,0.25,3.25,-15.16,True
1.06,0.03,0.99,0.3,0.1,1.0,0.0,3.16,-12.95,True
1.06,0.03,0.99,0.3,0.2,0.0,1.0,4.64,-17.2,True
1.06,0.03,0.99,0.3,0.2,0.25,0.75,4.56,-15.25,True
1.06,0.03,0.99,0.3,0.2,0.5,0.5,4.48,-13.28,True
1.06,0.03,0.99,0.3,0.2,0.75,0.25,4.39,-11.27,True
1.06,0.03,0.99,0.3,0.2,1.0,0.0,4.29,-9.24,True
1.06,0.03,0.99,0.3,0.3,0.0,1.0,5.61,-12.74,True
1.06,0.03,0.99,0.3,0.3,0.25,0.75,5.52,-10.97,True
1.06,0.03,0.99,0.3,0.3,0.5,0.5,5.43,-9.17,True
1.06,0.03,0.99,0.3,0.3,0.75,0.25,5.34,-9.1,True
1.06,0.03,0.99,0.3,0.3,1.0,0.0,5.24,-9.53,True
1.06,0.03,0.99,0.4,0.0,0.0,1.0,3.18,-26.25,True
1.06,0.03,0.99,0.4,0.0,0.25,0.75,3.04,-23.97,True
1.06,0.03,0.99,0.4,0.0,0.5,0.5,2.89,-21.65,True
1.06,0.03,0.99,0.4,0.0,0.75,0.25,2.72,-19.28,True
1.06,0.03,0.99,0.4,0.0,1.0,0.0,2.54,-16.87,True
1.06,0.03,0.99,0.4,0.1,0.0,1.0,4.48,-21.57,True
1.06,0.03,0.99,0.4,0.1,0.25,0.75,4.34,-19.57,True
1.06,0.03,0.99,0.4,0.1,0.5,0.5,4.18,-17.52,True
1.06,0.03,0.99,0.4,0.1,0.75,0.25,4.02,-15.42,True
1.06,0.03,0.99,0.4,0.1,1.0,0.0,3.84,-13.25,True
1.06,0.03,0.99,0.4,0.2,0.0,1.0,5.63,-16.2,True
1.06,0.03,0.99,0.4,0.2,0.25,0.75,5.48,-14.39,True
1.06,0.03,0.99,0.4,0.2,0.5,0.5,5.32,-12.54,True
1.06,0.03,0.99,0.4,0.2,0.75,0.25,5.16,-10.64,True
1.06,0.03,0.99,0.4,0.2,1.0,0.0,4.98,-8.7,True
1.06,0.03,0.99,0.4,0.3,0.0,1.0,6.63,-10.73,True
1.06,0.03,0.99,0.4,0.3,0.25,0.75,6.47,-9.37,True
1.06,0.03,0.99,0.4,0.3,0.5,0.5,6.31,-8.72,True
1.06,0.03,0.99,0.4,0.3,0.75,0.25,6.13,-8.07,True
1.06,0.03,0.99,0.4,0.3,1.0,0.0,5.95,-8.46,True
1.06,0.03,1.0,0.1,0.0,0.0,1.0,0.45,-8.61,True
1.06,0.03,1.0,0.1,0.0,0.25,0.75,0.45,-7.78,True
1.06,0.03,1.0,0.1,0.0,0.5,0.5,0.44,-6.97,True
1.06,0.03,1.0,0.1,0.0,0.75,0.25,0.42,-6.15,True
1.06,0.03,1.0,0.1,0.0,1.0,0.0,0.41,-5.33,True
1.06,0.03,1.0,0.1,0.1,0.0,1.0,1.98,-6.44,True
1.06,0.03,1.0,0.1,0.1,0.25,0.75,1.98,-6.11,True
1.06,0.03,1.0,0.1,0.1,0.5,0.5,1.99,-6.17,True
1.06,0.03,1.0,0.1,0.1,0.75,0.25,1.99,-6.24,True
1.06,0.03,1.0,0.1,0.1,1.0,0.0,1.98,-6.3,True
1.06,0.03,1.0,0.1,0.2,0.0,1.0,3.14,-9.86,True
1.06,0.03,1.0,0.1,0.2,0.25,0.75,3.15,-9.95,True
1.06,0.03,1.0,0.1,0.2,0.5,0.5,3.16,-10.04,True
1.06,0.03,1.0,0.1,0.2,0.75,0.25,3.16,-10.13,True
1.06,0.03,1.0,0.1,0.2,1.0,0.0,3.17,-10.22,True
1.06,0.03,1.0,0.1,0.3,0.0,1.0,4.1,-12.43,True
1.06,0.03,1.0,0.1,0.3,0.25,0.75,4.11,-12.54,True
1.06,0.03,1.0,0.1,0.3,0.5,0.5,4.12,-12.65,True
1.06,0.03,1.0,0.1,0.3,0.75,0.25,4.13,-12.76,True
1.06,0.03,1.0,0.1,0.3,1.0,0.0,4.13,-12.88,True
1.06,0.03,1.0,0.2,0.0,0.0,1.0,0.77,-17.35,True
1.06,0.03,1.0,0.2,0.0,0.25,0.75,0.78,-15.69,True
1.06,0.03,1.0,0.2,0.0,0.5,0.5,0.78,-14.04,True
1.06,0.03,1.0,0.2,0.0,0.75,0.25,0.77,-12.38,True
1.06,0.03,1.0,0.2,0.0,1.0,0.0,0.76,-10.73,True
1.06,0.03,1.0,0.2,0.1,0.0,1.0,2.27,-15.44,True
1.06,0.03,1.0,0.2,0.1,0.25,0.75,2.28,-13.73,True
1.06,0.03,1.0,0.2,0.1,0.5,0.5,2.28,-12.03,True
1.06,0.03,1.0,0.2,0.1,0.75,0.25,2.28,-10.33,True
1.06,0.03,1.0,0.2,0.1,1.0,0.0,2.28,-8.63,True
1.06,0.03,1.0,0.2,0.2,0.0,1.0,3.48,-13.53,True
1.06,0.03,1.0,0.2,0.2,0.25,0.75,3.48,-11.78,True
1.06,0.03,1.0,0.2,0.2,0.5,0.5,3.48,-10.04,True
1.06,0.03,1.0,0.2,0.2,0.75,0.25,3.47,-8.99,True
1.06,0.03,1.0,0.2,0.2,1.0,0.0,3.46,-9.2,True
1.06,0.03,1.0,0.2,0.3,0.0,1.0,4.44,-11.64,True
1.06,0.03,1.0,0.2,0.3,0.25,0.75,4.44,-10.78,True
1.06,0.03,1.0,0.2,0.3,0.5,0.5,4.44,-11.03,True
1.06,0.03,1.0,0.2,0.3,0.75,0.25,4.43,-11.28,True
1.06,0.03,1.0,0.2,0.3,1.0,0.0,4.42,-11.54,True
1.06,0.03,1.0,0.3,0.0,0.0,1.0,1.32,-25.89,True
1.06,0.03,1.0,0.3,0.0,0.25,0.75,1.29,-23.63,True
1.06,0.03,1.0,0.3,0.0,0.5,0.5,1.27,-21.19,True
1.06,0.03,1.0,0.3,0.0,0.75,0.25,1.23,-18.69,True
1.06,0.03,1.0,0.3,0.0,1.0,0.0,1.19,-16.2,True
1.06,0.03,1.0,0.3,0.1,0.0,1.0,2.89,-21.58,True
1.06,0.03,1.0,0.3,0.1,0.25,0.75,2.86,-19.47,True
1.06,0.03,1.0,0.3,0.1,0.5,0.5,2.82,-17.33,True
1.06,0.03,1.0,0.3,0.1,0.75,0.25,2.77,-15.16,True
1.06,0.03,1.0,0.3,0.1,1.0,0.0,2.72,-12.95,True
1.06,0.03,1.0,0.3,0.2,0.0,1.0,4.11,-17.2,True
1.06,0.03,1.0,0.3,0.2,0.25,0.75,4.07,-15.25,True
1.06,0.03,1.0,0.3,0.2,0.5,0.5,4.02,-13.28,True
1.06,0.03,1.0,0.3,0.2,0.75,0.25,3.97,-11.27,True
1.06,0.03,1.0,0.3,0.2,1.0,0.0,3.91,-9.24,True
1.06,0.03,1.0,0.3,0.3,0.0,1.0,5.14,-12.74,True
1.06,0.03,1.0,0.3,0.3,0.25,0.75,5.09,-10.97,True
1.06,0.03,1.0,0.3,0.3,0.5,0.5,5.04,-9.71,True
1.06,0.03,1.0,0.3,0.3,0.75,0.25,4.98,-10.05,True
1.06,0.03,1.0,0.3,0.3,1.0,0.0,4.91,-10.42,True
1.06,0.03,1.0,0.4,0.0,0.0,1.0,2.32,-26.25,True
1.06,0.03,1.0,0.4,0.0,0.25,0.75,2.23,-23.97,True
1.06,0.03,1.0,0.4,0.0,0.5,0.5,2.13,-21.65,True
1.06,0.03,1.0,0.4,0.0,0.75,0.25,2.02,-19.28,True
1.06,0.03,1.0,0.4,0.0,1.0,0.0,1.9,-16.87,True
1.06,0.03,1.0,0.4,0.1,0.0,1.0,3.74,-21.57,True
1.06,0.03,1.0,0.4,0.1,0.25,0.75,3.64,-19.57,True
1.06,0.03,1.0,0.4,0.1,0.5,0.5,3.54,-17.52,True
1.06,0.03,1.0,0.4,0.1,0.75,0.25,3.43,-15.42,True
1.06,0.03,1.0,0.4,0.1,1.0,0.0,3.32,-13.25,True
1.06,0.03,1.0,0.4,0.2,0.0,1.0,4.98,-16.2,True
1.06,0.03,1.0,0.4,0.2,0.25,0.75,4.87,-14.39,True
1.06,0.03,1.0,0.4,0.2,0.5,0.5,4.76,-12.54,True
1.06,0.03,1.0,0.4,0.2,0.75,0.25,4.64,-10.64,True
1.06,0.03,1.0,0.4,0.2,1.0,0.0,4.52,-8.7,True
1.06,0.03,1.0,0.4,0.3,0.0,1.0,6.03,-10.73,True
1.06,0.03,1.0,0.4,0.3,0.25,0.75,5.91,-9.12,True
1.06,0.03,1.0,0.4,0.3,0.5,0.5,5.79,-8.6,True
1.06,0.03,1.0,0.4,0.3,0.75,0.25,5.67,-9.01,True
1.06,0.03,1.0,0.4,0.3,1.0,0.0,5.53,-9.44,True
1.06,0.03,1.01,0.1,0.0,0.0,1.0,0.73,-6.5,True
1.06,0.03,1.01,0.1,0.0,0.25,0.75,0.7,-5.84,True
1.06,0.03,1.01,0.1,0.0,0.5,0.5,0.67,-5.19,True
1.06,0.03,1.01,0.1,0.0,0.75,0.25,0.63,-4.54,True
1.06,0.03,1.01,0.1,0.0,1.0,0.0,0.59,-3.88,True
1.06,0.03,1.01,0.1,0.1,0.0,1.0,2.21,-5.76,True
1.06,0.03,1.01,0.1,0.1,0.25,0.75,2.19,-5.84,True
1.06,0.03,1.01,0.1,0.1,0.5,0.5,2.17,-5.91,True
1.06,0.03,1.01,0.1,0.1,0.75,0.25,2.15,-5.99,True
1.06,0.03,1.01,0.1,0.1,1.0,0.0,2.12,-6.07,True
1.06,0.03,1.01,0.1,0.2,0.0,1.0,3.35,-9.47,True
1.06,0.03,1.01,0.1,0.2,0.25,0.75,3.33,-9.57,True
1.06,0.03,1.01,0.1,0.2,0.5,0.5,3.32,-9.68,True
1.06,0.03,1.01,0.1,0.2,0.75,0.25,3.31,-9.8,True
1.06,0.03,1.01,0.1,0.2,1.0,0.0,3.29,-9.91,True
1.06,0.03,1.01,0.1,0.3,0.0,1.0,4.28,-12.04,True
1.06,0.03,1.01,0.1,0.3,0.25,0.75,4.27,-12.17,True
1.06,0.03,1.01,0.1,0.3,0.5,0.5,4.26,-12.3,True
1.06,0.03,1.01,0.1,0.3,0.75,0.25,4.25,-12.44,True
1.06,0.03,1.01,0.1,0.3,1.0,0.0,4.24,-12.57,True
1.06,0.03,1.01,0.2,0.0,0.0,1.0,1.31,-13.16,True
1.06,0.03,1.01,0.2,0.0,0.25,0.75,1.27,-11.83,True
1.06,0.03,1.01,0.2,0.0,0.5,0.5,1.22,-10.5,True
1.06,0.03,1.01,0.2,0.0,0.75,0.25,1.17,-9.17,True
1.06,0.03,1.01,0.2,0.0,1.0,0.0,1.12,-7.85,True
1.06,0.03,1.01,0.2,0.1,0.0,1.0,2.71,-11.15,True
1.06,0.03,1.01,0.2,0.1,0.25,0.75,2.67,-9.78,True
1.06,0.03,1.01,0.2,0.1,0.5,0.5,2.64,-8.42,True
1.06,0.03,1.01,0.2,0.1,0.75,0.25,2.6,-7.06,True
1.06,0.03,1.01,0.2,0.1,1.0,0.0,2.55,-5.7,True
1.06,0.03,1.01,0.2,0.2,0.0,1.0,3.86,-9.14,True
1.06,0.03,1.01,0.2,0.2,0.25,0.75,3.82,-8.2,True
1.06,0.03,1.01,0.2,0.2,0.5,0.5,3.78,-8.42,True
1.06,0.03,1.01,0.2,0.2,0.75,0.25,3.74,-8.64,True
1.06,0.03,1.01,0.2,0.2,1.0,0.0,3.69,-8.88,True
1.06,0.03,1.01,0.2,0.3,0.0,1.0,4.79,-10.12,True
1.06,0.03,1.01,0.2,0.3,0.25,0.75,4.75,-10.38,True
1.06,0.03,1.01,0.2,0.3,0.5,0.5,4.71,-10.64,True
1.06,0.03,1.01,0.2,0.3,0.75,0.25,4.67,-10.92,True
1.06,0.03,1.01,0.2,0.3,1.0,0.0,4.63,-11.21,True
1.06,0.03,1.01,0.3,0.0,0.0,1.0,2.05,-19.72,True
1.06,0.03,1.01,0.3,0.0,0.25,0.75,1.96,-17.88,True
1.06,0.03,1.01,0.3,0.0,0.5,0.5,1.87,-15.91,True
1.06,0.03,1.01,0.3,0.0,0.75,0.25,1.77,-13.9,True
1.06,0.03,1.01,0.3,0.0,1.0,0.0,1.67,-11.89,True
1.06,0.03,1.01,0.3,0.1,0.0,1.0,3.48,-15.88,True
1.06,0.03,1.01,0.3,0.1,0.25,0.75,3.39,-14.17,True
1.06,0.03,1.01,0.3,0.1,0.5,0.5,3.29,-12.44,True
1.06,0.03,1.01,0.3,0.1,0.75,0.25,3.19,-10.69,True
1.06,0.03,1.01,0.3,0.1,1.0,0.0,3.09,-8.91,True
1.06,0.03,1.01,0.3,0.2,0.0,1.0,4.6,-12.0,True
1.06,0.03,1.01,0.3,0.2,0.25,0.75,4.51,-10.43,True
1.06,0.03,1.01,0.3,0.2,0.5,0.5,4.41,-8.83,True
1.06,0.03,1.01,0.3,0.2,0.75,0.25,4.31,-7.54,True
1.06,0.03,1.01,0.3,0.2,1.0,0.0,4.21,-7.86,True
1.06,0.03,1.01,0.3,0.3,0.0,1.0,5.55,-8.61,True
1.06,0.03,1.01,0.3,0.3,0.25,0.75,5.46,-8.94,True
1.06,0.03,1.01,0.3,0.3,0.5,0.5,5.36,-9.29,True
1.06,0.03,1.01,0.3,0.3,0.75,0.25,5.26,-9.66,True
1.06,0.03,1.01,0.3,0.3,1.0,0.0,5.16,-10.06,True
1.06,0.03,1.01,0.4,0.0,0.0,1.0,3.09,-20.1,True
1.06,0.03,1.01,0.4,0.0,0.25,0.75,2.94,-18.24,True
1.06,0.03,1.01,0.4,0.0,0.5,0.5,2.77,-16.35,True
1.06,0.03,1.01,0.4,0.0,0.75,0.25,2.6,-14.42,True
1.06,0.03,1.01,0.4,0.0,1.0,0.0,2.41,-12.46,True
1.06,0.03,1.01,0.4,0.1,0.0,1.0,4.38,-15.85,True
1.06,0.03,1.01,0.4,0.1,0.25,0.75,4.22,-14.26,True
1.06,0.03,1.01,0.4,0.1,0.5,0.5,4.06,-12.62,True
1.06,0.03,1.01,0.4,0.1,0.75,0.25,3.89,-10.95,True
1.06,0.03,1.01,0.4,0.1,1.0,0.0,3.72,-9.21,True
1.06,0.03,1.01,0.4,0.2,0.0,1.0,5.51,-10.89,True
1.06,0.03,1.01,0.4,0.2,0.25,0.75,5.36,-9.47,True
1.06,0.03,1.01,0.4,0.2,0.5,0.5,5.19,-8.01,True
1.06,0.03,1.01,0.4,0.2,0.75,0.25,5.02,-6.66,True
1.06,0.03,1.01,0.4,0.2,1.0,0.0,4.85,-7.04,True
1.06,0.03,1.01,0.4,0.3,0.0,1.0,6.5,-7.39,True
1.06,0.03,1.01,0.4,0.3,0.25,0.75,6.33,-7.77,True
1.06,0.03,1.01,0.4,0.3,0.5,0.5,6.16,-8.17,True
1.06,0.03,1.01,0.4,0.3,0.75,0.25,5.99,-8.6,True
1.06,0.03,1.01,0.4,0.3,1.0,0.0,5.81,-9.06,True
1.06,0.03,1.02,0.1,0.0,0.0,1.0,0.57,-6.5,True
1.06,0.03,1.02,0.1,0.0,0.25,0.75,0.55,-5.84,True
1.06,0.03,1.02,0.1,0.0,0.5,0.5,0.52,-5.19,True
1.06,0.03,1.02,0.1,0.0,0.75,0.25,0.49,-4.54,True
1.06,0.03,1.02,0.1,0.0,1.0,0.0,0.46,-3.88,True
1.06,0.03,1.02,0.1,0.1,0.0,1.0,2.09,-5.96,True
1.06,0.03,1.02,0.1,0.1,0.25,0.75,2.08,-6.03,True
1.06,0.03,1.02,0.1,0.1,0.5,0.5,2.06,-6.09,True
1.06,0.03,1.02,0.1,0.1,0.75,0.25,2.04,-6.16,True
1.06,0.03,1.02,0.1,0.1,1.0,0.0,2.02,-6.23,True
1.06,0.03,1.02,0.1,0.2,0.0,1.0,3.25,-9.75,True
1.06,0.03,1.02,0.1,0.2,0.25,0.75,3.24,-9.84,True
1.06,0.03,1.02,0.1,0.2,0.5,0.5,3.23,-9.93,True
1.06,0.03,1.02,0.1,0.2,0.75,0.25,3.22,-10.03,True
1.06,0.03,1.02,0.1,0.2,1.0,0.0,3.21,-10.13,True
1.06,0.03,1.02,0.1,0.3,0.0,1.0,4.19,-12.37,True
1.06,0.03,1.02,0.1,0.3,0.25,0.75,4.18,-12.48,True
1.06,0.03,1.02,0.1,0.3,0.5,0.5,4.18,-12.6,True
1.06,0.03,1.02,0.1,0.3,0.75,0.25,4.17,-12.71,True
1.06,0.03,1.02,0.1,0.3,1.0,0.0,4.16,-12.83,True
1.06,0.03,1.02,0.2,0.0,0.0,1.0,0.97,-13.16,True
1.06,0.03,1.02,0.2,0.0,0.25,0.75,0.95,-11.83,True
1.06,0.03,1.02,0.2,0.0,0.5,0.5,0.92,-10.5,True
1.06,0.03,1.02,0.2,0.0,0.75,0.25,0.89,-9.17,True
1.06,0.03,1.02,0.2,0.0,1.0,0.0,0.85,-7.85,True
1.06,0.03,1.02,0.2,0.1,0.0,1.0,2.43,-11.15,True
1.06,0.03,1.02,0.2,0.1,0.25,0.75,2.41,-9.78,True
1.06,0.03,1.02,0.2,0.1,0.5,0.5,2.39,-8.42,True
1.06,0.03,1.02,0.2,0.1,0.75,0.25,2.36,-7.06,True
1.06,0.03,1.02,0.2,0.1,1.0,0.0,2.33,-5.76,True
1.06,0.03,1.02,0.2,0.2,0.0,1.0,3.62,-9.14,True
1.06,0.03,1.02,0.2,0.2,0.25,0.75,3.59,-8.74,True
1.06,0.03,1.02,0.2,0.2,0.5,0.5,3.57,-8.93,True
1.06,0.03,1.02,0.2,0.2,0.75,0.25,3.53,-9.13,True
1.06,0.03,1.02,0.2,0.2,1.0,0.0,3.5,-9.33,True
1.06,0.03,1.02,0.2,0.3,0.0,1.0,4.56,-10.79,True
1.06,0.03,1.02,0.2,0.3,0.25,0.75,4.54,-11.02,True
1.06,0.03,1.02,0.2,0.3,0.5,0.5,4.51,-11.25,True
1.06,0.03,1.02,0.2,0.3,0.75,0.25,4.48,-11.49,True
1.06,0.03,1.02,0.2,0.3,1.0,0.0,4.45,-11.75,True
1.06,0.03,1.02,0.3,0.0,0.0,1.0,1.48,-19.72,True
1.06,0.03,1.02,0.3,0.0,0.25,0.75,1.42,-17.88,True
1.06,0.03,1.02,0.3,0.0,0.5,0.5,1.36,-15.91,True
1.06,0.03,1.02,0.3,0.0,0.75,0.25,1.3,-13.9,True
1.06,0.03,1.02,0.3,0.0,1.0,0.0,1.23,-11.89,True
1.06,0.03,1.02,0.3,0.1,0.0,1.0,3.0,-15.88,True
1.06,0.03,1.02,0.3,0.1,0.25,0.75,2.94,-14.17,True
1.06,0.03,1.02,0.3,0.1,0.5,0.5,2.87,-12.44,True
1.06,0.03,1.02,0.3,0.1,0.75,0.25,2.8,-10.69,True
1.06,0.03,1.02,0.3,0.1,1.0,0.0,2.72,-8.91,True
1.06,0.03,1.02,0.3,0.2,0.0,1.0,4.16,-12.0,True
1.06,0.03,1.02,0.3,0.2,0.25,0.75,4.1,-10.43,True
1.06,0.03,1.02,0.3,0.2,0.5,0.5,4.03,-8.83,True
1.06,0.03,1.02,0.3,0.2,0.75,0.25,3.96,-8.25,True
1.06,0.03,1.02,0.3,0.2,1.0,0.0,3.88,-8.53,True
1.06,0.03,1.02,0.3,0.3,0.0,1.0,5.17,-9.58,True
1.06,0.03,1.02,0.3,0.3,0.25,0.75,5.1,-9.87,True
1.06,0.03,1.02,0.3,0.3,0.5,0.5,5.03,-10.18,True
1.06,0.03,1.02,0.3,0.3,0.75,0.25,4.95,-10.5,True
1.06,0.03,1.02,0.3,0.3,1.0,0.0,4.87,-10.85,True
1.06,0.03,1.02,0.4,0.0,0.0,1.0,2.28,-20.1,True
1.06,0.03,1.02,0.4,0.0,0.25,0.75,2.17,-18.24,True
1.06,0.03,1.02,0.4,0.0,0.5,0.5,2.06,-16.35,True
1.06,0.03,1.02,0.4,0.0,0.75,0.25,1.93,-14.42,True
1.06,0.03,1.02,0.4,0.0,1.0,0.0,1.8,-12.46,True
1.06,0.03,1.02,0.4,0.1,0.0,1.0,3.68,-15.85,True
1.06,0.03,1.02,0.4,0.1,0.25,0.75,3.57,-14.26,True
1.06,0.03,1.02,0.4,0.1,0.5,0.5,3.46,-12.62,True
1.06,0.03,1.02,0.4,0.1,0.75,0.25,3.33,-10.95,True
1.06,0.03,1.02,0.4,0.1,1.0,0.0,3.2,-9.21,True
1.06,0.03,1.02,0.4,0.2,0.0,1.0,4.9,-10.89,True
1.06,0.03,1.02,0.4,0.2,0.25,0.75,4.78,-9.47,True
1.06,0.03,1.02,0.4,0.2,0.5,0.5,4.66,-8.01,True
1.06,0.03,1.02,0.4,0.2,0.75,0.25,4.53,-7.55,True
1.06,0.03,1.02,0.4,0.2,1.0,0.0,4.4,-7.88,True
1.06,0.03,1.02,0.4,0.3,0.0,1.0,5.93,-8.59,True
1.06,0.03,1.02,0.4,0.3,0.25,0.75,5.81,-8.92,True
1.06,0.03,1.02,0.4,0.3,0.5,0.5,5.68,-9.27,True
1.06,0.03,1.02,0.4,0.3,0.75,0.25,5.54,-9.66,True
1.06,0.03,1.02,0.4,0.3,1.0,0.0,5.4,-10.07,True
